차종,제조사,모델명,국비 (만원),지방비 (만원),보조금 (만원),text,연도,행정구역
화물(초소형),스마트솔루션즈,D2C,600,250.0,850.0,2021년도 전기자동차 부산광역시 모델별 보조금,2021,부산광역시
화물(초소형),스마트솔루션즈,D2P,600,250.0,850.0,2021년도 전기자동차 부산광역시 모델별 보조금,2021,부산광역시
화물(초소형),루트17,다니고3,600,250.0,850.0,2021년도 전기자동차 부산광역시 모델별 보조금,2021,부산광역시
화물(초소형),루트17,다니고3 픽업,600,250.0,850.0,2021년도 전기자동차 부산광역시 모델별 보조금,2021,부산광역시
화물(초소형),마스타전기차,MASTA VAN,600,250.0,850.0,2021년도 전기자동차 부산광역시 모델별 보조금,2021,부산광역시
화물(초소형),마스타전기차,MASTA HIM,600,250.0,850.0,2021년도 전기자동차 부산광역시 모델별 보조금,2021,부산광역시
화물(초소형),디피코,(단종)포트로,600,250.0,850.0,2021년도 전기자동차 부산광역시 모델별 보조금,2021,부산광역시
화물(초소형),디피코,포트로-탑,600,250.0,850.0,2021년도 전기자동차 부산광역시 모델별 보조금,2021,부산광역시
화물(초소형),디피코,포트로-픽업,600,250.0,850.0,2021년도 전기자동차 부산광역시 모델별 보조금,2021,부산광역시
화물(초소형),디피코,포트로-탑S,600,250.0,850.0,2021년도 전기자동차 부산광역시 모델별 보조금,2021,부산광역시
화물(초소형),디피코,포트로-픽업S,600,250.0,850.0,2021년도 전기자동차 부산광역시 모델별 보조금,2021,부산광역시
화물(경형),파워프라자,라보ev PEACE,1100,500.0,1600.0,2021년도 전기자동차 부산광역시 모델별 보조금,2021,부산광역시
화물(소형),제인모터스,제인모터스칼마토EV1톤내장탑차,1600,500.0,2100.0,2021년도 전기자동차 부산광역시 모델별 보조금,2021,부산광역시
화물(소형),파워프라자,봉고3ev PEACE,1600,500.0,2100.0,2021년도 전기자동차 부산광역시 모델별 보조금,2021,부산광역시
화물(소형),파워프라자,봉고3ev PEACE 더블캡,1600,500.0,2100.0,2021년도 전기자동차 부산광역시 모델별 보조금,2021,부산광역시
화물(소형),현대자동차,포터Ⅱ 일렉트릭 특장차,1600,500.0,2100.0,2021년도 전기자동차 부산광역시 모델별 보조금,2021,부산광역시
화물(소형),현대자동차,포터Ⅱ 일렉트릭 파워게이트,1600,500.0,2100.0,2021년도 전기자동차 부산광역시 모델별 보조금,2021,부산광역시
화물(소형),현대자동차,포터Ⅱ 일렉트릭 내장탑차,1600,500.0,2100.0,2021년도 전기자동차 부산광역시 모델별 보조금,2021,부산광역시
화물(소형),현대자동차,포터Ⅱ 일렉트릭 내장탑저상,1600,500.0,2100.0,2021년도 전기자동차 부산광역시 모델별 보조금,2021,부산광역시
화물(소형),현대자동차,포터Ⅱ 일렉트릭 내장탑하이,1600,500.0,2100.0,2021년도 전기자동차 부산광역시 모델별 보조금,2021,부산광역시
화물(소형),현대자동차,포터Ⅱ 일렉트릭 냉동탑저상,1600,500.0,2100.0,2021년도 전기자동차 부산광역시 모델별 보조금,2021,부산광역시
화물(소형),현대자동차,포터Ⅱ 일렉트릭(24MY),1600,500.0,2100.0,2021년도 전기자동차 부산광역시 모델별 보조금,2021,부산광역시
화물(소형),기아,봉고 전기차,1600,500.0,2100.0,2021년도 전기자동차 부산광역시 모델별 보조금,2021,부산광역시
화물(소형),기아,봉고Ⅲ 전기차 특장차,1600,500.0,2100.0,2021년도 전기자동차 부산광역시 모델별 보조금,2021,부산광역시
화물(소형),기아,봉고Ⅲ 전기차 파워게이트 2단 알루미늄,1600,500.0,2100.0,2021년도 전기자동차 부산광역시 모델별 보조금,2021,부산광역시
화물(소형),기아,봉고Ⅲ 전기차 내장차,1600,500.0,2100.0,2021년도 전기자동차 부산광역시 모델별 보조금,2021,부산광역시
화물(소형),기아,봉고Ⅲ 전기차 저상 내장차,1600,500.0,2100.0,2021년도 전기자동차 부산광역시 모델별 보조금,2021,부산광역시
화물(소형),기아,봉고Ⅲ 전기차 플러스 내장차,1600,500.0,2100.0,2021년도 전기자동차 부산광역시 모델별 보조금,2021,부산광역시
화물(소형),일진정공,일진무시동전기냉동탑차(149.9km),2100,500.0,2600.0,2021년도 전기자동차 부산광역시 모델별 보조금,2021,부산광역시
화물(소형),일진정공,일진무시동전기냉동탑차(186.1km),2100,500.0,2600.0,2021년도 전기자동차 부산광역시 모델별 보조금,2021,부산광역시
화물(소형),코리아에어카고에이전시,LSEV,1600,500.0,2100.0,2021년도 전기자동차 부산광역시 모델별 보조금,2021,부산광역시
화물(소형),루트17,다니고밴,1600,500.0,2100.0,2021년도 전기자동차 부산광역시 모델별 보조금,2021,부산광역시
화물(소형),케이지모빌리티커머셜,SMART T1.0,1600,500.0,2100.0,2021년도 전기자동차 부산광역시 모델별 보조금,2021,부산광역시
화물(소형),한신자동차,플러스,1600,500.0,2100.0,2021년도 전기자동차 부산광역시 모델별 보조금,2021,부산광역시
화물(소형),한신자동차,플러스2.0,1600,500.0,2100.0,2021년도 전기자동차 부산광역시 모델별 보조금,2021,부산광역시
화물(소형),비바모빌리티,(단종)비바,1600,500.0,2100.0,2021년도 전기자동차 부산광역시 모델별 보조금,2021,부산광역시
화물(소형),비바모빌리티,젤라,1600,500.0,2100.0,2021년도 전기자동차 부산광역시 모델별 보조금,2021,부산광역시
화물(초소형),스마트솔루션즈,D2C,600,250.0,850.0,2021년도 전기자동차 대구광역시 모델별 보조금,2021,대구광역시
화물(초소형),스마트솔루션즈,D2P,600,250.0,850.0,2021년도 전기자동차 대구광역시 모델별 보조금,2021,대구광역시
화물(초소형),루트17,다니고3,600,250.0,850.0,2021년도 전기자동차 대구광역시 모델별 보조금,2021,대구광역시
화물(초소형),루트17,다니고3 픽업,600,250.0,850.0,2021년도 전기자동차 대구광역시 모델별 보조금,2021,대구광역시
화물(초소형),마스타전기차,MASTA VAN,600,250.0,850.0,2021년도 전기자동차 대구광역시 모델별 보조금,2021,대구광역시
화물(초소형),마스타전기차,MASTA HIM,600,250.0,850.0,2021년도 전기자동차 대구광역시 모델별 보조금,2021,대구광역시
화물(초소형),디피코,(단종)포트로,600,250.0,850.0,2021년도 전기자동차 대구광역시 모델별 보조금,2021,대구광역시
화물(초소형),디피코,포트로-탑,600,250.0,850.0,2021년도 전기자동차 대구광역시 모델별 보조금,2021,대구광역시
화물(초소형),디피코,포트로-픽업,600,250.0,850.0,2021년도 전기자동차 대구광역시 모델별 보조금,2021,대구광역시
화물(초소형),디피코,포트로-탑S,600,250.0,850.0,2021년도 전기자동차 대구광역시 모델별 보조금,2021,대구광역시
화물(초소형),디피코,포트로-픽업S,600,250.0,850.0,2021년도 전기자동차 대구광역시 모델별 보조금,2021,대구광역시
화물(경형),파워프라자,라보ev PEACE,1100,450.0,1550.0,2021년도 전기자동차 대구광역시 모델별 보조금,2021,대구광역시
화물(소형),제인모터스,제인모터스칼마토EV1톤내장탑차,1600,800.0,2400.0,2021년도 전기자동차 대구광역시 모델별 보조금,2021,대구광역시
화물(소형),파워프라자,봉고3ev PEACE,1600,450.0,2050.0,2021년도 전기자동차 대구광역시 모델별 보조금,2021,대구광역시
화물(소형),파워프라자,봉고3ev PEACE 더블캡,1600,450.0,2050.0,2021년도 전기자동차 대구광역시 모델별 보조금,2021,대구광역시
화물(소형),현대자동차,포터Ⅱ 일렉트릭 특장차,1600,450.0,2050.0,2021년도 전기자동차 대구광역시 모델별 보조금,2021,대구광역시
화물(소형),현대자동차,포터Ⅱ 일렉트릭 파워게이트,1600,450.0,2050.0,2021년도 전기자동차 대구광역시 모델별 보조금,2021,대구광역시
화물(소형),현대자동차,포터Ⅱ 일렉트릭 내장탑차,1600,450.0,2050.0,2021년도 전기자동차 대구광역시 모델별 보조금,2021,대구광역시
화물(소형),현대자동차,포터Ⅱ 일렉트릭 내장탑저상,1600,450.0,2050.0,2021년도 전기자동차 대구광역시 모델별 보조금,2021,대구광역시
화물(소형),현대자동차,포터Ⅱ 일렉트릭 내장탑하이,1600,450.0,2050.0,2021년도 전기자동차 대구광역시 모델별 보조금,2021,대구광역시
화물(소형),현대자동차,포터Ⅱ 일렉트릭 냉동탑저상,1600,450.0,2050.0,2021년도 전기자동차 대구광역시 모델별 보조금,2021,대구광역시
화물(소형),현대자동차,포터Ⅱ 일렉트릭(24MY),1600,450.0,2050.0,2021년도 전기자동차 대구광역시 모델별 보조금,2021,대구광역시
화물(소형),기아,봉고 전기차,1600,450.0,2050.0,2021년도 전기자동차 대구광역시 모델별 보조금,2021,대구광역시
화물(소형),기아,봉고Ⅲ 전기차 특장차,1600,450.0,2050.0,2021년도 전기자동차 대구광역시 모델별 보조금,2021,대구광역시
화물(소형),기아,봉고Ⅲ 전기차 파워게이트 2단 알루미늄,1600,450.0,2050.0,2021년도 전기자동차 대구광역시 모델별 보조금,2021,대구광역시
화물(소형),기아,봉고Ⅲ 전기차 내장차,1600,450.0,2050.0,2021년도 전기자동차 대구광역시 모델별 보조금,2021,대구광역시
화물(소형),기아,봉고Ⅲ 전기차 저상 내장차,1600,450.0,2050.0,2021년도 전기자동차 대구광역시 모델별 보조금,2021,대구광역시
화물(소형),기아,봉고Ⅲ 전기차 플러스 내장차,1600,450.0,2050.0,2021년도 전기자동차 대구광역시 모델별 보조금,2021,대구광역시
화물(소형),일진정공,일진무시동전기냉동탑차(149.9km),2100,450.0,2550.0,2021년도 전기자동차 대구광역시 모델별 보조금,2021,대구광역시
화물(소형),일진정공,일진무시동전기냉동탑차(186.1km),2100,450.0,2550.0,2021년도 전기자동차 대구광역시 모델별 보조금,2021,대구광역시
화물(소형),코리아에어카고에이전시,LSEV,1600,450.0,2050.0,2021년도 전기자동차 대구광역시 모델별 보조금,2021,대구광역시
화물(소형),루트17,다니고밴,1600,450.0,2050.0,2021년도 전기자동차 대구광역시 모델별 보조금,2021,대구광역시
화물(소형),케이지모빌리티커머셜,SMART T1.0,1600,450.0,2050.0,2021년도 전기자동차 대구광역시 모델별 보조금,2021,대구광역시
화물(소형),한신자동차,플러스,1600,450.0,2050.0,2021년도 전기자동차 대구광역시 모델별 보조금,2021,대구광역시
화물(소형),한신자동차,플러스2.0,1600,450.0,2050.0,2021년도 전기자동차 대구광역시 모델별 보조금,2021,대구광역시
화물(소형),비바모빌리티,(단종)비바,1600,450.0,2050.0,2021년도 전기자동차 대구광역시 모델별 보조금,2021,대구광역시
화물(소형),비바모빌리티,젤라,1600,450.0,2050.0,2021년도 전기자동차 대구광역시 모델별 보조금,2021,대구광역시
화물(초소형),스마트솔루션즈,D2C,600,300.0,900.0,2021년도 전기자동차 인천광역시 모델별 보조금,2021,인천광역시
화물(초소형),스마트솔루션즈,D2P,600,300.0,900.0,2021년도 전기자동차 인천광역시 모델별 보조금,2021,인천광역시
화물(초소형),루트17,다니고3,600,300.0,900.0,2021년도 전기자동차 인천광역시 모델별 보조금,2021,인천광역시
화물(초소형),루트17,다니고3 픽업,600,300.0,900.0,2021년도 전기자동차 인천광역시 모델별 보조금,2021,인천광역시
화물(초소형),마스타전기차,MASTA VAN,600,300.0,900.0,2021년도 전기자동차 인천광역시 모델별 보조금,2021,인천광역시
화물(초소형),마스타전기차,MASTA HIM,600,300.0,900.0,2021년도 전기자동차 인천광역시 모델별 보조금,2021,인천광역시
화물(초소형),디피코,(단종)포트로,600,300.0,900.0,2021년도 전기자동차 인천광역시 모델별 보조금,2021,인천광역시
화물(초소형),디피코,포트로-탑,600,300.0,900.0,2021년도 전기자동차 인천광역시 모델별 보조금,2021,인천광역시
화물(초소형),디피코,포트로-픽업,600,300.0,900.0,2021년도 전기자동차 인천광역시 모델별 보조금,2021,인천광역시
화물(초소형),디피코,포트로-탑S,600,300.0,900.0,2021년도 전기자동차 인천광역시 모델별 보조금,2021,인천광역시
화물(초소형),디피코,포트로-픽업S,600,300.0,900.0,2021년도 전기자동차 인천광역시 모델별 보조금,2021,인천광역시
화물(경형),파워프라자,라보ev PEACE,1100,500.0,1600.0,2021년도 전기자동차 인천광역시 모델별 보조금,2021,인천광역시
화물(소형),제인모터스,제인모터스칼마토EV1톤내장탑차,1600,600.0,2200.0,2021년도 전기자동차 인천광역시 모델별 보조금,2021,인천광역시
화물(소형),파워프라자,봉고3ev PEACE,1600,600.0,2200.0,2021년도 전기자동차 인천광역시 모델별 보조금,2021,인천광역시
화물(소형),파워프라자,봉고3ev PEACE 더블캡,1600,600.0,2200.0,2021년도 전기자동차 인천광역시 모델별 보조금,2021,인천광역시
화물(소형),현대자동차,포터Ⅱ 일렉트릭 특장차,1600,600.0,2200.0,2021년도 전기자동차 인천광역시 모델별 보조금,2021,인천광역시
화물(소형),현대자동차,포터Ⅱ 일렉트릭 파워게이트,1600,600.0,2200.0,2021년도 전기자동차 인천광역시 모델별 보조금,2021,인천광역시
화물(소형),현대자동차,포터Ⅱ 일렉트릭 내장탑차,1600,600.0,2200.0,2021년도 전기자동차 인천광역시 모델별 보조금,2021,인천광역시
화물(소형),현대자동차,포터Ⅱ 일렉트릭 내장탑저상,1600,600.0,2200.0,2021년도 전기자동차 인천광역시 모델별 보조금,2021,인천광역시
화물(소형),현대자동차,포터Ⅱ 일렉트릭 내장탑하이,1600,600.0,2200.0,2021년도 전기자동차 인천광역시 모델별 보조금,2021,인천광역시
화물(소형),현대자동차,포터Ⅱ 일렉트릭 냉동탑저상,1600,600.0,2200.0,2021년도 전기자동차 인천광역시 모델별 보조금,2021,인천광역시
화물(소형),현대자동차,포터Ⅱ 일렉트릭(24MY),1600,600.0,2200.0,2021년도 전기자동차 인천광역시 모델별 보조금,2021,인천광역시
화물(소형),기아,봉고 전기차,1600,600.0,2200.0,2021년도 전기자동차 인천광역시 모델별 보조금,2021,인천광역시
화물(소형),기아,봉고Ⅲ 전기차 특장차,1600,600.0,2200.0,2021년도 전기자동차 인천광역시 모델별 보조금,2021,인천광역시
화물(소형),기아,봉고Ⅲ 전기차 파워게이트 2단 알루미늄,1600,600.0,2200.0,2021년도 전기자동차 인천광역시 모델별 보조금,2021,인천광역시
화물(소형),기아,봉고Ⅲ 전기차 내장차,1600,600.0,2200.0,2021년도 전기자동차 인천광역시 모델별 보조금,2021,인천광역시
화물(소형),기아,봉고Ⅲ 전기차 저상 내장차,1600,600.0,2200.0,2021년도 전기자동차 인천광역시 모델별 보조금,2021,인천광역시
화물(소형),기아,봉고Ⅲ 전기차 플러스 내장차,1600,600.0,2200.0,2021년도 전기자동차 인천광역시 모델별 보조금,2021,인천광역시
화물(소형),일진정공,일진무시동전기냉동탑차(149.9km),2100,780.0,2880.0,2021년도 전기자동차 인천광역시 모델별 보조금,2021,인천광역시
화물(소형),일진정공,일진무시동전기냉동탑차(186.1km),2100,780.0,2880.0,2021년도 전기자동차 인천광역시 모델별 보조금,2021,인천광역시
화물(소형),코리아에어카고에이전시,LSEV,1600,600.0,2200.0,2021년도 전기자동차 인천광역시 모델별 보조금,2021,인천광역시
화물(소형),루트17,다니고밴,1600,600.0,2200.0,2021년도 전기자동차 인천광역시 모델별 보조금,2021,인천광역시
화물(소형),케이지모빌리티커머셜,SMART T1.0,1600,600.0,2200.0,2021년도 전기자동차 인천광역시 모델별 보조금,2021,인천광역시
화물(소형),한신자동차,플러스,1600,600.0,2200.0,2021년도 전기자동차 인천광역시 모델별 보조금,2021,인천광역시
화물(소형),한신자동차,플러스2.0,1600,600.0,2200.0,2021년도 전기자동차 인천광역시 모델별 보조금,2021,인천광역시
화물(소형),비바모빌리티,(단종)비바,1600,600.0,2200.0,2021년도 전기자동차 인천광역시 모델별 보조금,2021,인천광역시
화물(소형),비바모빌리티,젤라,1600,600.0,2200.0,2021년도 전기자동차 인천광역시 모델별 보조금,2021,인천광역시
화물(초소형),스마트솔루션즈,D2C,600,300.0,900.0,2021년도 전기자동차 광주광역시 모델별 보조금,2021,광주광역시
화물(초소형),스마트솔루션즈,D2P,600,300.0,900.0,2021년도 전기자동차 광주광역시 모델별 보조금,2021,광주광역시
화물(초소형),루트17,다니고3,600,300.0,900.0,2021년도 전기자동차 광주광역시 모델별 보조금,2021,광주광역시
화물(초소형),루트17,다니고3 픽업,600,300.0,900.0,2021년도 전기자동차 광주광역시 모델별 보조금,2021,광주광역시
화물(초소형),마스타전기차,MASTA VAN,600,300.0,900.0,2021년도 전기자동차 광주광역시 모델별 보조금,2021,광주광역시
화물(초소형),마스타전기차,MASTA HIM,600,300.0,900.0,2021년도 전기자동차 광주광역시 모델별 보조금,2021,광주광역시
화물(초소형),디피코,(단종)포트로,600,300.0,900.0,2021년도 전기자동차 광주광역시 모델별 보조금,2021,광주광역시
화물(초소형),디피코,포트로-탑,600,300.0,900.0,2021년도 전기자동차 광주광역시 모델별 보조금,2021,광주광역시
화물(초소형),디피코,포트로-픽업,600,300.0,900.0,2021년도 전기자동차 광주광역시 모델별 보조금,2021,광주광역시
화물(초소형),디피코,포트로-탑S,600,300.0,900.0,2021년도 전기자동차 광주광역시 모델별 보조금,2021,광주광역시
화물(초소형),디피코,포트로-픽업S,600,300.0,900.0,2021년도 전기자동차 광주광역시 모델별 보조금,2021,광주광역시
화물(경형),파워프라자,라보ev PEACE,1100,400.0,1500.0,2021년도 전기자동차 광주광역시 모델별 보조금,2021,광주광역시
화물(소형),제인모터스,제인모터스칼마토EV1톤내장탑차,1600,500.0,2100.0,2021년도 전기자동차 광주광역시 모델별 보조금,2021,광주광역시
화물(소형),파워프라자,봉고3ev PEACE,1600,500.0,2100.0,2021년도 전기자동차 광주광역시 모델별 보조금,2021,광주광역시
화물(소형),파워프라자,봉고3ev PEACE 더블캡,1600,500.0,2100.0,2021년도 전기자동차 광주광역시 모델별 보조금,2021,광주광역시
화물(소형),현대자동차,포터Ⅱ 일렉트릭 특장차,1600,500.0,2100.0,2021년도 전기자동차 광주광역시 모델별 보조금,2021,광주광역시
화물(소형),현대자동차,포터Ⅱ 일렉트릭 파워게이트,1600,500.0,2100.0,2021년도 전기자동차 광주광역시 모델별 보조금,2021,광주광역시
화물(소형),현대자동차,포터Ⅱ 일렉트릭 내장탑차,1600,500.0,2100.0,2021년도 전기자동차 광주광역시 모델별 보조금,2021,광주광역시
화물(소형),현대자동차,포터Ⅱ 일렉트릭 내장탑저상,1600,500.0,2100.0,2021년도 전기자동차 광주광역시 모델별 보조금,2021,광주광역시
화물(소형),현대자동차,포터Ⅱ 일렉트릭 내장탑하이,1600,500.0,2100.0,2021년도 전기자동차 광주광역시 모델별 보조금,2021,광주광역시
화물(소형),현대자동차,포터Ⅱ 일렉트릭 냉동탑저상,1600,500.0,2100.0,2021년도 전기자동차 광주광역시 모델별 보조금,2021,광주광역시
화물(소형),현대자동차,포터Ⅱ 일렉트릭(24MY),1600,500.0,2100.0,2021년도 전기자동차 광주광역시 모델별 보조금,2021,광주광역시
화물(소형),기아,봉고 전기차,1600,500.0,2100.0,2021년도 전기자동차 광주광역시 모델별 보조금,2021,광주광역시
화물(소형),기아,봉고Ⅲ 전기차 특장차,1600,500.0,2100.0,2021년도 전기자동차 광주광역시 모델별 보조금,2021,광주광역시
화물(소형),기아,봉고Ⅲ 전기차 파워게이트 2단 알루미늄,1600,500.0,2100.0,2021년도 전기자동차 광주광역시 모델별 보조금,2021,광주광역시
화물(소형),기아,봉고Ⅲ 전기차 내장차,1600,500.0,2100.0,2021년도 전기자동차 광주광역시 모델별 보조금,2021,광주광역시
화물(소형),기아,봉고Ⅲ 전기차 저상 내장차,1600,500.0,2100.0,2021년도 전기자동차 광주광역시 모델별 보조금,2021,광주광역시
화물(소형),기아,봉고Ⅲ 전기차 플러스 내장차,1600,500.0,2100.0,2021년도 전기자동차 광주광역시 모델별 보조금,2021,광주광역시
화물(소형),일진정공,일진무시동전기냉동탑차(149.9km),2100,500.0,2600.0,2021년도 전기자동차 광주광역시 모델별 보조금,2021,광주광역시
화물(소형),일진정공,일진무시동전기냉동탑차(186.1km),2100,500.0,2600.0,2021년도 전기자동차 광주광역시 모델별 보조금,2021,광주광역시
화물(소형),코리아에어카고에이전시,LSEV,1600,500.0,2100.0,2021년도 전기자동차 광주광역시 모델별 보조금,2021,광주광역시
화물(소형),루트17,다니고밴,1600,500.0,2100.0,2021년도 전기자동차 광주광역시 모델별 보조금,2021,광주광역시
화물(소형),케이지모빌리티커머셜,SMART T1.0,1600,500.0,2100.0,2021년도 전기자동차 광주광역시 모델별 보조금,2021,광주광역시
화물(소형),한신자동차,플러스,1600,500.0,2100.0,2021년도 전기자동차 광주광역시 모델별 보조금,2021,광주광역시
화물(소형),한신자동차,플러스2.0,1600,500.0,2100.0,2021년도 전기자동차 광주광역시 모델별 보조금,2021,광주광역시
화물(소형),비바모빌리티,(단종)비바,1600,500.0,2100.0,2021년도 전기자동차 광주광역시 모델별 보조금,2021,광주광역시
화물(소형),비바모빌리티,젤라,1600,500.0,2100.0,2021년도 전기자동차 광주광역시 모델별 보조금,2021,광주광역시
화물(초소형),스마트솔루션즈,D2C,600,300.0,900.0,2021년도 전기자동차 대전광역시 모델별 보조금,2021,대전광역시
화물(초소형),스마트솔루션즈,D2P,600,300.0,900.0,2021년도 전기자동차 대전광역시 모델별 보조금,2021,대전광역시
화물(초소형),루트17,다니고3,600,300.0,900.0,2021년도 전기자동차 대전광역시 모델별 보조금,2021,대전광역시
화물(초소형),루트17,다니고3 픽업,600,300.0,900.0,2021년도 전기자동차 대전광역시 모델별 보조금,2021,대전광역시
화물(초소형),마스타전기차,MASTA VAN,600,300.0,900.0,2021년도 전기자동차 대전광역시 모델별 보조금,2021,대전광역시
화물(초소형),마스타전기차,MASTA HIM,600,300.0,900.0,2021년도 전기자동차 대전광역시 모델별 보조금,2021,대전광역시
화물(초소형),디피코,(단종)포트로,600,300.0,900.0,2021년도 전기자동차 대전광역시 모델별 보조금,2021,대전광역시
화물(초소형),디피코,포트로-탑,600,300.0,900.0,2021년도 전기자동차 대전광역시 모델별 보조금,2021,대전광역시
화물(초소형),디피코,포트로-픽업,600,300.0,900.0,2021년도 전기자동차 대전광역시 모델별 보조금,2021,대전광역시
화물(초소형),디피코,포트로-탑S,600,300.0,900.0,2021년도 전기자동차 대전광역시 모델별 보조금,2021,대전광역시
화물(초소형),디피코,포트로-픽업S,600,300.0,900.0,2021년도 전기자동차 대전광역시 모델별 보조금,2021,대전광역시
화물(경형),파워프라자,라보ev PEACE,1100,550.0,1650.0,2021년도 전기자동차 대전광역시 모델별 보조금,2021,대전광역시
화물(소형),제인모터스,제인모터스칼마토EV1톤내장탑차,1600,800.0,2400.0,2021년도 전기자동차 대전광역시 모델별 보조금,2021,대전광역시
화물(소형),파워프라자,봉고3ev PEACE,1600,800.0,2400.0,2021년도 전기자동차 대전광역시 모델별 보조금,2021,대전광역시
화물(소형),파워프라자,봉고3ev PEACE 더블캡,1600,800.0,2400.0,2021년도 전기자동차 대전광역시 모델별 보조금,2021,대전광역시
화물(소형),현대자동차,포터Ⅱ 일렉트릭 특장차,1600,800.0,2400.0,2021년도 전기자동차 대전광역시 모델별 보조금,2021,대전광역시
화물(소형),현대자동차,포터Ⅱ 일렉트릭 파워게이트,1600,800.0,2400.0,2021년도 전기자동차 대전광역시 모델별 보조금,2021,대전광역시
화물(소형),현대자동차,포터Ⅱ 일렉트릭 내장탑차,1600,800.0,2400.0,2021년도 전기자동차 대전광역시 모델별 보조금,2021,대전광역시
화물(소형),현대자동차,포터Ⅱ 일렉트릭 내장탑저상,1600,800.0,2400.0,2021년도 전기자동차 대전광역시 모델별 보조금,2021,대전광역시
화물(소형),현대자동차,포터Ⅱ 일렉트릭 내장탑하이,1600,800.0,2400.0,2021년도 전기자동차 대전광역시 모델별 보조금,2021,대전광역시
화물(소형),현대자동차,포터Ⅱ 일렉트릭 냉동탑저상,1600,800.0,2400.0,2021년도 전기자동차 대전광역시 모델별 보조금,2021,대전광역시
화물(소형),현대자동차,포터Ⅱ 일렉트릭(24MY),1600,800.0,2400.0,2021년도 전기자동차 대전광역시 모델별 보조금,2021,대전광역시
화물(소형),기아,봉고 전기차,1600,800.0,2400.0,2021년도 전기자동차 대전광역시 모델별 보조금,2021,대전광역시
화물(소형),기아,봉고Ⅲ 전기차 특장차,1600,800.0,2400.0,2021년도 전기자동차 대전광역시 모델별 보조금,2021,대전광역시
화물(소형),기아,봉고Ⅲ 전기차 파워게이트 2단 알루미늄,1600,800.0,2400.0,2021년도 전기자동차 대전광역시 모델별 보조금,2021,대전광역시
화물(소형),기아,봉고Ⅲ 전기차 내장차,1600,800.0,2400.0,2021년도 전기자동차 대전광역시 모델별 보조금,2021,대전광역시
화물(소형),기아,봉고Ⅲ 전기차 저상 내장차,1600,800.0,2400.0,2021년도 전기자동차 대전광역시 모델별 보조금,2021,대전광역시
화물(소형),기아,봉고Ⅲ 전기차 플러스 내장차,1600,800.0,2400.0,2021년도 전기자동차 대전광역시 모델별 보조금,2021,대전광역시
화물(소형),일진정공,일진무시동전기냉동탑차(149.9km),2100,1050.0,3150.0,2021년도 전기자동차 대전광역시 모델별 보조금,2021,대전광역시
화물(소형),일진정공,일진무시동전기냉동탑차(186.1km),2100,1050.0,3150.0,2021년도 전기자동차 대전광역시 모델별 보조금,2021,대전광역시
화물(소형),코리아에어카고에이전시,LSEV,1600,800.0,2400.0,2021년도 전기자동차 대전광역시 모델별 보조금,2021,대전광역시
화물(소형),루트17,다니고밴,1600,800.0,2400.0,2021년도 전기자동차 대전광역시 모델별 보조금,2021,대전광역시
화물(소형),케이지모빌리티커머셜,SMART T1.0,1600,800.0,2400.0,2021년도 전기자동차 대전광역시 모델별 보조금,2021,대전광역시
화물(소형),한신자동차,플러스,1600,800.0,2400.0,2021년도 전기자동차 대전광역시 모델별 보조금,2021,대전광역시
화물(소형),한신자동차,플러스2.0,1600,800.0,2400.0,2021년도 전기자동차 대전광역시 모델별 보조금,2021,대전광역시
화물(소형),비바모빌리티,(단종)비바,1600,800.0,2400.0,2021년도 전기자동차 대전광역시 모델별 보조금,2021,대전광역시
화물(소형),비바모빌리티,젤라,1600,800.0,2400.0,2021년도 전기자동차 대전광역시 모델별 보조금,2021,대전광역시
화물(초소형),스마트솔루션즈,D2C,600,300.0,900.0,2021년도 전기자동차 울산광역시 모델별 보조금,2021,울산광역시
화물(초소형),스마트솔루션즈,D2P,600,300.0,900.0,2021년도 전기자동차 울산광역시 모델별 보조금,2021,울산광역시
화물(초소형),루트17,다니고3,600,300.0,900.0,2021년도 전기자동차 울산광역시 모델별 보조금,2021,울산광역시
화물(초소형),루트17,다니고3 픽업,600,300.0,900.0,2021년도 전기자동차 울산광역시 모델별 보조금,2021,울산광역시
화물(초소형),마스타전기차,MASTA VAN,600,300.0,900.0,2021년도 전기자동차 울산광역시 모델별 보조금,2021,울산광역시
화물(초소형),마스타전기차,MASTA HIM,600,300.0,900.0,2021년도 전기자동차 울산광역시 모델별 보조금,2021,울산광역시
화물(초소형),디피코,(단종)포트로,600,300.0,900.0,2021년도 전기자동차 울산광역시 모델별 보조금,2021,울산광역시
화물(초소형),디피코,포트로-탑,600,300.0,900.0,2021년도 전기자동차 울산광역시 모델별 보조금,2021,울산광역시
화물(초소형),디피코,포트로-픽업,600,300.0,900.0,2021년도 전기자동차 울산광역시 모델별 보조금,2021,울산광역시
화물(초소형),디피코,포트로-탑S,600,300.0,900.0,2021년도 전기자동차 울산광역시 모델별 보조금,2021,울산광역시
화물(초소형),디피코,포트로-픽업S,600,300.0,900.0,2021년도 전기자동차 울산광역시 모델별 보조금,2021,울산광역시
화물(경형),파워프라자,라보ev PEACE,1100,550.0,1650.0,2021년도 전기자동차 울산광역시 모델별 보조금,2021,울산광역시
화물(소형),제인모터스,제인모터스칼마토EV1톤내장탑차,1600,550.0,2150.0,2021년도 전기자동차 울산광역시 모델별 보조금,2021,울산광역시
화물(소형),파워프라자,봉고3ev PEACE,1600,550.0,2150.0,2021년도 전기자동차 울산광역시 모델별 보조금,2021,울산광역시
화물(소형),파워프라자,봉고3ev PEACE 더블캡,1600,550.0,2150.0,2021년도 전기자동차 울산광역시 모델별 보조금,2021,울산광역시
화물(소형),현대자동차,포터Ⅱ 일렉트릭 특장차,1600,550.0,2150.0,2021년도 전기자동차 울산광역시 모델별 보조금,2021,울산광역시
화물(소형),현대자동차,포터Ⅱ 일렉트릭 파워게이트,1600,550.0,2150.0,2021년도 전기자동차 울산광역시 모델별 보조금,2021,울산광역시
화물(소형),현대자동차,포터Ⅱ 일렉트릭 내장탑차,1600,550.0,2150.0,2021년도 전기자동차 울산광역시 모델별 보조금,2021,울산광역시
화물(소형),현대자동차,포터Ⅱ 일렉트릭 내장탑저상,1600,550.0,2150.0,2021년도 전기자동차 울산광역시 모델별 보조금,2021,울산광역시
화물(소형),현대자동차,포터Ⅱ 일렉트릭 내장탑하이,1600,550.0,2150.0,2021년도 전기자동차 울산광역시 모델별 보조금,2021,울산광역시
화물(소형),현대자동차,포터Ⅱ 일렉트릭 냉동탑저상,1600,550.0,2150.0,2021년도 전기자동차 울산광역시 모델별 보조금,2021,울산광역시
화물(소형),현대자동차,포터Ⅱ 일렉트릭(24MY),1600,550.0,2150.0,2021년도 전기자동차 울산광역시 모델별 보조금,2021,울산광역시
화물(소형),기아,봉고 전기차,1600,550.0,2150.0,2021년도 전기자동차 울산광역시 모델별 보조금,2021,울산광역시
화물(소형),기아,봉고Ⅲ 전기차 특장차,1600,550.0,2150.0,2021년도 전기자동차 울산광역시 모델별 보조금,2021,울산광역시
화물(소형),기아,봉고Ⅲ 전기차 파워게이트 2단 알루미늄,1600,550.0,2150.0,2021년도 전기자동차 울산광역시 모델별 보조금,2021,울산광역시
화물(소형),기아,봉고Ⅲ 전기차 내장차,1600,550.0,2150.0,2021년도 전기자동차 울산광역시 모델별 보조금,2021,울산광역시
화물(소형),기아,봉고Ⅲ 전기차 저상 내장차,1600,550.0,2150.0,2021년도 전기자동차 울산광역시 모델별 보조금,2021,울산광역시
화물(소형),기아,봉고Ⅲ 전기차 플러스 내장차,1600,550.0,2150.0,2021년도 전기자동차 울산광역시 모델별 보조금,2021,울산광역시
화물(소형),일진정공,일진무시동전기냉동탑차(149.9km),2100,550.0,2650.0,2021년도 전기자동차 울산광역시 모델별 보조금,2021,울산광역시
화물(소형),일진정공,일진무시동전기냉동탑차(186.1km),2100,550.0,2650.0,2021년도 전기자동차 울산광역시 모델별 보조금,2021,울산광역시
화물(소형),코리아에어카고에이전시,LSEV,1600,550.0,2150.0,2021년도 전기자동차 울산광역시 모델별 보조금,2021,울산광역시
화물(소형),루트17,다니고밴,1600,550.0,2150.0,2021년도 전기자동차 울산광역시 모델별 보조금,2021,울산광역시
화물(소형),케이지모빌리티커머셜,SMART T1.0,1600,550.0,2150.0,2021년도 전기자동차 울산광역시 모델별 보조금,2021,울산광역시
화물(소형),한신자동차,플러스,1600,550.0,2150.0,2021년도 전기자동차 울산광역시 모델별 보조금,2021,울산광역시
화물(소형),한신자동차,플러스2.0,1600,550.0,2150.0,2021년도 전기자동차 울산광역시 모델별 보조금,2021,울산광역시
화물(소형),비바모빌리티,(단종)비바,1600,550.0,2150.0,2021년도 전기자동차 울산광역시 모델별 보조금,2021,울산광역시
화물(소형),비바모빌리티,젤라,1600,550.0,2150.0,2021년도 전기자동차 울산광역시 모델별 보조금,2021,울산광역시
화물(초소형),스마트솔루션즈,D2C,600,300.0,900.0,2021년도 전기자동차 세종특별자치시 모델별 보조금,2021,세종특별자치시
화물(초소형),스마트솔루션즈,D2P,600,300.0,900.0,2021년도 전기자동차 세종특별자치시 모델별 보조금,2021,세종특별자치시
화물(초소형),루트17,다니고3,600,300.0,900.0,2021년도 전기자동차 세종특별자치시 모델별 보조금,2021,세종특별자치시
화물(초소형),루트17,다니고3 픽업,600,300.0,900.0,2021년도 전기자동차 세종특별자치시 모델별 보조금,2021,세종특별자치시
화물(초소형),마스타전기차,MASTA VAN,600,300.0,900.0,2021년도 전기자동차 세종특별자치시 모델별 보조금,2021,세종특별자치시
화물(초소형),마스타전기차,MASTA HIM,600,300.0,900.0,2021년도 전기자동차 세종특별자치시 모델별 보조금,2021,세종특별자치시
화물(초소형),디피코,(단종)포트로,600,300.0,900.0,2021년도 전기자동차 세종특별자치시 모델별 보조금,2021,세종특별자치시
화물(초소형),디피코,포트로-탑,600,300.0,900.0,2021년도 전기자동차 세종특별자치시 모델별 보조금,2021,세종특별자치시
화물(초소형),디피코,포트로-픽업,600,300.0,900.0,2021년도 전기자동차 세종특별자치시 모델별 보조금,2021,세종특별자치시
화물(초소형),디피코,포트로-탑S,600,300.0,900.0,2021년도 전기자동차 세종특별자치시 모델별 보조금,2021,세종특별자치시
화물(초소형),디피코,포트로-픽업S,600,300.0,900.0,2021년도 전기자동차 세종특별자치시 모델별 보조금,2021,세종특별자치시
화물(경형),파워프라자,라보ev PEACE,1100,300.0,1400.0,2021년도 전기자동차 세종특별자치시 모델별 보조금,2021,세종특별자치시
화물(소형),제인모터스,제인모터스칼마토EV1톤내장탑차,1600,300.0,1900.0,2021년도 전기자동차 세종특별자치시 모델별 보조금,2021,세종특별자치시
화물(소형),파워프라자,봉고3ev PEACE,1600,300.0,1900.0,2021년도 전기자동차 세종특별자치시 모델별 보조금,2021,세종특별자치시
화물(소형),파워프라자,봉고3ev PEACE 더블캡,1600,300.0,1900.0,2021년도 전기자동차 세종특별자치시 모델별 보조금,2021,세종특별자치시
화물(소형),현대자동차,포터Ⅱ 일렉트릭 특장차,1600,300.0,1900.0,2021년도 전기자동차 세종특별자치시 모델별 보조금,2021,세종특별자치시
화물(소형),현대자동차,포터Ⅱ 일렉트릭 파워게이트,1600,300.0,1900.0,2021년도 전기자동차 세종특별자치시 모델별 보조금,2021,세종특별자치시
화물(소형),현대자동차,포터Ⅱ 일렉트릭 내장탑차,1600,300.0,1900.0,2021년도 전기자동차 세종특별자치시 모델별 보조금,2021,세종특별자치시
화물(소형),현대자동차,포터Ⅱ 일렉트릭 내장탑저상,1600,300.0,1900.0,2021년도 전기자동차 세종특별자치시 모델별 보조금,2021,세종특별자치시
화물(소형),현대자동차,포터Ⅱ 일렉트릭 내장탑하이,1600,300.0,1900.0,2021년도 전기자동차 세종특별자치시 모델별 보조금,2021,세종특별자치시
화물(소형),현대자동차,포터Ⅱ 일렉트릭 냉동탑저상,1600,300.0,1900.0,2021년도 전기자동차 세종특별자치시 모델별 보조금,2021,세종특별자치시
화물(소형),현대자동차,포터Ⅱ 일렉트릭(24MY),1600,300.0,1900.0,2021년도 전기자동차 세종특별자치시 모델별 보조금,2021,세종특별자치시
화물(소형),기아,봉고 전기차,1600,300.0,1900.0,2021년도 전기자동차 세종특별자치시 모델별 보조금,2021,세종특별자치시
화물(소형),기아,봉고Ⅲ 전기차 특장차,1600,300.0,1900.0,2021년도 전기자동차 세종특별자치시 모델별 보조금,2021,세종특별자치시
화물(소형),기아,봉고Ⅲ 전기차 파워게이트 2단 알루미늄,1600,300.0,1900.0,2021년도 전기자동차 세종특별자치시 모델별 보조금,2021,세종특별자치시
화물(소형),기아,봉고Ⅲ 전기차 내장차,1600,300.0,1900.0,2021년도 전기자동차 세종특별자치시 모델별 보조금,2021,세종특별자치시
화물(소형),기아,봉고Ⅲ 전기차 저상 내장차,1600,300.0,1900.0,2021년도 전기자동차 세종특별자치시 모델별 보조금,2021,세종특별자치시
화물(소형),기아,봉고Ⅲ 전기차 플러스 내장차,1600,300.0,1900.0,2021년도 전기자동차 세종특별자치시 모델별 보조금,2021,세종특별자치시
화물(소형),일진정공,일진무시동전기냉동탑차(149.9km),2100,300.0,2400.0,2021년도 전기자동차 세종특별자치시 모델별 보조금,2021,세종특별자치시
화물(소형),일진정공,일진무시동전기냉동탑차(186.1km),2100,300.0,2400.0,2021년도 전기자동차 세종특별자치시 모델별 보조금,2021,세종특별자치시
화물(소형),코리아에어카고에이전시,LSEV,1600,300.0,1900.0,2021년도 전기자동차 세종특별자치시 모델별 보조금,2021,세종특별자치시
화물(소형),루트17,다니고밴,1600,300.0,1900.0,2021년도 전기자동차 세종특별자치시 모델별 보조금,2021,세종특별자치시
화물(소형),케이지모빌리티커머셜,SMART T1.0,1600,300.0,1900.0,2021년도 전기자동차 세종특별자치시 모델별 보조금,2021,세종특별자치시
화물(소형),한신자동차,플러스,1600,300.0,1900.0,2021년도 전기자동차 세종특별자치시 모델별 보조금,2021,세종특별자치시
화물(소형),한신자동차,플러스2.0,1600,300.0,1900.0,2021년도 전기자동차 세종특별자치시 모델별 보조금,2021,세종특별자치시
화물(소형),비바모빌리티,(단종)비바,1600,300.0,1900.0,2021년도 전기자동차 세종특별자치시 모델별 보조금,2021,세종특별자치시
화물(소형),비바모빌리티,젤라,1600,300.0,1900.0,2021년도 전기자동차 세종특별자치시 모델별 보조금,2021,세종특별자치시
화물(초소형),스마트솔루션즈,D2C,600,250.0,850.0,2021년도 전기자동차 수원시 모델별 보조금,2021,수원시
화물(초소형),스마트솔루션즈,D2P,600,250.0,850.0,2021년도 전기자동차 수원시 모델별 보조금,2021,수원시
화물(초소형),루트17,다니고3,600,250.0,850.0,2021년도 전기자동차 수원시 모델별 보조금,2021,수원시
화물(초소형),루트17,다니고3 픽업,600,250.0,850.0,2021년도 전기자동차 수원시 모델별 보조금,2021,수원시
화물(초소형),마스타전기차,MASTA VAN,600,250.0,850.0,2021년도 전기자동차 수원시 모델별 보조금,2021,수원시
화물(초소형),마스타전기차,MASTA HIM,600,250.0,850.0,2021년도 전기자동차 수원시 모델별 보조금,2021,수원시
화물(초소형),디피코,(단종)포트로,600,250.0,850.0,2021년도 전기자동차 수원시 모델별 보조금,2021,수원시
화물(초소형),디피코,포트로-탑,600,250.0,850.0,2021년도 전기자동차 수원시 모델별 보조금,2021,수원시
화물(초소형),디피코,포트로-픽업,600,250.0,850.0,2021년도 전기자동차 수원시 모델별 보조금,2021,수원시
화물(초소형),디피코,포트로-탑S,600,250.0,850.0,2021년도 전기자동차 수원시 모델별 보조금,2021,수원시
화물(초소형),디피코,포트로-픽업S,600,250.0,850.0,2021년도 전기자동차 수원시 모델별 보조금,2021,수원시
화물(경형),파워프라자,라보ev PEACE,1100,420.0,1520.0,2021년도 전기자동차 수원시 모델별 보조금,2021,수원시
화물(소형),제인모터스,제인모터스칼마토EV1톤내장탑차,1600,600.0,2200.0,2021년도 전기자동차 수원시 모델별 보조금,2021,수원시
화물(소형),파워프라자,봉고3ev PEACE,1600,600.0,2200.0,2021년도 전기자동차 수원시 모델별 보조금,2021,수원시
화물(소형),파워프라자,봉고3ev PEACE 더블캡,1600,600.0,2200.0,2021년도 전기자동차 수원시 모델별 보조금,2021,수원시
화물(소형),현대자동차,포터Ⅱ 일렉트릭 특장차,1600,600.0,2200.0,2021년도 전기자동차 수원시 모델별 보조금,2021,수원시
화물(소형),현대자동차,포터Ⅱ 일렉트릭 파워게이트,1600,600.0,2200.0,2021년도 전기자동차 수원시 모델별 보조금,2021,수원시
화물(소형),현대자동차,포터Ⅱ 일렉트릭 내장탑차,1600,600.0,2200.0,2021년도 전기자동차 수원시 모델별 보조금,2021,수원시
화물(소형),현대자동차,포터Ⅱ 일렉트릭 내장탑저상,1600,600.0,2200.0,2021년도 전기자동차 수원시 모델별 보조금,2021,수원시
화물(소형),현대자동차,포터Ⅱ 일렉트릭 내장탑하이,1600,600.0,2200.0,2021년도 전기자동차 수원시 모델별 보조금,2021,수원시
화물(소형),현대자동차,포터Ⅱ 일렉트릭 냉동탑저상,1600,600.0,2200.0,2021년도 전기자동차 수원시 모델별 보조금,2021,수원시
화물(소형),현대자동차,포터Ⅱ 일렉트릭(24MY),1600,600.0,2200.0,2021년도 전기자동차 수원시 모델별 보조금,2021,수원시
화물(소형),기아,봉고 전기차,1600,600.0,2200.0,2021년도 전기자동차 수원시 모델별 보조금,2021,수원시
화물(소형),기아,봉고Ⅲ 전기차 특장차,1600,600.0,2200.0,2021년도 전기자동차 수원시 모델별 보조금,2021,수원시
화물(소형),기아,봉고Ⅲ 전기차 파워게이트 2단 알루미늄,1600,600.0,2200.0,2021년도 전기자동차 수원시 모델별 보조금,2021,수원시
화물(소형),기아,봉고Ⅲ 전기차 내장차,1600,600.0,2200.0,2021년도 전기자동차 수원시 모델별 보조금,2021,수원시
화물(소형),기아,봉고Ⅲ 전기차 저상 내장차,1600,600.0,2200.0,2021년도 전기자동차 수원시 모델별 보조금,2021,수원시
화물(소형),기아,봉고Ⅲ 전기차 플러스 내장차,1600,600.0,2200.0,2021년도 전기자동차 수원시 모델별 보조금,2021,수원시
화물(소형),일진정공,일진무시동전기냉동탑차(149.9km),2100,650.0,2750.0,2021년도 전기자동차 수원시 모델별 보조금,2021,수원시
화물(소형),일진정공,일진무시동전기냉동탑차(186.1km),2100,650.0,2750.0,2021년도 전기자동차 수원시 모델별 보조금,2021,수원시
화물(소형),코리아에어카고에이전시,LSEV,1600,600.0,2200.0,2021년도 전기자동차 수원시 모델별 보조금,2021,수원시
화물(소형),루트17,다니고밴,1600,600.0,2200.0,2021년도 전기자동차 수원시 모델별 보조금,2021,수원시
화물(소형),케이지모빌리티커머셜,SMART T1.0,1600,600.0,2200.0,2021년도 전기자동차 수원시 모델별 보조금,2021,수원시
화물(소형),한신자동차,플러스,1600,600.0,2200.0,2021년도 전기자동차 수원시 모델별 보조금,2021,수원시
화물(소형),한신자동차,플러스2.0,1600,600.0,2200.0,2021년도 전기자동차 수원시 모델별 보조금,2021,수원시
화물(소형),비바모빌리티,(단종)비바,1600,600.0,2200.0,2021년도 전기자동차 수원시 모델별 보조금,2021,수원시
화물(소형),비바모빌리티,젤라,1600,600.0,2200.0,2021년도 전기자동차 수원시 모델별 보조금,2021,수원시
화물(초소형),스마트솔루션즈,D2C,600,260.0,860.0,2021년도 전기자동차 성남시 모델별 보조금,2021,성남시
화물(초소형),스마트솔루션즈,D2P,600,260.0,860.0,2021년도 전기자동차 성남시 모델별 보조금,2021,성남시
화물(초소형),루트17,다니고3,600,260.0,860.0,2021년도 전기자동차 성남시 모델별 보조금,2021,성남시
화물(초소형),루트17,다니고3 픽업,600,260.0,860.0,2021년도 전기자동차 성남시 모델별 보조금,2021,성남시
화물(초소형),마스타전기차,MASTA VAN,600,260.0,860.0,2021년도 전기자동차 성남시 모델별 보조금,2021,성남시
화물(초소형),마스타전기차,MASTA HIM,600,260.0,860.0,2021년도 전기자동차 성남시 모델별 보조금,2021,성남시
화물(초소형),디피코,(단종)포트로,600,260.0,860.0,2021년도 전기자동차 성남시 모델별 보조금,2021,성남시
화물(초소형),디피코,포트로-탑,600,260.0,860.0,2021년도 전기자동차 성남시 모델별 보조금,2021,성남시
화물(초소형),디피코,포트로-픽업,600,260.0,860.0,2021년도 전기자동차 성남시 모델별 보조금,2021,성남시
화물(초소형),디피코,포트로-탑S,600,260.0,860.0,2021년도 전기자동차 성남시 모델별 보조금,2021,성남시
화물(초소형),디피코,포트로-픽업S,600,260.0,860.0,2021년도 전기자동차 성남시 모델별 보조금,2021,성남시
화물(경형),파워프라자,라보ev PEACE,1100,480.0,1580.0,2021년도 전기자동차 성남시 모델별 보조금,2021,성남시
화물(소형),제인모터스,제인모터스칼마토EV1톤내장탑차,1600,700.0,2300.0,2021년도 전기자동차 성남시 모델별 보조금,2021,성남시
화물(소형),파워프라자,봉고3ev PEACE,1600,700.0,2300.0,2021년도 전기자동차 성남시 모델별 보조금,2021,성남시
화물(소형),파워프라자,봉고3ev PEACE 더블캡,1600,700.0,2300.0,2021년도 전기자동차 성남시 모델별 보조금,2021,성남시
화물(소형),현대자동차,포터Ⅱ 일렉트릭 특장차,1600,700.0,2300.0,2021년도 전기자동차 성남시 모델별 보조금,2021,성남시
화물(소형),현대자동차,포터Ⅱ 일렉트릭 파워게이트,1600,700.0,2300.0,2021년도 전기자동차 성남시 모델별 보조금,2021,성남시
화물(소형),현대자동차,포터Ⅱ 일렉트릭 내장탑차,1600,700.0,2300.0,2021년도 전기자동차 성남시 모델별 보조금,2021,성남시
화물(소형),현대자동차,포터Ⅱ 일렉트릭 내장탑저상,1600,700.0,2300.0,2021년도 전기자동차 성남시 모델별 보조금,2021,성남시
화물(소형),현대자동차,포터Ⅱ 일렉트릭 내장탑하이,1600,700.0,2300.0,2021년도 전기자동차 성남시 모델별 보조금,2021,성남시
화물(소형),현대자동차,포터Ⅱ 일렉트릭 냉동탑저상,1600,700.0,2300.0,2021년도 전기자동차 성남시 모델별 보조금,2021,성남시
화물(소형),현대자동차,포터Ⅱ 일렉트릭(24MY),1600,700.0,2300.0,2021년도 전기자동차 성남시 모델별 보조금,2021,성남시
화물(소형),기아,봉고 전기차,1600,700.0,2300.0,2021년도 전기자동차 성남시 모델별 보조금,2021,성남시
화물(소형),기아,봉고Ⅲ 전기차 특장차,1600,700.0,2300.0,2021년도 전기자동차 성남시 모델별 보조금,2021,성남시
화물(소형),기아,봉고Ⅲ 전기차 파워게이트 2단 알루미늄,1600,700.0,2300.0,2021년도 전기자동차 성남시 모델별 보조금,2021,성남시
화물(소형),기아,봉고Ⅲ 전기차 내장차,1600,700.0,2300.0,2021년도 전기자동차 성남시 모델별 보조금,2021,성남시
화물(소형),기아,봉고Ⅲ 전기차 저상 내장차,1600,700.0,2300.0,2021년도 전기자동차 성남시 모델별 보조금,2021,성남시
화물(소형),기아,봉고Ⅲ 전기차 플러스 내장차,1600,700.0,2300.0,2021년도 전기자동차 성남시 모델별 보조금,2021,성남시
화물(소형),일진정공,일진무시동전기냉동탑차(149.9km),2100,700.0,2800.0,2021년도 전기자동차 성남시 모델별 보조금,2021,성남시
화물(소형),일진정공,일진무시동전기냉동탑차(186.1km),2100,700.0,2800.0,2021년도 전기자동차 성남시 모델별 보조금,2021,성남시
화물(소형),코리아에어카고에이전시,LSEV,1600,700.0,2300.0,2021년도 전기자동차 성남시 모델별 보조금,2021,성남시
화물(소형),루트17,다니고밴,1600,700.0,2300.0,2021년도 전기자동차 성남시 모델별 보조금,2021,성남시
화물(소형),케이지모빌리티커머셜,SMART T1.0,1600,700.0,2300.0,2021년도 전기자동차 성남시 모델별 보조금,2021,성남시
화물(소형),한신자동차,플러스,1600,700.0,2300.0,2021년도 전기자동차 성남시 모델별 보조금,2021,성남시
화물(소형),한신자동차,플러스2.0,1600,700.0,2300.0,2021년도 전기자동차 성남시 모델별 보조금,2021,성남시
화물(소형),비바모빌리티,(단종)비바,1600,700.0,2300.0,2021년도 전기자동차 성남시 모델별 보조금,2021,성남시
화물(소형),비바모빌리티,젤라,1600,700.0,2300.0,2021년도 전기자동차 성남시 모델별 보조금,2021,성남시
화물(초소형),스마트솔루션즈,D2C,600,260.0,860.0,2021년도 전기자동차 의정부시 모델별 보조금,2021,의정부시
화물(초소형),스마트솔루션즈,D2P,600,260.0,860.0,2021년도 전기자동차 의정부시 모델별 보조금,2021,의정부시
화물(초소형),루트17,다니고3,600,260.0,860.0,2021년도 전기자동차 의정부시 모델별 보조금,2021,의정부시
화물(초소형),루트17,다니고3 픽업,600,260.0,860.0,2021년도 전기자동차 의정부시 모델별 보조금,2021,의정부시
화물(초소형),마스타전기차,MASTA VAN,600,260.0,860.0,2021년도 전기자동차 의정부시 모델별 보조금,2021,의정부시
화물(초소형),마스타전기차,MASTA HIM,600,260.0,860.0,2021년도 전기자동차 의정부시 모델별 보조금,2021,의정부시
화물(초소형),디피코,(단종)포트로,600,260.0,860.0,2021년도 전기자동차 의정부시 모델별 보조금,2021,의정부시
화물(초소형),디피코,포트로-탑,600,260.0,860.0,2021년도 전기자동차 의정부시 모델별 보조금,2021,의정부시
화물(초소형),디피코,포트로-픽업,600,260.0,860.0,2021년도 전기자동차 의정부시 모델별 보조금,2021,의정부시
화물(초소형),디피코,포트로-탑S,600,260.0,860.0,2021년도 전기자동차 의정부시 모델별 보조금,2021,의정부시
화물(초소형),디피코,포트로-픽업S,600,260.0,860.0,2021년도 전기자동차 의정부시 모델별 보조금,2021,의정부시
화물(경형),파워프라자,라보ev PEACE,1100,480.0,1580.0,2021년도 전기자동차 의정부시 모델별 보조금,2021,의정부시
화물(소형),제인모터스,제인모터스칼마토EV1톤내장탑차,1600,700.0,2300.0,2021년도 전기자동차 의정부시 모델별 보조금,2021,의정부시
화물(소형),파워프라자,봉고3ev PEACE,1600,700.0,2300.0,2021년도 전기자동차 의정부시 모델별 보조금,2021,의정부시
화물(소형),파워프라자,봉고3ev PEACE 더블캡,1600,700.0,2300.0,2021년도 전기자동차 의정부시 모델별 보조금,2021,의정부시
화물(소형),현대자동차,포터Ⅱ 일렉트릭 특장차,1600,700.0,2300.0,2021년도 전기자동차 의정부시 모델별 보조금,2021,의정부시
화물(소형),현대자동차,포터Ⅱ 일렉트릭 파워게이트,1600,700.0,2300.0,2021년도 전기자동차 의정부시 모델별 보조금,2021,의정부시
화물(소형),현대자동차,포터Ⅱ 일렉트릭 내장탑차,1600,700.0,2300.0,2021년도 전기자동차 의정부시 모델별 보조금,2021,의정부시
화물(소형),현대자동차,포터Ⅱ 일렉트릭 내장탑저상,1600,700.0,2300.0,2021년도 전기자동차 의정부시 모델별 보조금,2021,의정부시
화물(소형),현대자동차,포터Ⅱ 일렉트릭 내장탑하이,1600,700.0,2300.0,2021년도 전기자동차 의정부시 모델별 보조금,2021,의정부시
화물(소형),현대자동차,포터Ⅱ 일렉트릭 냉동탑저상,1600,700.0,2300.0,2021년도 전기자동차 의정부시 모델별 보조금,2021,의정부시
화물(소형),현대자동차,포터Ⅱ 일렉트릭(24MY),1600,700.0,2300.0,2021년도 전기자동차 의정부시 모델별 보조금,2021,의정부시
화물(소형),기아,봉고 전기차,1600,700.0,2300.0,2021년도 전기자동차 의정부시 모델별 보조금,2021,의정부시
화물(소형),기아,봉고Ⅲ 전기차 특장차,1600,700.0,2300.0,2021년도 전기자동차 의정부시 모델별 보조금,2021,의정부시
화물(소형),기아,봉고Ⅲ 전기차 파워게이트 2단 알루미늄,1600,700.0,2300.0,2021년도 전기자동차 의정부시 모델별 보조금,2021,의정부시
화물(소형),기아,봉고Ⅲ 전기차 내장차,1600,700.0,2300.0,2021년도 전기자동차 의정부시 모델별 보조금,2021,의정부시
화물(소형),기아,봉고Ⅲ 전기차 저상 내장차,1600,700.0,2300.0,2021년도 전기자동차 의정부시 모델별 보조금,2021,의정부시
화물(소형),기아,봉고Ⅲ 전기차 플러스 내장차,1600,700.0,2300.0,2021년도 전기자동차 의정부시 모델별 보조금,2021,의정부시
화물(소형),일진정공,일진무시동전기냉동탑차(149.9km),2100,700.0,2800.0,2021년도 전기자동차 의정부시 모델별 보조금,2021,의정부시
화물(소형),일진정공,일진무시동전기냉동탑차(186.1km),2100,700.0,2800.0,2021년도 전기자동차 의정부시 모델별 보조금,2021,의정부시
화물(소형),코리아에어카고에이전시,LSEV,1600,700.0,2300.0,2021년도 전기자동차 의정부시 모델별 보조금,2021,의정부시
화물(소형),루트17,다니고밴,1600,700.0,2300.0,2021년도 전기자동차 의정부시 모델별 보조금,2021,의정부시
화물(소형),케이지모빌리티커머셜,SMART T1.0,1600,700.0,2300.0,2021년도 전기자동차 의정부시 모델별 보조금,2021,의정부시
화물(소형),한신자동차,플러스,1600,700.0,2300.0,2021년도 전기자동차 의정부시 모델별 보조금,2021,의정부시
화물(소형),한신자동차,플러스2.0,1600,700.0,2300.0,2021년도 전기자동차 의정부시 모델별 보조금,2021,의정부시
화물(소형),비바모빌리티,(단종)비바,1600,700.0,2300.0,2021년도 전기자동차 의정부시 모델별 보조금,2021,의정부시
화물(소형),비바모빌리티,젤라,1600,700.0,2300.0,2021년도 전기자동차 의정부시 모델별 보조금,2021,의정부시
화물(초소형),스마트솔루션즈,D2C,600,260.0,860.0,2021년도 전기자동차 안양시 모델별 보조금,2021,안양시
화물(초소형),스마트솔루션즈,D2P,600,260.0,860.0,2021년도 전기자동차 안양시 모델별 보조금,2021,안양시
화물(초소형),루트17,다니고3,600,260.0,860.0,2021년도 전기자동차 안양시 모델별 보조금,2021,안양시
화물(초소형),루트17,다니고3 픽업,600,260.0,860.0,2021년도 전기자동차 안양시 모델별 보조금,2021,안양시
화물(초소형),마스타전기차,MASTA VAN,600,260.0,860.0,2021년도 전기자동차 안양시 모델별 보조금,2021,안양시
화물(초소형),마스타전기차,MASTA HIM,600,260.0,860.0,2021년도 전기자동차 안양시 모델별 보조금,2021,안양시
화물(초소형),디피코,(단종)포트로,600,260.0,860.0,2021년도 전기자동차 안양시 모델별 보조금,2021,안양시
화물(초소형),디피코,포트로-탑,600,260.0,860.0,2021년도 전기자동차 안양시 모델별 보조금,2021,안양시
화물(초소형),디피코,포트로-픽업,600,260.0,860.0,2021년도 전기자동차 안양시 모델별 보조금,2021,안양시
화물(초소형),디피코,포트로-탑S,600,260.0,860.0,2021년도 전기자동차 안양시 모델별 보조금,2021,안양시
화물(초소형),디피코,포트로-픽업S,600,260.0,860.0,2021년도 전기자동차 안양시 모델별 보조금,2021,안양시
화물(경형),파워프라자,라보ev PEACE,1100,480.0,1580.0,2021년도 전기자동차 안양시 모델별 보조금,2021,안양시
화물(소형),제인모터스,제인모터스칼마토EV1톤내장탑차,1600,700.0,2300.0,2021년도 전기자동차 안양시 모델별 보조금,2021,안양시
화물(소형),파워프라자,봉고3ev PEACE,1600,700.0,2300.0,2021년도 전기자동차 안양시 모델별 보조금,2021,안양시
화물(소형),파워프라자,봉고3ev PEACE 더블캡,1600,700.0,2300.0,2021년도 전기자동차 안양시 모델별 보조금,2021,안양시
화물(소형),현대자동차,포터Ⅱ 일렉트릭 특장차,1600,700.0,2300.0,2021년도 전기자동차 안양시 모델별 보조금,2021,안양시
화물(소형),현대자동차,포터Ⅱ 일렉트릭 파워게이트,1600,700.0,2300.0,2021년도 전기자동차 안양시 모델별 보조금,2021,안양시
화물(소형),현대자동차,포터Ⅱ 일렉트릭 내장탑차,1600,700.0,2300.0,2021년도 전기자동차 안양시 모델별 보조금,2021,안양시
화물(소형),현대자동차,포터Ⅱ 일렉트릭 내장탑저상,1600,700.0,2300.0,2021년도 전기자동차 안양시 모델별 보조금,2021,안양시
화물(소형),현대자동차,포터Ⅱ 일렉트릭 내장탑하이,1600,700.0,2300.0,2021년도 전기자동차 안양시 모델별 보조금,2021,안양시
화물(소형),현대자동차,포터Ⅱ 일렉트릭 냉동탑저상,1600,700.0,2300.0,2021년도 전기자동차 안양시 모델별 보조금,2021,안양시
화물(소형),현대자동차,포터Ⅱ 일렉트릭(24MY),1600,700.0,2300.0,2021년도 전기자동차 안양시 모델별 보조금,2021,안양시
화물(소형),기아,봉고 전기차,1600,700.0,2300.0,2021년도 전기자동차 안양시 모델별 보조금,2021,안양시
화물(소형),기아,봉고Ⅲ 전기차 특장차,1600,700.0,2300.0,2021년도 전기자동차 안양시 모델별 보조금,2021,안양시
화물(소형),기아,봉고Ⅲ 전기차 파워게이트 2단 알루미늄,1600,700.0,2300.0,2021년도 전기자동차 안양시 모델별 보조금,2021,안양시
화물(소형),기아,봉고Ⅲ 전기차 내장차,1600,700.0,2300.0,2021년도 전기자동차 안양시 모델별 보조금,2021,안양시
화물(소형),기아,봉고Ⅲ 전기차 저상 내장차,1600,700.0,2300.0,2021년도 전기자동차 안양시 모델별 보조금,2021,안양시
화물(소형),기아,봉고Ⅲ 전기차 플러스 내장차,1600,700.0,2300.0,2021년도 전기자동차 안양시 모델별 보조금,2021,안양시
화물(소형),일진정공,일진무시동전기냉동탑차(149.9km),2100,910.0,3010.0,2021년도 전기자동차 안양시 모델별 보조금,2021,안양시
화물(소형),일진정공,일진무시동전기냉동탑차(186.1km),2100,910.0,3010.0,2021년도 전기자동차 안양시 모델별 보조금,2021,안양시
화물(소형),코리아에어카고에이전시,LSEV,1600,700.0,2300.0,2021년도 전기자동차 안양시 모델별 보조금,2021,안양시
화물(소형),루트17,다니고밴,1600,700.0,2300.0,2021년도 전기자동차 안양시 모델별 보조금,2021,안양시
화물(소형),케이지모빌리티커머셜,SMART T1.0,1600,700.0,2300.0,2021년도 전기자동차 안양시 모델별 보조금,2021,안양시
화물(소형),한신자동차,플러스,1600,700.0,2300.0,2021년도 전기자동차 안양시 모델별 보조금,2021,안양시
화물(소형),한신자동차,플러스2.0,1600,700.0,2300.0,2021년도 전기자동차 안양시 모델별 보조금,2021,안양시
화물(소형),비바모빌리티,(단종)비바,1600,700.0,2300.0,2021년도 전기자동차 안양시 모델별 보조금,2021,안양시
화물(소형),비바모빌리티,젤라,1600,700.0,2300.0,2021년도 전기자동차 안양시 모델별 보조금,2021,안양시
화물(초소형),스마트솔루션즈,D2C,600,230.0,830.0,2021년도 전기자동차 부천시 모델별 보조금,2021,부천시
화물(초소형),스마트솔루션즈,D2P,600,230.0,830.0,2021년도 전기자동차 부천시 모델별 보조금,2021,부천시
화물(초소형),루트17,다니고3,600,230.0,830.0,2021년도 전기자동차 부천시 모델별 보조금,2021,부천시
화물(초소형),루트17,다니고3 픽업,600,230.0,830.0,2021년도 전기자동차 부천시 모델별 보조금,2021,부천시
화물(초소형),마스타전기차,MASTA VAN,600,230.0,830.0,2021년도 전기자동차 부천시 모델별 보조금,2021,부천시
화물(초소형),마스타전기차,MASTA HIM,600,230.0,830.0,2021년도 전기자동차 부천시 모델별 보조금,2021,부천시
화물(초소형),디피코,(단종)포트로,600,230.0,830.0,2021년도 전기자동차 부천시 모델별 보조금,2021,부천시
화물(초소형),디피코,포트로-탑,600,230.0,830.0,2021년도 전기자동차 부천시 모델별 보조금,2021,부천시
화물(초소형),디피코,포트로-픽업,600,230.0,830.0,2021년도 전기자동차 부천시 모델별 보조금,2021,부천시
화물(초소형),디피코,포트로-탑S,600,230.0,830.0,2021년도 전기자동차 부천시 모델별 보조금,2021,부천시
화물(초소형),디피코,포트로-픽업S,600,230.0,830.0,2021년도 전기자동차 부천시 모델별 보조금,2021,부천시
화물(경형),파워프라자,라보ev PEACE,1100,420.0,1520.0,2021년도 전기자동차 부천시 모델별 보조금,2021,부천시
화물(소형),제인모터스,제인모터스칼마토EV1톤내장탑차,1600,600.0,2200.0,2021년도 전기자동차 부천시 모델별 보조금,2021,부천시
화물(소형),파워프라자,봉고3ev PEACE,1600,600.0,2200.0,2021년도 전기자동차 부천시 모델별 보조금,2021,부천시
화물(소형),파워프라자,봉고3ev PEACE 더블캡,1600,600.0,2200.0,2021년도 전기자동차 부천시 모델별 보조금,2021,부천시
화물(소형),현대자동차,포터Ⅱ 일렉트릭 특장차,1600,600.0,2200.0,2021년도 전기자동차 부천시 모델별 보조금,2021,부천시
화물(소형),현대자동차,포터Ⅱ 일렉트릭 파워게이트,1600,600.0,2200.0,2021년도 전기자동차 부천시 모델별 보조금,2021,부천시
화물(소형),현대자동차,포터Ⅱ 일렉트릭 내장탑차,1600,600.0,2200.0,2021년도 전기자동차 부천시 모델별 보조금,2021,부천시
화물(소형),현대자동차,포터Ⅱ 일렉트릭 내장탑저상,1600,600.0,2200.0,2021년도 전기자동차 부천시 모델별 보조금,2021,부천시
화물(소형),현대자동차,포터Ⅱ 일렉트릭 내장탑하이,1600,600.0,2200.0,2021년도 전기자동차 부천시 모델별 보조금,2021,부천시
화물(소형),현대자동차,포터Ⅱ 일렉트릭 냉동탑저상,1600,600.0,2200.0,2021년도 전기자동차 부천시 모델별 보조금,2021,부천시
화물(소형),현대자동차,포터Ⅱ 일렉트릭(24MY),1600,600.0,2200.0,2021년도 전기자동차 부천시 모델별 보조금,2021,부천시
화물(소형),기아,봉고 전기차,1600,600.0,2200.0,2021년도 전기자동차 부천시 모델별 보조금,2021,부천시
화물(소형),기아,봉고Ⅲ 전기차 특장차,1600,600.0,2200.0,2021년도 전기자동차 부천시 모델별 보조금,2021,부천시
화물(소형),기아,봉고Ⅲ 전기차 파워게이트 2단 알루미늄,1600,600.0,2200.0,2021년도 전기자동차 부천시 모델별 보조금,2021,부천시
화물(소형),기아,봉고Ⅲ 전기차 내장차,1600,600.0,2200.0,2021년도 전기자동차 부천시 모델별 보조금,2021,부천시
화물(소형),기아,봉고Ⅲ 전기차 저상 내장차,1600,600.0,2200.0,2021년도 전기자동차 부천시 모델별 보조금,2021,부천시
화물(소형),기아,봉고Ⅲ 전기차 플러스 내장차,1600,600.0,2200.0,2021년도 전기자동차 부천시 모델별 보조금,2021,부천시
화물(소형),일진정공,일진무시동전기냉동탑차(149.9km),2100,780.0,2880.0,2021년도 전기자동차 부천시 모델별 보조금,2021,부천시
화물(소형),일진정공,일진무시동전기냉동탑차(186.1km),2100,780.0,2880.0,2021년도 전기자동차 부천시 모델별 보조금,2021,부천시
화물(소형),코리아에어카고에이전시,LSEV,1600,600.0,2200.0,2021년도 전기자동차 부천시 모델별 보조금,2021,부천시
화물(소형),루트17,다니고밴,1600,600.0,2200.0,2021년도 전기자동차 부천시 모델별 보조금,2021,부천시
화물(소형),케이지모빌리티커머셜,SMART T1.0,1600,600.0,2200.0,2021년도 전기자동차 부천시 모델별 보조금,2021,부천시
화물(소형),한신자동차,플러스,1600,600.0,2200.0,2021년도 전기자동차 부천시 모델별 보조금,2021,부천시
화물(소형),한신자동차,플러스2.0,1600,600.0,2200.0,2021년도 전기자동차 부천시 모델별 보조금,2021,부천시
화물(소형),비바모빌리티,(단종)비바,1600,600.0,2200.0,2021년도 전기자동차 부천시 모델별 보조금,2021,부천시
화물(소형),비바모빌리티,젤라,1600,600.0,2200.0,2021년도 전기자동차 부천시 모델별 보조금,2021,부천시
화물(초소형),스마트솔루션즈,D2C,600,260.0,860.0,2021년도 전기자동차 광명시 모델별 보조금,2021,광명시
화물(초소형),스마트솔루션즈,D2P,600,260.0,860.0,2021년도 전기자동차 광명시 모델별 보조금,2021,광명시
화물(초소형),루트17,다니고3,600,260.0,860.0,2021년도 전기자동차 광명시 모델별 보조금,2021,광명시
화물(초소형),루트17,다니고3 픽업,600,260.0,860.0,2021년도 전기자동차 광명시 모델별 보조금,2021,광명시
화물(초소형),마스타전기차,MASTA VAN,600,260.0,860.0,2021년도 전기자동차 광명시 모델별 보조금,2021,광명시
화물(초소형),마스타전기차,MASTA HIM,600,260.0,860.0,2021년도 전기자동차 광명시 모델별 보조금,2021,광명시
화물(초소형),디피코,(단종)포트로,600,260.0,860.0,2021년도 전기자동차 광명시 모델별 보조금,2021,광명시
화물(초소형),디피코,포트로-탑,600,260.0,860.0,2021년도 전기자동차 광명시 모델별 보조금,2021,광명시
화물(초소형),디피코,포트로-픽업,600,260.0,860.0,2021년도 전기자동차 광명시 모델별 보조금,2021,광명시
화물(초소형),디피코,포트로-탑S,600,260.0,860.0,2021년도 전기자동차 광명시 모델별 보조금,2021,광명시
화물(초소형),디피코,포트로-픽업S,600,260.0,860.0,2021년도 전기자동차 광명시 모델별 보조금,2021,광명시
화물(경형),파워프라자,라보ev PEACE,1100,480.0,1580.0,2021년도 전기자동차 광명시 모델별 보조금,2021,광명시
화물(소형),제인모터스,제인모터스칼마토EV1톤내장탑차,1600,700.0,2300.0,2021년도 전기자동차 광명시 모델별 보조금,2021,광명시
화물(소형),파워프라자,봉고3ev PEACE,1600,700.0,2300.0,2021년도 전기자동차 광명시 모델별 보조금,2021,광명시
화물(소형),파워프라자,봉고3ev PEACE 더블캡,1600,700.0,2300.0,2021년도 전기자동차 광명시 모델별 보조금,2021,광명시
화물(소형),현대자동차,포터Ⅱ 일렉트릭 특장차,1600,700.0,2300.0,2021년도 전기자동차 광명시 모델별 보조금,2021,광명시
화물(소형),현대자동차,포터Ⅱ 일렉트릭 파워게이트,1600,700.0,2300.0,2021년도 전기자동차 광명시 모델별 보조금,2021,광명시
화물(소형),현대자동차,포터Ⅱ 일렉트릭 내장탑차,1600,700.0,2300.0,2021년도 전기자동차 광명시 모델별 보조금,2021,광명시
화물(소형),현대자동차,포터Ⅱ 일렉트릭 내장탑저상,1600,700.0,2300.0,2021년도 전기자동차 광명시 모델별 보조금,2021,광명시
화물(소형),현대자동차,포터Ⅱ 일렉트릭 내장탑하이,1600,700.0,2300.0,2021년도 전기자동차 광명시 모델별 보조금,2021,광명시
화물(소형),현대자동차,포터Ⅱ 일렉트릭 냉동탑저상,1600,700.0,2300.0,2021년도 전기자동차 광명시 모델별 보조금,2021,광명시
화물(소형),현대자동차,포터Ⅱ 일렉트릭(24MY),1600,700.0,2300.0,2021년도 전기자동차 광명시 모델별 보조금,2021,광명시
화물(소형),기아,봉고 전기차,1600,700.0,2300.0,2021년도 전기자동차 광명시 모델별 보조금,2021,광명시
화물(소형),기아,봉고Ⅲ 전기차 특장차,1600,700.0,2300.0,2021년도 전기자동차 광명시 모델별 보조금,2021,광명시
화물(소형),기아,봉고Ⅲ 전기차 파워게이트 2단 알루미늄,1600,700.0,2300.0,2021년도 전기자동차 광명시 모델별 보조금,2021,광명시
화물(소형),기아,봉고Ⅲ 전기차 내장차,1600,700.0,2300.0,2021년도 전기자동차 광명시 모델별 보조금,2021,광명시
화물(소형),기아,봉고Ⅲ 전기차 저상 내장차,1600,700.0,2300.0,2021년도 전기자동차 광명시 모델별 보조금,2021,광명시
화물(소형),기아,봉고Ⅲ 전기차 플러스 내장차,1600,700.0,2300.0,2021년도 전기자동차 광명시 모델별 보조금,2021,광명시
화물(소형),일진정공,일진무시동전기냉동탑차(149.9km),2100,910.0,3010.0,2021년도 전기자동차 광명시 모델별 보조금,2021,광명시
화물(소형),일진정공,일진무시동전기냉동탑차(186.1km),2100,910.0,3010.0,2021년도 전기자동차 광명시 모델별 보조금,2021,광명시
화물(소형),코리아에어카고에이전시,LSEV,1600,700.0,2300.0,2021년도 전기자동차 광명시 모델별 보조금,2021,광명시
화물(소형),루트17,다니고밴,1600,700.0,2300.0,2021년도 전기자동차 광명시 모델별 보조금,2021,광명시
화물(소형),케이지모빌리티커머셜,SMART T1.0,1600,700.0,2300.0,2021년도 전기자동차 광명시 모델별 보조금,2021,광명시
화물(소형),한신자동차,플러스,1600,700.0,2300.0,2021년도 전기자동차 광명시 모델별 보조금,2021,광명시
화물(소형),한신자동차,플러스2.0,1600,700.0,2300.0,2021년도 전기자동차 광명시 모델별 보조금,2021,광명시
화물(소형),비바모빌리티,(단종)비바,1600,700.0,2300.0,2021년도 전기자동차 광명시 모델별 보조금,2021,광명시
화물(소형),비바모빌리티,젤라,1600,700.0,2300.0,2021년도 전기자동차 광명시 모델별 보조금,2021,광명시
화물(초소형),스마트솔루션즈,D2C,600,300.0,900.0,2021년도 전기자동차 평택시 모델별 보조금,2021,평택시
화물(초소형),스마트솔루션즈,D2P,600,300.0,900.0,2021년도 전기자동차 평택시 모델별 보조금,2021,평택시
화물(초소형),루트17,다니고3,600,300.0,900.0,2021년도 전기자동차 평택시 모델별 보조금,2021,평택시
화물(초소형),루트17,다니고3 픽업,600,300.0,900.0,2021년도 전기자동차 평택시 모델별 보조금,2021,평택시
화물(초소형),마스타전기차,MASTA VAN,600,300.0,900.0,2021년도 전기자동차 평택시 모델별 보조금,2021,평택시
화물(초소형),마스타전기차,MASTA HIM,600,300.0,900.0,2021년도 전기자동차 평택시 모델별 보조금,2021,평택시
화물(초소형),디피코,(단종)포트로,600,300.0,900.0,2021년도 전기자동차 평택시 모델별 보조금,2021,평택시
화물(초소형),디피코,포트로-탑,600,300.0,900.0,2021년도 전기자동차 평택시 모델별 보조금,2021,평택시
화물(초소형),디피코,포트로-픽업,600,300.0,900.0,2021년도 전기자동차 평택시 모델별 보조금,2021,평택시
화물(초소형),디피코,포트로-탑S,600,300.0,900.0,2021년도 전기자동차 평택시 모델별 보조금,2021,평택시
화물(초소형),디피코,포트로-픽업S,600,300.0,900.0,2021년도 전기자동차 평택시 모델별 보조금,2021,평택시
화물(경형),파워프라자,라보ev PEACE,1100,600.0,1700.0,2021년도 전기자동차 평택시 모델별 보조금,2021,평택시
화물(소형),제인모터스,제인모터스칼마토EV1톤내장탑차,1600,900.0,2500.0,2021년도 전기자동차 평택시 모델별 보조금,2021,평택시
화물(소형),파워프라자,봉고3ev PEACE,1600,900.0,2500.0,2021년도 전기자동차 평택시 모델별 보조금,2021,평택시
화물(소형),파워프라자,봉고3ev PEACE 더블캡,1600,900.0,2500.0,2021년도 전기자동차 평택시 모델별 보조금,2021,평택시
화물(소형),현대자동차,포터Ⅱ 일렉트릭 특장차,1600,900.0,2500.0,2021년도 전기자동차 평택시 모델별 보조금,2021,평택시
화물(소형),현대자동차,포터Ⅱ 일렉트릭 파워게이트,1600,900.0,2500.0,2021년도 전기자동차 평택시 모델별 보조금,2021,평택시
화물(소형),현대자동차,포터Ⅱ 일렉트릭 내장탑차,1600,900.0,2500.0,2021년도 전기자동차 평택시 모델별 보조금,2021,평택시
화물(소형),현대자동차,포터Ⅱ 일렉트릭 내장탑저상,1600,900.0,2500.0,2021년도 전기자동차 평택시 모델별 보조금,2021,평택시
화물(소형),현대자동차,포터Ⅱ 일렉트릭 내장탑하이,1600,900.0,2500.0,2021년도 전기자동차 평택시 모델별 보조금,2021,평택시
화물(소형),현대자동차,포터Ⅱ 일렉트릭 냉동탑저상,1600,900.0,2500.0,2021년도 전기자동차 평택시 모델별 보조금,2021,평택시
화물(소형),현대자동차,포터Ⅱ 일렉트릭(24MY),1600,900.0,2500.0,2021년도 전기자동차 평택시 모델별 보조금,2021,평택시
화물(소형),기아,봉고 전기차,1600,900.0,2500.0,2021년도 전기자동차 평택시 모델별 보조금,2021,평택시
화물(소형),기아,봉고Ⅲ 전기차 특장차,1600,900.0,2500.0,2021년도 전기자동차 평택시 모델별 보조금,2021,평택시
화물(소형),기아,봉고Ⅲ 전기차 파워게이트 2단 알루미늄,1600,900.0,2500.0,2021년도 전기자동차 평택시 모델별 보조금,2021,평택시
화물(소형),기아,봉고Ⅲ 전기차 내장차,1600,900.0,2500.0,2021년도 전기자동차 평택시 모델별 보조금,2021,평택시
화물(소형),기아,봉고Ⅲ 전기차 저상 내장차,1600,900.0,2500.0,2021년도 전기자동차 평택시 모델별 보조금,2021,평택시
화물(소형),기아,봉고Ⅲ 전기차 플러스 내장차,1600,900.0,2500.0,2021년도 전기자동차 평택시 모델별 보조금,2021,평택시
화물(소형),일진정공,일진무시동전기냉동탑차(149.9km),2100,900.0,3000.0,2021년도 전기자동차 평택시 모델별 보조금,2021,평택시
화물(소형),일진정공,일진무시동전기냉동탑차(186.1km),2100,900.0,3000.0,2021년도 전기자동차 평택시 모델별 보조금,2021,평택시
화물(소형),코리아에어카고에이전시,LSEV,1600,900.0,2500.0,2021년도 전기자동차 평택시 모델별 보조금,2021,평택시
화물(소형),루트17,다니고밴,1600,900.0,2500.0,2021년도 전기자동차 평택시 모델별 보조금,2021,평택시
화물(소형),케이지모빌리티커머셜,SMART T1.0,1600,900.0,2500.0,2021년도 전기자동차 평택시 모델별 보조금,2021,평택시
화물(소형),한신자동차,플러스,1600,900.0,2500.0,2021년도 전기자동차 평택시 모델별 보조금,2021,평택시
화물(소형),한신자동차,플러스2.0,1600,900.0,2500.0,2021년도 전기자동차 평택시 모델별 보조금,2021,평택시
화물(소형),비바모빌리티,(단종)비바,1600,900.0,2500.0,2021년도 전기자동차 평택시 모델별 보조금,2021,평택시
화물(소형),비바모빌리티,젤라,1600,900.0,2500.0,2021년도 전기자동차 평택시 모델별 보조금,2021,평택시
화물(초소형),스마트솔루션즈,D2C,600,300.0,900.0,2021년도 전기자동차 동두천시 모델별 보조금,2021,동두천시
화물(초소형),스마트솔루션즈,D2P,600,300.0,900.0,2021년도 전기자동차 동두천시 모델별 보조금,2021,동두천시
화물(초소형),루트17,다니고3,600,300.0,900.0,2021년도 전기자동차 동두천시 모델별 보조금,2021,동두천시
화물(초소형),루트17,다니고3 픽업,600,300.0,900.0,2021년도 전기자동차 동두천시 모델별 보조금,2021,동두천시
화물(초소형),마스타전기차,MASTA VAN,600,300.0,900.0,2021년도 전기자동차 동두천시 모델별 보조금,2021,동두천시
화물(초소형),마스타전기차,MASTA HIM,600,300.0,900.0,2021년도 전기자동차 동두천시 모델별 보조금,2021,동두천시
화물(초소형),디피코,(단종)포트로,600,300.0,900.0,2021년도 전기자동차 동두천시 모델별 보조금,2021,동두천시
화물(초소형),디피코,포트로-탑,600,300.0,900.0,2021년도 전기자동차 동두천시 모델별 보조금,2021,동두천시
화물(초소형),디피코,포트로-픽업,600,300.0,900.0,2021년도 전기자동차 동두천시 모델별 보조금,2021,동두천시
화물(초소형),디피코,포트로-탑S,600,300.0,900.0,2021년도 전기자동차 동두천시 모델별 보조금,2021,동두천시
화물(초소형),디피코,포트로-픽업S,600,300.0,900.0,2021년도 전기자동차 동두천시 모델별 보조금,2021,동두천시
화물(경형),파워프라자,라보ev PEACE,1100,550.0,1650.0,2021년도 전기자동차 동두천시 모델별 보조금,2021,동두천시
화물(소형),제인모터스,제인모터스칼마토EV1톤내장탑차,1600,800.0,2400.0,2021년도 전기자동차 동두천시 모델별 보조금,2021,동두천시
화물(소형),파워프라자,봉고3ev PEACE,1600,800.0,2400.0,2021년도 전기자동차 동두천시 모델별 보조금,2021,동두천시
화물(소형),파워프라자,봉고3ev PEACE 더블캡,1600,800.0,2400.0,2021년도 전기자동차 동두천시 모델별 보조금,2021,동두천시
화물(소형),현대자동차,포터Ⅱ 일렉트릭 특장차,1600,800.0,2400.0,2021년도 전기자동차 동두천시 모델별 보조금,2021,동두천시
화물(소형),현대자동차,포터Ⅱ 일렉트릭 파워게이트,1600,800.0,2400.0,2021년도 전기자동차 동두천시 모델별 보조금,2021,동두천시
화물(소형),현대자동차,포터Ⅱ 일렉트릭 내장탑차,1600,800.0,2400.0,2021년도 전기자동차 동두천시 모델별 보조금,2021,동두천시
화물(소형),현대자동차,포터Ⅱ 일렉트릭 내장탑저상,1600,800.0,2400.0,2021년도 전기자동차 동두천시 모델별 보조금,2021,동두천시
화물(소형),현대자동차,포터Ⅱ 일렉트릭 내장탑하이,1600,800.0,2400.0,2021년도 전기자동차 동두천시 모델별 보조금,2021,동두천시
화물(소형),현대자동차,포터Ⅱ 일렉트릭 냉동탑저상,1600,800.0,2400.0,2021년도 전기자동차 동두천시 모델별 보조금,2021,동두천시
화물(소형),현대자동차,포터Ⅱ 일렉트릭(24MY),1600,800.0,2400.0,2021년도 전기자동차 동두천시 모델별 보조금,2021,동두천시
화물(소형),기아,봉고 전기차,1600,800.0,2400.0,2021년도 전기자동차 동두천시 모델별 보조금,2021,동두천시
화물(소형),기아,봉고Ⅲ 전기차 특장차,1600,800.0,2400.0,2021년도 전기자동차 동두천시 모델별 보조금,2021,동두천시
화물(소형),기아,봉고Ⅲ 전기차 파워게이트 2단 알루미늄,1600,800.0,2400.0,2021년도 전기자동차 동두천시 모델별 보조금,2021,동두천시
화물(소형),기아,봉고Ⅲ 전기차 내장차,1600,800.0,2400.0,2021년도 전기자동차 동두천시 모델별 보조금,2021,동두천시
화물(소형),기아,봉고Ⅲ 전기차 저상 내장차,1600,800.0,2400.0,2021년도 전기자동차 동두천시 모델별 보조금,2021,동두천시
화물(소형),기아,봉고Ⅲ 전기차 플러스 내장차,1600,800.0,2400.0,2021년도 전기자동차 동두천시 모델별 보조금,2021,동두천시
화물(소형),일진정공,일진무시동전기냉동탑차(149.9km),2100,800.0,2900.0,2021년도 전기자동차 동두천시 모델별 보조금,2021,동두천시
화물(소형),일진정공,일진무시동전기냉동탑차(186.1km),2100,800.0,2900.0,2021년도 전기자동차 동두천시 모델별 보조금,2021,동두천시
화물(소형),코리아에어카고에이전시,LSEV,1600,800.0,2400.0,2021년도 전기자동차 동두천시 모델별 보조금,2021,동두천시
화물(소형),루트17,다니고밴,1600,800.0,2400.0,2021년도 전기자동차 동두천시 모델별 보조금,2021,동두천시
화물(소형),케이지모빌리티커머셜,SMART T1.0,1600,800.0,2400.0,2021년도 전기자동차 동두천시 모델별 보조금,2021,동두천시
화물(소형),한신자동차,플러스,1600,800.0,2400.0,2021년도 전기자동차 동두천시 모델별 보조금,2021,동두천시
화물(소형),한신자동차,플러스2.0,1600,800.0,2400.0,2021년도 전기자동차 동두천시 모델별 보조금,2021,동두천시
화물(소형),비바모빌리티,(단종)비바,1600,800.0,2400.0,2021년도 전기자동차 동두천시 모델별 보조금,2021,동두천시
화물(소형),비바모빌리티,젤라,1600,800.0,2400.0,2021년도 전기자동차 동두천시 모델별 보조금,2021,동두천시
화물(초소형),스마트솔루션즈,D2C,600,260.0,860.0,2021년도 전기자동차 안산시 모델별 보조금,2021,안산시
화물(초소형),스마트솔루션즈,D2P,600,260.0,860.0,2021년도 전기자동차 안산시 모델별 보조금,2021,안산시
화물(초소형),루트17,다니고3,600,260.0,860.0,2021년도 전기자동차 안산시 모델별 보조금,2021,안산시
화물(초소형),루트17,다니고3 픽업,600,260.0,860.0,2021년도 전기자동차 안산시 모델별 보조금,2021,안산시
화물(초소형),마스타전기차,MASTA VAN,600,260.0,860.0,2021년도 전기자동차 안산시 모델별 보조금,2021,안산시
화물(초소형),마스타전기차,MASTA HIM,600,260.0,860.0,2021년도 전기자동차 안산시 모델별 보조금,2021,안산시
화물(초소형),디피코,(단종)포트로,600,260.0,860.0,2021년도 전기자동차 안산시 모델별 보조금,2021,안산시
화물(초소형),디피코,포트로-탑,600,260.0,860.0,2021년도 전기자동차 안산시 모델별 보조금,2021,안산시
화물(초소형),디피코,포트로-픽업,600,260.0,860.0,2021년도 전기자동차 안산시 모델별 보조금,2021,안산시
화물(초소형),디피코,포트로-탑S,600,260.0,860.0,2021년도 전기자동차 안산시 모델별 보조금,2021,안산시
화물(초소형),디피코,포트로-픽업S,600,260.0,860.0,2021년도 전기자동차 안산시 모델별 보조금,2021,안산시
화물(경형),파워프라자,라보ev PEACE,1100,480.0,1580.0,2021년도 전기자동차 안산시 모델별 보조금,2021,안산시
화물(소형),제인모터스,제인모터스칼마토EV1톤내장탑차,1600,700.0,2300.0,2021년도 전기자동차 안산시 모델별 보조금,2021,안산시
화물(소형),파워프라자,봉고3ev PEACE,1600,700.0,2300.0,2021년도 전기자동차 안산시 모델별 보조금,2021,안산시
화물(소형),파워프라자,봉고3ev PEACE 더블캡,1600,700.0,2300.0,2021년도 전기자동차 안산시 모델별 보조금,2021,안산시
화물(소형),현대자동차,포터Ⅱ 일렉트릭 특장차,1600,700.0,2300.0,2021년도 전기자동차 안산시 모델별 보조금,2021,안산시
화물(소형),현대자동차,포터Ⅱ 일렉트릭 파워게이트,1600,700.0,2300.0,2021년도 전기자동차 안산시 모델별 보조금,2021,안산시
화물(소형),현대자동차,포터Ⅱ 일렉트릭 내장탑차,1600,700.0,2300.0,2021년도 전기자동차 안산시 모델별 보조금,2021,안산시
화물(소형),현대자동차,포터Ⅱ 일렉트릭 내장탑저상,1600,700.0,2300.0,2021년도 전기자동차 안산시 모델별 보조금,2021,안산시
화물(소형),현대자동차,포터Ⅱ 일렉트릭 내장탑하이,1600,700.0,2300.0,2021년도 전기자동차 안산시 모델별 보조금,2021,안산시
화물(소형),현대자동차,포터Ⅱ 일렉트릭 냉동탑저상,1600,700.0,2300.0,2021년도 전기자동차 안산시 모델별 보조금,2021,안산시
화물(소형),현대자동차,포터Ⅱ 일렉트릭(24MY),1600,700.0,2300.0,2021년도 전기자동차 안산시 모델별 보조금,2021,안산시
화물(소형),기아,봉고 전기차,1600,700.0,2300.0,2021년도 전기자동차 안산시 모델별 보조금,2021,안산시
화물(소형),기아,봉고Ⅲ 전기차 특장차,1600,700.0,2300.0,2021년도 전기자동차 안산시 모델별 보조금,2021,안산시
화물(소형),기아,봉고Ⅲ 전기차 파워게이트 2단 알루미늄,1600,700.0,2300.0,2021년도 전기자동차 안산시 모델별 보조금,2021,안산시
화물(소형),기아,봉고Ⅲ 전기차 내장차,1600,700.0,2300.0,2021년도 전기자동차 안산시 모델별 보조금,2021,안산시
화물(소형),기아,봉고Ⅲ 전기차 저상 내장차,1600,700.0,2300.0,2021년도 전기자동차 안산시 모델별 보조금,2021,안산시
화물(소형),기아,봉고Ⅲ 전기차 플러스 내장차,1600,700.0,2300.0,2021년도 전기자동차 안산시 모델별 보조금,2021,안산시
화물(소형),일진정공,일진무시동전기냉동탑차(149.9km),2100,700.0,2800.0,2021년도 전기자동차 안산시 모델별 보조금,2021,안산시
화물(소형),일진정공,일진무시동전기냉동탑차(186.1km),2100,700.0,2800.0,2021년도 전기자동차 안산시 모델별 보조금,2021,안산시
화물(소형),코리아에어카고에이전시,LSEV,1600,700.0,2300.0,2021년도 전기자동차 안산시 모델별 보조금,2021,안산시
화물(소형),루트17,다니고밴,1600,700.0,2300.0,2021년도 전기자동차 안산시 모델별 보조금,2021,안산시
화물(소형),케이지모빌리티커머셜,SMART T1.0,1600,700.0,2300.0,2021년도 전기자동차 안산시 모델별 보조금,2021,안산시
화물(소형),한신자동차,플러스,1600,700.0,2300.0,2021년도 전기자동차 안산시 모델별 보조금,2021,안산시
화물(소형),한신자동차,플러스2.0,1600,700.0,2300.0,2021년도 전기자동차 안산시 모델별 보조금,2021,안산시
화물(소형),비바모빌리티,(단종)비바,1600,700.0,2300.0,2021년도 전기자동차 안산시 모델별 보조금,2021,안산시
화물(소형),비바모빌리티,젤라,1600,700.0,2300.0,2021년도 전기자동차 안산시 모델별 보조금,2021,안산시
화물(초소형),스마트솔루션즈,D2C,600,260.0,860.0,2021년도 전기자동차 고양시 모델별 보조금,2021,고양시
화물(초소형),스마트솔루션즈,D2P,600,260.0,860.0,2021년도 전기자동차 고양시 모델별 보조금,2021,고양시
화물(초소형),루트17,다니고3,600,260.0,860.0,2021년도 전기자동차 고양시 모델별 보조금,2021,고양시
화물(초소형),루트17,다니고3 픽업,600,260.0,860.0,2021년도 전기자동차 고양시 모델별 보조금,2021,고양시
화물(초소형),마스타전기차,MASTA VAN,600,260.0,860.0,2021년도 전기자동차 고양시 모델별 보조금,2021,고양시
화물(초소형),마스타전기차,MASTA HIM,600,260.0,860.0,2021년도 전기자동차 고양시 모델별 보조금,2021,고양시
화물(초소형),디피코,(단종)포트로,600,260.0,860.0,2021년도 전기자동차 고양시 모델별 보조금,2021,고양시
화물(초소형),디피코,포트로-탑,600,260.0,860.0,2021년도 전기자동차 고양시 모델별 보조금,2021,고양시
화물(초소형),디피코,포트로-픽업,600,260.0,860.0,2021년도 전기자동차 고양시 모델별 보조금,2021,고양시
화물(초소형),디피코,포트로-탑S,600,260.0,860.0,2021년도 전기자동차 고양시 모델별 보조금,2021,고양시
화물(초소형),디피코,포트로-픽업S,600,260.0,860.0,2021년도 전기자동차 고양시 모델별 보조금,2021,고양시
화물(경형),파워프라자,라보ev PEACE,1100,480.0,1580.0,2021년도 전기자동차 고양시 모델별 보조금,2021,고양시
화물(소형),제인모터스,제인모터스칼마토EV1톤내장탑차,1600,700.0,2300.0,2021년도 전기자동차 고양시 모델별 보조금,2021,고양시
화물(소형),파워프라자,봉고3ev PEACE,1600,700.0,2300.0,2021년도 전기자동차 고양시 모델별 보조금,2021,고양시
화물(소형),파워프라자,봉고3ev PEACE 더블캡,1600,700.0,2300.0,2021년도 전기자동차 고양시 모델별 보조금,2021,고양시
화물(소형),현대자동차,포터Ⅱ 일렉트릭 특장차,1600,700.0,2300.0,2021년도 전기자동차 고양시 모델별 보조금,2021,고양시
화물(소형),현대자동차,포터Ⅱ 일렉트릭 파워게이트,1600,700.0,2300.0,2021년도 전기자동차 고양시 모델별 보조금,2021,고양시
화물(소형),현대자동차,포터Ⅱ 일렉트릭 내장탑차,1600,700.0,2300.0,2021년도 전기자동차 고양시 모델별 보조금,2021,고양시
화물(소형),현대자동차,포터Ⅱ 일렉트릭 내장탑저상,1600,700.0,2300.0,2021년도 전기자동차 고양시 모델별 보조금,2021,고양시
화물(소형),현대자동차,포터Ⅱ 일렉트릭 내장탑하이,1600,700.0,2300.0,2021년도 전기자동차 고양시 모델별 보조금,2021,고양시
화물(소형),현대자동차,포터Ⅱ 일렉트릭 냉동탑저상,1600,700.0,2300.0,2021년도 전기자동차 고양시 모델별 보조금,2021,고양시
화물(소형),현대자동차,포터Ⅱ 일렉트릭(24MY),1600,700.0,2300.0,2021년도 전기자동차 고양시 모델별 보조금,2021,고양시
화물(소형),기아,봉고 전기차,1600,700.0,2300.0,2021년도 전기자동차 고양시 모델별 보조금,2021,고양시
화물(소형),기아,봉고Ⅲ 전기차 특장차,1600,700.0,2300.0,2021년도 전기자동차 고양시 모델별 보조금,2021,고양시
화물(소형),기아,봉고Ⅲ 전기차 파워게이트 2단 알루미늄,1600,700.0,2300.0,2021년도 전기자동차 고양시 모델별 보조금,2021,고양시
화물(소형),기아,봉고Ⅲ 전기차 내장차,1600,700.0,2300.0,2021년도 전기자동차 고양시 모델별 보조금,2021,고양시
화물(소형),기아,봉고Ⅲ 전기차 저상 내장차,1600,700.0,2300.0,2021년도 전기자동차 고양시 모델별 보조금,2021,고양시
화물(소형),기아,봉고Ⅲ 전기차 플러스 내장차,1600,700.0,2300.0,2021년도 전기자동차 고양시 모델별 보조금,2021,고양시
화물(소형),일진정공,일진무시동전기냉동탑차(149.9km),2100,700.0,2800.0,2021년도 전기자동차 고양시 모델별 보조금,2021,고양시
화물(소형),일진정공,일진무시동전기냉동탑차(186.1km),2100,700.0,2800.0,2021년도 전기자동차 고양시 모델별 보조금,2021,고양시
화물(소형),코리아에어카고에이전시,LSEV,1600,700.0,2300.0,2021년도 전기자동차 고양시 모델별 보조금,2021,고양시
화물(소형),루트17,다니고밴,1600,700.0,2300.0,2021년도 전기자동차 고양시 모델별 보조금,2021,고양시
화물(소형),케이지모빌리티커머셜,SMART T1.0,1600,700.0,2300.0,2021년도 전기자동차 고양시 모델별 보조금,2021,고양시
화물(소형),한신자동차,플러스,1600,700.0,2300.0,2021년도 전기자동차 고양시 모델별 보조금,2021,고양시
화물(소형),한신자동차,플러스2.0,1600,700.0,2300.0,2021년도 전기자동차 고양시 모델별 보조금,2021,고양시
화물(소형),비바모빌리티,(단종)비바,1600,700.0,2300.0,2021년도 전기자동차 고양시 모델별 보조금,2021,고양시
화물(소형),비바모빌리티,젤라,1600,700.0,2300.0,2021년도 전기자동차 고양시 모델별 보조금,2021,고양시
화물(초소형),스마트솔루션즈,D2C,600,330.0,930.0,2021년도 전기자동차 과천시 모델별 보조금,2021,과천시
화물(초소형),스마트솔루션즈,D2P,600,330.0,930.0,2021년도 전기자동차 과천시 모델별 보조금,2021,과천시
화물(초소형),루트17,다니고3,600,330.0,930.0,2021년도 전기자동차 과천시 모델별 보조금,2021,과천시
화물(초소형),루트17,다니고3 픽업,600,330.0,930.0,2021년도 전기자동차 과천시 모델별 보조금,2021,과천시
화물(초소형),마스타전기차,MASTA VAN,600,330.0,930.0,2021년도 전기자동차 과천시 모델별 보조금,2021,과천시
화물(초소형),마스타전기차,MASTA HIM,600,330.0,930.0,2021년도 전기자동차 과천시 모델별 보조금,2021,과천시
화물(초소형),디피코,(단종)포트로,600,330.0,930.0,2021년도 전기자동차 과천시 모델별 보조금,2021,과천시
화물(초소형),디피코,포트로-탑,600,330.0,930.0,2021년도 전기자동차 과천시 모델별 보조금,2021,과천시
화물(초소형),디피코,포트로-픽업,600,330.0,930.0,2021년도 전기자동차 과천시 모델별 보조금,2021,과천시
화물(초소형),디피코,포트로-탑S,600,330.0,930.0,2021년도 전기자동차 과천시 모델별 보조금,2021,과천시
화물(초소형),디피코,포트로-픽업S,600,330.0,930.0,2021년도 전기자동차 과천시 모델별 보조금,2021,과천시
화물(경형),파워프라자,라보ev PEACE,1100,610.0,1710.0,2021년도 전기자동차 과천시 모델별 보조금,2021,과천시
화물(소형),제인모터스,제인모터스칼마토EV1톤내장탑차,1600,900.0,2500.0,2021년도 전기자동차 과천시 모델별 보조금,2021,과천시
화물(소형),파워프라자,봉고3ev PEACE,1600,900.0,2500.0,2021년도 전기자동차 과천시 모델별 보조금,2021,과천시
화물(소형),파워프라자,봉고3ev PEACE 더블캡,1600,900.0,2500.0,2021년도 전기자동차 과천시 모델별 보조금,2021,과천시
화물(소형),현대자동차,포터Ⅱ 일렉트릭 특장차,1600,900.0,2500.0,2021년도 전기자동차 과천시 모델별 보조금,2021,과천시
화물(소형),현대자동차,포터Ⅱ 일렉트릭 파워게이트,1600,900.0,2500.0,2021년도 전기자동차 과천시 모델별 보조금,2021,과천시
화물(소형),현대자동차,포터Ⅱ 일렉트릭 내장탑차,1600,900.0,2500.0,2021년도 전기자동차 과천시 모델별 보조금,2021,과천시
화물(소형),현대자동차,포터Ⅱ 일렉트릭 내장탑저상,1600,900.0,2500.0,2021년도 전기자동차 과천시 모델별 보조금,2021,과천시
화물(소형),현대자동차,포터Ⅱ 일렉트릭 내장탑하이,1600,900.0,2500.0,2021년도 전기자동차 과천시 모델별 보조금,2021,과천시
화물(소형),현대자동차,포터Ⅱ 일렉트릭 냉동탑저상,1600,900.0,2500.0,2021년도 전기자동차 과천시 모델별 보조금,2021,과천시
화물(소형),현대자동차,포터Ⅱ 일렉트릭(24MY),1600,900.0,2500.0,2021년도 전기자동차 과천시 모델별 보조금,2021,과천시
화물(소형),기아,봉고 전기차,1600,900.0,2500.0,2021년도 전기자동차 과천시 모델별 보조금,2021,과천시
화물(소형),기아,봉고Ⅲ 전기차 특장차,1600,900.0,2500.0,2021년도 전기자동차 과천시 모델별 보조금,2021,과천시
화물(소형),기아,봉고Ⅲ 전기차 파워게이트 2단 알루미늄,1600,900.0,2500.0,2021년도 전기자동차 과천시 모델별 보조금,2021,과천시
화물(소형),기아,봉고Ⅲ 전기차 내장차,1600,900.0,2500.0,2021년도 전기자동차 과천시 모델별 보조금,2021,과천시
화물(소형),기아,봉고Ⅲ 전기차 저상 내장차,1600,900.0,2500.0,2021년도 전기자동차 과천시 모델별 보조금,2021,과천시
화물(소형),기아,봉고Ⅲ 전기차 플러스 내장차,1600,900.0,2500.0,2021년도 전기자동차 과천시 모델별 보조금,2021,과천시
화물(소형),일진정공,일진무시동전기냉동탑차(149.9km),2100,1100.0,3200.0,2021년도 전기자동차 과천시 모델별 보조금,2021,과천시
화물(소형),일진정공,일진무시동전기냉동탑차(186.1km),2100,1100.0,3200.0,2021년도 전기자동차 과천시 모델별 보조금,2021,과천시
화물(소형),코리아에어카고에이전시,LSEV,1600,900.0,2500.0,2021년도 전기자동차 과천시 모델별 보조금,2021,과천시
화물(소형),루트17,다니고밴,1600,900.0,2500.0,2021년도 전기자동차 과천시 모델별 보조금,2021,과천시
화물(소형),케이지모빌리티커머셜,SMART T1.0,1600,900.0,2500.0,2021년도 전기자동차 과천시 모델별 보조금,2021,과천시
화물(소형),한신자동차,플러스,1600,900.0,2500.0,2021년도 전기자동차 과천시 모델별 보조금,2021,과천시
화물(소형),한신자동차,플러스2.0,1600,900.0,2500.0,2021년도 전기자동차 과천시 모델별 보조금,2021,과천시
화물(소형),비바모빌리티,(단종)비바,1600,900.0,2500.0,2021년도 전기자동차 과천시 모델별 보조금,2021,과천시
화물(소형),비바모빌리티,젤라,1600,900.0,2500.0,2021년도 전기자동차 과천시 모델별 보조금,2021,과천시
화물(초소형),스마트솔루션즈,D2C,600,256.0,856.0,2021년도 전기자동차 구리시 모델별 보조금,2021,구리시
화물(초소형),스마트솔루션즈,D2P,600,256.0,856.0,2021년도 전기자동차 구리시 모델별 보조금,2021,구리시
화물(초소형),루트17,다니고3,600,256.0,856.0,2021년도 전기자동차 구리시 모델별 보조금,2021,구리시
화물(초소형),루트17,다니고3 픽업,600,256.0,856.0,2021년도 전기자동차 구리시 모델별 보조금,2021,구리시
화물(초소형),마스타전기차,MASTA VAN,600,256.0,856.0,2021년도 전기자동차 구리시 모델별 보조금,2021,구리시
화물(초소형),마스타전기차,MASTA HIM,600,256.0,856.0,2021년도 전기자동차 구리시 모델별 보조금,2021,구리시
화물(초소형),디피코,(단종)포트로,600,256.0,856.0,2021년도 전기자동차 구리시 모델별 보조금,2021,구리시
화물(초소형),디피코,포트로-탑,600,256.0,856.0,2021년도 전기자동차 구리시 모델별 보조금,2021,구리시
화물(초소형),디피코,포트로-픽업,600,256.0,856.0,2021년도 전기자동차 구리시 모델별 보조금,2021,구리시
화물(초소형),디피코,포트로-탑S,600,256.0,856.0,2021년도 전기자동차 구리시 모델별 보조금,2021,구리시
화물(초소형),디피코,포트로-픽업S,600,256.0,856.0,2021년도 전기자동차 구리시 모델별 보조금,2021,구리시
화물(경형),파워프라자,라보ev PEACE,1100,550.0,1650.0,2021년도 전기자동차 구리시 모델별 보조금,2021,구리시
화물(소형),제인모터스,제인모터스칼마토EV1톤내장탑차,1600,900.0,2500.0,2021년도 전기자동차 구리시 모델별 보조금,2021,구리시
화물(소형),파워프라자,봉고3ev PEACE,1600,900.0,2500.0,2021년도 전기자동차 구리시 모델별 보조금,2021,구리시
화물(소형),파워프라자,봉고3ev PEACE 더블캡,1600,900.0,2500.0,2021년도 전기자동차 구리시 모델별 보조금,2021,구리시
화물(소형),현대자동차,포터Ⅱ 일렉트릭 특장차,1600,900.0,2500.0,2021년도 전기자동차 구리시 모델별 보조금,2021,구리시
화물(소형),현대자동차,포터Ⅱ 일렉트릭 파워게이트,1600,900.0,2500.0,2021년도 전기자동차 구리시 모델별 보조금,2021,구리시
화물(소형),현대자동차,포터Ⅱ 일렉트릭 내장탑차,1600,900.0,2500.0,2021년도 전기자동차 구리시 모델별 보조금,2021,구리시
화물(소형),현대자동차,포터Ⅱ 일렉트릭 내장탑저상,1600,900.0,2500.0,2021년도 전기자동차 구리시 모델별 보조금,2021,구리시
화물(소형),현대자동차,포터Ⅱ 일렉트릭 내장탑하이,1600,900.0,2500.0,2021년도 전기자동차 구리시 모델별 보조금,2021,구리시
화물(소형),현대자동차,포터Ⅱ 일렉트릭 냉동탑저상,1600,900.0,2500.0,2021년도 전기자동차 구리시 모델별 보조금,2021,구리시
화물(소형),현대자동차,포터Ⅱ 일렉트릭(24MY),1600,900.0,2500.0,2021년도 전기자동차 구리시 모델별 보조금,2021,구리시
화물(소형),기아,봉고 전기차,1600,900.0,2500.0,2021년도 전기자동차 구리시 모델별 보조금,2021,구리시
화물(소형),기아,봉고Ⅲ 전기차 특장차,1600,900.0,2500.0,2021년도 전기자동차 구리시 모델별 보조금,2021,구리시
화물(소형),기아,봉고Ⅲ 전기차 파워게이트 2단 알루미늄,1600,900.0,2500.0,2021년도 전기자동차 구리시 모델별 보조금,2021,구리시
화물(소형),기아,봉고Ⅲ 전기차 내장차,1600,900.0,2500.0,2021년도 전기자동차 구리시 모델별 보조금,2021,구리시
화물(소형),기아,봉고Ⅲ 전기차 저상 내장차,1600,900.0,2500.0,2021년도 전기자동차 구리시 모델별 보조금,2021,구리시
화물(소형),기아,봉고Ⅲ 전기차 플러스 내장차,1600,900.0,2500.0,2021년도 전기자동차 구리시 모델별 보조금,2021,구리시
화물(소형),일진정공,일진무시동전기냉동탑차(149.9km),2100,900.0,3000.0,2021년도 전기자동차 구리시 모델별 보조금,2021,구리시
화물(소형),일진정공,일진무시동전기냉동탑차(186.1km),2100,900.0,3000.0,2021년도 전기자동차 구리시 모델별 보조금,2021,구리시
화물(소형),코리아에어카고에이전시,LSEV,1600,900.0,2500.0,2021년도 전기자동차 구리시 모델별 보조금,2021,구리시
화물(소형),루트17,다니고밴,1600,900.0,2500.0,2021년도 전기자동차 구리시 모델별 보조금,2021,구리시
화물(소형),케이지모빌리티커머셜,SMART T1.0,1600,900.0,2500.0,2021년도 전기자동차 구리시 모델별 보조금,2021,구리시
화물(소형),한신자동차,플러스,1600,900.0,2500.0,2021년도 전기자동차 구리시 모델별 보조금,2021,구리시
화물(소형),한신자동차,플러스2.0,1600,900.0,2500.0,2021년도 전기자동차 구리시 모델별 보조금,2021,구리시
화물(소형),비바모빌리티,(단종)비바,1600,900.0,2500.0,2021년도 전기자동차 구리시 모델별 보조금,2021,구리시
화물(소형),비바모빌리티,젤라,1600,900.0,2500.0,2021년도 전기자동차 구리시 모델별 보조금,2021,구리시
화물(초소형),스마트솔루션즈,D2C,600,260.0,860.0,2021년도 전기자동차 남양주시 모델별 보조금,2021,남양주시
화물(초소형),스마트솔루션즈,D2P,600,260.0,860.0,2021년도 전기자동차 남양주시 모델별 보조금,2021,남양주시
화물(초소형),루트17,다니고3,600,260.0,860.0,2021년도 전기자동차 남양주시 모델별 보조금,2021,남양주시
화물(초소형),루트17,다니고3 픽업,600,260.0,860.0,2021년도 전기자동차 남양주시 모델별 보조금,2021,남양주시
화물(초소형),마스타전기차,MASTA VAN,600,260.0,860.0,2021년도 전기자동차 남양주시 모델별 보조금,2021,남양주시
화물(초소형),마스타전기차,MASTA HIM,600,260.0,860.0,2021년도 전기자동차 남양주시 모델별 보조금,2021,남양주시
화물(초소형),디피코,(단종)포트로,600,260.0,860.0,2021년도 전기자동차 남양주시 모델별 보조금,2021,남양주시
화물(초소형),디피코,포트로-탑,600,260.0,860.0,2021년도 전기자동차 남양주시 모델별 보조금,2021,남양주시
화물(초소형),디피코,포트로-픽업,600,260.0,860.0,2021년도 전기자동차 남양주시 모델별 보조금,2021,남양주시
화물(초소형),디피코,포트로-탑S,600,260.0,860.0,2021년도 전기자동차 남양주시 모델별 보조금,2021,남양주시
화물(초소형),디피코,포트로-픽업S,600,260.0,860.0,2021년도 전기자동차 남양주시 모델별 보조금,2021,남양주시
화물(경형),파워프라자,라보ev PEACE,1100,480.0,1580.0,2021년도 전기자동차 남양주시 모델별 보조금,2021,남양주시
화물(소형),제인모터스,제인모터스칼마토EV1톤내장탑차,1600,700.0,2300.0,2021년도 전기자동차 남양주시 모델별 보조금,2021,남양주시
화물(소형),파워프라자,봉고3ev PEACE,1600,700.0,2300.0,2021년도 전기자동차 남양주시 모델별 보조금,2021,남양주시
화물(소형),파워프라자,봉고3ev PEACE 더블캡,1600,700.0,2300.0,2021년도 전기자동차 남양주시 모델별 보조금,2021,남양주시
화물(소형),현대자동차,포터Ⅱ 일렉트릭 특장차,1600,700.0,2300.0,2021년도 전기자동차 남양주시 모델별 보조금,2021,남양주시
화물(소형),현대자동차,포터Ⅱ 일렉트릭 파워게이트,1600,700.0,2300.0,2021년도 전기자동차 남양주시 모델별 보조금,2021,남양주시
화물(소형),현대자동차,포터Ⅱ 일렉트릭 내장탑차,1600,700.0,2300.0,2021년도 전기자동차 남양주시 모델별 보조금,2021,남양주시
화물(소형),현대자동차,포터Ⅱ 일렉트릭 내장탑저상,1600,700.0,2300.0,2021년도 전기자동차 남양주시 모델별 보조금,2021,남양주시
화물(소형),현대자동차,포터Ⅱ 일렉트릭 내장탑하이,1600,700.0,2300.0,2021년도 전기자동차 남양주시 모델별 보조금,2021,남양주시
화물(소형),현대자동차,포터Ⅱ 일렉트릭 냉동탑저상,1600,700.0,2300.0,2021년도 전기자동차 남양주시 모델별 보조금,2021,남양주시
화물(소형),현대자동차,포터Ⅱ 일렉트릭(24MY),1600,700.0,2300.0,2021년도 전기자동차 남양주시 모델별 보조금,2021,남양주시
화물(소형),기아,봉고 전기차,1600,700.0,2300.0,2021년도 전기자동차 남양주시 모델별 보조금,2021,남양주시
화물(소형),기아,봉고Ⅲ 전기차 특장차,1600,700.0,2300.0,2021년도 전기자동차 남양주시 모델별 보조금,2021,남양주시
화물(소형),기아,봉고Ⅲ 전기차 파워게이트 2단 알루미늄,1600,700.0,2300.0,2021년도 전기자동차 남양주시 모델별 보조금,2021,남양주시
화물(소형),기아,봉고Ⅲ 전기차 내장차,1600,700.0,2300.0,2021년도 전기자동차 남양주시 모델별 보조금,2021,남양주시
화물(소형),기아,봉고Ⅲ 전기차 저상 내장차,1600,700.0,2300.0,2021년도 전기자동차 남양주시 모델별 보조금,2021,남양주시
화물(소형),기아,봉고Ⅲ 전기차 플러스 내장차,1600,700.0,2300.0,2021년도 전기자동차 남양주시 모델별 보조금,2021,남양주시
화물(소형),일진정공,일진무시동전기냉동탑차(149.9km),2100,700.0,2800.0,2021년도 전기자동차 남양주시 모델별 보조금,2021,남양주시
화물(소형),일진정공,일진무시동전기냉동탑차(186.1km),2100,700.0,2800.0,2021년도 전기자동차 남양주시 모델별 보조금,2021,남양주시
화물(소형),코리아에어카고에이전시,LSEV,1600,700.0,2300.0,2021년도 전기자동차 남양주시 모델별 보조금,2021,남양주시
화물(소형),루트17,다니고밴,1600,700.0,2300.0,2021년도 전기자동차 남양주시 모델별 보조금,2021,남양주시
화물(소형),케이지모빌리티커머셜,SMART T1.0,1600,700.0,2300.0,2021년도 전기자동차 남양주시 모델별 보조금,2021,남양주시
화물(소형),한신자동차,플러스,1600,700.0,2300.0,2021년도 전기자동차 남양주시 모델별 보조금,2021,남양주시
화물(소형),한신자동차,플러스2.0,1600,700.0,2300.0,2021년도 전기자동차 남양주시 모델별 보조금,2021,남양주시
화물(소형),비바모빌리티,(단종)비바,1600,700.0,2300.0,2021년도 전기자동차 남양주시 모델별 보조금,2021,남양주시
화물(소형),비바모빌리티,젤라,1600,700.0,2300.0,2021년도 전기자동차 남양주시 모델별 보조금,2021,남양주시
화물(초소형),스마트솔루션즈,D2C,600,300.0,900.0,2021년도 전기자동차 오산시 모델별 보조금,2021,오산시
화물(초소형),스마트솔루션즈,D2P,600,300.0,900.0,2021년도 전기자동차 오산시 모델별 보조금,2021,오산시
화물(초소형),루트17,다니고3,600,300.0,900.0,2021년도 전기자동차 오산시 모델별 보조금,2021,오산시
화물(초소형),루트17,다니고3 픽업,600,300.0,900.0,2021년도 전기자동차 오산시 모델별 보조금,2021,오산시
화물(초소형),마스타전기차,MASTA VAN,600,300.0,900.0,2021년도 전기자동차 오산시 모델별 보조금,2021,오산시
화물(초소형),마스타전기차,MASTA HIM,600,300.0,900.0,2021년도 전기자동차 오산시 모델별 보조금,2021,오산시
화물(초소형),디피코,(단종)포트로,600,300.0,900.0,2021년도 전기자동차 오산시 모델별 보조금,2021,오산시
화물(초소형),디피코,포트로-탑,600,300.0,900.0,2021년도 전기자동차 오산시 모델별 보조금,2021,오산시
화물(초소형),디피코,포트로-픽업,600,300.0,900.0,2021년도 전기자동차 오산시 모델별 보조금,2021,오산시
화물(초소형),디피코,포트로-탑S,600,300.0,900.0,2021년도 전기자동차 오산시 모델별 보조금,2021,오산시
화물(초소형),디피코,포트로-픽업S,600,300.0,900.0,2021년도 전기자동차 오산시 모델별 보조금,2021,오산시
화물(경형),파워프라자,라보ev PEACE,1100,600.0,1700.0,2021년도 전기자동차 오산시 모델별 보조금,2021,오산시
화물(소형),제인모터스,제인모터스칼마토EV1톤내장탑차,1600,900.0,2500.0,2021년도 전기자동차 오산시 모델별 보조금,2021,오산시
화물(소형),파워프라자,봉고3ev PEACE,1600,900.0,2500.0,2021년도 전기자동차 오산시 모델별 보조금,2021,오산시
화물(소형),파워프라자,봉고3ev PEACE 더블캡,1600,900.0,2500.0,2021년도 전기자동차 오산시 모델별 보조금,2021,오산시
화물(소형),현대자동차,포터Ⅱ 일렉트릭 특장차,1600,900.0,2500.0,2021년도 전기자동차 오산시 모델별 보조금,2021,오산시
화물(소형),현대자동차,포터Ⅱ 일렉트릭 파워게이트,1600,900.0,2500.0,2021년도 전기자동차 오산시 모델별 보조금,2021,오산시
화물(소형),현대자동차,포터Ⅱ 일렉트릭 내장탑차,1600,900.0,2500.0,2021년도 전기자동차 오산시 모델별 보조금,2021,오산시
화물(소형),현대자동차,포터Ⅱ 일렉트릭 내장탑저상,1600,900.0,2500.0,2021년도 전기자동차 오산시 모델별 보조금,2021,오산시
화물(소형),현대자동차,포터Ⅱ 일렉트릭 내장탑하이,1600,900.0,2500.0,2021년도 전기자동차 오산시 모델별 보조금,2021,오산시
화물(소형),현대자동차,포터Ⅱ 일렉트릭 냉동탑저상,1600,900.0,2500.0,2021년도 전기자동차 오산시 모델별 보조금,2021,오산시
화물(소형),현대자동차,포터Ⅱ 일렉트릭(24MY),1600,900.0,2500.0,2021년도 전기자동차 오산시 모델별 보조금,2021,오산시
화물(소형),기아,봉고 전기차,1600,900.0,2500.0,2021년도 전기자동차 오산시 모델별 보조금,2021,오산시
화물(소형),기아,봉고Ⅲ 전기차 특장차,1600,900.0,2500.0,2021년도 전기자동차 오산시 모델별 보조금,2021,오산시
화물(소형),기아,봉고Ⅲ 전기차 파워게이트 2단 알루미늄,1600,900.0,2500.0,2021년도 전기자동차 오산시 모델별 보조금,2021,오산시
화물(소형),기아,봉고Ⅲ 전기차 내장차,1600,900.0,2500.0,2021년도 전기자동차 오산시 모델별 보조금,2021,오산시
화물(소형),기아,봉고Ⅲ 전기차 저상 내장차,1600,900.0,2500.0,2021년도 전기자동차 오산시 모델별 보조금,2021,오산시
화물(소형),기아,봉고Ⅲ 전기차 플러스 내장차,1600,900.0,2500.0,2021년도 전기자동차 오산시 모델별 보조금,2021,오산시
화물(소형),일진정공,일진무시동전기냉동탑차(149.9km),2100,900.0,3000.0,2021년도 전기자동차 오산시 모델별 보조금,2021,오산시
화물(소형),일진정공,일진무시동전기냉동탑차(186.1km),2100,900.0,3000.0,2021년도 전기자동차 오산시 모델별 보조금,2021,오산시
화물(소형),코리아에어카고에이전시,LSEV,1600,900.0,2500.0,2021년도 전기자동차 오산시 모델별 보조금,2021,오산시
화물(소형),루트17,다니고밴,1600,900.0,2500.0,2021년도 전기자동차 오산시 모델별 보조금,2021,오산시
화물(소형),케이지모빌리티커머셜,SMART T1.0,1600,900.0,2500.0,2021년도 전기자동차 오산시 모델별 보조금,2021,오산시
화물(소형),한신자동차,플러스,1600,900.0,2500.0,2021년도 전기자동차 오산시 모델별 보조금,2021,오산시
화물(소형),한신자동차,플러스2.0,1600,900.0,2500.0,2021년도 전기자동차 오산시 모델별 보조금,2021,오산시
화물(소형),비바모빌리티,(단종)비바,1600,900.0,2500.0,2021년도 전기자동차 오산시 모델별 보조금,2021,오산시
화물(소형),비바모빌리티,젤라,1600,900.0,2500.0,2021년도 전기자동차 오산시 모델별 보조금,2021,오산시
화물(초소형),스마트솔루션즈,D2C,600,260.0,860.0,2021년도 전기자동차 시흥시 모델별 보조금,2021,시흥시
화물(초소형),스마트솔루션즈,D2P,600,260.0,860.0,2021년도 전기자동차 시흥시 모델별 보조금,2021,시흥시
화물(초소형),루트17,다니고3,600,260.0,860.0,2021년도 전기자동차 시흥시 모델별 보조금,2021,시흥시
화물(초소형),루트17,다니고3 픽업,600,260.0,860.0,2021년도 전기자동차 시흥시 모델별 보조금,2021,시흥시
화물(초소형),마스타전기차,MASTA VAN,600,260.0,860.0,2021년도 전기자동차 시흥시 모델별 보조금,2021,시흥시
화물(초소형),마스타전기차,MASTA HIM,600,260.0,860.0,2021년도 전기자동차 시흥시 모델별 보조금,2021,시흥시
화물(초소형),디피코,(단종)포트로,600,260.0,860.0,2021년도 전기자동차 시흥시 모델별 보조금,2021,시흥시
화물(초소형),디피코,포트로-탑,600,260.0,860.0,2021년도 전기자동차 시흥시 모델별 보조금,2021,시흥시
화물(초소형),디피코,포트로-픽업,600,260.0,860.0,2021년도 전기자동차 시흥시 모델별 보조금,2021,시흥시
화물(초소형),디피코,포트로-탑S,600,260.0,860.0,2021년도 전기자동차 시흥시 모델별 보조금,2021,시흥시
화물(초소형),디피코,포트로-픽업S,600,260.0,860.0,2021년도 전기자동차 시흥시 모델별 보조금,2021,시흥시
화물(경형),파워프라자,라보ev PEACE,1100,420.0,1520.0,2021년도 전기자동차 시흥시 모델별 보조금,2021,시흥시
화물(소형),제인모터스,제인모터스칼마토EV1톤내장탑차,1600,500.0,2100.0,2021년도 전기자동차 시흥시 모델별 보조금,2021,시흥시
화물(소형),파워프라자,봉고3ev PEACE,1600,500.0,2100.0,2021년도 전기자동차 시흥시 모델별 보조금,2021,시흥시
화물(소형),파워프라자,봉고3ev PEACE 더블캡,1600,500.0,2100.0,2021년도 전기자동차 시흥시 모델별 보조금,2021,시흥시
화물(소형),현대자동차,포터Ⅱ 일렉트릭 특장차,1600,500.0,2100.0,2021년도 전기자동차 시흥시 모델별 보조금,2021,시흥시
화물(소형),현대자동차,포터Ⅱ 일렉트릭 파워게이트,1600,500.0,2100.0,2021년도 전기자동차 시흥시 모델별 보조금,2021,시흥시
화물(소형),현대자동차,포터Ⅱ 일렉트릭 내장탑차,1600,500.0,2100.0,2021년도 전기자동차 시흥시 모델별 보조금,2021,시흥시
화물(소형),현대자동차,포터Ⅱ 일렉트릭 내장탑저상,1600,500.0,2100.0,2021년도 전기자동차 시흥시 모델별 보조금,2021,시흥시
화물(소형),현대자동차,포터Ⅱ 일렉트릭 내장탑하이,1600,500.0,2100.0,2021년도 전기자동차 시흥시 모델별 보조금,2021,시흥시
화물(소형),현대자동차,포터Ⅱ 일렉트릭 냉동탑저상,1600,500.0,2100.0,2021년도 전기자동차 시흥시 모델별 보조금,2021,시흥시
화물(소형),현대자동차,포터Ⅱ 일렉트릭(24MY),1600,500.0,2100.0,2021년도 전기자동차 시흥시 모델별 보조금,2021,시흥시
화물(소형),기아,봉고 전기차,1600,500.0,2100.0,2021년도 전기자동차 시흥시 모델별 보조금,2021,시흥시
화물(소형),기아,봉고Ⅲ 전기차 특장차,1600,500.0,2100.0,2021년도 전기자동차 시흥시 모델별 보조금,2021,시흥시
화물(소형),기아,봉고Ⅲ 전기차 파워게이트 2단 알루미늄,1600,500.0,2100.0,2021년도 전기자동차 시흥시 모델별 보조금,2021,시흥시
화물(소형),기아,봉고Ⅲ 전기차 내장차,1600,500.0,2100.0,2021년도 전기자동차 시흥시 모델별 보조금,2021,시흥시
화물(소형),기아,봉고Ⅲ 전기차 저상 내장차,1600,500.0,2100.0,2021년도 전기자동차 시흥시 모델별 보조금,2021,시흥시
화물(소형),기아,봉고Ⅲ 전기차 플러스 내장차,1600,500.0,2100.0,2021년도 전기자동차 시흥시 모델별 보조금,2021,시흥시
화물(소형),일진정공,일진무시동전기냉동탑차(149.9km),2100,500.0,2600.0,2021년도 전기자동차 시흥시 모델별 보조금,2021,시흥시
화물(소형),일진정공,일진무시동전기냉동탑차(186.1km),2100,500.0,2600.0,2021년도 전기자동차 시흥시 모델별 보조금,2021,시흥시
화물(소형),코리아에어카고에이전시,LSEV,1600,500.0,2100.0,2021년도 전기자동차 시흥시 모델별 보조금,2021,시흥시
화물(소형),루트17,다니고밴,1600,500.0,2100.0,2021년도 전기자동차 시흥시 모델별 보조금,2021,시흥시
화물(소형),케이지모빌리티커머셜,SMART T1.0,1600,500.0,2100.0,2021년도 전기자동차 시흥시 모델별 보조금,2021,시흥시
화물(소형),한신자동차,플러스,1600,500.0,2100.0,2021년도 전기자동차 시흥시 모델별 보조금,2021,시흥시
화물(소형),한신자동차,플러스2.0,1600,500.0,2100.0,2021년도 전기자동차 시흥시 모델별 보조금,2021,시흥시
화물(소형),비바모빌리티,(단종)비바,1600,500.0,2100.0,2021년도 전기자동차 시흥시 모델별 보조금,2021,시흥시
화물(소형),비바모빌리티,젤라,1600,500.0,2100.0,2021년도 전기자동차 시흥시 모델별 보조금,2021,시흥시
화물(초소형),스마트솔루션즈,D2C,600,260.0,860.0,2021년도 전기자동차 군포시 모델별 보조금,2021,군포시
화물(초소형),스마트솔루션즈,D2P,600,260.0,860.0,2021년도 전기자동차 군포시 모델별 보조금,2021,군포시
화물(초소형),루트17,다니고3,600,260.0,860.0,2021년도 전기자동차 군포시 모델별 보조금,2021,군포시
화물(초소형),루트17,다니고3 픽업,600,260.0,860.0,2021년도 전기자동차 군포시 모델별 보조금,2021,군포시
화물(초소형),마스타전기차,MASTA VAN,600,260.0,860.0,2021년도 전기자동차 군포시 모델별 보조금,2021,군포시
화물(초소형),마스타전기차,MASTA HIM,600,260.0,860.0,2021년도 전기자동차 군포시 모델별 보조금,2021,군포시
화물(초소형),디피코,(단종)포트로,600,260.0,860.0,2021년도 전기자동차 군포시 모델별 보조금,2021,군포시
화물(초소형),디피코,포트로-탑,600,260.0,860.0,2021년도 전기자동차 군포시 모델별 보조금,2021,군포시
화물(초소형),디피코,포트로-픽업,600,260.0,860.0,2021년도 전기자동차 군포시 모델별 보조금,2021,군포시
화물(초소형),디피코,포트로-탑S,600,260.0,860.0,2021년도 전기자동차 군포시 모델별 보조금,2021,군포시
화물(초소형),디피코,포트로-픽업S,600,260.0,860.0,2021년도 전기자동차 군포시 모델별 보조금,2021,군포시
화물(경형),파워프라자,라보ev PEACE,1100,480.0,1580.0,2021년도 전기자동차 군포시 모델별 보조금,2021,군포시
화물(소형),제인모터스,제인모터스칼마토EV1톤내장탑차,1600,700.0,2300.0,2021년도 전기자동차 군포시 모델별 보조금,2021,군포시
화물(소형),파워프라자,봉고3ev PEACE,1600,700.0,2300.0,2021년도 전기자동차 군포시 모델별 보조금,2021,군포시
화물(소형),파워프라자,봉고3ev PEACE 더블캡,1600,700.0,2300.0,2021년도 전기자동차 군포시 모델별 보조금,2021,군포시
화물(소형),현대자동차,포터Ⅱ 일렉트릭 특장차,1600,700.0,2300.0,2021년도 전기자동차 군포시 모델별 보조금,2021,군포시
화물(소형),현대자동차,포터Ⅱ 일렉트릭 파워게이트,1600,700.0,2300.0,2021년도 전기자동차 군포시 모델별 보조금,2021,군포시
화물(소형),현대자동차,포터Ⅱ 일렉트릭 내장탑차,1600,700.0,2300.0,2021년도 전기자동차 군포시 모델별 보조금,2021,군포시
화물(소형),현대자동차,포터Ⅱ 일렉트릭 내장탑저상,1600,700.0,2300.0,2021년도 전기자동차 군포시 모델별 보조금,2021,군포시
화물(소형),현대자동차,포터Ⅱ 일렉트릭 내장탑하이,1600,700.0,2300.0,2021년도 전기자동차 군포시 모델별 보조금,2021,군포시
화물(소형),현대자동차,포터Ⅱ 일렉트릭 냉동탑저상,1600,700.0,2300.0,2021년도 전기자동차 군포시 모델별 보조금,2021,군포시
화물(소형),현대자동차,포터Ⅱ 일렉트릭(24MY),1600,700.0,2300.0,2021년도 전기자동차 군포시 모델별 보조금,2021,군포시
화물(소형),기아,봉고 전기차,1600,700.0,2300.0,2021년도 전기자동차 군포시 모델별 보조금,2021,군포시
화물(소형),기아,봉고Ⅲ 전기차 특장차,1600,700.0,2300.0,2021년도 전기자동차 군포시 모델별 보조금,2021,군포시
화물(소형),기아,봉고Ⅲ 전기차 파워게이트 2단 알루미늄,1600,700.0,2300.0,2021년도 전기자동차 군포시 모델별 보조금,2021,군포시
화물(소형),기아,봉고Ⅲ 전기차 내장차,1600,700.0,2300.0,2021년도 전기자동차 군포시 모델별 보조금,2021,군포시
화물(소형),기아,봉고Ⅲ 전기차 저상 내장차,1600,700.0,2300.0,2021년도 전기자동차 군포시 모델별 보조금,2021,군포시
화물(소형),기아,봉고Ⅲ 전기차 플러스 내장차,1600,700.0,2300.0,2021년도 전기자동차 군포시 모델별 보조금,2021,군포시
화물(소형),일진정공,일진무시동전기냉동탑차(149.9km),2100,910.0,3010.0,2021년도 전기자동차 군포시 모델별 보조금,2021,군포시
화물(소형),일진정공,일진무시동전기냉동탑차(186.1km),2100,910.0,3010.0,2021년도 전기자동차 군포시 모델별 보조금,2021,군포시
화물(소형),코리아에어카고에이전시,LSEV,1600,700.0,2300.0,2021년도 전기자동차 군포시 모델별 보조금,2021,군포시
화물(소형),루트17,다니고밴,1600,700.0,2300.0,2021년도 전기자동차 군포시 모델별 보조금,2021,군포시
화물(소형),케이지모빌리티커머셜,SMART T1.0,1600,700.0,2300.0,2021년도 전기자동차 군포시 모델별 보조금,2021,군포시
화물(소형),한신자동차,플러스,1600,700.0,2300.0,2021년도 전기자동차 군포시 모델별 보조금,2021,군포시
화물(소형),한신자동차,플러스2.0,1600,700.0,2300.0,2021년도 전기자동차 군포시 모델별 보조금,2021,군포시
화물(소형),비바모빌리티,(단종)비바,1600,700.0,2300.0,2021년도 전기자동차 군포시 모델별 보조금,2021,군포시
화물(소형),비바모빌리티,젤라,1600,700.0,2300.0,2021년도 전기자동차 군포시 모델별 보조금,2021,군포시
화물(초소형),스마트솔루션즈,D2C,600,260.0,860.0,2021년도 전기자동차 의왕시 모델별 보조금,2021,의왕시
화물(초소형),스마트솔루션즈,D2P,600,260.0,860.0,2021년도 전기자동차 의왕시 모델별 보조금,2021,의왕시
화물(초소형),루트17,다니고3,600,260.0,860.0,2021년도 전기자동차 의왕시 모델별 보조금,2021,의왕시
화물(초소형),루트17,다니고3 픽업,600,260.0,860.0,2021년도 전기자동차 의왕시 모델별 보조금,2021,의왕시
화물(초소형),마스타전기차,MASTA VAN,600,260.0,860.0,2021년도 전기자동차 의왕시 모델별 보조금,2021,의왕시
화물(초소형),마스타전기차,MASTA HIM,600,260.0,860.0,2021년도 전기자동차 의왕시 모델별 보조금,2021,의왕시
화물(초소형),디피코,(단종)포트로,600,260.0,860.0,2021년도 전기자동차 의왕시 모델별 보조금,2021,의왕시
화물(초소형),디피코,포트로-탑,600,260.0,860.0,2021년도 전기자동차 의왕시 모델별 보조금,2021,의왕시
화물(초소형),디피코,포트로-픽업,600,260.0,860.0,2021년도 전기자동차 의왕시 모델별 보조금,2021,의왕시
화물(초소형),디피코,포트로-탑S,600,260.0,860.0,2021년도 전기자동차 의왕시 모델별 보조금,2021,의왕시
화물(초소형),디피코,포트로-픽업S,600,260.0,860.0,2021년도 전기자동차 의왕시 모델별 보조금,2021,의왕시
화물(경형),파워프라자,라보ev PEACE,1100,480.0,1580.0,2021년도 전기자동차 의왕시 모델별 보조금,2021,의왕시
화물(소형),제인모터스,제인모터스칼마토EV1톤내장탑차,1600,700.0,2300.0,2021년도 전기자동차 의왕시 모델별 보조금,2021,의왕시
화물(소형),파워프라자,봉고3ev PEACE,1600,700.0,2300.0,2021년도 전기자동차 의왕시 모델별 보조금,2021,의왕시
화물(소형),파워프라자,봉고3ev PEACE 더블캡,1600,700.0,2300.0,2021년도 전기자동차 의왕시 모델별 보조금,2021,의왕시
화물(소형),현대자동차,포터Ⅱ 일렉트릭 특장차,1600,700.0,2300.0,2021년도 전기자동차 의왕시 모델별 보조금,2021,의왕시
화물(소형),현대자동차,포터Ⅱ 일렉트릭 파워게이트,1600,700.0,2300.0,2021년도 전기자동차 의왕시 모델별 보조금,2021,의왕시
화물(소형),현대자동차,포터Ⅱ 일렉트릭 내장탑차,1600,700.0,2300.0,2021년도 전기자동차 의왕시 모델별 보조금,2021,의왕시
화물(소형),현대자동차,포터Ⅱ 일렉트릭 내장탑저상,1600,700.0,2300.0,2021년도 전기자동차 의왕시 모델별 보조금,2021,의왕시
화물(소형),현대자동차,포터Ⅱ 일렉트릭 내장탑하이,1600,700.0,2300.0,2021년도 전기자동차 의왕시 모델별 보조금,2021,의왕시
화물(소형),현대자동차,포터Ⅱ 일렉트릭 냉동탑저상,1600,700.0,2300.0,2021년도 전기자동차 의왕시 모델별 보조금,2021,의왕시
화물(소형),현대자동차,포터Ⅱ 일렉트릭(24MY),1600,700.0,2300.0,2021년도 전기자동차 의왕시 모델별 보조금,2021,의왕시
화물(소형),기아,봉고 전기차,1600,700.0,2300.0,2021년도 전기자동차 의왕시 모델별 보조금,2021,의왕시
화물(소형),기아,봉고Ⅲ 전기차 특장차,1600,700.0,2300.0,2021년도 전기자동차 의왕시 모델별 보조금,2021,의왕시
화물(소형),기아,봉고Ⅲ 전기차 파워게이트 2단 알루미늄,1600,700.0,2300.0,2021년도 전기자동차 의왕시 모델별 보조금,2021,의왕시
화물(소형),기아,봉고Ⅲ 전기차 내장차,1600,700.0,2300.0,2021년도 전기자동차 의왕시 모델별 보조금,2021,의왕시
화물(소형),기아,봉고Ⅲ 전기차 저상 내장차,1600,700.0,2300.0,2021년도 전기자동차 의왕시 모델별 보조금,2021,의왕시
화물(소형),기아,봉고Ⅲ 전기차 플러스 내장차,1600,700.0,2300.0,2021년도 전기자동차 의왕시 모델별 보조금,2021,의왕시
화물(소형),일진정공,일진무시동전기냉동탑차(149.9km),2100,910.0,3010.0,2021년도 전기자동차 의왕시 모델별 보조금,2021,의왕시
화물(소형),일진정공,일진무시동전기냉동탑차(186.1km),2100,910.0,3010.0,2021년도 전기자동차 의왕시 모델별 보조금,2021,의왕시
화물(소형),코리아에어카고에이전시,LSEV,1600,700.0,2300.0,2021년도 전기자동차 의왕시 모델별 보조금,2021,의왕시
화물(소형),루트17,다니고밴,1600,700.0,2300.0,2021년도 전기자동차 의왕시 모델별 보조금,2021,의왕시
화물(소형),케이지모빌리티커머셜,SMART T1.0,1600,700.0,2300.0,2021년도 전기자동차 의왕시 모델별 보조금,2021,의왕시
화물(소형),한신자동차,플러스,1600,700.0,2300.0,2021년도 전기자동차 의왕시 모델별 보조금,2021,의왕시
화물(소형),한신자동차,플러스2.0,1600,700.0,2300.0,2021년도 전기자동차 의왕시 모델별 보조금,2021,의왕시
화물(소형),비바모빌리티,(단종)비바,1600,700.0,2300.0,2021년도 전기자동차 의왕시 모델별 보조금,2021,의왕시
화물(소형),비바모빌리티,젤라,1600,700.0,2300.0,2021년도 전기자동차 의왕시 모델별 보조금,2021,의왕시
화물(초소형),스마트솔루션즈,D2C,600,260.0,860.0,2021년도 전기자동차 하남시 모델별 보조금,2021,하남시
화물(초소형),스마트솔루션즈,D2P,600,260.0,860.0,2021년도 전기자동차 하남시 모델별 보조금,2021,하남시
화물(초소형),루트17,다니고3,600,260.0,860.0,2021년도 전기자동차 하남시 모델별 보조금,2021,하남시
화물(초소형),루트17,다니고3 픽업,600,260.0,860.0,2021년도 전기자동차 하남시 모델별 보조금,2021,하남시
화물(초소형),마스타전기차,MASTA VAN,600,260.0,860.0,2021년도 전기자동차 하남시 모델별 보조금,2021,하남시
화물(초소형),마스타전기차,MASTA HIM,600,260.0,860.0,2021년도 전기자동차 하남시 모델별 보조금,2021,하남시
화물(초소형),디피코,(단종)포트로,600,260.0,860.0,2021년도 전기자동차 하남시 모델별 보조금,2021,하남시
화물(초소형),디피코,포트로-탑,600,260.0,860.0,2021년도 전기자동차 하남시 모델별 보조금,2021,하남시
화물(초소형),디피코,포트로-픽업,600,260.0,860.0,2021년도 전기자동차 하남시 모델별 보조금,2021,하남시
화물(초소형),디피코,포트로-탑S,600,260.0,860.0,2021년도 전기자동차 하남시 모델별 보조금,2021,하남시
화물(초소형),디피코,포트로-픽업S,600,260.0,860.0,2021년도 전기자동차 하남시 모델별 보조금,2021,하남시
화물(경형),파워프라자,라보ev PEACE,1100,480.0,1580.0,2021년도 전기자동차 하남시 모델별 보조금,2021,하남시
화물(소형),제인모터스,제인모터스칼마토EV1톤내장탑차,1600,700.0,2300.0,2021년도 전기자동차 하남시 모델별 보조금,2021,하남시
화물(소형),파워프라자,봉고3ev PEACE,1600,700.0,2300.0,2021년도 전기자동차 하남시 모델별 보조금,2021,하남시
화물(소형),파워프라자,봉고3ev PEACE 더블캡,1600,700.0,2300.0,2021년도 전기자동차 하남시 모델별 보조금,2021,하남시
화물(소형),현대자동차,포터Ⅱ 일렉트릭 특장차,1600,700.0,2300.0,2021년도 전기자동차 하남시 모델별 보조금,2021,하남시
화물(소형),현대자동차,포터Ⅱ 일렉트릭 파워게이트,1600,700.0,2300.0,2021년도 전기자동차 하남시 모델별 보조금,2021,하남시
화물(소형),현대자동차,포터Ⅱ 일렉트릭 내장탑차,1600,700.0,2300.0,2021년도 전기자동차 하남시 모델별 보조금,2021,하남시
화물(소형),현대자동차,포터Ⅱ 일렉트릭 내장탑저상,1600,700.0,2300.0,2021년도 전기자동차 하남시 모델별 보조금,2021,하남시
화물(소형),현대자동차,포터Ⅱ 일렉트릭 내장탑하이,1600,700.0,2300.0,2021년도 전기자동차 하남시 모델별 보조금,2021,하남시
화물(소형),현대자동차,포터Ⅱ 일렉트릭 냉동탑저상,1600,700.0,2300.0,2021년도 전기자동차 하남시 모델별 보조금,2021,하남시
화물(소형),현대자동차,포터Ⅱ 일렉트릭(24MY),1600,700.0,2300.0,2021년도 전기자동차 하남시 모델별 보조금,2021,하남시
화물(소형),기아,봉고 전기차,1600,700.0,2300.0,2021년도 전기자동차 하남시 모델별 보조금,2021,하남시
화물(소형),기아,봉고Ⅲ 전기차 특장차,1600,700.0,2300.0,2021년도 전기자동차 하남시 모델별 보조금,2021,하남시
화물(소형),기아,봉고Ⅲ 전기차 파워게이트 2단 알루미늄,1600,700.0,2300.0,2021년도 전기자동차 하남시 모델별 보조금,2021,하남시
화물(소형),기아,봉고Ⅲ 전기차 내장차,1600,700.0,2300.0,2021년도 전기자동차 하남시 모델별 보조금,2021,하남시
화물(소형),기아,봉고Ⅲ 전기차 저상 내장차,1600,700.0,2300.0,2021년도 전기자동차 하남시 모델별 보조금,2021,하남시
화물(소형),기아,봉고Ⅲ 전기차 플러스 내장차,1600,700.0,2300.0,2021년도 전기자동차 하남시 모델별 보조금,2021,하남시
화물(소형),일진정공,일진무시동전기냉동탑차(149.9km),2100,700.0,2800.0,2021년도 전기자동차 하남시 모델별 보조금,2021,하남시
화물(소형),일진정공,일진무시동전기냉동탑차(186.1km),2100,700.0,2800.0,2021년도 전기자동차 하남시 모델별 보조금,2021,하남시
화물(소형),코리아에어카고에이전시,LSEV,1600,700.0,2300.0,2021년도 전기자동차 하남시 모델별 보조금,2021,하남시
화물(소형),루트17,다니고밴,1600,700.0,2300.0,2021년도 전기자동차 하남시 모델별 보조금,2021,하남시
화물(소형),케이지모빌리티커머셜,SMART T1.0,1600,700.0,2300.0,2021년도 전기자동차 하남시 모델별 보조금,2021,하남시
화물(소형),한신자동차,플러스,1600,700.0,2300.0,2021년도 전기자동차 하남시 모델별 보조금,2021,하남시
화물(소형),한신자동차,플러스2.0,1600,700.0,2300.0,2021년도 전기자동차 하남시 모델별 보조금,2021,하남시
화물(소형),비바모빌리티,(단종)비바,1600,700.0,2300.0,2021년도 전기자동차 하남시 모델별 보조금,2021,하남시
화물(소형),비바모빌리티,젤라,1600,700.0,2300.0,2021년도 전기자동차 하남시 모델별 보조금,2021,하남시
화물(초소형),스마트솔루션즈,D2C,600,260.0,860.0,2021년도 전기자동차 용인시 모델별 보조금,2021,용인시
화물(초소형),스마트솔루션즈,D2P,600,260.0,860.0,2021년도 전기자동차 용인시 모델별 보조금,2021,용인시
화물(초소형),루트17,다니고3,600,260.0,860.0,2021년도 전기자동차 용인시 모델별 보조금,2021,용인시
화물(초소형),루트17,다니고3 픽업,600,260.0,860.0,2021년도 전기자동차 용인시 모델별 보조금,2021,용인시
화물(초소형),마스타전기차,MASTA VAN,600,260.0,860.0,2021년도 전기자동차 용인시 모델별 보조금,2021,용인시
화물(초소형),마스타전기차,MASTA HIM,600,260.0,860.0,2021년도 전기자동차 용인시 모델별 보조금,2021,용인시
화물(초소형),디피코,(단종)포트로,600,260.0,860.0,2021년도 전기자동차 용인시 모델별 보조금,2021,용인시
화물(초소형),디피코,포트로-탑,600,260.0,860.0,2021년도 전기자동차 용인시 모델별 보조금,2021,용인시
화물(초소형),디피코,포트로-픽업,600,260.0,860.0,2021년도 전기자동차 용인시 모델별 보조금,2021,용인시
화물(초소형),디피코,포트로-탑S,600,260.0,860.0,2021년도 전기자동차 용인시 모델별 보조금,2021,용인시
화물(초소형),디피코,포트로-픽업S,600,260.0,860.0,2021년도 전기자동차 용인시 모델별 보조금,2021,용인시
화물(경형),파워프라자,라보ev PEACE,1100,480.0,1580.0,2021년도 전기자동차 용인시 모델별 보조금,2021,용인시
화물(소형),제인모터스,제인모터스칼마토EV1톤내장탑차,1600,700.0,2300.0,2021년도 전기자동차 용인시 모델별 보조금,2021,용인시
화물(소형),파워프라자,봉고3ev PEACE,1600,700.0,2300.0,2021년도 전기자동차 용인시 모델별 보조금,2021,용인시
화물(소형),파워프라자,봉고3ev PEACE 더블캡,1600,700.0,2300.0,2021년도 전기자동차 용인시 모델별 보조금,2021,용인시
화물(소형),현대자동차,포터Ⅱ 일렉트릭 특장차,1600,700.0,2300.0,2021년도 전기자동차 용인시 모델별 보조금,2021,용인시
화물(소형),현대자동차,포터Ⅱ 일렉트릭 파워게이트,1600,700.0,2300.0,2021년도 전기자동차 용인시 모델별 보조금,2021,용인시
화물(소형),현대자동차,포터Ⅱ 일렉트릭 내장탑차,1600,700.0,2300.0,2021년도 전기자동차 용인시 모델별 보조금,2021,용인시
화물(소형),현대자동차,포터Ⅱ 일렉트릭 내장탑저상,1600,700.0,2300.0,2021년도 전기자동차 용인시 모델별 보조금,2021,용인시
화물(소형),현대자동차,포터Ⅱ 일렉트릭 내장탑하이,1600,700.0,2300.0,2021년도 전기자동차 용인시 모델별 보조금,2021,용인시
화물(소형),현대자동차,포터Ⅱ 일렉트릭 냉동탑저상,1600,700.0,2300.0,2021년도 전기자동차 용인시 모델별 보조금,2021,용인시
화물(소형),현대자동차,포터Ⅱ 일렉트릭(24MY),1600,700.0,2300.0,2021년도 전기자동차 용인시 모델별 보조금,2021,용인시
화물(소형),기아,봉고 전기차,1600,700.0,2300.0,2021년도 전기자동차 용인시 모델별 보조금,2021,용인시
화물(소형),기아,봉고Ⅲ 전기차 특장차,1600,700.0,2300.0,2021년도 전기자동차 용인시 모델별 보조금,2021,용인시
화물(소형),기아,봉고Ⅲ 전기차 파워게이트 2단 알루미늄,1600,700.0,2300.0,2021년도 전기자동차 용인시 모델별 보조금,2021,용인시
화물(소형),기아,봉고Ⅲ 전기차 내장차,1600,700.0,2300.0,2021년도 전기자동차 용인시 모델별 보조금,2021,용인시
화물(소형),기아,봉고Ⅲ 전기차 저상 내장차,1600,700.0,2300.0,2021년도 전기자동차 용인시 모델별 보조금,2021,용인시
화물(소형),기아,봉고Ⅲ 전기차 플러스 내장차,1600,700.0,2300.0,2021년도 전기자동차 용인시 모델별 보조금,2021,용인시
화물(소형),일진정공,일진무시동전기냉동탑차(149.9km),2100,910.0,3010.0,2021년도 전기자동차 용인시 모델별 보조금,2021,용인시
화물(소형),일진정공,일진무시동전기냉동탑차(186.1km),2100,910.0,3010.0,2021년도 전기자동차 용인시 모델별 보조금,2021,용인시
화물(소형),코리아에어카고에이전시,LSEV,1600,700.0,2300.0,2021년도 전기자동차 용인시 모델별 보조금,2021,용인시
화물(소형),루트17,다니고밴,1600,700.0,2300.0,2021년도 전기자동차 용인시 모델별 보조금,2021,용인시
화물(소형),케이지모빌리티커머셜,SMART T1.0,1600,700.0,2300.0,2021년도 전기자동차 용인시 모델별 보조금,2021,용인시
화물(소형),한신자동차,플러스,1600,700.0,2300.0,2021년도 전기자동차 용인시 모델별 보조금,2021,용인시
화물(소형),한신자동차,플러스2.0,1600,700.0,2300.0,2021년도 전기자동차 용인시 모델별 보조금,2021,용인시
화물(소형),비바모빌리티,(단종)비바,1600,700.0,2300.0,2021년도 전기자동차 용인시 모델별 보조금,2021,용인시
화물(소형),비바모빌리티,젤라,1600,700.0,2300.0,2021년도 전기자동차 용인시 모델별 보조금,2021,용인시
화물(초소형),스마트솔루션즈,D2C,600,260.0,860.0,2021년도 전기자동차 파주시 모델별 보조금,2021,파주시
화물(초소형),스마트솔루션즈,D2P,600,260.0,860.0,2021년도 전기자동차 파주시 모델별 보조금,2021,파주시
화물(초소형),루트17,다니고3,600,260.0,860.0,2021년도 전기자동차 파주시 모델별 보조금,2021,파주시
화물(초소형),루트17,다니고3 픽업,600,260.0,860.0,2021년도 전기자동차 파주시 모델별 보조금,2021,파주시
화물(초소형),마스타전기차,MASTA VAN,600,260.0,860.0,2021년도 전기자동차 파주시 모델별 보조금,2021,파주시
화물(초소형),마스타전기차,MASTA HIM,600,260.0,860.0,2021년도 전기자동차 파주시 모델별 보조금,2021,파주시
화물(초소형),디피코,(단종)포트로,600,260.0,860.0,2021년도 전기자동차 파주시 모델별 보조금,2021,파주시
화물(초소형),디피코,포트로-탑,600,260.0,860.0,2021년도 전기자동차 파주시 모델별 보조금,2021,파주시
화물(초소형),디피코,포트로-픽업,600,260.0,860.0,2021년도 전기자동차 파주시 모델별 보조금,2021,파주시
화물(초소형),디피코,포트로-탑S,600,260.0,860.0,2021년도 전기자동차 파주시 모델별 보조금,2021,파주시
화물(초소형),디피코,포트로-픽업S,600,260.0,860.0,2021년도 전기자동차 파주시 모델별 보조금,2021,파주시
화물(경형),파워프라자,라보ev PEACE,1100,480.0,1580.0,2021년도 전기자동차 파주시 모델별 보조금,2021,파주시
화물(소형),제인모터스,제인모터스칼마토EV1톤내장탑차,1600,700.0,2300.0,2021년도 전기자동차 파주시 모델별 보조금,2021,파주시
화물(소형),파워프라자,봉고3ev PEACE,1600,700.0,2300.0,2021년도 전기자동차 파주시 모델별 보조금,2021,파주시
화물(소형),파워프라자,봉고3ev PEACE 더블캡,1600,700.0,2300.0,2021년도 전기자동차 파주시 모델별 보조금,2021,파주시
화물(소형),현대자동차,포터Ⅱ 일렉트릭 특장차,1600,700.0,2300.0,2021년도 전기자동차 파주시 모델별 보조금,2021,파주시
화물(소형),현대자동차,포터Ⅱ 일렉트릭 파워게이트,1600,700.0,2300.0,2021년도 전기자동차 파주시 모델별 보조금,2021,파주시
화물(소형),현대자동차,포터Ⅱ 일렉트릭 내장탑차,1600,700.0,2300.0,2021년도 전기자동차 파주시 모델별 보조금,2021,파주시
화물(소형),현대자동차,포터Ⅱ 일렉트릭 내장탑저상,1600,700.0,2300.0,2021년도 전기자동차 파주시 모델별 보조금,2021,파주시
화물(소형),현대자동차,포터Ⅱ 일렉트릭 내장탑하이,1600,700.0,2300.0,2021년도 전기자동차 파주시 모델별 보조금,2021,파주시
화물(소형),현대자동차,포터Ⅱ 일렉트릭 냉동탑저상,1600,700.0,2300.0,2021년도 전기자동차 파주시 모델별 보조금,2021,파주시
화물(소형),현대자동차,포터Ⅱ 일렉트릭(24MY),1600,700.0,2300.0,2021년도 전기자동차 파주시 모델별 보조금,2021,파주시
화물(소형),기아,봉고 전기차,1600,700.0,2300.0,2021년도 전기자동차 파주시 모델별 보조금,2021,파주시
화물(소형),기아,봉고Ⅲ 전기차 특장차,1600,700.0,2300.0,2021년도 전기자동차 파주시 모델별 보조금,2021,파주시
화물(소형),기아,봉고Ⅲ 전기차 파워게이트 2단 알루미늄,1600,700.0,2300.0,2021년도 전기자동차 파주시 모델별 보조금,2021,파주시
화물(소형),기아,봉고Ⅲ 전기차 내장차,1600,700.0,2300.0,2021년도 전기자동차 파주시 모델별 보조금,2021,파주시
화물(소형),기아,봉고Ⅲ 전기차 저상 내장차,1600,700.0,2300.0,2021년도 전기자동차 파주시 모델별 보조금,2021,파주시
화물(소형),기아,봉고Ⅲ 전기차 플러스 내장차,1600,700.0,2300.0,2021년도 전기자동차 파주시 모델별 보조금,2021,파주시
화물(소형),일진정공,일진무시동전기냉동탑차(149.9km),2100,910.0,3010.0,2021년도 전기자동차 파주시 모델별 보조금,2021,파주시
화물(소형),일진정공,일진무시동전기냉동탑차(186.1km),2100,910.0,3010.0,2021년도 전기자동차 파주시 모델별 보조금,2021,파주시
화물(소형),코리아에어카고에이전시,LSEV,1600,700.0,2300.0,2021년도 전기자동차 파주시 모델별 보조금,2021,파주시
화물(소형),루트17,다니고밴,1600,700.0,2300.0,2021년도 전기자동차 파주시 모델별 보조금,2021,파주시
화물(소형),케이지모빌리티커머셜,SMART T1.0,1600,700.0,2300.0,2021년도 전기자동차 파주시 모델별 보조금,2021,파주시
화물(소형),한신자동차,플러스,1600,700.0,2300.0,2021년도 전기자동차 파주시 모델별 보조금,2021,파주시
화물(소형),한신자동차,플러스2.0,1600,700.0,2300.0,2021년도 전기자동차 파주시 모델별 보조금,2021,파주시
화물(소형),비바모빌리티,(단종)비바,1600,700.0,2300.0,2021년도 전기자동차 파주시 모델별 보조금,2021,파주시
화물(소형),비바모빌리티,젤라,1600,700.0,2300.0,2021년도 전기자동차 파주시 모델별 보조금,2021,파주시
화물(초소형),스마트솔루션즈,D2C,600,300.0,900.0,2021년도 전기자동차 이천시 모델별 보조금,2021,이천시
화물(초소형),스마트솔루션즈,D2P,600,300.0,900.0,2021년도 전기자동차 이천시 모델별 보조금,2021,이천시
화물(초소형),루트17,다니고3,600,300.0,900.0,2021년도 전기자동차 이천시 모델별 보조금,2021,이천시
화물(초소형),루트17,다니고3 픽업,600,300.0,900.0,2021년도 전기자동차 이천시 모델별 보조금,2021,이천시
화물(초소형),마스타전기차,MASTA VAN,600,300.0,900.0,2021년도 전기자동차 이천시 모델별 보조금,2021,이천시
화물(초소형),마스타전기차,MASTA HIM,600,300.0,900.0,2021년도 전기자동차 이천시 모델별 보조금,2021,이천시
화물(초소형),디피코,(단종)포트로,600,300.0,900.0,2021년도 전기자동차 이천시 모델별 보조금,2021,이천시
화물(초소형),디피코,포트로-탑,600,300.0,900.0,2021년도 전기자동차 이천시 모델별 보조금,2021,이천시
화물(초소형),디피코,포트로-픽업,600,300.0,900.0,2021년도 전기자동차 이천시 모델별 보조금,2021,이천시
화물(초소형),디피코,포트로-탑S,600,300.0,900.0,2021년도 전기자동차 이천시 모델별 보조금,2021,이천시
화물(초소형),디피코,포트로-픽업S,600,300.0,900.0,2021년도 전기자동차 이천시 모델별 보조금,2021,이천시
화물(경형),파워프라자,라보ev PEACE,1100,550.0,1650.0,2021년도 전기자동차 이천시 모델별 보조금,2021,이천시
화물(소형),제인모터스,제인모터스칼마토EV1톤내장탑차,1600,800.0,2400.0,2021년도 전기자동차 이천시 모델별 보조금,2021,이천시
화물(소형),파워프라자,봉고3ev PEACE,1600,800.0,2400.0,2021년도 전기자동차 이천시 모델별 보조금,2021,이천시
화물(소형),파워프라자,봉고3ev PEACE 더블캡,1600,800.0,2400.0,2021년도 전기자동차 이천시 모델별 보조금,2021,이천시
화물(소형),현대자동차,포터Ⅱ 일렉트릭 특장차,1600,800.0,2400.0,2021년도 전기자동차 이천시 모델별 보조금,2021,이천시
화물(소형),현대자동차,포터Ⅱ 일렉트릭 파워게이트,1600,800.0,2400.0,2021년도 전기자동차 이천시 모델별 보조금,2021,이천시
화물(소형),현대자동차,포터Ⅱ 일렉트릭 내장탑차,1600,800.0,2400.0,2021년도 전기자동차 이천시 모델별 보조금,2021,이천시
화물(소형),현대자동차,포터Ⅱ 일렉트릭 내장탑저상,1600,800.0,2400.0,2021년도 전기자동차 이천시 모델별 보조금,2021,이천시
화물(소형),현대자동차,포터Ⅱ 일렉트릭 내장탑하이,1600,800.0,2400.0,2021년도 전기자동차 이천시 모델별 보조금,2021,이천시
화물(소형),현대자동차,포터Ⅱ 일렉트릭 냉동탑저상,1600,800.0,2400.0,2021년도 전기자동차 이천시 모델별 보조금,2021,이천시
화물(소형),현대자동차,포터Ⅱ 일렉트릭(24MY),1600,800.0,2400.0,2021년도 전기자동차 이천시 모델별 보조금,2021,이천시
화물(소형),기아,봉고 전기차,1600,800.0,2400.0,2021년도 전기자동차 이천시 모델별 보조금,2021,이천시
화물(소형),기아,봉고Ⅲ 전기차 특장차,1600,800.0,2400.0,2021년도 전기자동차 이천시 모델별 보조금,2021,이천시
화물(소형),기아,봉고Ⅲ 전기차 파워게이트 2단 알루미늄,1600,800.0,2400.0,2021년도 전기자동차 이천시 모델별 보조금,2021,이천시
화물(소형),기아,봉고Ⅲ 전기차 내장차,1600,800.0,2400.0,2021년도 전기자동차 이천시 모델별 보조금,2021,이천시
화물(소형),기아,봉고Ⅲ 전기차 저상 내장차,1600,800.0,2400.0,2021년도 전기자동차 이천시 모델별 보조금,2021,이천시
화물(소형),기아,봉고Ⅲ 전기차 플러스 내장차,1600,800.0,2400.0,2021년도 전기자동차 이천시 모델별 보조금,2021,이천시
화물(소형),일진정공,일진무시동전기냉동탑차(149.9km),2100,800.0,2900.0,2021년도 전기자동차 이천시 모델별 보조금,2021,이천시
화물(소형),일진정공,일진무시동전기냉동탑차(186.1km),2100,800.0,2900.0,2021년도 전기자동차 이천시 모델별 보조금,2021,이천시
화물(소형),코리아에어카고에이전시,LSEV,1600,800.0,2400.0,2021년도 전기자동차 이천시 모델별 보조금,2021,이천시
화물(소형),루트17,다니고밴,1600,800.0,2400.0,2021년도 전기자동차 이천시 모델별 보조금,2021,이천시
화물(소형),케이지모빌리티커머셜,SMART T1.0,1600,800.0,2400.0,2021년도 전기자동차 이천시 모델별 보조금,2021,이천시
화물(소형),한신자동차,플러스,1600,800.0,2400.0,2021년도 전기자동차 이천시 모델별 보조금,2021,이천시
화물(소형),한신자동차,플러스2.0,1600,800.0,2400.0,2021년도 전기자동차 이천시 모델별 보조금,2021,이천시
화물(소형),비바모빌리티,(단종)비바,1600,800.0,2400.0,2021년도 전기자동차 이천시 모델별 보조금,2021,이천시
화물(소형),비바모빌리티,젤라,1600,800.0,2400.0,2021년도 전기자동차 이천시 모델별 보조금,2021,이천시
화물(초소형),스마트솔루션즈,D2C,600,300.0,900.0,2021년도 전기자동차 안성시 모델별 보조금,2021,안성시
화물(초소형),스마트솔루션즈,D2P,600,300.0,900.0,2021년도 전기자동차 안성시 모델별 보조금,2021,안성시
화물(초소형),루트17,다니고3,600,300.0,900.0,2021년도 전기자동차 안성시 모델별 보조금,2021,안성시
화물(초소형),루트17,다니고3 픽업,600,300.0,900.0,2021년도 전기자동차 안성시 모델별 보조금,2021,안성시
화물(초소형),마스타전기차,MASTA VAN,600,300.0,900.0,2021년도 전기자동차 안성시 모델별 보조금,2021,안성시
화물(초소형),마스타전기차,MASTA HIM,600,300.0,900.0,2021년도 전기자동차 안성시 모델별 보조금,2021,안성시
화물(초소형),디피코,(단종)포트로,600,300.0,900.0,2021년도 전기자동차 안성시 모델별 보조금,2021,안성시
화물(초소형),디피코,포트로-탑,600,300.0,900.0,2021년도 전기자동차 안성시 모델별 보조금,2021,안성시
화물(초소형),디피코,포트로-픽업,600,300.0,900.0,2021년도 전기자동차 안성시 모델별 보조금,2021,안성시
화물(초소형),디피코,포트로-탑S,600,300.0,900.0,2021년도 전기자동차 안성시 모델별 보조금,2021,안성시
화물(초소형),디피코,포트로-픽업S,600,300.0,900.0,2021년도 전기자동차 안성시 모델별 보조금,2021,안성시
화물(경형),파워프라자,라보ev PEACE,1100,610.0,1710.0,2021년도 전기자동차 안성시 모델별 보조금,2021,안성시
화물(소형),제인모터스,제인모터스칼마토EV1톤내장탑차,1600,900.0,2500.0,2021년도 전기자동차 안성시 모델별 보조금,2021,안성시
화물(소형),파워프라자,봉고3ev PEACE,1600,900.0,2500.0,2021년도 전기자동차 안성시 모델별 보조금,2021,안성시
화물(소형),파워프라자,봉고3ev PEACE 더블캡,1600,900.0,2500.0,2021년도 전기자동차 안성시 모델별 보조금,2021,안성시
화물(소형),현대자동차,포터Ⅱ 일렉트릭 특장차,1600,900.0,2500.0,2021년도 전기자동차 안성시 모델별 보조금,2021,안성시
화물(소형),현대자동차,포터Ⅱ 일렉트릭 파워게이트,1600,900.0,2500.0,2021년도 전기자동차 안성시 모델별 보조금,2021,안성시
화물(소형),현대자동차,포터Ⅱ 일렉트릭 내장탑차,1600,900.0,2500.0,2021년도 전기자동차 안성시 모델별 보조금,2021,안성시
화물(소형),현대자동차,포터Ⅱ 일렉트릭 내장탑저상,1600,900.0,2500.0,2021년도 전기자동차 안성시 모델별 보조금,2021,안성시
화물(소형),현대자동차,포터Ⅱ 일렉트릭 내장탑하이,1600,900.0,2500.0,2021년도 전기자동차 안성시 모델별 보조금,2021,안성시
화물(소형),현대자동차,포터Ⅱ 일렉트릭 냉동탑저상,1600,900.0,2500.0,2021년도 전기자동차 안성시 모델별 보조금,2021,안성시
화물(소형),현대자동차,포터Ⅱ 일렉트릭(24MY),1600,900.0,2500.0,2021년도 전기자동차 안성시 모델별 보조금,2021,안성시
화물(소형),기아,봉고 전기차,1600,900.0,2500.0,2021년도 전기자동차 안성시 모델별 보조금,2021,안성시
화물(소형),기아,봉고Ⅲ 전기차 특장차,1600,900.0,2500.0,2021년도 전기자동차 안성시 모델별 보조금,2021,안성시
화물(소형),기아,봉고Ⅲ 전기차 파워게이트 2단 알루미늄,1600,900.0,2500.0,2021년도 전기자동차 안성시 모델별 보조금,2021,안성시
화물(소형),기아,봉고Ⅲ 전기차 내장차,1600,900.0,2500.0,2021년도 전기자동차 안성시 모델별 보조금,2021,안성시
화물(소형),기아,봉고Ⅲ 전기차 저상 내장차,1600,900.0,2500.0,2021년도 전기자동차 안성시 모델별 보조금,2021,안성시
화물(소형),기아,봉고Ⅲ 전기차 플러스 내장차,1600,900.0,2500.0,2021년도 전기자동차 안성시 모델별 보조금,2021,안성시
화물(소형),일진정공,일진무시동전기냉동탑차(149.9km),2100,900.0,3000.0,2021년도 전기자동차 안성시 모델별 보조금,2021,안성시
화물(소형),일진정공,일진무시동전기냉동탑차(186.1km),2100,900.0,3000.0,2021년도 전기자동차 안성시 모델별 보조금,2021,안성시
화물(소형),코리아에어카고에이전시,LSEV,1600,900.0,2500.0,2021년도 전기자동차 안성시 모델별 보조금,2021,안성시
화물(소형),루트17,다니고밴,1600,900.0,2500.0,2021년도 전기자동차 안성시 모델별 보조금,2021,안성시
화물(소형),케이지모빌리티커머셜,SMART T1.0,1600,900.0,2500.0,2021년도 전기자동차 안성시 모델별 보조금,2021,안성시
화물(소형),한신자동차,플러스,1600,900.0,2500.0,2021년도 전기자동차 안성시 모델별 보조금,2021,안성시
화물(소형),한신자동차,플러스2.0,1600,900.0,2500.0,2021년도 전기자동차 안성시 모델별 보조금,2021,안성시
화물(소형),비바모빌리티,(단종)비바,1600,900.0,2500.0,2021년도 전기자동차 안성시 모델별 보조금,2021,안성시
화물(소형),비바모빌리티,젤라,1600,900.0,2500.0,2021년도 전기자동차 안성시 모델별 보조금,2021,안성시
화물(초소형),스마트솔루션즈,D2C,600,300.0,900.0,2021년도 전기자동차 김포시 모델별 보조금,2021,김포시
화물(초소형),스마트솔루션즈,D2P,600,300.0,900.0,2021년도 전기자동차 김포시 모델별 보조금,2021,김포시
화물(초소형),루트17,다니고3,600,300.0,900.0,2021년도 전기자동차 김포시 모델별 보조금,2021,김포시
화물(초소형),루트17,다니고3 픽업,600,300.0,900.0,2021년도 전기자동차 김포시 모델별 보조금,2021,김포시
화물(초소형),마스타전기차,MASTA VAN,600,300.0,900.0,2021년도 전기자동차 김포시 모델별 보조금,2021,김포시
화물(초소형),마스타전기차,MASTA HIM,600,300.0,900.0,2021년도 전기자동차 김포시 모델별 보조금,2021,김포시
화물(초소형),디피코,(단종)포트로,600,300.0,900.0,2021년도 전기자동차 김포시 모델별 보조금,2021,김포시
화물(초소형),디피코,포트로-탑,600,300.0,900.0,2021년도 전기자동차 김포시 모델별 보조금,2021,김포시
화물(초소형),디피코,포트로-픽업,600,300.0,900.0,2021년도 전기자동차 김포시 모델별 보조금,2021,김포시
화물(초소형),디피코,포트로-탑S,600,300.0,900.0,2021년도 전기자동차 김포시 모델별 보조금,2021,김포시
화물(초소형),디피코,포트로-픽업S,600,300.0,900.0,2021년도 전기자동차 김포시 모델별 보조금,2021,김포시
화물(경형),파워프라자,라보ev PEACE,1100,550.0,1650.0,2021년도 전기자동차 김포시 모델별 보조금,2021,김포시
화물(소형),제인모터스,제인모터스칼마토EV1톤내장탑차,1600,800.0,2400.0,2021년도 전기자동차 김포시 모델별 보조금,2021,김포시
화물(소형),파워프라자,봉고3ev PEACE,1600,800.0,2400.0,2021년도 전기자동차 김포시 모델별 보조금,2021,김포시
화물(소형),파워프라자,봉고3ev PEACE 더블캡,1600,800.0,2400.0,2021년도 전기자동차 김포시 모델별 보조금,2021,김포시
화물(소형),현대자동차,포터Ⅱ 일렉트릭 특장차,1600,800.0,2400.0,2021년도 전기자동차 김포시 모델별 보조금,2021,김포시
화물(소형),현대자동차,포터Ⅱ 일렉트릭 파워게이트,1600,800.0,2400.0,2021년도 전기자동차 김포시 모델별 보조금,2021,김포시
화물(소형),현대자동차,포터Ⅱ 일렉트릭 내장탑차,1600,800.0,2400.0,2021년도 전기자동차 김포시 모델별 보조금,2021,김포시
화물(소형),현대자동차,포터Ⅱ 일렉트릭 내장탑저상,1600,800.0,2400.0,2021년도 전기자동차 김포시 모델별 보조금,2021,김포시
화물(소형),현대자동차,포터Ⅱ 일렉트릭 내장탑하이,1600,800.0,2400.0,2021년도 전기자동차 김포시 모델별 보조금,2021,김포시
화물(소형),현대자동차,포터Ⅱ 일렉트릭 냉동탑저상,1600,800.0,2400.0,2021년도 전기자동차 김포시 모델별 보조금,2021,김포시
화물(소형),현대자동차,포터Ⅱ 일렉트릭(24MY),1600,800.0,2400.0,2021년도 전기자동차 김포시 모델별 보조금,2021,김포시
화물(소형),기아,봉고 전기차,1600,800.0,2400.0,2021년도 전기자동차 김포시 모델별 보조금,2021,김포시
화물(소형),기아,봉고Ⅲ 전기차 특장차,1600,800.0,2400.0,2021년도 전기자동차 김포시 모델별 보조금,2021,김포시
화물(소형),기아,봉고Ⅲ 전기차 파워게이트 2단 알루미늄,1600,800.0,2400.0,2021년도 전기자동차 김포시 모델별 보조금,2021,김포시
화물(소형),기아,봉고Ⅲ 전기차 내장차,1600,800.0,2400.0,2021년도 전기자동차 김포시 모델별 보조금,2021,김포시
화물(소형),기아,봉고Ⅲ 전기차 저상 내장차,1600,800.0,2400.0,2021년도 전기자동차 김포시 모델별 보조금,2021,김포시
화물(소형),기아,봉고Ⅲ 전기차 플러스 내장차,1600,800.0,2400.0,2021년도 전기자동차 김포시 모델별 보조금,2021,김포시
화물(소형),일진정공,일진무시동전기냉동탑차(149.9km),2100,1050.0,3150.0,2021년도 전기자동차 김포시 모델별 보조금,2021,김포시
화물(소형),일진정공,일진무시동전기냉동탑차(186.1km),2100,1050.0,3150.0,2021년도 전기자동차 김포시 모델별 보조금,2021,김포시
화물(소형),코리아에어카고에이전시,LSEV,1600,800.0,2400.0,2021년도 전기자동차 김포시 모델별 보조금,2021,김포시
화물(소형),루트17,다니고밴,1600,800.0,2400.0,2021년도 전기자동차 김포시 모델별 보조금,2021,김포시
화물(소형),케이지모빌리티커머셜,SMART T1.0,1600,800.0,2400.0,2021년도 전기자동차 김포시 모델별 보조금,2021,김포시
화물(소형),한신자동차,플러스,1600,800.0,2400.0,2021년도 전기자동차 김포시 모델별 보조금,2021,김포시
화물(소형),한신자동차,플러스2.0,1600,800.0,2400.0,2021년도 전기자동차 김포시 모델별 보조금,2021,김포시
화물(소형),비바모빌리티,(단종)비바,1600,800.0,2400.0,2021년도 전기자동차 김포시 모델별 보조금,2021,김포시
화물(소형),비바모빌리티,젤라,1600,800.0,2400.0,2021년도 전기자동차 김포시 모델별 보조금,2021,김포시
화물(초소형),스마트솔루션즈,D2C,600,300.0,900.0,2021년도 전기자동차 화성시 모델별 보조금,2021,화성시
화물(초소형),스마트솔루션즈,D2P,600,300.0,900.0,2021년도 전기자동차 화성시 모델별 보조금,2021,화성시
화물(초소형),루트17,다니고3,600,300.0,900.0,2021년도 전기자동차 화성시 모델별 보조금,2021,화성시
화물(초소형),루트17,다니고3 픽업,600,300.0,900.0,2021년도 전기자동차 화성시 모델별 보조금,2021,화성시
화물(초소형),마스타전기차,MASTA VAN,600,300.0,900.0,2021년도 전기자동차 화성시 모델별 보조금,2021,화성시
화물(초소형),마스타전기차,MASTA HIM,600,300.0,900.0,2021년도 전기자동차 화성시 모델별 보조금,2021,화성시
화물(초소형),디피코,(단종)포트로,600,300.0,900.0,2021년도 전기자동차 화성시 모델별 보조금,2021,화성시
화물(초소형),디피코,포트로-탑,600,300.0,900.0,2021년도 전기자동차 화성시 모델별 보조금,2021,화성시
화물(초소형),디피코,포트로-픽업,600,300.0,900.0,2021년도 전기자동차 화성시 모델별 보조금,2021,화성시
화물(초소형),디피코,포트로-탑S,600,300.0,900.0,2021년도 전기자동차 화성시 모델별 보조금,2021,화성시
화물(초소형),디피코,포트로-픽업S,600,300.0,900.0,2021년도 전기자동차 화성시 모델별 보조금,2021,화성시
화물(경형),파워프라자,라보ev PEACE,1100,550.0,1650.0,2021년도 전기자동차 화성시 모델별 보조금,2021,화성시
화물(소형),제인모터스,제인모터스칼마토EV1톤내장탑차,1600,800.0,2400.0,2021년도 전기자동차 화성시 모델별 보조금,2021,화성시
화물(소형),파워프라자,봉고3ev PEACE,1600,800.0,2400.0,2021년도 전기자동차 화성시 모델별 보조금,2021,화성시
화물(소형),파워프라자,봉고3ev PEACE 더블캡,1600,800.0,2400.0,2021년도 전기자동차 화성시 모델별 보조금,2021,화성시
화물(소형),현대자동차,포터Ⅱ 일렉트릭 특장차,1600,800.0,2400.0,2021년도 전기자동차 화성시 모델별 보조금,2021,화성시
화물(소형),현대자동차,포터Ⅱ 일렉트릭 파워게이트,1600,800.0,2400.0,2021년도 전기자동차 화성시 모델별 보조금,2021,화성시
화물(소형),현대자동차,포터Ⅱ 일렉트릭 내장탑차,1600,800.0,2400.0,2021년도 전기자동차 화성시 모델별 보조금,2021,화성시
화물(소형),현대자동차,포터Ⅱ 일렉트릭 내장탑저상,1600,800.0,2400.0,2021년도 전기자동차 화성시 모델별 보조금,2021,화성시
화물(소형),현대자동차,포터Ⅱ 일렉트릭 내장탑하이,1600,800.0,2400.0,2021년도 전기자동차 화성시 모델별 보조금,2021,화성시
화물(소형),현대자동차,포터Ⅱ 일렉트릭 냉동탑저상,1600,800.0,2400.0,2021년도 전기자동차 화성시 모델별 보조금,2021,화성시
화물(소형),현대자동차,포터Ⅱ 일렉트릭(24MY),1600,800.0,2400.0,2021년도 전기자동차 화성시 모델별 보조금,2021,화성시
화물(소형),기아,봉고 전기차,1600,800.0,2400.0,2021년도 전기자동차 화성시 모델별 보조금,2021,화성시
화물(소형),기아,봉고Ⅲ 전기차 특장차,1600,800.0,2400.0,2021년도 전기자동차 화성시 모델별 보조금,2021,화성시
화물(소형),기아,봉고Ⅲ 전기차 파워게이트 2단 알루미늄,1600,800.0,2400.0,2021년도 전기자동차 화성시 모델별 보조금,2021,화성시
화물(소형),기아,봉고Ⅲ 전기차 내장차,1600,800.0,2400.0,2021년도 전기자동차 화성시 모델별 보조금,2021,화성시
화물(소형),기아,봉고Ⅲ 전기차 저상 내장차,1600,800.0,2400.0,2021년도 전기자동차 화성시 모델별 보조금,2021,화성시
화물(소형),기아,봉고Ⅲ 전기차 플러스 내장차,1600,800.0,2400.0,2021년도 전기자동차 화성시 모델별 보조금,2021,화성시
화물(소형),일진정공,일진무시동전기냉동탑차(149.9km),2100,1050.0,3150.0,2021년도 전기자동차 화성시 모델별 보조금,2021,화성시
화물(소형),일진정공,일진무시동전기냉동탑차(186.1km),2100,1050.0,3150.0,2021년도 전기자동차 화성시 모델별 보조금,2021,화성시
화물(소형),코리아에어카고에이전시,LSEV,1600,800.0,2400.0,2021년도 전기자동차 화성시 모델별 보조금,2021,화성시
화물(소형),루트17,다니고밴,1600,800.0,2400.0,2021년도 전기자동차 화성시 모델별 보조금,2021,화성시
화물(소형),케이지모빌리티커머셜,SMART T1.0,1600,800.0,2400.0,2021년도 전기자동차 화성시 모델별 보조금,2021,화성시
화물(소형),한신자동차,플러스,1600,800.0,2400.0,2021년도 전기자동차 화성시 모델별 보조금,2021,화성시
화물(소형),한신자동차,플러스2.0,1600,800.0,2400.0,2021년도 전기자동차 화성시 모델별 보조금,2021,화성시
화물(소형),비바모빌리티,(단종)비바,1600,800.0,2400.0,2021년도 전기자동차 화성시 모델별 보조금,2021,화성시
화물(소형),비바모빌리티,젤라,1600,800.0,2400.0,2021년도 전기자동차 화성시 모델별 보조금,2021,화성시
화물(초소형),스마트솔루션즈,D2C,600,260.0,860.0,2021년도 전기자동차 광주시 모델별 보조금,2021,광주시
화물(초소형),스마트솔루션즈,D2P,600,260.0,860.0,2021년도 전기자동차 광주시 모델별 보조금,2021,광주시
화물(초소형),루트17,다니고3,600,260.0,860.0,2021년도 전기자동차 광주시 모델별 보조금,2021,광주시
화물(초소형),루트17,다니고3 픽업,600,260.0,860.0,2021년도 전기자동차 광주시 모델별 보조금,2021,광주시
화물(초소형),마스타전기차,MASTA VAN,600,260.0,860.0,2021년도 전기자동차 광주시 모델별 보조금,2021,광주시
화물(초소형),마스타전기차,MASTA HIM,600,260.0,860.0,2021년도 전기자동차 광주시 모델별 보조금,2021,광주시
화물(초소형),디피코,(단종)포트로,600,260.0,860.0,2021년도 전기자동차 광주시 모델별 보조금,2021,광주시
화물(초소형),디피코,포트로-탑,600,260.0,860.0,2021년도 전기자동차 광주시 모델별 보조금,2021,광주시
화물(초소형),디피코,포트로-픽업,600,260.0,860.0,2021년도 전기자동차 광주시 모델별 보조금,2021,광주시
화물(초소형),디피코,포트로-탑S,600,260.0,860.0,2021년도 전기자동차 광주시 모델별 보조금,2021,광주시
화물(초소형),디피코,포트로-픽업S,600,260.0,860.0,2021년도 전기자동차 광주시 모델별 보조금,2021,광주시
화물(경형),파워프라자,라보ev PEACE,1100,480.0,1580.0,2021년도 전기자동차 광주시 모델별 보조금,2021,광주시
화물(소형),제인모터스,제인모터스칼마토EV1톤내장탑차,1600,700.0,2300.0,2021년도 전기자동차 광주시 모델별 보조금,2021,광주시
화물(소형),파워프라자,봉고3ev PEACE,1600,700.0,2300.0,2021년도 전기자동차 광주시 모델별 보조금,2021,광주시
화물(소형),파워프라자,봉고3ev PEACE 더블캡,1600,700.0,2300.0,2021년도 전기자동차 광주시 모델별 보조금,2021,광주시
화물(소형),현대자동차,포터Ⅱ 일렉트릭 특장차,1600,700.0,2300.0,2021년도 전기자동차 광주시 모델별 보조금,2021,광주시
화물(소형),현대자동차,포터Ⅱ 일렉트릭 파워게이트,1600,700.0,2300.0,2021년도 전기자동차 광주시 모델별 보조금,2021,광주시
화물(소형),현대자동차,포터Ⅱ 일렉트릭 내장탑차,1600,700.0,2300.0,2021년도 전기자동차 광주시 모델별 보조금,2021,광주시
화물(소형),현대자동차,포터Ⅱ 일렉트릭 내장탑저상,1600,700.0,2300.0,2021년도 전기자동차 광주시 모델별 보조금,2021,광주시
화물(소형),현대자동차,포터Ⅱ 일렉트릭 내장탑하이,1600,700.0,2300.0,2021년도 전기자동차 광주시 모델별 보조금,2021,광주시
화물(소형),현대자동차,포터Ⅱ 일렉트릭 냉동탑저상,1600,700.0,2300.0,2021년도 전기자동차 광주시 모델별 보조금,2021,광주시
화물(소형),현대자동차,포터Ⅱ 일렉트릭(24MY),1600,700.0,2300.0,2021년도 전기자동차 광주시 모델별 보조금,2021,광주시
화물(소형),기아,봉고 전기차,1600,700.0,2300.0,2021년도 전기자동차 광주시 모델별 보조금,2021,광주시
화물(소형),기아,봉고Ⅲ 전기차 특장차,1600,700.0,2300.0,2021년도 전기자동차 광주시 모델별 보조금,2021,광주시
화물(소형),기아,봉고Ⅲ 전기차 파워게이트 2단 알루미늄,1600,700.0,2300.0,2021년도 전기자동차 광주시 모델별 보조금,2021,광주시
화물(소형),기아,봉고Ⅲ 전기차 내장차,1600,700.0,2300.0,2021년도 전기자동차 광주시 모델별 보조금,2021,광주시
화물(소형),기아,봉고Ⅲ 전기차 저상 내장차,1600,700.0,2300.0,2021년도 전기자동차 광주시 모델별 보조금,2021,광주시
화물(소형),기아,봉고Ⅲ 전기차 플러스 내장차,1600,700.0,2300.0,2021년도 전기자동차 광주시 모델별 보조금,2021,광주시
화물(소형),일진정공,일진무시동전기냉동탑차(149.9km),2100,700.0,2800.0,2021년도 전기자동차 광주시 모델별 보조금,2021,광주시
화물(소형),일진정공,일진무시동전기냉동탑차(186.1km),2100,700.0,2800.0,2021년도 전기자동차 광주시 모델별 보조금,2021,광주시
화물(소형),코리아에어카고에이전시,LSEV,1600,700.0,2300.0,2021년도 전기자동차 광주시 모델별 보조금,2021,광주시
화물(소형),루트17,다니고밴,1600,700.0,2300.0,2021년도 전기자동차 광주시 모델별 보조금,2021,광주시
화물(소형),케이지모빌리티커머셜,SMART T1.0,1600,700.0,2300.0,2021년도 전기자동차 광주시 모델별 보조금,2021,광주시
화물(소형),한신자동차,플러스,1600,700.0,2300.0,2021년도 전기자동차 광주시 모델별 보조금,2021,광주시
화물(소형),한신자동차,플러스2.0,1600,700.0,2300.0,2021년도 전기자동차 광주시 모델별 보조금,2021,광주시
화물(소형),비바모빌리티,(단종)비바,1600,700.0,2300.0,2021년도 전기자동차 광주시 모델별 보조금,2021,광주시
화물(소형),비바모빌리티,젤라,1600,700.0,2300.0,2021년도 전기자동차 광주시 모델별 보조금,2021,광주시
화물(초소형),스마트솔루션즈,D2C,600,300.0,900.0,2021년도 전기자동차 양주시 모델별 보조금,2021,양주시
화물(초소형),스마트솔루션즈,D2P,600,300.0,900.0,2021년도 전기자동차 양주시 모델별 보조금,2021,양주시
화물(초소형),루트17,다니고3,600,300.0,900.0,2021년도 전기자동차 양주시 모델별 보조금,2021,양주시
화물(초소형),루트17,다니고3 픽업,600,300.0,900.0,2021년도 전기자동차 양주시 모델별 보조금,2021,양주시
화물(초소형),마스타전기차,MASTA VAN,600,300.0,900.0,2021년도 전기자동차 양주시 모델별 보조금,2021,양주시
화물(초소형),마스타전기차,MASTA HIM,600,300.0,900.0,2021년도 전기자동차 양주시 모델별 보조금,2021,양주시
화물(초소형),디피코,(단종)포트로,600,300.0,900.0,2021년도 전기자동차 양주시 모델별 보조금,2021,양주시
화물(초소형),디피코,포트로-탑,600,300.0,900.0,2021년도 전기자동차 양주시 모델별 보조금,2021,양주시
화물(초소형),디피코,포트로-픽업,600,300.0,900.0,2021년도 전기자동차 양주시 모델별 보조금,2021,양주시
화물(초소형),디피코,포트로-탑S,600,300.0,900.0,2021년도 전기자동차 양주시 모델별 보조금,2021,양주시
화물(초소형),디피코,포트로-픽업S,600,300.0,900.0,2021년도 전기자동차 양주시 모델별 보조금,2021,양주시
화물(경형),파워프라자,라보ev PEACE,1100,600.0,1700.0,2021년도 전기자동차 양주시 모델별 보조금,2021,양주시
화물(소형),제인모터스,제인모터스칼마토EV1톤내장탑차,1600,900.0,2500.0,2021년도 전기자동차 양주시 모델별 보조금,2021,양주시
화물(소형),파워프라자,봉고3ev PEACE,1600,900.0,2500.0,2021년도 전기자동차 양주시 모델별 보조금,2021,양주시
화물(소형),파워프라자,봉고3ev PEACE 더블캡,1600,900.0,2500.0,2021년도 전기자동차 양주시 모델별 보조금,2021,양주시
화물(소형),현대자동차,포터Ⅱ 일렉트릭 특장차,1600,900.0,2500.0,2021년도 전기자동차 양주시 모델별 보조금,2021,양주시
화물(소형),현대자동차,포터Ⅱ 일렉트릭 파워게이트,1600,900.0,2500.0,2021년도 전기자동차 양주시 모델별 보조금,2021,양주시
화물(소형),현대자동차,포터Ⅱ 일렉트릭 내장탑차,1600,900.0,2500.0,2021년도 전기자동차 양주시 모델별 보조금,2021,양주시
화물(소형),현대자동차,포터Ⅱ 일렉트릭 내장탑저상,1600,900.0,2500.0,2021년도 전기자동차 양주시 모델별 보조금,2021,양주시
화물(소형),현대자동차,포터Ⅱ 일렉트릭 내장탑하이,1600,900.0,2500.0,2021년도 전기자동차 양주시 모델별 보조금,2021,양주시
화물(소형),현대자동차,포터Ⅱ 일렉트릭 냉동탑저상,1600,900.0,2500.0,2021년도 전기자동차 양주시 모델별 보조금,2021,양주시
화물(소형),현대자동차,포터Ⅱ 일렉트릭(24MY),1600,900.0,2500.0,2021년도 전기자동차 양주시 모델별 보조금,2021,양주시
화물(소형),기아,봉고 전기차,1600,900.0,2500.0,2021년도 전기자동차 양주시 모델별 보조금,2021,양주시
화물(소형),기아,봉고Ⅲ 전기차 특장차,1600,900.0,2500.0,2021년도 전기자동차 양주시 모델별 보조금,2021,양주시
화물(소형),기아,봉고Ⅲ 전기차 파워게이트 2단 알루미늄,1600,900.0,2500.0,2021년도 전기자동차 양주시 모델별 보조금,2021,양주시
화물(소형),기아,봉고Ⅲ 전기차 내장차,1600,900.0,2500.0,2021년도 전기자동차 양주시 모델별 보조금,2021,양주시
화물(소형),기아,봉고Ⅲ 전기차 저상 내장차,1600,900.0,2500.0,2021년도 전기자동차 양주시 모델별 보조금,2021,양주시
화물(소형),기아,봉고Ⅲ 전기차 플러스 내장차,1600,900.0,2500.0,2021년도 전기자동차 양주시 모델별 보조금,2021,양주시
화물(소형),일진정공,일진무시동전기냉동탑차(149.9km),2100,900.0,3000.0,2021년도 전기자동차 양주시 모델별 보조금,2021,양주시
화물(소형),일진정공,일진무시동전기냉동탑차(186.1km),2100,900.0,3000.0,2021년도 전기자동차 양주시 모델별 보조금,2021,양주시
화물(소형),코리아에어카고에이전시,LSEV,1600,900.0,2500.0,2021년도 전기자동차 양주시 모델별 보조금,2021,양주시
화물(소형),루트17,다니고밴,1600,900.0,2500.0,2021년도 전기자동차 양주시 모델별 보조금,2021,양주시
화물(소형),케이지모빌리티커머셜,SMART T1.0,1600,900.0,2500.0,2021년도 전기자동차 양주시 모델별 보조금,2021,양주시
화물(소형),한신자동차,플러스,1600,900.0,2500.0,2021년도 전기자동차 양주시 모델별 보조금,2021,양주시
화물(소형),한신자동차,플러스2.0,1600,900.0,2500.0,2021년도 전기자동차 양주시 모델별 보조금,2021,양주시
화물(소형),비바모빌리티,(단종)비바,1600,900.0,2500.0,2021년도 전기자동차 양주시 모델별 보조금,2021,양주시
화물(소형),비바모빌리티,젤라,1600,900.0,2500.0,2021년도 전기자동차 양주시 모델별 보조금,2021,양주시
화물(초소형),스마트솔루션즈,D2C,600,256.0,856.0,2021년도 전기자동차 포천시 모델별 보조금,2021,포천시
화물(초소형),스마트솔루션즈,D2P,600,256.0,856.0,2021년도 전기자동차 포천시 모델별 보조금,2021,포천시
화물(초소형),루트17,다니고3,600,256.0,856.0,2021년도 전기자동차 포천시 모델별 보조금,2021,포천시
화물(초소형),루트17,다니고3 픽업,600,256.0,856.0,2021년도 전기자동차 포천시 모델별 보조금,2021,포천시
화물(초소형),마스타전기차,MASTA VAN,600,256.0,856.0,2021년도 전기자동차 포천시 모델별 보조금,2021,포천시
화물(초소형),마스타전기차,MASTA HIM,600,256.0,856.0,2021년도 전기자동차 포천시 모델별 보조금,2021,포천시
화물(초소형),디피코,(단종)포트로,600,256.0,856.0,2021년도 전기자동차 포천시 모델별 보조금,2021,포천시
화물(초소형),디피코,포트로-탑,600,256.0,856.0,2021년도 전기자동차 포천시 모델별 보조금,2021,포천시
화물(초소형),디피코,포트로-픽업,600,256.0,856.0,2021년도 전기자동차 포천시 모델별 보조금,2021,포천시
화물(초소형),디피코,포트로-탑S,600,256.0,856.0,2021년도 전기자동차 포천시 모델별 보조금,2021,포천시
화물(초소형),디피코,포트로-픽업S,600,256.0,856.0,2021년도 전기자동차 포천시 모델별 보조금,2021,포천시
화물(경형),파워프라자,라보ev PEACE,1100,550.0,1650.0,2021년도 전기자동차 포천시 모델별 보조금,2021,포천시
화물(소형),제인모터스,제인모터스칼마토EV1톤내장탑차,1600,800.0,2400.0,2021년도 전기자동차 포천시 모델별 보조금,2021,포천시
화물(소형),파워프라자,봉고3ev PEACE,1600,800.0,2400.0,2021년도 전기자동차 포천시 모델별 보조금,2021,포천시
화물(소형),파워프라자,봉고3ev PEACE 더블캡,1600,800.0,2400.0,2021년도 전기자동차 포천시 모델별 보조금,2021,포천시
화물(소형),현대자동차,포터Ⅱ 일렉트릭 특장차,1600,800.0,2400.0,2021년도 전기자동차 포천시 모델별 보조금,2021,포천시
화물(소형),현대자동차,포터Ⅱ 일렉트릭 파워게이트,1600,800.0,2400.0,2021년도 전기자동차 포천시 모델별 보조금,2021,포천시
화물(소형),현대자동차,포터Ⅱ 일렉트릭 내장탑차,1600,800.0,2400.0,2021년도 전기자동차 포천시 모델별 보조금,2021,포천시
화물(소형),현대자동차,포터Ⅱ 일렉트릭 내장탑저상,1600,800.0,2400.0,2021년도 전기자동차 포천시 모델별 보조금,2021,포천시
화물(소형),현대자동차,포터Ⅱ 일렉트릭 내장탑하이,1600,800.0,2400.0,2021년도 전기자동차 포천시 모델별 보조금,2021,포천시
화물(소형),현대자동차,포터Ⅱ 일렉트릭 냉동탑저상,1600,800.0,2400.0,2021년도 전기자동차 포천시 모델별 보조금,2021,포천시
화물(소형),현대자동차,포터Ⅱ 일렉트릭(24MY),1600,800.0,2400.0,2021년도 전기자동차 포천시 모델별 보조금,2021,포천시
화물(소형),기아,봉고 전기차,1600,800.0,2400.0,2021년도 전기자동차 포천시 모델별 보조금,2021,포천시
화물(소형),기아,봉고Ⅲ 전기차 특장차,1600,800.0,2400.0,2021년도 전기자동차 포천시 모델별 보조금,2021,포천시
화물(소형),기아,봉고Ⅲ 전기차 파워게이트 2단 알루미늄,1600,800.0,2400.0,2021년도 전기자동차 포천시 모델별 보조금,2021,포천시
화물(소형),기아,봉고Ⅲ 전기차 내장차,1600,800.0,2400.0,2021년도 전기자동차 포천시 모델별 보조금,2021,포천시
화물(소형),기아,봉고Ⅲ 전기차 저상 내장차,1600,800.0,2400.0,2021년도 전기자동차 포천시 모델별 보조금,2021,포천시
화물(소형),기아,봉고Ⅲ 전기차 플러스 내장차,1600,800.0,2400.0,2021년도 전기자동차 포천시 모델별 보조금,2021,포천시
화물(소형),일진정공,일진무시동전기냉동탑차(149.9km),2100,900.0,3000.0,2021년도 전기자동차 포천시 모델별 보조금,2021,포천시
화물(소형),일진정공,일진무시동전기냉동탑차(186.1km),2100,900.0,3000.0,2021년도 전기자동차 포천시 모델별 보조금,2021,포천시
화물(소형),코리아에어카고에이전시,LSEV,1600,800.0,2400.0,2021년도 전기자동차 포천시 모델별 보조금,2021,포천시
화물(소형),루트17,다니고밴,1600,800.0,2400.0,2021년도 전기자동차 포천시 모델별 보조금,2021,포천시
화물(소형),케이지모빌리티커머셜,SMART T1.0,1600,800.0,2400.0,2021년도 전기자동차 포천시 모델별 보조금,2021,포천시
화물(소형),한신자동차,플러스,1600,800.0,2400.0,2021년도 전기자동차 포천시 모델별 보조금,2021,포천시
화물(소형),한신자동차,플러스2.0,1600,800.0,2400.0,2021년도 전기자동차 포천시 모델별 보조금,2021,포천시
화물(소형),비바모빌리티,(단종)비바,1600,800.0,2400.0,2021년도 전기자동차 포천시 모델별 보조금,2021,포천시
화물(소형),비바모빌리티,젤라,1600,800.0,2400.0,2021년도 전기자동차 포천시 모델별 보조금,2021,포천시
화물(초소형),스마트솔루션즈,D2C,600,300.0,900.0,2021년도 전기자동차 여주시 모델별 보조금,2021,여주시
화물(초소형),스마트솔루션즈,D2P,600,300.0,900.0,2021년도 전기자동차 여주시 모델별 보조금,2021,여주시
화물(초소형),루트17,다니고3,600,300.0,900.0,2021년도 전기자동차 여주시 모델별 보조금,2021,여주시
화물(초소형),루트17,다니고3 픽업,600,300.0,900.0,2021년도 전기자동차 여주시 모델별 보조금,2021,여주시
화물(초소형),마스타전기차,MASTA VAN,600,300.0,900.0,2021년도 전기자동차 여주시 모델별 보조금,2021,여주시
화물(초소형),마스타전기차,MASTA HIM,600,300.0,900.0,2021년도 전기자동차 여주시 모델별 보조금,2021,여주시
화물(초소형),디피코,(단종)포트로,600,300.0,900.0,2021년도 전기자동차 여주시 모델별 보조금,2021,여주시
화물(초소형),디피코,포트로-탑,600,300.0,900.0,2021년도 전기자동차 여주시 모델별 보조금,2021,여주시
화물(초소형),디피코,포트로-픽업,600,300.0,900.0,2021년도 전기자동차 여주시 모델별 보조금,2021,여주시
화물(초소형),디피코,포트로-탑S,600,300.0,900.0,2021년도 전기자동차 여주시 모델별 보조금,2021,여주시
화물(초소형),디피코,포트로-픽업S,600,300.0,900.0,2021년도 전기자동차 여주시 모델별 보조금,2021,여주시
화물(경형),파워프라자,라보ev PEACE,1100,500.0,1600.0,2021년도 전기자동차 여주시 모델별 보조금,2021,여주시
화물(소형),제인모터스,제인모터스칼마토EV1톤내장탑차,1600,700.0,2300.0,2021년도 전기자동차 여주시 모델별 보조금,2021,여주시
화물(소형),파워프라자,봉고3ev PEACE,1600,700.0,2300.0,2021년도 전기자동차 여주시 모델별 보조금,2021,여주시
화물(소형),파워프라자,봉고3ev PEACE 더블캡,1600,700.0,2300.0,2021년도 전기자동차 여주시 모델별 보조금,2021,여주시
화물(소형),현대자동차,포터Ⅱ 일렉트릭 특장차,1600,700.0,2300.0,2021년도 전기자동차 여주시 모델별 보조금,2021,여주시
화물(소형),현대자동차,포터Ⅱ 일렉트릭 파워게이트,1600,700.0,2300.0,2021년도 전기자동차 여주시 모델별 보조금,2021,여주시
화물(소형),현대자동차,포터Ⅱ 일렉트릭 내장탑차,1600,700.0,2300.0,2021년도 전기자동차 여주시 모델별 보조금,2021,여주시
화물(소형),현대자동차,포터Ⅱ 일렉트릭 내장탑저상,1600,700.0,2300.0,2021년도 전기자동차 여주시 모델별 보조금,2021,여주시
화물(소형),현대자동차,포터Ⅱ 일렉트릭 내장탑하이,1600,700.0,2300.0,2021년도 전기자동차 여주시 모델별 보조금,2021,여주시
화물(소형),현대자동차,포터Ⅱ 일렉트릭 냉동탑저상,1600,700.0,2300.0,2021년도 전기자동차 여주시 모델별 보조금,2021,여주시
화물(소형),현대자동차,포터Ⅱ 일렉트릭(24MY),1600,700.0,2300.0,2021년도 전기자동차 여주시 모델별 보조금,2021,여주시
화물(소형),기아,봉고 전기차,1600,700.0,2300.0,2021년도 전기자동차 여주시 모델별 보조금,2021,여주시
화물(소형),기아,봉고Ⅲ 전기차 특장차,1600,700.0,2300.0,2021년도 전기자동차 여주시 모델별 보조금,2021,여주시
화물(소형),기아,봉고Ⅲ 전기차 파워게이트 2단 알루미늄,1600,700.0,2300.0,2021년도 전기자동차 여주시 모델별 보조금,2021,여주시
화물(소형),기아,봉고Ⅲ 전기차 내장차,1600,700.0,2300.0,2021년도 전기자동차 여주시 모델별 보조금,2021,여주시
화물(소형),기아,봉고Ⅲ 전기차 저상 내장차,1600,700.0,2300.0,2021년도 전기자동차 여주시 모델별 보조금,2021,여주시
화물(소형),기아,봉고Ⅲ 전기차 플러스 내장차,1600,700.0,2300.0,2021년도 전기자동차 여주시 모델별 보조금,2021,여주시
화물(소형),일진정공,일진무시동전기냉동탑차(149.9km),2100,700.0,2800.0,2021년도 전기자동차 여주시 모델별 보조금,2021,여주시
화물(소형),일진정공,일진무시동전기냉동탑차(186.1km),2100,700.0,2800.0,2021년도 전기자동차 여주시 모델별 보조금,2021,여주시
화물(소형),코리아에어카고에이전시,LSEV,1600,700.0,2300.0,2021년도 전기자동차 여주시 모델별 보조금,2021,여주시
화물(소형),루트17,다니고밴,1600,700.0,2300.0,2021년도 전기자동차 여주시 모델별 보조금,2021,여주시
화물(소형),케이지모빌리티커머셜,SMART T1.0,1600,700.0,2300.0,2021년도 전기자동차 여주시 모델별 보조금,2021,여주시
화물(소형),한신자동차,플러스,1600,700.0,2300.0,2021년도 전기자동차 여주시 모델별 보조금,2021,여주시
화물(소형),한신자동차,플러스2.0,1600,700.0,2300.0,2021년도 전기자동차 여주시 모델별 보조금,2021,여주시
화물(소형),비바모빌리티,(단종)비바,1600,700.0,2300.0,2021년도 전기자동차 여주시 모델별 보조금,2021,여주시
화물(소형),비바모빌리티,젤라,1600,700.0,2300.0,2021년도 전기자동차 여주시 모델별 보조금,2021,여주시
화물(초소형),스마트솔루션즈,D2C,600,330.0,930.0,2021년도 전기자동차 연천군 모델별 보조금,2021,연천군
화물(초소형),스마트솔루션즈,D2P,600,330.0,930.0,2021년도 전기자동차 연천군 모델별 보조금,2021,연천군
화물(초소형),루트17,다니고3,600,330.0,930.0,2021년도 전기자동차 연천군 모델별 보조금,2021,연천군
화물(초소형),루트17,다니고3 픽업,600,330.0,930.0,2021년도 전기자동차 연천군 모델별 보조금,2021,연천군
화물(초소형),마스타전기차,MASTA VAN,600,330.0,930.0,2021년도 전기자동차 연천군 모델별 보조금,2021,연천군
화물(초소형),마스타전기차,MASTA HIM,600,330.0,930.0,2021년도 전기자동차 연천군 모델별 보조금,2021,연천군
화물(초소형),디피코,(단종)포트로,600,330.0,930.0,2021년도 전기자동차 연천군 모델별 보조금,2021,연천군
화물(초소형),디피코,포트로-탑,600,330.0,930.0,2021년도 전기자동차 연천군 모델별 보조금,2021,연천군
화물(초소형),디피코,포트로-픽업,600,330.0,930.0,2021년도 전기자동차 연천군 모델별 보조금,2021,연천군
화물(초소형),디피코,포트로-탑S,600,330.0,930.0,2021년도 전기자동차 연천군 모델별 보조금,2021,연천군
화물(초소형),디피코,포트로-픽업S,600,330.0,930.0,2021년도 전기자동차 연천군 모델별 보조금,2021,연천군
화물(경형),파워프라자,라보ev PEACE,1100,610.0,1710.0,2021년도 전기자동차 연천군 모델별 보조금,2021,연천군
화물(소형),제인모터스,제인모터스칼마토EV1톤내장탑차,1600,900.0,2500.0,2021년도 전기자동차 연천군 모델별 보조금,2021,연천군
화물(소형),파워프라자,봉고3ev PEACE,1600,900.0,2500.0,2021년도 전기자동차 연천군 모델별 보조금,2021,연천군
화물(소형),파워프라자,봉고3ev PEACE 더블캡,1600,900.0,2500.0,2021년도 전기자동차 연천군 모델별 보조금,2021,연천군
화물(소형),현대자동차,포터Ⅱ 일렉트릭 특장차,1600,900.0,2500.0,2021년도 전기자동차 연천군 모델별 보조금,2021,연천군
화물(소형),현대자동차,포터Ⅱ 일렉트릭 파워게이트,1600,900.0,2500.0,2021년도 전기자동차 연천군 모델별 보조금,2021,연천군
화물(소형),현대자동차,포터Ⅱ 일렉트릭 내장탑차,1600,900.0,2500.0,2021년도 전기자동차 연천군 모델별 보조금,2021,연천군
화물(소형),현대자동차,포터Ⅱ 일렉트릭 내장탑저상,1600,900.0,2500.0,2021년도 전기자동차 연천군 모델별 보조금,2021,연천군
화물(소형),현대자동차,포터Ⅱ 일렉트릭 내장탑하이,1600,900.0,2500.0,2021년도 전기자동차 연천군 모델별 보조금,2021,연천군
화물(소형),현대자동차,포터Ⅱ 일렉트릭 냉동탑저상,1600,900.0,2500.0,2021년도 전기자동차 연천군 모델별 보조금,2021,연천군
화물(소형),현대자동차,포터Ⅱ 일렉트릭(24MY),1600,900.0,2500.0,2021년도 전기자동차 연천군 모델별 보조금,2021,연천군
화물(소형),기아,봉고 전기차,1600,900.0,2500.0,2021년도 전기자동차 연천군 모델별 보조금,2021,연천군
화물(소형),기아,봉고Ⅲ 전기차 특장차,1600,900.0,2500.0,2021년도 전기자동차 연천군 모델별 보조금,2021,연천군
화물(소형),기아,봉고Ⅲ 전기차 파워게이트 2단 알루미늄,1600,900.0,2500.0,2021년도 전기자동차 연천군 모델별 보조금,2021,연천군
화물(소형),기아,봉고Ⅲ 전기차 내장차,1600,900.0,2500.0,2021년도 전기자동차 연천군 모델별 보조금,2021,연천군
화물(소형),기아,봉고Ⅲ 전기차 저상 내장차,1600,900.0,2500.0,2021년도 전기자동차 연천군 모델별 보조금,2021,연천군
화물(소형),기아,봉고Ⅲ 전기차 플러스 내장차,1600,900.0,2500.0,2021년도 전기자동차 연천군 모델별 보조금,2021,연천군
화물(소형),일진정공,일진무시동전기냉동탑차(149.9km),2100,900.0,3000.0,2021년도 전기자동차 연천군 모델별 보조금,2021,연천군
화물(소형),일진정공,일진무시동전기냉동탑차(186.1km),2100,900.0,3000.0,2021년도 전기자동차 연천군 모델별 보조금,2021,연천군
화물(소형),코리아에어카고에이전시,LSEV,1600,900.0,2500.0,2021년도 전기자동차 연천군 모델별 보조금,2021,연천군
화물(소형),루트17,다니고밴,1600,900.0,2500.0,2021년도 전기자동차 연천군 모델별 보조금,2021,연천군
화물(소형),케이지모빌리티커머셜,SMART T1.0,1600,900.0,2500.0,2021년도 전기자동차 연천군 모델별 보조금,2021,연천군
화물(소형),한신자동차,플러스,1600,900.0,2500.0,2021년도 전기자동차 연천군 모델별 보조금,2021,연천군
화물(소형),한신자동차,플러스2.0,1600,900.0,2500.0,2021년도 전기자동차 연천군 모델별 보조금,2021,연천군
화물(소형),비바모빌리티,(단종)비바,1600,900.0,2500.0,2021년도 전기자동차 연천군 모델별 보조금,2021,연천군
화물(소형),비바모빌리티,젤라,1600,900.0,2500.0,2021년도 전기자동차 연천군 모델별 보조금,2021,연천군
화물(초소형),스마트솔루션즈,D2C,600,256.0,856.0,2021년도 전기자동차 가평군 모델별 보조금,2021,가평군
화물(초소형),스마트솔루션즈,D2P,600,256.0,856.0,2021년도 전기자동차 가평군 모델별 보조금,2021,가평군
화물(초소형),루트17,다니고3,600,256.0,856.0,2021년도 전기자동차 가평군 모델별 보조금,2021,가평군
화물(초소형),루트17,다니고3 픽업,600,256.0,856.0,2021년도 전기자동차 가평군 모델별 보조금,2021,가평군
화물(초소형),마스타전기차,MASTA VAN,600,256.0,856.0,2021년도 전기자동차 가평군 모델별 보조금,2021,가평군
화물(초소형),마스타전기차,MASTA HIM,600,256.0,856.0,2021년도 전기자동차 가평군 모델별 보조금,2021,가평군
화물(초소형),디피코,(단종)포트로,600,256.0,856.0,2021년도 전기자동차 가평군 모델별 보조금,2021,가평군
화물(초소형),디피코,포트로-탑,600,256.0,856.0,2021년도 전기자동차 가평군 모델별 보조금,2021,가평군
화물(초소형),디피코,포트로-픽업,600,256.0,856.0,2021년도 전기자동차 가평군 모델별 보조금,2021,가평군
화물(초소형),디피코,포트로-탑S,600,256.0,856.0,2021년도 전기자동차 가평군 모델별 보조금,2021,가평군
화물(초소형),디피코,포트로-픽업S,600,256.0,856.0,2021년도 전기자동차 가평군 모델별 보조금,2021,가평군
화물(경형),파워프라자,라보ev PEACE,1100,550.0,1650.0,2021년도 전기자동차 가평군 모델별 보조금,2021,가평군
화물(소형),제인모터스,제인모터스칼마토EV1톤내장탑차,1600,900.0,2500.0,2021년도 전기자동차 가평군 모델별 보조금,2021,가평군
화물(소형),파워프라자,봉고3ev PEACE,1600,900.0,2500.0,2021년도 전기자동차 가평군 모델별 보조금,2021,가평군
화물(소형),파워프라자,봉고3ev PEACE 더블캡,1600,900.0,2500.0,2021년도 전기자동차 가평군 모델별 보조금,2021,가평군
화물(소형),현대자동차,포터Ⅱ 일렉트릭 특장차,1600,900.0,2500.0,2021년도 전기자동차 가평군 모델별 보조금,2021,가평군
화물(소형),현대자동차,포터Ⅱ 일렉트릭 파워게이트,1600,900.0,2500.0,2021년도 전기자동차 가평군 모델별 보조금,2021,가평군
화물(소형),현대자동차,포터Ⅱ 일렉트릭 내장탑차,1600,900.0,2500.0,2021년도 전기자동차 가평군 모델별 보조금,2021,가평군
화물(소형),현대자동차,포터Ⅱ 일렉트릭 내장탑저상,1600,900.0,2500.0,2021년도 전기자동차 가평군 모델별 보조금,2021,가평군
화물(소형),현대자동차,포터Ⅱ 일렉트릭 내장탑하이,1600,900.0,2500.0,2021년도 전기자동차 가평군 모델별 보조금,2021,가평군
화물(소형),현대자동차,포터Ⅱ 일렉트릭 냉동탑저상,1600,900.0,2500.0,2021년도 전기자동차 가평군 모델별 보조금,2021,가평군
화물(소형),현대자동차,포터Ⅱ 일렉트릭(24MY),1600,900.0,2500.0,2021년도 전기자동차 가평군 모델별 보조금,2021,가평군
화물(소형),기아,봉고 전기차,1600,900.0,2500.0,2021년도 전기자동차 가평군 모델별 보조금,2021,가평군
화물(소형),기아,봉고Ⅲ 전기차 특장차,1600,900.0,2500.0,2021년도 전기자동차 가평군 모델별 보조금,2021,가평군
화물(소형),기아,봉고Ⅲ 전기차 파워게이트 2단 알루미늄,1600,900.0,2500.0,2021년도 전기자동차 가평군 모델별 보조금,2021,가평군
화물(소형),기아,봉고Ⅲ 전기차 내장차,1600,900.0,2500.0,2021년도 전기자동차 가평군 모델별 보조금,2021,가평군
화물(소형),기아,봉고Ⅲ 전기차 저상 내장차,1600,900.0,2500.0,2021년도 전기자동차 가평군 모델별 보조금,2021,가평군
화물(소형),기아,봉고Ⅲ 전기차 플러스 내장차,1600,900.0,2500.0,2021년도 전기자동차 가평군 모델별 보조금,2021,가평군
화물(소형),일진정공,일진무시동전기냉동탑차(149.9km),2100,900.0,3000.0,2021년도 전기자동차 가평군 모델별 보조금,2021,가평군
화물(소형),일진정공,일진무시동전기냉동탑차(186.1km),2100,900.0,3000.0,2021년도 전기자동차 가평군 모델별 보조금,2021,가평군
화물(소형),코리아에어카고에이전시,LSEV,1600,900.0,2500.0,2021년도 전기자동차 가평군 모델별 보조금,2021,가평군
화물(소형),루트17,다니고밴,1600,900.0,2500.0,2021년도 전기자동차 가평군 모델별 보조금,2021,가평군
화물(소형),케이지모빌리티커머셜,SMART T1.0,1600,900.0,2500.0,2021년도 전기자동차 가평군 모델별 보조금,2021,가평군
화물(소형),한신자동차,플러스,1600,900.0,2500.0,2021년도 전기자동차 가평군 모델별 보조금,2021,가평군
화물(소형),한신자동차,플러스2.0,1600,900.0,2500.0,2021년도 전기자동차 가평군 모델별 보조금,2021,가평군
화물(소형),비바모빌리티,(단종)비바,1600,900.0,2500.0,2021년도 전기자동차 가평군 모델별 보조금,2021,가평군
화물(소형),비바모빌리티,젤라,1600,900.0,2500.0,2021년도 전기자동차 가평군 모델별 보조금,2021,가평군
화물(초소형),스마트솔루션즈,D2C,600,256.0,856.0,2021년도 전기자동차 양평군 모델별 보조금,2021,양평군
화물(초소형),스마트솔루션즈,D2P,600,256.0,856.0,2021년도 전기자동차 양평군 모델별 보조금,2021,양평군
화물(초소형),루트17,다니고3,600,256.0,856.0,2021년도 전기자동차 양평군 모델별 보조금,2021,양평군
화물(초소형),루트17,다니고3 픽업,600,256.0,856.0,2021년도 전기자동차 양평군 모델별 보조금,2021,양평군
화물(초소형),마스타전기차,MASTA VAN,600,256.0,856.0,2021년도 전기자동차 양평군 모델별 보조금,2021,양평군
화물(초소형),마스타전기차,MASTA HIM,600,256.0,856.0,2021년도 전기자동차 양평군 모델별 보조금,2021,양평군
화물(초소형),디피코,(단종)포트로,600,256.0,856.0,2021년도 전기자동차 양평군 모델별 보조금,2021,양평군
화물(초소형),디피코,포트로-탑,600,256.0,856.0,2021년도 전기자동차 양평군 모델별 보조금,2021,양평군
화물(초소형),디피코,포트로-픽업,600,256.0,856.0,2021년도 전기자동차 양평군 모델별 보조금,2021,양평군
화물(초소형),디피코,포트로-탑S,600,256.0,856.0,2021년도 전기자동차 양평군 모델별 보조금,2021,양평군
화물(초소형),디피코,포트로-픽업S,600,256.0,856.0,2021년도 전기자동차 양평군 모델별 보조금,2021,양평군
화물(경형),파워프라자,라보ev PEACE,1100,550.0,1650.0,2021년도 전기자동차 양평군 모델별 보조금,2021,양평군
화물(소형),제인모터스,제인모터스칼마토EV1톤내장탑차,1600,900.0,2500.0,2021년도 전기자동차 양평군 모델별 보조금,2021,양평군
화물(소형),파워프라자,봉고3ev PEACE,1600,900.0,2500.0,2021년도 전기자동차 양평군 모델별 보조금,2021,양평군
화물(소형),파워프라자,봉고3ev PEACE 더블캡,1600,900.0,2500.0,2021년도 전기자동차 양평군 모델별 보조금,2021,양평군
화물(소형),현대자동차,포터Ⅱ 일렉트릭 특장차,1600,900.0,2500.0,2021년도 전기자동차 양평군 모델별 보조금,2021,양평군
화물(소형),현대자동차,포터Ⅱ 일렉트릭 파워게이트,1600,900.0,2500.0,2021년도 전기자동차 양평군 모델별 보조금,2021,양평군
화물(소형),현대자동차,포터Ⅱ 일렉트릭 내장탑차,1600,900.0,2500.0,2021년도 전기자동차 양평군 모델별 보조금,2021,양평군
화물(소형),현대자동차,포터Ⅱ 일렉트릭 내장탑저상,1600,900.0,2500.0,2021년도 전기자동차 양평군 모델별 보조금,2021,양평군
화물(소형),현대자동차,포터Ⅱ 일렉트릭 내장탑하이,1600,900.0,2500.0,2021년도 전기자동차 양평군 모델별 보조금,2021,양평군
화물(소형),현대자동차,포터Ⅱ 일렉트릭 냉동탑저상,1600,900.0,2500.0,2021년도 전기자동차 양평군 모델별 보조금,2021,양평군
화물(소형),현대자동차,포터Ⅱ 일렉트릭(24MY),1600,900.0,2500.0,2021년도 전기자동차 양평군 모델별 보조금,2021,양평군
화물(소형),기아,봉고 전기차,1600,900.0,2500.0,2021년도 전기자동차 양평군 모델별 보조금,2021,양평군
화물(소형),기아,봉고Ⅲ 전기차 특장차,1600,900.0,2500.0,2021년도 전기자동차 양평군 모델별 보조금,2021,양평군
화물(소형),기아,봉고Ⅲ 전기차 파워게이트 2단 알루미늄,1600,900.0,2500.0,2021년도 전기자동차 양평군 모델별 보조금,2021,양평군
화물(소형),기아,봉고Ⅲ 전기차 내장차,1600,900.0,2500.0,2021년도 전기자동차 양평군 모델별 보조금,2021,양평군
화물(소형),기아,봉고Ⅲ 전기차 저상 내장차,1600,900.0,2500.0,2021년도 전기자동차 양평군 모델별 보조금,2021,양평군
화물(소형),기아,봉고Ⅲ 전기차 플러스 내장차,1600,900.0,2500.0,2021년도 전기자동차 양평군 모델별 보조금,2021,양평군
화물(소형),일진정공,일진무시동전기냉동탑차(149.9km),2100,900.0,3000.0,2021년도 전기자동차 양평군 모델별 보조금,2021,양평군
화물(소형),일진정공,일진무시동전기냉동탑차(186.1km),2100,900.0,3000.0,2021년도 전기자동차 양평군 모델별 보조금,2021,양평군
화물(소형),코리아에어카고에이전시,LSEV,1600,900.0,2500.0,2021년도 전기자동차 양평군 모델별 보조금,2021,양평군
화물(소형),루트17,다니고밴,1600,900.0,2500.0,2021년도 전기자동차 양평군 모델별 보조금,2021,양평군
화물(소형),케이지모빌리티커머셜,SMART T1.0,1600,900.0,2500.0,2021년도 전기자동차 양평군 모델별 보조금,2021,양평군
화물(소형),한신자동차,플러스,1600,900.0,2500.0,2021년도 전기자동차 양평군 모델별 보조금,2021,양평군
화물(소형),한신자동차,플러스2.0,1600,900.0,2500.0,2021년도 전기자동차 양평군 모델별 보조금,2021,양평군
화물(소형),비바모빌리티,(단종)비바,1600,900.0,2500.0,2021년도 전기자동차 양평군 모델별 보조금,2021,양평군
화물(소형),비바모빌리티,젤라,1600,900.0,2500.0,2021년도 전기자동차 양평군 모델별 보조금,2021,양평군
화물(초소형),스마트솔루션즈,D2C,600,700.0,1300.0,2021년도 전기자동차 춘천시 모델별 보조금,2021,춘천시
화물(초소형),스마트솔루션즈,D2P,600,700.0,1300.0,2021년도 전기자동차 춘천시 모델별 보조금,2021,춘천시
화물(초소형),루트17,다니고3,600,700.0,1300.0,2021년도 전기자동차 춘천시 모델별 보조금,2021,춘천시
화물(초소형),루트17,다니고3 픽업,600,700.0,1300.0,2021년도 전기자동차 춘천시 모델별 보조금,2021,춘천시
화물(초소형),마스타전기차,MASTA VAN,600,700.0,1300.0,2021년도 전기자동차 춘천시 모델별 보조금,2021,춘천시
화물(초소형),마스타전기차,MASTA HIM,600,700.0,1300.0,2021년도 전기자동차 춘천시 모델별 보조금,2021,춘천시
화물(초소형),디피코,(단종)포트로,600,700.0,1300.0,2021년도 전기자동차 춘천시 모델별 보조금,2021,춘천시
화물(초소형),디피코,포트로-탑,600,700.0,1300.0,2021년도 전기자동차 춘천시 모델별 보조금,2021,춘천시
화물(초소형),디피코,포트로-픽업,600,700.0,1300.0,2021년도 전기자동차 춘천시 모델별 보조금,2021,춘천시
화물(초소형),디피코,포트로-탑S,600,700.0,1300.0,2021년도 전기자동차 춘천시 모델별 보조금,2021,춘천시
화물(초소형),디피코,포트로-픽업S,600,700.0,1300.0,2021년도 전기자동차 춘천시 모델별 보조금,2021,춘천시
화물(경형),파워프라자,라보ev PEACE,1100,600.0,1700.0,2021년도 전기자동차 춘천시 모델별 보조금,2021,춘천시
화물(소형),제인모터스,제인모터스칼마토EV1톤내장탑차,1600,800.0,2400.0,2021년도 전기자동차 춘천시 모델별 보조금,2021,춘천시
화물(소형),파워프라자,봉고3ev PEACE,1600,800.0,2400.0,2021년도 전기자동차 춘천시 모델별 보조금,2021,춘천시
화물(소형),파워프라자,봉고3ev PEACE 더블캡,1600,800.0,2400.0,2021년도 전기자동차 춘천시 모델별 보조금,2021,춘천시
화물(소형),현대자동차,포터Ⅱ 일렉트릭 특장차,1600,800.0,2400.0,2021년도 전기자동차 춘천시 모델별 보조금,2021,춘천시
화물(소형),현대자동차,포터Ⅱ 일렉트릭 파워게이트,1600,800.0,2400.0,2021년도 전기자동차 춘천시 모델별 보조금,2021,춘천시
화물(소형),현대자동차,포터Ⅱ 일렉트릭 내장탑차,1600,800.0,2400.0,2021년도 전기자동차 춘천시 모델별 보조금,2021,춘천시
화물(소형),현대자동차,포터Ⅱ 일렉트릭 내장탑저상,1600,800.0,2400.0,2021년도 전기자동차 춘천시 모델별 보조금,2021,춘천시
화물(소형),현대자동차,포터Ⅱ 일렉트릭 내장탑하이,1600,800.0,2400.0,2021년도 전기자동차 춘천시 모델별 보조금,2021,춘천시
화물(소형),현대자동차,포터Ⅱ 일렉트릭 냉동탑저상,1600,800.0,2400.0,2021년도 전기자동차 춘천시 모델별 보조금,2021,춘천시
화물(소형),현대자동차,포터Ⅱ 일렉트릭(24MY),1600,800.0,2400.0,2021년도 전기자동차 춘천시 모델별 보조금,2021,춘천시
화물(소형),기아,봉고 전기차,1600,800.0,2400.0,2021년도 전기자동차 춘천시 모델별 보조금,2021,춘천시
화물(소형),기아,봉고Ⅲ 전기차 특장차,1600,800.0,2400.0,2021년도 전기자동차 춘천시 모델별 보조금,2021,춘천시
화물(소형),기아,봉고Ⅲ 전기차 파워게이트 2단 알루미늄,1600,800.0,2400.0,2021년도 전기자동차 춘천시 모델별 보조금,2021,춘천시
화물(소형),기아,봉고Ⅲ 전기차 내장차,1600,800.0,2400.0,2021년도 전기자동차 춘천시 모델별 보조금,2021,춘천시
화물(소형),기아,봉고Ⅲ 전기차 저상 내장차,1600,800.0,2400.0,2021년도 전기자동차 춘천시 모델별 보조금,2021,춘천시
화물(소형),기아,봉고Ⅲ 전기차 플러스 내장차,1600,800.0,2400.0,2021년도 전기자동차 춘천시 모델별 보조금,2021,춘천시
화물(소형),일진정공,일진무시동전기냉동탑차(149.9km),2100,1050.0,3150.0,2021년도 전기자동차 춘천시 모델별 보조금,2021,춘천시
화물(소형),일진정공,일진무시동전기냉동탑차(186.1km),2100,1050.0,3150.0,2021년도 전기자동차 춘천시 모델별 보조금,2021,춘천시
화물(소형),코리아에어카고에이전시,LSEV,1600,800.0,2400.0,2021년도 전기자동차 춘천시 모델별 보조금,2021,춘천시
화물(소형),루트17,다니고밴,1600,800.0,2400.0,2021년도 전기자동차 춘천시 모델별 보조금,2021,춘천시
화물(소형),케이지모빌리티커머셜,SMART T1.0,1600,800.0,2400.0,2021년도 전기자동차 춘천시 모델별 보조금,2021,춘천시
화물(소형),한신자동차,플러스,1600,800.0,2400.0,2021년도 전기자동차 춘천시 모델별 보조금,2021,춘천시
화물(소형),한신자동차,플러스2.0,1600,800.0,2400.0,2021년도 전기자동차 춘천시 모델별 보조금,2021,춘천시
화물(소형),비바모빌리티,(단종)비바,1600,800.0,2400.0,2021년도 전기자동차 춘천시 모델별 보조금,2021,춘천시
화물(소형),비바모빌리티,젤라,1600,800.0,2400.0,2021년도 전기자동차 춘천시 모델별 보조금,2021,춘천시
화물(초소형),스마트솔루션즈,D2C,600,700.0,1300.0,2021년도 전기자동차 원주시 모델별 보조금,2021,원주시
화물(초소형),스마트솔루션즈,D2P,600,700.0,1300.0,2021년도 전기자동차 원주시 모델별 보조금,2021,원주시
화물(초소형),루트17,다니고3,600,700.0,1300.0,2021년도 전기자동차 원주시 모델별 보조금,2021,원주시
화물(초소형),루트17,다니고3 픽업,600,700.0,1300.0,2021년도 전기자동차 원주시 모델별 보조금,2021,원주시
화물(초소형),마스타전기차,MASTA VAN,600,700.0,1300.0,2021년도 전기자동차 원주시 모델별 보조금,2021,원주시
화물(초소형),마스타전기차,MASTA HIM,600,700.0,1300.0,2021년도 전기자동차 원주시 모델별 보조금,2021,원주시
화물(초소형),디피코,(단종)포트로,600,700.0,1300.0,2021년도 전기자동차 원주시 모델별 보조금,2021,원주시
화물(초소형),디피코,포트로-탑,600,700.0,1300.0,2021년도 전기자동차 원주시 모델별 보조금,2021,원주시
화물(초소형),디피코,포트로-픽업,600,700.0,1300.0,2021년도 전기자동차 원주시 모델별 보조금,2021,원주시
화물(초소형),디피코,포트로-탑S,600,700.0,1300.0,2021년도 전기자동차 원주시 모델별 보조금,2021,원주시
화물(초소형),디피코,포트로-픽업S,600,700.0,1300.0,2021년도 전기자동차 원주시 모델별 보조금,2021,원주시
화물(경형),파워프라자,라보ev PEACE,1100,600.0,1700.0,2021년도 전기자동차 원주시 모델별 보조금,2021,원주시
화물(소형),제인모터스,제인모터스칼마토EV1톤내장탑차,1600,800.0,2400.0,2021년도 전기자동차 원주시 모델별 보조금,2021,원주시
화물(소형),파워프라자,봉고3ev PEACE,1600,800.0,2400.0,2021년도 전기자동차 원주시 모델별 보조금,2021,원주시
화물(소형),파워프라자,봉고3ev PEACE 더블캡,1600,800.0,2400.0,2021년도 전기자동차 원주시 모델별 보조금,2021,원주시
화물(소형),현대자동차,포터Ⅱ 일렉트릭 특장차,1600,800.0,2400.0,2021년도 전기자동차 원주시 모델별 보조금,2021,원주시
화물(소형),현대자동차,포터Ⅱ 일렉트릭 파워게이트,1600,800.0,2400.0,2021년도 전기자동차 원주시 모델별 보조금,2021,원주시
화물(소형),현대자동차,포터Ⅱ 일렉트릭 내장탑차,1600,800.0,2400.0,2021년도 전기자동차 원주시 모델별 보조금,2021,원주시
화물(소형),현대자동차,포터Ⅱ 일렉트릭 내장탑저상,1600,800.0,2400.0,2021년도 전기자동차 원주시 모델별 보조금,2021,원주시
화물(소형),현대자동차,포터Ⅱ 일렉트릭 내장탑하이,1600,800.0,2400.0,2021년도 전기자동차 원주시 모델별 보조금,2021,원주시
화물(소형),현대자동차,포터Ⅱ 일렉트릭 냉동탑저상,1600,800.0,2400.0,2021년도 전기자동차 원주시 모델별 보조금,2021,원주시
화물(소형),현대자동차,포터Ⅱ 일렉트릭(24MY),1600,800.0,2400.0,2021년도 전기자동차 원주시 모델별 보조금,2021,원주시
화물(소형),기아,봉고 전기차,1600,800.0,2400.0,2021년도 전기자동차 원주시 모델별 보조금,2021,원주시
화물(소형),기아,봉고Ⅲ 전기차 특장차,1600,800.0,2400.0,2021년도 전기자동차 원주시 모델별 보조금,2021,원주시
화물(소형),기아,봉고Ⅲ 전기차 파워게이트 2단 알루미늄,1600,800.0,2400.0,2021년도 전기자동차 원주시 모델별 보조금,2021,원주시
화물(소형),기아,봉고Ⅲ 전기차 내장차,1600,800.0,2400.0,2021년도 전기자동차 원주시 모델별 보조금,2021,원주시
화물(소형),기아,봉고Ⅲ 전기차 저상 내장차,1600,800.0,2400.0,2021년도 전기자동차 원주시 모델별 보조금,2021,원주시
화물(소형),기아,봉고Ⅲ 전기차 플러스 내장차,1600,800.0,2400.0,2021년도 전기자동차 원주시 모델별 보조금,2021,원주시
화물(소형),일진정공,일진무시동전기냉동탑차(149.9km),2100,1050.0,3150.0,2021년도 전기자동차 원주시 모델별 보조금,2021,원주시
화물(소형),일진정공,일진무시동전기냉동탑차(186.1km),2100,1050.0,3150.0,2021년도 전기자동차 원주시 모델별 보조금,2021,원주시
화물(소형),코리아에어카고에이전시,LSEV,1600,800.0,2400.0,2021년도 전기자동차 원주시 모델별 보조금,2021,원주시
화물(소형),루트17,다니고밴,1600,800.0,2400.0,2021년도 전기자동차 원주시 모델별 보조금,2021,원주시
화물(소형),케이지모빌리티커머셜,SMART T1.0,1600,800.0,2400.0,2021년도 전기자동차 원주시 모델별 보조금,2021,원주시
화물(소형),한신자동차,플러스,1600,800.0,2400.0,2021년도 전기자동차 원주시 모델별 보조금,2021,원주시
화물(소형),한신자동차,플러스2.0,1600,800.0,2400.0,2021년도 전기자동차 원주시 모델별 보조금,2021,원주시
화물(소형),비바모빌리티,(단종)비바,1600,800.0,2400.0,2021년도 전기자동차 원주시 모델별 보조금,2021,원주시
화물(소형),비바모빌리티,젤라,1600,800.0,2400.0,2021년도 전기자동차 원주시 모델별 보조금,2021,원주시
화물(초소형),스마트솔루션즈,D2C,600,700.0,1300.0,2021년도 전기자동차 강릉시 모델별 보조금,2021,강릉시
화물(초소형),스마트솔루션즈,D2P,600,700.0,1300.0,2021년도 전기자동차 강릉시 모델별 보조금,2021,강릉시
화물(초소형),루트17,다니고3,600,700.0,1300.0,2021년도 전기자동차 강릉시 모델별 보조금,2021,강릉시
화물(초소형),루트17,다니고3 픽업,600,700.0,1300.0,2021년도 전기자동차 강릉시 모델별 보조금,2021,강릉시
화물(초소형),마스타전기차,MASTA VAN,600,700.0,1300.0,2021년도 전기자동차 강릉시 모델별 보조금,2021,강릉시
화물(초소형),마스타전기차,MASTA HIM,600,700.0,1300.0,2021년도 전기자동차 강릉시 모델별 보조금,2021,강릉시
화물(초소형),디피코,(단종)포트로,600,700.0,1300.0,2021년도 전기자동차 강릉시 모델별 보조금,2021,강릉시
화물(초소형),디피코,포트로-탑,600,700.0,1300.0,2021년도 전기자동차 강릉시 모델별 보조금,2021,강릉시
화물(초소형),디피코,포트로-픽업,600,700.0,1300.0,2021년도 전기자동차 강릉시 모델별 보조금,2021,강릉시
화물(초소형),디피코,포트로-탑S,600,700.0,1300.0,2021년도 전기자동차 강릉시 모델별 보조금,2021,강릉시
화물(초소형),디피코,포트로-픽업S,600,700.0,1300.0,2021년도 전기자동차 강릉시 모델별 보조금,2021,강릉시
화물(경형),파워프라자,라보ev PEACE,1100,600.0,1700.0,2021년도 전기자동차 강릉시 모델별 보조금,2021,강릉시
화물(소형),제인모터스,제인모터스칼마토EV1톤내장탑차,1600,800.0,2400.0,2021년도 전기자동차 강릉시 모델별 보조금,2021,강릉시
화물(소형),파워프라자,봉고3ev PEACE,1600,800.0,2400.0,2021년도 전기자동차 강릉시 모델별 보조금,2021,강릉시
화물(소형),파워프라자,봉고3ev PEACE 더블캡,1600,800.0,2400.0,2021년도 전기자동차 강릉시 모델별 보조금,2021,강릉시
화물(소형),현대자동차,포터Ⅱ 일렉트릭 특장차,1600,800.0,2400.0,2021년도 전기자동차 강릉시 모델별 보조금,2021,강릉시
화물(소형),현대자동차,포터Ⅱ 일렉트릭 파워게이트,1600,800.0,2400.0,2021년도 전기자동차 강릉시 모델별 보조금,2021,강릉시
화물(소형),현대자동차,포터Ⅱ 일렉트릭 내장탑차,1600,800.0,2400.0,2021년도 전기자동차 강릉시 모델별 보조금,2021,강릉시
화물(소형),현대자동차,포터Ⅱ 일렉트릭 내장탑저상,1600,800.0,2400.0,2021년도 전기자동차 강릉시 모델별 보조금,2021,강릉시
화물(소형),현대자동차,포터Ⅱ 일렉트릭 내장탑하이,1600,800.0,2400.0,2021년도 전기자동차 강릉시 모델별 보조금,2021,강릉시
화물(소형),현대자동차,포터Ⅱ 일렉트릭 냉동탑저상,1600,800.0,2400.0,2021년도 전기자동차 강릉시 모델별 보조금,2021,강릉시
화물(소형),현대자동차,포터Ⅱ 일렉트릭(24MY),1600,800.0,2400.0,2021년도 전기자동차 강릉시 모델별 보조금,2021,강릉시
화물(소형),기아,봉고 전기차,1600,800.0,2400.0,2021년도 전기자동차 강릉시 모델별 보조금,2021,강릉시
화물(소형),기아,봉고Ⅲ 전기차 특장차,1600,800.0,2400.0,2021년도 전기자동차 강릉시 모델별 보조금,2021,강릉시
화물(소형),기아,봉고Ⅲ 전기차 파워게이트 2단 알루미늄,1600,800.0,2400.0,2021년도 전기자동차 강릉시 모델별 보조금,2021,강릉시
화물(소형),기아,봉고Ⅲ 전기차 내장차,1600,800.0,2400.0,2021년도 전기자동차 강릉시 모델별 보조금,2021,강릉시
화물(소형),기아,봉고Ⅲ 전기차 저상 내장차,1600,800.0,2400.0,2021년도 전기자동차 강릉시 모델별 보조금,2021,강릉시
화물(소형),기아,봉고Ⅲ 전기차 플러스 내장차,1600,800.0,2400.0,2021년도 전기자동차 강릉시 모델별 보조금,2021,강릉시
화물(소형),일진정공,일진무시동전기냉동탑차(149.9km),2100,1050.0,3150.0,2021년도 전기자동차 강릉시 모델별 보조금,2021,강릉시
화물(소형),일진정공,일진무시동전기냉동탑차(186.1km),2100,1050.0,3150.0,2021년도 전기자동차 강릉시 모델별 보조금,2021,강릉시
화물(소형),코리아에어카고에이전시,LSEV,1600,800.0,2400.0,2021년도 전기자동차 강릉시 모델별 보조금,2021,강릉시
화물(소형),루트17,다니고밴,1600,800.0,2400.0,2021년도 전기자동차 강릉시 모델별 보조금,2021,강릉시
화물(소형),케이지모빌리티커머셜,SMART T1.0,1600,800.0,2400.0,2021년도 전기자동차 강릉시 모델별 보조금,2021,강릉시
화물(소형),한신자동차,플러스,1600,800.0,2400.0,2021년도 전기자동차 강릉시 모델별 보조금,2021,강릉시
화물(소형),한신자동차,플러스2.0,1600,800.0,2400.0,2021년도 전기자동차 강릉시 모델별 보조금,2021,강릉시
화물(소형),비바모빌리티,(단종)비바,1600,800.0,2400.0,2021년도 전기자동차 강릉시 모델별 보조금,2021,강릉시
화물(소형),비바모빌리티,젤라,1600,800.0,2400.0,2021년도 전기자동차 강릉시 모델별 보조금,2021,강릉시
화물(초소형),스마트솔루션즈,D2C,600,700.0,1300.0,2021년도 전기자동차 동해시 모델별 보조금,2021,동해시
화물(초소형),스마트솔루션즈,D2P,600,700.0,1300.0,2021년도 전기자동차 동해시 모델별 보조금,2021,동해시
화물(초소형),루트17,다니고3,600,700.0,1300.0,2021년도 전기자동차 동해시 모델별 보조금,2021,동해시
화물(초소형),루트17,다니고3 픽업,600,700.0,1300.0,2021년도 전기자동차 동해시 모델별 보조금,2021,동해시
화물(초소형),마스타전기차,MASTA VAN,600,700.0,1300.0,2021년도 전기자동차 동해시 모델별 보조금,2021,동해시
화물(초소형),마스타전기차,MASTA HIM,600,700.0,1300.0,2021년도 전기자동차 동해시 모델별 보조금,2021,동해시
화물(초소형),디피코,(단종)포트로,600,700.0,1300.0,2021년도 전기자동차 동해시 모델별 보조금,2021,동해시
화물(초소형),디피코,포트로-탑,600,700.0,1300.0,2021년도 전기자동차 동해시 모델별 보조금,2021,동해시
화물(초소형),디피코,포트로-픽업,600,700.0,1300.0,2021년도 전기자동차 동해시 모델별 보조금,2021,동해시
화물(초소형),디피코,포트로-탑S,600,700.0,1300.0,2021년도 전기자동차 동해시 모델별 보조금,2021,동해시
화물(초소형),디피코,포트로-픽업S,600,700.0,1300.0,2021년도 전기자동차 동해시 모델별 보조금,2021,동해시
화물(경형),파워프라자,라보ev PEACE,1100,600.0,1700.0,2021년도 전기자동차 동해시 모델별 보조금,2021,동해시
화물(소형),제인모터스,제인모터스칼마토EV1톤내장탑차,1600,800.0,2400.0,2021년도 전기자동차 동해시 모델별 보조금,2021,동해시
화물(소형),파워프라자,봉고3ev PEACE,1600,800.0,2400.0,2021년도 전기자동차 동해시 모델별 보조금,2021,동해시
화물(소형),파워프라자,봉고3ev PEACE 더블캡,1600,800.0,2400.0,2021년도 전기자동차 동해시 모델별 보조금,2021,동해시
화물(소형),현대자동차,포터Ⅱ 일렉트릭 특장차,1600,800.0,2400.0,2021년도 전기자동차 동해시 모델별 보조금,2021,동해시
화물(소형),현대자동차,포터Ⅱ 일렉트릭 파워게이트,1600,800.0,2400.0,2021년도 전기자동차 동해시 모델별 보조금,2021,동해시
화물(소형),현대자동차,포터Ⅱ 일렉트릭 내장탑차,1600,800.0,2400.0,2021년도 전기자동차 동해시 모델별 보조금,2021,동해시
화물(소형),현대자동차,포터Ⅱ 일렉트릭 내장탑저상,1600,800.0,2400.0,2021년도 전기자동차 동해시 모델별 보조금,2021,동해시
화물(소형),현대자동차,포터Ⅱ 일렉트릭 내장탑하이,1600,800.0,2400.0,2021년도 전기자동차 동해시 모델별 보조금,2021,동해시
화물(소형),현대자동차,포터Ⅱ 일렉트릭 냉동탑저상,1600,800.0,2400.0,2021년도 전기자동차 동해시 모델별 보조금,2021,동해시
화물(소형),현대자동차,포터Ⅱ 일렉트릭(24MY),1600,800.0,2400.0,2021년도 전기자동차 동해시 모델별 보조금,2021,동해시
화물(소형),기아,봉고 전기차,1600,800.0,2400.0,2021년도 전기자동차 동해시 모델별 보조금,2021,동해시
화물(소형),기아,봉고Ⅲ 전기차 특장차,1600,800.0,2400.0,2021년도 전기자동차 동해시 모델별 보조금,2021,동해시
화물(소형),기아,봉고Ⅲ 전기차 파워게이트 2단 알루미늄,1600,800.0,2400.0,2021년도 전기자동차 동해시 모델별 보조금,2021,동해시
화물(소형),기아,봉고Ⅲ 전기차 내장차,1600,800.0,2400.0,2021년도 전기자동차 동해시 모델별 보조금,2021,동해시
화물(소형),기아,봉고Ⅲ 전기차 저상 내장차,1600,800.0,2400.0,2021년도 전기자동차 동해시 모델별 보조금,2021,동해시
화물(소형),기아,봉고Ⅲ 전기차 플러스 내장차,1600,800.0,2400.0,2021년도 전기자동차 동해시 모델별 보조금,2021,동해시
화물(소형),일진정공,일진무시동전기냉동탑차(149.9km),2100,1050.0,3150.0,2021년도 전기자동차 동해시 모델별 보조금,2021,동해시
화물(소형),일진정공,일진무시동전기냉동탑차(186.1km),2100,1050.0,3150.0,2021년도 전기자동차 동해시 모델별 보조금,2021,동해시
화물(소형),코리아에어카고에이전시,LSEV,1600,800.0,2400.0,2021년도 전기자동차 동해시 모델별 보조금,2021,동해시
화물(소형),루트17,다니고밴,1600,800.0,2400.0,2021년도 전기자동차 동해시 모델별 보조금,2021,동해시
화물(소형),케이지모빌리티커머셜,SMART T1.0,1600,800.0,2400.0,2021년도 전기자동차 동해시 모델별 보조금,2021,동해시
화물(소형),한신자동차,플러스,1600,800.0,2400.0,2021년도 전기자동차 동해시 모델별 보조금,2021,동해시
화물(소형),한신자동차,플러스2.0,1600,800.0,2400.0,2021년도 전기자동차 동해시 모델별 보조금,2021,동해시
화물(소형),비바모빌리티,(단종)비바,1600,800.0,2400.0,2021년도 전기자동차 동해시 모델별 보조금,2021,동해시
화물(소형),비바모빌리티,젤라,1600,800.0,2400.0,2021년도 전기자동차 동해시 모델별 보조금,2021,동해시
화물(초소형),스마트솔루션즈,D2C,600,700.0,1300.0,2021년도 전기자동차 태백시 모델별 보조금,2021,태백시
화물(초소형),스마트솔루션즈,D2P,600,700.0,1300.0,2021년도 전기자동차 태백시 모델별 보조금,2021,태백시
화물(초소형),루트17,다니고3,600,700.0,1300.0,2021년도 전기자동차 태백시 모델별 보조금,2021,태백시
화물(초소형),루트17,다니고3 픽업,600,700.0,1300.0,2021년도 전기자동차 태백시 모델별 보조금,2021,태백시
화물(초소형),마스타전기차,MASTA VAN,600,700.0,1300.0,2021년도 전기자동차 태백시 모델별 보조금,2021,태백시
화물(초소형),마스타전기차,MASTA HIM,600,700.0,1300.0,2021년도 전기자동차 태백시 모델별 보조금,2021,태백시
화물(초소형),디피코,(단종)포트로,600,700.0,1300.0,2021년도 전기자동차 태백시 모델별 보조금,2021,태백시
화물(초소형),디피코,포트로-탑,600,700.0,1300.0,2021년도 전기자동차 태백시 모델별 보조금,2021,태백시
화물(초소형),디피코,포트로-픽업,600,700.0,1300.0,2021년도 전기자동차 태백시 모델별 보조금,2021,태백시
화물(초소형),디피코,포트로-탑S,600,700.0,1300.0,2021년도 전기자동차 태백시 모델별 보조금,2021,태백시
화물(초소형),디피코,포트로-픽업S,600,700.0,1300.0,2021년도 전기자동차 태백시 모델별 보조금,2021,태백시
화물(경형),파워프라자,라보ev PEACE,1100,600.0,1700.0,2021년도 전기자동차 태백시 모델별 보조금,2021,태백시
화물(소형),제인모터스,제인모터스칼마토EV1톤내장탑차,1600,800.0,2400.0,2021년도 전기자동차 태백시 모델별 보조금,2021,태백시
화물(소형),파워프라자,봉고3ev PEACE,1600,800.0,2400.0,2021년도 전기자동차 태백시 모델별 보조금,2021,태백시
화물(소형),파워프라자,봉고3ev PEACE 더블캡,1600,800.0,2400.0,2021년도 전기자동차 태백시 모델별 보조금,2021,태백시
화물(소형),현대자동차,포터Ⅱ 일렉트릭 특장차,1600,800.0,2400.0,2021년도 전기자동차 태백시 모델별 보조금,2021,태백시
화물(소형),현대자동차,포터Ⅱ 일렉트릭 파워게이트,1600,800.0,2400.0,2021년도 전기자동차 태백시 모델별 보조금,2021,태백시
화물(소형),현대자동차,포터Ⅱ 일렉트릭 내장탑차,1600,800.0,2400.0,2021년도 전기자동차 태백시 모델별 보조금,2021,태백시
화물(소형),현대자동차,포터Ⅱ 일렉트릭 내장탑저상,1600,800.0,2400.0,2021년도 전기자동차 태백시 모델별 보조금,2021,태백시
화물(소형),현대자동차,포터Ⅱ 일렉트릭 내장탑하이,1600,800.0,2400.0,2021년도 전기자동차 태백시 모델별 보조금,2021,태백시
화물(소형),현대자동차,포터Ⅱ 일렉트릭 냉동탑저상,1600,800.0,2400.0,2021년도 전기자동차 태백시 모델별 보조금,2021,태백시
화물(소형),현대자동차,포터Ⅱ 일렉트릭(24MY),1600,800.0,2400.0,2021년도 전기자동차 태백시 모델별 보조금,2021,태백시
화물(소형),기아,봉고 전기차,1600,800.0,2400.0,2021년도 전기자동차 태백시 모델별 보조금,2021,태백시
화물(소형),기아,봉고Ⅲ 전기차 특장차,1600,800.0,2400.0,2021년도 전기자동차 태백시 모델별 보조금,2021,태백시
화물(소형),기아,봉고Ⅲ 전기차 파워게이트 2단 알루미늄,1600,800.0,2400.0,2021년도 전기자동차 태백시 모델별 보조금,2021,태백시
화물(소형),기아,봉고Ⅲ 전기차 내장차,1600,800.0,2400.0,2021년도 전기자동차 태백시 모델별 보조금,2021,태백시
화물(소형),기아,봉고Ⅲ 전기차 저상 내장차,1600,800.0,2400.0,2021년도 전기자동차 태백시 모델별 보조금,2021,태백시
화물(소형),기아,봉고Ⅲ 전기차 플러스 내장차,1600,800.0,2400.0,2021년도 전기자동차 태백시 모델별 보조금,2021,태백시
화물(소형),일진정공,일진무시동전기냉동탑차(149.9km),2100,1050.0,3150.0,2021년도 전기자동차 태백시 모델별 보조금,2021,태백시
화물(소형),일진정공,일진무시동전기냉동탑차(186.1km),2100,1050.0,3150.0,2021년도 전기자동차 태백시 모델별 보조금,2021,태백시
화물(소형),코리아에어카고에이전시,LSEV,1600,800.0,2400.0,2021년도 전기자동차 태백시 모델별 보조금,2021,태백시
화물(소형),루트17,다니고밴,1600,800.0,2400.0,2021년도 전기자동차 태백시 모델별 보조금,2021,태백시
화물(소형),케이지모빌리티커머셜,SMART T1.0,1600,800.0,2400.0,2021년도 전기자동차 태백시 모델별 보조금,2021,태백시
화물(소형),한신자동차,플러스,1600,800.0,2400.0,2021년도 전기자동차 태백시 모델별 보조금,2021,태백시
화물(소형),한신자동차,플러스2.0,1600,800.0,2400.0,2021년도 전기자동차 태백시 모델별 보조금,2021,태백시
화물(소형),비바모빌리티,(단종)비바,1600,800.0,2400.0,2021년도 전기자동차 태백시 모델별 보조금,2021,태백시
화물(소형),비바모빌리티,젤라,1600,800.0,2400.0,2021년도 전기자동차 태백시 모델별 보조금,2021,태백시
화물(초소형),스마트솔루션즈,D2C,600,700.0,1300.0,2021년도 전기자동차 속초시 모델별 보조금,2021,속초시
화물(초소형),스마트솔루션즈,D2P,600,700.0,1300.0,2021년도 전기자동차 속초시 모델별 보조금,2021,속초시
화물(초소형),루트17,다니고3,600,700.0,1300.0,2021년도 전기자동차 속초시 모델별 보조금,2021,속초시
화물(초소형),루트17,다니고3 픽업,600,700.0,1300.0,2021년도 전기자동차 속초시 모델별 보조금,2021,속초시
화물(초소형),마스타전기차,MASTA VAN,600,700.0,1300.0,2021년도 전기자동차 속초시 모델별 보조금,2021,속초시
화물(초소형),마스타전기차,MASTA HIM,600,700.0,1300.0,2021년도 전기자동차 속초시 모델별 보조금,2021,속초시
화물(초소형),디피코,(단종)포트로,600,700.0,1300.0,2021년도 전기자동차 속초시 모델별 보조금,2021,속초시
화물(초소형),디피코,포트로-탑,600,700.0,1300.0,2021년도 전기자동차 속초시 모델별 보조금,2021,속초시
화물(초소형),디피코,포트로-픽업,600,700.0,1300.0,2021년도 전기자동차 속초시 모델별 보조금,2021,속초시
화물(초소형),디피코,포트로-탑S,600,700.0,1300.0,2021년도 전기자동차 속초시 모델별 보조금,2021,속초시
화물(초소형),디피코,포트로-픽업S,600,700.0,1300.0,2021년도 전기자동차 속초시 모델별 보조금,2021,속초시
화물(경형),파워프라자,라보ev PEACE,1100,600.0,1700.0,2021년도 전기자동차 속초시 모델별 보조금,2021,속초시
화물(소형),제인모터스,제인모터스칼마토EV1톤내장탑차,1600,800.0,2400.0,2021년도 전기자동차 속초시 모델별 보조금,2021,속초시
화물(소형),파워프라자,봉고3ev PEACE,1600,800.0,2400.0,2021년도 전기자동차 속초시 모델별 보조금,2021,속초시
화물(소형),파워프라자,봉고3ev PEACE 더블캡,1600,800.0,2400.0,2021년도 전기자동차 속초시 모델별 보조금,2021,속초시
화물(소형),현대자동차,포터Ⅱ 일렉트릭 특장차,1600,800.0,2400.0,2021년도 전기자동차 속초시 모델별 보조금,2021,속초시
화물(소형),현대자동차,포터Ⅱ 일렉트릭 파워게이트,1600,800.0,2400.0,2021년도 전기자동차 속초시 모델별 보조금,2021,속초시
화물(소형),현대자동차,포터Ⅱ 일렉트릭 내장탑차,1600,800.0,2400.0,2021년도 전기자동차 속초시 모델별 보조금,2021,속초시
화물(소형),현대자동차,포터Ⅱ 일렉트릭 내장탑저상,1600,800.0,2400.0,2021년도 전기자동차 속초시 모델별 보조금,2021,속초시
화물(소형),현대자동차,포터Ⅱ 일렉트릭 내장탑하이,1600,800.0,2400.0,2021년도 전기자동차 속초시 모델별 보조금,2021,속초시
화물(소형),현대자동차,포터Ⅱ 일렉트릭 냉동탑저상,1600,800.0,2400.0,2021년도 전기자동차 속초시 모델별 보조금,2021,속초시
화물(소형),현대자동차,포터Ⅱ 일렉트릭(24MY),1600,800.0,2400.0,2021년도 전기자동차 속초시 모델별 보조금,2021,속초시
화물(소형),기아,봉고 전기차,1600,800.0,2400.0,2021년도 전기자동차 속초시 모델별 보조금,2021,속초시
화물(소형),기아,봉고Ⅲ 전기차 특장차,1600,800.0,2400.0,2021년도 전기자동차 속초시 모델별 보조금,2021,속초시
화물(소형),기아,봉고Ⅲ 전기차 파워게이트 2단 알루미늄,1600,800.0,2400.0,2021년도 전기자동차 속초시 모델별 보조금,2021,속초시
화물(소형),기아,봉고Ⅲ 전기차 내장차,1600,800.0,2400.0,2021년도 전기자동차 속초시 모델별 보조금,2021,속초시
화물(소형),기아,봉고Ⅲ 전기차 저상 내장차,1600,800.0,2400.0,2021년도 전기자동차 속초시 모델별 보조금,2021,속초시
화물(소형),기아,봉고Ⅲ 전기차 플러스 내장차,1600,800.0,2400.0,2021년도 전기자동차 속초시 모델별 보조금,2021,속초시
화물(소형),일진정공,일진무시동전기냉동탑차(149.9km),2100,1050.0,3150.0,2021년도 전기자동차 속초시 모델별 보조금,2021,속초시
화물(소형),일진정공,일진무시동전기냉동탑차(186.1km),2100,1050.0,3150.0,2021년도 전기자동차 속초시 모델별 보조금,2021,속초시
화물(소형),코리아에어카고에이전시,LSEV,1600,800.0,2400.0,2021년도 전기자동차 속초시 모델별 보조금,2021,속초시
화물(소형),루트17,다니고밴,1600,800.0,2400.0,2021년도 전기자동차 속초시 모델별 보조금,2021,속초시
화물(소형),케이지모빌리티커머셜,SMART T1.0,1600,800.0,2400.0,2021년도 전기자동차 속초시 모델별 보조금,2021,속초시
화물(소형),한신자동차,플러스,1600,800.0,2400.0,2021년도 전기자동차 속초시 모델별 보조금,2021,속초시
화물(소형),한신자동차,플러스2.0,1600,800.0,2400.0,2021년도 전기자동차 속초시 모델별 보조금,2021,속초시
화물(소형),비바모빌리티,(단종)비바,1600,800.0,2400.0,2021년도 전기자동차 속초시 모델별 보조금,2021,속초시
화물(소형),비바모빌리티,젤라,1600,800.0,2400.0,2021년도 전기자동차 속초시 모델별 보조금,2021,속초시
화물(초소형),스마트솔루션즈,D2C,600,700.0,1300.0,2021년도 전기자동차 삼척시 모델별 보조금,2021,삼척시
화물(초소형),스마트솔루션즈,D2P,600,700.0,1300.0,2021년도 전기자동차 삼척시 모델별 보조금,2021,삼척시
화물(초소형),루트17,다니고3,600,700.0,1300.0,2021년도 전기자동차 삼척시 모델별 보조금,2021,삼척시
화물(초소형),루트17,다니고3 픽업,600,700.0,1300.0,2021년도 전기자동차 삼척시 모델별 보조금,2021,삼척시
화물(초소형),마스타전기차,MASTA VAN,600,700.0,1300.0,2021년도 전기자동차 삼척시 모델별 보조금,2021,삼척시
화물(초소형),마스타전기차,MASTA HIM,600,700.0,1300.0,2021년도 전기자동차 삼척시 모델별 보조금,2021,삼척시
화물(초소형),디피코,(단종)포트로,600,700.0,1300.0,2021년도 전기자동차 삼척시 모델별 보조금,2021,삼척시
화물(초소형),디피코,포트로-탑,600,700.0,1300.0,2021년도 전기자동차 삼척시 모델별 보조금,2021,삼척시
화물(초소형),디피코,포트로-픽업,600,700.0,1300.0,2021년도 전기자동차 삼척시 모델별 보조금,2021,삼척시
화물(초소형),디피코,포트로-탑S,600,700.0,1300.0,2021년도 전기자동차 삼척시 모델별 보조금,2021,삼척시
화물(초소형),디피코,포트로-픽업S,600,700.0,1300.0,2021년도 전기자동차 삼척시 모델별 보조금,2021,삼척시
화물(경형),파워프라자,라보ev PEACE,1100,600.0,1700.0,2021년도 전기자동차 삼척시 모델별 보조금,2021,삼척시
화물(소형),제인모터스,제인모터스칼마토EV1톤내장탑차,1600,800.0,2400.0,2021년도 전기자동차 삼척시 모델별 보조금,2021,삼척시
화물(소형),파워프라자,봉고3ev PEACE,1600,800.0,2400.0,2021년도 전기자동차 삼척시 모델별 보조금,2021,삼척시
화물(소형),파워프라자,봉고3ev PEACE 더블캡,1600,800.0,2400.0,2021년도 전기자동차 삼척시 모델별 보조금,2021,삼척시
화물(소형),현대자동차,포터Ⅱ 일렉트릭 특장차,1600,800.0,2400.0,2021년도 전기자동차 삼척시 모델별 보조금,2021,삼척시
화물(소형),현대자동차,포터Ⅱ 일렉트릭 파워게이트,1600,800.0,2400.0,2021년도 전기자동차 삼척시 모델별 보조금,2021,삼척시
화물(소형),현대자동차,포터Ⅱ 일렉트릭 내장탑차,1600,800.0,2400.0,2021년도 전기자동차 삼척시 모델별 보조금,2021,삼척시
화물(소형),현대자동차,포터Ⅱ 일렉트릭 내장탑저상,1600,800.0,2400.0,2021년도 전기자동차 삼척시 모델별 보조금,2021,삼척시
화물(소형),현대자동차,포터Ⅱ 일렉트릭 내장탑하이,1600,800.0,2400.0,2021년도 전기자동차 삼척시 모델별 보조금,2021,삼척시
화물(소형),현대자동차,포터Ⅱ 일렉트릭 냉동탑저상,1600,800.0,2400.0,2021년도 전기자동차 삼척시 모델별 보조금,2021,삼척시
화물(소형),현대자동차,포터Ⅱ 일렉트릭(24MY),1600,800.0,2400.0,2021년도 전기자동차 삼척시 모델별 보조금,2021,삼척시
화물(소형),기아,봉고 전기차,1600,800.0,2400.0,2021년도 전기자동차 삼척시 모델별 보조금,2021,삼척시
화물(소형),기아,봉고Ⅲ 전기차 특장차,1600,800.0,2400.0,2021년도 전기자동차 삼척시 모델별 보조금,2021,삼척시
화물(소형),기아,봉고Ⅲ 전기차 파워게이트 2단 알루미늄,1600,800.0,2400.0,2021년도 전기자동차 삼척시 모델별 보조금,2021,삼척시
화물(소형),기아,봉고Ⅲ 전기차 내장차,1600,800.0,2400.0,2021년도 전기자동차 삼척시 모델별 보조금,2021,삼척시
화물(소형),기아,봉고Ⅲ 전기차 저상 내장차,1600,800.0,2400.0,2021년도 전기자동차 삼척시 모델별 보조금,2021,삼척시
화물(소형),기아,봉고Ⅲ 전기차 플러스 내장차,1600,800.0,2400.0,2021년도 전기자동차 삼척시 모델별 보조금,2021,삼척시
화물(소형),일진정공,일진무시동전기냉동탑차(149.9km),2100,1050.0,3150.0,2021년도 전기자동차 삼척시 모델별 보조금,2021,삼척시
화물(소형),일진정공,일진무시동전기냉동탑차(186.1km),2100,1050.0,3150.0,2021년도 전기자동차 삼척시 모델별 보조금,2021,삼척시
화물(소형),코리아에어카고에이전시,LSEV,1600,800.0,2400.0,2021년도 전기자동차 삼척시 모델별 보조금,2021,삼척시
화물(소형),루트17,다니고밴,1600,800.0,2400.0,2021년도 전기자동차 삼척시 모델별 보조금,2021,삼척시
화물(소형),케이지모빌리티커머셜,SMART T1.0,1600,800.0,2400.0,2021년도 전기자동차 삼척시 모델별 보조금,2021,삼척시
화물(소형),한신자동차,플러스,1600,800.0,2400.0,2021년도 전기자동차 삼척시 모델별 보조금,2021,삼척시
화물(소형),한신자동차,플러스2.0,1600,800.0,2400.0,2021년도 전기자동차 삼척시 모델별 보조금,2021,삼척시
화물(소형),비바모빌리티,(단종)비바,1600,800.0,2400.0,2021년도 전기자동차 삼척시 모델별 보조금,2021,삼척시
화물(소형),비바모빌리티,젤라,1600,800.0,2400.0,2021년도 전기자동차 삼척시 모델별 보조금,2021,삼척시
화물(초소형),스마트솔루션즈,D2C,600,700.0,1300.0,2021년도 전기자동차 홍천군 모델별 보조금,2021,홍천군
화물(초소형),스마트솔루션즈,D2P,600,700.0,1300.0,2021년도 전기자동차 홍천군 모델별 보조금,2021,홍천군
화물(초소형),루트17,다니고3,600,700.0,1300.0,2021년도 전기자동차 홍천군 모델별 보조금,2021,홍천군
화물(초소형),루트17,다니고3 픽업,600,700.0,1300.0,2021년도 전기자동차 홍천군 모델별 보조금,2021,홍천군
화물(초소형),마스타전기차,MASTA VAN,600,700.0,1300.0,2021년도 전기자동차 홍천군 모델별 보조금,2021,홍천군
화물(초소형),마스타전기차,MASTA HIM,600,700.0,1300.0,2021년도 전기자동차 홍천군 모델별 보조금,2021,홍천군
화물(초소형),디피코,(단종)포트로,600,700.0,1300.0,2021년도 전기자동차 홍천군 모델별 보조금,2021,홍천군
화물(초소형),디피코,포트로-탑,600,700.0,1300.0,2021년도 전기자동차 홍천군 모델별 보조금,2021,홍천군
화물(초소형),디피코,포트로-픽업,600,700.0,1300.0,2021년도 전기자동차 홍천군 모델별 보조금,2021,홍천군
화물(초소형),디피코,포트로-탑S,600,700.0,1300.0,2021년도 전기자동차 홍천군 모델별 보조금,2021,홍천군
화물(초소형),디피코,포트로-픽업S,600,700.0,1300.0,2021년도 전기자동차 홍천군 모델별 보조금,2021,홍천군
화물(경형),파워프라자,라보ev PEACE,1100,600.0,1700.0,2021년도 전기자동차 홍천군 모델별 보조금,2021,홍천군
화물(소형),제인모터스,제인모터스칼마토EV1톤내장탑차,1600,800.0,2400.0,2021년도 전기자동차 홍천군 모델별 보조금,2021,홍천군
화물(소형),파워프라자,봉고3ev PEACE,1600,800.0,2400.0,2021년도 전기자동차 홍천군 모델별 보조금,2021,홍천군
화물(소형),파워프라자,봉고3ev PEACE 더블캡,1600,800.0,2400.0,2021년도 전기자동차 홍천군 모델별 보조금,2021,홍천군
화물(소형),현대자동차,포터Ⅱ 일렉트릭 특장차,1600,800.0,2400.0,2021년도 전기자동차 홍천군 모델별 보조금,2021,홍천군
화물(소형),현대자동차,포터Ⅱ 일렉트릭 파워게이트,1600,800.0,2400.0,2021년도 전기자동차 홍천군 모델별 보조금,2021,홍천군
화물(소형),현대자동차,포터Ⅱ 일렉트릭 내장탑차,1600,800.0,2400.0,2021년도 전기자동차 홍천군 모델별 보조금,2021,홍천군
화물(소형),현대자동차,포터Ⅱ 일렉트릭 내장탑저상,1600,800.0,2400.0,2021년도 전기자동차 홍천군 모델별 보조금,2021,홍천군
화물(소형),현대자동차,포터Ⅱ 일렉트릭 내장탑하이,1600,800.0,2400.0,2021년도 전기자동차 홍천군 모델별 보조금,2021,홍천군
화물(소형),현대자동차,포터Ⅱ 일렉트릭 냉동탑저상,1600,800.0,2400.0,2021년도 전기자동차 홍천군 모델별 보조금,2021,홍천군
화물(소형),현대자동차,포터Ⅱ 일렉트릭(24MY),1600,800.0,2400.0,2021년도 전기자동차 홍천군 모델별 보조금,2021,홍천군
화물(소형),기아,봉고 전기차,1600,800.0,2400.0,2021년도 전기자동차 홍천군 모델별 보조금,2021,홍천군
화물(소형),기아,봉고Ⅲ 전기차 특장차,1600,800.0,2400.0,2021년도 전기자동차 홍천군 모델별 보조금,2021,홍천군
화물(소형),기아,봉고Ⅲ 전기차 파워게이트 2단 알루미늄,1600,800.0,2400.0,2021년도 전기자동차 홍천군 모델별 보조금,2021,홍천군
화물(소형),기아,봉고Ⅲ 전기차 내장차,1600,800.0,2400.0,2021년도 전기자동차 홍천군 모델별 보조금,2021,홍천군
화물(소형),기아,봉고Ⅲ 전기차 저상 내장차,1600,800.0,2400.0,2021년도 전기자동차 홍천군 모델별 보조금,2021,홍천군
화물(소형),기아,봉고Ⅲ 전기차 플러스 내장차,1600,800.0,2400.0,2021년도 전기자동차 홍천군 모델별 보조금,2021,홍천군
화물(소형),일진정공,일진무시동전기냉동탑차(149.9km),2100,1050.0,3150.0,2021년도 전기자동차 홍천군 모델별 보조금,2021,홍천군
화물(소형),일진정공,일진무시동전기냉동탑차(186.1km),2100,1050.0,3150.0,2021년도 전기자동차 홍천군 모델별 보조금,2021,홍천군
화물(소형),코리아에어카고에이전시,LSEV,1600,800.0,2400.0,2021년도 전기자동차 홍천군 모델별 보조금,2021,홍천군
화물(소형),루트17,다니고밴,1600,800.0,2400.0,2021년도 전기자동차 홍천군 모델별 보조금,2021,홍천군
화물(소형),케이지모빌리티커머셜,SMART T1.0,1600,800.0,2400.0,2021년도 전기자동차 홍천군 모델별 보조금,2021,홍천군
화물(소형),한신자동차,플러스,1600,800.0,2400.0,2021년도 전기자동차 홍천군 모델별 보조금,2021,홍천군
화물(소형),한신자동차,플러스2.0,1600,800.0,2400.0,2021년도 전기자동차 홍천군 모델별 보조금,2021,홍천군
화물(소형),비바모빌리티,(단종)비바,1600,800.0,2400.0,2021년도 전기자동차 홍천군 모델별 보조금,2021,홍천군
화물(소형),비바모빌리티,젤라,1600,800.0,2400.0,2021년도 전기자동차 홍천군 모델별 보조금,2021,홍천군
화물(초소형),스마트솔루션즈,D2C,600,700.0,1300.0,2021년도 전기자동차 횡성군 모델별 보조금,2021,횡성군
화물(초소형),스마트솔루션즈,D2P,600,0.0,600.0,2021년도 전기자동차 횡성군 모델별 보조금,2021,횡성군
화물(초소형),루트17,다니고3,600,700.0,1300.0,2021년도 전기자동차 횡성군 모델별 보조금,2021,횡성군
화물(초소형),루트17,다니고3 픽업,600,700.0,1300.0,2021년도 전기자동차 횡성군 모델별 보조금,2021,횡성군
화물(초소형),마스타전기차,MASTA VAN,600,700.0,1300.0,2021년도 전기자동차 횡성군 모델별 보조금,2021,횡성군
화물(초소형),마스타전기차,MASTA HIM,600,700.0,1300.0,2021년도 전기자동차 횡성군 모델별 보조금,2021,횡성군
화물(초소형),디피코,(단종)포트로,600,700.0,1300.0,2021년도 전기자동차 횡성군 모델별 보조금,2021,횡성군
화물(초소형),디피코,포트로-탑,600,700.0,1300.0,2021년도 전기자동차 횡성군 모델별 보조금,2021,횡성군
화물(초소형),디피코,포트로-픽업,600,700.0,1300.0,2021년도 전기자동차 횡성군 모델별 보조금,2021,횡성군
화물(초소형),디피코,포트로-탑S,600,700.0,1300.0,2021년도 전기자동차 횡성군 모델별 보조금,2021,횡성군
화물(초소형),디피코,포트로-픽업S,600,700.0,1300.0,2021년도 전기자동차 횡성군 모델별 보조금,2021,횡성군
화물(경형),파워프라자,라보ev PEACE,1100,600.0,1700.0,2021년도 전기자동차 횡성군 모델별 보조금,2021,횡성군
화물(소형),제인모터스,제인모터스칼마토EV1톤내장탑차,1600,800.0,2400.0,2021년도 전기자동차 횡성군 모델별 보조금,2021,횡성군
화물(소형),파워프라자,봉고3ev PEACE,1600,800.0,2400.0,2021년도 전기자동차 횡성군 모델별 보조금,2021,횡성군
화물(소형),파워프라자,봉고3ev PEACE 더블캡,1600,800.0,2400.0,2021년도 전기자동차 횡성군 모델별 보조금,2021,횡성군
화물(소형),현대자동차,포터Ⅱ 일렉트릭 특장차,1600,800.0,2400.0,2021년도 전기자동차 횡성군 모델별 보조금,2021,횡성군
화물(소형),현대자동차,포터Ⅱ 일렉트릭 파워게이트,1600,800.0,2400.0,2021년도 전기자동차 횡성군 모델별 보조금,2021,횡성군
화물(소형),현대자동차,포터Ⅱ 일렉트릭 내장탑차,1600,800.0,2400.0,2021년도 전기자동차 횡성군 모델별 보조금,2021,횡성군
화물(소형),현대자동차,포터Ⅱ 일렉트릭 내장탑저상,1600,800.0,2400.0,2021년도 전기자동차 횡성군 모델별 보조금,2021,횡성군
화물(소형),현대자동차,포터Ⅱ 일렉트릭 내장탑하이,1600,800.0,2400.0,2021년도 전기자동차 횡성군 모델별 보조금,2021,횡성군
화물(소형),현대자동차,포터Ⅱ 일렉트릭 냉동탑저상,1600,800.0,2400.0,2021년도 전기자동차 횡성군 모델별 보조금,2021,횡성군
화물(소형),현대자동차,포터Ⅱ 일렉트릭(24MY),1600,800.0,2400.0,2021년도 전기자동차 횡성군 모델별 보조금,2021,횡성군
화물(소형),기아,봉고 전기차,1600,800.0,2400.0,2021년도 전기자동차 횡성군 모델별 보조금,2021,횡성군
화물(소형),기아,봉고Ⅲ 전기차 특장차,1600,800.0,2400.0,2021년도 전기자동차 횡성군 모델별 보조금,2021,횡성군
화물(소형),기아,봉고Ⅲ 전기차 파워게이트 2단 알루미늄,1600,800.0,2400.0,2021년도 전기자동차 횡성군 모델별 보조금,2021,횡성군
화물(소형),기아,봉고Ⅲ 전기차 내장차,1600,800.0,2400.0,2021년도 전기자동차 횡성군 모델별 보조금,2021,횡성군
화물(소형),기아,봉고Ⅲ 전기차 저상 내장차,1600,800.0,2400.0,2021년도 전기자동차 횡성군 모델별 보조금,2021,횡성군
화물(소형),기아,봉고Ⅲ 전기차 플러스 내장차,1600,800.0,2400.0,2021년도 전기자동차 횡성군 모델별 보조금,2021,횡성군
화물(소형),일진정공,일진무시동전기냉동탑차(149.9km),2100,1050.0,3150.0,2021년도 전기자동차 횡성군 모델별 보조금,2021,횡성군
화물(소형),일진정공,일진무시동전기냉동탑차(186.1km),2100,1050.0,3150.0,2021년도 전기자동차 횡성군 모델별 보조금,2021,횡성군
화물(소형),코리아에어카고에이전시,LSEV,1600,800.0,2400.0,2021년도 전기자동차 횡성군 모델별 보조금,2021,횡성군
화물(소형),루트17,다니고밴,1600,800.0,2400.0,2021년도 전기자동차 횡성군 모델별 보조금,2021,횡성군
화물(소형),케이지모빌리티커머셜,SMART T1.0,1600,800.0,2400.0,2021년도 전기자동차 횡성군 모델별 보조금,2021,횡성군
화물(소형),한신자동차,플러스,1600,800.0,2400.0,2021년도 전기자동차 횡성군 모델별 보조금,2021,횡성군
화물(소형),한신자동차,플러스2.0,1600,800.0,2400.0,2021년도 전기자동차 횡성군 모델별 보조금,2021,횡성군
화물(소형),비바모빌리티,(단종)비바,1600,800.0,2400.0,2021년도 전기자동차 횡성군 모델별 보조금,2021,횡성군
화물(소형),비바모빌리티,젤라,1600,800.0,2400.0,2021년도 전기자동차 횡성군 모델별 보조금,2021,횡성군
화물(초소형),스마트솔루션즈,D2C,600,700.0,1300.0,2021년도 전기자동차 영월군 모델별 보조금,2021,영월군
화물(초소형),스마트솔루션즈,D2P,600,700.0,1300.0,2021년도 전기자동차 영월군 모델별 보조금,2021,영월군
화물(초소형),루트17,다니고3,600,700.0,1300.0,2021년도 전기자동차 영월군 모델별 보조금,2021,영월군
화물(초소형),루트17,다니고3 픽업,600,700.0,1300.0,2021년도 전기자동차 영월군 모델별 보조금,2021,영월군
화물(초소형),마스타전기차,MASTA VAN,600,700.0,1300.0,2021년도 전기자동차 영월군 모델별 보조금,2021,영월군
화물(초소형),마스타전기차,MASTA HIM,600,700.0,1300.0,2021년도 전기자동차 영월군 모델별 보조금,2021,영월군
화물(초소형),디피코,(단종)포트로,600,700.0,1300.0,2021년도 전기자동차 영월군 모델별 보조금,2021,영월군
화물(초소형),디피코,포트로-탑,600,700.0,1300.0,2021년도 전기자동차 영월군 모델별 보조금,2021,영월군
화물(초소형),디피코,포트로-픽업,600,700.0,1300.0,2021년도 전기자동차 영월군 모델별 보조금,2021,영월군
화물(초소형),디피코,포트로-탑S,600,700.0,1300.0,2021년도 전기자동차 영월군 모델별 보조금,2021,영월군
화물(초소형),디피코,포트로-픽업S,600,700.0,1300.0,2021년도 전기자동차 영월군 모델별 보조금,2021,영월군
화물(경형),파워프라자,라보ev PEACE,1100,600.0,1700.0,2021년도 전기자동차 영월군 모델별 보조금,2021,영월군
화물(소형),제인모터스,제인모터스칼마토EV1톤내장탑차,1600,800.0,2400.0,2021년도 전기자동차 영월군 모델별 보조금,2021,영월군
화물(소형),파워프라자,봉고3ev PEACE,1600,800.0,2400.0,2021년도 전기자동차 영월군 모델별 보조금,2021,영월군
화물(소형),파워프라자,봉고3ev PEACE 더블캡,1600,800.0,2400.0,2021년도 전기자동차 영월군 모델별 보조금,2021,영월군
화물(소형),현대자동차,포터Ⅱ 일렉트릭 특장차,1600,800.0,2400.0,2021년도 전기자동차 영월군 모델별 보조금,2021,영월군
화물(소형),현대자동차,포터Ⅱ 일렉트릭 파워게이트,1600,800.0,2400.0,2021년도 전기자동차 영월군 모델별 보조금,2021,영월군
화물(소형),현대자동차,포터Ⅱ 일렉트릭 내장탑차,1600,800.0,2400.0,2021년도 전기자동차 영월군 모델별 보조금,2021,영월군
화물(소형),현대자동차,포터Ⅱ 일렉트릭 내장탑저상,1600,800.0,2400.0,2021년도 전기자동차 영월군 모델별 보조금,2021,영월군
화물(소형),현대자동차,포터Ⅱ 일렉트릭 내장탑하이,1600,800.0,2400.0,2021년도 전기자동차 영월군 모델별 보조금,2021,영월군
화물(소형),현대자동차,포터Ⅱ 일렉트릭 냉동탑저상,1600,800.0,2400.0,2021년도 전기자동차 영월군 모델별 보조금,2021,영월군
화물(소형),현대자동차,포터Ⅱ 일렉트릭(24MY),1600,800.0,2400.0,2021년도 전기자동차 영월군 모델별 보조금,2021,영월군
화물(소형),기아,봉고 전기차,1600,800.0,2400.0,2021년도 전기자동차 영월군 모델별 보조금,2021,영월군
화물(소형),기아,봉고Ⅲ 전기차 특장차,1600,800.0,2400.0,2021년도 전기자동차 영월군 모델별 보조금,2021,영월군
화물(소형),기아,봉고Ⅲ 전기차 파워게이트 2단 알루미늄,1600,800.0,2400.0,2021년도 전기자동차 영월군 모델별 보조금,2021,영월군
화물(소형),기아,봉고Ⅲ 전기차 내장차,1600,800.0,2400.0,2021년도 전기자동차 영월군 모델별 보조금,2021,영월군
화물(소형),기아,봉고Ⅲ 전기차 저상 내장차,1600,800.0,2400.0,2021년도 전기자동차 영월군 모델별 보조금,2021,영월군
화물(소형),기아,봉고Ⅲ 전기차 플러스 내장차,1600,800.0,2400.0,2021년도 전기자동차 영월군 모델별 보조금,2021,영월군
화물(소형),일진정공,일진무시동전기냉동탑차(149.9km),2100,1050.0,3150.0,2021년도 전기자동차 영월군 모델별 보조금,2021,영월군
화물(소형),일진정공,일진무시동전기냉동탑차(186.1km),2100,1050.0,3150.0,2021년도 전기자동차 영월군 모델별 보조금,2021,영월군
화물(소형),코리아에어카고에이전시,LSEV,1600,800.0,2400.0,2021년도 전기자동차 영월군 모델별 보조금,2021,영월군
화물(소형),루트17,다니고밴,1600,800.0,2400.0,2021년도 전기자동차 영월군 모델별 보조금,2021,영월군
화물(소형),케이지모빌리티커머셜,SMART T1.0,1600,800.0,2400.0,2021년도 전기자동차 영월군 모델별 보조금,2021,영월군
화물(소형),한신자동차,플러스,1600,800.0,2400.0,2021년도 전기자동차 영월군 모델별 보조금,2021,영월군
화물(소형),한신자동차,플러스2.0,1600,800.0,2400.0,2021년도 전기자동차 영월군 모델별 보조금,2021,영월군
화물(소형),비바모빌리티,(단종)비바,1600,800.0,2400.0,2021년도 전기자동차 영월군 모델별 보조금,2021,영월군
화물(소형),비바모빌리티,젤라,1600,800.0,2400.0,2021년도 전기자동차 영월군 모델별 보조금,2021,영월군
화물(초소형),스마트솔루션즈,D2C,600,700.0,1300.0,2021년도 전기자동차 평창군 모델별 보조금,2021,평창군
화물(초소형),스마트솔루션즈,D2P,600,700.0,1300.0,2021년도 전기자동차 평창군 모델별 보조금,2021,평창군
화물(초소형),루트17,다니고3,600,700.0,1300.0,2021년도 전기자동차 평창군 모델별 보조금,2021,평창군
화물(초소형),루트17,다니고3 픽업,600,700.0,1300.0,2021년도 전기자동차 평창군 모델별 보조금,2021,평창군
화물(초소형),마스타전기차,MASTA VAN,600,700.0,1300.0,2021년도 전기자동차 평창군 모델별 보조금,2021,평창군
화물(초소형),마스타전기차,MASTA HIM,600,700.0,1300.0,2021년도 전기자동차 평창군 모델별 보조금,2021,평창군
화물(초소형),디피코,(단종)포트로,600,700.0,1300.0,2021년도 전기자동차 평창군 모델별 보조금,2021,평창군
화물(초소형),디피코,포트로-탑,600,700.0,1300.0,2021년도 전기자동차 평창군 모델별 보조금,2021,평창군
화물(초소형),디피코,포트로-픽업,600,700.0,1300.0,2021년도 전기자동차 평창군 모델별 보조금,2021,평창군
화물(초소형),디피코,포트로-탑S,600,700.0,1300.0,2021년도 전기자동차 평창군 모델별 보조금,2021,평창군
화물(초소형),디피코,포트로-픽업S,600,700.0,1300.0,2021년도 전기자동차 평창군 모델별 보조금,2021,평창군
화물(경형),파워프라자,라보ev PEACE,1100,600.0,1700.0,2021년도 전기자동차 평창군 모델별 보조금,2021,평창군
화물(소형),제인모터스,제인모터스칼마토EV1톤내장탑차,1600,800.0,2400.0,2021년도 전기자동차 평창군 모델별 보조금,2021,평창군
화물(소형),파워프라자,봉고3ev PEACE,1600,800.0,2400.0,2021년도 전기자동차 평창군 모델별 보조금,2021,평창군
화물(소형),파워프라자,봉고3ev PEACE 더블캡,1600,800.0,2400.0,2021년도 전기자동차 평창군 모델별 보조금,2021,평창군
화물(소형),현대자동차,포터Ⅱ 일렉트릭 특장차,1600,800.0,2400.0,2021년도 전기자동차 평창군 모델별 보조금,2021,평창군
화물(소형),현대자동차,포터Ⅱ 일렉트릭 파워게이트,1600,800.0,2400.0,2021년도 전기자동차 평창군 모델별 보조금,2021,평창군
화물(소형),현대자동차,포터Ⅱ 일렉트릭 내장탑차,1600,800.0,2400.0,2021년도 전기자동차 평창군 모델별 보조금,2021,평창군
화물(소형),현대자동차,포터Ⅱ 일렉트릭 내장탑저상,1600,800.0,2400.0,2021년도 전기자동차 평창군 모델별 보조금,2021,평창군
화물(소형),현대자동차,포터Ⅱ 일렉트릭 내장탑하이,1600,800.0,2400.0,2021년도 전기자동차 평창군 모델별 보조금,2021,평창군
화물(소형),현대자동차,포터Ⅱ 일렉트릭 냉동탑저상,1600,800.0,2400.0,2021년도 전기자동차 평창군 모델별 보조금,2021,평창군
화물(소형),현대자동차,포터Ⅱ 일렉트릭(24MY),1600,800.0,2400.0,2021년도 전기자동차 평창군 모델별 보조금,2021,평창군
화물(소형),기아,봉고 전기차,1600,800.0,2400.0,2021년도 전기자동차 평창군 모델별 보조금,2021,평창군
화물(소형),기아,봉고Ⅲ 전기차 특장차,1600,800.0,2400.0,2021년도 전기자동차 평창군 모델별 보조금,2021,평창군
화물(소형),기아,봉고Ⅲ 전기차 파워게이트 2단 알루미늄,1600,800.0,2400.0,2021년도 전기자동차 평창군 모델별 보조금,2021,평창군
화물(소형),기아,봉고Ⅲ 전기차 내장차,1600,800.0,2400.0,2021년도 전기자동차 평창군 모델별 보조금,2021,평창군
화물(소형),기아,봉고Ⅲ 전기차 저상 내장차,1600,800.0,2400.0,2021년도 전기자동차 평창군 모델별 보조금,2021,평창군
화물(소형),기아,봉고Ⅲ 전기차 플러스 내장차,1600,800.0,2400.0,2021년도 전기자동차 평창군 모델별 보조금,2021,평창군
화물(소형),일진정공,일진무시동전기냉동탑차(149.9km),2100,1050.0,3150.0,2021년도 전기자동차 평창군 모델별 보조금,2021,평창군
화물(소형),일진정공,일진무시동전기냉동탑차(186.1km),2100,1050.0,3150.0,2021년도 전기자동차 평창군 모델별 보조금,2021,평창군
화물(소형),코리아에어카고에이전시,LSEV,1600,800.0,2400.0,2021년도 전기자동차 평창군 모델별 보조금,2021,평창군
화물(소형),루트17,다니고밴,1600,800.0,2400.0,2021년도 전기자동차 평창군 모델별 보조금,2021,평창군
화물(소형),케이지모빌리티커머셜,SMART T1.0,1600,800.0,2400.0,2021년도 전기자동차 평창군 모델별 보조금,2021,평창군
화물(소형),한신자동차,플러스,1600,800.0,2400.0,2021년도 전기자동차 평창군 모델별 보조금,2021,평창군
화물(소형),한신자동차,플러스2.0,1600,800.0,2400.0,2021년도 전기자동차 평창군 모델별 보조금,2021,평창군
화물(소형),비바모빌리티,(단종)비바,1600,800.0,2400.0,2021년도 전기자동차 평창군 모델별 보조금,2021,평창군
화물(소형),비바모빌리티,젤라,1600,800.0,2400.0,2021년도 전기자동차 평창군 모델별 보조금,2021,평창군
화물(초소형),스마트솔루션즈,D2C,600,700.0,1300.0,2021년도 전기자동차 정선군 모델별 보조금,2021,정선군
화물(초소형),스마트솔루션즈,D2P,600,700.0,1300.0,2021년도 전기자동차 정선군 모델별 보조금,2021,정선군
화물(초소형),루트17,다니고3,600,700.0,1300.0,2021년도 전기자동차 정선군 모델별 보조금,2021,정선군
화물(초소형),루트17,다니고3 픽업,600,700.0,1300.0,2021년도 전기자동차 정선군 모델별 보조금,2021,정선군
화물(초소형),마스타전기차,MASTA VAN,600,700.0,1300.0,2021년도 전기자동차 정선군 모델별 보조금,2021,정선군
화물(초소형),마스타전기차,MASTA HIM,600,700.0,1300.0,2021년도 전기자동차 정선군 모델별 보조금,2021,정선군
화물(초소형),디피코,(단종)포트로,600,700.0,1300.0,2021년도 전기자동차 정선군 모델별 보조금,2021,정선군
화물(초소형),디피코,포트로-탑,600,700.0,1300.0,2021년도 전기자동차 정선군 모델별 보조금,2021,정선군
화물(초소형),디피코,포트로-픽업,600,700.0,1300.0,2021년도 전기자동차 정선군 모델별 보조금,2021,정선군
화물(초소형),디피코,포트로-탑S,600,700.0,1300.0,2021년도 전기자동차 정선군 모델별 보조금,2021,정선군
화물(초소형),디피코,포트로-픽업S,600,700.0,1300.0,2021년도 전기자동차 정선군 모델별 보조금,2021,정선군
화물(경형),파워프라자,라보ev PEACE,1100,600.0,1700.0,2021년도 전기자동차 정선군 모델별 보조금,2021,정선군
화물(소형),제인모터스,제인모터스칼마토EV1톤내장탑차,1600,800.0,2400.0,2021년도 전기자동차 정선군 모델별 보조금,2021,정선군
화물(소형),파워프라자,봉고3ev PEACE,1600,800.0,2400.0,2021년도 전기자동차 정선군 모델별 보조금,2021,정선군
화물(소형),파워프라자,봉고3ev PEACE 더블캡,1600,800.0,2400.0,2021년도 전기자동차 정선군 모델별 보조금,2021,정선군
화물(소형),현대자동차,포터Ⅱ 일렉트릭 특장차,1600,800.0,2400.0,2021년도 전기자동차 정선군 모델별 보조금,2021,정선군
화물(소형),현대자동차,포터Ⅱ 일렉트릭 파워게이트,1600,800.0,2400.0,2021년도 전기자동차 정선군 모델별 보조금,2021,정선군
화물(소형),현대자동차,포터Ⅱ 일렉트릭 내장탑차,1600,800.0,2400.0,2021년도 전기자동차 정선군 모델별 보조금,2021,정선군
화물(소형),현대자동차,포터Ⅱ 일렉트릭 내장탑저상,1600,800.0,2400.0,2021년도 전기자동차 정선군 모델별 보조금,2021,정선군
화물(소형),현대자동차,포터Ⅱ 일렉트릭 내장탑하이,1600,800.0,2400.0,2021년도 전기자동차 정선군 모델별 보조금,2021,정선군
화물(소형),현대자동차,포터Ⅱ 일렉트릭 냉동탑저상,1600,800.0,2400.0,2021년도 전기자동차 정선군 모델별 보조금,2021,정선군
화물(소형),현대자동차,포터Ⅱ 일렉트릭(24MY),1600,800.0,2400.0,2021년도 전기자동차 정선군 모델별 보조금,2021,정선군
화물(소형),기아,봉고 전기차,1600,800.0,2400.0,2021년도 전기자동차 정선군 모델별 보조금,2021,정선군
화물(소형),기아,봉고Ⅲ 전기차 특장차,1600,800.0,2400.0,2021년도 전기자동차 정선군 모델별 보조금,2021,정선군
화물(소형),기아,봉고Ⅲ 전기차 파워게이트 2단 알루미늄,1600,800.0,2400.0,2021년도 전기자동차 정선군 모델별 보조금,2021,정선군
화물(소형),기아,봉고Ⅲ 전기차 내장차,1600,800.0,2400.0,2021년도 전기자동차 정선군 모델별 보조금,2021,정선군
화물(소형),기아,봉고Ⅲ 전기차 저상 내장차,1600,800.0,2400.0,2021년도 전기자동차 정선군 모델별 보조금,2021,정선군
화물(소형),기아,봉고Ⅲ 전기차 플러스 내장차,1600,800.0,2400.0,2021년도 전기자동차 정선군 모델별 보조금,2021,정선군
화물(소형),일진정공,일진무시동전기냉동탑차(149.9km),2100,1050.0,3150.0,2021년도 전기자동차 정선군 모델별 보조금,2021,정선군
화물(소형),일진정공,일진무시동전기냉동탑차(186.1km),2100,1050.0,3150.0,2021년도 전기자동차 정선군 모델별 보조금,2021,정선군
화물(소형),코리아에어카고에이전시,LSEV,1600,800.0,2400.0,2021년도 전기자동차 정선군 모델별 보조금,2021,정선군
화물(소형),루트17,다니고밴,1600,800.0,2400.0,2021년도 전기자동차 정선군 모델별 보조금,2021,정선군
화물(소형),케이지모빌리티커머셜,SMART T1.0,1600,800.0,2400.0,2021년도 전기자동차 정선군 모델별 보조금,2021,정선군
화물(소형),한신자동차,플러스,1600,800.0,2400.0,2021년도 전기자동차 정선군 모델별 보조금,2021,정선군
화물(소형),한신자동차,플러스2.0,1600,800.0,2400.0,2021년도 전기자동차 정선군 모델별 보조금,2021,정선군
화물(소형),비바모빌리티,(단종)비바,1600,800.0,2400.0,2021년도 전기자동차 정선군 모델별 보조금,2021,정선군
화물(소형),비바모빌리티,젤라,1600,800.0,2400.0,2021년도 전기자동차 정선군 모델별 보조금,2021,정선군
화물(초소형),스마트솔루션즈,D2C,600,700.0,1300.0,2021년도 전기자동차 철원군 모델별 보조금,2021,철원군
화물(초소형),스마트솔루션즈,D2P,600,700.0,1300.0,2021년도 전기자동차 철원군 모델별 보조금,2021,철원군
화물(초소형),루트17,다니고3,600,700.0,1300.0,2021년도 전기자동차 철원군 모델별 보조금,2021,철원군
화물(초소형),루트17,다니고3 픽업,600,700.0,1300.0,2021년도 전기자동차 철원군 모델별 보조금,2021,철원군
화물(초소형),마스타전기차,MASTA VAN,600,700.0,1300.0,2021년도 전기자동차 철원군 모델별 보조금,2021,철원군
화물(초소형),마스타전기차,MASTA HIM,600,700.0,1300.0,2021년도 전기자동차 철원군 모델별 보조금,2021,철원군
화물(초소형),디피코,(단종)포트로,600,700.0,1300.0,2021년도 전기자동차 철원군 모델별 보조금,2021,철원군
화물(초소형),디피코,포트로-탑,600,700.0,1300.0,2021년도 전기자동차 철원군 모델별 보조금,2021,철원군
화물(초소형),디피코,포트로-픽업,600,700.0,1300.0,2021년도 전기자동차 철원군 모델별 보조금,2021,철원군
화물(초소형),디피코,포트로-탑S,600,700.0,1300.0,2021년도 전기자동차 철원군 모델별 보조금,2021,철원군
화물(초소형),디피코,포트로-픽업S,600,700.0,1300.0,2021년도 전기자동차 철원군 모델별 보조금,2021,철원군
화물(경형),파워프라자,라보ev PEACE,1100,600.0,1700.0,2021년도 전기자동차 철원군 모델별 보조금,2021,철원군
화물(소형),제인모터스,제인모터스칼마토EV1톤내장탑차,1600,800.0,2400.0,2021년도 전기자동차 철원군 모델별 보조금,2021,철원군
화물(소형),파워프라자,봉고3ev PEACE,1600,800.0,2400.0,2021년도 전기자동차 철원군 모델별 보조금,2021,철원군
화물(소형),파워프라자,봉고3ev PEACE 더블캡,1600,800.0,2400.0,2021년도 전기자동차 철원군 모델별 보조금,2021,철원군
화물(소형),현대자동차,포터Ⅱ 일렉트릭 특장차,1600,800.0,2400.0,2021년도 전기자동차 철원군 모델별 보조금,2021,철원군
화물(소형),현대자동차,포터Ⅱ 일렉트릭 파워게이트,1600,800.0,2400.0,2021년도 전기자동차 철원군 모델별 보조금,2021,철원군
화물(소형),현대자동차,포터Ⅱ 일렉트릭 내장탑차,1600,800.0,2400.0,2021년도 전기자동차 철원군 모델별 보조금,2021,철원군
화물(소형),현대자동차,포터Ⅱ 일렉트릭 내장탑저상,1600,800.0,2400.0,2021년도 전기자동차 철원군 모델별 보조금,2021,철원군
화물(소형),현대자동차,포터Ⅱ 일렉트릭 내장탑하이,1600,800.0,2400.0,2021년도 전기자동차 철원군 모델별 보조금,2021,철원군
화물(소형),현대자동차,포터Ⅱ 일렉트릭 냉동탑저상,1600,800.0,2400.0,2021년도 전기자동차 철원군 모델별 보조금,2021,철원군
화물(소형),현대자동차,포터Ⅱ 일렉트릭(24MY),1600,800.0,2400.0,2021년도 전기자동차 철원군 모델별 보조금,2021,철원군
화물(소형),기아,봉고 전기차,1600,800.0,2400.0,2021년도 전기자동차 철원군 모델별 보조금,2021,철원군
화물(소형),기아,봉고Ⅲ 전기차 특장차,1600,800.0,2400.0,2021년도 전기자동차 철원군 모델별 보조금,2021,철원군
화물(소형),기아,봉고Ⅲ 전기차 파워게이트 2단 알루미늄,1600,800.0,2400.0,2021년도 전기자동차 철원군 모델별 보조금,2021,철원군
화물(소형),기아,봉고Ⅲ 전기차 내장차,1600,800.0,2400.0,2021년도 전기자동차 철원군 모델별 보조금,2021,철원군
화물(소형),기아,봉고Ⅲ 전기차 저상 내장차,1600,800.0,2400.0,2021년도 전기자동차 철원군 모델별 보조금,2021,철원군
화물(소형),기아,봉고Ⅲ 전기차 플러스 내장차,1600,800.0,2400.0,2021년도 전기자동차 철원군 모델별 보조금,2021,철원군
화물(소형),일진정공,일진무시동전기냉동탑차(149.9km),2100,1050.0,3150.0,2021년도 전기자동차 철원군 모델별 보조금,2021,철원군
화물(소형),일진정공,일진무시동전기냉동탑차(186.1km),2100,1050.0,3150.0,2021년도 전기자동차 철원군 모델별 보조금,2021,철원군
화물(소형),코리아에어카고에이전시,LSEV,1600,800.0,2400.0,2021년도 전기자동차 철원군 모델별 보조금,2021,철원군
화물(소형),루트17,다니고밴,1600,800.0,2400.0,2021년도 전기자동차 철원군 모델별 보조금,2021,철원군
화물(소형),케이지모빌리티커머셜,SMART T1.0,1600,800.0,2400.0,2021년도 전기자동차 철원군 모델별 보조금,2021,철원군
화물(소형),한신자동차,플러스,1600,800.0,2400.0,2021년도 전기자동차 철원군 모델별 보조금,2021,철원군
화물(소형),한신자동차,플러스2.0,1600,800.0,2400.0,2021년도 전기자동차 철원군 모델별 보조금,2021,철원군
화물(소형),비바모빌리티,(단종)비바,1600,800.0,2400.0,2021년도 전기자동차 철원군 모델별 보조금,2021,철원군
화물(소형),비바모빌리티,젤라,1600,800.0,2400.0,2021년도 전기자동차 철원군 모델별 보조금,2021,철원군
화물(초소형),스마트솔루션즈,D2C,600,700.0,1300.0,2021년도 전기자동차 화천군 모델별 보조금,2021,화천군
화물(초소형),스마트솔루션즈,D2P,600,700.0,1300.0,2021년도 전기자동차 화천군 모델별 보조금,2021,화천군
화물(초소형),루트17,다니고3,600,700.0,1300.0,2021년도 전기자동차 화천군 모델별 보조금,2021,화천군
화물(초소형),루트17,다니고3 픽업,600,700.0,1300.0,2021년도 전기자동차 화천군 모델별 보조금,2021,화천군
화물(초소형),마스타전기차,MASTA VAN,600,700.0,1300.0,2021년도 전기자동차 화천군 모델별 보조금,2021,화천군
화물(초소형),마스타전기차,MASTA HIM,600,700.0,1300.0,2021년도 전기자동차 화천군 모델별 보조금,2021,화천군
화물(초소형),디피코,(단종)포트로,600,700.0,1300.0,2021년도 전기자동차 화천군 모델별 보조금,2021,화천군
화물(초소형),디피코,포트로-탑,600,700.0,1300.0,2021년도 전기자동차 화천군 모델별 보조금,2021,화천군
화물(초소형),디피코,포트로-픽업,600,700.0,1300.0,2021년도 전기자동차 화천군 모델별 보조금,2021,화천군
화물(초소형),디피코,포트로-탑S,600,700.0,1300.0,2021년도 전기자동차 화천군 모델별 보조금,2021,화천군
화물(초소형),디피코,포트로-픽업S,600,700.0,1300.0,2021년도 전기자동차 화천군 모델별 보조금,2021,화천군
화물(경형),파워프라자,라보ev PEACE,1100,600.0,1700.0,2021년도 전기자동차 화천군 모델별 보조금,2021,화천군
화물(소형),제인모터스,제인모터스칼마토EV1톤내장탑차,1600,800.0,2400.0,2021년도 전기자동차 화천군 모델별 보조금,2021,화천군
화물(소형),파워프라자,봉고3ev PEACE,1600,800.0,2400.0,2021년도 전기자동차 화천군 모델별 보조금,2021,화천군
화물(소형),파워프라자,봉고3ev PEACE 더블캡,1600,800.0,2400.0,2021년도 전기자동차 화천군 모델별 보조금,2021,화천군
화물(소형),현대자동차,포터Ⅱ 일렉트릭 특장차,1600,800.0,2400.0,2021년도 전기자동차 화천군 모델별 보조금,2021,화천군
화물(소형),현대자동차,포터Ⅱ 일렉트릭 파워게이트,1600,800.0,2400.0,2021년도 전기자동차 화천군 모델별 보조금,2021,화천군
화물(소형),현대자동차,포터Ⅱ 일렉트릭 내장탑차,1600,800.0,2400.0,2021년도 전기자동차 화천군 모델별 보조금,2021,화천군
화물(소형),현대자동차,포터Ⅱ 일렉트릭 내장탑저상,1600,800.0,2400.0,2021년도 전기자동차 화천군 모델별 보조금,2021,화천군
화물(소형),현대자동차,포터Ⅱ 일렉트릭 내장탑하이,1600,800.0,2400.0,2021년도 전기자동차 화천군 모델별 보조금,2021,화천군
화물(소형),현대자동차,포터Ⅱ 일렉트릭 냉동탑저상,1600,800.0,2400.0,2021년도 전기자동차 화천군 모델별 보조금,2021,화천군
화물(소형),현대자동차,포터Ⅱ 일렉트릭(24MY),1600,800.0,2400.0,2021년도 전기자동차 화천군 모델별 보조금,2021,화천군
화물(소형),기아,봉고 전기차,1600,800.0,2400.0,2021년도 전기자동차 화천군 모델별 보조금,2021,화천군
화물(소형),기아,봉고Ⅲ 전기차 특장차,1600,800.0,2400.0,2021년도 전기자동차 화천군 모델별 보조금,2021,화천군
화물(소형),기아,봉고Ⅲ 전기차 파워게이트 2단 알루미늄,1600,800.0,2400.0,2021년도 전기자동차 화천군 모델별 보조금,2021,화천군
화물(소형),기아,봉고Ⅲ 전기차 내장차,1600,800.0,2400.0,2021년도 전기자동차 화천군 모델별 보조금,2021,화천군
화물(소형),기아,봉고Ⅲ 전기차 저상 내장차,1600,800.0,2400.0,2021년도 전기자동차 화천군 모델별 보조금,2021,화천군
화물(소형),기아,봉고Ⅲ 전기차 플러스 내장차,1600,800.0,2400.0,2021년도 전기자동차 화천군 모델별 보조금,2021,화천군
화물(소형),일진정공,일진무시동전기냉동탑차(149.9km),2100,1050.0,3150.0,2021년도 전기자동차 화천군 모델별 보조금,2021,화천군
화물(소형),일진정공,일진무시동전기냉동탑차(186.1km),2100,1050.0,3150.0,2021년도 전기자동차 화천군 모델별 보조금,2021,화천군
화물(소형),코리아에어카고에이전시,LSEV,1600,800.0,2400.0,2021년도 전기자동차 화천군 모델별 보조금,2021,화천군
화물(소형),루트17,다니고밴,1600,800.0,2400.0,2021년도 전기자동차 화천군 모델별 보조금,2021,화천군
화물(소형),케이지모빌리티커머셜,SMART T1.0,1600,800.0,2400.0,2021년도 전기자동차 화천군 모델별 보조금,2021,화천군
화물(소형),한신자동차,플러스,1600,800.0,2400.0,2021년도 전기자동차 화천군 모델별 보조금,2021,화천군
화물(소형),한신자동차,플러스2.0,1600,800.0,2400.0,2021년도 전기자동차 화천군 모델별 보조금,2021,화천군
화물(소형),비바모빌리티,(단종)비바,1600,800.0,2400.0,2021년도 전기자동차 화천군 모델별 보조금,2021,화천군
화물(소형),비바모빌리티,젤라,1600,800.0,2400.0,2021년도 전기자동차 화천군 모델별 보조금,2021,화천군
화물(초소형),스마트솔루션즈,D2C,600,700.0,1300.0,2021년도 전기자동차 양구군 모델별 보조금,2021,양구군
화물(초소형),스마트솔루션즈,D2P,600,700.0,1300.0,2021년도 전기자동차 양구군 모델별 보조금,2021,양구군
화물(초소형),루트17,다니고3,600,700.0,1300.0,2021년도 전기자동차 양구군 모델별 보조금,2021,양구군
화물(초소형),루트17,다니고3 픽업,600,700.0,1300.0,2021년도 전기자동차 양구군 모델별 보조금,2021,양구군
화물(초소형),마스타전기차,MASTA VAN,600,700.0,1300.0,2021년도 전기자동차 양구군 모델별 보조금,2021,양구군
화물(초소형),마스타전기차,MASTA HIM,600,700.0,1300.0,2021년도 전기자동차 양구군 모델별 보조금,2021,양구군
화물(초소형),디피코,(단종)포트로,600,700.0,1300.0,2021년도 전기자동차 양구군 모델별 보조금,2021,양구군
화물(초소형),디피코,포트로-탑,600,700.0,1300.0,2021년도 전기자동차 양구군 모델별 보조금,2021,양구군
화물(초소형),디피코,포트로-픽업,600,700.0,1300.0,2021년도 전기자동차 양구군 모델별 보조금,2021,양구군
화물(초소형),디피코,포트로-탑S,600,700.0,1300.0,2021년도 전기자동차 양구군 모델별 보조금,2021,양구군
화물(초소형),디피코,포트로-픽업S,600,700.0,1300.0,2021년도 전기자동차 양구군 모델별 보조금,2021,양구군
화물(경형),파워프라자,라보ev PEACE,1100,600.0,1700.0,2021년도 전기자동차 양구군 모델별 보조금,2021,양구군
화물(소형),제인모터스,제인모터스칼마토EV1톤내장탑차,1600,800.0,2400.0,2021년도 전기자동차 양구군 모델별 보조금,2021,양구군
화물(소형),파워프라자,봉고3ev PEACE,1600,800.0,2400.0,2021년도 전기자동차 양구군 모델별 보조금,2021,양구군
화물(소형),파워프라자,봉고3ev PEACE 더블캡,1600,800.0,2400.0,2021년도 전기자동차 양구군 모델별 보조금,2021,양구군
화물(소형),현대자동차,포터Ⅱ 일렉트릭 특장차,1600,800.0,2400.0,2021년도 전기자동차 양구군 모델별 보조금,2021,양구군
화물(소형),현대자동차,포터Ⅱ 일렉트릭 파워게이트,1600,800.0,2400.0,2021년도 전기자동차 양구군 모델별 보조금,2021,양구군
화물(소형),현대자동차,포터Ⅱ 일렉트릭 내장탑차,1600,800.0,2400.0,2021년도 전기자동차 양구군 모델별 보조금,2021,양구군
화물(소형),현대자동차,포터Ⅱ 일렉트릭 내장탑저상,1600,800.0,2400.0,2021년도 전기자동차 양구군 모델별 보조금,2021,양구군
화물(소형),현대자동차,포터Ⅱ 일렉트릭 내장탑하이,1600,800.0,2400.0,2021년도 전기자동차 양구군 모델별 보조금,2021,양구군
화물(소형),현대자동차,포터Ⅱ 일렉트릭 냉동탑저상,1600,800.0,2400.0,2021년도 전기자동차 양구군 모델별 보조금,2021,양구군
화물(소형),현대자동차,포터Ⅱ 일렉트릭(24MY),1600,800.0,2400.0,2021년도 전기자동차 양구군 모델별 보조금,2021,양구군
화물(소형),기아,봉고 전기차,1600,800.0,2400.0,2021년도 전기자동차 양구군 모델별 보조금,2021,양구군
화물(소형),기아,봉고Ⅲ 전기차 특장차,1600,800.0,2400.0,2021년도 전기자동차 양구군 모델별 보조금,2021,양구군
화물(소형),기아,봉고Ⅲ 전기차 파워게이트 2단 알루미늄,1600,800.0,2400.0,2021년도 전기자동차 양구군 모델별 보조금,2021,양구군
화물(소형),기아,봉고Ⅲ 전기차 내장차,1600,800.0,2400.0,2021년도 전기자동차 양구군 모델별 보조금,2021,양구군
화물(소형),기아,봉고Ⅲ 전기차 저상 내장차,1600,800.0,2400.0,2021년도 전기자동차 양구군 모델별 보조금,2021,양구군
화물(소형),기아,봉고Ⅲ 전기차 플러스 내장차,1600,800.0,2400.0,2021년도 전기자동차 양구군 모델별 보조금,2021,양구군
화물(소형),일진정공,일진무시동전기냉동탑차(149.9km),2100,1050.0,3150.0,2021년도 전기자동차 양구군 모델별 보조금,2021,양구군
화물(소형),일진정공,일진무시동전기냉동탑차(186.1km),2100,1050.0,3150.0,2021년도 전기자동차 양구군 모델별 보조금,2021,양구군
화물(소형),코리아에어카고에이전시,LSEV,1600,800.0,2400.0,2021년도 전기자동차 양구군 모델별 보조금,2021,양구군
화물(소형),루트17,다니고밴,1600,800.0,2400.0,2021년도 전기자동차 양구군 모델별 보조금,2021,양구군
화물(소형),케이지모빌리티커머셜,SMART T1.0,1600,800.0,2400.0,2021년도 전기자동차 양구군 모델별 보조금,2021,양구군
화물(소형),한신자동차,플러스,1600,800.0,2400.0,2021년도 전기자동차 양구군 모델별 보조금,2021,양구군
화물(소형),한신자동차,플러스2.0,1600,800.0,2400.0,2021년도 전기자동차 양구군 모델별 보조금,2021,양구군
화물(소형),비바모빌리티,(단종)비바,1600,800.0,2400.0,2021년도 전기자동차 양구군 모델별 보조금,2021,양구군
화물(소형),비바모빌리티,젤라,1600,800.0,2400.0,2021년도 전기자동차 양구군 모델별 보조금,2021,양구군
화물(초소형),스마트솔루션즈,D2C,600,700.0,1300.0,2021년도 전기자동차 인제군 모델별 보조금,2021,인제군
화물(초소형),스마트솔루션즈,D2P,600,700.0,1300.0,2021년도 전기자동차 인제군 모델별 보조금,2021,인제군
화물(초소형),루트17,다니고3,600,700.0,1300.0,2021년도 전기자동차 인제군 모델별 보조금,2021,인제군
화물(초소형),루트17,다니고3 픽업,600,700.0,1300.0,2021년도 전기자동차 인제군 모델별 보조금,2021,인제군
화물(초소형),마스타전기차,MASTA VAN,600,700.0,1300.0,2021년도 전기자동차 인제군 모델별 보조금,2021,인제군
화물(초소형),마스타전기차,MASTA HIM,600,700.0,1300.0,2021년도 전기자동차 인제군 모델별 보조금,2021,인제군
화물(초소형),디피코,(단종)포트로,600,700.0,1300.0,2021년도 전기자동차 인제군 모델별 보조금,2021,인제군
화물(초소형),디피코,포트로-탑,600,700.0,1300.0,2021년도 전기자동차 인제군 모델별 보조금,2021,인제군
화물(초소형),디피코,포트로-픽업,600,700.0,1300.0,2021년도 전기자동차 인제군 모델별 보조금,2021,인제군
화물(초소형),디피코,포트로-탑S,600,700.0,1300.0,2021년도 전기자동차 인제군 모델별 보조금,2021,인제군
화물(초소형),디피코,포트로-픽업S,600,700.0,1300.0,2021년도 전기자동차 인제군 모델별 보조금,2021,인제군
화물(경형),파워프라자,라보ev PEACE,1100,600.0,1700.0,2021년도 전기자동차 인제군 모델별 보조금,2021,인제군
화물(소형),제인모터스,제인모터스칼마토EV1톤내장탑차,1600,800.0,2400.0,2021년도 전기자동차 인제군 모델별 보조금,2021,인제군
화물(소형),파워프라자,봉고3ev PEACE,1600,800.0,2400.0,2021년도 전기자동차 인제군 모델별 보조금,2021,인제군
화물(소형),파워프라자,봉고3ev PEACE 더블캡,1600,800.0,2400.0,2021년도 전기자동차 인제군 모델별 보조금,2021,인제군
화물(소형),현대자동차,포터Ⅱ 일렉트릭 특장차,1600,800.0,2400.0,2021년도 전기자동차 인제군 모델별 보조금,2021,인제군
화물(소형),현대자동차,포터Ⅱ 일렉트릭 파워게이트,1600,800.0,2400.0,2021년도 전기자동차 인제군 모델별 보조금,2021,인제군
화물(소형),현대자동차,포터Ⅱ 일렉트릭 내장탑차,1600,800.0,2400.0,2021년도 전기자동차 인제군 모델별 보조금,2021,인제군
화물(소형),현대자동차,포터Ⅱ 일렉트릭 내장탑저상,1600,800.0,2400.0,2021년도 전기자동차 인제군 모델별 보조금,2021,인제군
화물(소형),현대자동차,포터Ⅱ 일렉트릭 내장탑하이,1600,800.0,2400.0,2021년도 전기자동차 인제군 모델별 보조금,2021,인제군
화물(소형),현대자동차,포터Ⅱ 일렉트릭 냉동탑저상,1600,800.0,2400.0,2021년도 전기자동차 인제군 모델별 보조금,2021,인제군
화물(소형),현대자동차,포터Ⅱ 일렉트릭(24MY),1600,800.0,2400.0,2021년도 전기자동차 인제군 모델별 보조금,2021,인제군
화물(소형),기아,봉고 전기차,1600,800.0,2400.0,2021년도 전기자동차 인제군 모델별 보조금,2021,인제군
화물(소형),기아,봉고Ⅲ 전기차 특장차,1600,800.0,2400.0,2021년도 전기자동차 인제군 모델별 보조금,2021,인제군
화물(소형),기아,봉고Ⅲ 전기차 파워게이트 2단 알루미늄,1600,800.0,2400.0,2021년도 전기자동차 인제군 모델별 보조금,2021,인제군
화물(소형),기아,봉고Ⅲ 전기차 내장차,1600,800.0,2400.0,2021년도 전기자동차 인제군 모델별 보조금,2021,인제군
화물(소형),기아,봉고Ⅲ 전기차 저상 내장차,1600,800.0,2400.0,2021년도 전기자동차 인제군 모델별 보조금,2021,인제군
화물(소형),기아,봉고Ⅲ 전기차 플러스 내장차,1600,800.0,2400.0,2021년도 전기자동차 인제군 모델별 보조금,2021,인제군
화물(소형),일진정공,일진무시동전기냉동탑차(149.9km),2100,1050.0,3150.0,2021년도 전기자동차 인제군 모델별 보조금,2021,인제군
화물(소형),일진정공,일진무시동전기냉동탑차(186.1km),2100,1050.0,3150.0,2021년도 전기자동차 인제군 모델별 보조금,2021,인제군
화물(소형),코리아에어카고에이전시,LSEV,1600,800.0,2400.0,2021년도 전기자동차 인제군 모델별 보조금,2021,인제군
화물(소형),루트17,다니고밴,1600,800.0,2400.0,2021년도 전기자동차 인제군 모델별 보조금,2021,인제군
화물(소형),케이지모빌리티커머셜,SMART T1.0,1600,800.0,2400.0,2021년도 전기자동차 인제군 모델별 보조금,2021,인제군
화물(소형),한신자동차,플러스,1600,800.0,2400.0,2021년도 전기자동차 인제군 모델별 보조금,2021,인제군
화물(소형),한신자동차,플러스2.0,1600,800.0,2400.0,2021년도 전기자동차 인제군 모델별 보조금,2021,인제군
화물(소형),비바모빌리티,(단종)비바,1600,800.0,2400.0,2021년도 전기자동차 인제군 모델별 보조금,2021,인제군
화물(소형),비바모빌리티,젤라,1600,800.0,2400.0,2021년도 전기자동차 인제군 모델별 보조금,2021,인제군
화물(초소형),스마트솔루션즈,D2C,600,700.0,1300.0,2021년도 전기자동차 고성군 모델별 보조금,2021,고성군
화물(초소형),스마트솔루션즈,D2P,600,700.0,1300.0,2021년도 전기자동차 고성군 모델별 보조금,2021,고성군
화물(초소형),루트17,다니고3,600,700.0,1300.0,2021년도 전기자동차 고성군 모델별 보조금,2021,고성군
화물(초소형),루트17,다니고3 픽업,600,700.0,1300.0,2021년도 전기자동차 고성군 모델별 보조금,2021,고성군
화물(초소형),마스타전기차,MASTA VAN,600,700.0,1300.0,2021년도 전기자동차 고성군 모델별 보조금,2021,고성군
화물(초소형),마스타전기차,MASTA HIM,600,700.0,1300.0,2021년도 전기자동차 고성군 모델별 보조금,2021,고성군
화물(초소형),디피코,(단종)포트로,600,700.0,1300.0,2021년도 전기자동차 고성군 모델별 보조금,2021,고성군
화물(초소형),디피코,포트로-탑,600,700.0,1300.0,2021년도 전기자동차 고성군 모델별 보조금,2021,고성군
화물(초소형),디피코,포트로-픽업,600,700.0,1300.0,2021년도 전기자동차 고성군 모델별 보조금,2021,고성군
화물(초소형),디피코,포트로-탑S,600,700.0,1300.0,2021년도 전기자동차 고성군 모델별 보조금,2021,고성군
화물(초소형),디피코,포트로-픽업S,600,700.0,1300.0,2021년도 전기자동차 고성군 모델별 보조금,2021,고성군
화물(경형),파워프라자,라보ev PEACE,1100,600.0,1700.0,2021년도 전기자동차 고성군 모델별 보조금,2021,고성군
화물(소형),제인모터스,제인모터스칼마토EV1톤내장탑차,1600,800.0,2400.0,2021년도 전기자동차 고성군 모델별 보조금,2021,고성군
화물(소형),파워프라자,봉고3ev PEACE,1600,800.0,2400.0,2021년도 전기자동차 고성군 모델별 보조금,2021,고성군
화물(소형),파워프라자,봉고3ev PEACE 더블캡,1600,800.0,2400.0,2021년도 전기자동차 고성군 모델별 보조금,2021,고성군
화물(소형),현대자동차,포터Ⅱ 일렉트릭 특장차,1600,800.0,2400.0,2021년도 전기자동차 고성군 모델별 보조금,2021,고성군
화물(소형),현대자동차,포터Ⅱ 일렉트릭 파워게이트,1600,800.0,2400.0,2021년도 전기자동차 고성군 모델별 보조금,2021,고성군
화물(소형),현대자동차,포터Ⅱ 일렉트릭 내장탑차,1600,800.0,2400.0,2021년도 전기자동차 고성군 모델별 보조금,2021,고성군
화물(소형),현대자동차,포터Ⅱ 일렉트릭 내장탑저상,1600,800.0,2400.0,2021년도 전기자동차 고성군 모델별 보조금,2021,고성군
화물(소형),현대자동차,포터Ⅱ 일렉트릭 내장탑하이,1600,800.0,2400.0,2021년도 전기자동차 고성군 모델별 보조금,2021,고성군
화물(소형),현대자동차,포터Ⅱ 일렉트릭 냉동탑저상,1600,800.0,2400.0,2021년도 전기자동차 고성군 모델별 보조금,2021,고성군
화물(소형),현대자동차,포터Ⅱ 일렉트릭(24MY),1600,800.0,2400.0,2021년도 전기자동차 고성군 모델별 보조금,2021,고성군
화물(소형),기아,봉고 전기차,1600,800.0,2400.0,2021년도 전기자동차 고성군 모델별 보조금,2021,고성군
화물(소형),기아,봉고Ⅲ 전기차 특장차,1600,800.0,2400.0,2021년도 전기자동차 고성군 모델별 보조금,2021,고성군
화물(소형),기아,봉고Ⅲ 전기차 파워게이트 2단 알루미늄,1600,800.0,2400.0,2021년도 전기자동차 고성군 모델별 보조금,2021,고성군
화물(소형),기아,봉고Ⅲ 전기차 내장차,1600,800.0,2400.0,2021년도 전기자동차 고성군 모델별 보조금,2021,고성군
화물(소형),기아,봉고Ⅲ 전기차 저상 내장차,1600,800.0,2400.0,2021년도 전기자동차 고성군 모델별 보조금,2021,고성군
화물(소형),기아,봉고Ⅲ 전기차 플러스 내장차,1600,800.0,2400.0,2021년도 전기자동차 고성군 모델별 보조금,2021,고성군
화물(소형),일진정공,일진무시동전기냉동탑차(149.9km),2100,1050.0,3150.0,2021년도 전기자동차 고성군 모델별 보조금,2021,고성군
화물(소형),일진정공,일진무시동전기냉동탑차(186.1km),2100,1050.0,3150.0,2021년도 전기자동차 고성군 모델별 보조금,2021,고성군
화물(소형),코리아에어카고에이전시,LSEV,1600,800.0,2400.0,2021년도 전기자동차 고성군 모델별 보조금,2021,고성군
화물(소형),루트17,다니고밴,1600,800.0,2400.0,2021년도 전기자동차 고성군 모델별 보조금,2021,고성군
화물(소형),케이지모빌리티커머셜,SMART T1.0,1600,800.0,2400.0,2021년도 전기자동차 고성군 모델별 보조금,2021,고성군
화물(소형),한신자동차,플러스,1600,800.0,2400.0,2021년도 전기자동차 고성군 모델별 보조금,2021,고성군
화물(소형),한신자동차,플러스2.0,1600,800.0,2400.0,2021년도 전기자동차 고성군 모델별 보조금,2021,고성군
화물(소형),비바모빌리티,(단종)비바,1600,800.0,2400.0,2021년도 전기자동차 고성군 모델별 보조금,2021,고성군
화물(소형),비바모빌리티,젤라,1600,800.0,2400.0,2021년도 전기자동차 고성군 모델별 보조금,2021,고성군
화물(초소형),스마트솔루션즈,D2C,600,700.0,1300.0,2021년도 전기자동차 양양군 모델별 보조금,2021,양양군
화물(초소형),스마트솔루션즈,D2P,600,700.0,1300.0,2021년도 전기자동차 양양군 모델별 보조금,2021,양양군
화물(초소형),루트17,다니고3,600,700.0,1300.0,2021년도 전기자동차 양양군 모델별 보조금,2021,양양군
화물(초소형),루트17,다니고3 픽업,600,700.0,1300.0,2021년도 전기자동차 양양군 모델별 보조금,2021,양양군
화물(초소형),마스타전기차,MASTA VAN,600,700.0,1300.0,2021년도 전기자동차 양양군 모델별 보조금,2021,양양군
화물(초소형),마스타전기차,MASTA HIM,600,700.0,1300.0,2021년도 전기자동차 양양군 모델별 보조금,2021,양양군
화물(초소형),디피코,(단종)포트로,600,700.0,1300.0,2021년도 전기자동차 양양군 모델별 보조금,2021,양양군
화물(초소형),디피코,포트로-탑,600,700.0,1300.0,2021년도 전기자동차 양양군 모델별 보조금,2021,양양군
화물(초소형),디피코,포트로-픽업,600,700.0,1300.0,2021년도 전기자동차 양양군 모델별 보조금,2021,양양군
화물(초소형),디피코,포트로-탑S,600,700.0,1300.0,2021년도 전기자동차 양양군 모델별 보조금,2021,양양군
화물(초소형),디피코,포트로-픽업S,600,700.0,1300.0,2021년도 전기자동차 양양군 모델별 보조금,2021,양양군
화물(경형),파워프라자,라보ev PEACE,1100,600.0,1700.0,2021년도 전기자동차 양양군 모델별 보조금,2021,양양군
화물(소형),제인모터스,제인모터스칼마토EV1톤내장탑차,1600,800.0,2400.0,2021년도 전기자동차 양양군 모델별 보조금,2021,양양군
화물(소형),파워프라자,봉고3ev PEACE,1600,800.0,2400.0,2021년도 전기자동차 양양군 모델별 보조금,2021,양양군
화물(소형),파워프라자,봉고3ev PEACE 더블캡,1600,800.0,2400.0,2021년도 전기자동차 양양군 모델별 보조금,2021,양양군
화물(소형),현대자동차,포터Ⅱ 일렉트릭 특장차,1600,800.0,2400.0,2021년도 전기자동차 양양군 모델별 보조금,2021,양양군
화물(소형),현대자동차,포터Ⅱ 일렉트릭 파워게이트,1600,800.0,2400.0,2021년도 전기자동차 양양군 모델별 보조금,2021,양양군
화물(소형),현대자동차,포터Ⅱ 일렉트릭 내장탑차,1600,800.0,2400.0,2021년도 전기자동차 양양군 모델별 보조금,2021,양양군
화물(소형),현대자동차,포터Ⅱ 일렉트릭 내장탑저상,1600,800.0,2400.0,2021년도 전기자동차 양양군 모델별 보조금,2021,양양군
화물(소형),현대자동차,포터Ⅱ 일렉트릭 내장탑하이,1600,800.0,2400.0,2021년도 전기자동차 양양군 모델별 보조금,2021,양양군
화물(소형),현대자동차,포터Ⅱ 일렉트릭 냉동탑저상,1600,800.0,2400.0,2021년도 전기자동차 양양군 모델별 보조금,2021,양양군
화물(소형),현대자동차,포터Ⅱ 일렉트릭(24MY),1600,800.0,2400.0,2021년도 전기자동차 양양군 모델별 보조금,2021,양양군
화물(소형),기아,봉고 전기차,1600,800.0,2400.0,2021년도 전기자동차 양양군 모델별 보조금,2021,양양군
화물(소형),기아,봉고Ⅲ 전기차 특장차,1600,800.0,2400.0,2021년도 전기자동차 양양군 모델별 보조금,2021,양양군
화물(소형),기아,봉고Ⅲ 전기차 파워게이트 2단 알루미늄,1600,800.0,2400.0,2021년도 전기자동차 양양군 모델별 보조금,2021,양양군
화물(소형),기아,봉고Ⅲ 전기차 내장차,1600,800.0,2400.0,2021년도 전기자동차 양양군 모델별 보조금,2021,양양군
화물(소형),기아,봉고Ⅲ 전기차 저상 내장차,1600,800.0,2400.0,2021년도 전기자동차 양양군 모델별 보조금,2021,양양군
화물(소형),기아,봉고Ⅲ 전기차 플러스 내장차,1600,800.0,2400.0,2021년도 전기자동차 양양군 모델별 보조금,2021,양양군
화물(소형),일진정공,일진무시동전기냉동탑차(149.9km),2100,1050.0,3150.0,2021년도 전기자동차 양양군 모델별 보조금,2021,양양군
화물(소형),일진정공,일진무시동전기냉동탑차(186.1km),2100,1050.0,3150.0,2021년도 전기자동차 양양군 모델별 보조금,2021,양양군
화물(소형),코리아에어카고에이전시,LSEV,1600,800.0,2400.0,2021년도 전기자동차 양양군 모델별 보조금,2021,양양군
화물(소형),루트17,다니고밴,1600,800.0,2400.0,2021년도 전기자동차 양양군 모델별 보조금,2021,양양군
화물(소형),케이지모빌리티커머셜,SMART T1.0,1600,800.0,2400.0,2021년도 전기자동차 양양군 모델별 보조금,2021,양양군
화물(소형),한신자동차,플러스,1600,800.0,2400.0,2021년도 전기자동차 양양군 모델별 보조금,2021,양양군
화물(소형),한신자동차,플러스2.0,1600,800.0,2400.0,2021년도 전기자동차 양양군 모델별 보조금,2021,양양군
화물(소형),비바모빌리티,(단종)비바,1600,800.0,2400.0,2021년도 전기자동차 양양군 모델별 보조금,2021,양양군
화물(소형),비바모빌리티,젤라,1600,800.0,2400.0,2021년도 전기자동차 양양군 모델별 보조금,2021,양양군
화물(초소형),스마트솔루션즈,D2C,600,300.0,900.0,2021년도 전기자동차 청주시 모델별 보조금,2021,청주시
화물(초소형),스마트솔루션즈,D2P,600,300.0,900.0,2021년도 전기자동차 청주시 모델별 보조금,2021,청주시
화물(초소형),루트17,다니고3,600,300.0,900.0,2021년도 전기자동차 청주시 모델별 보조금,2021,청주시
화물(초소형),루트17,다니고3 픽업,600,300.0,900.0,2021년도 전기자동차 청주시 모델별 보조금,2021,청주시
화물(초소형),마스타전기차,MASTA VAN,600,300.0,900.0,2021년도 전기자동차 청주시 모델별 보조금,2021,청주시
화물(초소형),마스타전기차,MASTA HIM,600,300.0,900.0,2021년도 전기자동차 청주시 모델별 보조금,2021,청주시
화물(초소형),디피코,(단종)포트로,600,300.0,900.0,2021년도 전기자동차 청주시 모델별 보조금,2021,청주시
화물(초소형),디피코,포트로-탑,600,300.0,900.0,2021년도 전기자동차 청주시 모델별 보조금,2021,청주시
화물(초소형),디피코,포트로-픽업,600,300.0,900.0,2021년도 전기자동차 청주시 모델별 보조금,2021,청주시
화물(초소형),디피코,포트로-탑S,600,300.0,900.0,2021년도 전기자동차 청주시 모델별 보조금,2021,청주시
화물(초소형),디피코,포트로-픽업S,600,300.0,900.0,2021년도 전기자동차 청주시 모델별 보조금,2021,청주시
화물(경형),파워프라자,라보ev PEACE,1100,600.0,1700.0,2021년도 전기자동차 청주시 모델별 보조금,2021,청주시
화물(소형),제인모터스,제인모터스칼마토EV1톤내장탑차,1600,900.0,2500.0,2021년도 전기자동차 청주시 모델별 보조금,2021,청주시
화물(소형),파워프라자,봉고3ev PEACE,1600,900.0,2500.0,2021년도 전기자동차 청주시 모델별 보조금,2021,청주시
화물(소형),파워프라자,봉고3ev PEACE 더블캡,1600,900.0,2500.0,2021년도 전기자동차 청주시 모델별 보조금,2021,청주시
화물(소형),현대자동차,포터Ⅱ 일렉트릭 특장차,1600,900.0,2500.0,2021년도 전기자동차 청주시 모델별 보조금,2021,청주시
화물(소형),현대자동차,포터Ⅱ 일렉트릭 파워게이트,1600,900.0,2500.0,2021년도 전기자동차 청주시 모델별 보조금,2021,청주시
화물(소형),현대자동차,포터Ⅱ 일렉트릭 내장탑차,1600,900.0,2500.0,2021년도 전기자동차 청주시 모델별 보조금,2021,청주시
화물(소형),현대자동차,포터Ⅱ 일렉트릭 내장탑저상,1600,900.0,2500.0,2021년도 전기자동차 청주시 모델별 보조금,2021,청주시
화물(소형),현대자동차,포터Ⅱ 일렉트릭 내장탑하이,1600,900.0,2500.0,2021년도 전기자동차 청주시 모델별 보조금,2021,청주시
화물(소형),현대자동차,포터Ⅱ 일렉트릭 냉동탑저상,1600,900.0,2500.0,2021년도 전기자동차 청주시 모델별 보조금,2021,청주시
화물(소형),현대자동차,포터Ⅱ 일렉트릭(24MY),1600,900.0,2500.0,2021년도 전기자동차 청주시 모델별 보조금,2021,청주시
화물(소형),기아,봉고 전기차,1600,900.0,2500.0,2021년도 전기자동차 청주시 모델별 보조금,2021,청주시
화물(소형),기아,봉고Ⅲ 전기차 특장차,1600,900.0,2500.0,2021년도 전기자동차 청주시 모델별 보조금,2021,청주시
화물(소형),기아,봉고Ⅲ 전기차 파워게이트 2단 알루미늄,1600,900.0,2500.0,2021년도 전기자동차 청주시 모델별 보조금,2021,청주시
화물(소형),기아,봉고Ⅲ 전기차 내장차,1600,900.0,2500.0,2021년도 전기자동차 청주시 모델별 보조금,2021,청주시
화물(소형),기아,봉고Ⅲ 전기차 저상 내장차,1600,900.0,2500.0,2021년도 전기자동차 청주시 모델별 보조금,2021,청주시
화물(소형),기아,봉고Ⅲ 전기차 플러스 내장차,1600,900.0,2500.0,2021년도 전기자동차 청주시 모델별 보조금,2021,청주시
화물(소형),일진정공,일진무시동전기냉동탑차(149.9km),2100,900.0,3000.0,2021년도 전기자동차 청주시 모델별 보조금,2021,청주시
화물(소형),일진정공,일진무시동전기냉동탑차(186.1km),2100,900.0,3000.0,2021년도 전기자동차 청주시 모델별 보조금,2021,청주시
화물(소형),코리아에어카고에이전시,LSEV,1600,900.0,2500.0,2021년도 전기자동차 청주시 모델별 보조금,2021,청주시
화물(소형),루트17,다니고밴,1600,900.0,2500.0,2021년도 전기자동차 청주시 모델별 보조금,2021,청주시
화물(소형),케이지모빌리티커머셜,SMART T1.0,1600,900.0,2500.0,2021년도 전기자동차 청주시 모델별 보조금,2021,청주시
화물(소형),한신자동차,플러스,1600,900.0,2500.0,2021년도 전기자동차 청주시 모델별 보조금,2021,청주시
화물(소형),한신자동차,플러스2.0,1600,900.0,2500.0,2021년도 전기자동차 청주시 모델별 보조금,2021,청주시
화물(소형),비바모빌리티,(단종)비바,1600,900.0,2500.0,2021년도 전기자동차 청주시 모델별 보조금,2021,청주시
화물(소형),비바모빌리티,젤라,1600,900.0,2500.0,2021년도 전기자동차 청주시 모델별 보조금,2021,청주시
화물(초소형),스마트솔루션즈,D2C,600,300.0,900.0,2021년도 전기자동차 충주시 모델별 보조금,2021,충주시
화물(초소형),스마트솔루션즈,D2P,600,300.0,900.0,2021년도 전기자동차 충주시 모델별 보조금,2021,충주시
화물(초소형),루트17,다니고3,600,300.0,900.0,2021년도 전기자동차 충주시 모델별 보조금,2021,충주시
화물(초소형),루트17,다니고3 픽업,600,300.0,900.0,2021년도 전기자동차 충주시 모델별 보조금,2021,충주시
화물(초소형),마스타전기차,MASTA VAN,600,300.0,900.0,2021년도 전기자동차 충주시 모델별 보조금,2021,충주시
화물(초소형),마스타전기차,MASTA HIM,600,300.0,900.0,2021년도 전기자동차 충주시 모델별 보조금,2021,충주시
화물(초소형),디피코,(단종)포트로,600,300.0,900.0,2021년도 전기자동차 충주시 모델별 보조금,2021,충주시
화물(초소형),디피코,포트로-탑,600,300.0,900.0,2021년도 전기자동차 충주시 모델별 보조금,2021,충주시
화물(초소형),디피코,포트로-픽업,600,300.0,900.0,2021년도 전기자동차 충주시 모델별 보조금,2021,충주시
화물(초소형),디피코,포트로-탑S,600,300.0,900.0,2021년도 전기자동차 충주시 모델별 보조금,2021,충주시
화물(초소형),디피코,포트로-픽업S,600,300.0,900.0,2021년도 전기자동차 충주시 모델별 보조금,2021,충주시
화물(경형),파워프라자,라보ev PEACE,1100,600.0,1700.0,2021년도 전기자동차 충주시 모델별 보조금,2021,충주시
화물(소형),제인모터스,제인모터스칼마토EV1톤내장탑차,1600,900.0,2500.0,2021년도 전기자동차 충주시 모델별 보조금,2021,충주시
화물(소형),파워프라자,봉고3ev PEACE,1600,900.0,2500.0,2021년도 전기자동차 충주시 모델별 보조금,2021,충주시
화물(소형),파워프라자,봉고3ev PEACE 더블캡,1600,900.0,2500.0,2021년도 전기자동차 충주시 모델별 보조금,2021,충주시
화물(소형),현대자동차,포터Ⅱ 일렉트릭 특장차,1600,900.0,2500.0,2021년도 전기자동차 충주시 모델별 보조금,2021,충주시
화물(소형),현대자동차,포터Ⅱ 일렉트릭 파워게이트,1600,900.0,2500.0,2021년도 전기자동차 충주시 모델별 보조금,2021,충주시
화물(소형),현대자동차,포터Ⅱ 일렉트릭 내장탑차,1600,900.0,2500.0,2021년도 전기자동차 충주시 모델별 보조금,2021,충주시
화물(소형),현대자동차,포터Ⅱ 일렉트릭 내장탑저상,1600,900.0,2500.0,2021년도 전기자동차 충주시 모델별 보조금,2021,충주시
화물(소형),현대자동차,포터Ⅱ 일렉트릭 내장탑하이,1600,900.0,2500.0,2021년도 전기자동차 충주시 모델별 보조금,2021,충주시
화물(소형),현대자동차,포터Ⅱ 일렉트릭 냉동탑저상,1600,900.0,2500.0,2021년도 전기자동차 충주시 모델별 보조금,2021,충주시
화물(소형),현대자동차,포터Ⅱ 일렉트릭(24MY),1600,900.0,2500.0,2021년도 전기자동차 충주시 모델별 보조금,2021,충주시
화물(소형),기아,봉고 전기차,1600,900.0,2500.0,2021년도 전기자동차 충주시 모델별 보조금,2021,충주시
화물(소형),기아,봉고Ⅲ 전기차 특장차,1600,900.0,2500.0,2021년도 전기자동차 충주시 모델별 보조금,2021,충주시
화물(소형),기아,봉고Ⅲ 전기차 파워게이트 2단 알루미늄,1600,900.0,2500.0,2021년도 전기자동차 충주시 모델별 보조금,2021,충주시
화물(소형),기아,봉고Ⅲ 전기차 내장차,1600,900.0,2500.0,2021년도 전기자동차 충주시 모델별 보조금,2021,충주시
화물(소형),기아,봉고Ⅲ 전기차 저상 내장차,1600,900.0,2500.0,2021년도 전기자동차 충주시 모델별 보조금,2021,충주시
화물(소형),기아,봉고Ⅲ 전기차 플러스 내장차,1600,900.0,2500.0,2021년도 전기자동차 충주시 모델별 보조금,2021,충주시
화물(소형),일진정공,일진무시동전기냉동탑차(149.9km),2100,900.0,3000.0,2021년도 전기자동차 충주시 모델별 보조금,2021,충주시
화물(소형),일진정공,일진무시동전기냉동탑차(186.1km),2100,900.0,3000.0,2021년도 전기자동차 충주시 모델별 보조금,2021,충주시
화물(소형),코리아에어카고에이전시,LSEV,1600,900.0,2500.0,2021년도 전기자동차 충주시 모델별 보조금,2021,충주시
화물(소형),루트17,다니고밴,1600,900.0,2500.0,2021년도 전기자동차 충주시 모델별 보조금,2021,충주시
화물(소형),케이지모빌리티커머셜,SMART T1.0,1600,900.0,2500.0,2021년도 전기자동차 충주시 모델별 보조금,2021,충주시
화물(소형),한신자동차,플러스,1600,900.0,2500.0,2021년도 전기자동차 충주시 모델별 보조금,2021,충주시
화물(소형),한신자동차,플러스2.0,1600,900.0,2500.0,2021년도 전기자동차 충주시 모델별 보조금,2021,충주시
화물(소형),비바모빌리티,(단종)비바,1600,900.0,2500.0,2021년도 전기자동차 충주시 모델별 보조금,2021,충주시
화물(소형),비바모빌리티,젤라,1600,900.0,2500.0,2021년도 전기자동차 충주시 모델별 보조금,2021,충주시
화물(초소형),스마트솔루션즈,D2C,600,300.0,900.0,2021년도 전기자동차 제천시 모델별 보조금,2021,제천시
화물(초소형),스마트솔루션즈,D2P,600,300.0,900.0,2021년도 전기자동차 제천시 모델별 보조금,2021,제천시
화물(초소형),루트17,다니고3,600,300.0,900.0,2021년도 전기자동차 제천시 모델별 보조금,2021,제천시
화물(초소형),루트17,다니고3 픽업,600,300.0,900.0,2021년도 전기자동차 제천시 모델별 보조금,2021,제천시
화물(초소형),마스타전기차,MASTA VAN,600,300.0,900.0,2021년도 전기자동차 제천시 모델별 보조금,2021,제천시
화물(초소형),마스타전기차,MASTA HIM,600,300.0,900.0,2021년도 전기자동차 제천시 모델별 보조금,2021,제천시
화물(초소형),디피코,(단종)포트로,600,300.0,900.0,2021년도 전기자동차 제천시 모델별 보조금,2021,제천시
화물(초소형),디피코,포트로-탑,600,300.0,900.0,2021년도 전기자동차 제천시 모델별 보조금,2021,제천시
화물(초소형),디피코,포트로-픽업,600,300.0,900.0,2021년도 전기자동차 제천시 모델별 보조금,2021,제천시
화물(초소형),디피코,포트로-탑S,600,300.0,900.0,2021년도 전기자동차 제천시 모델별 보조금,2021,제천시
화물(초소형),디피코,포트로-픽업S,600,300.0,900.0,2021년도 전기자동차 제천시 모델별 보조금,2021,제천시
화물(경형),파워프라자,라보ev PEACE,1100,600.0,1700.0,2021년도 전기자동차 제천시 모델별 보조금,2021,제천시
화물(소형),제인모터스,제인모터스칼마토EV1톤내장탑차,1600,900.0,2500.0,2021년도 전기자동차 제천시 모델별 보조금,2021,제천시
화물(소형),파워프라자,봉고3ev PEACE,1600,900.0,2500.0,2021년도 전기자동차 제천시 모델별 보조금,2021,제천시
화물(소형),파워프라자,봉고3ev PEACE 더블캡,1600,900.0,2500.0,2021년도 전기자동차 제천시 모델별 보조금,2021,제천시
화물(소형),현대자동차,포터Ⅱ 일렉트릭 특장차,1600,900.0,2500.0,2021년도 전기자동차 제천시 모델별 보조금,2021,제천시
화물(소형),현대자동차,포터Ⅱ 일렉트릭 파워게이트,1600,900.0,2500.0,2021년도 전기자동차 제천시 모델별 보조금,2021,제천시
화물(소형),현대자동차,포터Ⅱ 일렉트릭 내장탑차,1600,900.0,2500.0,2021년도 전기자동차 제천시 모델별 보조금,2021,제천시
화물(소형),현대자동차,포터Ⅱ 일렉트릭 내장탑저상,1600,900.0,2500.0,2021년도 전기자동차 제천시 모델별 보조금,2021,제천시
화물(소형),현대자동차,포터Ⅱ 일렉트릭 내장탑하이,1600,900.0,2500.0,2021년도 전기자동차 제천시 모델별 보조금,2021,제천시
화물(소형),현대자동차,포터Ⅱ 일렉트릭 냉동탑저상,1600,900.0,2500.0,2021년도 전기자동차 제천시 모델별 보조금,2021,제천시
화물(소형),현대자동차,포터Ⅱ 일렉트릭(24MY),1600,900.0,2500.0,2021년도 전기자동차 제천시 모델별 보조금,2021,제천시
화물(소형),기아,봉고 전기차,1600,900.0,2500.0,2021년도 전기자동차 제천시 모델별 보조금,2021,제천시
화물(소형),기아,봉고Ⅲ 전기차 특장차,1600,900.0,2500.0,2021년도 전기자동차 제천시 모델별 보조금,2021,제천시
화물(소형),기아,봉고Ⅲ 전기차 파워게이트 2단 알루미늄,1600,900.0,2500.0,2021년도 전기자동차 제천시 모델별 보조금,2021,제천시
화물(소형),기아,봉고Ⅲ 전기차 내장차,1600,900.0,2500.0,2021년도 전기자동차 제천시 모델별 보조금,2021,제천시
화물(소형),기아,봉고Ⅲ 전기차 저상 내장차,1600,900.0,2500.0,2021년도 전기자동차 제천시 모델별 보조금,2021,제천시
화물(소형),기아,봉고Ⅲ 전기차 플러스 내장차,1600,900.0,2500.0,2021년도 전기자동차 제천시 모델별 보조금,2021,제천시
화물(소형),일진정공,일진무시동전기냉동탑차(149.9km),2100,900.0,3000.0,2021년도 전기자동차 제천시 모델별 보조금,2021,제천시
화물(소형),일진정공,일진무시동전기냉동탑차(186.1km),2100,900.0,3000.0,2021년도 전기자동차 제천시 모델별 보조금,2021,제천시
화물(소형),코리아에어카고에이전시,LSEV,1600,900.0,2500.0,2021년도 전기자동차 제천시 모델별 보조금,2021,제천시
화물(소형),루트17,다니고밴,1600,900.0,2500.0,2021년도 전기자동차 제천시 모델별 보조금,2021,제천시
화물(소형),케이지모빌리티커머셜,SMART T1.0,1600,900.0,2500.0,2021년도 전기자동차 제천시 모델별 보조금,2021,제천시
화물(소형),한신자동차,플러스,1600,900.0,2500.0,2021년도 전기자동차 제천시 모델별 보조금,2021,제천시
화물(소형),한신자동차,플러스2.0,1600,900.0,2500.0,2021년도 전기자동차 제천시 모델별 보조금,2021,제천시
화물(소형),비바모빌리티,(단종)비바,1600,900.0,2500.0,2021년도 전기자동차 제천시 모델별 보조금,2021,제천시
화물(소형),비바모빌리티,젤라,1600,900.0,2500.0,2021년도 전기자동차 제천시 모델별 보조금,2021,제천시
화물(초소형),스마트솔루션즈,D2C,600,300.0,900.0,2021년도 전기자동차 보은군 모델별 보조금,2021,보은군
화물(초소형),스마트솔루션즈,D2P,600,300.0,900.0,2021년도 전기자동차 보은군 모델별 보조금,2021,보은군
화물(초소형),루트17,다니고3,600,300.0,900.0,2021년도 전기자동차 보은군 모델별 보조금,2021,보은군
화물(초소형),루트17,다니고3 픽업,600,300.0,900.0,2021년도 전기자동차 보은군 모델별 보조금,2021,보은군
화물(초소형),마스타전기차,MASTA VAN,600,300.0,900.0,2021년도 전기자동차 보은군 모델별 보조금,2021,보은군
화물(초소형),마스타전기차,MASTA HIM,600,300.0,900.0,2021년도 전기자동차 보은군 모델별 보조금,2021,보은군
화물(초소형),디피코,(단종)포트로,600,300.0,900.0,2021년도 전기자동차 보은군 모델별 보조금,2021,보은군
화물(초소형),디피코,포트로-탑,600,300.0,900.0,2021년도 전기자동차 보은군 모델별 보조금,2021,보은군
화물(초소형),디피코,포트로-픽업,600,300.0,900.0,2021년도 전기자동차 보은군 모델별 보조금,2021,보은군
화물(초소형),디피코,포트로-탑S,600,300.0,900.0,2021년도 전기자동차 보은군 모델별 보조금,2021,보은군
화물(초소형),디피코,포트로-픽업S,600,300.0,900.0,2021년도 전기자동차 보은군 모델별 보조금,2021,보은군
화물(경형),파워프라자,라보ev PEACE,1100,600.0,1700.0,2021년도 전기자동차 보은군 모델별 보조금,2021,보은군
화물(소형),제인모터스,제인모터스칼마토EV1톤내장탑차,1600,900.0,2500.0,2021년도 전기자동차 보은군 모델별 보조금,2021,보은군
화물(소형),파워프라자,봉고3ev PEACE,1600,900.0,2500.0,2021년도 전기자동차 보은군 모델별 보조금,2021,보은군
화물(소형),파워프라자,봉고3ev PEACE 더블캡,1600,900.0,2500.0,2021년도 전기자동차 보은군 모델별 보조금,2021,보은군
화물(소형),현대자동차,포터Ⅱ 일렉트릭 특장차,1600,900.0,2500.0,2021년도 전기자동차 보은군 모델별 보조금,2021,보은군
화물(소형),현대자동차,포터Ⅱ 일렉트릭 파워게이트,1600,900.0,2500.0,2021년도 전기자동차 보은군 모델별 보조금,2021,보은군
화물(소형),현대자동차,포터Ⅱ 일렉트릭 내장탑차,1600,900.0,2500.0,2021년도 전기자동차 보은군 모델별 보조금,2021,보은군
화물(소형),현대자동차,포터Ⅱ 일렉트릭 내장탑저상,1600,900.0,2500.0,2021년도 전기자동차 보은군 모델별 보조금,2021,보은군
화물(소형),현대자동차,포터Ⅱ 일렉트릭 내장탑하이,1600,900.0,2500.0,2021년도 전기자동차 보은군 모델별 보조금,2021,보은군
화물(소형),현대자동차,포터Ⅱ 일렉트릭 냉동탑저상,1600,900.0,2500.0,2021년도 전기자동차 보은군 모델별 보조금,2021,보은군
화물(소형),현대자동차,포터Ⅱ 일렉트릭(24MY),1600,900.0,2500.0,2021년도 전기자동차 보은군 모델별 보조금,2021,보은군
화물(소형),기아,봉고 전기차,1600,900.0,2500.0,2021년도 전기자동차 보은군 모델별 보조금,2021,보은군
화물(소형),기아,봉고Ⅲ 전기차 특장차,1600,900.0,2500.0,2021년도 전기자동차 보은군 모델별 보조금,2021,보은군
화물(소형),기아,봉고Ⅲ 전기차 파워게이트 2단 알루미늄,1600,900.0,2500.0,2021년도 전기자동차 보은군 모델별 보조금,2021,보은군
화물(소형),기아,봉고Ⅲ 전기차 내장차,1600,900.0,2500.0,2021년도 전기자동차 보은군 모델별 보조금,2021,보은군
화물(소형),기아,봉고Ⅲ 전기차 저상 내장차,1600,900.0,2500.0,2021년도 전기자동차 보은군 모델별 보조금,2021,보은군
화물(소형),기아,봉고Ⅲ 전기차 플러스 내장차,1600,900.0,2500.0,2021년도 전기자동차 보은군 모델별 보조금,2021,보은군
화물(소형),일진정공,일진무시동전기냉동탑차(149.9km),2100,900.0,3000.0,2021년도 전기자동차 보은군 모델별 보조금,2021,보은군
화물(소형),일진정공,일진무시동전기냉동탑차(186.1km),2100,900.0,3000.0,2021년도 전기자동차 보은군 모델별 보조금,2021,보은군
화물(소형),코리아에어카고에이전시,LSEV,1600,900.0,2500.0,2021년도 전기자동차 보은군 모델별 보조금,2021,보은군
화물(소형),루트17,다니고밴,1600,900.0,2500.0,2021년도 전기자동차 보은군 모델별 보조금,2021,보은군
화물(소형),케이지모빌리티커머셜,SMART T1.0,1600,900.0,2500.0,2021년도 전기자동차 보은군 모델별 보조금,2021,보은군
화물(소형),한신자동차,플러스,1600,900.0,2500.0,2021년도 전기자동차 보은군 모델별 보조금,2021,보은군
화물(소형),한신자동차,플러스2.0,1600,900.0,2500.0,2021년도 전기자동차 보은군 모델별 보조금,2021,보은군
화물(소형),비바모빌리티,(단종)비바,1600,900.0,2500.0,2021년도 전기자동차 보은군 모델별 보조금,2021,보은군
화물(소형),비바모빌리티,젤라,1600,900.0,2500.0,2021년도 전기자동차 보은군 모델별 보조금,2021,보은군
화물(초소형),스마트솔루션즈,D2C,600,300.0,900.0,2021년도 전기자동차 옥천군 모델별 보조금,2021,옥천군
화물(초소형),스마트솔루션즈,D2P,600,300.0,900.0,2021년도 전기자동차 옥천군 모델별 보조금,2021,옥천군
화물(초소형),루트17,다니고3,600,300.0,900.0,2021년도 전기자동차 옥천군 모델별 보조금,2021,옥천군
화물(초소형),루트17,다니고3 픽업,600,300.0,900.0,2021년도 전기자동차 옥천군 모델별 보조금,2021,옥천군
화물(초소형),마스타전기차,MASTA VAN,600,300.0,900.0,2021년도 전기자동차 옥천군 모델별 보조금,2021,옥천군
화물(초소형),마스타전기차,MASTA HIM,600,300.0,900.0,2021년도 전기자동차 옥천군 모델별 보조금,2021,옥천군
화물(초소형),디피코,(단종)포트로,600,300.0,900.0,2021년도 전기자동차 옥천군 모델별 보조금,2021,옥천군
화물(초소형),디피코,포트로-탑,600,300.0,900.0,2021년도 전기자동차 옥천군 모델별 보조금,2021,옥천군
화물(초소형),디피코,포트로-픽업,600,300.0,900.0,2021년도 전기자동차 옥천군 모델별 보조금,2021,옥천군
화물(초소형),디피코,포트로-탑S,600,300.0,900.0,2021년도 전기자동차 옥천군 모델별 보조금,2021,옥천군
화물(초소형),디피코,포트로-픽업S,600,300.0,900.0,2021년도 전기자동차 옥천군 모델별 보조금,2021,옥천군
화물(경형),파워프라자,라보ev PEACE,1100,600.0,1700.0,2021년도 전기자동차 옥천군 모델별 보조금,2021,옥천군
화물(소형),제인모터스,제인모터스칼마토EV1톤내장탑차,1600,900.0,2500.0,2021년도 전기자동차 옥천군 모델별 보조금,2021,옥천군
화물(소형),파워프라자,봉고3ev PEACE,1600,900.0,2500.0,2021년도 전기자동차 옥천군 모델별 보조금,2021,옥천군
화물(소형),파워프라자,봉고3ev PEACE 더블캡,1600,900.0,2500.0,2021년도 전기자동차 옥천군 모델별 보조금,2021,옥천군
화물(소형),현대자동차,포터Ⅱ 일렉트릭 특장차,1600,900.0,2500.0,2021년도 전기자동차 옥천군 모델별 보조금,2021,옥천군
화물(소형),현대자동차,포터Ⅱ 일렉트릭 파워게이트,1600,900.0,2500.0,2021년도 전기자동차 옥천군 모델별 보조금,2021,옥천군
화물(소형),현대자동차,포터Ⅱ 일렉트릭 내장탑차,1600,900.0,2500.0,2021년도 전기자동차 옥천군 모델별 보조금,2021,옥천군
화물(소형),현대자동차,포터Ⅱ 일렉트릭 내장탑저상,1600,900.0,2500.0,2021년도 전기자동차 옥천군 모델별 보조금,2021,옥천군
화물(소형),현대자동차,포터Ⅱ 일렉트릭 내장탑하이,1600,900.0,2500.0,2021년도 전기자동차 옥천군 모델별 보조금,2021,옥천군
화물(소형),현대자동차,포터Ⅱ 일렉트릭 냉동탑저상,1600,900.0,2500.0,2021년도 전기자동차 옥천군 모델별 보조금,2021,옥천군
화물(소형),현대자동차,포터Ⅱ 일렉트릭(24MY),1600,900.0,2500.0,2021년도 전기자동차 옥천군 모델별 보조금,2021,옥천군
화물(소형),기아,봉고 전기차,1600,900.0,2500.0,2021년도 전기자동차 옥천군 모델별 보조금,2021,옥천군
화물(소형),기아,봉고Ⅲ 전기차 특장차,1600,900.0,2500.0,2021년도 전기자동차 옥천군 모델별 보조금,2021,옥천군
화물(소형),기아,봉고Ⅲ 전기차 파워게이트 2단 알루미늄,1600,900.0,2500.0,2021년도 전기자동차 옥천군 모델별 보조금,2021,옥천군
화물(소형),기아,봉고Ⅲ 전기차 내장차,1600,900.0,2500.0,2021년도 전기자동차 옥천군 모델별 보조금,2021,옥천군
화물(소형),기아,봉고Ⅲ 전기차 저상 내장차,1600,900.0,2500.0,2021년도 전기자동차 옥천군 모델별 보조금,2021,옥천군
화물(소형),기아,봉고Ⅲ 전기차 플러스 내장차,1600,900.0,2500.0,2021년도 전기자동차 옥천군 모델별 보조금,2021,옥천군
화물(소형),일진정공,일진무시동전기냉동탑차(149.9km),2100,900.0,3000.0,2021년도 전기자동차 옥천군 모델별 보조금,2021,옥천군
화물(소형),일진정공,일진무시동전기냉동탑차(186.1km),2100,900.0,3000.0,2021년도 전기자동차 옥천군 모델별 보조금,2021,옥천군
화물(소형),코리아에어카고에이전시,LSEV,1600,900.0,2500.0,2021년도 전기자동차 옥천군 모델별 보조금,2021,옥천군
화물(소형),루트17,다니고밴,1600,900.0,2500.0,2021년도 전기자동차 옥천군 모델별 보조금,2021,옥천군
화물(소형),케이지모빌리티커머셜,SMART T1.0,1600,900.0,2500.0,2021년도 전기자동차 옥천군 모델별 보조금,2021,옥천군
화물(소형),한신자동차,플러스,1600,900.0,2500.0,2021년도 전기자동차 옥천군 모델별 보조금,2021,옥천군
화물(소형),한신자동차,플러스2.0,1600,900.0,2500.0,2021년도 전기자동차 옥천군 모델별 보조금,2021,옥천군
화물(소형),비바모빌리티,(단종)비바,1600,900.0,2500.0,2021년도 전기자동차 옥천군 모델별 보조금,2021,옥천군
화물(소형),비바모빌리티,젤라,1600,900.0,2500.0,2021년도 전기자동차 옥천군 모델별 보조금,2021,옥천군
화물(초소형),스마트솔루션즈,D2C,600,300.0,900.0,2021년도 전기자동차 영동군 모델별 보조금,2021,영동군
화물(초소형),스마트솔루션즈,D2P,600,300.0,900.0,2021년도 전기자동차 영동군 모델별 보조금,2021,영동군
화물(초소형),루트17,다니고3,600,300.0,900.0,2021년도 전기자동차 영동군 모델별 보조금,2021,영동군
화물(초소형),루트17,다니고3 픽업,600,300.0,900.0,2021년도 전기자동차 영동군 모델별 보조금,2021,영동군
화물(초소형),마스타전기차,MASTA VAN,600,300.0,900.0,2021년도 전기자동차 영동군 모델별 보조금,2021,영동군
화물(초소형),마스타전기차,MASTA HIM,600,300.0,900.0,2021년도 전기자동차 영동군 모델별 보조금,2021,영동군
화물(초소형),디피코,(단종)포트로,600,300.0,900.0,2021년도 전기자동차 영동군 모델별 보조금,2021,영동군
화물(초소형),디피코,포트로-탑,600,300.0,900.0,2021년도 전기자동차 영동군 모델별 보조금,2021,영동군
화물(초소형),디피코,포트로-픽업,600,300.0,900.0,2021년도 전기자동차 영동군 모델별 보조금,2021,영동군
화물(초소형),디피코,포트로-탑S,600,300.0,900.0,2021년도 전기자동차 영동군 모델별 보조금,2021,영동군
화물(초소형),디피코,포트로-픽업S,600,300.0,900.0,2021년도 전기자동차 영동군 모델별 보조금,2021,영동군
화물(경형),파워프라자,라보ev PEACE,1100,600.0,1700.0,2021년도 전기자동차 영동군 모델별 보조금,2021,영동군
화물(소형),제인모터스,제인모터스칼마토EV1톤내장탑차,1600,900.0,2500.0,2021년도 전기자동차 영동군 모델별 보조금,2021,영동군
화물(소형),파워프라자,봉고3ev PEACE,1600,900.0,2500.0,2021년도 전기자동차 영동군 모델별 보조금,2021,영동군
화물(소형),파워프라자,봉고3ev PEACE 더블캡,1600,900.0,2500.0,2021년도 전기자동차 영동군 모델별 보조금,2021,영동군
화물(소형),현대자동차,포터Ⅱ 일렉트릭 특장차,1600,900.0,2500.0,2021년도 전기자동차 영동군 모델별 보조금,2021,영동군
화물(소형),현대자동차,포터Ⅱ 일렉트릭 파워게이트,1600,900.0,2500.0,2021년도 전기자동차 영동군 모델별 보조금,2021,영동군
화물(소형),현대자동차,포터Ⅱ 일렉트릭 내장탑차,1600,900.0,2500.0,2021년도 전기자동차 영동군 모델별 보조금,2021,영동군
화물(소형),현대자동차,포터Ⅱ 일렉트릭 내장탑저상,1600,900.0,2500.0,2021년도 전기자동차 영동군 모델별 보조금,2021,영동군
화물(소형),현대자동차,포터Ⅱ 일렉트릭 내장탑하이,1600,900.0,2500.0,2021년도 전기자동차 영동군 모델별 보조금,2021,영동군
화물(소형),현대자동차,포터Ⅱ 일렉트릭 냉동탑저상,1600,900.0,2500.0,2021년도 전기자동차 영동군 모델별 보조금,2021,영동군
화물(소형),현대자동차,포터Ⅱ 일렉트릭(24MY),1600,900.0,2500.0,2021년도 전기자동차 영동군 모델별 보조금,2021,영동군
화물(소형),기아,봉고 전기차,1600,900.0,2500.0,2021년도 전기자동차 영동군 모델별 보조금,2021,영동군
화물(소형),기아,봉고Ⅲ 전기차 특장차,1600,900.0,2500.0,2021년도 전기자동차 영동군 모델별 보조금,2021,영동군
화물(소형),기아,봉고Ⅲ 전기차 파워게이트 2단 알루미늄,1600,900.0,2500.0,2021년도 전기자동차 영동군 모델별 보조금,2021,영동군
화물(소형),기아,봉고Ⅲ 전기차 내장차,1600,900.0,2500.0,2021년도 전기자동차 영동군 모델별 보조금,2021,영동군
화물(소형),기아,봉고Ⅲ 전기차 저상 내장차,1600,900.0,2500.0,2021년도 전기자동차 영동군 모델별 보조금,2021,영동군
화물(소형),기아,봉고Ⅲ 전기차 플러스 내장차,1600,900.0,2500.0,2021년도 전기자동차 영동군 모델별 보조금,2021,영동군
화물(소형),일진정공,일진무시동전기냉동탑차(149.9km),2100,900.0,3000.0,2021년도 전기자동차 영동군 모델별 보조금,2021,영동군
화물(소형),일진정공,일진무시동전기냉동탑차(186.1km),2100,900.0,3000.0,2021년도 전기자동차 영동군 모델별 보조금,2021,영동군
화물(소형),코리아에어카고에이전시,LSEV,1600,900.0,2500.0,2021년도 전기자동차 영동군 모델별 보조금,2021,영동군
화물(소형),루트17,다니고밴,1600,900.0,2500.0,2021년도 전기자동차 영동군 모델별 보조금,2021,영동군
화물(소형),케이지모빌리티커머셜,SMART T1.0,1600,900.0,2500.0,2021년도 전기자동차 영동군 모델별 보조금,2021,영동군
화물(소형),한신자동차,플러스,1600,900.0,2500.0,2021년도 전기자동차 영동군 모델별 보조금,2021,영동군
화물(소형),한신자동차,플러스2.0,1600,900.0,2500.0,2021년도 전기자동차 영동군 모델별 보조금,2021,영동군
화물(소형),비바모빌리티,(단종)비바,1600,900.0,2500.0,2021년도 전기자동차 영동군 모델별 보조금,2021,영동군
화물(소형),비바모빌리티,젤라,1600,900.0,2500.0,2021년도 전기자동차 영동군 모델별 보조금,2021,영동군
화물(초소형),스마트솔루션즈,D2C,600,300.0,900.0,2021년도 전기자동차 증평군 모델별 보조금,2021,증평군
화물(초소형),스마트솔루션즈,D2P,600,300.0,900.0,2021년도 전기자동차 증평군 모델별 보조금,2021,증평군
화물(초소형),루트17,다니고3,600,300.0,900.0,2021년도 전기자동차 증평군 모델별 보조금,2021,증평군
화물(초소형),루트17,다니고3 픽업,600,300.0,900.0,2021년도 전기자동차 증평군 모델별 보조금,2021,증평군
화물(초소형),마스타전기차,MASTA VAN,600,300.0,900.0,2021년도 전기자동차 증평군 모델별 보조금,2021,증평군
화물(초소형),마스타전기차,MASTA HIM,600,300.0,900.0,2021년도 전기자동차 증평군 모델별 보조금,2021,증평군
화물(초소형),디피코,(단종)포트로,600,300.0,900.0,2021년도 전기자동차 증평군 모델별 보조금,2021,증평군
화물(초소형),디피코,포트로-탑,600,300.0,900.0,2021년도 전기자동차 증평군 모델별 보조금,2021,증평군
화물(초소형),디피코,포트로-픽업,600,300.0,900.0,2021년도 전기자동차 증평군 모델별 보조금,2021,증평군
화물(초소형),디피코,포트로-탑S,600,300.0,900.0,2021년도 전기자동차 증평군 모델별 보조금,2021,증평군
화물(초소형),디피코,포트로-픽업S,600,300.0,900.0,2021년도 전기자동차 증평군 모델별 보조금,2021,증평군
화물(경형),파워프라자,라보ev PEACE,1100,600.0,1700.0,2021년도 전기자동차 증평군 모델별 보조금,2021,증평군
화물(소형),제인모터스,제인모터스칼마토EV1톤내장탑차,1600,900.0,2500.0,2021년도 전기자동차 증평군 모델별 보조금,2021,증평군
화물(소형),파워프라자,봉고3ev PEACE,1600,900.0,2500.0,2021년도 전기자동차 증평군 모델별 보조금,2021,증평군
화물(소형),파워프라자,봉고3ev PEACE 더블캡,1600,900.0,2500.0,2021년도 전기자동차 증평군 모델별 보조금,2021,증평군
화물(소형),현대자동차,포터Ⅱ 일렉트릭 특장차,1600,900.0,2500.0,2021년도 전기자동차 증평군 모델별 보조금,2021,증평군
화물(소형),현대자동차,포터Ⅱ 일렉트릭 파워게이트,1600,900.0,2500.0,2021년도 전기자동차 증평군 모델별 보조금,2021,증평군
화물(소형),현대자동차,포터Ⅱ 일렉트릭 내장탑차,1600,900.0,2500.0,2021년도 전기자동차 증평군 모델별 보조금,2021,증평군
화물(소형),현대자동차,포터Ⅱ 일렉트릭 내장탑저상,1600,900.0,2500.0,2021년도 전기자동차 증평군 모델별 보조금,2021,증평군
화물(소형),현대자동차,포터Ⅱ 일렉트릭 내장탑하이,1600,900.0,2500.0,2021년도 전기자동차 증평군 모델별 보조금,2021,증평군
화물(소형),현대자동차,포터Ⅱ 일렉트릭 냉동탑저상,1600,900.0,2500.0,2021년도 전기자동차 증평군 모델별 보조금,2021,증평군
화물(소형),현대자동차,포터Ⅱ 일렉트릭(24MY),1600,900.0,2500.0,2021년도 전기자동차 증평군 모델별 보조금,2021,증평군
화물(소형),기아,봉고 전기차,1600,900.0,2500.0,2021년도 전기자동차 증평군 모델별 보조금,2021,증평군
화물(소형),기아,봉고Ⅲ 전기차 특장차,1600,900.0,2500.0,2021년도 전기자동차 증평군 모델별 보조금,2021,증평군
화물(소형),기아,봉고Ⅲ 전기차 파워게이트 2단 알루미늄,1600,900.0,2500.0,2021년도 전기자동차 증평군 모델별 보조금,2021,증평군
화물(소형),기아,봉고Ⅲ 전기차 내장차,1600,900.0,2500.0,2021년도 전기자동차 증평군 모델별 보조금,2021,증평군
화물(소형),기아,봉고Ⅲ 전기차 저상 내장차,1600,900.0,2500.0,2021년도 전기자동차 증평군 모델별 보조금,2021,증평군
화물(소형),기아,봉고Ⅲ 전기차 플러스 내장차,1600,900.0,2500.0,2021년도 전기자동차 증평군 모델별 보조금,2021,증평군
화물(소형),일진정공,일진무시동전기냉동탑차(149.9km),2100,900.0,3000.0,2021년도 전기자동차 증평군 모델별 보조금,2021,증평군
화물(소형),일진정공,일진무시동전기냉동탑차(186.1km),2100,900.0,3000.0,2021년도 전기자동차 증평군 모델별 보조금,2021,증평군
화물(소형),코리아에어카고에이전시,LSEV,1600,900.0,2500.0,2021년도 전기자동차 증평군 모델별 보조금,2021,증평군
화물(소형),루트17,다니고밴,1600,900.0,2500.0,2021년도 전기자동차 증평군 모델별 보조금,2021,증평군
화물(소형),케이지모빌리티커머셜,SMART T1.0,1600,900.0,2500.0,2021년도 전기자동차 증평군 모델별 보조금,2021,증평군
화물(소형),한신자동차,플러스,1600,900.0,2500.0,2021년도 전기자동차 증평군 모델별 보조금,2021,증평군
화물(소형),한신자동차,플러스2.0,1600,900.0,2500.0,2021년도 전기자동차 증평군 모델별 보조금,2021,증평군
화물(소형),비바모빌리티,(단종)비바,1600,900.0,2500.0,2021년도 전기자동차 증평군 모델별 보조금,2021,증평군
화물(소형),비바모빌리티,젤라,1600,900.0,2500.0,2021년도 전기자동차 증평군 모델별 보조금,2021,증평군
화물(초소형),스마트솔루션즈,D2C,600,300.0,900.0,2021년도 전기자동차 진천군 모델별 보조금,2021,진천군
화물(초소형),스마트솔루션즈,D2P,600,300.0,900.0,2021년도 전기자동차 진천군 모델별 보조금,2021,진천군
화물(초소형),루트17,다니고3,600,300.0,900.0,2021년도 전기자동차 진천군 모델별 보조금,2021,진천군
화물(초소형),루트17,다니고3 픽업,600,300.0,900.0,2021년도 전기자동차 진천군 모델별 보조금,2021,진천군
화물(초소형),마스타전기차,MASTA VAN,600,300.0,900.0,2021년도 전기자동차 진천군 모델별 보조금,2021,진천군
화물(초소형),마스타전기차,MASTA HIM,600,300.0,900.0,2021년도 전기자동차 진천군 모델별 보조금,2021,진천군
화물(초소형),디피코,(단종)포트로,600,300.0,900.0,2021년도 전기자동차 진천군 모델별 보조금,2021,진천군
화물(초소형),디피코,포트로-탑,600,300.0,900.0,2021년도 전기자동차 진천군 모델별 보조금,2021,진천군
화물(초소형),디피코,포트로-픽업,600,300.0,900.0,2021년도 전기자동차 진천군 모델별 보조금,2021,진천군
화물(초소형),디피코,포트로-탑S,600,300.0,900.0,2021년도 전기자동차 진천군 모델별 보조금,2021,진천군
화물(초소형),디피코,포트로-픽업S,600,300.0,900.0,2021년도 전기자동차 진천군 모델별 보조금,2021,진천군
화물(경형),파워프라자,라보ev PEACE,1100,600.0,1700.0,2021년도 전기자동차 진천군 모델별 보조금,2021,진천군
화물(소형),제인모터스,제인모터스칼마토EV1톤내장탑차,1600,900.0,2500.0,2021년도 전기자동차 진천군 모델별 보조금,2021,진천군
화물(소형),파워프라자,봉고3ev PEACE,1600,900.0,2500.0,2021년도 전기자동차 진천군 모델별 보조금,2021,진천군
화물(소형),파워프라자,봉고3ev PEACE 더블캡,1600,900.0,2500.0,2021년도 전기자동차 진천군 모델별 보조금,2021,진천군
화물(소형),현대자동차,포터Ⅱ 일렉트릭 특장차,1600,900.0,2500.0,2021년도 전기자동차 진천군 모델별 보조금,2021,진천군
화물(소형),현대자동차,포터Ⅱ 일렉트릭 파워게이트,1600,900.0,2500.0,2021년도 전기자동차 진천군 모델별 보조금,2021,진천군
화물(소형),현대자동차,포터Ⅱ 일렉트릭 내장탑차,1600,900.0,2500.0,2021년도 전기자동차 진천군 모델별 보조금,2021,진천군
화물(소형),현대자동차,포터Ⅱ 일렉트릭 내장탑저상,1600,900.0,2500.0,2021년도 전기자동차 진천군 모델별 보조금,2021,진천군
화물(소형),현대자동차,포터Ⅱ 일렉트릭 내장탑하이,1600,900.0,2500.0,2021년도 전기자동차 진천군 모델별 보조금,2021,진천군
화물(소형),현대자동차,포터Ⅱ 일렉트릭 냉동탑저상,1600,900.0,2500.0,2021년도 전기자동차 진천군 모델별 보조금,2021,진천군
화물(소형),현대자동차,포터Ⅱ 일렉트릭(24MY),1600,900.0,2500.0,2021년도 전기자동차 진천군 모델별 보조금,2021,진천군
화물(소형),기아,봉고 전기차,1600,900.0,2500.0,2021년도 전기자동차 진천군 모델별 보조금,2021,진천군
화물(소형),기아,봉고Ⅲ 전기차 특장차,1600,900.0,2500.0,2021년도 전기자동차 진천군 모델별 보조금,2021,진천군
화물(소형),기아,봉고Ⅲ 전기차 파워게이트 2단 알루미늄,1600,900.0,2500.0,2021년도 전기자동차 진천군 모델별 보조금,2021,진천군
화물(소형),기아,봉고Ⅲ 전기차 내장차,1600,900.0,2500.0,2021년도 전기자동차 진천군 모델별 보조금,2021,진천군
화물(소형),기아,봉고Ⅲ 전기차 저상 내장차,1600,900.0,2500.0,2021년도 전기자동차 진천군 모델별 보조금,2021,진천군
화물(소형),기아,봉고Ⅲ 전기차 플러스 내장차,1600,900.0,2500.0,2021년도 전기자동차 진천군 모델별 보조금,2021,진천군
화물(소형),일진정공,일진무시동전기냉동탑차(149.9km),2100,900.0,3000.0,2021년도 전기자동차 진천군 모델별 보조금,2021,진천군
화물(소형),일진정공,일진무시동전기냉동탑차(186.1km),2100,900.0,3000.0,2021년도 전기자동차 진천군 모델별 보조금,2021,진천군
화물(소형),코리아에어카고에이전시,LSEV,1600,900.0,2500.0,2021년도 전기자동차 진천군 모델별 보조금,2021,진천군
화물(소형),루트17,다니고밴,1600,900.0,2500.0,2021년도 전기자동차 진천군 모델별 보조금,2021,진천군
화물(소형),케이지모빌리티커머셜,SMART T1.0,1600,900.0,2500.0,2021년도 전기자동차 진천군 모델별 보조금,2021,진천군
화물(소형),한신자동차,플러스,1600,900.0,2500.0,2021년도 전기자동차 진천군 모델별 보조금,2021,진천군
화물(소형),한신자동차,플러스2.0,1600,900.0,2500.0,2021년도 전기자동차 진천군 모델별 보조금,2021,진천군
화물(소형),비바모빌리티,(단종)비바,1600,900.0,2500.0,2021년도 전기자동차 진천군 모델별 보조금,2021,진천군
화물(소형),비바모빌리티,젤라,1600,900.0,2500.0,2021년도 전기자동차 진천군 모델별 보조금,2021,진천군
화물(초소형),스마트솔루션즈,D2C,600,300.0,900.0,2021년도 전기자동차 괴산군 모델별 보조금,2021,괴산군
화물(초소형),스마트솔루션즈,D2P,600,300.0,900.0,2021년도 전기자동차 괴산군 모델별 보조금,2021,괴산군
화물(초소형),루트17,다니고3,600,300.0,900.0,2021년도 전기자동차 괴산군 모델별 보조금,2021,괴산군
화물(초소형),루트17,다니고3 픽업,600,300.0,900.0,2021년도 전기자동차 괴산군 모델별 보조금,2021,괴산군
화물(초소형),마스타전기차,MASTA VAN,600,300.0,900.0,2021년도 전기자동차 괴산군 모델별 보조금,2021,괴산군
화물(초소형),마스타전기차,MASTA HIM,600,300.0,900.0,2021년도 전기자동차 괴산군 모델별 보조금,2021,괴산군
화물(초소형),디피코,(단종)포트로,600,300.0,900.0,2021년도 전기자동차 괴산군 모델별 보조금,2021,괴산군
화물(초소형),디피코,포트로-탑,600,300.0,900.0,2021년도 전기자동차 괴산군 모델별 보조금,2021,괴산군
화물(초소형),디피코,포트로-픽업,600,300.0,900.0,2021년도 전기자동차 괴산군 모델별 보조금,2021,괴산군
화물(초소형),디피코,포트로-탑S,600,300.0,900.0,2021년도 전기자동차 괴산군 모델별 보조금,2021,괴산군
화물(초소형),디피코,포트로-픽업S,600,300.0,900.0,2021년도 전기자동차 괴산군 모델별 보조금,2021,괴산군
화물(경형),파워프라자,라보ev PEACE,1100,600.0,1700.0,2021년도 전기자동차 괴산군 모델별 보조금,2021,괴산군
화물(소형),제인모터스,제인모터스칼마토EV1톤내장탑차,1600,900.0,2500.0,2021년도 전기자동차 괴산군 모델별 보조금,2021,괴산군
화물(소형),파워프라자,봉고3ev PEACE,1600,900.0,2500.0,2021년도 전기자동차 괴산군 모델별 보조금,2021,괴산군
화물(소형),파워프라자,봉고3ev PEACE 더블캡,1600,900.0,2500.0,2021년도 전기자동차 괴산군 모델별 보조금,2021,괴산군
화물(소형),현대자동차,포터Ⅱ 일렉트릭 특장차,1600,900.0,2500.0,2021년도 전기자동차 괴산군 모델별 보조금,2021,괴산군
화물(소형),현대자동차,포터Ⅱ 일렉트릭 파워게이트,1600,900.0,2500.0,2021년도 전기자동차 괴산군 모델별 보조금,2021,괴산군
화물(소형),현대자동차,포터Ⅱ 일렉트릭 내장탑차,1600,900.0,2500.0,2021년도 전기자동차 괴산군 모델별 보조금,2021,괴산군
화물(소형),현대자동차,포터Ⅱ 일렉트릭 내장탑저상,1600,900.0,2500.0,2021년도 전기자동차 괴산군 모델별 보조금,2021,괴산군
화물(소형),현대자동차,포터Ⅱ 일렉트릭 내장탑하이,1600,900.0,2500.0,2021년도 전기자동차 괴산군 모델별 보조금,2021,괴산군
화물(소형),현대자동차,포터Ⅱ 일렉트릭 냉동탑저상,1600,900.0,2500.0,2021년도 전기자동차 괴산군 모델별 보조금,2021,괴산군
화물(소형),현대자동차,포터Ⅱ 일렉트릭(24MY),1600,900.0,2500.0,2021년도 전기자동차 괴산군 모델별 보조금,2021,괴산군
화물(소형),기아,봉고 전기차,1600,900.0,2500.0,2021년도 전기자동차 괴산군 모델별 보조금,2021,괴산군
화물(소형),기아,봉고Ⅲ 전기차 특장차,1600,900.0,2500.0,2021년도 전기자동차 괴산군 모델별 보조금,2021,괴산군
화물(소형),기아,봉고Ⅲ 전기차 파워게이트 2단 알루미늄,1600,900.0,2500.0,2021년도 전기자동차 괴산군 모델별 보조금,2021,괴산군
화물(소형),기아,봉고Ⅲ 전기차 내장차,1600,900.0,2500.0,2021년도 전기자동차 괴산군 모델별 보조금,2021,괴산군
화물(소형),기아,봉고Ⅲ 전기차 저상 내장차,1600,900.0,2500.0,2021년도 전기자동차 괴산군 모델별 보조금,2021,괴산군
화물(소형),기아,봉고Ⅲ 전기차 플러스 내장차,1600,900.0,2500.0,2021년도 전기자동차 괴산군 모델별 보조금,2021,괴산군
화물(소형),일진정공,일진무시동전기냉동탑차(149.9km),2100,900.0,3000.0,2021년도 전기자동차 괴산군 모델별 보조금,2021,괴산군
화물(소형),일진정공,일진무시동전기냉동탑차(186.1km),2100,900.0,3000.0,2021년도 전기자동차 괴산군 모델별 보조금,2021,괴산군
화물(소형),코리아에어카고에이전시,LSEV,1600,900.0,2500.0,2021년도 전기자동차 괴산군 모델별 보조금,2021,괴산군
화물(소형),루트17,다니고밴,1600,900.0,2500.0,2021년도 전기자동차 괴산군 모델별 보조금,2021,괴산군
화물(소형),케이지모빌리티커머셜,SMART T1.0,1600,900.0,2500.0,2021년도 전기자동차 괴산군 모델별 보조금,2021,괴산군
화물(소형),한신자동차,플러스,1600,900.0,2500.0,2021년도 전기자동차 괴산군 모델별 보조금,2021,괴산군
화물(소형),한신자동차,플러스2.0,1600,900.0,2500.0,2021년도 전기자동차 괴산군 모델별 보조금,2021,괴산군
화물(소형),비바모빌리티,(단종)비바,1600,900.0,2500.0,2021년도 전기자동차 괴산군 모델별 보조금,2021,괴산군
화물(소형),비바모빌리티,젤라,1600,900.0,2500.0,2021년도 전기자동차 괴산군 모델별 보조금,2021,괴산군
화물(초소형),스마트솔루션즈,D2C,600,300.0,900.0,2021년도 전기자동차 음성군 모델별 보조금,2021,음성군
화물(초소형),스마트솔루션즈,D2P,600,300.0,900.0,2021년도 전기자동차 음성군 모델별 보조금,2021,음성군
화물(초소형),루트17,다니고3,600,300.0,900.0,2021년도 전기자동차 음성군 모델별 보조금,2021,음성군
화물(초소형),루트17,다니고3 픽업,600,300.0,900.0,2021년도 전기자동차 음성군 모델별 보조금,2021,음성군
화물(초소형),마스타전기차,MASTA VAN,600,300.0,900.0,2021년도 전기자동차 음성군 모델별 보조금,2021,음성군
화물(초소형),마스타전기차,MASTA HIM,600,300.0,900.0,2021년도 전기자동차 음성군 모델별 보조금,2021,음성군
화물(초소형),디피코,(단종)포트로,600,300.0,900.0,2021년도 전기자동차 음성군 모델별 보조금,2021,음성군
화물(초소형),디피코,포트로-탑,600,300.0,900.0,2021년도 전기자동차 음성군 모델별 보조금,2021,음성군
화물(초소형),디피코,포트로-픽업,600,300.0,900.0,2021년도 전기자동차 음성군 모델별 보조금,2021,음성군
화물(초소형),디피코,포트로-탑S,600,300.0,900.0,2021년도 전기자동차 음성군 모델별 보조금,2021,음성군
화물(초소형),디피코,포트로-픽업S,600,300.0,900.0,2021년도 전기자동차 음성군 모델별 보조금,2021,음성군
화물(경형),파워프라자,라보ev PEACE,1100,600.0,1700.0,2021년도 전기자동차 음성군 모델별 보조금,2021,음성군
화물(소형),제인모터스,제인모터스칼마토EV1톤내장탑차,1600,900.0,2500.0,2021년도 전기자동차 음성군 모델별 보조금,2021,음성군
화물(소형),파워프라자,봉고3ev PEACE,1600,900.0,2500.0,2021년도 전기자동차 음성군 모델별 보조금,2021,음성군
화물(소형),파워프라자,봉고3ev PEACE 더블캡,1600,900.0,2500.0,2021년도 전기자동차 음성군 모델별 보조금,2021,음성군
화물(소형),현대자동차,포터Ⅱ 일렉트릭 특장차,1600,900.0,2500.0,2021년도 전기자동차 음성군 모델별 보조금,2021,음성군
화물(소형),현대자동차,포터Ⅱ 일렉트릭 파워게이트,1600,900.0,2500.0,2021년도 전기자동차 음성군 모델별 보조금,2021,음성군
화물(소형),현대자동차,포터Ⅱ 일렉트릭 내장탑차,1600,900.0,2500.0,2021년도 전기자동차 음성군 모델별 보조금,2021,음성군
화물(소형),현대자동차,포터Ⅱ 일렉트릭 내장탑저상,1600,900.0,2500.0,2021년도 전기자동차 음성군 모델별 보조금,2021,음성군
화물(소형),현대자동차,포터Ⅱ 일렉트릭 내장탑하이,1600,900.0,2500.0,2021년도 전기자동차 음성군 모델별 보조금,2021,음성군
화물(소형),현대자동차,포터Ⅱ 일렉트릭 냉동탑저상,1600,900.0,2500.0,2021년도 전기자동차 음성군 모델별 보조금,2021,음성군
화물(소형),현대자동차,포터Ⅱ 일렉트릭(24MY),1600,900.0,2500.0,2021년도 전기자동차 음성군 모델별 보조금,2021,음성군
화물(소형),기아,봉고 전기차,1600,900.0,2500.0,2021년도 전기자동차 음성군 모델별 보조금,2021,음성군
화물(소형),기아,봉고Ⅲ 전기차 특장차,1600,900.0,2500.0,2021년도 전기자동차 음성군 모델별 보조금,2021,음성군
화물(소형),기아,봉고Ⅲ 전기차 파워게이트 2단 알루미늄,1600,900.0,2500.0,2021년도 전기자동차 음성군 모델별 보조금,2021,음성군
화물(소형),기아,봉고Ⅲ 전기차 내장차,1600,900.0,2500.0,2021년도 전기자동차 음성군 모델별 보조금,2021,음성군
화물(소형),기아,봉고Ⅲ 전기차 저상 내장차,1600,900.0,2500.0,2021년도 전기자동차 음성군 모델별 보조금,2021,음성군
화물(소형),기아,봉고Ⅲ 전기차 플러스 내장차,1600,900.0,2500.0,2021년도 전기자동차 음성군 모델별 보조금,2021,음성군
화물(소형),일진정공,일진무시동전기냉동탑차(149.9km),2100,900.0,3000.0,2021년도 전기자동차 음성군 모델별 보조금,2021,음성군
화물(소형),일진정공,일진무시동전기냉동탑차(186.1km),2100,900.0,3000.0,2021년도 전기자동차 음성군 모델별 보조금,2021,음성군
화물(소형),코리아에어카고에이전시,LSEV,1600,900.0,2500.0,2021년도 전기자동차 음성군 모델별 보조금,2021,음성군
화물(소형),루트17,다니고밴,1600,900.0,2500.0,2021년도 전기자동차 음성군 모델별 보조금,2021,음성군
화물(소형),케이지모빌리티커머셜,SMART T1.0,1600,900.0,2500.0,2021년도 전기자동차 음성군 모델별 보조금,2021,음성군
화물(소형),한신자동차,플러스,1600,900.0,2500.0,2021년도 전기자동차 음성군 모델별 보조금,2021,음성군
화물(소형),한신자동차,플러스2.0,1600,900.0,2500.0,2021년도 전기자동차 음성군 모델별 보조금,2021,음성군
화물(소형),비바모빌리티,(단종)비바,1600,900.0,2500.0,2021년도 전기자동차 음성군 모델별 보조금,2021,음성군
화물(소형),비바모빌리티,젤라,1600,900.0,2500.0,2021년도 전기자동차 음성군 모델별 보조금,2021,음성군
화물(초소형),스마트솔루션즈,D2C,600,300.0,900.0,2021년도 전기자동차 단양군 모델별 보조금,2021,단양군
화물(초소형),스마트솔루션즈,D2P,600,300.0,900.0,2021년도 전기자동차 단양군 모델별 보조금,2021,단양군
화물(초소형),루트17,다니고3,600,300.0,900.0,2021년도 전기자동차 단양군 모델별 보조금,2021,단양군
화물(초소형),루트17,다니고3 픽업,600,300.0,900.0,2021년도 전기자동차 단양군 모델별 보조금,2021,단양군
화물(초소형),마스타전기차,MASTA VAN,600,300.0,900.0,2021년도 전기자동차 단양군 모델별 보조금,2021,단양군
화물(초소형),마스타전기차,MASTA HIM,600,300.0,900.0,2021년도 전기자동차 단양군 모델별 보조금,2021,단양군
화물(초소형),디피코,(단종)포트로,600,300.0,900.0,2021년도 전기자동차 단양군 모델별 보조금,2021,단양군
화물(초소형),디피코,포트로-탑,600,300.0,900.0,2021년도 전기자동차 단양군 모델별 보조금,2021,단양군
화물(초소형),디피코,포트로-픽업,600,300.0,900.0,2021년도 전기자동차 단양군 모델별 보조금,2021,단양군
화물(초소형),디피코,포트로-탑S,600,300.0,900.0,2021년도 전기자동차 단양군 모델별 보조금,2021,단양군
화물(초소형),디피코,포트로-픽업S,600,300.0,900.0,2021년도 전기자동차 단양군 모델별 보조금,2021,단양군
화물(경형),파워프라자,라보ev PEACE,1100,600.0,1700.0,2021년도 전기자동차 단양군 모델별 보조금,2021,단양군
화물(소형),제인모터스,제인모터스칼마토EV1톤내장탑차,1600,900.0,2500.0,2021년도 전기자동차 단양군 모델별 보조금,2021,단양군
화물(소형),파워프라자,봉고3ev PEACE,1600,900.0,2500.0,2021년도 전기자동차 단양군 모델별 보조금,2021,단양군
화물(소형),파워프라자,봉고3ev PEACE 더블캡,1600,900.0,2500.0,2021년도 전기자동차 단양군 모델별 보조금,2021,단양군
화물(소형),현대자동차,포터Ⅱ 일렉트릭 특장차,1600,900.0,2500.0,2021년도 전기자동차 단양군 모델별 보조금,2021,단양군
화물(소형),현대자동차,포터Ⅱ 일렉트릭 파워게이트,1600,900.0,2500.0,2021년도 전기자동차 단양군 모델별 보조금,2021,단양군
화물(소형),현대자동차,포터Ⅱ 일렉트릭 내장탑차,1600,900.0,2500.0,2021년도 전기자동차 단양군 모델별 보조금,2021,단양군
화물(소형),현대자동차,포터Ⅱ 일렉트릭 내장탑저상,1600,900.0,2500.0,2021년도 전기자동차 단양군 모델별 보조금,2021,단양군
화물(소형),현대자동차,포터Ⅱ 일렉트릭 내장탑하이,1600,900.0,2500.0,2021년도 전기자동차 단양군 모델별 보조금,2021,단양군
화물(소형),현대자동차,포터Ⅱ 일렉트릭 냉동탑저상,1600,900.0,2500.0,2021년도 전기자동차 단양군 모델별 보조금,2021,단양군
화물(소형),현대자동차,포터Ⅱ 일렉트릭(24MY),1600,900.0,2500.0,2021년도 전기자동차 단양군 모델별 보조금,2021,단양군
화물(소형),기아,봉고 전기차,1600,900.0,2500.0,2021년도 전기자동차 단양군 모델별 보조금,2021,단양군
화물(소형),기아,봉고Ⅲ 전기차 특장차,1600,900.0,2500.0,2021년도 전기자동차 단양군 모델별 보조금,2021,단양군
화물(소형),기아,봉고Ⅲ 전기차 파워게이트 2단 알루미늄,1600,900.0,2500.0,2021년도 전기자동차 단양군 모델별 보조금,2021,단양군
화물(소형),기아,봉고Ⅲ 전기차 내장차,1600,900.0,2500.0,2021년도 전기자동차 단양군 모델별 보조금,2021,단양군
화물(소형),기아,봉고Ⅲ 전기차 저상 내장차,1600,900.0,2500.0,2021년도 전기자동차 단양군 모델별 보조금,2021,단양군
화물(소형),기아,봉고Ⅲ 전기차 플러스 내장차,1600,900.0,2500.0,2021년도 전기자동차 단양군 모델별 보조금,2021,단양군
화물(소형),일진정공,일진무시동전기냉동탑차(149.9km),2100,900.0,3000.0,2021년도 전기자동차 단양군 모델별 보조금,2021,단양군
화물(소형),일진정공,일진무시동전기냉동탑차(186.1km),2100,900.0,3000.0,2021년도 전기자동차 단양군 모델별 보조금,2021,단양군
화물(소형),코리아에어카고에이전시,LSEV,1600,900.0,2500.0,2021년도 전기자동차 단양군 모델별 보조금,2021,단양군
화물(소형),루트17,다니고밴,1600,900.0,2500.0,2021년도 전기자동차 단양군 모델별 보조금,2021,단양군
화물(소형),케이지모빌리티커머셜,SMART T1.0,1600,900.0,2500.0,2021년도 전기자동차 단양군 모델별 보조금,2021,단양군
화물(소형),한신자동차,플러스,1600,900.0,2500.0,2021년도 전기자동차 단양군 모델별 보조금,2021,단양군
화물(소형),한신자동차,플러스2.0,1600,900.0,2500.0,2021년도 전기자동차 단양군 모델별 보조금,2021,단양군
화물(소형),비바모빌리티,(단종)비바,1600,900.0,2500.0,2021년도 전기자동차 단양군 모델별 보조금,2021,단양군
화물(소형),비바모빌리티,젤라,1600,900.0,2500.0,2021년도 전기자동차 단양군 모델별 보조금,2021,단양군
화물(초소형),스마트솔루션즈,D2C,600,335.0,935.0,2021년도 전기자동차 천안시 모델별 보조금,2021,천안시
화물(초소형),스마트솔루션즈,D2P,600,335.0,935.0,2021년도 전기자동차 천안시 모델별 보조금,2021,천안시
화물(초소형),루트17,다니고3,600,335.0,935.0,2021년도 전기자동차 천안시 모델별 보조금,2021,천안시
화물(초소형),루트17,다니고3 픽업,600,335.0,935.0,2021년도 전기자동차 천안시 모델별 보조금,2021,천안시
화물(초소형),마스타전기차,MASTA VAN,600,335.0,935.0,2021년도 전기자동차 천안시 모델별 보조금,2021,천안시
화물(초소형),마스타전기차,MASTA HIM,600,335.0,935.0,2021년도 전기자동차 천안시 모델별 보조금,2021,천안시
화물(초소형),디피코,(단종)포트로,600,335.0,935.0,2021년도 전기자동차 천안시 모델별 보조금,2021,천안시
화물(초소형),디피코,포트로-탑,600,335.0,935.0,2021년도 전기자동차 천안시 모델별 보조금,2021,천안시
화물(초소형),디피코,포트로-픽업,600,335.0,935.0,2021년도 전기자동차 천안시 모델별 보조금,2021,천안시
화물(초소형),디피코,포트로-탑S,600,335.0,935.0,2021년도 전기자동차 천안시 모델별 보조금,2021,천안시
화물(초소형),디피코,포트로-픽업S,600,335.0,935.0,2021년도 전기자동차 천안시 모델별 보조금,2021,천안시
화물(경형),파워프라자,라보ev PEACE,1100,900.0,2000.0,2021년도 전기자동차 천안시 모델별 보조금,2021,천안시
화물(소형),제인모터스,제인모터스칼마토EV1톤내장탑차,1600,900.0,2500.0,2021년도 전기자동차 천안시 모델별 보조금,2021,천안시
화물(소형),파워프라자,봉고3ev PEACE,1600,900.0,2500.0,2021년도 전기자동차 천안시 모델별 보조금,2021,천안시
화물(소형),파워프라자,봉고3ev PEACE 더블캡,1600,900.0,2500.0,2021년도 전기자동차 천안시 모델별 보조금,2021,천안시
화물(소형),현대자동차,포터Ⅱ 일렉트릭 특장차,1600,900.0,2500.0,2021년도 전기자동차 천안시 모델별 보조금,2021,천안시
화물(소형),현대자동차,포터Ⅱ 일렉트릭 파워게이트,1600,900.0,2500.0,2021년도 전기자동차 천안시 모델별 보조금,2021,천안시
화물(소형),현대자동차,포터Ⅱ 일렉트릭 내장탑차,1600,900.0,2500.0,2021년도 전기자동차 천안시 모델별 보조금,2021,천안시
화물(소형),현대자동차,포터Ⅱ 일렉트릭 내장탑저상,1600,900.0,2500.0,2021년도 전기자동차 천안시 모델별 보조금,2021,천안시
화물(소형),현대자동차,포터Ⅱ 일렉트릭 내장탑하이,1600,900.0,2500.0,2021년도 전기자동차 천안시 모델별 보조금,2021,천안시
화물(소형),현대자동차,포터Ⅱ 일렉트릭 냉동탑저상,1600,900.0,2500.0,2021년도 전기자동차 천안시 모델별 보조금,2021,천안시
화물(소형),현대자동차,포터Ⅱ 일렉트릭(24MY),1600,900.0,2500.0,2021년도 전기자동차 천안시 모델별 보조금,2021,천안시
화물(소형),기아,봉고 전기차,1600,900.0,2500.0,2021년도 전기자동차 천안시 모델별 보조금,2021,천안시
화물(소형),기아,봉고Ⅲ 전기차 특장차,1600,900.0,2500.0,2021년도 전기자동차 천안시 모델별 보조금,2021,천안시
화물(소형),기아,봉고Ⅲ 전기차 파워게이트 2단 알루미늄,1600,900.0,2500.0,2021년도 전기자동차 천안시 모델별 보조금,2021,천안시
화물(소형),기아,봉고Ⅲ 전기차 내장차,1600,900.0,2500.0,2021년도 전기자동차 천안시 모델별 보조금,2021,천안시
화물(소형),기아,봉고Ⅲ 전기차 저상 내장차,1600,900.0,2500.0,2021년도 전기자동차 천안시 모델별 보조금,2021,천안시
화물(소형),기아,봉고Ⅲ 전기차 플러스 내장차,1600,900.0,2500.0,2021년도 전기자동차 천안시 모델별 보조금,2021,천안시
화물(소형),일진정공,일진무시동전기냉동탑차(149.9km),2100,900.0,3000.0,2021년도 전기자동차 천안시 모델별 보조금,2021,천안시
화물(소형),일진정공,일진무시동전기냉동탑차(186.1km),2100,900.0,3000.0,2021년도 전기자동차 천안시 모델별 보조금,2021,천안시
화물(소형),코리아에어카고에이전시,LSEV,1600,900.0,2500.0,2021년도 전기자동차 천안시 모델별 보조금,2021,천안시
화물(소형),루트17,다니고밴,1600,900.0,2500.0,2021년도 전기자동차 천안시 모델별 보조금,2021,천안시
화물(소형),케이지모빌리티커머셜,SMART T1.0,1600,900.0,2500.0,2021년도 전기자동차 천안시 모델별 보조금,2021,천안시
화물(소형),한신자동차,플러스,1600,900.0,2500.0,2021년도 전기자동차 천안시 모델별 보조금,2021,천안시
화물(소형),한신자동차,플러스2.0,1600,900.0,2500.0,2021년도 전기자동차 천안시 모델별 보조금,2021,천안시
화물(소형),비바모빌리티,(단종)비바,1600,900.0,2500.0,2021년도 전기자동차 천안시 모델별 보조금,2021,천안시
화물(소형),비바모빌리티,젤라,1600,900.0,2500.0,2021년도 전기자동차 천안시 모델별 보조금,2021,천안시
화물(초소형),스마트솔루션즈,D2C,600,335.0,935.0,2021년도 전기자동차 공주시 모델별 보조금,2021,공주시
화물(초소형),스마트솔루션즈,D2P,600,335.0,935.0,2021년도 전기자동차 공주시 모델별 보조금,2021,공주시
화물(초소형),루트17,다니고3,600,335.0,935.0,2021년도 전기자동차 공주시 모델별 보조금,2021,공주시
화물(초소형),루트17,다니고3 픽업,600,335.0,935.0,2021년도 전기자동차 공주시 모델별 보조금,2021,공주시
화물(초소형),마스타전기차,MASTA VAN,600,335.0,935.0,2021년도 전기자동차 공주시 모델별 보조금,2021,공주시
화물(초소형),마스타전기차,MASTA HIM,600,335.0,935.0,2021년도 전기자동차 공주시 모델별 보조금,2021,공주시
화물(초소형),디피코,(단종)포트로,600,335.0,935.0,2021년도 전기자동차 공주시 모델별 보조금,2021,공주시
화물(초소형),디피코,포트로-탑,600,335.0,935.0,2021년도 전기자동차 공주시 모델별 보조금,2021,공주시
화물(초소형),디피코,포트로-픽업,600,335.0,935.0,2021년도 전기자동차 공주시 모델별 보조금,2021,공주시
화물(초소형),디피코,포트로-탑S,600,335.0,935.0,2021년도 전기자동차 공주시 모델별 보조금,2021,공주시
화물(초소형),디피코,포트로-픽업S,600,335.0,935.0,2021년도 전기자동차 공주시 모델별 보조금,2021,공주시
화물(경형),파워프라자,라보ev PEACE,1100,900.0,2000.0,2021년도 전기자동차 공주시 모델별 보조금,2021,공주시
화물(소형),제인모터스,제인모터스칼마토EV1톤내장탑차,1600,900.0,2500.0,2021년도 전기자동차 공주시 모델별 보조금,2021,공주시
화물(소형),파워프라자,봉고3ev PEACE,1600,900.0,2500.0,2021년도 전기자동차 공주시 모델별 보조금,2021,공주시
화물(소형),파워프라자,봉고3ev PEACE 더블캡,1600,900.0,2500.0,2021년도 전기자동차 공주시 모델별 보조금,2021,공주시
화물(소형),현대자동차,포터Ⅱ 일렉트릭 특장차,1600,900.0,2500.0,2021년도 전기자동차 공주시 모델별 보조금,2021,공주시
화물(소형),현대자동차,포터Ⅱ 일렉트릭 파워게이트,1600,900.0,2500.0,2021년도 전기자동차 공주시 모델별 보조금,2021,공주시
화물(소형),현대자동차,포터Ⅱ 일렉트릭 내장탑차,1600,900.0,2500.0,2021년도 전기자동차 공주시 모델별 보조금,2021,공주시
화물(소형),현대자동차,포터Ⅱ 일렉트릭 내장탑저상,1600,900.0,2500.0,2021년도 전기자동차 공주시 모델별 보조금,2021,공주시
화물(소형),현대자동차,포터Ⅱ 일렉트릭 내장탑하이,1600,900.0,2500.0,2021년도 전기자동차 공주시 모델별 보조금,2021,공주시
화물(소형),현대자동차,포터Ⅱ 일렉트릭 냉동탑저상,1600,900.0,2500.0,2021년도 전기자동차 공주시 모델별 보조금,2021,공주시
화물(소형),현대자동차,포터Ⅱ 일렉트릭(24MY),1600,900.0,2500.0,2021년도 전기자동차 공주시 모델별 보조금,2021,공주시
화물(소형),기아,봉고 전기차,1600,900.0,2500.0,2021년도 전기자동차 공주시 모델별 보조금,2021,공주시
화물(소형),기아,봉고Ⅲ 전기차 특장차,1600,900.0,2500.0,2021년도 전기자동차 공주시 모델별 보조금,2021,공주시
화물(소형),기아,봉고Ⅲ 전기차 파워게이트 2단 알루미늄,1600,900.0,2500.0,2021년도 전기자동차 공주시 모델별 보조금,2021,공주시
화물(소형),기아,봉고Ⅲ 전기차 내장차,1600,900.0,2500.0,2021년도 전기자동차 공주시 모델별 보조금,2021,공주시
화물(소형),기아,봉고Ⅲ 전기차 저상 내장차,1600,900.0,2500.0,2021년도 전기자동차 공주시 모델별 보조금,2021,공주시
화물(소형),기아,봉고Ⅲ 전기차 플러스 내장차,1600,900.0,2500.0,2021년도 전기자동차 공주시 모델별 보조금,2021,공주시
화물(소형),일진정공,일진무시동전기냉동탑차(149.9km),2100,900.0,3000.0,2021년도 전기자동차 공주시 모델별 보조금,2021,공주시
화물(소형),일진정공,일진무시동전기냉동탑차(186.1km),2100,900.0,3000.0,2021년도 전기자동차 공주시 모델별 보조금,2021,공주시
화물(소형),코리아에어카고에이전시,LSEV,1600,900.0,2500.0,2021년도 전기자동차 공주시 모델별 보조금,2021,공주시
화물(소형),루트17,다니고밴,1600,900.0,2500.0,2021년도 전기자동차 공주시 모델별 보조금,2021,공주시
화물(소형),케이지모빌리티커머셜,SMART T1.0,1600,900.0,2500.0,2021년도 전기자동차 공주시 모델별 보조금,2021,공주시
화물(소형),한신자동차,플러스,1600,900.0,2500.0,2021년도 전기자동차 공주시 모델별 보조금,2021,공주시
화물(소형),한신자동차,플러스2.0,1600,900.0,2500.0,2021년도 전기자동차 공주시 모델별 보조금,2021,공주시
화물(소형),비바모빌리티,(단종)비바,1600,900.0,2500.0,2021년도 전기자동차 공주시 모델별 보조금,2021,공주시
화물(소형),비바모빌리티,젤라,1600,900.0,2500.0,2021년도 전기자동차 공주시 모델별 보조금,2021,공주시
화물(초소형),스마트솔루션즈,D2C,600,335.0,935.0,2021년도 전기자동차 보령시 모델별 보조금,2021,보령시
화물(초소형),스마트솔루션즈,D2P,600,335.0,935.0,2021년도 전기자동차 보령시 모델별 보조금,2021,보령시
화물(초소형),루트17,다니고3,600,335.0,935.0,2021년도 전기자동차 보령시 모델별 보조금,2021,보령시
화물(초소형),루트17,다니고3 픽업,600,335.0,935.0,2021년도 전기자동차 보령시 모델별 보조금,2021,보령시
화물(초소형),마스타전기차,MASTA VAN,600,335.0,935.0,2021년도 전기자동차 보령시 모델별 보조금,2021,보령시
화물(초소형),마스타전기차,MASTA HIM,600,335.0,935.0,2021년도 전기자동차 보령시 모델별 보조금,2021,보령시
화물(초소형),디피코,(단종)포트로,600,335.0,935.0,2021년도 전기자동차 보령시 모델별 보조금,2021,보령시
화물(초소형),디피코,포트로-탑,600,335.0,935.0,2021년도 전기자동차 보령시 모델별 보조금,2021,보령시
화물(초소형),디피코,포트로-픽업,600,335.0,935.0,2021년도 전기자동차 보령시 모델별 보조금,2021,보령시
화물(초소형),디피코,포트로-탑S,600,335.0,935.0,2021년도 전기자동차 보령시 모델별 보조금,2021,보령시
화물(초소형),디피코,포트로-픽업S,600,335.0,935.0,2021년도 전기자동차 보령시 모델별 보조금,2021,보령시
화물(경형),파워프라자,라보ev PEACE,1100,900.0,2000.0,2021년도 전기자동차 보령시 모델별 보조금,2021,보령시
화물(소형),제인모터스,제인모터스칼마토EV1톤내장탑차,1600,0.0,1600.0,2021년도 전기자동차 보령시 모델별 보조금,2021,보령시
화물(소형),파워프라자,봉고3ev PEACE,1600,0.0,1600.0,2021년도 전기자동차 보령시 모델별 보조금,2021,보령시
화물(소형),파워프라자,봉고3ev PEACE 더블캡,1600,0.0,1600.0,2021년도 전기자동차 보령시 모델별 보조금,2021,보령시
화물(소형),현대자동차,포터Ⅱ 일렉트릭 특장차,1600,900.0,2500.0,2021년도 전기자동차 보령시 모델별 보조금,2021,보령시
화물(소형),현대자동차,포터Ⅱ 일렉트릭 파워게이트,1600,900.0,2500.0,2021년도 전기자동차 보령시 모델별 보조금,2021,보령시
화물(소형),현대자동차,포터Ⅱ 일렉트릭 내장탑차,1600,900.0,2500.0,2021년도 전기자동차 보령시 모델별 보조금,2021,보령시
화물(소형),현대자동차,포터Ⅱ 일렉트릭 내장탑저상,1600,900.0,2500.0,2021년도 전기자동차 보령시 모델별 보조금,2021,보령시
화물(소형),현대자동차,포터Ⅱ 일렉트릭 내장탑하이,1600,900.0,2500.0,2021년도 전기자동차 보령시 모델별 보조금,2021,보령시
화물(소형),현대자동차,포터Ⅱ 일렉트릭 냉동탑저상,1600,900.0,2500.0,2021년도 전기자동차 보령시 모델별 보조금,2021,보령시
화물(소형),현대자동차,포터Ⅱ 일렉트릭(24MY),1600,0.0,1600.0,2021년도 전기자동차 보령시 모델별 보조금,2021,보령시
화물(소형),기아,봉고 전기차,1600,0.0,1600.0,2021년도 전기자동차 보령시 모델별 보조금,2021,보령시
화물(소형),기아,봉고Ⅲ 전기차 특장차,1600,900.0,2500.0,2021년도 전기자동차 보령시 모델별 보조금,2021,보령시
화물(소형),기아,봉고Ⅲ 전기차 파워게이트 2단 알루미늄,1600,900.0,2500.0,2021년도 전기자동차 보령시 모델별 보조금,2021,보령시
화물(소형),기아,봉고Ⅲ 전기차 내장차,1600,900.0,2500.0,2021년도 전기자동차 보령시 모델별 보조금,2021,보령시
화물(소형),기아,봉고Ⅲ 전기차 저상 내장차,1600,900.0,2500.0,2021년도 전기자동차 보령시 모델별 보조금,2021,보령시
화물(소형),기아,봉고Ⅲ 전기차 플러스 내장차,1600,900.0,2500.0,2021년도 전기자동차 보령시 모델별 보조금,2021,보령시
화물(소형),일진정공,일진무시동전기냉동탑차(149.9km),2100,0.0,2100.0,2021년도 전기자동차 보령시 모델별 보조금,2021,보령시
화물(소형),일진정공,일진무시동전기냉동탑차(186.1km),2100,0.0,2100.0,2021년도 전기자동차 보령시 모델별 보조금,2021,보령시
화물(소형),코리아에어카고에이전시,LSEV,1600,0.0,1600.0,2021년도 전기자동차 보령시 모델별 보조금,2021,보령시
화물(소형),루트17,다니고밴,1600,0.0,1600.0,2021년도 전기자동차 보령시 모델별 보조금,2021,보령시
화물(소형),케이지모빌리티커머셜,SMART T1.0,1600,0.0,1600.0,2021년도 전기자동차 보령시 모델별 보조금,2021,보령시
화물(소형),한신자동차,플러스,1600,0.0,1600.0,2021년도 전기자동차 보령시 모델별 보조금,2021,보령시
화물(소형),한신자동차,플러스2.0,1600,0.0,1600.0,2021년도 전기자동차 보령시 모델별 보조금,2021,보령시
화물(소형),비바모빌리티,(단종)비바,1600,0.0,1600.0,2021년도 전기자동차 보령시 모델별 보조금,2021,보령시
화물(소형),비바모빌리티,젤라,1600,0.0,1600.0,2021년도 전기자동차 보령시 모델별 보조금,2021,보령시
화물(초소형),스마트솔루션즈,D2C,600,335.0,935.0,2021년도 전기자동차 아산시 모델별 보조금,2021,아산시
화물(초소형),스마트솔루션즈,D2P,600,335.0,935.0,2021년도 전기자동차 아산시 모델별 보조금,2021,아산시
화물(초소형),루트17,다니고3,600,335.0,935.0,2021년도 전기자동차 아산시 모델별 보조금,2021,아산시
화물(초소형),루트17,다니고3 픽업,600,335.0,935.0,2021년도 전기자동차 아산시 모델별 보조금,2021,아산시
화물(초소형),마스타전기차,MASTA VAN,600,335.0,935.0,2021년도 전기자동차 아산시 모델별 보조금,2021,아산시
화물(초소형),마스타전기차,MASTA HIM,600,335.0,935.0,2021년도 전기자동차 아산시 모델별 보조금,2021,아산시
화물(초소형),디피코,(단종)포트로,600,335.0,935.0,2021년도 전기자동차 아산시 모델별 보조금,2021,아산시
화물(초소형),디피코,포트로-탑,600,335.0,935.0,2021년도 전기자동차 아산시 모델별 보조금,2021,아산시
화물(초소형),디피코,포트로-픽업,600,335.0,935.0,2021년도 전기자동차 아산시 모델별 보조금,2021,아산시
화물(초소형),디피코,포트로-탑S,600,335.0,935.0,2021년도 전기자동차 아산시 모델별 보조금,2021,아산시
화물(초소형),디피코,포트로-픽업S,600,335.0,935.0,2021년도 전기자동차 아산시 모델별 보조금,2021,아산시
화물(경형),파워프라자,라보ev PEACE,1100,900.0,2000.0,2021년도 전기자동차 아산시 모델별 보조금,2021,아산시
화물(소형),제인모터스,제인모터스칼마토EV1톤내장탑차,1600,900.0,2500.0,2021년도 전기자동차 아산시 모델별 보조금,2021,아산시
화물(소형),파워프라자,봉고3ev PEACE,1600,900.0,2500.0,2021년도 전기자동차 아산시 모델별 보조금,2021,아산시
화물(소형),파워프라자,봉고3ev PEACE 더블캡,1600,900.0,2500.0,2021년도 전기자동차 아산시 모델별 보조금,2021,아산시
화물(소형),현대자동차,포터Ⅱ 일렉트릭 특장차,1600,900.0,2500.0,2021년도 전기자동차 아산시 모델별 보조금,2021,아산시
화물(소형),현대자동차,포터Ⅱ 일렉트릭 파워게이트,1600,900.0,2500.0,2021년도 전기자동차 아산시 모델별 보조금,2021,아산시
화물(소형),현대자동차,포터Ⅱ 일렉트릭 내장탑차,1600,900.0,2500.0,2021년도 전기자동차 아산시 모델별 보조금,2021,아산시
화물(소형),현대자동차,포터Ⅱ 일렉트릭 내장탑저상,1600,900.0,2500.0,2021년도 전기자동차 아산시 모델별 보조금,2021,아산시
화물(소형),현대자동차,포터Ⅱ 일렉트릭 내장탑하이,1600,900.0,2500.0,2021년도 전기자동차 아산시 모델별 보조금,2021,아산시
화물(소형),현대자동차,포터Ⅱ 일렉트릭 냉동탑저상,1600,900.0,2500.0,2021년도 전기자동차 아산시 모델별 보조금,2021,아산시
화물(소형),현대자동차,포터Ⅱ 일렉트릭(24MY),1600,900.0,2500.0,2021년도 전기자동차 아산시 모델별 보조금,2021,아산시
화물(소형),기아,봉고 전기차,1600,900.0,2500.0,2021년도 전기자동차 아산시 모델별 보조금,2021,아산시
화물(소형),기아,봉고Ⅲ 전기차 특장차,1600,900.0,2500.0,2021년도 전기자동차 아산시 모델별 보조금,2021,아산시
화물(소형),기아,봉고Ⅲ 전기차 파워게이트 2단 알루미늄,1600,900.0,2500.0,2021년도 전기자동차 아산시 모델별 보조금,2021,아산시
화물(소형),기아,봉고Ⅲ 전기차 내장차,1600,900.0,2500.0,2021년도 전기자동차 아산시 모델별 보조금,2021,아산시
화물(소형),기아,봉고Ⅲ 전기차 저상 내장차,1600,900.0,2500.0,2021년도 전기자동차 아산시 모델별 보조금,2021,아산시
화물(소형),기아,봉고Ⅲ 전기차 플러스 내장차,1600,900.0,2500.0,2021년도 전기자동차 아산시 모델별 보조금,2021,아산시
화물(소형),일진정공,일진무시동전기냉동탑차(149.9km),2100,900.0,3000.0,2021년도 전기자동차 아산시 모델별 보조금,2021,아산시
화물(소형),일진정공,일진무시동전기냉동탑차(186.1km),2100,900.0,3000.0,2021년도 전기자동차 아산시 모델별 보조금,2021,아산시
화물(소형),코리아에어카고에이전시,LSEV,1600,900.0,2500.0,2021년도 전기자동차 아산시 모델별 보조금,2021,아산시
화물(소형),루트17,다니고밴,1600,900.0,2500.0,2021년도 전기자동차 아산시 모델별 보조금,2021,아산시
화물(소형),케이지모빌리티커머셜,SMART T1.0,1600,900.0,2500.0,2021년도 전기자동차 아산시 모델별 보조금,2021,아산시
화물(소형),한신자동차,플러스,1600,900.0,2500.0,2021년도 전기자동차 아산시 모델별 보조금,2021,아산시
화물(소형),한신자동차,플러스2.0,1600,900.0,2500.0,2021년도 전기자동차 아산시 모델별 보조금,2021,아산시
화물(소형),비바모빌리티,(단종)비바,1600,900.0,2500.0,2021년도 전기자동차 아산시 모델별 보조금,2021,아산시
화물(소형),비바모빌리티,젤라,1600,900.0,2500.0,2021년도 전기자동차 아산시 모델별 보조금,2021,아산시
화물(초소형),스마트솔루션즈,D2C,600,335.0,935.0,2021년도 전기자동차 서산시 모델별 보조금,2021,서산시
화물(초소형),스마트솔루션즈,D2P,600,335.0,935.0,2021년도 전기자동차 서산시 모델별 보조금,2021,서산시
화물(초소형),루트17,다니고3,600,335.0,935.0,2021년도 전기자동차 서산시 모델별 보조금,2021,서산시
화물(초소형),루트17,다니고3 픽업,600,335.0,935.0,2021년도 전기자동차 서산시 모델별 보조금,2021,서산시
화물(초소형),마스타전기차,MASTA VAN,600,335.0,935.0,2021년도 전기자동차 서산시 모델별 보조금,2021,서산시
화물(초소형),마스타전기차,MASTA HIM,600,335.0,935.0,2021년도 전기자동차 서산시 모델별 보조금,2021,서산시
화물(초소형),디피코,(단종)포트로,600,335.0,935.0,2021년도 전기자동차 서산시 모델별 보조금,2021,서산시
화물(초소형),디피코,포트로-탑,600,335.0,935.0,2021년도 전기자동차 서산시 모델별 보조금,2021,서산시
화물(초소형),디피코,포트로-픽업,600,335.0,935.0,2021년도 전기자동차 서산시 모델별 보조금,2021,서산시
화물(초소형),디피코,포트로-탑S,600,335.0,935.0,2021년도 전기자동차 서산시 모델별 보조금,2021,서산시
화물(초소형),디피코,포트로-픽업S,600,335.0,935.0,2021년도 전기자동차 서산시 모델별 보조금,2021,서산시
화물(경형),파워프라자,라보ev PEACE,1100,900.0,2000.0,2021년도 전기자동차 서산시 모델별 보조금,2021,서산시
화물(소형),제인모터스,제인모터스칼마토EV1톤내장탑차,1600,900.0,2500.0,2021년도 전기자동차 서산시 모델별 보조금,2021,서산시
화물(소형),파워프라자,봉고3ev PEACE,1600,900.0,2500.0,2021년도 전기자동차 서산시 모델별 보조금,2021,서산시
화물(소형),파워프라자,봉고3ev PEACE 더블캡,1600,900.0,2500.0,2021년도 전기자동차 서산시 모델별 보조금,2021,서산시
화물(소형),현대자동차,포터Ⅱ 일렉트릭 특장차,1600,900.0,2500.0,2021년도 전기자동차 서산시 모델별 보조금,2021,서산시
화물(소형),현대자동차,포터Ⅱ 일렉트릭 파워게이트,1600,900.0,2500.0,2021년도 전기자동차 서산시 모델별 보조금,2021,서산시
화물(소형),현대자동차,포터Ⅱ 일렉트릭 내장탑차,1600,900.0,2500.0,2021년도 전기자동차 서산시 모델별 보조금,2021,서산시
화물(소형),현대자동차,포터Ⅱ 일렉트릭 내장탑저상,1600,900.0,2500.0,2021년도 전기자동차 서산시 모델별 보조금,2021,서산시
화물(소형),현대자동차,포터Ⅱ 일렉트릭 내장탑하이,1600,900.0,2500.0,2021년도 전기자동차 서산시 모델별 보조금,2021,서산시
화물(소형),현대자동차,포터Ⅱ 일렉트릭 냉동탑저상,1600,900.0,2500.0,2021년도 전기자동차 서산시 모델별 보조금,2021,서산시
화물(소형),현대자동차,포터Ⅱ 일렉트릭(24MY),1600,900.0,2500.0,2021년도 전기자동차 서산시 모델별 보조금,2021,서산시
화물(소형),기아,봉고 전기차,1600,900.0,2500.0,2021년도 전기자동차 서산시 모델별 보조금,2021,서산시
화물(소형),기아,봉고Ⅲ 전기차 특장차,1600,900.0,2500.0,2021년도 전기자동차 서산시 모델별 보조금,2021,서산시
화물(소형),기아,봉고Ⅲ 전기차 파워게이트 2단 알루미늄,1600,900.0,2500.0,2021년도 전기자동차 서산시 모델별 보조금,2021,서산시
화물(소형),기아,봉고Ⅲ 전기차 내장차,1600,900.0,2500.0,2021년도 전기자동차 서산시 모델별 보조금,2021,서산시
화물(소형),기아,봉고Ⅲ 전기차 저상 내장차,1600,900.0,2500.0,2021년도 전기자동차 서산시 모델별 보조금,2021,서산시
화물(소형),기아,봉고Ⅲ 전기차 플러스 내장차,1600,900.0,2500.0,2021년도 전기자동차 서산시 모델별 보조금,2021,서산시
화물(소형),일진정공,일진무시동전기냉동탑차(149.9km),2100,900.0,3000.0,2021년도 전기자동차 서산시 모델별 보조금,2021,서산시
화물(소형),일진정공,일진무시동전기냉동탑차(186.1km),2100,900.0,3000.0,2021년도 전기자동차 서산시 모델별 보조금,2021,서산시
화물(소형),코리아에어카고에이전시,LSEV,1600,900.0,2500.0,2021년도 전기자동차 서산시 모델별 보조금,2021,서산시
화물(소형),루트17,다니고밴,1600,900.0,2500.0,2021년도 전기자동차 서산시 모델별 보조금,2021,서산시
화물(소형),케이지모빌리티커머셜,SMART T1.0,1600,900.0,2500.0,2021년도 전기자동차 서산시 모델별 보조금,2021,서산시
화물(소형),한신자동차,플러스,1600,900.0,2500.0,2021년도 전기자동차 서산시 모델별 보조금,2021,서산시
화물(소형),한신자동차,플러스2.0,1600,900.0,2500.0,2021년도 전기자동차 서산시 모델별 보조금,2021,서산시
화물(소형),비바모빌리티,(단종)비바,1600,900.0,2500.0,2021년도 전기자동차 서산시 모델별 보조금,2021,서산시
화물(소형),비바모빌리티,젤라,1600,900.0,2500.0,2021년도 전기자동차 서산시 모델별 보조금,2021,서산시
화물(초소형),스마트솔루션즈,D2C,600,335.0,935.0,2021년도 전기자동차 논산시 모델별 보조금,2021,논산시
화물(초소형),스마트솔루션즈,D2P,600,0.0,600.0,2021년도 전기자동차 논산시 모델별 보조금,2021,논산시
화물(초소형),루트17,다니고3,600,335.0,935.0,2021년도 전기자동차 논산시 모델별 보조금,2021,논산시
화물(초소형),루트17,다니고3 픽업,600,335.0,935.0,2021년도 전기자동차 논산시 모델별 보조금,2021,논산시
화물(초소형),마스타전기차,MASTA VAN,600,335.0,935.0,2021년도 전기자동차 논산시 모델별 보조금,2021,논산시
화물(초소형),마스타전기차,MASTA HIM,600,335.0,935.0,2021년도 전기자동차 논산시 모델별 보조금,2021,논산시
화물(초소형),디피코,(단종)포트로,600,335.0,935.0,2021년도 전기자동차 논산시 모델별 보조금,2021,논산시
화물(초소형),디피코,포트로-탑,600,335.0,935.0,2021년도 전기자동차 논산시 모델별 보조금,2021,논산시
화물(초소형),디피코,포트로-픽업,600,335.0,935.0,2021년도 전기자동차 논산시 모델별 보조금,2021,논산시
화물(초소형),디피코,포트로-탑S,600,335.0,935.0,2021년도 전기자동차 논산시 모델별 보조금,2021,논산시
화물(초소형),디피코,포트로-픽업S,600,335.0,935.0,2021년도 전기자동차 논산시 모델별 보조금,2021,논산시
화물(경형),파워프라자,라보ev PEACE,1100,900.0,2000.0,2021년도 전기자동차 논산시 모델별 보조금,2021,논산시
화물(소형),제인모터스,제인모터스칼마토EV1톤내장탑차,1600,900.0,2500.0,2021년도 전기자동차 논산시 모델별 보조금,2021,논산시
화물(소형),파워프라자,봉고3ev PEACE,1600,900.0,2500.0,2021년도 전기자동차 논산시 모델별 보조금,2021,논산시
화물(소형),파워프라자,봉고3ev PEACE 더블캡,1600,900.0,2500.0,2021년도 전기자동차 논산시 모델별 보조금,2021,논산시
화물(소형),현대자동차,포터Ⅱ 일렉트릭 특장차,1600,900.0,2500.0,2021년도 전기자동차 논산시 모델별 보조금,2021,논산시
화물(소형),현대자동차,포터Ⅱ 일렉트릭 파워게이트,1600,900.0,2500.0,2021년도 전기자동차 논산시 모델별 보조금,2021,논산시
화물(소형),현대자동차,포터Ⅱ 일렉트릭 내장탑차,1600,900.0,2500.0,2021년도 전기자동차 논산시 모델별 보조금,2021,논산시
화물(소형),현대자동차,포터Ⅱ 일렉트릭 내장탑저상,1600,900.0,2500.0,2021년도 전기자동차 논산시 모델별 보조금,2021,논산시
화물(소형),현대자동차,포터Ⅱ 일렉트릭 내장탑하이,1600,900.0,2500.0,2021년도 전기자동차 논산시 모델별 보조금,2021,논산시
화물(소형),현대자동차,포터Ⅱ 일렉트릭 냉동탑저상,1600,900.0,2500.0,2021년도 전기자동차 논산시 모델별 보조금,2021,논산시
화물(소형),현대자동차,포터Ⅱ 일렉트릭(24MY),1600,900.0,2500.0,2021년도 전기자동차 논산시 모델별 보조금,2021,논산시
화물(소형),기아,봉고 전기차,1600,900.0,2500.0,2021년도 전기자동차 논산시 모델별 보조금,2021,논산시
화물(소형),기아,봉고Ⅲ 전기차 특장차,1600,900.0,2500.0,2021년도 전기자동차 논산시 모델별 보조금,2021,논산시
화물(소형),기아,봉고Ⅲ 전기차 파워게이트 2단 알루미늄,1600,900.0,2500.0,2021년도 전기자동차 논산시 모델별 보조금,2021,논산시
화물(소형),기아,봉고Ⅲ 전기차 내장차,1600,900.0,2500.0,2021년도 전기자동차 논산시 모델별 보조금,2021,논산시
화물(소형),기아,봉고Ⅲ 전기차 저상 내장차,1600,900.0,2500.0,2021년도 전기자동차 논산시 모델별 보조금,2021,논산시
화물(소형),기아,봉고Ⅲ 전기차 플러스 내장차,1600,900.0,2500.0,2021년도 전기자동차 논산시 모델별 보조금,2021,논산시
화물(소형),일진정공,일진무시동전기냉동탑차(149.9km),2100,900.0,3000.0,2021년도 전기자동차 논산시 모델별 보조금,2021,논산시
화물(소형),일진정공,일진무시동전기냉동탑차(186.1km),2100,900.0,3000.0,2021년도 전기자동차 논산시 모델별 보조금,2021,논산시
화물(소형),코리아에어카고에이전시,LSEV,1600,0.0,1600.0,2021년도 전기자동차 논산시 모델별 보조금,2021,논산시
화물(소형),루트17,다니고밴,1600,900.0,2500.0,2021년도 전기자동차 논산시 모델별 보조금,2021,논산시
화물(소형),케이지모빌리티커머셜,SMART T1.0,1600,900.0,2500.0,2021년도 전기자동차 논산시 모델별 보조금,2021,논산시
화물(소형),한신자동차,플러스,1600,900.0,2500.0,2021년도 전기자동차 논산시 모델별 보조금,2021,논산시
화물(소형),한신자동차,플러스2.0,1600,900.0,2500.0,2021년도 전기자동차 논산시 모델별 보조금,2021,논산시
화물(소형),비바모빌리티,(단종)비바,1600,900.0,2500.0,2021년도 전기자동차 논산시 모델별 보조금,2021,논산시
화물(소형),비바모빌리티,젤라,1600,900.0,2500.0,2021년도 전기자동차 논산시 모델별 보조금,2021,논산시
화물(초소형),스마트솔루션즈,D2C,600,335.0,935.0,2021년도 전기자동차 계룡시 모델별 보조금,2021,계룡시
화물(초소형),스마트솔루션즈,D2P,600,335.0,935.0,2021년도 전기자동차 계룡시 모델별 보조금,2021,계룡시
화물(초소형),루트17,다니고3,600,335.0,935.0,2021년도 전기자동차 계룡시 모델별 보조금,2021,계룡시
화물(초소형),루트17,다니고3 픽업,600,335.0,935.0,2021년도 전기자동차 계룡시 모델별 보조금,2021,계룡시
화물(초소형),마스타전기차,MASTA VAN,600,335.0,935.0,2021년도 전기자동차 계룡시 모델별 보조금,2021,계룡시
화물(초소형),마스타전기차,MASTA HIM,600,335.0,935.0,2021년도 전기자동차 계룡시 모델별 보조금,2021,계룡시
화물(초소형),디피코,(단종)포트로,600,335.0,935.0,2021년도 전기자동차 계룡시 모델별 보조금,2021,계룡시
화물(초소형),디피코,포트로-탑,600,335.0,935.0,2021년도 전기자동차 계룡시 모델별 보조금,2021,계룡시
화물(초소형),디피코,포트로-픽업,600,335.0,935.0,2021년도 전기자동차 계룡시 모델별 보조금,2021,계룡시
화물(초소형),디피코,포트로-탑S,600,335.0,935.0,2021년도 전기자동차 계룡시 모델별 보조금,2021,계룡시
화물(초소형),디피코,포트로-픽업S,600,335.0,935.0,2021년도 전기자동차 계룡시 모델별 보조금,2021,계룡시
화물(경형),파워프라자,라보ev PEACE,1100,900.0,2000.0,2021년도 전기자동차 계룡시 모델별 보조금,2021,계룡시
화물(소형),제인모터스,제인모터스칼마토EV1톤내장탑차,1600,900.0,2500.0,2021년도 전기자동차 계룡시 모델별 보조금,2021,계룡시
화물(소형),파워프라자,봉고3ev PEACE,1600,900.0,2500.0,2021년도 전기자동차 계룡시 모델별 보조금,2021,계룡시
화물(소형),파워프라자,봉고3ev PEACE 더블캡,1600,900.0,2500.0,2021년도 전기자동차 계룡시 모델별 보조금,2021,계룡시
화물(소형),현대자동차,포터Ⅱ 일렉트릭 특장차,1600,900.0,2500.0,2021년도 전기자동차 계룡시 모델별 보조금,2021,계룡시
화물(소형),현대자동차,포터Ⅱ 일렉트릭 파워게이트,1600,900.0,2500.0,2021년도 전기자동차 계룡시 모델별 보조금,2021,계룡시
화물(소형),현대자동차,포터Ⅱ 일렉트릭 내장탑차,1600,900.0,2500.0,2021년도 전기자동차 계룡시 모델별 보조금,2021,계룡시
화물(소형),현대자동차,포터Ⅱ 일렉트릭 내장탑저상,1600,900.0,2500.0,2021년도 전기자동차 계룡시 모델별 보조금,2021,계룡시
화물(소형),현대자동차,포터Ⅱ 일렉트릭 내장탑하이,1600,900.0,2500.0,2021년도 전기자동차 계룡시 모델별 보조금,2021,계룡시
화물(소형),현대자동차,포터Ⅱ 일렉트릭 냉동탑저상,1600,900.0,2500.0,2021년도 전기자동차 계룡시 모델별 보조금,2021,계룡시
화물(소형),현대자동차,포터Ⅱ 일렉트릭(24MY),1600,900.0,2500.0,2021년도 전기자동차 계룡시 모델별 보조금,2021,계룡시
화물(소형),기아,봉고 전기차,1600,900.0,2500.0,2021년도 전기자동차 계룡시 모델별 보조금,2021,계룡시
화물(소형),기아,봉고Ⅲ 전기차 특장차,1600,900.0,2500.0,2021년도 전기자동차 계룡시 모델별 보조금,2021,계룡시
화물(소형),기아,봉고Ⅲ 전기차 파워게이트 2단 알루미늄,1600,900.0,2500.0,2021년도 전기자동차 계룡시 모델별 보조금,2021,계룡시
화물(소형),기아,봉고Ⅲ 전기차 내장차,1600,900.0,2500.0,2021년도 전기자동차 계룡시 모델별 보조금,2021,계룡시
화물(소형),기아,봉고Ⅲ 전기차 저상 내장차,1600,900.0,2500.0,2021년도 전기자동차 계룡시 모델별 보조금,2021,계룡시
화물(소형),기아,봉고Ⅲ 전기차 플러스 내장차,1600,900.0,2500.0,2021년도 전기자동차 계룡시 모델별 보조금,2021,계룡시
화물(소형),일진정공,일진무시동전기냉동탑차(149.9km),2100,900.0,3000.0,2021년도 전기자동차 계룡시 모델별 보조금,2021,계룡시
화물(소형),일진정공,일진무시동전기냉동탑차(186.1km),2100,900.0,3000.0,2021년도 전기자동차 계룡시 모델별 보조금,2021,계룡시
화물(소형),코리아에어카고에이전시,LSEV,1600,900.0,2500.0,2021년도 전기자동차 계룡시 모델별 보조금,2021,계룡시
화물(소형),루트17,다니고밴,1600,900.0,2500.0,2021년도 전기자동차 계룡시 모델별 보조금,2021,계룡시
화물(소형),케이지모빌리티커머셜,SMART T1.0,1600,900.0,2500.0,2021년도 전기자동차 계룡시 모델별 보조금,2021,계룡시
화물(소형),한신자동차,플러스,1600,900.0,2500.0,2021년도 전기자동차 계룡시 모델별 보조금,2021,계룡시
화물(소형),한신자동차,플러스2.0,1600,900.0,2500.0,2021년도 전기자동차 계룡시 모델별 보조금,2021,계룡시
화물(소형),비바모빌리티,(단종)비바,1600,900.0,2500.0,2021년도 전기자동차 계룡시 모델별 보조금,2021,계룡시
화물(소형),비바모빌리티,젤라,1600,900.0,2500.0,2021년도 전기자동차 계룡시 모델별 보조금,2021,계룡시
화물(초소형),스마트솔루션즈,D2C,600,335.0,935.0,2021년도 전기자동차 당진시 모델별 보조금,2021,당진시
화물(초소형),스마트솔루션즈,D2P,600,335.0,935.0,2021년도 전기자동차 당진시 모델별 보조금,2021,당진시
화물(초소형),루트17,다니고3,600,335.0,935.0,2021년도 전기자동차 당진시 모델별 보조금,2021,당진시
화물(초소형),루트17,다니고3 픽업,600,335.0,935.0,2021년도 전기자동차 당진시 모델별 보조금,2021,당진시
화물(초소형),마스타전기차,MASTA VAN,600,335.0,935.0,2021년도 전기자동차 당진시 모델별 보조금,2021,당진시
화물(초소형),마스타전기차,MASTA HIM,600,335.0,935.0,2021년도 전기자동차 당진시 모델별 보조금,2021,당진시
화물(초소형),디피코,(단종)포트로,600,335.0,935.0,2021년도 전기자동차 당진시 모델별 보조금,2021,당진시
화물(초소형),디피코,포트로-탑,600,335.0,935.0,2021년도 전기자동차 당진시 모델별 보조금,2021,당진시
화물(초소형),디피코,포트로-픽업,600,335.0,935.0,2021년도 전기자동차 당진시 모델별 보조금,2021,당진시
화물(초소형),디피코,포트로-탑S,600,335.0,935.0,2021년도 전기자동차 당진시 모델별 보조금,2021,당진시
화물(초소형),디피코,포트로-픽업S,600,335.0,935.0,2021년도 전기자동차 당진시 모델별 보조금,2021,당진시
화물(경형),파워프라자,라보ev PEACE,1100,900.0,2000.0,2021년도 전기자동차 당진시 모델별 보조금,2021,당진시
화물(소형),제인모터스,제인모터스칼마토EV1톤내장탑차,1600,900.0,2500.0,2021년도 전기자동차 당진시 모델별 보조금,2021,당진시
화물(소형),파워프라자,봉고3ev PEACE,1600,900.0,2500.0,2021년도 전기자동차 당진시 모델별 보조금,2021,당진시
화물(소형),파워프라자,봉고3ev PEACE 더블캡,1600,900.0,2500.0,2021년도 전기자동차 당진시 모델별 보조금,2021,당진시
화물(소형),현대자동차,포터Ⅱ 일렉트릭 특장차,1600,900.0,2500.0,2021년도 전기자동차 당진시 모델별 보조금,2021,당진시
화물(소형),현대자동차,포터Ⅱ 일렉트릭 파워게이트,1600,900.0,2500.0,2021년도 전기자동차 당진시 모델별 보조금,2021,당진시
화물(소형),현대자동차,포터Ⅱ 일렉트릭 내장탑차,1600,900.0,2500.0,2021년도 전기자동차 당진시 모델별 보조금,2021,당진시
화물(소형),현대자동차,포터Ⅱ 일렉트릭 내장탑저상,1600,900.0,2500.0,2021년도 전기자동차 당진시 모델별 보조금,2021,당진시
화물(소형),현대자동차,포터Ⅱ 일렉트릭 내장탑하이,1600,900.0,2500.0,2021년도 전기자동차 당진시 모델별 보조금,2021,당진시
화물(소형),현대자동차,포터Ⅱ 일렉트릭 냉동탑저상,1600,900.0,2500.0,2021년도 전기자동차 당진시 모델별 보조금,2021,당진시
화물(소형),현대자동차,포터Ⅱ 일렉트릭(24MY),1600,900.0,2500.0,2021년도 전기자동차 당진시 모델별 보조금,2021,당진시
화물(소형),기아,봉고 전기차,1600,900.0,2500.0,2021년도 전기자동차 당진시 모델별 보조금,2021,당진시
화물(소형),기아,봉고Ⅲ 전기차 특장차,1600,900.0,2500.0,2021년도 전기자동차 당진시 모델별 보조금,2021,당진시
화물(소형),기아,봉고Ⅲ 전기차 파워게이트 2단 알루미늄,1600,900.0,2500.0,2021년도 전기자동차 당진시 모델별 보조금,2021,당진시
화물(소형),기아,봉고Ⅲ 전기차 내장차,1600,900.0,2500.0,2021년도 전기자동차 당진시 모델별 보조금,2021,당진시
화물(소형),기아,봉고Ⅲ 전기차 저상 내장차,1600,900.0,2500.0,2021년도 전기자동차 당진시 모델별 보조금,2021,당진시
화물(소형),기아,봉고Ⅲ 전기차 플러스 내장차,1600,900.0,2500.0,2021년도 전기자동차 당진시 모델별 보조금,2021,당진시
화물(소형),일진정공,일진무시동전기냉동탑차(149.9km),2100,900.0,3000.0,2021년도 전기자동차 당진시 모델별 보조금,2021,당진시
화물(소형),일진정공,일진무시동전기냉동탑차(186.1km),2100,900.0,3000.0,2021년도 전기자동차 당진시 모델별 보조금,2021,당진시
화물(소형),코리아에어카고에이전시,LSEV,1600,900.0,2500.0,2021년도 전기자동차 당진시 모델별 보조금,2021,당진시
화물(소형),루트17,다니고밴,1600,900.0,2500.0,2021년도 전기자동차 당진시 모델별 보조금,2021,당진시
화물(소형),케이지모빌리티커머셜,SMART T1.0,1600,900.0,2500.0,2021년도 전기자동차 당진시 모델별 보조금,2021,당진시
화물(소형),한신자동차,플러스,1600,900.0,2500.0,2021년도 전기자동차 당진시 모델별 보조금,2021,당진시
화물(소형),한신자동차,플러스2.0,1600,900.0,2500.0,2021년도 전기자동차 당진시 모델별 보조금,2021,당진시
화물(소형),비바모빌리티,(단종)비바,1600,900.0,2500.0,2021년도 전기자동차 당진시 모델별 보조금,2021,당진시
화물(소형),비바모빌리티,젤라,1600,900.0,2500.0,2021년도 전기자동차 당진시 모델별 보조금,2021,당진시
화물(초소형),스마트솔루션즈,D2C,600,335.0,935.0,2021년도 전기자동차 금산군 모델별 보조금,2021,금산군
화물(초소형),스마트솔루션즈,D2P,600,335.0,935.0,2021년도 전기자동차 금산군 모델별 보조금,2021,금산군
화물(초소형),루트17,다니고3,600,335.0,935.0,2021년도 전기자동차 금산군 모델별 보조금,2021,금산군
화물(초소형),루트17,다니고3 픽업,600,335.0,935.0,2021년도 전기자동차 금산군 모델별 보조금,2021,금산군
화물(초소형),마스타전기차,MASTA VAN,600,335.0,935.0,2021년도 전기자동차 금산군 모델별 보조금,2021,금산군
화물(초소형),마스타전기차,MASTA HIM,600,335.0,935.0,2021년도 전기자동차 금산군 모델별 보조금,2021,금산군
화물(초소형),디피코,(단종)포트로,600,335.0,935.0,2021년도 전기자동차 금산군 모델별 보조금,2021,금산군
화물(초소형),디피코,포트로-탑,600,335.0,935.0,2021년도 전기자동차 금산군 모델별 보조금,2021,금산군
화물(초소형),디피코,포트로-픽업,600,335.0,935.0,2021년도 전기자동차 금산군 모델별 보조금,2021,금산군
화물(초소형),디피코,포트로-탑S,600,335.0,935.0,2021년도 전기자동차 금산군 모델별 보조금,2021,금산군
화물(초소형),디피코,포트로-픽업S,600,335.0,935.0,2021년도 전기자동차 금산군 모델별 보조금,2021,금산군
화물(경형),파워프라자,라보ev PEACE,1100,900.0,2000.0,2021년도 전기자동차 금산군 모델별 보조금,2021,금산군
화물(소형),제인모터스,제인모터스칼마토EV1톤내장탑차,1600,900.0,2500.0,2021년도 전기자동차 금산군 모델별 보조금,2021,금산군
화물(소형),파워프라자,봉고3ev PEACE,1600,900.0,2500.0,2021년도 전기자동차 금산군 모델별 보조금,2021,금산군
화물(소형),파워프라자,봉고3ev PEACE 더블캡,1600,900.0,2500.0,2021년도 전기자동차 금산군 모델별 보조금,2021,금산군
화물(소형),현대자동차,포터Ⅱ 일렉트릭 특장차,1600,900.0,2500.0,2021년도 전기자동차 금산군 모델별 보조금,2021,금산군
화물(소형),현대자동차,포터Ⅱ 일렉트릭 파워게이트,1600,900.0,2500.0,2021년도 전기자동차 금산군 모델별 보조금,2021,금산군
화물(소형),현대자동차,포터Ⅱ 일렉트릭 내장탑차,1600,900.0,2500.0,2021년도 전기자동차 금산군 모델별 보조금,2021,금산군
화물(소형),현대자동차,포터Ⅱ 일렉트릭 내장탑저상,1600,900.0,2500.0,2021년도 전기자동차 금산군 모델별 보조금,2021,금산군
화물(소형),현대자동차,포터Ⅱ 일렉트릭 내장탑하이,1600,900.0,2500.0,2021년도 전기자동차 금산군 모델별 보조금,2021,금산군
화물(소형),현대자동차,포터Ⅱ 일렉트릭 냉동탑저상,1600,900.0,2500.0,2021년도 전기자동차 금산군 모델별 보조금,2021,금산군
화물(소형),현대자동차,포터Ⅱ 일렉트릭(24MY),1600,900.0,2500.0,2021년도 전기자동차 금산군 모델별 보조금,2021,금산군
화물(소형),기아,봉고 전기차,1600,900.0,2500.0,2021년도 전기자동차 금산군 모델별 보조금,2021,금산군
화물(소형),기아,봉고Ⅲ 전기차 특장차,1600,900.0,2500.0,2021년도 전기자동차 금산군 모델별 보조금,2021,금산군
화물(소형),기아,봉고Ⅲ 전기차 파워게이트 2단 알루미늄,1600,900.0,2500.0,2021년도 전기자동차 금산군 모델별 보조금,2021,금산군
화물(소형),기아,봉고Ⅲ 전기차 내장차,1600,900.0,2500.0,2021년도 전기자동차 금산군 모델별 보조금,2021,금산군
화물(소형),기아,봉고Ⅲ 전기차 저상 내장차,1600,900.0,2500.0,2021년도 전기자동차 금산군 모델별 보조금,2021,금산군
화물(소형),기아,봉고Ⅲ 전기차 플러스 내장차,1600,900.0,2500.0,2021년도 전기자동차 금산군 모델별 보조금,2021,금산군
화물(소형),일진정공,일진무시동전기냉동탑차(149.9km),2100,900.0,3000.0,2021년도 전기자동차 금산군 모델별 보조금,2021,금산군
화물(소형),일진정공,일진무시동전기냉동탑차(186.1km),2100,900.0,3000.0,2021년도 전기자동차 금산군 모델별 보조금,2021,금산군
화물(소형),코리아에어카고에이전시,LSEV,1600,900.0,2500.0,2021년도 전기자동차 금산군 모델별 보조금,2021,금산군
화물(소형),루트17,다니고밴,1600,900.0,2500.0,2021년도 전기자동차 금산군 모델별 보조금,2021,금산군
화물(소형),케이지모빌리티커머셜,SMART T1.0,1600,900.0,2500.0,2021년도 전기자동차 금산군 모델별 보조금,2021,금산군
화물(소형),한신자동차,플러스,1600,900.0,2500.0,2021년도 전기자동차 금산군 모델별 보조금,2021,금산군
화물(소형),한신자동차,플러스2.0,1600,900.0,2500.0,2021년도 전기자동차 금산군 모델별 보조금,2021,금산군
화물(소형),비바모빌리티,(단종)비바,1600,900.0,2500.0,2021년도 전기자동차 금산군 모델별 보조금,2021,금산군
화물(소형),비바모빌리티,젤라,1600,900.0,2500.0,2021년도 전기자동차 금산군 모델별 보조금,2021,금산군
화물(초소형),스마트솔루션즈,D2C,600,335.0,935.0,2021년도 전기자동차 부여군 모델별 보조금,2021,부여군
화물(초소형),스마트솔루션즈,D2P,600,335.0,935.0,2021년도 전기자동차 부여군 모델별 보조금,2021,부여군
화물(초소형),루트17,다니고3,600,335.0,935.0,2021년도 전기자동차 부여군 모델별 보조금,2021,부여군
화물(초소형),루트17,다니고3 픽업,600,335.0,935.0,2021년도 전기자동차 부여군 모델별 보조금,2021,부여군
화물(초소형),마스타전기차,MASTA VAN,600,335.0,935.0,2021년도 전기자동차 부여군 모델별 보조금,2021,부여군
화물(초소형),마스타전기차,MASTA HIM,600,335.0,935.0,2021년도 전기자동차 부여군 모델별 보조금,2021,부여군
화물(초소형),디피코,(단종)포트로,600,335.0,935.0,2021년도 전기자동차 부여군 모델별 보조금,2021,부여군
화물(초소형),디피코,포트로-탑,600,335.0,935.0,2021년도 전기자동차 부여군 모델별 보조금,2021,부여군
화물(초소형),디피코,포트로-픽업,600,335.0,935.0,2021년도 전기자동차 부여군 모델별 보조금,2021,부여군
화물(초소형),디피코,포트로-탑S,600,335.0,935.0,2021년도 전기자동차 부여군 모델별 보조금,2021,부여군
화물(초소형),디피코,포트로-픽업S,600,335.0,935.0,2021년도 전기자동차 부여군 모델별 보조금,2021,부여군
화물(경형),파워프라자,라보ev PEACE,1100,900.0,2000.0,2021년도 전기자동차 부여군 모델별 보조금,2021,부여군
화물(소형),제인모터스,제인모터스칼마토EV1톤내장탑차,1600,900.0,2500.0,2021년도 전기자동차 부여군 모델별 보조금,2021,부여군
화물(소형),파워프라자,봉고3ev PEACE,1600,900.0,2500.0,2021년도 전기자동차 부여군 모델별 보조금,2021,부여군
화물(소형),파워프라자,봉고3ev PEACE 더블캡,1600,900.0,2500.0,2021년도 전기자동차 부여군 모델별 보조금,2021,부여군
화물(소형),현대자동차,포터Ⅱ 일렉트릭 특장차,1600,900.0,2500.0,2021년도 전기자동차 부여군 모델별 보조금,2021,부여군
화물(소형),현대자동차,포터Ⅱ 일렉트릭 파워게이트,1600,900.0,2500.0,2021년도 전기자동차 부여군 모델별 보조금,2021,부여군
화물(소형),현대자동차,포터Ⅱ 일렉트릭 내장탑차,1600,900.0,2500.0,2021년도 전기자동차 부여군 모델별 보조금,2021,부여군
화물(소형),현대자동차,포터Ⅱ 일렉트릭 내장탑저상,1600,900.0,2500.0,2021년도 전기자동차 부여군 모델별 보조금,2021,부여군
화물(소형),현대자동차,포터Ⅱ 일렉트릭 내장탑하이,1600,900.0,2500.0,2021년도 전기자동차 부여군 모델별 보조금,2021,부여군
화물(소형),현대자동차,포터Ⅱ 일렉트릭 냉동탑저상,1600,900.0,2500.0,2021년도 전기자동차 부여군 모델별 보조금,2021,부여군
화물(소형),현대자동차,포터Ⅱ 일렉트릭(24MY),1600,900.0,2500.0,2021년도 전기자동차 부여군 모델별 보조금,2021,부여군
화물(소형),기아,봉고 전기차,1600,900.0,2500.0,2021년도 전기자동차 부여군 모델별 보조금,2021,부여군
화물(소형),기아,봉고Ⅲ 전기차 특장차,1600,900.0,2500.0,2021년도 전기자동차 부여군 모델별 보조금,2021,부여군
화물(소형),기아,봉고Ⅲ 전기차 파워게이트 2단 알루미늄,1600,900.0,2500.0,2021년도 전기자동차 부여군 모델별 보조금,2021,부여군
화물(소형),기아,봉고Ⅲ 전기차 내장차,1600,900.0,2500.0,2021년도 전기자동차 부여군 모델별 보조금,2021,부여군
화물(소형),기아,봉고Ⅲ 전기차 저상 내장차,1600,900.0,2500.0,2021년도 전기자동차 부여군 모델별 보조금,2021,부여군
화물(소형),기아,봉고Ⅲ 전기차 플러스 내장차,1600,900.0,2500.0,2021년도 전기자동차 부여군 모델별 보조금,2021,부여군
화물(소형),일진정공,일진무시동전기냉동탑차(149.9km),2100,900.0,3000.0,2021년도 전기자동차 부여군 모델별 보조금,2021,부여군
화물(소형),일진정공,일진무시동전기냉동탑차(186.1km),2100,900.0,3000.0,2021년도 전기자동차 부여군 모델별 보조금,2021,부여군
화물(소형),코리아에어카고에이전시,LSEV,1600,900.0,2500.0,2021년도 전기자동차 부여군 모델별 보조금,2021,부여군
화물(소형),루트17,다니고밴,1600,900.0,2500.0,2021년도 전기자동차 부여군 모델별 보조금,2021,부여군
화물(소형),케이지모빌리티커머셜,SMART T1.0,1600,900.0,2500.0,2021년도 전기자동차 부여군 모델별 보조금,2021,부여군
화물(소형),한신자동차,플러스,1600,900.0,2500.0,2021년도 전기자동차 부여군 모델별 보조금,2021,부여군
화물(소형),한신자동차,플러스2.0,1600,900.0,2500.0,2021년도 전기자동차 부여군 모델별 보조금,2021,부여군
화물(소형),비바모빌리티,(단종)비바,1600,900.0,2500.0,2021년도 전기자동차 부여군 모델별 보조금,2021,부여군
화물(소형),비바모빌리티,젤라,1600,900.0,2500.0,2021년도 전기자동차 부여군 모델별 보조금,2021,부여군
화물(초소형),스마트솔루션즈,D2C,600,335.0,935.0,2021년도 전기자동차 서천군 모델별 보조금,2021,서천군
화물(초소형),스마트솔루션즈,D2P,600,335.0,935.0,2021년도 전기자동차 서천군 모델별 보조금,2021,서천군
화물(초소형),루트17,다니고3,600,335.0,935.0,2021년도 전기자동차 서천군 모델별 보조금,2021,서천군
화물(초소형),루트17,다니고3 픽업,600,335.0,935.0,2021년도 전기자동차 서천군 모델별 보조금,2021,서천군
화물(초소형),마스타전기차,MASTA VAN,600,335.0,935.0,2021년도 전기자동차 서천군 모델별 보조금,2021,서천군
화물(초소형),마스타전기차,MASTA HIM,600,335.0,935.0,2021년도 전기자동차 서천군 모델별 보조금,2021,서천군
화물(초소형),디피코,(단종)포트로,600,335.0,935.0,2021년도 전기자동차 서천군 모델별 보조금,2021,서천군
화물(초소형),디피코,포트로-탑,600,335.0,935.0,2021년도 전기자동차 서천군 모델별 보조금,2021,서천군
화물(초소형),디피코,포트로-픽업,600,335.0,935.0,2021년도 전기자동차 서천군 모델별 보조금,2021,서천군
화물(초소형),디피코,포트로-탑S,600,335.0,935.0,2021년도 전기자동차 서천군 모델별 보조금,2021,서천군
화물(초소형),디피코,포트로-픽업S,600,335.0,935.0,2021년도 전기자동차 서천군 모델별 보조금,2021,서천군
화물(경형),파워프라자,라보ev PEACE,1100,900.0,2000.0,2021년도 전기자동차 서천군 모델별 보조금,2021,서천군
화물(소형),제인모터스,제인모터스칼마토EV1톤내장탑차,1600,900.0,2500.0,2021년도 전기자동차 서천군 모델별 보조금,2021,서천군
화물(소형),파워프라자,봉고3ev PEACE,1600,900.0,2500.0,2021년도 전기자동차 서천군 모델별 보조금,2021,서천군
화물(소형),파워프라자,봉고3ev PEACE 더블캡,1600,900.0,2500.0,2021년도 전기자동차 서천군 모델별 보조금,2021,서천군
화물(소형),현대자동차,포터Ⅱ 일렉트릭 특장차,1600,900.0,2500.0,2021년도 전기자동차 서천군 모델별 보조금,2021,서천군
화물(소형),현대자동차,포터Ⅱ 일렉트릭 파워게이트,1600,900.0,2500.0,2021년도 전기자동차 서천군 모델별 보조금,2021,서천군
화물(소형),현대자동차,포터Ⅱ 일렉트릭 내장탑차,1600,900.0,2500.0,2021년도 전기자동차 서천군 모델별 보조금,2021,서천군
화물(소형),현대자동차,포터Ⅱ 일렉트릭 내장탑저상,1600,900.0,2500.0,2021년도 전기자동차 서천군 모델별 보조금,2021,서천군
화물(소형),현대자동차,포터Ⅱ 일렉트릭 내장탑하이,1600,900.0,2500.0,2021년도 전기자동차 서천군 모델별 보조금,2021,서천군
화물(소형),현대자동차,포터Ⅱ 일렉트릭 냉동탑저상,1600,900.0,2500.0,2021년도 전기자동차 서천군 모델별 보조금,2021,서천군
화물(소형),현대자동차,포터Ⅱ 일렉트릭(24MY),1600,900.0,2500.0,2021년도 전기자동차 서천군 모델별 보조금,2021,서천군
화물(소형),기아,봉고 전기차,1600,900.0,2500.0,2021년도 전기자동차 서천군 모델별 보조금,2021,서천군
화물(소형),기아,봉고Ⅲ 전기차 특장차,1600,900.0,2500.0,2021년도 전기자동차 서천군 모델별 보조금,2021,서천군
화물(소형),기아,봉고Ⅲ 전기차 파워게이트 2단 알루미늄,1600,900.0,2500.0,2021년도 전기자동차 서천군 모델별 보조금,2021,서천군
화물(소형),기아,봉고Ⅲ 전기차 내장차,1600,900.0,2500.0,2021년도 전기자동차 서천군 모델별 보조금,2021,서천군
화물(소형),기아,봉고Ⅲ 전기차 저상 내장차,1600,900.0,2500.0,2021년도 전기자동차 서천군 모델별 보조금,2021,서천군
화물(소형),기아,봉고Ⅲ 전기차 플러스 내장차,1600,900.0,2500.0,2021년도 전기자동차 서천군 모델별 보조금,2021,서천군
화물(소형),일진정공,일진무시동전기냉동탑차(149.9km),2100,900.0,3000.0,2021년도 전기자동차 서천군 모델별 보조금,2021,서천군
화물(소형),일진정공,일진무시동전기냉동탑차(186.1km),2100,900.0,3000.0,2021년도 전기자동차 서천군 모델별 보조금,2021,서천군
화물(소형),코리아에어카고에이전시,LSEV,1600,900.0,2500.0,2021년도 전기자동차 서천군 모델별 보조금,2021,서천군
화물(소형),루트17,다니고밴,1600,900.0,2500.0,2021년도 전기자동차 서천군 모델별 보조금,2021,서천군
화물(소형),케이지모빌리티커머셜,SMART T1.0,1600,900.0,2500.0,2021년도 전기자동차 서천군 모델별 보조금,2021,서천군
화물(소형),한신자동차,플러스,1600,900.0,2500.0,2021년도 전기자동차 서천군 모델별 보조금,2021,서천군
화물(소형),한신자동차,플러스2.0,1600,900.0,2500.0,2021년도 전기자동차 서천군 모델별 보조금,2021,서천군
화물(소형),비바모빌리티,(단종)비바,1600,900.0,2500.0,2021년도 전기자동차 서천군 모델별 보조금,2021,서천군
화물(소형),비바모빌리티,젤라,1600,900.0,2500.0,2021년도 전기자동차 서천군 모델별 보조금,2021,서천군
화물(초소형),스마트솔루션즈,D2C,600,337.5,937.5,2021년도 전기자동차 청양군 모델별 보조금,2021,청양군
화물(초소형),스마트솔루션즈,D2P,600,337.5,937.5,2021년도 전기자동차 청양군 모델별 보조금,2021,청양군
화물(초소형),루트17,다니고3,600,337.5,937.5,2021년도 전기자동차 청양군 모델별 보조금,2021,청양군
화물(초소형),루트17,다니고3 픽업,600,337.5,937.5,2021년도 전기자동차 청양군 모델별 보조금,2021,청양군
화물(초소형),마스타전기차,MASTA VAN,600,337.5,937.5,2021년도 전기자동차 청양군 모델별 보조금,2021,청양군
화물(초소형),마스타전기차,MASTA HIM,600,337.5,937.5,2021년도 전기자동차 청양군 모델별 보조금,2021,청양군
화물(초소형),디피코,(단종)포트로,600,337.5,937.5,2021년도 전기자동차 청양군 모델별 보조금,2021,청양군
화물(초소형),디피코,포트로-탑,600,337.5,937.5,2021년도 전기자동차 청양군 모델별 보조금,2021,청양군
화물(초소형),디피코,포트로-픽업,600,337.5,937.5,2021년도 전기자동차 청양군 모델별 보조금,2021,청양군
화물(초소형),디피코,포트로-탑S,600,337.5,937.5,2021년도 전기자동차 청양군 모델별 보조금,2021,청양군
화물(초소형),디피코,포트로-픽업S,600,337.5,937.5,2021년도 전기자동차 청양군 모델별 보조금,2021,청양군
화물(경형),파워프라자,라보ev PEACE,1100,618.75,1718.75,2021년도 전기자동차 청양군 모델별 보조금,2021,청양군
화물(소형),제인모터스,제인모터스칼마토EV1톤내장탑차,1600,900.0,2500.0,2021년도 전기자동차 청양군 모델별 보조금,2021,청양군
화물(소형),파워프라자,봉고3ev PEACE,1600,900.0,2500.0,2021년도 전기자동차 청양군 모델별 보조금,2021,청양군
화물(소형),파워프라자,봉고3ev PEACE 더블캡,1600,900.0,2500.0,2021년도 전기자동차 청양군 모델별 보조금,2021,청양군
화물(소형),현대자동차,포터Ⅱ 일렉트릭 특장차,1600,900.0,2500.0,2021년도 전기자동차 청양군 모델별 보조금,2021,청양군
화물(소형),현대자동차,포터Ⅱ 일렉트릭 파워게이트,1600,900.0,2500.0,2021년도 전기자동차 청양군 모델별 보조금,2021,청양군
화물(소형),현대자동차,포터Ⅱ 일렉트릭 내장탑차,1600,900.0,2500.0,2021년도 전기자동차 청양군 모델별 보조금,2021,청양군
화물(소형),현대자동차,포터Ⅱ 일렉트릭 내장탑저상,1600,900.0,2500.0,2021년도 전기자동차 청양군 모델별 보조금,2021,청양군
화물(소형),현대자동차,포터Ⅱ 일렉트릭 내장탑하이,1600,900.0,2500.0,2021년도 전기자동차 청양군 모델별 보조금,2021,청양군
화물(소형),현대자동차,포터Ⅱ 일렉트릭 냉동탑저상,1600,900.0,2500.0,2021년도 전기자동차 청양군 모델별 보조금,2021,청양군
화물(소형),현대자동차,포터Ⅱ 일렉트릭(24MY),1600,900.0,2500.0,2021년도 전기자동차 청양군 모델별 보조금,2021,청양군
화물(소형),기아,봉고 전기차,1600,900.0,2500.0,2021년도 전기자동차 청양군 모델별 보조금,2021,청양군
화물(소형),기아,봉고Ⅲ 전기차 특장차,1600,900.0,2500.0,2021년도 전기자동차 청양군 모델별 보조금,2021,청양군
화물(소형),기아,봉고Ⅲ 전기차 파워게이트 2단 알루미늄,1600,900.0,2500.0,2021년도 전기자동차 청양군 모델별 보조금,2021,청양군
화물(소형),기아,봉고Ⅲ 전기차 내장차,1600,900.0,2500.0,2021년도 전기자동차 청양군 모델별 보조금,2021,청양군
화물(소형),기아,봉고Ⅲ 전기차 저상 내장차,1600,900.0,2500.0,2021년도 전기자동차 청양군 모델별 보조금,2021,청양군
화물(소형),기아,봉고Ⅲ 전기차 플러스 내장차,1600,900.0,2500.0,2021년도 전기자동차 청양군 모델별 보조금,2021,청양군
화물(소형),일진정공,일진무시동전기냉동탑차(149.9km),2100,1181.25,3281.25,2021년도 전기자동차 청양군 모델별 보조금,2021,청양군
화물(소형),일진정공,일진무시동전기냉동탑차(186.1km),2100,1181.25,3281.25,2021년도 전기자동차 청양군 모델별 보조금,2021,청양군
화물(소형),코리아에어카고에이전시,LSEV,1600,900.0,2500.0,2021년도 전기자동차 청양군 모델별 보조금,2021,청양군
화물(소형),루트17,다니고밴,1600,900.0,2500.0,2021년도 전기자동차 청양군 모델별 보조금,2021,청양군
화물(소형),케이지모빌리티커머셜,SMART T1.0,1600,900.0,2500.0,2021년도 전기자동차 청양군 모델별 보조금,2021,청양군
화물(소형),한신자동차,플러스,1600,900.0,2500.0,2021년도 전기자동차 청양군 모델별 보조금,2021,청양군
화물(소형),한신자동차,플러스2.0,1600,900.0,2500.0,2021년도 전기자동차 청양군 모델별 보조금,2021,청양군
화물(소형),비바모빌리티,(단종)비바,1600,900.0,2500.0,2021년도 전기자동차 청양군 모델별 보조금,2021,청양군
화물(소형),비바모빌리티,젤라,1600,900.0,2500.0,2021년도 전기자동차 청양군 모델별 보조금,2021,청양군
화물(초소형),스마트솔루션즈,D2C,600,335.0,935.0,2021년도 전기자동차 홍성군 모델별 보조금,2021,홍성군
화물(초소형),스마트솔루션즈,D2P,600,335.0,935.0,2021년도 전기자동차 홍성군 모델별 보조금,2021,홍성군
화물(초소형),루트17,다니고3,600,335.0,935.0,2021년도 전기자동차 홍성군 모델별 보조금,2021,홍성군
화물(초소형),루트17,다니고3 픽업,600,335.0,935.0,2021년도 전기자동차 홍성군 모델별 보조금,2021,홍성군
화물(초소형),마스타전기차,MASTA VAN,600,335.0,935.0,2021년도 전기자동차 홍성군 모델별 보조금,2021,홍성군
화물(초소형),마스타전기차,MASTA HIM,600,335.0,935.0,2021년도 전기자동차 홍성군 모델별 보조금,2021,홍성군
화물(초소형),디피코,(단종)포트로,600,335.0,935.0,2021년도 전기자동차 홍성군 모델별 보조금,2021,홍성군
화물(초소형),디피코,포트로-탑,600,335.0,935.0,2021년도 전기자동차 홍성군 모델별 보조금,2021,홍성군
화물(초소형),디피코,포트로-픽업,600,335.0,935.0,2021년도 전기자동차 홍성군 모델별 보조금,2021,홍성군
화물(초소형),디피코,포트로-탑S,600,335.0,935.0,2021년도 전기자동차 홍성군 모델별 보조금,2021,홍성군
화물(초소형),디피코,포트로-픽업S,600,335.0,935.0,2021년도 전기자동차 홍성군 모델별 보조금,2021,홍성군
화물(경형),파워프라자,라보ev PEACE,1100,900.0,2000.0,2021년도 전기자동차 홍성군 모델별 보조금,2021,홍성군
화물(소형),제인모터스,제인모터스칼마토EV1톤내장탑차,1600,900.0,2500.0,2021년도 전기자동차 홍성군 모델별 보조금,2021,홍성군
화물(소형),파워프라자,봉고3ev PEACE,1600,900.0,2500.0,2021년도 전기자동차 홍성군 모델별 보조금,2021,홍성군
화물(소형),파워프라자,봉고3ev PEACE 더블캡,1600,900.0,2500.0,2021년도 전기자동차 홍성군 모델별 보조금,2021,홍성군
화물(소형),현대자동차,포터Ⅱ 일렉트릭 특장차,1600,900.0,2500.0,2021년도 전기자동차 홍성군 모델별 보조금,2021,홍성군
화물(소형),현대자동차,포터Ⅱ 일렉트릭 파워게이트,1600,900.0,2500.0,2021년도 전기자동차 홍성군 모델별 보조금,2021,홍성군
화물(소형),현대자동차,포터Ⅱ 일렉트릭 내장탑차,1600,900.0,2500.0,2021년도 전기자동차 홍성군 모델별 보조금,2021,홍성군
화물(소형),현대자동차,포터Ⅱ 일렉트릭 내장탑저상,1600,900.0,2500.0,2021년도 전기자동차 홍성군 모델별 보조금,2021,홍성군
화물(소형),현대자동차,포터Ⅱ 일렉트릭 내장탑하이,1600,900.0,2500.0,2021년도 전기자동차 홍성군 모델별 보조금,2021,홍성군
화물(소형),현대자동차,포터Ⅱ 일렉트릭 냉동탑저상,1600,900.0,2500.0,2021년도 전기자동차 홍성군 모델별 보조금,2021,홍성군
화물(소형),현대자동차,포터Ⅱ 일렉트릭(24MY),1600,900.0,2500.0,2021년도 전기자동차 홍성군 모델별 보조금,2021,홍성군
화물(소형),기아,봉고 전기차,1600,900.0,2500.0,2021년도 전기자동차 홍성군 모델별 보조금,2021,홍성군
화물(소형),기아,봉고Ⅲ 전기차 특장차,1600,900.0,2500.0,2021년도 전기자동차 홍성군 모델별 보조금,2021,홍성군
화물(소형),기아,봉고Ⅲ 전기차 파워게이트 2단 알루미늄,1600,900.0,2500.0,2021년도 전기자동차 홍성군 모델별 보조금,2021,홍성군
화물(소형),기아,봉고Ⅲ 전기차 내장차,1600,900.0,2500.0,2021년도 전기자동차 홍성군 모델별 보조금,2021,홍성군
화물(소형),기아,봉고Ⅲ 전기차 저상 내장차,1600,900.0,2500.0,2021년도 전기자동차 홍성군 모델별 보조금,2021,홍성군
화물(소형),기아,봉고Ⅲ 전기차 플러스 내장차,1600,900.0,2500.0,2021년도 전기자동차 홍성군 모델별 보조금,2021,홍성군
화물(소형),일진정공,일진무시동전기냉동탑차(149.9km),2100,900.0,3000.0,2021년도 전기자동차 홍성군 모델별 보조금,2021,홍성군
화물(소형),일진정공,일진무시동전기냉동탑차(186.1km),2100,900.0,3000.0,2021년도 전기자동차 홍성군 모델별 보조금,2021,홍성군
화물(소형),코리아에어카고에이전시,LSEV,1600,900.0,2500.0,2021년도 전기자동차 홍성군 모델별 보조금,2021,홍성군
화물(소형),루트17,다니고밴,1600,900.0,2500.0,2021년도 전기자동차 홍성군 모델별 보조금,2021,홍성군
화물(소형),케이지모빌리티커머셜,SMART T1.0,1600,900.0,2500.0,2021년도 전기자동차 홍성군 모델별 보조금,2021,홍성군
화물(소형),한신자동차,플러스,1600,900.0,2500.0,2021년도 전기자동차 홍성군 모델별 보조금,2021,홍성군
화물(소형),한신자동차,플러스2.0,1600,900.0,2500.0,2021년도 전기자동차 홍성군 모델별 보조금,2021,홍성군
화물(소형),비바모빌리티,(단종)비바,1600,900.0,2500.0,2021년도 전기자동차 홍성군 모델별 보조금,2021,홍성군
화물(소형),비바모빌리티,젤라,1600,900.0,2500.0,2021년도 전기자동차 홍성군 모델별 보조금,2021,홍성군
화물(초소형),스마트솔루션즈,D2C,600,335.0,935.0,2021년도 전기자동차 예산군 모델별 보조금,2021,예산군
화물(초소형),스마트솔루션즈,D2P,600,335.0,935.0,2021년도 전기자동차 예산군 모델별 보조금,2021,예산군
화물(초소형),루트17,다니고3,600,335.0,935.0,2021년도 전기자동차 예산군 모델별 보조금,2021,예산군
화물(초소형),루트17,다니고3 픽업,600,335.0,935.0,2021년도 전기자동차 예산군 모델별 보조금,2021,예산군
화물(초소형),마스타전기차,MASTA VAN,600,335.0,935.0,2021년도 전기자동차 예산군 모델별 보조금,2021,예산군
화물(초소형),마스타전기차,MASTA HIM,600,335.0,935.0,2021년도 전기자동차 예산군 모델별 보조금,2021,예산군
화물(초소형),디피코,(단종)포트로,600,335.0,935.0,2021년도 전기자동차 예산군 모델별 보조금,2021,예산군
화물(초소형),디피코,포트로-탑,600,335.0,935.0,2021년도 전기자동차 예산군 모델별 보조금,2021,예산군
화물(초소형),디피코,포트로-픽업,600,335.0,935.0,2021년도 전기자동차 예산군 모델별 보조금,2021,예산군
화물(초소형),디피코,포트로-탑S,600,335.0,935.0,2021년도 전기자동차 예산군 모델별 보조금,2021,예산군
화물(초소형),디피코,포트로-픽업S,600,335.0,935.0,2021년도 전기자동차 예산군 모델별 보조금,2021,예산군
화물(경형),파워프라자,라보ev PEACE,1100,900.0,2000.0,2021년도 전기자동차 예산군 모델별 보조금,2021,예산군
화물(소형),제인모터스,제인모터스칼마토EV1톤내장탑차,1600,900.0,2500.0,2021년도 전기자동차 예산군 모델별 보조금,2021,예산군
화물(소형),파워프라자,봉고3ev PEACE,1600,900.0,2500.0,2021년도 전기자동차 예산군 모델별 보조금,2021,예산군
화물(소형),파워프라자,봉고3ev PEACE 더블캡,1600,900.0,2500.0,2021년도 전기자동차 예산군 모델별 보조금,2021,예산군
화물(소형),현대자동차,포터Ⅱ 일렉트릭 특장차,1600,900.0,2500.0,2021년도 전기자동차 예산군 모델별 보조금,2021,예산군
화물(소형),현대자동차,포터Ⅱ 일렉트릭 파워게이트,1600,900.0,2500.0,2021년도 전기자동차 예산군 모델별 보조금,2021,예산군
화물(소형),현대자동차,포터Ⅱ 일렉트릭 내장탑차,1600,900.0,2500.0,2021년도 전기자동차 예산군 모델별 보조금,2021,예산군
화물(소형),현대자동차,포터Ⅱ 일렉트릭 내장탑저상,1600,900.0,2500.0,2021년도 전기자동차 예산군 모델별 보조금,2021,예산군
화물(소형),현대자동차,포터Ⅱ 일렉트릭 내장탑하이,1600,900.0,2500.0,2021년도 전기자동차 예산군 모델별 보조금,2021,예산군
화물(소형),현대자동차,포터Ⅱ 일렉트릭 냉동탑저상,1600,900.0,2500.0,2021년도 전기자동차 예산군 모델별 보조금,2021,예산군
화물(소형),현대자동차,포터Ⅱ 일렉트릭(24MY),1600,900.0,2500.0,2021년도 전기자동차 예산군 모델별 보조금,2021,예산군
화물(소형),기아,봉고 전기차,1600,900.0,2500.0,2021년도 전기자동차 예산군 모델별 보조금,2021,예산군
화물(소형),기아,봉고Ⅲ 전기차 특장차,1600,900.0,2500.0,2021년도 전기자동차 예산군 모델별 보조금,2021,예산군
화물(소형),기아,봉고Ⅲ 전기차 파워게이트 2단 알루미늄,1600,900.0,2500.0,2021년도 전기자동차 예산군 모델별 보조금,2021,예산군
화물(소형),기아,봉고Ⅲ 전기차 내장차,1600,900.0,2500.0,2021년도 전기자동차 예산군 모델별 보조금,2021,예산군
화물(소형),기아,봉고Ⅲ 전기차 저상 내장차,1600,900.0,2500.0,2021년도 전기자동차 예산군 모델별 보조금,2021,예산군
화물(소형),기아,봉고Ⅲ 전기차 플러스 내장차,1600,900.0,2500.0,2021년도 전기자동차 예산군 모델별 보조금,2021,예산군
화물(소형),일진정공,일진무시동전기냉동탑차(149.9km),2100,900.0,3000.0,2021년도 전기자동차 예산군 모델별 보조금,2021,예산군
화물(소형),일진정공,일진무시동전기냉동탑차(186.1km),2100,900.0,3000.0,2021년도 전기자동차 예산군 모델별 보조금,2021,예산군
화물(소형),코리아에어카고에이전시,LSEV,1600,900.0,2500.0,2021년도 전기자동차 예산군 모델별 보조금,2021,예산군
화물(소형),루트17,다니고밴,1600,900.0,2500.0,2021년도 전기자동차 예산군 모델별 보조금,2021,예산군
화물(소형),케이지모빌리티커머셜,SMART T1.0,1600,900.0,2500.0,2021년도 전기자동차 예산군 모델별 보조금,2021,예산군
화물(소형),한신자동차,플러스,1600,900.0,2500.0,2021년도 전기자동차 예산군 모델별 보조금,2021,예산군
화물(소형),한신자동차,플러스2.0,1600,900.0,2500.0,2021년도 전기자동차 예산군 모델별 보조금,2021,예산군
화물(소형),비바모빌리티,(단종)비바,1600,900.0,2500.0,2021년도 전기자동차 예산군 모델별 보조금,2021,예산군
화물(소형),비바모빌리티,젤라,1600,900.0,2500.0,2021년도 전기자동차 예산군 모델별 보조금,2021,예산군
화물(초소형),스마트솔루션즈,D2C,600,335.0,935.0,2021년도 전기자동차 태안군 모델별 보조금,2021,태안군
화물(초소형),스마트솔루션즈,D2P,600,335.0,935.0,2021년도 전기자동차 태안군 모델별 보조금,2021,태안군
화물(초소형),루트17,다니고3,600,335.0,935.0,2021년도 전기자동차 태안군 모델별 보조금,2021,태안군
화물(초소형),루트17,다니고3 픽업,600,335.0,935.0,2021년도 전기자동차 태안군 모델별 보조금,2021,태안군
화물(초소형),마스타전기차,MASTA VAN,600,335.0,935.0,2021년도 전기자동차 태안군 모델별 보조금,2021,태안군
화물(초소형),마스타전기차,MASTA HIM,600,335.0,935.0,2021년도 전기자동차 태안군 모델별 보조금,2021,태안군
화물(초소형),디피코,(단종)포트로,600,335.0,935.0,2021년도 전기자동차 태안군 모델별 보조금,2021,태안군
화물(초소형),디피코,포트로-탑,600,335.0,935.0,2021년도 전기자동차 태안군 모델별 보조금,2021,태안군
화물(초소형),디피코,포트로-픽업,600,335.0,935.0,2021년도 전기자동차 태안군 모델별 보조금,2021,태안군
화물(초소형),디피코,포트로-탑S,600,335.0,935.0,2021년도 전기자동차 태안군 모델별 보조금,2021,태안군
화물(초소형),디피코,포트로-픽업S,600,335.0,935.0,2021년도 전기자동차 태안군 모델별 보조금,2021,태안군
화물(경형),파워프라자,라보ev PEACE,1100,900.0,2000.0,2021년도 전기자동차 태안군 모델별 보조금,2021,태안군
화물(소형),제인모터스,제인모터스칼마토EV1톤내장탑차,1600,900.0,2500.0,2021년도 전기자동차 태안군 모델별 보조금,2021,태안군
화물(소형),파워프라자,봉고3ev PEACE,1600,900.0,2500.0,2021년도 전기자동차 태안군 모델별 보조금,2021,태안군
화물(소형),파워프라자,봉고3ev PEACE 더블캡,1600,900.0,2500.0,2021년도 전기자동차 태안군 모델별 보조금,2021,태안군
화물(소형),현대자동차,포터Ⅱ 일렉트릭 특장차,1600,900.0,2500.0,2021년도 전기자동차 태안군 모델별 보조금,2021,태안군
화물(소형),현대자동차,포터Ⅱ 일렉트릭 파워게이트,1600,900.0,2500.0,2021년도 전기자동차 태안군 모델별 보조금,2021,태안군
화물(소형),현대자동차,포터Ⅱ 일렉트릭 내장탑차,1600,900.0,2500.0,2021년도 전기자동차 태안군 모델별 보조금,2021,태안군
화물(소형),현대자동차,포터Ⅱ 일렉트릭 내장탑저상,1600,900.0,2500.0,2021년도 전기자동차 태안군 모델별 보조금,2021,태안군
화물(소형),현대자동차,포터Ⅱ 일렉트릭 내장탑하이,1600,900.0,2500.0,2021년도 전기자동차 태안군 모델별 보조금,2021,태안군
화물(소형),현대자동차,포터Ⅱ 일렉트릭 냉동탑저상,1600,900.0,2500.0,2021년도 전기자동차 태안군 모델별 보조금,2021,태안군
화물(소형),현대자동차,포터Ⅱ 일렉트릭(24MY),1600,900.0,2500.0,2021년도 전기자동차 태안군 모델별 보조금,2021,태안군
화물(소형),기아,봉고 전기차,1600,900.0,2500.0,2021년도 전기자동차 태안군 모델별 보조금,2021,태안군
화물(소형),기아,봉고Ⅲ 전기차 특장차,1600,900.0,2500.0,2021년도 전기자동차 태안군 모델별 보조금,2021,태안군
화물(소형),기아,봉고Ⅲ 전기차 파워게이트 2단 알루미늄,1600,900.0,2500.0,2021년도 전기자동차 태안군 모델별 보조금,2021,태안군
화물(소형),기아,봉고Ⅲ 전기차 내장차,1600,900.0,2500.0,2021년도 전기자동차 태안군 모델별 보조금,2021,태안군
화물(소형),기아,봉고Ⅲ 전기차 저상 내장차,1600,900.0,2500.0,2021년도 전기자동차 태안군 모델별 보조금,2021,태안군
화물(소형),기아,봉고Ⅲ 전기차 플러스 내장차,1600,900.0,2500.0,2021년도 전기자동차 태안군 모델별 보조금,2021,태안군
화물(소형),일진정공,일진무시동전기냉동탑차(149.9km),2100,900.0,3000.0,2021년도 전기자동차 태안군 모델별 보조금,2021,태안군
화물(소형),일진정공,일진무시동전기냉동탑차(186.1km),2100,900.0,3000.0,2021년도 전기자동차 태안군 모델별 보조금,2021,태안군
화물(소형),코리아에어카고에이전시,LSEV,1600,900.0,2500.0,2021년도 전기자동차 태안군 모델별 보조금,2021,태안군
화물(소형),루트17,다니고밴,1600,900.0,2500.0,2021년도 전기자동차 태안군 모델별 보조금,2021,태안군
화물(소형),케이지모빌리티커머셜,SMART T1.0,1600,900.0,2500.0,2021년도 전기자동차 태안군 모델별 보조금,2021,태안군
화물(소형),한신자동차,플러스,1600,900.0,2500.0,2021년도 전기자동차 태안군 모델별 보조금,2021,태안군
화물(소형),한신자동차,플러스2.0,1600,900.0,2500.0,2021년도 전기자동차 태안군 모델별 보조금,2021,태안군
화물(소형),비바모빌리티,(단종)비바,1600,900.0,2500.0,2021년도 전기자동차 태안군 모델별 보조금,2021,태안군
화물(소형),비바모빌리티,젤라,1600,900.0,2500.0,2021년도 전기자동차 태안군 모델별 보조금,2021,태안군
화물(초소형),스마트솔루션즈,D2C,600,330.0,930.0,2021년도 전기자동차 전주시 모델별 보조금,2021,전주시
화물(초소형),스마트솔루션즈,D2P,600,330.0,930.0,2021년도 전기자동차 전주시 모델별 보조금,2021,전주시
화물(초소형),루트17,다니고3,600,330.0,930.0,2021년도 전기자동차 전주시 모델별 보조금,2021,전주시
화물(초소형),루트17,다니고3 픽업,600,330.0,930.0,2021년도 전기자동차 전주시 모델별 보조금,2021,전주시
화물(초소형),마스타전기차,MASTA VAN,600,330.0,930.0,2021년도 전기자동차 전주시 모델별 보조금,2021,전주시
화물(초소형),마스타전기차,MASTA HIM,600,330.0,930.0,2021년도 전기자동차 전주시 모델별 보조금,2021,전주시
화물(초소형),디피코,(단종)포트로,600,330.0,930.0,2021년도 전기자동차 전주시 모델별 보조금,2021,전주시
화물(초소형),디피코,포트로-탑,600,330.0,930.0,2021년도 전기자동차 전주시 모델별 보조금,2021,전주시
화물(초소형),디피코,포트로-픽업,600,330.0,930.0,2021년도 전기자동차 전주시 모델별 보조금,2021,전주시
화물(초소형),디피코,포트로-탑S,600,330.0,930.0,2021년도 전기자동차 전주시 모델별 보조금,2021,전주시
화물(초소형),디피코,포트로-픽업S,600,330.0,930.0,2021년도 전기자동차 전주시 모델별 보조금,2021,전주시
화물(경형),파워프라자,라보ev PEACE,1100,650.0,1750.0,2021년도 전기자동차 전주시 모델별 보조금,2021,전주시
화물(소형),제인모터스,제인모터스칼마토EV1톤내장탑차,1600,900.0,2500.0,2021년도 전기자동차 전주시 모델별 보조금,2021,전주시
화물(소형),파워프라자,봉고3ev PEACE,1600,900.0,2500.0,2021년도 전기자동차 전주시 모델별 보조금,2021,전주시
화물(소형),파워프라자,봉고3ev PEACE 더블캡,1600,900.0,2500.0,2021년도 전기자동차 전주시 모델별 보조금,2021,전주시
화물(소형),현대자동차,포터Ⅱ 일렉트릭 특장차,1600,900.0,2500.0,2021년도 전기자동차 전주시 모델별 보조금,2021,전주시
화물(소형),현대자동차,포터Ⅱ 일렉트릭 파워게이트,1600,900.0,2500.0,2021년도 전기자동차 전주시 모델별 보조금,2021,전주시
화물(소형),현대자동차,포터Ⅱ 일렉트릭 내장탑차,1600,900.0,2500.0,2021년도 전기자동차 전주시 모델별 보조금,2021,전주시
화물(소형),현대자동차,포터Ⅱ 일렉트릭 내장탑저상,1600,900.0,2500.0,2021년도 전기자동차 전주시 모델별 보조금,2021,전주시
화물(소형),현대자동차,포터Ⅱ 일렉트릭 내장탑하이,1600,900.0,2500.0,2021년도 전기자동차 전주시 모델별 보조금,2021,전주시
화물(소형),현대자동차,포터Ⅱ 일렉트릭 냉동탑저상,1600,900.0,2500.0,2021년도 전기자동차 전주시 모델별 보조금,2021,전주시
화물(소형),현대자동차,포터Ⅱ 일렉트릭(24MY),1600,900.0,2500.0,2021년도 전기자동차 전주시 모델별 보조금,2021,전주시
화물(소형),기아,봉고 전기차,1600,900.0,2500.0,2021년도 전기자동차 전주시 모델별 보조금,2021,전주시
화물(소형),기아,봉고Ⅲ 전기차 특장차,1600,900.0,2500.0,2021년도 전기자동차 전주시 모델별 보조금,2021,전주시
화물(소형),기아,봉고Ⅲ 전기차 파워게이트 2단 알루미늄,1600,900.0,2500.0,2021년도 전기자동차 전주시 모델별 보조금,2021,전주시
화물(소형),기아,봉고Ⅲ 전기차 내장차,1600,900.0,2500.0,2021년도 전기자동차 전주시 모델별 보조금,2021,전주시
화물(소형),기아,봉고Ⅲ 전기차 저상 내장차,1600,900.0,2500.0,2021년도 전기자동차 전주시 모델별 보조금,2021,전주시
화물(소형),기아,봉고Ⅲ 전기차 플러스 내장차,1600,900.0,2500.0,2021년도 전기자동차 전주시 모델별 보조금,2021,전주시
화물(소형),일진정공,일진무시동전기냉동탑차(149.9km),2100,900.0,3000.0,2021년도 전기자동차 전주시 모델별 보조금,2021,전주시
화물(소형),일진정공,일진무시동전기냉동탑차(186.1km),2100,900.0,3000.0,2021년도 전기자동차 전주시 모델별 보조금,2021,전주시
화물(소형),코리아에어카고에이전시,LSEV,1600,900.0,2500.0,2021년도 전기자동차 전주시 모델별 보조금,2021,전주시
화물(소형),루트17,다니고밴,1600,900.0,2500.0,2021년도 전기자동차 전주시 모델별 보조금,2021,전주시
화물(소형),케이지모빌리티커머셜,SMART T1.0,1600,900.0,2500.0,2021년도 전기자동차 전주시 모델별 보조금,2021,전주시
화물(소형),한신자동차,플러스,1600,900.0,2500.0,2021년도 전기자동차 전주시 모델별 보조금,2021,전주시
화물(소형),한신자동차,플러스2.0,1600,900.0,2500.0,2021년도 전기자동차 전주시 모델별 보조금,2021,전주시
화물(소형),비바모빌리티,(단종)비바,1600,900.0,2500.0,2021년도 전기자동차 전주시 모델별 보조금,2021,전주시
화물(소형),비바모빌리티,젤라,1600,900.0,2500.0,2021년도 전기자동차 전주시 모델별 보조금,2021,전주시
화물(초소형),스마트솔루션즈,D2C,600,300.0,900.0,2021년도 전기자동차 군산시 모델별 보조금,2021,군산시
화물(초소형),스마트솔루션즈,D2P,600,300.0,900.0,2021년도 전기자동차 군산시 모델별 보조금,2021,군산시
화물(초소형),루트17,다니고3,600,300.0,900.0,2021년도 전기자동차 군산시 모델별 보조금,2021,군산시
화물(초소형),루트17,다니고3 픽업,600,300.0,900.0,2021년도 전기자동차 군산시 모델별 보조금,2021,군산시
화물(초소형),마스타전기차,MASTA VAN,600,300.0,900.0,2021년도 전기자동차 군산시 모델별 보조금,2021,군산시
화물(초소형),마스타전기차,MASTA HIM,600,300.0,900.0,2021년도 전기자동차 군산시 모델별 보조금,2021,군산시
화물(초소형),디피코,(단종)포트로,600,300.0,900.0,2021년도 전기자동차 군산시 모델별 보조금,2021,군산시
화물(초소형),디피코,포트로-탑,600,300.0,900.0,2021년도 전기자동차 군산시 모델별 보조금,2021,군산시
화물(초소형),디피코,포트로-픽업,600,300.0,900.0,2021년도 전기자동차 군산시 모델별 보조금,2021,군산시
화물(초소형),디피코,포트로-탑S,600,300.0,900.0,2021년도 전기자동차 군산시 모델별 보조금,2021,군산시
화물(초소형),디피코,포트로-픽업S,600,300.0,900.0,2021년도 전기자동차 군산시 모델별 보조금,2021,군산시
화물(경형),파워프라자,라보ev PEACE,1100,650.0,1750.0,2021년도 전기자동차 군산시 모델별 보조금,2021,군산시
화물(소형),제인모터스,제인모터스칼마토EV1톤내장탑차,1600,900.0,2500.0,2021년도 전기자동차 군산시 모델별 보조금,2021,군산시
화물(소형),파워프라자,봉고3ev PEACE,1600,900.0,2500.0,2021년도 전기자동차 군산시 모델별 보조금,2021,군산시
화물(소형),파워프라자,봉고3ev PEACE 더블캡,1600,900.0,2500.0,2021년도 전기자동차 군산시 모델별 보조금,2021,군산시
화물(소형),현대자동차,포터Ⅱ 일렉트릭 특장차,1600,900.0,2500.0,2021년도 전기자동차 군산시 모델별 보조금,2021,군산시
화물(소형),현대자동차,포터Ⅱ 일렉트릭 파워게이트,1600,900.0,2500.0,2021년도 전기자동차 군산시 모델별 보조금,2021,군산시
화물(소형),현대자동차,포터Ⅱ 일렉트릭 내장탑차,1600,900.0,2500.0,2021년도 전기자동차 군산시 모델별 보조금,2021,군산시
화물(소형),현대자동차,포터Ⅱ 일렉트릭 내장탑저상,1600,900.0,2500.0,2021년도 전기자동차 군산시 모델별 보조금,2021,군산시
화물(소형),현대자동차,포터Ⅱ 일렉트릭 내장탑하이,1600,900.0,2500.0,2021년도 전기자동차 군산시 모델별 보조금,2021,군산시
화물(소형),현대자동차,포터Ⅱ 일렉트릭 냉동탑저상,1600,900.0,2500.0,2021년도 전기자동차 군산시 모델별 보조금,2021,군산시
화물(소형),현대자동차,포터Ⅱ 일렉트릭(24MY),1600,900.0,2500.0,2021년도 전기자동차 군산시 모델별 보조금,2021,군산시
화물(소형),기아,봉고 전기차,1600,900.0,2500.0,2021년도 전기자동차 군산시 모델별 보조금,2021,군산시
화물(소형),기아,봉고Ⅲ 전기차 특장차,1600,900.0,2500.0,2021년도 전기자동차 군산시 모델별 보조금,2021,군산시
화물(소형),기아,봉고Ⅲ 전기차 파워게이트 2단 알루미늄,1600,900.0,2500.0,2021년도 전기자동차 군산시 모델별 보조금,2021,군산시
화물(소형),기아,봉고Ⅲ 전기차 내장차,1600,900.0,2500.0,2021년도 전기자동차 군산시 모델별 보조금,2021,군산시
화물(소형),기아,봉고Ⅲ 전기차 저상 내장차,1600,900.0,2500.0,2021년도 전기자동차 군산시 모델별 보조금,2021,군산시
화물(소형),기아,봉고Ⅲ 전기차 플러스 내장차,1600,900.0,2500.0,2021년도 전기자동차 군산시 모델별 보조금,2021,군산시
화물(소형),일진정공,일진무시동전기냉동탑차(149.9km),2100,900.0,3000.0,2021년도 전기자동차 군산시 모델별 보조금,2021,군산시
화물(소형),일진정공,일진무시동전기냉동탑차(186.1km),2100,900.0,3000.0,2021년도 전기자동차 군산시 모델별 보조금,2021,군산시
화물(소형),코리아에어카고에이전시,LSEV,1600,900.0,2500.0,2021년도 전기자동차 군산시 모델별 보조금,2021,군산시
화물(소형),루트17,다니고밴,1600,900.0,2500.0,2021년도 전기자동차 군산시 모델별 보조금,2021,군산시
화물(소형),케이지모빌리티커머셜,SMART T1.0,1600,900.0,2500.0,2021년도 전기자동차 군산시 모델별 보조금,2021,군산시
화물(소형),한신자동차,플러스,1600,900.0,2500.0,2021년도 전기자동차 군산시 모델별 보조금,2021,군산시
화물(소형),한신자동차,플러스2.0,1600,900.0,2500.0,2021년도 전기자동차 군산시 모델별 보조금,2021,군산시
화물(소형),비바모빌리티,(단종)비바,1600,900.0,2500.0,2021년도 전기자동차 군산시 모델별 보조금,2021,군산시
화물(소형),비바모빌리티,젤라,1600,900.0,2500.0,2021년도 전기자동차 군산시 모델별 보조금,2021,군산시
화물(초소형),스마트솔루션즈,D2C,600,300.0,900.0,2021년도 전기자동차 익산시 모델별 보조금,2021,익산시
화물(초소형),스마트솔루션즈,D2P,600,300.0,900.0,2021년도 전기자동차 익산시 모델별 보조금,2021,익산시
화물(초소형),루트17,다니고3,600,300.0,900.0,2021년도 전기자동차 익산시 모델별 보조금,2021,익산시
화물(초소형),루트17,다니고3 픽업,600,300.0,900.0,2021년도 전기자동차 익산시 모델별 보조금,2021,익산시
화물(초소형),마스타전기차,MASTA VAN,600,300.0,900.0,2021년도 전기자동차 익산시 모델별 보조금,2021,익산시
화물(초소형),마스타전기차,MASTA HIM,600,300.0,900.0,2021년도 전기자동차 익산시 모델별 보조금,2021,익산시
화물(초소형),디피코,(단종)포트로,600,300.0,900.0,2021년도 전기자동차 익산시 모델별 보조금,2021,익산시
화물(초소형),디피코,포트로-탑,600,300.0,900.0,2021년도 전기자동차 익산시 모델별 보조금,2021,익산시
화물(초소형),디피코,포트로-픽업,600,300.0,900.0,2021년도 전기자동차 익산시 모델별 보조금,2021,익산시
화물(초소형),디피코,포트로-탑S,600,300.0,900.0,2021년도 전기자동차 익산시 모델별 보조금,2021,익산시
화물(초소형),디피코,포트로-픽업S,600,300.0,900.0,2021년도 전기자동차 익산시 모델별 보조금,2021,익산시
화물(경형),파워프라자,라보ev PEACE,1100,650.0,1750.0,2021년도 전기자동차 익산시 모델별 보조금,2021,익산시
화물(소형),제인모터스,제인모터스칼마토EV1톤내장탑차,1600,900.0,2500.0,2021년도 전기자동차 익산시 모델별 보조금,2021,익산시
화물(소형),파워프라자,봉고3ev PEACE,1600,900.0,2500.0,2021년도 전기자동차 익산시 모델별 보조금,2021,익산시
화물(소형),파워프라자,봉고3ev PEACE 더블캡,1600,900.0,2500.0,2021년도 전기자동차 익산시 모델별 보조금,2021,익산시
화물(소형),현대자동차,포터Ⅱ 일렉트릭 특장차,1600,900.0,2500.0,2021년도 전기자동차 익산시 모델별 보조금,2021,익산시
화물(소형),현대자동차,포터Ⅱ 일렉트릭 파워게이트,1600,900.0,2500.0,2021년도 전기자동차 익산시 모델별 보조금,2021,익산시
화물(소형),현대자동차,포터Ⅱ 일렉트릭 내장탑차,1600,900.0,2500.0,2021년도 전기자동차 익산시 모델별 보조금,2021,익산시
화물(소형),현대자동차,포터Ⅱ 일렉트릭 내장탑저상,1600,900.0,2500.0,2021년도 전기자동차 익산시 모델별 보조금,2021,익산시
화물(소형),현대자동차,포터Ⅱ 일렉트릭 내장탑하이,1600,900.0,2500.0,2021년도 전기자동차 익산시 모델별 보조금,2021,익산시
화물(소형),현대자동차,포터Ⅱ 일렉트릭 냉동탑저상,1600,900.0,2500.0,2021년도 전기자동차 익산시 모델별 보조금,2021,익산시
화물(소형),현대자동차,포터Ⅱ 일렉트릭(24MY),1600,900.0,2500.0,2021년도 전기자동차 익산시 모델별 보조금,2021,익산시
화물(소형),기아,봉고 전기차,1600,900.0,2500.0,2021년도 전기자동차 익산시 모델별 보조금,2021,익산시
화물(소형),기아,봉고Ⅲ 전기차 특장차,1600,900.0,2500.0,2021년도 전기자동차 익산시 모델별 보조금,2021,익산시
화물(소형),기아,봉고Ⅲ 전기차 파워게이트 2단 알루미늄,1600,900.0,2500.0,2021년도 전기자동차 익산시 모델별 보조금,2021,익산시
화물(소형),기아,봉고Ⅲ 전기차 내장차,1600,900.0,2500.0,2021년도 전기자동차 익산시 모델별 보조금,2021,익산시
화물(소형),기아,봉고Ⅲ 전기차 저상 내장차,1600,900.0,2500.0,2021년도 전기자동차 익산시 모델별 보조금,2021,익산시
화물(소형),기아,봉고Ⅲ 전기차 플러스 내장차,1600,900.0,2500.0,2021년도 전기자동차 익산시 모델별 보조금,2021,익산시
화물(소형),일진정공,일진무시동전기냉동탑차(149.9km),2100,900.0,3000.0,2021년도 전기자동차 익산시 모델별 보조금,2021,익산시
화물(소형),일진정공,일진무시동전기냉동탑차(186.1km),2100,900.0,3000.0,2021년도 전기자동차 익산시 모델별 보조금,2021,익산시
화물(소형),코리아에어카고에이전시,LSEV,1600,900.0,2500.0,2021년도 전기자동차 익산시 모델별 보조금,2021,익산시
화물(소형),루트17,다니고밴,1600,900.0,2500.0,2021년도 전기자동차 익산시 모델별 보조금,2021,익산시
화물(소형),케이지모빌리티커머셜,SMART T1.0,1600,900.0,2500.0,2021년도 전기자동차 익산시 모델별 보조금,2021,익산시
화물(소형),한신자동차,플러스,1600,900.0,2500.0,2021년도 전기자동차 익산시 모델별 보조금,2021,익산시
화물(소형),한신자동차,플러스2.0,1600,900.0,2500.0,2021년도 전기자동차 익산시 모델별 보조금,2021,익산시
화물(소형),비바모빌리티,(단종)비바,1600,900.0,2500.0,2021년도 전기자동차 익산시 모델별 보조금,2021,익산시
화물(소형),비바모빌리티,젤라,1600,900.0,2500.0,2021년도 전기자동차 익산시 모델별 보조금,2021,익산시
화물(초소형),스마트솔루션즈,D2C,600,300.0,900.0,2021년도 전기자동차 정읍시 모델별 보조금,2021,정읍시
화물(초소형),스마트솔루션즈,D2P,600,300.0,900.0,2021년도 전기자동차 정읍시 모델별 보조금,2021,정읍시
화물(초소형),루트17,다니고3,600,300.0,900.0,2021년도 전기자동차 정읍시 모델별 보조금,2021,정읍시
화물(초소형),루트17,다니고3 픽업,600,300.0,900.0,2021년도 전기자동차 정읍시 모델별 보조금,2021,정읍시
화물(초소형),마스타전기차,MASTA VAN,600,300.0,900.0,2021년도 전기자동차 정읍시 모델별 보조금,2021,정읍시
화물(초소형),마스타전기차,MASTA HIM,600,300.0,900.0,2021년도 전기자동차 정읍시 모델별 보조금,2021,정읍시
화물(초소형),디피코,(단종)포트로,600,300.0,900.0,2021년도 전기자동차 정읍시 모델별 보조금,2021,정읍시
화물(초소형),디피코,포트로-탑,600,300.0,900.0,2021년도 전기자동차 정읍시 모델별 보조금,2021,정읍시
화물(초소형),디피코,포트로-픽업,600,300.0,900.0,2021년도 전기자동차 정읍시 모델별 보조금,2021,정읍시
화물(초소형),디피코,포트로-탑S,600,300.0,900.0,2021년도 전기자동차 정읍시 모델별 보조금,2021,정읍시
화물(초소형),디피코,포트로-픽업S,600,300.0,900.0,2021년도 전기자동차 정읍시 모델별 보조금,2021,정읍시
화물(경형),파워프라자,라보ev PEACE,1100,650.0,1750.0,2021년도 전기자동차 정읍시 모델별 보조금,2021,정읍시
화물(소형),제인모터스,제인모터스칼마토EV1톤내장탑차,1600,900.0,2500.0,2021년도 전기자동차 정읍시 모델별 보조금,2021,정읍시
화물(소형),파워프라자,봉고3ev PEACE,1600,900.0,2500.0,2021년도 전기자동차 정읍시 모델별 보조금,2021,정읍시
화물(소형),파워프라자,봉고3ev PEACE 더블캡,1600,900.0,2500.0,2021년도 전기자동차 정읍시 모델별 보조금,2021,정읍시
화물(소형),현대자동차,포터Ⅱ 일렉트릭 특장차,1600,900.0,2500.0,2021년도 전기자동차 정읍시 모델별 보조금,2021,정읍시
화물(소형),현대자동차,포터Ⅱ 일렉트릭 파워게이트,1600,900.0,2500.0,2021년도 전기자동차 정읍시 모델별 보조금,2021,정읍시
화물(소형),현대자동차,포터Ⅱ 일렉트릭 내장탑차,1600,900.0,2500.0,2021년도 전기자동차 정읍시 모델별 보조금,2021,정읍시
화물(소형),현대자동차,포터Ⅱ 일렉트릭 내장탑저상,1600,900.0,2500.0,2021년도 전기자동차 정읍시 모델별 보조금,2021,정읍시
화물(소형),현대자동차,포터Ⅱ 일렉트릭 내장탑하이,1600,900.0,2500.0,2021년도 전기자동차 정읍시 모델별 보조금,2021,정읍시
화물(소형),현대자동차,포터Ⅱ 일렉트릭 냉동탑저상,1600,900.0,2500.0,2021년도 전기자동차 정읍시 모델별 보조금,2021,정읍시
화물(소형),현대자동차,포터Ⅱ 일렉트릭(24MY),1600,900.0,2500.0,2021년도 전기자동차 정읍시 모델별 보조금,2021,정읍시
화물(소형),기아,봉고 전기차,1600,900.0,2500.0,2021년도 전기자동차 정읍시 모델별 보조금,2021,정읍시
화물(소형),기아,봉고Ⅲ 전기차 특장차,1600,900.0,2500.0,2021년도 전기자동차 정읍시 모델별 보조금,2021,정읍시
화물(소형),기아,봉고Ⅲ 전기차 파워게이트 2단 알루미늄,1600,900.0,2500.0,2021년도 전기자동차 정읍시 모델별 보조금,2021,정읍시
화물(소형),기아,봉고Ⅲ 전기차 내장차,1600,900.0,2500.0,2021년도 전기자동차 정읍시 모델별 보조금,2021,정읍시
화물(소형),기아,봉고Ⅲ 전기차 저상 내장차,1600,900.0,2500.0,2021년도 전기자동차 정읍시 모델별 보조금,2021,정읍시
화물(소형),기아,봉고Ⅲ 전기차 플러스 내장차,1600,900.0,2500.0,2021년도 전기자동차 정읍시 모델별 보조금,2021,정읍시
화물(소형),일진정공,일진무시동전기냉동탑차(149.9km),2100,900.0,3000.0,2021년도 전기자동차 정읍시 모델별 보조금,2021,정읍시
화물(소형),일진정공,일진무시동전기냉동탑차(186.1km),2100,900.0,3000.0,2021년도 전기자동차 정읍시 모델별 보조금,2021,정읍시
화물(소형),코리아에어카고에이전시,LSEV,1600,900.0,2500.0,2021년도 전기자동차 정읍시 모델별 보조금,2021,정읍시
화물(소형),루트17,다니고밴,1600,900.0,2500.0,2021년도 전기자동차 정읍시 모델별 보조금,2021,정읍시
화물(소형),케이지모빌리티커머셜,SMART T1.0,1600,900.0,2500.0,2021년도 전기자동차 정읍시 모델별 보조금,2021,정읍시
화물(소형),한신자동차,플러스,1600,900.0,2500.0,2021년도 전기자동차 정읍시 모델별 보조금,2021,정읍시
화물(소형),한신자동차,플러스2.0,1600,900.0,2500.0,2021년도 전기자동차 정읍시 모델별 보조금,2021,정읍시
화물(소형),비바모빌리티,(단종)비바,1600,900.0,2500.0,2021년도 전기자동차 정읍시 모델별 보조금,2021,정읍시
화물(소형),비바모빌리티,젤라,1600,900.0,2500.0,2021년도 전기자동차 정읍시 모델별 보조금,2021,정읍시
화물(초소형),스마트솔루션즈,D2C,600,300.0,900.0,2021년도 전기자동차 남원시 모델별 보조금,2021,남원시
화물(초소형),스마트솔루션즈,D2P,600,300.0,900.0,2021년도 전기자동차 남원시 모델별 보조금,2021,남원시
화물(초소형),루트17,다니고3,600,300.0,900.0,2021년도 전기자동차 남원시 모델별 보조금,2021,남원시
화물(초소형),루트17,다니고3 픽업,600,300.0,900.0,2021년도 전기자동차 남원시 모델별 보조금,2021,남원시
화물(초소형),마스타전기차,MASTA VAN,600,300.0,900.0,2021년도 전기자동차 남원시 모델별 보조금,2021,남원시
화물(초소형),마스타전기차,MASTA HIM,600,300.0,900.0,2021년도 전기자동차 남원시 모델별 보조금,2021,남원시
화물(초소형),디피코,(단종)포트로,600,300.0,900.0,2021년도 전기자동차 남원시 모델별 보조금,2021,남원시
화물(초소형),디피코,포트로-탑,600,300.0,900.0,2021년도 전기자동차 남원시 모델별 보조금,2021,남원시
화물(초소형),디피코,포트로-픽업,600,300.0,900.0,2021년도 전기자동차 남원시 모델별 보조금,2021,남원시
화물(초소형),디피코,포트로-탑S,600,300.0,900.0,2021년도 전기자동차 남원시 모델별 보조금,2021,남원시
화물(초소형),디피코,포트로-픽업S,600,300.0,900.0,2021년도 전기자동차 남원시 모델별 보조금,2021,남원시
화물(경형),파워프라자,라보ev PEACE,1100,650.0,1750.0,2021년도 전기자동차 남원시 모델별 보조금,2021,남원시
화물(소형),제인모터스,제인모터스칼마토EV1톤내장탑차,1600,900.0,2500.0,2021년도 전기자동차 남원시 모델별 보조금,2021,남원시
화물(소형),파워프라자,봉고3ev PEACE,1600,900.0,2500.0,2021년도 전기자동차 남원시 모델별 보조금,2021,남원시
화물(소형),파워프라자,봉고3ev PEACE 더블캡,1600,900.0,2500.0,2021년도 전기자동차 남원시 모델별 보조금,2021,남원시
화물(소형),현대자동차,포터Ⅱ 일렉트릭 특장차,1600,900.0,2500.0,2021년도 전기자동차 남원시 모델별 보조금,2021,남원시
화물(소형),현대자동차,포터Ⅱ 일렉트릭 파워게이트,1600,900.0,2500.0,2021년도 전기자동차 남원시 모델별 보조금,2021,남원시
화물(소형),현대자동차,포터Ⅱ 일렉트릭 내장탑차,1600,900.0,2500.0,2021년도 전기자동차 남원시 모델별 보조금,2021,남원시
화물(소형),현대자동차,포터Ⅱ 일렉트릭 내장탑저상,1600,900.0,2500.0,2021년도 전기자동차 남원시 모델별 보조금,2021,남원시
화물(소형),현대자동차,포터Ⅱ 일렉트릭 내장탑하이,1600,900.0,2500.0,2021년도 전기자동차 남원시 모델별 보조금,2021,남원시
화물(소형),현대자동차,포터Ⅱ 일렉트릭 냉동탑저상,1600,900.0,2500.0,2021년도 전기자동차 남원시 모델별 보조금,2021,남원시
화물(소형),현대자동차,포터Ⅱ 일렉트릭(24MY),1600,900.0,2500.0,2021년도 전기자동차 남원시 모델별 보조금,2021,남원시
화물(소형),기아,봉고 전기차,1600,900.0,2500.0,2021년도 전기자동차 남원시 모델별 보조금,2021,남원시
화물(소형),기아,봉고Ⅲ 전기차 특장차,1600,900.0,2500.0,2021년도 전기자동차 남원시 모델별 보조금,2021,남원시
화물(소형),기아,봉고Ⅲ 전기차 파워게이트 2단 알루미늄,1600,900.0,2500.0,2021년도 전기자동차 남원시 모델별 보조금,2021,남원시
화물(소형),기아,봉고Ⅲ 전기차 내장차,1600,900.0,2500.0,2021년도 전기자동차 남원시 모델별 보조금,2021,남원시
화물(소형),기아,봉고Ⅲ 전기차 저상 내장차,1600,900.0,2500.0,2021년도 전기자동차 남원시 모델별 보조금,2021,남원시
화물(소형),기아,봉고Ⅲ 전기차 플러스 내장차,1600,900.0,2500.0,2021년도 전기자동차 남원시 모델별 보조금,2021,남원시
화물(소형),일진정공,일진무시동전기냉동탑차(149.9km),2100,900.0,3000.0,2021년도 전기자동차 남원시 모델별 보조금,2021,남원시
화물(소형),일진정공,일진무시동전기냉동탑차(186.1km),2100,900.0,3000.0,2021년도 전기자동차 남원시 모델별 보조금,2021,남원시
화물(소형),코리아에어카고에이전시,LSEV,1600,900.0,2500.0,2021년도 전기자동차 남원시 모델별 보조금,2021,남원시
화물(소형),루트17,다니고밴,1600,900.0,2500.0,2021년도 전기자동차 남원시 모델별 보조금,2021,남원시
화물(소형),케이지모빌리티커머셜,SMART T1.0,1600,900.0,2500.0,2021년도 전기자동차 남원시 모델별 보조금,2021,남원시
화물(소형),한신자동차,플러스,1600,900.0,2500.0,2021년도 전기자동차 남원시 모델별 보조금,2021,남원시
화물(소형),한신자동차,플러스2.0,1600,900.0,2500.0,2021년도 전기자동차 남원시 모델별 보조금,2021,남원시
화물(소형),비바모빌리티,(단종)비바,1600,900.0,2500.0,2021년도 전기자동차 남원시 모델별 보조금,2021,남원시
화물(소형),비바모빌리티,젤라,1600,900.0,2500.0,2021년도 전기자동차 남원시 모델별 보조금,2021,남원시
화물(초소형),스마트솔루션즈,D2C,600,300.0,900.0,2021년도 전기자동차 김제시 모델별 보조금,2021,김제시
화물(초소형),스마트솔루션즈,D2P,600,300.0,900.0,2021년도 전기자동차 김제시 모델별 보조금,2021,김제시
화물(초소형),루트17,다니고3,600,300.0,900.0,2021년도 전기자동차 김제시 모델별 보조금,2021,김제시
화물(초소형),루트17,다니고3 픽업,600,300.0,900.0,2021년도 전기자동차 김제시 모델별 보조금,2021,김제시
화물(초소형),마스타전기차,MASTA VAN,600,300.0,900.0,2021년도 전기자동차 김제시 모델별 보조금,2021,김제시
화물(초소형),마스타전기차,MASTA HIM,600,300.0,900.0,2021년도 전기자동차 김제시 모델별 보조금,2021,김제시
화물(초소형),디피코,(단종)포트로,600,300.0,900.0,2021년도 전기자동차 김제시 모델별 보조금,2021,김제시
화물(초소형),디피코,포트로-탑,600,300.0,900.0,2021년도 전기자동차 김제시 모델별 보조금,2021,김제시
화물(초소형),디피코,포트로-픽업,600,300.0,900.0,2021년도 전기자동차 김제시 모델별 보조금,2021,김제시
화물(초소형),디피코,포트로-탑S,600,300.0,900.0,2021년도 전기자동차 김제시 모델별 보조금,2021,김제시
화물(초소형),디피코,포트로-픽업S,600,300.0,900.0,2021년도 전기자동차 김제시 모델별 보조금,2021,김제시
화물(경형),파워프라자,라보ev PEACE,1100,650.0,1750.0,2021년도 전기자동차 김제시 모델별 보조금,2021,김제시
화물(소형),제인모터스,제인모터스칼마토EV1톤내장탑차,1600,900.0,2500.0,2021년도 전기자동차 김제시 모델별 보조금,2021,김제시
화물(소형),파워프라자,봉고3ev PEACE,1600,900.0,2500.0,2021년도 전기자동차 김제시 모델별 보조금,2021,김제시
화물(소형),파워프라자,봉고3ev PEACE 더블캡,1600,900.0,2500.0,2021년도 전기자동차 김제시 모델별 보조금,2021,김제시
화물(소형),현대자동차,포터Ⅱ 일렉트릭 특장차,1600,900.0,2500.0,2021년도 전기자동차 김제시 모델별 보조금,2021,김제시
화물(소형),현대자동차,포터Ⅱ 일렉트릭 파워게이트,1600,900.0,2500.0,2021년도 전기자동차 김제시 모델별 보조금,2021,김제시
화물(소형),현대자동차,포터Ⅱ 일렉트릭 내장탑차,1600,900.0,2500.0,2021년도 전기자동차 김제시 모델별 보조금,2021,김제시
화물(소형),현대자동차,포터Ⅱ 일렉트릭 내장탑저상,1600,900.0,2500.0,2021년도 전기자동차 김제시 모델별 보조금,2021,김제시
화물(소형),현대자동차,포터Ⅱ 일렉트릭 내장탑하이,1600,900.0,2500.0,2021년도 전기자동차 김제시 모델별 보조금,2021,김제시
화물(소형),현대자동차,포터Ⅱ 일렉트릭 냉동탑저상,1600,900.0,2500.0,2021년도 전기자동차 김제시 모델별 보조금,2021,김제시
화물(소형),현대자동차,포터Ⅱ 일렉트릭(24MY),1600,900.0,2500.0,2021년도 전기자동차 김제시 모델별 보조금,2021,김제시
화물(소형),기아,봉고 전기차,1600,900.0,2500.0,2021년도 전기자동차 김제시 모델별 보조금,2021,김제시
화물(소형),기아,봉고Ⅲ 전기차 특장차,1600,900.0,2500.0,2021년도 전기자동차 김제시 모델별 보조금,2021,김제시
화물(소형),기아,봉고Ⅲ 전기차 파워게이트 2단 알루미늄,1600,900.0,2500.0,2021년도 전기자동차 김제시 모델별 보조금,2021,김제시
화물(소형),기아,봉고Ⅲ 전기차 내장차,1600,900.0,2500.0,2021년도 전기자동차 김제시 모델별 보조금,2021,김제시
화물(소형),기아,봉고Ⅲ 전기차 저상 내장차,1600,900.0,2500.0,2021년도 전기자동차 김제시 모델별 보조금,2021,김제시
화물(소형),기아,봉고Ⅲ 전기차 플러스 내장차,1600,900.0,2500.0,2021년도 전기자동차 김제시 모델별 보조금,2021,김제시
화물(소형),일진정공,일진무시동전기냉동탑차(149.9km),2100,900.0,3000.0,2021년도 전기자동차 김제시 모델별 보조금,2021,김제시
화물(소형),일진정공,일진무시동전기냉동탑차(186.1km),2100,900.0,3000.0,2021년도 전기자동차 김제시 모델별 보조금,2021,김제시
화물(소형),코리아에어카고에이전시,LSEV,1600,900.0,2500.0,2021년도 전기자동차 김제시 모델별 보조금,2021,김제시
화물(소형),루트17,다니고밴,1600,900.0,2500.0,2021년도 전기자동차 김제시 모델별 보조금,2021,김제시
화물(소형),케이지모빌리티커머셜,SMART T1.0,1600,900.0,2500.0,2021년도 전기자동차 김제시 모델별 보조금,2021,김제시
화물(소형),한신자동차,플러스,1600,900.0,2500.0,2021년도 전기자동차 김제시 모델별 보조금,2021,김제시
화물(소형),한신자동차,플러스2.0,1600,900.0,2500.0,2021년도 전기자동차 김제시 모델별 보조금,2021,김제시
화물(소형),비바모빌리티,(단종)비바,1600,900.0,2500.0,2021년도 전기자동차 김제시 모델별 보조금,2021,김제시
화물(소형),비바모빌리티,젤라,1600,900.0,2500.0,2021년도 전기자동차 김제시 모델별 보조금,2021,김제시
화물(초소형),스마트솔루션즈,D2C,600,300.0,900.0,2021년도 전기자동차 완주군 모델별 보조금,2021,완주군
화물(초소형),스마트솔루션즈,D2P,600,300.0,900.0,2021년도 전기자동차 완주군 모델별 보조금,2021,완주군
화물(초소형),루트17,다니고3,600,300.0,900.0,2021년도 전기자동차 완주군 모델별 보조금,2021,완주군
화물(초소형),루트17,다니고3 픽업,600,300.0,900.0,2021년도 전기자동차 완주군 모델별 보조금,2021,완주군
화물(초소형),마스타전기차,MASTA VAN,600,300.0,900.0,2021년도 전기자동차 완주군 모델별 보조금,2021,완주군
화물(초소형),마스타전기차,MASTA HIM,600,300.0,900.0,2021년도 전기자동차 완주군 모델별 보조금,2021,완주군
화물(초소형),디피코,(단종)포트로,600,300.0,900.0,2021년도 전기자동차 완주군 모델별 보조금,2021,완주군
화물(초소형),디피코,포트로-탑,600,300.0,900.0,2021년도 전기자동차 완주군 모델별 보조금,2021,완주군
화물(초소형),디피코,포트로-픽업,600,300.0,900.0,2021년도 전기자동차 완주군 모델별 보조금,2021,완주군
화물(초소형),디피코,포트로-탑S,600,300.0,900.0,2021년도 전기자동차 완주군 모델별 보조금,2021,완주군
화물(초소형),디피코,포트로-픽업S,600,300.0,900.0,2021년도 전기자동차 완주군 모델별 보조금,2021,완주군
화물(경형),파워프라자,라보ev PEACE,1100,650.0,1750.0,2021년도 전기자동차 완주군 모델별 보조금,2021,완주군
화물(소형),제인모터스,제인모터스칼마토EV1톤내장탑차,1600,900.0,2500.0,2021년도 전기자동차 완주군 모델별 보조금,2021,완주군
화물(소형),파워프라자,봉고3ev PEACE,1600,900.0,2500.0,2021년도 전기자동차 완주군 모델별 보조금,2021,완주군
화물(소형),파워프라자,봉고3ev PEACE 더블캡,1600,900.0,2500.0,2021년도 전기자동차 완주군 모델별 보조금,2021,완주군
화물(소형),현대자동차,포터Ⅱ 일렉트릭 특장차,1600,900.0,2500.0,2021년도 전기자동차 완주군 모델별 보조금,2021,완주군
화물(소형),현대자동차,포터Ⅱ 일렉트릭 파워게이트,1600,900.0,2500.0,2021년도 전기자동차 완주군 모델별 보조금,2021,완주군
화물(소형),현대자동차,포터Ⅱ 일렉트릭 내장탑차,1600,900.0,2500.0,2021년도 전기자동차 완주군 모델별 보조금,2021,완주군
화물(소형),현대자동차,포터Ⅱ 일렉트릭 내장탑저상,1600,900.0,2500.0,2021년도 전기자동차 완주군 모델별 보조금,2021,완주군
화물(소형),현대자동차,포터Ⅱ 일렉트릭 내장탑하이,1600,900.0,2500.0,2021년도 전기자동차 완주군 모델별 보조금,2021,완주군
화물(소형),현대자동차,포터Ⅱ 일렉트릭 냉동탑저상,1600,900.0,2500.0,2021년도 전기자동차 완주군 모델별 보조금,2021,완주군
화물(소형),현대자동차,포터Ⅱ 일렉트릭(24MY),1600,900.0,2500.0,2021년도 전기자동차 완주군 모델별 보조금,2021,완주군
화물(소형),기아,봉고 전기차,1600,900.0,2500.0,2021년도 전기자동차 완주군 모델별 보조금,2021,완주군
화물(소형),기아,봉고Ⅲ 전기차 특장차,1600,900.0,2500.0,2021년도 전기자동차 완주군 모델별 보조금,2021,완주군
화물(소형),기아,봉고Ⅲ 전기차 파워게이트 2단 알루미늄,1600,900.0,2500.0,2021년도 전기자동차 완주군 모델별 보조금,2021,완주군
화물(소형),기아,봉고Ⅲ 전기차 내장차,1600,900.0,2500.0,2021년도 전기자동차 완주군 모델별 보조금,2021,완주군
화물(소형),기아,봉고Ⅲ 전기차 저상 내장차,1600,900.0,2500.0,2021년도 전기자동차 완주군 모델별 보조금,2021,완주군
화물(소형),기아,봉고Ⅲ 전기차 플러스 내장차,1600,900.0,2500.0,2021년도 전기자동차 완주군 모델별 보조금,2021,완주군
화물(소형),일진정공,일진무시동전기냉동탑차(149.9km),2100,900.0,3000.0,2021년도 전기자동차 완주군 모델별 보조금,2021,완주군
화물(소형),일진정공,일진무시동전기냉동탑차(186.1km),2100,900.0,3000.0,2021년도 전기자동차 완주군 모델별 보조금,2021,완주군
화물(소형),코리아에어카고에이전시,LSEV,1600,900.0,2500.0,2021년도 전기자동차 완주군 모델별 보조금,2021,완주군
화물(소형),루트17,다니고밴,1600,900.0,2500.0,2021년도 전기자동차 완주군 모델별 보조금,2021,완주군
화물(소형),케이지모빌리티커머셜,SMART T1.0,1600,900.0,2500.0,2021년도 전기자동차 완주군 모델별 보조금,2021,완주군
화물(소형),한신자동차,플러스,1600,900.0,2500.0,2021년도 전기자동차 완주군 모델별 보조금,2021,완주군
화물(소형),한신자동차,플러스2.0,1600,900.0,2500.0,2021년도 전기자동차 완주군 모델별 보조금,2021,완주군
화물(소형),비바모빌리티,(단종)비바,1600,900.0,2500.0,2021년도 전기자동차 완주군 모델별 보조금,2021,완주군
화물(소형),비바모빌리티,젤라,1600,900.0,2500.0,2021년도 전기자동차 완주군 모델별 보조금,2021,완주군
화물(초소형),스마트솔루션즈,D2C,600,300.0,900.0,2021년도 전기자동차 진안군 모델별 보조금,2021,진안군
화물(초소형),스마트솔루션즈,D2P,600,300.0,900.0,2021년도 전기자동차 진안군 모델별 보조금,2021,진안군
화물(초소형),루트17,다니고3,600,300.0,900.0,2021년도 전기자동차 진안군 모델별 보조금,2021,진안군
화물(초소형),루트17,다니고3 픽업,600,300.0,900.0,2021년도 전기자동차 진안군 모델별 보조금,2021,진안군
화물(초소형),마스타전기차,MASTA VAN,600,300.0,900.0,2021년도 전기자동차 진안군 모델별 보조금,2021,진안군
화물(초소형),마스타전기차,MASTA HIM,600,300.0,900.0,2021년도 전기자동차 진안군 모델별 보조금,2021,진안군
화물(초소형),디피코,(단종)포트로,600,300.0,900.0,2021년도 전기자동차 진안군 모델별 보조금,2021,진안군
화물(초소형),디피코,포트로-탑,600,300.0,900.0,2021년도 전기자동차 진안군 모델별 보조금,2021,진안군
화물(초소형),디피코,포트로-픽업,600,300.0,900.0,2021년도 전기자동차 진안군 모델별 보조금,2021,진안군
화물(초소형),디피코,포트로-탑S,600,300.0,900.0,2021년도 전기자동차 진안군 모델별 보조금,2021,진안군
화물(초소형),디피코,포트로-픽업S,600,300.0,900.0,2021년도 전기자동차 진안군 모델별 보조금,2021,진안군
화물(경형),파워프라자,라보ev PEACE,1100,650.0,1750.0,2021년도 전기자동차 진안군 모델별 보조금,2021,진안군
화물(소형),제인모터스,제인모터스칼마토EV1톤내장탑차,1600,900.0,2500.0,2021년도 전기자동차 진안군 모델별 보조금,2021,진안군
화물(소형),파워프라자,봉고3ev PEACE,1600,900.0,2500.0,2021년도 전기자동차 진안군 모델별 보조금,2021,진안군
화물(소형),파워프라자,봉고3ev PEACE 더블캡,1600,900.0,2500.0,2021년도 전기자동차 진안군 모델별 보조금,2021,진안군
화물(소형),현대자동차,포터Ⅱ 일렉트릭 특장차,1600,900.0,2500.0,2021년도 전기자동차 진안군 모델별 보조금,2021,진안군
화물(소형),현대자동차,포터Ⅱ 일렉트릭 파워게이트,1600,900.0,2500.0,2021년도 전기자동차 진안군 모델별 보조금,2021,진안군
화물(소형),현대자동차,포터Ⅱ 일렉트릭 내장탑차,1600,900.0,2500.0,2021년도 전기자동차 진안군 모델별 보조금,2021,진안군
화물(소형),현대자동차,포터Ⅱ 일렉트릭 내장탑저상,1600,900.0,2500.0,2021년도 전기자동차 진안군 모델별 보조금,2021,진안군
화물(소형),현대자동차,포터Ⅱ 일렉트릭 내장탑하이,1600,900.0,2500.0,2021년도 전기자동차 진안군 모델별 보조금,2021,진안군
화물(소형),현대자동차,포터Ⅱ 일렉트릭 냉동탑저상,1600,900.0,2500.0,2021년도 전기자동차 진안군 모델별 보조금,2021,진안군
화물(소형),현대자동차,포터Ⅱ 일렉트릭(24MY),1600,900.0,2500.0,2021년도 전기자동차 진안군 모델별 보조금,2021,진안군
화물(소형),기아,봉고 전기차,1600,900.0,2500.0,2021년도 전기자동차 진안군 모델별 보조금,2021,진안군
화물(소형),기아,봉고Ⅲ 전기차 특장차,1600,900.0,2500.0,2021년도 전기자동차 진안군 모델별 보조금,2021,진안군
화물(소형),기아,봉고Ⅲ 전기차 파워게이트 2단 알루미늄,1600,900.0,2500.0,2021년도 전기자동차 진안군 모델별 보조금,2021,진안군
화물(소형),기아,봉고Ⅲ 전기차 내장차,1600,900.0,2500.0,2021년도 전기자동차 진안군 모델별 보조금,2021,진안군
화물(소형),기아,봉고Ⅲ 전기차 저상 내장차,1600,900.0,2500.0,2021년도 전기자동차 진안군 모델별 보조금,2021,진안군
화물(소형),기아,봉고Ⅲ 전기차 플러스 내장차,1600,900.0,2500.0,2021년도 전기자동차 진안군 모델별 보조금,2021,진안군
화물(소형),일진정공,일진무시동전기냉동탑차(149.9km),2100,900.0,3000.0,2021년도 전기자동차 진안군 모델별 보조금,2021,진안군
화물(소형),일진정공,일진무시동전기냉동탑차(186.1km),2100,900.0,3000.0,2021년도 전기자동차 진안군 모델별 보조금,2021,진안군
화물(소형),코리아에어카고에이전시,LSEV,1600,900.0,2500.0,2021년도 전기자동차 진안군 모델별 보조금,2021,진안군
화물(소형),루트17,다니고밴,1600,900.0,2500.0,2021년도 전기자동차 진안군 모델별 보조금,2021,진안군
화물(소형),케이지모빌리티커머셜,SMART T1.0,1600,900.0,2500.0,2021년도 전기자동차 진안군 모델별 보조금,2021,진안군
화물(소형),한신자동차,플러스,1600,900.0,2500.0,2021년도 전기자동차 진안군 모델별 보조금,2021,진안군
화물(소형),한신자동차,플러스2.0,1600,900.0,2500.0,2021년도 전기자동차 진안군 모델별 보조금,2021,진안군
화물(소형),비바모빌리티,(단종)비바,1600,900.0,2500.0,2021년도 전기자동차 진안군 모델별 보조금,2021,진안군
화물(소형),비바모빌리티,젤라,1600,900.0,2500.0,2021년도 전기자동차 진안군 모델별 보조금,2021,진안군
화물(초소형),스마트솔루션즈,D2C,600,300.0,900.0,2021년도 전기자동차 무주군 모델별 보조금,2021,무주군
화물(초소형),스마트솔루션즈,D2P,600,300.0,900.0,2021년도 전기자동차 무주군 모델별 보조금,2021,무주군
화물(초소형),루트17,다니고3,600,300.0,900.0,2021년도 전기자동차 무주군 모델별 보조금,2021,무주군
화물(초소형),루트17,다니고3 픽업,600,300.0,900.0,2021년도 전기자동차 무주군 모델별 보조금,2021,무주군
화물(초소형),마스타전기차,MASTA VAN,600,300.0,900.0,2021년도 전기자동차 무주군 모델별 보조금,2021,무주군
화물(초소형),마스타전기차,MASTA HIM,600,300.0,900.0,2021년도 전기자동차 무주군 모델별 보조금,2021,무주군
화물(초소형),디피코,(단종)포트로,600,300.0,900.0,2021년도 전기자동차 무주군 모델별 보조금,2021,무주군
화물(초소형),디피코,포트로-탑,600,300.0,900.0,2021년도 전기자동차 무주군 모델별 보조금,2021,무주군
화물(초소형),디피코,포트로-픽업,600,300.0,900.0,2021년도 전기자동차 무주군 모델별 보조금,2021,무주군
화물(초소형),디피코,포트로-탑S,600,300.0,900.0,2021년도 전기자동차 무주군 모델별 보조금,2021,무주군
화물(초소형),디피코,포트로-픽업S,600,300.0,900.0,2021년도 전기자동차 무주군 모델별 보조금,2021,무주군
화물(경형),파워프라자,라보ev PEACE,1100,650.0,1750.0,2021년도 전기자동차 무주군 모델별 보조금,2021,무주군
화물(소형),제인모터스,제인모터스칼마토EV1톤내장탑차,1600,900.0,2500.0,2021년도 전기자동차 무주군 모델별 보조금,2021,무주군
화물(소형),파워프라자,봉고3ev PEACE,1600,900.0,2500.0,2021년도 전기자동차 무주군 모델별 보조금,2021,무주군
화물(소형),파워프라자,봉고3ev PEACE 더블캡,1600,900.0,2500.0,2021년도 전기자동차 무주군 모델별 보조금,2021,무주군
화물(소형),현대자동차,포터Ⅱ 일렉트릭 특장차,1600,900.0,2500.0,2021년도 전기자동차 무주군 모델별 보조금,2021,무주군
화물(소형),현대자동차,포터Ⅱ 일렉트릭 파워게이트,1600,900.0,2500.0,2021년도 전기자동차 무주군 모델별 보조금,2021,무주군
화물(소형),현대자동차,포터Ⅱ 일렉트릭 내장탑차,1600,900.0,2500.0,2021년도 전기자동차 무주군 모델별 보조금,2021,무주군
화물(소형),현대자동차,포터Ⅱ 일렉트릭 내장탑저상,1600,900.0,2500.0,2021년도 전기자동차 무주군 모델별 보조금,2021,무주군
화물(소형),현대자동차,포터Ⅱ 일렉트릭 내장탑하이,1600,900.0,2500.0,2021년도 전기자동차 무주군 모델별 보조금,2021,무주군
화물(소형),현대자동차,포터Ⅱ 일렉트릭 냉동탑저상,1600,900.0,2500.0,2021년도 전기자동차 무주군 모델별 보조금,2021,무주군
화물(소형),현대자동차,포터Ⅱ 일렉트릭(24MY),1600,900.0,2500.0,2021년도 전기자동차 무주군 모델별 보조금,2021,무주군
화물(소형),기아,봉고 전기차,1600,900.0,2500.0,2021년도 전기자동차 무주군 모델별 보조금,2021,무주군
화물(소형),기아,봉고Ⅲ 전기차 특장차,1600,900.0,2500.0,2021년도 전기자동차 무주군 모델별 보조금,2021,무주군
화물(소형),기아,봉고Ⅲ 전기차 파워게이트 2단 알루미늄,1600,900.0,2500.0,2021년도 전기자동차 무주군 모델별 보조금,2021,무주군
화물(소형),기아,봉고Ⅲ 전기차 내장차,1600,900.0,2500.0,2021년도 전기자동차 무주군 모델별 보조금,2021,무주군
화물(소형),기아,봉고Ⅲ 전기차 저상 내장차,1600,900.0,2500.0,2021년도 전기자동차 무주군 모델별 보조금,2021,무주군
화물(소형),기아,봉고Ⅲ 전기차 플러스 내장차,1600,900.0,2500.0,2021년도 전기자동차 무주군 모델별 보조금,2021,무주군
화물(소형),일진정공,일진무시동전기냉동탑차(149.9km),2100,900.0,3000.0,2021년도 전기자동차 무주군 모델별 보조금,2021,무주군
화물(소형),일진정공,일진무시동전기냉동탑차(186.1km),2100,900.0,3000.0,2021년도 전기자동차 무주군 모델별 보조금,2021,무주군
화물(소형),코리아에어카고에이전시,LSEV,1600,900.0,2500.0,2021년도 전기자동차 무주군 모델별 보조금,2021,무주군
화물(소형),루트17,다니고밴,1600,900.0,2500.0,2021년도 전기자동차 무주군 모델별 보조금,2021,무주군
화물(소형),케이지모빌리티커머셜,SMART T1.0,1600,900.0,2500.0,2021년도 전기자동차 무주군 모델별 보조금,2021,무주군
화물(소형),한신자동차,플러스,1600,900.0,2500.0,2021년도 전기자동차 무주군 모델별 보조금,2021,무주군
화물(소형),한신자동차,플러스2.0,1600,900.0,2500.0,2021년도 전기자동차 무주군 모델별 보조금,2021,무주군
화물(소형),비바모빌리티,(단종)비바,1600,900.0,2500.0,2021년도 전기자동차 무주군 모델별 보조금,2021,무주군
화물(소형),비바모빌리티,젤라,1600,900.0,2500.0,2021년도 전기자동차 무주군 모델별 보조금,2021,무주군
화물(초소형),스마트솔루션즈,D2C,600,300.0,900.0,2021년도 전기자동차 장수군 모델별 보조금,2021,장수군
화물(초소형),스마트솔루션즈,D2P,600,300.0,900.0,2021년도 전기자동차 장수군 모델별 보조금,2021,장수군
화물(초소형),루트17,다니고3,600,300.0,900.0,2021년도 전기자동차 장수군 모델별 보조금,2021,장수군
화물(초소형),루트17,다니고3 픽업,600,300.0,900.0,2021년도 전기자동차 장수군 모델별 보조금,2021,장수군
화물(초소형),마스타전기차,MASTA VAN,600,300.0,900.0,2021년도 전기자동차 장수군 모델별 보조금,2021,장수군
화물(초소형),마스타전기차,MASTA HIM,600,300.0,900.0,2021년도 전기자동차 장수군 모델별 보조금,2021,장수군
화물(초소형),디피코,(단종)포트로,600,300.0,900.0,2021년도 전기자동차 장수군 모델별 보조금,2021,장수군
화물(초소형),디피코,포트로-탑,600,300.0,900.0,2021년도 전기자동차 장수군 모델별 보조금,2021,장수군
화물(초소형),디피코,포트로-픽업,600,300.0,900.0,2021년도 전기자동차 장수군 모델별 보조금,2021,장수군
화물(초소형),디피코,포트로-탑S,600,300.0,900.0,2021년도 전기자동차 장수군 모델별 보조금,2021,장수군
화물(초소형),디피코,포트로-픽업S,600,300.0,900.0,2021년도 전기자동차 장수군 모델별 보조금,2021,장수군
화물(경형),파워프라자,라보ev PEACE,1100,650.0,1750.0,2021년도 전기자동차 장수군 모델별 보조금,2021,장수군
화물(소형),제인모터스,제인모터스칼마토EV1톤내장탑차,1600,900.0,2500.0,2021년도 전기자동차 장수군 모델별 보조금,2021,장수군
화물(소형),파워프라자,봉고3ev PEACE,1600,900.0,2500.0,2021년도 전기자동차 장수군 모델별 보조금,2021,장수군
화물(소형),파워프라자,봉고3ev PEACE 더블캡,1600,900.0,2500.0,2021년도 전기자동차 장수군 모델별 보조금,2021,장수군
화물(소형),현대자동차,포터Ⅱ 일렉트릭 특장차,1600,900.0,2500.0,2021년도 전기자동차 장수군 모델별 보조금,2021,장수군
화물(소형),현대자동차,포터Ⅱ 일렉트릭 파워게이트,1600,900.0,2500.0,2021년도 전기자동차 장수군 모델별 보조금,2021,장수군
화물(소형),현대자동차,포터Ⅱ 일렉트릭 내장탑차,1600,900.0,2500.0,2021년도 전기자동차 장수군 모델별 보조금,2021,장수군
화물(소형),현대자동차,포터Ⅱ 일렉트릭 내장탑저상,1600,900.0,2500.0,2021년도 전기자동차 장수군 모델별 보조금,2021,장수군
화물(소형),현대자동차,포터Ⅱ 일렉트릭 내장탑하이,1600,900.0,2500.0,2021년도 전기자동차 장수군 모델별 보조금,2021,장수군
화물(소형),현대자동차,포터Ⅱ 일렉트릭 냉동탑저상,1600,900.0,2500.0,2021년도 전기자동차 장수군 모델별 보조금,2021,장수군
화물(소형),현대자동차,포터Ⅱ 일렉트릭(24MY),1600,900.0,2500.0,2021년도 전기자동차 장수군 모델별 보조금,2021,장수군
화물(소형),기아,봉고 전기차,1600,900.0,2500.0,2021년도 전기자동차 장수군 모델별 보조금,2021,장수군
화물(소형),기아,봉고Ⅲ 전기차 특장차,1600,900.0,2500.0,2021년도 전기자동차 장수군 모델별 보조금,2021,장수군
화물(소형),기아,봉고Ⅲ 전기차 파워게이트 2단 알루미늄,1600,900.0,2500.0,2021년도 전기자동차 장수군 모델별 보조금,2021,장수군
화물(소형),기아,봉고Ⅲ 전기차 내장차,1600,900.0,2500.0,2021년도 전기자동차 장수군 모델별 보조금,2021,장수군
화물(소형),기아,봉고Ⅲ 전기차 저상 내장차,1600,900.0,2500.0,2021년도 전기자동차 장수군 모델별 보조금,2021,장수군
화물(소형),기아,봉고Ⅲ 전기차 플러스 내장차,1600,900.0,2500.0,2021년도 전기자동차 장수군 모델별 보조금,2021,장수군
화물(소형),일진정공,일진무시동전기냉동탑차(149.9km),2100,900.0,3000.0,2021년도 전기자동차 장수군 모델별 보조금,2021,장수군
화물(소형),일진정공,일진무시동전기냉동탑차(186.1km),2100,900.0,3000.0,2021년도 전기자동차 장수군 모델별 보조금,2021,장수군
화물(소형),코리아에어카고에이전시,LSEV,1600,900.0,2500.0,2021년도 전기자동차 장수군 모델별 보조금,2021,장수군
화물(소형),루트17,다니고밴,1600,900.0,2500.0,2021년도 전기자동차 장수군 모델별 보조금,2021,장수군
화물(소형),케이지모빌리티커머셜,SMART T1.0,1600,900.0,2500.0,2021년도 전기자동차 장수군 모델별 보조금,2021,장수군
화물(소형),한신자동차,플러스,1600,900.0,2500.0,2021년도 전기자동차 장수군 모델별 보조금,2021,장수군
화물(소형),한신자동차,플러스2.0,1600,900.0,2500.0,2021년도 전기자동차 장수군 모델별 보조금,2021,장수군
화물(소형),비바모빌리티,(단종)비바,1600,900.0,2500.0,2021년도 전기자동차 장수군 모델별 보조금,2021,장수군
화물(소형),비바모빌리티,젤라,1600,900.0,2500.0,2021년도 전기자동차 장수군 모델별 보조금,2021,장수군
화물(초소형),스마트솔루션즈,D2C,600,300.0,900.0,2021년도 전기자동차 임실군 모델별 보조금,2021,임실군
화물(초소형),스마트솔루션즈,D2P,600,300.0,900.0,2021년도 전기자동차 임실군 모델별 보조금,2021,임실군
화물(초소형),루트17,다니고3,600,300.0,900.0,2021년도 전기자동차 임실군 모델별 보조금,2021,임실군
화물(초소형),루트17,다니고3 픽업,600,300.0,900.0,2021년도 전기자동차 임실군 모델별 보조금,2021,임실군
화물(초소형),마스타전기차,MASTA VAN,600,300.0,900.0,2021년도 전기자동차 임실군 모델별 보조금,2021,임실군
화물(초소형),마스타전기차,MASTA HIM,600,300.0,900.0,2021년도 전기자동차 임실군 모델별 보조금,2021,임실군
화물(초소형),디피코,(단종)포트로,600,300.0,900.0,2021년도 전기자동차 임실군 모델별 보조금,2021,임실군
화물(초소형),디피코,포트로-탑,600,300.0,900.0,2021년도 전기자동차 임실군 모델별 보조금,2021,임실군
화물(초소형),디피코,포트로-픽업,600,300.0,900.0,2021년도 전기자동차 임실군 모델별 보조금,2021,임실군
화물(초소형),디피코,포트로-탑S,600,300.0,900.0,2021년도 전기자동차 임실군 모델별 보조금,2021,임실군
화물(초소형),디피코,포트로-픽업S,600,300.0,900.0,2021년도 전기자동차 임실군 모델별 보조금,2021,임실군
화물(경형),파워프라자,라보ev PEACE,1100,650.0,1750.0,2021년도 전기자동차 임실군 모델별 보조금,2021,임실군
화물(소형),제인모터스,제인모터스칼마토EV1톤내장탑차,1600,900.0,2500.0,2021년도 전기자동차 임실군 모델별 보조금,2021,임실군
화물(소형),파워프라자,봉고3ev PEACE,1600,900.0,2500.0,2021년도 전기자동차 임실군 모델별 보조금,2021,임실군
화물(소형),파워프라자,봉고3ev PEACE 더블캡,1600,900.0,2500.0,2021년도 전기자동차 임실군 모델별 보조금,2021,임실군
화물(소형),현대자동차,포터Ⅱ 일렉트릭 특장차,1600,900.0,2500.0,2021년도 전기자동차 임실군 모델별 보조금,2021,임실군
화물(소형),현대자동차,포터Ⅱ 일렉트릭 파워게이트,1600,900.0,2500.0,2021년도 전기자동차 임실군 모델별 보조금,2021,임실군
화물(소형),현대자동차,포터Ⅱ 일렉트릭 내장탑차,1600,900.0,2500.0,2021년도 전기자동차 임실군 모델별 보조금,2021,임실군
화물(소형),현대자동차,포터Ⅱ 일렉트릭 내장탑저상,1600,900.0,2500.0,2021년도 전기자동차 임실군 모델별 보조금,2021,임실군
화물(소형),현대자동차,포터Ⅱ 일렉트릭 내장탑하이,1600,900.0,2500.0,2021년도 전기자동차 임실군 모델별 보조금,2021,임실군
화물(소형),현대자동차,포터Ⅱ 일렉트릭 냉동탑저상,1600,900.0,2500.0,2021년도 전기자동차 임실군 모델별 보조금,2021,임실군
화물(소형),현대자동차,포터Ⅱ 일렉트릭(24MY),1600,900.0,2500.0,2021년도 전기자동차 임실군 모델별 보조금,2021,임실군
화물(소형),기아,봉고 전기차,1600,900.0,2500.0,2021년도 전기자동차 임실군 모델별 보조금,2021,임실군
화물(소형),기아,봉고Ⅲ 전기차 특장차,1600,900.0,2500.0,2021년도 전기자동차 임실군 모델별 보조금,2021,임실군
화물(소형),기아,봉고Ⅲ 전기차 파워게이트 2단 알루미늄,1600,900.0,2500.0,2021년도 전기자동차 임실군 모델별 보조금,2021,임실군
화물(소형),기아,봉고Ⅲ 전기차 내장차,1600,900.0,2500.0,2021년도 전기자동차 임실군 모델별 보조금,2021,임실군
화물(소형),기아,봉고Ⅲ 전기차 저상 내장차,1600,900.0,2500.0,2021년도 전기자동차 임실군 모델별 보조금,2021,임실군
화물(소형),기아,봉고Ⅲ 전기차 플러스 내장차,1600,900.0,2500.0,2021년도 전기자동차 임실군 모델별 보조금,2021,임실군
화물(소형),일진정공,일진무시동전기냉동탑차(149.9km),2100,900.0,3000.0,2021년도 전기자동차 임실군 모델별 보조금,2021,임실군
화물(소형),일진정공,일진무시동전기냉동탑차(186.1km),2100,900.0,3000.0,2021년도 전기자동차 임실군 모델별 보조금,2021,임실군
화물(소형),코리아에어카고에이전시,LSEV,1600,900.0,2500.0,2021년도 전기자동차 임실군 모델별 보조금,2021,임실군
화물(소형),루트17,다니고밴,1600,900.0,2500.0,2021년도 전기자동차 임실군 모델별 보조금,2021,임실군
화물(소형),케이지모빌리티커머셜,SMART T1.0,1600,900.0,2500.0,2021년도 전기자동차 임실군 모델별 보조금,2021,임실군
화물(소형),한신자동차,플러스,1600,900.0,2500.0,2021년도 전기자동차 임실군 모델별 보조금,2021,임실군
화물(소형),한신자동차,플러스2.0,1600,900.0,2500.0,2021년도 전기자동차 임실군 모델별 보조금,2021,임실군
화물(소형),비바모빌리티,(단종)비바,1600,900.0,2500.0,2021년도 전기자동차 임실군 모델별 보조금,2021,임실군
화물(소형),비바모빌리티,젤라,1600,900.0,2500.0,2021년도 전기자동차 임실군 모델별 보조금,2021,임실군
화물(초소형),스마트솔루션즈,D2C,600,300.0,900.0,2021년도 전기자동차 순창군 모델별 보조금,2021,순창군
화물(초소형),스마트솔루션즈,D2P,600,0.0,600.0,2021년도 전기자동차 순창군 모델별 보조금,2021,순창군
화물(초소형),루트17,다니고3,600,300.0,900.0,2021년도 전기자동차 순창군 모델별 보조금,2021,순창군
화물(초소형),루트17,다니고3 픽업,600,300.0,900.0,2021년도 전기자동차 순창군 모델별 보조금,2021,순창군
화물(초소형),마스타전기차,MASTA VAN,600,300.0,900.0,2021년도 전기자동차 순창군 모델별 보조금,2021,순창군
화물(초소형),마스타전기차,MASTA HIM,600,300.0,900.0,2021년도 전기자동차 순창군 모델별 보조금,2021,순창군
화물(초소형),디피코,(단종)포트로,600,300.0,900.0,2021년도 전기자동차 순창군 모델별 보조금,2021,순창군
화물(초소형),디피코,포트로-탑,600,300.0,900.0,2021년도 전기자동차 순창군 모델별 보조금,2021,순창군
화물(초소형),디피코,포트로-픽업,600,300.0,900.0,2021년도 전기자동차 순창군 모델별 보조금,2021,순창군
화물(초소형),디피코,포트로-탑S,600,300.0,900.0,2021년도 전기자동차 순창군 모델별 보조금,2021,순창군
화물(초소형),디피코,포트로-픽업S,600,300.0,900.0,2021년도 전기자동차 순창군 모델별 보조금,2021,순창군
화물(경형),파워프라자,라보ev PEACE,1100,650.0,1750.0,2021년도 전기자동차 순창군 모델별 보조금,2021,순창군
화물(소형),제인모터스,제인모터스칼마토EV1톤내장탑차,1600,900.0,2500.0,2021년도 전기자동차 순창군 모델별 보조금,2021,순창군
화물(소형),파워프라자,봉고3ev PEACE,1600,900.0,2500.0,2021년도 전기자동차 순창군 모델별 보조금,2021,순창군
화물(소형),파워프라자,봉고3ev PEACE 더블캡,1600,900.0,2500.0,2021년도 전기자동차 순창군 모델별 보조금,2021,순창군
화물(소형),현대자동차,포터Ⅱ 일렉트릭 특장차,1600,900.0,2500.0,2021년도 전기자동차 순창군 모델별 보조금,2021,순창군
화물(소형),현대자동차,포터Ⅱ 일렉트릭 파워게이트,1600,900.0,2500.0,2021년도 전기자동차 순창군 모델별 보조금,2021,순창군
화물(소형),현대자동차,포터Ⅱ 일렉트릭 내장탑차,1600,900.0,2500.0,2021년도 전기자동차 순창군 모델별 보조금,2021,순창군
화물(소형),현대자동차,포터Ⅱ 일렉트릭 내장탑저상,1600,900.0,2500.0,2021년도 전기자동차 순창군 모델별 보조금,2021,순창군
화물(소형),현대자동차,포터Ⅱ 일렉트릭 내장탑하이,1600,900.0,2500.0,2021년도 전기자동차 순창군 모델별 보조금,2021,순창군
화물(소형),현대자동차,포터Ⅱ 일렉트릭 냉동탑저상,1600,900.0,2500.0,2021년도 전기자동차 순창군 모델별 보조금,2021,순창군
화물(소형),현대자동차,포터Ⅱ 일렉트릭(24MY),1600,900.0,2500.0,2021년도 전기자동차 순창군 모델별 보조금,2021,순창군
화물(소형),기아,봉고 전기차,1600,900.0,2500.0,2021년도 전기자동차 순창군 모델별 보조금,2021,순창군
화물(소형),기아,봉고Ⅲ 전기차 특장차,1600,900.0,2500.0,2021년도 전기자동차 순창군 모델별 보조금,2021,순창군
화물(소형),기아,봉고Ⅲ 전기차 파워게이트 2단 알루미늄,1600,900.0,2500.0,2021년도 전기자동차 순창군 모델별 보조금,2021,순창군
화물(소형),기아,봉고Ⅲ 전기차 내장차,1600,900.0,2500.0,2021년도 전기자동차 순창군 모델별 보조금,2021,순창군
화물(소형),기아,봉고Ⅲ 전기차 저상 내장차,1600,900.0,2500.0,2021년도 전기자동차 순창군 모델별 보조금,2021,순창군
화물(소형),기아,봉고Ⅲ 전기차 플러스 내장차,1600,900.0,2500.0,2021년도 전기자동차 순창군 모델별 보조금,2021,순창군
화물(소형),일진정공,일진무시동전기냉동탑차(149.9km),2100,900.0,3000.0,2021년도 전기자동차 순창군 모델별 보조금,2021,순창군
화물(소형),일진정공,일진무시동전기냉동탑차(186.1km),2100,900.0,3000.0,2021년도 전기자동차 순창군 모델별 보조금,2021,순창군
화물(소형),코리아에어카고에이전시,LSEV,1600,900.0,2500.0,2021년도 전기자동차 순창군 모델별 보조금,2021,순창군
화물(소형),루트17,다니고밴,1600,900.0,2500.0,2021년도 전기자동차 순창군 모델별 보조금,2021,순창군
화물(소형),케이지모빌리티커머셜,SMART T1.0,1600,900.0,2500.0,2021년도 전기자동차 순창군 모델별 보조금,2021,순창군
화물(소형),한신자동차,플러스,1600,900.0,2500.0,2021년도 전기자동차 순창군 모델별 보조금,2021,순창군
화물(소형),한신자동차,플러스2.0,1600,900.0,2500.0,2021년도 전기자동차 순창군 모델별 보조금,2021,순창군
화물(소형),비바모빌리티,(단종)비바,1600,900.0,2500.0,2021년도 전기자동차 순창군 모델별 보조금,2021,순창군
화물(소형),비바모빌리티,젤라,1600,900.0,2500.0,2021년도 전기자동차 순창군 모델별 보조금,2021,순창군
화물(초소형),스마트솔루션즈,D2C,600,300.0,900.0,2021년도 전기자동차 고창군 모델별 보조금,2021,고창군
화물(초소형),스마트솔루션즈,D2P,600,0.0,600.0,2021년도 전기자동차 고창군 모델별 보조금,2021,고창군
화물(초소형),루트17,다니고3,600,300.0,900.0,2021년도 전기자동차 고창군 모델별 보조금,2021,고창군
화물(초소형),루트17,다니고3 픽업,600,300.0,900.0,2021년도 전기자동차 고창군 모델별 보조금,2021,고창군
화물(초소형),마스타전기차,MASTA VAN,600,300.0,900.0,2021년도 전기자동차 고창군 모델별 보조금,2021,고창군
화물(초소형),마스타전기차,MASTA HIM,600,300.0,900.0,2021년도 전기자동차 고창군 모델별 보조금,2021,고창군
화물(초소형),디피코,(단종)포트로,600,300.0,900.0,2021년도 전기자동차 고창군 모델별 보조금,2021,고창군
화물(초소형),디피코,포트로-탑,600,300.0,900.0,2021년도 전기자동차 고창군 모델별 보조금,2021,고창군
화물(초소형),디피코,포트로-픽업,600,300.0,900.0,2021년도 전기자동차 고창군 모델별 보조금,2021,고창군
화물(초소형),디피코,포트로-탑S,600,300.0,900.0,2021년도 전기자동차 고창군 모델별 보조금,2021,고창군
화물(초소형),디피코,포트로-픽업S,600,300.0,900.0,2021년도 전기자동차 고창군 모델별 보조금,2021,고창군
화물(경형),파워프라자,라보ev PEACE,1100,650.0,1750.0,2021년도 전기자동차 고창군 모델별 보조금,2021,고창군
화물(소형),제인모터스,제인모터스칼마토EV1톤내장탑차,1600,900.0,2500.0,2021년도 전기자동차 고창군 모델별 보조금,2021,고창군
화물(소형),파워프라자,봉고3ev PEACE,1600,900.0,2500.0,2021년도 전기자동차 고창군 모델별 보조금,2021,고창군
화물(소형),파워프라자,봉고3ev PEACE 더블캡,1600,900.0,2500.0,2021년도 전기자동차 고창군 모델별 보조금,2021,고창군
화물(소형),현대자동차,포터Ⅱ 일렉트릭 특장차,1600,900.0,2500.0,2021년도 전기자동차 고창군 모델별 보조금,2021,고창군
화물(소형),현대자동차,포터Ⅱ 일렉트릭 파워게이트,1600,900.0,2500.0,2021년도 전기자동차 고창군 모델별 보조금,2021,고창군
화물(소형),현대자동차,포터Ⅱ 일렉트릭 내장탑차,1600,900.0,2500.0,2021년도 전기자동차 고창군 모델별 보조금,2021,고창군
화물(소형),현대자동차,포터Ⅱ 일렉트릭 내장탑저상,1600,900.0,2500.0,2021년도 전기자동차 고창군 모델별 보조금,2021,고창군
화물(소형),현대자동차,포터Ⅱ 일렉트릭 내장탑하이,1600,900.0,2500.0,2021년도 전기자동차 고창군 모델별 보조금,2021,고창군
화물(소형),현대자동차,포터Ⅱ 일렉트릭 냉동탑저상,1600,900.0,2500.0,2021년도 전기자동차 고창군 모델별 보조금,2021,고창군
화물(소형),현대자동차,포터Ⅱ 일렉트릭(24MY),1600,900.0,2500.0,2021년도 전기자동차 고창군 모델별 보조금,2021,고창군
화물(소형),기아,봉고 전기차,1600,900.0,2500.0,2021년도 전기자동차 고창군 모델별 보조금,2021,고창군
화물(소형),기아,봉고Ⅲ 전기차 특장차,1600,900.0,2500.0,2021년도 전기자동차 고창군 모델별 보조금,2021,고창군
화물(소형),기아,봉고Ⅲ 전기차 파워게이트 2단 알루미늄,1600,900.0,2500.0,2021년도 전기자동차 고창군 모델별 보조금,2021,고창군
화물(소형),기아,봉고Ⅲ 전기차 내장차,1600,900.0,2500.0,2021년도 전기자동차 고창군 모델별 보조금,2021,고창군
화물(소형),기아,봉고Ⅲ 전기차 저상 내장차,1600,900.0,2500.0,2021년도 전기자동차 고창군 모델별 보조금,2021,고창군
화물(소형),기아,봉고Ⅲ 전기차 플러스 내장차,1600,900.0,2500.0,2021년도 전기자동차 고창군 모델별 보조금,2021,고창군
화물(소형),일진정공,일진무시동전기냉동탑차(149.9km),2100,900.0,3000.0,2021년도 전기자동차 고창군 모델별 보조금,2021,고창군
화물(소형),일진정공,일진무시동전기냉동탑차(186.1km),2100,900.0,3000.0,2021년도 전기자동차 고창군 모델별 보조금,2021,고창군
화물(소형),코리아에어카고에이전시,LSEV,1600,900.0,2500.0,2021년도 전기자동차 고창군 모델별 보조금,2021,고창군
화물(소형),루트17,다니고밴,1600,900.0,2500.0,2021년도 전기자동차 고창군 모델별 보조금,2021,고창군
화물(소형),케이지모빌리티커머셜,SMART T1.0,1600,900.0,2500.0,2021년도 전기자동차 고창군 모델별 보조금,2021,고창군
화물(소형),한신자동차,플러스,1600,900.0,2500.0,2021년도 전기자동차 고창군 모델별 보조금,2021,고창군
화물(소형),한신자동차,플러스2.0,1600,900.0,2500.0,2021년도 전기자동차 고창군 모델별 보조금,2021,고창군
화물(소형),비바모빌리티,(단종)비바,1600,900.0,2500.0,2021년도 전기자동차 고창군 모델별 보조금,2021,고창군
화물(소형),비바모빌리티,젤라,1600,900.0,2500.0,2021년도 전기자동차 고창군 모델별 보조금,2021,고창군
화물(초소형),스마트솔루션즈,D2C,600,300.0,900.0,2021년도 전기자동차 부안군 모델별 보조금,2021,부안군
화물(초소형),스마트솔루션즈,D2P,600,0.0,600.0,2021년도 전기자동차 부안군 모델별 보조금,2021,부안군
화물(초소형),루트17,다니고3,600,300.0,900.0,2021년도 전기자동차 부안군 모델별 보조금,2021,부안군
화물(초소형),루트17,다니고3 픽업,600,300.0,900.0,2021년도 전기자동차 부안군 모델별 보조금,2021,부안군
화물(초소형),마스타전기차,MASTA VAN,600,300.0,900.0,2021년도 전기자동차 부안군 모델별 보조금,2021,부안군
화물(초소형),마스타전기차,MASTA HIM,600,300.0,900.0,2021년도 전기자동차 부안군 모델별 보조금,2021,부안군
화물(초소형),디피코,(단종)포트로,600,300.0,900.0,2021년도 전기자동차 부안군 모델별 보조금,2021,부안군
화물(초소형),디피코,포트로-탑,600,300.0,900.0,2021년도 전기자동차 부안군 모델별 보조금,2021,부안군
화물(초소형),디피코,포트로-픽업,600,300.0,900.0,2021년도 전기자동차 부안군 모델별 보조금,2021,부안군
화물(초소형),디피코,포트로-탑S,600,300.0,900.0,2021년도 전기자동차 부안군 모델별 보조금,2021,부안군
화물(초소형),디피코,포트로-픽업S,600,300.0,900.0,2021년도 전기자동차 부안군 모델별 보조금,2021,부안군
화물(경형),파워프라자,라보ev PEACE,1100,650.0,1750.0,2021년도 전기자동차 부안군 모델별 보조금,2021,부안군
화물(소형),제인모터스,제인모터스칼마토EV1톤내장탑차,1600,900.0,2500.0,2021년도 전기자동차 부안군 모델별 보조금,2021,부안군
화물(소형),파워프라자,봉고3ev PEACE,1600,900.0,2500.0,2021년도 전기자동차 부안군 모델별 보조금,2021,부안군
화물(소형),파워프라자,봉고3ev PEACE 더블캡,1600,900.0,2500.0,2021년도 전기자동차 부안군 모델별 보조금,2021,부안군
화물(소형),현대자동차,포터Ⅱ 일렉트릭 특장차,1600,900.0,2500.0,2021년도 전기자동차 부안군 모델별 보조금,2021,부안군
화물(소형),현대자동차,포터Ⅱ 일렉트릭 파워게이트,1600,900.0,2500.0,2021년도 전기자동차 부안군 모델별 보조금,2021,부안군
화물(소형),현대자동차,포터Ⅱ 일렉트릭 내장탑차,1600,900.0,2500.0,2021년도 전기자동차 부안군 모델별 보조금,2021,부안군
화물(소형),현대자동차,포터Ⅱ 일렉트릭 내장탑저상,1600,900.0,2500.0,2021년도 전기자동차 부안군 모델별 보조금,2021,부안군
화물(소형),현대자동차,포터Ⅱ 일렉트릭 내장탑하이,1600,900.0,2500.0,2021년도 전기자동차 부안군 모델별 보조금,2021,부안군
화물(소형),현대자동차,포터Ⅱ 일렉트릭 냉동탑저상,1600,900.0,2500.0,2021년도 전기자동차 부안군 모델별 보조금,2021,부안군
화물(소형),현대자동차,포터Ⅱ 일렉트릭(24MY),1600,900.0,2500.0,2021년도 전기자동차 부안군 모델별 보조금,2021,부안군
화물(소형),기아,봉고 전기차,1600,900.0,2500.0,2021년도 전기자동차 부안군 모델별 보조금,2021,부안군
화물(소형),기아,봉고Ⅲ 전기차 특장차,1600,900.0,2500.0,2021년도 전기자동차 부안군 모델별 보조금,2021,부안군
화물(소형),기아,봉고Ⅲ 전기차 파워게이트 2단 알루미늄,1600,900.0,2500.0,2021년도 전기자동차 부안군 모델별 보조금,2021,부안군
화물(소형),기아,봉고Ⅲ 전기차 내장차,1600,900.0,2500.0,2021년도 전기자동차 부안군 모델별 보조금,2021,부안군
화물(소형),기아,봉고Ⅲ 전기차 저상 내장차,1600,900.0,2500.0,2021년도 전기자동차 부안군 모델별 보조금,2021,부안군
화물(소형),기아,봉고Ⅲ 전기차 플러스 내장차,1600,900.0,2500.0,2021년도 전기자동차 부안군 모델별 보조금,2021,부안군
화물(소형),일진정공,일진무시동전기냉동탑차(149.9km),2100,900.0,3000.0,2021년도 전기자동차 부안군 모델별 보조금,2021,부안군
화물(소형),일진정공,일진무시동전기냉동탑차(186.1km),2100,900.0,3000.0,2021년도 전기자동차 부안군 모델별 보조금,2021,부안군
화물(소형),코리아에어카고에이전시,LSEV,1600,900.0,2500.0,2021년도 전기자동차 부안군 모델별 보조금,2021,부안군
화물(소형),루트17,다니고밴,1600,900.0,2500.0,2021년도 전기자동차 부안군 모델별 보조금,2021,부안군
화물(소형),케이지모빌리티커머셜,SMART T1.0,1600,900.0,2500.0,2021년도 전기자동차 부안군 모델별 보조금,2021,부안군
화물(소형),한신자동차,플러스,1600,900.0,2500.0,2021년도 전기자동차 부안군 모델별 보조금,2021,부안군
화물(소형),한신자동차,플러스2.0,1600,900.0,2500.0,2021년도 전기자동차 부안군 모델별 보조금,2021,부안군
화물(소형),비바모빌리티,(단종)비바,1600,900.0,2500.0,2021년도 전기자동차 부안군 모델별 보조금,2021,부안군
화물(소형),비바모빌리티,젤라,1600,900.0,2500.0,2021년도 전기자동차 부안군 모델별 보조금,2021,부안군
화물(초소형),스마트솔루션즈,D2C,600,270.0,870.0,2021년도 전기자동차 목포시 모델별 보조금,2021,목포시
화물(초소형),스마트솔루션즈,D2P,600,270.0,870.0,2021년도 전기자동차 목포시 모델별 보조금,2021,목포시
화물(초소형),루트17,다니고3,600,270.0,870.0,2021년도 전기자동차 목포시 모델별 보조금,2021,목포시
화물(초소형),루트17,다니고3 픽업,600,270.0,870.0,2021년도 전기자동차 목포시 모델별 보조금,2021,목포시
화물(초소형),마스타전기차,MASTA VAN,600,270.0,870.0,2021년도 전기자동차 목포시 모델별 보조금,2021,목포시
화물(초소형),마스타전기차,MASTA HIM,600,270.0,870.0,2021년도 전기자동차 목포시 모델별 보조금,2021,목포시
화물(초소형),디피코,(단종)포트로,600,270.0,870.0,2021년도 전기자동차 목포시 모델별 보조금,2021,목포시
화물(초소형),디피코,포트로-탑,600,270.0,870.0,2021년도 전기자동차 목포시 모델별 보조금,2021,목포시
화물(초소형),디피코,포트로-픽업,600,270.0,870.0,2021년도 전기자동차 목포시 모델별 보조금,2021,목포시
화물(초소형),디피코,포트로-탑S,600,270.0,870.0,2021년도 전기자동차 목포시 모델별 보조금,2021,목포시
화물(초소형),디피코,포트로-픽업S,600,270.0,870.0,2021년도 전기자동차 목포시 모델별 보조금,2021,목포시
화물(경형),파워프라자,라보ev PEACE,1100,494.0,1594.0,2021년도 전기자동차 목포시 모델별 보조금,2021,목포시
화물(소형),제인모터스,제인모터스칼마토EV1톤내장탑차,1600,720.0,2320.0,2021년도 전기자동차 목포시 모델별 보조금,2021,목포시
화물(소형),파워프라자,봉고3ev PEACE,1600,720.0,2320.0,2021년도 전기자동차 목포시 모델별 보조금,2021,목포시
화물(소형),파워프라자,봉고3ev PEACE 더블캡,1600,720.0,2320.0,2021년도 전기자동차 목포시 모델별 보조금,2021,목포시
화물(소형),현대자동차,포터Ⅱ 일렉트릭 특장차,1600,720.0,2320.0,2021년도 전기자동차 목포시 모델별 보조금,2021,목포시
화물(소형),현대자동차,포터Ⅱ 일렉트릭 파워게이트,1600,720.0,2320.0,2021년도 전기자동차 목포시 모델별 보조금,2021,목포시
화물(소형),현대자동차,포터Ⅱ 일렉트릭 내장탑차,1600,720.0,2320.0,2021년도 전기자동차 목포시 모델별 보조금,2021,목포시
화물(소형),현대자동차,포터Ⅱ 일렉트릭 내장탑저상,1600,720.0,2320.0,2021년도 전기자동차 목포시 모델별 보조금,2021,목포시
화물(소형),현대자동차,포터Ⅱ 일렉트릭 내장탑하이,1600,720.0,2320.0,2021년도 전기자동차 목포시 모델별 보조금,2021,목포시
화물(소형),현대자동차,포터Ⅱ 일렉트릭 냉동탑저상,1600,720.0,2320.0,2021년도 전기자동차 목포시 모델별 보조금,2021,목포시
화물(소형),현대자동차,포터Ⅱ 일렉트릭(24MY),1600,720.0,2320.0,2021년도 전기자동차 목포시 모델별 보조금,2021,목포시
화물(소형),기아,봉고 전기차,1600,720.0,2320.0,2021년도 전기자동차 목포시 모델별 보조금,2021,목포시
화물(소형),기아,봉고Ⅲ 전기차 특장차,1600,720.0,2320.0,2021년도 전기자동차 목포시 모델별 보조금,2021,목포시
화물(소형),기아,봉고Ⅲ 전기차 파워게이트 2단 알루미늄,1600,720.0,2320.0,2021년도 전기자동차 목포시 모델별 보조금,2021,목포시
화물(소형),기아,봉고Ⅲ 전기차 내장차,1600,720.0,2320.0,2021년도 전기자동차 목포시 모델별 보조금,2021,목포시
화물(소형),기아,봉고Ⅲ 전기차 저상 내장차,1600,720.0,2320.0,2021년도 전기자동차 목포시 모델별 보조금,2021,목포시
화물(소형),기아,봉고Ⅲ 전기차 플러스 내장차,1600,720.0,2320.0,2021년도 전기자동차 목포시 모델별 보조금,2021,목포시
화물(소형),일진정공,일진무시동전기냉동탑차(149.9km),2100,720.0,2820.0,2021년도 전기자동차 목포시 모델별 보조금,2021,목포시
화물(소형),일진정공,일진무시동전기냉동탑차(186.1km),2100,720.0,2820.0,2021년도 전기자동차 목포시 모델별 보조금,2021,목포시
화물(소형),코리아에어카고에이전시,LSEV,1600,720.0,2320.0,2021년도 전기자동차 목포시 모델별 보조금,2021,목포시
화물(소형),루트17,다니고밴,1600,720.0,2320.0,2021년도 전기자동차 목포시 모델별 보조금,2021,목포시
화물(소형),케이지모빌리티커머셜,SMART T1.0,1600,720.0,2320.0,2021년도 전기자동차 목포시 모델별 보조금,2021,목포시
화물(소형),한신자동차,플러스,1600,720.0,2320.0,2021년도 전기자동차 목포시 모델별 보조금,2021,목포시
화물(소형),한신자동차,플러스2.0,1600,720.0,2320.0,2021년도 전기자동차 목포시 모델별 보조금,2021,목포시
화물(소형),비바모빌리티,(단종)비바,1600,720.0,2320.0,2021년도 전기자동차 목포시 모델별 보조금,2021,목포시
화물(소형),비바모빌리티,젤라,1600,720.0,2320.0,2021년도 전기자동차 목포시 모델별 보조금,2021,목포시
화물(초소형),스마트솔루션즈,D2C,600,270.0,870.0,2021년도 전기자동차 여수시 모델별 보조금,2021,여수시
화물(초소형),스마트솔루션즈,D2P,600,270.0,870.0,2021년도 전기자동차 여수시 모델별 보조금,2021,여수시
화물(초소형),루트17,다니고3,600,270.0,870.0,2021년도 전기자동차 여수시 모델별 보조금,2021,여수시
화물(초소형),루트17,다니고3 픽업,600,270.0,870.0,2021년도 전기자동차 여수시 모델별 보조금,2021,여수시
화물(초소형),마스타전기차,MASTA VAN,600,270.0,870.0,2021년도 전기자동차 여수시 모델별 보조금,2021,여수시
화물(초소형),마스타전기차,MASTA HIM,600,270.0,870.0,2021년도 전기자동차 여수시 모델별 보조금,2021,여수시
화물(초소형),디피코,(단종)포트로,600,270.0,870.0,2021년도 전기자동차 여수시 모델별 보조금,2021,여수시
화물(초소형),디피코,포트로-탑,600,270.0,870.0,2021년도 전기자동차 여수시 모델별 보조금,2021,여수시
화물(초소형),디피코,포트로-픽업,600,270.0,870.0,2021년도 전기자동차 여수시 모델별 보조금,2021,여수시
화물(초소형),디피코,포트로-탑S,600,270.0,870.0,2021년도 전기자동차 여수시 모델별 보조금,2021,여수시
화물(초소형),디피코,포트로-픽업S,600,270.0,870.0,2021년도 전기자동차 여수시 모델별 보조금,2021,여수시
화물(경형),파워프라자,라보ev PEACE,1100,495.0,1595.0,2021년도 전기자동차 여수시 모델별 보조금,2021,여수시
화물(소형),제인모터스,제인모터스칼마토EV1톤내장탑차,1600,720.0,2320.0,2021년도 전기자동차 여수시 모델별 보조금,2021,여수시
화물(소형),파워프라자,봉고3ev PEACE,1600,720.0,2320.0,2021년도 전기자동차 여수시 모델별 보조금,2021,여수시
화물(소형),파워프라자,봉고3ev PEACE 더블캡,1600,720.0,2320.0,2021년도 전기자동차 여수시 모델별 보조금,2021,여수시
화물(소형),현대자동차,포터Ⅱ 일렉트릭 특장차,1600,720.0,2320.0,2021년도 전기자동차 여수시 모델별 보조금,2021,여수시
화물(소형),현대자동차,포터Ⅱ 일렉트릭 파워게이트,1600,720.0,2320.0,2021년도 전기자동차 여수시 모델별 보조금,2021,여수시
화물(소형),현대자동차,포터Ⅱ 일렉트릭 내장탑차,1600,720.0,2320.0,2021년도 전기자동차 여수시 모델별 보조금,2021,여수시
화물(소형),현대자동차,포터Ⅱ 일렉트릭 내장탑저상,1600,720.0,2320.0,2021년도 전기자동차 여수시 모델별 보조금,2021,여수시
화물(소형),현대자동차,포터Ⅱ 일렉트릭 내장탑하이,1600,720.0,2320.0,2021년도 전기자동차 여수시 모델별 보조금,2021,여수시
화물(소형),현대자동차,포터Ⅱ 일렉트릭 냉동탑저상,1600,720.0,2320.0,2021년도 전기자동차 여수시 모델별 보조금,2021,여수시
화물(소형),현대자동차,포터Ⅱ 일렉트릭(24MY),1600,720.0,2320.0,2021년도 전기자동차 여수시 모델별 보조금,2021,여수시
화물(소형),기아,봉고 전기차,1600,720.0,2320.0,2021년도 전기자동차 여수시 모델별 보조금,2021,여수시
화물(소형),기아,봉고Ⅲ 전기차 특장차,1600,720.0,2320.0,2021년도 전기자동차 여수시 모델별 보조금,2021,여수시
화물(소형),기아,봉고Ⅲ 전기차 파워게이트 2단 알루미늄,1600,720.0,2320.0,2021년도 전기자동차 여수시 모델별 보조금,2021,여수시
화물(소형),기아,봉고Ⅲ 전기차 내장차,1600,720.0,2320.0,2021년도 전기자동차 여수시 모델별 보조금,2021,여수시
화물(소형),기아,봉고Ⅲ 전기차 저상 내장차,1600,720.0,2320.0,2021년도 전기자동차 여수시 모델별 보조금,2021,여수시
화물(소형),기아,봉고Ⅲ 전기차 플러스 내장차,1600,720.0,2320.0,2021년도 전기자동차 여수시 모델별 보조금,2021,여수시
화물(소형),일진정공,일진무시동전기냉동탑차(149.9km),2100,720.0,2820.0,2021년도 전기자동차 여수시 모델별 보조금,2021,여수시
화물(소형),일진정공,일진무시동전기냉동탑차(186.1km),2100,720.0,2820.0,2021년도 전기자동차 여수시 모델별 보조금,2021,여수시
화물(소형),코리아에어카고에이전시,LSEV,1600,720.0,2320.0,2021년도 전기자동차 여수시 모델별 보조금,2021,여수시
화물(소형),루트17,다니고밴,1600,720.0,2320.0,2021년도 전기자동차 여수시 모델별 보조금,2021,여수시
화물(소형),케이지모빌리티커머셜,SMART T1.0,1600,720.0,2320.0,2021년도 전기자동차 여수시 모델별 보조금,2021,여수시
화물(소형),한신자동차,플러스,1600,720.0,2320.0,2021년도 전기자동차 여수시 모델별 보조금,2021,여수시
화물(소형),한신자동차,플러스2.0,1600,720.0,2320.0,2021년도 전기자동차 여수시 모델별 보조금,2021,여수시
화물(소형),비바모빌리티,(단종)비바,1600,720.0,2320.0,2021년도 전기자동차 여수시 모델별 보조금,2021,여수시
화물(소형),비바모빌리티,젤라,1600,720.0,2320.0,2021년도 전기자동차 여수시 모델별 보조금,2021,여수시
화물(초소형),스마트솔루션즈,D2C,600,300.0,900.0,2021년도 전기자동차 순천시 모델별 보조금,2021,순천시
화물(초소형),스마트솔루션즈,D2P,600,300.0,900.0,2021년도 전기자동차 순천시 모델별 보조금,2021,순천시
화물(초소형),루트17,다니고3,600,300.0,900.0,2021년도 전기자동차 순천시 모델별 보조금,2021,순천시
화물(초소형),루트17,다니고3 픽업,600,300.0,900.0,2021년도 전기자동차 순천시 모델별 보조금,2021,순천시
화물(초소형),마스타전기차,MASTA VAN,600,300.0,900.0,2021년도 전기자동차 순천시 모델별 보조금,2021,순천시
화물(초소형),마스타전기차,MASTA HIM,600,300.0,900.0,2021년도 전기자동차 순천시 모델별 보조금,2021,순천시
화물(초소형),디피코,(단종)포트로,600,300.0,900.0,2021년도 전기자동차 순천시 모델별 보조금,2021,순천시
화물(초소형),디피코,포트로-탑,600,300.0,900.0,2021년도 전기자동차 순천시 모델별 보조금,2021,순천시
화물(초소형),디피코,포트로-픽업,600,300.0,900.0,2021년도 전기자동차 순천시 모델별 보조금,2021,순천시
화물(초소형),디피코,포트로-탑S,600,300.0,900.0,2021년도 전기자동차 순천시 모델별 보조금,2021,순천시
화물(초소형),디피코,포트로-픽업S,600,300.0,900.0,2021년도 전기자동차 순천시 모델별 보조금,2021,순천시
화물(경형),파워프라자,라보ev PEACE,1100,720.0,1820.0,2021년도 전기자동차 순천시 모델별 보조금,2021,순천시
화물(소형),제인모터스,제인모터스칼마토EV1톤내장탑차,1600,720.0,2320.0,2021년도 전기자동차 순천시 모델별 보조금,2021,순천시
화물(소형),파워프라자,봉고3ev PEACE,1600,720.0,2320.0,2021년도 전기자동차 순천시 모델별 보조금,2021,순천시
화물(소형),파워프라자,봉고3ev PEACE 더블캡,1600,720.0,2320.0,2021년도 전기자동차 순천시 모델별 보조금,2021,순천시
화물(소형),현대자동차,포터Ⅱ 일렉트릭 특장차,1600,720.0,2320.0,2021년도 전기자동차 순천시 모델별 보조금,2021,순천시
화물(소형),현대자동차,포터Ⅱ 일렉트릭 파워게이트,1600,720.0,2320.0,2021년도 전기자동차 순천시 모델별 보조금,2021,순천시
화물(소형),현대자동차,포터Ⅱ 일렉트릭 내장탑차,1600,720.0,2320.0,2021년도 전기자동차 순천시 모델별 보조금,2021,순천시
화물(소형),현대자동차,포터Ⅱ 일렉트릭 내장탑저상,1600,720.0,2320.0,2021년도 전기자동차 순천시 모델별 보조금,2021,순천시
화물(소형),현대자동차,포터Ⅱ 일렉트릭 내장탑하이,1600,720.0,2320.0,2021년도 전기자동차 순천시 모델별 보조금,2021,순천시
화물(소형),현대자동차,포터Ⅱ 일렉트릭 냉동탑저상,1600,720.0,2320.0,2021년도 전기자동차 순천시 모델별 보조금,2021,순천시
화물(소형),현대자동차,포터Ⅱ 일렉트릭(24MY),1600,720.0,2320.0,2021년도 전기자동차 순천시 모델별 보조금,2021,순천시
화물(소형),기아,봉고 전기차,1600,720.0,2320.0,2021년도 전기자동차 순천시 모델별 보조금,2021,순천시
화물(소형),기아,봉고Ⅲ 전기차 특장차,1600,720.0,2320.0,2021년도 전기자동차 순천시 모델별 보조금,2021,순천시
화물(소형),기아,봉고Ⅲ 전기차 파워게이트 2단 알루미늄,1600,720.0,2320.0,2021년도 전기자동차 순천시 모델별 보조금,2021,순천시
화물(소형),기아,봉고Ⅲ 전기차 내장차,1600,720.0,2320.0,2021년도 전기자동차 순천시 모델별 보조금,2021,순천시
화물(소형),기아,봉고Ⅲ 전기차 저상 내장차,1600,720.0,2320.0,2021년도 전기자동차 순천시 모델별 보조금,2021,순천시
화물(소형),기아,봉고Ⅲ 전기차 플러스 내장차,1600,720.0,2320.0,2021년도 전기자동차 순천시 모델별 보조금,2021,순천시
화물(소형),일진정공,일진무시동전기냉동탑차(149.9km),2100,720.0,2820.0,2021년도 전기자동차 순천시 모델별 보조금,2021,순천시
화물(소형),일진정공,일진무시동전기냉동탑차(186.1km),2100,720.0,2820.0,2021년도 전기자동차 순천시 모델별 보조금,2021,순천시
화물(소형),코리아에어카고에이전시,LSEV,1600,720.0,2320.0,2021년도 전기자동차 순천시 모델별 보조금,2021,순천시
화물(소형),루트17,다니고밴,1600,720.0,2320.0,2021년도 전기자동차 순천시 모델별 보조금,2021,순천시
화물(소형),케이지모빌리티커머셜,SMART T1.0,1600,720.0,2320.0,2021년도 전기자동차 순천시 모델별 보조금,2021,순천시
화물(소형),한신자동차,플러스,1600,720.0,2320.0,2021년도 전기자동차 순천시 모델별 보조금,2021,순천시
화물(소형),한신자동차,플러스2.0,1600,720.0,2320.0,2021년도 전기자동차 순천시 모델별 보조금,2021,순천시
화물(소형),비바모빌리티,(단종)비바,1600,720.0,2320.0,2021년도 전기자동차 순천시 모델별 보조금,2021,순천시
화물(소형),비바모빌리티,젤라,1600,720.0,2320.0,2021년도 전기자동차 순천시 모델별 보조금,2021,순천시
화물(초소형),스마트솔루션즈,D2C,600,314.0,914.0,2021년도 전기자동차 나주시 모델별 보조금,2021,나주시
화물(초소형),스마트솔루션즈,D2P,600,314.0,914.0,2021년도 전기자동차 나주시 모델별 보조금,2021,나주시
화물(초소형),루트17,다니고3,600,314.0,914.0,2021년도 전기자동차 나주시 모델별 보조금,2021,나주시
화물(초소형),루트17,다니고3 픽업,600,314.0,914.0,2021년도 전기자동차 나주시 모델별 보조금,2021,나주시
화물(초소형),마스타전기차,MASTA VAN,600,314.0,914.0,2021년도 전기자동차 나주시 모델별 보조금,2021,나주시
화물(초소형),마스타전기차,MASTA HIM,600,314.0,914.0,2021년도 전기자동차 나주시 모델별 보조금,2021,나주시
화물(초소형),디피코,(단종)포트로,600,314.0,914.0,2021년도 전기자동차 나주시 모델별 보조금,2021,나주시
화물(초소형),디피코,포트로-탑,600,314.0,914.0,2021년도 전기자동차 나주시 모델별 보조금,2021,나주시
화물(초소형),디피코,포트로-픽업,600,314.0,914.0,2021년도 전기자동차 나주시 모델별 보조금,2021,나주시
화물(초소형),디피코,포트로-탑S,600,314.0,914.0,2021년도 전기자동차 나주시 모델별 보조금,2021,나주시
화물(초소형),디피코,포트로-픽업S,600,314.0,914.0,2021년도 전기자동차 나주시 모델별 보조금,2021,나주시
화물(경형),파워프라자,라보ev PEACE,1100,577.0,1677.0,2021년도 전기자동차 나주시 모델별 보조금,2021,나주시
화물(소형),제인모터스,제인모터스칼마토EV1톤내장탑차,1600,840.0,2440.0,2021년도 전기자동차 나주시 모델별 보조금,2021,나주시
화물(소형),파워프라자,봉고3ev PEACE,1600,840.0,2440.0,2021년도 전기자동차 나주시 모델별 보조금,2021,나주시
화물(소형),파워프라자,봉고3ev PEACE 더블캡,1600,840.0,2440.0,2021년도 전기자동차 나주시 모델별 보조금,2021,나주시
화물(소형),현대자동차,포터Ⅱ 일렉트릭 특장차,1600,840.0,2440.0,2021년도 전기자동차 나주시 모델별 보조금,2021,나주시
화물(소형),현대자동차,포터Ⅱ 일렉트릭 파워게이트,1600,840.0,2440.0,2021년도 전기자동차 나주시 모델별 보조금,2021,나주시
화물(소형),현대자동차,포터Ⅱ 일렉트릭 내장탑차,1600,840.0,2440.0,2021년도 전기자동차 나주시 모델별 보조금,2021,나주시
화물(소형),현대자동차,포터Ⅱ 일렉트릭 내장탑저상,1600,840.0,2440.0,2021년도 전기자동차 나주시 모델별 보조금,2021,나주시
화물(소형),현대자동차,포터Ⅱ 일렉트릭 내장탑하이,1600,840.0,2440.0,2021년도 전기자동차 나주시 모델별 보조금,2021,나주시
화물(소형),현대자동차,포터Ⅱ 일렉트릭 냉동탑저상,1600,840.0,2440.0,2021년도 전기자동차 나주시 모델별 보조금,2021,나주시
화물(소형),현대자동차,포터Ⅱ 일렉트릭(24MY),1600,840.0,2440.0,2021년도 전기자동차 나주시 모델별 보조금,2021,나주시
화물(소형),기아,봉고 전기차,1600,840.0,2440.0,2021년도 전기자동차 나주시 모델별 보조금,2021,나주시
화물(소형),기아,봉고Ⅲ 전기차 특장차,1600,840.0,2440.0,2021년도 전기자동차 나주시 모델별 보조금,2021,나주시
화물(소형),기아,봉고Ⅲ 전기차 파워게이트 2단 알루미늄,1600,840.0,2440.0,2021년도 전기자동차 나주시 모델별 보조금,2021,나주시
화물(소형),기아,봉고Ⅲ 전기차 내장차,1600,840.0,2440.0,2021년도 전기자동차 나주시 모델별 보조금,2021,나주시
화물(소형),기아,봉고Ⅲ 전기차 저상 내장차,1600,840.0,2440.0,2021년도 전기자동차 나주시 모델별 보조금,2021,나주시
화물(소형),기아,봉고Ⅲ 전기차 플러스 내장차,1600,840.0,2440.0,2021년도 전기자동차 나주시 모델별 보조금,2021,나주시
화물(소형),일진정공,일진무시동전기냉동탑차(149.9km),2100,0.0,2100.0,2021년도 전기자동차 나주시 모델별 보조금,2021,나주시
화물(소형),일진정공,일진무시동전기냉동탑차(186.1km),2100,0.0,2100.0,2021년도 전기자동차 나주시 모델별 보조금,2021,나주시
화물(소형),코리아에어카고에이전시,LSEV,1600,840.0,2440.0,2021년도 전기자동차 나주시 모델별 보조금,2021,나주시
화물(소형),루트17,다니고밴,1600,840.0,2440.0,2021년도 전기자동차 나주시 모델별 보조금,2021,나주시
화물(소형),케이지모빌리티커머셜,SMART T1.0,1600,840.0,2440.0,2021년도 전기자동차 나주시 모델별 보조금,2021,나주시
화물(소형),한신자동차,플러스,1600,840.0,2440.0,2021년도 전기자동차 나주시 모델별 보조금,2021,나주시
화물(소형),한신자동차,플러스2.0,1600,840.0,2440.0,2021년도 전기자동차 나주시 모델별 보조금,2021,나주시
화물(소형),비바모빌리티,(단종)비바,1600,840.0,2440.0,2021년도 전기자동차 나주시 모델별 보조금,2021,나주시
화물(소형),비바모빌리티,젤라,1600,840.0,2440.0,2021년도 전기자동차 나주시 모델별 보조금,2021,나주시
화물(초소형),스마트솔루션즈,D2C,600,315.0,915.0,2021년도 전기자동차 광양시 모델별 보조금,2021,광양시
화물(초소형),스마트솔루션즈,D2P,600,315.0,915.0,2021년도 전기자동차 광양시 모델별 보조금,2021,광양시
화물(초소형),루트17,다니고3,600,315.0,915.0,2021년도 전기자동차 광양시 모델별 보조금,2021,광양시
화물(초소형),루트17,다니고3 픽업,600,315.0,915.0,2021년도 전기자동차 광양시 모델별 보조금,2021,광양시
화물(초소형),마스타전기차,MASTA VAN,600,315.0,915.0,2021년도 전기자동차 광양시 모델별 보조금,2021,광양시
화물(초소형),마스타전기차,MASTA HIM,600,315.0,915.0,2021년도 전기자동차 광양시 모델별 보조금,2021,광양시
화물(초소형),디피코,(단종)포트로,600,315.0,915.0,2021년도 전기자동차 광양시 모델별 보조금,2021,광양시
화물(초소형),디피코,포트로-탑,600,315.0,915.0,2021년도 전기자동차 광양시 모델별 보조금,2021,광양시
화물(초소형),디피코,포트로-픽업,600,315.0,915.0,2021년도 전기자동차 광양시 모델별 보조금,2021,광양시
화물(초소형),디피코,포트로-탑S,600,315.0,915.0,2021년도 전기자동차 광양시 모델별 보조금,2021,광양시
화물(초소형),디피코,포트로-픽업S,600,315.0,915.0,2021년도 전기자동차 광양시 모델별 보조금,2021,광양시
화물(경형),파워프라자,라보ev PEACE,1100,577.0,1677.0,2021년도 전기자동차 광양시 모델별 보조금,2021,광양시
화물(소형),제인모터스,제인모터스칼마토EV1톤내장탑차,1600,840.0,2440.0,2021년도 전기자동차 광양시 모델별 보조금,2021,광양시
화물(소형),파워프라자,봉고3ev PEACE,1600,840.0,2440.0,2021년도 전기자동차 광양시 모델별 보조금,2021,광양시
화물(소형),파워프라자,봉고3ev PEACE 더블캡,1600,840.0,2440.0,2021년도 전기자동차 광양시 모델별 보조금,2021,광양시
화물(소형),현대자동차,포터Ⅱ 일렉트릭 특장차,1600,840.0,2440.0,2021년도 전기자동차 광양시 모델별 보조금,2021,광양시
화물(소형),현대자동차,포터Ⅱ 일렉트릭 파워게이트,1600,840.0,2440.0,2021년도 전기자동차 광양시 모델별 보조금,2021,광양시
화물(소형),현대자동차,포터Ⅱ 일렉트릭 내장탑차,1600,840.0,2440.0,2021년도 전기자동차 광양시 모델별 보조금,2021,광양시
화물(소형),현대자동차,포터Ⅱ 일렉트릭 내장탑저상,1600,840.0,2440.0,2021년도 전기자동차 광양시 모델별 보조금,2021,광양시
화물(소형),현대자동차,포터Ⅱ 일렉트릭 내장탑하이,1600,840.0,2440.0,2021년도 전기자동차 광양시 모델별 보조금,2021,광양시
화물(소형),현대자동차,포터Ⅱ 일렉트릭 냉동탑저상,1600,840.0,2440.0,2021년도 전기자동차 광양시 모델별 보조금,2021,광양시
화물(소형),현대자동차,포터Ⅱ 일렉트릭(24MY),1600,840.0,2440.0,2021년도 전기자동차 광양시 모델별 보조금,2021,광양시
화물(소형),기아,봉고 전기차,1600,840.0,2440.0,2021년도 전기자동차 광양시 모델별 보조금,2021,광양시
화물(소형),기아,봉고Ⅲ 전기차 특장차,1600,840.0,2440.0,2021년도 전기자동차 광양시 모델별 보조금,2021,광양시
화물(소형),기아,봉고Ⅲ 전기차 파워게이트 2단 알루미늄,1600,840.0,2440.0,2021년도 전기자동차 광양시 모델별 보조금,2021,광양시
화물(소형),기아,봉고Ⅲ 전기차 내장차,1600,840.0,2440.0,2021년도 전기자동차 광양시 모델별 보조금,2021,광양시
화물(소형),기아,봉고Ⅲ 전기차 저상 내장차,1600,840.0,2440.0,2021년도 전기자동차 광양시 모델별 보조금,2021,광양시
화물(소형),기아,봉고Ⅲ 전기차 플러스 내장차,1600,840.0,2440.0,2021년도 전기자동차 광양시 모델별 보조금,2021,광양시
화물(소형),일진정공,일진무시동전기냉동탑차(149.9km),2100,1102.0,3202.0,2021년도 전기자동차 광양시 모델별 보조금,2021,광양시
화물(소형),일진정공,일진무시동전기냉동탑차(186.1km),2100,1102.0,3202.0,2021년도 전기자동차 광양시 모델별 보조금,2021,광양시
화물(소형),코리아에어카고에이전시,LSEV,1600,840.0,2440.0,2021년도 전기자동차 광양시 모델별 보조금,2021,광양시
화물(소형),루트17,다니고밴,1600,840.0,2440.0,2021년도 전기자동차 광양시 모델별 보조금,2021,광양시
화물(소형),케이지모빌리티커머셜,SMART T1.0,1600,840.0,2440.0,2021년도 전기자동차 광양시 모델별 보조금,2021,광양시
화물(소형),한신자동차,플러스,1600,840.0,2440.0,2021년도 전기자동차 광양시 모델별 보조금,2021,광양시
화물(소형),한신자동차,플러스2.0,1600,840.0,2440.0,2021년도 전기자동차 광양시 모델별 보조금,2021,광양시
화물(소형),비바모빌리티,(단종)비바,1600,840.0,2440.0,2021년도 전기자동차 광양시 모델별 보조금,2021,광양시
화물(소형),비바모빌리티,젤라,1600,840.0,2440.0,2021년도 전기자동차 광양시 모델별 보조금,2021,광양시
화물(초소형),스마트솔루션즈,D2C,600,300.0,900.0,2021년도 전기자동차 담양군 모델별 보조금,2021,담양군
화물(초소형),스마트솔루션즈,D2P,600,270.0,870.0,2021년도 전기자동차 담양군 모델별 보조금,2021,담양군
화물(초소형),루트17,다니고3,600,300.0,900.0,2021년도 전기자동차 담양군 모델별 보조금,2021,담양군
화물(초소형),루트17,다니고3 픽업,600,300.0,900.0,2021년도 전기자동차 담양군 모델별 보조금,2021,담양군
화물(초소형),마스타전기차,MASTA VAN,600,300.0,900.0,2021년도 전기자동차 담양군 모델별 보조금,2021,담양군
화물(초소형),마스타전기차,MASTA HIM,600,300.0,900.0,2021년도 전기자동차 담양군 모델별 보조금,2021,담양군
화물(초소형),디피코,(단종)포트로,600,300.0,900.0,2021년도 전기자동차 담양군 모델별 보조금,2021,담양군
화물(초소형),디피코,포트로-탑,600,300.0,900.0,2021년도 전기자동차 담양군 모델별 보조금,2021,담양군
화물(초소형),디피코,포트로-픽업,600,300.0,900.0,2021년도 전기자동차 담양군 모델별 보조금,2021,담양군
화물(초소형),디피코,포트로-탑S,600,300.0,900.0,2021년도 전기자동차 담양군 모델별 보조금,2021,담양군
화물(초소형),디피코,포트로-픽업S,600,300.0,900.0,2021년도 전기자동차 담양군 모델별 보조금,2021,담양군
화물(경형),파워프라자,라보ev PEACE,1100,480.0,1580.0,2021년도 전기자동차 담양군 모델별 보조금,2021,담양군
화물(소형),제인모터스,제인모터스칼마토EV1톤내장탑차,1600,720.0,2320.0,2021년도 전기자동차 담양군 모델별 보조금,2021,담양군
화물(소형),파워프라자,봉고3ev PEACE,1600,720.0,2320.0,2021년도 전기자동차 담양군 모델별 보조금,2021,담양군
화물(소형),파워프라자,봉고3ev PEACE 더블캡,1600,720.0,2320.0,2021년도 전기자동차 담양군 모델별 보조금,2021,담양군
화물(소형),현대자동차,포터Ⅱ 일렉트릭 특장차,1600,720.0,2320.0,2021년도 전기자동차 담양군 모델별 보조금,2021,담양군
화물(소형),현대자동차,포터Ⅱ 일렉트릭 파워게이트,1600,720.0,2320.0,2021년도 전기자동차 담양군 모델별 보조금,2021,담양군
화물(소형),현대자동차,포터Ⅱ 일렉트릭 내장탑차,1600,720.0,2320.0,2021년도 전기자동차 담양군 모델별 보조금,2021,담양군
화물(소형),현대자동차,포터Ⅱ 일렉트릭 내장탑저상,1600,720.0,2320.0,2021년도 전기자동차 담양군 모델별 보조금,2021,담양군
화물(소형),현대자동차,포터Ⅱ 일렉트릭 내장탑하이,1600,720.0,2320.0,2021년도 전기자동차 담양군 모델별 보조금,2021,담양군
화물(소형),현대자동차,포터Ⅱ 일렉트릭 냉동탑저상,1600,720.0,2320.0,2021년도 전기자동차 담양군 모델별 보조금,2021,담양군
화물(소형),현대자동차,포터Ⅱ 일렉트릭(24MY),1600,720.0,2320.0,2021년도 전기자동차 담양군 모델별 보조금,2021,담양군
화물(소형),기아,봉고 전기차,1600,720.0,2320.0,2021년도 전기자동차 담양군 모델별 보조금,2021,담양군
화물(소형),기아,봉고Ⅲ 전기차 특장차,1600,720.0,2320.0,2021년도 전기자동차 담양군 모델별 보조금,2021,담양군
화물(소형),기아,봉고Ⅲ 전기차 파워게이트 2단 알루미늄,1600,720.0,2320.0,2021년도 전기자동차 담양군 모델별 보조금,2021,담양군
화물(소형),기아,봉고Ⅲ 전기차 내장차,1600,720.0,2320.0,2021년도 전기자동차 담양군 모델별 보조금,2021,담양군
화물(소형),기아,봉고Ⅲ 전기차 저상 내장차,1600,720.0,2320.0,2021년도 전기자동차 담양군 모델별 보조금,2021,담양군
화물(소형),기아,봉고Ⅲ 전기차 플러스 내장차,1600,720.0,2320.0,2021년도 전기자동차 담양군 모델별 보조금,2021,담양군
화물(소형),일진정공,일진무시동전기냉동탑차(149.9km),2100,720.0,2820.0,2021년도 전기자동차 담양군 모델별 보조금,2021,담양군
화물(소형),일진정공,일진무시동전기냉동탑차(186.1km),2100,720.0,2820.0,2021년도 전기자동차 담양군 모델별 보조금,2021,담양군
화물(소형),코리아에어카고에이전시,LSEV,1600,720.0,2320.0,2021년도 전기자동차 담양군 모델별 보조금,2021,담양군
화물(소형),루트17,다니고밴,1600,720.0,2320.0,2021년도 전기자동차 담양군 모델별 보조금,2021,담양군
화물(소형),케이지모빌리티커머셜,SMART T1.0,1600,720.0,2320.0,2021년도 전기자동차 담양군 모델별 보조금,2021,담양군
화물(소형),한신자동차,플러스,1600,720.0,2320.0,2021년도 전기자동차 담양군 모델별 보조금,2021,담양군
화물(소형),한신자동차,플러스2.0,1600,720.0,2320.0,2021년도 전기자동차 담양군 모델별 보조금,2021,담양군
화물(소형),비바모빌리티,(단종)비바,1600,720.0,2320.0,2021년도 전기자동차 담양군 모델별 보조금,2021,담양군
화물(소형),비바모빌리티,젤라,1600,720.0,2320.0,2021년도 전기자동차 담양군 모델별 보조금,2021,담양군
화물(초소형),스마트솔루션즈,D2C,600,600.0,1200.0,2021년도 전기자동차 곡성군 모델별 보조금,2021,곡성군
화물(초소형),스마트솔루션즈,D2P,600,600.0,1200.0,2021년도 전기자동차 곡성군 모델별 보조금,2021,곡성군
화물(초소형),루트17,다니고3,600,600.0,1200.0,2021년도 전기자동차 곡성군 모델별 보조금,2021,곡성군
화물(초소형),루트17,다니고3 픽업,600,600.0,1200.0,2021년도 전기자동차 곡성군 모델별 보조금,2021,곡성군
화물(초소형),마스타전기차,MASTA VAN,600,600.0,1200.0,2021년도 전기자동차 곡성군 모델별 보조금,2021,곡성군
화물(초소형),마스타전기차,MASTA HIM,600,600.0,1200.0,2021년도 전기자동차 곡성군 모델별 보조금,2021,곡성군
화물(초소형),디피코,(단종)포트로,600,600.0,1200.0,2021년도 전기자동차 곡성군 모델별 보조금,2021,곡성군
화물(초소형),디피코,포트로-탑,600,600.0,1200.0,2021년도 전기자동차 곡성군 모델별 보조금,2021,곡성군
화물(초소형),디피코,포트로-픽업,600,600.0,1200.0,2021년도 전기자동차 곡성군 모델별 보조금,2021,곡성군
화물(초소형),디피코,포트로-탑S,600,600.0,1200.0,2021년도 전기자동차 곡성군 모델별 보조금,2021,곡성군
화물(초소형),디피코,포트로-픽업S,600,600.0,1200.0,2021년도 전기자동차 곡성군 모델별 보조금,2021,곡성군
화물(경형),파워프라자,라보ev PEACE,1100,720.0,1820.0,2021년도 전기자동차 곡성군 모델별 보조금,2021,곡성군
화물(소형),제인모터스,제인모터스칼마토EV1톤내장탑차,1600,960.0,2560.0,2021년도 전기자동차 곡성군 모델별 보조금,2021,곡성군
화물(소형),파워프라자,봉고3ev PEACE,1600,960.0,2560.0,2021년도 전기자동차 곡성군 모델별 보조금,2021,곡성군
화물(소형),파워프라자,봉고3ev PEACE 더블캡,1600,960.0,2560.0,2021년도 전기자동차 곡성군 모델별 보조금,2021,곡성군
화물(소형),현대자동차,포터Ⅱ 일렉트릭 특장차,1600,960.0,2560.0,2021년도 전기자동차 곡성군 모델별 보조금,2021,곡성군
화물(소형),현대자동차,포터Ⅱ 일렉트릭 파워게이트,1600,960.0,2560.0,2021년도 전기자동차 곡성군 모델별 보조금,2021,곡성군
화물(소형),현대자동차,포터Ⅱ 일렉트릭 내장탑차,1600,960.0,2560.0,2021년도 전기자동차 곡성군 모델별 보조금,2021,곡성군
화물(소형),현대자동차,포터Ⅱ 일렉트릭 내장탑저상,1600,960.0,2560.0,2021년도 전기자동차 곡성군 모델별 보조금,2021,곡성군
화물(소형),현대자동차,포터Ⅱ 일렉트릭 내장탑하이,1600,960.0,2560.0,2021년도 전기자동차 곡성군 모델별 보조금,2021,곡성군
화물(소형),현대자동차,포터Ⅱ 일렉트릭 냉동탑저상,1600,960.0,2560.0,2021년도 전기자동차 곡성군 모델별 보조금,2021,곡성군
화물(소형),현대자동차,포터Ⅱ 일렉트릭(24MY),1600,960.0,2560.0,2021년도 전기자동차 곡성군 모델별 보조금,2021,곡성군
화물(소형),기아,봉고 전기차,1600,960.0,2560.0,2021년도 전기자동차 곡성군 모델별 보조금,2021,곡성군
화물(소형),기아,봉고Ⅲ 전기차 특장차,1600,960.0,2560.0,2021년도 전기자동차 곡성군 모델별 보조금,2021,곡성군
화물(소형),기아,봉고Ⅲ 전기차 파워게이트 2단 알루미늄,1600,960.0,2560.0,2021년도 전기자동차 곡성군 모델별 보조금,2021,곡성군
화물(소형),기아,봉고Ⅲ 전기차 내장차,1600,960.0,2560.0,2021년도 전기자동차 곡성군 모델별 보조금,2021,곡성군
화물(소형),기아,봉고Ⅲ 전기차 저상 내장차,1600,960.0,2560.0,2021년도 전기자동차 곡성군 모델별 보조금,2021,곡성군
화물(소형),기아,봉고Ⅲ 전기차 플러스 내장차,1600,960.0,2560.0,2021년도 전기자동차 곡성군 모델별 보조금,2021,곡성군
화물(소형),일진정공,일진무시동전기냉동탑차(149.9km),2100,960.0,3060.0,2021년도 전기자동차 곡성군 모델별 보조금,2021,곡성군
화물(소형),일진정공,일진무시동전기냉동탑차(186.1km),2100,960.0,3060.0,2021년도 전기자동차 곡성군 모델별 보조금,2021,곡성군
화물(소형),코리아에어카고에이전시,LSEV,1600,960.0,2560.0,2021년도 전기자동차 곡성군 모델별 보조금,2021,곡성군
화물(소형),루트17,다니고밴,1600,960.0,2560.0,2021년도 전기자동차 곡성군 모델별 보조금,2021,곡성군
화물(소형),케이지모빌리티커머셜,SMART T1.0,1600,960.0,2560.0,2021년도 전기자동차 곡성군 모델별 보조금,2021,곡성군
화물(소형),한신자동차,플러스,1600,960.0,2560.0,2021년도 전기자동차 곡성군 모델별 보조금,2021,곡성군
화물(소형),한신자동차,플러스2.0,1600,960.0,2560.0,2021년도 전기자동차 곡성군 모델별 보조금,2021,곡성군
화물(소형),비바모빌리티,(단종)비바,1600,960.0,2560.0,2021년도 전기자동차 곡성군 모델별 보조금,2021,곡성군
화물(소형),비바모빌리티,젤라,1600,960.0,2560.0,2021년도 전기자동차 곡성군 모델별 보조금,2021,곡성군
화물(초소형),스마트솔루션즈,D2C,600,720.0,1320.0,2021년도 전기자동차 구례군 모델별 보조금,2021,구례군
화물(초소형),스마트솔루션즈,D2P,600,720.0,1320.0,2021년도 전기자동차 구례군 모델별 보조금,2021,구례군
화물(초소형),루트17,다니고3,600,720.0,1320.0,2021년도 전기자동차 구례군 모델별 보조금,2021,구례군
화물(초소형),루트17,다니고3 픽업,600,720.0,1320.0,2021년도 전기자동차 구례군 모델별 보조금,2021,구례군
화물(초소형),마스타전기차,MASTA VAN,600,720.0,1320.0,2021년도 전기자동차 구례군 모델별 보조금,2021,구례군
화물(초소형),마스타전기차,MASTA HIM,600,720.0,1320.0,2021년도 전기자동차 구례군 모델별 보조금,2021,구례군
화물(초소형),디피코,(단종)포트로,600,720.0,1320.0,2021년도 전기자동차 구례군 모델별 보조금,2021,구례군
화물(초소형),디피코,포트로-탑,600,720.0,1320.0,2021년도 전기자동차 구례군 모델별 보조금,2021,구례군
화물(초소형),디피코,포트로-픽업,600,720.0,1320.0,2021년도 전기자동차 구례군 모델별 보조금,2021,구례군
화물(초소형),디피코,포트로-탑S,600,720.0,1320.0,2021년도 전기자동차 구례군 모델별 보조금,2021,구례군
화물(초소형),디피코,포트로-픽업S,600,720.0,1320.0,2021년도 전기자동차 구례군 모델별 보조금,2021,구례군
화물(경형),파워프라자,라보ev PEACE,1100,720.0,1820.0,2021년도 전기자동차 구례군 모델별 보조금,2021,구례군
화물(소형),제인모터스,제인모터스칼마토EV1톤내장탑차,1600,720.0,2320.0,2021년도 전기자동차 구례군 모델별 보조금,2021,구례군
화물(소형),파워프라자,봉고3ev PEACE,1600,720.0,2320.0,2021년도 전기자동차 구례군 모델별 보조금,2021,구례군
화물(소형),파워프라자,봉고3ev PEACE 더블캡,1600,720.0,2320.0,2021년도 전기자동차 구례군 모델별 보조금,2021,구례군
화물(소형),현대자동차,포터Ⅱ 일렉트릭 특장차,1600,720.0,2320.0,2021년도 전기자동차 구례군 모델별 보조금,2021,구례군
화물(소형),현대자동차,포터Ⅱ 일렉트릭 파워게이트,1600,720.0,2320.0,2021년도 전기자동차 구례군 모델별 보조금,2021,구례군
화물(소형),현대자동차,포터Ⅱ 일렉트릭 내장탑차,1600,720.0,2320.0,2021년도 전기자동차 구례군 모델별 보조금,2021,구례군
화물(소형),현대자동차,포터Ⅱ 일렉트릭 내장탑저상,1600,720.0,2320.0,2021년도 전기자동차 구례군 모델별 보조금,2021,구례군
화물(소형),현대자동차,포터Ⅱ 일렉트릭 내장탑하이,1600,720.0,2320.0,2021년도 전기자동차 구례군 모델별 보조금,2021,구례군
화물(소형),현대자동차,포터Ⅱ 일렉트릭 냉동탑저상,1600,720.0,2320.0,2021년도 전기자동차 구례군 모델별 보조금,2021,구례군
화물(소형),현대자동차,포터Ⅱ 일렉트릭(24MY),1600,720.0,2320.0,2021년도 전기자동차 구례군 모델별 보조금,2021,구례군
화물(소형),기아,봉고 전기차,1600,720.0,2320.0,2021년도 전기자동차 구례군 모델별 보조금,2021,구례군
화물(소형),기아,봉고Ⅲ 전기차 특장차,1600,720.0,2320.0,2021년도 전기자동차 구례군 모델별 보조금,2021,구례군
화물(소형),기아,봉고Ⅲ 전기차 파워게이트 2단 알루미늄,1600,720.0,2320.0,2021년도 전기자동차 구례군 모델별 보조금,2021,구례군
화물(소형),기아,봉고Ⅲ 전기차 내장차,1600,720.0,2320.0,2021년도 전기자동차 구례군 모델별 보조금,2021,구례군
화물(소형),기아,봉고Ⅲ 전기차 저상 내장차,1600,720.0,2320.0,2021년도 전기자동차 구례군 모델별 보조금,2021,구례군
화물(소형),기아,봉고Ⅲ 전기차 플러스 내장차,1600,720.0,2320.0,2021년도 전기자동차 구례군 모델별 보조금,2021,구례군
화물(소형),일진정공,일진무시동전기냉동탑차(149.9km),2100,720.0,2820.0,2021년도 전기자동차 구례군 모델별 보조금,2021,구례군
화물(소형),일진정공,일진무시동전기냉동탑차(186.1km),2100,720.0,2820.0,2021년도 전기자동차 구례군 모델별 보조금,2021,구례군
화물(소형),코리아에어카고에이전시,LSEV,1600,720.0,2320.0,2021년도 전기자동차 구례군 모델별 보조금,2021,구례군
화물(소형),루트17,다니고밴,1600,720.0,2320.0,2021년도 전기자동차 구례군 모델별 보조금,2021,구례군
화물(소형),케이지모빌리티커머셜,SMART T1.0,1600,720.0,2320.0,2021년도 전기자동차 구례군 모델별 보조금,2021,구례군
화물(소형),한신자동차,플러스,1600,720.0,2320.0,2021년도 전기자동차 구례군 모델별 보조금,2021,구례군
화물(소형),한신자동차,플러스2.0,1600,720.0,2320.0,2021년도 전기자동차 구례군 모델별 보조금,2021,구례군
화물(소형),비바모빌리티,(단종)비바,1600,720.0,2320.0,2021년도 전기자동차 구례군 모델별 보조금,2021,구례군
화물(소형),비바모빌리티,젤라,1600,720.0,2320.0,2021년도 전기자동차 구례군 모델별 보조금,2021,구례군
화물(초소형),스마트솔루션즈,D2C,600,420.0,1020.0,2021년도 전기자동차 고흥군 모델별 보조금,2021,고흥군
화물(초소형),스마트솔루션즈,D2P,600,420.0,1020.0,2021년도 전기자동차 고흥군 모델별 보조금,2021,고흥군
화물(초소형),루트17,다니고3,600,420.0,1020.0,2021년도 전기자동차 고흥군 모델별 보조금,2021,고흥군
화물(초소형),루트17,다니고3 픽업,600,420.0,1020.0,2021년도 전기자동차 고흥군 모델별 보조금,2021,고흥군
화물(초소형),마스타전기차,MASTA VAN,600,420.0,1020.0,2021년도 전기자동차 고흥군 모델별 보조금,2021,고흥군
화물(초소형),마스타전기차,MASTA HIM,600,420.0,1020.0,2021년도 전기자동차 고흥군 모델별 보조금,2021,고흥군
화물(초소형),디피코,(단종)포트로,600,420.0,1020.0,2021년도 전기자동차 고흥군 모델별 보조금,2021,고흥군
화물(초소형),디피코,포트로-탑,600,420.0,1020.0,2021년도 전기자동차 고흥군 모델별 보조금,2021,고흥군
화물(초소형),디피코,포트로-픽업,600,420.0,1020.0,2021년도 전기자동차 고흥군 모델별 보조금,2021,고흥군
화물(초소형),디피코,포트로-탑S,600,420.0,1020.0,2021년도 전기자동차 고흥군 모델별 보조금,2021,고흥군
화물(초소형),디피코,포트로-픽업S,600,420.0,1020.0,2021년도 전기자동차 고흥군 모델별 보조금,2021,고흥군
화물(경형),파워프라자,라보ev PEACE,1100,840.0,1940.0,2021년도 전기자동차 고흥군 모델별 보조금,2021,고흥군
화물(소형),제인모터스,제인모터스칼마토EV1톤내장탑차,1600,840.0,2440.0,2021년도 전기자동차 고흥군 모델별 보조금,2021,고흥군
화물(소형),파워프라자,봉고3ev PEACE,1600,840.0,2440.0,2021년도 전기자동차 고흥군 모델별 보조금,2021,고흥군
화물(소형),파워프라자,봉고3ev PEACE 더블캡,1600,840.0,2440.0,2021년도 전기자동차 고흥군 모델별 보조금,2021,고흥군
화물(소형),현대자동차,포터Ⅱ 일렉트릭 특장차,1600,840.0,2440.0,2021년도 전기자동차 고흥군 모델별 보조금,2021,고흥군
화물(소형),현대자동차,포터Ⅱ 일렉트릭 파워게이트,1600,840.0,2440.0,2021년도 전기자동차 고흥군 모델별 보조금,2021,고흥군
화물(소형),현대자동차,포터Ⅱ 일렉트릭 내장탑차,1600,840.0,2440.0,2021년도 전기자동차 고흥군 모델별 보조금,2021,고흥군
화물(소형),현대자동차,포터Ⅱ 일렉트릭 내장탑저상,1600,840.0,2440.0,2021년도 전기자동차 고흥군 모델별 보조금,2021,고흥군
화물(소형),현대자동차,포터Ⅱ 일렉트릭 내장탑하이,1600,840.0,2440.0,2021년도 전기자동차 고흥군 모델별 보조금,2021,고흥군
화물(소형),현대자동차,포터Ⅱ 일렉트릭 냉동탑저상,1600,840.0,2440.0,2021년도 전기자동차 고흥군 모델별 보조금,2021,고흥군
화물(소형),현대자동차,포터Ⅱ 일렉트릭(24MY),1600,840.0,2440.0,2021년도 전기자동차 고흥군 모델별 보조금,2021,고흥군
화물(소형),기아,봉고 전기차,1600,840.0,2440.0,2021년도 전기자동차 고흥군 모델별 보조금,2021,고흥군
화물(소형),기아,봉고Ⅲ 전기차 특장차,1600,840.0,2440.0,2021년도 전기자동차 고흥군 모델별 보조금,2021,고흥군
화물(소형),기아,봉고Ⅲ 전기차 파워게이트 2단 알루미늄,1600,840.0,2440.0,2021년도 전기자동차 고흥군 모델별 보조금,2021,고흥군
화물(소형),기아,봉고Ⅲ 전기차 내장차,1600,840.0,2440.0,2021년도 전기자동차 고흥군 모델별 보조금,2021,고흥군
화물(소형),기아,봉고Ⅲ 전기차 저상 내장차,1600,840.0,2440.0,2021년도 전기자동차 고흥군 모델별 보조금,2021,고흥군
화물(소형),기아,봉고Ⅲ 전기차 플러스 내장차,1600,840.0,2440.0,2021년도 전기자동차 고흥군 모델별 보조금,2021,고흥군
화물(소형),일진정공,일진무시동전기냉동탑차(149.9km),2100,840.0,2940.0,2021년도 전기자동차 고흥군 모델별 보조금,2021,고흥군
화물(소형),일진정공,일진무시동전기냉동탑차(186.1km),2100,840.0,2940.0,2021년도 전기자동차 고흥군 모델별 보조금,2021,고흥군
화물(소형),코리아에어카고에이전시,LSEV,1600,840.0,2440.0,2021년도 전기자동차 고흥군 모델별 보조금,2021,고흥군
화물(소형),루트17,다니고밴,1600,840.0,2440.0,2021년도 전기자동차 고흥군 모델별 보조금,2021,고흥군
화물(소형),케이지모빌리티커머셜,SMART T1.0,1600,840.0,2440.0,2021년도 전기자동차 고흥군 모델별 보조금,2021,고흥군
화물(소형),한신자동차,플러스,1600,840.0,2440.0,2021년도 전기자동차 고흥군 모델별 보조금,2021,고흥군
화물(소형),한신자동차,플러스2.0,1600,840.0,2440.0,2021년도 전기자동차 고흥군 모델별 보조금,2021,고흥군
화물(소형),비바모빌리티,(단종)비바,1600,840.0,2440.0,2021년도 전기자동차 고흥군 모델별 보조금,2021,고흥군
화물(소형),비바모빌리티,젤라,1600,840.0,2440.0,2021년도 전기자동차 고흥군 모델별 보조금,2021,고흥군
화물(초소형),스마트솔루션즈,D2C,600,316.0,916.0,2021년도 전기자동차 보성군 모델별 보조금,2021,보성군
화물(초소형),스마트솔루션즈,D2P,600,316.0,916.0,2021년도 전기자동차 보성군 모델별 보조금,2021,보성군
화물(초소형),루트17,다니고3,600,316.0,916.0,2021년도 전기자동차 보성군 모델별 보조금,2021,보성군
화물(초소형),루트17,다니고3 픽업,600,316.0,916.0,2021년도 전기자동차 보성군 모델별 보조금,2021,보성군
화물(초소형),마스타전기차,MASTA VAN,600,316.0,916.0,2021년도 전기자동차 보성군 모델별 보조금,2021,보성군
화물(초소형),마스타전기차,MASTA HIM,600,316.0,916.0,2021년도 전기자동차 보성군 모델별 보조금,2021,보성군
화물(초소형),디피코,(단종)포트로,600,316.0,916.0,2021년도 전기자동차 보성군 모델별 보조금,2021,보성군
화물(초소형),디피코,포트로-탑,600,316.0,916.0,2021년도 전기자동차 보성군 모델별 보조금,2021,보성군
화물(초소형),디피코,포트로-픽업,600,316.0,916.0,2021년도 전기자동차 보성군 모델별 보조금,2021,보성군
화물(초소형),디피코,포트로-탑S,600,316.0,916.0,2021년도 전기자동차 보성군 모델별 보조금,2021,보성군
화물(초소형),디피코,포트로-픽업S,600,316.0,916.0,2021년도 전기자동차 보성군 모델별 보조금,2021,보성군
화물(경형),파워프라자,라보ev PEACE,1100,577.0,1677.0,2021년도 전기자동차 보성군 모델별 보조금,2021,보성군
화물(소형),제인모터스,제인모터스칼마토EV1톤내장탑차,1600,840.0,2440.0,2021년도 전기자동차 보성군 모델별 보조금,2021,보성군
화물(소형),파워프라자,봉고3ev PEACE,1600,840.0,2440.0,2021년도 전기자동차 보성군 모델별 보조금,2021,보성군
화물(소형),파워프라자,봉고3ev PEACE 더블캡,1600,840.0,2440.0,2021년도 전기자동차 보성군 모델별 보조금,2021,보성군
화물(소형),현대자동차,포터Ⅱ 일렉트릭 특장차,1600,840.0,2440.0,2021년도 전기자동차 보성군 모델별 보조금,2021,보성군
화물(소형),현대자동차,포터Ⅱ 일렉트릭 파워게이트,1600,840.0,2440.0,2021년도 전기자동차 보성군 모델별 보조금,2021,보성군
화물(소형),현대자동차,포터Ⅱ 일렉트릭 내장탑차,1600,840.0,2440.0,2021년도 전기자동차 보성군 모델별 보조금,2021,보성군
화물(소형),현대자동차,포터Ⅱ 일렉트릭 내장탑저상,1600,840.0,2440.0,2021년도 전기자동차 보성군 모델별 보조금,2021,보성군
화물(소형),현대자동차,포터Ⅱ 일렉트릭 내장탑하이,1600,840.0,2440.0,2021년도 전기자동차 보성군 모델별 보조금,2021,보성군
화물(소형),현대자동차,포터Ⅱ 일렉트릭 냉동탑저상,1600,840.0,2440.0,2021년도 전기자동차 보성군 모델별 보조금,2021,보성군
화물(소형),현대자동차,포터Ⅱ 일렉트릭(24MY),1600,840.0,2440.0,2021년도 전기자동차 보성군 모델별 보조금,2021,보성군
화물(소형),기아,봉고 전기차,1600,840.0,2440.0,2021년도 전기자동차 보성군 모델별 보조금,2021,보성군
화물(소형),기아,봉고Ⅲ 전기차 특장차,1600,840.0,2440.0,2021년도 전기자동차 보성군 모델별 보조금,2021,보성군
화물(소형),기아,봉고Ⅲ 전기차 파워게이트 2단 알루미늄,1600,840.0,2440.0,2021년도 전기자동차 보성군 모델별 보조금,2021,보성군
화물(소형),기아,봉고Ⅲ 전기차 내장차,1600,840.0,2440.0,2021년도 전기자동차 보성군 모델별 보조금,2021,보성군
화물(소형),기아,봉고Ⅲ 전기차 저상 내장차,1600,840.0,2440.0,2021년도 전기자동차 보성군 모델별 보조금,2021,보성군
화물(소형),기아,봉고Ⅲ 전기차 플러스 내장차,1600,840.0,2440.0,2021년도 전기자동차 보성군 모델별 보조금,2021,보성군
화물(소형),일진정공,일진무시동전기냉동탑차(149.9km),2100,340.0,2440.0,2021년도 전기자동차 보성군 모델별 보조금,2021,보성군
화물(소형),일진정공,일진무시동전기냉동탑차(186.1km),2100,340.0,2440.0,2021년도 전기자동차 보성군 모델별 보조금,2021,보성군
화물(소형),코리아에어카고에이전시,LSEV,1600,840.0,2440.0,2021년도 전기자동차 보성군 모델별 보조금,2021,보성군
화물(소형),루트17,다니고밴,1600,840.0,2440.0,2021년도 전기자동차 보성군 모델별 보조금,2021,보성군
화물(소형),케이지모빌리티커머셜,SMART T1.0,1600,840.0,2440.0,2021년도 전기자동차 보성군 모델별 보조금,2021,보성군
화물(소형),한신자동차,플러스,1600,840.0,2440.0,2021년도 전기자동차 보성군 모델별 보조금,2021,보성군
화물(소형),한신자동차,플러스2.0,1600,840.0,2440.0,2021년도 전기자동차 보성군 모델별 보조금,2021,보성군
화물(소형),비바모빌리티,(단종)비바,1600,840.0,2440.0,2021년도 전기자동차 보성군 모델별 보조금,2021,보성군
화물(소형),비바모빌리티,젤라,1600,840.0,2440.0,2021년도 전기자동차 보성군 모델별 보조금,2021,보성군
화물(초소형),스마트솔루션즈,D2C,600,300.0,900.0,2021년도 전기자동차 화순군 모델별 보조금,2021,화순군
화물(초소형),스마트솔루션즈,D2P,600,300.0,900.0,2021년도 전기자동차 화순군 모델별 보조금,2021,화순군
화물(초소형),루트17,다니고3,600,300.0,900.0,2021년도 전기자동차 화순군 모델별 보조금,2021,화순군
화물(초소형),루트17,다니고3 픽업,600,300.0,900.0,2021년도 전기자동차 화순군 모델별 보조금,2021,화순군
화물(초소형),마스타전기차,MASTA VAN,600,300.0,900.0,2021년도 전기자동차 화순군 모델별 보조금,2021,화순군
화물(초소형),마스타전기차,MASTA HIM,600,300.0,900.0,2021년도 전기자동차 화순군 모델별 보조금,2021,화순군
화물(초소형),디피코,(단종)포트로,600,300.0,900.0,2021년도 전기자동차 화순군 모델별 보조금,2021,화순군
화물(초소형),디피코,포트로-탑,600,300.0,900.0,2021년도 전기자동차 화순군 모델별 보조금,2021,화순군
화물(초소형),디피코,포트로-픽업,600,300.0,900.0,2021년도 전기자동차 화순군 모델별 보조금,2021,화순군
화물(초소형),디피코,포트로-탑S,600,300.0,900.0,2021년도 전기자동차 화순군 모델별 보조금,2021,화순군
화물(초소형),디피코,포트로-픽업S,600,300.0,900.0,2021년도 전기자동차 화순군 모델별 보조금,2021,화순군
화물(경형),파워프라자,라보ev PEACE,1100,720.0,1820.0,2021년도 전기자동차 화순군 모델별 보조금,2021,화순군
화물(소형),제인모터스,제인모터스칼마토EV1톤내장탑차,1600,720.0,2320.0,2021년도 전기자동차 화순군 모델별 보조금,2021,화순군
화물(소형),파워프라자,봉고3ev PEACE,1600,720.0,2320.0,2021년도 전기자동차 화순군 모델별 보조금,2021,화순군
화물(소형),파워프라자,봉고3ev PEACE 더블캡,1600,720.0,2320.0,2021년도 전기자동차 화순군 모델별 보조금,2021,화순군
화물(소형),현대자동차,포터Ⅱ 일렉트릭 특장차,1600,720.0,2320.0,2021년도 전기자동차 화순군 모델별 보조금,2021,화순군
화물(소형),현대자동차,포터Ⅱ 일렉트릭 파워게이트,1600,720.0,2320.0,2021년도 전기자동차 화순군 모델별 보조금,2021,화순군
화물(소형),현대자동차,포터Ⅱ 일렉트릭 내장탑차,1600,720.0,2320.0,2021년도 전기자동차 화순군 모델별 보조금,2021,화순군
화물(소형),현대자동차,포터Ⅱ 일렉트릭 내장탑저상,1600,720.0,2320.0,2021년도 전기자동차 화순군 모델별 보조금,2021,화순군
화물(소형),현대자동차,포터Ⅱ 일렉트릭 내장탑하이,1600,720.0,2320.0,2021년도 전기자동차 화순군 모델별 보조금,2021,화순군
화물(소형),현대자동차,포터Ⅱ 일렉트릭 냉동탑저상,1600,720.0,2320.0,2021년도 전기자동차 화순군 모델별 보조금,2021,화순군
화물(소형),현대자동차,포터Ⅱ 일렉트릭(24MY),1600,720.0,2320.0,2021년도 전기자동차 화순군 모델별 보조금,2021,화순군
화물(소형),기아,봉고 전기차,1600,720.0,2320.0,2021년도 전기자동차 화순군 모델별 보조금,2021,화순군
화물(소형),기아,봉고Ⅲ 전기차 특장차,1600,720.0,2320.0,2021년도 전기자동차 화순군 모델별 보조금,2021,화순군
화물(소형),기아,봉고Ⅲ 전기차 파워게이트 2단 알루미늄,1600,720.0,2320.0,2021년도 전기자동차 화순군 모델별 보조금,2021,화순군
화물(소형),기아,봉고Ⅲ 전기차 내장차,1600,720.0,2320.0,2021년도 전기자동차 화순군 모델별 보조금,2021,화순군
화물(소형),기아,봉고Ⅲ 전기차 저상 내장차,1600,720.0,2320.0,2021년도 전기자동차 화순군 모델별 보조금,2021,화순군
화물(소형),기아,봉고Ⅲ 전기차 플러스 내장차,1600,720.0,2320.0,2021년도 전기자동차 화순군 모델별 보조금,2021,화순군
화물(소형),일진정공,일진무시동전기냉동탑차(149.9km),2100,720.0,2820.0,2021년도 전기자동차 화순군 모델별 보조금,2021,화순군
화물(소형),일진정공,일진무시동전기냉동탑차(186.1km),2100,720.0,2820.0,2021년도 전기자동차 화순군 모델별 보조금,2021,화순군
화물(소형),코리아에어카고에이전시,LSEV,1600,720.0,2320.0,2021년도 전기자동차 화순군 모델별 보조금,2021,화순군
화물(소형),루트17,다니고밴,1600,720.0,2320.0,2021년도 전기자동차 화순군 모델별 보조금,2021,화순군
화물(소형),케이지모빌리티커머셜,SMART T1.0,1600,720.0,2320.0,2021년도 전기자동차 화순군 모델별 보조금,2021,화순군
화물(소형),한신자동차,플러스,1600,720.0,2320.0,2021년도 전기자동차 화순군 모델별 보조금,2021,화순군
화물(소형),한신자동차,플러스2.0,1600,720.0,2320.0,2021년도 전기자동차 화순군 모델별 보조금,2021,화순군
화물(소형),비바모빌리티,(단종)비바,1600,720.0,2320.0,2021년도 전기자동차 화순군 모델별 보조금,2021,화순군
화물(소형),비바모빌리티,젤라,1600,720.0,2320.0,2021년도 전기자동차 화순군 모델별 보조금,2021,화순군
화물(초소형),스마트솔루션즈,D2C,600,0.0,600.0,2021년도 전기자동차 장흥군 모델별 보조금,2021,장흥군
화물(초소형),스마트솔루션즈,D2P,600,0.0,600.0,2021년도 전기자동차 장흥군 모델별 보조금,2021,장흥군
화물(초소형),루트17,다니고3,600,0.0,600.0,2021년도 전기자동차 장흥군 모델별 보조금,2021,장흥군
화물(초소형),루트17,다니고3 픽업,600,0.0,600.0,2021년도 전기자동차 장흥군 모델별 보조금,2021,장흥군
화물(초소형),마스타전기차,MASTA VAN,600,0.0,600.0,2021년도 전기자동차 장흥군 모델별 보조금,2021,장흥군
화물(초소형),마스타전기차,MASTA HIM,600,0.0,600.0,2021년도 전기자동차 장흥군 모델별 보조금,2021,장흥군
화물(초소형),디피코,(단종)포트로,600,0.0,600.0,2021년도 전기자동차 장흥군 모델별 보조금,2021,장흥군
화물(초소형),디피코,포트로-탑,600,0.0,600.0,2021년도 전기자동차 장흥군 모델별 보조금,2021,장흥군
화물(초소형),디피코,포트로-픽업,600,0.0,600.0,2021년도 전기자동차 장흥군 모델별 보조금,2021,장흥군
화물(초소형),디피코,포트로-탑S,600,0.0,600.0,2021년도 전기자동차 장흥군 모델별 보조금,2021,장흥군
화물(초소형),디피코,포트로-픽업S,600,0.0,600.0,2021년도 전기자동차 장흥군 모델별 보조금,2021,장흥군
화물(경형),파워프라자,라보ev PEACE,1100,0.0,1100.0,2021년도 전기자동차 장흥군 모델별 보조금,2021,장흥군
화물(소형),제인모터스,제인모터스칼마토EV1톤내장탑차,1600,840.0,2440.0,2021년도 전기자동차 장흥군 모델별 보조금,2021,장흥군
화물(소형),파워프라자,봉고3ev PEACE,1600,840.0,2440.0,2021년도 전기자동차 장흥군 모델별 보조금,2021,장흥군
화물(소형),파워프라자,봉고3ev PEACE 더블캡,1600,840.0,2440.0,2021년도 전기자동차 장흥군 모델별 보조금,2021,장흥군
화물(소형),현대자동차,포터Ⅱ 일렉트릭 특장차,1600,840.0,2440.0,2021년도 전기자동차 장흥군 모델별 보조금,2021,장흥군
화물(소형),현대자동차,포터Ⅱ 일렉트릭 파워게이트,1600,840.0,2440.0,2021년도 전기자동차 장흥군 모델별 보조금,2021,장흥군
화물(소형),현대자동차,포터Ⅱ 일렉트릭 내장탑차,1600,840.0,2440.0,2021년도 전기자동차 장흥군 모델별 보조금,2021,장흥군
화물(소형),현대자동차,포터Ⅱ 일렉트릭 내장탑저상,1600,840.0,2440.0,2021년도 전기자동차 장흥군 모델별 보조금,2021,장흥군
화물(소형),현대자동차,포터Ⅱ 일렉트릭 내장탑하이,1600,840.0,2440.0,2021년도 전기자동차 장흥군 모델별 보조금,2021,장흥군
화물(소형),현대자동차,포터Ⅱ 일렉트릭 냉동탑저상,1600,840.0,2440.0,2021년도 전기자동차 장흥군 모델별 보조금,2021,장흥군
화물(소형),현대자동차,포터Ⅱ 일렉트릭(24MY),1600,840.0,2440.0,2021년도 전기자동차 장흥군 모델별 보조금,2021,장흥군
화물(소형),기아,봉고 전기차,1600,840.0,2440.0,2021년도 전기자동차 장흥군 모델별 보조금,2021,장흥군
화물(소형),기아,봉고Ⅲ 전기차 특장차,1600,840.0,2440.0,2021년도 전기자동차 장흥군 모델별 보조금,2021,장흥군
화물(소형),기아,봉고Ⅲ 전기차 파워게이트 2단 알루미늄,1600,840.0,2440.0,2021년도 전기자동차 장흥군 모델별 보조금,2021,장흥군
화물(소형),기아,봉고Ⅲ 전기차 내장차,1600,840.0,2440.0,2021년도 전기자동차 장흥군 모델별 보조금,2021,장흥군
화물(소형),기아,봉고Ⅲ 전기차 저상 내장차,1600,840.0,2440.0,2021년도 전기자동차 장흥군 모델별 보조금,2021,장흥군
화물(소형),기아,봉고Ⅲ 전기차 플러스 내장차,1600,840.0,2440.0,2021년도 전기자동차 장흥군 모델별 보조금,2021,장흥군
화물(소형),일진정공,일진무시동전기냉동탑차(149.9km),2100,840.0,2940.0,2021년도 전기자동차 장흥군 모델별 보조금,2021,장흥군
화물(소형),일진정공,일진무시동전기냉동탑차(186.1km),2100,840.0,2940.0,2021년도 전기자동차 장흥군 모델별 보조금,2021,장흥군
화물(소형),코리아에어카고에이전시,LSEV,1600,840.0,2440.0,2021년도 전기자동차 장흥군 모델별 보조금,2021,장흥군
화물(소형),루트17,다니고밴,1600,840.0,2440.0,2021년도 전기자동차 장흥군 모델별 보조금,2021,장흥군
화물(소형),케이지모빌리티커머셜,SMART T1.0,1600,840.0,2440.0,2021년도 전기자동차 장흥군 모델별 보조금,2021,장흥군
화물(소형),한신자동차,플러스,1600,840.0,2440.0,2021년도 전기자동차 장흥군 모델별 보조금,2021,장흥군
화물(소형),한신자동차,플러스2.0,1600,840.0,2440.0,2021년도 전기자동차 장흥군 모델별 보조금,2021,장흥군
화물(소형),비바모빌리티,(단종)비바,1600,840.0,2440.0,2021년도 전기자동차 장흥군 모델별 보조금,2021,장흥군
화물(소형),비바모빌리티,젤라,1600,840.0,2440.0,2021년도 전기자동차 장흥군 모델별 보조금,2021,장흥군
화물(초소형),스마트솔루션즈,D2C,600,840.0,1440.0,2021년도 전기자동차 강진군 모델별 보조금,2021,강진군
화물(초소형),스마트솔루션즈,D2P,600,840.0,1440.0,2021년도 전기자동차 강진군 모델별 보조금,2021,강진군
화물(초소형),루트17,다니고3,600,840.0,1440.0,2021년도 전기자동차 강진군 모델별 보조금,2021,강진군
화물(초소형),루트17,다니고3 픽업,600,840.0,1440.0,2021년도 전기자동차 강진군 모델별 보조금,2021,강진군
화물(초소형),마스타전기차,MASTA VAN,600,840.0,1440.0,2021년도 전기자동차 강진군 모델별 보조금,2021,강진군
화물(초소형),마스타전기차,MASTA HIM,600,840.0,1440.0,2021년도 전기자동차 강진군 모델별 보조금,2021,강진군
화물(초소형),디피코,(단종)포트로,600,840.0,1440.0,2021년도 전기자동차 강진군 모델별 보조금,2021,강진군
화물(초소형),디피코,포트로-탑,600,840.0,1440.0,2021년도 전기자동차 강진군 모델별 보조금,2021,강진군
화물(초소형),디피코,포트로-픽업,600,840.0,1440.0,2021년도 전기자동차 강진군 모델별 보조금,2021,강진군
화물(초소형),디피코,포트로-탑S,600,840.0,1440.0,2021년도 전기자동차 강진군 모델별 보조금,2021,강진군
화물(초소형),디피코,포트로-픽업S,600,840.0,1440.0,2021년도 전기자동차 강진군 모델별 보조금,2021,강진군
화물(경형),파워프라자,라보ev PEACE,1100,840.0,1940.0,2021년도 전기자동차 강진군 모델별 보조금,2021,강진군
화물(소형),제인모터스,제인모터스칼마토EV1톤내장탑차,1600,840.0,2440.0,2021년도 전기자동차 강진군 모델별 보조금,2021,강진군
화물(소형),파워프라자,봉고3ev PEACE,1600,840.0,2440.0,2021년도 전기자동차 강진군 모델별 보조금,2021,강진군
화물(소형),파워프라자,봉고3ev PEACE 더블캡,1600,840.0,2440.0,2021년도 전기자동차 강진군 모델별 보조금,2021,강진군
화물(소형),현대자동차,포터Ⅱ 일렉트릭 특장차,1600,840.0,2440.0,2021년도 전기자동차 강진군 모델별 보조금,2021,강진군
화물(소형),현대자동차,포터Ⅱ 일렉트릭 파워게이트,1600,840.0,2440.0,2021년도 전기자동차 강진군 모델별 보조금,2021,강진군
화물(소형),현대자동차,포터Ⅱ 일렉트릭 내장탑차,1600,840.0,2440.0,2021년도 전기자동차 강진군 모델별 보조금,2021,강진군
화물(소형),현대자동차,포터Ⅱ 일렉트릭 내장탑저상,1600,840.0,2440.0,2021년도 전기자동차 강진군 모델별 보조금,2021,강진군
화물(소형),현대자동차,포터Ⅱ 일렉트릭 내장탑하이,1600,840.0,2440.0,2021년도 전기자동차 강진군 모델별 보조금,2021,강진군
화물(소형),현대자동차,포터Ⅱ 일렉트릭 냉동탑저상,1600,840.0,2440.0,2021년도 전기자동차 강진군 모델별 보조금,2021,강진군
화물(소형),현대자동차,포터Ⅱ 일렉트릭(24MY),1600,840.0,2440.0,2021년도 전기자동차 강진군 모델별 보조금,2021,강진군
화물(소형),기아,봉고 전기차,1600,840.0,2440.0,2021년도 전기자동차 강진군 모델별 보조금,2021,강진군
화물(소형),기아,봉고Ⅲ 전기차 특장차,1600,840.0,2440.0,2021년도 전기자동차 강진군 모델별 보조금,2021,강진군
화물(소형),기아,봉고Ⅲ 전기차 파워게이트 2단 알루미늄,1600,840.0,2440.0,2021년도 전기자동차 강진군 모델별 보조금,2021,강진군
화물(소형),기아,봉고Ⅲ 전기차 내장차,1600,840.0,2440.0,2021년도 전기자동차 강진군 모델별 보조금,2021,강진군
화물(소형),기아,봉고Ⅲ 전기차 저상 내장차,1600,840.0,2440.0,2021년도 전기자동차 강진군 모델별 보조금,2021,강진군
화물(소형),기아,봉고Ⅲ 전기차 플러스 내장차,1600,840.0,2440.0,2021년도 전기자동차 강진군 모델별 보조금,2021,강진군
화물(소형),일진정공,일진무시동전기냉동탑차(149.9km),2100,0.0,2100.0,2021년도 전기자동차 강진군 모델별 보조금,2021,강진군
화물(소형),일진정공,일진무시동전기냉동탑차(186.1km),2100,0.0,2100.0,2021년도 전기자동차 강진군 모델별 보조금,2021,강진군
화물(소형),코리아에어카고에이전시,LSEV,1600,840.0,2440.0,2021년도 전기자동차 강진군 모델별 보조금,2021,강진군
화물(소형),루트17,다니고밴,1600,840.0,2440.0,2021년도 전기자동차 강진군 모델별 보조금,2021,강진군
화물(소형),케이지모빌리티커머셜,SMART T1.0,1600,840.0,2440.0,2021년도 전기자동차 강진군 모델별 보조금,2021,강진군
화물(소형),한신자동차,플러스,1600,840.0,2440.0,2021년도 전기자동차 강진군 모델별 보조금,2021,강진군
화물(소형),한신자동차,플러스2.0,1600,840.0,2440.0,2021년도 전기자동차 강진군 모델별 보조금,2021,강진군
화물(소형),비바모빌리티,(단종)비바,1600,840.0,2440.0,2021년도 전기자동차 강진군 모델별 보조금,2021,강진군
화물(소형),비바모빌리티,젤라,1600,840.0,2440.0,2021년도 전기자동차 강진군 모델별 보조금,2021,강진군
화물(초소형),스마트솔루션즈,D2C,600,315.0,915.0,2021년도 전기자동차 해남군 모델별 보조금,2021,해남군
화물(초소형),스마트솔루션즈,D2P,600,315.0,915.0,2021년도 전기자동차 해남군 모델별 보조금,2021,해남군
화물(초소형),루트17,다니고3,600,315.0,915.0,2021년도 전기자동차 해남군 모델별 보조금,2021,해남군
화물(초소형),루트17,다니고3 픽업,600,315.0,915.0,2021년도 전기자동차 해남군 모델별 보조금,2021,해남군
화물(초소형),마스타전기차,MASTA VAN,600,315.0,915.0,2021년도 전기자동차 해남군 모델별 보조금,2021,해남군
화물(초소형),마스타전기차,MASTA HIM,600,315.0,915.0,2021년도 전기자동차 해남군 모델별 보조금,2021,해남군
화물(초소형),디피코,(단종)포트로,600,315.0,915.0,2021년도 전기자동차 해남군 모델별 보조금,2021,해남군
화물(초소형),디피코,포트로-탑,600,315.0,915.0,2021년도 전기자동차 해남군 모델별 보조금,2021,해남군
화물(초소형),디피코,포트로-픽업,600,315.0,915.0,2021년도 전기자동차 해남군 모델별 보조금,2021,해남군
화물(초소형),디피코,포트로-탑S,600,315.0,915.0,2021년도 전기자동차 해남군 모델별 보조금,2021,해남군
화물(초소형),디피코,포트로-픽업S,600,315.0,915.0,2021년도 전기자동차 해남군 모델별 보조금,2021,해남군
화물(경형),파워프라자,라보ev PEACE,1100,577.0,1677.0,2021년도 전기자동차 해남군 모델별 보조금,2021,해남군
화물(소형),제인모터스,제인모터스칼마토EV1톤내장탑차,1600,840.0,2440.0,2021년도 전기자동차 해남군 모델별 보조금,2021,해남군
화물(소형),파워프라자,봉고3ev PEACE,1600,840.0,2440.0,2021년도 전기자동차 해남군 모델별 보조금,2021,해남군
화물(소형),파워프라자,봉고3ev PEACE 더블캡,1600,840.0,2440.0,2021년도 전기자동차 해남군 모델별 보조금,2021,해남군
화물(소형),현대자동차,포터Ⅱ 일렉트릭 특장차,1600,840.0,2440.0,2021년도 전기자동차 해남군 모델별 보조금,2021,해남군
화물(소형),현대자동차,포터Ⅱ 일렉트릭 파워게이트,1600,840.0,2440.0,2021년도 전기자동차 해남군 모델별 보조금,2021,해남군
화물(소형),현대자동차,포터Ⅱ 일렉트릭 내장탑차,1600,840.0,2440.0,2021년도 전기자동차 해남군 모델별 보조금,2021,해남군
화물(소형),현대자동차,포터Ⅱ 일렉트릭 내장탑저상,1600,840.0,2440.0,2021년도 전기자동차 해남군 모델별 보조금,2021,해남군
화물(소형),현대자동차,포터Ⅱ 일렉트릭 내장탑하이,1600,840.0,2440.0,2021년도 전기자동차 해남군 모델별 보조금,2021,해남군
화물(소형),현대자동차,포터Ⅱ 일렉트릭 냉동탑저상,1600,840.0,2440.0,2021년도 전기자동차 해남군 모델별 보조금,2021,해남군
화물(소형),현대자동차,포터Ⅱ 일렉트릭(24MY),1600,840.0,2440.0,2021년도 전기자동차 해남군 모델별 보조금,2021,해남군
화물(소형),기아,봉고 전기차,1600,840.0,2440.0,2021년도 전기자동차 해남군 모델별 보조금,2021,해남군
화물(소형),기아,봉고Ⅲ 전기차 특장차,1600,840.0,2440.0,2021년도 전기자동차 해남군 모델별 보조금,2021,해남군
화물(소형),기아,봉고Ⅲ 전기차 파워게이트 2단 알루미늄,1600,840.0,2440.0,2021년도 전기자동차 해남군 모델별 보조금,2021,해남군
화물(소형),기아,봉고Ⅲ 전기차 내장차,1600,840.0,2440.0,2021년도 전기자동차 해남군 모델별 보조금,2021,해남군
화물(소형),기아,봉고Ⅲ 전기차 저상 내장차,1600,840.0,2440.0,2021년도 전기자동차 해남군 모델별 보조금,2021,해남군
화물(소형),기아,봉고Ⅲ 전기차 플러스 내장차,1600,840.0,2440.0,2021년도 전기자동차 해남군 모델별 보조금,2021,해남군
화물(소형),일진정공,일진무시동전기냉동탑차(149.9km),2100,840.0,2940.0,2021년도 전기자동차 해남군 모델별 보조금,2021,해남군
화물(소형),일진정공,일진무시동전기냉동탑차(186.1km),2100,840.0,2940.0,2021년도 전기자동차 해남군 모델별 보조금,2021,해남군
화물(소형),코리아에어카고에이전시,LSEV,1600,840.0,2440.0,2021년도 전기자동차 해남군 모델별 보조금,2021,해남군
화물(소형),루트17,다니고밴,1600,840.0,2440.0,2021년도 전기자동차 해남군 모델별 보조금,2021,해남군
화물(소형),케이지모빌리티커머셜,SMART T1.0,1600,840.0,2440.0,2021년도 전기자동차 해남군 모델별 보조금,2021,해남군
화물(소형),한신자동차,플러스,1600,840.0,2440.0,2021년도 전기자동차 해남군 모델별 보조금,2021,해남군
화물(소형),한신자동차,플러스2.0,1600,840.0,2440.0,2021년도 전기자동차 해남군 모델별 보조금,2021,해남군
화물(소형),비바모빌리티,(단종)비바,1600,840.0,2440.0,2021년도 전기자동차 해남군 모델별 보조금,2021,해남군
화물(소형),비바모빌리티,젤라,1600,840.0,2440.0,2021년도 전기자동차 해남군 모델별 보조금,2021,해남군
화물(초소형),스마트솔루션즈,D2C,600,314.0,914.0,2021년도 전기자동차 영암군 모델별 보조금,2021,영암군
화물(초소형),스마트솔루션즈,D2P,600,314.0,914.0,2021년도 전기자동차 영암군 모델별 보조금,2021,영암군
화물(초소형),루트17,다니고3,600,314.0,914.0,2021년도 전기자동차 영암군 모델별 보조금,2021,영암군
화물(초소형),루트17,다니고3 픽업,600,314.0,914.0,2021년도 전기자동차 영암군 모델별 보조금,2021,영암군
화물(초소형),마스타전기차,MASTA VAN,600,314.0,914.0,2021년도 전기자동차 영암군 모델별 보조금,2021,영암군
화물(초소형),마스타전기차,MASTA HIM,600,314.0,914.0,2021년도 전기자동차 영암군 모델별 보조금,2021,영암군
화물(초소형),디피코,(단종)포트로,600,314.0,914.0,2021년도 전기자동차 영암군 모델별 보조금,2021,영암군
화물(초소형),디피코,포트로-탑,600,314.0,914.0,2021년도 전기자동차 영암군 모델별 보조금,2021,영암군
화물(초소형),디피코,포트로-픽업,600,314.0,914.0,2021년도 전기자동차 영암군 모델별 보조금,2021,영암군
화물(초소형),디피코,포트로-탑S,600,314.0,914.0,2021년도 전기자동차 영암군 모델별 보조금,2021,영암군
화물(초소형),디피코,포트로-픽업S,600,314.0,914.0,2021년도 전기자동차 영암군 모델별 보조금,2021,영암군
화물(경형),파워프라자,라보ev PEACE,1100,577.0,1677.0,2021년도 전기자동차 영암군 모델별 보조금,2021,영암군
화물(소형),제인모터스,제인모터스칼마토EV1톤내장탑차,1600,840.0,2440.0,2021년도 전기자동차 영암군 모델별 보조금,2021,영암군
화물(소형),파워프라자,봉고3ev PEACE,1600,840.0,2440.0,2021년도 전기자동차 영암군 모델별 보조금,2021,영암군
화물(소형),파워프라자,봉고3ev PEACE 더블캡,1600,840.0,2440.0,2021년도 전기자동차 영암군 모델별 보조금,2021,영암군
화물(소형),현대자동차,포터Ⅱ 일렉트릭 특장차,1600,840.0,2440.0,2021년도 전기자동차 영암군 모델별 보조금,2021,영암군
화물(소형),현대자동차,포터Ⅱ 일렉트릭 파워게이트,1600,840.0,2440.0,2021년도 전기자동차 영암군 모델별 보조금,2021,영암군
화물(소형),현대자동차,포터Ⅱ 일렉트릭 내장탑차,1600,840.0,2440.0,2021년도 전기자동차 영암군 모델별 보조금,2021,영암군
화물(소형),현대자동차,포터Ⅱ 일렉트릭 내장탑저상,1600,840.0,2440.0,2021년도 전기자동차 영암군 모델별 보조금,2021,영암군
화물(소형),현대자동차,포터Ⅱ 일렉트릭 내장탑하이,1600,840.0,2440.0,2021년도 전기자동차 영암군 모델별 보조금,2021,영암군
화물(소형),현대자동차,포터Ⅱ 일렉트릭 냉동탑저상,1600,840.0,2440.0,2021년도 전기자동차 영암군 모델별 보조금,2021,영암군
화물(소형),현대자동차,포터Ⅱ 일렉트릭(24MY),1600,840.0,2440.0,2021년도 전기자동차 영암군 모델별 보조금,2021,영암군
화물(소형),기아,봉고 전기차,1600,840.0,2440.0,2021년도 전기자동차 영암군 모델별 보조금,2021,영암군
화물(소형),기아,봉고Ⅲ 전기차 특장차,1600,840.0,2440.0,2021년도 전기자동차 영암군 모델별 보조금,2021,영암군
화물(소형),기아,봉고Ⅲ 전기차 파워게이트 2단 알루미늄,1600,840.0,2440.0,2021년도 전기자동차 영암군 모델별 보조금,2021,영암군
화물(소형),기아,봉고Ⅲ 전기차 내장차,1600,840.0,2440.0,2021년도 전기자동차 영암군 모델별 보조금,2021,영암군
화물(소형),기아,봉고Ⅲ 전기차 저상 내장차,1600,840.0,2440.0,2021년도 전기자동차 영암군 모델별 보조금,2021,영암군
화물(소형),기아,봉고Ⅲ 전기차 플러스 내장차,1600,840.0,2440.0,2021년도 전기자동차 영암군 모델별 보조금,2021,영암군
화물(소형),일진정공,일진무시동전기냉동탑차(149.9km),2100,840.0,2940.0,2021년도 전기자동차 영암군 모델별 보조금,2021,영암군
화물(소형),일진정공,일진무시동전기냉동탑차(186.1km),2100,840.0,2940.0,2021년도 전기자동차 영암군 모델별 보조금,2021,영암군
화물(소형),코리아에어카고에이전시,LSEV,1600,840.0,2440.0,2021년도 전기자동차 영암군 모델별 보조금,2021,영암군
화물(소형),루트17,다니고밴,1600,840.0,2440.0,2021년도 전기자동차 영암군 모델별 보조금,2021,영암군
화물(소형),케이지모빌리티커머셜,SMART T1.0,1600,840.0,2440.0,2021년도 전기자동차 영암군 모델별 보조금,2021,영암군
화물(소형),한신자동차,플러스,1600,840.0,2440.0,2021년도 전기자동차 영암군 모델별 보조금,2021,영암군
화물(소형),한신자동차,플러스2.0,1600,840.0,2440.0,2021년도 전기자동차 영암군 모델별 보조금,2021,영암군
화물(소형),비바모빌리티,(단종)비바,1600,840.0,2440.0,2021년도 전기자동차 영암군 모델별 보조금,2021,영암군
화물(소형),비바모빌리티,젤라,1600,840.0,2440.0,2021년도 전기자동차 영암군 모델별 보조금,2021,영암군
화물(초소형),스마트솔루션즈,D2C,600,300.0,900.0,2021년도 전기자동차 무안군 모델별 보조금,2021,무안군
화물(초소형),스마트솔루션즈,D2P,600,300.0,900.0,2021년도 전기자동차 무안군 모델별 보조금,2021,무안군
화물(초소형),루트17,다니고3,600,300.0,900.0,2021년도 전기자동차 무안군 모델별 보조금,2021,무안군
화물(초소형),루트17,다니고3 픽업,600,300.0,900.0,2021년도 전기자동차 무안군 모델별 보조금,2021,무안군
화물(초소형),마스타전기차,MASTA VAN,600,300.0,900.0,2021년도 전기자동차 무안군 모델별 보조금,2021,무안군
화물(초소형),마스타전기차,MASTA HIM,600,300.0,900.0,2021년도 전기자동차 무안군 모델별 보조금,2021,무안군
화물(초소형),디피코,(단종)포트로,600,300.0,900.0,2021년도 전기자동차 무안군 모델별 보조금,2021,무안군
화물(초소형),디피코,포트로-탑,600,300.0,900.0,2021년도 전기자동차 무안군 모델별 보조금,2021,무안군
화물(초소형),디피코,포트로-픽업,600,300.0,900.0,2021년도 전기자동차 무안군 모델별 보조금,2021,무안군
화물(초소형),디피코,포트로-탑S,600,300.0,900.0,2021년도 전기자동차 무안군 모델별 보조금,2021,무안군
화물(초소형),디피코,포트로-픽업S,600,300.0,900.0,2021년도 전기자동차 무안군 모델별 보조금,2021,무안군
화물(경형),파워프라자,라보ev PEACE,1100,480.0,1580.0,2021년도 전기자동차 무안군 모델별 보조금,2021,무안군
화물(소형),제인모터스,제인모터스칼마토EV1톤내장탑차,1600,720.0,2320.0,2021년도 전기자동차 무안군 모델별 보조금,2021,무안군
화물(소형),파워프라자,봉고3ev PEACE,1600,720.0,2320.0,2021년도 전기자동차 무안군 모델별 보조금,2021,무안군
화물(소형),파워프라자,봉고3ev PEACE 더블캡,1600,720.0,2320.0,2021년도 전기자동차 무안군 모델별 보조금,2021,무안군
화물(소형),현대자동차,포터Ⅱ 일렉트릭 특장차,1600,720.0,2320.0,2021년도 전기자동차 무안군 모델별 보조금,2021,무안군
화물(소형),현대자동차,포터Ⅱ 일렉트릭 파워게이트,1600,720.0,2320.0,2021년도 전기자동차 무안군 모델별 보조금,2021,무안군
화물(소형),현대자동차,포터Ⅱ 일렉트릭 내장탑차,1600,720.0,2320.0,2021년도 전기자동차 무안군 모델별 보조금,2021,무안군
화물(소형),현대자동차,포터Ⅱ 일렉트릭 내장탑저상,1600,720.0,2320.0,2021년도 전기자동차 무안군 모델별 보조금,2021,무안군
화물(소형),현대자동차,포터Ⅱ 일렉트릭 내장탑하이,1600,720.0,2320.0,2021년도 전기자동차 무안군 모델별 보조금,2021,무안군
화물(소형),현대자동차,포터Ⅱ 일렉트릭 냉동탑저상,1600,720.0,2320.0,2021년도 전기자동차 무안군 모델별 보조금,2021,무안군
화물(소형),현대자동차,포터Ⅱ 일렉트릭(24MY),1600,720.0,2320.0,2021년도 전기자동차 무안군 모델별 보조금,2021,무안군
화물(소형),기아,봉고 전기차,1600,720.0,2320.0,2021년도 전기자동차 무안군 모델별 보조금,2021,무안군
화물(소형),기아,봉고Ⅲ 전기차 특장차,1600,720.0,2320.0,2021년도 전기자동차 무안군 모델별 보조금,2021,무안군
화물(소형),기아,봉고Ⅲ 전기차 파워게이트 2단 알루미늄,1600,720.0,2320.0,2021년도 전기자동차 무안군 모델별 보조금,2021,무안군
화물(소형),기아,봉고Ⅲ 전기차 내장차,1600,720.0,2320.0,2021년도 전기자동차 무안군 모델별 보조금,2021,무안군
화물(소형),기아,봉고Ⅲ 전기차 저상 내장차,1600,720.0,2320.0,2021년도 전기자동차 무안군 모델별 보조금,2021,무안군
화물(소형),기아,봉고Ⅲ 전기차 플러스 내장차,1600,720.0,2320.0,2021년도 전기자동차 무안군 모델별 보조금,2021,무안군
화물(소형),일진정공,일진무시동전기냉동탑차(149.9km),2100,720.0,2820.0,2021년도 전기자동차 무안군 모델별 보조금,2021,무안군
화물(소형),일진정공,일진무시동전기냉동탑차(186.1km),2100,720.0,2820.0,2021년도 전기자동차 무안군 모델별 보조금,2021,무안군
화물(소형),코리아에어카고에이전시,LSEV,1600,720.0,2320.0,2021년도 전기자동차 무안군 모델별 보조금,2021,무안군
화물(소형),루트17,다니고밴,1600,720.0,2320.0,2021년도 전기자동차 무안군 모델별 보조금,2021,무안군
화물(소형),케이지모빌리티커머셜,SMART T1.0,1600,720.0,2320.0,2021년도 전기자동차 무안군 모델별 보조금,2021,무안군
화물(소형),한신자동차,플러스,1600,720.0,2320.0,2021년도 전기자동차 무안군 모델별 보조금,2021,무안군
화물(소형),한신자동차,플러스2.0,1600,720.0,2320.0,2021년도 전기자동차 무안군 모델별 보조금,2021,무안군
화물(소형),비바모빌리티,(단종)비바,1600,720.0,2320.0,2021년도 전기자동차 무안군 모델별 보조금,2021,무안군
화물(소형),비바모빌리티,젤라,1600,720.0,2320.0,2021년도 전기자동차 무안군 모델별 보조금,2021,무안군
화물(초소형),스마트솔루션즈,D2C,600,314.0,914.0,2021년도 전기자동차 함평군 모델별 보조금,2021,함평군
화물(초소형),스마트솔루션즈,D2P,600,314.0,914.0,2021년도 전기자동차 함평군 모델별 보조금,2021,함평군
화물(초소형),루트17,다니고3,600,314.0,914.0,2021년도 전기자동차 함평군 모델별 보조금,2021,함평군
화물(초소형),루트17,다니고3 픽업,600,314.0,914.0,2021년도 전기자동차 함평군 모델별 보조금,2021,함평군
화물(초소형),마스타전기차,MASTA VAN,600,314.0,914.0,2021년도 전기자동차 함평군 모델별 보조금,2021,함평군
화물(초소형),마스타전기차,MASTA HIM,600,314.0,914.0,2021년도 전기자동차 함평군 모델별 보조금,2021,함평군
화물(초소형),디피코,(단종)포트로,600,314.0,914.0,2021년도 전기자동차 함평군 모델별 보조금,2021,함평군
화물(초소형),디피코,포트로-탑,600,314.0,914.0,2021년도 전기자동차 함평군 모델별 보조금,2021,함평군
화물(초소형),디피코,포트로-픽업,600,314.0,914.0,2021년도 전기자동차 함평군 모델별 보조금,2021,함평군
화물(초소형),디피코,포트로-탑S,600,314.0,914.0,2021년도 전기자동차 함평군 모델별 보조금,2021,함평군
화물(초소형),디피코,포트로-픽업S,600,314.0,914.0,2021년도 전기자동차 함평군 모델별 보조금,2021,함평군
화물(경형),파워프라자,라보ev PEACE,1100,577.0,1677.0,2021년도 전기자동차 함평군 모델별 보조금,2021,함평군
화물(소형),제인모터스,제인모터스칼마토EV1톤내장탑차,1600,840.0,2440.0,2021년도 전기자동차 함평군 모델별 보조금,2021,함평군
화물(소형),파워프라자,봉고3ev PEACE,1600,840.0,2440.0,2021년도 전기자동차 함평군 모델별 보조금,2021,함평군
화물(소형),파워프라자,봉고3ev PEACE 더블캡,1600,840.0,2440.0,2021년도 전기자동차 함평군 모델별 보조금,2021,함평군
화물(소형),현대자동차,포터Ⅱ 일렉트릭 특장차,1600,840.0,2440.0,2021년도 전기자동차 함평군 모델별 보조금,2021,함평군
화물(소형),현대자동차,포터Ⅱ 일렉트릭 파워게이트,1600,840.0,2440.0,2021년도 전기자동차 함평군 모델별 보조금,2021,함평군
화물(소형),현대자동차,포터Ⅱ 일렉트릭 내장탑차,1600,840.0,2440.0,2021년도 전기자동차 함평군 모델별 보조금,2021,함평군
화물(소형),현대자동차,포터Ⅱ 일렉트릭 내장탑저상,1600,840.0,2440.0,2021년도 전기자동차 함평군 모델별 보조금,2021,함평군
화물(소형),현대자동차,포터Ⅱ 일렉트릭 내장탑하이,1600,840.0,2440.0,2021년도 전기자동차 함평군 모델별 보조금,2021,함평군
화물(소형),현대자동차,포터Ⅱ 일렉트릭 냉동탑저상,1600,840.0,2440.0,2021년도 전기자동차 함평군 모델별 보조금,2021,함평군
화물(소형),현대자동차,포터Ⅱ 일렉트릭(24MY),1600,840.0,2440.0,2021년도 전기자동차 함평군 모델별 보조금,2021,함평군
화물(소형),기아,봉고 전기차,1600,840.0,2440.0,2021년도 전기자동차 함평군 모델별 보조금,2021,함평군
화물(소형),기아,봉고Ⅲ 전기차 특장차,1600,840.0,2440.0,2021년도 전기자동차 함평군 모델별 보조금,2021,함평군
화물(소형),기아,봉고Ⅲ 전기차 파워게이트 2단 알루미늄,1600,840.0,2440.0,2021년도 전기자동차 함평군 모델별 보조금,2021,함평군
화물(소형),기아,봉고Ⅲ 전기차 내장차,1600,840.0,2440.0,2021년도 전기자동차 함평군 모델별 보조금,2021,함평군
화물(소형),기아,봉고Ⅲ 전기차 저상 내장차,1600,840.0,2440.0,2021년도 전기자동차 함평군 모델별 보조금,2021,함평군
화물(소형),기아,봉고Ⅲ 전기차 플러스 내장차,1600,840.0,2440.0,2021년도 전기자동차 함평군 모델별 보조금,2021,함평군
화물(소형),일진정공,일진무시동전기냉동탑차(149.9km),2100,840.0,2940.0,2021년도 전기자동차 함평군 모델별 보조금,2021,함평군
화물(소형),일진정공,일진무시동전기냉동탑차(186.1km),2100,840.0,2940.0,2021년도 전기자동차 함평군 모델별 보조금,2021,함평군
화물(소형),코리아에어카고에이전시,LSEV,1600,840.0,2440.0,2021년도 전기자동차 함평군 모델별 보조금,2021,함평군
화물(소형),루트17,다니고밴,1600,840.0,2440.0,2021년도 전기자동차 함평군 모델별 보조금,2021,함평군
화물(소형),케이지모빌리티커머셜,SMART T1.0,1600,840.0,2440.0,2021년도 전기자동차 함평군 모델별 보조금,2021,함평군
화물(소형),한신자동차,플러스,1600,840.0,2440.0,2021년도 전기자동차 함평군 모델별 보조금,2021,함평군
화물(소형),한신자동차,플러스2.0,1600,840.0,2440.0,2021년도 전기자동차 함평군 모델별 보조금,2021,함평군
화물(소형),비바모빌리티,(단종)비바,1600,840.0,2440.0,2021년도 전기자동차 함평군 모델별 보조금,2021,함평군
화물(소형),비바모빌리티,젤라,1600,840.0,2440.0,2021년도 전기자동차 함평군 모델별 보조금,2021,함평군
화물(초소형),스마트솔루션즈,D2C,600,480.0,1080.0,2021년도 전기자동차 영광군 모델별 보조금,2021,영광군
화물(초소형),스마트솔루션즈,D2P,600,480.0,1080.0,2021년도 전기자동차 영광군 모델별 보조금,2021,영광군
화물(초소형),루트17,다니고3,600,480.0,1080.0,2021년도 전기자동차 영광군 모델별 보조금,2021,영광군
화물(초소형),루트17,다니고3 픽업,600,480.0,1080.0,2021년도 전기자동차 영광군 모델별 보조금,2021,영광군
화물(초소형),마스타전기차,MASTA VAN,600,480.0,1080.0,2021년도 전기자동차 영광군 모델별 보조금,2021,영광군
화물(초소형),마스타전기차,MASTA HIM,600,480.0,1080.0,2021년도 전기자동차 영광군 모델별 보조금,2021,영광군
화물(초소형),디피코,(단종)포트로,600,480.0,1080.0,2021년도 전기자동차 영광군 모델별 보조금,2021,영광군
화물(초소형),디피코,포트로-탑,600,480.0,1080.0,2021년도 전기자동차 영광군 모델별 보조금,2021,영광군
화물(초소형),디피코,포트로-픽업,600,480.0,1080.0,2021년도 전기자동차 영광군 모델별 보조금,2021,영광군
화물(초소형),디피코,포트로-탑S,600,480.0,1080.0,2021년도 전기자동차 영광군 모델별 보조금,2021,영광군
화물(초소형),디피코,포트로-픽업S,600,480.0,1080.0,2021년도 전기자동차 영광군 모델별 보조금,2021,영광군
화물(경형),파워프라자,라보ev PEACE,1100,720.0,1820.0,2021년도 전기자동차 영광군 모델별 보조금,2021,영광군
화물(소형),제인모터스,제인모터스칼마토EV1톤내장탑차,1600,720.0,2320.0,2021년도 전기자동차 영광군 모델별 보조금,2021,영광군
화물(소형),파워프라자,봉고3ev PEACE,1600,720.0,2320.0,2021년도 전기자동차 영광군 모델별 보조금,2021,영광군
화물(소형),파워프라자,봉고3ev PEACE 더블캡,1600,720.0,2320.0,2021년도 전기자동차 영광군 모델별 보조금,2021,영광군
화물(소형),현대자동차,포터Ⅱ 일렉트릭 특장차,1600,720.0,2320.0,2021년도 전기자동차 영광군 모델별 보조금,2021,영광군
화물(소형),현대자동차,포터Ⅱ 일렉트릭 파워게이트,1600,720.0,2320.0,2021년도 전기자동차 영광군 모델별 보조금,2021,영광군
화물(소형),현대자동차,포터Ⅱ 일렉트릭 내장탑차,1600,720.0,2320.0,2021년도 전기자동차 영광군 모델별 보조금,2021,영광군
화물(소형),현대자동차,포터Ⅱ 일렉트릭 내장탑저상,1600,720.0,2320.0,2021년도 전기자동차 영광군 모델별 보조금,2021,영광군
화물(소형),현대자동차,포터Ⅱ 일렉트릭 내장탑하이,1600,720.0,2320.0,2021년도 전기자동차 영광군 모델별 보조금,2021,영광군
화물(소형),현대자동차,포터Ⅱ 일렉트릭 냉동탑저상,1600,720.0,2320.0,2021년도 전기자동차 영광군 모델별 보조금,2021,영광군
화물(소형),현대자동차,포터Ⅱ 일렉트릭(24MY),1600,720.0,2320.0,2021년도 전기자동차 영광군 모델별 보조금,2021,영광군
화물(소형),기아,봉고 전기차,1600,720.0,2320.0,2021년도 전기자동차 영광군 모델별 보조금,2021,영광군
화물(소형),기아,봉고Ⅲ 전기차 특장차,1600,720.0,2320.0,2021년도 전기자동차 영광군 모델별 보조금,2021,영광군
화물(소형),기아,봉고Ⅲ 전기차 파워게이트 2단 알루미늄,1600,720.0,2320.0,2021년도 전기자동차 영광군 모델별 보조금,2021,영광군
화물(소형),기아,봉고Ⅲ 전기차 내장차,1600,720.0,2320.0,2021년도 전기자동차 영광군 모델별 보조금,2021,영광군
화물(소형),기아,봉고Ⅲ 전기차 저상 내장차,1600,720.0,2320.0,2021년도 전기자동차 영광군 모델별 보조금,2021,영광군
화물(소형),기아,봉고Ⅲ 전기차 플러스 내장차,1600,720.0,2320.0,2021년도 전기자동차 영광군 모델별 보조금,2021,영광군
화물(소형),일진정공,일진무시동전기냉동탑차(149.9km),2100,720.0,2820.0,2021년도 전기자동차 영광군 모델별 보조금,2021,영광군
화물(소형),일진정공,일진무시동전기냉동탑차(186.1km),2100,720.0,2820.0,2021년도 전기자동차 영광군 모델별 보조금,2021,영광군
화물(소형),코리아에어카고에이전시,LSEV,1600,720.0,2320.0,2021년도 전기자동차 영광군 모델별 보조금,2021,영광군
화물(소형),루트17,다니고밴,1600,720.0,2320.0,2021년도 전기자동차 영광군 모델별 보조금,2021,영광군
화물(소형),케이지모빌리티커머셜,SMART T1.0,1600,720.0,2320.0,2021년도 전기자동차 영광군 모델별 보조금,2021,영광군
화물(소형),한신자동차,플러스,1600,720.0,2320.0,2021년도 전기자동차 영광군 모델별 보조금,2021,영광군
화물(소형),한신자동차,플러스2.0,1600,720.0,2320.0,2021년도 전기자동차 영광군 모델별 보조금,2021,영광군
화물(소형),비바모빌리티,(단종)비바,1600,720.0,2320.0,2021년도 전기자동차 영광군 모델별 보조금,2021,영광군
화물(소형),비바모빌리티,젤라,1600,720.0,2320.0,2021년도 전기자동차 영광군 모델별 보조금,2021,영광군
화물(초소형),스마트솔루션즈,D2C,600,270.0,870.0,2021년도 전기자동차 장성군 모델별 보조금,2021,장성군
화물(초소형),스마트솔루션즈,D2P,600,270.0,870.0,2021년도 전기자동차 장성군 모델별 보조금,2021,장성군
화물(초소형),루트17,다니고3,600,270.0,870.0,2021년도 전기자동차 장성군 모델별 보조금,2021,장성군
화물(초소형),루트17,다니고3 픽업,600,270.0,870.0,2021년도 전기자동차 장성군 모델별 보조금,2021,장성군
화물(초소형),마스타전기차,MASTA VAN,600,270.0,870.0,2021년도 전기자동차 장성군 모델별 보조금,2021,장성군
화물(초소형),마스타전기차,MASTA HIM,600,270.0,870.0,2021년도 전기자동차 장성군 모델별 보조금,2021,장성군
화물(초소형),디피코,(단종)포트로,600,270.0,870.0,2021년도 전기자동차 장성군 모델별 보조금,2021,장성군
화물(초소형),디피코,포트로-탑,600,270.0,870.0,2021년도 전기자동차 장성군 모델별 보조금,2021,장성군
화물(초소형),디피코,포트로-픽업,600,270.0,870.0,2021년도 전기자동차 장성군 모델별 보조금,2021,장성군
화물(초소형),디피코,포트로-탑S,600,270.0,870.0,2021년도 전기자동차 장성군 모델별 보조금,2021,장성군
화물(초소형),디피코,포트로-픽업S,600,270.0,870.0,2021년도 전기자동차 장성군 모델별 보조금,2021,장성군
화물(경형),파워프라자,라보ev PEACE,1100,494.0,1594.0,2021년도 전기자동차 장성군 모델별 보조금,2021,장성군
화물(소형),제인모터스,제인모터스칼마토EV1톤내장탑차,1600,720.0,2320.0,2021년도 전기자동차 장성군 모델별 보조금,2021,장성군
화물(소형),파워프라자,봉고3ev PEACE,1600,720.0,2320.0,2021년도 전기자동차 장성군 모델별 보조금,2021,장성군
화물(소형),파워프라자,봉고3ev PEACE 더블캡,1600,720.0,2320.0,2021년도 전기자동차 장성군 모델별 보조금,2021,장성군
화물(소형),현대자동차,포터Ⅱ 일렉트릭 특장차,1600,720.0,2320.0,2021년도 전기자동차 장성군 모델별 보조금,2021,장성군
화물(소형),현대자동차,포터Ⅱ 일렉트릭 파워게이트,1600,720.0,2320.0,2021년도 전기자동차 장성군 모델별 보조금,2021,장성군
화물(소형),현대자동차,포터Ⅱ 일렉트릭 내장탑차,1600,720.0,2320.0,2021년도 전기자동차 장성군 모델별 보조금,2021,장성군
화물(소형),현대자동차,포터Ⅱ 일렉트릭 내장탑저상,1600,720.0,2320.0,2021년도 전기자동차 장성군 모델별 보조금,2021,장성군
화물(소형),현대자동차,포터Ⅱ 일렉트릭 내장탑하이,1600,720.0,2320.0,2021년도 전기자동차 장성군 모델별 보조금,2021,장성군
화물(소형),현대자동차,포터Ⅱ 일렉트릭 냉동탑저상,1600,720.0,2320.0,2021년도 전기자동차 장성군 모델별 보조금,2021,장성군
화물(소형),현대자동차,포터Ⅱ 일렉트릭(24MY),1600,720.0,2320.0,2021년도 전기자동차 장성군 모델별 보조금,2021,장성군
화물(소형),기아,봉고 전기차,1600,720.0,2320.0,2021년도 전기자동차 장성군 모델별 보조금,2021,장성군
화물(소형),기아,봉고Ⅲ 전기차 특장차,1600,720.0,2320.0,2021년도 전기자동차 장성군 모델별 보조금,2021,장성군
화물(소형),기아,봉고Ⅲ 전기차 파워게이트 2단 알루미늄,1600,720.0,2320.0,2021년도 전기자동차 장성군 모델별 보조금,2021,장성군
화물(소형),기아,봉고Ⅲ 전기차 내장차,1600,720.0,2320.0,2021년도 전기자동차 장성군 모델별 보조금,2021,장성군
화물(소형),기아,봉고Ⅲ 전기차 저상 내장차,1600,720.0,2320.0,2021년도 전기자동차 장성군 모델별 보조금,2021,장성군
화물(소형),기아,봉고Ⅲ 전기차 플러스 내장차,1600,720.0,2320.0,2021년도 전기자동차 장성군 모델별 보조금,2021,장성군
화물(소형),일진정공,일진무시동전기냉동탑차(149.9km),2100,720.0,2820.0,2021년도 전기자동차 장성군 모델별 보조금,2021,장성군
화물(소형),일진정공,일진무시동전기냉동탑차(186.1km),2100,720.0,2820.0,2021년도 전기자동차 장성군 모델별 보조금,2021,장성군
화물(소형),코리아에어카고에이전시,LSEV,1600,720.0,2320.0,2021년도 전기자동차 장성군 모델별 보조금,2021,장성군
화물(소형),루트17,다니고밴,1600,720.0,2320.0,2021년도 전기자동차 장성군 모델별 보조금,2021,장성군
화물(소형),케이지모빌리티커머셜,SMART T1.0,1600,720.0,2320.0,2021년도 전기자동차 장성군 모델별 보조금,2021,장성군
화물(소형),한신자동차,플러스,1600,720.0,2320.0,2021년도 전기자동차 장성군 모델별 보조금,2021,장성군
화물(소형),한신자동차,플러스2.0,1600,720.0,2320.0,2021년도 전기자동차 장성군 모델별 보조금,2021,장성군
화물(소형),비바모빌리티,(단종)비바,1600,720.0,2320.0,2021년도 전기자동차 장성군 모델별 보조금,2021,장성군
화물(소형),비바모빌리티,젤라,1600,720.0,2320.0,2021년도 전기자동차 장성군 모델별 보조금,2021,장성군
화물(초소형),스마트솔루션즈,D2C,600,720.0,1320.0,2021년도 전기자동차 완도군 모델별 보조금,2021,완도군
화물(초소형),스마트솔루션즈,D2P,600,720.0,1320.0,2021년도 전기자동차 완도군 모델별 보조금,2021,완도군
화물(초소형),루트17,다니고3,600,720.0,1320.0,2021년도 전기자동차 완도군 모델별 보조금,2021,완도군
화물(초소형),루트17,다니고3 픽업,600,720.0,1320.0,2021년도 전기자동차 완도군 모델별 보조금,2021,완도군
화물(초소형),마스타전기차,MASTA VAN,600,720.0,1320.0,2021년도 전기자동차 완도군 모델별 보조금,2021,완도군
화물(초소형),마스타전기차,MASTA HIM,600,720.0,1320.0,2021년도 전기자동차 완도군 모델별 보조금,2021,완도군
화물(초소형),디피코,(단종)포트로,600,720.0,1320.0,2021년도 전기자동차 완도군 모델별 보조금,2021,완도군
화물(초소형),디피코,포트로-탑,600,720.0,1320.0,2021년도 전기자동차 완도군 모델별 보조금,2021,완도군
화물(초소형),디피코,포트로-픽업,600,720.0,1320.0,2021년도 전기자동차 완도군 모델별 보조금,2021,완도군
화물(초소형),디피코,포트로-탑S,600,720.0,1320.0,2021년도 전기자동차 완도군 모델별 보조금,2021,완도군
화물(초소형),디피코,포트로-픽업S,600,720.0,1320.0,2021년도 전기자동차 완도군 모델별 보조금,2021,완도군
화물(경형),파워프라자,라보ev PEACE,1100,720.0,1820.0,2021년도 전기자동차 완도군 모델별 보조금,2021,완도군
화물(소형),제인모터스,제인모터스칼마토EV1톤내장탑차,1600,720.0,2320.0,2021년도 전기자동차 완도군 모델별 보조금,2021,완도군
화물(소형),파워프라자,봉고3ev PEACE,1600,720.0,2320.0,2021년도 전기자동차 완도군 모델별 보조금,2021,완도군
화물(소형),파워프라자,봉고3ev PEACE 더블캡,1600,720.0,2320.0,2021년도 전기자동차 완도군 모델별 보조금,2021,완도군
화물(소형),현대자동차,포터Ⅱ 일렉트릭 특장차,1600,720.0,2320.0,2021년도 전기자동차 완도군 모델별 보조금,2021,완도군
화물(소형),현대자동차,포터Ⅱ 일렉트릭 파워게이트,1600,720.0,2320.0,2021년도 전기자동차 완도군 모델별 보조금,2021,완도군
화물(소형),현대자동차,포터Ⅱ 일렉트릭 내장탑차,1600,720.0,2320.0,2021년도 전기자동차 완도군 모델별 보조금,2021,완도군
화물(소형),현대자동차,포터Ⅱ 일렉트릭 내장탑저상,1600,720.0,2320.0,2021년도 전기자동차 완도군 모델별 보조금,2021,완도군
화물(소형),현대자동차,포터Ⅱ 일렉트릭 내장탑하이,1600,720.0,2320.0,2021년도 전기자동차 완도군 모델별 보조금,2021,완도군
화물(소형),현대자동차,포터Ⅱ 일렉트릭 냉동탑저상,1600,720.0,2320.0,2021년도 전기자동차 완도군 모델별 보조금,2021,완도군
화물(소형),현대자동차,포터Ⅱ 일렉트릭(24MY),1600,720.0,2320.0,2021년도 전기자동차 완도군 모델별 보조금,2021,완도군
화물(소형),기아,봉고 전기차,1600,720.0,2320.0,2021년도 전기자동차 완도군 모델별 보조금,2021,완도군
화물(소형),기아,봉고Ⅲ 전기차 특장차,1600,720.0,2320.0,2021년도 전기자동차 완도군 모델별 보조금,2021,완도군
화물(소형),기아,봉고Ⅲ 전기차 파워게이트 2단 알루미늄,1600,720.0,2320.0,2021년도 전기자동차 완도군 모델별 보조금,2021,완도군
화물(소형),기아,봉고Ⅲ 전기차 내장차,1600,720.0,2320.0,2021년도 전기자동차 완도군 모델별 보조금,2021,완도군
화물(소형),기아,봉고Ⅲ 전기차 저상 내장차,1600,720.0,2320.0,2021년도 전기자동차 완도군 모델별 보조금,2021,완도군
화물(소형),기아,봉고Ⅲ 전기차 플러스 내장차,1600,720.0,2320.0,2021년도 전기자동차 완도군 모델별 보조금,2021,완도군
화물(소형),일진정공,일진무시동전기냉동탑차(149.9km),2100,720.0,2820.0,2021년도 전기자동차 완도군 모델별 보조금,2021,완도군
화물(소형),일진정공,일진무시동전기냉동탑차(186.1km),2100,720.0,2820.0,2021년도 전기자동차 완도군 모델별 보조금,2021,완도군
화물(소형),코리아에어카고에이전시,LSEV,1600,720.0,2320.0,2021년도 전기자동차 완도군 모델별 보조금,2021,완도군
화물(소형),루트17,다니고밴,1600,720.0,2320.0,2021년도 전기자동차 완도군 모델별 보조금,2021,완도군
화물(소형),케이지모빌리티커머셜,SMART T1.0,1600,720.0,2320.0,2021년도 전기자동차 완도군 모델별 보조금,2021,완도군
화물(소형),한신자동차,플러스,1600,720.0,2320.0,2021년도 전기자동차 완도군 모델별 보조금,2021,완도군
화물(소형),한신자동차,플러스2.0,1600,720.0,2320.0,2021년도 전기자동차 완도군 모델별 보조금,2021,완도군
화물(소형),비바모빌리티,(단종)비바,1600,720.0,2320.0,2021년도 전기자동차 완도군 모델별 보조금,2021,완도군
화물(소형),비바모빌리티,젤라,1600,720.0,2320.0,2021년도 전기자동차 완도군 모델별 보조금,2021,완도군
화물(초소형),스마트솔루션즈,D2C,600,0.0,600.0,2021년도 전기자동차 진도군 모델별 보조금,2021,진도군
화물(초소형),스마트솔루션즈,D2P,600,0.0,600.0,2021년도 전기자동차 진도군 모델별 보조금,2021,진도군
화물(초소형),루트17,다니고3,600,0.0,600.0,2021년도 전기자동차 진도군 모델별 보조금,2021,진도군
화물(초소형),루트17,다니고3 픽업,600,0.0,600.0,2021년도 전기자동차 진도군 모델별 보조금,2021,진도군
화물(초소형),마스타전기차,MASTA VAN,600,0.0,600.0,2021년도 전기자동차 진도군 모델별 보조금,2021,진도군
화물(초소형),마스타전기차,MASTA HIM,600,0.0,600.0,2021년도 전기자동차 진도군 모델별 보조금,2021,진도군
화물(초소형),디피코,(단종)포트로,600,0.0,600.0,2021년도 전기자동차 진도군 모델별 보조금,2021,진도군
화물(초소형),디피코,포트로-탑,600,0.0,600.0,2021년도 전기자동차 진도군 모델별 보조금,2021,진도군
화물(초소형),디피코,포트로-픽업,600,0.0,600.0,2021년도 전기자동차 진도군 모델별 보조금,2021,진도군
화물(초소형),디피코,포트로-탑S,600,0.0,600.0,2021년도 전기자동차 진도군 모델별 보조금,2021,진도군
화물(초소형),디피코,포트로-픽업S,600,0.0,600.0,2021년도 전기자동차 진도군 모델별 보조금,2021,진도군
화물(경형),파워프라자,라보ev PEACE,1100,0.0,1100.0,2021년도 전기자동차 진도군 모델별 보조금,2021,진도군
화물(소형),제인모터스,제인모터스칼마토EV1톤내장탑차,1600,720.0,2320.0,2021년도 전기자동차 진도군 모델별 보조금,2021,진도군
화물(소형),파워프라자,봉고3ev PEACE,1600,720.0,2320.0,2021년도 전기자동차 진도군 모델별 보조금,2021,진도군
화물(소형),파워프라자,봉고3ev PEACE 더블캡,1600,720.0,2320.0,2021년도 전기자동차 진도군 모델별 보조금,2021,진도군
화물(소형),현대자동차,포터Ⅱ 일렉트릭 특장차,1600,720.0,2320.0,2021년도 전기자동차 진도군 모델별 보조금,2021,진도군
화물(소형),현대자동차,포터Ⅱ 일렉트릭 파워게이트,1600,720.0,2320.0,2021년도 전기자동차 진도군 모델별 보조금,2021,진도군
화물(소형),현대자동차,포터Ⅱ 일렉트릭 내장탑차,1600,720.0,2320.0,2021년도 전기자동차 진도군 모델별 보조금,2021,진도군
화물(소형),현대자동차,포터Ⅱ 일렉트릭 내장탑저상,1600,720.0,2320.0,2021년도 전기자동차 진도군 모델별 보조금,2021,진도군
화물(소형),현대자동차,포터Ⅱ 일렉트릭 내장탑하이,1600,720.0,2320.0,2021년도 전기자동차 진도군 모델별 보조금,2021,진도군
화물(소형),현대자동차,포터Ⅱ 일렉트릭 냉동탑저상,1600,720.0,2320.0,2021년도 전기자동차 진도군 모델별 보조금,2021,진도군
화물(소형),현대자동차,포터Ⅱ 일렉트릭(24MY),1600,720.0,2320.0,2021년도 전기자동차 진도군 모델별 보조금,2021,진도군
화물(소형),기아,봉고 전기차,1600,720.0,2320.0,2021년도 전기자동차 진도군 모델별 보조금,2021,진도군
화물(소형),기아,봉고Ⅲ 전기차 특장차,1600,720.0,2320.0,2021년도 전기자동차 진도군 모델별 보조금,2021,진도군
화물(소형),기아,봉고Ⅲ 전기차 파워게이트 2단 알루미늄,1600,720.0,2320.0,2021년도 전기자동차 진도군 모델별 보조금,2021,진도군
화물(소형),기아,봉고Ⅲ 전기차 내장차,1600,720.0,2320.0,2021년도 전기자동차 진도군 모델별 보조금,2021,진도군
화물(소형),기아,봉고Ⅲ 전기차 저상 내장차,1600,720.0,2320.0,2021년도 전기자동차 진도군 모델별 보조금,2021,진도군
화물(소형),기아,봉고Ⅲ 전기차 플러스 내장차,1600,720.0,2320.0,2021년도 전기자동차 진도군 모델별 보조금,2021,진도군
화물(소형),일진정공,일진무시동전기냉동탑차(149.9km),2100,720.0,2820.0,2021년도 전기자동차 진도군 모델별 보조금,2021,진도군
화물(소형),일진정공,일진무시동전기냉동탑차(186.1km),2100,720.0,2820.0,2021년도 전기자동차 진도군 모델별 보조금,2021,진도군
화물(소형),코리아에어카고에이전시,LSEV,1600,720.0,2320.0,2021년도 전기자동차 진도군 모델별 보조금,2021,진도군
화물(소형),루트17,다니고밴,1600,720.0,2320.0,2021년도 전기자동차 진도군 모델별 보조금,2021,진도군
화물(소형),케이지모빌리티커머셜,SMART T1.0,1600,720.0,2320.0,2021년도 전기자동차 진도군 모델별 보조금,2021,진도군
화물(소형),한신자동차,플러스,1600,720.0,2320.0,2021년도 전기자동차 진도군 모델별 보조금,2021,진도군
화물(소형),한신자동차,플러스2.0,1600,720.0,2320.0,2021년도 전기자동차 진도군 모델별 보조금,2021,진도군
화물(소형),비바모빌리티,(단종)비바,1600,720.0,2320.0,2021년도 전기자동차 진도군 모델별 보조금,2021,진도군
화물(소형),비바모빌리티,젤라,1600,720.0,2320.0,2021년도 전기자동차 진도군 모델별 보조금,2021,진도군
화물(초소형),스마트솔루션즈,D2C,600,0.0,600.0,2021년도 전기자동차 신안군 모델별 보조금,2021,신안군
화물(초소형),스마트솔루션즈,D2P,600,0.0,600.0,2021년도 전기자동차 신안군 모델별 보조금,2021,신안군
화물(초소형),루트17,다니고3,600,0.0,600.0,2021년도 전기자동차 신안군 모델별 보조금,2021,신안군
화물(초소형),루트17,다니고3 픽업,600,0.0,600.0,2021년도 전기자동차 신안군 모델별 보조금,2021,신안군
화물(초소형),마스타전기차,MASTA VAN,600,0.0,600.0,2021년도 전기자동차 신안군 모델별 보조금,2021,신안군
화물(초소형),마스타전기차,MASTA HIM,600,0.0,600.0,2021년도 전기자동차 신안군 모델별 보조금,2021,신안군
화물(초소형),디피코,(단종)포트로,600,0.0,600.0,2021년도 전기자동차 신안군 모델별 보조금,2021,신안군
화물(초소형),디피코,포트로-탑,600,0.0,600.0,2021년도 전기자동차 신안군 모델별 보조금,2021,신안군
화물(초소형),디피코,포트로-픽업,600,0.0,600.0,2021년도 전기자동차 신안군 모델별 보조금,2021,신안군
화물(초소형),디피코,포트로-탑S,600,0.0,600.0,2021년도 전기자동차 신안군 모델별 보조금,2021,신안군
화물(초소형),디피코,포트로-픽업S,600,0.0,600.0,2021년도 전기자동차 신안군 모델별 보조금,2021,신안군
화물(경형),파워프라자,라보ev PEACE,1100,0.0,1100.0,2021년도 전기자동차 신안군 모델별 보조금,2021,신안군
화물(소형),제인모터스,제인모터스칼마토EV1톤내장탑차,1600,720.0,2320.0,2021년도 전기자동차 신안군 모델별 보조금,2021,신안군
화물(소형),파워프라자,봉고3ev PEACE,1600,720.0,2320.0,2021년도 전기자동차 신안군 모델별 보조금,2021,신안군
화물(소형),파워프라자,봉고3ev PEACE 더블캡,1600,720.0,2320.0,2021년도 전기자동차 신안군 모델별 보조금,2021,신안군
화물(소형),현대자동차,포터Ⅱ 일렉트릭 특장차,1600,720.0,2320.0,2021년도 전기자동차 신안군 모델별 보조금,2021,신안군
화물(소형),현대자동차,포터Ⅱ 일렉트릭 파워게이트,1600,720.0,2320.0,2021년도 전기자동차 신안군 모델별 보조금,2021,신안군
화물(소형),현대자동차,포터Ⅱ 일렉트릭 내장탑차,1600,720.0,2320.0,2021년도 전기자동차 신안군 모델별 보조금,2021,신안군
화물(소형),현대자동차,포터Ⅱ 일렉트릭 내장탑저상,1600,720.0,2320.0,2021년도 전기자동차 신안군 모델별 보조금,2021,신안군
화물(소형),현대자동차,포터Ⅱ 일렉트릭 내장탑하이,1600,720.0,2320.0,2021년도 전기자동차 신안군 모델별 보조금,2021,신안군
화물(소형),현대자동차,포터Ⅱ 일렉트릭 냉동탑저상,1600,720.0,2320.0,2021년도 전기자동차 신안군 모델별 보조금,2021,신안군
화물(소형),현대자동차,포터Ⅱ 일렉트릭(24MY),1600,720.0,2320.0,2021년도 전기자동차 신안군 모델별 보조금,2021,신안군
화물(소형),기아,봉고 전기차,1600,720.0,2320.0,2021년도 전기자동차 신안군 모델별 보조금,2021,신안군
화물(소형),기아,봉고Ⅲ 전기차 특장차,1600,720.0,2320.0,2021년도 전기자동차 신안군 모델별 보조금,2021,신안군
화물(소형),기아,봉고Ⅲ 전기차 파워게이트 2단 알루미늄,1600,720.0,2320.0,2021년도 전기자동차 신안군 모델별 보조금,2021,신안군
화물(소형),기아,봉고Ⅲ 전기차 내장차,1600,720.0,2320.0,2021년도 전기자동차 신안군 모델별 보조금,2021,신안군
화물(소형),기아,봉고Ⅲ 전기차 저상 내장차,1600,720.0,2320.0,2021년도 전기자동차 신안군 모델별 보조금,2021,신안군
화물(소형),기아,봉고Ⅲ 전기차 플러스 내장차,1600,720.0,2320.0,2021년도 전기자동차 신안군 모델별 보조금,2021,신안군
화물(소형),일진정공,일진무시동전기냉동탑차(149.9km),2100,720.0,2820.0,2021년도 전기자동차 신안군 모델별 보조금,2021,신안군
화물(소형),일진정공,일진무시동전기냉동탑차(186.1km),2100,720.0,2820.0,2021년도 전기자동차 신안군 모델별 보조금,2021,신안군
화물(소형),코리아에어카고에이전시,LSEV,1600,720.0,2320.0,2021년도 전기자동차 신안군 모델별 보조금,2021,신안군
화물(소형),루트17,다니고밴,1600,720.0,2320.0,2021년도 전기자동차 신안군 모델별 보조금,2021,신안군
화물(소형),케이지모빌리티커머셜,SMART T1.0,1600,720.0,2320.0,2021년도 전기자동차 신안군 모델별 보조금,2021,신안군
화물(소형),한신자동차,플러스,1600,720.0,2320.0,2021년도 전기자동차 신안군 모델별 보조금,2021,신안군
화물(소형),한신자동차,플러스2.0,1600,720.0,2320.0,2021년도 전기자동차 신안군 모델별 보조금,2021,신안군
화물(소형),비바모빌리티,(단종)비바,1600,720.0,2320.0,2021년도 전기자동차 신안군 모델별 보조금,2021,신안군
화물(소형),비바모빌리티,젤라,1600,720.0,2320.0,2021년도 전기자동차 신안군 모델별 보조금,2021,신안군
화물(초소형),스마트솔루션즈,D2C,600,300.0,900.0,2021년도 전기자동차 포항시 모델별 보조금,2021,포항시
화물(초소형),스마트솔루션즈,D2P,600,300.0,900.0,2021년도 전기자동차 포항시 모델별 보조금,2021,포항시
화물(초소형),루트17,다니고3,600,300.0,900.0,2021년도 전기자동차 포항시 모델별 보조금,2021,포항시
화물(초소형),루트17,다니고3 픽업,600,300.0,900.0,2021년도 전기자동차 포항시 모델별 보조금,2021,포항시
화물(초소형),마스타전기차,MASTA VAN,600,300.0,900.0,2021년도 전기자동차 포항시 모델별 보조금,2021,포항시
화물(초소형),마스타전기차,MASTA HIM,600,300.0,900.0,2021년도 전기자동차 포항시 모델별 보조금,2021,포항시
화물(초소형),디피코,(단종)포트로,600,300.0,900.0,2021년도 전기자동차 포항시 모델별 보조금,2021,포항시
화물(초소형),디피코,포트로-탑,600,300.0,900.0,2021년도 전기자동차 포항시 모델별 보조금,2021,포항시
화물(초소형),디피코,포트로-픽업,600,300.0,900.0,2021년도 전기자동차 포항시 모델별 보조금,2021,포항시
화물(초소형),디피코,포트로-탑S,600,300.0,900.0,2021년도 전기자동차 포항시 모델별 보조금,2021,포항시
화물(초소형),디피코,포트로-픽업S,600,300.0,900.0,2021년도 전기자동차 포항시 모델별 보조금,2021,포항시
화물(경형),파워프라자,라보ev PEACE,1100,600.0,1700.0,2021년도 전기자동차 포항시 모델별 보조금,2021,포항시
화물(소형),제인모터스,제인모터스칼마토EV1톤내장탑차,1600,600.0,2200.0,2021년도 전기자동차 포항시 모델별 보조금,2021,포항시
화물(소형),파워프라자,봉고3ev PEACE,1600,600.0,2200.0,2021년도 전기자동차 포항시 모델별 보조금,2021,포항시
화물(소형),파워프라자,봉고3ev PEACE 더블캡,1600,600.0,2200.0,2021년도 전기자동차 포항시 모델별 보조금,2021,포항시
화물(소형),현대자동차,포터Ⅱ 일렉트릭 특장차,1600,600.0,2200.0,2021년도 전기자동차 포항시 모델별 보조금,2021,포항시
화물(소형),현대자동차,포터Ⅱ 일렉트릭 파워게이트,1600,600.0,2200.0,2021년도 전기자동차 포항시 모델별 보조금,2021,포항시
화물(소형),현대자동차,포터Ⅱ 일렉트릭 내장탑차,1600,600.0,2200.0,2021년도 전기자동차 포항시 모델별 보조금,2021,포항시
화물(소형),현대자동차,포터Ⅱ 일렉트릭 내장탑저상,1600,600.0,2200.0,2021년도 전기자동차 포항시 모델별 보조금,2021,포항시
화물(소형),현대자동차,포터Ⅱ 일렉트릭 내장탑하이,1600,600.0,2200.0,2021년도 전기자동차 포항시 모델별 보조금,2021,포항시
화물(소형),현대자동차,포터Ⅱ 일렉트릭 냉동탑저상,1600,600.0,2200.0,2021년도 전기자동차 포항시 모델별 보조금,2021,포항시
화물(소형),현대자동차,포터Ⅱ 일렉트릭(24MY),1600,600.0,2200.0,2021년도 전기자동차 포항시 모델별 보조금,2021,포항시
화물(소형),기아,봉고 전기차,1600,600.0,2200.0,2021년도 전기자동차 포항시 모델별 보조금,2021,포항시
화물(소형),기아,봉고Ⅲ 전기차 특장차,1600,600.0,2200.0,2021년도 전기자동차 포항시 모델별 보조금,2021,포항시
화물(소형),기아,봉고Ⅲ 전기차 파워게이트 2단 알루미늄,1600,600.0,2200.0,2021년도 전기자동차 포항시 모델별 보조금,2021,포항시
화물(소형),기아,봉고Ⅲ 전기차 내장차,1600,600.0,2200.0,2021년도 전기자동차 포항시 모델별 보조금,2021,포항시
화물(소형),기아,봉고Ⅲ 전기차 저상 내장차,1600,600.0,2200.0,2021년도 전기자동차 포항시 모델별 보조금,2021,포항시
화물(소형),기아,봉고Ⅲ 전기차 플러스 내장차,1600,600.0,2200.0,2021년도 전기자동차 포항시 모델별 보조금,2021,포항시
화물(소형),일진정공,일진무시동전기냉동탑차(149.9km),2100,600.0,2700.0,2021년도 전기자동차 포항시 모델별 보조금,2021,포항시
화물(소형),일진정공,일진무시동전기냉동탑차(186.1km),2100,600.0,2700.0,2021년도 전기자동차 포항시 모델별 보조금,2021,포항시
화물(소형),코리아에어카고에이전시,LSEV,1600,600.0,2200.0,2021년도 전기자동차 포항시 모델별 보조금,2021,포항시
화물(소형),루트17,다니고밴,1600,600.0,2200.0,2021년도 전기자동차 포항시 모델별 보조금,2021,포항시
화물(소형),케이지모빌리티커머셜,SMART T1.0,1600,600.0,2200.0,2021년도 전기자동차 포항시 모델별 보조금,2021,포항시
화물(소형),한신자동차,플러스,1600,600.0,2200.0,2021년도 전기자동차 포항시 모델별 보조금,2021,포항시
화물(소형),한신자동차,플러스2.0,1600,600.0,2200.0,2021년도 전기자동차 포항시 모델별 보조금,2021,포항시
화물(소형),비바모빌리티,(단종)비바,1600,600.0,2200.0,2021년도 전기자동차 포항시 모델별 보조금,2021,포항시
화물(소형),비바모빌리티,젤라,1600,600.0,2200.0,2021년도 전기자동차 포항시 모델별 보조금,2021,포항시
화물(초소형),스마트솔루션즈,D2C,600,350.0,950.0,2021년도 전기자동차 경주시 모델별 보조금,2021,경주시
화물(초소형),스마트솔루션즈,D2P,600,350.0,950.0,2021년도 전기자동차 경주시 모델별 보조금,2021,경주시
화물(초소형),루트17,다니고3,600,350.0,950.0,2021년도 전기자동차 경주시 모델별 보조금,2021,경주시
화물(초소형),루트17,다니고3 픽업,600,350.0,950.0,2021년도 전기자동차 경주시 모델별 보조금,2021,경주시
화물(초소형),마스타전기차,MASTA VAN,600,350.0,950.0,2021년도 전기자동차 경주시 모델별 보조금,2021,경주시
화물(초소형),마스타전기차,MASTA HIM,600,350.0,950.0,2021년도 전기자동차 경주시 모델별 보조금,2021,경주시
화물(초소형),디피코,(단종)포트로,600,350.0,950.0,2021년도 전기자동차 경주시 모델별 보조금,2021,경주시
화물(초소형),디피코,포트로-탑,600,350.0,950.0,2021년도 전기자동차 경주시 모델별 보조금,2021,경주시
화물(초소형),디피코,포트로-픽업,600,350.0,950.0,2021년도 전기자동차 경주시 모델별 보조금,2021,경주시
화물(초소형),디피코,포트로-탑S,600,350.0,950.0,2021년도 전기자동차 경주시 모델별 보조금,2021,경주시
화물(초소형),디피코,포트로-픽업S,600,350.0,950.0,2021년도 전기자동차 경주시 모델별 보조금,2021,경주시
화물(경형),파워프라자,라보ev PEACE,1100,700.0,1800.0,2021년도 전기자동차 경주시 모델별 보조금,2021,경주시
화물(소형),제인모터스,제인모터스칼마토EV1톤내장탑차,1600,700.0,2300.0,2021년도 전기자동차 경주시 모델별 보조금,2021,경주시
화물(소형),파워프라자,봉고3ev PEACE,1600,700.0,2300.0,2021년도 전기자동차 경주시 모델별 보조금,2021,경주시
화물(소형),파워프라자,봉고3ev PEACE 더블캡,1600,700.0,2300.0,2021년도 전기자동차 경주시 모델별 보조금,2021,경주시
화물(소형),현대자동차,포터Ⅱ 일렉트릭 특장차,1600,700.0,2300.0,2021년도 전기자동차 경주시 모델별 보조금,2021,경주시
화물(소형),현대자동차,포터Ⅱ 일렉트릭 파워게이트,1600,700.0,2300.0,2021년도 전기자동차 경주시 모델별 보조금,2021,경주시
화물(소형),현대자동차,포터Ⅱ 일렉트릭 내장탑차,1600,700.0,2300.0,2021년도 전기자동차 경주시 모델별 보조금,2021,경주시
화물(소형),현대자동차,포터Ⅱ 일렉트릭 내장탑저상,1600,700.0,2300.0,2021년도 전기자동차 경주시 모델별 보조금,2021,경주시
화물(소형),현대자동차,포터Ⅱ 일렉트릭 내장탑하이,1600,700.0,2300.0,2021년도 전기자동차 경주시 모델별 보조금,2021,경주시
화물(소형),현대자동차,포터Ⅱ 일렉트릭 냉동탑저상,1600,700.0,2300.0,2021년도 전기자동차 경주시 모델별 보조금,2021,경주시
화물(소형),현대자동차,포터Ⅱ 일렉트릭(24MY),1600,700.0,2300.0,2021년도 전기자동차 경주시 모델별 보조금,2021,경주시
화물(소형),기아,봉고 전기차,1600,700.0,2300.0,2021년도 전기자동차 경주시 모델별 보조금,2021,경주시
화물(소형),기아,봉고Ⅲ 전기차 특장차,1600,700.0,2300.0,2021년도 전기자동차 경주시 모델별 보조금,2021,경주시
화물(소형),기아,봉고Ⅲ 전기차 파워게이트 2단 알루미늄,1600,700.0,2300.0,2021년도 전기자동차 경주시 모델별 보조금,2021,경주시
화물(소형),기아,봉고Ⅲ 전기차 내장차,1600,700.0,2300.0,2021년도 전기자동차 경주시 모델별 보조금,2021,경주시
화물(소형),기아,봉고Ⅲ 전기차 저상 내장차,1600,700.0,2300.0,2021년도 전기자동차 경주시 모델별 보조금,2021,경주시
화물(소형),기아,봉고Ⅲ 전기차 플러스 내장차,1600,700.0,2300.0,2021년도 전기자동차 경주시 모델별 보조금,2021,경주시
화물(소형),일진정공,일진무시동전기냉동탑차(149.9km),2100,700.0,2800.0,2021년도 전기자동차 경주시 모델별 보조금,2021,경주시
화물(소형),일진정공,일진무시동전기냉동탑차(186.1km),2100,700.0,2800.0,2021년도 전기자동차 경주시 모델별 보조금,2021,경주시
화물(소형),코리아에어카고에이전시,LSEV,1600,700.0,2300.0,2021년도 전기자동차 경주시 모델별 보조금,2021,경주시
화물(소형),루트17,다니고밴,1600,700.0,2300.0,2021년도 전기자동차 경주시 모델별 보조금,2021,경주시
화물(소형),케이지모빌리티커머셜,SMART T1.0,1600,700.0,2300.0,2021년도 전기자동차 경주시 모델별 보조금,2021,경주시
화물(소형),한신자동차,플러스,1600,700.0,2300.0,2021년도 전기자동차 경주시 모델별 보조금,2021,경주시
화물(소형),한신자동차,플러스2.0,1600,700.0,2300.0,2021년도 전기자동차 경주시 모델별 보조금,2021,경주시
화물(소형),비바모빌리티,(단종)비바,1600,700.0,2300.0,2021년도 전기자동차 경주시 모델별 보조금,2021,경주시
화물(소형),비바모빌리티,젤라,1600,700.0,2300.0,2021년도 전기자동차 경주시 모델별 보조금,2021,경주시
화물(초소형),스마트솔루션즈,D2C,600,300.0,900.0,2021년도 전기자동차 김천시 모델별 보조금,2021,김천시
화물(초소형),스마트솔루션즈,D2P,600,300.0,900.0,2021년도 전기자동차 김천시 모델별 보조금,2021,김천시
화물(초소형),루트17,다니고3,600,300.0,900.0,2021년도 전기자동차 김천시 모델별 보조금,2021,김천시
화물(초소형),루트17,다니고3 픽업,600,300.0,900.0,2021년도 전기자동차 김천시 모델별 보조금,2021,김천시
화물(초소형),마스타전기차,MASTA VAN,600,300.0,900.0,2021년도 전기자동차 김천시 모델별 보조금,2021,김천시
화물(초소형),마스타전기차,MASTA HIM,600,300.0,900.0,2021년도 전기자동차 김천시 모델별 보조금,2021,김천시
화물(초소형),디피코,(단종)포트로,600,300.0,900.0,2021년도 전기자동차 김천시 모델별 보조금,2021,김천시
화물(초소형),디피코,포트로-탑,600,300.0,900.0,2021년도 전기자동차 김천시 모델별 보조금,2021,김천시
화물(초소형),디피코,포트로-픽업,600,300.0,900.0,2021년도 전기자동차 김천시 모델별 보조금,2021,김천시
화물(초소형),디피코,포트로-탑S,600,300.0,900.0,2021년도 전기자동차 김천시 모델별 보조금,2021,김천시
화물(초소형),디피코,포트로-픽업S,600,300.0,900.0,2021년도 전기자동차 김천시 모델별 보조금,2021,김천시
화물(경형),파워프라자,라보ev PEACE,1100,600.0,1700.0,2021년도 전기자동차 김천시 모델별 보조금,2021,김천시
화물(소형),제인모터스,제인모터스칼마토EV1톤내장탑차,1600,600.0,2200.0,2021년도 전기자동차 김천시 모델별 보조금,2021,김천시
화물(소형),파워프라자,봉고3ev PEACE,1600,600.0,2200.0,2021년도 전기자동차 김천시 모델별 보조금,2021,김천시
화물(소형),파워프라자,봉고3ev PEACE 더블캡,1600,600.0,2200.0,2021년도 전기자동차 김천시 모델별 보조금,2021,김천시
화물(소형),현대자동차,포터Ⅱ 일렉트릭 특장차,1600,600.0,2200.0,2021년도 전기자동차 김천시 모델별 보조금,2021,김천시
화물(소형),현대자동차,포터Ⅱ 일렉트릭 파워게이트,1600,600.0,2200.0,2021년도 전기자동차 김천시 모델별 보조금,2021,김천시
화물(소형),현대자동차,포터Ⅱ 일렉트릭 내장탑차,1600,600.0,2200.0,2021년도 전기자동차 김천시 모델별 보조금,2021,김천시
화물(소형),현대자동차,포터Ⅱ 일렉트릭 내장탑저상,1600,600.0,2200.0,2021년도 전기자동차 김천시 모델별 보조금,2021,김천시
화물(소형),현대자동차,포터Ⅱ 일렉트릭 내장탑하이,1600,600.0,2200.0,2021년도 전기자동차 김천시 모델별 보조금,2021,김천시
화물(소형),현대자동차,포터Ⅱ 일렉트릭 냉동탑저상,1600,600.0,2200.0,2021년도 전기자동차 김천시 모델별 보조금,2021,김천시
화물(소형),현대자동차,포터Ⅱ 일렉트릭(24MY),1600,600.0,2200.0,2021년도 전기자동차 김천시 모델별 보조금,2021,김천시
화물(소형),기아,봉고 전기차,1600,600.0,2200.0,2021년도 전기자동차 김천시 모델별 보조금,2021,김천시
화물(소형),기아,봉고Ⅲ 전기차 특장차,1600,600.0,2200.0,2021년도 전기자동차 김천시 모델별 보조금,2021,김천시
화물(소형),기아,봉고Ⅲ 전기차 파워게이트 2단 알루미늄,1600,600.0,2200.0,2021년도 전기자동차 김천시 모델별 보조금,2021,김천시
화물(소형),기아,봉고Ⅲ 전기차 내장차,1600,600.0,2200.0,2021년도 전기자동차 김천시 모델별 보조금,2021,김천시
화물(소형),기아,봉고Ⅲ 전기차 저상 내장차,1600,600.0,2200.0,2021년도 전기자동차 김천시 모델별 보조금,2021,김천시
화물(소형),기아,봉고Ⅲ 전기차 플러스 내장차,1600,600.0,2200.0,2021년도 전기자동차 김천시 모델별 보조금,2021,김천시
화물(소형),일진정공,일진무시동전기냉동탑차(149.9km),2100,600.0,2700.0,2021년도 전기자동차 김천시 모델별 보조금,2021,김천시
화물(소형),일진정공,일진무시동전기냉동탑차(186.1km),2100,600.0,2700.0,2021년도 전기자동차 김천시 모델별 보조금,2021,김천시
화물(소형),코리아에어카고에이전시,LSEV,1600,600.0,2200.0,2021년도 전기자동차 김천시 모델별 보조금,2021,김천시
화물(소형),루트17,다니고밴,1600,600.0,2200.0,2021년도 전기자동차 김천시 모델별 보조금,2021,김천시
화물(소형),케이지모빌리티커머셜,SMART T1.0,1600,600.0,2200.0,2021년도 전기자동차 김천시 모델별 보조금,2021,김천시
화물(소형),한신자동차,플러스,1600,600.0,2200.0,2021년도 전기자동차 김천시 모델별 보조금,2021,김천시
화물(소형),한신자동차,플러스2.0,1600,600.0,2200.0,2021년도 전기자동차 김천시 모델별 보조금,2021,김천시
화물(소형),비바모빌리티,(단종)비바,1600,600.0,2200.0,2021년도 전기자동차 김천시 모델별 보조금,2021,김천시
화물(소형),비바모빌리티,젤라,1600,600.0,2200.0,2021년도 전기자동차 김천시 모델별 보조금,2021,김천시
화물(초소형),스마트솔루션즈,D2C,600,300.0,900.0,2021년도 전기자동차 안동시 모델별 보조금,2021,안동시
화물(초소형),스마트솔루션즈,D2P,600,300.0,900.0,2021년도 전기자동차 안동시 모델별 보조금,2021,안동시
화물(초소형),루트17,다니고3,600,300.0,900.0,2021년도 전기자동차 안동시 모델별 보조금,2021,안동시
화물(초소형),루트17,다니고3 픽업,600,300.0,900.0,2021년도 전기자동차 안동시 모델별 보조금,2021,안동시
화물(초소형),마스타전기차,MASTA VAN,600,300.0,900.0,2021년도 전기자동차 안동시 모델별 보조금,2021,안동시
화물(초소형),마스타전기차,MASTA HIM,600,300.0,900.0,2021년도 전기자동차 안동시 모델별 보조금,2021,안동시
화물(초소형),디피코,(단종)포트로,600,300.0,900.0,2021년도 전기자동차 안동시 모델별 보조금,2021,안동시
화물(초소형),디피코,포트로-탑,600,300.0,900.0,2021년도 전기자동차 안동시 모델별 보조금,2021,안동시
화물(초소형),디피코,포트로-픽업,600,300.0,900.0,2021년도 전기자동차 안동시 모델별 보조금,2021,안동시
화물(초소형),디피코,포트로-탑S,600,300.0,900.0,2021년도 전기자동차 안동시 모델별 보조금,2021,안동시
화물(초소형),디피코,포트로-픽업S,600,300.0,900.0,2021년도 전기자동차 안동시 모델별 보조금,2021,안동시
화물(경형),파워프라자,라보ev PEACE,1100,600.0,1700.0,2021년도 전기자동차 안동시 모델별 보조금,2021,안동시
화물(소형),제인모터스,제인모터스칼마토EV1톤내장탑차,1600,600.0,2200.0,2021년도 전기자동차 안동시 모델별 보조금,2021,안동시
화물(소형),파워프라자,봉고3ev PEACE,1600,600.0,2200.0,2021년도 전기자동차 안동시 모델별 보조금,2021,안동시
화물(소형),파워프라자,봉고3ev PEACE 더블캡,1600,600.0,2200.0,2021년도 전기자동차 안동시 모델별 보조금,2021,안동시
화물(소형),현대자동차,포터Ⅱ 일렉트릭 특장차,1600,600.0,2200.0,2021년도 전기자동차 안동시 모델별 보조금,2021,안동시
화물(소형),현대자동차,포터Ⅱ 일렉트릭 파워게이트,1600,600.0,2200.0,2021년도 전기자동차 안동시 모델별 보조금,2021,안동시
화물(소형),현대자동차,포터Ⅱ 일렉트릭 내장탑차,1600,600.0,2200.0,2021년도 전기자동차 안동시 모델별 보조금,2021,안동시
화물(소형),현대자동차,포터Ⅱ 일렉트릭 내장탑저상,1600,600.0,2200.0,2021년도 전기자동차 안동시 모델별 보조금,2021,안동시
화물(소형),현대자동차,포터Ⅱ 일렉트릭 내장탑하이,1600,600.0,2200.0,2021년도 전기자동차 안동시 모델별 보조금,2021,안동시
화물(소형),현대자동차,포터Ⅱ 일렉트릭 냉동탑저상,1600,600.0,2200.0,2021년도 전기자동차 안동시 모델별 보조금,2021,안동시
화물(소형),현대자동차,포터Ⅱ 일렉트릭(24MY),1600,600.0,2200.0,2021년도 전기자동차 안동시 모델별 보조금,2021,안동시
화물(소형),기아,봉고 전기차,1600,600.0,2200.0,2021년도 전기자동차 안동시 모델별 보조금,2021,안동시
화물(소형),기아,봉고Ⅲ 전기차 특장차,1600,600.0,2200.0,2021년도 전기자동차 안동시 모델별 보조금,2021,안동시
화물(소형),기아,봉고Ⅲ 전기차 파워게이트 2단 알루미늄,1600,600.0,2200.0,2021년도 전기자동차 안동시 모델별 보조금,2021,안동시
화물(소형),기아,봉고Ⅲ 전기차 내장차,1600,600.0,2200.0,2021년도 전기자동차 안동시 모델별 보조금,2021,안동시
화물(소형),기아,봉고Ⅲ 전기차 저상 내장차,1600,600.0,2200.0,2021년도 전기자동차 안동시 모델별 보조금,2021,안동시
화물(소형),기아,봉고Ⅲ 전기차 플러스 내장차,1600,600.0,2200.0,2021년도 전기자동차 안동시 모델별 보조금,2021,안동시
화물(소형),일진정공,일진무시동전기냉동탑차(149.9km),2100,600.0,2700.0,2021년도 전기자동차 안동시 모델별 보조금,2021,안동시
화물(소형),일진정공,일진무시동전기냉동탑차(186.1km),2100,600.0,2700.0,2021년도 전기자동차 안동시 모델별 보조금,2021,안동시
화물(소형),코리아에어카고에이전시,LSEV,1600,600.0,2200.0,2021년도 전기자동차 안동시 모델별 보조금,2021,안동시
화물(소형),루트17,다니고밴,1600,600.0,2200.0,2021년도 전기자동차 안동시 모델별 보조금,2021,안동시
화물(소형),케이지모빌리티커머셜,SMART T1.0,1600,600.0,2200.0,2021년도 전기자동차 안동시 모델별 보조금,2021,안동시
화물(소형),한신자동차,플러스,1600,600.0,2200.0,2021년도 전기자동차 안동시 모델별 보조금,2021,안동시
화물(소형),한신자동차,플러스2.0,1600,600.0,2200.0,2021년도 전기자동차 안동시 모델별 보조금,2021,안동시
화물(소형),비바모빌리티,(단종)비바,1600,600.0,2200.0,2021년도 전기자동차 안동시 모델별 보조금,2021,안동시
화물(소형),비바모빌리티,젤라,1600,600.0,2200.0,2021년도 전기자동차 안동시 모델별 보조금,2021,안동시
화물(초소형),스마트솔루션즈,D2C,600,300.0,900.0,2021년도 전기자동차 구미시 모델별 보조금,2021,구미시
화물(초소형),스마트솔루션즈,D2P,600,300.0,900.0,2021년도 전기자동차 구미시 모델별 보조금,2021,구미시
화물(초소형),루트17,다니고3,600,300.0,900.0,2021년도 전기자동차 구미시 모델별 보조금,2021,구미시
화물(초소형),루트17,다니고3 픽업,600,300.0,900.0,2021년도 전기자동차 구미시 모델별 보조금,2021,구미시
화물(초소형),마스타전기차,MASTA VAN,600,300.0,900.0,2021년도 전기자동차 구미시 모델별 보조금,2021,구미시
화물(초소형),마스타전기차,MASTA HIM,600,300.0,900.0,2021년도 전기자동차 구미시 모델별 보조금,2021,구미시
화물(초소형),디피코,(단종)포트로,600,300.0,900.0,2021년도 전기자동차 구미시 모델별 보조금,2021,구미시
화물(초소형),디피코,포트로-탑,600,300.0,900.0,2021년도 전기자동차 구미시 모델별 보조금,2021,구미시
화물(초소형),디피코,포트로-픽업,600,300.0,900.0,2021년도 전기자동차 구미시 모델별 보조금,2021,구미시
화물(초소형),디피코,포트로-탑S,600,300.0,900.0,2021년도 전기자동차 구미시 모델별 보조금,2021,구미시
화물(초소형),디피코,포트로-픽업S,600,300.0,900.0,2021년도 전기자동차 구미시 모델별 보조금,2021,구미시
화물(경형),파워프라자,라보ev PEACE,1100,600.0,1700.0,2021년도 전기자동차 구미시 모델별 보조금,2021,구미시
화물(소형),제인모터스,제인모터스칼마토EV1톤내장탑차,1600,600.0,2200.0,2021년도 전기자동차 구미시 모델별 보조금,2021,구미시
화물(소형),파워프라자,봉고3ev PEACE,1600,600.0,2200.0,2021년도 전기자동차 구미시 모델별 보조금,2021,구미시
화물(소형),파워프라자,봉고3ev PEACE 더블캡,1600,600.0,2200.0,2021년도 전기자동차 구미시 모델별 보조금,2021,구미시
화물(소형),현대자동차,포터Ⅱ 일렉트릭 특장차,1600,600.0,2200.0,2021년도 전기자동차 구미시 모델별 보조금,2021,구미시
화물(소형),현대자동차,포터Ⅱ 일렉트릭 파워게이트,1600,600.0,2200.0,2021년도 전기자동차 구미시 모델별 보조금,2021,구미시
화물(소형),현대자동차,포터Ⅱ 일렉트릭 내장탑차,1600,600.0,2200.0,2021년도 전기자동차 구미시 모델별 보조금,2021,구미시
화물(소형),현대자동차,포터Ⅱ 일렉트릭 내장탑저상,1600,600.0,2200.0,2021년도 전기자동차 구미시 모델별 보조금,2021,구미시
화물(소형),현대자동차,포터Ⅱ 일렉트릭 내장탑하이,1600,600.0,2200.0,2021년도 전기자동차 구미시 모델별 보조금,2021,구미시
화물(소형),현대자동차,포터Ⅱ 일렉트릭 냉동탑저상,1600,600.0,2200.0,2021년도 전기자동차 구미시 모델별 보조금,2021,구미시
화물(소형),현대자동차,포터Ⅱ 일렉트릭(24MY),1600,600.0,2200.0,2021년도 전기자동차 구미시 모델별 보조금,2021,구미시
화물(소형),기아,봉고 전기차,1600,600.0,2200.0,2021년도 전기자동차 구미시 모델별 보조금,2021,구미시
화물(소형),기아,봉고Ⅲ 전기차 특장차,1600,600.0,2200.0,2021년도 전기자동차 구미시 모델별 보조금,2021,구미시
화물(소형),기아,봉고Ⅲ 전기차 파워게이트 2단 알루미늄,1600,600.0,2200.0,2021년도 전기자동차 구미시 모델별 보조금,2021,구미시
화물(소형),기아,봉고Ⅲ 전기차 내장차,1600,600.0,2200.0,2021년도 전기자동차 구미시 모델별 보조금,2021,구미시
화물(소형),기아,봉고Ⅲ 전기차 저상 내장차,1600,600.0,2200.0,2021년도 전기자동차 구미시 모델별 보조금,2021,구미시
화물(소형),기아,봉고Ⅲ 전기차 플러스 내장차,1600,600.0,2200.0,2021년도 전기자동차 구미시 모델별 보조금,2021,구미시
화물(소형),일진정공,일진무시동전기냉동탑차(149.9km),2100,600.0,2700.0,2021년도 전기자동차 구미시 모델별 보조금,2021,구미시
화물(소형),일진정공,일진무시동전기냉동탑차(186.1km),2100,600.0,2700.0,2021년도 전기자동차 구미시 모델별 보조금,2021,구미시
화물(소형),코리아에어카고에이전시,LSEV,1600,600.0,2200.0,2021년도 전기자동차 구미시 모델별 보조금,2021,구미시
화물(소형),루트17,다니고밴,1600,600.0,2200.0,2021년도 전기자동차 구미시 모델별 보조금,2021,구미시
화물(소형),케이지모빌리티커머셜,SMART T1.0,1600,600.0,2200.0,2021년도 전기자동차 구미시 모델별 보조금,2021,구미시
화물(소형),한신자동차,플러스,1600,600.0,2200.0,2021년도 전기자동차 구미시 모델별 보조금,2021,구미시
화물(소형),한신자동차,플러스2.0,1600,600.0,2200.0,2021년도 전기자동차 구미시 모델별 보조금,2021,구미시
화물(소형),비바모빌리티,(단종)비바,1600,600.0,2200.0,2021년도 전기자동차 구미시 모델별 보조금,2021,구미시
화물(소형),비바모빌리티,젤라,1600,600.0,2200.0,2021년도 전기자동차 구미시 모델별 보조금,2021,구미시
화물(초소형),스마트솔루션즈,D2C,600,600.0,1200.0,2021년도 전기자동차 영주시 모델별 보조금,2021,영주시
화물(초소형),스마트솔루션즈,D2P,600,600.0,1200.0,2021년도 전기자동차 영주시 모델별 보조금,2021,영주시
화물(초소형),루트17,다니고3,600,600.0,1200.0,2021년도 전기자동차 영주시 모델별 보조금,2021,영주시
화물(초소형),루트17,다니고3 픽업,600,600.0,1200.0,2021년도 전기자동차 영주시 모델별 보조금,2021,영주시
화물(초소형),마스타전기차,MASTA VAN,600,600.0,1200.0,2021년도 전기자동차 영주시 모델별 보조금,2021,영주시
화물(초소형),마스타전기차,MASTA HIM,600,600.0,1200.0,2021년도 전기자동차 영주시 모델별 보조금,2021,영주시
화물(초소형),디피코,(단종)포트로,600,600.0,1200.0,2021년도 전기자동차 영주시 모델별 보조금,2021,영주시
화물(초소형),디피코,포트로-탑,600,600.0,1200.0,2021년도 전기자동차 영주시 모델별 보조금,2021,영주시
화물(초소형),디피코,포트로-픽업,600,600.0,1200.0,2021년도 전기자동차 영주시 모델별 보조금,2021,영주시
화물(초소형),디피코,포트로-탑S,600,600.0,1200.0,2021년도 전기자동차 영주시 모델별 보조금,2021,영주시
화물(초소형),디피코,포트로-픽업S,600,600.0,1200.0,2021년도 전기자동차 영주시 모델별 보조금,2021,영주시
화물(경형),파워프라자,라보ev PEACE,1100,600.0,1700.0,2021년도 전기자동차 영주시 모델별 보조금,2021,영주시
화물(소형),제인모터스,제인모터스칼마토EV1톤내장탑차,1600,600.0,2200.0,2021년도 전기자동차 영주시 모델별 보조금,2021,영주시
화물(소형),파워프라자,봉고3ev PEACE,1600,600.0,2200.0,2021년도 전기자동차 영주시 모델별 보조금,2021,영주시
화물(소형),파워프라자,봉고3ev PEACE 더블캡,1600,600.0,2200.0,2021년도 전기자동차 영주시 모델별 보조금,2021,영주시
화물(소형),현대자동차,포터Ⅱ 일렉트릭 특장차,1600,600.0,2200.0,2021년도 전기자동차 영주시 모델별 보조금,2021,영주시
화물(소형),현대자동차,포터Ⅱ 일렉트릭 파워게이트,1600,600.0,2200.0,2021년도 전기자동차 영주시 모델별 보조금,2021,영주시
화물(소형),현대자동차,포터Ⅱ 일렉트릭 내장탑차,1600,600.0,2200.0,2021년도 전기자동차 영주시 모델별 보조금,2021,영주시
화물(소형),현대자동차,포터Ⅱ 일렉트릭 내장탑저상,1600,600.0,2200.0,2021년도 전기자동차 영주시 모델별 보조금,2021,영주시
화물(소형),현대자동차,포터Ⅱ 일렉트릭 내장탑하이,1600,600.0,2200.0,2021년도 전기자동차 영주시 모델별 보조금,2021,영주시
화물(소형),현대자동차,포터Ⅱ 일렉트릭 냉동탑저상,1600,600.0,2200.0,2021년도 전기자동차 영주시 모델별 보조금,2021,영주시
화물(소형),현대자동차,포터Ⅱ 일렉트릭(24MY),1600,600.0,2200.0,2021년도 전기자동차 영주시 모델별 보조금,2021,영주시
화물(소형),기아,봉고 전기차,1600,600.0,2200.0,2021년도 전기자동차 영주시 모델별 보조금,2021,영주시
화물(소형),기아,봉고Ⅲ 전기차 특장차,1600,600.0,2200.0,2021년도 전기자동차 영주시 모델별 보조금,2021,영주시
화물(소형),기아,봉고Ⅲ 전기차 파워게이트 2단 알루미늄,1600,600.0,2200.0,2021년도 전기자동차 영주시 모델별 보조금,2021,영주시
화물(소형),기아,봉고Ⅲ 전기차 내장차,1600,600.0,2200.0,2021년도 전기자동차 영주시 모델별 보조금,2021,영주시
화물(소형),기아,봉고Ⅲ 전기차 저상 내장차,1600,600.0,2200.0,2021년도 전기자동차 영주시 모델별 보조금,2021,영주시
화물(소형),기아,봉고Ⅲ 전기차 플러스 내장차,1600,600.0,2200.0,2021년도 전기자동차 영주시 모델별 보조금,2021,영주시
화물(소형),일진정공,일진무시동전기냉동탑차(149.9km),2100,600.0,2700.0,2021년도 전기자동차 영주시 모델별 보조금,2021,영주시
화물(소형),일진정공,일진무시동전기냉동탑차(186.1km),2100,600.0,2700.0,2021년도 전기자동차 영주시 모델별 보조금,2021,영주시
화물(소형),코리아에어카고에이전시,LSEV,1600,600.0,2200.0,2021년도 전기자동차 영주시 모델별 보조금,2021,영주시
화물(소형),루트17,다니고밴,1600,600.0,2200.0,2021년도 전기자동차 영주시 모델별 보조금,2021,영주시
화물(소형),케이지모빌리티커머셜,SMART T1.0,1600,600.0,2200.0,2021년도 전기자동차 영주시 모델별 보조금,2021,영주시
화물(소형),한신자동차,플러스,1600,600.0,2200.0,2021년도 전기자동차 영주시 모델별 보조금,2021,영주시
화물(소형),한신자동차,플러스2.0,1600,600.0,2200.0,2021년도 전기자동차 영주시 모델별 보조금,2021,영주시
화물(소형),비바모빌리티,(단종)비바,1600,600.0,2200.0,2021년도 전기자동차 영주시 모델별 보조금,2021,영주시
화물(소형),비바모빌리티,젤라,1600,600.0,2200.0,2021년도 전기자동차 영주시 모델별 보조금,2021,영주시
화물(초소형),스마트솔루션즈,D2C,600,300.0,900.0,2021년도 전기자동차 영천시 모델별 보조금,2021,영천시
화물(초소형),스마트솔루션즈,D2P,600,300.0,900.0,2021년도 전기자동차 영천시 모델별 보조금,2021,영천시
화물(초소형),루트17,다니고3,600,300.0,900.0,2021년도 전기자동차 영천시 모델별 보조금,2021,영천시
화물(초소형),루트17,다니고3 픽업,600,300.0,900.0,2021년도 전기자동차 영천시 모델별 보조금,2021,영천시
화물(초소형),마스타전기차,MASTA VAN,600,300.0,900.0,2021년도 전기자동차 영천시 모델별 보조금,2021,영천시
화물(초소형),마스타전기차,MASTA HIM,600,300.0,900.0,2021년도 전기자동차 영천시 모델별 보조금,2021,영천시
화물(초소형),디피코,(단종)포트로,600,300.0,900.0,2021년도 전기자동차 영천시 모델별 보조금,2021,영천시
화물(초소형),디피코,포트로-탑,600,300.0,900.0,2021년도 전기자동차 영천시 모델별 보조금,2021,영천시
화물(초소형),디피코,포트로-픽업,600,300.0,900.0,2021년도 전기자동차 영천시 모델별 보조금,2021,영천시
화물(초소형),디피코,포트로-탑S,600,300.0,900.0,2021년도 전기자동차 영천시 모델별 보조금,2021,영천시
화물(초소형),디피코,포트로-픽업S,600,300.0,900.0,2021년도 전기자동차 영천시 모델별 보조금,2021,영천시
화물(경형),파워프라자,라보ev PEACE,1100,600.0,1700.0,2021년도 전기자동차 영천시 모델별 보조금,2021,영천시
화물(소형),제인모터스,제인모터스칼마토EV1톤내장탑차,1600,600.0,2200.0,2021년도 전기자동차 영천시 모델별 보조금,2021,영천시
화물(소형),파워프라자,봉고3ev PEACE,1600,600.0,2200.0,2021년도 전기자동차 영천시 모델별 보조금,2021,영천시
화물(소형),파워프라자,봉고3ev PEACE 더블캡,1600,600.0,2200.0,2021년도 전기자동차 영천시 모델별 보조금,2021,영천시
화물(소형),현대자동차,포터Ⅱ 일렉트릭 특장차,1600,600.0,2200.0,2021년도 전기자동차 영천시 모델별 보조금,2021,영천시
화물(소형),현대자동차,포터Ⅱ 일렉트릭 파워게이트,1600,600.0,2200.0,2021년도 전기자동차 영천시 모델별 보조금,2021,영천시
화물(소형),현대자동차,포터Ⅱ 일렉트릭 내장탑차,1600,600.0,2200.0,2021년도 전기자동차 영천시 모델별 보조금,2021,영천시
화물(소형),현대자동차,포터Ⅱ 일렉트릭 내장탑저상,1600,600.0,2200.0,2021년도 전기자동차 영천시 모델별 보조금,2021,영천시
화물(소형),현대자동차,포터Ⅱ 일렉트릭 내장탑하이,1600,600.0,2200.0,2021년도 전기자동차 영천시 모델별 보조금,2021,영천시
화물(소형),현대자동차,포터Ⅱ 일렉트릭 냉동탑저상,1600,600.0,2200.0,2021년도 전기자동차 영천시 모델별 보조금,2021,영천시
화물(소형),현대자동차,포터Ⅱ 일렉트릭(24MY),1600,600.0,2200.0,2021년도 전기자동차 영천시 모델별 보조금,2021,영천시
화물(소형),기아,봉고 전기차,1600,600.0,2200.0,2021년도 전기자동차 영천시 모델별 보조금,2021,영천시
화물(소형),기아,봉고Ⅲ 전기차 특장차,1600,600.0,2200.0,2021년도 전기자동차 영천시 모델별 보조금,2021,영천시
화물(소형),기아,봉고Ⅲ 전기차 파워게이트 2단 알루미늄,1600,600.0,2200.0,2021년도 전기자동차 영천시 모델별 보조금,2021,영천시
화물(소형),기아,봉고Ⅲ 전기차 내장차,1600,600.0,2200.0,2021년도 전기자동차 영천시 모델별 보조금,2021,영천시
화물(소형),기아,봉고Ⅲ 전기차 저상 내장차,1600,600.0,2200.0,2021년도 전기자동차 영천시 모델별 보조금,2021,영천시
화물(소형),기아,봉고Ⅲ 전기차 플러스 내장차,1600,600.0,2200.0,2021년도 전기자동차 영천시 모델별 보조금,2021,영천시
화물(소형),일진정공,일진무시동전기냉동탑차(149.9km),2100,600.0,2700.0,2021년도 전기자동차 영천시 모델별 보조금,2021,영천시
화물(소형),일진정공,일진무시동전기냉동탑차(186.1km),2100,600.0,2700.0,2021년도 전기자동차 영천시 모델별 보조금,2021,영천시
화물(소형),코리아에어카고에이전시,LSEV,1600,600.0,2200.0,2021년도 전기자동차 영천시 모델별 보조금,2021,영천시
화물(소형),루트17,다니고밴,1600,600.0,2200.0,2021년도 전기자동차 영천시 모델별 보조금,2021,영천시
화물(소형),케이지모빌리티커머셜,SMART T1.0,1600,600.0,2200.0,2021년도 전기자동차 영천시 모델별 보조금,2021,영천시
화물(소형),한신자동차,플러스,1600,600.0,2200.0,2021년도 전기자동차 영천시 모델별 보조금,2021,영천시
화물(소형),한신자동차,플러스2.0,1600,600.0,2200.0,2021년도 전기자동차 영천시 모델별 보조금,2021,영천시
화물(소형),비바모빌리티,(단종)비바,1600,600.0,2200.0,2021년도 전기자동차 영천시 모델별 보조금,2021,영천시
화물(소형),비바모빌리티,젤라,1600,600.0,2200.0,2021년도 전기자동차 영천시 모델별 보조금,2021,영천시
화물(초소형),스마트솔루션즈,D2C,600,300.0,900.0,2021년도 전기자동차 상주시 모델별 보조금,2021,상주시
화물(초소형),스마트솔루션즈,D2P,600,300.0,900.0,2021년도 전기자동차 상주시 모델별 보조금,2021,상주시
화물(초소형),루트17,다니고3,600,300.0,900.0,2021년도 전기자동차 상주시 모델별 보조금,2021,상주시
화물(초소형),루트17,다니고3 픽업,600,300.0,900.0,2021년도 전기자동차 상주시 모델별 보조금,2021,상주시
화물(초소형),마스타전기차,MASTA VAN,600,300.0,900.0,2021년도 전기자동차 상주시 모델별 보조금,2021,상주시
화물(초소형),마스타전기차,MASTA HIM,600,300.0,900.0,2021년도 전기자동차 상주시 모델별 보조금,2021,상주시
화물(초소형),디피코,(단종)포트로,600,300.0,900.0,2021년도 전기자동차 상주시 모델별 보조금,2021,상주시
화물(초소형),디피코,포트로-탑,600,300.0,900.0,2021년도 전기자동차 상주시 모델별 보조금,2021,상주시
화물(초소형),디피코,포트로-픽업,600,300.0,900.0,2021년도 전기자동차 상주시 모델별 보조금,2021,상주시
화물(초소형),디피코,포트로-탑S,600,300.0,900.0,2021년도 전기자동차 상주시 모델별 보조금,2021,상주시
화물(초소형),디피코,포트로-픽업S,600,300.0,900.0,2021년도 전기자동차 상주시 모델별 보조금,2021,상주시
화물(경형),파워프라자,라보ev PEACE,1100,600.0,1700.0,2021년도 전기자동차 상주시 모델별 보조금,2021,상주시
화물(소형),제인모터스,제인모터스칼마토EV1톤내장탑차,1600,600.0,2200.0,2021년도 전기자동차 상주시 모델별 보조금,2021,상주시
화물(소형),파워프라자,봉고3ev PEACE,1600,600.0,2200.0,2021년도 전기자동차 상주시 모델별 보조금,2021,상주시
화물(소형),파워프라자,봉고3ev PEACE 더블캡,1600,600.0,2200.0,2021년도 전기자동차 상주시 모델별 보조금,2021,상주시
화물(소형),현대자동차,포터Ⅱ 일렉트릭 특장차,1600,600.0,2200.0,2021년도 전기자동차 상주시 모델별 보조금,2021,상주시
화물(소형),현대자동차,포터Ⅱ 일렉트릭 파워게이트,1600,600.0,2200.0,2021년도 전기자동차 상주시 모델별 보조금,2021,상주시
화물(소형),현대자동차,포터Ⅱ 일렉트릭 내장탑차,1600,600.0,2200.0,2021년도 전기자동차 상주시 모델별 보조금,2021,상주시
화물(소형),현대자동차,포터Ⅱ 일렉트릭 내장탑저상,1600,600.0,2200.0,2021년도 전기자동차 상주시 모델별 보조금,2021,상주시
화물(소형),현대자동차,포터Ⅱ 일렉트릭 내장탑하이,1600,600.0,2200.0,2021년도 전기자동차 상주시 모델별 보조금,2021,상주시
화물(소형),현대자동차,포터Ⅱ 일렉트릭 냉동탑저상,1600,600.0,2200.0,2021년도 전기자동차 상주시 모델별 보조금,2021,상주시
화물(소형),현대자동차,포터Ⅱ 일렉트릭(24MY),1600,600.0,2200.0,2021년도 전기자동차 상주시 모델별 보조금,2021,상주시
화물(소형),기아,봉고 전기차,1600,600.0,2200.0,2021년도 전기자동차 상주시 모델별 보조금,2021,상주시
화물(소형),기아,봉고Ⅲ 전기차 특장차,1600,600.0,2200.0,2021년도 전기자동차 상주시 모델별 보조금,2021,상주시
화물(소형),기아,봉고Ⅲ 전기차 파워게이트 2단 알루미늄,1600,600.0,2200.0,2021년도 전기자동차 상주시 모델별 보조금,2021,상주시
화물(소형),기아,봉고Ⅲ 전기차 내장차,1600,600.0,2200.0,2021년도 전기자동차 상주시 모델별 보조금,2021,상주시
화물(소형),기아,봉고Ⅲ 전기차 저상 내장차,1600,600.0,2200.0,2021년도 전기자동차 상주시 모델별 보조금,2021,상주시
화물(소형),기아,봉고Ⅲ 전기차 플러스 내장차,1600,600.0,2200.0,2021년도 전기자동차 상주시 모델별 보조금,2021,상주시
화물(소형),일진정공,일진무시동전기냉동탑차(149.9km),2100,600.0,2700.0,2021년도 전기자동차 상주시 모델별 보조금,2021,상주시
화물(소형),일진정공,일진무시동전기냉동탑차(186.1km),2100,600.0,2700.0,2021년도 전기자동차 상주시 모델별 보조금,2021,상주시
화물(소형),코리아에어카고에이전시,LSEV,1600,600.0,2200.0,2021년도 전기자동차 상주시 모델별 보조금,2021,상주시
화물(소형),루트17,다니고밴,1600,600.0,2200.0,2021년도 전기자동차 상주시 모델별 보조금,2021,상주시
화물(소형),케이지모빌리티커머셜,SMART T1.0,1600,600.0,2200.0,2021년도 전기자동차 상주시 모델별 보조금,2021,상주시
화물(소형),한신자동차,플러스,1600,600.0,2200.0,2021년도 전기자동차 상주시 모델별 보조금,2021,상주시
화물(소형),한신자동차,플러스2.0,1600,600.0,2200.0,2021년도 전기자동차 상주시 모델별 보조금,2021,상주시
화물(소형),비바모빌리티,(단종)비바,1600,600.0,2200.0,2021년도 전기자동차 상주시 모델별 보조금,2021,상주시
화물(소형),비바모빌리티,젤라,1600,600.0,2200.0,2021년도 전기자동차 상주시 모델별 보조금,2021,상주시
화물(초소형),스마트솔루션즈,D2C,600,300.0,900.0,2021년도 전기자동차 문경시 모델별 보조금,2021,문경시
화물(초소형),스마트솔루션즈,D2P,600,300.0,900.0,2021년도 전기자동차 문경시 모델별 보조금,2021,문경시
화물(초소형),루트17,다니고3,600,300.0,900.0,2021년도 전기자동차 문경시 모델별 보조금,2021,문경시
화물(초소형),루트17,다니고3 픽업,600,300.0,900.0,2021년도 전기자동차 문경시 모델별 보조금,2021,문경시
화물(초소형),마스타전기차,MASTA VAN,600,300.0,900.0,2021년도 전기자동차 문경시 모델별 보조금,2021,문경시
화물(초소형),마스타전기차,MASTA HIM,600,300.0,900.0,2021년도 전기자동차 문경시 모델별 보조금,2021,문경시
화물(초소형),디피코,(단종)포트로,600,300.0,900.0,2021년도 전기자동차 문경시 모델별 보조금,2021,문경시
화물(초소형),디피코,포트로-탑,600,300.0,900.0,2021년도 전기자동차 문경시 모델별 보조금,2021,문경시
화물(초소형),디피코,포트로-픽업,600,300.0,900.0,2021년도 전기자동차 문경시 모델별 보조금,2021,문경시
화물(초소형),디피코,포트로-탑S,600,300.0,900.0,2021년도 전기자동차 문경시 모델별 보조금,2021,문경시
화물(초소형),디피코,포트로-픽업S,600,300.0,900.0,2021년도 전기자동차 문경시 모델별 보조금,2021,문경시
화물(경형),파워프라자,라보ev PEACE,1100,600.0,1700.0,2021년도 전기자동차 문경시 모델별 보조금,2021,문경시
화물(소형),제인모터스,제인모터스칼마토EV1톤내장탑차,1600,600.0,2200.0,2021년도 전기자동차 문경시 모델별 보조금,2021,문경시
화물(소형),파워프라자,봉고3ev PEACE,1600,600.0,2200.0,2021년도 전기자동차 문경시 모델별 보조금,2021,문경시
화물(소형),파워프라자,봉고3ev PEACE 더블캡,1600,600.0,2200.0,2021년도 전기자동차 문경시 모델별 보조금,2021,문경시
화물(소형),현대자동차,포터Ⅱ 일렉트릭 특장차,1600,600.0,2200.0,2021년도 전기자동차 문경시 모델별 보조금,2021,문경시
화물(소형),현대자동차,포터Ⅱ 일렉트릭 파워게이트,1600,600.0,2200.0,2021년도 전기자동차 문경시 모델별 보조금,2021,문경시
화물(소형),현대자동차,포터Ⅱ 일렉트릭 내장탑차,1600,600.0,2200.0,2021년도 전기자동차 문경시 모델별 보조금,2021,문경시
화물(소형),현대자동차,포터Ⅱ 일렉트릭 내장탑저상,1600,600.0,2200.0,2021년도 전기자동차 문경시 모델별 보조금,2021,문경시
화물(소형),현대자동차,포터Ⅱ 일렉트릭 내장탑하이,1600,600.0,2200.0,2021년도 전기자동차 문경시 모델별 보조금,2021,문경시
화물(소형),현대자동차,포터Ⅱ 일렉트릭 냉동탑저상,1600,600.0,2200.0,2021년도 전기자동차 문경시 모델별 보조금,2021,문경시
화물(소형),현대자동차,포터Ⅱ 일렉트릭(24MY),1600,600.0,2200.0,2021년도 전기자동차 문경시 모델별 보조금,2021,문경시
화물(소형),기아,봉고 전기차,1600,600.0,2200.0,2021년도 전기자동차 문경시 모델별 보조금,2021,문경시
화물(소형),기아,봉고Ⅲ 전기차 특장차,1600,600.0,2200.0,2021년도 전기자동차 문경시 모델별 보조금,2021,문경시
화물(소형),기아,봉고Ⅲ 전기차 파워게이트 2단 알루미늄,1600,600.0,2200.0,2021년도 전기자동차 문경시 모델별 보조금,2021,문경시
화물(소형),기아,봉고Ⅲ 전기차 내장차,1600,600.0,2200.0,2021년도 전기자동차 문경시 모델별 보조금,2021,문경시
화물(소형),기아,봉고Ⅲ 전기차 저상 내장차,1600,600.0,2200.0,2021년도 전기자동차 문경시 모델별 보조금,2021,문경시
화물(소형),기아,봉고Ⅲ 전기차 플러스 내장차,1600,600.0,2200.0,2021년도 전기자동차 문경시 모델별 보조금,2021,문경시
화물(소형),일진정공,일진무시동전기냉동탑차(149.9km),2100,600.0,2700.0,2021년도 전기자동차 문경시 모델별 보조금,2021,문경시
화물(소형),일진정공,일진무시동전기냉동탑차(186.1km),2100,600.0,2700.0,2021년도 전기자동차 문경시 모델별 보조금,2021,문경시
화물(소형),코리아에어카고에이전시,LSEV,1600,600.0,2200.0,2021년도 전기자동차 문경시 모델별 보조금,2021,문경시
화물(소형),루트17,다니고밴,1600,600.0,2200.0,2021년도 전기자동차 문경시 모델별 보조금,2021,문경시
화물(소형),케이지모빌리티커머셜,SMART T1.0,1600,600.0,2200.0,2021년도 전기자동차 문경시 모델별 보조금,2021,문경시
화물(소형),한신자동차,플러스,1600,600.0,2200.0,2021년도 전기자동차 문경시 모델별 보조금,2021,문경시
화물(소형),한신자동차,플러스2.0,1600,600.0,2200.0,2021년도 전기자동차 문경시 모델별 보조금,2021,문경시
화물(소형),비바모빌리티,(단종)비바,1600,600.0,2200.0,2021년도 전기자동차 문경시 모델별 보조금,2021,문경시
화물(소형),비바모빌리티,젤라,1600,600.0,2200.0,2021년도 전기자동차 문경시 모델별 보조금,2021,문경시
화물(초소형),스마트솔루션즈,D2C,600,300.0,900.0,2021년도 전기자동차 경산시 모델별 보조금,2021,경산시
화물(초소형),스마트솔루션즈,D2P,600,300.0,900.0,2021년도 전기자동차 경산시 모델별 보조금,2021,경산시
화물(초소형),루트17,다니고3,600,300.0,900.0,2021년도 전기자동차 경산시 모델별 보조금,2021,경산시
화물(초소형),루트17,다니고3 픽업,600,300.0,900.0,2021년도 전기자동차 경산시 모델별 보조금,2021,경산시
화물(초소형),마스타전기차,MASTA VAN,600,300.0,900.0,2021년도 전기자동차 경산시 모델별 보조금,2021,경산시
화물(초소형),마스타전기차,MASTA HIM,600,300.0,900.0,2021년도 전기자동차 경산시 모델별 보조금,2021,경산시
화물(초소형),디피코,(단종)포트로,600,300.0,900.0,2021년도 전기자동차 경산시 모델별 보조금,2021,경산시
화물(초소형),디피코,포트로-탑,600,300.0,900.0,2021년도 전기자동차 경산시 모델별 보조금,2021,경산시
화물(초소형),디피코,포트로-픽업,600,300.0,900.0,2021년도 전기자동차 경산시 모델별 보조금,2021,경산시
화물(초소형),디피코,포트로-탑S,600,300.0,900.0,2021년도 전기자동차 경산시 모델별 보조금,2021,경산시
화물(초소형),디피코,포트로-픽업S,600,300.0,900.0,2021년도 전기자동차 경산시 모델별 보조금,2021,경산시
화물(경형),파워프라자,라보ev PEACE,1100,600.0,1700.0,2021년도 전기자동차 경산시 모델별 보조금,2021,경산시
화물(소형),제인모터스,제인모터스칼마토EV1톤내장탑차,1600,600.0,2200.0,2021년도 전기자동차 경산시 모델별 보조금,2021,경산시
화물(소형),파워프라자,봉고3ev PEACE,1600,600.0,2200.0,2021년도 전기자동차 경산시 모델별 보조금,2021,경산시
화물(소형),파워프라자,봉고3ev PEACE 더블캡,1600,600.0,2200.0,2021년도 전기자동차 경산시 모델별 보조금,2021,경산시
화물(소형),현대자동차,포터Ⅱ 일렉트릭 특장차,1600,600.0,2200.0,2021년도 전기자동차 경산시 모델별 보조금,2021,경산시
화물(소형),현대자동차,포터Ⅱ 일렉트릭 파워게이트,1600,600.0,2200.0,2021년도 전기자동차 경산시 모델별 보조금,2021,경산시
화물(소형),현대자동차,포터Ⅱ 일렉트릭 내장탑차,1600,600.0,2200.0,2021년도 전기자동차 경산시 모델별 보조금,2021,경산시
화물(소형),현대자동차,포터Ⅱ 일렉트릭 내장탑저상,1600,600.0,2200.0,2021년도 전기자동차 경산시 모델별 보조금,2021,경산시
화물(소형),현대자동차,포터Ⅱ 일렉트릭 내장탑하이,1600,600.0,2200.0,2021년도 전기자동차 경산시 모델별 보조금,2021,경산시
화물(소형),현대자동차,포터Ⅱ 일렉트릭 냉동탑저상,1600,600.0,2200.0,2021년도 전기자동차 경산시 모델별 보조금,2021,경산시
화물(소형),현대자동차,포터Ⅱ 일렉트릭(24MY),1600,600.0,2200.0,2021년도 전기자동차 경산시 모델별 보조금,2021,경산시
화물(소형),기아,봉고 전기차,1600,600.0,2200.0,2021년도 전기자동차 경산시 모델별 보조금,2021,경산시
화물(소형),기아,봉고Ⅲ 전기차 특장차,1600,600.0,2200.0,2021년도 전기자동차 경산시 모델별 보조금,2021,경산시
화물(소형),기아,봉고Ⅲ 전기차 파워게이트 2단 알루미늄,1600,600.0,2200.0,2021년도 전기자동차 경산시 모델별 보조금,2021,경산시
화물(소형),기아,봉고Ⅲ 전기차 내장차,1600,600.0,2200.0,2021년도 전기자동차 경산시 모델별 보조금,2021,경산시
화물(소형),기아,봉고Ⅲ 전기차 저상 내장차,1600,600.0,2200.0,2021년도 전기자동차 경산시 모델별 보조금,2021,경산시
화물(소형),기아,봉고Ⅲ 전기차 플러스 내장차,1600,600.0,2200.0,2021년도 전기자동차 경산시 모델별 보조금,2021,경산시
화물(소형),일진정공,일진무시동전기냉동탑차(149.9km),2100,600.0,2700.0,2021년도 전기자동차 경산시 모델별 보조금,2021,경산시
화물(소형),일진정공,일진무시동전기냉동탑차(186.1km),2100,600.0,2700.0,2021년도 전기자동차 경산시 모델별 보조금,2021,경산시
화물(소형),코리아에어카고에이전시,LSEV,1600,600.0,2200.0,2021년도 전기자동차 경산시 모델별 보조금,2021,경산시
화물(소형),루트17,다니고밴,1600,600.0,2200.0,2021년도 전기자동차 경산시 모델별 보조금,2021,경산시
화물(소형),케이지모빌리티커머셜,SMART T1.0,1600,600.0,2200.0,2021년도 전기자동차 경산시 모델별 보조금,2021,경산시
화물(소형),한신자동차,플러스,1600,600.0,2200.0,2021년도 전기자동차 경산시 모델별 보조금,2021,경산시
화물(소형),한신자동차,플러스2.0,1600,600.0,2200.0,2021년도 전기자동차 경산시 모델별 보조금,2021,경산시
화물(소형),비바모빌리티,(단종)비바,1600,600.0,2200.0,2021년도 전기자동차 경산시 모델별 보조금,2021,경산시
화물(소형),비바모빌리티,젤라,1600,600.0,2200.0,2021년도 전기자동차 경산시 모델별 보조금,2021,경산시
화물(초소형),스마트솔루션즈,D2C,600,300.0,900.0,2021년도 전기자동차 군위군 모델별 보조금,2021,군위군
화물(초소형),스마트솔루션즈,D2P,600,300.0,900.0,2021년도 전기자동차 군위군 모델별 보조금,2021,군위군
화물(초소형),루트17,다니고3,600,300.0,900.0,2021년도 전기자동차 군위군 모델별 보조금,2021,군위군
화물(초소형),루트17,다니고3 픽업,600,300.0,900.0,2021년도 전기자동차 군위군 모델별 보조금,2021,군위군
화물(초소형),마스타전기차,MASTA VAN,600,300.0,900.0,2021년도 전기자동차 군위군 모델별 보조금,2021,군위군
화물(초소형),마스타전기차,MASTA HIM,600,300.0,900.0,2021년도 전기자동차 군위군 모델별 보조금,2021,군위군
화물(초소형),디피코,(단종)포트로,600,300.0,900.0,2021년도 전기자동차 군위군 모델별 보조금,2021,군위군
화물(초소형),디피코,포트로-탑,600,300.0,900.0,2021년도 전기자동차 군위군 모델별 보조금,2021,군위군
화물(초소형),디피코,포트로-픽업,600,300.0,900.0,2021년도 전기자동차 군위군 모델별 보조금,2021,군위군
화물(초소형),디피코,포트로-탑S,600,300.0,900.0,2021년도 전기자동차 군위군 모델별 보조금,2021,군위군
화물(초소형),디피코,포트로-픽업S,600,300.0,900.0,2021년도 전기자동차 군위군 모델별 보조금,2021,군위군
화물(경형),파워프라자,라보ev PEACE,1100,600.0,1700.0,2021년도 전기자동차 군위군 모델별 보조금,2021,군위군
화물(소형),제인모터스,제인모터스칼마토EV1톤내장탑차,1600,600.0,2200.0,2021년도 전기자동차 군위군 모델별 보조금,2021,군위군
화물(소형),파워프라자,봉고3ev PEACE,1600,600.0,2200.0,2021년도 전기자동차 군위군 모델별 보조금,2021,군위군
화물(소형),파워프라자,봉고3ev PEACE 더블캡,1600,600.0,2200.0,2021년도 전기자동차 군위군 모델별 보조금,2021,군위군
화물(소형),현대자동차,포터Ⅱ 일렉트릭 특장차,1600,600.0,2200.0,2021년도 전기자동차 군위군 모델별 보조금,2021,군위군
화물(소형),현대자동차,포터Ⅱ 일렉트릭 파워게이트,1600,600.0,2200.0,2021년도 전기자동차 군위군 모델별 보조금,2021,군위군
화물(소형),현대자동차,포터Ⅱ 일렉트릭 내장탑차,1600,600.0,2200.0,2021년도 전기자동차 군위군 모델별 보조금,2021,군위군
화물(소형),현대자동차,포터Ⅱ 일렉트릭 내장탑저상,1600,600.0,2200.0,2021년도 전기자동차 군위군 모델별 보조금,2021,군위군
화물(소형),현대자동차,포터Ⅱ 일렉트릭 내장탑하이,1600,600.0,2200.0,2021년도 전기자동차 군위군 모델별 보조금,2021,군위군
화물(소형),현대자동차,포터Ⅱ 일렉트릭 냉동탑저상,1600,600.0,2200.0,2021년도 전기자동차 군위군 모델별 보조금,2021,군위군
화물(소형),현대자동차,포터Ⅱ 일렉트릭(24MY),1600,600.0,2200.0,2021년도 전기자동차 군위군 모델별 보조금,2021,군위군
화물(소형),기아,봉고 전기차,1600,600.0,2200.0,2021년도 전기자동차 군위군 모델별 보조금,2021,군위군
화물(소형),기아,봉고Ⅲ 전기차 특장차,1600,600.0,2200.0,2021년도 전기자동차 군위군 모델별 보조금,2021,군위군
화물(소형),기아,봉고Ⅲ 전기차 파워게이트 2단 알루미늄,1600,600.0,2200.0,2021년도 전기자동차 군위군 모델별 보조금,2021,군위군
화물(소형),기아,봉고Ⅲ 전기차 내장차,1600,600.0,2200.0,2021년도 전기자동차 군위군 모델별 보조금,2021,군위군
화물(소형),기아,봉고Ⅲ 전기차 저상 내장차,1600,600.0,2200.0,2021년도 전기자동차 군위군 모델별 보조금,2021,군위군
화물(소형),기아,봉고Ⅲ 전기차 플러스 내장차,1600,600.0,2200.0,2021년도 전기자동차 군위군 모델별 보조금,2021,군위군
화물(소형),일진정공,일진무시동전기냉동탑차(149.9km),2100,600.0,2700.0,2021년도 전기자동차 군위군 모델별 보조금,2021,군위군
화물(소형),일진정공,일진무시동전기냉동탑차(186.1km),2100,600.0,2700.0,2021년도 전기자동차 군위군 모델별 보조금,2021,군위군
화물(소형),코리아에어카고에이전시,LSEV,1600,600.0,2200.0,2021년도 전기자동차 군위군 모델별 보조금,2021,군위군
화물(소형),루트17,다니고밴,1600,600.0,2200.0,2021년도 전기자동차 군위군 모델별 보조금,2021,군위군
화물(소형),케이지모빌리티커머셜,SMART T1.0,1600,600.0,2200.0,2021년도 전기자동차 군위군 모델별 보조금,2021,군위군
화물(소형),한신자동차,플러스,1600,600.0,2200.0,2021년도 전기자동차 군위군 모델별 보조금,2021,군위군
화물(소형),한신자동차,플러스2.0,1600,600.0,2200.0,2021년도 전기자동차 군위군 모델별 보조금,2021,군위군
화물(소형),비바모빌리티,(단종)비바,1600,600.0,2200.0,2021년도 전기자동차 군위군 모델별 보조금,2021,군위군
화물(소형),비바모빌리티,젤라,1600,600.0,2200.0,2021년도 전기자동차 군위군 모델별 보조금,2021,군위군
화물(초소형),스마트솔루션즈,D2C,600,300.0,900.0,2021년도 전기자동차 의성군 모델별 보조금,2021,의성군
화물(초소형),스마트솔루션즈,D2P,600,300.0,900.0,2021년도 전기자동차 의성군 모델별 보조금,2021,의성군
화물(초소형),루트17,다니고3,600,300.0,900.0,2021년도 전기자동차 의성군 모델별 보조금,2021,의성군
화물(초소형),루트17,다니고3 픽업,600,300.0,900.0,2021년도 전기자동차 의성군 모델별 보조금,2021,의성군
화물(초소형),마스타전기차,MASTA VAN,600,300.0,900.0,2021년도 전기자동차 의성군 모델별 보조금,2021,의성군
화물(초소형),마스타전기차,MASTA HIM,600,300.0,900.0,2021년도 전기자동차 의성군 모델별 보조금,2021,의성군
화물(초소형),디피코,(단종)포트로,600,300.0,900.0,2021년도 전기자동차 의성군 모델별 보조금,2021,의성군
화물(초소형),디피코,포트로-탑,600,300.0,900.0,2021년도 전기자동차 의성군 모델별 보조금,2021,의성군
화물(초소형),디피코,포트로-픽업,600,300.0,900.0,2021년도 전기자동차 의성군 모델별 보조금,2021,의성군
화물(초소형),디피코,포트로-탑S,600,300.0,900.0,2021년도 전기자동차 의성군 모델별 보조금,2021,의성군
화물(초소형),디피코,포트로-픽업S,600,300.0,900.0,2021년도 전기자동차 의성군 모델별 보조금,2021,의성군
화물(경형),파워프라자,라보ev PEACE,1100,600.0,1700.0,2021년도 전기자동차 의성군 모델별 보조금,2021,의성군
화물(소형),제인모터스,제인모터스칼마토EV1톤내장탑차,1600,600.0,2200.0,2021년도 전기자동차 의성군 모델별 보조금,2021,의성군
화물(소형),파워프라자,봉고3ev PEACE,1600,600.0,2200.0,2021년도 전기자동차 의성군 모델별 보조금,2021,의성군
화물(소형),파워프라자,봉고3ev PEACE 더블캡,1600,600.0,2200.0,2021년도 전기자동차 의성군 모델별 보조금,2021,의성군
화물(소형),현대자동차,포터Ⅱ 일렉트릭 특장차,1600,600.0,2200.0,2021년도 전기자동차 의성군 모델별 보조금,2021,의성군
화물(소형),현대자동차,포터Ⅱ 일렉트릭 파워게이트,1600,600.0,2200.0,2021년도 전기자동차 의성군 모델별 보조금,2021,의성군
화물(소형),현대자동차,포터Ⅱ 일렉트릭 내장탑차,1600,600.0,2200.0,2021년도 전기자동차 의성군 모델별 보조금,2021,의성군
화물(소형),현대자동차,포터Ⅱ 일렉트릭 내장탑저상,1600,600.0,2200.0,2021년도 전기자동차 의성군 모델별 보조금,2021,의성군
화물(소형),현대자동차,포터Ⅱ 일렉트릭 내장탑하이,1600,600.0,2200.0,2021년도 전기자동차 의성군 모델별 보조금,2021,의성군
화물(소형),현대자동차,포터Ⅱ 일렉트릭 냉동탑저상,1600,600.0,2200.0,2021년도 전기자동차 의성군 모델별 보조금,2021,의성군
화물(소형),현대자동차,포터Ⅱ 일렉트릭(24MY),1600,600.0,2200.0,2021년도 전기자동차 의성군 모델별 보조금,2021,의성군
화물(소형),기아,봉고 전기차,1600,600.0,2200.0,2021년도 전기자동차 의성군 모델별 보조금,2021,의성군
화물(소형),기아,봉고Ⅲ 전기차 특장차,1600,600.0,2200.0,2021년도 전기자동차 의성군 모델별 보조금,2021,의성군
화물(소형),기아,봉고Ⅲ 전기차 파워게이트 2단 알루미늄,1600,600.0,2200.0,2021년도 전기자동차 의성군 모델별 보조금,2021,의성군
화물(소형),기아,봉고Ⅲ 전기차 내장차,1600,600.0,2200.0,2021년도 전기자동차 의성군 모델별 보조금,2021,의성군
화물(소형),기아,봉고Ⅲ 전기차 저상 내장차,1600,600.0,2200.0,2021년도 전기자동차 의성군 모델별 보조금,2021,의성군
화물(소형),기아,봉고Ⅲ 전기차 플러스 내장차,1600,600.0,2200.0,2021년도 전기자동차 의성군 모델별 보조금,2021,의성군
화물(소형),일진정공,일진무시동전기냉동탑차(149.9km),2100,600.0,2700.0,2021년도 전기자동차 의성군 모델별 보조금,2021,의성군
화물(소형),일진정공,일진무시동전기냉동탑차(186.1km),2100,600.0,2700.0,2021년도 전기자동차 의성군 모델별 보조금,2021,의성군
화물(소형),코리아에어카고에이전시,LSEV,1600,600.0,2200.0,2021년도 전기자동차 의성군 모델별 보조금,2021,의성군
화물(소형),루트17,다니고밴,1600,600.0,2200.0,2021년도 전기자동차 의성군 모델별 보조금,2021,의성군
화물(소형),케이지모빌리티커머셜,SMART T1.0,1600,600.0,2200.0,2021년도 전기자동차 의성군 모델별 보조금,2021,의성군
화물(소형),한신자동차,플러스,1600,600.0,2200.0,2021년도 전기자동차 의성군 모델별 보조금,2021,의성군
화물(소형),한신자동차,플러스2.0,1600,600.0,2200.0,2021년도 전기자동차 의성군 모델별 보조금,2021,의성군
화물(소형),비바모빌리티,(단종)비바,1600,600.0,2200.0,2021년도 전기자동차 의성군 모델별 보조금,2021,의성군
화물(소형),비바모빌리티,젤라,1600,600.0,2200.0,2021년도 전기자동차 의성군 모델별 보조금,2021,의성군
화물(초소형),스마트솔루션즈,D2C,600,300.0,900.0,2021년도 전기자동차 청송군 모델별 보조금,2021,청송군
화물(초소형),스마트솔루션즈,D2P,600,300.0,900.0,2021년도 전기자동차 청송군 모델별 보조금,2021,청송군
화물(초소형),루트17,다니고3,600,300.0,900.0,2021년도 전기자동차 청송군 모델별 보조금,2021,청송군
화물(초소형),루트17,다니고3 픽업,600,300.0,900.0,2021년도 전기자동차 청송군 모델별 보조금,2021,청송군
화물(초소형),마스타전기차,MASTA VAN,600,300.0,900.0,2021년도 전기자동차 청송군 모델별 보조금,2021,청송군
화물(초소형),마스타전기차,MASTA HIM,600,300.0,900.0,2021년도 전기자동차 청송군 모델별 보조금,2021,청송군
화물(초소형),디피코,(단종)포트로,600,300.0,900.0,2021년도 전기자동차 청송군 모델별 보조금,2021,청송군
화물(초소형),디피코,포트로-탑,600,300.0,900.0,2021년도 전기자동차 청송군 모델별 보조금,2021,청송군
화물(초소형),디피코,포트로-픽업,600,300.0,900.0,2021년도 전기자동차 청송군 모델별 보조금,2021,청송군
화물(초소형),디피코,포트로-탑S,600,300.0,900.0,2021년도 전기자동차 청송군 모델별 보조금,2021,청송군
화물(초소형),디피코,포트로-픽업S,600,300.0,900.0,2021년도 전기자동차 청송군 모델별 보조금,2021,청송군
화물(경형),파워프라자,라보ev PEACE,1100,600.0,1700.0,2021년도 전기자동차 청송군 모델별 보조금,2021,청송군
화물(소형),제인모터스,제인모터스칼마토EV1톤내장탑차,1600,600.0,2200.0,2021년도 전기자동차 청송군 모델별 보조금,2021,청송군
화물(소형),파워프라자,봉고3ev PEACE,1600,600.0,2200.0,2021년도 전기자동차 청송군 모델별 보조금,2021,청송군
화물(소형),파워프라자,봉고3ev PEACE 더블캡,1600,600.0,2200.0,2021년도 전기자동차 청송군 모델별 보조금,2021,청송군
화물(소형),현대자동차,포터Ⅱ 일렉트릭 특장차,1600,600.0,2200.0,2021년도 전기자동차 청송군 모델별 보조금,2021,청송군
화물(소형),현대자동차,포터Ⅱ 일렉트릭 파워게이트,1600,600.0,2200.0,2021년도 전기자동차 청송군 모델별 보조금,2021,청송군
화물(소형),현대자동차,포터Ⅱ 일렉트릭 내장탑차,1600,600.0,2200.0,2021년도 전기자동차 청송군 모델별 보조금,2021,청송군
화물(소형),현대자동차,포터Ⅱ 일렉트릭 내장탑저상,1600,600.0,2200.0,2021년도 전기자동차 청송군 모델별 보조금,2021,청송군
화물(소형),현대자동차,포터Ⅱ 일렉트릭 내장탑하이,1600,600.0,2200.0,2021년도 전기자동차 청송군 모델별 보조금,2021,청송군
화물(소형),현대자동차,포터Ⅱ 일렉트릭 냉동탑저상,1600,600.0,2200.0,2021년도 전기자동차 청송군 모델별 보조금,2021,청송군
화물(소형),현대자동차,포터Ⅱ 일렉트릭(24MY),1600,600.0,2200.0,2021년도 전기자동차 청송군 모델별 보조금,2021,청송군
화물(소형),기아,봉고 전기차,1600,600.0,2200.0,2021년도 전기자동차 청송군 모델별 보조금,2021,청송군
화물(소형),기아,봉고Ⅲ 전기차 특장차,1600,600.0,2200.0,2021년도 전기자동차 청송군 모델별 보조금,2021,청송군
화물(소형),기아,봉고Ⅲ 전기차 파워게이트 2단 알루미늄,1600,600.0,2200.0,2021년도 전기자동차 청송군 모델별 보조금,2021,청송군
화물(소형),기아,봉고Ⅲ 전기차 내장차,1600,600.0,2200.0,2021년도 전기자동차 청송군 모델별 보조금,2021,청송군
화물(소형),기아,봉고Ⅲ 전기차 저상 내장차,1600,600.0,2200.0,2021년도 전기자동차 청송군 모델별 보조금,2021,청송군
화물(소형),기아,봉고Ⅲ 전기차 플러스 내장차,1600,600.0,2200.0,2021년도 전기자동차 청송군 모델별 보조금,2021,청송군
화물(소형),일진정공,일진무시동전기냉동탑차(149.9km),2100,600.0,2700.0,2021년도 전기자동차 청송군 모델별 보조금,2021,청송군
화물(소형),일진정공,일진무시동전기냉동탑차(186.1km),2100,600.0,2700.0,2021년도 전기자동차 청송군 모델별 보조금,2021,청송군
화물(소형),코리아에어카고에이전시,LSEV,1600,600.0,2200.0,2021년도 전기자동차 청송군 모델별 보조금,2021,청송군
화물(소형),루트17,다니고밴,1600,600.0,2200.0,2021년도 전기자동차 청송군 모델별 보조금,2021,청송군
화물(소형),케이지모빌리티커머셜,SMART T1.0,1600,600.0,2200.0,2021년도 전기자동차 청송군 모델별 보조금,2021,청송군
화물(소형),한신자동차,플러스,1600,600.0,2200.0,2021년도 전기자동차 청송군 모델별 보조금,2021,청송군
화물(소형),한신자동차,플러스2.0,1600,600.0,2200.0,2021년도 전기자동차 청송군 모델별 보조금,2021,청송군
화물(소형),비바모빌리티,(단종)비바,1600,600.0,2200.0,2021년도 전기자동차 청송군 모델별 보조금,2021,청송군
화물(소형),비바모빌리티,젤라,1600,600.0,2200.0,2021년도 전기자동차 청송군 모델별 보조금,2021,청송군
화물(초소형),스마트솔루션즈,D2C,600,300.0,900.0,2021년도 전기자동차 영양군 모델별 보조금,2021,영양군
화물(초소형),스마트솔루션즈,D2P,600,300.0,900.0,2021년도 전기자동차 영양군 모델별 보조금,2021,영양군
화물(초소형),루트17,다니고3,600,300.0,900.0,2021년도 전기자동차 영양군 모델별 보조금,2021,영양군
화물(초소형),루트17,다니고3 픽업,600,300.0,900.0,2021년도 전기자동차 영양군 모델별 보조금,2021,영양군
화물(초소형),마스타전기차,MASTA VAN,600,300.0,900.0,2021년도 전기자동차 영양군 모델별 보조금,2021,영양군
화물(초소형),마스타전기차,MASTA HIM,600,300.0,900.0,2021년도 전기자동차 영양군 모델별 보조금,2021,영양군
화물(초소형),디피코,(단종)포트로,600,300.0,900.0,2021년도 전기자동차 영양군 모델별 보조금,2021,영양군
화물(초소형),디피코,포트로-탑,600,300.0,900.0,2021년도 전기자동차 영양군 모델별 보조금,2021,영양군
화물(초소형),디피코,포트로-픽업,600,300.0,900.0,2021년도 전기자동차 영양군 모델별 보조금,2021,영양군
화물(초소형),디피코,포트로-탑S,600,300.0,900.0,2021년도 전기자동차 영양군 모델별 보조금,2021,영양군
화물(초소형),디피코,포트로-픽업S,600,300.0,900.0,2021년도 전기자동차 영양군 모델별 보조금,2021,영양군
화물(경형),파워프라자,라보ev PEACE,1100,600.0,1700.0,2021년도 전기자동차 영양군 모델별 보조금,2021,영양군
화물(소형),제인모터스,제인모터스칼마토EV1톤내장탑차,1600,600.0,2200.0,2021년도 전기자동차 영양군 모델별 보조금,2021,영양군
화물(소형),파워프라자,봉고3ev PEACE,1600,600.0,2200.0,2021년도 전기자동차 영양군 모델별 보조금,2021,영양군
화물(소형),파워프라자,봉고3ev PEACE 더블캡,1600,600.0,2200.0,2021년도 전기자동차 영양군 모델별 보조금,2021,영양군
화물(소형),현대자동차,포터Ⅱ 일렉트릭 특장차,1600,600.0,2200.0,2021년도 전기자동차 영양군 모델별 보조금,2021,영양군
화물(소형),현대자동차,포터Ⅱ 일렉트릭 파워게이트,1600,600.0,2200.0,2021년도 전기자동차 영양군 모델별 보조금,2021,영양군
화물(소형),현대자동차,포터Ⅱ 일렉트릭 내장탑차,1600,600.0,2200.0,2021년도 전기자동차 영양군 모델별 보조금,2021,영양군
화물(소형),현대자동차,포터Ⅱ 일렉트릭 내장탑저상,1600,600.0,2200.0,2021년도 전기자동차 영양군 모델별 보조금,2021,영양군
화물(소형),현대자동차,포터Ⅱ 일렉트릭 내장탑하이,1600,600.0,2200.0,2021년도 전기자동차 영양군 모델별 보조금,2021,영양군
화물(소형),현대자동차,포터Ⅱ 일렉트릭 냉동탑저상,1600,600.0,2200.0,2021년도 전기자동차 영양군 모델별 보조금,2021,영양군
화물(소형),현대자동차,포터Ⅱ 일렉트릭(24MY),1600,600.0,2200.0,2021년도 전기자동차 영양군 모델별 보조금,2021,영양군
화물(소형),기아,봉고 전기차,1600,600.0,2200.0,2021년도 전기자동차 영양군 모델별 보조금,2021,영양군
화물(소형),기아,봉고Ⅲ 전기차 특장차,1600,600.0,2200.0,2021년도 전기자동차 영양군 모델별 보조금,2021,영양군
화물(소형),기아,봉고Ⅲ 전기차 파워게이트 2단 알루미늄,1600,600.0,2200.0,2021년도 전기자동차 영양군 모델별 보조금,2021,영양군
화물(소형),기아,봉고Ⅲ 전기차 내장차,1600,600.0,2200.0,2021년도 전기자동차 영양군 모델별 보조금,2021,영양군
화물(소형),기아,봉고Ⅲ 전기차 저상 내장차,1600,600.0,2200.0,2021년도 전기자동차 영양군 모델별 보조금,2021,영양군
화물(소형),기아,봉고Ⅲ 전기차 플러스 내장차,1600,600.0,2200.0,2021년도 전기자동차 영양군 모델별 보조금,2021,영양군
화물(소형),일진정공,일진무시동전기냉동탑차(149.9km),2100,600.0,2700.0,2021년도 전기자동차 영양군 모델별 보조금,2021,영양군
화물(소형),일진정공,일진무시동전기냉동탑차(186.1km),2100,600.0,2700.0,2021년도 전기자동차 영양군 모델별 보조금,2021,영양군
화물(소형),코리아에어카고에이전시,LSEV,1600,600.0,2200.0,2021년도 전기자동차 영양군 모델별 보조금,2021,영양군
화물(소형),루트17,다니고밴,1600,600.0,2200.0,2021년도 전기자동차 영양군 모델별 보조금,2021,영양군
화물(소형),케이지모빌리티커머셜,SMART T1.0,1600,600.0,2200.0,2021년도 전기자동차 영양군 모델별 보조금,2021,영양군
화물(소형),한신자동차,플러스,1600,600.0,2200.0,2021년도 전기자동차 영양군 모델별 보조금,2021,영양군
화물(소형),한신자동차,플러스2.0,1600,600.0,2200.0,2021년도 전기자동차 영양군 모델별 보조금,2021,영양군
화물(소형),비바모빌리티,(단종)비바,1600,600.0,2200.0,2021년도 전기자동차 영양군 모델별 보조금,2021,영양군
화물(소형),비바모빌리티,젤라,1600,600.0,2200.0,2021년도 전기자동차 영양군 모델별 보조금,2021,영양군
화물(초소형),스마트솔루션즈,D2C,600,300.0,900.0,2021년도 전기자동차 영덕군 모델별 보조금,2021,영덕군
화물(초소형),스마트솔루션즈,D2P,600,300.0,900.0,2021년도 전기자동차 영덕군 모델별 보조금,2021,영덕군
화물(초소형),루트17,다니고3,600,300.0,900.0,2021년도 전기자동차 영덕군 모델별 보조금,2021,영덕군
화물(초소형),루트17,다니고3 픽업,600,300.0,900.0,2021년도 전기자동차 영덕군 모델별 보조금,2021,영덕군
화물(초소형),마스타전기차,MASTA VAN,600,300.0,900.0,2021년도 전기자동차 영덕군 모델별 보조금,2021,영덕군
화물(초소형),마스타전기차,MASTA HIM,600,300.0,900.0,2021년도 전기자동차 영덕군 모델별 보조금,2021,영덕군
화물(초소형),디피코,(단종)포트로,600,300.0,900.0,2021년도 전기자동차 영덕군 모델별 보조금,2021,영덕군
화물(초소형),디피코,포트로-탑,600,300.0,900.0,2021년도 전기자동차 영덕군 모델별 보조금,2021,영덕군
화물(초소형),디피코,포트로-픽업,600,300.0,900.0,2021년도 전기자동차 영덕군 모델별 보조금,2021,영덕군
화물(초소형),디피코,포트로-탑S,600,300.0,900.0,2021년도 전기자동차 영덕군 모델별 보조금,2021,영덕군
화물(초소형),디피코,포트로-픽업S,600,300.0,900.0,2021년도 전기자동차 영덕군 모델별 보조금,2021,영덕군
화물(경형),파워프라자,라보ev PEACE,1100,600.0,1700.0,2021년도 전기자동차 영덕군 모델별 보조금,2021,영덕군
화물(소형),제인모터스,제인모터스칼마토EV1톤내장탑차,1600,600.0,2200.0,2021년도 전기자동차 영덕군 모델별 보조금,2021,영덕군
화물(소형),파워프라자,봉고3ev PEACE,1600,600.0,2200.0,2021년도 전기자동차 영덕군 모델별 보조금,2021,영덕군
화물(소형),파워프라자,봉고3ev PEACE 더블캡,1600,600.0,2200.0,2021년도 전기자동차 영덕군 모델별 보조금,2021,영덕군
화물(소형),현대자동차,포터Ⅱ 일렉트릭 특장차,1600,600.0,2200.0,2021년도 전기자동차 영덕군 모델별 보조금,2021,영덕군
화물(소형),현대자동차,포터Ⅱ 일렉트릭 파워게이트,1600,600.0,2200.0,2021년도 전기자동차 영덕군 모델별 보조금,2021,영덕군
화물(소형),현대자동차,포터Ⅱ 일렉트릭 내장탑차,1600,600.0,2200.0,2021년도 전기자동차 영덕군 모델별 보조금,2021,영덕군
화물(소형),현대자동차,포터Ⅱ 일렉트릭 내장탑저상,1600,600.0,2200.0,2021년도 전기자동차 영덕군 모델별 보조금,2021,영덕군
화물(소형),현대자동차,포터Ⅱ 일렉트릭 내장탑하이,1600,600.0,2200.0,2021년도 전기자동차 영덕군 모델별 보조금,2021,영덕군
화물(소형),현대자동차,포터Ⅱ 일렉트릭 냉동탑저상,1600,600.0,2200.0,2021년도 전기자동차 영덕군 모델별 보조금,2021,영덕군
화물(소형),현대자동차,포터Ⅱ 일렉트릭(24MY),1600,600.0,2200.0,2021년도 전기자동차 영덕군 모델별 보조금,2021,영덕군
화물(소형),기아,봉고 전기차,1600,600.0,2200.0,2021년도 전기자동차 영덕군 모델별 보조금,2021,영덕군
화물(소형),기아,봉고Ⅲ 전기차 특장차,1600,600.0,2200.0,2021년도 전기자동차 영덕군 모델별 보조금,2021,영덕군
화물(소형),기아,봉고Ⅲ 전기차 파워게이트 2단 알루미늄,1600,600.0,2200.0,2021년도 전기자동차 영덕군 모델별 보조금,2021,영덕군
화물(소형),기아,봉고Ⅲ 전기차 내장차,1600,600.0,2200.0,2021년도 전기자동차 영덕군 모델별 보조금,2021,영덕군
화물(소형),기아,봉고Ⅲ 전기차 저상 내장차,1600,600.0,2200.0,2021년도 전기자동차 영덕군 모델별 보조금,2021,영덕군
화물(소형),기아,봉고Ⅲ 전기차 플러스 내장차,1600,600.0,2200.0,2021년도 전기자동차 영덕군 모델별 보조금,2021,영덕군
화물(소형),일진정공,일진무시동전기냉동탑차(149.9km),2100,600.0,2700.0,2021년도 전기자동차 영덕군 모델별 보조금,2021,영덕군
화물(소형),일진정공,일진무시동전기냉동탑차(186.1km),2100,600.0,2700.0,2021년도 전기자동차 영덕군 모델별 보조금,2021,영덕군
화물(소형),코리아에어카고에이전시,LSEV,1600,600.0,2200.0,2021년도 전기자동차 영덕군 모델별 보조금,2021,영덕군
화물(소형),루트17,다니고밴,1600,600.0,2200.0,2021년도 전기자동차 영덕군 모델별 보조금,2021,영덕군
화물(소형),케이지모빌리티커머셜,SMART T1.0,1600,600.0,2200.0,2021년도 전기자동차 영덕군 모델별 보조금,2021,영덕군
화물(소형),한신자동차,플러스,1600,600.0,2200.0,2021년도 전기자동차 영덕군 모델별 보조금,2021,영덕군
화물(소형),한신자동차,플러스2.0,1600,600.0,2200.0,2021년도 전기자동차 영덕군 모델별 보조금,2021,영덕군
화물(소형),비바모빌리티,(단종)비바,1600,600.0,2200.0,2021년도 전기자동차 영덕군 모델별 보조금,2021,영덕군
화물(소형),비바모빌리티,젤라,1600,600.0,2200.0,2021년도 전기자동차 영덕군 모델별 보조금,2021,영덕군
화물(초소형),스마트솔루션즈,D2C,600,300.0,900.0,2021년도 전기자동차 청도군 모델별 보조금,2021,청도군
화물(초소형),스마트솔루션즈,D2P,600,300.0,900.0,2021년도 전기자동차 청도군 모델별 보조금,2021,청도군
화물(초소형),루트17,다니고3,600,300.0,900.0,2021년도 전기자동차 청도군 모델별 보조금,2021,청도군
화물(초소형),루트17,다니고3 픽업,600,300.0,900.0,2021년도 전기자동차 청도군 모델별 보조금,2021,청도군
화물(초소형),마스타전기차,MASTA VAN,600,300.0,900.0,2021년도 전기자동차 청도군 모델별 보조금,2021,청도군
화물(초소형),마스타전기차,MASTA HIM,600,300.0,900.0,2021년도 전기자동차 청도군 모델별 보조금,2021,청도군
화물(초소형),디피코,(단종)포트로,600,300.0,900.0,2021년도 전기자동차 청도군 모델별 보조금,2021,청도군
화물(초소형),디피코,포트로-탑,600,300.0,900.0,2021년도 전기자동차 청도군 모델별 보조금,2021,청도군
화물(초소형),디피코,포트로-픽업,600,300.0,900.0,2021년도 전기자동차 청도군 모델별 보조금,2021,청도군
화물(초소형),디피코,포트로-탑S,600,300.0,900.0,2021년도 전기자동차 청도군 모델별 보조금,2021,청도군
화물(초소형),디피코,포트로-픽업S,600,300.0,900.0,2021년도 전기자동차 청도군 모델별 보조금,2021,청도군
화물(경형),파워프라자,라보ev PEACE,1100,600.0,1700.0,2021년도 전기자동차 청도군 모델별 보조금,2021,청도군
화물(소형),제인모터스,제인모터스칼마토EV1톤내장탑차,1600,600.0,2200.0,2021년도 전기자동차 청도군 모델별 보조금,2021,청도군
화물(소형),파워프라자,봉고3ev PEACE,1600,600.0,2200.0,2021년도 전기자동차 청도군 모델별 보조금,2021,청도군
화물(소형),파워프라자,봉고3ev PEACE 더블캡,1600,600.0,2200.0,2021년도 전기자동차 청도군 모델별 보조금,2021,청도군
화물(소형),현대자동차,포터Ⅱ 일렉트릭 특장차,1600,600.0,2200.0,2021년도 전기자동차 청도군 모델별 보조금,2021,청도군
화물(소형),현대자동차,포터Ⅱ 일렉트릭 파워게이트,1600,600.0,2200.0,2021년도 전기자동차 청도군 모델별 보조금,2021,청도군
화물(소형),현대자동차,포터Ⅱ 일렉트릭 내장탑차,1600,600.0,2200.0,2021년도 전기자동차 청도군 모델별 보조금,2021,청도군
화물(소형),현대자동차,포터Ⅱ 일렉트릭 내장탑저상,1600,600.0,2200.0,2021년도 전기자동차 청도군 모델별 보조금,2021,청도군
화물(소형),현대자동차,포터Ⅱ 일렉트릭 내장탑하이,1600,600.0,2200.0,2021년도 전기자동차 청도군 모델별 보조금,2021,청도군
화물(소형),현대자동차,포터Ⅱ 일렉트릭 냉동탑저상,1600,600.0,2200.0,2021년도 전기자동차 청도군 모델별 보조금,2021,청도군
화물(소형),현대자동차,포터Ⅱ 일렉트릭(24MY),1600,600.0,2200.0,2021년도 전기자동차 청도군 모델별 보조금,2021,청도군
화물(소형),기아,봉고 전기차,1600,600.0,2200.0,2021년도 전기자동차 청도군 모델별 보조금,2021,청도군
화물(소형),기아,봉고Ⅲ 전기차 특장차,1600,600.0,2200.0,2021년도 전기자동차 청도군 모델별 보조금,2021,청도군
화물(소형),기아,봉고Ⅲ 전기차 파워게이트 2단 알루미늄,1600,600.0,2200.0,2021년도 전기자동차 청도군 모델별 보조금,2021,청도군
화물(소형),기아,봉고Ⅲ 전기차 내장차,1600,600.0,2200.0,2021년도 전기자동차 청도군 모델별 보조금,2021,청도군
화물(소형),기아,봉고Ⅲ 전기차 저상 내장차,1600,600.0,2200.0,2021년도 전기자동차 청도군 모델별 보조금,2021,청도군
화물(소형),기아,봉고Ⅲ 전기차 플러스 내장차,1600,600.0,2200.0,2021년도 전기자동차 청도군 모델별 보조금,2021,청도군
화물(소형),일진정공,일진무시동전기냉동탑차(149.9km),2100,600.0,2700.0,2021년도 전기자동차 청도군 모델별 보조금,2021,청도군
화물(소형),일진정공,일진무시동전기냉동탑차(186.1km),2100,600.0,2700.0,2021년도 전기자동차 청도군 모델별 보조금,2021,청도군
화물(소형),코리아에어카고에이전시,LSEV,1600,600.0,2200.0,2021년도 전기자동차 청도군 모델별 보조금,2021,청도군
화물(소형),루트17,다니고밴,1600,600.0,2200.0,2021년도 전기자동차 청도군 모델별 보조금,2021,청도군
화물(소형),케이지모빌리티커머셜,SMART T1.0,1600,600.0,2200.0,2021년도 전기자동차 청도군 모델별 보조금,2021,청도군
화물(소형),한신자동차,플러스,1600,600.0,2200.0,2021년도 전기자동차 청도군 모델별 보조금,2021,청도군
화물(소형),한신자동차,플러스2.0,1600,600.0,2200.0,2021년도 전기자동차 청도군 모델별 보조금,2021,청도군
화물(소형),비바모빌리티,(단종)비바,1600,600.0,2200.0,2021년도 전기자동차 청도군 모델별 보조금,2021,청도군
화물(소형),비바모빌리티,젤라,1600,600.0,2200.0,2021년도 전기자동차 청도군 모델별 보조금,2021,청도군
화물(초소형),스마트솔루션즈,D2C,600,300.0,900.0,2021년도 전기자동차 고령군 모델별 보조금,2021,고령군
화물(초소형),스마트솔루션즈,D2P,600,300.0,900.0,2021년도 전기자동차 고령군 모델별 보조금,2021,고령군
화물(초소형),루트17,다니고3,600,300.0,900.0,2021년도 전기자동차 고령군 모델별 보조금,2021,고령군
화물(초소형),루트17,다니고3 픽업,600,300.0,900.0,2021년도 전기자동차 고령군 모델별 보조금,2021,고령군
화물(초소형),마스타전기차,MASTA VAN,600,300.0,900.0,2021년도 전기자동차 고령군 모델별 보조금,2021,고령군
화물(초소형),마스타전기차,MASTA HIM,600,300.0,900.0,2021년도 전기자동차 고령군 모델별 보조금,2021,고령군
화물(초소형),디피코,(단종)포트로,600,300.0,900.0,2021년도 전기자동차 고령군 모델별 보조금,2021,고령군
화물(초소형),디피코,포트로-탑,600,300.0,900.0,2021년도 전기자동차 고령군 모델별 보조금,2021,고령군
화물(초소형),디피코,포트로-픽업,600,300.0,900.0,2021년도 전기자동차 고령군 모델별 보조금,2021,고령군
화물(초소형),디피코,포트로-탑S,600,300.0,900.0,2021년도 전기자동차 고령군 모델별 보조금,2021,고령군
화물(초소형),디피코,포트로-픽업S,600,300.0,900.0,2021년도 전기자동차 고령군 모델별 보조금,2021,고령군
화물(경형),파워프라자,라보ev PEACE,1100,600.0,1700.0,2021년도 전기자동차 고령군 모델별 보조금,2021,고령군
화물(소형),제인모터스,제인모터스칼마토EV1톤내장탑차,1600,600.0,2200.0,2021년도 전기자동차 고령군 모델별 보조금,2021,고령군
화물(소형),파워프라자,봉고3ev PEACE,1600,600.0,2200.0,2021년도 전기자동차 고령군 모델별 보조금,2021,고령군
화물(소형),파워프라자,봉고3ev PEACE 더블캡,1600,600.0,2200.0,2021년도 전기자동차 고령군 모델별 보조금,2021,고령군
화물(소형),현대자동차,포터Ⅱ 일렉트릭 특장차,1600,600.0,2200.0,2021년도 전기자동차 고령군 모델별 보조금,2021,고령군
화물(소형),현대자동차,포터Ⅱ 일렉트릭 파워게이트,1600,600.0,2200.0,2021년도 전기자동차 고령군 모델별 보조금,2021,고령군
화물(소형),현대자동차,포터Ⅱ 일렉트릭 내장탑차,1600,600.0,2200.0,2021년도 전기자동차 고령군 모델별 보조금,2021,고령군
화물(소형),현대자동차,포터Ⅱ 일렉트릭 내장탑저상,1600,600.0,2200.0,2021년도 전기자동차 고령군 모델별 보조금,2021,고령군
화물(소형),현대자동차,포터Ⅱ 일렉트릭 내장탑하이,1600,600.0,2200.0,2021년도 전기자동차 고령군 모델별 보조금,2021,고령군
화물(소형),현대자동차,포터Ⅱ 일렉트릭 냉동탑저상,1600,600.0,2200.0,2021년도 전기자동차 고령군 모델별 보조금,2021,고령군
화물(소형),현대자동차,포터Ⅱ 일렉트릭(24MY),1600,600.0,2200.0,2021년도 전기자동차 고령군 모델별 보조금,2021,고령군
화물(소형),기아,봉고 전기차,1600,600.0,2200.0,2021년도 전기자동차 고령군 모델별 보조금,2021,고령군
화물(소형),기아,봉고Ⅲ 전기차 특장차,1600,600.0,2200.0,2021년도 전기자동차 고령군 모델별 보조금,2021,고령군
화물(소형),기아,봉고Ⅲ 전기차 파워게이트 2단 알루미늄,1600,600.0,2200.0,2021년도 전기자동차 고령군 모델별 보조금,2021,고령군
화물(소형),기아,봉고Ⅲ 전기차 내장차,1600,600.0,2200.0,2021년도 전기자동차 고령군 모델별 보조금,2021,고령군
화물(소형),기아,봉고Ⅲ 전기차 저상 내장차,1600,600.0,2200.0,2021년도 전기자동차 고령군 모델별 보조금,2021,고령군
화물(소형),기아,봉고Ⅲ 전기차 플러스 내장차,1600,600.0,2200.0,2021년도 전기자동차 고령군 모델별 보조금,2021,고령군
화물(소형),일진정공,일진무시동전기냉동탑차(149.9km),2100,600.0,2700.0,2021년도 전기자동차 고령군 모델별 보조금,2021,고령군
화물(소형),일진정공,일진무시동전기냉동탑차(186.1km),2100,600.0,2700.0,2021년도 전기자동차 고령군 모델별 보조금,2021,고령군
화물(소형),코리아에어카고에이전시,LSEV,1600,600.0,2200.0,2021년도 전기자동차 고령군 모델별 보조금,2021,고령군
화물(소형),루트17,다니고밴,1600,600.0,2200.0,2021년도 전기자동차 고령군 모델별 보조금,2021,고령군
화물(소형),케이지모빌리티커머셜,SMART T1.0,1600,600.0,2200.0,2021년도 전기자동차 고령군 모델별 보조금,2021,고령군
화물(소형),한신자동차,플러스,1600,600.0,2200.0,2021년도 전기자동차 고령군 모델별 보조금,2021,고령군
화물(소형),한신자동차,플러스2.0,1600,600.0,2200.0,2021년도 전기자동차 고령군 모델별 보조금,2021,고령군
화물(소형),비바모빌리티,(단종)비바,1600,600.0,2200.0,2021년도 전기자동차 고령군 모델별 보조금,2021,고령군
화물(소형),비바모빌리티,젤라,1600,600.0,2200.0,2021년도 전기자동차 고령군 모델별 보조금,2021,고령군
화물(초소형),스마트솔루션즈,D2C,600,300.0,900.0,2021년도 전기자동차 성주군 모델별 보조금,2021,성주군
화물(초소형),스마트솔루션즈,D2P,600,300.0,900.0,2021년도 전기자동차 성주군 모델별 보조금,2021,성주군
화물(초소형),루트17,다니고3,600,300.0,900.0,2021년도 전기자동차 성주군 모델별 보조금,2021,성주군
화물(초소형),루트17,다니고3 픽업,600,300.0,900.0,2021년도 전기자동차 성주군 모델별 보조금,2021,성주군
화물(초소형),마스타전기차,MASTA VAN,600,300.0,900.0,2021년도 전기자동차 성주군 모델별 보조금,2021,성주군
화물(초소형),마스타전기차,MASTA HIM,600,300.0,900.0,2021년도 전기자동차 성주군 모델별 보조금,2021,성주군
화물(초소형),디피코,(단종)포트로,600,300.0,900.0,2021년도 전기자동차 성주군 모델별 보조금,2021,성주군
화물(초소형),디피코,포트로-탑,600,300.0,900.0,2021년도 전기자동차 성주군 모델별 보조금,2021,성주군
화물(초소형),디피코,포트로-픽업,600,300.0,900.0,2021년도 전기자동차 성주군 모델별 보조금,2021,성주군
화물(초소형),디피코,포트로-탑S,600,300.0,900.0,2021년도 전기자동차 성주군 모델별 보조금,2021,성주군
화물(초소형),디피코,포트로-픽업S,600,300.0,900.0,2021년도 전기자동차 성주군 모델별 보조금,2021,성주군
화물(경형),파워프라자,라보ev PEACE,1100,600.0,1700.0,2021년도 전기자동차 성주군 모델별 보조금,2021,성주군
화물(소형),제인모터스,제인모터스칼마토EV1톤내장탑차,1600,600.0,2200.0,2021년도 전기자동차 성주군 모델별 보조금,2021,성주군
화물(소형),파워프라자,봉고3ev PEACE,1600,600.0,2200.0,2021년도 전기자동차 성주군 모델별 보조금,2021,성주군
화물(소형),파워프라자,봉고3ev PEACE 더블캡,1600,600.0,2200.0,2021년도 전기자동차 성주군 모델별 보조금,2021,성주군
화물(소형),현대자동차,포터Ⅱ 일렉트릭 특장차,1600,600.0,2200.0,2021년도 전기자동차 성주군 모델별 보조금,2021,성주군
화물(소형),현대자동차,포터Ⅱ 일렉트릭 파워게이트,1600,600.0,2200.0,2021년도 전기자동차 성주군 모델별 보조금,2021,성주군
화물(소형),현대자동차,포터Ⅱ 일렉트릭 내장탑차,1600,600.0,2200.0,2021년도 전기자동차 성주군 모델별 보조금,2021,성주군
화물(소형),현대자동차,포터Ⅱ 일렉트릭 내장탑저상,1600,600.0,2200.0,2021년도 전기자동차 성주군 모델별 보조금,2021,성주군
화물(소형),현대자동차,포터Ⅱ 일렉트릭 내장탑하이,1600,600.0,2200.0,2021년도 전기자동차 성주군 모델별 보조금,2021,성주군
화물(소형),현대자동차,포터Ⅱ 일렉트릭 냉동탑저상,1600,600.0,2200.0,2021년도 전기자동차 성주군 모델별 보조금,2021,성주군
화물(소형),현대자동차,포터Ⅱ 일렉트릭(24MY),1600,600.0,2200.0,2021년도 전기자동차 성주군 모델별 보조금,2021,성주군
화물(소형),기아,봉고 전기차,1600,600.0,2200.0,2021년도 전기자동차 성주군 모델별 보조금,2021,성주군
화물(소형),기아,봉고Ⅲ 전기차 특장차,1600,600.0,2200.0,2021년도 전기자동차 성주군 모델별 보조금,2021,성주군
화물(소형),기아,봉고Ⅲ 전기차 파워게이트 2단 알루미늄,1600,600.0,2200.0,2021년도 전기자동차 성주군 모델별 보조금,2021,성주군
화물(소형),기아,봉고Ⅲ 전기차 내장차,1600,600.0,2200.0,2021년도 전기자동차 성주군 모델별 보조금,2021,성주군
화물(소형),기아,봉고Ⅲ 전기차 저상 내장차,1600,600.0,2200.0,2021년도 전기자동차 성주군 모델별 보조금,2021,성주군
화물(소형),기아,봉고Ⅲ 전기차 플러스 내장차,1600,600.0,2200.0,2021년도 전기자동차 성주군 모델별 보조금,2021,성주군
화물(소형),일진정공,일진무시동전기냉동탑차(149.9km),2100,600.0,2700.0,2021년도 전기자동차 성주군 모델별 보조금,2021,성주군
화물(소형),일진정공,일진무시동전기냉동탑차(186.1km),2100,600.0,2700.0,2021년도 전기자동차 성주군 모델별 보조금,2021,성주군
화물(소형),코리아에어카고에이전시,LSEV,1600,600.0,2200.0,2021년도 전기자동차 성주군 모델별 보조금,2021,성주군
화물(소형),루트17,다니고밴,1600,600.0,2200.0,2021년도 전기자동차 성주군 모델별 보조금,2021,성주군
화물(소형),케이지모빌리티커머셜,SMART T1.0,1600,600.0,2200.0,2021년도 전기자동차 성주군 모델별 보조금,2021,성주군
화물(소형),한신자동차,플러스,1600,600.0,2200.0,2021년도 전기자동차 성주군 모델별 보조금,2021,성주군
화물(소형),한신자동차,플러스2.0,1600,600.0,2200.0,2021년도 전기자동차 성주군 모델별 보조금,2021,성주군
화물(소형),비바모빌리티,(단종)비바,1600,600.0,2200.0,2021년도 전기자동차 성주군 모델별 보조금,2021,성주군
화물(소형),비바모빌리티,젤라,1600,600.0,2200.0,2021년도 전기자동차 성주군 모델별 보조금,2021,성주군
화물(초소형),스마트솔루션즈,D2C,600,300.0,900.0,2021년도 전기자동차 칠곡군 모델별 보조금,2021,칠곡군
화물(초소형),스마트솔루션즈,D2P,600,300.0,900.0,2021년도 전기자동차 칠곡군 모델별 보조금,2021,칠곡군
화물(초소형),루트17,다니고3,600,300.0,900.0,2021년도 전기자동차 칠곡군 모델별 보조금,2021,칠곡군
화물(초소형),루트17,다니고3 픽업,600,300.0,900.0,2021년도 전기자동차 칠곡군 모델별 보조금,2021,칠곡군
화물(초소형),마스타전기차,MASTA VAN,600,300.0,900.0,2021년도 전기자동차 칠곡군 모델별 보조금,2021,칠곡군
화물(초소형),마스타전기차,MASTA HIM,600,300.0,900.0,2021년도 전기자동차 칠곡군 모델별 보조금,2021,칠곡군
화물(초소형),디피코,(단종)포트로,600,300.0,900.0,2021년도 전기자동차 칠곡군 모델별 보조금,2021,칠곡군
화물(초소형),디피코,포트로-탑,600,300.0,900.0,2021년도 전기자동차 칠곡군 모델별 보조금,2021,칠곡군
화물(초소형),디피코,포트로-픽업,600,300.0,900.0,2021년도 전기자동차 칠곡군 모델별 보조금,2021,칠곡군
화물(초소형),디피코,포트로-탑S,600,300.0,900.0,2021년도 전기자동차 칠곡군 모델별 보조금,2021,칠곡군
화물(초소형),디피코,포트로-픽업S,600,300.0,900.0,2021년도 전기자동차 칠곡군 모델별 보조금,2021,칠곡군
화물(경형),파워프라자,라보ev PEACE,1100,600.0,1700.0,2021년도 전기자동차 칠곡군 모델별 보조금,2021,칠곡군
화물(소형),제인모터스,제인모터스칼마토EV1톤내장탑차,1600,600.0,2200.0,2021년도 전기자동차 칠곡군 모델별 보조금,2021,칠곡군
화물(소형),파워프라자,봉고3ev PEACE,1600,600.0,2200.0,2021년도 전기자동차 칠곡군 모델별 보조금,2021,칠곡군
화물(소형),파워프라자,봉고3ev PEACE 더블캡,1600,600.0,2200.0,2021년도 전기자동차 칠곡군 모델별 보조금,2021,칠곡군
화물(소형),현대자동차,포터Ⅱ 일렉트릭 특장차,1600,600.0,2200.0,2021년도 전기자동차 칠곡군 모델별 보조금,2021,칠곡군
화물(소형),현대자동차,포터Ⅱ 일렉트릭 파워게이트,1600,600.0,2200.0,2021년도 전기자동차 칠곡군 모델별 보조금,2021,칠곡군
화물(소형),현대자동차,포터Ⅱ 일렉트릭 내장탑차,1600,600.0,2200.0,2021년도 전기자동차 칠곡군 모델별 보조금,2021,칠곡군
화물(소형),현대자동차,포터Ⅱ 일렉트릭 내장탑저상,1600,600.0,2200.0,2021년도 전기자동차 칠곡군 모델별 보조금,2021,칠곡군
화물(소형),현대자동차,포터Ⅱ 일렉트릭 내장탑하이,1600,600.0,2200.0,2021년도 전기자동차 칠곡군 모델별 보조금,2021,칠곡군
화물(소형),현대자동차,포터Ⅱ 일렉트릭 냉동탑저상,1600,600.0,2200.0,2021년도 전기자동차 칠곡군 모델별 보조금,2021,칠곡군
화물(소형),현대자동차,포터Ⅱ 일렉트릭(24MY),1600,600.0,2200.0,2021년도 전기자동차 칠곡군 모델별 보조금,2021,칠곡군
화물(소형),기아,봉고 전기차,1600,600.0,2200.0,2021년도 전기자동차 칠곡군 모델별 보조금,2021,칠곡군
화물(소형),기아,봉고Ⅲ 전기차 특장차,1600,600.0,2200.0,2021년도 전기자동차 칠곡군 모델별 보조금,2021,칠곡군
화물(소형),기아,봉고Ⅲ 전기차 파워게이트 2단 알루미늄,1600,600.0,2200.0,2021년도 전기자동차 칠곡군 모델별 보조금,2021,칠곡군
화물(소형),기아,봉고Ⅲ 전기차 내장차,1600,600.0,2200.0,2021년도 전기자동차 칠곡군 모델별 보조금,2021,칠곡군
화물(소형),기아,봉고Ⅲ 전기차 저상 내장차,1600,600.0,2200.0,2021년도 전기자동차 칠곡군 모델별 보조금,2021,칠곡군
화물(소형),기아,봉고Ⅲ 전기차 플러스 내장차,1600,600.0,2200.0,2021년도 전기자동차 칠곡군 모델별 보조금,2021,칠곡군
화물(소형),일진정공,일진무시동전기냉동탑차(149.9km),2100,600.0,2700.0,2021년도 전기자동차 칠곡군 모델별 보조금,2021,칠곡군
화물(소형),일진정공,일진무시동전기냉동탑차(186.1km),2100,600.0,2700.0,2021년도 전기자동차 칠곡군 모델별 보조금,2021,칠곡군
화물(소형),코리아에어카고에이전시,LSEV,1600,600.0,2200.0,2021년도 전기자동차 칠곡군 모델별 보조금,2021,칠곡군
화물(소형),루트17,다니고밴,1600,600.0,2200.0,2021년도 전기자동차 칠곡군 모델별 보조금,2021,칠곡군
화물(소형),케이지모빌리티커머셜,SMART T1.0,1600,600.0,2200.0,2021년도 전기자동차 칠곡군 모델별 보조금,2021,칠곡군
화물(소형),한신자동차,플러스,1600,600.0,2200.0,2021년도 전기자동차 칠곡군 모델별 보조금,2021,칠곡군
화물(소형),한신자동차,플러스2.0,1600,600.0,2200.0,2021년도 전기자동차 칠곡군 모델별 보조금,2021,칠곡군
화물(소형),비바모빌리티,(단종)비바,1600,600.0,2200.0,2021년도 전기자동차 칠곡군 모델별 보조금,2021,칠곡군
화물(소형),비바모빌리티,젤라,1600,600.0,2200.0,2021년도 전기자동차 칠곡군 모델별 보조금,2021,칠곡군
화물(초소형),스마트솔루션즈,D2C,600,300.0,900.0,2021년도 전기자동차 예천군 모델별 보조금,2021,예천군
화물(초소형),스마트솔루션즈,D2P,600,300.0,900.0,2021년도 전기자동차 예천군 모델별 보조금,2021,예천군
화물(초소형),루트17,다니고3,600,300.0,900.0,2021년도 전기자동차 예천군 모델별 보조금,2021,예천군
화물(초소형),루트17,다니고3 픽업,600,300.0,900.0,2021년도 전기자동차 예천군 모델별 보조금,2021,예천군
화물(초소형),마스타전기차,MASTA VAN,600,300.0,900.0,2021년도 전기자동차 예천군 모델별 보조금,2021,예천군
화물(초소형),마스타전기차,MASTA HIM,600,300.0,900.0,2021년도 전기자동차 예천군 모델별 보조금,2021,예천군
화물(초소형),디피코,(단종)포트로,600,300.0,900.0,2021년도 전기자동차 예천군 모델별 보조금,2021,예천군
화물(초소형),디피코,포트로-탑,600,300.0,900.0,2021년도 전기자동차 예천군 모델별 보조금,2021,예천군
화물(초소형),디피코,포트로-픽업,600,300.0,900.0,2021년도 전기자동차 예천군 모델별 보조금,2021,예천군
화물(초소형),디피코,포트로-탑S,600,300.0,900.0,2021년도 전기자동차 예천군 모델별 보조금,2021,예천군
화물(초소형),디피코,포트로-픽업S,600,300.0,900.0,2021년도 전기자동차 예천군 모델별 보조금,2021,예천군
화물(경형),파워프라자,라보ev PEACE,1100,600.0,1700.0,2021년도 전기자동차 예천군 모델별 보조금,2021,예천군
화물(소형),제인모터스,제인모터스칼마토EV1톤내장탑차,1600,600.0,2200.0,2021년도 전기자동차 예천군 모델별 보조금,2021,예천군
화물(소형),파워프라자,봉고3ev PEACE,1600,600.0,2200.0,2021년도 전기자동차 예천군 모델별 보조금,2021,예천군
화물(소형),파워프라자,봉고3ev PEACE 더블캡,1600,600.0,2200.0,2021년도 전기자동차 예천군 모델별 보조금,2021,예천군
화물(소형),현대자동차,포터Ⅱ 일렉트릭 특장차,1600,600.0,2200.0,2021년도 전기자동차 예천군 모델별 보조금,2021,예천군
화물(소형),현대자동차,포터Ⅱ 일렉트릭 파워게이트,1600,600.0,2200.0,2021년도 전기자동차 예천군 모델별 보조금,2021,예천군
화물(소형),현대자동차,포터Ⅱ 일렉트릭 내장탑차,1600,600.0,2200.0,2021년도 전기자동차 예천군 모델별 보조금,2021,예천군
화물(소형),현대자동차,포터Ⅱ 일렉트릭 내장탑저상,1600,600.0,2200.0,2021년도 전기자동차 예천군 모델별 보조금,2021,예천군
화물(소형),현대자동차,포터Ⅱ 일렉트릭 내장탑하이,1600,600.0,2200.0,2021년도 전기자동차 예천군 모델별 보조금,2021,예천군
화물(소형),현대자동차,포터Ⅱ 일렉트릭 냉동탑저상,1600,600.0,2200.0,2021년도 전기자동차 예천군 모델별 보조금,2021,예천군
화물(소형),현대자동차,포터Ⅱ 일렉트릭(24MY),1600,600.0,2200.0,2021년도 전기자동차 예천군 모델별 보조금,2021,예천군
화물(소형),기아,봉고 전기차,1600,600.0,2200.0,2021년도 전기자동차 예천군 모델별 보조금,2021,예천군
화물(소형),기아,봉고Ⅲ 전기차 특장차,1600,600.0,2200.0,2021년도 전기자동차 예천군 모델별 보조금,2021,예천군
화물(소형),기아,봉고Ⅲ 전기차 파워게이트 2단 알루미늄,1600,600.0,2200.0,2021년도 전기자동차 예천군 모델별 보조금,2021,예천군
화물(소형),기아,봉고Ⅲ 전기차 내장차,1600,600.0,2200.0,2021년도 전기자동차 예천군 모델별 보조금,2021,예천군
화물(소형),기아,봉고Ⅲ 전기차 저상 내장차,1600,600.0,2200.0,2021년도 전기자동차 예천군 모델별 보조금,2021,예천군
화물(소형),기아,봉고Ⅲ 전기차 플러스 내장차,1600,600.0,2200.0,2021년도 전기자동차 예천군 모델별 보조금,2021,예천군
화물(소형),일진정공,일진무시동전기냉동탑차(149.9km),2100,600.0,2700.0,2021년도 전기자동차 예천군 모델별 보조금,2021,예천군
화물(소형),일진정공,일진무시동전기냉동탑차(186.1km),2100,600.0,2700.0,2021년도 전기자동차 예천군 모델별 보조금,2021,예천군
화물(소형),코리아에어카고에이전시,LSEV,1600,600.0,2200.0,2021년도 전기자동차 예천군 모델별 보조금,2021,예천군
화물(소형),루트17,다니고밴,1600,600.0,2200.0,2021년도 전기자동차 예천군 모델별 보조금,2021,예천군
화물(소형),케이지모빌리티커머셜,SMART T1.0,1600,600.0,2200.0,2021년도 전기자동차 예천군 모델별 보조금,2021,예천군
화물(소형),한신자동차,플러스,1600,600.0,2200.0,2021년도 전기자동차 예천군 모델별 보조금,2021,예천군
화물(소형),한신자동차,플러스2.0,1600,600.0,2200.0,2021년도 전기자동차 예천군 모델별 보조금,2021,예천군
화물(소형),비바모빌리티,(단종)비바,1600,600.0,2200.0,2021년도 전기자동차 예천군 모델별 보조금,2021,예천군
화물(소형),비바모빌리티,젤라,1600,600.0,2200.0,2021년도 전기자동차 예천군 모델별 보조금,2021,예천군
화물(초소형),스마트솔루션즈,D2C,600,300.0,900.0,2021년도 전기자동차 봉화군 모델별 보조금,2021,봉화군
화물(초소형),스마트솔루션즈,D2P,600,300.0,900.0,2021년도 전기자동차 봉화군 모델별 보조금,2021,봉화군
화물(초소형),루트17,다니고3,600,300.0,900.0,2021년도 전기자동차 봉화군 모델별 보조금,2021,봉화군
화물(초소형),루트17,다니고3 픽업,600,300.0,900.0,2021년도 전기자동차 봉화군 모델별 보조금,2021,봉화군
화물(초소형),마스타전기차,MASTA VAN,600,300.0,900.0,2021년도 전기자동차 봉화군 모델별 보조금,2021,봉화군
화물(초소형),마스타전기차,MASTA HIM,600,300.0,900.0,2021년도 전기자동차 봉화군 모델별 보조금,2021,봉화군
화물(초소형),디피코,(단종)포트로,600,300.0,900.0,2021년도 전기자동차 봉화군 모델별 보조금,2021,봉화군
화물(초소형),디피코,포트로-탑,600,300.0,900.0,2021년도 전기자동차 봉화군 모델별 보조금,2021,봉화군
화물(초소형),디피코,포트로-픽업,600,300.0,900.0,2021년도 전기자동차 봉화군 모델별 보조금,2021,봉화군
화물(초소형),디피코,포트로-탑S,600,300.0,900.0,2021년도 전기자동차 봉화군 모델별 보조금,2021,봉화군
화물(초소형),디피코,포트로-픽업S,600,300.0,900.0,2021년도 전기자동차 봉화군 모델별 보조금,2021,봉화군
화물(경형),파워프라자,라보ev PEACE,1100,600.0,1700.0,2021년도 전기자동차 봉화군 모델별 보조금,2021,봉화군
화물(소형),제인모터스,제인모터스칼마토EV1톤내장탑차,1600,600.0,2200.0,2021년도 전기자동차 봉화군 모델별 보조금,2021,봉화군
화물(소형),파워프라자,봉고3ev PEACE,1600,600.0,2200.0,2021년도 전기자동차 봉화군 모델별 보조금,2021,봉화군
화물(소형),파워프라자,봉고3ev PEACE 더블캡,1600,600.0,2200.0,2021년도 전기자동차 봉화군 모델별 보조금,2021,봉화군
화물(소형),현대자동차,포터Ⅱ 일렉트릭 특장차,1600,600.0,2200.0,2021년도 전기자동차 봉화군 모델별 보조금,2021,봉화군
화물(소형),현대자동차,포터Ⅱ 일렉트릭 파워게이트,1600,600.0,2200.0,2021년도 전기자동차 봉화군 모델별 보조금,2021,봉화군
화물(소형),현대자동차,포터Ⅱ 일렉트릭 내장탑차,1600,600.0,2200.0,2021년도 전기자동차 봉화군 모델별 보조금,2021,봉화군
화물(소형),현대자동차,포터Ⅱ 일렉트릭 내장탑저상,1600,600.0,2200.0,2021년도 전기자동차 봉화군 모델별 보조금,2021,봉화군
화물(소형),현대자동차,포터Ⅱ 일렉트릭 내장탑하이,1600,600.0,2200.0,2021년도 전기자동차 봉화군 모델별 보조금,2021,봉화군
화물(소형),현대자동차,포터Ⅱ 일렉트릭 냉동탑저상,1600,600.0,2200.0,2021년도 전기자동차 봉화군 모델별 보조금,2021,봉화군
화물(소형),현대자동차,포터Ⅱ 일렉트릭(24MY),1600,600.0,2200.0,2021년도 전기자동차 봉화군 모델별 보조금,2021,봉화군
화물(소형),기아,봉고 전기차,1600,600.0,2200.0,2021년도 전기자동차 봉화군 모델별 보조금,2021,봉화군
화물(소형),기아,봉고Ⅲ 전기차 특장차,1600,600.0,2200.0,2021년도 전기자동차 봉화군 모델별 보조금,2021,봉화군
화물(소형),기아,봉고Ⅲ 전기차 파워게이트 2단 알루미늄,1600,600.0,2200.0,2021년도 전기자동차 봉화군 모델별 보조금,2021,봉화군
화물(소형),기아,봉고Ⅲ 전기차 내장차,1600,600.0,2200.0,2021년도 전기자동차 봉화군 모델별 보조금,2021,봉화군
화물(소형),기아,봉고Ⅲ 전기차 저상 내장차,1600,600.0,2200.0,2021년도 전기자동차 봉화군 모델별 보조금,2021,봉화군
화물(소형),기아,봉고Ⅲ 전기차 플러스 내장차,1600,600.0,2200.0,2021년도 전기자동차 봉화군 모델별 보조금,2021,봉화군
화물(소형),일진정공,일진무시동전기냉동탑차(149.9km),2100,600.0,2700.0,2021년도 전기자동차 봉화군 모델별 보조금,2021,봉화군
화물(소형),일진정공,일진무시동전기냉동탑차(186.1km),2100,600.0,2700.0,2021년도 전기자동차 봉화군 모델별 보조금,2021,봉화군
화물(소형),코리아에어카고에이전시,LSEV,1600,600.0,2200.0,2021년도 전기자동차 봉화군 모델별 보조금,2021,봉화군
화물(소형),루트17,다니고밴,1600,600.0,2200.0,2021년도 전기자동차 봉화군 모델별 보조금,2021,봉화군
화물(소형),케이지모빌리티커머셜,SMART T1.0,1600,600.0,2200.0,2021년도 전기자동차 봉화군 모델별 보조금,2021,봉화군
화물(소형),한신자동차,플러스,1600,600.0,2200.0,2021년도 전기자동차 봉화군 모델별 보조금,2021,봉화군
화물(소형),한신자동차,플러스2.0,1600,600.0,2200.0,2021년도 전기자동차 봉화군 모델별 보조금,2021,봉화군
화물(소형),비바모빌리티,(단종)비바,1600,600.0,2200.0,2021년도 전기자동차 봉화군 모델별 보조금,2021,봉화군
화물(소형),비바모빌리티,젤라,1600,600.0,2200.0,2021년도 전기자동차 봉화군 모델별 보조금,2021,봉화군
화물(초소형),스마트솔루션즈,D2C,600,300.0,900.0,2021년도 전기자동차 울진군 모델별 보조금,2021,울진군
화물(초소형),스마트솔루션즈,D2P,600,300.0,900.0,2021년도 전기자동차 울진군 모델별 보조금,2021,울진군
화물(초소형),루트17,다니고3,600,300.0,900.0,2021년도 전기자동차 울진군 모델별 보조금,2021,울진군
화물(초소형),루트17,다니고3 픽업,600,300.0,900.0,2021년도 전기자동차 울진군 모델별 보조금,2021,울진군
화물(초소형),마스타전기차,MASTA VAN,600,300.0,900.0,2021년도 전기자동차 울진군 모델별 보조금,2021,울진군
화물(초소형),마스타전기차,MASTA HIM,600,300.0,900.0,2021년도 전기자동차 울진군 모델별 보조금,2021,울진군
화물(초소형),디피코,(단종)포트로,600,300.0,900.0,2021년도 전기자동차 울진군 모델별 보조금,2021,울진군
화물(초소형),디피코,포트로-탑,600,300.0,900.0,2021년도 전기자동차 울진군 모델별 보조금,2021,울진군
화물(초소형),디피코,포트로-픽업,600,300.0,900.0,2021년도 전기자동차 울진군 모델별 보조금,2021,울진군
화물(초소형),디피코,포트로-탑S,600,300.0,900.0,2021년도 전기자동차 울진군 모델별 보조금,2021,울진군
화물(초소형),디피코,포트로-픽업S,600,300.0,900.0,2021년도 전기자동차 울진군 모델별 보조금,2021,울진군
화물(경형),파워프라자,라보ev PEACE,1100,600.0,1700.0,2021년도 전기자동차 울진군 모델별 보조금,2021,울진군
화물(소형),제인모터스,제인모터스칼마토EV1톤내장탑차,1600,600.0,2200.0,2021년도 전기자동차 울진군 모델별 보조금,2021,울진군
화물(소형),파워프라자,봉고3ev PEACE,1600,600.0,2200.0,2021년도 전기자동차 울진군 모델별 보조금,2021,울진군
화물(소형),파워프라자,봉고3ev PEACE 더블캡,1600,600.0,2200.0,2021년도 전기자동차 울진군 모델별 보조금,2021,울진군
화물(소형),현대자동차,포터Ⅱ 일렉트릭 특장차,1600,600.0,2200.0,2021년도 전기자동차 울진군 모델별 보조금,2021,울진군
화물(소형),현대자동차,포터Ⅱ 일렉트릭 파워게이트,1600,600.0,2200.0,2021년도 전기자동차 울진군 모델별 보조금,2021,울진군
화물(소형),현대자동차,포터Ⅱ 일렉트릭 내장탑차,1600,600.0,2200.0,2021년도 전기자동차 울진군 모델별 보조금,2021,울진군
화물(소형),현대자동차,포터Ⅱ 일렉트릭 내장탑저상,1600,600.0,2200.0,2021년도 전기자동차 울진군 모델별 보조금,2021,울진군
화물(소형),현대자동차,포터Ⅱ 일렉트릭 내장탑하이,1600,600.0,2200.0,2021년도 전기자동차 울진군 모델별 보조금,2021,울진군
화물(소형),현대자동차,포터Ⅱ 일렉트릭 냉동탑저상,1600,600.0,2200.0,2021년도 전기자동차 울진군 모델별 보조금,2021,울진군
화물(소형),현대자동차,포터Ⅱ 일렉트릭(24MY),1600,600.0,2200.0,2021년도 전기자동차 울진군 모델별 보조금,2021,울진군
화물(소형),기아,봉고 전기차,1600,600.0,2200.0,2021년도 전기자동차 울진군 모델별 보조금,2021,울진군
화물(소형),기아,봉고Ⅲ 전기차 특장차,1600,600.0,2200.0,2021년도 전기자동차 울진군 모델별 보조금,2021,울진군
화물(소형),기아,봉고Ⅲ 전기차 파워게이트 2단 알루미늄,1600,600.0,2200.0,2021년도 전기자동차 울진군 모델별 보조금,2021,울진군
화물(소형),기아,봉고Ⅲ 전기차 내장차,1600,600.0,2200.0,2021년도 전기자동차 울진군 모델별 보조금,2021,울진군
화물(소형),기아,봉고Ⅲ 전기차 저상 내장차,1600,600.0,2200.0,2021년도 전기자동차 울진군 모델별 보조금,2021,울진군
화물(소형),기아,봉고Ⅲ 전기차 플러스 내장차,1600,600.0,2200.0,2021년도 전기자동차 울진군 모델별 보조금,2021,울진군
화물(소형),일진정공,일진무시동전기냉동탑차(149.9km),2100,600.0,2700.0,2021년도 전기자동차 울진군 모델별 보조금,2021,울진군
화물(소형),일진정공,일진무시동전기냉동탑차(186.1km),2100,600.0,2700.0,2021년도 전기자동차 울진군 모델별 보조금,2021,울진군
화물(소형),코리아에어카고에이전시,LSEV,1600,600.0,2200.0,2021년도 전기자동차 울진군 모델별 보조금,2021,울진군
화물(소형),루트17,다니고밴,1600,600.0,2200.0,2021년도 전기자동차 울진군 모델별 보조금,2021,울진군
화물(소형),케이지모빌리티커머셜,SMART T1.0,1600,600.0,2200.0,2021년도 전기자동차 울진군 모델별 보조금,2021,울진군
화물(소형),한신자동차,플러스,1600,600.0,2200.0,2021년도 전기자동차 울진군 모델별 보조금,2021,울진군
화물(소형),한신자동차,플러스2.0,1600,600.0,2200.0,2021년도 전기자동차 울진군 모델별 보조금,2021,울진군
화물(소형),비바모빌리티,(단종)비바,1600,600.0,2200.0,2021년도 전기자동차 울진군 모델별 보조금,2021,울진군
화물(소형),비바모빌리티,젤라,1600,600.0,2200.0,2021년도 전기자동차 울진군 모델별 보조금,2021,울진군
화물(초소형),스마트솔루션즈,D2C,600,500.0,1100.0,2021년도 전기자동차 울릉군 모델별 보조금,2021,울릉군
화물(초소형),스마트솔루션즈,D2P,600,500.0,1100.0,2021년도 전기자동차 울릉군 모델별 보조금,2021,울릉군
화물(초소형),루트17,다니고3,600,500.0,1100.0,2021년도 전기자동차 울릉군 모델별 보조금,2021,울릉군
화물(초소형),루트17,다니고3 픽업,600,500.0,1100.0,2021년도 전기자동차 울릉군 모델별 보조금,2021,울릉군
화물(초소형),마스타전기차,MASTA VAN,600,500.0,1100.0,2021년도 전기자동차 울릉군 모델별 보조금,2021,울릉군
화물(초소형),마스타전기차,MASTA HIM,600,500.0,1100.0,2021년도 전기자동차 울릉군 모델별 보조금,2021,울릉군
화물(초소형),디피코,(단종)포트로,600,500.0,1100.0,2021년도 전기자동차 울릉군 모델별 보조금,2021,울릉군
화물(초소형),디피코,포트로-탑,600,500.0,1100.0,2021년도 전기자동차 울릉군 모델별 보조금,2021,울릉군
화물(초소형),디피코,포트로-픽업,600,500.0,1100.0,2021년도 전기자동차 울릉군 모델별 보조금,2021,울릉군
화물(초소형),디피코,포트로-탑S,600,500.0,1100.0,2021년도 전기자동차 울릉군 모델별 보조금,2021,울릉군
화물(초소형),디피코,포트로-픽업S,600,500.0,1100.0,2021년도 전기자동차 울릉군 모델별 보조금,2021,울릉군
화물(경형),파워프라자,라보ev PEACE,1100,1100.0,2200.0,2021년도 전기자동차 울릉군 모델별 보조금,2021,울릉군
화물(소형),제인모터스,제인모터스칼마토EV1톤내장탑차,1600,1100.0,2700.0,2021년도 전기자동차 울릉군 모델별 보조금,2021,울릉군
화물(소형),파워프라자,봉고3ev PEACE,1600,1100.0,2700.0,2021년도 전기자동차 울릉군 모델별 보조금,2021,울릉군
화물(소형),파워프라자,봉고3ev PEACE 더블캡,1600,1100.0,2700.0,2021년도 전기자동차 울릉군 모델별 보조금,2021,울릉군
화물(소형),현대자동차,포터Ⅱ 일렉트릭 특장차,1600,1100.0,2700.0,2021년도 전기자동차 울릉군 모델별 보조금,2021,울릉군
화물(소형),현대자동차,포터Ⅱ 일렉트릭 파워게이트,1600,1100.0,2700.0,2021년도 전기자동차 울릉군 모델별 보조금,2021,울릉군
화물(소형),현대자동차,포터Ⅱ 일렉트릭 내장탑차,1600,1100.0,2700.0,2021년도 전기자동차 울릉군 모델별 보조금,2021,울릉군
화물(소형),현대자동차,포터Ⅱ 일렉트릭 내장탑저상,1600,1100.0,2700.0,2021년도 전기자동차 울릉군 모델별 보조금,2021,울릉군
화물(소형),현대자동차,포터Ⅱ 일렉트릭 내장탑하이,1600,1100.0,2700.0,2021년도 전기자동차 울릉군 모델별 보조금,2021,울릉군
화물(소형),현대자동차,포터Ⅱ 일렉트릭 냉동탑저상,1600,1100.0,2700.0,2021년도 전기자동차 울릉군 모델별 보조금,2021,울릉군
화물(소형),현대자동차,포터Ⅱ 일렉트릭(24MY),1600,1100.0,2700.0,2021년도 전기자동차 울릉군 모델별 보조금,2021,울릉군
화물(소형),기아,봉고 전기차,1600,1100.0,2700.0,2021년도 전기자동차 울릉군 모델별 보조금,2021,울릉군
화물(소형),기아,봉고Ⅲ 전기차 특장차,1600,1100.0,2700.0,2021년도 전기자동차 울릉군 모델별 보조금,2021,울릉군
화물(소형),기아,봉고Ⅲ 전기차 파워게이트 2단 알루미늄,1600,1100.0,2700.0,2021년도 전기자동차 울릉군 모델별 보조금,2021,울릉군
화물(소형),기아,봉고Ⅲ 전기차 내장차,1600,1100.0,2700.0,2021년도 전기자동차 울릉군 모델별 보조금,2021,울릉군
화물(소형),기아,봉고Ⅲ 전기차 저상 내장차,1600,1100.0,2700.0,2021년도 전기자동차 울릉군 모델별 보조금,2021,울릉군
화물(소형),기아,봉고Ⅲ 전기차 플러스 내장차,1600,1100.0,2700.0,2021년도 전기자동차 울릉군 모델별 보조금,2021,울릉군
화물(소형),일진정공,일진무시동전기냉동탑차(149.9km),2100,1100.0,3200.0,2021년도 전기자동차 울릉군 모델별 보조금,2021,울릉군
화물(소형),일진정공,일진무시동전기냉동탑차(186.1km),2100,1100.0,3200.0,2021년도 전기자동차 울릉군 모델별 보조금,2021,울릉군
화물(소형),코리아에어카고에이전시,LSEV,1600,1100.0,2700.0,2021년도 전기자동차 울릉군 모델별 보조금,2021,울릉군
화물(소형),루트17,다니고밴,1600,1100.0,2700.0,2021년도 전기자동차 울릉군 모델별 보조금,2021,울릉군
화물(소형),케이지모빌리티커머셜,SMART T1.0,1600,1100.0,2700.0,2021년도 전기자동차 울릉군 모델별 보조금,2021,울릉군
화물(소형),한신자동차,플러스,1600,1100.0,2700.0,2021년도 전기자동차 울릉군 모델별 보조금,2021,울릉군
화물(소형),한신자동차,플러스2.0,1600,1100.0,2700.0,2021년도 전기자동차 울릉군 모델별 보조금,2021,울릉군
화물(소형),비바모빌리티,(단종)비바,1600,1100.0,2700.0,2021년도 전기자동차 울릉군 모델별 보조금,2021,울릉군
화물(소형),비바모빌리티,젤라,1600,1100.0,2700.0,2021년도 전기자동차 울릉군 모델별 보조금,2021,울릉군
화물(초소형),스마트솔루션즈,D2C,600,400.0,1000.0,2021년도 전기자동차 창원시 모델별 보조금,2021,창원시
화물(초소형),스마트솔루션즈,D2P,600,400.0,1000.0,2021년도 전기자동차 창원시 모델별 보조금,2021,창원시
화물(초소형),루트17,다니고3,600,400.0,1000.0,2021년도 전기자동차 창원시 모델별 보조금,2021,창원시
화물(초소형),루트17,다니고3 픽업,600,400.0,1000.0,2021년도 전기자동차 창원시 모델별 보조금,2021,창원시
화물(초소형),마스타전기차,MASTA VAN,600,400.0,1000.0,2021년도 전기자동차 창원시 모델별 보조금,2021,창원시
화물(초소형),마스타전기차,MASTA HIM,600,400.0,1000.0,2021년도 전기자동차 창원시 모델별 보조금,2021,창원시
화물(초소형),디피코,(단종)포트로,600,400.0,1000.0,2021년도 전기자동차 창원시 모델별 보조금,2021,창원시
화물(초소형),디피코,포트로-탑,600,400.0,1000.0,2021년도 전기자동차 창원시 모델별 보조금,2021,창원시
화물(초소형),디피코,포트로-픽업,600,400.0,1000.0,2021년도 전기자동차 창원시 모델별 보조금,2021,창원시
화물(초소형),디피코,포트로-탑S,600,400.0,1000.0,2021년도 전기자동차 창원시 모델별 보조금,2021,창원시
화물(초소형),디피코,포트로-픽업S,600,400.0,1000.0,2021년도 전기자동차 창원시 모델별 보조금,2021,창원시
화물(경형),파워프라자,라보ev PEACE,1100,600.0,1700.0,2021년도 전기자동차 창원시 모델별 보조금,2021,창원시
화물(소형),제인모터스,제인모터스칼마토EV1톤내장탑차,1600,600.0,2200.0,2021년도 전기자동차 창원시 모델별 보조금,2021,창원시
화물(소형),파워프라자,봉고3ev PEACE,1600,600.0,2200.0,2021년도 전기자동차 창원시 모델별 보조금,2021,창원시
화물(소형),파워프라자,봉고3ev PEACE 더블캡,1600,600.0,2200.0,2021년도 전기자동차 창원시 모델별 보조금,2021,창원시
화물(소형),현대자동차,포터Ⅱ 일렉트릭 특장차,1600,600.0,2200.0,2021년도 전기자동차 창원시 모델별 보조금,2021,창원시
화물(소형),현대자동차,포터Ⅱ 일렉트릭 파워게이트,1600,600.0,2200.0,2021년도 전기자동차 창원시 모델별 보조금,2021,창원시
화물(소형),현대자동차,포터Ⅱ 일렉트릭 내장탑차,1600,600.0,2200.0,2021년도 전기자동차 창원시 모델별 보조금,2021,창원시
화물(소형),현대자동차,포터Ⅱ 일렉트릭 내장탑저상,1600,600.0,2200.0,2021년도 전기자동차 창원시 모델별 보조금,2021,창원시
화물(소형),현대자동차,포터Ⅱ 일렉트릭 내장탑하이,1600,600.0,2200.0,2021년도 전기자동차 창원시 모델별 보조금,2021,창원시
화물(소형),현대자동차,포터Ⅱ 일렉트릭 냉동탑저상,1600,600.0,2200.0,2021년도 전기자동차 창원시 모델별 보조금,2021,창원시
화물(소형),현대자동차,포터Ⅱ 일렉트릭(24MY),1600,600.0,2200.0,2021년도 전기자동차 창원시 모델별 보조금,2021,창원시
화물(소형),기아,봉고 전기차,1600,600.0,2200.0,2021년도 전기자동차 창원시 모델별 보조금,2021,창원시
화물(소형),기아,봉고Ⅲ 전기차 특장차,1600,600.0,2200.0,2021년도 전기자동차 창원시 모델별 보조금,2021,창원시
화물(소형),기아,봉고Ⅲ 전기차 파워게이트 2단 알루미늄,1600,600.0,2200.0,2021년도 전기자동차 창원시 모델별 보조금,2021,창원시
화물(소형),기아,봉고Ⅲ 전기차 내장차,1600,600.0,2200.0,2021년도 전기자동차 창원시 모델별 보조금,2021,창원시
화물(소형),기아,봉고Ⅲ 전기차 저상 내장차,1600,600.0,2200.0,2021년도 전기자동차 창원시 모델별 보조금,2021,창원시
화물(소형),기아,봉고Ⅲ 전기차 플러스 내장차,1600,600.0,2200.0,2021년도 전기자동차 창원시 모델별 보조금,2021,창원시
화물(소형),일진정공,일진무시동전기냉동탑차(149.9km),2100,600.0,2700.0,2021년도 전기자동차 창원시 모델별 보조금,2021,창원시
화물(소형),일진정공,일진무시동전기냉동탑차(186.1km),2100,600.0,2700.0,2021년도 전기자동차 창원시 모델별 보조금,2021,창원시
화물(소형),코리아에어카고에이전시,LSEV,1600,600.0,2200.0,2021년도 전기자동차 창원시 모델별 보조금,2021,창원시
화물(소형),루트17,다니고밴,1600,600.0,2200.0,2021년도 전기자동차 창원시 모델별 보조금,2021,창원시
화물(소형),케이지모빌리티커머셜,SMART T1.0,1600,600.0,2200.0,2021년도 전기자동차 창원시 모델별 보조금,2021,창원시
화물(소형),한신자동차,플러스,1600,600.0,2200.0,2021년도 전기자동차 창원시 모델별 보조금,2021,창원시
화물(소형),한신자동차,플러스2.0,1600,600.0,2200.0,2021년도 전기자동차 창원시 모델별 보조금,2021,창원시
화물(소형),비바모빌리티,(단종)비바,1600,600.0,2200.0,2021년도 전기자동차 창원시 모델별 보조금,2021,창원시
화물(소형),비바모빌리티,젤라,1600,600.0,2200.0,2021년도 전기자동차 창원시 모델별 보조금,2021,창원시
화물(초소형),스마트솔루션즈,D2C,600,400.0,1000.0,2021년도 전기자동차 진주시 모델별 보조금,2021,진주시
화물(초소형),스마트솔루션즈,D2P,600,400.0,1000.0,2021년도 전기자동차 진주시 모델별 보조금,2021,진주시
화물(초소형),루트17,다니고3,600,400.0,1000.0,2021년도 전기자동차 진주시 모델별 보조금,2021,진주시
화물(초소형),루트17,다니고3 픽업,600,400.0,1000.0,2021년도 전기자동차 진주시 모델별 보조금,2021,진주시
화물(초소형),마스타전기차,MASTA VAN,600,400.0,1000.0,2021년도 전기자동차 진주시 모델별 보조금,2021,진주시
화물(초소형),마스타전기차,MASTA HIM,600,400.0,1000.0,2021년도 전기자동차 진주시 모델별 보조금,2021,진주시
화물(초소형),디피코,(단종)포트로,600,400.0,1000.0,2021년도 전기자동차 진주시 모델별 보조금,2021,진주시
화물(초소형),디피코,포트로-탑,600,400.0,1000.0,2021년도 전기자동차 진주시 모델별 보조금,2021,진주시
화물(초소형),디피코,포트로-픽업,600,400.0,1000.0,2021년도 전기자동차 진주시 모델별 보조금,2021,진주시
화물(초소형),디피코,포트로-탑S,600,400.0,1000.0,2021년도 전기자동차 진주시 모델별 보조금,2021,진주시
화물(초소형),디피코,포트로-픽업S,600,400.0,1000.0,2021년도 전기자동차 진주시 모델별 보조금,2021,진주시
화물(경형),파워프라자,라보ev PEACE,1100,600.0,1700.0,2021년도 전기자동차 진주시 모델별 보조금,2021,진주시
화물(소형),제인모터스,제인모터스칼마토EV1톤내장탑차,1600,600.0,2200.0,2021년도 전기자동차 진주시 모델별 보조금,2021,진주시
화물(소형),파워프라자,봉고3ev PEACE,1600,600.0,2200.0,2021년도 전기자동차 진주시 모델별 보조금,2021,진주시
화물(소형),파워프라자,봉고3ev PEACE 더블캡,1600,600.0,2200.0,2021년도 전기자동차 진주시 모델별 보조금,2021,진주시
화물(소형),현대자동차,포터Ⅱ 일렉트릭 특장차,1600,600.0,2200.0,2021년도 전기자동차 진주시 모델별 보조금,2021,진주시
화물(소형),현대자동차,포터Ⅱ 일렉트릭 파워게이트,1600,600.0,2200.0,2021년도 전기자동차 진주시 모델별 보조금,2021,진주시
화물(소형),현대자동차,포터Ⅱ 일렉트릭 내장탑차,1600,600.0,2200.0,2021년도 전기자동차 진주시 모델별 보조금,2021,진주시
화물(소형),현대자동차,포터Ⅱ 일렉트릭 내장탑저상,1600,600.0,2200.0,2021년도 전기자동차 진주시 모델별 보조금,2021,진주시
화물(소형),현대자동차,포터Ⅱ 일렉트릭 내장탑하이,1600,600.0,2200.0,2021년도 전기자동차 진주시 모델별 보조금,2021,진주시
화물(소형),현대자동차,포터Ⅱ 일렉트릭 냉동탑저상,1600,600.0,2200.0,2021년도 전기자동차 진주시 모델별 보조금,2021,진주시
화물(소형),현대자동차,포터Ⅱ 일렉트릭(24MY),1600,600.0,2200.0,2021년도 전기자동차 진주시 모델별 보조금,2021,진주시
화물(소형),기아,봉고 전기차,1600,600.0,2200.0,2021년도 전기자동차 진주시 모델별 보조금,2021,진주시
화물(소형),기아,봉고Ⅲ 전기차 특장차,1600,600.0,2200.0,2021년도 전기자동차 진주시 모델별 보조금,2021,진주시
화물(소형),기아,봉고Ⅲ 전기차 파워게이트 2단 알루미늄,1600,600.0,2200.0,2021년도 전기자동차 진주시 모델별 보조금,2021,진주시
화물(소형),기아,봉고Ⅲ 전기차 내장차,1600,600.0,2200.0,2021년도 전기자동차 진주시 모델별 보조금,2021,진주시
화물(소형),기아,봉고Ⅲ 전기차 저상 내장차,1600,600.0,2200.0,2021년도 전기자동차 진주시 모델별 보조금,2021,진주시
화물(소형),기아,봉고Ⅲ 전기차 플러스 내장차,1600,600.0,2200.0,2021년도 전기자동차 진주시 모델별 보조금,2021,진주시
화물(소형),일진정공,일진무시동전기냉동탑차(149.9km),2100,600.0,2700.0,2021년도 전기자동차 진주시 모델별 보조금,2021,진주시
화물(소형),일진정공,일진무시동전기냉동탑차(186.1km),2100,600.0,2700.0,2021년도 전기자동차 진주시 모델별 보조금,2021,진주시
화물(소형),코리아에어카고에이전시,LSEV,1600,600.0,2200.0,2021년도 전기자동차 진주시 모델별 보조금,2021,진주시
화물(소형),루트17,다니고밴,1600,600.0,2200.0,2021년도 전기자동차 진주시 모델별 보조금,2021,진주시
화물(소형),케이지모빌리티커머셜,SMART T1.0,1600,600.0,2200.0,2021년도 전기자동차 진주시 모델별 보조금,2021,진주시
화물(소형),한신자동차,플러스,1600,600.0,2200.0,2021년도 전기자동차 진주시 모델별 보조금,2021,진주시
화물(소형),한신자동차,플러스2.0,1600,600.0,2200.0,2021년도 전기자동차 진주시 모델별 보조금,2021,진주시
화물(소형),비바모빌리티,(단종)비바,1600,600.0,2200.0,2021년도 전기자동차 진주시 모델별 보조금,2021,진주시
화물(소형),비바모빌리티,젤라,1600,600.0,2200.0,2021년도 전기자동차 진주시 모델별 보조금,2021,진주시
화물(초소형),스마트솔루션즈,D2C,600,400.0,1000.0,2021년도 전기자동차 통영시 모델별 보조금,2021,통영시
화물(초소형),스마트솔루션즈,D2P,600,400.0,1000.0,2021년도 전기자동차 통영시 모델별 보조금,2021,통영시
화물(초소형),루트17,다니고3,600,400.0,1000.0,2021년도 전기자동차 통영시 모델별 보조금,2021,통영시
화물(초소형),루트17,다니고3 픽업,600,400.0,1000.0,2021년도 전기자동차 통영시 모델별 보조금,2021,통영시
화물(초소형),마스타전기차,MASTA VAN,600,400.0,1000.0,2021년도 전기자동차 통영시 모델별 보조금,2021,통영시
화물(초소형),마스타전기차,MASTA HIM,600,400.0,1000.0,2021년도 전기자동차 통영시 모델별 보조금,2021,통영시
화물(초소형),디피코,(단종)포트로,600,400.0,1000.0,2021년도 전기자동차 통영시 모델별 보조금,2021,통영시
화물(초소형),디피코,포트로-탑,600,400.0,1000.0,2021년도 전기자동차 통영시 모델별 보조금,2021,통영시
화물(초소형),디피코,포트로-픽업,600,400.0,1000.0,2021년도 전기자동차 통영시 모델별 보조금,2021,통영시
화물(초소형),디피코,포트로-탑S,600,400.0,1000.0,2021년도 전기자동차 통영시 모델별 보조금,2021,통영시
화물(초소형),디피코,포트로-픽업S,600,400.0,1000.0,2021년도 전기자동차 통영시 모델별 보조금,2021,통영시
화물(경형),파워프라자,라보ev PEACE,1100,600.0,1700.0,2021년도 전기자동차 통영시 모델별 보조금,2021,통영시
화물(소형),제인모터스,제인모터스칼마토EV1톤내장탑차,1600,600.0,2200.0,2021년도 전기자동차 통영시 모델별 보조금,2021,통영시
화물(소형),파워프라자,봉고3ev PEACE,1600,600.0,2200.0,2021년도 전기자동차 통영시 모델별 보조금,2021,통영시
화물(소형),파워프라자,봉고3ev PEACE 더블캡,1600,600.0,2200.0,2021년도 전기자동차 통영시 모델별 보조금,2021,통영시
화물(소형),현대자동차,포터Ⅱ 일렉트릭 특장차,1600,600.0,2200.0,2021년도 전기자동차 통영시 모델별 보조금,2021,통영시
화물(소형),현대자동차,포터Ⅱ 일렉트릭 파워게이트,1600,600.0,2200.0,2021년도 전기자동차 통영시 모델별 보조금,2021,통영시
화물(소형),현대자동차,포터Ⅱ 일렉트릭 내장탑차,1600,600.0,2200.0,2021년도 전기자동차 통영시 모델별 보조금,2021,통영시
화물(소형),현대자동차,포터Ⅱ 일렉트릭 내장탑저상,1600,600.0,2200.0,2021년도 전기자동차 통영시 모델별 보조금,2021,통영시
화물(소형),현대자동차,포터Ⅱ 일렉트릭 내장탑하이,1600,600.0,2200.0,2021년도 전기자동차 통영시 모델별 보조금,2021,통영시
화물(소형),현대자동차,포터Ⅱ 일렉트릭 냉동탑저상,1600,600.0,2200.0,2021년도 전기자동차 통영시 모델별 보조금,2021,통영시
화물(소형),현대자동차,포터Ⅱ 일렉트릭(24MY),1600,600.0,2200.0,2021년도 전기자동차 통영시 모델별 보조금,2021,통영시
화물(소형),기아,봉고 전기차,1600,600.0,2200.0,2021년도 전기자동차 통영시 모델별 보조금,2021,통영시
화물(소형),기아,봉고Ⅲ 전기차 특장차,1600,600.0,2200.0,2021년도 전기자동차 통영시 모델별 보조금,2021,통영시
화물(소형),기아,봉고Ⅲ 전기차 파워게이트 2단 알루미늄,1600,600.0,2200.0,2021년도 전기자동차 통영시 모델별 보조금,2021,통영시
화물(소형),기아,봉고Ⅲ 전기차 내장차,1600,600.0,2200.0,2021년도 전기자동차 통영시 모델별 보조금,2021,통영시
화물(소형),기아,봉고Ⅲ 전기차 저상 내장차,1600,600.0,2200.0,2021년도 전기자동차 통영시 모델별 보조금,2021,통영시
화물(소형),기아,봉고Ⅲ 전기차 플러스 내장차,1600,600.0,2200.0,2021년도 전기자동차 통영시 모델별 보조금,2021,통영시
화물(소형),일진정공,일진무시동전기냉동탑차(149.9km),2100,600.0,2700.0,2021년도 전기자동차 통영시 모델별 보조금,2021,통영시
화물(소형),일진정공,일진무시동전기냉동탑차(186.1km),2100,600.0,2700.0,2021년도 전기자동차 통영시 모델별 보조금,2021,통영시
화물(소형),코리아에어카고에이전시,LSEV,1600,600.0,2200.0,2021년도 전기자동차 통영시 모델별 보조금,2021,통영시
화물(소형),루트17,다니고밴,1600,600.0,2200.0,2021년도 전기자동차 통영시 모델별 보조금,2021,통영시
화물(소형),케이지모빌리티커머셜,SMART T1.0,1600,600.0,2200.0,2021년도 전기자동차 통영시 모델별 보조금,2021,통영시
화물(소형),한신자동차,플러스,1600,600.0,2200.0,2021년도 전기자동차 통영시 모델별 보조금,2021,통영시
화물(소형),한신자동차,플러스2.0,1600,600.0,2200.0,2021년도 전기자동차 통영시 모델별 보조금,2021,통영시
화물(소형),비바모빌리티,(단종)비바,1600,600.0,2200.0,2021년도 전기자동차 통영시 모델별 보조금,2021,통영시
화물(소형),비바모빌리티,젤라,1600,600.0,2200.0,2021년도 전기자동차 통영시 모델별 보조금,2021,통영시
화물(초소형),스마트솔루션즈,D2C,600,350.0,950.0,2021년도 전기자동차 사천시 모델별 보조금,2021,사천시
화물(초소형),스마트솔루션즈,D2P,600,350.0,950.0,2021년도 전기자동차 사천시 모델별 보조금,2021,사천시
화물(초소형),루트17,다니고3,600,350.0,950.0,2021년도 전기자동차 사천시 모델별 보조금,2021,사천시
화물(초소형),루트17,다니고3 픽업,600,350.0,950.0,2021년도 전기자동차 사천시 모델별 보조금,2021,사천시
화물(초소형),마스타전기차,MASTA VAN,600,350.0,950.0,2021년도 전기자동차 사천시 모델별 보조금,2021,사천시
화물(초소형),마스타전기차,MASTA HIM,600,350.0,950.0,2021년도 전기자동차 사천시 모델별 보조금,2021,사천시
화물(초소형),디피코,(단종)포트로,600,350.0,950.0,2021년도 전기자동차 사천시 모델별 보조금,2021,사천시
화물(초소형),디피코,포트로-탑,600,350.0,950.0,2021년도 전기자동차 사천시 모델별 보조금,2021,사천시
화물(초소형),디피코,포트로-픽업,600,350.0,950.0,2021년도 전기자동차 사천시 모델별 보조금,2021,사천시
화물(초소형),디피코,포트로-탑S,600,350.0,950.0,2021년도 전기자동차 사천시 모델별 보조금,2021,사천시
화물(초소형),디피코,포트로-픽업S,600,350.0,950.0,2021년도 전기자동차 사천시 모델별 보조금,2021,사천시
화물(경형),파워프라자,라보ev PEACE,1100,600.0,1700.0,2021년도 전기자동차 사천시 모델별 보조금,2021,사천시
화물(소형),제인모터스,제인모터스칼마토EV1톤내장탑차,1600,600.0,2200.0,2021년도 전기자동차 사천시 모델별 보조금,2021,사천시
화물(소형),파워프라자,봉고3ev PEACE,1600,600.0,2200.0,2021년도 전기자동차 사천시 모델별 보조금,2021,사천시
화물(소형),파워프라자,봉고3ev PEACE 더블캡,1600,600.0,2200.0,2021년도 전기자동차 사천시 모델별 보조금,2021,사천시
화물(소형),현대자동차,포터Ⅱ 일렉트릭 특장차,1600,600.0,2200.0,2021년도 전기자동차 사천시 모델별 보조금,2021,사천시
화물(소형),현대자동차,포터Ⅱ 일렉트릭 파워게이트,1600,600.0,2200.0,2021년도 전기자동차 사천시 모델별 보조금,2021,사천시
화물(소형),현대자동차,포터Ⅱ 일렉트릭 내장탑차,1600,600.0,2200.0,2021년도 전기자동차 사천시 모델별 보조금,2021,사천시
화물(소형),현대자동차,포터Ⅱ 일렉트릭 내장탑저상,1600,600.0,2200.0,2021년도 전기자동차 사천시 모델별 보조금,2021,사천시
화물(소형),현대자동차,포터Ⅱ 일렉트릭 내장탑하이,1600,600.0,2200.0,2021년도 전기자동차 사천시 모델별 보조금,2021,사천시
화물(소형),현대자동차,포터Ⅱ 일렉트릭 냉동탑저상,1600,600.0,2200.0,2021년도 전기자동차 사천시 모델별 보조금,2021,사천시
화물(소형),현대자동차,포터Ⅱ 일렉트릭(24MY),1600,600.0,2200.0,2021년도 전기자동차 사천시 모델별 보조금,2021,사천시
화물(소형),기아,봉고 전기차,1600,600.0,2200.0,2021년도 전기자동차 사천시 모델별 보조금,2021,사천시
화물(소형),기아,봉고Ⅲ 전기차 특장차,1600,600.0,2200.0,2021년도 전기자동차 사천시 모델별 보조금,2021,사천시
화물(소형),기아,봉고Ⅲ 전기차 파워게이트 2단 알루미늄,1600,600.0,2200.0,2021년도 전기자동차 사천시 모델별 보조금,2021,사천시
화물(소형),기아,봉고Ⅲ 전기차 내장차,1600,600.0,2200.0,2021년도 전기자동차 사천시 모델별 보조금,2021,사천시
화물(소형),기아,봉고Ⅲ 전기차 저상 내장차,1600,600.0,2200.0,2021년도 전기자동차 사천시 모델별 보조금,2021,사천시
화물(소형),기아,봉고Ⅲ 전기차 플러스 내장차,1600,600.0,2200.0,2021년도 전기자동차 사천시 모델별 보조금,2021,사천시
화물(소형),일진정공,일진무시동전기냉동탑차(149.9km),2100,600.0,2700.0,2021년도 전기자동차 사천시 모델별 보조금,2021,사천시
화물(소형),일진정공,일진무시동전기냉동탑차(186.1km),2100,600.0,2700.0,2021년도 전기자동차 사천시 모델별 보조금,2021,사천시
화물(소형),코리아에어카고에이전시,LSEV,1600,600.0,2200.0,2021년도 전기자동차 사천시 모델별 보조금,2021,사천시
화물(소형),루트17,다니고밴,1600,600.0,2200.0,2021년도 전기자동차 사천시 모델별 보조금,2021,사천시
화물(소형),케이지모빌리티커머셜,SMART T1.0,1600,600.0,2200.0,2021년도 전기자동차 사천시 모델별 보조금,2021,사천시
화물(소형),한신자동차,플러스,1600,600.0,2200.0,2021년도 전기자동차 사천시 모델별 보조금,2021,사천시
화물(소형),한신자동차,플러스2.0,1600,600.0,2200.0,2021년도 전기자동차 사천시 모델별 보조금,2021,사천시
화물(소형),비바모빌리티,(단종)비바,1600,600.0,2200.0,2021년도 전기자동차 사천시 모델별 보조금,2021,사천시
화물(소형),비바모빌리티,젤라,1600,600.0,2200.0,2021년도 전기자동차 사천시 모델별 보조금,2021,사천시
화물(초소형),스마트솔루션즈,D2C,600,400.0,1000.0,2021년도 전기자동차 김해시 모델별 보조금,2021,김해시
화물(초소형),스마트솔루션즈,D2P,600,400.0,1000.0,2021년도 전기자동차 김해시 모델별 보조금,2021,김해시
화물(초소형),루트17,다니고3,600,400.0,1000.0,2021년도 전기자동차 김해시 모델별 보조금,2021,김해시
화물(초소형),루트17,다니고3 픽업,600,400.0,1000.0,2021년도 전기자동차 김해시 모델별 보조금,2021,김해시
화물(초소형),마스타전기차,MASTA VAN,600,400.0,1000.0,2021년도 전기자동차 김해시 모델별 보조금,2021,김해시
화물(초소형),마스타전기차,MASTA HIM,600,400.0,1000.0,2021년도 전기자동차 김해시 모델별 보조금,2021,김해시
화물(초소형),디피코,(단종)포트로,600,400.0,1000.0,2021년도 전기자동차 김해시 모델별 보조금,2021,김해시
화물(초소형),디피코,포트로-탑,600,400.0,1000.0,2021년도 전기자동차 김해시 모델별 보조금,2021,김해시
화물(초소형),디피코,포트로-픽업,600,400.0,1000.0,2021년도 전기자동차 김해시 모델별 보조금,2021,김해시
화물(초소형),디피코,포트로-탑S,600,400.0,1000.0,2021년도 전기자동차 김해시 모델별 보조금,2021,김해시
화물(초소형),디피코,포트로-픽업S,600,400.0,1000.0,2021년도 전기자동차 김해시 모델별 보조금,2021,김해시
화물(경형),파워프라자,라보ev PEACE,1100,600.0,1700.0,2021년도 전기자동차 김해시 모델별 보조금,2021,김해시
화물(소형),제인모터스,제인모터스칼마토EV1톤내장탑차,1600,600.0,2200.0,2021년도 전기자동차 김해시 모델별 보조금,2021,김해시
화물(소형),파워프라자,봉고3ev PEACE,1600,600.0,2200.0,2021년도 전기자동차 김해시 모델별 보조금,2021,김해시
화물(소형),파워프라자,봉고3ev PEACE 더블캡,1600,600.0,2200.0,2021년도 전기자동차 김해시 모델별 보조금,2021,김해시
화물(소형),현대자동차,포터Ⅱ 일렉트릭 특장차,1600,600.0,2200.0,2021년도 전기자동차 김해시 모델별 보조금,2021,김해시
화물(소형),현대자동차,포터Ⅱ 일렉트릭 파워게이트,1600,600.0,2200.0,2021년도 전기자동차 김해시 모델별 보조금,2021,김해시
화물(소형),현대자동차,포터Ⅱ 일렉트릭 내장탑차,1600,600.0,2200.0,2021년도 전기자동차 김해시 모델별 보조금,2021,김해시
화물(소형),현대자동차,포터Ⅱ 일렉트릭 내장탑저상,1600,600.0,2200.0,2021년도 전기자동차 김해시 모델별 보조금,2021,김해시
화물(소형),현대자동차,포터Ⅱ 일렉트릭 내장탑하이,1600,600.0,2200.0,2021년도 전기자동차 김해시 모델별 보조금,2021,김해시
화물(소형),현대자동차,포터Ⅱ 일렉트릭 냉동탑저상,1600,600.0,2200.0,2021년도 전기자동차 김해시 모델별 보조금,2021,김해시
화물(소형),현대자동차,포터Ⅱ 일렉트릭(24MY),1600,600.0,2200.0,2021년도 전기자동차 김해시 모델별 보조금,2021,김해시
화물(소형),기아,봉고 전기차,1600,600.0,2200.0,2021년도 전기자동차 김해시 모델별 보조금,2021,김해시
화물(소형),기아,봉고Ⅲ 전기차 특장차,1600,600.0,2200.0,2021년도 전기자동차 김해시 모델별 보조금,2021,김해시
화물(소형),기아,봉고Ⅲ 전기차 파워게이트 2단 알루미늄,1600,600.0,2200.0,2021년도 전기자동차 김해시 모델별 보조금,2021,김해시
화물(소형),기아,봉고Ⅲ 전기차 내장차,1600,600.0,2200.0,2021년도 전기자동차 김해시 모델별 보조금,2021,김해시
화물(소형),기아,봉고Ⅲ 전기차 저상 내장차,1600,600.0,2200.0,2021년도 전기자동차 김해시 모델별 보조금,2021,김해시
화물(소형),기아,봉고Ⅲ 전기차 플러스 내장차,1600,600.0,2200.0,2021년도 전기자동차 김해시 모델별 보조금,2021,김해시
화물(소형),일진정공,일진무시동전기냉동탑차(149.9km),2100,600.0,2700.0,2021년도 전기자동차 김해시 모델별 보조금,2021,김해시
화물(소형),일진정공,일진무시동전기냉동탑차(186.1km),2100,600.0,2700.0,2021년도 전기자동차 김해시 모델별 보조금,2021,김해시
화물(소형),코리아에어카고에이전시,LSEV,1600,600.0,2200.0,2021년도 전기자동차 김해시 모델별 보조금,2021,김해시
화물(소형),루트17,다니고밴,1600,600.0,2200.0,2021년도 전기자동차 김해시 모델별 보조금,2021,김해시
화물(소형),케이지모빌리티커머셜,SMART T1.0,1600,600.0,2200.0,2021년도 전기자동차 김해시 모델별 보조금,2021,김해시
화물(소형),한신자동차,플러스,1600,600.0,2200.0,2021년도 전기자동차 김해시 모델별 보조금,2021,김해시
화물(소형),한신자동차,플러스2.0,1600,600.0,2200.0,2021년도 전기자동차 김해시 모델별 보조금,2021,김해시
화물(소형),비바모빌리티,(단종)비바,1600,600.0,2200.0,2021년도 전기자동차 김해시 모델별 보조금,2021,김해시
화물(소형),비바모빌리티,젤라,1600,600.0,2200.0,2021년도 전기자동차 김해시 모델별 보조금,2021,김해시
화물(초소형),스마트솔루션즈,D2C,600,400.0,1000.0,2021년도 전기자동차 밀양시 모델별 보조금,2021,밀양시
화물(초소형),스마트솔루션즈,D2P,600,400.0,1000.0,2021년도 전기자동차 밀양시 모델별 보조금,2021,밀양시
화물(초소형),루트17,다니고3,600,400.0,1000.0,2021년도 전기자동차 밀양시 모델별 보조금,2021,밀양시
화물(초소형),루트17,다니고3 픽업,600,400.0,1000.0,2021년도 전기자동차 밀양시 모델별 보조금,2021,밀양시
화물(초소형),마스타전기차,MASTA VAN,600,400.0,1000.0,2021년도 전기자동차 밀양시 모델별 보조금,2021,밀양시
화물(초소형),마스타전기차,MASTA HIM,600,400.0,1000.0,2021년도 전기자동차 밀양시 모델별 보조금,2021,밀양시
화물(초소형),디피코,(단종)포트로,600,400.0,1000.0,2021년도 전기자동차 밀양시 모델별 보조금,2021,밀양시
화물(초소형),디피코,포트로-탑,600,400.0,1000.0,2021년도 전기자동차 밀양시 모델별 보조금,2021,밀양시
화물(초소형),디피코,포트로-픽업,600,400.0,1000.0,2021년도 전기자동차 밀양시 모델별 보조금,2021,밀양시
화물(초소형),디피코,포트로-탑S,600,400.0,1000.0,2021년도 전기자동차 밀양시 모델별 보조금,2021,밀양시
화물(초소형),디피코,포트로-픽업S,600,400.0,1000.0,2021년도 전기자동차 밀양시 모델별 보조금,2021,밀양시
화물(경형),파워프라자,라보ev PEACE,1100,600.0,1700.0,2021년도 전기자동차 밀양시 모델별 보조금,2021,밀양시
화물(소형),제인모터스,제인모터스칼마토EV1톤내장탑차,1600,600.0,2200.0,2021년도 전기자동차 밀양시 모델별 보조금,2021,밀양시
화물(소형),파워프라자,봉고3ev PEACE,1600,600.0,2200.0,2021년도 전기자동차 밀양시 모델별 보조금,2021,밀양시
화물(소형),파워프라자,봉고3ev PEACE 더블캡,1600,600.0,2200.0,2021년도 전기자동차 밀양시 모델별 보조금,2021,밀양시
화물(소형),현대자동차,포터Ⅱ 일렉트릭 특장차,1600,600.0,2200.0,2021년도 전기자동차 밀양시 모델별 보조금,2021,밀양시
화물(소형),현대자동차,포터Ⅱ 일렉트릭 파워게이트,1600,600.0,2200.0,2021년도 전기자동차 밀양시 모델별 보조금,2021,밀양시
화물(소형),현대자동차,포터Ⅱ 일렉트릭 내장탑차,1600,600.0,2200.0,2021년도 전기자동차 밀양시 모델별 보조금,2021,밀양시
화물(소형),현대자동차,포터Ⅱ 일렉트릭 내장탑저상,1600,600.0,2200.0,2021년도 전기자동차 밀양시 모델별 보조금,2021,밀양시
화물(소형),현대자동차,포터Ⅱ 일렉트릭 내장탑하이,1600,600.0,2200.0,2021년도 전기자동차 밀양시 모델별 보조금,2021,밀양시
화물(소형),현대자동차,포터Ⅱ 일렉트릭 냉동탑저상,1600,600.0,2200.0,2021년도 전기자동차 밀양시 모델별 보조금,2021,밀양시
화물(소형),현대자동차,포터Ⅱ 일렉트릭(24MY),1600,600.0,2200.0,2021년도 전기자동차 밀양시 모델별 보조금,2021,밀양시
화물(소형),기아,봉고 전기차,1600,600.0,2200.0,2021년도 전기자동차 밀양시 모델별 보조금,2021,밀양시
화물(소형),기아,봉고Ⅲ 전기차 특장차,1600,600.0,2200.0,2021년도 전기자동차 밀양시 모델별 보조금,2021,밀양시
화물(소형),기아,봉고Ⅲ 전기차 파워게이트 2단 알루미늄,1600,600.0,2200.0,2021년도 전기자동차 밀양시 모델별 보조금,2021,밀양시
화물(소형),기아,봉고Ⅲ 전기차 내장차,1600,600.0,2200.0,2021년도 전기자동차 밀양시 모델별 보조금,2021,밀양시
화물(소형),기아,봉고Ⅲ 전기차 저상 내장차,1600,600.0,2200.0,2021년도 전기자동차 밀양시 모델별 보조금,2021,밀양시
화물(소형),기아,봉고Ⅲ 전기차 플러스 내장차,1600,600.0,2200.0,2021년도 전기자동차 밀양시 모델별 보조금,2021,밀양시
화물(소형),일진정공,일진무시동전기냉동탑차(149.9km),2100,600.0,2700.0,2021년도 전기자동차 밀양시 모델별 보조금,2021,밀양시
화물(소형),일진정공,일진무시동전기냉동탑차(186.1km),2100,600.0,2700.0,2021년도 전기자동차 밀양시 모델별 보조금,2021,밀양시
화물(소형),코리아에어카고에이전시,LSEV,1600,600.0,2200.0,2021년도 전기자동차 밀양시 모델별 보조금,2021,밀양시
화물(소형),루트17,다니고밴,1600,600.0,2200.0,2021년도 전기자동차 밀양시 모델별 보조금,2021,밀양시
화물(소형),케이지모빌리티커머셜,SMART T1.0,1600,600.0,2200.0,2021년도 전기자동차 밀양시 모델별 보조금,2021,밀양시
화물(소형),한신자동차,플러스,1600,600.0,2200.0,2021년도 전기자동차 밀양시 모델별 보조금,2021,밀양시
화물(소형),한신자동차,플러스2.0,1600,600.0,2200.0,2021년도 전기자동차 밀양시 모델별 보조금,2021,밀양시
화물(소형),비바모빌리티,(단종)비바,1600,600.0,2200.0,2021년도 전기자동차 밀양시 모델별 보조금,2021,밀양시
화물(소형),비바모빌리티,젤라,1600,600.0,2200.0,2021년도 전기자동차 밀양시 모델별 보조금,2021,밀양시
화물(초소형),스마트솔루션즈,D2C,600,400.0,1000.0,2021년도 전기자동차 거제시 모델별 보조금,2021,거제시
화물(초소형),스마트솔루션즈,D2P,600,400.0,1000.0,2021년도 전기자동차 거제시 모델별 보조금,2021,거제시
화물(초소형),루트17,다니고3,600,400.0,1000.0,2021년도 전기자동차 거제시 모델별 보조금,2021,거제시
화물(초소형),루트17,다니고3 픽업,600,400.0,1000.0,2021년도 전기자동차 거제시 모델별 보조금,2021,거제시
화물(초소형),마스타전기차,MASTA VAN,600,400.0,1000.0,2021년도 전기자동차 거제시 모델별 보조금,2021,거제시
화물(초소형),마스타전기차,MASTA HIM,600,400.0,1000.0,2021년도 전기자동차 거제시 모델별 보조금,2021,거제시
화물(초소형),디피코,(단종)포트로,600,400.0,1000.0,2021년도 전기자동차 거제시 모델별 보조금,2021,거제시
화물(초소형),디피코,포트로-탑,600,400.0,1000.0,2021년도 전기자동차 거제시 모델별 보조금,2021,거제시
화물(초소형),디피코,포트로-픽업,600,400.0,1000.0,2021년도 전기자동차 거제시 모델별 보조금,2021,거제시
화물(초소형),디피코,포트로-탑S,600,400.0,1000.0,2021년도 전기자동차 거제시 모델별 보조금,2021,거제시
화물(초소형),디피코,포트로-픽업S,600,400.0,1000.0,2021년도 전기자동차 거제시 모델별 보조금,2021,거제시
화물(경형),파워프라자,라보ev PEACE,1100,600.0,1700.0,2021년도 전기자동차 거제시 모델별 보조금,2021,거제시
화물(소형),제인모터스,제인모터스칼마토EV1톤내장탑차,1600,600.0,2200.0,2021년도 전기자동차 거제시 모델별 보조금,2021,거제시
화물(소형),파워프라자,봉고3ev PEACE,1600,600.0,2200.0,2021년도 전기자동차 거제시 모델별 보조금,2021,거제시
화물(소형),파워프라자,봉고3ev PEACE 더블캡,1600,600.0,2200.0,2021년도 전기자동차 거제시 모델별 보조금,2021,거제시
화물(소형),현대자동차,포터Ⅱ 일렉트릭 특장차,1600,600.0,2200.0,2021년도 전기자동차 거제시 모델별 보조금,2021,거제시
화물(소형),현대자동차,포터Ⅱ 일렉트릭 파워게이트,1600,600.0,2200.0,2021년도 전기자동차 거제시 모델별 보조금,2021,거제시
화물(소형),현대자동차,포터Ⅱ 일렉트릭 내장탑차,1600,600.0,2200.0,2021년도 전기자동차 거제시 모델별 보조금,2021,거제시
화물(소형),현대자동차,포터Ⅱ 일렉트릭 내장탑저상,1600,600.0,2200.0,2021년도 전기자동차 거제시 모델별 보조금,2021,거제시
화물(소형),현대자동차,포터Ⅱ 일렉트릭 내장탑하이,1600,600.0,2200.0,2021년도 전기자동차 거제시 모델별 보조금,2021,거제시
화물(소형),현대자동차,포터Ⅱ 일렉트릭 냉동탑저상,1600,600.0,2200.0,2021년도 전기자동차 거제시 모델별 보조금,2021,거제시
화물(소형),현대자동차,포터Ⅱ 일렉트릭(24MY),1600,600.0,2200.0,2021년도 전기자동차 거제시 모델별 보조금,2021,거제시
화물(소형),기아,봉고 전기차,1600,600.0,2200.0,2021년도 전기자동차 거제시 모델별 보조금,2021,거제시
화물(소형),기아,봉고Ⅲ 전기차 특장차,1600,600.0,2200.0,2021년도 전기자동차 거제시 모델별 보조금,2021,거제시
화물(소형),기아,봉고Ⅲ 전기차 파워게이트 2단 알루미늄,1600,600.0,2200.0,2021년도 전기자동차 거제시 모델별 보조금,2021,거제시
화물(소형),기아,봉고Ⅲ 전기차 내장차,1600,600.0,2200.0,2021년도 전기자동차 거제시 모델별 보조금,2021,거제시
화물(소형),기아,봉고Ⅲ 전기차 저상 내장차,1600,600.0,2200.0,2021년도 전기자동차 거제시 모델별 보조금,2021,거제시
화물(소형),기아,봉고Ⅲ 전기차 플러스 내장차,1600,600.0,2200.0,2021년도 전기자동차 거제시 모델별 보조금,2021,거제시
화물(소형),일진정공,일진무시동전기냉동탑차(149.9km),2100,600.0,2700.0,2021년도 전기자동차 거제시 모델별 보조금,2021,거제시
화물(소형),일진정공,일진무시동전기냉동탑차(186.1km),2100,600.0,2700.0,2021년도 전기자동차 거제시 모델별 보조금,2021,거제시
화물(소형),코리아에어카고에이전시,LSEV,1600,600.0,2200.0,2021년도 전기자동차 거제시 모델별 보조금,2021,거제시
화물(소형),루트17,다니고밴,1600,600.0,2200.0,2021년도 전기자동차 거제시 모델별 보조금,2021,거제시
화물(소형),케이지모빌리티커머셜,SMART T1.0,1600,600.0,2200.0,2021년도 전기자동차 거제시 모델별 보조금,2021,거제시
화물(소형),한신자동차,플러스,1600,600.0,2200.0,2021년도 전기자동차 거제시 모델별 보조금,2021,거제시
화물(소형),한신자동차,플러스2.0,1600,600.0,2200.0,2021년도 전기자동차 거제시 모델별 보조금,2021,거제시
화물(소형),비바모빌리티,(단종)비바,1600,600.0,2200.0,2021년도 전기자동차 거제시 모델별 보조금,2021,거제시
화물(소형),비바모빌리티,젤라,1600,600.0,2200.0,2021년도 전기자동차 거제시 모델별 보조금,2021,거제시
화물(초소형),스마트솔루션즈,D2C,600,500.0,1100.0,2021년도 전기자동차 양산시 모델별 보조금,2021,양산시
화물(초소형),스마트솔루션즈,D2P,600,500.0,1100.0,2021년도 전기자동차 양산시 모델별 보조금,2021,양산시
화물(초소형),루트17,다니고3,600,500.0,1100.0,2021년도 전기자동차 양산시 모델별 보조금,2021,양산시
화물(초소형),루트17,다니고3 픽업,600,500.0,1100.0,2021년도 전기자동차 양산시 모델별 보조금,2021,양산시
화물(초소형),마스타전기차,MASTA VAN,600,500.0,1100.0,2021년도 전기자동차 양산시 모델별 보조금,2021,양산시
화물(초소형),마스타전기차,MASTA HIM,600,500.0,1100.0,2021년도 전기자동차 양산시 모델별 보조금,2021,양산시
화물(초소형),디피코,(단종)포트로,600,500.0,1100.0,2021년도 전기자동차 양산시 모델별 보조금,2021,양산시
화물(초소형),디피코,포트로-탑,600,500.0,1100.0,2021년도 전기자동차 양산시 모델별 보조금,2021,양산시
화물(초소형),디피코,포트로-픽업,600,500.0,1100.0,2021년도 전기자동차 양산시 모델별 보조금,2021,양산시
화물(초소형),디피코,포트로-탑S,600,500.0,1100.0,2021년도 전기자동차 양산시 모델별 보조금,2021,양산시
화물(초소형),디피코,포트로-픽업S,600,500.0,1100.0,2021년도 전기자동차 양산시 모델별 보조금,2021,양산시
화물(경형),파워프라자,라보ev PEACE,1100,700.0,1800.0,2021년도 전기자동차 양산시 모델별 보조금,2021,양산시
화물(소형),제인모터스,제인모터스칼마토EV1톤내장탑차,1600,700.0,2300.0,2021년도 전기자동차 양산시 모델별 보조금,2021,양산시
화물(소형),파워프라자,봉고3ev PEACE,1600,700.0,2300.0,2021년도 전기자동차 양산시 모델별 보조금,2021,양산시
화물(소형),파워프라자,봉고3ev PEACE 더블캡,1600,700.0,2300.0,2021년도 전기자동차 양산시 모델별 보조금,2021,양산시
화물(소형),현대자동차,포터Ⅱ 일렉트릭 특장차,1600,700.0,2300.0,2021년도 전기자동차 양산시 모델별 보조금,2021,양산시
화물(소형),현대자동차,포터Ⅱ 일렉트릭 파워게이트,1600,700.0,2300.0,2021년도 전기자동차 양산시 모델별 보조금,2021,양산시
화물(소형),현대자동차,포터Ⅱ 일렉트릭 내장탑차,1600,700.0,2300.0,2021년도 전기자동차 양산시 모델별 보조금,2021,양산시
화물(소형),현대자동차,포터Ⅱ 일렉트릭 내장탑저상,1600,700.0,2300.0,2021년도 전기자동차 양산시 모델별 보조금,2021,양산시
화물(소형),현대자동차,포터Ⅱ 일렉트릭 내장탑하이,1600,700.0,2300.0,2021년도 전기자동차 양산시 모델별 보조금,2021,양산시
화물(소형),현대자동차,포터Ⅱ 일렉트릭 냉동탑저상,1600,700.0,2300.0,2021년도 전기자동차 양산시 모델별 보조금,2021,양산시
화물(소형),현대자동차,포터Ⅱ 일렉트릭(24MY),1600,700.0,2300.0,2021년도 전기자동차 양산시 모델별 보조금,2021,양산시
화물(소형),기아,봉고 전기차,1600,700.0,2300.0,2021년도 전기자동차 양산시 모델별 보조금,2021,양산시
화물(소형),기아,봉고Ⅲ 전기차 특장차,1600,700.0,2300.0,2021년도 전기자동차 양산시 모델별 보조금,2021,양산시
화물(소형),기아,봉고Ⅲ 전기차 파워게이트 2단 알루미늄,1600,700.0,2300.0,2021년도 전기자동차 양산시 모델별 보조금,2021,양산시
화물(소형),기아,봉고Ⅲ 전기차 내장차,1600,700.0,2300.0,2021년도 전기자동차 양산시 모델별 보조금,2021,양산시
화물(소형),기아,봉고Ⅲ 전기차 저상 내장차,1600,700.0,2300.0,2021년도 전기자동차 양산시 모델별 보조금,2021,양산시
화물(소형),기아,봉고Ⅲ 전기차 플러스 내장차,1600,700.0,2300.0,2021년도 전기자동차 양산시 모델별 보조금,2021,양산시
화물(소형),일진정공,일진무시동전기냉동탑차(149.9km),2100,700.0,2800.0,2021년도 전기자동차 양산시 모델별 보조금,2021,양산시
화물(소형),일진정공,일진무시동전기냉동탑차(186.1km),2100,700.0,2800.0,2021년도 전기자동차 양산시 모델별 보조금,2021,양산시
화물(소형),코리아에어카고에이전시,LSEV,1600,700.0,2300.0,2021년도 전기자동차 양산시 모델별 보조금,2021,양산시
화물(소형),루트17,다니고밴,1600,700.0,2300.0,2021년도 전기자동차 양산시 모델별 보조금,2021,양산시
화물(소형),케이지모빌리티커머셜,SMART T1.0,1600,700.0,2300.0,2021년도 전기자동차 양산시 모델별 보조금,2021,양산시
화물(소형),한신자동차,플러스,1600,700.0,2300.0,2021년도 전기자동차 양산시 모델별 보조금,2021,양산시
화물(소형),한신자동차,플러스2.0,1600,700.0,2300.0,2021년도 전기자동차 양산시 모델별 보조금,2021,양산시
화물(소형),비바모빌리티,(단종)비바,1600,700.0,2300.0,2021년도 전기자동차 양산시 모델별 보조금,2021,양산시
화물(소형),비바모빌리티,젤라,1600,700.0,2300.0,2021년도 전기자동차 양산시 모델별 보조금,2021,양산시
화물(초소형),스마트솔루션즈,D2C,600,400.0,1000.0,2021년도 전기자동차 의령군 모델별 보조금,2021,의령군
화물(초소형),스마트솔루션즈,D2P,600,400.0,1000.0,2021년도 전기자동차 의령군 모델별 보조금,2021,의령군
화물(초소형),루트17,다니고3,600,400.0,1000.0,2021년도 전기자동차 의령군 모델별 보조금,2021,의령군
화물(초소형),루트17,다니고3 픽업,600,400.0,1000.0,2021년도 전기자동차 의령군 모델별 보조금,2021,의령군
화물(초소형),마스타전기차,MASTA VAN,600,400.0,1000.0,2021년도 전기자동차 의령군 모델별 보조금,2021,의령군
화물(초소형),마스타전기차,MASTA HIM,600,400.0,1000.0,2021년도 전기자동차 의령군 모델별 보조금,2021,의령군
화물(초소형),디피코,(단종)포트로,600,400.0,1000.0,2021년도 전기자동차 의령군 모델별 보조금,2021,의령군
화물(초소형),디피코,포트로-탑,600,400.0,1000.0,2021년도 전기자동차 의령군 모델별 보조금,2021,의령군
화물(초소형),디피코,포트로-픽업,600,400.0,1000.0,2021년도 전기자동차 의령군 모델별 보조금,2021,의령군
화물(초소형),디피코,포트로-탑S,600,400.0,1000.0,2021년도 전기자동차 의령군 모델별 보조금,2021,의령군
화물(초소형),디피코,포트로-픽업S,600,400.0,1000.0,2021년도 전기자동차 의령군 모델별 보조금,2021,의령군
화물(경형),파워프라자,라보ev PEACE,1100,600.0,1700.0,2021년도 전기자동차 의령군 모델별 보조금,2021,의령군
화물(소형),제인모터스,제인모터스칼마토EV1톤내장탑차,1600,600.0,2200.0,2021년도 전기자동차 의령군 모델별 보조금,2021,의령군
화물(소형),파워프라자,봉고3ev PEACE,1600,600.0,2200.0,2021년도 전기자동차 의령군 모델별 보조금,2021,의령군
화물(소형),파워프라자,봉고3ev PEACE 더블캡,1600,600.0,2200.0,2021년도 전기자동차 의령군 모델별 보조금,2021,의령군
화물(소형),현대자동차,포터Ⅱ 일렉트릭 특장차,1600,600.0,2200.0,2021년도 전기자동차 의령군 모델별 보조금,2021,의령군
화물(소형),현대자동차,포터Ⅱ 일렉트릭 파워게이트,1600,600.0,2200.0,2021년도 전기자동차 의령군 모델별 보조금,2021,의령군
화물(소형),현대자동차,포터Ⅱ 일렉트릭 내장탑차,1600,600.0,2200.0,2021년도 전기자동차 의령군 모델별 보조금,2021,의령군
화물(소형),현대자동차,포터Ⅱ 일렉트릭 내장탑저상,1600,600.0,2200.0,2021년도 전기자동차 의령군 모델별 보조금,2021,의령군
화물(소형),현대자동차,포터Ⅱ 일렉트릭 내장탑하이,1600,600.0,2200.0,2021년도 전기자동차 의령군 모델별 보조금,2021,의령군
화물(소형),현대자동차,포터Ⅱ 일렉트릭 냉동탑저상,1600,600.0,2200.0,2021년도 전기자동차 의령군 모델별 보조금,2021,의령군
화물(소형),현대자동차,포터Ⅱ 일렉트릭(24MY),1600,600.0,2200.0,2021년도 전기자동차 의령군 모델별 보조금,2021,의령군
화물(소형),기아,봉고 전기차,1600,600.0,2200.0,2021년도 전기자동차 의령군 모델별 보조금,2021,의령군
화물(소형),기아,봉고Ⅲ 전기차 특장차,1600,600.0,2200.0,2021년도 전기자동차 의령군 모델별 보조금,2021,의령군
화물(소형),기아,봉고Ⅲ 전기차 파워게이트 2단 알루미늄,1600,600.0,2200.0,2021년도 전기자동차 의령군 모델별 보조금,2021,의령군
화물(소형),기아,봉고Ⅲ 전기차 내장차,1600,600.0,2200.0,2021년도 전기자동차 의령군 모델별 보조금,2021,의령군
화물(소형),기아,봉고Ⅲ 전기차 저상 내장차,1600,600.0,2200.0,2021년도 전기자동차 의령군 모델별 보조금,2021,의령군
화물(소형),기아,봉고Ⅲ 전기차 플러스 내장차,1600,600.0,2200.0,2021년도 전기자동차 의령군 모델별 보조금,2021,의령군
화물(소형),일진정공,일진무시동전기냉동탑차(149.9km),2100,600.0,2700.0,2021년도 전기자동차 의령군 모델별 보조금,2021,의령군
화물(소형),일진정공,일진무시동전기냉동탑차(186.1km),2100,600.0,2700.0,2021년도 전기자동차 의령군 모델별 보조금,2021,의령군
화물(소형),코리아에어카고에이전시,LSEV,1600,600.0,2200.0,2021년도 전기자동차 의령군 모델별 보조금,2021,의령군
화물(소형),루트17,다니고밴,1600,600.0,2200.0,2021년도 전기자동차 의령군 모델별 보조금,2021,의령군
화물(소형),케이지모빌리티커머셜,SMART T1.0,1600,600.0,2200.0,2021년도 전기자동차 의령군 모델별 보조금,2021,의령군
화물(소형),한신자동차,플러스,1600,600.0,2200.0,2021년도 전기자동차 의령군 모델별 보조금,2021,의령군
화물(소형),한신자동차,플러스2.0,1600,600.0,2200.0,2021년도 전기자동차 의령군 모델별 보조금,2021,의령군
화물(소형),비바모빌리티,(단종)비바,1600,600.0,2200.0,2021년도 전기자동차 의령군 모델별 보조금,2021,의령군
화물(소형),비바모빌리티,젤라,1600,600.0,2200.0,2021년도 전기자동차 의령군 모델별 보조금,2021,의령군
화물(초소형),스마트솔루션즈,D2C,600,500.0,1100.0,2021년도 전기자동차 함안군 모델별 보조금,2021,함안군
화물(초소형),스마트솔루션즈,D2P,600,500.0,1100.0,2021년도 전기자동차 함안군 모델별 보조금,2021,함안군
화물(초소형),루트17,다니고3,600,500.0,1100.0,2021년도 전기자동차 함안군 모델별 보조금,2021,함안군
화물(초소형),루트17,다니고3 픽업,600,500.0,1100.0,2021년도 전기자동차 함안군 모델별 보조금,2021,함안군
화물(초소형),마스타전기차,MASTA VAN,600,500.0,1100.0,2021년도 전기자동차 함안군 모델별 보조금,2021,함안군
화물(초소형),마스타전기차,MASTA HIM,600,500.0,1100.0,2021년도 전기자동차 함안군 모델별 보조금,2021,함안군
화물(초소형),디피코,(단종)포트로,600,500.0,1100.0,2021년도 전기자동차 함안군 모델별 보조금,2021,함안군
화물(초소형),디피코,포트로-탑,600,500.0,1100.0,2021년도 전기자동차 함안군 모델별 보조금,2021,함안군
화물(초소형),디피코,포트로-픽업,600,500.0,1100.0,2021년도 전기자동차 함안군 모델별 보조금,2021,함안군
화물(초소형),디피코,포트로-탑S,600,500.0,1100.0,2021년도 전기자동차 함안군 모델별 보조금,2021,함안군
화물(초소형),디피코,포트로-픽업S,600,500.0,1100.0,2021년도 전기자동차 함안군 모델별 보조금,2021,함안군
화물(경형),파워프라자,라보ev PEACE,1100,750.0,1850.0,2021년도 전기자동차 함안군 모델별 보조금,2021,함안군
화물(소형),제인모터스,제인모터스칼마토EV1톤내장탑차,1600,750.0,2350.0,2021년도 전기자동차 함안군 모델별 보조금,2021,함안군
화물(소형),파워프라자,봉고3ev PEACE,1600,750.0,2350.0,2021년도 전기자동차 함안군 모델별 보조금,2021,함안군
화물(소형),파워프라자,봉고3ev PEACE 더블캡,1600,750.0,2350.0,2021년도 전기자동차 함안군 모델별 보조금,2021,함안군
화물(소형),현대자동차,포터Ⅱ 일렉트릭 특장차,1600,750.0,2350.0,2021년도 전기자동차 함안군 모델별 보조금,2021,함안군
화물(소형),현대자동차,포터Ⅱ 일렉트릭 파워게이트,1600,750.0,2350.0,2021년도 전기자동차 함안군 모델별 보조금,2021,함안군
화물(소형),현대자동차,포터Ⅱ 일렉트릭 내장탑차,1600,750.0,2350.0,2021년도 전기자동차 함안군 모델별 보조금,2021,함안군
화물(소형),현대자동차,포터Ⅱ 일렉트릭 내장탑저상,1600,750.0,2350.0,2021년도 전기자동차 함안군 모델별 보조금,2021,함안군
화물(소형),현대자동차,포터Ⅱ 일렉트릭 내장탑하이,1600,750.0,2350.0,2021년도 전기자동차 함안군 모델별 보조금,2021,함안군
화물(소형),현대자동차,포터Ⅱ 일렉트릭 냉동탑저상,1600,750.0,2350.0,2021년도 전기자동차 함안군 모델별 보조금,2021,함안군
화물(소형),현대자동차,포터Ⅱ 일렉트릭(24MY),1600,750.0,2350.0,2021년도 전기자동차 함안군 모델별 보조금,2021,함안군
화물(소형),기아,봉고 전기차,1600,750.0,2350.0,2021년도 전기자동차 함안군 모델별 보조금,2021,함안군
화물(소형),기아,봉고Ⅲ 전기차 특장차,1600,750.0,2350.0,2021년도 전기자동차 함안군 모델별 보조금,2021,함안군
화물(소형),기아,봉고Ⅲ 전기차 파워게이트 2단 알루미늄,1600,750.0,2350.0,2021년도 전기자동차 함안군 모델별 보조금,2021,함안군
화물(소형),기아,봉고Ⅲ 전기차 내장차,1600,750.0,2350.0,2021년도 전기자동차 함안군 모델별 보조금,2021,함안군
화물(소형),기아,봉고Ⅲ 전기차 저상 내장차,1600,750.0,2350.0,2021년도 전기자동차 함안군 모델별 보조금,2021,함안군
화물(소형),기아,봉고Ⅲ 전기차 플러스 내장차,1600,750.0,2350.0,2021년도 전기자동차 함안군 모델별 보조금,2021,함안군
화물(소형),일진정공,일진무시동전기냉동탑차(149.9km),2100,750.0,2850.0,2021년도 전기자동차 함안군 모델별 보조금,2021,함안군
화물(소형),일진정공,일진무시동전기냉동탑차(186.1km),2100,750.0,2850.0,2021년도 전기자동차 함안군 모델별 보조금,2021,함안군
화물(소형),코리아에어카고에이전시,LSEV,1600,750.0,2350.0,2021년도 전기자동차 함안군 모델별 보조금,2021,함안군
화물(소형),루트17,다니고밴,1600,750.0,2350.0,2021년도 전기자동차 함안군 모델별 보조금,2021,함안군
화물(소형),케이지모빌리티커머셜,SMART T1.0,1600,750.0,2350.0,2021년도 전기자동차 함안군 모델별 보조금,2021,함안군
화물(소형),한신자동차,플러스,1600,750.0,2350.0,2021년도 전기자동차 함안군 모델별 보조금,2021,함안군
화물(소형),한신자동차,플러스2.0,1600,750.0,2350.0,2021년도 전기자동차 함안군 모델별 보조금,2021,함안군
화물(소형),비바모빌리티,(단종)비바,1600,750.0,2350.0,2021년도 전기자동차 함안군 모델별 보조금,2021,함안군
화물(소형),비바모빌리티,젤라,1600,750.0,2350.0,2021년도 전기자동차 함안군 모델별 보조금,2021,함안군
화물(초소형),스마트솔루션즈,D2C,600,550.0,1150.0,2021년도 전기자동차 창녕군 모델별 보조금,2021,창녕군
화물(초소형),스마트솔루션즈,D2P,600,550.0,1150.0,2021년도 전기자동차 창녕군 모델별 보조금,2021,창녕군
화물(초소형),루트17,다니고3,600,550.0,1150.0,2021년도 전기자동차 창녕군 모델별 보조금,2021,창녕군
화물(초소형),루트17,다니고3 픽업,600,550.0,1150.0,2021년도 전기자동차 창녕군 모델별 보조금,2021,창녕군
화물(초소형),마스타전기차,MASTA VAN,600,550.0,1150.0,2021년도 전기자동차 창녕군 모델별 보조금,2021,창녕군
화물(초소형),마스타전기차,MASTA HIM,600,550.0,1150.0,2021년도 전기자동차 창녕군 모델별 보조금,2021,창녕군
화물(초소형),디피코,(단종)포트로,600,550.0,1150.0,2021년도 전기자동차 창녕군 모델별 보조금,2021,창녕군
화물(초소형),디피코,포트로-탑,600,550.0,1150.0,2021년도 전기자동차 창녕군 모델별 보조금,2021,창녕군
화물(초소형),디피코,포트로-픽업,600,550.0,1150.0,2021년도 전기자동차 창녕군 모델별 보조금,2021,창녕군
화물(초소형),디피코,포트로-탑S,600,550.0,1150.0,2021년도 전기자동차 창녕군 모델별 보조금,2021,창녕군
화물(초소형),디피코,포트로-픽업S,600,550.0,1150.0,2021년도 전기자동차 창녕군 모델별 보조금,2021,창녕군
화물(경형),파워프라자,라보ev PEACE,1100,750.0,1850.0,2021년도 전기자동차 창녕군 모델별 보조금,2021,창녕군
화물(소형),제인모터스,제인모터스칼마토EV1톤내장탑차,1600,750.0,2350.0,2021년도 전기자동차 창녕군 모델별 보조금,2021,창녕군
화물(소형),파워프라자,봉고3ev PEACE,1600,750.0,2350.0,2021년도 전기자동차 창녕군 모델별 보조금,2021,창녕군
화물(소형),파워프라자,봉고3ev PEACE 더블캡,1600,750.0,2350.0,2021년도 전기자동차 창녕군 모델별 보조금,2021,창녕군
화물(소형),현대자동차,포터Ⅱ 일렉트릭 특장차,1600,750.0,2350.0,2021년도 전기자동차 창녕군 모델별 보조금,2021,창녕군
화물(소형),현대자동차,포터Ⅱ 일렉트릭 파워게이트,1600,750.0,2350.0,2021년도 전기자동차 창녕군 모델별 보조금,2021,창녕군
화물(소형),현대자동차,포터Ⅱ 일렉트릭 내장탑차,1600,750.0,2350.0,2021년도 전기자동차 창녕군 모델별 보조금,2021,창녕군
화물(소형),현대자동차,포터Ⅱ 일렉트릭 내장탑저상,1600,750.0,2350.0,2021년도 전기자동차 창녕군 모델별 보조금,2021,창녕군
화물(소형),현대자동차,포터Ⅱ 일렉트릭 내장탑하이,1600,750.0,2350.0,2021년도 전기자동차 창녕군 모델별 보조금,2021,창녕군
화물(소형),현대자동차,포터Ⅱ 일렉트릭 냉동탑저상,1600,750.0,2350.0,2021년도 전기자동차 창녕군 모델별 보조금,2021,창녕군
화물(소형),현대자동차,포터Ⅱ 일렉트릭(24MY),1600,750.0,2350.0,2021년도 전기자동차 창녕군 모델별 보조금,2021,창녕군
화물(소형),기아,봉고 전기차,1600,750.0,2350.0,2021년도 전기자동차 창녕군 모델별 보조금,2021,창녕군
화물(소형),기아,봉고Ⅲ 전기차 특장차,1600,750.0,2350.0,2021년도 전기자동차 창녕군 모델별 보조금,2021,창녕군
화물(소형),기아,봉고Ⅲ 전기차 파워게이트 2단 알루미늄,1600,750.0,2350.0,2021년도 전기자동차 창녕군 모델별 보조금,2021,창녕군
화물(소형),기아,봉고Ⅲ 전기차 내장차,1600,750.0,2350.0,2021년도 전기자동차 창녕군 모델별 보조금,2021,창녕군
화물(소형),기아,봉고Ⅲ 전기차 저상 내장차,1600,750.0,2350.0,2021년도 전기자동차 창녕군 모델별 보조금,2021,창녕군
화물(소형),기아,봉고Ⅲ 전기차 플러스 내장차,1600,750.0,2350.0,2021년도 전기자동차 창녕군 모델별 보조금,2021,창녕군
화물(소형),일진정공,일진무시동전기냉동탑차(149.9km),2100,750.0,2850.0,2021년도 전기자동차 창녕군 모델별 보조금,2021,창녕군
화물(소형),일진정공,일진무시동전기냉동탑차(186.1km),2100,750.0,2850.0,2021년도 전기자동차 창녕군 모델별 보조금,2021,창녕군
화물(소형),코리아에어카고에이전시,LSEV,1600,750.0,2350.0,2021년도 전기자동차 창녕군 모델별 보조금,2021,창녕군
화물(소형),루트17,다니고밴,1600,750.0,2350.0,2021년도 전기자동차 창녕군 모델별 보조금,2021,창녕군
화물(소형),케이지모빌리티커머셜,SMART T1.0,1600,750.0,2350.0,2021년도 전기자동차 창녕군 모델별 보조금,2021,창녕군
화물(소형),한신자동차,플러스,1600,750.0,2350.0,2021년도 전기자동차 창녕군 모델별 보조금,2021,창녕군
화물(소형),한신자동차,플러스2.0,1600,750.0,2350.0,2021년도 전기자동차 창녕군 모델별 보조금,2021,창녕군
화물(소형),비바모빌리티,(단종)비바,1600,750.0,2350.0,2021년도 전기자동차 창녕군 모델별 보조금,2021,창녕군
화물(소형),비바모빌리티,젤라,1600,750.0,2350.0,2021년도 전기자동차 창녕군 모델별 보조금,2021,창녕군
화물(초소형),스마트솔루션즈,D2C,600,538.0,1138.0,2021년도 전기자동차 고성군 모델별 보조금,2021,고성군
화물(초소형),스마트솔루션즈,D2P,600,0.0,600.0,2021년도 전기자동차 고성군 모델별 보조금,2021,고성군
화물(초소형),루트17,다니고3,600,538.0,1138.0,2021년도 전기자동차 고성군 모델별 보조금,2021,고성군
화물(초소형),루트17,다니고3 픽업,600,538.0,1138.0,2021년도 전기자동차 고성군 모델별 보조금,2021,고성군
화물(초소형),마스타전기차,MASTA VAN,600,538.0,1138.0,2021년도 전기자동차 고성군 모델별 보조금,2021,고성군
화물(초소형),마스타전기차,MASTA HIM,600,538.0,1138.0,2021년도 전기자동차 고성군 모델별 보조금,2021,고성군
화물(초소형),디피코,(단종)포트로,600,538.0,1138.0,2021년도 전기자동차 고성군 모델별 보조금,2021,고성군
화물(초소형),디피코,포트로-탑,600,538.0,1138.0,2021년도 전기자동차 고성군 모델별 보조금,2021,고성군
화물(초소형),디피코,포트로-픽업,600,538.0,1138.0,2021년도 전기자동차 고성군 모델별 보조금,2021,고성군
화물(초소형),디피코,포트로-탑S,600,538.0,1138.0,2021년도 전기자동차 고성군 모델별 보조금,2021,고성군
화물(초소형),디피코,포트로-픽업S,600,538.0,1138.0,2021년도 전기자동차 고성군 모델별 보조금,2021,고성군
화물(경형),파워프라자,라보ev PEACE,1100,750.0,1850.0,2021년도 전기자동차 고성군 모델별 보조금,2021,고성군
화물(소형),제인모터스,제인모터스칼마토EV1톤내장탑차,1600,750.0,2350.0,2021년도 전기자동차 고성군 모델별 보조금,2021,고성군
화물(소형),파워프라자,봉고3ev PEACE,1600,750.0,2350.0,2021년도 전기자동차 고성군 모델별 보조금,2021,고성군
화물(소형),파워프라자,봉고3ev PEACE 더블캡,1600,750.0,2350.0,2021년도 전기자동차 고성군 모델별 보조금,2021,고성군
화물(소형),현대자동차,포터Ⅱ 일렉트릭 특장차,1600,750.0,2350.0,2021년도 전기자동차 고성군 모델별 보조금,2021,고성군
화물(소형),현대자동차,포터Ⅱ 일렉트릭 파워게이트,1600,750.0,2350.0,2021년도 전기자동차 고성군 모델별 보조금,2021,고성군
화물(소형),현대자동차,포터Ⅱ 일렉트릭 내장탑차,1600,750.0,2350.0,2021년도 전기자동차 고성군 모델별 보조금,2021,고성군
화물(소형),현대자동차,포터Ⅱ 일렉트릭 내장탑저상,1600,750.0,2350.0,2021년도 전기자동차 고성군 모델별 보조금,2021,고성군
화물(소형),현대자동차,포터Ⅱ 일렉트릭 내장탑하이,1600,750.0,2350.0,2021년도 전기자동차 고성군 모델별 보조금,2021,고성군
화물(소형),현대자동차,포터Ⅱ 일렉트릭 냉동탑저상,1600,750.0,2350.0,2021년도 전기자동차 고성군 모델별 보조금,2021,고성군
화물(소형),현대자동차,포터Ⅱ 일렉트릭(24MY),1600,750.0,2350.0,2021년도 전기자동차 고성군 모델별 보조금,2021,고성군
화물(소형),기아,봉고 전기차,1600,750.0,2350.0,2021년도 전기자동차 고성군 모델별 보조금,2021,고성군
화물(소형),기아,봉고Ⅲ 전기차 특장차,1600,750.0,2350.0,2021년도 전기자동차 고성군 모델별 보조금,2021,고성군
화물(소형),기아,봉고Ⅲ 전기차 파워게이트 2단 알루미늄,1600,750.0,2350.0,2021년도 전기자동차 고성군 모델별 보조금,2021,고성군
화물(소형),기아,봉고Ⅲ 전기차 내장차,1600,750.0,2350.0,2021년도 전기자동차 고성군 모델별 보조금,2021,고성군
화물(소형),기아,봉고Ⅲ 전기차 저상 내장차,1600,750.0,2350.0,2021년도 전기자동차 고성군 모델별 보조금,2021,고성군
화물(소형),기아,봉고Ⅲ 전기차 플러스 내장차,1600,750.0,2350.0,2021년도 전기자동차 고성군 모델별 보조금,2021,고성군
화물(소형),일진정공,일진무시동전기냉동탑차(149.9km),2100,750.0,2850.0,2021년도 전기자동차 고성군 모델별 보조금,2021,고성군
화물(소형),일진정공,일진무시동전기냉동탑차(186.1km),2100,750.0,2850.0,2021년도 전기자동차 고성군 모델별 보조금,2021,고성군
화물(소형),코리아에어카고에이전시,LSEV,1600,750.0,2350.0,2021년도 전기자동차 고성군 모델별 보조금,2021,고성군
화물(소형),루트17,다니고밴,1600,750.0,2350.0,2021년도 전기자동차 고성군 모델별 보조금,2021,고성군
화물(소형),케이지모빌리티커머셜,SMART T1.0,1600,750.0,2350.0,2021년도 전기자동차 고성군 모델별 보조금,2021,고성군
화물(소형),한신자동차,플러스,1600,750.0,2350.0,2021년도 전기자동차 고성군 모델별 보조금,2021,고성군
화물(소형),한신자동차,플러스2.0,1600,750.0,2350.0,2021년도 전기자동차 고성군 모델별 보조금,2021,고성군
화물(소형),비바모빌리티,(단종)비바,1600,750.0,2350.0,2021년도 전기자동차 고성군 모델별 보조금,2021,고성군
화물(소형),비바모빌리티,젤라,1600,750.0,2350.0,2021년도 전기자동차 고성군 모델별 보조금,2021,고성군
화물(초소형),스마트솔루션즈,D2C,600,700.0,1300.0,2021년도 전기자동차 남해군 모델별 보조금,2021,남해군
화물(초소형),스마트솔루션즈,D2P,600,700.0,1300.0,2021년도 전기자동차 남해군 모델별 보조금,2021,남해군
화물(초소형),루트17,다니고3,600,700.0,1300.0,2021년도 전기자동차 남해군 모델별 보조금,2021,남해군
화물(초소형),루트17,다니고3 픽업,600,700.0,1300.0,2021년도 전기자동차 남해군 모델별 보조금,2021,남해군
화물(초소형),마스타전기차,MASTA VAN,600,700.0,1300.0,2021년도 전기자동차 남해군 모델별 보조금,2021,남해군
화물(초소형),마스타전기차,MASTA HIM,600,700.0,1300.0,2021년도 전기자동차 남해군 모델별 보조금,2021,남해군
화물(초소형),디피코,(단종)포트로,600,700.0,1300.0,2021년도 전기자동차 남해군 모델별 보조금,2021,남해군
화물(초소형),디피코,포트로-탑,600,700.0,1300.0,2021년도 전기자동차 남해군 모델별 보조금,2021,남해군
화물(초소형),디피코,포트로-픽업,600,700.0,1300.0,2021년도 전기자동차 남해군 모델별 보조금,2021,남해군
화물(초소형),디피코,포트로-탑S,600,700.0,1300.0,2021년도 전기자동차 남해군 모델별 보조금,2021,남해군
화물(초소형),디피코,포트로-픽업S,600,700.0,1300.0,2021년도 전기자동차 남해군 모델별 보조금,2021,남해군
화물(경형),파워프라자,라보ev PEACE,1100,700.0,1800.0,2021년도 전기자동차 남해군 모델별 보조금,2021,남해군
화물(소형),제인모터스,제인모터스칼마토EV1톤내장탑차,1600,700.0,2300.0,2021년도 전기자동차 남해군 모델별 보조금,2021,남해군
화물(소형),파워프라자,봉고3ev PEACE,1600,700.0,2300.0,2021년도 전기자동차 남해군 모델별 보조금,2021,남해군
화물(소형),파워프라자,봉고3ev PEACE 더블캡,1600,700.0,2300.0,2021년도 전기자동차 남해군 모델별 보조금,2021,남해군
화물(소형),현대자동차,포터Ⅱ 일렉트릭 특장차,1600,700.0,2300.0,2021년도 전기자동차 남해군 모델별 보조금,2021,남해군
화물(소형),현대자동차,포터Ⅱ 일렉트릭 파워게이트,1600,700.0,2300.0,2021년도 전기자동차 남해군 모델별 보조금,2021,남해군
화물(소형),현대자동차,포터Ⅱ 일렉트릭 내장탑차,1600,700.0,2300.0,2021년도 전기자동차 남해군 모델별 보조금,2021,남해군
화물(소형),현대자동차,포터Ⅱ 일렉트릭 내장탑저상,1600,700.0,2300.0,2021년도 전기자동차 남해군 모델별 보조금,2021,남해군
화물(소형),현대자동차,포터Ⅱ 일렉트릭 내장탑하이,1600,700.0,2300.0,2021년도 전기자동차 남해군 모델별 보조금,2021,남해군
화물(소형),현대자동차,포터Ⅱ 일렉트릭 냉동탑저상,1600,700.0,2300.0,2021년도 전기자동차 남해군 모델별 보조금,2021,남해군
화물(소형),현대자동차,포터Ⅱ 일렉트릭(24MY),1600,700.0,2300.0,2021년도 전기자동차 남해군 모델별 보조금,2021,남해군
화물(소형),기아,봉고 전기차,1600,700.0,2300.0,2021년도 전기자동차 남해군 모델별 보조금,2021,남해군
화물(소형),기아,봉고Ⅲ 전기차 특장차,1600,700.0,2300.0,2021년도 전기자동차 남해군 모델별 보조금,2021,남해군
화물(소형),기아,봉고Ⅲ 전기차 파워게이트 2단 알루미늄,1600,700.0,2300.0,2021년도 전기자동차 남해군 모델별 보조금,2021,남해군
화물(소형),기아,봉고Ⅲ 전기차 내장차,1600,700.0,2300.0,2021년도 전기자동차 남해군 모델별 보조금,2021,남해군
화물(소형),기아,봉고Ⅲ 전기차 저상 내장차,1600,700.0,2300.0,2021년도 전기자동차 남해군 모델별 보조금,2021,남해군
화물(소형),기아,봉고Ⅲ 전기차 플러스 내장차,1600,700.0,2300.0,2021년도 전기자동차 남해군 모델별 보조금,2021,남해군
화물(소형),일진정공,일진무시동전기냉동탑차(149.9km),2100,700.0,2800.0,2021년도 전기자동차 남해군 모델별 보조금,2021,남해군
화물(소형),일진정공,일진무시동전기냉동탑차(186.1km),2100,700.0,2800.0,2021년도 전기자동차 남해군 모델별 보조금,2021,남해군
화물(소형),코리아에어카고에이전시,LSEV,1600,700.0,2300.0,2021년도 전기자동차 남해군 모델별 보조금,2021,남해군
화물(소형),루트17,다니고밴,1600,700.0,2300.0,2021년도 전기자동차 남해군 모델별 보조금,2021,남해군
화물(소형),케이지모빌리티커머셜,SMART T1.0,1600,700.0,2300.0,2021년도 전기자동차 남해군 모델별 보조금,2021,남해군
화물(소형),한신자동차,플러스,1600,700.0,2300.0,2021년도 전기자동차 남해군 모델별 보조금,2021,남해군
화물(소형),한신자동차,플러스2.0,1600,700.0,2300.0,2021년도 전기자동차 남해군 모델별 보조금,2021,남해군
화물(소형),비바모빌리티,(단종)비바,1600,700.0,2300.0,2021년도 전기자동차 남해군 모델별 보조금,2021,남해군
화물(소형),비바모빌리티,젤라,1600,700.0,2300.0,2021년도 전기자동차 남해군 모델별 보조금,2021,남해군
화물(초소형),스마트솔루션즈,D2C,600,500.0,1100.0,2021년도 전기자동차 하동군 모델별 보조금,2021,하동군
화물(초소형),스마트솔루션즈,D2P,600,500.0,1100.0,2021년도 전기자동차 하동군 모델별 보조금,2021,하동군
화물(초소형),루트17,다니고3,600,500.0,1100.0,2021년도 전기자동차 하동군 모델별 보조금,2021,하동군
화물(초소형),루트17,다니고3 픽업,600,500.0,1100.0,2021년도 전기자동차 하동군 모델별 보조금,2021,하동군
화물(초소형),마스타전기차,MASTA VAN,600,500.0,1100.0,2021년도 전기자동차 하동군 모델별 보조금,2021,하동군
화물(초소형),마스타전기차,MASTA HIM,600,500.0,1100.0,2021년도 전기자동차 하동군 모델별 보조금,2021,하동군
화물(초소형),디피코,(단종)포트로,600,500.0,1100.0,2021년도 전기자동차 하동군 모델별 보조금,2021,하동군
화물(초소형),디피코,포트로-탑,600,500.0,1100.0,2021년도 전기자동차 하동군 모델별 보조금,2021,하동군
화물(초소형),디피코,포트로-픽업,600,500.0,1100.0,2021년도 전기자동차 하동군 모델별 보조금,2021,하동군
화물(초소형),디피코,포트로-탑S,600,500.0,1100.0,2021년도 전기자동차 하동군 모델별 보조금,2021,하동군
화물(초소형),디피코,포트로-픽업S,600,500.0,1100.0,2021년도 전기자동차 하동군 모델별 보조금,2021,하동군
화물(경형),파워프라자,라보ev PEACE,1100,700.0,1800.0,2021년도 전기자동차 하동군 모델별 보조금,2021,하동군
화물(소형),제인모터스,제인모터스칼마토EV1톤내장탑차,1600,700.0,2300.0,2021년도 전기자동차 하동군 모델별 보조금,2021,하동군
화물(소형),파워프라자,봉고3ev PEACE,1600,700.0,2300.0,2021년도 전기자동차 하동군 모델별 보조금,2021,하동군
화물(소형),파워프라자,봉고3ev PEACE 더블캡,1600,700.0,2300.0,2021년도 전기자동차 하동군 모델별 보조금,2021,하동군
화물(소형),현대자동차,포터Ⅱ 일렉트릭 특장차,1600,700.0,2300.0,2021년도 전기자동차 하동군 모델별 보조금,2021,하동군
화물(소형),현대자동차,포터Ⅱ 일렉트릭 파워게이트,1600,700.0,2300.0,2021년도 전기자동차 하동군 모델별 보조금,2021,하동군
화물(소형),현대자동차,포터Ⅱ 일렉트릭 내장탑차,1600,700.0,2300.0,2021년도 전기자동차 하동군 모델별 보조금,2021,하동군
화물(소형),현대자동차,포터Ⅱ 일렉트릭 내장탑저상,1600,700.0,2300.0,2021년도 전기자동차 하동군 모델별 보조금,2021,하동군
화물(소형),현대자동차,포터Ⅱ 일렉트릭 내장탑하이,1600,700.0,2300.0,2021년도 전기자동차 하동군 모델별 보조금,2021,하동군
화물(소형),현대자동차,포터Ⅱ 일렉트릭 냉동탑저상,1600,700.0,2300.0,2021년도 전기자동차 하동군 모델별 보조금,2021,하동군
화물(소형),현대자동차,포터Ⅱ 일렉트릭(24MY),1600,700.0,2300.0,2021년도 전기자동차 하동군 모델별 보조금,2021,하동군
화물(소형),기아,봉고 전기차,1600,700.0,2300.0,2021년도 전기자동차 하동군 모델별 보조금,2021,하동군
화물(소형),기아,봉고Ⅲ 전기차 특장차,1600,700.0,2300.0,2021년도 전기자동차 하동군 모델별 보조금,2021,하동군
화물(소형),기아,봉고Ⅲ 전기차 파워게이트 2단 알루미늄,1600,700.0,2300.0,2021년도 전기자동차 하동군 모델별 보조금,2021,하동군
화물(소형),기아,봉고Ⅲ 전기차 내장차,1600,700.0,2300.0,2021년도 전기자동차 하동군 모델별 보조금,2021,하동군
화물(소형),기아,봉고Ⅲ 전기차 저상 내장차,1600,700.0,2300.0,2021년도 전기자동차 하동군 모델별 보조금,2021,하동군
화물(소형),기아,봉고Ⅲ 전기차 플러스 내장차,1600,700.0,2300.0,2021년도 전기자동차 하동군 모델별 보조금,2021,하동군
화물(소형),일진정공,일진무시동전기냉동탑차(149.9km),2100,700.0,2800.0,2021년도 전기자동차 하동군 모델별 보조금,2021,하동군
화물(소형),일진정공,일진무시동전기냉동탑차(186.1km),2100,700.0,2800.0,2021년도 전기자동차 하동군 모델별 보조금,2021,하동군
화물(소형),코리아에어카고에이전시,LSEV,1600,700.0,2300.0,2021년도 전기자동차 하동군 모델별 보조금,2021,하동군
화물(소형),루트17,다니고밴,1600,700.0,2300.0,2021년도 전기자동차 하동군 모델별 보조금,2021,하동군
화물(소형),케이지모빌리티커머셜,SMART T1.0,1600,700.0,2300.0,2021년도 전기자동차 하동군 모델별 보조금,2021,하동군
화물(소형),한신자동차,플러스,1600,700.0,2300.0,2021년도 전기자동차 하동군 모델별 보조금,2021,하동군
화물(소형),한신자동차,플러스2.0,1600,700.0,2300.0,2021년도 전기자동차 하동군 모델별 보조금,2021,하동군
화물(소형),비바모빌리티,(단종)비바,1600,700.0,2300.0,2021년도 전기자동차 하동군 모델별 보조금,2021,하동군
화물(소형),비바모빌리티,젤라,1600,700.0,2300.0,2021년도 전기자동차 하동군 모델별 보조금,2021,하동군
화물(초소형),스마트솔루션즈,D2C,600,600.0,1200.0,2021년도 전기자동차 산청군 모델별 보조금,2021,산청군
화물(초소형),스마트솔루션즈,D2P,600,600.0,1200.0,2021년도 전기자동차 산청군 모델별 보조금,2021,산청군
화물(초소형),루트17,다니고3,600,600.0,1200.0,2021년도 전기자동차 산청군 모델별 보조금,2021,산청군
화물(초소형),루트17,다니고3 픽업,600,600.0,1200.0,2021년도 전기자동차 산청군 모델별 보조금,2021,산청군
화물(초소형),마스타전기차,MASTA VAN,600,600.0,1200.0,2021년도 전기자동차 산청군 모델별 보조금,2021,산청군
화물(초소형),마스타전기차,MASTA HIM,600,600.0,1200.0,2021년도 전기자동차 산청군 모델별 보조금,2021,산청군
화물(초소형),디피코,(단종)포트로,600,600.0,1200.0,2021년도 전기자동차 산청군 모델별 보조금,2021,산청군
화물(초소형),디피코,포트로-탑,600,600.0,1200.0,2021년도 전기자동차 산청군 모델별 보조금,2021,산청군
화물(초소형),디피코,포트로-픽업,600,600.0,1200.0,2021년도 전기자동차 산청군 모델별 보조금,2021,산청군
화물(초소형),디피코,포트로-탑S,600,600.0,1200.0,2021년도 전기자동차 산청군 모델별 보조금,2021,산청군
화물(초소형),디피코,포트로-픽업S,600,600.0,1200.0,2021년도 전기자동차 산청군 모델별 보조금,2021,산청군
화물(경형),파워프라자,라보ev PEACE,1100,700.0,1800.0,2021년도 전기자동차 산청군 모델별 보조금,2021,산청군
화물(소형),제인모터스,제인모터스칼마토EV1톤내장탑차,1600,700.0,2300.0,2021년도 전기자동차 산청군 모델별 보조금,2021,산청군
화물(소형),파워프라자,봉고3ev PEACE,1600,700.0,2300.0,2021년도 전기자동차 산청군 모델별 보조금,2021,산청군
화물(소형),파워프라자,봉고3ev PEACE 더블캡,1600,700.0,2300.0,2021년도 전기자동차 산청군 모델별 보조금,2021,산청군
화물(소형),현대자동차,포터Ⅱ 일렉트릭 특장차,1600,700.0,2300.0,2021년도 전기자동차 산청군 모델별 보조금,2021,산청군
화물(소형),현대자동차,포터Ⅱ 일렉트릭 파워게이트,1600,700.0,2300.0,2021년도 전기자동차 산청군 모델별 보조금,2021,산청군
화물(소형),현대자동차,포터Ⅱ 일렉트릭 내장탑차,1600,700.0,2300.0,2021년도 전기자동차 산청군 모델별 보조금,2021,산청군
화물(소형),현대자동차,포터Ⅱ 일렉트릭 내장탑저상,1600,700.0,2300.0,2021년도 전기자동차 산청군 모델별 보조금,2021,산청군
화물(소형),현대자동차,포터Ⅱ 일렉트릭 내장탑하이,1600,700.0,2300.0,2021년도 전기자동차 산청군 모델별 보조금,2021,산청군
화물(소형),현대자동차,포터Ⅱ 일렉트릭 냉동탑저상,1600,700.0,2300.0,2021년도 전기자동차 산청군 모델별 보조금,2021,산청군
화물(소형),현대자동차,포터Ⅱ 일렉트릭(24MY),1600,700.0,2300.0,2021년도 전기자동차 산청군 모델별 보조금,2021,산청군
화물(소형),기아,봉고 전기차,1600,700.0,2300.0,2021년도 전기자동차 산청군 모델별 보조금,2021,산청군
화물(소형),기아,봉고Ⅲ 전기차 특장차,1600,700.0,2300.0,2021년도 전기자동차 산청군 모델별 보조금,2021,산청군
화물(소형),기아,봉고Ⅲ 전기차 파워게이트 2단 알루미늄,1600,700.0,2300.0,2021년도 전기자동차 산청군 모델별 보조금,2021,산청군
화물(소형),기아,봉고Ⅲ 전기차 내장차,1600,700.0,2300.0,2021년도 전기자동차 산청군 모델별 보조금,2021,산청군
화물(소형),기아,봉고Ⅲ 전기차 저상 내장차,1600,700.0,2300.0,2021년도 전기자동차 산청군 모델별 보조금,2021,산청군
화물(소형),기아,봉고Ⅲ 전기차 플러스 내장차,1600,700.0,2300.0,2021년도 전기자동차 산청군 모델별 보조금,2021,산청군
화물(소형),일진정공,일진무시동전기냉동탑차(149.9km),2100,700.0,2800.0,2021년도 전기자동차 산청군 모델별 보조금,2021,산청군
화물(소형),일진정공,일진무시동전기냉동탑차(186.1km),2100,700.0,2800.0,2021년도 전기자동차 산청군 모델별 보조금,2021,산청군
화물(소형),코리아에어카고에이전시,LSEV,1600,700.0,2300.0,2021년도 전기자동차 산청군 모델별 보조금,2021,산청군
화물(소형),루트17,다니고밴,1600,700.0,2300.0,2021년도 전기자동차 산청군 모델별 보조금,2021,산청군
화물(소형),케이지모빌리티커머셜,SMART T1.0,1600,700.0,2300.0,2021년도 전기자동차 산청군 모델별 보조금,2021,산청군
화물(소형),한신자동차,플러스,1600,700.0,2300.0,2021년도 전기자동차 산청군 모델별 보조금,2021,산청군
화물(소형),한신자동차,플러스2.0,1600,700.0,2300.0,2021년도 전기자동차 산청군 모델별 보조금,2021,산청군
화물(소형),비바모빌리티,(단종)비바,1600,700.0,2300.0,2021년도 전기자동차 산청군 모델별 보조금,2021,산청군
화물(소형),비바모빌리티,젤라,1600,700.0,2300.0,2021년도 전기자동차 산청군 모델별 보조금,2021,산청군
화물(초소형),스마트솔루션즈,D2C,600,0.0,600.0,2021년도 전기자동차 함양군 모델별 보조금,2021,함양군
화물(초소형),스마트솔루션즈,D2P,600,0.0,600.0,2021년도 전기자동차 함양군 모델별 보조금,2021,함양군
화물(초소형),루트17,다니고3,600,0.0,600.0,2021년도 전기자동차 함양군 모델별 보조금,2021,함양군
화물(초소형),루트17,다니고3 픽업,600,0.0,600.0,2021년도 전기자동차 함양군 모델별 보조금,2021,함양군
화물(초소형),마스타전기차,MASTA VAN,600,0.0,600.0,2021년도 전기자동차 함양군 모델별 보조금,2021,함양군
화물(초소형),마스타전기차,MASTA HIM,600,0.0,600.0,2021년도 전기자동차 함양군 모델별 보조금,2021,함양군
화물(초소형),디피코,(단종)포트로,600,0.0,600.0,2021년도 전기자동차 함양군 모델별 보조금,2021,함양군
화물(초소형),디피코,포트로-탑,600,0.0,600.0,2021년도 전기자동차 함양군 모델별 보조금,2021,함양군
화물(초소형),디피코,포트로-픽업,600,0.0,600.0,2021년도 전기자동차 함양군 모델별 보조금,2021,함양군
화물(초소형),디피코,포트로-탑S,600,0.0,600.0,2021년도 전기자동차 함양군 모델별 보조금,2021,함양군
화물(초소형),디피코,포트로-픽업S,600,0.0,600.0,2021년도 전기자동차 함양군 모델별 보조금,2021,함양군
화물(경형),파워프라자,라보ev PEACE,1100,0.0,1100.0,2021년도 전기자동차 함양군 모델별 보조금,2021,함양군
화물(소형),제인모터스,제인모터스칼마토EV1톤내장탑차,1600,600.0,2200.0,2021년도 전기자동차 함양군 모델별 보조금,2021,함양군
화물(소형),파워프라자,봉고3ev PEACE,1600,600.0,2200.0,2021년도 전기자동차 함양군 모델별 보조금,2021,함양군
화물(소형),파워프라자,봉고3ev PEACE 더블캡,1600,600.0,2200.0,2021년도 전기자동차 함양군 모델별 보조금,2021,함양군
화물(소형),현대자동차,포터Ⅱ 일렉트릭 특장차,1600,600.0,2200.0,2021년도 전기자동차 함양군 모델별 보조금,2021,함양군
화물(소형),현대자동차,포터Ⅱ 일렉트릭 파워게이트,1600,600.0,2200.0,2021년도 전기자동차 함양군 모델별 보조금,2021,함양군
화물(소형),현대자동차,포터Ⅱ 일렉트릭 내장탑차,1600,600.0,2200.0,2021년도 전기자동차 함양군 모델별 보조금,2021,함양군
화물(소형),현대자동차,포터Ⅱ 일렉트릭 내장탑저상,1600,600.0,2200.0,2021년도 전기자동차 함양군 모델별 보조금,2021,함양군
화물(소형),현대자동차,포터Ⅱ 일렉트릭 내장탑하이,1600,600.0,2200.0,2021년도 전기자동차 함양군 모델별 보조금,2021,함양군
화물(소형),현대자동차,포터Ⅱ 일렉트릭 냉동탑저상,1600,600.0,2200.0,2021년도 전기자동차 함양군 모델별 보조금,2021,함양군
화물(소형),현대자동차,포터Ⅱ 일렉트릭(24MY),1600,600.0,2200.0,2021년도 전기자동차 함양군 모델별 보조금,2021,함양군
화물(소형),기아,봉고 전기차,1600,600.0,2200.0,2021년도 전기자동차 함양군 모델별 보조금,2021,함양군
화물(소형),기아,봉고Ⅲ 전기차 특장차,1600,600.0,2200.0,2021년도 전기자동차 함양군 모델별 보조금,2021,함양군
화물(소형),기아,봉고Ⅲ 전기차 파워게이트 2단 알루미늄,1600,600.0,2200.0,2021년도 전기자동차 함양군 모델별 보조금,2021,함양군
화물(소형),기아,봉고Ⅲ 전기차 내장차,1600,600.0,2200.0,2021년도 전기자동차 함양군 모델별 보조금,2021,함양군
화물(소형),기아,봉고Ⅲ 전기차 저상 내장차,1600,600.0,2200.0,2021년도 전기자동차 함양군 모델별 보조금,2021,함양군
화물(소형),기아,봉고Ⅲ 전기차 플러스 내장차,1600,600.0,2200.0,2021년도 전기자동차 함양군 모델별 보조금,2021,함양군
화물(소형),일진정공,일진무시동전기냉동탑차(149.9km),2100,0.0,2100.0,2021년도 전기자동차 함양군 모델별 보조금,2021,함양군
화물(소형),일진정공,일진무시동전기냉동탑차(186.1km),2100,0.0,2100.0,2021년도 전기자동차 함양군 모델별 보조금,2021,함양군
화물(소형),코리아에어카고에이전시,LSEV,1600,600.0,2200.0,2021년도 전기자동차 함양군 모델별 보조금,2021,함양군
화물(소형),루트17,다니고밴,1600,600.0,2200.0,2021년도 전기자동차 함양군 모델별 보조금,2021,함양군
화물(소형),케이지모빌리티커머셜,SMART T1.0,1600,600.0,2200.0,2021년도 전기자동차 함양군 모델별 보조금,2021,함양군
화물(소형),한신자동차,플러스,1600,600.0,2200.0,2021년도 전기자동차 함양군 모델별 보조금,2021,함양군
화물(소형),한신자동차,플러스2.0,1600,600.0,2200.0,2021년도 전기자동차 함양군 모델별 보조금,2021,함양군
화물(소형),비바모빌리티,(단종)비바,1600,600.0,2200.0,2021년도 전기자동차 함양군 모델별 보조금,2021,함양군
화물(소형),비바모빌리티,젤라,1600,600.0,2200.0,2021년도 전기자동차 함양군 모델별 보조금,2021,함양군
화물(초소형),스마트솔루션즈,D2C,600,400.0,1000.0,2021년도 전기자동차 거창군 모델별 보조금,2021,거창군
화물(초소형),스마트솔루션즈,D2P,600,400.0,1000.0,2021년도 전기자동차 거창군 모델별 보조금,2021,거창군
화물(초소형),루트17,다니고3,600,400.0,1000.0,2021년도 전기자동차 거창군 모델별 보조금,2021,거창군
화물(초소형),루트17,다니고3 픽업,600,400.0,1000.0,2021년도 전기자동차 거창군 모델별 보조금,2021,거창군
화물(초소형),마스타전기차,MASTA VAN,600,400.0,1000.0,2021년도 전기자동차 거창군 모델별 보조금,2021,거창군
화물(초소형),마스타전기차,MASTA HIM,600,400.0,1000.0,2021년도 전기자동차 거창군 모델별 보조금,2021,거창군
화물(초소형),디피코,(단종)포트로,600,400.0,1000.0,2021년도 전기자동차 거창군 모델별 보조금,2021,거창군
화물(초소형),디피코,포트로-탑,600,400.0,1000.0,2021년도 전기자동차 거창군 모델별 보조금,2021,거창군
화물(초소형),디피코,포트로-픽업,600,400.0,1000.0,2021년도 전기자동차 거창군 모델별 보조금,2021,거창군
화물(초소형),디피코,포트로-탑S,600,400.0,1000.0,2021년도 전기자동차 거창군 모델별 보조금,2021,거창군
화물(초소형),디피코,포트로-픽업S,600,400.0,1000.0,2021년도 전기자동차 거창군 모델별 보조금,2021,거창군
화물(경형),파워프라자,라보ev PEACE,1100,600.0,1700.0,2021년도 전기자동차 거창군 모델별 보조금,2021,거창군
화물(소형),제인모터스,제인모터스칼마토EV1톤내장탑차,1600,600.0,2200.0,2021년도 전기자동차 거창군 모델별 보조금,2021,거창군
화물(소형),파워프라자,봉고3ev PEACE,1600,600.0,2200.0,2021년도 전기자동차 거창군 모델별 보조금,2021,거창군
화물(소형),파워프라자,봉고3ev PEACE 더블캡,1600,600.0,2200.0,2021년도 전기자동차 거창군 모델별 보조금,2021,거창군
화물(소형),현대자동차,포터Ⅱ 일렉트릭 특장차,1600,600.0,2200.0,2021년도 전기자동차 거창군 모델별 보조금,2021,거창군
화물(소형),현대자동차,포터Ⅱ 일렉트릭 파워게이트,1600,600.0,2200.0,2021년도 전기자동차 거창군 모델별 보조금,2021,거창군
화물(소형),현대자동차,포터Ⅱ 일렉트릭 내장탑차,1600,600.0,2200.0,2021년도 전기자동차 거창군 모델별 보조금,2021,거창군
화물(소형),현대자동차,포터Ⅱ 일렉트릭 내장탑저상,1600,600.0,2200.0,2021년도 전기자동차 거창군 모델별 보조금,2021,거창군
화물(소형),현대자동차,포터Ⅱ 일렉트릭 내장탑하이,1600,600.0,2200.0,2021년도 전기자동차 거창군 모델별 보조금,2021,거창군
화물(소형),현대자동차,포터Ⅱ 일렉트릭 냉동탑저상,1600,600.0,2200.0,2021년도 전기자동차 거창군 모델별 보조금,2021,거창군
화물(소형),현대자동차,포터Ⅱ 일렉트릭(24MY),1600,600.0,2200.0,2021년도 전기자동차 거창군 모델별 보조금,2021,거창군
화물(소형),기아,봉고 전기차,1600,600.0,2200.0,2021년도 전기자동차 거창군 모델별 보조금,2021,거창군
화물(소형),기아,봉고Ⅲ 전기차 특장차,1600,600.0,2200.0,2021년도 전기자동차 거창군 모델별 보조금,2021,거창군
화물(소형),기아,봉고Ⅲ 전기차 파워게이트 2단 알루미늄,1600,600.0,2200.0,2021년도 전기자동차 거창군 모델별 보조금,2021,거창군
화물(소형),기아,봉고Ⅲ 전기차 내장차,1600,600.0,2200.0,2021년도 전기자동차 거창군 모델별 보조금,2021,거창군
화물(소형),기아,봉고Ⅲ 전기차 저상 내장차,1600,600.0,2200.0,2021년도 전기자동차 거창군 모델별 보조금,2021,거창군
화물(소형),기아,봉고Ⅲ 전기차 플러스 내장차,1600,600.0,2200.0,2021년도 전기자동차 거창군 모델별 보조금,2021,거창군
화물(소형),일진정공,일진무시동전기냉동탑차(149.9km),2100,600.0,2700.0,2021년도 전기자동차 거창군 모델별 보조금,2021,거창군
화물(소형),일진정공,일진무시동전기냉동탑차(186.1km),2100,600.0,2700.0,2021년도 전기자동차 거창군 모델별 보조금,2021,거창군
화물(소형),코리아에어카고에이전시,LSEV,1600,600.0,2200.0,2021년도 전기자동차 거창군 모델별 보조금,2021,거창군
화물(소형),루트17,다니고밴,1600,600.0,2200.0,2021년도 전기자동차 거창군 모델별 보조금,2021,거창군
화물(소형),케이지모빌리티커머셜,SMART T1.0,1600,600.0,2200.0,2021년도 전기자동차 거창군 모델별 보조금,2021,거창군
화물(소형),한신자동차,플러스,1600,600.0,2200.0,2021년도 전기자동차 거창군 모델별 보조금,2021,거창군
화물(소형),한신자동차,플러스2.0,1600,600.0,2200.0,2021년도 전기자동차 거창군 모델별 보조금,2021,거창군
화물(소형),비바모빌리티,(단종)비바,1600,600.0,2200.0,2021년도 전기자동차 거창군 모델별 보조금,2021,거창군
화물(소형),비바모빌리티,젤라,1600,600.0,2200.0,2021년도 전기자동차 거창군 모델별 보조금,2021,거창군
화물(초소형),스마트솔루션즈,D2C,600,530.0,1130.0,2021년도 전기자동차 합천군 모델별 보조금,2021,합천군
화물(초소형),스마트솔루션즈,D2P,600,530.0,1130.0,2021년도 전기자동차 합천군 모델별 보조금,2021,합천군
화물(초소형),루트17,다니고3,600,530.0,1130.0,2021년도 전기자동차 합천군 모델별 보조금,2021,합천군
화물(초소형),루트17,다니고3 픽업,600,530.0,1130.0,2021년도 전기자동차 합천군 모델별 보조금,2021,합천군
화물(초소형),마스타전기차,MASTA VAN,600,530.0,1130.0,2021년도 전기자동차 합천군 모델별 보조금,2021,합천군
화물(초소형),마스타전기차,MASTA HIM,600,530.0,1130.0,2021년도 전기자동차 합천군 모델별 보조금,2021,합천군
화물(초소형),디피코,(단종)포트로,600,530.0,1130.0,2021년도 전기자동차 합천군 모델별 보조금,2021,합천군
화물(초소형),디피코,포트로-탑,600,530.0,1130.0,2021년도 전기자동차 합천군 모델별 보조금,2021,합천군
화물(초소형),디피코,포트로-픽업,600,530.0,1130.0,2021년도 전기자동차 합천군 모델별 보조금,2021,합천군
화물(초소형),디피코,포트로-탑S,600,530.0,1130.0,2021년도 전기자동차 합천군 모델별 보조금,2021,합천군
화물(초소형),디피코,포트로-픽업S,600,530.0,1130.0,2021년도 전기자동차 합천군 모델별 보조금,2021,합천군
화물(경형),파워프라자,라보ev PEACE,1100,800.0,1900.0,2021년도 전기자동차 합천군 모델별 보조금,2021,합천군
화물(소형),제인모터스,제인모터스칼마토EV1톤내장탑차,1600,800.0,2400.0,2021년도 전기자동차 합천군 모델별 보조금,2021,합천군
화물(소형),파워프라자,봉고3ev PEACE,1600,800.0,2400.0,2021년도 전기자동차 합천군 모델별 보조금,2021,합천군
화물(소형),파워프라자,봉고3ev PEACE 더블캡,1600,800.0,2400.0,2021년도 전기자동차 합천군 모델별 보조금,2021,합천군
화물(소형),현대자동차,포터Ⅱ 일렉트릭 특장차,1600,800.0,2400.0,2021년도 전기자동차 합천군 모델별 보조금,2021,합천군
화물(소형),현대자동차,포터Ⅱ 일렉트릭 파워게이트,1600,800.0,2400.0,2021년도 전기자동차 합천군 모델별 보조금,2021,합천군
화물(소형),현대자동차,포터Ⅱ 일렉트릭 내장탑차,1600,800.0,2400.0,2021년도 전기자동차 합천군 모델별 보조금,2021,합천군
화물(소형),현대자동차,포터Ⅱ 일렉트릭 내장탑저상,1600,800.0,2400.0,2021년도 전기자동차 합천군 모델별 보조금,2021,합천군
화물(소형),현대자동차,포터Ⅱ 일렉트릭 내장탑하이,1600,800.0,2400.0,2021년도 전기자동차 합천군 모델별 보조금,2021,합천군
화물(소형),현대자동차,포터Ⅱ 일렉트릭 냉동탑저상,1600,800.0,2400.0,2021년도 전기자동차 합천군 모델별 보조금,2021,합천군
화물(소형),현대자동차,포터Ⅱ 일렉트릭(24MY),1600,800.0,2400.0,2021년도 전기자동차 합천군 모델별 보조금,2021,합천군
화물(소형),기아,봉고 전기차,1600,800.0,2400.0,2021년도 전기자동차 합천군 모델별 보조금,2021,합천군
화물(소형),기아,봉고Ⅲ 전기차 특장차,1600,800.0,2400.0,2021년도 전기자동차 합천군 모델별 보조금,2021,합천군
화물(소형),기아,봉고Ⅲ 전기차 파워게이트 2단 알루미늄,1600,800.0,2400.0,2021년도 전기자동차 합천군 모델별 보조금,2021,합천군
화물(소형),기아,봉고Ⅲ 전기차 내장차,1600,800.0,2400.0,2021년도 전기자동차 합천군 모델별 보조금,2021,합천군
화물(소형),기아,봉고Ⅲ 전기차 저상 내장차,1600,800.0,2400.0,2021년도 전기자동차 합천군 모델별 보조금,2021,합천군
화물(소형),기아,봉고Ⅲ 전기차 플러스 내장차,1600,800.0,2400.0,2021년도 전기자동차 합천군 모델별 보조금,2021,합천군
화물(소형),일진정공,일진무시동전기냉동탑차(149.9km),2100,800.0,2900.0,2021년도 전기자동차 합천군 모델별 보조금,2021,합천군
화물(소형),일진정공,일진무시동전기냉동탑차(186.1km),2100,800.0,2900.0,2021년도 전기자동차 합천군 모델별 보조금,2021,합천군
화물(소형),코리아에어카고에이전시,LSEV,1600,800.0,2400.0,2021년도 전기자동차 합천군 모델별 보조금,2021,합천군
화물(소형),루트17,다니고밴,1600,800.0,2400.0,2021년도 전기자동차 합천군 모델별 보조금,2021,합천군
화물(소형),케이지모빌리티커머셜,SMART T1.0,1600,800.0,2400.0,2021년도 전기자동차 합천군 모델별 보조금,2021,합천군
화물(소형),한신자동차,플러스,1600,800.0,2400.0,2021년도 전기자동차 합천군 모델별 보조금,2021,합천군
화물(소형),한신자동차,플러스2.0,1600,800.0,2400.0,2021년도 전기자동차 합천군 모델별 보조금,2021,합천군
화물(소형),비바모빌리티,(단종)비바,1600,800.0,2400.0,2021년도 전기자동차 합천군 모델별 보조금,2021,합천군
화물(소형),비바모빌리티,젤라,1600,800.0,2400.0,2021년도 전기자동차 합천군 모델별 보조금,2021,합천군
화물(초소형),스마트솔루션즈,D2C,600,400.0,1000.0,2021년도 전기자동차 제주특별자치도 모델별 보조금,2021,제주특별자치도
화물(초소형),스마트솔루션즈,D2P,600,400.0,1000.0,2021년도 전기자동차 제주특별자치도 모델별 보조금,2021,제주특별자치도
화물(초소형),루트17,다니고3,600,400.0,1000.0,2021년도 전기자동차 제주특별자치도 모델별 보조금,2021,제주특별자치도
화물(초소형),루트17,다니고3 픽업,600,400.0,1000.0,2021년도 전기자동차 제주특별자치도 모델별 보조금,2021,제주특별자치도
화물(초소형),마스타전기차,MASTA VAN,600,400.0,1000.0,2021년도 전기자동차 제주특별자치도 모델별 보조금,2021,제주특별자치도
화물(초소형),마스타전기차,MASTA HIM,600,400.0,1000.0,2021년도 전기자동차 제주특별자치도 모델별 보조금,2021,제주특별자치도
화물(초소형),디피코,(단종)포트로,600,400.0,1000.0,2021년도 전기자동차 제주특별자치도 모델별 보조금,2021,제주특별자치도
화물(초소형),디피코,포트로-탑,600,400.0,1000.0,2021년도 전기자동차 제주특별자치도 모델별 보조금,2021,제주특별자치도
화물(초소형),디피코,포트로-픽업,600,400.0,1000.0,2021년도 전기자동차 제주특별자치도 모델별 보조금,2021,제주특별자치도
화물(초소형),디피코,포트로-탑S,600,400.0,1000.0,2021년도 전기자동차 제주특별자치도 모델별 보조금,2021,제주특별자치도
화물(초소형),디피코,포트로-픽업S,600,400.0,1000.0,2021년도 전기자동차 제주특별자치도 모델별 보조금,2021,제주특별자치도
화물(경형),파워프라자,라보ev PEACE,1100,500.0,1600.0,2021년도 전기자동차 제주특별자치도 모델별 보조금,2021,제주특별자치도
화물(소형),제인모터스,제인모터스칼마토EV1톤내장탑차,1600,600.0,2200.0,2021년도 전기자동차 제주특별자치도 모델별 보조금,2021,제주특별자치도
화물(소형),파워프라자,봉고3ev PEACE,1600,600.0,2200.0,2021년도 전기자동차 제주특별자치도 모델별 보조금,2021,제주특별자치도
화물(소형),파워프라자,봉고3ev PEACE 더블캡,1600,600.0,2200.0,2021년도 전기자동차 제주특별자치도 모델별 보조금,2021,제주특별자치도
화물(소형),현대자동차,포터Ⅱ 일렉트릭 특장차,1600,600.0,2200.0,2021년도 전기자동차 제주특별자치도 모델별 보조금,2021,제주특별자치도
화물(소형),현대자동차,포터Ⅱ 일렉트릭 파워게이트,1600,600.0,2200.0,2021년도 전기자동차 제주특별자치도 모델별 보조금,2021,제주특별자치도
화물(소형),현대자동차,포터Ⅱ 일렉트릭 내장탑차,1600,600.0,2200.0,2021년도 전기자동차 제주특별자치도 모델별 보조금,2021,제주특별자치도
화물(소형),현대자동차,포터Ⅱ 일렉트릭 내장탑저상,1600,600.0,2200.0,2021년도 전기자동차 제주특별자치도 모델별 보조금,2021,제주특별자치도
화물(소형),현대자동차,포터Ⅱ 일렉트릭 내장탑하이,1600,600.0,2200.0,2021년도 전기자동차 제주특별자치도 모델별 보조금,2021,제주특별자치도
화물(소형),현대자동차,포터Ⅱ 일렉트릭 냉동탑저상,1600,600.0,2200.0,2021년도 전기자동차 제주특별자치도 모델별 보조금,2021,제주특별자치도
화물(소형),현대자동차,포터Ⅱ 일렉트릭(24MY),1600,600.0,2200.0,2021년도 전기자동차 제주특별자치도 모델별 보조금,2021,제주특별자치도
화물(소형),기아,봉고 전기차,1600,600.0,2200.0,2021년도 전기자동차 제주특별자치도 모델별 보조금,2021,제주특별자치도
화물(소형),기아,봉고Ⅲ 전기차 특장차,1600,600.0,2200.0,2021년도 전기자동차 제주특별자치도 모델별 보조금,2021,제주특별자치도
화물(소형),기아,봉고Ⅲ 전기차 파워게이트 2단 알루미늄,1600,600.0,2200.0,2021년도 전기자동차 제주특별자치도 모델별 보조금,2021,제주특별자치도
화물(소형),기아,봉고Ⅲ 전기차 내장차,1600,600.0,2200.0,2021년도 전기자동차 제주특별자치도 모델별 보조금,2021,제주특별자치도
화물(소형),기아,봉고Ⅲ 전기차 저상 내장차,1600,600.0,2200.0,2021년도 전기자동차 제주특별자치도 모델별 보조금,2021,제주특별자치도
화물(소형),기아,봉고Ⅲ 전기차 플러스 내장차,1600,600.0,2200.0,2021년도 전기자동차 제주특별자치도 모델별 보조금,2021,제주특별자치도
화물(소형),일진정공,일진무시동전기냉동탑차(149.9km),2100,600.0,2700.0,2021년도 전기자동차 제주특별자치도 모델별 보조금,2021,제주특별자치도
화물(소형),일진정공,일진무시동전기냉동탑차(186.1km),2100,600.0,2700.0,2021년도 전기자동차 제주특별자치도 모델별 보조금,2021,제주특별자치도
화물(소형),코리아에어카고에이전시,LSEV,1600,600.0,2200.0,2021년도 전기자동차 제주특별자치도 모델별 보조금,2021,제주특별자치도
화물(소형),루트17,다니고밴,1600,600.0,2200.0,2021년도 전기자동차 제주특별자치도 모델별 보조금,2021,제주특별자치도
화물(소형),케이지모빌리티커머셜,SMART T1.0,1600,600.0,2200.0,2021년도 전기자동차 제주특별자치도 모델별 보조금,2021,제주특별자치도
화물(소형),한신자동차,플러스,1600,600.0,2200.0,2021년도 전기자동차 제주특별자치도 모델별 보조금,2021,제주특별자치도
화물(소형),한신자동차,플러스2.0,1600,600.0,2200.0,2021년도 전기자동차 제주특별자치도 모델별 보조금,2021,제주특별자치도
화물(소형),비바모빌리티,(단종)비바,1600,600.0,2200.0,2021년도 전기자동차 제주특별자치도 모델별 보조금,2021,제주특별자치도
화물(소형),비바모빌리티,젤라,1600,600.0,2200.0,2021년도 전기자동차 제주특별자치도 모델별 보조금,2021,제주특별자치도
화물(초소형),스마트솔루션즈,D2C,600,300.0,900.0,2021년도 전기자동차 서울특별시 모델별 보조금,2021,서울특별시
화물(초소형),스마트솔루션즈,D2P,600,300.0,900.0,2021년도 전기자동차 서울특별시 모델별 보조금,2021,서울특별시
화물(초소형),루트17,다니고3,600,300.0,900.0,2021년도 전기자동차 서울특별시 모델별 보조금,2021,서울특별시
화물(초소형),루트17,다니고3 픽업,600,300.0,900.0,2021년도 전기자동차 서울특별시 모델별 보조금,2021,서울특별시
화물(초소형),마스타전기차,MASTA VAN,600,300.0,900.0,2021년도 전기자동차 서울특별시 모델별 보조금,2021,서울특별시
화물(초소형),마스타전기차,MASTA HIM,600,300.0,900.0,2021년도 전기자동차 서울특별시 모델별 보조금,2021,서울특별시
화물(초소형),디피코,(단종)포트로,600,300.0,900.0,2021년도 전기자동차 서울특별시 모델별 보조금,2021,서울특별시
화물(초소형),디피코,포트로-탑,600,300.0,900.0,2021년도 전기자동차 서울특별시 모델별 보조금,2021,서울특별시
화물(초소형),디피코,포트로-픽업,600,300.0,900.0,2021년도 전기자동차 서울특별시 모델별 보조금,2021,서울특별시
화물(초소형),디피코,포트로-탑S,600,300.0,900.0,2021년도 전기자동차 서울특별시 모델별 보조금,2021,서울특별시
화물(초소형),디피코,포트로-픽업S,600,300.0,900.0,2021년도 전기자동차 서울특별시 모델별 보조금,2021,서울특별시
화물(경형),파워프라자,라보ev PEACE,1100,550.0,1650.0,2021년도 전기자동차 서울특별시 모델별 보조금,2021,서울특별시
화물(소형),제인모터스,제인모터스칼마토EV1톤내장탑차,1600,800.0,2400.0,2021년도 전기자동차 서울특별시 모델별 보조금,2021,서울특별시
화물(소형),파워프라자,봉고3ev PEACE,1600,800.0,2400.0,2021년도 전기자동차 서울특별시 모델별 보조금,2021,서울특별시
화물(소형),파워프라자,봉고3ev PEACE 더블캡,1600,800.0,2400.0,2021년도 전기자동차 서울특별시 모델별 보조금,2021,서울특별시
화물(소형),현대자동차,포터Ⅱ 일렉트릭 특장차,1600,800.0,2400.0,2021년도 전기자동차 서울특별시 모델별 보조금,2021,서울특별시
화물(소형),현대자동차,포터Ⅱ 일렉트릭 파워게이트,1600,800.0,2400.0,2021년도 전기자동차 서울특별시 모델별 보조금,2021,서울특별시
화물(소형),현대자동차,포터Ⅱ 일렉트릭 내장탑차,1600,800.0,2400.0,2021년도 전기자동차 서울특별시 모델별 보조금,2021,서울특별시
화물(소형),현대자동차,포터Ⅱ 일렉트릭 내장탑저상,1600,800.0,2400.0,2021년도 전기자동차 서울특별시 모델별 보조금,2021,서울특별시
화물(소형),현대자동차,포터Ⅱ 일렉트릭 내장탑하이,1600,800.0,2400.0,2021년도 전기자동차 서울특별시 모델별 보조금,2021,서울특별시
화물(소형),현대자동차,포터Ⅱ 일렉트릭 냉동탑저상,1600,800.0,2400.0,2021년도 전기자동차 서울특별시 모델별 보조금,2021,서울특별시
화물(소형),현대자동차,포터Ⅱ 일렉트릭(24MY),1600,800.0,2400.0,2021년도 전기자동차 서울특별시 모델별 보조금,2021,서울특별시
화물(소형),기아,봉고 전기차,1600,800.0,2400.0,2021년도 전기자동차 서울특별시 모델별 보조금,2021,서울특별시
화물(소형),기아,봉고Ⅲ 전기차 특장차,1600,800.0,2400.0,2021년도 전기자동차 서울특별시 모델별 보조금,2021,서울특별시
화물(소형),기아,봉고Ⅲ 전기차 파워게이트 2단 알루미늄,1600,800.0,2400.0,2021년도 전기자동차 서울특별시 모델별 보조금,2021,서울특별시
화물(소형),기아,봉고Ⅲ 전기차 내장차,1600,800.0,2400.0,2021년도 전기자동차 서울특별시 모델별 보조금,2021,서울특별시
화물(소형),기아,봉고Ⅲ 전기차 저상 내장차,1600,800.0,2400.0,2021년도 전기자동차 서울특별시 모델별 보조금,2021,서울특별시
화물(소형),기아,봉고Ⅲ 전기차 플러스 내장차,1600,800.0,2400.0,2021년도 전기자동차 서울특별시 모델별 보조금,2021,서울특별시
화물(소형),일진정공,일진무시동전기냉동탑차(149.9km),2100,1050.0,3150.0,2021년도 전기자동차 서울특별시 모델별 보조금,2021,서울특별시
화물(소형),일진정공,일진무시동전기냉동탑차(186.1km),2100,1050.0,3150.0,2021년도 전기자동차 서울특별시 모델별 보조금,2021,서울특별시
화물(소형),코리아에어카고에이전시,LSEV,1600,800.0,2400.0,2021년도 전기자동차 서울특별시 모델별 보조금,2021,서울특별시
화물(소형),루트17,다니고밴,1600,800.0,2400.0,2021년도 전기자동차 서울특별시 모델별 보조금,2021,서울특별시
화물(소형),케이지모빌리티커머셜,SMART T1.0,1600,800.0,2400.0,2021년도 전기자동차 서울특별시 모델별 보조금,2021,서울특별시
화물(소형),한신자동차,플러스,1600,800.0,2400.0,2021년도 전기자동차 서울특별시 모델별 보조금,2021,서울특별시
화물(소형),한신자동차,플러스2.0,1600,800.0,2400.0,2021년도 전기자동차 서울특별시 모델별 보조금,2021,서울특별시
화물(소형),비바모빌리티,(단종)비바,1600,800.0,2400.0,2021년도 전기자동차 서울특별시 모델별 보조금,2021,서울특별시
화물(소형),비바모빌리티,젤라,1600,800.0,2400.0,2021년도 전기자동차 서울특별시 모델별 보조금,2021,서울특별시
