차종,제조사,모델명,국비 (만원),지방비 (만원),보조금 (만원),text,연도,행정구역
승합(중형),현대자동차,카운티 일렉트릭(어린이운송용 30인승),4383,500,4883,2022년도 전기자동차 부산광역시 모델별 보조금,2022,부산광역시
승합(중형),현대자동차,(단종)카운티 일렉트릭(어린이운송용 33인승 V2),4391,500,4891,2022년도 전기자동차 부산광역시 모델별 보조금,2022,부산광역시
승합(중형),현대자동차,카운티 일렉트릭(어린이운송용 33인승),4391,500,4891,2022년도 전기자동차 부산광역시 모델별 보조금,2022,부산광역시
승합(중형),현대자동차,카운티 일렉트릭,4391,500,4891,2022년도 전기자동차 부산광역시 모델별 보조금,2022,부산광역시
승합(중형),현대자동차,카운티 일렉트릭(마을버스),5000,500,5500,2022년도 전기자동차 부산광역시 모델별 보조금,2022,부산광역시
승합(중형),우진산전,아폴로750,4780,500,5280,2022년도 전기자동차 부산광역시 모델별 보조금,2022,부산광역시
승합(중형),우진산전,아폴로750(15인승),5000,500,5500,2022년도 전기자동차 부산광역시 모델별 보조금,2022,부산광역시
승합(중형),우진산전,아폴로750전기버스,5000,500,5500,2022년도 전기자동차 부산광역시 모델별 보조금,2022,부산광역시
승합(중형),이비온,E6,2539,500,3039,2022년도 전기자동차 부산광역시 모델별 보조금,2022,부산광역시
승합(중형),이비온,"E6(JL618S), 어린이통학",3570,500,4070,2022년도 전기자동차 부산광역시 모델별 보조금,2022,부산광역시
승합(중형),GS글로벌,NEW BYD eBus-7,4357,500,4857,2022년도 전기자동차 부산광역시 모델별 보조금,2022,부산광역시
승합(중형),한신자동차,바네스,2821,500,3321,2022년도 전기자동차 부산광역시 모델별 보조금,2022,부산광역시
승합(중형),비바모빌리티,VBUS60,3789,500,4289,2022년도 전기자동차 부산광역시 모델별 보조금,2022,부산광역시
승합(중형),비바모빌리티,브이버스60i(어린이운송용),3791,500,4291,2022년도 전기자동차 부산광역시 모델별 보조금,2022,부산광역시
승합(중형),케이지모빌리티커머셜,SMART 8.7,5000,500,5500,2022년도 전기자동차 부산광역시 모델별 보조금,2022,부산광역시
승합(중형),한차,GREENWAY720,5000,500,5500,2022년도 전기자동차 부산광역시 모델별 보조금,2022,부산광역시
승합(대형),현대자동차,일렉시티 굴절버스,14693,500,15193,2022년도 전기자동차 부산광역시 모델별 보조금,2022,부산광역시
승합(대형),현대자동차,일렉시티 이층버스,12501,500,13001,2022년도 전기자동차 부산광역시 모델별 보조금,2022,부산광역시
승합(대형),현대자동차,일렉시티(3PACK),7000,500,7500,2022년도 전기자동차 부산광역시 모델별 보조금,2022,부산광역시
승합(대형),현대자동차,일렉시티(4PACK V1),7000,500,7500,2022년도 전기자동차 부산광역시 모델별 보조금,2022,부산광역시
승합(대형),현대자동차,일렉시티 타운,7000,500,7500,2022년도 전기자동차 부산광역시 모델별 보조금,2022,부산광역시
승합(대형),케이지모빌리티커머셜,이-스마트(57인승),5522,500,6022,2022년도 전기자동차 부산광역시 모델별 보조금,2022,부산광역시
승합(대형),케이지모빌리티커머셜,이-스마트(51인승),5510,500,6010,2022년도 전기자동차 부산광역시 모델별 보조금,2022,부산광역시
승합(대형),케이지모빌리티커머셜,SMART 9.3,7000,500,7500,2022년도 전기자동차 부산광역시 모델별 보조금,2022,부산광역시
승합(대형),케이지모빌리티커머셜,SMART 110(272kWh),7000,500,7500,2022년도 전기자동차 부산광역시 모델별 보조금,2022,부산광역시
승합(대형),케이지모빌리티커머셜,SMART 110E(347kWh),7000,500,7500,2022년도 전기자동차 부산광역시 모델별 보조금,2022,부산광역시
승합(대형),케이지모빌리티커머셜,SMART 110(260kWh),7000,500,7500,2022년도 전기자동차 부산광역시 모델별 보조금,2022,부산광역시
승합(대형),케이지모빌리티커머셜,SMART 110E(260kWh),7000,500,7500,2022년도 전기자동차 부산광역시 모델별 보조금,2022,부산광역시
승합(대형),우진산전,아폴로1100,6396,500,6896,2022년도 전기자동차 부산광역시 모델별 보조금,2022,부산광역시
승합(대형),우진산전,아폴로1100(258kWh),6746,500,7246,2022년도 전기자동차 부산광역시 모델별 보조금,2022,부산광역시
승합(대형),우진산전,아폴로1100(11CTLP),6133,500,6633,2022년도 전기자동차 부산광역시 모델별 보조금,2022,부산광역시
승합(대형),우진산전,아폴로900전기버스,4658,500,5158,2022년도 전기자동차 부산광역시 모델별 보조금,2022,부산광역시
승합(대형),우진산전,아폴로1100전기버스 22MY,7000,500,7500,2022년도 전기자동차 부산광역시 모델별 보조금,2022,부산광역시
승합(대형),피라인모터스,HYPERS(신형),5917,500,6417,2022년도 전기자동차 부산광역시 모델별 보조금,2022,부산광역시
승합(대형),피라인모터스,HYPERS(H),5778,500,6278,2022년도 전기자동차 부산광역시 모델별 보조금,2022,부산광역시
승합(대형),피라인모터스,HYPERS(11L),5021,500,5521,2022년도 전기자동차 부산광역시 모델별 보조금,2022,부산광역시
승합(대형),피라인모터스,HYPERS1611,6021,500,6521,2022년도 전기자동차 부산광역시 모델별 보조금,2022,부산광역시
승합(대형),피라인모터스,HYPERS1609,6068,500,6568,2022년도 전기자동차 부산광역시 모델별 보조금,2022,부산광역시
승합(대형),피라인모터스,HYPERS1612,5795,500,6295,2022년도 전기자동차 부산광역시 모델별 보조금,2022,부산광역시
승합(대형),피라인모터스,HYPERS1609H,6610,500,7110,2022년도 전기자동차 부산광역시 모델별 보조금,2022,부산광역시
승합(대형),비바모빌리티,(단종)브이버스90N,6430,500,6930,2022년도 전기자동차 부산광역시 모델별 보조금,2022,부산광역시
승합(대형),비바모빌리티,(단종)브이버스110-B,6839,500,7339,2022년도 전기자동차 부산광역시 모델별 보조금,2022,부산광역시
승합(대형),북경모터스,그린타운(850),4265,500,4765,2022년도 전기자동차 부산광역시 모델별 보조금,2022,부산광역시
승합(대형),북경모터스,그린타운플러스,6550,500,7050,2022년도 전기자동차 부산광역시 모델별 보조금,2022,부산광역시
승합(대형),범한자동차,E-SKY11(350kWh),7000,500,7500,2022년도 전기자동차 부산광역시 모델별 보조금,2022,부산광역시
승합(대형),범한자동차,E-SKY9(281kWh),7000,500,7500,2022년도 전기자동차 부산광역시 모델별 보조금,2022,부산광역시
승합(대형),범한자동차,E-STAR8 V1,6454,500,6954,2022년도 전기자동차 부산광역시 모델별 보조금,2022,부산광역시
승합(대형),범한자동차,E-STAR11,7000,500,7500,2022년도 전기자동차 부산광역시 모델별 보조금,2022,부산광역시
승합(대형),에스에이피,아이즘(IZM),7000,500,7500,2022년도 전기자동차 부산광역시 모델별 보조금,2022,부산광역시
승합(대형),에스에이피,엘페(ELFE),7000,500,7500,2022년도 전기자동차 부산광역시 모델별 보조금,2022,부산광역시
승합(대형),에스에이피,리오네(LIONNE),7000,500,7500,2022년도 전기자동차 부산광역시 모델별 보조금,2022,부산광역시
승합(대형),GS글로벌,eBus-12(K9DC),7000,500,7500,2022년도 전기자동차 부산광역시 모델별 보조금,2022,부산광역시
승합(대형),GS글로벌,NEW BYD eBus-12,7000,500,7500,2022년도 전기자동차 부산광역시 모델별 보조금,2022,부산광역시
승합(대형),티에스에코에너지,일레누스,7000,500,7500,2022년도 전기자동차 부산광역시 모델별 보조금,2022,부산광역시
승합(대형),티에스에코에너지,일레누스(TS900),6251,500,6751,2022년도 전기자동차 부산광역시 모델별 보조금,2022,부산광역시
승합(대형),이온모터스,시티라이트,5815,0,5815,2022년도 전기자동차 부산광역시 모델별 보조금,2022,부산광역시
승합(대형),이온모터스,시티라이트Ⅱ,7000,500,7500,2022년도 전기자동차 부산광역시 모델별 보조금,2022,부산광역시
승합(대형),이온모터스,시티라이트9,7000,500,7500,2022년도 전기자동차 부산광역시 모델별 보조금,2022,부산광역시
승합(대형),한차,GREENWAY1100,6388,500,6888,2022년도 전기자동차 부산광역시 모델별 보조금,2022,부산광역시
승합(대형),한차,GREENWAY1100A,7000,0,7000,2022년도 전기자동차 부산광역시 모델별 보조금,2022,부산광역시
승합(대형),이엠코리아,에픽시티(LFP),7000,500,7500,2022년도 전기자동차 부산광역시 모델별 보조금,2022,부산광역시
승합(대형),태영티엔티,GD11,5749,500,6249,2022년도 전기자동차 부산광역시 모델별 보조금,2022,부산광역시
승합(대형),재일홀딩스,그린타운400,6418,500,6918,2022년도 전기자동차 부산광역시 모델별 보조금,2022,부산광역시
승합(중형),현대자동차,카운티 일렉트릭(어린이운송용 30인승),4383,876,5259,2022년도 전기자동차 대구광역시 모델별 보조금,2022,대구광역시
승합(중형),현대자동차,(단종)카운티 일렉트릭(어린이운송용 33인승 V2),4391,878,5269,2022년도 전기자동차 대구광역시 모델별 보조금,2022,대구광역시
승합(중형),현대자동차,카운티 일렉트릭(어린이운송용 33인승),4391,878,5269,2022년도 전기자동차 대구광역시 모델별 보조금,2022,대구광역시
승합(중형),현대자동차,카운티 일렉트릭,4391,878,5269,2022년도 전기자동차 대구광역시 모델별 보조금,2022,대구광역시
승합(중형),현대자동차,카운티 일렉트릭(마을버스),5000,1000,6000,2022년도 전기자동차 대구광역시 모델별 보조금,2022,대구광역시
승합(중형),우진산전,아폴로750,4780,956,5736,2022년도 전기자동차 대구광역시 모델별 보조금,2022,대구광역시
승합(중형),우진산전,아폴로750(15인승),5000,1000,6000,2022년도 전기자동차 대구광역시 모델별 보조금,2022,대구광역시
승합(중형),우진산전,아폴로750전기버스,5000,1000,6000,2022년도 전기자동차 대구광역시 모델별 보조금,2022,대구광역시
승합(중형),이비온,E6,2539,507,3046,2022년도 전기자동차 대구광역시 모델별 보조금,2022,대구광역시
승합(중형),이비온,"E6(JL618S), 어린이통학",3570,714,4284,2022년도 전기자동차 대구광역시 모델별 보조금,2022,대구광역시
승합(중형),GS글로벌,NEW BYD eBus-7,4357,871,5228,2022년도 전기자동차 대구광역시 모델별 보조금,2022,대구광역시
승합(중형),한신자동차,바네스,2821,564,3385,2022년도 전기자동차 대구광역시 모델별 보조금,2022,대구광역시
승합(중형),비바모빌리티,VBUS60,3789,757,4546,2022년도 전기자동차 대구광역시 모델별 보조금,2022,대구광역시
승합(중형),비바모빌리티,브이버스60i(어린이운송용),3791,758,4549,2022년도 전기자동차 대구광역시 모델별 보조금,2022,대구광역시
승합(중형),케이지모빌리티커머셜,SMART 8.7,5000,1000,6000,2022년도 전기자동차 대구광역시 모델별 보조금,2022,대구광역시
승합(중형),한차,GREENWAY720,5000,1000,6000,2022년도 전기자동차 대구광역시 모델별 보조금,2022,대구광역시
승합(대형),현대자동차,일렉시티 굴절버스,14693,0,14693,2022년도 전기자동차 대구광역시 모델별 보조금,2022,대구광역시
승합(대형),현대자동차,일렉시티 이층버스,12501,0,12501,2022년도 전기자동차 대구광역시 모델별 보조금,2022,대구광역시
승합(대형),현대자동차,일렉시티(3PACK),7000,0,7000,2022년도 전기자동차 대구광역시 모델별 보조금,2022,대구광역시
승합(대형),현대자동차,일렉시티(4PACK V1),7000,0,7000,2022년도 전기자동차 대구광역시 모델별 보조금,2022,대구광역시
승합(대형),케이지모빌리티커머셜,이-스마트(57인승),5522,0,5522,2022년도 전기자동차 대구광역시 모델별 보조금,2022,대구광역시
승합(대형),케이지모빌리티커머셜,이-스마트(51인승),5510,0,5510,2022년도 전기자동차 대구광역시 모델별 보조금,2022,대구광역시
승합(대형),케이지모빌리티커머셜,SMART 9.3,7000,0,7000,2022년도 전기자동차 대구광역시 모델별 보조금,2022,대구광역시
승합(대형),케이지모빌리티커머셜,SMART 110(272kWh),7000,0,7000,2022년도 전기자동차 대구광역시 모델별 보조금,2022,대구광역시
승합(대형),케이지모빌리티커머셜,SMART 110E(347kWh),7000,0,7000,2022년도 전기자동차 대구광역시 모델별 보조금,2022,대구광역시
승합(대형),케이지모빌리티커머셜,SMART 110(260kWh),7000,0,7000,2022년도 전기자동차 대구광역시 모델별 보조금,2022,대구광역시
승합(대형),케이지모빌리티커머셜,SMART 110E(260kWh),7000,0,7000,2022년도 전기자동차 대구광역시 모델별 보조금,2022,대구광역시
승합(대형),우진산전,아폴로1100,6396,0,6396,2022년도 전기자동차 대구광역시 모델별 보조금,2022,대구광역시
승합(대형),우진산전,아폴로1100(258kWh),6746,0,6746,2022년도 전기자동차 대구광역시 모델별 보조금,2022,대구광역시
승합(대형),우진산전,아폴로1100(11CTLP),6133,0,6133,2022년도 전기자동차 대구광역시 모델별 보조금,2022,대구광역시
승합(대형),우진산전,아폴로900전기버스,4658,0,4658,2022년도 전기자동차 대구광역시 모델별 보조금,2022,대구광역시
승합(대형),우진산전,아폴로1100전기버스 22MY,7000,0,7000,2022년도 전기자동차 대구광역시 모델별 보조금,2022,대구광역시
승합(대형),피라인모터스,HYPERS(신형),5917,0,5917,2022년도 전기자동차 대구광역시 모델별 보조금,2022,대구광역시
승합(대형),피라인모터스,HYPERS(H),5778,0,5778,2022년도 전기자동차 대구광역시 모델별 보조금,2022,대구광역시
승합(대형),피라인모터스,HYPERS(11L),5021,0,5021,2022년도 전기자동차 대구광역시 모델별 보조금,2022,대구광역시
승합(대형),피라인모터스,HYPERS1611,6021,0,6021,2022년도 전기자동차 대구광역시 모델별 보조금,2022,대구광역시
승합(대형),피라인모터스,HYPERS1609,6068,0,6068,2022년도 전기자동차 대구광역시 모델별 보조금,2022,대구광역시
승합(대형),피라인모터스,HYPERS1612,5795,0,5795,2022년도 전기자동차 대구광역시 모델별 보조금,2022,대구광역시
승합(대형),피라인모터스,HYPERS1609H,6610,0,6610,2022년도 전기자동차 대구광역시 모델별 보조금,2022,대구광역시
승합(대형),비바모빌리티,(단종)브이버스90N,6430,0,6430,2022년도 전기자동차 대구광역시 모델별 보조금,2022,대구광역시
승합(대형),비바모빌리티,(단종)브이버스110-B,6839,0,6839,2022년도 전기자동차 대구광역시 모델별 보조금,2022,대구광역시
승합(대형),북경모터스,그린타운(850),4265,0,4265,2022년도 전기자동차 대구광역시 모델별 보조금,2022,대구광역시
승합(대형),북경모터스,그린타운플러스,6550,0,6550,2022년도 전기자동차 대구광역시 모델별 보조금,2022,대구광역시
승합(대형),범한자동차,E-SKY11(350kWh),7000,0,7000,2022년도 전기자동차 대구광역시 모델별 보조금,2022,대구광역시
승합(대형),범한자동차,E-SKY9(281kWh),7000,0,7000,2022년도 전기자동차 대구광역시 모델별 보조금,2022,대구광역시
승합(대형),범한자동차,E-STAR8 V1,6454,0,6454,2022년도 전기자동차 대구광역시 모델별 보조금,2022,대구광역시
승합(대형),범한자동차,E-STAR11,7000,9200,16200,2022년도 전기자동차 대구광역시 모델별 보조금,2022,대구광역시
승합(대형),에스에이피,아이즘(IZM),7000,0,7000,2022년도 전기자동차 대구광역시 모델별 보조금,2022,대구광역시
승합(대형),에스에이피,엘페(ELFE),7000,0,7000,2022년도 전기자동차 대구광역시 모델별 보조금,2022,대구광역시
승합(대형),에스에이피,리오네(LIONNE),7000,0,7000,2022년도 전기자동차 대구광역시 모델별 보조금,2022,대구광역시
승합(대형),GS글로벌,eBus-12(K9DC),7000,0,7000,2022년도 전기자동차 대구광역시 모델별 보조금,2022,대구광역시
승합(대형),GS글로벌,NEW BYD eBus-12,7000,0,7000,2022년도 전기자동차 대구광역시 모델별 보조금,2022,대구광역시
승합(대형),티에스에코에너지,일레누스,7000,0,7000,2022년도 전기자동차 대구광역시 모델별 보조금,2022,대구광역시
승합(대형),티에스에코에너지,일레누스(TS900),6251,0,6251,2022년도 전기자동차 대구광역시 모델별 보조금,2022,대구광역시
승합(대형),이온모터스,시티라이트,5815,0,5815,2022년도 전기자동차 대구광역시 모델별 보조금,2022,대구광역시
승합(대형),이온모터스,시티라이트Ⅱ,7000,0,7000,2022년도 전기자동차 대구광역시 모델별 보조금,2022,대구광역시
승합(대형),이온모터스,시티라이트9,7000,0,7000,2022년도 전기자동차 대구광역시 모델별 보조금,2022,대구광역시
승합(대형),한차,GREENWAY1100,6388,0,6388,2022년도 전기자동차 대구광역시 모델별 보조금,2022,대구광역시
승합(대형),한차,GREENWAY1100A,7000,0,7000,2022년도 전기자동차 대구광역시 모델별 보조금,2022,대구광역시
승합(대형),이엠코리아,에픽시티(LFP),7000,0,7000,2022년도 전기자동차 대구광역시 모델별 보조금,2022,대구광역시
승합(대형),태영티엔티,GD11,5749,0,5749,2022년도 전기자동차 대구광역시 모델별 보조금,2022,대구광역시
승합(대형),재일홀딩스,그린타운400,6418,0,6418,2022년도 전기자동차 대구광역시 모델별 보조금,2022,대구광역시
승합(중형),현대자동차,카운티 일렉트릭(어린이운송용 30인승),4383,626,5009,2022년도 전기자동차 인천광역시 모델별 보조금,2022,인천광역시
승합(중형),현대자동차,(단종)카운티 일렉트릭(어린이운송용 33인승 V2),4391,627,5018,2022년도 전기자동차 인천광역시 모델별 보조금,2022,인천광역시
승합(중형),현대자동차,카운티 일렉트릭(어린이운송용 33인승),4391,627,5018,2022년도 전기자동차 인천광역시 모델별 보조금,2022,인천광역시
승합(중형),현대자동차,카운티 일렉트릭,4391,627,5018,2022년도 전기자동차 인천광역시 모델별 보조금,2022,인천광역시
승합(중형),현대자동차,카운티 일렉트릭(마을버스),5000,714,5714,2022년도 전기자동차 인천광역시 모델별 보조금,2022,인천광역시
승합(중형),우진산전,아폴로750,4780,682,5462,2022년도 전기자동차 인천광역시 모델별 보조금,2022,인천광역시
승합(중형),우진산전,아폴로750(15인승),5000,714,5714,2022년도 전기자동차 인천광역시 모델별 보조금,2022,인천광역시
승합(중형),우진산전,아폴로750전기버스,5000,714,5714,2022년도 전기자동차 인천광역시 모델별 보조금,2022,인천광역시
승합(중형),이비온,E6,2539,362,2901,2022년도 전기자동차 인천광역시 모델별 보조금,2022,인천광역시
승합(중형),이비온,"E6(JL618S), 어린이통학",3570,510,4080,2022년도 전기자동차 인천광역시 모델별 보조금,2022,인천광역시
승합(중형),GS글로벌,NEW BYD eBus-7,4357,622,4979,2022년도 전기자동차 인천광역시 모델별 보조금,2022,인천광역시
승합(중형),한신자동차,바네스,2821,403,3224,2022년도 전기자동차 인천광역시 모델별 보조금,2022,인천광역시
승합(중형),비바모빌리티,VBUS60,3789,541,4330,2022년도 전기자동차 인천광역시 모델별 보조금,2022,인천광역시
승합(중형),비바모빌리티,브이버스60i(어린이운송용),3791,541,4332,2022년도 전기자동차 인천광역시 모델별 보조금,2022,인천광역시
승합(중형),케이지모빌리티커머셜,SMART 8.7,5000,714,5714,2022년도 전기자동차 인천광역시 모델별 보조금,2022,인천광역시
승합(중형),한차,GREENWAY720,5000,714,5714,2022년도 전기자동차 인천광역시 모델별 보조금,2022,인천광역시
승합(대형),현대자동차,일렉시티 굴절버스,14693,0,14693,2022년도 전기자동차 인천광역시 모델별 보조금,2022,인천광역시
승합(대형),현대자동차,일렉시티 이층버스,12501,0,12501,2022년도 전기자동차 인천광역시 모델별 보조금,2022,인천광역시
승합(대형),현대자동차,일렉시티(3PACK),7000,0,7000,2022년도 전기자동차 인천광역시 모델별 보조금,2022,인천광역시
승합(대형),현대자동차,일렉시티(4PACK V1),7000,0,7000,2022년도 전기자동차 인천광역시 모델별 보조금,2022,인천광역시
승합(대형),케이지모빌리티커머셜,이-스마트(57인승),5522,0,5522,2022년도 전기자동차 인천광역시 모델별 보조금,2022,인천광역시
승합(대형),케이지모빌리티커머셜,이-스마트(51인승),5510,0,5510,2022년도 전기자동차 인천광역시 모델별 보조금,2022,인천광역시
승합(대형),케이지모빌리티커머셜,SMART 9.3,7000,0,7000,2022년도 전기자동차 인천광역시 모델별 보조금,2022,인천광역시
승합(대형),케이지모빌리티커머셜,SMART 110(272kWh),7000,0,7000,2022년도 전기자동차 인천광역시 모델별 보조금,2022,인천광역시
승합(대형),케이지모빌리티커머셜,SMART 110E(347kWh),7000,0,7000,2022년도 전기자동차 인천광역시 모델별 보조금,2022,인천광역시
승합(대형),케이지모빌리티커머셜,SMART 110(260kWh),7000,0,7000,2022년도 전기자동차 인천광역시 모델별 보조금,2022,인천광역시
승합(대형),케이지모빌리티커머셜,SMART 110E(260kWh),7000,0,7000,2022년도 전기자동차 인천광역시 모델별 보조금,2022,인천광역시
승합(대형),우진산전,아폴로1100,6396,0,6396,2022년도 전기자동차 인천광역시 모델별 보조금,2022,인천광역시
승합(대형),우진산전,아폴로1100(258kWh),6746,0,6746,2022년도 전기자동차 인천광역시 모델별 보조금,2022,인천광역시
승합(대형),우진산전,아폴로1100(11CTLP),6133,0,6133,2022년도 전기자동차 인천광역시 모델별 보조금,2022,인천광역시
승합(대형),우진산전,아폴로1100전기버스 22MY,7000,0,7000,2022년도 전기자동차 인천광역시 모델별 보조금,2022,인천광역시
승합(대형),피라인모터스,HYPERS(신형),5917,845,6762,2022년도 전기자동차 인천광역시 모델별 보조금,2022,인천광역시
승합(대형),피라인모터스,HYPERS(H),5778,0,5778,2022년도 전기자동차 인천광역시 모델별 보조금,2022,인천광역시
승합(대형),피라인모터스,HYPERS(11L),5021,0,5021,2022년도 전기자동차 인천광역시 모델별 보조금,2022,인천광역시
승합(대형),피라인모터스,HYPERS1611,6021,860,6881,2022년도 전기자동차 인천광역시 모델별 보조금,2022,인천광역시
승합(대형),피라인모터스,HYPERS1609,6068,0,6068,2022년도 전기자동차 인천광역시 모델별 보조금,2022,인천광역시
승합(대형),피라인모터스,HYPERS1612,5795,0,5795,2022년도 전기자동차 인천광역시 모델별 보조금,2022,인천광역시
승합(대형),피라인모터스,HYPERS1609H,6610,0,6610,2022년도 전기자동차 인천광역시 모델별 보조금,2022,인천광역시
승합(대형),비바모빌리티,(단종)브이버스90N,6430,0,6430,2022년도 전기자동차 인천광역시 모델별 보조금,2022,인천광역시
승합(대형),비바모빌리티,(단종)브이버스110-B,6839,0,6839,2022년도 전기자동차 인천광역시 모델별 보조금,2022,인천광역시
승합(대형),북경모터스,그린타운(850),4265,0,4265,2022년도 전기자동차 인천광역시 모델별 보조금,2022,인천광역시
승합(대형),북경모터스,그린타운플러스,6550,0,6550,2022년도 전기자동차 인천광역시 모델별 보조금,2022,인천광역시
승합(대형),범한자동차,E-SKY11(350kWh),7000,0,7000,2022년도 전기자동차 인천광역시 모델별 보조금,2022,인천광역시
승합(대형),범한자동차,E-STAR8 V1,6454,0,6454,2022년도 전기자동차 인천광역시 모델별 보조금,2022,인천광역시
승합(대형),에스에이피,아이즘(IZM),7000,0,7000,2022년도 전기자동차 인천광역시 모델별 보조금,2022,인천광역시
승합(대형),에스에이피,엘페(ELFE),7000,0,7000,2022년도 전기자동차 인천광역시 모델별 보조금,2022,인천광역시
승합(대형),에스에이피,리오네(LIONNE),7000,0,7000,2022년도 전기자동차 인천광역시 모델별 보조금,2022,인천광역시
승합(대형),GS글로벌,eBus-12(K9DC),7000,0,7000,2022년도 전기자동차 인천광역시 모델별 보조금,2022,인천광역시
승합(대형),GS글로벌,NEW BYD eBus-12,7000,0,7000,2022년도 전기자동차 인천광역시 모델별 보조금,2022,인천광역시
승합(대형),티에스에코에너지,일레누스,7000,0,7000,2022년도 전기자동차 인천광역시 모델별 보조금,2022,인천광역시
승합(대형),이온모터스,시티라이트Ⅱ,7000,0,7000,2022년도 전기자동차 인천광역시 모델별 보조금,2022,인천광역시
승합(대형),이온모터스,시티라이트9,7000,0,7000,2022년도 전기자동차 인천광역시 모델별 보조금,2022,인천광역시
승합(대형),한차,GREENWAY1100,6388,0,6388,2022년도 전기자동차 인천광역시 모델별 보조금,2022,인천광역시
승합(대형),이엠코리아,에픽시티(LFP),7000,0,7000,2022년도 전기자동차 인천광역시 모델별 보조금,2022,인천광역시
승합(대형),태영티엔티,GD11,5749,0,5749,2022년도 전기자동차 인천광역시 모델별 보조금,2022,인천광역시
승합(중형),현대자동차,카운티 일렉트릭(어린이운송용 30인승),4383,1000,5383,2022년도 전기자동차 광주광역시 모델별 보조금,2022,광주광역시
승합(중형),현대자동차,(단종)카운티 일렉트릭(어린이운송용 33인승 V2),4391,1000,5391,2022년도 전기자동차 광주광역시 모델별 보조금,2022,광주광역시
승합(중형),현대자동차,카운티 일렉트릭(어린이운송용 33인승),4391,1000,5391,2022년도 전기자동차 광주광역시 모델별 보조금,2022,광주광역시
승합(중형),현대자동차,카운티 일렉트릭,4391,1000,5391,2022년도 전기자동차 광주광역시 모델별 보조금,2022,광주광역시
승합(중형),현대자동차,카운티 일렉트릭(마을버스),5000,1000,6000,2022년도 전기자동차 광주광역시 모델별 보조금,2022,광주광역시
승합(중형),우진산전,아폴로750,4780,1000,5780,2022년도 전기자동차 광주광역시 모델별 보조금,2022,광주광역시
승합(중형),우진산전,아폴로750(15인승),5000,1000,6000,2022년도 전기자동차 광주광역시 모델별 보조금,2022,광주광역시
승합(중형),우진산전,아폴로750전기버스,5000,1000,6000,2022년도 전기자동차 광주광역시 모델별 보조금,2022,광주광역시
승합(중형),이비온,E6,2539,1000,3539,2022년도 전기자동차 광주광역시 모델별 보조금,2022,광주광역시
승합(중형),이비온,"E6(JL618S), 어린이통학",3570,1000,4570,2022년도 전기자동차 광주광역시 모델별 보조금,2022,광주광역시
승합(중형),GS글로벌,NEW BYD eBus-7,4357,1000,5357,2022년도 전기자동차 광주광역시 모델별 보조금,2022,광주광역시
승합(중형),한신자동차,바네스,2821,1000,3821,2022년도 전기자동차 광주광역시 모델별 보조금,2022,광주광역시
승합(중형),비바모빌리티,VBUS60,3789,1000,4789,2022년도 전기자동차 광주광역시 모델별 보조금,2022,광주광역시
승합(중형),비바모빌리티,브이버스60i(어린이운송용),3791,1000,4791,2022년도 전기자동차 광주광역시 모델별 보조금,2022,광주광역시
승합(중형),케이지모빌리티커머셜,SMART 8.7,5000,1000,6000,2022년도 전기자동차 광주광역시 모델별 보조금,2022,광주광역시
승합(중형),한차,GREENWAY720,5000,1000,6000,2022년도 전기자동차 광주광역시 모델별 보조금,2022,광주광역시
승합(대형),현대자동차,일렉시티 굴절버스,14693,0,14693,2022년도 전기자동차 광주광역시 모델별 보조금,2022,광주광역시
승합(대형),현대자동차,일렉시티 이층버스,12501,0,12501,2022년도 전기자동차 광주광역시 모델별 보조금,2022,광주광역시
승합(대형),현대자동차,일렉시티(3PACK),7000,0,7000,2022년도 전기자동차 광주광역시 모델별 보조금,2022,광주광역시
승합(대형),현대자동차,일렉시티(4PACK V1),7000,0,7000,2022년도 전기자동차 광주광역시 모델별 보조금,2022,광주광역시
승합(대형),현대자동차,일렉시티 타운,7000,0,7000,2022년도 전기자동차 광주광역시 모델별 보조금,2022,광주광역시
승합(대형),케이지모빌리티커머셜,이-스마트(57인승),5522,0,5522,2022년도 전기자동차 광주광역시 모델별 보조금,2022,광주광역시
승합(대형),케이지모빌리티커머셜,이-스마트(51인승),5510,0,5510,2022년도 전기자동차 광주광역시 모델별 보조금,2022,광주광역시
승합(대형),케이지모빌리티커머셜,SMART 9.3,7000,0,7000,2022년도 전기자동차 광주광역시 모델별 보조금,2022,광주광역시
승합(대형),케이지모빌리티커머셜,SMART 110(272kWh),7000,0,7000,2022년도 전기자동차 광주광역시 모델별 보조금,2022,광주광역시
승합(대형),케이지모빌리티커머셜,SMART 110E(347kWh),7000,0,7000,2022년도 전기자동차 광주광역시 모델별 보조금,2022,광주광역시
승합(대형),케이지모빌리티커머셜,SMART 110(260kWh),7000,0,7000,2022년도 전기자동차 광주광역시 모델별 보조금,2022,광주광역시
승합(대형),케이지모빌리티커머셜,SMART 110E(260kWh),7000,0,7000,2022년도 전기자동차 광주광역시 모델별 보조금,2022,광주광역시
승합(대형),우진산전,아폴로1100,6396,0,6396,2022년도 전기자동차 광주광역시 모델별 보조금,2022,광주광역시
승합(대형),우진산전,아폴로1100(258kWh),6746,0,6746,2022년도 전기자동차 광주광역시 모델별 보조금,2022,광주광역시
승합(대형),우진산전,아폴로1100(11CTLP),6133,0,6133,2022년도 전기자동차 광주광역시 모델별 보조금,2022,광주광역시
승합(대형),우진산전,아폴로900전기버스,4658,0,4658,2022년도 전기자동차 광주광역시 모델별 보조금,2022,광주광역시
승합(대형),우진산전,아폴로1100전기버스 22MY,7000,0,7000,2022년도 전기자동차 광주광역시 모델별 보조금,2022,광주광역시
승합(대형),피라인모터스,HYPERS(신형),5917,0,5917,2022년도 전기자동차 광주광역시 모델별 보조금,2022,광주광역시
승합(대형),피라인모터스,HYPERS(H),5778,0,5778,2022년도 전기자동차 광주광역시 모델별 보조금,2022,광주광역시
승합(대형),피라인모터스,HYPERS(11L),5021,0,5021,2022년도 전기자동차 광주광역시 모델별 보조금,2022,광주광역시
승합(대형),피라인모터스,HYPERS1611,6021,0,6021,2022년도 전기자동차 광주광역시 모델별 보조금,2022,광주광역시
승합(대형),피라인모터스,HYPERS1609,6068,0,6068,2022년도 전기자동차 광주광역시 모델별 보조금,2022,광주광역시
승합(대형),피라인모터스,HYPERS1612,5795,0,5795,2022년도 전기자동차 광주광역시 모델별 보조금,2022,광주광역시
승합(대형),피라인모터스,HYPERS1609H,6610,0,6610,2022년도 전기자동차 광주광역시 모델별 보조금,2022,광주광역시
승합(대형),피라인모터스,HYPERS1612N,7000,0,7000,2022년도 전기자동차 광주광역시 모델별 보조금,2022,광주광역시
승합(대형),피라인모터스,HYPERS1609N,7000,0,7000,2022년도 전기자동차 광주광역시 모델별 보조금,2022,광주광역시
승합(대형),피라인모터스,HYPERS1611N,6660,0,6660,2022년도 전기자동차 광주광역시 모델별 보조금,2022,광주광역시
승합(대형),비바모빌리티,(단종)브이버스90N,6430,0,6430,2022년도 전기자동차 광주광역시 모델별 보조금,2022,광주광역시
승합(대형),비바모빌리티,(단종)브이버스120,7000,0,7000,2022년도 전기자동차 광주광역시 모델별 보조금,2022,광주광역시
승합(대형),비바모빌리티,(단종)브이버스110-B,6839,0,6839,2022년도 전기자동차 광주광역시 모델별 보조금,2022,광주광역시
승합(대형),북경모터스,그린타운(850),4265,0,4265,2022년도 전기자동차 광주광역시 모델별 보조금,2022,광주광역시
승합(대형),북경모터스,그린타운플러스,6550,0,6550,2022년도 전기자동차 광주광역시 모델별 보조금,2022,광주광역시
승합(대형),범한자동차,E-SKY11(350kWh),7000,0,7000,2022년도 전기자동차 광주광역시 모델별 보조금,2022,광주광역시
승합(대형),범한자동차,E-SKY9(281kWh),7000,0,7000,2022년도 전기자동차 광주광역시 모델별 보조금,2022,광주광역시
승합(대형),범한자동차,E-STAR8 V1,6454,0,6454,2022년도 전기자동차 광주광역시 모델별 보조금,2022,광주광역시
승합(대형),범한자동차,E-STAR11,7000,0,7000,2022년도 전기자동차 광주광역시 모델별 보조금,2022,광주광역시
승합(대형),에스에이피,아이즘(IZM),7000,0,7000,2022년도 전기자동차 광주광역시 모델별 보조금,2022,광주광역시
승합(대형),에스에이피,엘페(ELFE),7000,0,7000,2022년도 전기자동차 광주광역시 모델별 보조금,2022,광주광역시
승합(대형),에스에이피,리오네(LIONNE),7000,0,7000,2022년도 전기자동차 광주광역시 모델별 보조금,2022,광주광역시
승합(대형),GS글로벌,eBus-12(K9DC),7000,0,7000,2022년도 전기자동차 광주광역시 모델별 보조금,2022,광주광역시
승합(대형),GS글로벌,NEW BYD eBus-12,7000,0,7000,2022년도 전기자동차 광주광역시 모델별 보조금,2022,광주광역시
승합(대형),티에스에코에너지,일레누스,7000,0,7000,2022년도 전기자동차 광주광역시 모델별 보조금,2022,광주광역시
승합(대형),티에스에코에너지,일레누스(TS900),6251,0,6251,2022년도 전기자동차 광주광역시 모델별 보조금,2022,광주광역시
승합(대형),이온모터스,시티라이트,5815,0,5815,2022년도 전기자동차 광주광역시 모델별 보조금,2022,광주광역시
승합(대형),이온모터스,시티라이트Ⅱ,7000,0,7000,2022년도 전기자동차 광주광역시 모델별 보조금,2022,광주광역시
승합(대형),이온모터스,시티라이트9,7000,0,7000,2022년도 전기자동차 광주광역시 모델별 보조금,2022,광주광역시
승합(대형),한차,GREENWAY1100,6388,0,6388,2022년도 전기자동차 광주광역시 모델별 보조금,2022,광주광역시
승합(대형),한차,GREENWAY1100A,7000,0,7000,2022년도 전기자동차 광주광역시 모델별 보조금,2022,광주광역시
승합(대형),이엠코리아,에픽시티(LFP),7000,0,7000,2022년도 전기자동차 광주광역시 모델별 보조금,2022,광주광역시
승합(대형),태영티엔티,GD11,5749,0,5749,2022년도 전기자동차 광주광역시 모델별 보조금,2022,광주광역시
승합(대형),재일홀딩스,그린타운400,6418,0,6418,2022년도 전기자동차 광주광역시 모델별 보조금,2022,광주광역시
승합(중형),현대자동차,카운티 일렉트릭(어린이운송용 30인승),4383,4383,8766,2022년도 전기자동차 대전광역시 모델별 보조금,2022,대전광역시
승합(중형),현대자동차,(단종)카운티 일렉트릭(어린이운송용 33인승 V2),4391,4391,8782,2022년도 전기자동차 대전광역시 모델별 보조금,2022,대전광역시
승합(중형),현대자동차,카운티 일렉트릭(어린이운송용 33인승),4391,4391,8782,2022년도 전기자동차 대전광역시 모델별 보조금,2022,대전광역시
승합(중형),현대자동차,카운티 일렉트릭,4391,4391,8782,2022년도 전기자동차 대전광역시 모델별 보조금,2022,대전광역시
승합(중형),현대자동차,카운티 일렉트릭(마을버스),5000,5000,10000,2022년도 전기자동차 대전광역시 모델별 보조금,2022,대전광역시
승합(중형),우진산전,아폴로750,4780,4780,9560,2022년도 전기자동차 대전광역시 모델별 보조금,2022,대전광역시
승합(중형),우진산전,아폴로750(15인승),5000,5000,10000,2022년도 전기자동차 대전광역시 모델별 보조금,2022,대전광역시
승합(중형),우진산전,아폴로750전기버스,5000,5000,10000,2022년도 전기자동차 대전광역시 모델별 보조금,2022,대전광역시
승합(중형),이비온,E6,2539,2539,5078,2022년도 전기자동차 대전광역시 모델별 보조금,2022,대전광역시
승합(중형),이비온,"E6(JL618S), 어린이통학",3570,3570,7140,2022년도 전기자동차 대전광역시 모델별 보조금,2022,대전광역시
승합(중형),GS글로벌,NEW BYD eBus-7,4357,4357,8714,2022년도 전기자동차 대전광역시 모델별 보조금,2022,대전광역시
승합(중형),한신자동차,바네스,2821,2851,5672,2022년도 전기자동차 대전광역시 모델별 보조금,2022,대전광역시
승합(중형),비바모빌리티,VBUS60,3789,3789,7578,2022년도 전기자동차 대전광역시 모델별 보조금,2022,대전광역시
승합(중형),비바모빌리티,브이버스60i(어린이운송용),3791,3791,7582,2022년도 전기자동차 대전광역시 모델별 보조금,2022,대전광역시
승합(중형),케이지모빌리티커머셜,SMART 8.7,5000,5000,10000,2022년도 전기자동차 대전광역시 모델별 보조금,2022,대전광역시
승합(중형),한차,GREENWAY720,5000,5000,10000,2022년도 전기자동차 대전광역시 모델별 보조금,2022,대전광역시
승합(대형),현대자동차,일렉시티 굴절버스,14693,0,14693,2022년도 전기자동차 대전광역시 모델별 보조금,2022,대전광역시
승합(대형),현대자동차,일렉시티 이층버스,12501,0,12501,2022년도 전기자동차 대전광역시 모델별 보조금,2022,대전광역시
승합(대형),현대자동차,일렉시티(3PACK),7000,0,7000,2022년도 전기자동차 대전광역시 모델별 보조금,2022,대전광역시
승합(대형),현대자동차,일렉시티(4PACK V1),7000,0,7000,2022년도 전기자동차 대전광역시 모델별 보조금,2022,대전광역시
승합(대형),케이지모빌리티커머셜,이-스마트(57인승),5522,0,5522,2022년도 전기자동차 대전광역시 모델별 보조금,2022,대전광역시
승합(대형),케이지모빌리티커머셜,이-스마트(51인승),5510,0,5510,2022년도 전기자동차 대전광역시 모델별 보조금,2022,대전광역시
승합(대형),케이지모빌리티커머셜,SMART 9.3,7000,0,7000,2022년도 전기자동차 대전광역시 모델별 보조금,2022,대전광역시
승합(대형),케이지모빌리티커머셜,SMART 110(272kWh),7000,0,7000,2022년도 전기자동차 대전광역시 모델별 보조금,2022,대전광역시
승합(대형),케이지모빌리티커머셜,SMART 110E(347kWh),7000,0,7000,2022년도 전기자동차 대전광역시 모델별 보조금,2022,대전광역시
승합(대형),케이지모빌리티커머셜,SMART 110(260kWh),7000,0,7000,2022년도 전기자동차 대전광역시 모델별 보조금,2022,대전광역시
승합(대형),케이지모빌리티커머셜,SMART 110E(260kWh),7000,0,7000,2022년도 전기자동차 대전광역시 모델별 보조금,2022,대전광역시
승합(대형),우진산전,아폴로1100,6396,0,6396,2022년도 전기자동차 대전광역시 모델별 보조금,2022,대전광역시
승합(대형),우진산전,아폴로1100(258kWh),6746,0,6746,2022년도 전기자동차 대전광역시 모델별 보조금,2022,대전광역시
승합(대형),우진산전,아폴로1100(11CTLP),6133,0,6133,2022년도 전기자동차 대전광역시 모델별 보조금,2022,대전광역시
승합(대형),우진산전,아폴로900전기버스,4658,0,4658,2022년도 전기자동차 대전광역시 모델별 보조금,2022,대전광역시
승합(대형),우진산전,아폴로1100전기버스 22MY,7000,0,7000,2022년도 전기자동차 대전광역시 모델별 보조금,2022,대전광역시
승합(대형),피라인모터스,HYPERS(신형),5917,0,5917,2022년도 전기자동차 대전광역시 모델별 보조금,2022,대전광역시
승합(대형),피라인모터스,HYPERS(H),5778,0,5778,2022년도 전기자동차 대전광역시 모델별 보조금,2022,대전광역시
승합(대형),피라인모터스,HYPERS(11L),5021,0,5021,2022년도 전기자동차 대전광역시 모델별 보조금,2022,대전광역시
승합(대형),피라인모터스,HYPERS1611,6021,0,6021,2022년도 전기자동차 대전광역시 모델별 보조금,2022,대전광역시
승합(대형),피라인모터스,HYPERS1609,6068,0,6068,2022년도 전기자동차 대전광역시 모델별 보조금,2022,대전광역시
승합(대형),피라인모터스,HYPERS1612,5795,0,5795,2022년도 전기자동차 대전광역시 모델별 보조금,2022,대전광역시
승합(대형),피라인모터스,HYPERS1609H,6610,0,6610,2022년도 전기자동차 대전광역시 모델별 보조금,2022,대전광역시
승합(대형),비바모빌리티,(단종)브이버스90N,6430,0,6430,2022년도 전기자동차 대전광역시 모델별 보조금,2022,대전광역시
승합(대형),비바모빌리티,(단종)브이버스110-B,6839,0,6839,2022년도 전기자동차 대전광역시 모델별 보조금,2022,대전광역시
승합(대형),북경모터스,그린타운(850),4265,0,4265,2022년도 전기자동차 대전광역시 모델별 보조금,2022,대전광역시
승합(대형),북경모터스,그린타운플러스,6550,0,6550,2022년도 전기자동차 대전광역시 모델별 보조금,2022,대전광역시
승합(대형),범한자동차,E-SKY11(350kWh),7000,0,7000,2022년도 전기자동차 대전광역시 모델별 보조금,2022,대전광역시
승합(대형),범한자동차,E-STAR8 V1,6454,0,6454,2022년도 전기자동차 대전광역시 모델별 보조금,2022,대전광역시
승합(대형),에스에이피,아이즘(IZM),7000,0,7000,2022년도 전기자동차 대전광역시 모델별 보조금,2022,대전광역시
승합(대형),에스에이피,엘페(ELFE),7000,0,7000,2022년도 전기자동차 대전광역시 모델별 보조금,2022,대전광역시
승합(대형),에스에이피,리오네(LIONNE),7000,0,7000,2022년도 전기자동차 대전광역시 모델별 보조금,2022,대전광역시
승합(대형),GS글로벌,eBus-12(K9DC),7000,0,7000,2022년도 전기자동차 대전광역시 모델별 보조금,2022,대전광역시
승합(대형),GS글로벌,NEW BYD eBus-12,7000,0,7000,2022년도 전기자동차 대전광역시 모델별 보조금,2022,대전광역시
승합(대형),티에스에코에너지,일레누스,7000,0,7000,2022년도 전기자동차 대전광역시 모델별 보조금,2022,대전광역시
승합(대형),티에스에코에너지,일레누스(TS900),6251,0,6251,2022년도 전기자동차 대전광역시 모델별 보조금,2022,대전광역시
승합(대형),이온모터스,시티라이트Ⅱ,7000,0,7000,2022년도 전기자동차 대전광역시 모델별 보조금,2022,대전광역시
승합(대형),이온모터스,시티라이트9,7000,0,7000,2022년도 전기자동차 대전광역시 모델별 보조금,2022,대전광역시
승합(대형),한차,GREENWAY1100,6388,0,6388,2022년도 전기자동차 대전광역시 모델별 보조금,2022,대전광역시
승합(대형),이엠코리아,에픽시티(LFP),7000,0,7000,2022년도 전기자동차 대전광역시 모델별 보조금,2022,대전광역시
승합(대형),태영티엔티,GD11,5749,0,5749,2022년도 전기자동차 대전광역시 모델별 보조금,2022,대전광역시
승합(대형),재일홀딩스,그린타운400,6418,0,6418,2022년도 전기자동차 대전광역시 모델별 보조금,2022,대전광역시
승합(중형),현대자동차,카운티 일렉트릭(어린이운송용 30인승),4383,4383,8766,2022년도 전기자동차 울산광역시 모델별 보조금,2022,울산광역시
승합(중형),현대자동차,(단종)카운티 일렉트릭(어린이운송용 33인승 V2),4391,4391,8782,2022년도 전기자동차 울산광역시 모델별 보조금,2022,울산광역시
승합(중형),현대자동차,카운티 일렉트릭(어린이운송용 33인승),4391,4391,8782,2022년도 전기자동차 울산광역시 모델별 보조금,2022,울산광역시
승합(중형),현대자동차,카운티 일렉트릭,4391,4391,8782,2022년도 전기자동차 울산광역시 모델별 보조금,2022,울산광역시
승합(중형),현대자동차,카운티 일렉트릭(마을버스),5000,5000,10000,2022년도 전기자동차 울산광역시 모델별 보조금,2022,울산광역시
승합(중형),우진산전,아폴로750,4780,4780,9560,2022년도 전기자동차 울산광역시 모델별 보조금,2022,울산광역시
승합(중형),우진산전,아폴로750(15인승),5000,5000,10000,2022년도 전기자동차 울산광역시 모델별 보조금,2022,울산광역시
승합(중형),우진산전,아폴로750전기버스,5000,5000,10000,2022년도 전기자동차 울산광역시 모델별 보조금,2022,울산광역시
승합(중형),이비온,E6,2539,2539,5078,2022년도 전기자동차 울산광역시 모델별 보조금,2022,울산광역시
승합(중형),이비온,"E6(JL618S), 어린이통학",3570,3570,7140,2022년도 전기자동차 울산광역시 모델별 보조금,2022,울산광역시
승합(중형),GS글로벌,NEW BYD eBus-7,4357,4357,8714,2022년도 전기자동차 울산광역시 모델별 보조금,2022,울산광역시
승합(중형),한신자동차,바네스,2821,2821,5642,2022년도 전기자동차 울산광역시 모델별 보조금,2022,울산광역시
승합(중형),비바모빌리티,VBUS60,3789,3789,7578,2022년도 전기자동차 울산광역시 모델별 보조금,2022,울산광역시
승합(중형),비바모빌리티,브이버스60i(어린이운송용),3791,3791,7582,2022년도 전기자동차 울산광역시 모델별 보조금,2022,울산광역시
승합(중형),케이지모빌리티커머셜,SMART 8.7,5000,5000,10000,2022년도 전기자동차 울산광역시 모델별 보조금,2022,울산광역시
승합(중형),한차,GREENWAY720,5000,5000,10000,2022년도 전기자동차 울산광역시 모델별 보조금,2022,울산광역시
승합(대형),현대자동차,일렉시티 굴절버스,14693,0,14693,2022년도 전기자동차 울산광역시 모델별 보조금,2022,울산광역시
승합(대형),현대자동차,일렉시티 이층버스,12501,0,12501,2022년도 전기자동차 울산광역시 모델별 보조금,2022,울산광역시
승합(대형),현대자동차,일렉시티(3PACK),7000,0,7000,2022년도 전기자동차 울산광역시 모델별 보조금,2022,울산광역시
승합(대형),현대자동차,일렉시티(4PACK V1),7000,0,7000,2022년도 전기자동차 울산광역시 모델별 보조금,2022,울산광역시
승합(대형),케이지모빌리티커머셜,이-스마트(57인승),5522,0,5522,2022년도 전기자동차 울산광역시 모델별 보조금,2022,울산광역시
승합(대형),케이지모빌리티커머셜,이-스마트(51인승),5510,0,5510,2022년도 전기자동차 울산광역시 모델별 보조금,2022,울산광역시
승합(대형),케이지모빌리티커머셜,SMART 9.3,7000,0,7000,2022년도 전기자동차 울산광역시 모델별 보조금,2022,울산광역시
승합(대형),케이지모빌리티커머셜,SMART 110(272kWh),7000,0,7000,2022년도 전기자동차 울산광역시 모델별 보조금,2022,울산광역시
승합(대형),케이지모빌리티커머셜,SMART 110E(347kWh),7000,0,7000,2022년도 전기자동차 울산광역시 모델별 보조금,2022,울산광역시
승합(대형),케이지모빌리티커머셜,SMART 110(260kWh),7000,0,7000,2022년도 전기자동차 울산광역시 모델별 보조금,2022,울산광역시
승합(대형),케이지모빌리티커머셜,SMART 110E(260kWh),7000,0,7000,2022년도 전기자동차 울산광역시 모델별 보조금,2022,울산광역시
승합(대형),우진산전,아폴로1100,6396,0,6396,2022년도 전기자동차 울산광역시 모델별 보조금,2022,울산광역시
승합(대형),우진산전,아폴로1100(258kWh),6746,0,6746,2022년도 전기자동차 울산광역시 모델별 보조금,2022,울산광역시
승합(대형),우진산전,아폴로1100(11CTLP),6133,0,6133,2022년도 전기자동차 울산광역시 모델별 보조금,2022,울산광역시
승합(대형),우진산전,아폴로900전기버스,4658,0,4658,2022년도 전기자동차 울산광역시 모델별 보조금,2022,울산광역시
승합(대형),우진산전,아폴로1100전기버스 22MY,7000,0,7000,2022년도 전기자동차 울산광역시 모델별 보조금,2022,울산광역시
승합(대형),피라인모터스,HYPERS(신형),5917,0,5917,2022년도 전기자동차 울산광역시 모델별 보조금,2022,울산광역시
승합(대형),피라인모터스,HYPERS(H),5778,0,5778,2022년도 전기자동차 울산광역시 모델별 보조금,2022,울산광역시
승합(대형),피라인모터스,HYPERS(11L),5021,0,5021,2022년도 전기자동차 울산광역시 모델별 보조금,2022,울산광역시
승합(대형),피라인모터스,HYPERS1611,6021,0,6021,2022년도 전기자동차 울산광역시 모델별 보조금,2022,울산광역시
승합(대형),피라인모터스,HYPERS1609,6068,0,6068,2022년도 전기자동차 울산광역시 모델별 보조금,2022,울산광역시
승합(대형),피라인모터스,HYPERS1612,5795,0,5795,2022년도 전기자동차 울산광역시 모델별 보조금,2022,울산광역시
승합(대형),피라인모터스,HYPERS1609H,6610,0,6610,2022년도 전기자동차 울산광역시 모델별 보조금,2022,울산광역시
승합(대형),비바모빌리티,(단종)브이버스90N,6430,0,6430,2022년도 전기자동차 울산광역시 모델별 보조금,2022,울산광역시
승합(대형),비바모빌리티,(단종)브이버스110-B,6839,0,6839,2022년도 전기자동차 울산광역시 모델별 보조금,2022,울산광역시
승합(대형),북경모터스,그린타운(850),4265,0,4265,2022년도 전기자동차 울산광역시 모델별 보조금,2022,울산광역시
승합(대형),북경모터스,그린타운플러스,6550,0,6550,2022년도 전기자동차 울산광역시 모델별 보조금,2022,울산광역시
승합(대형),범한자동차,E-SKY11(350kWh),7000,0,7000,2022년도 전기자동차 울산광역시 모델별 보조금,2022,울산광역시
승합(대형),범한자동차,E-SKY9(281kWh),7000,0,7000,2022년도 전기자동차 울산광역시 모델별 보조금,2022,울산광역시
승합(대형),범한자동차,E-STAR8 V1,6454,0,6454,2022년도 전기자동차 울산광역시 모델별 보조금,2022,울산광역시
승합(대형),범한자동차,E-STAR11,7000,0,7000,2022년도 전기자동차 울산광역시 모델별 보조금,2022,울산광역시
승합(대형),에스에이피,아이즘(IZM),7000,0,7000,2022년도 전기자동차 울산광역시 모델별 보조금,2022,울산광역시
승합(대형),에스에이피,엘페(ELFE),7000,0,7000,2022년도 전기자동차 울산광역시 모델별 보조금,2022,울산광역시
승합(대형),에스에이피,리오네(LIONNE),7000,0,7000,2022년도 전기자동차 울산광역시 모델별 보조금,2022,울산광역시
승합(대형),GS글로벌,eBus-12(K9DC),7000,0,7000,2022년도 전기자동차 울산광역시 모델별 보조금,2022,울산광역시
승합(대형),GS글로벌,NEW BYD eBus-12,7000,0,7000,2022년도 전기자동차 울산광역시 모델별 보조금,2022,울산광역시
승합(대형),티에스에코에너지,일레누스,7000,0,7000,2022년도 전기자동차 울산광역시 모델별 보조금,2022,울산광역시
승합(대형),티에스에코에너지,일레누스(TS900),6251,0,6251,2022년도 전기자동차 울산광역시 모델별 보조금,2022,울산광역시
승합(대형),이온모터스,시티라이트Ⅱ,7000,0,7000,2022년도 전기자동차 울산광역시 모델별 보조금,2022,울산광역시
승합(대형),이온모터스,시티라이트9,7000,0,7000,2022년도 전기자동차 울산광역시 모델별 보조금,2022,울산광역시
승합(대형),한차,GREENWAY1100,6388,0,6388,2022년도 전기자동차 울산광역시 모델별 보조금,2022,울산광역시
승합(대형),이엠코리아,에픽시티(LFP),7000,0,7000,2022년도 전기자동차 울산광역시 모델별 보조금,2022,울산광역시
승합(대형),태영티엔티,GD11,5749,0,5749,2022년도 전기자동차 울산광역시 모델별 보조금,2022,울산광역시
승합(대형),재일홀딩스,그린타운400,6418,0,6418,2022년도 전기자동차 울산광역시 모델별 보조금,2022,울산광역시
승합(중형),현대자동차,카운티 일렉트릭(어린이운송용 30인승),4383,4383,8766,2022년도 전기자동차 세종특별자치시 모델별 보조금,2022,세종특별자치시
승합(중형),현대자동차,(단종)카운티 일렉트릭(어린이운송용 33인승 V2),4391,4391,8782,2022년도 전기자동차 세종특별자치시 모델별 보조금,2022,세종특별자치시
승합(중형),현대자동차,카운티 일렉트릭(어린이운송용 33인승),4391,4391,8782,2022년도 전기자동차 세종특별자치시 모델별 보조금,2022,세종특별자치시
승합(중형),현대자동차,카운티 일렉트릭,4391,4391,8782,2022년도 전기자동차 세종특별자치시 모델별 보조금,2022,세종특별자치시
승합(중형),현대자동차,카운티 일렉트릭(마을버스),5000,5000,10000,2022년도 전기자동차 세종특별자치시 모델별 보조금,2022,세종특별자치시
승합(중형),우진산전,아폴로750,4780,4780,9560,2022년도 전기자동차 세종특별자치시 모델별 보조금,2022,세종특별자치시
승합(중형),우진산전,아폴로750(15인승),5000,5000,10000,2022년도 전기자동차 세종특별자치시 모델별 보조금,2022,세종특별자치시
승합(중형),우진산전,아폴로750전기버스,5000,5000,10000,2022년도 전기자동차 세종특별자치시 모델별 보조금,2022,세종특별자치시
승합(중형),이비온,E6,2539,2539,5078,2022년도 전기자동차 세종특별자치시 모델별 보조금,2022,세종특별자치시
승합(중형),이비온,"E6(JL618S), 어린이통학",3570,3570,7140,2022년도 전기자동차 세종특별자치시 모델별 보조금,2022,세종특별자치시
승합(중형),GS글로벌,NEW BYD eBus-7,4357,4357,8714,2022년도 전기자동차 세종특별자치시 모델별 보조금,2022,세종특별자치시
승합(중형),한신자동차,바네스,2821,2821,5642,2022년도 전기자동차 세종특별자치시 모델별 보조금,2022,세종특별자치시
승합(중형),비바모빌리티,VBUS60,3789,3789,7578,2022년도 전기자동차 세종특별자치시 모델별 보조금,2022,세종특별자치시
승합(중형),비바모빌리티,브이버스60i(어린이운송용),3791,3791,7582,2022년도 전기자동차 세종특별자치시 모델별 보조금,2022,세종특별자치시
승합(중형),케이지모빌리티커머셜,SMART 8.7,5000,5000,10000,2022년도 전기자동차 세종특별자치시 모델별 보조금,2022,세종특별자치시
승합(중형),한차,GREENWAY720,5000,5000,10000,2022년도 전기자동차 세종특별자치시 모델별 보조금,2022,세종특별자치시
승합(대형),현대자동차,일렉시티 굴절버스,14693,7000,21693,2022년도 전기자동차 세종특별자치시 모델별 보조금,2022,세종특별자치시
승합(대형),현대자동차,일렉시티 이층버스,12501,7000,19501,2022년도 전기자동차 세종특별자치시 모델별 보조금,2022,세종특별자치시
승합(대형),현대자동차,일렉시티(3PACK),7000,7000,14000,2022년도 전기자동차 세종특별자치시 모델별 보조금,2022,세종특별자치시
승합(대형),현대자동차,일렉시티(4PACK V1),7000,7000,14000,2022년도 전기자동차 세종특별자치시 모델별 보조금,2022,세종특별자치시
승합(대형),현대자동차,일렉시티 타운,7000,0,7000,2022년도 전기자동차 세종특별자치시 모델별 보조금,2022,세종특별자치시
승합(대형),케이지모빌리티커머셜,이-스마트(57인승),5522,5522,11044,2022년도 전기자동차 세종특별자치시 모델별 보조금,2022,세종특별자치시
승합(대형),케이지모빌리티커머셜,이-스마트(51인승),5510,5510,11020,2022년도 전기자동차 세종특별자치시 모델별 보조금,2022,세종특별자치시
승합(대형),케이지모빌리티커머셜,SMART 9.3,7000,7000,14000,2022년도 전기자동차 세종특별자치시 모델별 보조금,2022,세종특별자치시
승합(대형),케이지모빌리티커머셜,SMART 110(272kWh),7000,7000,14000,2022년도 전기자동차 세종특별자치시 모델별 보조금,2022,세종특별자치시
승합(대형),케이지모빌리티커머셜,SMART 110E(347kWh),7000,7000,14000,2022년도 전기자동차 세종특별자치시 모델별 보조금,2022,세종특별자치시
승합(대형),케이지모빌리티커머셜,SMART 110(260kWh),7000,7000,14000,2022년도 전기자동차 세종특별자치시 모델별 보조금,2022,세종특별자치시
승합(대형),케이지모빌리티커머셜,SMART 110E(260kWh),7000,7000,14000,2022년도 전기자동차 세종특별자치시 모델별 보조금,2022,세종특별자치시
승합(대형),우진산전,아폴로1100,6396,6396,12792,2022년도 전기자동차 세종특별자치시 모델별 보조금,2022,세종특별자치시
승합(대형),우진산전,아폴로1100(258kWh),6746,6746,13492,2022년도 전기자동차 세종특별자치시 모델별 보조금,2022,세종특별자치시
승합(대형),우진산전,아폴로1100(11CTLP),6133,6133,12266,2022년도 전기자동차 세종특별자치시 모델별 보조금,2022,세종특별자치시
승합(대형),우진산전,아폴로900전기버스,4658,4658,9316,2022년도 전기자동차 세종특별자치시 모델별 보조금,2022,세종특별자치시
승합(대형),우진산전,아폴로1100전기버스 22MY,7000,7000,14000,2022년도 전기자동차 세종특별자치시 모델별 보조금,2022,세종특별자치시
승합(대형),피라인모터스,HYPERS(신형),5917,5917,11834,2022년도 전기자동차 세종특별자치시 모델별 보조금,2022,세종특별자치시
승합(대형),피라인모터스,HYPERS(H),5778,5778,11556,2022년도 전기자동차 세종특별자치시 모델별 보조금,2022,세종특별자치시
승합(대형),피라인모터스,HYPERS(11L),5021,5021,10042,2022년도 전기자동차 세종특별자치시 모델별 보조금,2022,세종특별자치시
승합(대형),피라인모터스,HYPERS1611,6021,6021,12042,2022년도 전기자동차 세종특별자치시 모델별 보조금,2022,세종특별자치시
승합(대형),피라인모터스,HYPERS1609,6068,6068,12136,2022년도 전기자동차 세종특별자치시 모델별 보조금,2022,세종특별자치시
승합(대형),피라인모터스,HYPERS1612,5795,5795,11590,2022년도 전기자동차 세종특별자치시 모델별 보조금,2022,세종특별자치시
승합(대형),피라인모터스,HYPERS1609H,6610,6610,13220,2022년도 전기자동차 세종특별자치시 모델별 보조금,2022,세종특별자치시
승합(대형),비바모빌리티,(단종)브이버스90N,6430,6430,12860,2022년도 전기자동차 세종특별자치시 모델별 보조금,2022,세종특별자치시
승합(대형),비바모빌리티,(단종)브이버스120,7000,0,7000,2022년도 전기자동차 세종특별자치시 모델별 보조금,2022,세종특별자치시
승합(대형),비바모빌리티,(단종)브이버스110-B,6839,2931,9770,2022년도 전기자동차 세종특별자치시 모델별 보조금,2022,세종특별자치시
승합(대형),북경모터스,그린타운(850),4265,1859,6124,2022년도 전기자동차 세종특별자치시 모델별 보조금,2022,세종특별자치시
승합(대형),북경모터스,그린타운플러스,6550,3230,9780,2022년도 전기자동차 세종특별자치시 모델별 보조금,2022,세종특별자치시
승합(대형),범한자동차,E-SKY11(350kWh),7000,7000,14000,2022년도 전기자동차 세종특별자치시 모델별 보조금,2022,세종특별자치시
승합(대형),범한자동차,E-SKY9(281kWh),7000,7000,14000,2022년도 전기자동차 세종특별자치시 모델별 보조금,2022,세종특별자치시
승합(대형),범한자동차,E-STAR8 V1,6454,6454,12908,2022년도 전기자동차 세종특별자치시 모델별 보조금,2022,세종특별자치시
승합(대형),범한자동차,E-STAR11,7000,7000,14000,2022년도 전기자동차 세종특별자치시 모델별 보조금,2022,세종특별자치시
승합(대형),에스에이피,아이즘(IZM),7000,7000,14000,2022년도 전기자동차 세종특별자치시 모델별 보조금,2022,세종특별자치시
승합(대형),에스에이피,엘페(ELFE),7000,6027,13027,2022년도 전기자동차 세종특별자치시 모델별 보조금,2022,세종특별자치시
승합(대형),에스에이피,리오네(LIONNE),7000,7000,14000,2022년도 전기자동차 세종특별자치시 모델별 보조금,2022,세종특별자치시
승합(대형),GS글로벌,eBus-12(K9DC),7000,6800,13800,2022년도 전기자동차 세종특별자치시 모델별 보조금,2022,세종특별자치시
승합(대형),GS글로벌,NEW BYD eBus-12,7000,7000,14000,2022년도 전기자동차 세종특별자치시 모델별 보조금,2022,세종특별자치시
승합(대형),티에스에코에너지,일레누스,7000,6800,13800,2022년도 전기자동차 세종특별자치시 모델별 보조금,2022,세종특별자치시
승합(대형),티에스에코에너지,일레누스(TS900),6251,6251,12502,2022년도 전기자동차 세종특별자치시 모델별 보조금,2022,세종특별자치시
승합(대형),이온모터스,시티라이트,5815,0,5815,2022년도 전기자동차 세종특별자치시 모델별 보조금,2022,세종특별자치시
승합(대형),이온모터스,시티라이트Ⅱ,7000,7000,14000,2022년도 전기자동차 세종특별자치시 모델별 보조금,2022,세종특별자치시
승합(대형),이온모터스,시티라이트9,7000,7000,14000,2022년도 전기자동차 세종특별자치시 모델별 보조금,2022,세종특별자치시
승합(대형),한차,GREENWAY1100,6388,6388,12776,2022년도 전기자동차 세종특별자치시 모델별 보조금,2022,세종특별자치시
승합(대형),한차,GREENWAY1100A,7000,0,7000,2022년도 전기자동차 세종특별자치시 모델별 보조금,2022,세종특별자치시
승합(대형),이엠코리아,에픽시티(LFP),7000,7000,14000,2022년도 전기자동차 세종특별자치시 모델별 보조금,2022,세종특별자치시
승합(대형),태영티엔티,GD11,5749,5749,11498,2022년도 전기자동차 세종특별자치시 모델별 보조금,2022,세종특별자치시
승합(대형),재일홀딩스,그린타운400,6418,3150,9568,2022년도 전기자동차 세종특별자치시 모델별 보조금,2022,세종특별자치시
승합(중형),현대자동차,카운티 일렉트릭(어린이운송용 30인승),4383,2628,7011,2022년도 전기자동차 수원시 모델별 보조금,2022,수원시
승합(중형),현대자동차,(단종)카운티 일렉트릭(어린이운송용 33인승 V2),4391,2634,7025,2022년도 전기자동차 수원시 모델별 보조금,2022,수원시
승합(중형),현대자동차,카운티 일렉트릭(어린이운송용 33인승),4391,2634,7025,2022년도 전기자동차 수원시 모델별 보조금,2022,수원시
승합(중형),현대자동차,카운티 일렉트릭,4391,2634,7025,2022년도 전기자동차 수원시 모델별 보조금,2022,수원시
승합(중형),현대자동차,카운티 일렉트릭(마을버스),5000,3000,8000,2022년도 전기자동차 수원시 모델별 보조금,2022,수원시
승합(중형),우진산전,아폴로750,4780,2868,7648,2022년도 전기자동차 수원시 모델별 보조금,2022,수원시
승합(중형),우진산전,아폴로750(15인승),5000,3000,8000,2022년도 전기자동차 수원시 모델별 보조금,2022,수원시
승합(중형),우진산전,아폴로750전기버스,5000,3000,8000,2022년도 전기자동차 수원시 모델별 보조금,2022,수원시
승합(중형),이비온,E6,2539,1522,4061,2022년도 전기자동차 수원시 모델별 보조금,2022,수원시
승합(중형),이비온,"E6(JL618S), 어린이통학",3570,2142,5712,2022년도 전기자동차 수원시 모델별 보조금,2022,수원시
승합(중형),GS글로벌,NEW BYD eBus-7,4357,2614,6971,2022년도 전기자동차 수원시 모델별 보조금,2022,수원시
승합(중형),한신자동차,바네스,2821,1692,4513,2022년도 전기자동차 수원시 모델별 보조금,2022,수원시
승합(중형),비바모빌리티,VBUS60,3789,2272,6061,2022년도 전기자동차 수원시 모델별 보조금,2022,수원시
승합(중형),비바모빌리티,브이버스60i(어린이운송용),3791,2274,6065,2022년도 전기자동차 수원시 모델별 보조금,2022,수원시
승합(중형),케이지모빌리티커머셜,SMART 8.7,5000,3000,8000,2022년도 전기자동차 수원시 모델별 보조금,2022,수원시
승합(중형),한차,GREENWAY720,5000,3000,8000,2022년도 전기자동차 수원시 모델별 보조금,2022,수원시
승합(대형),현대자동차,일렉시티 굴절버스,14693,8814,23507,2022년도 전기자동차 수원시 모델별 보조금,2022,수원시
승합(대형),현대자동차,일렉시티 이층버스,12501,7500,20001,2022년도 전기자동차 수원시 모델별 보조금,2022,수원시
승합(대형),현대자동차,일렉시티(3PACK),7000,4200,11200,2022년도 전기자동차 수원시 모델별 보조금,2022,수원시
승합(대형),현대자동차,일렉시티(4PACK V1),7000,4200,11200,2022년도 전기자동차 수원시 모델별 보조금,2022,수원시
승합(대형),현대자동차,일렉시티 타운,7000,4200,11200,2022년도 전기자동차 수원시 모델별 보조금,2022,수원시
승합(대형),케이지모빌리티커머셜,이-스마트(57인승),5522,0,5522,2022년도 전기자동차 수원시 모델별 보조금,2022,수원시
승합(대형),케이지모빌리티커머셜,이-스마트(51인승),5510,0,5510,2022년도 전기자동차 수원시 모델별 보조금,2022,수원시
승합(대형),케이지모빌리티커머셜,SMART 9.3,7000,4200,11200,2022년도 전기자동차 수원시 모델별 보조금,2022,수원시
승합(대형),케이지모빌리티커머셜,SMART 110(272kWh),7000,4200,11200,2022년도 전기자동차 수원시 모델별 보조금,2022,수원시
승합(대형),케이지모빌리티커머셜,SMART 110E(347kWh),7000,4200,11200,2022년도 전기자동차 수원시 모델별 보조금,2022,수원시
승합(대형),케이지모빌리티커머셜,SMART 110(260kWh),7000,4200,11200,2022년도 전기자동차 수원시 모델별 보조금,2022,수원시
승합(대형),케이지모빌리티커머셜,SMART 110E(260kWh),7000,0,7000,2022년도 전기자동차 수원시 모델별 보조금,2022,수원시
승합(대형),우진산전,아폴로1100,6396,0,6396,2022년도 전기자동차 수원시 모델별 보조금,2022,수원시
승합(대형),우진산전,아폴로1100(258kWh),6746,0,6746,2022년도 전기자동차 수원시 모델별 보조금,2022,수원시
승합(대형),우진산전,아폴로1100(11CTLP),6133,0,6133,2022년도 전기자동차 수원시 모델별 보조금,2022,수원시
승합(대형),우진산전,아폴로900전기버스,4658,0,4658,2022년도 전기자동차 수원시 모델별 보조금,2022,수원시
승합(대형),우진산전,아폴로1100전기버스 22MY,7000,4200,11200,2022년도 전기자동차 수원시 모델별 보조금,2022,수원시
승합(대형),피라인모터스,HYPERS(신형),5917,0,5917,2022년도 전기자동차 수원시 모델별 보조금,2022,수원시
승합(대형),피라인모터스,HYPERS(H),5778,0,5778,2022년도 전기자동차 수원시 모델별 보조금,2022,수원시
승합(대형),피라인모터스,HYPERS(11L),5021,0,5021,2022년도 전기자동차 수원시 모델별 보조금,2022,수원시
승합(대형),피라인모터스,HYPERS1611,6021,3612,9633,2022년도 전기자동차 수원시 모델별 보조금,2022,수원시
승합(대형),피라인모터스,HYPERS1609,6068,0,6068,2022년도 전기자동차 수원시 모델별 보조금,2022,수원시
승합(대형),피라인모터스,HYPERS1612,5795,0,5795,2022년도 전기자동차 수원시 모델별 보조금,2022,수원시
승합(대형),피라인모터스,HYPERS1609H,6610,0,6610,2022년도 전기자동차 수원시 모델별 보조금,2022,수원시
승합(대형),피라인모터스,HYPERS1612N,7000,0,7000,2022년도 전기자동차 수원시 모델별 보조금,2022,수원시
승합(대형),피라인모터스,HYPERS1609N,7000,0,7000,2022년도 전기자동차 수원시 모델별 보조금,2022,수원시
승합(대형),피라인모터스,HYPERS1611N,6660,0,6660,2022년도 전기자동차 수원시 모델별 보조금,2022,수원시
승합(대형),비바모빌리티,(단종)브이버스90N,6430,0,6430,2022년도 전기자동차 수원시 모델별 보조금,2022,수원시
승합(대형),비바모빌리티,(단종)브이버스120,7000,0,7000,2022년도 전기자동차 수원시 모델별 보조금,2022,수원시
승합(대형),비바모빌리티,(단종)브이버스110-B,6839,0,6839,2022년도 전기자동차 수원시 모델별 보조금,2022,수원시
승합(대형),북경모터스,그린타운(850),4265,0,4265,2022년도 전기자동차 수원시 모델별 보조금,2022,수원시
승합(대형),북경모터스,그린타운플러스,6550,0,6550,2022년도 전기자동차 수원시 모델별 보조금,2022,수원시
승합(대형),범한자동차,E-SKY11(350kWh),7000,4200,11200,2022년도 전기자동차 수원시 모델별 보조금,2022,수원시
승합(대형),범한자동차,E-SKY9(281kWh),7000,0,7000,2022년도 전기자동차 수원시 모델별 보조금,2022,수원시
승합(대형),범한자동차,E-STAR8 V1,6454,0,6454,2022년도 전기자동차 수원시 모델별 보조금,2022,수원시
승합(대형),범한자동차,E-STAR11,7000,0,7000,2022년도 전기자동차 수원시 모델별 보조금,2022,수원시
승합(대형),범한자동차,E-STAR12i,7000,0,7000,2022년도 전기자동차 수원시 모델별 보조금,2022,수원시
승합(대형),에스에이피,아이즘(IZM),7000,0,7000,2022년도 전기자동차 수원시 모델별 보조금,2022,수원시
승합(대형),에스에이피,엘페(ELFE),7000,0,7000,2022년도 전기자동차 수원시 모델별 보조금,2022,수원시
승합(대형),에스에이피,리오네(LIONNE),7000,0,7000,2022년도 전기자동차 수원시 모델별 보조금,2022,수원시
승합(대형),GS글로벌,eBus-12(K9DC),7000,4200,11200,2022년도 전기자동차 수원시 모델별 보조금,2022,수원시
승합(대형),GS글로벌,NEW BYD eBus-12,7000,4200,11200,2022년도 전기자동차 수원시 모델별 보조금,2022,수원시
승합(대형),티에스에코에너지,일레누스,7000,0,7000,2022년도 전기자동차 수원시 모델별 보조금,2022,수원시
승합(대형),티에스에코에너지,일레누스(TS900),6251,0,6251,2022년도 전기자동차 수원시 모델별 보조금,2022,수원시
승합(대형),이온모터스,시티라이트,5815,0,5815,2022년도 전기자동차 수원시 모델별 보조금,2022,수원시
승합(대형),이온모터스,시티라이트Ⅱ,7000,4200,11200,2022년도 전기자동차 수원시 모델별 보조금,2022,수원시
승합(대형),이온모터스,시티라이트9,7000,4200,11200,2022년도 전기자동차 수원시 모델별 보조금,2022,수원시
승합(대형),한차,GREENWAY1100,6388,0,6388,2022년도 전기자동차 수원시 모델별 보조금,2022,수원시
승합(대형),한차,GREENWAY1100A,7000,0,7000,2022년도 전기자동차 수원시 모델별 보조금,2022,수원시
승합(대형),이엠코리아,에픽시티(LFP),7000,4200,11200,2022년도 전기자동차 수원시 모델별 보조금,2022,수원시
승합(대형),태영티엔티,GD11,5749,0,5749,2022년도 전기자동차 수원시 모델별 보조금,2022,수원시
승합(대형),재일홀딩스,그린타운400,6418,0,6418,2022년도 전기자동차 수원시 모델별 보조금,2022,수원시
승합(중형),현대자동차,카운티 일렉트릭(어린이운송용 30인승),4383,0,4383,2022년도 전기자동차 성남시 모델별 보조금,2022,성남시
승합(중형),현대자동차,(단종)카운티 일렉트릭(어린이운송용 33인승 V2),4391,0,4391,2022년도 전기자동차 성남시 모델별 보조금,2022,성남시
승합(중형),현대자동차,카운티 일렉트릭(어린이운송용 33인승),4391,0,4391,2022년도 전기자동차 성남시 모델별 보조금,2022,성남시
승합(중형),현대자동차,카운티 일렉트릭,4391,0,4391,2022년도 전기자동차 성남시 모델별 보조금,2022,성남시
승합(중형),현대자동차,카운티 일렉트릭(마을버스),5000,0,5000,2022년도 전기자동차 성남시 모델별 보조금,2022,성남시
승합(중형),우진산전,아폴로750,4780,0,4780,2022년도 전기자동차 성남시 모델별 보조금,2022,성남시
승합(중형),우진산전,아폴로750(15인승),5000,0,5000,2022년도 전기자동차 성남시 모델별 보조금,2022,성남시
승합(중형),우진산전,아폴로750전기버스,5000,0,5000,2022년도 전기자동차 성남시 모델별 보조금,2022,성남시
승합(중형),이비온,E6,2539,0,2539,2022년도 전기자동차 성남시 모델별 보조금,2022,성남시
승합(중형),이비온,"E6(JL618S), 어린이통학",3570,0,3570,2022년도 전기자동차 성남시 모델별 보조금,2022,성남시
승합(중형),GS글로벌,NEW BYD eBus-7,4357,0,4357,2022년도 전기자동차 성남시 모델별 보조금,2022,성남시
승합(중형),한신자동차,바네스,2821,0,2821,2022년도 전기자동차 성남시 모델별 보조금,2022,성남시
승합(중형),비바모빌리티,VBUS60,3789,0,3789,2022년도 전기자동차 성남시 모델별 보조금,2022,성남시
승합(중형),비바모빌리티,브이버스60i(어린이운송용),3791,0,3791,2022년도 전기자동차 성남시 모델별 보조금,2022,성남시
승합(중형),케이지모빌리티커머셜,SMART 8.7,5000,0,5000,2022년도 전기자동차 성남시 모델별 보조금,2022,성남시
승합(중형),한차,GREENWAY720,5000,0,5000,2022년도 전기자동차 성남시 모델별 보조금,2022,성남시
승합(대형),현대자동차,일렉시티 굴절버스,14693,0,14693,2022년도 전기자동차 성남시 모델별 보조금,2022,성남시
승합(대형),현대자동차,일렉시티 이층버스,12501,0,12501,2022년도 전기자동차 성남시 모델별 보조금,2022,성남시
승합(대형),현대자동차,일렉시티(3PACK),7000,4200,11200,2022년도 전기자동차 성남시 모델별 보조금,2022,성남시
승합(대형),현대자동차,일렉시티(4PACK V1),7000,4200,11200,2022년도 전기자동차 성남시 모델별 보조금,2022,성남시
승합(대형),현대자동차,일렉시티 타운,7000,0,7000,2022년도 전기자동차 성남시 모델별 보조금,2022,성남시
승합(대형),케이지모빌리티커머셜,이-스마트(57인승),5522,0,5522,2022년도 전기자동차 성남시 모델별 보조금,2022,성남시
승합(대형),케이지모빌리티커머셜,이-스마트(51인승),5510,0,5510,2022년도 전기자동차 성남시 모델별 보조금,2022,성남시
승합(대형),케이지모빌리티커머셜,SMART 9.3,7000,0,7000,2022년도 전기자동차 성남시 모델별 보조금,2022,성남시
승합(대형),케이지모빌리티커머셜,SMART 110(272kWh),7000,0,7000,2022년도 전기자동차 성남시 모델별 보조금,2022,성남시
승합(대형),케이지모빌리티커머셜,SMART 110E(347kWh),7000,0,7000,2022년도 전기자동차 성남시 모델별 보조금,2022,성남시
승합(대형),케이지모빌리티커머셜,SMART 110(260kWh),7000,0,7000,2022년도 전기자동차 성남시 모델별 보조금,2022,성남시
승합(대형),케이지모빌리티커머셜,SMART 110E(260kWh),7000,0,7000,2022년도 전기자동차 성남시 모델별 보조금,2022,성남시
승합(대형),우진산전,아폴로1100,6396,0,6396,2022년도 전기자동차 성남시 모델별 보조금,2022,성남시
승합(대형),우진산전,아폴로1100(258kWh),6746,0,6746,2022년도 전기자동차 성남시 모델별 보조금,2022,성남시
승합(대형),우진산전,아폴로1100(11CTLP),6133,0,6133,2022년도 전기자동차 성남시 모델별 보조금,2022,성남시
승합(대형),우진산전,아폴로900전기버스,4658,0,4658,2022년도 전기자동차 성남시 모델별 보조금,2022,성남시
승합(대형),우진산전,아폴로1100전기버스 22MY,7000,0,7000,2022년도 전기자동차 성남시 모델별 보조금,2022,성남시
승합(대형),피라인모터스,HYPERS(신형),5917,0,5917,2022년도 전기자동차 성남시 모델별 보조금,2022,성남시
승합(대형),피라인모터스,HYPERS(H),5778,0,5778,2022년도 전기자동차 성남시 모델별 보조금,2022,성남시
승합(대형),피라인모터스,HYPERS(11L),5021,0,5021,2022년도 전기자동차 성남시 모델별 보조금,2022,성남시
승합(대형),피라인모터스,HYPERS1611,6021,0,6021,2022년도 전기자동차 성남시 모델별 보조금,2022,성남시
승합(대형),피라인모터스,HYPERS1609,6068,0,6068,2022년도 전기자동차 성남시 모델별 보조금,2022,성남시
승합(대형),피라인모터스,HYPERS1612,5795,0,5795,2022년도 전기자동차 성남시 모델별 보조금,2022,성남시
승합(대형),피라인모터스,HYPERS1609H,6610,0,6610,2022년도 전기자동차 성남시 모델별 보조금,2022,성남시
승합(대형),피라인모터스,HYPERS1612N,7000,0,7000,2022년도 전기자동차 성남시 모델별 보조금,2022,성남시
승합(대형),피라인모터스,HYPERS1609N,7000,0,7000,2022년도 전기자동차 성남시 모델별 보조금,2022,성남시
승합(대형),피라인모터스,HYPERS1611N,6660,3996,10656,2022년도 전기자동차 성남시 모델별 보조금,2022,성남시
승합(대형),비바모빌리티,(단종)브이버스90N,6430,0,6430,2022년도 전기자동차 성남시 모델별 보조금,2022,성남시
승합(대형),비바모빌리티,(단종)브이버스120,7000,0,7000,2022년도 전기자동차 성남시 모델별 보조금,2022,성남시
승합(대형),비바모빌리티,(단종)브이버스110-B,6839,0,6839,2022년도 전기자동차 성남시 모델별 보조금,2022,성남시
승합(대형),북경모터스,그린타운(850),4265,0,4265,2022년도 전기자동차 성남시 모델별 보조금,2022,성남시
승합(대형),북경모터스,그린타운플러스,6550,0,6550,2022년도 전기자동차 성남시 모델별 보조금,2022,성남시
승합(대형),범한자동차,E-SKY11(350kWh),7000,0,7000,2022년도 전기자동차 성남시 모델별 보조금,2022,성남시
승합(대형),범한자동차,E-SKY9(281kWh),7000,0,7000,2022년도 전기자동차 성남시 모델별 보조금,2022,성남시
승합(대형),범한자동차,E-STAR8 V1,6454,0,6454,2022년도 전기자동차 성남시 모델별 보조금,2022,성남시
승합(대형),범한자동차,E-STAR11,7000,0,7000,2022년도 전기자동차 성남시 모델별 보조금,2022,성남시
승합(대형),에스에이피,아이즘(IZM),7000,0,7000,2022년도 전기자동차 성남시 모델별 보조금,2022,성남시
승합(대형),에스에이피,엘페(ELFE),7000,0,7000,2022년도 전기자동차 성남시 모델별 보조금,2022,성남시
승합(대형),에스에이피,리오네(LIONNE),7000,0,7000,2022년도 전기자동차 성남시 모델별 보조금,2022,성남시
승합(대형),GS글로벌,eBus-12(K9DC),7000,4200,11200,2022년도 전기자동차 성남시 모델별 보조금,2022,성남시
승합(대형),GS글로벌,NEW BYD eBus-12,7000,4200,11200,2022년도 전기자동차 성남시 모델별 보조금,2022,성남시
승합(대형),티에스에코에너지,일레누스,7000,4200,11200,2022년도 전기자동차 성남시 모델별 보조금,2022,성남시
승합(대형),티에스에코에너지,일레누스(TS900),6251,3750,10001,2022년도 전기자동차 성남시 모델별 보조금,2022,성남시
승합(대형),이온모터스,시티라이트,5815,0,5815,2022년도 전기자동차 성남시 모델별 보조금,2022,성남시
승합(대형),이온모터스,시티라이트Ⅱ,7000,4200,11200,2022년도 전기자동차 성남시 모델별 보조금,2022,성남시
승합(대형),이온모터스,시티라이트9,7000,4200,11200,2022년도 전기자동차 성남시 모델별 보조금,2022,성남시
승합(대형),한차,GREENWAY1100,6388,0,6388,2022년도 전기자동차 성남시 모델별 보조금,2022,성남시
승합(대형),한차,GREENWAY1100A,7000,0,7000,2022년도 전기자동차 성남시 모델별 보조금,2022,성남시
승합(대형),이엠코리아,에픽시티(LFP),7000,4200,11200,2022년도 전기자동차 성남시 모델별 보조금,2022,성남시
승합(대형),태영티엔티,GD11,5749,0,5749,2022년도 전기자동차 성남시 모델별 보조금,2022,성남시
승합(대형),재일홀딩스,그린타운400,6418,0,6418,2022년도 전기자동차 성남시 모델별 보조금,2022,성남시
승합(중형),현대자동차,카운티 일렉트릭(어린이운송용 30인승),4383,0,4383,2022년도 전기자동차 의정부시 모델별 보조금,2022,의정부시
승합(중형),현대자동차,(단종)카운티 일렉트릭(어린이운송용 33인승 V2),4391,0,4391,2022년도 전기자동차 의정부시 모델별 보조금,2022,의정부시
승합(중형),현대자동차,카운티 일렉트릭(어린이운송용 33인승),4391,0,4391,2022년도 전기자동차 의정부시 모델별 보조금,2022,의정부시
승합(중형),현대자동차,카운티 일렉트릭,4391,0,4391,2022년도 전기자동차 의정부시 모델별 보조금,2022,의정부시
승합(중형),현대자동차,카운티 일렉트릭(마을버스),5000,0,5000,2022년도 전기자동차 의정부시 모델별 보조금,2022,의정부시
승합(중형),우진산전,아폴로750,4780,0,4780,2022년도 전기자동차 의정부시 모델별 보조금,2022,의정부시
승합(중형),우진산전,아폴로750(15인승),5000,0,5000,2022년도 전기자동차 의정부시 모델별 보조금,2022,의정부시
승합(중형),우진산전,아폴로750전기버스,5000,0,5000,2022년도 전기자동차 의정부시 모델별 보조금,2022,의정부시
승합(중형),이비온,E6,2539,0,2539,2022년도 전기자동차 의정부시 모델별 보조금,2022,의정부시
승합(중형),이비온,"E6(JL618S), 어린이통학",3570,0,3570,2022년도 전기자동차 의정부시 모델별 보조금,2022,의정부시
승합(중형),GS글로벌,NEW BYD eBus-7,4357,0,4357,2022년도 전기자동차 의정부시 모델별 보조금,2022,의정부시
승합(중형),한신자동차,바네스,2821,0,2821,2022년도 전기자동차 의정부시 모델별 보조금,2022,의정부시
승합(중형),비바모빌리티,VBUS60,3789,0,3789,2022년도 전기자동차 의정부시 모델별 보조금,2022,의정부시
승합(중형),비바모빌리티,브이버스60i(어린이운송용),3791,0,3791,2022년도 전기자동차 의정부시 모델별 보조금,2022,의정부시
승합(중형),케이지모빌리티커머셜,SMART 8.7,5000,0,5000,2022년도 전기자동차 의정부시 모델별 보조금,2022,의정부시
승합(중형),한차,GREENWAY720,5000,0,5000,2022년도 전기자동차 의정부시 모델별 보조금,2022,의정부시
승합(대형),현대자동차,일렉시티 굴절버스,14693,0,14693,2022년도 전기자동차 의정부시 모델별 보조금,2022,의정부시
승합(대형),현대자동차,일렉시티 이층버스,12501,0,12501,2022년도 전기자동차 의정부시 모델별 보조금,2022,의정부시
승합(대형),현대자동차,일렉시티(3PACK),7000,0,7000,2022년도 전기자동차 의정부시 모델별 보조금,2022,의정부시
승합(대형),현대자동차,일렉시티(4PACK V1),7000,0,7000,2022년도 전기자동차 의정부시 모델별 보조금,2022,의정부시
승합(대형),현대자동차,일렉시티 타운,7000,0,7000,2022년도 전기자동차 의정부시 모델별 보조금,2022,의정부시
승합(대형),케이지모빌리티커머셜,이-스마트(57인승),5522,0,5522,2022년도 전기자동차 의정부시 모델별 보조금,2022,의정부시
승합(대형),케이지모빌리티커머셜,이-스마트(51인승),5510,0,5510,2022년도 전기자동차 의정부시 모델별 보조금,2022,의정부시
승합(대형),케이지모빌리티커머셜,SMART 9.3,7000,0,7000,2022년도 전기자동차 의정부시 모델별 보조금,2022,의정부시
승합(대형),케이지모빌리티커머셜,SMART 110(272kWh),7000,0,7000,2022년도 전기자동차 의정부시 모델별 보조금,2022,의정부시
승합(대형),케이지모빌리티커머셜,SMART 110E(347kWh),7000,0,7000,2022년도 전기자동차 의정부시 모델별 보조금,2022,의정부시
승합(대형),케이지모빌리티커머셜,SMART 110(260kWh),7000,0,7000,2022년도 전기자동차 의정부시 모델별 보조금,2022,의정부시
승합(대형),케이지모빌리티커머셜,SMART 110E(260kWh),7000,0,7000,2022년도 전기자동차 의정부시 모델별 보조금,2022,의정부시
승합(대형),우진산전,아폴로1100,6396,0,6396,2022년도 전기자동차 의정부시 모델별 보조금,2022,의정부시
승합(대형),우진산전,아폴로1100(258kWh),6746,0,6746,2022년도 전기자동차 의정부시 모델별 보조금,2022,의정부시
승합(대형),우진산전,아폴로1100(11CTLP),6133,0,6133,2022년도 전기자동차 의정부시 모델별 보조금,2022,의정부시
승합(대형),우진산전,아폴로900전기버스,4658,0,4658,2022년도 전기자동차 의정부시 모델별 보조금,2022,의정부시
승합(대형),우진산전,아폴로1100전기버스 22MY,7000,0,7000,2022년도 전기자동차 의정부시 모델별 보조금,2022,의정부시
승합(대형),피라인모터스,HYPERS(신형),5917,0,5917,2022년도 전기자동차 의정부시 모델별 보조금,2022,의정부시
승합(대형),피라인모터스,HYPERS(H),5778,0,5778,2022년도 전기자동차 의정부시 모델별 보조금,2022,의정부시
승합(대형),피라인모터스,HYPERS(11L),5021,0,5021,2022년도 전기자동차 의정부시 모델별 보조금,2022,의정부시
승합(대형),피라인모터스,HYPERS1611,6021,0,6021,2022년도 전기자동차 의정부시 모델별 보조금,2022,의정부시
승합(대형),피라인모터스,HYPERS1609,6068,0,6068,2022년도 전기자동차 의정부시 모델별 보조금,2022,의정부시
승합(대형),피라인모터스,HYPERS1612,5795,0,5795,2022년도 전기자동차 의정부시 모델별 보조금,2022,의정부시
승합(대형),피라인모터스,HYPERS1609H,6610,0,6610,2022년도 전기자동차 의정부시 모델별 보조금,2022,의정부시
승합(대형),피라인모터스,HYPERS1612N,7000,0,7000,2022년도 전기자동차 의정부시 모델별 보조금,2022,의정부시
승합(대형),피라인모터스,HYPERS1609N,7000,0,7000,2022년도 전기자동차 의정부시 모델별 보조금,2022,의정부시
승합(대형),피라인모터스,HYPERS1611N,6660,0,6660,2022년도 전기자동차 의정부시 모델별 보조금,2022,의정부시
승합(대형),비바모빌리티,(단종)브이버스90N,6430,0,6430,2022년도 전기자동차 의정부시 모델별 보조금,2022,의정부시
승합(대형),비바모빌리티,(단종)브이버스120,7000,0,7000,2022년도 전기자동차 의정부시 모델별 보조금,2022,의정부시
승합(대형),비바모빌리티,(단종)브이버스110-B,6839,0,6839,2022년도 전기자동차 의정부시 모델별 보조금,2022,의정부시
승합(대형),북경모터스,그린타운(850),4265,0,4265,2022년도 전기자동차 의정부시 모델별 보조금,2022,의정부시
승합(대형),북경모터스,그린타운플러스,6550,0,6550,2022년도 전기자동차 의정부시 모델별 보조금,2022,의정부시
승합(대형),범한자동차,E-SKY11(350kWh),7000,0,7000,2022년도 전기자동차 의정부시 모델별 보조금,2022,의정부시
승합(대형),범한자동차,E-SKY9(281kWh),7000,0,7000,2022년도 전기자동차 의정부시 모델별 보조금,2022,의정부시
승합(대형),범한자동차,E-STAR8 V1,6454,0,6454,2022년도 전기자동차 의정부시 모델별 보조금,2022,의정부시
승합(대형),범한자동차,E-STAR11,7000,0,7000,2022년도 전기자동차 의정부시 모델별 보조금,2022,의정부시
승합(대형),범한자동차,E-STAR12i,7000,4200,11200,2022년도 전기자동차 의정부시 모델별 보조금,2022,의정부시
승합(대형),에스에이피,아이즘(IZM),7000,0,7000,2022년도 전기자동차 의정부시 모델별 보조금,2022,의정부시
승합(대형),에스에이피,엘페(ELFE),7000,0,7000,2022년도 전기자동차 의정부시 모델별 보조금,2022,의정부시
승합(대형),에스에이피,리오네(LIONNE),7000,0,7000,2022년도 전기자동차 의정부시 모델별 보조금,2022,의정부시
승합(대형),GS글로벌,eBus-12(K9DC),7000,0,7000,2022년도 전기자동차 의정부시 모델별 보조금,2022,의정부시
승합(대형),GS글로벌,NEW BYD eBus-12,7000,0,7000,2022년도 전기자동차 의정부시 모델별 보조금,2022,의정부시
승합(대형),티에스에코에너지,일레누스,7000,0,7000,2022년도 전기자동차 의정부시 모델별 보조금,2022,의정부시
승합(대형),티에스에코에너지,일레누스(TS900),6251,0,6251,2022년도 전기자동차 의정부시 모델별 보조금,2022,의정부시
승합(대형),이온모터스,시티라이트,5815,0,5815,2022년도 전기자동차 의정부시 모델별 보조금,2022,의정부시
승합(대형),이온모터스,시티라이트Ⅱ,7000,0,7000,2022년도 전기자동차 의정부시 모델별 보조금,2022,의정부시
승합(대형),이온모터스,시티라이트9,7000,0,7000,2022년도 전기자동차 의정부시 모델별 보조금,2022,의정부시
승합(대형),한차,GREENWAY1100,6388,0,6388,2022년도 전기자동차 의정부시 모델별 보조금,2022,의정부시
승합(대형),한차,GREENWAY1100A,7000,4200,11200,2022년도 전기자동차 의정부시 모델별 보조금,2022,의정부시
승합(대형),이엠코리아,에픽시티(LFP),7000,4200,11200,2022년도 전기자동차 의정부시 모델별 보조금,2022,의정부시
승합(대형),태영티엔티,GD11,5749,0,5749,2022년도 전기자동차 의정부시 모델별 보조금,2022,의정부시
승합(대형),재일홀딩스,그린타운400,6418,0,6418,2022년도 전기자동차 의정부시 모델별 보조금,2022,의정부시
승합(중형),현대자동차,카운티 일렉트릭(어린이운송용 30인승),4383,2630,7013,2022년도 전기자동차 안양시 모델별 보조금,2022,안양시
승합(중형),현대자동차,(단종)카운티 일렉트릭(어린이운송용 33인승 V2),4391,2634,7025,2022년도 전기자동차 안양시 모델별 보조금,2022,안양시
승합(중형),현대자동차,카운티 일렉트릭(어린이운송용 33인승),4391,2634,7025,2022년도 전기자동차 안양시 모델별 보조금,2022,안양시
승합(중형),현대자동차,카운티 일렉트릭,4391,2634,7025,2022년도 전기자동차 안양시 모델별 보조금,2022,안양시
승합(중형),현대자동차,카운티 일렉트릭(마을버스),5000,3000,8000,2022년도 전기자동차 안양시 모델별 보조금,2022,안양시
승합(중형),우진산전,아폴로750,4780,2868,7648,2022년도 전기자동차 안양시 모델별 보조금,2022,안양시
승합(중형),우진산전,아폴로750(15인승),5000,3000,8000,2022년도 전기자동차 안양시 모델별 보조금,2022,안양시
승합(중형),우진산전,아폴로750전기버스,5000,3000,8000,2022년도 전기자동차 안양시 모델별 보조금,2022,안양시
승합(중형),이비온,E6,2539,1524,4063,2022년도 전기자동차 안양시 모델별 보조금,2022,안양시
승합(중형),이비온,"E6(JL618S), 어린이통학",3570,2142,5712,2022년도 전기자동차 안양시 모델별 보조금,2022,안양시
승합(중형),GS글로벌,NEW BYD eBus-7,4357,2614,6971,2022년도 전기자동차 안양시 모델별 보조금,2022,안양시
승합(중형),한신자동차,바네스,2821,1692,4513,2022년도 전기자동차 안양시 모델별 보조금,2022,안양시
승합(중형),비바모빌리티,VBUS60,3789,2274,6063,2022년도 전기자동차 안양시 모델별 보조금,2022,안양시
승합(중형),비바모빌리티,브이버스60i(어린이운송용),3791,2274,6065,2022년도 전기자동차 안양시 모델별 보조금,2022,안양시
승합(중형),케이지모빌리티커머셜,SMART 8.7,5000,3000,8000,2022년도 전기자동차 안양시 모델별 보조금,2022,안양시
승합(중형),한차,GREENWAY720,5000,3000,8000,2022년도 전기자동차 안양시 모델별 보조금,2022,안양시
승합(대형),현대자동차,일렉시티 굴절버스,14693,4200,18893,2022년도 전기자동차 안양시 모델별 보조금,2022,안양시
승합(대형),현대자동차,일렉시티 이층버스,12501,4200,16701,2022년도 전기자동차 안양시 모델별 보조금,2022,안양시
승합(대형),현대자동차,일렉시티(3PACK),7000,4200,11200,2022년도 전기자동차 안양시 모델별 보조금,2022,안양시
승합(대형),현대자동차,일렉시티(4PACK V1),7000,4200,11200,2022년도 전기자동차 안양시 모델별 보조금,2022,안양시
승합(대형),우진산전,아폴로1100(258kWh),6746,4047,10793,2022년도 전기자동차 안양시 모델별 보조금,2022,안양시
승합(대형),우진산전,아폴로1100(11CTLP),6133,3679,9812,2022년도 전기자동차 안양시 모델별 보조금,2022,안양시
승합(대형),북경모터스,그린타운(850),4265,2344,6609,2022년도 전기자동차 안양시 모델별 보조금,2022,안양시
승합(대형),북경모터스,그린타운플러스,6550,3662,10212,2022년도 전기자동차 안양시 모델별 보조금,2022,안양시
승합(대형),GS글로벌,eBus-12(K9DC),7000,4200,11200,2022년도 전기자동차 안양시 모델별 보조금,2022,안양시
승합(대형),GS글로벌,NEW BYD eBus-12,7000,4200,11200,2022년도 전기자동차 안양시 모델별 보조금,2022,안양시
승합(대형),이온모터스,시티라이트Ⅱ,7000,4200,11200,2022년도 전기자동차 안양시 모델별 보조금,2022,안양시
승합(중형),현대자동차,카운티 일렉트릭(어린이운송용 30인승),4383,2628,7011,2022년도 전기자동차 부천시 모델별 보조금,2022,부천시
승합(중형),현대자동차,(단종)카운티 일렉트릭(어린이운송용 33인승 V2),4391,2634,7025,2022년도 전기자동차 부천시 모델별 보조금,2022,부천시
승합(중형),현대자동차,카운티 일렉트릭(어린이운송용 33인승),4391,2634,7025,2022년도 전기자동차 부천시 모델별 보조금,2022,부천시
승합(중형),현대자동차,카운티 일렉트릭,4391,2634,7025,2022년도 전기자동차 부천시 모델별 보조금,2022,부천시
승합(중형),현대자동차,카운티 일렉트릭(마을버스),5000,3000,8000,2022년도 전기자동차 부천시 모델별 보조금,2022,부천시
승합(중형),우진산전,아폴로750,4780,2868,7648,2022년도 전기자동차 부천시 모델별 보조금,2022,부천시
승합(중형),우진산전,아폴로750(15인승),5000,3000,8000,2022년도 전기자동차 부천시 모델별 보조금,2022,부천시
승합(중형),우진산전,아폴로750전기버스,5000,3000,8000,2022년도 전기자동차 부천시 모델별 보조금,2022,부천시
승합(중형),이비온,E6,2539,1522,4061,2022년도 전기자동차 부천시 모델별 보조금,2022,부천시
승합(중형),이비온,"E6(JL618S), 어린이통학",3570,2142,5712,2022년도 전기자동차 부천시 모델별 보조금,2022,부천시
승합(중형),GS글로벌,NEW BYD eBus-7,4357,2614,6971,2022년도 전기자동차 부천시 모델별 보조금,2022,부천시
승합(중형),한신자동차,바네스,2821,1692,4513,2022년도 전기자동차 부천시 모델별 보조금,2022,부천시
승합(중형),비바모빌리티,VBUS60,3789,2272,6061,2022년도 전기자동차 부천시 모델별 보조금,2022,부천시
승합(중형),비바모빌리티,브이버스60i(어린이운송용),3791,2274,6065,2022년도 전기자동차 부천시 모델별 보조금,2022,부천시
승합(중형),케이지모빌리티커머셜,SMART 8.7,5000,3000,8000,2022년도 전기자동차 부천시 모델별 보조금,2022,부천시
승합(중형),한차,GREENWAY720,5000,3000,8000,2022년도 전기자동차 부천시 모델별 보조금,2022,부천시
승합(대형),현대자동차,일렉시티 굴절버스,14693,0,14693,2022년도 전기자동차 부천시 모델별 보조금,2022,부천시
승합(대형),현대자동차,일렉시티 이층버스,12501,0,12501,2022년도 전기자동차 부천시 모델별 보조금,2022,부천시
승합(대형),현대자동차,일렉시티(3PACK),7000,4200,11200,2022년도 전기자동차 부천시 모델별 보조금,2022,부천시
승합(대형),현대자동차,일렉시티(4PACK V1),7000,4200,11200,2022년도 전기자동차 부천시 모델별 보조금,2022,부천시
승합(대형),케이지모빌리티커머셜,이-스마트(57인승),5522,3312,8834,2022년도 전기자동차 부천시 모델별 보조금,2022,부천시
승합(대형),케이지모빌리티커머셜,이-스마트(51인승),5510,3306,8816,2022년도 전기자동차 부천시 모델별 보조금,2022,부천시
승합(대형),케이지모빌리티커머셜,SMART 9.3,7000,4200,11200,2022년도 전기자동차 부천시 모델별 보조금,2022,부천시
승합(대형),케이지모빌리티커머셜,SMART 110(272kWh),7000,4200,11200,2022년도 전기자동차 부천시 모델별 보조금,2022,부천시
승합(대형),케이지모빌리티커머셜,SMART 110E(347kWh),7000,4200,11200,2022년도 전기자동차 부천시 모델별 보조금,2022,부천시
승합(대형),케이지모빌리티커머셜,SMART 110(260kWh),7000,4200,11200,2022년도 전기자동차 부천시 모델별 보조금,2022,부천시
승합(대형),우진산전,아폴로1100,6396,3836,10232,2022년도 전기자동차 부천시 모델별 보조금,2022,부천시
승합(대형),우진산전,아폴로1100(258kWh),6746,4046,10792,2022년도 전기자동차 부천시 모델별 보조금,2022,부천시
승합(대형),우진산전,아폴로1100(11CTLP),6133,3678,9811,2022년도 전기자동차 부천시 모델별 보조금,2022,부천시
승합(대형),우진산전,아폴로1100전기버스 22MY,7000,4200,11200,2022년도 전기자동차 부천시 모델별 보조금,2022,부천시
승합(대형),피라인모터스,HYPERS(신형),5917,3550,9467,2022년도 전기자동차 부천시 모델별 보조금,2022,부천시
승합(대형),피라인모터스,HYPERS(H),5778,3466,9244,2022년도 전기자동차 부천시 모델별 보조금,2022,부천시
승합(대형),피라인모터스,HYPERS(11L),5021,3012,8033,2022년도 전기자동차 부천시 모델별 보조금,2022,부천시
승합(대형),피라인모터스,HYPERS1611,6021,3612,9633,2022년도 전기자동차 부천시 모델별 보조금,2022,부천시
승합(대형),피라인모터스,HYPERS1609,6068,3640,9708,2022년도 전기자동차 부천시 모델별 보조금,2022,부천시
승합(대형),피라인모터스,HYPERS1612,5795,3476,9271,2022년도 전기자동차 부천시 모델별 보조금,2022,부천시
승합(대형),피라인모터스,HYPERS1609H,6610,3966,10576,2022년도 전기자동차 부천시 모델별 보조금,2022,부천시
승합(대형),비바모빌리티,(단종)브이버스90N,6430,3858,10288,2022년도 전기자동차 부천시 모델별 보조금,2022,부천시
승합(대형),비바모빌리티,(단종)브이버스110-B,6839,4102,10941,2022년도 전기자동차 부천시 모델별 보조금,2022,부천시
승합(대형),북경모터스,그린타운(850),4265,2059,6324,2022년도 전기자동차 부천시 모델별 보조금,2022,부천시
승합(대형),북경모터스,그린타운플러스,6550,3430,9980,2022년도 전기자동차 부천시 모델별 보조금,2022,부천시
승합(대형),에스에이피,아이즘(IZM),7000,4200,11200,2022년도 전기자동차 부천시 모델별 보조금,2022,부천시
승합(대형),에스에이피,엘페(ELFE),7000,4200,11200,2022년도 전기자동차 부천시 모델별 보조금,2022,부천시
승합(대형),에스에이피,리오네(LIONNE),7000,4200,11200,2022년도 전기자동차 부천시 모델별 보조금,2022,부천시
승합(대형),GS글로벌,eBus-12(K9DC),7000,4200,11200,2022년도 전기자동차 부천시 모델별 보조금,2022,부천시
승합(대형),GS글로벌,NEW BYD eBus-12,7000,4200,11200,2022년도 전기자동차 부천시 모델별 보조금,2022,부천시
승합(대형),티에스에코에너지,일레누스,7000,4200,11200,2022년도 전기자동차 부천시 모델별 보조금,2022,부천시
승합(대형),이온모터스,시티라이트Ⅱ,7000,4200,11200,2022년도 전기자동차 부천시 모델별 보조금,2022,부천시
승합(대형),이온모터스,시티라이트9,7000,4200,11200,2022년도 전기자동차 부천시 모델별 보조금,2022,부천시
승합(대형),한차,GREENWAY1100,6388,3832,10220,2022년도 전기자동차 부천시 모델별 보조금,2022,부천시
승합(대형),이엠코리아,에픽시티(LFP),7000,4200,11200,2022년도 전기자동차 부천시 모델별 보조금,2022,부천시
승합(대형),태영티엔티,GD11,5749,3448,9197,2022년도 전기자동차 부천시 모델별 보조금,2022,부천시
승합(중형),현대자동차,카운티 일렉트릭(어린이운송용 30인승),4383,0,4383,2022년도 전기자동차 광명시 모델별 보조금,2022,광명시
승합(중형),현대자동차,(단종)카운티 일렉트릭(어린이운송용 33인승 V2),4391,0,4391,2022년도 전기자동차 광명시 모델별 보조금,2022,광명시
승합(중형),현대자동차,카운티 일렉트릭(어린이운송용 33인승),4391,0,4391,2022년도 전기자동차 광명시 모델별 보조금,2022,광명시
승합(중형),현대자동차,카운티 일렉트릭,4391,0,4391,2022년도 전기자동차 광명시 모델별 보조금,2022,광명시
승합(중형),현대자동차,카운티 일렉트릭(마을버스),5000,0,5000,2022년도 전기자동차 광명시 모델별 보조금,2022,광명시
승합(중형),우진산전,아폴로750,4780,0,4780,2022년도 전기자동차 광명시 모델별 보조금,2022,광명시
승합(중형),우진산전,아폴로750(15인승),5000,0,5000,2022년도 전기자동차 광명시 모델별 보조금,2022,광명시
승합(중형),우진산전,아폴로750전기버스,5000,0,5000,2022년도 전기자동차 광명시 모델별 보조금,2022,광명시
승합(중형),이비온,E6,2539,0,2539,2022년도 전기자동차 광명시 모델별 보조금,2022,광명시
승합(중형),이비온,"E6(JL618S), 어린이통학",3570,0,3570,2022년도 전기자동차 광명시 모델별 보조금,2022,광명시
승합(중형),GS글로벌,NEW BYD eBus-7,4357,0,4357,2022년도 전기자동차 광명시 모델별 보조금,2022,광명시
승합(중형),한신자동차,바네스,2821,0,2821,2022년도 전기자동차 광명시 모델별 보조금,2022,광명시
승합(중형),비바모빌리티,VBUS60,3789,0,3789,2022년도 전기자동차 광명시 모델별 보조금,2022,광명시
승합(중형),비바모빌리티,브이버스60i(어린이운송용),3791,0,3791,2022년도 전기자동차 광명시 모델별 보조금,2022,광명시
승합(중형),케이지모빌리티커머셜,SMART 8.7,5000,0,5000,2022년도 전기자동차 광명시 모델별 보조금,2022,광명시
승합(중형),한차,GREENWAY720,5000,0,5000,2022년도 전기자동차 광명시 모델별 보조금,2022,광명시
승합(대형),현대자동차,일렉시티 굴절버스,14693,0,14693,2022년도 전기자동차 광명시 모델별 보조금,2022,광명시
승합(대형),현대자동차,일렉시티 이층버스,12501,0,12501,2022년도 전기자동차 광명시 모델별 보조금,2022,광명시
승합(대형),현대자동차,일렉시티(3PACK),7000,0,7000,2022년도 전기자동차 광명시 모델별 보조금,2022,광명시
승합(대형),현대자동차,일렉시티(4PACK V1),7000,4200,11200,2022년도 전기자동차 광명시 모델별 보조금,2022,광명시
승합(대형),케이지모빌리티커머셜,이-스마트(57인승),5522,0,5522,2022년도 전기자동차 광명시 모델별 보조금,2022,광명시
승합(대형),케이지모빌리티커머셜,이-스마트(51인승),5510,0,5510,2022년도 전기자동차 광명시 모델별 보조금,2022,광명시
승합(대형),케이지모빌리티커머셜,SMART 9.3,7000,0,7000,2022년도 전기자동차 광명시 모델별 보조금,2022,광명시
승합(대형),케이지모빌리티커머셜,SMART 110(272kWh),7000,0,7000,2022년도 전기자동차 광명시 모델별 보조금,2022,광명시
승합(대형),케이지모빌리티커머셜,SMART 110E(347kWh),7000,0,7000,2022년도 전기자동차 광명시 모델별 보조금,2022,광명시
승합(대형),케이지모빌리티커머셜,SMART 110(260kWh),7000,0,7000,2022년도 전기자동차 광명시 모델별 보조금,2022,광명시
승합(대형),케이지모빌리티커머셜,SMART 110E(260kWh),7000,0,7000,2022년도 전기자동차 광명시 모델별 보조금,2022,광명시
승합(대형),우진산전,아폴로1100,6396,0,6396,2022년도 전기자동차 광명시 모델별 보조금,2022,광명시
승합(대형),우진산전,아폴로1100(258kWh),6746,0,6746,2022년도 전기자동차 광명시 모델별 보조금,2022,광명시
승합(대형),우진산전,아폴로1100(11CTLP),6133,0,6133,2022년도 전기자동차 광명시 모델별 보조금,2022,광명시
승합(대형),우진산전,아폴로900전기버스,4658,0,4658,2022년도 전기자동차 광명시 모델별 보조금,2022,광명시
승합(대형),우진산전,아폴로1100전기버스 22MY,7000,0,7000,2022년도 전기자동차 광명시 모델별 보조금,2022,광명시
승합(대형),피라인모터스,HYPERS(신형),5917,0,5917,2022년도 전기자동차 광명시 모델별 보조금,2022,광명시
승합(대형),피라인모터스,HYPERS(H),5778,0,5778,2022년도 전기자동차 광명시 모델별 보조금,2022,광명시
승합(대형),피라인모터스,HYPERS(11L),5021,0,5021,2022년도 전기자동차 광명시 모델별 보조금,2022,광명시
승합(대형),피라인모터스,HYPERS1611,6021,0,6021,2022년도 전기자동차 광명시 모델별 보조금,2022,광명시
승합(대형),피라인모터스,HYPERS1609,6068,0,6068,2022년도 전기자동차 광명시 모델별 보조금,2022,광명시
승합(대형),피라인모터스,HYPERS1612,5795,0,5795,2022년도 전기자동차 광명시 모델별 보조금,2022,광명시
승합(대형),피라인모터스,HYPERS1609H,6610,0,6610,2022년도 전기자동차 광명시 모델별 보조금,2022,광명시
승합(대형),비바모빌리티,(단종)브이버스90N,6430,0,6430,2022년도 전기자동차 광명시 모델별 보조금,2022,광명시
승합(대형),비바모빌리티,(단종)브이버스110-B,6839,0,6839,2022년도 전기자동차 광명시 모델별 보조금,2022,광명시
승합(대형),북경모터스,그린타운(850),4265,0,4265,2022년도 전기자동차 광명시 모델별 보조금,2022,광명시
승합(대형),북경모터스,그린타운플러스,6550,0,6550,2022년도 전기자동차 광명시 모델별 보조금,2022,광명시
승합(대형),범한자동차,E-SKY11(350kWh),7000,0,7000,2022년도 전기자동차 광명시 모델별 보조금,2022,광명시
승합(대형),범한자동차,E-SKY9(281kWh),7000,0,7000,2022년도 전기자동차 광명시 모델별 보조금,2022,광명시
승합(대형),범한자동차,E-STAR8 V1,6454,3872,10326,2022년도 전기자동차 광명시 모델별 보조금,2022,광명시
승합(대형),범한자동차,E-STAR11,7000,0,7000,2022년도 전기자동차 광명시 모델별 보조금,2022,광명시
승합(대형),에스에이피,아이즘(IZM),7000,0,7000,2022년도 전기자동차 광명시 모델별 보조금,2022,광명시
승합(대형),에스에이피,엘페(ELFE),7000,0,7000,2022년도 전기자동차 광명시 모델별 보조금,2022,광명시
승합(대형),에스에이피,리오네(LIONNE),7000,0,7000,2022년도 전기자동차 광명시 모델별 보조금,2022,광명시
승합(대형),GS글로벌,eBus-12(K9DC),7000,0,7000,2022년도 전기자동차 광명시 모델별 보조금,2022,광명시
승합(대형),GS글로벌,NEW BYD eBus-12,7000,4200,11200,2022년도 전기자동차 광명시 모델별 보조금,2022,광명시
승합(대형),티에스에코에너지,일레누스,7000,0,7000,2022년도 전기자동차 광명시 모델별 보조금,2022,광명시
승합(대형),티에스에코에너지,일레누스(TS900),6251,0,6251,2022년도 전기자동차 광명시 모델별 보조금,2022,광명시
승합(대형),이온모터스,시티라이트Ⅱ,7000,0,7000,2022년도 전기자동차 광명시 모델별 보조금,2022,광명시
승합(대형),이온모터스,시티라이트9,7000,0,7000,2022년도 전기자동차 광명시 모델별 보조금,2022,광명시
승합(대형),한차,GREENWAY1100,6388,0,6388,2022년도 전기자동차 광명시 모델별 보조금,2022,광명시
승합(대형),이엠코리아,에픽시티(LFP),7000,0,7000,2022년도 전기자동차 광명시 모델별 보조금,2022,광명시
승합(대형),태영티엔티,GD11,5749,0,5749,2022년도 전기자동차 광명시 모델별 보조금,2022,광명시
승합(대형),재일홀딩스,그린타운400,6418,0,6418,2022년도 전기자동차 광명시 모델별 보조금,2022,광명시
승합(중형),현대자동차,카운티 일렉트릭(어린이운송용 30인승),4383,2630,7013,2022년도 전기자동차 평택시 모델별 보조금,2022,평택시
승합(중형),현대자동차,(단종)카운티 일렉트릭(어린이운송용 33인승 V2),4391,2634,7025,2022년도 전기자동차 평택시 모델별 보조금,2022,평택시
승합(중형),현대자동차,카운티 일렉트릭(어린이운송용 33인승),4391,2634,7025,2022년도 전기자동차 평택시 모델별 보조금,2022,평택시
승합(중형),현대자동차,카운티 일렉트릭,4391,2634,7025,2022년도 전기자동차 평택시 모델별 보조금,2022,평택시
승합(중형),현대자동차,카운티 일렉트릭(마을버스),5000,3000,8000,2022년도 전기자동차 평택시 모델별 보조금,2022,평택시
승합(중형),우진산전,아폴로750,4780,2868,7648,2022년도 전기자동차 평택시 모델별 보조금,2022,평택시
승합(중형),우진산전,아폴로750(15인승),5000,3000,8000,2022년도 전기자동차 평택시 모델별 보조금,2022,평택시
승합(중형),우진산전,아폴로750전기버스,5000,3000,8000,2022년도 전기자동차 평택시 모델별 보조금,2022,평택시
승합(중형),이비온,E6,2539,1524,4063,2022년도 전기자동차 평택시 모델별 보조금,2022,평택시
승합(중형),이비온,"E6(JL618S), 어린이통학",3570,2142,5712,2022년도 전기자동차 평택시 모델별 보조금,2022,평택시
승합(중형),GS글로벌,NEW BYD eBus-7,4357,2344,6701,2022년도 전기자동차 평택시 모델별 보조금,2022,평택시
승합(중형),한신자동차,바네스,2821,1692,4513,2022년도 전기자동차 평택시 모델별 보조금,2022,평택시
승합(중형),비바모빌리티,VBUS60,3789,2274,6063,2022년도 전기자동차 평택시 모델별 보조금,2022,평택시
승합(중형),비바모빌리티,브이버스60i(어린이운송용),3791,2274,6065,2022년도 전기자동차 평택시 모델별 보조금,2022,평택시
승합(중형),케이지모빌리티커머셜,SMART 8.7,5000,3000,8000,2022년도 전기자동차 평택시 모델별 보조금,2022,평택시
승합(중형),한차,GREENWAY720,5000,3000,8000,2022년도 전기자동차 평택시 모델별 보조금,2022,평택시
승합(대형),현대자동차,일렉시티 굴절버스,14693,0,14693,2022년도 전기자동차 평택시 모델별 보조금,2022,평택시
승합(대형),현대자동차,일렉시티 이층버스,12501,0,12501,2022년도 전기자동차 평택시 모델별 보조금,2022,평택시
승합(대형),현대자동차,일렉시티(3PACK),7000,4200,11200,2022년도 전기자동차 평택시 모델별 보조금,2022,평택시
승합(대형),현대자동차,일렉시티(4PACK V1),7000,4200,11200,2022년도 전기자동차 평택시 모델별 보조금,2022,평택시
승합(대형),케이지모빌리티커머셜,이-스마트(57인승),5522,3312,8834,2022년도 전기자동차 평택시 모델별 보조금,2022,평택시
승합(대형),케이지모빌리티커머셜,이-스마트(51인승),5510,3306,8816,2022년도 전기자동차 평택시 모델별 보조금,2022,평택시
승합(대형),케이지모빌리티커머셜,SMART 9.3,7000,4200,11200,2022년도 전기자동차 평택시 모델별 보조금,2022,평택시
승합(대형),케이지모빌리티커머셜,SMART 110(272kWh),7000,4200,11200,2022년도 전기자동차 평택시 모델별 보조금,2022,평택시
승합(대형),케이지모빌리티커머셜,SMART 110E(347kWh),7000,4200,11200,2022년도 전기자동차 평택시 모델별 보조금,2022,평택시
승합(대형),케이지모빌리티커머셜,SMART 110(260kWh),7000,4200,11200,2022년도 전기자동차 평택시 모델별 보조금,2022,평택시
승합(대형),우진산전,아폴로1100,6396,3836,10232,2022년도 전기자동차 평택시 모델별 보조금,2022,평택시
승합(대형),우진산전,아폴로1100(258kWh),6746,4046,10792,2022년도 전기자동차 평택시 모델별 보조금,2022,평택시
승합(대형),우진산전,아폴로1100(11CTLP),6133,3678,9811,2022년도 전기자동차 평택시 모델별 보조금,2022,평택시
승합(대형),우진산전,아폴로1100전기버스 22MY,7000,4200,11200,2022년도 전기자동차 평택시 모델별 보조금,2022,평택시
승합(대형),피라인모터스,HYPERS(신형),5917,3530,9447,2022년도 전기자동차 평택시 모델별 보조금,2022,평택시
승합(대형),피라인모터스,HYPERS(H),5778,3466,9244,2022년도 전기자동차 평택시 모델별 보조금,2022,평택시
승합(대형),피라인모터스,HYPERS(11L),5021,3012,8033,2022년도 전기자동차 평택시 모델별 보조금,2022,평택시
승합(대형),피라인모터스,HYPERS1611,6021,3612,9633,2022년도 전기자동차 평택시 모델별 보조금,2022,평택시
승합(대형),피라인모터스,HYPERS1609,6068,3640,9708,2022년도 전기자동차 평택시 모델별 보조금,2022,평택시
승합(대형),피라인모터스,HYPERS1612,5795,3476,9271,2022년도 전기자동차 평택시 모델별 보조금,2022,평택시
승합(대형),피라인모터스,HYPERS1609H,6610,3966,10576,2022년도 전기자동차 평택시 모델별 보조금,2022,평택시
승합(대형),비바모빌리티,(단종)브이버스90N,6430,3858,10288,2022년도 전기자동차 평택시 모델별 보조금,2022,평택시
승합(대형),비바모빌리티,(단종)브이버스110-B,6839,4102,10941,2022년도 전기자동차 평택시 모델별 보조금,2022,평택시
승합(대형),북경모터스,그린타운(850),4265,0,4265,2022년도 전기자동차 평택시 모델별 보조금,2022,평택시
승합(대형),북경모터스,그린타운플러스,6550,0,6550,2022년도 전기자동차 평택시 모델별 보조금,2022,평택시
승합(대형),에스에이피,엘페(ELFE),7000,4200,11200,2022년도 전기자동차 평택시 모델별 보조금,2022,평택시
승합(대형),GS글로벌,eBus-12(K9DC),7000,4200,11200,2022년도 전기자동차 평택시 모델별 보조금,2022,평택시
승합(대형),GS글로벌,NEW BYD eBus-12,7000,4200,11200,2022년도 전기자동차 평택시 모델별 보조금,2022,평택시
승합(대형),티에스에코에너지,일레누스,7000,4200,11200,2022년도 전기자동차 평택시 모델별 보조금,2022,평택시
승합(대형),이온모터스,시티라이트Ⅱ,7000,4200,11200,2022년도 전기자동차 평택시 모델별 보조금,2022,평택시
승합(대형),이온모터스,시티라이트9,7000,4200,11200,2022년도 전기자동차 평택시 모델별 보조금,2022,평택시
승합(대형),한차,GREENWAY1100,6388,3832,10220,2022년도 전기자동차 평택시 모델별 보조금,2022,평택시
승합(대형),이엠코리아,에픽시티(LFP),7000,4200,11200,2022년도 전기자동차 평택시 모델별 보조금,2022,평택시
승합(대형),태영티엔티,GD11,5749,3448,9197,2022년도 전기자동차 평택시 모델별 보조금,2022,평택시
모델별 지방비 자료가 없습니다.,모델별 지방비 자료가 없습니다.,모델별 지방비 자료가 없습니다.,모델별 지방비 자료가 없습니다.,모델별 지방비 자료가 없습니다.,모델별 지방비 자료가 없습니다.,2022년도 전기자동차 동두천시 모델별 보조금,2022,동두천시
승합(중형),현대자동차,카운티 일렉트릭(어린이운송용 30인승),4383,0,4383,2022년도 전기자동차 안산시 모델별 보조금,2022,안산시
승합(중형),현대자동차,(단종)카운티 일렉트릭(어린이운송용 33인승 V2),4391,0,4391,2022년도 전기자동차 안산시 모델별 보조금,2022,안산시
승합(중형),현대자동차,카운티 일렉트릭(어린이운송용 33인승),4391,0,4391,2022년도 전기자동차 안산시 모델별 보조금,2022,안산시
승합(중형),현대자동차,카운티 일렉트릭,4391,0,4391,2022년도 전기자동차 안산시 모델별 보조금,2022,안산시
승합(중형),현대자동차,카운티 일렉트릭(마을버스),5000,3000,8000,2022년도 전기자동차 안산시 모델별 보조금,2022,안산시
승합(중형),우진산전,아폴로750,4780,0,4780,2022년도 전기자동차 안산시 모델별 보조금,2022,안산시
승합(중형),우진산전,아폴로750(15인승),5000,3000,8000,2022년도 전기자동차 안산시 모델별 보조금,2022,안산시
승합(중형),우진산전,아폴로750전기버스,5000,0,5000,2022년도 전기자동차 안산시 모델별 보조금,2022,안산시
승합(중형),이비온,E6,2539,0,2539,2022년도 전기자동차 안산시 모델별 보조금,2022,안산시
승합(중형),이비온,"E6(JL618S), 어린이통학",3570,0,3570,2022년도 전기자동차 안산시 모델별 보조금,2022,안산시
승합(중형),GS글로벌,NEW BYD eBus-7,4357,0,4357,2022년도 전기자동차 안산시 모델별 보조금,2022,안산시
승합(중형),한신자동차,바네스,2821,0,2821,2022년도 전기자동차 안산시 모델별 보조금,2022,안산시
승합(중형),비바모빌리티,VBUS60,3789,0,3789,2022년도 전기자동차 안산시 모델별 보조금,2022,안산시
승합(중형),비바모빌리티,브이버스60i(어린이운송용),3791,0,3791,2022년도 전기자동차 안산시 모델별 보조금,2022,안산시
승합(중형),케이지모빌리티커머셜,SMART 8.7,5000,0,5000,2022년도 전기자동차 안산시 모델별 보조금,2022,안산시
승합(중형),한차,GREENWAY720,5000,0,5000,2022년도 전기자동차 안산시 모델별 보조금,2022,안산시
승합(대형),현대자동차,일렉시티 굴절버스,14693,0,14693,2022년도 전기자동차 안산시 모델별 보조금,2022,안산시
승합(대형),현대자동차,일렉시티 이층버스,12501,0,12501,2022년도 전기자동차 안산시 모델별 보조금,2022,안산시
승합(대형),현대자동차,일렉시티(3PACK),7000,4200,11200,2022년도 전기자동차 안산시 모델별 보조금,2022,안산시
승합(대형),현대자동차,일렉시티(4PACK V1),7000,4200,11200,2022년도 전기자동차 안산시 모델별 보조금,2022,안산시
승합(대형),현대자동차,일렉시티 타운,7000,0,7000,2022년도 전기자동차 안산시 모델별 보조금,2022,안산시
승합(대형),케이지모빌리티커머셜,이-스마트(57인승),5522,0,5522,2022년도 전기자동차 안산시 모델별 보조금,2022,안산시
승합(대형),케이지모빌리티커머셜,이-스마트(51인승),5510,0,5510,2022년도 전기자동차 안산시 모델별 보조금,2022,안산시
승합(대형),케이지모빌리티커머셜,SMART 9.3,7000,4200,11200,2022년도 전기자동차 안산시 모델별 보조금,2022,안산시
승합(대형),케이지모빌리티커머셜,SMART 110(272kWh),7000,4200,11200,2022년도 전기자동차 안산시 모델별 보조금,2022,안산시
승합(대형),케이지모빌리티커머셜,SMART 110E(347kWh),7000,4200,11200,2022년도 전기자동차 안산시 모델별 보조금,2022,안산시
승합(대형),케이지모빌리티커머셜,SMART 110(260kWh),7000,4200,11200,2022년도 전기자동차 안산시 모델별 보조금,2022,안산시
승합(대형),케이지모빌리티커머셜,SMART 110E(260kWh),7000,4200,11200,2022년도 전기자동차 안산시 모델별 보조금,2022,안산시
승합(대형),우진산전,아폴로1100,6396,0,6396,2022년도 전기자동차 안산시 모델별 보조금,2022,안산시
승합(대형),우진산전,아폴로1100(258kWh),6746,0,6746,2022년도 전기자동차 안산시 모델별 보조금,2022,안산시
승합(대형),우진산전,아폴로1100(11CTLP),6133,0,6133,2022년도 전기자동차 안산시 모델별 보조금,2022,안산시
승합(대형),우진산전,아폴로900전기버스,4658,0,4658,2022년도 전기자동차 안산시 모델별 보조금,2022,안산시
승합(대형),우진산전,아폴로1100전기버스 22MY,7000,4200,11200,2022년도 전기자동차 안산시 모델별 보조금,2022,안산시
승합(대형),피라인모터스,HYPERS(신형),5917,0,5917,2022년도 전기자동차 안산시 모델별 보조금,2022,안산시
승합(대형),피라인모터스,HYPERS(H),5778,0,5778,2022년도 전기자동차 안산시 모델별 보조금,2022,안산시
승합(대형),피라인모터스,HYPERS(11L),5021,0,5021,2022년도 전기자동차 안산시 모델별 보조금,2022,안산시
승합(대형),피라인모터스,HYPERS1611,6021,0,6021,2022년도 전기자동차 안산시 모델별 보조금,2022,안산시
승합(대형),피라인모터스,HYPERS1609,6068,0,6068,2022년도 전기자동차 안산시 모델별 보조금,2022,안산시
승합(대형),피라인모터스,HYPERS1612,5795,0,5795,2022년도 전기자동차 안산시 모델별 보조금,2022,안산시
승합(대형),피라인모터스,HYPERS1609H,6610,0,6610,2022년도 전기자동차 안산시 모델별 보조금,2022,안산시
승합(대형),피라인모터스,HYPERS1612N,7000,0,7000,2022년도 전기자동차 안산시 모델별 보조금,2022,안산시
승합(대형),피라인모터스,HYPERS1609N,7000,0,7000,2022년도 전기자동차 안산시 모델별 보조금,2022,안산시
승합(대형),비바모빌리티,(단종)브이버스90N,6430,0,6430,2022년도 전기자동차 안산시 모델별 보조금,2022,안산시
승합(대형),비바모빌리티,(단종)브이버스120,7000,0,7000,2022년도 전기자동차 안산시 모델별 보조금,2022,안산시
승합(대형),비바모빌리티,(단종)브이버스110-B,6839,0,6839,2022년도 전기자동차 안산시 모델별 보조금,2022,안산시
승합(대형),북경모터스,그린타운(850),4265,0,4265,2022년도 전기자동차 안산시 모델별 보조금,2022,안산시
승합(대형),북경모터스,그린타운플러스,6550,0,6550,2022년도 전기자동차 안산시 모델별 보조금,2022,안산시
승합(대형),범한자동차,E-SKY11(350kWh),7000,0,7000,2022년도 전기자동차 안산시 모델별 보조금,2022,안산시
승합(대형),범한자동차,E-SKY9(281kWh),7000,0,7000,2022년도 전기자동차 안산시 모델별 보조금,2022,안산시
승합(대형),범한자동차,E-STAR8 V1,6454,0,6454,2022년도 전기자동차 안산시 모델별 보조금,2022,안산시
승합(대형),범한자동차,E-STAR11,7000,0,7000,2022년도 전기자동차 안산시 모델별 보조금,2022,안산시
승합(대형),에스에이피,아이즘(IZM),7000,0,7000,2022년도 전기자동차 안산시 모델별 보조금,2022,안산시
승합(대형),에스에이피,엘페(ELFE),7000,0,7000,2022년도 전기자동차 안산시 모델별 보조금,2022,안산시
승합(대형),에스에이피,리오네(LIONNE),7000,0,7000,2022년도 전기자동차 안산시 모델별 보조금,2022,안산시
승합(대형),GS글로벌,eBus-12(K9DC),7000,0,7000,2022년도 전기자동차 안산시 모델별 보조금,2022,안산시
승합(대형),GS글로벌,NEW BYD eBus-12,7000,0,7000,2022년도 전기자동차 안산시 모델별 보조금,2022,안산시
승합(대형),티에스에코에너지,일레누스,7000,0,7000,2022년도 전기자동차 안산시 모델별 보조금,2022,안산시
승합(대형),티에스에코에너지,일레누스(TS900),6251,0,6251,2022년도 전기자동차 안산시 모델별 보조금,2022,안산시
승합(대형),이온모터스,시티라이트,5815,0,5815,2022년도 전기자동차 안산시 모델별 보조금,2022,안산시
승합(대형),이온모터스,시티라이트Ⅱ,7000,0,7000,2022년도 전기자동차 안산시 모델별 보조금,2022,안산시
승합(대형),이온모터스,시티라이트9,7000,0,7000,2022년도 전기자동차 안산시 모델별 보조금,2022,안산시
승합(대형),한차,GREENWAY1100,6388,0,6388,2022년도 전기자동차 안산시 모델별 보조금,2022,안산시
승합(대형),한차,GREENWAY1100A,7000,0,7000,2022년도 전기자동차 안산시 모델별 보조금,2022,안산시
승합(대형),이엠코리아,에픽시티(LFP),7000,0,7000,2022년도 전기자동차 안산시 모델별 보조금,2022,안산시
승합(대형),태영티엔티,GD11,5749,0,5749,2022년도 전기자동차 안산시 모델별 보조금,2022,안산시
승합(대형),재일홀딩스,그린타운400,6418,0,6418,2022년도 전기자동차 안산시 모델별 보조금,2022,안산시
승합(중형),현대자동차,카운티 일렉트릭(어린이운송용 30인승),4383,2628,7011,2022년도 전기자동차 고양시 모델별 보조금,2022,고양시
승합(중형),현대자동차,(단종)카운티 일렉트릭(어린이운송용 33인승 V2),4391,2634,7025,2022년도 전기자동차 고양시 모델별 보조금,2022,고양시
승합(중형),현대자동차,카운티 일렉트릭(어린이운송용 33인승),4391,2634,7025,2022년도 전기자동차 고양시 모델별 보조금,2022,고양시
승합(중형),현대자동차,카운티 일렉트릭,4391,2634,7025,2022년도 전기자동차 고양시 모델별 보조금,2022,고양시
승합(중형),현대자동차,카운티 일렉트릭(마을버스),5000,3000,8000,2022년도 전기자동차 고양시 모델별 보조금,2022,고양시
승합(중형),우진산전,아폴로750,4780,2868,7648,2022년도 전기자동차 고양시 모델별 보조금,2022,고양시
승합(중형),우진산전,아폴로750(15인승),5000,3000,8000,2022년도 전기자동차 고양시 모델별 보조금,2022,고양시
승합(중형),우진산전,아폴로750전기버스,5000,3000,8000,2022년도 전기자동차 고양시 모델별 보조금,2022,고양시
승합(중형),이비온,E6,2539,1522,4061,2022년도 전기자동차 고양시 모델별 보조금,2022,고양시
승합(중형),이비온,"E6(JL618S), 어린이통학",3570,2142,5712,2022년도 전기자동차 고양시 모델별 보조금,2022,고양시
승합(중형),GS글로벌,NEW BYD eBus-7,4357,2614,6971,2022년도 전기자동차 고양시 모델별 보조금,2022,고양시
승합(중형),한신자동차,바네스,2821,1692,4513,2022년도 전기자동차 고양시 모델별 보조금,2022,고양시
승합(중형),비바모빌리티,VBUS60,3789,2272,6061,2022년도 전기자동차 고양시 모델별 보조금,2022,고양시
승합(중형),비바모빌리티,브이버스60i(어린이운송용),3791,2274,6065,2022년도 전기자동차 고양시 모델별 보조금,2022,고양시
승합(중형),케이지모빌리티커머셜,SMART 8.7,5000,3000,8000,2022년도 전기자동차 고양시 모델별 보조금,2022,고양시
승합(중형),한차,GREENWAY720,5000,3000,8000,2022년도 전기자동차 고양시 모델별 보조금,2022,고양시
승합(대형),현대자동차,일렉시티 굴절버스,14693,4200,18893,2022년도 전기자동차 고양시 모델별 보조금,2022,고양시
승합(대형),현대자동차,일렉시티 이층버스,12501,4200,16701,2022년도 전기자동차 고양시 모델별 보조금,2022,고양시
승합(대형),현대자동차,일렉시티(3PACK),7000,4200,11200,2022년도 전기자동차 고양시 모델별 보조금,2022,고양시
승합(대형),현대자동차,일렉시티(4PACK V1),7000,4200,11200,2022년도 전기자동차 고양시 모델별 보조금,2022,고양시
승합(대형),현대자동차,일렉시티 타운,7000,4200,11200,2022년도 전기자동차 고양시 모델별 보조금,2022,고양시
승합(대형),케이지모빌리티커머셜,이-스마트(57인승),5522,3312,8834,2022년도 전기자동차 고양시 모델별 보조금,2022,고양시
승합(대형),케이지모빌리티커머셜,이-스마트(51인승),5510,3306,8816,2022년도 전기자동차 고양시 모델별 보조금,2022,고양시
승합(대형),케이지모빌리티커머셜,SMART 9.3,7000,4200,11200,2022년도 전기자동차 고양시 모델별 보조금,2022,고양시
승합(대형),케이지모빌리티커머셜,SMART 110(272kWh),7000,4200,11200,2022년도 전기자동차 고양시 모델별 보조금,2022,고양시
승합(대형),케이지모빌리티커머셜,SMART 110E(347kWh),7000,4200,11200,2022년도 전기자동차 고양시 모델별 보조금,2022,고양시
승합(대형),케이지모빌리티커머셜,SMART 110(260kWh),7000,4200,11200,2022년도 전기자동차 고양시 모델별 보조금,2022,고양시
승합(대형),케이지모빌리티커머셜,SMART 110E(260kWh),7000,4200,11200,2022년도 전기자동차 고양시 모델별 보조금,2022,고양시
승합(대형),우진산전,아폴로1100,6396,3836,10232,2022년도 전기자동차 고양시 모델별 보조금,2022,고양시
승합(대형),우진산전,아폴로1100(258kWh),6746,0,6746,2022년도 전기자동차 고양시 모델별 보조금,2022,고양시
승합(대형),우진산전,아폴로1100(11CTLP),6133,3678,9811,2022년도 전기자동차 고양시 모델별 보조금,2022,고양시
승합(대형),우진산전,아폴로900전기버스,4658,2794,7452,2022년도 전기자동차 고양시 모델별 보조금,2022,고양시
승합(대형),우진산전,아폴로1100전기버스 22MY,7000,4200,11200,2022년도 전기자동차 고양시 모델별 보조금,2022,고양시
승합(대형),피라인모터스,HYPERS(신형),5917,3550,9467,2022년도 전기자동차 고양시 모델별 보조금,2022,고양시
승합(대형),피라인모터스,HYPERS(H),5778,3466,9244,2022년도 전기자동차 고양시 모델별 보조금,2022,고양시
승합(대형),피라인모터스,HYPERS(11L),5021,3012,8033,2022년도 전기자동차 고양시 모델별 보조금,2022,고양시
승합(대형),피라인모터스,HYPERS1611,6021,3612,9633,2022년도 전기자동차 고양시 모델별 보조금,2022,고양시
승합(대형),피라인모터스,HYPERS1609,6068,3640,9708,2022년도 전기자동차 고양시 모델별 보조금,2022,고양시
승합(대형),피라인모터스,HYPERS1612,5795,3476,9271,2022년도 전기자동차 고양시 모델별 보조금,2022,고양시
승합(대형),피라인모터스,HYPERS1609H,6610,3966,10576,2022년도 전기자동차 고양시 모델별 보조금,2022,고양시
승합(대형),피라인모터스,HYPERS1612N,7000,4200,11200,2022년도 전기자동차 고양시 모델별 보조금,2022,고양시
승합(대형),피라인모터스,HYPERS1609N,7000,4200,11200,2022년도 전기자동차 고양시 모델별 보조금,2022,고양시
승합(대형),비바모빌리티,(단종)브이버스90N,6430,3858,10288,2022년도 전기자동차 고양시 모델별 보조금,2022,고양시
승합(대형),비바모빌리티,(단종)브이버스120,7000,4200,11200,2022년도 전기자동차 고양시 모델별 보조금,2022,고양시
승합(대형),비바모빌리티,(단종)브이버스110-B,6839,4102,10941,2022년도 전기자동차 고양시 모델별 보조금,2022,고양시
승합(대형),북경모터스,그린타운(850),4265,1858,6123,2022년도 전기자동차 고양시 모델별 보조금,2022,고양시
승합(대형),북경모터스,그린타운플러스,6550,3230,9780,2022년도 전기자동차 고양시 모델별 보조금,2022,고양시
승합(대형),범한자동차,E-SKY11(350kWh),7000,4200,11200,2022년도 전기자동차 고양시 모델별 보조금,2022,고양시
승합(대형),범한자동차,E-SKY9(281kWh),7000,4200,11200,2022년도 전기자동차 고양시 모델별 보조금,2022,고양시
승합(대형),범한자동차,E-STAR8 V1,6454,3872,10326,2022년도 전기자동차 고양시 모델별 보조금,2022,고양시
승합(대형),범한자동차,E-STAR11,7000,4200,11200,2022년도 전기자동차 고양시 모델별 보조금,2022,고양시
승합(대형),에스에이피,아이즘(IZM),7000,4200,11200,2022년도 전기자동차 고양시 모델별 보조금,2022,고양시
승합(대형),에스에이피,엘페(ELFE),7000,4200,11200,2022년도 전기자동차 고양시 모델별 보조금,2022,고양시
승합(대형),에스에이피,리오네(LIONNE),7000,4200,11200,2022년도 전기자동차 고양시 모델별 보조금,2022,고양시
승합(대형),GS글로벌,eBus-12(K9DC),7000,4200,11200,2022년도 전기자동차 고양시 모델별 보조금,2022,고양시
승합(대형),GS글로벌,NEW BYD eBus-12,7000,4200,11200,2022년도 전기자동차 고양시 모델별 보조금,2022,고양시
승합(대형),티에스에코에너지,일레누스,7000,4200,11200,2022년도 전기자동차 고양시 모델별 보조금,2022,고양시
승합(대형),티에스에코에너지,일레누스(TS900),6251,3750,10001,2022년도 전기자동차 고양시 모델별 보조금,2022,고양시
승합(대형),이온모터스,시티라이트,5815,3488,9303,2022년도 전기자동차 고양시 모델별 보조금,2022,고양시
승합(대형),이온모터스,시티라이트Ⅱ,7000,4200,11200,2022년도 전기자동차 고양시 모델별 보조금,2022,고양시
승합(대형),이온모터스,시티라이트9,7000,4200,11200,2022년도 전기자동차 고양시 모델별 보조금,2022,고양시
승합(대형),한차,GREENWAY1100,6388,3832,10220,2022년도 전기자동차 고양시 모델별 보조금,2022,고양시
승합(대형),한차,GREENWAY1100A,7000,4200,11200,2022년도 전기자동차 고양시 모델별 보조금,2022,고양시
승합(대형),이엠코리아,에픽시티(LFP),7000,4200,11200,2022년도 전기자동차 고양시 모델별 보조금,2022,고양시
승합(대형),태영티엔티,GD11,5749,3448,9197,2022년도 전기자동차 고양시 모델별 보조금,2022,고양시
승합(대형),재일홀딩스,그린타운400,6418,3350,9768,2022년도 전기자동차 고양시 모델별 보조금,2022,고양시
승합(중형),현대자동차,카운티 일렉트릭(어린이운송용 30인승),4383,2630,7013,2022년도 전기자동차 과천시 모델별 보조금,2022,과천시
승합(중형),현대자동차,(단종)카운티 일렉트릭(어린이운송용 33인승 V2),4391,2634,7025,2022년도 전기자동차 과천시 모델별 보조금,2022,과천시
승합(중형),현대자동차,카운티 일렉트릭(어린이운송용 33인승),4391,2634,7025,2022년도 전기자동차 과천시 모델별 보조금,2022,과천시
승합(중형),현대자동차,카운티 일렉트릭,4391,2634,7025,2022년도 전기자동차 과천시 모델별 보조금,2022,과천시
승합(중형),현대자동차,카운티 일렉트릭(마을버스),5000,3000,8000,2022년도 전기자동차 과천시 모델별 보조금,2022,과천시
승합(중형),우진산전,아폴로750,4780,2868,7648,2022년도 전기자동차 과천시 모델별 보조금,2022,과천시
승합(중형),우진산전,아폴로750(15인승),5000,3000,8000,2022년도 전기자동차 과천시 모델별 보조금,2022,과천시
승합(중형),우진산전,아폴로750전기버스,5000,3000,8000,2022년도 전기자동차 과천시 모델별 보조금,2022,과천시
승합(중형),이비온,E6,2539,1524,4063,2022년도 전기자동차 과천시 모델별 보조금,2022,과천시
승합(중형),이비온,"E6(JL618S), 어린이통학",3570,2142,5712,2022년도 전기자동차 과천시 모델별 보조금,2022,과천시
승합(중형),GS글로벌,NEW BYD eBus-7,4357,2614,6971,2022년도 전기자동차 과천시 모델별 보조금,2022,과천시
승합(중형),한신자동차,바네스,2821,1692,4513,2022년도 전기자동차 과천시 모델별 보조금,2022,과천시
승합(중형),비바모빌리티,VBUS60,3789,2274,6063,2022년도 전기자동차 과천시 모델별 보조금,2022,과천시
승합(중형),비바모빌리티,브이버스60i(어린이운송용),3791,2274,6065,2022년도 전기자동차 과천시 모델별 보조금,2022,과천시
승합(중형),케이지모빌리티커머셜,SMART 8.7,5000,3000,8000,2022년도 전기자동차 과천시 모델별 보조금,2022,과천시
승합(중형),한차,GREENWAY720,5000,3000,8000,2022년도 전기자동차 과천시 모델별 보조금,2022,과천시
승합(대형),현대자동차,일렉시티 굴절버스,14693,8814,23507,2022년도 전기자동차 과천시 모델별 보조금,2022,과천시
승합(대형),현대자동차,일렉시티 이층버스,12501,7500,20001,2022년도 전기자동차 과천시 모델별 보조금,2022,과천시
승합(대형),현대자동차,일렉시티(3PACK),7000,4200,11200,2022년도 전기자동차 과천시 모델별 보조금,2022,과천시
승합(대형),현대자동차,일렉시티(4PACK V1),7000,4200,11200,2022년도 전기자동차 과천시 모델별 보조금,2022,과천시
승합(대형),케이지모빌리티커머셜,이-스마트(57인승),5522,3312,8834,2022년도 전기자동차 과천시 모델별 보조금,2022,과천시
승합(대형),케이지모빌리티커머셜,이-스마트(51인승),5510,3306,8816,2022년도 전기자동차 과천시 모델별 보조금,2022,과천시
승합(대형),케이지모빌리티커머셜,SMART 9.3,7000,4200,11200,2022년도 전기자동차 과천시 모델별 보조금,2022,과천시
승합(대형),케이지모빌리티커머셜,SMART 110(272kWh),7000,4200,11200,2022년도 전기자동차 과천시 모델별 보조금,2022,과천시
승합(대형),케이지모빌리티커머셜,SMART 110E(347kWh),7000,4200,11200,2022년도 전기자동차 과천시 모델별 보조금,2022,과천시
승합(대형),케이지모빌리티커머셜,SMART 110(260kWh),7000,4200,11200,2022년도 전기자동차 과천시 모델별 보조금,2022,과천시
승합(대형),케이지모빌리티커머셜,SMART 110E(260kWh),7000,4200,11200,2022년도 전기자동차 과천시 모델별 보조금,2022,과천시
승합(대형),우진산전,아폴로1100,6396,3836,10232,2022년도 전기자동차 과천시 모델별 보조금,2022,과천시
승합(대형),우진산전,아폴로1100(258kWh),6746,4046,10792,2022년도 전기자동차 과천시 모델별 보조금,2022,과천시
승합(대형),우진산전,아폴로1100(11CTLP),6133,3678,9811,2022년도 전기자동차 과천시 모델별 보조금,2022,과천시
승합(대형),우진산전,아폴로900전기버스,4658,2794,7452,2022년도 전기자동차 과천시 모델별 보조금,2022,과천시
승합(대형),우진산전,아폴로1100전기버스 22MY,7000,4200,11200,2022년도 전기자동차 과천시 모델별 보조금,2022,과천시
승합(대형),피라인모터스,HYPERS(신형),5917,3550,9467,2022년도 전기자동차 과천시 모델별 보조금,2022,과천시
승합(대형),피라인모터스,HYPERS(H),5778,3466,9244,2022년도 전기자동차 과천시 모델별 보조금,2022,과천시
승합(대형),피라인모터스,HYPERS(11L),5021,3012,8033,2022년도 전기자동차 과천시 모델별 보조금,2022,과천시
승합(대형),피라인모터스,HYPERS1611,6021,3612,9633,2022년도 전기자동차 과천시 모델별 보조금,2022,과천시
승합(대형),피라인모터스,HYPERS1609,6068,3640,9708,2022년도 전기자동차 과천시 모델별 보조금,2022,과천시
승합(대형),피라인모터스,HYPERS1612,5795,3476,9271,2022년도 전기자동차 과천시 모델별 보조금,2022,과천시
승합(대형),피라인모터스,HYPERS1609H,6610,3966,10576,2022년도 전기자동차 과천시 모델별 보조금,2022,과천시
승합(대형),비바모빌리티,(단종)브이버스90N,6430,3858,10288,2022년도 전기자동차 과천시 모델별 보조금,2022,과천시
승합(대형),비바모빌리티,(단종)브이버스110-B,6839,4102,10941,2022년도 전기자동차 과천시 모델별 보조금,2022,과천시
승합(대형),북경모터스,그린타운(850),4265,2342,6607,2022년도 전기자동차 과천시 모델별 보조금,2022,과천시
승합(대형),북경모터스,그린타운플러스,6550,3662,10212,2022년도 전기자동차 과천시 모델별 보조금,2022,과천시
승합(대형),범한자동차,E-SKY11(350kWh),7000,4200,11200,2022년도 전기자동차 과천시 모델별 보조금,2022,과천시
승합(대형),범한자동차,E-SKY9(281kWh),7000,4200,11200,2022년도 전기자동차 과천시 모델별 보조금,2022,과천시
승합(대형),범한자동차,E-STAR8 V1,6454,3872,10326,2022년도 전기자동차 과천시 모델별 보조금,2022,과천시
승합(대형),범한자동차,E-STAR11,7000,4200,11200,2022년도 전기자동차 과천시 모델별 보조금,2022,과천시
승합(대형),에스에이피,아이즘(IZM),7000,4200,11200,2022년도 전기자동차 과천시 모델별 보조금,2022,과천시
승합(대형),에스에이피,엘페(ELFE),7000,4200,11200,2022년도 전기자동차 과천시 모델별 보조금,2022,과천시
승합(대형),에스에이피,리오네(LIONNE),7000,4200,11200,2022년도 전기자동차 과천시 모델별 보조금,2022,과천시
승합(대형),GS글로벌,eBus-12(K9DC),7000,4200,11200,2022년도 전기자동차 과천시 모델별 보조금,2022,과천시
승합(대형),GS글로벌,NEW BYD eBus-12,7000,4200,11200,2022년도 전기자동차 과천시 모델별 보조금,2022,과천시
승합(대형),티에스에코에너지,일레누스,7000,4200,11200,2022년도 전기자동차 과천시 모델별 보조금,2022,과천시
승합(대형),티에스에코에너지,일레누스(TS900),6251,3750,10001,2022년도 전기자동차 과천시 모델별 보조금,2022,과천시
승합(대형),이온모터스,시티라이트Ⅱ,7000,4200,11200,2022년도 전기자동차 과천시 모델별 보조금,2022,과천시
승합(대형),이온모터스,시티라이트9,7000,4200,11200,2022년도 전기자동차 과천시 모델별 보조금,2022,과천시
승합(대형),한차,GREENWAY1100,6388,3832,10220,2022년도 전기자동차 과천시 모델별 보조금,2022,과천시
승합(대형),이엠코리아,에픽시티(LFP),7000,4200,11200,2022년도 전기자동차 과천시 모델별 보조금,2022,과천시
승합(대형),태영티엔티,GD11,5749,3448,9197,2022년도 전기자동차 과천시 모델별 보조금,2022,과천시
승합(대형),재일홀딩스,그린타운400,6418,3584,10002,2022년도 전기자동차 과천시 모델별 보조금,2022,과천시
승합(중형),현대자동차,카운티 일렉트릭(어린이운송용 30인승),4383,2628,7011,2022년도 전기자동차 구리시 모델별 보조금,2022,구리시
승합(중형),현대자동차,(단종)카운티 일렉트릭(어린이운송용 33인승 V2),4391,2634,7025,2022년도 전기자동차 구리시 모델별 보조금,2022,구리시
승합(중형),현대자동차,카운티 일렉트릭(어린이운송용 33인승),4391,2634,7025,2022년도 전기자동차 구리시 모델별 보조금,2022,구리시
승합(중형),현대자동차,카운티 일렉트릭,4391,2634,7025,2022년도 전기자동차 구리시 모델별 보조금,2022,구리시
승합(중형),현대자동차,카운티 일렉트릭(마을버스),5000,3000,8000,2022년도 전기자동차 구리시 모델별 보조금,2022,구리시
승합(중형),우진산전,아폴로750,4780,2868,7648,2022년도 전기자동차 구리시 모델별 보조금,2022,구리시
승합(중형),우진산전,아폴로750(15인승),5000,3000,8000,2022년도 전기자동차 구리시 모델별 보조금,2022,구리시
승합(중형),우진산전,아폴로750전기버스,5000,3000,8000,2022년도 전기자동차 구리시 모델별 보조금,2022,구리시
승합(중형),이비온,E6,2539,1522,4061,2022년도 전기자동차 구리시 모델별 보조금,2022,구리시
승합(중형),이비온,"E6(JL618S), 어린이통학",3570,2142,5712,2022년도 전기자동차 구리시 모델별 보조금,2022,구리시
승합(중형),GS글로벌,NEW BYD eBus-7,4357,2614,6971,2022년도 전기자동차 구리시 모델별 보조금,2022,구리시
승합(중형),한신자동차,바네스,2821,1692,4513,2022년도 전기자동차 구리시 모델별 보조금,2022,구리시
승합(중형),비바모빌리티,VBUS60,3789,2272,6061,2022년도 전기자동차 구리시 모델별 보조금,2022,구리시
승합(중형),비바모빌리티,브이버스60i(어린이운송용),3791,2274,6065,2022년도 전기자동차 구리시 모델별 보조금,2022,구리시
승합(중형),케이지모빌리티커머셜,SMART 8.7,5000,3000,8000,2022년도 전기자동차 구리시 모델별 보조금,2022,구리시
승합(중형),한차,GREENWAY720,5000,3000,8000,2022년도 전기자동차 구리시 모델별 보조금,2022,구리시
승합(대형),현대자동차,일렉시티 굴절버스,14693,4200,18893,2022년도 전기자동차 구리시 모델별 보조금,2022,구리시
승합(대형),현대자동차,일렉시티 이층버스,12501,4200,16701,2022년도 전기자동차 구리시 모델별 보조금,2022,구리시
승합(대형),현대자동차,일렉시티(3PACK),7000,4200,11200,2022년도 전기자동차 구리시 모델별 보조금,2022,구리시
승합(대형),현대자동차,일렉시티(4PACK V1),7000,4200,11200,2022년도 전기자동차 구리시 모델별 보조금,2022,구리시
승합(대형),현대자동차,일렉시티 타운,7000,4200,11200,2022년도 전기자동차 구리시 모델별 보조금,2022,구리시
승합(대형),케이지모빌리티커머셜,이-스마트(57인승),5522,3312,8834,2022년도 전기자동차 구리시 모델별 보조금,2022,구리시
승합(대형),케이지모빌리티커머셜,이-스마트(51인승),5510,3306,8816,2022년도 전기자동차 구리시 모델별 보조금,2022,구리시
승합(대형),케이지모빌리티커머셜,SMART 9.3,7000,4200,11200,2022년도 전기자동차 구리시 모델별 보조금,2022,구리시
승합(대형),케이지모빌리티커머셜,SMART 110(272kWh),7000,4200,11200,2022년도 전기자동차 구리시 모델별 보조금,2022,구리시
승합(대형),케이지모빌리티커머셜,SMART 110E(347kWh),7000,4200,11200,2022년도 전기자동차 구리시 모델별 보조금,2022,구리시
승합(대형),케이지모빌리티커머셜,SMART 110(260kWh),7000,4200,11200,2022년도 전기자동차 구리시 모델별 보조금,2022,구리시
승합(대형),케이지모빌리티커머셜,SMART 110E(260kWh),7000,4200,11200,2022년도 전기자동차 구리시 모델별 보조금,2022,구리시
승합(대형),우진산전,아폴로1100,6396,3836,10232,2022년도 전기자동차 구리시 모델별 보조금,2022,구리시
승합(대형),우진산전,아폴로1100(258kWh),6746,4046,10792,2022년도 전기자동차 구리시 모델별 보조금,2022,구리시
승합(대형),우진산전,아폴로1100(11CTLP),6133,3678,9811,2022년도 전기자동차 구리시 모델별 보조금,2022,구리시
승합(대형),우진산전,아폴로900전기버스,4658,2794,7452,2022년도 전기자동차 구리시 모델별 보조금,2022,구리시
승합(대형),우진산전,아폴로1100전기버스 22MY,7000,4200,11200,2022년도 전기자동차 구리시 모델별 보조금,2022,구리시
승합(대형),피라인모터스,HYPERS(신형),5917,3550,9467,2022년도 전기자동차 구리시 모델별 보조금,2022,구리시
승합(대형),피라인모터스,HYPERS(H),5778,3466,9244,2022년도 전기자동차 구리시 모델별 보조금,2022,구리시
승합(대형),피라인모터스,HYPERS(11L),5021,3012,8033,2022년도 전기자동차 구리시 모델별 보조금,2022,구리시
승합(대형),피라인모터스,HYPERS1611,6021,3612,9633,2022년도 전기자동차 구리시 모델별 보조금,2022,구리시
승합(대형),피라인모터스,HYPERS1609,6068,3640,9708,2022년도 전기자동차 구리시 모델별 보조금,2022,구리시
승합(대형),피라인모터스,HYPERS1612,5795,3476,9271,2022년도 전기자동차 구리시 모델별 보조금,2022,구리시
승합(대형),피라인모터스,HYPERS1609H,6610,3966,10576,2022년도 전기자동차 구리시 모델별 보조금,2022,구리시
승합(대형),피라인모터스,HYPERS1612N,7000,4200,11200,2022년도 전기자동차 구리시 모델별 보조금,2022,구리시
승합(대형),피라인모터스,HYPERS1609N,7000,4200,11200,2022년도 전기자동차 구리시 모델별 보조금,2022,구리시
승합(대형),피라인모터스,HYPERS1611N,6660,3996,10656,2022년도 전기자동차 구리시 모델별 보조금,2022,구리시
승합(대형),비바모빌리티,(단종)브이버스90N,6430,3858,10288,2022년도 전기자동차 구리시 모델별 보조금,2022,구리시
승합(대형),비바모빌리티,(단종)브이버스120,7000,4200,11200,2022년도 전기자동차 구리시 모델별 보조금,2022,구리시
승합(대형),비바모빌리티,(단종)브이버스110-B,6839,4102,10941,2022년도 전기자동차 구리시 모델별 보조금,2022,구리시
승합(대형),북경모터스,그린타운(850),4265,2342,6607,2022년도 전기자동차 구리시 모델별 보조금,2022,구리시
승합(대형),북경모터스,그린타운플러스,6550,3662,10212,2022년도 전기자동차 구리시 모델별 보조금,2022,구리시
승합(대형),범한자동차,E-SKY11(350kWh),7000,4200,11200,2022년도 전기자동차 구리시 모델별 보조금,2022,구리시
승합(대형),범한자동차,E-SKY9(281kWh),7000,4200,11200,2022년도 전기자동차 구리시 모델별 보조금,2022,구리시
승합(대형),범한자동차,E-STAR8 V1,6454,3872,10326,2022년도 전기자동차 구리시 모델별 보조금,2022,구리시
승합(대형),범한자동차,E-STAR11,7000,4200,11200,2022년도 전기자동차 구리시 모델별 보조금,2022,구리시
승합(대형),에스에이피,아이즘(IZM),7000,4200,11200,2022년도 전기자동차 구리시 모델별 보조금,2022,구리시
승합(대형),에스에이피,엘페(ELFE),7000,4200,11200,2022년도 전기자동차 구리시 모델별 보조금,2022,구리시
승합(대형),에스에이피,리오네(LIONNE),7000,4200,11200,2022년도 전기자동차 구리시 모델별 보조금,2022,구리시
승합(대형),GS글로벌,eBus-12(K9DC),7000,4200,11200,2022년도 전기자동차 구리시 모델별 보조금,2022,구리시
승합(대형),GS글로벌,NEW BYD eBus-12,7000,4200,11200,2022년도 전기자동차 구리시 모델별 보조금,2022,구리시
승합(대형),티에스에코에너지,일레누스,7000,4200,11200,2022년도 전기자동차 구리시 모델별 보조금,2022,구리시
승합(대형),티에스에코에너지,일레누스(TS900),6251,3750,10001,2022년도 전기자동차 구리시 모델별 보조금,2022,구리시
승합(대형),이온모터스,시티라이트,5815,3488,9303,2022년도 전기자동차 구리시 모델별 보조금,2022,구리시
승합(대형),이온모터스,시티라이트Ⅱ,7000,4200,11200,2022년도 전기자동차 구리시 모델별 보조금,2022,구리시
승합(대형),이온모터스,시티라이트9,7000,4200,11200,2022년도 전기자동차 구리시 모델별 보조금,2022,구리시
승합(대형),한차,GREENWAY1100,6388,3832,10220,2022년도 전기자동차 구리시 모델별 보조금,2022,구리시
승합(대형),한차,GREENWAY1100A,7000,4200,11200,2022년도 전기자동차 구리시 모델별 보조금,2022,구리시
승합(대형),이엠코리아,에픽시티(LFP),7000,4200,11200,2022년도 전기자동차 구리시 모델별 보조금,2022,구리시
승합(대형),태영티엔티,GD11,5749,3448,9197,2022년도 전기자동차 구리시 모델별 보조금,2022,구리시
승합(대형),재일홀딩스,그린타운400,6418,3584,10002,2022년도 전기자동차 구리시 모델별 보조금,2022,구리시
승합(중형),현대자동차,카운티 일렉트릭(어린이운송용 30인승),4383,0,4383,2022년도 전기자동차 남양주시 모델별 보조금,2022,남양주시
승합(중형),현대자동차,(단종)카운티 일렉트릭(어린이운송용 33인승 V2),4391,0,4391,2022년도 전기자동차 남양주시 모델별 보조금,2022,남양주시
승합(중형),현대자동차,카운티 일렉트릭(어린이운송용 33인승),4391,0,4391,2022년도 전기자동차 남양주시 모델별 보조금,2022,남양주시
승합(중형),현대자동차,카운티 일렉트릭,4391,0,4391,2022년도 전기자동차 남양주시 모델별 보조금,2022,남양주시
승합(중형),현대자동차,카운티 일렉트릭(마을버스),5000,0,5000,2022년도 전기자동차 남양주시 모델별 보조금,2022,남양주시
승합(중형),우진산전,아폴로750,4780,0,4780,2022년도 전기자동차 남양주시 모델별 보조금,2022,남양주시
승합(중형),우진산전,아폴로750(15인승),5000,0,5000,2022년도 전기자동차 남양주시 모델별 보조금,2022,남양주시
승합(중형),우진산전,아폴로750전기버스,5000,0,5000,2022년도 전기자동차 남양주시 모델별 보조금,2022,남양주시
승합(중형),이비온,E6,2539,0,2539,2022년도 전기자동차 남양주시 모델별 보조금,2022,남양주시
승합(중형),이비온,"E6(JL618S), 어린이통학",3570,0,3570,2022년도 전기자동차 남양주시 모델별 보조금,2022,남양주시
승합(중형),GS글로벌,NEW BYD eBus-7,4357,0,4357,2022년도 전기자동차 남양주시 모델별 보조금,2022,남양주시
승합(중형),한신자동차,바네스,2821,0,2821,2022년도 전기자동차 남양주시 모델별 보조금,2022,남양주시
승합(중형),비바모빌리티,VBUS60,3789,0,3789,2022년도 전기자동차 남양주시 모델별 보조금,2022,남양주시
승합(중형),비바모빌리티,브이버스60i(어린이운송용),3791,0,3791,2022년도 전기자동차 남양주시 모델별 보조금,2022,남양주시
승합(중형),케이지모빌리티커머셜,SMART 8.7,5000,0,5000,2022년도 전기자동차 남양주시 모델별 보조금,2022,남양주시
승합(중형),한차,GREENWAY720,5000,0,5000,2022년도 전기자동차 남양주시 모델별 보조금,2022,남양주시
승합(대형),현대자동차,일렉시티 굴절버스,14693,0,14693,2022년도 전기자동차 남양주시 모델별 보조금,2022,남양주시
승합(대형),현대자동차,일렉시티 이층버스,12501,0,12501,2022년도 전기자동차 남양주시 모델별 보조금,2022,남양주시
승합(대형),현대자동차,일렉시티(3PACK),7000,4200,11200,2022년도 전기자동차 남양주시 모델별 보조금,2022,남양주시
승합(대형),현대자동차,일렉시티(4PACK V1),7000,4200,11200,2022년도 전기자동차 남양주시 모델별 보조금,2022,남양주시
승합(대형),케이지모빌리티커머셜,이-스마트(57인승),5522,0,5522,2022년도 전기자동차 남양주시 모델별 보조금,2022,남양주시
승합(대형),케이지모빌리티커머셜,이-스마트(51인승),5510,0,5510,2022년도 전기자동차 남양주시 모델별 보조금,2022,남양주시
승합(대형),케이지모빌리티커머셜,SMART 9.3,7000,0,7000,2022년도 전기자동차 남양주시 모델별 보조금,2022,남양주시
승합(대형),케이지모빌리티커머셜,SMART 110(272kWh),7000,0,7000,2022년도 전기자동차 남양주시 모델별 보조금,2022,남양주시
승합(대형),케이지모빌리티커머셜,SMART 110E(347kWh),7000,0,7000,2022년도 전기자동차 남양주시 모델별 보조금,2022,남양주시
승합(대형),케이지모빌리티커머셜,SMART 110(260kWh),7000,0,7000,2022년도 전기자동차 남양주시 모델별 보조금,2022,남양주시
승합(대형),케이지모빌리티커머셜,SMART 110E(260kWh),7000,0,7000,2022년도 전기자동차 남양주시 모델별 보조금,2022,남양주시
승합(대형),우진산전,아폴로1100,6396,0,6396,2022년도 전기자동차 남양주시 모델별 보조금,2022,남양주시
승합(대형),우진산전,아폴로1100(258kWh),6746,0,6746,2022년도 전기자동차 남양주시 모델별 보조금,2022,남양주시
승합(대형),우진산전,아폴로1100(11CTLP),6133,0,6133,2022년도 전기자동차 남양주시 모델별 보조금,2022,남양주시
승합(대형),우진산전,아폴로900전기버스,4658,0,4658,2022년도 전기자동차 남양주시 모델별 보조금,2022,남양주시
승합(대형),우진산전,아폴로1100전기버스 22MY,7000,0,7000,2022년도 전기자동차 남양주시 모델별 보조금,2022,남양주시
승합(대형),피라인모터스,HYPERS(신형),5917,0,5917,2022년도 전기자동차 남양주시 모델별 보조금,2022,남양주시
승합(대형),피라인모터스,HYPERS(H),5778,0,5778,2022년도 전기자동차 남양주시 모델별 보조금,2022,남양주시
승합(대형),피라인모터스,HYPERS(11L),5021,0,5021,2022년도 전기자동차 남양주시 모델별 보조금,2022,남양주시
승합(대형),피라인모터스,HYPERS1611,6021,0,6021,2022년도 전기자동차 남양주시 모델별 보조금,2022,남양주시
승합(대형),피라인모터스,HYPERS1609,6068,0,6068,2022년도 전기자동차 남양주시 모델별 보조금,2022,남양주시
승합(대형),피라인모터스,HYPERS1612,5795,0,5795,2022년도 전기자동차 남양주시 모델별 보조금,2022,남양주시
승합(대형),피라인모터스,HYPERS1609H,6610,0,6610,2022년도 전기자동차 남양주시 모델별 보조금,2022,남양주시
승합(대형),비바모빌리티,(단종)브이버스90N,6430,0,6430,2022년도 전기자동차 남양주시 모델별 보조금,2022,남양주시
승합(대형),비바모빌리티,(단종)브이버스110-B,6839,0,6839,2022년도 전기자동차 남양주시 모델별 보조금,2022,남양주시
승합(대형),북경모터스,그린타운(850),4265,0,4265,2022년도 전기자동차 남양주시 모델별 보조금,2022,남양주시
승합(대형),북경모터스,그린타운플러스,6550,0,6550,2022년도 전기자동차 남양주시 모델별 보조금,2022,남양주시
승합(대형),범한자동차,E-SKY11(350kWh),7000,0,7000,2022년도 전기자동차 남양주시 모델별 보조금,2022,남양주시
승합(대형),범한자동차,E-STAR8 V1,6454,0,6454,2022년도 전기자동차 남양주시 모델별 보조금,2022,남양주시
승합(대형),에스에이피,아이즘(IZM),7000,0,7000,2022년도 전기자동차 남양주시 모델별 보조금,2022,남양주시
승합(대형),에스에이피,엘페(ELFE),7000,0,7000,2022년도 전기자동차 남양주시 모델별 보조금,2022,남양주시
승합(대형),에스에이피,리오네(LIONNE),7000,0,7000,2022년도 전기자동차 남양주시 모델별 보조금,2022,남양주시
승합(대형),GS글로벌,eBus-12(K9DC),7000,0,7000,2022년도 전기자동차 남양주시 모델별 보조금,2022,남양주시
승합(대형),GS글로벌,NEW BYD eBus-12,7000,0,7000,2022년도 전기자동차 남양주시 모델별 보조금,2022,남양주시
승합(대형),티에스에코에너지,일레누스,7000,0,7000,2022년도 전기자동차 남양주시 모델별 보조금,2022,남양주시
승합(대형),티에스에코에너지,일레누스(TS900),6251,0,6251,2022년도 전기자동차 남양주시 모델별 보조금,2022,남양주시
승합(대형),이온모터스,시티라이트Ⅱ,7000,0,7000,2022년도 전기자동차 남양주시 모델별 보조금,2022,남양주시
승합(대형),이온모터스,시티라이트9,7000,0,7000,2022년도 전기자동차 남양주시 모델별 보조금,2022,남양주시
승합(대형),한차,GREENWAY1100,6388,0,6388,2022년도 전기자동차 남양주시 모델별 보조금,2022,남양주시
승합(대형),이엠코리아,에픽시티(LFP),7000,4200,11200,2022년도 전기자동차 남양주시 모델별 보조금,2022,남양주시
승합(대형),태영티엔티,GD11,5749,0,5749,2022년도 전기자동차 남양주시 모델별 보조금,2022,남양주시
승합(대형),재일홀딩스,그린타운400,6418,0,6418,2022년도 전기자동차 남양주시 모델별 보조금,2022,남양주시
승합(중형),현대자동차,카운티 일렉트릭(어린이운송용 30인승),4383,0,4383,2022년도 전기자동차 오산시 모델별 보조금,2022,오산시
승합(중형),현대자동차,(단종)카운티 일렉트릭(어린이운송용 33인승 V2),4391,0,4391,2022년도 전기자동차 오산시 모델별 보조금,2022,오산시
승합(중형),현대자동차,카운티 일렉트릭(어린이운송용 33인승),4391,0,4391,2022년도 전기자동차 오산시 모델별 보조금,2022,오산시
승합(중형),현대자동차,카운티 일렉트릭,4391,0,4391,2022년도 전기자동차 오산시 모델별 보조금,2022,오산시
승합(중형),현대자동차,카운티 일렉트릭(마을버스),5000,0,5000,2022년도 전기자동차 오산시 모델별 보조금,2022,오산시
승합(중형),우진산전,아폴로750,4780,0,4780,2022년도 전기자동차 오산시 모델별 보조금,2022,오산시
승합(중형),우진산전,아폴로750(15인승),5000,0,5000,2022년도 전기자동차 오산시 모델별 보조금,2022,오산시
승합(중형),우진산전,아폴로750전기버스,5000,0,5000,2022년도 전기자동차 오산시 모델별 보조금,2022,오산시
승합(중형),이비온,E6,2539,0,2539,2022년도 전기자동차 오산시 모델별 보조금,2022,오산시
승합(중형),이비온,"E6(JL618S), 어린이통학",3570,0,3570,2022년도 전기자동차 오산시 모델별 보조금,2022,오산시
승합(중형),GS글로벌,NEW BYD eBus-7,4357,0,4357,2022년도 전기자동차 오산시 모델별 보조금,2022,오산시
승합(중형),한신자동차,바네스,2821,0,2821,2022년도 전기자동차 오산시 모델별 보조금,2022,오산시
승합(중형),비바모빌리티,VBUS60,3789,0,3789,2022년도 전기자동차 오산시 모델별 보조금,2022,오산시
승합(중형),비바모빌리티,브이버스60i(어린이운송용),3791,0,3791,2022년도 전기자동차 오산시 모델별 보조금,2022,오산시
승합(중형),케이지모빌리티커머셜,SMART 8.7,5000,0,5000,2022년도 전기자동차 오산시 모델별 보조금,2022,오산시
승합(중형),한차,GREENWAY720,5000,0,5000,2022년도 전기자동차 오산시 모델별 보조금,2022,오산시
승합(대형),현대자동차,일렉시티 굴절버스,14693,0,14693,2022년도 전기자동차 오산시 모델별 보조금,2022,오산시
승합(대형),현대자동차,일렉시티 이층버스,12501,0,12501,2022년도 전기자동차 오산시 모델별 보조금,2022,오산시
승합(대형),현대자동차,일렉시티(3PACK),7000,4200,11200,2022년도 전기자동차 오산시 모델별 보조금,2022,오산시
승합(대형),현대자동차,일렉시티(4PACK V1),7000,4200,11200,2022년도 전기자동차 오산시 모델별 보조금,2022,오산시
승합(대형),우진산전,아폴로1100(258kWh),6746,0,6746,2022년도 전기자동차 오산시 모델별 보조금,2022,오산시
승합(대형),우진산전,아폴로1100(11CTLP),6133,0,6133,2022년도 전기자동차 오산시 모델별 보조금,2022,오산시
승합(대형),북경모터스,그린타운(850),4265,0,4265,2022년도 전기자동차 오산시 모델별 보조금,2022,오산시
승합(대형),북경모터스,그린타운플러스,6550,0,6550,2022년도 전기자동차 오산시 모델별 보조금,2022,오산시
승합(대형),GS글로벌,eBus-12(K9DC),7000,0,7000,2022년도 전기자동차 오산시 모델별 보조금,2022,오산시
승합(대형),GS글로벌,NEW BYD eBus-12,7000,0,7000,2022년도 전기자동차 오산시 모델별 보조금,2022,오산시
승합(대형),이온모터스,시티라이트Ⅱ,7000,0,7000,2022년도 전기자동차 오산시 모델별 보조금,2022,오산시
승합(중형),현대자동차,카운티 일렉트릭(어린이운송용 30인승),4383,0,4383,2022년도 전기자동차 시흥시 모델별 보조금,2022,시흥시
승합(중형),현대자동차,(단종)카운티 일렉트릭(어린이운송용 33인승 V2),4391,0,4391,2022년도 전기자동차 시흥시 모델별 보조금,2022,시흥시
승합(중형),현대자동차,카운티 일렉트릭(어린이운송용 33인승),4391,0,4391,2022년도 전기자동차 시흥시 모델별 보조금,2022,시흥시
승합(중형),현대자동차,카운티 일렉트릭,4391,0,4391,2022년도 전기자동차 시흥시 모델별 보조금,2022,시흥시
승합(중형),현대자동차,카운티 일렉트릭(마을버스),5000,0,5000,2022년도 전기자동차 시흥시 모델별 보조금,2022,시흥시
승합(중형),우진산전,아폴로750,4780,0,4780,2022년도 전기자동차 시흥시 모델별 보조금,2022,시흥시
승합(중형),우진산전,아폴로750(15인승),5000,0,5000,2022년도 전기자동차 시흥시 모델별 보조금,2022,시흥시
승합(중형),우진산전,아폴로750전기버스,5000,0,5000,2022년도 전기자동차 시흥시 모델별 보조금,2022,시흥시
승합(중형),이비온,E6,2539,0,2539,2022년도 전기자동차 시흥시 모델별 보조금,2022,시흥시
승합(중형),이비온,"E6(JL618S), 어린이통학",3570,0,3570,2022년도 전기자동차 시흥시 모델별 보조금,2022,시흥시
승합(중형),GS글로벌,NEW BYD eBus-7,4357,0,4357,2022년도 전기자동차 시흥시 모델별 보조금,2022,시흥시
승합(중형),한신자동차,바네스,2821,0,2821,2022년도 전기자동차 시흥시 모델별 보조금,2022,시흥시
승합(중형),비바모빌리티,VBUS60,3789,0,3789,2022년도 전기자동차 시흥시 모델별 보조금,2022,시흥시
승합(중형),비바모빌리티,브이버스60i(어린이운송용),3791,0,3791,2022년도 전기자동차 시흥시 모델별 보조금,2022,시흥시
승합(중형),케이지모빌리티커머셜,SMART 8.7,5000,0,5000,2022년도 전기자동차 시흥시 모델별 보조금,2022,시흥시
승합(중형),한차,GREENWAY720,5000,0,5000,2022년도 전기자동차 시흥시 모델별 보조금,2022,시흥시
승합(대형),현대자동차,일렉시티 굴절버스,14693,0,14693,2022년도 전기자동차 시흥시 모델별 보조금,2022,시흥시
승합(대형),현대자동차,일렉시티 이층버스,12501,0,12501,2022년도 전기자동차 시흥시 모델별 보조금,2022,시흥시
승합(대형),현대자동차,일렉시티(3PACK),7000,0,7000,2022년도 전기자동차 시흥시 모델별 보조금,2022,시흥시
승합(대형),현대자동차,일렉시티(4PACK V1),7000,0,7000,2022년도 전기자동차 시흥시 모델별 보조금,2022,시흥시
승합(대형),현대자동차,일렉시티 타운,7000,0,7000,2022년도 전기자동차 시흥시 모델별 보조금,2022,시흥시
승합(대형),케이지모빌리티커머셜,이-스마트(57인승),5522,0,5522,2022년도 전기자동차 시흥시 모델별 보조금,2022,시흥시
승합(대형),케이지모빌리티커머셜,이-스마트(51인승),5510,0,5510,2022년도 전기자동차 시흥시 모델별 보조금,2022,시흥시
승합(대형),케이지모빌리티커머셜,SMART 9.3,7000,0,7000,2022년도 전기자동차 시흥시 모델별 보조금,2022,시흥시
승합(대형),케이지모빌리티커머셜,SMART 110(272kWh),7000,0,7000,2022년도 전기자동차 시흥시 모델별 보조금,2022,시흥시
승합(대형),케이지모빌리티커머셜,SMART 110E(347kWh),7000,0,7000,2022년도 전기자동차 시흥시 모델별 보조금,2022,시흥시
승합(대형),케이지모빌리티커머셜,SMART 110(260kWh),7000,0,7000,2022년도 전기자동차 시흥시 모델별 보조금,2022,시흥시
승합(대형),케이지모빌리티커머셜,SMART 110E(260kWh),7000,0,7000,2022년도 전기자동차 시흥시 모델별 보조금,2022,시흥시
승합(대형),우진산전,아폴로1100,6396,0,6396,2022년도 전기자동차 시흥시 모델별 보조금,2022,시흥시
승합(대형),우진산전,아폴로1100(258kWh),6746,0,6746,2022년도 전기자동차 시흥시 모델별 보조금,2022,시흥시
승합(대형),우진산전,아폴로1100(11CTLP),6133,0,6133,2022년도 전기자동차 시흥시 모델별 보조금,2022,시흥시
승합(대형),우진산전,아폴로900전기버스,4658,0,4658,2022년도 전기자동차 시흥시 모델별 보조금,2022,시흥시
승합(대형),우진산전,아폴로1100전기버스 22MY,7000,0,7000,2022년도 전기자동차 시흥시 모델별 보조금,2022,시흥시
승합(대형),피라인모터스,HYPERS(신형),5917,0,5917,2022년도 전기자동차 시흥시 모델별 보조금,2022,시흥시
승합(대형),피라인모터스,HYPERS(H),5778,0,5778,2022년도 전기자동차 시흥시 모델별 보조금,2022,시흥시
승합(대형),피라인모터스,HYPERS(11L),5021,0,5021,2022년도 전기자동차 시흥시 모델별 보조금,2022,시흥시
승합(대형),피라인모터스,HYPERS1611,6021,0,6021,2022년도 전기자동차 시흥시 모델별 보조금,2022,시흥시
승합(대형),피라인모터스,HYPERS1609,6068,0,6068,2022년도 전기자동차 시흥시 모델별 보조금,2022,시흥시
승합(대형),피라인모터스,HYPERS1612,5795,0,5795,2022년도 전기자동차 시흥시 모델별 보조금,2022,시흥시
승합(대형),피라인모터스,HYPERS1609H,6610,0,6610,2022년도 전기자동차 시흥시 모델별 보조금,2022,시흥시
승합(대형),피라인모터스,HYPERS1612N,7000,0,7000,2022년도 전기자동차 시흥시 모델별 보조금,2022,시흥시
승합(대형),피라인모터스,HYPERS1609N,7000,0,7000,2022년도 전기자동차 시흥시 모델별 보조금,2022,시흥시
승합(대형),피라인모터스,HYPERS1611N,6660,0,6660,2022년도 전기자동차 시흥시 모델별 보조금,2022,시흥시
승합(대형),비바모빌리티,(단종)브이버스90N,6430,0,6430,2022년도 전기자동차 시흥시 모델별 보조금,2022,시흥시
승합(대형),비바모빌리티,(단종)브이버스120,7000,0,7000,2022년도 전기자동차 시흥시 모델별 보조금,2022,시흥시
승합(대형),비바모빌리티,(단종)브이버스110-B,6839,0,6839,2022년도 전기자동차 시흥시 모델별 보조금,2022,시흥시
승합(대형),북경모터스,그린타운(850),4265,0,4265,2022년도 전기자동차 시흥시 모델별 보조금,2022,시흥시
승합(대형),북경모터스,그린타운플러스,6550,0,6550,2022년도 전기자동차 시흥시 모델별 보조금,2022,시흥시
승합(대형),범한자동차,E-SKY11(350kWh),7000,0,7000,2022년도 전기자동차 시흥시 모델별 보조금,2022,시흥시
승합(대형),범한자동차,E-SKY9(281kWh),7000,0,7000,2022년도 전기자동차 시흥시 모델별 보조금,2022,시흥시
승합(대형),범한자동차,E-STAR8 V1,6454,0,6454,2022년도 전기자동차 시흥시 모델별 보조금,2022,시흥시
승합(대형),범한자동차,E-STAR11,7000,0,7000,2022년도 전기자동차 시흥시 모델별 보조금,2022,시흥시
승합(대형),에스에이피,아이즘(IZM),7000,0,7000,2022년도 전기자동차 시흥시 모델별 보조금,2022,시흥시
승합(대형),에스에이피,엘페(ELFE),7000,0,7000,2022년도 전기자동차 시흥시 모델별 보조금,2022,시흥시
승합(대형),에스에이피,리오네(LIONNE),7000,0,7000,2022년도 전기자동차 시흥시 모델별 보조금,2022,시흥시
승합(대형),GS글로벌,eBus-12(K9DC),7000,0,7000,2022년도 전기자동차 시흥시 모델별 보조금,2022,시흥시
승합(대형),GS글로벌,NEW BYD eBus-12,7000,0,7000,2022년도 전기자동차 시흥시 모델별 보조금,2022,시흥시
승합(대형),티에스에코에너지,일레누스,7000,0,7000,2022년도 전기자동차 시흥시 모델별 보조금,2022,시흥시
승합(대형),티에스에코에너지,일레누스(TS900),6251,0,6251,2022년도 전기자동차 시흥시 모델별 보조금,2022,시흥시
승합(대형),이온모터스,시티라이트,5815,0,5815,2022년도 전기자동차 시흥시 모델별 보조금,2022,시흥시
승합(대형),이온모터스,시티라이트Ⅱ,7000,0,7000,2022년도 전기자동차 시흥시 모델별 보조금,2022,시흥시
승합(대형),이온모터스,시티라이트9,7000,0,7000,2022년도 전기자동차 시흥시 모델별 보조금,2022,시흥시
승합(대형),한차,GREENWAY1100,6388,0,6388,2022년도 전기자동차 시흥시 모델별 보조금,2022,시흥시
승합(대형),한차,GREENWAY1100A,7000,0,7000,2022년도 전기자동차 시흥시 모델별 보조금,2022,시흥시
승합(대형),이엠코리아,에픽시티(LFP),7000,0,7000,2022년도 전기자동차 시흥시 모델별 보조금,2022,시흥시
승합(대형),태영티엔티,GD11,5749,0,5749,2022년도 전기자동차 시흥시 모델별 보조금,2022,시흥시
승합(대형),재일홀딩스,그린타운400,6418,0,6418,2022년도 전기자동차 시흥시 모델별 보조금,2022,시흥시
승합(중형),현대자동차,카운티 일렉트릭(어린이운송용 30인승),4383,0,4383,2022년도 전기자동차 군포시 모델별 보조금,2022,군포시
승합(중형),현대자동차,(단종)카운티 일렉트릭(어린이운송용 33인승 V2),4391,0,4391,2022년도 전기자동차 군포시 모델별 보조금,2022,군포시
승합(중형),현대자동차,카운티 일렉트릭(어린이운송용 33인승),4391,0,4391,2022년도 전기자동차 군포시 모델별 보조금,2022,군포시
승합(중형),현대자동차,카운티 일렉트릭,4391,0,4391,2022년도 전기자동차 군포시 모델별 보조금,2022,군포시
승합(중형),현대자동차,카운티 일렉트릭(마을버스),5000,0,5000,2022년도 전기자동차 군포시 모델별 보조금,2022,군포시
승합(중형),우진산전,아폴로750,4780,0,4780,2022년도 전기자동차 군포시 모델별 보조금,2022,군포시
승합(중형),우진산전,아폴로750(15인승),5000,0,5000,2022년도 전기자동차 군포시 모델별 보조금,2022,군포시
승합(중형),우진산전,아폴로750전기버스,5000,0,5000,2022년도 전기자동차 군포시 모델별 보조금,2022,군포시
승합(중형),이비온,E6,2539,0,2539,2022년도 전기자동차 군포시 모델별 보조금,2022,군포시
승합(중형),이비온,"E6(JL618S), 어린이통학",3570,0,3570,2022년도 전기자동차 군포시 모델별 보조금,2022,군포시
승합(중형),GS글로벌,NEW BYD eBus-7,4357,0,4357,2022년도 전기자동차 군포시 모델별 보조금,2022,군포시
승합(중형),한신자동차,바네스,2821,1692,4513,2022년도 전기자동차 군포시 모델별 보조금,2022,군포시
승합(중형),비바모빌리티,VBUS60,3789,2272,6061,2022년도 전기자동차 군포시 모델별 보조금,2022,군포시
승합(중형),비바모빌리티,브이버스60i(어린이운송용),3791,2274,6065,2022년도 전기자동차 군포시 모델별 보조금,2022,군포시
승합(중형),케이지모빌리티커머셜,SMART 8.7,5000,0,5000,2022년도 전기자동차 군포시 모델별 보조금,2022,군포시
승합(중형),한차,GREENWAY720,5000,0,5000,2022년도 전기자동차 군포시 모델별 보조금,2022,군포시
승합(대형),현대자동차,일렉시티 굴절버스,14693,0,14693,2022년도 전기자동차 군포시 모델별 보조금,2022,군포시
승합(대형),현대자동차,일렉시티 이층버스,12501,0,12501,2022년도 전기자동차 군포시 모델별 보조금,2022,군포시
승합(대형),현대자동차,일렉시티(3PACK),7000,0,7000,2022년도 전기자동차 군포시 모델별 보조금,2022,군포시
승합(대형),현대자동차,일렉시티(4PACK V1),7000,0,7000,2022년도 전기자동차 군포시 모델별 보조금,2022,군포시
승합(대형),케이지모빌리티커머셜,이-스마트(57인승),5522,0,5522,2022년도 전기자동차 군포시 모델별 보조금,2022,군포시
승합(대형),케이지모빌리티커머셜,이-스마트(51인승),5510,0,5510,2022년도 전기자동차 군포시 모델별 보조금,2022,군포시
승합(대형),케이지모빌리티커머셜,SMART 9.3,7000,0,7000,2022년도 전기자동차 군포시 모델별 보조금,2022,군포시
승합(대형),케이지모빌리티커머셜,SMART 110(272kWh),7000,0,7000,2022년도 전기자동차 군포시 모델별 보조금,2022,군포시
승합(대형),케이지모빌리티커머셜,SMART 110E(347kWh),7000,0,7000,2022년도 전기자동차 군포시 모델별 보조금,2022,군포시
승합(대형),케이지모빌리티커머셜,SMART 110(260kWh),7000,0,7000,2022년도 전기자동차 군포시 모델별 보조금,2022,군포시
승합(대형),케이지모빌리티커머셜,SMART 110E(260kWh),7000,0,7000,2022년도 전기자동차 군포시 모델별 보조금,2022,군포시
승합(대형),우진산전,아폴로1100,6396,0,6396,2022년도 전기자동차 군포시 모델별 보조금,2022,군포시
승합(대형),우진산전,아폴로1100(258kWh),6746,0,6746,2022년도 전기자동차 군포시 모델별 보조금,2022,군포시
승합(대형),우진산전,아폴로1100(11CTLP),6133,0,6133,2022년도 전기자동차 군포시 모델별 보조금,2022,군포시
승합(대형),우진산전,아폴로900전기버스,4658,0,4658,2022년도 전기자동차 군포시 모델별 보조금,2022,군포시
승합(대형),우진산전,아폴로1100전기버스 22MY,7000,0,7000,2022년도 전기자동차 군포시 모델별 보조금,2022,군포시
승합(대형),피라인모터스,HYPERS(신형),5917,0,5917,2022년도 전기자동차 군포시 모델별 보조금,2022,군포시
승합(대형),피라인모터스,HYPERS(H),5778,0,5778,2022년도 전기자동차 군포시 모델별 보조금,2022,군포시
승합(대형),피라인모터스,HYPERS(11L),5021,0,5021,2022년도 전기자동차 군포시 모델별 보조금,2022,군포시
승합(대형),피라인모터스,HYPERS1611,6021,0,6021,2022년도 전기자동차 군포시 모델별 보조금,2022,군포시
승합(대형),피라인모터스,HYPERS1609,6068,3640,9708,2022년도 전기자동차 군포시 모델별 보조금,2022,군포시
승합(대형),피라인모터스,HYPERS1612,5795,3476,9271,2022년도 전기자동차 군포시 모델별 보조금,2022,군포시
승합(대형),피라인모터스,HYPERS1609H,6610,0,6610,2022년도 전기자동차 군포시 모델별 보조금,2022,군포시
승합(대형),비바모빌리티,(단종)브이버스90N,6430,0,6430,2022년도 전기자동차 군포시 모델별 보조금,2022,군포시
승합(대형),비바모빌리티,(단종)브이버스110-B,6839,0,6839,2022년도 전기자동차 군포시 모델별 보조금,2022,군포시
승합(대형),북경모터스,그린타운(850),4265,0,4265,2022년도 전기자동차 군포시 모델별 보조금,2022,군포시
승합(대형),북경모터스,그린타운플러스,6550,0,6550,2022년도 전기자동차 군포시 모델별 보조금,2022,군포시
승합(대형),범한자동차,E-SKY11(350kWh),7000,0,7000,2022년도 전기자동차 군포시 모델별 보조금,2022,군포시
승합(대형),범한자동차,E-SKY9(281kWh),7000,0,7000,2022년도 전기자동차 군포시 모델별 보조금,2022,군포시
승합(대형),범한자동차,E-STAR8 V1,6454,0,6454,2022년도 전기자동차 군포시 모델별 보조금,2022,군포시
승합(대형),범한자동차,E-STAR11,7000,0,7000,2022년도 전기자동차 군포시 모델별 보조금,2022,군포시
승합(대형),에스에이피,아이즘(IZM),7000,0,7000,2022년도 전기자동차 군포시 모델별 보조금,2022,군포시
승합(대형),에스에이피,엘페(ELFE),7000,0,7000,2022년도 전기자동차 군포시 모델별 보조금,2022,군포시
승합(대형),에스에이피,리오네(LIONNE),7000,0,7000,2022년도 전기자동차 군포시 모델별 보조금,2022,군포시
승합(대형),GS글로벌,eBus-12(K9DC),7000,4200,11200,2022년도 전기자동차 군포시 모델별 보조금,2022,군포시
승합(대형),GS글로벌,NEW BYD eBus-12,7000,4200,11200,2022년도 전기자동차 군포시 모델별 보조금,2022,군포시
승합(대형),티에스에코에너지,일레누스,7000,4200,11200,2022년도 전기자동차 군포시 모델별 보조금,2022,군포시
승합(대형),티에스에코에너지,일레누스(TS900),6251,3750,10001,2022년도 전기자동차 군포시 모델별 보조금,2022,군포시
승합(대형),이온모터스,시티라이트Ⅱ,7000,4200,11200,2022년도 전기자동차 군포시 모델별 보조금,2022,군포시
승합(대형),이온모터스,시티라이트9,7000,4200,11200,2022년도 전기자동차 군포시 모델별 보조금,2022,군포시
승합(대형),한차,GREENWAY1100,6388,3832,10220,2022년도 전기자동차 군포시 모델별 보조금,2022,군포시
승합(대형),이엠코리아,에픽시티(LFP),7000,4200,11200,2022년도 전기자동차 군포시 모델별 보조금,2022,군포시
승합(대형),태영티엔티,GD11,5749,3448,9197,2022년도 전기자동차 군포시 모델별 보조금,2022,군포시
승합(대형),재일홀딩스,그린타운400,6418,3850,10268,2022년도 전기자동차 군포시 모델별 보조금,2022,군포시
승합(중형),현대자동차,카운티 일렉트릭(어린이운송용 30인승),4383,2628,7011,2022년도 전기자동차 의왕시 모델별 보조금,2022,의왕시
승합(중형),현대자동차,(단종)카운티 일렉트릭(어린이운송용 33인승 V2),4391,2634,7025,2022년도 전기자동차 의왕시 모델별 보조금,2022,의왕시
승합(중형),현대자동차,카운티 일렉트릭(어린이운송용 33인승),4391,2634,7025,2022년도 전기자동차 의왕시 모델별 보조금,2022,의왕시
승합(중형),현대자동차,카운티 일렉트릭,4391,2634,7025,2022년도 전기자동차 의왕시 모델별 보조금,2022,의왕시
승합(중형),현대자동차,카운티 일렉트릭(마을버스),5000,3000,8000,2022년도 전기자동차 의왕시 모델별 보조금,2022,의왕시
승합(중형),우진산전,아폴로750,4780,2868,7648,2022년도 전기자동차 의왕시 모델별 보조금,2022,의왕시
승합(중형),우진산전,아폴로750(15인승),5000,3000,8000,2022년도 전기자동차 의왕시 모델별 보조금,2022,의왕시
승합(중형),우진산전,아폴로750전기버스,5000,3000,8000,2022년도 전기자동차 의왕시 모델별 보조금,2022,의왕시
승합(중형),이비온,E6,2539,1522,4061,2022년도 전기자동차 의왕시 모델별 보조금,2022,의왕시
승합(중형),이비온,"E6(JL618S), 어린이통학",3570,2142,5712,2022년도 전기자동차 의왕시 모델별 보조금,2022,의왕시
승합(중형),GS글로벌,NEW BYD eBus-7,4357,2614,6971,2022년도 전기자동차 의왕시 모델별 보조금,2022,의왕시
승합(중형),한신자동차,바네스,2821,1692,4513,2022년도 전기자동차 의왕시 모델별 보조금,2022,의왕시
승합(중형),비바모빌리티,VBUS60,3789,2272,6061,2022년도 전기자동차 의왕시 모델별 보조금,2022,의왕시
승합(중형),비바모빌리티,브이버스60i(어린이운송용),3791,2274,6065,2022년도 전기자동차 의왕시 모델별 보조금,2022,의왕시
승합(중형),케이지모빌리티커머셜,SMART 8.7,5000,3000,8000,2022년도 전기자동차 의왕시 모델별 보조금,2022,의왕시
승합(중형),한차,GREENWAY720,5000,3000,8000,2022년도 전기자동차 의왕시 모델별 보조금,2022,의왕시
승합(대형),현대자동차,일렉시티 굴절버스,14693,8815,23508,2022년도 전기자동차 의왕시 모델별 보조금,2022,의왕시
승합(대형),현대자동차,일렉시티 이층버스,12501,7500,20001,2022년도 전기자동차 의왕시 모델별 보조금,2022,의왕시
승합(대형),현대자동차,일렉시티(3PACK),7000,4200,11200,2022년도 전기자동차 의왕시 모델별 보조금,2022,의왕시
승합(대형),현대자동차,일렉시티(4PACK V1),7000,4200,11200,2022년도 전기자동차 의왕시 모델별 보조금,2022,의왕시
승합(대형),현대자동차,일렉시티 타운,7000,4200,11200,2022년도 전기자동차 의왕시 모델별 보조금,2022,의왕시
승합(대형),케이지모빌리티커머셜,이-스마트(57인승),5522,3313,8835,2022년도 전기자동차 의왕시 모델별 보조금,2022,의왕시
승합(대형),케이지모빌리티커머셜,이-스마트(51인승),5510,3306,8816,2022년도 전기자동차 의왕시 모델별 보조금,2022,의왕시
승합(대형),케이지모빌리티커머셜,SMART 9.3,7000,4200,11200,2022년도 전기자동차 의왕시 모델별 보조금,2022,의왕시
승합(대형),케이지모빌리티커머셜,SMART 110(272kWh),7000,4200,11200,2022년도 전기자동차 의왕시 모델별 보조금,2022,의왕시
승합(대형),케이지모빌리티커머셜,SMART 110E(347kWh),7000,4200,11200,2022년도 전기자동차 의왕시 모델별 보조금,2022,의왕시
승합(대형),케이지모빌리티커머셜,SMART 110(260kWh),7000,4200,11200,2022년도 전기자동차 의왕시 모델별 보조금,2022,의왕시
승합(대형),케이지모빌리티커머셜,SMART 110E(260kWh),7000,4200,11200,2022년도 전기자동차 의왕시 모델별 보조금,2022,의왕시
승합(대형),우진산전,아폴로1100,6396,3837,10233,2022년도 전기자동차 의왕시 모델별 보조금,2022,의왕시
승합(대형),우진산전,아폴로1100(258kWh),6746,4047,10793,2022년도 전기자동차 의왕시 모델별 보조금,2022,의왕시
승합(대형),우진산전,아폴로1100(11CTLP),6133,3679,9812,2022년도 전기자동차 의왕시 모델별 보조금,2022,의왕시
승합(대형),우진산전,아폴로900전기버스,4658,2794,7452,2022년도 전기자동차 의왕시 모델별 보조금,2022,의왕시
승합(대형),우진산전,아폴로1100전기버스 22MY,7000,4200,11200,2022년도 전기자동차 의왕시 모델별 보조금,2022,의왕시
승합(대형),피라인모터스,HYPERS(신형),5917,3550,9467,2022년도 전기자동차 의왕시 모델별 보조금,2022,의왕시
승합(대형),피라인모터스,HYPERS(H),5778,3466,9244,2022년도 전기자동차 의왕시 모델별 보조금,2022,의왕시
승합(대형),피라인모터스,HYPERS(11L),5021,3012,8033,2022년도 전기자동차 의왕시 모델별 보조금,2022,의왕시
승합(대형),피라인모터스,HYPERS1611,6021,3612,9633,2022년도 전기자동차 의왕시 모델별 보조금,2022,의왕시
승합(대형),피라인모터스,HYPERS1609,6068,3640,9708,2022년도 전기자동차 의왕시 모델별 보조금,2022,의왕시
승합(대형),피라인모터스,HYPERS1612,5795,3477,9272,2022년도 전기자동차 의왕시 모델별 보조금,2022,의왕시
승합(대형),피라인모터스,HYPERS1609H,6610,3966,10576,2022년도 전기자동차 의왕시 모델별 보조금,2022,의왕시
승합(대형),피라인모터스,HYPERS1612N,7000,4200,11200,2022년도 전기자동차 의왕시 모델별 보조금,2022,의왕시
승합(대형),피라인모터스,HYPERS1609N,7000,4200,11200,2022년도 전기자동차 의왕시 모델별 보조금,2022,의왕시
승합(대형),비바모빌리티,(단종)브이버스90N,6430,3858,10288,2022년도 전기자동차 의왕시 모델별 보조금,2022,의왕시
승합(대형),비바모빌리티,(단종)브이버스120,7000,4200,11200,2022년도 전기자동차 의왕시 모델별 보조금,2022,의왕시
승합(대형),비바모빌리티,(단종)브이버스110-B,6839,4103,10942,2022년도 전기자동차 의왕시 모델별 보조금,2022,의왕시
승합(대형),북경모터스,그린타운(850),4265,2344,6609,2022년도 전기자동차 의왕시 모델별 보조금,2022,의왕시
승합(대형),북경모터스,그린타운플러스,6550,3662,10212,2022년도 전기자동차 의왕시 모델별 보조금,2022,의왕시
승합(대형),범한자동차,E-SKY11(350kWh),7000,4200,11200,2022년도 전기자동차 의왕시 모델별 보조금,2022,의왕시
승합(대형),범한자동차,E-SKY9(281kWh),7000,4200,11200,2022년도 전기자동차 의왕시 모델별 보조금,2022,의왕시
승합(대형),범한자동차,E-STAR8 V1,6454,9662,16116,2022년도 전기자동차 의왕시 모델별 보조금,2022,의왕시
승합(대형),범한자동차,E-STAR11,7000,4200,11200,2022년도 전기자동차 의왕시 모델별 보조금,2022,의왕시
승합(대형),에스에이피,아이즘(IZM),7000,4200,11200,2022년도 전기자동차 의왕시 모델별 보조금,2022,의왕시
승합(대형),에스에이피,엘페(ELFE),7000,4200,11200,2022년도 전기자동차 의왕시 모델별 보조금,2022,의왕시
승합(대형),에스에이피,리오네(LIONNE),7000,4200,11200,2022년도 전기자동차 의왕시 모델별 보조금,2022,의왕시
승합(대형),GS글로벌,eBus-12(K9DC),7000,4200,11200,2022년도 전기자동차 의왕시 모델별 보조금,2022,의왕시
승합(대형),GS글로벌,NEW BYD eBus-12,7000,4200,11200,2022년도 전기자동차 의왕시 모델별 보조금,2022,의왕시
승합(대형),티에스에코에너지,일레누스,7000,4200,11200,2022년도 전기자동차 의왕시 모델별 보조금,2022,의왕시
승합(대형),티에스에코에너지,일레누스(TS900),6251,3750,10001,2022년도 전기자동차 의왕시 모델별 보조금,2022,의왕시
승합(대형),이온모터스,시티라이트,5815,3489,9304,2022년도 전기자동차 의왕시 모델별 보조금,2022,의왕시
승합(대형),이온모터스,시티라이트Ⅱ,7000,4200,11200,2022년도 전기자동차 의왕시 모델별 보조금,2022,의왕시
승합(대형),이온모터스,시티라이트9,7000,4200,11200,2022년도 전기자동차 의왕시 모델별 보조금,2022,의왕시
승합(대형),한차,GREENWAY1100,6388,3832,10220,2022년도 전기자동차 의왕시 모델별 보조금,2022,의왕시
승합(대형),한차,GREENWAY1100A,7000,4200,11200,2022년도 전기자동차 의왕시 모델별 보조금,2022,의왕시
승합(대형),이엠코리아,에픽시티(LFP),7000,4200,11200,2022년도 전기자동차 의왕시 모델별 보조금,2022,의왕시
승합(대형),태영티엔티,GD11,5749,3449,9198,2022년도 전기자동차 의왕시 모델별 보조금,2022,의왕시
승합(대형),재일홀딩스,그린타운400,6418,3584,10002,2022년도 전기자동차 의왕시 모델별 보조금,2022,의왕시
승합(중형),현대자동차,카운티 일렉트릭(어린이운송용 30인승),4383,2628,7011,2022년도 전기자동차 하남시 모델별 보조금,2022,하남시
승합(중형),현대자동차,(단종)카운티 일렉트릭(어린이운송용 33인승 V2),4391,2634,7025,2022년도 전기자동차 하남시 모델별 보조금,2022,하남시
승합(중형),현대자동차,카운티 일렉트릭(어린이운송용 33인승),4391,2634,7025,2022년도 전기자동차 하남시 모델별 보조금,2022,하남시
승합(중형),현대자동차,카운티 일렉트릭,4391,2634,7025,2022년도 전기자동차 하남시 모델별 보조금,2022,하남시
승합(중형),현대자동차,카운티 일렉트릭(마을버스),5000,3000,8000,2022년도 전기자동차 하남시 모델별 보조금,2022,하남시
승합(중형),우진산전,아폴로750,4780,2868,7648,2022년도 전기자동차 하남시 모델별 보조금,2022,하남시
승합(중형),우진산전,아폴로750(15인승),5000,3000,8000,2022년도 전기자동차 하남시 모델별 보조금,2022,하남시
승합(중형),우진산전,아폴로750전기버스,5000,3000,8000,2022년도 전기자동차 하남시 모델별 보조금,2022,하남시
승합(중형),이비온,E6,2539,1522,4061,2022년도 전기자동차 하남시 모델별 보조금,2022,하남시
승합(중형),이비온,"E6(JL618S), 어린이통학",3570,2142,5712,2022년도 전기자동차 하남시 모델별 보조금,2022,하남시
승합(중형),GS글로벌,NEW BYD eBus-7,4357,2614,6971,2022년도 전기자동차 하남시 모델별 보조금,2022,하남시
승합(중형),한신자동차,바네스,2821,1692,4513,2022년도 전기자동차 하남시 모델별 보조금,2022,하남시
승합(중형),비바모빌리티,VBUS60,3789,2272,6061,2022년도 전기자동차 하남시 모델별 보조금,2022,하남시
승합(중형),비바모빌리티,브이버스60i(어린이운송용),3791,2274,6065,2022년도 전기자동차 하남시 모델별 보조금,2022,하남시
승합(중형),케이지모빌리티커머셜,SMART 8.7,5000,3000,8000,2022년도 전기자동차 하남시 모델별 보조금,2022,하남시
승합(중형),한차,GREENWAY720,5000,3000,8000,2022년도 전기자동차 하남시 모델별 보조금,2022,하남시
승합(대형),현대자동차,일렉시티 굴절버스,14693,8815,23508,2022년도 전기자동차 하남시 모델별 보조금,2022,하남시
승합(대형),현대자동차,일렉시티 이층버스,12501,7500,20001,2022년도 전기자동차 하남시 모델별 보조금,2022,하남시
승합(대형),현대자동차,일렉시티(3PACK),7000,4200,11200,2022년도 전기자동차 하남시 모델별 보조금,2022,하남시
승합(대형),현대자동차,일렉시티(4PACK V1),7000,4200,11200,2022년도 전기자동차 하남시 모델별 보조금,2022,하남시
승합(대형),케이지모빌리티커머셜,이-스마트(57인승),5522,3313,8835,2022년도 전기자동차 하남시 모델별 보조금,2022,하남시
승합(대형),케이지모빌리티커머셜,이-스마트(51인승),5510,3306,8816,2022년도 전기자동차 하남시 모델별 보조금,2022,하남시
승합(대형),케이지모빌리티커머셜,SMART 9.3,7000,4200,11200,2022년도 전기자동차 하남시 모델별 보조금,2022,하남시
승합(대형),케이지모빌리티커머셜,SMART 110(272kWh),7000,4200,11200,2022년도 전기자동차 하남시 모델별 보조금,2022,하남시
승합(대형),케이지모빌리티커머셜,SMART 110E(347kWh),7000,4200,11200,2022년도 전기자동차 하남시 모델별 보조금,2022,하남시
승합(대형),케이지모빌리티커머셜,SMART 110(260kWh),7000,4200,11200,2022년도 전기자동차 하남시 모델별 보조금,2022,하남시
승합(대형),케이지모빌리티커머셜,SMART 110E(260kWh),7000,4200,11200,2022년도 전기자동차 하남시 모델별 보조금,2022,하남시
승합(대형),우진산전,아폴로1100,6396,3837,10233,2022년도 전기자동차 하남시 모델별 보조금,2022,하남시
승합(대형),우진산전,아폴로1100(258kWh),6746,4047,10793,2022년도 전기자동차 하남시 모델별 보조금,2022,하남시
승합(대형),우진산전,아폴로1100(11CTLP),6133,3679,9812,2022년도 전기자동차 하남시 모델별 보조금,2022,하남시
승합(대형),우진산전,아폴로900전기버스,4658,2794,7452,2022년도 전기자동차 하남시 모델별 보조금,2022,하남시
승합(대형),우진산전,아폴로1100전기버스 22MY,7000,4200,11200,2022년도 전기자동차 하남시 모델별 보조금,2022,하남시
승합(대형),피라인모터스,HYPERS(신형),5917,3550,9467,2022년도 전기자동차 하남시 모델별 보조금,2022,하남시
승합(대형),피라인모터스,HYPERS(H),5778,3466,9244,2022년도 전기자동차 하남시 모델별 보조금,2022,하남시
승합(대형),피라인모터스,HYPERS(11L),5021,3012,8033,2022년도 전기자동차 하남시 모델별 보조금,2022,하남시
승합(대형),피라인모터스,HYPERS1611,6021,3612,9633,2022년도 전기자동차 하남시 모델별 보조금,2022,하남시
승합(대형),피라인모터스,HYPERS1609,6068,3640,9708,2022년도 전기자동차 하남시 모델별 보조금,2022,하남시
승합(대형),피라인모터스,HYPERS1612,5795,3477,9272,2022년도 전기자동차 하남시 모델별 보조금,2022,하남시
승합(대형),피라인모터스,HYPERS1609H,6610,3966,10576,2022년도 전기자동차 하남시 모델별 보조금,2022,하남시
승합(대형),비바모빌리티,(단종)브이버스90N,6430,3858,10288,2022년도 전기자동차 하남시 모델별 보조금,2022,하남시
승합(대형),비바모빌리티,(단종)브이버스110-B,6839,4103,10942,2022년도 전기자동차 하남시 모델별 보조금,2022,하남시
승합(대형),북경모터스,그린타운(850),4265,2344,6609,2022년도 전기자동차 하남시 모델별 보조금,2022,하남시
승합(대형),북경모터스,그린타운플러스,6550,3662,10212,2022년도 전기자동차 하남시 모델별 보조금,2022,하남시
승합(대형),범한자동차,E-SKY11(350kWh),7000,4200,11200,2022년도 전기자동차 하남시 모델별 보조금,2022,하남시
승합(대형),범한자동차,E-SKY9(281kWh),7000,4200,11200,2022년도 전기자동차 하남시 모델별 보조금,2022,하남시
승합(대형),범한자동차,E-STAR8 V1,6454,3872,10326,2022년도 전기자동차 하남시 모델별 보조금,2022,하남시
승합(대형),범한자동차,E-STAR11,7000,4200,11200,2022년도 전기자동차 하남시 모델별 보조금,2022,하남시
승합(대형),에스에이피,아이즘(IZM),7000,4200,11200,2022년도 전기자동차 하남시 모델별 보조금,2022,하남시
승합(대형),에스에이피,엘페(ELFE),7000,4200,11200,2022년도 전기자동차 하남시 모델별 보조금,2022,하남시
승합(대형),에스에이피,리오네(LIONNE),7000,4200,11200,2022년도 전기자동차 하남시 모델별 보조금,2022,하남시
승합(대형),GS글로벌,eBus-12(K9DC),7000,4200,11200,2022년도 전기자동차 하남시 모델별 보조금,2022,하남시
승합(대형),GS글로벌,NEW BYD eBus-12,7000,4200,11200,2022년도 전기자동차 하남시 모델별 보조금,2022,하남시
승합(대형),티에스에코에너지,일레누스,7000,4200,11200,2022년도 전기자동차 하남시 모델별 보조금,2022,하남시
승합(대형),티에스에코에너지,일레누스(TS900),6251,3750,10001,2022년도 전기자동차 하남시 모델별 보조금,2022,하남시
승합(대형),이온모터스,시티라이트Ⅱ,7000,4200,11200,2022년도 전기자동차 하남시 모델별 보조금,2022,하남시
승합(대형),이온모터스,시티라이트9,7000,4200,11200,2022년도 전기자동차 하남시 모델별 보조금,2022,하남시
승합(대형),한차,GREENWAY1100,6388,3832,10220,2022년도 전기자동차 하남시 모델별 보조금,2022,하남시
승합(대형),이엠코리아,에픽시티(LFP),7000,4200,11200,2022년도 전기자동차 하남시 모델별 보조금,2022,하남시
승합(대형),태영티엔티,GD11,5749,3449,9198,2022년도 전기자동차 하남시 모델별 보조금,2022,하남시
승합(대형),재일홀딩스,그린타운400,6418,3584,10002,2022년도 전기자동차 하남시 모델별 보조금,2022,하남시
승합(중형),현대자동차,카운티 일렉트릭(어린이운송용 30인승),4383,2628,7011,2022년도 전기자동차 용인시 모델별 보조금,2022,용인시
승합(중형),현대자동차,(단종)카운티 일렉트릭(어린이운송용 33인승 V2),4391,2634,7025,2022년도 전기자동차 용인시 모델별 보조금,2022,용인시
승합(중형),현대자동차,카운티 일렉트릭(어린이운송용 33인승),4391,2634,7025,2022년도 전기자동차 용인시 모델별 보조금,2022,용인시
승합(중형),현대자동차,카운티 일렉트릭,4391,2634,7025,2022년도 전기자동차 용인시 모델별 보조금,2022,용인시
승합(중형),현대자동차,카운티 일렉트릭(마을버스),5000,3000,8000,2022년도 전기자동차 용인시 모델별 보조금,2022,용인시
승합(중형),우진산전,아폴로750,4780,2868,7648,2022년도 전기자동차 용인시 모델별 보조금,2022,용인시
승합(중형),우진산전,아폴로750(15인승),5000,3000,8000,2022년도 전기자동차 용인시 모델별 보조금,2022,용인시
승합(중형),우진산전,아폴로750전기버스,5000,3000,8000,2022년도 전기자동차 용인시 모델별 보조금,2022,용인시
승합(중형),이비온,E6,2539,1522,4061,2022년도 전기자동차 용인시 모델별 보조금,2022,용인시
승합(중형),이비온,"E6(JL618S), 어린이통학",3570,2142,5712,2022년도 전기자동차 용인시 모델별 보조금,2022,용인시
승합(중형),GS글로벌,NEW BYD eBus-7,4357,2614,6971,2022년도 전기자동차 용인시 모델별 보조금,2022,용인시
승합(중형),한신자동차,바네스,2821,1692,4513,2022년도 전기자동차 용인시 모델별 보조금,2022,용인시
승합(중형),비바모빌리티,VBUS60,3789,2272,6061,2022년도 전기자동차 용인시 모델별 보조금,2022,용인시
승합(중형),비바모빌리티,브이버스60i(어린이운송용),3791,2274,6065,2022년도 전기자동차 용인시 모델별 보조금,2022,용인시
승합(중형),케이지모빌리티커머셜,SMART 8.7,5000,3000,8000,2022년도 전기자동차 용인시 모델별 보조금,2022,용인시
승합(중형),한차,GREENWAY720,5000,3000,8000,2022년도 전기자동차 용인시 모델별 보조금,2022,용인시
승합(대형),현대자동차,일렉시티 굴절버스,14693,8815,23508,2022년도 전기자동차 용인시 모델별 보조금,2022,용인시
승합(대형),현대자동차,일렉시티 이층버스,12501,7500,20001,2022년도 전기자동차 용인시 모델별 보조금,2022,용인시
승합(대형),현대자동차,일렉시티(3PACK),7000,4200,11200,2022년도 전기자동차 용인시 모델별 보조금,2022,용인시
승합(대형),현대자동차,일렉시티(4PACK V1),7000,4200,11200,2022년도 전기자동차 용인시 모델별 보조금,2022,용인시
승합(대형),케이지모빌리티커머셜,이-스마트(57인승),5522,3313,8835,2022년도 전기자동차 용인시 모델별 보조금,2022,용인시
승합(대형),케이지모빌리티커머셜,이-스마트(51인승),5510,3306,8816,2022년도 전기자동차 용인시 모델별 보조금,2022,용인시
승합(대형),케이지모빌리티커머셜,SMART 9.3,7000,4200,11200,2022년도 전기자동차 용인시 모델별 보조금,2022,용인시
승합(대형),케이지모빌리티커머셜,SMART 110(272kWh),7000,4200,11200,2022년도 전기자동차 용인시 모델별 보조금,2022,용인시
승합(대형),케이지모빌리티커머셜,SMART 110E(347kWh),7000,4200,11200,2022년도 전기자동차 용인시 모델별 보조금,2022,용인시
승합(대형),케이지모빌리티커머셜,SMART 110(260kWh),7000,4200,11200,2022년도 전기자동차 용인시 모델별 보조금,2022,용인시
승합(대형),케이지모빌리티커머셜,SMART 110E(260kWh),7000,4200,11200,2022년도 전기자동차 용인시 모델별 보조금,2022,용인시
승합(대형),우진산전,아폴로1100,6396,3837,10233,2022년도 전기자동차 용인시 모델별 보조금,2022,용인시
승합(대형),우진산전,아폴로1100(258kWh),6746,4047,10793,2022년도 전기자동차 용인시 모델별 보조금,2022,용인시
승합(대형),우진산전,아폴로1100(11CTLP),6133,3679,9812,2022년도 전기자동차 용인시 모델별 보조금,2022,용인시
승합(대형),우진산전,아폴로1100전기버스 22MY,7000,4200,11200,2022년도 전기자동차 용인시 모델별 보조금,2022,용인시
승합(대형),피라인모터스,HYPERS(신형),5917,3550,9467,2022년도 전기자동차 용인시 모델별 보조금,2022,용인시
승합(대형),피라인모터스,HYPERS(H),5778,3467,9245,2022년도 전기자동차 용인시 모델별 보조금,2022,용인시
승합(대형),피라인모터스,HYPERS(11L),5021,3013,8034,2022년도 전기자동차 용인시 모델별 보조금,2022,용인시
승합(대형),피라인모터스,HYPERS1611,6021,3613,9634,2022년도 전기자동차 용인시 모델별 보조금,2022,용인시
승합(대형),피라인모터스,HYPERS1609,6068,3641,9709,2022년도 전기자동차 용인시 모델별 보조금,2022,용인시
승합(대형),피라인모터스,HYPERS1612,5795,3477,9272,2022년도 전기자동차 용인시 모델별 보조금,2022,용인시
승합(대형),피라인모터스,HYPERS1609H,6610,3966,10576,2022년도 전기자동차 용인시 모델별 보조금,2022,용인시
승합(대형),비바모빌리티,(단종)브이버스90N,6430,3858,10288,2022년도 전기자동차 용인시 모델별 보조금,2022,용인시
승합(대형),비바모빌리티,(단종)브이버스110-B,6839,4104,10943,2022년도 전기자동차 용인시 모델별 보조금,2022,용인시
승합(대형),북경모터스,그린타운(850),4265,2344,6609,2022년도 전기자동차 용인시 모델별 보조금,2022,용인시
승합(대형),북경모터스,그린타운플러스,6550,3662,10212,2022년도 전기자동차 용인시 모델별 보조금,2022,용인시
승합(대형),범한자동차,E-SKY11(350kWh),7000,4200,11200,2022년도 전기자동차 용인시 모델별 보조금,2022,용인시
승합(대형),범한자동차,E-STAR8 V1,6454,3873,10327,2022년도 전기자동차 용인시 모델별 보조금,2022,용인시
승합(대형),에스에이피,아이즘(IZM),7000,4200,11200,2022년도 전기자동차 용인시 모델별 보조금,2022,용인시
승합(대형),에스에이피,엘페(ELFE),7000,4200,11200,2022년도 전기자동차 용인시 모델별 보조금,2022,용인시
승합(대형),에스에이피,리오네(LIONNE),7000,4200,11200,2022년도 전기자동차 용인시 모델별 보조금,2022,용인시
승합(대형),GS글로벌,eBus-12(K9DC),7000,4200,11200,2022년도 전기자동차 용인시 모델별 보조금,2022,용인시
승합(대형),GS글로벌,NEW BYD eBus-12,7000,4200,11200,2022년도 전기자동차 용인시 모델별 보조금,2022,용인시
승합(대형),티에스에코에너지,일레누스,7000,4200,11200,2022년도 전기자동차 용인시 모델별 보조금,2022,용인시
승합(대형),이온모터스,시티라이트Ⅱ,7000,4200,11200,2022년도 전기자동차 용인시 모델별 보조금,2022,용인시
승합(대형),이온모터스,시티라이트9,7000,4200,11200,2022년도 전기자동차 용인시 모델별 보조금,2022,용인시
승합(대형),한차,GREENWAY1100,6388,3833,10221,2022년도 전기자동차 용인시 모델별 보조금,2022,용인시
승합(대형),이엠코리아,에픽시티(LFP),7000,4200,11200,2022년도 전기자동차 용인시 모델별 보조금,2022,용인시
승합(대형),태영티엔티,GD11,5749,3450,9199,2022년도 전기자동차 용인시 모델별 보조금,2022,용인시
승합(중형),현대자동차,카운티 일렉트릭(어린이운송용 30인승),4383,2630,7013,2022년도 전기자동차 파주시 모델별 보조금,2022,파주시
승합(중형),현대자동차,(단종)카운티 일렉트릭(어린이운송용 33인승 V2),4391,2634,7025,2022년도 전기자동차 파주시 모델별 보조금,2022,파주시
승합(중형),현대자동차,카운티 일렉트릭(어린이운송용 33인승),4391,2634,7025,2022년도 전기자동차 파주시 모델별 보조금,2022,파주시
승합(중형),현대자동차,카운티 일렉트릭,4391,2634,7025,2022년도 전기자동차 파주시 모델별 보조금,2022,파주시
승합(중형),현대자동차,카운티 일렉트릭(마을버스),5000,3000,8000,2022년도 전기자동차 파주시 모델별 보조금,2022,파주시
승합(중형),우진산전,아폴로750,4780,2868,7648,2022년도 전기자동차 파주시 모델별 보조금,2022,파주시
승합(중형),우진산전,아폴로750(15인승),5000,3000,8000,2022년도 전기자동차 파주시 모델별 보조금,2022,파주시
승합(중형),우진산전,아폴로750전기버스,5000,3000,8000,2022년도 전기자동차 파주시 모델별 보조금,2022,파주시
승합(중형),이비온,E6,2539,1524,4063,2022년도 전기자동차 파주시 모델별 보조금,2022,파주시
승합(중형),이비온,"E6(JL618S), 어린이통학",3570,2142,5712,2022년도 전기자동차 파주시 모델별 보조금,2022,파주시
승합(중형),GS글로벌,NEW BYD eBus-7,4357,2614,6971,2022년도 전기자동차 파주시 모델별 보조금,2022,파주시
승합(중형),한신자동차,바네스,2821,1692,4513,2022년도 전기자동차 파주시 모델별 보조금,2022,파주시
승합(중형),비바모빌리티,VBUS60,3789,2274,6063,2022년도 전기자동차 파주시 모델별 보조금,2022,파주시
승합(중형),비바모빌리티,브이버스60i(어린이운송용),3791,2274,6065,2022년도 전기자동차 파주시 모델별 보조금,2022,파주시
승합(중형),케이지모빌리티커머셜,SMART 8.7,5000,3000,8000,2022년도 전기자동차 파주시 모델별 보조금,2022,파주시
승합(중형),한차,GREENWAY720,5000,3000,8000,2022년도 전기자동차 파주시 모델별 보조금,2022,파주시
승합(대형),현대자동차,일렉시티 굴절버스,14693,8816,23509,2022년도 전기자동차 파주시 모델별 보조금,2022,파주시
승합(대형),현대자동차,일렉시티 이층버스,12501,7500,20001,2022년도 전기자동차 파주시 모델별 보조금,2022,파주시
승합(대형),현대자동차,일렉시티(3PACK),7000,4200,11200,2022년도 전기자동차 파주시 모델별 보조금,2022,파주시
승합(대형),현대자동차,일렉시티(4PACK V1),7000,4200,11200,2022년도 전기자동차 파주시 모델별 보조금,2022,파주시
승합(대형),현대자동차,일렉시티 타운,7000,4200,11200,2022년도 전기자동차 파주시 모델별 보조금,2022,파주시
승합(대형),케이지모빌리티커머셜,이-스마트(57인승),5522,0,5522,2022년도 전기자동차 파주시 모델별 보조금,2022,파주시
승합(대형),케이지모빌리티커머셜,이-스마트(51인승),5510,0,5510,2022년도 전기자동차 파주시 모델별 보조금,2022,파주시
승합(대형),케이지모빌리티커머셜,SMART 9.3,7000,0,7000,2022년도 전기자동차 파주시 모델별 보조금,2022,파주시
승합(대형),케이지모빌리티커머셜,SMART 110(272kWh),7000,0,7000,2022년도 전기자동차 파주시 모델별 보조금,2022,파주시
승합(대형),케이지모빌리티커머셜,SMART 110E(347kWh),7000,0,7000,2022년도 전기자동차 파주시 모델별 보조금,2022,파주시
승합(대형),케이지모빌리티커머셜,SMART 110(260kWh),7000,0,7000,2022년도 전기자동차 파주시 모델별 보조금,2022,파주시
승합(대형),케이지모빌리티커머셜,SMART 110E(260kWh),7000,0,7000,2022년도 전기자동차 파주시 모델별 보조금,2022,파주시
승합(대형),우진산전,아폴로1100,6396,0,6396,2022년도 전기자동차 파주시 모델별 보조금,2022,파주시
승합(대형),우진산전,아폴로1100(258kWh),6746,4048,10794,2022년도 전기자동차 파주시 모델별 보조금,2022,파주시
승합(대형),우진산전,아폴로1100(11CTLP),6133,3680,9813,2022년도 전기자동차 파주시 모델별 보조금,2022,파주시
승합(대형),우진산전,아폴로900전기버스,4658,0,4658,2022년도 전기자동차 파주시 모델별 보조금,2022,파주시
승합(대형),우진산전,아폴로1100전기버스 22MY,7000,0,7000,2022년도 전기자동차 파주시 모델별 보조금,2022,파주시
승합(대형),피라인모터스,HYPERS(신형),5917,0,5917,2022년도 전기자동차 파주시 모델별 보조금,2022,파주시
승합(대형),피라인모터스,HYPERS(H),5778,0,5778,2022년도 전기자동차 파주시 모델별 보조금,2022,파주시
승합(대형),피라인모터스,HYPERS(11L),5021,0,5021,2022년도 전기자동차 파주시 모델별 보조금,2022,파주시
승합(대형),피라인모터스,HYPERS1611,6021,0,6021,2022년도 전기자동차 파주시 모델별 보조금,2022,파주시
승합(대형),피라인모터스,HYPERS1609,6068,0,6068,2022년도 전기자동차 파주시 모델별 보조금,2022,파주시
승합(대형),피라인모터스,HYPERS1612,5795,0,5795,2022년도 전기자동차 파주시 모델별 보조금,2022,파주시
승합(대형),피라인모터스,HYPERS1609H,6610,0,6610,2022년도 전기자동차 파주시 모델별 보조금,2022,파주시
승합(대형),피라인모터스,HYPERS1612N,7000,0,7000,2022년도 전기자동차 파주시 모델별 보조금,2022,파주시
승합(대형),피라인모터스,HYPERS1609N,7000,0,7000,2022년도 전기자동차 파주시 모델별 보조금,2022,파주시
승합(대형),피라인모터스,HYPERS1611N,6660,0,6660,2022년도 전기자동차 파주시 모델별 보조금,2022,파주시
승합(대형),피라인모터스,HYPERS1609HN,7000,4200,11200,2022년도 전기자동차 파주시 모델별 보조금,2022,파주시
승합(대형),비바모빌리티,(단종)브이버스90N,6430,0,6430,2022년도 전기자동차 파주시 모델별 보조금,2022,파주시
승합(대형),비바모빌리티,(단종)브이버스120,7000,0,7000,2022년도 전기자동차 파주시 모델별 보조금,2022,파주시
승합(대형),비바모빌리티,(단종)브이버스110-B,6839,0,6839,2022년도 전기자동차 파주시 모델별 보조금,2022,파주시
승합(대형),북경모터스,그린타운(850),4265,2344,6609,2022년도 전기자동차 파주시 모델별 보조금,2022,파주시
승합(대형),북경모터스,그린타운플러스,6550,3662,10212,2022년도 전기자동차 파주시 모델별 보조금,2022,파주시
승합(대형),범한자동차,E-SKY11(350kWh),7000,0,7000,2022년도 전기자동차 파주시 모델별 보조금,2022,파주시
승합(대형),범한자동차,E-SKY9(281kWh),7000,4200,11200,2022년도 전기자동차 파주시 모델별 보조금,2022,파주시
승합(대형),범한자동차,E-STAR8 V1,6454,0,6454,2022년도 전기자동차 파주시 모델별 보조금,2022,파주시
승합(대형),범한자동차,E-STAR11,7000,4200,11200,2022년도 전기자동차 파주시 모델별 보조금,2022,파주시
승합(대형),범한자동차,E-STAR12i,7000,0,7000,2022년도 전기자동차 파주시 모델별 보조금,2022,파주시
승합(대형),에스에이피,아이즘(IZM),7000,4200,11200,2022년도 전기자동차 파주시 모델별 보조금,2022,파주시
승합(대형),에스에이피,엘페(ELFE),7000,4200,11200,2022년도 전기자동차 파주시 모델별 보조금,2022,파주시
승합(대형),에스에이피,리오네(LIONNE),7000,4200,11200,2022년도 전기자동차 파주시 모델별 보조금,2022,파주시
승합(대형),GS글로벌,eBus-12(K9DC),7000,4200,11200,2022년도 전기자동차 파주시 모델별 보조금,2022,파주시
승합(대형),GS글로벌,NEW BYD eBus-12,7000,4200,11200,2022년도 전기자동차 파주시 모델별 보조금,2022,파주시
승합(대형),GS글로벌,BYD eBus9,5660,3396,9056,2022년도 전기자동차 파주시 모델별 보조금,2022,파주시
승합(대형),티에스에코에너지,일레누스,7000,0,7000,2022년도 전기자동차 파주시 모델별 보조금,2022,파주시
승합(대형),티에스에코에너지,일레누스(TS900),6251,0,6251,2022년도 전기자동차 파주시 모델별 보조금,2022,파주시
승합(대형),이온모터스,시티라이트,5815,0,5815,2022년도 전기자동차 파주시 모델별 보조금,2022,파주시
승합(대형),이온모터스,시티라이트Ⅱ,7000,4200,11200,2022년도 전기자동차 파주시 모델별 보조금,2022,파주시
승합(대형),이온모터스,시티라이트9,7000,0,7000,2022년도 전기자동차 파주시 모델별 보조금,2022,파주시
승합(대형),한차,GREENWAY1100,6388,3832,10220,2022년도 전기자동차 파주시 모델별 보조금,2022,파주시
승합(대형),한차,GREENWAY1100A,7000,0,7000,2022년도 전기자동차 파주시 모델별 보조금,2022,파주시
승합(대형),이엠코리아,에픽시티(LFP),7000,4200,11200,2022년도 전기자동차 파주시 모델별 보조금,2022,파주시
승합(대형),태영티엔티,GD11,5749,0,5749,2022년도 전기자동차 파주시 모델별 보조금,2022,파주시
승합(대형),재일홀딩스,그린타운400,6418,0,6418,2022년도 전기자동차 파주시 모델별 보조금,2022,파주시
승합(중형),현대자동차,카운티 일렉트릭(어린이운송용 30인승),4383,2630,7013,2022년도 전기자동차 이천시 모델별 보조금,2022,이천시
승합(중형),현대자동차,(단종)카운티 일렉트릭(어린이운송용 33인승 V2),4391,2634,7025,2022년도 전기자동차 이천시 모델별 보조금,2022,이천시
승합(중형),현대자동차,카운티 일렉트릭(어린이운송용 33인승),4391,2634,7025,2022년도 전기자동차 이천시 모델별 보조금,2022,이천시
승합(중형),현대자동차,카운티 일렉트릭,4391,2634,7025,2022년도 전기자동차 이천시 모델별 보조금,2022,이천시
승합(중형),현대자동차,카운티 일렉트릭(마을버스),5000,3000,8000,2022년도 전기자동차 이천시 모델별 보조금,2022,이천시
승합(중형),우진산전,아폴로750,4780,2868,7648,2022년도 전기자동차 이천시 모델별 보조금,2022,이천시
승합(중형),우진산전,아폴로750(15인승),5000,3000,8000,2022년도 전기자동차 이천시 모델별 보조금,2022,이천시
승합(중형),우진산전,아폴로750전기버스,5000,3000,8000,2022년도 전기자동차 이천시 모델별 보조금,2022,이천시
승합(중형),이비온,E6,2539,8382,10921,2022년도 전기자동차 이천시 모델별 보조금,2022,이천시
승합(중형),이비온,"E6(JL618S), 어린이통학",3570,2142,5712,2022년도 전기자동차 이천시 모델별 보조금,2022,이천시
승합(중형),GS글로벌,NEW BYD eBus-7,4357,2614,6971,2022년도 전기자동차 이천시 모델별 보조금,2022,이천시
승합(중형),한신자동차,바네스,2821,1692,4513,2022년도 전기자동차 이천시 모델별 보조금,2022,이천시
승합(중형),비바모빌리티,VBUS60,3789,2274,6063,2022년도 전기자동차 이천시 모델별 보조금,2022,이천시
승합(중형),비바모빌리티,브이버스60i(어린이운송용),3791,2274,6065,2022년도 전기자동차 이천시 모델별 보조금,2022,이천시
승합(중형),케이지모빌리티커머셜,SMART 8.7,5000,3000,8000,2022년도 전기자동차 이천시 모델별 보조금,2022,이천시
승합(중형),한차,GREENWAY720,5000,3000,8000,2022년도 전기자동차 이천시 모델별 보조금,2022,이천시
승합(대형),현대자동차,일렉시티 굴절버스,14693,4200,18893,2022년도 전기자동차 이천시 모델별 보조금,2022,이천시
승합(대형),현대자동차,일렉시티 이층버스,12501,4200,16701,2022년도 전기자동차 이천시 모델별 보조금,2022,이천시
승합(대형),현대자동차,일렉시티(3PACK),7000,4200,11200,2022년도 전기자동차 이천시 모델별 보조금,2022,이천시
승합(대형),현대자동차,일렉시티(4PACK V1),7000,4200,11200,2022년도 전기자동차 이천시 모델별 보조금,2022,이천시
승합(대형),케이지모빌리티커머셜,이-스마트(57인승),5522,3313,8835,2022년도 전기자동차 이천시 모델별 보조금,2022,이천시
승합(대형),케이지모빌리티커머셜,이-스마트(51인승),5510,3306,8816,2022년도 전기자동차 이천시 모델별 보조금,2022,이천시
승합(대형),케이지모빌리티커머셜,SMART 9.3,7000,4200,11200,2022년도 전기자동차 이천시 모델별 보조금,2022,이천시
승합(대형),케이지모빌리티커머셜,SMART 110(272kWh),7000,4200,11200,2022년도 전기자동차 이천시 모델별 보조금,2022,이천시
승합(대형),케이지모빌리티커머셜,SMART 110E(347kWh),7000,4200,11200,2022년도 전기자동차 이천시 모델별 보조금,2022,이천시
승합(대형),케이지모빌리티커머셜,SMART 110(260kWh),7000,4200,11200,2022년도 전기자동차 이천시 모델별 보조금,2022,이천시
승합(대형),케이지모빌리티커머셜,SMART 110E(260kWh),7000,4200,11200,2022년도 전기자동차 이천시 모델별 보조금,2022,이천시
승합(대형),우진산전,아폴로1100,6396,3838,10234,2022년도 전기자동차 이천시 모델별 보조금,2022,이천시
승합(대형),우진산전,아폴로1100(258kWh),6746,4048,10794,2022년도 전기자동차 이천시 모델별 보조금,2022,이천시
승합(대형),우진산전,아폴로1100(11CTLP),6133,3680,9813,2022년도 전기자동차 이천시 모델별 보조금,2022,이천시
승합(대형),우진산전,아폴로1100전기버스 22MY,7000,4200,11200,2022년도 전기자동차 이천시 모델별 보조금,2022,이천시
승합(대형),피라인모터스,HYPERS(신형),5917,3550,9467,2022년도 전기자동차 이천시 모델별 보조금,2022,이천시
승합(대형),피라인모터스,HYPERS(H),5778,3467,9245,2022년도 전기자동차 이천시 모델별 보조금,2022,이천시
승합(대형),피라인모터스,HYPERS(11L),5021,3013,8034,2022년도 전기자동차 이천시 모델별 보조금,2022,이천시
승합(대형),피라인모터스,HYPERS1611,6021,3613,9634,2022년도 전기자동차 이천시 모델별 보조금,2022,이천시
승합(대형),피라인모터스,HYPERS1609,6068,3641,9709,2022년도 전기자동차 이천시 모델별 보조금,2022,이천시
승합(대형),피라인모터스,HYPERS1612,5795,3477,9272,2022년도 전기자동차 이천시 모델별 보조금,2022,이천시
승합(대형),피라인모터스,HYPERS1609H,6610,3966,10576,2022년도 전기자동차 이천시 모델별 보조금,2022,이천시
승합(대형),비바모빌리티,(단종)브이버스90N,6430,3858,10288,2022년도 전기자동차 이천시 모델별 보조금,2022,이천시
승합(대형),비바모빌리티,(단종)브이버스110-B,6839,4103,10942,2022년도 전기자동차 이천시 모델별 보조금,2022,이천시
승합(대형),북경모터스,그린타운(850),4265,2344,6609,2022년도 전기자동차 이천시 모델별 보조금,2022,이천시
승합(대형),북경모터스,그린타운플러스,6550,3662,10212,2022년도 전기자동차 이천시 모델별 보조금,2022,이천시
승합(대형),범한자동차,E-SKY11(350kWh),7000,4200,11200,2022년도 전기자동차 이천시 모델별 보조금,2022,이천시
승합(대형),범한자동차,E-STAR8 V1,6454,3872,10326,2022년도 전기자동차 이천시 모델별 보조금,2022,이천시
승합(대형),에스에이피,아이즘(IZM),7000,4200,11200,2022년도 전기자동차 이천시 모델별 보조금,2022,이천시
승합(대형),에스에이피,엘페(ELFE),7000,4200,11200,2022년도 전기자동차 이천시 모델별 보조금,2022,이천시
승합(대형),에스에이피,리오네(LIONNE),7000,4200,11200,2022년도 전기자동차 이천시 모델별 보조금,2022,이천시
승합(대형),GS글로벌,eBus-12(K9DC),7000,4200,11200,2022년도 전기자동차 이천시 모델별 보조금,2022,이천시
승합(대형),GS글로벌,NEW BYD eBus-12,7000,4200,11200,2022년도 전기자동차 이천시 모델별 보조금,2022,이천시
승합(대형),티에스에코에너지,일레누스,7000,4200,11200,2022년도 전기자동차 이천시 모델별 보조금,2022,이천시
승합(대형),이온모터스,시티라이트Ⅱ,7000,4200,11200,2022년도 전기자동차 이천시 모델별 보조금,2022,이천시
승합(대형),이온모터스,시티라이트9,7000,4200,11200,2022년도 전기자동차 이천시 모델별 보조금,2022,이천시
승합(대형),한차,GREENWAY1100,6388,3833,10221,2022년도 전기자동차 이천시 모델별 보조금,2022,이천시
승합(대형),이엠코리아,에픽시티(LFP),7000,4200,11200,2022년도 전기자동차 이천시 모델별 보조금,2022,이천시
승합(대형),태영티엔티,GD11,5749,3449,9198,2022년도 전기자동차 이천시 모델별 보조금,2022,이천시
승합(중형),현대자동차,카운티 일렉트릭(어린이운송용 30인승),4383,0,4383,2022년도 전기자동차 안성시 모델별 보조금,2022,안성시
승합(중형),현대자동차,(단종)카운티 일렉트릭(어린이운송용 33인승 V2),4391,0,4391,2022년도 전기자동차 안성시 모델별 보조금,2022,안성시
승합(중형),현대자동차,카운티 일렉트릭(어린이운송용 33인승),4391,0,4391,2022년도 전기자동차 안성시 모델별 보조금,2022,안성시
승합(중형),현대자동차,카운티 일렉트릭,4391,0,4391,2022년도 전기자동차 안성시 모델별 보조금,2022,안성시
승합(중형),현대자동차,카운티 일렉트릭(마을버스),5000,0,5000,2022년도 전기자동차 안성시 모델별 보조금,2022,안성시
승합(중형),우진산전,아폴로750,4780,0,4780,2022년도 전기자동차 안성시 모델별 보조금,2022,안성시
승합(중형),우진산전,아폴로750(15인승),5000,0,5000,2022년도 전기자동차 안성시 모델별 보조금,2022,안성시
승합(중형),우진산전,아폴로750전기버스,5000,0,5000,2022년도 전기자동차 안성시 모델별 보조금,2022,안성시
승합(중형),이비온,E6,2539,0,2539,2022년도 전기자동차 안성시 모델별 보조금,2022,안성시
승합(중형),이비온,"E6(JL618S), 어린이통학",3570,0,3570,2022년도 전기자동차 안성시 모델별 보조금,2022,안성시
승합(중형),GS글로벌,NEW BYD eBus-7,4357,0,4357,2022년도 전기자동차 안성시 모델별 보조금,2022,안성시
승합(중형),한신자동차,바네스,2821,0,2821,2022년도 전기자동차 안성시 모델별 보조금,2022,안성시
승합(중형),비바모빌리티,VBUS60,3789,0,3789,2022년도 전기자동차 안성시 모델별 보조금,2022,안성시
승합(중형),비바모빌리티,브이버스60i(어린이운송용),3791,0,3791,2022년도 전기자동차 안성시 모델별 보조금,2022,안성시
승합(중형),케이지모빌리티커머셜,SMART 8.7,5000,0,5000,2022년도 전기자동차 안성시 모델별 보조금,2022,안성시
승합(중형),한차,GREENWAY720,5000,0,5000,2022년도 전기자동차 안성시 모델별 보조금,2022,안성시
승합(대형),현대자동차,일렉시티 굴절버스,14693,0,14693,2022년도 전기자동차 안성시 모델별 보조금,2022,안성시
승합(대형),현대자동차,일렉시티 이층버스,12501,0,12501,2022년도 전기자동차 안성시 모델별 보조금,2022,안성시
승합(대형),현대자동차,일렉시티(3PACK),7000,4200,11200,2022년도 전기자동차 안성시 모델별 보조금,2022,안성시
승합(대형),현대자동차,일렉시티(4PACK V1),7000,4200,11200,2022년도 전기자동차 안성시 모델별 보조금,2022,안성시
승합(대형),케이지모빌리티커머셜,이-스마트(57인승),5522,0,5522,2022년도 전기자동차 안성시 모델별 보조금,2022,안성시
승합(대형),케이지모빌리티커머셜,이-스마트(51인승),5510,0,5510,2022년도 전기자동차 안성시 모델별 보조금,2022,안성시
승합(대형),케이지모빌리티커머셜,SMART 9.3,7000,0,7000,2022년도 전기자동차 안성시 모델별 보조금,2022,안성시
승합(대형),케이지모빌리티커머셜,SMART 110(272kWh),7000,0,7000,2022년도 전기자동차 안성시 모델별 보조금,2022,안성시
승합(대형),케이지모빌리티커머셜,SMART 110E(347kWh),7000,0,7000,2022년도 전기자동차 안성시 모델별 보조금,2022,안성시
승합(대형),케이지모빌리티커머셜,SMART 110(260kWh),7000,0,7000,2022년도 전기자동차 안성시 모델별 보조금,2022,안성시
승합(대형),우진산전,아폴로1100(258kWh),6746,0,6746,2022년도 전기자동차 안성시 모델별 보조금,2022,안성시
승합(대형),우진산전,아폴로1100(11CTLP),6133,0,6133,2022년도 전기자동차 안성시 모델별 보조금,2022,안성시
승합(대형),북경모터스,그린타운(850),4265,0,4265,2022년도 전기자동차 안성시 모델별 보조금,2022,안성시
승합(대형),북경모터스,그린타운플러스,6550,0,6550,2022년도 전기자동차 안성시 모델별 보조금,2022,안성시
승합(대형),GS글로벌,eBus-12(K9DC),7000,0,7000,2022년도 전기자동차 안성시 모델별 보조금,2022,안성시
승합(대형),GS글로벌,NEW BYD eBus-12,7000,0,7000,2022년도 전기자동차 안성시 모델별 보조금,2022,안성시
승합(대형),이온모터스,시티라이트Ⅱ,7000,0,7000,2022년도 전기자동차 안성시 모델별 보조금,2022,안성시
승합(대형),이엠코리아,에픽시티(LFP),7000,0,7000,2022년도 전기자동차 안성시 모델별 보조금,2022,안성시
승합(중형),현대자동차,카운티 일렉트릭(어린이운송용 30인승),4383,2628,7011,2022년도 전기자동차 김포시 모델별 보조금,2022,김포시
승합(중형),현대자동차,(단종)카운티 일렉트릭(어린이운송용 33인승 V2),4391,2634,7025,2022년도 전기자동차 김포시 모델별 보조금,2022,김포시
승합(중형),현대자동차,카운티 일렉트릭(어린이운송용 33인승),4391,2634,7025,2022년도 전기자동차 김포시 모델별 보조금,2022,김포시
승합(중형),현대자동차,카운티 일렉트릭,4391,2634,7025,2022년도 전기자동차 김포시 모델별 보조금,2022,김포시
승합(중형),현대자동차,카운티 일렉트릭(마을버스),5000,3000,8000,2022년도 전기자동차 김포시 모델별 보조금,2022,김포시
승합(중형),우진산전,아폴로750,4780,2868,7648,2022년도 전기자동차 김포시 모델별 보조금,2022,김포시
승합(중형),우진산전,아폴로750(15인승),5000,3000,8000,2022년도 전기자동차 김포시 모델별 보조금,2022,김포시
승합(중형),우진산전,아폴로750전기버스,5000,3000,8000,2022년도 전기자동차 김포시 모델별 보조금,2022,김포시
승합(중형),이비온,E6,2539,1522,4061,2022년도 전기자동차 김포시 모델별 보조금,2022,김포시
승합(중형),이비온,"E6(JL618S), 어린이통학",3570,2142,5712,2022년도 전기자동차 김포시 모델별 보조금,2022,김포시
승합(중형),GS글로벌,NEW BYD eBus-7,4357,2614,6971,2022년도 전기자동차 김포시 모델별 보조금,2022,김포시
승합(중형),한신자동차,바네스,2821,1692,4513,2022년도 전기자동차 김포시 모델별 보조금,2022,김포시
승합(중형),비바모빌리티,VBUS60,3789,2272,6061,2022년도 전기자동차 김포시 모델별 보조금,2022,김포시
승합(중형),비바모빌리티,브이버스60i(어린이운송용),3791,2274,6065,2022년도 전기자동차 김포시 모델별 보조금,2022,김포시
승합(중형),케이지모빌리티커머셜,SMART 8.7,5000,3000,8000,2022년도 전기자동차 김포시 모델별 보조금,2022,김포시
승합(중형),한차,GREENWAY720,5000,3000,8000,2022년도 전기자동차 김포시 모델별 보조금,2022,김포시
승합(대형),현대자동차,일렉시티 굴절버스,14693,8814,23507,2022년도 전기자동차 김포시 모델별 보조금,2022,김포시
승합(대형),현대자동차,일렉시티 이층버스,12501,7500,20001,2022년도 전기자동차 김포시 모델별 보조금,2022,김포시
승합(대형),현대자동차,일렉시티(3PACK),7000,4200,11200,2022년도 전기자동차 김포시 모델별 보조금,2022,김포시
승합(대형),현대자동차,일렉시티(4PACK V1),7000,4200,11200,2022년도 전기자동차 김포시 모델별 보조금,2022,김포시
승합(대형),현대자동차,일렉시티 타운,7000,4200,11200,2022년도 전기자동차 김포시 모델별 보조금,2022,김포시
승합(대형),케이지모빌리티커머셜,이-스마트(57인승),5522,3312,8834,2022년도 전기자동차 김포시 모델별 보조금,2022,김포시
승합(대형),케이지모빌리티커머셜,이-스마트(51인승),5510,3306,8816,2022년도 전기자동차 김포시 모델별 보조금,2022,김포시
승합(대형),케이지모빌리티커머셜,SMART 9.3,7000,4200,11200,2022년도 전기자동차 김포시 모델별 보조금,2022,김포시
승합(대형),케이지모빌리티커머셜,SMART 110(272kWh),7000,4200,11200,2022년도 전기자동차 김포시 모델별 보조금,2022,김포시
승합(대형),케이지모빌리티커머셜,SMART 110E(347kWh),7000,4200,11200,2022년도 전기자동차 김포시 모델별 보조금,2022,김포시
승합(대형),케이지모빌리티커머셜,SMART 110(260kWh),7000,4200,11200,2022년도 전기자동차 김포시 모델별 보조금,2022,김포시
승합(대형),케이지모빌리티커머셜,SMART 110E(260kWh),7000,4200,11200,2022년도 전기자동차 김포시 모델별 보조금,2022,김포시
승합(대형),우진산전,아폴로1100,6396,3836,10232,2022년도 전기자동차 김포시 모델별 보조금,2022,김포시
승합(대형),우진산전,아폴로1100(258kWh),6746,4046,10792,2022년도 전기자동차 김포시 모델별 보조금,2022,김포시
승합(대형),우진산전,아폴로1100(11CTLP),6133,3678,9811,2022년도 전기자동차 김포시 모델별 보조금,2022,김포시
승합(대형),우진산전,아폴로900전기버스,4658,2794,7452,2022년도 전기자동차 김포시 모델별 보조금,2022,김포시
승합(대형),우진산전,아폴로1100전기버스 22MY,7000,4200,11200,2022년도 전기자동차 김포시 모델별 보조금,2022,김포시
승합(대형),피라인모터스,HYPERS(신형),5917,3550,9467,2022년도 전기자동차 김포시 모델별 보조금,2022,김포시
승합(대형),피라인모터스,HYPERS(H),5778,3466,9244,2022년도 전기자동차 김포시 모델별 보조금,2022,김포시
승합(대형),피라인모터스,HYPERS(11L),5021,3012,8033,2022년도 전기자동차 김포시 모델별 보조금,2022,김포시
승합(대형),피라인모터스,HYPERS1611,6021,3612,9633,2022년도 전기자동차 김포시 모델별 보조금,2022,김포시
승합(대형),피라인모터스,HYPERS1609,6068,3640,9708,2022년도 전기자동차 김포시 모델별 보조금,2022,김포시
승합(대형),피라인모터스,HYPERS1612,5795,3476,9271,2022년도 전기자동차 김포시 모델별 보조금,2022,김포시
승합(대형),피라인모터스,HYPERS1609H,6610,3966,10576,2022년도 전기자동차 김포시 모델별 보조금,2022,김포시
승합(대형),피라인모터스,HYPERS1612N,7000,4200,11200,2022년도 전기자동차 김포시 모델별 보조금,2022,김포시
승합(대형),피라인모터스,HYPERS1609N,7000,4200,11200,2022년도 전기자동차 김포시 모델별 보조금,2022,김포시
승합(대형),비바모빌리티,(단종)브이버스90N,6430,3858,10288,2022년도 전기자동차 김포시 모델별 보조금,2022,김포시
승합(대형),비바모빌리티,(단종)브이버스120,7000,4200,11200,2022년도 전기자동차 김포시 모델별 보조금,2022,김포시
승합(대형),비바모빌리티,(단종)브이버스110-B,6839,4102,10941,2022년도 전기자동차 김포시 모델별 보조금,2022,김포시
승합(대형),북경모터스,그린타운(850),4265,2558,6823,2022년도 전기자동차 김포시 모델별 보조금,2022,김포시
승합(대형),북경모터스,그린타운플러스,6550,3662,10212,2022년도 전기자동차 김포시 모델별 보조금,2022,김포시
승합(대형),범한자동차,E-SKY11(350kWh),7000,4200,11200,2022년도 전기자동차 김포시 모델별 보조금,2022,김포시
승합(대형),범한자동차,E-SKY9(281kWh),7000,4200,11200,2022년도 전기자동차 김포시 모델별 보조금,2022,김포시
승합(대형),범한자동차,E-STAR8 V1,6454,3872,10326,2022년도 전기자동차 김포시 모델별 보조금,2022,김포시
승합(대형),범한자동차,E-STAR11,7000,4200,11200,2022년도 전기자동차 김포시 모델별 보조금,2022,김포시
승합(대형),에스에이피,아이즘(IZM),7000,4200,11200,2022년도 전기자동차 김포시 모델별 보조금,2022,김포시
승합(대형),에스에이피,엘페(ELFE),7000,4200,11200,2022년도 전기자동차 김포시 모델별 보조금,2022,김포시
승합(대형),에스에이피,리오네(LIONNE),7000,4200,11200,2022년도 전기자동차 김포시 모델별 보조금,2022,김포시
승합(대형),GS글로벌,eBus-12(K9DC),7000,4200,11200,2022년도 전기자동차 김포시 모델별 보조금,2022,김포시
승합(대형),GS글로벌,NEW BYD eBus-12,7000,4200,11200,2022년도 전기자동차 김포시 모델별 보조금,2022,김포시
승합(대형),티에스에코에너지,일레누스,7000,4200,11200,2022년도 전기자동차 김포시 모델별 보조금,2022,김포시
승합(대형),티에스에코에너지,일레누스(TS900),6251,3750,10001,2022년도 전기자동차 김포시 모델별 보조금,2022,김포시
승합(대형),이온모터스,시티라이트,5815,3518,9333,2022년도 전기자동차 김포시 모델별 보조금,2022,김포시
승합(대형),이온모터스,시티라이트Ⅱ,7000,4200,11200,2022년도 전기자동차 김포시 모델별 보조금,2022,김포시
승합(대형),이온모터스,시티라이트9,7000,4200,11200,2022년도 전기자동차 김포시 모델별 보조금,2022,김포시
승합(대형),한차,GREENWAY1100,6388,3832,10220,2022년도 전기자동차 김포시 모델별 보조금,2022,김포시
승합(대형),한차,GREENWAY1100A,7000,4200,11200,2022년도 전기자동차 김포시 모델별 보조금,2022,김포시
승합(대형),이엠코리아,에픽시티(LFP),7000,4200,11200,2022년도 전기자동차 김포시 모델별 보조금,2022,김포시
승합(대형),태영티엔티,GD11,5749,3448,9197,2022년도 전기자동차 김포시 모델별 보조금,2022,김포시
승합(대형),재일홀딩스,그린타운400,6418,3850,10268,2022년도 전기자동차 김포시 모델별 보조금,2022,김포시
승합(중형),현대자동차,카운티 일렉트릭(어린이운송용 30인승),4383,2630.0,7013.0,2022년도 전기자동차 화성시 모델별 보조금,2022,화성시
승합(중형),현대자동차,(단종)카운티 일렉트릭(어린이운송용 33인승 V2),4391,2634.0,7025.0,2022년도 전기자동차 화성시 모델별 보조금,2022,화성시
승합(중형),현대자동차,카운티 일렉트릭(어린이운송용 33인승),4391,2634.0,7025.0,2022년도 전기자동차 화성시 모델별 보조금,2022,화성시
승합(중형),현대자동차,카운티 일렉트릭,4391,2634.0,7025.0,2022년도 전기자동차 화성시 모델별 보조금,2022,화성시
승합(중형),현대자동차,카운티 일렉트릭(마을버스),5000,3000.0,8000.0,2022년도 전기자동차 화성시 모델별 보조금,2022,화성시
승합(중형),우진산전,아폴로750,4780,2868.0,7648.0,2022년도 전기자동차 화성시 모델별 보조금,2022,화성시
승합(중형),우진산전,아폴로750(15인승),5000,3000.0,8000.0,2022년도 전기자동차 화성시 모델별 보조금,2022,화성시
승합(중형),우진산전,아폴로750전기버스,5000,3000.0,8000.0,2022년도 전기자동차 화성시 모델별 보조금,2022,화성시
승합(중형),이비온,E6,2539,1522.0,4061.0,2022년도 전기자동차 화성시 모델별 보조금,2022,화성시
승합(중형),이비온,"E6(JL618S), 어린이통학",3570,2142.0,5712.0,2022년도 전기자동차 화성시 모델별 보조금,2022,화성시
승합(중형),GS글로벌,NEW BYD eBus-7,4357,2614.0,6971.0,2022년도 전기자동차 화성시 모델별 보조금,2022,화성시
승합(중형),한신자동차,바네스,2821,1692.0,4513.0,2022년도 전기자동차 화성시 모델별 보조금,2022,화성시
승합(중형),비바모빌리티,VBUS60,3789,2273.4,6062.4,2022년도 전기자동차 화성시 모델별 보조금,2022,화성시
승합(중형),비바모빌리티,브이버스60i(어린이운송용),3791,2274.0,6065.0,2022년도 전기자동차 화성시 모델별 보조금,2022,화성시
승합(중형),케이지모빌리티커머셜,SMART 8.7,5000,3000.0,8000.0,2022년도 전기자동차 화성시 모델별 보조금,2022,화성시
승합(중형),한차,GREENWAY720,5000,3000.0,8000.0,2022년도 전기자동차 화성시 모델별 보조금,2022,화성시
승합(대형),현대자동차,일렉시티 굴절버스,14693,8814.0,23507.0,2022년도 전기자동차 화성시 모델별 보조금,2022,화성시
승합(대형),현대자동차,일렉시티 이층버스,12501,7500.0,20001.0,2022년도 전기자동차 화성시 모델별 보조금,2022,화성시
승합(대형),현대자동차,일렉시티(3PACK),7000,4200.0,11200.0,2022년도 전기자동차 화성시 모델별 보조금,2022,화성시
승합(대형),현대자동차,일렉시티(4PACK V1),7000,4200.0,11200.0,2022년도 전기자동차 화성시 모델별 보조금,2022,화성시
승합(대형),케이지모빌리티커머셜,이-스마트(57인승),5522,0.0,5522.0,2022년도 전기자동차 화성시 모델별 보조금,2022,화성시
승합(대형),케이지모빌리티커머셜,이-스마트(51인승),5510,0.0,5510.0,2022년도 전기자동차 화성시 모델별 보조금,2022,화성시
승합(대형),케이지모빌리티커머셜,SMART 9.3,7000,0.0,7000.0,2022년도 전기자동차 화성시 모델별 보조금,2022,화성시
승합(대형),케이지모빌리티커머셜,SMART 110(272kWh),7000,0.0,7000.0,2022년도 전기자동차 화성시 모델별 보조금,2022,화성시
승합(대형),케이지모빌리티커머셜,SMART 110E(347kWh),7000,0.0,7000.0,2022년도 전기자동차 화성시 모델별 보조금,2022,화성시
승합(대형),케이지모빌리티커머셜,SMART 110(260kWh),7000,0.0,7000.0,2022년도 전기자동차 화성시 모델별 보조금,2022,화성시
승합(대형),케이지모빌리티커머셜,SMART 110E(260kWh),7000,0.0,7000.0,2022년도 전기자동차 화성시 모델별 보조금,2022,화성시
승합(대형),우진산전,아폴로1100,6396,0.0,6396.0,2022년도 전기자동차 화성시 모델별 보조금,2022,화성시
승합(대형),우진산전,아폴로1100(258kWh),6746,4048.0,10794.0,2022년도 전기자동차 화성시 모델별 보조금,2022,화성시
승합(대형),우진산전,아폴로1100(11CTLP),6133,3680.0,9813.0,2022년도 전기자동차 화성시 모델별 보조금,2022,화성시
승합(대형),우진산전,아폴로900전기버스,4658,0.0,4658.0,2022년도 전기자동차 화성시 모델별 보조금,2022,화성시
승합(대형),우진산전,아폴로1100전기버스 22MY,7000,0.0,7000.0,2022년도 전기자동차 화성시 모델별 보조금,2022,화성시
승합(대형),피라인모터스,HYPERS(신형),5917,0.0,5917.0,2022년도 전기자동차 화성시 모델별 보조금,2022,화성시
승합(대형),피라인모터스,HYPERS(H),5778,0.0,5778.0,2022년도 전기자동차 화성시 모델별 보조금,2022,화성시
승합(대형),피라인모터스,HYPERS(11L),5021,0.0,5021.0,2022년도 전기자동차 화성시 모델별 보조금,2022,화성시
승합(대형),피라인모터스,HYPERS1611,6021,0.0,6021.0,2022년도 전기자동차 화성시 모델별 보조금,2022,화성시
승합(대형),피라인모터스,HYPERS1609,6068,3640.0,9708.0,2022년도 전기자동차 화성시 모델별 보조금,2022,화성시
승합(대형),피라인모터스,HYPERS1612,5795,0.0,5795.0,2022년도 전기자동차 화성시 모델별 보조금,2022,화성시
승합(대형),피라인모터스,HYPERS1609H,6610,0.0,6610.0,2022년도 전기자동차 화성시 모델별 보조금,2022,화성시
승합(대형),비바모빌리티,(단종)브이버스90N,6430,3858.0,10288.0,2022년도 전기자동차 화성시 모델별 보조금,2022,화성시
승합(대형),비바모빌리티,(단종)브이버스110-B,6839,0.0,6839.0,2022년도 전기자동차 화성시 모델별 보조금,2022,화성시
승합(대형),북경모터스,그린타운(850),4265,2344.0,6609.0,2022년도 전기자동차 화성시 모델별 보조금,2022,화성시
승합(대형),북경모터스,그린타운플러스,6550,3662.0,10212.0,2022년도 전기자동차 화성시 모델별 보조금,2022,화성시
승합(대형),범한자동차,E-SKY11(350kWh),7000,0.0,7000.0,2022년도 전기자동차 화성시 모델별 보조금,2022,화성시
승합(대형),범한자동차,E-SKY9(281kWh),7000,0.0,7000.0,2022년도 전기자동차 화성시 모델별 보조금,2022,화성시
승합(대형),범한자동차,E-STAR8 V1,6454,0.0,6454.0,2022년도 전기자동차 화성시 모델별 보조금,2022,화성시
승합(대형),범한자동차,E-STAR11,7000,0.0,7000.0,2022년도 전기자동차 화성시 모델별 보조금,2022,화성시
승합(대형),에스에이피,아이즘(IZM),7000,0.0,7000.0,2022년도 전기자동차 화성시 모델별 보조금,2022,화성시
승합(대형),에스에이피,엘페(ELFE),7000,0.0,7000.0,2022년도 전기자동차 화성시 모델별 보조금,2022,화성시
승합(대형),에스에이피,리오네(LIONNE),7000,0.0,7000.0,2022년도 전기자동차 화성시 모델별 보조금,2022,화성시
승합(대형),GS글로벌,eBus-12(K9DC),7000,4200.0,11200.0,2022년도 전기자동차 화성시 모델별 보조금,2022,화성시
승합(대형),GS글로벌,NEW BYD eBus-12,7000,4200.0,11200.0,2022년도 전기자동차 화성시 모델별 보조금,2022,화성시
승합(대형),티에스에코에너지,일레누스,7000,0.0,7000.0,2022년도 전기자동차 화성시 모델별 보조금,2022,화성시
승합(대형),티에스에코에너지,일레누스(TS900),6251,0.0,6251.0,2022년도 전기자동차 화성시 모델별 보조금,2022,화성시
승합(대형),이온모터스,시티라이트Ⅱ,7000,4200.0,11200.0,2022년도 전기자동차 화성시 모델별 보조금,2022,화성시
승합(대형),이온모터스,시티라이트9,7000,0.0,7000.0,2022년도 전기자동차 화성시 모델별 보조금,2022,화성시
승합(대형),한차,GREENWAY1100,6388,0.0,6388.0,2022년도 전기자동차 화성시 모델별 보조금,2022,화성시
승합(대형),이엠코리아,에픽시티(LFP),7000,4200.0,11200.0,2022년도 전기자동차 화성시 모델별 보조금,2022,화성시
승합(대형),태영티엔티,GD11,5749,0.0,5749.0,2022년도 전기자동차 화성시 모델별 보조금,2022,화성시
승합(대형),재일홀딩스,그린타운400,6418,0.0,6418.0,2022년도 전기자동차 화성시 모델별 보조금,2022,화성시
승합(중형),현대자동차,카운티 일렉트릭(어린이운송용 30인승),4383,2630,7013,2022년도 전기자동차 광주시 모델별 보조금,2022,광주시
승합(중형),현대자동차,(단종)카운티 일렉트릭(어린이운송용 33인승 V2),4391,2634,7025,2022년도 전기자동차 광주시 모델별 보조금,2022,광주시
승합(중형),현대자동차,카운티 일렉트릭(어린이운송용 33인승),4391,2634,7025,2022년도 전기자동차 광주시 모델별 보조금,2022,광주시
승합(중형),현대자동차,카운티 일렉트릭,4391,2634,7025,2022년도 전기자동차 광주시 모델별 보조금,2022,광주시
승합(중형),현대자동차,카운티 일렉트릭(마을버스),5000,3000,8000,2022년도 전기자동차 광주시 모델별 보조금,2022,광주시
승합(중형),우진산전,아폴로750,4780,2868,7648,2022년도 전기자동차 광주시 모델별 보조금,2022,광주시
승합(중형),우진산전,아폴로750(15인승),5000,3000,8000,2022년도 전기자동차 광주시 모델별 보조금,2022,광주시
승합(중형),우진산전,아폴로750전기버스,5000,3000,8000,2022년도 전기자동차 광주시 모델별 보조금,2022,광주시
승합(중형),이비온,E6,2539,1522,4061,2022년도 전기자동차 광주시 모델별 보조금,2022,광주시
승합(중형),이비온,"E6(JL618S), 어린이통학",3570,2142,5712,2022년도 전기자동차 광주시 모델별 보조금,2022,광주시
승합(중형),GS글로벌,NEW BYD eBus-7,4357,2614,6971,2022년도 전기자동차 광주시 모델별 보조금,2022,광주시
승합(중형),한신자동차,바네스,2821,1692,4513,2022년도 전기자동차 광주시 모델별 보조금,2022,광주시
승합(중형),비바모빌리티,VBUS60,3789,2272,6061,2022년도 전기자동차 광주시 모델별 보조금,2022,광주시
승합(중형),비바모빌리티,브이버스60i(어린이운송용),3791,2274,6065,2022년도 전기자동차 광주시 모델별 보조금,2022,광주시
승합(중형),케이지모빌리티커머셜,SMART 8.7,5000,3000,8000,2022년도 전기자동차 광주시 모델별 보조금,2022,광주시
승합(중형),한차,GREENWAY720,5000,3000,8000,2022년도 전기자동차 광주시 모델별 보조금,2022,광주시
승합(대형),현대자동차,일렉시티 굴절버스,14693,8816,23509,2022년도 전기자동차 광주시 모델별 보조금,2022,광주시
승합(대형),현대자동차,일렉시티 이층버스,12501,7500,20001,2022년도 전기자동차 광주시 모델별 보조금,2022,광주시
승합(대형),현대자동차,일렉시티(3PACK),7000,4200,11200,2022년도 전기자동차 광주시 모델별 보조금,2022,광주시
승합(대형),현대자동차,일렉시티(4PACK V1),7000,4200,11200,2022년도 전기자동차 광주시 모델별 보조금,2022,광주시
승합(대형),현대자동차,일렉시티 타운,7000,4200,11200,2022년도 전기자동차 광주시 모델별 보조금,2022,광주시
승합(대형),케이지모빌리티커머셜,이-스마트(57인승),5522,3314,8836,2022년도 전기자동차 광주시 모델별 보조금,2022,광주시
승합(대형),케이지모빌리티커머셜,이-스마트(51인승),5510,3306,8816,2022년도 전기자동차 광주시 모델별 보조금,2022,광주시
승합(대형),케이지모빌리티커머셜,SMART 9.3,7000,4200,11200,2022년도 전기자동차 광주시 모델별 보조금,2022,광주시
승합(대형),케이지모빌리티커머셜,SMART 110(272kWh),7000,4200,11200,2022년도 전기자동차 광주시 모델별 보조금,2022,광주시
승합(대형),케이지모빌리티커머셜,SMART 110E(347kWh),7000,4200,11200,2022년도 전기자동차 광주시 모델별 보조금,2022,광주시
승합(대형),케이지모빌리티커머셜,SMART 110(260kWh),7000,4200,11200,2022년도 전기자동차 광주시 모델별 보조금,2022,광주시
승합(대형),케이지모빌리티커머셜,SMART 110E(260kWh),7000,4200,11200,2022년도 전기자동차 광주시 모델별 보조금,2022,광주시
승합(대형),우진산전,아폴로1100,6396,3838,10234,2022년도 전기자동차 광주시 모델별 보조금,2022,광주시
승합(대형),우진산전,아폴로1100(258kWh),6746,4048,10794,2022년도 전기자동차 광주시 모델별 보조금,2022,광주시
승합(대형),우진산전,아폴로1100(11CTLP),6133,3680,9813,2022년도 전기자동차 광주시 모델별 보조금,2022,광주시
승합(대형),우진산전,아폴로900전기버스,4658,2794,7452,2022년도 전기자동차 광주시 모델별 보조금,2022,광주시
승합(대형),우진산전,아폴로1100전기버스 22MY,7000,4200,11200,2022년도 전기자동차 광주시 모델별 보조금,2022,광주시
승합(대형),피라인모터스,HYPERS(신형),5917,3550,9467,2022년도 전기자동차 광주시 모델별 보조금,2022,광주시
승합(대형),피라인모터스,HYPERS(H),5778,6934,12712,2022년도 전기자동차 광주시 모델별 보조금,2022,광주시
승합(대형),피라인모터스,HYPERS(11L),5021,3012,8033,2022년도 전기자동차 광주시 모델별 보조금,2022,광주시
승합(대형),피라인모터스,HYPERS1611,6021,3612,9633,2022년도 전기자동차 광주시 모델별 보조금,2022,광주시
승합(대형),피라인모터스,HYPERS1609,6068,3640,9708,2022년도 전기자동차 광주시 모델별 보조금,2022,광주시
승합(대형),피라인모터스,HYPERS1612,5795,3478,9273,2022년도 전기자동차 광주시 모델별 보조금,2022,광주시
승합(대형),피라인모터스,HYPERS1609H,6610,3966,10576,2022년도 전기자동차 광주시 모델별 보조금,2022,광주시
승합(대형),피라인모터스,HYPERS1612N,7000,4200,11200,2022년도 전기자동차 광주시 모델별 보조금,2022,광주시
승합(대형),피라인모터스,HYPERS1609N,7000,4200,11200,2022년도 전기자동차 광주시 모델별 보조금,2022,광주시
승합(대형),피라인모터스,HYPERS1611N,6660,3996,10656,2022년도 전기자동차 광주시 모델별 보조금,2022,광주시
승합(대형),비바모빌리티,(단종)브이버스90N,6430,3858,10288,2022년도 전기자동차 광주시 모델별 보조금,2022,광주시
승합(대형),비바모빌리티,(단종)브이버스120,7000,4200,11200,2022년도 전기자동차 광주시 모델별 보조금,2022,광주시
승합(대형),비바모빌리티,(단종)브이버스110-B,6839,4104,10943,2022년도 전기자동차 광주시 모델별 보조금,2022,광주시
승합(대형),북경모터스,그린타운(850),4265,2560,6825,2022년도 전기자동차 광주시 모델별 보조금,2022,광주시
승합(대형),북경모터스,그린타운플러스,6550,3930,10480,2022년도 전기자동차 광주시 모델별 보조금,2022,광주시
승합(대형),범한자동차,E-SKY11(350kWh),7000,4200,11200,2022년도 전기자동차 광주시 모델별 보조금,2022,광주시
승합(대형),범한자동차,E-SKY9(281kWh),7000,4200,11200,2022년도 전기자동차 광주시 모델별 보조금,2022,광주시
승합(대형),범한자동차,E-STAR8 V1,6454,3872,10326,2022년도 전기자동차 광주시 모델별 보조금,2022,광주시
승합(대형),범한자동차,E-STAR11,7000,4200,11200,2022년도 전기자동차 광주시 모델별 보조금,2022,광주시
승합(대형),에스에이피,아이즘(IZM),7000,4200,11200,2022년도 전기자동차 광주시 모델별 보조금,2022,광주시
승합(대형),에스에이피,엘페(ELFE),7000,4200,11200,2022년도 전기자동차 광주시 모델별 보조금,2022,광주시
승합(대형),에스에이피,리오네(LIONNE),7000,4200,11200,2022년도 전기자동차 광주시 모델별 보조금,2022,광주시
승합(대형),GS글로벌,eBus-12(K9DC),7000,4200,11200,2022년도 전기자동차 광주시 모델별 보조금,2022,광주시
승합(대형),GS글로벌,NEW BYD eBus-12,7000,4200,11200,2022년도 전기자동차 광주시 모델별 보조금,2022,광주시
승합(대형),티에스에코에너지,일레누스,7000,4200,11200,2022년도 전기자동차 광주시 모델별 보조금,2022,광주시
승합(대형),티에스에코에너지,일레누스(TS900),6251,3750,10001,2022년도 전기자동차 광주시 모델별 보조금,2022,광주시
승합(대형),이온모터스,시티라이트,5815,3490,9305,2022년도 전기자동차 광주시 모델별 보조금,2022,광주시
승합(대형),이온모터스,시티라이트Ⅱ,7000,4200,11200,2022년도 전기자동차 광주시 모델별 보조금,2022,광주시
승합(대형),이온모터스,시티라이트9,7000,4200,11200,2022년도 전기자동차 광주시 모델별 보조금,2022,광주시
승합(대형),한차,GREENWAY1100,6388,3832,10220,2022년도 전기자동차 광주시 모델별 보조금,2022,광주시
승합(대형),한차,GREENWAY1100A,7000,4200,11200,2022년도 전기자동차 광주시 모델별 보조금,2022,광주시
승합(대형),이엠코리아,에픽시티(LFP),7000,4200,11200,2022년도 전기자동차 광주시 모델별 보조금,2022,광주시
승합(대형),태영티엔티,GD11,5749,3450,9199,2022년도 전기자동차 광주시 모델별 보조금,2022,광주시
승합(대형),재일홀딩스,그린타운400,6418,3850,10268,2022년도 전기자동차 광주시 모델별 보조금,2022,광주시
승합(중형),현대자동차,카운티 일렉트릭(어린이운송용 30인승),4383,2630,7013,2022년도 전기자동차 양주시 모델별 보조금,2022,양주시
승합(중형),현대자동차,(단종)카운티 일렉트릭(어린이운송용 33인승 V2),4391,2634,7025,2022년도 전기자동차 양주시 모델별 보조금,2022,양주시
승합(중형),현대자동차,카운티 일렉트릭(어린이운송용 33인승),4391,2634,7025,2022년도 전기자동차 양주시 모델별 보조금,2022,양주시
승합(중형),현대자동차,카운티 일렉트릭,4391,2634,7025,2022년도 전기자동차 양주시 모델별 보조금,2022,양주시
승합(중형),현대자동차,카운티 일렉트릭(마을버스),5000,3000,8000,2022년도 전기자동차 양주시 모델별 보조금,2022,양주시
승합(중형),우진산전,아폴로750,4780,2868,7648,2022년도 전기자동차 양주시 모델별 보조금,2022,양주시
승합(중형),우진산전,아폴로750(15인승),5000,3000,8000,2022년도 전기자동차 양주시 모델별 보조금,2022,양주시
승합(중형),우진산전,아폴로750전기버스,5000,3000,8000,2022년도 전기자동차 양주시 모델별 보조금,2022,양주시
승합(중형),이비온,E6,2539,1524,4063,2022년도 전기자동차 양주시 모델별 보조금,2022,양주시
승합(중형),이비온,"E6(JL618S), 어린이통학",3570,2142,5712,2022년도 전기자동차 양주시 모델별 보조금,2022,양주시
승합(중형),GS글로벌,NEW BYD eBus-7,4357,2614,6971,2022년도 전기자동차 양주시 모델별 보조금,2022,양주시
승합(중형),한신자동차,바네스,2821,1692,4513,2022년도 전기자동차 양주시 모델별 보조금,2022,양주시
승합(중형),비바모빌리티,VBUS60,3789,2274,6063,2022년도 전기자동차 양주시 모델별 보조금,2022,양주시
승합(중형),비바모빌리티,브이버스60i(어린이운송용),3791,2274,6065,2022년도 전기자동차 양주시 모델별 보조금,2022,양주시
승합(중형),케이지모빌리티커머셜,SMART 8.7,5000,3000,8000,2022년도 전기자동차 양주시 모델별 보조금,2022,양주시
승합(중형),한차,GREENWAY720,5000,3000,8000,2022년도 전기자동차 양주시 모델별 보조금,2022,양주시
승합(대형),현대자동차,일렉시티 굴절버스,14693,0,14693,2022년도 전기자동차 양주시 모델별 보조금,2022,양주시
승합(대형),현대자동차,일렉시티 이층버스,12501,0,12501,2022년도 전기자동차 양주시 모델별 보조금,2022,양주시
승합(대형),현대자동차,일렉시티(3PACK),7000,4200,11200,2022년도 전기자동차 양주시 모델별 보조금,2022,양주시
승합(대형),현대자동차,일렉시티(4PACK V1),7000,4200,11200,2022년도 전기자동차 양주시 모델별 보조금,2022,양주시
승합(대형),현대자동차,일렉시티 타운,7000,4200,11200,2022년도 전기자동차 양주시 모델별 보조금,2022,양주시
승합(대형),케이지모빌리티커머셜,이-스마트(57인승),5522,3313,8835,2022년도 전기자동차 양주시 모델별 보조금,2022,양주시
승합(대형),케이지모빌리티커머셜,이-스마트(51인승),5510,3306,8816,2022년도 전기자동차 양주시 모델별 보조금,2022,양주시
승합(대형),케이지모빌리티커머셜,SMART 9.3,7000,4200,11200,2022년도 전기자동차 양주시 모델별 보조금,2022,양주시
승합(대형),케이지모빌리티커머셜,SMART 110(272kWh),7000,4200,11200,2022년도 전기자동차 양주시 모델별 보조금,2022,양주시
승합(대형),케이지모빌리티커머셜,SMART 110E(347kWh),7000,4200,11200,2022년도 전기자동차 양주시 모델별 보조금,2022,양주시
승합(대형),케이지모빌리티커머셜,SMART 110(260kWh),7000,4200,11200,2022년도 전기자동차 양주시 모델별 보조금,2022,양주시
승합(대형),케이지모빌리티커머셜,SMART 110E(260kWh),7000,4200,11200,2022년도 전기자동차 양주시 모델별 보조금,2022,양주시
승합(대형),우진산전,아폴로1100,6396,3838,10234,2022년도 전기자동차 양주시 모델별 보조금,2022,양주시
승합(대형),우진산전,아폴로1100(258kWh),6746,4048,10794,2022년도 전기자동차 양주시 모델별 보조금,2022,양주시
승합(대형),우진산전,아폴로1100(11CTLP),6133,3680,9813,2022년도 전기자동차 양주시 모델별 보조금,2022,양주시
승합(대형),우진산전,아폴로900전기버스,4658,2795,7453,2022년도 전기자동차 양주시 모델별 보조금,2022,양주시
승합(대형),우진산전,아폴로1100전기버스 22MY,7000,4200,11200,2022년도 전기자동차 양주시 모델별 보조금,2022,양주시
승합(대형),피라인모터스,HYPERS(신형),5917,3550,9467,2022년도 전기자동차 양주시 모델별 보조금,2022,양주시
승합(대형),피라인모터스,HYPERS(H),5778,3467,9245,2022년도 전기자동차 양주시 모델별 보조금,2022,양주시
승합(대형),피라인모터스,HYPERS(11L),5021,3013,8034,2022년도 전기자동차 양주시 모델별 보조금,2022,양주시
승합(대형),피라인모터스,HYPERS1611,6021,3613,9634,2022년도 전기자동차 양주시 모델별 보조금,2022,양주시
승합(대형),피라인모터스,HYPERS1609,6068,3641,9709,2022년도 전기자동차 양주시 모델별 보조금,2022,양주시
승합(대형),피라인모터스,HYPERS1612,5795,3477,9272,2022년도 전기자동차 양주시 모델별 보조금,2022,양주시
승합(대형),피라인모터스,HYPERS1609H,6610,3966,10576,2022년도 전기자동차 양주시 모델별 보조금,2022,양주시
승합(대형),피라인모터스,HYPERS1612N,7000,4200,11200,2022년도 전기자동차 양주시 모델별 보조금,2022,양주시
승합(대형),피라인모터스,HYPERS1609N,7000,4200,11200,2022년도 전기자동차 양주시 모델별 보조금,2022,양주시
승합(대형),비바모빌리티,(단종)브이버스90N,6430,3858,10288,2022년도 전기자동차 양주시 모델별 보조금,2022,양주시
승합(대형),비바모빌리티,(단종)브이버스120,7000,4200,11200,2022년도 전기자동차 양주시 모델별 보조금,2022,양주시
승합(대형),비바모빌리티,(단종)브이버스110-B,6839,4103,10942,2022년도 전기자동차 양주시 모델별 보조금,2022,양주시
승합(대형),북경모터스,그린타운(850),4265,0,4265,2022년도 전기자동차 양주시 모델별 보조금,2022,양주시
승합(대형),북경모터스,그린타운플러스,6550,0,6550,2022년도 전기자동차 양주시 모델별 보조금,2022,양주시
승합(대형),범한자동차,E-SKY11(350kWh),7000,4200,11200,2022년도 전기자동차 양주시 모델별 보조금,2022,양주시
승합(대형),범한자동차,E-SKY9(281kWh),7000,4200,11200,2022년도 전기자동차 양주시 모델별 보조금,2022,양주시
승합(대형),범한자동차,E-STAR8 V1,6454,3872,10326,2022년도 전기자동차 양주시 모델별 보조금,2022,양주시
승합(대형),범한자동차,E-STAR11,7000,4200,11200,2022년도 전기자동차 양주시 모델별 보조금,2022,양주시
승합(대형),에스에이피,아이즘(IZM),7000,4200,11200,2022년도 전기자동차 양주시 모델별 보조금,2022,양주시
승합(대형),에스에이피,엘페(ELFE),7000,4200,11200,2022년도 전기자동차 양주시 모델별 보조금,2022,양주시
승합(대형),에스에이피,리오네(LIONNE),7000,4200,11200,2022년도 전기자동차 양주시 모델별 보조금,2022,양주시
승합(대형),GS글로벌,eBus-12(K9DC),7000,4200,11200,2022년도 전기자동차 양주시 모델별 보조금,2022,양주시
승합(대형),GS글로벌,NEW BYD eBus-12,7000,4200,11200,2022년도 전기자동차 양주시 모델별 보조금,2022,양주시
승합(대형),티에스에코에너지,일레누스,7000,4200,11200,2022년도 전기자동차 양주시 모델별 보조금,2022,양주시
승합(대형),티에스에코에너지,일레누스(TS900),6251,3751,10002,2022년도 전기자동차 양주시 모델별 보조금,2022,양주시
승합(대형),이온모터스,시티라이트,5815,3489,9304,2022년도 전기자동차 양주시 모델별 보조금,2022,양주시
승합(대형),이온모터스,시티라이트Ⅱ,7000,4200,11200,2022년도 전기자동차 양주시 모델별 보조금,2022,양주시
승합(대형),이온모터스,시티라이트9,7000,4200,11200,2022년도 전기자동차 양주시 모델별 보조금,2022,양주시
승합(대형),한차,GREENWAY1100,6388,3833,10221,2022년도 전기자동차 양주시 모델별 보조금,2022,양주시
승합(대형),한차,GREENWAY1100A,7000,4200,11200,2022년도 전기자동차 양주시 모델별 보조금,2022,양주시
승합(대형),이엠코리아,에픽시티(LFP),7000,4200,11200,2022년도 전기자동차 양주시 모델별 보조금,2022,양주시
승합(대형),태영티엔티,GD11,5749,3449,9198,2022년도 전기자동차 양주시 모델별 보조금,2022,양주시
승합(대형),재일홀딩스,그린타운400,6418,0,6418,2022년도 전기자동차 양주시 모델별 보조금,2022,양주시
모델별 지방비 자료가 없습니다.,모델별 지방비 자료가 없습니다.,모델별 지방비 자료가 없습니다.,모델별 지방비 자료가 없습니다.,모델별 지방비 자료가 없습니다.,모델별 지방비 자료가 없습니다.,2022년도 전기자동차 포천시 모델별 보조금,2022,포천시
승합(중형),현대자동차,카운티 일렉트릭(어린이운송용 30인승),4383,0,4383,2022년도 전기자동차 여주시 모델별 보조금,2022,여주시
승합(중형),현대자동차,(단종)카운티 일렉트릭(어린이운송용 33인승 V2),4391,0,4391,2022년도 전기자동차 여주시 모델별 보조금,2022,여주시
승합(중형),현대자동차,카운티 일렉트릭(어린이운송용 33인승),4391,0,4391,2022년도 전기자동차 여주시 모델별 보조금,2022,여주시
승합(중형),현대자동차,카운티 일렉트릭,4391,0,4391,2022년도 전기자동차 여주시 모델별 보조금,2022,여주시
승합(중형),현대자동차,카운티 일렉트릭(마을버스),5000,0,5000,2022년도 전기자동차 여주시 모델별 보조금,2022,여주시
승합(중형),우진산전,아폴로750,4780,0,4780,2022년도 전기자동차 여주시 모델별 보조금,2022,여주시
승합(중형),우진산전,아폴로750(15인승),5000,0,5000,2022년도 전기자동차 여주시 모델별 보조금,2022,여주시
승합(중형),우진산전,아폴로750전기버스,5000,0,5000,2022년도 전기자동차 여주시 모델별 보조금,2022,여주시
승합(중형),이비온,E6,2539,0,2539,2022년도 전기자동차 여주시 모델별 보조금,2022,여주시
승합(중형),이비온,"E6(JL618S), 어린이통학",3570,0,3570,2022년도 전기자동차 여주시 모델별 보조금,2022,여주시
승합(중형),GS글로벌,NEW BYD eBus-7,4357,0,4357,2022년도 전기자동차 여주시 모델별 보조금,2022,여주시
승합(중형),한신자동차,바네스,2821,0,2821,2022년도 전기자동차 여주시 모델별 보조금,2022,여주시
승합(중형),비바모빌리티,VBUS60,3789,0,3789,2022년도 전기자동차 여주시 모델별 보조금,2022,여주시
승합(중형),비바모빌리티,브이버스60i(어린이운송용),3791,0,3791,2022년도 전기자동차 여주시 모델별 보조금,2022,여주시
승합(중형),케이지모빌리티커머셜,SMART 8.7,5000,0,5000,2022년도 전기자동차 여주시 모델별 보조금,2022,여주시
승합(중형),한차,GREENWAY720,5000,0,5000,2022년도 전기자동차 여주시 모델별 보조금,2022,여주시
승합(대형),현대자동차,일렉시티 굴절버스,14693,0,14693,2022년도 전기자동차 여주시 모델별 보조금,2022,여주시
승합(대형),현대자동차,일렉시티 이층버스,12501,0,12501,2022년도 전기자동차 여주시 모델별 보조금,2022,여주시
승합(대형),현대자동차,일렉시티(3PACK),7000,0,7000,2022년도 전기자동차 여주시 모델별 보조금,2022,여주시
승합(대형),현대자동차,일렉시티(4PACK V1),7000,0,7000,2022년도 전기자동차 여주시 모델별 보조금,2022,여주시
승합(대형),케이지모빌리티커머셜,이-스마트(57인승),5522,0,5522,2022년도 전기자동차 여주시 모델별 보조금,2022,여주시
승합(대형),케이지모빌리티커머셜,이-스마트(51인승),5510,0,5510,2022년도 전기자동차 여주시 모델별 보조금,2022,여주시
승합(대형),케이지모빌리티커머셜,SMART 9.3,7000,0,7000,2022년도 전기자동차 여주시 모델별 보조금,2022,여주시
승합(대형),케이지모빌리티커머셜,SMART 110(272kWh),7000,0,7000,2022년도 전기자동차 여주시 모델별 보조금,2022,여주시
승합(대형),케이지모빌리티커머셜,SMART 110E(347kWh),7000,0,7000,2022년도 전기자동차 여주시 모델별 보조금,2022,여주시
승합(대형),케이지모빌리티커머셜,SMART 110(260kWh),7000,0,7000,2022년도 전기자동차 여주시 모델별 보조금,2022,여주시
승합(대형),우진산전,아폴로1100(258kWh),6746,0,6746,2022년도 전기자동차 여주시 모델별 보조금,2022,여주시
승합(대형),우진산전,아폴로1100(11CTLP),6133,0,6133,2022년도 전기자동차 여주시 모델별 보조금,2022,여주시
승합(대형),북경모터스,그린타운(850),4265,0,4265,2022년도 전기자동차 여주시 모델별 보조금,2022,여주시
승합(대형),북경모터스,그린타운플러스,6550,0,6550,2022년도 전기자동차 여주시 모델별 보조금,2022,여주시
승합(대형),GS글로벌,eBus-12(K9DC),7000,0,7000,2022년도 전기자동차 여주시 모델별 보조금,2022,여주시
승합(대형),GS글로벌,NEW BYD eBus-12,7000,0,7000,2022년도 전기자동차 여주시 모델별 보조금,2022,여주시
승합(대형),이온모터스,시티라이트Ⅱ,7000,0,7000,2022년도 전기자동차 여주시 모델별 보조금,2022,여주시
승합(대형),이엠코리아,에픽시티(LFP),7000,4200,11200,2022년도 전기자동차 여주시 모델별 보조금,2022,여주시
모델별 지방비 자료가 없습니다.,모델별 지방비 자료가 없습니다.,모델별 지방비 자료가 없습니다.,모델별 지방비 자료가 없습니다.,모델별 지방비 자료가 없습니다.,모델별 지방비 자료가 없습니다.,2022년도 전기자동차 연천군 모델별 보조금,2022,연천군
모델별 지방비 자료가 없습니다.,모델별 지방비 자료가 없습니다.,모델별 지방비 자료가 없습니다.,모델별 지방비 자료가 없습니다.,모델별 지방비 자료가 없습니다.,모델별 지방비 자료가 없습니다.,2022년도 전기자동차 가평군 모델별 보조금,2022,가평군
승합(중형),현대자동차,카운티 일렉트릭(어린이운송용 30인승),4383,0,4383,2022년도 전기자동차 양평군 모델별 보조금,2022,양평군
승합(중형),현대자동차,(단종)카운티 일렉트릭(어린이운송용 33인승 V2),4391,0,4391,2022년도 전기자동차 양평군 모델별 보조금,2022,양평군
승합(중형),현대자동차,카운티 일렉트릭(어린이운송용 33인승),4391,0,4391,2022년도 전기자동차 양평군 모델별 보조금,2022,양평군
승합(중형),현대자동차,카운티 일렉트릭,4391,0,4391,2022년도 전기자동차 양평군 모델별 보조금,2022,양평군
승합(중형),현대자동차,카운티 일렉트릭(마을버스),5000,0,5000,2022년도 전기자동차 양평군 모델별 보조금,2022,양평군
승합(중형),우진산전,아폴로750,4780,0,4780,2022년도 전기자동차 양평군 모델별 보조금,2022,양평군
승합(중형),우진산전,아폴로750(15인승),5000,0,5000,2022년도 전기자동차 양평군 모델별 보조금,2022,양평군
승합(중형),우진산전,아폴로750전기버스,5000,0,5000,2022년도 전기자동차 양평군 모델별 보조금,2022,양평군
승합(중형),이비온,E6,2539,0,2539,2022년도 전기자동차 양평군 모델별 보조금,2022,양평군
승합(중형),이비온,"E6(JL618S), 어린이통학",3570,0,3570,2022년도 전기자동차 양평군 모델별 보조금,2022,양평군
승합(중형),GS글로벌,NEW BYD eBus-7,4357,0,4357,2022년도 전기자동차 양평군 모델별 보조금,2022,양평군
승합(중형),한신자동차,바네스,2821,0,2821,2022년도 전기자동차 양평군 모델별 보조금,2022,양평군
승합(중형),비바모빌리티,VBUS60,3789,0,3789,2022년도 전기자동차 양평군 모델별 보조금,2022,양평군
승합(중형),비바모빌리티,브이버스60i(어린이운송용),3791,0,3791,2022년도 전기자동차 양평군 모델별 보조금,2022,양평군
승합(중형),케이지모빌리티커머셜,SMART 8.7,5000,0,5000,2022년도 전기자동차 양평군 모델별 보조금,2022,양평군
승합(중형),한차,GREENWAY720,5000,0,5000,2022년도 전기자동차 양평군 모델별 보조금,2022,양평군
승합(대형),현대자동차,일렉시티 굴절버스,14693,4200,18893,2022년도 전기자동차 양평군 모델별 보조금,2022,양평군
승합(대형),현대자동차,일렉시티 이층버스,12501,4200,16701,2022년도 전기자동차 양평군 모델별 보조금,2022,양평군
승합(대형),현대자동차,일렉시티(3PACK),7000,4200,11200,2022년도 전기자동차 양평군 모델별 보조금,2022,양평군
승합(대형),현대자동차,일렉시티(4PACK V1),7000,4200,11200,2022년도 전기자동차 양평군 모델별 보조금,2022,양평군
승합(대형),현대자동차,일렉시티 타운,7000,4200,11200,2022년도 전기자동차 양평군 모델별 보조금,2022,양평군
승합(대형),케이지모빌리티커머셜,이-스마트(57인승),5522,0,5522,2022년도 전기자동차 양평군 모델별 보조금,2022,양평군
승합(대형),케이지모빌리티커머셜,이-스마트(51인승),5510,0,5510,2022년도 전기자동차 양평군 모델별 보조금,2022,양평군
승합(대형),케이지모빌리티커머셜,SMART 9.3,7000,4200,11200,2022년도 전기자동차 양평군 모델별 보조금,2022,양평군
승합(대형),케이지모빌리티커머셜,SMART 110(272kWh),7000,4200,11200,2022년도 전기자동차 양평군 모델별 보조금,2022,양평군
승합(대형),케이지모빌리티커머셜,SMART 110E(347kWh),7000,0,7000,2022년도 전기자동차 양평군 모델별 보조금,2022,양평군
승합(대형),케이지모빌리티커머셜,SMART 110(260kWh),7000,4200,11200,2022년도 전기자동차 양평군 모델별 보조금,2022,양평군
승합(대형),케이지모빌리티커머셜,SMART 110E(260kWh),7000,0,7000,2022년도 전기자동차 양평군 모델별 보조금,2022,양평군
승합(대형),우진산전,아폴로1100,6396,4200,10596,2022년도 전기자동차 양평군 모델별 보조금,2022,양평군
승합(대형),우진산전,아폴로1100(258kWh),6746,4200,10946,2022년도 전기자동차 양평군 모델별 보조금,2022,양평군
승합(대형),우진산전,아폴로1100(11CTLP),6133,4200,10333,2022년도 전기자동차 양평군 모델별 보조금,2022,양평군
승합(대형),우진산전,아폴로900전기버스,4658,4200,8858,2022년도 전기자동차 양평군 모델별 보조금,2022,양평군
승합(대형),우진산전,아폴로1100전기버스 22MY,7000,4200,11200,2022년도 전기자동차 양평군 모델별 보조금,2022,양평군
승합(대형),피라인모터스,HYPERS(신형),5917,4200,10117,2022년도 전기자동차 양평군 모델별 보조금,2022,양평군
승합(대형),피라인모터스,HYPERS(H),5778,0,5778,2022년도 전기자동차 양평군 모델별 보조금,2022,양평군
승합(대형),피라인모터스,HYPERS(11L),5021,4200,9221,2022년도 전기자동차 양평군 모델별 보조금,2022,양평군
승합(대형),피라인모터스,HYPERS1611,6021,4200,10221,2022년도 전기자동차 양평군 모델별 보조금,2022,양평군
승합(대형),피라인모터스,HYPERS1609,6068,4200,10268,2022년도 전기자동차 양평군 모델별 보조금,2022,양평군
승합(대형),피라인모터스,HYPERS1612,5795,4200,9995,2022년도 전기자동차 양평군 모델별 보조금,2022,양평군
승합(대형),피라인모터스,HYPERS1609H,6610,4200,10810,2022년도 전기자동차 양평군 모델별 보조금,2022,양평군
승합(대형),피라인모터스,HYPERS1612N,7000,0,7000,2022년도 전기자동차 양평군 모델별 보조금,2022,양평군
승합(대형),피라인모터스,HYPERS1609N,7000,0,7000,2022년도 전기자동차 양평군 모델별 보조금,2022,양평군
승합(대형),피라인모터스,HYPERS1611N,6660,0,6660,2022년도 전기자동차 양평군 모델별 보조금,2022,양평군
승합(대형),비바모빌리티,(단종)브이버스90N,6430,4200,10630,2022년도 전기자동차 양평군 모델별 보조금,2022,양평군
승합(대형),비바모빌리티,(단종)브이버스120,7000,0,7000,2022년도 전기자동차 양평군 모델별 보조금,2022,양평군
승합(대형),비바모빌리티,(단종)브이버스110-B,6839,4200,11039,2022년도 전기자동차 양평군 모델별 보조금,2022,양평군
승합(대형),북경모터스,그린타운(850),4265,3163,7428,2022년도 전기자동차 양평군 모델별 보조금,2022,양평군
승합(대형),북경모터스,그린타운플러스,6550,3781,10331,2022년도 전기자동차 양평군 모델별 보조금,2022,양평군
승합(대형),범한자동차,E-SKY11(350kWh),7000,4200,11200,2022년도 전기자동차 양평군 모델별 보조금,2022,양평군
승합(대형),범한자동차,E-SKY9(281kWh),7000,4200,11200,2022년도 전기자동차 양평군 모델별 보조금,2022,양평군
승합(대형),범한자동차,E-STAR8 V1,6454,4200,10654,2022년도 전기자동차 양평군 모델별 보조금,2022,양평군
승합(대형),범한자동차,E-STAR11,7000,4200,11200,2022년도 전기자동차 양평군 모델별 보조금,2022,양평군
승합(대형),범한자동차,E-STAR12i,7000,0,7000,2022년도 전기자동차 양평군 모델별 보조금,2022,양평군
승합(대형),에스에이피,아이즘(IZM),7000,0,7000,2022년도 전기자동차 양평군 모델별 보조금,2022,양평군
승합(대형),에스에이피,엘페(ELFE),7000,0,7000,2022년도 전기자동차 양평군 모델별 보조금,2022,양평군
승합(대형),에스에이피,리오네(LIONNE),7000,0,7000,2022년도 전기자동차 양평군 모델별 보조금,2022,양평군
승합(대형),GS글로벌,eBus-12(K9DC),7000,4200,11200,2022년도 전기자동차 양평군 모델별 보조금,2022,양평군
승합(대형),GS글로벌,NEW BYD eBus-12,7000,4200,11200,2022년도 전기자동차 양평군 모델별 보조금,2022,양평군
승합(대형),티에스에코에너지,일레누스,7000,4200,11200,2022년도 전기자동차 양평군 모델별 보조금,2022,양평군
승합(대형),티에스에코에너지,일레누스(TS900),6251,4200,10451,2022년도 전기자동차 양평군 모델별 보조금,2022,양평군
승합(대형),이온모터스,시티라이트,5815,4200,10015,2022년도 전기자동차 양평군 모델별 보조금,2022,양평군
승합(대형),이온모터스,시티라이트Ⅱ,7000,4200,11200,2022년도 전기자동차 양평군 모델별 보조금,2022,양평군
승합(대형),이온모터스,시티라이트9,7000,4200,11200,2022년도 전기자동차 양평군 모델별 보조금,2022,양평군
승합(대형),한차,GREENWAY1100,6388,4200,10588,2022년도 전기자동차 양평군 모델별 보조금,2022,양평군
승합(대형),한차,GREENWAY1100A,7000,4200,11200,2022년도 전기자동차 양평군 모델별 보조금,2022,양평군
승합(대형),이엠코리아,에픽시티(LFP),7000,4200,11200,2022년도 전기자동차 양평군 모델별 보조금,2022,양평군
승합(대형),태영티엔티,GD11,5749,4200,9949,2022년도 전기자동차 양평군 모델별 보조금,2022,양평군
승합(대형),재일홀딩스,그린타운400,6418,3740,10158,2022년도 전기자동차 양평군 모델별 보조금,2022,양평군
승합(중형),현대자동차,카운티 일렉트릭(어린이운송용 30인승),4383,3200,7583,2022년도 전기자동차 춘천시 모델별 보조금,2022,춘천시
승합(중형),현대자동차,(단종)카운티 일렉트릭(어린이운송용 33인승 V2),4391,3200,7591,2022년도 전기자동차 춘천시 모델별 보조금,2022,춘천시
승합(중형),현대자동차,카운티 일렉트릭(어린이운송용 33인승),4391,3200,7591,2022년도 전기자동차 춘천시 모델별 보조금,2022,춘천시
승합(중형),현대자동차,카운티 일렉트릭,4391,3200,7591,2022년도 전기자동차 춘천시 모델별 보조금,2022,춘천시
승합(중형),현대자동차,카운티 일렉트릭(마을버스),5000,3200,8200,2022년도 전기자동차 춘천시 모델별 보조금,2022,춘천시
승합(중형),우진산전,아폴로750,4780,3200,7980,2022년도 전기자동차 춘천시 모델별 보조금,2022,춘천시
승합(중형),우진산전,아폴로750(15인승),5000,3200,8200,2022년도 전기자동차 춘천시 모델별 보조금,2022,춘천시
승합(중형),우진산전,아폴로750전기버스,5000,3200,8200,2022년도 전기자동차 춘천시 모델별 보조금,2022,춘천시
승합(중형),이비온,E6,2539,3200,5739,2022년도 전기자동차 춘천시 모델별 보조금,2022,춘천시
승합(중형),이비온,"E6(JL618S), 어린이통학",3570,3200,6770,2022년도 전기자동차 춘천시 모델별 보조금,2022,춘천시
승합(중형),GS글로벌,NEW BYD eBus-7,4357,3200,7557,2022년도 전기자동차 춘천시 모델별 보조금,2022,춘천시
승합(중형),한신자동차,바네스,2821,3200,6021,2022년도 전기자동차 춘천시 모델별 보조금,2022,춘천시
승합(중형),비바모빌리티,VBUS60,3789,3200,6989,2022년도 전기자동차 춘천시 모델별 보조금,2022,춘천시
승합(중형),비바모빌리티,브이버스60i(어린이운송용),3791,3200,6991,2022년도 전기자동차 춘천시 모델별 보조금,2022,춘천시
승합(중형),케이지모빌리티커머셜,SMART 8.7,5000,3200,8200,2022년도 전기자동차 춘천시 모델별 보조금,2022,춘천시
승합(중형),한차,GREENWAY720,5000,3200,8200,2022년도 전기자동차 춘천시 모델별 보조금,2022,춘천시
승합(대형),현대자동차,일렉시티 굴절버스,14693,5600,20293,2022년도 전기자동차 춘천시 모델별 보조금,2022,춘천시
승합(대형),현대자동차,일렉시티 이층버스,12501,5600,18101,2022년도 전기자동차 춘천시 모델별 보조금,2022,춘천시
승합(대형),현대자동차,일렉시티(3PACK),7000,5600,12600,2022년도 전기자동차 춘천시 모델별 보조금,2022,춘천시
승합(대형),현대자동차,일렉시티(4PACK V1),7000,5600,12600,2022년도 전기자동차 춘천시 모델별 보조금,2022,춘천시
승합(대형),케이지모빌리티커머셜,이-스마트(57인승),5522,5600,11122,2022년도 전기자동차 춘천시 모델별 보조금,2022,춘천시
승합(대형),케이지모빌리티커머셜,이-스마트(51인승),5510,5600,11110,2022년도 전기자동차 춘천시 모델별 보조금,2022,춘천시
승합(대형),케이지모빌리티커머셜,SMART 9.3,7000,5600,12600,2022년도 전기자동차 춘천시 모델별 보조금,2022,춘천시
승합(대형),케이지모빌리티커머셜,SMART 110(272kWh),7000,5600,12600,2022년도 전기자동차 춘천시 모델별 보조금,2022,춘천시
승합(대형),케이지모빌리티커머셜,SMART 110E(347kWh),7000,5600,12600,2022년도 전기자동차 춘천시 모델별 보조금,2022,춘천시
승합(대형),케이지모빌리티커머셜,SMART 110(260kWh),7000,5600,12600,2022년도 전기자동차 춘천시 모델별 보조금,2022,춘천시
승합(대형),우진산전,아폴로1100,6396,5600,11996,2022년도 전기자동차 춘천시 모델별 보조금,2022,춘천시
승합(대형),우진산전,아폴로1100(258kWh),6746,5600,12346,2022년도 전기자동차 춘천시 모델별 보조금,2022,춘천시
승합(대형),우진산전,아폴로1100(11CTLP),6133,5600,11733,2022년도 전기자동차 춘천시 모델별 보조금,2022,춘천시
승합(대형),피라인모터스,HYPERS(신형),5917,5600,11517,2022년도 전기자동차 춘천시 모델별 보조금,2022,춘천시
승합(대형),피라인모터스,HYPERS(H),5778,5600,11378,2022년도 전기자동차 춘천시 모델별 보조금,2022,춘천시
승합(대형),피라인모터스,HYPERS(11L),5021,5600,10621,2022년도 전기자동차 춘천시 모델별 보조금,2022,춘천시
승합(대형),피라인모터스,HYPERS1611,6021,5600,11621,2022년도 전기자동차 춘천시 모델별 보조금,2022,춘천시
승합(대형),피라인모터스,HYPERS1609,6068,5600,11668,2022년도 전기자동차 춘천시 모델별 보조금,2022,춘천시
승합(대형),피라인모터스,HYPERS1612,5795,5600,11395,2022년도 전기자동차 춘천시 모델별 보조금,2022,춘천시
승합(대형),북경모터스,그린타운(850),4265,0,4265,2022년도 전기자동차 춘천시 모델별 보조금,2022,춘천시
승합(대형),북경모터스,그린타운플러스,6550,0,6550,2022년도 전기자동차 춘천시 모델별 보조금,2022,춘천시
승합(대형),GS글로벌,eBus-12(K9DC),7000,5600,12600,2022년도 전기자동차 춘천시 모델별 보조금,2022,춘천시
승합(대형),GS글로벌,NEW BYD eBus-12,7000,5600,12600,2022년도 전기자동차 춘천시 모델별 보조금,2022,춘천시
승합(대형),이온모터스,시티라이트Ⅱ,7000,5600,12600,2022년도 전기자동차 춘천시 모델별 보조금,2022,춘천시
승합(대형),한차,GREENWAY1100,6388,5600,11988,2022년도 전기자동차 춘천시 모델별 보조금,2022,춘천시
승합(대형),이엠코리아,에픽시티(LFP),7000,5600,12600,2022년도 전기자동차 춘천시 모델별 보조금,2022,춘천시
승합(중형),현대자동차,카운티 일렉트릭(어린이운송용 30인승),4383,3200,7583,2022년도 전기자동차 원주시 모델별 보조금,2022,원주시
승합(중형),현대자동차,(단종)카운티 일렉트릭(어린이운송용 33인승 V2),4391,3200,7591,2022년도 전기자동차 원주시 모델별 보조금,2022,원주시
승합(중형),현대자동차,카운티 일렉트릭(어린이운송용 33인승),4391,3200,7591,2022년도 전기자동차 원주시 모델별 보조금,2022,원주시
승합(중형),현대자동차,카운티 일렉트릭,4391,3200,7591,2022년도 전기자동차 원주시 모델별 보조금,2022,원주시
승합(중형),현대자동차,카운티 일렉트릭(마을버스),5000,3200,8200,2022년도 전기자동차 원주시 모델별 보조금,2022,원주시
승합(중형),우진산전,아폴로750,4780,3200,7980,2022년도 전기자동차 원주시 모델별 보조금,2022,원주시
승합(중형),우진산전,아폴로750(15인승),5000,3200,8200,2022년도 전기자동차 원주시 모델별 보조금,2022,원주시
승합(중형),우진산전,아폴로750전기버스,5000,3200,8200,2022년도 전기자동차 원주시 모델별 보조금,2022,원주시
승합(중형),이비온,E6,2539,3200,5739,2022년도 전기자동차 원주시 모델별 보조금,2022,원주시
승합(중형),이비온,"E6(JL618S), 어린이통학",3570,3200,6770,2022년도 전기자동차 원주시 모델별 보조금,2022,원주시
승합(중형),GS글로벌,NEW BYD eBus-7,4357,3200,7557,2022년도 전기자동차 원주시 모델별 보조금,2022,원주시
승합(중형),한신자동차,바네스,2821,3200,6021,2022년도 전기자동차 원주시 모델별 보조금,2022,원주시
승합(중형),비바모빌리티,VBUS60,3789,3200,6989,2022년도 전기자동차 원주시 모델별 보조금,2022,원주시
승합(중형),비바모빌리티,브이버스60i(어린이운송용),3791,3200,6991,2022년도 전기자동차 원주시 모델별 보조금,2022,원주시
승합(중형),케이지모빌리티커머셜,SMART 8.7,5000,3200,8200,2022년도 전기자동차 원주시 모델별 보조금,2022,원주시
승합(중형),한차,GREENWAY720,5000,3200,8200,2022년도 전기자동차 원주시 모델별 보조금,2022,원주시
승합(중형),현대자동차,카운티 일렉트릭(어린이운송용 30인승),4383,3200,7583,2022년도 전기자동차 강릉시 모델별 보조금,2022,강릉시
승합(중형),현대자동차,(단종)카운티 일렉트릭(어린이운송용 33인승 V2),4391,3200,7591,2022년도 전기자동차 강릉시 모델별 보조금,2022,강릉시
승합(중형),현대자동차,카운티 일렉트릭(어린이운송용 33인승),4391,3200,7591,2022년도 전기자동차 강릉시 모델별 보조금,2022,강릉시
승합(중형),현대자동차,카운티 일렉트릭,4391,3200,7591,2022년도 전기자동차 강릉시 모델별 보조금,2022,강릉시
승합(중형),현대자동차,카운티 일렉트릭(마을버스),5000,3200,8200,2022년도 전기자동차 강릉시 모델별 보조금,2022,강릉시
승합(중형),우진산전,아폴로750,4780,3200,7980,2022년도 전기자동차 강릉시 모델별 보조금,2022,강릉시
승합(중형),우진산전,아폴로750(15인승),5000,3200,8200,2022년도 전기자동차 강릉시 모델별 보조금,2022,강릉시
승합(중형),우진산전,아폴로750전기버스,5000,3200,8200,2022년도 전기자동차 강릉시 모델별 보조금,2022,강릉시
승합(중형),이비온,E6,2539,3200,5739,2022년도 전기자동차 강릉시 모델별 보조금,2022,강릉시
승합(중형),이비온,"E6(JL618S), 어린이통학",3570,3200,6770,2022년도 전기자동차 강릉시 모델별 보조금,2022,강릉시
승합(중형),GS글로벌,NEW BYD eBus-7,4357,3200,7557,2022년도 전기자동차 강릉시 모델별 보조금,2022,강릉시
승합(중형),한신자동차,바네스,2821,3200,6021,2022년도 전기자동차 강릉시 모델별 보조금,2022,강릉시
승합(중형),비바모빌리티,VBUS60,3789,3200,6989,2022년도 전기자동차 강릉시 모델별 보조금,2022,강릉시
승합(중형),비바모빌리티,브이버스60i(어린이운송용),3791,3200,6991,2022년도 전기자동차 강릉시 모델별 보조금,2022,강릉시
승합(중형),케이지모빌리티커머셜,SMART 8.7,5000,3200,8200,2022년도 전기자동차 강릉시 모델별 보조금,2022,강릉시
승합(중형),한차,GREENWAY720,5000,3200,8200,2022년도 전기자동차 강릉시 모델별 보조금,2022,강릉시
승합(대형),이온모터스,시티라이트Ⅱ,7000,5600,12600,2022년도 전기자동차 강릉시 모델별 보조금,2022,강릉시
모델별 지방비 자료가 없습니다.,모델별 지방비 자료가 없습니다.,모델별 지방비 자료가 없습니다.,모델별 지방비 자료가 없습니다.,모델별 지방비 자료가 없습니다.,모델별 지방비 자료가 없습니다.,2022년도 전기자동차 동해시 모델별 보조금,2022,동해시
모델별 지방비 자료가 없습니다.,모델별 지방비 자료가 없습니다.,모델별 지방비 자료가 없습니다.,모델별 지방비 자료가 없습니다.,모델별 지방비 자료가 없습니다.,모델별 지방비 자료가 없습니다.,2022년도 전기자동차 태백시 모델별 보조금,2022,태백시
승합(중형),현대자동차,카운티 일렉트릭(어린이운송용 30인승),4383,3200,7583,2022년도 전기자동차 속초시 모델별 보조금,2022,속초시
승합(중형),현대자동차,(단종)카운티 일렉트릭(어린이운송용 33인승 V2),4391,3200,7591,2022년도 전기자동차 속초시 모델별 보조금,2022,속초시
승합(중형),현대자동차,카운티 일렉트릭(어린이운송용 33인승),4391,3200,7591,2022년도 전기자동차 속초시 모델별 보조금,2022,속초시
승합(중형),현대자동차,카운티 일렉트릭,4391,3200,7591,2022년도 전기자동차 속초시 모델별 보조금,2022,속초시
승합(중형),현대자동차,카운티 일렉트릭(마을버스),5000,3200,8200,2022년도 전기자동차 속초시 모델별 보조금,2022,속초시
승합(중형),우진산전,아폴로750,4780,3200,7980,2022년도 전기자동차 속초시 모델별 보조금,2022,속초시
승합(중형),우진산전,아폴로750(15인승),5000,3200,8200,2022년도 전기자동차 속초시 모델별 보조금,2022,속초시
승합(중형),우진산전,아폴로750전기버스,5000,3200,8200,2022년도 전기자동차 속초시 모델별 보조금,2022,속초시
승합(중형),이비온,E6,2539,3200,5739,2022년도 전기자동차 속초시 모델별 보조금,2022,속초시
승합(중형),이비온,"E6(JL618S), 어린이통학",3570,3200,6770,2022년도 전기자동차 속초시 모델별 보조금,2022,속초시
승합(중형),GS글로벌,NEW BYD eBus-7,4357,3200,7557,2022년도 전기자동차 속초시 모델별 보조금,2022,속초시
승합(중형),한신자동차,바네스,2821,3200,6021,2022년도 전기자동차 속초시 모델별 보조금,2022,속초시
승합(중형),비바모빌리티,VBUS60,3789,3200,6989,2022년도 전기자동차 속초시 모델별 보조금,2022,속초시
승합(중형),비바모빌리티,브이버스60i(어린이운송용),3791,3200,6991,2022년도 전기자동차 속초시 모델별 보조금,2022,속초시
승합(중형),케이지모빌리티커머셜,SMART 8.7,5000,3200,8200,2022년도 전기자동차 속초시 모델별 보조금,2022,속초시
승합(중형),한차,GREENWAY720,5000,3200,8200,2022년도 전기자동차 속초시 모델별 보조금,2022,속초시
모델별 지방비 자료가 없습니다.,모델별 지방비 자료가 없습니다.,모델별 지방비 자료가 없습니다.,모델별 지방비 자료가 없습니다.,모델별 지방비 자료가 없습니다.,모델별 지방비 자료가 없습니다.,2022년도 전기자동차 삼척시 모델별 보조금,2022,삼척시
승합(중형),현대자동차,카운티 일렉트릭(어린이운송용 30인승),4383,3200,7583,2022년도 전기자동차 홍천군 모델별 보조금,2022,홍천군
승합(중형),현대자동차,(단종)카운티 일렉트릭(어린이운송용 33인승 V2),4391,3200,7591,2022년도 전기자동차 홍천군 모델별 보조금,2022,홍천군
승합(중형),현대자동차,카운티 일렉트릭(어린이운송용 33인승),4391,3200,7591,2022년도 전기자동차 홍천군 모델별 보조금,2022,홍천군
승합(중형),현대자동차,카운티 일렉트릭,4391,3200,7591,2022년도 전기자동차 홍천군 모델별 보조금,2022,홍천군
승합(중형),현대자동차,카운티 일렉트릭(마을버스),5000,3200,8200,2022년도 전기자동차 홍천군 모델별 보조금,2022,홍천군
승합(중형),우진산전,아폴로750,4780,3200,7980,2022년도 전기자동차 홍천군 모델별 보조금,2022,홍천군
승합(중형),우진산전,아폴로750(15인승),5000,3200,8200,2022년도 전기자동차 홍천군 모델별 보조금,2022,홍천군
승합(중형),우진산전,아폴로750전기버스,5000,3200,8200,2022년도 전기자동차 홍천군 모델별 보조금,2022,홍천군
승합(중형),이비온,E6,2539,3200,5739,2022년도 전기자동차 홍천군 모델별 보조금,2022,홍천군
승합(중형),이비온,"E6(JL618S), 어린이통학",3570,3200,6770,2022년도 전기자동차 홍천군 모델별 보조금,2022,홍천군
승합(중형),GS글로벌,NEW BYD eBus-7,4357,3200,7557,2022년도 전기자동차 홍천군 모델별 보조금,2022,홍천군
승합(중형),한신자동차,바네스,2821,3200,6021,2022년도 전기자동차 홍천군 모델별 보조금,2022,홍천군
승합(중형),비바모빌리티,VBUS60,3789,3200,6989,2022년도 전기자동차 홍천군 모델별 보조금,2022,홍천군
승합(중형),비바모빌리티,브이버스60i(어린이운송용),3791,3200,6991,2022년도 전기자동차 홍천군 모델별 보조금,2022,홍천군
승합(중형),케이지모빌리티커머셜,SMART 8.7,5000,3200,8200,2022년도 전기자동차 홍천군 모델별 보조금,2022,홍천군
승합(중형),한차,GREENWAY720,5000,3200,8200,2022년도 전기자동차 홍천군 모델별 보조금,2022,홍천군
승합(대형),현대자동차,일렉시티 굴절버스,14693,5600,20293,2022년도 전기자동차 홍천군 모델별 보조금,2022,홍천군
승합(대형),현대자동차,일렉시티 이층버스,12501,5600,18101,2022년도 전기자동차 홍천군 모델별 보조금,2022,홍천군
승합(대형),현대자동차,일렉시티(3PACK),7000,5600,12600,2022년도 전기자동차 홍천군 모델별 보조금,2022,홍천군
승합(대형),현대자동차,일렉시티(4PACK V1),7000,5600,12600,2022년도 전기자동차 홍천군 모델별 보조금,2022,홍천군
승합(대형),케이지모빌리티커머셜,이-스마트(57인승),5522,5600,11122,2022년도 전기자동차 홍천군 모델별 보조금,2022,홍천군
승합(대형),케이지모빌리티커머셜,이-스마트(51인승),5510,5600,11110,2022년도 전기자동차 홍천군 모델별 보조금,2022,홍천군
승합(대형),케이지모빌리티커머셜,SMART 9.3,7000,5600,12600,2022년도 전기자동차 홍천군 모델별 보조금,2022,홍천군
승합(대형),케이지모빌리티커머셜,SMART 110(272kWh),7000,5600,12600,2022년도 전기자동차 홍천군 모델별 보조금,2022,홍천군
승합(대형),케이지모빌리티커머셜,SMART 110E(347kWh),7000,5600,12600,2022년도 전기자동차 홍천군 모델별 보조금,2022,홍천군
승합(대형),케이지모빌리티커머셜,SMART 110(260kWh),7000,5600,12600,2022년도 전기자동차 홍천군 모델별 보조금,2022,홍천군
승합(대형),우진산전,아폴로1100(258kWh),6746,5600,12346,2022년도 전기자동차 홍천군 모델별 보조금,2022,홍천군
승합(대형),우진산전,아폴로1100(11CTLP),6133,5600,11733,2022년도 전기자동차 홍천군 모델별 보조금,2022,홍천군
승합(대형),피라인모터스,HYPERS(신형),5917,5600,11517,2022년도 전기자동차 홍천군 모델별 보조금,2022,홍천군
승합(대형),피라인모터스,HYPERS(H),5778,5600,11378,2022년도 전기자동차 홍천군 모델별 보조금,2022,홍천군
승합(대형),피라인모터스,HYPERS(11L),5021,5600,10621,2022년도 전기자동차 홍천군 모델별 보조금,2022,홍천군
승합(대형),피라인모터스,HYPERS1611,6021,5600,11621,2022년도 전기자동차 홍천군 모델별 보조금,2022,홍천군
승합(대형),피라인모터스,HYPERS1609,6068,5600,11668,2022년도 전기자동차 홍천군 모델별 보조금,2022,홍천군
승합(대형),북경모터스,그린타운(850),4265,0,4265,2022년도 전기자동차 홍천군 모델별 보조금,2022,홍천군
승합(대형),북경모터스,그린타운플러스,6550,0,6550,2022년도 전기자동차 홍천군 모델별 보조금,2022,홍천군
승합(대형),GS글로벌,eBus-12(K9DC),7000,0,7000,2022년도 전기자동차 홍천군 모델별 보조금,2022,홍천군
승합(대형),GS글로벌,NEW BYD eBus-12,7000,0,7000,2022년도 전기자동차 홍천군 모델별 보조금,2022,홍천군
승합(대형),이온모터스,시티라이트Ⅱ,7000,5600,12600,2022년도 전기자동차 홍천군 모델별 보조금,2022,홍천군
승합(대형),이엠코리아,에픽시티(LFP),7000,5600,12600,2022년도 전기자동차 홍천군 모델별 보조금,2022,홍천군
승합(중형),현대자동차,카운티 일렉트릭(어린이운송용 30인승),4383,3200,7583,2022년도 전기자동차 횡성군 모델별 보조금,2022,횡성군
승합(중형),현대자동차,(단종)카운티 일렉트릭(어린이운송용 33인승 V2),4391,3200,7591,2022년도 전기자동차 횡성군 모델별 보조금,2022,횡성군
승합(중형),현대자동차,카운티 일렉트릭(어린이운송용 33인승),4391,3200,7591,2022년도 전기자동차 횡성군 모델별 보조금,2022,횡성군
승합(중형),현대자동차,카운티 일렉트릭,4391,3200,7591,2022년도 전기자동차 횡성군 모델별 보조금,2022,횡성군
승합(중형),현대자동차,카운티 일렉트릭(마을버스),5000,3200,8200,2022년도 전기자동차 횡성군 모델별 보조금,2022,횡성군
승합(중형),우진산전,아폴로750,4780,3200,7980,2022년도 전기자동차 횡성군 모델별 보조금,2022,횡성군
승합(중형),우진산전,아폴로750(15인승),5000,3200,8200,2022년도 전기자동차 횡성군 모델별 보조금,2022,횡성군
승합(중형),우진산전,아폴로750전기버스,5000,3200,8200,2022년도 전기자동차 횡성군 모델별 보조금,2022,횡성군
승합(중형),이비온,E6,2539,3200,5739,2022년도 전기자동차 횡성군 모델별 보조금,2022,횡성군
승합(중형),이비온,"E6(JL618S), 어린이통학",3570,3200,6770,2022년도 전기자동차 횡성군 모델별 보조금,2022,횡성군
승합(중형),GS글로벌,NEW BYD eBus-7,4357,3200,7557,2022년도 전기자동차 횡성군 모델별 보조금,2022,횡성군
승합(중형),한신자동차,바네스,2821,3200,6021,2022년도 전기자동차 횡성군 모델별 보조금,2022,횡성군
승합(중형),비바모빌리티,VBUS60,3789,3200,6989,2022년도 전기자동차 횡성군 모델별 보조금,2022,횡성군
승합(중형),비바모빌리티,브이버스60i(어린이운송용),3791,3200,6991,2022년도 전기자동차 횡성군 모델별 보조금,2022,횡성군
승합(중형),케이지모빌리티커머셜,SMART 8.7,5000,3200,8200,2022년도 전기자동차 횡성군 모델별 보조금,2022,횡성군
승합(중형),한차,GREENWAY720,5000,3200,8200,2022년도 전기자동차 횡성군 모델별 보조금,2022,횡성군
모델별 지방비 자료가 없습니다.,모델별 지방비 자료가 없습니다.,모델별 지방비 자료가 없습니다.,모델별 지방비 자료가 없습니다.,모델별 지방비 자료가 없습니다.,모델별 지방비 자료가 없습니다.,2022년도 전기자동차 영월군 모델별 보조금,2022,영월군
승합(중형),현대자동차,카운티 일렉트릭(어린이운송용 30인승),4383,3200,7583,2022년도 전기자동차 평창군 모델별 보조금,2022,평창군
승합(중형),현대자동차,(단종)카운티 일렉트릭(어린이운송용 33인승 V2),4391,3200,7591,2022년도 전기자동차 평창군 모델별 보조금,2022,평창군
승합(중형),현대자동차,카운티 일렉트릭(어린이운송용 33인승),4391,3200,7591,2022년도 전기자동차 평창군 모델별 보조금,2022,평창군
승합(중형),현대자동차,카운티 일렉트릭,4391,3200,7591,2022년도 전기자동차 평창군 모델별 보조금,2022,평창군
승합(중형),현대자동차,카운티 일렉트릭(마을버스),5000,3200,8200,2022년도 전기자동차 평창군 모델별 보조금,2022,평창군
승합(중형),우진산전,아폴로750,4780,3200,7980,2022년도 전기자동차 평창군 모델별 보조금,2022,평창군
승합(중형),우진산전,아폴로750(15인승),5000,3200,8200,2022년도 전기자동차 평창군 모델별 보조금,2022,평창군
승합(중형),우진산전,아폴로750전기버스,5000,3200,8200,2022년도 전기자동차 평창군 모델별 보조금,2022,평창군
승합(중형),이비온,E6,2539,3200,5739,2022년도 전기자동차 평창군 모델별 보조금,2022,평창군
승합(중형),이비온,"E6(JL618S), 어린이통학",3570,3200,6770,2022년도 전기자동차 평창군 모델별 보조금,2022,평창군
승합(중형),GS글로벌,NEW BYD eBus-7,4357,3200,7557,2022년도 전기자동차 평창군 모델별 보조금,2022,평창군
승합(중형),한신자동차,바네스,2821,3200,6021,2022년도 전기자동차 평창군 모델별 보조금,2022,평창군
승합(중형),비바모빌리티,VBUS60,3789,3200,6989,2022년도 전기자동차 평창군 모델별 보조금,2022,평창군
승합(중형),비바모빌리티,브이버스60i(어린이운송용),3791,3200,6991,2022년도 전기자동차 평창군 모델별 보조금,2022,평창군
승합(중형),케이지모빌리티커머셜,SMART 8.7,5000,3200,8200,2022년도 전기자동차 평창군 모델별 보조금,2022,평창군
승합(중형),한차,GREENWAY720,5000,3200,8200,2022년도 전기자동차 평창군 모델별 보조금,2022,평창군
승합(대형),현대자동차,일렉시티 굴절버스,14693,5600,20293,2022년도 전기자동차 평창군 모델별 보조금,2022,평창군
승합(대형),현대자동차,일렉시티 이층버스,12501,5600,18101,2022년도 전기자동차 평창군 모델별 보조금,2022,평창군
승합(대형),현대자동차,일렉시티(3PACK),7000,5600,12600,2022년도 전기자동차 평창군 모델별 보조금,2022,평창군
승합(대형),현대자동차,일렉시티(4PACK V1),7000,5600,12600,2022년도 전기자동차 평창군 모델별 보조금,2022,평창군
승합(대형),케이지모빌리티커머셜,이-스마트(57인승),5522,5600,11122,2022년도 전기자동차 평창군 모델별 보조금,2022,평창군
승합(대형),케이지모빌리티커머셜,이-스마트(51인승),5510,5600,11110,2022년도 전기자동차 평창군 모델별 보조금,2022,평창군
승합(대형),케이지모빌리티커머셜,SMART 9.3,7000,5600,12600,2022년도 전기자동차 평창군 모델별 보조금,2022,평창군
승합(대형),케이지모빌리티커머셜,SMART 110(272kWh),7000,5600,12600,2022년도 전기자동차 평창군 모델별 보조금,2022,평창군
승합(대형),케이지모빌리티커머셜,SMART 110E(347kWh),7000,5600,12600,2022년도 전기자동차 평창군 모델별 보조금,2022,평창군
승합(대형),케이지모빌리티커머셜,SMART 110(260kWh),7000,5600,12600,2022년도 전기자동차 평창군 모델별 보조금,2022,평창군
승합(대형),케이지모빌리티커머셜,SMART 110E(260kWh),7000,5600,12600,2022년도 전기자동차 평창군 모델별 보조금,2022,평창군
승합(대형),우진산전,아폴로1100,6396,5600,11996,2022년도 전기자동차 평창군 모델별 보조금,2022,평창군
승합(대형),우진산전,아폴로1100(258kWh),6746,5600,12346,2022년도 전기자동차 평창군 모델별 보조금,2022,평창군
승합(대형),우진산전,아폴로1100(11CTLP),6133,5600,11733,2022년도 전기자동차 평창군 모델별 보조금,2022,평창군
승합(대형),우진산전,아폴로1100전기버스 22MY,7000,5600,12600,2022년도 전기자동차 평창군 모델별 보조금,2022,평창군
승합(대형),피라인모터스,HYPERS(신형),5917,5600,11517,2022년도 전기자동차 평창군 모델별 보조금,2022,평창군
승합(대형),피라인모터스,HYPERS(H),5778,5600,11378,2022년도 전기자동차 평창군 모델별 보조금,2022,평창군
승합(대형),피라인모터스,HYPERS(11L),5021,5600,10621,2022년도 전기자동차 평창군 모델별 보조금,2022,평창군
승합(대형),피라인모터스,HYPERS1611,6021,5600,11621,2022년도 전기자동차 평창군 모델별 보조금,2022,평창군
승합(대형),피라인모터스,HYPERS1609,6068,5600,11668,2022년도 전기자동차 평창군 모델별 보조금,2022,평창군
승합(대형),피라인모터스,HYPERS1612,5795,5600,11395,2022년도 전기자동차 평창군 모델별 보조금,2022,평창군
승합(대형),피라인모터스,HYPERS1609H,6610,5600,12210,2022년도 전기자동차 평창군 모델별 보조금,2022,평창군
승합(대형),비바모빌리티,(단종)브이버스90N,6430,5600,12030,2022년도 전기자동차 평창군 모델별 보조금,2022,평창군
승합(대형),비바모빌리티,(단종)브이버스110-B,6839,5600,12439,2022년도 전기자동차 평창군 모델별 보조금,2022,평창군
승합(대형),북경모터스,그린타운(850),4265,3749,8014,2022년도 전기자동차 평창군 모델별 보조금,2022,평창군
승합(대형),북경모터스,그린타운플러스,6550,4354,10904,2022년도 전기자동차 평창군 모델별 보조금,2022,평창군
승합(대형),범한자동차,E-SKY11(350kWh),7000,5600,12600,2022년도 전기자동차 평창군 모델별 보조금,2022,평창군
승합(대형),범한자동차,E-STAR8 V1,6454,5600,12054,2022년도 전기자동차 평창군 모델별 보조금,2022,평창군
승합(대형),에스에이피,아이즘(IZM),7000,5600,12600,2022년도 전기자동차 평창군 모델별 보조금,2022,평창군
승합(대형),에스에이피,엘페(ELFE),7000,5600,12600,2022년도 전기자동차 평창군 모델별 보조금,2022,평창군
승합(대형),에스에이피,리오네(LIONNE),7000,5600,12600,2022년도 전기자동차 평창군 모델별 보조금,2022,평창군
승합(대형),GS글로벌,eBus-12(K9DC),7000,5600,12600,2022년도 전기자동차 평창군 모델별 보조금,2022,평창군
승합(대형),GS글로벌,NEW BYD eBus-12,7000,5600,12600,2022년도 전기자동차 평창군 모델별 보조금,2022,평창군
승합(대형),티에스에코에너지,일레누스,7000,5600,12600,2022년도 전기자동차 평창군 모델별 보조금,2022,평창군
승합(대형),이온모터스,시티라이트Ⅱ,7000,5600,12600,2022년도 전기자동차 평창군 모델별 보조금,2022,평창군
승합(대형),이온모터스,시티라이트9,7000,5600,12600,2022년도 전기자동차 평창군 모델별 보조금,2022,평창군
승합(대형),한차,GREENWAY1100,6388,5600,11988,2022년도 전기자동차 평창군 모델별 보조금,2022,평창군
승합(대형),이엠코리아,에픽시티(LFP),7000,5600,12600,2022년도 전기자동차 평창군 모델별 보조금,2022,평창군
승합(대형),태영티엔티,GD11,5749,5600,11349,2022년도 전기자동차 평창군 모델별 보조금,2022,평창군
모델별 지방비 자료가 없습니다.,모델별 지방비 자료가 없습니다.,모델별 지방비 자료가 없습니다.,모델별 지방비 자료가 없습니다.,모델별 지방비 자료가 없습니다.,모델별 지방비 자료가 없습니다.,2022년도 전기자동차 정선군 모델별 보조금,2022,정선군
승합(중형),현대자동차,카운티 일렉트릭(어린이운송용 30인승),4383,3200,7583,2022년도 전기자동차 철원군 모델별 보조금,2022,철원군
승합(중형),현대자동차,(단종)카운티 일렉트릭(어린이운송용 33인승 V2),4391,3200,7591,2022년도 전기자동차 철원군 모델별 보조금,2022,철원군
승합(중형),현대자동차,카운티 일렉트릭(어린이운송용 33인승),4391,3200,7591,2022년도 전기자동차 철원군 모델별 보조금,2022,철원군
승합(중형),현대자동차,카운티 일렉트릭,4391,3200,7591,2022년도 전기자동차 철원군 모델별 보조금,2022,철원군
승합(중형),현대자동차,카운티 일렉트릭(마을버스),5000,3200,8200,2022년도 전기자동차 철원군 모델별 보조금,2022,철원군
승합(중형),우진산전,아폴로750,4780,3200,7980,2022년도 전기자동차 철원군 모델별 보조금,2022,철원군
승합(중형),우진산전,아폴로750(15인승),5000,3200,8200,2022년도 전기자동차 철원군 모델별 보조금,2022,철원군
승합(중형),우진산전,아폴로750전기버스,5000,3200,8200,2022년도 전기자동차 철원군 모델별 보조금,2022,철원군
승합(중형),이비온,E6,2539,3200,5739,2022년도 전기자동차 철원군 모델별 보조금,2022,철원군
승합(중형),이비온,"E6(JL618S), 어린이통학",3570,3200,6770,2022년도 전기자동차 철원군 모델별 보조금,2022,철원군
승합(중형),GS글로벌,NEW BYD eBus-7,4357,3200,7557,2022년도 전기자동차 철원군 모델별 보조금,2022,철원군
승합(중형),한신자동차,바네스,2821,3200,6021,2022년도 전기자동차 철원군 모델별 보조금,2022,철원군
승합(중형),비바모빌리티,VBUS60,3789,3200,6989,2022년도 전기자동차 철원군 모델별 보조금,2022,철원군
승합(중형),비바모빌리티,브이버스60i(어린이운송용),3791,3200,6991,2022년도 전기자동차 철원군 모델별 보조금,2022,철원군
승합(중형),케이지모빌리티커머셜,SMART 8.7,5000,3200,8200,2022년도 전기자동차 철원군 모델별 보조금,2022,철원군
승합(중형),한차,GREENWAY720,5000,3200,8200,2022년도 전기자동차 철원군 모델별 보조금,2022,철원군
승합(대형),현대자동차,일렉시티 굴절버스,14693,0,14693,2022년도 전기자동차 철원군 모델별 보조금,2022,철원군
승합(대형),현대자동차,일렉시티 이층버스,12501,0,12501,2022년도 전기자동차 철원군 모델별 보조금,2022,철원군
승합(대형),현대자동차,일렉시티(3PACK),7000,0,7000,2022년도 전기자동차 철원군 모델별 보조금,2022,철원군
승합(대형),현대자동차,일렉시티(4PACK V1),7000,0,7000,2022년도 전기자동차 철원군 모델별 보조금,2022,철원군
승합(대형),케이지모빌리티커머셜,이-스마트(57인승),5522,0,5522,2022년도 전기자동차 철원군 모델별 보조금,2022,철원군
승합(대형),케이지모빌리티커머셜,이-스마트(51인승),5510,0,5510,2022년도 전기자동차 철원군 모델별 보조금,2022,철원군
승합(대형),케이지모빌리티커머셜,SMART 9.3,7000,0,7000,2022년도 전기자동차 철원군 모델별 보조금,2022,철원군
승합(대형),케이지모빌리티커머셜,SMART 110(272kWh),7000,0,7000,2022년도 전기자동차 철원군 모델별 보조금,2022,철원군
승합(대형),케이지모빌리티커머셜,SMART 110E(347kWh),7000,0,7000,2022년도 전기자동차 철원군 모델별 보조금,2022,철원군
승합(대형),케이지모빌리티커머셜,SMART 110(260kWh),7000,0,7000,2022년도 전기자동차 철원군 모델별 보조금,2022,철원군
승합(대형),우진산전,아폴로1100,6396,0,6396,2022년도 전기자동차 철원군 모델별 보조금,2022,철원군
승합(대형),우진산전,아폴로1100(258kWh),6746,0,6746,2022년도 전기자동차 철원군 모델별 보조금,2022,철원군
승합(대형),우진산전,아폴로1100(11CTLP),6133,0,6133,2022년도 전기자동차 철원군 모델별 보조금,2022,철원군
승합(대형),우진산전,아폴로1100전기버스 22MY,7000,0,7000,2022년도 전기자동차 철원군 모델별 보조금,2022,철원군
승합(대형),피라인모터스,HYPERS(신형),5917,0,5917,2022년도 전기자동차 철원군 모델별 보조금,2022,철원군
승합(대형),피라인모터스,HYPERS(H),5778,0,5778,2022년도 전기자동차 철원군 모델별 보조금,2022,철원군
승합(대형),피라인모터스,HYPERS(11L),5021,0,5021,2022년도 전기자동차 철원군 모델별 보조금,2022,철원군
승합(대형),피라인모터스,HYPERS1611,6021,0,6021,2022년도 전기자동차 철원군 모델별 보조금,2022,철원군
승합(대형),피라인모터스,HYPERS1609,6068,0,6068,2022년도 전기자동차 철원군 모델별 보조금,2022,철원군
승합(대형),피라인모터스,HYPERS1612,5795,0,5795,2022년도 전기자동차 철원군 모델별 보조금,2022,철원군
승합(대형),피라인모터스,HYPERS1609H,6610,0,6610,2022년도 전기자동차 철원군 모델별 보조금,2022,철원군
승합(대형),비바모빌리티,(단종)브이버스90N,6430,0,6430,2022년도 전기자동차 철원군 모델별 보조금,2022,철원군
승합(대형),비바모빌리티,(단종)브이버스110-B,6839,0,6839,2022년도 전기자동차 철원군 모델별 보조금,2022,철원군
승합(대형),북경모터스,그린타운(850),4265,0,4265,2022년도 전기자동차 철원군 모델별 보조금,2022,철원군
승합(대형),북경모터스,그린타운플러스,6550,0,6550,2022년도 전기자동차 철원군 모델별 보조금,2022,철원군
승합(대형),에스에이피,아이즘(IZM),7000,0,7000,2022년도 전기자동차 철원군 모델별 보조금,2022,철원군
승합(대형),에스에이피,엘페(ELFE),7000,0,7000,2022년도 전기자동차 철원군 모델별 보조금,2022,철원군
승합(대형),에스에이피,리오네(LIONNE),7000,0,7000,2022년도 전기자동차 철원군 모델별 보조금,2022,철원군
승합(대형),GS글로벌,eBus-12(K9DC),7000,0,7000,2022년도 전기자동차 철원군 모델별 보조금,2022,철원군
승합(대형),GS글로벌,NEW BYD eBus-12,7000,0,7000,2022년도 전기자동차 철원군 모델별 보조금,2022,철원군
승합(대형),티에스에코에너지,일레누스,7000,0,7000,2022년도 전기자동차 철원군 모델별 보조금,2022,철원군
승합(대형),이온모터스,시티라이트Ⅱ,7000,0,7000,2022년도 전기자동차 철원군 모델별 보조금,2022,철원군
승합(대형),이온모터스,시티라이트9,7000,0,7000,2022년도 전기자동차 철원군 모델별 보조금,2022,철원군
승합(대형),한차,GREENWAY1100,6388,0,6388,2022년도 전기자동차 철원군 모델별 보조금,2022,철원군
승합(대형),이엠코리아,에픽시티(LFP),7000,0,7000,2022년도 전기자동차 철원군 모델별 보조금,2022,철원군
승합(대형),태영티엔티,GD11,5749,0,5749,2022년도 전기자동차 철원군 모델별 보조금,2022,철원군
승합(중형),현대자동차,카운티 일렉트릭(어린이운송용 30인승),4383,3200,7583,2022년도 전기자동차 화천군 모델별 보조금,2022,화천군
승합(중형),현대자동차,(단종)카운티 일렉트릭(어린이운송용 33인승 V2),4391,3200,7591,2022년도 전기자동차 화천군 모델별 보조금,2022,화천군
승합(중형),현대자동차,카운티 일렉트릭(어린이운송용 33인승),4391,3200,7591,2022년도 전기자동차 화천군 모델별 보조금,2022,화천군
승합(중형),현대자동차,카운티 일렉트릭,4391,3200,7591,2022년도 전기자동차 화천군 모델별 보조금,2022,화천군
승합(중형),현대자동차,카운티 일렉트릭(마을버스),5000,3200,8200,2022년도 전기자동차 화천군 모델별 보조금,2022,화천군
승합(중형),우진산전,아폴로750,4780,3200,7980,2022년도 전기자동차 화천군 모델별 보조금,2022,화천군
승합(중형),우진산전,아폴로750(15인승),5000,3200,8200,2022년도 전기자동차 화천군 모델별 보조금,2022,화천군
승합(중형),우진산전,아폴로750전기버스,5000,3200,8200,2022년도 전기자동차 화천군 모델별 보조금,2022,화천군
승합(중형),이비온,E6,2539,3200,5739,2022년도 전기자동차 화천군 모델별 보조금,2022,화천군
승합(중형),이비온,"E6(JL618S), 어린이통학",3570,3200,6770,2022년도 전기자동차 화천군 모델별 보조금,2022,화천군
승합(중형),GS글로벌,NEW BYD eBus-7,4357,3200,7557,2022년도 전기자동차 화천군 모델별 보조금,2022,화천군
승합(중형),한신자동차,바네스,2821,3200,6021,2022년도 전기자동차 화천군 모델별 보조금,2022,화천군
승합(중형),비바모빌리티,VBUS60,3789,3200,6989,2022년도 전기자동차 화천군 모델별 보조금,2022,화천군
승합(중형),비바모빌리티,브이버스60i(어린이운송용),3791,3200,6991,2022년도 전기자동차 화천군 모델별 보조금,2022,화천군
승합(중형),케이지모빌리티커머셜,SMART 8.7,5000,5600,10600,2022년도 전기자동차 화천군 모델별 보조금,2022,화천군
승합(중형),한차,GREENWAY720,5000,5600,10600,2022년도 전기자동차 화천군 모델별 보조금,2022,화천군
승합(중형),현대자동차,카운티 일렉트릭(어린이운송용 30인승),4383,3200,7583,2022년도 전기자동차 양구군 모델별 보조금,2022,양구군
승합(중형),현대자동차,(단종)카운티 일렉트릭(어린이운송용 33인승 V2),4391,3200,7591,2022년도 전기자동차 양구군 모델별 보조금,2022,양구군
승합(중형),현대자동차,카운티 일렉트릭(어린이운송용 33인승),4391,3200,7591,2022년도 전기자동차 양구군 모델별 보조금,2022,양구군
승합(중형),현대자동차,카운티 일렉트릭,4391,3200,7591,2022년도 전기자동차 양구군 모델별 보조금,2022,양구군
승합(중형),현대자동차,카운티 일렉트릭(마을버스),5000,3200,8200,2022년도 전기자동차 양구군 모델별 보조금,2022,양구군
승합(중형),우진산전,아폴로750,4780,3200,7980,2022년도 전기자동차 양구군 모델별 보조금,2022,양구군
승합(중형),우진산전,아폴로750(15인승),5000,3200,8200,2022년도 전기자동차 양구군 모델별 보조금,2022,양구군
승합(중형),우진산전,아폴로750전기버스,5000,3200,8200,2022년도 전기자동차 양구군 모델별 보조금,2022,양구군
승합(중형),이비온,E6,2539,3200,5739,2022년도 전기자동차 양구군 모델별 보조금,2022,양구군
승합(중형),이비온,"E6(JL618S), 어린이통학",3570,3200,6770,2022년도 전기자동차 양구군 모델별 보조금,2022,양구군
승합(중형),GS글로벌,NEW BYD eBus-7,4357,3200,7557,2022년도 전기자동차 양구군 모델별 보조금,2022,양구군
승합(중형),한신자동차,바네스,2821,3200,6021,2022년도 전기자동차 양구군 모델별 보조금,2022,양구군
승합(중형),비바모빌리티,VBUS60,3789,3200,6989,2022년도 전기자동차 양구군 모델별 보조금,2022,양구군
승합(중형),비바모빌리티,브이버스60i(어린이운송용),3791,3200,6991,2022년도 전기자동차 양구군 모델별 보조금,2022,양구군
승합(중형),케이지모빌리티커머셜,SMART 8.7,5000,3200,8200,2022년도 전기자동차 양구군 모델별 보조금,2022,양구군
승합(중형),한차,GREENWAY720,5000,3200,8200,2022년도 전기자동차 양구군 모델별 보조금,2022,양구군
승합(대형),현대자동차,일렉시티 굴절버스,14693,5600,20293,2022년도 전기자동차 양구군 모델별 보조금,2022,양구군
승합(대형),현대자동차,일렉시티 이층버스,12501,5600,18101,2022년도 전기자동차 양구군 모델별 보조금,2022,양구군
승합(대형),현대자동차,일렉시티(3PACK),7000,5600,12600,2022년도 전기자동차 양구군 모델별 보조금,2022,양구군
승합(대형),현대자동차,일렉시티(4PACK V1),7000,5600,12600,2022년도 전기자동차 양구군 모델별 보조금,2022,양구군
승합(대형),현대자동차,일렉시티 타운,7000,5600,12600,2022년도 전기자동차 양구군 모델별 보조금,2022,양구군
승합(대형),케이지모빌리티커머셜,이-스마트(57인승),5522,5600,11122,2022년도 전기자동차 양구군 모델별 보조금,2022,양구군
승합(대형),케이지모빌리티커머셜,이-스마트(51인승),5510,5600,11110,2022년도 전기자동차 양구군 모델별 보조금,2022,양구군
승합(대형),케이지모빌리티커머셜,SMART 9.3,7000,5600,12600,2022년도 전기자동차 양구군 모델별 보조금,2022,양구군
승합(대형),케이지모빌리티커머셜,SMART 110(272kWh),7000,5600,12600,2022년도 전기자동차 양구군 모델별 보조금,2022,양구군
승합(대형),케이지모빌리티커머셜,SMART 110E(347kWh),7000,5600,12600,2022년도 전기자동차 양구군 모델별 보조금,2022,양구군
승합(대형),케이지모빌리티커머셜,SMART 110(260kWh),7000,5600,12600,2022년도 전기자동차 양구군 모델별 보조금,2022,양구군
승합(대형),케이지모빌리티커머셜,SMART 110E(260kWh),7000,5600,12600,2022년도 전기자동차 양구군 모델별 보조금,2022,양구군
승합(대형),우진산전,아폴로1100,6396,5600,11996,2022년도 전기자동차 양구군 모델별 보조금,2022,양구군
승합(대형),우진산전,아폴로1100(258kWh),6746,5600,12346,2022년도 전기자동차 양구군 모델별 보조금,2022,양구군
승합(대형),우진산전,아폴로1100(11CTLP),6133,5600,11733,2022년도 전기자동차 양구군 모델별 보조금,2022,양구군
승합(대형),우진산전,아폴로900전기버스,4658,5600,10258,2022년도 전기자동차 양구군 모델별 보조금,2022,양구군
승합(대형),우진산전,아폴로1100전기버스 22MY,7000,5600,12600,2022년도 전기자동차 양구군 모델별 보조금,2022,양구군
승합(대형),피라인모터스,HYPERS(신형),5917,5600,11517,2022년도 전기자동차 양구군 모델별 보조금,2022,양구군
승합(대형),피라인모터스,HYPERS(H),5778,5600,11378,2022년도 전기자동차 양구군 모델별 보조금,2022,양구군
승합(대형),피라인모터스,HYPERS(11L),5021,5600,10621,2022년도 전기자동차 양구군 모델별 보조금,2022,양구군
승합(대형),피라인모터스,HYPERS1611,6021,5600,11621,2022년도 전기자동차 양구군 모델별 보조금,2022,양구군
승합(대형),피라인모터스,HYPERS1609,6068,5600,11668,2022년도 전기자동차 양구군 모델별 보조금,2022,양구군
승합(대형),피라인모터스,HYPERS1612,5795,5600,11395,2022년도 전기자동차 양구군 모델별 보조금,2022,양구군
승합(대형),피라인모터스,HYPERS1609H,6610,5600,12210,2022년도 전기자동차 양구군 모델별 보조금,2022,양구군
승합(대형),피라인모터스,HYPERS1612N,7000,5600,12600,2022년도 전기자동차 양구군 모델별 보조금,2022,양구군
승합(대형),피라인모터스,HYPERS1609N,7000,5600,12600,2022년도 전기자동차 양구군 모델별 보조금,2022,양구군
승합(대형),피라인모터스,HYPERS1611N,6660,5600,12260,2022년도 전기자동차 양구군 모델별 보조금,2022,양구군
승합(대형),비바모빌리티,(단종)브이버스90N,6430,5600,12030,2022년도 전기자동차 양구군 모델별 보조금,2022,양구군
승합(대형),비바모빌리티,(단종)브이버스120,7000,5600,12600,2022년도 전기자동차 양구군 모델별 보조금,2022,양구군
승합(대형),비바모빌리티,(단종)브이버스110-B,6839,5600,12439,2022년도 전기자동차 양구군 모델별 보조금,2022,양구군
승합(대형),북경모터스,그린타운(850),4265,0,4265,2022년도 전기자동차 양구군 모델별 보조금,2022,양구군
승합(대형),북경모터스,그린타운플러스,6550,0,6550,2022년도 전기자동차 양구군 모델별 보조금,2022,양구군
승합(대형),범한자동차,E-SKY11(350kWh),7000,5600,12600,2022년도 전기자동차 양구군 모델별 보조금,2022,양구군
승합(대형),범한자동차,E-SKY9(281kWh),7000,5600,12600,2022년도 전기자동차 양구군 모델별 보조금,2022,양구군
승합(대형),범한자동차,E-STAR8 V1,6454,5600,12054,2022년도 전기자동차 양구군 모델별 보조금,2022,양구군
승합(대형),범한자동차,E-STAR11,7000,5600,12600,2022년도 전기자동차 양구군 모델별 보조금,2022,양구군
승합(대형),에스에이피,아이즘(IZM),7000,5600,12600,2022년도 전기자동차 양구군 모델별 보조금,2022,양구군
승합(대형),에스에이피,엘페(ELFE),7000,5600,12600,2022년도 전기자동차 양구군 모델별 보조금,2022,양구군
승합(대형),에스에이피,리오네(LIONNE),7000,5600,12600,2022년도 전기자동차 양구군 모델별 보조금,2022,양구군
승합(대형),GS글로벌,eBus-12(K9DC),7000,5600,12600,2022년도 전기자동차 양구군 모델별 보조금,2022,양구군
승합(대형),GS글로벌,NEW BYD eBus-12,7000,5600,12600,2022년도 전기자동차 양구군 모델별 보조금,2022,양구군
승합(대형),티에스에코에너지,일레누스,7000,5600,12600,2022년도 전기자동차 양구군 모델별 보조금,2022,양구군
승합(대형),티에스에코에너지,일레누스(TS900),6251,5600,11851,2022년도 전기자동차 양구군 모델별 보조금,2022,양구군
승합(대형),이온모터스,시티라이트,5815,5600,11415,2022년도 전기자동차 양구군 모델별 보조금,2022,양구군
승합(대형),이온모터스,시티라이트Ⅱ,7000,5600,12600,2022년도 전기자동차 양구군 모델별 보조금,2022,양구군
승합(대형),이온모터스,시티라이트9,7000,5600,12600,2022년도 전기자동차 양구군 모델별 보조금,2022,양구군
승합(대형),한차,GREENWAY1100,6388,5600,11988,2022년도 전기자동차 양구군 모델별 보조금,2022,양구군
승합(대형),한차,GREENWAY1100A,7000,5600,12600,2022년도 전기자동차 양구군 모델별 보조금,2022,양구군
승합(대형),이엠코리아,에픽시티(LFP),7000,5600,12600,2022년도 전기자동차 양구군 모델별 보조금,2022,양구군
승합(대형),태영티엔티,GD11,5749,5600,11349,2022년도 전기자동차 양구군 모델별 보조금,2022,양구군
승합(대형),재일홀딩스,그린타운400,6418,0,6418,2022년도 전기자동차 양구군 모델별 보조금,2022,양구군
승합(중형),현대자동차,카운티 일렉트릭(어린이운송용 30인승),4383,3200,7583,2022년도 전기자동차 인제군 모델별 보조금,2022,인제군
승합(중형),현대자동차,(단종)카운티 일렉트릭(어린이운송용 33인승 V2),4391,3200,7591,2022년도 전기자동차 인제군 모델별 보조금,2022,인제군
승합(중형),현대자동차,카운티 일렉트릭(어린이운송용 33인승),4391,3200,7591,2022년도 전기자동차 인제군 모델별 보조금,2022,인제군
승합(중형),현대자동차,카운티 일렉트릭,4391,3200,7591,2022년도 전기자동차 인제군 모델별 보조금,2022,인제군
승합(중형),현대자동차,카운티 일렉트릭(마을버스),5000,3200,8200,2022년도 전기자동차 인제군 모델별 보조금,2022,인제군
승합(중형),우진산전,아폴로750,4780,3200,7980,2022년도 전기자동차 인제군 모델별 보조금,2022,인제군
승합(중형),우진산전,아폴로750(15인승),5000,3200,8200,2022년도 전기자동차 인제군 모델별 보조금,2022,인제군
승합(중형),우진산전,아폴로750전기버스,5000,3200,8200,2022년도 전기자동차 인제군 모델별 보조금,2022,인제군
승합(중형),이비온,E6,2539,3200,5739,2022년도 전기자동차 인제군 모델별 보조금,2022,인제군
승합(중형),이비온,"E6(JL618S), 어린이통학",3570,3200,6770,2022년도 전기자동차 인제군 모델별 보조금,2022,인제군
승합(중형),GS글로벌,NEW BYD eBus-7,4357,3200,7557,2022년도 전기자동차 인제군 모델별 보조금,2022,인제군
승합(중형),한신자동차,바네스,2821,3200,6021,2022년도 전기자동차 인제군 모델별 보조금,2022,인제군
승합(중형),비바모빌리티,VBUS60,3789,3200,6989,2022년도 전기자동차 인제군 모델별 보조금,2022,인제군
승합(중형),비바모빌리티,브이버스60i(어린이운송용),3791,3200,6991,2022년도 전기자동차 인제군 모델별 보조금,2022,인제군
승합(중형),케이지모빌리티커머셜,SMART 8.7,5000,3200,8200,2022년도 전기자동차 인제군 모델별 보조금,2022,인제군
승합(중형),한차,GREENWAY720,5000,3200,8200,2022년도 전기자동차 인제군 모델별 보조금,2022,인제군
승합(대형),현대자동차,일렉시티 굴절버스,14693,0,14693,2022년도 전기자동차 인제군 모델별 보조금,2022,인제군
승합(대형),현대자동차,일렉시티 이층버스,12501,0,12501,2022년도 전기자동차 인제군 모델별 보조금,2022,인제군
승합(대형),현대자동차,일렉시티(3PACK),7000,0,7000,2022년도 전기자동차 인제군 모델별 보조금,2022,인제군
승합(대형),현대자동차,일렉시티(4PACK V1),7000,0,7000,2022년도 전기자동차 인제군 모델별 보조금,2022,인제군
승합(대형),케이지모빌리티커머셜,이-스마트(57인승),5522,0,5522,2022년도 전기자동차 인제군 모델별 보조금,2022,인제군
승합(대형),케이지모빌리티커머셜,이-스마트(51인승),5510,0,5510,2022년도 전기자동차 인제군 모델별 보조금,2022,인제군
승합(대형),케이지모빌리티커머셜,SMART 9.3,7000,0,7000,2022년도 전기자동차 인제군 모델별 보조금,2022,인제군
승합(대형),케이지모빌리티커머셜,SMART 110(272kWh),7000,0,7000,2022년도 전기자동차 인제군 모델별 보조금,2022,인제군
승합(대형),케이지모빌리티커머셜,SMART 110E(347kWh),7000,0,7000,2022년도 전기자동차 인제군 모델별 보조금,2022,인제군
승합(대형),케이지모빌리티커머셜,SMART 110(260kWh),7000,0,7000,2022년도 전기자동차 인제군 모델별 보조금,2022,인제군
승합(대형),우진산전,아폴로1100,6396,0,6396,2022년도 전기자동차 인제군 모델별 보조금,2022,인제군
승합(대형),우진산전,아폴로1100(258kWh),6746,0,6746,2022년도 전기자동차 인제군 모델별 보조금,2022,인제군
승합(대형),우진산전,아폴로1100(11CTLP),6133,0,6133,2022년도 전기자동차 인제군 모델별 보조금,2022,인제군
승합(대형),피라인모터스,HYPERS(신형),5917,0,5917,2022년도 전기자동차 인제군 모델별 보조금,2022,인제군
승합(대형),피라인모터스,HYPERS(H),5778,0,5778,2022년도 전기자동차 인제군 모델별 보조금,2022,인제군
승합(대형),피라인모터스,HYPERS(11L),5021,0,5021,2022년도 전기자동차 인제군 모델별 보조금,2022,인제군
승합(대형),피라인모터스,HYPERS1611,6021,0,6021,2022년도 전기자동차 인제군 모델별 보조금,2022,인제군
승합(대형),피라인모터스,HYPERS1609,6068,0,6068,2022년도 전기자동차 인제군 모델별 보조금,2022,인제군
승합(대형),피라인모터스,HYPERS1612,5795,0,5795,2022년도 전기자동차 인제군 모델별 보조금,2022,인제군
승합(대형),북경모터스,그린타운(850),4265,0,4265,2022년도 전기자동차 인제군 모델별 보조금,2022,인제군
승합(대형),북경모터스,그린타운플러스,6550,0,6550,2022년도 전기자동차 인제군 모델별 보조금,2022,인제군
승합(대형),GS글로벌,eBus-12(K9DC),7000,0,7000,2022년도 전기자동차 인제군 모델별 보조금,2022,인제군
승합(대형),GS글로벌,NEW BYD eBus-12,7000,0,7000,2022년도 전기자동차 인제군 모델별 보조금,2022,인제군
승합(대형),이온모터스,시티라이트Ⅱ,7000,0,7000,2022년도 전기자동차 인제군 모델별 보조금,2022,인제군
승합(대형),이온모터스,시티라이트9,7000,0,7000,2022년도 전기자동차 인제군 모델별 보조금,2022,인제군
승합(대형),한차,GREENWAY1100,6388,0,6388,2022년도 전기자동차 인제군 모델별 보조금,2022,인제군
승합(대형),이엠코리아,에픽시티(LFP),7000,0,7000,2022년도 전기자동차 인제군 모델별 보조금,2022,인제군
승합(대형),태영티엔티,GD11,5749,0,5749,2022년도 전기자동차 인제군 모델별 보조금,2022,인제군
승합(중형),현대자동차,카운티 일렉트릭(어린이운송용 30인승),4383,3200,7583,2022년도 전기자동차 고성군 모델별 보조금,2022,고성군
승합(중형),현대자동차,(단종)카운티 일렉트릭(어린이운송용 33인승 V2),4391,3200,7591,2022년도 전기자동차 고성군 모델별 보조금,2022,고성군
승합(중형),현대자동차,카운티 일렉트릭(어린이운송용 33인승),4391,3200,7591,2022년도 전기자동차 고성군 모델별 보조금,2022,고성군
승합(중형),현대자동차,카운티 일렉트릭,4391,3200,7591,2022년도 전기자동차 고성군 모델별 보조금,2022,고성군
승합(중형),현대자동차,카운티 일렉트릭(마을버스),5000,3200,8200,2022년도 전기자동차 고성군 모델별 보조금,2022,고성군
승합(중형),우진산전,아폴로750,4780,3200,7980,2022년도 전기자동차 고성군 모델별 보조금,2022,고성군
승합(중형),우진산전,아폴로750(15인승),5000,3200,8200,2022년도 전기자동차 고성군 모델별 보조금,2022,고성군
승합(중형),우진산전,아폴로750전기버스,5000,3200,8200,2022년도 전기자동차 고성군 모델별 보조금,2022,고성군
승합(중형),이비온,E6,2539,3200,5739,2022년도 전기자동차 고성군 모델별 보조금,2022,고성군
승합(중형),이비온,"E6(JL618S), 어린이통학",3570,3200,6770,2022년도 전기자동차 고성군 모델별 보조금,2022,고성군
승합(중형),GS글로벌,NEW BYD eBus-7,4357,3200,7557,2022년도 전기자동차 고성군 모델별 보조금,2022,고성군
승합(중형),한신자동차,바네스,2821,3200,6021,2022년도 전기자동차 고성군 모델별 보조금,2022,고성군
승합(중형),비바모빌리티,VBUS60,3789,3200,6989,2022년도 전기자동차 고성군 모델별 보조금,2022,고성군
승합(중형),비바모빌리티,브이버스60i(어린이운송용),3791,3200,6991,2022년도 전기자동차 고성군 모델별 보조금,2022,고성군
승합(중형),케이지모빌리티커머셜,SMART 8.7,5000,3200,8200,2022년도 전기자동차 고성군 모델별 보조금,2022,고성군
승합(중형),한차,GREENWAY720,5000,3200,8200,2022년도 전기자동차 고성군 모델별 보조금,2022,고성군
승합(대형),현대자동차,일렉시티 굴절버스,14693,5600,20293,2022년도 전기자동차 고성군 모델별 보조금,2022,고성군
승합(대형),현대자동차,일렉시티 이층버스,12501,5600,18101,2022년도 전기자동차 고성군 모델별 보조금,2022,고성군
승합(대형),현대자동차,일렉시티(3PACK),7000,0,7000,2022년도 전기자동차 고성군 모델별 보조금,2022,고성군
승합(대형),현대자동차,일렉시티(4PACK V1),7000,0,7000,2022년도 전기자동차 고성군 모델별 보조금,2022,고성군
승합(대형),케이지모빌리티커머셜,이-스마트(57인승),5522,5600,11122,2022년도 전기자동차 고성군 모델별 보조금,2022,고성군
승합(대형),케이지모빌리티커머셜,이-스마트(51인승),5510,5600,11110,2022년도 전기자동차 고성군 모델별 보조금,2022,고성군
승합(대형),케이지모빌리티커머셜,SMART 9.3,7000,5600,12600,2022년도 전기자동차 고성군 모델별 보조금,2022,고성군
승합(대형),케이지모빌리티커머셜,SMART 110(272kWh),7000,5600,12600,2022년도 전기자동차 고성군 모델별 보조금,2022,고성군
승합(대형),케이지모빌리티커머셜,SMART 110E(347kWh),7000,5600,12600,2022년도 전기자동차 고성군 모델별 보조금,2022,고성군
승합(대형),케이지모빌리티커머셜,SMART 110(260kWh),7000,5600,12600,2022년도 전기자동차 고성군 모델별 보조금,2022,고성군
승합(대형),우진산전,아폴로1100,6396,5600,11996,2022년도 전기자동차 고성군 모델별 보조금,2022,고성군
승합(대형),우진산전,아폴로1100(258kWh),6746,5600,12346,2022년도 전기자동차 고성군 모델별 보조금,2022,고성군
승합(대형),우진산전,아폴로1100(11CTLP),6133,5600,11733,2022년도 전기자동차 고성군 모델별 보조금,2022,고성군
승합(대형),피라인모터스,HYPERS(신형),5917,5600,11517,2022년도 전기자동차 고성군 모델별 보조금,2022,고성군
승합(대형),피라인모터스,HYPERS(H),5778,5600,11378,2022년도 전기자동차 고성군 모델별 보조금,2022,고성군
승합(대형),피라인모터스,HYPERS(11L),5021,5600,10621,2022년도 전기자동차 고성군 모델별 보조금,2022,고성군
승합(대형),피라인모터스,HYPERS1611,6021,5600,11621,2022년도 전기자동차 고성군 모델별 보조금,2022,고성군
승합(대형),피라인모터스,HYPERS1609,6068,5600,11668,2022년도 전기자동차 고성군 모델별 보조금,2022,고성군
승합(대형),피라인모터스,HYPERS1612,5795,5600,11395,2022년도 전기자동차 고성군 모델별 보조금,2022,고성군
승합(대형),북경모터스,그린타운(850),4265,0,4265,2022년도 전기자동차 고성군 모델별 보조금,2022,고성군
승합(대형),북경모터스,그린타운플러스,6550,0,6550,2022년도 전기자동차 고성군 모델별 보조금,2022,고성군
승합(대형),GS글로벌,eBus-12(K9DC),7000,5600,12600,2022년도 전기자동차 고성군 모델별 보조금,2022,고성군
승합(대형),GS글로벌,NEW BYD eBus-12,7000,5600,12600,2022년도 전기자동차 고성군 모델별 보조금,2022,고성군
승합(대형),이온모터스,시티라이트Ⅱ,7000,5600,12600,2022년도 전기자동차 고성군 모델별 보조금,2022,고성군
승합(대형),이온모터스,시티라이트9,7000,5600,12600,2022년도 전기자동차 고성군 모델별 보조금,2022,고성군
승합(대형),한차,GREENWAY1100,6388,5600,11988,2022년도 전기자동차 고성군 모델별 보조금,2022,고성군
승합(대형),이엠코리아,에픽시티(LFP),7000,5600,12600,2022년도 전기자동차 고성군 모델별 보조금,2022,고성군
승합(대형),태영티엔티,GD11,5749,0,5749,2022년도 전기자동차 고성군 모델별 보조금,2022,고성군
모델별 지방비 자료가 없습니다.,모델별 지방비 자료가 없습니다.,모델별 지방비 자료가 없습니다.,모델별 지방비 자료가 없습니다.,모델별 지방비 자료가 없습니다.,모델별 지방비 자료가 없습니다.,2022년도 전기자동차 양양군 모델별 보조금,2022,양양군
승합(중형),현대자동차,카운티 일렉트릭(어린이운송용 30인승),4383,0,4383,2022년도 전기자동차 청주시 모델별 보조금,2022,청주시
승합(중형),현대자동차,(단종)카운티 일렉트릭(어린이운송용 33인승 V2),4391,0,4391,2022년도 전기자동차 청주시 모델별 보조금,2022,청주시
승합(중형),현대자동차,카운티 일렉트릭(어린이운송용 33인승),4391,0,4391,2022년도 전기자동차 청주시 모델별 보조금,2022,청주시
승합(중형),현대자동차,카운티 일렉트릭,4391,0,4391,2022년도 전기자동차 청주시 모델별 보조금,2022,청주시
승합(중형),현대자동차,카운티 일렉트릭(마을버스),5000,0,5000,2022년도 전기자동차 청주시 모델별 보조금,2022,청주시
승합(중형),우진산전,아폴로750,4780,0,4780,2022년도 전기자동차 청주시 모델별 보조금,2022,청주시
승합(중형),우진산전,아폴로750(15인승),5000,0,5000,2022년도 전기자동차 청주시 모델별 보조금,2022,청주시
승합(중형),우진산전,아폴로750전기버스,5000,0,5000,2022년도 전기자동차 청주시 모델별 보조금,2022,청주시
승합(중형),이비온,E6,2539,0,2539,2022년도 전기자동차 청주시 모델별 보조금,2022,청주시
승합(중형),이비온,"E6(JL618S), 어린이통학",3570,0,3570,2022년도 전기자동차 청주시 모델별 보조금,2022,청주시
승합(중형),GS글로벌,NEW BYD eBus-7,4357,0,4357,2022년도 전기자동차 청주시 모델별 보조금,2022,청주시
승합(중형),한신자동차,바네스,2821,0,2821,2022년도 전기자동차 청주시 모델별 보조금,2022,청주시
승합(중형),비바모빌리티,VBUS60,3789,0,3789,2022년도 전기자동차 청주시 모델별 보조금,2022,청주시
승합(중형),비바모빌리티,브이버스60i(어린이운송용),3791,0,3791,2022년도 전기자동차 청주시 모델별 보조금,2022,청주시
승합(중형),케이지모빌리티커머셜,SMART 8.7,5000,0,5000,2022년도 전기자동차 청주시 모델별 보조금,2022,청주시
승합(중형),한차,GREENWAY720,5000,0,5000,2022년도 전기자동차 청주시 모델별 보조금,2022,청주시
승합(대형),현대자동차,일렉시티 굴절버스,14693,0,14693,2022년도 전기자동차 청주시 모델별 보조금,2022,청주시
승합(대형),현대자동차,일렉시티 이층버스,12501,0,12501,2022년도 전기자동차 청주시 모델별 보조금,2022,청주시
승합(대형),현대자동차,일렉시티(3PACK),7000,0,7000,2022년도 전기자동차 청주시 모델별 보조금,2022,청주시
승합(대형),현대자동차,일렉시티(4PACK V1),7000,14600,21600,2022년도 전기자동차 청주시 모델별 보조금,2022,청주시
승합(대형),현대자동차,일렉시티 타운,7000,0,7000,2022년도 전기자동차 청주시 모델별 보조금,2022,청주시
승합(대형),케이지모빌리티커머셜,이-스마트(57인승),5522,0,5522,2022년도 전기자동차 청주시 모델별 보조금,2022,청주시
승합(대형),케이지모빌리티커머셜,이-스마트(51인승),5510,0,5510,2022년도 전기자동차 청주시 모델별 보조금,2022,청주시
승합(대형),케이지모빌리티커머셜,SMART 9.3,7000,0,7000,2022년도 전기자동차 청주시 모델별 보조금,2022,청주시
승합(대형),케이지모빌리티커머셜,SMART 110(272kWh),7000,0,7000,2022년도 전기자동차 청주시 모델별 보조금,2022,청주시
승합(대형),케이지모빌리티커머셜,SMART 110E(347kWh),7000,0,7000,2022년도 전기자동차 청주시 모델별 보조금,2022,청주시
승합(대형),케이지모빌리티커머셜,SMART 110(260kWh),7000,0,7000,2022년도 전기자동차 청주시 모델별 보조금,2022,청주시
승합(대형),케이지모빌리티커머셜,SMART 110E(260kWh),7000,0,7000,2022년도 전기자동차 청주시 모델별 보조금,2022,청주시
승합(대형),우진산전,아폴로1100,6396,0,6396,2022년도 전기자동차 청주시 모델별 보조금,2022,청주시
승합(대형),우진산전,아폴로1100(258kWh),6746,0,6746,2022년도 전기자동차 청주시 모델별 보조금,2022,청주시
승합(대형),우진산전,아폴로1100(11CTLP),6133,0,6133,2022년도 전기자동차 청주시 모델별 보조금,2022,청주시
승합(대형),우진산전,아폴로900전기버스,4658,0,4658,2022년도 전기자동차 청주시 모델별 보조금,2022,청주시
승합(대형),우진산전,아폴로1100전기버스 22MY,7000,14600,21600,2022년도 전기자동차 청주시 모델별 보조금,2022,청주시
승합(대형),피라인모터스,HYPERS(신형),5917,0,5917,2022년도 전기자동차 청주시 모델별 보조금,2022,청주시
승합(대형),피라인모터스,HYPERS(H),5778,0,5778,2022년도 전기자동차 청주시 모델별 보조금,2022,청주시
승합(대형),피라인모터스,HYPERS(11L),5021,0,5021,2022년도 전기자동차 청주시 모델별 보조금,2022,청주시
승합(대형),피라인모터스,HYPERS1611,6021,0,6021,2022년도 전기자동차 청주시 모델별 보조금,2022,청주시
승합(대형),피라인모터스,HYPERS1609,6068,0,6068,2022년도 전기자동차 청주시 모델별 보조금,2022,청주시
승합(대형),피라인모터스,HYPERS1612,5795,0,5795,2022년도 전기자동차 청주시 모델별 보조금,2022,청주시
승합(대형),피라인모터스,HYPERS1609H,6610,0,6610,2022년도 전기자동차 청주시 모델별 보조금,2022,청주시
승합(대형),피라인모터스,HYPERS1612N,7000,0,7000,2022년도 전기자동차 청주시 모델별 보조금,2022,청주시
승합(대형),피라인모터스,HYPERS1609N,7000,0,7000,2022년도 전기자동차 청주시 모델별 보조금,2022,청주시
승합(대형),비바모빌리티,(단종)브이버스90N,6430,0,6430,2022년도 전기자동차 청주시 모델별 보조금,2022,청주시
승합(대형),비바모빌리티,(단종)브이버스120,7000,0,7000,2022년도 전기자동차 청주시 모델별 보조금,2022,청주시
승합(대형),비바모빌리티,(단종)브이버스110-B,6839,0,6839,2022년도 전기자동차 청주시 모델별 보조금,2022,청주시
승합(대형),북경모터스,그린타운(850),4265,0,4265,2022년도 전기자동차 청주시 모델별 보조금,2022,청주시
승합(대형),북경모터스,그린타운플러스,6550,0,6550,2022년도 전기자동차 청주시 모델별 보조금,2022,청주시
승합(대형),범한자동차,E-SKY11(350kWh),7000,0,7000,2022년도 전기자동차 청주시 모델별 보조금,2022,청주시
승합(대형),범한자동차,E-SKY9(281kWh),7000,0,7000,2022년도 전기자동차 청주시 모델별 보조금,2022,청주시
승합(대형),범한자동차,E-STAR8 V1,6454,0,6454,2022년도 전기자동차 청주시 모델별 보조금,2022,청주시
승합(대형),범한자동차,E-STAR11,7000,0,7000,2022년도 전기자동차 청주시 모델별 보조금,2022,청주시
승합(대형),에스에이피,아이즘(IZM),7000,0,7000,2022년도 전기자동차 청주시 모델별 보조금,2022,청주시
승합(대형),에스에이피,엘페(ELFE),7000,0,7000,2022년도 전기자동차 청주시 모델별 보조금,2022,청주시
승합(대형),에스에이피,리오네(LIONNE),7000,0,7000,2022년도 전기자동차 청주시 모델별 보조금,2022,청주시
승합(대형),GS글로벌,eBus-12(K9DC),7000,0,7000,2022년도 전기자동차 청주시 모델별 보조금,2022,청주시
승합(대형),GS글로벌,NEW BYD eBus-12,7000,0,7000,2022년도 전기자동차 청주시 모델별 보조금,2022,청주시
승합(대형),티에스에코에너지,일레누스,7000,0,7000,2022년도 전기자동차 청주시 모델별 보조금,2022,청주시
승합(대형),티에스에코에너지,일레누스(TS900),6251,0,6251,2022년도 전기자동차 청주시 모델별 보조금,2022,청주시
승합(대형),이온모터스,시티라이트,5815,0,5815,2022년도 전기자동차 청주시 모델별 보조금,2022,청주시
승합(대형),이온모터스,시티라이트Ⅱ,7000,0,7000,2022년도 전기자동차 청주시 모델별 보조금,2022,청주시
승합(대형),이온모터스,시티라이트9,7000,0,7000,2022년도 전기자동차 청주시 모델별 보조금,2022,청주시
승합(대형),한차,GREENWAY1100,6388,14600,20988,2022년도 전기자동차 청주시 모델별 보조금,2022,청주시
승합(대형),한차,GREENWAY1100A,7000,0,7000,2022년도 전기자동차 청주시 모델별 보조금,2022,청주시
승합(대형),이엠코리아,에픽시티(LFP),7000,0,7000,2022년도 전기자동차 청주시 모델별 보조금,2022,청주시
승합(대형),태영티엔티,GD11,5749,0,5749,2022년도 전기자동차 청주시 모델별 보조금,2022,청주시
승합(대형),재일홀딩스,그린타운400,6418,0,6418,2022년도 전기자동차 청주시 모델별 보조금,2022,청주시
모델별 지방비 자료가 없습니다.,모델별 지방비 자료가 없습니다.,모델별 지방비 자료가 없습니다.,모델별 지방비 자료가 없습니다.,모델별 지방비 자료가 없습니다.,모델별 지방비 자료가 없습니다.,2022년도 전기자동차 충주시 모델별 보조금,2022,충주시
모델별 지방비 자료가 없습니다.,모델별 지방비 자료가 없습니다.,모델별 지방비 자료가 없습니다.,모델별 지방비 자료가 없습니다.,모델별 지방비 자료가 없습니다.,모델별 지방비 자료가 없습니다.,2022년도 전기자동차 제천시 모델별 보조금,2022,제천시
모델별 지방비 자료가 없습니다.,모델별 지방비 자료가 없습니다.,모델별 지방비 자료가 없습니다.,모델별 지방비 자료가 없습니다.,모델별 지방비 자료가 없습니다.,모델별 지방비 자료가 없습니다.,2022년도 전기자동차 보은군 모델별 보조금,2022,보은군
모델별 지방비 자료가 없습니다.,모델별 지방비 자료가 없습니다.,모델별 지방비 자료가 없습니다.,모델별 지방비 자료가 없습니다.,모델별 지방비 자료가 없습니다.,모델별 지방비 자료가 없습니다.,2022년도 전기자동차 옥천군 모델별 보조금,2022,옥천군
모델별 지방비 자료가 없습니다.,모델별 지방비 자료가 없습니다.,모델별 지방비 자료가 없습니다.,모델별 지방비 자료가 없습니다.,모델별 지방비 자료가 없습니다.,모델별 지방비 자료가 없습니다.,2022년도 전기자동차 영동군 모델별 보조금,2022,영동군
모델별 지방비 자료가 없습니다.,모델별 지방비 자료가 없습니다.,모델별 지방비 자료가 없습니다.,모델별 지방비 자료가 없습니다.,모델별 지방비 자료가 없습니다.,모델별 지방비 자료가 없습니다.,2022년도 전기자동차 증평군 모델별 보조금,2022,증평군
모델별 지방비 자료가 없습니다.,모델별 지방비 자료가 없습니다.,모델별 지방비 자료가 없습니다.,모델별 지방비 자료가 없습니다.,모델별 지방비 자료가 없습니다.,모델별 지방비 자료가 없습니다.,2022년도 전기자동차 진천군 모델별 보조금,2022,진천군
모델별 지방비 자료가 없습니다.,모델별 지방비 자료가 없습니다.,모델별 지방비 자료가 없습니다.,모델별 지방비 자료가 없습니다.,모델별 지방비 자료가 없습니다.,모델별 지방비 자료가 없습니다.,2022년도 전기자동차 괴산군 모델별 보조금,2022,괴산군
모델별 지방비 자료가 없습니다.,모델별 지방비 자료가 없습니다.,모델별 지방비 자료가 없습니다.,모델별 지방비 자료가 없습니다.,모델별 지방비 자료가 없습니다.,모델별 지방비 자료가 없습니다.,2022년도 전기자동차 음성군 모델별 보조금,2022,음성군
모델별 지방비 자료가 없습니다.,모델별 지방비 자료가 없습니다.,모델별 지방비 자료가 없습니다.,모델별 지방비 자료가 없습니다.,모델별 지방비 자료가 없습니다.,모델별 지방비 자료가 없습니다.,2022년도 전기자동차 단양군 모델별 보조금,2022,단양군
모델별 지방비 자료가 없습니다.,모델별 지방비 자료가 없습니다.,모델별 지방비 자료가 없습니다.,모델별 지방비 자료가 없습니다.,모델별 지방비 자료가 없습니다.,모델별 지방비 자료가 없습니다.,2022년도 전기자동차 천안시 모델별 보조금,2022,천안시
승합(중형),현대자동차,카운티 일렉트릭(어린이운송용 30인승),4383,2500,6883,2022년도 전기자동차 공주시 모델별 보조금,2022,공주시
승합(중형),현대자동차,(단종)카운티 일렉트릭(어린이운송용 33인승 V2),4391,0,4391,2022년도 전기자동차 공주시 모델별 보조금,2022,공주시
승합(중형),현대자동차,카운티 일렉트릭(어린이운송용 33인승),4391,0,4391,2022년도 전기자동차 공주시 모델별 보조금,2022,공주시
승합(중형),현대자동차,카운티 일렉트릭,4391,0,4391,2022년도 전기자동차 공주시 모델별 보조금,2022,공주시
승합(중형),현대자동차,카운티 일렉트릭(마을버스),5000,0,5000,2022년도 전기자동차 공주시 모델별 보조금,2022,공주시
승합(중형),우진산전,아폴로750,4780,0,4780,2022년도 전기자동차 공주시 모델별 보조금,2022,공주시
승합(중형),우진산전,아폴로750(15인승),5000,0,5000,2022년도 전기자동차 공주시 모델별 보조금,2022,공주시
승합(중형),우진산전,아폴로750전기버스,5000,0,5000,2022년도 전기자동차 공주시 모델별 보조금,2022,공주시
승합(중형),이비온,E6,2539,0,2539,2022년도 전기자동차 공주시 모델별 보조금,2022,공주시
승합(중형),이비온,"E6(JL618S), 어린이통학",3570,0,3570,2022년도 전기자동차 공주시 모델별 보조금,2022,공주시
승합(중형),GS글로벌,NEW BYD eBus-7,4357,0,4357,2022년도 전기자동차 공주시 모델별 보조금,2022,공주시
승합(중형),한신자동차,바네스,2821,0,2821,2022년도 전기자동차 공주시 모델별 보조금,2022,공주시
승합(중형),비바모빌리티,VBUS60,3789,0,3789,2022년도 전기자동차 공주시 모델별 보조금,2022,공주시
승합(중형),비바모빌리티,브이버스60i(어린이운송용),3791,0,3791,2022년도 전기자동차 공주시 모델별 보조금,2022,공주시
승합(중형),케이지모빌리티커머셜,SMART 8.7,5000,0,5000,2022년도 전기자동차 공주시 모델별 보조금,2022,공주시
승합(중형),한차,GREENWAY720,5000,0,5000,2022년도 전기자동차 공주시 모델별 보조금,2022,공주시
승합(대형),현대자동차,일렉시티 굴절버스,14693,0,14693,2022년도 전기자동차 공주시 모델별 보조금,2022,공주시
승합(대형),현대자동차,일렉시티 이층버스,12501,0,12501,2022년도 전기자동차 공주시 모델별 보조금,2022,공주시
승합(대형),현대자동차,일렉시티(3PACK),7000,0,7000,2022년도 전기자동차 공주시 모델별 보조금,2022,공주시
승합(대형),현대자동차,일렉시티(4PACK V1),7000,0,7000,2022년도 전기자동차 공주시 모델별 보조금,2022,공주시
승합(대형),케이지모빌리티커머셜,이-스마트(57인승),5522,0,5522,2022년도 전기자동차 공주시 모델별 보조금,2022,공주시
승합(대형),케이지모빌리티커머셜,이-스마트(51인승),5510,0,5510,2022년도 전기자동차 공주시 모델별 보조금,2022,공주시
승합(대형),케이지모빌리티커머셜,SMART 9.3,7000,0,7000,2022년도 전기자동차 공주시 모델별 보조금,2022,공주시
승합(대형),케이지모빌리티커머셜,SMART 110(272kWh),7000,0,7000,2022년도 전기자동차 공주시 모델별 보조금,2022,공주시
승합(대형),케이지모빌리티커머셜,SMART 110E(347kWh),7000,0,7000,2022년도 전기자동차 공주시 모델별 보조금,2022,공주시
승합(대형),케이지모빌리티커머셜,SMART 110(260kWh),7000,0,7000,2022년도 전기자동차 공주시 모델별 보조금,2022,공주시
승합(대형),케이지모빌리티커머셜,SMART 110E(260kWh),7000,0,7000,2022년도 전기자동차 공주시 모델별 보조금,2022,공주시
승합(대형),우진산전,아폴로1100,6396,0,6396,2022년도 전기자동차 공주시 모델별 보조금,2022,공주시
승합(대형),우진산전,아폴로1100(258kWh),6746,0,6746,2022년도 전기자동차 공주시 모델별 보조금,2022,공주시
승합(대형),우진산전,아폴로1100(11CTLP),6133,0,6133,2022년도 전기자동차 공주시 모델별 보조금,2022,공주시
승합(대형),우진산전,아폴로900전기버스,4658,0,4658,2022년도 전기자동차 공주시 모델별 보조금,2022,공주시
승합(대형),우진산전,아폴로1100전기버스 22MY,7000,0,7000,2022년도 전기자동차 공주시 모델별 보조금,2022,공주시
승합(대형),피라인모터스,HYPERS(신형),5917,0,5917,2022년도 전기자동차 공주시 모델별 보조금,2022,공주시
승합(대형),피라인모터스,HYPERS(H),5778,0,5778,2022년도 전기자동차 공주시 모델별 보조금,2022,공주시
승합(대형),피라인모터스,HYPERS(11L),5021,0,5021,2022년도 전기자동차 공주시 모델별 보조금,2022,공주시
승합(대형),피라인모터스,HYPERS1611,6021,0,6021,2022년도 전기자동차 공주시 모델별 보조금,2022,공주시
승합(대형),피라인모터스,HYPERS1609,6068,0,6068,2022년도 전기자동차 공주시 모델별 보조금,2022,공주시
승합(대형),피라인모터스,HYPERS1612,5795,0,5795,2022년도 전기자동차 공주시 모델별 보조금,2022,공주시
승합(대형),피라인모터스,HYPERS1609H,6610,0,6610,2022년도 전기자동차 공주시 모델별 보조금,2022,공주시
승합(대형),비바모빌리티,(단종)브이버스90N,6430,0,6430,2022년도 전기자동차 공주시 모델별 보조금,2022,공주시
승합(대형),비바모빌리티,(단종)브이버스110-B,6839,0,6839,2022년도 전기자동차 공주시 모델별 보조금,2022,공주시
승합(대형),북경모터스,그린타운(850),4265,0,4265,2022년도 전기자동차 공주시 모델별 보조금,2022,공주시
승합(대형),북경모터스,그린타운플러스,6550,0,6550,2022년도 전기자동차 공주시 모델별 보조금,2022,공주시
승합(대형),범한자동차,E-SKY11(350kWh),7000,0,7000,2022년도 전기자동차 공주시 모델별 보조금,2022,공주시
승합(대형),범한자동차,E-STAR8 V1,6454,0,6454,2022년도 전기자동차 공주시 모델별 보조금,2022,공주시
승합(대형),에스에이피,아이즘(IZM),7000,0,7000,2022년도 전기자동차 공주시 모델별 보조금,2022,공주시
승합(대형),에스에이피,엘페(ELFE),7000,0,7000,2022년도 전기자동차 공주시 모델별 보조금,2022,공주시
승합(대형),에스에이피,리오네(LIONNE),7000,0,7000,2022년도 전기자동차 공주시 모델별 보조금,2022,공주시
승합(대형),GS글로벌,eBus-12(K9DC),7000,0,7000,2022년도 전기자동차 공주시 모델별 보조금,2022,공주시
승합(대형),GS글로벌,NEW BYD eBus-12,7000,0,7000,2022년도 전기자동차 공주시 모델별 보조금,2022,공주시
승합(대형),티에스에코에너지,일레누스,7000,0,7000,2022년도 전기자동차 공주시 모델별 보조금,2022,공주시
승합(대형),티에스에코에너지,일레누스(TS900),6251,0,6251,2022년도 전기자동차 공주시 모델별 보조금,2022,공주시
승합(대형),이온모터스,시티라이트Ⅱ,7000,0,7000,2022년도 전기자동차 공주시 모델별 보조금,2022,공주시
승합(대형),이온모터스,시티라이트9,7000,0,7000,2022년도 전기자동차 공주시 모델별 보조금,2022,공주시
승합(대형),한차,GREENWAY1100,6388,0,6388,2022년도 전기자동차 공주시 모델별 보조금,2022,공주시
승합(대형),이엠코리아,에픽시티(LFP),7000,0,7000,2022년도 전기자동차 공주시 모델별 보조금,2022,공주시
승합(대형),태영티엔티,GD11,5749,0,5749,2022년도 전기자동차 공주시 모델별 보조금,2022,공주시
승합(대형),재일홀딩스,그린타운400,6418,0,6418,2022년도 전기자동차 공주시 모델별 보조금,2022,공주시
승합(중형),현대자동차,카운티 일렉트릭(어린이운송용 30인승),4383,6500,10883,2022년도 전기자동차 보령시 모델별 보조금,2022,보령시
승합(중형),현대자동차,(단종)카운티 일렉트릭(어린이운송용 33인승 V2),4391,6500,10891,2022년도 전기자동차 보령시 모델별 보조금,2022,보령시
승합(중형),현대자동차,카운티 일렉트릭(어린이운송용 33인승),4391,6500,10891,2022년도 전기자동차 보령시 모델별 보조금,2022,보령시
승합(중형),현대자동차,카운티 일렉트릭,4391,6500,10891,2022년도 전기자동차 보령시 모델별 보조금,2022,보령시
승합(중형),현대자동차,카운티 일렉트릭(마을버스),5000,6500,11500,2022년도 전기자동차 보령시 모델별 보조금,2022,보령시
승합(중형),우진산전,아폴로750,4780,6500,11280,2022년도 전기자동차 보령시 모델별 보조금,2022,보령시
승합(중형),우진산전,아폴로750(15인승),5000,6500,11500,2022년도 전기자동차 보령시 모델별 보조금,2022,보령시
승합(중형),우진산전,아폴로750전기버스,5000,6500,11500,2022년도 전기자동차 보령시 모델별 보조금,2022,보령시
승합(중형),이비온,E6,2539,6500,9039,2022년도 전기자동차 보령시 모델별 보조금,2022,보령시
승합(중형),이비온,"E6(JL618S), 어린이통학",3570,6500,10070,2022년도 전기자동차 보령시 모델별 보조금,2022,보령시
승합(중형),GS글로벌,NEW BYD eBus-7,4357,6500,10857,2022년도 전기자동차 보령시 모델별 보조금,2022,보령시
승합(중형),한신자동차,바네스,2821,6500,9321,2022년도 전기자동차 보령시 모델별 보조금,2022,보령시
승합(중형),비바모빌리티,VBUS60,3789,6500,10289,2022년도 전기자동차 보령시 모델별 보조금,2022,보령시
승합(중형),비바모빌리티,브이버스60i(어린이운송용),3791,6500,10291,2022년도 전기자동차 보령시 모델별 보조금,2022,보령시
승합(중형),케이지모빌리티커머셜,SMART 8.7,5000,6500,11500,2022년도 전기자동차 보령시 모델별 보조금,2022,보령시
승합(중형),한차,GREENWAY720,5000,6500,11500,2022년도 전기자동차 보령시 모델별 보조금,2022,보령시
승합(대형),현대자동차,일렉시티 굴절버스,14693,13000,27693,2022년도 전기자동차 보령시 모델별 보조금,2022,보령시
승합(대형),현대자동차,일렉시티 이층버스,12501,13000,25501,2022년도 전기자동차 보령시 모델별 보조금,2022,보령시
승합(대형),현대자동차,일렉시티(3PACK),7000,13000,20000,2022년도 전기자동차 보령시 모델별 보조금,2022,보령시
승합(대형),현대자동차,일렉시티(4PACK V1),7000,13000,20000,2022년도 전기자동차 보령시 모델별 보조금,2022,보령시
승합(대형),케이지모빌리티커머셜,이-스마트(57인승),5522,13000,18522,2022년도 전기자동차 보령시 모델별 보조금,2022,보령시
승합(대형),케이지모빌리티커머셜,이-스마트(51인승),5510,13000,18510,2022년도 전기자동차 보령시 모델별 보조금,2022,보령시
승합(대형),케이지모빌리티커머셜,SMART 9.3,7000,13000,20000,2022년도 전기자동차 보령시 모델별 보조금,2022,보령시
승합(대형),케이지모빌리티커머셜,SMART 110(272kWh),7000,13000,20000,2022년도 전기자동차 보령시 모델별 보조금,2022,보령시
승합(대형),케이지모빌리티커머셜,SMART 110E(347kWh),7000,13000,20000,2022년도 전기자동차 보령시 모델별 보조금,2022,보령시
승합(대형),케이지모빌리티커머셜,SMART 110(260kWh),7000,13000,20000,2022년도 전기자동차 보령시 모델별 보조금,2022,보령시
승합(대형),우진산전,아폴로1100,6396,13000,19396,2022년도 전기자동차 보령시 모델별 보조금,2022,보령시
승합(대형),우진산전,아폴로1100(258kWh),6746,13000,19746,2022년도 전기자동차 보령시 모델별 보조금,2022,보령시
승합(대형),우진산전,아폴로1100(11CTLP),6133,13000,19133,2022년도 전기자동차 보령시 모델별 보조금,2022,보령시
승합(대형),피라인모터스,HYPERS(신형),5917,13000,18917,2022년도 전기자동차 보령시 모델별 보조금,2022,보령시
승합(대형),피라인모터스,HYPERS(H),5778,13000,18778,2022년도 전기자동차 보령시 모델별 보조금,2022,보령시
승합(대형),피라인모터스,HYPERS(11L),5021,13000,18021,2022년도 전기자동차 보령시 모델별 보조금,2022,보령시
승합(대형),피라인모터스,HYPERS1611,6021,13000,19021,2022년도 전기자동차 보령시 모델별 보조금,2022,보령시
승합(대형),피라인모터스,HYPERS1609,6068,13000,19068,2022년도 전기자동차 보령시 모델별 보조금,2022,보령시
승합(대형),피라인모터스,HYPERS1612,5795,13000,18795,2022년도 전기자동차 보령시 모델별 보조금,2022,보령시
승합(대형),비바모빌리티,(단종)브이버스110-B,6839,13000,19839,2022년도 전기자동차 보령시 모델별 보조금,2022,보령시
승합(대형),북경모터스,그린타운(850),4265,11059,15324,2022년도 전기자동차 보령시 모델별 보조금,2022,보령시
승합(대형),북경모터스,그린타운플러스,6550,12430,18980,2022년도 전기자동차 보령시 모델별 보조금,2022,보령시
승합(대형),GS글로벌,eBus-12(K9DC),7000,13000,20000,2022년도 전기자동차 보령시 모델별 보조금,2022,보령시
승합(대형),GS글로벌,NEW BYD eBus-12,7000,13000,20000,2022년도 전기자동차 보령시 모델별 보조금,2022,보령시
승합(대형),티에스에코에너지,일레누스,7000,13000,20000,2022년도 전기자동차 보령시 모델별 보조금,2022,보령시
승합(대형),이온모터스,시티라이트Ⅱ,7000,13000,20000,2022년도 전기자동차 보령시 모델별 보조금,2022,보령시
승합(대형),이온모터스,시티라이트9,7000,13000,20000,2022년도 전기자동차 보령시 모델별 보조금,2022,보령시
승합(대형),한차,GREENWAY1100,6388,13000,19388,2022년도 전기자동차 보령시 모델별 보조금,2022,보령시
승합(대형),이엠코리아,에픽시티(LFP),7000,13000,20000,2022년도 전기자동차 보령시 모델별 보조금,2022,보령시
승합(대형),태영티엔티,GD11,5749,13000,18749,2022년도 전기자동차 보령시 모델별 보조금,2022,보령시
승합(중형),현대자동차,카운티 일렉트릭(어린이운송용 30인승),4383,0,4383,2022년도 전기자동차 아산시 모델별 보조금,2022,아산시
승합(중형),현대자동차,(단종)카운티 일렉트릭(어린이운송용 33인승 V2),4391,0,4391,2022년도 전기자동차 아산시 모델별 보조금,2022,아산시
승합(중형),현대자동차,카운티 일렉트릭(어린이운송용 33인승),4391,0,4391,2022년도 전기자동차 아산시 모델별 보조금,2022,아산시
승합(중형),현대자동차,카운티 일렉트릭,4391,0,4391,2022년도 전기자동차 아산시 모델별 보조금,2022,아산시
승합(중형),현대자동차,카운티 일렉트릭(마을버스),5000,0,5000,2022년도 전기자동차 아산시 모델별 보조금,2022,아산시
승합(중형),우진산전,아폴로750,4780,0,4780,2022년도 전기자동차 아산시 모델별 보조금,2022,아산시
승합(중형),우진산전,아폴로750(15인승),5000,0,5000,2022년도 전기자동차 아산시 모델별 보조금,2022,아산시
승합(중형),우진산전,아폴로750전기버스,5000,0,5000,2022년도 전기자동차 아산시 모델별 보조금,2022,아산시
승합(중형),이비온,E6,2539,0,2539,2022년도 전기자동차 아산시 모델별 보조금,2022,아산시
승합(중형),이비온,"E6(JL618S), 어린이통학",3570,0,3570,2022년도 전기자동차 아산시 모델별 보조금,2022,아산시
승합(중형),GS글로벌,NEW BYD eBus-7,4357,0,4357,2022년도 전기자동차 아산시 모델별 보조금,2022,아산시
승합(중형),한신자동차,바네스,2821,0,2821,2022년도 전기자동차 아산시 모델별 보조금,2022,아산시
승합(중형),비바모빌리티,VBUS60,3789,0,3789,2022년도 전기자동차 아산시 모델별 보조금,2022,아산시
승합(중형),비바모빌리티,브이버스60i(어린이운송용),3791,0,3791,2022년도 전기자동차 아산시 모델별 보조금,2022,아산시
승합(중형),케이지모빌리티커머셜,SMART 8.7,5000,0,5000,2022년도 전기자동차 아산시 모델별 보조금,2022,아산시
승합(중형),한차,GREENWAY720,5000,0,5000,2022년도 전기자동차 아산시 모델별 보조금,2022,아산시
승합(대형),현대자동차,일렉시티 굴절버스,14693,11600,26293,2022년도 전기자동차 아산시 모델별 보조금,2022,아산시
승합(대형),현대자동차,일렉시티 이층버스,12501,11600,24101,2022년도 전기자동차 아산시 모델별 보조금,2022,아산시
승합(대형),현대자동차,일렉시티(3PACK),7000,11600,18600,2022년도 전기자동차 아산시 모델별 보조금,2022,아산시
승합(대형),현대자동차,일렉시티(4PACK V1),7000,11600,18600,2022년도 전기자동차 아산시 모델별 보조금,2022,아산시
승합(대형),케이지모빌리티커머셜,이-스마트(57인승),5522,9200,14722,2022년도 전기자동차 아산시 모델별 보조금,2022,아산시
승합(대형),케이지모빌리티커머셜,이-스마트(51인승),5510,9200,14710,2022년도 전기자동차 아산시 모델별 보조금,2022,아산시
승합(대형),케이지모빌리티커머셜,SMART 9.3,7000,7000,14000,2022년도 전기자동차 아산시 모델별 보조금,2022,아산시
승합(대형),케이지모빌리티커머셜,SMART 110(272kWh),7000,11100,18100,2022년도 전기자동차 아산시 모델별 보조금,2022,아산시
승합(대형),케이지모빌리티커머셜,SMART 110E(347kWh),7000,11600,18600,2022년도 전기자동차 아산시 모델별 보조금,2022,아산시
승합(대형),케이지모빌리티커머셜,SMART 110(260kWh),7000,10600,17600,2022년도 전기자동차 아산시 모델별 보조금,2022,아산시
승합(대형),우진산전,아폴로1100(258kWh),6746,10300,17046,2022년도 전기자동차 아산시 모델별 보조금,2022,아산시
승합(대형),우진산전,아폴로1100(11CTLP),6133,10900,17033,2022년도 전기자동차 아산시 모델별 보조금,2022,아산시
승합(대형),북경모터스,그린타운(850),4265,5000,9265,2022년도 전기자동차 아산시 모델별 보조금,2022,아산시
승합(대형),북경모터스,그린타운플러스,6550,5000,11550,2022년도 전기자동차 아산시 모델별 보조금,2022,아산시
승합(대형),GS글로벌,eBus-12(K9DC),7000,6000,13000,2022년도 전기자동차 아산시 모델별 보조금,2022,아산시
승합(대형),GS글로벌,NEW BYD eBus-12,7000,7500,14500,2022년도 전기자동차 아산시 모델별 보조금,2022,아산시
승합(대형),이온모터스,시티라이트Ⅱ,7000,8200,15200,2022년도 전기자동차 아산시 모델별 보조금,2022,아산시
승합(대형),이엠코리아,에픽시티(LFP),7000,7500,14500,2022년도 전기자동차 아산시 모델별 보조금,2022,아산시
승합(중형),현대자동차,카운티 일렉트릭(어린이운송용 30인승),4383,2500,6883,2022년도 전기자동차 서산시 모델별 보조금,2022,서산시
승합(중형),현대자동차,(단종)카운티 일렉트릭(어린이운송용 33인승 V2),4391,2500,6891,2022년도 전기자동차 서산시 모델별 보조금,2022,서산시
승합(중형),현대자동차,카운티 일렉트릭(어린이운송용 33인승),4391,2500,6891,2022년도 전기자동차 서산시 모델별 보조금,2022,서산시
승합(중형),현대자동차,카운티 일렉트릭,4391,2500,6891,2022년도 전기자동차 서산시 모델별 보조금,2022,서산시
승합(중형),현대자동차,카운티 일렉트릭(마을버스),5000,2500,7500,2022년도 전기자동차 서산시 모델별 보조금,2022,서산시
승합(중형),우진산전,아폴로750,4780,0,4780,2022년도 전기자동차 서산시 모델별 보조금,2022,서산시
승합(중형),우진산전,아폴로750(15인승),5000,0,5000,2022년도 전기자동차 서산시 모델별 보조금,2022,서산시
승합(중형),우진산전,아폴로750전기버스,5000,0,5000,2022년도 전기자동차 서산시 모델별 보조금,2022,서산시
승합(중형),이비온,E6,2539,0,2539,2022년도 전기자동차 서산시 모델별 보조금,2022,서산시
승합(중형),이비온,"E6(JL618S), 어린이통학",3570,0,3570,2022년도 전기자동차 서산시 모델별 보조금,2022,서산시
승합(중형),GS글로벌,NEW BYD eBus-7,4357,0,4357,2022년도 전기자동차 서산시 모델별 보조금,2022,서산시
승합(중형),한신자동차,바네스,2821,0,2821,2022년도 전기자동차 서산시 모델별 보조금,2022,서산시
승합(중형),비바모빌리티,VBUS60,3789,0,3789,2022년도 전기자동차 서산시 모델별 보조금,2022,서산시
승합(중형),비바모빌리티,브이버스60i(어린이운송용),3791,0,3791,2022년도 전기자동차 서산시 모델별 보조금,2022,서산시
승합(중형),케이지모빌리티커머셜,SMART 8.7,5000,0,5000,2022년도 전기자동차 서산시 모델별 보조금,2022,서산시
승합(중형),한차,GREENWAY720,5000,0,5000,2022년도 전기자동차 서산시 모델별 보조금,2022,서산시
승합(대형),우진산전,아폴로1100(258kWh),6746,0,6746,2022년도 전기자동차 서산시 모델별 보조금,2022,서산시
승합(대형),우진산전,아폴로1100(11CTLP),6133,0,6133,2022년도 전기자동차 서산시 모델별 보조금,2022,서산시
승합(대형),북경모터스,그린타운(850),4265,0,4265,2022년도 전기자동차 서산시 모델별 보조금,2022,서산시
승합(대형),북경모터스,그린타운플러스,6550,0,6550,2022년도 전기자동차 서산시 모델별 보조금,2022,서산시
승합(대형),GS글로벌,eBus-12(K9DC),7000,0,7000,2022년도 전기자동차 서산시 모델별 보조금,2022,서산시
승합(대형),GS글로벌,NEW BYD eBus-12,7000,0,7000,2022년도 전기자동차 서산시 모델별 보조금,2022,서산시
승합(대형),이온모터스,시티라이트Ⅱ,7000,0,7000,2022년도 전기자동차 서산시 모델별 보조금,2022,서산시
승합(중형),현대자동차,카운티 일렉트릭(어린이운송용 30인승),4383,0,4383,2022년도 전기자동차 논산시 모델별 보조금,2022,논산시
승합(중형),현대자동차,(단종)카운티 일렉트릭(어린이운송용 33인승 V2),4391,0,4391,2022년도 전기자동차 논산시 모델별 보조금,2022,논산시
승합(중형),현대자동차,카운티 일렉트릭(어린이운송용 33인승),4391,0,4391,2022년도 전기자동차 논산시 모델별 보조금,2022,논산시
승합(중형),현대자동차,카운티 일렉트릭,4391,0,4391,2022년도 전기자동차 논산시 모델별 보조금,2022,논산시
승합(중형),현대자동차,카운티 일렉트릭(마을버스),5000,0,5000,2022년도 전기자동차 논산시 모델별 보조금,2022,논산시
승합(중형),우진산전,아폴로750,4780,0,4780,2022년도 전기자동차 논산시 모델별 보조금,2022,논산시
승합(중형),우진산전,아폴로750(15인승),5000,0,5000,2022년도 전기자동차 논산시 모델별 보조금,2022,논산시
승합(중형),우진산전,아폴로750전기버스,5000,0,5000,2022년도 전기자동차 논산시 모델별 보조금,2022,논산시
승합(중형),이비온,E6,2539,0,2539,2022년도 전기자동차 논산시 모델별 보조금,2022,논산시
승합(중형),이비온,"E6(JL618S), 어린이통학",3570,0,3570,2022년도 전기자동차 논산시 모델별 보조금,2022,논산시
승합(중형),GS글로벌,NEW BYD eBus-7,4357,0,4357,2022년도 전기자동차 논산시 모델별 보조금,2022,논산시
승합(중형),한신자동차,바네스,2821,0,2821,2022년도 전기자동차 논산시 모델별 보조금,2022,논산시
승합(중형),비바모빌리티,VBUS60,3789,0,3789,2022년도 전기자동차 논산시 모델별 보조금,2022,논산시
승합(중형),비바모빌리티,브이버스60i(어린이운송용),3791,0,3791,2022년도 전기자동차 논산시 모델별 보조금,2022,논산시
승합(중형),케이지모빌리티커머셜,SMART 8.7,5000,0,5000,2022년도 전기자동차 논산시 모델별 보조금,2022,논산시
승합(중형),한차,GREENWAY720,5000,0,5000,2022년도 전기자동차 논산시 모델별 보조금,2022,논산시
승합(대형),현대자동차,일렉시티 굴절버스,14693,0,14693,2022년도 전기자동차 논산시 모델별 보조금,2022,논산시
승합(대형),현대자동차,일렉시티 이층버스,12501,0,12501,2022년도 전기자동차 논산시 모델별 보조금,2022,논산시
승합(대형),현대자동차,일렉시티(3PACK),7000,0,7000,2022년도 전기자동차 논산시 모델별 보조금,2022,논산시
승합(대형),현대자동차,일렉시티(4PACK V1),7000,0,7000,2022년도 전기자동차 논산시 모델별 보조금,2022,논산시
승합(대형),케이지모빌리티커머셜,이-스마트(57인승),5522,14000,19522,2022년도 전기자동차 논산시 모델별 보조금,2022,논산시
승합(대형),케이지모빌리티커머셜,이-스마트(51인승),5510,0,5510,2022년도 전기자동차 논산시 모델별 보조금,2022,논산시
승합(대형),케이지모빌리티커머셜,SMART 9.3,7000,0,7000,2022년도 전기자동차 논산시 모델별 보조금,2022,논산시
승합(대형),케이지모빌리티커머셜,SMART 110(272kWh),7000,0,7000,2022년도 전기자동차 논산시 모델별 보조금,2022,논산시
승합(대형),케이지모빌리티커머셜,SMART 110E(347kWh),7000,0,7000,2022년도 전기자동차 논산시 모델별 보조금,2022,논산시
승합(대형),케이지모빌리티커머셜,SMART 110(260kWh),7000,0,7000,2022년도 전기자동차 논산시 모델별 보조금,2022,논산시
승합(대형),우진산전,아폴로1100(258kWh),6746,0,6746,2022년도 전기자동차 논산시 모델별 보조금,2022,논산시
승합(대형),우진산전,아폴로1100(11CTLP),6133,0,6133,2022년도 전기자동차 논산시 모델별 보조금,2022,논산시
승합(대형),피라인모터스,HYPERS(신형),5917,0,5917,2022년도 전기자동차 논산시 모델별 보조금,2022,논산시
승합(대형),피라인모터스,HYPERS(H),5778,0,5778,2022년도 전기자동차 논산시 모델별 보조금,2022,논산시
승합(대형),피라인모터스,HYPERS(11L),5021,0,5021,2022년도 전기자동차 논산시 모델별 보조금,2022,논산시
승합(대형),피라인모터스,HYPERS1611,6021,0,6021,2022년도 전기자동차 논산시 모델별 보조금,2022,논산시
승합(대형),피라인모터스,HYPERS1609,6068,0,6068,2022년도 전기자동차 논산시 모델별 보조금,2022,논산시
승합(대형),북경모터스,그린타운(850),4265,0,4265,2022년도 전기자동차 논산시 모델별 보조금,2022,논산시
승합(대형),북경모터스,그린타운플러스,6550,0,6550,2022년도 전기자동차 논산시 모델별 보조금,2022,논산시
승합(대형),GS글로벌,eBus-12(K9DC),7000,0,7000,2022년도 전기자동차 논산시 모델별 보조금,2022,논산시
승합(대형),GS글로벌,NEW BYD eBus-12,7000,0,7000,2022년도 전기자동차 논산시 모델별 보조금,2022,논산시
승합(대형),이온모터스,시티라이트Ⅱ,7000,0,7000,2022년도 전기자동차 논산시 모델별 보조금,2022,논산시
승합(대형),이엠코리아,에픽시티(LFP),7000,0,7000,2022년도 전기자동차 논산시 모델별 보조금,2022,논산시
승합(중형),현대자동차,카운티 일렉트릭(어린이운송용 30인승),4383,0,4383,2022년도 전기자동차 계룡시 모델별 보조금,2022,계룡시
승합(중형),현대자동차,(단종)카운티 일렉트릭(어린이운송용 33인승 V2),4391,0,4391,2022년도 전기자동차 계룡시 모델별 보조금,2022,계룡시
승합(중형),현대자동차,카운티 일렉트릭(어린이운송용 33인승),4391,0,4391,2022년도 전기자동차 계룡시 모델별 보조금,2022,계룡시
승합(중형),현대자동차,카운티 일렉트릭,4391,0,4391,2022년도 전기자동차 계룡시 모델별 보조금,2022,계룡시
승합(중형),현대자동차,카운티 일렉트릭(마을버스),5000,0,5000,2022년도 전기자동차 계룡시 모델별 보조금,2022,계룡시
승합(중형),우진산전,아폴로750,4780,0,4780,2022년도 전기자동차 계룡시 모델별 보조금,2022,계룡시
승합(중형),우진산전,아폴로750(15인승),5000,0,5000,2022년도 전기자동차 계룡시 모델별 보조금,2022,계룡시
승합(중형),우진산전,아폴로750전기버스,5000,0,5000,2022년도 전기자동차 계룡시 모델별 보조금,2022,계룡시
승합(중형),이비온,E6,2539,0,2539,2022년도 전기자동차 계룡시 모델별 보조금,2022,계룡시
승합(중형),이비온,"E6(JL618S), 어린이통학",3570,0,3570,2022년도 전기자동차 계룡시 모델별 보조금,2022,계룡시
승합(중형),GS글로벌,NEW BYD eBus-7,4357,0,4357,2022년도 전기자동차 계룡시 모델별 보조금,2022,계룡시
승합(중형),한신자동차,바네스,2821,0,2821,2022년도 전기자동차 계룡시 모델별 보조금,2022,계룡시
승합(중형),비바모빌리티,VBUS60,3789,0,3789,2022년도 전기자동차 계룡시 모델별 보조금,2022,계룡시
승합(중형),비바모빌리티,브이버스60i(어린이운송용),3791,0,3791,2022년도 전기자동차 계룡시 모델별 보조금,2022,계룡시
승합(중형),케이지모빌리티커머셜,SMART 8.7,5000,0,5000,2022년도 전기자동차 계룡시 모델별 보조금,2022,계룡시
승합(중형),한차,GREENWAY720,5000,0,5000,2022년도 전기자동차 계룡시 모델별 보조금,2022,계룡시
승합(대형),현대자동차,일렉시티 굴절버스,14693,0,14693,2022년도 전기자동차 계룡시 모델별 보조금,2022,계룡시
승합(대형),현대자동차,일렉시티 이층버스,12501,0,12501,2022년도 전기자동차 계룡시 모델별 보조금,2022,계룡시
승합(대형),현대자동차,일렉시티(3PACK),7000,0,7000,2022년도 전기자동차 계룡시 모델별 보조금,2022,계룡시
승합(대형),현대자동차,일렉시티(4PACK V1),7000,0,7000,2022년도 전기자동차 계룡시 모델별 보조금,2022,계룡시
승합(대형),현대자동차,일렉시티 타운,7000,0,7000,2022년도 전기자동차 계룡시 모델별 보조금,2022,계룡시
승합(대형),케이지모빌리티커머셜,이-스마트(57인승),5522,0,5522,2022년도 전기자동차 계룡시 모델별 보조금,2022,계룡시
승합(대형),케이지모빌리티커머셜,이-스마트(51인승),5510,0,5510,2022년도 전기자동차 계룡시 모델별 보조금,2022,계룡시
승합(대형),케이지모빌리티커머셜,SMART 9.3,7000,0,7000,2022년도 전기자동차 계룡시 모델별 보조금,2022,계룡시
승합(대형),케이지모빌리티커머셜,SMART 110(272kWh),7000,0,7000,2022년도 전기자동차 계룡시 모델별 보조금,2022,계룡시
승합(대형),케이지모빌리티커머셜,SMART 110E(347kWh),7000,0,7000,2022년도 전기자동차 계룡시 모델별 보조금,2022,계룡시
승합(대형),케이지모빌리티커머셜,SMART 110(260kWh),7000,0,7000,2022년도 전기자동차 계룡시 모델별 보조금,2022,계룡시
승합(대형),케이지모빌리티커머셜,SMART 110E(260kWh),7000,0,7000,2022년도 전기자동차 계룡시 모델별 보조금,2022,계룡시
승합(대형),우진산전,아폴로1100,6396,0,6396,2022년도 전기자동차 계룡시 모델별 보조금,2022,계룡시
승합(대형),우진산전,아폴로1100(258kWh),6746,0,6746,2022년도 전기자동차 계룡시 모델별 보조금,2022,계룡시
승합(대형),우진산전,아폴로1100(11CTLP),6133,0,6133,2022년도 전기자동차 계룡시 모델별 보조금,2022,계룡시
승합(대형),우진산전,아폴로900전기버스,4658,0,4658,2022년도 전기자동차 계룡시 모델별 보조금,2022,계룡시
승합(대형),우진산전,아폴로1100전기버스 22MY,7000,10383,17383,2022년도 전기자동차 계룡시 모델별 보조금,2022,계룡시
승합(대형),피라인모터스,HYPERS(신형),5917,0,5917,2022년도 전기자동차 계룡시 모델별 보조금,2022,계룡시
승합(대형),피라인모터스,HYPERS(H),5778,0,5778,2022년도 전기자동차 계룡시 모델별 보조금,2022,계룡시
승합(대형),피라인모터스,HYPERS(11L),5021,0,5021,2022년도 전기자동차 계룡시 모델별 보조금,2022,계룡시
승합(대형),피라인모터스,HYPERS1611,6021,0,6021,2022년도 전기자동차 계룡시 모델별 보조금,2022,계룡시
승합(대형),피라인모터스,HYPERS1609,6068,0,6068,2022년도 전기자동차 계룡시 모델별 보조금,2022,계룡시
승합(대형),피라인모터스,HYPERS1612,5795,0,5795,2022년도 전기자동차 계룡시 모델별 보조금,2022,계룡시
승합(대형),피라인모터스,HYPERS1609H,6610,0,6610,2022년도 전기자동차 계룡시 모델별 보조금,2022,계룡시
승합(대형),피라인모터스,HYPERS1612N,7000,0,7000,2022년도 전기자동차 계룡시 모델별 보조금,2022,계룡시
승합(대형),피라인모터스,HYPERS1609N,7000,0,7000,2022년도 전기자동차 계룡시 모델별 보조금,2022,계룡시
승합(대형),비바모빌리티,(단종)브이버스90N,6430,0,6430,2022년도 전기자동차 계룡시 모델별 보조금,2022,계룡시
승합(대형),비바모빌리티,(단종)브이버스120,7000,0,7000,2022년도 전기자동차 계룡시 모델별 보조금,2022,계룡시
승합(대형),비바모빌리티,(단종)브이버스110-B,6839,0,6839,2022년도 전기자동차 계룡시 모델별 보조금,2022,계룡시
승합(대형),북경모터스,그린타운(850),4265,0,4265,2022년도 전기자동차 계룡시 모델별 보조금,2022,계룡시
승합(대형),북경모터스,그린타운플러스,6550,0,6550,2022년도 전기자동차 계룡시 모델별 보조금,2022,계룡시
승합(대형),범한자동차,E-SKY11(350kWh),7000,0,7000,2022년도 전기자동차 계룡시 모델별 보조금,2022,계룡시
승합(대형),범한자동차,E-SKY9(281kWh),7000,0,7000,2022년도 전기자동차 계룡시 모델별 보조금,2022,계룡시
승합(대형),범한자동차,E-STAR8 V1,6454,0,6454,2022년도 전기자동차 계룡시 모델별 보조금,2022,계룡시
승합(대형),범한자동차,E-STAR11,7000,0,7000,2022년도 전기자동차 계룡시 모델별 보조금,2022,계룡시
승합(대형),에스에이피,아이즘(IZM),7000,0,7000,2022년도 전기자동차 계룡시 모델별 보조금,2022,계룡시
승합(대형),에스에이피,엘페(ELFE),7000,0,7000,2022년도 전기자동차 계룡시 모델별 보조금,2022,계룡시
승합(대형),에스에이피,리오네(LIONNE),7000,0,7000,2022년도 전기자동차 계룡시 모델별 보조금,2022,계룡시
승합(대형),GS글로벌,eBus-12(K9DC),7000,0,7000,2022년도 전기자동차 계룡시 모델별 보조금,2022,계룡시
승합(대형),GS글로벌,NEW BYD eBus-12,7000,0,7000,2022년도 전기자동차 계룡시 모델별 보조금,2022,계룡시
승합(대형),티에스에코에너지,일레누스,7000,0,7000,2022년도 전기자동차 계룡시 모델별 보조금,2022,계룡시
승합(대형),티에스에코에너지,일레누스(TS900),6251,0,6251,2022년도 전기자동차 계룡시 모델별 보조금,2022,계룡시
승합(대형),이온모터스,시티라이트,5815,0,5815,2022년도 전기자동차 계룡시 모델별 보조금,2022,계룡시
승합(대형),이온모터스,시티라이트Ⅱ,7000,0,7000,2022년도 전기자동차 계룡시 모델별 보조금,2022,계룡시
승합(대형),이온모터스,시티라이트9,7000,0,7000,2022년도 전기자동차 계룡시 모델별 보조금,2022,계룡시
승합(대형),한차,GREENWAY1100,6388,0,6388,2022년도 전기자동차 계룡시 모델별 보조금,2022,계룡시
승합(대형),한차,GREENWAY1100A,7000,0,7000,2022년도 전기자동차 계룡시 모델별 보조금,2022,계룡시
승합(대형),이엠코리아,에픽시티(LFP),7000,0,7000,2022년도 전기자동차 계룡시 모델별 보조금,2022,계룡시
승합(대형),태영티엔티,GD11,5749,0,5749,2022년도 전기자동차 계룡시 모델별 보조금,2022,계룡시
승합(대형),재일홀딩스,그린타운400,6418,0,6418,2022년도 전기자동차 계룡시 모델별 보조금,2022,계룡시
승합(중형),현대자동차,카운티 일렉트릭(어린이운송용 30인승),4383,0,4383,2022년도 전기자동차 당진시 모델별 보조금,2022,당진시
승합(중형),현대자동차,(단종)카운티 일렉트릭(어린이운송용 33인승 V2),4391,0,4391,2022년도 전기자동차 당진시 모델별 보조금,2022,당진시
승합(중형),현대자동차,카운티 일렉트릭(어린이운송용 33인승),4391,0,4391,2022년도 전기자동차 당진시 모델별 보조금,2022,당진시
승합(중형),현대자동차,카운티 일렉트릭,4391,0,4391,2022년도 전기자동차 당진시 모델별 보조금,2022,당진시
승합(중형),현대자동차,카운티 일렉트릭(마을버스),5000,0,5000,2022년도 전기자동차 당진시 모델별 보조금,2022,당진시
승합(중형),우진산전,아폴로750,4780,0,4780,2022년도 전기자동차 당진시 모델별 보조금,2022,당진시
승합(중형),우진산전,아폴로750(15인승),5000,0,5000,2022년도 전기자동차 당진시 모델별 보조금,2022,당진시
승합(중형),우진산전,아폴로750전기버스,5000,0,5000,2022년도 전기자동차 당진시 모델별 보조금,2022,당진시
승합(중형),이비온,E6,2539,0,2539,2022년도 전기자동차 당진시 모델별 보조금,2022,당진시
승합(중형),이비온,"E6(JL618S), 어린이통학",3570,0,3570,2022년도 전기자동차 당진시 모델별 보조금,2022,당진시
승합(중형),GS글로벌,NEW BYD eBus-7,4357,0,4357,2022년도 전기자동차 당진시 모델별 보조금,2022,당진시
승합(중형),한신자동차,바네스,2821,0,2821,2022년도 전기자동차 당진시 모델별 보조금,2022,당진시
승합(중형),비바모빌리티,VBUS60,3789,0,3789,2022년도 전기자동차 당진시 모델별 보조금,2022,당진시
승합(중형),비바모빌리티,브이버스60i(어린이운송용),3791,0,3791,2022년도 전기자동차 당진시 모델별 보조금,2022,당진시
승합(중형),케이지모빌리티커머셜,SMART 8.7,5000,0,5000,2022년도 전기자동차 당진시 모델별 보조금,2022,당진시
승합(중형),한차,GREENWAY720,5000,0,5000,2022년도 전기자동차 당진시 모델별 보조금,2022,당진시
승합(대형),현대자동차,일렉시티 굴절버스,14693,0,14693,2022년도 전기자동차 당진시 모델별 보조금,2022,당진시
승합(대형),현대자동차,일렉시티 이층버스,12501,0,12501,2022년도 전기자동차 당진시 모델별 보조금,2022,당진시
승합(대형),현대자동차,일렉시티(3PACK),7000,0,7000,2022년도 전기자동차 당진시 모델별 보조금,2022,당진시
승합(대형),현대자동차,일렉시티(4PACK V1),7000,0,7000,2022년도 전기자동차 당진시 모델별 보조금,2022,당진시
승합(대형),케이지모빌리티커머셜,이-스마트(57인승),5522,0,5522,2022년도 전기자동차 당진시 모델별 보조금,2022,당진시
승합(대형),케이지모빌리티커머셜,이-스마트(51인승),5510,0,5510,2022년도 전기자동차 당진시 모델별 보조금,2022,당진시
승합(대형),케이지모빌리티커머셜,SMART 9.3,7000,0,7000,2022년도 전기자동차 당진시 모델별 보조금,2022,당진시
승합(대형),케이지모빌리티커머셜,SMART 110(272kWh),7000,0,7000,2022년도 전기자동차 당진시 모델별 보조금,2022,당진시
승합(대형),케이지모빌리티커머셜,SMART 110E(347kWh),7000,0,7000,2022년도 전기자동차 당진시 모델별 보조금,2022,당진시
승합(대형),케이지모빌리티커머셜,SMART 110(260kWh),7000,11300,18300,2022년도 전기자동차 당진시 모델별 보조금,2022,당진시
승합(대형),우진산전,아폴로1100(258kWh),6746,0,6746,2022년도 전기자동차 당진시 모델별 보조금,2022,당진시
승합(대형),우진산전,아폴로1100(11CTLP),6133,0,6133,2022년도 전기자동차 당진시 모델별 보조금,2022,당진시
승합(대형),북경모터스,그린타운(850),4265,0,4265,2022년도 전기자동차 당진시 모델별 보조금,2022,당진시
승합(대형),북경모터스,그린타운플러스,6550,0,6550,2022년도 전기자동차 당진시 모델별 보조금,2022,당진시
승합(대형),GS글로벌,eBus-12(K9DC),7000,0,7000,2022년도 전기자동차 당진시 모델별 보조금,2022,당진시
승합(대형),GS글로벌,NEW BYD eBus-12,7000,0,7000,2022년도 전기자동차 당진시 모델별 보조금,2022,당진시
승합(대형),이온모터스,시티라이트Ⅱ,7000,0,7000,2022년도 전기자동차 당진시 모델별 보조금,2022,당진시
승합(대형),이엠코리아,에픽시티(LFP),7000,0,7000,2022년도 전기자동차 당진시 모델별 보조금,2022,당진시
모델별 지방비 자료가 없습니다.,모델별 지방비 자료가 없습니다.,모델별 지방비 자료가 없습니다.,모델별 지방비 자료가 없습니다.,모델별 지방비 자료가 없습니다.,모델별 지방비 자료가 없습니다.,2022년도 전기자동차 금산군 모델별 보조금,2022,금산군
모델별 지방비 자료가 없습니다.,모델별 지방비 자료가 없습니다.,모델별 지방비 자료가 없습니다.,모델별 지방비 자료가 없습니다.,모델별 지방비 자료가 없습니다.,모델별 지방비 자료가 없습니다.,2022년도 전기자동차 부여군 모델별 보조금,2022,부여군
모델별 지방비 자료가 없습니다.,모델별 지방비 자료가 없습니다.,모델별 지방비 자료가 없습니다.,모델별 지방비 자료가 없습니다.,모델별 지방비 자료가 없습니다.,모델별 지방비 자료가 없습니다.,2022년도 전기자동차 서천군 모델별 보조금,2022,서천군
모델별 지방비 자료가 없습니다.,모델별 지방비 자료가 없습니다.,모델별 지방비 자료가 없습니다.,모델별 지방비 자료가 없습니다.,모델별 지방비 자료가 없습니다.,모델별 지방비 자료가 없습니다.,2022년도 전기자동차 청양군 모델별 보조금,2022,청양군
모델별 지방비 자료가 없습니다.,모델별 지방비 자료가 없습니다.,모델별 지방비 자료가 없습니다.,모델별 지방비 자료가 없습니다.,모델별 지방비 자료가 없습니다.,모델별 지방비 자료가 없습니다.,2022년도 전기자동차 홍성군 모델별 보조금,2022,홍성군
모델별 지방비 자료가 없습니다.,모델별 지방비 자료가 없습니다.,모델별 지방비 자료가 없습니다.,모델별 지방비 자료가 없습니다.,모델별 지방비 자료가 없습니다.,모델별 지방비 자료가 없습니다.,2022년도 전기자동차 예산군 모델별 보조금,2022,예산군
모델별 지방비 자료가 없습니다.,모델별 지방비 자료가 없습니다.,모델별 지방비 자료가 없습니다.,모델별 지방비 자료가 없습니다.,모델별 지방비 자료가 없습니다.,모델별 지방비 자료가 없습니다.,2022년도 전기자동차 태안군 모델별 보조금,2022,태안군
승합(중형),현대자동차,카운티 일렉트릭(어린이운송용 30인승),4383,4383,8766,2022년도 전기자동차 전주시 모델별 보조금,2022,전주시
승합(중형),현대자동차,(단종)카운티 일렉트릭(어린이운송용 33인승 V2),4391,4391,8782,2022년도 전기자동차 전주시 모델별 보조금,2022,전주시
승합(중형),현대자동차,카운티 일렉트릭(어린이운송용 33인승),4391,4391,8782,2022년도 전기자동차 전주시 모델별 보조금,2022,전주시
승합(중형),현대자동차,카운티 일렉트릭,4391,4391,8782,2022년도 전기자동차 전주시 모델별 보조금,2022,전주시
승합(중형),현대자동차,카운티 일렉트릭(마을버스),5000,0,5000,2022년도 전기자동차 전주시 모델별 보조금,2022,전주시
승합(중형),우진산전,아폴로750,4780,0,4780,2022년도 전기자동차 전주시 모델별 보조금,2022,전주시
승합(중형),우진산전,아폴로750(15인승),5000,0,5000,2022년도 전기자동차 전주시 모델별 보조금,2022,전주시
승합(중형),우진산전,아폴로750전기버스,5000,5000,10000,2022년도 전기자동차 전주시 모델별 보조금,2022,전주시
승합(중형),이비온,E6,2539,0,2539,2022년도 전기자동차 전주시 모델별 보조금,2022,전주시
승합(중형),이비온,"E6(JL618S), 어린이통학",3570,0,3570,2022년도 전기자동차 전주시 모델별 보조금,2022,전주시
승합(중형),GS글로벌,NEW BYD eBus-7,4357,0,4357,2022년도 전기자동차 전주시 모델별 보조금,2022,전주시
승합(중형),한신자동차,바네스,2821,0,2821,2022년도 전기자동차 전주시 모델별 보조금,2022,전주시
승합(중형),비바모빌리티,VBUS60,3789,0,3789,2022년도 전기자동차 전주시 모델별 보조금,2022,전주시
승합(중형),비바모빌리티,브이버스60i(어린이운송용),3791,0,3791,2022년도 전기자동차 전주시 모델별 보조금,2022,전주시
승합(중형),케이지모빌리티커머셜,SMART 8.7,5000,0,5000,2022년도 전기자동차 전주시 모델별 보조금,2022,전주시
승합(중형),한차,GREENWAY720,5000,0,5000,2022년도 전기자동차 전주시 모델별 보조금,2022,전주시
승합(대형),현대자동차,일렉시티 굴절버스,14693,0,14693,2022년도 전기자동차 전주시 모델별 보조금,2022,전주시
승합(대형),현대자동차,일렉시티 이층버스,12501,0,12501,2022년도 전기자동차 전주시 모델별 보조금,2022,전주시
승합(대형),현대자동차,일렉시티(3PACK),7000,0,7000,2022년도 전기자동차 전주시 모델별 보조금,2022,전주시
승합(대형),현대자동차,일렉시티(4PACK V1),7000,0,7000,2022년도 전기자동차 전주시 모델별 보조금,2022,전주시
승합(대형),케이지모빌리티커머셜,이-스마트(57인승),5522,0,5522,2022년도 전기자동차 전주시 모델별 보조금,2022,전주시
승합(대형),케이지모빌리티커머셜,이-스마트(51인승),5510,0,5510,2022년도 전기자동차 전주시 모델별 보조금,2022,전주시
승합(대형),케이지모빌리티커머셜,SMART 9.3,7000,0,7000,2022년도 전기자동차 전주시 모델별 보조금,2022,전주시
승합(대형),케이지모빌리티커머셜,SMART 110(272kWh),7000,0,7000,2022년도 전기자동차 전주시 모델별 보조금,2022,전주시
승합(대형),케이지모빌리티커머셜,SMART 110E(347kWh),7000,0,7000,2022년도 전기자동차 전주시 모델별 보조금,2022,전주시
승합(대형),케이지모빌리티커머셜,SMART 110(260kWh),7000,0,7000,2022년도 전기자동차 전주시 모델별 보조금,2022,전주시
승합(대형),우진산전,아폴로1100(258kWh),6746,0,6746,2022년도 전기자동차 전주시 모델별 보조금,2022,전주시
승합(대형),우진산전,아폴로1100(11CTLP),6133,0,6133,2022년도 전기자동차 전주시 모델별 보조금,2022,전주시
승합(대형),북경모터스,그린타운(850),4265,0,4265,2022년도 전기자동차 전주시 모델별 보조금,2022,전주시
승합(대형),북경모터스,그린타운플러스,6550,0,6550,2022년도 전기자동차 전주시 모델별 보조금,2022,전주시
승합(대형),GS글로벌,eBus-12(K9DC),7000,0,7000,2022년도 전기자동차 전주시 모델별 보조금,2022,전주시
승합(대형),GS글로벌,NEW BYD eBus-12,7000,0,7000,2022년도 전기자동차 전주시 모델별 보조금,2022,전주시
승합(대형),이온모터스,시티라이트Ⅱ,7000,0,7000,2022년도 전기자동차 전주시 모델별 보조금,2022,전주시
승합(대형),이엠코리아,에픽시티(LFP),7000,0,7000,2022년도 전기자동차 전주시 모델별 보조금,2022,전주시
승합(중형),현대자동차,카운티 일렉트릭(어린이운송용 30인승),4383,4383,8766,2022년도 전기자동차 군산시 모델별 보조금,2022,군산시
승합(중형),현대자동차,(단종)카운티 일렉트릭(어린이운송용 33인승 V2),4391,4391,8782,2022년도 전기자동차 군산시 모델별 보조금,2022,군산시
승합(중형),현대자동차,카운티 일렉트릭(어린이운송용 33인승),4391,4391,8782,2022년도 전기자동차 군산시 모델별 보조금,2022,군산시
승합(중형),현대자동차,카운티 일렉트릭,4391,4391,8782,2022년도 전기자동차 군산시 모델별 보조금,2022,군산시
승합(중형),현대자동차,카운티 일렉트릭(마을버스),5000,5000,10000,2022년도 전기자동차 군산시 모델별 보조금,2022,군산시
승합(중형),우진산전,아폴로750,4780,4780,9560,2022년도 전기자동차 군산시 모델별 보조금,2022,군산시
승합(중형),우진산전,아폴로750(15인승),5000,5000,10000,2022년도 전기자동차 군산시 모델별 보조금,2022,군산시
승합(중형),우진산전,아폴로750전기버스,5000,5000,10000,2022년도 전기자동차 군산시 모델별 보조금,2022,군산시
승합(중형),이비온,E6,2539,2539,5078,2022년도 전기자동차 군산시 모델별 보조금,2022,군산시
승합(중형),이비온,"E6(JL618S), 어린이통학",3570,3570,7140,2022년도 전기자동차 군산시 모델별 보조금,2022,군산시
승합(중형),GS글로벌,NEW BYD eBus-7,4357,4357,8714,2022년도 전기자동차 군산시 모델별 보조금,2022,군산시
승합(중형),한신자동차,바네스,2821,2821,5642,2022년도 전기자동차 군산시 모델별 보조금,2022,군산시
승합(중형),비바모빌리티,VBUS60,3789,3789,7578,2022년도 전기자동차 군산시 모델별 보조금,2022,군산시
승합(중형),비바모빌리티,브이버스60i(어린이운송용),3791,3791,7582,2022년도 전기자동차 군산시 모델별 보조금,2022,군산시
승합(중형),케이지모빌리티커머셜,SMART 8.7,5000,5000,10000,2022년도 전기자동차 군산시 모델별 보조금,2022,군산시
승합(중형),한차,GREENWAY720,5000,5000,10000,2022년도 전기자동차 군산시 모델별 보조금,2022,군산시
승합(대형),현대자동차,일렉시티 굴절버스,14693,14693,29386,2022년도 전기자동차 군산시 모델별 보조금,2022,군산시
승합(대형),현대자동차,일렉시티 이층버스,12501,12501,25002,2022년도 전기자동차 군산시 모델별 보조금,2022,군산시
승합(대형),현대자동차,일렉시티(3PACK),7000,7000,14000,2022년도 전기자동차 군산시 모델별 보조금,2022,군산시
승합(대형),현대자동차,일렉시티(4PACK V1),7000,7000,14000,2022년도 전기자동차 군산시 모델별 보조금,2022,군산시
승합(대형),케이지모빌리티커머셜,이-스마트(57인승),5522,5522,11044,2022년도 전기자동차 군산시 모델별 보조금,2022,군산시
승합(대형),케이지모빌리티커머셜,이-스마트(51인승),5510,5510,11020,2022년도 전기자동차 군산시 모델별 보조금,2022,군산시
승합(대형),케이지모빌리티커머셜,SMART 9.3,7000,7000,14000,2022년도 전기자동차 군산시 모델별 보조금,2022,군산시
승합(대형),케이지모빌리티커머셜,SMART 110(272kWh),7000,7000,14000,2022년도 전기자동차 군산시 모델별 보조금,2022,군산시
승합(대형),케이지모빌리티커머셜,SMART 110E(347kWh),7000,7000,14000,2022년도 전기자동차 군산시 모델별 보조금,2022,군산시
승합(대형),케이지모빌리티커머셜,SMART 110(260kWh),7000,7000,14000,2022년도 전기자동차 군산시 모델별 보조금,2022,군산시
승합(대형),케이지모빌리티커머셜,SMART 110E(260kWh),7000,7000,14000,2022년도 전기자동차 군산시 모델별 보조금,2022,군산시
승합(대형),우진산전,아폴로1100,6396,6396,12792,2022년도 전기자동차 군산시 모델별 보조금,2022,군산시
승합(대형),우진산전,아폴로1100(258kWh),6746,6746,13492,2022년도 전기자동차 군산시 모델별 보조금,2022,군산시
승합(대형),우진산전,아폴로1100(11CTLP),6133,6133,12266,2022년도 전기자동차 군산시 모델별 보조금,2022,군산시
승합(대형),우진산전,아폴로1100전기버스 22MY,7000,7000,14000,2022년도 전기자동차 군산시 모델별 보조금,2022,군산시
승합(대형),피라인모터스,HYPERS(신형),5917,5917,11834,2022년도 전기자동차 군산시 모델별 보조금,2022,군산시
승합(대형),피라인모터스,HYPERS(H),5778,5778,11556,2022년도 전기자동차 군산시 모델별 보조금,2022,군산시
승합(대형),피라인모터스,HYPERS(11L),5021,5021,10042,2022년도 전기자동차 군산시 모델별 보조금,2022,군산시
승합(대형),피라인모터스,HYPERS1611,6021,6021,12042,2022년도 전기자동차 군산시 모델별 보조금,2022,군산시
승합(대형),피라인모터스,HYPERS1609,6068,6068,12136,2022년도 전기자동차 군산시 모델별 보조금,2022,군산시
승합(대형),피라인모터스,HYPERS1612,5795,5795,11590,2022년도 전기자동차 군산시 모델별 보조금,2022,군산시
승합(대형),피라인모터스,HYPERS1609H,6610,6610,13220,2022년도 전기자동차 군산시 모델별 보조금,2022,군산시
승합(대형),비바모빌리티,(단종)브이버스90N,6430,6430,12860,2022년도 전기자동차 군산시 모델별 보조금,2022,군산시
승합(대형),비바모빌리티,(단종)브이버스110-B,6839,6839,13678,2022년도 전기자동차 군산시 모델별 보조금,2022,군산시
승합(대형),북경모터스,그린타운(850),4265,0,4265,2022년도 전기자동차 군산시 모델별 보조금,2022,군산시
승합(대형),북경모터스,그린타운플러스,6550,0,6550,2022년도 전기자동차 군산시 모델별 보조금,2022,군산시
승합(대형),범한자동차,E-SKY11(350kWh),7000,7000,14000,2022년도 전기자동차 군산시 모델별 보조금,2022,군산시
승합(대형),범한자동차,E-STAR8 V1,6454,6454,12908,2022년도 전기자동차 군산시 모델별 보조금,2022,군산시
승합(대형),에스에이피,아이즘(IZM),7000,7000,14000,2022년도 전기자동차 군산시 모델별 보조금,2022,군산시
승합(대형),에스에이피,엘페(ELFE),7000,0,7000,2022년도 전기자동차 군산시 모델별 보조금,2022,군산시
승합(대형),에스에이피,리오네(LIONNE),7000,7000,14000,2022년도 전기자동차 군산시 모델별 보조금,2022,군산시
승합(대형),GS글로벌,eBus-12(K9DC),7000,7000,14000,2022년도 전기자동차 군산시 모델별 보조금,2022,군산시
승합(대형),GS글로벌,NEW BYD eBus-12,7000,7000,14000,2022년도 전기자동차 군산시 모델별 보조금,2022,군산시
승합(대형),티에스에코에너지,일레누스,7000,0,7000,2022년도 전기자동차 군산시 모델별 보조금,2022,군산시
승합(대형),이온모터스,시티라이트Ⅱ,7000,7000,14000,2022년도 전기자동차 군산시 모델별 보조금,2022,군산시
승합(대형),이온모터스,시티라이트9,7000,7000,14000,2022년도 전기자동차 군산시 모델별 보조금,2022,군산시
승합(대형),한차,GREENWAY1100,6388,6388,12776,2022년도 전기자동차 군산시 모델별 보조금,2022,군산시
승합(대형),이엠코리아,에픽시티(LFP),7000,7000,14000,2022년도 전기자동차 군산시 모델별 보조금,2022,군산시
승합(대형),태영티엔티,GD11,5749,5749,11498,2022년도 전기자동차 군산시 모델별 보조금,2022,군산시
승합(중형),현대자동차,카운티 일렉트릭(어린이운송용 30인승),4383,4383,8766,2022년도 전기자동차 익산시 모델별 보조금,2022,익산시
승합(중형),현대자동차,(단종)카운티 일렉트릭(어린이운송용 33인승 V2),4391,4391,8782,2022년도 전기자동차 익산시 모델별 보조금,2022,익산시
승합(중형),현대자동차,카운티 일렉트릭(어린이운송용 33인승),4391,4391,8782,2022년도 전기자동차 익산시 모델별 보조금,2022,익산시
승합(중형),현대자동차,카운티 일렉트릭,4391,4391,8782,2022년도 전기자동차 익산시 모델별 보조금,2022,익산시
승합(중형),현대자동차,카운티 일렉트릭(마을버스),5000,5000,10000,2022년도 전기자동차 익산시 모델별 보조금,2022,익산시
승합(중형),우진산전,아폴로750,4780,4780,9560,2022년도 전기자동차 익산시 모델별 보조금,2022,익산시
승합(중형),우진산전,아폴로750(15인승),5000,5000,10000,2022년도 전기자동차 익산시 모델별 보조금,2022,익산시
승합(중형),우진산전,아폴로750전기버스,5000,5000,10000,2022년도 전기자동차 익산시 모델별 보조금,2022,익산시
승합(중형),이비온,E6,2539,2539,5078,2022년도 전기자동차 익산시 모델별 보조금,2022,익산시
승합(중형),이비온,"E6(JL618S), 어린이통학",3570,3570,7140,2022년도 전기자동차 익산시 모델별 보조금,2022,익산시
승합(중형),GS글로벌,NEW BYD eBus-7,4357,4357,8714,2022년도 전기자동차 익산시 모델별 보조금,2022,익산시
승합(중형),한신자동차,바네스,2821,2821,5642,2022년도 전기자동차 익산시 모델별 보조금,2022,익산시
승합(중형),비바모빌리티,VBUS60,3789,0,3789,2022년도 전기자동차 익산시 모델별 보조금,2022,익산시
승합(중형),비바모빌리티,브이버스60i(어린이운송용),3791,0,3791,2022년도 전기자동차 익산시 모델별 보조금,2022,익산시
승합(중형),케이지모빌리티커머셜,SMART 8.7,5000,5000,10000,2022년도 전기자동차 익산시 모델별 보조금,2022,익산시
승합(중형),한차,GREENWAY720,5000,5000,10000,2022년도 전기자동차 익산시 모델별 보조금,2022,익산시
승합(대형),현대자동차,일렉시티 굴절버스,14693,0,14693,2022년도 전기자동차 익산시 모델별 보조금,2022,익산시
승합(대형),현대자동차,일렉시티 이층버스,12501,0,12501,2022년도 전기자동차 익산시 모델별 보조금,2022,익산시
승합(대형),현대자동차,일렉시티(3PACK),7000,0,7000,2022년도 전기자동차 익산시 모델별 보조금,2022,익산시
승합(대형),현대자동차,일렉시티(4PACK V1),7000,0,7000,2022년도 전기자동차 익산시 모델별 보조금,2022,익산시
승합(대형),케이지모빌리티커머셜,이-스마트(57인승),5522,0,5522,2022년도 전기자동차 익산시 모델별 보조금,2022,익산시
승합(대형),케이지모빌리티커머셜,이-스마트(51인승),5510,0,5510,2022년도 전기자동차 익산시 모델별 보조금,2022,익산시
승합(대형),케이지모빌리티커머셜,SMART 9.3,7000,0,7000,2022년도 전기자동차 익산시 모델별 보조금,2022,익산시
승합(대형),케이지모빌리티커머셜,SMART 110(272kWh),7000,0,7000,2022년도 전기자동차 익산시 모델별 보조금,2022,익산시
승합(대형),케이지모빌리티커머셜,SMART 110E(347kWh),7000,0,7000,2022년도 전기자동차 익산시 모델별 보조금,2022,익산시
승합(대형),케이지모빌리티커머셜,SMART 110(260kWh),7000,0,7000,2022년도 전기자동차 익산시 모델별 보조금,2022,익산시
승합(대형),케이지모빌리티커머셜,SMART 110E(260kWh),7000,0,7000,2022년도 전기자동차 익산시 모델별 보조금,2022,익산시
승합(대형),우진산전,아폴로1100,6396,0,6396,2022년도 전기자동차 익산시 모델별 보조금,2022,익산시
승합(대형),우진산전,아폴로1100(258kWh),6746,0,6746,2022년도 전기자동차 익산시 모델별 보조금,2022,익산시
승합(대형),우진산전,아폴로1100(11CTLP),6133,0,6133,2022년도 전기자동차 익산시 모델별 보조금,2022,익산시
승합(대형),우진산전,아폴로1100전기버스 22MY,7000,0,7000,2022년도 전기자동차 익산시 모델별 보조금,2022,익산시
승합(대형),피라인모터스,HYPERS(신형),5917,0,5917,2022년도 전기자동차 익산시 모델별 보조금,2022,익산시
승합(대형),피라인모터스,HYPERS(H),5778,0,5778,2022년도 전기자동차 익산시 모델별 보조금,2022,익산시
승합(대형),피라인모터스,HYPERS(11L),5021,0,5021,2022년도 전기자동차 익산시 모델별 보조금,2022,익산시
승합(대형),피라인모터스,HYPERS1611,6021,0,6021,2022년도 전기자동차 익산시 모델별 보조금,2022,익산시
승합(대형),피라인모터스,HYPERS1609,6068,0,6068,2022년도 전기자동차 익산시 모델별 보조금,2022,익산시
승합(대형),피라인모터스,HYPERS1612,5795,0,5795,2022년도 전기자동차 익산시 모델별 보조금,2022,익산시
승합(대형),피라인모터스,HYPERS1609H,6610,0,6610,2022년도 전기자동차 익산시 모델별 보조금,2022,익산시
승합(대형),비바모빌리티,(단종)브이버스90N,6430,0,6430,2022년도 전기자동차 익산시 모델별 보조금,2022,익산시
승합(대형),비바모빌리티,(단종)브이버스110-B,6839,0,6839,2022년도 전기자동차 익산시 모델별 보조금,2022,익산시
승합(대형),북경모터스,그린타운(850),4265,0,4265,2022년도 전기자동차 익산시 모델별 보조금,2022,익산시
승합(대형),북경모터스,그린타운플러스,6550,0,6550,2022년도 전기자동차 익산시 모델별 보조금,2022,익산시
승합(대형),범한자동차,E-SKY11(350kWh),7000,0,7000,2022년도 전기자동차 익산시 모델별 보조금,2022,익산시
승합(대형),범한자동차,E-STAR8 V1,6454,0,6454,2022년도 전기자동차 익산시 모델별 보조금,2022,익산시
승합(대형),에스에이피,아이즘(IZM),7000,0,7000,2022년도 전기자동차 익산시 모델별 보조금,2022,익산시
승합(대형),에스에이피,엘페(ELFE),7000,0,7000,2022년도 전기자동차 익산시 모델별 보조금,2022,익산시
승합(대형),에스에이피,리오네(LIONNE),7000,0,7000,2022년도 전기자동차 익산시 모델별 보조금,2022,익산시
승합(대형),GS글로벌,eBus-12(K9DC),7000,0,7000,2022년도 전기자동차 익산시 모델별 보조금,2022,익산시
승합(대형),GS글로벌,NEW BYD eBus-12,7000,0,7000,2022년도 전기자동차 익산시 모델별 보조금,2022,익산시
승합(대형),티에스에코에너지,일레누스,7000,0,7000,2022년도 전기자동차 익산시 모델별 보조금,2022,익산시
승합(대형),이온모터스,시티라이트Ⅱ,7000,0,7000,2022년도 전기자동차 익산시 모델별 보조금,2022,익산시
승합(대형),이온모터스,시티라이트9,7000,0,7000,2022년도 전기자동차 익산시 모델별 보조금,2022,익산시
승합(대형),한차,GREENWAY1100,6388,0,6388,2022년도 전기자동차 익산시 모델별 보조금,2022,익산시
승합(대형),이엠코리아,에픽시티(LFP),7000,0,7000,2022년도 전기자동차 익산시 모델별 보조금,2022,익산시
승합(대형),태영티엔티,GD11,5749,0,5749,2022년도 전기자동차 익산시 모델별 보조금,2022,익산시
모델별 지방비 자료가 없습니다.,모델별 지방비 자료가 없습니다.,모델별 지방비 자료가 없습니다.,모델별 지방비 자료가 없습니다.,모델별 지방비 자료가 없습니다.,모델별 지방비 자료가 없습니다.,2022년도 전기자동차 정읍시 모델별 보조금,2022,정읍시
모델별 지방비 자료가 없습니다.,모델별 지방비 자료가 없습니다.,모델별 지방비 자료가 없습니다.,모델별 지방비 자료가 없습니다.,모델별 지방비 자료가 없습니다.,모델별 지방비 자료가 없습니다.,2022년도 전기자동차 남원시 모델별 보조금,2022,남원시
모델별 지방비 자료가 없습니다.,모델별 지방비 자료가 없습니다.,모델별 지방비 자료가 없습니다.,모델별 지방비 자료가 없습니다.,모델별 지방비 자료가 없습니다.,모델별 지방비 자료가 없습니다.,2022년도 전기자동차 김제시 모델별 보조금,2022,김제시
모델별 지방비 자료가 없습니다.,모델별 지방비 자료가 없습니다.,모델별 지방비 자료가 없습니다.,모델별 지방비 자료가 없습니다.,모델별 지방비 자료가 없습니다.,모델별 지방비 자료가 없습니다.,2022년도 전기자동차 완주군 모델별 보조금,2022,완주군
모델별 지방비 자료가 없습니다.,모델별 지방비 자료가 없습니다.,모델별 지방비 자료가 없습니다.,모델별 지방비 자료가 없습니다.,모델별 지방비 자료가 없습니다.,모델별 지방비 자료가 없습니다.,2022년도 전기자동차 진안군 모델별 보조금,2022,진안군
모델별 지방비 자료가 없습니다.,모델별 지방비 자료가 없습니다.,모델별 지방비 자료가 없습니다.,모델별 지방비 자료가 없습니다.,모델별 지방비 자료가 없습니다.,모델별 지방비 자료가 없습니다.,2022년도 전기자동차 무주군 모델별 보조금,2022,무주군
모델별 지방비 자료가 없습니다.,모델별 지방비 자료가 없습니다.,모델별 지방비 자료가 없습니다.,모델별 지방비 자료가 없습니다.,모델별 지방비 자료가 없습니다.,모델별 지방비 자료가 없습니다.,2022년도 전기자동차 장수군 모델별 보조금,2022,장수군
모델별 지방비 자료가 없습니다.,모델별 지방비 자료가 없습니다.,모델별 지방비 자료가 없습니다.,모델별 지방비 자료가 없습니다.,모델별 지방비 자료가 없습니다.,모델별 지방비 자료가 없습니다.,2022년도 전기자동차 임실군 모델별 보조금,2022,임실군
모델별 지방비 자료가 없습니다.,모델별 지방비 자료가 없습니다.,모델별 지방비 자료가 없습니다.,모델별 지방비 자료가 없습니다.,모델별 지방비 자료가 없습니다.,모델별 지방비 자료가 없습니다.,2022년도 전기자동차 순창군 모델별 보조금,2022,순창군
모델별 지방비 자료가 없습니다.,모델별 지방비 자료가 없습니다.,모델별 지방비 자료가 없습니다.,모델별 지방비 자료가 없습니다.,모델별 지방비 자료가 없습니다.,모델별 지방비 자료가 없습니다.,2022년도 전기자동차 고창군 모델별 보조금,2022,고창군
모델별 지방비 자료가 없습니다.,모델별 지방비 자료가 없습니다.,모델별 지방비 자료가 없습니다.,모델별 지방비 자료가 없습니다.,모델별 지방비 자료가 없습니다.,모델별 지방비 자료가 없습니다.,2022년도 전기자동차 부안군 모델별 보조금,2022,부안군
모델별 지방비 자료가 없습니다.,모델별 지방비 자료가 없습니다.,모델별 지방비 자료가 없습니다.,모델별 지방비 자료가 없습니다.,모델별 지방비 자료가 없습니다.,모델별 지방비 자료가 없습니다.,2022년도 전기자동차 목포시 모델별 보조금,2022,목포시
승합(중형),현대자동차,카운티 일렉트릭(어린이운송용 30인승),4383,0,4383,2022년도 전기자동차 여수시 모델별 보조금,2022,여수시
승합(중형),현대자동차,(단종)카운티 일렉트릭(어린이운송용 33인승 V2),4391,0,4391,2022년도 전기자동차 여수시 모델별 보조금,2022,여수시
승합(중형),현대자동차,카운티 일렉트릭(어린이운송용 33인승),4391,0,4391,2022년도 전기자동차 여수시 모델별 보조금,2022,여수시
승합(중형),현대자동차,카운티 일렉트릭,4391,0,4391,2022년도 전기자동차 여수시 모델별 보조금,2022,여수시
승합(중형),현대자동차,카운티 일렉트릭(마을버스),5000,0,5000,2022년도 전기자동차 여수시 모델별 보조금,2022,여수시
승합(중형),우진산전,아폴로750,4780,0,4780,2022년도 전기자동차 여수시 모델별 보조금,2022,여수시
승합(중형),우진산전,아폴로750(15인승),5000,0,5000,2022년도 전기자동차 여수시 모델별 보조금,2022,여수시
승합(중형),우진산전,아폴로750전기버스,5000,0,5000,2022년도 전기자동차 여수시 모델별 보조금,2022,여수시
승합(중형),이비온,E6,2539,0,2539,2022년도 전기자동차 여수시 모델별 보조금,2022,여수시
승합(중형),이비온,"E6(JL618S), 어린이통학",3570,0,3570,2022년도 전기자동차 여수시 모델별 보조금,2022,여수시
승합(중형),GS글로벌,NEW BYD eBus-7,4357,0,4357,2022년도 전기자동차 여수시 모델별 보조금,2022,여수시
승합(중형),한신자동차,바네스,2821,0,2821,2022년도 전기자동차 여수시 모델별 보조금,2022,여수시
승합(중형),비바모빌리티,VBUS60,3789,0,3789,2022년도 전기자동차 여수시 모델별 보조금,2022,여수시
승합(중형),비바모빌리티,브이버스60i(어린이운송용),3791,0,3791,2022년도 전기자동차 여수시 모델별 보조금,2022,여수시
승합(중형),케이지모빌리티커머셜,SMART 8.7,5000,0,5000,2022년도 전기자동차 여수시 모델별 보조금,2022,여수시
승합(중형),한차,GREENWAY720,5000,0,5000,2022년도 전기자동차 여수시 모델별 보조금,2022,여수시
승합(대형),현대자동차,일렉시티 굴절버스,14693,0,14693,2022년도 전기자동차 여수시 모델별 보조금,2022,여수시
승합(대형),현대자동차,일렉시티 이층버스,12501,0,12501,2022년도 전기자동차 여수시 모델별 보조금,2022,여수시
승합(대형),현대자동차,일렉시티(3PACK),7000,0,7000,2022년도 전기자동차 여수시 모델별 보조금,2022,여수시
승합(대형),현대자동차,일렉시티(4PACK V1),7000,5100,12100,2022년도 전기자동차 여수시 모델별 보조금,2022,여수시
승합(대형),케이지모빌리티커머셜,이-스마트(57인승),5522,0,5522,2022년도 전기자동차 여수시 모델별 보조금,2022,여수시
승합(대형),케이지모빌리티커머셜,이-스마트(51인승),5510,0,5510,2022년도 전기자동차 여수시 모델별 보조금,2022,여수시
승합(대형),케이지모빌리티커머셜,SMART 9.3,7000,0,7000,2022년도 전기자동차 여수시 모델별 보조금,2022,여수시
승합(대형),케이지모빌리티커머셜,SMART 110(272kWh),7000,0,7000,2022년도 전기자동차 여수시 모델별 보조금,2022,여수시
승합(대형),케이지모빌리티커머셜,SMART 110E(347kWh),7000,0,7000,2022년도 전기자동차 여수시 모델별 보조금,2022,여수시
승합(대형),케이지모빌리티커머셜,SMART 110(260kWh),7000,0,7000,2022년도 전기자동차 여수시 모델별 보조금,2022,여수시
승합(대형),케이지모빌리티커머셜,SMART 110E(260kWh),7000,0,7000,2022년도 전기자동차 여수시 모델별 보조금,2022,여수시
승합(대형),우진산전,아폴로1100,6396,0,6396,2022년도 전기자동차 여수시 모델별 보조금,2022,여수시
승합(대형),우진산전,아폴로1100(258kWh),6746,0,6746,2022년도 전기자동차 여수시 모델별 보조금,2022,여수시
승합(대형),우진산전,아폴로1100(11CTLP),6133,0,6133,2022년도 전기자동차 여수시 모델별 보조금,2022,여수시
승합(대형),우진산전,아폴로900전기버스,4658,0,4658,2022년도 전기자동차 여수시 모델별 보조금,2022,여수시
승합(대형),우진산전,아폴로1100전기버스 22MY,7000,0,7000,2022년도 전기자동차 여수시 모델별 보조금,2022,여수시
승합(대형),피라인모터스,HYPERS(신형),5917,0,5917,2022년도 전기자동차 여수시 모델별 보조금,2022,여수시
승합(대형),피라인모터스,HYPERS(H),5778,0,5778,2022년도 전기자동차 여수시 모델별 보조금,2022,여수시
승합(대형),피라인모터스,HYPERS(11L),5021,0,5021,2022년도 전기자동차 여수시 모델별 보조금,2022,여수시
승합(대형),피라인모터스,HYPERS1611,6021,0,6021,2022년도 전기자동차 여수시 모델별 보조금,2022,여수시
승합(대형),피라인모터스,HYPERS1609,6068,0,6068,2022년도 전기자동차 여수시 모델별 보조금,2022,여수시
승합(대형),피라인모터스,HYPERS1612,5795,0,5795,2022년도 전기자동차 여수시 모델별 보조금,2022,여수시
승합(대형),피라인모터스,HYPERS1609H,6610,0,6610,2022년도 전기자동차 여수시 모델별 보조금,2022,여수시
승합(대형),비바모빌리티,(단종)브이버스90N,6430,0,6430,2022년도 전기자동차 여수시 모델별 보조금,2022,여수시
승합(대형),비바모빌리티,(단종)브이버스110-B,6839,0,6839,2022년도 전기자동차 여수시 모델별 보조금,2022,여수시
승합(대형),북경모터스,그린타운(850),4265,0,4265,2022년도 전기자동차 여수시 모델별 보조금,2022,여수시
승합(대형),북경모터스,그린타운플러스,6550,0,6550,2022년도 전기자동차 여수시 모델별 보조금,2022,여수시
승합(대형),범한자동차,E-SKY11(350kWh),7000,0,7000,2022년도 전기자동차 여수시 모델별 보조금,2022,여수시
승합(대형),범한자동차,E-STAR8 V1,6454,0,6454,2022년도 전기자동차 여수시 모델별 보조금,2022,여수시
승합(대형),에스에이피,아이즘(IZM),7000,0,7000,2022년도 전기자동차 여수시 모델별 보조금,2022,여수시
승합(대형),에스에이피,엘페(ELFE),7000,0,7000,2022년도 전기자동차 여수시 모델별 보조금,2022,여수시
승합(대형),에스에이피,리오네(LIONNE),7000,0,7000,2022년도 전기자동차 여수시 모델별 보조금,2022,여수시
승합(대형),GS글로벌,eBus-12(K9DC),7000,0,7000,2022년도 전기자동차 여수시 모델별 보조금,2022,여수시
승합(대형),GS글로벌,NEW BYD eBus-12,7000,0,7000,2022년도 전기자동차 여수시 모델별 보조금,2022,여수시
승합(대형),티에스에코에너지,일레누스,7000,0,7000,2022년도 전기자동차 여수시 모델별 보조금,2022,여수시
승합(대형),이온모터스,시티라이트Ⅱ,7000,0,7000,2022년도 전기자동차 여수시 모델별 보조금,2022,여수시
승합(대형),이온모터스,시티라이트9,7000,0,7000,2022년도 전기자동차 여수시 모델별 보조금,2022,여수시
승합(대형),한차,GREENWAY1100,6388,0,6388,2022년도 전기자동차 여수시 모델별 보조금,2022,여수시
승합(대형),이엠코리아,에픽시티(LFP),7000,0,7000,2022년도 전기자동차 여수시 모델별 보조금,2022,여수시
승합(대형),태영티엔티,GD11,5749,0,5749,2022년도 전기자동차 여수시 모델별 보조금,2022,여수시
승합(중형),현대자동차,카운티 일렉트릭(어린이운송용 30인승),4383,0,4383,2022년도 전기자동차 순천시 모델별 보조금,2022,순천시
승합(중형),현대자동차,(단종)카운티 일렉트릭(어린이운송용 33인승 V2),4391,0,4391,2022년도 전기자동차 순천시 모델별 보조금,2022,순천시
승합(중형),현대자동차,카운티 일렉트릭(어린이운송용 33인승),4391,0,4391,2022년도 전기자동차 순천시 모델별 보조금,2022,순천시
승합(중형),현대자동차,카운티 일렉트릭,4391,0,4391,2022년도 전기자동차 순천시 모델별 보조금,2022,순천시
승합(중형),현대자동차,카운티 일렉트릭(마을버스),5000,0,5000,2022년도 전기자동차 순천시 모델별 보조금,2022,순천시
승합(중형),우진산전,아폴로750,4780,0,4780,2022년도 전기자동차 순천시 모델별 보조금,2022,순천시
승합(중형),우진산전,아폴로750(15인승),5000,0,5000,2022년도 전기자동차 순천시 모델별 보조금,2022,순천시
승합(중형),우진산전,아폴로750전기버스,5000,0,5000,2022년도 전기자동차 순천시 모델별 보조금,2022,순천시
승합(중형),이비온,E6,2539,0,2539,2022년도 전기자동차 순천시 모델별 보조금,2022,순천시
승합(중형),이비온,"E6(JL618S), 어린이통학",3570,0,3570,2022년도 전기자동차 순천시 모델별 보조금,2022,순천시
승합(중형),GS글로벌,NEW BYD eBus-7,4357,0,4357,2022년도 전기자동차 순천시 모델별 보조금,2022,순천시
승합(중형),한신자동차,바네스,2821,0,2821,2022년도 전기자동차 순천시 모델별 보조금,2022,순천시
승합(중형),비바모빌리티,VBUS60,3789,0,3789,2022년도 전기자동차 순천시 모델별 보조금,2022,순천시
승합(중형),비바모빌리티,브이버스60i(어린이운송용),3791,0,3791,2022년도 전기자동차 순천시 모델별 보조금,2022,순천시
승합(중형),케이지모빌리티커머셜,SMART 8.7,5000,0,5000,2022년도 전기자동차 순천시 모델별 보조금,2022,순천시
승합(중형),한차,GREENWAY720,5000,0,5000,2022년도 전기자동차 순천시 모델별 보조금,2022,순천시
승합(대형),현대자동차,일렉시티 굴절버스,14693,5100,19793,2022년도 전기자동차 순천시 모델별 보조금,2022,순천시
승합(대형),현대자동차,일렉시티 이층버스,12501,5100,17601,2022년도 전기자동차 순천시 모델별 보조금,2022,순천시
승합(대형),현대자동차,일렉시티(3PACK),7000,5100,12100,2022년도 전기자동차 순천시 모델별 보조금,2022,순천시
승합(대형),현대자동차,일렉시티(4PACK V1),7000,5100,12100,2022년도 전기자동차 순천시 모델별 보조금,2022,순천시
승합(대형),케이지모빌리티커머셜,이-스마트(57인승),5522,4023,9545,2022년도 전기자동차 순천시 모델별 보조금,2022,순천시
승합(대형),케이지모빌리티커머셜,이-스마트(51인승),5510,4014,9524,2022년도 전기자동차 순천시 모델별 보조금,2022,순천시
승합(대형),케이지모빌리티커머셜,SMART 9.3,7000,5100,12100,2022년도 전기자동차 순천시 모델별 보조금,2022,순천시
승합(대형),케이지모빌리티커머셜,SMART 110(272kWh),7000,5100,12100,2022년도 전기자동차 순천시 모델별 보조금,2022,순천시
승합(대형),케이지모빌리티커머셜,SMART 110E(347kWh),7000,5100,12100,2022년도 전기자동차 순천시 모델별 보조금,2022,순천시
승합(대형),케이지모빌리티커머셜,SMART 110(260kWh),7000,5100,12100,2022년도 전기자동차 순천시 모델별 보조금,2022,순천시
승합(대형),우진산전,아폴로1100(258kWh),6746,4915,11661,2022년도 전기자동차 순천시 모델별 보조금,2022,순천시
승합(대형),우진산전,아폴로1100(11CTLP),6133,4468,10601,2022년도 전기자동차 순천시 모델별 보조금,2022,순천시
승합(대형),북경모터스,그린타운(850),4265,2636,6901,2022년도 전기자동차 순천시 모델별 보조금,2022,순천시
승합(대형),북경모터스,그린타운플러스,6550,4025,10575,2022년도 전기자동차 순천시 모델별 보조금,2022,순천시
승합(대형),GS글로벌,eBus-12(K9DC),7000,5100,12100,2022년도 전기자동차 순천시 모델별 보조금,2022,순천시
승합(대형),GS글로벌,NEW BYD eBus-12,7000,5100,12100,2022년도 전기자동차 순천시 모델별 보조금,2022,순천시
승합(대형),이온모터스,시티라이트Ⅱ,7000,5100,12100,2022년도 전기자동차 순천시 모델별 보조금,2022,순천시
승합(대형),이엠코리아,에픽시티(LFP),7000,5100,12100,2022년도 전기자동차 순천시 모델별 보조금,2022,순천시
모델별 지방비 자료가 없습니다.,모델별 지방비 자료가 없습니다.,모델별 지방비 자료가 없습니다.,모델별 지방비 자료가 없습니다.,모델별 지방비 자료가 없습니다.,모델별 지방비 자료가 없습니다.,2022년도 전기자동차 나주시 모델별 보조금,2022,나주시
승합(중형),현대자동차,카운티 일렉트릭(어린이운송용 30인승),4383,0,4383,2022년도 전기자동차 광양시 모델별 보조금,2022,광양시
승합(중형),현대자동차,(단종)카운티 일렉트릭(어린이운송용 33인승 V2),4391,0,4391,2022년도 전기자동차 광양시 모델별 보조금,2022,광양시
승합(중형),현대자동차,카운티 일렉트릭(어린이운송용 33인승),4391,0,4391,2022년도 전기자동차 광양시 모델별 보조금,2022,광양시
승합(중형),현대자동차,카운티 일렉트릭,4391,0,4391,2022년도 전기자동차 광양시 모델별 보조금,2022,광양시
승합(중형),현대자동차,카운티 일렉트릭(마을버스),5000,0,5000,2022년도 전기자동차 광양시 모델별 보조금,2022,광양시
승합(중형),우진산전,아폴로750,4780,0,4780,2022년도 전기자동차 광양시 모델별 보조금,2022,광양시
승합(중형),우진산전,아폴로750(15인승),5000,0,5000,2022년도 전기자동차 광양시 모델별 보조금,2022,광양시
승합(중형),우진산전,아폴로750전기버스,5000,0,5000,2022년도 전기자동차 광양시 모델별 보조금,2022,광양시
승합(중형),이비온,E6,2539,0,2539,2022년도 전기자동차 광양시 모델별 보조금,2022,광양시
승합(중형),이비온,"E6(JL618S), 어린이통학",3570,0,3570,2022년도 전기자동차 광양시 모델별 보조금,2022,광양시
승합(중형),GS글로벌,NEW BYD eBus-7,4357,0,4357,2022년도 전기자동차 광양시 모델별 보조금,2022,광양시
승합(중형),한신자동차,바네스,2821,0,2821,2022년도 전기자동차 광양시 모델별 보조금,2022,광양시
승합(중형),비바모빌리티,VBUS60,3789,0,3789,2022년도 전기자동차 광양시 모델별 보조금,2022,광양시
승합(중형),비바모빌리티,브이버스60i(어린이운송용),3791,0,3791,2022년도 전기자동차 광양시 모델별 보조금,2022,광양시
승합(중형),케이지모빌리티커머셜,SMART 8.7,5000,0,5000,2022년도 전기자동차 광양시 모델별 보조금,2022,광양시
승합(중형),한차,GREENWAY720,5000,0,5000,2022년도 전기자동차 광양시 모델별 보조금,2022,광양시
승합(대형),현대자동차,일렉시티 굴절버스,14693,0,14693,2022년도 전기자동차 광양시 모델별 보조금,2022,광양시
승합(대형),현대자동차,일렉시티 이층버스,12501,0,12501,2022년도 전기자동차 광양시 모델별 보조금,2022,광양시
승합(대형),현대자동차,일렉시티(3PACK),7000,5100,12100,2022년도 전기자동차 광양시 모델별 보조금,2022,광양시
승합(대형),현대자동차,일렉시티(4PACK V1),7000,5100,12100,2022년도 전기자동차 광양시 모델별 보조금,2022,광양시
승합(대형),케이지모빌리티커머셜,이-스마트(57인승),5522,0,5522,2022년도 전기자동차 광양시 모델별 보조금,2022,광양시
승합(대형),케이지모빌리티커머셜,이-스마트(51인승),5510,0,5510,2022년도 전기자동차 광양시 모델별 보조금,2022,광양시
승합(대형),케이지모빌리티커머셜,SMART 9.3,7000,0,7000,2022년도 전기자동차 광양시 모델별 보조금,2022,광양시
승합(대형),케이지모빌리티커머셜,SMART 110(272kWh),7000,0,7000,2022년도 전기자동차 광양시 모델별 보조금,2022,광양시
승합(대형),케이지모빌리티커머셜,SMART 110E(347kWh),7000,0,7000,2022년도 전기자동차 광양시 모델별 보조금,2022,광양시
승합(대형),케이지모빌리티커머셜,SMART 110(260kWh),7000,0,7000,2022년도 전기자동차 광양시 모델별 보조금,2022,광양시
승합(대형),우진산전,아폴로1100,6396,4659,11055,2022년도 전기자동차 광양시 모델별 보조금,2022,광양시
승합(대형),우진산전,아폴로1100(258kWh),6746,0,6746,2022년도 전기자동차 광양시 모델별 보조금,2022,광양시
승합(대형),우진산전,아폴로1100(11CTLP),6133,4467,10600,2022년도 전기자동차 광양시 모델별 보조금,2022,광양시
승합(대형),피라인모터스,HYPERS(신형),5917,0,5917,2022년도 전기자동차 광양시 모델별 보조금,2022,광양시
승합(대형),피라인모터스,HYPERS(H),5778,0,5778,2022년도 전기자동차 광양시 모델별 보조금,2022,광양시
승합(대형),피라인모터스,HYPERS(11L),5021,0,5021,2022년도 전기자동차 광양시 모델별 보조금,2022,광양시
승합(대형),피라인모터스,HYPERS1611,6021,0,6021,2022년도 전기자동차 광양시 모델별 보조금,2022,광양시
승합(대형),피라인모터스,HYPERS1609,6068,0,6068,2022년도 전기자동차 광양시 모델별 보조금,2022,광양시
승합(대형),피라인모터스,HYPERS1612,5795,0,5795,2022년도 전기자동차 광양시 모델별 보조금,2022,광양시
승합(대형),북경모터스,그린타운(850),4265,0,4265,2022년도 전기자동차 광양시 모델별 보조금,2022,광양시
승합(대형),북경모터스,그린타운플러스,6550,0,6550,2022년도 전기자동차 광양시 모델별 보조금,2022,광양시
승합(대형),GS글로벌,eBus-12(K9DC),7000,0,7000,2022년도 전기자동차 광양시 모델별 보조금,2022,광양시
승합(대형),GS글로벌,NEW BYD eBus-12,7000,0,7000,2022년도 전기자동차 광양시 모델별 보조금,2022,광양시
승합(대형),티에스에코에너지,일레누스,7000,0,7000,2022년도 전기자동차 광양시 모델별 보조금,2022,광양시
승합(대형),이온모터스,시티라이트Ⅱ,7000,0,7000,2022년도 전기자동차 광양시 모델별 보조금,2022,광양시
승합(대형),이온모터스,시티라이트9,7000,0,7000,2022년도 전기자동차 광양시 모델별 보조금,2022,광양시
승합(대형),한차,GREENWAY1100,6388,0,6388,2022년도 전기자동차 광양시 모델별 보조금,2022,광양시
승합(대형),이엠코리아,에픽시티(LFP),7000,0,7000,2022년도 전기자동차 광양시 모델별 보조금,2022,광양시
승합(대형),태영티엔티,GD11,5749,0,5749,2022년도 전기자동차 광양시 모델별 보조금,2022,광양시
모델별 지방비 자료가 없습니다.,모델별 지방비 자료가 없습니다.,모델별 지방비 자료가 없습니다.,모델별 지방비 자료가 없습니다.,모델별 지방비 자료가 없습니다.,모델별 지방비 자료가 없습니다.,2022년도 전기자동차 담양군 모델별 보조금,2022,담양군
모델별 지방비 자료가 없습니다.,모델별 지방비 자료가 없습니다.,모델별 지방비 자료가 없습니다.,모델별 지방비 자료가 없습니다.,모델별 지방비 자료가 없습니다.,모델별 지방비 자료가 없습니다.,2022년도 전기자동차 곡성군 모델별 보조금,2022,곡성군
모델별 지방비 자료가 없습니다.,모델별 지방비 자료가 없습니다.,모델별 지방비 자료가 없습니다.,모델별 지방비 자료가 없습니다.,모델별 지방비 자료가 없습니다.,모델별 지방비 자료가 없습니다.,2022년도 전기자동차 구례군 모델별 보조금,2022,구례군
모델별 지방비 자료가 없습니다.,모델별 지방비 자료가 없습니다.,모델별 지방비 자료가 없습니다.,모델별 지방비 자료가 없습니다.,모델별 지방비 자료가 없습니다.,모델별 지방비 자료가 없습니다.,2022년도 전기자동차 고흥군 모델별 보조금,2022,고흥군
모델별 지방비 자료가 없습니다.,모델별 지방비 자료가 없습니다.,모델별 지방비 자료가 없습니다.,모델별 지방비 자료가 없습니다.,모델별 지방비 자료가 없습니다.,모델별 지방비 자료가 없습니다.,2022년도 전기자동차 보성군 모델별 보조금,2022,보성군
모델별 지방비 자료가 없습니다.,모델별 지방비 자료가 없습니다.,모델별 지방비 자료가 없습니다.,모델별 지방비 자료가 없습니다.,모델별 지방비 자료가 없습니다.,모델별 지방비 자료가 없습니다.,2022년도 전기자동차 화순군 모델별 보조금,2022,화순군
모델별 지방비 자료가 없습니다.,모델별 지방비 자료가 없습니다.,모델별 지방비 자료가 없습니다.,모델별 지방비 자료가 없습니다.,모델별 지방비 자료가 없습니다.,모델별 지방비 자료가 없습니다.,2022년도 전기자동차 장흥군 모델별 보조금,2022,장흥군
모델별 지방비 자료가 없습니다.,모델별 지방비 자료가 없습니다.,모델별 지방비 자료가 없습니다.,모델별 지방비 자료가 없습니다.,모델별 지방비 자료가 없습니다.,모델별 지방비 자료가 없습니다.,2022년도 전기자동차 강진군 모델별 보조금,2022,강진군
승합(중형),현대자동차,카운티 일렉트릭(어린이운송용 30인승),4383,0,4383,2022년도 전기자동차 해남군 모델별 보조금,2022,해남군
승합(중형),현대자동차,(단종)카운티 일렉트릭(어린이운송용 33인승 V2),4391,0,4391,2022년도 전기자동차 해남군 모델별 보조금,2022,해남군
승합(중형),현대자동차,카운티 일렉트릭(어린이운송용 33인승),4391,0,4391,2022년도 전기자동차 해남군 모델별 보조금,2022,해남군
승합(중형),현대자동차,카운티 일렉트릭,4391,0,4391,2022년도 전기자동차 해남군 모델별 보조금,2022,해남군
승합(중형),현대자동차,카운티 일렉트릭(마을버스),5000,0,5000,2022년도 전기자동차 해남군 모델별 보조금,2022,해남군
승합(중형),우진산전,아폴로750,4780,0,4780,2022년도 전기자동차 해남군 모델별 보조금,2022,해남군
승합(중형),우진산전,아폴로750(15인승),5000,0,5000,2022년도 전기자동차 해남군 모델별 보조금,2022,해남군
승합(중형),우진산전,아폴로750전기버스,5000,0,5000,2022년도 전기자동차 해남군 모델별 보조금,2022,해남군
승합(중형),이비온,E6,2539,0,2539,2022년도 전기자동차 해남군 모델별 보조금,2022,해남군
승합(중형),이비온,"E6(JL618S), 어린이통학",3570,0,3570,2022년도 전기자동차 해남군 모델별 보조금,2022,해남군
승합(중형),GS글로벌,NEW BYD eBus-7,4357,0,4357,2022년도 전기자동차 해남군 모델별 보조금,2022,해남군
승합(중형),한신자동차,바네스,2821,0,2821,2022년도 전기자동차 해남군 모델별 보조금,2022,해남군
승합(중형),비바모빌리티,VBUS60,3789,0,3789,2022년도 전기자동차 해남군 모델별 보조금,2022,해남군
승합(중형),비바모빌리티,브이버스60i(어린이운송용),3791,0,3791,2022년도 전기자동차 해남군 모델별 보조금,2022,해남군
승합(중형),케이지모빌리티커머셜,SMART 8.7,5000,0,5000,2022년도 전기자동차 해남군 모델별 보조금,2022,해남군
승합(중형),한차,GREENWAY720,5000,0,5000,2022년도 전기자동차 해남군 모델별 보조금,2022,해남군
승합(대형),현대자동차,일렉시티 굴절버스,14693,0,14693,2022년도 전기자동차 해남군 모델별 보조금,2022,해남군
승합(대형),현대자동차,일렉시티 이층버스,12501,0,12501,2022년도 전기자동차 해남군 모델별 보조금,2022,해남군
승합(대형),현대자동차,일렉시티(3PACK),7000,0,7000,2022년도 전기자동차 해남군 모델별 보조금,2022,해남군
승합(대형),현대자동차,일렉시티(4PACK V1),7000,0,7000,2022년도 전기자동차 해남군 모델별 보조금,2022,해남군
승합(대형),케이지모빌리티커머셜,이-스마트(57인승),5522,0,5522,2022년도 전기자동차 해남군 모델별 보조금,2022,해남군
승합(대형),케이지모빌리티커머셜,이-스마트(51인승),5510,0,5510,2022년도 전기자동차 해남군 모델별 보조금,2022,해남군
승합(대형),케이지모빌리티커머셜,SMART 9.3,7000,0,7000,2022년도 전기자동차 해남군 모델별 보조금,2022,해남군
승합(대형),케이지모빌리티커머셜,SMART 110(272kWh),7000,0,7000,2022년도 전기자동차 해남군 모델별 보조금,2022,해남군
승합(대형),케이지모빌리티커머셜,SMART 110E(347kWh),7000,0,7000,2022년도 전기자동차 해남군 모델별 보조금,2022,해남군
승합(대형),케이지모빌리티커머셜,SMART 110(260kWh),7000,0,7000,2022년도 전기자동차 해남군 모델별 보조금,2022,해남군
승합(대형),우진산전,아폴로1100,6396,0,6396,2022년도 전기자동차 해남군 모델별 보조금,2022,해남군
승합(대형),우진산전,아폴로1100(258kWh),6746,0,6746,2022년도 전기자동차 해남군 모델별 보조금,2022,해남군
승합(대형),우진산전,아폴로1100(11CTLP),6133,0,6133,2022년도 전기자동차 해남군 모델별 보조금,2022,해남군
승합(대형),우진산전,아폴로1100전기버스 22MY,7000,0,7000,2022년도 전기자동차 해남군 모델별 보조금,2022,해남군
승합(대형),피라인모터스,HYPERS(신형),5917,0,5917,2022년도 전기자동차 해남군 모델별 보조금,2022,해남군
승합(대형),피라인모터스,HYPERS(H),5778,0,5778,2022년도 전기자동차 해남군 모델별 보조금,2022,해남군
승합(대형),피라인모터스,HYPERS(11L),5021,0,5021,2022년도 전기자동차 해남군 모델별 보조금,2022,해남군
승합(대형),피라인모터스,HYPERS1611,6021,0,6021,2022년도 전기자동차 해남군 모델별 보조금,2022,해남군
승합(대형),피라인모터스,HYPERS1609,6068,0,6068,2022년도 전기자동차 해남군 모델별 보조금,2022,해남군
승합(대형),피라인모터스,HYPERS1612,5795,0,5795,2022년도 전기자동차 해남군 모델별 보조금,2022,해남군
승합(대형),피라인모터스,HYPERS1609H,6610,0,6610,2022년도 전기자동차 해남군 모델별 보조금,2022,해남군
승합(대형),비바모빌리티,(단종)브이버스90N,6430,0,6430,2022년도 전기자동차 해남군 모델별 보조금,2022,해남군
승합(대형),비바모빌리티,(단종)브이버스110-B,6839,0,6839,2022년도 전기자동차 해남군 모델별 보조금,2022,해남군
승합(대형),북경모터스,그린타운(850),4265,0,4265,2022년도 전기자동차 해남군 모델별 보조금,2022,해남군
승합(대형),북경모터스,그린타운플러스,6550,0,6550,2022년도 전기자동차 해남군 모델별 보조금,2022,해남군
승합(대형),에스에이피,엘페(ELFE),7000,0,7000,2022년도 전기자동차 해남군 모델별 보조금,2022,해남군
승합(대형),GS글로벌,eBus-12(K9DC),7000,0,7000,2022년도 전기자동차 해남군 모델별 보조금,2022,해남군
승합(대형),GS글로벌,NEW BYD eBus-12,7000,0,7000,2022년도 전기자동차 해남군 모델별 보조금,2022,해남군
승합(대형),티에스에코에너지,일레누스,7000,0,7000,2022년도 전기자동차 해남군 모델별 보조금,2022,해남군
승합(대형),이온모터스,시티라이트Ⅱ,7000,0,7000,2022년도 전기자동차 해남군 모델별 보조금,2022,해남군
승합(대형),이온모터스,시티라이트9,7000,0,7000,2022년도 전기자동차 해남군 모델별 보조금,2022,해남군
승합(대형),한차,GREENWAY1100,6388,0,6388,2022년도 전기자동차 해남군 모델별 보조금,2022,해남군
승합(대형),이엠코리아,에픽시티(LFP),7000,0,7000,2022년도 전기자동차 해남군 모델별 보조금,2022,해남군
승합(대형),태영티엔티,GD11,5749,0,5749,2022년도 전기자동차 해남군 모델별 보조금,2022,해남군
승합(중형),현대자동차,카운티 일렉트릭(어린이운송용 30인승),4383,0,4383,2022년도 전기자동차 영암군 모델별 보조금,2022,영암군
승합(중형),현대자동차,(단종)카운티 일렉트릭(어린이운송용 33인승 V2),4391,0,4391,2022년도 전기자동차 영암군 모델별 보조금,2022,영암군
승합(중형),현대자동차,카운티 일렉트릭(어린이운송용 33인승),4391,0,4391,2022년도 전기자동차 영암군 모델별 보조금,2022,영암군
승합(중형),현대자동차,카운티 일렉트릭,4391,0,4391,2022년도 전기자동차 영암군 모델별 보조금,2022,영암군
승합(중형),현대자동차,카운티 일렉트릭(마을버스),5000,0,5000,2022년도 전기자동차 영암군 모델별 보조금,2022,영암군
승합(중형),우진산전,아폴로750,4780,0,4780,2022년도 전기자동차 영암군 모델별 보조금,2022,영암군
승합(중형),우진산전,아폴로750(15인승),5000,0,5000,2022년도 전기자동차 영암군 모델별 보조금,2022,영암군
승합(중형),우진산전,아폴로750전기버스,5000,0,5000,2022년도 전기자동차 영암군 모델별 보조금,2022,영암군
승합(중형),이비온,E6,2539,0,2539,2022년도 전기자동차 영암군 모델별 보조금,2022,영암군
승합(중형),이비온,"E6(JL618S), 어린이통학",3570,0,3570,2022년도 전기자동차 영암군 모델별 보조금,2022,영암군
승합(중형),GS글로벌,NEW BYD eBus-7,4357,0,4357,2022년도 전기자동차 영암군 모델별 보조금,2022,영암군
승합(중형),한신자동차,바네스,2821,0,2821,2022년도 전기자동차 영암군 모델별 보조금,2022,영암군
승합(중형),비바모빌리티,VBUS60,3789,0,3789,2022년도 전기자동차 영암군 모델별 보조금,2022,영암군
승합(중형),비바모빌리티,브이버스60i(어린이운송용),3791,0,3791,2022년도 전기자동차 영암군 모델별 보조금,2022,영암군
승합(중형),케이지모빌리티커머셜,SMART 8.7,5000,0,5000,2022년도 전기자동차 영암군 모델별 보조금,2022,영암군
승합(중형),한차,GREENWAY720,5000,0,5000,2022년도 전기자동차 영암군 모델별 보조금,2022,영암군
승합(대형),현대자동차,일렉시티 굴절버스,14693,0,14693,2022년도 전기자동차 영암군 모델별 보조금,2022,영암군
승합(대형),현대자동차,일렉시티 이층버스,12501,0,12501,2022년도 전기자동차 영암군 모델별 보조금,2022,영암군
승합(대형),현대자동차,일렉시티(3PACK),7000,0,7000,2022년도 전기자동차 영암군 모델별 보조금,2022,영암군
승합(대형),현대자동차,일렉시티(4PACK V1),7000,0,7000,2022년도 전기자동차 영암군 모델별 보조금,2022,영암군
승합(대형),케이지모빌리티커머셜,이-스마트(57인승),5522,0,5522,2022년도 전기자동차 영암군 모델별 보조금,2022,영암군
승합(대형),케이지모빌리티커머셜,이-스마트(51인승),5510,0,5510,2022년도 전기자동차 영암군 모델별 보조금,2022,영암군
승합(대형),케이지모빌리티커머셜,SMART 9.3,7000,0,7000,2022년도 전기자동차 영암군 모델별 보조금,2022,영암군
승합(대형),케이지모빌리티커머셜,SMART 110(272kWh),7000,0,7000,2022년도 전기자동차 영암군 모델별 보조금,2022,영암군
승합(대형),케이지모빌리티커머셜,SMART 110E(347kWh),7000,0,7000,2022년도 전기자동차 영암군 모델별 보조금,2022,영암군
승합(대형),케이지모빌리티커머셜,SMART 110(260kWh),7000,0,7000,2022년도 전기자동차 영암군 모델별 보조금,2022,영암군
승합(대형),케이지모빌리티커머셜,SMART 110E(260kWh),7000,0,7000,2022년도 전기자동차 영암군 모델별 보조금,2022,영암군
승합(대형),우진산전,아폴로1100,6396,0,6396,2022년도 전기자동차 영암군 모델별 보조금,2022,영암군
승합(대형),우진산전,아폴로1100(258kWh),6746,0,6746,2022년도 전기자동차 영암군 모델별 보조금,2022,영암군
승합(대형),우진산전,아폴로1100(11CTLP),6133,0,6133,2022년도 전기자동차 영암군 모델별 보조금,2022,영암군
승합(대형),우진산전,아폴로900전기버스,4658,0,4658,2022년도 전기자동차 영암군 모델별 보조금,2022,영암군
승합(대형),우진산전,아폴로1100전기버스 22MY,7000,0,7000,2022년도 전기자동차 영암군 모델별 보조금,2022,영암군
승합(대형),피라인모터스,HYPERS(신형),5917,0,5917,2022년도 전기자동차 영암군 모델별 보조금,2022,영암군
승합(대형),피라인모터스,HYPERS(H),5778,0,5778,2022년도 전기자동차 영암군 모델별 보조금,2022,영암군
승합(대형),피라인모터스,HYPERS(11L),5021,0,5021,2022년도 전기자동차 영암군 모델별 보조금,2022,영암군
승합(대형),피라인모터스,HYPERS1611,6021,0,6021,2022년도 전기자동차 영암군 모델별 보조금,2022,영암군
승합(대형),피라인모터스,HYPERS1609,6068,0,6068,2022년도 전기자동차 영암군 모델별 보조금,2022,영암군
승합(대형),피라인모터스,HYPERS1612,5795,0,5795,2022년도 전기자동차 영암군 모델별 보조금,2022,영암군
승합(대형),피라인모터스,HYPERS1609H,6610,0,6610,2022년도 전기자동차 영암군 모델별 보조금,2022,영암군
승합(대형),비바모빌리티,(단종)브이버스90N,6430,0,6430,2022년도 전기자동차 영암군 모델별 보조금,2022,영암군
승합(대형),비바모빌리티,(단종)브이버스110-B,6839,0,6839,2022년도 전기자동차 영암군 모델별 보조금,2022,영암군
승합(대형),북경모터스,그린타운(850),4265,0,4265,2022년도 전기자동차 영암군 모델별 보조금,2022,영암군
승합(대형),북경모터스,그린타운플러스,6550,0,6550,2022년도 전기자동차 영암군 모델별 보조금,2022,영암군
승합(대형),범한자동차,E-SKY11(350kWh),7000,0,7000,2022년도 전기자동차 영암군 모델별 보조금,2022,영암군
승합(대형),범한자동차,E-STAR8 V1,6454,0,6454,2022년도 전기자동차 영암군 모델별 보조금,2022,영암군
승합(대형),에스에이피,아이즘(IZM),7000,0,7000,2022년도 전기자동차 영암군 모델별 보조금,2022,영암군
승합(대형),에스에이피,엘페(ELFE),7000,0,7000,2022년도 전기자동차 영암군 모델별 보조금,2022,영암군
승합(대형),에스에이피,리오네(LIONNE),7000,0,7000,2022년도 전기자동차 영암군 모델별 보조금,2022,영암군
승합(대형),GS글로벌,eBus-12(K9DC),7000,0,7000,2022년도 전기자동차 영암군 모델별 보조금,2022,영암군
승합(대형),GS글로벌,NEW BYD eBus-12,7000,0,7000,2022년도 전기자동차 영암군 모델별 보조금,2022,영암군
승합(대형),티에스에코에너지,일레누스,7000,0,7000,2022년도 전기자동차 영암군 모델별 보조금,2022,영암군
승합(대형),티에스에코에너지,일레누스(TS900),6251,0,6251,2022년도 전기자동차 영암군 모델별 보조금,2022,영암군
승합(대형),이온모터스,시티라이트Ⅱ,7000,0,7000,2022년도 전기자동차 영암군 모델별 보조금,2022,영암군
승합(대형),이온모터스,시티라이트9,7000,0,7000,2022년도 전기자동차 영암군 모델별 보조금,2022,영암군
승합(대형),한차,GREENWAY1100,6388,0,6388,2022년도 전기자동차 영암군 모델별 보조금,2022,영암군
승합(대형),이엠코리아,에픽시티(LFP),7000,0,7000,2022년도 전기자동차 영암군 모델별 보조금,2022,영암군
승합(대형),태영티엔티,GD11,5749,0,5749,2022년도 전기자동차 영암군 모델별 보조금,2022,영암군
승합(대형),재일홀딩스,그린타운400,6418,0,6418,2022년도 전기자동차 영암군 모델별 보조금,2022,영암군
모델별 지방비 자료가 없습니다.,모델별 지방비 자료가 없습니다.,모델별 지방비 자료가 없습니다.,모델별 지방비 자료가 없습니다.,모델별 지방비 자료가 없습니다.,모델별 지방비 자료가 없습니다.,2022년도 전기자동차 무안군 모델별 보조금,2022,무안군
승합(중형),현대자동차,카운티 일렉트릭(어린이운송용 30인승),4383,3192,7575,2022년도 전기자동차 함평군 모델별 보조금,2022,함평군
승합(중형),현대자동차,(단종)카운티 일렉트릭(어린이운송용 33인승 V2),4391,3198,7589,2022년도 전기자동차 함평군 모델별 보조금,2022,함평군
승합(중형),현대자동차,카운티 일렉트릭(어린이운송용 33인승),4391,3198,7589,2022년도 전기자동차 함평군 모델별 보조금,2022,함평군
승합(중형),현대자동차,카운티 일렉트릭,4391,3198,7589,2022년도 전기자동차 함평군 모델별 보조금,2022,함평군
승합(중형),현대자동차,카운티 일렉트릭(마을버스),5000,3642,8642,2022년도 전기자동차 함평군 모델별 보조금,2022,함평군
승합(중형),우진산전,아폴로750,4780,3482,8262,2022년도 전기자동차 함평군 모델별 보조금,2022,함평군
승합(중형),우진산전,아폴로750(15인승),5000,3642,8642,2022년도 전기자동차 함평군 모델별 보조금,2022,함평군
승합(중형),우진산전,아폴로750전기버스,5000,3642,8642,2022년도 전기자동차 함평군 모델별 보조금,2022,함평군
승합(중형),이비온,E6,2539,1849,4388,2022년도 전기자동차 함평군 모델별 보조금,2022,함평군
승합(중형),이비온,"E6(JL618S), 어린이통학",3570,2601,6171,2022년도 전기자동차 함평군 모델별 보조금,2022,함평군
승합(중형),GS글로벌,NEW BYD eBus-7,4357,3174,7531,2022년도 전기자동차 함평군 모델별 보조금,2022,함평군
승합(중형),한신자동차,바네스,2821,2055,4876,2022년도 전기자동차 함평군 모델별 보조금,2022,함평군
승합(중형),비바모빌리티,VBUS60,3789,2759,6548,2022년도 전기자동차 함평군 모델별 보조금,2022,함평군
승합(중형),비바모빌리티,브이버스60i(어린이운송용),3791,2761,6552,2022년도 전기자동차 함평군 모델별 보조금,2022,함평군
승합(중형),케이지모빌리티커머셜,SMART 8.7,5000,3642,8642,2022년도 전기자동차 함평군 모델별 보조금,2022,함평군
승합(중형),한차,GREENWAY720,5000,3642,8642,2022년도 전기자동차 함평군 모델별 보조금,2022,함평군
승합(대형),현대자동차,일렉시티 굴절버스,14693,0,14693,2022년도 전기자동차 함평군 모델별 보조금,2022,함평군
승합(대형),현대자동차,일렉시티 이층버스,12501,0,12501,2022년도 전기자동차 함평군 모델별 보조금,2022,함평군
승합(대형),현대자동차,일렉시티(3PACK),7000,5100,12100,2022년도 전기자동차 함평군 모델별 보조금,2022,함평군
승합(대형),현대자동차,일렉시티(4PACK V1),7000,5100,12100,2022년도 전기자동차 함평군 모델별 보조금,2022,함평군
승합(대형),우진산전,아폴로1100(258kWh),6746,4914,11660,2022년도 전기자동차 함평군 모델별 보조금,2022,함평군
승합(대형),우진산전,아폴로1100(11CTLP),6133,4467,10600,2022년도 전기자동차 함평군 모델별 보조금,2022,함평군
승합(대형),북경모터스,그린타운(850),4265,3106,7371,2022년도 전기자동차 함평군 모델별 보조금,2022,함평군
승합(대형),북경모터스,그린타운플러스,6550,4772,11322,2022년도 전기자동차 함평군 모델별 보조금,2022,함평군
승합(대형),GS글로벌,eBus-12(K9DC),7000,5100,12100,2022년도 전기자동차 함평군 모델별 보조금,2022,함평군
승합(대형),GS글로벌,NEW BYD eBus-12,7000,5100,12100,2022년도 전기자동차 함평군 모델별 보조금,2022,함평군
승합(대형),이온모터스,시티라이트Ⅱ,7000,5100,12100,2022년도 전기자동차 함평군 모델별 보조금,2022,함평군
승합(중형),현대자동차,카운티 일렉트릭(어린이운송용 30인승),4383,0,4383,2022년도 전기자동차 영광군 모델별 보조금,2022,영광군
승합(중형),현대자동차,(단종)카운티 일렉트릭(어린이운송용 33인승 V2),4391,0,4391,2022년도 전기자동차 영광군 모델별 보조금,2022,영광군
승합(중형),현대자동차,카운티 일렉트릭(어린이운송용 33인승),4391,0,4391,2022년도 전기자동차 영광군 모델별 보조금,2022,영광군
승합(중형),현대자동차,카운티 일렉트릭,4391,0,4391,2022년도 전기자동차 영광군 모델별 보조금,2022,영광군
승합(중형),현대자동차,카운티 일렉트릭(마을버스),5000,0,5000,2022년도 전기자동차 영광군 모델별 보조금,2022,영광군
승합(중형),우진산전,아폴로750,4780,0,4780,2022년도 전기자동차 영광군 모델별 보조금,2022,영광군
승합(중형),우진산전,아폴로750(15인승),5000,0,5000,2022년도 전기자동차 영광군 모델별 보조금,2022,영광군
승합(중형),우진산전,아폴로750전기버스,5000,0,5000,2022년도 전기자동차 영광군 모델별 보조금,2022,영광군
승합(중형),이비온,E6,2539,0,2539,2022년도 전기자동차 영광군 모델별 보조금,2022,영광군
승합(중형),이비온,"E6(JL618S), 어린이통학",3570,0,3570,2022년도 전기자동차 영광군 모델별 보조금,2022,영광군
승합(중형),GS글로벌,NEW BYD eBus-7,4357,0,4357,2022년도 전기자동차 영광군 모델별 보조금,2022,영광군
승합(중형),한신자동차,바네스,2821,0,2821,2022년도 전기자동차 영광군 모델별 보조금,2022,영광군
승합(중형),비바모빌리티,VBUS60,3789,0,3789,2022년도 전기자동차 영광군 모델별 보조금,2022,영광군
승합(중형),비바모빌리티,브이버스60i(어린이운송용),3791,0,3791,2022년도 전기자동차 영광군 모델별 보조금,2022,영광군
승합(중형),케이지모빌리티커머셜,SMART 8.7,5000,0,5000,2022년도 전기자동차 영광군 모델별 보조금,2022,영광군
승합(중형),한차,GREENWAY720,5000,0,5000,2022년도 전기자동차 영광군 모델별 보조금,2022,영광군
승합(대형),현대자동차,일렉시티 굴절버스,14693,5100,19793,2022년도 전기자동차 영광군 모델별 보조금,2022,영광군
승합(대형),현대자동차,일렉시티 이층버스,12501,5100,17601,2022년도 전기자동차 영광군 모델별 보조금,2022,영광군
승합(대형),현대자동차,일렉시티(3PACK),7000,5100,12100,2022년도 전기자동차 영광군 모델별 보조금,2022,영광군
승합(대형),현대자동차,일렉시티(4PACK V1),7000,5100,12100,2022년도 전기자동차 영광군 모델별 보조금,2022,영광군
승합(대형),현대자동차,일렉시티 타운,7000,5100,12100,2022년도 전기자동차 영광군 모델별 보조금,2022,영광군
승합(대형),케이지모빌리티커머셜,이-스마트(57인승),5522,0,5522,2022년도 전기자동차 영광군 모델별 보조금,2022,영광군
승합(대형),케이지모빌리티커머셜,이-스마트(51인승),5510,0,5510,2022년도 전기자동차 영광군 모델별 보조금,2022,영광군
승합(대형),케이지모빌리티커머셜,SMART 9.3,7000,5100,12100,2022년도 전기자동차 영광군 모델별 보조금,2022,영광군
승합(대형),케이지모빌리티커머셜,SMART 110(272kWh),7000,5100,12100,2022년도 전기자동차 영광군 모델별 보조금,2022,영광군
승합(대형),케이지모빌리티커머셜,SMART 110E(347kWh),7000,5100,12100,2022년도 전기자동차 영광군 모델별 보조금,2022,영광군
승합(대형),케이지모빌리티커머셜,SMART 110(260kWh),7000,5100,12100,2022년도 전기자동차 영광군 모델별 보조금,2022,영광군
승합(대형),케이지모빌리티커머셜,SMART 110E(260kWh),7000,5100,12100,2022년도 전기자동차 영광군 모델별 보조금,2022,영광군
승합(대형),우진산전,아폴로1100,6396,0,6396,2022년도 전기자동차 영광군 모델별 보조금,2022,영광군
승합(대형),우진산전,아폴로1100(258kWh),6746,0,6746,2022년도 전기자동차 영광군 모델별 보조금,2022,영광군
승합(대형),우진산전,아폴로1100(11CTLP),6133,0,6133,2022년도 전기자동차 영광군 모델별 보조금,2022,영광군
승합(대형),우진산전,아폴로900전기버스,4658,0,4658,2022년도 전기자동차 영광군 모델별 보조금,2022,영광군
승합(대형),우진산전,아폴로1100전기버스 22MY,7000,5100,12100,2022년도 전기자동차 영광군 모델별 보조금,2022,영광군
승합(대형),피라인모터스,HYPERS(신형),5917,0,5917,2022년도 전기자동차 영광군 모델별 보조금,2022,영광군
승합(대형),피라인모터스,HYPERS(H),5778,0,5778,2022년도 전기자동차 영광군 모델별 보조금,2022,영광군
승합(대형),피라인모터스,HYPERS(11L),5021,0,5021,2022년도 전기자동차 영광군 모델별 보조금,2022,영광군
승합(대형),피라인모터스,HYPERS1611,6021,0,6021,2022년도 전기자동차 영광군 모델별 보조금,2022,영광군
승합(대형),피라인모터스,HYPERS1609,6068,0,6068,2022년도 전기자동차 영광군 모델별 보조금,2022,영광군
승합(대형),피라인모터스,HYPERS1612,5795,0,5795,2022년도 전기자동차 영광군 모델별 보조금,2022,영광군
승합(대형),피라인모터스,HYPERS1609H,6610,0,6610,2022년도 전기자동차 영광군 모델별 보조금,2022,영광군
승합(대형),피라인모터스,HYPERS1612N,7000,5100,12100,2022년도 전기자동차 영광군 모델별 보조금,2022,영광군
승합(대형),피라인모터스,HYPERS1609N,7000,5100,12100,2022년도 전기자동차 영광군 모델별 보조금,2022,영광군
승합(대형),피라인모터스,HYPERS1611N,6660,0,6660,2022년도 전기자동차 영광군 모델별 보조금,2022,영광군
승합(대형),비바모빌리티,(단종)브이버스90N,6430,0,6430,2022년도 전기자동차 영광군 모델별 보조금,2022,영광군
승합(대형),비바모빌리티,(단종)브이버스120,7000,5100,12100,2022년도 전기자동차 영광군 모델별 보조금,2022,영광군
승합(대형),비바모빌리티,(단종)브이버스110-B,6839,0,6839,2022년도 전기자동차 영광군 모델별 보조금,2022,영광군
승합(대형),북경모터스,그린타운(850),4265,0,4265,2022년도 전기자동차 영광군 모델별 보조금,2022,영광군
승합(대형),북경모터스,그린타운플러스,6550,0,6550,2022년도 전기자동차 영광군 모델별 보조금,2022,영광군
승합(대형),범한자동차,E-SKY11(350kWh),7000,5100,12100,2022년도 전기자동차 영광군 모델별 보조금,2022,영광군
승합(대형),범한자동차,E-SKY9(281kWh),7000,5100,12100,2022년도 전기자동차 영광군 모델별 보조금,2022,영광군
승합(대형),범한자동차,E-STAR8 V1,6454,0,6454,2022년도 전기자동차 영광군 모델별 보조금,2022,영광군
승합(대형),범한자동차,E-STAR11,7000,5100,12100,2022년도 전기자동차 영광군 모델별 보조금,2022,영광군
승합(대형),범한자동차,E-STAR12i,7000,5100,12100,2022년도 전기자동차 영광군 모델별 보조금,2022,영광군
승합(대형),에스에이피,아이즘(IZM),7000,5100,12100,2022년도 전기자동차 영광군 모델별 보조금,2022,영광군
승합(대형),에스에이피,엘페(ELFE),7000,5100,12100,2022년도 전기자동차 영광군 모델별 보조금,2022,영광군
승합(대형),에스에이피,리오네(LIONNE),7000,5100,12100,2022년도 전기자동차 영광군 모델별 보조금,2022,영광군
승합(대형),GS글로벌,eBus-12(K9DC),7000,5100,12100,2022년도 전기자동차 영광군 모델별 보조금,2022,영광군
승합(대형),GS글로벌,NEW BYD eBus-12,7000,5100,12100,2022년도 전기자동차 영광군 모델별 보조금,2022,영광군
승합(대형),티에스에코에너지,일레누스,7000,5100,12100,2022년도 전기자동차 영광군 모델별 보조금,2022,영광군
승합(대형),티에스에코에너지,일레누스(TS900),6251,0,6251,2022년도 전기자동차 영광군 모델별 보조금,2022,영광군
승합(대형),이온모터스,시티라이트,5815,0,5815,2022년도 전기자동차 영광군 모델별 보조금,2022,영광군
승합(대형),이온모터스,시티라이트Ⅱ,7000,5100,12100,2022년도 전기자동차 영광군 모델별 보조금,2022,영광군
승합(대형),이온모터스,시티라이트9,7000,5100,12100,2022년도 전기자동차 영광군 모델별 보조금,2022,영광군
승합(대형),한차,GREENWAY1100,6388,0,6388,2022년도 전기자동차 영광군 모델별 보조금,2022,영광군
승합(대형),한차,GREENWAY1100A,7000,5100,12100,2022년도 전기자동차 영광군 모델별 보조금,2022,영광군
승합(대형),이엠코리아,에픽시티(LFP),7000,5100,12100,2022년도 전기자동차 영광군 모델별 보조금,2022,영광군
승합(대형),태영티엔티,GD11,5749,0,5749,2022년도 전기자동차 영광군 모델별 보조금,2022,영광군
승합(대형),재일홀딩스,그린타운400,6418,0,6418,2022년도 전기자동차 영광군 모델별 보조금,2022,영광군
모델별 지방비 자료가 없습니다.,모델별 지방비 자료가 없습니다.,모델별 지방비 자료가 없습니다.,모델별 지방비 자료가 없습니다.,모델별 지방비 자료가 없습니다.,모델별 지방비 자료가 없습니다.,2022년도 전기자동차 장성군 모델별 보조금,2022,장성군
모델별 지방비 자료가 없습니다.,모델별 지방비 자료가 없습니다.,모델별 지방비 자료가 없습니다.,모델별 지방비 자료가 없습니다.,모델별 지방비 자료가 없습니다.,모델별 지방비 자료가 없습니다.,2022년도 전기자동차 완도군 모델별 보조금,2022,완도군
모델별 지방비 자료가 없습니다.,모델별 지방비 자료가 없습니다.,모델별 지방비 자료가 없습니다.,모델별 지방비 자료가 없습니다.,모델별 지방비 자료가 없습니다.,모델별 지방비 자료가 없습니다.,2022년도 전기자동차 진도군 모델별 보조금,2022,진도군
모델별 지방비 자료가 없습니다.,모델별 지방비 자료가 없습니다.,모델별 지방비 자료가 없습니다.,모델별 지방비 자료가 없습니다.,모델별 지방비 자료가 없습니다.,모델별 지방비 자료가 없습니다.,2022년도 전기자동차 신안군 모델별 보조금,2022,신안군
승합(중형),현대자동차,카운티 일렉트릭(어린이운송용 30인승),4383,1000,5383,2022년도 전기자동차 포항시 모델별 보조금,2022,포항시
승합(중형),현대자동차,(단종)카운티 일렉트릭(어린이운송용 33인승 V2),4391,1000,5391,2022년도 전기자동차 포항시 모델별 보조금,2022,포항시
승합(중형),현대자동차,카운티 일렉트릭(어린이운송용 33인승),4391,1000,5391,2022년도 전기자동차 포항시 모델별 보조금,2022,포항시
승합(중형),현대자동차,카운티 일렉트릭,4391,1000,5391,2022년도 전기자동차 포항시 모델별 보조금,2022,포항시
승합(중형),현대자동차,카운티 일렉트릭(마을버스),5000,1000,6000,2022년도 전기자동차 포항시 모델별 보조금,2022,포항시
승합(중형),우진산전,아폴로750,4780,1000,5780,2022년도 전기자동차 포항시 모델별 보조금,2022,포항시
승합(중형),우진산전,아폴로750(15인승),5000,1000,6000,2022년도 전기자동차 포항시 모델별 보조금,2022,포항시
승합(중형),우진산전,아폴로750전기버스,5000,1000,6000,2022년도 전기자동차 포항시 모델별 보조금,2022,포항시
승합(중형),이비온,E6,2539,1000,3539,2022년도 전기자동차 포항시 모델별 보조금,2022,포항시
승합(중형),이비온,"E6(JL618S), 어린이통학",3570,1000,4570,2022년도 전기자동차 포항시 모델별 보조금,2022,포항시
승합(중형),GS글로벌,NEW BYD eBus-7,4357,1000,5357,2022년도 전기자동차 포항시 모델별 보조금,2022,포항시
승합(중형),한신자동차,바네스,2821,1000,3821,2022년도 전기자동차 포항시 모델별 보조금,2022,포항시
승합(중형),비바모빌리티,VBUS60,3789,1000,4789,2022년도 전기자동차 포항시 모델별 보조금,2022,포항시
승합(중형),비바모빌리티,브이버스60i(어린이운송용),3791,1000,4791,2022년도 전기자동차 포항시 모델별 보조금,2022,포항시
승합(중형),케이지모빌리티커머셜,SMART 8.7,5000,1000,6000,2022년도 전기자동차 포항시 모델별 보조금,2022,포항시
승합(중형),한차,GREENWAY720,5000,1000,6000,2022년도 전기자동차 포항시 모델별 보조금,2022,포항시
승합(대형),현대자동차,일렉시티 굴절버스,14693,1400,16093,2022년도 전기자동차 포항시 모델별 보조금,2022,포항시
승합(대형),현대자동차,일렉시티 이층버스,12501,1400,13901,2022년도 전기자동차 포항시 모델별 보조금,2022,포항시
승합(대형),현대자동차,일렉시티(3PACK),7000,1400,8400,2022년도 전기자동차 포항시 모델별 보조금,2022,포항시
승합(대형),현대자동차,일렉시티(4PACK V1),7000,1400,8400,2022년도 전기자동차 포항시 모델별 보조금,2022,포항시
승합(대형),현대자동차,일렉시티 타운,7000,0,7000,2022년도 전기자동차 포항시 모델별 보조금,2022,포항시
승합(대형),케이지모빌리티커머셜,이-스마트(57인승),5522,1400,6922,2022년도 전기자동차 포항시 모델별 보조금,2022,포항시
승합(대형),케이지모빌리티커머셜,이-스마트(51인승),5510,1400,6910,2022년도 전기자동차 포항시 모델별 보조금,2022,포항시
승합(대형),케이지모빌리티커머셜,SMART 9.3,7000,1400,8400,2022년도 전기자동차 포항시 모델별 보조금,2022,포항시
승합(대형),케이지모빌리티커머셜,SMART 110(272kWh),7000,1400,8400,2022년도 전기자동차 포항시 모델별 보조금,2022,포항시
승합(대형),케이지모빌리티커머셜,SMART 110E(347kWh),7000,1400,8400,2022년도 전기자동차 포항시 모델별 보조금,2022,포항시
승합(대형),케이지모빌리티커머셜,SMART 110(260kWh),7000,1400,8400,2022년도 전기자동차 포항시 모델별 보조금,2022,포항시
승합(대형),케이지모빌리티커머셜,SMART 110E(260kWh),7000,0,7000,2022년도 전기자동차 포항시 모델별 보조금,2022,포항시
승합(대형),우진산전,아폴로1100,6396,1400,7796,2022년도 전기자동차 포항시 모델별 보조금,2022,포항시
승합(대형),우진산전,아폴로1100(258kWh),6746,1400,8146,2022년도 전기자동차 포항시 모델별 보조금,2022,포항시
승합(대형),우진산전,아폴로1100(11CTLP),6133,1400,7533,2022년도 전기자동차 포항시 모델별 보조금,2022,포항시
승합(대형),우진산전,아폴로900전기버스,4658,0,4658,2022년도 전기자동차 포항시 모델별 보조금,2022,포항시
승합(대형),우진산전,아폴로1100전기버스 22MY,7000,0,7000,2022년도 전기자동차 포항시 모델별 보조금,2022,포항시
승합(대형),피라인모터스,HYPERS(신형),5917,1400,7317,2022년도 전기자동차 포항시 모델별 보조금,2022,포항시
승합(대형),피라인모터스,HYPERS(H),5778,1400,7178,2022년도 전기자동차 포항시 모델별 보조금,2022,포항시
승합(대형),피라인모터스,HYPERS(11L),5021,1400,6421,2022년도 전기자동차 포항시 모델별 보조금,2022,포항시
승합(대형),피라인모터스,HYPERS1611,6021,1400,7421,2022년도 전기자동차 포항시 모델별 보조금,2022,포항시
승합(대형),피라인모터스,HYPERS1609,6068,1400,7468,2022년도 전기자동차 포항시 모델별 보조금,2022,포항시
승합(대형),피라인모터스,HYPERS1612,5795,1400,7195,2022년도 전기자동차 포항시 모델별 보조금,2022,포항시
승합(대형),피라인모터스,HYPERS1609H,6610,0,6610,2022년도 전기자동차 포항시 모델별 보조금,2022,포항시
승합(대형),비바모빌리티,(단종)브이버스90N,6430,0,6430,2022년도 전기자동차 포항시 모델별 보조금,2022,포항시
승합(대형),비바모빌리티,(단종)브이버스120,7000,0,7000,2022년도 전기자동차 포항시 모델별 보조금,2022,포항시
승합(대형),비바모빌리티,(단종)브이버스110-B,6839,0,6839,2022년도 전기자동차 포항시 모델별 보조금,2022,포항시
승합(대형),북경모터스,그린타운(850),4265,1400,5665,2022년도 전기자동차 포항시 모델별 보조금,2022,포항시
승합(대형),북경모터스,그린타운플러스,6550,1400,7950,2022년도 전기자동차 포항시 모델별 보조금,2022,포항시
승합(대형),범한자동차,E-SKY11(350kWh),7000,0,7000,2022년도 전기자동차 포항시 모델별 보조금,2022,포항시
승합(대형),범한자동차,E-SKY9(281kWh),7000,0,7000,2022년도 전기자동차 포항시 모델별 보조금,2022,포항시
승합(대형),범한자동차,E-STAR8 V1,6454,0,6454,2022년도 전기자동차 포항시 모델별 보조금,2022,포항시
승합(대형),범한자동차,E-STAR11,7000,0,7000,2022년도 전기자동차 포항시 모델별 보조금,2022,포항시
승합(대형),에스에이피,아이즘(IZM),7000,0,7000,2022년도 전기자동차 포항시 모델별 보조금,2022,포항시
승합(대형),에스에이피,엘페(ELFE),7000,0,7000,2022년도 전기자동차 포항시 모델별 보조금,2022,포항시
승합(대형),에스에이피,리오네(LIONNE),7000,0,7000,2022년도 전기자동차 포항시 모델별 보조금,2022,포항시
승합(대형),GS글로벌,eBus-12(K9DC),7000,1400,8400,2022년도 전기자동차 포항시 모델별 보조금,2022,포항시
승합(대형),GS글로벌,NEW BYD eBus-12,7000,1400,8400,2022년도 전기자동차 포항시 모델별 보조금,2022,포항시
승합(대형),티에스에코에너지,일레누스,7000,0,7000,2022년도 전기자동차 포항시 모델별 보조금,2022,포항시
승합(대형),티에스에코에너지,일레누스(TS900),6251,0,6251,2022년도 전기자동차 포항시 모델별 보조금,2022,포항시
승합(대형),이온모터스,시티라이트,5815,0,5815,2022년도 전기자동차 포항시 모델별 보조금,2022,포항시
승합(대형),이온모터스,시티라이트Ⅱ,7000,1400,8400,2022년도 전기자동차 포항시 모델별 보조금,2022,포항시
승합(대형),이온모터스,시티라이트9,7000,0,7000,2022년도 전기자동차 포항시 모델별 보조금,2022,포항시
승합(대형),한차,GREENWAY1100,6388,1400,7788,2022년도 전기자동차 포항시 모델별 보조금,2022,포항시
승합(대형),한차,GREENWAY1100A,7000,0,7000,2022년도 전기자동차 포항시 모델별 보조금,2022,포항시
승합(대형),이엠코리아,에픽시티(LFP),7000,1400,8400,2022년도 전기자동차 포항시 모델별 보조금,2022,포항시
승합(대형),태영티엔티,GD11,5749,0,5749,2022년도 전기자동차 포항시 모델별 보조금,2022,포항시
승합(대형),재일홀딩스,그린타운400,6418,0,6418,2022년도 전기자동차 포항시 모델별 보조금,2022,포항시
모델별 지방비 자료가 없습니다.,모델별 지방비 자료가 없습니다.,모델별 지방비 자료가 없습니다.,모델별 지방비 자료가 없습니다.,모델별 지방비 자료가 없습니다.,모델별 지방비 자료가 없습니다.,2022년도 전기자동차 경주시 모델별 보조금,2022,경주시
승합(중형),현대자동차,카운티 일렉트릭(어린이운송용 30인승),4383,1000,5383,2022년도 전기자동차 김천시 모델별 보조금,2022,김천시
승합(중형),현대자동차,(단종)카운티 일렉트릭(어린이운송용 33인승 V2),4391,1000,5391,2022년도 전기자동차 김천시 모델별 보조금,2022,김천시
승합(중형),현대자동차,카운티 일렉트릭(어린이운송용 33인승),4391,1000,5391,2022년도 전기자동차 김천시 모델별 보조금,2022,김천시
승합(중형),현대자동차,카운티 일렉트릭,4391,1000,5391,2022년도 전기자동차 김천시 모델별 보조금,2022,김천시
승합(중형),현대자동차,카운티 일렉트릭(마을버스),5000,1000,6000,2022년도 전기자동차 김천시 모델별 보조금,2022,김천시
승합(중형),우진산전,아폴로750,4780,1000,5780,2022년도 전기자동차 김천시 모델별 보조금,2022,김천시
승합(중형),우진산전,아폴로750(15인승),5000,1000,6000,2022년도 전기자동차 김천시 모델별 보조금,2022,김천시
승합(중형),우진산전,아폴로750전기버스,5000,1000,6000,2022년도 전기자동차 김천시 모델별 보조금,2022,김천시
승합(중형),이비온,E6,2539,1000,3539,2022년도 전기자동차 김천시 모델별 보조금,2022,김천시
승합(중형),이비온,"E6(JL618S), 어린이통학",3570,1000,4570,2022년도 전기자동차 김천시 모델별 보조금,2022,김천시
승합(중형),GS글로벌,NEW BYD eBus-7,4357,1000,5357,2022년도 전기자동차 김천시 모델별 보조금,2022,김천시
승합(중형),한신자동차,바네스,2821,1000,3821,2022년도 전기자동차 김천시 모델별 보조금,2022,김천시
승합(중형),비바모빌리티,VBUS60,3789,1000,4789,2022년도 전기자동차 김천시 모델별 보조금,2022,김천시
승합(중형),비바모빌리티,브이버스60i(어린이운송용),3791,1000,4791,2022년도 전기자동차 김천시 모델별 보조금,2022,김천시
승합(중형),케이지모빌리티커머셜,SMART 8.7,5000,1000,6000,2022년도 전기자동차 김천시 모델별 보조금,2022,김천시
승합(중형),한차,GREENWAY720,5000,1000,6000,2022년도 전기자동차 김천시 모델별 보조금,2022,김천시
승합(대형),현대자동차,일렉시티 굴절버스,14693,1400,16093,2022년도 전기자동차 김천시 모델별 보조금,2022,김천시
승합(대형),현대자동차,일렉시티 이층버스,12501,1400,13901,2022년도 전기자동차 김천시 모델별 보조금,2022,김천시
승합(대형),현대자동차,일렉시티(3PACK),7000,1400,8400,2022년도 전기자동차 김천시 모델별 보조금,2022,김천시
승합(대형),현대자동차,일렉시티(4PACK V1),7000,1400,8400,2022년도 전기자동차 김천시 모델별 보조금,2022,김천시
승합(대형),케이지모빌리티커머셜,이-스마트(57인승),5522,1400,6922,2022년도 전기자동차 김천시 모델별 보조금,2022,김천시
승합(대형),케이지모빌리티커머셜,이-스마트(51인승),5510,1400,6910,2022년도 전기자동차 김천시 모델별 보조금,2022,김천시
승합(대형),케이지모빌리티커머셜,SMART 9.3,7000,1400,8400,2022년도 전기자동차 김천시 모델별 보조금,2022,김천시
승합(대형),케이지모빌리티커머셜,SMART 110(272kWh),7000,1400,8400,2022년도 전기자동차 김천시 모델별 보조금,2022,김천시
승합(대형),케이지모빌리티커머셜,SMART 110E(347kWh),7000,1400,8400,2022년도 전기자동차 김천시 모델별 보조금,2022,김천시
승합(대형),케이지모빌리티커머셜,SMART 110(260kWh),7000,1400,8400,2022년도 전기자동차 김천시 모델별 보조금,2022,김천시
승합(대형),케이지모빌리티커머셜,SMART 110E(260kWh),7000,1400,8400,2022년도 전기자동차 김천시 모델별 보조금,2022,김천시
승합(대형),우진산전,아폴로1100,6396,1400,7796,2022년도 전기자동차 김천시 모델별 보조금,2022,김천시
승합(대형),우진산전,아폴로1100(258kWh),6746,1400,8146,2022년도 전기자동차 김천시 모델별 보조금,2022,김천시
승합(대형),우진산전,아폴로1100(11CTLP),6133,1400,7533,2022년도 전기자동차 김천시 모델별 보조금,2022,김천시
승합(대형),우진산전,아폴로900전기버스,4658,1400,6058,2022년도 전기자동차 김천시 모델별 보조금,2022,김천시
승합(대형),우진산전,아폴로1100전기버스 22MY,7000,1400,8400,2022년도 전기자동차 김천시 모델별 보조금,2022,김천시
승합(대형),피라인모터스,HYPERS(신형),5917,1400,7317,2022년도 전기자동차 김천시 모델별 보조금,2022,김천시
승합(대형),피라인모터스,HYPERS(H),5778,1400,7178,2022년도 전기자동차 김천시 모델별 보조금,2022,김천시
승합(대형),피라인모터스,HYPERS(11L),5021,1400,6421,2022년도 전기자동차 김천시 모델별 보조금,2022,김천시
승합(대형),피라인모터스,HYPERS1611,6021,1400,7421,2022년도 전기자동차 김천시 모델별 보조금,2022,김천시
승합(대형),피라인모터스,HYPERS1609,6068,1400,7468,2022년도 전기자동차 김천시 모델별 보조금,2022,김천시
승합(대형),피라인모터스,HYPERS1612,5795,1400,7195,2022년도 전기자동차 김천시 모델별 보조금,2022,김천시
승합(대형),피라인모터스,HYPERS1609H,6610,1400,8010,2022년도 전기자동차 김천시 모델별 보조금,2022,김천시
승합(대형),비바모빌리티,(단종)브이버스90N,6430,1400,7830,2022년도 전기자동차 김천시 모델별 보조금,2022,김천시
승합(대형),비바모빌리티,(단종)브이버스110-B,6839,1400,8239,2022년도 전기자동차 김천시 모델별 보조금,2022,김천시
승합(대형),북경모터스,그린타운(850),4265,1400,5665,2022년도 전기자동차 김천시 모델별 보조금,2022,김천시
승합(대형),북경모터스,그린타운플러스,6550,1400,7950,2022년도 전기자동차 김천시 모델별 보조금,2022,김천시
승합(대형),범한자동차,E-SKY11(350kWh),7000,1400,8400,2022년도 전기자동차 김천시 모델별 보조금,2022,김천시
승합(대형),범한자동차,E-SKY9(281kWh),7000,1400,8400,2022년도 전기자동차 김천시 모델별 보조금,2022,김천시
승합(대형),범한자동차,E-STAR8 V1,6454,1400,7854,2022년도 전기자동차 김천시 모델별 보조금,2022,김천시
승합(대형),범한자동차,E-STAR11,7000,1400,8400,2022년도 전기자동차 김천시 모델별 보조금,2022,김천시
승합(대형),에스에이피,아이즘(IZM),7000,1400,8400,2022년도 전기자동차 김천시 모델별 보조금,2022,김천시
승합(대형),에스에이피,엘페(ELFE),7000,1400,8400,2022년도 전기자동차 김천시 모델별 보조금,2022,김천시
승합(대형),에스에이피,리오네(LIONNE),7000,1400,8400,2022년도 전기자동차 김천시 모델별 보조금,2022,김천시
승합(대형),GS글로벌,eBus-12(K9DC),7000,1400,8400,2022년도 전기자동차 김천시 모델별 보조금,2022,김천시
승합(대형),GS글로벌,NEW BYD eBus-12,7000,1400,8400,2022년도 전기자동차 김천시 모델별 보조금,2022,김천시
승합(대형),티에스에코에너지,일레누스,7000,1400,8400,2022년도 전기자동차 김천시 모델별 보조금,2022,김천시
승합(대형),티에스에코에너지,일레누스(TS900),6251,1400,7651,2022년도 전기자동차 김천시 모델별 보조금,2022,김천시
승합(대형),이온모터스,시티라이트Ⅱ,7000,1400,8400,2022년도 전기자동차 김천시 모델별 보조금,2022,김천시
승합(대형),이온모터스,시티라이트9,7000,1400,8400,2022년도 전기자동차 김천시 모델별 보조금,2022,김천시
승합(대형),한차,GREENWAY1100,6388,1400,7788,2022년도 전기자동차 김천시 모델별 보조금,2022,김천시
승합(대형),이엠코리아,에픽시티(LFP),7000,1400,8400,2022년도 전기자동차 김천시 모델별 보조금,2022,김천시
승합(대형),태영티엔티,GD11,5749,1400,7149,2022년도 전기자동차 김천시 모델별 보조금,2022,김천시
승합(대형),재일홀딩스,그린타운400,6418,1400,7818,2022년도 전기자동차 김천시 모델별 보조금,2022,김천시
모델별 지방비 자료가 없습니다.,모델별 지방비 자료가 없습니다.,모델별 지방비 자료가 없습니다.,모델별 지방비 자료가 없습니다.,모델별 지방비 자료가 없습니다.,모델별 지방비 자료가 없습니다.,2022년도 전기자동차 안동시 모델별 보조금,2022,안동시
승합(중형),현대자동차,카운티 일렉트릭(어린이운송용 30인승),4383,0,4383,2022년도 전기자동차 구미시 모델별 보조금,2022,구미시
승합(중형),현대자동차,(단종)카운티 일렉트릭(어린이운송용 33인승 V2),4391,0,4391,2022년도 전기자동차 구미시 모델별 보조금,2022,구미시
승합(중형),현대자동차,카운티 일렉트릭(어린이운송용 33인승),4391,0,4391,2022년도 전기자동차 구미시 모델별 보조금,2022,구미시
승합(중형),현대자동차,카운티 일렉트릭,4391,0,4391,2022년도 전기자동차 구미시 모델별 보조금,2022,구미시
승합(중형),현대자동차,카운티 일렉트릭(마을버스),5000,0,5000,2022년도 전기자동차 구미시 모델별 보조금,2022,구미시
승합(중형),우진산전,아폴로750,4780,0,4780,2022년도 전기자동차 구미시 모델별 보조금,2022,구미시
승합(중형),우진산전,아폴로750(15인승),5000,0,5000,2022년도 전기자동차 구미시 모델별 보조금,2022,구미시
승합(중형),우진산전,아폴로750전기버스,5000,0,5000,2022년도 전기자동차 구미시 모델별 보조금,2022,구미시
승합(중형),이비온,E6,2539,0,2539,2022년도 전기자동차 구미시 모델별 보조금,2022,구미시
승합(중형),이비온,"E6(JL618S), 어린이통학",3570,0,3570,2022년도 전기자동차 구미시 모델별 보조금,2022,구미시
승합(중형),GS글로벌,NEW BYD eBus-7,4357,0,4357,2022년도 전기자동차 구미시 모델별 보조금,2022,구미시
승합(중형),한신자동차,바네스,2821,0,2821,2022년도 전기자동차 구미시 모델별 보조금,2022,구미시
승합(중형),비바모빌리티,VBUS60,3789,0,3789,2022년도 전기자동차 구미시 모델별 보조금,2022,구미시
승합(중형),비바모빌리티,브이버스60i(어린이운송용),3791,0,3791,2022년도 전기자동차 구미시 모델별 보조금,2022,구미시
승합(중형),케이지모빌리티커머셜,SMART 8.7,5000,0,5000,2022년도 전기자동차 구미시 모델별 보조금,2022,구미시
승합(중형),한차,GREENWAY720,5000,0,5000,2022년도 전기자동차 구미시 모델별 보조금,2022,구미시
승합(대형),현대자동차,일렉시티 굴절버스,14693,0,14693,2022년도 전기자동차 구미시 모델별 보조금,2022,구미시
승합(대형),현대자동차,일렉시티 이층버스,12501,0,12501,2022년도 전기자동차 구미시 모델별 보조금,2022,구미시
승합(대형),현대자동차,일렉시티(3PACK),7000,0,7000,2022년도 전기자동차 구미시 모델별 보조금,2022,구미시
승합(대형),현대자동차,일렉시티(4PACK V1),7000,0,7000,2022년도 전기자동차 구미시 모델별 보조금,2022,구미시
승합(대형),케이지모빌리티커머셜,이-스마트(57인승),5522,0,5522,2022년도 전기자동차 구미시 모델별 보조금,2022,구미시
승합(대형),케이지모빌리티커머셜,이-스마트(51인승),5510,0,5510,2022년도 전기자동차 구미시 모델별 보조금,2022,구미시
승합(대형),케이지모빌리티커머셜,SMART 9.3,7000,0,7000,2022년도 전기자동차 구미시 모델별 보조금,2022,구미시
승합(대형),케이지모빌리티커머셜,SMART 110(272kWh),7000,0,7000,2022년도 전기자동차 구미시 모델별 보조금,2022,구미시
승합(대형),케이지모빌리티커머셜,SMART 110E(347kWh),7000,0,7000,2022년도 전기자동차 구미시 모델별 보조금,2022,구미시
승합(대형),케이지모빌리티커머셜,SMART 110(260kWh),7000,0,7000,2022년도 전기자동차 구미시 모델별 보조금,2022,구미시
승합(대형),케이지모빌리티커머셜,SMART 110E(260kWh),7000,0,7000,2022년도 전기자동차 구미시 모델별 보조금,2022,구미시
승합(대형),우진산전,아폴로1100,6396,0,6396,2022년도 전기자동차 구미시 모델별 보조금,2022,구미시
승합(대형),우진산전,아폴로1100(258kWh),6746,0,6746,2022년도 전기자동차 구미시 모델별 보조금,2022,구미시
승합(대형),우진산전,아폴로1100(11CTLP),6133,0,6133,2022년도 전기자동차 구미시 모델별 보조금,2022,구미시
승합(대형),우진산전,아폴로900전기버스,4658,0,4658,2022년도 전기자동차 구미시 모델별 보조금,2022,구미시
승합(대형),우진산전,아폴로1100전기버스 22MY,7000,0,7000,2022년도 전기자동차 구미시 모델별 보조금,2022,구미시
승합(대형),피라인모터스,HYPERS(신형),5917,0,5917,2022년도 전기자동차 구미시 모델별 보조금,2022,구미시
승합(대형),피라인모터스,HYPERS(H),5778,0,5778,2022년도 전기자동차 구미시 모델별 보조금,2022,구미시
승합(대형),피라인모터스,HYPERS(11L),5021,0,5021,2022년도 전기자동차 구미시 모델별 보조금,2022,구미시
승합(대형),피라인모터스,HYPERS1611,6021,0,6021,2022년도 전기자동차 구미시 모델별 보조금,2022,구미시
승합(대형),피라인모터스,HYPERS1609,6068,0,6068,2022년도 전기자동차 구미시 모델별 보조금,2022,구미시
승합(대형),피라인모터스,HYPERS1612,5795,0,5795,2022년도 전기자동차 구미시 모델별 보조금,2022,구미시
승합(대형),피라인모터스,HYPERS1609H,6610,0,6610,2022년도 전기자동차 구미시 모델별 보조금,2022,구미시
승합(대형),비바모빌리티,(단종)브이버스90N,6430,0,6430,2022년도 전기자동차 구미시 모델별 보조금,2022,구미시
승합(대형),비바모빌리티,(단종)브이버스110-B,6839,0,6839,2022년도 전기자동차 구미시 모델별 보조금,2022,구미시
승합(대형),북경모터스,그린타운(850),4265,0,4265,2022년도 전기자동차 구미시 모델별 보조금,2022,구미시
승합(대형),북경모터스,그린타운플러스,6550,0,6550,2022년도 전기자동차 구미시 모델별 보조금,2022,구미시
승합(대형),범한자동차,E-SKY11(350kWh),7000,0,7000,2022년도 전기자동차 구미시 모델별 보조금,2022,구미시
승합(대형),범한자동차,E-STAR8 V1,6454,0,6454,2022년도 전기자동차 구미시 모델별 보조금,2022,구미시
승합(대형),에스에이피,아이즘(IZM),7000,0,7000,2022년도 전기자동차 구미시 모델별 보조금,2022,구미시
승합(대형),에스에이피,엘페(ELFE),7000,0,7000,2022년도 전기자동차 구미시 모델별 보조금,2022,구미시
승합(대형),에스에이피,리오네(LIONNE),7000,0,7000,2022년도 전기자동차 구미시 모델별 보조금,2022,구미시
승합(대형),GS글로벌,eBus-12(K9DC),7000,0,7000,2022년도 전기자동차 구미시 모델별 보조금,2022,구미시
승합(대형),GS글로벌,NEW BYD eBus-12,7000,0,7000,2022년도 전기자동차 구미시 모델별 보조금,2022,구미시
승합(대형),티에스에코에너지,일레누스,7000,0,7000,2022년도 전기자동차 구미시 모델별 보조금,2022,구미시
승합(대형),이온모터스,시티라이트Ⅱ,7000,0,7000,2022년도 전기자동차 구미시 모델별 보조금,2022,구미시
승합(대형),이온모터스,시티라이트9,7000,0,7000,2022년도 전기자동차 구미시 모델별 보조금,2022,구미시
승합(대형),한차,GREENWAY1100,6388,0,6388,2022년도 전기자동차 구미시 모델별 보조금,2022,구미시
승합(대형),이엠코리아,에픽시티(LFP),7000,0,7000,2022년도 전기자동차 구미시 모델별 보조금,2022,구미시
승합(대형),태영티엔티,GD11,5749,0,5749,2022년도 전기자동차 구미시 모델별 보조금,2022,구미시
승합(중형),현대자동차,카운티 일렉트릭(어린이운송용 30인승),4383,0,4383,2022년도 전기자동차 영주시 모델별 보조금,2022,영주시
승합(중형),현대자동차,(단종)카운티 일렉트릭(어린이운송용 33인승 V2),4391,0,4391,2022년도 전기자동차 영주시 모델별 보조금,2022,영주시
승합(중형),현대자동차,카운티 일렉트릭(어린이운송용 33인승),4391,0,4391,2022년도 전기자동차 영주시 모델별 보조금,2022,영주시
승합(중형),현대자동차,카운티 일렉트릭,4391,0,4391,2022년도 전기자동차 영주시 모델별 보조금,2022,영주시
승합(중형),현대자동차,카운티 일렉트릭(마을버스),5000,0,5000,2022년도 전기자동차 영주시 모델별 보조금,2022,영주시
승합(중형),우진산전,아폴로750,4780,0,4780,2022년도 전기자동차 영주시 모델별 보조금,2022,영주시
승합(중형),우진산전,아폴로750(15인승),5000,0,5000,2022년도 전기자동차 영주시 모델별 보조금,2022,영주시
승합(중형),우진산전,아폴로750전기버스,5000,0,5000,2022년도 전기자동차 영주시 모델별 보조금,2022,영주시
승합(중형),이비온,E6,2539,1000,3539,2022년도 전기자동차 영주시 모델별 보조금,2022,영주시
승합(중형),이비온,"E6(JL618S), 어린이통학",3570,1000,4570,2022년도 전기자동차 영주시 모델별 보조금,2022,영주시
승합(중형),GS글로벌,NEW BYD eBus-7,4357,0,4357,2022년도 전기자동차 영주시 모델별 보조금,2022,영주시
승합(중형),한신자동차,바네스,2821,0,2821,2022년도 전기자동차 영주시 모델별 보조금,2022,영주시
승합(중형),비바모빌리티,VBUS60,3789,0,3789,2022년도 전기자동차 영주시 모델별 보조금,2022,영주시
승합(중형),비바모빌리티,브이버스60i(어린이운송용),3791,0,3791,2022년도 전기자동차 영주시 모델별 보조금,2022,영주시
승합(중형),케이지모빌리티커머셜,SMART 8.7,5000,0,5000,2022년도 전기자동차 영주시 모델별 보조금,2022,영주시
승합(중형),한차,GREENWAY720,5000,0,5000,2022년도 전기자동차 영주시 모델별 보조금,2022,영주시
승합(대형),현대자동차,일렉시티 굴절버스,14693,0,14693,2022년도 전기자동차 영주시 모델별 보조금,2022,영주시
승합(대형),현대자동차,일렉시티 이층버스,12501,0,12501,2022년도 전기자동차 영주시 모델별 보조금,2022,영주시
승합(대형),현대자동차,일렉시티(3PACK),7000,0,7000,2022년도 전기자동차 영주시 모델별 보조금,2022,영주시
승합(대형),현대자동차,일렉시티(4PACK V1),7000,0,7000,2022년도 전기자동차 영주시 모델별 보조금,2022,영주시
승합(대형),케이지모빌리티커머셜,이-스마트(57인승),5522,0,5522,2022년도 전기자동차 영주시 모델별 보조금,2022,영주시
승합(대형),케이지모빌리티커머셜,이-스마트(51인승),5510,0,5510,2022년도 전기자동차 영주시 모델별 보조금,2022,영주시
승합(대형),케이지모빌리티커머셜,SMART 9.3,7000,0,7000,2022년도 전기자동차 영주시 모델별 보조금,2022,영주시
승합(대형),케이지모빌리티커머셜,SMART 110(272kWh),7000,0,7000,2022년도 전기자동차 영주시 모델별 보조금,2022,영주시
승합(대형),케이지모빌리티커머셜,SMART 110E(347kWh),7000,0,7000,2022년도 전기자동차 영주시 모델별 보조금,2022,영주시
승합(대형),케이지모빌리티커머셜,SMART 110(260kWh),7000,0,7000,2022년도 전기자동차 영주시 모델별 보조금,2022,영주시
승합(대형),우진산전,아폴로1100(258kWh),6746,0,6746,2022년도 전기자동차 영주시 모델별 보조금,2022,영주시
승합(대형),우진산전,아폴로1100(11CTLP),6133,0,6133,2022년도 전기자동차 영주시 모델별 보조금,2022,영주시
승합(대형),북경모터스,그린타운(850),4265,0,4265,2022년도 전기자동차 영주시 모델별 보조금,2022,영주시
승합(대형),북경모터스,그린타운플러스,6550,0,6550,2022년도 전기자동차 영주시 모델별 보조금,2022,영주시
승합(대형),GS글로벌,eBus-12(K9DC),7000,0,7000,2022년도 전기자동차 영주시 모델별 보조금,2022,영주시
승합(대형),GS글로벌,NEW BYD eBus-12,7000,0,7000,2022년도 전기자동차 영주시 모델별 보조금,2022,영주시
승합(대형),이온모터스,시티라이트Ⅱ,7000,0,7000,2022년도 전기자동차 영주시 모델별 보조금,2022,영주시
승합(대형),이엠코리아,에픽시티(LFP),7000,0,7000,2022년도 전기자동차 영주시 모델별 보조금,2022,영주시
승합(중형),현대자동차,카운티 일렉트릭(어린이운송용 30인승),4383,1000,5383,2022년도 전기자동차 영천시 모델별 보조금,2022,영천시
승합(중형),현대자동차,(단종)카운티 일렉트릭(어린이운송용 33인승 V2),4391,1000,5391,2022년도 전기자동차 영천시 모델별 보조금,2022,영천시
승합(중형),현대자동차,카운티 일렉트릭(어린이운송용 33인승),4391,1000,5391,2022년도 전기자동차 영천시 모델별 보조금,2022,영천시
승합(중형),현대자동차,카운티 일렉트릭,4391,1000,5391,2022년도 전기자동차 영천시 모델별 보조금,2022,영천시
승합(중형),현대자동차,카운티 일렉트릭(마을버스),5000,1000,6000,2022년도 전기자동차 영천시 모델별 보조금,2022,영천시
승합(중형),우진산전,아폴로750,4780,1000,5780,2022년도 전기자동차 영천시 모델별 보조금,2022,영천시
승합(중형),우진산전,아폴로750(15인승),5000,1000,6000,2022년도 전기자동차 영천시 모델별 보조금,2022,영천시
승합(중형),우진산전,아폴로750전기버스,5000,1000,6000,2022년도 전기자동차 영천시 모델별 보조금,2022,영천시
승합(중형),이비온,E6,2539,1000,3539,2022년도 전기자동차 영천시 모델별 보조금,2022,영천시
승합(중형),이비온,"E6(JL618S), 어린이통학",3570,1000,4570,2022년도 전기자동차 영천시 모델별 보조금,2022,영천시
승합(중형),GS글로벌,NEW BYD eBus-7,4357,1000,5357,2022년도 전기자동차 영천시 모델별 보조금,2022,영천시
승합(중형),한신자동차,바네스,2821,1000,3821,2022년도 전기자동차 영천시 모델별 보조금,2022,영천시
승합(중형),비바모빌리티,VBUS60,3789,1000,4789,2022년도 전기자동차 영천시 모델별 보조금,2022,영천시
승합(중형),비바모빌리티,브이버스60i(어린이운송용),3791,1000,4791,2022년도 전기자동차 영천시 모델별 보조금,2022,영천시
승합(중형),케이지모빌리티커머셜,SMART 8.7,5000,1000,6000,2022년도 전기자동차 영천시 모델별 보조금,2022,영천시
승합(중형),한차,GREENWAY720,5000,1000,6000,2022년도 전기자동차 영천시 모델별 보조금,2022,영천시
승합(대형),현대자동차,일렉시티 굴절버스,14693,1400,16093,2022년도 전기자동차 영천시 모델별 보조금,2022,영천시
승합(대형),현대자동차,일렉시티 이층버스,12501,1400,13901,2022년도 전기자동차 영천시 모델별 보조금,2022,영천시
승합(대형),현대자동차,일렉시티(3PACK),7000,1400,8400,2022년도 전기자동차 영천시 모델별 보조금,2022,영천시
승합(대형),현대자동차,일렉시티(4PACK V1),7000,1400,8400,2022년도 전기자동차 영천시 모델별 보조금,2022,영천시
승합(대형),케이지모빌리티커머셜,이-스마트(57인승),5522,1400,6922,2022년도 전기자동차 영천시 모델별 보조금,2022,영천시
승합(대형),케이지모빌리티커머셜,이-스마트(51인승),5510,1400,6910,2022년도 전기자동차 영천시 모델별 보조금,2022,영천시
승합(대형),케이지모빌리티커머셜,SMART 9.3,7000,1400,8400,2022년도 전기자동차 영천시 모델별 보조금,2022,영천시
승합(대형),케이지모빌리티커머셜,SMART 110(272kWh),7000,1400,8400,2022년도 전기자동차 영천시 모델별 보조금,2022,영천시
승합(대형),케이지모빌리티커머셜,SMART 110E(347kWh),7000,1400,8400,2022년도 전기자동차 영천시 모델별 보조금,2022,영천시
승합(대형),케이지모빌리티커머셜,SMART 110(260kWh),7000,1400,8400,2022년도 전기자동차 영천시 모델별 보조금,2022,영천시
승합(대형),우진산전,아폴로1100,6396,1400,7796,2022년도 전기자동차 영천시 모델별 보조금,2022,영천시
승합(대형),우진산전,아폴로1100(258kWh),6746,1400,8146,2022년도 전기자동차 영천시 모델별 보조금,2022,영천시
승합(대형),우진산전,아폴로1100(11CTLP),6133,1400,7533,2022년도 전기자동차 영천시 모델별 보조금,2022,영천시
승합(대형),우진산전,아폴로1100전기버스 22MY,7000,1400,8400,2022년도 전기자동차 영천시 모델별 보조금,2022,영천시
승합(대형),피라인모터스,HYPERS(신형),5917,1400,7317,2022년도 전기자동차 영천시 모델별 보조금,2022,영천시
승합(대형),피라인모터스,HYPERS(H),5778,1400,7178,2022년도 전기자동차 영천시 모델별 보조금,2022,영천시
승합(대형),피라인모터스,HYPERS(11L),5021,1400,6421,2022년도 전기자동차 영천시 모델별 보조금,2022,영천시
승합(대형),피라인모터스,HYPERS1611,6021,1400,7421,2022년도 전기자동차 영천시 모델별 보조금,2022,영천시
승합(대형),피라인모터스,HYPERS1609,6068,1400,7468,2022년도 전기자동차 영천시 모델별 보조금,2022,영천시
승합(대형),피라인모터스,HYPERS1612,5795,1400,7195,2022년도 전기자동차 영천시 모델별 보조금,2022,영천시
승합(대형),피라인모터스,HYPERS1609H,6610,1400,8010,2022년도 전기자동차 영천시 모델별 보조금,2022,영천시
승합(대형),비바모빌리티,(단종)브이버스90N,6430,1400,7830,2022년도 전기자동차 영천시 모델별 보조금,2022,영천시
승합(대형),비바모빌리티,(단종)브이버스110-B,6839,1400,8239,2022년도 전기자동차 영천시 모델별 보조금,2022,영천시
승합(대형),북경모터스,그린타운(850),4265,1400,5665,2022년도 전기자동차 영천시 모델별 보조금,2022,영천시
승합(대형),북경모터스,그린타운플러스,6550,1400,7950,2022년도 전기자동차 영천시 모델별 보조금,2022,영천시
승합(대형),에스에이피,아이즘(IZM),7000,1400,8400,2022년도 전기자동차 영천시 모델별 보조금,2022,영천시
승합(대형),에스에이피,엘페(ELFE),7000,1400,8400,2022년도 전기자동차 영천시 모델별 보조금,2022,영천시
승합(대형),에스에이피,리오네(LIONNE),7000,1400,8400,2022년도 전기자동차 영천시 모델별 보조금,2022,영천시
승합(대형),GS글로벌,eBus-12(K9DC),7000,1400,8400,2022년도 전기자동차 영천시 모델별 보조금,2022,영천시
승합(대형),GS글로벌,NEW BYD eBus-12,7000,1400,8400,2022년도 전기자동차 영천시 모델별 보조금,2022,영천시
승합(대형),티에스에코에너지,일레누스,7000,1400,8400,2022년도 전기자동차 영천시 모델별 보조금,2022,영천시
승합(대형),이온모터스,시티라이트Ⅱ,7000,1400,8400,2022년도 전기자동차 영천시 모델별 보조금,2022,영천시
승합(대형),이온모터스,시티라이트9,7000,1400,8400,2022년도 전기자동차 영천시 모델별 보조금,2022,영천시
승합(대형),한차,GREENWAY1100,6388,1400,7788,2022년도 전기자동차 영천시 모델별 보조금,2022,영천시
승합(대형),이엠코리아,에픽시티(LFP),7000,1400,8400,2022년도 전기자동차 영천시 모델별 보조금,2022,영천시
승합(대형),태영티엔티,GD11,5749,1400,7149,2022년도 전기자동차 영천시 모델별 보조금,2022,영천시
모델별 지방비 자료가 없습니다.,모델별 지방비 자료가 없습니다.,모델별 지방비 자료가 없습니다.,모델별 지방비 자료가 없습니다.,모델별 지방비 자료가 없습니다.,모델별 지방비 자료가 없습니다.,2022년도 전기자동차 상주시 모델별 보조금,2022,상주시
승합(중형),현대자동차,카운티 일렉트릭(어린이운송용 30인승),4383,1000,5383,2022년도 전기자동차 문경시 모델별 보조금,2022,문경시
승합(중형),현대자동차,(단종)카운티 일렉트릭(어린이운송용 33인승 V2),4391,1000,5391,2022년도 전기자동차 문경시 모델별 보조금,2022,문경시
승합(중형),현대자동차,카운티 일렉트릭(어린이운송용 33인승),4391,1000,5391,2022년도 전기자동차 문경시 모델별 보조금,2022,문경시
승합(중형),현대자동차,카운티 일렉트릭,4391,1000,5391,2022년도 전기자동차 문경시 모델별 보조금,2022,문경시
승합(중형),현대자동차,카운티 일렉트릭(마을버스),5000,1000,6000,2022년도 전기자동차 문경시 모델별 보조금,2022,문경시
승합(중형),우진산전,아폴로750,4780,1000,5780,2022년도 전기자동차 문경시 모델별 보조금,2022,문경시
승합(중형),우진산전,아폴로750(15인승),5000,1000,6000,2022년도 전기자동차 문경시 모델별 보조금,2022,문경시
승합(중형),우진산전,아폴로750전기버스,5000,1000,6000,2022년도 전기자동차 문경시 모델별 보조금,2022,문경시
승합(중형),이비온,E6,2539,1000,3539,2022년도 전기자동차 문경시 모델별 보조금,2022,문경시
승합(중형),이비온,"E6(JL618S), 어린이통학",3570,1000,4570,2022년도 전기자동차 문경시 모델별 보조금,2022,문경시
승합(중형),GS글로벌,NEW BYD eBus-7,4357,1000,5357,2022년도 전기자동차 문경시 모델별 보조금,2022,문경시
승합(중형),한신자동차,바네스,2821,1000,3821,2022년도 전기자동차 문경시 모델별 보조금,2022,문경시
승합(중형),비바모빌리티,VBUS60,3789,1000,4789,2022년도 전기자동차 문경시 모델별 보조금,2022,문경시
승합(중형),비바모빌리티,브이버스60i(어린이운송용),3791,1000,4791,2022년도 전기자동차 문경시 모델별 보조금,2022,문경시
승합(중형),케이지모빌리티커머셜,SMART 8.7,5000,1000,6000,2022년도 전기자동차 문경시 모델별 보조금,2022,문경시
승합(중형),한차,GREENWAY720,5000,1000,6000,2022년도 전기자동차 문경시 모델별 보조금,2022,문경시
승합(대형),현대자동차,일렉시티 굴절버스,14693,0,14693,2022년도 전기자동차 문경시 모델별 보조금,2022,문경시
승합(대형),현대자동차,일렉시티 이층버스,12501,0,12501,2022년도 전기자동차 문경시 모델별 보조금,2022,문경시
승합(대형),현대자동차,일렉시티(3PACK),7000,0,7000,2022년도 전기자동차 문경시 모델별 보조금,2022,문경시
승합(대형),현대자동차,일렉시티(4PACK V1),7000,0,7000,2022년도 전기자동차 문경시 모델별 보조금,2022,문경시
승합(대형),케이지모빌리티커머셜,이-스마트(57인승),5522,0,5522,2022년도 전기자동차 문경시 모델별 보조금,2022,문경시
승합(대형),케이지모빌리티커머셜,이-스마트(51인승),5510,0,5510,2022년도 전기자동차 문경시 모델별 보조금,2022,문경시
승합(대형),케이지모빌리티커머셜,SMART 9.3,7000,0,7000,2022년도 전기자동차 문경시 모델별 보조금,2022,문경시
승합(대형),케이지모빌리티커머셜,SMART 110(272kWh),7000,0,7000,2022년도 전기자동차 문경시 모델별 보조금,2022,문경시
승합(대형),케이지모빌리티커머셜,SMART 110E(347kWh),7000,0,7000,2022년도 전기자동차 문경시 모델별 보조금,2022,문경시
승합(대형),케이지모빌리티커머셜,SMART 110(260kWh),7000,0,7000,2022년도 전기자동차 문경시 모델별 보조금,2022,문경시
승합(대형),케이지모빌리티커머셜,SMART 110E(260kWh),7000,0,7000,2022년도 전기자동차 문경시 모델별 보조금,2022,문경시
승합(대형),우진산전,아폴로1100,6396,0,6396,2022년도 전기자동차 문경시 모델별 보조금,2022,문경시
승합(대형),우진산전,아폴로1100(258kWh),6746,0,6746,2022년도 전기자동차 문경시 모델별 보조금,2022,문경시
승합(대형),우진산전,아폴로1100(11CTLP),6133,0,6133,2022년도 전기자동차 문경시 모델별 보조금,2022,문경시
승합(대형),우진산전,아폴로900전기버스,4658,0,4658,2022년도 전기자동차 문경시 모델별 보조금,2022,문경시
승합(대형),우진산전,아폴로1100전기버스 22MY,7000,0,7000,2022년도 전기자동차 문경시 모델별 보조금,2022,문경시
승합(대형),피라인모터스,HYPERS(신형),5917,0,5917,2022년도 전기자동차 문경시 모델별 보조금,2022,문경시
승합(대형),피라인모터스,HYPERS(H),5778,0,5778,2022년도 전기자동차 문경시 모델별 보조금,2022,문경시
승합(대형),피라인모터스,HYPERS(11L),5021,0,5021,2022년도 전기자동차 문경시 모델별 보조금,2022,문경시
승합(대형),피라인모터스,HYPERS1611,6021,0,6021,2022년도 전기자동차 문경시 모델별 보조금,2022,문경시
승합(대형),피라인모터스,HYPERS1609,6068,0,6068,2022년도 전기자동차 문경시 모델별 보조금,2022,문경시
승합(대형),피라인모터스,HYPERS1612,5795,0,5795,2022년도 전기자동차 문경시 모델별 보조금,2022,문경시
승합(대형),피라인모터스,HYPERS1609H,6610,0,6610,2022년도 전기자동차 문경시 모델별 보조금,2022,문경시
승합(대형),비바모빌리티,(단종)브이버스90N,6430,0,6430,2022년도 전기자동차 문경시 모델별 보조금,2022,문경시
승합(대형),비바모빌리티,(단종)브이버스110-B,6839,0,6839,2022년도 전기자동차 문경시 모델별 보조금,2022,문경시
승합(대형),북경모터스,그린타운(850),4265,0,4265,2022년도 전기자동차 문경시 모델별 보조금,2022,문경시
승합(대형),북경모터스,그린타운플러스,6550,0,6550,2022년도 전기자동차 문경시 모델별 보조금,2022,문경시
승합(대형),범한자동차,E-SKY11(350kWh),7000,0,7000,2022년도 전기자동차 문경시 모델별 보조금,2022,문경시
승합(대형),범한자동차,E-STAR8 V1,6454,0,6454,2022년도 전기자동차 문경시 모델별 보조금,2022,문경시
승합(대형),에스에이피,아이즘(IZM),7000,0,7000,2022년도 전기자동차 문경시 모델별 보조금,2022,문경시
승합(대형),에스에이피,엘페(ELFE),7000,0,7000,2022년도 전기자동차 문경시 모델별 보조금,2022,문경시
승합(대형),에스에이피,리오네(LIONNE),7000,0,7000,2022년도 전기자동차 문경시 모델별 보조금,2022,문경시
승합(대형),GS글로벌,eBus-12(K9DC),7000,0,7000,2022년도 전기자동차 문경시 모델별 보조금,2022,문경시
승합(대형),GS글로벌,NEW BYD eBus-12,7000,0,7000,2022년도 전기자동차 문경시 모델별 보조금,2022,문경시
승합(대형),티에스에코에너지,일레누스,7000,0,7000,2022년도 전기자동차 문경시 모델별 보조금,2022,문경시
승합(대형),이온모터스,시티라이트Ⅱ,7000,0,7000,2022년도 전기자동차 문경시 모델별 보조금,2022,문경시
승합(대형),이온모터스,시티라이트9,7000,0,7000,2022년도 전기자동차 문경시 모델별 보조금,2022,문경시
승합(대형),한차,GREENWAY1100,6388,0,6388,2022년도 전기자동차 문경시 모델별 보조금,2022,문경시
승합(대형),이엠코리아,에픽시티(LFP),7000,0,7000,2022년도 전기자동차 문경시 모델별 보조금,2022,문경시
승합(대형),태영티엔티,GD11,5749,0,5749,2022년도 전기자동차 문경시 모델별 보조금,2022,문경시
승합(대형),재일홀딩스,그린타운400,6418,0,6418,2022년도 전기자동차 문경시 모델별 보조금,2022,문경시
승합(중형),현대자동차,카운티 일렉트릭(어린이운송용 30인승),4383,1000,5383,2022년도 전기자동차 경산시 모델별 보조금,2022,경산시
승합(중형),현대자동차,(단종)카운티 일렉트릭(어린이운송용 33인승 V2),4391,1000,5391,2022년도 전기자동차 경산시 모델별 보조금,2022,경산시
승합(중형),현대자동차,카운티 일렉트릭(어린이운송용 33인승),4391,1000,5391,2022년도 전기자동차 경산시 모델별 보조금,2022,경산시
승합(중형),현대자동차,카운티 일렉트릭,4391,1000,5391,2022년도 전기자동차 경산시 모델별 보조금,2022,경산시
승합(중형),현대자동차,카운티 일렉트릭(마을버스),5000,1000,6000,2022년도 전기자동차 경산시 모델별 보조금,2022,경산시
승합(중형),우진산전,아폴로750,4780,1000,5780,2022년도 전기자동차 경산시 모델별 보조금,2022,경산시
승합(중형),우진산전,아폴로750(15인승),5000,1000,6000,2022년도 전기자동차 경산시 모델별 보조금,2022,경산시
승합(중형),우진산전,아폴로750전기버스,5000,1000,6000,2022년도 전기자동차 경산시 모델별 보조금,2022,경산시
승합(중형),이비온,E6,2539,1000,3539,2022년도 전기자동차 경산시 모델별 보조금,2022,경산시
승합(중형),이비온,"E6(JL618S), 어린이통학",3570,1000,4570,2022년도 전기자동차 경산시 모델별 보조금,2022,경산시
승합(중형),GS글로벌,NEW BYD eBus-7,4357,1000,5357,2022년도 전기자동차 경산시 모델별 보조금,2022,경산시
승합(중형),한신자동차,바네스,2821,1000,3821,2022년도 전기자동차 경산시 모델별 보조금,2022,경산시
승합(중형),비바모빌리티,VBUS60,3789,1000,4789,2022년도 전기자동차 경산시 모델별 보조금,2022,경산시
승합(중형),비바모빌리티,브이버스60i(어린이운송용),3791,1000,4791,2022년도 전기자동차 경산시 모델별 보조금,2022,경산시
승합(중형),케이지모빌리티커머셜,SMART 8.7,5000,1000,6000,2022년도 전기자동차 경산시 모델별 보조금,2022,경산시
승합(중형),한차,GREENWAY720,5000,1000,6000,2022년도 전기자동차 경산시 모델별 보조금,2022,경산시
승합(대형),현대자동차,일렉시티 굴절버스,14693,1400,16093,2022년도 전기자동차 경산시 모델별 보조금,2022,경산시
승합(대형),현대자동차,일렉시티 이층버스,12501,1400,13901,2022년도 전기자동차 경산시 모델별 보조금,2022,경산시
승합(대형),현대자동차,일렉시티(3PACK),7000,1400,8400,2022년도 전기자동차 경산시 모델별 보조금,2022,경산시
승합(대형),현대자동차,일렉시티(4PACK V1),7000,1400,8400,2022년도 전기자동차 경산시 모델별 보조금,2022,경산시
승합(대형),케이지모빌리티커머셜,이-스마트(57인승),5522,1400,6922,2022년도 전기자동차 경산시 모델별 보조금,2022,경산시
승합(대형),케이지모빌리티커머셜,이-스마트(51인승),5510,1400,6910,2022년도 전기자동차 경산시 모델별 보조금,2022,경산시
승합(대형),케이지모빌리티커머셜,SMART 9.3,7000,1400,8400,2022년도 전기자동차 경산시 모델별 보조금,2022,경산시
승합(대형),케이지모빌리티커머셜,SMART 110(272kWh),7000,1400,8400,2022년도 전기자동차 경산시 모델별 보조금,2022,경산시
승합(대형),케이지모빌리티커머셜,SMART 110E(347kWh),7000,1400,8400,2022년도 전기자동차 경산시 모델별 보조금,2022,경산시
승합(대형),케이지모빌리티커머셜,SMART 110(260kWh),7000,1400,8400,2022년도 전기자동차 경산시 모델별 보조금,2022,경산시
승합(대형),케이지모빌리티커머셜,SMART 110E(260kWh),7000,1400,8400,2022년도 전기자동차 경산시 모델별 보조금,2022,경산시
승합(대형),우진산전,아폴로1100,6396,1400,7796,2022년도 전기자동차 경산시 모델별 보조금,2022,경산시
승합(대형),우진산전,아폴로1100(258kWh),6746,1400,8146,2022년도 전기자동차 경산시 모델별 보조금,2022,경산시
승합(대형),우진산전,아폴로1100(11CTLP),6133,1400,7533,2022년도 전기자동차 경산시 모델별 보조금,2022,경산시
승합(대형),우진산전,아폴로1100전기버스 22MY,7000,1400,8400,2022년도 전기자동차 경산시 모델별 보조금,2022,경산시
승합(대형),피라인모터스,HYPERS(신형),5917,1400,7317,2022년도 전기자동차 경산시 모델별 보조금,2022,경산시
승합(대형),피라인모터스,HYPERS(H),5778,1400,7178,2022년도 전기자동차 경산시 모델별 보조금,2022,경산시
승합(대형),피라인모터스,HYPERS(11L),5021,1400,6421,2022년도 전기자동차 경산시 모델별 보조금,2022,경산시
승합(대형),피라인모터스,HYPERS1611,6021,1400,7421,2022년도 전기자동차 경산시 모델별 보조금,2022,경산시
승합(대형),피라인모터스,HYPERS1609,6068,1400,7468,2022년도 전기자동차 경산시 모델별 보조금,2022,경산시
승합(대형),피라인모터스,HYPERS1612,5795,1400,7195,2022년도 전기자동차 경산시 모델별 보조금,2022,경산시
승합(대형),피라인모터스,HYPERS1609H,6610,1400,8010,2022년도 전기자동차 경산시 모델별 보조금,2022,경산시
승합(대형),비바모빌리티,(단종)브이버스90N,6430,1400,7830,2022년도 전기자동차 경산시 모델별 보조금,2022,경산시
승합(대형),비바모빌리티,(단종)브이버스110-B,6839,1400,8239,2022년도 전기자동차 경산시 모델별 보조금,2022,경산시
승합(대형),북경모터스,그린타운(850),4265,1400,5665,2022년도 전기자동차 경산시 모델별 보조금,2022,경산시
승합(대형),북경모터스,그린타운플러스,6550,1400,7950,2022년도 전기자동차 경산시 모델별 보조금,2022,경산시
승합(대형),범한자동차,E-SKY11(350kWh),7000,1400,8400,2022년도 전기자동차 경산시 모델별 보조금,2022,경산시
승합(대형),범한자동차,E-STAR8 V1,6454,1400,7854,2022년도 전기자동차 경산시 모델별 보조금,2022,경산시
승합(대형),에스에이피,아이즘(IZM),7000,1400,8400,2022년도 전기자동차 경산시 모델별 보조금,2022,경산시
승합(대형),에스에이피,엘페(ELFE),7000,1400,8400,2022년도 전기자동차 경산시 모델별 보조금,2022,경산시
승합(대형),에스에이피,리오네(LIONNE),7000,1400,8400,2022년도 전기자동차 경산시 모델별 보조금,2022,경산시
승합(대형),GS글로벌,eBus-12(K9DC),7000,1400,8400,2022년도 전기자동차 경산시 모델별 보조금,2022,경산시
승합(대형),GS글로벌,NEW BYD eBus-12,7000,1400,8400,2022년도 전기자동차 경산시 모델별 보조금,2022,경산시
승합(대형),티에스에코에너지,일레누스,7000,1400,8400,2022년도 전기자동차 경산시 모델별 보조금,2022,경산시
승합(대형),이온모터스,시티라이트Ⅱ,7000,1400,8400,2022년도 전기자동차 경산시 모델별 보조금,2022,경산시
승합(대형),이온모터스,시티라이트9,7000,1400,8400,2022년도 전기자동차 경산시 모델별 보조금,2022,경산시
승합(대형),한차,GREENWAY1100,6388,1400,7788,2022년도 전기자동차 경산시 모델별 보조금,2022,경산시
승합(대형),이엠코리아,에픽시티(LFP),7000,1400,8400,2022년도 전기자동차 경산시 모델별 보조금,2022,경산시
승합(대형),태영티엔티,GD11,5749,1400,7149,2022년도 전기자동차 경산시 모델별 보조금,2022,경산시
모델별 지방비 자료가 없습니다.,모델별 지방비 자료가 없습니다.,모델별 지방비 자료가 없습니다.,모델별 지방비 자료가 없습니다.,모델별 지방비 자료가 없습니다.,모델별 지방비 자료가 없습니다.,2022년도 전기자동차 군위군 모델별 보조금,2022,군위군
모델별 지방비 자료가 없습니다.,모델별 지방비 자료가 없습니다.,모델별 지방비 자료가 없습니다.,모델별 지방비 자료가 없습니다.,모델별 지방비 자료가 없습니다.,모델별 지방비 자료가 없습니다.,2022년도 전기자동차 의성군 모델별 보조금,2022,의성군
모델별 지방비 자료가 없습니다.,모델별 지방비 자료가 없습니다.,모델별 지방비 자료가 없습니다.,모델별 지방비 자료가 없습니다.,모델별 지방비 자료가 없습니다.,모델별 지방비 자료가 없습니다.,2022년도 전기자동차 청송군 모델별 보조금,2022,청송군
모델별 지방비 자료가 없습니다.,모델별 지방비 자료가 없습니다.,모델별 지방비 자료가 없습니다.,모델별 지방비 자료가 없습니다.,모델별 지방비 자료가 없습니다.,모델별 지방비 자료가 없습니다.,2022년도 전기자동차 영양군 모델별 보조금,2022,영양군
모델별 지방비 자료가 없습니다.,모델별 지방비 자료가 없습니다.,모델별 지방비 자료가 없습니다.,모델별 지방비 자료가 없습니다.,모델별 지방비 자료가 없습니다.,모델별 지방비 자료가 없습니다.,2022년도 전기자동차 영덕군 모델별 보조금,2022,영덕군
승합(중형),현대자동차,카운티 일렉트릭(어린이운송용 30인승),4383,1000,5383,2022년도 전기자동차 청도군 모델별 보조금,2022,청도군
승합(중형),현대자동차,(단종)카운티 일렉트릭(어린이운송용 33인승 V2),4391,1000,5391,2022년도 전기자동차 청도군 모델별 보조금,2022,청도군
승합(중형),현대자동차,카운티 일렉트릭(어린이운송용 33인승),4391,1000,5391,2022년도 전기자동차 청도군 모델별 보조금,2022,청도군
승합(중형),현대자동차,카운티 일렉트릭,4391,1000,5391,2022년도 전기자동차 청도군 모델별 보조금,2022,청도군
승합(중형),현대자동차,카운티 일렉트릭(마을버스),5000,1000,6000,2022년도 전기자동차 청도군 모델별 보조금,2022,청도군
승합(중형),우진산전,아폴로750,4780,1000,5780,2022년도 전기자동차 청도군 모델별 보조금,2022,청도군
승합(중형),우진산전,아폴로750(15인승),5000,1000,6000,2022년도 전기자동차 청도군 모델별 보조금,2022,청도군
승합(중형),우진산전,아폴로750전기버스,5000,1000,6000,2022년도 전기자동차 청도군 모델별 보조금,2022,청도군
승합(중형),이비온,E6,2539,1000,3539,2022년도 전기자동차 청도군 모델별 보조금,2022,청도군
승합(중형),이비온,"E6(JL618S), 어린이통학",3570,1000,4570,2022년도 전기자동차 청도군 모델별 보조금,2022,청도군
승합(중형),GS글로벌,NEW BYD eBus-7,4357,1000,5357,2022년도 전기자동차 청도군 모델별 보조금,2022,청도군
승합(중형),한신자동차,바네스,2821,1000,3821,2022년도 전기자동차 청도군 모델별 보조금,2022,청도군
승합(중형),비바모빌리티,VBUS60,3789,1000,4789,2022년도 전기자동차 청도군 모델별 보조금,2022,청도군
승합(중형),비바모빌리티,브이버스60i(어린이운송용),3791,1000,4791,2022년도 전기자동차 청도군 모델별 보조금,2022,청도군
승합(중형),케이지모빌리티커머셜,SMART 8.7,5000,1000,6000,2022년도 전기자동차 청도군 모델별 보조금,2022,청도군
승합(중형),한차,GREENWAY720,5000,1000,6000,2022년도 전기자동차 청도군 모델별 보조금,2022,청도군
모델별 지방비 자료가 없습니다.,모델별 지방비 자료가 없습니다.,모델별 지방비 자료가 없습니다.,모델별 지방비 자료가 없습니다.,모델별 지방비 자료가 없습니다.,모델별 지방비 자료가 없습니다.,2022년도 전기자동차 고령군 모델별 보조금,2022,고령군
승합(중형),현대자동차,카운티 일렉트릭(어린이운송용 30인승),4383,0,4383,2022년도 전기자동차 성주군 모델별 보조금,2022,성주군
승합(중형),현대자동차,(단종)카운티 일렉트릭(어린이운송용 33인승 V2),4391,1000,5391,2022년도 전기자동차 성주군 모델별 보조금,2022,성주군
승합(중형),현대자동차,카운티 일렉트릭(어린이운송용 33인승),4391,0,4391,2022년도 전기자동차 성주군 모델별 보조금,2022,성주군
승합(중형),현대자동차,카운티 일렉트릭,4391,0,4391,2022년도 전기자동차 성주군 모델별 보조금,2022,성주군
승합(중형),현대자동차,카운티 일렉트릭(마을버스),5000,1000,6000,2022년도 전기자동차 성주군 모델별 보조금,2022,성주군
승합(중형),우진산전,아폴로750,4780,0,4780,2022년도 전기자동차 성주군 모델별 보조금,2022,성주군
승합(중형),우진산전,아폴로750(15인승),5000,0,5000,2022년도 전기자동차 성주군 모델별 보조금,2022,성주군
승합(중형),우진산전,아폴로750전기버스,5000,0,5000,2022년도 전기자동차 성주군 모델별 보조금,2022,성주군
승합(중형),이비온,E6,2539,0,2539,2022년도 전기자동차 성주군 모델별 보조금,2022,성주군
승합(중형),이비온,"E6(JL618S), 어린이통학",3570,0,3570,2022년도 전기자동차 성주군 모델별 보조금,2022,성주군
승합(중형),GS글로벌,NEW BYD eBus-7,4357,0,4357,2022년도 전기자동차 성주군 모델별 보조금,2022,성주군
승합(중형),한신자동차,바네스,2821,0,2821,2022년도 전기자동차 성주군 모델별 보조금,2022,성주군
승합(중형),비바모빌리티,VBUS60,3789,0,3789,2022년도 전기자동차 성주군 모델별 보조금,2022,성주군
승합(중형),비바모빌리티,브이버스60i(어린이운송용),3791,0,3791,2022년도 전기자동차 성주군 모델별 보조금,2022,성주군
승합(중형),케이지모빌리티커머셜,SMART 8.7,5000,0,5000,2022년도 전기자동차 성주군 모델별 보조금,2022,성주군
승합(중형),한차,GREENWAY720,5000,0,5000,2022년도 전기자동차 성주군 모델별 보조금,2022,성주군
승합(대형),현대자동차,일렉시티 굴절버스,14693,0,14693,2022년도 전기자동차 성주군 모델별 보조금,2022,성주군
승합(대형),현대자동차,일렉시티 이층버스,12501,0,12501,2022년도 전기자동차 성주군 모델별 보조금,2022,성주군
승합(대형),현대자동차,일렉시티(3PACK),7000,0,7000,2022년도 전기자동차 성주군 모델별 보조금,2022,성주군
승합(대형),현대자동차,일렉시티(4PACK V1),7000,0,7000,2022년도 전기자동차 성주군 모델별 보조금,2022,성주군
승합(대형),케이지모빌리티커머셜,이-스마트(57인승),5522,0,5522,2022년도 전기자동차 성주군 모델별 보조금,2022,성주군
승합(대형),케이지모빌리티커머셜,이-스마트(51인승),5510,0,5510,2022년도 전기자동차 성주군 모델별 보조금,2022,성주군
승합(대형),케이지모빌리티커머셜,SMART 9.3,7000,0,7000,2022년도 전기자동차 성주군 모델별 보조금,2022,성주군
승합(대형),케이지모빌리티커머셜,SMART 110(272kWh),7000,0,7000,2022년도 전기자동차 성주군 모델별 보조금,2022,성주군
승합(대형),케이지모빌리티커머셜,SMART 110E(347kWh),7000,0,7000,2022년도 전기자동차 성주군 모델별 보조금,2022,성주군
승합(대형),케이지모빌리티커머셜,SMART 110(260kWh),7000,0,7000,2022년도 전기자동차 성주군 모델별 보조금,2022,성주군
승합(대형),우진산전,아폴로1100(258kWh),6746,0,6746,2022년도 전기자동차 성주군 모델별 보조금,2022,성주군
승합(대형),우진산전,아폴로1100(11CTLP),6133,0,6133,2022년도 전기자동차 성주군 모델별 보조금,2022,성주군
승합(대형),북경모터스,그린타운(850),4265,0,4265,2022년도 전기자동차 성주군 모델별 보조금,2022,성주군
승합(대형),북경모터스,그린타운플러스,6550,0,6550,2022년도 전기자동차 성주군 모델별 보조금,2022,성주군
승합(대형),GS글로벌,eBus-12(K9DC),7000,0,7000,2022년도 전기자동차 성주군 모델별 보조금,2022,성주군
승합(대형),GS글로벌,NEW BYD eBus-12,7000,0,7000,2022년도 전기자동차 성주군 모델별 보조금,2022,성주군
승합(대형),이온모터스,시티라이트Ⅱ,7000,0,7000,2022년도 전기자동차 성주군 모델별 보조금,2022,성주군
승합(대형),이엠코리아,에픽시티(LFP),7000,0,7000,2022년도 전기자동차 성주군 모델별 보조금,2022,성주군
모델별 지방비 자료가 없습니다.,모델별 지방비 자료가 없습니다.,모델별 지방비 자료가 없습니다.,모델별 지방비 자료가 없습니다.,모델별 지방비 자료가 없습니다.,모델별 지방비 자료가 없습니다.,2022년도 전기자동차 칠곡군 모델별 보조금,2022,칠곡군
승합(중형),현대자동차,카운티 일렉트릭(어린이운송용 30인승),4383,1000,5383,2022년도 전기자동차 예천군 모델별 보조금,2022,예천군
승합(중형),현대자동차,(단종)카운티 일렉트릭(어린이운송용 33인승 V2),4391,1000,5391,2022년도 전기자동차 예천군 모델별 보조금,2022,예천군
승합(중형),현대자동차,카운티 일렉트릭(어린이운송용 33인승),4391,1000,5391,2022년도 전기자동차 예천군 모델별 보조금,2022,예천군
승합(중형),현대자동차,카운티 일렉트릭,4391,1000,5391,2022년도 전기자동차 예천군 모델별 보조금,2022,예천군
승합(중형),현대자동차,카운티 일렉트릭(마을버스),5000,1000,6000,2022년도 전기자동차 예천군 모델별 보조금,2022,예천군
승합(중형),우진산전,아폴로750,4780,1000,5780,2022년도 전기자동차 예천군 모델별 보조금,2022,예천군
승합(중형),우진산전,아폴로750(15인승),5000,1000,6000,2022년도 전기자동차 예천군 모델별 보조금,2022,예천군
승합(중형),우진산전,아폴로750전기버스,5000,1000,6000,2022년도 전기자동차 예천군 모델별 보조금,2022,예천군
승합(중형),이비온,E6,2539,1000,3539,2022년도 전기자동차 예천군 모델별 보조금,2022,예천군
승합(중형),이비온,"E6(JL618S), 어린이통학",3570,1000,4570,2022년도 전기자동차 예천군 모델별 보조금,2022,예천군
승합(중형),GS글로벌,NEW BYD eBus-7,4357,1000,5357,2022년도 전기자동차 예천군 모델별 보조금,2022,예천군
승합(중형),한신자동차,바네스,2821,1000,3821,2022년도 전기자동차 예천군 모델별 보조금,2022,예천군
승합(중형),비바모빌리티,VBUS60,3789,1000,4789,2022년도 전기자동차 예천군 모델별 보조금,2022,예천군
승합(중형),비바모빌리티,브이버스60i(어린이운송용),3791,1000,4791,2022년도 전기자동차 예천군 모델별 보조금,2022,예천군
승합(중형),케이지모빌리티커머셜,SMART 8.7,5000,1000,6000,2022년도 전기자동차 예천군 모델별 보조금,2022,예천군
승합(중형),한차,GREENWAY720,5000,1000,6000,2022년도 전기자동차 예천군 모델별 보조금,2022,예천군
승합(대형),현대자동차,일렉시티 굴절버스,14693,1400,16093,2022년도 전기자동차 예천군 모델별 보조금,2022,예천군
승합(대형),현대자동차,일렉시티 이층버스,12501,1400,13901,2022년도 전기자동차 예천군 모델별 보조금,2022,예천군
승합(대형),현대자동차,일렉시티(3PACK),7000,1400,8400,2022년도 전기자동차 예천군 모델별 보조금,2022,예천군
승합(대형),현대자동차,일렉시티(4PACK V1),7000,1400,8400,2022년도 전기자동차 예천군 모델별 보조금,2022,예천군
승합(대형),케이지모빌리티커머셜,이-스마트(57인승),5522,1400,6922,2022년도 전기자동차 예천군 모델별 보조금,2022,예천군
승합(대형),케이지모빌리티커머셜,이-스마트(51인승),5510,1400,6910,2022년도 전기자동차 예천군 모델별 보조금,2022,예천군
승합(대형),케이지모빌리티커머셜,SMART 9.3,7000,1400,8400,2022년도 전기자동차 예천군 모델별 보조금,2022,예천군
승합(대형),케이지모빌리티커머셜,SMART 110(272kWh),7000,1400,8400,2022년도 전기자동차 예천군 모델별 보조금,2022,예천군
승합(대형),케이지모빌리티커머셜,SMART 110E(347kWh),7000,1400,8400,2022년도 전기자동차 예천군 모델별 보조금,2022,예천군
승합(대형),케이지모빌리티커머셜,SMART 110(260kWh),7000,1400,8400,2022년도 전기자동차 예천군 모델별 보조금,2022,예천군
승합(대형),우진산전,아폴로1100(258kWh),6746,1400,8146,2022년도 전기자동차 예천군 모델별 보조금,2022,예천군
승합(대형),우진산전,아폴로1100(11CTLP),6133,1400,7533,2022년도 전기자동차 예천군 모델별 보조금,2022,예천군
승합(대형),북경모터스,그린타운(850),4265,1400,5665,2022년도 전기자동차 예천군 모델별 보조금,2022,예천군
승합(대형),북경모터스,그린타운플러스,6550,1400,7950,2022년도 전기자동차 예천군 모델별 보조금,2022,예천군
승합(대형),GS글로벌,eBus-12(K9DC),7000,1400,8400,2022년도 전기자동차 예천군 모델별 보조금,2022,예천군
승합(대형),GS글로벌,NEW BYD eBus-12,7000,1400,8400,2022년도 전기자동차 예천군 모델별 보조금,2022,예천군
승합(대형),이온모터스,시티라이트Ⅱ,7000,1400,8400,2022년도 전기자동차 예천군 모델별 보조금,2022,예천군
승합(대형),이엠코리아,에픽시티(LFP),7000,1400,8400,2022년도 전기자동차 예천군 모델별 보조금,2022,예천군
모델별 지방비 자료가 없습니다.,모델별 지방비 자료가 없습니다.,모델별 지방비 자료가 없습니다.,모델별 지방비 자료가 없습니다.,모델별 지방비 자료가 없습니다.,모델별 지방비 자료가 없습니다.,2022년도 전기자동차 봉화군 모델별 보조금,2022,봉화군
모델별 지방비 자료가 없습니다.,모델별 지방비 자료가 없습니다.,모델별 지방비 자료가 없습니다.,모델별 지방비 자료가 없습니다.,모델별 지방비 자료가 없습니다.,모델별 지방비 자료가 없습니다.,2022년도 전기자동차 울릉군 모델별 보조금,2022,울릉군
승합(중형),현대자동차,카운티 일렉트릭(어린이운송용 30인승),4383,0,4383,2022년도 전기자동차 창원시 모델별 보조금,2022,창원시
승합(중형),현대자동차,(단종)카운티 일렉트릭(어린이운송용 33인승 V2),4391,0,4391,2022년도 전기자동차 창원시 모델별 보조금,2022,창원시
승합(중형),현대자동차,카운티 일렉트릭(어린이운송용 33인승),4391,0,4391,2022년도 전기자동차 창원시 모델별 보조금,2022,창원시
승합(중형),현대자동차,카운티 일렉트릭,4391,0,4391,2022년도 전기자동차 창원시 모델별 보조금,2022,창원시
승합(중형),현대자동차,카운티 일렉트릭(마을버스),5000,0,5000,2022년도 전기자동차 창원시 모델별 보조금,2022,창원시
승합(중형),우진산전,아폴로750,4780,0,4780,2022년도 전기자동차 창원시 모델별 보조금,2022,창원시
승합(중형),우진산전,아폴로750(15인승),5000,0,5000,2022년도 전기자동차 창원시 모델별 보조금,2022,창원시
승합(중형),우진산전,아폴로750전기버스,5000,0,5000,2022년도 전기자동차 창원시 모델별 보조금,2022,창원시
승합(중형),이비온,E6,2539,0,2539,2022년도 전기자동차 창원시 모델별 보조금,2022,창원시
승합(중형),이비온,"E6(JL618S), 어린이통학",3570,0,3570,2022년도 전기자동차 창원시 모델별 보조금,2022,창원시
승합(중형),GS글로벌,NEW BYD eBus-7,4357,0,4357,2022년도 전기자동차 창원시 모델별 보조금,2022,창원시
승합(중형),한신자동차,바네스,2821,0,2821,2022년도 전기자동차 창원시 모델별 보조금,2022,창원시
승합(중형),비바모빌리티,VBUS60,3789,0,3789,2022년도 전기자동차 창원시 모델별 보조금,2022,창원시
승합(중형),비바모빌리티,브이버스60i(어린이운송용),3791,0,3791,2022년도 전기자동차 창원시 모델별 보조금,2022,창원시
승합(중형),케이지모빌리티커머셜,SMART 8.7,5000,0,5000,2022년도 전기자동차 창원시 모델별 보조금,2022,창원시
승합(중형),한차,GREENWAY720,5000,0,5000,2022년도 전기자동차 창원시 모델별 보조금,2022,창원시
승합(대형),현대자동차,일렉시티 굴절버스,14693,0,14693,2022년도 전기자동차 창원시 모델별 보조금,2022,창원시
승합(대형),현대자동차,일렉시티 이층버스,12501,0,12501,2022년도 전기자동차 창원시 모델별 보조금,2022,창원시
승합(대형),현대자동차,일렉시티(3PACK),7000,8500,15500,2022년도 전기자동차 창원시 모델별 보조금,2022,창원시
승합(대형),현대자동차,일렉시티(4PACK V1),7000,8500,15500,2022년도 전기자동차 창원시 모델별 보조금,2022,창원시
승합(대형),현대자동차,일렉시티 타운,7000,0,7000,2022년도 전기자동차 창원시 모델별 보조금,2022,창원시
승합(대형),케이지모빌리티커머셜,이-스마트(57인승),5522,6703,12225,2022년도 전기자동차 창원시 모델별 보조금,2022,창원시
승합(대형),케이지모빌리티커머셜,이-스마트(51인승),5510,6692,12202,2022년도 전기자동차 창원시 모델별 보조금,2022,창원시
승합(대형),케이지모빌리티커머셜,SMART 9.3,7000,0,7000,2022년도 전기자동차 창원시 모델별 보조금,2022,창원시
승합(대형),케이지모빌리티커머셜,SMART 110(272kWh),7000,0,7000,2022년도 전기자동차 창원시 모델별 보조금,2022,창원시
승합(대형),케이지모빌리티커머셜,SMART 110E(347kWh),7000,8500,15500,2022년도 전기자동차 창원시 모델별 보조금,2022,창원시
승합(대형),케이지모빌리티커머셜,SMART 110(260kWh),7000,0,7000,2022년도 전기자동차 창원시 모델별 보조금,2022,창원시
승합(대형),케이지모빌리티커머셜,SMART 110E(260kWh),7000,8500,15500,2022년도 전기자동차 창원시 모델별 보조금,2022,창원시
승합(대형),우진산전,아폴로1100,6396,0,6396,2022년도 전기자동차 창원시 모델별 보조금,2022,창원시
승합(대형),우진산전,아폴로1100(258kWh),6746,0,6746,2022년도 전기자동차 창원시 모델별 보조금,2022,창원시
승합(대형),우진산전,아폴로1100(11CTLP),6133,0,6133,2022년도 전기자동차 창원시 모델별 보조금,2022,창원시
승합(대형),우진산전,아폴로900전기버스,4658,0,4658,2022년도 전기자동차 창원시 모델별 보조금,2022,창원시
승합(대형),우진산전,아폴로1100전기버스 22MY,7000,0,7000,2022년도 전기자동차 창원시 모델별 보조금,2022,창원시
승합(대형),피라인모터스,HYPERS(신형),5917,7185,13102,2022년도 전기자동차 창원시 모델별 보조금,2022,창원시
승합(대형),피라인모터스,HYPERS(H),5778,7015,12793,2022년도 전기자동차 창원시 모델별 보조금,2022,창원시
승합(대형),피라인모터스,HYPERS(11L),5021,6097,11118,2022년도 전기자동차 창원시 모델별 보조금,2022,창원시
승합(대형),피라인모터스,HYPERS1611,6021,7310,13331,2022년도 전기자동차 창원시 모델별 보조금,2022,창원시
승합(대형),피라인모터스,HYPERS1609,6068,7366,13434,2022년도 전기자동차 창원시 모델별 보조금,2022,창원시
승합(대형),피라인모터스,HYPERS1612,5795,0,5795,2022년도 전기자동차 창원시 모델별 보조금,2022,창원시
승합(대형),피라인모터스,HYPERS1609H,6610,0,6610,2022년도 전기자동차 창원시 모델별 보조금,2022,창원시
승합(대형),피라인모터스,HYPERS1612N,7000,8500,15500,2022년도 전기자동차 창원시 모델별 보조금,2022,창원시
승합(대형),피라인모터스,HYPERS1609N,7000,0,7000,2022년도 전기자동차 창원시 모델별 보조금,2022,창원시
승합(대형),피라인모터스,HYPERS1611N,6660,0,6660,2022년도 전기자동차 창원시 모델별 보조금,2022,창원시
승합(대형),비바모빌리티,(단종)브이버스90N,6430,0,6430,2022년도 전기자동차 창원시 모델별 보조금,2022,창원시
승합(대형),비바모빌리티,(단종)브이버스120,7000,0,7000,2022년도 전기자동차 창원시 모델별 보조금,2022,창원시
승합(대형),비바모빌리티,(단종)브이버스110-B,6839,0,6839,2022년도 전기자동차 창원시 모델별 보조금,2022,창원시
승합(대형),북경모터스,그린타운(850),4265,0,4265,2022년도 전기자동차 창원시 모델별 보조금,2022,창원시
승합(대형),북경모터스,그린타운플러스,6550,0,6550,2022년도 전기자동차 창원시 모델별 보조금,2022,창원시
승합(대형),범한자동차,E-SKY11(350kWh),7000,8500,15500,2022년도 전기자동차 창원시 모델별 보조금,2022,창원시
승합(대형),범한자동차,E-SKY9(281kWh),7000,0,7000,2022년도 전기자동차 창원시 모델별 보조금,2022,창원시
승합(대형),범한자동차,E-STAR8 V1,6454,0,6454,2022년도 전기자동차 창원시 모델별 보조금,2022,창원시
승합(대형),범한자동차,E-STAR11,7000,8500,15500,2022년도 전기자동차 창원시 모델별 보조금,2022,창원시
승합(대형),범한자동차,E-STAR12i,7000,0,7000,2022년도 전기자동차 창원시 모델별 보조금,2022,창원시
승합(대형),에스에이피,아이즘(IZM),7000,0,7000,2022년도 전기자동차 창원시 모델별 보조금,2022,창원시
승합(대형),에스에이피,엘페(ELFE),7000,0,7000,2022년도 전기자동차 창원시 모델별 보조금,2022,창원시
승합(대형),에스에이피,리오네(LIONNE),7000,0,7000,2022년도 전기자동차 창원시 모델별 보조금,2022,창원시
승합(대형),GS글로벌,eBus-12(K9DC),7000,6800,13800,2022년도 전기자동차 창원시 모델별 보조금,2022,창원시
승합(대형),GS글로벌,NEW BYD eBus-12,7000,8500,15500,2022년도 전기자동차 창원시 모델별 보조금,2022,창원시
승합(대형),티에스에코에너지,일레누스,7000,0,7000,2022년도 전기자동차 창원시 모델별 보조금,2022,창원시
승합(대형),티에스에코에너지,일레누스(TS900),6251,0,6251,2022년도 전기자동차 창원시 모델별 보조금,2022,창원시
승합(대형),이온모터스,시티라이트,5815,7060,12875,2022년도 전기자동차 창원시 모델별 보조금,2022,창원시
승합(대형),이온모터스,시티라이트Ⅱ,7000,8500,15500,2022년도 전기자동차 창원시 모델별 보조금,2022,창원시
승합(대형),이온모터스,시티라이트9,7000,0,7000,2022년도 전기자동차 창원시 모델별 보조금,2022,창원시
승합(대형),한차,GREENWAY1100,6388,0,6388,2022년도 전기자동차 창원시 모델별 보조금,2022,창원시
승합(대형),한차,GREENWAY1100A,7000,0,7000,2022년도 전기자동차 창원시 모델별 보조금,2022,창원시
승합(대형),이엠코리아,에픽시티(LFP),7000,0,7000,2022년도 전기자동차 창원시 모델별 보조금,2022,창원시
승합(대형),태영티엔티,GD11,5749,0,5749,2022년도 전기자동차 창원시 모델별 보조금,2022,창원시
승합(대형),재일홀딩스,그린타운400,6418,0,6418,2022년도 전기자동차 창원시 모델별 보조금,2022,창원시
승합(중형),현대자동차,카운티 일렉트릭(어린이운송용 30인승),4383,0,4383,2022년도 전기자동차 진주시 모델별 보조금,2022,진주시
승합(중형),현대자동차,(단종)카운티 일렉트릭(어린이운송용 33인승 V2),4391,0,4391,2022년도 전기자동차 진주시 모델별 보조금,2022,진주시
승합(중형),현대자동차,카운티 일렉트릭(어린이운송용 33인승),4391,0,4391,2022년도 전기자동차 진주시 모델별 보조금,2022,진주시
승합(중형),현대자동차,카운티 일렉트릭,4391,0,4391,2022년도 전기자동차 진주시 모델별 보조금,2022,진주시
승합(중형),현대자동차,카운티 일렉트릭(마을버스),5000,0,5000,2022년도 전기자동차 진주시 모델별 보조금,2022,진주시
승합(중형),우진산전,아폴로750,4780,0,4780,2022년도 전기자동차 진주시 모델별 보조금,2022,진주시
승합(중형),우진산전,아폴로750(15인승),5000,0,5000,2022년도 전기자동차 진주시 모델별 보조금,2022,진주시
승합(중형),우진산전,아폴로750전기버스,5000,0,5000,2022년도 전기자동차 진주시 모델별 보조금,2022,진주시
승합(중형),이비온,E6,2539,0,2539,2022년도 전기자동차 진주시 모델별 보조금,2022,진주시
승합(중형),이비온,"E6(JL618S), 어린이통학",3570,0,3570,2022년도 전기자동차 진주시 모델별 보조금,2022,진주시
승합(중형),GS글로벌,NEW BYD eBus-7,4357,0,4357,2022년도 전기자동차 진주시 모델별 보조금,2022,진주시
승합(중형),한신자동차,바네스,2821,0,2821,2022년도 전기자동차 진주시 모델별 보조금,2022,진주시
승합(중형),비바모빌리티,VBUS60,3789,0,3789,2022년도 전기자동차 진주시 모델별 보조금,2022,진주시
승합(중형),비바모빌리티,브이버스60i(어린이운송용),3791,0,3791,2022년도 전기자동차 진주시 모델별 보조금,2022,진주시
승합(중형),케이지모빌리티커머셜,SMART 8.7,5000,0,5000,2022년도 전기자동차 진주시 모델별 보조금,2022,진주시
승합(중형),한차,GREENWAY720,5000,0,5000,2022년도 전기자동차 진주시 모델별 보조금,2022,진주시
승합(대형),현대자동차,일렉시티 굴절버스,14693,0,14693,2022년도 전기자동차 진주시 모델별 보조금,2022,진주시
승합(대형),현대자동차,일렉시티 이층버스,12501,0,12501,2022년도 전기자동차 진주시 모델별 보조금,2022,진주시
승합(대형),현대자동차,일렉시티(3PACK),7000,8500,15500,2022년도 전기자동차 진주시 모델별 보조금,2022,진주시
승합(대형),현대자동차,일렉시티(4PACK V1),7000,8500,15500,2022년도 전기자동차 진주시 모델별 보조금,2022,진주시
승합(대형),케이지모빌리티커머셜,이-스마트(57인승),5522,0,5522,2022년도 전기자동차 진주시 모델별 보조금,2022,진주시
승합(대형),케이지모빌리티커머셜,이-스마트(51인승),5510,0,5510,2022년도 전기자동차 진주시 모델별 보조금,2022,진주시
승합(대형),케이지모빌리티커머셜,SMART 9.3,7000,0,7000,2022년도 전기자동차 진주시 모델별 보조금,2022,진주시
승합(대형),케이지모빌리티커머셜,SMART 110(272kWh),7000,8500,15500,2022년도 전기자동차 진주시 모델별 보조금,2022,진주시
승합(대형),케이지모빌리티커머셜,SMART 110E(347kWh),7000,0,7000,2022년도 전기자동차 진주시 모델별 보조금,2022,진주시
승합(대형),케이지모빌리티커머셜,SMART 110(260kWh),7000,8500,15500,2022년도 전기자동차 진주시 모델별 보조금,2022,진주시
승합(대형),우진산전,아폴로1100,6396,0,6396,2022년도 전기자동차 진주시 모델별 보조금,2022,진주시
승합(대형),우진산전,아폴로1100(258kWh),6746,0,6746,2022년도 전기자동차 진주시 모델별 보조금,2022,진주시
승합(대형),우진산전,아폴로1100(11CTLP),6133,0,6133,2022년도 전기자동차 진주시 모델별 보조금,2022,진주시
승합(대형),우진산전,아폴로1100전기버스 22MY,7000,0,7000,2022년도 전기자동차 진주시 모델별 보조금,2022,진주시
승합(대형),피라인모터스,HYPERS(신형),5917,0,5917,2022년도 전기자동차 진주시 모델별 보조금,2022,진주시
승합(대형),피라인모터스,HYPERS(H),5778,0,5778,2022년도 전기자동차 진주시 모델별 보조금,2022,진주시
승합(대형),피라인모터스,HYPERS(11L),5021,0,5021,2022년도 전기자동차 진주시 모델별 보조금,2022,진주시
승합(대형),피라인모터스,HYPERS1611,6021,0,6021,2022년도 전기자동차 진주시 모델별 보조금,2022,진주시
승합(대형),피라인모터스,HYPERS1609,6068,0,6068,2022년도 전기자동차 진주시 모델별 보조금,2022,진주시
승합(대형),피라인모터스,HYPERS1612,5795,0,5795,2022년도 전기자동차 진주시 모델별 보조금,2022,진주시
승합(대형),피라인모터스,HYPERS1609H,6610,0,6610,2022년도 전기자동차 진주시 모델별 보조금,2022,진주시
승합(대형),비바모빌리티,(단종)브이버스90N,6430,0,6430,2022년도 전기자동차 진주시 모델별 보조금,2022,진주시
승합(대형),비바모빌리티,(단종)브이버스110-B,6839,0,6839,2022년도 전기자동차 진주시 모델별 보조금,2022,진주시
승합(대형),북경모터스,그린타운(850),4265,0,4265,2022년도 전기자동차 진주시 모델별 보조금,2022,진주시
승합(대형),북경모터스,그린타운플러스,6550,0,6550,2022년도 전기자동차 진주시 모델별 보조금,2022,진주시
승합(대형),에스에이피,아이즘(IZM),7000,0,7000,2022년도 전기자동차 진주시 모델별 보조금,2022,진주시
승합(대형),에스에이피,엘페(ELFE),7000,0,7000,2022년도 전기자동차 진주시 모델별 보조금,2022,진주시
승합(대형),에스에이피,리오네(LIONNE),7000,0,7000,2022년도 전기자동차 진주시 모델별 보조금,2022,진주시
승합(대형),GS글로벌,eBus-12(K9DC),7000,0,7000,2022년도 전기자동차 진주시 모델별 보조금,2022,진주시
승합(대형),GS글로벌,NEW BYD eBus-12,7000,0,7000,2022년도 전기자동차 진주시 모델별 보조금,2022,진주시
승합(대형),티에스에코에너지,일레누스,7000,0,7000,2022년도 전기자동차 진주시 모델별 보조금,2022,진주시
승합(대형),이온모터스,시티라이트Ⅱ,7000,0,7000,2022년도 전기자동차 진주시 모델별 보조금,2022,진주시
승합(대형),이온모터스,시티라이트9,7000,0,7000,2022년도 전기자동차 진주시 모델별 보조금,2022,진주시
승합(대형),한차,GREENWAY1100,6388,0,6388,2022년도 전기자동차 진주시 모델별 보조금,2022,진주시
승합(대형),이엠코리아,에픽시티(LFP),7000,0,7000,2022년도 전기자동차 진주시 모델별 보조금,2022,진주시
승합(대형),태영티엔티,GD11,5749,0,5749,2022년도 전기자동차 진주시 모델별 보조금,2022,진주시
모델별 지방비 자료가 없습니다.,모델별 지방비 자료가 없습니다.,모델별 지방비 자료가 없습니다.,모델별 지방비 자료가 없습니다.,모델별 지방비 자료가 없습니다.,모델별 지방비 자료가 없습니다.,2022년도 전기자동차 통영시 모델별 보조금,2022,통영시
모델별 지방비 자료가 없습니다.,모델별 지방비 자료가 없습니다.,모델별 지방비 자료가 없습니다.,모델별 지방비 자료가 없습니다.,모델별 지방비 자료가 없습니다.,모델별 지방비 자료가 없습니다.,2022년도 전기자동차 사천시 모델별 보조금,2022,사천시
승합(중형),현대자동차,카운티 일렉트릭(어린이운송용 30인승),4383,0,4383,2022년도 전기자동차 김해시 모델별 보조금,2022,김해시
승합(중형),현대자동차,(단종)카운티 일렉트릭(어린이운송용 33인승 V2),4391,0,4391,2022년도 전기자동차 김해시 모델별 보조금,2022,김해시
승합(중형),현대자동차,카운티 일렉트릭(어린이운송용 33인승),4391,0,4391,2022년도 전기자동차 김해시 모델별 보조금,2022,김해시
승합(중형),현대자동차,카운티 일렉트릭,4391,0,4391,2022년도 전기자동차 김해시 모델별 보조금,2022,김해시
승합(중형),현대자동차,카운티 일렉트릭(마을버스),5000,0,5000,2022년도 전기자동차 김해시 모델별 보조금,2022,김해시
승합(중형),우진산전,아폴로750,4780,0,4780,2022년도 전기자동차 김해시 모델별 보조금,2022,김해시
승합(중형),우진산전,아폴로750(15인승),5000,0,5000,2022년도 전기자동차 김해시 모델별 보조금,2022,김해시
승합(중형),우진산전,아폴로750전기버스,5000,0,5000,2022년도 전기자동차 김해시 모델별 보조금,2022,김해시
승합(중형),이비온,E6,2539,0,2539,2022년도 전기자동차 김해시 모델별 보조금,2022,김해시
승합(중형),이비온,"E6(JL618S), 어린이통학",3570,0,3570,2022년도 전기자동차 김해시 모델별 보조금,2022,김해시
승합(중형),GS글로벌,NEW BYD eBus-7,4357,0,4357,2022년도 전기자동차 김해시 모델별 보조금,2022,김해시
승합(중형),한신자동차,바네스,2821,0,2821,2022년도 전기자동차 김해시 모델별 보조금,2022,김해시
승합(중형),비바모빌리티,VBUS60,3789,0,3789,2022년도 전기자동차 김해시 모델별 보조금,2022,김해시
승합(중형),비바모빌리티,브이버스60i(어린이운송용),3791,0,3791,2022년도 전기자동차 김해시 모델별 보조금,2022,김해시
승합(중형),케이지모빌리티커머셜,SMART 8.7,5000,0,5000,2022년도 전기자동차 김해시 모델별 보조금,2022,김해시
승합(중형),한차,GREENWAY720,5000,0,5000,2022년도 전기자동차 김해시 모델별 보조금,2022,김해시
승합(대형),현대자동차,일렉시티 굴절버스,14693,0,14693,2022년도 전기자동차 김해시 모델별 보조금,2022,김해시
승합(대형),현대자동차,일렉시티 이층버스,12501,0,12501,2022년도 전기자동차 김해시 모델별 보조금,2022,김해시
승합(대형),현대자동차,일렉시티(3PACK),7000,0,7000,2022년도 전기자동차 김해시 모델별 보조금,2022,김해시
승합(대형),현대자동차,일렉시티(4PACK V1),7000,0,7000,2022년도 전기자동차 김해시 모델별 보조금,2022,김해시
승합(대형),케이지모빌리티커머셜,이-스마트(57인승),5522,0,5522,2022년도 전기자동차 김해시 모델별 보조금,2022,김해시
승합(대형),케이지모빌리티커머셜,이-스마트(51인승),5510,0,5510,2022년도 전기자동차 김해시 모델별 보조금,2022,김해시
승합(대형),케이지모빌리티커머셜,SMART 9.3,7000,0,7000,2022년도 전기자동차 김해시 모델별 보조금,2022,김해시
승합(대형),케이지모빌리티커머셜,SMART 110(272kWh),7000,0,7000,2022년도 전기자동차 김해시 모델별 보조금,2022,김해시
승합(대형),케이지모빌리티커머셜,SMART 110E(347kWh),7000,0,7000,2022년도 전기자동차 김해시 모델별 보조금,2022,김해시
승합(대형),케이지모빌리티커머셜,SMART 110(260kWh),7000,0,7000,2022년도 전기자동차 김해시 모델별 보조금,2022,김해시
승합(대형),우진산전,아폴로1100,6396,0,6396,2022년도 전기자동차 김해시 모델별 보조금,2022,김해시
승합(대형),우진산전,아폴로1100(258kWh),6746,0,6746,2022년도 전기자동차 김해시 모델별 보조금,2022,김해시
승합(대형),우진산전,아폴로1100(11CTLP),6133,0,6133,2022년도 전기자동차 김해시 모델별 보조금,2022,김해시
승합(대형),피라인모터스,HYPERS(신형),5917,0,5917,2022년도 전기자동차 김해시 모델별 보조금,2022,김해시
승합(대형),피라인모터스,HYPERS(H),5778,0,5778,2022년도 전기자동차 김해시 모델별 보조금,2022,김해시
승합(대형),피라인모터스,HYPERS(11L),5021,0,5021,2022년도 전기자동차 김해시 모델별 보조금,2022,김해시
승합(대형),피라인모터스,HYPERS1611,6021,0,6021,2022년도 전기자동차 김해시 모델별 보조금,2022,김해시
승합(대형),피라인모터스,HYPERS1609,6068,0,6068,2022년도 전기자동차 김해시 모델별 보조금,2022,김해시
승합(대형),피라인모터스,HYPERS1612,5795,0,5795,2022년도 전기자동차 김해시 모델별 보조금,2022,김해시
승합(대형),북경모터스,그린타운(850),4265,0,4265,2022년도 전기자동차 김해시 모델별 보조금,2022,김해시
승합(대형),북경모터스,그린타운플러스,6550,0,6550,2022년도 전기자동차 김해시 모델별 보조금,2022,김해시
승합(대형),GS글로벌,eBus-12(K9DC),7000,0,7000,2022년도 전기자동차 김해시 모델별 보조금,2022,김해시
승합(대형),GS글로벌,NEW BYD eBus-12,7000,0,7000,2022년도 전기자동차 김해시 모델별 보조금,2022,김해시
승합(대형),이온모터스,시티라이트Ⅱ,7000,0,7000,2022년도 전기자동차 김해시 모델별 보조금,2022,김해시
승합(대형),이온모터스,시티라이트9,7000,0,7000,2022년도 전기자동차 김해시 모델별 보조금,2022,김해시
승합(대형),한차,GREENWAY1100,6388,0,6388,2022년도 전기자동차 김해시 모델별 보조금,2022,김해시
승합(대형),이엠코리아,에픽시티(LFP),7000,0,7000,2022년도 전기자동차 김해시 모델별 보조금,2022,김해시
승합(대형),태영티엔티,GD11,5749,6981,12730,2022년도 전기자동차 김해시 모델별 보조금,2022,김해시
모델별 지방비 자료가 없습니다.,모델별 지방비 자료가 없습니다.,모델별 지방비 자료가 없습니다.,모델별 지방비 자료가 없습니다.,모델별 지방비 자료가 없습니다.,모델별 지방비 자료가 없습니다.,2022년도 전기자동차 밀양시 모델별 보조금,2022,밀양시
모델별 지방비 자료가 없습니다.,모델별 지방비 자료가 없습니다.,모델별 지방비 자료가 없습니다.,모델별 지방비 자료가 없습니다.,모델별 지방비 자료가 없습니다.,모델별 지방비 자료가 없습니다.,2022년도 전기자동차 거제시 모델별 보조금,2022,거제시
승합(중형),현대자동차,카운티 일렉트릭(어린이운송용 30인승),4383,0,4383,2022년도 전기자동차 양산시 모델별 보조금,2022,양산시
승합(중형),현대자동차,(단종)카운티 일렉트릭(어린이운송용 33인승 V2),4391,0,4391,2022년도 전기자동차 양산시 모델별 보조금,2022,양산시
승합(중형),현대자동차,카운티 일렉트릭(어린이운송용 33인승),4391,0,4391,2022년도 전기자동차 양산시 모델별 보조금,2022,양산시
승합(중형),현대자동차,카운티 일렉트릭,4391,0,4391,2022년도 전기자동차 양산시 모델별 보조금,2022,양산시
승합(중형),현대자동차,카운티 일렉트릭(마을버스),5000,0,5000,2022년도 전기자동차 양산시 모델별 보조금,2022,양산시
승합(중형),우진산전,아폴로750,4780,0,4780,2022년도 전기자동차 양산시 모델별 보조금,2022,양산시
승합(중형),우진산전,아폴로750(15인승),5000,0,5000,2022년도 전기자동차 양산시 모델별 보조금,2022,양산시
승합(중형),우진산전,아폴로750전기버스,5000,0,5000,2022년도 전기자동차 양산시 모델별 보조금,2022,양산시
승합(중형),이비온,E6,2539,0,2539,2022년도 전기자동차 양산시 모델별 보조금,2022,양산시
승합(중형),이비온,"E6(JL618S), 어린이통학",3570,0,3570,2022년도 전기자동차 양산시 모델별 보조금,2022,양산시
승합(중형),GS글로벌,NEW BYD eBus-7,4357,0,4357,2022년도 전기자동차 양산시 모델별 보조금,2022,양산시
승합(중형),한신자동차,바네스,2821,0,2821,2022년도 전기자동차 양산시 모델별 보조금,2022,양산시
승합(중형),비바모빌리티,VBUS60,3789,0,3789,2022년도 전기자동차 양산시 모델별 보조금,2022,양산시
승합(중형),비바모빌리티,브이버스60i(어린이운송용),3791,0,3791,2022년도 전기자동차 양산시 모델별 보조금,2022,양산시
승합(중형),케이지모빌리티커머셜,SMART 8.7,5000,0,5000,2022년도 전기자동차 양산시 모델별 보조금,2022,양산시
승합(중형),한차,GREENWAY720,5000,0,5000,2022년도 전기자동차 양산시 모델별 보조금,2022,양산시
승합(대형),현대자동차,일렉시티 굴절버스,14693,0,14693,2022년도 전기자동차 양산시 모델별 보조금,2022,양산시
승합(대형),현대자동차,일렉시티 이층버스,12501,0,12501,2022년도 전기자동차 양산시 모델별 보조금,2022,양산시
승합(대형),현대자동차,일렉시티(3PACK),7000,8500,15500,2022년도 전기자동차 양산시 모델별 보조금,2022,양산시
승합(대형),현대자동차,일렉시티(4PACK V1),7000,8500,15500,2022년도 전기자동차 양산시 모델별 보조금,2022,양산시
승합(대형),케이지모빌리티커머셜,이-스마트(57인승),5522,0,5522,2022년도 전기자동차 양산시 모델별 보조금,2022,양산시
승합(대형),케이지모빌리티커머셜,이-스마트(51인승),5510,0,5510,2022년도 전기자동차 양산시 모델별 보조금,2022,양산시
승합(대형),케이지모빌리티커머셜,SMART 9.3,7000,0,7000,2022년도 전기자동차 양산시 모델별 보조금,2022,양산시
승합(대형),케이지모빌리티커머셜,SMART 110(272kWh),7000,0,7000,2022년도 전기자동차 양산시 모델별 보조금,2022,양산시
승합(대형),케이지모빌리티커머셜,SMART 110E(347kWh),7000,0,7000,2022년도 전기자동차 양산시 모델별 보조금,2022,양산시
승합(대형),케이지모빌리티커머셜,SMART 110(260kWh),7000,0,7000,2022년도 전기자동차 양산시 모델별 보조금,2022,양산시
승합(대형),케이지모빌리티커머셜,SMART 110E(260kWh),7000,0,7000,2022년도 전기자동차 양산시 모델별 보조금,2022,양산시
승합(대형),우진산전,아폴로1100,6396,0,6396,2022년도 전기자동차 양산시 모델별 보조금,2022,양산시
승합(대형),우진산전,아폴로1100(258kWh),6746,0,6746,2022년도 전기자동차 양산시 모델별 보조금,2022,양산시
승합(대형),우진산전,아폴로1100(11CTLP),6133,0,6133,2022년도 전기자동차 양산시 모델별 보조금,2022,양산시
승합(대형),우진산전,아폴로900전기버스,4658,0,4658,2022년도 전기자동차 양산시 모델별 보조금,2022,양산시
승합(대형),우진산전,아폴로1100전기버스 22MY,7000,0,7000,2022년도 전기자동차 양산시 모델별 보조금,2022,양산시
승합(대형),피라인모터스,HYPERS(신형),5917,0,5917,2022년도 전기자동차 양산시 모델별 보조금,2022,양산시
승합(대형),피라인모터스,HYPERS(H),5778,0,5778,2022년도 전기자동차 양산시 모델별 보조금,2022,양산시
승합(대형),피라인모터스,HYPERS(11L),5021,0,5021,2022년도 전기자동차 양산시 모델별 보조금,2022,양산시
승합(대형),피라인모터스,HYPERS1611,6021,0,6021,2022년도 전기자동차 양산시 모델별 보조금,2022,양산시
승합(대형),피라인모터스,HYPERS1609,6068,0,6068,2022년도 전기자동차 양산시 모델별 보조금,2022,양산시
승합(대형),피라인모터스,HYPERS1612,5795,0,5795,2022년도 전기자동차 양산시 모델별 보조금,2022,양산시
승합(대형),피라인모터스,HYPERS1609H,6610,0,6610,2022년도 전기자동차 양산시 모델별 보조금,2022,양산시
승합(대형),비바모빌리티,(단종)브이버스90N,6430,0,6430,2022년도 전기자동차 양산시 모델별 보조금,2022,양산시
승합(대형),비바모빌리티,(단종)브이버스110-B,6839,0,6839,2022년도 전기자동차 양산시 모델별 보조금,2022,양산시
승합(대형),북경모터스,그린타운(850),4265,0,4265,2022년도 전기자동차 양산시 모델별 보조금,2022,양산시
승합(대형),북경모터스,그린타운플러스,6550,0,6550,2022년도 전기자동차 양산시 모델별 보조금,2022,양산시
승합(대형),범한자동차,E-SKY11(350kWh),7000,0,7000,2022년도 전기자동차 양산시 모델별 보조금,2022,양산시
승합(대형),범한자동차,E-SKY9(281kWh),7000,0,7000,2022년도 전기자동차 양산시 모델별 보조금,2022,양산시
승합(대형),범한자동차,E-STAR8 V1,6454,0,6454,2022년도 전기자동차 양산시 모델별 보조금,2022,양산시
승합(대형),범한자동차,E-STAR11,7000,0,7000,2022년도 전기자동차 양산시 모델별 보조금,2022,양산시
승합(대형),에스에이피,아이즘(IZM),7000,0,7000,2022년도 전기자동차 양산시 모델별 보조금,2022,양산시
승합(대형),에스에이피,엘페(ELFE),7000,0,7000,2022년도 전기자동차 양산시 모델별 보조금,2022,양산시
승합(대형),에스에이피,리오네(LIONNE),7000,0,7000,2022년도 전기자동차 양산시 모델별 보조금,2022,양산시
승합(대형),GS글로벌,eBus-12(K9DC),7000,0,7000,2022년도 전기자동차 양산시 모델별 보조금,2022,양산시
승합(대형),GS글로벌,NEW BYD eBus-12,7000,0,7000,2022년도 전기자동차 양산시 모델별 보조금,2022,양산시
승합(대형),티에스에코에너지,일레누스,7000,0,7000,2022년도 전기자동차 양산시 모델별 보조금,2022,양산시
승합(대형),티에스에코에너지,일레누스(TS900),6251,0,6251,2022년도 전기자동차 양산시 모델별 보조금,2022,양산시
승합(대형),이온모터스,시티라이트Ⅱ,7000,0,7000,2022년도 전기자동차 양산시 모델별 보조금,2022,양산시
승합(대형),이온모터스,시티라이트9,7000,0,7000,2022년도 전기자동차 양산시 모델별 보조금,2022,양산시
승합(대형),한차,GREENWAY1100,6388,0,6388,2022년도 전기자동차 양산시 모델별 보조금,2022,양산시
승합(대형),이엠코리아,에픽시티(LFP),7000,0,7000,2022년도 전기자동차 양산시 모델별 보조금,2022,양산시
승합(대형),태영티엔티,GD11,5749,0,5749,2022년도 전기자동차 양산시 모델별 보조금,2022,양산시
승합(대형),재일홀딩스,그린타운400,6418,0,6418,2022년도 전기자동차 양산시 모델별 보조금,2022,양산시
모델별 지방비 자료가 없습니다.,모델별 지방비 자료가 없습니다.,모델별 지방비 자료가 없습니다.,모델별 지방비 자료가 없습니다.,모델별 지방비 자료가 없습니다.,모델별 지방비 자료가 없습니다.,2022년도 전기자동차 의령군 모델별 보조금,2022,의령군
승합(중형),현대자동차,카운티 일렉트릭(어린이운송용 30인승),4383,0,4383,2022년도 전기자동차 함안군 모델별 보조금,2022,함안군
승합(중형),현대자동차,(단종)카운티 일렉트릭(어린이운송용 33인승 V2),4391,0,4391,2022년도 전기자동차 함안군 모델별 보조금,2022,함안군
승합(중형),현대자동차,카운티 일렉트릭(어린이운송용 33인승),4391,0,4391,2022년도 전기자동차 함안군 모델별 보조금,2022,함안군
승합(중형),현대자동차,카운티 일렉트릭,4391,0,4391,2022년도 전기자동차 함안군 모델별 보조금,2022,함안군
승합(중형),현대자동차,카운티 일렉트릭(마을버스),5000,0,5000,2022년도 전기자동차 함안군 모델별 보조금,2022,함안군
승합(중형),우진산전,아폴로750,4780,0,4780,2022년도 전기자동차 함안군 모델별 보조금,2022,함안군
승합(중형),우진산전,아폴로750(15인승),5000,0,5000,2022년도 전기자동차 함안군 모델별 보조금,2022,함안군
승합(중형),우진산전,아폴로750전기버스,5000,0,5000,2022년도 전기자동차 함안군 모델별 보조금,2022,함안군
승합(중형),이비온,E6,2539,0,2539,2022년도 전기자동차 함안군 모델별 보조금,2022,함안군
승합(중형),이비온,"E6(JL618S), 어린이통학",3570,0,3570,2022년도 전기자동차 함안군 모델별 보조금,2022,함안군
승합(중형),GS글로벌,NEW BYD eBus-7,4357,0,4357,2022년도 전기자동차 함안군 모델별 보조금,2022,함안군
승합(중형),한신자동차,바네스,2821,0,2821,2022년도 전기자동차 함안군 모델별 보조금,2022,함안군
승합(중형),비바모빌리티,VBUS60,3789,0,3789,2022년도 전기자동차 함안군 모델별 보조금,2022,함안군
승합(중형),비바모빌리티,브이버스60i(어린이운송용),3791,0,3791,2022년도 전기자동차 함안군 모델별 보조금,2022,함안군
승합(중형),케이지모빌리티커머셜,SMART 8.7,5000,0,5000,2022년도 전기자동차 함안군 모델별 보조금,2022,함안군
승합(중형),한차,GREENWAY720,5000,0,5000,2022년도 전기자동차 함안군 모델별 보조금,2022,함안군
승합(대형),현대자동차,일렉시티 굴절버스,14693,0,14693,2022년도 전기자동차 함안군 모델별 보조금,2022,함안군
승합(대형),현대자동차,일렉시티 이층버스,12501,0,12501,2022년도 전기자동차 함안군 모델별 보조금,2022,함안군
승합(대형),현대자동차,일렉시티(3PACK),7000,0,7000,2022년도 전기자동차 함안군 모델별 보조금,2022,함안군
승합(대형),현대자동차,일렉시티(4PACK V1),7000,0,7000,2022년도 전기자동차 함안군 모델별 보조금,2022,함안군
승합(대형),현대자동차,일렉시티 타운,7000,0,7000,2022년도 전기자동차 함안군 모델별 보조금,2022,함안군
승합(대형),케이지모빌리티커머셜,이-스마트(57인승),5522,0,5522,2022년도 전기자동차 함안군 모델별 보조금,2022,함안군
승합(대형),케이지모빌리티커머셜,이-스마트(51인승),5510,0,5510,2022년도 전기자동차 함안군 모델별 보조금,2022,함안군
승합(대형),케이지모빌리티커머셜,SMART 9.3,7000,0,7000,2022년도 전기자동차 함안군 모델별 보조금,2022,함안군
승합(대형),케이지모빌리티커머셜,SMART 110(272kWh),7000,0,7000,2022년도 전기자동차 함안군 모델별 보조금,2022,함안군
승합(대형),케이지모빌리티커머셜,SMART 110E(347kWh),7000,0,7000,2022년도 전기자동차 함안군 모델별 보조금,2022,함안군
승합(대형),케이지모빌리티커머셜,SMART 110(260kWh),7000,0,7000,2022년도 전기자동차 함안군 모델별 보조금,2022,함안군
승합(대형),케이지모빌리티커머셜,SMART 110E(260kWh),7000,0,7000,2022년도 전기자동차 함안군 모델별 보조금,2022,함안군
승합(대형),우진산전,아폴로1100,6396,0,6396,2022년도 전기자동차 함안군 모델별 보조금,2022,함안군
승합(대형),우진산전,아폴로1100(258kWh),6746,0,6746,2022년도 전기자동차 함안군 모델별 보조금,2022,함안군
승합(대형),우진산전,아폴로1100(11CTLP),6133,0,6133,2022년도 전기자동차 함안군 모델별 보조금,2022,함안군
승합(대형),우진산전,아폴로900전기버스,4658,0,4658,2022년도 전기자동차 함안군 모델별 보조금,2022,함안군
승합(대형),우진산전,아폴로1100전기버스 22MY,7000,0,7000,2022년도 전기자동차 함안군 모델별 보조금,2022,함안군
승합(대형),피라인모터스,HYPERS(신형),5917,0,5917,2022년도 전기자동차 함안군 모델별 보조금,2022,함안군
승합(대형),피라인모터스,HYPERS(H),5778,0,5778,2022년도 전기자동차 함안군 모델별 보조금,2022,함안군
승합(대형),피라인모터스,HYPERS(11L),5021,0,5021,2022년도 전기자동차 함안군 모델별 보조금,2022,함안군
승합(대형),피라인모터스,HYPERS1611,6021,0,6021,2022년도 전기자동차 함안군 모델별 보조금,2022,함안군
승합(대형),피라인모터스,HYPERS1609,6068,0,6068,2022년도 전기자동차 함안군 모델별 보조금,2022,함안군
승합(대형),피라인모터스,HYPERS1612,5795,0,5795,2022년도 전기자동차 함안군 모델별 보조금,2022,함안군
승합(대형),피라인모터스,HYPERS1609H,6610,0,6610,2022년도 전기자동차 함안군 모델별 보조금,2022,함안군
승합(대형),피라인모터스,HYPERS1612N,7000,0,7000,2022년도 전기자동차 함안군 모델별 보조금,2022,함안군
승합(대형),피라인모터스,HYPERS1609N,7000,0,7000,2022년도 전기자동차 함안군 모델별 보조금,2022,함안군
승합(대형),피라인모터스,HYPERS1611N,6660,0,6660,2022년도 전기자동차 함안군 모델별 보조금,2022,함안군
승합(대형),비바모빌리티,(단종)브이버스90N,6430,0,6430,2022년도 전기자동차 함안군 모델별 보조금,2022,함안군
승합(대형),비바모빌리티,(단종)브이버스120,7000,0,7000,2022년도 전기자동차 함안군 모델별 보조금,2022,함안군
승합(대형),비바모빌리티,(단종)브이버스110-B,6839,0,6839,2022년도 전기자동차 함안군 모델별 보조금,2022,함안군
승합(대형),북경모터스,그린타운(850),4265,0,4265,2022년도 전기자동차 함안군 모델별 보조금,2022,함안군
승합(대형),북경모터스,그린타운플러스,6550,0,6550,2022년도 전기자동차 함안군 모델별 보조금,2022,함안군
승합(대형),범한자동차,E-SKY11(350kWh),7000,0,7000,2022년도 전기자동차 함안군 모델별 보조금,2022,함안군
승합(대형),범한자동차,E-SKY9(281kWh),7000,0,7000,2022년도 전기자동차 함안군 모델별 보조금,2022,함안군
승합(대형),범한자동차,E-STAR8 V1,6454,3383,9837,2022년도 전기자동차 함안군 모델별 보조금,2022,함안군
승합(대형),범한자동차,E-STAR11,7000,0,7000,2022년도 전기자동차 함안군 모델별 보조금,2022,함안군
승합(대형),범한자동차,E-STAR12i,7000,0,7000,2022년도 전기자동차 함안군 모델별 보조금,2022,함안군
승합(대형),에스에이피,아이즘(IZM),7000,0,7000,2022년도 전기자동차 함안군 모델별 보조금,2022,함안군
승합(대형),에스에이피,엘페(ELFE),7000,0,7000,2022년도 전기자동차 함안군 모델별 보조금,2022,함안군
승합(대형),에스에이피,리오네(LIONNE),7000,0,7000,2022년도 전기자동차 함안군 모델별 보조금,2022,함안군
승합(대형),GS글로벌,eBus-12(K9DC),7000,0,7000,2022년도 전기자동차 함안군 모델별 보조금,2022,함안군
승합(대형),GS글로벌,NEW BYD eBus-12,7000,0,7000,2022년도 전기자동차 함안군 모델별 보조금,2022,함안군
승합(대형),티에스에코에너지,일레누스,7000,0,7000,2022년도 전기자동차 함안군 모델별 보조금,2022,함안군
승합(대형),티에스에코에너지,일레누스(TS900),6251,0,6251,2022년도 전기자동차 함안군 모델별 보조금,2022,함안군
승합(대형),이온모터스,시티라이트,5815,0,5815,2022년도 전기자동차 함안군 모델별 보조금,2022,함안군
승합(대형),이온모터스,시티라이트Ⅱ,7000,0,7000,2022년도 전기자동차 함안군 모델별 보조금,2022,함안군
승합(대형),이온모터스,시티라이트9,7000,0,7000,2022년도 전기자동차 함안군 모델별 보조금,2022,함안군
승합(대형),한차,GREENWAY1100,6388,0,6388,2022년도 전기자동차 함안군 모델별 보조금,2022,함안군
승합(대형),한차,GREENWAY1100A,7000,0,7000,2022년도 전기자동차 함안군 모델별 보조금,2022,함안군
승합(대형),이엠코리아,에픽시티(LFP),7000,0,7000,2022년도 전기자동차 함안군 모델별 보조금,2022,함안군
승합(대형),태영티엔티,GD11,5749,0,5749,2022년도 전기자동차 함안군 모델별 보조금,2022,함안군
승합(대형),재일홀딩스,그린타운400,6418,0,6418,2022년도 전기자동차 함안군 모델별 보조금,2022,함안군
승합(중형),현대자동차,카운티 일렉트릭(어린이운송용 30인승),4383,0,4383,2022년도 전기자동차 창녕군 모델별 보조금,2022,창녕군
승합(중형),현대자동차,(단종)카운티 일렉트릭(어린이운송용 33인승 V2),4391,0,4391,2022년도 전기자동차 창녕군 모델별 보조금,2022,창녕군
승합(중형),현대자동차,카운티 일렉트릭(어린이운송용 33인승),4391,0,4391,2022년도 전기자동차 창녕군 모델별 보조금,2022,창녕군
승합(중형),현대자동차,카운티 일렉트릭,4391,0,4391,2022년도 전기자동차 창녕군 모델별 보조금,2022,창녕군
승합(중형),현대자동차,카운티 일렉트릭(마을버스),5000,0,5000,2022년도 전기자동차 창녕군 모델별 보조금,2022,창녕군
승합(중형),우진산전,아폴로750,4780,0,4780,2022년도 전기자동차 창녕군 모델별 보조금,2022,창녕군
승합(중형),우진산전,아폴로750(15인승),5000,0,5000,2022년도 전기자동차 창녕군 모델별 보조금,2022,창녕군
승합(중형),우진산전,아폴로750전기버스,5000,0,5000,2022년도 전기자동차 창녕군 모델별 보조금,2022,창녕군
승합(중형),이비온,E6,2539,0,2539,2022년도 전기자동차 창녕군 모델별 보조금,2022,창녕군
승합(중형),이비온,"E6(JL618S), 어린이통학",3570,0,3570,2022년도 전기자동차 창녕군 모델별 보조금,2022,창녕군
승합(중형),GS글로벌,NEW BYD eBus-7,4357,0,4357,2022년도 전기자동차 창녕군 모델별 보조금,2022,창녕군
승합(중형),한신자동차,바네스,2821,0,2821,2022년도 전기자동차 창녕군 모델별 보조금,2022,창녕군
승합(중형),비바모빌리티,VBUS60,3789,0,3789,2022년도 전기자동차 창녕군 모델별 보조금,2022,창녕군
승합(중형),비바모빌리티,브이버스60i(어린이운송용),3791,0,3791,2022년도 전기자동차 창녕군 모델별 보조금,2022,창녕군
승합(중형),케이지모빌리티커머셜,SMART 8.7,5000,0,5000,2022년도 전기자동차 창녕군 모델별 보조금,2022,창녕군
승합(중형),한차,GREENWAY720,5000,0,5000,2022년도 전기자동차 창녕군 모델별 보조금,2022,창녕군
승합(대형),현대자동차,일렉시티 굴절버스,14693,0,14693,2022년도 전기자동차 창녕군 모델별 보조금,2022,창녕군
승합(대형),현대자동차,일렉시티 이층버스,12501,0,12501,2022년도 전기자동차 창녕군 모델별 보조금,2022,창녕군
승합(대형),현대자동차,일렉시티(3PACK),7000,0,7000,2022년도 전기자동차 창녕군 모델별 보조금,2022,창녕군
승합(대형),현대자동차,일렉시티(4PACK V1),7000,0,7000,2022년도 전기자동차 창녕군 모델별 보조금,2022,창녕군
승합(대형),케이지모빌리티커머셜,이-스마트(57인승),5522,0,5522,2022년도 전기자동차 창녕군 모델별 보조금,2022,창녕군
승합(대형),케이지모빌리티커머셜,이-스마트(51인승),5510,0,5510,2022년도 전기자동차 창녕군 모델별 보조금,2022,창녕군
승합(대형),케이지모빌리티커머셜,SMART 9.3,7000,0,7000,2022년도 전기자동차 창녕군 모델별 보조금,2022,창녕군
승합(대형),케이지모빌리티커머셜,SMART 110(272kWh),7000,0,7000,2022년도 전기자동차 창녕군 모델별 보조금,2022,창녕군
승합(대형),케이지모빌리티커머셜,SMART 110E(347kWh),7000,0,7000,2022년도 전기자동차 창녕군 모델별 보조금,2022,창녕군
승합(대형),케이지모빌리티커머셜,SMART 110(260kWh),7000,0,7000,2022년도 전기자동차 창녕군 모델별 보조금,2022,창녕군
승합(대형),케이지모빌리티커머셜,SMART 110E(260kWh),7000,0,7000,2022년도 전기자동차 창녕군 모델별 보조금,2022,창녕군
승합(대형),우진산전,아폴로1100,6396,0,6396,2022년도 전기자동차 창녕군 모델별 보조금,2022,창녕군
승합(대형),우진산전,아폴로1100(258kWh),6746,0,6746,2022년도 전기자동차 창녕군 모델별 보조금,2022,창녕군
승합(대형),우진산전,아폴로1100(11CTLP),6133,0,6133,2022년도 전기자동차 창녕군 모델별 보조금,2022,창녕군
승합(대형),우진산전,아폴로900전기버스,4658,0,4658,2022년도 전기자동차 창녕군 모델별 보조금,2022,창녕군
승합(대형),우진산전,아폴로1100전기버스 22MY,7000,0,7000,2022년도 전기자동차 창녕군 모델별 보조금,2022,창녕군
승합(대형),피라인모터스,HYPERS(신형),5917,0,5917,2022년도 전기자동차 창녕군 모델별 보조금,2022,창녕군
승합(대형),피라인모터스,HYPERS(H),5778,0,5778,2022년도 전기자동차 창녕군 모델별 보조금,2022,창녕군
승합(대형),피라인모터스,HYPERS(11L),5021,0,5021,2022년도 전기자동차 창녕군 모델별 보조금,2022,창녕군
승합(대형),피라인모터스,HYPERS1611,6021,0,6021,2022년도 전기자동차 창녕군 모델별 보조금,2022,창녕군
승합(대형),피라인모터스,HYPERS1609,6068,0,6068,2022년도 전기자동차 창녕군 모델별 보조금,2022,창녕군
승합(대형),피라인모터스,HYPERS1612,5795,0,5795,2022년도 전기자동차 창녕군 모델별 보조금,2022,창녕군
승합(대형),피라인모터스,HYPERS1609H,6610,0,6610,2022년도 전기자동차 창녕군 모델별 보조금,2022,창녕군
승합(대형),비바모빌리티,(단종)브이버스90N,6430,0,6430,2022년도 전기자동차 창녕군 모델별 보조금,2022,창녕군
승합(대형),비바모빌리티,(단종)브이버스110-B,6839,0,6839,2022년도 전기자동차 창녕군 모델별 보조금,2022,창녕군
승합(대형),북경모터스,그린타운(850),4265,0,4265,2022년도 전기자동차 창녕군 모델별 보조금,2022,창녕군
승합(대형),북경모터스,그린타운플러스,6550,0,6550,2022년도 전기자동차 창녕군 모델별 보조금,2022,창녕군
승합(대형),범한자동차,E-SKY11(350kWh),7000,0,7000,2022년도 전기자동차 창녕군 모델별 보조금,2022,창녕군
승합(대형),범한자동차,E-SKY9(281kWh),7000,0,7000,2022년도 전기자동차 창녕군 모델별 보조금,2022,창녕군
승합(대형),범한자동차,E-STAR8 V1,6454,0,6454,2022년도 전기자동차 창녕군 모델별 보조금,2022,창녕군
승합(대형),범한자동차,E-STAR11,7000,0,7000,2022년도 전기자동차 창녕군 모델별 보조금,2022,창녕군
승합(대형),에스에이피,아이즘(IZM),7000,0,7000,2022년도 전기자동차 창녕군 모델별 보조금,2022,창녕군
승합(대형),에스에이피,엘페(ELFE),7000,0,7000,2022년도 전기자동차 창녕군 모델별 보조금,2022,창녕군
승합(대형),에스에이피,리오네(LIONNE),7000,0,7000,2022년도 전기자동차 창녕군 모델별 보조금,2022,창녕군
승합(대형),GS글로벌,eBus-12(K9DC),7000,0,7000,2022년도 전기자동차 창녕군 모델별 보조금,2022,창녕군
승합(대형),GS글로벌,NEW BYD eBus-12,7000,0,7000,2022년도 전기자동차 창녕군 모델별 보조금,2022,창녕군
승합(대형),티에스에코에너지,일레누스,7000,0,7000,2022년도 전기자동차 창녕군 모델별 보조금,2022,창녕군
승합(대형),티에스에코에너지,일레누스(TS900),6251,7585,13836,2022년도 전기자동차 창녕군 모델별 보조금,2022,창녕군
승합(대형),이온모터스,시티라이트Ⅱ,7000,0,7000,2022년도 전기자동차 창녕군 모델별 보조금,2022,창녕군
승합(대형),이온모터스,시티라이트9,7000,0,7000,2022년도 전기자동차 창녕군 모델별 보조금,2022,창녕군
승합(대형),한차,GREENWAY1100,6388,0,6388,2022년도 전기자동차 창녕군 모델별 보조금,2022,창녕군
승합(대형),이엠코리아,에픽시티(LFP),7000,0,7000,2022년도 전기자동차 창녕군 모델별 보조금,2022,창녕군
승합(대형),태영티엔티,GD11,5749,0,5749,2022년도 전기자동차 창녕군 모델별 보조금,2022,창녕군
승합(대형),재일홀딩스,그린타운400,6418,0,6418,2022년도 전기자동차 창녕군 모델별 보조금,2022,창녕군
모델별 지방비 자료가 없습니다.,모델별 지방비 자료가 없습니다.,모델별 지방비 자료가 없습니다.,모델별 지방비 자료가 없습니다.,모델별 지방비 자료가 없습니다.,모델별 지방비 자료가 없습니다.,2022년도 전기자동차 고성군 모델별 보조금,2022,고성군
모델별 지방비 자료가 없습니다.,모델별 지방비 자료가 없습니다.,모델별 지방비 자료가 없습니다.,모델별 지방비 자료가 없습니다.,모델별 지방비 자료가 없습니다.,모델별 지방비 자료가 없습니다.,2022년도 전기자동차 남해군 모델별 보조금,2022,남해군
모델별 지방비 자료가 없습니다.,모델별 지방비 자료가 없습니다.,모델별 지방비 자료가 없습니다.,모델별 지방비 자료가 없습니다.,모델별 지방비 자료가 없습니다.,모델별 지방비 자료가 없습니다.,2022년도 전기자동차 하동군 모델별 보조금,2022,하동군
모델별 지방비 자료가 없습니다.,모델별 지방비 자료가 없습니다.,모델별 지방비 자료가 없습니다.,모델별 지방비 자료가 없습니다.,모델별 지방비 자료가 없습니다.,모델별 지방비 자료가 없습니다.,2022년도 전기자동차 산청군 모델별 보조금,2022,산청군
모델별 지방비 자료가 없습니다.,모델별 지방비 자료가 없습니다.,모델별 지방비 자료가 없습니다.,모델별 지방비 자료가 없습니다.,모델별 지방비 자료가 없습니다.,모델별 지방비 자료가 없습니다.,2022년도 전기자동차 함양군 모델별 보조금,2022,함양군
모델별 지방비 자료가 없습니다.,모델별 지방비 자료가 없습니다.,모델별 지방비 자료가 없습니다.,모델별 지방비 자료가 없습니다.,모델별 지방비 자료가 없습니다.,모델별 지방비 자료가 없습니다.,2022년도 전기자동차 거창군 모델별 보조금,2022,거창군
모델별 지방비 자료가 없습니다.,모델별 지방비 자료가 없습니다.,모델별 지방비 자료가 없습니다.,모델별 지방비 자료가 없습니다.,모델별 지방비 자료가 없습니다.,모델별 지방비 자료가 없습니다.,2022년도 전기자동차 합천군 모델별 보조금,2022,합천군
승합(중형),현대자동차,카운티 일렉트릭(어린이운송용 30인승),4383,2629,7012,2022년도 전기자동차 제주특별자치도 모델별 보조금,2022,제주특별자치도
승합(중형),현대자동차,(단종)카운티 일렉트릭(어린이운송용 33인승 V2),4391,2634,7025,2022년도 전기자동차 제주특별자치도 모델별 보조금,2022,제주특별자치도
승합(중형),현대자동차,카운티 일렉트릭(어린이운송용 33인승),4391,2634,7025,2022년도 전기자동차 제주특별자치도 모델별 보조금,2022,제주특별자치도
승합(중형),현대자동차,카운티 일렉트릭,4391,2634,7025,2022년도 전기자동차 제주특별자치도 모델별 보조금,2022,제주특별자치도
승합(중형),현대자동차,카운티 일렉트릭(마을버스),5000,3000,8000,2022년도 전기자동차 제주특별자치도 모델별 보조금,2022,제주특별자치도
승합(중형),우진산전,아폴로750,4780,2868,7648,2022년도 전기자동차 제주특별자치도 모델별 보조금,2022,제주특별자치도
승합(중형),우진산전,아폴로750(15인승),5000,3000,8000,2022년도 전기자동차 제주특별자치도 모델별 보조금,2022,제주특별자치도
승합(중형),우진산전,아폴로750전기버스,5000,3000,8000,2022년도 전기자동차 제주특별자치도 모델별 보조금,2022,제주특별자치도
승합(중형),이비온,E6,2539,1523,4062,2022년도 전기자동차 제주특별자치도 모델별 보조금,2022,제주특별자치도
승합(중형),이비온,"E6(JL618S), 어린이통학",3570,2142,5712,2022년도 전기자동차 제주특별자치도 모델별 보조금,2022,제주특별자치도
승합(중형),GS글로벌,NEW BYD eBus-7,4357,2614,6971,2022년도 전기자동차 제주특별자치도 모델별 보조금,2022,제주특별자치도
승합(중형),한신자동차,바네스,2821,1692,4513,2022년도 전기자동차 제주특별자치도 모델별 보조금,2022,제주특별자치도
승합(중형),비바모빌리티,VBUS60,3789,2273,6062,2022년도 전기자동차 제주특별자치도 모델별 보조금,2022,제주특별자치도
승합(중형),비바모빌리티,브이버스60i(어린이운송용),3791,2274,6065,2022년도 전기자동차 제주특별자치도 모델별 보조금,2022,제주특별자치도
승합(중형),케이지모빌리티커머셜,SMART 8.7,5000,3000,8000,2022년도 전기자동차 제주특별자치도 모델별 보조금,2022,제주특별자치도
승합(중형),한차,GREENWAY720,5000,3000,8000,2022년도 전기자동차 제주특별자치도 모델별 보조금,2022,제주특별자치도
승합(대형),현대자동차,일렉시티 굴절버스,14693,8815,23508,2022년도 전기자동차 제주특별자치도 모델별 보조금,2022,제주특별자치도
승합(대형),현대자동차,일렉시티 이층버스,12501,7500,20001,2022년도 전기자동차 제주특별자치도 모델별 보조금,2022,제주특별자치도
승합(대형),현대자동차,일렉시티(3PACK),7000,4200,11200,2022년도 전기자동차 제주특별자치도 모델별 보조금,2022,제주특별자치도
승합(대형),현대자동차,일렉시티(4PACK V1),7000,4200,11200,2022년도 전기자동차 제주특별자치도 모델별 보조금,2022,제주특별자치도
승합(대형),케이지모빌리티커머셜,이-스마트(57인승),5522,3313,8835,2022년도 전기자동차 제주특별자치도 모델별 보조금,2022,제주특별자치도
승합(대형),케이지모빌리티커머셜,이-스마트(51인승),5510,3306,8816,2022년도 전기자동차 제주특별자치도 모델별 보조금,2022,제주특별자치도
승합(대형),케이지모빌리티커머셜,SMART 9.3,7000,4200,11200,2022년도 전기자동차 제주특별자치도 모델별 보조금,2022,제주특별자치도
승합(대형),케이지모빌리티커머셜,SMART 110(272kWh),7000,4200,11200,2022년도 전기자동차 제주특별자치도 모델별 보조금,2022,제주특별자치도
승합(대형),케이지모빌리티커머셜,SMART 110E(347kWh),7000,4200,11200,2022년도 전기자동차 제주특별자치도 모델별 보조금,2022,제주특별자치도
승합(대형),케이지모빌리티커머셜,SMART 110(260kWh),7000,4200,11200,2022년도 전기자동차 제주특별자치도 모델별 보조금,2022,제주특별자치도
승합(대형),우진산전,아폴로1100,6396,3837,10233,2022년도 전기자동차 제주특별자치도 모델별 보조금,2022,제주특별자치도
승합(대형),우진산전,아폴로1100(258kWh),6746,4047,10793,2022년도 전기자동차 제주특별자치도 모델별 보조금,2022,제주특별자치도
승합(대형),우진산전,아폴로1100(11CTLP),6133,3679,9812,2022년도 전기자동차 제주특별자치도 모델별 보조금,2022,제주특별자치도
승합(대형),우진산전,아폴로1100전기버스 22MY,7000,0,7000,2022년도 전기자동차 제주특별자치도 모델별 보조금,2022,제주특별자치도
승합(대형),피라인모터스,HYPERS(신형),5917,3550,9467,2022년도 전기자동차 제주특별자치도 모델별 보조금,2022,제주특별자치도
승합(대형),피라인모터스,HYPERS(H),5778,3466,9244,2022년도 전기자동차 제주특별자치도 모델별 보조금,2022,제주특별자치도
승합(대형),피라인모터스,HYPERS(11L),5021,3012,8033,2022년도 전기자동차 제주특별자치도 모델별 보조금,2022,제주특별자치도
승합(대형),피라인모터스,HYPERS1611,6021,3612,9633,2022년도 전기자동차 제주특별자치도 모델별 보조금,2022,제주특별자치도
승합(대형),피라인모터스,HYPERS1609,6068,3640,9708,2022년도 전기자동차 제주특별자치도 모델별 보조금,2022,제주특별자치도
승합(대형),피라인모터스,HYPERS1612,5795,3477,9272,2022년도 전기자동차 제주특별자치도 모델별 보조금,2022,제주특별자치도
승합(대형),피라인모터스,HYPERS1609H,6610,3966,10576,2022년도 전기자동차 제주특별자치도 모델별 보조금,2022,제주특별자치도
승합(대형),비바모빌리티,(단종)브이버스90N,6430,3858,10288,2022년도 전기자동차 제주특별자치도 모델별 보조금,2022,제주특별자치도
승합(대형),비바모빌리티,(단종)브이버스110-B,6839,4103,10942,2022년도 전기자동차 제주특별자치도 모델별 보조금,2022,제주특별자치도
승합(대형),북경모터스,그린타운(850),4265,2344,6609,2022년도 전기자동차 제주특별자치도 모델별 보조금,2022,제주특별자치도
승합(대형),북경모터스,그린타운플러스,6550,3662,10212,2022년도 전기자동차 제주특별자치도 모델별 보조금,2022,제주특별자치도
승합(대형),에스에이피,엘페(ELFE),7000,4200,11200,2022년도 전기자동차 제주특별자치도 모델별 보조금,2022,제주특별자치도
승합(대형),GS글로벌,eBus-12(K9DC),7000,4200,11200,2022년도 전기자동차 제주특별자치도 모델별 보조금,2022,제주특별자치도
승합(대형),GS글로벌,NEW BYD eBus-12,7000,4200,11200,2022년도 전기자동차 제주특별자치도 모델별 보조금,2022,제주특별자치도
승합(대형),티에스에코에너지,일레누스,7000,4200,11200,2022년도 전기자동차 제주특별자치도 모델별 보조금,2022,제주특별자치도
승합(대형),이온모터스,시티라이트Ⅱ,7000,4200,11200,2022년도 전기자동차 제주특별자치도 모델별 보조금,2022,제주특별자치도
승합(대형),이온모터스,시티라이트9,7000,4200,11200,2022년도 전기자동차 제주특별자치도 모델별 보조금,2022,제주특별자치도
승합(대형),한차,GREENWAY1100,6388,3832,10220,2022년도 전기자동차 제주특별자치도 모델별 보조금,2022,제주특별자치도
승합(대형),이엠코리아,에픽시티(LFP),7000,4200,11200,2022년도 전기자동차 제주특별자치도 모델별 보조금,2022,제주특별자치도
승합(대형),태영티엔티,GD11,5749,3449,9198,2022년도 전기자동차 제주특별자치도 모델별 보조금,2022,제주특별자치도
승합(중형),현대자동차,카운티 일렉트릭(어린이운송용 30인승),4383,4383,8766,2022년도 전기자동차 서울특별시 모델별 보조금,2022,서울특별시
승합(중형),현대자동차,(단종)카운티 일렉트릭(어린이운송용 33인승 V2),4391,4391,8782,2022년도 전기자동차 서울특별시 모델별 보조금,2022,서울특별시
승합(중형),현대자동차,카운티 일렉트릭(어린이운송용 33인승),4391,4391,8782,2022년도 전기자동차 서울특별시 모델별 보조금,2022,서울특별시
승합(중형),현대자동차,카운티 일렉트릭,4391,4391,8782,2022년도 전기자동차 서울특별시 모델별 보조금,2022,서울특별시
승합(중형),현대자동차,카운티 일렉트릭(마을버스),5000,5000,10000,2022년도 전기자동차 서울특별시 모델별 보조금,2022,서울특별시
승합(중형),우진산전,아폴로750,4780,4780,9560,2022년도 전기자동차 서울특별시 모델별 보조금,2022,서울특별시
승합(중형),우진산전,아폴로750(15인승),5000,5000,10000,2022년도 전기자동차 서울특별시 모델별 보조금,2022,서울특별시
승합(중형),우진산전,아폴로750전기버스,5000,5000,10000,2022년도 전기자동차 서울특별시 모델별 보조금,2022,서울특별시
승합(중형),이비온,E6,2539,2539,5078,2022년도 전기자동차 서울특별시 모델별 보조금,2022,서울특별시
승합(중형),이비온,"E6(JL618S), 어린이통학",3570,3570,7140,2022년도 전기자동차 서울특별시 모델별 보조금,2022,서울특별시
승합(중형),GS글로벌,NEW BYD eBus-7,4357,4357,8714,2022년도 전기자동차 서울특별시 모델별 보조금,2022,서울특별시
승합(중형),한신자동차,바네스,2821,2821,5642,2022년도 전기자동차 서울특별시 모델별 보조금,2022,서울특별시
승합(중형),비바모빌리티,VBUS60,3789,3789,7578,2022년도 전기자동차 서울특별시 모델별 보조금,2022,서울특별시
승합(중형),비바모빌리티,브이버스60i(어린이운송용),3791,3791,7582,2022년도 전기자동차 서울특별시 모델별 보조금,2022,서울특별시
승합(중형),케이지모빌리티커머셜,SMART 8.7,5000,5000,10000,2022년도 전기자동차 서울특별시 모델별 보조금,2022,서울특별시
승합(중형),한차,GREENWAY720,5000,5000,10000,2022년도 전기자동차 서울특별시 모델별 보조금,2022,서울특별시
승합(대형),현대자동차,일렉시티 굴절버스,14693,14693,29386,2022년도 전기자동차 서울특별시 모델별 보조금,2022,서울특별시
승합(대형),현대자동차,일렉시티 이층버스,12501,12501,25002,2022년도 전기자동차 서울특별시 모델별 보조금,2022,서울특별시
승합(대형),현대자동차,일렉시티(3PACK),7000,7000,14000,2022년도 전기자동차 서울특별시 모델별 보조금,2022,서울특별시
승합(대형),현대자동차,일렉시티(4PACK V1),7000,7000,14000,2022년도 전기자동차 서울특별시 모델별 보조금,2022,서울특별시
승합(대형),현대자동차,일렉시티 타운,7000,7000,14000,2022년도 전기자동차 서울특별시 모델별 보조금,2022,서울특별시
승합(대형),케이지모빌리티커머셜,이-스마트(57인승),5522,5522,11044,2022년도 전기자동차 서울특별시 모델별 보조금,2022,서울특별시
승합(대형),케이지모빌리티커머셜,이-스마트(51인승),5510,5510,11020,2022년도 전기자동차 서울특별시 모델별 보조금,2022,서울특별시
승합(대형),케이지모빌리티커머셜,SMART 9.3,7000,7000,14000,2022년도 전기자동차 서울특별시 모델별 보조금,2022,서울특별시
승합(대형),케이지모빌리티커머셜,SMART 110(272kWh),7000,7000,14000,2022년도 전기자동차 서울특별시 모델별 보조금,2022,서울특별시
승합(대형),케이지모빌리티커머셜,SMART 110E(347kWh),7000,7000,14000,2022년도 전기자동차 서울특별시 모델별 보조금,2022,서울특별시
승합(대형),케이지모빌리티커머셜,SMART 110(260kWh),7000,7000,14000,2022년도 전기자동차 서울특별시 모델별 보조금,2022,서울특별시
승합(대형),케이지모빌리티커머셜,SMART 110E(260kWh),7000,7000,14000,2022년도 전기자동차 서울특별시 모델별 보조금,2022,서울특별시
승합(대형),우진산전,아폴로1100,6396,6396,12792,2022년도 전기자동차 서울특별시 모델별 보조금,2022,서울특별시
승합(대형),우진산전,아폴로1100(258kWh),6746,6746,13492,2022년도 전기자동차 서울특별시 모델별 보조금,2022,서울특별시
승합(대형),우진산전,아폴로1100(11CTLP),6133,6133,12266,2022년도 전기자동차 서울특별시 모델별 보조금,2022,서울특별시
승합(대형),우진산전,아폴로900전기버스,4658,4658,9316,2022년도 전기자동차 서울특별시 모델별 보조금,2022,서울특별시
승합(대형),우진산전,아폴로1100전기버스 22MY,7000,7000,14000,2022년도 전기자동차 서울특별시 모델별 보조금,2022,서울특별시
승합(대형),피라인모터스,HYPERS(신형),5917,5917,11834,2022년도 전기자동차 서울특별시 모델별 보조금,2022,서울특별시
승합(대형),피라인모터스,HYPERS(H),5778,5778,11556,2022년도 전기자동차 서울특별시 모델별 보조금,2022,서울특별시
승합(대형),피라인모터스,HYPERS(11L),5021,5021,10042,2022년도 전기자동차 서울특별시 모델별 보조금,2022,서울특별시
승합(대형),피라인모터스,HYPERS1611,6021,6021,12042,2022년도 전기자동차 서울특별시 모델별 보조금,2022,서울특별시
승합(대형),피라인모터스,HYPERS1609,6068,6068,12136,2022년도 전기자동차 서울특별시 모델별 보조금,2022,서울특별시
승합(대형),피라인모터스,HYPERS1612,5795,5795,11590,2022년도 전기자동차 서울특별시 모델별 보조금,2022,서울특별시
승합(대형),피라인모터스,HYPERS1609H,6610,6610,13220,2022년도 전기자동차 서울특별시 모델별 보조금,2022,서울특별시
승합(대형),피라인모터스,HYPERS1612N,7000,7000,14000,2022년도 전기자동차 서울특별시 모델별 보조금,2022,서울특별시
승합(대형),피라인모터스,HYPERS1609N,7000,7000,14000,2022년도 전기자동차 서울특별시 모델별 보조금,2022,서울특별시
승합(대형),피라인모터스,HYPERS1611N,6660,6660,13320,2022년도 전기자동차 서울특별시 모델별 보조금,2022,서울특별시
승합(대형),비바모빌리티,(단종)브이버스90N,6430,6430,12860,2022년도 전기자동차 서울특별시 모델별 보조금,2022,서울특별시
승합(대형),비바모빌리티,(단종)브이버스120,7000,7000,14000,2022년도 전기자동차 서울특별시 모델별 보조금,2022,서울특별시
승합(대형),비바모빌리티,(단종)브이버스110-B,6839,6839,13678,2022년도 전기자동차 서울특별시 모델별 보조금,2022,서울특별시
승합(대형),북경모터스,그린타운(850),4265,3108,7373,2022년도 전기자동차 서울특별시 모델별 보조금,2022,서울특별시
승합(대형),북경모터스,그린타운플러스,6550,4600,11150,2022년도 전기자동차 서울특별시 모델별 보조금,2022,서울특별시
승합(대형),범한자동차,E-SKY11(350kWh),7000,7000,14000,2022년도 전기자동차 서울특별시 모델별 보조금,2022,서울특별시
승합(대형),범한자동차,E-SKY9(281kWh),7000,7000,14000,2022년도 전기자동차 서울특별시 모델별 보조금,2022,서울특별시
승합(대형),범한자동차,E-STAR8 V1,6454,6454,12908,2022년도 전기자동차 서울특별시 모델별 보조금,2022,서울특별시
승합(대형),범한자동차,E-STAR11,7000,7000,14000,2022년도 전기자동차 서울특별시 모델별 보조금,2022,서울특별시
승합(대형),에스에이피,아이즘(IZM),7000,7000,14000,2022년도 전기자동차 서울특별시 모델별 보조금,2022,서울특별시
승합(대형),에스에이피,엘페(ELFE),7000,6027,13027,2022년도 전기자동차 서울특별시 모델별 보조금,2022,서울특별시
승합(대형),에스에이피,리오네(LIONNE),7000,7000,14000,2022년도 전기자동차 서울특별시 모델별 보조금,2022,서울특별시
승합(대형),GS글로벌,eBus-12(K9DC),7000,6880,13880,2022년도 전기자동차 서울특별시 모델별 보조금,2022,서울특별시
승합(대형),GS글로벌,NEW BYD eBus-12,7000,7000,14000,2022년도 전기자동차 서울특별시 모델별 보조금,2022,서울특별시
승합(대형),티에스에코에너지,일레누스,7000,6880,13880,2022년도 전기자동차 서울특별시 모델별 보조금,2022,서울특별시
승합(대형),티에스에코에너지,일레누스(TS900),6251,6251,12502,2022년도 전기자동차 서울특별시 모델별 보조금,2022,서울특별시
승합(대형),이온모터스,시티라이트,5815,5815,11630,2022년도 전기자동차 서울특별시 모델별 보조금,2022,서울특별시
승합(대형),이온모터스,시티라이트Ⅱ,7000,7000,14000,2022년도 전기자동차 서울특별시 모델별 보조금,2022,서울특별시
승합(대형),이온모터스,시티라이트9,7000,7000,14000,2022년도 전기자동차 서울특별시 모델별 보조금,2022,서울특별시
승합(대형),한차,GREENWAY1100,6388,6388,12776,2022년도 전기자동차 서울특별시 모델별 보조금,2022,서울특별시
승합(대형),한차,GREENWAY1100A,7000,7000,14000,2022년도 전기자동차 서울특별시 모델별 보조금,2022,서울특별시
승합(대형),이엠코리아,에픽시티(LFP),7000,7000,14000,2022년도 전기자동차 서울특별시 모델별 보조금,2022,서울특별시
승합(대형),태영티엔티,GD11,5749,5749,11498,2022년도 전기자동차 서울특별시 모델별 보조금,2022,서울특별시
승합(대형),재일홀딩스,그린타운400,6418,4874,11292,2022년도 전기자동차 서울특별시 모델별 보조금,2022,서울특별시
승합(중형),현대자동차,카운티 일렉트릭(어린이운송용 30인승),4383,1000,5383,2022년도 전기자동차 울진군 모델별 보조금,2022,울진군
승합(중형),현대자동차,(단종)카운티 일렉트릭(어린이운송용 33인승 V2),4391,1000,5391,2022년도 전기자동차 울진군 모델별 보조금,2022,울진군
승합(중형),현대자동차,카운티 일렉트릭(어린이운송용 33인승),4391,1000,5391,2022년도 전기자동차 울진군 모델별 보조금,2022,울진군
승합(중형),현대자동차,카운티 일렉트릭,4391,1000,5391,2022년도 전기자동차 울진군 모델별 보조금,2022,울진군
승합(중형),현대자동차,카운티 일렉트릭(마을버스),5000,1000,6000,2022년도 전기자동차 울진군 모델별 보조금,2022,울진군
승합(중형),우진산전,아폴로750,4780,1000,5780,2022년도 전기자동차 울진군 모델별 보조금,2022,울진군
승합(중형),우진산전,아폴로750(15인승),5000,1000,6000,2022년도 전기자동차 울진군 모델별 보조금,2022,울진군
승합(중형),우진산전,아폴로750전기버스,5000,1000,6000,2022년도 전기자동차 울진군 모델별 보조금,2022,울진군
승합(중형),이비온,E6,2539,1000,3539,2022년도 전기자동차 울진군 모델별 보조금,2022,울진군
승합(중형),이비온,"E6(JL618S), 어린이통학",3570,1000,4570,2022년도 전기자동차 울진군 모델별 보조금,2022,울진군
승합(중형),GS글로벌,NEW BYD eBus-7,4357,1000,5357,2022년도 전기자동차 울진군 모델별 보조금,2022,울진군
승합(중형),한신자동차,바네스,2821,1000,3821,2022년도 전기자동차 울진군 모델별 보조금,2022,울진군
승합(중형),비바모빌리티,VBUS60,3789,1000,4789,2022년도 전기자동차 울진군 모델별 보조금,2022,울진군
승합(중형),비바모빌리티,브이버스60i(어린이운송용),3791,1000,4791,2022년도 전기자동차 울진군 모델별 보조금,2022,울진군
승합(중형),케이지모빌리티커머셜,SMART 8.7,5000,1000,6000,2022년도 전기자동차 울진군 모델별 보조금,2022,울진군
승합(중형),한차,GREENWAY720,5000,1000,6000,2022년도 전기자동차 울진군 모델별 보조금,2022,울진군
승합(대형),현대자동차,일렉시티 굴절버스,14693,1400,16093,2022년도 전기자동차 울진군 모델별 보조금,2022,울진군
승합(대형),현대자동차,일렉시티 이층버스,12501,1400,13901,2022년도 전기자동차 울진군 모델별 보조금,2022,울진군
승합(대형),현대자동차,일렉시티(3PACK),7000,1400,8400,2022년도 전기자동차 울진군 모델별 보조금,2022,울진군
승합(대형),현대자동차,일렉시티(4PACK V1),7000,1400,8400,2022년도 전기자동차 울진군 모델별 보조금,2022,울진군
승합(대형),케이지모빌리티커머셜,이-스마트(57인승),5522,1400,6922,2022년도 전기자동차 울진군 모델별 보조금,2022,울진군
승합(대형),케이지모빌리티커머셜,이-스마트(51인승),5510,1400,6910,2022년도 전기자동차 울진군 모델별 보조금,2022,울진군
승합(대형),케이지모빌리티커머셜,SMART 9.3,7000,1400,8400,2022년도 전기자동차 울진군 모델별 보조금,2022,울진군
승합(대형),케이지모빌리티커머셜,SMART 110(272kWh),7000,1400,8400,2022년도 전기자동차 울진군 모델별 보조금,2022,울진군
승합(대형),케이지모빌리티커머셜,SMART 110E(347kWh),7000,1400,8400,2022년도 전기자동차 울진군 모델별 보조금,2022,울진군
승합(대형),케이지모빌리티커머셜,SMART 110(260kWh),7000,1400,8400,2022년도 전기자동차 울진군 모델별 보조금,2022,울진군
승합(대형),케이지모빌리티커머셜,SMART 110E(260kWh),7000,1400,8400,2022년도 전기자동차 울진군 모델별 보조금,2022,울진군
승합(대형),우진산전,아폴로1100,6396,1400,7796,2022년도 전기자동차 울진군 모델별 보조금,2022,울진군
승합(대형),우진산전,아폴로1100(258kWh),6746,1400,8146,2022년도 전기자동차 울진군 모델별 보조금,2022,울진군
승합(대형),우진산전,아폴로1100(11CTLP),6133,1400,7533,2022년도 전기자동차 울진군 모델별 보조금,2022,울진군
승합(대형),우진산전,아폴로900전기버스,4658,1400,6058,2022년도 전기자동차 울진군 모델별 보조금,2022,울진군
승합(대형),우진산전,아폴로1100전기버스 22MY,7000,1400,8400,2022년도 전기자동차 울진군 모델별 보조금,2022,울진군
승합(대형),피라인모터스,HYPERS(신형),5917,1400,7317,2022년도 전기자동차 울진군 모델별 보조금,2022,울진군
승합(대형),피라인모터스,HYPERS(H),5778,1400,7178,2022년도 전기자동차 울진군 모델별 보조금,2022,울진군
승합(대형),피라인모터스,HYPERS(11L),5021,1400,6421,2022년도 전기자동차 울진군 모델별 보조금,2022,울진군
승합(대형),피라인모터스,HYPERS1611,6021,1400,7421,2022년도 전기자동차 울진군 모델별 보조금,2022,울진군
승합(대형),피라인모터스,HYPERS1609,6068,1400,7468,2022년도 전기자동차 울진군 모델별 보조금,2022,울진군
승합(대형),피라인모터스,HYPERS1612,5795,1400,7195,2022년도 전기자동차 울진군 모델별 보조금,2022,울진군
승합(대형),피라인모터스,HYPERS1609H,6610,1400,8010,2022년도 전기자동차 울진군 모델별 보조금,2022,울진군
승합(대형),비바모빌리티,(단종)브이버스90N,6430,1400,7830,2022년도 전기자동차 울진군 모델별 보조금,2022,울진군
승합(대형),비바모빌리티,(단종)브이버스110-B,6839,1400,8239,2022년도 전기자동차 울진군 모델별 보조금,2022,울진군
승합(대형),북경모터스,그린타운(850),4265,1400,5665,2022년도 전기자동차 울진군 모델별 보조금,2022,울진군
승합(대형),북경모터스,그린타운플러스,6550,1400,7950,2022년도 전기자동차 울진군 모델별 보조금,2022,울진군
승합(대형),범한자동차,E-SKY11(350kWh),7000,1400,8400,2022년도 전기자동차 울진군 모델별 보조금,2022,울진군
승합(대형),범한자동차,E-SKY9(281kWh),7000,1400,8400,2022년도 전기자동차 울진군 모델별 보조금,2022,울진군
승합(대형),범한자동차,E-STAR8 V1,6454,1400,7854,2022년도 전기자동차 울진군 모델별 보조금,2022,울진군
승합(대형),범한자동차,E-STAR11,7000,1400,8400,2022년도 전기자동차 울진군 모델별 보조금,2022,울진군
승합(대형),에스에이피,아이즘(IZM),7000,1400,8400,2022년도 전기자동차 울진군 모델별 보조금,2022,울진군
승합(대형),에스에이피,엘페(ELFE),7000,1400,8400,2022년도 전기자동차 울진군 모델별 보조금,2022,울진군
승합(대형),에스에이피,리오네(LIONNE),7000,1400,8400,2022년도 전기자동차 울진군 모델별 보조금,2022,울진군
승합(대형),GS글로벌,eBus-12(K9DC),7000,1400,8400,2022년도 전기자동차 울진군 모델별 보조금,2022,울진군
승합(대형),GS글로벌,NEW BYD eBus-12,7000,1400,8400,2022년도 전기자동차 울진군 모델별 보조금,2022,울진군
승합(대형),티에스에코에너지,일레누스,7000,1400,8400,2022년도 전기자동차 울진군 모델별 보조금,2022,울진군
승합(대형),티에스에코에너지,일레누스(TS900),6251,1400,7651,2022년도 전기자동차 울진군 모델별 보조금,2022,울진군
승합(대형),이온모터스,시티라이트Ⅱ,7000,1400,8400,2022년도 전기자동차 울진군 모델별 보조금,2022,울진군
승합(대형),이온모터스,시티라이트9,7000,1400,8400,2022년도 전기자동차 울진군 모델별 보조금,2022,울진군
승합(대형),한차,GREENWAY1100,6388,1400,7788,2022년도 전기자동차 울진군 모델별 보조금,2022,울진군
승합(대형),이엠코리아,에픽시티(LFP),7000,1400,8400,2022년도 전기자동차 울진군 모델별 보조금,2022,울진군
승합(대형),태영티엔티,GD11,5749,1400,7149,2022년도 전기자동차 울진군 모델별 보조금,2022,울진군
승합(대형),재일홀딩스,그린타운400,6418,1400,7818,2022년도 전기자동차 울진군 모델별 보조금,2022,울진군
