차종,제조사,모델명,국비 (만원),지방비 (만원),보조금 (만원),text,연도,행정구역
승합(중형),현대자동차,(단종)카운티 일렉트릭(어린이운송용 33인승 V2),4052,289,4341,2023년도 전기자동차 부산광역시 모델별 보조금,2023,부산광역시
승합(중형),현대자동차,카운티 일렉트릭,4834,345,5179,2023년도 전기자동차 부산광역시 모델별 보조금,2023,부산광역시
승합(중형),현대자동차,카운티 일렉트릭(마을버스),5000,357,5357,2023년도 전기자동차 부산광역시 모델별 보조금,2023,부산광역시
승합(중형),이비온,"E6(JL618S), 어린이통학",2362,169,2531,2023년도 전기자동차 부산광역시 모델별 보조금,2023,부산광역시
승합(중형),GS글로벌,NEW BYD eBus-7,2894,207,3101,2023년도 전기자동차 부산광역시 모델별 보조금,2023,부산광역시
승합(중형),비바모빌리티,(단종)브이버스60,3211,229,3440,2023년도 전기자동차 부산광역시 모델별 보조금,2023,부산광역시
승합(중형),케이지모빌리티커머셜,SMART 8.7,4308,308,4616,2023년도 전기자동차 부산광역시 모델별 보조금,2023,부산광역시
승합(중형),한차,GREENWAY720,4530,324,4854,2023년도 전기자동차 부산광역시 모델별 보조금,2023,부산광역시
승합(중형),테라팩토리,테라밴키즈,1911,137,2048,2023년도 전기자동차 부산광역시 모델별 보조금,2023,부산광역시
승합(중형),테라팩토리,테라밴키즈11,1902,136,2038,2023년도 전기자동차 부산광역시 모델별 보조금,2023,부산광역시
승합(중형),테라팩토리,테라밴,1889,135,2024,2023년도 전기자동차 부산광역시 모델별 보조금,2023,부산광역시
승합(중형),테라팩토리,"테라밴키즈(2022), 어린이운송용14명",2151,154,2305,2023년도 전기자동차 부산광역시 모델별 보조금,2023,부산광역시
승합(중형),테라팩토리,"테라밴키즈11(2022), 어린이운송용11명",2142,153,2295,2023년도 전기자동차 부산광역시 모델별 보조금,2023,부산광역시
승합(중형),테라팩토리,테라밴,2129,152,2281,2023년도 전기자동차 부산광역시 모델별 보조금,2023,부산광역시
승합(중형),중원자동차,EV J1,5000,357,5357,2023년도 전기자동차 부산광역시 모델별 보조금,2023,부산광역시
승합(대형),현대자동차,일렉시티 이층버스,11900,500,12400,2023년도 전기자동차 부산광역시 모델별 보조금,2023,부산광역시
승합(대형),현대자동차,일렉시티(3PACK),6887,492,7379,2023년도 전기자동차 부산광역시 모델별 보조금,2023,부산광역시
승합(대형),현대자동차,일렉시티(4PACK V1),7000,500,7500,2023년도 전기자동차 부산광역시 모델별 보조금,2023,부산광역시
승합(대형),현대자동차,일렉시티(4PACK V2),7000,500,7500,2023년도 전기자동차 부산광역시 모델별 보조금,2023,부산광역시
승합(대형),현대자동차,일렉시티 타운,6725,480,7205,2023년도 전기자동차 부산광역시 모델별 보조금,2023,부산광역시
승합(대형),케이지모빌리티커머셜,SMART 9.3,4990,356,5346,2023년도 전기자동차 부산광역시 모델별 보조금,2023,부산광역시
승합(대형),케이지모빌리티커머셜,SMART 110(272kWh),5660,404,6064,2023년도 전기자동차 부산광역시 모델별 보조금,2023,부산광역시
승합(대형),케이지모빌리티커머셜,SMART 110E(347kWh),6330,452,6782,2023년도 전기자동차 부산광역시 모델별 보조금,2023,부산광역시
승합(대형),케이지모빌리티커머셜,SMART 110(260kWh),5955,425,6380,2023년도 전기자동차 부산광역시 모델별 보조금,2023,부산광역시
승합(대형),케이지모빌리티커머셜,SMART 110E(260kWh),6277,448,6725,2023년도 전기자동차 부산광역시 모델별 보조금,2023,부산광역시
승합(대형),우진산전,아폴로900전기버스,4420,316,4736,2023년도 전기자동차 부산광역시 모델별 보조금,2023,부산광역시
승합(대형),우진산전,아폴로1100전기버스 22MY,7000,500,7500,2023년도 전기자동차 부산광역시 모델별 보조금,2023,부산광역시
승합(대형),우진산전,아폴로1100전기버스 23MY,7000,500,7500,2023년도 전기자동차 부산광역시 모델별 보조금,2023,부산광역시
승합(대형),우진산전,아폴로1200-B43,7000,500,7500,2023년도 전기자동차 부산광역시 모델별 보조금,2023,부산광역시
승합(대형),피라인모터스,HYPERS(H),5137,367,5504,2023년도 전기자동차 부산광역시 모델별 보조금,2023,부산광역시
승합(대형),피라인모터스,HYPERS1611,5111,365,5476,2023년도 전기자동차 부산광역시 모델별 보조금,2023,부산광역시
승합(대형),피라인모터스,HYPERS1609,5143,367,5510,2023년도 전기자동차 부산광역시 모델별 보조금,2023,부산광역시
승합(대형),피라인모터스,HYPERS1612,3893,278,4171,2023년도 전기자동차 부산광역시 모델별 보조금,2023,부산광역시
승합(대형),피라인모터스,HYPERS1609H,5572,398,5970,2023년도 전기자동차 부산광역시 모델별 보조금,2023,부산광역시
승합(대형),피라인모터스,HYPERS1612N,4990,356,5346,2023년도 전기자동차 부산광역시 모델별 보조금,2023,부산광역시
승합(대형),피라인모터스,HYPERS1609N,6042,432,6474,2023년도 전기자동차 부산광역시 모델별 보조금,2023,부산광역시
승합(대형),피라인모터스,HYPERS1611N,5620,401,6021,2023년도 전기자동차 부산광역시 모델별 보조금,2023,부산광역시
승합(대형),피라인모터스,HYPERS1609HN,5993,428,6421,2023년도 전기자동차 부산광역시 모델별 보조금,2023,부산광역시
승합(대형),피라인모터스,HYPERS1611P,7000,500,7500,2023년도 전기자동차 부산광역시 모델별 보조금,2023,부산광역시
승합(대형),피라인모터스,HYPERS1609P,7000,500,7500,2023년도 전기자동차 부산광역시 모델별 보조금,2023,부산광역시
승합(대형),비바모빌리티,(단종)브이버스90N,4287,306,4593,2023년도 전기자동차 부산광역시 모델별 보조금,2023,부산광역시
승합(대형),비바모빌리티,(단종)브이버스120,4690,335,5025,2023년도 전기자동차 부산광역시 모델별 보조금,2023,부산광역시
승합(대형),비바모빌리티,(단종)브이버스110-B,4246,303,4549,2023년도 전기자동차 부산광역시 모델별 보조금,2023,부산광역시
승합(대형),범한자동차,E-SKY11(350kWh),4989,356,5345,2023년도 전기자동차 부산광역시 모델별 보조금,2023,부산광역시
승합(대형),범한자동차,E-SKY9(281kWh),4978,356,5334,2023년도 전기자동차 부산광역시 모델별 보조금,2023,부산광역시
승합(대형),범한자동차,E-STAR8 V1,4265,303,4568,2023년도 전기자동차 부산광역시 모델별 보조금,2023,부산광역시
승합(대형),범한자동차,E-STAR11,4990,356,5346,2023년도 전기자동차 부산광역시 모델별 보조금,2023,부산광역시
승합(대형),범한자동차,E-STAR12i,4990,356,5346,2023년도 전기자동차 부산광역시 모델별 보조금,2023,부산광역시
승합(대형),에스에이피,아이즘(IZM),4690,335,5025,2023년도 전기자동차 부산광역시 모델별 보조금,2023,부산광역시
승합(대형),에스에이피,엘페(ELFE),4388,313,4701,2023년도 전기자동차 부산광역시 모델별 보조금,2023,부산광역시
승합(대형),에스에이피,리오네(LIONNE),4690,335,5025,2023년도 전기자동차 부산광역시 모델별 보조금,2023,부산광역시
승합(대형),GS글로벌,NEW BYD eBus-12,4990,356,5346,2023년도 전기자동차 부산광역시 모델별 보조금,2023,부산광역시
승합(대형),GS글로벌,BYD eBus9,5660,404,6064,2023년도 전기자동차 부산광역시 모델별 보조금,2023,부산광역시
승합(대형),티에스에코에너지,일레누스(TS1100-1),6633,473,7106,2023년도 전기자동차 부산광역시 모델별 보조금,2023,부산광역시
승합(대형),티에스에코에너지,일레누스(TS1100-2),6810,486,7296,2023년도 전기자동차 부산광역시 모델별 보조금,2023,부산광역시
승합(대형),티에스에코에너지,일레누스(TS900),6451,461,6912,2023년도 전기자동차 부산광역시 모델별 보조금,2023,부산광역시
승합(대형),이온모터스,시티라이트Ⅱ,4861,347,5208,2023년도 전기자동차 부산광역시 모델별 보조금,2023,부산광역시
승합(대형),이온모터스,시티라이트9,4990,356,5346,2023년도 전기자동차 부산광역시 모델별 보조금,2023,부산광역시
승합(대형),한차,GREENWAY1100,5394,385,5779,2023년도 전기자동차 부산광역시 모델별 보조금,2023,부산광역시
승합(대형),한차,GREENWAY1100A,6258,447,6705,2023년도 전기자동차 부산광역시 모델별 보조금,2023,부산광역시
승합(대형),이엠코리아,에픽시티(LFP),4990,356,5346,2023년도 전기자동차 부산광역시 모델별 보조금,2023,부산광역시
승합(대형),이엠코리아,에픽타운(LFP),4406,314,4720,2023년도 전기자동차 부산광역시 모델별 보조금,2023,부산광역시
승합(대형),태영티엔티,GD11,2857,204,3061,2023년도 전기자동차 부산광역시 모델별 보조금,2023,부산광역시
승합(대형),재일홀딩스,그린타운400,3846,275,4121,2023년도 전기자동차 부산광역시 모델별 보조금,2023,부산광역시
승합(대형),아이버스,아이버스어린이운송차,5727,409,6136,2023년도 전기자동차 부산광역시 모델별 보조금,2023,부산광역시
승합(대형),서울시티투어버스,타이거클래식트롤리버스,3161,225,3386,2023년도 전기자동차 부산광역시 모델별 보조금,2023,부산광역시
승합(중형),현대자동차,(단종)카운티 일렉트릭(어린이운송용 33인승 V2),4052,810,4862,2023년도 전기자동차 대구광역시 모델별 보조금,2023,대구광역시
승합(중형),현대자동차,카운티 일렉트릭,4834,966,5800,2023년도 전기자동차 대구광역시 모델별 보조금,2023,대구광역시
승합(중형),현대자동차,카운티 일렉트릭(마을버스),5000,1000,6000,2023년도 전기자동차 대구광역시 모델별 보조금,2023,대구광역시
승합(중형),이비온,"E6(JL618S), 어린이통학",2362,472,2834,2023년도 전기자동차 대구광역시 모델별 보조금,2023,대구광역시
승합(중형),GS글로벌,NEW BYD eBus-7,2894,578,3472,2023년도 전기자동차 대구광역시 모델별 보조금,2023,대구광역시
승합(중형),비바모빌리티,(단종)브이버스60,3211,642,3853,2023년도 전기자동차 대구광역시 모델별 보조금,2023,대구광역시
승합(중형),케이지모빌리티커머셜,SMART 8.7,4308,861,5169,2023년도 전기자동차 대구광역시 모델별 보조금,2023,대구광역시
승합(중형),한차,GREENWAY720,4530,906,5436,2023년도 전기자동차 대구광역시 모델별 보조금,2023,대구광역시
승합(중형),테라팩토리,테라밴키즈,1911,382,2293,2023년도 전기자동차 대구광역시 모델별 보조금,2023,대구광역시
승합(중형),테라팩토리,테라밴키즈11,1902,380,2282,2023년도 전기자동차 대구광역시 모델별 보조금,2023,대구광역시
승합(중형),테라팩토리,테라밴,1889,377,2266,2023년도 전기자동차 대구광역시 모델별 보조금,2023,대구광역시
승합(중형),테라팩토리,"테라밴키즈(2022), 어린이운송용14명",2151,430,2581,2023년도 전기자동차 대구광역시 모델별 보조금,2023,대구광역시
승합(중형),테라팩토리,"테라밴키즈11(2022), 어린이운송용11명",2142,428,2570,2023년도 전기자동차 대구광역시 모델별 보조금,2023,대구광역시
승합(중형),테라팩토리,테라밴,2129,425,2554,2023년도 전기자동차 대구광역시 모델별 보조금,2023,대구광역시
승합(중형),중원자동차,EV J1,5000,1000,6000,2023년도 전기자동차 대구광역시 모델별 보조금,2023,대구광역시
승합(대형),현대자동차,일렉시티 이층버스,11900,0,11900,2023년도 전기자동차 대구광역시 모델별 보조금,2023,대구광역시
승합(대형),현대자동차,일렉시티(3PACK),6887,0,6887,2023년도 전기자동차 대구광역시 모델별 보조금,2023,대구광역시
승합(대형),현대자동차,일렉시티(4PACK V1),7000,0,7000,2023년도 전기자동차 대구광역시 모델별 보조금,2023,대구광역시
승합(대형),현대자동차,일렉시티(4PACK V2),7000,0,7000,2023년도 전기자동차 대구광역시 모델별 보조금,2023,대구광역시
승합(대형),현대자동차,일렉시티 타운,6725,0,6725,2023년도 전기자동차 대구광역시 모델별 보조금,2023,대구광역시
승합(대형),케이지모빌리티커머셜,SMART 9.3,4990,0,4990,2023년도 전기자동차 대구광역시 모델별 보조금,2023,대구광역시
승합(대형),케이지모빌리티커머셜,SMART 110(272kWh),5660,0,5660,2023년도 전기자동차 대구광역시 모델별 보조금,2023,대구광역시
승합(대형),케이지모빌리티커머셜,SMART 110E(347kWh),6330,0,6330,2023년도 전기자동차 대구광역시 모델별 보조금,2023,대구광역시
승합(대형),케이지모빌리티커머셜,SMART 110(260kWh),5955,0,5955,2023년도 전기자동차 대구광역시 모델별 보조금,2023,대구광역시
승합(대형),케이지모빌리티커머셜,SMART 110E(260kWh),6277,0,6277,2023년도 전기자동차 대구광역시 모델별 보조금,2023,대구광역시
승합(대형),우진산전,아폴로900전기버스,4420,0,4420,2023년도 전기자동차 대구광역시 모델별 보조금,2023,대구광역시
승합(대형),우진산전,아폴로1100전기버스 22MY,7000,0,7000,2023년도 전기자동차 대구광역시 모델별 보조금,2023,대구광역시
승합(대형),우진산전,아폴로1100전기버스 23MY,7000,0,7000,2023년도 전기자동차 대구광역시 모델별 보조금,2023,대구광역시
승합(대형),피라인모터스,HYPERS(H),5137,0,5137,2023년도 전기자동차 대구광역시 모델별 보조금,2023,대구광역시
승합(대형),피라인모터스,HYPERS1611,5111,0,5111,2023년도 전기자동차 대구광역시 모델별 보조금,2023,대구광역시
승합(대형),피라인모터스,HYPERS1609,5143,0,5143,2023년도 전기자동차 대구광역시 모델별 보조금,2023,대구광역시
승합(대형),피라인모터스,HYPERS1612,3893,0,3893,2023년도 전기자동차 대구광역시 모델별 보조금,2023,대구광역시
승합(대형),피라인모터스,HYPERS1609H,5572,0,5572,2023년도 전기자동차 대구광역시 모델별 보조금,2023,대구광역시
승합(대형),피라인모터스,HYPERS1612N,4990,0,4990,2023년도 전기자동차 대구광역시 모델별 보조금,2023,대구광역시
승합(대형),피라인모터스,HYPERS1609N,6042,0,6042,2023년도 전기자동차 대구광역시 모델별 보조금,2023,대구광역시
승합(대형),피라인모터스,HYPERS1611N,5620,0,5620,2023년도 전기자동차 대구광역시 모델별 보조금,2023,대구광역시
승합(대형),피라인모터스,HYPERS1609HN,5993,0,5993,2023년도 전기자동차 대구광역시 모델별 보조금,2023,대구광역시
승합(대형),비바모빌리티,(단종)브이버스90N,4287,0,4287,2023년도 전기자동차 대구광역시 모델별 보조금,2023,대구광역시
승합(대형),비바모빌리티,(단종)브이버스120,4690,0,4690,2023년도 전기자동차 대구광역시 모델별 보조금,2023,대구광역시
승합(대형),비바모빌리티,(단종)브이버스110-B,4246,0,4246,2023년도 전기자동차 대구광역시 모델별 보조금,2023,대구광역시
승합(대형),범한자동차,E-SKY11(350kWh),4989,0,4989,2023년도 전기자동차 대구광역시 모델별 보조금,2023,대구광역시
승합(대형),범한자동차,E-SKY9(281kWh),4978,0,4978,2023년도 전기자동차 대구광역시 모델별 보조금,2023,대구광역시
승합(대형),범한자동차,E-STAR8 V1,4265,0,4265,2023년도 전기자동차 대구광역시 모델별 보조금,2023,대구광역시
승합(대형),범한자동차,E-STAR11,4990,0,4990,2023년도 전기자동차 대구광역시 모델별 보조금,2023,대구광역시
승합(대형),범한자동차,E-STAR12i,4990,0,4990,2023년도 전기자동차 대구광역시 모델별 보조금,2023,대구광역시
승합(대형),에스에이피,아이즘(IZM),4690,0,4690,2023년도 전기자동차 대구광역시 모델별 보조금,2023,대구광역시
승합(대형),에스에이피,엘페(ELFE),4388,0,4388,2023년도 전기자동차 대구광역시 모델별 보조금,2023,대구광역시
승합(대형),에스에이피,리오네(LIONNE),4690,0,4690,2023년도 전기자동차 대구광역시 모델별 보조금,2023,대구광역시
승합(대형),GS글로벌,NEW BYD eBus-12,4990,0,4990,2023년도 전기자동차 대구광역시 모델별 보조금,2023,대구광역시
승합(대형),티에스에코에너지,일레누스(TS1100-2),6810,0,6810,2023년도 전기자동차 대구광역시 모델별 보조금,2023,대구광역시
승합(대형),티에스에코에너지,일레누스(TS900),6451,0,6451,2023년도 전기자동차 대구광역시 모델별 보조금,2023,대구광역시
승합(대형),이온모터스,시티라이트Ⅱ,4861,0,4861,2023년도 전기자동차 대구광역시 모델별 보조금,2023,대구광역시
승합(대형),이온모터스,시티라이트9,4990,0,4990,2023년도 전기자동차 대구광역시 모델별 보조금,2023,대구광역시
승합(대형),한차,GREENWAY1100,5394,0,5394,2023년도 전기자동차 대구광역시 모델별 보조금,2023,대구광역시
승합(대형),한차,GREENWAY1100A,6258,0,6258,2023년도 전기자동차 대구광역시 모델별 보조금,2023,대구광역시
승합(대형),이엠코리아,에픽시티(LFP),4990,0,4990,2023년도 전기자동차 대구광역시 모델별 보조금,2023,대구광역시
승합(대형),태영티엔티,GD11,2857,0,2857,2023년도 전기자동차 대구광역시 모델별 보조금,2023,대구광역시
승합(대형),재일홀딩스,그린타운400,3846,0,3846,2023년도 전기자동차 대구광역시 모델별 보조금,2023,대구광역시
승합(대형),아이버스,아이버스어린이운송차,5727,0,5727,2023년도 전기자동차 대구광역시 모델별 보조금,2023,대구광역시
승합(중형),현대자동차,(단종)카운티 일렉트릭(어린이운송용 33인승 V2),4052,578,4630,2023년도 전기자동차 인천광역시 모델별 보조금,2023,인천광역시
승합(중형),현대자동차,카운티 일렉트릭,4834,690,5524,2023년도 전기자동차 인천광역시 모델별 보조금,2023,인천광역시
승합(중형),현대자동차,카운티 일렉트릭(마을버스),5000,714,5714,2023년도 전기자동차 인천광역시 모델별 보조금,2023,인천광역시
승합(중형),이비온,"E6(JL618S), 어린이통학",2362,337,2699,2023년도 전기자동차 인천광역시 모델별 보조금,2023,인천광역시
승합(중형),GS글로벌,NEW BYD eBus-7,2894,413,3307,2023년도 전기자동차 인천광역시 모델별 보조금,2023,인천광역시
승합(중형),비바모빌리티,(단종)브이버스60,3211,458,3669,2023년도 전기자동차 인천광역시 모델별 보조금,2023,인천광역시
승합(중형),케이지모빌리티커머셜,SMART 8.7,4308,615,4923,2023년도 전기자동차 인천광역시 모델별 보조금,2023,인천광역시
승합(중형),한차,GREENWAY720,4530,646,5176,2023년도 전기자동차 인천광역시 모델별 보조금,2023,인천광역시
승합(중형),테라팩토리,테라밴키즈,1911,272,2183,2023년도 전기자동차 인천광역시 모델별 보조금,2023,인천광역시
승합(중형),테라팩토리,테라밴키즈11,1902,271,2173,2023년도 전기자동차 인천광역시 모델별 보조금,2023,인천광역시
승합(중형),테라팩토리,테라밴,1889,269,2158,2023년도 전기자동차 인천광역시 모델별 보조금,2023,인천광역시
승합(중형),테라팩토리,"테라밴키즈(2022), 어린이운송용14명",2151,307,2458,2023년도 전기자동차 인천광역시 모델별 보조금,2023,인천광역시
승합(중형),테라팩토리,"테라밴키즈11(2022), 어린이운송용11명",2142,305,2447,2023년도 전기자동차 인천광역시 모델별 보조금,2023,인천광역시
승합(중형),테라팩토리,테라밴,2129,304,2433,2023년도 전기자동차 인천광역시 모델별 보조금,2023,인천광역시
승합(중형),중원자동차,EV J1,5000,714,5714,2023년도 전기자동차 인천광역시 모델별 보조금,2023,인천광역시
승합(대형),현대자동차,일렉시티 이층버스,11900,1700,13600,2023년도 전기자동차 인천광역시 모델별 보조금,2023,인천광역시
승합(대형),현대자동차,일렉시티(3PACK),6887,983,7870,2023년도 전기자동차 인천광역시 모델별 보조금,2023,인천광역시
승합(대형),현대자동차,일렉시티(4PACK V1),7000,1000,8000,2023년도 전기자동차 인천광역시 모델별 보조금,2023,인천광역시
승합(대형),현대자동차,일렉시티(4PACK V2),7000,1000,8000,2023년도 전기자동차 인천광역시 모델별 보조금,2023,인천광역시
승합(대형),현대자동차,일렉시티 타운,6725,960,7685,2023년도 전기자동차 인천광역시 모델별 보조금,2023,인천광역시
승합(대형),케이지모빌리티커머셜,SMART 9.3,4990,712,5702,2023년도 전기자동차 인천광역시 모델별 보조금,2023,인천광역시
승합(대형),케이지모빌리티커머셜,SMART 110(272kWh),5660,808,6468,2023년도 전기자동차 인천광역시 모델별 보조금,2023,인천광역시
승합(대형),케이지모빌리티커머셜,SMART 110E(347kWh),6330,904,7234,2023년도 전기자동차 인천광역시 모델별 보조금,2023,인천광역시
승합(대형),케이지모빌리티커머셜,SMART 110(260kWh),5955,850,6805,2023년도 전기자동차 인천광역시 모델별 보조금,2023,인천광역시
승합(대형),케이지모빌리티커머셜,SMART 110E(260kWh),6277,896,7173,2023년도 전기자동차 인천광역시 모델별 보조금,2023,인천광역시
승합(대형),우진산전,아폴로900전기버스,4420,631,5051,2023년도 전기자동차 인천광역시 모델별 보조금,2023,인천광역시
승합(대형),우진산전,아폴로1100전기버스 22MY,7000,1000,8000,2023년도 전기자동차 인천광역시 모델별 보조금,2023,인천광역시
승합(대형),우진산전,아폴로1100전기버스 23MY,7000,1000,8000,2023년도 전기자동차 인천광역시 모델별 보조금,2023,인천광역시
승합(대형),우진산전,아폴로1200-B43,7000,1000,8000,2023년도 전기자동차 인천광역시 모델별 보조금,2023,인천광역시
승합(대형),피라인모터스,HYPERS(H),5137,733,5870,2023년도 전기자동차 인천광역시 모델별 보조금,2023,인천광역시
승합(대형),피라인모터스,HYPERS1611,5111,730,5841,2023년도 전기자동차 인천광역시 모델별 보조금,2023,인천광역시
승합(대형),피라인모터스,HYPERS1609,5143,734,5877,2023년도 전기자동차 인천광역시 모델별 보조금,2023,인천광역시
승합(대형),피라인모터스,HYPERS1612,3893,556,4449,2023년도 전기자동차 인천광역시 모델별 보조금,2023,인천광역시
승합(대형),피라인모터스,HYPERS1609H,5572,796,6368,2023년도 전기자동차 인천광역시 모델별 보조금,2023,인천광역시
승합(대형),피라인모터스,HYPERS1612N,4990,712,5702,2023년도 전기자동차 인천광역시 모델별 보조금,2023,인천광역시
승합(대형),피라인모터스,HYPERS1609N,6042,863,6905,2023년도 전기자동차 인천광역시 모델별 보조금,2023,인천광역시
승합(대형),피라인모터스,HYPERS1611N,5620,802,6422,2023년도 전기자동차 인천광역시 모델별 보조금,2023,인천광역시
승합(대형),피라인모터스,HYPERS1609HN,5993,856,6849,2023년도 전기자동차 인천광역시 모델별 보조금,2023,인천광역시
승합(대형),피라인모터스,HYPERS1611P,7000,1000,8000,2023년도 전기자동차 인천광역시 모델별 보조금,2023,인천광역시
승합(대형),피라인모터스,HYPERS1609P,7000,1000,8000,2023년도 전기자동차 인천광역시 모델별 보조금,2023,인천광역시
승합(대형),비바모빌리티,(단종)브이버스90N,4287,612,4899,2023년도 전기자동차 인천광역시 모델별 보조금,2023,인천광역시
승합(대형),비바모빌리티,(단종)브이버스120,4690,670,5360,2023년도 전기자동차 인천광역시 모델별 보조금,2023,인천광역시
승합(대형),비바모빌리티,(단종)브이버스110-B,4246,606,4852,2023년도 전기자동차 인천광역시 모델별 보조금,2023,인천광역시
승합(대형),범한자동차,E-SKY11(350kWh),4989,712,5701,2023년도 전기자동차 인천광역시 모델별 보조금,2023,인천광역시
승합(대형),범한자동차,E-SKY9(281kWh),4978,711,5689,2023년도 전기자동차 인천광역시 모델별 보조금,2023,인천광역시
승합(대형),범한자동차,E-STAR8 V1,4265,609,4874,2023년도 전기자동차 인천광역시 모델별 보조금,2023,인천광역시
승합(대형),범한자동차,E-STAR11,4990,712,5702,2023년도 전기자동차 인천광역시 모델별 보조금,2023,인천광역시
승합(대형),범한자동차,E-STAR12i,4990,712,5702,2023년도 전기자동차 인천광역시 모델별 보조금,2023,인천광역시
승합(대형),에스에이피,아이즘(IZM),4690,670,5360,2023년도 전기자동차 인천광역시 모델별 보조금,2023,인천광역시
승합(대형),에스에이피,엘페(ELFE),4388,626,5014,2023년도 전기자동차 인천광역시 모델별 보조금,2023,인천광역시
승합(대형),에스에이피,리오네(LIONNE),4690,670,5360,2023년도 전기자동차 인천광역시 모델별 보조금,2023,인천광역시
승합(대형),GS글로벌,NEW BYD eBus-12,4990,712,5702,2023년도 전기자동차 인천광역시 모델별 보조금,2023,인천광역시
승합(대형),GS글로벌,BYD eBus9,5660,808,6468,2023년도 전기자동차 인천광역시 모델별 보조금,2023,인천광역시
승합(대형),티에스에코에너지,일레누스(TS1100-1),6633,947,7580,2023년도 전기자동차 인천광역시 모델별 보조금,2023,인천광역시
승합(대형),티에스에코에너지,일레누스(TS1100-2),6810,972,7782,2023년도 전기자동차 인천광역시 모델별 보조금,2023,인천광역시
승합(대형),티에스에코에너지,일레누스(TS900),6451,921,7372,2023년도 전기자동차 인천광역시 모델별 보조금,2023,인천광역시
승합(대형),이온모터스,시티라이트Ⅱ,4861,694,5555,2023년도 전기자동차 인천광역시 모델별 보조금,2023,인천광역시
승합(대형),이온모터스,시티라이트9,4990,712,5702,2023년도 전기자동차 인천광역시 모델별 보조금,2023,인천광역시
승합(대형),한차,GREENWAY1100,5394,770,6164,2023년도 전기자동차 인천광역시 모델별 보조금,2023,인천광역시
승합(대형),한차,GREENWAY1100A,6258,894,7152,2023년도 전기자동차 인천광역시 모델별 보조금,2023,인천광역시
승합(대형),이엠코리아,에픽시티(LFP),4990,712,5702,2023년도 전기자동차 인천광역시 모델별 보조금,2023,인천광역시
승합(대형),이엠코리아,에픽타운(LFP),4406,629,5035,2023년도 전기자동차 인천광역시 모델별 보조금,2023,인천광역시
승합(대형),태영티엔티,GD11,2857,408,3265,2023년도 전기자동차 인천광역시 모델별 보조금,2023,인천광역시
승합(대형),재일홀딩스,그린타운400,3846,549,4395,2023년도 전기자동차 인천광역시 모델별 보조금,2023,인천광역시
승합(대형),아이버스,아이버스어린이운송차,5727,818,6545,2023년도 전기자동차 인천광역시 모델별 보조금,2023,인천광역시
승합(중형),현대자동차,(단종)카운티 일렉트릭(어린이운송용 33인승 V2),4052,1620,5672,2023년도 전기자동차 광주광역시 모델별 보조금,2023,광주광역시
승합(중형),현대자동차,카운티 일렉트릭,4834,1933,6767,2023년도 전기자동차 광주광역시 모델별 보조금,2023,광주광역시
승합(중형),현대자동차,카운티 일렉트릭(마을버스),5000,2000,7000,2023년도 전기자동차 광주광역시 모델별 보조금,2023,광주광역시
승합(중형),이비온,"E6(JL618S), 어린이통학",2362,944,3306,2023년도 전기자동차 광주광역시 모델별 보조금,2023,광주광역시
승합(중형),GS글로벌,NEW BYD eBus-7,2894,1157,4051,2023년도 전기자동차 광주광역시 모델별 보조금,2023,광주광역시
승합(중형),비바모빌리티,(단종)브이버스60,3211,1284,4495,2023년도 전기자동차 광주광역시 모델별 보조금,2023,광주광역시
승합(중형),케이지모빌리티커머셜,SMART 8.7,4308,1723,6031,2023년도 전기자동차 광주광역시 모델별 보조금,2023,광주광역시
승합(중형),한차,GREENWAY720,4530,1812,6342,2023년도 전기자동차 광주광역시 모델별 보조금,2023,광주광역시
승합(중형),테라팩토리,테라밴키즈,1911,764,2675,2023년도 전기자동차 광주광역시 모델별 보조금,2023,광주광역시
승합(중형),테라팩토리,테라밴키즈11,1902,760,2662,2023년도 전기자동차 광주광역시 모델별 보조금,2023,광주광역시
승합(중형),테라팩토리,테라밴,1889,755,2644,2023년도 전기자동차 광주광역시 모델별 보조금,2023,광주광역시
승합(중형),테라팩토리,"테라밴키즈(2022), 어린이운송용14명",2151,860,3011,2023년도 전기자동차 광주광역시 모델별 보조금,2023,광주광역시
승합(중형),테라팩토리,"테라밴키즈11(2022), 어린이운송용11명",2142,856,2998,2023년도 전기자동차 광주광역시 모델별 보조금,2023,광주광역시
승합(중형),테라팩토리,테라밴,2129,851,2980,2023년도 전기자동차 광주광역시 모델별 보조금,2023,광주광역시
승합(중형),중원자동차,EV J1,5000,2000,7000,2023년도 전기자동차 광주광역시 모델별 보조금,2023,광주광역시
승합(대형),현대자동차,일렉시티 이층버스,11900,0,11900,2023년도 전기자동차 광주광역시 모델별 보조금,2023,광주광역시
승합(대형),현대자동차,일렉시티(3PACK),6887,0,6887,2023년도 전기자동차 광주광역시 모델별 보조금,2023,광주광역시
승합(대형),현대자동차,일렉시티(4PACK V1),7000,0,7000,2023년도 전기자동차 광주광역시 모델별 보조금,2023,광주광역시
승합(대형),현대자동차,일렉시티(4PACK V2),7000,0,7000,2023년도 전기자동차 광주광역시 모델별 보조금,2023,광주광역시
승합(대형),현대자동차,일렉시티 타운,6725,0,6725,2023년도 전기자동차 광주광역시 모델별 보조금,2023,광주광역시
승합(대형),케이지모빌리티커머셜,SMART 9.3,4990,0,4990,2023년도 전기자동차 광주광역시 모델별 보조금,2023,광주광역시
승합(대형),케이지모빌리티커머셜,SMART 110(272kWh),5660,0,5660,2023년도 전기자동차 광주광역시 모델별 보조금,2023,광주광역시
승합(대형),케이지모빌리티커머셜,SMART 110E(347kWh),6330,0,6330,2023년도 전기자동차 광주광역시 모델별 보조금,2023,광주광역시
승합(대형),케이지모빌리티커머셜,SMART 110(260kWh),5955,0,5955,2023년도 전기자동차 광주광역시 모델별 보조금,2023,광주광역시
승합(대형),케이지모빌리티커머셜,SMART 110E(260kWh),6277,0,6277,2023년도 전기자동차 광주광역시 모델별 보조금,2023,광주광역시
승합(대형),우진산전,아폴로900전기버스,4420,0,4420,2023년도 전기자동차 광주광역시 모델별 보조금,2023,광주광역시
승합(대형),우진산전,아폴로1100전기버스 22MY,7000,0,7000,2023년도 전기자동차 광주광역시 모델별 보조금,2023,광주광역시
승합(대형),우진산전,아폴로1100전기버스 23MY,7000,0,7000,2023년도 전기자동차 광주광역시 모델별 보조금,2023,광주광역시
승합(대형),우진산전,아폴로1200-B43,7000,0,7000,2023년도 전기자동차 광주광역시 모델별 보조금,2023,광주광역시
승합(대형),피라인모터스,HYPERS(H),5137,0,5137,2023년도 전기자동차 광주광역시 모델별 보조금,2023,광주광역시
승합(대형),피라인모터스,HYPERS1611,5111,0,5111,2023년도 전기자동차 광주광역시 모델별 보조금,2023,광주광역시
승합(대형),피라인모터스,HYPERS1609,5143,0,5143,2023년도 전기자동차 광주광역시 모델별 보조금,2023,광주광역시
승합(대형),피라인모터스,HYPERS1612,3893,0,3893,2023년도 전기자동차 광주광역시 모델별 보조금,2023,광주광역시
승합(대형),피라인모터스,HYPERS1609H,5572,0,5572,2023년도 전기자동차 광주광역시 모델별 보조금,2023,광주광역시
승합(대형),피라인모터스,HYPERS1612N,4990,0,4990,2023년도 전기자동차 광주광역시 모델별 보조금,2023,광주광역시
승합(대형),피라인모터스,HYPERS1609N,6042,0,6042,2023년도 전기자동차 광주광역시 모델별 보조금,2023,광주광역시
승합(대형),피라인모터스,HYPERS1611N,5620,0,5620,2023년도 전기자동차 광주광역시 모델별 보조금,2023,광주광역시
승합(대형),피라인모터스,HYPERS1609HN,5993,0,5993,2023년도 전기자동차 광주광역시 모델별 보조금,2023,광주광역시
승합(대형),피라인모터스,HYPERS1611P,7000,0,7000,2023년도 전기자동차 광주광역시 모델별 보조금,2023,광주광역시
승합(대형),피라인모터스,HYPERS1609P,7000,0,7000,2023년도 전기자동차 광주광역시 모델별 보조금,2023,광주광역시
승합(대형),비바모빌리티,(단종)브이버스90N,4287,0,4287,2023년도 전기자동차 광주광역시 모델별 보조금,2023,광주광역시
승합(대형),비바모빌리티,(단종)브이버스120,4690,0,4690,2023년도 전기자동차 광주광역시 모델별 보조금,2023,광주광역시
승합(대형),비바모빌리티,(단종)브이버스110-B,4246,0,4246,2023년도 전기자동차 광주광역시 모델별 보조금,2023,광주광역시
승합(대형),범한자동차,E-SKY11(350kWh),4989,0,4989,2023년도 전기자동차 광주광역시 모델별 보조금,2023,광주광역시
승합(대형),범한자동차,E-SKY9(281kWh),4978,0,4978,2023년도 전기자동차 광주광역시 모델별 보조금,2023,광주광역시
승합(대형),범한자동차,E-STAR8 V1,4265,0,4265,2023년도 전기자동차 광주광역시 모델별 보조금,2023,광주광역시
승합(대형),범한자동차,E-STAR11,4990,0,4990,2023년도 전기자동차 광주광역시 모델별 보조금,2023,광주광역시
승합(대형),범한자동차,E-STAR12i,4990,0,4990,2023년도 전기자동차 광주광역시 모델별 보조금,2023,광주광역시
승합(대형),에스에이피,아이즘(IZM),4690,0,4690,2023년도 전기자동차 광주광역시 모델별 보조금,2023,광주광역시
승합(대형),에스에이피,엘페(ELFE),4388,0,4388,2023년도 전기자동차 광주광역시 모델별 보조금,2023,광주광역시
승합(대형),에스에이피,리오네(LIONNE),4690,0,4690,2023년도 전기자동차 광주광역시 모델별 보조금,2023,광주광역시
승합(대형),GS글로벌,NEW BYD eBus-12,4990,0,4990,2023년도 전기자동차 광주광역시 모델별 보조금,2023,광주광역시
승합(대형),GS글로벌,BYD eBus9,5660,0,5660,2023년도 전기자동차 광주광역시 모델별 보조금,2023,광주광역시
승합(대형),티에스에코에너지,일레누스(TS1100-1),6633,0,6633,2023년도 전기자동차 광주광역시 모델별 보조금,2023,광주광역시
승합(대형),티에스에코에너지,일레누스(TS1100-2),6810,0,6810,2023년도 전기자동차 광주광역시 모델별 보조금,2023,광주광역시
승합(대형),티에스에코에너지,일레누스(TS900),6451,0,6451,2023년도 전기자동차 광주광역시 모델별 보조금,2023,광주광역시
승합(대형),이온모터스,시티라이트Ⅱ,4861,0,4861,2023년도 전기자동차 광주광역시 모델별 보조금,2023,광주광역시
승합(대형),이온모터스,시티라이트9,4990,0,4990,2023년도 전기자동차 광주광역시 모델별 보조금,2023,광주광역시
승합(대형),한차,GREENWAY1100,5394,0,5394,2023년도 전기자동차 광주광역시 모델별 보조금,2023,광주광역시
승합(대형),한차,GREENWAY1100A,6258,0,6258,2023년도 전기자동차 광주광역시 모델별 보조금,2023,광주광역시
승합(대형),이엠코리아,에픽시티(LFP),4990,0,4990,2023년도 전기자동차 광주광역시 모델별 보조금,2023,광주광역시
승합(대형),이엠코리아,에픽타운(LFP),4406,0,4406,2023년도 전기자동차 광주광역시 모델별 보조금,2023,광주광역시
승합(대형),태영티엔티,GD11,2857,0,2857,2023년도 전기자동차 광주광역시 모델별 보조금,2023,광주광역시
승합(대형),재일홀딩스,그린타운400,3846,0,3846,2023년도 전기자동차 광주광역시 모델별 보조금,2023,광주광역시
승합(대형),아이버스,아이버스어린이운송차,5727,0,5727,2023년도 전기자동차 광주광역시 모델별 보조금,2023,광주광역시
승합(대형),서울시티투어버스,타이거클래식트롤리버스,3161,0,3161,2023년도 전기자동차 광주광역시 모델별 보조금,2023,광주광역시
승합(중형),현대자동차,(단종)카운티 일렉트릭(어린이운송용 33인승 V2),4052,1735,5787,2023년도 전기자동차 대전광역시 모델별 보조금,2023,대전광역시
승합(중형),현대자동차,카운티 일렉트릭,4834,2070,6904,2023년도 전기자동차 대전광역시 모델별 보조금,2023,대전광역시
승합(중형),현대자동차,카운티 일렉트릭(마을버스),5000,2142,7142,2023년도 전기자동차 대전광역시 모델별 보조금,2023,대전광역시
승합(중형),이비온,"E6(JL618S), 어린이통학",2362,1011,3373,2023년도 전기자동차 대전광역시 모델별 보조금,2023,대전광역시
승합(중형),GS글로벌,NEW BYD eBus-7,2894,1239,4133,2023년도 전기자동차 대전광역시 모델별 보조금,2023,대전광역시
승합(중형),비바모빌리티,(단종)브이버스60,3211,1375,4586,2023년도 전기자동차 대전광역시 모델별 보조금,2023,대전광역시
승합(중형),케이지모빌리티커머셜,SMART 8.7,4308,1845,6153,2023년도 전기자동차 대전광역시 모델별 보조금,2023,대전광역시
승합(중형),한차,GREENWAY720,4530,1940,6470,2023년도 전기자동차 대전광역시 모델별 보조금,2023,대전광역시
승합(중형),테라팩토리,테라밴키즈,1911,818,2729,2023년도 전기자동차 대전광역시 모델별 보조금,2023,대전광역시
승합(중형),테라팩토리,테라밴키즈11,1902,814,2716,2023년도 전기자동차 대전광역시 모델별 보조금,2023,대전광역시
승합(중형),테라팩토리,테라밴,1889,809,2698,2023년도 전기자동차 대전광역시 모델별 보조금,2023,대전광역시
승합(중형),테라팩토리,"테라밴키즈(2022), 어린이운송용14명",2151,921,3072,2023년도 전기자동차 대전광역시 모델별 보조금,2023,대전광역시
승합(중형),테라팩토리,"테라밴키즈11(2022), 어린이운송용11명",2142,917,3059,2023년도 전기자동차 대전광역시 모델별 보조금,2023,대전광역시
승합(중형),테라팩토리,테라밴,2129,912,3041,2023년도 전기자동차 대전광역시 모델별 보조금,2023,대전광역시
승합(중형),중원자동차,EV J1,5000,2142,7142,2023년도 전기자동차 대전광역시 모델별 보조금,2023,대전광역시
승합(대형),현대자동차,일렉시티 이층버스,11900,0,11900,2023년도 전기자동차 대전광역시 모델별 보조금,2023,대전광역시
승합(대형),현대자동차,일렉시티(3PACK),6887,0,6887,2023년도 전기자동차 대전광역시 모델별 보조금,2023,대전광역시
승합(대형),현대자동차,일렉시티(4PACK V1),7000,0,7000,2023년도 전기자동차 대전광역시 모델별 보조금,2023,대전광역시
승합(대형),현대자동차,일렉시티(4PACK V2),7000,0,7000,2023년도 전기자동차 대전광역시 모델별 보조금,2023,대전광역시
승합(대형),현대자동차,일렉시티 타운,6725,0,6725,2023년도 전기자동차 대전광역시 모델별 보조금,2023,대전광역시
승합(대형),케이지모빌리티커머셜,SMART 9.3,4990,0,4990,2023년도 전기자동차 대전광역시 모델별 보조금,2023,대전광역시
승합(대형),케이지모빌리티커머셜,SMART 110(272kWh),5660,0,5660,2023년도 전기자동차 대전광역시 모델별 보조금,2023,대전광역시
승합(대형),케이지모빌리티커머셜,SMART 110E(347kWh),6330,0,6330,2023년도 전기자동차 대전광역시 모델별 보조금,2023,대전광역시
승합(대형),케이지모빌리티커머셜,SMART 110(260kWh),5955,0,5955,2023년도 전기자동차 대전광역시 모델별 보조금,2023,대전광역시
승합(대형),케이지모빌리티커머셜,SMART 110E(260kWh),6277,0,6277,2023년도 전기자동차 대전광역시 모델별 보조금,2023,대전광역시
승합(대형),우진산전,아폴로900전기버스,4420,0,4420,2023년도 전기자동차 대전광역시 모델별 보조금,2023,대전광역시
승합(대형),우진산전,아폴로1100전기버스 22MY,7000,0,7000,2023년도 전기자동차 대전광역시 모델별 보조금,2023,대전광역시
승합(대형),우진산전,아폴로1100전기버스 23MY,7000,0,7000,2023년도 전기자동차 대전광역시 모델별 보조금,2023,대전광역시
승합(대형),피라인모터스,HYPERS(H),5137,0,5137,2023년도 전기자동차 대전광역시 모델별 보조금,2023,대전광역시
승합(대형),피라인모터스,HYPERS1611,5111,0,5111,2023년도 전기자동차 대전광역시 모델별 보조금,2023,대전광역시
승합(대형),피라인모터스,HYPERS1609,5143,0,5143,2023년도 전기자동차 대전광역시 모델별 보조금,2023,대전광역시
승합(대형),피라인모터스,HYPERS1612,3893,0,3893,2023년도 전기자동차 대전광역시 모델별 보조금,2023,대전광역시
승합(대형),피라인모터스,HYPERS1609H,5572,0,5572,2023년도 전기자동차 대전광역시 모델별 보조금,2023,대전광역시
승합(대형),피라인모터스,HYPERS1612N,4990,0,4990,2023년도 전기자동차 대전광역시 모델별 보조금,2023,대전광역시
승합(대형),피라인모터스,HYPERS1609N,6042,0,6042,2023년도 전기자동차 대전광역시 모델별 보조금,2023,대전광역시
승합(대형),피라인모터스,HYPERS1611N,5620,0,5620,2023년도 전기자동차 대전광역시 모델별 보조금,2023,대전광역시
승합(대형),피라인모터스,HYPERS1609HN,5993,0,5993,2023년도 전기자동차 대전광역시 모델별 보조금,2023,대전광역시
승합(대형),비바모빌리티,(단종)브이버스90N,4287,0,4287,2023년도 전기자동차 대전광역시 모델별 보조금,2023,대전광역시
승합(대형),비바모빌리티,(단종)브이버스120,4690,0,4690,2023년도 전기자동차 대전광역시 모델별 보조금,2023,대전광역시
승합(대형),비바모빌리티,(단종)브이버스110-B,4246,0,4246,2023년도 전기자동차 대전광역시 모델별 보조금,2023,대전광역시
승합(대형),범한자동차,E-SKY11(350kWh),4989,0,4989,2023년도 전기자동차 대전광역시 모델별 보조금,2023,대전광역시
승합(대형),범한자동차,E-SKY9(281kWh),4978,0,4978,2023년도 전기자동차 대전광역시 모델별 보조금,2023,대전광역시
승합(대형),범한자동차,E-STAR8 V1,4265,0,4265,2023년도 전기자동차 대전광역시 모델별 보조금,2023,대전광역시
승합(대형),범한자동차,E-STAR11,4990,0,4990,2023년도 전기자동차 대전광역시 모델별 보조금,2023,대전광역시
승합(대형),범한자동차,E-STAR12i,4990,0,4990,2023년도 전기자동차 대전광역시 모델별 보조금,2023,대전광역시
승합(대형),에스에이피,아이즘(IZM),4690,0,4690,2023년도 전기자동차 대전광역시 모델별 보조금,2023,대전광역시
승합(대형),에스에이피,엘페(ELFE),4388,0,4388,2023년도 전기자동차 대전광역시 모델별 보조금,2023,대전광역시
승합(대형),에스에이피,리오네(LIONNE),4690,0,4690,2023년도 전기자동차 대전광역시 모델별 보조금,2023,대전광역시
승합(대형),GS글로벌,NEW BYD eBus-12,4990,0,4990,2023년도 전기자동차 대전광역시 모델별 보조금,2023,대전광역시
승합(대형),티에스에코에너지,일레누스(TS1100-2),6810,0,6810,2023년도 전기자동차 대전광역시 모델별 보조금,2023,대전광역시
승합(대형),티에스에코에너지,일레누스(TS900),6451,0,6451,2023년도 전기자동차 대전광역시 모델별 보조금,2023,대전광역시
승합(대형),이온모터스,시티라이트Ⅱ,4861,0,4861,2023년도 전기자동차 대전광역시 모델별 보조금,2023,대전광역시
승합(대형),이온모터스,시티라이트9,4990,0,4990,2023년도 전기자동차 대전광역시 모델별 보조금,2023,대전광역시
승합(대형),한차,GREENWAY1100,5394,0,5394,2023년도 전기자동차 대전광역시 모델별 보조금,2023,대전광역시
승합(대형),한차,GREENWAY1100A,6258,0,6258,2023년도 전기자동차 대전광역시 모델별 보조금,2023,대전광역시
승합(대형),이엠코리아,에픽시티(LFP),4990,0,4990,2023년도 전기자동차 대전광역시 모델별 보조금,2023,대전광역시
승합(대형),태영티엔티,GD11,2857,0,2857,2023년도 전기자동차 대전광역시 모델별 보조금,2023,대전광역시
승합(대형),재일홀딩스,그린타운400,3846,0,3846,2023년도 전기자동차 대전광역시 모델별 보조금,2023,대전광역시
승합(대형),아이버스,아이버스어린이운송차,5727,0,5727,2023년도 전기자동차 대전광역시 모델별 보조금,2023,대전광역시
승합(중형),현대자동차,(단종)카운티 일렉트릭(어린이운송용 33인승 V2),4052,1215,5267,2023년도 전기자동차 울산광역시 모델별 보조금,2023,울산광역시
승합(중형),현대자동차,카운티 일렉트릭,4834,1450,6284,2023년도 전기자동차 울산광역시 모델별 보조금,2023,울산광역시
승합(중형),현대자동차,카운티 일렉트릭(마을버스),5000,1500,6500,2023년도 전기자동차 울산광역시 모델별 보조금,2023,울산광역시
승합(중형),이비온,"E6(JL618S), 어린이통학",2362,708,3070,2023년도 전기자동차 울산광역시 모델별 보조금,2023,울산광역시
승합(중형),GS글로벌,NEW BYD eBus-7,2894,868,3762,2023년도 전기자동차 울산광역시 모델별 보조금,2023,울산광역시
승합(중형),비바모빌리티,(단종)브이버스60,3211,963,4174,2023년도 전기자동차 울산광역시 모델별 보조금,2023,울산광역시
승합(중형),케이지모빌리티커머셜,SMART 8.7,4308,1292,5600,2023년도 전기자동차 울산광역시 모델별 보조금,2023,울산광역시
승합(중형),한차,GREENWAY720,4530,1359,5889,2023년도 전기자동차 울산광역시 모델별 보조금,2023,울산광역시
승합(중형),테라팩토리,테라밴키즈,1911,573,2484,2023년도 전기자동차 울산광역시 모델별 보조금,2023,울산광역시
승합(중형),테라팩토리,테라밴키즈11,1902,570,2472,2023년도 전기자동차 울산광역시 모델별 보조금,2023,울산광역시
승합(중형),테라팩토리,테라밴,1889,566,2455,2023년도 전기자동차 울산광역시 모델별 보조금,2023,울산광역시
승합(중형),테라팩토리,"테라밴키즈(2022), 어린이운송용14명",2151,645,2796,2023년도 전기자동차 울산광역시 모델별 보조금,2023,울산광역시
승합(중형),테라팩토리,"테라밴키즈11(2022), 어린이운송용11명",2142,642,2784,2023년도 전기자동차 울산광역시 모델별 보조금,2023,울산광역시
승합(중형),테라팩토리,테라밴,2129,638,2767,2023년도 전기자동차 울산광역시 모델별 보조금,2023,울산광역시
승합(중형),중원자동차,EV J1,5000,1500,6500,2023년도 전기자동차 울산광역시 모델별 보조금,2023,울산광역시
승합(대형),현대자동차,일렉시티 이층버스,11900,0,11900,2023년도 전기자동차 울산광역시 모델별 보조금,2023,울산광역시
승합(대형),현대자동차,일렉시티(3PACK),6887,0,6887,2023년도 전기자동차 울산광역시 모델별 보조금,2023,울산광역시
승합(대형),현대자동차,일렉시티(4PACK V1),7000,0,7000,2023년도 전기자동차 울산광역시 모델별 보조금,2023,울산광역시
승합(대형),현대자동차,일렉시티(4PACK V2),7000,0,7000,2023년도 전기자동차 울산광역시 모델별 보조금,2023,울산광역시
승합(대형),현대자동차,일렉시티 타운,6725,0,6725,2023년도 전기자동차 울산광역시 모델별 보조금,2023,울산광역시
승합(대형),케이지모빌리티커머셜,SMART 9.3,4990,0,4990,2023년도 전기자동차 울산광역시 모델별 보조금,2023,울산광역시
승합(대형),케이지모빌리티커머셜,SMART 110(272kWh),5660,0,5660,2023년도 전기자동차 울산광역시 모델별 보조금,2023,울산광역시
승합(대형),케이지모빌리티커머셜,SMART 110E(347kWh),6330,0,6330,2023년도 전기자동차 울산광역시 모델별 보조금,2023,울산광역시
승합(대형),케이지모빌리티커머셜,SMART 110(260kWh),5955,0,5955,2023년도 전기자동차 울산광역시 모델별 보조금,2023,울산광역시
승합(대형),케이지모빌리티커머셜,SMART 110E(260kWh),6277,0,6277,2023년도 전기자동차 울산광역시 모델별 보조금,2023,울산광역시
승합(대형),우진산전,아폴로900전기버스,4420,0,4420,2023년도 전기자동차 울산광역시 모델별 보조금,2023,울산광역시
승합(대형),우진산전,아폴로1100전기버스 22MY,7000,0,7000,2023년도 전기자동차 울산광역시 모델별 보조금,2023,울산광역시
승합(대형),우진산전,아폴로1100전기버스 23MY,7000,0,7000,2023년도 전기자동차 울산광역시 모델별 보조금,2023,울산광역시
승합(대형),피라인모터스,HYPERS(H),5137,0,5137,2023년도 전기자동차 울산광역시 모델별 보조금,2023,울산광역시
승합(대형),피라인모터스,HYPERS1611,5111,0,5111,2023년도 전기자동차 울산광역시 모델별 보조금,2023,울산광역시
승합(대형),피라인모터스,HYPERS1609,5143,0,5143,2023년도 전기자동차 울산광역시 모델별 보조금,2023,울산광역시
승합(대형),피라인모터스,HYPERS1612,3893,0,3893,2023년도 전기자동차 울산광역시 모델별 보조금,2023,울산광역시
승합(대형),피라인모터스,HYPERS1609H,5572,0,5572,2023년도 전기자동차 울산광역시 모델별 보조금,2023,울산광역시
승합(대형),피라인모터스,HYPERS1612N,4990,0,4990,2023년도 전기자동차 울산광역시 모델별 보조금,2023,울산광역시
승합(대형),피라인모터스,HYPERS1609N,6042,0,6042,2023년도 전기자동차 울산광역시 모델별 보조금,2023,울산광역시
승합(대형),피라인모터스,HYPERS1611N,5620,0,5620,2023년도 전기자동차 울산광역시 모델별 보조금,2023,울산광역시
승합(대형),피라인모터스,HYPERS1609HN,5993,0,5993,2023년도 전기자동차 울산광역시 모델별 보조금,2023,울산광역시
승합(대형),비바모빌리티,(단종)브이버스90N,4287,0,4287,2023년도 전기자동차 울산광역시 모델별 보조금,2023,울산광역시
승합(대형),비바모빌리티,(단종)브이버스120,4690,0,4690,2023년도 전기자동차 울산광역시 모델별 보조금,2023,울산광역시
승합(대형),비바모빌리티,(단종)브이버스110-B,4246,0,4246,2023년도 전기자동차 울산광역시 모델별 보조금,2023,울산광역시
승합(대형),범한자동차,E-SKY11(350kWh),4989,0,4989,2023년도 전기자동차 울산광역시 모델별 보조금,2023,울산광역시
승합(대형),범한자동차,E-SKY9(281kWh),4978,0,4978,2023년도 전기자동차 울산광역시 모델별 보조금,2023,울산광역시
승합(대형),범한자동차,E-STAR8 V1,4265,0,4265,2023년도 전기자동차 울산광역시 모델별 보조금,2023,울산광역시
승합(대형),범한자동차,E-STAR11,4990,0,4990,2023년도 전기자동차 울산광역시 모델별 보조금,2023,울산광역시
승합(대형),범한자동차,E-STAR12i,4990,0,4990,2023년도 전기자동차 울산광역시 모델별 보조금,2023,울산광역시
승합(대형),에스에이피,아이즘(IZM),4690,0,4690,2023년도 전기자동차 울산광역시 모델별 보조금,2023,울산광역시
승합(대형),에스에이피,엘페(ELFE),4388,0,4388,2023년도 전기자동차 울산광역시 모델별 보조금,2023,울산광역시
승합(대형),에스에이피,리오네(LIONNE),4690,0,4690,2023년도 전기자동차 울산광역시 모델별 보조금,2023,울산광역시
승합(대형),GS글로벌,NEW BYD eBus-12,4990,0,4990,2023년도 전기자동차 울산광역시 모델별 보조금,2023,울산광역시
승합(대형),티에스에코에너지,일레누스(TS1100-2),6810,0,6810,2023년도 전기자동차 울산광역시 모델별 보조금,2023,울산광역시
승합(대형),티에스에코에너지,일레누스(TS900),6451,0,6451,2023년도 전기자동차 울산광역시 모델별 보조금,2023,울산광역시
승합(대형),이온모터스,시티라이트Ⅱ,4861,0,4861,2023년도 전기자동차 울산광역시 모델별 보조금,2023,울산광역시
승합(대형),이온모터스,시티라이트9,4990,0,4990,2023년도 전기자동차 울산광역시 모델별 보조금,2023,울산광역시
승합(대형),한차,GREENWAY1100,5394,0,5394,2023년도 전기자동차 울산광역시 모델별 보조금,2023,울산광역시
승합(대형),한차,GREENWAY1100A,6258,0,6258,2023년도 전기자동차 울산광역시 모델별 보조금,2023,울산광역시
승합(대형),이엠코리아,에픽시티(LFP),4990,0,4990,2023년도 전기자동차 울산광역시 모델별 보조금,2023,울산광역시
승합(대형),태영티엔티,GD11,2857,0,2857,2023년도 전기자동차 울산광역시 모델별 보조금,2023,울산광역시
승합(대형),재일홀딩스,그린타운400,3846,0,3846,2023년도 전기자동차 울산광역시 모델별 보조금,2023,울산광역시
승합(대형),아이버스,아이버스어린이운송차,5727,0,5727,2023년도 전기자동차 울산광역시 모델별 보조금,2023,울산광역시
승합(중형),현대자동차,(단종)카운티 일렉트릭(어린이운송용 33인승 V2),4052,0,4052,2023년도 전기자동차 세종특별자치시 모델별 보조금,2023,세종특별자치시
승합(중형),현대자동차,카운티 일렉트릭,4834,0,4834,2023년도 전기자동차 세종특별자치시 모델별 보조금,2023,세종특별자치시
승합(중형),현대자동차,카운티 일렉트릭(마을버스),5000,0,5000,2023년도 전기자동차 세종특별자치시 모델별 보조금,2023,세종특별자치시
승합(중형),이비온,"E6(JL618S), 어린이통학",2362,0,2362,2023년도 전기자동차 세종특별자치시 모델별 보조금,2023,세종특별자치시
승합(중형),GS글로벌,NEW BYD eBus-7,2894,0,2894,2023년도 전기자동차 세종특별자치시 모델별 보조금,2023,세종특별자치시
승합(중형),비바모빌리티,(단종)브이버스60,3211,0,3211,2023년도 전기자동차 세종특별자치시 모델별 보조금,2023,세종특별자치시
승합(중형),케이지모빌리티커머셜,SMART 8.7,4308,0,4308,2023년도 전기자동차 세종특별자치시 모델별 보조금,2023,세종특별자치시
승합(중형),한차,GREENWAY720,4530,0,4530,2023년도 전기자동차 세종특별자치시 모델별 보조금,2023,세종특별자치시
승합(중형),테라팩토리,테라밴키즈,1911,0,1911,2023년도 전기자동차 세종특별자치시 모델별 보조금,2023,세종특별자치시
승합(중형),테라팩토리,테라밴키즈11,1902,0,1902,2023년도 전기자동차 세종특별자치시 모델별 보조금,2023,세종특별자치시
승합(중형),테라팩토리,테라밴,1889,0,1889,2023년도 전기자동차 세종특별자치시 모델별 보조금,2023,세종특별자치시
승합(중형),테라팩토리,"테라밴키즈(2022), 어린이운송용14명",2151,0,2151,2023년도 전기자동차 세종특별자치시 모델별 보조금,2023,세종특별자치시
승합(중형),테라팩토리,"테라밴키즈11(2022), 어린이운송용11명",2142,0,2142,2023년도 전기자동차 세종특별자치시 모델별 보조금,2023,세종특별자치시
승합(중형),테라팩토리,테라밴,2129,0,2129,2023년도 전기자동차 세종특별자치시 모델별 보조금,2023,세종특별자치시
승합(중형),중원자동차,EV J1,5000,0,5000,2023년도 전기자동차 세종특별자치시 모델별 보조금,2023,세종특별자치시
승합(대형),현대자동차,일렉시티 이층버스,11900,0,11900,2023년도 전기자동차 세종특별자치시 모델별 보조금,2023,세종특별자치시
승합(대형),현대자동차,일렉시티(3PACK),6887,0,6887,2023년도 전기자동차 세종특별자치시 모델별 보조금,2023,세종특별자치시
승합(대형),현대자동차,일렉시티(4PACK V1),7000,7000,14000,2023년도 전기자동차 세종특별자치시 모델별 보조금,2023,세종특별자치시
승합(대형),현대자동차,일렉시티(4PACK V2),7000,7000,14000,2023년도 전기자동차 세종특별자치시 모델별 보조금,2023,세종특별자치시
승합(대형),현대자동차,일렉시티 타운,6725,6725,13450,2023년도 전기자동차 세종특별자치시 모델별 보조금,2023,세종특별자치시
승합(대형),케이지모빌리티커머셜,SMART 9.3,4990,0,4990,2023년도 전기자동차 세종특별자치시 모델별 보조금,2023,세종특별자치시
승합(대형),케이지모빌리티커머셜,SMART 110(272kWh),5660,0,5660,2023년도 전기자동차 세종특별자치시 모델별 보조금,2023,세종특별자치시
승합(대형),케이지모빌리티커머셜,SMART 110E(347kWh),6330,0,6330,2023년도 전기자동차 세종특별자치시 모델별 보조금,2023,세종특별자치시
승합(대형),케이지모빌리티커머셜,SMART 110(260kWh),5955,0,5955,2023년도 전기자동차 세종특별자치시 모델별 보조금,2023,세종특별자치시
승합(대형),케이지모빌리티커머셜,SMART 110E(260kWh),6277,0,6277,2023년도 전기자동차 세종특별자치시 모델별 보조금,2023,세종특별자치시
승합(대형),우진산전,아폴로900전기버스,4420,0,4420,2023년도 전기자동차 세종특별자치시 모델별 보조금,2023,세종특별자치시
승합(대형),우진산전,아폴로1100전기버스 22MY,7000,0,7000,2023년도 전기자동차 세종특별자치시 모델별 보조금,2023,세종특별자치시
승합(대형),우진산전,아폴로1100전기버스 23MY,7000,0,7000,2023년도 전기자동차 세종특별자치시 모델별 보조금,2023,세종특별자치시
승합(대형),피라인모터스,HYPERS(H),5137,0,5137,2023년도 전기자동차 세종특별자치시 모델별 보조금,2023,세종특별자치시
승합(대형),피라인모터스,HYPERS1611,5111,0,5111,2023년도 전기자동차 세종특별자치시 모델별 보조금,2023,세종특별자치시
승합(대형),피라인모터스,HYPERS1609,5143,0,5143,2023년도 전기자동차 세종특별자치시 모델별 보조금,2023,세종특별자치시
승합(대형),피라인모터스,HYPERS1612,3893,0,3893,2023년도 전기자동차 세종특별자치시 모델별 보조금,2023,세종특별자치시
승합(대형),피라인모터스,HYPERS1609H,5572,0,5572,2023년도 전기자동차 세종특별자치시 모델별 보조금,2023,세종특별자치시
승합(대형),피라인모터스,HYPERS1612N,4990,0,4990,2023년도 전기자동차 세종특별자치시 모델별 보조금,2023,세종특별자치시
승합(대형),피라인모터스,HYPERS1609N,6042,0,6042,2023년도 전기자동차 세종특별자치시 모델별 보조금,2023,세종특별자치시
승합(대형),피라인모터스,HYPERS1611N,5620,0,5620,2023년도 전기자동차 세종특별자치시 모델별 보조금,2023,세종특별자치시
승합(대형),피라인모터스,HYPERS1609HN,5993,0,5993,2023년도 전기자동차 세종특별자치시 모델별 보조금,2023,세종특별자치시
승합(대형),비바모빌리티,(단종)브이버스90N,4287,0,4287,2023년도 전기자동차 세종특별자치시 모델별 보조금,2023,세종특별자치시
승합(대형),비바모빌리티,(단종)브이버스120,4690,0,4690,2023년도 전기자동차 세종특별자치시 모델별 보조금,2023,세종특별자치시
승합(대형),비바모빌리티,(단종)브이버스110-B,4246,0,4246,2023년도 전기자동차 세종특별자치시 모델별 보조금,2023,세종특별자치시
승합(대형),범한자동차,E-SKY11(350kWh),4989,0,4989,2023년도 전기자동차 세종특별자치시 모델별 보조금,2023,세종특별자치시
승합(대형),범한자동차,E-SKY9(281kWh),4978,0,4978,2023년도 전기자동차 세종특별자치시 모델별 보조금,2023,세종특별자치시
승합(대형),범한자동차,E-STAR8 V1,4265,0,4265,2023년도 전기자동차 세종특별자치시 모델별 보조금,2023,세종특별자치시
승합(대형),범한자동차,E-STAR11,4990,0,4990,2023년도 전기자동차 세종특별자치시 모델별 보조금,2023,세종특별자치시
승합(대형),범한자동차,E-STAR12i,4990,0,4990,2023년도 전기자동차 세종특별자치시 모델별 보조금,2023,세종특별자치시
승합(대형),에스에이피,아이즘(IZM),4690,0,4690,2023년도 전기자동차 세종특별자치시 모델별 보조금,2023,세종특별자치시
승합(대형),에스에이피,엘페(ELFE),4388,0,4388,2023년도 전기자동차 세종특별자치시 모델별 보조금,2023,세종특별자치시
승합(대형),에스에이피,리오네(LIONNE),4690,0,4690,2023년도 전기자동차 세종특별자치시 모델별 보조금,2023,세종특별자치시
승합(대형),GS글로벌,NEW BYD eBus-12,4990,0,4990,2023년도 전기자동차 세종특별자치시 모델별 보조금,2023,세종특별자치시
승합(대형),티에스에코에너지,일레누스(TS1100-2),6810,0,6810,2023년도 전기자동차 세종특별자치시 모델별 보조금,2023,세종특별자치시
승합(대형),티에스에코에너지,일레누스(TS900),6451,0,6451,2023년도 전기자동차 세종특별자치시 모델별 보조금,2023,세종특별자치시
승합(대형),이온모터스,시티라이트Ⅱ,4861,0,4861,2023년도 전기자동차 세종특별자치시 모델별 보조금,2023,세종특별자치시
승합(대형),이온모터스,시티라이트9,4990,0,4990,2023년도 전기자동차 세종특별자치시 모델별 보조금,2023,세종특별자치시
승합(대형),한차,GREENWAY1100,5394,0,5394,2023년도 전기자동차 세종특별자치시 모델별 보조금,2023,세종특별자치시
승합(대형),한차,GREENWAY1100A,6258,0,6258,2023년도 전기자동차 세종특별자치시 모델별 보조금,2023,세종특별자치시
승합(대형),이엠코리아,에픽시티(LFP),4990,0,4990,2023년도 전기자동차 세종특별자치시 모델별 보조금,2023,세종특별자치시
승합(대형),태영티엔티,GD11,2857,0,2857,2023년도 전기자동차 세종특별자치시 모델별 보조금,2023,세종특별자치시
승합(대형),재일홀딩스,그린타운400,3846,0,3846,2023년도 전기자동차 세종특별자치시 모델별 보조금,2023,세종특별자치시
승합(대형),아이버스,아이버스어린이운송차,5727,0,5727,2023년도 전기자동차 세종특별자치시 모델별 보조금,2023,세종특별자치시
승합(중형),현대자동차,(단종)카운티 일렉트릭(어린이운송용 33인승 V2),4052,0,4052,2023년도 전기자동차 수원시 모델별 보조금,2023,수원시
승합(중형),현대자동차,카운티 일렉트릭,4834,2900,7734,2023년도 전기자동차 수원시 모델별 보조금,2023,수원시
승합(중형),현대자동차,카운티 일렉트릭(마을버스),5000,3000,8000,2023년도 전기자동차 수원시 모델별 보조금,2023,수원시
승합(중형),이비온,"E6(JL618S), 어린이통학",2362,1416,3778,2023년도 전기자동차 수원시 모델별 보조금,2023,수원시
승합(중형),GS글로벌,NEW BYD eBus-7,2894,1736,4630,2023년도 전기자동차 수원시 모델별 보조금,2023,수원시
승합(중형),비바모빌리티,(단종)브이버스60,3211,1926,5137,2023년도 전기자동차 수원시 모델별 보조금,2023,수원시
승합(중형),케이지모빌리티커머셜,SMART 8.7,4308,2584,6892,2023년도 전기자동차 수원시 모델별 보조금,2023,수원시
승합(중형),한차,GREENWAY720,4530,2718,7248,2023년도 전기자동차 수원시 모델별 보조금,2023,수원시
승합(중형),테라팩토리,테라밴키즈,1911,1146,3057,2023년도 전기자동차 수원시 모델별 보조금,2023,수원시
승합(중형),테라팩토리,테라밴키즈11,1902,1140,3042,2023년도 전기자동차 수원시 모델별 보조금,2023,수원시
승합(중형),테라팩토리,테라밴,1889,1132,3021,2023년도 전기자동차 수원시 모델별 보조금,2023,수원시
승합(중형),테라팩토리,"테라밴키즈(2022), 어린이운송용14명",2151,1290,3441,2023년도 전기자동차 수원시 모델별 보조금,2023,수원시
승합(중형),테라팩토리,"테라밴키즈11(2022), 어린이운송용11명",2142,1284,3426,2023년도 전기자동차 수원시 모델별 보조금,2023,수원시
승합(중형),테라팩토리,테라밴,2129,1276,3405,2023년도 전기자동차 수원시 모델별 보조금,2023,수원시
승합(중형),중원자동차,EV J1,5000,3000,8000,2023년도 전기자동차 수원시 모델별 보조금,2023,수원시
승합(대형),현대자동차,일렉시티 이층버스,11900,7100,19000,2023년도 전기자동차 수원시 모델별 보조금,2023,수원시
승합(대형),현대자동차,일렉시티(3PACK),6887,4132,11019,2023년도 전기자동차 수원시 모델별 보조금,2023,수원시
승합(대형),현대자동차,일렉시티(4PACK V1),7000,4200,11200,2023년도 전기자동차 수원시 모델별 보조금,2023,수원시
승합(대형),현대자동차,일렉시티(4PACK V2),7000,4200,11200,2023년도 전기자동차 수원시 모델별 보조금,2023,수원시
승합(대형),현대자동차,일렉시티 타운,6725,4034,10759,2023년도 전기자동차 수원시 모델별 보조금,2023,수원시
승합(대형),케이지모빌리티커머셜,SMART 9.3,4990,2994,7984,2023년도 전기자동차 수원시 모델별 보조금,2023,수원시
승합(대형),케이지모빌리티커머셜,SMART 110(272kWh),5660,3396,9056,2023년도 전기자동차 수원시 모델별 보조금,2023,수원시
승합(대형),케이지모빌리티커머셜,SMART 110E(347kWh),6330,3798,10128,2023년도 전기자동차 수원시 모델별 보조금,2023,수원시
승합(대형),케이지모빌리티커머셜,SMART 110(260kWh),5955,3572,9527,2023년도 전기자동차 수원시 모델별 보조금,2023,수원시
승합(대형),케이지모빌리티커머셜,SMART 110E(260kWh),6277,3766,10043,2023년도 전기자동차 수원시 모델별 보조금,2023,수원시
승합(대형),우진산전,아폴로900전기버스,4420,2652,7072,2023년도 전기자동차 수원시 모델별 보조금,2023,수원시
승합(대형),우진산전,아폴로1100전기버스 22MY,7000,4200,11200,2023년도 전기자동차 수원시 모델별 보조금,2023,수원시
승합(대형),우진산전,아폴로1100전기버스 23MY,7000,4200,11200,2023년도 전기자동차 수원시 모델별 보조금,2023,수원시
승합(대형),우진산전,아폴로1200-B43,7000,4200,11200,2023년도 전기자동차 수원시 모델별 보조금,2023,수원시
승합(대형),우진산전,아폴로1200-S42,7000,4200,11200,2023년도 전기자동차 수원시 모델별 보조금,2023,수원시
승합(대형),피라인모터스,HYPERS(H),5137,3082,8219,2023년도 전기자동차 수원시 모델별 보조금,2023,수원시
승합(대형),피라인모터스,HYPERS1611,5111,3066,8177,2023년도 전기자동차 수원시 모델별 보조금,2023,수원시
승합(대형),피라인모터스,HYPERS1609,5143,3084,8227,2023년도 전기자동차 수원시 모델별 보조금,2023,수원시
승합(대형),피라인모터스,HYPERS1612,3893,2334,6227,2023년도 전기자동차 수원시 모델별 보조금,2023,수원시
승합(대형),피라인모터스,HYPERS1609H,5572,3342,8914,2023년도 전기자동차 수원시 모델별 보조금,2023,수원시
승합(대형),피라인모터스,HYPERS1612N,4990,2994,7984,2023년도 전기자동차 수원시 모델별 보조금,2023,수원시
승합(대형),피라인모터스,HYPERS1609N,6042,3624,9666,2023년도 전기자동차 수원시 모델별 보조금,2023,수원시
승합(대형),피라인모터스,HYPERS1611N,5620,3372,8992,2023년도 전기자동차 수원시 모델별 보조금,2023,수원시
승합(대형),피라인모터스,HYPERS1609HN,5993,3594,9587,2023년도 전기자동차 수원시 모델별 보조금,2023,수원시
승합(대형),피라인모터스,HYPERS1611P,7000,4200,11200,2023년도 전기자동차 수원시 모델별 보조금,2023,수원시
승합(대형),피라인모터스,HYPERS1609P,7000,4200,11200,2023년도 전기자동차 수원시 모델별 보조금,2023,수원시
승합(대형),비바모빌리티,(단종)브이버스90N,4287,2572,6859,2023년도 전기자동차 수원시 모델별 보조금,2023,수원시
승합(대형),비바모빌리티,(단종)브이버스120,4690,2814,7504,2023년도 전기자동차 수원시 모델별 보조금,2023,수원시
승합(대형),비바모빌리티,(단종)브이버스110-B,4246,2546,6792,2023년도 전기자동차 수원시 모델별 보조금,2023,수원시
승합(대형),범한자동차,E-SKY11(350kWh),4989,2992,7981,2023년도 전기자동차 수원시 모델별 보조금,2023,수원시
승합(대형),범한자동차,E-SKY9(281kWh),4978,2986,7964,2023년도 전기자동차 수원시 모델별 보조금,2023,수원시
승합(대형),범한자동차,E-STAR8 V1,4265,2558,6823,2023년도 전기자동차 수원시 모델별 보조금,2023,수원시
승합(대형),범한자동차,E-STAR11,4990,2994,7984,2023년도 전기자동차 수원시 모델별 보조금,2023,수원시
승합(대형),범한자동차,E-STAR12i,4990,2994,7984,2023년도 전기자동차 수원시 모델별 보조금,2023,수원시
승합(대형),에스에이피,아이즘(IZM),4690,2814,7504,2023년도 전기자동차 수원시 모델별 보조금,2023,수원시
승합(대형),에스에이피,엘페(ELFE),4388,2632,7020,2023년도 전기자동차 수원시 모델별 보조금,2023,수원시
승합(대형),에스에이피,리오네(LIONNE),4690,2814,7504,2023년도 전기자동차 수원시 모델별 보조금,2023,수원시
승합(대형),GS글로벌,NEW BYD eBus-12,4990,2994,7984,2023년도 전기자동차 수원시 모델별 보조금,2023,수원시
승합(대형),GS글로벌,BYD eBus9,5660,3396,9056,2023년도 전기자동차 수원시 모델별 보조금,2023,수원시
승합(대형),티에스에코에너지,일레누스(TS1100-1),6633,3978,10611,2023년도 전기자동차 수원시 모델별 보조금,2023,수원시
승합(대형),티에스에코에너지,일레누스(TS1100-2),6810,4086,10896,2023년도 전기자동차 수원시 모델별 보조금,2023,수원시
승합(대형),티에스에코에너지,일레누스(TS900),6451,3870,10321,2023년도 전기자동차 수원시 모델별 보조금,2023,수원시
승합(대형),이온모터스,시티라이트Ⅱ,4861,2916,7777,2023년도 전기자동차 수원시 모델별 보조금,2023,수원시
승합(대형),이온모터스,시티라이트9,4990,2994,7984,2023년도 전기자동차 수원시 모델별 보조금,2023,수원시
승합(대형),한차,GREENWAY1100,5394,3236,8630,2023년도 전기자동차 수원시 모델별 보조금,2023,수원시
승합(대형),한차,GREENWAY1100A,6258,3754,10012,2023년도 전기자동차 수원시 모델별 보조금,2023,수원시
승합(대형),이엠코리아,에픽시티(LFP),4990,2994,7984,2023년도 전기자동차 수원시 모델별 보조금,2023,수원시
승합(대형),이엠코리아,에픽타운(LFP),4406,2642,7048,2023년도 전기자동차 수원시 모델별 보조금,2023,수원시
승합(대형),태영티엔티,GD11,2857,1714,4571,2023년도 전기자동차 수원시 모델별 보조금,2023,수원시
승합(대형),재일홀딩스,그린타운400,3846,2306,6152,2023년도 전기자동차 수원시 모델별 보조금,2023,수원시
승합(대형),아이버스,아이버스어린이운송차,5727,3436,9163,2023년도 전기자동차 수원시 모델별 보조금,2023,수원시
승합(대형),서울시티투어버스,타이거클래식트롤리버스,3161,1896,5057,2023년도 전기자동차 수원시 모델별 보조금,2023,수원시
승합(중형),현대자동차,(단종)카운티 일렉트릭(어린이운송용 33인승 V2),4052,0,4052,2023년도 전기자동차 성남시 모델별 보조금,2023,성남시
승합(중형),현대자동차,카운티 일렉트릭,4834,0,4834,2023년도 전기자동차 성남시 모델별 보조금,2023,성남시
승합(중형),현대자동차,카운티 일렉트릭(마을버스),5000,0,5000,2023년도 전기자동차 성남시 모델별 보조금,2023,성남시
승합(중형),이비온,"E6(JL618S), 어린이통학",2362,0,2362,2023년도 전기자동차 성남시 모델별 보조금,2023,성남시
승합(중형),GS글로벌,NEW BYD eBus-7,2894,0,2894,2023년도 전기자동차 성남시 모델별 보조금,2023,성남시
승합(중형),비바모빌리티,(단종)브이버스60,3211,0,3211,2023년도 전기자동차 성남시 모델별 보조금,2023,성남시
승합(중형),케이지모빌리티커머셜,SMART 8.7,4308,0,4308,2023년도 전기자동차 성남시 모델별 보조금,2023,성남시
승합(중형),한차,GREENWAY720,4530,0,4530,2023년도 전기자동차 성남시 모델별 보조금,2023,성남시
승합(중형),테라팩토리,테라밴키즈,1911,0,1911,2023년도 전기자동차 성남시 모델별 보조금,2023,성남시
승합(중형),테라팩토리,테라밴키즈11,1902,0,1902,2023년도 전기자동차 성남시 모델별 보조금,2023,성남시
승합(중형),테라팩토리,테라밴,1889,0,1889,2023년도 전기자동차 성남시 모델별 보조금,2023,성남시
승합(중형),테라팩토리,"테라밴키즈(2022), 어린이운송용14명",2151,0,2151,2023년도 전기자동차 성남시 모델별 보조금,2023,성남시
승합(중형),테라팩토리,"테라밴키즈11(2022), 어린이운송용11명",2142,0,2142,2023년도 전기자동차 성남시 모델별 보조금,2023,성남시
승합(중형),테라팩토리,테라밴,2129,0,2129,2023년도 전기자동차 성남시 모델별 보조금,2023,성남시
승합(중형),중원자동차,EV J1,5000,0,5000,2023년도 전기자동차 성남시 모델별 보조금,2023,성남시
승합(대형),현대자동차,일렉시티 이층버스,11900,0,11900,2023년도 전기자동차 성남시 모델별 보조금,2023,성남시
승합(대형),현대자동차,일렉시티(3PACK),6887,0,6887,2023년도 전기자동차 성남시 모델별 보조금,2023,성남시
승합(대형),현대자동차,일렉시티(4PACK V1),7000,4200,11200,2023년도 전기자동차 성남시 모델별 보조금,2023,성남시
승합(대형),현대자동차,일렉시티(4PACK V2),7000,0,7000,2023년도 전기자동차 성남시 모델별 보조금,2023,성남시
승합(대형),현대자동차,일렉시티 타운,6725,4035,10760,2023년도 전기자동차 성남시 모델별 보조금,2023,성남시
승합(대형),케이지모빌리티커머셜,SMART 9.3,4990,0,4990,2023년도 전기자동차 성남시 모델별 보조금,2023,성남시
승합(대형),케이지모빌리티커머셜,SMART 110(272kWh),5660,0,5660,2023년도 전기자동차 성남시 모델별 보조금,2023,성남시
승합(대형),케이지모빌리티커머셜,SMART 110E(347kWh),6330,0,6330,2023년도 전기자동차 성남시 모델별 보조금,2023,성남시
승합(대형),케이지모빌리티커머셜,SMART 110(260kWh),5955,0,5955,2023년도 전기자동차 성남시 모델별 보조금,2023,성남시
승합(대형),케이지모빌리티커머셜,SMART 110E(260kWh),6277,0,6277,2023년도 전기자동차 성남시 모델별 보조금,2023,성남시
승합(대형),우진산전,아폴로900전기버스,4420,2652,7072,2023년도 전기자동차 성남시 모델별 보조금,2023,성남시
승합(대형),우진산전,아폴로1100전기버스 22MY,7000,4200,11200,2023년도 전기자동차 성남시 모델별 보조금,2023,성남시
승합(대형),우진산전,아폴로1100전기버스 23MY,7000,0,7000,2023년도 전기자동차 성남시 모델별 보조금,2023,성남시
승합(대형),피라인모터스,HYPERS(H),5137,0,5137,2023년도 전기자동차 성남시 모델별 보조금,2023,성남시
승합(대형),피라인모터스,HYPERS1611,5111,0,5111,2023년도 전기자동차 성남시 모델별 보조금,2023,성남시
승합(대형),피라인모터스,HYPERS1609,5143,0,5143,2023년도 전기자동차 성남시 모델별 보조금,2023,성남시
승합(대형),피라인모터스,HYPERS1612,3893,0,3893,2023년도 전기자동차 성남시 모델별 보조금,2023,성남시
승합(대형),피라인모터스,HYPERS1609H,5572,0,5572,2023년도 전기자동차 성남시 모델별 보조금,2023,성남시
승합(대형),피라인모터스,HYPERS1612N,4990,0,4990,2023년도 전기자동차 성남시 모델별 보조금,2023,성남시
승합(대형),피라인모터스,HYPERS1609N,6042,0,6042,2023년도 전기자동차 성남시 모델별 보조금,2023,성남시
승합(대형),피라인모터스,HYPERS1611N,5620,3372,8992,2023년도 전기자동차 성남시 모델별 보조금,2023,성남시
승합(대형),피라인모터스,HYPERS1609HN,5993,0,5993,2023년도 전기자동차 성남시 모델별 보조금,2023,성남시
승합(대형),피라인모터스,HYPERS1611P,7000,4200,11200,2023년도 전기자동차 성남시 모델별 보조금,2023,성남시
승합(대형),비바모빌리티,(단종)브이버스90N,4287,0,4287,2023년도 전기자동차 성남시 모델별 보조금,2023,성남시
승합(대형),비바모빌리티,(단종)브이버스120,4690,0,4690,2023년도 전기자동차 성남시 모델별 보조금,2023,성남시
승합(대형),비바모빌리티,(단종)브이버스110-B,4246,0,4246,2023년도 전기자동차 성남시 모델별 보조금,2023,성남시
승합(대형),범한자동차,E-SKY11(350kWh),4989,0,4989,2023년도 전기자동차 성남시 모델별 보조금,2023,성남시
승합(대형),범한자동차,E-SKY9(281kWh),4978,0,4978,2023년도 전기자동차 성남시 모델별 보조금,2023,성남시
승합(대형),범한자동차,E-STAR8 V1,4265,0,4265,2023년도 전기자동차 성남시 모델별 보조금,2023,성남시
승합(대형),범한자동차,E-STAR11,4990,0,4990,2023년도 전기자동차 성남시 모델별 보조금,2023,성남시
승합(대형),범한자동차,E-STAR12i,4990,0,4990,2023년도 전기자동차 성남시 모델별 보조금,2023,성남시
승합(대형),에스에이피,아이즘(IZM),4690,0,4690,2023년도 전기자동차 성남시 모델별 보조금,2023,성남시
승합(대형),에스에이피,엘페(ELFE),4388,0,4388,2023년도 전기자동차 성남시 모델별 보조금,2023,성남시
승합(대형),에스에이피,리오네(LIONNE),4690,0,4690,2023년도 전기자동차 성남시 모델별 보조금,2023,성남시
승합(대형),GS글로벌,NEW BYD eBus-12,4990,2994,7984,2023년도 전기자동차 성남시 모델별 보조금,2023,성남시
승합(대형),GS글로벌,BYD eBus9,5660,0,5660,2023년도 전기자동차 성남시 모델별 보조금,2023,성남시
승합(대형),티에스에코에너지,일레누스(TS1100-1),6633,3979,10612,2023년도 전기자동차 성남시 모델별 보조금,2023,성남시
승합(대형),티에스에코에너지,일레누스(TS1100-2),6810,4086,10896,2023년도 전기자동차 성남시 모델별 보조금,2023,성남시
승합(대형),티에스에코에너지,일레누스(TS900),6451,3870,10321,2023년도 전기자동차 성남시 모델별 보조금,2023,성남시
승합(대형),이온모터스,시티라이트Ⅱ,4861,2916,7777,2023년도 전기자동차 성남시 모델별 보조금,2023,성남시
승합(대형),이온모터스,시티라이트9,4990,2994,7984,2023년도 전기자동차 성남시 모델별 보조금,2023,성남시
승합(대형),한차,GREENWAY1100,5394,0,5394,2023년도 전기자동차 성남시 모델별 보조금,2023,성남시
승합(대형),한차,GREENWAY1100A,6258,0,6258,2023년도 전기자동차 성남시 모델별 보조금,2023,성남시
승합(대형),이엠코리아,에픽시티(LFP),4990,2994,7984,2023년도 전기자동차 성남시 모델별 보조금,2023,성남시
승합(대형),이엠코리아,에픽타운(LFP),4406,0,4406,2023년도 전기자동차 성남시 모델별 보조금,2023,성남시
승합(대형),태영티엔티,GD11,2857,0,2857,2023년도 전기자동차 성남시 모델별 보조금,2023,성남시
승합(대형),재일홀딩스,그린타운400,3846,0,3846,2023년도 전기자동차 성남시 모델별 보조금,2023,성남시
승합(대형),아이버스,아이버스어린이운송차,5727,0,5727,2023년도 전기자동차 성남시 모델별 보조금,2023,성남시
승합(중형),현대자동차,(단종)카운티 일렉트릭(어린이운송용 33인승 V2),4052,0,4052,2023년도 전기자동차 의정부시 모델별 보조금,2023,의정부시
승합(중형),현대자동차,카운티 일렉트릭,4834,2900,7734,2023년도 전기자동차 의정부시 모델별 보조금,2023,의정부시
승합(중형),현대자동차,카운티 일렉트릭(마을버스),5000,3000,8000,2023년도 전기자동차 의정부시 모델별 보조금,2023,의정부시
승합(중형),이비온,"E6(JL618S), 어린이통학",2362,1417,3779,2023년도 전기자동차 의정부시 모델별 보조금,2023,의정부시
승합(중형),GS글로벌,NEW BYD eBus-7,2894,1736,4630,2023년도 전기자동차 의정부시 모델별 보조금,2023,의정부시
승합(중형),비바모빌리티,(단종)브이버스60,3211,1926,5137,2023년도 전기자동차 의정부시 모델별 보조금,2023,의정부시
승합(중형),케이지모빌리티커머셜,SMART 8.7,4308,2584,6892,2023년도 전기자동차 의정부시 모델별 보조금,2023,의정부시
승합(중형),한차,GREENWAY720,4530,2718,7248,2023년도 전기자동차 의정부시 모델별 보조금,2023,의정부시
승합(중형),테라팩토리,테라밴키즈,1911,1146,3057,2023년도 전기자동차 의정부시 모델별 보조금,2023,의정부시
승합(중형),테라팩토리,테라밴키즈11,1902,1141,3043,2023년도 전기자동차 의정부시 모델별 보조금,2023,의정부시
승합(중형),테라팩토리,테라밴,1889,1133,3022,2023년도 전기자동차 의정부시 모델별 보조금,2023,의정부시
승합(중형),테라팩토리,"테라밴키즈(2022), 어린이운송용14명",2151,1290,3441,2023년도 전기자동차 의정부시 모델별 보조금,2023,의정부시
승합(중형),테라팩토리,"테라밴키즈11(2022), 어린이운송용11명",2142,1285,3427,2023년도 전기자동차 의정부시 모델별 보조금,2023,의정부시
승합(중형),테라팩토리,테라밴,2129,1277,3406,2023년도 전기자동차 의정부시 모델별 보조금,2023,의정부시
승합(중형),중원자동차,EV J1,5000,3000,8000,2023년도 전기자동차 의정부시 모델별 보조금,2023,의정부시
승합(대형),현대자동차,일렉시티 이층버스,11900,7100,19000,2023년도 전기자동차 의정부시 모델별 보조금,2023,의정부시
승합(대형),현대자동차,일렉시티(3PACK),6887,0,6887,2023년도 전기자동차 의정부시 모델별 보조금,2023,의정부시
승합(대형),현대자동차,일렉시티(4PACK V1),7000,4200,11200,2023년도 전기자동차 의정부시 모델별 보조금,2023,의정부시
승합(대형),현대자동차,일렉시티(4PACK V2),7000,4200,11200,2023년도 전기자동차 의정부시 모델별 보조금,2023,의정부시
승합(대형),현대자동차,일렉시티 타운,6725,0,6725,2023년도 전기자동차 의정부시 모델별 보조금,2023,의정부시
승합(대형),케이지모빌리티커머셜,SMART 9.3,4990,0,4990,2023년도 전기자동차 의정부시 모델별 보조금,2023,의정부시
승합(대형),케이지모빌리티커머셜,SMART 110(272kWh),5660,0,5660,2023년도 전기자동차 의정부시 모델별 보조금,2023,의정부시
승합(대형),케이지모빌리티커머셜,SMART 110E(347kWh),6330,0,6330,2023년도 전기자동차 의정부시 모델별 보조금,2023,의정부시
승합(대형),케이지모빌리티커머셜,SMART 110(260kWh),5955,0,5955,2023년도 전기자동차 의정부시 모델별 보조금,2023,의정부시
승합(대형),케이지모빌리티커머셜,SMART 110E(260kWh),6277,0,6277,2023년도 전기자동차 의정부시 모델별 보조금,2023,의정부시
승합(대형),우진산전,아폴로900전기버스,4420,0,4420,2023년도 전기자동차 의정부시 모델별 보조금,2023,의정부시
승합(대형),우진산전,아폴로1100전기버스 22MY,7000,0,7000,2023년도 전기자동차 의정부시 모델별 보조금,2023,의정부시
승합(대형),우진산전,아폴로1100전기버스 23MY,7000,4200,11200,2023년도 전기자동차 의정부시 모델별 보조금,2023,의정부시
승합(대형),우진산전,아폴로1200-B43,7000,0,7000,2023년도 전기자동차 의정부시 모델별 보조금,2023,의정부시
승합(대형),피라인모터스,HYPERS(H),5137,0,5137,2023년도 전기자동차 의정부시 모델별 보조금,2023,의정부시
승합(대형),피라인모터스,HYPERS1611,5111,0,5111,2023년도 전기자동차 의정부시 모델별 보조금,2023,의정부시
승합(대형),피라인모터스,HYPERS1609,5143,0,5143,2023년도 전기자동차 의정부시 모델별 보조금,2023,의정부시
승합(대형),피라인모터스,HYPERS1612,3893,0,3893,2023년도 전기자동차 의정부시 모델별 보조금,2023,의정부시
승합(대형),피라인모터스,HYPERS1609H,5572,0,5572,2023년도 전기자동차 의정부시 모델별 보조금,2023,의정부시
승합(대형),피라인모터스,HYPERS1612N,4990,0,4990,2023년도 전기자동차 의정부시 모델별 보조금,2023,의정부시
승합(대형),피라인모터스,HYPERS1609N,6042,0,6042,2023년도 전기자동차 의정부시 모델별 보조금,2023,의정부시
승합(대형),피라인모터스,HYPERS1611N,5620,0,5620,2023년도 전기자동차 의정부시 모델별 보조금,2023,의정부시
승합(대형),피라인모터스,HYPERS1609HN,5993,0,5993,2023년도 전기자동차 의정부시 모델별 보조금,2023,의정부시
승합(대형),피라인모터스,HYPERS1611P,7000,0,7000,2023년도 전기자동차 의정부시 모델별 보조금,2023,의정부시
승합(대형),피라인모터스,HYPERS1609P,7000,0,7000,2023년도 전기자동차 의정부시 모델별 보조금,2023,의정부시
승합(대형),비바모빌리티,(단종)브이버스90N,4287,0,4287,2023년도 전기자동차 의정부시 모델별 보조금,2023,의정부시
승합(대형),비바모빌리티,(단종)브이버스120,4690,0,4690,2023년도 전기자동차 의정부시 모델별 보조금,2023,의정부시
승합(대형),비바모빌리티,(단종)브이버스110-B,4246,0,4246,2023년도 전기자동차 의정부시 모델별 보조금,2023,의정부시
승합(대형),범한자동차,E-SKY11(350kWh),4989,0,4989,2023년도 전기자동차 의정부시 모델별 보조금,2023,의정부시
승합(대형),범한자동차,E-SKY9(281kWh),4978,0,4978,2023년도 전기자동차 의정부시 모델별 보조금,2023,의정부시
승합(대형),범한자동차,E-STAR8 V1,4265,0,4265,2023년도 전기자동차 의정부시 모델별 보조금,2023,의정부시
승합(대형),범한자동차,E-STAR11,4990,0,4990,2023년도 전기자동차 의정부시 모델별 보조금,2023,의정부시
승합(대형),범한자동차,E-STAR12i,4990,0,4990,2023년도 전기자동차 의정부시 모델별 보조금,2023,의정부시
승합(대형),에스에이피,아이즘(IZM),4690,0,4690,2023년도 전기자동차 의정부시 모델별 보조금,2023,의정부시
승합(대형),에스에이피,엘페(ELFE),4388,0,4388,2023년도 전기자동차 의정부시 모델별 보조금,2023,의정부시
승합(대형),에스에이피,리오네(LIONNE),4690,0,4690,2023년도 전기자동차 의정부시 모델별 보조금,2023,의정부시
승합(대형),GS글로벌,NEW BYD eBus-12,4990,0,4990,2023년도 전기자동차 의정부시 모델별 보조금,2023,의정부시
승합(대형),GS글로벌,BYD eBus9,5660,0,5660,2023년도 전기자동차 의정부시 모델별 보조금,2023,의정부시
승합(대형),티에스에코에너지,일레누스(TS1100-1),6633,0,6633,2023년도 전기자동차 의정부시 모델별 보조금,2023,의정부시
승합(대형),티에스에코에너지,일레누스(TS1100-2),6810,0,6810,2023년도 전기자동차 의정부시 모델별 보조금,2023,의정부시
승합(대형),티에스에코에너지,일레누스(TS900),6451,0,6451,2023년도 전기자동차 의정부시 모델별 보조금,2023,의정부시
승합(대형),이온모터스,시티라이트Ⅱ,4861,0,4861,2023년도 전기자동차 의정부시 모델별 보조금,2023,의정부시
승합(대형),이온모터스,시티라이트9,4990,0,4990,2023년도 전기자동차 의정부시 모델별 보조금,2023,의정부시
승합(대형),한차,GREENWAY1100,5394,0,5394,2023년도 전기자동차 의정부시 모델별 보조금,2023,의정부시
승합(대형),한차,GREENWAY1100A,6258,0,6258,2023년도 전기자동차 의정부시 모델별 보조금,2023,의정부시
승합(대형),이엠코리아,에픽시티(LFP),4990,2994,7984,2023년도 전기자동차 의정부시 모델별 보조금,2023,의정부시
승합(대형),이엠코리아,에픽타운(LFP),4406,2643,7049,2023년도 전기자동차 의정부시 모델별 보조금,2023,의정부시
승합(대형),태영티엔티,GD11,2857,0,2857,2023년도 전기자동차 의정부시 모델별 보조금,2023,의정부시
승합(대형),재일홀딩스,그린타운400,3846,0,3846,2023년도 전기자동차 의정부시 모델별 보조금,2023,의정부시
승합(대형),아이버스,아이버스어린이운송차,5727,0,5727,2023년도 전기자동차 의정부시 모델별 보조금,2023,의정부시
승합(대형),서울시티투어버스,타이거클래식트롤리버스,3161,0,3161,2023년도 전기자동차 의정부시 모델별 보조금,2023,의정부시
승합(중형),현대자동차,(단종)카운티 일렉트릭(어린이운송용 33인승 V2),4052,2430,6482,2023년도 전기자동차 안양시 모델별 보조금,2023,안양시
승합(중형),현대자동차,카운티 일렉트릭,4834,2900,7734,2023년도 전기자동차 안양시 모델별 보조금,2023,안양시
승합(중형),현대자동차,카운티 일렉트릭(마을버스),5000,3000,8000,2023년도 전기자동차 안양시 모델별 보조금,2023,안양시
승합(중형),이비온,"E6(JL618S), 어린이통학",2362,1416,3778,2023년도 전기자동차 안양시 모델별 보조금,2023,안양시
승합(중형),GS글로벌,NEW BYD eBus-7,2894,1736,4630,2023년도 전기자동차 안양시 모델별 보조금,2023,안양시
승합(중형),비바모빌리티,(단종)브이버스60,3211,1926,5137,2023년도 전기자동차 안양시 모델별 보조금,2023,안양시
승합(중형),케이지모빌리티커머셜,SMART 8.7,4308,2584,6892,2023년도 전기자동차 안양시 모델별 보조금,2023,안양시
승합(중형),한차,GREENWAY720,4530,2718,7248,2023년도 전기자동차 안양시 모델별 보조금,2023,안양시
승합(중형),테라팩토리,테라밴키즈,1911,1146,3057,2023년도 전기자동차 안양시 모델별 보조금,2023,안양시
승합(중형),테라팩토리,테라밴키즈11,1902,1140,3042,2023년도 전기자동차 안양시 모델별 보조금,2023,안양시
승합(중형),테라팩토리,테라밴,1889,1132,3021,2023년도 전기자동차 안양시 모델별 보조금,2023,안양시
승합(중형),테라팩토리,"테라밴키즈(2022), 어린이운송용14명",2151,1290,3441,2023년도 전기자동차 안양시 모델별 보조금,2023,안양시
승합(중형),테라팩토리,"테라밴키즈11(2022), 어린이운송용11명",2142,1284,3426,2023년도 전기자동차 안양시 모델별 보조금,2023,안양시
승합(중형),테라팩토리,테라밴,2129,1276,3405,2023년도 전기자동차 안양시 모델별 보조금,2023,안양시
승합(중형),중원자동차,EV J1,5000,3000,8000,2023년도 전기자동차 안양시 모델별 보조금,2023,안양시
승합(대형),현대자동차,일렉시티 이층버스,11900,0,11900,2023년도 전기자동차 안양시 모델별 보조금,2023,안양시
승합(대형),현대자동차,일렉시티(3PACK),6887,4132,11019,2023년도 전기자동차 안양시 모델별 보조금,2023,안양시
승합(대형),현대자동차,일렉시티(4PACK V1),7000,4200,11200,2023년도 전기자동차 안양시 모델별 보조금,2023,안양시
승합(대형),현대자동차,일렉시티(4PACK V2),7000,4200,11200,2023년도 전기자동차 안양시 모델별 보조금,2023,안양시
승합(대형),현대자동차,일렉시티 타운,6725,4034,10759,2023년도 전기자동차 안양시 모델별 보조금,2023,안양시
승합(대형),케이지모빌리티커머셜,SMART 9.3,4990,2994,7984,2023년도 전기자동차 안양시 모델별 보조금,2023,안양시
승합(대형),케이지모빌리티커머셜,SMART 110(272kWh),5660,3396,9056,2023년도 전기자동차 안양시 모델별 보조금,2023,안양시
승합(대형),케이지모빌리티커머셜,SMART 110E(347kWh),6330,3798,10128,2023년도 전기자동차 안양시 모델별 보조금,2023,안양시
승합(대형),케이지모빌리티커머셜,SMART 110(260kWh),5955,3572,9527,2023년도 전기자동차 안양시 모델별 보조금,2023,안양시
승합(대형),케이지모빌리티커머셜,SMART 110E(260kWh),6277,3766,10043,2023년도 전기자동차 안양시 모델별 보조금,2023,안양시
승합(대형),우진산전,아폴로900전기버스,4420,2652,7072,2023년도 전기자동차 안양시 모델별 보조금,2023,안양시
승합(대형),우진산전,아폴로1100전기버스 22MY,7000,4200,11200,2023년도 전기자동차 안양시 모델별 보조금,2023,안양시
승합(대형),우진산전,아폴로1100전기버스 23MY,7000,4200,11200,2023년도 전기자동차 안양시 모델별 보조금,2023,안양시
승합(대형),우진산전,아폴로1200-B43,7000,4200,11200,2023년도 전기자동차 안양시 모델별 보조금,2023,안양시
승합(대형),피라인모터스,HYPERS(H),5137,3082,8219,2023년도 전기자동차 안양시 모델별 보조금,2023,안양시
승합(대형),피라인모터스,HYPERS1611,5111,3066,8177,2023년도 전기자동차 안양시 모델별 보조금,2023,안양시
승합(대형),피라인모터스,HYPERS1609,5143,3084,8227,2023년도 전기자동차 안양시 모델별 보조금,2023,안양시
승합(대형),피라인모터스,HYPERS1612,3893,2334,6227,2023년도 전기자동차 안양시 모델별 보조금,2023,안양시
승합(대형),피라인모터스,HYPERS1609H,5572,3342,8914,2023년도 전기자동차 안양시 모델별 보조금,2023,안양시
승합(대형),피라인모터스,HYPERS1612N,4990,2994,7984,2023년도 전기자동차 안양시 모델별 보조금,2023,안양시
승합(대형),피라인모터스,HYPERS1609N,6042,3624,9666,2023년도 전기자동차 안양시 모델별 보조금,2023,안양시
승합(대형),피라인모터스,HYPERS1611N,5620,3372,8992,2023년도 전기자동차 안양시 모델별 보조금,2023,안양시
승합(대형),피라인모터스,HYPERS1609HN,5993,3594,9587,2023년도 전기자동차 안양시 모델별 보조금,2023,안양시
승합(대형),피라인모터스,HYPERS1611P,7000,4200,11200,2023년도 전기자동차 안양시 모델별 보조금,2023,안양시
승합(대형),피라인모터스,HYPERS1609P,7000,4200,11200,2023년도 전기자동차 안양시 모델별 보조금,2023,안양시
승합(대형),비바모빌리티,(단종)브이버스90N,4287,2572,6859,2023년도 전기자동차 안양시 모델별 보조금,2023,안양시
승합(대형),비바모빌리티,(단종)브이버스120,4690,2814,7504,2023년도 전기자동차 안양시 모델별 보조금,2023,안양시
승합(대형),비바모빌리티,(단종)브이버스110-B,4246,2546,6792,2023년도 전기자동차 안양시 모델별 보조금,2023,안양시
승합(대형),범한자동차,E-SKY11(350kWh),4989,2992,7981,2023년도 전기자동차 안양시 모델별 보조금,2023,안양시
승합(대형),범한자동차,E-SKY9(281kWh),4978,2986,7964,2023년도 전기자동차 안양시 모델별 보조금,2023,안양시
승합(대형),범한자동차,E-STAR8 V1,4265,2558,6823,2023년도 전기자동차 안양시 모델별 보조금,2023,안양시
승합(대형),범한자동차,E-STAR11,4990,2994,7984,2023년도 전기자동차 안양시 모델별 보조금,2023,안양시
승합(대형),범한자동차,E-STAR12i,4990,2994,7984,2023년도 전기자동차 안양시 모델별 보조금,2023,안양시
승합(대형),에스에이피,아이즘(IZM),4690,2814,7504,2023년도 전기자동차 안양시 모델별 보조금,2023,안양시
승합(대형),에스에이피,엘페(ELFE),4388,2632,7020,2023년도 전기자동차 안양시 모델별 보조금,2023,안양시
승합(대형),에스에이피,리오네(LIONNE),4690,2814,7504,2023년도 전기자동차 안양시 모델별 보조금,2023,안양시
승합(대형),GS글로벌,NEW BYD eBus-12,4990,2994,7984,2023년도 전기자동차 안양시 모델별 보조금,2023,안양시
승합(대형),GS글로벌,BYD eBus9,5660,3396,9056,2023년도 전기자동차 안양시 모델별 보조금,2023,안양시
승합(대형),티에스에코에너지,일레누스(TS1100-1),6633,3978,10611,2023년도 전기자동차 안양시 모델별 보조금,2023,안양시
승합(대형),티에스에코에너지,일레누스(TS1100-2),6810,4086,10896,2023년도 전기자동차 안양시 모델별 보조금,2023,안양시
승합(대형),티에스에코에너지,일레누스(TS900),6451,3870,10321,2023년도 전기자동차 안양시 모델별 보조금,2023,안양시
승합(대형),이온모터스,시티라이트Ⅱ,4861,2916,7777,2023년도 전기자동차 안양시 모델별 보조금,2023,안양시
승합(대형),이온모터스,시티라이트9,4990,2994,7984,2023년도 전기자동차 안양시 모델별 보조금,2023,안양시
승합(대형),한차,GREENWAY1100,5394,3236,8630,2023년도 전기자동차 안양시 모델별 보조금,2023,안양시
승합(대형),한차,GREENWAY1100A,6258,3754,10012,2023년도 전기자동차 안양시 모델별 보조금,2023,안양시
승합(대형),이엠코리아,에픽시티(LFP),4990,2994,7984,2023년도 전기자동차 안양시 모델별 보조금,2023,안양시
승합(대형),이엠코리아,에픽타운(LFP),4406,2642,7048,2023년도 전기자동차 안양시 모델별 보조금,2023,안양시
승합(대형),태영티엔티,GD11,2857,1714,4571,2023년도 전기자동차 안양시 모델별 보조금,2023,안양시
승합(대형),재일홀딩스,그린타운400,3846,2306,6152,2023년도 전기자동차 안양시 모델별 보조금,2023,안양시
승합(대형),아이버스,아이버스어린이운송차,5727,3436,9163,2023년도 전기자동차 안양시 모델별 보조금,2023,안양시
승합(대형),서울시티투어버스,타이거클래식트롤리버스,3161,1896,5057,2023년도 전기자동차 안양시 모델별 보조금,2023,안양시
승합(중형),현대자동차,(단종)카운티 일렉트릭(어린이운송용 33인승 V2),4052,2430,6482,2023년도 전기자동차 부천시 모델별 보조금,2023,부천시
승합(중형),현대자동차,카운티 일렉트릭,4834,2900,7734,2023년도 전기자동차 부천시 모델별 보조금,2023,부천시
승합(중형),현대자동차,카운티 일렉트릭(마을버스),5000,3000,8000,2023년도 전기자동차 부천시 모델별 보조금,2023,부천시
승합(중형),이비온,"E6(JL618S), 어린이통학",2362,1416,3778,2023년도 전기자동차 부천시 모델별 보조금,2023,부천시
승합(중형),GS글로벌,NEW BYD eBus-7,2894,0,2894,2023년도 전기자동차 부천시 모델별 보조금,2023,부천시
승합(중형),비바모빌리티,(단종)브이버스60,3211,0,3211,2023년도 전기자동차 부천시 모델별 보조금,2023,부천시
승합(중형),케이지모빌리티커머셜,SMART 8.7,4308,0,4308,2023년도 전기자동차 부천시 모델별 보조금,2023,부천시
승합(중형),한차,GREENWAY720,4530,0,4530,2023년도 전기자동차 부천시 모델별 보조금,2023,부천시
승합(중형),테라팩토리,테라밴키즈,1911,0,1911,2023년도 전기자동차 부천시 모델별 보조금,2023,부천시
승합(중형),테라팩토리,테라밴키즈11,1902,0,1902,2023년도 전기자동차 부천시 모델별 보조금,2023,부천시
승합(중형),테라팩토리,테라밴,1889,0,1889,2023년도 전기자동차 부천시 모델별 보조금,2023,부천시
승합(중형),테라팩토리,"테라밴키즈(2022), 어린이운송용14명",2151,0,2151,2023년도 전기자동차 부천시 모델별 보조금,2023,부천시
승합(중형),테라팩토리,"테라밴키즈11(2022), 어린이운송용11명",2142,0,2142,2023년도 전기자동차 부천시 모델별 보조금,2023,부천시
승합(중형),테라팩토리,테라밴,2129,0,2129,2023년도 전기자동차 부천시 모델별 보조금,2023,부천시
승합(중형),중원자동차,EV J1,5000,0,5000,2023년도 전기자동차 부천시 모델별 보조금,2023,부천시
승합(대형),현대자동차,일렉시티 이층버스,11900,0,11900,2023년도 전기자동차 부천시 모델별 보조금,2023,부천시
승합(대형),현대자동차,일렉시티(3PACK),6887,0,6887,2023년도 전기자동차 부천시 모델별 보조금,2023,부천시
승합(대형),현대자동차,일렉시티(4PACK V1),7000,4200,11200,2023년도 전기자동차 부천시 모델별 보조금,2023,부천시
승합(대형),현대자동차,일렉시티(4PACK V2),7000,4200,11200,2023년도 전기자동차 부천시 모델별 보조금,2023,부천시
승합(대형),현대자동차,일렉시티 타운,6725,4034,10759,2023년도 전기자동차 부천시 모델별 보조금,2023,부천시
승합(대형),케이지모빌리티커머셜,SMART 9.3,4990,0,4990,2023년도 전기자동차 부천시 모델별 보조금,2023,부천시
승합(대형),케이지모빌리티커머셜,SMART 110(272kWh),5660,0,5660,2023년도 전기자동차 부천시 모델별 보조금,2023,부천시
승합(대형),케이지모빌리티커머셜,SMART 110E(347kWh),6330,0,6330,2023년도 전기자동차 부천시 모델별 보조금,2023,부천시
승합(대형),케이지모빌리티커머셜,SMART 110(260kWh),5955,0,5955,2023년도 전기자동차 부천시 모델별 보조금,2023,부천시
승합(대형),케이지모빌리티커머셜,SMART 110E(260kWh),6277,0,6277,2023년도 전기자동차 부천시 모델별 보조금,2023,부천시
승합(대형),우진산전,아폴로900전기버스,4420,0,4420,2023년도 전기자동차 부천시 모델별 보조금,2023,부천시
승합(대형),우진산전,아폴로1100전기버스 22MY,7000,0,7000,2023년도 전기자동차 부천시 모델별 보조금,2023,부천시
승합(대형),우진산전,아폴로1100전기버스 23MY,7000,0,7000,2023년도 전기자동차 부천시 모델별 보조금,2023,부천시
승합(대형),우진산전,아폴로1200-B43,7000,0,7000,2023년도 전기자동차 부천시 모델별 보조금,2023,부천시
승합(대형),피라인모터스,HYPERS(H),5137,0,5137,2023년도 전기자동차 부천시 모델별 보조금,2023,부천시
승합(대형),피라인모터스,HYPERS1611,5111,0,5111,2023년도 전기자동차 부천시 모델별 보조금,2023,부천시
승합(대형),피라인모터스,HYPERS1609,5143,0,5143,2023년도 전기자동차 부천시 모델별 보조금,2023,부천시
승합(대형),피라인모터스,HYPERS1612,3893,0,3893,2023년도 전기자동차 부천시 모델별 보조금,2023,부천시
승합(대형),피라인모터스,HYPERS1609H,5572,0,5572,2023년도 전기자동차 부천시 모델별 보조금,2023,부천시
승합(대형),피라인모터스,HYPERS1612N,4990,0,4990,2023년도 전기자동차 부천시 모델별 보조금,2023,부천시
승합(대형),피라인모터스,HYPERS1609N,6042,0,6042,2023년도 전기자동차 부천시 모델별 보조금,2023,부천시
승합(대형),피라인모터스,HYPERS1611N,5620,0,5620,2023년도 전기자동차 부천시 모델별 보조금,2023,부천시
승합(대형),피라인모터스,HYPERS1609HN,5993,0,5993,2023년도 전기자동차 부천시 모델별 보조금,2023,부천시
승합(대형),피라인모터스,HYPERS1611P,7000,4200,11200,2023년도 전기자동차 부천시 모델별 보조금,2023,부천시
승합(대형),피라인모터스,HYPERS1609P,7000,0,7000,2023년도 전기자동차 부천시 모델별 보조금,2023,부천시
승합(대형),비바모빌리티,(단종)브이버스90N,4287,0,4287,2023년도 전기자동차 부천시 모델별 보조금,2023,부천시
승합(대형),비바모빌리티,(단종)브이버스120,4690,0,4690,2023년도 전기자동차 부천시 모델별 보조금,2023,부천시
승합(대형),비바모빌리티,(단종)브이버스110-B,4246,0,4246,2023년도 전기자동차 부천시 모델별 보조금,2023,부천시
승합(대형),범한자동차,E-SKY11(350kWh),4989,0,4989,2023년도 전기자동차 부천시 모델별 보조금,2023,부천시
승합(대형),범한자동차,E-SKY9(281kWh),4978,0,4978,2023년도 전기자동차 부천시 모델별 보조금,2023,부천시
승합(대형),범한자동차,E-STAR8 V1,4265,0,4265,2023년도 전기자동차 부천시 모델별 보조금,2023,부천시
승합(대형),범한자동차,E-STAR11,4990,0,4990,2023년도 전기자동차 부천시 모델별 보조금,2023,부천시
승합(대형),범한자동차,E-STAR12i,4990,0,4990,2023년도 전기자동차 부천시 모델별 보조금,2023,부천시
승합(대형),에스에이피,아이즘(IZM),4690,0,4690,2023년도 전기자동차 부천시 모델별 보조금,2023,부천시
승합(대형),에스에이피,엘페(ELFE),4388,0,4388,2023년도 전기자동차 부천시 모델별 보조금,2023,부천시
승합(대형),에스에이피,리오네(LIONNE),4690,0,4690,2023년도 전기자동차 부천시 모델별 보조금,2023,부천시
승합(대형),GS글로벌,NEW BYD eBus-12,4990,2994,7984,2023년도 전기자동차 부천시 모델별 보조금,2023,부천시
승합(대형),GS글로벌,BYD eBus9,5660,0,5660,2023년도 전기자동차 부천시 모델별 보조금,2023,부천시
승합(대형),티에스에코에너지,일레누스(TS1100-1),6633,0,6633,2023년도 전기자동차 부천시 모델별 보조금,2023,부천시
승합(대형),티에스에코에너지,일레누스(TS1100-2),6810,0,6810,2023년도 전기자동차 부천시 모델별 보조금,2023,부천시
승합(대형),티에스에코에너지,일레누스(TS900),6451,0,6451,2023년도 전기자동차 부천시 모델별 보조금,2023,부천시
승합(대형),이온모터스,시티라이트Ⅱ,4861,0,4861,2023년도 전기자동차 부천시 모델별 보조금,2023,부천시
승합(대형),이온모터스,시티라이트9,4990,0,4990,2023년도 전기자동차 부천시 모델별 보조금,2023,부천시
승합(대형),한차,GREENWAY1100,5394,0,5394,2023년도 전기자동차 부천시 모델별 보조금,2023,부천시
승합(대형),한차,GREENWAY1100A,6258,0,6258,2023년도 전기자동차 부천시 모델별 보조금,2023,부천시
승합(대형),이엠코리아,에픽시티(LFP),4990,0,4990,2023년도 전기자동차 부천시 모델별 보조금,2023,부천시
승합(대형),이엠코리아,에픽타운(LFP),4406,0,4406,2023년도 전기자동차 부천시 모델별 보조금,2023,부천시
승합(대형),태영티엔티,GD11,2857,0,2857,2023년도 전기자동차 부천시 모델별 보조금,2023,부천시
승합(대형),재일홀딩스,그린타운400,3846,0,3846,2023년도 전기자동차 부천시 모델별 보조금,2023,부천시
승합(대형),아이버스,아이버스어린이운송차,5727,0,5727,2023년도 전기자동차 부천시 모델별 보조금,2023,부천시
승합(대형),서울시티투어버스,타이거클래식트롤리버스,3161,0,3161,2023년도 전기자동차 부천시 모델별 보조금,2023,부천시
승합(중형),현대자동차,(단종)카운티 일렉트릭(어린이운송용 33인승 V2),4052,0,4052,2023년도 전기자동차 광명시 모델별 보조금,2023,광명시
승합(중형),현대자동차,카운티 일렉트릭,4834,0,4834,2023년도 전기자동차 광명시 모델별 보조금,2023,광명시
승합(중형),현대자동차,카운티 일렉트릭(마을버스),5000,0,5000,2023년도 전기자동차 광명시 모델별 보조금,2023,광명시
승합(중형),이비온,"E6(JL618S), 어린이통학",2362,0,2362,2023년도 전기자동차 광명시 모델별 보조금,2023,광명시
승합(중형),GS글로벌,NEW BYD eBus-7,2894,0,2894,2023년도 전기자동차 광명시 모델별 보조금,2023,광명시
승합(중형),비바모빌리티,(단종)브이버스60,3211,0,3211,2023년도 전기자동차 광명시 모델별 보조금,2023,광명시
승합(중형),케이지모빌리티커머셜,SMART 8.7,4308,2584,6892,2023년도 전기자동차 광명시 모델별 보조금,2023,광명시
승합(중형),한차,GREENWAY720,4530,0,4530,2023년도 전기자동차 광명시 모델별 보조금,2023,광명시
승합(중형),테라팩토리,테라밴키즈,1911,0,1911,2023년도 전기자동차 광명시 모델별 보조금,2023,광명시
승합(중형),테라팩토리,테라밴키즈11,1902,0,1902,2023년도 전기자동차 광명시 모델별 보조금,2023,광명시
승합(중형),테라팩토리,테라밴,1889,0,1889,2023년도 전기자동차 광명시 모델별 보조금,2023,광명시
승합(중형),테라팩토리,"테라밴키즈(2022), 어린이운송용14명",2151,0,2151,2023년도 전기자동차 광명시 모델별 보조금,2023,광명시
승합(중형),테라팩토리,"테라밴키즈11(2022), 어린이운송용11명",2142,0,2142,2023년도 전기자동차 광명시 모델별 보조금,2023,광명시
승합(중형),테라팩토리,테라밴,2129,0,2129,2023년도 전기자동차 광명시 모델별 보조금,2023,광명시
승합(중형),중원자동차,EV J1,5000,0,5000,2023년도 전기자동차 광명시 모델별 보조금,2023,광명시
승합(대형),현대자동차,일렉시티 이층버스,11900,0,11900,2023년도 전기자동차 광명시 모델별 보조금,2023,광명시
승합(대형),현대자동차,일렉시티(3PACK),6887,4132,11019,2023년도 전기자동차 광명시 모델별 보조금,2023,광명시
승합(대형),현대자동차,일렉시티(4PACK V1),7000,4200,11200,2023년도 전기자동차 광명시 모델별 보조금,2023,광명시
승합(대형),현대자동차,일렉시티(4PACK V2),7000,4200,11200,2023년도 전기자동차 광명시 모델별 보조금,2023,광명시
승합(대형),현대자동차,일렉시티 타운,6725,4035,10760,2023년도 전기자동차 광명시 모델별 보조금,2023,광명시
승합(대형),케이지모빌리티커머셜,SMART 9.3,4990,2994,7984,2023년도 전기자동차 광명시 모델별 보조금,2023,광명시
승합(대형),케이지모빌리티커머셜,SMART 110(272kWh),5660,0,5660,2023년도 전기자동차 광명시 모델별 보조금,2023,광명시
승합(대형),케이지모빌리티커머셜,SMART 110E(347kWh),6330,0,6330,2023년도 전기자동차 광명시 모델별 보조금,2023,광명시
승합(대형),케이지모빌리티커머셜,SMART 110(260kWh),5955,3573,9528,2023년도 전기자동차 광명시 모델별 보조금,2023,광명시
승합(대형),케이지모빌리티커머셜,SMART 110E(260kWh),6277,0,6277,2023년도 전기자동차 광명시 모델별 보조금,2023,광명시
승합(대형),우진산전,아폴로900전기버스,4420,0,4420,2023년도 전기자동차 광명시 모델별 보조금,2023,광명시
승합(대형),우진산전,아폴로1100전기버스 22MY,7000,0,7000,2023년도 전기자동차 광명시 모델별 보조금,2023,광명시
승합(대형),우진산전,아폴로1100전기버스 23MY,7000,0,7000,2023년도 전기자동차 광명시 모델별 보조금,2023,광명시
승합(대형),피라인모터스,HYPERS(H),5137,0,5137,2023년도 전기자동차 광명시 모델별 보조금,2023,광명시
승합(대형),피라인모터스,HYPERS1611,5111,0,5111,2023년도 전기자동차 광명시 모델별 보조금,2023,광명시
승합(대형),피라인모터스,HYPERS1609,5143,0,5143,2023년도 전기자동차 광명시 모델별 보조금,2023,광명시
승합(대형),피라인모터스,HYPERS1612,3893,0,3893,2023년도 전기자동차 광명시 모델별 보조금,2023,광명시
승합(대형),피라인모터스,HYPERS1609H,5572,0,5572,2023년도 전기자동차 광명시 모델별 보조금,2023,광명시
승합(대형),피라인모터스,HYPERS1612N,4990,0,4990,2023년도 전기자동차 광명시 모델별 보조금,2023,광명시
승합(대형),피라인모터스,HYPERS1609N,6042,0,6042,2023년도 전기자동차 광명시 모델별 보조금,2023,광명시
승합(대형),피라인모터스,HYPERS1611N,5620,0,5620,2023년도 전기자동차 광명시 모델별 보조금,2023,광명시
승합(대형),피라인모터스,HYPERS1609HN,5993,0,5993,2023년도 전기자동차 광명시 모델별 보조금,2023,광명시
승합(대형),피라인모터스,HYPERS1611P,7000,4200,11200,2023년도 전기자동차 광명시 모델별 보조금,2023,광명시
승합(대형),비바모빌리티,(단종)브이버스90N,4287,0,4287,2023년도 전기자동차 광명시 모델별 보조금,2023,광명시
승합(대형),비바모빌리티,(단종)브이버스120,4690,0,4690,2023년도 전기자동차 광명시 모델별 보조금,2023,광명시
승합(대형),비바모빌리티,(단종)브이버스110-B,4246,0,4246,2023년도 전기자동차 광명시 모델별 보조금,2023,광명시
승합(대형),범한자동차,E-SKY11(350kWh),4989,2994,7983,2023년도 전기자동차 광명시 모델별 보조금,2023,광명시
승합(대형),범한자동차,E-SKY9(281kWh),4978,2986,7964,2023년도 전기자동차 광명시 모델별 보조금,2023,광명시
승합(대형),범한자동차,E-STAR8 V1,4265,2559,6824,2023년도 전기자동차 광명시 모델별 보조금,2023,광명시
승합(대형),범한자동차,E-STAR11,4990,2994,7984,2023년도 전기자동차 광명시 모델별 보조금,2023,광명시
승합(대형),범한자동차,E-STAR12i,4990,0,4990,2023년도 전기자동차 광명시 모델별 보조금,2023,광명시
승합(대형),에스에이피,아이즘(IZM),4690,0,4690,2023년도 전기자동차 광명시 모델별 보조금,2023,광명시
승합(대형),에스에이피,엘페(ELFE),4388,0,4388,2023년도 전기자동차 광명시 모델별 보조금,2023,광명시
승합(대형),에스에이피,리오네(LIONNE),4690,0,4690,2023년도 전기자동차 광명시 모델별 보조금,2023,광명시
승합(대형),GS글로벌,NEW BYD eBus-12,4990,2994,7984,2023년도 전기자동차 광명시 모델별 보조금,2023,광명시
승합(대형),GS글로벌,BYD eBus9,5660,3396,9056,2023년도 전기자동차 광명시 모델별 보조금,2023,광명시
승합(대형),티에스에코에너지,일레누스(TS1100-1),6633,3979,10612,2023년도 전기자동차 광명시 모델별 보조금,2023,광명시
승합(대형),티에스에코에너지,일레누스(TS1100-2),6810,0,6810,2023년도 전기자동차 광명시 모델별 보조금,2023,광명시
승합(대형),티에스에코에너지,일레누스(TS900),6451,0,6451,2023년도 전기자동차 광명시 모델별 보조금,2023,광명시
승합(대형),이온모터스,시티라이트Ⅱ,4861,0,4861,2023년도 전기자동차 광명시 모델별 보조금,2023,광명시
승합(대형),이온모터스,시티라이트9,4990,0,4990,2023년도 전기자동차 광명시 모델별 보조금,2023,광명시
승합(대형),한차,GREENWAY1100,5394,0,5394,2023년도 전기자동차 광명시 모델별 보조금,2023,광명시
승합(대형),한차,GREENWAY1100A,6258,0,6258,2023년도 전기자동차 광명시 모델별 보조금,2023,광명시
승합(대형),이엠코리아,에픽시티(LFP),4990,0,4990,2023년도 전기자동차 광명시 모델별 보조금,2023,광명시
승합(대형),이엠코리아,에픽타운(LFP),4406,0,4406,2023년도 전기자동차 광명시 모델별 보조금,2023,광명시
승합(대형),태영티엔티,GD11,2857,0,2857,2023년도 전기자동차 광명시 모델별 보조금,2023,광명시
승합(대형),재일홀딩스,그린타운400,3846,0,3846,2023년도 전기자동차 광명시 모델별 보조금,2023,광명시
승합(대형),아이버스,아이버스어린이운송차,5727,0,5727,2023년도 전기자동차 광명시 모델별 보조금,2023,광명시
승합(중형),현대자동차,(단종)카운티 일렉트릭(어린이운송용 33인승 V2),4052,2432,6484,2023년도 전기자동차 평택시 모델별 보조금,2023,평택시
승합(중형),현대자동차,카운티 일렉트릭,4834,2900,7734,2023년도 전기자동차 평택시 모델별 보조금,2023,평택시
승합(중형),현대자동차,카운티 일렉트릭(마을버스),5000,3000,8000,2023년도 전기자동차 평택시 모델별 보조금,2023,평택시
승합(중형),이비온,"E6(JL618S), 어린이통학",2362,1418,3780,2023년도 전기자동차 평택시 모델별 보조금,2023,평택시
승합(중형),GS글로벌,NEW BYD eBus-7,2894,1736,4630,2023년도 전기자동차 평택시 모델별 보조금,2023,평택시
승합(중형),비바모빌리티,(단종)브이버스60,3211,1926,5137,2023년도 전기자동차 평택시 모델별 보조금,2023,평택시
승합(중형),케이지모빌리티커머셜,SMART 8.7,4308,2584,6892,2023년도 전기자동차 평택시 모델별 보조금,2023,평택시
승합(중형),한차,GREENWAY720,4530,2718,7248,2023년도 전기자동차 평택시 모델별 보조금,2023,평택시
승합(중형),테라팩토리,테라밴키즈,1911,1146,3057,2023년도 전기자동차 평택시 모델별 보조금,2023,평택시
승합(중형),테라팩토리,테라밴키즈11,1902,1142,3044,2023년도 전기자동차 평택시 모델별 보조금,2023,평택시
승합(중형),테라팩토리,테라밴,1889,1134,3023,2023년도 전기자동차 평택시 모델별 보조금,2023,평택시
승합(중형),테라팩토리,"테라밴키즈(2022), 어린이운송용14명",2151,1290,3441,2023년도 전기자동차 평택시 모델별 보조금,2023,평택시
승합(중형),테라팩토리,"테라밴키즈11(2022), 어린이운송용11명",2142,1286,3428,2023년도 전기자동차 평택시 모델별 보조금,2023,평택시
승합(중형),테라팩토리,테라밴,2129,1278,3407,2023년도 전기자동차 평택시 모델별 보조금,2023,평택시
승합(중형),중원자동차,EV J1,5000,3000,8000,2023년도 전기자동차 평택시 모델별 보조금,2023,평택시
승합(대형),현대자동차,일렉시티 이층버스,11900,7100,19000,2023년도 전기자동차 평택시 모델별 보조금,2023,평택시
승합(대형),현대자동차,일렉시티(3PACK),6887,4132,11019,2023년도 전기자동차 평택시 모델별 보조금,2023,평택시
승합(대형),현대자동차,일렉시티(4PACK V1),7000,4200,11200,2023년도 전기자동차 평택시 모델별 보조금,2023,평택시
승합(대형),현대자동차,일렉시티(4PACK V2),7000,4200,11200,2023년도 전기자동차 평택시 모델별 보조금,2023,평택시
승합(대형),현대자동차,일렉시티 타운,6725,4036,10761,2023년도 전기자동차 평택시 모델별 보조금,2023,평택시
승합(대형),케이지모빌리티커머셜,SMART 9.3,4990,2994,7984,2023년도 전기자동차 평택시 모델별 보조금,2023,평택시
승합(대형),케이지모빌리티커머셜,SMART 110(272kWh),5660,3396,9056,2023년도 전기자동차 평택시 모델별 보조금,2023,평택시
승합(대형),케이지모빌리티커머셜,SMART 110E(347kWh),6330,3798,10128,2023년도 전기자동차 평택시 모델별 보조금,2023,평택시
승합(대형),케이지모빌리티커머셜,SMART 110(260kWh),5955,3574,9529,2023년도 전기자동차 평택시 모델별 보조금,2023,평택시
승합(대형),케이지모빌리티커머셜,SMART 110E(260kWh),6277,3766,10043,2023년도 전기자동차 평택시 모델별 보조금,2023,평택시
승합(대형),우진산전,아폴로900전기버스,4420,2652,7072,2023년도 전기자동차 평택시 모델별 보조금,2023,평택시
승합(대형),우진산전,아폴로1100전기버스 22MY,7000,4200,11200,2023년도 전기자동차 평택시 모델별 보조금,2023,평택시
승합(대형),우진산전,아폴로1100전기버스 23MY,7000,4200,11200,2023년도 전기자동차 평택시 모델별 보조금,2023,평택시
승합(대형),우진산전,아폴로1200-B43,7000,4200,11200,2023년도 전기자동차 평택시 모델별 보조금,2023,평택시
승합(대형),피라인모터스,HYPERS(H),5137,3082,8219,2023년도 전기자동차 평택시 모델별 보조금,2023,평택시
승합(대형),피라인모터스,HYPERS1611,5111,3066,8177,2023년도 전기자동차 평택시 모델별 보조금,2023,평택시
승합(대형),피라인모터스,HYPERS1609,5143,3084,8227,2023년도 전기자동차 평택시 모델별 보조금,2023,평택시
승합(대형),피라인모터스,HYPERS1612,3893,2336,6229,2023년도 전기자동차 평택시 모델별 보조금,2023,평택시
승합(대형),피라인모터스,HYPERS1609H,5572,3344,8916,2023년도 전기자동차 평택시 모델별 보조금,2023,평택시
승합(대형),피라인모터스,HYPERS1612N,4990,2994,7984,2023년도 전기자동차 평택시 모델별 보조금,2023,평택시
승합(대형),피라인모터스,HYPERS1609N,6042,3626,9668,2023년도 전기자동차 평택시 모델별 보조금,2023,평택시
승합(대형),피라인모터스,HYPERS1611N,5620,3372,8992,2023년도 전기자동차 평택시 모델별 보조금,2023,평택시
승합(대형),피라인모터스,HYPERS1609HN,5993,3596,9589,2023년도 전기자동차 평택시 모델별 보조금,2023,평택시
승합(대형),피라인모터스,HYPERS1611P,7000,0,7000,2023년도 전기자동차 평택시 모델별 보조금,2023,평택시
승합(대형),피라인모터스,HYPERS1609P,7000,0,7000,2023년도 전기자동차 평택시 모델별 보조금,2023,평택시
승합(대형),비바모빌리티,(단종)브이버스90N,4287,2572,6859,2023년도 전기자동차 평택시 모델별 보조금,2023,평택시
승합(대형),비바모빌리티,(단종)브이버스120,4690,2814,7504,2023년도 전기자동차 평택시 모델별 보조금,2023,평택시
승합(대형),비바모빌리티,(단종)브이버스110-B,4246,2548,6794,2023년도 전기자동차 평택시 모델별 보조금,2023,평택시
승합(대형),범한자동차,E-SKY11(350kWh),4989,2994,7983,2023년도 전기자동차 평택시 모델별 보조금,2023,평택시
승합(대형),범한자동차,E-SKY9(281kWh),4978,2988,7966,2023년도 전기자동차 평택시 모델별 보조금,2023,평택시
승합(대형),범한자동차,E-STAR8 V1,4265,2560,6825,2023년도 전기자동차 평택시 모델별 보조금,2023,평택시
승합(대형),범한자동차,E-STAR11,4990,2994,7984,2023년도 전기자동차 평택시 모델별 보조금,2023,평택시
승합(대형),범한자동차,E-STAR12i,4990,2994,7984,2023년도 전기자동차 평택시 모델별 보조금,2023,평택시
승합(대형),에스에이피,아이즘(IZM),4690,2814,7504,2023년도 전기자동차 평택시 모델별 보조금,2023,평택시
승합(대형),에스에이피,엘페(ELFE),4388,2634,7022,2023년도 전기자동차 평택시 모델별 보조금,2023,평택시
승합(대형),에스에이피,리오네(LIONNE),4690,2814,7504,2023년도 전기자동차 평택시 모델별 보조금,2023,평택시
승합(대형),GS글로벌,NEW BYD eBus-12,4990,2994,7984,2023년도 전기자동차 평택시 모델별 보조금,2023,평택시
승합(대형),GS글로벌,BYD eBus9,5660,0,5660,2023년도 전기자동차 평택시 모델별 보조금,2023,평택시
승합(대형),티에스에코에너지,일레누스(TS1100-1),6633,0,6633,2023년도 전기자동차 평택시 모델별 보조금,2023,평택시
승합(대형),티에스에코에너지,일레누스(TS1100-2),6810,4086,10896,2023년도 전기자동차 평택시 모델별 보조금,2023,평택시
승합(대형),티에스에코에너지,일레누스(TS900),6451,3872,10323,2023년도 전기자동차 평택시 모델별 보조금,2023,평택시
승합(대형),이온모터스,시티라이트Ⅱ,4861,2918,7779,2023년도 전기자동차 평택시 모델별 보조금,2023,평택시
승합(대형),이온모터스,시티라이트9,4990,2994,7984,2023년도 전기자동차 평택시 모델별 보조금,2023,평택시
승합(대형),한차,GREENWAY1100,5394,3236,8630,2023년도 전기자동차 평택시 모델별 보조금,2023,평택시
승합(대형),한차,GREENWAY1100A,6258,3756,10014,2023년도 전기자동차 평택시 모델별 보조금,2023,평택시
승합(대형),이엠코리아,에픽시티(LFP),4990,2994,7984,2023년도 전기자동차 평택시 모델별 보조금,2023,평택시
승합(대형),이엠코리아,에픽타운(LFP),4406,0,4406,2023년도 전기자동차 평택시 모델별 보조금,2023,평택시
승합(대형),태영티엔티,GD11,2857,1714,4571,2023년도 전기자동차 평택시 모델별 보조금,2023,평택시
승합(대형),재일홀딩스,그린타운400,3846,0,3846,2023년도 전기자동차 평택시 모델별 보조금,2023,평택시
승합(대형),아이버스,아이버스어린이운송차,5727,3436,9163,2023년도 전기자동차 평택시 모델별 보조금,2023,평택시
승합(대형),서울시티투어버스,타이거클래식트롤리버스,3161,0,3161,2023년도 전기자동차 평택시 모델별 보조금,2023,평택시
승합(중형),현대자동차,(단종)카운티 일렉트릭(어린이운송용 33인승 V2),4052,0,4052,2023년도 전기자동차 동두천시 모델별 보조금,2023,동두천시
승합(중형),현대자동차,카운티 일렉트릭,4834,0,4834,2023년도 전기자동차 동두천시 모델별 보조금,2023,동두천시
승합(중형),현대자동차,카운티 일렉트릭(마을버스),5000,0,5000,2023년도 전기자동차 동두천시 모델별 보조금,2023,동두천시
승합(중형),이비온,"E6(JL618S), 어린이통학",2362,0,2362,2023년도 전기자동차 동두천시 모델별 보조금,2023,동두천시
승합(중형),GS글로벌,NEW BYD eBus-7,2894,0,2894,2023년도 전기자동차 동두천시 모델별 보조금,2023,동두천시
승합(중형),비바모빌리티,(단종)브이버스60,3211,0,3211,2023년도 전기자동차 동두천시 모델별 보조금,2023,동두천시
승합(중형),케이지모빌리티커머셜,SMART 8.7,4308,0,4308,2023년도 전기자동차 동두천시 모델별 보조금,2023,동두천시
승합(중형),한차,GREENWAY720,4530,0,4530,2023년도 전기자동차 동두천시 모델별 보조금,2023,동두천시
승합(중형),테라팩토리,테라밴키즈,1911,0,1911,2023년도 전기자동차 동두천시 모델별 보조금,2023,동두천시
승합(중형),테라팩토리,테라밴키즈11,1902,0,1902,2023년도 전기자동차 동두천시 모델별 보조금,2023,동두천시
승합(중형),테라팩토리,테라밴,1889,0,1889,2023년도 전기자동차 동두천시 모델별 보조금,2023,동두천시
승합(중형),테라팩토리,"테라밴키즈(2022), 어린이운송용14명",2151,0,2151,2023년도 전기자동차 동두천시 모델별 보조금,2023,동두천시
승합(중형),테라팩토리,"테라밴키즈11(2022), 어린이운송용11명",2142,0,2142,2023년도 전기자동차 동두천시 모델별 보조금,2023,동두천시
승합(중형),테라팩토리,테라밴,2129,0,2129,2023년도 전기자동차 동두천시 모델별 보조금,2023,동두천시
승합(중형),중원자동차,EV J1,5000,0,5000,2023년도 전기자동차 동두천시 모델별 보조금,2023,동두천시
승합(대형),현대자동차,일렉시티 이층버스,11900,0,11900,2023년도 전기자동차 동두천시 모델별 보조금,2023,동두천시
승합(대형),현대자동차,일렉시티(3PACK),6887,0,6887,2023년도 전기자동차 동두천시 모델별 보조금,2023,동두천시
승합(대형),현대자동차,일렉시티(4PACK V1),7000,4200,11200,2023년도 전기자동차 동두천시 모델별 보조금,2023,동두천시
승합(대형),현대자동차,일렉시티(4PACK V2),7000,0,7000,2023년도 전기자동차 동두천시 모델별 보조금,2023,동두천시
승합(대형),현대자동차,일렉시티 타운,6725,0,6725,2023년도 전기자동차 동두천시 모델별 보조금,2023,동두천시
승합(대형),케이지모빌리티커머셜,SMART 9.3,4990,0,4990,2023년도 전기자동차 동두천시 모델별 보조금,2023,동두천시
승합(대형),케이지모빌리티커머셜,SMART 110(272kWh),5660,0,5660,2023년도 전기자동차 동두천시 모델별 보조금,2023,동두천시
승합(대형),케이지모빌리티커머셜,SMART 110E(347kWh),6330,0,6330,2023년도 전기자동차 동두천시 모델별 보조금,2023,동두천시
승합(대형),케이지모빌리티커머셜,SMART 110(260kWh),5955,0,5955,2023년도 전기자동차 동두천시 모델별 보조금,2023,동두천시
승합(대형),케이지모빌리티커머셜,SMART 110E(260kWh),6277,0,6277,2023년도 전기자동차 동두천시 모델별 보조금,2023,동두천시
승합(대형),우진산전,아폴로900전기버스,4420,0,4420,2023년도 전기자동차 동두천시 모델별 보조금,2023,동두천시
승합(대형),우진산전,아폴로1100전기버스 22MY,7000,0,7000,2023년도 전기자동차 동두천시 모델별 보조금,2023,동두천시
승합(대형),우진산전,아폴로1100전기버스 23MY,7000,0,7000,2023년도 전기자동차 동두천시 모델별 보조금,2023,동두천시
승합(대형),피라인모터스,HYPERS(H),5137,0,5137,2023년도 전기자동차 동두천시 모델별 보조금,2023,동두천시
승합(대형),피라인모터스,HYPERS1611,5111,0,5111,2023년도 전기자동차 동두천시 모델별 보조금,2023,동두천시
승합(대형),피라인모터스,HYPERS1609,5143,0,5143,2023년도 전기자동차 동두천시 모델별 보조금,2023,동두천시
승합(대형),피라인모터스,HYPERS1612,3893,0,3893,2023년도 전기자동차 동두천시 모델별 보조금,2023,동두천시
승합(대형),피라인모터스,HYPERS1609H,5572,0,5572,2023년도 전기자동차 동두천시 모델별 보조금,2023,동두천시
승합(대형),피라인모터스,HYPERS1612N,4990,0,4990,2023년도 전기자동차 동두천시 모델별 보조금,2023,동두천시
승합(대형),피라인모터스,HYPERS1609N,6042,0,6042,2023년도 전기자동차 동두천시 모델별 보조금,2023,동두천시
승합(대형),피라인모터스,HYPERS1611N,5620,0,5620,2023년도 전기자동차 동두천시 모델별 보조금,2023,동두천시
승합(대형),피라인모터스,HYPERS1609HN,5993,0,5993,2023년도 전기자동차 동두천시 모델별 보조금,2023,동두천시
승합(대형),비바모빌리티,(단종)브이버스90N,4287,0,4287,2023년도 전기자동차 동두천시 모델별 보조금,2023,동두천시
승합(대형),비바모빌리티,(단종)브이버스120,4690,0,4690,2023년도 전기자동차 동두천시 모델별 보조금,2023,동두천시
승합(대형),비바모빌리티,(단종)브이버스110-B,4246,0,4246,2023년도 전기자동차 동두천시 모델별 보조금,2023,동두천시
승합(대형),범한자동차,E-SKY11(350kWh),4989,0,4989,2023년도 전기자동차 동두천시 모델별 보조금,2023,동두천시
승합(대형),범한자동차,E-SKY9(281kWh),4978,0,4978,2023년도 전기자동차 동두천시 모델별 보조금,2023,동두천시
승합(대형),범한자동차,E-STAR8 V1,4265,0,4265,2023년도 전기자동차 동두천시 모델별 보조금,2023,동두천시
승합(대형),범한자동차,E-STAR11,4990,0,4990,2023년도 전기자동차 동두천시 모델별 보조금,2023,동두천시
승합(대형),범한자동차,E-STAR12i,4990,0,4990,2023년도 전기자동차 동두천시 모델별 보조금,2023,동두천시
승합(대형),에스에이피,아이즘(IZM),4690,0,4690,2023년도 전기자동차 동두천시 모델별 보조금,2023,동두천시
승합(대형),에스에이피,엘페(ELFE),4388,0,4388,2023년도 전기자동차 동두천시 모델별 보조금,2023,동두천시
승합(대형),에스에이피,리오네(LIONNE),4690,0,4690,2023년도 전기자동차 동두천시 모델별 보조금,2023,동두천시
승합(대형),GS글로벌,NEW BYD eBus-12,4990,0,4990,2023년도 전기자동차 동두천시 모델별 보조금,2023,동두천시
승합(대형),티에스에코에너지,일레누스(TS1100-2),6810,0,6810,2023년도 전기자동차 동두천시 모델별 보조금,2023,동두천시
승합(대형),티에스에코에너지,일레누스(TS900),6451,0,6451,2023년도 전기자동차 동두천시 모델별 보조금,2023,동두천시
승합(대형),이온모터스,시티라이트Ⅱ,4861,0,4861,2023년도 전기자동차 동두천시 모델별 보조금,2023,동두천시
승합(대형),이온모터스,시티라이트9,4990,0,4990,2023년도 전기자동차 동두천시 모델별 보조금,2023,동두천시
승합(대형),한차,GREENWAY1100,5394,0,5394,2023년도 전기자동차 동두천시 모델별 보조금,2023,동두천시
승합(대형),한차,GREENWAY1100A,6258,0,6258,2023년도 전기자동차 동두천시 모델별 보조금,2023,동두천시
승합(대형),이엠코리아,에픽시티(LFP),4990,0,4990,2023년도 전기자동차 동두천시 모델별 보조금,2023,동두천시
승합(대형),태영티엔티,GD11,2857,0,2857,2023년도 전기자동차 동두천시 모델별 보조금,2023,동두천시
승합(대형),재일홀딩스,그린타운400,3846,0,3846,2023년도 전기자동차 동두천시 모델별 보조금,2023,동두천시
승합(대형),아이버스,아이버스어린이운송차,5727,0,5727,2023년도 전기자동차 동두천시 모델별 보조금,2023,동두천시
승합(중형),현대자동차,(단종)카운티 일렉트릭(어린이운송용 33인승 V2),4052,2430,6482,2023년도 전기자동차 안산시 모델별 보조금,2023,안산시
승합(중형),현대자동차,카운티 일렉트릭,4834,2900,7734,2023년도 전기자동차 안산시 모델별 보조금,2023,안산시
승합(중형),현대자동차,카운티 일렉트릭(마을버스),5000,3000,8000,2023년도 전기자동차 안산시 모델별 보조금,2023,안산시
승합(중형),이비온,"E6(JL618S), 어린이통학",2362,1416,3778,2023년도 전기자동차 안산시 모델별 보조금,2023,안산시
승합(중형),GS글로벌,NEW BYD eBus-7,2894,1736,4630,2023년도 전기자동차 안산시 모델별 보조금,2023,안산시
승합(중형),비바모빌리티,(단종)브이버스60,3211,1926,5137,2023년도 전기자동차 안산시 모델별 보조금,2023,안산시
승합(중형),케이지모빌리티커머셜,SMART 8.7,4308,2584,6892,2023년도 전기자동차 안산시 모델별 보조금,2023,안산시
승합(중형),한차,GREENWAY720,4530,2718,7248,2023년도 전기자동차 안산시 모델별 보조금,2023,안산시
승합(중형),테라팩토리,테라밴키즈,1911,1146,3057,2023년도 전기자동차 안산시 모델별 보조금,2023,안산시
승합(중형),테라팩토리,테라밴키즈11,1902,1140,3042,2023년도 전기자동차 안산시 모델별 보조금,2023,안산시
승합(중형),테라팩토리,테라밴,1889,1132,3021,2023년도 전기자동차 안산시 모델별 보조금,2023,안산시
승합(중형),테라팩토리,"테라밴키즈(2022), 어린이운송용14명",2151,1290,3441,2023년도 전기자동차 안산시 모델별 보조금,2023,안산시
승합(중형),테라팩토리,"테라밴키즈11(2022), 어린이운송용11명",2142,1284,3426,2023년도 전기자동차 안산시 모델별 보조금,2023,안산시
승합(중형),테라팩토리,테라밴,2129,1276,3405,2023년도 전기자동차 안산시 모델별 보조금,2023,안산시
승합(중형),중원자동차,EV J1,5000,3000,8000,2023년도 전기자동차 안산시 모델별 보조금,2023,안산시
승합(대형),현대자동차,일렉시티 이층버스,11900,7100,19000,2023년도 전기자동차 안산시 모델별 보조금,2023,안산시
승합(대형),현대자동차,일렉시티(3PACK),6887,4132,11019,2023년도 전기자동차 안산시 모델별 보조금,2023,안산시
승합(대형),현대자동차,일렉시티(4PACK V1),7000,4200,11200,2023년도 전기자동차 안산시 모델별 보조금,2023,안산시
승합(대형),현대자동차,일렉시티(4PACK V2),7000,4200,11200,2023년도 전기자동차 안산시 모델별 보조금,2023,안산시
승합(대형),현대자동차,일렉시티 타운,6725,4034,10759,2023년도 전기자동차 안산시 모델별 보조금,2023,안산시
승합(대형),케이지모빌리티커머셜,SMART 9.3,4990,2994,7984,2023년도 전기자동차 안산시 모델별 보조금,2023,안산시
승합(대형),케이지모빌리티커머셜,SMART 110(272kWh),5660,3396,9056,2023년도 전기자동차 안산시 모델별 보조금,2023,안산시
승합(대형),케이지모빌리티커머셜,SMART 110E(347kWh),6330,3798,10128,2023년도 전기자동차 안산시 모델별 보조금,2023,안산시
승합(대형),케이지모빌리티커머셜,SMART 110(260kWh),5955,3572,9527,2023년도 전기자동차 안산시 모델별 보조금,2023,안산시
승합(대형),케이지모빌리티커머셜,SMART 110E(260kWh),6277,3766,10043,2023년도 전기자동차 안산시 모델별 보조금,2023,안산시
승합(대형),우진산전,아폴로900전기버스,4420,2652,7072,2023년도 전기자동차 안산시 모델별 보조금,2023,안산시
승합(대형),우진산전,아폴로1100전기버스 22MY,7000,4200,11200,2023년도 전기자동차 안산시 모델별 보조금,2023,안산시
승합(대형),우진산전,아폴로1100전기버스 23MY,7000,4200,11200,2023년도 전기자동차 안산시 모델별 보조금,2023,안산시
승합(대형),우진산전,아폴로1200-B43,7000,4200,11200,2023년도 전기자동차 안산시 모델별 보조금,2023,안산시
승합(대형),피라인모터스,HYPERS(H),5137,3082,8219,2023년도 전기자동차 안산시 모델별 보조금,2023,안산시
승합(대형),피라인모터스,HYPERS1611,5111,3066,8177,2023년도 전기자동차 안산시 모델별 보조금,2023,안산시
승합(대형),피라인모터스,HYPERS1609,5143,3084,8227,2023년도 전기자동차 안산시 모델별 보조금,2023,안산시
승합(대형),피라인모터스,HYPERS1612,3893,2334,6227,2023년도 전기자동차 안산시 모델별 보조금,2023,안산시
승합(대형),피라인모터스,HYPERS1609H,5572,3342,8914,2023년도 전기자동차 안산시 모델별 보조금,2023,안산시
승합(대형),피라인모터스,HYPERS1612N,4990,2994,7984,2023년도 전기자동차 안산시 모델별 보조금,2023,안산시
승합(대형),피라인모터스,HYPERS1609N,6042,3624,9666,2023년도 전기자동차 안산시 모델별 보조금,2023,안산시
승합(대형),피라인모터스,HYPERS1611N,5620,3372,8992,2023년도 전기자동차 안산시 모델별 보조금,2023,안산시
승합(대형),피라인모터스,HYPERS1609HN,5993,3594,9587,2023년도 전기자동차 안산시 모델별 보조금,2023,안산시
승합(대형),피라인모터스,HYPERS1611P,7000,4200,11200,2023년도 전기자동차 안산시 모델별 보조금,2023,안산시
승합(대형),피라인모터스,HYPERS1609P,7000,4200,11200,2023년도 전기자동차 안산시 모델별 보조금,2023,안산시
승합(대형),비바모빌리티,(단종)브이버스90N,4287,2572,6859,2023년도 전기자동차 안산시 모델별 보조금,2023,안산시
승합(대형),비바모빌리티,(단종)브이버스120,4690,2814,7504,2023년도 전기자동차 안산시 모델별 보조금,2023,안산시
승합(대형),비바모빌리티,(단종)브이버스110-B,4246,2546,6792,2023년도 전기자동차 안산시 모델별 보조금,2023,안산시
승합(대형),범한자동차,E-SKY11(350kWh),4989,2992,7981,2023년도 전기자동차 안산시 모델별 보조금,2023,안산시
승합(대형),범한자동차,E-SKY9(281kWh),4978,2986,7964,2023년도 전기자동차 안산시 모델별 보조금,2023,안산시
승합(대형),범한자동차,E-STAR8 V1,4265,2558,6823,2023년도 전기자동차 안산시 모델별 보조금,2023,안산시
승합(대형),범한자동차,E-STAR11,4990,2994,7984,2023년도 전기자동차 안산시 모델별 보조금,2023,안산시
승합(대형),범한자동차,E-STAR12i,4990,2994,7984,2023년도 전기자동차 안산시 모델별 보조금,2023,안산시
승합(대형),에스에이피,아이즘(IZM),4690,2814,7504,2023년도 전기자동차 안산시 모델별 보조금,2023,안산시
승합(대형),에스에이피,엘페(ELFE),4388,2632,7020,2023년도 전기자동차 안산시 모델별 보조금,2023,안산시
승합(대형),에스에이피,리오네(LIONNE),4690,2814,7504,2023년도 전기자동차 안산시 모델별 보조금,2023,안산시
승합(대형),GS글로벌,NEW BYD eBus-12,4990,2994,7984,2023년도 전기자동차 안산시 모델별 보조금,2023,안산시
승합(대형),GS글로벌,BYD eBus9,5660,3396,9056,2023년도 전기자동차 안산시 모델별 보조금,2023,안산시
승합(대형),티에스에코에너지,일레누스(TS1100-1),6633,3978,10611,2023년도 전기자동차 안산시 모델별 보조금,2023,안산시
승합(대형),티에스에코에너지,일레누스(TS1100-2),6810,4086,10896,2023년도 전기자동차 안산시 모델별 보조금,2023,안산시
승합(대형),티에스에코에너지,일레누스(TS900),6451,3870,10321,2023년도 전기자동차 안산시 모델별 보조금,2023,안산시
승합(대형),이온모터스,시티라이트Ⅱ,4861,2916,7777,2023년도 전기자동차 안산시 모델별 보조금,2023,안산시
승합(대형),이온모터스,시티라이트9,4990,2994,7984,2023년도 전기자동차 안산시 모델별 보조금,2023,안산시
승합(대형),한차,GREENWAY1100,5394,3236,8630,2023년도 전기자동차 안산시 모델별 보조금,2023,안산시
승합(대형),한차,GREENWAY1100A,6258,3754,10012,2023년도 전기자동차 안산시 모델별 보조금,2023,안산시
승합(대형),이엠코리아,에픽시티(LFP),4990,2994,7984,2023년도 전기자동차 안산시 모델별 보조금,2023,안산시
승합(대형),이엠코리아,에픽타운(LFP),4406,2642,7048,2023년도 전기자동차 안산시 모델별 보조금,2023,안산시
승합(대형),태영티엔티,GD11,2857,1714,4571,2023년도 전기자동차 안산시 모델별 보조금,2023,안산시
승합(대형),재일홀딩스,그린타운400,3846,2306,6152,2023년도 전기자동차 안산시 모델별 보조금,2023,안산시
승합(대형),아이버스,아이버스어린이운송차,5727,3436,9163,2023년도 전기자동차 안산시 모델별 보조금,2023,안산시
승합(대형),서울시티투어버스,타이거클래식트롤리버스,3161,1896,5057,2023년도 전기자동차 안산시 모델별 보조금,2023,안산시
승합(중형),현대자동차,(단종)카운티 일렉트릭(어린이운송용 33인승 V2),4052,2430,6482,2023년도 전기자동차 고양시 모델별 보조금,2023,고양시
승합(중형),현대자동차,카운티 일렉트릭,4834,2900,7734,2023년도 전기자동차 고양시 모델별 보조금,2023,고양시
승합(중형),현대자동차,카운티 일렉트릭(마을버스),5000,3000,8000,2023년도 전기자동차 고양시 모델별 보조금,2023,고양시
승합(중형),이비온,"E6(JL618S), 어린이통학",2362,1416,3778,2023년도 전기자동차 고양시 모델별 보조금,2023,고양시
승합(중형),GS글로벌,NEW BYD eBus-7,2894,1736,4630,2023년도 전기자동차 고양시 모델별 보조금,2023,고양시
승합(중형),비바모빌리티,(단종)브이버스60,3211,1926,5137,2023년도 전기자동차 고양시 모델별 보조금,2023,고양시
승합(중형),케이지모빌리티커머셜,SMART 8.7,4308,2584,6892,2023년도 전기자동차 고양시 모델별 보조금,2023,고양시
승합(중형),한차,GREENWAY720,4530,2718,7248,2023년도 전기자동차 고양시 모델별 보조금,2023,고양시
승합(중형),테라팩토리,테라밴키즈,1911,1146,3057,2023년도 전기자동차 고양시 모델별 보조금,2023,고양시
승합(중형),테라팩토리,테라밴키즈11,1902,1140,3042,2023년도 전기자동차 고양시 모델별 보조금,2023,고양시
승합(중형),테라팩토리,테라밴,1889,1132,3021,2023년도 전기자동차 고양시 모델별 보조금,2023,고양시
승합(중형),테라팩토리,"테라밴키즈(2022), 어린이운송용14명",2151,1290,3441,2023년도 전기자동차 고양시 모델별 보조금,2023,고양시
승합(중형),테라팩토리,"테라밴키즈11(2022), 어린이운송용11명",2142,1284,3426,2023년도 전기자동차 고양시 모델별 보조금,2023,고양시
승합(중형),테라팩토리,테라밴,2129,1276,3405,2023년도 전기자동차 고양시 모델별 보조금,2023,고양시
승합(중형),중원자동차,EV J1,5000,3000,8000,2023년도 전기자동차 고양시 모델별 보조금,2023,고양시
승합(대형),현대자동차,일렉시티 이층버스,11900,7140,19040,2023년도 전기자동차 고양시 모델별 보조금,2023,고양시
승합(대형),현대자동차,일렉시티(3PACK),6887,4132,11019,2023년도 전기자동차 고양시 모델별 보조금,2023,고양시
승합(대형),현대자동차,일렉시티(4PACK V1),7000,4200,11200,2023년도 전기자동차 고양시 모델별 보조금,2023,고양시
승합(대형),현대자동차,일렉시티(4PACK V2),7000,4200,11200,2023년도 전기자동차 고양시 모델별 보조금,2023,고양시
승합(대형),현대자동차,일렉시티 타운,6725,4034,10759,2023년도 전기자동차 고양시 모델별 보조금,2023,고양시
승합(대형),케이지모빌리티커머셜,SMART 9.3,4990,2994,7984,2023년도 전기자동차 고양시 모델별 보조금,2023,고양시
승합(대형),케이지모빌리티커머셜,SMART 110(272kWh),5660,3396,9056,2023년도 전기자동차 고양시 모델별 보조금,2023,고양시
승합(대형),케이지모빌리티커머셜,SMART 110E(347kWh),6330,3798,10128,2023년도 전기자동차 고양시 모델별 보조금,2023,고양시
승합(대형),케이지모빌리티커머셜,SMART 110(260kWh),5955,3572,9527,2023년도 전기자동차 고양시 모델별 보조금,2023,고양시
승합(대형),케이지모빌리티커머셜,SMART 110E(260kWh),6277,3766,10043,2023년도 전기자동차 고양시 모델별 보조금,2023,고양시
승합(대형),우진산전,아폴로900전기버스,4420,2652,7072,2023년도 전기자동차 고양시 모델별 보조금,2023,고양시
승합(대형),우진산전,아폴로1100전기버스 22MY,7000,4200,11200,2023년도 전기자동차 고양시 모델별 보조금,2023,고양시
승합(대형),우진산전,아폴로1100전기버스 23MY,7000,4200,11200,2023년도 전기자동차 고양시 모델별 보조금,2023,고양시
승합(대형),피라인모터스,HYPERS(H),5137,3082,8219,2023년도 전기자동차 고양시 모델별 보조금,2023,고양시
승합(대형),피라인모터스,HYPERS1611,5111,3066,8177,2023년도 전기자동차 고양시 모델별 보조금,2023,고양시
승합(대형),피라인모터스,HYPERS1609,5143,3084,8227,2023년도 전기자동차 고양시 모델별 보조금,2023,고양시
승합(대형),피라인모터스,HYPERS1612,3893,2334,6227,2023년도 전기자동차 고양시 모델별 보조금,2023,고양시
승합(대형),피라인모터스,HYPERS1609H,5572,3342,8914,2023년도 전기자동차 고양시 모델별 보조금,2023,고양시
승합(대형),피라인모터스,HYPERS1612N,4990,2994,7984,2023년도 전기자동차 고양시 모델별 보조금,2023,고양시
승합(대형),피라인모터스,HYPERS1609N,6042,3624,9666,2023년도 전기자동차 고양시 모델별 보조금,2023,고양시
승합(대형),피라인모터스,HYPERS1611N,5620,3372,8992,2023년도 전기자동차 고양시 모델별 보조금,2023,고양시
승합(대형),피라인모터스,HYPERS1609HN,5993,3594,9587,2023년도 전기자동차 고양시 모델별 보조금,2023,고양시
승합(대형),피라인모터스,HYPERS1611P,7000,4200,11200,2023년도 전기자동차 고양시 모델별 보조금,2023,고양시
승합(대형),피라인모터스,HYPERS1609P,7000,4200,11200,2023년도 전기자동차 고양시 모델별 보조금,2023,고양시
승합(대형),비바모빌리티,(단종)브이버스90N,4287,2572,6859,2023년도 전기자동차 고양시 모델별 보조금,2023,고양시
승합(대형),비바모빌리티,(단종)브이버스120,4690,2814,7504,2023년도 전기자동차 고양시 모델별 보조금,2023,고양시
승합(대형),비바모빌리티,(단종)브이버스110-B,4246,2546,6792,2023년도 전기자동차 고양시 모델별 보조금,2023,고양시
승합(대형),범한자동차,E-SKY11(350kWh),4989,2992,7981,2023년도 전기자동차 고양시 모델별 보조금,2023,고양시
승합(대형),범한자동차,E-SKY9(281kWh),4978,2986,7964,2023년도 전기자동차 고양시 모델별 보조금,2023,고양시
승합(대형),범한자동차,E-STAR8 V1,4265,2558,6823,2023년도 전기자동차 고양시 모델별 보조금,2023,고양시
승합(대형),범한자동차,E-STAR11,4990,2994,7984,2023년도 전기자동차 고양시 모델별 보조금,2023,고양시
승합(대형),범한자동차,E-STAR12i,4990,2994,7984,2023년도 전기자동차 고양시 모델별 보조금,2023,고양시
승합(대형),에스에이피,아이즘(IZM),4690,2814,7504,2023년도 전기자동차 고양시 모델별 보조금,2023,고양시
승합(대형),에스에이피,엘페(ELFE),4388,2632,7020,2023년도 전기자동차 고양시 모델별 보조금,2023,고양시
승합(대형),에스에이피,리오네(LIONNE),4690,2814,7504,2023년도 전기자동차 고양시 모델별 보조금,2023,고양시
승합(대형),GS글로벌,NEW BYD eBus-12,4990,2994,7984,2023년도 전기자동차 고양시 모델별 보조금,2023,고양시
승합(대형),GS글로벌,BYD eBus9,5660,3396,9056,2023년도 전기자동차 고양시 모델별 보조금,2023,고양시
승합(대형),티에스에코에너지,일레누스(TS1100-1),6633,0,6633,2023년도 전기자동차 고양시 모델별 보조금,2023,고양시
승합(대형),티에스에코에너지,일레누스(TS1100-2),6810,4086,10896,2023년도 전기자동차 고양시 모델별 보조금,2023,고양시
승합(대형),티에스에코에너지,일레누스(TS900),6451,3870,10321,2023년도 전기자동차 고양시 모델별 보조금,2023,고양시
승합(대형),이온모터스,시티라이트Ⅱ,4861,2916,7777,2023년도 전기자동차 고양시 모델별 보조금,2023,고양시
승합(대형),이온모터스,시티라이트9,4990,2994,7984,2023년도 전기자동차 고양시 모델별 보조금,2023,고양시
승합(대형),한차,GREENWAY1100,5394,3236,8630,2023년도 전기자동차 고양시 모델별 보조금,2023,고양시
승합(대형),한차,GREENWAY1100A,6258,3754,10012,2023년도 전기자동차 고양시 모델별 보조금,2023,고양시
승합(대형),이엠코리아,에픽시티(LFP),4990,2994,7984,2023년도 전기자동차 고양시 모델별 보조금,2023,고양시
승합(대형),이엠코리아,에픽타운(LFP),4406,0,4406,2023년도 전기자동차 고양시 모델별 보조금,2023,고양시
승합(대형),태영티엔티,GD11,2857,1714,4571,2023년도 전기자동차 고양시 모델별 보조금,2023,고양시
승합(대형),재일홀딩스,그린타운400,3846,2306,6152,2023년도 전기자동차 고양시 모델별 보조금,2023,고양시
승합(대형),아이버스,아이버스어린이운송차,5727,3436,9163,2023년도 전기자동차 고양시 모델별 보조금,2023,고양시
승합(중형),현대자동차,(단종)카운티 일렉트릭(어린이운송용 33인승 V2),4052,2430,6482,2023년도 전기자동차 과천시 모델별 보조금,2023,과천시
승합(중형),현대자동차,카운티 일렉트릭,4834,2900,7734,2023년도 전기자동차 과천시 모델별 보조금,2023,과천시
승합(중형),현대자동차,카운티 일렉트릭(마을버스),5000,3000,8000,2023년도 전기자동차 과천시 모델별 보조금,2023,과천시
승합(중형),이비온,"E6(JL618S), 어린이통학",2362,1416,3778,2023년도 전기자동차 과천시 모델별 보조금,2023,과천시
승합(중형),GS글로벌,NEW BYD eBus-7,2894,1736,4630,2023년도 전기자동차 과천시 모델별 보조금,2023,과천시
승합(중형),비바모빌리티,(단종)브이버스60,3211,1926,5137,2023년도 전기자동차 과천시 모델별 보조금,2023,과천시
승합(중형),케이지모빌리티커머셜,SMART 8.7,4308,2584,6892,2023년도 전기자동차 과천시 모델별 보조금,2023,과천시
승합(중형),한차,GREENWAY720,4530,2718,7248,2023년도 전기자동차 과천시 모델별 보조금,2023,과천시
승합(중형),테라팩토리,테라밴키즈,1911,1146,3057,2023년도 전기자동차 과천시 모델별 보조금,2023,과천시
승합(중형),테라팩토리,테라밴키즈11,1902,1142,3044,2023년도 전기자동차 과천시 모델별 보조금,2023,과천시
승합(중형),테라팩토리,테라밴,1889,1134,3023,2023년도 전기자동차 과천시 모델별 보조금,2023,과천시
승합(중형),중원자동차,EV J1,5000,3000,8000,2023년도 전기자동차 과천시 모델별 보조금,2023,과천시
승합(대형),현대자동차,일렉시티 이층버스,11900,7140,19040,2023년도 전기자동차 과천시 모델별 보조금,2023,과천시
승합(대형),현대자동차,일렉시티(3PACK),6887,4132,11019,2023년도 전기자동차 과천시 모델별 보조금,2023,과천시
승합(대형),현대자동차,일렉시티(4PACK V1),7000,4200,11200,2023년도 전기자동차 과천시 모델별 보조금,2023,과천시
승합(대형),현대자동차,일렉시티(4PACK V2),7000,4200,11200,2023년도 전기자동차 과천시 모델별 보조금,2023,과천시
승합(대형),현대자동차,일렉시티 타운,6725,4034,10759,2023년도 전기자동차 과천시 모델별 보조금,2023,과천시
승합(대형),케이지모빌리티커머셜,SMART 9.3,4990,2994,7984,2023년도 전기자동차 과천시 모델별 보조금,2023,과천시
승합(대형),케이지모빌리티커머셜,SMART 110E(347kWh),6330,3798,10128,2023년도 전기자동차 과천시 모델별 보조금,2023,과천시
승합(대형),케이지모빌리티커머셜,SMART 110(260kWh),5955,3574,9529,2023년도 전기자동차 과천시 모델별 보조금,2023,과천시
승합(대형),케이지모빌리티커머셜,SMART 110E(260kWh),6277,3766,10043,2023년도 전기자동차 과천시 모델별 보조금,2023,과천시
승합(대형),우진산전,아폴로900전기버스,4420,2652,7072,2023년도 전기자동차 과천시 모델별 보조금,2023,과천시
승합(대형),우진산전,아폴로1100전기버스 22MY,7000,4200,11200,2023년도 전기자동차 과천시 모델별 보조금,2023,과천시
승합(대형),우진산전,아폴로1100전기버스 23MY,7000,4200,11200,2023년도 전기자동차 과천시 모델별 보조금,2023,과천시
승합(대형),피라인모터스,HYPERS(H),5137,3082,8219,2023년도 전기자동차 과천시 모델별 보조금,2023,과천시
승합(대형),피라인모터스,HYPERS1611,5111,2556,7667,2023년도 전기자동차 과천시 모델별 보조금,2023,과천시
승합(대형),피라인모터스,HYPERS1609,5143,3086,8229,2023년도 전기자동차 과천시 모델별 보조금,2023,과천시
승합(대형),피라인모터스,HYPERS1612,3893,2336,6229,2023년도 전기자동차 과천시 모델별 보조금,2023,과천시
승합(대형),피라인모터스,HYPERS1609H,5572,3344,8916,2023년도 전기자동차 과천시 모델별 보조금,2023,과천시
승합(대형),피라인모터스,HYPERS1612N,4990,2994,7984,2023년도 전기자동차 과천시 모델별 보조금,2023,과천시
승합(대형),피라인모터스,HYPERS1609N,6042,3626,9668,2023년도 전기자동차 과천시 모델별 보조금,2023,과천시
승합(대형),피라인모터스,HYPERS1611N,5620,3372,8992,2023년도 전기자동차 과천시 모델별 보조금,2023,과천시
승합(대형),피라인모터스,HYPERS1609HN,5993,3596,9589,2023년도 전기자동차 과천시 모델별 보조금,2023,과천시
승합(대형),비바모빌리티,(단종)브이버스90N,4287,2572,6859,2023년도 전기자동차 과천시 모델별 보조금,2023,과천시
승합(대형),비바모빌리티,(단종)브이버스120,4690,2814,7504,2023년도 전기자동차 과천시 모델별 보조금,2023,과천시
승합(대형),비바모빌리티,(단종)브이버스110-B,4246,2548,6794,2023년도 전기자동차 과천시 모델별 보조금,2023,과천시
승합(대형),범한자동차,E-SKY11(350kWh),4989,2994,7983,2023년도 전기자동차 과천시 모델별 보조금,2023,과천시
승합(대형),범한자동차,E-SKY9(281kWh),4978,2986,7964,2023년도 전기자동차 과천시 모델별 보조금,2023,과천시
승합(대형),범한자동차,E-STAR8 V1,4265,2560,6825,2023년도 전기자동차 과천시 모델별 보조금,2023,과천시
승합(대형),범한자동차,E-STAR11,4990,2994,7984,2023년도 전기자동차 과천시 모델별 보조금,2023,과천시
승합(대형),범한자동차,E-STAR12i,4990,2994,7984,2023년도 전기자동차 과천시 모델별 보조금,2023,과천시
승합(대형),에스에이피,아이즘(IZM),4690,2814,7504,2023년도 전기자동차 과천시 모델별 보조금,2023,과천시
승합(대형),에스에이피,엘페(ELFE),4388,2632,7020,2023년도 전기자동차 과천시 모델별 보조금,2023,과천시
승합(대형),에스에이피,리오네(LIONNE),4690,2814,7504,2023년도 전기자동차 과천시 모델별 보조금,2023,과천시
승합(대형),GS글로벌,NEW BYD eBus-12,4990,2994,7984,2023년도 전기자동차 과천시 모델별 보조금,2023,과천시
승합(대형),티에스에코에너지,일레누스(TS1100-2),6810,4086,10896,2023년도 전기자동차 과천시 모델별 보조금,2023,과천시
승합(대형),티에스에코에너지,일레누스(TS900),6451,3870,10321,2023년도 전기자동차 과천시 모델별 보조금,2023,과천시
승합(대형),이온모터스,시티라이트Ⅱ,4861,2916,7777,2023년도 전기자동차 과천시 모델별 보조금,2023,과천시
승합(대형),이온모터스,시티라이트9,4990,2994,7984,2023년도 전기자동차 과천시 모델별 보조금,2023,과천시
승합(대형),한차,GREENWAY1100,5394,3236,8630,2023년도 전기자동차 과천시 모델별 보조금,2023,과천시
승합(대형),한차,GREENWAY1100A,6258,3754,10012,2023년도 전기자동차 과천시 모델별 보조금,2023,과천시
승합(대형),이엠코리아,에픽시티(LFP),4990,2994,7984,2023년도 전기자동차 과천시 모델별 보조금,2023,과천시
승합(대형),태영티엔티,GD11,2857,1714,4571,2023년도 전기자동차 과천시 모델별 보조금,2023,과천시
승합(대형),재일홀딩스,그린타운400,3846,2308,6154,2023년도 전기자동차 과천시 모델별 보조금,2023,과천시
승합(대형),아이버스,아이버스어린이운송차,5727,3436,9163,2023년도 전기자동차 과천시 모델별 보조금,2023,과천시
승합(중형),현대자동차,(단종)카운티 일렉트릭(어린이운송용 33인승 V2),4052,2430,6482,2023년도 전기자동차 구리시 모델별 보조금,2023,구리시
승합(중형),현대자동차,카운티 일렉트릭,4834,2900,7734,2023년도 전기자동차 구리시 모델별 보조금,2023,구리시
승합(중형),현대자동차,카운티 일렉트릭(마을버스),5000,3000,8000,2023년도 전기자동차 구리시 모델별 보조금,2023,구리시
승합(중형),이비온,"E6(JL618S), 어린이통학",2362,1416,3778,2023년도 전기자동차 구리시 모델별 보조금,2023,구리시
승합(중형),GS글로벌,NEW BYD eBus-7,2894,1736,4630,2023년도 전기자동차 구리시 모델별 보조금,2023,구리시
승합(중형),비바모빌리티,(단종)브이버스60,3211,1926,5137,2023년도 전기자동차 구리시 모델별 보조금,2023,구리시
승합(중형),케이지모빌리티커머셜,SMART 8.7,4308,2584,6892,2023년도 전기자동차 구리시 모델별 보조금,2023,구리시
승합(중형),한차,GREENWAY720,4530,2718,7248,2023년도 전기자동차 구리시 모델별 보조금,2023,구리시
승합(중형),테라팩토리,테라밴키즈,1911,1146,3057,2023년도 전기자동차 구리시 모델별 보조금,2023,구리시
승합(중형),테라팩토리,테라밴키즈11,1902,1140,3042,2023년도 전기자동차 구리시 모델별 보조금,2023,구리시
승합(중형),테라팩토리,테라밴,1889,1132,3021,2023년도 전기자동차 구리시 모델별 보조금,2023,구리시
승합(중형),테라팩토리,"테라밴키즈(2022), 어린이운송용14명",2151,1290,3441,2023년도 전기자동차 구리시 모델별 보조금,2023,구리시
승합(중형),테라팩토리,"테라밴키즈11(2022), 어린이운송용11명",2142,1284,3426,2023년도 전기자동차 구리시 모델별 보조금,2023,구리시
승합(중형),테라팩토리,테라밴,2129,1276,3405,2023년도 전기자동차 구리시 모델별 보조금,2023,구리시
승합(중형),중원자동차,EV J1,5000,3000,8000,2023년도 전기자동차 구리시 모델별 보조금,2023,구리시
승합(대형),현대자동차,일렉시티 이층버스,11900,4200,16100,2023년도 전기자동차 구리시 모델별 보조금,2023,구리시
승합(대형),현대자동차,일렉시티(3PACK),6887,4132,11019,2023년도 전기자동차 구리시 모델별 보조금,2023,구리시
승합(대형),현대자동차,일렉시티(4PACK V1),7000,4200,11200,2023년도 전기자동차 구리시 모델별 보조금,2023,구리시
승합(대형),현대자동차,일렉시티(4PACK V2),7000,4200,11200,2023년도 전기자동차 구리시 모델별 보조금,2023,구리시
승합(대형),현대자동차,일렉시티 타운,6725,4034,10759,2023년도 전기자동차 구리시 모델별 보조금,2023,구리시
승합(대형),케이지모빌리티커머셜,SMART 9.3,4990,2994,7984,2023년도 전기자동차 구리시 모델별 보조금,2023,구리시
승합(대형),케이지모빌리티커머셜,SMART 110(272kWh),5660,3396,9056,2023년도 전기자동차 구리시 모델별 보조금,2023,구리시
승합(대형),케이지모빌리티커머셜,SMART 110E(347kWh),6330,3798,10128,2023년도 전기자동차 구리시 모델별 보조금,2023,구리시
승합(대형),케이지모빌리티커머셜,SMART 110(260kWh),5955,3572,9527,2023년도 전기자동차 구리시 모델별 보조금,2023,구리시
승합(대형),케이지모빌리티커머셜,SMART 110E(260kWh),6277,3766,10043,2023년도 전기자동차 구리시 모델별 보조금,2023,구리시
승합(대형),우진산전,아폴로900전기버스,4420,2652,7072,2023년도 전기자동차 구리시 모델별 보조금,2023,구리시
승합(대형),우진산전,아폴로1100전기버스 22MY,7000,4200,11200,2023년도 전기자동차 구리시 모델별 보조금,2023,구리시
승합(대형),우진산전,아폴로1100전기버스 23MY,7000,4200,11200,2023년도 전기자동차 구리시 모델별 보조금,2023,구리시
승합(대형),피라인모터스,HYPERS(H),5137,3082,8219,2023년도 전기자동차 구리시 모델별 보조금,2023,구리시
승합(대형),피라인모터스,HYPERS1611,5111,3066,8177,2023년도 전기자동차 구리시 모델별 보조금,2023,구리시
승합(대형),피라인모터스,HYPERS1609,5143,3084,8227,2023년도 전기자동차 구리시 모델별 보조금,2023,구리시
승합(대형),피라인모터스,HYPERS1612,3893,2334,6227,2023년도 전기자동차 구리시 모델별 보조금,2023,구리시
승합(대형),피라인모터스,HYPERS1609H,5572,3342,8914,2023년도 전기자동차 구리시 모델별 보조금,2023,구리시
승합(대형),피라인모터스,HYPERS1612N,4990,2994,7984,2023년도 전기자동차 구리시 모델별 보조금,2023,구리시
승합(대형),피라인모터스,HYPERS1609N,6042,3624,9666,2023년도 전기자동차 구리시 모델별 보조금,2023,구리시
승합(대형),피라인모터스,HYPERS1611N,5620,3372,8992,2023년도 전기자동차 구리시 모델별 보조금,2023,구리시
승합(대형),피라인모터스,HYPERS1609HN,5993,3354,9347,2023년도 전기자동차 구리시 모델별 보조금,2023,구리시
승합(대형),피라인모터스,HYPERS1611P,7000,4200,11200,2023년도 전기자동차 구리시 모델별 보조금,2023,구리시
승합(대형),피라인모터스,HYPERS1609P,7000,4200,11200,2023년도 전기자동차 구리시 모델별 보조금,2023,구리시
승합(대형),비바모빌리티,(단종)브이버스90N,4287,2572,6859,2023년도 전기자동차 구리시 모델별 보조금,2023,구리시
승합(대형),비바모빌리티,(단종)브이버스120,4690,2814,7504,2023년도 전기자동차 구리시 모델별 보조금,2023,구리시
승합(대형),비바모빌리티,(단종)브이버스110-B,4246,2546,6792,2023년도 전기자동차 구리시 모델별 보조금,2023,구리시
승합(대형),범한자동차,E-SKY11(350kWh),4989,2992,7981,2023년도 전기자동차 구리시 모델별 보조금,2023,구리시
승합(대형),범한자동차,E-SKY9(281kWh),4978,2986,7964,2023년도 전기자동차 구리시 모델별 보조금,2023,구리시
승합(대형),범한자동차,E-STAR8 V1,4265,2558,6823,2023년도 전기자동차 구리시 모델별 보조금,2023,구리시
승합(대형),범한자동차,E-STAR11,4990,2994,7984,2023년도 전기자동차 구리시 모델별 보조금,2023,구리시
승합(대형),범한자동차,E-STAR12i,4990,2994,7984,2023년도 전기자동차 구리시 모델별 보조금,2023,구리시
승합(대형),에스에이피,아이즘(IZM),4690,2814,7504,2023년도 전기자동차 구리시 모델별 보조금,2023,구리시
승합(대형),에스에이피,엘페(ELFE),4388,2632,7020,2023년도 전기자동차 구리시 모델별 보조금,2023,구리시
승합(대형),에스에이피,리오네(LIONNE),4690,2814,7504,2023년도 전기자동차 구리시 모델별 보조금,2023,구리시
승합(대형),GS글로벌,NEW BYD eBus-12,4990,2994,7984,2023년도 전기자동차 구리시 모델별 보조금,2023,구리시
승합(대형),GS글로벌,BYD eBus9,5660,3396,9056,2023년도 전기자동차 구리시 모델별 보조금,2023,구리시
승합(대형),티에스에코에너지,일레누스(TS1100-1),6633,0,6633,2023년도 전기자동차 구리시 모델별 보조금,2023,구리시
승합(대형),티에스에코에너지,일레누스(TS1100-2),6810,4086,10896,2023년도 전기자동차 구리시 모델별 보조금,2023,구리시
승합(대형),티에스에코에너지,일레누스(TS900),6451,3870,10321,2023년도 전기자동차 구리시 모델별 보조금,2023,구리시
승합(대형),이온모터스,시티라이트Ⅱ,4861,2916,7777,2023년도 전기자동차 구리시 모델별 보조금,2023,구리시
승합(대형),이온모터스,시티라이트9,4990,2994,7984,2023년도 전기자동차 구리시 모델별 보조금,2023,구리시
승합(대형),한차,GREENWAY1100,5394,3236,8630,2023년도 전기자동차 구리시 모델별 보조금,2023,구리시
승합(대형),한차,GREENWAY1100A,6258,3754,10012,2023년도 전기자동차 구리시 모델별 보조금,2023,구리시
승합(대형),이엠코리아,에픽시티(LFP),4990,2994,7984,2023년도 전기자동차 구리시 모델별 보조금,2023,구리시
승합(대형),이엠코리아,에픽타운(LFP),4406,0,4406,2023년도 전기자동차 구리시 모델별 보조금,2023,구리시
승합(대형),태영티엔티,GD11,2857,1714,4571,2023년도 전기자동차 구리시 모델별 보조금,2023,구리시
승합(대형),재일홀딩스,그린타운400,3846,2306,6152,2023년도 전기자동차 구리시 모델별 보조금,2023,구리시
승합(대형),아이버스,아이버스어린이운송차,5727,3436,9163,2023년도 전기자동차 구리시 모델별 보조금,2023,구리시
승합(중형),현대자동차,(단종)카운티 일렉트릭(어린이운송용 33인승 V2),4052,2432,6484,2023년도 전기자동차 남양주시 모델별 보조금,2023,남양주시
승합(중형),현대자동차,카운티 일렉트릭,4834,2900,7734,2023년도 전기자동차 남양주시 모델별 보조금,2023,남양주시
승합(중형),현대자동차,카운티 일렉트릭(마을버스),5000,3000,8000,2023년도 전기자동차 남양주시 모델별 보조금,2023,남양주시
승합(중형),이비온,"E6(JL618S), 어린이통학",2362,1418,3780,2023년도 전기자동차 남양주시 모델별 보조금,2023,남양주시
승합(중형),GS글로벌,NEW BYD eBus-7,2894,1736,4630,2023년도 전기자동차 남양주시 모델별 보조금,2023,남양주시
승합(중형),비바모빌리티,(단종)브이버스60,3211,1926,5137,2023년도 전기자동차 남양주시 모델별 보조금,2023,남양주시
승합(중형),케이지모빌리티커머셜,SMART 8.7,4308,2584,6892,2023년도 전기자동차 남양주시 모델별 보조금,2023,남양주시
승합(중형),한차,GREENWAY720,4530,2718,7248,2023년도 전기자동차 남양주시 모델별 보조금,2023,남양주시
승합(중형),테라팩토리,테라밴키즈,1911,1146,3057,2023년도 전기자동차 남양주시 모델별 보조금,2023,남양주시
승합(중형),테라팩토리,테라밴키즈11,1902,1142,3044,2023년도 전기자동차 남양주시 모델별 보조금,2023,남양주시
승합(중형),테라팩토리,테라밴,1889,1134,3023,2023년도 전기자동차 남양주시 모델별 보조금,2023,남양주시
승합(중형),테라팩토리,"테라밴키즈(2022), 어린이운송용14명",2151,1290,3441,2023년도 전기자동차 남양주시 모델별 보조금,2023,남양주시
승합(중형),테라팩토리,"테라밴키즈11(2022), 어린이운송용11명",2142,1286,3428,2023년도 전기자동차 남양주시 모델별 보조금,2023,남양주시
승합(중형),테라팩토리,테라밴,2129,1278,3407,2023년도 전기자동차 남양주시 모델별 보조금,2023,남양주시
승합(중형),중원자동차,EV J1,5000,3000,8000,2023년도 전기자동차 남양주시 모델별 보조금,2023,남양주시
승합(대형),현대자동차,일렉시티 이층버스,11900,0,11900,2023년도 전기자동차 남양주시 모델별 보조금,2023,남양주시
승합(대형),현대자동차,일렉시티(3PACK),6887,4134,11021,2023년도 전기자동차 남양주시 모델별 보조금,2023,남양주시
승합(대형),현대자동차,일렉시티(4PACK V1),7000,4200,11200,2023년도 전기자동차 남양주시 모델별 보조금,2023,남양주시
승합(대형),현대자동차,일렉시티(4PACK V2),7000,4200,11200,2023년도 전기자동차 남양주시 모델별 보조금,2023,남양주시
승합(대형),현대자동차,일렉시티 타운,6725,4036,10761,2023년도 전기자동차 남양주시 모델별 보조금,2023,남양주시
승합(대형),케이지모빌리티커머셜,SMART 9.3,4990,2994,7984,2023년도 전기자동차 남양주시 모델별 보조금,2023,남양주시
승합(대형),케이지모빌리티커머셜,SMART 110(272kWh),5660,3396,9056,2023년도 전기자동차 남양주시 모델별 보조금,2023,남양주시
승합(대형),케이지모빌리티커머셜,SMART 110E(347kWh),6330,3798,10128,2023년도 전기자동차 남양주시 모델별 보조금,2023,남양주시
승합(대형),케이지모빌리티커머셜,SMART 110(260kWh),5955,3574,9529,2023년도 전기자동차 남양주시 모델별 보조금,2023,남양주시
승합(대형),케이지모빌리티커머셜,SMART 110E(260kWh),6277,3768,10045,2023년도 전기자동차 남양주시 모델별 보조금,2023,남양주시
승합(대형),우진산전,아폴로900전기버스,4420,2652,7072,2023년도 전기자동차 남양주시 모델별 보조금,2023,남양주시
승합(대형),우진산전,아폴로1100전기버스 22MY,7000,4200,11200,2023년도 전기자동차 남양주시 모델별 보조금,2023,남양주시
승합(대형),우진산전,아폴로1100전기버스 23MY,7000,4200,11200,2023년도 전기자동차 남양주시 모델별 보조금,2023,남양주시
승합(대형),피라인모터스,HYPERS(H),5137,3084,8221,2023년도 전기자동차 남양주시 모델별 보조금,2023,남양주시
승합(대형),피라인모터스,HYPERS1611,5111,3068,8179,2023년도 전기자동차 남양주시 모델별 보조금,2023,남양주시
승합(대형),피라인모터스,HYPERS1609,5143,3086,8229,2023년도 전기자동차 남양주시 모델별 보조금,2023,남양주시
승합(대형),피라인모터스,HYPERS1612,3893,2336,6229,2023년도 전기자동차 남양주시 모델별 보조금,2023,남양주시
승합(대형),피라인모터스,HYPERS1609H,5572,3344,8916,2023년도 전기자동차 남양주시 모델별 보조금,2023,남양주시
승합(대형),피라인모터스,HYPERS1612N,4990,2994,7984,2023년도 전기자동차 남양주시 모델별 보조금,2023,남양주시
승합(대형),피라인모터스,HYPERS1609N,6042,3626,9668,2023년도 전기자동차 남양주시 모델별 보조금,2023,남양주시
승합(대형),피라인모터스,HYPERS1611N,5620,3372,8992,2023년도 전기자동차 남양주시 모델별 보조금,2023,남양주시
승합(대형),피라인모터스,HYPERS1609HN,5993,3596,9589,2023년도 전기자동차 남양주시 모델별 보조금,2023,남양주시
승합(대형),피라인모터스,HYPERS1611P,7000,4200,11200,2023년도 전기자동차 남양주시 모델별 보조금,2023,남양주시
승합(대형),피라인모터스,HYPERS1609P,7000,4200,11200,2023년도 전기자동차 남양주시 모델별 보조금,2023,남양주시
승합(대형),비바모빌리티,(단종)브이버스90N,4287,2574,6861,2023년도 전기자동차 남양주시 모델별 보조금,2023,남양주시
승합(대형),비바모빌리티,(단종)브이버스120,4690,2814,7504,2023년도 전기자동차 남양주시 모델별 보조금,2023,남양주시
승합(대형),비바모빌리티,(단종)브이버스110-B,4246,2548,6794,2023년도 전기자동차 남양주시 모델별 보조금,2023,남양주시
승합(대형),범한자동차,E-SKY11(350kWh),4989,2994,7983,2023년도 전기자동차 남양주시 모델별 보조금,2023,남양주시
승합(대형),범한자동차,E-SKY9(281kWh),4978,2988,7966,2023년도 전기자동차 남양주시 모델별 보조금,2023,남양주시
승합(대형),범한자동차,E-STAR8 V1,4265,2560,6825,2023년도 전기자동차 남양주시 모델별 보조금,2023,남양주시
승합(대형),범한자동차,E-STAR11,4990,2994,7984,2023년도 전기자동차 남양주시 모델별 보조금,2023,남양주시
승합(대형),범한자동차,E-STAR12i,4990,2994,7984,2023년도 전기자동차 남양주시 모델별 보조금,2023,남양주시
승합(대형),에스에이피,아이즘(IZM),4690,2814,7504,2023년도 전기자동차 남양주시 모델별 보조금,2023,남양주시
승합(대형),에스에이피,엘페(ELFE),4388,2634,7022,2023년도 전기자동차 남양주시 모델별 보조금,2023,남양주시
승합(대형),에스에이피,리오네(LIONNE),4690,2814,7504,2023년도 전기자동차 남양주시 모델별 보조금,2023,남양주시
승합(대형),GS글로벌,NEW BYD eBus-12,4990,2994,7984,2023년도 전기자동차 남양주시 모델별 보조금,2023,남양주시
승합(대형),GS글로벌,BYD eBus9,5660,3396,9056,2023년도 전기자동차 남양주시 모델별 보조금,2023,남양주시
승합(대형),티에스에코에너지,일레누스(TS1100-1),6633,0,6633,2023년도 전기자동차 남양주시 모델별 보조금,2023,남양주시
승합(대형),티에스에코에너지,일레누스(TS1100-2),6810,4086,10896,2023년도 전기자동차 남양주시 모델별 보조금,2023,남양주시
승합(대형),티에스에코에너지,일레누스(TS900),6451,3872,10323,2023년도 전기자동차 남양주시 모델별 보조금,2023,남양주시
승합(대형),이온모터스,시티라이트Ⅱ,4861,2918,7779,2023년도 전기자동차 남양주시 모델별 보조금,2023,남양주시
승합(대형),이온모터스,시티라이트9,4990,2994,7984,2023년도 전기자동차 남양주시 모델별 보조금,2023,남양주시
승합(대형),한차,GREENWAY1100,5394,3238,8632,2023년도 전기자동차 남양주시 모델별 보조금,2023,남양주시
승합(대형),한차,GREENWAY1100A,6258,3756,10014,2023년도 전기자동차 남양주시 모델별 보조금,2023,남양주시
승합(대형),이엠코리아,에픽시티(LFP),4990,2994,7984,2023년도 전기자동차 남양주시 모델별 보조금,2023,남양주시
승합(대형),이엠코리아,에픽타운(LFP),4406,2642,7048,2023년도 전기자동차 남양주시 모델별 보조금,2023,남양주시
승합(대형),태영티엔티,GD11,2857,1716,4573,2023년도 전기자동차 남양주시 모델별 보조금,2023,남양주시
승합(대형),재일홀딩스,그린타운400,3846,2154,6000,2023년도 전기자동차 남양주시 모델별 보조금,2023,남양주시
승합(대형),아이버스,아이버스어린이운송차,5727,3438,9165,2023년도 전기자동차 남양주시 모델별 보조금,2023,남양주시
승합(중형),현대자동차,(단종)카운티 일렉트릭(어린이운송용 33인승 V2),4052,0,4052,2023년도 전기자동차 오산시 모델별 보조금,2023,오산시
승합(중형),현대자동차,카운티 일렉트릭,4834,0,4834,2023년도 전기자동차 오산시 모델별 보조금,2023,오산시
승합(중형),현대자동차,카운티 일렉트릭(마을버스),5000,0,5000,2023년도 전기자동차 오산시 모델별 보조금,2023,오산시
승합(중형),이비온,"E6(JL618S), 어린이통학",2362,0,2362,2023년도 전기자동차 오산시 모델별 보조금,2023,오산시
승합(중형),GS글로벌,NEW BYD eBus-7,2894,0,2894,2023년도 전기자동차 오산시 모델별 보조금,2023,오산시
승합(중형),비바모빌리티,(단종)브이버스60,3211,0,3211,2023년도 전기자동차 오산시 모델별 보조금,2023,오산시
승합(중형),케이지모빌리티커머셜,SMART 8.7,4308,0,4308,2023년도 전기자동차 오산시 모델별 보조금,2023,오산시
승합(중형),한차,GREENWAY720,4530,0,4530,2023년도 전기자동차 오산시 모델별 보조금,2023,오산시
승합(중형),테라팩토리,테라밴키즈,1911,0,1911,2023년도 전기자동차 오산시 모델별 보조금,2023,오산시
승합(중형),테라팩토리,테라밴키즈11,1902,0,1902,2023년도 전기자동차 오산시 모델별 보조금,2023,오산시
승합(중형),테라팩토리,테라밴,1889,0,1889,2023년도 전기자동차 오산시 모델별 보조금,2023,오산시
승합(중형),테라팩토리,"테라밴키즈(2022), 어린이운송용14명",2151,0,2151,2023년도 전기자동차 오산시 모델별 보조금,2023,오산시
승합(중형),테라팩토리,"테라밴키즈11(2022), 어린이운송용11명",2142,0,2142,2023년도 전기자동차 오산시 모델별 보조금,2023,오산시
승합(중형),테라팩토리,테라밴,2129,0,2129,2023년도 전기자동차 오산시 모델별 보조금,2023,오산시
승합(중형),중원자동차,EV J1,5000,0,5000,2023년도 전기자동차 오산시 모델별 보조금,2023,오산시
승합(대형),현대자동차,일렉시티 이층버스,11900,7100,19000,2023년도 전기자동차 오산시 모델별 보조금,2023,오산시
승합(대형),현대자동차,일렉시티(3PACK),6887,0,6887,2023년도 전기자동차 오산시 모델별 보조금,2023,오산시
승합(대형),현대자동차,일렉시티(4PACK V1),7000,4200,11200,2023년도 전기자동차 오산시 모델별 보조금,2023,오산시
승합(대형),현대자동차,일렉시티(4PACK V2),7000,0,7000,2023년도 전기자동차 오산시 모델별 보조금,2023,오산시
승합(대형),현대자동차,일렉시티 타운,6725,4034,10759,2023년도 전기자동차 오산시 모델별 보조금,2023,오산시
승합(대형),케이지모빌리티커머셜,SMART 9.3,4990,0,4990,2023년도 전기자동차 오산시 모델별 보조금,2023,오산시
승합(대형),케이지모빌리티커머셜,SMART 110(272kWh),5660,0,5660,2023년도 전기자동차 오산시 모델별 보조금,2023,오산시
승합(대형),케이지모빌리티커머셜,SMART 110E(347kWh),6330,0,6330,2023년도 전기자동차 오산시 모델별 보조금,2023,오산시
승합(대형),케이지모빌리티커머셜,SMART 110(260kWh),5955,0,5955,2023년도 전기자동차 오산시 모델별 보조금,2023,오산시
승합(대형),케이지모빌리티커머셜,SMART 110E(260kWh),6277,0,6277,2023년도 전기자동차 오산시 모델별 보조금,2023,오산시
승합(대형),우진산전,아폴로900전기버스,4420,0,4420,2023년도 전기자동차 오산시 모델별 보조금,2023,오산시
승합(대형),우진산전,아폴로1100전기버스 22MY,7000,0,7000,2023년도 전기자동차 오산시 모델별 보조금,2023,오산시
승합(대형),우진산전,아폴로1100전기버스 23MY,7000,0,7000,2023년도 전기자동차 오산시 모델별 보조금,2023,오산시
승합(대형),피라인모터스,HYPERS(H),5137,0,5137,2023년도 전기자동차 오산시 모델별 보조금,2023,오산시
승합(대형),피라인모터스,HYPERS1611,5111,0,5111,2023년도 전기자동차 오산시 모델별 보조금,2023,오산시
승합(대형),피라인모터스,HYPERS1609,5143,0,5143,2023년도 전기자동차 오산시 모델별 보조금,2023,오산시
승합(대형),피라인모터스,HYPERS1612,3893,0,3893,2023년도 전기자동차 오산시 모델별 보조금,2023,오산시
승합(대형),피라인모터스,HYPERS1609H,5572,0,5572,2023년도 전기자동차 오산시 모델별 보조금,2023,오산시
승합(대형),피라인모터스,HYPERS1612N,4990,0,4990,2023년도 전기자동차 오산시 모델별 보조금,2023,오산시
승합(대형),피라인모터스,HYPERS1609N,6042,3624,9666,2023년도 전기자동차 오산시 모델별 보조금,2023,오산시
승합(대형),피라인모터스,HYPERS1611N,5620,0,5620,2023년도 전기자동차 오산시 모델별 보조금,2023,오산시
승합(대형),피라인모터스,HYPERS1609HN,5993,3594,9587,2023년도 전기자동차 오산시 모델별 보조금,2023,오산시
승합(대형),비바모빌리티,(단종)브이버스90N,4287,0,4287,2023년도 전기자동차 오산시 모델별 보조금,2023,오산시
승합(대형),비바모빌리티,(단종)브이버스120,4690,0,4690,2023년도 전기자동차 오산시 모델별 보조금,2023,오산시
승합(대형),비바모빌리티,(단종)브이버스110-B,4246,0,4246,2023년도 전기자동차 오산시 모델별 보조금,2023,오산시
승합(대형),범한자동차,E-SKY11(350kWh),4989,0,4989,2023년도 전기자동차 오산시 모델별 보조금,2023,오산시
승합(대형),범한자동차,E-SKY9(281kWh),4978,0,4978,2023년도 전기자동차 오산시 모델별 보조금,2023,오산시
승합(대형),범한자동차,E-STAR8 V1,4265,0,4265,2023년도 전기자동차 오산시 모델별 보조금,2023,오산시
승합(대형),범한자동차,E-STAR11,4990,0,4990,2023년도 전기자동차 오산시 모델별 보조금,2023,오산시
승합(대형),범한자동차,E-STAR12i,4990,0,4990,2023년도 전기자동차 오산시 모델별 보조금,2023,오산시
승합(대형),에스에이피,아이즘(IZM),4690,0,4690,2023년도 전기자동차 오산시 모델별 보조금,2023,오산시
승합(대형),에스에이피,엘페(ELFE),4388,0,4388,2023년도 전기자동차 오산시 모델별 보조금,2023,오산시
승합(대형),에스에이피,리오네(LIONNE),4690,0,4690,2023년도 전기자동차 오산시 모델별 보조금,2023,오산시
승합(대형),GS글로벌,NEW BYD eBus-12,4990,0,4990,2023년도 전기자동차 오산시 모델별 보조금,2023,오산시
승합(대형),GS글로벌,BYD eBus9,5660,3396,9056,2023년도 전기자동차 오산시 모델별 보조금,2023,오산시
승합(대형),티에스에코에너지,일레누스(TS1100-1),6633,0,6633,2023년도 전기자동차 오산시 모델별 보조금,2023,오산시
승합(대형),티에스에코에너지,일레누스(TS1100-2),6810,0,6810,2023년도 전기자동차 오산시 모델별 보조금,2023,오산시
승합(대형),티에스에코에너지,일레누스(TS900),6451,0,6451,2023년도 전기자동차 오산시 모델별 보조금,2023,오산시
승합(대형),이온모터스,시티라이트Ⅱ,4861,0,4861,2023년도 전기자동차 오산시 모델별 보조금,2023,오산시
승합(대형),이온모터스,시티라이트9,4990,0,4990,2023년도 전기자동차 오산시 모델별 보조금,2023,오산시
승합(대형),한차,GREENWAY1100,5394,0,5394,2023년도 전기자동차 오산시 모델별 보조금,2023,오산시
승합(대형),한차,GREENWAY1100A,6258,0,6258,2023년도 전기자동차 오산시 모델별 보조금,2023,오산시
승합(대형),이엠코리아,에픽시티(LFP),4990,0,4990,2023년도 전기자동차 오산시 모델별 보조금,2023,오산시
승합(대형),이엠코리아,에픽타운(LFP),4406,0,4406,2023년도 전기자동차 오산시 모델별 보조금,2023,오산시
승합(대형),태영티엔티,GD11,2857,0,2857,2023년도 전기자동차 오산시 모델별 보조금,2023,오산시
승합(대형),재일홀딩스,그린타운400,3846,0,3846,2023년도 전기자동차 오산시 모델별 보조금,2023,오산시
승합(대형),아이버스,아이버스어린이운송차,5727,0,5727,2023년도 전기자동차 오산시 모델별 보조금,2023,오산시
모델별 지방비 자료가 없습니다.,모델별 지방비 자료가 없습니다.,모델별 지방비 자료가 없습니다.,모델별 지방비 자료가 없습니다.,모델별 지방비 자료가 없습니다.,모델별 지방비 자료가 없습니다.,2023년도 전기자동차 시흥시 모델별 보조금,2023,시흥시
승합(중형),현대자동차,(단종)카운티 일렉트릭(어린이운송용 33인승 V2),4052,2431,6483,2023년도 전기자동차 군포시 모델별 보조금,2023,군포시
승합(중형),현대자동차,카운티 일렉트릭,4834,2900,7734,2023년도 전기자동차 군포시 모델별 보조금,2023,군포시
승합(중형),현대자동차,카운티 일렉트릭(마을버스),5000,3000,8000,2023년도 전기자동차 군포시 모델별 보조금,2023,군포시
승합(중형),이비온,"E6(JL618S), 어린이통학",2362,1417,3779,2023년도 전기자동차 군포시 모델별 보조금,2023,군포시
승합(중형),GS글로벌,NEW BYD eBus-7,2894,1736,4630,2023년도 전기자동차 군포시 모델별 보조금,2023,군포시
승합(중형),비바모빌리티,(단종)브이버스60,3211,1926,5137,2023년도 전기자동차 군포시 모델별 보조금,2023,군포시
승합(중형),케이지모빌리티커머셜,SMART 8.7,4308,2584,6892,2023년도 전기자동차 군포시 모델별 보조금,2023,군포시
승합(중형),한차,GREENWAY720,4530,2718,7248,2023년도 전기자동차 군포시 모델별 보조금,2023,군포시
승합(중형),테라팩토리,테라밴키즈,1911,1146,3057,2023년도 전기자동차 군포시 모델별 보조금,2023,군포시
승합(중형),테라팩토리,테라밴키즈11,1902,1141,3043,2023년도 전기자동차 군포시 모델별 보조금,2023,군포시
승합(중형),테라팩토리,테라밴,1889,1133,3022,2023년도 전기자동차 군포시 모델별 보조금,2023,군포시
승합(중형),테라팩토리,"테라밴키즈(2022), 어린이운송용14명",2151,1290,3441,2023년도 전기자동차 군포시 모델별 보조금,2023,군포시
승합(중형),테라팩토리,"테라밴키즈11(2022), 어린이운송용11명",2142,1285,3427,2023년도 전기자동차 군포시 모델별 보조금,2023,군포시
승합(중형),테라팩토리,테라밴,2129,1277,3406,2023년도 전기자동차 군포시 모델별 보조금,2023,군포시
승합(중형),중원자동차,EV J1,5000,3000,8000,2023년도 전기자동차 군포시 모델별 보조금,2023,군포시
승합(대형),현대자동차,일렉시티 이층버스,11900,4200,16100,2023년도 전기자동차 군포시 모델별 보조금,2023,군포시
승합(대형),현대자동차,일렉시티(3PACK),6887,4132,11019,2023년도 전기자동차 군포시 모델별 보조금,2023,군포시
승합(대형),현대자동차,일렉시티(4PACK V1),7000,4200,11200,2023년도 전기자동차 군포시 모델별 보조금,2023,군포시
승합(대형),현대자동차,일렉시티(4PACK V2),7000,4200,11200,2023년도 전기자동차 군포시 모델별 보조금,2023,군포시
승합(대형),현대자동차,일렉시티 타운,6725,4035,10760,2023년도 전기자동차 군포시 모델별 보조금,2023,군포시
승합(대형),케이지모빌리티커머셜,SMART 9.3,4990,2994,7984,2023년도 전기자동차 군포시 모델별 보조금,2023,군포시
승합(대형),케이지모빌리티커머셜,SMART 110(272kWh),5660,3396,9056,2023년도 전기자동차 군포시 모델별 보조금,2023,군포시
승합(대형),케이지모빌리티커머셜,SMART 110E(347kWh),6330,3798,10128,2023년도 전기자동차 군포시 모델별 보조금,2023,군포시
승합(대형),케이지모빌리티커머셜,SMART 110(260kWh),5955,3573,9528,2023년도 전기자동차 군포시 모델별 보조금,2023,군포시
승합(대형),케이지모빌리티커머셜,SMART 110E(260kWh),6277,3766,10043,2023년도 전기자동차 군포시 모델별 보조금,2023,군포시
승합(대형),우진산전,아폴로900전기버스,4420,2652,7072,2023년도 전기자동차 군포시 모델별 보조금,2023,군포시
승합(대형),우진산전,아폴로1100전기버스 22MY,7000,4200,11200,2023년도 전기자동차 군포시 모델별 보조금,2023,군포시
승합(대형),우진산전,아폴로1100전기버스 23MY,7000,4200,11200,2023년도 전기자동차 군포시 모델별 보조금,2023,군포시
승합(대형),피라인모터스,HYPERS(H),5137,3082,8219,2023년도 전기자동차 군포시 모델별 보조금,2023,군포시
승합(대형),피라인모터스,HYPERS1611,5111,3066,8177,2023년도 전기자동차 군포시 모델별 보조금,2023,군포시
승합(대형),피라인모터스,HYPERS1609,5143,3085,8228,2023년도 전기자동차 군포시 모델별 보조금,2023,군포시
승합(대형),피라인모터스,HYPERS1612,3893,2335,6228,2023년도 전기자동차 군포시 모델별 보조금,2023,군포시
승합(대형),피라인모터스,HYPERS1609H,5572,3343,8915,2023년도 전기자동차 군포시 모델별 보조금,2023,군포시
승합(대형),피라인모터스,HYPERS1612N,4990,2994,7984,2023년도 전기자동차 군포시 모델별 보조금,2023,군포시
승합(대형),피라인모터스,HYPERS1609N,6042,3625,9667,2023년도 전기자동차 군포시 모델별 보조금,2023,군포시
승합(대형),피라인모터스,HYPERS1611N,5620,3372,8992,2023년도 전기자동차 군포시 모델별 보조금,2023,군포시
승합(대형),피라인모터스,HYPERS1609HN,5993,3595,9588,2023년도 전기자동차 군포시 모델별 보조금,2023,군포시
승합(대형),비바모빌리티,(단종)브이버스90N,4287,2572,6859,2023년도 전기자동차 군포시 모델별 보조금,2023,군포시
승합(대형),비바모빌리티,(단종)브이버스120,4690,2814,7504,2023년도 전기자동차 군포시 모델별 보조금,2023,군포시
승합(대형),비바모빌리티,(단종)브이버스110-B,4246,2547,6793,2023년도 전기자동차 군포시 모델별 보조금,2023,군포시
승합(대형),범한자동차,E-SKY11(350kWh),4989,2993,7982,2023년도 전기자동차 군포시 모델별 보조금,2023,군포시
승합(대형),범한자동차,E-SKY9(281kWh),4978,2986,7964,2023년도 전기자동차 군포시 모델별 보조금,2023,군포시
승합(대형),범한자동차,E-STAR8 V1,4265,2559,6824,2023년도 전기자동차 군포시 모델별 보조금,2023,군포시
승합(대형),범한자동차,E-STAR11,4990,2994,7984,2023년도 전기자동차 군포시 모델별 보조금,2023,군포시
승합(대형),범한자동차,E-STAR12i,4990,2994,7984,2023년도 전기자동차 군포시 모델별 보조금,2023,군포시
승합(대형),에스에이피,아이즘(IZM),4690,2814,7504,2023년도 전기자동차 군포시 모델별 보조금,2023,군포시
승합(대형),에스에이피,엘페(ELFE),4388,2632,7020,2023년도 전기자동차 군포시 모델별 보조금,2023,군포시
승합(대형),에스에이피,리오네(LIONNE),4690,2814,7504,2023년도 전기자동차 군포시 모델별 보조금,2023,군포시
승합(대형),GS글로벌,NEW BYD eBus-12,4990,2994,7984,2023년도 전기자동차 군포시 모델별 보조금,2023,군포시
승합(대형),GS글로벌,BYD eBus9,5660,3396,9056,2023년도 전기자동차 군포시 모델별 보조금,2023,군포시
승합(대형),티에스에코에너지,일레누스(TS1100-1),6633,3979,10612,2023년도 전기자동차 군포시 모델별 보조금,2023,군포시
승합(대형),티에스에코에너지,일레누스(TS1100-2),6810,4086,10896,2023년도 전기자동차 군포시 모델별 보조금,2023,군포시
승합(대형),티에스에코에너지,일레누스(TS900),6451,3870,10321,2023년도 전기자동차 군포시 모델별 보조금,2023,군포시
승합(대형),이온모터스,시티라이트Ⅱ,4861,2916,7777,2023년도 전기자동차 군포시 모델별 보조금,2023,군포시
승합(대형),이온모터스,시티라이트9,4990,2994,7984,2023년도 전기자동차 군포시 모델별 보조금,2023,군포시
승합(대형),한차,GREENWAY1100,5394,3236,8630,2023년도 전기자동차 군포시 모델별 보조금,2023,군포시
승합(대형),한차,GREENWAY1100A,6258,3754,10012,2023년도 전기자동차 군포시 모델별 보조금,2023,군포시
승합(대형),이엠코리아,에픽시티(LFP),4990,2994,7984,2023년도 전기자동차 군포시 모델별 보조금,2023,군포시
승합(대형),이엠코리아,에픽타운(LFP),4406,2643,7049,2023년도 전기자동차 군포시 모델별 보조금,2023,군포시
승합(대형),태영티엔티,GD11,2857,1714,4571,2023년도 전기자동차 군포시 모델별 보조금,2023,군포시
승합(대형),재일홀딩스,그린타운400,3846,2166,6012,2023년도 전기자동차 군포시 모델별 보조금,2023,군포시
승합(대형),아이버스,아이버스어린이운송차,5727,3436,9163,2023년도 전기자동차 군포시 모델별 보조금,2023,군포시
승합(중형),현대자동차,(단종)카운티 일렉트릭(어린이운송용 33인승 V2),4052,2431,6483,2023년도 전기자동차 의왕시 모델별 보조금,2023,의왕시
승합(중형),현대자동차,카운티 일렉트릭,4834,2900,7734,2023년도 전기자동차 의왕시 모델별 보조금,2023,의왕시
승합(중형),현대자동차,카운티 일렉트릭(마을버스),5000,3000,8000,2023년도 전기자동차 의왕시 모델별 보조금,2023,의왕시
승합(중형),이비온,"E6(JL618S), 어린이통학",2362,1417,3779,2023년도 전기자동차 의왕시 모델별 보조금,2023,의왕시
승합(중형),GS글로벌,NEW BYD eBus-7,2894,1736,4630,2023년도 전기자동차 의왕시 모델별 보조금,2023,의왕시
승합(중형),비바모빌리티,(단종)브이버스60,3211,1926,5137,2023년도 전기자동차 의왕시 모델별 보조금,2023,의왕시
승합(중형),케이지모빌리티커머셜,SMART 8.7,4308,2584,6892,2023년도 전기자동차 의왕시 모델별 보조금,2023,의왕시
승합(중형),한차,GREENWAY720,4530,2718,7248,2023년도 전기자동차 의왕시 모델별 보조금,2023,의왕시
승합(중형),테라팩토리,테라밴키즈,1911,1146,3057,2023년도 전기자동차 의왕시 모델별 보조금,2023,의왕시
승합(중형),테라팩토리,테라밴키즈11,1902,1141,3043,2023년도 전기자동차 의왕시 모델별 보조금,2023,의왕시
승합(중형),테라팩토리,테라밴,1889,1133,3022,2023년도 전기자동차 의왕시 모델별 보조금,2023,의왕시
승합(중형),테라팩토리,"테라밴키즈(2022), 어린이운송용14명",2151,1290,3441,2023년도 전기자동차 의왕시 모델별 보조금,2023,의왕시
승합(중형),테라팩토리,"테라밴키즈11(2022), 어린이운송용11명",2142,1285,3427,2023년도 전기자동차 의왕시 모델별 보조금,2023,의왕시
승합(중형),테라팩토리,테라밴,2129,1277,3406,2023년도 전기자동차 의왕시 모델별 보조금,2023,의왕시
승합(중형),중원자동차,EV J1,5000,3000,8000,2023년도 전기자동차 의왕시 모델별 보조금,2023,의왕시
승합(대형),현대자동차,일렉시티 이층버스,11900,4200,16100,2023년도 전기자동차 의왕시 모델별 보조금,2023,의왕시
승합(대형),현대자동차,일렉시티(3PACK),6887,4132,11019,2023년도 전기자동차 의왕시 모델별 보조금,2023,의왕시
승합(대형),현대자동차,일렉시티(4PACK V1),7000,4200,11200,2023년도 전기자동차 의왕시 모델별 보조금,2023,의왕시
승합(대형),현대자동차,일렉시티(4PACK V2),7000,4200,11200,2023년도 전기자동차 의왕시 모델별 보조금,2023,의왕시
승합(대형),현대자동차,일렉시티 타운,6725,4035,10760,2023년도 전기자동차 의왕시 모델별 보조금,2023,의왕시
승합(대형),케이지모빌리티커머셜,SMART 9.3,4990,2994,7984,2023년도 전기자동차 의왕시 모델별 보조금,2023,의왕시
승합(대형),케이지모빌리티커머셜,SMART 110(272kWh),5660,3396,9056,2023년도 전기자동차 의왕시 모델별 보조금,2023,의왕시
승합(대형),케이지모빌리티커머셜,SMART 110E(347kWh),6330,3798,10128,2023년도 전기자동차 의왕시 모델별 보조금,2023,의왕시
승합(대형),케이지모빌리티커머셜,SMART 110(260kWh),5955,3573,9528,2023년도 전기자동차 의왕시 모델별 보조금,2023,의왕시
승합(대형),케이지모빌리티커머셜,SMART 110E(260kWh),6277,3766,10043,2023년도 전기자동차 의왕시 모델별 보조금,2023,의왕시
승합(대형),우진산전,아폴로900전기버스,4420,2652,7072,2023년도 전기자동차 의왕시 모델별 보조금,2023,의왕시
승합(대형),우진산전,아폴로1100전기버스 22MY,7000,4200,11200,2023년도 전기자동차 의왕시 모델별 보조금,2023,의왕시
승합(대형),우진산전,아폴로1100전기버스 23MY,7000,4200,11200,2023년도 전기자동차 의왕시 모델별 보조금,2023,의왕시
승합(대형),우진산전,아폴로1200-B43,7000,4200,11200,2023년도 전기자동차 의왕시 모델별 보조금,2023,의왕시
승합(대형),피라인모터스,HYPERS(H),5137,3082,8219,2023년도 전기자동차 의왕시 모델별 보조금,2023,의왕시
승합(대형),피라인모터스,HYPERS1611,5111,3066,8177,2023년도 전기자동차 의왕시 모델별 보조금,2023,의왕시
승합(대형),피라인모터스,HYPERS1609,5143,3085,8228,2023년도 전기자동차 의왕시 모델별 보조금,2023,의왕시
승합(대형),피라인모터스,HYPERS1612,3893,2335,6228,2023년도 전기자동차 의왕시 모델별 보조금,2023,의왕시
승합(대형),피라인모터스,HYPERS1609H,5572,3343,8915,2023년도 전기자동차 의왕시 모델별 보조금,2023,의왕시
승합(대형),피라인모터스,HYPERS1612N,4990,2994,7984,2023년도 전기자동차 의왕시 모델별 보조금,2023,의왕시
승합(대형),피라인모터스,HYPERS1609N,6042,3625,9667,2023년도 전기자동차 의왕시 모델별 보조금,2023,의왕시
승합(대형),피라인모터스,HYPERS1611N,5620,3372,8992,2023년도 전기자동차 의왕시 모델별 보조금,2023,의왕시
승합(대형),피라인모터스,HYPERS1609HN,5993,3595,9588,2023년도 전기자동차 의왕시 모델별 보조금,2023,의왕시
승합(대형),피라인모터스,HYPERS1611P,7000,4200,11200,2023년도 전기자동차 의왕시 모델별 보조금,2023,의왕시
승합(대형),피라인모터스,HYPERS1609P,7000,4200,11200,2023년도 전기자동차 의왕시 모델별 보조금,2023,의왕시
승합(대형),비바모빌리티,(단종)브이버스90N,4287,2572,6859,2023년도 전기자동차 의왕시 모델별 보조금,2023,의왕시
승합(대형),비바모빌리티,(단종)브이버스120,4690,2814,7504,2023년도 전기자동차 의왕시 모델별 보조금,2023,의왕시
승합(대형),비바모빌리티,(단종)브이버스110-B,4246,2547,6793,2023년도 전기자동차 의왕시 모델별 보조금,2023,의왕시
승합(대형),범한자동차,E-SKY11(350kWh),4989,2993,7982,2023년도 전기자동차 의왕시 모델별 보조금,2023,의왕시
승합(대형),범한자동차,E-SKY9(281kWh),4978,2986,7964,2023년도 전기자동차 의왕시 모델별 보조금,2023,의왕시
승합(대형),범한자동차,E-STAR8 V1,4265,2559,6824,2023년도 전기자동차 의왕시 모델별 보조금,2023,의왕시
승합(대형),범한자동차,E-STAR11,4990,2994,7984,2023년도 전기자동차 의왕시 모델별 보조금,2023,의왕시
승합(대형),범한자동차,E-STAR12i,4990,2994,7984,2023년도 전기자동차 의왕시 모델별 보조금,2023,의왕시
승합(대형),에스에이피,아이즘(IZM),4690,2814,7504,2023년도 전기자동차 의왕시 모델별 보조금,2023,의왕시
승합(대형),에스에이피,엘페(ELFE),4388,2632,7020,2023년도 전기자동차 의왕시 모델별 보조금,2023,의왕시
승합(대형),에스에이피,리오네(LIONNE),4690,2814,7504,2023년도 전기자동차 의왕시 모델별 보조금,2023,의왕시
승합(대형),GS글로벌,NEW BYD eBus-12,4990,2994,7984,2023년도 전기자동차 의왕시 모델별 보조금,2023,의왕시
승합(대형),GS글로벌,BYD eBus9,5660,3396,9056,2023년도 전기자동차 의왕시 모델별 보조금,2023,의왕시
승합(대형),티에스에코에너지,일레누스(TS1100-1),6633,3979,10612,2023년도 전기자동차 의왕시 모델별 보조금,2023,의왕시
승합(대형),티에스에코에너지,일레누스(TS1100-2),6810,4086,10896,2023년도 전기자동차 의왕시 모델별 보조금,2023,의왕시
승합(대형),티에스에코에너지,일레누스(TS900),6451,3870,10321,2023년도 전기자동차 의왕시 모델별 보조금,2023,의왕시
승합(대형),이온모터스,시티라이트Ⅱ,4861,2916,7777,2023년도 전기자동차 의왕시 모델별 보조금,2023,의왕시
승합(대형),이온모터스,시티라이트9,4990,2994,7984,2023년도 전기자동차 의왕시 모델별 보조금,2023,의왕시
승합(대형),한차,GREENWAY1100,5394,3236,8630,2023년도 전기자동차 의왕시 모델별 보조금,2023,의왕시
승합(대형),한차,GREENWAY1100A,6258,3754,10012,2023년도 전기자동차 의왕시 모델별 보조금,2023,의왕시
승합(대형),이엠코리아,에픽시티(LFP),4990,2994,7984,2023년도 전기자동차 의왕시 모델별 보조금,2023,의왕시
승합(대형),이엠코리아,에픽타운(LFP),4406,2643,7049,2023년도 전기자동차 의왕시 모델별 보조금,2023,의왕시
승합(대형),태영티엔티,GD11,2857,1714,4571,2023년도 전기자동차 의왕시 모델별 보조금,2023,의왕시
승합(대형),재일홀딩스,그린타운400,3846,2166,6012,2023년도 전기자동차 의왕시 모델별 보조금,2023,의왕시
승합(대형),아이버스,아이버스어린이운송차,5727,3436,9163,2023년도 전기자동차 의왕시 모델별 보조금,2023,의왕시
승합(대형),서울시티투어버스,타이거클래식트롤리버스,3161,1896,5057,2023년도 전기자동차 의왕시 모델별 보조금,2023,의왕시
승합(중형),현대자동차,(단종)카운티 일렉트릭(어린이운송용 33인승 V2),4052,2430,6482,2023년도 전기자동차 하남시 모델별 보조금,2023,하남시
승합(중형),현대자동차,카운티 일렉트릭,4834,2900,7734,2023년도 전기자동차 하남시 모델별 보조금,2023,하남시
승합(중형),현대자동차,카운티 일렉트릭(마을버스),5000,3000,8000,2023년도 전기자동차 하남시 모델별 보조금,2023,하남시
승합(중형),이비온,"E6(JL618S), 어린이통학",2362,1416,3778,2023년도 전기자동차 하남시 모델별 보조금,2023,하남시
승합(중형),GS글로벌,NEW BYD eBus-7,2894,1736,4630,2023년도 전기자동차 하남시 모델별 보조금,2023,하남시
승합(중형),비바모빌리티,(단종)브이버스60,3211,1926,5137,2023년도 전기자동차 하남시 모델별 보조금,2023,하남시
승합(중형),케이지모빌리티커머셜,SMART 8.7,4308,2584,6892,2023년도 전기자동차 하남시 모델별 보조금,2023,하남시
승합(중형),한차,GREENWAY720,4530,2718,7248,2023년도 전기자동차 하남시 모델별 보조금,2023,하남시
승합(중형),테라팩토리,테라밴키즈,1911,1146,3057,2023년도 전기자동차 하남시 모델별 보조금,2023,하남시
승합(중형),테라팩토리,테라밴키즈11,1902,1140,3042,2023년도 전기자동차 하남시 모델별 보조금,2023,하남시
승합(중형),테라팩토리,테라밴,1889,1132,3021,2023년도 전기자동차 하남시 모델별 보조금,2023,하남시
승합(중형),테라팩토리,"테라밴키즈(2022), 어린이운송용14명",2151,1290,3441,2023년도 전기자동차 하남시 모델별 보조금,2023,하남시
승합(중형),테라팩토리,"테라밴키즈11(2022), 어린이운송용11명",2142,1284,3426,2023년도 전기자동차 하남시 모델별 보조금,2023,하남시
승합(중형),테라팩토리,테라밴,2129,1276,3405,2023년도 전기자동차 하남시 모델별 보조금,2023,하남시
승합(중형),중원자동차,EV J1,5000,3000,8000,2023년도 전기자동차 하남시 모델별 보조금,2023,하남시
승합(대형),현대자동차,일렉시티 이층버스,11900,4200,16100,2023년도 전기자동차 하남시 모델별 보조금,2023,하남시
승합(대형),현대자동차,일렉시티(3PACK),6887,4132,11019,2023년도 전기자동차 하남시 모델별 보조금,2023,하남시
승합(대형),현대자동차,일렉시티(4PACK V1),7000,4200,11200,2023년도 전기자동차 하남시 모델별 보조금,2023,하남시
승합(대형),현대자동차,일렉시티(4PACK V2),7000,4200,11200,2023년도 전기자동차 하남시 모델별 보조금,2023,하남시
승합(대형),현대자동차,일렉시티 타운,6725,4034,10759,2023년도 전기자동차 하남시 모델별 보조금,2023,하남시
승합(대형),케이지모빌리티커머셜,SMART 9.3,4990,2994,7984,2023년도 전기자동차 하남시 모델별 보조금,2023,하남시
승합(대형),케이지모빌리티커머셜,SMART 110(272kWh),5660,3396,9056,2023년도 전기자동차 하남시 모델별 보조금,2023,하남시
승합(대형),케이지모빌리티커머셜,SMART 110E(347kWh),6330,3798,10128,2023년도 전기자동차 하남시 모델별 보조금,2023,하남시
승합(대형),케이지모빌리티커머셜,SMART 110(260kWh),5955,3572,9527,2023년도 전기자동차 하남시 모델별 보조금,2023,하남시
승합(대형),케이지모빌리티커머셜,SMART 110E(260kWh),6277,3766,10043,2023년도 전기자동차 하남시 모델별 보조금,2023,하남시
승합(대형),우진산전,아폴로900전기버스,4420,2652,7072,2023년도 전기자동차 하남시 모델별 보조금,2023,하남시
승합(대형),우진산전,아폴로1100전기버스 22MY,7000,4200,11200,2023년도 전기자동차 하남시 모델별 보조금,2023,하남시
승합(대형),우진산전,아폴로1100전기버스 23MY,7000,4200,11200,2023년도 전기자동차 하남시 모델별 보조금,2023,하남시
승합(대형),피라인모터스,HYPERS(H),5137,3082,8219,2023년도 전기자동차 하남시 모델별 보조금,2023,하남시
승합(대형),피라인모터스,HYPERS1611,5111,3066,8177,2023년도 전기자동차 하남시 모델별 보조금,2023,하남시
승합(대형),피라인모터스,HYPERS1609,5143,3084,8227,2023년도 전기자동차 하남시 모델별 보조금,2023,하남시
승합(대형),피라인모터스,HYPERS1612,3893,2334,6227,2023년도 전기자동차 하남시 모델별 보조금,2023,하남시
승합(대형),피라인모터스,HYPERS1609H,5572,3342,8914,2023년도 전기자동차 하남시 모델별 보조금,2023,하남시
승합(대형),피라인모터스,HYPERS1612N,4990,2994,7984,2023년도 전기자동차 하남시 모델별 보조금,2023,하남시
승합(대형),피라인모터스,HYPERS1609N,6042,3624,9666,2023년도 전기자동차 하남시 모델별 보조금,2023,하남시
승합(대형),피라인모터스,HYPERS1611N,5620,3372,8992,2023년도 전기자동차 하남시 모델별 보조금,2023,하남시
승합(대형),피라인모터스,HYPERS1609HN,5993,3594,9587,2023년도 전기자동차 하남시 모델별 보조금,2023,하남시
승합(대형),피라인모터스,HYPERS1611P,7000,4200,11200,2023년도 전기자동차 하남시 모델별 보조금,2023,하남시
승합(대형),비바모빌리티,(단종)브이버스90N,4287,2572,6859,2023년도 전기자동차 하남시 모델별 보조금,2023,하남시
승합(대형),비바모빌리티,(단종)브이버스120,4690,2814,7504,2023년도 전기자동차 하남시 모델별 보조금,2023,하남시
승합(대형),비바모빌리티,(단종)브이버스110-B,4246,2546,6792,2023년도 전기자동차 하남시 모델별 보조금,2023,하남시
승합(대형),범한자동차,E-SKY11(350kWh),4989,2992,7981,2023년도 전기자동차 하남시 모델별 보조금,2023,하남시
승합(대형),범한자동차,E-SKY9(281kWh),4978,2986,7964,2023년도 전기자동차 하남시 모델별 보조금,2023,하남시
승합(대형),범한자동차,E-STAR8 V1,4265,2558,6823,2023년도 전기자동차 하남시 모델별 보조금,2023,하남시
승합(대형),범한자동차,E-STAR11,4990,2994,7984,2023년도 전기자동차 하남시 모델별 보조금,2023,하남시
승합(대형),범한자동차,E-STAR12i,4990,2994,7984,2023년도 전기자동차 하남시 모델별 보조금,2023,하남시
승합(대형),에스에이피,아이즘(IZM),4690,2814,7504,2023년도 전기자동차 하남시 모델별 보조금,2023,하남시
승합(대형),에스에이피,엘페(ELFE),4388,2632,7020,2023년도 전기자동차 하남시 모델별 보조금,2023,하남시
승합(대형),에스에이피,리오네(LIONNE),4690,2814,7504,2023년도 전기자동차 하남시 모델별 보조금,2023,하남시
승합(대형),GS글로벌,NEW BYD eBus-12,4990,2994,7984,2023년도 전기자동차 하남시 모델별 보조금,2023,하남시
승합(대형),GS글로벌,BYD eBus9,5660,3396,9056,2023년도 전기자동차 하남시 모델별 보조금,2023,하남시
승합(대형),티에스에코에너지,일레누스(TS1100-1),6633,3978,10611,2023년도 전기자동차 하남시 모델별 보조금,2023,하남시
승합(대형),티에스에코에너지,일레누스(TS1100-2),6810,4086,10896,2023년도 전기자동차 하남시 모델별 보조금,2023,하남시
승합(대형),티에스에코에너지,일레누스(TS900),6451,3870,10321,2023년도 전기자동차 하남시 모델별 보조금,2023,하남시
승합(대형),이온모터스,시티라이트Ⅱ,4861,2916,7777,2023년도 전기자동차 하남시 모델별 보조금,2023,하남시
승합(대형),이온모터스,시티라이트9,4990,2994,7984,2023년도 전기자동차 하남시 모델별 보조금,2023,하남시
승합(대형),한차,GREENWAY1100,5394,3236,8630,2023년도 전기자동차 하남시 모델별 보조금,2023,하남시
승합(대형),한차,GREENWAY1100A,6258,3754,10012,2023년도 전기자동차 하남시 모델별 보조금,2023,하남시
승합(대형),이엠코리아,에픽시티(LFP),4990,2994,7984,2023년도 전기자동차 하남시 모델별 보조금,2023,하남시
승합(대형),이엠코리아,에픽타운(LFP),4406,2642,7048,2023년도 전기자동차 하남시 모델별 보조금,2023,하남시
승합(대형),태영티엔티,GD11,2857,1714,4571,2023년도 전기자동차 하남시 모델별 보조금,2023,하남시
승합(대형),재일홀딩스,그린타운400,3846,2306,6152,2023년도 전기자동차 하남시 모델별 보조금,2023,하남시
승합(대형),아이버스,아이버스어린이운송차,5727,3436,9163,2023년도 전기자동차 하남시 모델별 보조금,2023,하남시
승합(중형),현대자동차,(단종)카운티 일렉트릭(어린이운송용 33인승 V2),4052,2431,6483,2023년도 전기자동차 용인시 모델별 보조금,2023,용인시
승합(중형),현대자동차,카운티 일렉트릭,4834,2900,7734,2023년도 전기자동차 용인시 모델별 보조금,2023,용인시
승합(중형),현대자동차,카운티 일렉트릭(마을버스),5000,3000,8000,2023년도 전기자동차 용인시 모델별 보조금,2023,용인시
승합(중형),이비온,"E6(JL618S), 어린이통학",2362,1417,3779,2023년도 전기자동차 용인시 모델별 보조금,2023,용인시
승합(중형),GS글로벌,NEW BYD eBus-7,2894,1736,4630,2023년도 전기자동차 용인시 모델별 보조금,2023,용인시
승합(중형),비바모빌리티,(단종)브이버스60,3211,1926,5137,2023년도 전기자동차 용인시 모델별 보조금,2023,용인시
승합(중형),케이지모빌리티커머셜,SMART 8.7,4308,2584,6892,2023년도 전기자동차 용인시 모델별 보조금,2023,용인시
승합(중형),한차,GREENWAY720,4530,2718,7248,2023년도 전기자동차 용인시 모델별 보조금,2023,용인시
승합(중형),테라팩토리,테라밴키즈,1911,1146,3057,2023년도 전기자동차 용인시 모델별 보조금,2023,용인시
승합(중형),테라팩토리,테라밴키즈11,1902,1141,3043,2023년도 전기자동차 용인시 모델별 보조금,2023,용인시
승합(중형),테라팩토리,테라밴,1889,1133,3022,2023년도 전기자동차 용인시 모델별 보조금,2023,용인시
승합(중형),테라팩토리,"테라밴키즈(2022), 어린이운송용14명",2151,1290,3441,2023년도 전기자동차 용인시 모델별 보조금,2023,용인시
승합(중형),테라팩토리,"테라밴키즈11(2022), 어린이운송용11명",2142,1285,3427,2023년도 전기자동차 용인시 모델별 보조금,2023,용인시
승합(중형),테라팩토리,테라밴,2129,1277,3406,2023년도 전기자동차 용인시 모델별 보조금,2023,용인시
승합(중형),중원자동차,EV J1,5000,3000,8000,2023년도 전기자동차 용인시 모델별 보조금,2023,용인시
승합(대형),현대자동차,일렉시티 이층버스,11900,7100,19000,2023년도 전기자동차 용인시 모델별 보조금,2023,용인시
승합(대형),현대자동차,일렉시티(3PACK),6887,4132,11019,2023년도 전기자동차 용인시 모델별 보조금,2023,용인시
승합(대형),현대자동차,일렉시티(4PACK V1),7000,4200,11200,2023년도 전기자동차 용인시 모델별 보조금,2023,용인시
승합(대형),현대자동차,일렉시티(4PACK V2),7000,4200,11200,2023년도 전기자동차 용인시 모델별 보조금,2023,용인시
승합(대형),현대자동차,일렉시티 타운,6725,4034,10759,2023년도 전기자동차 용인시 모델별 보조금,2023,용인시
승합(대형),케이지모빌리티커머셜,SMART 9.3,4990,2994,7984,2023년도 전기자동차 용인시 모델별 보조금,2023,용인시
승합(대형),케이지모빌리티커머셜,SMART 110(272kWh),5660,3396,9056,2023년도 전기자동차 용인시 모델별 보조금,2023,용인시
승합(대형),케이지모빌리티커머셜,SMART 110E(347kWh),6330,3798,10128,2023년도 전기자동차 용인시 모델별 보조금,2023,용인시
승합(대형),케이지모빌리티커머셜,SMART 110(260kWh),5955,3572,9527,2023년도 전기자동차 용인시 모델별 보조금,2023,용인시
승합(대형),케이지모빌리티커머셜,SMART 110E(260kWh),6277,3766,10043,2023년도 전기자동차 용인시 모델별 보조금,2023,용인시
승합(대형),우진산전,아폴로900전기버스,4420,2652,7072,2023년도 전기자동차 용인시 모델별 보조금,2023,용인시
승합(대형),우진산전,아폴로1100전기버스 22MY,7000,4200,11200,2023년도 전기자동차 용인시 모델별 보조금,2023,용인시
승합(대형),우진산전,아폴로1100전기버스 23MY,7000,4200,11200,2023년도 전기자동차 용인시 모델별 보조금,2023,용인시
승합(대형),피라인모터스,HYPERS(H),5137,3082,8219,2023년도 전기자동차 용인시 모델별 보조금,2023,용인시
승합(대형),피라인모터스,HYPERS1611,5111,3066,8177,2023년도 전기자동차 용인시 모델별 보조금,2023,용인시
승합(대형),피라인모터스,HYPERS1609,5143,3084,8227,2023년도 전기자동차 용인시 모델별 보조금,2023,용인시
승합(대형),피라인모터스,HYPERS1612,3893,2334,6227,2023년도 전기자동차 용인시 모델별 보조금,2023,용인시
승합(대형),피라인모터스,HYPERS1609H,5572,3342,8914,2023년도 전기자동차 용인시 모델별 보조금,2023,용인시
승합(대형),피라인모터스,HYPERS1612N,4990,2994,7984,2023년도 전기자동차 용인시 모델별 보조금,2023,용인시
승합(대형),피라인모터스,HYPERS1609N,6042,3624,9666,2023년도 전기자동차 용인시 모델별 보조금,2023,용인시
승합(대형),피라인모터스,HYPERS1611N,5620,3372,8992,2023년도 전기자동차 용인시 모델별 보조금,2023,용인시
승합(대형),피라인모터스,HYPERS1609HN,5993,3594,9587,2023년도 전기자동차 용인시 모델별 보조금,2023,용인시
승합(대형),비바모빌리티,(단종)브이버스90N,4287,2572,6859,2023년도 전기자동차 용인시 모델별 보조금,2023,용인시
승합(대형),비바모빌리티,(단종)브이버스120,4690,2814,7504,2023년도 전기자동차 용인시 모델별 보조금,2023,용인시
승합(대형),비바모빌리티,(단종)브이버스110-B,4246,2546,6792,2023년도 전기자동차 용인시 모델별 보조금,2023,용인시
승합(대형),범한자동차,E-SKY11(350kWh),4989,2992,7981,2023년도 전기자동차 용인시 모델별 보조금,2023,용인시
승합(대형),범한자동차,E-SKY9(281kWh),4978,2986,7964,2023년도 전기자동차 용인시 모델별 보조금,2023,용인시
승합(대형),범한자동차,E-STAR8 V1,4265,2558,6823,2023년도 전기자동차 용인시 모델별 보조금,2023,용인시
승합(대형),범한자동차,E-STAR11,4990,2994,7984,2023년도 전기자동차 용인시 모델별 보조금,2023,용인시
승합(대형),범한자동차,E-STAR12i,4990,2994,7984,2023년도 전기자동차 용인시 모델별 보조금,2023,용인시
승합(대형),에스에이피,아이즘(IZM),4690,2814,7504,2023년도 전기자동차 용인시 모델별 보조금,2023,용인시
승합(대형),에스에이피,엘페(ELFE),4388,2632,7020,2023년도 전기자동차 용인시 모델별 보조금,2023,용인시
승합(대형),에스에이피,리오네(LIONNE),4690,2814,7504,2023년도 전기자동차 용인시 모델별 보조금,2023,용인시
승합(대형),GS글로벌,NEW BYD eBus-12,4990,2994,7984,2023년도 전기자동차 용인시 모델별 보조금,2023,용인시
승합(대형),GS글로벌,BYD eBus9,5660,3396,9056,2023년도 전기자동차 용인시 모델별 보조금,2023,용인시
승합(대형),티에스에코에너지,일레누스(TS1100-2),6810,4086,10896,2023년도 전기자동차 용인시 모델별 보조금,2023,용인시
승합(대형),티에스에코에너지,일레누스(TS900),6451,3870,10321,2023년도 전기자동차 용인시 모델별 보조금,2023,용인시
승합(대형),이온모터스,시티라이트Ⅱ,4861,2916,7777,2023년도 전기자동차 용인시 모델별 보조금,2023,용인시
승합(대형),이온모터스,시티라이트9,4990,2994,7984,2023년도 전기자동차 용인시 모델별 보조금,2023,용인시
승합(대형),한차,GREENWAY1100,5394,3236,8630,2023년도 전기자동차 용인시 모델별 보조금,2023,용인시
승합(대형),한차,GREENWAY1100A,6258,3754,10012,2023년도 전기자동차 용인시 모델별 보조금,2023,용인시
승합(대형),이엠코리아,에픽시티(LFP),4990,2994,7984,2023년도 전기자동차 용인시 모델별 보조금,2023,용인시
승합(대형),이엠코리아,에픽타운(LFP),4406,2642,7048,2023년도 전기자동차 용인시 모델별 보조금,2023,용인시
승합(대형),태영티엔티,GD11,2857,1714,4571,2023년도 전기자동차 용인시 모델별 보조금,2023,용인시
승합(대형),재일홀딩스,그린타운400,3846,2306,6152,2023년도 전기자동차 용인시 모델별 보조금,2023,용인시
승합(대형),아이버스,아이버스어린이운송차,5727,3436,9163,2023년도 전기자동차 용인시 모델별 보조금,2023,용인시
승합(중형),현대자동차,(단종)카운티 일렉트릭(어린이운송용 33인승 V2),4052,2430,6482,2023년도 전기자동차 파주시 모델별 보조금,2023,파주시
승합(중형),현대자동차,카운티 일렉트릭,4834,2900,7734,2023년도 전기자동차 파주시 모델별 보조금,2023,파주시
승합(중형),현대자동차,카운티 일렉트릭(마을버스),5000,3000,8000,2023년도 전기자동차 파주시 모델별 보조금,2023,파주시
승합(중형),이비온,"E6(JL618S), 어린이통학",2362,1416,3778,2023년도 전기자동차 파주시 모델별 보조금,2023,파주시
승합(중형),GS글로벌,NEW BYD eBus-7,2894,1736,4630,2023년도 전기자동차 파주시 모델별 보조금,2023,파주시
승합(중형),비바모빌리티,(단종)브이버스60,3211,1926,5137,2023년도 전기자동차 파주시 모델별 보조금,2023,파주시
승합(중형),케이지모빌리티커머셜,SMART 8.7,4308,2584,6892,2023년도 전기자동차 파주시 모델별 보조금,2023,파주시
승합(중형),한차,GREENWAY720,4530,2718,7248,2023년도 전기자동차 파주시 모델별 보조금,2023,파주시
승합(중형),테라팩토리,테라밴키즈,1911,1146,3057,2023년도 전기자동차 파주시 모델별 보조금,2023,파주시
승합(중형),테라팩토리,테라밴키즈11,1902,1140,3042,2023년도 전기자동차 파주시 모델별 보조금,2023,파주시
승합(중형),테라팩토리,테라밴,1889,1132,3021,2023년도 전기자동차 파주시 모델별 보조금,2023,파주시
승합(중형),테라팩토리,"테라밴키즈(2022), 어린이운송용14명",2151,1290,3441,2023년도 전기자동차 파주시 모델별 보조금,2023,파주시
승합(중형),테라팩토리,"테라밴키즈11(2022), 어린이운송용11명",2142,1284,3426,2023년도 전기자동차 파주시 모델별 보조금,2023,파주시
승합(중형),테라팩토리,테라밴,2129,1276,3405,2023년도 전기자동차 파주시 모델별 보조금,2023,파주시
승합(중형),중원자동차,EV J1,5000,3000,8000,2023년도 전기자동차 파주시 모델별 보조금,2023,파주시
승합(대형),현대자동차,일렉시티 이층버스,11900,7140,19040,2023년도 전기자동차 파주시 모델별 보조금,2023,파주시
승합(대형),현대자동차,일렉시티(3PACK),6887,4132,11019,2023년도 전기자동차 파주시 모델별 보조금,2023,파주시
승합(대형),현대자동차,일렉시티(4PACK V1),7000,4200,11200,2023년도 전기자동차 파주시 모델별 보조금,2023,파주시
승합(대형),현대자동차,일렉시티(4PACK V2),7000,4200,11200,2023년도 전기자동차 파주시 모델별 보조금,2023,파주시
승합(대형),현대자동차,일렉시티 타운,6725,4034,10759,2023년도 전기자동차 파주시 모델별 보조금,2023,파주시
승합(대형),케이지모빌리티커머셜,SMART 9.3,4990,2994,7984,2023년도 전기자동차 파주시 모델별 보조금,2023,파주시
승합(대형),케이지모빌리티커머셜,SMART 110(272kWh),5660,3396,9056,2023년도 전기자동차 파주시 모델별 보조금,2023,파주시
승합(대형),케이지모빌리티커머셜,SMART 110E(347kWh),6330,3798,10128,2023년도 전기자동차 파주시 모델별 보조금,2023,파주시
승합(대형),케이지모빌리티커머셜,SMART 110(260kWh),5955,3572,9527,2023년도 전기자동차 파주시 모델별 보조금,2023,파주시
승합(대형),케이지모빌리티커머셜,SMART 110E(260kWh),6277,3766,10043,2023년도 전기자동차 파주시 모델별 보조금,2023,파주시
승합(대형),우진산전,아폴로900전기버스,4420,2652,7072,2023년도 전기자동차 파주시 모델별 보조금,2023,파주시
승합(대형),우진산전,아폴로1100전기버스 22MY,7000,4200,11200,2023년도 전기자동차 파주시 모델별 보조금,2023,파주시
승합(대형),우진산전,아폴로1100전기버스 23MY,7000,4200,11200,2023년도 전기자동차 파주시 모델별 보조금,2023,파주시
승합(대형),우진산전,아폴로1200-B43,7000,4200,11200,2023년도 전기자동차 파주시 모델별 보조금,2023,파주시
승합(대형),피라인모터스,HYPERS(H),5137,3082,8219,2023년도 전기자동차 파주시 모델별 보조금,2023,파주시
승합(대형),피라인모터스,HYPERS1611,5111,3066,8177,2023년도 전기자동차 파주시 모델별 보조금,2023,파주시
승합(대형),피라인모터스,HYPERS1609,5143,3084,8227,2023년도 전기자동차 파주시 모델별 보조금,2023,파주시
승합(대형),피라인모터스,HYPERS1612,3893,2334,6227,2023년도 전기자동차 파주시 모델별 보조금,2023,파주시
승합(대형),피라인모터스,HYPERS1609H,5572,3342,8914,2023년도 전기자동차 파주시 모델별 보조금,2023,파주시
승합(대형),피라인모터스,HYPERS1612N,4990,2994,7984,2023년도 전기자동차 파주시 모델별 보조금,2023,파주시
승합(대형),피라인모터스,HYPERS1609N,6042,3624,9666,2023년도 전기자동차 파주시 모델별 보조금,2023,파주시
승합(대형),피라인모터스,HYPERS1611N,5620,3372,8992,2023년도 전기자동차 파주시 모델별 보조금,2023,파주시
승합(대형),피라인모터스,HYPERS1609HN,5993,3594,9587,2023년도 전기자동차 파주시 모델별 보조금,2023,파주시
승합(대형),피라인모터스,HYPERS1611P,7000,4200,11200,2023년도 전기자동차 파주시 모델별 보조금,2023,파주시
승합(대형),피라인모터스,HYPERS1609P,7000,4200,11200,2023년도 전기자동차 파주시 모델별 보조금,2023,파주시
승합(대형),비바모빌리티,(단종)브이버스90N,4287,2572,6859,2023년도 전기자동차 파주시 모델별 보조금,2023,파주시
승합(대형),비바모빌리티,(단종)브이버스120,4690,2814,7504,2023년도 전기자동차 파주시 모델별 보조금,2023,파주시
승합(대형),비바모빌리티,(단종)브이버스110-B,4246,2546,6792,2023년도 전기자동차 파주시 모델별 보조금,2023,파주시
승합(대형),범한자동차,E-SKY11(350kWh),4989,2992,7981,2023년도 전기자동차 파주시 모델별 보조금,2023,파주시
승합(대형),범한자동차,E-SKY9(281kWh),4978,2986,7964,2023년도 전기자동차 파주시 모델별 보조금,2023,파주시
승합(대형),범한자동차,E-STAR8 V1,4265,2558,6823,2023년도 전기자동차 파주시 모델별 보조금,2023,파주시
승합(대형),범한자동차,E-STAR11,4990,2994,7984,2023년도 전기자동차 파주시 모델별 보조금,2023,파주시
승합(대형),범한자동차,E-STAR12i,4990,2994,7984,2023년도 전기자동차 파주시 모델별 보조금,2023,파주시
승합(대형),에스에이피,아이즘(IZM),4690,2814,7504,2023년도 전기자동차 파주시 모델별 보조금,2023,파주시
승합(대형),에스에이피,엘페(ELFE),4388,2632,7020,2023년도 전기자동차 파주시 모델별 보조금,2023,파주시
승합(대형),에스에이피,리오네(LIONNE),4690,2814,7504,2023년도 전기자동차 파주시 모델별 보조금,2023,파주시
승합(대형),GS글로벌,NEW BYD eBus-12,4990,2994,7984,2023년도 전기자동차 파주시 모델별 보조금,2023,파주시
승합(대형),GS글로벌,BYD eBus9,5660,3396,9056,2023년도 전기자동차 파주시 모델별 보조금,2023,파주시
승합(대형),티에스에코에너지,일레누스(TS1100-1),6633,0,6633,2023년도 전기자동차 파주시 모델별 보조금,2023,파주시
승합(대형),티에스에코에너지,일레누스(TS1100-2),6810,4086,10896,2023년도 전기자동차 파주시 모델별 보조금,2023,파주시
승합(대형),티에스에코에너지,일레누스(TS900),6451,3870,10321,2023년도 전기자동차 파주시 모델별 보조금,2023,파주시
승합(대형),이온모터스,시티라이트Ⅱ,4861,2916,7777,2023년도 전기자동차 파주시 모델별 보조금,2023,파주시
승합(대형),이온모터스,시티라이트9,4990,2994,7984,2023년도 전기자동차 파주시 모델별 보조금,2023,파주시
승합(대형),한차,GREENWAY1100,5394,3236,8630,2023년도 전기자동차 파주시 모델별 보조금,2023,파주시
승합(대형),한차,GREENWAY1100A,6258,3754,10012,2023년도 전기자동차 파주시 모델별 보조금,2023,파주시
승합(대형),이엠코리아,에픽시티(LFP),4990,2994,7984,2023년도 전기자동차 파주시 모델별 보조금,2023,파주시
승합(대형),이엠코리아,에픽타운(LFP),4406,2642,7048,2023년도 전기자동차 파주시 모델별 보조금,2023,파주시
승합(대형),태영티엔티,GD11,2857,1714,4571,2023년도 전기자동차 파주시 모델별 보조금,2023,파주시
승합(대형),재일홀딩스,그린타운400,3846,2306,6152,2023년도 전기자동차 파주시 모델별 보조금,2023,파주시
승합(대형),아이버스,아이버스어린이운송차,5727,3436,9163,2023년도 전기자동차 파주시 모델별 보조금,2023,파주시
승합(중형),현대자동차,(단종)카운티 일렉트릭(어린이운송용 33인승 V2),4052,2430,6482,2023년도 전기자동차 이천시 모델별 보조금,2023,이천시
승합(중형),현대자동차,카운티 일렉트릭,4834,2900,7734,2023년도 전기자동차 이천시 모델별 보조금,2023,이천시
승합(중형),현대자동차,카운티 일렉트릭(마을버스),5000,3000,8000,2023년도 전기자동차 이천시 모델별 보조금,2023,이천시
승합(중형),이비온,"E6(JL618S), 어린이통학",2362,1416,3778,2023년도 전기자동차 이천시 모델별 보조금,2023,이천시
승합(중형),GS글로벌,NEW BYD eBus-7,2894,1736,4630,2023년도 전기자동차 이천시 모델별 보조금,2023,이천시
승합(중형),비바모빌리티,(단종)브이버스60,3211,1926,5137,2023년도 전기자동차 이천시 모델별 보조금,2023,이천시
승합(중형),케이지모빌리티커머셜,SMART 8.7,4308,2584,6892,2023년도 전기자동차 이천시 모델별 보조금,2023,이천시
승합(중형),한차,GREENWAY720,4530,2718,7248,2023년도 전기자동차 이천시 모델별 보조금,2023,이천시
승합(중형),테라팩토리,테라밴키즈,1911,1146,3057,2023년도 전기자동차 이천시 모델별 보조금,2023,이천시
승합(중형),테라팩토리,테라밴키즈11,1902,1140,3042,2023년도 전기자동차 이천시 모델별 보조금,2023,이천시
승합(중형),테라팩토리,테라밴,1889,1132,3021,2023년도 전기자동차 이천시 모델별 보조금,2023,이천시
승합(중형),테라팩토리,"테라밴키즈(2022), 어린이운송용14명",2151,1290,3441,2023년도 전기자동차 이천시 모델별 보조금,2023,이천시
승합(중형),테라팩토리,"테라밴키즈11(2022), 어린이운송용11명",2142,1284,3426,2023년도 전기자동차 이천시 모델별 보조금,2023,이천시
승합(중형),테라팩토리,테라밴,2129,1276,3405,2023년도 전기자동차 이천시 모델별 보조금,2023,이천시
승합(중형),중원자동차,EV J1,5000,3000,8000,2023년도 전기자동차 이천시 모델별 보조금,2023,이천시
승합(대형),현대자동차,일렉시티 이층버스,11900,7140,19040,2023년도 전기자동차 이천시 모델별 보조금,2023,이천시
승합(대형),현대자동차,일렉시티(3PACK),6887,4132,11019,2023년도 전기자동차 이천시 모델별 보조금,2023,이천시
승합(대형),현대자동차,일렉시티(4PACK V1),7000,4200,11200,2023년도 전기자동차 이천시 모델별 보조금,2023,이천시
승합(대형),현대자동차,일렉시티(4PACK V2),7000,4200,11200,2023년도 전기자동차 이천시 모델별 보조금,2023,이천시
승합(대형),현대자동차,일렉시티 타운,6725,4034,10759,2023년도 전기자동차 이천시 모델별 보조금,2023,이천시
승합(대형),케이지모빌리티커머셜,SMART 9.3,4990,2994,7984,2023년도 전기자동차 이천시 모델별 보조금,2023,이천시
승합(대형),케이지모빌리티커머셜,SMART 110(272kWh),5660,3396,9056,2023년도 전기자동차 이천시 모델별 보조금,2023,이천시
승합(대형),케이지모빌리티커머셜,SMART 110E(347kWh),6330,3798,10128,2023년도 전기자동차 이천시 모델별 보조금,2023,이천시
승합(대형),케이지모빌리티커머셜,SMART 110(260kWh),5955,3572,9527,2023년도 전기자동차 이천시 모델별 보조금,2023,이천시
승합(대형),케이지모빌리티커머셜,SMART 110E(260kWh),6277,3766,10043,2023년도 전기자동차 이천시 모델별 보조금,2023,이천시
승합(대형),우진산전,아폴로900전기버스,4420,2652,7072,2023년도 전기자동차 이천시 모델별 보조금,2023,이천시
승합(대형),우진산전,아폴로1100전기버스 22MY,7000,4200,11200,2023년도 전기자동차 이천시 모델별 보조금,2023,이천시
승합(대형),우진산전,아폴로1100전기버스 23MY,7000,4200,11200,2023년도 전기자동차 이천시 모델별 보조금,2023,이천시
승합(대형),피라인모터스,HYPERS(H),5137,3082,8219,2023년도 전기자동차 이천시 모델별 보조금,2023,이천시
승합(대형),피라인모터스,HYPERS1611,5111,3066,8177,2023년도 전기자동차 이천시 모델별 보조금,2023,이천시
승합(대형),피라인모터스,HYPERS1609,5143,3084,8227,2023년도 전기자동차 이천시 모델별 보조금,2023,이천시
승합(대형),피라인모터스,HYPERS1612,3893,2334,6227,2023년도 전기자동차 이천시 모델별 보조금,2023,이천시
승합(대형),피라인모터스,HYPERS1609H,5572,3342,8914,2023년도 전기자동차 이천시 모델별 보조금,2023,이천시
승합(대형),피라인모터스,HYPERS1612N,4990,2994,7984,2023년도 전기자동차 이천시 모델별 보조금,2023,이천시
승합(대형),피라인모터스,HYPERS1609N,6042,3624,9666,2023년도 전기자동차 이천시 모델별 보조금,2023,이천시
승합(대형),피라인모터스,HYPERS1611N,5620,3372,8992,2023년도 전기자동차 이천시 모델별 보조금,2023,이천시
승합(대형),피라인모터스,HYPERS1609HN,5993,3594,9587,2023년도 전기자동차 이천시 모델별 보조금,2023,이천시
승합(대형),비바모빌리티,(단종)브이버스90N,4287,2572,6859,2023년도 전기자동차 이천시 모델별 보조금,2023,이천시
승합(대형),비바모빌리티,(단종)브이버스120,4690,2814,7504,2023년도 전기자동차 이천시 모델별 보조금,2023,이천시
승합(대형),비바모빌리티,(단종)브이버스110-B,4246,2546,6792,2023년도 전기자동차 이천시 모델별 보조금,2023,이천시
승합(대형),범한자동차,E-SKY11(350kWh),4989,2992,7981,2023년도 전기자동차 이천시 모델별 보조금,2023,이천시
승합(대형),범한자동차,E-SKY9(281kWh),4978,2986,7964,2023년도 전기자동차 이천시 모델별 보조금,2023,이천시
승합(대형),범한자동차,E-STAR8 V1,4265,2558,6823,2023년도 전기자동차 이천시 모델별 보조금,2023,이천시
승합(대형),범한자동차,E-STAR11,4990,2994,7984,2023년도 전기자동차 이천시 모델별 보조금,2023,이천시
승합(대형),범한자동차,E-STAR12i,4990,2994,7984,2023년도 전기자동차 이천시 모델별 보조금,2023,이천시
승합(대형),에스에이피,아이즘(IZM),4690,2814,7504,2023년도 전기자동차 이천시 모델별 보조금,2023,이천시
승합(대형),에스에이피,엘페(ELFE),4388,2632,7020,2023년도 전기자동차 이천시 모델별 보조금,2023,이천시
승합(대형),에스에이피,리오네(LIONNE),4690,2814,7504,2023년도 전기자동차 이천시 모델별 보조금,2023,이천시
승합(대형),GS글로벌,NEW BYD eBus-12,4990,2994,7984,2023년도 전기자동차 이천시 모델별 보조금,2023,이천시
승합(대형),GS글로벌,BYD eBus9,5660,3396,9056,2023년도 전기자동차 이천시 모델별 보조금,2023,이천시
승합(대형),티에스에코에너지,일레누스(TS1100-2),6810,4086,10896,2023년도 전기자동차 이천시 모델별 보조금,2023,이천시
승합(대형),티에스에코에너지,일레누스(TS900),6451,3870,10321,2023년도 전기자동차 이천시 모델별 보조금,2023,이천시
승합(대형),이온모터스,시티라이트Ⅱ,4861,2916,7777,2023년도 전기자동차 이천시 모델별 보조금,2023,이천시
승합(대형),이온모터스,시티라이트9,4990,2994,7984,2023년도 전기자동차 이천시 모델별 보조금,2023,이천시
승합(대형),한차,GREENWAY1100,5394,3236,8630,2023년도 전기자동차 이천시 모델별 보조금,2023,이천시
승합(대형),한차,GREENWAY1100A,6258,3754,10012,2023년도 전기자동차 이천시 모델별 보조금,2023,이천시
승합(대형),이엠코리아,에픽시티(LFP),4990,2994,7984,2023년도 전기자동차 이천시 모델별 보조금,2023,이천시
승합(대형),이엠코리아,에픽타운(LFP),4406,2642,7048,2023년도 전기자동차 이천시 모델별 보조금,2023,이천시
승합(대형),태영티엔티,GD11,2857,1714,4571,2023년도 전기자동차 이천시 모델별 보조금,2023,이천시
승합(대형),재일홀딩스,그린타운400,3846,2306,6152,2023년도 전기자동차 이천시 모델별 보조금,2023,이천시
승합(대형),아이버스,아이버스어린이운송차,5727,3436,9163,2023년도 전기자동차 이천시 모델별 보조금,2023,이천시
승합(중형),현대자동차,(단종)카운티 일렉트릭(어린이운송용 33인승 V2),4052,0,4052,2023년도 전기자동차 안성시 모델별 보조금,2023,안성시
승합(중형),현대자동차,카운티 일렉트릭,4834,0,4834,2023년도 전기자동차 안성시 모델별 보조금,2023,안성시
승합(중형),현대자동차,카운티 일렉트릭(마을버스),5000,0,5000,2023년도 전기자동차 안성시 모델별 보조금,2023,안성시
승합(중형),이비온,"E6(JL618S), 어린이통학",2362,0,2362,2023년도 전기자동차 안성시 모델별 보조금,2023,안성시
승합(중형),GS글로벌,NEW BYD eBus-7,2894,0,2894,2023년도 전기자동차 안성시 모델별 보조금,2023,안성시
승합(중형),비바모빌리티,(단종)브이버스60,3211,0,3211,2023년도 전기자동차 안성시 모델별 보조금,2023,안성시
승합(중형),케이지모빌리티커머셜,SMART 8.7,4308,0,4308,2023년도 전기자동차 안성시 모델별 보조금,2023,안성시
승합(중형),한차,GREENWAY720,4530,2718,7248,2023년도 전기자동차 안성시 모델별 보조금,2023,안성시
승합(중형),테라팩토리,테라밴키즈,1911,0,1911,2023년도 전기자동차 안성시 모델별 보조금,2023,안성시
승합(중형),테라팩토리,테라밴키즈11,1902,0,1902,2023년도 전기자동차 안성시 모델별 보조금,2023,안성시
승합(중형),테라팩토리,테라밴,1889,0,1889,2023년도 전기자동차 안성시 모델별 보조금,2023,안성시
승합(중형),테라팩토리,"테라밴키즈(2022), 어린이운송용14명",2151,0,2151,2023년도 전기자동차 안성시 모델별 보조금,2023,안성시
승합(중형),테라팩토리,"테라밴키즈11(2022), 어린이운송용11명",2142,0,2142,2023년도 전기자동차 안성시 모델별 보조금,2023,안성시
승합(중형),테라팩토리,테라밴,2129,0,2129,2023년도 전기자동차 안성시 모델별 보조금,2023,안성시
승합(중형),중원자동차,EV J1,5000,0,5000,2023년도 전기자동차 안성시 모델별 보조금,2023,안성시
승합(대형),현대자동차,일렉시티 이층버스,11900,7100,19000,2023년도 전기자동차 안성시 모델별 보조금,2023,안성시
승합(대형),현대자동차,일렉시티(3PACK),6887,0,6887,2023년도 전기자동차 안성시 모델별 보조금,2023,안성시
승합(대형),현대자동차,일렉시티(4PACK V1),7000,4200,11200,2023년도 전기자동차 안성시 모델별 보조금,2023,안성시
승합(대형),현대자동차,일렉시티(4PACK V2),7000,4200,11200,2023년도 전기자동차 안성시 모델별 보조금,2023,안성시
승합(대형),현대자동차,일렉시티 타운,6725,0,6725,2023년도 전기자동차 안성시 모델별 보조금,2023,안성시
승합(대형),케이지모빌리티커머셜,SMART 9.3,4990,0,4990,2023년도 전기자동차 안성시 모델별 보조금,2023,안성시
승합(대형),케이지모빌리티커머셜,SMART 110(272kWh),5660,0,5660,2023년도 전기자동차 안성시 모델별 보조금,2023,안성시
승합(대형),케이지모빌리티커머셜,SMART 110E(347kWh),6330,0,6330,2023년도 전기자동차 안성시 모델별 보조금,2023,안성시
승합(대형),케이지모빌리티커머셜,SMART 110(260kWh),5955,0,5955,2023년도 전기자동차 안성시 모델별 보조금,2023,안성시
승합(대형),케이지모빌리티커머셜,SMART 110E(260kWh),6277,0,6277,2023년도 전기자동차 안성시 모델별 보조금,2023,안성시
승합(대형),우진산전,아폴로900전기버스,4420,0,4420,2023년도 전기자동차 안성시 모델별 보조금,2023,안성시
승합(대형),우진산전,아폴로1100전기버스 22MY,7000,0,7000,2023년도 전기자동차 안성시 모델별 보조금,2023,안성시
승합(대형),우진산전,아폴로1100전기버스 23MY,7000,0,7000,2023년도 전기자동차 안성시 모델별 보조금,2023,안성시
승합(대형),우진산전,아폴로1200-B43,7000,0,7000,2023년도 전기자동차 안성시 모델별 보조금,2023,안성시
승합(대형),피라인모터스,HYPERS(H),5137,0,5137,2023년도 전기자동차 안성시 모델별 보조금,2023,안성시
승합(대형),피라인모터스,HYPERS1611,5111,0,5111,2023년도 전기자동차 안성시 모델별 보조금,2023,안성시
승합(대형),피라인모터스,HYPERS1609,5143,0,5143,2023년도 전기자동차 안성시 모델별 보조금,2023,안성시
승합(대형),피라인모터스,HYPERS1612,3893,0,3893,2023년도 전기자동차 안성시 모델별 보조금,2023,안성시
승합(대형),피라인모터스,HYPERS1609H,5572,0,5572,2023년도 전기자동차 안성시 모델별 보조금,2023,안성시
승합(대형),피라인모터스,HYPERS1612N,4990,0,4990,2023년도 전기자동차 안성시 모델별 보조금,2023,안성시
승합(대형),피라인모터스,HYPERS1609N,6042,3625,9667,2023년도 전기자동차 안성시 모델별 보조금,2023,안성시
승합(대형),피라인모터스,HYPERS1611N,5620,3372,8992,2023년도 전기자동차 안성시 모델별 보조금,2023,안성시
승합(대형),피라인모터스,HYPERS1609HN,5993,0,5993,2023년도 전기자동차 안성시 모델별 보조금,2023,안성시
승합(대형),피라인모터스,HYPERS1611P,7000,4200,11200,2023년도 전기자동차 안성시 모델별 보조금,2023,안성시
승합(대형),피라인모터스,HYPERS1609P,7000,0,7000,2023년도 전기자동차 안성시 모델별 보조금,2023,안성시
승합(대형),비바모빌리티,(단종)브이버스90N,4287,0,4287,2023년도 전기자동차 안성시 모델별 보조금,2023,안성시
승합(대형),비바모빌리티,(단종)브이버스120,4690,0,4690,2023년도 전기자동차 안성시 모델별 보조금,2023,안성시
승합(대형),비바모빌리티,(단종)브이버스110-B,4246,0,4246,2023년도 전기자동차 안성시 모델별 보조금,2023,안성시
승합(대형),범한자동차,E-SKY11(350kWh),4989,0,4989,2023년도 전기자동차 안성시 모델별 보조금,2023,안성시
승합(대형),범한자동차,E-SKY9(281kWh),4978,0,4978,2023년도 전기자동차 안성시 모델별 보조금,2023,안성시
승합(대형),범한자동차,E-STAR8 V1,4265,0,4265,2023년도 전기자동차 안성시 모델별 보조금,2023,안성시
승합(대형),범한자동차,E-STAR11,4990,0,4990,2023년도 전기자동차 안성시 모델별 보조금,2023,안성시
승합(대형),범한자동차,E-STAR12i,4990,0,4990,2023년도 전기자동차 안성시 모델별 보조금,2023,안성시
승합(대형),에스에이피,아이즘(IZM),4690,0,4690,2023년도 전기자동차 안성시 모델별 보조금,2023,안성시
승합(대형),에스에이피,엘페(ELFE),4388,0,4388,2023년도 전기자동차 안성시 모델별 보조금,2023,안성시
승합(대형),에스에이피,리오네(LIONNE),4690,0,4690,2023년도 전기자동차 안성시 모델별 보조금,2023,안성시
승합(대형),GS글로벌,NEW BYD eBus-12,4990,0,4990,2023년도 전기자동차 안성시 모델별 보조금,2023,안성시
승합(대형),GS글로벌,BYD eBus9,5660,0,5660,2023년도 전기자동차 안성시 모델별 보조금,2023,안성시
승합(대형),티에스에코에너지,일레누스(TS1100-1),6633,0,6633,2023년도 전기자동차 안성시 모델별 보조금,2023,안성시
승합(대형),티에스에코에너지,일레누스(TS1100-2),6810,0,6810,2023년도 전기자동차 안성시 모델별 보조금,2023,안성시
승합(대형),티에스에코에너지,일레누스(TS900),6451,0,6451,2023년도 전기자동차 안성시 모델별 보조금,2023,안성시
승합(대형),이온모터스,시티라이트Ⅱ,4861,0,4861,2023년도 전기자동차 안성시 모델별 보조금,2023,안성시
승합(대형),이온모터스,시티라이트9,4990,0,4990,2023년도 전기자동차 안성시 모델별 보조금,2023,안성시
승합(대형),한차,GREENWAY1100,5394,0,5394,2023년도 전기자동차 안성시 모델별 보조금,2023,안성시
승합(대형),한차,GREENWAY1100A,6258,0,6258,2023년도 전기자동차 안성시 모델별 보조금,2023,안성시
승합(대형),이엠코리아,에픽시티(LFP),4990,0,4990,2023년도 전기자동차 안성시 모델별 보조금,2023,안성시
승합(대형),이엠코리아,에픽타운(LFP),4406,0,4406,2023년도 전기자동차 안성시 모델별 보조금,2023,안성시
승합(대형),태영티엔티,GD11,2857,0,2857,2023년도 전기자동차 안성시 모델별 보조금,2023,안성시
승합(대형),재일홀딩스,그린타운400,3846,0,3846,2023년도 전기자동차 안성시 모델별 보조금,2023,안성시
승합(대형),아이버스,아이버스어린이운송차,5727,0,5727,2023년도 전기자동차 안성시 모델별 보조금,2023,안성시
승합(대형),서울시티투어버스,타이거클래식트롤리버스,3161,0,3161,2023년도 전기자동차 안성시 모델별 보조금,2023,안성시
승합(중형),현대자동차,(단종)카운티 일렉트릭(어린이운송용 33인승 V2),4052,2430,6482,2023년도 전기자동차 김포시 모델별 보조금,2023,김포시
승합(중형),현대자동차,카운티 일렉트릭,4834,2900,7734,2023년도 전기자동차 김포시 모델별 보조금,2023,김포시
승합(중형),현대자동차,카운티 일렉트릭(마을버스),5000,3000,8000,2023년도 전기자동차 김포시 모델별 보조금,2023,김포시
승합(중형),이비온,"E6(JL618S), 어린이통학",2362,1416,3778,2023년도 전기자동차 김포시 모델별 보조금,2023,김포시
승합(중형),GS글로벌,NEW BYD eBus-7,2894,1736,4630,2023년도 전기자동차 김포시 모델별 보조금,2023,김포시
승합(중형),비바모빌리티,(단종)브이버스60,3211,1926,5137,2023년도 전기자동차 김포시 모델별 보조금,2023,김포시
승합(중형),케이지모빌리티커머셜,SMART 8.7,4308,2584,6892,2023년도 전기자동차 김포시 모델별 보조금,2023,김포시
승합(중형),한차,GREENWAY720,4530,2718,7248,2023년도 전기자동차 김포시 모델별 보조금,2023,김포시
승합(중형),테라팩토리,테라밴키즈,1911,1146,3057,2023년도 전기자동차 김포시 모델별 보조금,2023,김포시
승합(중형),테라팩토리,테라밴키즈11,1902,1140,3042,2023년도 전기자동차 김포시 모델별 보조금,2023,김포시
승합(중형),테라팩토리,테라밴,1889,1132,3021,2023년도 전기자동차 김포시 모델별 보조금,2023,김포시
승합(중형),테라팩토리,"테라밴키즈(2022), 어린이운송용14명",2151,1290,3441,2023년도 전기자동차 김포시 모델별 보조금,2023,김포시
승합(중형),테라팩토리,"테라밴키즈11(2022), 어린이운송용11명",2142,1284,3426,2023년도 전기자동차 김포시 모델별 보조금,2023,김포시
승합(중형),테라팩토리,테라밴,2129,1276,3405,2023년도 전기자동차 김포시 모델별 보조금,2023,김포시
승합(중형),중원자동차,EV J1,5000,3000,8000,2023년도 전기자동차 김포시 모델별 보조금,2023,김포시
승합(대형),현대자동차,일렉시티 이층버스,11900,7140,19040,2023년도 전기자동차 김포시 모델별 보조금,2023,김포시
승합(대형),현대자동차,일렉시티(3PACK),6887,4132,11019,2023년도 전기자동차 김포시 모델별 보조금,2023,김포시
승합(대형),현대자동차,일렉시티(4PACK V1),7000,4200,11200,2023년도 전기자동차 김포시 모델별 보조금,2023,김포시
승합(대형),현대자동차,일렉시티(4PACK V2),7000,4200,11200,2023년도 전기자동차 김포시 모델별 보조금,2023,김포시
승합(대형),현대자동차,일렉시티 타운,6725,4034,10759,2023년도 전기자동차 김포시 모델별 보조금,2023,김포시
승합(대형),케이지모빌리티커머셜,SMART 9.3,4990,2994,7984,2023년도 전기자동차 김포시 모델별 보조금,2023,김포시
승합(대형),케이지모빌리티커머셜,SMART 110(272kWh),5660,3396,9056,2023년도 전기자동차 김포시 모델별 보조금,2023,김포시
승합(대형),케이지모빌리티커머셜,SMART 110E(347kWh),6330,3798,10128,2023년도 전기자동차 김포시 모델별 보조금,2023,김포시
승합(대형),케이지모빌리티커머셜,SMART 110(260kWh),5955,3572,9527,2023년도 전기자동차 김포시 모델별 보조금,2023,김포시
승합(대형),케이지모빌리티커머셜,SMART 110E(260kWh),6277,3766,10043,2023년도 전기자동차 김포시 모델별 보조금,2023,김포시
승합(대형),우진산전,아폴로900전기버스,4420,2652,7072,2023년도 전기자동차 김포시 모델별 보조금,2023,김포시
승합(대형),우진산전,아폴로1100전기버스 22MY,7000,4200,11200,2023년도 전기자동차 김포시 모델별 보조금,2023,김포시
승합(대형),우진산전,아폴로1100전기버스 23MY,7000,4200,11200,2023년도 전기자동차 김포시 모델별 보조금,2023,김포시
승합(대형),피라인모터스,HYPERS(H),5137,3082,8219,2023년도 전기자동차 김포시 모델별 보조금,2023,김포시
승합(대형),피라인모터스,HYPERS1611,5111,3066,8177,2023년도 전기자동차 김포시 모델별 보조금,2023,김포시
승합(대형),피라인모터스,HYPERS1609,5143,3084,8227,2023년도 전기자동차 김포시 모델별 보조금,2023,김포시
승합(대형),피라인모터스,HYPERS1612,3893,2334,6227,2023년도 전기자동차 김포시 모델별 보조금,2023,김포시
승합(대형),피라인모터스,HYPERS1609H,5572,3342,8914,2023년도 전기자동차 김포시 모델별 보조금,2023,김포시
승합(대형),피라인모터스,HYPERS1612N,4990,2994,7984,2023년도 전기자동차 김포시 모델별 보조금,2023,김포시
승합(대형),피라인모터스,HYPERS1609N,6042,3624,9666,2023년도 전기자동차 김포시 모델별 보조금,2023,김포시
승합(대형),피라인모터스,HYPERS1611N,5620,3372,8992,2023년도 전기자동차 김포시 모델별 보조금,2023,김포시
승합(대형),피라인모터스,HYPERS1609HN,5993,3594,9587,2023년도 전기자동차 김포시 모델별 보조금,2023,김포시
승합(대형),비바모빌리티,(단종)브이버스90N,4287,2572,6859,2023년도 전기자동차 김포시 모델별 보조금,2023,김포시
승합(대형),비바모빌리티,(단종)브이버스120,4690,2814,7504,2023년도 전기자동차 김포시 모델별 보조금,2023,김포시
승합(대형),비바모빌리티,(단종)브이버스110-B,4246,2546,6792,2023년도 전기자동차 김포시 모델별 보조금,2023,김포시
승합(대형),범한자동차,E-SKY11(350kWh),4989,2992,7981,2023년도 전기자동차 김포시 모델별 보조금,2023,김포시
승합(대형),범한자동차,E-SKY9(281kWh),4978,2986,7964,2023년도 전기자동차 김포시 모델별 보조금,2023,김포시
승합(대형),범한자동차,E-STAR8 V1,4265,2558,6823,2023년도 전기자동차 김포시 모델별 보조금,2023,김포시
승합(대형),범한자동차,E-STAR11,4990,2994,7984,2023년도 전기자동차 김포시 모델별 보조금,2023,김포시
승합(대형),범한자동차,E-STAR12i,4990,2994,7984,2023년도 전기자동차 김포시 모델별 보조금,2023,김포시
승합(대형),에스에이피,아이즘(IZM),4690,2814,7504,2023년도 전기자동차 김포시 모델별 보조금,2023,김포시
승합(대형),에스에이피,엘페(ELFE),4388,2632,7020,2023년도 전기자동차 김포시 모델별 보조금,2023,김포시
승합(대형),에스에이피,리오네(LIONNE),4690,2814,7504,2023년도 전기자동차 김포시 모델별 보조금,2023,김포시
승합(대형),GS글로벌,NEW BYD eBus-12,4990,2994,7984,2023년도 전기자동차 김포시 모델별 보조금,2023,김포시
승합(대형),티에스에코에너지,일레누스(TS1100-2),6810,4086,10896,2023년도 전기자동차 김포시 모델별 보조금,2023,김포시
승합(대형),티에스에코에너지,일레누스(TS900),6451,3870,10321,2023년도 전기자동차 김포시 모델별 보조금,2023,김포시
승합(대형),이온모터스,시티라이트Ⅱ,4861,2916,7777,2023년도 전기자동차 김포시 모델별 보조금,2023,김포시
승합(대형),이온모터스,시티라이트9,4990,2994,7984,2023년도 전기자동차 김포시 모델별 보조금,2023,김포시
승합(대형),한차,GREENWAY1100,5394,3236,8630,2023년도 전기자동차 김포시 모델별 보조금,2023,김포시
승합(대형),한차,GREENWAY1100A,6258,3754,10012,2023년도 전기자동차 김포시 모델별 보조금,2023,김포시
승합(대형),이엠코리아,에픽시티(LFP),4990,2994,7984,2023년도 전기자동차 김포시 모델별 보조금,2023,김포시
승합(대형),태영티엔티,GD11,2857,1714,4571,2023년도 전기자동차 김포시 모델별 보조금,2023,김포시
승합(대형),재일홀딩스,그린타운400,3846,2306,6152,2023년도 전기자동차 김포시 모델별 보조금,2023,김포시
승합(대형),아이버스,아이버스어린이운송차,5727,3436,9163,2023년도 전기자동차 김포시 모델별 보조금,2023,김포시
승합(중형),현대자동차,(단종)카운티 일렉트릭(어린이운송용 33인승 V2),4052,2431.2,6483.2,2023년도 전기자동차 화성시 모델별 보조금,2023,화성시
승합(중형),현대자동차,카운티 일렉트릭,4834,2900.4,7734.4,2023년도 전기자동차 화성시 모델별 보조금,2023,화성시
승합(중형),현대자동차,카운티 일렉트릭(마을버스),5000,3000.0,8000.0,2023년도 전기자동차 화성시 모델별 보조금,2023,화성시
승합(중형),이비온,"E6(JL618S), 어린이통학",2362,1417.2,3779.2,2023년도 전기자동차 화성시 모델별 보조금,2023,화성시
승합(중형),GS글로벌,NEW BYD eBus-7,2894,1736.4,4630.4,2023년도 전기자동차 화성시 모델별 보조금,2023,화성시
승합(중형),비바모빌리티,(단종)브이버스60,3211,1926.6,5137.6,2023년도 전기자동차 화성시 모델별 보조금,2023,화성시
승합(중형),케이지모빌리티커머셜,SMART 8.7,4308,2584.8,6892.8,2023년도 전기자동차 화성시 모델별 보조금,2023,화성시
승합(중형),한차,GREENWAY720,4530,2718.0,7248.0,2023년도 전기자동차 화성시 모델별 보조금,2023,화성시
승합(중형),테라팩토리,테라밴키즈,1911,1146.6,3057.6,2023년도 전기자동차 화성시 모델별 보조금,2023,화성시
승합(중형),테라팩토리,테라밴키즈11,1902,1141.2,3043.2,2023년도 전기자동차 화성시 모델별 보조금,2023,화성시
승합(중형),테라팩토리,테라밴,1889,1133.4,3022.4,2023년도 전기자동차 화성시 모델별 보조금,2023,화성시
승합(중형),테라팩토리,"테라밴키즈(2022), 어린이운송용14명",2151,1290.6,3441.6,2023년도 전기자동차 화성시 모델별 보조금,2023,화성시
승합(중형),테라팩토리,"테라밴키즈11(2022), 어린이운송용11명",2142,1285.2,3427.2,2023년도 전기자동차 화성시 모델별 보조금,2023,화성시
승합(중형),테라팩토리,테라밴,2129,1277.4,3406.4,2023년도 전기자동차 화성시 모델별 보조금,2023,화성시
승합(중형),중원자동차,EV J1,5000,3000.0,8000.0,2023년도 전기자동차 화성시 모델별 보조금,2023,화성시
승합(대형),현대자동차,일렉시티 이층버스,11900,7100.0,19000.0,2023년도 전기자동차 화성시 모델별 보조금,2023,화성시
승합(대형),현대자동차,일렉시티(3PACK),6887,4035.0,10922.0,2023년도 전기자동차 화성시 모델별 보조금,2023,화성시
승합(대형),현대자동차,일렉시티(4PACK V1),7000,4200.0,11200.0,2023년도 전기자동차 화성시 모델별 보조금,2023,화성시
승합(대형),현대자동차,일렉시티(4PACK V2),7000,4200.0,11200.0,2023년도 전기자동차 화성시 모델별 보조금,2023,화성시
승합(대형),현대자동차,일렉시티 타운,6725,4035.0,10760.0,2023년도 전기자동차 화성시 모델별 보조금,2023,화성시
승합(대형),케이지모빌리티커머셜,SMART 9.3,4990,2994.0,7984.0,2023년도 전기자동차 화성시 모델별 보조금,2023,화성시
승합(대형),케이지모빌리티커머셜,SMART 110(272kWh),5660,0.0,5660.0,2023년도 전기자동차 화성시 모델별 보조금,2023,화성시
승합(대형),케이지모빌리티커머셜,SMART 110E(347kWh),6330,3798.0,10128.0,2023년도 전기자동차 화성시 모델별 보조금,2023,화성시
승합(대형),케이지모빌리티커머셜,SMART 110(260kWh),5955,3573.0,9528.0,2023년도 전기자동차 화성시 모델별 보조금,2023,화성시
승합(대형),케이지모빌리티커머셜,SMART 110E(260kWh),6277,3766.0,10043.0,2023년도 전기자동차 화성시 모델별 보조금,2023,화성시
승합(대형),우진산전,아폴로900전기버스,4420,2652.0,7072.0,2023년도 전기자동차 화성시 모델별 보조금,2023,화성시
승합(대형),우진산전,아폴로1100전기버스 22MY,7000,4200.0,11200.0,2023년도 전기자동차 화성시 모델별 보조금,2023,화성시
승합(대형),우진산전,아폴로1100전기버스 23MY,7000,0.0,7000.0,2023년도 전기자동차 화성시 모델별 보조금,2023,화성시
승합(대형),우진산전,아폴로1200-B43,7000,0.0,7000.0,2023년도 전기자동차 화성시 모델별 보조금,2023,화성시
승합(대형),피라인모터스,HYPERS(H),5137,2992.0,8129.0,2023년도 전기자동차 화성시 모델별 보조금,2023,화성시
승합(대형),피라인모터스,HYPERS1611,5111,3066.0,8177.0,2023년도 전기자동차 화성시 모델별 보조금,2023,화성시
승합(대형),피라인모터스,HYPERS1609,5143,3086.0,8229.0,2023년도 전기자동차 화성시 모델별 보조금,2023,화성시
승합(대형),피라인모터스,HYPERS1612,3893,2336.0,6229.0,2023년도 전기자동차 화성시 모델별 보조금,2023,화성시
승합(대형),피라인모터스,HYPERS1609H,5572,3344.0,8916.0,2023년도 전기자동차 화성시 모델별 보조금,2023,화성시
승합(대형),피라인모터스,HYPERS1612N,4990,2994.0,7984.0,2023년도 전기자동차 화성시 모델별 보조금,2023,화성시
승합(대형),피라인모터스,HYPERS1609N,6042,3626.0,9668.0,2023년도 전기자동차 화성시 모델별 보조금,2023,화성시
승합(대형),피라인모터스,HYPERS1611N,5620,3372.0,8992.0,2023년도 전기자동차 화성시 모델별 보조금,2023,화성시
승합(대형),피라인모터스,HYPERS1609HN,5993,3596.0,9589.0,2023년도 전기자동차 화성시 모델별 보조금,2023,화성시
승합(대형),피라인모터스,HYPERS1611P,7000,4200.0,11200.0,2023년도 전기자동차 화성시 모델별 보조금,2023,화성시
승합(대형),피라인모터스,HYPERS1609P,7000,4200.0,11200.0,2023년도 전기자동차 화성시 모델별 보조금,2023,화성시
승합(대형),비바모빌리티,(단종)브이버스90N,4287,2572.0,6859.0,2023년도 전기자동차 화성시 모델별 보조금,2023,화성시
승합(대형),비바모빌리티,(단종)브이버스120,4690,2814.0,7504.0,2023년도 전기자동차 화성시 모델별 보조금,2023,화성시
승합(대형),비바모빌리티,(단종)브이버스110-B,4246,2548.0,6794.0,2023년도 전기자동차 화성시 모델별 보조금,2023,화성시
승합(대형),범한자동차,E-SKY11(350kWh),4989,2994.0,7983.0,2023년도 전기자동차 화성시 모델별 보조금,2023,화성시
승합(대형),범한자동차,E-SKY9(281kWh),4978,2986.0,7964.0,2023년도 전기자동차 화성시 모델별 보조금,2023,화성시
승합(대형),범한자동차,E-STAR8 V1,4265,2560.0,6825.0,2023년도 전기자동차 화성시 모델별 보조금,2023,화성시
승합(대형),범한자동차,E-STAR11,4990,2994.0,7984.0,2023년도 전기자동차 화성시 모델별 보조금,2023,화성시
승합(대형),범한자동차,E-STAR12i,4990,2994.0,7984.0,2023년도 전기자동차 화성시 모델별 보조금,2023,화성시
승합(대형),에스에이피,아이즘(IZM),4690,2814.0,7504.0,2023년도 전기자동차 화성시 모델별 보조금,2023,화성시
승합(대형),에스에이피,엘페(ELFE),4388,2632.0,7020.0,2023년도 전기자동차 화성시 모델별 보조금,2023,화성시
승합(대형),에스에이피,리오네(LIONNE),4690,2814.0,7504.0,2023년도 전기자동차 화성시 모델별 보조금,2023,화성시
승합(대형),GS글로벌,NEW BYD eBus-12,4990,2994.0,7984.0,2023년도 전기자동차 화성시 모델별 보조금,2023,화성시
승합(대형),GS글로벌,BYD eBus9,5660,3396.0,9056.0,2023년도 전기자동차 화성시 모델별 보조금,2023,화성시
승합(대형),티에스에코에너지,일레누스(TS1100-1),6633,0.0,6633.0,2023년도 전기자동차 화성시 모델별 보조금,2023,화성시
승합(대형),티에스에코에너지,일레누스(TS1100-2),6810,4086.0,10896.0,2023년도 전기자동차 화성시 모델별 보조금,2023,화성시
승합(대형),티에스에코에너지,일레누스(TS900),6451,3870.0,10321.0,2023년도 전기자동차 화성시 모델별 보조금,2023,화성시
승합(대형),이온모터스,시티라이트Ⅱ,4861,2916.0,7777.0,2023년도 전기자동차 화성시 모델별 보조금,2023,화성시
승합(대형),이온모터스,시티라이트9,4990,2994.0,7984.0,2023년도 전기자동차 화성시 모델별 보조금,2023,화성시
승합(대형),한차,GREENWAY1100,5394,3236.0,8630.0,2023년도 전기자동차 화성시 모델별 보조금,2023,화성시
승합(대형),한차,GREENWAY1100A,6258,3754.0,10012.0,2023년도 전기자동차 화성시 모델별 보조금,2023,화성시
승합(대형),이엠코리아,에픽시티(LFP),4990,2994.0,7984.0,2023년도 전기자동차 화성시 모델별 보조금,2023,화성시
승합(대형),이엠코리아,에픽타운(LFP),4406,0.0,4406.0,2023년도 전기자동차 화성시 모델별 보조금,2023,화성시
승합(대형),태영티엔티,GD11,2857,1714.0,4571.0,2023년도 전기자동차 화성시 모델별 보조금,2023,화성시
승합(대형),재일홀딩스,그린타운400,3846,0.0,3846.0,2023년도 전기자동차 화성시 모델별 보조금,2023,화성시
승합(대형),아이버스,아이버스어린이운송차,5727,3436.0,9163.0,2023년도 전기자동차 화성시 모델별 보조금,2023,화성시
승합(중형),현대자동차,(단종)카운티 일렉트릭(어린이운송용 33인승 V2),4052,2430,6482,2023년도 전기자동차 광주시 모델별 보조금,2023,광주시
승합(중형),현대자동차,카운티 일렉트릭,4834,2900,7734,2023년도 전기자동차 광주시 모델별 보조금,2023,광주시
승합(중형),현대자동차,카운티 일렉트릭(마을버스),5000,3000,8000,2023년도 전기자동차 광주시 모델별 보조금,2023,광주시
승합(중형),이비온,"E6(JL618S), 어린이통학",2362,1416,3778,2023년도 전기자동차 광주시 모델별 보조금,2023,광주시
승합(중형),GS글로벌,NEW BYD eBus-7,2894,1736,4630,2023년도 전기자동차 광주시 모델별 보조금,2023,광주시
승합(중형),비바모빌리티,(단종)브이버스60,3211,1926,5137,2023년도 전기자동차 광주시 모델별 보조금,2023,광주시
승합(중형),케이지모빌리티커머셜,SMART 8.7,4308,2584,6892,2023년도 전기자동차 광주시 모델별 보조금,2023,광주시
승합(중형),한차,GREENWAY720,4530,2718,7248,2023년도 전기자동차 광주시 모델별 보조금,2023,광주시
승합(중형),테라팩토리,테라밴키즈,1911,1146,3057,2023년도 전기자동차 광주시 모델별 보조금,2023,광주시
승합(중형),테라팩토리,테라밴키즈11,1902,1142,3044,2023년도 전기자동차 광주시 모델별 보조금,2023,광주시
승합(중형),테라팩토리,테라밴,1889,1134,3023,2023년도 전기자동차 광주시 모델별 보조금,2023,광주시
승합(중형),테라팩토리,"테라밴키즈(2022), 어린이운송용14명",2151,0,2151,2023년도 전기자동차 광주시 모델별 보조금,2023,광주시
승합(중형),테라팩토리,"테라밴키즈11(2022), 어린이운송용11명",2142,0,2142,2023년도 전기자동차 광주시 모델별 보조금,2023,광주시
승합(중형),테라팩토리,테라밴,2129,0,2129,2023년도 전기자동차 광주시 모델별 보조금,2023,광주시
승합(중형),중원자동차,EV J1,5000,0,5000,2023년도 전기자동차 광주시 모델별 보조금,2023,광주시
승합(대형),현대자동차,일렉시티 이층버스,11900,7140,19040,2023년도 전기자동차 광주시 모델별 보조금,2023,광주시
승합(대형),현대자동차,일렉시티(3PACK),6887,4132,11019,2023년도 전기자동차 광주시 모델별 보조금,2023,광주시
승합(대형),현대자동차,일렉시티(4PACK V1),7000,4200,11200,2023년도 전기자동차 광주시 모델별 보조금,2023,광주시
승합(대형),현대자동차,일렉시티(4PACK V2),7000,4200,11200,2023년도 전기자동차 광주시 모델별 보조금,2023,광주시
승합(대형),현대자동차,일렉시티 타운,6725,4035,10760,2023년도 전기자동차 광주시 모델별 보조금,2023,광주시
승합(대형),케이지모빌리티커머셜,SMART 9.3,4990,2994,7984,2023년도 전기자동차 광주시 모델별 보조금,2023,광주시
승합(대형),케이지모빌리티커머셜,SMART 110(272kWh),5660,3396,9056,2023년도 전기자동차 광주시 모델별 보조금,2023,광주시
승합(대형),케이지모빌리티커머셜,SMART 110E(347kWh),6330,3798,10128,2023년도 전기자동차 광주시 모델별 보조금,2023,광주시
승합(대형),케이지모빌리티커머셜,SMART 110(260kWh),5955,3573,9528,2023년도 전기자동차 광주시 모델별 보조금,2023,광주시
승합(대형),케이지모빌리티커머셜,SMART 110E(260kWh),6277,3766,10043,2023년도 전기자동차 광주시 모델별 보조금,2023,광주시
승합(대형),우진산전,아폴로900전기버스,4420,2652,7072,2023년도 전기자동차 광주시 모델별 보조금,2023,광주시
승합(대형),우진산전,아폴로1100전기버스 22MY,7000,4200,11200,2023년도 전기자동차 광주시 모델별 보조금,2023,광주시
승합(대형),우진산전,아폴로1100전기버스 23MY,7000,4200,11200,2023년도 전기자동차 광주시 모델별 보조금,2023,광주시
승합(대형),피라인모터스,HYPERS(H),5137,3082,8219,2023년도 전기자동차 광주시 모델별 보조금,2023,광주시
승합(대형),피라인모터스,HYPERS1611,5111,3066,8177,2023년도 전기자동차 광주시 모델별 보조금,2023,광주시
승합(대형),피라인모터스,HYPERS1609,5143,3085,8228,2023년도 전기자동차 광주시 모델별 보조금,2023,광주시
승합(대형),피라인모터스,HYPERS1612,3893,2335,6228,2023년도 전기자동차 광주시 모델별 보조금,2023,광주시
승합(대형),피라인모터스,HYPERS1609H,5572,3343,8915,2023년도 전기자동차 광주시 모델별 보조금,2023,광주시
승합(대형),피라인모터스,HYPERS1612N,4990,2994,7984,2023년도 전기자동차 광주시 모델별 보조금,2023,광주시
승합(대형),피라인모터스,HYPERS1609N,6042,3625,9667,2023년도 전기자동차 광주시 모델별 보조금,2023,광주시
승합(대형),피라인모터스,HYPERS1611N,5620,3372,8992,2023년도 전기자동차 광주시 모델별 보조금,2023,광주시
승합(대형),피라인모터스,HYPERS1609HN,5993,3595,9588,2023년도 전기자동차 광주시 모델별 보조금,2023,광주시
승합(대형),비바모빌리티,(단종)브이버스90N,4287,2572,6859,2023년도 전기자동차 광주시 모델별 보조금,2023,광주시
승합(대형),비바모빌리티,(단종)브이버스120,4690,2814,7504,2023년도 전기자동차 광주시 모델별 보조금,2023,광주시
승합(대형),비바모빌리티,(단종)브이버스110-B,4246,2547,6793,2023년도 전기자동차 광주시 모델별 보조금,2023,광주시
승합(대형),범한자동차,E-SKY11(350kWh),4989,2993,7982,2023년도 전기자동차 광주시 모델별 보조금,2023,광주시
승합(대형),범한자동차,E-SKY9(281kWh),4978,2986,7964,2023년도 전기자동차 광주시 모델별 보조금,2023,광주시
승합(대형),범한자동차,E-STAR8 V1,4265,2559,6824,2023년도 전기자동차 광주시 모델별 보조금,2023,광주시
승합(대형),범한자동차,E-STAR11,4990,2994,7984,2023년도 전기자동차 광주시 모델별 보조금,2023,광주시
승합(대형),범한자동차,E-STAR12i,4990,2994,7984,2023년도 전기자동차 광주시 모델별 보조금,2023,광주시
승합(대형),에스에이피,아이즘(IZM),4690,2814,7504,2023년도 전기자동차 광주시 모델별 보조금,2023,광주시
승합(대형),에스에이피,엘페(ELFE),4388,2632,7020,2023년도 전기자동차 광주시 모델별 보조금,2023,광주시
승합(대형),에스에이피,리오네(LIONNE),4690,2814,7504,2023년도 전기자동차 광주시 모델별 보조금,2023,광주시
승합(대형),GS글로벌,NEW BYD eBus-12,4990,2994,7984,2023년도 전기자동차 광주시 모델별 보조금,2023,광주시
승합(대형),GS글로벌,BYD eBus9,5660,3396,9056,2023년도 전기자동차 광주시 모델별 보조금,2023,광주시
승합(대형),티에스에코에너지,일레누스(TS1100-1),6633,3979,10612,2023년도 전기자동차 광주시 모델별 보조금,2023,광주시
승합(대형),티에스에코에너지,일레누스(TS1100-2),6810,4086,10896,2023년도 전기자동차 광주시 모델별 보조금,2023,광주시
승합(대형),티에스에코에너지,일레누스(TS900),6451,3870,10321,2023년도 전기자동차 광주시 모델별 보조금,2023,광주시
승합(대형),이온모터스,시티라이트Ⅱ,4861,2916,7777,2023년도 전기자동차 광주시 모델별 보조금,2023,광주시
승합(대형),이온모터스,시티라이트9,4990,2994,7984,2023년도 전기자동차 광주시 모델별 보조금,2023,광주시
승합(대형),한차,GREENWAY1100,5394,3236,8630,2023년도 전기자동차 광주시 모델별 보조금,2023,광주시
승합(대형),한차,GREENWAY1100A,6258,3754,10012,2023년도 전기자동차 광주시 모델별 보조금,2023,광주시
승합(대형),이엠코리아,에픽시티(LFP),4990,2994,7984,2023년도 전기자동차 광주시 모델별 보조금,2023,광주시
승합(대형),이엠코리아,에픽타운(LFP),4406,2643,7049,2023년도 전기자동차 광주시 모델별 보조금,2023,광주시
승합(대형),태영티엔티,GD11,2857,1714,4571,2023년도 전기자동차 광주시 모델별 보조금,2023,광주시
승합(대형),재일홀딩스,그린타운400,3846,2307,6153,2023년도 전기자동차 광주시 모델별 보조금,2023,광주시
승합(대형),아이버스,아이버스어린이운송차,5727,3436,9163,2023년도 전기자동차 광주시 모델별 보조금,2023,광주시
승합(중형),현대자동차,(단종)카운티 일렉트릭(어린이운송용 33인승 V2),4052,2432,6484,2023년도 전기자동차 양주시 모델별 보조금,2023,양주시
승합(중형),현대자동차,카운티 일렉트릭,4834,2900,7734,2023년도 전기자동차 양주시 모델별 보조금,2023,양주시
승합(중형),현대자동차,카운티 일렉트릭(마을버스),5000,3000,8000,2023년도 전기자동차 양주시 모델별 보조금,2023,양주시
승합(중형),이비온,"E6(JL618S), 어린이통학",2362,1418,3780,2023년도 전기자동차 양주시 모델별 보조금,2023,양주시
승합(중형),GS글로벌,NEW BYD eBus-7,2894,1736,4630,2023년도 전기자동차 양주시 모델별 보조금,2023,양주시
승합(중형),비바모빌리티,(단종)브이버스60,3211,1926,5137,2023년도 전기자동차 양주시 모델별 보조금,2023,양주시
승합(중형),케이지모빌리티커머셜,SMART 8.7,4308,2584,6892,2023년도 전기자동차 양주시 모델별 보조금,2023,양주시
승합(중형),한차,GREENWAY720,4530,2288,6818,2023년도 전기자동차 양주시 모델별 보조금,2023,양주시
승합(중형),테라팩토리,테라밴키즈,1911,1146,3057,2023년도 전기자동차 양주시 모델별 보조금,2023,양주시
승합(중형),테라팩토리,테라밴키즈11,1902,1142,3044,2023년도 전기자동차 양주시 모델별 보조금,2023,양주시
승합(중형),테라팩토리,테라밴,1889,1134,3023,2023년도 전기자동차 양주시 모델별 보조금,2023,양주시
승합(중형),테라팩토리,"테라밴키즈(2022), 어린이운송용14명",2151,0,2151,2023년도 전기자동차 양주시 모델별 보조금,2023,양주시
승합(중형),테라팩토리,"테라밴키즈11(2022), 어린이운송용11명",2142,0,2142,2023년도 전기자동차 양주시 모델별 보조금,2023,양주시
승합(중형),테라팩토리,테라밴,2129,0,2129,2023년도 전기자동차 양주시 모델별 보조금,2023,양주시
승합(중형),중원자동차,EV J1,5000,3000,8000,2023년도 전기자동차 양주시 모델별 보조금,2023,양주시
승합(대형),현대자동차,일렉시티 이층버스,11900,7140,19040,2023년도 전기자동차 양주시 모델별 보조금,2023,양주시
승합(대형),현대자동차,일렉시티(3PACK),6887,4132,11019,2023년도 전기자동차 양주시 모델별 보조금,2023,양주시
승합(대형),현대자동차,일렉시티(4PACK V1),7000,4200,11200,2023년도 전기자동차 양주시 모델별 보조금,2023,양주시
승합(대형),현대자동차,일렉시티(4PACK V2),7000,4200,11200,2023년도 전기자동차 양주시 모델별 보조금,2023,양주시
승합(대형),현대자동차,일렉시티 타운,6725,4036,10761,2023년도 전기자동차 양주시 모델별 보조금,2023,양주시
승합(대형),케이지모빌리티커머셜,SMART 9.3,4990,2994,7984,2023년도 전기자동차 양주시 모델별 보조금,2023,양주시
승합(대형),케이지모빌리티커머셜,SMART 110(272kWh),5660,0,5660,2023년도 전기자동차 양주시 모델별 보조금,2023,양주시
승합(대형),케이지모빌리티커머셜,SMART 110E(347kWh),6330,3798,10128,2023년도 전기자동차 양주시 모델별 보조금,2023,양주시
승합(대형),케이지모빌리티커머셜,SMART 110(260kWh),5955,3574,9529,2023년도 전기자동차 양주시 모델별 보조금,2023,양주시
승합(대형),케이지모빌리티커머셜,SMART 110E(260kWh),6277,3766,10043,2023년도 전기자동차 양주시 모델별 보조금,2023,양주시
승합(대형),우진산전,아폴로900전기버스,4420,2652,7072,2023년도 전기자동차 양주시 모델별 보조금,2023,양주시
승합(대형),우진산전,아폴로1100전기버스 22MY,7000,4200,11200,2023년도 전기자동차 양주시 모델별 보조금,2023,양주시
승합(대형),우진산전,아폴로1100전기버스 23MY,7000,4200,11200,2023년도 전기자동차 양주시 모델별 보조금,2023,양주시
승합(대형),우진산전,아폴로1200-B43,7000,0,7000,2023년도 전기자동차 양주시 모델별 보조금,2023,양주시
승합(대형),우진산전,아폴로1200-S42,7000,0,7000,2023년도 전기자동차 양주시 모델별 보조금,2023,양주시
승합(대형),피라인모터스,HYPERS(H),5137,3082,8219,2023년도 전기자동차 양주시 모델별 보조금,2023,양주시
승합(대형),피라인모터스,HYPERS1611,5111,3066,8177,2023년도 전기자동차 양주시 모델별 보조금,2023,양주시
승합(대형),피라인모터스,HYPERS1609,5143,3086,8229,2023년도 전기자동차 양주시 모델별 보조금,2023,양주시
승합(대형),피라인모터스,HYPERS1612,3893,2336,6229,2023년도 전기자동차 양주시 모델별 보조금,2023,양주시
승합(대형),피라인모터스,HYPERS1609H,5572,3344,8916,2023년도 전기자동차 양주시 모델별 보조금,2023,양주시
승합(대형),피라인모터스,HYPERS1612N,4990,2994,7984,2023년도 전기자동차 양주시 모델별 보조금,2023,양주시
승합(대형),피라인모터스,HYPERS1609N,6042,3626,9668,2023년도 전기자동차 양주시 모델별 보조금,2023,양주시
승합(대형),피라인모터스,HYPERS1611N,5620,3372,8992,2023년도 전기자동차 양주시 모델별 보조금,2023,양주시
승합(대형),피라인모터스,HYPERS1609HN,5993,3596,9589,2023년도 전기자동차 양주시 모델별 보조금,2023,양주시
승합(대형),피라인모터스,HYPERS1611P,7000,0,7000,2023년도 전기자동차 양주시 모델별 보조금,2023,양주시
승합(대형),피라인모터스,HYPERS1609P,7000,4200,11200,2023년도 전기자동차 양주시 모델별 보조금,2023,양주시
승합(대형),비바모빌리티,(단종)브이버스90N,4287,2572,6859,2023년도 전기자동차 양주시 모델별 보조금,2023,양주시
승합(대형),비바모빌리티,(단종)브이버스120,4690,2814,7504,2023년도 전기자동차 양주시 모델별 보조금,2023,양주시
승합(대형),비바모빌리티,(단종)브이버스110-B,4246,2548,6794,2023년도 전기자동차 양주시 모델별 보조금,2023,양주시
승합(대형),범한자동차,E-SKY11(350kWh),4989,2994,7983,2023년도 전기자동차 양주시 모델별 보조금,2023,양주시
승합(대형),범한자동차,E-SKY9(281kWh),4978,2986,7964,2023년도 전기자동차 양주시 모델별 보조금,2023,양주시
승합(대형),범한자동차,E-STAR8 V1,4265,2560,6825,2023년도 전기자동차 양주시 모델별 보조금,2023,양주시
승합(대형),범한자동차,E-STAR11,4990,2994,7984,2023년도 전기자동차 양주시 모델별 보조금,2023,양주시
승합(대형),범한자동차,E-STAR12i,4990,2994,7984,2023년도 전기자동차 양주시 모델별 보조금,2023,양주시
승합(대형),에스에이피,아이즘(IZM),4690,2814,7504,2023년도 전기자동차 양주시 모델별 보조금,2023,양주시
승합(대형),에스에이피,엘페(ELFE),4388,2632,7020,2023년도 전기자동차 양주시 모델별 보조금,2023,양주시
승합(대형),에스에이피,리오네(LIONNE),4690,2814,7504,2023년도 전기자동차 양주시 모델별 보조금,2023,양주시
승합(대형),GS글로벌,NEW BYD eBus-12,4990,2994,7984,2023년도 전기자동차 양주시 모델별 보조금,2023,양주시
승합(대형),GS글로벌,BYD eBus9,5660,0,5660,2023년도 전기자동차 양주시 모델별 보조금,2023,양주시
승합(대형),티에스에코에너지,일레누스(TS1100-1),6633,0,6633,2023년도 전기자동차 양주시 모델별 보조금,2023,양주시
승합(대형),티에스에코에너지,일레누스(TS1100-2),6810,4086,10896,2023년도 전기자동차 양주시 모델별 보조금,2023,양주시
승합(대형),티에스에코에너지,일레누스(TS900),6451,3870,10321,2023년도 전기자동차 양주시 모델별 보조금,2023,양주시
승합(대형),이온모터스,시티라이트Ⅱ,4861,2916,7777,2023년도 전기자동차 양주시 모델별 보조금,2023,양주시
승합(대형),이온모터스,시티라이트9,4990,2994,7984,2023년도 전기자동차 양주시 모델별 보조금,2023,양주시
승합(대형),한차,GREENWAY1100,5394,3236,8630,2023년도 전기자동차 양주시 모델별 보조금,2023,양주시
승합(대형),한차,GREENWAY1100A,6258,3754,10012,2023년도 전기자동차 양주시 모델별 보조금,2023,양주시
승합(대형),이엠코리아,에픽시티(LFP),4990,2994,7984,2023년도 전기자동차 양주시 모델별 보조금,2023,양주시
승합(대형),이엠코리아,에픽타운(LFP),4406,0,4406,2023년도 전기자동차 양주시 모델별 보조금,2023,양주시
승합(대형),태영티엔티,GD11,2857,1714,4571,2023년도 전기자동차 양주시 모델별 보조금,2023,양주시
승합(대형),재일홀딩스,그린타운400,3846,2308,6154,2023년도 전기자동차 양주시 모델별 보조금,2023,양주시
승합(대형),아이버스,아이버스어린이운송차,5727,3436,9163,2023년도 전기자동차 양주시 모델별 보조금,2023,양주시
승합(대형),서울시티투어버스,타이거클래식트롤리버스,3161,0,3161,2023년도 전기자동차 양주시 모델별 보조금,2023,양주시
모델별 지방비 자료가 없습니다.,모델별 지방비 자료가 없습니다.,모델별 지방비 자료가 없습니다.,모델별 지방비 자료가 없습니다.,모델별 지방비 자료가 없습니다.,모델별 지방비 자료가 없습니다.,2023년도 전기자동차 포천시 모델별 보조금,2023,포천시
승합(중형),현대자동차,(단종)카운티 일렉트릭(어린이운송용 33인승 V2),4052,0,4052,2023년도 전기자동차 여주시 모델별 보조금,2023,여주시
승합(중형),현대자동차,카운티 일렉트릭,4834,0,4834,2023년도 전기자동차 여주시 모델별 보조금,2023,여주시
승합(중형),현대자동차,카운티 일렉트릭(마을버스),5000,0,5000,2023년도 전기자동차 여주시 모델별 보조금,2023,여주시
승합(중형),이비온,"E6(JL618S), 어린이통학",2362,1417,3779,2023년도 전기자동차 여주시 모델별 보조금,2023,여주시
승합(중형),GS글로벌,NEW BYD eBus-7,2894,0,2894,2023년도 전기자동차 여주시 모델별 보조금,2023,여주시
승합(중형),비바모빌리티,(단종)브이버스60,3211,0,3211,2023년도 전기자동차 여주시 모델별 보조금,2023,여주시
승합(중형),케이지모빌리티커머셜,SMART 8.7,4308,0,4308,2023년도 전기자동차 여주시 모델별 보조금,2023,여주시
승합(중형),한차,GREENWAY720,4530,0,4530,2023년도 전기자동차 여주시 모델별 보조금,2023,여주시
승합(중형),테라팩토리,테라밴키즈,1911,0,1911,2023년도 전기자동차 여주시 모델별 보조금,2023,여주시
승합(중형),테라팩토리,테라밴키즈11,1902,0,1902,2023년도 전기자동차 여주시 모델별 보조금,2023,여주시
승합(중형),테라팩토리,테라밴,1889,0,1889,2023년도 전기자동차 여주시 모델별 보조금,2023,여주시
승합(중형),테라팩토리,"테라밴키즈(2022), 어린이운송용14명",2151,0,2151,2023년도 전기자동차 여주시 모델별 보조금,2023,여주시
승합(중형),테라팩토리,"테라밴키즈11(2022), 어린이운송용11명",2142,0,2142,2023년도 전기자동차 여주시 모델별 보조금,2023,여주시
승합(중형),테라팩토리,테라밴,2129,0,2129,2023년도 전기자동차 여주시 모델별 보조금,2023,여주시
승합(중형),중원자동차,EV J1,5000,0,5000,2023년도 전기자동차 여주시 모델별 보조금,2023,여주시
승합(대형),현대자동차,일렉시티 이층버스,11900,0,11900,2023년도 전기자동차 여주시 모델별 보조금,2023,여주시
승합(대형),현대자동차,일렉시티(3PACK),6887,0,6887,2023년도 전기자동차 여주시 모델별 보조금,2023,여주시
승합(대형),현대자동차,일렉시티(4PACK V1),7000,0,7000,2023년도 전기자동차 여주시 모델별 보조금,2023,여주시
승합(대형),현대자동차,일렉시티(4PACK V2),7000,0,7000,2023년도 전기자동차 여주시 모델별 보조금,2023,여주시
승합(대형),현대자동차,일렉시티 타운,6725,0,6725,2023년도 전기자동차 여주시 모델별 보조금,2023,여주시
승합(대형),케이지모빌리티커머셜,SMART 9.3,4990,0,4990,2023년도 전기자동차 여주시 모델별 보조금,2023,여주시
승합(대형),케이지모빌리티커머셜,SMART 110(272kWh),5660,0,5660,2023년도 전기자동차 여주시 모델별 보조금,2023,여주시
승합(대형),케이지모빌리티커머셜,SMART 110E(347kWh),6330,0,6330,2023년도 전기자동차 여주시 모델별 보조금,2023,여주시
승합(대형),케이지모빌리티커머셜,SMART 110(260kWh),5955,0,5955,2023년도 전기자동차 여주시 모델별 보조금,2023,여주시
승합(대형),케이지모빌리티커머셜,SMART 110E(260kWh),6277,0,6277,2023년도 전기자동차 여주시 모델별 보조금,2023,여주시
승합(대형),우진산전,아폴로900전기버스,4420,0,4420,2023년도 전기자동차 여주시 모델별 보조금,2023,여주시
승합(대형),우진산전,아폴로1100전기버스 22MY,7000,0,7000,2023년도 전기자동차 여주시 모델별 보조금,2023,여주시
승합(대형),우진산전,아폴로1100전기버스 23MY,7000,0,7000,2023년도 전기자동차 여주시 모델별 보조금,2023,여주시
승합(대형),피라인모터스,HYPERS(H),5137,0,5137,2023년도 전기자동차 여주시 모델별 보조금,2023,여주시
승합(대형),피라인모터스,HYPERS1611,5111,0,5111,2023년도 전기자동차 여주시 모델별 보조금,2023,여주시
승합(대형),피라인모터스,HYPERS1609,5143,0,5143,2023년도 전기자동차 여주시 모델별 보조금,2023,여주시
승합(대형),피라인모터스,HYPERS1612,3893,0,3893,2023년도 전기자동차 여주시 모델별 보조금,2023,여주시
승합(대형),피라인모터스,HYPERS1609H,5572,0,5572,2023년도 전기자동차 여주시 모델별 보조금,2023,여주시
승합(대형),피라인모터스,HYPERS1612N,4990,0,4990,2023년도 전기자동차 여주시 모델별 보조금,2023,여주시
승합(대형),피라인모터스,HYPERS1609N,6042,0,6042,2023년도 전기자동차 여주시 모델별 보조금,2023,여주시
승합(대형),피라인모터스,HYPERS1611N,5620,0,5620,2023년도 전기자동차 여주시 모델별 보조금,2023,여주시
승합(대형),피라인모터스,HYPERS1609HN,5993,0,5993,2023년도 전기자동차 여주시 모델별 보조금,2023,여주시
승합(대형),비바모빌리티,(단종)브이버스90N,4287,0,4287,2023년도 전기자동차 여주시 모델별 보조금,2023,여주시
승합(대형),비바모빌리티,(단종)브이버스120,4690,0,4690,2023년도 전기자동차 여주시 모델별 보조금,2023,여주시
승합(대형),비바모빌리티,(단종)브이버스110-B,4246,0,4246,2023년도 전기자동차 여주시 모델별 보조금,2023,여주시
승합(대형),범한자동차,E-SKY11(350kWh),4989,0,4989,2023년도 전기자동차 여주시 모델별 보조금,2023,여주시
승합(대형),범한자동차,E-SKY9(281kWh),4978,0,4978,2023년도 전기자동차 여주시 모델별 보조금,2023,여주시
승합(대형),범한자동차,E-STAR8 V1,4265,0,4265,2023년도 전기자동차 여주시 모델별 보조금,2023,여주시
승합(대형),범한자동차,E-STAR11,4990,0,4990,2023년도 전기자동차 여주시 모델별 보조금,2023,여주시
승합(대형),범한자동차,E-STAR12i,4990,0,4990,2023년도 전기자동차 여주시 모델별 보조금,2023,여주시
승합(대형),에스에이피,아이즘(IZM),4690,0,4690,2023년도 전기자동차 여주시 모델별 보조금,2023,여주시
승합(대형),에스에이피,엘페(ELFE),4388,0,4388,2023년도 전기자동차 여주시 모델별 보조금,2023,여주시
승합(대형),에스에이피,리오네(LIONNE),4690,0,4690,2023년도 전기자동차 여주시 모델별 보조금,2023,여주시
승합(대형),GS글로벌,NEW BYD eBus-12,4990,0,4990,2023년도 전기자동차 여주시 모델별 보조금,2023,여주시
승합(대형),GS글로벌,BYD eBus9,5660,0,5660,2023년도 전기자동차 여주시 모델별 보조금,2023,여주시
승합(대형),티에스에코에너지,일레누스(TS1100-1),6633,0,6633,2023년도 전기자동차 여주시 모델별 보조금,2023,여주시
승합(대형),티에스에코에너지,일레누스(TS1100-2),6810,0,6810,2023년도 전기자동차 여주시 모델별 보조금,2023,여주시
승합(대형),티에스에코에너지,일레누스(TS900),6451,0,6451,2023년도 전기자동차 여주시 모델별 보조금,2023,여주시
승합(대형),이온모터스,시티라이트Ⅱ,4861,0,4861,2023년도 전기자동차 여주시 모델별 보조금,2023,여주시
승합(대형),이온모터스,시티라이트9,4990,0,4990,2023년도 전기자동차 여주시 모델별 보조금,2023,여주시
승합(대형),한차,GREENWAY1100,5394,0,5394,2023년도 전기자동차 여주시 모델별 보조금,2023,여주시
승합(대형),한차,GREENWAY1100A,6258,0,6258,2023년도 전기자동차 여주시 모델별 보조금,2023,여주시
승합(대형),이엠코리아,에픽시티(LFP),4990,0,4990,2023년도 전기자동차 여주시 모델별 보조금,2023,여주시
승합(대형),이엠코리아,에픽타운(LFP),4406,2643,7049,2023년도 전기자동차 여주시 모델별 보조금,2023,여주시
승합(대형),태영티엔티,GD11,2857,0,2857,2023년도 전기자동차 여주시 모델별 보조금,2023,여주시
승합(대형),재일홀딩스,그린타운400,3846,0,3846,2023년도 전기자동차 여주시 모델별 보조금,2023,여주시
승합(대형),아이버스,아이버스어린이운송차,5727,0,5727,2023년도 전기자동차 여주시 모델별 보조금,2023,여주시
모델별 지방비 자료가 없습니다.,모델별 지방비 자료가 없습니다.,모델별 지방비 자료가 없습니다.,모델별 지방비 자료가 없습니다.,모델별 지방비 자료가 없습니다.,모델별 지방비 자료가 없습니다.,2023년도 전기자동차 연천군 모델별 보조금,2023,연천군
승합(중형),현대자동차,(단종)카운티 일렉트릭(어린이운송용 33인승 V2),4052,0,4052,2023년도 전기자동차 가평군 모델별 보조금,2023,가평군
승합(중형),현대자동차,카운티 일렉트릭,4834,0,4834,2023년도 전기자동차 가평군 모델별 보조금,2023,가평군
승합(중형),현대자동차,카운티 일렉트릭(마을버스),5000,0,5000,2023년도 전기자동차 가평군 모델별 보조금,2023,가평군
승합(중형),이비온,"E6(JL618S), 어린이통학",2362,0,2362,2023년도 전기자동차 가평군 모델별 보조금,2023,가평군
승합(중형),GS글로벌,NEW BYD eBus-7,2894,0,2894,2023년도 전기자동차 가평군 모델별 보조금,2023,가평군
승합(중형),비바모빌리티,(단종)브이버스60,3211,0,3211,2023년도 전기자동차 가평군 모델별 보조금,2023,가평군
승합(중형),케이지모빌리티커머셜,SMART 8.7,4308,0,4308,2023년도 전기자동차 가평군 모델별 보조금,2023,가평군
승합(중형),한차,GREENWAY720,4530,0,4530,2023년도 전기자동차 가평군 모델별 보조금,2023,가평군
승합(중형),테라팩토리,테라밴키즈,1911,0,1911,2023년도 전기자동차 가평군 모델별 보조금,2023,가평군
승합(중형),테라팩토리,테라밴키즈11,1902,0,1902,2023년도 전기자동차 가평군 모델별 보조금,2023,가평군
승합(중형),테라팩토리,테라밴,1889,0,1889,2023년도 전기자동차 가평군 모델별 보조금,2023,가평군
승합(중형),테라팩토리,"테라밴키즈(2022), 어린이운송용14명",2151,0,2151,2023년도 전기자동차 가평군 모델별 보조금,2023,가평군
승합(중형),테라팩토리,"테라밴키즈11(2022), 어린이운송용11명",2142,0,2142,2023년도 전기자동차 가평군 모델별 보조금,2023,가평군
승합(중형),테라팩토리,테라밴,2129,0,2129,2023년도 전기자동차 가평군 모델별 보조금,2023,가평군
승합(중형),중원자동차,EV J1,5000,0,5000,2023년도 전기자동차 가평군 모델별 보조금,2023,가평군
승합(대형),현대자동차,일렉시티 이층버스,11900,0,11900,2023년도 전기자동차 가평군 모델별 보조금,2023,가평군
승합(대형),현대자동차,일렉시티(3PACK),6887,0,6887,2023년도 전기자동차 가평군 모델별 보조금,2023,가평군
승합(대형),현대자동차,일렉시티(4PACK V1),7000,0,7000,2023년도 전기자동차 가평군 모델별 보조금,2023,가평군
승합(대형),현대자동차,일렉시티(4PACK V2),7000,4200,11200,2023년도 전기자동차 가평군 모델별 보조금,2023,가평군
승합(대형),현대자동차,일렉시티 타운,6725,0,6725,2023년도 전기자동차 가평군 모델별 보조금,2023,가평군
승합(대형),케이지모빌리티커머셜,SMART 9.3,4990,0,4990,2023년도 전기자동차 가평군 모델별 보조금,2023,가평군
승합(대형),케이지모빌리티커머셜,SMART 110(272kWh),5660,0,5660,2023년도 전기자동차 가평군 모델별 보조금,2023,가평군
승합(대형),케이지모빌리티커머셜,SMART 110E(347kWh),6330,0,6330,2023년도 전기자동차 가평군 모델별 보조금,2023,가평군
승합(대형),케이지모빌리티커머셜,SMART 110(260kWh),5955,0,5955,2023년도 전기자동차 가평군 모델별 보조금,2023,가평군
승합(대형),케이지모빌리티커머셜,SMART 110E(260kWh),6277,0,6277,2023년도 전기자동차 가평군 모델별 보조금,2023,가평군
승합(대형),우진산전,아폴로900전기버스,4420,0,4420,2023년도 전기자동차 가평군 모델별 보조금,2023,가평군
승합(대형),우진산전,아폴로1100전기버스 22MY,7000,0,7000,2023년도 전기자동차 가평군 모델별 보조금,2023,가평군
승합(대형),우진산전,아폴로1100전기버스 23MY,7000,0,7000,2023년도 전기자동차 가평군 모델별 보조금,2023,가평군
승합(대형),피라인모터스,HYPERS(H),5137,0,5137,2023년도 전기자동차 가평군 모델별 보조금,2023,가평군
승합(대형),피라인모터스,HYPERS1611,5111,0,5111,2023년도 전기자동차 가평군 모델별 보조금,2023,가평군
승합(대형),피라인모터스,HYPERS1609,5143,0,5143,2023년도 전기자동차 가평군 모델별 보조금,2023,가평군
승합(대형),피라인모터스,HYPERS1612,3893,0,3893,2023년도 전기자동차 가평군 모델별 보조금,2023,가평군
승합(대형),피라인모터스,HYPERS1609H,5572,0,5572,2023년도 전기자동차 가평군 모델별 보조금,2023,가평군
승합(대형),피라인모터스,HYPERS1612N,4990,0,4990,2023년도 전기자동차 가평군 모델별 보조금,2023,가평군
승합(대형),피라인모터스,HYPERS1609N,6042,0,6042,2023년도 전기자동차 가평군 모델별 보조금,2023,가평군
승합(대형),피라인모터스,HYPERS1611N,5620,0,5620,2023년도 전기자동차 가평군 모델별 보조금,2023,가평군
승합(대형),피라인모터스,HYPERS1609HN,5993,0,5993,2023년도 전기자동차 가평군 모델별 보조금,2023,가평군
승합(대형),비바모빌리티,(단종)브이버스90N,4287,0,4287,2023년도 전기자동차 가평군 모델별 보조금,2023,가평군
승합(대형),비바모빌리티,(단종)브이버스120,4690,0,4690,2023년도 전기자동차 가평군 모델별 보조금,2023,가평군
승합(대형),비바모빌리티,(단종)브이버스110-B,4246,0,4246,2023년도 전기자동차 가평군 모델별 보조금,2023,가평군
승합(대형),범한자동차,E-SKY11(350kWh),4989,0,4989,2023년도 전기자동차 가평군 모델별 보조금,2023,가평군
승합(대형),범한자동차,E-SKY9(281kWh),4978,0,4978,2023년도 전기자동차 가평군 모델별 보조금,2023,가평군
승합(대형),범한자동차,E-STAR8 V1,4265,0,4265,2023년도 전기자동차 가평군 모델별 보조금,2023,가평군
승합(대형),범한자동차,E-STAR11,4990,0,4990,2023년도 전기자동차 가평군 모델별 보조금,2023,가평군
승합(대형),범한자동차,E-STAR12i,4990,0,4990,2023년도 전기자동차 가평군 모델별 보조금,2023,가평군
승합(대형),에스에이피,아이즘(IZM),4690,0,4690,2023년도 전기자동차 가평군 모델별 보조금,2023,가평군
승합(대형),에스에이피,엘페(ELFE),4388,0,4388,2023년도 전기자동차 가평군 모델별 보조금,2023,가평군
승합(대형),에스에이피,리오네(LIONNE),4690,0,4690,2023년도 전기자동차 가평군 모델별 보조금,2023,가평군
승합(대형),GS글로벌,NEW BYD eBus-12,4990,0,4990,2023년도 전기자동차 가평군 모델별 보조금,2023,가평군
승합(대형),티에스에코에너지,일레누스(TS1100-2),6810,0,6810,2023년도 전기자동차 가평군 모델별 보조금,2023,가평군
승합(대형),티에스에코에너지,일레누스(TS900),6451,0,6451,2023년도 전기자동차 가평군 모델별 보조금,2023,가평군
승합(대형),이온모터스,시티라이트Ⅱ,4861,0,4861,2023년도 전기자동차 가평군 모델별 보조금,2023,가평군
승합(대형),이온모터스,시티라이트9,4990,0,4990,2023년도 전기자동차 가평군 모델별 보조금,2023,가평군
승합(대형),한차,GREENWAY1100,5394,0,5394,2023년도 전기자동차 가평군 모델별 보조금,2023,가평군
승합(대형),한차,GREENWAY1100A,6258,0,6258,2023년도 전기자동차 가평군 모델별 보조금,2023,가평군
승합(대형),이엠코리아,에픽시티(LFP),4990,0,4990,2023년도 전기자동차 가평군 모델별 보조금,2023,가평군
승합(대형),태영티엔티,GD11,2857,0,2857,2023년도 전기자동차 가평군 모델별 보조금,2023,가평군
승합(대형),재일홀딩스,그린타운400,3846,0,3846,2023년도 전기자동차 가평군 모델별 보조금,2023,가평군
승합(대형),아이버스,아이버스어린이운송차,5727,0,5727,2023년도 전기자동차 가평군 모델별 보조금,2023,가평군
승합(중형),현대자동차,(단종)카운티 일렉트릭(어린이운송용 33인승 V2),4052,0,4052,2023년도 전기자동차 양평군 모델별 보조금,2023,양평군
승합(중형),현대자동차,카운티 일렉트릭,4834,0,4834,2023년도 전기자동차 양평군 모델별 보조금,2023,양평군
승합(중형),현대자동차,카운티 일렉트릭(마을버스),5000,0,5000,2023년도 전기자동차 양평군 모델별 보조금,2023,양평군
승합(중형),이비온,"E6(JL618S), 어린이통학",2362,0,2362,2023년도 전기자동차 양평군 모델별 보조금,2023,양평군
승합(중형),GS글로벌,NEW BYD eBus-7,2894,0,2894,2023년도 전기자동차 양평군 모델별 보조금,2023,양평군
승합(중형),비바모빌리티,(단종)브이버스60,3211,0,3211,2023년도 전기자동차 양평군 모델별 보조금,2023,양평군
승합(중형),케이지모빌리티커머셜,SMART 8.7,4308,0,4308,2023년도 전기자동차 양평군 모델별 보조금,2023,양평군
승합(중형),한차,GREENWAY720,4530,0,4530,2023년도 전기자동차 양평군 모델별 보조금,2023,양평군
승합(중형),테라팩토리,테라밴키즈,1911,0,1911,2023년도 전기자동차 양평군 모델별 보조금,2023,양평군
승합(중형),테라팩토리,테라밴키즈11,1902,0,1902,2023년도 전기자동차 양평군 모델별 보조금,2023,양평군
승합(중형),테라팩토리,테라밴,1889,0,1889,2023년도 전기자동차 양평군 모델별 보조금,2023,양평군
승합(중형),테라팩토리,"테라밴키즈(2022), 어린이운송용14명",2151,0,2151,2023년도 전기자동차 양평군 모델별 보조금,2023,양평군
승합(중형),테라팩토리,"테라밴키즈11(2022), 어린이운송용11명",2142,0,2142,2023년도 전기자동차 양평군 모델별 보조금,2023,양평군
승합(중형),테라팩토리,테라밴,2129,0,2129,2023년도 전기자동차 양평군 모델별 보조금,2023,양평군
승합(중형),중원자동차,EV J1,5000,0,5000,2023년도 전기자동차 양평군 모델별 보조금,2023,양평군
승합(대형),현대자동차,일렉시티 이층버스,11900,4200,16100,2023년도 전기자동차 양평군 모델별 보조금,2023,양평군
승합(대형),현대자동차,일렉시티(3PACK),6887,4132,11019,2023년도 전기자동차 양평군 모델별 보조금,2023,양평군
승합(대형),현대자동차,일렉시티(4PACK V1),7000,4200,11200,2023년도 전기자동차 양평군 모델별 보조금,2023,양평군
승합(대형),현대자동차,일렉시티(4PACK V2),7000,4200,11200,2023년도 전기자동차 양평군 모델별 보조금,2023,양평군
승합(대형),현대자동차,일렉시티 타운,6725,4035,10760,2023년도 전기자동차 양평군 모델별 보조금,2023,양평군
승합(대형),케이지모빌리티커머셜,SMART 9.3,4990,0,4990,2023년도 전기자동차 양평군 모델별 보조금,2023,양평군
승합(대형),케이지모빌리티커머셜,SMART 110(272kWh),5660,0,5660,2023년도 전기자동차 양평군 모델별 보조금,2023,양평군
승합(대형),케이지모빌리티커머셜,SMART 110E(347kWh),6330,0,6330,2023년도 전기자동차 양평군 모델별 보조금,2023,양평군
승합(대형),케이지모빌리티커머셜,SMART 110(260kWh),5955,0,5955,2023년도 전기자동차 양평군 모델별 보조금,2023,양평군
승합(대형),케이지모빌리티커머셜,SMART 110E(260kWh),6277,0,6277,2023년도 전기자동차 양평군 모델별 보조금,2023,양평군
승합(대형),우진산전,아폴로900전기버스,4420,0,4420,2023년도 전기자동차 양평군 모델별 보조금,2023,양평군
승합(대형),우진산전,아폴로1100전기버스 22MY,7000,0,7000,2023년도 전기자동차 양평군 모델별 보조금,2023,양평군
승합(대형),우진산전,아폴로1100전기버스 23MY,7000,0,7000,2023년도 전기자동차 양평군 모델별 보조금,2023,양평군
승합(대형),피라인모터스,HYPERS(H),5137,0,5137,2023년도 전기자동차 양평군 모델별 보조금,2023,양평군
승합(대형),피라인모터스,HYPERS1611,5111,0,5111,2023년도 전기자동차 양평군 모델별 보조금,2023,양평군
승합(대형),피라인모터스,HYPERS1609,5143,0,5143,2023년도 전기자동차 양평군 모델별 보조금,2023,양평군
승합(대형),피라인모터스,HYPERS1612,3893,0,3893,2023년도 전기자동차 양평군 모델별 보조금,2023,양평군
승합(대형),피라인모터스,HYPERS1609H,5572,0,5572,2023년도 전기자동차 양평군 모델별 보조금,2023,양평군
승합(대형),피라인모터스,HYPERS1612N,4990,0,4990,2023년도 전기자동차 양평군 모델별 보조금,2023,양평군
승합(대형),피라인모터스,HYPERS1609N,6042,0,6042,2023년도 전기자동차 양평군 모델별 보조금,2023,양평군
승합(대형),피라인모터스,HYPERS1611N,5620,0,5620,2023년도 전기자동차 양평군 모델별 보조금,2023,양평군
승합(대형),피라인모터스,HYPERS1609HN,5993,0,5993,2023년도 전기자동차 양평군 모델별 보조금,2023,양평군
승합(대형),비바모빌리티,(단종)브이버스90N,4287,0,4287,2023년도 전기자동차 양평군 모델별 보조금,2023,양평군
승합(대형),비바모빌리티,(단종)브이버스120,4690,0,4690,2023년도 전기자동차 양평군 모델별 보조금,2023,양평군
승합(대형),비바모빌리티,(단종)브이버스110-B,4246,0,4246,2023년도 전기자동차 양평군 모델별 보조금,2023,양평군
승합(대형),범한자동차,E-SKY11(350kWh),4989,0,4989,2023년도 전기자동차 양평군 모델별 보조금,2023,양평군
승합(대형),범한자동차,E-SKY9(281kWh),4978,0,4978,2023년도 전기자동차 양평군 모델별 보조금,2023,양평군
승합(대형),범한자동차,E-STAR8 V1,4265,0,4265,2023년도 전기자동차 양평군 모델별 보조금,2023,양평군
승합(대형),범한자동차,E-STAR11,4990,0,4990,2023년도 전기자동차 양평군 모델별 보조금,2023,양평군
승합(대형),범한자동차,E-STAR12i,4990,0,4990,2023년도 전기자동차 양평군 모델별 보조금,2023,양평군
승합(대형),에스에이피,아이즘(IZM),4690,0,4690,2023년도 전기자동차 양평군 모델별 보조금,2023,양평군
승합(대형),에스에이피,엘페(ELFE),4388,0,4388,2023년도 전기자동차 양평군 모델별 보조금,2023,양평군
승합(대형),에스에이피,리오네(LIONNE),4690,0,4690,2023년도 전기자동차 양평군 모델별 보조금,2023,양평군
승합(대형),GS글로벌,NEW BYD eBus-12,4990,0,4990,2023년도 전기자동차 양평군 모델별 보조금,2023,양평군
승합(대형),티에스에코에너지,일레누스(TS1100-2),6810,0,6810,2023년도 전기자동차 양평군 모델별 보조금,2023,양평군
승합(대형),티에스에코에너지,일레누스(TS900),6451,0,6451,2023년도 전기자동차 양평군 모델별 보조금,2023,양평군
승합(대형),이온모터스,시티라이트Ⅱ,4861,0,4861,2023년도 전기자동차 양평군 모델별 보조금,2023,양평군
승합(대형),이온모터스,시티라이트9,4990,0,4990,2023년도 전기자동차 양평군 모델별 보조금,2023,양평군
승합(대형),한차,GREENWAY1100,5394,0,5394,2023년도 전기자동차 양평군 모델별 보조금,2023,양평군
승합(대형),한차,GREENWAY1100A,6258,0,6258,2023년도 전기자동차 양평군 모델별 보조금,2023,양평군
승합(대형),이엠코리아,에픽시티(LFP),4990,0,4990,2023년도 전기자동차 양평군 모델별 보조금,2023,양평군
승합(대형),태영티엔티,GD11,2857,0,2857,2023년도 전기자동차 양평군 모델별 보조금,2023,양평군
승합(대형),재일홀딩스,그린타운400,3846,0,3846,2023년도 전기자동차 양평군 모델별 보조금,2023,양평군
승합(대형),아이버스,아이버스어린이운송차,5727,0,5727,2023년도 전기자동차 양평군 모델별 보조금,2023,양평군
승합(중형),현대자동차,(단종)카운티 일렉트릭(어린이운송용 33인승 V2),4052,2593,6645,2023년도 전기자동차 춘천시 모델별 보조금,2023,춘천시
승합(중형),현대자동차,카운티 일렉트릭,4834,3093,7927,2023년도 전기자동차 춘천시 모델별 보조금,2023,춘천시
승합(중형),현대자동차,카운티 일렉트릭(마을버스),5000,3200,8200,2023년도 전기자동차 춘천시 모델별 보조금,2023,춘천시
승합(중형),이비온,"E6(JL618S), 어린이통학",2362,1511,3873,2023년도 전기자동차 춘천시 모델별 보조금,2023,춘천시
승합(중형),GS글로벌,NEW BYD eBus-7,2894,1852,4746,2023년도 전기자동차 춘천시 모델별 보조금,2023,춘천시
승합(중형),비바모빌리티,(단종)브이버스60,3211,2055,5266,2023년도 전기자동차 춘천시 모델별 보조금,2023,춘천시
승합(중형),케이지모빌리티커머셜,SMART 8.7,4308,2757,7065,2023년도 전기자동차 춘천시 모델별 보조금,2023,춘천시
승합(중형),한차,GREENWAY720,4530,2899,7429,2023년도 전기자동차 춘천시 모델별 보조금,2023,춘천시
승합(중형),테라팩토리,테라밴키즈,1911,1223,3134,2023년도 전기자동차 춘천시 모델별 보조금,2023,춘천시
승합(중형),테라팩토리,테라밴키즈11,1902,1217,3119,2023년도 전기자동차 춘천시 모델별 보조금,2023,춘천시
승합(중형),테라팩토리,테라밴,1889,1208,3097,2023년도 전기자동차 춘천시 모델별 보조금,2023,춘천시
승합(중형),테라팩토리,"테라밴키즈(2022), 어린이운송용14명",2151,1376,3527,2023년도 전기자동차 춘천시 모델별 보조금,2023,춘천시
승합(중형),테라팩토리,"테라밴키즈11(2022), 어린이운송용11명",2142,1370,3512,2023년도 전기자동차 춘천시 모델별 보조금,2023,춘천시
승합(중형),테라팩토리,테라밴,2129,1362,3491,2023년도 전기자동차 춘천시 모델별 보조금,2023,춘천시
승합(중형),중원자동차,EV J1,5000,3200,8200,2023년도 전기자동차 춘천시 모델별 보조금,2023,춘천시
승합(대형),현대자동차,일렉시티 이층버스,11900,5600,17500,2023년도 전기자동차 춘천시 모델별 보조금,2023,춘천시
승합(대형),현대자동차,일렉시티(3PACK),6887,5509,12396,2023년도 전기자동차 춘천시 모델별 보조금,2023,춘천시
승합(대형),현대자동차,일렉시티(4PACK V1),7000,5600,12600,2023년도 전기자동차 춘천시 모델별 보조금,2023,춘천시
승합(대형),현대자동차,일렉시티(4PACK V2),7000,5600,12600,2023년도 전기자동차 춘천시 모델별 보조금,2023,춘천시
승합(대형),현대자동차,일렉시티 타운,6725,5380,12105,2023년도 전기자동차 춘천시 모델별 보조금,2023,춘천시
승합(대형),케이지모빌리티커머셜,SMART 9.3,4990,3992,8982,2023년도 전기자동차 춘천시 모델별 보조금,2023,춘천시
승합(대형),케이지모빌리티커머셜,SMART 110(272kWh),5660,4528,10188,2023년도 전기자동차 춘천시 모델별 보조금,2023,춘천시
승합(대형),케이지모빌리티커머셜,SMART 110E(347kWh),6330,5064,11394,2023년도 전기자동차 춘천시 모델별 보조금,2023,춘천시
승합(대형),케이지모빌리티커머셜,SMART 110(260kWh),5955,4764,10719,2023년도 전기자동차 춘천시 모델별 보조금,2023,춘천시
승합(대형),케이지모빌리티커머셜,SMART 110E(260kWh),6277,5021,11298,2023년도 전기자동차 춘천시 모델별 보조금,2023,춘천시
승합(대형),우진산전,아폴로900전기버스,4420,3536,7956,2023년도 전기자동차 춘천시 모델별 보조금,2023,춘천시
승합(대형),우진산전,아폴로1100전기버스 22MY,7000,5600,12600,2023년도 전기자동차 춘천시 모델별 보조금,2023,춘천시
승합(대형),우진산전,아폴로1100전기버스 23MY,7000,5600,12600,2023년도 전기자동차 춘천시 모델별 보조금,2023,춘천시
승합(대형),우진산전,아폴로1200-B43,7000,0,7000,2023년도 전기자동차 춘천시 모델별 보조금,2023,춘천시
승합(대형),피라인모터스,HYPERS(H),5137,4109,9246,2023년도 전기자동차 춘천시 모델별 보조금,2023,춘천시
승합(대형),피라인모터스,HYPERS1611,5111,4088,9199,2023년도 전기자동차 춘천시 모델별 보조금,2023,춘천시
승합(대형),피라인모터스,HYPERS1609,5143,4114,9257,2023년도 전기자동차 춘천시 모델별 보조금,2023,춘천시
승합(대형),피라인모터스,HYPERS1612,3893,3114,7007,2023년도 전기자동차 춘천시 모델별 보조금,2023,춘천시
승합(대형),피라인모터스,HYPERS1609H,5572,4457,10029,2023년도 전기자동차 춘천시 모델별 보조금,2023,춘천시
승합(대형),피라인모터스,HYPERS1612N,4990,3992,8982,2023년도 전기자동차 춘천시 모델별 보조금,2023,춘천시
승합(대형),피라인모터스,HYPERS1609N,6042,4833,10875,2023년도 전기자동차 춘천시 모델별 보조금,2023,춘천시
승합(대형),피라인모터스,HYPERS1611N,5620,4496,10116,2023년도 전기자동차 춘천시 모델별 보조금,2023,춘천시
승합(대형),피라인모터스,HYPERS1609HN,5993,4794,10787,2023년도 전기자동차 춘천시 모델별 보조금,2023,춘천시
승합(대형),피라인모터스,HYPERS1611P,7000,0,7000,2023년도 전기자동차 춘천시 모델별 보조금,2023,춘천시
승합(대형),피라인모터스,HYPERS1609P,7000,0,7000,2023년도 전기자동차 춘천시 모델별 보조금,2023,춘천시
승합(대형),비바모빌리티,(단종)브이버스90N,4287,3429,7716,2023년도 전기자동차 춘천시 모델별 보조금,2023,춘천시
승합(대형),비바모빌리티,(단종)브이버스120,4690,3752,8442,2023년도 전기자동차 춘천시 모델별 보조금,2023,춘천시
승합(대형),비바모빌리티,(단종)브이버스110-B,4246,3396,7642,2023년도 전기자동차 춘천시 모델별 보조금,2023,춘천시
승합(대형),범한자동차,E-SKY11(350kWh),4989,3991,8980,2023년도 전기자동차 춘천시 모델별 보조금,2023,춘천시
승합(대형),범한자동차,E-SKY9(281kWh),4978,3982,8960,2023년도 전기자동차 춘천시 모델별 보조금,2023,춘천시
승합(대형),범한자동차,E-STAR8 V1,4265,3412,7677,2023년도 전기자동차 춘천시 모델별 보조금,2023,춘천시
승합(대형),범한자동차,E-STAR11,4990,3992,8982,2023년도 전기자동차 춘천시 모델별 보조금,2023,춘천시
승합(대형),범한자동차,E-STAR12i,4990,3992,8982,2023년도 전기자동차 춘천시 모델별 보조금,2023,춘천시
승합(대형),에스에이피,아이즘(IZM),4690,3752,8442,2023년도 전기자동차 춘천시 모델별 보조금,2023,춘천시
승합(대형),에스에이피,엘페(ELFE),4388,3510,7898,2023년도 전기자동차 춘천시 모델별 보조금,2023,춘천시
승합(대형),에스에이피,리오네(LIONNE),4690,3752,8442,2023년도 전기자동차 춘천시 모델별 보조금,2023,춘천시
승합(대형),GS글로벌,NEW BYD eBus-12,4990,3992,8982,2023년도 전기자동차 춘천시 모델별 보조금,2023,춘천시
승합(대형),GS글로벌,BYD eBus9,5660,0,5660,2023년도 전기자동차 춘천시 모델별 보조금,2023,춘천시
승합(대형),티에스에코에너지,일레누스(TS1100-1),6633,0,6633,2023년도 전기자동차 춘천시 모델별 보조금,2023,춘천시
승합(대형),티에스에코에너지,일레누스(TS1100-2),6810,5448,12258,2023년도 전기자동차 춘천시 모델별 보조금,2023,춘천시
승합(대형),티에스에코에너지,일레누스(TS900),6451,5160,11611,2023년도 전기자동차 춘천시 모델별 보조금,2023,춘천시
승합(대형),이온모터스,시티라이트Ⅱ,4861,3888,8749,2023년도 전기자동차 춘천시 모델별 보조금,2023,춘천시
승합(대형),이온모터스,시티라이트9,4990,3992,8982,2023년도 전기자동차 춘천시 모델별 보조금,2023,춘천시
승합(대형),한차,GREENWAY1100,5394,4315,9709,2023년도 전기자동차 춘천시 모델별 보조금,2023,춘천시
승합(대형),한차,GREENWAY1100A,6258,5006,11264,2023년도 전기자동차 춘천시 모델별 보조금,2023,춘천시
승합(대형),이엠코리아,에픽시티(LFP),4990,3992,8982,2023년도 전기자동차 춘천시 모델별 보조금,2023,춘천시
승합(대형),이엠코리아,에픽타운(LFP),4406,3524,7930,2023년도 전기자동차 춘천시 모델별 보조금,2023,춘천시
승합(대형),태영티엔티,GD11,2857,2285,5142,2023년도 전기자동차 춘천시 모델별 보조금,2023,춘천시
승합(대형),재일홀딩스,그린타운400,3846,3076,6922,2023년도 전기자동차 춘천시 모델별 보조금,2023,춘천시
승합(대형),아이버스,아이버스어린이운송차,5727,4581,10308,2023년도 전기자동차 춘천시 모델별 보조금,2023,춘천시
승합(대형),서울시티투어버스,타이거클래식트롤리버스,3161,2528,5689,2023년도 전기자동차 춘천시 모델별 보조금,2023,춘천시
승합(중형),현대자동차,(단종)카운티 일렉트릭(어린이운송용 33인승 V2),4052,2593,6645,2023년도 전기자동차 원주시 모델별 보조금,2023,원주시
승합(중형),현대자동차,카운티 일렉트릭,4834,3093,7927,2023년도 전기자동차 원주시 모델별 보조금,2023,원주시
승합(중형),현대자동차,카운티 일렉트릭(마을버스),5000,3200,8200,2023년도 전기자동차 원주시 모델별 보조금,2023,원주시
승합(중형),이비온,"E6(JL618S), 어린이통학",2362,1511,3873,2023년도 전기자동차 원주시 모델별 보조금,2023,원주시
승합(중형),GS글로벌,NEW BYD eBus-7,2894,1852,4746,2023년도 전기자동차 원주시 모델별 보조금,2023,원주시
승합(중형),비바모빌리티,(단종)브이버스60,3211,2055,5266,2023년도 전기자동차 원주시 모델별 보조금,2023,원주시
승합(중형),케이지모빌리티커머셜,SMART 8.7,4308,2757,7065,2023년도 전기자동차 원주시 모델별 보조금,2023,원주시
승합(중형),한차,GREENWAY720,4530,2899,7429,2023년도 전기자동차 원주시 모델별 보조금,2023,원주시
승합(중형),테라팩토리,테라밴키즈,1911,3200,5111,2023년도 전기자동차 원주시 모델별 보조금,2023,원주시
승합(중형),테라팩토리,테라밴키즈11,1902,3200,5102,2023년도 전기자동차 원주시 모델별 보조금,2023,원주시
승합(중형),테라팩토리,테라밴,1889,3200,5089,2023년도 전기자동차 원주시 모델별 보조금,2023,원주시
승합(중형),테라팩토리,"테라밴키즈(2022), 어린이운송용14명",2151,1376,3527,2023년도 전기자동차 원주시 모델별 보조금,2023,원주시
승합(중형),테라팩토리,"테라밴키즈11(2022), 어린이운송용11명",2142,1370,3512,2023년도 전기자동차 원주시 모델별 보조금,2023,원주시
승합(중형),테라팩토리,테라밴,2129,1362,3491,2023년도 전기자동차 원주시 모델별 보조금,2023,원주시
승합(중형),중원자동차,EV J1,5000,3200,8200,2023년도 전기자동차 원주시 모델별 보조금,2023,원주시
승합(대형),현대자동차,일렉시티 이층버스,11900,5600,17500,2023년도 전기자동차 원주시 모델별 보조금,2023,원주시
승합(대형),현대자동차,일렉시티(3PACK),6887,5509,12396,2023년도 전기자동차 원주시 모델별 보조금,2023,원주시
승합(대형),현대자동차,일렉시티(4PACK V1),7000,5600,12600,2023년도 전기자동차 원주시 모델별 보조금,2023,원주시
승합(대형),현대자동차,일렉시티(4PACK V2),7000,5600,12600,2023년도 전기자동차 원주시 모델별 보조금,2023,원주시
승합(대형),현대자동차,일렉시티 타운,6725,5380,12105,2023년도 전기자동차 원주시 모델별 보조금,2023,원주시
승합(대형),케이지모빌리티커머셜,SMART 9.3,4990,3992,8982,2023년도 전기자동차 원주시 모델별 보조금,2023,원주시
승합(대형),케이지모빌리티커머셜,SMART 110(272kWh),5660,4528,10188,2023년도 전기자동차 원주시 모델별 보조금,2023,원주시
승합(대형),케이지모빌리티커머셜,SMART 110E(347kWh),6330,5064,11394,2023년도 전기자동차 원주시 모델별 보조금,2023,원주시
승합(대형),케이지모빌리티커머셜,SMART 110(260kWh),5955,4764,10719,2023년도 전기자동차 원주시 모델별 보조금,2023,원주시
승합(대형),케이지모빌리티커머셜,SMART 110E(260kWh),6277,5021,11298,2023년도 전기자동차 원주시 모델별 보조금,2023,원주시
승합(대형),우진산전,아폴로900전기버스,4420,3536,7956,2023년도 전기자동차 원주시 모델별 보조금,2023,원주시
승합(대형),우진산전,아폴로1100전기버스 22MY,7000,5600,12600,2023년도 전기자동차 원주시 모델별 보조금,2023,원주시
승합(대형),우진산전,아폴로1100전기버스 23MY,7000,5600,12600,2023년도 전기자동차 원주시 모델별 보조금,2023,원주시
승합(대형),우진산전,아폴로1200-B43,7000,5600,12600,2023년도 전기자동차 원주시 모델별 보조금,2023,원주시
승합(대형),피라인모터스,HYPERS(H),5137,4109,9246,2023년도 전기자동차 원주시 모델별 보조금,2023,원주시
승합(대형),피라인모터스,HYPERS1611,5111,4088,9199,2023년도 전기자동차 원주시 모델별 보조금,2023,원주시
승합(대형),피라인모터스,HYPERS1609,5143,4114,9257,2023년도 전기자동차 원주시 모델별 보조금,2023,원주시
승합(대형),피라인모터스,HYPERS1612,3893,3114,7007,2023년도 전기자동차 원주시 모델별 보조금,2023,원주시
승합(대형),피라인모터스,HYPERS1609H,5572,4457,10029,2023년도 전기자동차 원주시 모델별 보조금,2023,원주시
승합(대형),피라인모터스,HYPERS1612N,4990,3992,8982,2023년도 전기자동차 원주시 모델별 보조금,2023,원주시
승합(대형),피라인모터스,HYPERS1609N,6042,4833,10875,2023년도 전기자동차 원주시 모델별 보조금,2023,원주시
승합(대형),피라인모터스,HYPERS1611N,5620,4496,10116,2023년도 전기자동차 원주시 모델별 보조금,2023,원주시
승합(대형),피라인모터스,HYPERS1609HN,5993,4794,10787,2023년도 전기자동차 원주시 모델별 보조금,2023,원주시
승합(대형),피라인모터스,HYPERS1611P,7000,5600,12600,2023년도 전기자동차 원주시 모델별 보조금,2023,원주시
승합(대형),피라인모터스,HYPERS1609P,7000,5600,12600,2023년도 전기자동차 원주시 모델별 보조금,2023,원주시
승합(대형),비바모빌리티,(단종)브이버스90N,4287,3429,7716,2023년도 전기자동차 원주시 모델별 보조금,2023,원주시
승합(대형),비바모빌리티,(단종)브이버스120,4690,3752,8442,2023년도 전기자동차 원주시 모델별 보조금,2023,원주시
승합(대형),비바모빌리티,(단종)브이버스110-B,4246,3396,7642,2023년도 전기자동차 원주시 모델별 보조금,2023,원주시
승합(대형),범한자동차,E-SKY11(350kWh),4989,3991,8980,2023년도 전기자동차 원주시 모델별 보조금,2023,원주시
승합(대형),범한자동차,E-SKY9(281kWh),4978,3982,8960,2023년도 전기자동차 원주시 모델별 보조금,2023,원주시
승합(대형),범한자동차,E-STAR8 V1,4265,3412,7677,2023년도 전기자동차 원주시 모델별 보조금,2023,원주시
승합(대형),범한자동차,E-STAR11,4990,3992,8982,2023년도 전기자동차 원주시 모델별 보조금,2023,원주시
승합(대형),범한자동차,E-STAR12i,4990,3992,8982,2023년도 전기자동차 원주시 모델별 보조금,2023,원주시
승합(대형),에스에이피,아이즘(IZM),4690,3752,8442,2023년도 전기자동차 원주시 모델별 보조금,2023,원주시
승합(대형),에스에이피,엘페(ELFE),4388,3510,7898,2023년도 전기자동차 원주시 모델별 보조금,2023,원주시
승합(대형),에스에이피,리오네(LIONNE),4690,3752,8442,2023년도 전기자동차 원주시 모델별 보조금,2023,원주시
승합(대형),GS글로벌,NEW BYD eBus-12,4990,3992,8982,2023년도 전기자동차 원주시 모델별 보조금,2023,원주시
승합(대형),GS글로벌,BYD eBus9,5660,4528,10188,2023년도 전기자동차 원주시 모델별 보조금,2023,원주시
승합(대형),티에스에코에너지,일레누스(TS1100-1),6633,5306,11939,2023년도 전기자동차 원주시 모델별 보조금,2023,원주시
승합(대형),티에스에코에너지,일레누스(TS1100-2),6810,5448,12258,2023년도 전기자동차 원주시 모델별 보조금,2023,원주시
승합(대형),티에스에코에너지,일레누스(TS900),6451,5160,11611,2023년도 전기자동차 원주시 모델별 보조금,2023,원주시
승합(대형),이온모터스,시티라이트Ⅱ,4861,3888,8749,2023년도 전기자동차 원주시 모델별 보조금,2023,원주시
승합(대형),이온모터스,시티라이트9,4990,3992,8982,2023년도 전기자동차 원주시 모델별 보조금,2023,원주시
승합(대형),한차,GREENWAY1100,5394,4315,9709,2023년도 전기자동차 원주시 모델별 보조금,2023,원주시
승합(대형),한차,GREENWAY1100A,6258,5006,11264,2023년도 전기자동차 원주시 모델별 보조금,2023,원주시
승합(대형),이엠코리아,에픽시티(LFP),4990,3992,8982,2023년도 전기자동차 원주시 모델별 보조금,2023,원주시
승합(대형),이엠코리아,에픽타운(LFP),4406,3524,7930,2023년도 전기자동차 원주시 모델별 보조금,2023,원주시
승합(대형),태영티엔티,GD11,2857,2285,5142,2023년도 전기자동차 원주시 모델별 보조금,2023,원주시
승합(대형),재일홀딩스,그린타운400,3846,3076,6922,2023년도 전기자동차 원주시 모델별 보조금,2023,원주시
승합(대형),아이버스,아이버스어린이운송차,5727,4581,10308,2023년도 전기자동차 원주시 모델별 보조금,2023,원주시
승합(중형),현대자동차,(단종)카운티 일렉트릭(어린이운송용 33인승 V2),4052,2593,6645,2023년도 전기자동차 강릉시 모델별 보조금,2023,강릉시
승합(중형),현대자동차,카운티 일렉트릭,4834,3093,7927,2023년도 전기자동차 강릉시 모델별 보조금,2023,강릉시
승합(중형),현대자동차,카운티 일렉트릭(마을버스),5000,3200,8200,2023년도 전기자동차 강릉시 모델별 보조금,2023,강릉시
승합(중형),이비온,"E6(JL618S), 어린이통학",2362,1511,3873,2023년도 전기자동차 강릉시 모델별 보조금,2023,강릉시
승합(중형),GS글로벌,NEW BYD eBus-7,2894,1852,4746,2023년도 전기자동차 강릉시 모델별 보조금,2023,강릉시
승합(중형),비바모빌리티,(단종)브이버스60,3211,2055,5266,2023년도 전기자동차 강릉시 모델별 보조금,2023,강릉시
승합(중형),케이지모빌리티커머셜,SMART 8.7,4308,2757,7065,2023년도 전기자동차 강릉시 모델별 보조금,2023,강릉시
승합(중형),한차,GREENWAY720,4530,2899,7429,2023년도 전기자동차 강릉시 모델별 보조금,2023,강릉시
승합(중형),테라팩토리,테라밴키즈,1911,1376,3287,2023년도 전기자동차 강릉시 모델별 보조금,2023,강릉시
승합(중형),테라팩토리,테라밴키즈11,1902,1370,3272,2023년도 전기자동차 강릉시 모델별 보조금,2023,강릉시
승합(중형),테라팩토리,테라밴,1889,1362,3251,2023년도 전기자동차 강릉시 모델별 보조금,2023,강릉시
승합(중형),테라팩토리,"테라밴키즈(2022), 어린이운송용14명",2151,3200,5351,2023년도 전기자동차 강릉시 모델별 보조금,2023,강릉시
승합(중형),테라팩토리,"테라밴키즈11(2022), 어린이운송용11명",2142,3200,5342,2023년도 전기자동차 강릉시 모델별 보조금,2023,강릉시
승합(중형),테라팩토리,테라밴,2129,3200,5329,2023년도 전기자동차 강릉시 모델별 보조금,2023,강릉시
승합(중형),중원자동차,EV J1,5000,3200,8200,2023년도 전기자동차 강릉시 모델별 보조금,2023,강릉시
승합(대형),현대자동차,일렉시티 이층버스,11900,5600,17500,2023년도 전기자동차 강릉시 모델별 보조금,2023,강릉시
승합(대형),현대자동차,일렉시티(3PACK),6887,5509,12396,2023년도 전기자동차 강릉시 모델별 보조금,2023,강릉시
승합(대형),현대자동차,일렉시티(4PACK V1),7000,5600,12600,2023년도 전기자동차 강릉시 모델별 보조금,2023,강릉시
승합(대형),현대자동차,일렉시티(4PACK V2),7000,5600,12600,2023년도 전기자동차 강릉시 모델별 보조금,2023,강릉시
승합(대형),현대자동차,일렉시티 타운,6725,5380,12105,2023년도 전기자동차 강릉시 모델별 보조금,2023,강릉시
승합(대형),케이지모빌리티커머셜,SMART 9.3,4990,3992,8982,2023년도 전기자동차 강릉시 모델별 보조금,2023,강릉시
승합(대형),케이지모빌리티커머셜,SMART 110(272kWh),5660,4528,10188,2023년도 전기자동차 강릉시 모델별 보조금,2023,강릉시
승합(대형),케이지모빌리티커머셜,SMART 110E(347kWh),6330,5064,11394,2023년도 전기자동차 강릉시 모델별 보조금,2023,강릉시
승합(대형),케이지모빌리티커머셜,SMART 110(260kWh),5955,4764,10719,2023년도 전기자동차 강릉시 모델별 보조금,2023,강릉시
승합(대형),케이지모빌리티커머셜,SMART 110E(260kWh),6277,5021,11298,2023년도 전기자동차 강릉시 모델별 보조금,2023,강릉시
승합(대형),우진산전,아폴로900전기버스,4420,3536,7956,2023년도 전기자동차 강릉시 모델별 보조금,2023,강릉시
승합(대형),우진산전,아폴로1100전기버스 22MY,7000,5600,12600,2023년도 전기자동차 강릉시 모델별 보조금,2023,강릉시
승합(대형),우진산전,아폴로1100전기버스 23MY,7000,5600,12600,2023년도 전기자동차 강릉시 모델별 보조금,2023,강릉시
승합(대형),우진산전,아폴로1200-B43,7000,5600,12600,2023년도 전기자동차 강릉시 모델별 보조금,2023,강릉시
승합(대형),피라인모터스,HYPERS(H),5137,4109,9246,2023년도 전기자동차 강릉시 모델별 보조금,2023,강릉시
승합(대형),피라인모터스,HYPERS1611,5111,4088,9199,2023년도 전기자동차 강릉시 모델별 보조금,2023,강릉시
승합(대형),피라인모터스,HYPERS1609,5143,4114,9257,2023년도 전기자동차 강릉시 모델별 보조금,2023,강릉시
승합(대형),피라인모터스,HYPERS1612,3893,3114,7007,2023년도 전기자동차 강릉시 모델별 보조금,2023,강릉시
승합(대형),피라인모터스,HYPERS1609H,5572,4457,10029,2023년도 전기자동차 강릉시 모델별 보조금,2023,강릉시
승합(대형),피라인모터스,HYPERS1612N,4990,3992,8982,2023년도 전기자동차 강릉시 모델별 보조금,2023,강릉시
승합(대형),피라인모터스,HYPERS1609N,6042,4833,10875,2023년도 전기자동차 강릉시 모델별 보조금,2023,강릉시
승합(대형),피라인모터스,HYPERS1611N,5620,4496,10116,2023년도 전기자동차 강릉시 모델별 보조금,2023,강릉시
승합(대형),피라인모터스,HYPERS1609HN,5993,4794,10787,2023년도 전기자동차 강릉시 모델별 보조금,2023,강릉시
승합(대형),피라인모터스,HYPERS1611P,7000,5600,12600,2023년도 전기자동차 강릉시 모델별 보조금,2023,강릉시
승합(대형),피라인모터스,HYPERS1609P,7000,5600,12600,2023년도 전기자동차 강릉시 모델별 보조금,2023,강릉시
승합(대형),비바모빌리티,(단종)브이버스90N,4287,3429,7716,2023년도 전기자동차 강릉시 모델별 보조금,2023,강릉시
승합(대형),비바모빌리티,(단종)브이버스120,4690,3752,8442,2023년도 전기자동차 강릉시 모델별 보조금,2023,강릉시
승합(대형),비바모빌리티,(단종)브이버스110-B,4246,3396,7642,2023년도 전기자동차 강릉시 모델별 보조금,2023,강릉시
승합(대형),범한자동차,E-SKY11(350kWh),4989,3991,8980,2023년도 전기자동차 강릉시 모델별 보조금,2023,강릉시
승합(대형),범한자동차,E-SKY9(281kWh),4978,3982,8960,2023년도 전기자동차 강릉시 모델별 보조금,2023,강릉시
승합(대형),범한자동차,E-STAR8 V1,4265,3412,7677,2023년도 전기자동차 강릉시 모델별 보조금,2023,강릉시
승합(대형),범한자동차,E-STAR11,4990,3992,8982,2023년도 전기자동차 강릉시 모델별 보조금,2023,강릉시
승합(대형),범한자동차,E-STAR12i,4990,3992,8982,2023년도 전기자동차 강릉시 모델별 보조금,2023,강릉시
승합(대형),에스에이피,아이즘(IZM),4690,3752,8442,2023년도 전기자동차 강릉시 모델별 보조금,2023,강릉시
승합(대형),에스에이피,엘페(ELFE),4388,3510,7898,2023년도 전기자동차 강릉시 모델별 보조금,2023,강릉시
승합(대형),에스에이피,리오네(LIONNE),4690,3752,8442,2023년도 전기자동차 강릉시 모델별 보조금,2023,강릉시
승합(대형),GS글로벌,NEW BYD eBus-12,4990,3992,8982,2023년도 전기자동차 강릉시 모델별 보조금,2023,강릉시
승합(대형),GS글로벌,BYD eBus9,5660,4528,10188,2023년도 전기자동차 강릉시 모델별 보조금,2023,강릉시
승합(대형),티에스에코에너지,일레누스(TS1100-1),6633,5306,11939,2023년도 전기자동차 강릉시 모델별 보조금,2023,강릉시
승합(대형),티에스에코에너지,일레누스(TS1100-2),6810,5448,12258,2023년도 전기자동차 강릉시 모델별 보조금,2023,강릉시
승합(대형),티에스에코에너지,일레누스(TS900),6451,5160,11611,2023년도 전기자동차 강릉시 모델별 보조금,2023,강릉시
승합(대형),이온모터스,시티라이트Ⅱ,4861,3888,8749,2023년도 전기자동차 강릉시 모델별 보조금,2023,강릉시
승합(대형),이온모터스,시티라이트9,4990,3992,8982,2023년도 전기자동차 강릉시 모델별 보조금,2023,강릉시
승합(대형),한차,GREENWAY1100,5394,4315,9709,2023년도 전기자동차 강릉시 모델별 보조금,2023,강릉시
승합(대형),한차,GREENWAY1100A,6258,5006,11264,2023년도 전기자동차 강릉시 모델별 보조금,2023,강릉시
승합(대형),이엠코리아,에픽시티(LFP),4990,3992,8982,2023년도 전기자동차 강릉시 모델별 보조금,2023,강릉시
승합(대형),이엠코리아,에픽타운(LFP),4406,3524,7930,2023년도 전기자동차 강릉시 모델별 보조금,2023,강릉시
승합(대형),태영티엔티,GD11,2857,2285,5142,2023년도 전기자동차 강릉시 모델별 보조금,2023,강릉시
승합(대형),재일홀딩스,그린타운400,3846,3076,6922,2023년도 전기자동차 강릉시 모델별 보조금,2023,강릉시
승합(대형),아이버스,아이버스어린이운송차,5727,4581,10308,2023년도 전기자동차 강릉시 모델별 보조금,2023,강릉시
승합(대형),서울시티투어버스,타이거클래식트롤리버스,3161,2528,5689,2023년도 전기자동차 강릉시 모델별 보조금,2023,강릉시
승합(중형),현대자동차,(단종)카운티 일렉트릭(어린이운송용 33인승 V2),4052,3200,7252,2023년도 전기자동차 동해시 모델별 보조금,2023,동해시
승합(중형),현대자동차,카운티 일렉트릭,4834,3200,8034,2023년도 전기자동차 동해시 모델별 보조금,2023,동해시
승합(중형),현대자동차,카운티 일렉트릭(마을버스),5000,3200,8200,2023년도 전기자동차 동해시 모델별 보조금,2023,동해시
승합(중형),이비온,"E6(JL618S), 어린이통학",2362,3200,5562,2023년도 전기자동차 동해시 모델별 보조금,2023,동해시
승합(중형),GS글로벌,NEW BYD eBus-7,2894,3200,6094,2023년도 전기자동차 동해시 모델별 보조금,2023,동해시
승합(중형),비바모빌리티,(단종)브이버스60,3211,3200,6411,2023년도 전기자동차 동해시 모델별 보조금,2023,동해시
승합(중형),케이지모빌리티커머셜,SMART 8.7,4308,3200,7508,2023년도 전기자동차 동해시 모델별 보조금,2023,동해시
승합(중형),한차,GREENWAY720,4530,3200,7730,2023년도 전기자동차 동해시 모델별 보조금,2023,동해시
승합(중형),테라팩토리,테라밴키즈,1911,3200,5111,2023년도 전기자동차 동해시 모델별 보조금,2023,동해시
승합(중형),테라팩토리,테라밴키즈11,1902,3200,5102,2023년도 전기자동차 동해시 모델별 보조금,2023,동해시
승합(중형),테라팩토리,테라밴,1889,3200,5089,2023년도 전기자동차 동해시 모델별 보조금,2023,동해시
승합(대형),현대자동차,일렉시티 이층버스,11900,0,11900,2023년도 전기자동차 동해시 모델별 보조금,2023,동해시
승합(대형),현대자동차,일렉시티(3PACK),6887,0,6887,2023년도 전기자동차 동해시 모델별 보조금,2023,동해시
승합(대형),현대자동차,일렉시티(4PACK V1),7000,0,7000,2023년도 전기자동차 동해시 모델별 보조금,2023,동해시
승합(대형),현대자동차,일렉시티(4PACK V2),7000,0,7000,2023년도 전기자동차 동해시 모델별 보조금,2023,동해시
승합(대형),현대자동차,일렉시티 타운,6725,0,6725,2023년도 전기자동차 동해시 모델별 보조금,2023,동해시
승합(대형),케이지모빌리티커머셜,SMART 9.3,4990,0,4990,2023년도 전기자동차 동해시 모델별 보조금,2023,동해시
승합(대형),케이지모빌리티커머셜,SMART 110E(347kWh),6330,0,6330,2023년도 전기자동차 동해시 모델별 보조금,2023,동해시
승합(대형),케이지모빌리티커머셜,SMART 110(260kWh),5955,0,5955,2023년도 전기자동차 동해시 모델별 보조금,2023,동해시
승합(대형),케이지모빌리티커머셜,SMART 110E(260kWh),6277,0,6277,2023년도 전기자동차 동해시 모델별 보조금,2023,동해시
승합(대형),우진산전,아폴로900전기버스,4420,0,4420,2023년도 전기자동차 동해시 모델별 보조금,2023,동해시
승합(대형),우진산전,아폴로1100전기버스 22MY,7000,0,7000,2023년도 전기자동차 동해시 모델별 보조금,2023,동해시
승합(대형),피라인모터스,HYPERS(H),5137,0,5137,2023년도 전기자동차 동해시 모델별 보조금,2023,동해시
승합(대형),피라인모터스,HYPERS1611,5111,0,5111,2023년도 전기자동차 동해시 모델별 보조금,2023,동해시
승합(대형),피라인모터스,HYPERS1609,5143,0,5143,2023년도 전기자동차 동해시 모델별 보조금,2023,동해시
승합(대형),피라인모터스,HYPERS1612,3893,0,3893,2023년도 전기자동차 동해시 모델별 보조금,2023,동해시
승합(대형),피라인모터스,HYPERS1609H,5572,0,5572,2023년도 전기자동차 동해시 모델별 보조금,2023,동해시
승합(대형),피라인모터스,HYPERS1612N,4990,0,4990,2023년도 전기자동차 동해시 모델별 보조금,2023,동해시
승합(대형),피라인모터스,HYPERS1609N,6042,0,6042,2023년도 전기자동차 동해시 모델별 보조금,2023,동해시
승합(대형),피라인모터스,HYPERS1611N,5620,0,5620,2023년도 전기자동차 동해시 모델별 보조금,2023,동해시
승합(대형),피라인모터스,HYPERS1609HN,5993,0,5993,2023년도 전기자동차 동해시 모델별 보조금,2023,동해시
승합(대형),비바모빌리티,(단종)브이버스90N,4287,0,4287,2023년도 전기자동차 동해시 모델별 보조금,2023,동해시
승합(대형),비바모빌리티,(단종)브이버스120,4690,0,4690,2023년도 전기자동차 동해시 모델별 보조금,2023,동해시
승합(대형),비바모빌리티,(단종)브이버스110-B,4246,0,4246,2023년도 전기자동차 동해시 모델별 보조금,2023,동해시
승합(대형),범한자동차,E-SKY11(350kWh),4989,0,4989,2023년도 전기자동차 동해시 모델별 보조금,2023,동해시
승합(대형),범한자동차,E-SKY9(281kWh),4978,0,4978,2023년도 전기자동차 동해시 모델별 보조금,2023,동해시
승합(대형),범한자동차,E-STAR8 V1,4265,0,4265,2023년도 전기자동차 동해시 모델별 보조금,2023,동해시
승합(대형),범한자동차,E-STAR11,4990,0,4990,2023년도 전기자동차 동해시 모델별 보조금,2023,동해시
승합(대형),범한자동차,E-STAR12i,4990,0,4990,2023년도 전기자동차 동해시 모델별 보조금,2023,동해시
승합(대형),에스에이피,아이즘(IZM),4690,0,4690,2023년도 전기자동차 동해시 모델별 보조금,2023,동해시
승합(대형),에스에이피,엘페(ELFE),4388,0,4388,2023년도 전기자동차 동해시 모델별 보조금,2023,동해시
승합(대형),에스에이피,리오네(LIONNE),4690,0,4690,2023년도 전기자동차 동해시 모델별 보조금,2023,동해시
승합(대형),GS글로벌,NEW BYD eBus-12,4990,0,4990,2023년도 전기자동차 동해시 모델별 보조금,2023,동해시
승합(대형),티에스에코에너지,일레누스(TS1100-2),6810,0,6810,2023년도 전기자동차 동해시 모델별 보조금,2023,동해시
승합(대형),티에스에코에너지,일레누스(TS900),6451,0,6451,2023년도 전기자동차 동해시 모델별 보조금,2023,동해시
승합(대형),이온모터스,시티라이트Ⅱ,4861,0,4861,2023년도 전기자동차 동해시 모델별 보조금,2023,동해시
승합(대형),이온모터스,시티라이트9,4990,0,4990,2023년도 전기자동차 동해시 모델별 보조금,2023,동해시
승합(대형),한차,GREENWAY1100,5394,0,5394,2023년도 전기자동차 동해시 모델별 보조금,2023,동해시
승합(대형),한차,GREENWAY1100A,6258,0,6258,2023년도 전기자동차 동해시 모델별 보조금,2023,동해시
승합(대형),이엠코리아,에픽시티(LFP),4990,0,4990,2023년도 전기자동차 동해시 모델별 보조금,2023,동해시
승합(대형),태영티엔티,GD11,2857,0,2857,2023년도 전기자동차 동해시 모델별 보조금,2023,동해시
승합(대형),재일홀딩스,그린타운400,3846,0,3846,2023년도 전기자동차 동해시 모델별 보조금,2023,동해시
승합(대형),아이버스,아이버스어린이운송차,5727,0,5727,2023년도 전기자동차 동해시 모델별 보조금,2023,동해시
모델별 지방비 자료가 없습니다.,모델별 지방비 자료가 없습니다.,모델별 지방비 자료가 없습니다.,모델별 지방비 자료가 없습니다.,모델별 지방비 자료가 없습니다.,모델별 지방비 자료가 없습니다.,2023년도 전기자동차 태백시 모델별 보조금,2023,태백시
승합(중형),현대자동차,(단종)카운티 일렉트릭(어린이운송용 33인승 V2),4052,2593,6645,2023년도 전기자동차 속초시 모델별 보조금,2023,속초시
승합(중형),현대자동차,카운티 일렉트릭,4834,3093,7927,2023년도 전기자동차 속초시 모델별 보조금,2023,속초시
승합(중형),현대자동차,카운티 일렉트릭(마을버스),5000,3200,8200,2023년도 전기자동차 속초시 모델별 보조금,2023,속초시
승합(중형),이비온,"E6(JL618S), 어린이통학",2362,1511,3873,2023년도 전기자동차 속초시 모델별 보조금,2023,속초시
승합(중형),GS글로벌,NEW BYD eBus-7,2894,1852,4746,2023년도 전기자동차 속초시 모델별 보조금,2023,속초시
승합(중형),비바모빌리티,(단종)브이버스60,3211,2055,5266,2023년도 전기자동차 속초시 모델별 보조금,2023,속초시
승합(중형),케이지모빌리티커머셜,SMART 8.7,4308,2757,7065,2023년도 전기자동차 속초시 모델별 보조금,2023,속초시
승합(중형),한차,GREENWAY720,4530,2899,7429,2023년도 전기자동차 속초시 모델별 보조금,2023,속초시
승합(중형),테라팩토리,테라밴키즈,1911,1223,3134,2023년도 전기자동차 속초시 모델별 보조금,2023,속초시
승합(중형),테라팩토리,테라밴키즈11,1902,1217,3119,2023년도 전기자동차 속초시 모델별 보조금,2023,속초시
승합(중형),테라팩토리,테라밴,1889,1208,3097,2023년도 전기자동차 속초시 모델별 보조금,2023,속초시
승합(중형),테라팩토리,"테라밴키즈(2022), 어린이운송용14명",2151,1376,3527,2023년도 전기자동차 속초시 모델별 보조금,2023,속초시
승합(중형),테라팩토리,"테라밴키즈11(2022), 어린이운송용11명",2142,1370,3512,2023년도 전기자동차 속초시 모델별 보조금,2023,속초시
승합(중형),테라팩토리,테라밴,2129,1362,3491,2023년도 전기자동차 속초시 모델별 보조금,2023,속초시
승합(중형),중원자동차,EV J1,5000,3200,8200,2023년도 전기자동차 속초시 모델별 보조금,2023,속초시
승합(대형),현대자동차,일렉시티 이층버스,11900,5600,17500,2023년도 전기자동차 속초시 모델별 보조금,2023,속초시
승합(대형),현대자동차,일렉시티(3PACK),6887,5509,12396,2023년도 전기자동차 속초시 모델별 보조금,2023,속초시
승합(대형),현대자동차,일렉시티(4PACK V1),7000,5600,12600,2023년도 전기자동차 속초시 모델별 보조금,2023,속초시
승합(대형),현대자동차,일렉시티(4PACK V2),7000,5600,12600,2023년도 전기자동차 속초시 모델별 보조금,2023,속초시
승합(대형),현대자동차,일렉시티 타운,6725,5380,12105,2023년도 전기자동차 속초시 모델별 보조금,2023,속초시
승합(대형),케이지모빌리티커머셜,SMART 9.3,4990,3992,8982,2023년도 전기자동차 속초시 모델별 보조금,2023,속초시
승합(대형),케이지모빌리티커머셜,SMART 110(272kWh),5660,4528,10188,2023년도 전기자동차 속초시 모델별 보조금,2023,속초시
승합(대형),케이지모빌리티커머셜,SMART 110E(347kWh),6330,5064,11394,2023년도 전기자동차 속초시 모델별 보조금,2023,속초시
승합(대형),케이지모빌리티커머셜,SMART 110(260kWh),5955,4764,10719,2023년도 전기자동차 속초시 모델별 보조금,2023,속초시
승합(대형),케이지모빌리티커머셜,SMART 110E(260kWh),6277,5021,11298,2023년도 전기자동차 속초시 모델별 보조금,2023,속초시
승합(대형),우진산전,아폴로900전기버스,4420,3536,7956,2023년도 전기자동차 속초시 모델별 보조금,2023,속초시
승합(대형),우진산전,아폴로1100전기버스 22MY,7000,5600,12600,2023년도 전기자동차 속초시 모델별 보조금,2023,속초시
승합(대형),우진산전,아폴로1100전기버스 23MY,7000,5600,12600,2023년도 전기자동차 속초시 모델별 보조금,2023,속초시
승합(대형),피라인모터스,HYPERS(H),5137,4109,9246,2023년도 전기자동차 속초시 모델별 보조금,2023,속초시
승합(대형),피라인모터스,HYPERS1611,5111,4088,9199,2023년도 전기자동차 속초시 모델별 보조금,2023,속초시
승합(대형),피라인모터스,HYPERS1609,5143,4114,9257,2023년도 전기자동차 속초시 모델별 보조금,2023,속초시
승합(대형),피라인모터스,HYPERS1612,3893,3114,7007,2023년도 전기자동차 속초시 모델별 보조금,2023,속초시
승합(대형),피라인모터스,HYPERS1609H,5572,4457,10029,2023년도 전기자동차 속초시 모델별 보조금,2023,속초시
승합(대형),피라인모터스,HYPERS1612N,4990,3992,8982,2023년도 전기자동차 속초시 모델별 보조금,2023,속초시
승합(대형),피라인모터스,HYPERS1609N,6042,4833,10875,2023년도 전기자동차 속초시 모델별 보조금,2023,속초시
승합(대형),피라인모터스,HYPERS1611N,5620,4496,10116,2023년도 전기자동차 속초시 모델별 보조금,2023,속초시
승합(대형),피라인모터스,HYPERS1609HN,5993,4794,10787,2023년도 전기자동차 속초시 모델별 보조금,2023,속초시
승합(대형),비바모빌리티,(단종)브이버스90N,4287,3429,7716,2023년도 전기자동차 속초시 모델별 보조금,2023,속초시
승합(대형),비바모빌리티,(단종)브이버스120,4690,3752,8442,2023년도 전기자동차 속초시 모델별 보조금,2023,속초시
승합(대형),비바모빌리티,(단종)브이버스110-B,4246,3396,7642,2023년도 전기자동차 속초시 모델별 보조금,2023,속초시
승합(대형),범한자동차,E-SKY11(350kWh),4989,3991,8980,2023년도 전기자동차 속초시 모델별 보조금,2023,속초시
승합(대형),범한자동차,E-SKY9(281kWh),4978,3982,8960,2023년도 전기자동차 속초시 모델별 보조금,2023,속초시
승합(대형),범한자동차,E-STAR8 V1,4265,3412,7677,2023년도 전기자동차 속초시 모델별 보조금,2023,속초시
승합(대형),범한자동차,E-STAR11,4990,3992,8982,2023년도 전기자동차 속초시 모델별 보조금,2023,속초시
승합(대형),범한자동차,E-STAR12i,4990,3992,8982,2023년도 전기자동차 속초시 모델별 보조금,2023,속초시
승합(대형),에스에이피,아이즘(IZM),4690,3752,8442,2023년도 전기자동차 속초시 모델별 보조금,2023,속초시
승합(대형),에스에이피,엘페(ELFE),4388,3510,7898,2023년도 전기자동차 속초시 모델별 보조금,2023,속초시
승합(대형),에스에이피,리오네(LIONNE),4690,3752,8442,2023년도 전기자동차 속초시 모델별 보조금,2023,속초시
승합(대형),GS글로벌,NEW BYD eBus-12,4990,3992,8982,2023년도 전기자동차 속초시 모델별 보조금,2023,속초시
승합(대형),티에스에코에너지,일레누스(TS1100-2),6810,5448,12258,2023년도 전기자동차 속초시 모델별 보조금,2023,속초시
승합(대형),티에스에코에너지,일레누스(TS900),6451,5160,11611,2023년도 전기자동차 속초시 모델별 보조금,2023,속초시
승합(대형),이온모터스,시티라이트Ⅱ,4861,3888,8749,2023년도 전기자동차 속초시 모델별 보조금,2023,속초시
승합(대형),이온모터스,시티라이트9,4990,3992,8982,2023년도 전기자동차 속초시 모델별 보조금,2023,속초시
승합(대형),한차,GREENWAY1100,5394,4315,9709,2023년도 전기자동차 속초시 모델별 보조금,2023,속초시
승합(대형),한차,GREENWAY1100A,6258,5006,11264,2023년도 전기자동차 속초시 모델별 보조금,2023,속초시
승합(대형),이엠코리아,에픽시티(LFP),4990,3992,8982,2023년도 전기자동차 속초시 모델별 보조금,2023,속초시
승합(대형),태영티엔티,GD11,2857,2285,5142,2023년도 전기자동차 속초시 모델별 보조금,2023,속초시
승합(대형),재일홀딩스,그린타운400,3846,0,3846,2023년도 전기자동차 속초시 모델별 보조금,2023,속초시
승합(대형),아이버스,아이버스어린이운송차,5727,4581,10308,2023년도 전기자동차 속초시 모델별 보조금,2023,속초시
승합(중형),현대자동차,(단종)카운티 일렉트릭(어린이운송용 33인승 V2),4052,2593,6645,2023년도 전기자동차 삼척시 모델별 보조금,2023,삼척시
승합(중형),현대자동차,카운티 일렉트릭,4834,3093,7927,2023년도 전기자동차 삼척시 모델별 보조금,2023,삼척시
승합(중형),현대자동차,카운티 일렉트릭(마을버스),5000,3200,8200,2023년도 전기자동차 삼척시 모델별 보조금,2023,삼척시
승합(중형),이비온,"E6(JL618S), 어린이통학",2362,1511,3873,2023년도 전기자동차 삼척시 모델별 보조금,2023,삼척시
승합(중형),GS글로벌,NEW BYD eBus-7,2894,1852,4746,2023년도 전기자동차 삼척시 모델별 보조금,2023,삼척시
승합(중형),비바모빌리티,(단종)브이버스60,3211,2055,5266,2023년도 전기자동차 삼척시 모델별 보조금,2023,삼척시
승합(중형),케이지모빌리티커머셜,SMART 8.7,4308,2757,7065,2023년도 전기자동차 삼척시 모델별 보조금,2023,삼척시
승합(중형),한차,GREENWAY720,4530,2899,7429,2023년도 전기자동차 삼척시 모델별 보조금,2023,삼척시
승합(중형),테라팩토리,테라밴키즈,1911,1376,3287,2023년도 전기자동차 삼척시 모델별 보조금,2023,삼척시
승합(중형),테라팩토리,테라밴키즈11,1902,1370,3272,2023년도 전기자동차 삼척시 모델별 보조금,2023,삼척시
승합(중형),테라팩토리,테라밴,1889,1362,3251,2023년도 전기자동차 삼척시 모델별 보조금,2023,삼척시
승합(중형),테라팩토리,"테라밴키즈(2022), 어린이운송용14명",2151,1376,3527,2023년도 전기자동차 삼척시 모델별 보조금,2023,삼척시
승합(중형),테라팩토리,"테라밴키즈11(2022), 어린이운송용11명",2142,1370,3512,2023년도 전기자동차 삼척시 모델별 보조금,2023,삼척시
승합(중형),테라팩토리,테라밴,2129,1362,3491,2023년도 전기자동차 삼척시 모델별 보조금,2023,삼척시
승합(중형),중원자동차,EV J1,5000,3200,8200,2023년도 전기자동차 삼척시 모델별 보조금,2023,삼척시
승합(대형),현대자동차,일렉시티 이층버스,11900,0,11900,2023년도 전기자동차 삼척시 모델별 보조금,2023,삼척시
승합(대형),현대자동차,일렉시티(3PACK),6887,0,6887,2023년도 전기자동차 삼척시 모델별 보조금,2023,삼척시
승합(대형),현대자동차,일렉시티(4PACK V1),7000,0,7000,2023년도 전기자동차 삼척시 모델별 보조금,2023,삼척시
승합(대형),현대자동차,일렉시티(4PACK V2),7000,0,7000,2023년도 전기자동차 삼척시 모델별 보조금,2023,삼척시
승합(대형),현대자동차,일렉시티 타운,6725,0,6725,2023년도 전기자동차 삼척시 모델별 보조금,2023,삼척시
승합(대형),케이지모빌리티커머셜,SMART 9.3,4990,0,4990,2023년도 전기자동차 삼척시 모델별 보조금,2023,삼척시
승합(대형),케이지모빌리티커머셜,SMART 110(272kWh),5660,0,5660,2023년도 전기자동차 삼척시 모델별 보조금,2023,삼척시
승합(대형),케이지모빌리티커머셜,SMART 110E(347kWh),6330,0,6330,2023년도 전기자동차 삼척시 모델별 보조금,2023,삼척시
승합(대형),케이지모빌리티커머셜,SMART 110(260kWh),5955,0,5955,2023년도 전기자동차 삼척시 모델별 보조금,2023,삼척시
승합(대형),케이지모빌리티커머셜,SMART 110E(260kWh),6277,0,6277,2023년도 전기자동차 삼척시 모델별 보조금,2023,삼척시
승합(대형),우진산전,아폴로900전기버스,4420,0,4420,2023년도 전기자동차 삼척시 모델별 보조금,2023,삼척시
승합(대형),우진산전,아폴로1100전기버스 22MY,7000,0,7000,2023년도 전기자동차 삼척시 모델별 보조금,2023,삼척시
승합(대형),우진산전,아폴로1100전기버스 23MY,7000,0,7000,2023년도 전기자동차 삼척시 모델별 보조금,2023,삼척시
승합(대형),피라인모터스,HYPERS(H),5137,0,5137,2023년도 전기자동차 삼척시 모델별 보조금,2023,삼척시
승합(대형),피라인모터스,HYPERS1611,5111,0,5111,2023년도 전기자동차 삼척시 모델별 보조금,2023,삼척시
승합(대형),피라인모터스,HYPERS1609,5143,0,5143,2023년도 전기자동차 삼척시 모델별 보조금,2023,삼척시
승합(대형),피라인모터스,HYPERS1612,3893,0,3893,2023년도 전기자동차 삼척시 모델별 보조금,2023,삼척시
승합(대형),피라인모터스,HYPERS1609H,5572,0,5572,2023년도 전기자동차 삼척시 모델별 보조금,2023,삼척시
승합(대형),피라인모터스,HYPERS1612N,4990,0,4990,2023년도 전기자동차 삼척시 모델별 보조금,2023,삼척시
승합(대형),피라인모터스,HYPERS1609N,6042,0,6042,2023년도 전기자동차 삼척시 모델별 보조금,2023,삼척시
승합(대형),피라인모터스,HYPERS1611N,5620,0,5620,2023년도 전기자동차 삼척시 모델별 보조금,2023,삼척시
승합(대형),피라인모터스,HYPERS1609HN,5993,0,5993,2023년도 전기자동차 삼척시 모델별 보조금,2023,삼척시
승합(대형),피라인모터스,HYPERS1611P,7000,0,7000,2023년도 전기자동차 삼척시 모델별 보조금,2023,삼척시
승합(대형),비바모빌리티,(단종)브이버스90N,4287,0,4287,2023년도 전기자동차 삼척시 모델별 보조금,2023,삼척시
승합(대형),비바모빌리티,(단종)브이버스120,4690,0,4690,2023년도 전기자동차 삼척시 모델별 보조금,2023,삼척시
승합(대형),비바모빌리티,(단종)브이버스110-B,4246,0,4246,2023년도 전기자동차 삼척시 모델별 보조금,2023,삼척시
승합(대형),범한자동차,E-SKY11(350kWh),4989,0,4989,2023년도 전기자동차 삼척시 모델별 보조금,2023,삼척시
승합(대형),범한자동차,E-SKY9(281kWh),4978,0,4978,2023년도 전기자동차 삼척시 모델별 보조금,2023,삼척시
승합(대형),범한자동차,E-STAR8 V1,4265,0,4265,2023년도 전기자동차 삼척시 모델별 보조금,2023,삼척시
승합(대형),범한자동차,E-STAR11,4990,0,4990,2023년도 전기자동차 삼척시 모델별 보조금,2023,삼척시
승합(대형),범한자동차,E-STAR12i,4990,0,4990,2023년도 전기자동차 삼척시 모델별 보조금,2023,삼척시
승합(대형),에스에이피,아이즘(IZM),4690,0,4690,2023년도 전기자동차 삼척시 모델별 보조금,2023,삼척시
승합(대형),에스에이피,엘페(ELFE),4388,0,4388,2023년도 전기자동차 삼척시 모델별 보조금,2023,삼척시
승합(대형),에스에이피,리오네(LIONNE),4690,0,4690,2023년도 전기자동차 삼척시 모델별 보조금,2023,삼척시
승합(대형),GS글로벌,NEW BYD eBus-12,4990,0,4990,2023년도 전기자동차 삼척시 모델별 보조금,2023,삼척시
승합(대형),GS글로벌,BYD eBus9,5660,0,5660,2023년도 전기자동차 삼척시 모델별 보조금,2023,삼척시
승합(대형),티에스에코에너지,일레누스(TS1100-1),6633,0,6633,2023년도 전기자동차 삼척시 모델별 보조금,2023,삼척시
승합(대형),티에스에코에너지,일레누스(TS1100-2),6810,0,6810,2023년도 전기자동차 삼척시 모델별 보조금,2023,삼척시
승합(대형),티에스에코에너지,일레누스(TS900),6451,0,6451,2023년도 전기자동차 삼척시 모델별 보조금,2023,삼척시
승합(대형),이온모터스,시티라이트Ⅱ,4861,0,4861,2023년도 전기자동차 삼척시 모델별 보조금,2023,삼척시
승합(대형),이온모터스,시티라이트9,4990,0,4990,2023년도 전기자동차 삼척시 모델별 보조금,2023,삼척시
승합(대형),한차,GREENWAY1100,5394,0,5394,2023년도 전기자동차 삼척시 모델별 보조금,2023,삼척시
승합(대형),한차,GREENWAY1100A,6258,0,6258,2023년도 전기자동차 삼척시 모델별 보조금,2023,삼척시
승합(대형),이엠코리아,에픽시티(LFP),4990,0,4990,2023년도 전기자동차 삼척시 모델별 보조금,2023,삼척시
승합(대형),이엠코리아,에픽타운(LFP),4406,0,4406,2023년도 전기자동차 삼척시 모델별 보조금,2023,삼척시
승합(대형),태영티엔티,GD11,2857,0,2857,2023년도 전기자동차 삼척시 모델별 보조금,2023,삼척시
승합(대형),재일홀딩스,그린타운400,3846,0,3846,2023년도 전기자동차 삼척시 모델별 보조금,2023,삼척시
승합(대형),아이버스,아이버스어린이운송차,5727,0,5727,2023년도 전기자동차 삼척시 모델별 보조금,2023,삼척시
승합(중형),현대자동차,(단종)카운티 일렉트릭(어린이운송용 33인승 V2),4052,2592,6644,2023년도 전기자동차 홍천군 모델별 보조금,2023,홍천군
승합(중형),현대자동차,카운티 일렉트릭,4834,3093,7927,2023년도 전기자동차 홍천군 모델별 보조금,2023,홍천군
승합(중형),현대자동차,카운티 일렉트릭(마을버스),5000,3200,8200,2023년도 전기자동차 홍천군 모델별 보조금,2023,홍천군
승합(중형),이비온,"E6(JL618S), 어린이통학",2362,1511,3873,2023년도 전기자동차 홍천군 모델별 보조금,2023,홍천군
승합(중형),GS글로벌,NEW BYD eBus-7,2894,1851,4745,2023년도 전기자동차 홍천군 모델별 보조금,2023,홍천군
승합(중형),비바모빌리티,(단종)브이버스60,3211,2054,5265,2023년도 전기자동차 홍천군 모델별 보조금,2023,홍천군
승합(중형),케이지모빌리티커머셜,SMART 8.7,4308,2756,7064,2023년도 전기자동차 홍천군 모델별 보조금,2023,홍천군
승합(중형),한차,GREENWAY720,4530,2898,7428,2023년도 전기자동차 홍천군 모델별 보조금,2023,홍천군
승합(중형),테라팩토리,테라밴키즈,1911,1375,3286,2023년도 전기자동차 홍천군 모델별 보조금,2023,홍천군
승합(중형),테라팩토리,테라밴키즈11,1902,1370,3272,2023년도 전기자동차 홍천군 모델별 보조금,2023,홍천군
승합(중형),테라팩토리,테라밴,1889,1361,3250,2023년도 전기자동차 홍천군 모델별 보조금,2023,홍천군
승합(중형),테라팩토리,"테라밴키즈(2022), 어린이운송용14명",2151,1375,3526,2023년도 전기자동차 홍천군 모델별 보조금,2023,홍천군
승합(중형),테라팩토리,"테라밴키즈11(2022), 어린이운송용11명",2142,1370,3512,2023년도 전기자동차 홍천군 모델별 보조금,2023,홍천군
승합(중형),테라팩토리,테라밴,2129,1361,3490,2023년도 전기자동차 홍천군 모델별 보조금,2023,홍천군
승합(중형),중원자동차,EV J1,5000,0,5000,2023년도 전기자동차 홍천군 모델별 보조금,2023,홍천군
승합(대형),현대자동차,일렉시티 이층버스,11900,0,11900,2023년도 전기자동차 홍천군 모델별 보조금,2023,홍천군
승합(대형),현대자동차,일렉시티(3PACK),6887,0,6887,2023년도 전기자동차 홍천군 모델별 보조금,2023,홍천군
승합(대형),현대자동차,일렉시티(4PACK V1),7000,0,7000,2023년도 전기자동차 홍천군 모델별 보조금,2023,홍천군
승합(대형),현대자동차,일렉시티(4PACK V2),7000,0,7000,2023년도 전기자동차 홍천군 모델별 보조금,2023,홍천군
승합(대형),현대자동차,일렉시티 타운,6725,0,6725,2023년도 전기자동차 홍천군 모델별 보조금,2023,홍천군
승합(대형),케이지모빌리티커머셜,SMART 9.3,4990,0,4990,2023년도 전기자동차 홍천군 모델별 보조금,2023,홍천군
승합(대형),케이지모빌리티커머셜,SMART 110(272kWh),5660,0,5660,2023년도 전기자동차 홍천군 모델별 보조금,2023,홍천군
승합(대형),케이지모빌리티커머셜,SMART 110E(347kWh),6330,0,6330,2023년도 전기자동차 홍천군 모델별 보조금,2023,홍천군
승합(대형),케이지모빌리티커머셜,SMART 110(260kWh),5955,0,5955,2023년도 전기자동차 홍천군 모델별 보조금,2023,홍천군
승합(대형),케이지모빌리티커머셜,SMART 110E(260kWh),6277,0,6277,2023년도 전기자동차 홍천군 모델별 보조금,2023,홍천군
승합(대형),우진산전,아폴로900전기버스,4420,0,4420,2023년도 전기자동차 홍천군 모델별 보조금,2023,홍천군
승합(대형),우진산전,아폴로1100전기버스 22MY,7000,0,7000,2023년도 전기자동차 홍천군 모델별 보조금,2023,홍천군
승합(대형),우진산전,아폴로1100전기버스 23MY,7000,0,7000,2023년도 전기자동차 홍천군 모델별 보조금,2023,홍천군
승합(대형),피라인모터스,HYPERS(H),5137,0,5137,2023년도 전기자동차 홍천군 모델별 보조금,2023,홍천군
승합(대형),피라인모터스,HYPERS1611,5111,0,5111,2023년도 전기자동차 홍천군 모델별 보조금,2023,홍천군
승합(대형),피라인모터스,HYPERS1609,5143,0,5143,2023년도 전기자동차 홍천군 모델별 보조금,2023,홍천군
승합(대형),피라인모터스,HYPERS1612,3893,0,3893,2023년도 전기자동차 홍천군 모델별 보조금,2023,홍천군
승합(대형),피라인모터스,HYPERS1609H,5572,0,5572,2023년도 전기자동차 홍천군 모델별 보조금,2023,홍천군
승합(대형),피라인모터스,HYPERS1612N,4990,0,4990,2023년도 전기자동차 홍천군 모델별 보조금,2023,홍천군
승합(대형),피라인모터스,HYPERS1609N,6042,0,6042,2023년도 전기자동차 홍천군 모델별 보조금,2023,홍천군
승합(대형),피라인모터스,HYPERS1611N,5620,0,5620,2023년도 전기자동차 홍천군 모델별 보조금,2023,홍천군
승합(대형),피라인모터스,HYPERS1609HN,5993,0,5993,2023년도 전기자동차 홍천군 모델별 보조금,2023,홍천군
승합(대형),비바모빌리티,(단종)브이버스90N,4287,0,4287,2023년도 전기자동차 홍천군 모델별 보조금,2023,홍천군
승합(대형),비바모빌리티,(단종)브이버스120,4690,0,4690,2023년도 전기자동차 홍천군 모델별 보조금,2023,홍천군
승합(대형),비바모빌리티,(단종)브이버스110-B,4246,0,4246,2023년도 전기자동차 홍천군 모델별 보조금,2023,홍천군
승합(대형),범한자동차,E-SKY11(350kWh),4989,0,4989,2023년도 전기자동차 홍천군 모델별 보조금,2023,홍천군
승합(대형),범한자동차,E-SKY9(281kWh),4978,0,4978,2023년도 전기자동차 홍천군 모델별 보조금,2023,홍천군
승합(대형),범한자동차,E-STAR8 V1,4265,0,4265,2023년도 전기자동차 홍천군 모델별 보조금,2023,홍천군
승합(대형),범한자동차,E-STAR11,4990,0,4990,2023년도 전기자동차 홍천군 모델별 보조금,2023,홍천군
승합(대형),범한자동차,E-STAR12i,4990,0,4990,2023년도 전기자동차 홍천군 모델별 보조금,2023,홍천군
승합(대형),에스에이피,아이즘(IZM),4690,0,4690,2023년도 전기자동차 홍천군 모델별 보조금,2023,홍천군
승합(대형),에스에이피,엘페(ELFE),4388,0,4388,2023년도 전기자동차 홍천군 모델별 보조금,2023,홍천군
승합(대형),에스에이피,리오네(LIONNE),4690,0,4690,2023년도 전기자동차 홍천군 모델별 보조금,2023,홍천군
승합(대형),GS글로벌,NEW BYD eBus-12,4990,0,4990,2023년도 전기자동차 홍천군 모델별 보조금,2023,홍천군
승합(대형),티에스에코에너지,일레누스(TS1100-2),6810,0,6810,2023년도 전기자동차 홍천군 모델별 보조금,2023,홍천군
승합(대형),티에스에코에너지,일레누스(TS900),6451,0,6451,2023년도 전기자동차 홍천군 모델별 보조금,2023,홍천군
승합(대형),이온모터스,시티라이트Ⅱ,4861,0,4861,2023년도 전기자동차 홍천군 모델별 보조금,2023,홍천군
승합(대형),이온모터스,시티라이트9,4990,0,4990,2023년도 전기자동차 홍천군 모델별 보조금,2023,홍천군
승합(대형),한차,GREENWAY1100,5394,0,5394,2023년도 전기자동차 홍천군 모델별 보조금,2023,홍천군
승합(대형),한차,GREENWAY1100A,6258,0,6258,2023년도 전기자동차 홍천군 모델별 보조금,2023,홍천군
승합(대형),이엠코리아,에픽시티(LFP),4990,0,4990,2023년도 전기자동차 홍천군 모델별 보조금,2023,홍천군
승합(대형),태영티엔티,GD11,2857,0,2857,2023년도 전기자동차 홍천군 모델별 보조금,2023,홍천군
승합(대형),재일홀딩스,그린타운400,3846,0,3846,2023년도 전기자동차 홍천군 모델별 보조금,2023,홍천군
승합(대형),아이버스,아이버스어린이운송차,5727,0,5727,2023년도 전기자동차 홍천군 모델별 보조금,2023,홍천군
승합(중형),현대자동차,(단종)카운티 일렉트릭(어린이운송용 33인승 V2),4052,2593,6645,2023년도 전기자동차 횡성군 모델별 보조금,2023,횡성군
승합(중형),현대자동차,카운티 일렉트릭,4834,3093,7927,2023년도 전기자동차 횡성군 모델별 보조금,2023,횡성군
승합(중형),현대자동차,카운티 일렉트릭(마을버스),5000,3200,8200,2023년도 전기자동차 횡성군 모델별 보조금,2023,횡성군
승합(중형),이비온,"E6(JL618S), 어린이통학",2362,1511,3873,2023년도 전기자동차 횡성군 모델별 보조금,2023,횡성군
승합(중형),GS글로벌,NEW BYD eBus-7,2894,1852,4746,2023년도 전기자동차 횡성군 모델별 보조금,2023,횡성군
승합(중형),비바모빌리티,(단종)브이버스60,3211,2055,5266,2023년도 전기자동차 횡성군 모델별 보조금,2023,횡성군
승합(중형),케이지모빌리티커머셜,SMART 8.7,4308,2757,7065,2023년도 전기자동차 횡성군 모델별 보조금,2023,횡성군
승합(중형),한차,GREENWAY720,4530,2899,7429,2023년도 전기자동차 횡성군 모델별 보조금,2023,횡성군
승합(중형),테라팩토리,테라밴키즈,1911,1223,3134,2023년도 전기자동차 횡성군 모델별 보조금,2023,횡성군
승합(중형),테라팩토리,테라밴키즈11,1902,1217,3119,2023년도 전기자동차 횡성군 모델별 보조금,2023,횡성군
승합(중형),테라팩토리,테라밴,1889,1208,3097,2023년도 전기자동차 횡성군 모델별 보조금,2023,횡성군
승합(중형),테라팩토리,"테라밴키즈(2022), 어린이운송용14명",2151,1376,3527,2023년도 전기자동차 횡성군 모델별 보조금,2023,횡성군
승합(중형),테라팩토리,"테라밴키즈11(2022), 어린이운송용11명",2142,1370,3512,2023년도 전기자동차 횡성군 모델별 보조금,2023,횡성군
승합(중형),테라팩토리,테라밴,2129,1362,3491,2023년도 전기자동차 횡성군 모델별 보조금,2023,횡성군
승합(중형),중원자동차,EV J1,5000,3200,8200,2023년도 전기자동차 횡성군 모델별 보조금,2023,횡성군
승합(대형),현대자동차,일렉시티 이층버스,11900,0,11900,2023년도 전기자동차 횡성군 모델별 보조금,2023,횡성군
승합(대형),현대자동차,일렉시티(3PACK),6887,0,6887,2023년도 전기자동차 횡성군 모델별 보조금,2023,횡성군
승합(대형),현대자동차,일렉시티(4PACK V1),7000,0,7000,2023년도 전기자동차 횡성군 모델별 보조금,2023,횡성군
승합(대형),현대자동차,일렉시티(4PACK V2),7000,0,7000,2023년도 전기자동차 횡성군 모델별 보조금,2023,횡성군
승합(대형),현대자동차,일렉시티 타운,6725,0,6725,2023년도 전기자동차 횡성군 모델별 보조금,2023,횡성군
승합(대형),케이지모빌리티커머셜,SMART 9.3,4990,0,4990,2023년도 전기자동차 횡성군 모델별 보조금,2023,횡성군
승합(대형),케이지모빌리티커머셜,SMART 110(272kWh),5660,0,5660,2023년도 전기자동차 횡성군 모델별 보조금,2023,횡성군
승합(대형),케이지모빌리티커머셜,SMART 110E(347kWh),6330,0,6330,2023년도 전기자동차 횡성군 모델별 보조금,2023,횡성군
승합(대형),케이지모빌리티커머셜,SMART 110(260kWh),5955,0,5955,2023년도 전기자동차 횡성군 모델별 보조금,2023,횡성군
승합(대형),케이지모빌리티커머셜,SMART 110E(260kWh),6277,0,6277,2023년도 전기자동차 횡성군 모델별 보조금,2023,횡성군
승합(대형),우진산전,아폴로900전기버스,4420,0,4420,2023년도 전기자동차 횡성군 모델별 보조금,2023,횡성군
승합(대형),우진산전,아폴로1100전기버스 22MY,7000,0,7000,2023년도 전기자동차 횡성군 모델별 보조금,2023,횡성군
승합(대형),우진산전,아폴로1100전기버스 23MY,7000,0,7000,2023년도 전기자동차 횡성군 모델별 보조금,2023,횡성군
승합(대형),피라인모터스,HYPERS(H),5137,0,5137,2023년도 전기자동차 횡성군 모델별 보조금,2023,횡성군
승합(대형),피라인모터스,HYPERS1611,5111,0,5111,2023년도 전기자동차 횡성군 모델별 보조금,2023,횡성군
승합(대형),피라인모터스,HYPERS1609,5143,0,5143,2023년도 전기자동차 횡성군 모델별 보조금,2023,횡성군
승합(대형),피라인모터스,HYPERS1612,3893,0,3893,2023년도 전기자동차 횡성군 모델별 보조금,2023,횡성군
승합(대형),피라인모터스,HYPERS1609H,5572,0,5572,2023년도 전기자동차 횡성군 모델별 보조금,2023,횡성군
승합(대형),피라인모터스,HYPERS1612N,4990,0,4990,2023년도 전기자동차 횡성군 모델별 보조금,2023,횡성군
승합(대형),피라인모터스,HYPERS1609N,6042,0,6042,2023년도 전기자동차 횡성군 모델별 보조금,2023,횡성군
승합(대형),피라인모터스,HYPERS1611N,5620,0,5620,2023년도 전기자동차 횡성군 모델별 보조금,2023,횡성군
승합(대형),피라인모터스,HYPERS1609HN,5993,0,5993,2023년도 전기자동차 횡성군 모델별 보조금,2023,횡성군
승합(대형),비바모빌리티,(단종)브이버스90N,4287,0,4287,2023년도 전기자동차 횡성군 모델별 보조금,2023,횡성군
승합(대형),비바모빌리티,(단종)브이버스120,4690,0,4690,2023년도 전기자동차 횡성군 모델별 보조금,2023,횡성군
승합(대형),비바모빌리티,(단종)브이버스110-B,4246,0,4246,2023년도 전기자동차 횡성군 모델별 보조금,2023,횡성군
승합(대형),범한자동차,E-SKY11(350kWh),4989,0,4989,2023년도 전기자동차 횡성군 모델별 보조금,2023,횡성군
승합(대형),범한자동차,E-SKY9(281kWh),4978,0,4978,2023년도 전기자동차 횡성군 모델별 보조금,2023,횡성군
승합(대형),범한자동차,E-STAR8 V1,4265,0,4265,2023년도 전기자동차 횡성군 모델별 보조금,2023,횡성군
승합(대형),범한자동차,E-STAR11,4990,0,4990,2023년도 전기자동차 횡성군 모델별 보조금,2023,횡성군
승합(대형),범한자동차,E-STAR12i,4990,0,4990,2023년도 전기자동차 횡성군 모델별 보조금,2023,횡성군
승합(대형),에스에이피,아이즘(IZM),4690,0,4690,2023년도 전기자동차 횡성군 모델별 보조금,2023,횡성군
승합(대형),에스에이피,엘페(ELFE),4388,0,4388,2023년도 전기자동차 횡성군 모델별 보조금,2023,횡성군
승합(대형),에스에이피,리오네(LIONNE),4690,0,4690,2023년도 전기자동차 횡성군 모델별 보조금,2023,횡성군
승합(대형),GS글로벌,NEW BYD eBus-12,4990,0,4990,2023년도 전기자동차 횡성군 모델별 보조금,2023,횡성군
승합(대형),티에스에코에너지,일레누스(TS1100-2),6810,0,6810,2023년도 전기자동차 횡성군 모델별 보조금,2023,횡성군
승합(대형),티에스에코에너지,일레누스(TS900),6451,0,6451,2023년도 전기자동차 횡성군 모델별 보조금,2023,횡성군
승합(대형),이온모터스,시티라이트Ⅱ,4861,0,4861,2023년도 전기자동차 횡성군 모델별 보조금,2023,횡성군
승합(대형),이온모터스,시티라이트9,4990,0,4990,2023년도 전기자동차 횡성군 모델별 보조금,2023,횡성군
승합(대형),한차,GREENWAY1100,5394,0,5394,2023년도 전기자동차 횡성군 모델별 보조금,2023,횡성군
승합(대형),한차,GREENWAY1100A,6258,0,6258,2023년도 전기자동차 횡성군 모델별 보조금,2023,횡성군
승합(대형),이엠코리아,에픽시티(LFP),4990,0,4990,2023년도 전기자동차 횡성군 모델별 보조금,2023,횡성군
승합(대형),태영티엔티,GD11,2857,0,2857,2023년도 전기자동차 횡성군 모델별 보조금,2023,횡성군
승합(대형),재일홀딩스,그린타운400,3846,0,3846,2023년도 전기자동차 횡성군 모델별 보조금,2023,횡성군
승합(대형),아이버스,아이버스어린이운송차,5727,0,5727,2023년도 전기자동차 횡성군 모델별 보조금,2023,횡성군
승합(중형),현대자동차,(단종)카운티 일렉트릭(어린이운송용 33인승 V2),4052,3200,7252,2023년도 전기자동차 영월군 모델별 보조금,2023,영월군
승합(중형),현대자동차,카운티 일렉트릭,4834,3200,8034,2023년도 전기자동차 영월군 모델별 보조금,2023,영월군
승합(중형),현대자동차,카운티 일렉트릭(마을버스),5000,3200,8200,2023년도 전기자동차 영월군 모델별 보조금,2023,영월군
승합(중형),이비온,"E6(JL618S), 어린이통학",2362,3200,5562,2023년도 전기자동차 영월군 모델별 보조금,2023,영월군
승합(중형),GS글로벌,NEW BYD eBus-7,2894,3200,6094,2023년도 전기자동차 영월군 모델별 보조금,2023,영월군
승합(중형),비바모빌리티,(단종)브이버스60,3211,3200,6411,2023년도 전기자동차 영월군 모델별 보조금,2023,영월군
승합(중형),케이지모빌리티커머셜,SMART 8.7,4308,3200,7508,2023년도 전기자동차 영월군 모델별 보조금,2023,영월군
승합(중형),한차,GREENWAY720,4530,3200,7730,2023년도 전기자동차 영월군 모델별 보조금,2023,영월군
승합(중형),현대자동차,(단종)카운티 일렉트릭(어린이운송용 33인승 V2),4052,3200,7252,2023년도 전기자동차 평창군 모델별 보조금,2023,평창군
승합(중형),현대자동차,카운티 일렉트릭,4834,3200,8034,2023년도 전기자동차 평창군 모델별 보조금,2023,평창군
승합(중형),현대자동차,카운티 일렉트릭(마을버스),5000,3200,8200,2023년도 전기자동차 평창군 모델별 보조금,2023,평창군
승합(중형),이비온,"E6(JL618S), 어린이통학",2362,3200,5562,2023년도 전기자동차 평창군 모델별 보조금,2023,평창군
승합(중형),GS글로벌,NEW BYD eBus-7,2894,3200,6094,2023년도 전기자동차 평창군 모델별 보조금,2023,평창군
승합(중형),비바모빌리티,(단종)브이버스60,3211,3200,6411,2023년도 전기자동차 평창군 모델별 보조금,2023,평창군
승합(중형),케이지모빌리티커머셜,SMART 8.7,4308,3200,7508,2023년도 전기자동차 평창군 모델별 보조금,2023,평창군
승합(중형),한차,GREENWAY720,4530,3200,7730,2023년도 전기자동차 평창군 모델별 보조금,2023,평창군
승합(중형),테라팩토리,테라밴키즈,1911,3200,5111,2023년도 전기자동차 평창군 모델별 보조금,2023,평창군
승합(중형),테라팩토리,테라밴키즈11,1902,3200,5102,2023년도 전기자동차 평창군 모델별 보조금,2023,평창군
승합(중형),테라팩토리,테라밴,1889,3200,5089,2023년도 전기자동차 평창군 모델별 보조금,2023,평창군
승합(중형),중원자동차,EV J1,5000,3200,8200,2023년도 전기자동차 평창군 모델별 보조금,2023,평창군
승합(대형),현대자동차,일렉시티 이층버스,11900,5600,17500,2023년도 전기자동차 평창군 모델별 보조금,2023,평창군
승합(대형),현대자동차,일렉시티(3PACK),6887,5600,12487,2023년도 전기자동차 평창군 모델별 보조금,2023,평창군
승합(대형),현대자동차,일렉시티(4PACK V1),7000,5600,12600,2023년도 전기자동차 평창군 모델별 보조금,2023,평창군
승합(대형),현대자동차,일렉시티(4PACK V2),7000,5600,12600,2023년도 전기자동차 평창군 모델별 보조금,2023,평창군
승합(대형),현대자동차,일렉시티 타운,6725,5600,12325,2023년도 전기자동차 평창군 모델별 보조금,2023,평창군
승합(대형),케이지모빌리티커머셜,SMART 9.3,4990,5600,10590,2023년도 전기자동차 평창군 모델별 보조금,2023,평창군
승합(대형),케이지모빌리티커머셜,SMART 110E(347kWh),6330,5600,11930,2023년도 전기자동차 평창군 모델별 보조금,2023,평창군
승합(대형),케이지모빌리티커머셜,SMART 110(260kWh),5955,5600,11555,2023년도 전기자동차 평창군 모델별 보조금,2023,평창군
승합(대형),케이지모빌리티커머셜,SMART 110E(260kWh),6277,5600,11877,2023년도 전기자동차 평창군 모델별 보조금,2023,평창군
승합(대형),우진산전,아폴로900전기버스,4420,5600,10020,2023년도 전기자동차 평창군 모델별 보조금,2023,평창군
승합(대형),우진산전,아폴로1100전기버스 22MY,7000,5600,12600,2023년도 전기자동차 평창군 모델별 보조금,2023,평창군
승합(대형),우진산전,아폴로1100전기버스 23MY,7000,0,7000,2023년도 전기자동차 평창군 모델별 보조금,2023,평창군
승합(대형),피라인모터스,HYPERS(H),5137,5600,10737,2023년도 전기자동차 평창군 모델별 보조금,2023,평창군
승합(대형),피라인모터스,HYPERS1611,5111,5600,10711,2023년도 전기자동차 평창군 모델별 보조금,2023,평창군
승합(대형),피라인모터스,HYPERS1609,5143,5600,10743,2023년도 전기자동차 평창군 모델별 보조금,2023,평창군
승합(대형),피라인모터스,HYPERS1612,3893,5600,9493,2023년도 전기자동차 평창군 모델별 보조금,2023,평창군
승합(대형),피라인모터스,HYPERS1609H,5572,5600,11172,2023년도 전기자동차 평창군 모델별 보조금,2023,평창군
승합(대형),피라인모터스,HYPERS1612N,4990,5600,10590,2023년도 전기자동차 평창군 모델별 보조금,2023,평창군
승합(대형),피라인모터스,HYPERS1609N,6042,5600,11642,2023년도 전기자동차 평창군 모델별 보조금,2023,평창군
승합(대형),피라인모터스,HYPERS1611N,5620,5600,11220,2023년도 전기자동차 평창군 모델별 보조금,2023,평창군
승합(대형),피라인모터스,HYPERS1609HN,5993,5600,11593,2023년도 전기자동차 평창군 모델별 보조금,2023,평창군
승합(대형),비바모빌리티,(단종)브이버스90N,4287,5600,9887,2023년도 전기자동차 평창군 모델별 보조금,2023,평창군
승합(대형),비바모빌리티,(단종)브이버스120,4690,5600,10290,2023년도 전기자동차 평창군 모델별 보조금,2023,평창군
승합(대형),비바모빌리티,(단종)브이버스110-B,4246,5600,9846,2023년도 전기자동차 평창군 모델별 보조금,2023,평창군
승합(대형),범한자동차,E-SKY11(350kWh),4989,5600,10589,2023년도 전기자동차 평창군 모델별 보조금,2023,평창군
승합(대형),범한자동차,E-SKY9(281kWh),4978,5600,10578,2023년도 전기자동차 평창군 모델별 보조금,2023,평창군
승합(대형),범한자동차,E-STAR8 V1,4265,5600,9865,2023년도 전기자동차 평창군 모델별 보조금,2023,평창군
승합(대형),범한자동차,E-STAR11,4990,5600,10590,2023년도 전기자동차 평창군 모델별 보조금,2023,평창군
승합(대형),범한자동차,E-STAR12i,4990,5600,10590,2023년도 전기자동차 평창군 모델별 보조금,2023,평창군
승합(대형),에스에이피,아이즘(IZM),4690,5600,10290,2023년도 전기자동차 평창군 모델별 보조금,2023,평창군
승합(대형),에스에이피,엘페(ELFE),4388,5600,9988,2023년도 전기자동차 평창군 모델별 보조금,2023,평창군
승합(대형),에스에이피,리오네(LIONNE),4690,5600,10290,2023년도 전기자동차 평창군 모델별 보조금,2023,평창군
승합(대형),GS글로벌,NEW BYD eBus-12,4990,5600,10590,2023년도 전기자동차 평창군 모델별 보조금,2023,평창군
승합(대형),티에스에코에너지,일레누스(TS1100-2),6810,5600,12410,2023년도 전기자동차 평창군 모델별 보조금,2023,평창군
승합(대형),티에스에코에너지,일레누스(TS900),6451,5600,12051,2023년도 전기자동차 평창군 모델별 보조금,2023,평창군
승합(대형),이온모터스,시티라이트Ⅱ,4861,5600,10461,2023년도 전기자동차 평창군 모델별 보조금,2023,평창군
승합(대형),이온모터스,시티라이트9,4990,5600,10590,2023년도 전기자동차 평창군 모델별 보조금,2023,평창군
승합(대형),한차,GREENWAY1100,5394,5600,10994,2023년도 전기자동차 평창군 모델별 보조금,2023,평창군
승합(대형),한차,GREENWAY1100A,6258,5600,11858,2023년도 전기자동차 평창군 모델별 보조금,2023,평창군
승합(대형),이엠코리아,에픽시티(LFP),4990,5600,10590,2023년도 전기자동차 평창군 모델별 보조금,2023,평창군
승합(대형),태영티엔티,GD11,2857,5600,8457,2023년도 전기자동차 평창군 모델별 보조금,2023,평창군
승합(대형),재일홀딩스,그린타운400,3846,0,3846,2023년도 전기자동차 평창군 모델별 보조금,2023,평창군
승합(대형),아이버스,아이버스어린이운송차,5727,5600,11327,2023년도 전기자동차 평창군 모델별 보조금,2023,평창군
승합(중형),현대자동차,(단종)카운티 일렉트릭(어린이운송용 33인승 V2),4052,2593,6645,2023년도 전기자동차 정선군 모델별 보조금,2023,정선군
승합(중형),현대자동차,카운티 일렉트릭,4834,3093,7927,2023년도 전기자동차 정선군 모델별 보조금,2023,정선군
승합(중형),현대자동차,카운티 일렉트릭(마을버스),5000,3200,8200,2023년도 전기자동차 정선군 모델별 보조금,2023,정선군
승합(중형),이비온,"E6(JL618S), 어린이통학",2362,1511,3873,2023년도 전기자동차 정선군 모델별 보조금,2023,정선군
승합(중형),GS글로벌,NEW BYD eBus-7,2894,1852,4746,2023년도 전기자동차 정선군 모델별 보조금,2023,정선군
승합(중형),비바모빌리티,(단종)브이버스60,3211,2055,5266,2023년도 전기자동차 정선군 모델별 보조금,2023,정선군
승합(중형),케이지모빌리티커머셜,SMART 8.7,4308,2757,7065,2023년도 전기자동차 정선군 모델별 보조금,2023,정선군
승합(중형),한차,GREENWAY720,4530,2899,7429,2023년도 전기자동차 정선군 모델별 보조금,2023,정선군
승합(중형),테라팩토리,테라밴키즈,1911,0,1911,2023년도 전기자동차 정선군 모델별 보조금,2023,정선군
승합(중형),테라팩토리,테라밴키즈11,1902,0,1902,2023년도 전기자동차 정선군 모델별 보조금,2023,정선군
승합(중형),테라팩토리,테라밴,1889,0,1889,2023년도 전기자동차 정선군 모델별 보조금,2023,정선군
승합(중형),테라팩토리,"테라밴키즈(2022), 어린이운송용14명",2151,0,2151,2023년도 전기자동차 정선군 모델별 보조금,2023,정선군
승합(중형),테라팩토리,"테라밴키즈11(2022), 어린이운송용11명",2142,0,2142,2023년도 전기자동차 정선군 모델별 보조금,2023,정선군
승합(중형),테라팩토리,테라밴,2129,0,2129,2023년도 전기자동차 정선군 모델별 보조금,2023,정선군
승합(중형),중원자동차,EV J1,5000,3200,8200,2023년도 전기자동차 정선군 모델별 보조금,2023,정선군
승합(대형),현대자동차,일렉시티 이층버스,11900,0,11900,2023년도 전기자동차 정선군 모델별 보조금,2023,정선군
승합(대형),현대자동차,일렉시티(3PACK),6887,0,6887,2023년도 전기자동차 정선군 모델별 보조금,2023,정선군
승합(대형),현대자동차,일렉시티(4PACK V1),7000,0,7000,2023년도 전기자동차 정선군 모델별 보조금,2023,정선군
승합(대형),현대자동차,일렉시티(4PACK V2),7000,0,7000,2023년도 전기자동차 정선군 모델별 보조금,2023,정선군
승합(대형),현대자동차,일렉시티 타운,6725,0,6725,2023년도 전기자동차 정선군 모델별 보조금,2023,정선군
승합(대형),케이지모빌리티커머셜,SMART 9.3,4990,0,4990,2023년도 전기자동차 정선군 모델별 보조금,2023,정선군
승합(대형),케이지모빌리티커머셜,SMART 110(272kWh),5660,0,5660,2023년도 전기자동차 정선군 모델별 보조금,2023,정선군
승합(대형),케이지모빌리티커머셜,SMART 110E(347kWh),6330,0,6330,2023년도 전기자동차 정선군 모델별 보조금,2023,정선군
승합(대형),케이지모빌리티커머셜,SMART 110(260kWh),5955,0,5955,2023년도 전기자동차 정선군 모델별 보조금,2023,정선군
승합(대형),케이지모빌리티커머셜,SMART 110E(260kWh),6277,0,6277,2023년도 전기자동차 정선군 모델별 보조금,2023,정선군
승합(대형),우진산전,아폴로900전기버스,4420,0,4420,2023년도 전기자동차 정선군 모델별 보조금,2023,정선군
승합(대형),우진산전,아폴로1100전기버스 22MY,7000,0,7000,2023년도 전기자동차 정선군 모델별 보조금,2023,정선군
승합(대형),우진산전,아폴로1100전기버스 23MY,7000,0,7000,2023년도 전기자동차 정선군 모델별 보조금,2023,정선군
승합(대형),피라인모터스,HYPERS(H),5137,0,5137,2023년도 전기자동차 정선군 모델별 보조금,2023,정선군
승합(대형),피라인모터스,HYPERS1611,5111,0,5111,2023년도 전기자동차 정선군 모델별 보조금,2023,정선군
승합(대형),피라인모터스,HYPERS1609,5143,0,5143,2023년도 전기자동차 정선군 모델별 보조금,2023,정선군
승합(대형),피라인모터스,HYPERS1612,3893,0,3893,2023년도 전기자동차 정선군 모델별 보조금,2023,정선군
승합(대형),피라인모터스,HYPERS1609H,5572,0,5572,2023년도 전기자동차 정선군 모델별 보조금,2023,정선군
승합(대형),피라인모터스,HYPERS1612N,4990,0,4990,2023년도 전기자동차 정선군 모델별 보조금,2023,정선군
승합(대형),피라인모터스,HYPERS1609N,6042,0,6042,2023년도 전기자동차 정선군 모델별 보조금,2023,정선군
승합(대형),피라인모터스,HYPERS1611N,5620,0,5620,2023년도 전기자동차 정선군 모델별 보조금,2023,정선군
승합(대형),피라인모터스,HYPERS1609HN,5993,0,5993,2023년도 전기자동차 정선군 모델별 보조금,2023,정선군
승합(대형),비바모빌리티,(단종)브이버스90N,4287,0,4287,2023년도 전기자동차 정선군 모델별 보조금,2023,정선군
승합(대형),비바모빌리티,(단종)브이버스120,4690,0,4690,2023년도 전기자동차 정선군 모델별 보조금,2023,정선군
승합(대형),비바모빌리티,(단종)브이버스110-B,4246,0,4246,2023년도 전기자동차 정선군 모델별 보조금,2023,정선군
승합(대형),범한자동차,E-SKY11(350kWh),4989,0,4989,2023년도 전기자동차 정선군 모델별 보조금,2023,정선군
승합(대형),범한자동차,E-SKY9(281kWh),4978,0,4978,2023년도 전기자동차 정선군 모델별 보조금,2023,정선군
승합(대형),범한자동차,E-STAR8 V1,4265,0,4265,2023년도 전기자동차 정선군 모델별 보조금,2023,정선군
승합(대형),범한자동차,E-STAR11,4990,0,4990,2023년도 전기자동차 정선군 모델별 보조금,2023,정선군
승합(대형),범한자동차,E-STAR12i,4990,0,4990,2023년도 전기자동차 정선군 모델별 보조금,2023,정선군
승합(대형),에스에이피,아이즘(IZM),4690,0,4690,2023년도 전기자동차 정선군 모델별 보조금,2023,정선군
승합(대형),에스에이피,엘페(ELFE),4388,0,4388,2023년도 전기자동차 정선군 모델별 보조금,2023,정선군
승합(대형),에스에이피,리오네(LIONNE),4690,0,4690,2023년도 전기자동차 정선군 모델별 보조금,2023,정선군
승합(대형),GS글로벌,NEW BYD eBus-12,4990,0,4990,2023년도 전기자동차 정선군 모델별 보조금,2023,정선군
승합(대형),티에스에코에너지,일레누스(TS1100-2),6810,0,6810,2023년도 전기자동차 정선군 모델별 보조금,2023,정선군
승합(대형),티에스에코에너지,일레누스(TS900),6451,0,6451,2023년도 전기자동차 정선군 모델별 보조금,2023,정선군
승합(대형),이온모터스,시티라이트Ⅱ,4861,0,4861,2023년도 전기자동차 정선군 모델별 보조금,2023,정선군
승합(대형),이온모터스,시티라이트9,4990,0,4990,2023년도 전기자동차 정선군 모델별 보조금,2023,정선군
승합(대형),한차,GREENWAY1100,5394,0,5394,2023년도 전기자동차 정선군 모델별 보조금,2023,정선군
승합(대형),한차,GREENWAY1100A,6258,0,6258,2023년도 전기자동차 정선군 모델별 보조금,2023,정선군
승합(대형),이엠코리아,에픽시티(LFP),4990,0,4990,2023년도 전기자동차 정선군 모델별 보조금,2023,정선군
승합(대형),태영티엔티,GD11,2857,0,2857,2023년도 전기자동차 정선군 모델별 보조금,2023,정선군
승합(대형),재일홀딩스,그린타운400,3846,0,3846,2023년도 전기자동차 정선군 모델별 보조금,2023,정선군
승합(대형),아이버스,아이버스어린이운송차,5727,0,5727,2023년도 전기자동차 정선군 모델별 보조금,2023,정선군
승합(중형),현대자동차,(단종)카운티 일렉트릭(어린이운송용 33인승 V2),4052,3200,7252,2023년도 전기자동차 철원군 모델별 보조금,2023,철원군
승합(중형),현대자동차,카운티 일렉트릭,4834,3200,8034,2023년도 전기자동차 철원군 모델별 보조금,2023,철원군
승합(중형),현대자동차,카운티 일렉트릭(마을버스),5000,3200,8200,2023년도 전기자동차 철원군 모델별 보조금,2023,철원군
승합(중형),이비온,"E6(JL618S), 어린이통학",2362,3200,5562,2023년도 전기자동차 철원군 모델별 보조금,2023,철원군
승합(중형),GS글로벌,NEW BYD eBus-7,2894,3200,6094,2023년도 전기자동차 철원군 모델별 보조금,2023,철원군
승합(중형),비바모빌리티,(단종)브이버스60,3211,3200,6411,2023년도 전기자동차 철원군 모델별 보조금,2023,철원군
승합(중형),케이지모빌리티커머셜,SMART 8.7,4308,3200,7508,2023년도 전기자동차 철원군 모델별 보조금,2023,철원군
승합(중형),한차,GREENWAY720,4530,3200,7730,2023년도 전기자동차 철원군 모델별 보조금,2023,철원군
승합(중형),테라팩토리,테라밴키즈,1911,3200,5111,2023년도 전기자동차 철원군 모델별 보조금,2023,철원군
승합(중형),테라팩토리,테라밴키즈11,1902,3200,5102,2023년도 전기자동차 철원군 모델별 보조금,2023,철원군
승합(중형),테라팩토리,테라밴,1889,3200,5089,2023년도 전기자동차 철원군 모델별 보조금,2023,철원군
승합(중형),테라팩토리,"테라밴키즈(2022), 어린이운송용14명",2151,3200,5351,2023년도 전기자동차 철원군 모델별 보조금,2023,철원군
승합(중형),테라팩토리,"테라밴키즈11(2022), 어린이운송용11명",2142,3200,5342,2023년도 전기자동차 철원군 모델별 보조금,2023,철원군
승합(중형),테라팩토리,테라밴,2129,3200,5329,2023년도 전기자동차 철원군 모델별 보조금,2023,철원군
승합(중형),중원자동차,EV J1,5000,3200,8200,2023년도 전기자동차 철원군 모델별 보조금,2023,철원군
승합(대형),현대자동차,일렉시티 이층버스,11900,5600,17500,2023년도 전기자동차 철원군 모델별 보조금,2023,철원군
승합(대형),현대자동차,일렉시티(3PACK),6887,5600,12487,2023년도 전기자동차 철원군 모델별 보조금,2023,철원군
승합(대형),현대자동차,일렉시티(4PACK V1),7000,5600,12600,2023년도 전기자동차 철원군 모델별 보조금,2023,철원군
승합(대형),현대자동차,일렉시티(4PACK V2),7000,5600,12600,2023년도 전기자동차 철원군 모델별 보조금,2023,철원군
승합(대형),현대자동차,일렉시티 타운,6725,5600,12325,2023년도 전기자동차 철원군 모델별 보조금,2023,철원군
승합(대형),케이지모빌리티커머셜,SMART 9.3,4990,5600,10590,2023년도 전기자동차 철원군 모델별 보조금,2023,철원군
승합(대형),케이지모빌리티커머셜,SMART 110(272kWh),5660,0,5660,2023년도 전기자동차 철원군 모델별 보조금,2023,철원군
승합(대형),케이지모빌리티커머셜,SMART 110E(347kWh),6330,5600,11930,2023년도 전기자동차 철원군 모델별 보조금,2023,철원군
승합(대형),케이지모빌리티커머셜,SMART 110(260kWh),5955,5600,11555,2023년도 전기자동차 철원군 모델별 보조금,2023,철원군
승합(대형),케이지모빌리티커머셜,SMART 110E(260kWh),6277,5600,11877,2023년도 전기자동차 철원군 모델별 보조금,2023,철원군
승합(대형),우진산전,아폴로900전기버스,4420,5600,10020,2023년도 전기자동차 철원군 모델별 보조금,2023,철원군
승합(대형),우진산전,아폴로1100전기버스 22MY,7000,5600,12600,2023년도 전기자동차 철원군 모델별 보조금,2023,철원군
승합(대형),우진산전,아폴로1100전기버스 23MY,7000,0,7000,2023년도 전기자동차 철원군 모델별 보조금,2023,철원군
승합(대형),피라인모터스,HYPERS(H),5137,5600,10737,2023년도 전기자동차 철원군 모델별 보조금,2023,철원군
승합(대형),피라인모터스,HYPERS1611,5111,5600,10711,2023년도 전기자동차 철원군 모델별 보조금,2023,철원군
승합(대형),피라인모터스,HYPERS1609,5143,5600,10743,2023년도 전기자동차 철원군 모델별 보조금,2023,철원군
승합(대형),피라인모터스,HYPERS1612,3893,5600,9493,2023년도 전기자동차 철원군 모델별 보조금,2023,철원군
승합(대형),피라인모터스,HYPERS1609H,5572,5600,11172,2023년도 전기자동차 철원군 모델별 보조금,2023,철원군
승합(대형),피라인모터스,HYPERS1612N,4990,5600,10590,2023년도 전기자동차 철원군 모델별 보조금,2023,철원군
승합(대형),피라인모터스,HYPERS1609N,6042,5600,11642,2023년도 전기자동차 철원군 모델별 보조금,2023,철원군
승합(대형),피라인모터스,HYPERS1611N,5620,5600,11220,2023년도 전기자동차 철원군 모델별 보조금,2023,철원군
승합(대형),피라인모터스,HYPERS1609HN,5993,5600,11593,2023년도 전기자동차 철원군 모델별 보조금,2023,철원군
승합(대형),비바모빌리티,(단종)브이버스90N,4287,5600,9887,2023년도 전기자동차 철원군 모델별 보조금,2023,철원군
승합(대형),비바모빌리티,(단종)브이버스120,4690,5600,10290,2023년도 전기자동차 철원군 모델별 보조금,2023,철원군
승합(대형),비바모빌리티,(단종)브이버스110-B,4246,5600,9846,2023년도 전기자동차 철원군 모델별 보조금,2023,철원군
승합(대형),범한자동차,E-SKY11(350kWh),4989,5600,10589,2023년도 전기자동차 철원군 모델별 보조금,2023,철원군
승합(대형),범한자동차,E-SKY9(281kWh),4978,5600,10578,2023년도 전기자동차 철원군 모델별 보조금,2023,철원군
승합(대형),범한자동차,E-STAR8 V1,4265,5600,9865,2023년도 전기자동차 철원군 모델별 보조금,2023,철원군
승합(대형),범한자동차,E-STAR11,4990,5600,10590,2023년도 전기자동차 철원군 모델별 보조금,2023,철원군
승합(대형),범한자동차,E-STAR12i,4990,5600,10590,2023년도 전기자동차 철원군 모델별 보조금,2023,철원군
승합(대형),에스에이피,아이즘(IZM),4690,5600,10290,2023년도 전기자동차 철원군 모델별 보조금,2023,철원군
승합(대형),에스에이피,엘페(ELFE),4388,5600,9988,2023년도 전기자동차 철원군 모델별 보조금,2023,철원군
승합(대형),에스에이피,리오네(LIONNE),4690,5600,10290,2023년도 전기자동차 철원군 모델별 보조금,2023,철원군
승합(대형),GS글로벌,NEW BYD eBus-12,4990,5600,10590,2023년도 전기자동차 철원군 모델별 보조금,2023,철원군
승합(대형),티에스에코에너지,일레누스(TS1100-2),6810,5600,12410,2023년도 전기자동차 철원군 모델별 보조금,2023,철원군
승합(대형),티에스에코에너지,일레누스(TS900),6451,5600,12051,2023년도 전기자동차 철원군 모델별 보조금,2023,철원군
승합(대형),이온모터스,시티라이트Ⅱ,4861,5600,10461,2023년도 전기자동차 철원군 모델별 보조금,2023,철원군
승합(대형),이온모터스,시티라이트9,4990,5600,10590,2023년도 전기자동차 철원군 모델별 보조금,2023,철원군
승합(대형),한차,GREENWAY1100,5394,5600,10994,2023년도 전기자동차 철원군 모델별 보조금,2023,철원군
승합(대형),한차,GREENWAY1100A,6258,5600,11858,2023년도 전기자동차 철원군 모델별 보조금,2023,철원군
승합(대형),이엠코리아,에픽시티(LFP),4990,5600,10590,2023년도 전기자동차 철원군 모델별 보조금,2023,철원군
승합(대형),태영티엔티,GD11,2857,5600,8457,2023년도 전기자동차 철원군 모델별 보조금,2023,철원군
승합(대형),재일홀딩스,그린타운400,3846,0,3846,2023년도 전기자동차 철원군 모델별 보조금,2023,철원군
승합(대형),아이버스,아이버스어린이운송차,5727,5600,11327,2023년도 전기자동차 철원군 모델별 보조금,2023,철원군
모델별 지방비 자료가 없습니다.,모델별 지방비 자료가 없습니다.,모델별 지방비 자료가 없습니다.,모델별 지방비 자료가 없습니다.,모델별 지방비 자료가 없습니다.,모델별 지방비 자료가 없습니다.,2023년도 전기자동차 화천군 모델별 보조금,2023,화천군
승합(중형),현대자동차,(단종)카운티 일렉트릭(어린이운송용 33인승 V2),4052,3200,7252,2023년도 전기자동차 양구군 모델별 보조금,2023,양구군
승합(중형),현대자동차,카운티 일렉트릭,4834,3200,8034,2023년도 전기자동차 양구군 모델별 보조금,2023,양구군
승합(중형),현대자동차,카운티 일렉트릭(마을버스),5000,3200,8200,2023년도 전기자동차 양구군 모델별 보조금,2023,양구군
승합(중형),이비온,"E6(JL618S), 어린이통학",2362,3200,5562,2023년도 전기자동차 양구군 모델별 보조금,2023,양구군
승합(중형),GS글로벌,NEW BYD eBus-7,2894,3200,6094,2023년도 전기자동차 양구군 모델별 보조금,2023,양구군
승합(중형),비바모빌리티,(단종)브이버스60,3211,3200,6411,2023년도 전기자동차 양구군 모델별 보조금,2023,양구군
승합(중형),케이지모빌리티커머셜,SMART 8.7,4308,3200,7508,2023년도 전기자동차 양구군 모델별 보조금,2023,양구군
승합(중형),한차,GREENWAY720,4530,3200,7730,2023년도 전기자동차 양구군 모델별 보조금,2023,양구군
승합(중형),테라팩토리,테라밴키즈,1911,3200,5111,2023년도 전기자동차 양구군 모델별 보조금,2023,양구군
승합(중형),테라팩토리,테라밴키즈11,1902,3200,5102,2023년도 전기자동차 양구군 모델별 보조금,2023,양구군
승합(중형),테라팩토리,테라밴,1889,3200,5089,2023년도 전기자동차 양구군 모델별 보조금,2023,양구군
승합(중형),테라팩토리,"테라밴키즈(2022), 어린이운송용14명",2151,3200,5351,2023년도 전기자동차 양구군 모델별 보조금,2023,양구군
승합(중형),테라팩토리,"테라밴키즈11(2022), 어린이운송용11명",2142,3200,5342,2023년도 전기자동차 양구군 모델별 보조금,2023,양구군
승합(중형),테라팩토리,테라밴,2129,3200,5329,2023년도 전기자동차 양구군 모델별 보조금,2023,양구군
승합(중형),중원자동차,EV J1,5000,3200,8200,2023년도 전기자동차 양구군 모델별 보조금,2023,양구군
승합(대형),현대자동차,일렉시티 이층버스,11900,0,11900,2023년도 전기자동차 양구군 모델별 보조금,2023,양구군
승합(대형),현대자동차,일렉시티(3PACK),6887,0,6887,2023년도 전기자동차 양구군 모델별 보조금,2023,양구군
승합(대형),현대자동차,일렉시티(4PACK V1),7000,0,7000,2023년도 전기자동차 양구군 모델별 보조금,2023,양구군
승합(대형),현대자동차,일렉시티(4PACK V2),7000,0,7000,2023년도 전기자동차 양구군 모델별 보조금,2023,양구군
승합(대형),현대자동차,일렉시티 타운,6725,0,6725,2023년도 전기자동차 양구군 모델별 보조금,2023,양구군
승합(대형),케이지모빌리티커머셜,SMART 9.3,4990,0,4990,2023년도 전기자동차 양구군 모델별 보조금,2023,양구군
승합(대형),케이지모빌리티커머셜,SMART 110(272kWh),5660,0,5660,2023년도 전기자동차 양구군 모델별 보조금,2023,양구군
승합(대형),케이지모빌리티커머셜,SMART 110E(347kWh),6330,0,6330,2023년도 전기자동차 양구군 모델별 보조금,2023,양구군
승합(대형),케이지모빌리티커머셜,SMART 110(260kWh),5955,0,5955,2023년도 전기자동차 양구군 모델별 보조금,2023,양구군
승합(대형),케이지모빌리티커머셜,SMART 110E(260kWh),6277,0,6277,2023년도 전기자동차 양구군 모델별 보조금,2023,양구군
승합(대형),우진산전,아폴로900전기버스,4420,0,4420,2023년도 전기자동차 양구군 모델별 보조금,2023,양구군
승합(대형),우진산전,아폴로1100전기버스 22MY,7000,0,7000,2023년도 전기자동차 양구군 모델별 보조금,2023,양구군
승합(대형),우진산전,아폴로1100전기버스 23MY,7000,0,7000,2023년도 전기자동차 양구군 모델별 보조금,2023,양구군
승합(대형),피라인모터스,HYPERS(H),5137,0,5137,2023년도 전기자동차 양구군 모델별 보조금,2023,양구군
승합(대형),피라인모터스,HYPERS1611,5111,0,5111,2023년도 전기자동차 양구군 모델별 보조금,2023,양구군
승합(대형),피라인모터스,HYPERS1609,5143,0,5143,2023년도 전기자동차 양구군 모델별 보조금,2023,양구군
승합(대형),피라인모터스,HYPERS1612,3893,0,3893,2023년도 전기자동차 양구군 모델별 보조금,2023,양구군
승합(대형),피라인모터스,HYPERS1609H,5572,0,5572,2023년도 전기자동차 양구군 모델별 보조금,2023,양구군
승합(대형),피라인모터스,HYPERS1612N,4990,0,4990,2023년도 전기자동차 양구군 모델별 보조금,2023,양구군
승합(대형),피라인모터스,HYPERS1609N,6042,0,6042,2023년도 전기자동차 양구군 모델별 보조금,2023,양구군
승합(대형),피라인모터스,HYPERS1611N,5620,0,5620,2023년도 전기자동차 양구군 모델별 보조금,2023,양구군
승합(대형),피라인모터스,HYPERS1609HN,5993,0,5993,2023년도 전기자동차 양구군 모델별 보조금,2023,양구군
승합(대형),비바모빌리티,(단종)브이버스90N,4287,0,4287,2023년도 전기자동차 양구군 모델별 보조금,2023,양구군
승합(대형),비바모빌리티,(단종)브이버스120,4690,0,4690,2023년도 전기자동차 양구군 모델별 보조금,2023,양구군
승합(대형),비바모빌리티,(단종)브이버스110-B,4246,0,4246,2023년도 전기자동차 양구군 모델별 보조금,2023,양구군
승합(대형),범한자동차,E-SKY11(350kWh),4989,0,4989,2023년도 전기자동차 양구군 모델별 보조금,2023,양구군
승합(대형),범한자동차,E-SKY9(281kWh),4978,0,4978,2023년도 전기자동차 양구군 모델별 보조금,2023,양구군
승합(대형),범한자동차,E-STAR8 V1,4265,0,4265,2023년도 전기자동차 양구군 모델별 보조금,2023,양구군
승합(대형),범한자동차,E-STAR11,4990,0,4990,2023년도 전기자동차 양구군 모델별 보조금,2023,양구군
승합(대형),범한자동차,E-STAR12i,4990,0,4990,2023년도 전기자동차 양구군 모델별 보조금,2023,양구군
승합(대형),에스에이피,아이즘(IZM),4690,0,4690,2023년도 전기자동차 양구군 모델별 보조금,2023,양구군
승합(대형),에스에이피,엘페(ELFE),4388,0,4388,2023년도 전기자동차 양구군 모델별 보조금,2023,양구군
승합(대형),에스에이피,리오네(LIONNE),4690,0,4690,2023년도 전기자동차 양구군 모델별 보조금,2023,양구군
승합(대형),GS글로벌,NEW BYD eBus-12,4990,0,4990,2023년도 전기자동차 양구군 모델별 보조금,2023,양구군
승합(대형),티에스에코에너지,일레누스(TS1100-2),6810,0,6810,2023년도 전기자동차 양구군 모델별 보조금,2023,양구군
승합(대형),티에스에코에너지,일레누스(TS900),6451,0,6451,2023년도 전기자동차 양구군 모델별 보조금,2023,양구군
승합(대형),이온모터스,시티라이트Ⅱ,4861,0,4861,2023년도 전기자동차 양구군 모델별 보조금,2023,양구군
승합(대형),이온모터스,시티라이트9,4990,0,4990,2023년도 전기자동차 양구군 모델별 보조금,2023,양구군
승합(대형),한차,GREENWAY1100,5394,0,5394,2023년도 전기자동차 양구군 모델별 보조금,2023,양구군
승합(대형),한차,GREENWAY1100A,6258,0,6258,2023년도 전기자동차 양구군 모델별 보조금,2023,양구군
승합(대형),이엠코리아,에픽시티(LFP),4990,0,4990,2023년도 전기자동차 양구군 모델별 보조금,2023,양구군
승합(대형),태영티엔티,GD11,2857,0,2857,2023년도 전기자동차 양구군 모델별 보조금,2023,양구군
승합(대형),재일홀딩스,그린타운400,3846,0,3846,2023년도 전기자동차 양구군 모델별 보조금,2023,양구군
승합(대형),아이버스,아이버스어린이운송차,5727,0,5727,2023년도 전기자동차 양구군 모델별 보조금,2023,양구군
승합(중형),현대자동차,(단종)카운티 일렉트릭(어린이운송용 33인승 V2),4052,2592,6644,2023년도 전기자동차 인제군 모델별 보조금,2023,인제군
승합(중형),현대자동차,카운티 일렉트릭,4834,3093,7927,2023년도 전기자동차 인제군 모델별 보조금,2023,인제군
승합(중형),현대자동차,카운티 일렉트릭(마을버스),5000,3200,8200,2023년도 전기자동차 인제군 모델별 보조금,2023,인제군
승합(중형),이비온,"E6(JL618S), 어린이통학",2362,1511,3873,2023년도 전기자동차 인제군 모델별 보조금,2023,인제군
승합(중형),GS글로벌,NEW BYD eBus-7,2894,1851,4745,2023년도 전기자동차 인제군 모델별 보조금,2023,인제군
승합(중형),비바모빌리티,(단종)브이버스60,3211,2054,5265,2023년도 전기자동차 인제군 모델별 보조금,2023,인제군
승합(중형),케이지모빌리티커머셜,SMART 8.7,4308,2756,7064,2023년도 전기자동차 인제군 모델별 보조금,2023,인제군
승합(중형),한차,GREENWAY720,4530,2898,7428,2023년도 전기자동차 인제군 모델별 보조금,2023,인제군
승합(중형),테라팩토리,테라밴키즈,1911,0,1911,2023년도 전기자동차 인제군 모델별 보조금,2023,인제군
승합(중형),테라팩토리,테라밴키즈11,1902,0,1902,2023년도 전기자동차 인제군 모델별 보조금,2023,인제군
승합(중형),테라팩토리,테라밴,1889,0,1889,2023년도 전기자동차 인제군 모델별 보조금,2023,인제군
승합(중형),테라팩토리,"테라밴키즈(2022), 어린이운송용14명",2151,1375,3526,2023년도 전기자동차 인제군 모델별 보조금,2023,인제군
승합(중형),테라팩토리,"테라밴키즈11(2022), 어린이운송용11명",2142,1370,3512,2023년도 전기자동차 인제군 모델별 보조금,2023,인제군
승합(중형),테라팩토리,테라밴,2129,1361,3490,2023년도 전기자동차 인제군 모델별 보조금,2023,인제군
승합(중형),중원자동차,EV J1,5000,3200,8200,2023년도 전기자동차 인제군 모델별 보조금,2023,인제군
승합(대형),현대자동차,일렉시티 이층버스,11900,5600,17500,2023년도 전기자동차 인제군 모델별 보조금,2023,인제군
승합(대형),현대자동차,일렉시티(3PACK),6887,5508,12395,2023년도 전기자동차 인제군 모델별 보조금,2023,인제군
승합(대형),현대자동차,일렉시티(4PACK V1),7000,5600,12600,2023년도 전기자동차 인제군 모델별 보조금,2023,인제군
승합(대형),현대자동차,일렉시티(4PACK V2),7000,5600,12600,2023년도 전기자동차 인제군 모델별 보조금,2023,인제군
승합(대형),현대자동차,일렉시티 타운,6725,5380,12105,2023년도 전기자동차 인제군 모델별 보조금,2023,인제군
승합(대형),케이지모빌리티커머셜,SMART 9.3,4990,3991,8981,2023년도 전기자동차 인제군 모델별 보조금,2023,인제군
승합(대형),케이지모빌리티커머셜,SMART 110(272kWh),5660,4527,10187,2023년도 전기자동차 인제군 모델별 보조금,2023,인제군
승합(대형),케이지모빌리티커머셜,SMART 110E(347kWh),6330,5063,11393,2023년도 전기자동차 인제군 모델별 보조금,2023,인제군
승합(대형),케이지모빌리티커머셜,SMART 110(260kWh),5955,4763,10718,2023년도 전기자동차 인제군 모델별 보조금,2023,인제군
승합(대형),케이지모빌리티커머셜,SMART 110E(260kWh),6277,5021,11298,2023년도 전기자동차 인제군 모델별 보조금,2023,인제군
승합(대형),우진산전,아폴로900전기버스,4420,3535,7955,2023년도 전기자동차 인제군 모델별 보조금,2023,인제군
승합(대형),우진산전,아폴로1100전기버스 22MY,7000,5600,12600,2023년도 전기자동차 인제군 모델별 보조금,2023,인제군
승합(대형),우진산전,아폴로1100전기버스 23MY,7000,5600,12600,2023년도 전기자동차 인제군 모델별 보조금,2023,인제군
승합(대형),피라인모터스,HYPERS(H),5137,4108,9245,2023년도 전기자동차 인제군 모델별 보조금,2023,인제군
승합(대형),피라인모터스,HYPERS1611,5111,4088,9199,2023년도 전기자동차 인제군 모델별 보조금,2023,인제군
승합(대형),피라인모터스,HYPERS1609,5143,4114,9257,2023년도 전기자동차 인제군 모델별 보조금,2023,인제군
승합(대형),피라인모터스,HYPERS1612,3893,3114,7007,2023년도 전기자동차 인제군 모델별 보조금,2023,인제군
승합(대형),피라인모터스,HYPERS1609H,5572,4457,10029,2023년도 전기자동차 인제군 모델별 보조금,2023,인제군
승합(대형),피라인모터스,HYPERS1612N,4990,3991,8981,2023년도 전기자동차 인제군 모델별 보조금,2023,인제군
승합(대형),피라인모터스,HYPERS1609N,6042,4833,10875,2023년도 전기자동차 인제군 모델별 보조금,2023,인제군
승합(대형),피라인모터스,HYPERS1611N,5620,4495,10115,2023년도 전기자동차 인제군 모델별 보조금,2023,인제군
승합(대형),피라인모터스,HYPERS1609HN,5993,4794,10787,2023년도 전기자동차 인제군 모델별 보조금,2023,인제군
승합(대형),비바모빌리티,(단종)브이버스90N,4287,3428,7715,2023년도 전기자동차 인제군 모델별 보조금,2023,인제군
승합(대형),비바모빌리티,(단종)브이버스120,4690,3751,8441,2023년도 전기자동차 인제군 모델별 보조금,2023,인제군
승합(대형),비바모빌리티,(단종)브이버스110-B,4246,3396,7642,2023년도 전기자동차 인제군 모델별 보조금,2023,인제군
승합(대형),범한자동차,E-SKY11(350kWh),4989,3990,8979,2023년도 전기자동차 인제군 모델별 보조금,2023,인제군
승합(대형),범한자동차,E-SKY9(281kWh),4978,3981,8959,2023년도 전기자동차 인제군 모델별 보조금,2023,인제군
승합(대형),범한자동차,E-STAR8 V1,4265,3411,7676,2023년도 전기자동차 인제군 모델별 보조금,2023,인제군
승합(대형),범한자동차,E-STAR11,4990,3991,8981,2023년도 전기자동차 인제군 모델별 보조금,2023,인제군
승합(대형),범한자동차,E-STAR12i,4990,3991,8981,2023년도 전기자동차 인제군 모델별 보조금,2023,인제군
승합(대형),에스에이피,아이즘(IZM),4690,3751,8441,2023년도 전기자동차 인제군 모델별 보조금,2023,인제군
승합(대형),에스에이피,엘페(ELFE),4388,3510,7898,2023년도 전기자동차 인제군 모델별 보조금,2023,인제군
승합(대형),에스에이피,리오네(LIONNE),4690,3751,8441,2023년도 전기자동차 인제군 모델별 보조금,2023,인제군
승합(대형),GS글로벌,NEW BYD eBus-12,4990,3991,8981,2023년도 전기자동차 인제군 모델별 보조금,2023,인제군
승합(대형),티에스에코에너지,일레누스(TS1100-2),6810,5447,12257,2023년도 전기자동차 인제군 모델별 보조금,2023,인제군
승합(대형),티에스에코에너지,일레누스(TS900),6451,5160,11611,2023년도 전기자동차 인제군 모델별 보조금,2023,인제군
승합(대형),이온모터스,시티라이트Ⅱ,4861,3888,8749,2023년도 전기자동차 인제군 모델별 보조금,2023,인제군
승합(대형),이온모터스,시티라이트9,4990,3991,8981,2023년도 전기자동차 인제군 모델별 보조금,2023,인제군
승합(대형),한차,GREENWAY1100,5394,4314,9708,2023년도 전기자동차 인제군 모델별 보조금,2023,인제군
승합(대형),한차,GREENWAY1100A,6258,5005,11263,2023년도 전기자동차 인제군 모델별 보조금,2023,인제군
승합(대형),이엠코리아,에픽시티(LFP),4990,3991,8981,2023년도 전기자동차 인제군 모델별 보조금,2023,인제군
승합(대형),태영티엔티,GD11,2857,2284,5141,2023년도 전기자동차 인제군 모델별 보조금,2023,인제군
승합(대형),재일홀딩스,그린타운400,3846,3076,6922,2023년도 전기자동차 인제군 모델별 보조금,2023,인제군
승합(대형),아이버스,아이버스어린이운송차,5727,4581,10308,2023년도 전기자동차 인제군 모델별 보조금,2023,인제군
모델별 지방비 자료가 없습니다.,모델별 지방비 자료가 없습니다.,모델별 지방비 자료가 없습니다.,모델별 지방비 자료가 없습니다.,모델별 지방비 자료가 없습니다.,모델별 지방비 자료가 없습니다.,2023년도 전기자동차 고성군 모델별 보조금,2023,고성군
모델별 지방비 자료가 없습니다.,모델별 지방비 자료가 없습니다.,모델별 지방비 자료가 없습니다.,모델별 지방비 자료가 없습니다.,모델별 지방비 자료가 없습니다.,모델별 지방비 자료가 없습니다.,2023년도 전기자동차 양양군 모델별 보조금,2023,양양군
승합(중형),현대자동차,(단종)카운티 일렉트릭(어린이운송용 33인승 V2),4052,4052,8104,2023년도 전기자동차 청주시 모델별 보조금,2023,청주시
승합(중형),현대자동차,카운티 일렉트릭,4834,4834,9668,2023년도 전기자동차 청주시 모델별 보조금,2023,청주시
승합(중형),현대자동차,카운티 일렉트릭(마을버스),5000,5000,10000,2023년도 전기자동차 청주시 모델별 보조금,2023,청주시
승합(중형),이비온,"E6(JL618S), 어린이통학",2362,2362,4724,2023년도 전기자동차 청주시 모델별 보조금,2023,청주시
승합(중형),GS글로벌,NEW BYD eBus-7,2894,2894,5788,2023년도 전기자동차 청주시 모델별 보조금,2023,청주시
승합(중형),비바모빌리티,(단종)브이버스60,3211,3211,6422,2023년도 전기자동차 청주시 모델별 보조금,2023,청주시
승합(중형),케이지모빌리티커머셜,SMART 8.7,4308,4308,8616,2023년도 전기자동차 청주시 모델별 보조금,2023,청주시
승합(중형),한차,GREENWAY720,4530,4530,9060,2023년도 전기자동차 청주시 모델별 보조금,2023,청주시
승합(중형),테라팩토리,테라밴키즈,1911,1911,3822,2023년도 전기자동차 청주시 모델별 보조금,2023,청주시
승합(중형),테라팩토리,테라밴키즈11,1902,1902,3804,2023년도 전기자동차 청주시 모델별 보조금,2023,청주시
승합(중형),테라팩토리,테라밴,1889,1889,3778,2023년도 전기자동차 청주시 모델별 보조금,2023,청주시
승합(중형),테라팩토리,"테라밴키즈(2022), 어린이운송용14명",2151,2151,4302,2023년도 전기자동차 청주시 모델별 보조금,2023,청주시
승합(중형),테라팩토리,"테라밴키즈11(2022), 어린이운송용11명",2142,2142,4284,2023년도 전기자동차 청주시 모델별 보조금,2023,청주시
승합(중형),테라팩토리,테라밴,2129,2129,4258,2023년도 전기자동차 청주시 모델별 보조금,2023,청주시
승합(중형),중원자동차,EV J1,5000,5000,10000,2023년도 전기자동차 청주시 모델별 보조금,2023,청주시
승합(대형),현대자동차,일렉시티 이층버스,11900,0,11900,2023년도 전기자동차 청주시 모델별 보조금,2023,청주시
승합(대형),현대자동차,일렉시티(3PACK),6887,0,6887,2023년도 전기자동차 청주시 모델별 보조금,2023,청주시
승합(대형),현대자동차,일렉시티(4PACK V1),7000,0,7000,2023년도 전기자동차 청주시 모델별 보조금,2023,청주시
승합(대형),현대자동차,일렉시티(4PACK V2),7000,0,7000,2023년도 전기자동차 청주시 모델별 보조금,2023,청주시
승합(대형),현대자동차,일렉시티 타운,6725,0,6725,2023년도 전기자동차 청주시 모델별 보조금,2023,청주시
승합(대형),케이지모빌리티커머셜,SMART 9.3,4990,0,4990,2023년도 전기자동차 청주시 모델별 보조금,2023,청주시
승합(대형),케이지모빌리티커머셜,SMART 110(272kWh),5660,0,5660,2023년도 전기자동차 청주시 모델별 보조금,2023,청주시
승합(대형),케이지모빌리티커머셜,SMART 110E(347kWh),6330,0,6330,2023년도 전기자동차 청주시 모델별 보조금,2023,청주시
승합(대형),케이지모빌리티커머셜,SMART 110(260kWh),5955,0,5955,2023년도 전기자동차 청주시 모델별 보조금,2023,청주시
승합(대형),케이지모빌리티커머셜,SMART 110E(260kWh),6277,0,6277,2023년도 전기자동차 청주시 모델별 보조금,2023,청주시
승합(대형),우진산전,아폴로900전기버스,4420,0,4420,2023년도 전기자동차 청주시 모델별 보조금,2023,청주시
승합(대형),우진산전,아폴로1100전기버스 22MY,7000,0,7000,2023년도 전기자동차 청주시 모델별 보조금,2023,청주시
승합(대형),우진산전,아폴로1100전기버스 23MY,7000,0,7000,2023년도 전기자동차 청주시 모델별 보조금,2023,청주시
승합(대형),피라인모터스,HYPERS(H),5137,0,5137,2023년도 전기자동차 청주시 모델별 보조금,2023,청주시
승합(대형),피라인모터스,HYPERS1611,5111,0,5111,2023년도 전기자동차 청주시 모델별 보조금,2023,청주시
승합(대형),피라인모터스,HYPERS1609,5143,0,5143,2023년도 전기자동차 청주시 모델별 보조금,2023,청주시
승합(대형),피라인모터스,HYPERS1612,3893,0,3893,2023년도 전기자동차 청주시 모델별 보조금,2023,청주시
승합(대형),피라인모터스,HYPERS1609H,5572,0,5572,2023년도 전기자동차 청주시 모델별 보조금,2023,청주시
승합(대형),피라인모터스,HYPERS1612N,4990,0,4990,2023년도 전기자동차 청주시 모델별 보조금,2023,청주시
승합(대형),피라인모터스,HYPERS1609N,6042,0,6042,2023년도 전기자동차 청주시 모델별 보조금,2023,청주시
승합(대형),피라인모터스,HYPERS1611N,5620,0,5620,2023년도 전기자동차 청주시 모델별 보조금,2023,청주시
승합(대형),피라인모터스,HYPERS1609HN,5993,0,5993,2023년도 전기자동차 청주시 모델별 보조금,2023,청주시
승합(대형),비바모빌리티,(단종)브이버스90N,4287,0,4287,2023년도 전기자동차 청주시 모델별 보조금,2023,청주시
승합(대형),비바모빌리티,(단종)브이버스120,4690,0,4690,2023년도 전기자동차 청주시 모델별 보조금,2023,청주시
승합(대형),비바모빌리티,(단종)브이버스110-B,4246,0,4246,2023년도 전기자동차 청주시 모델별 보조금,2023,청주시
승합(대형),범한자동차,E-SKY11(350kWh),4989,0,4989,2023년도 전기자동차 청주시 모델별 보조금,2023,청주시
승합(대형),범한자동차,E-SKY9(281kWh),4978,0,4978,2023년도 전기자동차 청주시 모델별 보조금,2023,청주시
승합(대형),범한자동차,E-STAR8 V1,4265,0,4265,2023년도 전기자동차 청주시 모델별 보조금,2023,청주시
승합(대형),범한자동차,E-STAR11,4990,0,4990,2023년도 전기자동차 청주시 모델별 보조금,2023,청주시
승합(대형),범한자동차,E-STAR12i,4990,0,4990,2023년도 전기자동차 청주시 모델별 보조금,2023,청주시
승합(대형),에스에이피,아이즘(IZM),4690,0,4690,2023년도 전기자동차 청주시 모델별 보조금,2023,청주시
승합(대형),에스에이피,엘페(ELFE),4388,0,4388,2023년도 전기자동차 청주시 모델별 보조금,2023,청주시
승합(대형),에스에이피,리오네(LIONNE),4690,0,4690,2023년도 전기자동차 청주시 모델별 보조금,2023,청주시
승합(대형),GS글로벌,NEW BYD eBus-12,4990,0,4990,2023년도 전기자동차 청주시 모델별 보조금,2023,청주시
승합(대형),티에스에코에너지,일레누스(TS1100-2),6810,0,6810,2023년도 전기자동차 청주시 모델별 보조금,2023,청주시
승합(대형),티에스에코에너지,일레누스(TS900),6451,0,6451,2023년도 전기자동차 청주시 모델별 보조금,2023,청주시
승합(대형),이온모터스,시티라이트Ⅱ,4861,0,4861,2023년도 전기자동차 청주시 모델별 보조금,2023,청주시
승합(대형),이온모터스,시티라이트9,4990,0,4990,2023년도 전기자동차 청주시 모델별 보조금,2023,청주시
승합(대형),한차,GREENWAY1100,5394,0,5394,2023년도 전기자동차 청주시 모델별 보조금,2023,청주시
승합(대형),한차,GREENWAY1100A,6258,0,6258,2023년도 전기자동차 청주시 모델별 보조금,2023,청주시
승합(대형),이엠코리아,에픽시티(LFP),4990,0,4990,2023년도 전기자동차 청주시 모델별 보조금,2023,청주시
승합(대형),태영티엔티,GD11,2857,0,2857,2023년도 전기자동차 청주시 모델별 보조금,2023,청주시
승합(대형),재일홀딩스,그린타운400,3846,0,3846,2023년도 전기자동차 청주시 모델별 보조금,2023,청주시
승합(대형),아이버스,아이버스어린이운송차,5727,0,5727,2023년도 전기자동차 청주시 모델별 보조금,2023,청주시
승합(중형),현대자동차,(단종)카운티 일렉트릭(어린이운송용 33인승 V2),4052,4052,8104,2023년도 전기자동차 충주시 모델별 보조금,2023,충주시
승합(중형),현대자동차,카운티 일렉트릭,4834,4834,9668,2023년도 전기자동차 충주시 모델별 보조금,2023,충주시
승합(중형),현대자동차,카운티 일렉트릭(마을버스),5000,5000,10000,2023년도 전기자동차 충주시 모델별 보조금,2023,충주시
승합(중형),이비온,"E6(JL618S), 어린이통학",2362,2362,4724,2023년도 전기자동차 충주시 모델별 보조금,2023,충주시
승합(중형),GS글로벌,NEW BYD eBus-7,2894,2894,5788,2023년도 전기자동차 충주시 모델별 보조금,2023,충주시
승합(중형),비바모빌리티,(단종)브이버스60,3211,3211,6422,2023년도 전기자동차 충주시 모델별 보조금,2023,충주시
승합(중형),케이지모빌리티커머셜,SMART 8.7,4308,4308,8616,2023년도 전기자동차 충주시 모델별 보조금,2023,충주시
승합(중형),한차,GREENWAY720,4530,4530,9060,2023년도 전기자동차 충주시 모델별 보조금,2023,충주시
승합(중형),테라팩토리,테라밴키즈,1911,1911,3822,2023년도 전기자동차 충주시 모델별 보조금,2023,충주시
승합(중형),테라팩토리,테라밴키즈11,1902,1902,3804,2023년도 전기자동차 충주시 모델별 보조금,2023,충주시
승합(중형),테라팩토리,테라밴,1889,1889,3778,2023년도 전기자동차 충주시 모델별 보조금,2023,충주시
승합(중형),테라팩토리,"테라밴키즈(2022), 어린이운송용14명",2151,2151,4302,2023년도 전기자동차 충주시 모델별 보조금,2023,충주시
승합(중형),테라팩토리,"테라밴키즈11(2022), 어린이운송용11명",2142,2142,4284,2023년도 전기자동차 충주시 모델별 보조금,2023,충주시
승합(중형),테라팩토리,테라밴,2129,2129,4258,2023년도 전기자동차 충주시 모델별 보조금,2023,충주시
승합(중형),중원자동차,EV J1,5000,0,5000,2023년도 전기자동차 충주시 모델별 보조금,2023,충주시
승합(대형),현대자동차,일렉시티 이층버스,11900,0,11900,2023년도 전기자동차 충주시 모델별 보조금,2023,충주시
승합(대형),현대자동차,일렉시티(3PACK),6887,0,6887,2023년도 전기자동차 충주시 모델별 보조금,2023,충주시
승합(대형),현대자동차,일렉시티(4PACK V1),7000,0,7000,2023년도 전기자동차 충주시 모델별 보조금,2023,충주시
승합(대형),현대자동차,일렉시티(4PACK V2),7000,0,7000,2023년도 전기자동차 충주시 모델별 보조금,2023,충주시
승합(대형),현대자동차,일렉시티 타운,6725,0,6725,2023년도 전기자동차 충주시 모델별 보조금,2023,충주시
승합(대형),케이지모빌리티커머셜,SMART 9.3,4990,0,4990,2023년도 전기자동차 충주시 모델별 보조금,2023,충주시
승합(대형),케이지모빌리티커머셜,SMART 110(272kWh),5660,0,5660,2023년도 전기자동차 충주시 모델별 보조금,2023,충주시
승합(대형),케이지모빌리티커머셜,SMART 110E(347kWh),6330,0,6330,2023년도 전기자동차 충주시 모델별 보조금,2023,충주시
승합(대형),케이지모빌리티커머셜,SMART 110(260kWh),5955,0,5955,2023년도 전기자동차 충주시 모델별 보조금,2023,충주시
승합(대형),케이지모빌리티커머셜,SMART 110E(260kWh),6277,0,6277,2023년도 전기자동차 충주시 모델별 보조금,2023,충주시
승합(대형),우진산전,아폴로900전기버스,4420,0,4420,2023년도 전기자동차 충주시 모델별 보조금,2023,충주시
승합(대형),우진산전,아폴로1100전기버스 22MY,7000,0,7000,2023년도 전기자동차 충주시 모델별 보조금,2023,충주시
승합(대형),우진산전,아폴로1100전기버스 23MY,7000,0,7000,2023년도 전기자동차 충주시 모델별 보조금,2023,충주시
승합(대형),피라인모터스,HYPERS(H),5137,0,5137,2023년도 전기자동차 충주시 모델별 보조금,2023,충주시
승합(대형),피라인모터스,HYPERS1611,5111,0,5111,2023년도 전기자동차 충주시 모델별 보조금,2023,충주시
승합(대형),피라인모터스,HYPERS1609,5143,0,5143,2023년도 전기자동차 충주시 모델별 보조금,2023,충주시
승합(대형),피라인모터스,HYPERS1612,3893,0,3893,2023년도 전기자동차 충주시 모델별 보조금,2023,충주시
승합(대형),피라인모터스,HYPERS1609H,5572,0,5572,2023년도 전기자동차 충주시 모델별 보조금,2023,충주시
승합(대형),피라인모터스,HYPERS1612N,4990,0,4990,2023년도 전기자동차 충주시 모델별 보조금,2023,충주시
승합(대형),피라인모터스,HYPERS1609N,6042,0,6042,2023년도 전기자동차 충주시 모델별 보조금,2023,충주시
승합(대형),피라인모터스,HYPERS1611N,5620,0,5620,2023년도 전기자동차 충주시 모델별 보조금,2023,충주시
승합(대형),피라인모터스,HYPERS1609HN,5993,0,5993,2023년도 전기자동차 충주시 모델별 보조금,2023,충주시
승합(대형),비바모빌리티,(단종)브이버스90N,4287,0,4287,2023년도 전기자동차 충주시 모델별 보조금,2023,충주시
승합(대형),비바모빌리티,(단종)브이버스120,4690,0,4690,2023년도 전기자동차 충주시 모델별 보조금,2023,충주시
승합(대형),비바모빌리티,(단종)브이버스110-B,4246,0,4246,2023년도 전기자동차 충주시 모델별 보조금,2023,충주시
승합(대형),범한자동차,E-SKY11(350kWh),4989,0,4989,2023년도 전기자동차 충주시 모델별 보조금,2023,충주시
승합(대형),범한자동차,E-SKY9(281kWh),4978,0,4978,2023년도 전기자동차 충주시 모델별 보조금,2023,충주시
승합(대형),범한자동차,E-STAR8 V1,4265,0,4265,2023년도 전기자동차 충주시 모델별 보조금,2023,충주시
승합(대형),범한자동차,E-STAR11,4990,0,4990,2023년도 전기자동차 충주시 모델별 보조금,2023,충주시
승합(대형),범한자동차,E-STAR12i,4990,0,4990,2023년도 전기자동차 충주시 모델별 보조금,2023,충주시
승합(대형),에스에이피,아이즘(IZM),4690,0,4690,2023년도 전기자동차 충주시 모델별 보조금,2023,충주시
승합(대형),에스에이피,엘페(ELFE),4388,0,4388,2023년도 전기자동차 충주시 모델별 보조금,2023,충주시
승합(대형),에스에이피,리오네(LIONNE),4690,0,4690,2023년도 전기자동차 충주시 모델별 보조금,2023,충주시
승합(대형),GS글로벌,NEW BYD eBus-12,4990,0,4990,2023년도 전기자동차 충주시 모델별 보조금,2023,충주시
승합(대형),티에스에코에너지,일레누스(TS1100-2),6810,0,6810,2023년도 전기자동차 충주시 모델별 보조금,2023,충주시
승합(대형),티에스에코에너지,일레누스(TS900),6451,0,6451,2023년도 전기자동차 충주시 모델별 보조금,2023,충주시
승합(대형),이온모터스,시티라이트Ⅱ,4861,0,4861,2023년도 전기자동차 충주시 모델별 보조금,2023,충주시
승합(대형),이온모터스,시티라이트9,4990,0,4990,2023년도 전기자동차 충주시 모델별 보조금,2023,충주시
승합(대형),한차,GREENWAY1100,5394,0,5394,2023년도 전기자동차 충주시 모델별 보조금,2023,충주시
승합(대형),한차,GREENWAY1100A,6258,0,6258,2023년도 전기자동차 충주시 모델별 보조금,2023,충주시
승합(대형),이엠코리아,에픽시티(LFP),4990,0,4990,2023년도 전기자동차 충주시 모델별 보조금,2023,충주시
승합(대형),태영티엔티,GD11,2857,0,2857,2023년도 전기자동차 충주시 모델별 보조금,2023,충주시
승합(대형),재일홀딩스,그린타운400,3846,0,3846,2023년도 전기자동차 충주시 모델별 보조금,2023,충주시
승합(대형),아이버스,아이버스어린이운송차,5727,0,5727,2023년도 전기자동차 충주시 모델별 보조금,2023,충주시
승합(중형),현대자동차,(단종)카운티 일렉트릭(어린이운송용 33인승 V2),4052,4052,8104,2023년도 전기자동차 제천시 모델별 보조금,2023,제천시
승합(중형),현대자동차,카운티 일렉트릭,4834,4834,9668,2023년도 전기자동차 제천시 모델별 보조금,2023,제천시
승합(중형),현대자동차,카운티 일렉트릭(마을버스),5000,5000,10000,2023년도 전기자동차 제천시 모델별 보조금,2023,제천시
승합(중형),이비온,"E6(JL618S), 어린이통학",2362,2362,4724,2023년도 전기자동차 제천시 모델별 보조금,2023,제천시
승합(중형),GS글로벌,NEW BYD eBus-7,2894,2894,5788,2023년도 전기자동차 제천시 모델별 보조금,2023,제천시
승합(중형),비바모빌리티,(단종)브이버스60,3211,3211,6422,2023년도 전기자동차 제천시 모델별 보조금,2023,제천시
승합(중형),케이지모빌리티커머셜,SMART 8.7,4308,4308,8616,2023년도 전기자동차 제천시 모델별 보조금,2023,제천시
승합(중형),한차,GREENWAY720,4530,4530,9060,2023년도 전기자동차 제천시 모델별 보조금,2023,제천시
승합(중형),테라팩토리,테라밴키즈,1911,0,1911,2023년도 전기자동차 제천시 모델별 보조금,2023,제천시
승합(중형),테라팩토리,테라밴키즈11,1902,0,1902,2023년도 전기자동차 제천시 모델별 보조금,2023,제천시
승합(중형),테라팩토리,테라밴,1889,0,1889,2023년도 전기자동차 제천시 모델별 보조금,2023,제천시
승합(중형),테라팩토리,"테라밴키즈(2022), 어린이운송용14명",2151,2151,4302,2023년도 전기자동차 제천시 모델별 보조금,2023,제천시
승합(중형),테라팩토리,"테라밴키즈11(2022), 어린이운송용11명",2142,2142,4284,2023년도 전기자동차 제천시 모델별 보조금,2023,제천시
승합(중형),테라팩토리,테라밴,2129,2129,4258,2023년도 전기자동차 제천시 모델별 보조금,2023,제천시
승합(중형),중원자동차,EV J1,5000,5000,10000,2023년도 전기자동차 제천시 모델별 보조금,2023,제천시
승합(대형),현대자동차,일렉시티 이층버스,11900,11900,23800,2023년도 전기자동차 제천시 모델별 보조금,2023,제천시
승합(대형),현대자동차,일렉시티(3PACK),6887,6887,13774,2023년도 전기자동차 제천시 모델별 보조금,2023,제천시
승합(대형),현대자동차,일렉시티(4PACK V1),7000,7000,14000,2023년도 전기자동차 제천시 모델별 보조금,2023,제천시
승합(대형),현대자동차,일렉시티(4PACK V2),7000,7000,14000,2023년도 전기자동차 제천시 모델별 보조금,2023,제천시
승합(대형),현대자동차,일렉시티 타운,6725,6725,13450,2023년도 전기자동차 제천시 모델별 보조금,2023,제천시
승합(대형),케이지모빌리티커머셜,SMART 9.3,4990,4990,9980,2023년도 전기자동차 제천시 모델별 보조금,2023,제천시
승합(대형),케이지모빌리티커머셜,SMART 110(272kWh),5660,5660,11320,2023년도 전기자동차 제천시 모델별 보조금,2023,제천시
승합(대형),케이지모빌리티커머셜,SMART 110E(347kWh),6330,6330,12660,2023년도 전기자동차 제천시 모델별 보조금,2023,제천시
승합(대형),케이지모빌리티커머셜,SMART 110(260kWh),5955,5955,11910,2023년도 전기자동차 제천시 모델별 보조금,2023,제천시
승합(대형),케이지모빌리티커머셜,SMART 110E(260kWh),6277,6277,12554,2023년도 전기자동차 제천시 모델별 보조금,2023,제천시
승합(대형),우진산전,아폴로900전기버스,4420,4420,8840,2023년도 전기자동차 제천시 모델별 보조금,2023,제천시
승합(대형),우진산전,아폴로1100전기버스 22MY,7000,7000,14000,2023년도 전기자동차 제천시 모델별 보조금,2023,제천시
승합(대형),우진산전,아폴로1100전기버스 23MY,7000,7000,14000,2023년도 전기자동차 제천시 모델별 보조금,2023,제천시
승합(대형),피라인모터스,HYPERS(H),5137,5137,10274,2023년도 전기자동차 제천시 모델별 보조금,2023,제천시
승합(대형),피라인모터스,HYPERS1611,5111,5111,10222,2023년도 전기자동차 제천시 모델별 보조금,2023,제천시
승합(대형),피라인모터스,HYPERS1609,5143,5143,10286,2023년도 전기자동차 제천시 모델별 보조금,2023,제천시
승합(대형),피라인모터스,HYPERS1612,3893,3893,7786,2023년도 전기자동차 제천시 모델별 보조금,2023,제천시
승합(대형),피라인모터스,HYPERS1609H,5572,5572,11144,2023년도 전기자동차 제천시 모델별 보조금,2023,제천시
승합(대형),피라인모터스,HYPERS1612N,4990,4990,9980,2023년도 전기자동차 제천시 모델별 보조금,2023,제천시
승합(대형),피라인모터스,HYPERS1609N,6042,6042,12084,2023년도 전기자동차 제천시 모델별 보조금,2023,제천시
승합(대형),피라인모터스,HYPERS1611N,5620,5620,11240,2023년도 전기자동차 제천시 모델별 보조금,2023,제천시
승합(대형),피라인모터스,HYPERS1609HN,5993,5993,11986,2023년도 전기자동차 제천시 모델별 보조금,2023,제천시
승합(대형),비바모빌리티,(단종)브이버스90N,4287,4287,8574,2023년도 전기자동차 제천시 모델별 보조금,2023,제천시
승합(대형),비바모빌리티,(단종)브이버스120,4690,4690,9380,2023년도 전기자동차 제천시 모델별 보조금,2023,제천시
승합(대형),비바모빌리티,(단종)브이버스110-B,4246,4246,8492,2023년도 전기자동차 제천시 모델별 보조금,2023,제천시
승합(대형),범한자동차,E-SKY11(350kWh),4989,4989,9978,2023년도 전기자동차 제천시 모델별 보조금,2023,제천시
승합(대형),범한자동차,E-SKY9(281kWh),4978,4978,9956,2023년도 전기자동차 제천시 모델별 보조금,2023,제천시
승합(대형),범한자동차,E-STAR8 V1,4265,4265,8530,2023년도 전기자동차 제천시 모델별 보조금,2023,제천시
승합(대형),범한자동차,E-STAR11,4990,4990,9980,2023년도 전기자동차 제천시 모델별 보조금,2023,제천시
승합(대형),범한자동차,E-STAR12i,4990,4990,9980,2023년도 전기자동차 제천시 모델별 보조금,2023,제천시
승합(대형),에스에이피,아이즘(IZM),4690,4690,9380,2023년도 전기자동차 제천시 모델별 보조금,2023,제천시
승합(대형),에스에이피,엘페(ELFE),4388,4388,8776,2023년도 전기자동차 제천시 모델별 보조금,2023,제천시
승합(대형),에스에이피,리오네(LIONNE),4690,4690,9380,2023년도 전기자동차 제천시 모델별 보조금,2023,제천시
승합(대형),GS글로벌,NEW BYD eBus-12,4990,4990,9980,2023년도 전기자동차 제천시 모델별 보조금,2023,제천시
승합(대형),티에스에코에너지,일레누스(TS1100-2),6810,6810,13620,2023년도 전기자동차 제천시 모델별 보조금,2023,제천시
승합(대형),티에스에코에너지,일레누스(TS900),6451,6451,12902,2023년도 전기자동차 제천시 모델별 보조금,2023,제천시
승합(대형),이온모터스,시티라이트Ⅱ,4861,4861,9722,2023년도 전기자동차 제천시 모델별 보조금,2023,제천시
승합(대형),이온모터스,시티라이트9,4990,4990,9980,2023년도 전기자동차 제천시 모델별 보조금,2023,제천시
승합(대형),한차,GREENWAY1100,5394,5394,10788,2023년도 전기자동차 제천시 모델별 보조금,2023,제천시
승합(대형),한차,GREENWAY1100A,6258,6258,12516,2023년도 전기자동차 제천시 모델별 보조금,2023,제천시
승합(대형),이엠코리아,에픽시티(LFP),4990,4990,9980,2023년도 전기자동차 제천시 모델별 보조금,2023,제천시
승합(대형),태영티엔티,GD11,2857,2857,5714,2023년도 전기자동차 제천시 모델별 보조금,2023,제천시
승합(대형),재일홀딩스,그린타운400,3846,3846,7692,2023년도 전기자동차 제천시 모델별 보조금,2023,제천시
승합(대형),아이버스,아이버스어린이운송차,5727,5727,11454,2023년도 전기자동차 제천시 모델별 보조금,2023,제천시
모델별 지방비 자료가 없습니다.,모델별 지방비 자료가 없습니다.,모델별 지방비 자료가 없습니다.,모델별 지방비 자료가 없습니다.,모델별 지방비 자료가 없습니다.,모델별 지방비 자료가 없습니다.,2023년도 전기자동차 보은군 모델별 보조금,2023,보은군
모델별 지방비 자료가 없습니다.,모델별 지방비 자료가 없습니다.,모델별 지방비 자료가 없습니다.,모델별 지방비 자료가 없습니다.,모델별 지방비 자료가 없습니다.,모델별 지방비 자료가 없습니다.,2023년도 전기자동차 옥천군 모델별 보조금,2023,옥천군
모델별 지방비 자료가 없습니다.,모델별 지방비 자료가 없습니다.,모델별 지방비 자료가 없습니다.,모델별 지방비 자료가 없습니다.,모델별 지방비 자료가 없습니다.,모델별 지방비 자료가 없습니다.,2023년도 전기자동차 영동군 모델별 보조금,2023,영동군
모델별 지방비 자료가 없습니다.,모델별 지방비 자료가 없습니다.,모델별 지방비 자료가 없습니다.,모델별 지방비 자료가 없습니다.,모델별 지방비 자료가 없습니다.,모델별 지방비 자료가 없습니다.,2023년도 전기자동차 증평군 모델별 보조금,2023,증평군
모델별 지방비 자료가 없습니다.,모델별 지방비 자료가 없습니다.,모델별 지방비 자료가 없습니다.,모델별 지방비 자료가 없습니다.,모델별 지방비 자료가 없습니다.,모델별 지방비 자료가 없습니다.,2023년도 전기자동차 진천군 모델별 보조금,2023,진천군
승합(중형),현대자동차,(단종)카운티 일렉트릭(어린이운송용 33인승 V2),4052,4052,8104,2023년도 전기자동차 괴산군 모델별 보조금,2023,괴산군
승합(중형),현대자동차,카운티 일렉트릭,4834,4834,9668,2023년도 전기자동차 괴산군 모델별 보조금,2023,괴산군
승합(중형),현대자동차,카운티 일렉트릭(마을버스),5000,5000,10000,2023년도 전기자동차 괴산군 모델별 보조금,2023,괴산군
승합(중형),이비온,"E6(JL618S), 어린이통학",2362,2362,4724,2023년도 전기자동차 괴산군 모델별 보조금,2023,괴산군
승합(중형),GS글로벌,NEW BYD eBus-7,2894,2894,5788,2023년도 전기자동차 괴산군 모델별 보조금,2023,괴산군
승합(중형),비바모빌리티,(단종)브이버스60,3211,3211,6422,2023년도 전기자동차 괴산군 모델별 보조금,2023,괴산군
승합(중형),케이지모빌리티커머셜,SMART 8.7,4308,4308,8616,2023년도 전기자동차 괴산군 모델별 보조금,2023,괴산군
승합(중형),한차,GREENWAY720,4530,4530,9060,2023년도 전기자동차 괴산군 모델별 보조금,2023,괴산군
승합(중형),테라팩토리,테라밴키즈,1911,0,1911,2023년도 전기자동차 괴산군 모델별 보조금,2023,괴산군
승합(중형),테라팩토리,테라밴키즈11,1902,0,1902,2023년도 전기자동차 괴산군 모델별 보조금,2023,괴산군
승합(중형),테라팩토리,테라밴,1889,0,1889,2023년도 전기자동차 괴산군 모델별 보조금,2023,괴산군
승합(중형),테라팩토리,"테라밴키즈(2022), 어린이운송용14명",2151,2151,4302,2023년도 전기자동차 괴산군 모델별 보조금,2023,괴산군
승합(중형),테라팩토리,"테라밴키즈11(2022), 어린이운송용11명",2142,2142,4284,2023년도 전기자동차 괴산군 모델별 보조금,2023,괴산군
승합(중형),테라팩토리,테라밴,2129,2129,4258,2023년도 전기자동차 괴산군 모델별 보조금,2023,괴산군
승합(중형),중원자동차,EV J1,5000,5000,10000,2023년도 전기자동차 괴산군 모델별 보조금,2023,괴산군
승합(대형),현대자동차,일렉시티 이층버스,11900,11900,23800,2023년도 전기자동차 괴산군 모델별 보조금,2023,괴산군
승합(대형),현대자동차,일렉시티(3PACK),6887,6887,13774,2023년도 전기자동차 괴산군 모델별 보조금,2023,괴산군
승합(대형),현대자동차,일렉시티(4PACK V1),7000,7000,14000,2023년도 전기자동차 괴산군 모델별 보조금,2023,괴산군
승합(대형),현대자동차,일렉시티(4PACK V2),7000,7000,14000,2023년도 전기자동차 괴산군 모델별 보조금,2023,괴산군
승합(대형),현대자동차,일렉시티 타운,6725,6725,13450,2023년도 전기자동차 괴산군 모델별 보조금,2023,괴산군
승합(대형),케이지모빌리티커머셜,SMART 9.3,4990,4990,9980,2023년도 전기자동차 괴산군 모델별 보조금,2023,괴산군
승합(대형),케이지모빌리티커머셜,SMART 110(272kWh),5660,5660,11320,2023년도 전기자동차 괴산군 모델별 보조금,2023,괴산군
승합(대형),케이지모빌리티커머셜,SMART 110E(347kWh),6330,6330,12660,2023년도 전기자동차 괴산군 모델별 보조금,2023,괴산군
승합(대형),케이지모빌리티커머셜,SMART 110(260kWh),5955,5955,11910,2023년도 전기자동차 괴산군 모델별 보조금,2023,괴산군
승합(대형),케이지모빌리티커머셜,SMART 110E(260kWh),6277,6277,12554,2023년도 전기자동차 괴산군 모델별 보조금,2023,괴산군
승합(대형),우진산전,아폴로900전기버스,4420,4420,8840,2023년도 전기자동차 괴산군 모델별 보조금,2023,괴산군
승합(대형),우진산전,아폴로1100전기버스 22MY,7000,7000,14000,2023년도 전기자동차 괴산군 모델별 보조금,2023,괴산군
승합(대형),우진산전,아폴로1100전기버스 23MY,7000,7000,14000,2023년도 전기자동차 괴산군 모델별 보조금,2023,괴산군
승합(대형),피라인모터스,HYPERS(H),5137,5137,10274,2023년도 전기자동차 괴산군 모델별 보조금,2023,괴산군
승합(대형),피라인모터스,HYPERS1611,5111,5111,10222,2023년도 전기자동차 괴산군 모델별 보조금,2023,괴산군
승합(대형),피라인모터스,HYPERS1609,5143,5143,10286,2023년도 전기자동차 괴산군 모델별 보조금,2023,괴산군
승합(대형),피라인모터스,HYPERS1612,3893,3893,7786,2023년도 전기자동차 괴산군 모델별 보조금,2023,괴산군
승합(대형),피라인모터스,HYPERS1609H,5572,5572,11144,2023년도 전기자동차 괴산군 모델별 보조금,2023,괴산군
승합(대형),피라인모터스,HYPERS1612N,4990,4990,9980,2023년도 전기자동차 괴산군 모델별 보조금,2023,괴산군
승합(대형),피라인모터스,HYPERS1609N,6042,6042,12084,2023년도 전기자동차 괴산군 모델별 보조금,2023,괴산군
승합(대형),피라인모터스,HYPERS1611N,5620,5620,11240,2023년도 전기자동차 괴산군 모델별 보조금,2023,괴산군
승합(대형),피라인모터스,HYPERS1609HN,5993,5993,11986,2023년도 전기자동차 괴산군 모델별 보조금,2023,괴산군
승합(대형),비바모빌리티,(단종)브이버스90N,4287,4287,8574,2023년도 전기자동차 괴산군 모델별 보조금,2023,괴산군
승합(대형),비바모빌리티,(단종)브이버스120,4690,4690,9380,2023년도 전기자동차 괴산군 모델별 보조금,2023,괴산군
승합(대형),비바모빌리티,(단종)브이버스110-B,4246,4246,8492,2023년도 전기자동차 괴산군 모델별 보조금,2023,괴산군
승합(대형),범한자동차,E-SKY11(350kWh),4989,4989,9978,2023년도 전기자동차 괴산군 모델별 보조금,2023,괴산군
승합(대형),범한자동차,E-SKY9(281kWh),4978,4978,9956,2023년도 전기자동차 괴산군 모델별 보조금,2023,괴산군
승합(대형),범한자동차,E-STAR8 V1,4265,4265,8530,2023년도 전기자동차 괴산군 모델별 보조금,2023,괴산군
승합(대형),범한자동차,E-STAR11,4990,4990,9980,2023년도 전기자동차 괴산군 모델별 보조금,2023,괴산군
승합(대형),범한자동차,E-STAR12i,4990,4990,9980,2023년도 전기자동차 괴산군 모델별 보조금,2023,괴산군
승합(대형),에스에이피,아이즘(IZM),4690,4690,9380,2023년도 전기자동차 괴산군 모델별 보조금,2023,괴산군
승합(대형),에스에이피,엘페(ELFE),4388,4388,8776,2023년도 전기자동차 괴산군 모델별 보조금,2023,괴산군
승합(대형),에스에이피,리오네(LIONNE),4690,4690,9380,2023년도 전기자동차 괴산군 모델별 보조금,2023,괴산군
승합(대형),GS글로벌,NEW BYD eBus-12,4990,4990,9980,2023년도 전기자동차 괴산군 모델별 보조금,2023,괴산군
승합(대형),GS글로벌,BYD eBus9,5660,5660,11320,2023년도 전기자동차 괴산군 모델별 보조금,2023,괴산군
승합(대형),티에스에코에너지,일레누스(TS1100-1),6633,0,6633,2023년도 전기자동차 괴산군 모델별 보조금,2023,괴산군
승합(대형),티에스에코에너지,일레누스(TS1100-2),6810,6810,13620,2023년도 전기자동차 괴산군 모델별 보조금,2023,괴산군
승합(대형),티에스에코에너지,일레누스(TS900),6451,6451,12902,2023년도 전기자동차 괴산군 모델별 보조금,2023,괴산군
승합(대형),이온모터스,시티라이트Ⅱ,4861,4861,9722,2023년도 전기자동차 괴산군 모델별 보조금,2023,괴산군
승합(대형),이온모터스,시티라이트9,4990,4990,9980,2023년도 전기자동차 괴산군 모델별 보조금,2023,괴산군
승합(대형),한차,GREENWAY1100,5394,5394,10788,2023년도 전기자동차 괴산군 모델별 보조금,2023,괴산군
승합(대형),한차,GREENWAY1100A,6258,6258,12516,2023년도 전기자동차 괴산군 모델별 보조금,2023,괴산군
승합(대형),이엠코리아,에픽시티(LFP),4990,4990,9980,2023년도 전기자동차 괴산군 모델별 보조금,2023,괴산군
승합(대형),이엠코리아,에픽타운(LFP),4406,0,4406,2023년도 전기자동차 괴산군 모델별 보조금,2023,괴산군
승합(대형),태영티엔티,GD11,2857,2857,5714,2023년도 전기자동차 괴산군 모델별 보조금,2023,괴산군
승합(대형),재일홀딩스,그린타운400,3846,0,3846,2023년도 전기자동차 괴산군 모델별 보조금,2023,괴산군
승합(대형),아이버스,아이버스어린이운송차,5727,0,5727,2023년도 전기자동차 괴산군 모델별 보조금,2023,괴산군
모델별 지방비 자료가 없습니다.,모델별 지방비 자료가 없습니다.,모델별 지방비 자료가 없습니다.,모델별 지방비 자료가 없습니다.,모델별 지방비 자료가 없습니다.,모델별 지방비 자료가 없습니다.,2023년도 전기자동차 음성군 모델별 보조금,2023,음성군
모델별 지방비 자료가 없습니다.,모델별 지방비 자료가 없습니다.,모델별 지방비 자료가 없습니다.,모델별 지방비 자료가 없습니다.,모델별 지방비 자료가 없습니다.,모델별 지방비 자료가 없습니다.,2023년도 전기자동차 단양군 모델별 보조금,2023,단양군
승합(중형),현대자동차,(단종)카운티 일렉트릭(어린이운송용 33인승 V2),4052,2026,6078,2023년도 전기자동차 천안시 모델별 보조금,2023,천안시
승합(중형),현대자동차,카운티 일렉트릭,4834,2417,7251,2023년도 전기자동차 천안시 모델별 보조금,2023,천안시
승합(중형),현대자동차,카운티 일렉트릭(마을버스),5000,2500,7500,2023년도 전기자동차 천안시 모델별 보조금,2023,천안시
승합(중형),이비온,"E6(JL618S), 어린이통학",2362,1181,3543,2023년도 전기자동차 천안시 모델별 보조금,2023,천안시
승합(중형),GS글로벌,NEW BYD eBus-7,2894,1447,4341,2023년도 전기자동차 천안시 모델별 보조금,2023,천안시
승합(중형),비바모빌리티,(단종)브이버스60,3211,1605,4816,2023년도 전기자동차 천안시 모델별 보조금,2023,천안시
승합(중형),케이지모빌리티커머셜,SMART 8.7,4308,2154,6462,2023년도 전기자동차 천안시 모델별 보조금,2023,천안시
승합(중형),한차,GREENWAY720,4530,2265,6795,2023년도 전기자동차 천안시 모델별 보조금,2023,천안시
승합(중형),테라팩토리,테라밴키즈,1911,955,2866,2023년도 전기자동차 천안시 모델별 보조금,2023,천안시
승합(중형),테라팩토리,테라밴키즈11,1902,951,2853,2023년도 전기자동차 천안시 모델별 보조금,2023,천안시
승합(중형),테라팩토리,테라밴,1889,944,2833,2023년도 전기자동차 천안시 모델별 보조금,2023,천안시
승합(중형),테라팩토리,"테라밴키즈(2022), 어린이운송용14명",2151,1075,3226,2023년도 전기자동차 천안시 모델별 보조금,2023,천안시
승합(중형),테라팩토리,"테라밴키즈11(2022), 어린이운송용11명",2142,1071,3213,2023년도 전기자동차 천안시 모델별 보조금,2023,천안시
승합(중형),테라팩토리,테라밴,2129,1064,3193,2023년도 전기자동차 천안시 모델별 보조금,2023,천안시
승합(중형),중원자동차,EV J1,5000,2500,7500,2023년도 전기자동차 천안시 모델별 보조금,2023,천안시
승합(대형),현대자동차,일렉시티 이층버스,11900,5000,16900,2023년도 전기자동차 천안시 모델별 보조금,2023,천안시
승합(대형),현대자동차,일렉시티(3PACK),6887,4919,11806,2023년도 전기자동차 천안시 모델별 보조금,2023,천안시
승합(대형),현대자동차,일렉시티(4PACK V1),7000,5000,12000,2023년도 전기자동차 천안시 모델별 보조금,2023,천안시
승합(대형),현대자동차,일렉시티(4PACK V2),7000,5000,12000,2023년도 전기자동차 천안시 모델별 보조금,2023,천안시
승합(대형),현대자동차,일렉시티 타운,6725,4803,11528,2023년도 전기자동차 천안시 모델별 보조금,2023,천안시
승합(대형),케이지모빌리티커머셜,SMART 9.3,4990,3564,8554,2023년도 전기자동차 천안시 모델별 보조금,2023,천안시
승합(대형),케이지모빌리티커머셜,SMART 110(272kWh),5660,4042,9702,2023년도 전기자동차 천안시 모델별 보조금,2023,천안시
승합(대형),케이지모빌리티커머셜,SMART 110E(347kWh),6330,4521,10851,2023년도 전기자동차 천안시 모델별 보조금,2023,천안시
승합(대형),케이지모빌리티커머셜,SMART 110(260kWh),5955,4253,10208,2023년도 전기자동차 천안시 모델별 보조금,2023,천안시
승합(대형),케이지모빌리티커머셜,SMART 110E(260kWh),6277,4483,10760,2023년도 전기자동차 천안시 모델별 보조금,2023,천안시
승합(대형),우진산전,아폴로900전기버스,4420,3157,7577,2023년도 전기자동차 천안시 모델별 보조금,2023,천안시
승합(대형),우진산전,아폴로1100전기버스 22MY,7000,5000,12000,2023년도 전기자동차 천안시 모델별 보조금,2023,천안시
승합(대형),우진산전,아폴로1100전기버스 23MY,7000,5000,12000,2023년도 전기자동차 천안시 모델별 보조금,2023,천안시
승합(대형),우진산전,아폴로1200-B43,7000,5000,12000,2023년도 전기자동차 천안시 모델별 보조금,2023,천안시
승합(대형),피라인모터스,HYPERS(H),5137,3669,8806,2023년도 전기자동차 천안시 모델별 보조금,2023,천안시
승합(대형),피라인모터스,HYPERS1611,5111,3650,8761,2023년도 전기자동차 천안시 모델별 보조금,2023,천안시
승합(대형),피라인모터스,HYPERS1609,5143,3673,8816,2023년도 전기자동차 천안시 모델별 보조금,2023,천안시
승합(대형),피라인모터스,HYPERS1612,3893,2780,6673,2023년도 전기자동차 천안시 모델별 보조금,2023,천안시
승합(대형),피라인모터스,HYPERS1609H,5572,3980,9552,2023년도 전기자동차 천안시 모델별 보조금,2023,천안시
승합(대형),피라인모터스,HYPERS1612N,4990,3564,8554,2023년도 전기자동차 천안시 모델별 보조금,2023,천안시
승합(대형),피라인모터스,HYPERS1609N,6042,4315,10357,2023년도 전기자동차 천안시 모델별 보조금,2023,천안시
승합(대형),피라인모터스,HYPERS1611N,5620,4014,9634,2023년도 전기자동차 천안시 모델별 보조금,2023,천안시
승합(대형),피라인모터스,HYPERS1609HN,5993,4280,10273,2023년도 전기자동차 천안시 모델별 보조금,2023,천안시
승합(대형),피라인모터스,HYPERS1611P,7000,5000,12000,2023년도 전기자동차 천안시 모델별 보조금,2023,천안시
승합(대형),피라인모터스,HYPERS1609P,7000,5000,12000,2023년도 전기자동차 천안시 모델별 보조금,2023,천안시
승합(대형),비바모빌리티,(단종)브이버스90N,4287,3062,7349,2023년도 전기자동차 천안시 모델별 보조금,2023,천안시
승합(대형),비바모빌리티,(단종)브이버스120,4690,3350,8040,2023년도 전기자동차 천안시 모델별 보조금,2023,천안시
승합(대형),비바모빌리티,(단종)브이버스110-B,4246,3032,7278,2023년도 전기자동차 천안시 모델별 보조금,2023,천안시
승합(대형),범한자동차,E-SKY11(350kWh),4989,3563,8552,2023년도 전기자동차 천안시 모델별 보조금,2023,천안시
승합(대형),범한자동차,E-SKY9(281kWh),4978,3555,8533,2023년도 전기자동차 천안시 모델별 보조금,2023,천안시
승합(대형),범한자동차,E-STAR8 V1,4265,3046,7311,2023년도 전기자동차 천안시 모델별 보조금,2023,천안시
승합(대형),범한자동차,E-STAR11,4990,3564,8554,2023년도 전기자동차 천안시 모델별 보조금,2023,천안시
승합(대형),범한자동차,E-STAR12i,4990,3564,8554,2023년도 전기자동차 천안시 모델별 보조금,2023,천안시
승합(대형),에스에이피,아이즘(IZM),4690,3350,8040,2023년도 전기자동차 천안시 모델별 보조금,2023,천안시
승합(대형),에스에이피,엘페(ELFE),4388,3134,7522,2023년도 전기자동차 천안시 모델별 보조금,2023,천안시
승합(대형),에스에이피,리오네(LIONNE),4690,3350,8040,2023년도 전기자동차 천안시 모델별 보조금,2023,천안시
승합(대형),GS글로벌,NEW BYD eBus-12,4990,3564,8554,2023년도 전기자동차 천안시 모델별 보조금,2023,천안시
승합(대형),GS글로벌,BYD eBus9,5660,4042,9702,2023년도 전기자동차 천안시 모델별 보조금,2023,천안시
승합(대형),티에스에코에너지,일레누스(TS1100-1),6633,4737,11370,2023년도 전기자동차 천안시 모델별 보조금,2023,천안시
승합(대형),티에스에코에너지,일레누스(TS1100-2),6810,4864,11674,2023년도 전기자동차 천안시 모델별 보조금,2023,천안시
승합(대형),티에스에코에너지,일레누스(TS900),6451,4607,11058,2023년도 전기자동차 천안시 모델별 보조금,2023,천안시
승합(대형),이온모터스,시티라이트Ⅱ,4861,3472,8333,2023년도 전기자동차 천안시 모델별 보조금,2023,천안시
승합(대형),이온모터스,시티라이트9,4990,3564,8554,2023년도 전기자동차 천안시 모델별 보조금,2023,천안시
승합(대형),한차,GREENWAY1100,5394,3852,9246,2023년도 전기자동차 천안시 모델별 보조금,2023,천안시
승합(대형),한차,GREENWAY1100A,6258,4470,10728,2023년도 전기자동차 천안시 모델별 보조금,2023,천안시
승합(대형),이엠코리아,에픽시티(LFP),4990,3564,8554,2023년도 전기자동차 천안시 모델별 보조금,2023,천안시
승합(대형),이엠코리아,에픽타운(LFP),4406,3147,7553,2023년도 전기자동차 천안시 모델별 보조금,2023,천안시
승합(대형),태영티엔티,GD11,2857,2040,4897,2023년도 전기자동차 천안시 모델별 보조금,2023,천안시
승합(대형),재일홀딩스,그린타운400,3846,2747,6593,2023년도 전기자동차 천안시 모델별 보조금,2023,천안시
승합(대형),아이버스,아이버스어린이운송차,5727,4090,9817,2023년도 전기자동차 천안시 모델별 보조금,2023,천안시
승합(중형),현대자동차,(단종)카운티 일렉트릭(어린이운송용 33인승 V2),4052,0,4052,2023년도 전기자동차 공주시 모델별 보조금,2023,공주시
승합(중형),현대자동차,카운티 일렉트릭,4834,0,4834,2023년도 전기자동차 공주시 모델별 보조금,2023,공주시
승합(중형),현대자동차,카운티 일렉트릭(마을버스),5000,0,5000,2023년도 전기자동차 공주시 모델별 보조금,2023,공주시
승합(중형),이비온,"E6(JL618S), 어린이통학",2362,0,2362,2023년도 전기자동차 공주시 모델별 보조금,2023,공주시
승합(중형),GS글로벌,NEW BYD eBus-7,2894,0,2894,2023년도 전기자동차 공주시 모델별 보조금,2023,공주시
승합(중형),비바모빌리티,(단종)브이버스60,3211,0,3211,2023년도 전기자동차 공주시 모델별 보조금,2023,공주시
승합(중형),케이지모빌리티커머셜,SMART 8.7,4308,0,4308,2023년도 전기자동차 공주시 모델별 보조금,2023,공주시
승합(중형),한차,GREENWAY720,4530,0,4530,2023년도 전기자동차 공주시 모델별 보조금,2023,공주시
승합(중형),테라팩토리,테라밴키즈,1911,0,1911,2023년도 전기자동차 공주시 모델별 보조금,2023,공주시
승합(중형),테라팩토리,테라밴키즈11,1902,0,1902,2023년도 전기자동차 공주시 모델별 보조금,2023,공주시
승합(중형),테라팩토리,테라밴,1889,0,1889,2023년도 전기자동차 공주시 모델별 보조금,2023,공주시
승합(중형),테라팩토리,"테라밴키즈(2022), 어린이운송용14명",2151,0,2151,2023년도 전기자동차 공주시 모델별 보조금,2023,공주시
승합(중형),테라팩토리,"테라밴키즈11(2022), 어린이운송용11명",2142,0,2142,2023년도 전기자동차 공주시 모델별 보조금,2023,공주시
승합(중형),테라팩토리,테라밴,2129,0,2129,2023년도 전기자동차 공주시 모델별 보조금,2023,공주시
승합(중형),중원자동차,EV J1,5000,0,5000,2023년도 전기자동차 공주시 모델별 보조금,2023,공주시
승합(대형),현대자동차,일렉시티 이층버스,11900,11300,23200,2023년도 전기자동차 공주시 모델별 보조금,2023,공주시
승합(대형),현대자동차,일렉시티(3PACK),6887,11117,18004,2023년도 전기자동차 공주시 모델별 보조금,2023,공주시
승합(대형),현대자동차,일렉시티(4PACK V1),7000,11300,18300,2023년도 전기자동차 공주시 모델별 보조금,2023,공주시
승합(대형),현대자동차,일렉시티(4PACK V2),7000,11300,18300,2023년도 전기자동차 공주시 모델별 보조금,2023,공주시
승합(대형),현대자동차,일렉시티 타운,6725,10856,17581,2023년도 전기자동차 공주시 모델별 보조금,2023,공주시
승합(대형),케이지모빌리티커머셜,SMART 9.3,4990,8055,13045,2023년도 전기자동차 공주시 모델별 보조금,2023,공주시
승합(대형),케이지모빌리티커머셜,SMART 110(272kWh),5660,9136,14796,2023년도 전기자동차 공주시 모델별 보조금,2023,공주시
승합(대형),케이지모빌리티커머셜,SMART 110E(347kWh),6330,10218,16548,2023년도 전기자동차 공주시 모델별 보조금,2023,공주시
승합(대형),케이지모빌리티커머셜,SMART 110(260kWh),5955,9613,15568,2023년도 전기자동차 공주시 모델별 보조금,2023,공주시
승합(대형),케이지모빌리티커머셜,SMART 110E(260kWh),6277,10132,16409,2023년도 전기자동차 공주시 모델별 보조금,2023,공주시
승합(대형),우진산전,아폴로900전기버스,4420,7135,11555,2023년도 전기자동차 공주시 모델별 보조금,2023,공주시
승합(대형),우진산전,아폴로1100전기버스 22MY,7000,11300,18300,2023년도 전기자동차 공주시 모델별 보조금,2023,공주시
승합(대형),우진산전,아폴로1100전기버스 23MY,7000,11300,18300,2023년도 전기자동차 공주시 모델별 보조금,2023,공주시
승합(대형),피라인모터스,HYPERS(H),5137,8292,13429,2023년도 전기자동차 공주시 모델별 보조금,2023,공주시
승합(대형),피라인모터스,HYPERS1611,5111,8250,13361,2023년도 전기자동차 공주시 모델별 보조금,2023,공주시
승합(대형),피라인모터스,HYPERS1609,5143,8302,13445,2023년도 전기자동차 공주시 모델별 보조금,2023,공주시
승합(대형),피라인모터스,HYPERS1612,3893,6284,10177,2023년도 전기자동차 공주시 모델별 보조금,2023,공주시
승합(대형),피라인모터스,HYPERS1609H,5572,8994,14566,2023년도 전기자동차 공주시 모델별 보조금,2023,공주시
승합(대형),피라인모터스,HYPERS1612N,4990,8055,13045,2023년도 전기자동차 공주시 모델별 보조금,2023,공주시
승합(대형),피라인모터스,HYPERS1609N,6042,9753,15795,2023년도 전기자동차 공주시 모델별 보조금,2023,공주시
승합(대형),피라인모터스,HYPERS1611N,5620,9072,14692,2023년도 전기자동차 공주시 모델별 보조금,2023,공주시
승합(대형),피라인모터스,HYPERS1609HN,5993,9674,15667,2023년도 전기자동차 공주시 모델별 보조금,2023,공주시
승합(대형),비바모빌리티,(단종)브이버스90N,4287,6920,11207,2023년도 전기자동차 공주시 모델별 보조금,2023,공주시
승합(대형),비바모빌리티,(단종)브이버스120,4690,7571,12261,2023년도 전기자동차 공주시 모델별 보조금,2023,공주시
승합(대형),비바모빌리티,(단종)브이버스110-B,4246,6854,11100,2023년도 전기자동차 공주시 모델별 보조금,2023,공주시
승합(대형),범한자동차,E-SKY11(350kWh),4989,8053,13042,2023년도 전기자동차 공주시 모델별 보조금,2023,공주시
승합(대형),범한자동차,E-SKY9(281kWh),4978,8035,13013,2023년도 전기자동차 공주시 모델별 보조금,2023,공주시
승합(대형),범한자동차,E-STAR8 V1,4265,6884,11149,2023년도 전기자동차 공주시 모델별 보조금,2023,공주시
승합(대형),범한자동차,E-STAR11,4990,8055,13045,2023년도 전기자동차 공주시 모델별 보조금,2023,공주시
승합(대형),범한자동차,E-STAR12i,4990,8055,13045,2023년도 전기자동차 공주시 모델별 보조금,2023,공주시
승합(대형),에스에이피,아이즘(IZM),4690,7571,12261,2023년도 전기자동차 공주시 모델별 보조금,2023,공주시
승합(대형),에스에이피,엘페(ELFE),4388,7083,11471,2023년도 전기자동차 공주시 모델별 보조금,2023,공주시
승합(대형),에스에이피,리오네(LIONNE),4690,7571,12261,2023년도 전기자동차 공주시 모델별 보조금,2023,공주시
승합(대형),GS글로벌,NEW BYD eBus-12,4990,8055,13045,2023년도 전기자동차 공주시 모델별 보조금,2023,공주시
승합(대형),티에스에코에너지,일레누스(TS1100-2),6810,10993,17803,2023년도 전기자동차 공주시 모델별 보조금,2023,공주시
승합(대형),티에스에코에너지,일레누스(TS900),6451,10413,16864,2023년도 전기자동차 공주시 모델별 보조금,2023,공주시
승합(대형),이온모터스,시티라이트Ⅱ,4861,7847,12708,2023년도 전기자동차 공주시 모델별 보조금,2023,공주시
승합(대형),이온모터스,시티라이트9,4990,8055,13045,2023년도 전기자동차 공주시 모델별 보조금,2023,공주시
승합(대형),한차,GREENWAY1100,5394,8707,14101,2023년도 전기자동차 공주시 모델별 보조금,2023,공주시
승합(대형),한차,GREENWAY1100A,6258,10102,16360,2023년도 전기자동차 공주시 모델별 보조금,2023,공주시
승합(대형),이엠코리아,에픽시티(LFP),4990,8055,13045,2023년도 전기자동차 공주시 모델별 보조금,2023,공주시
승합(대형),태영티엔티,GD11,2857,4612,7469,2023년도 전기자동차 공주시 모델별 보조금,2023,공주시
승합(대형),재일홀딩스,그린타운400,3846,6208,10054,2023년도 전기자동차 공주시 모델별 보조금,2023,공주시
승합(대형),아이버스,아이버스어린이운송차,5727,9245,14972,2023년도 전기자동차 공주시 모델별 보조금,2023,공주시
승합(중형),현대자동차,(단종)카운티 일렉트릭(어린이운송용 33인승 V2),4052,5267,9319,2023년도 전기자동차 보령시 모델별 보조금,2023,보령시
승합(중형),현대자동차,카운티 일렉트릭,4834,6284,11118,2023년도 전기자동차 보령시 모델별 보조금,2023,보령시
승합(중형),현대자동차,카운티 일렉트릭(마을버스),5000,6500,11500,2023년도 전기자동차 보령시 모델별 보조금,2023,보령시
승합(중형),이비온,"E6(JL618S), 어린이통학",2362,3070,5432,2023년도 전기자동차 보령시 모델별 보조금,2023,보령시
승합(중형),GS글로벌,NEW BYD eBus-7,2894,3762,6656,2023년도 전기자동차 보령시 모델별 보조금,2023,보령시
승합(중형),비바모빌리티,(단종)브이버스60,3211,4174,7385,2023년도 전기자동차 보령시 모델별 보조금,2023,보령시
승합(중형),케이지모빌리티커머셜,SMART 8.7,4308,5600,9908,2023년도 전기자동차 보령시 모델별 보조금,2023,보령시
승합(중형),한차,GREENWAY720,4530,5889,10419,2023년도 전기자동차 보령시 모델별 보조금,2023,보령시
승합(중형),테라팩토리,테라밴키즈,1911,0,1911,2023년도 전기자동차 보령시 모델별 보조금,2023,보령시
승합(중형),테라팩토리,테라밴키즈11,1902,0,1902,2023년도 전기자동차 보령시 모델별 보조금,2023,보령시
승합(중형),테라팩토리,테라밴,1889,0,1889,2023년도 전기자동차 보령시 모델별 보조금,2023,보령시
승합(중형),테라팩토리,"테라밴키즈(2022), 어린이운송용14명",2151,2796,4947,2023년도 전기자동차 보령시 모델별 보조금,2023,보령시
승합(중형),테라팩토리,"테라밴키즈11(2022), 어린이운송용11명",2142,2784,4926,2023년도 전기자동차 보령시 모델별 보조금,2023,보령시
승합(중형),테라팩토리,테라밴,2129,2767,4896,2023년도 전기자동차 보령시 모델별 보조금,2023,보령시
승합(중형),중원자동차,EV J1,5000,6500,11500,2023년도 전기자동차 보령시 모델별 보조금,2023,보령시
승합(대형),현대자동차,일렉시티 이층버스,11900,13000,24900,2023년도 전기자동차 보령시 모델별 보조금,2023,보령시
승합(대형),현대자동차,일렉시티(3PACK),6887,12790,19677,2023년도 전기자동차 보령시 모델별 보조금,2023,보령시
승합(대형),현대자동차,일렉시티(4PACK V1),7000,13000,20000,2023년도 전기자동차 보령시 모델별 보조금,2023,보령시
승합(대형),현대자동차,일렉시티(4PACK V2),7000,13000,20000,2023년도 전기자동차 보령시 모델별 보조금,2023,보령시
승합(대형),현대자동차,일렉시티 타운,6725,12489,19214,2023년도 전기자동차 보령시 모델별 보조금,2023,보령시
승합(대형),케이지모빌리티커머셜,SMART 9.3,4990,9267,14257,2023년도 전기자동차 보령시 모델별 보조금,2023,보령시
승합(대형),케이지모빌리티커머셜,SMART 110(272kWh),5660,10511,16171,2023년도 전기자동차 보령시 모델별 보조금,2023,보령시
승합(대형),케이지모빌리티커머셜,SMART 110E(347kWh),6330,11755,18085,2023년도 전기자동차 보령시 모델별 보조금,2023,보령시
승합(대형),케이지모빌리티커머셜,SMART 110(260kWh),5955,11059,17014,2023년도 전기자동차 보령시 모델별 보조금,2023,보령시
승합(대형),케이지모빌리티커머셜,SMART 110E(260kWh),6277,11657,17934,2023년도 전기자동차 보령시 모델별 보조금,2023,보령시
승합(대형),우진산전,아폴로900전기버스,4420,8208,12628,2023년도 전기자동차 보령시 모델별 보조금,2023,보령시
승합(대형),우진산전,아폴로1100전기버스 22MY,7000,13000,20000,2023년도 전기자동차 보령시 모델별 보조금,2023,보령시
승합(대형),우진산전,아폴로1100전기버스 23MY,7000,13000,20000,2023년도 전기자동차 보령시 모델별 보조금,2023,보령시
승합(대형),우진산전,아폴로1200-B43,7000,0,7000,2023년도 전기자동차 보령시 모델별 보조금,2023,보령시
승합(대형),피라인모터스,HYPERS(H),5137,9540,14677,2023년도 전기자동차 보령시 모델별 보조금,2023,보령시
승합(대형),피라인모터스,HYPERS1611,5111,9491,14602,2023년도 전기자동차 보령시 모델별 보조금,2023,보령시
승합(대형),피라인모터스,HYPERS1609,5143,9551,14694,2023년도 전기자동차 보령시 모델별 보조금,2023,보령시
승합(대형),피라인모터스,HYPERS1612,3893,7229,11122,2023년도 전기자동차 보령시 모델별 보조금,2023,보령시
승합(대형),피라인모터스,HYPERS1609H,5572,10348,15920,2023년도 전기자동차 보령시 모델별 보조금,2023,보령시
승합(대형),피라인모터스,HYPERS1612N,4990,9267,14257,2023년도 전기자동차 보령시 모델별 보조금,2023,보령시
승합(대형),피라인모터스,HYPERS1609N,6042,11220,17262,2023년도 전기자동차 보령시 모델별 보조금,2023,보령시
승합(대형),피라인모터스,HYPERS1611N,5620,10437,16057,2023년도 전기자동차 보령시 모델별 보조금,2023,보령시
승합(대형),피라인모터스,HYPERS1609HN,5993,11129,17122,2023년도 전기자동차 보령시 모델별 보조금,2023,보령시
승합(대형),피라인모터스,HYPERS1611P,7000,0,7000,2023년도 전기자동차 보령시 모델별 보조금,2023,보령시
승합(대형),피라인모터스,HYPERS1609P,7000,0,7000,2023년도 전기자동차 보령시 모델별 보조금,2023,보령시
승합(대형),비바모빌리티,(단종)브이버스90N,4287,0,4287,2023년도 전기자동차 보령시 모델별 보조금,2023,보령시
승합(대형),비바모빌리티,(단종)브이버스120,4690,0,4690,2023년도 전기자동차 보령시 모델별 보조금,2023,보령시
승합(대형),비바모빌리티,(단종)브이버스110-B,4246,0,4246,2023년도 전기자동차 보령시 모델별 보조금,2023,보령시
승합(대형),범한자동차,E-SKY11(350kWh),4989,9265,14254,2023년도 전기자동차 보령시 모델별 보조금,2023,보령시
승합(대형),범한자동차,E-SKY9(281kWh),4978,9244,14222,2023년도 전기자동차 보령시 모델별 보조금,2023,보령시
승합(대형),범한자동차,E-STAR8 V1,4265,7920,12185,2023년도 전기자동차 보령시 모델별 보조금,2023,보령시
승합(대형),범한자동차,E-STAR11,4990,9267,14257,2023년도 전기자동차 보령시 모델별 보조금,2023,보령시
승합(대형),범한자동차,E-STAR12i,4990,9267,14257,2023년도 전기자동차 보령시 모델별 보조금,2023,보령시
승합(대형),에스에이피,아이즘(IZM),4690,8710,13400,2023년도 전기자동차 보령시 모델별 보조금,2023,보령시
승합(대형),에스에이피,엘페(ELFE),4388,8149,12537,2023년도 전기자동차 보령시 모델별 보조금,2023,보령시
승합(대형),에스에이피,리오네(LIONNE),4690,8710,13400,2023년도 전기자동차 보령시 모델별 보조금,2023,보령시
승합(대형),GS글로벌,NEW BYD eBus-12,4990,9267,14257,2023년도 전기자동차 보령시 모델별 보조금,2023,보령시
승합(대형),GS글로벌,BYD eBus9,5660,10511,16171,2023년도 전기자동차 보령시 모델별 보조금,2023,보령시
승합(대형),티에스에코에너지,일레누스(TS1100-1),6633,0,6633,2023년도 전기자동차 보령시 모델별 보조금,2023,보령시
승합(대형),티에스에코에너지,일레누스(TS1100-2),6810,12647,19457,2023년도 전기자동차 보령시 모델별 보조금,2023,보령시
승합(대형),티에스에코에너지,일레누스(TS900),6451,11980,18431,2023년도 전기자동차 보령시 모델별 보조금,2023,보령시
승합(대형),이온모터스,시티라이트Ⅱ,4861,9027,13888,2023년도 전기자동차 보령시 모델별 보조금,2023,보령시
승합(대형),이온모터스,시티라이트9,4990,9267,14257,2023년도 전기자동차 보령시 모델별 보조금,2023,보령시
승합(대형),한차,GREENWAY1100,5394,10017,15411,2023년도 전기자동차 보령시 모델별 보조금,2023,보령시
승합(대형),한차,GREENWAY1100A,6258,11622,17880,2023년도 전기자동차 보령시 모델별 보조금,2023,보령시
승합(대형),이엠코리아,에픽시티(LFP),4990,9267,14257,2023년도 전기자동차 보령시 모델별 보조금,2023,보령시
승합(대형),이엠코리아,에픽타운(LFP),4406,0,4406,2023년도 전기자동차 보령시 모델별 보조금,2023,보령시
승합(대형),태영티엔티,GD11,2857,5305,8162,2023년도 전기자동차 보령시 모델별 보조금,2023,보령시
승합(대형),재일홀딩스,그린타운400,3846,7142,10988,2023년도 전기자동차 보령시 모델별 보조금,2023,보령시
승합(대형),아이버스,아이버스어린이운송차,5727,10635,16362,2023년도 전기자동차 보령시 모델별 보조금,2023,보령시
승합(중형),현대자동차,(단종)카운티 일렉트릭(어린이운송용 33인승 V2),4052,0,4052,2023년도 전기자동차 아산시 모델별 보조금,2023,아산시
승합(중형),현대자동차,카운티 일렉트릭,4834,0,4834,2023년도 전기자동차 아산시 모델별 보조금,2023,아산시
승합(중형),현대자동차,카운티 일렉트릭(마을버스),5000,0,5000,2023년도 전기자동차 아산시 모델별 보조금,2023,아산시
승합(중형),이비온,"E6(JL618S), 어린이통학",2362,0,2362,2023년도 전기자동차 아산시 모델별 보조금,2023,아산시
승합(중형),GS글로벌,NEW BYD eBus-7,2894,0,2894,2023년도 전기자동차 아산시 모델별 보조금,2023,아산시
승합(중형),비바모빌리티,(단종)브이버스60,3211,0,3211,2023년도 전기자동차 아산시 모델별 보조금,2023,아산시
승합(중형),케이지모빌리티커머셜,SMART 8.7,4308,0,4308,2023년도 전기자동차 아산시 모델별 보조금,2023,아산시
승합(중형),한차,GREENWAY720,4530,0,4530,2023년도 전기자동차 아산시 모델별 보조금,2023,아산시
승합(중형),테라팩토리,테라밴키즈,1911,0,1911,2023년도 전기자동차 아산시 모델별 보조금,2023,아산시
승합(중형),테라팩토리,테라밴키즈11,1902,0,1902,2023년도 전기자동차 아산시 모델별 보조금,2023,아산시
승합(중형),테라팩토리,테라밴,1889,0,1889,2023년도 전기자동차 아산시 모델별 보조금,2023,아산시
승합(중형),테라팩토리,"테라밴키즈(2022), 어린이운송용14명",2151,0,2151,2023년도 전기자동차 아산시 모델별 보조금,2023,아산시
승합(중형),테라팩토리,"테라밴키즈11(2022), 어린이운송용11명",2142,0,2142,2023년도 전기자동차 아산시 모델별 보조금,2023,아산시
승합(중형),테라팩토리,테라밴,2129,0,2129,2023년도 전기자동차 아산시 모델별 보조금,2023,아산시
승합(중형),중원자동차,EV J1,5000,0,5000,2023년도 전기자동차 아산시 모델별 보조금,2023,아산시
승합(대형),현대자동차,일렉시티 이층버스,11900,0,11900,2023년도 전기자동차 아산시 모델별 보조금,2023,아산시
승합(대형),현대자동차,일렉시티(3PACK),6887,0,6887,2023년도 전기자동차 아산시 모델별 보조금,2023,아산시
승합(대형),현대자동차,일렉시티(4PACK V1),7000,10500,17500,2023년도 전기자동차 아산시 모델별 보조금,2023,아산시
승합(대형),현대자동차,일렉시티(4PACK V2),7000,10500,17500,2023년도 전기자동차 아산시 모델별 보조금,2023,아산시
승합(대형),현대자동차,일렉시티 타운,6725,0,6725,2023년도 전기자동차 아산시 모델별 보조금,2023,아산시
승합(대형),케이지모빌리티커머셜,SMART 9.3,4990,0,4990,2023년도 전기자동차 아산시 모델별 보조금,2023,아산시
승합(대형),케이지모빌리티커머셜,SMART 110(272kWh),5660,0,5660,2023년도 전기자동차 아산시 모델별 보조금,2023,아산시
승합(대형),케이지모빌리티커머셜,SMART 110E(347kWh),6330,0,6330,2023년도 전기자동차 아산시 모델별 보조금,2023,아산시
승합(대형),케이지모빌리티커머셜,SMART 110(260kWh),5955,0,5955,2023년도 전기자동차 아산시 모델별 보조금,2023,아산시
승합(대형),케이지모빌리티커머셜,SMART 110E(260kWh),6277,0,6277,2023년도 전기자동차 아산시 모델별 보조금,2023,아산시
승합(대형),우진산전,아폴로900전기버스,4420,0,4420,2023년도 전기자동차 아산시 모델별 보조금,2023,아산시
승합(대형),우진산전,아폴로1100전기버스 22MY,7000,0,7000,2023년도 전기자동차 아산시 모델별 보조금,2023,아산시
승합(대형),우진산전,아폴로1100전기버스 23MY,7000,0,7000,2023년도 전기자동차 아산시 모델별 보조금,2023,아산시
승합(대형),피라인모터스,HYPERS(H),5137,0,5137,2023년도 전기자동차 아산시 모델별 보조금,2023,아산시
승합(대형),피라인모터스,HYPERS1611,5111,0,5111,2023년도 전기자동차 아산시 모델별 보조금,2023,아산시
승합(대형),피라인모터스,HYPERS1609,5143,0,5143,2023년도 전기자동차 아산시 모델별 보조금,2023,아산시
승합(대형),피라인모터스,HYPERS1612,3893,0,3893,2023년도 전기자동차 아산시 모델별 보조금,2023,아산시
승합(대형),피라인모터스,HYPERS1609H,5572,0,5572,2023년도 전기자동차 아산시 모델별 보조금,2023,아산시
승합(대형),피라인모터스,HYPERS1612N,4990,0,4990,2023년도 전기자동차 아산시 모델별 보조금,2023,아산시
승합(대형),피라인모터스,HYPERS1609N,6042,0,6042,2023년도 전기자동차 아산시 모델별 보조금,2023,아산시
승합(대형),피라인모터스,HYPERS1611N,5620,0,5620,2023년도 전기자동차 아산시 모델별 보조금,2023,아산시
승합(대형),피라인모터스,HYPERS1609HN,5993,0,5993,2023년도 전기자동차 아산시 모델별 보조금,2023,아산시
승합(대형),비바모빌리티,(단종)브이버스90N,4287,0,4287,2023년도 전기자동차 아산시 모델별 보조금,2023,아산시
승합(대형),비바모빌리티,(단종)브이버스120,4690,0,4690,2023년도 전기자동차 아산시 모델별 보조금,2023,아산시
승합(대형),비바모빌리티,(단종)브이버스110-B,4246,0,4246,2023년도 전기자동차 아산시 모델별 보조금,2023,아산시
승합(대형),범한자동차,E-SKY11(350kWh),4989,0,4989,2023년도 전기자동차 아산시 모델별 보조금,2023,아산시
승합(대형),범한자동차,E-SKY9(281kWh),4978,0,4978,2023년도 전기자동차 아산시 모델별 보조금,2023,아산시
승합(대형),범한자동차,E-STAR8 V1,4265,0,4265,2023년도 전기자동차 아산시 모델별 보조금,2023,아산시
승합(대형),범한자동차,E-STAR11,4990,0,4990,2023년도 전기자동차 아산시 모델별 보조금,2023,아산시
승합(대형),범한자동차,E-STAR12i,4990,0,4990,2023년도 전기자동차 아산시 모델별 보조금,2023,아산시
승합(대형),에스에이피,아이즘(IZM),4690,0,4690,2023년도 전기자동차 아산시 모델별 보조금,2023,아산시
승합(대형),에스에이피,엘페(ELFE),4388,0,4388,2023년도 전기자동차 아산시 모델별 보조금,2023,아산시
승합(대형),에스에이피,리오네(LIONNE),4690,0,4690,2023년도 전기자동차 아산시 모델별 보조금,2023,아산시
승합(대형),GS글로벌,NEW BYD eBus-12,4990,0,4990,2023년도 전기자동차 아산시 모델별 보조금,2023,아산시
승합(대형),티에스에코에너지,일레누스(TS1100-2),6810,0,6810,2023년도 전기자동차 아산시 모델별 보조금,2023,아산시
승합(대형),티에스에코에너지,일레누스(TS900),6451,0,6451,2023년도 전기자동차 아산시 모델별 보조금,2023,아산시
승합(대형),이온모터스,시티라이트Ⅱ,4861,0,4861,2023년도 전기자동차 아산시 모델별 보조금,2023,아산시
승합(대형),이온모터스,시티라이트9,4990,0,4990,2023년도 전기자동차 아산시 모델별 보조금,2023,아산시
승합(대형),한차,GREENWAY1100,5394,0,5394,2023년도 전기자동차 아산시 모델별 보조금,2023,아산시
승합(대형),한차,GREENWAY1100A,6258,0,6258,2023년도 전기자동차 아산시 모델별 보조금,2023,아산시
승합(대형),이엠코리아,에픽시티(LFP),4990,0,4990,2023년도 전기자동차 아산시 모델별 보조금,2023,아산시
승합(대형),태영티엔티,GD11,2857,0,2857,2023년도 전기자동차 아산시 모델별 보조금,2023,아산시
승합(대형),재일홀딩스,그린타운400,3846,0,3846,2023년도 전기자동차 아산시 모델별 보조금,2023,아산시
승합(대형),아이버스,아이버스어린이운송차,5727,0,5727,2023년도 전기자동차 아산시 모델별 보조금,2023,아산시
승합(중형),현대자동차,(단종)카운티 일렉트릭(어린이운송용 33인승 V2),4052,4052,8104,2023년도 전기자동차 서산시 모델별 보조금,2023,서산시
승합(중형),현대자동차,카운티 일렉트릭,4834,4834,9668,2023년도 전기자동차 서산시 모델별 보조금,2023,서산시
승합(중형),현대자동차,카운티 일렉트릭(마을버스),5000,5000,10000,2023년도 전기자동차 서산시 모델별 보조금,2023,서산시
승합(중형),이비온,"E6(JL618S), 어린이통학",2362,2362,4724,2023년도 전기자동차 서산시 모델별 보조금,2023,서산시
승합(중형),GS글로벌,NEW BYD eBus-7,2894,2894,5788,2023년도 전기자동차 서산시 모델별 보조금,2023,서산시
승합(중형),비바모빌리티,(단종)브이버스60,3211,3211,6422,2023년도 전기자동차 서산시 모델별 보조금,2023,서산시
승합(중형),케이지모빌리티커머셜,SMART 8.7,4308,4308,8616,2023년도 전기자동차 서산시 모델별 보조금,2023,서산시
승합(중형),한차,GREENWAY720,4530,4530,9060,2023년도 전기자동차 서산시 모델별 보조금,2023,서산시
승합(중형),테라팩토리,테라밴키즈,1911,1911,3822,2023년도 전기자동차 서산시 모델별 보조금,2023,서산시
승합(중형),테라팩토리,테라밴키즈11,1902,1902,3804,2023년도 전기자동차 서산시 모델별 보조금,2023,서산시
승합(중형),테라팩토리,테라밴,1889,1889,3778,2023년도 전기자동차 서산시 모델별 보조금,2023,서산시
승합(중형),테라팩토리,"테라밴키즈(2022), 어린이운송용14명",2151,2151,4302,2023년도 전기자동차 서산시 모델별 보조금,2023,서산시
승합(중형),테라팩토리,"테라밴키즈11(2022), 어린이운송용11명",2142,2142,4284,2023년도 전기자동차 서산시 모델별 보조금,2023,서산시
승합(중형),테라팩토리,테라밴,2129,2129,4258,2023년도 전기자동차 서산시 모델별 보조금,2023,서산시
승합(중형),중원자동차,EV J1,5000,5000,10000,2023년도 전기자동차 서산시 모델별 보조금,2023,서산시
승합(대형),현대자동차,일렉시티 이층버스,11900,10000,21900,2023년도 전기자동차 서산시 모델별 보조금,2023,서산시
승합(대형),현대자동차,일렉시티(3PACK),6887,9838,16725,2023년도 전기자동차 서산시 모델별 보조금,2023,서산시
승합(대형),현대자동차,일렉시티(4PACK V1),7000,10000,17000,2023년도 전기자동차 서산시 모델별 보조금,2023,서산시
승합(대형),현대자동차,일렉시티(4PACK V2),7000,10000,17000,2023년도 전기자동차 서산시 모델별 보조금,2023,서산시
승합(대형),현대자동차,일렉시티 타운,6725,9607,16332,2023년도 전기자동차 서산시 모델별 보조금,2023,서산시
승합(대형),케이지모빌리티커머셜,SMART 9.3,4990,7128,12118,2023년도 전기자동차 서산시 모델별 보조금,2023,서산시
승합(대형),케이지모빌리티커머셜,SMART 110(272kWh),5660,8085,13745,2023년도 전기자동차 서산시 모델별 보조금,2023,서산시
승합(대형),케이지모빌리티커머셜,SMART 110E(347kWh),6330,9042,15372,2023년도 전기자동차 서산시 모델별 보조금,2023,서산시
승합(대형),케이지모빌리티커머셜,SMART 110(260kWh),5955,8507,14462,2023년도 전기자동차 서산시 모델별 보조금,2023,서산시
승합(대형),케이지모빌리티커머셜,SMART 110E(260kWh),6277,8967,15244,2023년도 전기자동차 서산시 모델별 보조금,2023,서산시
승합(대형),우진산전,아폴로900전기버스,4420,6314,10734,2023년도 전기자동차 서산시 모델별 보조금,2023,서산시
승합(대형),우진산전,아폴로1100전기버스 22MY,7000,10000,17000,2023년도 전기자동차 서산시 모델별 보조금,2023,서산시
승합(대형),우진산전,아폴로1100전기버스 23MY,7000,10000,17000,2023년도 전기자동차 서산시 모델별 보조금,2023,서산시
승합(대형),피라인모터스,HYPERS(H),5137,7338,12475,2023년도 전기자동차 서산시 모델별 보조금,2023,서산시
승합(대형),피라인모터스,HYPERS1611,5111,7301,12412,2023년도 전기자동차 서산시 모델별 보조금,2023,서산시
승합(대형),피라인모터스,HYPERS1609,5143,7347,12490,2023년도 전기자동차 서산시 모델별 보조금,2023,서산시
승합(대형),피라인모터스,HYPERS1612,3893,5561,9454,2023년도 전기자동차 서산시 모델별 보조금,2023,서산시
승합(대형),피라인모터스,HYPERS1609H,5572,7960,13532,2023년도 전기자동차 서산시 모델별 보조금,2023,서산시
승합(대형),피라인모터스,HYPERS1612N,4990,7128,12118,2023년도 전기자동차 서산시 모델별 보조금,2023,서산시
승합(대형),피라인모터스,HYPERS1609N,6042,8631,14673,2023년도 전기자동차 서산시 모델별 보조금,2023,서산시
승합(대형),피라인모터스,HYPERS1611N,5620,8028,13648,2023년도 전기자동차 서산시 모델별 보조금,2023,서산시
승합(대형),피라인모터스,HYPERS1609HN,5993,8561,14554,2023년도 전기자동차 서산시 모델별 보조금,2023,서산시
승합(대형),비바모빌리티,(단종)브이버스90N,4287,6124,10411,2023년도 전기자동차 서산시 모델별 보조금,2023,서산시
승합(대형),비바모빌리티,(단종)브이버스120,4690,6700,11390,2023년도 전기자동차 서산시 모델별 보조금,2023,서산시
승합(대형),비바모빌리티,(단종)브이버스110-B,4246,6065,10311,2023년도 전기자동차 서산시 모델별 보조금,2023,서산시
승합(대형),범한자동차,E-SKY11(350kWh),4989,7127,12116,2023년도 전기자동차 서산시 모델별 보조금,2023,서산시
승합(대형),범한자동차,E-SKY9(281kWh),4978,7111,12089,2023년도 전기자동차 서산시 모델별 보조금,2023,서산시
승합(대형),범한자동차,E-STAR8 V1,4265,6092,10357,2023년도 전기자동차 서산시 모델별 보조금,2023,서산시
승합(대형),범한자동차,E-STAR11,4990,7128,12118,2023년도 전기자동차 서산시 모델별 보조금,2023,서산시
승합(대형),범한자동차,E-STAR12i,4990,7128,12118,2023년도 전기자동차 서산시 모델별 보조금,2023,서산시
승합(대형),에스에이피,아이즘(IZM),4690,6700,11390,2023년도 전기자동차 서산시 모델별 보조금,2023,서산시
승합(대형),에스에이피,엘페(ELFE),4388,6268,10656,2023년도 전기자동차 서산시 모델별 보조금,2023,서산시
승합(대형),에스에이피,리오네(LIONNE),4690,6700,11390,2023년도 전기자동차 서산시 모델별 보조금,2023,서산시
승합(대형),GS글로벌,NEW BYD eBus-12,4990,7128,12118,2023년도 전기자동차 서산시 모델별 보조금,2023,서산시
승합(대형),티에스에코에너지,일레누스(TS1100-2),6810,9728,16538,2023년도 전기자동차 서산시 모델별 보조금,2023,서산시
승합(대형),티에스에코에너지,일레누스(TS900),6451,9215,15666,2023년도 전기자동차 서산시 모델별 보조금,2023,서산시
승합(대형),이온모터스,시티라이트Ⅱ,4861,6944,11805,2023년도 전기자동차 서산시 모델별 보조금,2023,서산시
승합(대형),이온모터스,시티라이트9,4990,7128,12118,2023년도 전기자동차 서산시 모델별 보조금,2023,서산시
승합(대형),한차,GREENWAY1100,5394,7705,13099,2023년도 전기자동차 서산시 모델별 보조금,2023,서산시
승합(대형),한차,GREENWAY1100A,6258,8940,15198,2023년도 전기자동차 서산시 모델별 보조금,2023,서산시
승합(대형),이엠코리아,에픽시티(LFP),4990,7128,12118,2023년도 전기자동차 서산시 모델별 보조금,2023,서산시
승합(대형),태영티엔티,GD11,2857,4081,6938,2023년도 전기자동차 서산시 모델별 보조금,2023,서산시
승합(대형),재일홀딩스,그린타운400,3846,5494,9340,2023년도 전기자동차 서산시 모델별 보조금,2023,서산시
승합(대형),아이버스,아이버스어린이운송차,5727,8181,13908,2023년도 전기자동차 서산시 모델별 보조금,2023,서산시
승합(중형),현대자동차,(단종)카운티 일렉트릭(어린이운송용 33인승 V2),4052,0,4052,2023년도 전기자동차 논산시 모델별 보조금,2023,논산시
승합(중형),현대자동차,카운티 일렉트릭,4834,0,4834,2023년도 전기자동차 논산시 모델별 보조금,2023,논산시
승합(중형),현대자동차,카운티 일렉트릭(마을버스),5000,0,5000,2023년도 전기자동차 논산시 모델별 보조금,2023,논산시
승합(중형),이비온,"E6(JL618S), 어린이통학",2362,0,2362,2023년도 전기자동차 논산시 모델별 보조금,2023,논산시
승합(중형),GS글로벌,NEW BYD eBus-7,2894,0,2894,2023년도 전기자동차 논산시 모델별 보조금,2023,논산시
승합(중형),비바모빌리티,(단종)브이버스60,3211,0,3211,2023년도 전기자동차 논산시 모델별 보조금,2023,논산시
승합(중형),케이지모빌리티커머셜,SMART 8.7,4308,0,4308,2023년도 전기자동차 논산시 모델별 보조금,2023,논산시
승합(중형),한차,GREENWAY720,4530,0,4530,2023년도 전기자동차 논산시 모델별 보조금,2023,논산시
승합(중형),테라팩토리,테라밴키즈,1911,0,1911,2023년도 전기자동차 논산시 모델별 보조금,2023,논산시
승합(중형),테라팩토리,테라밴키즈11,1902,0,1902,2023년도 전기자동차 논산시 모델별 보조금,2023,논산시
승합(중형),테라팩토리,테라밴,1889,0,1889,2023년도 전기자동차 논산시 모델별 보조금,2023,논산시
승합(중형),중원자동차,EV J1,5000,0,5000,2023년도 전기자동차 논산시 모델별 보조금,2023,논산시
승합(대형),현대자동차,일렉시티 이층버스,11900,0,11900,2023년도 전기자동차 논산시 모델별 보조금,2023,논산시
승합(대형),현대자동차,일렉시티(3PACK),6887,0,6887,2023년도 전기자동차 논산시 모델별 보조금,2023,논산시
승합(대형),현대자동차,일렉시티(4PACK V1),7000,0,7000,2023년도 전기자동차 논산시 모델별 보조금,2023,논산시
승합(대형),현대자동차,일렉시티(4PACK V2),7000,0,7000,2023년도 전기자동차 논산시 모델별 보조금,2023,논산시
승합(대형),현대자동차,일렉시티 타운,6725,0,6725,2023년도 전기자동차 논산시 모델별 보조금,2023,논산시
승합(대형),케이지모빌리티커머셜,SMART 9.3,4990,0,4990,2023년도 전기자동차 논산시 모델별 보조금,2023,논산시
승합(대형),케이지모빌리티커머셜,SMART 110E(347kWh),6330,0,6330,2023년도 전기자동차 논산시 모델별 보조금,2023,논산시
승합(대형),케이지모빌리티커머셜,SMART 110(260kWh),5955,12345,18300,2023년도 전기자동차 논산시 모델별 보조금,2023,논산시
승합(대형),케이지모빌리티커머셜,SMART 110E(260kWh),6277,0,6277,2023년도 전기자동차 논산시 모델별 보조금,2023,논산시
승합(대형),우진산전,아폴로900전기버스,4420,0,4420,2023년도 전기자동차 논산시 모델별 보조금,2023,논산시
승합(대형),우진산전,아폴로1100전기버스 22MY,7000,0,7000,2023년도 전기자동차 논산시 모델별 보조금,2023,논산시
승합(대형),우진산전,아폴로1100전기버스 23MY,7000,0,7000,2023년도 전기자동차 논산시 모델별 보조금,2023,논산시
승합(대형),피라인모터스,HYPERS(H),5137,0,5137,2023년도 전기자동차 논산시 모델별 보조금,2023,논산시
승합(대형),피라인모터스,HYPERS1611,5111,0,5111,2023년도 전기자동차 논산시 모델별 보조금,2023,논산시
승합(대형),피라인모터스,HYPERS1609,5143,0,5143,2023년도 전기자동차 논산시 모델별 보조금,2023,논산시
승합(대형),피라인모터스,HYPERS1612,3893,0,3893,2023년도 전기자동차 논산시 모델별 보조금,2023,논산시
승합(대형),피라인모터스,HYPERS1609H,5572,0,5572,2023년도 전기자동차 논산시 모델별 보조금,2023,논산시
승합(대형),피라인모터스,HYPERS1612N,4990,0,4990,2023년도 전기자동차 논산시 모델별 보조금,2023,논산시
승합(대형),피라인모터스,HYPERS1609N,6042,0,6042,2023년도 전기자동차 논산시 모델별 보조금,2023,논산시
승합(대형),피라인모터스,HYPERS1611N,5620,0,5620,2023년도 전기자동차 논산시 모델별 보조금,2023,논산시
승합(대형),피라인모터스,HYPERS1609HN,5993,0,5993,2023년도 전기자동차 논산시 모델별 보조금,2023,논산시
승합(대형),비바모빌리티,(단종)브이버스90N,4287,0,4287,2023년도 전기자동차 논산시 모델별 보조금,2023,논산시
승합(대형),비바모빌리티,(단종)브이버스120,4690,0,4690,2023년도 전기자동차 논산시 모델별 보조금,2023,논산시
승합(대형),비바모빌리티,(단종)브이버스110-B,4246,0,4246,2023년도 전기자동차 논산시 모델별 보조금,2023,논산시
승합(대형),범한자동차,E-SKY11(350kWh),4989,0,4989,2023년도 전기자동차 논산시 모델별 보조금,2023,논산시
승합(대형),범한자동차,E-SKY9(281kWh),4978,0,4978,2023년도 전기자동차 논산시 모델별 보조금,2023,논산시
승합(대형),범한자동차,E-STAR8 V1,4265,0,4265,2023년도 전기자동차 논산시 모델별 보조금,2023,논산시
승합(대형),범한자동차,E-STAR11,4990,0,4990,2023년도 전기자동차 논산시 모델별 보조금,2023,논산시
승합(대형),범한자동차,E-STAR12i,4990,0,4990,2023년도 전기자동차 논산시 모델별 보조금,2023,논산시
승합(대형),에스에이피,아이즘(IZM),4690,0,4690,2023년도 전기자동차 논산시 모델별 보조금,2023,논산시
승합(대형),에스에이피,엘페(ELFE),4388,0,4388,2023년도 전기자동차 논산시 모델별 보조금,2023,논산시
승합(대형),에스에이피,리오네(LIONNE),4690,0,4690,2023년도 전기자동차 논산시 모델별 보조금,2023,논산시
승합(대형),GS글로벌,NEW BYD eBus-12,4990,0,4990,2023년도 전기자동차 논산시 모델별 보조금,2023,논산시
승합(대형),티에스에코에너지,일레누스(TS1100-2),6810,0,6810,2023년도 전기자동차 논산시 모델별 보조금,2023,논산시
승합(대형),티에스에코에너지,일레누스(TS900),6451,0,6451,2023년도 전기자동차 논산시 모델별 보조금,2023,논산시
승합(대형),이온모터스,시티라이트Ⅱ,4861,0,4861,2023년도 전기자동차 논산시 모델별 보조금,2023,논산시
승합(대형),이온모터스,시티라이트9,4990,0,4990,2023년도 전기자동차 논산시 모델별 보조금,2023,논산시
승합(대형),한차,GREENWAY1100,5394,0,5394,2023년도 전기자동차 논산시 모델별 보조금,2023,논산시
승합(대형),한차,GREENWAY1100A,6258,0,6258,2023년도 전기자동차 논산시 모델별 보조금,2023,논산시
승합(대형),이엠코리아,에픽시티(LFP),4990,0,4990,2023년도 전기자동차 논산시 모델별 보조금,2023,논산시
승합(대형),태영티엔티,GD11,2857,0,2857,2023년도 전기자동차 논산시 모델별 보조금,2023,논산시
승합(대형),재일홀딩스,그린타운400,3846,0,3846,2023년도 전기자동차 논산시 모델별 보조금,2023,논산시
승합(대형),아이버스,아이버스어린이운송차,5727,0,5727,2023년도 전기자동차 논산시 모델별 보조금,2023,논산시
승합(중형),현대자동차,(단종)카운티 일렉트릭(어린이운송용 33인승 V2),4052,0,4052,2023년도 전기자동차 계룡시 모델별 보조금,2023,계룡시
승합(중형),현대자동차,카운티 일렉트릭,4834,0,4834,2023년도 전기자동차 계룡시 모델별 보조금,2023,계룡시
승합(중형),현대자동차,카운티 일렉트릭(마을버스),5000,0,5000,2023년도 전기자동차 계룡시 모델별 보조금,2023,계룡시
승합(중형),이비온,"E6(JL618S), 어린이통학",2362,0,2362,2023년도 전기자동차 계룡시 모델별 보조금,2023,계룡시
승합(중형),GS글로벌,NEW BYD eBus-7,2894,0,2894,2023년도 전기자동차 계룡시 모델별 보조금,2023,계룡시
승합(중형),비바모빌리티,(단종)브이버스60,3211,0,3211,2023년도 전기자동차 계룡시 모델별 보조금,2023,계룡시
승합(중형),케이지모빌리티커머셜,SMART 8.7,4308,0,4308,2023년도 전기자동차 계룡시 모델별 보조금,2023,계룡시
승합(중형),한차,GREENWAY720,4530,0,4530,2023년도 전기자동차 계룡시 모델별 보조금,2023,계룡시
승합(중형),테라팩토리,테라밴키즈,1911,0,1911,2023년도 전기자동차 계룡시 모델별 보조금,2023,계룡시
승합(중형),테라팩토리,테라밴키즈11,1902,0,1902,2023년도 전기자동차 계룡시 모델별 보조금,2023,계룡시
승합(중형),테라팩토리,테라밴,1889,0,1889,2023년도 전기자동차 계룡시 모델별 보조금,2023,계룡시
승합(중형),중원자동차,EV J1,5000,0,5000,2023년도 전기자동차 계룡시 모델별 보조금,2023,계룡시
승합(대형),현대자동차,일렉시티 이층버스,11900,0,11900,2023년도 전기자동차 계룡시 모델별 보조금,2023,계룡시
승합(대형),현대자동차,일렉시티(3PACK),6887,0,6887,2023년도 전기자동차 계룡시 모델별 보조금,2023,계룡시
승합(대형),현대자동차,일렉시티(4PACK V1),7000,0,7000,2023년도 전기자동차 계룡시 모델별 보조금,2023,계룡시
승합(대형),현대자동차,일렉시티(4PACK V2),7000,0,7000,2023년도 전기자동차 계룡시 모델별 보조금,2023,계룡시
승합(대형),현대자동차,일렉시티 타운,6725,0,6725,2023년도 전기자동차 계룡시 모델별 보조금,2023,계룡시
승합(대형),케이지모빌리티커머셜,SMART 9.3,4990,0,4990,2023년도 전기자동차 계룡시 모델별 보조금,2023,계룡시
승합(대형),케이지모빌리티커머셜,SMART 110E(347kWh),6330,0,6330,2023년도 전기자동차 계룡시 모델별 보조금,2023,계룡시
승합(대형),케이지모빌리티커머셜,SMART 110(260kWh),5955,0,5955,2023년도 전기자동차 계룡시 모델별 보조금,2023,계룡시
승합(대형),케이지모빌리티커머셜,SMART 110E(260kWh),6277,0,6277,2023년도 전기자동차 계룡시 모델별 보조금,2023,계룡시
승합(대형),우진산전,아폴로900전기버스,4420,0,4420,2023년도 전기자동차 계룡시 모델별 보조금,2023,계룡시
승합(대형),우진산전,아폴로1100전기버스 22MY,7000,10400,17400,2023년도 전기자동차 계룡시 모델별 보조금,2023,계룡시
승합(대형),우진산전,아폴로1100전기버스 23MY,7000,10400,17400,2023년도 전기자동차 계룡시 모델별 보조금,2023,계룡시
승합(대형),피라인모터스,HYPERS(H),5137,0,5137,2023년도 전기자동차 계룡시 모델별 보조금,2023,계룡시
승합(대형),피라인모터스,HYPERS1611,5111,0,5111,2023년도 전기자동차 계룡시 모델별 보조금,2023,계룡시
승합(대형),피라인모터스,HYPERS1609,5143,0,5143,2023년도 전기자동차 계룡시 모델별 보조금,2023,계룡시
승합(대형),피라인모터스,HYPERS1612,3893,0,3893,2023년도 전기자동차 계룡시 모델별 보조금,2023,계룡시
승합(대형),피라인모터스,HYPERS1609H,5572,0,5572,2023년도 전기자동차 계룡시 모델별 보조금,2023,계룡시
승합(대형),피라인모터스,HYPERS1612N,4990,0,4990,2023년도 전기자동차 계룡시 모델별 보조금,2023,계룡시
승합(대형),피라인모터스,HYPERS1609N,6042,0,6042,2023년도 전기자동차 계룡시 모델별 보조금,2023,계룡시
승합(대형),피라인모터스,HYPERS1611N,5620,0,5620,2023년도 전기자동차 계룡시 모델별 보조금,2023,계룡시
승합(대형),피라인모터스,HYPERS1609HN,5993,0,5993,2023년도 전기자동차 계룡시 모델별 보조금,2023,계룡시
승합(대형),비바모빌리티,(단종)브이버스90N,4287,0,4287,2023년도 전기자동차 계룡시 모델별 보조금,2023,계룡시
승합(대형),비바모빌리티,(단종)브이버스120,4690,0,4690,2023년도 전기자동차 계룡시 모델별 보조금,2023,계룡시
승합(대형),비바모빌리티,(단종)브이버스110-B,4246,0,4246,2023년도 전기자동차 계룡시 모델별 보조금,2023,계룡시
승합(대형),범한자동차,E-SKY11(350kWh),4989,0,4989,2023년도 전기자동차 계룡시 모델별 보조금,2023,계룡시
승합(대형),범한자동차,E-SKY9(281kWh),4978,0,4978,2023년도 전기자동차 계룡시 모델별 보조금,2023,계룡시
승합(대형),범한자동차,E-STAR8 V1,4265,0,4265,2023년도 전기자동차 계룡시 모델별 보조금,2023,계룡시
승합(대형),범한자동차,E-STAR11,4990,0,4990,2023년도 전기자동차 계룡시 모델별 보조금,2023,계룡시
승합(대형),범한자동차,E-STAR12i,4990,0,4990,2023년도 전기자동차 계룡시 모델별 보조금,2023,계룡시
승합(대형),에스에이피,아이즘(IZM),4690,0,4690,2023년도 전기자동차 계룡시 모델별 보조금,2023,계룡시
승합(대형),에스에이피,엘페(ELFE),4388,0,4388,2023년도 전기자동차 계룡시 모델별 보조금,2023,계룡시
승합(대형),에스에이피,리오네(LIONNE),4690,0,4690,2023년도 전기자동차 계룡시 모델별 보조금,2023,계룡시
승합(대형),GS글로벌,NEW BYD eBus-12,4990,0,4990,2023년도 전기자동차 계룡시 모델별 보조금,2023,계룡시
승합(대형),티에스에코에너지,일레누스(TS1100-2),6810,0,6810,2023년도 전기자동차 계룡시 모델별 보조금,2023,계룡시
승합(대형),티에스에코에너지,일레누스(TS900),6451,0,6451,2023년도 전기자동차 계룡시 모델별 보조금,2023,계룡시
승합(대형),이온모터스,시티라이트Ⅱ,4861,0,4861,2023년도 전기자동차 계룡시 모델별 보조금,2023,계룡시
승합(대형),이온모터스,시티라이트9,4990,0,4990,2023년도 전기자동차 계룡시 모델별 보조금,2023,계룡시
승합(대형),한차,GREENWAY1100,5394,0,5394,2023년도 전기자동차 계룡시 모델별 보조금,2023,계룡시
승합(대형),한차,GREENWAY1100A,6258,0,6258,2023년도 전기자동차 계룡시 모델별 보조금,2023,계룡시
승합(대형),이엠코리아,에픽시티(LFP),4990,0,4990,2023년도 전기자동차 계룡시 모델별 보조금,2023,계룡시
승합(대형),태영티엔티,GD11,2857,0,2857,2023년도 전기자동차 계룡시 모델별 보조금,2023,계룡시
승합(대형),재일홀딩스,그린타운400,3846,0,3846,2023년도 전기자동차 계룡시 모델별 보조금,2023,계룡시
승합(대형),아이버스,아이버스어린이운송차,5727,0,5727,2023년도 전기자동차 계룡시 모델별 보조금,2023,계룡시
승합(중형),현대자동차,(단종)카운티 일렉트릭(어린이운송용 33인승 V2),4052,0,4052,2023년도 전기자동차 당진시 모델별 보조금,2023,당진시
승합(중형),현대자동차,카운티 일렉트릭,4834,0,4834,2023년도 전기자동차 당진시 모델별 보조금,2023,당진시
승합(중형),현대자동차,카운티 일렉트릭(마을버스),5000,0,5000,2023년도 전기자동차 당진시 모델별 보조금,2023,당진시
승합(중형),이비온,"E6(JL618S), 어린이통학",2362,0,2362,2023년도 전기자동차 당진시 모델별 보조금,2023,당진시
승합(중형),GS글로벌,NEW BYD eBus-7,2894,0,2894,2023년도 전기자동차 당진시 모델별 보조금,2023,당진시
승합(중형),비바모빌리티,(단종)브이버스60,3211,0,3211,2023년도 전기자동차 당진시 모델별 보조금,2023,당진시
승합(중형),케이지모빌리티커머셜,SMART 8.7,4308,0,4308,2023년도 전기자동차 당진시 모델별 보조금,2023,당진시
승합(중형),한차,GREENWAY720,4530,0,4530,2023년도 전기자동차 당진시 모델별 보조금,2023,당진시
승합(중형),테라팩토리,테라밴키즈,1911,0,1911,2023년도 전기자동차 당진시 모델별 보조금,2023,당진시
승합(중형),테라팩토리,테라밴키즈11,1902,0,1902,2023년도 전기자동차 당진시 모델별 보조금,2023,당진시
승합(중형),테라팩토리,테라밴,1889,0,1889,2023년도 전기자동차 당진시 모델별 보조금,2023,당진시
승합(중형),테라팩토리,"테라밴키즈(2022), 어린이운송용14명",2151,0,2151,2023년도 전기자동차 당진시 모델별 보조금,2023,당진시
승합(중형),테라팩토리,"테라밴키즈11(2022), 어린이운송용11명",2142,0,2142,2023년도 전기자동차 당진시 모델별 보조금,2023,당진시
승합(중형),테라팩토리,테라밴,2129,0,2129,2023년도 전기자동차 당진시 모델별 보조금,2023,당진시
승합(중형),중원자동차,EV J1,5000,0,5000,2023년도 전기자동차 당진시 모델별 보조금,2023,당진시
승합(대형),현대자동차,일렉시티 이층버스,11900,0,11900,2023년도 전기자동차 당진시 모델별 보조금,2023,당진시
승합(대형),현대자동차,일렉시티(3PACK),6887,0,6887,2023년도 전기자동차 당진시 모델별 보조금,2023,당진시
승합(대형),현대자동차,일렉시티(4PACK V1),7000,0,7000,2023년도 전기자동차 당진시 모델별 보조금,2023,당진시
승합(대형),현대자동차,일렉시티(4PACK V2),7000,0,7000,2023년도 전기자동차 당진시 모델별 보조금,2023,당진시
승합(대형),현대자동차,일렉시티 타운,6725,0,6725,2023년도 전기자동차 당진시 모델별 보조금,2023,당진시
승합(대형),케이지모빌리티커머셜,SMART 9.3,4990,0,4990,2023년도 전기자동차 당진시 모델별 보조금,2023,당진시
승합(대형),케이지모빌리티커머셜,SMART 110(272kWh),5660,0,5660,2023년도 전기자동차 당진시 모델별 보조금,2023,당진시
승합(대형),케이지모빌리티커머셜,SMART 110E(347kWh),6330,0,6330,2023년도 전기자동차 당진시 모델별 보조금,2023,당진시
승합(대형),케이지모빌리티커머셜,SMART 110(260kWh),5955,11484,17439,2023년도 전기자동차 당진시 모델별 보조금,2023,당진시
승합(대형),케이지모빌리티커머셜,SMART 110E(260kWh),6277,0,6277,2023년도 전기자동차 당진시 모델별 보조금,2023,당진시
승합(대형),우진산전,아폴로900전기버스,4420,0,4420,2023년도 전기자동차 당진시 모델별 보조금,2023,당진시
승합(대형),우진산전,아폴로1100전기버스 22MY,7000,0,7000,2023년도 전기자동차 당진시 모델별 보조금,2023,당진시
승합(대형),우진산전,아폴로1100전기버스 23MY,7000,0,7000,2023년도 전기자동차 당진시 모델별 보조금,2023,당진시
승합(대형),피라인모터스,HYPERS(H),5137,0,5137,2023년도 전기자동차 당진시 모델별 보조금,2023,당진시
승합(대형),피라인모터스,HYPERS1611,5111,0,5111,2023년도 전기자동차 당진시 모델별 보조금,2023,당진시
승합(대형),피라인모터스,HYPERS1609,5143,0,5143,2023년도 전기자동차 당진시 모델별 보조금,2023,당진시
승합(대형),피라인모터스,HYPERS1612,3893,0,3893,2023년도 전기자동차 당진시 모델별 보조금,2023,당진시
승합(대형),피라인모터스,HYPERS1609H,5572,0,5572,2023년도 전기자동차 당진시 모델별 보조금,2023,당진시
승합(대형),피라인모터스,HYPERS1612N,4990,0,4990,2023년도 전기자동차 당진시 모델별 보조금,2023,당진시
승합(대형),피라인모터스,HYPERS1609N,6042,0,6042,2023년도 전기자동차 당진시 모델별 보조금,2023,당진시
승합(대형),피라인모터스,HYPERS1611N,5620,0,5620,2023년도 전기자동차 당진시 모델별 보조금,2023,당진시
승합(대형),피라인모터스,HYPERS1609HN,5993,0,5993,2023년도 전기자동차 당진시 모델별 보조금,2023,당진시
승합(대형),비바모빌리티,(단종)브이버스90N,4287,0,4287,2023년도 전기자동차 당진시 모델별 보조금,2023,당진시
승합(대형),비바모빌리티,(단종)브이버스120,4690,0,4690,2023년도 전기자동차 당진시 모델별 보조금,2023,당진시
승합(대형),비바모빌리티,(단종)브이버스110-B,4246,0,4246,2023년도 전기자동차 당진시 모델별 보조금,2023,당진시
승합(대형),범한자동차,E-SKY11(350kWh),4989,0,4989,2023년도 전기자동차 당진시 모델별 보조금,2023,당진시
승합(대형),범한자동차,E-SKY9(281kWh),4978,0,4978,2023년도 전기자동차 당진시 모델별 보조금,2023,당진시
승합(대형),범한자동차,E-STAR8 V1,4265,0,4265,2023년도 전기자동차 당진시 모델별 보조금,2023,당진시
승합(대형),범한자동차,E-STAR11,4990,0,4990,2023년도 전기자동차 당진시 모델별 보조금,2023,당진시
승합(대형),범한자동차,E-STAR12i,4990,0,4990,2023년도 전기자동차 당진시 모델별 보조금,2023,당진시
승합(대형),에스에이피,아이즘(IZM),4690,0,4690,2023년도 전기자동차 당진시 모델별 보조금,2023,당진시
승합(대형),에스에이피,엘페(ELFE),4388,0,4388,2023년도 전기자동차 당진시 모델별 보조금,2023,당진시
승합(대형),에스에이피,리오네(LIONNE),4690,0,4690,2023년도 전기자동차 당진시 모델별 보조금,2023,당진시
승합(대형),GS글로벌,NEW BYD eBus-12,4990,0,4990,2023년도 전기자동차 당진시 모델별 보조금,2023,당진시
승합(대형),티에스에코에너지,일레누스(TS1100-2),6810,0,6810,2023년도 전기자동차 당진시 모델별 보조금,2023,당진시
승합(대형),티에스에코에너지,일레누스(TS900),6451,0,6451,2023년도 전기자동차 당진시 모델별 보조금,2023,당진시
승합(대형),이온모터스,시티라이트Ⅱ,4861,0,4861,2023년도 전기자동차 당진시 모델별 보조금,2023,당진시
승합(대형),이온모터스,시티라이트9,4990,0,4990,2023년도 전기자동차 당진시 모델별 보조금,2023,당진시
승합(대형),한차,GREENWAY1100,5394,0,5394,2023년도 전기자동차 당진시 모델별 보조금,2023,당진시
승합(대형),한차,GREENWAY1100A,6258,0,6258,2023년도 전기자동차 당진시 모델별 보조금,2023,당진시
승합(대형),이엠코리아,에픽시티(LFP),4990,0,4990,2023년도 전기자동차 당진시 모델별 보조금,2023,당진시
승합(대형),태영티엔티,GD11,2857,0,2857,2023년도 전기자동차 당진시 모델별 보조금,2023,당진시
승합(대형),재일홀딩스,그린타운400,3846,0,3846,2023년도 전기자동차 당진시 모델별 보조금,2023,당진시
승합(대형),아이버스,아이버스어린이운송차,5727,0,5727,2023년도 전기자동차 당진시 모델별 보조금,2023,당진시
모델별 지방비 자료가 없습니다.,모델별 지방비 자료가 없습니다.,모델별 지방비 자료가 없습니다.,모델별 지방비 자료가 없습니다.,모델별 지방비 자료가 없습니다.,모델별 지방비 자료가 없습니다.,2023년도 전기자동차 금산군 모델별 보조금,2023,금산군
승합(중형),현대자동차,(단종)카운티 일렉트릭(어린이운송용 33인승 V2),4052,5000,9052,2023년도 전기자동차 부여군 모델별 보조금,2023,부여군
승합(중형),현대자동차,카운티 일렉트릭,4834,5000,9834,2023년도 전기자동차 부여군 모델별 보조금,2023,부여군
승합(중형),현대자동차,카운티 일렉트릭(마을버스),5000,5000,10000,2023년도 전기자동차 부여군 모델별 보조금,2023,부여군
승합(중형),이비온,"E6(JL618S), 어린이통학",2362,5000,7362,2023년도 전기자동차 부여군 모델별 보조금,2023,부여군
승합(중형),GS글로벌,NEW BYD eBus-7,2894,5000,7894,2023년도 전기자동차 부여군 모델별 보조금,2023,부여군
승합(중형),비바모빌리티,(단종)브이버스60,3211,5000,8211,2023년도 전기자동차 부여군 모델별 보조금,2023,부여군
승합(중형),케이지모빌리티커머셜,SMART 8.7,4308,5000,9308,2023년도 전기자동차 부여군 모델별 보조금,2023,부여군
승합(중형),한차,GREENWAY720,4530,5000,9530,2023년도 전기자동차 부여군 모델별 보조금,2023,부여군
승합(중형),테라팩토리,테라밴키즈,1911,5000,6911,2023년도 전기자동차 부여군 모델별 보조금,2023,부여군
승합(중형),테라팩토리,테라밴키즈11,1902,5000,6902,2023년도 전기자동차 부여군 모델별 보조금,2023,부여군
승합(중형),테라팩토리,테라밴,1889,5000,6889,2023년도 전기자동차 부여군 모델별 보조금,2023,부여군
승합(중형),테라팩토리,"테라밴키즈(2022), 어린이운송용14명",2151,5000,7151,2023년도 전기자동차 부여군 모델별 보조금,2023,부여군
승합(중형),테라팩토리,"테라밴키즈11(2022), 어린이운송용11명",2142,5000,7142,2023년도 전기자동차 부여군 모델별 보조금,2023,부여군
승합(중형),테라팩토리,테라밴,2129,5000,7129,2023년도 전기자동차 부여군 모델별 보조금,2023,부여군
승합(중형),중원자동차,EV J1,5000,5000,10000,2023년도 전기자동차 부여군 모델별 보조금,2023,부여군
승합(대형),현대자동차,일렉시티 이층버스,11900,10000,21900,2023년도 전기자동차 부여군 모델별 보조금,2023,부여군
승합(대형),현대자동차,일렉시티(3PACK),6887,10000,16887,2023년도 전기자동차 부여군 모델별 보조금,2023,부여군
승합(대형),현대자동차,일렉시티(4PACK V1),7000,10000,17000,2023년도 전기자동차 부여군 모델별 보조금,2023,부여군
승합(대형),현대자동차,일렉시티(4PACK V2),7000,10000,17000,2023년도 전기자동차 부여군 모델별 보조금,2023,부여군
승합(대형),현대자동차,일렉시티 타운,6725,10000,16725,2023년도 전기자동차 부여군 모델별 보조금,2023,부여군
승합(대형),케이지모빌리티커머셜,SMART 9.3,4990,10000,14990,2023년도 전기자동차 부여군 모델별 보조금,2023,부여군
승합(대형),케이지모빌리티커머셜,SMART 110(272kWh),5660,0,5660,2023년도 전기자동차 부여군 모델별 보조금,2023,부여군
승합(대형),케이지모빌리티커머셜,SMART 110E(347kWh),6330,10000,16330,2023년도 전기자동차 부여군 모델별 보조금,2023,부여군
승합(대형),케이지모빌리티커머셜,SMART 110(260kWh),5955,10000,15955,2023년도 전기자동차 부여군 모델별 보조금,2023,부여군
승합(대형),케이지모빌리티커머셜,SMART 110E(260kWh),6277,10000,16277,2023년도 전기자동차 부여군 모델별 보조금,2023,부여군
승합(대형),우진산전,아폴로900전기버스,4420,10000,14420,2023년도 전기자동차 부여군 모델별 보조금,2023,부여군
승합(대형),우진산전,아폴로1100전기버스 22MY,7000,10000,17000,2023년도 전기자동차 부여군 모델별 보조금,2023,부여군
승합(대형),우진산전,아폴로1100전기버스 23MY,7000,0,7000,2023년도 전기자동차 부여군 모델별 보조금,2023,부여군
승합(대형),피라인모터스,HYPERS(H),5137,10000,15137,2023년도 전기자동차 부여군 모델별 보조금,2023,부여군
승합(대형),피라인모터스,HYPERS1611,5111,10000,15111,2023년도 전기자동차 부여군 모델별 보조금,2023,부여군
승합(대형),피라인모터스,HYPERS1609,5143,10000,15143,2023년도 전기자동차 부여군 모델별 보조금,2023,부여군
승합(대형),피라인모터스,HYPERS1612,3893,10000,13893,2023년도 전기자동차 부여군 모델별 보조금,2023,부여군
승합(대형),피라인모터스,HYPERS1609H,5572,10000,15572,2023년도 전기자동차 부여군 모델별 보조금,2023,부여군
승합(대형),피라인모터스,HYPERS1612N,4990,10000,14990,2023년도 전기자동차 부여군 모델별 보조금,2023,부여군
승합(대형),피라인모터스,HYPERS1609N,6042,10000,16042,2023년도 전기자동차 부여군 모델별 보조금,2023,부여군
승합(대형),피라인모터스,HYPERS1611N,5620,10000,15620,2023년도 전기자동차 부여군 모델별 보조금,2023,부여군
승합(대형),피라인모터스,HYPERS1609HN,5993,10000,15993,2023년도 전기자동차 부여군 모델별 보조금,2023,부여군
승합(대형),비바모빌리티,(단종)브이버스90N,4287,10000,14287,2023년도 전기자동차 부여군 모델별 보조금,2023,부여군
승합(대형),비바모빌리티,(단종)브이버스120,4690,10000,14690,2023년도 전기자동차 부여군 모델별 보조금,2023,부여군
승합(대형),비바모빌리티,(단종)브이버스110-B,4246,10000,14246,2023년도 전기자동차 부여군 모델별 보조금,2023,부여군
승합(대형),범한자동차,E-SKY11(350kWh),4989,10000,14989,2023년도 전기자동차 부여군 모델별 보조금,2023,부여군
승합(대형),범한자동차,E-SKY9(281kWh),4978,10000,14978,2023년도 전기자동차 부여군 모델별 보조금,2023,부여군
승합(대형),범한자동차,E-STAR8 V1,4265,10000,14265,2023년도 전기자동차 부여군 모델별 보조금,2023,부여군
승합(대형),범한자동차,E-STAR11,4990,10000,14990,2023년도 전기자동차 부여군 모델별 보조금,2023,부여군
승합(대형),범한자동차,E-STAR12i,4990,10000,14990,2023년도 전기자동차 부여군 모델별 보조금,2023,부여군
승합(대형),에스에이피,아이즘(IZM),4690,10000,14690,2023년도 전기자동차 부여군 모델별 보조금,2023,부여군
승합(대형),에스에이피,엘페(ELFE),4388,8639,13027,2023년도 전기자동차 부여군 모델별 보조금,2023,부여군
승합(대형),에스에이피,리오네(LIONNE),4690,10000,14690,2023년도 전기자동차 부여군 모델별 보조금,2023,부여군
승합(대형),GS글로벌,NEW BYD eBus-12,4990,10000,14990,2023년도 전기자동차 부여군 모델별 보조금,2023,부여군
승합(대형),티에스에코에너지,일레누스(TS1100-2),6810,10000,16810,2023년도 전기자동차 부여군 모델별 보조금,2023,부여군
승합(대형),티에스에코에너지,일레누스(TS900),6451,10000,16451,2023년도 전기자동차 부여군 모델별 보조금,2023,부여군
승합(대형),이온모터스,시티라이트Ⅱ,4861,10000,14861,2023년도 전기자동차 부여군 모델별 보조금,2023,부여군
승합(대형),이온모터스,시티라이트9,4990,10000,14990,2023년도 전기자동차 부여군 모델별 보조금,2023,부여군
승합(대형),한차,GREENWAY1100,5394,10000,15394,2023년도 전기자동차 부여군 모델별 보조금,2023,부여군
승합(대형),한차,GREENWAY1100A,6258,10000,16258,2023년도 전기자동차 부여군 모델별 보조금,2023,부여군
승합(대형),이엠코리아,에픽시티(LFP),4990,10000,14990,2023년도 전기자동차 부여군 모델별 보조금,2023,부여군
승합(대형),태영티엔티,GD11,2857,0,2857,2023년도 전기자동차 부여군 모델별 보조금,2023,부여군
승합(대형),재일홀딩스,그린타운400,3846,10000,13846,2023년도 전기자동차 부여군 모델별 보조금,2023,부여군
승합(대형),아이버스,아이버스어린이운송차,5727,10000,15727,2023년도 전기자동차 부여군 모델별 보조금,2023,부여군
승합(중형),현대자동차,(단종)카운티 일렉트릭(어린이운송용 33인승 V2),4052,0,4052,2023년도 전기자동차 서천군 모델별 보조금,2023,서천군
승합(중형),현대자동차,카운티 일렉트릭,4834,0,4834,2023년도 전기자동차 서천군 모델별 보조금,2023,서천군
승합(중형),현대자동차,카운티 일렉트릭(마을버스),5000,0,5000,2023년도 전기자동차 서천군 모델별 보조금,2023,서천군
승합(중형),이비온,"E6(JL618S), 어린이통학",2362,0,2362,2023년도 전기자동차 서천군 모델별 보조금,2023,서천군
승합(중형),GS글로벌,NEW BYD eBus-7,2894,0,2894,2023년도 전기자동차 서천군 모델별 보조금,2023,서천군
승합(중형),비바모빌리티,(단종)브이버스60,3211,0,3211,2023년도 전기자동차 서천군 모델별 보조금,2023,서천군
승합(중형),케이지모빌리티커머셜,SMART 8.7,4308,0,4308,2023년도 전기자동차 서천군 모델별 보조금,2023,서천군
승합(중형),한차,GREENWAY720,4530,0,4530,2023년도 전기자동차 서천군 모델별 보조금,2023,서천군
승합(대형),현대자동차,일렉시티 타운,6725,0,6725,2023년도 전기자동차 서천군 모델별 보조금,2023,서천군
모델별 지방비 자료가 없습니다.,모델별 지방비 자료가 없습니다.,모델별 지방비 자료가 없습니다.,모델별 지방비 자료가 없습니다.,모델별 지방비 자료가 없습니다.,모델별 지방비 자료가 없습니다.,2023년도 전기자동차 청양군 모델별 보조금,2023,청양군
모델별 지방비 자료가 없습니다.,모델별 지방비 자료가 없습니다.,모델별 지방비 자료가 없습니다.,모델별 지방비 자료가 없습니다.,모델별 지방비 자료가 없습니다.,모델별 지방비 자료가 없습니다.,2023년도 전기자동차 홍성군 모델별 보조금,2023,홍성군
모델별 지방비 자료가 없습니다.,모델별 지방비 자료가 없습니다.,모델별 지방비 자료가 없습니다.,모델별 지방비 자료가 없습니다.,모델별 지방비 자료가 없습니다.,모델별 지방비 자료가 없습니다.,2023년도 전기자동차 예산군 모델별 보조금,2023,예산군
모델별 지방비 자료가 없습니다.,모델별 지방비 자료가 없습니다.,모델별 지방비 자료가 없습니다.,모델별 지방비 자료가 없습니다.,모델별 지방비 자료가 없습니다.,모델별 지방비 자료가 없습니다.,2023년도 전기자동차 태안군 모델별 보조금,2023,태안군
승합(중형),현대자동차,(단종)카운티 일렉트릭(어린이운송용 33인승 V2),4052,4052,8104,2023년도 전기자동차 전주시 모델별 보조금,2023,전주시
승합(중형),현대자동차,카운티 일렉트릭,4834,4834,9668,2023년도 전기자동차 전주시 모델별 보조금,2023,전주시
승합(중형),현대자동차,카운티 일렉트릭(마을버스),5000,5000,10000,2023년도 전기자동차 전주시 모델별 보조금,2023,전주시
승합(중형),이비온,"E6(JL618S), 어린이통학",2362,2362,4724,2023년도 전기자동차 전주시 모델별 보조금,2023,전주시
승합(중형),GS글로벌,NEW BYD eBus-7,2894,2894,5788,2023년도 전기자동차 전주시 모델별 보조금,2023,전주시
승합(중형),비바모빌리티,(단종)브이버스60,3211,3211,6422,2023년도 전기자동차 전주시 모델별 보조금,2023,전주시
승합(중형),케이지모빌리티커머셜,SMART 8.7,4308,4308,8616,2023년도 전기자동차 전주시 모델별 보조금,2023,전주시
승합(중형),한차,GREENWAY720,4530,4530,9060,2023년도 전기자동차 전주시 모델별 보조금,2023,전주시
승합(중형),테라팩토리,테라밴키즈,1911,1911,3822,2023년도 전기자동차 전주시 모델별 보조금,2023,전주시
승합(중형),테라팩토리,테라밴키즈11,1902,1902,3804,2023년도 전기자동차 전주시 모델별 보조금,2023,전주시
승합(중형),테라팩토리,테라밴,1889,1889,3778,2023년도 전기자동차 전주시 모델별 보조금,2023,전주시
승합(중형),테라팩토리,"테라밴키즈(2022), 어린이운송용14명",2151,2151,4302,2023년도 전기자동차 전주시 모델별 보조금,2023,전주시
승합(중형),테라팩토리,"테라밴키즈11(2022), 어린이운송용11명",2142,2142,4284,2023년도 전기자동차 전주시 모델별 보조금,2023,전주시
승합(중형),테라팩토리,테라밴,2129,2129,4258,2023년도 전기자동차 전주시 모델별 보조금,2023,전주시
승합(중형),중원자동차,EV J1,5000,5000,10000,2023년도 전기자동차 전주시 모델별 보조금,2023,전주시
승합(대형),현대자동차,일렉시티 이층버스,11900,11900,23800,2023년도 전기자동차 전주시 모델별 보조금,2023,전주시
승합(대형),현대자동차,일렉시티(3PACK),6887,6887,13774,2023년도 전기자동차 전주시 모델별 보조금,2023,전주시
승합(대형),현대자동차,일렉시티(4PACK V1),7000,7000,14000,2023년도 전기자동차 전주시 모델별 보조금,2023,전주시
승합(대형),현대자동차,일렉시티(4PACK V2),7000,7000,14000,2023년도 전기자동차 전주시 모델별 보조금,2023,전주시
승합(대형),현대자동차,일렉시티 타운,6725,6725,13450,2023년도 전기자동차 전주시 모델별 보조금,2023,전주시
승합(대형),케이지모빌리티커머셜,SMART 9.3,4990,4990,9980,2023년도 전기자동차 전주시 모델별 보조금,2023,전주시
승합(대형),케이지모빌리티커머셜,SMART 110(272kWh),5660,5660,11320,2023년도 전기자동차 전주시 모델별 보조금,2023,전주시
승합(대형),케이지모빌리티커머셜,SMART 110E(347kWh),6330,6330,12660,2023년도 전기자동차 전주시 모델별 보조금,2023,전주시
승합(대형),케이지모빌리티커머셜,SMART 110(260kWh),5955,5955,11910,2023년도 전기자동차 전주시 모델별 보조금,2023,전주시
승합(대형),케이지모빌리티커머셜,SMART 110E(260kWh),6277,6277,12554,2023년도 전기자동차 전주시 모델별 보조금,2023,전주시
승합(대형),우진산전,아폴로900전기버스,4420,4420,8840,2023년도 전기자동차 전주시 모델별 보조금,2023,전주시
승합(대형),우진산전,아폴로1100전기버스 22MY,7000,7000,14000,2023년도 전기자동차 전주시 모델별 보조금,2023,전주시
승합(대형),우진산전,아폴로1100전기버스 23MY,7000,7000,14000,2023년도 전기자동차 전주시 모델별 보조금,2023,전주시
승합(대형),우진산전,아폴로1200-B43,7000,7000,14000,2023년도 전기자동차 전주시 모델별 보조금,2023,전주시
승합(대형),피라인모터스,HYPERS(H),5137,5137,10274,2023년도 전기자동차 전주시 모델별 보조금,2023,전주시
승합(대형),피라인모터스,HYPERS1611,5111,5111,10222,2023년도 전기자동차 전주시 모델별 보조금,2023,전주시
승합(대형),피라인모터스,HYPERS1609,5143,5143,10286,2023년도 전기자동차 전주시 모델별 보조금,2023,전주시
승합(대형),피라인모터스,HYPERS1612,3893,3893,7786,2023년도 전기자동차 전주시 모델별 보조금,2023,전주시
승합(대형),피라인모터스,HYPERS1609H,5572,5572,11144,2023년도 전기자동차 전주시 모델별 보조금,2023,전주시
승합(대형),피라인모터스,HYPERS1612N,4990,4990,9980,2023년도 전기자동차 전주시 모델별 보조금,2023,전주시
승합(대형),피라인모터스,HYPERS1609N,6042,6042,12084,2023년도 전기자동차 전주시 모델별 보조금,2023,전주시
승합(대형),피라인모터스,HYPERS1611N,5620,5620,11240,2023년도 전기자동차 전주시 모델별 보조금,2023,전주시
승합(대형),피라인모터스,HYPERS1609HN,5993,5993,11986,2023년도 전기자동차 전주시 모델별 보조금,2023,전주시
승합(대형),피라인모터스,HYPERS1611P,7000,7000,14000,2023년도 전기자동차 전주시 모델별 보조금,2023,전주시
승합(대형),피라인모터스,HYPERS1609P,7000,7000,14000,2023년도 전기자동차 전주시 모델별 보조금,2023,전주시
승합(대형),비바모빌리티,(단종)브이버스90N,4287,4287,8574,2023년도 전기자동차 전주시 모델별 보조금,2023,전주시
승합(대형),비바모빌리티,(단종)브이버스120,4690,4690,9380,2023년도 전기자동차 전주시 모델별 보조금,2023,전주시
승합(대형),비바모빌리티,(단종)브이버스110-B,4246,4246,8492,2023년도 전기자동차 전주시 모델별 보조금,2023,전주시
승합(대형),범한자동차,E-SKY11(350kWh),4989,4989,9978,2023년도 전기자동차 전주시 모델별 보조금,2023,전주시
승합(대형),범한자동차,E-SKY9(281kWh),4978,4978,9956,2023년도 전기자동차 전주시 모델별 보조금,2023,전주시
승합(대형),범한자동차,E-STAR8 V1,4265,4265,8530,2023년도 전기자동차 전주시 모델별 보조금,2023,전주시
승합(대형),범한자동차,E-STAR11,4990,4990,9980,2023년도 전기자동차 전주시 모델별 보조금,2023,전주시
승합(대형),범한자동차,E-STAR12i,4990,4990,9980,2023년도 전기자동차 전주시 모델별 보조금,2023,전주시
승합(대형),에스에이피,아이즘(IZM),4690,4690,9380,2023년도 전기자동차 전주시 모델별 보조금,2023,전주시
승합(대형),에스에이피,엘페(ELFE),4388,4388,8776,2023년도 전기자동차 전주시 모델별 보조금,2023,전주시
승합(대형),에스에이피,리오네(LIONNE),4690,4690,9380,2023년도 전기자동차 전주시 모델별 보조금,2023,전주시
승합(대형),GS글로벌,NEW BYD eBus-12,4990,4990,9980,2023년도 전기자동차 전주시 모델별 보조금,2023,전주시
승합(대형),GS글로벌,BYD eBus9,5660,5660,11320,2023년도 전기자동차 전주시 모델별 보조금,2023,전주시
승합(대형),티에스에코에너지,일레누스(TS1100-1),6633,0,6633,2023년도 전기자동차 전주시 모델별 보조금,2023,전주시
승합(대형),티에스에코에너지,일레누스(TS1100-2),6810,6810,13620,2023년도 전기자동차 전주시 모델별 보조금,2023,전주시
승합(대형),티에스에코에너지,일레누스(TS900),6451,6451,12902,2023년도 전기자동차 전주시 모델별 보조금,2023,전주시
승합(대형),이온모터스,시티라이트Ⅱ,4861,4861,9722,2023년도 전기자동차 전주시 모델별 보조금,2023,전주시
승합(대형),이온모터스,시티라이트9,4990,4990,9980,2023년도 전기자동차 전주시 모델별 보조금,2023,전주시
승합(대형),한차,GREENWAY1100,5394,5394,10788,2023년도 전기자동차 전주시 모델별 보조금,2023,전주시
승합(대형),한차,GREENWAY1100A,6258,6258,12516,2023년도 전기자동차 전주시 모델별 보조금,2023,전주시
승합(대형),이엠코리아,에픽시티(LFP),4990,0,4990,2023년도 전기자동차 전주시 모델별 보조금,2023,전주시
승합(대형),이엠코리아,에픽타운(LFP),4406,4406,8812,2023년도 전기자동차 전주시 모델별 보조금,2023,전주시
승합(대형),태영티엔티,GD11,2857,2857,5714,2023년도 전기자동차 전주시 모델별 보조금,2023,전주시
승합(대형),재일홀딩스,그린타운400,3846,0,3846,2023년도 전기자동차 전주시 모델별 보조금,2023,전주시
승합(대형),아이버스,아이버스어린이운송차,5727,5727,11454,2023년도 전기자동차 전주시 모델별 보조금,2023,전주시
승합(대형),서울시티투어버스,타이거클래식트롤리버스,3161,3161,6322,2023년도 전기자동차 전주시 모델별 보조금,2023,전주시
승합(중형),현대자동차,(단종)카운티 일렉트릭(어린이운송용 33인승 V2),4052,4052,8104,2023년도 전기자동차 군산시 모델별 보조금,2023,군산시
승합(중형),현대자동차,카운티 일렉트릭,4834,4834,9668,2023년도 전기자동차 군산시 모델별 보조금,2023,군산시
승합(중형),현대자동차,카운티 일렉트릭(마을버스),5000,5000,10000,2023년도 전기자동차 군산시 모델별 보조금,2023,군산시
승합(중형),이비온,"E6(JL618S), 어린이통학",2362,2362,4724,2023년도 전기자동차 군산시 모델별 보조금,2023,군산시
승합(중형),GS글로벌,NEW BYD eBus-7,2894,2894,5788,2023년도 전기자동차 군산시 모델별 보조금,2023,군산시
승합(중형),비바모빌리티,(단종)브이버스60,3211,3211,6422,2023년도 전기자동차 군산시 모델별 보조금,2023,군산시
승합(중형),케이지모빌리티커머셜,SMART 8.7,4308,4308,8616,2023년도 전기자동차 군산시 모델별 보조금,2023,군산시
승합(중형),한차,GREENWAY720,4530,4530,9060,2023년도 전기자동차 군산시 모델별 보조금,2023,군산시
승합(중형),테라팩토리,테라밴키즈,1911,1911,3822,2023년도 전기자동차 군산시 모델별 보조금,2023,군산시
승합(중형),테라팩토리,테라밴키즈11,1902,1902,3804,2023년도 전기자동차 군산시 모델별 보조금,2023,군산시
승합(중형),테라팩토리,테라밴,1889,1889,3778,2023년도 전기자동차 군산시 모델별 보조금,2023,군산시
승합(중형),테라팩토리,"테라밴키즈(2022), 어린이운송용14명",2151,2151,4302,2023년도 전기자동차 군산시 모델별 보조금,2023,군산시
승합(중형),테라팩토리,"테라밴키즈11(2022), 어린이운송용11명",2142,2142,4284,2023년도 전기자동차 군산시 모델별 보조금,2023,군산시
승합(중형),테라팩토리,테라밴,2129,2129,4258,2023년도 전기자동차 군산시 모델별 보조금,2023,군산시
승합(중형),중원자동차,EV J1,5000,5000,10000,2023년도 전기자동차 군산시 모델별 보조금,2023,군산시
승합(대형),현대자동차,일렉시티 이층버스,11900,11900,23800,2023년도 전기자동차 군산시 모델별 보조금,2023,군산시
승합(대형),현대자동차,일렉시티(3PACK),6887,6887,13774,2023년도 전기자동차 군산시 모델별 보조금,2023,군산시
승합(대형),현대자동차,일렉시티(4PACK V1),7000,7000,14000,2023년도 전기자동차 군산시 모델별 보조금,2023,군산시
승합(대형),현대자동차,일렉시티(4PACK V2),7000,7000,14000,2023년도 전기자동차 군산시 모델별 보조금,2023,군산시
승합(대형),현대자동차,일렉시티 타운,6725,6725,13450,2023년도 전기자동차 군산시 모델별 보조금,2023,군산시
승합(대형),케이지모빌리티커머셜,SMART 9.3,4990,4990,9980,2023년도 전기자동차 군산시 모델별 보조금,2023,군산시
승합(대형),케이지모빌리티커머셜,SMART 110(272kWh),5660,5660,11320,2023년도 전기자동차 군산시 모델별 보조금,2023,군산시
승합(대형),케이지모빌리티커머셜,SMART 110E(347kWh),6330,6330,12660,2023년도 전기자동차 군산시 모델별 보조금,2023,군산시
승합(대형),케이지모빌리티커머셜,SMART 110(260kWh),5955,5955,11910,2023년도 전기자동차 군산시 모델별 보조금,2023,군산시
승합(대형),케이지모빌리티커머셜,SMART 110E(260kWh),6277,6277,12554,2023년도 전기자동차 군산시 모델별 보조금,2023,군산시
승합(대형),우진산전,아폴로900전기버스,4420,4420,8840,2023년도 전기자동차 군산시 모델별 보조금,2023,군산시
승합(대형),우진산전,아폴로1100전기버스 22MY,7000,7000,14000,2023년도 전기자동차 군산시 모델별 보조금,2023,군산시
승합(대형),우진산전,아폴로1100전기버스 23MY,7000,7000,14000,2023년도 전기자동차 군산시 모델별 보조금,2023,군산시
승합(대형),피라인모터스,HYPERS(H),5137,5137,10274,2023년도 전기자동차 군산시 모델별 보조금,2023,군산시
승합(대형),피라인모터스,HYPERS1611,5111,5111,10222,2023년도 전기자동차 군산시 모델별 보조금,2023,군산시
승합(대형),피라인모터스,HYPERS1609,5143,5143,10286,2023년도 전기자동차 군산시 모델별 보조금,2023,군산시
승합(대형),피라인모터스,HYPERS1612,3893,3893,7786,2023년도 전기자동차 군산시 모델별 보조금,2023,군산시
승합(대형),피라인모터스,HYPERS1609H,5572,5572,11144,2023년도 전기자동차 군산시 모델별 보조금,2023,군산시
승합(대형),피라인모터스,HYPERS1612N,4990,4990,9980,2023년도 전기자동차 군산시 모델별 보조금,2023,군산시
승합(대형),피라인모터스,HYPERS1609N,6042,6042,12084,2023년도 전기자동차 군산시 모델별 보조금,2023,군산시
승합(대형),피라인모터스,HYPERS1611N,5620,5620,11240,2023년도 전기자동차 군산시 모델별 보조금,2023,군산시
승합(대형),피라인모터스,HYPERS1609HN,5993,5993,11986,2023년도 전기자동차 군산시 모델별 보조금,2023,군산시
승합(대형),비바모빌리티,(단종)브이버스90N,4287,4287,8574,2023년도 전기자동차 군산시 모델별 보조금,2023,군산시
승합(대형),비바모빌리티,(단종)브이버스120,4690,4690,9380,2023년도 전기자동차 군산시 모델별 보조금,2023,군산시
승합(대형),비바모빌리티,(단종)브이버스110-B,4246,4246,8492,2023년도 전기자동차 군산시 모델별 보조금,2023,군산시
승합(대형),범한자동차,E-SKY11(350kWh),4989,4989,9978,2023년도 전기자동차 군산시 모델별 보조금,2023,군산시
승합(대형),범한자동차,E-SKY9(281kWh),4978,4978,9956,2023년도 전기자동차 군산시 모델별 보조금,2023,군산시
승합(대형),범한자동차,E-STAR8 V1,4265,4265,8530,2023년도 전기자동차 군산시 모델별 보조금,2023,군산시
승합(대형),범한자동차,E-STAR11,4990,4990,9980,2023년도 전기자동차 군산시 모델별 보조금,2023,군산시
승합(대형),범한자동차,E-STAR12i,4990,4990,9980,2023년도 전기자동차 군산시 모델별 보조금,2023,군산시
승합(대형),에스에이피,아이즘(IZM),4690,4690,9380,2023년도 전기자동차 군산시 모델별 보조금,2023,군산시
승합(대형),에스에이피,엘페(ELFE),4388,4388,8776,2023년도 전기자동차 군산시 모델별 보조금,2023,군산시
승합(대형),에스에이피,리오네(LIONNE),4690,4690,9380,2023년도 전기자동차 군산시 모델별 보조금,2023,군산시
승합(대형),GS글로벌,NEW BYD eBus-12,4990,4990,9980,2023년도 전기자동차 군산시 모델별 보조금,2023,군산시
승합(대형),티에스에코에너지,일레누스(TS1100-2),6810,6810,13620,2023년도 전기자동차 군산시 모델별 보조금,2023,군산시
승합(대형),티에스에코에너지,일레누스(TS900),6451,6451,12902,2023년도 전기자동차 군산시 모델별 보조금,2023,군산시
승합(대형),이온모터스,시티라이트Ⅱ,4861,4861,9722,2023년도 전기자동차 군산시 모델별 보조금,2023,군산시
승합(대형),이온모터스,시티라이트9,4990,4990,9980,2023년도 전기자동차 군산시 모델별 보조금,2023,군산시
승합(대형),한차,GREENWAY1100,5394,5394,10788,2023년도 전기자동차 군산시 모델별 보조금,2023,군산시
승합(대형),한차,GREENWAY1100A,6258,6258,12516,2023년도 전기자동차 군산시 모델별 보조금,2023,군산시
승합(대형),이엠코리아,에픽시티(LFP),4990,4990,9980,2023년도 전기자동차 군산시 모델별 보조금,2023,군산시
승합(대형),태영티엔티,GD11,2857,2857,5714,2023년도 전기자동차 군산시 모델별 보조금,2023,군산시
승합(대형),재일홀딩스,그린타운400,3846,3846,7692,2023년도 전기자동차 군산시 모델별 보조금,2023,군산시
승합(대형),아이버스,아이버스어린이운송차,5727,5727,11454,2023년도 전기자동차 군산시 모델별 보조금,2023,군산시
승합(중형),현대자동차,(단종)카운티 일렉트릭(어린이운송용 33인승 V2),4052,4052,8104,2023년도 전기자동차 익산시 모델별 보조금,2023,익산시
승합(중형),현대자동차,카운티 일렉트릭,4834,4834,9668,2023년도 전기자동차 익산시 모델별 보조금,2023,익산시
승합(중형),현대자동차,카운티 일렉트릭(마을버스),5000,5000,10000,2023년도 전기자동차 익산시 모델별 보조금,2023,익산시
승합(중형),이비온,"E6(JL618S), 어린이통학",2362,2362,4724,2023년도 전기자동차 익산시 모델별 보조금,2023,익산시
승합(중형),GS글로벌,NEW BYD eBus-7,2894,2894,5788,2023년도 전기자동차 익산시 모델별 보조금,2023,익산시
승합(중형),비바모빌리티,(단종)브이버스60,3211,3211,6422,2023년도 전기자동차 익산시 모델별 보조금,2023,익산시
승합(중형),케이지모빌리티커머셜,SMART 8.7,4308,4308,8616,2023년도 전기자동차 익산시 모델별 보조금,2023,익산시
승합(중형),한차,GREENWAY720,4530,4530,9060,2023년도 전기자동차 익산시 모델별 보조금,2023,익산시
승합(중형),테라팩토리,테라밴키즈,1911,1911,3822,2023년도 전기자동차 익산시 모델별 보조금,2023,익산시
승합(중형),테라팩토리,테라밴키즈11,1902,1902,3804,2023년도 전기자동차 익산시 모델별 보조금,2023,익산시
승합(중형),테라팩토리,테라밴,1889,1889,3778,2023년도 전기자동차 익산시 모델별 보조금,2023,익산시
승합(중형),테라팩토리,"테라밴키즈(2022), 어린이운송용14명",2151,2151,4302,2023년도 전기자동차 익산시 모델별 보조금,2023,익산시
승합(중형),테라팩토리,"테라밴키즈11(2022), 어린이운송용11명",2142,2142,4284,2023년도 전기자동차 익산시 모델별 보조금,2023,익산시
승합(중형),테라팩토리,테라밴,2129,2129,4258,2023년도 전기자동차 익산시 모델별 보조금,2023,익산시
승합(중형),중원자동차,EV J1,5000,0,5000,2023년도 전기자동차 익산시 모델별 보조금,2023,익산시
승합(대형),현대자동차,일렉시티 이층버스,11900,0,11900,2023년도 전기자동차 익산시 모델별 보조금,2023,익산시
승합(대형),현대자동차,일렉시티(3PACK),6887,0,6887,2023년도 전기자동차 익산시 모델별 보조금,2023,익산시
승합(대형),현대자동차,일렉시티(4PACK V1),7000,0,7000,2023년도 전기자동차 익산시 모델별 보조금,2023,익산시
승합(대형),현대자동차,일렉시티(4PACK V2),7000,0,7000,2023년도 전기자동차 익산시 모델별 보조금,2023,익산시
승합(대형),현대자동차,일렉시티 타운,6725,0,6725,2023년도 전기자동차 익산시 모델별 보조금,2023,익산시
승합(대형),케이지모빌리티커머셜,SMART 9.3,4990,0,4990,2023년도 전기자동차 익산시 모델별 보조금,2023,익산시
승합(대형),케이지모빌리티커머셜,SMART 110(272kWh),5660,0,5660,2023년도 전기자동차 익산시 모델별 보조금,2023,익산시
승합(대형),케이지모빌리티커머셜,SMART 110E(347kWh),6330,0,6330,2023년도 전기자동차 익산시 모델별 보조금,2023,익산시
승합(대형),케이지모빌리티커머셜,SMART 110(260kWh),5955,0,5955,2023년도 전기자동차 익산시 모델별 보조금,2023,익산시
승합(대형),케이지모빌리티커머셜,SMART 110E(260kWh),6277,0,6277,2023년도 전기자동차 익산시 모델별 보조금,2023,익산시
승합(대형),우진산전,아폴로900전기버스,4420,0,4420,2023년도 전기자동차 익산시 모델별 보조금,2023,익산시
승합(대형),우진산전,아폴로1100전기버스 22MY,7000,0,7000,2023년도 전기자동차 익산시 모델별 보조금,2023,익산시
승합(대형),우진산전,아폴로1100전기버스 23MY,7000,0,7000,2023년도 전기자동차 익산시 모델별 보조금,2023,익산시
승합(대형),피라인모터스,HYPERS(H),5137,0,5137,2023년도 전기자동차 익산시 모델별 보조금,2023,익산시
승합(대형),피라인모터스,HYPERS1611,5111,0,5111,2023년도 전기자동차 익산시 모델별 보조금,2023,익산시
승합(대형),피라인모터스,HYPERS1609,5143,0,5143,2023년도 전기자동차 익산시 모델별 보조금,2023,익산시
승합(대형),피라인모터스,HYPERS1612,3893,0,3893,2023년도 전기자동차 익산시 모델별 보조금,2023,익산시
승합(대형),피라인모터스,HYPERS1609H,5572,0,5572,2023년도 전기자동차 익산시 모델별 보조금,2023,익산시
승합(대형),피라인모터스,HYPERS1612N,4990,0,4990,2023년도 전기자동차 익산시 모델별 보조금,2023,익산시
승합(대형),피라인모터스,HYPERS1609N,6042,0,6042,2023년도 전기자동차 익산시 모델별 보조금,2023,익산시
승합(대형),피라인모터스,HYPERS1611N,5620,0,5620,2023년도 전기자동차 익산시 모델별 보조금,2023,익산시
승합(대형),피라인모터스,HYPERS1609HN,5993,0,5993,2023년도 전기자동차 익산시 모델별 보조금,2023,익산시
승합(대형),비바모빌리티,(단종)브이버스90N,4287,0,4287,2023년도 전기자동차 익산시 모델별 보조금,2023,익산시
승합(대형),비바모빌리티,(단종)브이버스120,4690,0,4690,2023년도 전기자동차 익산시 모델별 보조금,2023,익산시
승합(대형),비바모빌리티,(단종)브이버스110-B,4246,0,4246,2023년도 전기자동차 익산시 모델별 보조금,2023,익산시
승합(대형),범한자동차,E-SKY11(350kWh),4989,0,4989,2023년도 전기자동차 익산시 모델별 보조금,2023,익산시
승합(대형),범한자동차,E-SKY9(281kWh),4978,0,4978,2023년도 전기자동차 익산시 모델별 보조금,2023,익산시
승합(대형),범한자동차,E-STAR8 V1,4265,0,4265,2023년도 전기자동차 익산시 모델별 보조금,2023,익산시
승합(대형),범한자동차,E-STAR11,4990,0,4990,2023년도 전기자동차 익산시 모델별 보조금,2023,익산시
승합(대형),범한자동차,E-STAR12i,4990,0,4990,2023년도 전기자동차 익산시 모델별 보조금,2023,익산시
승합(대형),에스에이피,아이즘(IZM),4690,0,4690,2023년도 전기자동차 익산시 모델별 보조금,2023,익산시
승합(대형),에스에이피,엘페(ELFE),4388,0,4388,2023년도 전기자동차 익산시 모델별 보조금,2023,익산시
승합(대형),에스에이피,리오네(LIONNE),4690,0,4690,2023년도 전기자동차 익산시 모델별 보조금,2023,익산시
승합(대형),GS글로벌,NEW BYD eBus-12,4990,0,4990,2023년도 전기자동차 익산시 모델별 보조금,2023,익산시
승합(대형),티에스에코에너지,일레누스(TS1100-2),6810,0,6810,2023년도 전기자동차 익산시 모델별 보조금,2023,익산시
승합(대형),티에스에코에너지,일레누스(TS900),6451,0,6451,2023년도 전기자동차 익산시 모델별 보조금,2023,익산시
승합(대형),이온모터스,시티라이트Ⅱ,4861,0,4861,2023년도 전기자동차 익산시 모델별 보조금,2023,익산시
승합(대형),이온모터스,시티라이트9,4990,0,4990,2023년도 전기자동차 익산시 모델별 보조금,2023,익산시
승합(대형),한차,GREENWAY1100,5394,0,5394,2023년도 전기자동차 익산시 모델별 보조금,2023,익산시
승합(대형),한차,GREENWAY1100A,6258,0,6258,2023년도 전기자동차 익산시 모델별 보조금,2023,익산시
승합(대형),이엠코리아,에픽시티(LFP),4990,0,4990,2023년도 전기자동차 익산시 모델별 보조금,2023,익산시
승합(대형),태영티엔티,GD11,2857,0,2857,2023년도 전기자동차 익산시 모델별 보조금,2023,익산시
승합(대형),재일홀딩스,그린타운400,3846,0,3846,2023년도 전기자동차 익산시 모델별 보조금,2023,익산시
승합(대형),아이버스,아이버스어린이운송차,5727,0,5727,2023년도 전기자동차 익산시 모델별 보조금,2023,익산시
승합(중형),현대자동차,(단종)카운티 일렉트릭(어린이운송용 33인승 V2),4052,4052,8104,2023년도 전기자동차 정읍시 모델별 보조금,2023,정읍시
승합(중형),현대자동차,카운티 일렉트릭,4834,4834,9668,2023년도 전기자동차 정읍시 모델별 보조금,2023,정읍시
승합(중형),현대자동차,카운티 일렉트릭(마을버스),5000,5000,10000,2023년도 전기자동차 정읍시 모델별 보조금,2023,정읍시
승합(중형),이비온,"E6(JL618S), 어린이통학",2362,2362,4724,2023년도 전기자동차 정읍시 모델별 보조금,2023,정읍시
승합(중형),GS글로벌,NEW BYD eBus-7,2894,2894,5788,2023년도 전기자동차 정읍시 모델별 보조금,2023,정읍시
승합(중형),비바모빌리티,(단종)브이버스60,3211,3211,6422,2023년도 전기자동차 정읍시 모델별 보조금,2023,정읍시
승합(중형),케이지모빌리티커머셜,SMART 8.7,4308,4308,8616,2023년도 전기자동차 정읍시 모델별 보조금,2023,정읍시
승합(중형),한차,GREENWAY720,4530,4530,9060,2023년도 전기자동차 정읍시 모델별 보조금,2023,정읍시
승합(중형),테라팩토리,테라밴키즈,1911,1911,3822,2023년도 전기자동차 정읍시 모델별 보조금,2023,정읍시
승합(중형),테라팩토리,테라밴키즈11,1902,1902,3804,2023년도 전기자동차 정읍시 모델별 보조금,2023,정읍시
승합(중형),테라팩토리,테라밴,1889,1889,3778,2023년도 전기자동차 정읍시 모델별 보조금,2023,정읍시
승합(중형),테라팩토리,"테라밴키즈(2022), 어린이운송용14명",2151,2151,4302,2023년도 전기자동차 정읍시 모델별 보조금,2023,정읍시
승합(중형),테라팩토리,"테라밴키즈11(2022), 어린이운송용11명",2142,2142,4284,2023년도 전기자동차 정읍시 모델별 보조금,2023,정읍시
승합(중형),테라팩토리,테라밴,2129,2129,4258,2023년도 전기자동차 정읍시 모델별 보조금,2023,정읍시
승합(중형),중원자동차,EV J1,5000,0,5000,2023년도 전기자동차 정읍시 모델별 보조금,2023,정읍시
승합(대형),현대자동차,일렉시티 이층버스,11900,0,11900,2023년도 전기자동차 정읍시 모델별 보조금,2023,정읍시
승합(대형),현대자동차,일렉시티(3PACK),6887,0,6887,2023년도 전기자동차 정읍시 모델별 보조금,2023,정읍시
승합(대형),현대자동차,일렉시티(4PACK V1),7000,0,7000,2023년도 전기자동차 정읍시 모델별 보조금,2023,정읍시
승합(대형),현대자동차,일렉시티(4PACK V2),7000,0,7000,2023년도 전기자동차 정읍시 모델별 보조금,2023,정읍시
승합(대형),현대자동차,일렉시티 타운,6725,0,6725,2023년도 전기자동차 정읍시 모델별 보조금,2023,정읍시
승합(대형),케이지모빌리티커머셜,SMART 9.3,4990,0,4990,2023년도 전기자동차 정읍시 모델별 보조금,2023,정읍시
승합(대형),케이지모빌리티커머셜,SMART 110(272kWh),5660,0,5660,2023년도 전기자동차 정읍시 모델별 보조금,2023,정읍시
승합(대형),케이지모빌리티커머셜,SMART 110E(347kWh),6330,0,6330,2023년도 전기자동차 정읍시 모델별 보조금,2023,정읍시
승합(대형),케이지모빌리티커머셜,SMART 110(260kWh),5955,0,5955,2023년도 전기자동차 정읍시 모델별 보조금,2023,정읍시
승합(대형),케이지모빌리티커머셜,SMART 110E(260kWh),6277,0,6277,2023년도 전기자동차 정읍시 모델별 보조금,2023,정읍시
승합(대형),우진산전,아폴로900전기버스,4420,0,4420,2023년도 전기자동차 정읍시 모델별 보조금,2023,정읍시
승합(대형),우진산전,아폴로1100전기버스 22MY,7000,0,7000,2023년도 전기자동차 정읍시 모델별 보조금,2023,정읍시
승합(대형),우진산전,아폴로1100전기버스 23MY,7000,0,7000,2023년도 전기자동차 정읍시 모델별 보조금,2023,정읍시
승합(대형),피라인모터스,HYPERS(H),5137,0,5137,2023년도 전기자동차 정읍시 모델별 보조금,2023,정읍시
승합(대형),피라인모터스,HYPERS1611,5111,0,5111,2023년도 전기자동차 정읍시 모델별 보조금,2023,정읍시
승합(대형),피라인모터스,HYPERS1609,5143,0,5143,2023년도 전기자동차 정읍시 모델별 보조금,2023,정읍시
승합(대형),피라인모터스,HYPERS1612,3893,0,3893,2023년도 전기자동차 정읍시 모델별 보조금,2023,정읍시
승합(대형),피라인모터스,HYPERS1609H,5572,0,5572,2023년도 전기자동차 정읍시 모델별 보조금,2023,정읍시
승합(대형),피라인모터스,HYPERS1612N,4990,0,4990,2023년도 전기자동차 정읍시 모델별 보조금,2023,정읍시
승합(대형),피라인모터스,HYPERS1609N,6042,0,6042,2023년도 전기자동차 정읍시 모델별 보조금,2023,정읍시
승합(대형),피라인모터스,HYPERS1611N,5620,0,5620,2023년도 전기자동차 정읍시 모델별 보조금,2023,정읍시
승합(대형),피라인모터스,HYPERS1609HN,5993,0,5993,2023년도 전기자동차 정읍시 모델별 보조금,2023,정읍시
승합(대형),비바모빌리티,(단종)브이버스90N,4287,0,4287,2023년도 전기자동차 정읍시 모델별 보조금,2023,정읍시
승합(대형),비바모빌리티,(단종)브이버스120,4690,0,4690,2023년도 전기자동차 정읍시 모델별 보조금,2023,정읍시
승합(대형),비바모빌리티,(단종)브이버스110-B,4246,0,4246,2023년도 전기자동차 정읍시 모델별 보조금,2023,정읍시
승합(대형),범한자동차,E-SKY11(350kWh),4989,0,4989,2023년도 전기자동차 정읍시 모델별 보조금,2023,정읍시
승합(대형),범한자동차,E-SKY9(281kWh),4978,0,4978,2023년도 전기자동차 정읍시 모델별 보조금,2023,정읍시
승합(대형),범한자동차,E-STAR8 V1,4265,0,4265,2023년도 전기자동차 정읍시 모델별 보조금,2023,정읍시
승합(대형),범한자동차,E-STAR11,4990,0,4990,2023년도 전기자동차 정읍시 모델별 보조금,2023,정읍시
승합(대형),범한자동차,E-STAR12i,4990,0,4990,2023년도 전기자동차 정읍시 모델별 보조금,2023,정읍시
승합(대형),에스에이피,아이즘(IZM),4690,0,4690,2023년도 전기자동차 정읍시 모델별 보조금,2023,정읍시
승합(대형),에스에이피,엘페(ELFE),4388,0,4388,2023년도 전기자동차 정읍시 모델별 보조금,2023,정읍시
승합(대형),에스에이피,리오네(LIONNE),4690,0,4690,2023년도 전기자동차 정읍시 모델별 보조금,2023,정읍시
승합(대형),GS글로벌,NEW BYD eBus-12,4990,0,4990,2023년도 전기자동차 정읍시 모델별 보조금,2023,정읍시
승합(대형),티에스에코에너지,일레누스(TS1100-2),6810,0,6810,2023년도 전기자동차 정읍시 모델별 보조금,2023,정읍시
승합(대형),티에스에코에너지,일레누스(TS900),6451,0,6451,2023년도 전기자동차 정읍시 모델별 보조금,2023,정읍시
승합(대형),이온모터스,시티라이트Ⅱ,4861,0,4861,2023년도 전기자동차 정읍시 모델별 보조금,2023,정읍시
승합(대형),이온모터스,시티라이트9,4990,0,4990,2023년도 전기자동차 정읍시 모델별 보조금,2023,정읍시
승합(대형),한차,GREENWAY1100,5394,0,5394,2023년도 전기자동차 정읍시 모델별 보조금,2023,정읍시
승합(대형),한차,GREENWAY1100A,6258,0,6258,2023년도 전기자동차 정읍시 모델별 보조금,2023,정읍시
승합(대형),이엠코리아,에픽시티(LFP),4990,0,4990,2023년도 전기자동차 정읍시 모델별 보조금,2023,정읍시
승합(대형),태영티엔티,GD11,2857,0,2857,2023년도 전기자동차 정읍시 모델별 보조금,2023,정읍시
승합(대형),재일홀딩스,그린타운400,3846,0,3846,2023년도 전기자동차 정읍시 모델별 보조금,2023,정읍시
승합(대형),아이버스,아이버스어린이운송차,5727,0,5727,2023년도 전기자동차 정읍시 모델별 보조금,2023,정읍시
승합(중형),현대자동차,(단종)카운티 일렉트릭(어린이운송용 33인승 V2),4052,0,4052,2023년도 전기자동차 남원시 모델별 보조금,2023,남원시
승합(중형),현대자동차,카운티 일렉트릭,4834,0,4834,2023년도 전기자동차 남원시 모델별 보조금,2023,남원시
승합(중형),현대자동차,카운티 일렉트릭(마을버스),5000,0,5000,2023년도 전기자동차 남원시 모델별 보조금,2023,남원시
승합(중형),이비온,"E6(JL618S), 어린이통학",2362,0,2362,2023년도 전기자동차 남원시 모델별 보조금,2023,남원시
승합(중형),GS글로벌,NEW BYD eBus-7,2894,0,2894,2023년도 전기자동차 남원시 모델별 보조금,2023,남원시
승합(중형),비바모빌리티,(단종)브이버스60,3211,0,3211,2023년도 전기자동차 남원시 모델별 보조금,2023,남원시
승합(중형),케이지모빌리티커머셜,SMART 8.7,4308,0,4308,2023년도 전기자동차 남원시 모델별 보조금,2023,남원시
승합(중형),한차,GREENWAY720,4530,0,4530,2023년도 전기자동차 남원시 모델별 보조금,2023,남원시
승합(중형),테라팩토리,테라밴키즈,1911,0,1911,2023년도 전기자동차 남원시 모델별 보조금,2023,남원시
승합(중형),테라팩토리,테라밴키즈11,1902,0,1902,2023년도 전기자동차 남원시 모델별 보조금,2023,남원시
승합(중형),테라팩토리,테라밴,1889,0,1889,2023년도 전기자동차 남원시 모델별 보조금,2023,남원시
승합(중형),테라팩토리,"테라밴키즈(2022), 어린이운송용14명",2151,0,2151,2023년도 전기자동차 남원시 모델별 보조금,2023,남원시
승합(중형),테라팩토리,"테라밴키즈11(2022), 어린이운송용11명",2142,0,2142,2023년도 전기자동차 남원시 모델별 보조금,2023,남원시
승합(중형),테라팩토리,테라밴,2129,0,2129,2023년도 전기자동차 남원시 모델별 보조금,2023,남원시
승합(중형),중원자동차,EV J1,5000,0,5000,2023년도 전기자동차 남원시 모델별 보조금,2023,남원시
승합(대형),현대자동차,일렉시티 이층버스,11900,7000,18900,2023년도 전기자동차 남원시 모델별 보조금,2023,남원시
승합(대형),현대자동차,일렉시티(3PACK),6887,0,6887,2023년도 전기자동차 남원시 모델별 보조금,2023,남원시
승합(대형),현대자동차,일렉시티(4PACK V1),7000,0,7000,2023년도 전기자동차 남원시 모델별 보조금,2023,남원시
승합(대형),현대자동차,일렉시티(4PACK V2),7000,0,7000,2023년도 전기자동차 남원시 모델별 보조금,2023,남원시
승합(대형),현대자동차,일렉시티 타운,6725,0,6725,2023년도 전기자동차 남원시 모델별 보조금,2023,남원시
승합(대형),케이지모빌리티커머셜,SMART 9.3,4990,0,4990,2023년도 전기자동차 남원시 모델별 보조금,2023,남원시
승합(대형),케이지모빌리티커머셜,SMART 110(272kWh),5660,0,5660,2023년도 전기자동차 남원시 모델별 보조금,2023,남원시
승합(대형),케이지모빌리티커머셜,SMART 110E(347kWh),6330,0,6330,2023년도 전기자동차 남원시 모델별 보조금,2023,남원시
승합(대형),케이지모빌리티커머셜,SMART 110(260kWh),5955,0,5955,2023년도 전기자동차 남원시 모델별 보조금,2023,남원시
승합(대형),케이지모빌리티커머셜,SMART 110E(260kWh),6277,0,6277,2023년도 전기자동차 남원시 모델별 보조금,2023,남원시
승합(대형),우진산전,아폴로900전기버스,4420,0,4420,2023년도 전기자동차 남원시 모델별 보조금,2023,남원시
승합(대형),우진산전,아폴로1100전기버스 22MY,7000,0,7000,2023년도 전기자동차 남원시 모델별 보조금,2023,남원시
승합(대형),우진산전,아폴로1100전기버스 23MY,7000,0,7000,2023년도 전기자동차 남원시 모델별 보조금,2023,남원시
승합(대형),피라인모터스,HYPERS(H),5137,0,5137,2023년도 전기자동차 남원시 모델별 보조금,2023,남원시
승합(대형),피라인모터스,HYPERS1611,5111,0,5111,2023년도 전기자동차 남원시 모델별 보조금,2023,남원시
승합(대형),피라인모터스,HYPERS1609,5143,0,5143,2023년도 전기자동차 남원시 모델별 보조금,2023,남원시
승합(대형),피라인모터스,HYPERS1612,3893,0,3893,2023년도 전기자동차 남원시 모델별 보조금,2023,남원시
승합(대형),피라인모터스,HYPERS1609H,5572,0,5572,2023년도 전기자동차 남원시 모델별 보조금,2023,남원시
승합(대형),피라인모터스,HYPERS1612N,4990,0,4990,2023년도 전기자동차 남원시 모델별 보조금,2023,남원시
승합(대형),피라인모터스,HYPERS1609N,6042,0,6042,2023년도 전기자동차 남원시 모델별 보조금,2023,남원시
승합(대형),피라인모터스,HYPERS1611N,5620,0,5620,2023년도 전기자동차 남원시 모델별 보조금,2023,남원시
승합(대형),피라인모터스,HYPERS1609HN,5993,0,5993,2023년도 전기자동차 남원시 모델별 보조금,2023,남원시
승합(대형),비바모빌리티,(단종)브이버스90N,4287,0,4287,2023년도 전기자동차 남원시 모델별 보조금,2023,남원시
승합(대형),비바모빌리티,(단종)브이버스120,4690,0,4690,2023년도 전기자동차 남원시 모델별 보조금,2023,남원시
승합(대형),비바모빌리티,(단종)브이버스110-B,4246,0,4246,2023년도 전기자동차 남원시 모델별 보조금,2023,남원시
승합(대형),범한자동차,E-SKY11(350kWh),4989,0,4989,2023년도 전기자동차 남원시 모델별 보조금,2023,남원시
승합(대형),범한자동차,E-SKY9(281kWh),4978,0,4978,2023년도 전기자동차 남원시 모델별 보조금,2023,남원시
승합(대형),범한자동차,E-STAR8 V1,4265,0,4265,2023년도 전기자동차 남원시 모델별 보조금,2023,남원시
승합(대형),범한자동차,E-STAR11,4990,0,4990,2023년도 전기자동차 남원시 모델별 보조금,2023,남원시
승합(대형),범한자동차,E-STAR12i,4990,0,4990,2023년도 전기자동차 남원시 모델별 보조금,2023,남원시
승합(대형),에스에이피,아이즘(IZM),4690,0,4690,2023년도 전기자동차 남원시 모델별 보조금,2023,남원시
승합(대형),에스에이피,엘페(ELFE),4388,0,4388,2023년도 전기자동차 남원시 모델별 보조금,2023,남원시
승합(대형),에스에이피,리오네(LIONNE),4690,0,4690,2023년도 전기자동차 남원시 모델별 보조금,2023,남원시
승합(대형),GS글로벌,NEW BYD eBus-12,4990,0,4990,2023년도 전기자동차 남원시 모델별 보조금,2023,남원시
승합(대형),GS글로벌,BYD eBus9,5660,5660,11320,2023년도 전기자동차 남원시 모델별 보조금,2023,남원시
승합(대형),티에스에코에너지,일레누스(TS1100-1),6633,0,6633,2023년도 전기자동차 남원시 모델별 보조금,2023,남원시
승합(대형),티에스에코에너지,일레누스(TS1100-2),6810,0,6810,2023년도 전기자동차 남원시 모델별 보조금,2023,남원시
승합(대형),티에스에코에너지,일레누스(TS900),6451,0,6451,2023년도 전기자동차 남원시 모델별 보조금,2023,남원시
승합(대형),이온모터스,시티라이트Ⅱ,4861,0,4861,2023년도 전기자동차 남원시 모델별 보조금,2023,남원시
승합(대형),이온모터스,시티라이트9,4990,0,4990,2023년도 전기자동차 남원시 모델별 보조금,2023,남원시
승합(대형),한차,GREENWAY1100,5394,0,5394,2023년도 전기자동차 남원시 모델별 보조금,2023,남원시
승합(대형),한차,GREENWAY1100A,6258,0,6258,2023년도 전기자동차 남원시 모델별 보조금,2023,남원시
승합(대형),이엠코리아,에픽시티(LFP),4990,0,4990,2023년도 전기자동차 남원시 모델별 보조금,2023,남원시
승합(대형),이엠코리아,에픽타운(LFP),4406,0,4406,2023년도 전기자동차 남원시 모델별 보조금,2023,남원시
승합(대형),태영티엔티,GD11,2857,0,2857,2023년도 전기자동차 남원시 모델별 보조금,2023,남원시
승합(대형),재일홀딩스,그린타운400,3846,0,3846,2023년도 전기자동차 남원시 모델별 보조금,2023,남원시
승합(대형),아이버스,아이버스어린이운송차,5727,0,5727,2023년도 전기자동차 남원시 모델별 보조금,2023,남원시
모델별 지방비 자료가 없습니다.,모델별 지방비 자료가 없습니다.,모델별 지방비 자료가 없습니다.,모델별 지방비 자료가 없습니다.,모델별 지방비 자료가 없습니다.,모델별 지방비 자료가 없습니다.,2023년도 전기자동차 김제시 모델별 보조금,2023,김제시
모델별 지방비 자료가 없습니다.,모델별 지방비 자료가 없습니다.,모델별 지방비 자료가 없습니다.,모델별 지방비 자료가 없습니다.,모델별 지방비 자료가 없습니다.,모델별 지방비 자료가 없습니다.,2023년도 전기자동차 완주군 모델별 보조금,2023,완주군
모델별 지방비 자료가 없습니다.,모델별 지방비 자료가 없습니다.,모델별 지방비 자료가 없습니다.,모델별 지방비 자료가 없습니다.,모델별 지방비 자료가 없습니다.,모델별 지방비 자료가 없습니다.,2023년도 전기자동차 진안군 모델별 보조금,2023,진안군
승합(중형),현대자동차,(단종)카운티 일렉트릭(어린이운송용 33인승 V2),4052,4052,8104,2023년도 전기자동차 무주군 모델별 보조금,2023,무주군
승합(중형),현대자동차,카운티 일렉트릭,4834,4834,9668,2023년도 전기자동차 무주군 모델별 보조금,2023,무주군
승합(중형),현대자동차,카운티 일렉트릭(마을버스),5000,5000,10000,2023년도 전기자동차 무주군 모델별 보조금,2023,무주군
승합(중형),이비온,"E6(JL618S), 어린이통학",2362,2362,4724,2023년도 전기자동차 무주군 모델별 보조금,2023,무주군
승합(중형),GS글로벌,NEW BYD eBus-7,2894,2894,5788,2023년도 전기자동차 무주군 모델별 보조금,2023,무주군
승합(중형),비바모빌리티,(단종)브이버스60,3211,3211,6422,2023년도 전기자동차 무주군 모델별 보조금,2023,무주군
승합(중형),케이지모빌리티커머셜,SMART 8.7,4308,4308,8616,2023년도 전기자동차 무주군 모델별 보조금,2023,무주군
승합(중형),한차,GREENWAY720,4530,4530,9060,2023년도 전기자동차 무주군 모델별 보조금,2023,무주군
승합(중형),테라팩토리,테라밴키즈,1911,1911,3822,2023년도 전기자동차 무주군 모델별 보조금,2023,무주군
승합(중형),테라팩토리,테라밴키즈11,1902,1902,3804,2023년도 전기자동차 무주군 모델별 보조금,2023,무주군
승합(중형),테라팩토리,테라밴,1889,1889,3778,2023년도 전기자동차 무주군 모델별 보조금,2023,무주군
승합(중형),테라팩토리,"테라밴키즈(2022), 어린이운송용14명",2151,2151,4302,2023년도 전기자동차 무주군 모델별 보조금,2023,무주군
승합(중형),테라팩토리,"테라밴키즈11(2022), 어린이운송용11명",2142,2142,4284,2023년도 전기자동차 무주군 모델별 보조금,2023,무주군
승합(중형),테라팩토리,테라밴,2129,2129,4258,2023년도 전기자동차 무주군 모델별 보조금,2023,무주군
승합(중형),중원자동차,EV J1,5000,5000,10000,2023년도 전기자동차 무주군 모델별 보조금,2023,무주군
승합(대형),현대자동차,일렉시티 이층버스,11900,0,11900,2023년도 전기자동차 무주군 모델별 보조금,2023,무주군
승합(대형),현대자동차,일렉시티(3PACK),6887,0,6887,2023년도 전기자동차 무주군 모델별 보조금,2023,무주군
승합(대형),현대자동차,일렉시티(4PACK V1),7000,0,7000,2023년도 전기자동차 무주군 모델별 보조금,2023,무주군
승합(대형),현대자동차,일렉시티(4PACK V2),7000,0,7000,2023년도 전기자동차 무주군 모델별 보조금,2023,무주군
승합(대형),현대자동차,일렉시티 타운,6725,6725,13450,2023년도 전기자동차 무주군 모델별 보조금,2023,무주군
승합(대형),케이지모빌리티커머셜,SMART 9.3,4990,0,4990,2023년도 전기자동차 무주군 모델별 보조금,2023,무주군
승합(대형),케이지모빌리티커머셜,SMART 110(272kWh),5660,0,5660,2023년도 전기자동차 무주군 모델별 보조금,2023,무주군
승합(대형),케이지모빌리티커머셜,SMART 110E(347kWh),6330,0,6330,2023년도 전기자동차 무주군 모델별 보조금,2023,무주군
승합(대형),케이지모빌리티커머셜,SMART 110(260kWh),5955,0,5955,2023년도 전기자동차 무주군 모델별 보조금,2023,무주군
승합(대형),케이지모빌리티커머셜,SMART 110E(260kWh),6277,0,6277,2023년도 전기자동차 무주군 모델별 보조금,2023,무주군
승합(대형),우진산전,아폴로900전기버스,4420,4420,8840,2023년도 전기자동차 무주군 모델별 보조금,2023,무주군
승합(대형),우진산전,아폴로1100전기버스 22MY,7000,7000,14000,2023년도 전기자동차 무주군 모델별 보조금,2023,무주군
승합(대형),우진산전,아폴로1100전기버스 23MY,7000,0,7000,2023년도 전기자동차 무주군 모델별 보조금,2023,무주군
승합(대형),피라인모터스,HYPERS(H),5137,5137,10274,2023년도 전기자동차 무주군 모델별 보조금,2023,무주군
승합(대형),피라인모터스,HYPERS1611,5111,5111,10222,2023년도 전기자동차 무주군 모델별 보조금,2023,무주군
승합(대형),피라인모터스,HYPERS1609,5143,5143,10286,2023년도 전기자동차 무주군 모델별 보조금,2023,무주군
승합(대형),피라인모터스,HYPERS1612,3893,3893,7786,2023년도 전기자동차 무주군 모델별 보조금,2023,무주군
승합(대형),피라인모터스,HYPERS1609H,5572,6042,11614,2023년도 전기자동차 무주군 모델별 보조금,2023,무주군
승합(대형),피라인모터스,HYPERS1612N,4990,4990,9980,2023년도 전기자동차 무주군 모델별 보조금,2023,무주군
승합(대형),피라인모터스,HYPERS1609N,6042,6042,12084,2023년도 전기자동차 무주군 모델별 보조금,2023,무주군
승합(대형),피라인모터스,HYPERS1611N,5620,5620,11240,2023년도 전기자동차 무주군 모델별 보조금,2023,무주군
승합(대형),피라인모터스,HYPERS1609HN,5993,5993,11986,2023년도 전기자동차 무주군 모델별 보조금,2023,무주군
승합(대형),비바모빌리티,(단종)브이버스90N,4287,4287,8574,2023년도 전기자동차 무주군 모델별 보조금,2023,무주군
승합(대형),비바모빌리티,(단종)브이버스120,4690,4690,9380,2023년도 전기자동차 무주군 모델별 보조금,2023,무주군
승합(대형),비바모빌리티,(단종)브이버스110-B,4246,4246,8492,2023년도 전기자동차 무주군 모델별 보조금,2023,무주군
승합(대형),범한자동차,E-SKY11(350kWh),4989,4989,9978,2023년도 전기자동차 무주군 모델별 보조금,2023,무주군
승합(대형),범한자동차,E-SKY9(281kWh),4978,4978,9956,2023년도 전기자동차 무주군 모델별 보조금,2023,무주군
승합(대형),범한자동차,E-STAR8 V1,4265,4265,8530,2023년도 전기자동차 무주군 모델별 보조금,2023,무주군
승합(대형),범한자동차,E-STAR11,4990,4990,9980,2023년도 전기자동차 무주군 모델별 보조금,2023,무주군
승합(대형),범한자동차,E-STAR12i,4990,4990,9980,2023년도 전기자동차 무주군 모델별 보조금,2023,무주군
승합(대형),에스에이피,아이즘(IZM),4690,4690,9380,2023년도 전기자동차 무주군 모델별 보조금,2023,무주군
승합(대형),에스에이피,엘페(ELFE),4388,4388,8776,2023년도 전기자동차 무주군 모델별 보조금,2023,무주군
승합(대형),에스에이피,리오네(LIONNE),4690,4690,9380,2023년도 전기자동차 무주군 모델별 보조금,2023,무주군
승합(대형),GS글로벌,NEW BYD eBus-12,4990,4990,9980,2023년도 전기자동차 무주군 모델별 보조금,2023,무주군
승합(대형),티에스에코에너지,일레누스(TS1100-2),6810,0,6810,2023년도 전기자동차 무주군 모델별 보조금,2023,무주군
승합(대형),티에스에코에너지,일레누스(TS900),6451,0,6451,2023년도 전기자동차 무주군 모델별 보조금,2023,무주군
승합(대형),이온모터스,시티라이트Ⅱ,4861,0,4861,2023년도 전기자동차 무주군 모델별 보조금,2023,무주군
승합(대형),이온모터스,시티라이트9,4990,0,4990,2023년도 전기자동차 무주군 모델별 보조금,2023,무주군
승합(대형),한차,GREENWAY1100,5394,5394,10788,2023년도 전기자동차 무주군 모델별 보조금,2023,무주군
승합(대형),한차,GREENWAY1100A,6258,6258,12516,2023년도 전기자동차 무주군 모델별 보조금,2023,무주군
승합(대형),이엠코리아,에픽시티(LFP),4990,4990,9980,2023년도 전기자동차 무주군 모델별 보조금,2023,무주군
승합(대형),태영티엔티,GD11,2857,0,2857,2023년도 전기자동차 무주군 모델별 보조금,2023,무주군
승합(대형),재일홀딩스,그린타운400,3846,3846,7692,2023년도 전기자동차 무주군 모델별 보조금,2023,무주군
승합(대형),아이버스,아이버스어린이운송차,5727,5727,11454,2023년도 전기자동차 무주군 모델별 보조금,2023,무주군
모델별 지방비 자료가 없습니다.,모델별 지방비 자료가 없습니다.,모델별 지방비 자료가 없습니다.,모델별 지방비 자료가 없습니다.,모델별 지방비 자료가 없습니다.,모델별 지방비 자료가 없습니다.,2023년도 전기자동차 장수군 모델별 보조금,2023,장수군
모델별 지방비 자료가 없습니다.,모델별 지방비 자료가 없습니다.,모델별 지방비 자료가 없습니다.,모델별 지방비 자료가 없습니다.,모델별 지방비 자료가 없습니다.,모델별 지방비 자료가 없습니다.,2023년도 전기자동차 임실군 모델별 보조금,2023,임실군
승합(중형),현대자동차,(단종)카운티 일렉트릭(어린이운송용 33인승 V2),4052,0,4052,2023년도 전기자동차 순창군 모델별 보조금,2023,순창군
승합(중형),현대자동차,카운티 일렉트릭,4834,0,4834,2023년도 전기자동차 순창군 모델별 보조금,2023,순창군
승합(중형),현대자동차,카운티 일렉트릭(마을버스),5000,0,5000,2023년도 전기자동차 순창군 모델별 보조금,2023,순창군
승합(중형),이비온,"E6(JL618S), 어린이통학",2362,0,2362,2023년도 전기자동차 순창군 모델별 보조금,2023,순창군
승합(중형),GS글로벌,NEW BYD eBus-7,2894,0,2894,2023년도 전기자동차 순창군 모델별 보조금,2023,순창군
승합(중형),비바모빌리티,(단종)브이버스60,3211,0,3211,2023년도 전기자동차 순창군 모델별 보조금,2023,순창군
승합(중형),케이지모빌리티커머셜,SMART 8.7,4308,0,4308,2023년도 전기자동차 순창군 모델별 보조금,2023,순창군
승합(중형),한차,GREENWAY720,4530,0,4530,2023년도 전기자동차 순창군 모델별 보조금,2023,순창군
승합(중형),테라팩토리,테라밴키즈,1911,0,1911,2023년도 전기자동차 순창군 모델별 보조금,2023,순창군
승합(중형),테라팩토리,테라밴키즈11,1902,0,1902,2023년도 전기자동차 순창군 모델별 보조금,2023,순창군
승합(중형),테라팩토리,테라밴,1889,0,1889,2023년도 전기자동차 순창군 모델별 보조금,2023,순창군
승합(중형),테라팩토리,"테라밴키즈(2022), 어린이운송용14명",2151,0,2151,2023년도 전기자동차 순창군 모델별 보조금,2023,순창군
승합(중형),테라팩토리,"테라밴키즈11(2022), 어린이운송용11명",2142,0,2142,2023년도 전기자동차 순창군 모델별 보조금,2023,순창군
승합(중형),테라팩토리,테라밴,2129,0,2129,2023년도 전기자동차 순창군 모델별 보조금,2023,순창군
승합(중형),중원자동차,EV J1,5000,0,5000,2023년도 전기자동차 순창군 모델별 보조금,2023,순창군
승합(대형),현대자동차,일렉시티 이층버스,11900,0,11900,2023년도 전기자동차 순창군 모델별 보조금,2023,순창군
승합(대형),현대자동차,일렉시티(3PACK),6887,0,6887,2023년도 전기자동차 순창군 모델별 보조금,2023,순창군
승합(대형),현대자동차,일렉시티(4PACK V1),7000,0,7000,2023년도 전기자동차 순창군 모델별 보조금,2023,순창군
승합(대형),현대자동차,일렉시티(4PACK V2),7000,0,7000,2023년도 전기자동차 순창군 모델별 보조금,2023,순창군
승합(대형),현대자동차,일렉시티 타운,6725,0,6725,2023년도 전기자동차 순창군 모델별 보조금,2023,순창군
승합(대형),케이지모빌리티커머셜,SMART 9.3,4990,0,4990,2023년도 전기자동차 순창군 모델별 보조금,2023,순창군
승합(대형),케이지모빌리티커머셜,SMART 110(272kWh),5660,0,5660,2023년도 전기자동차 순창군 모델별 보조금,2023,순창군
승합(대형),케이지모빌리티커머셜,SMART 110E(347kWh),6330,0,6330,2023년도 전기자동차 순창군 모델별 보조금,2023,순창군
승합(대형),케이지모빌리티커머셜,SMART 110(260kWh),5955,0,5955,2023년도 전기자동차 순창군 모델별 보조금,2023,순창군
승합(대형),케이지모빌리티커머셜,SMART 110E(260kWh),6277,0,6277,2023년도 전기자동차 순창군 모델별 보조금,2023,순창군
승합(대형),우진산전,아폴로900전기버스,4420,0,4420,2023년도 전기자동차 순창군 모델별 보조금,2023,순창군
승합(대형),우진산전,아폴로1100전기버스 22MY,7000,0,7000,2023년도 전기자동차 순창군 모델별 보조금,2023,순창군
승합(대형),우진산전,아폴로1100전기버스 23MY,7000,0,7000,2023년도 전기자동차 순창군 모델별 보조금,2023,순창군
승합(대형),우진산전,아폴로1200-B43,7000,0,7000,2023년도 전기자동차 순창군 모델별 보조금,2023,순창군
승합(대형),피라인모터스,HYPERS(H),5137,0,5137,2023년도 전기자동차 순창군 모델별 보조금,2023,순창군
승합(대형),피라인모터스,HYPERS1611,5111,0,5111,2023년도 전기자동차 순창군 모델별 보조금,2023,순창군
승합(대형),피라인모터스,HYPERS1609,5143,0,5143,2023년도 전기자동차 순창군 모델별 보조금,2023,순창군
승합(대형),피라인모터스,HYPERS1612,3893,0,3893,2023년도 전기자동차 순창군 모델별 보조금,2023,순창군
승합(대형),피라인모터스,HYPERS1609H,5572,0,5572,2023년도 전기자동차 순창군 모델별 보조금,2023,순창군
승합(대형),피라인모터스,HYPERS1612N,4990,0,4990,2023년도 전기자동차 순창군 모델별 보조금,2023,순창군
승합(대형),피라인모터스,HYPERS1609N,6042,0,6042,2023년도 전기자동차 순창군 모델별 보조금,2023,순창군
승합(대형),피라인모터스,HYPERS1611N,5620,0,5620,2023년도 전기자동차 순창군 모델별 보조금,2023,순창군
승합(대형),피라인모터스,HYPERS1609HN,5993,0,5993,2023년도 전기자동차 순창군 모델별 보조금,2023,순창군
승합(대형),피라인모터스,HYPERS1611P,7000,0,7000,2023년도 전기자동차 순창군 모델별 보조금,2023,순창군
승합(대형),피라인모터스,HYPERS1609P,7000,0,7000,2023년도 전기자동차 순창군 모델별 보조금,2023,순창군
승합(대형),비바모빌리티,(단종)브이버스90N,4287,0,4287,2023년도 전기자동차 순창군 모델별 보조금,2023,순창군
승합(대형),비바모빌리티,(단종)브이버스120,4690,0,4690,2023년도 전기자동차 순창군 모델별 보조금,2023,순창군
승합(대형),비바모빌리티,(단종)브이버스110-B,4246,0,4246,2023년도 전기자동차 순창군 모델별 보조금,2023,순창군
승합(대형),범한자동차,E-SKY11(350kWh),4989,0,4989,2023년도 전기자동차 순창군 모델별 보조금,2023,순창군
승합(대형),범한자동차,E-SKY9(281kWh),4978,0,4978,2023년도 전기자동차 순창군 모델별 보조금,2023,순창군
승합(대형),범한자동차,E-STAR8 V1,4265,0,4265,2023년도 전기자동차 순창군 모델별 보조금,2023,순창군
승합(대형),범한자동차,E-STAR11,4990,0,4990,2023년도 전기자동차 순창군 모델별 보조금,2023,순창군
승합(대형),범한자동차,E-STAR12i,4990,0,4990,2023년도 전기자동차 순창군 모델별 보조금,2023,순창군
승합(대형),에스에이피,아이즘(IZM),4690,0,4690,2023년도 전기자동차 순창군 모델별 보조금,2023,순창군
승합(대형),에스에이피,엘페(ELFE),4388,0,4388,2023년도 전기자동차 순창군 모델별 보조금,2023,순창군
승합(대형),에스에이피,리오네(LIONNE),4690,0,4690,2023년도 전기자동차 순창군 모델별 보조금,2023,순창군
승합(대형),GS글로벌,NEW BYD eBus-12,4990,0,4990,2023년도 전기자동차 순창군 모델별 보조금,2023,순창군
승합(대형),GS글로벌,BYD eBus9,5660,0,5660,2023년도 전기자동차 순창군 모델별 보조금,2023,순창군
승합(대형),티에스에코에너지,일레누스(TS1100-1),6633,0,6633,2023년도 전기자동차 순창군 모델별 보조금,2023,순창군
승합(대형),티에스에코에너지,일레누스(TS1100-2),6810,0,6810,2023년도 전기자동차 순창군 모델별 보조금,2023,순창군
승합(대형),티에스에코에너지,일레누스(TS900),6451,0,6451,2023년도 전기자동차 순창군 모델별 보조금,2023,순창군
승합(대형),이온모터스,시티라이트Ⅱ,4861,0,4861,2023년도 전기자동차 순창군 모델별 보조금,2023,순창군
승합(대형),이온모터스,시티라이트9,4990,0,4990,2023년도 전기자동차 순창군 모델별 보조금,2023,순창군
승합(대형),한차,GREENWAY1100,5394,0,5394,2023년도 전기자동차 순창군 모델별 보조금,2023,순창군
승합(대형),한차,GREENWAY1100A,6258,0,6258,2023년도 전기자동차 순창군 모델별 보조금,2023,순창군
승합(대형),이엠코리아,에픽시티(LFP),4990,0,4990,2023년도 전기자동차 순창군 모델별 보조금,2023,순창군
승합(대형),이엠코리아,에픽타운(LFP),4406,0,4406,2023년도 전기자동차 순창군 모델별 보조금,2023,순창군
승합(대형),태영티엔티,GD11,2857,0,2857,2023년도 전기자동차 순창군 모델별 보조금,2023,순창군
승합(대형),재일홀딩스,그린타운400,3846,0,3846,2023년도 전기자동차 순창군 모델별 보조금,2023,순창군
승합(대형),아이버스,아이버스어린이운송차,5727,0,5727,2023년도 전기자동차 순창군 모델별 보조금,2023,순창군
승합(대형),서울시티투어버스,타이거클래식트롤리버스,3161,3161,6322,2023년도 전기자동차 순창군 모델별 보조금,2023,순창군
모델별 지방비 자료가 없습니다.,모델별 지방비 자료가 없습니다.,모델별 지방비 자료가 없습니다.,모델별 지방비 자료가 없습니다.,모델별 지방비 자료가 없습니다.,모델별 지방비 자료가 없습니다.,2023년도 전기자동차 고창군 모델별 보조금,2023,고창군
모델별 지방비 자료가 없습니다.,모델별 지방비 자료가 없습니다.,모델별 지방비 자료가 없습니다.,모델별 지방비 자료가 없습니다.,모델별 지방비 자료가 없습니다.,모델별 지방비 자료가 없습니다.,2023년도 전기자동차 부안군 모델별 보조금,2023,부안군
승합(중형),현대자동차,(단종)카운티 일렉트릭(어린이운송용 33인승 V2),4052,2952,7004,2023년도 전기자동차 목포시 모델별 보조금,2023,목포시
승합(중형),현대자동차,카운티 일렉트릭,4834,3521,8355,2023년도 전기자동차 목포시 모델별 보조금,2023,목포시
승합(중형),현대자동차,카운티 일렉트릭(마을버스),5000,3642,8642,2023년도 전기자동차 목포시 모델별 보조금,2023,목포시
승합(중형),이비온,"E6(JL618S), 어린이통학",2362,1720,4082,2023년도 전기자동차 목포시 모델별 보조금,2023,목포시
승합(중형),GS글로벌,NEW BYD eBus-7,2894,2108,5002,2023년도 전기자동차 목포시 모델별 보조금,2023,목포시
승합(중형),비바모빌리티,(단종)브이버스60,3211,2339,5550,2023년도 전기자동차 목포시 모델별 보조금,2023,목포시
승합(중형),케이지모빌리티커머셜,SMART 8.7,4308,3138,7446,2023년도 전기자동차 목포시 모델별 보조금,2023,목포시
승합(중형),한차,GREENWAY720,4530,3300,7830,2023년도 전기자동차 목포시 모델별 보조금,2023,목포시
승합(중형),테라팩토리,테라밴키즈,1911,1392,3303,2023년도 전기자동차 목포시 모델별 보조금,2023,목포시
승합(중형),테라팩토리,테라밴키즈11,1902,1385,3287,2023년도 전기자동차 목포시 모델별 보조금,2023,목포시
승합(중형),테라팩토리,테라밴,1889,1376,3265,2023년도 전기자동차 목포시 모델별 보조금,2023,목포시
승합(중형),테라팩토리,"테라밴키즈(2022), 어린이운송용14명",2151,1567,3718,2023년도 전기자동차 목포시 모델별 보조금,2023,목포시
승합(중형),테라팩토리,"테라밴키즈11(2022), 어린이운송용11명",2142,1560,3702,2023년도 전기자동차 목포시 모델별 보조금,2023,목포시
승합(중형),테라팩토리,테라밴,2129,1551,3680,2023년도 전기자동차 목포시 모델별 보조금,2023,목포시
승합(중형),중원자동차,EV J1,5000,3642,8642,2023년도 전기자동차 목포시 모델별 보조금,2023,목포시
승합(대형),현대자동차,일렉시티 이층버스,11900,5100,17000,2023년도 전기자동차 목포시 모델별 보조금,2023,목포시
승합(대형),현대자동차,일렉시티(3PACK),6887,5017,11904,2023년도 전기자동차 목포시 모델별 보조금,2023,목포시
승합(대형),현대자동차,일렉시티(4PACK V1),7000,5100,12100,2023년도 전기자동차 목포시 모델별 보조금,2023,목포시
승합(대형),현대자동차,일렉시티(4PACK V2),7000,5100,12100,2023년도 전기자동차 목포시 모델별 보조금,2023,목포시
승합(대형),현대자동차,일렉시티 타운,6725,4899,11624,2023년도 전기자동차 목포시 모델별 보조금,2023,목포시
승합(대형),케이지모빌리티커머셜,SMART 9.3,4990,3635,8625,2023년도 전기자동차 목포시 모델별 보조금,2023,목포시
승합(대형),케이지모빌리티커머셜,SMART 110(272kWh),5660,0,5660,2023년도 전기자동차 목포시 모델별 보조금,2023,목포시
승합(대형),케이지모빌리티커머셜,SMART 110E(347kWh),6330,4611,10941,2023년도 전기자동차 목포시 모델별 보조금,2023,목포시
승합(대형),케이지모빌리티커머셜,SMART 110(260kWh),5955,4338,10293,2023년도 전기자동차 목포시 모델별 보조금,2023,목포시
승합(대형),케이지모빌리티커머셜,SMART 110E(260kWh),6277,4573,10850,2023년도 전기자동차 목포시 모델별 보조금,2023,목포시
승합(대형),우진산전,아폴로900전기버스,4420,3220,7640,2023년도 전기자동차 목포시 모델별 보조금,2023,목포시
승합(대형),우진산전,아폴로1100전기버스 22MY,7000,5100,12100,2023년도 전기자동차 목포시 모델별 보조금,2023,목포시
승합(대형),우진산전,아폴로1100전기버스 23MY,7000,5100,12100,2023년도 전기자동차 목포시 모델별 보조금,2023,목포시
승합(대형),피라인모터스,HYPERS(H),5137,3742,8879,2023년도 전기자동차 목포시 모델별 보조금,2023,목포시
승합(대형),피라인모터스,HYPERS1611,5111,3723,8834,2023년도 전기자동차 목포시 모델별 보조금,2023,목포시
승합(대형),피라인모터스,HYPERS1609,5143,3747,8890,2023년도 전기자동차 목포시 모델별 보조금,2023,목포시
승합(대형),피라인모터스,HYPERS1612,3893,2836,6729,2023년도 전기자동차 목포시 모델별 보조금,2023,목포시
승합(대형),피라인모터스,HYPERS1609H,5572,4059,9631,2023년도 전기자동차 목포시 모델별 보조금,2023,목포시
승합(대형),피라인모터스,HYPERS1612N,4990,3635,8625,2023년도 전기자동차 목포시 모델별 보조금,2023,목포시
승합(대형),피라인모터스,HYPERS1609N,6042,4402,10444,2023년도 전기자동차 목포시 모델별 보조금,2023,목포시
승합(대형),피라인모터스,HYPERS1611N,5620,4094,9714,2023년도 전기자동차 목포시 모델별 보조금,2023,목포시
승합(대형),피라인모터스,HYPERS1609HN,5993,4366,10359,2023년도 전기자동차 목포시 모델별 보조금,2023,목포시
승합(대형),비바모빌리티,(단종)브이버스90N,4287,3123,7410,2023년도 전기자동차 목포시 모델별 보조금,2023,목포시
승합(대형),비바모빌리티,(단종)브이버스120,4690,3417,8107,2023년도 전기자동차 목포시 모델별 보조금,2023,목포시
승합(대형),비바모빌리티,(단종)브이버스110-B,4246,3093,7339,2023년도 전기자동차 목포시 모델별 보조금,2023,목포시
승합(대형),범한자동차,E-SKY11(350kWh),4989,3634,8623,2023년도 전기자동차 목포시 모델별 보조금,2023,목포시
승합(대형),범한자동차,E-SKY9(281kWh),4978,3626,8604,2023년도 전기자동차 목포시 모델별 보조금,2023,목포시
승합(대형),범한자동차,E-STAR8 V1,4265,3107,7372,2023년도 전기자동차 목포시 모델별 보조금,2023,목포시
승합(대형),범한자동차,E-STAR11,4990,3635,8625,2023년도 전기자동차 목포시 모델별 보조금,2023,목포시
승합(대형),범한자동차,E-STAR12i,4990,3635,8625,2023년도 전기자동차 목포시 모델별 보조금,2023,목포시
승합(대형),에스에이피,아이즘(IZM),4690,3417,8107,2023년도 전기자동차 목포시 모델별 보조금,2023,목포시
승합(대형),에스에이피,엘페(ELFE),4388,3196,7584,2023년도 전기자동차 목포시 모델별 보조금,2023,목포시
승합(대형),에스에이피,리오네(LIONNE),4690,3417,8107,2023년도 전기자동차 목포시 모델별 보조금,2023,목포시
승합(대형),GS글로벌,NEW BYD eBus-12,4990,3635,8625,2023년도 전기자동차 목포시 모델별 보조금,2023,목포시
승합(대형),티에스에코에너지,일레누스(TS1100-2),6810,4961,11771,2023년도 전기자동차 목포시 모델별 보조금,2023,목포시
승합(대형),티에스에코에너지,일레누스(TS900),6451,4700,11151,2023년도 전기자동차 목포시 모델별 보조금,2023,목포시
승합(대형),이온모터스,시티라이트Ⅱ,4861,3541,8402,2023년도 전기자동차 목포시 모델별 보조금,2023,목포시
승합(대형),이온모터스,시티라이트9,4990,3635,8625,2023년도 전기자동차 목포시 모델별 보조금,2023,목포시
승합(대형),한차,GREENWAY1100,5394,3929,9323,2023년도 전기자동차 목포시 모델별 보조금,2023,목포시
승합(대형),한차,GREENWAY1100A,6258,4559,10817,2023년도 전기자동차 목포시 모델별 보조금,2023,목포시
승합(대형),이엠코리아,에픽시티(LFP),4990,3635,8625,2023년도 전기자동차 목포시 모델별 보조금,2023,목포시
승합(대형),태영티엔티,GD11,2857,2081,4938,2023년도 전기자동차 목포시 모델별 보조금,2023,목포시
승합(대형),재일홀딩스,그린타운400,3846,2527,6373,2023년도 전기자동차 목포시 모델별 보조금,2023,목포시
승합(대형),아이버스,아이버스어린이운송차,5727,4172,9899,2023년도 전기자동차 목포시 모델별 보조금,2023,목포시
승합(중형),현대자동차,(단종)카운티 일렉트릭(어린이운송용 33인승 V2),4052,2952,7004,2023년도 전기자동차 여수시 모델별 보조금,2023,여수시
승합(중형),현대자동차,카운티 일렉트릭,4834,3521,8355,2023년도 전기자동차 여수시 모델별 보조금,2023,여수시
승합(중형),현대자동차,카운티 일렉트릭(마을버스),5000,3642,8642,2023년도 전기자동차 여수시 모델별 보조금,2023,여수시
승합(중형),이비온,"E6(JL618S), 어린이통학",2362,1720,4082,2023년도 전기자동차 여수시 모델별 보조금,2023,여수시
승합(중형),GS글로벌,NEW BYD eBus-7,2894,2108,5002,2023년도 전기자동차 여수시 모델별 보조금,2023,여수시
승합(중형),비바모빌리티,(단종)브이버스60,3211,2339,5550,2023년도 전기자동차 여수시 모델별 보조금,2023,여수시
승합(중형),케이지모빌리티커머셜,SMART 8.7,4308,3138,7446,2023년도 전기자동차 여수시 모델별 보조금,2023,여수시
승합(중형),한차,GREENWAY720,4530,3300,7830,2023년도 전기자동차 여수시 모델별 보조금,2023,여수시
승합(중형),테라팩토리,테라밴키즈,1911,1392,3303,2023년도 전기자동차 여수시 모델별 보조금,2023,여수시
승합(중형),테라팩토리,테라밴키즈11,1902,1385,3287,2023년도 전기자동차 여수시 모델별 보조금,2023,여수시
승합(중형),테라팩토리,테라밴,1889,1376,3265,2023년도 전기자동차 여수시 모델별 보조금,2023,여수시
승합(중형),테라팩토리,"테라밴키즈(2022), 어린이운송용14명",2151,1567,3718,2023년도 전기자동차 여수시 모델별 보조금,2023,여수시
승합(중형),테라팩토리,"테라밴키즈11(2022), 어린이운송용11명",2142,1560,3702,2023년도 전기자동차 여수시 모델별 보조금,2023,여수시
승합(중형),테라팩토리,테라밴,2129,1551,3680,2023년도 전기자동차 여수시 모델별 보조금,2023,여수시
승합(중형),중원자동차,EV J1,5000,3642,8642,2023년도 전기자동차 여수시 모델별 보조금,2023,여수시
승합(대형),현대자동차,일렉시티 이층버스,11900,5100,17000,2023년도 전기자동차 여수시 모델별 보조금,2023,여수시
승합(대형),현대자동차,일렉시티(3PACK),6887,5017,11904,2023년도 전기자동차 여수시 모델별 보조금,2023,여수시
승합(대형),현대자동차,일렉시티(4PACK V1),7000,5100,12100,2023년도 전기자동차 여수시 모델별 보조금,2023,여수시
승합(대형),현대자동차,일렉시티(4PACK V2),7000,5100,12100,2023년도 전기자동차 여수시 모델별 보조금,2023,여수시
승합(대형),현대자동차,일렉시티 타운,6725,4899,11624,2023년도 전기자동차 여수시 모델별 보조금,2023,여수시
승합(대형),케이지모빌리티커머셜,SMART 9.3,4990,3635,8625,2023년도 전기자동차 여수시 모델별 보조금,2023,여수시
승합(대형),케이지모빌리티커머셜,SMART 110(272kWh),5660,4123,9783,2023년도 전기자동차 여수시 모델별 보조금,2023,여수시
승합(대형),케이지모빌리티커머셜,SMART 110E(347kWh),6330,4611,10941,2023년도 전기자동차 여수시 모델별 보조금,2023,여수시
승합(대형),케이지모빌리티커머셜,SMART 110(260kWh),5955,4338,10293,2023년도 전기자동차 여수시 모델별 보조금,2023,여수시
승합(대형),케이지모빌리티커머셜,SMART 110E(260kWh),6277,4573,10850,2023년도 전기자동차 여수시 모델별 보조금,2023,여수시
승합(대형),우진산전,아폴로900전기버스,4420,3220,7640,2023년도 전기자동차 여수시 모델별 보조금,2023,여수시
승합(대형),우진산전,아폴로1100전기버스 22MY,7000,5100,12100,2023년도 전기자동차 여수시 모델별 보조금,2023,여수시
승합(대형),우진산전,아폴로1100전기버스 23MY,7000,5100,12100,2023년도 전기자동차 여수시 모델별 보조금,2023,여수시
승합(대형),우진산전,아폴로1200-B43,7000,5100,12100,2023년도 전기자동차 여수시 모델별 보조금,2023,여수시
승합(대형),피라인모터스,HYPERS(H),5137,3742,8879,2023년도 전기자동차 여수시 모델별 보조금,2023,여수시
승합(대형),피라인모터스,HYPERS1611,5111,3723,8834,2023년도 전기자동차 여수시 모델별 보조금,2023,여수시
승합(대형),피라인모터스,HYPERS1609,5143,3747,8890,2023년도 전기자동차 여수시 모델별 보조금,2023,여수시
승합(대형),피라인모터스,HYPERS1612,3893,2836,6729,2023년도 전기자동차 여수시 모델별 보조금,2023,여수시
승합(대형),피라인모터스,HYPERS1609H,5572,4059,9631,2023년도 전기자동차 여수시 모델별 보조금,2023,여수시
승합(대형),피라인모터스,HYPERS1612N,4990,3635,8625,2023년도 전기자동차 여수시 모델별 보조금,2023,여수시
승합(대형),피라인모터스,HYPERS1609N,6042,4402,10444,2023년도 전기자동차 여수시 모델별 보조금,2023,여수시
승합(대형),피라인모터스,HYPERS1611N,5620,4094,9714,2023년도 전기자동차 여수시 모델별 보조금,2023,여수시
승합(대형),피라인모터스,HYPERS1609HN,5993,4366,10359,2023년도 전기자동차 여수시 모델별 보조금,2023,여수시
승합(대형),피라인모터스,HYPERS1611P,7000,5100,12100,2023년도 전기자동차 여수시 모델별 보조금,2023,여수시
승합(대형),피라인모터스,HYPERS1609P,7000,5100,12100,2023년도 전기자동차 여수시 모델별 보조금,2023,여수시
승합(대형),비바모빌리티,(단종)브이버스90N,4287,3123,7410,2023년도 전기자동차 여수시 모델별 보조금,2023,여수시
승합(대형),비바모빌리티,(단종)브이버스120,4690,3417,8107,2023년도 전기자동차 여수시 모델별 보조금,2023,여수시
승합(대형),비바모빌리티,(단종)브이버스110-B,4246,3093,7339,2023년도 전기자동차 여수시 모델별 보조금,2023,여수시
승합(대형),범한자동차,E-SKY11(350kWh),4989,3634,8623,2023년도 전기자동차 여수시 모델별 보조금,2023,여수시
승합(대형),범한자동차,E-SKY9(281kWh),4978,3626,8604,2023년도 전기자동차 여수시 모델별 보조금,2023,여수시
승합(대형),범한자동차,E-STAR8 V1,4265,3107,7372,2023년도 전기자동차 여수시 모델별 보조금,2023,여수시
승합(대형),범한자동차,E-STAR11,4990,3635,8625,2023년도 전기자동차 여수시 모델별 보조금,2023,여수시
승합(대형),범한자동차,E-STAR12i,4990,3635,8625,2023년도 전기자동차 여수시 모델별 보조금,2023,여수시
승합(대형),에스에이피,아이즘(IZM),4690,3417,8107,2023년도 전기자동차 여수시 모델별 보조금,2023,여수시
승합(대형),에스에이피,엘페(ELFE),4388,3196,7584,2023년도 전기자동차 여수시 모델별 보조금,2023,여수시
승합(대형),에스에이피,리오네(LIONNE),4690,3417,8107,2023년도 전기자동차 여수시 모델별 보조금,2023,여수시
승합(대형),GS글로벌,NEW BYD eBus-12,4990,3635,8625,2023년도 전기자동차 여수시 모델별 보조금,2023,여수시
승합(대형),GS글로벌,BYD eBus9,5660,4123,9783,2023년도 전기자동차 여수시 모델별 보조금,2023,여수시
승합(대형),티에스에코에너지,일레누스(TS1100-1),6633,4832,11465,2023년도 전기자동차 여수시 모델별 보조금,2023,여수시
승합(대형),티에스에코에너지,일레누스(TS1100-2),6810,4961,11771,2023년도 전기자동차 여수시 모델별 보조금,2023,여수시
승합(대형),티에스에코에너지,일레누스(TS900),6451,4700,11151,2023년도 전기자동차 여수시 모델별 보조금,2023,여수시
승합(대형),이온모터스,시티라이트Ⅱ,4861,3541,8402,2023년도 전기자동차 여수시 모델별 보조금,2023,여수시
승합(대형),이온모터스,시티라이트9,4990,3635,8625,2023년도 전기자동차 여수시 모델별 보조금,2023,여수시
승합(대형),한차,GREENWAY1100,5394,3929,9323,2023년도 전기자동차 여수시 모델별 보조금,2023,여수시
승합(대형),한차,GREENWAY1100A,6258,4559,10817,2023년도 전기자동차 여수시 모델별 보조금,2023,여수시
승합(대형),이엠코리아,에픽시티(LFP),4990,3635,8625,2023년도 전기자동차 여수시 모델별 보조금,2023,여수시
승합(대형),이엠코리아,에픽타운(LFP),4406,3210,7616,2023년도 전기자동차 여수시 모델별 보조금,2023,여수시
승합(대형),태영티엔티,GD11,2857,2081,4938,2023년도 전기자동차 여수시 모델별 보조금,2023,여수시
승합(대형),재일홀딩스,그린타운400,3846,2447,6293,2023년도 전기자동차 여수시 모델별 보조금,2023,여수시
승합(대형),아이버스,아이버스어린이운송차,5727,4172,9899,2023년도 전기자동차 여수시 모델별 보조금,2023,여수시
승합(대형),서울시티투어버스,타이거클래식트롤리버스,3161,2303,5464,2023년도 전기자동차 여수시 모델별 보조금,2023,여수시
승합(중형),현대자동차,(단종)카운티 일렉트릭(어린이운송용 33인승 V2),4052,3646,7698,2023년도 전기자동차 순천시 모델별 보조금,2023,순천시
승합(중형),현대자동차,카운티 일렉트릭,4834,4350,9184,2023년도 전기자동차 순천시 모델별 보조금,2023,순천시
승합(중형),현대자동차,카운티 일렉트릭(마을버스),5000,4500,9500,2023년도 전기자동차 순천시 모델별 보조금,2023,순천시
승합(중형),이비온,"E6(JL618S), 어린이통학",2362,2125,4487,2023년도 전기자동차 순천시 모델별 보조금,2023,순천시
승합(중형),GS글로벌,NEW BYD eBus-7,2894,2604,5498,2023년도 전기자동차 순천시 모델별 보조금,2023,순천시
승합(중형),비바모빌리티,(단종)브이버스60,3211,2889,6100,2023년도 전기자동차 순천시 모델별 보조금,2023,순천시
승합(중형),케이지모빌리티커머셜,SMART 8.7,4308,3877,8185,2023년도 전기자동차 순천시 모델별 보조금,2023,순천시
승합(중형),한차,GREENWAY720,4530,4077,8607,2023년도 전기자동차 순천시 모델별 보조금,2023,순천시
승합(중형),테라팩토리,테라밴키즈,1911,1719,3630,2023년도 전기자동차 순천시 모델별 보조금,2023,순천시
승합(중형),테라팩토리,테라밴키즈11,1902,1711,3613,2023년도 전기자동차 순천시 모델별 보조금,2023,순천시
승합(중형),테라팩토리,테라밴,1889,1700,3589,2023년도 전기자동차 순천시 모델별 보조금,2023,순천시
승합(중형),테라팩토리,"테라밴키즈(2022), 어린이운송용14명",2151,1935,4086,2023년도 전기자동차 순천시 모델별 보조금,2023,순천시
승합(중형),테라팩토리,"테라밴키즈11(2022), 어린이운송용11명",2142,1927,4069,2023년도 전기자동차 순천시 모델별 보조금,2023,순천시
승합(중형),테라팩토리,테라밴,2129,1916,4045,2023년도 전기자동차 순천시 모델별 보조금,2023,순천시
승합(중형),중원자동차,EV J1,5000,4500,9500,2023년도 전기자동차 순천시 모델별 보조금,2023,순천시
승합(대형),현대자동차,일렉시티 이층버스,11900,5100,17000,2023년도 전기자동차 순천시 모델별 보조금,2023,순천시
승합(대형),현대자동차,일렉시티(3PACK),6887,5017,11904,2023년도 전기자동차 순천시 모델별 보조금,2023,순천시
승합(대형),현대자동차,일렉시티(4PACK V1),7000,5100,12100,2023년도 전기자동차 순천시 모델별 보조금,2023,순천시
승합(대형),현대자동차,일렉시티(4PACK V2),7000,5100,12100,2023년도 전기자동차 순천시 모델별 보조금,2023,순천시
승합(대형),현대자동차,일렉시티 타운,6725,4899,11624,2023년도 전기자동차 순천시 모델별 보조금,2023,순천시
승합(대형),케이지모빌리티커머셜,SMART 9.3,4990,3635,8625,2023년도 전기자동차 순천시 모델별 보조금,2023,순천시
승합(대형),케이지모빌리티커머셜,SMART 110(272kWh),5660,4123,9783,2023년도 전기자동차 순천시 모델별 보조금,2023,순천시
승합(대형),케이지모빌리티커머셜,SMART 110E(347kWh),6330,4611,10941,2023년도 전기자동차 순천시 모델별 보조금,2023,순천시
승합(대형),케이지모빌리티커머셜,SMART 110(260kWh),5955,4338,10293,2023년도 전기자동차 순천시 모델별 보조금,2023,순천시
승합(대형),케이지모빌리티커머셜,SMART 110E(260kWh),6277,4573,10850,2023년도 전기자동차 순천시 모델별 보조금,2023,순천시
승합(대형),우진산전,아폴로900전기버스,4420,3220,7640,2023년도 전기자동차 순천시 모델별 보조금,2023,순천시
승합(대형),우진산전,아폴로1100전기버스 22MY,7000,5100,12100,2023년도 전기자동차 순천시 모델별 보조금,2023,순천시
승합(대형),우진산전,아폴로1100전기버스 23MY,7000,5100,12100,2023년도 전기자동차 순천시 모델별 보조금,2023,순천시
승합(대형),피라인모터스,HYPERS(H),5137,3742,8879,2023년도 전기자동차 순천시 모델별 보조금,2023,순천시
승합(대형),피라인모터스,HYPERS1611,5111,3723,8834,2023년도 전기자동차 순천시 모델별 보조금,2023,순천시
승합(대형),피라인모터스,HYPERS1609,5143,3747,8890,2023년도 전기자동차 순천시 모델별 보조금,2023,순천시
승합(대형),피라인모터스,HYPERS1612,3893,2836,6729,2023년도 전기자동차 순천시 모델별 보조금,2023,순천시
승합(대형),피라인모터스,HYPERS1609H,5572,4059,9631,2023년도 전기자동차 순천시 모델별 보조금,2023,순천시
승합(대형),피라인모터스,HYPERS1612N,4990,3635,8625,2023년도 전기자동차 순천시 모델별 보조금,2023,순천시
승합(대형),피라인모터스,HYPERS1609N,6042,4402,10444,2023년도 전기자동차 순천시 모델별 보조금,2023,순천시
승합(대형),피라인모터스,HYPERS1611N,5620,4094,9714,2023년도 전기자동차 순천시 모델별 보조금,2023,순천시
승합(대형),피라인모터스,HYPERS1609HN,5993,4366,10359,2023년도 전기자동차 순천시 모델별 보조금,2023,순천시
승합(대형),비바모빌리티,(단종)브이버스90N,4287,3123,7410,2023년도 전기자동차 순천시 모델별 보조금,2023,순천시
승합(대형),비바모빌리티,(단종)브이버스120,4690,3417,8107,2023년도 전기자동차 순천시 모델별 보조금,2023,순천시
승합(대형),비바모빌리티,(단종)브이버스110-B,4246,3093,7339,2023년도 전기자동차 순천시 모델별 보조금,2023,순천시
승합(대형),범한자동차,E-SKY11(350kWh),4989,3634,8623,2023년도 전기자동차 순천시 모델별 보조금,2023,순천시
승합(대형),범한자동차,E-SKY9(281kWh),4978,3626,8604,2023년도 전기자동차 순천시 모델별 보조금,2023,순천시
승합(대형),범한자동차,E-STAR8 V1,4265,3107,7372,2023년도 전기자동차 순천시 모델별 보조금,2023,순천시
승합(대형),범한자동차,E-STAR11,4990,3635,8625,2023년도 전기자동차 순천시 모델별 보조금,2023,순천시
승합(대형),범한자동차,E-STAR12i,4990,3635,8625,2023년도 전기자동차 순천시 모델별 보조금,2023,순천시
승합(대형),에스에이피,아이즘(IZM),4690,3417,8107,2023년도 전기자동차 순천시 모델별 보조금,2023,순천시
승합(대형),에스에이피,엘페(ELFE),4388,3196,7584,2023년도 전기자동차 순천시 모델별 보조금,2023,순천시
승합(대형),에스에이피,리오네(LIONNE),4690,3417,8107,2023년도 전기자동차 순천시 모델별 보조금,2023,순천시
승합(대형),GS글로벌,NEW BYD eBus-12,4990,3635,8625,2023년도 전기자동차 순천시 모델별 보조금,2023,순천시
승합(대형),티에스에코에너지,일레누스(TS1100-2),6810,4961,11771,2023년도 전기자동차 순천시 모델별 보조금,2023,순천시
승합(대형),티에스에코에너지,일레누스(TS900),6451,4700,11151,2023년도 전기자동차 순천시 모델별 보조금,2023,순천시
승합(대형),이온모터스,시티라이트Ⅱ,4861,3541,8402,2023년도 전기자동차 순천시 모델별 보조금,2023,순천시
승합(대형),이온모터스,시티라이트9,4990,3635,8625,2023년도 전기자동차 순천시 모델별 보조금,2023,순천시
승합(대형),한차,GREENWAY1100,5394,3929,9323,2023년도 전기자동차 순천시 모델별 보조금,2023,순천시
승합(대형),한차,GREENWAY1100A,6258,4559,10817,2023년도 전기자동차 순천시 모델별 보조금,2023,순천시
승합(대형),이엠코리아,에픽시티(LFP),4990,3635,8625,2023년도 전기자동차 순천시 모델별 보조금,2023,순천시
승합(대형),태영티엔티,GD11,2857,2081,4938,2023년도 전기자동차 순천시 모델별 보조금,2023,순천시
승합(대형),재일홀딩스,그린타운400,3846,2447,6293,2023년도 전기자동차 순천시 모델별 보조금,2023,순천시
승합(대형),아이버스,아이버스어린이운송차,5727,4172,9899,2023년도 전기자동차 순천시 모델별 보조금,2023,순천시
모델별 지방비 자료가 없습니다.,모델별 지방비 자료가 없습니다.,모델별 지방비 자료가 없습니다.,모델별 지방비 자료가 없습니다.,모델별 지방비 자료가 없습니다.,모델별 지방비 자료가 없습니다.,2023년도 전기자동차 나주시 모델별 보조금,2023,나주시
승합(중형),현대자동차,(단종)카운티 일렉트릭(어린이운송용 33인승 V2),4052,2951,7003,2023년도 전기자동차 광양시 모델별 보조금,2023,광양시
승합(중형),현대자동차,카운티 일렉트릭,4834,3521,8355,2023년도 전기자동차 광양시 모델별 보조금,2023,광양시
승합(중형),현대자동차,카운티 일렉트릭(마을버스),5000,3642,8642,2023년도 전기자동차 광양시 모델별 보조금,2023,광양시
승합(중형),이비온,"E6(JL618S), 어린이통학",2362,1720,4082,2023년도 전기자동차 광양시 모델별 보조금,2023,광양시
승합(중형),GS글로벌,NEW BYD eBus-7,2894,2107,5001,2023년도 전기자동차 광양시 모델별 보조금,2023,광양시
승합(중형),비바모빌리티,(단종)브이버스60,3211,2338,5549,2023년도 전기자동차 광양시 모델별 보조금,2023,광양시
승합(중형),케이지모빌리티커머셜,SMART 8.7,4308,3137,7445,2023년도 전기자동차 광양시 모델별 보조금,2023,광양시
승합(중형),한차,GREENWAY720,4530,3299,7829,2023년도 전기자동차 광양시 모델별 보조금,2023,광양시
승합(중형),테라팩토리,테라밴키즈,1911,1391,3302,2023년도 전기자동차 광양시 모델별 보조금,2023,광양시
승합(중형),테라팩토리,테라밴키즈11,1902,1385,3287,2023년도 전기자동차 광양시 모델별 보조금,2023,광양시
승합(중형),테라팩토리,테라밴,1889,1375,3264,2023년도 전기자동차 광양시 모델별 보조금,2023,광양시
승합(중형),테라팩토리,"테라밴키즈(2022), 어린이운송용14명",2151,1566,3717,2023년도 전기자동차 광양시 모델별 보조금,2023,광양시
승합(중형),테라팩토리,"테라밴키즈11(2022), 어린이운송용11명",2142,1560,3702,2023년도 전기자동차 광양시 모델별 보조금,2023,광양시
승합(중형),테라팩토리,테라밴,2129,1550,3679,2023년도 전기자동차 광양시 모델별 보조금,2023,광양시
승합(중형),중원자동차,EV J1,5000,3642,8642,2023년도 전기자동차 광양시 모델별 보조금,2023,광양시
승합(대형),현대자동차,일렉시티 이층버스,11900,5100,17000,2023년도 전기자동차 광양시 모델별 보조금,2023,광양시
승합(대형),현대자동차,일렉시티(3PACK),6887,5017,11904,2023년도 전기자동차 광양시 모델별 보조금,2023,광양시
승합(대형),현대자동차,일렉시티(4PACK V1),7000,5100,12100,2023년도 전기자동차 광양시 모델별 보조금,2023,광양시
승합(대형),현대자동차,일렉시티(4PACK V2),7000,5100,12100,2023년도 전기자동차 광양시 모델별 보조금,2023,광양시
승합(대형),현대자동차,일렉시티 타운,6725,4899,11624,2023년도 전기자동차 광양시 모델별 보조금,2023,광양시
승합(대형),케이지모빌리티커머셜,SMART 9.3,4990,0,4990,2023년도 전기자동차 광양시 모델별 보조금,2023,광양시
승합(대형),케이지모빌리티커머셜,SMART 110(272kWh),5660,0,5660,2023년도 전기자동차 광양시 모델별 보조금,2023,광양시
승합(대형),케이지모빌리티커머셜,SMART 110E(347kWh),6330,0,6330,2023년도 전기자동차 광양시 모델별 보조금,2023,광양시
승합(대형),케이지모빌리티커머셜,SMART 110(260kWh),5955,0,5955,2023년도 전기자동차 광양시 모델별 보조금,2023,광양시
승합(대형),케이지모빌리티커머셜,SMART 110E(260kWh),6277,0,6277,2023년도 전기자동차 광양시 모델별 보조금,2023,광양시
승합(대형),우진산전,아폴로900전기버스,4420,0,4420,2023년도 전기자동차 광양시 모델별 보조금,2023,광양시
승합(대형),우진산전,아폴로1100전기버스 22MY,7000,0,7000,2023년도 전기자동차 광양시 모델별 보조금,2023,광양시
승합(대형),우진산전,아폴로1100전기버스 23MY,7000,0,7000,2023년도 전기자동차 광양시 모델별 보조금,2023,광양시
승합(대형),피라인모터스,HYPERS(H),5137,0,5137,2023년도 전기자동차 광양시 모델별 보조금,2023,광양시
승합(대형),피라인모터스,HYPERS1611,5111,0,5111,2023년도 전기자동차 광양시 모델별 보조금,2023,광양시
승합(대형),피라인모터스,HYPERS1609,5143,0,5143,2023년도 전기자동차 광양시 모델별 보조금,2023,광양시
승합(대형),피라인모터스,HYPERS1612,3893,0,3893,2023년도 전기자동차 광양시 모델별 보조금,2023,광양시
승합(대형),피라인모터스,HYPERS1609H,5572,0,5572,2023년도 전기자동차 광양시 모델별 보조금,2023,광양시
승합(대형),피라인모터스,HYPERS1612N,4990,0,4990,2023년도 전기자동차 광양시 모델별 보조금,2023,광양시
승합(대형),피라인모터스,HYPERS1609N,6042,0,6042,2023년도 전기자동차 광양시 모델별 보조금,2023,광양시
승합(대형),피라인모터스,HYPERS1611N,5620,0,5620,2023년도 전기자동차 광양시 모델별 보조금,2023,광양시
승합(대형),피라인모터스,HYPERS1609HN,5993,0,5993,2023년도 전기자동차 광양시 모델별 보조금,2023,광양시
승합(대형),비바모빌리티,(단종)브이버스90N,4287,0,4287,2023년도 전기자동차 광양시 모델별 보조금,2023,광양시
승합(대형),비바모빌리티,(단종)브이버스120,4690,0,4690,2023년도 전기자동차 광양시 모델별 보조금,2023,광양시
승합(대형),비바모빌리티,(단종)브이버스110-B,4246,0,4246,2023년도 전기자동차 광양시 모델별 보조금,2023,광양시
승합(대형),범한자동차,E-SKY11(350kWh),4989,0,4989,2023년도 전기자동차 광양시 모델별 보조금,2023,광양시
승합(대형),범한자동차,E-SKY9(281kWh),4978,0,4978,2023년도 전기자동차 광양시 모델별 보조금,2023,광양시
승합(대형),범한자동차,E-STAR8 V1,4265,0,4265,2023년도 전기자동차 광양시 모델별 보조금,2023,광양시
승합(대형),범한자동차,E-STAR11,4990,0,4990,2023년도 전기자동차 광양시 모델별 보조금,2023,광양시
승합(대형),범한자동차,E-STAR12i,4990,0,4990,2023년도 전기자동차 광양시 모델별 보조금,2023,광양시
승합(대형),에스에이피,아이즘(IZM),4690,0,4690,2023년도 전기자동차 광양시 모델별 보조금,2023,광양시
승합(대형),에스에이피,엘페(ELFE),4388,0,4388,2023년도 전기자동차 광양시 모델별 보조금,2023,광양시
승합(대형),에스에이피,리오네(LIONNE),4690,0,4690,2023년도 전기자동차 광양시 모델별 보조금,2023,광양시
승합(대형),GS글로벌,NEW BYD eBus-12,4990,0,4990,2023년도 전기자동차 광양시 모델별 보조금,2023,광양시
승합(대형),티에스에코에너지,일레누스(TS1100-2),6810,0,6810,2023년도 전기자동차 광양시 모델별 보조금,2023,광양시
승합(대형),티에스에코에너지,일레누스(TS900),6451,0,6451,2023년도 전기자동차 광양시 모델별 보조금,2023,광양시
승합(대형),이온모터스,시티라이트Ⅱ,4861,0,4861,2023년도 전기자동차 광양시 모델별 보조금,2023,광양시
승합(대형),이온모터스,시티라이트9,4990,0,4990,2023년도 전기자동차 광양시 모델별 보조금,2023,광양시
승합(대형),한차,GREENWAY1100,5394,0,5394,2023년도 전기자동차 광양시 모델별 보조금,2023,광양시
승합(대형),한차,GREENWAY1100A,6258,0,6258,2023년도 전기자동차 광양시 모델별 보조금,2023,광양시
승합(대형),이엠코리아,에픽시티(LFP),4990,0,4990,2023년도 전기자동차 광양시 모델별 보조금,2023,광양시
승합(대형),태영티엔티,GD11,2857,0,2857,2023년도 전기자동차 광양시 모델별 보조금,2023,광양시
승합(대형),재일홀딩스,그린타운400,3846,0,3846,2023년도 전기자동차 광양시 모델별 보조금,2023,광양시
승합(대형),아이버스,아이버스어린이운송차,5727,0,5727,2023년도 전기자동차 광양시 모델별 보조금,2023,광양시
모델별 지방비 자료가 없습니다.,모델별 지방비 자료가 없습니다.,모델별 지방비 자료가 없습니다.,모델별 지방비 자료가 없습니다.,모델별 지방비 자료가 없습니다.,모델별 지방비 자료가 없습니다.,2023년도 전기자동차 담양군 모델별 보조금,2023,담양군
모델별 지방비 자료가 없습니다.,모델별 지방비 자료가 없습니다.,모델별 지방비 자료가 없습니다.,모델별 지방비 자료가 없습니다.,모델별 지방비 자료가 없습니다.,모델별 지방비 자료가 없습니다.,2023년도 전기자동차 곡성군 모델별 보조금,2023,곡성군
승합(중형),현대자동차,(단종)카운티 일렉트릭(어린이운송용 33인승 V2),4052,2951,7003,2023년도 전기자동차 구례군 모델별 보조금,2023,구례군
승합(중형),현대자동차,카운티 일렉트릭,4834,3521,8355,2023년도 전기자동차 구례군 모델별 보조금,2023,구례군
승합(중형),현대자동차,카운티 일렉트릭(마을버스),5000,3642,8642,2023년도 전기자동차 구례군 모델별 보조금,2023,구례군
승합(중형),이비온,"E6(JL618S), 어린이통학",2362,1720,4082,2023년도 전기자동차 구례군 모델별 보조금,2023,구례군
승합(중형),GS글로벌,NEW BYD eBus-7,2894,2108,5002,2023년도 전기자동차 구례군 모델별 보조금,2023,구례군
승합(중형),비바모빌리티,(단종)브이버스60,3211,2339,5550,2023년도 전기자동차 구례군 모델별 보조금,2023,구례군
승합(중형),케이지모빌리티커머셜,SMART 8.7,4308,3138,7446,2023년도 전기자동차 구례군 모델별 보조금,2023,구례군
승합(중형),한차,GREENWAY720,4530,3300,7830,2023년도 전기자동차 구례군 모델별 보조금,2023,구례군
승합(중형),테라팩토리,테라밴키즈,1911,1392,3303,2023년도 전기자동차 구례군 모델별 보조금,2023,구례군
승합(중형),테라팩토리,테라밴키즈11,1902,1385,3287,2023년도 전기자동차 구례군 모델별 보조금,2023,구례군
승합(중형),테라팩토리,테라밴,1889,1375,3264,2023년도 전기자동차 구례군 모델별 보조금,2023,구례군
승합(중형),테라팩토리,"테라밴키즈(2022), 어린이운송용14명",2151,1567,3718,2023년도 전기자동차 구례군 모델별 보조금,2023,구례군
승합(중형),테라팩토리,"테라밴키즈11(2022), 어린이운송용11명",2142,1561,3703,2023년도 전기자동차 구례군 모델별 보조금,2023,구례군
승합(중형),테라팩토리,테라밴,2129,1551,3680,2023년도 전기자동차 구례군 모델별 보조금,2023,구례군
승합(중형),중원자동차,EV J1,5000,3642,8642,2023년도 전기자동차 구례군 모델별 보조금,2023,구례군
승합(대형),현대자동차,일렉시티 이층버스,11900,0,11900,2023년도 전기자동차 구례군 모델별 보조금,2023,구례군
승합(대형),현대자동차,일렉시티(3PACK),6887,5017,11904,2023년도 전기자동차 구례군 모델별 보조금,2023,구례군
승합(대형),현대자동차,일렉시티(4PACK V1),7000,5100,12100,2023년도 전기자동차 구례군 모델별 보조금,2023,구례군
승합(대형),현대자동차,일렉시티(4PACK V2),7000,5100,12100,2023년도 전기자동차 구례군 모델별 보조금,2023,구례군
승합(대형),현대자동차,일렉시티 타운,6725,4899,11624,2023년도 전기자동차 구례군 모델별 보조금,2023,구례군
승합(대형),케이지모빌리티커머셜,SMART 9.3,4990,3635,8625,2023년도 전기자동차 구례군 모델별 보조금,2023,구례군
승합(대형),케이지모빌리티커머셜,SMART 110(272kWh),5660,4123,9783,2023년도 전기자동차 구례군 모델별 보조금,2023,구례군
승합(대형),케이지모빌리티커머셜,SMART 110E(347kWh),6330,4611,10941,2023년도 전기자동차 구례군 모델별 보조금,2023,구례군
승합(대형),케이지모빌리티커머셜,SMART 110(260kWh),5955,4338,10293,2023년도 전기자동차 구례군 모델별 보조금,2023,구례군
승합(대형),케이지모빌리티커머셜,SMART 110E(260kWh),6277,4573,10850,2023년도 전기자동차 구례군 모델별 보조금,2023,구례군
승합(대형),우진산전,아폴로900전기버스,4420,3220,7640,2023년도 전기자동차 구례군 모델별 보조금,2023,구례군
승합(대형),우진산전,아폴로1100전기버스 22MY,7000,5100,12100,2023년도 전기자동차 구례군 모델별 보조금,2023,구례군
승합(대형),우진산전,아폴로1100전기버스 23MY,7000,5100,12100,2023년도 전기자동차 구례군 모델별 보조금,2023,구례군
승합(대형),피라인모터스,HYPERS(H),5137,3742,8879,2023년도 전기자동차 구례군 모델별 보조금,2023,구례군
승합(대형),피라인모터스,HYPERS1611,5111,3723,8834,2023년도 전기자동차 구례군 모델별 보조금,2023,구례군
승합(대형),피라인모터스,HYPERS1609,5143,3746,8889,2023년도 전기자동차 구례군 모델별 보조금,2023,구례군
승합(대형),피라인모터스,HYPERS1612,3893,2835,6728,2023년도 전기자동차 구례군 모델별 보조금,2023,구례군
승합(대형),피라인모터스,HYPERS1609H,5572,4059,9631,2023년도 전기자동차 구례군 모델별 보조금,2023,구례군
승합(대형),피라인모터스,HYPERS1612N,4990,3635,8625,2023년도 전기자동차 구례군 모델별 보조금,2023,구례군
승합(대형),피라인모터스,HYPERS1609N,6042,4401,10443,2023년도 전기자동차 구례군 모델별 보조금,2023,구례군
승합(대형),피라인모터스,HYPERS1611N,5620,4094,9714,2023년도 전기자동차 구례군 모델별 보조금,2023,구례군
승합(대형),피라인모터스,HYPERS1609HN,5993,4365,10358,2023년도 전기자동차 구례군 모델별 보조금,2023,구례군
승합(대형),비바모빌리티,(단종)브이버스90N,4287,3123,7410,2023년도 전기자동차 구례군 모델별 보조금,2023,구례군
승합(대형),비바모빌리티,(단종)브이버스120,4690,3417,8107,2023년도 전기자동차 구례군 모델별 보조금,2023,구례군
승합(대형),비바모빌리티,(단종)브이버스110-B,4246,3092,7338,2023년도 전기자동차 구례군 모델별 보조금,2023,구례군
승합(대형),범한자동차,E-SKY11(350kWh),4989,3634,8623,2023년도 전기자동차 구례군 모델별 보조금,2023,구례군
승합(대형),범한자동차,E-SKY9(281kWh),4978,3626,8604,2023년도 전기자동차 구례군 모델별 보조금,2023,구례군
승합(대형),범한자동차,E-STAR8 V1,4265,3106,7371,2023년도 전기자동차 구례군 모델별 보조금,2023,구례군
승합(대형),범한자동차,E-STAR11,4990,3635,8625,2023년도 전기자동차 구례군 모델별 보조금,2023,구례군
승합(대형),범한자동차,E-STAR12i,4990,3635,8625,2023년도 전기자동차 구례군 모델별 보조금,2023,구례군
승합(대형),에스에이피,아이즘(IZM),4690,3417,8107,2023년도 전기자동차 구례군 모델별 보조금,2023,구례군
승합(대형),에스에이피,엘페(ELFE),4388,3196,7584,2023년도 전기자동차 구례군 모델별 보조금,2023,구례군
승합(대형),에스에이피,리오네(LIONNE),4690,3417,8107,2023년도 전기자동차 구례군 모델별 보조금,2023,구례군
승합(대형),GS글로벌,NEW BYD eBus-12,4990,3635,8625,2023년도 전기자동차 구례군 모델별 보조금,2023,구례군
승합(대형),티에스에코에너지,일레누스(TS1100-2),6810,4961,11771,2023년도 전기자동차 구례군 모델별 보조금,2023,구례군
승합(대형),티에스에코에너지,일레누스(TS900),6451,4699,11150,2023년도 전기자동차 구례군 모델별 보조금,2023,구례군
승합(대형),이온모터스,시티라이트Ⅱ,4861,3541,8402,2023년도 전기자동차 구례군 모델별 보조금,2023,구례군
승합(대형),이온모터스,시티라이트9,4990,3635,8625,2023년도 전기자동차 구례군 모델별 보조금,2023,구례군
승합(대형),한차,GREENWAY1100,5394,3929,9323,2023년도 전기자동차 구례군 모델별 보조금,2023,구례군
승합(대형),한차,GREENWAY1100A,6258,4559,10817,2023년도 전기자동차 구례군 모델별 보조금,2023,구례군
승합(대형),이엠코리아,에픽시티(LFP),4990,3635,8625,2023년도 전기자동차 구례군 모델별 보조금,2023,구례군
승합(대형),태영티엔티,GD11,2857,2081,4938,2023년도 전기자동차 구례군 모델별 보조금,2023,구례군
승합(대형),재일홀딩스,그린타운400,3846,0,3846,2023년도 전기자동차 구례군 모델별 보조금,2023,구례군
승합(대형),아이버스,아이버스어린이운송차,5727,4172,9899,2023년도 전기자동차 구례군 모델별 보조금,2023,구례군
모델별 지방비 자료가 없습니다.,모델별 지방비 자료가 없습니다.,모델별 지방비 자료가 없습니다.,모델별 지방비 자료가 없습니다.,모델별 지방비 자료가 없습니다.,모델별 지방비 자료가 없습니다.,2023년도 전기자동차 고흥군 모델별 보조금,2023,고흥군
승합(중형),현대자동차,(단종)카운티 일렉트릭(어린이운송용 33인승 V2),4052,0,4052,2023년도 전기자동차 보성군 모델별 보조금,2023,보성군
승합(중형),현대자동차,카운티 일렉트릭,4834,0,4834,2023년도 전기자동차 보성군 모델별 보조금,2023,보성군
승합(중형),현대자동차,카운티 일렉트릭(마을버스),5000,0,5000,2023년도 전기자동차 보성군 모델별 보조금,2023,보성군
승합(중형),이비온,"E6(JL618S), 어린이통학",2362,0,2362,2023년도 전기자동차 보성군 모델별 보조금,2023,보성군
승합(중형),GS글로벌,NEW BYD eBus-7,2894,0,2894,2023년도 전기자동차 보성군 모델별 보조금,2023,보성군
승합(중형),비바모빌리티,(단종)브이버스60,3211,0,3211,2023년도 전기자동차 보성군 모델별 보조금,2023,보성군
승합(중형),케이지모빌리티커머셜,SMART 8.7,4308,0,4308,2023년도 전기자동차 보성군 모델별 보조금,2023,보성군
승합(중형),한차,GREENWAY720,4530,0,4530,2023년도 전기자동차 보성군 모델별 보조금,2023,보성군
승합(중형),테라팩토리,테라밴키즈,1911,0,1911,2023년도 전기자동차 보성군 모델별 보조금,2023,보성군
승합(중형),테라팩토리,테라밴키즈11,1902,0,1902,2023년도 전기자동차 보성군 모델별 보조금,2023,보성군
승합(중형),테라팩토리,테라밴,1889,0,1889,2023년도 전기자동차 보성군 모델별 보조금,2023,보성군
승합(중형),테라팩토리,"테라밴키즈(2022), 어린이운송용14명",2151,0,2151,2023년도 전기자동차 보성군 모델별 보조금,2023,보성군
승합(중형),테라팩토리,"테라밴키즈11(2022), 어린이운송용11명",2142,0,2142,2023년도 전기자동차 보성군 모델별 보조금,2023,보성군
승합(중형),테라팩토리,테라밴,2129,0,2129,2023년도 전기자동차 보성군 모델별 보조금,2023,보성군
승합(중형),중원자동차,EV J1,5000,0,5000,2023년도 전기자동차 보성군 모델별 보조금,2023,보성군
승합(대형),현대자동차,일렉시티 이층버스,11900,0,11900,2023년도 전기자동차 보성군 모델별 보조금,2023,보성군
승합(대형),현대자동차,일렉시티(3PACK),6887,0,6887,2023년도 전기자동차 보성군 모델별 보조금,2023,보성군
승합(대형),현대자동차,일렉시티(4PACK V1),7000,0,7000,2023년도 전기자동차 보성군 모델별 보조금,2023,보성군
승합(대형),현대자동차,일렉시티(4PACK V2),7000,0,7000,2023년도 전기자동차 보성군 모델별 보조금,2023,보성군
승합(대형),현대자동차,일렉시티 타운,6725,0,6725,2023년도 전기자동차 보성군 모델별 보조금,2023,보성군
승합(대형),케이지모빌리티커머셜,SMART 9.3,4990,0,4990,2023년도 전기자동차 보성군 모델별 보조금,2023,보성군
승합(대형),케이지모빌리티커머셜,SMART 110(272kWh),5660,0,5660,2023년도 전기자동차 보성군 모델별 보조금,2023,보성군
승합(대형),케이지모빌리티커머셜,SMART 110E(347kWh),6330,0,6330,2023년도 전기자동차 보성군 모델별 보조금,2023,보성군
승합(대형),케이지모빌리티커머셜,SMART 110(260kWh),5955,0,5955,2023년도 전기자동차 보성군 모델별 보조금,2023,보성군
승합(대형),케이지모빌리티커머셜,SMART 110E(260kWh),6277,0,6277,2023년도 전기자동차 보성군 모델별 보조금,2023,보성군
승합(대형),우진산전,아폴로900전기버스,4420,0,4420,2023년도 전기자동차 보성군 모델별 보조금,2023,보성군
승합(대형),우진산전,아폴로1100전기버스 22MY,7000,0,7000,2023년도 전기자동차 보성군 모델별 보조금,2023,보성군
승합(대형),우진산전,아폴로1100전기버스 23MY,7000,0,7000,2023년도 전기자동차 보성군 모델별 보조금,2023,보성군
승합(대형),피라인모터스,HYPERS(H),5137,0,5137,2023년도 전기자동차 보성군 모델별 보조금,2023,보성군
승합(대형),피라인모터스,HYPERS1611,5111,0,5111,2023년도 전기자동차 보성군 모델별 보조금,2023,보성군
승합(대형),피라인모터스,HYPERS1609,5143,0,5143,2023년도 전기자동차 보성군 모델별 보조금,2023,보성군
승합(대형),피라인모터스,HYPERS1612,3893,0,3893,2023년도 전기자동차 보성군 모델별 보조금,2023,보성군
승합(대형),피라인모터스,HYPERS1609H,5572,0,5572,2023년도 전기자동차 보성군 모델별 보조금,2023,보성군
승합(대형),피라인모터스,HYPERS1612N,4990,0,4990,2023년도 전기자동차 보성군 모델별 보조금,2023,보성군
승합(대형),피라인모터스,HYPERS1609N,6042,0,6042,2023년도 전기자동차 보성군 모델별 보조금,2023,보성군
승합(대형),피라인모터스,HYPERS1611N,5620,0,5620,2023년도 전기자동차 보성군 모델별 보조금,2023,보성군
승합(대형),피라인모터스,HYPERS1609HN,5993,0,5993,2023년도 전기자동차 보성군 모델별 보조금,2023,보성군
승합(대형),피라인모터스,HYPERS1611P,7000,0,7000,2023년도 전기자동차 보성군 모델별 보조금,2023,보성군
승합(대형),피라인모터스,HYPERS1609P,7000,0,7000,2023년도 전기자동차 보성군 모델별 보조금,2023,보성군
승합(대형),비바모빌리티,(단종)브이버스90N,4287,0,4287,2023년도 전기자동차 보성군 모델별 보조금,2023,보성군
승합(대형),비바모빌리티,(단종)브이버스120,4690,0,4690,2023년도 전기자동차 보성군 모델별 보조금,2023,보성군
승합(대형),비바모빌리티,(단종)브이버스110-B,4246,0,4246,2023년도 전기자동차 보성군 모델별 보조금,2023,보성군
승합(대형),범한자동차,E-SKY11(350kWh),4989,0,4989,2023년도 전기자동차 보성군 모델별 보조금,2023,보성군
승합(대형),범한자동차,E-SKY9(281kWh),4978,0,4978,2023년도 전기자동차 보성군 모델별 보조금,2023,보성군
승합(대형),범한자동차,E-STAR8 V1,4265,0,4265,2023년도 전기자동차 보성군 모델별 보조금,2023,보성군
승합(대형),범한자동차,E-STAR11,4990,0,4990,2023년도 전기자동차 보성군 모델별 보조금,2023,보성군
승합(대형),범한자동차,E-STAR12i,4990,0,4990,2023년도 전기자동차 보성군 모델별 보조금,2023,보성군
승합(대형),에스에이피,아이즘(IZM),4690,0,4690,2023년도 전기자동차 보성군 모델별 보조금,2023,보성군
승합(대형),에스에이피,엘페(ELFE),4388,0,4388,2023년도 전기자동차 보성군 모델별 보조금,2023,보성군
승합(대형),에스에이피,리오네(LIONNE),4690,0,4690,2023년도 전기자동차 보성군 모델별 보조금,2023,보성군
승합(대형),GS글로벌,NEW BYD eBus-12,4990,0,4990,2023년도 전기자동차 보성군 모델별 보조금,2023,보성군
승합(대형),GS글로벌,BYD eBus9,5660,0,5660,2023년도 전기자동차 보성군 모델별 보조금,2023,보성군
승합(대형),티에스에코에너지,일레누스(TS1100-1),6633,0,6633,2023년도 전기자동차 보성군 모델별 보조금,2023,보성군
승합(대형),티에스에코에너지,일레누스(TS1100-2),6810,0,6810,2023년도 전기자동차 보성군 모델별 보조금,2023,보성군
승합(대형),티에스에코에너지,일레누스(TS900),6451,0,6451,2023년도 전기자동차 보성군 모델별 보조금,2023,보성군
승합(대형),이온모터스,시티라이트Ⅱ,4861,0,4861,2023년도 전기자동차 보성군 모델별 보조금,2023,보성군
승합(대형),이온모터스,시티라이트9,4990,0,4990,2023년도 전기자동차 보성군 모델별 보조금,2023,보성군
승합(대형),한차,GREENWAY1100,5394,0,5394,2023년도 전기자동차 보성군 모델별 보조금,2023,보성군
승합(대형),한차,GREENWAY1100A,6258,0,6258,2023년도 전기자동차 보성군 모델별 보조금,2023,보성군
승합(대형),이엠코리아,에픽시티(LFP),4990,0,4990,2023년도 전기자동차 보성군 모델별 보조금,2023,보성군
승합(대형),이엠코리아,에픽타운(LFP),4406,0,4406,2023년도 전기자동차 보성군 모델별 보조금,2023,보성군
승합(대형),태영티엔티,GD11,2857,0,2857,2023년도 전기자동차 보성군 모델별 보조금,2023,보성군
승합(대형),재일홀딩스,그린타운400,3846,0,3846,2023년도 전기자동차 보성군 모델별 보조금,2023,보성군
승합(대형),아이버스,아이버스어린이운송차,5727,0,5727,2023년도 전기자동차 보성군 모델별 보조금,2023,보성군
승합(중형),현대자동차,(단종)카운티 일렉트릭(어린이운송용 33인승 V2),4052,2951,7003,2023년도 전기자동차 화순군 모델별 보조금,2023,화순군
승합(중형),현대자동차,카운티 일렉트릭,4834,3521,8355,2023년도 전기자동차 화순군 모델별 보조금,2023,화순군
승합(중형),현대자동차,카운티 일렉트릭(마을버스),5000,3642,8642,2023년도 전기자동차 화순군 모델별 보조금,2023,화순군
승합(중형),이비온,"E6(JL618S), 어린이통학",2362,1721,4083,2023년도 전기자동차 화순군 모델별 보조금,2023,화순군
승합(중형),GS글로벌,NEW BYD eBus-7,2894,2108,5002,2023년도 전기자동차 화순군 모델별 보조금,2023,화순군
승합(중형),비바모빌리티,(단종)브이버스60,3211,2339,5550,2023년도 전기자동차 화순군 모델별 보조금,2023,화순군
승합(중형),케이지모빌리티커머셜,SMART 8.7,4308,3138,7446,2023년도 전기자동차 화순군 모델별 보조금,2023,화순군
승합(중형),한차,GREENWAY720,4530,3300,7830,2023년도 전기자동차 화순군 모델별 보조금,2023,화순군
승합(중형),테라팩토리,테라밴키즈,1911,1392,3303,2023년도 전기자동차 화순군 모델별 보조금,2023,화순군
승합(중형),테라팩토리,테라밴키즈11,1902,1385,3287,2023년도 전기자동차 화순군 모델별 보조금,2023,화순군
승합(중형),테라팩토리,테라밴,1889,1375,3264,2023년도 전기자동차 화순군 모델별 보조금,2023,화순군
승합(중형),테라팩토리,"테라밴키즈(2022), 어린이운송용14명",2151,0,2151,2023년도 전기자동차 화순군 모델별 보조금,2023,화순군
승합(중형),테라팩토리,"테라밴키즈11(2022), 어린이운송용11명",2142,0,2142,2023년도 전기자동차 화순군 모델별 보조금,2023,화순군
승합(중형),테라팩토리,테라밴,2129,0,2129,2023년도 전기자동차 화순군 모델별 보조금,2023,화순군
승합(중형),중원자동차,EV J1,5000,3642,8642,2023년도 전기자동차 화순군 모델별 보조금,2023,화순군
승합(대형),현대자동차,일렉시티 이층버스,11900,5100,17000,2023년도 전기자동차 화순군 모델별 보조금,2023,화순군
승합(대형),현대자동차,일렉시티(3PACK),6887,5017,11904,2023년도 전기자동차 화순군 모델별 보조금,2023,화순군
승합(대형),현대자동차,일렉시티(4PACK V1),7000,5100,12100,2023년도 전기자동차 화순군 모델별 보조금,2023,화순군
승합(대형),현대자동차,일렉시티(4PACK V2),7000,5100,12100,2023년도 전기자동차 화순군 모델별 보조금,2023,화순군
승합(대형),현대자동차,일렉시티 타운,6725,4899,11624,2023년도 전기자동차 화순군 모델별 보조금,2023,화순군
승합(대형),케이지모빌리티커머셜,SMART 9.3,4990,3635,8625,2023년도 전기자동차 화순군 모델별 보조금,2023,화순군
승합(대형),케이지모빌리티커머셜,SMART 110(272kWh),5660,0,5660,2023년도 전기자동차 화순군 모델별 보조금,2023,화순군
승합(대형),케이지모빌리티커머셜,SMART 110E(347kWh),6330,4611,10941,2023년도 전기자동차 화순군 모델별 보조금,2023,화순군
승합(대형),케이지모빌리티커머셜,SMART 110(260kWh),5955,4338,10293,2023년도 전기자동차 화순군 모델별 보조금,2023,화순군
승합(대형),케이지모빌리티커머셜,SMART 110E(260kWh),6277,4573,10850,2023년도 전기자동차 화순군 모델별 보조금,2023,화순군
승합(대형),우진산전,아폴로900전기버스,4420,3220,7640,2023년도 전기자동차 화순군 모델별 보조금,2023,화순군
승합(대형),우진산전,아폴로1100전기버스 22MY,7000,5100,12100,2023년도 전기자동차 화순군 모델별 보조금,2023,화순군
승합(대형),우진산전,아폴로1100전기버스 23MY,7000,5100,12100,2023년도 전기자동차 화순군 모델별 보조금,2023,화순군
승합(대형),피라인모터스,HYPERS(H),5137,3742,8879,2023년도 전기자동차 화순군 모델별 보조금,2023,화순군
승합(대형),피라인모터스,HYPERS1611,5111,3723,8834,2023년도 전기자동차 화순군 모델별 보조금,2023,화순군
승합(대형),피라인모터스,HYPERS1609,5143,3747,8890,2023년도 전기자동차 화순군 모델별 보조금,2023,화순군
승합(대형),피라인모터스,HYPERS1612,3893,2836,6729,2023년도 전기자동차 화순군 모델별 보조금,2023,화순군
승합(대형),피라인모터스,HYPERS1609H,5572,4059,9631,2023년도 전기자동차 화순군 모델별 보조금,2023,화순군
승합(대형),피라인모터스,HYPERS1612N,4990,3635,8625,2023년도 전기자동차 화순군 모델별 보조금,2023,화순군
승합(대형),피라인모터스,HYPERS1609N,6042,4402,10444,2023년도 전기자동차 화순군 모델별 보조금,2023,화순군
승합(대형),피라인모터스,HYPERS1611N,5620,4094,9714,2023년도 전기자동차 화순군 모델별 보조금,2023,화순군
승합(대형),피라인모터스,HYPERS1609HN,5993,4366,10359,2023년도 전기자동차 화순군 모델별 보조금,2023,화순군
승합(대형),비바모빌리티,(단종)브이버스90N,4287,3123,7410,2023년도 전기자동차 화순군 모델별 보조금,2023,화순군
승합(대형),비바모빌리티,(단종)브이버스120,4690,3417,8107,2023년도 전기자동차 화순군 모델별 보조금,2023,화순군
승합(대형),비바모빌리티,(단종)브이버스110-B,4246,3093,7339,2023년도 전기자동차 화순군 모델별 보조금,2023,화순군
승합(대형),범한자동차,E-SKY11(350kWh),4989,3634,8623,2023년도 전기자동차 화순군 모델별 보조금,2023,화순군
승합(대형),범한자동차,E-SKY9(281kWh),4978,3626,8604,2023년도 전기자동차 화순군 모델별 보조금,2023,화순군
승합(대형),범한자동차,E-STAR8 V1,4265,3107,7372,2023년도 전기자동차 화순군 모델별 보조금,2023,화순군
승합(대형),범한자동차,E-STAR11,4990,3635,8625,2023년도 전기자동차 화순군 모델별 보조금,2023,화순군
승합(대형),범한자동차,E-STAR12i,4990,3635,8625,2023년도 전기자동차 화순군 모델별 보조금,2023,화순군
승합(대형),에스에이피,아이즘(IZM),4690,3417,8107,2023년도 전기자동차 화순군 모델별 보조금,2023,화순군
승합(대형),에스에이피,엘페(ELFE),4388,3196,7584,2023년도 전기자동차 화순군 모델별 보조금,2023,화순군
승합(대형),에스에이피,리오네(LIONNE),4690,3417,8107,2023년도 전기자동차 화순군 모델별 보조금,2023,화순군
승합(대형),GS글로벌,NEW BYD eBus-12,4990,3635,8625,2023년도 전기자동차 화순군 모델별 보조금,2023,화순군
승합(대형),티에스에코에너지,일레누스(TS1100-2),6810,4961,11771,2023년도 전기자동차 화순군 모델별 보조금,2023,화순군
승합(대형),티에스에코에너지,일레누스(TS900),6451,4700,11151,2023년도 전기자동차 화순군 모델별 보조금,2023,화순군
승합(대형),이온모터스,시티라이트Ⅱ,4861,3541,8402,2023년도 전기자동차 화순군 모델별 보조금,2023,화순군
승합(대형),이온모터스,시티라이트9,4990,3635,8625,2023년도 전기자동차 화순군 모델별 보조금,2023,화순군
승합(대형),한차,GREENWAY1100,5394,3929,9323,2023년도 전기자동차 화순군 모델별 보조금,2023,화순군
승합(대형),한차,GREENWAY1100A,6258,4559,10817,2023년도 전기자동차 화순군 모델별 보조금,2023,화순군
승합(대형),이엠코리아,에픽시티(LFP),4990,3635,8625,2023년도 전기자동차 화순군 모델별 보조금,2023,화순군
승합(대형),태영티엔티,GD11,2857,2081,4938,2023년도 전기자동차 화순군 모델별 보조금,2023,화순군
승합(대형),재일홀딩스,그린타운400,3846,2447,6293,2023년도 전기자동차 화순군 모델별 보조금,2023,화순군
승합(대형),아이버스,아이버스어린이운송차,5727,4172,9899,2023년도 전기자동차 화순군 모델별 보조금,2023,화순군
모델별 지방비 자료가 없습니다.,모델별 지방비 자료가 없습니다.,모델별 지방비 자료가 없습니다.,모델별 지방비 자료가 없습니다.,모델별 지방비 자료가 없습니다.,모델별 지방비 자료가 없습니다.,2023년도 전기자동차 장흥군 모델별 보조금,2023,장흥군
모델별 지방비 자료가 없습니다.,모델별 지방비 자료가 없습니다.,모델별 지방비 자료가 없습니다.,모델별 지방비 자료가 없습니다.,모델별 지방비 자료가 없습니다.,모델별 지방비 자료가 없습니다.,2023년도 전기자동차 강진군 모델별 보조금,2023,강진군
모델별 지방비 자료가 없습니다.,모델별 지방비 자료가 없습니다.,모델별 지방비 자료가 없습니다.,모델별 지방비 자료가 없습니다.,모델별 지방비 자료가 없습니다.,모델별 지방비 자료가 없습니다.,2023년도 전기자동차 해남군 모델별 보조금,2023,해남군
승합(중형),현대자동차,(단종)카운티 일렉트릭(어린이운송용 33인승 V2),4052,0,4052,2023년도 전기자동차 영암군 모델별 보조금,2023,영암군
승합(중형),현대자동차,카운티 일렉트릭,4834,0,4834,2023년도 전기자동차 영암군 모델별 보조금,2023,영암군
승합(중형),현대자동차,카운티 일렉트릭(마을버스),5000,0,5000,2023년도 전기자동차 영암군 모델별 보조금,2023,영암군
승합(중형),이비온,"E6(JL618S), 어린이통학",2362,0,2362,2023년도 전기자동차 영암군 모델별 보조금,2023,영암군
승합(중형),GS글로벌,NEW BYD eBus-7,2894,0,2894,2023년도 전기자동차 영암군 모델별 보조금,2023,영암군
승합(중형),비바모빌리티,(단종)브이버스60,3211,0,3211,2023년도 전기자동차 영암군 모델별 보조금,2023,영암군
승합(중형),케이지모빌리티커머셜,SMART 8.7,4308,0,4308,2023년도 전기자동차 영암군 모델별 보조금,2023,영암군
승합(중형),한차,GREENWAY720,4530,0,4530,2023년도 전기자동차 영암군 모델별 보조금,2023,영암군
승합(중형),테라팩토리,테라밴키즈,1911,0,1911,2023년도 전기자동차 영암군 모델별 보조금,2023,영암군
승합(중형),테라팩토리,테라밴키즈11,1902,0,1902,2023년도 전기자동차 영암군 모델별 보조금,2023,영암군
승합(중형),테라팩토리,테라밴,1889,0,1889,2023년도 전기자동차 영암군 모델별 보조금,2023,영암군
승합(중형),테라팩토리,"테라밴키즈(2022), 어린이운송용14명",2151,0,2151,2023년도 전기자동차 영암군 모델별 보조금,2023,영암군
승합(중형),테라팩토리,"테라밴키즈11(2022), 어린이운송용11명",2142,0,2142,2023년도 전기자동차 영암군 모델별 보조금,2023,영암군
승합(중형),테라팩토리,테라밴,2129,0,2129,2023년도 전기자동차 영암군 모델별 보조금,2023,영암군
승합(중형),중원자동차,EV J1,5000,0,5000,2023년도 전기자동차 영암군 모델별 보조금,2023,영암군
승합(대형),현대자동차,일렉시티 이층버스,11900,0,11900,2023년도 전기자동차 영암군 모델별 보조금,2023,영암군
승합(대형),현대자동차,일렉시티(3PACK),6887,0,6887,2023년도 전기자동차 영암군 모델별 보조금,2023,영암군
승합(대형),현대자동차,일렉시티(4PACK V1),7000,0,7000,2023년도 전기자동차 영암군 모델별 보조금,2023,영암군
승합(대형),현대자동차,일렉시티(4PACK V2),7000,0,7000,2023년도 전기자동차 영암군 모델별 보조금,2023,영암군
승합(대형),현대자동차,일렉시티 타운,6725,4899,11624,2023년도 전기자동차 영암군 모델별 보조금,2023,영암군
승합(대형),케이지모빌리티커머셜,SMART 9.3,4990,0,4990,2023년도 전기자동차 영암군 모델별 보조금,2023,영암군
승합(대형),케이지모빌리티커머셜,SMART 110(272kWh),5660,0,5660,2023년도 전기자동차 영암군 모델별 보조금,2023,영암군
승합(대형),케이지모빌리티커머셜,SMART 110E(347kWh),6330,0,6330,2023년도 전기자동차 영암군 모델별 보조금,2023,영암군
승합(대형),케이지모빌리티커머셜,SMART 110(260kWh),5955,0,5955,2023년도 전기자동차 영암군 모델별 보조금,2023,영암군
승합(대형),케이지모빌리티커머셜,SMART 110E(260kWh),6277,0,6277,2023년도 전기자동차 영암군 모델별 보조금,2023,영암군
승합(대형),우진산전,아폴로900전기버스,4420,0,4420,2023년도 전기자동차 영암군 모델별 보조금,2023,영암군
승합(대형),우진산전,아폴로1100전기버스 22MY,7000,0,7000,2023년도 전기자동차 영암군 모델별 보조금,2023,영암군
승합(대형),우진산전,아폴로1100전기버스 23MY,7000,0,7000,2023년도 전기자동차 영암군 모델별 보조금,2023,영암군
승합(대형),우진산전,아폴로1200-B43,7000,0,7000,2023년도 전기자동차 영암군 모델별 보조금,2023,영암군
승합(대형),우진산전,아폴로1200-S42,7000,0,7000,2023년도 전기자동차 영암군 모델별 보조금,2023,영암군
승합(대형),피라인모터스,HYPERS(H),5137,0,5137,2023년도 전기자동차 영암군 모델별 보조금,2023,영암군
승합(대형),피라인모터스,HYPERS1611,5111,0,5111,2023년도 전기자동차 영암군 모델별 보조금,2023,영암군
승합(대형),피라인모터스,HYPERS1609,5143,0,5143,2023년도 전기자동차 영암군 모델별 보조금,2023,영암군
승합(대형),피라인모터스,HYPERS1612,3893,0,3893,2023년도 전기자동차 영암군 모델별 보조금,2023,영암군
승합(대형),피라인모터스,HYPERS1609H,5572,0,5572,2023년도 전기자동차 영암군 모델별 보조금,2023,영암군
승합(대형),피라인모터스,HYPERS1612N,4990,0,4990,2023년도 전기자동차 영암군 모델별 보조금,2023,영암군
승합(대형),피라인모터스,HYPERS1609N,6042,0,6042,2023년도 전기자동차 영암군 모델별 보조금,2023,영암군
승합(대형),피라인모터스,HYPERS1611N,5620,0,5620,2023년도 전기자동차 영암군 모델별 보조금,2023,영암군
승합(대형),피라인모터스,HYPERS1609HN,5993,0,5993,2023년도 전기자동차 영암군 모델별 보조금,2023,영암군
승합(대형),피라인모터스,HYPERS1611P,7000,0,7000,2023년도 전기자동차 영암군 모델별 보조금,2023,영암군
승합(대형),피라인모터스,HYPERS1609P,7000,0,7000,2023년도 전기자동차 영암군 모델별 보조금,2023,영암군
승합(대형),비바모빌리티,(단종)브이버스90N,4287,0,4287,2023년도 전기자동차 영암군 모델별 보조금,2023,영암군
승합(대형),비바모빌리티,(단종)브이버스120,4690,0,4690,2023년도 전기자동차 영암군 모델별 보조금,2023,영암군
승합(대형),비바모빌리티,(단종)브이버스110-B,4246,0,4246,2023년도 전기자동차 영암군 모델별 보조금,2023,영암군
승합(대형),범한자동차,E-SKY11(350kWh),4989,0,4989,2023년도 전기자동차 영암군 모델별 보조금,2023,영암군
승합(대형),범한자동차,E-SKY9(281kWh),4978,0,4978,2023년도 전기자동차 영암군 모델별 보조금,2023,영암군
승합(대형),범한자동차,E-STAR8 V1,4265,0,4265,2023년도 전기자동차 영암군 모델별 보조금,2023,영암군
승합(대형),범한자동차,E-STAR11,4990,0,4990,2023년도 전기자동차 영암군 모델별 보조금,2023,영암군
승합(대형),범한자동차,E-STAR12i,4990,0,4990,2023년도 전기자동차 영암군 모델별 보조금,2023,영암군
승합(대형),에스에이피,아이즘(IZM),4690,0,4690,2023년도 전기자동차 영암군 모델별 보조금,2023,영암군
승합(대형),에스에이피,엘페(ELFE),4388,0,4388,2023년도 전기자동차 영암군 모델별 보조금,2023,영암군
승합(대형),에스에이피,리오네(LIONNE),4690,0,4690,2023년도 전기자동차 영암군 모델별 보조금,2023,영암군
승합(대형),GS글로벌,NEW BYD eBus-12,4990,0,4990,2023년도 전기자동차 영암군 모델별 보조금,2023,영암군
승합(대형),GS글로벌,BYD eBus9,5660,0,5660,2023년도 전기자동차 영암군 모델별 보조금,2023,영암군
승합(대형),티에스에코에너지,일레누스(TS1100-1),6633,0,6633,2023년도 전기자동차 영암군 모델별 보조금,2023,영암군
승합(대형),티에스에코에너지,일레누스(TS1100-2),6810,0,6810,2023년도 전기자동차 영암군 모델별 보조금,2023,영암군
승합(대형),티에스에코에너지,일레누스(TS900),6451,0,6451,2023년도 전기자동차 영암군 모델별 보조금,2023,영암군
승합(대형),이온모터스,시티라이트Ⅱ,4861,0,4861,2023년도 전기자동차 영암군 모델별 보조금,2023,영암군
승합(대형),이온모터스,시티라이트9,4990,0,4990,2023년도 전기자동차 영암군 모델별 보조금,2023,영암군
승합(대형),한차,GREENWAY1100,5394,0,5394,2023년도 전기자동차 영암군 모델별 보조금,2023,영암군
승합(대형),한차,GREENWAY1100A,6258,0,6258,2023년도 전기자동차 영암군 모델별 보조금,2023,영암군
승합(대형),이엠코리아,에픽시티(LFP),4990,0,4990,2023년도 전기자동차 영암군 모델별 보조금,2023,영암군
승합(대형),이엠코리아,에픽타운(LFP),4406,0,4406,2023년도 전기자동차 영암군 모델별 보조금,2023,영암군
승합(대형),태영티엔티,GD11,2857,0,2857,2023년도 전기자동차 영암군 모델별 보조금,2023,영암군
승합(대형),재일홀딩스,그린타운400,3846,0,3846,2023년도 전기자동차 영암군 모델별 보조금,2023,영암군
승합(대형),아이버스,아이버스어린이운송차,5727,0,5727,2023년도 전기자동차 영암군 모델별 보조금,2023,영암군
승합(대형),서울시티투어버스,타이거클래식트롤리버스,3161,0,3161,2023년도 전기자동차 영암군 모델별 보조금,2023,영암군
모델별 지방비 자료가 없습니다.,모델별 지방비 자료가 없습니다.,모델별 지방비 자료가 없습니다.,모델별 지방비 자료가 없습니다.,모델별 지방비 자료가 없습니다.,모델별 지방비 자료가 없습니다.,2023년도 전기자동차 무안군 모델별 보조금,2023,무안군
모델별 지방비 자료가 없습니다.,모델별 지방비 자료가 없습니다.,모델별 지방비 자료가 없습니다.,모델별 지방비 자료가 없습니다.,모델별 지방비 자료가 없습니다.,모델별 지방비 자료가 없습니다.,2023년도 전기자동차 함평군 모델별 보조금,2023,함평군
승합(중형),현대자동차,(단종)카운티 일렉트릭(어린이운송용 33인승 V2),4052,0,4052,2023년도 전기자동차 영광군 모델별 보조금,2023,영광군
승합(중형),현대자동차,카운티 일렉트릭,4834,0,4834,2023년도 전기자동차 영광군 모델별 보조금,2023,영광군
승합(중형),현대자동차,카운티 일렉트릭(마을버스),5000,0,5000,2023년도 전기자동차 영광군 모델별 보조금,2023,영광군
승합(중형),이비온,"E6(JL618S), 어린이통학",2362,0,2362,2023년도 전기자동차 영광군 모델별 보조금,2023,영광군
승합(중형),GS글로벌,NEW BYD eBus-7,2894,0,2894,2023년도 전기자동차 영광군 모델별 보조금,2023,영광군
승합(중형),비바모빌리티,(단종)브이버스60,3211,0,3211,2023년도 전기자동차 영광군 모델별 보조금,2023,영광군
승합(중형),케이지모빌리티커머셜,SMART 8.7,4308,0,4308,2023년도 전기자동차 영광군 모델별 보조금,2023,영광군
승합(중형),한차,GREENWAY720,4530,0,4530,2023년도 전기자동차 영광군 모델별 보조금,2023,영광군
승합(중형),테라팩토리,테라밴키즈,1911,0,1911,2023년도 전기자동차 영광군 모델별 보조금,2023,영광군
승합(중형),테라팩토리,테라밴키즈11,1902,0,1902,2023년도 전기자동차 영광군 모델별 보조금,2023,영광군
승합(중형),테라팩토리,테라밴,1889,0,1889,2023년도 전기자동차 영광군 모델별 보조금,2023,영광군
승합(중형),테라팩토리,"테라밴키즈(2022), 어린이운송용14명",2151,0,2151,2023년도 전기자동차 영광군 모델별 보조금,2023,영광군
승합(중형),테라팩토리,"테라밴키즈11(2022), 어린이운송용11명",2142,0,2142,2023년도 전기자동차 영광군 모델별 보조금,2023,영광군
승합(중형),테라팩토리,테라밴,2129,0,2129,2023년도 전기자동차 영광군 모델별 보조금,2023,영광군
승합(중형),중원자동차,EV J1,5000,0,5000,2023년도 전기자동차 영광군 모델별 보조금,2023,영광군
승합(대형),현대자동차,일렉시티 이층버스,11900,5100,17000,2023년도 전기자동차 영광군 모델별 보조금,2023,영광군
승합(대형),현대자동차,일렉시티(3PACK),6887,5017,11904,2023년도 전기자동차 영광군 모델별 보조금,2023,영광군
승합(대형),현대자동차,일렉시티(4PACK V1),7000,5100,12100,2023년도 전기자동차 영광군 모델별 보조금,2023,영광군
승합(대형),현대자동차,일렉시티(4PACK V2),7000,5100,12100,2023년도 전기자동차 영광군 모델별 보조금,2023,영광군
승합(대형),현대자동차,일렉시티 타운,6725,4899,11624,2023년도 전기자동차 영광군 모델별 보조금,2023,영광군
승합(대형),케이지모빌리티커머셜,SMART 9.3,4990,3635,8625,2023년도 전기자동차 영광군 모델별 보조금,2023,영광군
승합(대형),케이지모빌리티커머셜,SMART 110(272kWh),5660,4123,9783,2023년도 전기자동차 영광군 모델별 보조금,2023,영광군
승합(대형),케이지모빌리티커머셜,SMART 110E(347kWh),6330,4611,10941,2023년도 전기자동차 영광군 모델별 보조금,2023,영광군
승합(대형),케이지모빌리티커머셜,SMART 110(260kWh),5955,4338,10293,2023년도 전기자동차 영광군 모델별 보조금,2023,영광군
승합(대형),케이지모빌리티커머셜,SMART 110E(260kWh),6277,4573,10850,2023년도 전기자동차 영광군 모델별 보조금,2023,영광군
승합(대형),우진산전,아폴로900전기버스,4420,3220,7640,2023년도 전기자동차 영광군 모델별 보조금,2023,영광군
승합(대형),우진산전,아폴로1100전기버스 22MY,7000,5100,12100,2023년도 전기자동차 영광군 모델별 보조금,2023,영광군
승합(대형),우진산전,아폴로1100전기버스 23MY,7000,5100,12100,2023년도 전기자동차 영광군 모델별 보조금,2023,영광군
승합(대형),피라인모터스,HYPERS(H),5137,3742,8879,2023년도 전기자동차 영광군 모델별 보조금,2023,영광군
승합(대형),피라인모터스,HYPERS1611,5111,3723,8834,2023년도 전기자동차 영광군 모델별 보조금,2023,영광군
승합(대형),피라인모터스,HYPERS1609,5143,3747,8890,2023년도 전기자동차 영광군 모델별 보조금,2023,영광군
승합(대형),피라인모터스,HYPERS1612,3893,2836,6729,2023년도 전기자동차 영광군 모델별 보조금,2023,영광군
승합(대형),피라인모터스,HYPERS1609H,5572,4059,9631,2023년도 전기자동차 영광군 모델별 보조금,2023,영광군
승합(대형),피라인모터스,HYPERS1612N,4990,3635,8625,2023년도 전기자동차 영광군 모델별 보조금,2023,영광군
승합(대형),피라인모터스,HYPERS1609N,6042,4402,10444,2023년도 전기자동차 영광군 모델별 보조금,2023,영광군
승합(대형),피라인모터스,HYPERS1611N,5620,4094,9714,2023년도 전기자동차 영광군 모델별 보조금,2023,영광군
승합(대형),피라인모터스,HYPERS1609HN,5993,4366,10359,2023년도 전기자동차 영광군 모델별 보조금,2023,영광군
승합(대형),비바모빌리티,(단종)브이버스90N,4287,3123,7410,2023년도 전기자동차 영광군 모델별 보조금,2023,영광군
승합(대형),비바모빌리티,(단종)브이버스120,4690,3417,8107,2023년도 전기자동차 영광군 모델별 보조금,2023,영광군
승합(대형),비바모빌리티,(단종)브이버스110-B,4246,3093,7339,2023년도 전기자동차 영광군 모델별 보조금,2023,영광군
승합(대형),범한자동차,E-SKY11(350kWh),4989,3634,8623,2023년도 전기자동차 영광군 모델별 보조금,2023,영광군
승합(대형),범한자동차,E-SKY9(281kWh),4978,3626,8604,2023년도 전기자동차 영광군 모델별 보조금,2023,영광군
승합(대형),범한자동차,E-STAR8 V1,4265,3107,7372,2023년도 전기자동차 영광군 모델별 보조금,2023,영광군
승합(대형),범한자동차,E-STAR11,4990,3635,8625,2023년도 전기자동차 영광군 모델별 보조금,2023,영광군
승합(대형),범한자동차,E-STAR12i,4990,3635,8625,2023년도 전기자동차 영광군 모델별 보조금,2023,영광군
승합(대형),에스에이피,아이즘(IZM),4690,3417,8107,2023년도 전기자동차 영광군 모델별 보조금,2023,영광군
승합(대형),에스에이피,엘페(ELFE),4388,3196,7584,2023년도 전기자동차 영광군 모델별 보조금,2023,영광군
승합(대형),에스에이피,리오네(LIONNE),4690,3417,8107,2023년도 전기자동차 영광군 모델별 보조금,2023,영광군
승합(대형),GS글로벌,NEW BYD eBus-12,4990,3635,8625,2023년도 전기자동차 영광군 모델별 보조금,2023,영광군
승합(대형),티에스에코에너지,일레누스(TS1100-2),6810,4961,11771,2023년도 전기자동차 영광군 모델별 보조금,2023,영광군
승합(대형),티에스에코에너지,일레누스(TS900),6451,4700,11151,2023년도 전기자동차 영광군 모델별 보조금,2023,영광군
승합(대형),이온모터스,시티라이트Ⅱ,4861,3541,8402,2023년도 전기자동차 영광군 모델별 보조금,2023,영광군
승합(대형),이온모터스,시티라이트9,4990,3635,8625,2023년도 전기자동차 영광군 모델별 보조금,2023,영광군
승합(대형),한차,GREENWAY1100,5394,3929,9323,2023년도 전기자동차 영광군 모델별 보조금,2023,영광군
승합(대형),한차,GREENWAY1100A,6258,4559,10817,2023년도 전기자동차 영광군 모델별 보조금,2023,영광군
승합(대형),이엠코리아,에픽시티(LFP),4990,3635,8625,2023년도 전기자동차 영광군 모델별 보조금,2023,영광군
승합(대형),태영티엔티,GD11,2857,2081,4938,2023년도 전기자동차 영광군 모델별 보조금,2023,영광군
승합(대형),재일홀딩스,그린타운400,3846,0,3846,2023년도 전기자동차 영광군 모델별 보조금,2023,영광군
승합(대형),아이버스,아이버스어린이운송차,5727,4172,9899,2023년도 전기자동차 영광군 모델별 보조금,2023,영광군
승합(중형),현대자동차,(단종)카운티 일렉트릭(어린이운송용 33인승 V2),4052,2951,7003,2023년도 전기자동차 장성군 모델별 보조금,2023,장성군
승합(중형),현대자동차,카운티 일렉트릭,4834,3521,8355,2023년도 전기자동차 장성군 모델별 보조금,2023,장성군
승합(중형),현대자동차,카운티 일렉트릭(마을버스),5000,3642,8642,2023년도 전기자동차 장성군 모델별 보조금,2023,장성군
승합(중형),이비온,"E6(JL618S), 어린이통학",2362,1720,4082,2023년도 전기자동차 장성군 모델별 보조금,2023,장성군
승합(중형),GS글로벌,NEW BYD eBus-7,2894,2107,5001,2023년도 전기자동차 장성군 모델별 보조금,2023,장성군
승합(중형),비바모빌리티,(단종)브이버스60,3211,2338,5549,2023년도 전기자동차 장성군 모델별 보조금,2023,장성군
승합(중형),케이지모빌리티커머셜,SMART 8.7,4308,3137,7445,2023년도 전기자동차 장성군 모델별 보조금,2023,장성군
승합(중형),한차,GREENWAY720,4530,3299,7829,2023년도 전기자동차 장성군 모델별 보조금,2023,장성군
승합(중형),테라팩토리,테라밴키즈,1911,1391,3302,2023년도 전기자동차 장성군 모델별 보조금,2023,장성군
승합(중형),테라팩토리,테라밴키즈11,1902,1385,3287,2023년도 전기자동차 장성군 모델별 보조금,2023,장성군
승합(중형),테라팩토리,테라밴,1889,1375,3264,2023년도 전기자동차 장성군 모델별 보조금,2023,장성군
승합(중형),테라팩토리,"테라밴키즈(2022), 어린이운송용14명",2151,1566,3717,2023년도 전기자동차 장성군 모델별 보조금,2023,장성군
승합(중형),테라팩토리,"테라밴키즈11(2022), 어린이운송용11명",2142,1560,3702,2023년도 전기자동차 장성군 모델별 보조금,2023,장성군
승합(중형),테라팩토리,테라밴,2129,1550,3679,2023년도 전기자동차 장성군 모델별 보조금,2023,장성군
승합(중형),중원자동차,EV J1,5000,3642,8642,2023년도 전기자동차 장성군 모델별 보조금,2023,장성군
승합(대형),현대자동차,일렉시티 이층버스,11900,5100,17000,2023년도 전기자동차 장성군 모델별 보조금,2023,장성군
승합(대형),현대자동차,일렉시티(3PACK),6887,5018,11905,2023년도 전기자동차 장성군 모델별 보조금,2023,장성군
승합(대형),현대자동차,일렉시티(4PACK V1),7000,5100,12100,2023년도 전기자동차 장성군 모델별 보조금,2023,장성군
승합(대형),현대자동차,일렉시티(4PACK V2),7000,5100,12100,2023년도 전기자동차 장성군 모델별 보조금,2023,장성군
승합(대형),현대자동차,일렉시티 타운,6725,4900,11625,2023년도 전기자동차 장성군 모델별 보조금,2023,장성군
승합(대형),케이지모빌리티커머셜,SMART 9.3,4990,3636,8626,2023년도 전기자동차 장성군 모델별 보조금,2023,장성군
승합(대형),케이지모빌리티커머셜,SMART 110(272kWh),5660,4124,9784,2023년도 전기자동차 장성군 모델별 보조금,2023,장성군
승합(대형),케이지모빌리티커머셜,SMART 110E(347kWh),6330,4612,10942,2023년도 전기자동차 장성군 모델별 보조금,2023,장성군
승합(대형),케이지모빌리티커머셜,SMART 110(260kWh),5955,4339,10294,2023년도 전기자동차 장성군 모델별 보조금,2023,장성군
승합(대형),케이지모빌리티커머셜,SMART 110E(260kWh),6277,4573,10850,2023년도 전기자동차 장성군 모델별 보조금,2023,장성군
승합(대형),우진산전,아폴로900전기버스,4420,3220,7640,2023년도 전기자동차 장성군 모델별 보조금,2023,장성군
승합(대형),우진산전,아폴로1100전기버스 22MY,7000,5100,12100,2023년도 전기자동차 장성군 모델별 보조금,2023,장성군
승합(대형),우진산전,아폴로1100전기버스 23MY,7000,5100,12100,2023년도 전기자동차 장성군 모델별 보조금,2023,장성군
승합(대형),피라인모터스,HYPERS(H),5137,3743,8880,2023년도 전기자동차 장성군 모델별 보조금,2023,장성군
승합(대형),피라인모터스,HYPERS1611,5111,3724,8835,2023년도 전기자동차 장성군 모델별 보조금,2023,장성군
승합(대형),피라인모터스,HYPERS1609,5143,3747,8890,2023년도 전기자동차 장성군 모델별 보조금,2023,장성군
승합(대형),피라인모터스,HYPERS1612,3893,2836,6729,2023년도 전기자동차 장성군 모델별 보조금,2023,장성군
승합(대형),피라인모터스,HYPERS1609H,5572,4060,9632,2023년도 전기자동차 장성군 모델별 보조금,2023,장성군
승합(대형),피라인모터스,HYPERS1612N,4990,3636,8626,2023년도 전기자동차 장성군 모델별 보조금,2023,장성군
승합(대형),피라인모터스,HYPERS1609N,6042,4402,10444,2023년도 전기자동차 장성군 모델별 보조금,2023,장성군
승합(대형),피라인모터스,HYPERS1611N,5620,4095,9715,2023년도 전기자동차 장성군 모델별 보조금,2023,장성군
승합(대형),피라인모터스,HYPERS1609HN,5993,4366,10359,2023년도 전기자동차 장성군 모델별 보조금,2023,장성군
승합(대형),비바모빌리티,(단종)브이버스90N,4287,3123,7410,2023년도 전기자동차 장성군 모델별 보조금,2023,장성군
승합(대형),비바모빌리티,(단종)브이버스120,4690,3417,8107,2023년도 전기자동차 장성군 모델별 보조금,2023,장성군
승합(대형),비바모빌리티,(단종)브이버스110-B,4246,3094,7340,2023년도 전기자동차 장성군 모델별 보조금,2023,장성군
승합(대형),범한자동차,E-SKY11(350kWh),4989,3635,8624,2023년도 전기자동차 장성군 모델별 보조금,2023,장성군
승합(대형),범한자동차,E-SKY9(281kWh),4978,3627,8605,2023년도 전기자동차 장성군 모델별 보조금,2023,장성군
승합(대형),범한자동차,E-STAR8 V1,4265,3107,7372,2023년도 전기자동차 장성군 모델별 보조금,2023,장성군
승합(대형),범한자동차,E-STAR11,4990,3636,8626,2023년도 전기자동차 장성군 모델별 보조금,2023,장성군
승합(대형),범한자동차,E-STAR12i,4990,3636,8626,2023년도 전기자동차 장성군 모델별 보조금,2023,장성군
승합(대형),에스에이피,아이즘(IZM),4690,3417,8107,2023년도 전기자동차 장성군 모델별 보조금,2023,장성군
승합(대형),에스에이피,엘페(ELFE),4388,3197,7585,2023년도 전기자동차 장성군 모델별 보조금,2023,장성군
승합(대형),에스에이피,리오네(LIONNE),4690,3417,8107,2023년도 전기자동차 장성군 모델별 보조금,2023,장성군
승합(대형),GS글로벌,NEW BYD eBus-12,4990,3636,8626,2023년도 전기자동차 장성군 모델별 보조금,2023,장성군
승합(대형),티에스에코에너지,일레누스(TS1100-2),6810,4962,11772,2023년도 전기자동차 장성군 모델별 보조금,2023,장성군
승합(대형),티에스에코에너지,일레누스(TS900),6451,4700,11151,2023년도 전기자동차 장성군 모델별 보조금,2023,장성군
승합(대형),이온모터스,시티라이트Ⅱ,4861,3542,8403,2023년도 전기자동차 장성군 모델별 보조금,2023,장성군
승합(대형),이온모터스,시티라이트9,4990,3636,8626,2023년도 전기자동차 장성군 모델별 보조금,2023,장성군
승합(대형),한차,GREENWAY1100,5394,3930,9324,2023년도 전기자동차 장성군 모델별 보조금,2023,장성군
승합(대형),한차,GREENWAY1100A,6258,4559,10817,2023년도 전기자동차 장성군 모델별 보조금,2023,장성군
승합(대형),이엠코리아,에픽시티(LFP),4990,3636,8626,2023년도 전기자동차 장성군 모델별 보조금,2023,장성군
승합(대형),태영티엔티,GD11,2857,2082,4939,2023년도 전기자동차 장성군 모델별 보조금,2023,장성군
승합(대형),재일홀딩스,그린타운400,3846,2527,6373,2023년도 전기자동차 장성군 모델별 보조금,2023,장성군
승합(대형),아이버스,아이버스어린이운송차,5727,4173,9900,2023년도 전기자동차 장성군 모델별 보조금,2023,장성군
모델별 지방비 자료가 없습니다.,모델별 지방비 자료가 없습니다.,모델별 지방비 자료가 없습니다.,모델별 지방비 자료가 없습니다.,모델별 지방비 자료가 없습니다.,모델별 지방비 자료가 없습니다.,2023년도 전기자동차 완도군 모델별 보조금,2023,완도군
승합(중형),현대자동차,(단종)카운티 일렉트릭(어린이운송용 33인승 V2),4052,0,4052,2023년도 전기자동차 진도군 모델별 보조금,2023,진도군
승합(중형),현대자동차,카운티 일렉트릭,4834,0,4834,2023년도 전기자동차 진도군 모델별 보조금,2023,진도군
승합(중형),현대자동차,카운티 일렉트릭(마을버스),5000,0,5000,2023년도 전기자동차 진도군 모델별 보조금,2023,진도군
승합(중형),이비온,"E6(JL618S), 어린이통학",2362,0,2362,2023년도 전기자동차 진도군 모델별 보조금,2023,진도군
승합(중형),GS글로벌,NEW BYD eBus-7,2894,0,2894,2023년도 전기자동차 진도군 모델별 보조금,2023,진도군
승합(중형),비바모빌리티,(단종)브이버스60,3211,0,3211,2023년도 전기자동차 진도군 모델별 보조금,2023,진도군
승합(중형),케이지모빌리티커머셜,SMART 8.7,4308,0,4308,2023년도 전기자동차 진도군 모델별 보조금,2023,진도군
승합(중형),한차,GREENWAY720,4530,0,4530,2023년도 전기자동차 진도군 모델별 보조금,2023,진도군
승합(중형),테라팩토리,테라밴키즈,1911,0,1911,2023년도 전기자동차 진도군 모델별 보조금,2023,진도군
승합(중형),테라팩토리,테라밴키즈11,1902,0,1902,2023년도 전기자동차 진도군 모델별 보조금,2023,진도군
승합(중형),테라팩토리,테라밴,1889,0,1889,2023년도 전기자동차 진도군 모델별 보조금,2023,진도군
승합(중형),테라팩토리,"테라밴키즈(2022), 어린이운송용14명",2151,0,2151,2023년도 전기자동차 진도군 모델별 보조금,2023,진도군
승합(중형),테라팩토리,"테라밴키즈11(2022), 어린이운송용11명",2142,0,2142,2023년도 전기자동차 진도군 모델별 보조금,2023,진도군
승합(중형),테라팩토리,테라밴,2129,0,2129,2023년도 전기자동차 진도군 모델별 보조금,2023,진도군
승합(중형),중원자동차,EV J1,5000,0,5000,2023년도 전기자동차 진도군 모델별 보조금,2023,진도군
승합(대형),현대자동차,일렉시티 이층버스,11900,0,11900,2023년도 전기자동차 진도군 모델별 보조금,2023,진도군
승합(대형),현대자동차,일렉시티(3PACK),6887,0,6887,2023년도 전기자동차 진도군 모델별 보조금,2023,진도군
승합(대형),현대자동차,일렉시티(4PACK V1),7000,0,7000,2023년도 전기자동차 진도군 모델별 보조금,2023,진도군
승합(대형),현대자동차,일렉시티(4PACK V2),7000,0,7000,2023년도 전기자동차 진도군 모델별 보조금,2023,진도군
승합(대형),현대자동차,일렉시티 타운,6725,0,6725,2023년도 전기자동차 진도군 모델별 보조금,2023,진도군
승합(대형),케이지모빌리티커머셜,SMART 9.3,4990,0,4990,2023년도 전기자동차 진도군 모델별 보조금,2023,진도군
승합(대형),케이지모빌리티커머셜,SMART 110(272kWh),5660,0,5660,2023년도 전기자동차 진도군 모델별 보조금,2023,진도군
승합(대형),케이지모빌리티커머셜,SMART 110E(347kWh),6330,0,6330,2023년도 전기자동차 진도군 모델별 보조금,2023,진도군
승합(대형),케이지모빌리티커머셜,SMART 110(260kWh),5955,0,5955,2023년도 전기자동차 진도군 모델별 보조금,2023,진도군
승합(대형),케이지모빌리티커머셜,SMART 110E(260kWh),6277,0,6277,2023년도 전기자동차 진도군 모델별 보조금,2023,진도군
승합(대형),우진산전,아폴로900전기버스,4420,0,4420,2023년도 전기자동차 진도군 모델별 보조금,2023,진도군
승합(대형),우진산전,아폴로1100전기버스 22MY,7000,0,7000,2023년도 전기자동차 진도군 모델별 보조금,2023,진도군
승합(대형),우진산전,아폴로1100전기버스 23MY,7000,0,7000,2023년도 전기자동차 진도군 모델별 보조금,2023,진도군
승합(대형),피라인모터스,HYPERS(H),5137,0,5137,2023년도 전기자동차 진도군 모델별 보조금,2023,진도군
승합(대형),피라인모터스,HYPERS1611,5111,0,5111,2023년도 전기자동차 진도군 모델별 보조금,2023,진도군
승합(대형),피라인모터스,HYPERS1609,5143,0,5143,2023년도 전기자동차 진도군 모델별 보조금,2023,진도군
승합(대형),피라인모터스,HYPERS1612,3893,0,3893,2023년도 전기자동차 진도군 모델별 보조금,2023,진도군
승합(대형),피라인모터스,HYPERS1609H,5572,0,5572,2023년도 전기자동차 진도군 모델별 보조금,2023,진도군
승합(대형),피라인모터스,HYPERS1612N,4990,0,4990,2023년도 전기자동차 진도군 모델별 보조금,2023,진도군
승합(대형),피라인모터스,HYPERS1609N,6042,0,6042,2023년도 전기자동차 진도군 모델별 보조금,2023,진도군
승합(대형),피라인모터스,HYPERS1611N,5620,0,5620,2023년도 전기자동차 진도군 모델별 보조금,2023,진도군
승합(대형),피라인모터스,HYPERS1609HN,5993,0,5993,2023년도 전기자동차 진도군 모델별 보조금,2023,진도군
승합(대형),비바모빌리티,(단종)브이버스90N,4287,0,4287,2023년도 전기자동차 진도군 모델별 보조금,2023,진도군
승합(대형),비바모빌리티,(단종)브이버스120,4690,0,4690,2023년도 전기자동차 진도군 모델별 보조금,2023,진도군
승합(대형),비바모빌리티,(단종)브이버스110-B,4246,0,4246,2023년도 전기자동차 진도군 모델별 보조금,2023,진도군
승합(대형),범한자동차,E-SKY11(350kWh),4989,0,4989,2023년도 전기자동차 진도군 모델별 보조금,2023,진도군
승합(대형),범한자동차,E-SKY9(281kWh),4978,0,4978,2023년도 전기자동차 진도군 모델별 보조금,2023,진도군
승합(대형),범한자동차,E-STAR8 V1,4265,0,4265,2023년도 전기자동차 진도군 모델별 보조금,2023,진도군
승합(대형),범한자동차,E-STAR11,4990,0,4990,2023년도 전기자동차 진도군 모델별 보조금,2023,진도군
승합(대형),범한자동차,E-STAR12i,4990,0,4990,2023년도 전기자동차 진도군 모델별 보조금,2023,진도군
승합(대형),에스에이피,아이즘(IZM),4690,0,4690,2023년도 전기자동차 진도군 모델별 보조금,2023,진도군
승합(대형),에스에이피,엘페(ELFE),4388,0,4388,2023년도 전기자동차 진도군 모델별 보조금,2023,진도군
승합(대형),에스에이피,리오네(LIONNE),4690,0,4690,2023년도 전기자동차 진도군 모델별 보조금,2023,진도군
승합(대형),GS글로벌,NEW BYD eBus-12,4990,0,4990,2023년도 전기자동차 진도군 모델별 보조금,2023,진도군
승합(대형),티에스에코에너지,일레누스(TS1100-2),6810,0,6810,2023년도 전기자동차 진도군 모델별 보조금,2023,진도군
승합(대형),티에스에코에너지,일레누스(TS900),6451,0,6451,2023년도 전기자동차 진도군 모델별 보조금,2023,진도군
승합(대형),이온모터스,시티라이트Ⅱ,4861,0,4861,2023년도 전기자동차 진도군 모델별 보조금,2023,진도군
승합(대형),이온모터스,시티라이트9,4990,0,4990,2023년도 전기자동차 진도군 모델별 보조금,2023,진도군
승합(대형),한차,GREENWAY1100,5394,0,5394,2023년도 전기자동차 진도군 모델별 보조금,2023,진도군
승합(대형),한차,GREENWAY1100A,6258,0,6258,2023년도 전기자동차 진도군 모델별 보조금,2023,진도군
승합(대형),이엠코리아,에픽시티(LFP),4990,0,4990,2023년도 전기자동차 진도군 모델별 보조금,2023,진도군
승합(대형),태영티엔티,GD11,2857,0,2857,2023년도 전기자동차 진도군 모델별 보조금,2023,진도군
승합(대형),재일홀딩스,그린타운400,3846,0,3846,2023년도 전기자동차 진도군 모델별 보조금,2023,진도군
승합(대형),아이버스,아이버스어린이운송차,5727,0,5727,2023년도 전기자동차 진도군 모델별 보조금,2023,진도군
승합(중형),현대자동차,(단종)카운티 일렉트릭(어린이운송용 33인승 V2),4052,0,4052,2023년도 전기자동차 신안군 모델별 보조금,2023,신안군
승합(중형),현대자동차,카운티 일렉트릭,4834,1933,6767,2023년도 전기자동차 신안군 모델별 보조금,2023,신안군
승합(중형),현대자동차,카운티 일렉트릭(마을버스),5000,2000,7000,2023년도 전기자동차 신안군 모델별 보조금,2023,신안군
승합(중형),이비온,"E6(JL618S), 어린이통학",2362,0,2362,2023년도 전기자동차 신안군 모델별 보조금,2023,신안군
승합(중형),GS글로벌,NEW BYD eBus-7,2894,0,2894,2023년도 전기자동차 신안군 모델별 보조금,2023,신안군
승합(중형),비바모빌리티,(단종)브이버스60,3211,0,3211,2023년도 전기자동차 신안군 모델별 보조금,2023,신안군
승합(중형),케이지모빌리티커머셜,SMART 8.7,4308,0,4308,2023년도 전기자동차 신안군 모델별 보조금,2023,신안군
승합(중형),한차,GREENWAY720,4530,0,4530,2023년도 전기자동차 신안군 모델별 보조금,2023,신안군
승합(중형),테라팩토리,테라밴키즈,1911,0,1911,2023년도 전기자동차 신안군 모델별 보조금,2023,신안군
승합(중형),테라팩토리,테라밴키즈11,1902,0,1902,2023년도 전기자동차 신안군 모델별 보조금,2023,신안군
승합(중형),테라팩토리,테라밴,1889,0,1889,2023년도 전기자동차 신안군 모델별 보조금,2023,신안군
승합(중형),테라팩토리,"테라밴키즈(2022), 어린이운송용14명",2151,0,2151,2023년도 전기자동차 신안군 모델별 보조금,2023,신안군
승합(중형),테라팩토리,"테라밴키즈11(2022), 어린이운송용11명",2142,0,2142,2023년도 전기자동차 신안군 모델별 보조금,2023,신안군
승합(중형),테라팩토리,테라밴,2129,0,2129,2023년도 전기자동차 신안군 모델별 보조금,2023,신안군
승합(중형),중원자동차,EV J1,5000,0,5000,2023년도 전기자동차 신안군 모델별 보조금,2023,신안군
승합(대형),현대자동차,일렉시티 이층버스,11900,0,11900,2023년도 전기자동차 신안군 모델별 보조금,2023,신안군
승합(대형),현대자동차,일렉시티(3PACK),6887,0,6887,2023년도 전기자동차 신안군 모델별 보조금,2023,신안군
승합(대형),현대자동차,일렉시티(4PACK V1),7000,0,7000,2023년도 전기자동차 신안군 모델별 보조금,2023,신안군
승합(대형),현대자동차,일렉시티(4PACK V2),7000,0,7000,2023년도 전기자동차 신안군 모델별 보조금,2023,신안군
승합(대형),현대자동차,일렉시티 타운,6725,0,6725,2023년도 전기자동차 신안군 모델별 보조금,2023,신안군
승합(대형),케이지모빌리티커머셜,SMART 9.3,4990,0,4990,2023년도 전기자동차 신안군 모델별 보조금,2023,신안군
승합(대형),케이지모빌리티커머셜,SMART 110(272kWh),5660,0,5660,2023년도 전기자동차 신안군 모델별 보조금,2023,신안군
승합(대형),케이지모빌리티커머셜,SMART 110E(347kWh),6330,0,6330,2023년도 전기자동차 신안군 모델별 보조금,2023,신안군
승합(대형),케이지모빌리티커머셜,SMART 110(260kWh),5955,0,5955,2023년도 전기자동차 신안군 모델별 보조금,2023,신안군
승합(대형),케이지모빌리티커머셜,SMART 110E(260kWh),6277,0,6277,2023년도 전기자동차 신안군 모델별 보조금,2023,신안군
승합(대형),우진산전,아폴로900전기버스,4420,0,4420,2023년도 전기자동차 신안군 모델별 보조금,2023,신안군
승합(대형),우진산전,아폴로1100전기버스 22MY,7000,0,7000,2023년도 전기자동차 신안군 모델별 보조금,2023,신안군
승합(대형),우진산전,아폴로1100전기버스 23MY,7000,0,7000,2023년도 전기자동차 신안군 모델별 보조금,2023,신안군
승합(대형),우진산전,아폴로1200-B43,7000,0,7000,2023년도 전기자동차 신안군 모델별 보조금,2023,신안군
승합(대형),피라인모터스,HYPERS(H),5137,0,5137,2023년도 전기자동차 신안군 모델별 보조금,2023,신안군
승합(대형),피라인모터스,HYPERS1611,5111,0,5111,2023년도 전기자동차 신안군 모델별 보조금,2023,신안군
승합(대형),피라인모터스,HYPERS1609,5143,0,5143,2023년도 전기자동차 신안군 모델별 보조금,2023,신안군
승합(대형),피라인모터스,HYPERS1612,3893,0,3893,2023년도 전기자동차 신안군 모델별 보조금,2023,신안군
승합(대형),피라인모터스,HYPERS1609H,5572,0,5572,2023년도 전기자동차 신안군 모델별 보조금,2023,신안군
승합(대형),피라인모터스,HYPERS1612N,4990,0,4990,2023년도 전기자동차 신안군 모델별 보조금,2023,신안군
승합(대형),피라인모터스,HYPERS1609N,6042,0,6042,2023년도 전기자동차 신안군 모델별 보조금,2023,신안군
승합(대형),피라인모터스,HYPERS1611N,5620,0,5620,2023년도 전기자동차 신안군 모델별 보조금,2023,신안군
승합(대형),피라인모터스,HYPERS1609HN,5993,0,5993,2023년도 전기자동차 신안군 모델별 보조금,2023,신안군
승합(대형),피라인모터스,HYPERS1611P,7000,0,7000,2023년도 전기자동차 신안군 모델별 보조금,2023,신안군
승합(대형),피라인모터스,HYPERS1609P,7000,0,7000,2023년도 전기자동차 신안군 모델별 보조금,2023,신안군
승합(대형),비바모빌리티,(단종)브이버스90N,4287,0,4287,2023년도 전기자동차 신안군 모델별 보조금,2023,신안군
승합(대형),비바모빌리티,(단종)브이버스120,4690,0,4690,2023년도 전기자동차 신안군 모델별 보조금,2023,신안군
승합(대형),비바모빌리티,(단종)브이버스110-B,4246,0,4246,2023년도 전기자동차 신안군 모델별 보조금,2023,신안군
승합(대형),범한자동차,E-SKY11(350kWh),4989,0,4989,2023년도 전기자동차 신안군 모델별 보조금,2023,신안군
승합(대형),범한자동차,E-SKY9(281kWh),4978,0,4978,2023년도 전기자동차 신안군 모델별 보조금,2023,신안군
승합(대형),범한자동차,E-STAR8 V1,4265,0,4265,2023년도 전기자동차 신안군 모델별 보조금,2023,신안군
승합(대형),범한자동차,E-STAR11,4990,0,4990,2023년도 전기자동차 신안군 모델별 보조금,2023,신안군
승합(대형),범한자동차,E-STAR12i,4990,0,4990,2023년도 전기자동차 신안군 모델별 보조금,2023,신안군
승합(대형),에스에이피,아이즘(IZM),4690,0,4690,2023년도 전기자동차 신안군 모델별 보조금,2023,신안군
승합(대형),에스에이피,엘페(ELFE),4388,0,4388,2023년도 전기자동차 신안군 모델별 보조금,2023,신안군
승합(대형),에스에이피,리오네(LIONNE),4690,0,4690,2023년도 전기자동차 신안군 모델별 보조금,2023,신안군
승합(대형),GS글로벌,NEW BYD eBus-12,4990,0,4990,2023년도 전기자동차 신안군 모델별 보조금,2023,신안군
승합(대형),GS글로벌,BYD eBus9,5660,0,5660,2023년도 전기자동차 신안군 모델별 보조금,2023,신안군
승합(대형),티에스에코에너지,일레누스(TS1100-1),6633,0,6633,2023년도 전기자동차 신안군 모델별 보조금,2023,신안군
승합(대형),티에스에코에너지,일레누스(TS1100-2),6810,0,6810,2023년도 전기자동차 신안군 모델별 보조금,2023,신안군
승합(대형),티에스에코에너지,일레누스(TS900),6451,0,6451,2023년도 전기자동차 신안군 모델별 보조금,2023,신안군
승합(대형),이온모터스,시티라이트Ⅱ,4861,0,4861,2023년도 전기자동차 신안군 모델별 보조금,2023,신안군
승합(대형),이온모터스,시티라이트9,4990,0,4990,2023년도 전기자동차 신안군 모델별 보조금,2023,신안군
승합(대형),한차,GREENWAY1100,5394,0,5394,2023년도 전기자동차 신안군 모델별 보조금,2023,신안군
승합(대형),한차,GREENWAY1100A,6258,0,6258,2023년도 전기자동차 신안군 모델별 보조금,2023,신안군
승합(대형),이엠코리아,에픽시티(LFP),4990,0,4990,2023년도 전기자동차 신안군 모델별 보조금,2023,신안군
승합(대형),이엠코리아,에픽타운(LFP),4406,0,4406,2023년도 전기자동차 신안군 모델별 보조금,2023,신안군
승합(대형),태영티엔티,GD11,2857,0,2857,2023년도 전기자동차 신안군 모델별 보조금,2023,신안군
승합(대형),재일홀딩스,그린타운400,3846,0,3846,2023년도 전기자동차 신안군 모델별 보조금,2023,신안군
승합(대형),아이버스,아이버스어린이운송차,5727,0,5727,2023년도 전기자동차 신안군 모델별 보조금,2023,신안군
승합(대형),서울시티투어버스,타이거클래식트롤리버스,3161,0,3161,2023년도 전기자동차 신안군 모델별 보조금,2023,신안군
승합(중형),현대자동차,(단종)카운티 일렉트릭(어린이운송용 33인승 V2),4052,1134,5186,2023년도 전기자동차 포항시 모델별 보조금,2023,포항시
승합(중형),현대자동차,카운티 일렉트릭,4834,1353,6187,2023년도 전기자동차 포항시 모델별 보조금,2023,포항시
승합(중형),현대자동차,카운티 일렉트릭(마을버스),5000,1400,6400,2023년도 전기자동차 포항시 모델별 보조금,2023,포항시
승합(중형),이비온,"E6(JL618S), 어린이통학",2362,661,3023,2023년도 전기자동차 포항시 모델별 보조금,2023,포항시
승합(중형),GS글로벌,NEW BYD eBus-7,2894,810,3704,2023년도 전기자동차 포항시 모델별 보조금,2023,포항시
승합(중형),비바모빌리티,(단종)브이버스60,3211,899,4110,2023년도 전기자동차 포항시 모델별 보조금,2023,포항시
승합(중형),케이지모빌리티커머셜,SMART 8.7,4308,1206,5514,2023년도 전기자동차 포항시 모델별 보조금,2023,포항시
승합(중형),한차,GREENWAY720,4530,1268,5798,2023년도 전기자동차 포항시 모델별 보조금,2023,포항시
승합(중형),테라팩토리,테라밴키즈,1911,535,2446,2023년도 전기자동차 포항시 모델별 보조금,2023,포항시
승합(중형),테라팩토리,테라밴키즈11,1902,532,2434,2023년도 전기자동차 포항시 모델별 보조금,2023,포항시
승합(중형),테라팩토리,테라밴,1889,528,2417,2023년도 전기자동차 포항시 모델별 보조금,2023,포항시
승합(중형),테라팩토리,"테라밴키즈(2022), 어린이운송용14명",2151,602,2753,2023년도 전기자동차 포항시 모델별 보조금,2023,포항시
승합(중형),테라팩토리,"테라밴키즈11(2022), 어린이운송용11명",2142,599,2741,2023년도 전기자동차 포항시 모델별 보조금,2023,포항시
승합(중형),테라팩토리,테라밴,2129,596,2725,2023년도 전기자동차 포항시 모델별 보조금,2023,포항시
승합(중형),중원자동차,EV J1,5000,1400,6400,2023년도 전기자동차 포항시 모델별 보조금,2023,포항시
승합(대형),현대자동차,일렉시티 이층버스,11900,1400,13300,2023년도 전기자동차 포항시 모델별 보조금,2023,포항시
승합(대형),현대자동차,일렉시티(3PACK),6887,1377,8264,2023년도 전기자동차 포항시 모델별 보조금,2023,포항시
승합(대형),현대자동차,일렉시티(4PACK V1),7000,1400,8400,2023년도 전기자동차 포항시 모델별 보조금,2023,포항시
승합(대형),현대자동차,일렉시티(4PACK V2),7000,1400,8400,2023년도 전기자동차 포항시 모델별 보조금,2023,포항시
승합(대형),현대자동차,일렉시티 타운,6725,1345,8070,2023년도 전기자동차 포항시 모델별 보조금,2023,포항시
승합(대형),케이지모빌리티커머셜,SMART 9.3,4990,998,5988,2023년도 전기자동차 포항시 모델별 보조금,2023,포항시
승합(대형),케이지모빌리티커머셜,SMART 110(272kWh),5660,1132,6792,2023년도 전기자동차 포항시 모델별 보조금,2023,포항시
승합(대형),케이지모빌리티커머셜,SMART 110E(347kWh),6330,1266,7596,2023년도 전기자동차 포항시 모델별 보조금,2023,포항시
승합(대형),케이지모빌리티커머셜,SMART 110(260kWh),5955,1191,7146,2023년도 전기자동차 포항시 모델별 보조금,2023,포항시
승합(대형),케이지모빌리티커머셜,SMART 110E(260kWh),6277,1255,7532,2023년도 전기자동차 포항시 모델별 보조금,2023,포항시
승합(대형),우진산전,아폴로900전기버스,4420,884,5304,2023년도 전기자동차 포항시 모델별 보조금,2023,포항시
승합(대형),우진산전,아폴로1100전기버스 22MY,7000,1400,8400,2023년도 전기자동차 포항시 모델별 보조금,2023,포항시
승합(대형),우진산전,아폴로1100전기버스 23MY,7000,1400,8400,2023년도 전기자동차 포항시 모델별 보조금,2023,포항시
승합(대형),피라인모터스,HYPERS(H),5137,1027,6164,2023년도 전기자동차 포항시 모델별 보조금,2023,포항시
승합(대형),피라인모터스,HYPERS1611,5111,1022,6133,2023년도 전기자동차 포항시 모델별 보조금,2023,포항시
승합(대형),피라인모터스,HYPERS1609,5143,1028,6171,2023년도 전기자동차 포항시 모델별 보조금,2023,포항시
승합(대형),피라인모터스,HYPERS1612,3893,778,4671,2023년도 전기자동차 포항시 모델별 보조금,2023,포항시
승합(대형),피라인모터스,HYPERS1609H,5572,1114,6686,2023년도 전기자동차 포항시 모델별 보조금,2023,포항시
승합(대형),피라인모터스,HYPERS1612N,4990,998,5988,2023년도 전기자동차 포항시 모델별 보조금,2023,포항시
승합(대형),피라인모터스,HYPERS1609N,6042,1208,7250,2023년도 전기자동차 포항시 모델별 보조금,2023,포항시
승합(대형),피라인모터스,HYPERS1611N,5620,1124,6744,2023년도 전기자동차 포항시 모델별 보조금,2023,포항시
승합(대형),피라인모터스,HYPERS1609HN,5993,1198,7191,2023년도 전기자동차 포항시 모델별 보조금,2023,포항시
승합(대형),비바모빌리티,(단종)브이버스90N,4287,857,5144,2023년도 전기자동차 포항시 모델별 보조금,2023,포항시
승합(대형),비바모빌리티,(단종)브이버스120,4690,938,5628,2023년도 전기자동차 포항시 모델별 보조금,2023,포항시
승합(대형),비바모빌리티,(단종)브이버스110-B,4246,849,5095,2023년도 전기자동차 포항시 모델별 보조금,2023,포항시
승합(대형),범한자동차,E-SKY11(350kWh),4989,997,5986,2023년도 전기자동차 포항시 모델별 보조금,2023,포항시
승합(대형),범한자동차,E-SKY9(281kWh),4978,995,5973,2023년도 전기자동차 포항시 모델별 보조금,2023,포항시
승합(대형),범한자동차,E-STAR8 V1,4265,853,5118,2023년도 전기자동차 포항시 모델별 보조금,2023,포항시
승합(대형),범한자동차,E-STAR11,4990,998,5988,2023년도 전기자동차 포항시 모델별 보조금,2023,포항시
승합(대형),범한자동차,E-STAR12i,4990,998,5988,2023년도 전기자동차 포항시 모델별 보조금,2023,포항시
승합(대형),에스에이피,아이즘(IZM),4690,938,5628,2023년도 전기자동차 포항시 모델별 보조금,2023,포항시
승합(대형),에스에이피,엘페(ELFE),4388,877,5265,2023년도 전기자동차 포항시 모델별 보조금,2023,포항시
승합(대형),에스에이피,리오네(LIONNE),4690,938,5628,2023년도 전기자동차 포항시 모델별 보조금,2023,포항시
승합(대형),GS글로벌,NEW BYD eBus-12,4990,998,5988,2023년도 전기자동차 포항시 모델별 보조금,2023,포항시
승합(대형),티에스에코에너지,일레누스(TS1100-2),6810,1362,8172,2023년도 전기자동차 포항시 모델별 보조금,2023,포항시
승합(대형),티에스에코에너지,일레누스(TS900),6451,1290,7741,2023년도 전기자동차 포항시 모델별 보조금,2023,포항시
승합(대형),이온모터스,시티라이트Ⅱ,4861,972,5833,2023년도 전기자동차 포항시 모델별 보조금,2023,포항시
승합(대형),이온모터스,시티라이트9,4990,998,5988,2023년도 전기자동차 포항시 모델별 보조금,2023,포항시
승합(대형),한차,GREENWAY1100,5394,1078,6472,2023년도 전기자동차 포항시 모델별 보조금,2023,포항시
승합(대형),한차,GREENWAY1100A,6258,1251,7509,2023년도 전기자동차 포항시 모델별 보조금,2023,포항시
승합(대형),이엠코리아,에픽시티(LFP),4990,998,5988,2023년도 전기자동차 포항시 모델별 보조금,2023,포항시
승합(대형),태영티엔티,GD11,2857,571,3428,2023년도 전기자동차 포항시 모델별 보조금,2023,포항시
승합(대형),재일홀딩스,그린타운400,3846,769,4615,2023년도 전기자동차 포항시 모델별 보조금,2023,포항시
승합(대형),아이버스,아이버스어린이운송차,5727,1145,6872,2023년도 전기자동차 포항시 모델별 보조금,2023,포항시
승합(중형),현대자동차,(단종)카운티 일렉트릭(어린이운송용 33인승 V2),4052,810,4862,2023년도 전기자동차 경주시 모델별 보조금,2023,경주시
승합(중형),현대자동차,카운티 일렉트릭,4834,966,5800,2023년도 전기자동차 경주시 모델별 보조금,2023,경주시
승합(중형),현대자동차,카운티 일렉트릭(마을버스),5000,1000,6000,2023년도 전기자동차 경주시 모델별 보조금,2023,경주시
승합(중형),이비온,"E6(JL618S), 어린이통학",2362,472,2834,2023년도 전기자동차 경주시 모델별 보조금,2023,경주시
승합(중형),GS글로벌,NEW BYD eBus-7,2894,578,3472,2023년도 전기자동차 경주시 모델별 보조금,2023,경주시
승합(중형),비바모빌리티,(단종)브이버스60,3211,642,3853,2023년도 전기자동차 경주시 모델별 보조금,2023,경주시
승합(중형),케이지모빌리티커머셜,SMART 8.7,4308,861,5169,2023년도 전기자동차 경주시 모델별 보조금,2023,경주시
승합(중형),한차,GREENWAY720,4530,906,5436,2023년도 전기자동차 경주시 모델별 보조금,2023,경주시
승합(중형),테라팩토리,테라밴키즈,1911,382,2293,2023년도 전기자동차 경주시 모델별 보조금,2023,경주시
승합(중형),테라팩토리,테라밴키즈11,1902,380,2282,2023년도 전기자동차 경주시 모델별 보조금,2023,경주시
승합(중형),테라팩토리,테라밴,1889,377,2266,2023년도 전기자동차 경주시 모델별 보조금,2023,경주시
승합(중형),테라팩토리,"테라밴키즈(2022), 어린이운송용14명",2151,430,2581,2023년도 전기자동차 경주시 모델별 보조금,2023,경주시
승합(중형),테라팩토리,"테라밴키즈11(2022), 어린이운송용11명",2142,428,2570,2023년도 전기자동차 경주시 모델별 보조금,2023,경주시
승합(중형),테라팩토리,테라밴,2129,425,2554,2023년도 전기자동차 경주시 모델별 보조금,2023,경주시
승합(중형),중원자동차,EV J1,5000,1000,6000,2023년도 전기자동차 경주시 모델별 보조금,2023,경주시
승합(대형),현대자동차,일렉시티 이층버스,11900,1400,13300,2023년도 전기자동차 경주시 모델별 보조금,2023,경주시
승합(대형),현대자동차,일렉시티(3PACK),6887,1377,8264,2023년도 전기자동차 경주시 모델별 보조금,2023,경주시
승합(대형),현대자동차,일렉시티(4PACK V1),7000,1400,8400,2023년도 전기자동차 경주시 모델별 보조금,2023,경주시
승합(대형),현대자동차,일렉시티(4PACK V2),7000,1400,8400,2023년도 전기자동차 경주시 모델별 보조금,2023,경주시
승합(대형),현대자동차,일렉시티 타운,6725,1345,8070,2023년도 전기자동차 경주시 모델별 보조금,2023,경주시
승합(대형),케이지모빌리티커머셜,SMART 9.3,4990,998,5988,2023년도 전기자동차 경주시 모델별 보조금,2023,경주시
승합(대형),케이지모빌리티커머셜,SMART 110(272kWh),5660,1132,6792,2023년도 전기자동차 경주시 모델별 보조금,2023,경주시
승합(대형),케이지모빌리티커머셜,SMART 110E(347kWh),6330,1266,7596,2023년도 전기자동차 경주시 모델별 보조금,2023,경주시
승합(대형),케이지모빌리티커머셜,SMART 110(260kWh),5955,1191,7146,2023년도 전기자동차 경주시 모델별 보조금,2023,경주시
승합(대형),케이지모빌리티커머셜,SMART 110E(260kWh),6277,1255,7532,2023년도 전기자동차 경주시 모델별 보조금,2023,경주시
승합(대형),우진산전,아폴로900전기버스,4420,884,5304,2023년도 전기자동차 경주시 모델별 보조금,2023,경주시
승합(대형),우진산전,아폴로1100전기버스 22MY,7000,1400,8400,2023년도 전기자동차 경주시 모델별 보조금,2023,경주시
승합(대형),우진산전,아폴로1100전기버스 23MY,7000,1400,8400,2023년도 전기자동차 경주시 모델별 보조금,2023,경주시
승합(대형),피라인모터스,HYPERS(H),5137,1027,6164,2023년도 전기자동차 경주시 모델별 보조금,2023,경주시
승합(대형),피라인모터스,HYPERS1611,5111,1022,6133,2023년도 전기자동차 경주시 모델별 보조금,2023,경주시
승합(대형),피라인모터스,HYPERS1609,5143,1028,6171,2023년도 전기자동차 경주시 모델별 보조금,2023,경주시
승합(대형),피라인모터스,HYPERS1612,3893,778,4671,2023년도 전기자동차 경주시 모델별 보조금,2023,경주시
승합(대형),피라인모터스,HYPERS1609H,5572,1114,6686,2023년도 전기자동차 경주시 모델별 보조금,2023,경주시
승합(대형),피라인모터스,HYPERS1612N,4990,998,5988,2023년도 전기자동차 경주시 모델별 보조금,2023,경주시
승합(대형),피라인모터스,HYPERS1609N,6042,1208,7250,2023년도 전기자동차 경주시 모델별 보조금,2023,경주시
승합(대형),피라인모터스,HYPERS1611N,5620,1124,6744,2023년도 전기자동차 경주시 모델별 보조금,2023,경주시
승합(대형),피라인모터스,HYPERS1609HN,5993,1198,7191,2023년도 전기자동차 경주시 모델별 보조금,2023,경주시
승합(대형),비바모빌리티,(단종)브이버스90N,4287,857,5144,2023년도 전기자동차 경주시 모델별 보조금,2023,경주시
승합(대형),비바모빌리티,(단종)브이버스120,4690,938,5628,2023년도 전기자동차 경주시 모델별 보조금,2023,경주시
승합(대형),비바모빌리티,(단종)브이버스110-B,4246,849,5095,2023년도 전기자동차 경주시 모델별 보조금,2023,경주시
승합(대형),범한자동차,E-SKY11(350kWh),4989,997,5986,2023년도 전기자동차 경주시 모델별 보조금,2023,경주시
승합(대형),범한자동차,E-SKY9(281kWh),4978,995,5973,2023년도 전기자동차 경주시 모델별 보조금,2023,경주시
승합(대형),범한자동차,E-STAR8 V1,4265,853,5118,2023년도 전기자동차 경주시 모델별 보조금,2023,경주시
승합(대형),범한자동차,E-STAR11,4990,998,5988,2023년도 전기자동차 경주시 모델별 보조금,2023,경주시
승합(대형),범한자동차,E-STAR12i,4990,998,5988,2023년도 전기자동차 경주시 모델별 보조금,2023,경주시
승합(대형),에스에이피,아이즘(IZM),4690,938,5628,2023년도 전기자동차 경주시 모델별 보조금,2023,경주시
승합(대형),에스에이피,엘페(ELFE),4388,877,5265,2023년도 전기자동차 경주시 모델별 보조금,2023,경주시
승합(대형),에스에이피,리오네(LIONNE),4690,938,5628,2023년도 전기자동차 경주시 모델별 보조금,2023,경주시
승합(대형),GS글로벌,NEW BYD eBus-12,4990,998,5988,2023년도 전기자동차 경주시 모델별 보조금,2023,경주시
승합(대형),티에스에코에너지,일레누스(TS1100-2),6810,1362,8172,2023년도 전기자동차 경주시 모델별 보조금,2023,경주시
승합(대형),티에스에코에너지,일레누스(TS900),6451,1290,7741,2023년도 전기자동차 경주시 모델별 보조금,2023,경주시
승합(대형),이온모터스,시티라이트Ⅱ,4861,972,5833,2023년도 전기자동차 경주시 모델별 보조금,2023,경주시
승합(대형),이온모터스,시티라이트9,4990,998,5988,2023년도 전기자동차 경주시 모델별 보조금,2023,경주시
승합(대형),한차,GREENWAY1100,5394,1078,6472,2023년도 전기자동차 경주시 모델별 보조금,2023,경주시
승합(대형),한차,GREENWAY1100A,6258,1251,7509,2023년도 전기자동차 경주시 모델별 보조금,2023,경주시
승합(대형),이엠코리아,에픽시티(LFP),4990,998,5988,2023년도 전기자동차 경주시 모델별 보조금,2023,경주시
승합(대형),태영티엔티,GD11,2857,571,3428,2023년도 전기자동차 경주시 모델별 보조금,2023,경주시
승합(대형),재일홀딩스,그린타운400,3846,769,4615,2023년도 전기자동차 경주시 모델별 보조금,2023,경주시
승합(대형),아이버스,아이버스어린이운송차,5727,1145,6872,2023년도 전기자동차 경주시 모델별 보조금,2023,경주시
승합(중형),현대자동차,(단종)카운티 일렉트릭(어린이운송용 33인승 V2),4052,1134,5186,2023년도 전기자동차 김천시 모델별 보조금,2023,김천시
승합(중형),현대자동차,카운티 일렉트릭,4834,1353,6187,2023년도 전기자동차 김천시 모델별 보조금,2023,김천시
승합(중형),현대자동차,카운티 일렉트릭(마을버스),5000,1400,6400,2023년도 전기자동차 김천시 모델별 보조금,2023,김천시
승합(중형),이비온,"E6(JL618S), 어린이통학",2362,661,3023,2023년도 전기자동차 김천시 모델별 보조금,2023,김천시
승합(중형),GS글로벌,NEW BYD eBus-7,2894,810,3704,2023년도 전기자동차 김천시 모델별 보조금,2023,김천시
승합(중형),비바모빌리티,(단종)브이버스60,3211,899,4110,2023년도 전기자동차 김천시 모델별 보조금,2023,김천시
승합(중형),케이지모빌리티커머셜,SMART 8.7,4308,1206,5514,2023년도 전기자동차 김천시 모델별 보조금,2023,김천시
승합(중형),한차,GREENWAY720,4530,1268,5798,2023년도 전기자동차 김천시 모델별 보조금,2023,김천시
승합(중형),테라팩토리,테라밴키즈,1911,535,2446,2023년도 전기자동차 김천시 모델별 보조금,2023,김천시
승합(중형),테라팩토리,테라밴키즈11,1902,532,2434,2023년도 전기자동차 김천시 모델별 보조금,2023,김천시
승합(중형),테라팩토리,테라밴,1889,528,2417,2023년도 전기자동차 김천시 모델별 보조금,2023,김천시
승합(중형),테라팩토리,"테라밴키즈(2022), 어린이운송용14명",2151,602,2753,2023년도 전기자동차 김천시 모델별 보조금,2023,김천시
승합(중형),테라팩토리,"테라밴키즈11(2022), 어린이운송용11명",2142,599,2741,2023년도 전기자동차 김천시 모델별 보조금,2023,김천시
승합(중형),테라팩토리,테라밴,2129,596,2725,2023년도 전기자동차 김천시 모델별 보조금,2023,김천시
승합(중형),중원자동차,EV J1,5000,1400,6400,2023년도 전기자동차 김천시 모델별 보조금,2023,김천시
승합(대형),현대자동차,일렉시티 이층버스,11900,0,11900,2023년도 전기자동차 김천시 모델별 보조금,2023,김천시
승합(대형),현대자동차,일렉시티(3PACK),6887,0,6887,2023년도 전기자동차 김천시 모델별 보조금,2023,김천시
승합(대형),현대자동차,일렉시티(4PACK V1),7000,0,7000,2023년도 전기자동차 김천시 모델별 보조금,2023,김천시
승합(대형),현대자동차,일렉시티(4PACK V2),7000,0,7000,2023년도 전기자동차 김천시 모델별 보조금,2023,김천시
승합(대형),현대자동차,일렉시티 타운,6725,0,6725,2023년도 전기자동차 김천시 모델별 보조금,2023,김천시
승합(대형),케이지모빌리티커머셜,SMART 9.3,4990,0,4990,2023년도 전기자동차 김천시 모델별 보조금,2023,김천시
승합(대형),케이지모빌리티커머셜,SMART 110(272kWh),5660,0,5660,2023년도 전기자동차 김천시 모델별 보조금,2023,김천시
승합(대형),케이지모빌리티커머셜,SMART 110E(347kWh),6330,0,6330,2023년도 전기자동차 김천시 모델별 보조금,2023,김천시
승합(대형),케이지모빌리티커머셜,SMART 110(260kWh),5955,0,5955,2023년도 전기자동차 김천시 모델별 보조금,2023,김천시
승합(대형),케이지모빌리티커머셜,SMART 110E(260kWh),6277,0,6277,2023년도 전기자동차 김천시 모델별 보조금,2023,김천시
승합(대형),우진산전,아폴로900전기버스,4420,0,4420,2023년도 전기자동차 김천시 모델별 보조금,2023,김천시
승합(대형),우진산전,아폴로1100전기버스 22MY,7000,0,7000,2023년도 전기자동차 김천시 모델별 보조금,2023,김천시
승합(대형),우진산전,아폴로1100전기버스 23MY,7000,0,7000,2023년도 전기자동차 김천시 모델별 보조금,2023,김천시
승합(대형),피라인모터스,HYPERS(H),5137,0,5137,2023년도 전기자동차 김천시 모델별 보조금,2023,김천시
승합(대형),피라인모터스,HYPERS1611,5111,0,5111,2023년도 전기자동차 김천시 모델별 보조금,2023,김천시
승합(대형),피라인모터스,HYPERS1609,5143,0,5143,2023년도 전기자동차 김천시 모델별 보조금,2023,김천시
승합(대형),피라인모터스,HYPERS1612,3893,0,3893,2023년도 전기자동차 김천시 모델별 보조금,2023,김천시
승합(대형),피라인모터스,HYPERS1609H,5572,0,5572,2023년도 전기자동차 김천시 모델별 보조금,2023,김천시
승합(대형),피라인모터스,HYPERS1612N,4990,0,4990,2023년도 전기자동차 김천시 모델별 보조금,2023,김천시
승합(대형),피라인모터스,HYPERS1609N,6042,0,6042,2023년도 전기자동차 김천시 모델별 보조금,2023,김천시
승합(대형),피라인모터스,HYPERS1611N,5620,0,5620,2023년도 전기자동차 김천시 모델별 보조금,2023,김천시
승합(대형),피라인모터스,HYPERS1609HN,5993,0,5993,2023년도 전기자동차 김천시 모델별 보조금,2023,김천시
승합(대형),비바모빌리티,(단종)브이버스90N,4287,0,4287,2023년도 전기자동차 김천시 모델별 보조금,2023,김천시
승합(대형),비바모빌리티,(단종)브이버스120,4690,0,4690,2023년도 전기자동차 김천시 모델별 보조금,2023,김천시
승합(대형),비바모빌리티,(단종)브이버스110-B,4246,0,4246,2023년도 전기자동차 김천시 모델별 보조금,2023,김천시
승합(대형),범한자동차,E-SKY11(350kWh),4989,0,4989,2023년도 전기자동차 김천시 모델별 보조금,2023,김천시
승합(대형),범한자동차,E-SKY9(281kWh),4978,0,4978,2023년도 전기자동차 김천시 모델별 보조금,2023,김천시
승합(대형),범한자동차,E-STAR8 V1,4265,0,4265,2023년도 전기자동차 김천시 모델별 보조금,2023,김천시
승합(대형),범한자동차,E-STAR11,4990,0,4990,2023년도 전기자동차 김천시 모델별 보조금,2023,김천시
승합(대형),범한자동차,E-STAR12i,4990,0,4990,2023년도 전기자동차 김천시 모델별 보조금,2023,김천시
승합(대형),에스에이피,아이즘(IZM),4690,0,4690,2023년도 전기자동차 김천시 모델별 보조금,2023,김천시
승합(대형),에스에이피,엘페(ELFE),4388,0,4388,2023년도 전기자동차 김천시 모델별 보조금,2023,김천시
승합(대형),에스에이피,리오네(LIONNE),4690,0,4690,2023년도 전기자동차 김천시 모델별 보조금,2023,김천시
승합(대형),GS글로벌,NEW BYD eBus-12,4990,0,4990,2023년도 전기자동차 김천시 모델별 보조금,2023,김천시
승합(대형),티에스에코에너지,일레누스(TS1100-2),6810,0,6810,2023년도 전기자동차 김천시 모델별 보조금,2023,김천시
승합(대형),티에스에코에너지,일레누스(TS900),6451,0,6451,2023년도 전기자동차 김천시 모델별 보조금,2023,김천시
승합(대형),이온모터스,시티라이트Ⅱ,4861,0,4861,2023년도 전기자동차 김천시 모델별 보조금,2023,김천시
승합(대형),이온모터스,시티라이트9,4990,0,4990,2023년도 전기자동차 김천시 모델별 보조금,2023,김천시
승합(대형),한차,GREENWAY1100,5394,0,5394,2023년도 전기자동차 김천시 모델별 보조금,2023,김천시
승합(대형),한차,GREENWAY1100A,6258,0,6258,2023년도 전기자동차 김천시 모델별 보조금,2023,김천시
승합(대형),이엠코리아,에픽시티(LFP),4990,0,4990,2023년도 전기자동차 김천시 모델별 보조금,2023,김천시
승합(대형),태영티엔티,GD11,2857,0,2857,2023년도 전기자동차 김천시 모델별 보조금,2023,김천시
승합(대형),재일홀딩스,그린타운400,3846,0,3846,2023년도 전기자동차 김천시 모델별 보조금,2023,김천시
승합(대형),아이버스,아이버스어린이운송차,5727,0,5727,2023년도 전기자동차 김천시 모델별 보조금,2023,김천시
모델별 지방비 자료가 없습니다.,모델별 지방비 자료가 없습니다.,모델별 지방비 자료가 없습니다.,모델별 지방비 자료가 없습니다.,모델별 지방비 자료가 없습니다.,모델별 지방비 자료가 없습니다.,2023년도 전기자동차 안동시 모델별 보조금,2023,안동시
승합(중형),현대자동차,(단종)카운티 일렉트릭(어린이운송용 33인승 V2),4052,1134,5186,2023년도 전기자동차 구미시 모델별 보조금,2023,구미시
승합(중형),현대자동차,카운티 일렉트릭,4834,1353,6187,2023년도 전기자동차 구미시 모델별 보조금,2023,구미시
승합(중형),현대자동차,카운티 일렉트릭(마을버스),5000,1400,6400,2023년도 전기자동차 구미시 모델별 보조금,2023,구미시
승합(중형),이비온,"E6(JL618S), 어린이통학",2362,661,3023,2023년도 전기자동차 구미시 모델별 보조금,2023,구미시
승합(중형),GS글로벌,NEW BYD eBus-7,2894,810,3704,2023년도 전기자동차 구미시 모델별 보조금,2023,구미시
승합(중형),비바모빌리티,(단종)브이버스60,3211,899,4110,2023년도 전기자동차 구미시 모델별 보조금,2023,구미시
승합(중형),케이지모빌리티커머셜,SMART 8.7,4308,1206,5514,2023년도 전기자동차 구미시 모델별 보조금,2023,구미시
승합(중형),한차,GREENWAY720,4530,1268,5798,2023년도 전기자동차 구미시 모델별 보조금,2023,구미시
승합(중형),테라팩토리,테라밴키즈,1911,535,2446,2023년도 전기자동차 구미시 모델별 보조금,2023,구미시
승합(중형),테라팩토리,테라밴키즈11,1902,532,2434,2023년도 전기자동차 구미시 모델별 보조금,2023,구미시
승합(중형),테라팩토리,테라밴,1889,528,2417,2023년도 전기자동차 구미시 모델별 보조금,2023,구미시
승합(중형),테라팩토리,"테라밴키즈(2022), 어린이운송용14명",2151,602,2753,2023년도 전기자동차 구미시 모델별 보조금,2023,구미시
승합(중형),테라팩토리,"테라밴키즈11(2022), 어린이운송용11명",2142,599,2741,2023년도 전기자동차 구미시 모델별 보조금,2023,구미시
승합(중형),테라팩토리,테라밴,2129,596,2725,2023년도 전기자동차 구미시 모델별 보조금,2023,구미시
승합(중형),중원자동차,EV J1,5000,1400,6400,2023년도 전기자동차 구미시 모델별 보조금,2023,구미시
승합(대형),현대자동차,일렉시티 이층버스,11900,0,11900,2023년도 전기자동차 구미시 모델별 보조금,2023,구미시
승합(대형),현대자동차,일렉시티(3PACK),6887,0,6887,2023년도 전기자동차 구미시 모델별 보조금,2023,구미시
승합(대형),현대자동차,일렉시티(4PACK V1),7000,0,7000,2023년도 전기자동차 구미시 모델별 보조금,2023,구미시
승합(대형),현대자동차,일렉시티(4PACK V2),7000,0,7000,2023년도 전기자동차 구미시 모델별 보조금,2023,구미시
승합(대형),현대자동차,일렉시티 타운,6725,0,6725,2023년도 전기자동차 구미시 모델별 보조금,2023,구미시
승합(대형),케이지모빌리티커머셜,SMART 9.3,4990,0,4990,2023년도 전기자동차 구미시 모델별 보조금,2023,구미시
승합(대형),케이지모빌리티커머셜,SMART 110(272kWh),5660,0,5660,2023년도 전기자동차 구미시 모델별 보조금,2023,구미시
승합(대형),케이지모빌리티커머셜,SMART 110E(347kWh),6330,0,6330,2023년도 전기자동차 구미시 모델별 보조금,2023,구미시
승합(대형),케이지모빌리티커머셜,SMART 110(260kWh),5955,0,5955,2023년도 전기자동차 구미시 모델별 보조금,2023,구미시
승합(대형),케이지모빌리티커머셜,SMART 110E(260kWh),6277,0,6277,2023년도 전기자동차 구미시 모델별 보조금,2023,구미시
승합(대형),우진산전,아폴로900전기버스,4420,0,4420,2023년도 전기자동차 구미시 모델별 보조금,2023,구미시
승합(대형),우진산전,아폴로1100전기버스 22MY,7000,0,7000,2023년도 전기자동차 구미시 모델별 보조금,2023,구미시
승합(대형),우진산전,아폴로1100전기버스 23MY,7000,0,7000,2023년도 전기자동차 구미시 모델별 보조금,2023,구미시
승합(대형),피라인모터스,HYPERS(H),5137,0,5137,2023년도 전기자동차 구미시 모델별 보조금,2023,구미시
승합(대형),피라인모터스,HYPERS1611,5111,0,5111,2023년도 전기자동차 구미시 모델별 보조금,2023,구미시
승합(대형),피라인모터스,HYPERS1609,5143,0,5143,2023년도 전기자동차 구미시 모델별 보조금,2023,구미시
승합(대형),피라인모터스,HYPERS1612,3893,0,3893,2023년도 전기자동차 구미시 모델별 보조금,2023,구미시
승합(대형),피라인모터스,HYPERS1609H,5572,0,5572,2023년도 전기자동차 구미시 모델별 보조금,2023,구미시
승합(대형),피라인모터스,HYPERS1612N,4990,0,4990,2023년도 전기자동차 구미시 모델별 보조금,2023,구미시
승합(대형),피라인모터스,HYPERS1609N,6042,0,6042,2023년도 전기자동차 구미시 모델별 보조금,2023,구미시
승합(대형),피라인모터스,HYPERS1611N,5620,0,5620,2023년도 전기자동차 구미시 모델별 보조금,2023,구미시
승합(대형),피라인모터스,HYPERS1609HN,5993,0,5993,2023년도 전기자동차 구미시 모델별 보조금,2023,구미시
승합(대형),비바모빌리티,(단종)브이버스90N,4287,0,4287,2023년도 전기자동차 구미시 모델별 보조금,2023,구미시
승합(대형),비바모빌리티,(단종)브이버스120,4690,0,4690,2023년도 전기자동차 구미시 모델별 보조금,2023,구미시
승합(대형),비바모빌리티,(단종)브이버스110-B,4246,0,4246,2023년도 전기자동차 구미시 모델별 보조금,2023,구미시
승합(대형),범한자동차,E-SKY11(350kWh),4989,0,4989,2023년도 전기자동차 구미시 모델별 보조금,2023,구미시
승합(대형),범한자동차,E-SKY9(281kWh),4978,0,4978,2023년도 전기자동차 구미시 모델별 보조금,2023,구미시
승합(대형),범한자동차,E-STAR8 V1,4265,0,4265,2023년도 전기자동차 구미시 모델별 보조금,2023,구미시
승합(대형),범한자동차,E-STAR11,4990,0,4990,2023년도 전기자동차 구미시 모델별 보조금,2023,구미시
승합(대형),범한자동차,E-STAR12i,4990,0,4990,2023년도 전기자동차 구미시 모델별 보조금,2023,구미시
승합(대형),에스에이피,아이즘(IZM),4690,0,4690,2023년도 전기자동차 구미시 모델별 보조금,2023,구미시
승합(대형),에스에이피,엘페(ELFE),4388,0,4388,2023년도 전기자동차 구미시 모델별 보조금,2023,구미시
승합(대형),에스에이피,리오네(LIONNE),4690,0,4690,2023년도 전기자동차 구미시 모델별 보조금,2023,구미시
승합(대형),GS글로벌,NEW BYD eBus-12,4990,0,4990,2023년도 전기자동차 구미시 모델별 보조금,2023,구미시
승합(대형),GS글로벌,BYD eBus9,5660,0,5660,2023년도 전기자동차 구미시 모델별 보조금,2023,구미시
승합(대형),티에스에코에너지,일레누스(TS1100-2),6810,0,6810,2023년도 전기자동차 구미시 모델별 보조금,2023,구미시
승합(대형),티에스에코에너지,일레누스(TS900),6451,0,6451,2023년도 전기자동차 구미시 모델별 보조금,2023,구미시
승합(대형),이온모터스,시티라이트Ⅱ,4861,0,4861,2023년도 전기자동차 구미시 모델별 보조금,2023,구미시
승합(대형),이온모터스,시티라이트9,4990,0,4990,2023년도 전기자동차 구미시 모델별 보조금,2023,구미시
승합(대형),한차,GREENWAY1100,5394,0,5394,2023년도 전기자동차 구미시 모델별 보조금,2023,구미시
승합(대형),한차,GREENWAY1100A,6258,0,6258,2023년도 전기자동차 구미시 모델별 보조금,2023,구미시
승합(대형),이엠코리아,에픽시티(LFP),4990,0,4990,2023년도 전기자동차 구미시 모델별 보조금,2023,구미시
승합(대형),이엠코리아,에픽타운(LFP),4406,0,4406,2023년도 전기자동차 구미시 모델별 보조금,2023,구미시
승합(대형),태영티엔티,GD11,2857,0,2857,2023년도 전기자동차 구미시 모델별 보조금,2023,구미시
승합(대형),재일홀딩스,그린타운400,3846,0,3846,2023년도 전기자동차 구미시 모델별 보조금,2023,구미시
승합(대형),아이버스,아이버스어린이운송차,5727,0,5727,2023년도 전기자동차 구미시 모델별 보조금,2023,구미시
모델별 지방비 자료가 없습니다.,모델별 지방비 자료가 없습니다.,모델별 지방비 자료가 없습니다.,모델별 지방비 자료가 없습니다.,모델별 지방비 자료가 없습니다.,모델별 지방비 자료가 없습니다.,2023년도 전기자동차 영주시 모델별 보조금,2023,영주시
승합(중형),현대자동차,(단종)카운티 일렉트릭(어린이운송용 33인승 V2),4052,0,4052,2023년도 전기자동차 영천시 모델별 보조금,2023,영천시
승합(중형),현대자동차,카운티 일렉트릭,4834,0,4834,2023년도 전기자동차 영천시 모델별 보조금,2023,영천시
승합(중형),현대자동차,카운티 일렉트릭(마을버스),5000,0,5000,2023년도 전기자동차 영천시 모델별 보조금,2023,영천시
승합(중형),이비온,"E6(JL618S), 어린이통학",2362,0,2362,2023년도 전기자동차 영천시 모델별 보조금,2023,영천시
승합(중형),GS글로벌,NEW BYD eBus-7,2894,0,2894,2023년도 전기자동차 영천시 모델별 보조금,2023,영천시
승합(중형),비바모빌리티,(단종)브이버스60,3211,0,3211,2023년도 전기자동차 영천시 모델별 보조금,2023,영천시
승합(중형),케이지모빌리티커머셜,SMART 8.7,4308,0,4308,2023년도 전기자동차 영천시 모델별 보조금,2023,영천시
승합(중형),한차,GREENWAY720,4530,0,4530,2023년도 전기자동차 영천시 모델별 보조금,2023,영천시
승합(중형),테라팩토리,테라밴키즈,1911,0,1911,2023년도 전기자동차 영천시 모델별 보조금,2023,영천시
승합(중형),테라팩토리,테라밴키즈11,1902,0,1902,2023년도 전기자동차 영천시 모델별 보조금,2023,영천시
승합(중형),테라팩토리,테라밴,1889,0,1889,2023년도 전기자동차 영천시 모델별 보조금,2023,영천시
승합(중형),테라팩토리,"테라밴키즈(2022), 어린이운송용14명",2151,0,2151,2023년도 전기자동차 영천시 모델별 보조금,2023,영천시
승합(중형),테라팩토리,"테라밴키즈11(2022), 어린이운송용11명",2142,0,2142,2023년도 전기자동차 영천시 모델별 보조금,2023,영천시
승합(중형),테라팩토리,테라밴,2129,0,2129,2023년도 전기자동차 영천시 모델별 보조금,2023,영천시
승합(중형),중원자동차,EV J1,5000,0,5000,2023년도 전기자동차 영천시 모델별 보조금,2023,영천시
승합(대형),현대자동차,일렉시티 이층버스,11900,1400,13300,2023년도 전기자동차 영천시 모델별 보조금,2023,영천시
승합(대형),현대자동차,일렉시티(3PACK),6887,0,6887,2023년도 전기자동차 영천시 모델별 보조금,2023,영천시
승합(대형),현대자동차,일렉시티(4PACK V1),7000,1400,8400,2023년도 전기자동차 영천시 모델별 보조금,2023,영천시
승합(대형),현대자동차,일렉시티(4PACK V2),7000,0,7000,2023년도 전기자동차 영천시 모델별 보조금,2023,영천시
승합(대형),현대자동차,일렉시티 타운,6725,0,6725,2023년도 전기자동차 영천시 모델별 보조금,2023,영천시
승합(대형),케이지모빌리티커머셜,SMART 9.3,4990,0,4990,2023년도 전기자동차 영천시 모델별 보조금,2023,영천시
승합(대형),케이지모빌리티커머셜,SMART 110(272kWh),5660,0,5660,2023년도 전기자동차 영천시 모델별 보조금,2023,영천시
승합(대형),케이지모빌리티커머셜,SMART 110E(347kWh),6330,0,6330,2023년도 전기자동차 영천시 모델별 보조금,2023,영천시
승합(대형),케이지모빌리티커머셜,SMART 110(260kWh),5955,0,5955,2023년도 전기자동차 영천시 모델별 보조금,2023,영천시
승합(대형),케이지모빌리티커머셜,SMART 110E(260kWh),6277,0,6277,2023년도 전기자동차 영천시 모델별 보조금,2023,영천시
승합(대형),우진산전,아폴로900전기버스,4420,0,4420,2023년도 전기자동차 영천시 모델별 보조금,2023,영천시
승합(대형),우진산전,아폴로1100전기버스 22MY,7000,0,7000,2023년도 전기자동차 영천시 모델별 보조금,2023,영천시
승합(대형),우진산전,아폴로1100전기버스 23MY,7000,0,7000,2023년도 전기자동차 영천시 모델별 보조금,2023,영천시
승합(대형),피라인모터스,HYPERS(H),5137,0,5137,2023년도 전기자동차 영천시 모델별 보조금,2023,영천시
승합(대형),피라인모터스,HYPERS1611,5111,0,5111,2023년도 전기자동차 영천시 모델별 보조금,2023,영천시
승합(대형),피라인모터스,HYPERS1609,5143,0,5143,2023년도 전기자동차 영천시 모델별 보조금,2023,영천시
승합(대형),피라인모터스,HYPERS1612,3893,0,3893,2023년도 전기자동차 영천시 모델별 보조금,2023,영천시
승합(대형),피라인모터스,HYPERS1609H,5572,0,5572,2023년도 전기자동차 영천시 모델별 보조금,2023,영천시
승합(대형),피라인모터스,HYPERS1612N,4990,0,4990,2023년도 전기자동차 영천시 모델별 보조금,2023,영천시
승합(대형),피라인모터스,HYPERS1609N,6042,0,6042,2023년도 전기자동차 영천시 모델별 보조금,2023,영천시
승합(대형),피라인모터스,HYPERS1611N,5620,0,5620,2023년도 전기자동차 영천시 모델별 보조금,2023,영천시
승합(대형),피라인모터스,HYPERS1609HN,5993,0,5993,2023년도 전기자동차 영천시 모델별 보조금,2023,영천시
승합(대형),비바모빌리티,(단종)브이버스90N,4287,0,4287,2023년도 전기자동차 영천시 모델별 보조금,2023,영천시
승합(대형),비바모빌리티,(단종)브이버스120,4690,0,4690,2023년도 전기자동차 영천시 모델별 보조금,2023,영천시
승합(대형),비바모빌리티,(단종)브이버스110-B,4246,0,4246,2023년도 전기자동차 영천시 모델별 보조금,2023,영천시
승합(대형),범한자동차,E-SKY11(350kWh),4989,0,4989,2023년도 전기자동차 영천시 모델별 보조금,2023,영천시
승합(대형),범한자동차,E-SKY9(281kWh),4978,0,4978,2023년도 전기자동차 영천시 모델별 보조금,2023,영천시
승합(대형),범한자동차,E-STAR8 V1,4265,0,4265,2023년도 전기자동차 영천시 모델별 보조금,2023,영천시
승합(대형),범한자동차,E-STAR11,4990,0,4990,2023년도 전기자동차 영천시 모델별 보조금,2023,영천시
승합(대형),범한자동차,E-STAR12i,4990,0,4990,2023년도 전기자동차 영천시 모델별 보조금,2023,영천시
승합(대형),에스에이피,아이즘(IZM),4690,0,4690,2023년도 전기자동차 영천시 모델별 보조금,2023,영천시
승합(대형),에스에이피,엘페(ELFE),4388,0,4388,2023년도 전기자동차 영천시 모델별 보조금,2023,영천시
승합(대형),에스에이피,리오네(LIONNE),4690,0,4690,2023년도 전기자동차 영천시 모델별 보조금,2023,영천시
승합(대형),GS글로벌,NEW BYD eBus-12,4990,0,4990,2023년도 전기자동차 영천시 모델별 보조금,2023,영천시
승합(대형),티에스에코에너지,일레누스(TS1100-2),6810,0,6810,2023년도 전기자동차 영천시 모델별 보조금,2023,영천시
승합(대형),티에스에코에너지,일레누스(TS900),6451,0,6451,2023년도 전기자동차 영천시 모델별 보조금,2023,영천시
승합(대형),이온모터스,시티라이트Ⅱ,4861,0,4861,2023년도 전기자동차 영천시 모델별 보조금,2023,영천시
승합(대형),이온모터스,시티라이트9,4990,0,4990,2023년도 전기자동차 영천시 모델별 보조금,2023,영천시
승합(대형),한차,GREENWAY1100,5394,0,5394,2023년도 전기자동차 영천시 모델별 보조금,2023,영천시
승합(대형),한차,GREENWAY1100A,6258,0,6258,2023년도 전기자동차 영천시 모델별 보조금,2023,영천시
승합(대형),이엠코리아,에픽시티(LFP),4990,0,4990,2023년도 전기자동차 영천시 모델별 보조금,2023,영천시
승합(대형),태영티엔티,GD11,2857,0,2857,2023년도 전기자동차 영천시 모델별 보조금,2023,영천시
승합(대형),재일홀딩스,그린타운400,3846,0,3846,2023년도 전기자동차 영천시 모델별 보조금,2023,영천시
승합(대형),아이버스,아이버스어린이운송차,5727,0,5727,2023년도 전기자동차 영천시 모델별 보조금,2023,영천시
모델별 지방비 자료가 없습니다.,모델별 지방비 자료가 없습니다.,모델별 지방비 자료가 없습니다.,모델별 지방비 자료가 없습니다.,모델별 지방비 자료가 없습니다.,모델별 지방비 자료가 없습니다.,2023년도 전기자동차 상주시 모델별 보조금,2023,상주시
승합(중형),현대자동차,(단종)카운티 일렉트릭(어린이운송용 33인승 V2),4052,1000,5052,2023년도 전기자동차 문경시 모델별 보조금,2023,문경시
승합(중형),현대자동차,카운티 일렉트릭,4834,1000,5834,2023년도 전기자동차 문경시 모델별 보조금,2023,문경시
승합(중형),현대자동차,카운티 일렉트릭(마을버스),5000,1000,6000,2023년도 전기자동차 문경시 모델별 보조금,2023,문경시
승합(중형),이비온,"E6(JL618S), 어린이통학",2362,1000,3362,2023년도 전기자동차 문경시 모델별 보조금,2023,문경시
승합(중형),GS글로벌,NEW BYD eBus-7,2894,1000,3894,2023년도 전기자동차 문경시 모델별 보조금,2023,문경시
승합(중형),비바모빌리티,(단종)브이버스60,3211,1000,4211,2023년도 전기자동차 문경시 모델별 보조금,2023,문경시
승합(중형),케이지모빌리티커머셜,SMART 8.7,4308,1000,5308,2023년도 전기자동차 문경시 모델별 보조금,2023,문경시
승합(중형),한차,GREENWAY720,4530,1000,5530,2023년도 전기자동차 문경시 모델별 보조금,2023,문경시
승합(대형),현대자동차,일렉시티 타운,6725,1400,8125,2023년도 전기자동차 문경시 모델별 보조금,2023,문경시
승합(대형),피라인모터스,HYPERS1609H,5572,0,5572,2023년도 전기자동차 문경시 모델별 보조금,2023,문경시
승합(대형),피라인모터스,HYPERS1612N,4990,0,4990,2023년도 전기자동차 문경시 모델별 보조금,2023,문경시
승합(대형),피라인모터스,HYPERS1609N,6042,0,6042,2023년도 전기자동차 문경시 모델별 보조금,2023,문경시
승합(대형),피라인모터스,HYPERS1609HN,5993,0,5993,2023년도 전기자동차 문경시 모델별 보조금,2023,문경시
승합(대형),비바모빌리티,(단종)브이버스90N,4287,0,4287,2023년도 전기자동차 문경시 모델별 보조금,2023,문경시
승합(대형),비바모빌리티,(단종)브이버스120,4690,0,4690,2023년도 전기자동차 문경시 모델별 보조금,2023,문경시
승합(대형),비바모빌리티,(단종)브이버스110-B,4246,0,4246,2023년도 전기자동차 문경시 모델별 보조금,2023,문경시
승합(대형),에스에이피,아이즘(IZM),4690,0,4690,2023년도 전기자동차 문경시 모델별 보조금,2023,문경시
승합(대형),에스에이피,엘페(ELFE),4388,0,4388,2023년도 전기자동차 문경시 모델별 보조금,2023,문경시
승합(대형),에스에이피,리오네(LIONNE),4690,0,4690,2023년도 전기자동차 문경시 모델별 보조금,2023,문경시
승합(대형),재일홀딩스,그린타운400,3846,1400,5246,2023년도 전기자동차 문경시 모델별 보조금,2023,문경시
승합(중형),현대자동차,(단종)카운티 일렉트릭(어린이운송용 33인승 V2),4052,1134,5186,2023년도 전기자동차 경산시 모델별 보조금,2023,경산시
승합(중형),현대자동차,카운티 일렉트릭,4834,1353,6187,2023년도 전기자동차 경산시 모델별 보조금,2023,경산시
승합(중형),현대자동차,카운티 일렉트릭(마을버스),5000,1400,6400,2023년도 전기자동차 경산시 모델별 보조금,2023,경산시
승합(중형),이비온,"E6(JL618S), 어린이통학",2362,661,3023,2023년도 전기자동차 경산시 모델별 보조금,2023,경산시
승합(중형),GS글로벌,NEW BYD eBus-7,2894,810,3704,2023년도 전기자동차 경산시 모델별 보조금,2023,경산시
승합(중형),비바모빌리티,(단종)브이버스60,3211,899,4110,2023년도 전기자동차 경산시 모델별 보조금,2023,경산시
승합(중형),케이지모빌리티커머셜,SMART 8.7,4308,1206,5514,2023년도 전기자동차 경산시 모델별 보조금,2023,경산시
승합(중형),한차,GREENWAY720,4530,1268,5798,2023년도 전기자동차 경산시 모델별 보조금,2023,경산시
승합(중형),테라팩토리,테라밴키즈,1911,535,2446,2023년도 전기자동차 경산시 모델별 보조금,2023,경산시
승합(중형),테라팩토리,테라밴키즈11,1902,532,2434,2023년도 전기자동차 경산시 모델별 보조금,2023,경산시
승합(중형),테라팩토리,테라밴,1889,528,2417,2023년도 전기자동차 경산시 모델별 보조금,2023,경산시
승합(중형),테라팩토리,"테라밴키즈(2022), 어린이운송용14명",2151,602,2753,2023년도 전기자동차 경산시 모델별 보조금,2023,경산시
승합(중형),테라팩토리,"테라밴키즈11(2022), 어린이운송용11명",2142,599,2741,2023년도 전기자동차 경산시 모델별 보조금,2023,경산시
승합(중형),테라팩토리,테라밴,2129,596,2725,2023년도 전기자동차 경산시 모델별 보조금,2023,경산시
승합(중형),중원자동차,EV J1,5000,1400,6400,2023년도 전기자동차 경산시 모델별 보조금,2023,경산시
승합(대형),현대자동차,일렉시티 이층버스,11900,1400,13300,2023년도 전기자동차 경산시 모델별 보조금,2023,경산시
승합(대형),현대자동차,일렉시티(3PACK),6887,1377,8264,2023년도 전기자동차 경산시 모델별 보조금,2023,경산시
승합(대형),현대자동차,일렉시티(4PACK V1),7000,1400,8400,2023년도 전기자동차 경산시 모델별 보조금,2023,경산시
승합(대형),현대자동차,일렉시티(4PACK V2),7000,1400,8400,2023년도 전기자동차 경산시 모델별 보조금,2023,경산시
승합(대형),현대자동차,일렉시티 타운,6725,1345,8070,2023년도 전기자동차 경산시 모델별 보조금,2023,경산시
승합(대형),케이지모빌리티커머셜,SMART 9.3,4990,998,5988,2023년도 전기자동차 경산시 모델별 보조금,2023,경산시
승합(대형),케이지모빌리티커머셜,SMART 110(272kWh),5660,1132,6792,2023년도 전기자동차 경산시 모델별 보조금,2023,경산시
승합(대형),케이지모빌리티커머셜,SMART 110E(347kWh),6330,1266,7596,2023년도 전기자동차 경산시 모델별 보조금,2023,경산시
승합(대형),케이지모빌리티커머셜,SMART 110(260kWh),5955,1191,7146,2023년도 전기자동차 경산시 모델별 보조금,2023,경산시
승합(대형),케이지모빌리티커머셜,SMART 110E(260kWh),6277,1255,7532,2023년도 전기자동차 경산시 모델별 보조금,2023,경산시
승합(대형),우진산전,아폴로900전기버스,4420,884,5304,2023년도 전기자동차 경산시 모델별 보조금,2023,경산시
승합(대형),우진산전,아폴로1100전기버스 22MY,7000,1400,8400,2023년도 전기자동차 경산시 모델별 보조금,2023,경산시
승합(대형),우진산전,아폴로1100전기버스 23MY,7000,1400,8400,2023년도 전기자동차 경산시 모델별 보조금,2023,경산시
승합(대형),우진산전,아폴로1200-B43,7000,1400,8400,2023년도 전기자동차 경산시 모델별 보조금,2023,경산시
승합(대형),피라인모터스,HYPERS(H),5137,1027,6164,2023년도 전기자동차 경산시 모델별 보조금,2023,경산시
승합(대형),피라인모터스,HYPERS1611,5111,1022,6133,2023년도 전기자동차 경산시 모델별 보조금,2023,경산시
승합(대형),피라인모터스,HYPERS1609,5143,1028,6171,2023년도 전기자동차 경산시 모델별 보조금,2023,경산시
승합(대형),피라인모터스,HYPERS1612,3893,778,4671,2023년도 전기자동차 경산시 모델별 보조금,2023,경산시
승합(대형),피라인모터스,HYPERS1609H,5572,1114,6686,2023년도 전기자동차 경산시 모델별 보조금,2023,경산시
승합(대형),피라인모터스,HYPERS1612N,4990,998,5988,2023년도 전기자동차 경산시 모델별 보조금,2023,경산시
승합(대형),피라인모터스,HYPERS1609N,6042,1208,7250,2023년도 전기자동차 경산시 모델별 보조금,2023,경산시
승합(대형),피라인모터스,HYPERS1611N,5620,1124,6744,2023년도 전기자동차 경산시 모델별 보조금,2023,경산시
승합(대형),피라인모터스,HYPERS1609HN,5993,1198,7191,2023년도 전기자동차 경산시 모델별 보조금,2023,경산시
승합(대형),피라인모터스,HYPERS1611P,7000,1400,8400,2023년도 전기자동차 경산시 모델별 보조금,2023,경산시
승합(대형),피라인모터스,HYPERS1609P,7000,1400,8400,2023년도 전기자동차 경산시 모델별 보조금,2023,경산시
승합(대형),비바모빌리티,(단종)브이버스90N,4287,857,5144,2023년도 전기자동차 경산시 모델별 보조금,2023,경산시
승합(대형),비바모빌리티,(단종)브이버스120,4690,938,5628,2023년도 전기자동차 경산시 모델별 보조금,2023,경산시
승합(대형),비바모빌리티,(단종)브이버스110-B,4246,849,5095,2023년도 전기자동차 경산시 모델별 보조금,2023,경산시
승합(대형),범한자동차,E-SKY11(350kWh),4989,997,5986,2023년도 전기자동차 경산시 모델별 보조금,2023,경산시
승합(대형),범한자동차,E-SKY9(281kWh),4978,995,5973,2023년도 전기자동차 경산시 모델별 보조금,2023,경산시
승합(대형),범한자동차,E-STAR8 V1,4265,853,5118,2023년도 전기자동차 경산시 모델별 보조금,2023,경산시
승합(대형),범한자동차,E-STAR11,4990,998,5988,2023년도 전기자동차 경산시 모델별 보조금,2023,경산시
승합(대형),범한자동차,E-STAR12i,4990,998,5988,2023년도 전기자동차 경산시 모델별 보조금,2023,경산시
승합(대형),에스에이피,아이즘(IZM),4690,938,5628,2023년도 전기자동차 경산시 모델별 보조금,2023,경산시
승합(대형),에스에이피,엘페(ELFE),4388,877,5265,2023년도 전기자동차 경산시 모델별 보조금,2023,경산시
승합(대형),에스에이피,리오네(LIONNE),4690,938,5628,2023년도 전기자동차 경산시 모델별 보조금,2023,경산시
승합(대형),GS글로벌,NEW BYD eBus-12,4990,998,5988,2023년도 전기자동차 경산시 모델별 보조금,2023,경산시
승합(대형),GS글로벌,BYD eBus9,5660,1132,6792,2023년도 전기자동차 경산시 모델별 보조금,2023,경산시
승합(대형),티에스에코에너지,일레누스(TS1100-1),6633,1326,7959,2023년도 전기자동차 경산시 모델별 보조금,2023,경산시
승합(대형),티에스에코에너지,일레누스(TS1100-2),6810,1362,8172,2023년도 전기자동차 경산시 모델별 보조금,2023,경산시
승합(대형),티에스에코에너지,일레누스(TS900),6451,1290,7741,2023년도 전기자동차 경산시 모델별 보조금,2023,경산시
승합(대형),이온모터스,시티라이트Ⅱ,4861,972,5833,2023년도 전기자동차 경산시 모델별 보조금,2023,경산시
승합(대형),이온모터스,시티라이트9,4990,998,5988,2023년도 전기자동차 경산시 모델별 보조금,2023,경산시
승합(대형),한차,GREENWAY1100,5394,1078,6472,2023년도 전기자동차 경산시 모델별 보조금,2023,경산시
승합(대형),한차,GREENWAY1100A,6258,1251,7509,2023년도 전기자동차 경산시 모델별 보조금,2023,경산시
승합(대형),이엠코리아,에픽시티(LFP),4990,998,5988,2023년도 전기자동차 경산시 모델별 보조금,2023,경산시
승합(대형),이엠코리아,에픽타운(LFP),4406,881,5287,2023년도 전기자동차 경산시 모델별 보조금,2023,경산시
승합(대형),태영티엔티,GD11,2857,571,3428,2023년도 전기자동차 경산시 모델별 보조금,2023,경산시
승합(대형),재일홀딩스,그린타운400,3846,769,4615,2023년도 전기자동차 경산시 모델별 보조금,2023,경산시
승합(대형),아이버스,아이버스어린이운송차,5727,1145,6872,2023년도 전기자동차 경산시 모델별 보조금,2023,경산시
모델별 지방비 자료가 없습니다.,모델별 지방비 자료가 없습니다.,모델별 지방비 자료가 없습니다.,모델별 지방비 자료가 없습니다.,모델별 지방비 자료가 없습니다.,모델별 지방비 자료가 없습니다.,2023년도 전기자동차 군위군 모델별 보조금,2023,군위군
모델별 지방비 자료가 없습니다.,모델별 지방비 자료가 없습니다.,모델별 지방비 자료가 없습니다.,모델별 지방비 자료가 없습니다.,모델별 지방비 자료가 없습니다.,모델별 지방비 자료가 없습니다.,2023년도 전기자동차 의성군 모델별 보조금,2023,의성군
승합(중형),현대자동차,(단종)카운티 일렉트릭(어린이운송용 33인승 V2),4052,810,4862,2023년도 전기자동차 청송군 모델별 보조금,2023,청송군
승합(중형),현대자동차,카운티 일렉트릭,4834,966,5800,2023년도 전기자동차 청송군 모델별 보조금,2023,청송군
승합(중형),현대자동차,카운티 일렉트릭(마을버스),5000,1000,6000,2023년도 전기자동차 청송군 모델별 보조금,2023,청송군
승합(중형),이비온,"E6(JL618S), 어린이통학",2362,472,2834,2023년도 전기자동차 청송군 모델별 보조금,2023,청송군
승합(중형),GS글로벌,NEW BYD eBus-7,2894,578,3472,2023년도 전기자동차 청송군 모델별 보조금,2023,청송군
승합(중형),비바모빌리티,(단종)브이버스60,3211,642,3853,2023년도 전기자동차 청송군 모델별 보조금,2023,청송군
승합(중형),케이지모빌리티커머셜,SMART 8.7,4308,861,5169,2023년도 전기자동차 청송군 모델별 보조금,2023,청송군
승합(중형),한차,GREENWAY720,4530,906,5436,2023년도 전기자동차 청송군 모델별 보조금,2023,청송군
승합(중형),테라팩토리,테라밴키즈,1911,382,2293,2023년도 전기자동차 청송군 모델별 보조금,2023,청송군
승합(중형),테라팩토리,테라밴키즈11,1902,380,2282,2023년도 전기자동차 청송군 모델별 보조금,2023,청송군
승합(중형),테라팩토리,테라밴,1889,377,2266,2023년도 전기자동차 청송군 모델별 보조금,2023,청송군
승합(중형),테라팩토리,"테라밴키즈(2022), 어린이운송용14명",2151,430,2581,2023년도 전기자동차 청송군 모델별 보조금,2023,청송군
승합(중형),테라팩토리,"테라밴키즈11(2022), 어린이운송용11명",2142,428,2570,2023년도 전기자동차 청송군 모델별 보조금,2023,청송군
승합(중형),테라팩토리,테라밴,2129,425,2554,2023년도 전기자동차 청송군 모델별 보조금,2023,청송군
승합(중형),중원자동차,EV J1,5000,1000,6000,2023년도 전기자동차 청송군 모델별 보조금,2023,청송군
승합(대형),현대자동차,일렉시티 이층버스,11900,1400,13300,2023년도 전기자동차 청송군 모델별 보조금,2023,청송군
승합(대형),현대자동차,일렉시티(3PACK),6887,1377,8264,2023년도 전기자동차 청송군 모델별 보조금,2023,청송군
승합(대형),현대자동차,일렉시티(4PACK V1),7000,1400,8400,2023년도 전기자동차 청송군 모델별 보조금,2023,청송군
승합(대형),현대자동차,일렉시티(4PACK V2),7000,1400,8400,2023년도 전기자동차 청송군 모델별 보조금,2023,청송군
승합(대형),현대자동차,일렉시티 타운,6725,1345,8070,2023년도 전기자동차 청송군 모델별 보조금,2023,청송군
승합(대형),케이지모빌리티커머셜,SMART 9.3,4990,998,5988,2023년도 전기자동차 청송군 모델별 보조금,2023,청송군
승합(대형),케이지모빌리티커머셜,SMART 110(272kWh),5660,1132,6792,2023년도 전기자동차 청송군 모델별 보조금,2023,청송군
승합(대형),케이지모빌리티커머셜,SMART 110E(347kWh),6330,1266,7596,2023년도 전기자동차 청송군 모델별 보조금,2023,청송군
승합(대형),케이지모빌리티커머셜,SMART 110(260kWh),5955,1191,7146,2023년도 전기자동차 청송군 모델별 보조금,2023,청송군
승합(대형),케이지모빌리티커머셜,SMART 110E(260kWh),6277,1255,7532,2023년도 전기자동차 청송군 모델별 보조금,2023,청송군
승합(대형),우진산전,아폴로900전기버스,4420,884,5304,2023년도 전기자동차 청송군 모델별 보조금,2023,청송군
승합(대형),우진산전,아폴로1100전기버스 22MY,7000,1400,8400,2023년도 전기자동차 청송군 모델별 보조금,2023,청송군
승합(대형),우진산전,아폴로1100전기버스 23MY,7000,1400,8400,2023년도 전기자동차 청송군 모델별 보조금,2023,청송군
승합(대형),피라인모터스,HYPERS(H),5137,1027,6164,2023년도 전기자동차 청송군 모델별 보조금,2023,청송군
승합(대형),피라인모터스,HYPERS1611,5111,1022,6133,2023년도 전기자동차 청송군 모델별 보조금,2023,청송군
승합(대형),피라인모터스,HYPERS1609,5143,1028,6171,2023년도 전기자동차 청송군 모델별 보조금,2023,청송군
승합(대형),피라인모터스,HYPERS1612,3893,778,4671,2023년도 전기자동차 청송군 모델별 보조금,2023,청송군
승합(대형),피라인모터스,HYPERS1609H,5572,1114,6686,2023년도 전기자동차 청송군 모델별 보조금,2023,청송군
승합(대형),피라인모터스,HYPERS1612N,4990,998,5988,2023년도 전기자동차 청송군 모델별 보조금,2023,청송군
승합(대형),피라인모터스,HYPERS1609N,6042,1208,7250,2023년도 전기자동차 청송군 모델별 보조금,2023,청송군
승합(대형),피라인모터스,HYPERS1611N,5620,1124,6744,2023년도 전기자동차 청송군 모델별 보조금,2023,청송군
승합(대형),피라인모터스,HYPERS1609HN,5993,1198,7191,2023년도 전기자동차 청송군 모델별 보조금,2023,청송군
승합(대형),비바모빌리티,(단종)브이버스90N,4287,857,5144,2023년도 전기자동차 청송군 모델별 보조금,2023,청송군
승합(대형),비바모빌리티,(단종)브이버스120,4690,938,5628,2023년도 전기자동차 청송군 모델별 보조금,2023,청송군
승합(대형),비바모빌리티,(단종)브이버스110-B,4246,849,5095,2023년도 전기자동차 청송군 모델별 보조금,2023,청송군
승합(대형),범한자동차,E-SKY11(350kWh),4989,997,5986,2023년도 전기자동차 청송군 모델별 보조금,2023,청송군
승합(대형),범한자동차,E-SKY9(281kWh),4978,995,5973,2023년도 전기자동차 청송군 모델별 보조금,2023,청송군
승합(대형),범한자동차,E-STAR8 V1,4265,853,5118,2023년도 전기자동차 청송군 모델별 보조금,2023,청송군
승합(대형),범한자동차,E-STAR11,4990,998,5988,2023년도 전기자동차 청송군 모델별 보조금,2023,청송군
승합(대형),범한자동차,E-STAR12i,4990,998,5988,2023년도 전기자동차 청송군 모델별 보조금,2023,청송군
승합(대형),에스에이피,아이즘(IZM),4690,938,5628,2023년도 전기자동차 청송군 모델별 보조금,2023,청송군
승합(대형),에스에이피,엘페(ELFE),4388,877,5265,2023년도 전기자동차 청송군 모델별 보조금,2023,청송군
승합(대형),에스에이피,리오네(LIONNE),4690,938,5628,2023년도 전기자동차 청송군 모델별 보조금,2023,청송군
승합(대형),GS글로벌,NEW BYD eBus-12,4990,998,5988,2023년도 전기자동차 청송군 모델별 보조금,2023,청송군
승합(대형),티에스에코에너지,일레누스(TS1100-2),6810,1362,8172,2023년도 전기자동차 청송군 모델별 보조금,2023,청송군
승합(대형),티에스에코에너지,일레누스(TS900),6451,1290,7741,2023년도 전기자동차 청송군 모델별 보조금,2023,청송군
승합(대형),이온모터스,시티라이트Ⅱ,4861,972,5833,2023년도 전기자동차 청송군 모델별 보조금,2023,청송군
승합(대형),이온모터스,시티라이트9,4990,998,5988,2023년도 전기자동차 청송군 모델별 보조금,2023,청송군
승합(대형),한차,GREENWAY1100,5394,1078,6472,2023년도 전기자동차 청송군 모델별 보조금,2023,청송군
승합(대형),한차,GREENWAY1100A,6258,1251,7509,2023년도 전기자동차 청송군 모델별 보조금,2023,청송군
승합(대형),이엠코리아,에픽시티(LFP),4990,998,5988,2023년도 전기자동차 청송군 모델별 보조금,2023,청송군
승합(대형),태영티엔티,GD11,2857,571,3428,2023년도 전기자동차 청송군 모델별 보조금,2023,청송군
승합(대형),재일홀딩스,그린타운400,3846,769,4615,2023년도 전기자동차 청송군 모델별 보조금,2023,청송군
승합(대형),아이버스,아이버스어린이운송차,5727,1145,6872,2023년도 전기자동차 청송군 모델별 보조금,2023,청송군
모델별 지방비 자료가 없습니다.,모델별 지방비 자료가 없습니다.,모델별 지방비 자료가 없습니다.,모델별 지방비 자료가 없습니다.,모델별 지방비 자료가 없습니다.,모델별 지방비 자료가 없습니다.,2023년도 전기자동차 영양군 모델별 보조금,2023,영양군
모델별 지방비 자료가 없습니다.,모델별 지방비 자료가 없습니다.,모델별 지방비 자료가 없습니다.,모델별 지방비 자료가 없습니다.,모델별 지방비 자료가 없습니다.,모델별 지방비 자료가 없습니다.,2023년도 전기자동차 영덕군 모델별 보조금,2023,영덕군
승합(중형),현대자동차,(단종)카운티 일렉트릭(어린이운송용 33인승 V2),4052,810,4862,2023년도 전기자동차 청도군 모델별 보조금,2023,청도군
승합(중형),현대자동차,카운티 일렉트릭,4834,966,5800,2023년도 전기자동차 청도군 모델별 보조금,2023,청도군
승합(중형),현대자동차,카운티 일렉트릭(마을버스),5000,1000,6000,2023년도 전기자동차 청도군 모델별 보조금,2023,청도군
승합(중형),이비온,"E6(JL618S), 어린이통학",2362,472,2834,2023년도 전기자동차 청도군 모델별 보조금,2023,청도군
승합(중형),GS글로벌,NEW BYD eBus-7,2894,578,3472,2023년도 전기자동차 청도군 모델별 보조금,2023,청도군
승합(중형),비바모빌리티,(단종)브이버스60,3211,642,3853,2023년도 전기자동차 청도군 모델별 보조금,2023,청도군
승합(중형),케이지모빌리티커머셜,SMART 8.7,4308,861,5169,2023년도 전기자동차 청도군 모델별 보조금,2023,청도군
승합(중형),한차,GREENWAY720,4530,906,5436,2023년도 전기자동차 청도군 모델별 보조금,2023,청도군
승합(중형),테라팩토리,테라밴키즈,1911,382,2293,2023년도 전기자동차 청도군 모델별 보조금,2023,청도군
승합(중형),테라팩토리,테라밴키즈11,1902,380,2282,2023년도 전기자동차 청도군 모델별 보조금,2023,청도군
승합(중형),테라팩토리,테라밴,1889,377,2266,2023년도 전기자동차 청도군 모델별 보조금,2023,청도군
승합(중형),테라팩토리,"테라밴키즈(2022), 어린이운송용14명",2151,0,2151,2023년도 전기자동차 청도군 모델별 보조금,2023,청도군
승합(중형),테라팩토리,"테라밴키즈11(2022), 어린이운송용11명",2142,0,2142,2023년도 전기자동차 청도군 모델별 보조금,2023,청도군
승합(중형),테라팩토리,테라밴,2129,0,2129,2023년도 전기자동차 청도군 모델별 보조금,2023,청도군
승합(중형),중원자동차,EV J1,5000,1000,6000,2023년도 전기자동차 청도군 모델별 보조금,2023,청도군
승합(대형),현대자동차,일렉시티 이층버스,11900,0,11900,2023년도 전기자동차 청도군 모델별 보조금,2023,청도군
승합(대형),현대자동차,일렉시티(3PACK),6887,0,6887,2023년도 전기자동차 청도군 모델별 보조금,2023,청도군
승합(대형),현대자동차,일렉시티(4PACK V1),7000,0,7000,2023년도 전기자동차 청도군 모델별 보조금,2023,청도군
승합(대형),현대자동차,일렉시티(4PACK V2),7000,0,7000,2023년도 전기자동차 청도군 모델별 보조금,2023,청도군
승합(대형),현대자동차,일렉시티 타운,6725,0,6725,2023년도 전기자동차 청도군 모델별 보조금,2023,청도군
승합(대형),케이지모빌리티커머셜,SMART 9.3,4990,0,4990,2023년도 전기자동차 청도군 모델별 보조금,2023,청도군
승합(대형),케이지모빌리티커머셜,SMART 110(272kWh),5660,0,5660,2023년도 전기자동차 청도군 모델별 보조금,2023,청도군
승합(대형),케이지모빌리티커머셜,SMART 110E(347kWh),6330,0,6330,2023년도 전기자동차 청도군 모델별 보조금,2023,청도군
승합(대형),케이지모빌리티커머셜,SMART 110(260kWh),5955,0,5955,2023년도 전기자동차 청도군 모델별 보조금,2023,청도군
승합(대형),케이지모빌리티커머셜,SMART 110E(260kWh),6277,0,6277,2023년도 전기자동차 청도군 모델별 보조금,2023,청도군
승합(대형),우진산전,아폴로900전기버스,4420,0,4420,2023년도 전기자동차 청도군 모델별 보조금,2023,청도군
승합(대형),우진산전,아폴로1100전기버스 22MY,7000,0,7000,2023년도 전기자동차 청도군 모델별 보조금,2023,청도군
승합(대형),우진산전,아폴로1100전기버스 23MY,7000,0,7000,2023년도 전기자동차 청도군 모델별 보조금,2023,청도군
승합(대형),피라인모터스,HYPERS(H),5137,0,5137,2023년도 전기자동차 청도군 모델별 보조금,2023,청도군
승합(대형),피라인모터스,HYPERS1611,5111,0,5111,2023년도 전기자동차 청도군 모델별 보조금,2023,청도군
승합(대형),피라인모터스,HYPERS1609,5143,0,5143,2023년도 전기자동차 청도군 모델별 보조금,2023,청도군
승합(대형),피라인모터스,HYPERS1612,3893,0,3893,2023년도 전기자동차 청도군 모델별 보조금,2023,청도군
승합(대형),피라인모터스,HYPERS1609H,5572,0,5572,2023년도 전기자동차 청도군 모델별 보조금,2023,청도군
승합(대형),피라인모터스,HYPERS1612N,4990,0,4990,2023년도 전기자동차 청도군 모델별 보조금,2023,청도군
승합(대형),피라인모터스,HYPERS1609N,6042,0,6042,2023년도 전기자동차 청도군 모델별 보조금,2023,청도군
승합(대형),피라인모터스,HYPERS1611N,5620,0,5620,2023년도 전기자동차 청도군 모델별 보조금,2023,청도군
승합(대형),피라인모터스,HYPERS1609HN,5993,0,5993,2023년도 전기자동차 청도군 모델별 보조금,2023,청도군
승합(대형),비바모빌리티,(단종)브이버스90N,4287,0,4287,2023년도 전기자동차 청도군 모델별 보조금,2023,청도군
승합(대형),비바모빌리티,(단종)브이버스120,4690,0,4690,2023년도 전기자동차 청도군 모델별 보조금,2023,청도군
승합(대형),비바모빌리티,(단종)브이버스110-B,4246,0,4246,2023년도 전기자동차 청도군 모델별 보조금,2023,청도군
승합(대형),범한자동차,E-SKY11(350kWh),4989,0,4989,2023년도 전기자동차 청도군 모델별 보조금,2023,청도군
승합(대형),범한자동차,E-SKY9(281kWh),4978,0,4978,2023년도 전기자동차 청도군 모델별 보조금,2023,청도군
승합(대형),범한자동차,E-STAR8 V1,4265,0,4265,2023년도 전기자동차 청도군 모델별 보조금,2023,청도군
승합(대형),범한자동차,E-STAR11,4990,0,4990,2023년도 전기자동차 청도군 모델별 보조금,2023,청도군
승합(대형),범한자동차,E-STAR12i,4990,0,4990,2023년도 전기자동차 청도군 모델별 보조금,2023,청도군
승합(대형),에스에이피,아이즘(IZM),4690,0,4690,2023년도 전기자동차 청도군 모델별 보조금,2023,청도군
승합(대형),에스에이피,엘페(ELFE),4388,0,4388,2023년도 전기자동차 청도군 모델별 보조금,2023,청도군
승합(대형),에스에이피,리오네(LIONNE),4690,0,4690,2023년도 전기자동차 청도군 모델별 보조금,2023,청도군
승합(대형),GS글로벌,NEW BYD eBus-12,4990,0,4990,2023년도 전기자동차 청도군 모델별 보조금,2023,청도군
승합(대형),티에스에코에너지,일레누스(TS1100-2),6810,0,6810,2023년도 전기자동차 청도군 모델별 보조금,2023,청도군
승합(대형),티에스에코에너지,일레누스(TS900),6451,0,6451,2023년도 전기자동차 청도군 모델별 보조금,2023,청도군
승합(대형),이온모터스,시티라이트Ⅱ,4861,0,4861,2023년도 전기자동차 청도군 모델별 보조금,2023,청도군
승합(대형),이온모터스,시티라이트9,4990,0,4990,2023년도 전기자동차 청도군 모델별 보조금,2023,청도군
승합(대형),한차,GREENWAY1100,5394,0,5394,2023년도 전기자동차 청도군 모델별 보조금,2023,청도군
승합(대형),한차,GREENWAY1100A,6258,0,6258,2023년도 전기자동차 청도군 모델별 보조금,2023,청도군
승합(대형),이엠코리아,에픽시티(LFP),4990,0,4990,2023년도 전기자동차 청도군 모델별 보조금,2023,청도군
승합(대형),태영티엔티,GD11,2857,0,2857,2023년도 전기자동차 청도군 모델별 보조금,2023,청도군
승합(대형),재일홀딩스,그린타운400,3846,0,3846,2023년도 전기자동차 청도군 모델별 보조금,2023,청도군
승합(대형),아이버스,아이버스어린이운송차,5727,0,5727,2023년도 전기자동차 청도군 모델별 보조금,2023,청도군
모델별 지방비 자료가 없습니다.,모델별 지방비 자료가 없습니다.,모델별 지방비 자료가 없습니다.,모델별 지방비 자료가 없습니다.,모델별 지방비 자료가 없습니다.,모델별 지방비 자료가 없습니다.,2023년도 전기자동차 고령군 모델별 보조금,2023,고령군
승합(중형),현대자동차,(단종)카운티 일렉트릭(어린이운송용 33인승 V2),4052,1134,5186,2023년도 전기자동차 성주군 모델별 보조금,2023,성주군
승합(중형),현대자동차,카운티 일렉트릭,4834,1353,6187,2023년도 전기자동차 성주군 모델별 보조금,2023,성주군
승합(중형),현대자동차,카운티 일렉트릭(마을버스),5000,1400,6400,2023년도 전기자동차 성주군 모델별 보조금,2023,성주군
승합(중형),이비온,"E6(JL618S), 어린이통학",2362,661,3023,2023년도 전기자동차 성주군 모델별 보조금,2023,성주군
승합(중형),GS글로벌,NEW BYD eBus-7,2894,810,3704,2023년도 전기자동차 성주군 모델별 보조금,2023,성주군
승합(중형),비바모빌리티,(단종)브이버스60,3211,899,4110,2023년도 전기자동차 성주군 모델별 보조금,2023,성주군
승합(중형),케이지모빌리티커머셜,SMART 8.7,4308,1206,5514,2023년도 전기자동차 성주군 모델별 보조금,2023,성주군
승합(중형),한차,GREENWAY720,4530,1268,5798,2023년도 전기자동차 성주군 모델별 보조금,2023,성주군
승합(중형),테라팩토리,테라밴키즈,1911,535,2446,2023년도 전기자동차 성주군 모델별 보조금,2023,성주군
승합(중형),테라팩토리,테라밴키즈11,1902,532,2434,2023년도 전기자동차 성주군 모델별 보조금,2023,성주군
승합(중형),테라팩토리,테라밴,1889,528,2417,2023년도 전기자동차 성주군 모델별 보조금,2023,성주군
승합(중형),테라팩토리,"테라밴키즈(2022), 어린이운송용14명",2151,602,2753,2023년도 전기자동차 성주군 모델별 보조금,2023,성주군
승합(중형),테라팩토리,"테라밴키즈11(2022), 어린이운송용11명",2142,599,2741,2023년도 전기자동차 성주군 모델별 보조금,2023,성주군
승합(중형),테라팩토리,테라밴,2129,596,2725,2023년도 전기자동차 성주군 모델별 보조금,2023,성주군
승합(중형),중원자동차,EV J1,5000,1400,6400,2023년도 전기자동차 성주군 모델별 보조금,2023,성주군
승합(대형),현대자동차,일렉시티 이층버스,11900,0,11900,2023년도 전기자동차 성주군 모델별 보조금,2023,성주군
승합(대형),현대자동차,일렉시티(3PACK),6887,0,6887,2023년도 전기자동차 성주군 모델별 보조금,2023,성주군
승합(대형),현대자동차,일렉시티(4PACK V1),7000,0,7000,2023년도 전기자동차 성주군 모델별 보조금,2023,성주군
승합(대형),현대자동차,일렉시티(4PACK V2),7000,0,7000,2023년도 전기자동차 성주군 모델별 보조금,2023,성주군
승합(대형),현대자동차,일렉시티 타운,6725,0,6725,2023년도 전기자동차 성주군 모델별 보조금,2023,성주군
승합(대형),케이지모빌리티커머셜,SMART 9.3,4990,0,4990,2023년도 전기자동차 성주군 모델별 보조금,2023,성주군
승합(대형),케이지모빌리티커머셜,SMART 110(272kWh),5660,0,5660,2023년도 전기자동차 성주군 모델별 보조금,2023,성주군
승합(대형),케이지모빌리티커머셜,SMART 110E(347kWh),6330,0,6330,2023년도 전기자동차 성주군 모델별 보조금,2023,성주군
승합(대형),케이지모빌리티커머셜,SMART 110(260kWh),5955,0,5955,2023년도 전기자동차 성주군 모델별 보조금,2023,성주군
승합(대형),케이지모빌리티커머셜,SMART 110E(260kWh),6277,0,6277,2023년도 전기자동차 성주군 모델별 보조금,2023,성주군
승합(대형),우진산전,아폴로900전기버스,4420,0,4420,2023년도 전기자동차 성주군 모델별 보조금,2023,성주군
승합(대형),우진산전,아폴로1100전기버스 22MY,7000,0,7000,2023년도 전기자동차 성주군 모델별 보조금,2023,성주군
승합(대형),우진산전,아폴로1100전기버스 23MY,7000,0,7000,2023년도 전기자동차 성주군 모델별 보조금,2023,성주군
승합(대형),피라인모터스,HYPERS(H),5137,0,5137,2023년도 전기자동차 성주군 모델별 보조금,2023,성주군
승합(대형),피라인모터스,HYPERS1611,5111,0,5111,2023년도 전기자동차 성주군 모델별 보조금,2023,성주군
승합(대형),피라인모터스,HYPERS1609,5143,0,5143,2023년도 전기자동차 성주군 모델별 보조금,2023,성주군
승합(대형),피라인모터스,HYPERS1612,3893,0,3893,2023년도 전기자동차 성주군 모델별 보조금,2023,성주군
승합(대형),피라인모터스,HYPERS1609H,5572,0,5572,2023년도 전기자동차 성주군 모델별 보조금,2023,성주군
승합(대형),피라인모터스,HYPERS1612N,4990,0,4990,2023년도 전기자동차 성주군 모델별 보조금,2023,성주군
승합(대형),피라인모터스,HYPERS1609N,6042,0,6042,2023년도 전기자동차 성주군 모델별 보조금,2023,성주군
승합(대형),피라인모터스,HYPERS1611N,5620,0,5620,2023년도 전기자동차 성주군 모델별 보조금,2023,성주군
승합(대형),피라인모터스,HYPERS1609HN,5993,0,5993,2023년도 전기자동차 성주군 모델별 보조금,2023,성주군
승합(대형),비바모빌리티,(단종)브이버스90N,4287,0,4287,2023년도 전기자동차 성주군 모델별 보조금,2023,성주군
승합(대형),비바모빌리티,(단종)브이버스120,4690,0,4690,2023년도 전기자동차 성주군 모델별 보조금,2023,성주군
승합(대형),비바모빌리티,(단종)브이버스110-B,4246,0,4246,2023년도 전기자동차 성주군 모델별 보조금,2023,성주군
승합(대형),범한자동차,E-SKY11(350kWh),4989,0,4989,2023년도 전기자동차 성주군 모델별 보조금,2023,성주군
승합(대형),범한자동차,E-SKY9(281kWh),4978,0,4978,2023년도 전기자동차 성주군 모델별 보조금,2023,성주군
승합(대형),범한자동차,E-STAR8 V1,4265,0,4265,2023년도 전기자동차 성주군 모델별 보조금,2023,성주군
승합(대형),범한자동차,E-STAR11,4990,0,4990,2023년도 전기자동차 성주군 모델별 보조금,2023,성주군
승합(대형),범한자동차,E-STAR12i,4990,0,4990,2023년도 전기자동차 성주군 모델별 보조금,2023,성주군
승합(대형),에스에이피,아이즘(IZM),4690,0,4690,2023년도 전기자동차 성주군 모델별 보조금,2023,성주군
승합(대형),에스에이피,엘페(ELFE),4388,0,4388,2023년도 전기자동차 성주군 모델별 보조금,2023,성주군
승합(대형),에스에이피,리오네(LIONNE),4690,0,4690,2023년도 전기자동차 성주군 모델별 보조금,2023,성주군
승합(대형),GS글로벌,NEW BYD eBus-12,4990,0,4990,2023년도 전기자동차 성주군 모델별 보조금,2023,성주군
승합(대형),티에스에코에너지,일레누스(TS1100-2),6810,0,6810,2023년도 전기자동차 성주군 모델별 보조금,2023,성주군
승합(대형),티에스에코에너지,일레누스(TS900),6451,0,6451,2023년도 전기자동차 성주군 모델별 보조금,2023,성주군
승합(대형),이온모터스,시티라이트Ⅱ,4861,0,4861,2023년도 전기자동차 성주군 모델별 보조금,2023,성주군
승합(대형),이온모터스,시티라이트9,4990,0,4990,2023년도 전기자동차 성주군 모델별 보조금,2023,성주군
승합(대형),한차,GREENWAY1100,5394,0,5394,2023년도 전기자동차 성주군 모델별 보조금,2023,성주군
승합(대형),한차,GREENWAY1100A,6258,0,6258,2023년도 전기자동차 성주군 모델별 보조금,2023,성주군
승합(대형),이엠코리아,에픽시티(LFP),4990,0,4990,2023년도 전기자동차 성주군 모델별 보조금,2023,성주군
승합(대형),태영티엔티,GD11,2857,0,2857,2023년도 전기자동차 성주군 모델별 보조금,2023,성주군
승합(대형),재일홀딩스,그린타운400,3846,0,3846,2023년도 전기자동차 성주군 모델별 보조금,2023,성주군
승합(대형),아이버스,아이버스어린이운송차,5727,0,5727,2023년도 전기자동차 성주군 모델별 보조금,2023,성주군
모델별 지방비 자료가 없습니다.,모델별 지방비 자료가 없습니다.,모델별 지방비 자료가 없습니다.,모델별 지방비 자료가 없습니다.,모델별 지방비 자료가 없습니다.,모델별 지방비 자료가 없습니다.,2023년도 전기자동차 칠곡군 모델별 보조금,2023,칠곡군
승합(중형),현대자동차,(단종)카운티 일렉트릭(어린이운송용 33인승 V2),4052,810,4862,2023년도 전기자동차 예천군 모델별 보조금,2023,예천군
승합(중형),현대자동차,카운티 일렉트릭,4834,966,5800,2023년도 전기자동차 예천군 모델별 보조금,2023,예천군
승합(중형),현대자동차,카운티 일렉트릭(마을버스),5000,1000,6000,2023년도 전기자동차 예천군 모델별 보조금,2023,예천군
승합(중형),이비온,"E6(JL618S), 어린이통학",2362,472,2834,2023년도 전기자동차 예천군 모델별 보조금,2023,예천군
승합(중형),GS글로벌,NEW BYD eBus-7,2894,578,3472,2023년도 전기자동차 예천군 모델별 보조금,2023,예천군
승합(중형),비바모빌리티,(단종)브이버스60,3211,642,3853,2023년도 전기자동차 예천군 모델별 보조금,2023,예천군
승합(중형),케이지모빌리티커머셜,SMART 8.7,4308,861,5169,2023년도 전기자동차 예천군 모델별 보조금,2023,예천군
승합(중형),한차,GREENWAY720,4530,906,5436,2023년도 전기자동차 예천군 모델별 보조금,2023,예천군
승합(중형),테라팩토리,테라밴키즈,1911,382,2293,2023년도 전기자동차 예천군 모델별 보조금,2023,예천군
승합(중형),테라팩토리,테라밴키즈11,1902,380,2282,2023년도 전기자동차 예천군 모델별 보조금,2023,예천군
승합(중형),테라팩토리,테라밴,1889,377,2266,2023년도 전기자동차 예천군 모델별 보조금,2023,예천군
승합(중형),테라팩토리,"테라밴키즈(2022), 어린이운송용14명",2151,430,2581,2023년도 전기자동차 예천군 모델별 보조금,2023,예천군
승합(중형),테라팩토리,"테라밴키즈11(2022), 어린이운송용11명",2142,428,2570,2023년도 전기자동차 예천군 모델별 보조금,2023,예천군
승합(중형),테라팩토리,테라밴,2129,425,2554,2023년도 전기자동차 예천군 모델별 보조금,2023,예천군
승합(중형),중원자동차,EV J1,5000,1000,6000,2023년도 전기자동차 예천군 모델별 보조금,2023,예천군
승합(대형),현대자동차,일렉시티 이층버스,11900,1400,13300,2023년도 전기자동차 예천군 모델별 보조금,2023,예천군
승합(대형),현대자동차,일렉시티(3PACK),6887,1377,8264,2023년도 전기자동차 예천군 모델별 보조금,2023,예천군
승합(대형),현대자동차,일렉시티(4PACK V1),7000,1400,8400,2023년도 전기자동차 예천군 모델별 보조금,2023,예천군
승합(대형),현대자동차,일렉시티(4PACK V2),7000,1400,8400,2023년도 전기자동차 예천군 모델별 보조금,2023,예천군
승합(대형),현대자동차,일렉시티 타운,6725,1345,8070,2023년도 전기자동차 예천군 모델별 보조금,2023,예천군
승합(대형),케이지모빌리티커머셜,SMART 9.3,4990,998,5988,2023년도 전기자동차 예천군 모델별 보조금,2023,예천군
승합(대형),케이지모빌리티커머셜,SMART 110(272kWh),5660,1132,6792,2023년도 전기자동차 예천군 모델별 보조금,2023,예천군
승합(대형),케이지모빌리티커머셜,SMART 110E(347kWh),6330,1266,7596,2023년도 전기자동차 예천군 모델별 보조금,2023,예천군
승합(대형),케이지모빌리티커머셜,SMART 110(260kWh),5955,1191,7146,2023년도 전기자동차 예천군 모델별 보조금,2023,예천군
승합(대형),케이지모빌리티커머셜,SMART 110E(260kWh),6277,1255,7532,2023년도 전기자동차 예천군 모델별 보조금,2023,예천군
승합(대형),우진산전,아폴로900전기버스,4420,884,5304,2023년도 전기자동차 예천군 모델별 보조금,2023,예천군
승합(대형),우진산전,아폴로1100전기버스 22MY,7000,1400,8400,2023년도 전기자동차 예천군 모델별 보조금,2023,예천군
승합(대형),우진산전,아폴로1100전기버스 23MY,7000,1400,8400,2023년도 전기자동차 예천군 모델별 보조금,2023,예천군
승합(대형),피라인모터스,HYPERS(H),5137,1027,6164,2023년도 전기자동차 예천군 모델별 보조금,2023,예천군
승합(대형),피라인모터스,HYPERS1611,5111,1022,6133,2023년도 전기자동차 예천군 모델별 보조금,2023,예천군
승합(대형),피라인모터스,HYPERS1609,5143,1028,6171,2023년도 전기자동차 예천군 모델별 보조금,2023,예천군
승합(대형),피라인모터스,HYPERS1612,3893,778,4671,2023년도 전기자동차 예천군 모델별 보조금,2023,예천군
승합(대형),피라인모터스,HYPERS1609H,5572,1114,6686,2023년도 전기자동차 예천군 모델별 보조금,2023,예천군
승합(대형),피라인모터스,HYPERS1612N,4990,998,5988,2023년도 전기자동차 예천군 모델별 보조금,2023,예천군
승합(대형),피라인모터스,HYPERS1609N,6042,1208,7250,2023년도 전기자동차 예천군 모델별 보조금,2023,예천군
승합(대형),피라인모터스,HYPERS1611N,5620,1124,6744,2023년도 전기자동차 예천군 모델별 보조금,2023,예천군
승합(대형),피라인모터스,HYPERS1609HN,5993,1198,7191,2023년도 전기자동차 예천군 모델별 보조금,2023,예천군
승합(대형),비바모빌리티,(단종)브이버스90N,4287,857,5144,2023년도 전기자동차 예천군 모델별 보조금,2023,예천군
승합(대형),비바모빌리티,(단종)브이버스120,4690,938,5628,2023년도 전기자동차 예천군 모델별 보조금,2023,예천군
승합(대형),비바모빌리티,(단종)브이버스110-B,4246,849,5095,2023년도 전기자동차 예천군 모델별 보조금,2023,예천군
승합(대형),범한자동차,E-SKY11(350kWh),4989,997,5986,2023년도 전기자동차 예천군 모델별 보조금,2023,예천군
승합(대형),범한자동차,E-SKY9(281kWh),4978,995,5973,2023년도 전기자동차 예천군 모델별 보조금,2023,예천군
승합(대형),범한자동차,E-STAR8 V1,4265,853,5118,2023년도 전기자동차 예천군 모델별 보조금,2023,예천군
승합(대형),범한자동차,E-STAR11,4990,998,5988,2023년도 전기자동차 예천군 모델별 보조금,2023,예천군
승합(대형),범한자동차,E-STAR12i,4990,998,5988,2023년도 전기자동차 예천군 모델별 보조금,2023,예천군
승합(대형),에스에이피,아이즘(IZM),4690,938,5628,2023년도 전기자동차 예천군 모델별 보조금,2023,예천군
승합(대형),에스에이피,엘페(ELFE),4388,877,5265,2023년도 전기자동차 예천군 모델별 보조금,2023,예천군
승합(대형),에스에이피,리오네(LIONNE),4690,938,5628,2023년도 전기자동차 예천군 모델별 보조금,2023,예천군
승합(대형),GS글로벌,NEW BYD eBus-12,4990,998,5988,2023년도 전기자동차 예천군 모델별 보조금,2023,예천군
승합(대형),GS글로벌,BYD eBus9,5660,0,5660,2023년도 전기자동차 예천군 모델별 보조금,2023,예천군
승합(대형),티에스에코에너지,일레누스(TS1100-2),6810,1362,8172,2023년도 전기자동차 예천군 모델별 보조금,2023,예천군
승합(대형),티에스에코에너지,일레누스(TS900),6451,1290,7741,2023년도 전기자동차 예천군 모델별 보조금,2023,예천군
승합(대형),이온모터스,시티라이트Ⅱ,4861,972,5833,2023년도 전기자동차 예천군 모델별 보조금,2023,예천군
승합(대형),이온모터스,시티라이트9,4990,998,5988,2023년도 전기자동차 예천군 모델별 보조금,2023,예천군
승합(대형),한차,GREENWAY1100,5394,1078,6472,2023년도 전기자동차 예천군 모델별 보조금,2023,예천군
승합(대형),한차,GREENWAY1100A,6258,1251,7509,2023년도 전기자동차 예천군 모델별 보조금,2023,예천군
승합(대형),이엠코리아,에픽시티(LFP),4990,998,5988,2023년도 전기자동차 예천군 모델별 보조금,2023,예천군
승합(대형),태영티엔티,GD11,2857,571,3428,2023년도 전기자동차 예천군 모델별 보조금,2023,예천군
승합(대형),재일홀딩스,그린타운400,3846,769,4615,2023년도 전기자동차 예천군 모델별 보조금,2023,예천군
승합(대형),아이버스,아이버스어린이운송차,5727,1145,6872,2023년도 전기자동차 예천군 모델별 보조금,2023,예천군
모델별 지방비 자료가 없습니다.,모델별 지방비 자료가 없습니다.,모델별 지방비 자료가 없습니다.,모델별 지방비 자료가 없습니다.,모델별 지방비 자료가 없습니다.,모델별 지방비 자료가 없습니다.,2023년도 전기자동차 봉화군 모델별 보조금,2023,봉화군
승합(중형),현대자동차,(단종)카운티 일렉트릭(어린이운송용 33인승 V2),4052,810,4862,2023년도 전기자동차 울진군 모델별 보조금,2023,울진군
승합(중형),현대자동차,카운티 일렉트릭,4834,966,5800,2023년도 전기자동차 울진군 모델별 보조금,2023,울진군
승합(중형),현대자동차,카운티 일렉트릭(마을버스),5000,1000,6000,2023년도 전기자동차 울진군 모델별 보조금,2023,울진군
승합(중형),이비온,"E6(JL618S), 어린이통학",2362,472,2834,2023년도 전기자동차 울진군 모델별 보조금,2023,울진군
승합(중형),GS글로벌,NEW BYD eBus-7,2894,578,3472,2023년도 전기자동차 울진군 모델별 보조금,2023,울진군
승합(중형),비바모빌리티,(단종)브이버스60,3211,642,3853,2023년도 전기자동차 울진군 모델별 보조금,2023,울진군
승합(중형),케이지모빌리티커머셜,SMART 8.7,4308,861,5169,2023년도 전기자동차 울진군 모델별 보조금,2023,울진군
승합(중형),한차,GREENWAY720,4530,906,5436,2023년도 전기자동차 울진군 모델별 보조금,2023,울진군
승합(중형),테라팩토리,테라밴키즈,1911,382,2293,2023년도 전기자동차 울진군 모델별 보조금,2023,울진군
승합(중형),테라팩토리,테라밴키즈11,1902,380,2282,2023년도 전기자동차 울진군 모델별 보조금,2023,울진군
승합(중형),테라팩토리,테라밴,1889,377,2266,2023년도 전기자동차 울진군 모델별 보조금,2023,울진군
승합(중형),테라팩토리,"테라밴키즈(2022), 어린이운송용14명",2151,430,2581,2023년도 전기자동차 울진군 모델별 보조금,2023,울진군
승합(중형),테라팩토리,"테라밴키즈11(2022), 어린이운송용11명",2142,428,2570,2023년도 전기자동차 울진군 모델별 보조금,2023,울진군
승합(중형),테라팩토리,테라밴,2129,425,2554,2023년도 전기자동차 울진군 모델별 보조금,2023,울진군
승합(중형),중원자동차,EV J1,5000,1000,6000,2023년도 전기자동차 울진군 모델별 보조금,2023,울진군
승합(대형),현대자동차,일렉시티 이층버스,11900,1400,13300,2023년도 전기자동차 울진군 모델별 보조금,2023,울진군
승합(대형),현대자동차,일렉시티(3PACK),6887,1377,8264,2023년도 전기자동차 울진군 모델별 보조금,2023,울진군
승합(대형),현대자동차,일렉시티(4PACK V1),7000,1400,8400,2023년도 전기자동차 울진군 모델별 보조금,2023,울진군
승합(대형),현대자동차,일렉시티(4PACK V2),7000,1400,8400,2023년도 전기자동차 울진군 모델별 보조금,2023,울진군
승합(대형),현대자동차,일렉시티 타운,6725,1345,8070,2023년도 전기자동차 울진군 모델별 보조금,2023,울진군
승합(대형),케이지모빌리티커머셜,SMART 9.3,4990,998,5988,2023년도 전기자동차 울진군 모델별 보조금,2023,울진군
승합(대형),케이지모빌리티커머셜,SMART 110(272kWh),5660,1132,6792,2023년도 전기자동차 울진군 모델별 보조금,2023,울진군
승합(대형),케이지모빌리티커머셜,SMART 110E(347kWh),6330,1266,7596,2023년도 전기자동차 울진군 모델별 보조금,2023,울진군
승합(대형),케이지모빌리티커머셜,SMART 110(260kWh),5955,1191,7146,2023년도 전기자동차 울진군 모델별 보조금,2023,울진군
승합(대형),케이지모빌리티커머셜,SMART 110E(260kWh),6277,1255,7532,2023년도 전기자동차 울진군 모델별 보조금,2023,울진군
승합(대형),우진산전,아폴로900전기버스,4420,884,5304,2023년도 전기자동차 울진군 모델별 보조금,2023,울진군
승합(대형),우진산전,아폴로1100전기버스 22MY,7000,1400,8400,2023년도 전기자동차 울진군 모델별 보조금,2023,울진군
승합(대형),우진산전,아폴로1100전기버스 23MY,7000,1400,8400,2023년도 전기자동차 울진군 모델별 보조금,2023,울진군
승합(대형),우진산전,아폴로1200-B43,7000,1400,8400,2023년도 전기자동차 울진군 모델별 보조금,2023,울진군
승합(대형),피라인모터스,HYPERS(H),5137,1027,6164,2023년도 전기자동차 울진군 모델별 보조금,2023,울진군
승합(대형),피라인모터스,HYPERS1611,5111,1022,6133,2023년도 전기자동차 울진군 모델별 보조금,2023,울진군
승합(대형),피라인모터스,HYPERS1609,5143,1028,6171,2023년도 전기자동차 울진군 모델별 보조금,2023,울진군
승합(대형),피라인모터스,HYPERS1612,3893,778,4671,2023년도 전기자동차 울진군 모델별 보조금,2023,울진군
승합(대형),피라인모터스,HYPERS1609H,5572,1114,6686,2023년도 전기자동차 울진군 모델별 보조금,2023,울진군
승합(대형),피라인모터스,HYPERS1612N,4990,998,5988,2023년도 전기자동차 울진군 모델별 보조금,2023,울진군
승합(대형),피라인모터스,HYPERS1609N,6042,1208,7250,2023년도 전기자동차 울진군 모델별 보조금,2023,울진군
승합(대형),피라인모터스,HYPERS1611N,5620,1124,6744,2023년도 전기자동차 울진군 모델별 보조금,2023,울진군
승합(대형),피라인모터스,HYPERS1609HN,5993,1198,7191,2023년도 전기자동차 울진군 모델별 보조금,2023,울진군
승합(대형),피라인모터스,HYPERS1611P,7000,1400,8400,2023년도 전기자동차 울진군 모델별 보조금,2023,울진군
승합(대형),피라인모터스,HYPERS1609P,7000,1400,8400,2023년도 전기자동차 울진군 모델별 보조금,2023,울진군
승합(대형),비바모빌리티,(단종)브이버스90N,4287,857,5144,2023년도 전기자동차 울진군 모델별 보조금,2023,울진군
승합(대형),비바모빌리티,(단종)브이버스120,4690,938,5628,2023년도 전기자동차 울진군 모델별 보조금,2023,울진군
승합(대형),비바모빌리티,(단종)브이버스110-B,4246,849,5095,2023년도 전기자동차 울진군 모델별 보조금,2023,울진군
승합(대형),범한자동차,E-SKY11(350kWh),4989,997,5986,2023년도 전기자동차 울진군 모델별 보조금,2023,울진군
승합(대형),범한자동차,E-SKY9(281kWh),4978,995,5973,2023년도 전기자동차 울진군 모델별 보조금,2023,울진군
승합(대형),범한자동차,E-STAR8 V1,4265,853,5118,2023년도 전기자동차 울진군 모델별 보조금,2023,울진군
승합(대형),범한자동차,E-STAR11,4990,998,5988,2023년도 전기자동차 울진군 모델별 보조금,2023,울진군
승합(대형),범한자동차,E-STAR12i,4990,998,5988,2023년도 전기자동차 울진군 모델별 보조금,2023,울진군
승합(대형),에스에이피,아이즘(IZM),4690,938,5628,2023년도 전기자동차 울진군 모델별 보조금,2023,울진군
승합(대형),에스에이피,엘페(ELFE),4388,877,5265,2023년도 전기자동차 울진군 모델별 보조금,2023,울진군
승합(대형),에스에이피,리오네(LIONNE),4690,938,5628,2023년도 전기자동차 울진군 모델별 보조금,2023,울진군
승합(대형),GS글로벌,NEW BYD eBus-12,4990,998,5988,2023년도 전기자동차 울진군 모델별 보조금,2023,울진군
승합(대형),GS글로벌,BYD eBus9,5660,1132,6792,2023년도 전기자동차 울진군 모델별 보조금,2023,울진군
승합(대형),티에스에코에너지,일레누스(TS1100-1),6633,1326,7959,2023년도 전기자동차 울진군 모델별 보조금,2023,울진군
승합(대형),티에스에코에너지,일레누스(TS1100-2),6810,1362,8172,2023년도 전기자동차 울진군 모델별 보조금,2023,울진군
승합(대형),티에스에코에너지,일레누스(TS900),6451,1290,7741,2023년도 전기자동차 울진군 모델별 보조금,2023,울진군
승합(대형),이온모터스,시티라이트Ⅱ,4861,972,5833,2023년도 전기자동차 울진군 모델별 보조금,2023,울진군
승합(대형),이온모터스,시티라이트9,4990,998,5988,2023년도 전기자동차 울진군 모델별 보조금,2023,울진군
승합(대형),한차,GREENWAY1100,5394,1078,6472,2023년도 전기자동차 울진군 모델별 보조금,2023,울진군
승합(대형),한차,GREENWAY1100A,6258,1251,7509,2023년도 전기자동차 울진군 모델별 보조금,2023,울진군
승합(대형),이엠코리아,에픽시티(LFP),4990,998,5988,2023년도 전기자동차 울진군 모델별 보조금,2023,울진군
승합(대형),이엠코리아,에픽타운(LFP),4406,881,5287,2023년도 전기자동차 울진군 모델별 보조금,2023,울진군
승합(대형),태영티엔티,GD11,2857,571,3428,2023년도 전기자동차 울진군 모델별 보조금,2023,울진군
승합(대형),재일홀딩스,그린타운400,3846,769,4615,2023년도 전기자동차 울진군 모델별 보조금,2023,울진군
승합(대형),아이버스,아이버스어린이운송차,5727,1145,6872,2023년도 전기자동차 울진군 모델별 보조금,2023,울진군
승합(대형),서울시티투어버스,타이거클래식트롤리버스,3161,632,3793,2023년도 전기자동차 울진군 모델별 보조금,2023,울진군
모델별 지방비 자료가 없습니다.,모델별 지방비 자료가 없습니다.,모델별 지방비 자료가 없습니다.,모델별 지방비 자료가 없습니다.,모델별 지방비 자료가 없습니다.,모델별 지방비 자료가 없습니다.,2023년도 전기자동차 울릉군 모델별 보조금,2023,울릉군
승합(중형),현대자동차,(단종)카운티 일렉트릭(어린이운송용 33인승 V2),4052,4474,8526,2023년도 전기자동차 창원시 모델별 보조금,2023,창원시
승합(중형),현대자동차,카운티 일렉트릭,4834,5337,10171,2023년도 전기자동차 창원시 모델별 보조금,2023,창원시
승합(중형),현대자동차,카운티 일렉트릭(마을버스),5000,5520,10520,2023년도 전기자동차 창원시 모델별 보조금,2023,창원시
승합(중형),이비온,"E6(JL618S), 어린이통학",2362,2608,4970,2023년도 전기자동차 창원시 모델별 보조금,2023,창원시
승합(중형),GS글로벌,NEW BYD eBus-7,2894,3195,6089,2023년도 전기자동차 창원시 모델별 보조금,2023,창원시
승합(중형),비바모빌리티,(단종)브이버스60,3211,3545,6756,2023년도 전기자동차 창원시 모델별 보조금,2023,창원시
승합(중형),케이지모빌리티커머셜,SMART 8.7,4308,4756,9064,2023년도 전기자동차 창원시 모델별 보조금,2023,창원시
승합(중형),한차,GREENWAY720,4530,5002,9532,2023년도 전기자동차 창원시 모델별 보조금,2023,창원시
승합(중형),테라팩토리,테라밴키즈,1911,2110,4021,2023년도 전기자동차 창원시 모델별 보조금,2023,창원시
승합(중형),테라팩토리,테라밴키즈11,1902,2100,4002,2023년도 전기자동차 창원시 모델별 보조금,2023,창원시
승합(중형),테라팩토리,테라밴,1889,2085,3974,2023년도 전기자동차 창원시 모델별 보조금,2023,창원시
승합(중형),테라팩토리,"테라밴키즈(2022), 어린이운송용14명",2151,2374,4525,2023년도 전기자동차 창원시 모델별 보조금,2023,창원시
승합(중형),테라팩토리,"테라밴키즈11(2022), 어린이운송용11명",2142,2364,4506,2023년도 전기자동차 창원시 모델별 보조금,2023,창원시
승합(중형),테라팩토리,테라밴,2129,2350,4479,2023년도 전기자동차 창원시 모델별 보조금,2023,창원시
승합(중형),중원자동차,EV J1,5000,5520,10520,2023년도 전기자동차 창원시 모델별 보조금,2023,창원시
승합(대형),현대자동차,일렉시티 이층버스,11900,6900,18800,2023년도 전기자동차 창원시 모델별 보조금,2023,창원시
승합(대형),현대자동차,일렉시티(3PACK),6887,6789,13676,2023년도 전기자동차 창원시 모델별 보조금,2023,창원시
승합(대형),현대자동차,일렉시티(4PACK V1),7000,6900,13900,2023년도 전기자동차 창원시 모델별 보조금,2023,창원시
승합(대형),현대자동차,일렉시티(4PACK V2),7000,6900,13900,2023년도 전기자동차 창원시 모델별 보조금,2023,창원시
승합(대형),현대자동차,일렉시티 타운,6725,6629,13354,2023년도 전기자동차 창원시 모델별 보조금,2023,창원시
승합(대형),케이지모빌리티커머셜,SMART 9.3,4990,4919,9909,2023년도 전기자동차 창원시 모델별 보조금,2023,창원시
승합(대형),케이지모빌리티커머셜,SMART 110(272kWh),5660,5579,11239,2023년도 전기자동차 창원시 모델별 보조금,2023,창원시
승합(대형),케이지모빌리티커머셜,SMART 110E(347kWh),6330,6240,12570,2023년도 전기자동차 창원시 모델별 보조금,2023,창원시
승합(대형),케이지모빌리티커머셜,SMART 110(260kWh),5955,5870,11825,2023년도 전기자동차 창원시 모델별 보조금,2023,창원시
승합(대형),케이지모빌리티커머셜,SMART 110E(260kWh),6277,6187,12464,2023년도 전기자동차 창원시 모델별 보조금,2023,창원시
승합(대형),우진산전,아폴로900전기버스,4420,4357,8777,2023년도 전기자동차 창원시 모델별 보조금,2023,창원시
승합(대형),우진산전,아폴로1100전기버스 22MY,7000,6900,13900,2023년도 전기자동차 창원시 모델별 보조금,2023,창원시
승합(대형),우진산전,아폴로1100전기버스 23MY,7000,0,7000,2023년도 전기자동차 창원시 모델별 보조금,2023,창원시
승합(대형),우진산전,아폴로1200-B43,7000,0,7000,2023년도 전기자동차 창원시 모델별 보조금,2023,창원시
승합(대형),피라인모터스,HYPERS(H),5137,5064,10201,2023년도 전기자동차 창원시 모델별 보조금,2023,창원시
승합(대형),피라인모터스,HYPERS1611,5111,5038,10149,2023년도 전기자동차 창원시 모델별 보조금,2023,창원시
승합(대형),피라인모터스,HYPERS1609,5143,5069,10212,2023년도 전기자동차 창원시 모델별 보조금,2023,창원시
승합(대형),피라인모터스,HYPERS1612,3893,3837,7730,2023년도 전기자동차 창원시 모델별 보조금,2023,창원시
승합(대형),피라인모터스,HYPERS1609H,5572,5492,11064,2023년도 전기자동차 창원시 모델별 보조금,2023,창원시
승합(대형),피라인모터스,HYPERS1612N,4990,4919,9909,2023년도 전기자동차 창원시 모델별 보조금,2023,창원시
승합(대형),피라인모터스,HYPERS1609N,6042,5955,11997,2023년도 전기자동차 창원시 모델별 보조금,2023,창원시
승합(대형),피라인모터스,HYPERS1611N,5620,5540,11160,2023년도 전기자동차 창원시 모델별 보조금,2023,창원시
승합(대형),피라인모터스,HYPERS1609HN,5993,5907,11900,2023년도 전기자동차 창원시 모델별 보조금,2023,창원시
승합(대형),피라인모터스,HYPERS1611P,7000,6900,13900,2023년도 전기자동차 창원시 모델별 보조금,2023,창원시
승합(대형),피라인모터스,HYPERS1609P,7000,6900,13900,2023년도 전기자동차 창원시 모델별 보조금,2023,창원시
승합(대형),비바모빌리티,(단종)브이버스90N,4287,4226,8513,2023년도 전기자동차 창원시 모델별 보조금,2023,창원시
승합(대형),비바모빌리티,(단종)브이버스120,4690,4623,9313,2023년도 전기자동차 창원시 모델별 보조금,2023,창원시
승합(대형),비바모빌리티,(단종)브이버스110-B,4246,4185,8431,2023년도 전기자동차 창원시 모델별 보조금,2023,창원시
승합(대형),범한자동차,E-SKY11(350kWh),4989,4917,9906,2023년도 전기자동차 창원시 모델별 보조금,2023,창원시
승합(대형),범한자동차,E-SKY9(281kWh),4978,4907,9885,2023년도 전기자동차 창원시 모델별 보조금,2023,창원시
승합(대형),범한자동차,E-STAR8 V1,4265,4205,8470,2023년도 전기자동차 창원시 모델별 보조금,2023,창원시
승합(대형),범한자동차,E-STAR11,4990,4919,9909,2023년도 전기자동차 창원시 모델별 보조금,2023,창원시
승합(대형),범한자동차,E-STAR12i,4990,4919,9909,2023년도 전기자동차 창원시 모델별 보조금,2023,창원시
승합(대형),에스에이피,아이즘(IZM),4690,4623,9313,2023년도 전기자동차 창원시 모델별 보조금,2023,창원시
승합(대형),에스에이피,엘페(ELFE),4388,4326,8714,2023년도 전기자동차 창원시 모델별 보조금,2023,창원시
승합(대형),에스에이피,리오네(LIONNE),4690,4623,9313,2023년도 전기자동차 창원시 모델별 보조금,2023,창원시
승합(대형),GS글로벌,NEW BYD eBus-12,4990,4919,9909,2023년도 전기자동차 창원시 모델별 보조금,2023,창원시
승합(대형),GS글로벌,BYD eBus9,5660,5579,11239,2023년도 전기자동차 창원시 모델별 보조금,2023,창원시
승합(대형),티에스에코에너지,일레누스(TS1100-1),6633,0,6633,2023년도 전기자동차 창원시 모델별 보조금,2023,창원시
승합(대형),티에스에코에너지,일레누스(TS1100-2),6810,6713,13523,2023년도 전기자동차 창원시 모델별 보조금,2023,창원시
승합(대형),티에스에코에너지,일레누스(TS900),6451,6359,12810,2023년도 전기자동차 창원시 모델별 보조금,2023,창원시
승합(대형),이온모터스,시티라이트Ⅱ,4861,4792,9653,2023년도 전기자동차 창원시 모델별 보조금,2023,창원시
승합(대형),이온모터스,시티라이트9,4990,4919,9909,2023년도 전기자동차 창원시 모델별 보조금,2023,창원시
승합(대형),한차,GREENWAY1100,5394,5317,10711,2023년도 전기자동차 창원시 모델별 보조금,2023,창원시
승합(대형),한차,GREENWAY1100A,6258,6169,12427,2023년도 전기자동차 창원시 모델별 보조금,2023,창원시
승합(대형),이엠코리아,에픽시티(LFP),4990,4919,9909,2023년도 전기자동차 창원시 모델별 보조금,2023,창원시
승합(대형),이엠코리아,에픽타운(LFP),4406,0,4406,2023년도 전기자동차 창원시 모델별 보조금,2023,창원시
승합(대형),태영티엔티,GD11,2857,2816,5673,2023년도 전기자동차 창원시 모델별 보조금,2023,창원시
승합(대형),재일홀딩스,그린타운400,3846,3791,7637,2023년도 전기자동차 창원시 모델별 보조금,2023,창원시
승합(대형),아이버스,아이버스어린이운송차,5727,5645,11372,2023년도 전기자동차 창원시 모델별 보조금,2023,창원시
승합(중형),현대자동차,(단종)카운티 일렉트릭(어린이운송용 33인승 V2),4052,4052,8104,2023년도 전기자동차 진주시 모델별 보조금,2023,진주시
승합(중형),현대자동차,카운티 일렉트릭,4834,4834,9668,2023년도 전기자동차 진주시 모델별 보조금,2023,진주시
승합(중형),현대자동차,카운티 일렉트릭(마을버스),5000,5000,10000,2023년도 전기자동차 진주시 모델별 보조금,2023,진주시
승합(중형),이비온,"E6(JL618S), 어린이통학",2362,2362,4724,2023년도 전기자동차 진주시 모델별 보조금,2023,진주시
승합(중형),GS글로벌,NEW BYD eBus-7,2894,2894,5788,2023년도 전기자동차 진주시 모델별 보조금,2023,진주시
승합(중형),비바모빌리티,(단종)브이버스60,3211,3211,6422,2023년도 전기자동차 진주시 모델별 보조금,2023,진주시
승합(중형),케이지모빌리티커머셜,SMART 8.7,4308,4308,8616,2023년도 전기자동차 진주시 모델별 보조금,2023,진주시
승합(중형),한차,GREENWAY720,4530,4530,9060,2023년도 전기자동차 진주시 모델별 보조금,2023,진주시
승합(중형),테라팩토리,테라밴키즈,1911,1911,3822,2023년도 전기자동차 진주시 모델별 보조금,2023,진주시
승합(중형),테라팩토리,테라밴키즈11,1902,1902,3804,2023년도 전기자동차 진주시 모델별 보조금,2023,진주시
승합(중형),테라팩토리,테라밴,1889,1889,3778,2023년도 전기자동차 진주시 모델별 보조금,2023,진주시
승합(중형),테라팩토리,"테라밴키즈(2022), 어린이운송용14명",2151,2151,4302,2023년도 전기자동차 진주시 모델별 보조금,2023,진주시
승합(중형),테라팩토리,"테라밴키즈11(2022), 어린이운송용11명",2142,2142,4284,2023년도 전기자동차 진주시 모델별 보조금,2023,진주시
승합(중형),테라팩토리,테라밴,2129,2129,4258,2023년도 전기자동차 진주시 모델별 보조금,2023,진주시
승합(중형),중원자동차,EV J1,5000,5000,10000,2023년도 전기자동차 진주시 모델별 보조금,2023,진주시
승합(대형),현대자동차,일렉시티 이층버스,11900,7000,18900,2023년도 전기자동차 진주시 모델별 보조금,2023,진주시
승합(대형),현대자동차,일렉시티(3PACK),6887,6887,13774,2023년도 전기자동차 진주시 모델별 보조금,2023,진주시
승합(대형),현대자동차,일렉시티(4PACK V1),7000,7000,14000,2023년도 전기자동차 진주시 모델별 보조금,2023,진주시
승합(대형),현대자동차,일렉시티(4PACK V2),7000,7000,14000,2023년도 전기자동차 진주시 모델별 보조금,2023,진주시
승합(대형),현대자동차,일렉시티 타운,6725,6725,13450,2023년도 전기자동차 진주시 모델별 보조금,2023,진주시
승합(대형),케이지모빌리티커머셜,SMART 9.3,4990,4990,9980,2023년도 전기자동차 진주시 모델별 보조금,2023,진주시
승합(대형),케이지모빌리티커머셜,SMART 110(272kWh),5660,5660,11320,2023년도 전기자동차 진주시 모델별 보조금,2023,진주시
승합(대형),케이지모빌리티커머셜,SMART 110E(347kWh),6330,6330,12660,2023년도 전기자동차 진주시 모델별 보조금,2023,진주시
승합(대형),케이지모빌리티커머셜,SMART 110(260kWh),5955,5955,11910,2023년도 전기자동차 진주시 모델별 보조금,2023,진주시
승합(대형),케이지모빌리티커머셜,SMART 110E(260kWh),6277,6277,12554,2023년도 전기자동차 진주시 모델별 보조금,2023,진주시
승합(대형),우진산전,아폴로900전기버스,4420,4420,8840,2023년도 전기자동차 진주시 모델별 보조금,2023,진주시
승합(대형),우진산전,아폴로1100전기버스 22MY,7000,7000,14000,2023년도 전기자동차 진주시 모델별 보조금,2023,진주시
승합(대형),우진산전,아폴로1100전기버스 23MY,7000,7000,14000,2023년도 전기자동차 진주시 모델별 보조금,2023,진주시
승합(대형),피라인모터스,HYPERS(H),5137,5137,10274,2023년도 전기자동차 진주시 모델별 보조금,2023,진주시
승합(대형),피라인모터스,HYPERS1611,5111,5111,10222,2023년도 전기자동차 진주시 모델별 보조금,2023,진주시
승합(대형),피라인모터스,HYPERS1609,5143,5143,10286,2023년도 전기자동차 진주시 모델별 보조금,2023,진주시
승합(대형),피라인모터스,HYPERS1612,3893,3893,7786,2023년도 전기자동차 진주시 모델별 보조금,2023,진주시
승합(대형),피라인모터스,HYPERS1609H,5572,5572,11144,2023년도 전기자동차 진주시 모델별 보조금,2023,진주시
승합(대형),피라인모터스,HYPERS1612N,4990,4990,9980,2023년도 전기자동차 진주시 모델별 보조금,2023,진주시
승합(대형),피라인모터스,HYPERS1609N,6042,6042,12084,2023년도 전기자동차 진주시 모델별 보조금,2023,진주시
승합(대형),피라인모터스,HYPERS1611N,5620,5620,11240,2023년도 전기자동차 진주시 모델별 보조금,2023,진주시
승합(대형),피라인모터스,HYPERS1609HN,5993,5993,11986,2023년도 전기자동차 진주시 모델별 보조금,2023,진주시
승합(대형),비바모빌리티,(단종)브이버스90N,4287,4287,8574,2023년도 전기자동차 진주시 모델별 보조금,2023,진주시
승합(대형),비바모빌리티,(단종)브이버스120,4690,4690,9380,2023년도 전기자동차 진주시 모델별 보조금,2023,진주시
승합(대형),비바모빌리티,(단종)브이버스110-B,4246,4246,8492,2023년도 전기자동차 진주시 모델별 보조금,2023,진주시
승합(대형),범한자동차,E-SKY11(350kWh),4989,4989,9978,2023년도 전기자동차 진주시 모델별 보조금,2023,진주시
승합(대형),범한자동차,E-SKY9(281kWh),4978,4978,9956,2023년도 전기자동차 진주시 모델별 보조금,2023,진주시
승합(대형),범한자동차,E-STAR8 V1,4265,4265,8530,2023년도 전기자동차 진주시 모델별 보조금,2023,진주시
승합(대형),범한자동차,E-STAR11,4990,4990,9980,2023년도 전기자동차 진주시 모델별 보조금,2023,진주시
승합(대형),범한자동차,E-STAR12i,4990,4990,9980,2023년도 전기자동차 진주시 모델별 보조금,2023,진주시
승합(대형),에스에이피,아이즘(IZM),4690,4690,9380,2023년도 전기자동차 진주시 모델별 보조금,2023,진주시
승합(대형),에스에이피,엘페(ELFE),4388,4388,8776,2023년도 전기자동차 진주시 모델별 보조금,2023,진주시
승합(대형),에스에이피,리오네(LIONNE),4690,4690,9380,2023년도 전기자동차 진주시 모델별 보조금,2023,진주시
승합(대형),GS글로벌,NEW BYD eBus-12,4990,4990,9980,2023년도 전기자동차 진주시 모델별 보조금,2023,진주시
승합(대형),티에스에코에너지,일레누스(TS1100-2),6810,6810,13620,2023년도 전기자동차 진주시 모델별 보조금,2023,진주시
승합(대형),티에스에코에너지,일레누스(TS900),6451,6451,12902,2023년도 전기자동차 진주시 모델별 보조금,2023,진주시
승합(대형),이온모터스,시티라이트Ⅱ,4861,4861,9722,2023년도 전기자동차 진주시 모델별 보조금,2023,진주시
승합(대형),이온모터스,시티라이트9,4990,4990,9980,2023년도 전기자동차 진주시 모델별 보조금,2023,진주시
승합(대형),한차,GREENWAY1100,5394,5394,10788,2023년도 전기자동차 진주시 모델별 보조금,2023,진주시
승합(대형),한차,GREENWAY1100A,6258,6258,12516,2023년도 전기자동차 진주시 모델별 보조금,2023,진주시
승합(대형),이엠코리아,에픽시티(LFP),4990,4990,9980,2023년도 전기자동차 진주시 모델별 보조금,2023,진주시
승합(대형),태영티엔티,GD11,2857,2857,5714,2023년도 전기자동차 진주시 모델별 보조금,2023,진주시
승합(대형),재일홀딩스,그린타운400,3846,3846,7692,2023년도 전기자동차 진주시 모델별 보조금,2023,진주시
승합(대형),아이버스,아이버스어린이운송차,5727,5727,11454,2023년도 전기자동차 진주시 모델별 보조금,2023,진주시
승합(중형),현대자동차,(단종)카운티 일렉트릭(어린이운송용 33인승 V2),4052,4052,8104,2023년도 전기자동차 통영시 모델별 보조금,2023,통영시
승합(중형),현대자동차,카운티 일렉트릭,4834,4834,9668,2023년도 전기자동차 통영시 모델별 보조금,2023,통영시
승합(중형),현대자동차,카운티 일렉트릭(마을버스),5000,5000,10000,2023년도 전기자동차 통영시 모델별 보조금,2023,통영시
승합(중형),이비온,"E6(JL618S), 어린이통학",2362,2362,4724,2023년도 전기자동차 통영시 모델별 보조금,2023,통영시
승합(중형),GS글로벌,NEW BYD eBus-7,2894,2894,5788,2023년도 전기자동차 통영시 모델별 보조금,2023,통영시
승합(중형),비바모빌리티,(단종)브이버스60,3211,3211,6422,2023년도 전기자동차 통영시 모델별 보조금,2023,통영시
승합(중형),케이지모빌리티커머셜,SMART 8.7,4308,4308,8616,2023년도 전기자동차 통영시 모델별 보조금,2023,통영시
승합(중형),한차,GREENWAY720,4530,4530,9060,2023년도 전기자동차 통영시 모델별 보조금,2023,통영시
승합(중형),테라팩토리,테라밴키즈,1911,0,1911,2023년도 전기자동차 통영시 모델별 보조금,2023,통영시
승합(중형),테라팩토리,테라밴키즈11,1902,0,1902,2023년도 전기자동차 통영시 모델별 보조금,2023,통영시
승합(중형),테라팩토리,테라밴,1889,0,1889,2023년도 전기자동차 통영시 모델별 보조금,2023,통영시
승합(대형),현대자동차,일렉시티 이층버스,11900,11900,23800,2023년도 전기자동차 통영시 모델별 보조금,2023,통영시
승합(대형),현대자동차,일렉시티(3PACK),6887,6887,13774,2023년도 전기자동차 통영시 모델별 보조금,2023,통영시
승합(대형),현대자동차,일렉시티(4PACK V1),7000,7000,14000,2023년도 전기자동차 통영시 모델별 보조금,2023,통영시
승합(대형),현대자동차,일렉시티(4PACK V2),7000,7000,14000,2023년도 전기자동차 통영시 모델별 보조금,2023,통영시
승합(대형),현대자동차,일렉시티 타운,6725,6725,13450,2023년도 전기자동차 통영시 모델별 보조금,2023,통영시
승합(대형),케이지모빌리티커머셜,SMART 9.3,4990,4990,9980,2023년도 전기자동차 통영시 모델별 보조금,2023,통영시
승합(대형),케이지모빌리티커머셜,SMART 110E(347kWh),6330,0,6330,2023년도 전기자동차 통영시 모델별 보조금,2023,통영시
승합(대형),케이지모빌리티커머셜,SMART 110(260kWh),5955,0,5955,2023년도 전기자동차 통영시 모델별 보조금,2023,통영시
승합(대형),케이지모빌리티커머셜,SMART 110E(260kWh),6277,0,6277,2023년도 전기자동차 통영시 모델별 보조금,2023,통영시
승합(대형),우진산전,아폴로900전기버스,4420,0,4420,2023년도 전기자동차 통영시 모델별 보조금,2023,통영시
승합(대형),우진산전,아폴로1100전기버스 22MY,7000,0,7000,2023년도 전기자동차 통영시 모델별 보조금,2023,통영시
승합(대형),우진산전,아폴로1100전기버스 23MY,7000,0,7000,2023년도 전기자동차 통영시 모델별 보조금,2023,통영시
승합(대형),피라인모터스,HYPERS(H),5137,0,5137,2023년도 전기자동차 통영시 모델별 보조금,2023,통영시
승합(대형),피라인모터스,HYPERS1611,5111,0,5111,2023년도 전기자동차 통영시 모델별 보조금,2023,통영시
승합(대형),피라인모터스,HYPERS1609,5143,0,5143,2023년도 전기자동차 통영시 모델별 보조금,2023,통영시
승합(대형),피라인모터스,HYPERS1612,3893,0,3893,2023년도 전기자동차 통영시 모델별 보조금,2023,통영시
승합(대형),피라인모터스,HYPERS1609H,5572,0,5572,2023년도 전기자동차 통영시 모델별 보조금,2023,통영시
승합(대형),피라인모터스,HYPERS1612N,4990,0,4990,2023년도 전기자동차 통영시 모델별 보조금,2023,통영시
승합(대형),피라인모터스,HYPERS1609N,6042,0,6042,2023년도 전기자동차 통영시 모델별 보조금,2023,통영시
승합(대형),피라인모터스,HYPERS1611N,5620,0,5620,2023년도 전기자동차 통영시 모델별 보조금,2023,통영시
승합(대형),피라인모터스,HYPERS1609HN,5993,0,5993,2023년도 전기자동차 통영시 모델별 보조금,2023,통영시
승합(대형),비바모빌리티,(단종)브이버스90N,4287,0,4287,2023년도 전기자동차 통영시 모델별 보조금,2023,통영시
승합(대형),비바모빌리티,(단종)브이버스120,4690,0,4690,2023년도 전기자동차 통영시 모델별 보조금,2023,통영시
승합(대형),비바모빌리티,(단종)브이버스110-B,4246,0,4246,2023년도 전기자동차 통영시 모델별 보조금,2023,통영시
승합(대형),범한자동차,E-SKY11(350kWh),4989,0,4989,2023년도 전기자동차 통영시 모델별 보조금,2023,통영시
승합(대형),범한자동차,E-SKY9(281kWh),4978,0,4978,2023년도 전기자동차 통영시 모델별 보조금,2023,통영시
승합(대형),범한자동차,E-STAR8 V1,4265,0,4265,2023년도 전기자동차 통영시 모델별 보조금,2023,통영시
승합(대형),범한자동차,E-STAR11,4990,0,4990,2023년도 전기자동차 통영시 모델별 보조금,2023,통영시
승합(대형),범한자동차,E-STAR12i,4990,0,4990,2023년도 전기자동차 통영시 모델별 보조금,2023,통영시
승합(대형),에스에이피,아이즘(IZM),4690,0,4690,2023년도 전기자동차 통영시 모델별 보조금,2023,통영시
승합(대형),에스에이피,엘페(ELFE),4388,0,4388,2023년도 전기자동차 통영시 모델별 보조금,2023,통영시
승합(대형),에스에이피,리오네(LIONNE),4690,0,4690,2023년도 전기자동차 통영시 모델별 보조금,2023,통영시
승합(대형),GS글로벌,NEW BYD eBus-12,4990,0,4990,2023년도 전기자동차 통영시 모델별 보조금,2023,통영시
승합(대형),티에스에코에너지,일레누스(TS1100-2),6810,0,6810,2023년도 전기자동차 통영시 모델별 보조금,2023,통영시
승합(대형),티에스에코에너지,일레누스(TS900),6451,0,6451,2023년도 전기자동차 통영시 모델별 보조금,2023,통영시
승합(대형),이온모터스,시티라이트Ⅱ,4861,0,4861,2023년도 전기자동차 통영시 모델별 보조금,2023,통영시
승합(대형),이온모터스,시티라이트9,4990,0,4990,2023년도 전기자동차 통영시 모델별 보조금,2023,통영시
승합(대형),한차,GREENWAY1100,5394,0,5394,2023년도 전기자동차 통영시 모델별 보조금,2023,통영시
승합(대형),한차,GREENWAY1100A,6258,0,6258,2023년도 전기자동차 통영시 모델별 보조금,2023,통영시
승합(대형),이엠코리아,에픽시티(LFP),4990,0,4990,2023년도 전기자동차 통영시 모델별 보조금,2023,통영시
승합(대형),태영티엔티,GD11,2857,0,2857,2023년도 전기자동차 통영시 모델별 보조금,2023,통영시
승합(대형),재일홀딩스,그린타운400,3846,0,3846,2023년도 전기자동차 통영시 모델별 보조금,2023,통영시
승합(대형),아이버스,아이버스어린이운송차,5727,0,5727,2023년도 전기자동차 통영시 모델별 보조금,2023,통영시
모델별 지방비 자료가 없습니다.,모델별 지방비 자료가 없습니다.,모델별 지방비 자료가 없습니다.,모델별 지방비 자료가 없습니다.,모델별 지방비 자료가 없습니다.,모델별 지방비 자료가 없습니다.,2023년도 전기자동차 사천시 모델별 보조금,2023,사천시
승합(중형),현대자동차,(단종)카운티 일렉트릭(어린이운송용 33인승 V2),4052,0,4052,2023년도 전기자동차 김해시 모델별 보조금,2023,김해시
승합(중형),현대자동차,카운티 일렉트릭,4834,0,4834,2023년도 전기자동차 김해시 모델별 보조금,2023,김해시
승합(중형),현대자동차,카운티 일렉트릭(마을버스),5000,0,5000,2023년도 전기자동차 김해시 모델별 보조금,2023,김해시
승합(중형),이비온,"E6(JL618S), 어린이통학",2362,0,2362,2023년도 전기자동차 김해시 모델별 보조금,2023,김해시
승합(중형),GS글로벌,NEW BYD eBus-7,2894,0,2894,2023년도 전기자동차 김해시 모델별 보조금,2023,김해시
승합(중형),비바모빌리티,(단종)브이버스60,3211,0,3211,2023년도 전기자동차 김해시 모델별 보조금,2023,김해시
승합(중형),케이지모빌리티커머셜,SMART 8.7,4308,0,4308,2023년도 전기자동차 김해시 모델별 보조금,2023,김해시
승합(중형),한차,GREENWAY720,4530,0,4530,2023년도 전기자동차 김해시 모델별 보조금,2023,김해시
승합(중형),테라팩토리,테라밴키즈,1911,0,1911,2023년도 전기자동차 김해시 모델별 보조금,2023,김해시
승합(중형),테라팩토리,테라밴키즈11,1902,0,1902,2023년도 전기자동차 김해시 모델별 보조금,2023,김해시
승합(중형),테라팩토리,테라밴,1889,0,1889,2023년도 전기자동차 김해시 모델별 보조금,2023,김해시
승합(중형),테라팩토리,"테라밴키즈(2022), 어린이운송용14명",2151,0,2151,2023년도 전기자동차 김해시 모델별 보조금,2023,김해시
승합(중형),테라팩토리,"테라밴키즈11(2022), 어린이운송용11명",2142,0,2142,2023년도 전기자동차 김해시 모델별 보조금,2023,김해시
승합(중형),테라팩토리,테라밴,2129,0,2129,2023년도 전기자동차 김해시 모델별 보조금,2023,김해시
승합(중형),중원자동차,EV J1,5000,5100,10100,2023년도 전기자동차 김해시 모델별 보조금,2023,김해시
승합(대형),현대자동차,일렉시티 이층버스,11900,0,11900,2023년도 전기자동차 김해시 모델별 보조금,2023,김해시
승합(대형),현대자동차,일렉시티(3PACK),6887,0,6887,2023년도 전기자동차 김해시 모델별 보조금,2023,김해시
승합(대형),현대자동차,일렉시티(4PACK V1),7000,6900,13900,2023년도 전기자동차 김해시 모델별 보조금,2023,김해시
승합(대형),현대자동차,일렉시티(4PACK V2),7000,6900,13900,2023년도 전기자동차 김해시 모델별 보조금,2023,김해시
승합(대형),현대자동차,일렉시티 타운,6725,0,6725,2023년도 전기자동차 김해시 모델별 보조금,2023,김해시
승합(대형),케이지모빌리티커머셜,SMART 9.3,4990,0,4990,2023년도 전기자동차 김해시 모델별 보조금,2023,김해시
승합(대형),케이지모빌리티커머셜,SMART 110(272kWh),5660,0,5660,2023년도 전기자동차 김해시 모델별 보조금,2023,김해시
승합(대형),케이지모빌리티커머셜,SMART 110E(347kWh),6330,0,6330,2023년도 전기자동차 김해시 모델별 보조금,2023,김해시
승합(대형),케이지모빌리티커머셜,SMART 110(260kWh),5955,0,5955,2023년도 전기자동차 김해시 모델별 보조금,2023,김해시
승합(대형),케이지모빌리티커머셜,SMART 110E(260kWh),6277,0,6277,2023년도 전기자동차 김해시 모델별 보조금,2023,김해시
승합(대형),우진산전,아폴로900전기버스,4420,0,4420,2023년도 전기자동차 김해시 모델별 보조금,2023,김해시
승합(대형),우진산전,아폴로1100전기버스 22MY,7000,0,7000,2023년도 전기자동차 김해시 모델별 보조금,2023,김해시
승합(대형),우진산전,아폴로1100전기버스 23MY,7000,0,7000,2023년도 전기자동차 김해시 모델별 보조금,2023,김해시
승합(대형),우진산전,아폴로1200-B43,7000,0,7000,2023년도 전기자동차 김해시 모델별 보조금,2023,김해시
승합(대형),피라인모터스,HYPERS(H),5137,0,5137,2023년도 전기자동차 김해시 모델별 보조금,2023,김해시
승합(대형),피라인모터스,HYPERS1611,5111,0,5111,2023년도 전기자동차 김해시 모델별 보조금,2023,김해시
승합(대형),피라인모터스,HYPERS1609,5143,0,5143,2023년도 전기자동차 김해시 모델별 보조금,2023,김해시
승합(대형),피라인모터스,HYPERS1612,3893,0,3893,2023년도 전기자동차 김해시 모델별 보조금,2023,김해시
승합(대형),피라인모터스,HYPERS1609H,5572,0,5572,2023년도 전기자동차 김해시 모델별 보조금,2023,김해시
승합(대형),피라인모터스,HYPERS1612N,4990,0,4990,2023년도 전기자동차 김해시 모델별 보조금,2023,김해시
승합(대형),피라인모터스,HYPERS1609N,6042,0,6042,2023년도 전기자동차 김해시 모델별 보조금,2023,김해시
승합(대형),피라인모터스,HYPERS1611N,5620,0,5620,2023년도 전기자동차 김해시 모델별 보조금,2023,김해시
승합(대형),피라인모터스,HYPERS1609HN,5993,0,5993,2023년도 전기자동차 김해시 모델별 보조금,2023,김해시
승합(대형),피라인모터스,HYPERS1611P,7000,0,7000,2023년도 전기자동차 김해시 모델별 보조금,2023,김해시
승합(대형),피라인모터스,HYPERS1609P,7000,0,7000,2023년도 전기자동차 김해시 모델별 보조금,2023,김해시
승합(대형),비바모빌리티,(단종)브이버스90N,4287,0,4287,2023년도 전기자동차 김해시 모델별 보조금,2023,김해시
승합(대형),비바모빌리티,(단종)브이버스120,4690,0,4690,2023년도 전기자동차 김해시 모델별 보조금,2023,김해시
승합(대형),비바모빌리티,(단종)브이버스110-B,4246,0,4246,2023년도 전기자동차 김해시 모델별 보조금,2023,김해시
승합(대형),범한자동차,E-SKY11(350kWh),4989,0,4989,2023년도 전기자동차 김해시 모델별 보조금,2023,김해시
승합(대형),범한자동차,E-SKY9(281kWh),4978,0,4978,2023년도 전기자동차 김해시 모델별 보조금,2023,김해시
승합(대형),범한자동차,E-STAR8 V1,4265,0,4265,2023년도 전기자동차 김해시 모델별 보조금,2023,김해시
승합(대형),범한자동차,E-STAR11,4990,0,4990,2023년도 전기자동차 김해시 모델별 보조금,2023,김해시
승합(대형),범한자동차,E-STAR12i,4990,0,4990,2023년도 전기자동차 김해시 모델별 보조금,2023,김해시
승합(대형),에스에이피,아이즘(IZM),4690,0,4690,2023년도 전기자동차 김해시 모델별 보조금,2023,김해시
승합(대형),에스에이피,엘페(ELFE),4388,0,4388,2023년도 전기자동차 김해시 모델별 보조금,2023,김해시
승합(대형),에스에이피,리오네(LIONNE),4690,0,4690,2023년도 전기자동차 김해시 모델별 보조금,2023,김해시
승합(대형),GS글로벌,NEW BYD eBus-12,4990,0,4990,2023년도 전기자동차 김해시 모델별 보조금,2023,김해시
승합(대형),GS글로벌,BYD eBus9,5660,5580,11240,2023년도 전기자동차 김해시 모델별 보조금,2023,김해시
승합(대형),티에스에코에너지,일레누스(TS1100-1),6633,0,6633,2023년도 전기자동차 김해시 모델별 보조금,2023,김해시
승합(대형),티에스에코에너지,일레누스(TS1100-2),6810,0,6810,2023년도 전기자동차 김해시 모델별 보조금,2023,김해시
승합(대형),티에스에코에너지,일레누스(TS900),6451,0,6451,2023년도 전기자동차 김해시 모델별 보조금,2023,김해시
승합(대형),이온모터스,시티라이트Ⅱ,4861,0,4861,2023년도 전기자동차 김해시 모델별 보조금,2023,김해시
승합(대형),이온모터스,시티라이트9,4990,0,4990,2023년도 전기자동차 김해시 모델별 보조금,2023,김해시
승합(대형),한차,GREENWAY1100,5394,0,5394,2023년도 전기자동차 김해시 모델별 보조금,2023,김해시
승합(대형),한차,GREENWAY1100A,6258,0,6258,2023년도 전기자동차 김해시 모델별 보조금,2023,김해시
승합(대형),이엠코리아,에픽시티(LFP),4990,0,4990,2023년도 전기자동차 김해시 모델별 보조금,2023,김해시
승합(대형),이엠코리아,에픽타운(LFP),4406,0,4406,2023년도 전기자동차 김해시 모델별 보조금,2023,김해시
승합(대형),태영티엔티,GD11,2857,0,2857,2023년도 전기자동차 김해시 모델별 보조금,2023,김해시
승합(대형),재일홀딩스,그린타운400,3846,0,3846,2023년도 전기자동차 김해시 모델별 보조금,2023,김해시
승합(대형),아이버스,아이버스어린이운송차,5727,0,5727,2023년도 전기자동차 김해시 모델별 보조금,2023,김해시
승합(대형),서울시티투어버스,타이거클래식트롤리버스,3161,0,3161,2023년도 전기자동차 김해시 모델별 보조금,2023,김해시
모델별 지방비 자료가 없습니다.,모델별 지방비 자료가 없습니다.,모델별 지방비 자료가 없습니다.,모델별 지방비 자료가 없습니다.,모델별 지방비 자료가 없습니다.,모델별 지방비 자료가 없습니다.,2023년도 전기자동차 밀양시 모델별 보조금,2023,밀양시
승합(중형),현대자동차,(단종)카운티 일렉트릭(어린이운송용 33인승 V2),4052,4052,8104,2023년도 전기자동차 거제시 모델별 보조금,2023,거제시
승합(중형),현대자동차,카운티 일렉트릭,4834,4834,9668,2023년도 전기자동차 거제시 모델별 보조금,2023,거제시
승합(중형),현대자동차,카운티 일렉트릭(마을버스),5000,5000,10000,2023년도 전기자동차 거제시 모델별 보조금,2023,거제시
승합(중형),이비온,"E6(JL618S), 어린이통학",2362,2362,4724,2023년도 전기자동차 거제시 모델별 보조금,2023,거제시
승합(중형),GS글로벌,NEW BYD eBus-7,2894,2894,5788,2023년도 전기자동차 거제시 모델별 보조금,2023,거제시
승합(중형),비바모빌리티,(단종)브이버스60,3211,3211,6422,2023년도 전기자동차 거제시 모델별 보조금,2023,거제시
승합(중형),케이지모빌리티커머셜,SMART 8.7,4308,4308,8616,2023년도 전기자동차 거제시 모델별 보조금,2023,거제시
승합(중형),한차,GREENWAY720,4530,4530,9060,2023년도 전기자동차 거제시 모델별 보조금,2023,거제시
승합(중형),테라팩토리,테라밴키즈,1911,1911,3822,2023년도 전기자동차 거제시 모델별 보조금,2023,거제시
승합(중형),테라팩토리,테라밴키즈11,1902,1902,3804,2023년도 전기자동차 거제시 모델별 보조금,2023,거제시
승합(중형),테라팩토리,테라밴,1889,1889,3778,2023년도 전기자동차 거제시 모델별 보조금,2023,거제시
승합(중형),테라팩토리,"테라밴키즈(2022), 어린이운송용14명",2151,2151,4302,2023년도 전기자동차 거제시 모델별 보조금,2023,거제시
승합(중형),테라팩토리,"테라밴키즈11(2022), 어린이운송용11명",2142,2142,4284,2023년도 전기자동차 거제시 모델별 보조금,2023,거제시
승합(중형),테라팩토리,테라밴,2129,2129,4258,2023년도 전기자동차 거제시 모델별 보조금,2023,거제시
승합(중형),중원자동차,EV J1,5000,5000,10000,2023년도 전기자동차 거제시 모델별 보조금,2023,거제시
승합(대형),현대자동차,일렉시티 이층버스,11900,11900,23800,2023년도 전기자동차 거제시 모델별 보조금,2023,거제시
승합(대형),현대자동차,일렉시티(3PACK),6887,6887,13774,2023년도 전기자동차 거제시 모델별 보조금,2023,거제시
승합(대형),현대자동차,일렉시티(4PACK V1),7000,7000,14000,2023년도 전기자동차 거제시 모델별 보조금,2023,거제시
승합(대형),현대자동차,일렉시티(4PACK V2),7000,7000,14000,2023년도 전기자동차 거제시 모델별 보조금,2023,거제시
승합(대형),현대자동차,일렉시티 타운,6725,6725,13450,2023년도 전기자동차 거제시 모델별 보조금,2023,거제시
승합(대형),케이지모빌리티커머셜,SMART 9.3,4990,4990,9980,2023년도 전기자동차 거제시 모델별 보조금,2023,거제시
승합(대형),케이지모빌리티커머셜,SMART 110(272kWh),5660,5660,11320,2023년도 전기자동차 거제시 모델별 보조금,2023,거제시
승합(대형),케이지모빌리티커머셜,SMART 110E(347kWh),6330,6330,12660,2023년도 전기자동차 거제시 모델별 보조금,2023,거제시
승합(대형),케이지모빌리티커머셜,SMART 110(260kWh),5955,5955,11910,2023년도 전기자동차 거제시 모델별 보조금,2023,거제시
승합(대형),케이지모빌리티커머셜,SMART 110E(260kWh),6277,6277,12554,2023년도 전기자동차 거제시 모델별 보조금,2023,거제시
승합(대형),우진산전,아폴로900전기버스,4420,4420,8840,2023년도 전기자동차 거제시 모델별 보조금,2023,거제시
승합(대형),우진산전,아폴로1100전기버스 22MY,7000,7000,14000,2023년도 전기자동차 거제시 모델별 보조금,2023,거제시
승합(대형),우진산전,아폴로1100전기버스 23MY,7000,7000,14000,2023년도 전기자동차 거제시 모델별 보조금,2023,거제시
승합(대형),우진산전,아폴로1200-B43,7000,0,7000,2023년도 전기자동차 거제시 모델별 보조금,2023,거제시
승합(대형),피라인모터스,HYPERS(H),5137,5137,10274,2023년도 전기자동차 거제시 모델별 보조금,2023,거제시
승합(대형),피라인모터스,HYPERS1611,5111,5111,10222,2023년도 전기자동차 거제시 모델별 보조금,2023,거제시
승합(대형),피라인모터스,HYPERS1609,5143,5143,10286,2023년도 전기자동차 거제시 모델별 보조금,2023,거제시
승합(대형),피라인모터스,HYPERS1612,3893,3893,7786,2023년도 전기자동차 거제시 모델별 보조금,2023,거제시
승합(대형),피라인모터스,HYPERS1609H,5572,5572,11144,2023년도 전기자동차 거제시 모델별 보조금,2023,거제시
승합(대형),피라인모터스,HYPERS1612N,4990,4990,9980,2023년도 전기자동차 거제시 모델별 보조금,2023,거제시
승합(대형),피라인모터스,HYPERS1609N,6042,6042,12084,2023년도 전기자동차 거제시 모델별 보조금,2023,거제시
승합(대형),피라인모터스,HYPERS1611N,5620,5620,11240,2023년도 전기자동차 거제시 모델별 보조금,2023,거제시
승합(대형),피라인모터스,HYPERS1609HN,5993,5993,11986,2023년도 전기자동차 거제시 모델별 보조금,2023,거제시
승합(대형),피라인모터스,HYPERS1611P,7000,7000,14000,2023년도 전기자동차 거제시 모델별 보조금,2023,거제시
승합(대형),피라인모터스,HYPERS1609P,7000,7000,14000,2023년도 전기자동차 거제시 모델별 보조금,2023,거제시
승합(대형),비바모빌리티,(단종)브이버스90N,4287,4287,8574,2023년도 전기자동차 거제시 모델별 보조금,2023,거제시
승합(대형),비바모빌리티,(단종)브이버스120,4690,4690,9380,2023년도 전기자동차 거제시 모델별 보조금,2023,거제시
승합(대형),비바모빌리티,(단종)브이버스110-B,4246,4246,8492,2023년도 전기자동차 거제시 모델별 보조금,2023,거제시
승합(대형),범한자동차,E-SKY11(350kWh),4989,4989,9978,2023년도 전기자동차 거제시 모델별 보조금,2023,거제시
승합(대형),범한자동차,E-SKY9(281kWh),4978,4978,9956,2023년도 전기자동차 거제시 모델별 보조금,2023,거제시
승합(대형),범한자동차,E-STAR8 V1,4265,4265,8530,2023년도 전기자동차 거제시 모델별 보조금,2023,거제시
승합(대형),범한자동차,E-STAR11,4990,4990,9980,2023년도 전기자동차 거제시 모델별 보조금,2023,거제시
승합(대형),범한자동차,E-STAR12i,4990,4990,9980,2023년도 전기자동차 거제시 모델별 보조금,2023,거제시
승합(대형),에스에이피,아이즘(IZM),4690,4690,9380,2023년도 전기자동차 거제시 모델별 보조금,2023,거제시
승합(대형),에스에이피,엘페(ELFE),4388,4388,8776,2023년도 전기자동차 거제시 모델별 보조금,2023,거제시
승합(대형),에스에이피,리오네(LIONNE),4690,4690,9380,2023년도 전기자동차 거제시 모델별 보조금,2023,거제시
승합(대형),GS글로벌,NEW BYD eBus-12,4990,4990,9980,2023년도 전기자동차 거제시 모델별 보조금,2023,거제시
승합(대형),GS글로벌,BYD eBus9,5660,5660,11320,2023년도 전기자동차 거제시 모델별 보조금,2023,거제시
승합(대형),티에스에코에너지,일레누스(TS1100-1),6633,6633,13266,2023년도 전기자동차 거제시 모델별 보조금,2023,거제시
승합(대형),티에스에코에너지,일레누스(TS1100-2),6810,6810,13620,2023년도 전기자동차 거제시 모델별 보조금,2023,거제시
승합(대형),티에스에코에너지,일레누스(TS900),6451,6451,12902,2023년도 전기자동차 거제시 모델별 보조금,2023,거제시
승합(대형),이온모터스,시티라이트Ⅱ,4861,4861,9722,2023년도 전기자동차 거제시 모델별 보조금,2023,거제시
승합(대형),이온모터스,시티라이트9,4990,4990,9980,2023년도 전기자동차 거제시 모델별 보조금,2023,거제시
승합(대형),한차,GREENWAY1100,5394,5394,10788,2023년도 전기자동차 거제시 모델별 보조금,2023,거제시
승합(대형),한차,GREENWAY1100A,6258,6258,12516,2023년도 전기자동차 거제시 모델별 보조금,2023,거제시
승합(대형),이엠코리아,에픽시티(LFP),4990,4990,9980,2023년도 전기자동차 거제시 모델별 보조금,2023,거제시
승합(대형),이엠코리아,에픽타운(LFP),4406,4406,8812,2023년도 전기자동차 거제시 모델별 보조금,2023,거제시
승합(대형),태영티엔티,GD11,2857,2857,5714,2023년도 전기자동차 거제시 모델별 보조금,2023,거제시
승합(대형),재일홀딩스,그린타운400,3846,3846,7692,2023년도 전기자동차 거제시 모델별 보조금,2023,거제시
승합(대형),아이버스,아이버스어린이운송차,5727,5727,11454,2023년도 전기자동차 거제시 모델별 보조금,2023,거제시
승합(대형),서울시티투어버스,타이거클래식트롤리버스,3161,3161,6322,2023년도 전기자동차 거제시 모델별 보조금,2023,거제시
승합(중형),현대자동차,(단종)카운티 일렉트릭(어린이운송용 33인승 V2),4052,4052,8104,2023년도 전기자동차 양산시 모델별 보조금,2023,양산시
승합(중형),현대자동차,카운티 일렉트릭,4834,4834,9668,2023년도 전기자동차 양산시 모델별 보조금,2023,양산시
승합(중형),현대자동차,카운티 일렉트릭(마을버스),5000,5000,10000,2023년도 전기자동차 양산시 모델별 보조금,2023,양산시
승합(중형),이비온,"E6(JL618S), 어린이통학",2362,2362,4724,2023년도 전기자동차 양산시 모델별 보조금,2023,양산시
승합(중형),GS글로벌,NEW BYD eBus-7,2894,2894,5788,2023년도 전기자동차 양산시 모델별 보조금,2023,양산시
승합(중형),비바모빌리티,(단종)브이버스60,3211,3211,6422,2023년도 전기자동차 양산시 모델별 보조금,2023,양산시
승합(중형),케이지모빌리티커머셜,SMART 8.7,4308,4308,8616,2023년도 전기자동차 양산시 모델별 보조금,2023,양산시
승합(중형),한차,GREENWAY720,4530,4530,9060,2023년도 전기자동차 양산시 모델별 보조금,2023,양산시
승합(중형),테라팩토리,테라밴키즈,1911,1911,3822,2023년도 전기자동차 양산시 모델별 보조금,2023,양산시
승합(중형),테라팩토리,테라밴키즈11,1902,1902,3804,2023년도 전기자동차 양산시 모델별 보조금,2023,양산시
승합(중형),테라팩토리,테라밴,1889,1889,3778,2023년도 전기자동차 양산시 모델별 보조금,2023,양산시
승합(중형),테라팩토리,"테라밴키즈(2022), 어린이운송용14명",2151,2151,4302,2023년도 전기자동차 양산시 모델별 보조금,2023,양산시
승합(중형),테라팩토리,"테라밴키즈11(2022), 어린이운송용11명",2142,2142,4284,2023년도 전기자동차 양산시 모델별 보조금,2023,양산시
승합(중형),테라팩토리,테라밴,2129,2129,4258,2023년도 전기자동차 양산시 모델별 보조금,2023,양산시
승합(중형),중원자동차,EV J1,5000,5000,10000,2023년도 전기자동차 양산시 모델별 보조금,2023,양산시
승합(대형),현대자동차,일렉시티 이층버스,11900,0,11900,2023년도 전기자동차 양산시 모델별 보조금,2023,양산시
승합(대형),현대자동차,일렉시티(3PACK),6887,6868,13755,2023년도 전기자동차 양산시 모델별 보조금,2023,양산시
승합(대형),현대자동차,일렉시티(4PACK V1),7000,6900,13900,2023년도 전기자동차 양산시 모델별 보조금,2023,양산시
승합(대형),현대자동차,일렉시티(4PACK V2),7000,6900,13900,2023년도 전기자동차 양산시 모델별 보조금,2023,양산시
승합(대형),현대자동차,일렉시티 타운,6725,6725,13450,2023년도 전기자동차 양산시 모델별 보조금,2023,양산시
승합(대형),케이지모빌리티커머셜,SMART 9.3,4990,0,4990,2023년도 전기자동차 양산시 모델별 보조금,2023,양산시
승합(대형),케이지모빌리티커머셜,SMART 110(272kWh),5660,0,5660,2023년도 전기자동차 양산시 모델별 보조금,2023,양산시
승합(대형),케이지모빌리티커머셜,SMART 110E(347kWh),6330,0,6330,2023년도 전기자동차 양산시 모델별 보조금,2023,양산시
승합(대형),케이지모빌리티커머셜,SMART 110(260kWh),5955,0,5955,2023년도 전기자동차 양산시 모델별 보조금,2023,양산시
승합(대형),케이지모빌리티커머셜,SMART 110E(260kWh),6277,0,6277,2023년도 전기자동차 양산시 모델별 보조금,2023,양산시
승합(대형),우진산전,아폴로900전기버스,4420,0,4420,2023년도 전기자동차 양산시 모델별 보조금,2023,양산시
승합(대형),우진산전,아폴로1100전기버스 22MY,7000,0,7000,2023년도 전기자동차 양산시 모델별 보조금,2023,양산시
승합(대형),우진산전,아폴로1100전기버스 23MY,7000,0,7000,2023년도 전기자동차 양산시 모델별 보조금,2023,양산시
승합(대형),피라인모터스,HYPERS(H),5137,0,5137,2023년도 전기자동차 양산시 모델별 보조금,2023,양산시
승합(대형),피라인모터스,HYPERS1611,5111,0,5111,2023년도 전기자동차 양산시 모델별 보조금,2023,양산시
승합(대형),피라인모터스,HYPERS1609,5143,0,5143,2023년도 전기자동차 양산시 모델별 보조금,2023,양산시
승합(대형),피라인모터스,HYPERS1612,3893,0,3893,2023년도 전기자동차 양산시 모델별 보조금,2023,양산시
승합(대형),피라인모터스,HYPERS1609H,5572,0,5572,2023년도 전기자동차 양산시 모델별 보조금,2023,양산시
승합(대형),피라인모터스,HYPERS1612N,4990,0,4990,2023년도 전기자동차 양산시 모델별 보조금,2023,양산시
승합(대형),피라인모터스,HYPERS1609N,6042,0,6042,2023년도 전기자동차 양산시 모델별 보조금,2023,양산시
승합(대형),피라인모터스,HYPERS1611N,5620,0,5620,2023년도 전기자동차 양산시 모델별 보조금,2023,양산시
승합(대형),피라인모터스,HYPERS1609HN,5993,0,5993,2023년도 전기자동차 양산시 모델별 보조금,2023,양산시
승합(대형),비바모빌리티,(단종)브이버스90N,4287,0,4287,2023년도 전기자동차 양산시 모델별 보조금,2023,양산시
승합(대형),비바모빌리티,(단종)브이버스120,4690,0,4690,2023년도 전기자동차 양산시 모델별 보조금,2023,양산시
승합(대형),비바모빌리티,(단종)브이버스110-B,4246,0,4246,2023년도 전기자동차 양산시 모델별 보조금,2023,양산시
승합(대형),범한자동차,E-SKY11(350kWh),4989,0,4989,2023년도 전기자동차 양산시 모델별 보조금,2023,양산시
승합(대형),범한자동차,E-SKY9(281kWh),4978,0,4978,2023년도 전기자동차 양산시 모델별 보조금,2023,양산시
승합(대형),범한자동차,E-STAR8 V1,4265,0,4265,2023년도 전기자동차 양산시 모델별 보조금,2023,양산시
승합(대형),범한자동차,E-STAR11,4990,0,4990,2023년도 전기자동차 양산시 모델별 보조금,2023,양산시
승합(대형),범한자동차,E-STAR12i,4990,4990,9980,2023년도 전기자동차 양산시 모델별 보조금,2023,양산시
승합(대형),에스에이피,아이즘(IZM),4690,0,4690,2023년도 전기자동차 양산시 모델별 보조금,2023,양산시
승합(대형),에스에이피,엘페(ELFE),4388,0,4388,2023년도 전기자동차 양산시 모델별 보조금,2023,양산시
승합(대형),에스에이피,리오네(LIONNE),4690,0,4690,2023년도 전기자동차 양산시 모델별 보조금,2023,양산시
승합(대형),GS글로벌,NEW BYD eBus-12,4990,4990,9980,2023년도 전기자동차 양산시 모델별 보조금,2023,양산시
승합(대형),티에스에코에너지,일레누스(TS1100-2),6810,0,6810,2023년도 전기자동차 양산시 모델별 보조금,2023,양산시
승합(대형),티에스에코에너지,일레누스(TS900),6451,0,6451,2023년도 전기자동차 양산시 모델별 보조금,2023,양산시
승합(대형),이온모터스,시티라이트Ⅱ,4861,0,4861,2023년도 전기자동차 양산시 모델별 보조금,2023,양산시
승합(대형),이온모터스,시티라이트9,4990,0,4990,2023년도 전기자동차 양산시 모델별 보조금,2023,양산시
승합(대형),한차,GREENWAY1100,5394,0,5394,2023년도 전기자동차 양산시 모델별 보조금,2023,양산시
승합(대형),한차,GREENWAY1100A,6258,0,6258,2023년도 전기자동차 양산시 모델별 보조금,2023,양산시
승합(대형),이엠코리아,에픽시티(LFP),4990,0,4990,2023년도 전기자동차 양산시 모델별 보조금,2023,양산시
승합(대형),태영티엔티,GD11,2857,0,2857,2023년도 전기자동차 양산시 모델별 보조금,2023,양산시
승합(대형),재일홀딩스,그린타운400,3846,0,3846,2023년도 전기자동차 양산시 모델별 보조금,2023,양산시
승합(대형),아이버스,아이버스어린이운송차,5727,5727,11454,2023년도 전기자동차 양산시 모델별 보조금,2023,양산시
승합(중형),현대자동차,(단종)카운티 일렉트릭(어린이운송용 33인승 V2),4052,4052,8104,2023년도 전기자동차 의령군 모델별 보조금,2023,의령군
승합(중형),현대자동차,카운티 일렉트릭,4834,3734,8568,2023년도 전기자동차 의령군 모델별 보조금,2023,의령군
승합(중형),현대자동차,카운티 일렉트릭(마을버스),5000,5000,10000,2023년도 전기자동차 의령군 모델별 보조금,2023,의령군
승합(중형),이비온,"E6(JL618S), 어린이통학",2362,2362,4724,2023년도 전기자동차 의령군 모델별 보조금,2023,의령군
승합(중형),GS글로벌,NEW BYD eBus-7,2894,2894,5788,2023년도 전기자동차 의령군 모델별 보조금,2023,의령군
승합(중형),비바모빌리티,(단종)브이버스60,3211,3211,6422,2023년도 전기자동차 의령군 모델별 보조금,2023,의령군
승합(중형),케이지모빌리티커머셜,SMART 8.7,4308,4308,8616,2023년도 전기자동차 의령군 모델별 보조금,2023,의령군
승합(중형),한차,GREENWAY720,4530,4530,9060,2023년도 전기자동차 의령군 모델별 보조금,2023,의령군
승합(중형),테라팩토리,테라밴키즈,1911,1911,3822,2023년도 전기자동차 의령군 모델별 보조금,2023,의령군
승합(중형),테라팩토리,테라밴키즈11,1902,1902,3804,2023년도 전기자동차 의령군 모델별 보조금,2023,의령군
승합(중형),테라팩토리,테라밴,1889,1889,3778,2023년도 전기자동차 의령군 모델별 보조금,2023,의령군
승합(중형),테라팩토리,"테라밴키즈(2022), 어린이운송용14명",2151,2151,4302,2023년도 전기자동차 의령군 모델별 보조금,2023,의령군
승합(중형),테라팩토리,"테라밴키즈11(2022), 어린이운송용11명",2142,2142,4284,2023년도 전기자동차 의령군 모델별 보조금,2023,의령군
승합(중형),테라팩토리,테라밴,2129,2129,4258,2023년도 전기자동차 의령군 모델별 보조금,2023,의령군
승합(중형),중원자동차,EV J1,5000,5000,10000,2023년도 전기자동차 의령군 모델별 보조금,2023,의령군
승합(대형),현대자동차,일렉시티 이층버스,11900,6900,18800,2023년도 전기자동차 의령군 모델별 보조금,2023,의령군
승합(대형),현대자동차,일렉시티(3PACK),6887,6789,13676,2023년도 전기자동차 의령군 모델별 보조금,2023,의령군
승합(대형),현대자동차,일렉시티(4PACK V1),7000,6900,13900,2023년도 전기자동차 의령군 모델별 보조금,2023,의령군
승합(대형),현대자동차,일렉시티(4PACK V2),7000,6900,13900,2023년도 전기자동차 의령군 모델별 보조금,2023,의령군
승합(대형),현대자동차,일렉시티 타운,6725,6629,13354,2023년도 전기자동차 의령군 모델별 보조금,2023,의령군
승합(대형),케이지모빌리티커머셜,SMART 9.3,4990,4919,9909,2023년도 전기자동차 의령군 모델별 보조금,2023,의령군
승합(대형),케이지모빌리티커머셜,SMART 110(272kWh),5660,0,5660,2023년도 전기자동차 의령군 모델별 보조금,2023,의령군
승합(대형),케이지모빌리티커머셜,SMART 110E(347kWh),6330,6240,12570,2023년도 전기자동차 의령군 모델별 보조금,2023,의령군
승합(대형),케이지모빌리티커머셜,SMART 110(260kWh),5955,5870,11825,2023년도 전기자동차 의령군 모델별 보조금,2023,의령군
승합(대형),케이지모빌리티커머셜,SMART 110E(260kWh),6277,6187,12464,2023년도 전기자동차 의령군 모델별 보조금,2023,의령군
승합(대형),우진산전,아폴로900전기버스,4420,4357,8777,2023년도 전기자동차 의령군 모델별 보조금,2023,의령군
승합(대형),우진산전,아폴로1100전기버스 22MY,7000,6900,13900,2023년도 전기자동차 의령군 모델별 보조금,2023,의령군
승합(대형),우진산전,아폴로1100전기버스 23MY,7000,0,7000,2023년도 전기자동차 의령군 모델별 보조금,2023,의령군
승합(대형),피라인모터스,HYPERS(H),5137,5064,10201,2023년도 전기자동차 의령군 모델별 보조금,2023,의령군
승합(대형),피라인모터스,HYPERS1611,5111,5038,10149,2023년도 전기자동차 의령군 모델별 보조금,2023,의령군
승합(대형),피라인모터스,HYPERS1609,5143,5069,10212,2023년도 전기자동차 의령군 모델별 보조금,2023,의령군
승합(대형),피라인모터스,HYPERS1612,3893,3837,7730,2023년도 전기자동차 의령군 모델별 보조금,2023,의령군
승합(대형),피라인모터스,HYPERS1609H,5572,5492,11064,2023년도 전기자동차 의령군 모델별 보조금,2023,의령군
승합(대형),피라인모터스,HYPERS1612N,4990,4919,9909,2023년도 전기자동차 의령군 모델별 보조금,2023,의령군
승합(대형),피라인모터스,HYPERS1609N,6042,5955,11997,2023년도 전기자동차 의령군 모델별 보조금,2023,의령군
승합(대형),피라인모터스,HYPERS1611N,5620,5540,11160,2023년도 전기자동차 의령군 모델별 보조금,2023,의령군
승합(대형),피라인모터스,HYPERS1609HN,5993,5907,11900,2023년도 전기자동차 의령군 모델별 보조금,2023,의령군
승합(대형),비바모빌리티,(단종)브이버스90N,4287,4226,8513,2023년도 전기자동차 의령군 모델별 보조금,2023,의령군
승합(대형),비바모빌리티,(단종)브이버스120,4690,4623,9313,2023년도 전기자동차 의령군 모델별 보조금,2023,의령군
승합(대형),비바모빌리티,(단종)브이버스110-B,4246,4185,8431,2023년도 전기자동차 의령군 모델별 보조금,2023,의령군
승합(대형),범한자동차,E-SKY11(350kWh),4989,4917,9906,2023년도 전기자동차 의령군 모델별 보조금,2023,의령군
승합(대형),범한자동차,E-SKY9(281kWh),4978,4907,9885,2023년도 전기자동차 의령군 모델별 보조금,2023,의령군
승합(대형),범한자동차,E-STAR8 V1,4265,4205,8470,2023년도 전기자동차 의령군 모델별 보조금,2023,의령군
승합(대형),범한자동차,E-STAR11,4990,4919,9909,2023년도 전기자동차 의령군 모델별 보조금,2023,의령군
승합(대형),범한자동차,E-STAR12i,4990,4919,9909,2023년도 전기자동차 의령군 모델별 보조금,2023,의령군
승합(대형),에스에이피,아이즘(IZM),4690,4623,9313,2023년도 전기자동차 의령군 모델별 보조금,2023,의령군
승합(대형),에스에이피,엘페(ELFE),4388,4326,8714,2023년도 전기자동차 의령군 모델별 보조금,2023,의령군
승합(대형),에스에이피,리오네(LIONNE),4690,4623,9313,2023년도 전기자동차 의령군 모델별 보조금,2023,의령군
승합(대형),GS글로벌,NEW BYD eBus-12,4990,4919,9909,2023년도 전기자동차 의령군 모델별 보조금,2023,의령군
승합(대형),티에스에코에너지,일레누스(TS1100-2),6810,6713,13523,2023년도 전기자동차 의령군 모델별 보조금,2023,의령군
승합(대형),티에스에코에너지,일레누스(TS900),6451,6359,12810,2023년도 전기자동차 의령군 모델별 보조금,2023,의령군
승합(대형),이온모터스,시티라이트Ⅱ,4861,4792,9653,2023년도 전기자동차 의령군 모델별 보조금,2023,의령군
승합(대형),이온모터스,시티라이트9,4990,4919,9909,2023년도 전기자동차 의령군 모델별 보조금,2023,의령군
승합(대형),한차,GREENWAY1100,5394,5317,10711,2023년도 전기자동차 의령군 모델별 보조금,2023,의령군
승합(대형),한차,GREENWAY1100A,6258,6169,12427,2023년도 전기자동차 의령군 모델별 보조금,2023,의령군
승합(대형),이엠코리아,에픽시티(LFP),4990,4919,9909,2023년도 전기자동차 의령군 모델별 보조금,2023,의령군
승합(대형),태영티엔티,GD11,2857,0,2857,2023년도 전기자동차 의령군 모델별 보조금,2023,의령군
승합(대형),재일홀딩스,그린타운400,3846,3791,7637,2023년도 전기자동차 의령군 모델별 보조금,2023,의령군
승합(대형),아이버스,아이버스어린이운송차,5727,5645,11372,2023년도 전기자동차 의령군 모델별 보조금,2023,의령군
승합(중형),현대자동차,(단종)카운티 일렉트릭(어린이운송용 33인승 V2),4052,2594,6646,2023년도 전기자동차 함안군 모델별 보조금,2023,함안군
승합(중형),현대자동차,카운티 일렉트릭,4834,0,4834,2023년도 전기자동차 함안군 모델별 보조금,2023,함안군
승합(중형),현대자동차,카운티 일렉트릭(마을버스),5000,0,5000,2023년도 전기자동차 함안군 모델별 보조금,2023,함안군
승합(중형),이비온,"E6(JL618S), 어린이통학",2362,0,2362,2023년도 전기자동차 함안군 모델별 보조금,2023,함안군
승합(중형),GS글로벌,NEW BYD eBus-7,2894,0,2894,2023년도 전기자동차 함안군 모델별 보조금,2023,함안군
승합(중형),비바모빌리티,(단종)브이버스60,3211,0,3211,2023년도 전기자동차 함안군 모델별 보조금,2023,함안군
승합(중형),케이지모빌리티커머셜,SMART 8.7,4308,0,4308,2023년도 전기자동차 함안군 모델별 보조금,2023,함안군
승합(중형),한차,GREENWAY720,4530,0,4530,2023년도 전기자동차 함안군 모델별 보조금,2023,함안군
승합(중형),테라팩토리,테라밴키즈,1911,0,1911,2023년도 전기자동차 함안군 모델별 보조금,2023,함안군
승합(중형),테라팩토리,테라밴키즈11,1902,0,1902,2023년도 전기자동차 함안군 모델별 보조금,2023,함안군
승합(중형),테라팩토리,테라밴,1889,0,1889,2023년도 전기자동차 함안군 모델별 보조금,2023,함안군
승합(중형),테라팩토리,"테라밴키즈(2022), 어린이운송용14명",2151,0,2151,2023년도 전기자동차 함안군 모델별 보조금,2023,함안군
승합(중형),테라팩토리,"테라밴키즈11(2022), 어린이운송용11명",2142,0,2142,2023년도 전기자동차 함안군 모델별 보조금,2023,함안군
승합(중형),테라팩토리,테라밴,2129,0,2129,2023년도 전기자동차 함안군 모델별 보조금,2023,함안군
승합(중형),중원자동차,EV J1,5000,0,5000,2023년도 전기자동차 함안군 모델별 보조금,2023,함안군
승합(대형),현대자동차,일렉시티 이층버스,11900,4000,15900,2023년도 전기자동차 함안군 모델별 보조금,2023,함안군
승합(대형),현대자동차,일렉시티(3PACK),6887,3936,10823,2023년도 전기자동차 함안군 모델별 보조금,2023,함안군
승합(대형),현대자동차,일렉시티(4PACK V1),7000,4000,11000,2023년도 전기자동차 함안군 모델별 보조금,2023,함안군
승합(대형),현대자동차,일렉시티(4PACK V2),7000,4000,11000,2023년도 전기자동차 함안군 모델별 보조금,2023,함안군
승합(대형),현대자동차,일렉시티 타운,6725,3844,10569,2023년도 전기자동차 함안군 모델별 보조금,2023,함안군
승합(대형),케이지모빌리티커머셜,SMART 9.3,4990,2852,7842,2023년도 전기자동차 함안군 모델별 보조금,2023,함안군
승합(대형),케이지모빌리티커머셜,SMART 110(272kWh),5660,3404,9064,2023년도 전기자동차 함안군 모델별 보조금,2023,함안군
승합(대형),케이지모빌리티커머셜,SMART 110E(347kWh),6330,3618,9948,2023년도 전기자동차 함안군 모델별 보조금,2023,함안군
승합(대형),케이지모빌리티커머셜,SMART 110(260kWh),5955,3588,9543,2023년도 전기자동차 함안군 모델별 보조금,2023,함안군
승합(대형),케이지모빌리티커머셜,SMART 110E(260kWh),6277,3618,9895,2023년도 전기자동차 함안군 모델별 보조금,2023,함안군
승합(대형),우진산전,아폴로900전기버스,4420,2526,6946,2023년도 전기자동차 함안군 모델별 보조금,2023,함안군
승합(대형),우진산전,아폴로1100전기버스 22MY,7000,4000,11000,2023년도 전기자동차 함안군 모델별 보조금,2023,함안군
승합(대형),우진산전,아폴로1100전기버스 23MY,7000,4000,11000,2023년도 전기자동차 함안군 모델별 보조금,2023,함안군
승합(대형),우진산전,아폴로1200-B43,7000,0,7000,2023년도 전기자동차 함안군 모델별 보조금,2023,함안군
승합(대형),피라인모터스,HYPERS(H),5137,2936,8073,2023년도 전기자동차 함안군 모델별 보조금,2023,함안군
승합(대형),피라인모터스,HYPERS1611,5111,3212,8323,2023년도 전기자동차 함안군 모델별 보조금,2023,함안군
승합(대형),피라인모터스,HYPERS1609,5143,2940,8083,2023년도 전기자동차 함안군 모델별 보조금,2023,함안군
승합(대형),피라인모터스,HYPERS1612,3893,2226,6119,2023년도 전기자동차 함안군 모델별 보조금,2023,함안군
승합(대형),피라인모터스,HYPERS1609H,5572,3184,8756,2023년도 전기자동차 함안군 모델별 보조금,2023,함안군
승합(대형),피라인모터스,HYPERS1612N,4990,2852,7842,2023년도 전기자동차 함안군 모델별 보조금,2023,함안군
승합(대형),피라인모터스,HYPERS1609N,6042,3454,9496,2023년도 전기자동차 함안군 모델별 보조금,2023,함안군
승합(대형),피라인모터스,HYPERS1611N,5620,3212,8832,2023년도 전기자동차 함안군 모델별 보조금,2023,함안군
승합(대형),피라인모터스,HYPERS1609HN,5993,3426,9419,2023년도 전기자동차 함안군 모델별 보조금,2023,함안군
승합(대형),피라인모터스,HYPERS1611P,7000,2832,9832,2023년도 전기자동차 함안군 모델별 보조금,2023,함안군
승합(대형),피라인모터스,HYPERS1609P,7000,4000,11000,2023년도 전기자동차 함안군 모델별 보조금,2023,함안군
승합(대형),비바모빌리티,(단종)브이버스90N,4287,2450,6737,2023년도 전기자동차 함안군 모델별 보조금,2023,함안군
승합(대형),비바모빌리티,(단종)브이버스120,4690,2680,7370,2023년도 전기자동차 함안군 모델별 보조금,2023,함안군
승합(대형),비바모빌리티,(단종)브이버스110-B,4246,2428,6674,2023년도 전기자동차 함안군 모델별 보조금,2023,함안군
승합(대형),범한자동차,E-SKY11(350kWh),4989,2852,7841,2023년도 전기자동차 함안군 모델별 보조금,2023,함안군
승합(대형),범한자동차,E-SKY9(281kWh),4978,2846,7824,2023년도 전기자동차 함안군 모델별 보조금,2023,함안군
승합(대형),범한자동차,E-STAR8 V1,4265,2438,6703,2023년도 전기자동차 함안군 모델별 보조금,2023,함안군
승합(대형),범한자동차,E-STAR11,4990,2852,7842,2023년도 전기자동차 함안군 모델별 보조금,2023,함안군
승합(대형),범한자동차,E-STAR12i,4990,2852,7842,2023년도 전기자동차 함안군 모델별 보조금,2023,함안군
승합(대형),에스에이피,아이즘(IZM),4690,2680,7370,2023년도 전기자동차 함안군 모델별 보조금,2023,함안군
승합(대형),에스에이피,엘페(ELFE),4388,2508,6896,2023년도 전기자동차 함안군 모델별 보조금,2023,함안군
승합(대형),에스에이피,리오네(LIONNE),4690,2680,7370,2023년도 전기자동차 함안군 모델별 보조금,2023,함안군
승합(대형),GS글로벌,NEW BYD eBus-12,4990,2492,7482,2023년도 전기자동차 함안군 모델별 보조금,2023,함안군
승합(대형),GS글로벌,BYD eBus9,5660,2492,8152,2023년도 전기자동차 함안군 모델별 보조금,2023,함안군
승합(대형),티에스에코에너지,일레누스(TS1100-1),6633,3892,10525,2023년도 전기자동차 함안군 모델별 보조금,2023,함안군
승합(대형),티에스에코에너지,일레누스(TS1100-2),6810,3688,10498,2023년도 전기자동차 함안군 모델별 보조금,2023,함안군
승합(대형),티에스에코에너지,일레누스(TS900),6451,3688,10139,2023년도 전기자동차 함안군 모델별 보조금,2023,함안군
승합(대형),이온모터스,시티라이트Ⅱ,4861,2778,7639,2023년도 전기자동차 함안군 모델별 보조금,2023,함안군
승합(대형),이온모터스,시티라이트9,4990,2852,7842,2023년도 전기자동차 함안군 모델별 보조금,2023,함안군
승합(대형),한차,GREENWAY1100,5394,3084,8478,2023년도 전기자동차 함안군 모델별 보조금,2023,함안군
승합(대형),한차,GREENWAY1100A,6258,3576,9834,2023년도 전기자동차 함안군 모델별 보조금,2023,함안군
승합(대형),이엠코리아,에픽시티(LFP),4990,2852,7842,2023년도 전기자동차 함안군 모델별 보조금,2023,함안군
승합(대형),이엠코리아,에픽타운(LFP),4406,2526,6932,2023년도 전기자동차 함안군 모델별 보조금,2023,함안군
승합(대형),태영티엔티,GD11,2857,1634,4491,2023년도 전기자동차 함안군 모델별 보조금,2023,함안군
승합(대형),재일홀딩스,그린타운400,3846,2181,6027,2023년도 전기자동차 함안군 모델별 보조금,2023,함안군
승합(대형),아이버스,아이버스어린이운송차,5727,3274,9001,2023년도 전기자동차 함안군 모델별 보조금,2023,함안군
승합(대형),서울시티투어버스,타이거클래식트롤리버스,3161,0,3161,2023년도 전기자동차 함안군 모델별 보조금,2023,함안군
모델별 지방비 자료가 없습니다.,모델별 지방비 자료가 없습니다.,모델별 지방비 자료가 없습니다.,모델별 지방비 자료가 없습니다.,모델별 지방비 자료가 없습니다.,모델별 지방비 자료가 없습니다.,2023년도 전기자동차 창녕군 모델별 보조금,2023,창녕군
승합(중형),현대자동차,(단종)카운티 일렉트릭(어린이운송용 33인승 V2),4052,0,4052,2023년도 전기자동차 고성군 모델별 보조금,2023,고성군
승합(중형),현대자동차,카운티 일렉트릭,4834,0,4834,2023년도 전기자동차 고성군 모델별 보조금,2023,고성군
승합(중형),현대자동차,카운티 일렉트릭(마을버스),5000,0,5000,2023년도 전기자동차 고성군 모델별 보조금,2023,고성군
승합(중형),이비온,"E6(JL618S), 어린이통학",2362,0,2362,2023년도 전기자동차 고성군 모델별 보조금,2023,고성군
승합(중형),GS글로벌,NEW BYD eBus-7,2894,0,2894,2023년도 전기자동차 고성군 모델별 보조금,2023,고성군
승합(중형),비바모빌리티,(단종)브이버스60,3211,0,3211,2023년도 전기자동차 고성군 모델별 보조금,2023,고성군
승합(중형),케이지모빌리티커머셜,SMART 8.7,4308,0,4308,2023년도 전기자동차 고성군 모델별 보조금,2023,고성군
승합(중형),한차,GREENWAY720,4530,0,4530,2023년도 전기자동차 고성군 모델별 보조금,2023,고성군
승합(중형),테라팩토리,테라밴키즈,1911,0,1911,2023년도 전기자동차 고성군 모델별 보조금,2023,고성군
승합(중형),테라팩토리,테라밴키즈11,1902,0,1902,2023년도 전기자동차 고성군 모델별 보조금,2023,고성군
승합(중형),테라팩토리,테라밴,1889,0,1889,2023년도 전기자동차 고성군 모델별 보조금,2023,고성군
승합(중형),테라팩토리,"테라밴키즈(2022), 어린이운송용14명",2151,0,2151,2023년도 전기자동차 고성군 모델별 보조금,2023,고성군
승합(중형),테라팩토리,"테라밴키즈11(2022), 어린이운송용11명",2142,0,2142,2023년도 전기자동차 고성군 모델별 보조금,2023,고성군
승합(중형),테라팩토리,테라밴,2129,0,2129,2023년도 전기자동차 고성군 모델별 보조금,2023,고성군
승합(중형),중원자동차,EV J1,5000,0,5000,2023년도 전기자동차 고성군 모델별 보조금,2023,고성군
승합(대형),현대자동차,일렉시티 이층버스,11900,0,11900,2023년도 전기자동차 고성군 모델별 보조금,2023,고성군
승합(대형),현대자동차,일렉시티(3PACK),6887,0,6887,2023년도 전기자동차 고성군 모델별 보조금,2023,고성군
승합(대형),현대자동차,일렉시티(4PACK V1),7000,0,7000,2023년도 전기자동차 고성군 모델별 보조금,2023,고성군
승합(대형),현대자동차,일렉시티(4PACK V2),7000,0,7000,2023년도 전기자동차 고성군 모델별 보조금,2023,고성군
승합(대형),현대자동차,일렉시티 타운,6725,0,6725,2023년도 전기자동차 고성군 모델별 보조금,2023,고성군
승합(대형),케이지모빌리티커머셜,SMART 9.3,4990,0,4990,2023년도 전기자동차 고성군 모델별 보조금,2023,고성군
승합(대형),케이지모빌리티커머셜,SMART 110(272kWh),5660,0,5660,2023년도 전기자동차 고성군 모델별 보조금,2023,고성군
승합(대형),케이지모빌리티커머셜,SMART 110E(347kWh),6330,0,6330,2023년도 전기자동차 고성군 모델별 보조금,2023,고성군
승합(대형),케이지모빌리티커머셜,SMART 110(260kWh),5955,0,5955,2023년도 전기자동차 고성군 모델별 보조금,2023,고성군
승합(대형),케이지모빌리티커머셜,SMART 110E(260kWh),6277,0,6277,2023년도 전기자동차 고성군 모델별 보조금,2023,고성군
승합(대형),우진산전,아폴로900전기버스,4420,0,4420,2023년도 전기자동차 고성군 모델별 보조금,2023,고성군
승합(대형),우진산전,아폴로1100전기버스 22MY,7000,0,7000,2023년도 전기자동차 고성군 모델별 보조금,2023,고성군
승합(대형),우진산전,아폴로1100전기버스 23MY,7000,0,7000,2023년도 전기자동차 고성군 모델별 보조금,2023,고성군
승합(대형),피라인모터스,HYPERS(H),5137,0,5137,2023년도 전기자동차 고성군 모델별 보조금,2023,고성군
승합(대형),피라인모터스,HYPERS1611,5111,0,5111,2023년도 전기자동차 고성군 모델별 보조금,2023,고성군
승합(대형),피라인모터스,HYPERS1609,5143,0,5143,2023년도 전기자동차 고성군 모델별 보조금,2023,고성군
승합(대형),피라인모터스,HYPERS1612,3893,0,3893,2023년도 전기자동차 고성군 모델별 보조금,2023,고성군
승합(대형),피라인모터스,HYPERS1609H,5572,0,5572,2023년도 전기자동차 고성군 모델별 보조금,2023,고성군
승합(대형),피라인모터스,HYPERS1612N,4990,0,4990,2023년도 전기자동차 고성군 모델별 보조금,2023,고성군
승합(대형),피라인모터스,HYPERS1609N,6042,0,6042,2023년도 전기자동차 고성군 모델별 보조금,2023,고성군
승합(대형),피라인모터스,HYPERS1611N,5620,0,5620,2023년도 전기자동차 고성군 모델별 보조금,2023,고성군
승합(대형),피라인모터스,HYPERS1609HN,5993,0,5993,2023년도 전기자동차 고성군 모델별 보조금,2023,고성군
승합(대형),피라인모터스,HYPERS1611P,7000,0,7000,2023년도 전기자동차 고성군 모델별 보조금,2023,고성군
승합(대형),피라인모터스,HYPERS1609P,7000,0,7000,2023년도 전기자동차 고성군 모델별 보조금,2023,고성군
승합(대형),비바모빌리티,(단종)브이버스90N,4287,0,4287,2023년도 전기자동차 고성군 모델별 보조금,2023,고성군
승합(대형),비바모빌리티,(단종)브이버스120,4690,0,4690,2023년도 전기자동차 고성군 모델별 보조금,2023,고성군
승합(대형),비바모빌리티,(단종)브이버스110-B,4246,0,4246,2023년도 전기자동차 고성군 모델별 보조금,2023,고성군
승합(대형),범한자동차,E-SKY11(350kWh),4989,0,4989,2023년도 전기자동차 고성군 모델별 보조금,2023,고성군
승합(대형),범한자동차,E-SKY9(281kWh),4978,0,4978,2023년도 전기자동차 고성군 모델별 보조금,2023,고성군
승합(대형),범한자동차,E-STAR8 V1,4265,0,4265,2023년도 전기자동차 고성군 모델별 보조금,2023,고성군
승합(대형),범한자동차,E-STAR11,4990,0,4990,2023년도 전기자동차 고성군 모델별 보조금,2023,고성군
승합(대형),범한자동차,E-STAR12i,4990,0,4990,2023년도 전기자동차 고성군 모델별 보조금,2023,고성군
승합(대형),에스에이피,아이즘(IZM),4690,0,4690,2023년도 전기자동차 고성군 모델별 보조금,2023,고성군
승합(대형),에스에이피,엘페(ELFE),4388,0,4388,2023년도 전기자동차 고성군 모델별 보조금,2023,고성군
승합(대형),에스에이피,리오네(LIONNE),4690,0,4690,2023년도 전기자동차 고성군 모델별 보조금,2023,고성군
승합(대형),GS글로벌,NEW BYD eBus-12,4990,0,4990,2023년도 전기자동차 고성군 모델별 보조금,2023,고성군
승합(대형),GS글로벌,BYD eBus9,5660,0,5660,2023년도 전기자동차 고성군 모델별 보조금,2023,고성군
승합(대형),티에스에코에너지,일레누스(TS1100-1),6633,0,6633,2023년도 전기자동차 고성군 모델별 보조금,2023,고성군
승합(대형),티에스에코에너지,일레누스(TS1100-2),6810,0,6810,2023년도 전기자동차 고성군 모델별 보조금,2023,고성군
승합(대형),티에스에코에너지,일레누스(TS900),6451,0,6451,2023년도 전기자동차 고성군 모델별 보조금,2023,고성군
승합(대형),이온모터스,시티라이트Ⅱ,4861,0,4861,2023년도 전기자동차 고성군 모델별 보조금,2023,고성군
승합(대형),이온모터스,시티라이트9,4990,0,4990,2023년도 전기자동차 고성군 모델별 보조금,2023,고성군
승합(대형),한차,GREENWAY1100,5394,0,5394,2023년도 전기자동차 고성군 모델별 보조금,2023,고성군
승합(대형),한차,GREENWAY1100A,6258,0,6258,2023년도 전기자동차 고성군 모델별 보조금,2023,고성군
승합(대형),이엠코리아,에픽시티(LFP),4990,0,4990,2023년도 전기자동차 고성군 모델별 보조금,2023,고성군
승합(대형),이엠코리아,에픽타운(LFP),4406,0,4406,2023년도 전기자동차 고성군 모델별 보조금,2023,고성군
승합(대형),태영티엔티,GD11,2857,0,2857,2023년도 전기자동차 고성군 모델별 보조금,2023,고성군
승합(대형),재일홀딩스,그린타운400,3846,0,3846,2023년도 전기자동차 고성군 모델별 보조금,2023,고성군
승합(대형),아이버스,아이버스어린이운송차,5727,4000,9727,2023년도 전기자동차 고성군 모델별 보조금,2023,고성군
모델별 지방비 자료가 없습니다.,모델별 지방비 자료가 없습니다.,모델별 지방비 자료가 없습니다.,모델별 지방비 자료가 없습니다.,모델별 지방비 자료가 없습니다.,모델별 지방비 자료가 없습니다.,2023년도 전기자동차 남해군 모델별 보조금,2023,남해군
승합(중형),현대자동차,(단종)카운티 일렉트릭(어린이운송용 33인승 V2),4052,0,4052,2023년도 전기자동차 하동군 모델별 보조금,2023,하동군
승합(중형),현대자동차,카운티 일렉트릭,4834,0,4834,2023년도 전기자동차 하동군 모델별 보조금,2023,하동군
승합(중형),현대자동차,카운티 일렉트릭(마을버스),5000,0,5000,2023년도 전기자동차 하동군 모델별 보조금,2023,하동군
승합(중형),이비온,"E6(JL618S), 어린이통학",2362,0,2362,2023년도 전기자동차 하동군 모델별 보조금,2023,하동군
승합(중형),GS글로벌,NEW BYD eBus-7,2894,0,2894,2023년도 전기자동차 하동군 모델별 보조금,2023,하동군
승합(중형),비바모빌리티,(단종)브이버스60,3211,0,3211,2023년도 전기자동차 하동군 모델별 보조금,2023,하동군
승합(중형),케이지모빌리티커머셜,SMART 8.7,4308,0,4308,2023년도 전기자동차 하동군 모델별 보조금,2023,하동군
승합(중형),한차,GREENWAY720,4530,0,4530,2023년도 전기자동차 하동군 모델별 보조금,2023,하동군
승합(중형),테라팩토리,테라밴키즈,1911,0,1911,2023년도 전기자동차 하동군 모델별 보조금,2023,하동군
승합(중형),테라팩토리,테라밴키즈11,1902,0,1902,2023년도 전기자동차 하동군 모델별 보조금,2023,하동군
승합(중형),테라팩토리,테라밴,1889,0,1889,2023년도 전기자동차 하동군 모델별 보조금,2023,하동군
승합(중형),테라팩토리,"테라밴키즈(2022), 어린이운송용14명",2151,0,2151,2023년도 전기자동차 하동군 모델별 보조금,2023,하동군
승합(중형),테라팩토리,"테라밴키즈11(2022), 어린이운송용11명",2142,0,2142,2023년도 전기자동차 하동군 모델별 보조금,2023,하동군
승합(중형),테라팩토리,테라밴,2129,0,2129,2023년도 전기자동차 하동군 모델별 보조금,2023,하동군
승합(중형),중원자동차,EV J1,5000,0,5000,2023년도 전기자동차 하동군 모델별 보조금,2023,하동군
승합(대형),현대자동차,일렉시티 이층버스,11900,0,11900,2023년도 전기자동차 하동군 모델별 보조금,2023,하동군
승합(대형),현대자동차,일렉시티(3PACK),6887,0,6887,2023년도 전기자동차 하동군 모델별 보조금,2023,하동군
승합(대형),현대자동차,일렉시티(4PACK V1),7000,0,7000,2023년도 전기자동차 하동군 모델별 보조금,2023,하동군
승합(대형),현대자동차,일렉시티(4PACK V2),7000,0,7000,2023년도 전기자동차 하동군 모델별 보조금,2023,하동군
승합(대형),현대자동차,일렉시티 타운,6725,0,6725,2023년도 전기자동차 하동군 모델별 보조금,2023,하동군
승합(대형),케이지모빌리티커머셜,SMART 9.3,4990,0,4990,2023년도 전기자동차 하동군 모델별 보조금,2023,하동군
승합(대형),케이지모빌리티커머셜,SMART 110(272kWh),5660,0,5660,2023년도 전기자동차 하동군 모델별 보조금,2023,하동군
승합(대형),케이지모빌리티커머셜,SMART 110E(347kWh),6330,0,6330,2023년도 전기자동차 하동군 모델별 보조금,2023,하동군
승합(대형),케이지모빌리티커머셜,SMART 110(260kWh),5955,3402,9357,2023년도 전기자동차 하동군 모델별 보조금,2023,하동군
승합(대형),케이지모빌리티커머셜,SMART 110E(260kWh),6277,0,6277,2023년도 전기자동차 하동군 모델별 보조금,2023,하동군
승합(대형),우진산전,아폴로900전기버스,4420,0,4420,2023년도 전기자동차 하동군 모델별 보조금,2023,하동군
승합(대형),우진산전,아폴로1100전기버스 22MY,7000,0,7000,2023년도 전기자동차 하동군 모델별 보조금,2023,하동군
승합(대형),우진산전,아폴로1100전기버스 23MY,7000,0,7000,2023년도 전기자동차 하동군 모델별 보조금,2023,하동군
승합(대형),우진산전,아폴로1200-B43,7000,4000,11000,2023년도 전기자동차 하동군 모델별 보조금,2023,하동군
승합(대형),피라인모터스,HYPERS(H),5137,0,5137,2023년도 전기자동차 하동군 모델별 보조금,2023,하동군
승합(대형),피라인모터스,HYPERS1611,5111,0,5111,2023년도 전기자동차 하동군 모델별 보조금,2023,하동군
승합(대형),피라인모터스,HYPERS1609,5143,0,5143,2023년도 전기자동차 하동군 모델별 보조금,2023,하동군
승합(대형),피라인모터스,HYPERS1612,3893,0,3893,2023년도 전기자동차 하동군 모델별 보조금,2023,하동군
승합(대형),피라인모터스,HYPERS1609H,5572,0,5572,2023년도 전기자동차 하동군 모델별 보조금,2023,하동군
승합(대형),피라인모터스,HYPERS1612N,4990,0,4990,2023년도 전기자동차 하동군 모델별 보조금,2023,하동군
승합(대형),피라인모터스,HYPERS1609N,6042,0,6042,2023년도 전기자동차 하동군 모델별 보조금,2023,하동군
승합(대형),피라인모터스,HYPERS1611N,5620,0,5620,2023년도 전기자동차 하동군 모델별 보조금,2023,하동군
승합(대형),피라인모터스,HYPERS1609HN,5993,0,5993,2023년도 전기자동차 하동군 모델별 보조금,2023,하동군
승합(대형),피라인모터스,HYPERS1611P,7000,0,7000,2023년도 전기자동차 하동군 모델별 보조금,2023,하동군
승합(대형),피라인모터스,HYPERS1609P,7000,4000,11000,2023년도 전기자동차 하동군 모델별 보조금,2023,하동군
승합(대형),비바모빌리티,(단종)브이버스90N,4287,0,4287,2023년도 전기자동차 하동군 모델별 보조금,2023,하동군
승합(대형),비바모빌리티,(단종)브이버스120,4690,0,4690,2023년도 전기자동차 하동군 모델별 보조금,2023,하동군
승합(대형),비바모빌리티,(단종)브이버스110-B,4246,0,4246,2023년도 전기자동차 하동군 모델별 보조금,2023,하동군
승합(대형),범한자동차,E-SKY11(350kWh),4989,0,4989,2023년도 전기자동차 하동군 모델별 보조금,2023,하동군
승합(대형),범한자동차,E-SKY9(281kWh),4978,0,4978,2023년도 전기자동차 하동군 모델별 보조금,2023,하동군
승합(대형),범한자동차,E-STAR8 V1,4265,0,4265,2023년도 전기자동차 하동군 모델별 보조금,2023,하동군
승합(대형),범한자동차,E-STAR11,4990,0,4990,2023년도 전기자동차 하동군 모델별 보조금,2023,하동군
승합(대형),범한자동차,E-STAR12i,4990,0,4990,2023년도 전기자동차 하동군 모델별 보조금,2023,하동군
승합(대형),에스에이피,아이즘(IZM),4690,0,4690,2023년도 전기자동차 하동군 모델별 보조금,2023,하동군
승합(대형),에스에이피,엘페(ELFE),4388,0,4388,2023년도 전기자동차 하동군 모델별 보조금,2023,하동군
승합(대형),에스에이피,리오네(LIONNE),4690,0,4690,2023년도 전기자동차 하동군 모델별 보조금,2023,하동군
승합(대형),GS글로벌,NEW BYD eBus-12,4990,0,4990,2023년도 전기자동차 하동군 모델별 보조금,2023,하동군
승합(대형),GS글로벌,BYD eBus9,5660,0,5660,2023년도 전기자동차 하동군 모델별 보조금,2023,하동군
승합(대형),티에스에코에너지,일레누스(TS1100-1),6633,3790,10423,2023년도 전기자동차 하동군 모델별 보조금,2023,하동군
승합(대형),티에스에코에너지,일레누스(TS1100-2),6810,0,6810,2023년도 전기자동차 하동군 모델별 보조금,2023,하동군
승합(대형),티에스에코에너지,일레누스(TS900),6451,0,6451,2023년도 전기자동차 하동군 모델별 보조금,2023,하동군
승합(대형),이온모터스,시티라이트Ⅱ,4861,0,4861,2023년도 전기자동차 하동군 모델별 보조금,2023,하동군
승합(대형),이온모터스,시티라이트9,4990,0,4990,2023년도 전기자동차 하동군 모델별 보조금,2023,하동군
승합(대형),한차,GREENWAY1100,5394,0,5394,2023년도 전기자동차 하동군 모델별 보조금,2023,하동군
승합(대형),한차,GREENWAY1100A,6258,0,6258,2023년도 전기자동차 하동군 모델별 보조금,2023,하동군
승합(대형),이엠코리아,에픽시티(LFP),4990,0,4990,2023년도 전기자동차 하동군 모델별 보조금,2023,하동군
승합(대형),이엠코리아,에픽타운(LFP),4406,0,4406,2023년도 전기자동차 하동군 모델별 보조금,2023,하동군
승합(대형),태영티엔티,GD11,2857,0,2857,2023년도 전기자동차 하동군 모델별 보조금,2023,하동군
승합(대형),재일홀딩스,그린타운400,3846,0,3846,2023년도 전기자동차 하동군 모델별 보조금,2023,하동군
승합(대형),아이버스,아이버스어린이운송차,5727,0,5727,2023년도 전기자동차 하동군 모델별 보조금,2023,하동군
승합(대형),서울시티투어버스,타이거클래식트롤리버스,3161,0,3161,2023년도 전기자동차 하동군 모델별 보조금,2023,하동군
모델별 지방비 자료가 없습니다.,모델별 지방비 자료가 없습니다.,모델별 지방비 자료가 없습니다.,모델별 지방비 자료가 없습니다.,모델별 지방비 자료가 없습니다.,모델별 지방비 자료가 없습니다.,2023년도 전기자동차 산청군 모델별 보조금,2023,산청군
모델별 지방비 자료가 없습니다.,모델별 지방비 자료가 없습니다.,모델별 지방비 자료가 없습니다.,모델별 지방비 자료가 없습니다.,모델별 지방비 자료가 없습니다.,모델별 지방비 자료가 없습니다.,2023년도 전기자동차 함양군 모델별 보조금,2023,함양군
모델별 지방비 자료가 없습니다.,모델별 지방비 자료가 없습니다.,모델별 지방비 자료가 없습니다.,모델별 지방비 자료가 없습니다.,모델별 지방비 자료가 없습니다.,모델별 지방비 자료가 없습니다.,2023년도 전기자동차 거창군 모델별 보조금,2023,거창군
승합(중형),현대자동차,(단종)카운티 일렉트릭(어린이운송용 33인승 V2),4052,0,4052,2023년도 전기자동차 합천군 모델별 보조금,2023,합천군
승합(중형),현대자동차,카운티 일렉트릭,4834,0,4834,2023년도 전기자동차 합천군 모델별 보조금,2023,합천군
승합(중형),현대자동차,카운티 일렉트릭(마을버스),5000,0,5000,2023년도 전기자동차 합천군 모델별 보조금,2023,합천군
승합(중형),이비온,"E6(JL618S), 어린이통학",2362,0,2362,2023년도 전기자동차 합천군 모델별 보조금,2023,합천군
승합(중형),GS글로벌,NEW BYD eBus-7,2894,0,2894,2023년도 전기자동차 합천군 모델별 보조금,2023,합천군
승합(중형),비바모빌리티,(단종)브이버스60,3211,0,3211,2023년도 전기자동차 합천군 모델별 보조금,2023,합천군
승합(중형),케이지모빌리티커머셜,SMART 8.7,4308,0,4308,2023년도 전기자동차 합천군 모델별 보조금,2023,합천군
승합(중형),한차,GREENWAY720,4530,0,4530,2023년도 전기자동차 합천군 모델별 보조금,2023,합천군
승합(중형),테라팩토리,테라밴키즈,1911,0,1911,2023년도 전기자동차 합천군 모델별 보조금,2023,합천군
승합(중형),테라팩토리,테라밴키즈11,1902,0,1902,2023년도 전기자동차 합천군 모델별 보조금,2023,합천군
승합(중형),테라팩토리,테라밴,1889,0,1889,2023년도 전기자동차 합천군 모델별 보조금,2023,합천군
승합(중형),테라팩토리,"테라밴키즈(2022), 어린이운송용14명",2151,0,2151,2023년도 전기자동차 합천군 모델별 보조금,2023,합천군
승합(중형),테라팩토리,"테라밴키즈11(2022), 어린이운송용11명",2142,0,2142,2023년도 전기자동차 합천군 모델별 보조금,2023,합천군
승합(중형),테라팩토리,테라밴,2129,0,2129,2023년도 전기자동차 합천군 모델별 보조금,2023,합천군
승합(중형),중원자동차,EV J1,5000,0,5000,2023년도 전기자동차 합천군 모델별 보조금,2023,합천군
승합(대형),현대자동차,일렉시티 이층버스,11900,0,11900,2023년도 전기자동차 합천군 모델별 보조금,2023,합천군
승합(대형),현대자동차,일렉시티(3PACK),6887,0,6887,2023년도 전기자동차 합천군 모델별 보조금,2023,합천군
승합(대형),현대자동차,일렉시티(4PACK V1),7000,0,7000,2023년도 전기자동차 합천군 모델별 보조금,2023,합천군
승합(대형),현대자동차,일렉시티(4PACK V2),7000,0,7000,2023년도 전기자동차 합천군 모델별 보조금,2023,합천군
승합(대형),현대자동차,일렉시티 타운,6725,0,6725,2023년도 전기자동차 합천군 모델별 보조금,2023,합천군
승합(대형),케이지모빌리티커머셜,SMART 9.3,4990,0,4990,2023년도 전기자동차 합천군 모델별 보조금,2023,합천군
승합(대형),케이지모빌리티커머셜,SMART 110(272kWh),5660,0,5660,2023년도 전기자동차 합천군 모델별 보조금,2023,합천군
승합(대형),케이지모빌리티커머셜,SMART 110E(347kWh),6330,0,6330,2023년도 전기자동차 합천군 모델별 보조금,2023,합천군
승합(대형),케이지모빌리티커머셜,SMART 110(260kWh),5955,0,5955,2023년도 전기자동차 합천군 모델별 보조금,2023,합천군
승합(대형),케이지모빌리티커머셜,SMART 110E(260kWh),6277,0,6277,2023년도 전기자동차 합천군 모델별 보조금,2023,합천군
승합(대형),우진산전,아폴로900전기버스,4420,0,4420,2023년도 전기자동차 합천군 모델별 보조금,2023,합천군
승합(대형),우진산전,아폴로1100전기버스 22MY,7000,0,7000,2023년도 전기자동차 합천군 모델별 보조금,2023,합천군
승합(대형),우진산전,아폴로1100전기버스 23MY,7000,0,7000,2023년도 전기자동차 합천군 모델별 보조금,2023,합천군
승합(대형),우진산전,아폴로1200-B43,7000,0,7000,2023년도 전기자동차 합천군 모델별 보조금,2023,합천군
승합(대형),우진산전,아폴로1200-S42,7000,0,7000,2023년도 전기자동차 합천군 모델별 보조금,2023,합천군
승합(대형),피라인모터스,HYPERS(H),5137,0,5137,2023년도 전기자동차 합천군 모델별 보조금,2023,합천군
승합(대형),피라인모터스,HYPERS1611,5111,0,5111,2023년도 전기자동차 합천군 모델별 보조금,2023,합천군
승합(대형),피라인모터스,HYPERS1609,5143,0,5143,2023년도 전기자동차 합천군 모델별 보조금,2023,합천군
승합(대형),피라인모터스,HYPERS1612,3893,0,3893,2023년도 전기자동차 합천군 모델별 보조금,2023,합천군
승합(대형),피라인모터스,HYPERS1609H,5572,0,5572,2023년도 전기자동차 합천군 모델별 보조금,2023,합천군
승합(대형),피라인모터스,HYPERS1612N,4990,0,4990,2023년도 전기자동차 합천군 모델별 보조금,2023,합천군
승합(대형),피라인모터스,HYPERS1609N,6042,0,6042,2023년도 전기자동차 합천군 모델별 보조금,2023,합천군
승합(대형),피라인모터스,HYPERS1611N,5620,0,5620,2023년도 전기자동차 합천군 모델별 보조금,2023,합천군
승합(대형),피라인모터스,HYPERS1609HN,5993,0,5993,2023년도 전기자동차 합천군 모델별 보조금,2023,합천군
승합(대형),피라인모터스,HYPERS1611P,7000,0,7000,2023년도 전기자동차 합천군 모델별 보조금,2023,합천군
승합(대형),피라인모터스,HYPERS1609P,7000,0,7000,2023년도 전기자동차 합천군 모델별 보조금,2023,합천군
승합(대형),비바모빌리티,(단종)브이버스90N,4287,0,4287,2023년도 전기자동차 합천군 모델별 보조금,2023,합천군
승합(대형),비바모빌리티,(단종)브이버스120,4690,0,4690,2023년도 전기자동차 합천군 모델별 보조금,2023,합천군
승합(대형),비바모빌리티,(단종)브이버스110-B,4246,0,4246,2023년도 전기자동차 합천군 모델별 보조금,2023,합천군
승합(대형),범한자동차,E-SKY11(350kWh),4989,0,4989,2023년도 전기자동차 합천군 모델별 보조금,2023,합천군
승합(대형),범한자동차,E-SKY9(281kWh),4978,0,4978,2023년도 전기자동차 합천군 모델별 보조금,2023,합천군
승합(대형),범한자동차,E-STAR8 V1,4265,0,4265,2023년도 전기자동차 합천군 모델별 보조금,2023,합천군
승합(대형),범한자동차,E-STAR11,4990,0,4990,2023년도 전기자동차 합천군 모델별 보조금,2023,합천군
승합(대형),범한자동차,E-STAR12i,4990,0,4990,2023년도 전기자동차 합천군 모델별 보조금,2023,합천군
승합(대형),에스에이피,아이즘(IZM),4690,0,4690,2023년도 전기자동차 합천군 모델별 보조금,2023,합천군
승합(대형),에스에이피,엘페(ELFE),4388,0,4388,2023년도 전기자동차 합천군 모델별 보조금,2023,합천군
승합(대형),에스에이피,리오네(LIONNE),4690,0,4690,2023년도 전기자동차 합천군 모델별 보조금,2023,합천군
승합(대형),GS글로벌,NEW BYD eBus-12,4990,0,4990,2023년도 전기자동차 합천군 모델별 보조금,2023,합천군
승합(대형),GS글로벌,BYD eBus9,5660,0,5660,2023년도 전기자동차 합천군 모델별 보조금,2023,합천군
승합(대형),티에스에코에너지,일레누스(TS1100-1),6633,0,6633,2023년도 전기자동차 합천군 모델별 보조금,2023,합천군
승합(대형),티에스에코에너지,일레누스(TS1100-2),6810,0,6810,2023년도 전기자동차 합천군 모델별 보조금,2023,합천군
승합(대형),티에스에코에너지,일레누스(TS900),6451,0,6451,2023년도 전기자동차 합천군 모델별 보조금,2023,합천군
승합(대형),이온모터스,시티라이트Ⅱ,4861,0,4861,2023년도 전기자동차 합천군 모델별 보조금,2023,합천군
승합(대형),이온모터스,시티라이트9,4990,0,4990,2023년도 전기자동차 합천군 모델별 보조금,2023,합천군
승합(대형),한차,GREENWAY1100,5394,0,5394,2023년도 전기자동차 합천군 모델별 보조금,2023,합천군
승합(대형),한차,GREENWAY1100A,6258,0,6258,2023년도 전기자동차 합천군 모델별 보조금,2023,합천군
승합(대형),이엠코리아,에픽시티(LFP),4990,0,4990,2023년도 전기자동차 합천군 모델별 보조금,2023,합천군
승합(대형),이엠코리아,에픽타운(LFP),4406,0,4406,2023년도 전기자동차 합천군 모델별 보조금,2023,합천군
승합(대형),태영티엔티,GD11,2857,0,2857,2023년도 전기자동차 합천군 모델별 보조금,2023,합천군
승합(대형),재일홀딩스,그린타운400,3846,0,3846,2023년도 전기자동차 합천군 모델별 보조금,2023,합천군
승합(대형),아이버스,아이버스어린이운송차,5727,0,5727,2023년도 전기자동차 합천군 모델별 보조금,2023,합천군
승합(대형),서울시티투어버스,타이거클래식트롤리버스,3161,0,3161,2023년도 전기자동차 합천군 모델별 보조금,2023,합천군
승합(중형),현대자동차,(단종)카운티 일렉트릭(어린이운송용 33인승 V2),4052,2431,6483,2023년도 전기자동차 제주특별자치도 모델별 보조금,2023,제주특별자치도
승합(중형),현대자동차,카운티 일렉트릭,4834,2900,7734,2023년도 전기자동차 제주특별자치도 모델별 보조금,2023,제주특별자치도
승합(중형),현대자동차,카운티 일렉트릭(마을버스),5000,3000,8000,2023년도 전기자동차 제주특별자치도 모델별 보조금,2023,제주특별자치도
승합(중형),이비온,"E6(JL618S), 어린이통학",2362,1417,3779,2023년도 전기자동차 제주특별자치도 모델별 보조금,2023,제주특별자치도
승합(중형),GS글로벌,NEW BYD eBus-7,2894,1736,4630,2023년도 전기자동차 제주특별자치도 모델별 보조금,2023,제주특별자치도
승합(중형),비바모빌리티,(단종)브이버스60,3211,1926,5137,2023년도 전기자동차 제주특별자치도 모델별 보조금,2023,제주특별자치도
승합(중형),케이지모빌리티커머셜,SMART 8.7,4308,2584,6892,2023년도 전기자동차 제주특별자치도 모델별 보조금,2023,제주특별자치도
승합(중형),한차,GREENWAY720,4530,2718,7248,2023년도 전기자동차 제주특별자치도 모델별 보조금,2023,제주특별자치도
승합(중형),테라팩토리,테라밴키즈,1911,1146,3057,2023년도 전기자동차 제주특별자치도 모델별 보조금,2023,제주특별자치도
승합(중형),테라팩토리,테라밴키즈11,1902,1141,3043,2023년도 전기자동차 제주특별자치도 모델별 보조금,2023,제주특별자치도
승합(중형),테라팩토리,테라밴,1889,1133,3022,2023년도 전기자동차 제주특별자치도 모델별 보조금,2023,제주특별자치도
승합(중형),테라팩토리,"테라밴키즈(2022), 어린이운송용14명",2151,1290,3441,2023년도 전기자동차 제주특별자치도 모델별 보조금,2023,제주특별자치도
승합(중형),테라팩토리,"테라밴키즈11(2022), 어린이운송용11명",2142,1285,3427,2023년도 전기자동차 제주특별자치도 모델별 보조금,2023,제주특별자치도
승합(중형),테라팩토리,테라밴,2129,1277,3406,2023년도 전기자동차 제주특별자치도 모델별 보조금,2023,제주특별자치도
승합(중형),중원자동차,EV J1,5000,3000,8000,2023년도 전기자동차 제주특별자치도 모델별 보조금,2023,제주특별자치도
승합(대형),현대자동차,일렉시티 이층버스,11900,4200,16100,2023년도 전기자동차 제주특별자치도 모델별 보조금,2023,제주특별자치도
승합(대형),현대자동차,일렉시티(3PACK),6887,4132,11019,2023년도 전기자동차 제주특별자치도 모델별 보조금,2023,제주특별자치도
승합(대형),현대자동차,일렉시티(4PACK V1),7000,4200,11200,2023년도 전기자동차 제주특별자치도 모델별 보조금,2023,제주특별자치도
승합(대형),현대자동차,일렉시티(4PACK V2),7000,4200,11200,2023년도 전기자동차 제주특별자치도 모델별 보조금,2023,제주특별자치도
승합(대형),현대자동차,일렉시티 타운,6725,4035,10760,2023년도 전기자동차 제주특별자치도 모델별 보조금,2023,제주특별자치도
승합(대형),케이지모빌리티커머셜,SMART 9.3,4990,2994,7984,2023년도 전기자동차 제주특별자치도 모델별 보조금,2023,제주특별자치도
승합(대형),케이지모빌리티커머셜,SMART 110(272kWh),5660,3396,9056,2023년도 전기자동차 제주특별자치도 모델별 보조금,2023,제주특별자치도
승합(대형),케이지모빌리티커머셜,SMART 110E(347kWh),6330,3798,10128,2023년도 전기자동차 제주특별자치도 모델별 보조금,2023,제주특별자치도
승합(대형),케이지모빌리티커머셜,SMART 110(260kWh),5955,3573,9528,2023년도 전기자동차 제주특별자치도 모델별 보조금,2023,제주특별자치도
승합(대형),케이지모빌리티커머셜,SMART 110E(260kWh),6277,3766,10043,2023년도 전기자동차 제주특별자치도 모델별 보조금,2023,제주특별자치도
승합(대형),우진산전,아폴로900전기버스,4420,2652,7072,2023년도 전기자동차 제주특별자치도 모델별 보조금,2023,제주특별자치도
승합(대형),우진산전,아폴로1100전기버스 22MY,7000,4200,11200,2023년도 전기자동차 제주특별자치도 모델별 보조금,2023,제주특별자치도
승합(대형),우진산전,아폴로1100전기버스 23MY,7000,4200,11200,2023년도 전기자동차 제주특별자치도 모델별 보조금,2023,제주특별자치도
승합(대형),피라인모터스,HYPERS(H),5137,3082,8219,2023년도 전기자동차 제주특별자치도 모델별 보조금,2023,제주특별자치도
승합(대형),피라인모터스,HYPERS1611,5111,3066,8177,2023년도 전기자동차 제주특별자치도 모델별 보조금,2023,제주특별자치도
승합(대형),피라인모터스,HYPERS1609,5143,3085,8228,2023년도 전기자동차 제주특별자치도 모델별 보조금,2023,제주특별자치도
승합(대형),피라인모터스,HYPERS1612,3893,2335,6228,2023년도 전기자동차 제주특별자치도 모델별 보조금,2023,제주특별자치도
승합(대형),피라인모터스,HYPERS1609H,5572,3343,8915,2023년도 전기자동차 제주특별자치도 모델별 보조금,2023,제주특별자치도
승합(대형),피라인모터스,HYPERS1612N,4990,2994,7984,2023년도 전기자동차 제주특별자치도 모델별 보조금,2023,제주특별자치도
승합(대형),피라인모터스,HYPERS1609N,6042,3625,9667,2023년도 전기자동차 제주특별자치도 모델별 보조금,2023,제주특별자치도
승합(대형),피라인모터스,HYPERS1611N,5620,3372,8992,2023년도 전기자동차 제주특별자치도 모델별 보조금,2023,제주특별자치도
승합(대형),피라인모터스,HYPERS1609HN,5993,3595,9588,2023년도 전기자동차 제주특별자치도 모델별 보조금,2023,제주특별자치도
승합(대형),비바모빌리티,(단종)브이버스90N,4287,2572,6859,2023년도 전기자동차 제주특별자치도 모델별 보조금,2023,제주특별자치도
승합(대형),비바모빌리티,(단종)브이버스120,4690,2814,7504,2023년도 전기자동차 제주특별자치도 모델별 보조금,2023,제주특별자치도
승합(대형),비바모빌리티,(단종)브이버스110-B,4246,2547,6793,2023년도 전기자동차 제주특별자치도 모델별 보조금,2023,제주특별자치도
승합(대형),범한자동차,E-SKY11(350kWh),4989,2993,7982,2023년도 전기자동차 제주특별자치도 모델별 보조금,2023,제주특별자치도
승합(대형),범한자동차,E-SKY9(281kWh),4978,2986,7964,2023년도 전기자동차 제주특별자치도 모델별 보조금,2023,제주특별자치도
승합(대형),범한자동차,E-STAR8 V1,4265,2559,6824,2023년도 전기자동차 제주특별자치도 모델별 보조금,2023,제주특별자치도
승합(대형),범한자동차,E-STAR11,4990,2994,7984,2023년도 전기자동차 제주특별자치도 모델별 보조금,2023,제주특별자치도
승합(대형),범한자동차,E-STAR12i,4990,2994,7984,2023년도 전기자동차 제주특별자치도 모델별 보조금,2023,제주특별자치도
승합(대형),에스에이피,아이즘(IZM),4690,2814,7504,2023년도 전기자동차 제주특별자치도 모델별 보조금,2023,제주특별자치도
승합(대형),에스에이피,엘페(ELFE),4388,2632,7020,2023년도 전기자동차 제주특별자치도 모델별 보조금,2023,제주특별자치도
승합(대형),에스에이피,리오네(LIONNE),4690,2814,7504,2023년도 전기자동차 제주특별자치도 모델별 보조금,2023,제주특별자치도
승합(대형),GS글로벌,NEW BYD eBus-12,4990,2994,7984,2023년도 전기자동차 제주특별자치도 모델별 보조금,2023,제주특별자치도
승합(대형),티에스에코에너지,일레누스(TS1100-2),6810,4086,10896,2023년도 전기자동차 제주특별자치도 모델별 보조금,2023,제주특별자치도
승합(대형),티에스에코에너지,일레누스(TS900),6451,3870,10321,2023년도 전기자동차 제주특별자치도 모델별 보조금,2023,제주특별자치도
승합(대형),이온모터스,시티라이트Ⅱ,4861,2916,7777,2023년도 전기자동차 제주특별자치도 모델별 보조금,2023,제주특별자치도
승합(대형),이온모터스,시티라이트9,4990,2994,7984,2023년도 전기자동차 제주특별자치도 모델별 보조금,2023,제주특별자치도
승합(대형),한차,GREENWAY1100,5394,3236,8630,2023년도 전기자동차 제주특별자치도 모델별 보조금,2023,제주특별자치도
승합(대형),한차,GREENWAY1100A,6258,3754,10012,2023년도 전기자동차 제주특별자치도 모델별 보조금,2023,제주특별자치도
승합(대형),이엠코리아,에픽시티(LFP),4990,2994,7984,2023년도 전기자동차 제주특별자치도 모델별 보조금,2023,제주특별자치도
승합(대형),태영티엔티,GD11,2857,1714,4571,2023년도 전기자동차 제주특별자치도 모델별 보조금,2023,제주특별자치도
승합(대형),재일홀딩스,그린타운400,3846,2307,6153,2023년도 전기자동차 제주특별자치도 모델별 보조금,2023,제주특별자치도
승합(대형),아이버스,아이버스어린이운송차,5727,3436,9163,2023년도 전기자동차 제주특별자치도 모델별 보조금,2023,제주특별자치도
승합(중형),현대자동차,(단종)카운티 일렉트릭(어린이운송용 33인승 V2),4052,0,4052,2023년도 전기자동차 한국환경공단 모델별 보조금,2023,한국환경공단
승합(중형),현대자동차,카운티 일렉트릭,4834,0,4834,2023년도 전기자동차 한국환경공단 모델별 보조금,2023,한국환경공단
승합(중형),현대자동차,카운티 일렉트릭(마을버스),5000,0,5000,2023년도 전기자동차 한국환경공단 모델별 보조금,2023,한국환경공단
승합(중형),이비온,"E6(JL618S), 어린이통학",2362,0,2362,2023년도 전기자동차 한국환경공단 모델별 보조금,2023,한국환경공단
승합(중형),GS글로벌,NEW BYD eBus-7,2894,0,2894,2023년도 전기자동차 한국환경공단 모델별 보조금,2023,한국환경공단
승합(중형),비바모빌리티,(단종)브이버스60,3211,0,3211,2023년도 전기자동차 한국환경공단 모델별 보조금,2023,한국환경공단
승합(중형),케이지모빌리티커머셜,SMART 8.7,4308,0,4308,2023년도 전기자동차 한국환경공단 모델별 보조금,2023,한국환경공단
승합(중형),한차,GREENWAY720,4530,0,4530,2023년도 전기자동차 한국환경공단 모델별 보조금,2023,한국환경공단
승합(중형),테라팩토리,테라밴키즈,1911,0,1911,2023년도 전기자동차 한국환경공단 모델별 보조금,2023,한국환경공단
승합(중형),테라팩토리,테라밴키즈11,1902,0,1902,2023년도 전기자동차 한국환경공단 모델별 보조금,2023,한국환경공단
승합(중형),테라팩토리,테라밴,1889,0,1889,2023년도 전기자동차 한국환경공단 모델별 보조금,2023,한국환경공단
승합(중형),테라팩토리,"테라밴키즈(2022), 어린이운송용14명",2151,0,2151,2023년도 전기자동차 한국환경공단 모델별 보조금,2023,한국환경공단
승합(중형),테라팩토리,"테라밴키즈11(2022), 어린이운송용11명",2142,0,2142,2023년도 전기자동차 한국환경공단 모델별 보조금,2023,한국환경공단
승합(중형),테라팩토리,테라밴,2129,0,2129,2023년도 전기자동차 한국환경공단 모델별 보조금,2023,한국환경공단
승합(중형),중원자동차,EV J1,5000,0,5000,2023년도 전기자동차 한국환경공단 모델별 보조금,2023,한국환경공단
승합(대형),현대자동차,일렉시티 이층버스,11900,0,11900,2023년도 전기자동차 한국환경공단 모델별 보조금,2023,한국환경공단
승합(대형),현대자동차,일렉시티(3PACK),6887,0,6887,2023년도 전기자동차 한국환경공단 모델별 보조금,2023,한국환경공단
승합(대형),현대자동차,일렉시티(4PACK V1),7000,0,7000,2023년도 전기자동차 한국환경공단 모델별 보조금,2023,한국환경공단
승합(대형),현대자동차,일렉시티(4PACK V2),7000,0,7000,2023년도 전기자동차 한국환경공단 모델별 보조금,2023,한국환경공단
승합(대형),현대자동차,일렉시티 타운,6725,0,6725,2023년도 전기자동차 한국환경공단 모델별 보조금,2023,한국환경공단
승합(대형),케이지모빌리티커머셜,SMART 9.3,4990,0,4990,2023년도 전기자동차 한국환경공단 모델별 보조금,2023,한국환경공단
승합(대형),케이지모빌리티커머셜,SMART 110(272kWh),5660,0,5660,2023년도 전기자동차 한국환경공단 모델별 보조금,2023,한국환경공단
승합(대형),케이지모빌리티커머셜,SMART 110E(347kWh),6330,0,6330,2023년도 전기자동차 한국환경공단 모델별 보조금,2023,한국환경공단
승합(대형),케이지모빌리티커머셜,SMART 110(260kWh),5955,0,5955,2023년도 전기자동차 한국환경공단 모델별 보조금,2023,한국환경공단
승합(대형),케이지모빌리티커머셜,SMART 110E(260kWh),6277,0,6277,2023년도 전기자동차 한국환경공단 모델별 보조금,2023,한국환경공단
승합(대형),우진산전,아폴로900전기버스,4420,0,4420,2023년도 전기자동차 한국환경공단 모델별 보조금,2023,한국환경공단
승합(대형),우진산전,아폴로1100전기버스 22MY,7000,0,7000,2023년도 전기자동차 한국환경공단 모델별 보조금,2023,한국환경공단
승합(대형),우진산전,아폴로1100전기버스 23MY,7000,0,7000,2023년도 전기자동차 한국환경공단 모델별 보조금,2023,한국환경공단
승합(대형),피라인모터스,HYPERS(H),5137,0,5137,2023년도 전기자동차 한국환경공단 모델별 보조금,2023,한국환경공단
승합(대형),피라인모터스,HYPERS1611,5111,0,5111,2023년도 전기자동차 한국환경공단 모델별 보조금,2023,한국환경공단
승합(대형),피라인모터스,HYPERS1609,5143,0,5143,2023년도 전기자동차 한국환경공단 모델별 보조금,2023,한국환경공단
승합(대형),피라인모터스,HYPERS1612,3893,0,3893,2023년도 전기자동차 한국환경공단 모델별 보조금,2023,한국환경공단
승합(대형),피라인모터스,HYPERS1609H,5572,0,5572,2023년도 전기자동차 한국환경공단 모델별 보조금,2023,한국환경공단
승합(대형),피라인모터스,HYPERS1612N,4990,0,4990,2023년도 전기자동차 한국환경공단 모델별 보조금,2023,한국환경공단
승합(대형),피라인모터스,HYPERS1609N,6042,0,6042,2023년도 전기자동차 한국환경공단 모델별 보조금,2023,한국환경공단
승합(대형),피라인모터스,HYPERS1611N,5620,0,5620,2023년도 전기자동차 한국환경공단 모델별 보조금,2023,한국환경공단
승합(대형),피라인모터스,HYPERS1609HN,5993,0,5993,2023년도 전기자동차 한국환경공단 모델별 보조금,2023,한국환경공단
승합(대형),비바모빌리티,(단종)브이버스90N,4287,0,4287,2023년도 전기자동차 한국환경공단 모델별 보조금,2023,한국환경공단
승합(대형),비바모빌리티,(단종)브이버스120,4690,0,4690,2023년도 전기자동차 한국환경공단 모델별 보조금,2023,한국환경공단
승합(대형),비바모빌리티,(단종)브이버스110-B,4246,0,4246,2023년도 전기자동차 한국환경공단 모델별 보조금,2023,한국환경공단
승합(대형),범한자동차,E-SKY11(350kWh),4989,0,4989,2023년도 전기자동차 한국환경공단 모델별 보조금,2023,한국환경공단
승합(대형),범한자동차,E-SKY9(281kWh),4978,0,4978,2023년도 전기자동차 한국환경공단 모델별 보조금,2023,한국환경공단
승합(대형),범한자동차,E-STAR8 V1,4265,0,4265,2023년도 전기자동차 한국환경공단 모델별 보조금,2023,한국환경공단
승합(대형),범한자동차,E-STAR11,4990,0,4990,2023년도 전기자동차 한국환경공단 모델별 보조금,2023,한국환경공단
승합(대형),범한자동차,E-STAR12i,4990,0,4990,2023년도 전기자동차 한국환경공단 모델별 보조금,2023,한국환경공단
승합(대형),에스에이피,아이즘(IZM),4690,0,4690,2023년도 전기자동차 한국환경공단 모델별 보조금,2023,한국환경공단
승합(대형),에스에이피,엘페(ELFE),4388,0,4388,2023년도 전기자동차 한국환경공단 모델별 보조금,2023,한국환경공단
승합(대형),에스에이피,리오네(LIONNE),4690,0,4690,2023년도 전기자동차 한국환경공단 모델별 보조금,2023,한국환경공단
승합(대형),GS글로벌,NEW BYD eBus-12,4990,0,4990,2023년도 전기자동차 한국환경공단 모델별 보조금,2023,한국환경공단
승합(대형),티에스에코에너지,일레누스(TS1100-2),6810,0,6810,2023년도 전기자동차 한국환경공단 모델별 보조금,2023,한국환경공단
승합(대형),티에스에코에너지,일레누스(TS900),6451,0,6451,2023년도 전기자동차 한국환경공단 모델별 보조금,2023,한국환경공단
승합(대형),이온모터스,시티라이트Ⅱ,4861,0,4861,2023년도 전기자동차 한국환경공단 모델별 보조금,2023,한국환경공단
승합(대형),이온모터스,시티라이트9,4990,0,4990,2023년도 전기자동차 한국환경공단 모델별 보조금,2023,한국환경공단
승합(대형),한차,GREENWAY1100,5394,0,5394,2023년도 전기자동차 한국환경공단 모델별 보조금,2023,한국환경공단
승합(대형),한차,GREENWAY1100A,6258,0,6258,2023년도 전기자동차 한국환경공단 모델별 보조금,2023,한국환경공단
승합(대형),이엠코리아,에픽시티(LFP),4990,0,4990,2023년도 전기자동차 한국환경공단 모델별 보조금,2023,한국환경공단
승합(대형),태영티엔티,GD11,2857,0,2857,2023년도 전기자동차 한국환경공단 모델별 보조금,2023,한국환경공단
승합(대형),재일홀딩스,그린타운400,3846,0,3846,2023년도 전기자동차 한국환경공단 모델별 보조금,2023,한국환경공단
승합(대형),아이버스,아이버스어린이운송차,5727,0,5727,2023년도 전기자동차 한국환경공단 모델별 보조금,2023,한국환경공단
승합(중형),현대자동차,(단종)카운티 일렉트릭(어린이운송용 33인승 V2),4052,1620,5672,2023년도 전기자동차 서울특별시 모델별 보조금,2023,서울특별시
승합(중형),현대자동차,카운티 일렉트릭,4834,1933,6767,2023년도 전기자동차 서울특별시 모델별 보조금,2023,서울특별시
승합(중형),현대자동차,카운티 일렉트릭(마을버스),5000,2000,7000,2023년도 전기자동차 서울특별시 모델별 보조금,2023,서울특별시
승합(중형),이비온,"E6(JL618S), 어린이통학",2362,944,3306,2023년도 전기자동차 서울특별시 모델별 보조금,2023,서울특별시
승합(중형),GS글로벌,NEW BYD eBus-7,2894,1157,4051,2023년도 전기자동차 서울특별시 모델별 보조금,2023,서울특별시
승합(중형),비바모빌리티,(단종)브이버스60,3211,1284,4495,2023년도 전기자동차 서울특별시 모델별 보조금,2023,서울특별시
승합(중형),케이지모빌리티커머셜,SMART 8.7,4308,1723,6031,2023년도 전기자동차 서울특별시 모델별 보조금,2023,서울특별시
승합(중형),한차,GREENWAY720,4530,1812,6342,2023년도 전기자동차 서울특별시 모델별 보조금,2023,서울특별시
승합(중형),테라팩토리,테라밴키즈,1911,764,2675,2023년도 전기자동차 서울특별시 모델별 보조금,2023,서울특별시
승합(중형),테라팩토리,테라밴키즈11,1902,760,2662,2023년도 전기자동차 서울특별시 모델별 보조금,2023,서울특별시
승합(중형),테라팩토리,테라밴,1889,755,2644,2023년도 전기자동차 서울특별시 모델별 보조금,2023,서울특별시
승합(중형),테라팩토리,"테라밴키즈(2022), 어린이운송용14명",2151,860,3011,2023년도 전기자동차 서울특별시 모델별 보조금,2023,서울특별시
승합(중형),테라팩토리,"테라밴키즈11(2022), 어린이운송용11명",2142,856,2998,2023년도 전기자동차 서울특별시 모델별 보조금,2023,서울특별시
승합(중형),테라팩토리,테라밴,2129,851,2980,2023년도 전기자동차 서울특별시 모델별 보조금,2023,서울특별시
승합(중형),중원자동차,EV J1,5000,2000,7000,2023년도 전기자동차 서울특별시 모델별 보조금,2023,서울특별시
승합(대형),현대자동차,일렉시티 이층버스,11900,0,11900,2023년도 전기자동차 서울특별시 모델별 보조금,2023,서울특별시
승합(대형),현대자동차,일렉시티(3PACK),6887,2951,9838,2023년도 전기자동차 서울특별시 모델별 보조금,2023,서울특별시
승합(대형),현대자동차,일렉시티(4PACK V1),7000,3000,10000,2023년도 전기자동차 서울특별시 모델별 보조금,2023,서울특별시
승합(대형),현대자동차,일렉시티(4PACK V2),7000,3000,10000,2023년도 전기자동차 서울특별시 모델별 보조금,2023,서울특별시
승합(대형),현대자동차,일렉시티 타운,6725,2882,9607,2023년도 전기자동차 서울특별시 모델별 보조금,2023,서울특별시
승합(대형),케이지모빌리티커머셜,SMART 9.3,4990,2138,7128,2023년도 전기자동차 서울특별시 모델별 보조금,2023,서울특별시
승합(대형),케이지모빌리티커머셜,SMART 110(272kWh),5660,2425,8085,2023년도 전기자동차 서울특별시 모델별 보조금,2023,서울특별시
승합(대형),케이지모빌리티커머셜,SMART 110E(347kWh),6330,2712,9042,2023년도 전기자동차 서울특별시 모델별 보조금,2023,서울특별시
승합(대형),케이지모빌리티커머셜,SMART 110(260kWh),5955,2552,8507,2023년도 전기자동차 서울특별시 모델별 보조금,2023,서울특별시
승합(대형),케이지모빌리티커머셜,SMART 110E(260kWh),6277,2690,8967,2023년도 전기자동차 서울특별시 모델별 보조금,2023,서울특별시
승합(대형),우진산전,아폴로900전기버스,4420,1894,6314,2023년도 전기자동차 서울특별시 모델별 보조금,2023,서울특별시
승합(대형),우진산전,아폴로1100전기버스 22MY,7000,3000,10000,2023년도 전기자동차 서울특별시 모델별 보조금,2023,서울특별시
승합(대형),우진산전,아폴로1100전기버스 23MY,7000,3000,10000,2023년도 전기자동차 서울특별시 모델별 보조금,2023,서울특별시
승합(대형),우진산전,아폴로1200-B43,7000,3000,10000,2023년도 전기자동차 서울특별시 모델별 보조금,2023,서울특별시
승합(대형),피라인모터스,HYPERS(H),5137,2201,7338,2023년도 전기자동차 서울특별시 모델별 보조금,2023,서울특별시
승합(대형),피라인모터스,HYPERS1611,5111,2190,7301,2023년도 전기자동차 서울특별시 모델별 보조금,2023,서울특별시
승합(대형),피라인모터스,HYPERS1609,5143,2204,7347,2023년도 전기자동차 서울특별시 모델별 보조금,2023,서울특별시
승합(대형),피라인모터스,HYPERS1612,3893,1668,5561,2023년도 전기자동차 서울특별시 모델별 보조금,2023,서울특별시
승합(대형),피라인모터스,HYPERS1609H,5572,2388,7960,2023년도 전기자동차 서울특별시 모델별 보조금,2023,서울특별시
승합(대형),피라인모터스,HYPERS1612N,4990,2138,7128,2023년도 전기자동차 서울특별시 모델별 보조금,2023,서울특별시
승합(대형),피라인모터스,HYPERS1609N,6042,2589,8631,2023년도 전기자동차 서울특별시 모델별 보조금,2023,서울특별시
승합(대형),피라인모터스,HYPERS1611N,5620,2408,8028,2023년도 전기자동차 서울특별시 모델별 보조금,2023,서울특별시
승합(대형),피라인모터스,HYPERS1609HN,5993,2568,8561,2023년도 전기자동차 서울특별시 모델별 보조금,2023,서울특별시
승합(대형),피라인모터스,HYPERS1611P,7000,3000,10000,2023년도 전기자동차 서울특별시 모델별 보조금,2023,서울특별시
승합(대형),피라인모터스,HYPERS1609P,7000,3000,10000,2023년도 전기자동차 서울특별시 모델별 보조금,2023,서울특별시
승합(대형),비바모빌리티,(단종)브이버스90N,4287,1837,6124,2023년도 전기자동차 서울특별시 모델별 보조금,2023,서울특별시
승합(대형),비바모빌리티,(단종)브이버스120,4690,2010,6700,2023년도 전기자동차 서울특별시 모델별 보조금,2023,서울특별시
승합(대형),비바모빌리티,(단종)브이버스110-B,4246,1819,6065,2023년도 전기자동차 서울특별시 모델별 보조금,2023,서울특별시
승합(대형),범한자동차,E-SKY11(350kWh),4989,2138,7127,2023년도 전기자동차 서울특별시 모델별 보조금,2023,서울특별시
승합(대형),범한자동차,E-SKY9(281kWh),4978,2133,7111,2023년도 전기자동차 서울특별시 모델별 보조금,2023,서울특별시
승합(대형),범한자동차,E-STAR8 V1,4265,1827,6092,2023년도 전기자동차 서울특별시 모델별 보조금,2023,서울특별시
승합(대형),범한자동차,E-STAR11,4990,2138,7128,2023년도 전기자동차 서울특별시 모델별 보조금,2023,서울특별시
승합(대형),범한자동차,E-STAR12i,4990,2138,7128,2023년도 전기자동차 서울특별시 모델별 보조금,2023,서울특별시
승합(대형),에스에이피,아이즘(IZM),4690,2010,6700,2023년도 전기자동차 서울특별시 모델별 보조금,2023,서울특별시
승합(대형),에스에이피,엘페(ELFE),4388,1880,6268,2023년도 전기자동차 서울특별시 모델별 보조금,2023,서울특별시
승합(대형),에스에이피,리오네(LIONNE),4690,2010,6700,2023년도 전기자동차 서울특별시 모델별 보조금,2023,서울특별시
승합(대형),GS글로벌,NEW BYD eBus-12,4990,2138,7128,2023년도 전기자동차 서울특별시 모델별 보조금,2023,서울특별시
승합(대형),GS글로벌,BYD eBus9,5660,2425,8085,2023년도 전기자동차 서울특별시 모델별 보조금,2023,서울특별시
승합(대형),티에스에코에너지,일레누스(TS1100-1),6633,2842,9475,2023년도 전기자동차 서울특별시 모델별 보조금,2023,서울특별시
승합(대형),티에스에코에너지,일레누스(TS1100-2),6810,2918,9728,2023년도 전기자동차 서울특별시 모델별 보조금,2023,서울특별시
승합(대형),티에스에코에너지,일레누스(TS900),6451,2764,9215,2023년도 전기자동차 서울특별시 모델별 보조금,2023,서울특별시
승합(대형),이온모터스,시티라이트Ⅱ,4861,2083,6944,2023년도 전기자동차 서울특별시 모델별 보조금,2023,서울특별시
승합(대형),이온모터스,시티라이트9,4990,2138,7128,2023년도 전기자동차 서울특별시 모델별 보조금,2023,서울특별시
승합(대형),한차,GREENWAY1100,5394,2311,7705,2023년도 전기자동차 서울특별시 모델별 보조금,2023,서울특별시
승합(대형),한차,GREENWAY1100A,6258,2682,8940,2023년도 전기자동차 서울특별시 모델별 보조금,2023,서울특별시
승합(대형),이엠코리아,에픽시티(LFP),4990,2138,7128,2023년도 전기자동차 서울특별시 모델별 보조금,2023,서울특별시
승합(대형),이엠코리아,에픽타운(LFP),4406,1888,6294,2023년도 전기자동차 서울특별시 모델별 보조금,2023,서울특별시
승합(대형),태영티엔티,GD11,2857,1224,4081,2023년도 전기자동차 서울특별시 모델별 보조금,2023,서울특별시
승합(대형),재일홀딩스,그린타운400,3846,1648,5494,2023년도 전기자동차 서울특별시 모델별 보조금,2023,서울특별시
승합(대형),아이버스,아이버스어린이운송차,5727,2454,8181,2023년도 전기자동차 서울특별시 모델별 보조금,2023,서울특별시
승합(대형),서울시티투어버스,타이거클래식트롤리버스,3161,1354,4515,2023년도 전기자동차 서울특별시 모델별 보조금,2023,서울특별시
