차종,제조사,모델명,국비 (만원),지방비 (만원),보조금 (만원),text,연도,행정구역
화물(초소형),스마트솔루션즈,D2C,550,200.0,750.0,2023년도 전기자동차 부산광역시 모델별 보조금,2023,부산광역시
화물(초소형),스마트솔루션즈,D2P,550,200.0,750.0,2023년도 전기자동차 부산광역시 모델별 보조금,2023,부산광역시
화물(초소형),루트17,다니고3,550,200.0,750.0,2023년도 전기자동차 부산광역시 모델별 보조금,2023,부산광역시
화물(초소형),루트17,다니고3 픽업,550,200.0,750.0,2023년도 전기자동차 부산광역시 모델별 보조금,2023,부산광역시
화물(초소형),마스타전기차,MASTA VAN,550,200.0,750.0,2023년도 전기자동차 부산광역시 모델별 보조금,2023,부산광역시
화물(초소형),마스타전기차,MASTA HIM,550,200.0,750.0,2023년도 전기자동차 부산광역시 모델별 보조금,2023,부산광역시
화물(초소형),디피코,포트로-탑,550,200.0,750.0,2023년도 전기자동차 부산광역시 모델별 보조금,2023,부산광역시
화물(초소형),디피코,포트로-픽업,550,200.0,750.0,2023년도 전기자동차 부산광역시 모델별 보조금,2023,부산광역시
화물(초소형),디피코,포트로-탑S,550,200.0,750.0,2023년도 전기자동차 부산광역시 모델별 보조금,2023,부산광역시
화물(초소형),디피코,포트로-픽업S,550,200.0,750.0,2023년도 전기자동차 부산광역시 모델별 보조금,2023,부산광역시
화물(초소형),진우에스엠씨,포텐스,550,200.0,750.0,2023년도 전기자동차 부산광역시 모델별 보조금,2023,부산광역시
화물(경형),파워프라자,라보ev PEACE,900,300.0,1200.0,2023년도 전기자동차 부산광역시 모델별 보조금,2023,부산광역시
화물(경형),디피코,포트로350L-탑,900,300.0,1200.0,2023년도 전기자동차 부산광역시 모델별 보조금,2023,부산광역시
화물(경형),디피코,포트로350L-픽업,900,300.0,1200.0,2023년도 전기자동차 부산광역시 모델별 보조금,2023,부산광역시
화물(소형),제인모터스,제인모터스칼마토EV1톤내장탑차,498,166.0,664.0,2023년도 전기자동차 부산광역시 모델별 보조금,2023,부산광역시
화물(소형),파워프라자,봉고3ev PEACE,536,178.0,714.0,2023년도 전기자동차 부산광역시 모델별 보조금,2023,부산광역시
화물(소형),파워프라자,봉고3ev PEACE 더블캡,437,145.0,582.0,2023년도 전기자동차 부산광역시 모델별 보조금,2023,부산광역시
화물(소형),현대자동차,포터Ⅱ 일렉트릭(23MY),1200,400.0,1600.0,2023년도 전기자동차 부산광역시 모델별 보조금,2023,부산광역시
화물(소형),현대자동차,포터Ⅱ 일렉트릭(24MY),1200,400.0,1600.0,2023년도 전기자동차 부산광역시 모델별 보조금,2023,부산광역시
화물(소형),기아,봉고 전기차,1200,400.0,1600.0,2023년도 전기자동차 부산광역시 모델별 보조금,2023,부산광역시
화물(소형),기아,봉고 전기차 냉동탑차,1400,400.0,1800.0,2023년도 전기자동차 부산광역시 모델별 보조금,2023,부산광역시
화물(소형),기아,봉고 전기차 저상형 냉동탑차,1400,400.0,1800.0,2023년도 전기자동차 부산광역시 모델별 보조금,2023,부산광역시
화물(소형),일진정공,일진무시동전기냉동탑차(149.9km),1053,351.0,1404.0,2023년도 전기자동차 부산광역시 모델별 보조금,2023,부산광역시
화물(소형),일진정공,일진무시동전기냉동탑차(186.1km),1321,400.0,1721.0,2023년도 전기자동차 부산광역시 모델별 보조금,2023,부산광역시
화물(소형),일진정공,일진무시동전기냉동탑차(봉고),1460,400.0,1860.0,2023년도 전기자동차 부산광역시 모델별 보조금,2023,부산광역시
화물(소형),일진정공,일진무시동전기냉동탑차(포터),1444,400.0,1844.0,2023년도 전기자동차 부산광역시 모델별 보조금,2023,부산광역시
화물(소형),루트17,다니고밴,784,261.0,1045.0,2023년도 전기자동차 부산광역시 모델별 보조금,2023,부산광역시
화물(소형),루트17,다니고C(0.8톤 전기트럭),1112,370.0,1482.0,2023년도 전기자동차 부산광역시 모델별 보조금,2023,부산광역시
화물(소형),루트17,다니고C2(0.8톤 전기트럭),909,303.0,1212.0,2023년도 전기자동차 부산광역시 모델별 보조금,2023,부산광역시
화물(소형),루트17,다니고R(전기냉동탑차),1313,400.0,1713.0,2023년도 전기자동차 부산광역시 모델별 보조금,2023,부산광역시
화물(소형),루트17,다니고R2(무시동 전기냉동탑차),1212,400.0,1612.0,2023년도 전기자동차 부산광역시 모델별 보조금,2023,부산광역시
화물(소형),한신자동차,플러스2.0,648,216.0,864.0,2023년도 전기자동차 부산광역시 모델별 보조금,2023,부산광역시
화물(소형),비바모빌리티,(단종)비바,932,310.0,1242.0,2023년도 전기자동차 부산광역시 모델별 보조금,2023,부산광역시
화물(소형),비바모빌리티,(단종)브라보,802,267.0,1069.0,2023년도 전기자동차 부산광역시 모델별 보조금,2023,부산광역시
화물(소형),이브이케이엠씨,(단종)MASADA 2밴,1124,374.0,1498.0,2023년도 전기자동차 부산광역시 모델별 보조금,2023,부산광역시
화물(소형),이브이케이엠씨,(단종)MASADA 4밴,1025,341.0,1366.0,2023년도 전기자동차 부산광역시 모델별 보조금,2023,부산광역시
화물(소형),이브이케이엠씨,MASADA 픽업,1078,359.0,1437.0,2023년도 전기자동차 부산광역시 모델별 보조금,2023,부산광역시
화물(소형),이브이케이엠씨,MASADA 3세대 2밴,1124,374.0,1498.0,2023년도 전기자동차 부산광역시 모델별 보조금,2023,부산광역시
화물(소형),이브이케이엠씨,MASADA 3세대 4밴,1025,341.0,1366.0,2023년도 전기자동차 부산광역시 모델별 보조금,2023,부산광역시
화물(소형),이브이케이엠씨,MASADA 2밴,1200,400.0,1600.0,2023년도 전기자동차 부산광역시 모델별 보조금,2023,부산광역시
화물(소형),이브이케이엠씨,MASADA 4밴,1200,400.0,1600.0,2023년도 전기자동차 부산광역시 모델별 보조금,2023,부산광역시
화물(소형),경인모터스,경인1톤전기냉동탑차,1151,383.0,1534.0,2023년도 전기자동차 부산광역시 모델별 보조금,2023,부산광역시
화물(소형),제이스모빌리티,(단종)이티밴,1200,400.0,1600.0,2023년도 전기자동차 부산광역시 모델별 보조금,2023,부산광역시
화물(소형),제이스모빌리티,이티밴,1200,400.0,1600.0,2023년도 전기자동차 부산광역시 모델별 보조금,2023,부산광역시
화물(소형),제이스모빌리티,이티4밴,1180,393.0,1573.0,2023년도 전기자동차 부산광역시 모델별 보조금,2023,부산광역시
화물(소형),오텍,오텍 무시동 전기 냉동탑차(봉고),1253,400.0,1653.0,2023년도 전기자동차 부산광역시 모델별 보조금,2023,부산광역시
화물(소형),이엔플러스,이엔1톤롱바디카고,959,319.0,1278.0,2023년도 전기자동차 부산광역시 모델별 보조금,2023,부산광역시
화물(소형),이엔플러스,이엔플러스EV1톤롱바디트럭,1009,336.0,1345.0,2023년도 전기자동차 부산광역시 모델별 보조금,2023,부산광역시
화물(소형),GS글로벌,T4K,1200,400.0,1600.0,2023년도 전기자동차 부산광역시 모델별 보조금,2023,부산광역시
화물(소형),에스에스라이트,젤라,986,328.0,1314.0,2023년도 전기자동차 부산광역시 모델별 보조금,2023,부산광역시
화물(소형),에스에스라이트,젤라 P200,1177,392.0,1569.0,2023년도 전기자동차 부산광역시 모델별 보조금,2023,부산광역시
화물(소형),한국쓰리축,한국쓰리축1톤롱바디EV트럭(봉고),943,314.0,1257.0,2023년도 전기자동차 부산광역시 모델별 보조금,2023,부산광역시
화물(소형),한국쓰리축,한국쓰리축1톤롱바디EV트럭(포터),963,321.0,1284.0,2023년도 전기자동차 부산광역시 모델별 보조금,2023,부산광역시
화물(소형),모빌리티네트웍스,SE-A2밴,1200,400.0,1600.0,2023년도 전기자동차 부산광역시 모델별 보조금,2023,부산광역시
화물(초소형),스마트솔루션즈,D2C,550,250.0,800.0,2023년도 전기자동차 대구광역시 모델별 보조금,2023,대구광역시
화물(초소형),스마트솔루션즈,D2P,550,250.0,800.0,2023년도 전기자동차 대구광역시 모델별 보조금,2023,대구광역시
화물(초소형),루트17,다니고3,550,250.0,800.0,2023년도 전기자동차 대구광역시 모델별 보조금,2023,대구광역시
화물(초소형),루트17,다니고3 픽업,550,250.0,800.0,2023년도 전기자동차 대구광역시 모델별 보조금,2023,대구광역시
화물(초소형),마스타전기차,MASTA VAN,550,250.0,800.0,2023년도 전기자동차 대구광역시 모델별 보조금,2023,대구광역시
화물(초소형),마스타전기차,MASTA HIM,550,250.0,800.0,2023년도 전기자동차 대구광역시 모델별 보조금,2023,대구광역시
화물(초소형),디피코,포트로-탑,550,250.0,800.0,2023년도 전기자동차 대구광역시 모델별 보조금,2023,대구광역시
화물(초소형),디피코,포트로-픽업,550,250.0,800.0,2023년도 전기자동차 대구광역시 모델별 보조금,2023,대구광역시
화물(초소형),디피코,포트로-탑S,550,250.0,800.0,2023년도 전기자동차 대구광역시 모델별 보조금,2023,대구광역시
화물(초소형),디피코,포트로-픽업S,550,250.0,800.0,2023년도 전기자동차 대구광역시 모델별 보조금,2023,대구광역시
화물(초소형),진우에스엠씨,포텐스,550,250.0,800.0,2023년도 전기자동차 대구광역시 모델별 보조금,2023,대구광역시
화물(경형),파워프라자,라보ev PEACE,900,350.0,1250.0,2023년도 전기자동차 대구광역시 모델별 보조금,2023,대구광역시
화물(경형),디피코,포트로350L-탑,900,350.0,1250.0,2023년도 전기자동차 대구광역시 모델별 보조금,2023,대구광역시
화물(경형),디피코,포트로350L-픽업,900,350.0,1250.0,2023년도 전기자동차 대구광역시 모델별 보조금,2023,대구광역시
화물(소형),제인모터스,제인모터스칼마토EV1톤내장탑차,498,166.0,664.0,2023년도 전기자동차 대구광역시 모델별 보조금,2023,대구광역시
화물(소형),파워프라자,봉고3ev PEACE,536,178.0,714.0,2023년도 전기자동차 대구광역시 모델별 보조금,2023,대구광역시
화물(소형),파워프라자,봉고3ev PEACE 더블캡,437,145.0,582.0,2023년도 전기자동차 대구광역시 모델별 보조금,2023,대구광역시
화물(소형),현대자동차,포터Ⅱ 일렉트릭(23MY),1200,400.0,1600.0,2023년도 전기자동차 대구광역시 모델별 보조금,2023,대구광역시
화물(소형),현대자동차,포터Ⅱ 일렉트릭(24MY),1200,400.0,1600.0,2023년도 전기자동차 대구광역시 모델별 보조금,2023,대구광역시
화물(소형),기아,봉고 전기차,1200,400.0,1600.0,2023년도 전기자동차 대구광역시 모델별 보조금,2023,대구광역시
화물(소형),기아,봉고 전기차 냉동탑차,1400,400.0,1800.0,2023년도 전기자동차 대구광역시 모델별 보조금,2023,대구광역시
화물(소형),기아,봉고 전기차 저상형 냉동탑차,1400,400.0,1800.0,2023년도 전기자동차 대구광역시 모델별 보조금,2023,대구광역시
화물(소형),일진정공,일진무시동전기냉동탑차(149.9km),1053,351.0,1404.0,2023년도 전기자동차 대구광역시 모델별 보조금,2023,대구광역시
화물(소형),일진정공,일진무시동전기냉동탑차(186.1km),1321,400.0,1721.0,2023년도 전기자동차 대구광역시 모델별 보조금,2023,대구광역시
화물(소형),일진정공,일진무시동전기냉동탑차(봉고),1460,486.0,1946.0,2023년도 전기자동차 대구광역시 모델별 보조금,2023,대구광역시
화물(소형),일진정공,일진무시동전기냉동탑차(포터),1444,481.0,1925.0,2023년도 전기자동차 대구광역시 모델별 보조금,2023,대구광역시
화물(소형),루트17,다니고밴,784,261.0,1045.0,2023년도 전기자동차 대구광역시 모델별 보조금,2023,대구광역시
화물(소형),루트17,다니고C(0.8톤 전기트럭),1112,370.0,1482.0,2023년도 전기자동차 대구광역시 모델별 보조금,2023,대구광역시
화물(소형),루트17,다니고C2(0.8톤 전기트럭),909,303.0,1212.0,2023년도 전기자동차 대구광역시 모델별 보조금,2023,대구광역시
화물(소형),루트17,다니고R(전기냉동탑차),1313,400.0,1713.0,2023년도 전기자동차 대구광역시 모델별 보조금,2023,대구광역시
화물(소형),루트17,다니고R2(무시동 전기냉동탑차),1212,400.0,1612.0,2023년도 전기자동차 대구광역시 모델별 보조금,2023,대구광역시
화물(소형),한신자동차,플러스2.0,648,216.0,864.0,2023년도 전기자동차 대구광역시 모델별 보조금,2023,대구광역시
화물(소형),비바모빌리티,(단종)비바,932,310.0,1242.0,2023년도 전기자동차 대구광역시 모델별 보조금,2023,대구광역시
화물(소형),비바모빌리티,(단종)브라보,802,267.0,1069.0,2023년도 전기자동차 대구광역시 모델별 보조금,2023,대구광역시
화물(소형),이브이케이엠씨,(단종)MASADA 2밴,1124,374.0,1498.0,2023년도 전기자동차 대구광역시 모델별 보조금,2023,대구광역시
화물(소형),이브이케이엠씨,(단종)MASADA 4밴,1025,341.0,1366.0,2023년도 전기자동차 대구광역시 모델별 보조금,2023,대구광역시
화물(소형),이브이케이엠씨,MASADA 픽업,1078,359.0,1437.0,2023년도 전기자동차 대구광역시 모델별 보조금,2023,대구광역시
화물(소형),이브이케이엠씨,MASADA 3세대 2밴,1124,374.0,1498.0,2023년도 전기자동차 대구광역시 모델별 보조금,2023,대구광역시
화물(소형),이브이케이엠씨,MASADA 3세대 4밴,1025,341.0,1366.0,2023년도 전기자동차 대구광역시 모델별 보조금,2023,대구광역시
화물(소형),이브이케이엠씨,MASADA 2밴,1200,400.0,1600.0,2023년도 전기자동차 대구광역시 모델별 보조금,2023,대구광역시
화물(소형),이브이케이엠씨,MASADA 4밴,1200,400.0,1600.0,2023년도 전기자동차 대구광역시 모델별 보조금,2023,대구광역시
화물(소형),이브이케이엠씨,EC35 2밴,850,283.0,1133.0,2023년도 전기자동차 대구광역시 모델별 보조금,2023,대구광역시
화물(소형),경인모터스,경인1톤전기냉동탑차,1151,383.0,1534.0,2023년도 전기자동차 대구광역시 모델별 보조금,2023,대구광역시
화물(소형),제이스모빌리티,(단종)이티밴,1200,400.0,1600.0,2023년도 전기자동차 대구광역시 모델별 보조금,2023,대구광역시
화물(소형),제이스모빌리티,이티밴,1200,400.0,1600.0,2023년도 전기자동차 대구광역시 모델별 보조금,2023,대구광역시
화물(소형),제이스모빌리티,이티4밴,1180,393.0,1573.0,2023년도 전기자동차 대구광역시 모델별 보조금,2023,대구광역시
화물(소형),오텍,오텍 무시동 전기 냉동탑차(봉고),1253,400.0,1653.0,2023년도 전기자동차 대구광역시 모델별 보조금,2023,대구광역시
화물(소형),이엔플러스,이엔1톤롱바디카고,959,319.0,1278.0,2023년도 전기자동차 대구광역시 모델별 보조금,2023,대구광역시
화물(소형),이엔플러스,이엔플러스EV1톤롱바디트럭,1009,336.0,1345.0,2023년도 전기자동차 대구광역시 모델별 보조금,2023,대구광역시
화물(소형),GS글로벌,T4K,1200,400.0,1600.0,2023년도 전기자동차 대구광역시 모델별 보조금,2023,대구광역시
화물(소형),에스에스라이트,젤라,986,328.0,1314.0,2023년도 전기자동차 대구광역시 모델별 보조금,2023,대구광역시
화물(소형),에스에스라이트,젤라 P200,1177,392.0,1569.0,2023년도 전기자동차 대구광역시 모델별 보조금,2023,대구광역시
화물(소형),한국쓰리축,한국쓰리축1톤롱바디EV트럭(봉고),943,314.0,1257.0,2023년도 전기자동차 대구광역시 모델별 보조금,2023,대구광역시
화물(소형),한국쓰리축,한국쓰리축1톤롱바디EV트럭(포터),963,321.0,1284.0,2023년도 전기자동차 대구광역시 모델별 보조금,2023,대구광역시
화물(소형),모빌리티네트웍스,SE-A2밴,1200,400.0,1600.0,2023년도 전기자동차 대구광역시 모델별 보조금,2023,대구광역시
화물(초소형),스마트솔루션즈,D2C,550,275.0,825.0,2023년도 전기자동차 인천광역시 모델별 보조금,2023,인천광역시
화물(초소형),스마트솔루션즈,D2P,550,275.0,825.0,2023년도 전기자동차 인천광역시 모델별 보조금,2023,인천광역시
화물(초소형),루트17,다니고3,550,275.0,825.0,2023년도 전기자동차 인천광역시 모델별 보조금,2023,인천광역시
화물(초소형),루트17,다니고3 픽업,550,275.0,825.0,2023년도 전기자동차 인천광역시 모델별 보조금,2023,인천광역시
화물(초소형),마스타전기차,MASTA VAN,550,275.0,825.0,2023년도 전기자동차 인천광역시 모델별 보조금,2023,인천광역시
화물(초소형),마스타전기차,MASTA HIM,550,275.0,825.0,2023년도 전기자동차 인천광역시 모델별 보조금,2023,인천광역시
화물(초소형),디피코,포트로-탑,550,275.0,825.0,2023년도 전기자동차 인천광역시 모델별 보조금,2023,인천광역시
화물(초소형),디피코,포트로-픽업,550,275.0,825.0,2023년도 전기자동차 인천광역시 모델별 보조금,2023,인천광역시
화물(초소형),디피코,포트로-탑S,550,275.0,825.0,2023년도 전기자동차 인천광역시 모델별 보조금,2023,인천광역시
화물(초소형),디피코,포트로-픽업S,550,275.0,825.0,2023년도 전기자동차 인천광역시 모델별 보조금,2023,인천광역시
화물(초소형),진우에스엠씨,포텐스,550,275.0,825.0,2023년도 전기자동차 인천광역시 모델별 보조금,2023,인천광역시
화물(경형),파워프라자,라보ev PEACE,900,450.0,1350.0,2023년도 전기자동차 인천광역시 모델별 보조금,2023,인천광역시
화물(경형),디피코,포트로350L-탑,900,450.0,1350.0,2023년도 전기자동차 인천광역시 모델별 보조금,2023,인천광역시
화물(경형),디피코,포트로350L-픽업,900,450.0,1350.0,2023년도 전기자동차 인천광역시 모델별 보조금,2023,인천광역시
화물(소형),제인모터스,제인모터스칼마토EV1톤내장탑차,498,249.0,747.0,2023년도 전기자동차 인천광역시 모델별 보조금,2023,인천광역시
화물(소형),파워프라자,봉고3ev PEACE,536,268.0,804.0,2023년도 전기자동차 인천광역시 모델별 보조금,2023,인천광역시
화물(소형),파워프라자,봉고3ev PEACE 더블캡,437,218.0,655.0,2023년도 전기자동차 인천광역시 모델별 보조금,2023,인천광역시
화물(소형),현대자동차,포터Ⅱ 일렉트릭(24MY),1200,600.0,1800.0,2023년도 전기자동차 인천광역시 모델별 보조금,2023,인천광역시
화물(소형),기아,봉고 전기차,1200,600.0,1800.0,2023년도 전기자동차 인천광역시 모델별 보조금,2023,인천광역시
화물(소형),기아,봉고 전기차 냉동탑차,1400,700.0,2100.0,2023년도 전기자동차 인천광역시 모델별 보조금,2023,인천광역시
화물(소형),기아,봉고 전기차 저상형 냉동탑차,1400,700.0,2100.0,2023년도 전기자동차 인천광역시 모델별 보조금,2023,인천광역시
화물(소형),일진정공,일진무시동전기냉동탑차(149.9km),1053,526.0,1579.0,2023년도 전기자동차 인천광역시 모델별 보조금,2023,인천광역시
화물(소형),일진정공,일진무시동전기냉동탑차(186.1km),1321,660.0,1981.0,2023년도 전기자동차 인천광역시 모델별 보조금,2023,인천광역시
화물(소형),일진정공,일진무시동전기냉동탑차(봉고),1460,730.0,2190.0,2023년도 전기자동차 인천광역시 모델별 보조금,2023,인천광역시
화물(소형),일진정공,일진무시동전기냉동탑차(포터),1444,722.0,2166.0,2023년도 전기자동차 인천광역시 모델별 보조금,2023,인천광역시
화물(소형),루트17,다니고밴,784,392.0,1176.0,2023년도 전기자동차 인천광역시 모델별 보조금,2023,인천광역시
화물(소형),루트17,다니고C(0.8톤 전기트럭),1112,556.0,1668.0,2023년도 전기자동차 인천광역시 모델별 보조금,2023,인천광역시
화물(소형),루트17,다니고C2(0.8톤 전기트럭),909,454.0,1363.0,2023년도 전기자동차 인천광역시 모델별 보조금,2023,인천광역시
화물(소형),루트17,다니고R(전기냉동탑차),1313,656.0,1969.0,2023년도 전기자동차 인천광역시 모델별 보조금,2023,인천광역시
화물(소형),루트17,다니고R2(무시동 전기냉동탑차),1212,606.0,1818.0,2023년도 전기자동차 인천광역시 모델별 보조금,2023,인천광역시
화물(소형),한신자동차,플러스2.0,648,324.0,972.0,2023년도 전기자동차 인천광역시 모델별 보조금,2023,인천광역시
화물(소형),비바모빌리티,(단종)비바,932,466.0,1398.0,2023년도 전기자동차 인천광역시 모델별 보조금,2023,인천광역시
화물(소형),비바모빌리티,(단종)브라보,802,401.0,1203.0,2023년도 전기자동차 인천광역시 모델별 보조금,2023,인천광역시
화물(소형),이브이케이엠씨,(단종)MASADA 2밴,1124,562.0,1686.0,2023년도 전기자동차 인천광역시 모델별 보조금,2023,인천광역시
화물(소형),이브이케이엠씨,(단종)MASADA 4밴,1025,512.0,1537.0,2023년도 전기자동차 인천광역시 모델별 보조금,2023,인천광역시
화물(소형),이브이케이엠씨,MASADA 픽업,1078,539.0,1617.0,2023년도 전기자동차 인천광역시 모델별 보조금,2023,인천광역시
화물(소형),이브이케이엠씨,MASADA 3세대 2밴,1124,562.0,1686.0,2023년도 전기자동차 인천광역시 모델별 보조금,2023,인천광역시
화물(소형),이브이케이엠씨,MASADA 3세대 4밴,1025,512.0,1537.0,2023년도 전기자동차 인천광역시 모델별 보조금,2023,인천광역시
화물(소형),이브이케이엠씨,MASADA 2밴,1200,600.0,1800.0,2023년도 전기자동차 인천광역시 모델별 보조금,2023,인천광역시
화물(소형),이브이케이엠씨,MASADA 4밴,1200,600.0,1800.0,2023년도 전기자동차 인천광역시 모델별 보조금,2023,인천광역시
화물(소형),경인모터스,경인1톤전기냉동탑차,1151,575.0,1726.0,2023년도 전기자동차 인천광역시 모델별 보조금,2023,인천광역시
화물(소형),제이스모빌리티,(단종)이티밴,1200,600.0,1800.0,2023년도 전기자동차 인천광역시 모델별 보조금,2023,인천광역시
화물(소형),제이스모빌리티,이티4밴,1180,590.0,1770.0,2023년도 전기자동차 인천광역시 모델별 보조금,2023,인천광역시
화물(소형),오텍,오텍 무시동 전기 냉동탑차(봉고),1253,626.0,1879.0,2023년도 전기자동차 인천광역시 모델별 보조금,2023,인천광역시
화물(소형),이엔플러스,이엔1톤롱바디카고,959,479.0,1438.0,2023년도 전기자동차 인천광역시 모델별 보조금,2023,인천광역시
화물(소형),이엔플러스,이엔플러스EV1톤롱바디트럭,1009,504.0,1513.0,2023년도 전기자동차 인천광역시 모델별 보조금,2023,인천광역시
화물(소형),GS글로벌,T4K,1200,600.0,1800.0,2023년도 전기자동차 인천광역시 모델별 보조금,2023,인천광역시
화물(소형),에스에스라이트,젤라,986,493.0,1479.0,2023년도 전기자동차 인천광역시 모델별 보조금,2023,인천광역시
화물(소형),에스에스라이트,젤라 P200,1177,588.0,1765.0,2023년도 전기자동차 인천광역시 모델별 보조금,2023,인천광역시
화물(소형),한국쓰리축,한국쓰리축1톤롱바디EV트럭(봉고),943,471.0,1414.0,2023년도 전기자동차 인천광역시 모델별 보조금,2023,인천광역시
화물(소형),한국쓰리축,한국쓰리축1톤롱바디EV트럭(포터),963,481.0,1444.0,2023년도 전기자동차 인천광역시 모델별 보조금,2023,인천광역시
화물(소형),모빌리티네트웍스,SE-A2밴,1200,600.0,1800.0,2023년도 전기자동차 인천광역시 모델별 보조금,2023,인천광역시
화물(초소형),스마트솔루션즈,D2C,550,220.0,770.0,2023년도 전기자동차 광주광역시 모델별 보조금,2023,광주광역시
화물(초소형),스마트솔루션즈,D2P,550,220.0,770.0,2023년도 전기자동차 광주광역시 모델별 보조금,2023,광주광역시
화물(초소형),루트17,다니고3,550,220.0,770.0,2023년도 전기자동차 광주광역시 모델별 보조금,2023,광주광역시
화물(초소형),루트17,다니고3 픽업,550,220.0,770.0,2023년도 전기자동차 광주광역시 모델별 보조금,2023,광주광역시
화물(초소형),마스타전기차,MASTA VAN,550,220.0,770.0,2023년도 전기자동차 광주광역시 모델별 보조금,2023,광주광역시
화물(초소형),마스타전기차,MASTA HIM,550,220.0,770.0,2023년도 전기자동차 광주광역시 모델별 보조금,2023,광주광역시
화물(초소형),디피코,포트로-탑,550,220.0,770.0,2023년도 전기자동차 광주광역시 모델별 보조금,2023,광주광역시
화물(초소형),디피코,포트로-픽업,550,220.0,770.0,2023년도 전기자동차 광주광역시 모델별 보조금,2023,광주광역시
화물(초소형),디피코,포트로-탑S,550,220.0,770.0,2023년도 전기자동차 광주광역시 모델별 보조금,2023,광주광역시
화물(초소형),디피코,포트로-픽업S,550,220.0,770.0,2023년도 전기자동차 광주광역시 모델별 보조금,2023,광주광역시
화물(초소형),진우에스엠씨,포텐스,550,220.0,770.0,2023년도 전기자동차 광주광역시 모델별 보조금,2023,광주광역시
화물(경형),파워프라자,라보ev PEACE,900,288.0,1188.0,2023년도 전기자동차 광주광역시 모델별 보조금,2023,광주광역시
화물(경형),디피코,포트로350L-탑,900,288.0,1188.0,2023년도 전기자동차 광주광역시 모델별 보조금,2023,광주광역시
화물(경형),디피코,포트로350L-픽업,900,288.0,1188.0,2023년도 전기자동차 광주광역시 모델별 보조금,2023,광주광역시
화물(소형),제인모터스,제인모터스칼마토EV1톤내장탑차,498,145.0,643.0,2023년도 전기자동차 광주광역시 모델별 보조금,2023,광주광역시
화물(소형),파워프라자,봉고3ev PEACE,536,156.0,692.0,2023년도 전기자동차 광주광역시 모델별 보조금,2023,광주광역시
화물(소형),파워프라자,봉고3ev PEACE 더블캡,437,127.0,564.0,2023년도 전기자동차 광주광역시 모델별 보조금,2023,광주광역시
화물(소형),현대자동차,포터Ⅱ 일렉트릭(23MY),1200,350.0,1550.0,2023년도 전기자동차 광주광역시 모델별 보조금,2023,광주광역시
화물(소형),현대자동차,포터Ⅱ 일렉트릭(24MY),1200,350.0,1550.0,2023년도 전기자동차 광주광역시 모델별 보조금,2023,광주광역시
화물(소형),기아,봉고 전기차,1200,350.0,1550.0,2023년도 전기자동차 광주광역시 모델별 보조금,2023,광주광역시
화물(소형),기아,봉고 전기차 냉동탑차,1400,408.0,1808.0,2023년도 전기자동차 광주광역시 모델별 보조금,2023,광주광역시
화물(소형),기아,봉고 전기차 저상형 냉동탑차,1400,408.0,1808.0,2023년도 전기자동차 광주광역시 모델별 보조금,2023,광주광역시
화물(소형),일진정공,일진무시동전기냉동탑차(149.9km),1053,307.0,1360.0,2023년도 전기자동차 광주광역시 모델별 보조금,2023,광주광역시
화물(소형),일진정공,일진무시동전기냉동탑차(186.1km),1321,385.0,1706.0,2023년도 전기자동차 광주광역시 모델별 보조금,2023,광주광역시
화물(소형),일진정공,일진무시동전기냉동탑차(봉고),1460,425.0,1885.0,2023년도 전기자동차 광주광역시 모델별 보조금,2023,광주광역시
화물(소형),일진정공,일진무시동전기냉동탑차(포터),1444,421.0,1865.0,2023년도 전기자동차 광주광역시 모델별 보조금,2023,광주광역시
화물(소형),루트17,다니고밴,784,228.0,1012.0,2023년도 전기자동차 광주광역시 모델별 보조금,2023,광주광역시
화물(소형),루트17,다니고C(0.8톤 전기트럭),1112,324.0,1436.0,2023년도 전기자동차 광주광역시 모델별 보조금,2023,광주광역시
화물(소형),루트17,다니고C2(0.8톤 전기트럭),909,265.0,1174.0,2023년도 전기자동차 광주광역시 모델별 보조금,2023,광주광역시
화물(소형),루트17,다니고R(전기냉동탑차),1313,382.0,1695.0,2023년도 전기자동차 광주광역시 모델별 보조금,2023,광주광역시
화물(소형),루트17,다니고R2(무시동 전기냉동탑차),1212,353.0,1565.0,2023년도 전기자동차 광주광역시 모델별 보조금,2023,광주광역시
화물(소형),한신자동차,플러스2.0,648,189.0,837.0,2023년도 전기자동차 광주광역시 모델별 보조금,2023,광주광역시
화물(소형),비바모빌리티,(단종)비바,932,271.0,1203.0,2023년도 전기자동차 광주광역시 모델별 보조금,2023,광주광역시
화물(소형),비바모빌리티,(단종)브라보,802,233.0,1035.0,2023년도 전기자동차 광주광역시 모델별 보조금,2023,광주광역시
화물(소형),이브이케이엠씨,(단종)MASADA 2밴,1124,327.0,1451.0,2023년도 전기자동차 광주광역시 모델별 보조금,2023,광주광역시
화물(소형),이브이케이엠씨,(단종)MASADA 4밴,1025,298.0,1323.0,2023년도 전기자동차 광주광역시 모델별 보조금,2023,광주광역시
화물(소형),이브이케이엠씨,MASADA 픽업,1078,314.0,1392.0,2023년도 전기자동차 광주광역시 모델별 보조금,2023,광주광역시
화물(소형),이브이케이엠씨,MASADA 3세대 2밴,1124,327.0,1451.0,2023년도 전기자동차 광주광역시 모델별 보조금,2023,광주광역시
화물(소형),이브이케이엠씨,MASADA 3세대 4밴,1025,298.0,1323.0,2023년도 전기자동차 광주광역시 모델별 보조금,2023,광주광역시
화물(소형),이브이케이엠씨,MASADA 2밴,1200,350.0,1550.0,2023년도 전기자동차 광주광역시 모델별 보조금,2023,광주광역시
화물(소형),이브이케이엠씨,MASADA 4밴,1200,350.0,1550.0,2023년도 전기자동차 광주광역시 모델별 보조금,2023,광주광역시
화물(소형),경인모터스,경인1톤전기냉동탑차,1151,335.0,1486.0,2023년도 전기자동차 광주광역시 모델별 보조금,2023,광주광역시
화물(소형),제이스모빌리티,(단종)이티밴,1200,350.0,1550.0,2023년도 전기자동차 광주광역시 모델별 보조금,2023,광주광역시
화물(소형),제이스모빌리티,이티밴,1200,350.0,1550.0,2023년도 전기자동차 광주광역시 모델별 보조금,2023,광주광역시
화물(소형),제이스모빌리티,이티4밴,1180,344.0,1524.0,2023년도 전기자동차 광주광역시 모델별 보조금,2023,광주광역시
화물(소형),오텍,오텍 무시동 전기 냉동탑차(봉고),1253,365.0,1618.0,2023년도 전기자동차 광주광역시 모델별 보조금,2023,광주광역시
화물(소형),이엔플러스,이엔1톤롱바디카고,959,279.0,1238.0,2023년도 전기자동차 광주광역시 모델별 보조금,2023,광주광역시
화물(소형),이엔플러스,이엔플러스EV1톤롱바디트럭,1009,294.0,1303.0,2023년도 전기자동차 광주광역시 모델별 보조금,2023,광주광역시
화물(소형),GS글로벌,T4K,1200,350.0,1550.0,2023년도 전기자동차 광주광역시 모델별 보조금,2023,광주광역시
화물(소형),에스에스라이트,젤라,986,287.0,1273.0,2023년도 전기자동차 광주광역시 모델별 보조금,2023,광주광역시
화물(소형),에스에스라이트,젤라 P200,1177,343.0,1520.0,2023년도 전기자동차 광주광역시 모델별 보조금,2023,광주광역시
화물(소형),한국쓰리축,한국쓰리축1톤롱바디EV트럭(봉고),943,275.0,1218.0,2023년도 전기자동차 광주광역시 모델별 보조금,2023,광주광역시
화물(소형),한국쓰리축,한국쓰리축1톤롱바디EV트럭(포터),963,280.0,1243.0,2023년도 전기자동차 광주광역시 모델별 보조금,2023,광주광역시
화물(소형),모빌리티네트웍스,SE-A2밴,1200,350.0,1550.0,2023년도 전기자동차 광주광역시 모델별 보조금,2023,광주광역시
화물(초소형),스마트솔루션즈,D2C,550,206.0,756.0,2023년도 전기자동차 대전광역시 모델별 보조금,2023,대전광역시
화물(초소형),스마트솔루션즈,D2P,550,206.0,756.0,2023년도 전기자동차 대전광역시 모델별 보조금,2023,대전광역시
화물(초소형),루트17,다니고3,550,206.0,756.0,2023년도 전기자동차 대전광역시 모델별 보조금,2023,대전광역시
화물(초소형),루트17,다니고3 픽업,550,206.0,756.0,2023년도 전기자동차 대전광역시 모델별 보조금,2023,대전광역시
화물(초소형),마스타전기차,MASTA VAN,550,206.0,756.0,2023년도 전기자동차 대전광역시 모델별 보조금,2023,대전광역시
화물(초소형),마스타전기차,MASTA HIM,550,206.0,756.0,2023년도 전기자동차 대전광역시 모델별 보조금,2023,대전광역시
화물(초소형),디피코,포트로-탑,550,206.0,756.0,2023년도 전기자동차 대전광역시 모델별 보조금,2023,대전광역시
화물(초소형),디피코,포트로-픽업,550,206.0,756.0,2023년도 전기자동차 대전광역시 모델별 보조금,2023,대전광역시
화물(초소형),디피코,포트로-탑S,550,206.0,756.0,2023년도 전기자동차 대전광역시 모델별 보조금,2023,대전광역시
화물(초소형),디피코,포트로-픽업S,550,206.0,756.0,2023년도 전기자동차 대전광역시 모델별 보조금,2023,대전광역시
화물(초소형),진우에스엠씨,포텐스,550,206.0,756.0,2023년도 전기자동차 대전광역시 모델별 보조금,2023,대전광역시
화물(경형),파워프라자,라보ev PEACE,900,337.0,1237.0,2023년도 전기자동차 대전광역시 모델별 보조금,2023,대전광역시
화물(경형),디피코,포트로350L-탑,900,337.0,1237.0,2023년도 전기자동차 대전광역시 모델별 보조금,2023,대전광역시
화물(경형),디피코,포트로350L-픽업,900,337.0,1237.0,2023년도 전기자동차 대전광역시 모델별 보조금,2023,대전광역시
화물(소형),제인모터스,제인모터스칼마토EV1톤내장탑차,498,186.0,684.0,2023년도 전기자동차 대전광역시 모델별 보조금,2023,대전광역시
화물(소형),파워프라자,봉고3ev PEACE,536,201.0,737.0,2023년도 전기자동차 대전광역시 모델별 보조금,2023,대전광역시
화물(소형),파워프라자,봉고3ev PEACE 더블캡,437,163.0,600.0,2023년도 전기자동차 대전광역시 모델별 보조금,2023,대전광역시
화물(소형),현대자동차,포터Ⅱ 일렉트릭(23MY),1200,450.0,1650.0,2023년도 전기자동차 대전광역시 모델별 보조금,2023,대전광역시
화물(소형),현대자동차,포터Ⅱ 일렉트릭(24MY),1200,450.0,1650.0,2023년도 전기자동차 대전광역시 모델별 보조금,2023,대전광역시
화물(소형),기아,봉고 전기차,1200,450.0,1650.0,2023년도 전기자동차 대전광역시 모델별 보조금,2023,대전광역시
화물(소형),기아,봉고 전기차 냉동탑차,1400,524.0,1924.0,2023년도 전기자동차 대전광역시 모델별 보조금,2023,대전광역시
화물(소형),기아,봉고 전기차 저상형 냉동탑차,1400,524.0,1924.0,2023년도 전기자동차 대전광역시 모델별 보조금,2023,대전광역시
화물(소형),일진정공,일진무시동전기냉동탑차(149.9km),1053,394.0,1447.0,2023년도 전기자동차 대전광역시 모델별 보조금,2023,대전광역시
화물(소형),일진정공,일진무시동전기냉동탑차(186.1km),1321,495.0,1816.0,2023년도 전기자동차 대전광역시 모델별 보조금,2023,대전광역시
화물(소형),일진정공,일진무시동전기냉동탑차(봉고),1460,547.0,2007.0,2023년도 전기자동차 대전광역시 모델별 보조금,2023,대전광역시
화물(소형),일진정공,일진무시동전기냉동탑차(포터),1444,541.0,1985.0,2023년도 전기자동차 대전광역시 모델별 보조금,2023,대전광역시
화물(소형),루트17,다니고밴,784,294.0,1078.0,2023년도 전기자동차 대전광역시 모델별 보조금,2023,대전광역시
화물(소형),루트17,다니고C(0.8톤 전기트럭),1112,417.0,1529.0,2023년도 전기자동차 대전광역시 모델별 보조금,2023,대전광역시
화물(소형),루트17,다니고C2(0.8톤 전기트럭),909,340.0,1249.0,2023년도 전기자동차 대전광역시 모델별 보조금,2023,대전광역시
화물(소형),루트17,다니고R(전기냉동탑차),1313,492.0,1805.0,2023년도 전기자동차 대전광역시 모델별 보조금,2023,대전광역시
화물(소형),루트17,다니고R2(무시동 전기냉동탑차),1212,454.0,1666.0,2023년도 전기자동차 대전광역시 모델별 보조금,2023,대전광역시
화물(소형),한신자동차,플러스2.0,648,243.0,891.0,2023년도 전기자동차 대전광역시 모델별 보조금,2023,대전광역시
화물(소형),비바모빌리티,(단종)비바,932,349.0,1281.0,2023년도 전기자동차 대전광역시 모델별 보조금,2023,대전광역시
화물(소형),비바모빌리티,(단종)브라보,802,300.0,1102.0,2023년도 전기자동차 대전광역시 모델별 보조금,2023,대전광역시
화물(소형),이브이케이엠씨,(단종)MASADA 2밴,1124,421.0,1545.0,2023년도 전기자동차 대전광역시 모델별 보조금,2023,대전광역시
화물(소형),이브이케이엠씨,(단종)MASADA 4밴,1025,384.0,1409.0,2023년도 전기자동차 대전광역시 모델별 보조금,2023,대전광역시
화물(소형),이브이케이엠씨,MASADA 픽업,1078,404.0,1482.0,2023년도 전기자동차 대전광역시 모델별 보조금,2023,대전광역시
화물(소형),이브이케이엠씨,MASADA 3세대 2밴,1124,421.0,1545.0,2023년도 전기자동차 대전광역시 모델별 보조금,2023,대전광역시
화물(소형),이브이케이엠씨,MASADA 3세대 4밴,1025,384.0,1409.0,2023년도 전기자동차 대전광역시 모델별 보조금,2023,대전광역시
화물(소형),이브이케이엠씨,MASADA 2밴,1200,450.0,1650.0,2023년도 전기자동차 대전광역시 모델별 보조금,2023,대전광역시
화물(소형),이브이케이엠씨,MASADA 4밴,1200,450.0,1650.0,2023년도 전기자동차 대전광역시 모델별 보조금,2023,대전광역시
화물(소형),이브이케이엠씨,EC35 2밴,850,318.0,1168.0,2023년도 전기자동차 대전광역시 모델별 보조금,2023,대전광역시
화물(소형),경인모터스,경인1톤전기냉동탑차,1151,431.0,1582.0,2023년도 전기자동차 대전광역시 모델별 보조금,2023,대전광역시
화물(소형),제이스모빌리티,(단종)이티밴,1200,450.0,1650.0,2023년도 전기자동차 대전광역시 모델별 보조금,2023,대전광역시
화물(소형),제이스모빌리티,이티밴,1200,450.0,1650.0,2023년도 전기자동차 대전광역시 모델별 보조금,2023,대전광역시
화물(소형),제이스모빌리티,이티4밴,1180,442.0,1622.0,2023년도 전기자동차 대전광역시 모델별 보조금,2023,대전광역시
화물(소형),오텍,오텍 무시동 전기 냉동탑차(봉고),1253,469.0,1722.0,2023년도 전기자동차 대전광역시 모델별 보조금,2023,대전광역시
화물(소형),이엔플러스,이엔1톤롱바디카고,959,359.0,1318.0,2023년도 전기자동차 대전광역시 모델별 보조금,2023,대전광역시
화물(소형),이엔플러스,이엔플러스EV1톤롱바디트럭,1009,378.0,1387.0,2023년도 전기자동차 대전광역시 모델별 보조금,2023,대전광역시
화물(소형),GS글로벌,T4K,1200,450.0,1650.0,2023년도 전기자동차 대전광역시 모델별 보조금,2023,대전광역시
화물(소형),에스에스라이트,젤라,986,369.0,1355.0,2023년도 전기자동차 대전광역시 모델별 보조금,2023,대전광역시
화물(소형),에스에스라이트,젤라 P200,1177,441.0,1618.0,2023년도 전기자동차 대전광역시 모델별 보조금,2023,대전광역시
화물(소형),한국쓰리축,한국쓰리축1톤롱바디EV트럭(봉고),943,353.0,1296.0,2023년도 전기자동차 대전광역시 모델별 보조금,2023,대전광역시
화물(소형),한국쓰리축,한국쓰리축1톤롱바디EV트럭(포터),963,361.0,1324.0,2023년도 전기자동차 대전광역시 모델별 보조금,2023,대전광역시
화물(소형),모빌리티네트웍스,SE-A2밴,1200,450.0,1650.0,2023년도 전기자동차 대전광역시 모델별 보조금,2023,대전광역시
화물(초소형),스마트솔루션즈,D2C,550,165.0,715.0,2023년도 전기자동차 울산광역시 모델별 보조금,2023,울산광역시
화물(초소형),스마트솔루션즈,D2P,550,165.0,715.0,2023년도 전기자동차 울산광역시 모델별 보조금,2023,울산광역시
화물(초소형),루트17,다니고3,550,165.0,715.0,2023년도 전기자동차 울산광역시 모델별 보조금,2023,울산광역시
화물(초소형),루트17,다니고3 픽업,550,165.0,715.0,2023년도 전기자동차 울산광역시 모델별 보조금,2023,울산광역시
화물(초소형),마스타전기차,MASTA VAN,550,165.0,715.0,2023년도 전기자동차 울산광역시 모델별 보조금,2023,울산광역시
화물(초소형),마스타전기차,MASTA HIM,550,165.0,715.0,2023년도 전기자동차 울산광역시 모델별 보조금,2023,울산광역시
화물(초소형),디피코,포트로-탑,550,165.0,715.0,2023년도 전기자동차 울산광역시 모델별 보조금,2023,울산광역시
화물(초소형),디피코,포트로-픽업,550,165.0,715.0,2023년도 전기자동차 울산광역시 모델별 보조금,2023,울산광역시
화물(초소형),디피코,포트로-탑S,550,165.0,715.0,2023년도 전기자동차 울산광역시 모델별 보조금,2023,울산광역시
화물(초소형),디피코,포트로-픽업S,550,165.0,715.0,2023년도 전기자동차 울산광역시 모델별 보조금,2023,울산광역시
화물(초소형),진우에스엠씨,포텐스,550,165.0,715.0,2023년도 전기자동차 울산광역시 모델별 보조금,2023,울산광역시
화물(경형),파워프라자,라보ev PEACE,900,270.0,1170.0,2023년도 전기자동차 울산광역시 모델별 보조금,2023,울산광역시
화물(경형),디피코,포트로350L-탑,900,270.0,1170.0,2023년도 전기자동차 울산광역시 모델별 보조금,2023,울산광역시
화물(경형),디피코,포트로350L-픽업,900,270.0,1170.0,2023년도 전기자동차 울산광역시 모델별 보조금,2023,울산광역시
화물(소형),제인모터스,제인모터스칼마토EV1톤내장탑차,498,149.0,647.0,2023년도 전기자동차 울산광역시 모델별 보조금,2023,울산광역시
화물(소형),파워프라자,봉고3ev PEACE,536,160.0,696.0,2023년도 전기자동차 울산광역시 모델별 보조금,2023,울산광역시
화물(소형),파워프라자,봉고3ev PEACE 더블캡,437,131.0,568.0,2023년도 전기자동차 울산광역시 모델별 보조금,2023,울산광역시
화물(소형),현대자동차,포터Ⅱ 일렉트릭(23MY),1200,360.0,1560.0,2023년도 전기자동차 울산광역시 모델별 보조금,2023,울산광역시
화물(소형),현대자동차,포터Ⅱ 일렉트릭(24MY),1200,360.0,1560.0,2023년도 전기자동차 울산광역시 모델별 보조금,2023,울산광역시
화물(소형),기아,봉고 전기차,1200,360.0,1560.0,2023년도 전기자동차 울산광역시 모델별 보조금,2023,울산광역시
화물(소형),기아,봉고 전기차 냉동탑차,1400,420.0,1820.0,2023년도 전기자동차 울산광역시 모델별 보조금,2023,울산광역시
화물(소형),기아,봉고 전기차 저상형 냉동탑차,1400,420.0,1820.0,2023년도 전기자동차 울산광역시 모델별 보조금,2023,울산광역시
화물(소형),일진정공,일진무시동전기냉동탑차(149.9km),1053,315.0,1368.0,2023년도 전기자동차 울산광역시 모델별 보조금,2023,울산광역시
화물(소형),일진정공,일진무시동전기냉동탑차(186.1km),1321,396.0,1717.0,2023년도 전기자동차 울산광역시 모델별 보조금,2023,울산광역시
화물(소형),일진정공,일진무시동전기냉동탑차(봉고),1460,438.0,1898.0,2023년도 전기자동차 울산광역시 모델별 보조금,2023,울산광역시
화물(소형),일진정공,일진무시동전기냉동탑차(포터),1444,433.0,1877.0,2023년도 전기자동차 울산광역시 모델별 보조금,2023,울산광역시
화물(소형),루트17,다니고밴,784,235.0,1019.0,2023년도 전기자동차 울산광역시 모델별 보조금,2023,울산광역시
화물(소형),루트17,다니고C(0.8톤 전기트럭),1112,333.0,1445.0,2023년도 전기자동차 울산광역시 모델별 보조금,2023,울산광역시
화물(소형),루트17,다니고C2(0.8톤 전기트럭),909,272.0,1181.0,2023년도 전기자동차 울산광역시 모델별 보조금,2023,울산광역시
화물(소형),루트17,다니고R(전기냉동탑차),1313,393.0,1706.0,2023년도 전기자동차 울산광역시 모델별 보조금,2023,울산광역시
화물(소형),루트17,다니고R2(무시동 전기냉동탑차),1212,363.0,1575.0,2023년도 전기자동차 울산광역시 모델별 보조금,2023,울산광역시
화물(소형),한신자동차,플러스2.0,648,194.0,842.0,2023년도 전기자동차 울산광역시 모델별 보조금,2023,울산광역시
화물(소형),비바모빌리티,(단종)비바,932,279.0,1211.0,2023년도 전기자동차 울산광역시 모델별 보조금,2023,울산광역시
화물(소형),비바모빌리티,(단종)브라보,802,240.0,1042.0,2023년도 전기자동차 울산광역시 모델별 보조금,2023,울산광역시
화물(소형),이브이케이엠씨,(단종)MASADA 2밴,1124,337.0,1461.0,2023년도 전기자동차 울산광역시 모델별 보조금,2023,울산광역시
화물(소형),이브이케이엠씨,(단종)MASADA 4밴,1025,307.0,1332.0,2023년도 전기자동차 울산광역시 모델별 보조금,2023,울산광역시
화물(소형),이브이케이엠씨,MASADA 픽업,1078,323.0,1401.0,2023년도 전기자동차 울산광역시 모델별 보조금,2023,울산광역시
화물(소형),이브이케이엠씨,MASADA 3세대 2밴,1124,337.0,1461.0,2023년도 전기자동차 울산광역시 모델별 보조금,2023,울산광역시
화물(소형),이브이케이엠씨,MASADA 3세대 4밴,1025,307.0,1332.0,2023년도 전기자동차 울산광역시 모델별 보조금,2023,울산광역시
화물(소형),이브이케이엠씨,MASADA 2밴,1200,360.0,1560.0,2023년도 전기자동차 울산광역시 모델별 보조금,2023,울산광역시
화물(소형),이브이케이엠씨,MASADA 4밴,1200,360.0,1560.0,2023년도 전기자동차 울산광역시 모델별 보조금,2023,울산광역시
화물(소형),경인모터스,경인1톤전기냉동탑차,1151,345.0,1496.0,2023년도 전기자동차 울산광역시 모델별 보조금,2023,울산광역시
화물(소형),제이스모빌리티,(단종)이티밴,1200,360.0,1560.0,2023년도 전기자동차 울산광역시 모델별 보조금,2023,울산광역시
화물(소형),제이스모빌리티,이티밴,1200,360.0,1560.0,2023년도 전기자동차 울산광역시 모델별 보조금,2023,울산광역시
화물(소형),제이스모빌리티,이티4밴,1180,354.0,1534.0,2023년도 전기자동차 울산광역시 모델별 보조금,2023,울산광역시
화물(소형),오텍,오텍 무시동 전기 냉동탑차(봉고),1253,375.0,1628.0,2023년도 전기자동차 울산광역시 모델별 보조금,2023,울산광역시
화물(소형),이엔플러스,이엔1톤롱바디카고,959,287.0,1246.0,2023년도 전기자동차 울산광역시 모델별 보조금,2023,울산광역시
화물(소형),이엔플러스,이엔플러스EV1톤롱바디트럭,1009,302.0,1311.0,2023년도 전기자동차 울산광역시 모델별 보조금,2023,울산광역시
화물(소형),GS글로벌,T4K,1200,360.0,1560.0,2023년도 전기자동차 울산광역시 모델별 보조금,2023,울산광역시
화물(소형),에스에스라이트,젤라,986,295.0,1281.0,2023년도 전기자동차 울산광역시 모델별 보조금,2023,울산광역시
화물(소형),에스에스라이트,젤라 P200,1177,353.0,1530.0,2023년도 전기자동차 울산광역시 모델별 보조금,2023,울산광역시
화물(소형),한국쓰리축,한국쓰리축1톤롱바디EV트럭(봉고),943,282.0,1225.0,2023년도 전기자동차 울산광역시 모델별 보조금,2023,울산광역시
화물(소형),한국쓰리축,한국쓰리축1톤롱바디EV트럭(포터),963,288.0,1251.0,2023년도 전기자동차 울산광역시 모델별 보조금,2023,울산광역시
화물(소형),모빌리티네트웍스,SE-A2밴,1200,360.0,1560.0,2023년도 전기자동차 울산광역시 모델별 보조금,2023,울산광역시
화물(초소형),스마트솔루션즈,D2C,550,200.0,750.0,2023년도 전기자동차 세종특별자치시 모델별 보조금,2023,세종특별자치시
화물(초소형),스마트솔루션즈,D2P,550,200.0,750.0,2023년도 전기자동차 세종특별자치시 모델별 보조금,2023,세종특별자치시
화물(초소형),루트17,다니고3,550,200.0,750.0,2023년도 전기자동차 세종특별자치시 모델별 보조금,2023,세종특별자치시
화물(초소형),루트17,다니고3 픽업,550,200.0,750.0,2023년도 전기자동차 세종특별자치시 모델별 보조금,2023,세종특별자치시
화물(초소형),마스타전기차,MASTA VAN,550,200.0,750.0,2023년도 전기자동차 세종특별자치시 모델별 보조금,2023,세종특별자치시
화물(초소형),마스타전기차,MASTA HIM,550,200.0,750.0,2023년도 전기자동차 세종특별자치시 모델별 보조금,2023,세종특별자치시
화물(초소형),디피코,포트로-탑,550,200.0,750.0,2023년도 전기자동차 세종특별자치시 모델별 보조금,2023,세종특별자치시
화물(초소형),디피코,포트로-픽업,550,200.0,750.0,2023년도 전기자동차 세종특별자치시 모델별 보조금,2023,세종특별자치시
화물(초소형),디피코,포트로-탑S,550,200.0,750.0,2023년도 전기자동차 세종특별자치시 모델별 보조금,2023,세종특별자치시
화물(초소형),디피코,포트로-픽업S,550,200.0,750.0,2023년도 전기자동차 세종특별자치시 모델별 보조금,2023,세종특별자치시
화물(초소형),진우에스엠씨,포텐스,550,200.0,750.0,2023년도 전기자동차 세종특별자치시 모델별 보조금,2023,세종특별자치시
화물(경형),파워프라자,라보ev PEACE,900,300.0,1200.0,2023년도 전기자동차 세종특별자치시 모델별 보조금,2023,세종특별자치시
화물(경형),디피코,포트로350L-탑,900,300.0,1200.0,2023년도 전기자동차 세종특별자치시 모델별 보조금,2023,세종특별자치시
화물(경형),디피코,포트로350L-픽업,900,0.0,900.0,2023년도 전기자동차 세종특별자치시 모델별 보조금,2023,세종특별자치시
화물(소형),제인모터스,제인모터스칼마토EV1톤내장탑차,498,166.0,664.0,2023년도 전기자동차 세종특별자치시 모델별 보조금,2023,세종특별자치시
화물(소형),파워프라자,봉고3ev PEACE,536,178.0,714.0,2023년도 전기자동차 세종특별자치시 모델별 보조금,2023,세종특별자치시
화물(소형),파워프라자,봉고3ev PEACE 더블캡,437,145.0,582.0,2023년도 전기자동차 세종특별자치시 모델별 보조금,2023,세종특별자치시
화물(소형),현대자동차,포터Ⅱ 일렉트릭(23MY),1200,400.0,1600.0,2023년도 전기자동차 세종특별자치시 모델별 보조금,2023,세종특별자치시
화물(소형),현대자동차,포터Ⅱ 일렉트릭(24MY),1200,400.0,1600.0,2023년도 전기자동차 세종특별자치시 모델별 보조금,2023,세종특별자치시
화물(소형),기아,봉고 전기차,1200,400.0,1600.0,2023년도 전기자동차 세종특별자치시 모델별 보조금,2023,세종특별자치시
화물(소형),기아,봉고 전기차 냉동탑차,1400,400.0,1800.0,2023년도 전기자동차 세종특별자치시 모델별 보조금,2023,세종특별자치시
화물(소형),기아,봉고 전기차 저상형 냉동탑차,1400,400.0,1800.0,2023년도 전기자동차 세종특별자치시 모델별 보조금,2023,세종특별자치시
화물(소형),일진정공,일진무시동전기냉동탑차(149.9km),1053,351.0,1404.0,2023년도 전기자동차 세종특별자치시 모델별 보조금,2023,세종특별자치시
화물(소형),일진정공,일진무시동전기냉동탑차(186.1km),1321,400.0,1721.0,2023년도 전기자동차 세종특별자치시 모델별 보조금,2023,세종특별자치시
화물(소형),일진정공,일진무시동전기냉동탑차(봉고),1460,400.0,1860.0,2023년도 전기자동차 세종특별자치시 모델별 보조금,2023,세종특별자치시
화물(소형),일진정공,일진무시동전기냉동탑차(포터),1444,400.0,1844.0,2023년도 전기자동차 세종특별자치시 모델별 보조금,2023,세종특별자치시
화물(소형),루트17,다니고밴,784,261.0,1045.0,2023년도 전기자동차 세종특별자치시 모델별 보조금,2023,세종특별자치시
화물(소형),루트17,다니고C(0.8톤 전기트럭),1112,370.0,1482.0,2023년도 전기자동차 세종특별자치시 모델별 보조금,2023,세종특별자치시
화물(소형),루트17,다니고C2(0.8톤 전기트럭),909,303.0,1212.0,2023년도 전기자동차 세종특별자치시 모델별 보조금,2023,세종특별자치시
화물(소형),루트17,다니고R(전기냉동탑차),1313,400.0,1713.0,2023년도 전기자동차 세종특별자치시 모델별 보조금,2023,세종특별자치시
화물(소형),루트17,다니고R2(무시동 전기냉동탑차),1212,0.0,1212.0,2023년도 전기자동차 세종특별자치시 모델별 보조금,2023,세종특별자치시
화물(소형),한신자동차,플러스2.0,648,216.0,864.0,2023년도 전기자동차 세종특별자치시 모델별 보조금,2023,세종특별자치시
화물(소형),비바모빌리티,(단종)비바,932,310.0,1242.0,2023년도 전기자동차 세종특별자치시 모델별 보조금,2023,세종특별자치시
화물(소형),비바모빌리티,(단종)브라보,802,267.0,1069.0,2023년도 전기자동차 세종특별자치시 모델별 보조금,2023,세종특별자치시
화물(소형),이브이케이엠씨,(단종)MASADA 2밴,1124,374.0,1498.0,2023년도 전기자동차 세종특별자치시 모델별 보조금,2023,세종특별자치시
화물(소형),이브이케이엠씨,(단종)MASADA 4밴,1025,341.0,1366.0,2023년도 전기자동차 세종특별자치시 모델별 보조금,2023,세종특별자치시
화물(소형),이브이케이엠씨,MASADA 픽업,1078,359.0,1437.0,2023년도 전기자동차 세종특별자치시 모델별 보조금,2023,세종특별자치시
화물(소형),이브이케이엠씨,MASADA 3세대 2밴,1124,374.0,1498.0,2023년도 전기자동차 세종특별자치시 모델별 보조금,2023,세종특별자치시
화물(소형),이브이케이엠씨,MASADA 3세대 4밴,1025,341.0,1366.0,2023년도 전기자동차 세종특별자치시 모델별 보조금,2023,세종특별자치시
화물(소형),경인모터스,경인1톤전기냉동탑차,1151,383.0,1534.0,2023년도 전기자동차 세종특별자치시 모델별 보조금,2023,세종특별자치시
화물(소형),제이스모빌리티,(단종)이티밴,1200,400.0,1600.0,2023년도 전기자동차 세종특별자치시 모델별 보조금,2023,세종특별자치시
화물(소형),제이스모빌리티,이티밴,1200,400.0,1600.0,2023년도 전기자동차 세종특별자치시 모델별 보조금,2023,세종특별자치시
화물(소형),제이스모빌리티,이티4밴,1180,393.0,1573.0,2023년도 전기자동차 세종특별자치시 모델별 보조금,2023,세종특별자치시
화물(소형),오텍,오텍 무시동 전기 냉동탑차(봉고),1253,400.0,1653.0,2023년도 전기자동차 세종특별자치시 모델별 보조금,2023,세종특별자치시
화물(소형),이엔플러스,이엔1톤롱바디카고,959,319.0,1278.0,2023년도 전기자동차 세종특별자치시 모델별 보조금,2023,세종특별자치시
화물(소형),이엔플러스,이엔플러스EV1톤롱바디트럭,1009,336.0,1345.0,2023년도 전기자동차 세종특별자치시 모델별 보조금,2023,세종특별자치시
화물(소형),GS글로벌,T4K,1200,400.0,1600.0,2023년도 전기자동차 세종특별자치시 모델별 보조금,2023,세종특별자치시
화물(소형),에스에스라이트,젤라,986,328.0,1314.0,2023년도 전기자동차 세종특별자치시 모델별 보조금,2023,세종특별자치시
화물(소형),에스에스라이트,젤라 P200,1177,0.0,1177.0,2023년도 전기자동차 세종특별자치시 모델별 보조금,2023,세종특별자치시
화물(소형),한국쓰리축,한국쓰리축1톤롱바디EV트럭(봉고),943,0.0,943.0,2023년도 전기자동차 세종특별자치시 모델별 보조금,2023,세종특별자치시
화물(소형),한국쓰리축,한국쓰리축1톤롱바디EV트럭(포터),963,0.0,963.0,2023년도 전기자동차 세종특별자치시 모델별 보조금,2023,세종특별자치시
화물(소형),모빌리티네트웍스,SE-A2밴,1200,400.0,1600.0,2023년도 전기자동차 세종특별자치시 모델별 보조금,2023,세종특별자치시
화물(초소형),스마트솔루션즈,D2C,550,240.0,790.0,2023년도 전기자동차 수원시 모델별 보조금,2023,수원시
화물(초소형),스마트솔루션즈,D2P,550,240.0,790.0,2023년도 전기자동차 수원시 모델별 보조금,2023,수원시
화물(초소형),루트17,다니고3,550,240.0,790.0,2023년도 전기자동차 수원시 모델별 보조금,2023,수원시
화물(초소형),루트17,다니고3 픽업,550,240.0,790.0,2023년도 전기자동차 수원시 모델별 보조금,2023,수원시
화물(초소형),마스타전기차,MASTA VAN,550,240.0,790.0,2023년도 전기자동차 수원시 모델별 보조금,2023,수원시
화물(초소형),마스타전기차,MASTA HIM,550,240.0,790.0,2023년도 전기자동차 수원시 모델별 보조금,2023,수원시
화물(초소형),디피코,포트로-탑,550,240.0,790.0,2023년도 전기자동차 수원시 모델별 보조금,2023,수원시
화물(초소형),디피코,포트로-픽업,550,240.0,790.0,2023년도 전기자동차 수원시 모델별 보조금,2023,수원시
화물(초소형),디피코,포트로-탑S,550,240.0,790.0,2023년도 전기자동차 수원시 모델별 보조금,2023,수원시
화물(초소형),디피코,포트로-픽업S,550,240.0,790.0,2023년도 전기자동차 수원시 모델별 보조금,2023,수원시
화물(초소형),진우에스엠씨,포텐스,550,240.0,790.0,2023년도 전기자동차 수원시 모델별 보조금,2023,수원시
화물(경형),파워프라자,라보ev PEACE,900,400.0,1300.0,2023년도 전기자동차 수원시 모델별 보조금,2023,수원시
화물(경형),디피코,포트로350L-탑,900,400.0,1300.0,2023년도 전기자동차 수원시 모델별 보조금,2023,수원시
화물(경형),디피코,포트로350L-픽업,900,400.0,1300.0,2023년도 전기자동차 수원시 모델별 보조금,2023,수원시
화물(소형),제인모터스,제인모터스칼마토EV1톤내장탑차,498,249.0,747.0,2023년도 전기자동차 수원시 모델별 보조금,2023,수원시
화물(소형),파워프라자,봉고3ev PEACE,536,268.0,804.0,2023년도 전기자동차 수원시 모델별 보조금,2023,수원시
화물(소형),파워프라자,봉고3ev PEACE 더블캡,437,218.0,655.0,2023년도 전기자동차 수원시 모델별 보조금,2023,수원시
화물(소형),현대자동차,포터Ⅱ 일렉트릭(23MY),1200,600.0,1800.0,2023년도 전기자동차 수원시 모델별 보조금,2023,수원시
화물(소형),현대자동차,포터Ⅱ 일렉트릭(24MY),1200,600.0,1800.0,2023년도 전기자동차 수원시 모델별 보조금,2023,수원시
화물(소형),기아,봉고 전기차,1200,600.0,1800.0,2023년도 전기자동차 수원시 모델별 보조금,2023,수원시
화물(소형),기아,봉고 전기차 냉동탑차,1400,700.0,2100.0,2023년도 전기자동차 수원시 모델별 보조금,2023,수원시
화물(소형),기아,봉고 전기차 저상형 냉동탑차,1400,700.0,2100.0,2023년도 전기자동차 수원시 모델별 보조금,2023,수원시
화물(소형),일진정공,일진무시동전기냉동탑차(149.9km),1053,526.0,1579.0,2023년도 전기자동차 수원시 모델별 보조금,2023,수원시
화물(소형),일진정공,일진무시동전기냉동탑차(186.1km),1321,660.0,1981.0,2023년도 전기자동차 수원시 모델별 보조금,2023,수원시
화물(소형),일진정공,일진무시동전기냉동탑차(봉고),1460,730.0,2190.0,2023년도 전기자동차 수원시 모델별 보조금,2023,수원시
화물(소형),일진정공,일진무시동전기냉동탑차(포터),1444,722.0,2166.0,2023년도 전기자동차 수원시 모델별 보조금,2023,수원시
화물(소형),루트17,다니고밴,784,392.0,1176.0,2023년도 전기자동차 수원시 모델별 보조금,2023,수원시
화물(소형),루트17,다니고C(0.8톤 전기트럭),1112,556.0,1668.0,2023년도 전기자동차 수원시 모델별 보조금,2023,수원시
화물(소형),루트17,다니고C2(0.8톤 전기트럭),909,454.0,1363.0,2023년도 전기자동차 수원시 모델별 보조금,2023,수원시
화물(소형),루트17,다니고R(전기냉동탑차),1313,656.0,1969.0,2023년도 전기자동차 수원시 모델별 보조금,2023,수원시
화물(소형),루트17,다니고R2(무시동 전기냉동탑차),1212,606.0,1818.0,2023년도 전기자동차 수원시 모델별 보조금,2023,수원시
화물(소형),한신자동차,플러스2.0,648,324.0,972.0,2023년도 전기자동차 수원시 모델별 보조금,2023,수원시
화물(소형),비바모빌리티,(단종)비바,932,466.0,1398.0,2023년도 전기자동차 수원시 모델별 보조금,2023,수원시
화물(소형),비바모빌리티,(단종)브라보,802,401.0,1203.0,2023년도 전기자동차 수원시 모델별 보조금,2023,수원시
화물(소형),이브이케이엠씨,(단종)MASADA 2밴,1124,562.0,1686.0,2023년도 전기자동차 수원시 모델별 보조금,2023,수원시
화물(소형),이브이케이엠씨,(단종)MASADA 4밴,1025,512.0,1537.0,2023년도 전기자동차 수원시 모델별 보조금,2023,수원시
화물(소형),이브이케이엠씨,MASADA 픽업,1078,539.0,1617.0,2023년도 전기자동차 수원시 모델별 보조금,2023,수원시
화물(소형),이브이케이엠씨,MASADA 3세대 2밴,1124,562.0,1686.0,2023년도 전기자동차 수원시 모델별 보조금,2023,수원시
화물(소형),이브이케이엠씨,MASADA 3세대 4밴,1025,512.0,1537.0,2023년도 전기자동차 수원시 모델별 보조금,2023,수원시
화물(소형),이브이케이엠씨,MASADA 2밴,1200,600.0,1800.0,2023년도 전기자동차 수원시 모델별 보조금,2023,수원시
화물(소형),이브이케이엠씨,MASADA 4밴,1200,600.0,1800.0,2023년도 전기자동차 수원시 모델별 보조금,2023,수원시
화물(소형),이브이케이엠씨,EC35 2밴,850,425.0,1275.0,2023년도 전기자동차 수원시 모델별 보조금,2023,수원시
화물(소형),경인모터스,경인1톤전기냉동탑차,1151,575.0,1726.0,2023년도 전기자동차 수원시 모델별 보조금,2023,수원시
화물(소형),제이스모빌리티,(단종)이티밴,1200,600.0,1800.0,2023년도 전기자동차 수원시 모델별 보조금,2023,수원시
화물(소형),제이스모빌리티,이티밴,1200,600.0,1800.0,2023년도 전기자동차 수원시 모델별 보조금,2023,수원시
화물(소형),제이스모빌리티,이티4밴,1180,590.0,1770.0,2023년도 전기자동차 수원시 모델별 보조금,2023,수원시
화물(소형),오텍,오텍 무시동 전기 냉동탑차(봉고),1253,626.0,1879.0,2023년도 전기자동차 수원시 모델별 보조금,2023,수원시
화물(소형),이엔플러스,이엔1톤롱바디카고,959,479.0,1438.0,2023년도 전기자동차 수원시 모델별 보조금,2023,수원시
화물(소형),이엔플러스,이엔플러스EV1톤롱바디트럭,1009,504.0,1513.0,2023년도 전기자동차 수원시 모델별 보조금,2023,수원시
화물(소형),GS글로벌,T4K,1200,600.0,1800.0,2023년도 전기자동차 수원시 모델별 보조금,2023,수원시
화물(소형),에스에스라이트,젤라,986,493.0,1479.0,2023년도 전기자동차 수원시 모델별 보조금,2023,수원시
화물(소형),에스에스라이트,젤라 P200,1177,588.0,1765.0,2023년도 전기자동차 수원시 모델별 보조금,2023,수원시
화물(소형),한국쓰리축,한국쓰리축1톤롱바디EV트럭(봉고),943,471.0,1414.0,2023년도 전기자동차 수원시 모델별 보조금,2023,수원시
화물(소형),한국쓰리축,한국쓰리축1톤롱바디EV트럭(포터),963,481.0,1444.0,2023년도 전기자동차 수원시 모델별 보조금,2023,수원시
화물(소형),모빌리티네트웍스,SE-A2밴,1200,600.0,1800.0,2023년도 전기자동차 수원시 모델별 보조금,2023,수원시
화물(초소형),스마트솔루션즈,D2C,550,250.0,800.0,2023년도 전기자동차 성남시 모델별 보조금,2023,성남시
화물(초소형),스마트솔루션즈,D2P,550,250.0,800.0,2023년도 전기자동차 성남시 모델별 보조금,2023,성남시
화물(초소형),루트17,다니고3,550,250.0,800.0,2023년도 전기자동차 성남시 모델별 보조금,2023,성남시
화물(초소형),루트17,다니고3 픽업,550,250.0,800.0,2023년도 전기자동차 성남시 모델별 보조금,2023,성남시
화물(초소형),마스타전기차,MASTA VAN,550,250.0,800.0,2023년도 전기자동차 성남시 모델별 보조금,2023,성남시
화물(초소형),마스타전기차,MASTA HIM,550,250.0,800.0,2023년도 전기자동차 성남시 모델별 보조금,2023,성남시
화물(초소형),디피코,포트로-탑,550,250.0,800.0,2023년도 전기자동차 성남시 모델별 보조금,2023,성남시
화물(초소형),디피코,포트로-픽업,550,250.0,800.0,2023년도 전기자동차 성남시 모델별 보조금,2023,성남시
화물(초소형),디피코,포트로-탑S,550,250.0,800.0,2023년도 전기자동차 성남시 모델별 보조금,2023,성남시
화물(초소형),디피코,포트로-픽업S,550,250.0,800.0,2023년도 전기자동차 성남시 모델별 보조금,2023,성남시
화물(초소형),진우에스엠씨,포텐스,550,250.0,800.0,2023년도 전기자동차 성남시 모델별 보조금,2023,성남시
화물(경형),파워프라자,라보ev PEACE,900,517.0,1417.0,2023년도 전기자동차 성남시 모델별 보조금,2023,성남시
화물(경형),디피코,포트로350L-탑,900,517.0,1417.0,2023년도 전기자동차 성남시 모델별 보조금,2023,성남시
화물(경형),디피코,포트로350L-픽업,900,517.0,1417.0,2023년도 전기자동차 성남시 모델별 보조금,2023,성남시
화물(소형),제인모터스,제인모터스칼마토EV1톤내장탑차,498,286.0,784.0,2023년도 전기자동차 성남시 모델별 보조금,2023,성남시
화물(소형),파워프라자,봉고3ev PEACE,536,308.0,844.0,2023년도 전기자동차 성남시 모델별 보조금,2023,성남시
화물(소형),파워프라자,봉고3ev PEACE 더블캡,437,251.0,688.0,2023년도 전기자동차 성남시 모델별 보조금,2023,성남시
화물(소형),현대자동차,포터Ⅱ 일렉트릭(24MY),1200,690.0,1890.0,2023년도 전기자동차 성남시 모델별 보조금,2023,성남시
화물(소형),기아,봉고 전기차,1200,690.0,1890.0,2023년도 전기자동차 성남시 모델별 보조금,2023,성남시
화물(소형),기아,봉고 전기차 냉동탑차,1400,805.0,2205.0,2023년도 전기자동차 성남시 모델별 보조금,2023,성남시
화물(소형),기아,봉고 전기차 저상형 냉동탑차,1400,805.0,2205.0,2023년도 전기자동차 성남시 모델별 보조금,2023,성남시
화물(소형),일진정공,일진무시동전기냉동탑차(149.9km),1053,605.0,1658.0,2023년도 전기자동차 성남시 모델별 보조금,2023,성남시
화물(소형),일진정공,일진무시동전기냉동탑차(186.1km),1321,759.0,2080.0,2023년도 전기자동차 성남시 모델별 보조금,2023,성남시
화물(소형),일진정공,일진무시동전기냉동탑차(봉고),1460,839.0,2299.0,2023년도 전기자동차 성남시 모델별 보조금,2023,성남시
화물(소형),일진정공,일진무시동전기냉동탑차(포터),1444,830.0,2274.0,2023년도 전기자동차 성남시 모델별 보조금,2023,성남시
화물(소형),루트17,다니고밴,784,450.0,1234.0,2023년도 전기자동차 성남시 모델별 보조금,2023,성남시
화물(소형),루트17,다니고C(0.8톤 전기트럭),1112,639.0,1751.0,2023년도 전기자동차 성남시 모델별 보조금,2023,성남시
화물(소형),루트17,다니고C2(0.8톤 전기트럭),909,522.0,1431.0,2023년도 전기자동차 성남시 모델별 보조금,2023,성남시
화물(소형),루트17,다니고R(전기냉동탑차),1313,536.0,1849.0,2023년도 전기자동차 성남시 모델별 보조금,2023,성남시
화물(소형),루트17,다니고R2(무시동 전기냉동탑차),1212,696.0,1908.0,2023년도 전기자동차 성남시 모델별 보조금,2023,성남시
화물(소형),한신자동차,플러스2.0,648,372.0,1020.0,2023년도 전기자동차 성남시 모델별 보조금,2023,성남시
화물(소형),비바모빌리티,(단종)비바,932,535.0,1467.0,2023년도 전기자동차 성남시 모델별 보조금,2023,성남시
화물(소형),비바모빌리티,(단종)브라보,802,461.0,1263.0,2023년도 전기자동차 성남시 모델별 보조금,2023,성남시
화물(소형),이브이케이엠씨,(단종)MASADA 2밴,1124,646.0,1770.0,2023년도 전기자동차 성남시 모델별 보조금,2023,성남시
화물(소형),이브이케이엠씨,(단종)MASADA 4밴,1025,589.0,1614.0,2023년도 전기자동차 성남시 모델별 보조금,2023,성남시
화물(소형),이브이케이엠씨,MASADA 픽업,1078,619.0,1697.0,2023년도 전기자동차 성남시 모델별 보조금,2023,성남시
화물(소형),이브이케이엠씨,MASADA 3세대 2밴,1124,646.0,1770.0,2023년도 전기자동차 성남시 모델별 보조금,2023,성남시
화물(소형),이브이케이엠씨,MASADA 3세대 4밴,1025,589.0,1614.0,2023년도 전기자동차 성남시 모델별 보조금,2023,성남시
화물(소형),이브이케이엠씨,MASADA 2밴,1200,690.0,1890.0,2023년도 전기자동차 성남시 모델별 보조금,2023,성남시
화물(소형),이브이케이엠씨,MASADA 4밴,1200,690.0,1890.0,2023년도 전기자동차 성남시 모델별 보조금,2023,성남시
화물(소형),경인모터스,경인1톤전기냉동탑차,1151,661.0,1812.0,2023년도 전기자동차 성남시 모델별 보조금,2023,성남시
화물(소형),제이스모빌리티,(단종)이티밴,1200,690.0,1890.0,2023년도 전기자동차 성남시 모델별 보조금,2023,성남시
화물(소형),제이스모빌리티,이티4밴,1180,678.0,1858.0,2023년도 전기자동차 성남시 모델별 보조금,2023,성남시
화물(소형),오텍,오텍 무시동 전기 냉동탑차(봉고),1253,720.0,1973.0,2023년도 전기자동차 성남시 모델별 보조금,2023,성남시
화물(소형),이엔플러스,이엔1톤롱바디카고,959,551.0,1510.0,2023년도 전기자동차 성남시 모델별 보조금,2023,성남시
화물(소형),이엔플러스,이엔플러스EV1톤롱바디트럭,1009,580.0,1589.0,2023년도 전기자동차 성남시 모델별 보조금,2023,성남시
화물(소형),GS글로벌,T4K,1200,690.0,1890.0,2023년도 전기자동차 성남시 모델별 보조금,2023,성남시
화물(소형),에스에스라이트,젤라,986,566.0,1552.0,2023년도 전기자동차 성남시 모델별 보조금,2023,성남시
화물(소형),에스에스라이트,젤라 P200,1177,676.0,1853.0,2023년도 전기자동차 성남시 모델별 보조금,2023,성남시
화물(소형),한국쓰리축,한국쓰리축1톤롱바디EV트럭(봉고),943,542.0,1485.0,2023년도 전기자동차 성남시 모델별 보조금,2023,성남시
화물(소형),한국쓰리축,한국쓰리축1톤롱바디EV트럭(포터),963,553.0,1516.0,2023년도 전기자동차 성남시 모델별 보조금,2023,성남시
화물(소형),모빌리티네트웍스,SE-A2밴,1200,690.0,1890.0,2023년도 전기자동차 성남시 모델별 보조금,2023,성남시
화물(초소형),스마트솔루션즈,D2C,550,240.0,790.0,2023년도 전기자동차 의정부시 모델별 보조금,2023,의정부시
화물(초소형),스마트솔루션즈,D2P,550,240.0,790.0,2023년도 전기자동차 의정부시 모델별 보조금,2023,의정부시
화물(초소형),루트17,다니고3,550,240.0,790.0,2023년도 전기자동차 의정부시 모델별 보조금,2023,의정부시
화물(초소형),루트17,다니고3 픽업,550,240.0,790.0,2023년도 전기자동차 의정부시 모델별 보조금,2023,의정부시
화물(초소형),마스타전기차,MASTA VAN,550,240.0,790.0,2023년도 전기자동차 의정부시 모델별 보조금,2023,의정부시
화물(초소형),마스타전기차,MASTA HIM,550,240.0,790.0,2023년도 전기자동차 의정부시 모델별 보조금,2023,의정부시
화물(초소형),디피코,포트로-탑,550,240.0,790.0,2023년도 전기자동차 의정부시 모델별 보조금,2023,의정부시
화물(초소형),디피코,포트로-픽업,550,240.0,790.0,2023년도 전기자동차 의정부시 모델별 보조금,2023,의정부시
화물(초소형),디피코,포트로-탑S,550,240.0,790.0,2023년도 전기자동차 의정부시 모델별 보조금,2023,의정부시
화물(초소형),디피코,포트로-픽업S,550,240.0,790.0,2023년도 전기자동차 의정부시 모델별 보조금,2023,의정부시
화물(초소형),진우에스엠씨,포텐스,550,240.0,790.0,2023년도 전기자동차 의정부시 모델별 보조금,2023,의정부시
화물(경형),파워프라자,라보ev PEACE,900,375.0,1275.0,2023년도 전기자동차 의정부시 모델별 보조금,2023,의정부시
화물(경형),디피코,포트로350L-탑,900,375.0,1275.0,2023년도 전기자동차 의정부시 모델별 보조금,2023,의정부시
화물(경형),디피코,포트로350L-픽업,900,375.0,1275.0,2023년도 전기자동차 의정부시 모델별 보조금,2023,의정부시
화물(소형),제인모터스,제인모터스칼마토EV1톤내장탑차,498,207.0,705.0,2023년도 전기자동차 의정부시 모델별 보조금,2023,의정부시
화물(소형),파워프라자,봉고3ev PEACE,536,223.0,759.0,2023년도 전기자동차 의정부시 모델별 보조금,2023,의정부시
화물(소형),파워프라자,봉고3ev PEACE 더블캡,437,182.0,619.0,2023년도 전기자동차 의정부시 모델별 보조금,2023,의정부시
화물(소형),현대자동차,포터Ⅱ 일렉트릭(23MY),1200,500.0,1700.0,2023년도 전기자동차 의정부시 모델별 보조금,2023,의정부시
화물(소형),현대자동차,포터Ⅱ 일렉트릭(24MY),1200,500.0,1700.0,2023년도 전기자동차 의정부시 모델별 보조금,2023,의정부시
화물(소형),기아,봉고 전기차,1200,500.0,1700.0,2023년도 전기자동차 의정부시 모델별 보조금,2023,의정부시
화물(소형),기아,봉고 전기차 냉동탑차,1400,583.0,1983.0,2023년도 전기자동차 의정부시 모델별 보조금,2023,의정부시
화물(소형),기아,봉고 전기차 저상형 냉동탑차,1400,583.0,1983.0,2023년도 전기자동차 의정부시 모델별 보조금,2023,의정부시
화물(소형),일진정공,일진무시동전기냉동탑차(149.9km),1053,438.0,1491.0,2023년도 전기자동차 의정부시 모델별 보조금,2023,의정부시
화물(소형),일진정공,일진무시동전기냉동탑차(186.1km),1321,550.0,1871.0,2023년도 전기자동차 의정부시 모델별 보조금,2023,의정부시
화물(소형),일진정공,일진무시동전기냉동탑차(봉고),1460,608.0,2068.0,2023년도 전기자동차 의정부시 모델별 보조금,2023,의정부시
화물(소형),일진정공,일진무시동전기냉동탑차(포터),1444,601.0,2045.0,2023년도 전기자동차 의정부시 모델별 보조금,2023,의정부시
화물(소형),루트17,다니고밴,784,326.0,1110.0,2023년도 전기자동차 의정부시 모델별 보조금,2023,의정부시
화물(소형),루트17,다니고C(0.8톤 전기트럭),1112,463.0,1575.0,2023년도 전기자동차 의정부시 모델별 보조금,2023,의정부시
화물(소형),루트17,다니고C2(0.8톤 전기트럭),909,378.0,1287.0,2023년도 전기자동차 의정부시 모델별 보조금,2023,의정부시
화물(소형),루트17,다니고R(전기냉동탑차),1313,547.0,1860.0,2023년도 전기자동차 의정부시 모델별 보조금,2023,의정부시
화물(소형),루트17,다니고R2(무시동 전기냉동탑차),1212,505.0,1717.0,2023년도 전기자동차 의정부시 모델별 보조금,2023,의정부시
화물(소형),한신자동차,플러스2.0,648,270.0,918.0,2023년도 전기자동차 의정부시 모델별 보조금,2023,의정부시
화물(소형),비바모빌리티,(단종)비바,932,388.0,1320.0,2023년도 전기자동차 의정부시 모델별 보조금,2023,의정부시
화물(소형),비바모빌리티,(단종)브라보,802,334.0,1136.0,2023년도 전기자동차 의정부시 모델별 보조금,2023,의정부시
화물(소형),이브이케이엠씨,(단종)MASADA 2밴,1124,468.0,1592.0,2023년도 전기자동차 의정부시 모델별 보조금,2023,의정부시
화물(소형),이브이케이엠씨,(단종)MASADA 4밴,1025,427.0,1452.0,2023년도 전기자동차 의정부시 모델별 보조금,2023,의정부시
화물(소형),이브이케이엠씨,MASADA 픽업,1078,449.0,1527.0,2023년도 전기자동차 의정부시 모델별 보조금,2023,의정부시
화물(소형),이브이케이엠씨,MASADA 3세대 2밴,1124,468.0,1592.0,2023년도 전기자동차 의정부시 모델별 보조금,2023,의정부시
화물(소형),이브이케이엠씨,MASADA 3세대 4밴,1025,427.0,1452.0,2023년도 전기자동차 의정부시 모델별 보조금,2023,의정부시
화물(소형),이브이케이엠씨,MASADA 2밴,1200,500.0,1700.0,2023년도 전기자동차 의정부시 모델별 보조금,2023,의정부시
화물(소형),이브이케이엠씨,MASADA 4밴,1200,500.0,1700.0,2023년도 전기자동차 의정부시 모델별 보조금,2023,의정부시
화물(소형),이브이케이엠씨,EC35 2밴,850,354.0,1204.0,2023년도 전기자동차 의정부시 모델별 보조금,2023,의정부시
화물(소형),경인모터스,경인1톤전기냉동탑차,1151,479.0,1630.0,2023년도 전기자동차 의정부시 모델별 보조금,2023,의정부시
화물(소형),제이스모빌리티,(단종)이티밴,1200,500.0,1700.0,2023년도 전기자동차 의정부시 모델별 보조금,2023,의정부시
화물(소형),제이스모빌리티,이티밴,1200,500.0,1700.0,2023년도 전기자동차 의정부시 모델별 보조금,2023,의정부시
화물(소형),제이스모빌리티,이티4밴,1180,491.0,1671.0,2023년도 전기자동차 의정부시 모델별 보조금,2023,의정부시
화물(소형),오텍,오텍 무시동 전기 냉동탑차(봉고),1253,522.0,1775.0,2023년도 전기자동차 의정부시 모델별 보조금,2023,의정부시
화물(소형),이엔플러스,이엔1톤롱바디카고,959,399.0,1358.0,2023년도 전기자동차 의정부시 모델별 보조금,2023,의정부시
화물(소형),이엔플러스,이엔플러스EV1톤롱바디트럭,1009,420.0,1429.0,2023년도 전기자동차 의정부시 모델별 보조금,2023,의정부시
화물(소형),GS글로벌,T4K,1200,500.0,1700.0,2023년도 전기자동차 의정부시 모델별 보조금,2023,의정부시
화물(소형),에스에스라이트,젤라,986,410.0,1396.0,2023년도 전기자동차 의정부시 모델별 보조금,2023,의정부시
화물(소형),에스에스라이트,젤라 P200,1177,490.0,1667.0,2023년도 전기자동차 의정부시 모델별 보조금,2023,의정부시
화물(소형),한국쓰리축,한국쓰리축1톤롱바디EV트럭(봉고),943,392.0,1335.0,2023년도 전기자동차 의정부시 모델별 보조금,2023,의정부시
화물(소형),한국쓰리축,한국쓰리축1톤롱바디EV트럭(포터),963,401.0,1364.0,2023년도 전기자동차 의정부시 모델별 보조금,2023,의정부시
화물(소형),모빌리티네트웍스,SE-A2밴,1200,500.0,1700.0,2023년도 전기자동차 의정부시 모델별 보조금,2023,의정부시
화물(초소형),스마트솔루션즈,D2C,550,275.0,825.0,2023년도 전기자동차 안양시 모델별 보조금,2023,안양시
화물(초소형),스마트솔루션즈,D2P,550,275.0,825.0,2023년도 전기자동차 안양시 모델별 보조금,2023,안양시
화물(초소형),루트17,다니고3,550,275.0,825.0,2023년도 전기자동차 안양시 모델별 보조금,2023,안양시
화물(초소형),루트17,다니고3 픽업,550,275.0,825.0,2023년도 전기자동차 안양시 모델별 보조금,2023,안양시
화물(초소형),마스타전기차,MASTA VAN,550,275.0,825.0,2023년도 전기자동차 안양시 모델별 보조금,2023,안양시
화물(초소형),마스타전기차,MASTA HIM,550,275.0,825.0,2023년도 전기자동차 안양시 모델별 보조금,2023,안양시
화물(초소형),디피코,포트로-탑,550,275.0,825.0,2023년도 전기자동차 안양시 모델별 보조금,2023,안양시
화물(초소형),디피코,포트로-픽업,550,275.0,825.0,2023년도 전기자동차 안양시 모델별 보조금,2023,안양시
화물(초소형),디피코,포트로-탑S,550,275.0,825.0,2023년도 전기자동차 안양시 모델별 보조금,2023,안양시
화물(초소형),디피코,포트로-픽업S,550,275.0,825.0,2023년도 전기자동차 안양시 모델별 보조금,2023,안양시
화물(초소형),진우에스엠씨,포텐스,550,275.0,825.0,2023년도 전기자동차 안양시 모델별 보조금,2023,안양시
화물(경형),파워프라자,라보ev PEACE,900,450.0,1350.0,2023년도 전기자동차 안양시 모델별 보조금,2023,안양시
화물(경형),디피코,포트로350L-탑,900,450.0,1350.0,2023년도 전기자동차 안양시 모델별 보조금,2023,안양시
화물(경형),디피코,포트로350L-픽업,900,450.0,1350.0,2023년도 전기자동차 안양시 모델별 보조금,2023,안양시
화물(소형),제인모터스,제인모터스칼마토EV1톤내장탑차,498,249.0,747.0,2023년도 전기자동차 안양시 모델별 보조금,2023,안양시
화물(소형),파워프라자,봉고3ev PEACE,536,268.0,804.0,2023년도 전기자동차 안양시 모델별 보조금,2023,안양시
화물(소형),파워프라자,봉고3ev PEACE 더블캡,437,218.0,655.0,2023년도 전기자동차 안양시 모델별 보조금,2023,안양시
화물(소형),현대자동차,포터Ⅱ 일렉트릭(24MY),1200,600.0,1800.0,2023년도 전기자동차 안양시 모델별 보조금,2023,안양시
화물(소형),기아,봉고 전기차,1200,600.0,1800.0,2023년도 전기자동차 안양시 모델별 보조금,2023,안양시
화물(소형),기아,봉고 전기차 냉동탑차,1400,700.0,2100.0,2023년도 전기자동차 안양시 모델별 보조금,2023,안양시
화물(소형),기아,봉고 전기차 저상형 냉동탑차,1400,700.0,2100.0,2023년도 전기자동차 안양시 모델별 보조금,2023,안양시
화물(소형),일진정공,일진무시동전기냉동탑차(149.9km),1053,526.0,1579.0,2023년도 전기자동차 안양시 모델별 보조금,2023,안양시
화물(소형),일진정공,일진무시동전기냉동탑차(186.1km),1321,660.0,1981.0,2023년도 전기자동차 안양시 모델별 보조금,2023,안양시
화물(소형),일진정공,일진무시동전기냉동탑차(봉고),1460,730.0,2190.0,2023년도 전기자동차 안양시 모델별 보조금,2023,안양시
화물(소형),일진정공,일진무시동전기냉동탑차(포터),1444,722.0,2166.0,2023년도 전기자동차 안양시 모델별 보조금,2023,안양시
화물(소형),루트17,다니고밴,784,392.0,1176.0,2023년도 전기자동차 안양시 모델별 보조금,2023,안양시
화물(소형),루트17,다니고C(0.8톤 전기트럭),1112,556.0,1668.0,2023년도 전기자동차 안양시 모델별 보조금,2023,안양시
화물(소형),루트17,다니고C2(0.8톤 전기트럭),909,454.0,1363.0,2023년도 전기자동차 안양시 모델별 보조금,2023,안양시
화물(소형),루트17,다니고R(전기냉동탑차),1313,656.0,1969.0,2023년도 전기자동차 안양시 모델별 보조금,2023,안양시
화물(소형),루트17,다니고R2(무시동 전기냉동탑차),1212,606.0,1818.0,2023년도 전기자동차 안양시 모델별 보조금,2023,안양시
화물(소형),한신자동차,플러스2.0,648,324.0,972.0,2023년도 전기자동차 안양시 모델별 보조금,2023,안양시
화물(소형),비바모빌리티,(단종)비바,932,466.0,1398.0,2023년도 전기자동차 안양시 모델별 보조금,2023,안양시
화물(소형),비바모빌리티,(단종)브라보,802,401.0,1203.0,2023년도 전기자동차 안양시 모델별 보조금,2023,안양시
화물(소형),이브이케이엠씨,(단종)MASADA 2밴,1124,562.0,1686.0,2023년도 전기자동차 안양시 모델별 보조금,2023,안양시
화물(소형),이브이케이엠씨,(단종)MASADA 4밴,1025,512.0,1537.0,2023년도 전기자동차 안양시 모델별 보조금,2023,안양시
화물(소형),이브이케이엠씨,MASADA 픽업,1078,539.0,1617.0,2023년도 전기자동차 안양시 모델별 보조금,2023,안양시
화물(소형),이브이케이엠씨,MASADA 3세대 2밴,1124,562.0,1686.0,2023년도 전기자동차 안양시 모델별 보조금,2023,안양시
화물(소형),이브이케이엠씨,MASADA 3세대 4밴,1025,512.0,1537.0,2023년도 전기자동차 안양시 모델별 보조금,2023,안양시
화물(소형),이브이케이엠씨,MASADA 2밴,1200,600.0,1800.0,2023년도 전기자동차 안양시 모델별 보조금,2023,안양시
화물(소형),이브이케이엠씨,MASADA 4밴,1200,600.0,1800.0,2023년도 전기자동차 안양시 모델별 보조금,2023,안양시
화물(소형),경인모터스,경인1톤전기냉동탑차,1151,575.0,1726.0,2023년도 전기자동차 안양시 모델별 보조금,2023,안양시
화물(소형),제이스모빌리티,(단종)이티밴,1200,600.0,1800.0,2023년도 전기자동차 안양시 모델별 보조금,2023,안양시
화물(소형),제이스모빌리티,이티4밴,1180,590.0,1770.0,2023년도 전기자동차 안양시 모델별 보조금,2023,안양시
화물(소형),오텍,오텍 무시동 전기 냉동탑차(봉고),1253,626.0,1879.0,2023년도 전기자동차 안양시 모델별 보조금,2023,안양시
화물(소형),이엔플러스,이엔1톤롱바디카고,959,479.0,1438.0,2023년도 전기자동차 안양시 모델별 보조금,2023,안양시
화물(소형),이엔플러스,이엔플러스EV1톤롱바디트럭,1009,504.0,1513.0,2023년도 전기자동차 안양시 모델별 보조금,2023,안양시
화물(소형),GS글로벌,T4K,1200,600.0,1800.0,2023년도 전기자동차 안양시 모델별 보조금,2023,안양시
화물(소형),에스에스라이트,젤라,986,493.0,1479.0,2023년도 전기자동차 안양시 모델별 보조금,2023,안양시
화물(소형),에스에스라이트,젤라 P200,1177,588.0,1765.0,2023년도 전기자동차 안양시 모델별 보조금,2023,안양시
화물(소형),한국쓰리축,한국쓰리축1톤롱바디EV트럭(봉고),943,471.0,1414.0,2023년도 전기자동차 안양시 모델별 보조금,2023,안양시
화물(소형),한국쓰리축,한국쓰리축1톤롱바디EV트럭(포터),963,481.0,1444.0,2023년도 전기자동차 안양시 모델별 보조금,2023,안양시
화물(소형),모빌리티네트웍스,SE-A2밴,1200,600.0,1800.0,2023년도 전기자동차 안양시 모델별 보조금,2023,안양시
화물(초소형),스마트솔루션즈,D2C,550,252.0,802.0,2023년도 전기자동차 부천시 모델별 보조금,2023,부천시
화물(초소형),스마트솔루션즈,D2P,550,252.0,802.0,2023년도 전기자동차 부천시 모델별 보조금,2023,부천시
화물(초소형),루트17,다니고3,550,252.0,802.0,2023년도 전기자동차 부천시 모델별 보조금,2023,부천시
화물(초소형),루트17,다니고3 픽업,550,252.0,802.0,2023년도 전기자동차 부천시 모델별 보조금,2023,부천시
화물(초소형),마스타전기차,MASTA VAN,550,252.0,802.0,2023년도 전기자동차 부천시 모델별 보조금,2023,부천시
화물(초소형),마스타전기차,MASTA HIM,550,252.0,802.0,2023년도 전기자동차 부천시 모델별 보조금,2023,부천시
화물(초소형),디피코,포트로-탑,550,252.0,802.0,2023년도 전기자동차 부천시 모델별 보조금,2023,부천시
화물(초소형),디피코,포트로-픽업,550,252.0,802.0,2023년도 전기자동차 부천시 모델별 보조금,2023,부천시
화물(초소형),디피코,포트로-탑S,550,252.0,802.0,2023년도 전기자동차 부천시 모델별 보조금,2023,부천시
화물(초소형),디피코,포트로-픽업S,550,252.0,802.0,2023년도 전기자동차 부천시 모델별 보조금,2023,부천시
화물(초소형),진우에스엠씨,포텐스,550,252.0,802.0,2023년도 전기자동차 부천시 모델별 보조금,2023,부천시
화물(경형),파워프라자,라보ev PEACE,900,412.0,1312.0,2023년도 전기자동차 부천시 모델별 보조금,2023,부천시
화물(경형),디피코,포트로350L-탑,900,412.0,1312.0,2023년도 전기자동차 부천시 모델별 보조금,2023,부천시
화물(경형),디피코,포트로350L-픽업,900,412.0,1312.0,2023년도 전기자동차 부천시 모델별 보조금,2023,부천시
화물(소형),제인모터스,제인모터스칼마토EV1톤내장탑차,498,228.0,726.0,2023년도 전기자동차 부천시 모델별 보조금,2023,부천시
화물(소형),파워프라자,봉고3ev PEACE,536,245.0,781.0,2023년도 전기자동차 부천시 모델별 보조금,2023,부천시
화물(소형),파워프라자,봉고3ev PEACE 더블캡,437,200.0,637.0,2023년도 전기자동차 부천시 모델별 보조금,2023,부천시
화물(소형),현대자동차,포터Ⅱ 일렉트릭(23MY),1200,550.0,1750.0,2023년도 전기자동차 부천시 모델별 보조금,2023,부천시
화물(소형),현대자동차,포터Ⅱ 일렉트릭(24MY),1200,550.0,1750.0,2023년도 전기자동차 부천시 모델별 보조금,2023,부천시
화물(소형),기아,봉고 전기차,1200,550.0,1750.0,2023년도 전기자동차 부천시 모델별 보조금,2023,부천시
화물(소형),기아,봉고 전기차 냉동탑차,1400,641.0,2041.0,2023년도 전기자동차 부천시 모델별 보조금,2023,부천시
화물(소형),기아,봉고 전기차 저상형 냉동탑차,1400,641.0,2041.0,2023년도 전기자동차 부천시 모델별 보조금,2023,부천시
화물(소형),일진정공,일진무시동전기냉동탑차(149.9km),1053,482.0,1535.0,2023년도 전기자동차 부천시 모델별 보조금,2023,부천시
화물(소형),일진정공,일진무시동전기냉동탑차(186.1km),1321,550.0,1871.0,2023년도 전기자동차 부천시 모델별 보조금,2023,부천시
화물(소형),일진정공,일진무시동전기냉동탑차(봉고),1460,669.0,2129.0,2023년도 전기자동차 부천시 모델별 보조금,2023,부천시
화물(소형),일진정공,일진무시동전기냉동탑차(포터),1444,661.0,2105.0,2023년도 전기자동차 부천시 모델별 보조금,2023,부천시
화물(소형),루트17,다니고밴,784,359.0,1143.0,2023년도 전기자동차 부천시 모델별 보조금,2023,부천시
화물(소형),루트17,다니고C(0.8톤 전기트럭),1112,509.0,1621.0,2023년도 전기자동차 부천시 모델별 보조금,2023,부천시
화물(소형),루트17,다니고C2(0.8톤 전기트럭),909,416.0,1325.0,2023년도 전기자동차 부천시 모델별 보조금,2023,부천시
화물(소형),루트17,다니고R(전기냉동탑차),1313,601.0,1914.0,2023년도 전기자동차 부천시 모델별 보조금,2023,부천시
화물(소형),루트17,다니고R2(무시동 전기냉동탑차),1212,555.0,1767.0,2023년도 전기자동차 부천시 모델별 보조금,2023,부천시
화물(소형),한신자동차,플러스2.0,648,297.0,945.0,2023년도 전기자동차 부천시 모델별 보조금,2023,부천시
화물(소형),비바모빌리티,(단종)비바,932,427.0,1359.0,2023년도 전기자동차 부천시 모델별 보조금,2023,부천시
화물(소형),비바모빌리티,(단종)브라보,802,367.0,1169.0,2023년도 전기자동차 부천시 모델별 보조금,2023,부천시
화물(소형),이브이케이엠씨,(단종)MASADA 2밴,1124,515.0,1639.0,2023년도 전기자동차 부천시 모델별 보조금,2023,부천시
화물(소형),이브이케이엠씨,(단종)MASADA 4밴,1025,469.0,1494.0,2023년도 전기자동차 부천시 모델별 보조금,2023,부천시
화물(소형),이브이케이엠씨,MASADA 픽업,1078,494.0,1572.0,2023년도 전기자동차 부천시 모델별 보조금,2023,부천시
화물(소형),이브이케이엠씨,MASADA 3세대 2밴,1124,515.0,1639.0,2023년도 전기자동차 부천시 모델별 보조금,2023,부천시
화물(소형),이브이케이엠씨,MASADA 3세대 4밴,1025,469.0,1494.0,2023년도 전기자동차 부천시 모델별 보조금,2023,부천시
화물(소형),이브이케이엠씨,MASADA 2밴,1200,550.0,1750.0,2023년도 전기자동차 부천시 모델별 보조금,2023,부천시
화물(소형),이브이케이엠씨,MASADA 4밴,1200,0.0,1200.0,2023년도 전기자동차 부천시 모델별 보조금,2023,부천시
화물(소형),경인모터스,경인1톤전기냉동탑차,1151,527.0,1678.0,2023년도 전기자동차 부천시 모델별 보조금,2023,부천시
화물(소형),제이스모빌리티,(단종)이티밴,1200,550.0,1750.0,2023년도 전기자동차 부천시 모델별 보조금,2023,부천시
화물(소형),제이스모빌리티,이티밴,1200,550.0,1750.0,2023년도 전기자동차 부천시 모델별 보조금,2023,부천시
화물(소형),제이스모빌리티,이티4밴,1180,540.0,1720.0,2023년도 전기자동차 부천시 모델별 보조금,2023,부천시
화물(소형),오텍,오텍 무시동 전기 냉동탑차(봉고),1253,550.0,1803.0,2023년도 전기자동차 부천시 모델별 보조금,2023,부천시
화물(소형),이엔플러스,이엔1톤롱바디카고,959,439.0,1398.0,2023년도 전기자동차 부천시 모델별 보조금,2023,부천시
화물(소형),이엔플러스,이엔플러스EV1톤롱바디트럭,1009,462.0,1471.0,2023년도 전기자동차 부천시 모델별 보조금,2023,부천시
화물(소형),GS글로벌,T4K,1200,550.0,1750.0,2023년도 전기자동차 부천시 모델별 보조금,2023,부천시
화물(소형),에스에스라이트,젤라,986,451.0,1437.0,2023년도 전기자동차 부천시 모델별 보조금,2023,부천시
화물(소형),에스에스라이트,젤라 P200,1177,539.0,1716.0,2023년도 전기자동차 부천시 모델별 보조금,2023,부천시
화물(소형),한국쓰리축,한국쓰리축1톤롱바디EV트럭(봉고),943,432.0,1375.0,2023년도 전기자동차 부천시 모델별 보조금,2023,부천시
화물(소형),한국쓰리축,한국쓰리축1톤롱바디EV트럭(포터),963,441.0,1404.0,2023년도 전기자동차 부천시 모델별 보조금,2023,부천시
화물(소형),모빌리티네트웍스,SE-A2밴,1200,550.0,1750.0,2023년도 전기자동차 부천시 모델별 보조금,2023,부천시
화물(초소형),스마트솔루션즈,D2C,550,270.0,820.0,2023년도 전기자동차 광명시 모델별 보조금,2023,광명시
화물(초소형),스마트솔루션즈,D2P,550,270.0,820.0,2023년도 전기자동차 광명시 모델별 보조금,2023,광명시
화물(초소형),루트17,다니고3,550,270.0,820.0,2023년도 전기자동차 광명시 모델별 보조금,2023,광명시
화물(초소형),루트17,다니고3 픽업,550,270.0,820.0,2023년도 전기자동차 광명시 모델별 보조금,2023,광명시
화물(초소형),마스타전기차,MASTA VAN,550,270.0,820.0,2023년도 전기자동차 광명시 모델별 보조금,2023,광명시
화물(초소형),마스타전기차,MASTA HIM,550,270.0,820.0,2023년도 전기자동차 광명시 모델별 보조금,2023,광명시
화물(초소형),디피코,포트로-탑,550,270.0,820.0,2023년도 전기자동차 광명시 모델별 보조금,2023,광명시
화물(초소형),디피코,포트로-픽업,550,270.0,820.0,2023년도 전기자동차 광명시 모델별 보조금,2023,광명시
화물(초소형),디피코,포트로-탑S,550,270.0,820.0,2023년도 전기자동차 광명시 모델별 보조금,2023,광명시
화물(초소형),디피코,포트로-픽업S,550,270.0,820.0,2023년도 전기자동차 광명시 모델별 보조금,2023,광명시
화물(초소형),진우에스엠씨,포텐스,550,270.0,820.0,2023년도 전기자동차 광명시 모델별 보조금,2023,광명시
화물(경형),파워프라자,라보ev PEACE,900,450.0,1350.0,2023년도 전기자동차 광명시 모델별 보조금,2023,광명시
화물(경형),디피코,포트로350L-탑,900,450.0,1350.0,2023년도 전기자동차 광명시 모델별 보조금,2023,광명시
화물(경형),디피코,포트로350L-픽업,900,0.0,900.0,2023년도 전기자동차 광명시 모델별 보조금,2023,광명시
화물(소형),제인모터스,제인모터스칼마토EV1톤내장탑차,498,249.0,747.0,2023년도 전기자동차 광명시 모델별 보조금,2023,광명시
화물(소형),파워프라자,봉고3ev PEACE,536,268.0,804.0,2023년도 전기자동차 광명시 모델별 보조금,2023,광명시
화물(소형),파워프라자,봉고3ev PEACE 더블캡,437,218.0,655.0,2023년도 전기자동차 광명시 모델별 보조금,2023,광명시
화물(소형),현대자동차,포터Ⅱ 일렉트릭(23MY),1200,600.0,1800.0,2023년도 전기자동차 광명시 모델별 보조금,2023,광명시
화물(소형),현대자동차,포터Ⅱ 일렉트릭(24MY),1200,600.0,1800.0,2023년도 전기자동차 광명시 모델별 보조금,2023,광명시
화물(소형),기아,봉고 전기차,1200,600.0,1800.0,2023년도 전기자동차 광명시 모델별 보조금,2023,광명시
화물(소형),기아,봉고 전기차 냉동탑차,1400,700.0,2100.0,2023년도 전기자동차 광명시 모델별 보조금,2023,광명시
화물(소형),기아,봉고 전기차 저상형 냉동탑차,1400,700.0,2100.0,2023년도 전기자동차 광명시 모델별 보조금,2023,광명시
화물(소형),일진정공,일진무시동전기냉동탑차(149.9km),1053,526.0,1579.0,2023년도 전기자동차 광명시 모델별 보조금,2023,광명시
화물(소형),일진정공,일진무시동전기냉동탑차(186.1km),1321,660.0,1981.0,2023년도 전기자동차 광명시 모델별 보조금,2023,광명시
화물(소형),일진정공,일진무시동전기냉동탑차(봉고),1460,730.0,2190.0,2023년도 전기자동차 광명시 모델별 보조금,2023,광명시
화물(소형),일진정공,일진무시동전기냉동탑차(포터),1444,722.0,2166.0,2023년도 전기자동차 광명시 모델별 보조금,2023,광명시
화물(소형),루트17,다니고밴,784,392.0,1176.0,2023년도 전기자동차 광명시 모델별 보조금,2023,광명시
화물(소형),루트17,다니고C(0.8톤 전기트럭),1112,556.0,1668.0,2023년도 전기자동차 광명시 모델별 보조금,2023,광명시
화물(소형),루트17,다니고C2(0.8톤 전기트럭),909,454.0,1363.0,2023년도 전기자동차 광명시 모델별 보조금,2023,광명시
화물(소형),루트17,다니고R(전기냉동탑차),1313,656.0,1969.0,2023년도 전기자동차 광명시 모델별 보조금,2023,광명시
화물(소형),루트17,다니고R2(무시동 전기냉동탑차),1212,606.0,1818.0,2023년도 전기자동차 광명시 모델별 보조금,2023,광명시
화물(소형),한신자동차,플러스2.0,648,324.0,972.0,2023년도 전기자동차 광명시 모델별 보조금,2023,광명시
화물(소형),비바모빌리티,(단종)비바,932,466.0,1398.0,2023년도 전기자동차 광명시 모델별 보조금,2023,광명시
화물(소형),비바모빌리티,(단종)브라보,802,401.0,1203.0,2023년도 전기자동차 광명시 모델별 보조금,2023,광명시
화물(소형),이브이케이엠씨,(단종)MASADA 2밴,1124,562.0,1686.0,2023년도 전기자동차 광명시 모델별 보조금,2023,광명시
화물(소형),이브이케이엠씨,(단종)MASADA 4밴,1025,512.0,1537.0,2023년도 전기자동차 광명시 모델별 보조금,2023,광명시
화물(소형),이브이케이엠씨,MASADA 픽업,1078,539.0,1617.0,2023년도 전기자동차 광명시 모델별 보조금,2023,광명시
화물(소형),이브이케이엠씨,MASADA 3세대 2밴,1124,562.0,1686.0,2023년도 전기자동차 광명시 모델별 보조금,2023,광명시
화물(소형),이브이케이엠씨,MASADA 3세대 4밴,1025,512.0,1537.0,2023년도 전기자동차 광명시 모델별 보조금,2023,광명시
화물(소형),이브이케이엠씨,MASADA 2밴,1200,600.0,1800.0,2023년도 전기자동차 광명시 모델별 보조금,2023,광명시
화물(소형),이브이케이엠씨,MASADA 4밴,1200,600.0,1800.0,2023년도 전기자동차 광명시 모델별 보조금,2023,광명시
화물(소형),경인모터스,경인1톤전기냉동탑차,1151,575.0,1726.0,2023년도 전기자동차 광명시 모델별 보조금,2023,광명시
화물(소형),제이스모빌리티,(단종)이티밴,1200,600.0,1800.0,2023년도 전기자동차 광명시 모델별 보조금,2023,광명시
화물(소형),제이스모빌리티,이티밴,1200,600.0,1800.0,2023년도 전기자동차 광명시 모델별 보조금,2023,광명시
화물(소형),제이스모빌리티,이티4밴,1180,590.0,1770.0,2023년도 전기자동차 광명시 모델별 보조금,2023,광명시
화물(소형),오텍,오텍 무시동 전기 냉동탑차(봉고),1253,626.0,1879.0,2023년도 전기자동차 광명시 모델별 보조금,2023,광명시
화물(소형),이엔플러스,이엔1톤롱바디카고,959,479.0,1438.0,2023년도 전기자동차 광명시 모델별 보조금,2023,광명시
화물(소형),이엔플러스,이엔플러스EV1톤롱바디트럭,1009,504.0,1513.0,2023년도 전기자동차 광명시 모델별 보조금,2023,광명시
화물(소형),GS글로벌,T4K,1200,600.0,1800.0,2023년도 전기자동차 광명시 모델별 보조금,2023,광명시
화물(소형),에스에스라이트,젤라,986,493.0,1479.0,2023년도 전기자동차 광명시 모델별 보조금,2023,광명시
화물(소형),에스에스라이트,젤라 P200,1177,588.0,1765.0,2023년도 전기자동차 광명시 모델별 보조금,2023,광명시
화물(소형),한국쓰리축,한국쓰리축1톤롱바디EV트럭(봉고),943,471.0,1414.0,2023년도 전기자동차 광명시 모델별 보조금,2023,광명시
화물(소형),한국쓰리축,한국쓰리축1톤롱바디EV트럭(포터),963,481.0,1444.0,2023년도 전기자동차 광명시 모델별 보조금,2023,광명시
화물(소형),모빌리티네트웍스,SE-A2밴,1200,600.0,1800.0,2023년도 전기자동차 광명시 모델별 보조금,2023,광명시
화물(초소형),스마트솔루션즈,D2C,550,380.0,930.0,2023년도 전기자동차 평택시 모델별 보조금,2023,평택시
화물(초소형),스마트솔루션즈,D2P,550,380.0,930.0,2023년도 전기자동차 평택시 모델별 보조금,2023,평택시
화물(초소형),루트17,다니고3,550,380.0,930.0,2023년도 전기자동차 평택시 모델별 보조금,2023,평택시
화물(초소형),루트17,다니고3 픽업,550,380.0,930.0,2023년도 전기자동차 평택시 모델별 보조금,2023,평택시
화물(초소형),마스타전기차,MASTA VAN,550,380.0,930.0,2023년도 전기자동차 평택시 모델별 보조금,2023,평택시
화물(초소형),마스타전기차,MASTA HIM,550,380.0,930.0,2023년도 전기자동차 평택시 모델별 보조금,2023,평택시
화물(초소형),디피코,포트로-탑,550,380.0,930.0,2023년도 전기자동차 평택시 모델별 보조금,2023,평택시
화물(초소형),디피코,포트로-픽업,550,380.0,930.0,2023년도 전기자동차 평택시 모델별 보조금,2023,평택시
화물(초소형),디피코,포트로-탑S,550,380.0,930.0,2023년도 전기자동차 평택시 모델별 보조금,2023,평택시
화물(초소형),디피코,포트로-픽업S,550,380.0,930.0,2023년도 전기자동차 평택시 모델별 보조금,2023,평택시
화물(초소형),진우에스엠씨,포텐스,550,380.0,930.0,2023년도 전기자동차 평택시 모델별 보조금,2023,평택시
화물(경형),파워프라자,라보ev PEACE,900,622.0,1522.0,2023년도 전기자동차 평택시 모델별 보조금,2023,평택시
화물(경형),디피코,포트로350L-탑,900,622.0,1522.0,2023년도 전기자동차 평택시 모델별 보조금,2023,평택시
화물(경형),디피코,포트로350L-픽업,900,622.0,1522.0,2023년도 전기자동차 평택시 모델별 보조금,2023,평택시
화물(소형),제인모터스,제인모터스칼마토EV1톤내장탑차,498,344.0,842.0,2023년도 전기자동차 평택시 모델별 보조금,2023,평택시
화물(소형),파워프라자,봉고3ev PEACE,536,370.0,906.0,2023년도 전기자동차 평택시 모델별 보조금,2023,평택시
화물(소형),파워프라자,봉고3ev PEACE 더블캡,437,302.0,739.0,2023년도 전기자동차 평택시 모델별 보조금,2023,평택시
화물(소형),현대자동차,포터Ⅱ 일렉트릭(23MY),1200,830.0,2030.0,2023년도 전기자동차 평택시 모델별 보조금,2023,평택시
화물(소형),현대자동차,포터Ⅱ 일렉트릭(24MY),1200,830.0,2030.0,2023년도 전기자동차 평택시 모델별 보조금,2023,평택시
화물(소형),기아,봉고 전기차,1200,830.0,2030.0,2023년도 전기자동차 평택시 모델별 보조금,2023,평택시
화물(소형),기아,봉고 전기차 냉동탑차,1400,968.0,2368.0,2023년도 전기자동차 평택시 모델별 보조금,2023,평택시
화물(소형),기아,봉고 전기차 저상형 냉동탑차,1400,968.0,2368.0,2023년도 전기자동차 평택시 모델별 보조금,2023,평택시
화물(소형),일진정공,일진무시동전기냉동탑차(149.9km),1053,728.0,1781.0,2023년도 전기자동차 평택시 모델별 보조금,2023,평택시
화물(소형),일진정공,일진무시동전기냉동탑차(186.1km),1321,913.0,2234.0,2023년도 전기자동차 평택시 모델별 보조금,2023,평택시
화물(소형),일진정공,일진무시동전기냉동탑차(봉고),1460,1009.0,2469.0,2023년도 전기자동차 평택시 모델별 보조금,2023,평택시
화물(소형),일진정공,일진무시동전기냉동탑차(포터),1444,998.0,2442.0,2023년도 전기자동차 평택시 모델별 보조금,2023,평택시
화물(소형),루트17,다니고밴,784,542.0,1326.0,2023년도 전기자동차 평택시 모델별 보조금,2023,평택시
화물(소형),루트17,다니고C(0.8톤 전기트럭),1112,769.0,1881.0,2023년도 전기자동차 평택시 모델별 보조금,2023,평택시
화물(소형),루트17,다니고C2(0.8톤 전기트럭),909,628.0,1537.0,2023년도 전기자동차 평택시 모델별 보조금,2023,평택시
화물(소형),루트17,다니고R(전기냉동탑차),1313,908.0,2221.0,2023년도 전기자동차 평택시 모델별 보조금,2023,평택시
화물(소형),루트17,다니고R2(무시동 전기냉동탑차),1212,838.0,2050.0,2023년도 전기자동차 평택시 모델별 보조금,2023,평택시
화물(소형),한신자동차,플러스2.0,648,448.0,1096.0,2023년도 전기자동차 평택시 모델별 보조금,2023,평택시
화물(소형),비바모빌리티,(단종)비바,932,644.0,1576.0,2023년도 전기자동차 평택시 모델별 보조금,2023,평택시
화물(소형),비바모빌리티,(단종)브라보,802,554.0,1356.0,2023년도 전기자동차 평택시 모델별 보조금,2023,평택시
화물(소형),이브이케이엠씨,(단종)MASADA 2밴,1124,777.0,1901.0,2023년도 전기자동차 평택시 모델별 보조금,2023,평택시
화물(소형),이브이케이엠씨,(단종)MASADA 4밴,1025,708.0,1733.0,2023년도 전기자동차 평택시 모델별 보조금,2023,평택시
화물(소형),이브이케이엠씨,MASADA 픽업,1078,745.0,1823.0,2023년도 전기자동차 평택시 모델별 보조금,2023,평택시
화물(소형),이브이케이엠씨,MASADA 3세대 2밴,1124,777.0,1901.0,2023년도 전기자동차 평택시 모델별 보조금,2023,평택시
화물(소형),이브이케이엠씨,MASADA 3세대 4밴,1025,708.0,1733.0,2023년도 전기자동차 평택시 모델별 보조금,2023,평택시
화물(소형),이브이케이엠씨,MASADA 2밴,1200,830.0,2030.0,2023년도 전기자동차 평택시 모델별 보조금,2023,평택시
화물(소형),이브이케이엠씨,MASADA 4밴,1200,830.0,2030.0,2023년도 전기자동차 평택시 모델별 보조금,2023,평택시
화물(소형),경인모터스,경인1톤전기냉동탑차,1151,796.0,1947.0,2023년도 전기자동차 평택시 모델별 보조금,2023,평택시
화물(소형),제이스모빌리티,(단종)이티밴,1200,830.0,2030.0,2023년도 전기자동차 평택시 모델별 보조금,2023,평택시
화물(소형),제이스모빌리티,이티밴,1200,830.0,2030.0,2023년도 전기자동차 평택시 모델별 보조금,2023,평택시
화물(소형),제이스모빌리티,이티4밴,1180,816.0,1996.0,2023년도 전기자동차 평택시 모델별 보조금,2023,평택시
화물(소형),오텍,오텍 무시동 전기 냉동탑차(봉고),1253,830.0,2083.0,2023년도 전기자동차 평택시 모델별 보조금,2023,평택시
화물(소형),이엔플러스,이엔1톤롱바디카고,959,663.0,1622.0,2023년도 전기자동차 평택시 모델별 보조금,2023,평택시
화물(소형),이엔플러스,이엔플러스EV1톤롱바디트럭,1009,697.0,1706.0,2023년도 전기자동차 평택시 모델별 보조금,2023,평택시
화물(소형),GS글로벌,T4K,1200,830.0,2030.0,2023년도 전기자동차 평택시 모델별 보조금,2023,평택시
화물(소형),에스에스라이트,젤라,986,681.0,1667.0,2023년도 전기자동차 평택시 모델별 보조금,2023,평택시
화물(소형),에스에스라이트,젤라 P200,1177,814.0,1991.0,2023년도 전기자동차 평택시 모델별 보조금,2023,평택시
화물(소형),한국쓰리축,한국쓰리축1톤롱바디EV트럭(봉고),943,652.0,1595.0,2023년도 전기자동차 평택시 모델별 보조금,2023,평택시
화물(소형),한국쓰리축,한국쓰리축1톤롱바디EV트럭(포터),963,666.0,1629.0,2023년도 전기자동차 평택시 모델별 보조금,2023,평택시
화물(소형),모빌리티네트웍스,SE-A2밴,1200,830.0,2030.0,2023년도 전기자동차 평택시 모델별 보조금,2023,평택시
화물(초소형),스마트솔루션즈,D2C,550,320.0,870.0,2023년도 전기자동차 동두천시 모델별 보조금,2023,동두천시
화물(초소형),스마트솔루션즈,D2P,550,320.0,870.0,2023년도 전기자동차 동두천시 모델별 보조금,2023,동두천시
화물(초소형),루트17,다니고3,550,320.0,870.0,2023년도 전기자동차 동두천시 모델별 보조금,2023,동두천시
화물(초소형),루트17,다니고3 픽업,550,320.0,870.0,2023년도 전기자동차 동두천시 모델별 보조금,2023,동두천시
화물(초소형),마스타전기차,MASTA VAN,550,320.0,870.0,2023년도 전기자동차 동두천시 모델별 보조금,2023,동두천시
화물(초소형),마스타전기차,MASTA HIM,550,320.0,870.0,2023년도 전기자동차 동두천시 모델별 보조금,2023,동두천시
화물(초소형),디피코,포트로-탑,550,320.0,870.0,2023년도 전기자동차 동두천시 모델별 보조금,2023,동두천시
화물(초소형),디피코,포트로-픽업,550,320.0,870.0,2023년도 전기자동차 동두천시 모델별 보조금,2023,동두천시
화물(초소형),디피코,포트로-탑S,550,320.0,870.0,2023년도 전기자동차 동두천시 모델별 보조금,2023,동두천시
화물(초소형),디피코,포트로-픽업S,550,320.0,870.0,2023년도 전기자동차 동두천시 모델별 보조금,2023,동두천시
화물(초소형),진우에스엠씨,포텐스,550,320.0,870.0,2023년도 전기자동차 동두천시 모델별 보조금,2023,동두천시
화물(경형),파워프라자,라보ev PEACE,900,525.0,1425.0,2023년도 전기자동차 동두천시 모델별 보조금,2023,동두천시
화물(경형),디피코,포트로350L-탑,900,525.0,1425.0,2023년도 전기자동차 동두천시 모델별 보조금,2023,동두천시
화물(소형),제인모터스,제인모터스칼마토EV1톤내장탑차,498,290.0,788.0,2023년도 전기자동차 동두천시 모델별 보조금,2023,동두천시
화물(소형),파워프라자,봉고3ev PEACE,536,312.0,848.0,2023년도 전기자동차 동두천시 모델별 보조금,2023,동두천시
화물(소형),파워프라자,봉고3ev PEACE 더블캡,437,254.0,691.0,2023년도 전기자동차 동두천시 모델별 보조금,2023,동두천시
화물(소형),현대자동차,포터Ⅱ 일렉트릭(24MY),1200,700.0,1900.0,2023년도 전기자동차 동두천시 모델별 보조금,2023,동두천시
화물(소형),기아,봉고 전기차,1200,700.0,1900.0,2023년도 전기자동차 동두천시 모델별 보조금,2023,동두천시
화물(소형),기아,봉고 전기차 냉동탑차,1400,816.0,2216.0,2023년도 전기자동차 동두천시 모델별 보조금,2023,동두천시
화물(소형),기아,봉고 전기차 저상형 냉동탑차,1400,816.0,2216.0,2023년도 전기자동차 동두천시 모델별 보조금,2023,동두천시
화물(소형),일진정공,일진무시동전기냉동탑차(149.9km),1053,614.0,1667.0,2023년도 전기자동차 동두천시 모델별 보조금,2023,동두천시
화물(소형),일진정공,일진무시동전기냉동탑차(186.1km),1321,770.0,2091.0,2023년도 전기자동차 동두천시 모델별 보조금,2023,동두천시
화물(소형),일진정공,일진무시동전기냉동탑차(봉고),1460,851.0,2311.0,2023년도 전기자동차 동두천시 모델별 보조금,2023,동두천시
화물(소형),일진정공,일진무시동전기냉동탑차(포터),1444,842.0,2286.0,2023년도 전기자동차 동두천시 모델별 보조금,2023,동두천시
화물(소형),루트17,다니고밴,784,457.0,1241.0,2023년도 전기자동차 동두천시 모델별 보조금,2023,동두천시
화물(소형),루트17,다니고C(0.8톤 전기트럭),1112,648.0,1760.0,2023년도 전기자동차 동두천시 모델별 보조금,2023,동두천시
화물(소형),루트17,다니고C2(0.8톤 전기트럭),909,530.0,1439.0,2023년도 전기자동차 동두천시 모델별 보조금,2023,동두천시
화물(소형),루트17,다니고R(전기냉동탑차),1313,765.0,2078.0,2023년도 전기자동차 동두천시 모델별 보조금,2023,동두천시
화물(소형),루트17,다니고R2(무시동 전기냉동탑차),1212,707.0,1919.0,2023년도 전기자동차 동두천시 모델별 보조금,2023,동두천시
화물(소형),한신자동차,플러스2.0,648,378.0,1026.0,2023년도 전기자동차 동두천시 모델별 보조금,2023,동두천시
화물(소형),비바모빌리티,(단종)비바,932,543.0,1475.0,2023년도 전기자동차 동두천시 모델별 보조금,2023,동두천시
화물(소형),비바모빌리티,(단종)브라보,802,467.0,1269.0,2023년도 전기자동차 동두천시 모델별 보조금,2023,동두천시
화물(소형),이브이케이엠씨,(단종)MASADA 2밴,1124,655.0,1779.0,2023년도 전기자동차 동두천시 모델별 보조금,2023,동두천시
화물(소형),이브이케이엠씨,(단종)MASADA 4밴,1025,597.0,1622.0,2023년도 전기자동차 동두천시 모델별 보조금,2023,동두천시
화물(소형),이브이케이엠씨,MASADA 픽업,1078,628.0,1706.0,2023년도 전기자동차 동두천시 모델별 보조금,2023,동두천시
화물(소형),이브이케이엠씨,MASADA 3세대 2밴,1124,655.0,1779.0,2023년도 전기자동차 동두천시 모델별 보조금,2023,동두천시
화물(소형),이브이케이엠씨,MASADA 3세대 4밴,1025,597.0,1622.0,2023년도 전기자동차 동두천시 모델별 보조금,2023,동두천시
화물(소형),경인모터스,경인1톤전기냉동탑차,1151,671.0,1822.0,2023년도 전기자동차 동두천시 모델별 보조금,2023,동두천시
화물(소형),제이스모빌리티,(단종)이티밴,1200,700.0,1900.0,2023년도 전기자동차 동두천시 모델별 보조금,2023,동두천시
화물(소형),제이스모빌리티,이티4밴,1180,688.0,1868.0,2023년도 전기자동차 동두천시 모델별 보조금,2023,동두천시
화물(소형),오텍,오텍 무시동 전기 냉동탑차(봉고),1253,730.0,1983.0,2023년도 전기자동차 동두천시 모델별 보조금,2023,동두천시
화물(소형),이엔플러스,이엔1톤롱바디카고,959,559.0,1518.0,2023년도 전기자동차 동두천시 모델별 보조금,2023,동두천시
화물(소형),이엔플러스,이엔플러스EV1톤롱바디트럭,1009,588.0,1597.0,2023년도 전기자동차 동두천시 모델별 보조금,2023,동두천시
화물(소형),GS글로벌,T4K,1200,700.0,1900.0,2023년도 전기자동차 동두천시 모델별 보조금,2023,동두천시
화물(소형),에스에스라이트,젤라,986,575.0,1561.0,2023년도 전기자동차 동두천시 모델별 보조금,2023,동두천시
화물(소형),에스에스라이트,젤라 P200,1177,686.0,1863.0,2023년도 전기자동차 동두천시 모델별 보조금,2023,동두천시
화물(소형),한국쓰리축,한국쓰리축1톤롱바디EV트럭(봉고),943,550.0,1493.0,2023년도 전기자동차 동두천시 모델별 보조금,2023,동두천시
화물(소형),모빌리티네트웍스,SE-A2밴,1200,700.0,1900.0,2023년도 전기자동차 동두천시 모델별 보조금,2023,동두천시
화물(초소형),스마트솔루션즈,D2C,550,275.0,825.0,2023년도 전기자동차 안산시 모델별 보조금,2023,안산시
화물(초소형),스마트솔루션즈,D2P,550,275.0,825.0,2023년도 전기자동차 안산시 모델별 보조금,2023,안산시
화물(초소형),루트17,다니고3,550,275.0,825.0,2023년도 전기자동차 안산시 모델별 보조금,2023,안산시
화물(초소형),루트17,다니고3 픽업,550,275.0,825.0,2023년도 전기자동차 안산시 모델별 보조금,2023,안산시
화물(초소형),마스타전기차,MASTA VAN,550,275.0,825.0,2023년도 전기자동차 안산시 모델별 보조금,2023,안산시
화물(초소형),마스타전기차,MASTA HIM,550,275.0,825.0,2023년도 전기자동차 안산시 모델별 보조금,2023,안산시
화물(초소형),디피코,포트로-탑,550,275.0,825.0,2023년도 전기자동차 안산시 모델별 보조금,2023,안산시
화물(초소형),디피코,포트로-픽업,550,275.0,825.0,2023년도 전기자동차 안산시 모델별 보조금,2023,안산시
화물(초소형),디피코,포트로-탑S,550,275.0,825.0,2023년도 전기자동차 안산시 모델별 보조금,2023,안산시
화물(초소형),디피코,포트로-픽업S,550,275.0,825.0,2023년도 전기자동차 안산시 모델별 보조금,2023,안산시
화물(초소형),진우에스엠씨,포텐스,550,275.0,825.0,2023년도 전기자동차 안산시 모델별 보조금,2023,안산시
화물(경형),파워프라자,라보ev PEACE,900,450.0,1350.0,2023년도 전기자동차 안산시 모델별 보조금,2023,안산시
화물(경형),디피코,포트로350L-탑,900,450.0,1350.0,2023년도 전기자동차 안산시 모델별 보조금,2023,안산시
화물(경형),디피코,포트로350L-픽업,900,450.0,1350.0,2023년도 전기자동차 안산시 모델별 보조금,2023,안산시
화물(소형),제인모터스,제인모터스칼마토EV1톤내장탑차,498,249.0,747.0,2023년도 전기자동차 안산시 모델별 보조금,2023,안산시
화물(소형),파워프라자,봉고3ev PEACE,536,268.0,804.0,2023년도 전기자동차 안산시 모델별 보조금,2023,안산시
화물(소형),파워프라자,봉고3ev PEACE 더블캡,437,218.0,655.0,2023년도 전기자동차 안산시 모델별 보조금,2023,안산시
화물(소형),현대자동차,포터Ⅱ 일렉트릭(23MY),1200,600.0,1800.0,2023년도 전기자동차 안산시 모델별 보조금,2023,안산시
화물(소형),현대자동차,포터Ⅱ 일렉트릭(24MY),1200,600.0,1800.0,2023년도 전기자동차 안산시 모델별 보조금,2023,안산시
화물(소형),기아,봉고 전기차,1200,600.0,1800.0,2023년도 전기자동차 안산시 모델별 보조금,2023,안산시
화물(소형),기아,봉고 전기차 냉동탑차,1400,700.0,2100.0,2023년도 전기자동차 안산시 모델별 보조금,2023,안산시
화물(소형),기아,봉고 전기차 저상형 냉동탑차,1400,700.0,2100.0,2023년도 전기자동차 안산시 모델별 보조금,2023,안산시
화물(소형),일진정공,일진무시동전기냉동탑차(149.9km),1053,526.0,1579.0,2023년도 전기자동차 안산시 모델별 보조금,2023,안산시
화물(소형),일진정공,일진무시동전기냉동탑차(186.1km),1321,660.0,1981.0,2023년도 전기자동차 안산시 모델별 보조금,2023,안산시
화물(소형),일진정공,일진무시동전기냉동탑차(봉고),1460,730.0,2190.0,2023년도 전기자동차 안산시 모델별 보조금,2023,안산시
화물(소형),일진정공,일진무시동전기냉동탑차(포터),1444,722.0,2166.0,2023년도 전기자동차 안산시 모델별 보조금,2023,안산시
화물(소형),루트17,다니고밴,784,392.0,1176.0,2023년도 전기자동차 안산시 모델별 보조금,2023,안산시
화물(소형),루트17,다니고C(0.8톤 전기트럭),1112,556.0,1668.0,2023년도 전기자동차 안산시 모델별 보조금,2023,안산시
화물(소형),루트17,다니고C2(0.8톤 전기트럭),909,454.0,1363.0,2023년도 전기자동차 안산시 모델별 보조금,2023,안산시
화물(소형),루트17,다니고R(전기냉동탑차),1313,656.0,1969.0,2023년도 전기자동차 안산시 모델별 보조금,2023,안산시
화물(소형),루트17,다니고R2(무시동 전기냉동탑차),1212,606.0,1818.0,2023년도 전기자동차 안산시 모델별 보조금,2023,안산시
화물(소형),한신자동차,플러스2.0,648,324.0,972.0,2023년도 전기자동차 안산시 모델별 보조금,2023,안산시
화물(소형),비바모빌리티,(단종)비바,932,0.0,932.0,2023년도 전기자동차 안산시 모델별 보조금,2023,안산시
화물(소형),비바모빌리티,(단종)브라보,802,0.0,802.0,2023년도 전기자동차 안산시 모델별 보조금,2023,안산시
화물(소형),이브이케이엠씨,(단종)MASADA 2밴,1124,562.0,1686.0,2023년도 전기자동차 안산시 모델별 보조금,2023,안산시
화물(소형),이브이케이엠씨,(단종)MASADA 4밴,1025,512.0,1537.0,2023년도 전기자동차 안산시 모델별 보조금,2023,안산시
화물(소형),이브이케이엠씨,MASADA 픽업,1078,539.0,1617.0,2023년도 전기자동차 안산시 모델별 보조금,2023,안산시
화물(소형),이브이케이엠씨,MASADA 3세대 2밴,1124,562.0,1686.0,2023년도 전기자동차 안산시 모델별 보조금,2023,안산시
화물(소형),이브이케이엠씨,MASADA 3세대 4밴,1025,512.0,1537.0,2023년도 전기자동차 안산시 모델별 보조금,2023,안산시
화물(소형),이브이케이엠씨,MASADA 2밴,1200,600.0,1800.0,2023년도 전기자동차 안산시 모델별 보조금,2023,안산시
화물(소형),이브이케이엠씨,MASADA 4밴,1200,600.0,1800.0,2023년도 전기자동차 안산시 모델별 보조금,2023,안산시
화물(소형),경인모터스,경인1톤전기냉동탑차,1151,575.0,1726.0,2023년도 전기자동차 안산시 모델별 보조금,2023,안산시
화물(소형),제이스모빌리티,(단종)이티밴,1200,600.0,1800.0,2023년도 전기자동차 안산시 모델별 보조금,2023,안산시
화물(소형),제이스모빌리티,이티밴,1200,600.0,1800.0,2023년도 전기자동차 안산시 모델별 보조금,2023,안산시
화물(소형),제이스모빌리티,이티4밴,1180,590.0,1770.0,2023년도 전기자동차 안산시 모델별 보조금,2023,안산시
화물(소형),오텍,오텍 무시동 전기 냉동탑차(봉고),1253,626.0,1879.0,2023년도 전기자동차 안산시 모델별 보조금,2023,안산시
화물(소형),이엔플러스,이엔1톤롱바디카고,959,479.0,1438.0,2023년도 전기자동차 안산시 모델별 보조금,2023,안산시
화물(소형),이엔플러스,이엔플러스EV1톤롱바디트럭,1009,504.0,1513.0,2023년도 전기자동차 안산시 모델별 보조금,2023,안산시
화물(소형),GS글로벌,T4K,1200,600.0,1800.0,2023년도 전기자동차 안산시 모델별 보조금,2023,안산시
화물(소형),에스에스라이트,젤라,986,493.0,1479.0,2023년도 전기자동차 안산시 모델별 보조금,2023,안산시
화물(소형),에스에스라이트,젤라 P200,1177,588.0,1765.0,2023년도 전기자동차 안산시 모델별 보조금,2023,안산시
화물(소형),한국쓰리축,한국쓰리축1톤롱바디EV트럭(봉고),943,471.0,1414.0,2023년도 전기자동차 안산시 모델별 보조금,2023,안산시
화물(소형),한국쓰리축,한국쓰리축1톤롱바디EV트럭(포터),963,481.0,1444.0,2023년도 전기자동차 안산시 모델별 보조금,2023,안산시
화물(소형),모빌리티네트웍스,SE-A2밴,1200,600.0,1800.0,2023년도 전기자동차 안산시 모델별 보조금,2023,안산시
화물(초소형),스마트솔루션즈,D2C,550,270.0,820.0,2023년도 전기자동차 고양시 모델별 보조금,2023,고양시
화물(초소형),스마트솔루션즈,D2P,550,270.0,820.0,2023년도 전기자동차 고양시 모델별 보조금,2023,고양시
화물(초소형),루트17,다니고3,550,270.0,820.0,2023년도 전기자동차 고양시 모델별 보조금,2023,고양시
화물(초소형),루트17,다니고3 픽업,550,270.0,820.0,2023년도 전기자동차 고양시 모델별 보조금,2023,고양시
화물(초소형),마스타전기차,MASTA VAN,550,270.0,820.0,2023년도 전기자동차 고양시 모델별 보조금,2023,고양시
화물(초소형),마스타전기차,MASTA HIM,550,270.0,820.0,2023년도 전기자동차 고양시 모델별 보조금,2023,고양시
화물(초소형),디피코,포트로-탑,550,270.0,820.0,2023년도 전기자동차 고양시 모델별 보조금,2023,고양시
화물(초소형),디피코,포트로-픽업,550,270.0,820.0,2023년도 전기자동차 고양시 모델별 보조금,2023,고양시
화물(초소형),디피코,포트로-탑S,550,270.0,820.0,2023년도 전기자동차 고양시 모델별 보조금,2023,고양시
화물(초소형),디피코,포트로-픽업S,550,270.0,820.0,2023년도 전기자동차 고양시 모델별 보조금,2023,고양시
화물(초소형),진우에스엠씨,포텐스,550,270.0,820.0,2023년도 전기자동차 고양시 모델별 보조금,2023,고양시
화물(경형),파워프라자,라보ev PEACE,900,450.0,1350.0,2023년도 전기자동차 고양시 모델별 보조금,2023,고양시
화물(경형),디피코,포트로350L-탑,900,450.0,1350.0,2023년도 전기자동차 고양시 모델별 보조금,2023,고양시
화물(경형),디피코,포트로350L-픽업,900,450.0,1350.0,2023년도 전기자동차 고양시 모델별 보조금,2023,고양시
화물(소형),제인모터스,제인모터스칼마토EV1톤내장탑차,498,249.0,747.0,2023년도 전기자동차 고양시 모델별 보조금,2023,고양시
화물(소형),파워프라자,봉고3ev PEACE,536,268.0,804.0,2023년도 전기자동차 고양시 모델별 보조금,2023,고양시
화물(소형),파워프라자,봉고3ev PEACE 더블캡,437,218.0,655.0,2023년도 전기자동차 고양시 모델별 보조금,2023,고양시
화물(소형),현대자동차,포터Ⅱ 일렉트릭(23MY),1200,600.0,1800.0,2023년도 전기자동차 고양시 모델별 보조금,2023,고양시
화물(소형),현대자동차,포터Ⅱ 일렉트릭(24MY),1200,600.0,1800.0,2023년도 전기자동차 고양시 모델별 보조금,2023,고양시
화물(소형),기아,봉고 전기차,1200,600.0,1800.0,2023년도 전기자동차 고양시 모델별 보조금,2023,고양시
화물(소형),기아,봉고 전기차 냉동탑차,1400,700.0,2100.0,2023년도 전기자동차 고양시 모델별 보조금,2023,고양시
화물(소형),기아,봉고 전기차 저상형 냉동탑차,1400,700.0,2100.0,2023년도 전기자동차 고양시 모델별 보조금,2023,고양시
화물(소형),일진정공,일진무시동전기냉동탑차(149.9km),1053,526.0,1579.0,2023년도 전기자동차 고양시 모델별 보조금,2023,고양시
화물(소형),일진정공,일진무시동전기냉동탑차(186.1km),1321,660.0,1981.0,2023년도 전기자동차 고양시 모델별 보조금,2023,고양시
화물(소형),일진정공,일진무시동전기냉동탑차(봉고),1460,730.0,2190.0,2023년도 전기자동차 고양시 모델별 보조금,2023,고양시
화물(소형),일진정공,일진무시동전기냉동탑차(포터),1444,722.0,2166.0,2023년도 전기자동차 고양시 모델별 보조금,2023,고양시
화물(소형),루트17,다니고밴,784,392.0,1176.0,2023년도 전기자동차 고양시 모델별 보조금,2023,고양시
화물(소형),루트17,다니고C(0.8톤 전기트럭),1112,556.0,1668.0,2023년도 전기자동차 고양시 모델별 보조금,2023,고양시
화물(소형),루트17,다니고C2(0.8톤 전기트럭),909,454.0,1363.0,2023년도 전기자동차 고양시 모델별 보조금,2023,고양시
화물(소형),루트17,다니고R(전기냉동탑차),1313,656.0,1969.0,2023년도 전기자동차 고양시 모델별 보조금,2023,고양시
화물(소형),루트17,다니고R2(무시동 전기냉동탑차),1212,600.0,1812.0,2023년도 전기자동차 고양시 모델별 보조금,2023,고양시
화물(소형),한신자동차,플러스2.0,648,324.0,972.0,2023년도 전기자동차 고양시 모델별 보조금,2023,고양시
화물(소형),비바모빌리티,(단종)비바,932,466.0,1398.0,2023년도 전기자동차 고양시 모델별 보조금,2023,고양시
화물(소형),비바모빌리티,(단종)브라보,802,401.0,1203.0,2023년도 전기자동차 고양시 모델별 보조금,2023,고양시
화물(소형),이브이케이엠씨,(단종)MASADA 2밴,1124,562.0,1686.0,2023년도 전기자동차 고양시 모델별 보조금,2023,고양시
화물(소형),이브이케이엠씨,(단종)MASADA 4밴,1025,512.0,1537.0,2023년도 전기자동차 고양시 모델별 보조금,2023,고양시
화물(소형),이브이케이엠씨,MASADA 픽업,1078,539.0,1617.0,2023년도 전기자동차 고양시 모델별 보조금,2023,고양시
화물(소형),이브이케이엠씨,MASADA 3세대 2밴,1124,562.0,1686.0,2023년도 전기자동차 고양시 모델별 보조금,2023,고양시
화물(소형),이브이케이엠씨,MASADA 3세대 4밴,1025,512.0,1537.0,2023년도 전기자동차 고양시 모델별 보조금,2023,고양시
화물(소형),이브이케이엠씨,MASADA 2밴,1200,600.0,1800.0,2023년도 전기자동차 고양시 모델별 보조금,2023,고양시
화물(소형),이브이케이엠씨,MASADA 4밴,1200,600.0,1800.0,2023년도 전기자동차 고양시 모델별 보조금,2023,고양시
화물(소형),경인모터스,경인1톤전기냉동탑차,1151,575.0,1726.0,2023년도 전기자동차 고양시 모델별 보조금,2023,고양시
화물(소형),제이스모빌리티,(단종)이티밴,1200,600.0,1800.0,2023년도 전기자동차 고양시 모델별 보조금,2023,고양시
화물(소형),제이스모빌리티,이티밴,1200,600.0,1800.0,2023년도 전기자동차 고양시 모델별 보조금,2023,고양시
화물(소형),제이스모빌리티,이티4밴,1180,590.0,1770.0,2023년도 전기자동차 고양시 모델별 보조금,2023,고양시
화물(소형),오텍,오텍 무시동 전기 냉동탑차(봉고),1253,626.0,1879.0,2023년도 전기자동차 고양시 모델별 보조금,2023,고양시
화물(소형),이엔플러스,이엔1톤롱바디카고,959,479.0,1438.0,2023년도 전기자동차 고양시 모델별 보조금,2023,고양시
화물(소형),이엔플러스,이엔플러스EV1톤롱바디트럭,1009,504.0,1513.0,2023년도 전기자동차 고양시 모델별 보조금,2023,고양시
화물(소형),GS글로벌,T4K,1200,600.0,1800.0,2023년도 전기자동차 고양시 모델별 보조금,2023,고양시
화물(소형),에스에스라이트,젤라,986,493.0,1479.0,2023년도 전기자동차 고양시 모델별 보조금,2023,고양시
화물(소형),에스에스라이트,젤라 P200,1177,588.0,1765.0,2023년도 전기자동차 고양시 모델별 보조금,2023,고양시
화물(소형),한국쓰리축,한국쓰리축1톤롱바디EV트럭(봉고),943,471.0,1414.0,2023년도 전기자동차 고양시 모델별 보조금,2023,고양시
화물(소형),한국쓰리축,한국쓰리축1톤롱바디EV트럭(포터),963,481.0,1444.0,2023년도 전기자동차 고양시 모델별 보조금,2023,고양시
화물(소형),모빌리티네트웍스,SE-A2밴,1200,600.0,1800.0,2023년도 전기자동차 고양시 모델별 보조금,2023,고양시
화물(초소형),스마트솔루션즈,D2C,550,321.0,871.0,2023년도 전기자동차 과천시 모델별 보조금,2023,과천시
화물(초소형),스마트솔루션즈,D2P,550,321.0,871.0,2023년도 전기자동차 과천시 모델별 보조금,2023,과천시
화물(초소형),루트17,다니고3,550,321.0,871.0,2023년도 전기자동차 과천시 모델별 보조금,2023,과천시
화물(초소형),루트17,다니고3 픽업,550,321.0,871.0,2023년도 전기자동차 과천시 모델별 보조금,2023,과천시
화물(초소형),마스타전기차,MASTA VAN,550,321.0,871.0,2023년도 전기자동차 과천시 모델별 보조금,2023,과천시
화물(초소형),마스타전기차,MASTA HIM,550,321.0,871.0,2023년도 전기자동차 과천시 모델별 보조금,2023,과천시
화물(초소형),디피코,포트로-탑,550,321.0,871.0,2023년도 전기자동차 과천시 모델별 보조금,2023,과천시
화물(초소형),디피코,포트로-픽업,550,321.0,871.0,2023년도 전기자동차 과천시 모델별 보조금,2023,과천시
화물(초소형),디피코,포트로-탑S,550,321.0,871.0,2023년도 전기자동차 과천시 모델별 보조금,2023,과천시
화물(초소형),디피코,포트로-픽업S,550,321.0,871.0,2023년도 전기자동차 과천시 모델별 보조금,2023,과천시
화물(초소형),진우에스엠씨,포텐스,550,321.0,871.0,2023년도 전기자동차 과천시 모델별 보조금,2023,과천시
화물(경형),파워프라자,라보ev PEACE,900,525.0,1425.0,2023년도 전기자동차 과천시 모델별 보조금,2023,과천시
화물(경형),디피코,포트로350L-탑,900,525.0,1425.0,2023년도 전기자동차 과천시 모델별 보조금,2023,과천시
화물(경형),디피코,포트로350L-픽업,900,525.0,1425.0,2023년도 전기자동차 과천시 모델별 보조금,2023,과천시
화물(소형),제인모터스,제인모터스칼마토EV1톤내장탑차,498,291.0,789.0,2023년도 전기자동차 과천시 모델별 보조금,2023,과천시
화물(소형),파워프라자,봉고3ev PEACE,536,313.0,849.0,2023년도 전기자동차 과천시 모델별 보조금,2023,과천시
화물(소형),파워프라자,봉고3ev PEACE 더블캡,437,255.0,692.0,2023년도 전기자동차 과천시 모델별 보조금,2023,과천시
화물(소형),현대자동차,포터Ⅱ 일렉트릭(24MY),1200,700.0,1900.0,2023년도 전기자동차 과천시 모델별 보조금,2023,과천시
화물(소형),기아,봉고 전기차,1200,700.0,1900.0,2023년도 전기자동차 과천시 모델별 보조금,2023,과천시
화물(소형),기아,봉고 전기차 냉동탑차,1400,817.0,2217.0,2023년도 전기자동차 과천시 모델별 보조금,2023,과천시
화물(소형),기아,봉고 전기차 저상형 냉동탑차,1400,817.0,2217.0,2023년도 전기자동차 과천시 모델별 보조금,2023,과천시
화물(소형),일진정공,일진무시동전기냉동탑차(149.9km),1053,614.0,1667.0,2023년도 전기자동차 과천시 모델별 보조금,2023,과천시
화물(소형),일진정공,일진무시동전기냉동탑차(186.1km),1321,771.0,2092.0,2023년도 전기자동차 과천시 모델별 보조금,2023,과천시
화물(소형),일진정공,일진무시동전기냉동탑차(봉고),1460,852.0,2312.0,2023년도 전기자동차 과천시 모델별 보조금,2023,과천시
화물(소형),일진정공,일진무시동전기냉동탑차(포터),1444,842.0,2286.0,2023년도 전기자동차 과천시 모델별 보조금,2023,과천시
화물(소형),루트17,다니고밴,784,457.0,1241.0,2023년도 전기자동차 과천시 모델별 보조금,2023,과천시
화물(소형),루트17,다니고C(0.8톤 전기트럭),1112,649.0,1761.0,2023년도 전기자동차 과천시 모델별 보조금,2023,과천시
화물(소형),루트17,다니고C2(0.8톤 전기트럭),909,530.0,1439.0,2023년도 전기자동차 과천시 모델별 보조금,2023,과천시
화물(소형),루트17,다니고R(전기냉동탑차),1313,766.0,2079.0,2023년도 전기자동차 과천시 모델별 보조금,2023,과천시
화물(소형),루트17,다니고R2(무시동 전기냉동탑차),1212,707.0,1919.0,2023년도 전기자동차 과천시 모델별 보조금,2023,과천시
화물(소형),한신자동차,플러스2.0,648,378.0,1026.0,2023년도 전기자동차 과천시 모델별 보조금,2023,과천시
화물(소형),비바모빌리티,(단종)비바,932,544.0,1476.0,2023년도 전기자동차 과천시 모델별 보조금,2023,과천시
화물(소형),비바모빌리티,(단종)브라보,802,468.0,1270.0,2023년도 전기자동차 과천시 모델별 보조금,2023,과천시
화물(소형),이브이케이엠씨,(단종)MASADA 2밴,1124,656.0,1780.0,2023년도 전기자동차 과천시 모델별 보조금,2023,과천시
화물(소형),이브이케이엠씨,(단종)MASADA 4밴,1025,598.0,1623.0,2023년도 전기자동차 과천시 모델별 보조금,2023,과천시
화물(소형),이브이케이엠씨,MASADA 픽업,1078,629.0,1707.0,2023년도 전기자동차 과천시 모델별 보조금,2023,과천시
화물(소형),이브이케이엠씨,MASADA 3세대 2밴,1124,656.0,1780.0,2023년도 전기자동차 과천시 모델별 보조금,2023,과천시
화물(소형),이브이케이엠씨,MASADA 3세대 4밴,1025,598.0,1623.0,2023년도 전기자동차 과천시 모델별 보조금,2023,과천시
화물(소형),이브이케이엠씨,MASADA 2밴,1200,700.0,1900.0,2023년도 전기자동차 과천시 모델별 보조금,2023,과천시
화물(소형),이브이케이엠씨,MASADA 4밴,1200,700.0,1900.0,2023년도 전기자동차 과천시 모델별 보조금,2023,과천시
화물(소형),경인모터스,경인1톤전기냉동탑차,1151,671.0,1822.0,2023년도 전기자동차 과천시 모델별 보조금,2023,과천시
화물(소형),제이스모빌리티,(단종)이티밴,1200,700.0,1900.0,2023년도 전기자동차 과천시 모델별 보조금,2023,과천시
화물(소형),제이스모빌리티,이티4밴,1180,688.0,1868.0,2023년도 전기자동차 과천시 모델별 보조금,2023,과천시
화물(소형),오텍,오텍 무시동 전기 냉동탑차(봉고),1253,731.0,1984.0,2023년도 전기자동차 과천시 모델별 보조금,2023,과천시
화물(소형),이엔플러스,이엔1톤롱바디카고,959,559.0,1518.0,2023년도 전기자동차 과천시 모델별 보조금,2023,과천시
화물(소형),이엔플러스,이엔플러스EV1톤롱바디트럭,1009,589.0,1598.0,2023년도 전기자동차 과천시 모델별 보조금,2023,과천시
화물(소형),GS글로벌,T4K,1200,700.0,1900.0,2023년도 전기자동차 과천시 모델별 보조금,2023,과천시
화물(소형),에스에스라이트,젤라,986,575.0,1561.0,2023년도 전기자동차 과천시 모델별 보조금,2023,과천시
화물(소형),에스에스라이트,젤라 P200,1177,687.0,1864.0,2023년도 전기자동차 과천시 모델별 보조금,2023,과천시
화물(소형),한국쓰리축,한국쓰리축1톤롱바디EV트럭(봉고),943,550.0,1493.0,2023년도 전기자동차 과천시 모델별 보조금,2023,과천시
화물(소형),한국쓰리축,한국쓰리축1톤롱바디EV트럭(포터),963,562.0,1525.0,2023년도 전기자동차 과천시 모델별 보조금,2023,과천시
화물(소형),모빌리티네트웍스,SE-A2밴,1200,700.0,1900.0,2023년도 전기자동차 과천시 모델별 보조금,2023,과천시
화물(초소형),스마트솔루션즈,D2C,550,250.0,800.0,2023년도 전기자동차 구리시 모델별 보조금,2023,구리시
화물(초소형),스마트솔루션즈,D2P,550,250.0,800.0,2023년도 전기자동차 구리시 모델별 보조금,2023,구리시
화물(초소형),루트17,다니고3,550,250.0,800.0,2023년도 전기자동차 구리시 모델별 보조금,2023,구리시
화물(초소형),루트17,다니고3 픽업,550,250.0,800.0,2023년도 전기자동차 구리시 모델별 보조금,2023,구리시
화물(초소형),마스타전기차,MASTA VAN,550,250.0,800.0,2023년도 전기자동차 구리시 모델별 보조금,2023,구리시
화물(초소형),마스타전기차,MASTA HIM,550,250.0,800.0,2023년도 전기자동차 구리시 모델별 보조금,2023,구리시
화물(초소형),디피코,포트로-탑,550,250.0,800.0,2023년도 전기자동차 구리시 모델별 보조금,2023,구리시
화물(초소형),디피코,포트로-픽업,550,250.0,800.0,2023년도 전기자동차 구리시 모델별 보조금,2023,구리시
화물(초소형),디피코,포트로-탑S,550,250.0,800.0,2023년도 전기자동차 구리시 모델별 보조금,2023,구리시
화물(초소형),디피코,포트로-픽업S,550,250.0,800.0,2023년도 전기자동차 구리시 모델별 보조금,2023,구리시
화물(초소형),진우에스엠씨,포텐스,550,250.0,800.0,2023년도 전기자동차 구리시 모델별 보조금,2023,구리시
화물(경형),파워프라자,라보ev PEACE,900,500.0,1400.0,2023년도 전기자동차 구리시 모델별 보조금,2023,구리시
화물(경형),디피코,포트로350L-탑,900,500.0,1400.0,2023년도 전기자동차 구리시 모델별 보조금,2023,구리시
화물(경형),디피코,포트로350L-픽업,900,500.0,1400.0,2023년도 전기자동차 구리시 모델별 보조금,2023,구리시
화물(소형),제인모터스,제인모터스칼마토EV1톤내장탑차,498,290.0,788.0,2023년도 전기자동차 구리시 모델별 보조금,2023,구리시
화물(소형),파워프라자,봉고3ev PEACE,536,312.0,848.0,2023년도 전기자동차 구리시 모델별 보조금,2023,구리시
화물(소형),파워프라자,봉고3ev PEACE 더블캡,437,254.0,691.0,2023년도 전기자동차 구리시 모델별 보조금,2023,구리시
화물(소형),현대자동차,포터Ⅱ 일렉트릭(23MY),1200,700.0,1900.0,2023년도 전기자동차 구리시 모델별 보조금,2023,구리시
화물(소형),현대자동차,포터Ⅱ 일렉트릭(24MY),1200,700.0,1900.0,2023년도 전기자동차 구리시 모델별 보조금,2023,구리시
화물(소형),기아,봉고 전기차,1200,700.0,1900.0,2023년도 전기자동차 구리시 모델별 보조금,2023,구리시
화물(소형),기아,봉고 전기차 냉동탑차,1400,700.0,2100.0,2023년도 전기자동차 구리시 모델별 보조금,2023,구리시
화물(소형),기아,봉고 전기차 저상형 냉동탑차,1400,700.0,2100.0,2023년도 전기자동차 구리시 모델별 보조금,2023,구리시
화물(소형),일진정공,일진무시동전기냉동탑차(149.9km),1053,614.0,1667.0,2023년도 전기자동차 구리시 모델별 보조금,2023,구리시
화물(소형),일진정공,일진무시동전기냉동탑차(186.1km),1321,700.0,2021.0,2023년도 전기자동차 구리시 모델별 보조금,2023,구리시
화물(소형),일진정공,일진무시동전기냉동탑차(봉고),1460,700.0,2160.0,2023년도 전기자동차 구리시 모델별 보조금,2023,구리시
화물(소형),일진정공,일진무시동전기냉동탑차(포터),1444,700.0,2144.0,2023년도 전기자동차 구리시 모델별 보조금,2023,구리시
화물(소형),루트17,다니고밴,784,457.0,1241.0,2023년도 전기자동차 구리시 모델별 보조금,2023,구리시
화물(소형),루트17,다니고C(0.8톤 전기트럭),1112,648.0,1760.0,2023년도 전기자동차 구리시 모델별 보조금,2023,구리시
화물(소형),루트17,다니고C2(0.8톤 전기트럭),909,530.0,1439.0,2023년도 전기자동차 구리시 모델별 보조금,2023,구리시
화물(소형),루트17,다니고R(전기냉동탑차),1313,700.0,2013.0,2023년도 전기자동차 구리시 모델별 보조금,2023,구리시
화물(소형),루트17,다니고R2(무시동 전기냉동탑차),1212,700.0,1912.0,2023년도 전기자동차 구리시 모델별 보조금,2023,구리시
화물(소형),한신자동차,플러스2.0,648,378.0,1026.0,2023년도 전기자동차 구리시 모델별 보조금,2023,구리시
화물(소형),비바모빌리티,(단종)비바,932,543.0,1475.0,2023년도 전기자동차 구리시 모델별 보조금,2023,구리시
화물(소형),비바모빌리티,(단종)브라보,802,467.0,1269.0,2023년도 전기자동차 구리시 모델별 보조금,2023,구리시
화물(소형),이브이케이엠씨,(단종)MASADA 2밴,1124,655.0,1779.0,2023년도 전기자동차 구리시 모델별 보조금,2023,구리시
화물(소형),이브이케이엠씨,(단종)MASADA 4밴,1025,597.0,1622.0,2023년도 전기자동차 구리시 모델별 보조금,2023,구리시
화물(소형),이브이케이엠씨,MASADA 픽업,1078,628.0,1706.0,2023년도 전기자동차 구리시 모델별 보조금,2023,구리시
화물(소형),이브이케이엠씨,MASADA 3세대 2밴,1124,655.0,1779.0,2023년도 전기자동차 구리시 모델별 보조금,2023,구리시
화물(소형),이브이케이엠씨,MASADA 3세대 4밴,1025,597.0,1622.0,2023년도 전기자동차 구리시 모델별 보조금,2023,구리시
화물(소형),이브이케이엠씨,MASADA 2밴,1200,700.0,1900.0,2023년도 전기자동차 구리시 모델별 보조금,2023,구리시
화물(소형),이브이케이엠씨,MASADA 4밴,1200,700.0,1900.0,2023년도 전기자동차 구리시 모델별 보조금,2023,구리시
화물(소형),경인모터스,경인1톤전기냉동탑차,1151,671.0,1822.0,2023년도 전기자동차 구리시 모델별 보조금,2023,구리시
화물(소형),제이스모빌리티,(단종)이티밴,1200,700.0,1900.0,2023년도 전기자동차 구리시 모델별 보조금,2023,구리시
화물(소형),제이스모빌리티,이티밴,1200,700.0,1900.0,2023년도 전기자동차 구리시 모델별 보조금,2023,구리시
화물(소형),제이스모빌리티,이티4밴,1180,688.0,1868.0,2023년도 전기자동차 구리시 모델별 보조금,2023,구리시
화물(소형),오텍,오텍 무시동 전기 냉동탑차(봉고),1253,700.0,1953.0,2023년도 전기자동차 구리시 모델별 보조금,2023,구리시
화물(소형),이엔플러스,이엔1톤롱바디카고,959,559.0,1518.0,2023년도 전기자동차 구리시 모델별 보조금,2023,구리시
화물(소형),이엔플러스,이엔플러스EV1톤롱바디트럭,1009,588.0,1597.0,2023년도 전기자동차 구리시 모델별 보조금,2023,구리시
화물(소형),GS글로벌,T4K,1200,700.0,1900.0,2023년도 전기자동차 구리시 모델별 보조금,2023,구리시
화물(소형),에스에스라이트,젤라,986,575.0,1561.0,2023년도 전기자동차 구리시 모델별 보조금,2023,구리시
화물(소형),에스에스라이트,젤라 P200,1177,686.0,1863.0,2023년도 전기자동차 구리시 모델별 보조금,2023,구리시
화물(소형),한국쓰리축,한국쓰리축1톤롱바디EV트럭(봉고),943,550.0,1493.0,2023년도 전기자동차 구리시 모델별 보조금,2023,구리시
화물(소형),한국쓰리축,한국쓰리축1톤롱바디EV트럭(포터),963,561.0,1524.0,2023년도 전기자동차 구리시 모델별 보조금,2023,구리시
화물(소형),모빌리티네트웍스,SE-A2밴,1200,700.0,1900.0,2023년도 전기자동차 구리시 모델별 보조금,2023,구리시
화물(초소형),스마트솔루션즈,D2C,550,250.0,800.0,2023년도 전기자동차 남양주시 모델별 보조금,2023,남양주시
화물(초소형),스마트솔루션즈,D2P,550,250.0,800.0,2023년도 전기자동차 남양주시 모델별 보조금,2023,남양주시
화물(초소형),루트17,다니고3,550,250.0,800.0,2023년도 전기자동차 남양주시 모델별 보조금,2023,남양주시
화물(초소형),루트17,다니고3 픽업,550,250.0,800.0,2023년도 전기자동차 남양주시 모델별 보조금,2023,남양주시
화물(초소형),마스타전기차,MASTA VAN,550,250.0,800.0,2023년도 전기자동차 남양주시 모델별 보조금,2023,남양주시
화물(초소형),마스타전기차,MASTA HIM,550,250.0,800.0,2023년도 전기자동차 남양주시 모델별 보조금,2023,남양주시
화물(초소형),디피코,포트로-탑,550,250.0,800.0,2023년도 전기자동차 남양주시 모델별 보조금,2023,남양주시
화물(초소형),디피코,포트로-픽업,550,250.0,800.0,2023년도 전기자동차 남양주시 모델별 보조금,2023,남양주시
화물(초소형),디피코,포트로-탑S,550,250.0,800.0,2023년도 전기자동차 남양주시 모델별 보조금,2023,남양주시
화물(초소형),디피코,포트로-픽업S,550,250.0,800.0,2023년도 전기자동차 남양주시 모델별 보조금,2023,남양주시
화물(초소형),진우에스엠씨,포텐스,550,250.0,800.0,2023년도 전기자동차 남양주시 모델별 보조금,2023,남양주시
화물(경형),파워프라자,라보ev PEACE,900,450.0,1350.0,2023년도 전기자동차 남양주시 모델별 보조금,2023,남양주시
화물(경형),디피코,포트로350L-탑,900,450.0,1350.0,2023년도 전기자동차 남양주시 모델별 보조금,2023,남양주시
화물(경형),디피코,포트로350L-픽업,900,0.0,900.0,2023년도 전기자동차 남양주시 모델별 보조금,2023,남양주시
화물(소형),제인모터스,제인모터스칼마토EV1톤내장탑차,498,249.0,747.0,2023년도 전기자동차 남양주시 모델별 보조금,2023,남양주시
화물(소형),파워프라자,봉고3ev PEACE,536,268.0,804.0,2023년도 전기자동차 남양주시 모델별 보조금,2023,남양주시
화물(소형),파워프라자,봉고3ev PEACE 더블캡,437,218.5,655.5,2023년도 전기자동차 남양주시 모델별 보조금,2023,남양주시
화물(소형),현대자동차,포터Ⅱ 일렉트릭(23MY),1200,600.0,1800.0,2023년도 전기자동차 남양주시 모델별 보조금,2023,남양주시
화물(소형),현대자동차,포터Ⅱ 일렉트릭(24MY),1200,600.0,1800.0,2023년도 전기자동차 남양주시 모델별 보조금,2023,남양주시
화물(소형),기아,봉고 전기차,1200,600.0,1800.0,2023년도 전기자동차 남양주시 모델별 보조금,2023,남양주시
화물(소형),기아,봉고 전기차 냉동탑차,1400,600.0,2000.0,2023년도 전기자동차 남양주시 모델별 보조금,2023,남양주시
화물(소형),기아,봉고 전기차 저상형 냉동탑차,1400,600.0,2000.0,2023년도 전기자동차 남양주시 모델별 보조금,2023,남양주시
화물(소형),일진정공,일진무시동전기냉동탑차(149.9km),1053,526.5,1579.5,2023년도 전기자동차 남양주시 모델별 보조금,2023,남양주시
화물(소형),일진정공,일진무시동전기냉동탑차(186.1km),1321,600.0,1921.0,2023년도 전기자동차 남양주시 모델별 보조금,2023,남양주시
화물(소형),일진정공,일진무시동전기냉동탑차(봉고),1460,600.0,2060.0,2023년도 전기자동차 남양주시 모델별 보조금,2023,남양주시
화물(소형),일진정공,일진무시동전기냉동탑차(포터),1444,600.0,2044.0,2023년도 전기자동차 남양주시 모델별 보조금,2023,남양주시
화물(소형),루트17,다니고밴,784,392.0,1176.0,2023년도 전기자동차 남양주시 모델별 보조금,2023,남양주시
화물(소형),루트17,다니고C(0.8톤 전기트럭),1112,556.0,1668.0,2023년도 전기자동차 남양주시 모델별 보조금,2023,남양주시
화물(소형),루트17,다니고C2(0.8톤 전기트럭),909,454.5,1363.5,2023년도 전기자동차 남양주시 모델별 보조금,2023,남양주시
화물(소형),루트17,다니고R(전기냉동탑차),1313,600.0,1913.0,2023년도 전기자동차 남양주시 모델별 보조금,2023,남양주시
화물(소형),루트17,다니고R2(무시동 전기냉동탑차),1212,600.0,1812.0,2023년도 전기자동차 남양주시 모델별 보조금,2023,남양주시
화물(소형),한신자동차,플러스2.0,648,324.0,972.0,2023년도 전기자동차 남양주시 모델별 보조금,2023,남양주시
화물(소형),비바모빌리티,(단종)비바,932,466.0,1398.0,2023년도 전기자동차 남양주시 모델별 보조금,2023,남양주시
화물(소형),비바모빌리티,(단종)브라보,802,401.0,1203.0,2023년도 전기자동차 남양주시 모델별 보조금,2023,남양주시
화물(소형),이브이케이엠씨,(단종)MASADA 2밴,1124,562.0,1686.0,2023년도 전기자동차 남양주시 모델별 보조금,2023,남양주시
화물(소형),이브이케이엠씨,(단종)MASADA 4밴,1025,512.5,1537.5,2023년도 전기자동차 남양주시 모델별 보조금,2023,남양주시
화물(소형),이브이케이엠씨,MASADA 픽업,1078,539.0,1617.0,2023년도 전기자동차 남양주시 모델별 보조금,2023,남양주시
화물(소형),이브이케이엠씨,MASADA 3세대 2밴,1124,562.0,1686.0,2023년도 전기자동차 남양주시 모델별 보조금,2023,남양주시
화물(소형),이브이케이엠씨,MASADA 3세대 4밴,1025,512.5,1537.5,2023년도 전기자동차 남양주시 모델별 보조금,2023,남양주시
화물(소형),이브이케이엠씨,MASADA 2밴,1200,600.0,1800.0,2023년도 전기자동차 남양주시 모델별 보조금,2023,남양주시
화물(소형),경인모터스,경인1톤전기냉동탑차,1151,575.5,1726.5,2023년도 전기자동차 남양주시 모델별 보조금,2023,남양주시
화물(소형),제이스모빌리티,(단종)이티밴,1200,600.0,1800.0,2023년도 전기자동차 남양주시 모델별 보조금,2023,남양주시
화물(소형),제이스모빌리티,이티밴,1200,600.0,1800.0,2023년도 전기자동차 남양주시 모델별 보조금,2023,남양주시
화물(소형),제이스모빌리티,이티4밴,1180,590.0,1770.0,2023년도 전기자동차 남양주시 모델별 보조금,2023,남양주시
화물(소형),오텍,오텍 무시동 전기 냉동탑차(봉고),1253,600.0,1853.0,2023년도 전기자동차 남양주시 모델별 보조금,2023,남양주시
화물(소형),이엔플러스,이엔1톤롱바디카고,959,479.5,1438.5,2023년도 전기자동차 남양주시 모델별 보조금,2023,남양주시
화물(소형),이엔플러스,이엔플러스EV1톤롱바디트럭,1009,504.5,1513.5,2023년도 전기자동차 남양주시 모델별 보조금,2023,남양주시
화물(소형),GS글로벌,T4K,1200,600.0,1800.0,2023년도 전기자동차 남양주시 모델별 보조금,2023,남양주시
화물(소형),에스에스라이트,젤라,986,493.0,1479.0,2023년도 전기자동차 남양주시 모델별 보조금,2023,남양주시
화물(소형),에스에스라이트,젤라 P200,1177,588.5,1765.5,2023년도 전기자동차 남양주시 모델별 보조금,2023,남양주시
화물(소형),한국쓰리축,한국쓰리축1톤롱바디EV트럭(봉고),943,471.5,1414.5,2023년도 전기자동차 남양주시 모델별 보조금,2023,남양주시
화물(소형),한국쓰리축,한국쓰리축1톤롱바디EV트럭(포터),963,481.5,1444.5,2023년도 전기자동차 남양주시 모델별 보조금,2023,남양주시
화물(소형),모빌리티네트웍스,SE-A2밴,1200,600.0,1800.0,2023년도 전기자동차 남양주시 모델별 보조금,2023,남양주시
화물(초소형),스마트솔루션즈,D2C,550,367.0,917.0,2023년도 전기자동차 오산시 모델별 보조금,2023,오산시
화물(초소형),스마트솔루션즈,D2P,550,367.0,917.0,2023년도 전기자동차 오산시 모델별 보조금,2023,오산시
화물(초소형),루트17,다니고3,550,367.0,917.0,2023년도 전기자동차 오산시 모델별 보조금,2023,오산시
화물(초소형),루트17,다니고3 픽업,550,367.0,917.0,2023년도 전기자동차 오산시 모델별 보조금,2023,오산시
화물(초소형),마스타전기차,MASTA VAN,550,367.0,917.0,2023년도 전기자동차 오산시 모델별 보조금,2023,오산시
화물(초소형),마스타전기차,MASTA HIM,550,367.0,917.0,2023년도 전기자동차 오산시 모델별 보조금,2023,오산시
화물(초소형),디피코,포트로-탑,550,367.0,917.0,2023년도 전기자동차 오산시 모델별 보조금,2023,오산시
화물(초소형),디피코,포트로-픽업,550,367.0,917.0,2023년도 전기자동차 오산시 모델별 보조금,2023,오산시
화물(초소형),디피코,포트로-탑S,550,367.0,917.0,2023년도 전기자동차 오산시 모델별 보조금,2023,오산시
화물(초소형),디피코,포트로-픽업S,550,367.0,917.0,2023년도 전기자동차 오산시 모델별 보조금,2023,오산시
화물(초소형),진우에스엠씨,포텐스,550,367.0,917.0,2023년도 전기자동차 오산시 모델별 보조금,2023,오산시
화물(경형),파워프라자,라보ev PEACE,900,600.0,1500.0,2023년도 전기자동차 오산시 모델별 보조금,2023,오산시
화물(경형),디피코,포트로350L-탑,900,600.0,1500.0,2023년도 전기자동차 오산시 모델별 보조금,2023,오산시
화물(경형),디피코,포트로350L-픽업,900,600.0,1500.0,2023년도 전기자동차 오산시 모델별 보조금,2023,오산시
화물(소형),제인모터스,제인모터스칼마토EV1톤내장탑차,498,332.0,830.0,2023년도 전기자동차 오산시 모델별 보조금,2023,오산시
화물(소형),파워프라자,봉고3ev PEACE,536,357.0,893.0,2023년도 전기자동차 오산시 모델별 보조금,2023,오산시
화물(소형),파워프라자,봉고3ev PEACE 더블캡,437,291.0,728.0,2023년도 전기자동차 오산시 모델별 보조금,2023,오산시
화물(소형),현대자동차,포터Ⅱ 일렉트릭(23MY),1200,800.0,2000.0,2023년도 전기자동차 오산시 모델별 보조금,2023,오산시
화물(소형),현대자동차,포터Ⅱ 일렉트릭(24MY),1200,800.0,2000.0,2023년도 전기자동차 오산시 모델별 보조금,2023,오산시
화물(소형),기아,봉고 전기차,1200,800.0,2000.0,2023년도 전기자동차 오산시 모델별 보조금,2023,오산시
화물(소형),기아,봉고 전기차 냉동탑차,1400,800.0,2200.0,2023년도 전기자동차 오산시 모델별 보조금,2023,오산시
화물(소형),기아,봉고 전기차 저상형 냉동탑차,1400,800.0,2200.0,2023년도 전기자동차 오산시 모델별 보조금,2023,오산시
화물(소형),일진정공,일진무시동전기냉동탑차(149.9km),1053,702.0,1755.0,2023년도 전기자동차 오산시 모델별 보조금,2023,오산시
화물(소형),일진정공,일진무시동전기냉동탑차(186.1km),1321,800.0,2121.0,2023년도 전기자동차 오산시 모델별 보조금,2023,오산시
화물(소형),일진정공,일진무시동전기냉동탑차(봉고),1460,800.0,2260.0,2023년도 전기자동차 오산시 모델별 보조금,2023,오산시
화물(소형),일진정공,일진무시동전기냉동탑차(포터),1444,800.0,2244.0,2023년도 전기자동차 오산시 모델별 보조금,2023,오산시
화물(소형),루트17,다니고밴,784,523.0,1307.0,2023년도 전기자동차 오산시 모델별 보조금,2023,오산시
화물(소형),루트17,다니고C(0.8톤 전기트럭),1112,741.0,1853.0,2023년도 전기자동차 오산시 모델별 보조금,2023,오산시
화물(소형),루트17,다니고C2(0.8톤 전기트럭),909,606.0,1515.0,2023년도 전기자동차 오산시 모델별 보조금,2023,오산시
화물(소형),루트17,다니고R(전기냉동탑차),1313,800.0,2113.0,2023년도 전기자동차 오산시 모델별 보조금,2023,오산시
화물(소형),루트17,다니고R2(무시동 전기냉동탑차),1212,800.0,2012.0,2023년도 전기자동차 오산시 모델별 보조금,2023,오산시
화물(소형),한신자동차,플러스2.0,648,432.0,1080.0,2023년도 전기자동차 오산시 모델별 보조금,2023,오산시
화물(소형),비바모빌리티,(단종)비바,932,621.0,1553.0,2023년도 전기자동차 오산시 모델별 보조금,2023,오산시
화물(소형),비바모빌리티,(단종)브라보,802,535.0,1337.0,2023년도 전기자동차 오산시 모델별 보조금,2023,오산시
화물(소형),이브이케이엠씨,(단종)MASADA 2밴,1124,749.0,1873.0,2023년도 전기자동차 오산시 모델별 보조금,2023,오산시
화물(소형),이브이케이엠씨,(단종)MASADA 4밴,1025,683.0,1708.0,2023년도 전기자동차 오산시 모델별 보조금,2023,오산시
화물(소형),이브이케이엠씨,MASADA 픽업,1078,719.0,1797.0,2023년도 전기자동차 오산시 모델별 보조금,2023,오산시
화물(소형),이브이케이엠씨,MASADA 3세대 2밴,1124,749.0,1873.0,2023년도 전기자동차 오산시 모델별 보조금,2023,오산시
화물(소형),이브이케이엠씨,MASADA 3세대 4밴,1025,683.0,1708.0,2023년도 전기자동차 오산시 모델별 보조금,2023,오산시
화물(소형),이브이케이엠씨,MASADA 2밴,1200,800.0,2000.0,2023년도 전기자동차 오산시 모델별 보조금,2023,오산시
화물(소형),경인모터스,경인1톤전기냉동탑차,1151,767.0,1918.0,2023년도 전기자동차 오산시 모델별 보조금,2023,오산시
화물(소형),제이스모빌리티,(단종)이티밴,1200,800.0,2000.0,2023년도 전기자동차 오산시 모델별 보조금,2023,오산시
화물(소형),제이스모빌리티,이티밴,1200,800.0,2000.0,2023년도 전기자동차 오산시 모델별 보조금,2023,오산시
화물(소형),제이스모빌리티,이티4밴,1180,787.0,1967.0,2023년도 전기자동차 오산시 모델별 보조금,2023,오산시
화물(소형),오텍,오텍 무시동 전기 냉동탑차(봉고),1253,800.0,2053.0,2023년도 전기자동차 오산시 모델별 보조금,2023,오산시
화물(소형),이엔플러스,이엔1톤롱바디카고,959,639.0,1598.0,2023년도 전기자동차 오산시 모델별 보조금,2023,오산시
화물(소형),이엔플러스,이엔플러스EV1톤롱바디트럭,1009,673.0,1682.0,2023년도 전기자동차 오산시 모델별 보조금,2023,오산시
화물(소형),GS글로벌,T4K,1200,800.0,2000.0,2023년도 전기자동차 오산시 모델별 보조금,2023,오산시
화물(소형),에스에스라이트,젤라,986,657.0,1643.0,2023년도 전기자동차 오산시 모델별 보조금,2023,오산시
화물(소형),에스에스라이트,젤라 P200,1177,784.0,1961.0,2023년도 전기자동차 오산시 모델별 보조금,2023,오산시
화물(소형),한국쓰리축,한국쓰리축1톤롱바디EV트럭(봉고),943,628.0,1571.0,2023년도 전기자동차 오산시 모델별 보조금,2023,오산시
화물(소형),한국쓰리축,한국쓰리축1톤롱바디EV트럭(포터),963,642.0,1605.0,2023년도 전기자동차 오산시 모델별 보조금,2023,오산시
화물(소형),모빌리티네트웍스,SE-A2밴,1200,800.0,2000.0,2023년도 전기자동차 오산시 모델별 보조금,2023,오산시
화물(초소형),스마트솔루션즈,D2C,550,225.0,775.0,2023년도 전기자동차 시흥시 모델별 보조금,2023,시흥시
화물(초소형),스마트솔루션즈,D2P,550,225.0,775.0,2023년도 전기자동차 시흥시 모델별 보조금,2023,시흥시
화물(초소형),루트17,다니고3,550,225.0,775.0,2023년도 전기자동차 시흥시 모델별 보조금,2023,시흥시
화물(초소형),루트17,다니고3 픽업,550,225.0,775.0,2023년도 전기자동차 시흥시 모델별 보조금,2023,시흥시
화물(초소형),마스타전기차,MASTA VAN,550,225.0,775.0,2023년도 전기자동차 시흥시 모델별 보조금,2023,시흥시
화물(초소형),마스타전기차,MASTA HIM,550,225.0,775.0,2023년도 전기자동차 시흥시 모델별 보조금,2023,시흥시
화물(초소형),디피코,포트로-탑,550,225.0,775.0,2023년도 전기자동차 시흥시 모델별 보조금,2023,시흥시
화물(초소형),디피코,포트로-픽업,550,225.0,775.0,2023년도 전기자동차 시흥시 모델별 보조금,2023,시흥시
화물(초소형),디피코,포트로-탑S,550,225.0,775.0,2023년도 전기자동차 시흥시 모델별 보조금,2023,시흥시
화물(초소형),디피코,포트로-픽업S,550,225.0,775.0,2023년도 전기자동차 시흥시 모델별 보조금,2023,시흥시
화물(초소형),진우에스엠씨,포텐스,550,225.0,775.0,2023년도 전기자동차 시흥시 모델별 보조금,2023,시흥시
화물(경형),파워프라자,라보ev PEACE,900,375.0,1275.0,2023년도 전기자동차 시흥시 모델별 보조금,2023,시흥시
화물(경형),디피코,포트로350L-탑,900,375.0,1275.0,2023년도 전기자동차 시흥시 모델별 보조금,2023,시흥시
화물(경형),디피코,포트로350L-픽업,900,375.0,1275.0,2023년도 전기자동차 시흥시 모델별 보조금,2023,시흥시
화물(소형),제인모터스,제인모터스칼마토EV1톤내장탑차,498,207.0,705.0,2023년도 전기자동차 시흥시 모델별 보조금,2023,시흥시
화물(소형),파워프라자,봉고3ev PEACE,536,223.0,759.0,2023년도 전기자동차 시흥시 모델별 보조금,2023,시흥시
화물(소형),파워프라자,봉고3ev PEACE 더블캡,437,182.0,619.0,2023년도 전기자동차 시흥시 모델별 보조금,2023,시흥시
화물(소형),현대자동차,포터Ⅱ 일렉트릭(23MY),1200,500.0,1700.0,2023년도 전기자동차 시흥시 모델별 보조금,2023,시흥시
화물(소형),현대자동차,포터Ⅱ 일렉트릭(24MY),1200,500.0,1700.0,2023년도 전기자동차 시흥시 모델별 보조금,2023,시흥시
화물(소형),기아,봉고 전기차,1200,500.0,1700.0,2023년도 전기자동차 시흥시 모델별 보조금,2023,시흥시
화물(소형),기아,봉고 전기차 냉동탑차,1400,583.0,1983.0,2023년도 전기자동차 시흥시 모델별 보조금,2023,시흥시
화물(소형),기아,봉고 전기차 저상형 냉동탑차,1400,583.0,1983.0,2023년도 전기자동차 시흥시 모델별 보조금,2023,시흥시
화물(소형),일진정공,일진무시동전기냉동탑차(149.9km),1053,438.0,1491.0,2023년도 전기자동차 시흥시 모델별 보조금,2023,시흥시
화물(소형),일진정공,일진무시동전기냉동탑차(186.1km),1321,550.0,1871.0,2023년도 전기자동차 시흥시 모델별 보조금,2023,시흥시
화물(소형),일진정공,일진무시동전기냉동탑차(봉고),1460,608.0,2068.0,2023년도 전기자동차 시흥시 모델별 보조금,2023,시흥시
화물(소형),일진정공,일진무시동전기냉동탑차(포터),1444,601.0,2045.0,2023년도 전기자동차 시흥시 모델별 보조금,2023,시흥시
화물(소형),루트17,다니고밴,784,326.0,1110.0,2023년도 전기자동차 시흥시 모델별 보조금,2023,시흥시
화물(소형),루트17,다니고C(0.8톤 전기트럭),1112,463.0,1575.0,2023년도 전기자동차 시흥시 모델별 보조금,2023,시흥시
화물(소형),루트17,다니고C2(0.8톤 전기트럭),909,378.0,1287.0,2023년도 전기자동차 시흥시 모델별 보조금,2023,시흥시
화물(소형),루트17,다니고R(전기냉동탑차),1313,547.0,1860.0,2023년도 전기자동차 시흥시 모델별 보조금,2023,시흥시
화물(소형),루트17,다니고R2(무시동 전기냉동탑차),1212,505.0,1717.0,2023년도 전기자동차 시흥시 모델별 보조금,2023,시흥시
화물(소형),한신자동차,플러스2.0,648,270.0,918.0,2023년도 전기자동차 시흥시 모델별 보조금,2023,시흥시
화물(소형),비바모빌리티,(단종)비바,932,388.0,1320.0,2023년도 전기자동차 시흥시 모델별 보조금,2023,시흥시
화물(소형),비바모빌리티,(단종)브라보,802,334.0,1136.0,2023년도 전기자동차 시흥시 모델별 보조금,2023,시흥시
화물(소형),이브이케이엠씨,(단종)MASADA 2밴,1124,468.0,1592.0,2023년도 전기자동차 시흥시 모델별 보조금,2023,시흥시
화물(소형),이브이케이엠씨,(단종)MASADA 4밴,1025,427.0,1452.0,2023년도 전기자동차 시흥시 모델별 보조금,2023,시흥시
화물(소형),이브이케이엠씨,MASADA 픽업,1078,449.0,1527.0,2023년도 전기자동차 시흥시 모델별 보조금,2023,시흥시
화물(소형),이브이케이엠씨,MASADA 3세대 2밴,1124,468.0,1592.0,2023년도 전기자동차 시흥시 모델별 보조금,2023,시흥시
화물(소형),이브이케이엠씨,MASADA 3세대 4밴,1025,427.0,1452.0,2023년도 전기자동차 시흥시 모델별 보조금,2023,시흥시
화물(소형),이브이케이엠씨,MASADA 2밴,1200,500.0,1700.0,2023년도 전기자동차 시흥시 모델별 보조금,2023,시흥시
화물(소형),이브이케이엠씨,MASADA 4밴,1200,500.0,1700.0,2023년도 전기자동차 시흥시 모델별 보조금,2023,시흥시
화물(소형),경인모터스,경인1톤전기냉동탑차,1151,479.0,1630.0,2023년도 전기자동차 시흥시 모델별 보조금,2023,시흥시
화물(소형),제이스모빌리티,(단종)이티밴,1200,500.0,1700.0,2023년도 전기자동차 시흥시 모델별 보조금,2023,시흥시
화물(소형),제이스모빌리티,이티밴,1200,500.0,1700.0,2023년도 전기자동차 시흥시 모델별 보조금,2023,시흥시
화물(소형),제이스모빌리티,이티4밴,1180,491.0,1671.0,2023년도 전기자동차 시흥시 모델별 보조금,2023,시흥시
화물(소형),오텍,오텍 무시동 전기 냉동탑차(봉고),1253,500.0,1753.0,2023년도 전기자동차 시흥시 모델별 보조금,2023,시흥시
화물(소형),이엔플러스,이엔1톤롱바디카고,959,399.0,1358.0,2023년도 전기자동차 시흥시 모델별 보조금,2023,시흥시
화물(소형),이엔플러스,이엔플러스EV1톤롱바디트럭,1009,420.0,1429.0,2023년도 전기자동차 시흥시 모델별 보조금,2023,시흥시
화물(소형),GS글로벌,T4K,1200,500.0,1700.0,2023년도 전기자동차 시흥시 모델별 보조금,2023,시흥시
화물(소형),에스에스라이트,젤라,986,410.0,1396.0,2023년도 전기자동차 시흥시 모델별 보조금,2023,시흥시
화물(소형),에스에스라이트,젤라 P200,1177,490.0,1667.0,2023년도 전기자동차 시흥시 모델별 보조금,2023,시흥시
화물(소형),한국쓰리축,한국쓰리축1톤롱바디EV트럭(봉고),943,392.0,1335.0,2023년도 전기자동차 시흥시 모델별 보조금,2023,시흥시
화물(소형),한국쓰리축,한국쓰리축1톤롱바디EV트럭(포터),963,401.0,1364.0,2023년도 전기자동차 시흥시 모델별 보조금,2023,시흥시
화물(소형),모빌리티네트웍스,SE-A2밴,1200,500.0,1700.0,2023년도 전기자동차 시흥시 모델별 보조금,2023,시흥시
화물(초소형),스마트솔루션즈,D2C,550,275.0,825.0,2023년도 전기자동차 군포시 모델별 보조금,2023,군포시
화물(초소형),스마트솔루션즈,D2P,550,275.0,825.0,2023년도 전기자동차 군포시 모델별 보조금,2023,군포시
화물(초소형),루트17,다니고3,550,275.0,825.0,2023년도 전기자동차 군포시 모델별 보조금,2023,군포시
화물(초소형),루트17,다니고3 픽업,550,275.0,825.0,2023년도 전기자동차 군포시 모델별 보조금,2023,군포시
화물(초소형),마스타전기차,MASTA VAN,550,275.0,825.0,2023년도 전기자동차 군포시 모델별 보조금,2023,군포시
화물(초소형),마스타전기차,MASTA HIM,550,275.0,825.0,2023년도 전기자동차 군포시 모델별 보조금,2023,군포시
화물(초소형),디피코,포트로-탑,550,275.0,825.0,2023년도 전기자동차 군포시 모델별 보조금,2023,군포시
화물(초소형),디피코,포트로-픽업,550,275.0,825.0,2023년도 전기자동차 군포시 모델별 보조금,2023,군포시
화물(초소형),디피코,포트로-탑S,550,275.0,825.0,2023년도 전기자동차 군포시 모델별 보조금,2023,군포시
화물(초소형),디피코,포트로-픽업S,550,275.0,825.0,2023년도 전기자동차 군포시 모델별 보조금,2023,군포시
화물(초소형),진우에스엠씨,포텐스,550,275.0,825.0,2023년도 전기자동차 군포시 모델별 보조금,2023,군포시
화물(경형),파워프라자,라보ev PEACE,900,450.0,1350.0,2023년도 전기자동차 군포시 모델별 보조금,2023,군포시
화물(경형),디피코,포트로350L-탑,900,450.0,1350.0,2023년도 전기자동차 군포시 모델별 보조금,2023,군포시
화물(경형),디피코,포트로350L-픽업,900,450.0,1350.0,2023년도 전기자동차 군포시 모델별 보조금,2023,군포시
화물(소형),제인모터스,제인모터스칼마토EV1톤내장탑차,498,249.0,747.0,2023년도 전기자동차 군포시 모델별 보조금,2023,군포시
화물(소형),파워프라자,봉고3ev PEACE,536,268.0,804.0,2023년도 전기자동차 군포시 모델별 보조금,2023,군포시
화물(소형),파워프라자,봉고3ev PEACE 더블캡,437,218.0,655.0,2023년도 전기자동차 군포시 모델별 보조금,2023,군포시
화물(소형),현대자동차,포터Ⅱ 일렉트릭(23MY),1200,600.0,1800.0,2023년도 전기자동차 군포시 모델별 보조금,2023,군포시
화물(소형),현대자동차,포터Ⅱ 일렉트릭(24MY),1200,600.0,1800.0,2023년도 전기자동차 군포시 모델별 보조금,2023,군포시
화물(소형),기아,봉고 전기차,1200,600.0,1800.0,2023년도 전기자동차 군포시 모델별 보조금,2023,군포시
화물(소형),기아,봉고 전기차 냉동탑차,1400,700.0,2100.0,2023년도 전기자동차 군포시 모델별 보조금,2023,군포시
화물(소형),기아,봉고 전기차 저상형 냉동탑차,1400,700.0,2100.0,2023년도 전기자동차 군포시 모델별 보조금,2023,군포시
화물(소형),일진정공,일진무시동전기냉동탑차(149.9km),1053,526.0,1579.0,2023년도 전기자동차 군포시 모델별 보조금,2023,군포시
화물(소형),일진정공,일진무시동전기냉동탑차(186.1km),1321,660.0,1981.0,2023년도 전기자동차 군포시 모델별 보조금,2023,군포시
화물(소형),일진정공,일진무시동전기냉동탑차(봉고),1460,730.0,2190.0,2023년도 전기자동차 군포시 모델별 보조금,2023,군포시
화물(소형),일진정공,일진무시동전기냉동탑차(포터),1444,722.0,2166.0,2023년도 전기자동차 군포시 모델별 보조금,2023,군포시
화물(소형),루트17,다니고밴,784,392.0,1176.0,2023년도 전기자동차 군포시 모델별 보조금,2023,군포시
화물(소형),루트17,다니고C(0.8톤 전기트럭),1112,556.0,1668.0,2023년도 전기자동차 군포시 모델별 보조금,2023,군포시
화물(소형),루트17,다니고C2(0.8톤 전기트럭),909,454.0,1363.0,2023년도 전기자동차 군포시 모델별 보조금,2023,군포시
화물(소형),루트17,다니고R(전기냉동탑차),1313,657.0,1970.0,2023년도 전기자동차 군포시 모델별 보조금,2023,군포시
화물(소형),루트17,다니고R2(무시동 전기냉동탑차),1212,606.0,1818.0,2023년도 전기자동차 군포시 모델별 보조금,2023,군포시
화물(소형),한신자동차,플러스2.0,648,324.0,972.0,2023년도 전기자동차 군포시 모델별 보조금,2023,군포시
화물(소형),비바모빌리티,(단종)비바,932,466.0,1398.0,2023년도 전기자동차 군포시 모델별 보조금,2023,군포시
화물(소형),비바모빌리티,(단종)브라보,802,401.0,1203.0,2023년도 전기자동차 군포시 모델별 보조금,2023,군포시
화물(소형),이브이케이엠씨,(단종)MASADA 2밴,1124,562.0,1686.0,2023년도 전기자동차 군포시 모델별 보조금,2023,군포시
화물(소형),이브이케이엠씨,(단종)MASADA 4밴,1025,512.0,1537.0,2023년도 전기자동차 군포시 모델별 보조금,2023,군포시
화물(소형),이브이케이엠씨,MASADA 픽업,1078,539.0,1617.0,2023년도 전기자동차 군포시 모델별 보조금,2023,군포시
화물(소형),이브이케이엠씨,MASADA 3세대 2밴,1124,562.0,1686.0,2023년도 전기자동차 군포시 모델별 보조금,2023,군포시
화물(소형),이브이케이엠씨,MASADA 3세대 4밴,1025,512.0,1537.0,2023년도 전기자동차 군포시 모델별 보조금,2023,군포시
화물(소형),이브이케이엠씨,MASADA 2밴,1200,600.0,1800.0,2023년도 전기자동차 군포시 모델별 보조금,2023,군포시
화물(소형),이브이케이엠씨,MASADA 4밴,1200,600.0,1800.0,2023년도 전기자동차 군포시 모델별 보조금,2023,군포시
화물(소형),이브이케이엠씨,EC35 2밴,850,425.0,1275.0,2023년도 전기자동차 군포시 모델별 보조금,2023,군포시
화물(소형),경인모터스,경인1톤전기냉동탑차,1151,575.0,1726.0,2023년도 전기자동차 군포시 모델별 보조금,2023,군포시
화물(소형),제이스모빌리티,(단종)이티밴,1200,600.0,1800.0,2023년도 전기자동차 군포시 모델별 보조금,2023,군포시
화물(소형),제이스모빌리티,이티밴,1200,600.0,1800.0,2023년도 전기자동차 군포시 모델별 보조금,2023,군포시
화물(소형),제이스모빌리티,이티4밴,1180,590.0,1770.0,2023년도 전기자동차 군포시 모델별 보조금,2023,군포시
화물(소형),오텍,오텍 무시동 전기 냉동탑차(봉고),1253,626.0,1879.0,2023년도 전기자동차 군포시 모델별 보조금,2023,군포시
화물(소형),이엔플러스,이엔1톤롱바디카고,959,479.0,1438.0,2023년도 전기자동차 군포시 모델별 보조금,2023,군포시
화물(소형),이엔플러스,이엔플러스EV1톤롱바디트럭,1009,504.0,1513.0,2023년도 전기자동차 군포시 모델별 보조금,2023,군포시
화물(소형),GS글로벌,T4K,1200,600.0,1800.0,2023년도 전기자동차 군포시 모델별 보조금,2023,군포시
화물(소형),에스에스라이트,젤라,986,493.0,1479.0,2023년도 전기자동차 군포시 모델별 보조금,2023,군포시
화물(소형),에스에스라이트,젤라 P200,1177,588.0,1765.0,2023년도 전기자동차 군포시 모델별 보조금,2023,군포시
화물(소형),한국쓰리축,한국쓰리축1톤롱바디EV트럭(봉고),943,471.0,1414.0,2023년도 전기자동차 군포시 모델별 보조금,2023,군포시
화물(소형),한국쓰리축,한국쓰리축1톤롱바디EV트럭(포터),963,481.0,1444.0,2023년도 전기자동차 군포시 모델별 보조금,2023,군포시
화물(소형),모빌리티네트웍스,SE-A2밴,1200,600.0,1800.0,2023년도 전기자동차 군포시 모델별 보조금,2023,군포시
화물(초소형),스마트솔루션즈,D2C,550,275.0,825.0,2023년도 전기자동차 의왕시 모델별 보조금,2023,의왕시
화물(초소형),스마트솔루션즈,D2P,550,275.0,825.0,2023년도 전기자동차 의왕시 모델별 보조금,2023,의왕시
화물(초소형),루트17,다니고3,550,275.0,825.0,2023년도 전기자동차 의왕시 모델별 보조금,2023,의왕시
화물(초소형),루트17,다니고3 픽업,550,275.0,825.0,2023년도 전기자동차 의왕시 모델별 보조금,2023,의왕시
화물(초소형),마스타전기차,MASTA VAN,550,275.0,825.0,2023년도 전기자동차 의왕시 모델별 보조금,2023,의왕시
화물(초소형),마스타전기차,MASTA HIM,550,275.0,825.0,2023년도 전기자동차 의왕시 모델별 보조금,2023,의왕시
화물(초소형),디피코,포트로-탑,550,275.0,825.0,2023년도 전기자동차 의왕시 모델별 보조금,2023,의왕시
화물(초소형),디피코,포트로-픽업,550,275.0,825.0,2023년도 전기자동차 의왕시 모델별 보조금,2023,의왕시
화물(초소형),디피코,포트로-탑S,550,275.0,825.0,2023년도 전기자동차 의왕시 모델별 보조금,2023,의왕시
화물(초소형),디피코,포트로-픽업S,550,275.0,825.0,2023년도 전기자동차 의왕시 모델별 보조금,2023,의왕시
화물(초소형),진우에스엠씨,포텐스,550,275.0,825.0,2023년도 전기자동차 의왕시 모델별 보조금,2023,의왕시
화물(경형),파워프라자,라보ev PEACE,900,450.0,1350.0,2023년도 전기자동차 의왕시 모델별 보조금,2023,의왕시
화물(경형),디피코,포트로350L-탑,900,450.0,1350.0,2023년도 전기자동차 의왕시 모델별 보조금,2023,의왕시
화물(경형),디피코,포트로350L-픽업,900,450.0,1350.0,2023년도 전기자동차 의왕시 모델별 보조금,2023,의왕시
화물(소형),제인모터스,제인모터스칼마토EV1톤내장탑차,498,249.0,747.0,2023년도 전기자동차 의왕시 모델별 보조금,2023,의왕시
화물(소형),파워프라자,봉고3ev PEACE,536,268.0,804.0,2023년도 전기자동차 의왕시 모델별 보조금,2023,의왕시
화물(소형),파워프라자,봉고3ev PEACE 더블캡,437,218.0,655.0,2023년도 전기자동차 의왕시 모델별 보조금,2023,의왕시
화물(소형),현대자동차,포터Ⅱ 일렉트릭(24MY),1200,600.0,1800.0,2023년도 전기자동차 의왕시 모델별 보조금,2023,의왕시
화물(소형),기아,봉고 전기차,1200,600.0,1800.0,2023년도 전기자동차 의왕시 모델별 보조금,2023,의왕시
화물(소형),기아,봉고 전기차 냉동탑차,1400,600.0,2000.0,2023년도 전기자동차 의왕시 모델별 보조금,2023,의왕시
화물(소형),기아,봉고 전기차 저상형 냉동탑차,1400,600.0,2000.0,2023년도 전기자동차 의왕시 모델별 보조금,2023,의왕시
화물(소형),일진정공,일진무시동전기냉동탑차(149.9km),1053,526.0,1579.0,2023년도 전기자동차 의왕시 모델별 보조금,2023,의왕시
화물(소형),일진정공,일진무시동전기냉동탑차(186.1km),1321,660.0,1981.0,2023년도 전기자동차 의왕시 모델별 보조금,2023,의왕시
화물(소형),일진정공,일진무시동전기냉동탑차(봉고),1460,730.0,2190.0,2023년도 전기자동차 의왕시 모델별 보조금,2023,의왕시
화물(소형),일진정공,일진무시동전기냉동탑차(포터),1444,722.0,2166.0,2023년도 전기자동차 의왕시 모델별 보조금,2023,의왕시
화물(소형),루트17,다니고밴,784,392.0,1176.0,2023년도 전기자동차 의왕시 모델별 보조금,2023,의왕시
화물(소형),루트17,다니고C(0.8톤 전기트럭),1112,556.0,1668.0,2023년도 전기자동차 의왕시 모델별 보조금,2023,의왕시
화물(소형),루트17,다니고C2(0.8톤 전기트럭),909,454.0,1363.0,2023년도 전기자동차 의왕시 모델별 보조금,2023,의왕시
화물(소형),루트17,다니고R(전기냉동탑차),1313,600.0,1913.0,2023년도 전기자동차 의왕시 모델별 보조금,2023,의왕시
화물(소형),루트17,다니고R2(무시동 전기냉동탑차),1212,600.0,1812.0,2023년도 전기자동차 의왕시 모델별 보조금,2023,의왕시
화물(소형),한신자동차,플러스2.0,648,324.0,972.0,2023년도 전기자동차 의왕시 모델별 보조금,2023,의왕시
화물(소형),비바모빌리티,(단종)비바,932,466.0,1398.0,2023년도 전기자동차 의왕시 모델별 보조금,2023,의왕시
화물(소형),비바모빌리티,(단종)브라보,802,401.0,1203.0,2023년도 전기자동차 의왕시 모델별 보조금,2023,의왕시
화물(소형),이브이케이엠씨,(단종)MASADA 2밴,1124,562.0,1686.0,2023년도 전기자동차 의왕시 모델별 보조금,2023,의왕시
화물(소형),이브이케이엠씨,(단종)MASADA 4밴,1025,512.0,1537.0,2023년도 전기자동차 의왕시 모델별 보조금,2023,의왕시
화물(소형),이브이케이엠씨,MASADA 픽업,1078,539.0,1617.0,2023년도 전기자동차 의왕시 모델별 보조금,2023,의왕시
화물(소형),이브이케이엠씨,MASADA 3세대 2밴,1124,562.0,1686.0,2023년도 전기자동차 의왕시 모델별 보조금,2023,의왕시
화물(소형),이브이케이엠씨,MASADA 3세대 4밴,1025,512.0,1537.0,2023년도 전기자동차 의왕시 모델별 보조금,2023,의왕시
화물(소형),이브이케이엠씨,MASADA 2밴,1200,600.0,1800.0,2023년도 전기자동차 의왕시 모델별 보조금,2023,의왕시
화물(소형),이브이케이엠씨,MASADA 4밴,1200,600.0,1800.0,2023년도 전기자동차 의왕시 모델별 보조금,2023,의왕시
화물(소형),경인모터스,경인1톤전기냉동탑차,1151,575.0,1726.0,2023년도 전기자동차 의왕시 모델별 보조금,2023,의왕시
화물(소형),제이스모빌리티,(단종)이티밴,1200,600.0,1800.0,2023년도 전기자동차 의왕시 모델별 보조금,2023,의왕시
화물(소형),제이스모빌리티,이티4밴,1180,590.0,1770.0,2023년도 전기자동차 의왕시 모델별 보조금,2023,의왕시
화물(소형),오텍,오텍 무시동 전기 냉동탑차(봉고),1253,600.0,1853.0,2023년도 전기자동차 의왕시 모델별 보조금,2023,의왕시
화물(소형),이엔플러스,이엔1톤롱바디카고,959,479.0,1438.0,2023년도 전기자동차 의왕시 모델별 보조금,2023,의왕시
화물(소형),이엔플러스,이엔플러스EV1톤롱바디트럭,1009,504.0,1513.0,2023년도 전기자동차 의왕시 모델별 보조금,2023,의왕시
화물(소형),GS글로벌,T4K,1200,600.0,1800.0,2023년도 전기자동차 의왕시 모델별 보조금,2023,의왕시
화물(소형),에스에스라이트,젤라,986,493.0,1479.0,2023년도 전기자동차 의왕시 모델별 보조금,2023,의왕시
화물(소형),에스에스라이트,젤라 P200,1177,588.0,1765.0,2023년도 전기자동차 의왕시 모델별 보조금,2023,의왕시
화물(소형),한국쓰리축,한국쓰리축1톤롱바디EV트럭(봉고),943,471.0,1414.0,2023년도 전기자동차 의왕시 모델별 보조금,2023,의왕시
화물(소형),한국쓰리축,한국쓰리축1톤롱바디EV트럭(포터),963,481.0,1444.0,2023년도 전기자동차 의왕시 모델별 보조금,2023,의왕시
화물(소형),모빌리티네트웍스,SE-A2밴,1200,600.0,1800.0,2023년도 전기자동차 의왕시 모델별 보조금,2023,의왕시
화물(초소형),스마트솔루션즈,D2C,550,275.0,825.0,2023년도 전기자동차 하남시 모델별 보조금,2023,하남시
화물(초소형),스마트솔루션즈,D2P,550,275.0,825.0,2023년도 전기자동차 하남시 모델별 보조금,2023,하남시
화물(초소형),루트17,다니고3,550,275.0,825.0,2023년도 전기자동차 하남시 모델별 보조금,2023,하남시
화물(초소형),루트17,다니고3 픽업,550,275.0,825.0,2023년도 전기자동차 하남시 모델별 보조금,2023,하남시
화물(초소형),마스타전기차,MASTA VAN,550,275.0,825.0,2023년도 전기자동차 하남시 모델별 보조금,2023,하남시
화물(초소형),마스타전기차,MASTA HIM,550,275.0,825.0,2023년도 전기자동차 하남시 모델별 보조금,2023,하남시
화물(초소형),디피코,포트로-탑,550,275.0,825.0,2023년도 전기자동차 하남시 모델별 보조금,2023,하남시
화물(초소형),디피코,포트로-픽업,550,275.0,825.0,2023년도 전기자동차 하남시 모델별 보조금,2023,하남시
화물(초소형),디피코,포트로-탑S,550,275.0,825.0,2023년도 전기자동차 하남시 모델별 보조금,2023,하남시
화물(초소형),디피코,포트로-픽업S,550,275.0,825.0,2023년도 전기자동차 하남시 모델별 보조금,2023,하남시
화물(초소형),진우에스엠씨,포텐스,550,275.0,825.0,2023년도 전기자동차 하남시 모델별 보조금,2023,하남시
화물(경형),파워프라자,라보ev PEACE,900,450.0,1350.0,2023년도 전기자동차 하남시 모델별 보조금,2023,하남시
화물(경형),디피코,포트로350L-탑,900,450.0,1350.0,2023년도 전기자동차 하남시 모델별 보조금,2023,하남시
화물(경형),디피코,포트로350L-픽업,900,450.0,1350.0,2023년도 전기자동차 하남시 모델별 보조금,2023,하남시
화물(소형),제인모터스,제인모터스칼마토EV1톤내장탑차,498,249.0,747.0,2023년도 전기자동차 하남시 모델별 보조금,2023,하남시
화물(소형),파워프라자,봉고3ev PEACE,536,268.0,804.0,2023년도 전기자동차 하남시 모델별 보조금,2023,하남시
화물(소형),파워프라자,봉고3ev PEACE 더블캡,437,218.0,655.0,2023년도 전기자동차 하남시 모델별 보조금,2023,하남시
화물(소형),현대자동차,포터Ⅱ 일렉트릭(23MY),1200,600.0,1800.0,2023년도 전기자동차 하남시 모델별 보조금,2023,하남시
화물(소형),현대자동차,포터Ⅱ 일렉트릭(24MY),1200,600.0,1800.0,2023년도 전기자동차 하남시 모델별 보조금,2023,하남시
화물(소형),기아,봉고 전기차,1200,600.0,1800.0,2023년도 전기자동차 하남시 모델별 보조금,2023,하남시
화물(소형),기아,봉고 전기차 냉동탑차,1400,700.0,2100.0,2023년도 전기자동차 하남시 모델별 보조금,2023,하남시
화물(소형),기아,봉고 전기차 저상형 냉동탑차,1400,700.0,2100.0,2023년도 전기자동차 하남시 모델별 보조금,2023,하남시
화물(소형),일진정공,일진무시동전기냉동탑차(149.9km),1053,526.0,1579.0,2023년도 전기자동차 하남시 모델별 보조금,2023,하남시
화물(소형),일진정공,일진무시동전기냉동탑차(186.1km),1321,660.0,1981.0,2023년도 전기자동차 하남시 모델별 보조금,2023,하남시
화물(소형),일진정공,일진무시동전기냉동탑차(봉고),1460,730.0,2190.0,2023년도 전기자동차 하남시 모델별 보조금,2023,하남시
화물(소형),일진정공,일진무시동전기냉동탑차(포터),1444,722.0,2166.0,2023년도 전기자동차 하남시 모델별 보조금,2023,하남시
화물(소형),루트17,다니고밴,784,392.0,1176.0,2023년도 전기자동차 하남시 모델별 보조금,2023,하남시
화물(소형),루트17,다니고C(0.8톤 전기트럭),1112,556.0,1668.0,2023년도 전기자동차 하남시 모델별 보조금,2023,하남시
화물(소형),루트17,다니고C2(0.8톤 전기트럭),909,454.0,1363.0,2023년도 전기자동차 하남시 모델별 보조금,2023,하남시
화물(소형),루트17,다니고R(전기냉동탑차),1313,656.0,1969.0,2023년도 전기자동차 하남시 모델별 보조금,2023,하남시
화물(소형),루트17,다니고R2(무시동 전기냉동탑차),1212,606.0,1818.0,2023년도 전기자동차 하남시 모델별 보조금,2023,하남시
화물(소형),한신자동차,플러스2.0,648,324.0,972.0,2023년도 전기자동차 하남시 모델별 보조금,2023,하남시
화물(소형),비바모빌리티,(단종)비바,932,466.0,1398.0,2023년도 전기자동차 하남시 모델별 보조금,2023,하남시
화물(소형),비바모빌리티,(단종)브라보,802,401.0,1203.0,2023년도 전기자동차 하남시 모델별 보조금,2023,하남시
화물(소형),이브이케이엠씨,(단종)MASADA 2밴,1124,562.0,1686.0,2023년도 전기자동차 하남시 모델별 보조금,2023,하남시
화물(소형),이브이케이엠씨,(단종)MASADA 4밴,1025,512.0,1537.0,2023년도 전기자동차 하남시 모델별 보조금,2023,하남시
화물(소형),이브이케이엠씨,MASADA 픽업,1078,539.0,1617.0,2023년도 전기자동차 하남시 모델별 보조금,2023,하남시
화물(소형),이브이케이엠씨,MASADA 3세대 2밴,1124,562.0,1686.0,2023년도 전기자동차 하남시 모델별 보조금,2023,하남시
화물(소형),이브이케이엠씨,MASADA 3세대 4밴,1025,512.0,1537.0,2023년도 전기자동차 하남시 모델별 보조금,2023,하남시
화물(소형),이브이케이엠씨,MASADA 2밴,1200,600.0,1800.0,2023년도 전기자동차 하남시 모델별 보조금,2023,하남시
화물(소형),이브이케이엠씨,MASADA 4밴,1200,600.0,1800.0,2023년도 전기자동차 하남시 모델별 보조금,2023,하남시
화물(소형),경인모터스,경인1톤전기냉동탑차,1151,575.0,1726.0,2023년도 전기자동차 하남시 모델별 보조금,2023,하남시
화물(소형),제이스모빌리티,(단종)이티밴,1200,600.0,1800.0,2023년도 전기자동차 하남시 모델별 보조금,2023,하남시
화물(소형),제이스모빌리티,이티밴,1200,600.0,1800.0,2023년도 전기자동차 하남시 모델별 보조금,2023,하남시
화물(소형),제이스모빌리티,이티4밴,1180,590.0,1770.0,2023년도 전기자동차 하남시 모델별 보조금,2023,하남시
화물(소형),오텍,오텍 무시동 전기 냉동탑차(봉고),1253,626.0,1879.0,2023년도 전기자동차 하남시 모델별 보조금,2023,하남시
화물(소형),이엔플러스,이엔1톤롱바디카고,959,479.0,1438.0,2023년도 전기자동차 하남시 모델별 보조금,2023,하남시
화물(소형),이엔플러스,이엔플러스EV1톤롱바디트럭,1009,504.0,1513.0,2023년도 전기자동차 하남시 모델별 보조금,2023,하남시
화물(소형),GS글로벌,T4K,1200,600.0,1800.0,2023년도 전기자동차 하남시 모델별 보조금,2023,하남시
화물(소형),에스에스라이트,젤라,986,493.0,1479.0,2023년도 전기자동차 하남시 모델별 보조금,2023,하남시
화물(소형),에스에스라이트,젤라 P200,1177,588.0,1765.0,2023년도 전기자동차 하남시 모델별 보조금,2023,하남시
화물(소형),한국쓰리축,한국쓰리축1톤롱바디EV트럭(봉고),943,471.0,1414.0,2023년도 전기자동차 하남시 모델별 보조금,2023,하남시
화물(소형),한국쓰리축,한국쓰리축1톤롱바디EV트럭(포터),963,481.0,1444.0,2023년도 전기자동차 하남시 모델별 보조금,2023,하남시
화물(소형),모빌리티네트웍스,SE-A2밴,1200,600.0,1800.0,2023년도 전기자동차 하남시 모델별 보조금,2023,하남시
화물(초소형),스마트솔루션즈,D2C,550,320.0,870.0,2023년도 전기자동차 용인시 모델별 보조금,2023,용인시
화물(초소형),스마트솔루션즈,D2P,550,320.0,870.0,2023년도 전기자동차 용인시 모델별 보조금,2023,용인시
화물(초소형),루트17,다니고3,550,320.0,870.0,2023년도 전기자동차 용인시 모델별 보조금,2023,용인시
화물(초소형),루트17,다니고3 픽업,550,320.0,870.0,2023년도 전기자동차 용인시 모델별 보조금,2023,용인시
화물(초소형),마스타전기차,MASTA VAN,550,320.0,870.0,2023년도 전기자동차 용인시 모델별 보조금,2023,용인시
화물(초소형),마스타전기차,MASTA HIM,550,320.0,870.0,2023년도 전기자동차 용인시 모델별 보조금,2023,용인시
화물(초소형),디피코,포트로-탑,550,320.0,870.0,2023년도 전기자동차 용인시 모델별 보조금,2023,용인시
화물(초소형),디피코,포트로-픽업,550,320.0,870.0,2023년도 전기자동차 용인시 모델별 보조금,2023,용인시
화물(초소형),디피코,포트로-탑S,550,320.0,870.0,2023년도 전기자동차 용인시 모델별 보조금,2023,용인시
화물(초소형),디피코,포트로-픽업S,550,320.0,870.0,2023년도 전기자동차 용인시 모델별 보조금,2023,용인시
화물(초소형),진우에스엠씨,포텐스,550,320.0,870.0,2023년도 전기자동차 용인시 모델별 보조금,2023,용인시
화물(경형),파워프라자,라보ev PEACE,900,525.0,1425.0,2023년도 전기자동차 용인시 모델별 보조금,2023,용인시
화물(경형),디피코,포트로350L-탑,900,525.0,1425.0,2023년도 전기자동차 용인시 모델별 보조금,2023,용인시
화물(경형),디피코,포트로350L-픽업,900,525.0,1425.0,2023년도 전기자동차 용인시 모델별 보조금,2023,용인시
화물(소형),제인모터스,제인모터스칼마토EV1톤내장탑차,498,290.0,788.0,2023년도 전기자동차 용인시 모델별 보조금,2023,용인시
화물(소형),파워프라자,봉고3ev PEACE,536,312.0,848.0,2023년도 전기자동차 용인시 모델별 보조금,2023,용인시
화물(소형),파워프라자,봉고3ev PEACE 더블캡,437,254.0,691.0,2023년도 전기자동차 용인시 모델별 보조금,2023,용인시
화물(소형),현대자동차,포터Ⅱ 일렉트릭(23MY),1200,700.0,1900.0,2023년도 전기자동차 용인시 모델별 보조금,2023,용인시
화물(소형),현대자동차,포터Ⅱ 일렉트릭(24MY),1200,700.0,1900.0,2023년도 전기자동차 용인시 모델별 보조금,2023,용인시
화물(소형),기아,봉고 전기차,1200,700.0,1900.0,2023년도 전기자동차 용인시 모델별 보조금,2023,용인시
화물(소형),기아,봉고 전기차 냉동탑차,1400,816.0,2216.0,2023년도 전기자동차 용인시 모델별 보조금,2023,용인시
화물(소형),기아,봉고 전기차 저상형 냉동탑차,1400,816.0,2216.0,2023년도 전기자동차 용인시 모델별 보조금,2023,용인시
화물(소형),일진정공,일진무시동전기냉동탑차(149.9km),1053,614.0,1667.0,2023년도 전기자동차 용인시 모델별 보조금,2023,용인시
화물(소형),일진정공,일진무시동전기냉동탑차(186.1km),1321,770.0,2091.0,2023년도 전기자동차 용인시 모델별 보조금,2023,용인시
화물(소형),일진정공,일진무시동전기냉동탑차(봉고),1460,851.0,2311.0,2023년도 전기자동차 용인시 모델별 보조금,2023,용인시
화물(소형),일진정공,일진무시동전기냉동탑차(포터),1444,842.0,2286.0,2023년도 전기자동차 용인시 모델별 보조금,2023,용인시
화물(소형),루트17,다니고밴,784,457.0,1241.0,2023년도 전기자동차 용인시 모델별 보조금,2023,용인시
화물(소형),루트17,다니고C(0.8톤 전기트럭),1112,648.0,1760.0,2023년도 전기자동차 용인시 모델별 보조금,2023,용인시
화물(소형),루트17,다니고C2(0.8톤 전기트럭),909,530.0,1439.0,2023년도 전기자동차 용인시 모델별 보조금,2023,용인시
화물(소형),루트17,다니고R(전기냉동탑차),1313,765.0,2078.0,2023년도 전기자동차 용인시 모델별 보조금,2023,용인시
화물(소형),루트17,다니고R2(무시동 전기냉동탑차),1212,707.0,1919.0,2023년도 전기자동차 용인시 모델별 보조금,2023,용인시
화물(소형),한신자동차,플러스2.0,648,378.0,1026.0,2023년도 전기자동차 용인시 모델별 보조금,2023,용인시
화물(소형),비바모빌리티,(단종)비바,932,543.0,1475.0,2023년도 전기자동차 용인시 모델별 보조금,2023,용인시
화물(소형),비바모빌리티,(단종)브라보,802,467.0,1269.0,2023년도 전기자동차 용인시 모델별 보조금,2023,용인시
화물(소형),이브이케이엠씨,(단종)MASADA 2밴,1124,655.0,1779.0,2023년도 전기자동차 용인시 모델별 보조금,2023,용인시
화물(소형),이브이케이엠씨,(단종)MASADA 4밴,1025,597.0,1622.0,2023년도 전기자동차 용인시 모델별 보조금,2023,용인시
화물(소형),이브이케이엠씨,MASADA 픽업,1078,628.0,1706.0,2023년도 전기자동차 용인시 모델별 보조금,2023,용인시
화물(소형),이브이케이엠씨,MASADA 3세대 2밴,1124,655.0,1779.0,2023년도 전기자동차 용인시 모델별 보조금,2023,용인시
화물(소형),이브이케이엠씨,MASADA 3세대 4밴,1025,597.0,1622.0,2023년도 전기자동차 용인시 모델별 보조금,2023,용인시
화물(소형),이브이케이엠씨,MASADA 2밴,1200,700.0,1900.0,2023년도 전기자동차 용인시 모델별 보조금,2023,용인시
화물(소형),이브이케이엠씨,MASADA 4밴,1200,700.0,1900.0,2023년도 전기자동차 용인시 모델별 보조금,2023,용인시
화물(소형),경인모터스,경인1톤전기냉동탑차,1151,671.0,1822.0,2023년도 전기자동차 용인시 모델별 보조금,2023,용인시
화물(소형),제이스모빌리티,(단종)이티밴,1200,700.0,1900.0,2023년도 전기자동차 용인시 모델별 보조금,2023,용인시
화물(소형),제이스모빌리티,이티밴,1200,700.0,1900.0,2023년도 전기자동차 용인시 모델별 보조금,2023,용인시
화물(소형),제이스모빌리티,이티4밴,1180,688.0,1868.0,2023년도 전기자동차 용인시 모델별 보조금,2023,용인시
화물(소형),오텍,오텍 무시동 전기 냉동탑차(봉고),1253,730.0,1983.0,2023년도 전기자동차 용인시 모델별 보조금,2023,용인시
화물(소형),이엔플러스,이엔1톤롱바디카고,959,559.0,1518.0,2023년도 전기자동차 용인시 모델별 보조금,2023,용인시
화물(소형),이엔플러스,이엔플러스EV1톤롱바디트럭,1009,588.0,1597.0,2023년도 전기자동차 용인시 모델별 보조금,2023,용인시
화물(소형),GS글로벌,T4K,1200,700.0,1900.0,2023년도 전기자동차 용인시 모델별 보조금,2023,용인시
화물(소형),에스에스라이트,젤라,986,575.0,1561.0,2023년도 전기자동차 용인시 모델별 보조금,2023,용인시
화물(소형),에스에스라이트,젤라 P200,1177,686.0,1863.0,2023년도 전기자동차 용인시 모델별 보조금,2023,용인시
화물(소형),한국쓰리축,한국쓰리축1톤롱바디EV트럭(봉고),943,550.0,1493.0,2023년도 전기자동차 용인시 모델별 보조금,2023,용인시
화물(소형),한국쓰리축,한국쓰리축1톤롱바디EV트럭(포터),963,561.0,1524.0,2023년도 전기자동차 용인시 모델별 보조금,2023,용인시
화물(소형),모빌리티네트웍스,SE-A2밴,1200,700.0,1900.0,2023년도 전기자동차 용인시 모델별 보조금,2023,용인시
화물(초소형),스마트솔루션즈,D2C,550,275.0,825.0,2023년도 전기자동차 파주시 모델별 보조금,2023,파주시
화물(초소형),스마트솔루션즈,D2P,550,275.0,825.0,2023년도 전기자동차 파주시 모델별 보조금,2023,파주시
화물(초소형),루트17,다니고3,550,275.0,825.0,2023년도 전기자동차 파주시 모델별 보조금,2023,파주시
화물(초소형),루트17,다니고3 픽업,550,275.0,825.0,2023년도 전기자동차 파주시 모델별 보조금,2023,파주시
화물(초소형),마스타전기차,MASTA VAN,550,275.0,825.0,2023년도 전기자동차 파주시 모델별 보조금,2023,파주시
화물(초소형),마스타전기차,MASTA HIM,550,275.0,825.0,2023년도 전기자동차 파주시 모델별 보조금,2023,파주시
화물(초소형),디피코,포트로-탑,550,275.0,825.0,2023년도 전기자동차 파주시 모델별 보조금,2023,파주시
화물(초소형),디피코,포트로-픽업,550,275.0,825.0,2023년도 전기자동차 파주시 모델별 보조금,2023,파주시
화물(초소형),디피코,포트로-탑S,550,275.0,825.0,2023년도 전기자동차 파주시 모델별 보조금,2023,파주시
화물(초소형),디피코,포트로-픽업S,550,275.0,825.0,2023년도 전기자동차 파주시 모델별 보조금,2023,파주시
화물(초소형),진우에스엠씨,포텐스,550,275.0,825.0,2023년도 전기자동차 파주시 모델별 보조금,2023,파주시
화물(경형),파워프라자,라보ev PEACE,900,450.0,1350.0,2023년도 전기자동차 파주시 모델별 보조금,2023,파주시
화물(경형),디피코,포트로350L-탑,900,450.0,1350.0,2023년도 전기자동차 파주시 모델별 보조금,2023,파주시
화물(경형),디피코,포트로350L-픽업,900,450.0,1350.0,2023년도 전기자동차 파주시 모델별 보조금,2023,파주시
화물(소형),제인모터스,제인모터스칼마토EV1톤내장탑차,498,249.0,747.0,2023년도 전기자동차 파주시 모델별 보조금,2023,파주시
화물(소형),파워프라자,봉고3ev PEACE,536,268.0,804.0,2023년도 전기자동차 파주시 모델별 보조금,2023,파주시
화물(소형),파워프라자,봉고3ev PEACE 더블캡,437,218.0,655.0,2023년도 전기자동차 파주시 모델별 보조금,2023,파주시
화물(소형),현대자동차,포터Ⅱ 일렉트릭(23MY),1200,600.0,1800.0,2023년도 전기자동차 파주시 모델별 보조금,2023,파주시
화물(소형),현대자동차,포터Ⅱ 일렉트릭(24MY),1200,600.0,1800.0,2023년도 전기자동차 파주시 모델별 보조금,2023,파주시
화물(소형),기아,봉고 전기차,1200,600.0,1800.0,2023년도 전기자동차 파주시 모델별 보조금,2023,파주시
화물(소형),기아,봉고 전기차 냉동탑차,1400,700.0,2100.0,2023년도 전기자동차 파주시 모델별 보조금,2023,파주시
화물(소형),기아,봉고 전기차 저상형 냉동탑차,1400,700.0,2100.0,2023년도 전기자동차 파주시 모델별 보조금,2023,파주시
화물(소형),일진정공,일진무시동전기냉동탑차(149.9km),1053,526.0,1579.0,2023년도 전기자동차 파주시 모델별 보조금,2023,파주시
화물(소형),일진정공,일진무시동전기냉동탑차(186.1km),1321,660.0,1981.0,2023년도 전기자동차 파주시 모델별 보조금,2023,파주시
화물(소형),일진정공,일진무시동전기냉동탑차(봉고),1460,730.0,2190.0,2023년도 전기자동차 파주시 모델별 보조금,2023,파주시
화물(소형),일진정공,일진무시동전기냉동탑차(포터),1444,722.0,2166.0,2023년도 전기자동차 파주시 모델별 보조금,2023,파주시
화물(소형),루트17,다니고밴,784,392.0,1176.0,2023년도 전기자동차 파주시 모델별 보조금,2023,파주시
화물(소형),루트17,다니고C(0.8톤 전기트럭),1112,556.0,1668.0,2023년도 전기자동차 파주시 모델별 보조금,2023,파주시
화물(소형),루트17,다니고C2(0.8톤 전기트럭),909,454.0,1363.0,2023년도 전기자동차 파주시 모델별 보조금,2023,파주시
화물(소형),루트17,다니고R(전기냉동탑차),1313,656.0,1969.0,2023년도 전기자동차 파주시 모델별 보조금,2023,파주시
화물(소형),루트17,다니고R2(무시동 전기냉동탑차),1212,606.0,1818.0,2023년도 전기자동차 파주시 모델별 보조금,2023,파주시
화물(소형),한신자동차,플러스2.0,648,324.0,972.0,2023년도 전기자동차 파주시 모델별 보조금,2023,파주시
화물(소형),비바모빌리티,(단종)비바,932,466.0,1398.0,2023년도 전기자동차 파주시 모델별 보조금,2023,파주시
화물(소형),비바모빌리티,(단종)브라보,802,401.0,1203.0,2023년도 전기자동차 파주시 모델별 보조금,2023,파주시
화물(소형),이브이케이엠씨,(단종)MASADA 2밴,1124,562.0,1686.0,2023년도 전기자동차 파주시 모델별 보조금,2023,파주시
화물(소형),이브이케이엠씨,(단종)MASADA 4밴,1025,512.0,1537.0,2023년도 전기자동차 파주시 모델별 보조금,2023,파주시
화물(소형),이브이케이엠씨,MASADA 픽업,1078,539.0,1617.0,2023년도 전기자동차 파주시 모델별 보조금,2023,파주시
화물(소형),이브이케이엠씨,MASADA 3세대 2밴,1124,562.0,1686.0,2023년도 전기자동차 파주시 모델별 보조금,2023,파주시
화물(소형),이브이케이엠씨,MASADA 3세대 4밴,1025,512.0,1537.0,2023년도 전기자동차 파주시 모델별 보조금,2023,파주시
화물(소형),이브이케이엠씨,MASADA 2밴,1200,600.0,1800.0,2023년도 전기자동차 파주시 모델별 보조금,2023,파주시
화물(소형),이브이케이엠씨,MASADA 4밴,1200,600.0,1800.0,2023년도 전기자동차 파주시 모델별 보조금,2023,파주시
화물(소형),경인모터스,경인1톤전기냉동탑차,1151,575.0,1726.0,2023년도 전기자동차 파주시 모델별 보조금,2023,파주시
화물(소형),제이스모빌리티,(단종)이티밴,1200,600.0,1800.0,2023년도 전기자동차 파주시 모델별 보조금,2023,파주시
화물(소형),제이스모빌리티,이티밴,1200,600.0,1800.0,2023년도 전기자동차 파주시 모델별 보조금,2023,파주시
화물(소형),제이스모빌리티,이티4밴,1180,590.0,1770.0,2023년도 전기자동차 파주시 모델별 보조금,2023,파주시
화물(소형),오텍,오텍 무시동 전기 냉동탑차(봉고),1253,626.0,1879.0,2023년도 전기자동차 파주시 모델별 보조금,2023,파주시
화물(소형),이엔플러스,이엔1톤롱바디카고,959,479.0,1438.0,2023년도 전기자동차 파주시 모델별 보조금,2023,파주시
화물(소형),이엔플러스,이엔플러스EV1톤롱바디트럭,1009,504.0,1513.0,2023년도 전기자동차 파주시 모델별 보조금,2023,파주시
화물(소형),GS글로벌,T4K,1200,600.0,1800.0,2023년도 전기자동차 파주시 모델별 보조금,2023,파주시
화물(소형),에스에스라이트,젤라,986,493.0,1479.0,2023년도 전기자동차 파주시 모델별 보조금,2023,파주시
화물(소형),에스에스라이트,젤라 P200,1177,588.0,1765.0,2023년도 전기자동차 파주시 모델별 보조금,2023,파주시
화물(소형),한국쓰리축,한국쓰리축1톤롱바디EV트럭(봉고),943,471.0,1414.0,2023년도 전기자동차 파주시 모델별 보조금,2023,파주시
화물(소형),한국쓰리축,한국쓰리축1톤롱바디EV트럭(포터),963,481.0,1444.0,2023년도 전기자동차 파주시 모델별 보조금,2023,파주시
화물(소형),모빌리티네트웍스,SE-A2밴,1200,600.0,1800.0,2023년도 전기자동차 파주시 모델별 보조금,2023,파주시
화물(초소형),스마트솔루션즈,D2C,550,300.0,850.0,2023년도 전기자동차 이천시 모델별 보조금,2023,이천시
화물(초소형),스마트솔루션즈,D2P,550,300.0,850.0,2023년도 전기자동차 이천시 모델별 보조금,2023,이천시
화물(초소형),루트17,다니고3,550,300.0,850.0,2023년도 전기자동차 이천시 모델별 보조금,2023,이천시
화물(초소형),루트17,다니고3 픽업,550,300.0,850.0,2023년도 전기자동차 이천시 모델별 보조금,2023,이천시
화물(초소형),마스타전기차,MASTA VAN,550,300.0,850.0,2023년도 전기자동차 이천시 모델별 보조금,2023,이천시
화물(초소형),마스타전기차,MASTA HIM,550,300.0,850.0,2023년도 전기자동차 이천시 모델별 보조금,2023,이천시
화물(초소형),디피코,포트로-탑,550,300.0,850.0,2023년도 전기자동차 이천시 모델별 보조금,2023,이천시
화물(초소형),디피코,포트로-픽업,550,300.0,850.0,2023년도 전기자동차 이천시 모델별 보조금,2023,이천시
화물(초소형),디피코,포트로-탑S,550,300.0,850.0,2023년도 전기자동차 이천시 모델별 보조금,2023,이천시
화물(초소형),디피코,포트로-픽업S,550,300.0,850.0,2023년도 전기자동차 이천시 모델별 보조금,2023,이천시
화물(초소형),진우에스엠씨,포텐스,550,300.0,850.0,2023년도 전기자동차 이천시 모델별 보조금,2023,이천시
화물(경형),파워프라자,라보ev PEACE,900,500.0,1400.0,2023년도 전기자동차 이천시 모델별 보조금,2023,이천시
화물(경형),디피코,포트로350L-탑,900,500.0,1400.0,2023년도 전기자동차 이천시 모델별 보조금,2023,이천시
화물(경형),디피코,포트로350L-픽업,900,500.0,1400.0,2023년도 전기자동차 이천시 모델별 보조금,2023,이천시
화물(소형),제인모터스,제인모터스칼마토EV1톤내장탑차,498,290.0,788.0,2023년도 전기자동차 이천시 모델별 보조금,2023,이천시
화물(소형),파워프라자,봉고3ev PEACE,536,312.0,848.0,2023년도 전기자동차 이천시 모델별 보조금,2023,이천시
화물(소형),파워프라자,봉고3ev PEACE 더블캡,437,254.0,691.0,2023년도 전기자동차 이천시 모델별 보조금,2023,이천시
화물(소형),현대자동차,포터Ⅱ 일렉트릭(23MY),1200,700.0,1900.0,2023년도 전기자동차 이천시 모델별 보조금,2023,이천시
화물(소형),현대자동차,포터Ⅱ 일렉트릭(24MY),1200,700.0,1900.0,2023년도 전기자동차 이천시 모델별 보조금,2023,이천시
화물(소형),기아,봉고 전기차,1200,700.0,1900.0,2023년도 전기자동차 이천시 모델별 보조금,2023,이천시
화물(소형),기아,봉고 전기차 냉동탑차,1400,700.0,2100.0,2023년도 전기자동차 이천시 모델별 보조금,2023,이천시
화물(소형),기아,봉고 전기차 저상형 냉동탑차,1400,700.0,2100.0,2023년도 전기자동차 이천시 모델별 보조금,2023,이천시
화물(소형),일진정공,일진무시동전기냉동탑차(149.9km),1053,614.0,1667.0,2023년도 전기자동차 이천시 모델별 보조금,2023,이천시
화물(소형),일진정공,일진무시동전기냉동탑차(186.1km),1321,770.0,2091.0,2023년도 전기자동차 이천시 모델별 보조금,2023,이천시
화물(소형),일진정공,일진무시동전기냉동탑차(봉고),1460,851.0,2311.0,2023년도 전기자동차 이천시 모델별 보조금,2023,이천시
화물(소형),일진정공,일진무시동전기냉동탑차(포터),1444,842.0,2286.0,2023년도 전기자동차 이천시 모델별 보조금,2023,이천시
화물(소형),루트17,다니고밴,784,457.0,1241.0,2023년도 전기자동차 이천시 모델별 보조금,2023,이천시
화물(소형),루트17,다니고C(0.8톤 전기트럭),1112,648.0,1760.0,2023년도 전기자동차 이천시 모델별 보조금,2023,이천시
화물(소형),루트17,다니고C2(0.8톤 전기트럭),909,530.0,1439.0,2023년도 전기자동차 이천시 모델별 보조금,2023,이천시
화물(소형),루트17,다니고R(전기냉동탑차),1313,765.0,2078.0,2023년도 전기자동차 이천시 모델별 보조금,2023,이천시
화물(소형),루트17,다니고R2(무시동 전기냉동탑차),1212,707.0,1919.0,2023년도 전기자동차 이천시 모델별 보조금,2023,이천시
화물(소형),한신자동차,플러스2.0,648,378.0,1026.0,2023년도 전기자동차 이천시 모델별 보조금,2023,이천시
화물(소형),비바모빌리티,(단종)비바,932,543.0,1475.0,2023년도 전기자동차 이천시 모델별 보조금,2023,이천시
화물(소형),비바모빌리티,(단종)브라보,802,467.0,1269.0,2023년도 전기자동차 이천시 모델별 보조금,2023,이천시
화물(소형),이브이케이엠씨,(단종)MASADA 2밴,1124,655.0,1779.0,2023년도 전기자동차 이천시 모델별 보조금,2023,이천시
화물(소형),이브이케이엠씨,(단종)MASADA 4밴,1025,597.0,1622.0,2023년도 전기자동차 이천시 모델별 보조금,2023,이천시
화물(소형),이브이케이엠씨,MASADA 픽업,1078,628.0,1706.0,2023년도 전기자동차 이천시 모델별 보조금,2023,이천시
화물(소형),이브이케이엠씨,MASADA 3세대 2밴,1124,655.0,1779.0,2023년도 전기자동차 이천시 모델별 보조금,2023,이천시
화물(소형),이브이케이엠씨,MASADA 3세대 4밴,1025,597.0,1622.0,2023년도 전기자동차 이천시 모델별 보조금,2023,이천시
화물(소형),이브이케이엠씨,MASADA 2밴,1200,700.0,1900.0,2023년도 전기자동차 이천시 모델별 보조금,2023,이천시
화물(소형),경인모터스,경인1톤전기냉동탑차,1151,671.0,1822.0,2023년도 전기자동차 이천시 모델별 보조금,2023,이천시
화물(소형),제이스모빌리티,(단종)이티밴,1200,700.0,1900.0,2023년도 전기자동차 이천시 모델별 보조금,2023,이천시
화물(소형),제이스모빌리티,이티밴,1200,700.0,1900.0,2023년도 전기자동차 이천시 모델별 보조금,2023,이천시
화물(소형),제이스모빌리티,이티4밴,1180,688.0,1868.0,2023년도 전기자동차 이천시 모델별 보조금,2023,이천시
화물(소형),오텍,오텍 무시동 전기 냉동탑차(봉고),1253,730.0,1983.0,2023년도 전기자동차 이천시 모델별 보조금,2023,이천시
화물(소형),이엔플러스,이엔1톤롱바디카고,959,559.0,1518.0,2023년도 전기자동차 이천시 모델별 보조금,2023,이천시
화물(소형),이엔플러스,이엔플러스EV1톤롱바디트럭,1009,588.0,1597.0,2023년도 전기자동차 이천시 모델별 보조금,2023,이천시
화물(소형),GS글로벌,T4K,1200,700.0,1900.0,2023년도 전기자동차 이천시 모델별 보조금,2023,이천시
화물(소형),에스에스라이트,젤라,986,575.0,1561.0,2023년도 전기자동차 이천시 모델별 보조금,2023,이천시
화물(소형),에스에스라이트,젤라 P200,1177,686.0,1863.0,2023년도 전기자동차 이천시 모델별 보조금,2023,이천시
화물(소형),한국쓰리축,한국쓰리축1톤롱바디EV트럭(봉고),943,550.0,1493.0,2023년도 전기자동차 이천시 모델별 보조금,2023,이천시
화물(소형),한국쓰리축,한국쓰리축1톤롱바디EV트럭(포터),963,561.0,1524.0,2023년도 전기자동차 이천시 모델별 보조금,2023,이천시
화물(소형),모빌리티네트웍스,SE-A2밴,1200,700.0,1900.0,2023년도 전기자동차 이천시 모델별 보조금,2023,이천시
화물(초소형),스마트솔루션즈,D2C,550,366.0,916.0,2023년도 전기자동차 안성시 모델별 보조금,2023,안성시
화물(초소형),스마트솔루션즈,D2P,550,366.0,916.0,2023년도 전기자동차 안성시 모델별 보조금,2023,안성시
화물(초소형),루트17,다니고3,550,366.0,916.0,2023년도 전기자동차 안성시 모델별 보조금,2023,안성시
화물(초소형),루트17,다니고3 픽업,550,366.0,916.0,2023년도 전기자동차 안성시 모델별 보조금,2023,안성시
화물(초소형),마스타전기차,MASTA VAN,550,366.0,916.0,2023년도 전기자동차 안성시 모델별 보조금,2023,안성시
화물(초소형),마스타전기차,MASTA HIM,550,366.0,916.0,2023년도 전기자동차 안성시 모델별 보조금,2023,안성시
화물(초소형),디피코,포트로-탑,550,366.0,916.0,2023년도 전기자동차 안성시 모델별 보조금,2023,안성시
화물(초소형),디피코,포트로-픽업,550,366.0,916.0,2023년도 전기자동차 안성시 모델별 보조금,2023,안성시
화물(초소형),디피코,포트로-탑S,550,366.0,916.0,2023년도 전기자동차 안성시 모델별 보조금,2023,안성시
화물(초소형),디피코,포트로-픽업S,550,366.0,916.0,2023년도 전기자동차 안성시 모델별 보조금,2023,안성시
화물(초소형),진우에스엠씨,포텐스,550,366.0,916.0,2023년도 전기자동차 안성시 모델별 보조금,2023,안성시
화물(경형),파워프라자,라보ev PEACE,900,600.0,1500.0,2023년도 전기자동차 안성시 모델별 보조금,2023,안성시
화물(경형),디피코,포트로350L-탑,900,600.0,1500.0,2023년도 전기자동차 안성시 모델별 보조금,2023,안성시
화물(경형),디피코,포트로350L-픽업,900,0.0,900.0,2023년도 전기자동차 안성시 모델별 보조금,2023,안성시
화물(소형),제인모터스,제인모터스칼마토EV1톤내장탑차,498,332.0,830.0,2023년도 전기자동차 안성시 모델별 보조금,2023,안성시
화물(소형),파워프라자,봉고3ev PEACE,536,357.0,893.0,2023년도 전기자동차 안성시 모델별 보조금,2023,안성시
화물(소형),파워프라자,봉고3ev PEACE 더블캡,437,291.0,728.0,2023년도 전기자동차 안성시 모델별 보조금,2023,안성시
화물(소형),현대자동차,포터Ⅱ 일렉트릭(23MY),1200,800.0,2000.0,2023년도 전기자동차 안성시 모델별 보조금,2023,안성시
화물(소형),현대자동차,포터Ⅱ 일렉트릭(24MY),1200,800.0,2000.0,2023년도 전기자동차 안성시 모델별 보조금,2023,안성시
화물(소형),기아,봉고 전기차,1200,800.0,2000.0,2023년도 전기자동차 안성시 모델별 보조금,2023,안성시
화물(소형),기아,봉고 전기차 냉동탑차,1400,800.0,2200.0,2023년도 전기자동차 안성시 모델별 보조금,2023,안성시
화물(소형),기아,봉고 전기차 저상형 냉동탑차,1400,800.0,2200.0,2023년도 전기자동차 안성시 모델별 보조금,2023,안성시
화물(소형),일진정공,일진무시동전기냉동탑차(149.9km),1053,702.0,1755.0,2023년도 전기자동차 안성시 모델별 보조금,2023,안성시
화물(소형),일진정공,일진무시동전기냉동탑차(186.1km),1321,800.0,2121.0,2023년도 전기자동차 안성시 모델별 보조금,2023,안성시
화물(소형),일진정공,일진무시동전기냉동탑차(봉고),1460,800.0,2260.0,2023년도 전기자동차 안성시 모델별 보조금,2023,안성시
화물(소형),일진정공,일진무시동전기냉동탑차(포터),1444,800.0,2244.0,2023년도 전기자동차 안성시 모델별 보조금,2023,안성시
화물(소형),루트17,다니고밴,784,522.0,1306.0,2023년도 전기자동차 안성시 모델별 보조금,2023,안성시
화물(소형),루트17,다니고C(0.8톤 전기트럭),1112,741.0,1853.0,2023년도 전기자동차 안성시 모델별 보조금,2023,안성시
화물(소형),루트17,다니고C2(0.8톤 전기트럭),909,606.0,1515.0,2023년도 전기자동차 안성시 모델별 보조금,2023,안성시
화물(소형),루트17,다니고R(전기냉동탑차),1313,800.0,2113.0,2023년도 전기자동차 안성시 모델별 보조금,2023,안성시
화물(소형),루트17,다니고R2(무시동 전기냉동탑차),1212,800.0,2012.0,2023년도 전기자동차 안성시 모델별 보조금,2023,안성시
화물(소형),한신자동차,플러스2.0,648,432.0,1080.0,2023년도 전기자동차 안성시 모델별 보조금,2023,안성시
화물(소형),비바모빌리티,(단종)비바,932,621.0,1553.0,2023년도 전기자동차 안성시 모델별 보조금,2023,안성시
화물(소형),비바모빌리티,(단종)브라보,802,534.0,1336.0,2023년도 전기자동차 안성시 모델별 보조금,2023,안성시
화물(소형),이브이케이엠씨,(단종)MASADA 2밴,1124,749.0,1873.0,2023년도 전기자동차 안성시 모델별 보조금,2023,안성시
화물(소형),이브이케이엠씨,(단종)MASADA 4밴,1025,683.0,1708.0,2023년도 전기자동차 안성시 모델별 보조금,2023,안성시
화물(소형),이브이케이엠씨,MASADA 픽업,1078,718.0,1796.0,2023년도 전기자동차 안성시 모델별 보조금,2023,안성시
화물(소형),이브이케이엠씨,MASADA 3세대 2밴,1124,749.0,1873.0,2023년도 전기자동차 안성시 모델별 보조금,2023,안성시
화물(소형),이브이케이엠씨,MASADA 3세대 4밴,1025,683.0,1708.0,2023년도 전기자동차 안성시 모델별 보조금,2023,안성시
화물(소형),이브이케이엠씨,MASADA 2밴,1200,800.0,2000.0,2023년도 전기자동차 안성시 모델별 보조금,2023,안성시
화물(소형),경인모터스,경인1톤전기냉동탑차,1151,767.0,1918.0,2023년도 전기자동차 안성시 모델별 보조금,2023,안성시
화물(소형),제이스모빌리티,(단종)이티밴,1200,800.0,2000.0,2023년도 전기자동차 안성시 모델별 보조금,2023,안성시
화물(소형),제이스모빌리티,이티밴,1200,800.0,2000.0,2023년도 전기자동차 안성시 모델별 보조금,2023,안성시
화물(소형),제이스모빌리티,이티4밴,1180,786.0,1966.0,2023년도 전기자동차 안성시 모델별 보조금,2023,안성시
화물(소형),오텍,오텍 무시동 전기 냉동탑차(봉고),1253,800.0,2053.0,2023년도 전기자동차 안성시 모델별 보조금,2023,안성시
화물(소형),이엔플러스,이엔1톤롱바디카고,959,639.0,1598.0,2023년도 전기자동차 안성시 모델별 보조금,2023,안성시
화물(소형),이엔플러스,이엔플러스EV1톤롱바디트럭,1009,672.0,1681.0,2023년도 전기자동차 안성시 모델별 보조금,2023,안성시
화물(소형),GS글로벌,T4K,1200,800.0,2000.0,2023년도 전기자동차 안성시 모델별 보조금,2023,안성시
화물(소형),에스에스라이트,젤라,986,657.0,1643.0,2023년도 전기자동차 안성시 모델별 보조금,2023,안성시
화물(소형),에스에스라이트,젤라 P200,1177,784.0,1961.0,2023년도 전기자동차 안성시 모델별 보조금,2023,안성시
화물(소형),한국쓰리축,한국쓰리축1톤롱바디EV트럭(봉고),943,628.0,1571.0,2023년도 전기자동차 안성시 모델별 보조금,2023,안성시
화물(소형),한국쓰리축,한국쓰리축1톤롱바디EV트럭(포터),963,642.0,1605.0,2023년도 전기자동차 안성시 모델별 보조금,2023,안성시
화물(소형),모빌리티네트웍스,SE-A2밴,1200,800.0,2000.0,2023년도 전기자동차 안성시 모델별 보조금,2023,안성시
화물(초소형),스마트솔루션즈,D2C,550,275.0,825.0,2023년도 전기자동차 김포시 모델별 보조금,2023,김포시
화물(초소형),스마트솔루션즈,D2P,550,275.0,825.0,2023년도 전기자동차 김포시 모델별 보조금,2023,김포시
화물(초소형),루트17,다니고3,550,275.0,825.0,2023년도 전기자동차 김포시 모델별 보조금,2023,김포시
화물(초소형),루트17,다니고3 픽업,550,275.0,825.0,2023년도 전기자동차 김포시 모델별 보조금,2023,김포시
화물(초소형),마스타전기차,MASTA VAN,550,275.0,825.0,2023년도 전기자동차 김포시 모델별 보조금,2023,김포시
화물(초소형),마스타전기차,MASTA HIM,550,275.0,825.0,2023년도 전기자동차 김포시 모델별 보조금,2023,김포시
화물(초소형),디피코,포트로-탑,550,275.0,825.0,2023년도 전기자동차 김포시 모델별 보조금,2023,김포시
화물(초소형),디피코,포트로-픽업,550,275.0,825.0,2023년도 전기자동차 김포시 모델별 보조금,2023,김포시
화물(초소형),디피코,포트로-탑S,550,275.0,825.0,2023년도 전기자동차 김포시 모델별 보조금,2023,김포시
화물(초소형),디피코,포트로-픽업S,550,275.0,825.0,2023년도 전기자동차 김포시 모델별 보조금,2023,김포시
화물(초소형),진우에스엠씨,포텐스,550,275.0,825.0,2023년도 전기자동차 김포시 모델별 보조금,2023,김포시
화물(경형),파워프라자,라보ev PEACE,900,450.0,1350.0,2023년도 전기자동차 김포시 모델별 보조금,2023,김포시
화물(경형),디피코,포트로350L-탑,900,450.0,1350.0,2023년도 전기자동차 김포시 모델별 보조금,2023,김포시
화물(경형),디피코,포트로350L-픽업,900,450.0,1350.0,2023년도 전기자동차 김포시 모델별 보조금,2023,김포시
화물(소형),제인모터스,제인모터스칼마토EV1톤내장탑차,498,249.0,747.0,2023년도 전기자동차 김포시 모델별 보조금,2023,김포시
화물(소형),파워프라자,봉고3ev PEACE,536,268.0,804.0,2023년도 전기자동차 김포시 모델별 보조금,2023,김포시
화물(소형),파워프라자,봉고3ev PEACE 더블캡,437,218.0,655.0,2023년도 전기자동차 김포시 모델별 보조금,2023,김포시
화물(소형),현대자동차,포터Ⅱ 일렉트릭(23MY),1200,600.0,1800.0,2023년도 전기자동차 김포시 모델별 보조금,2023,김포시
화물(소형),현대자동차,포터Ⅱ 일렉트릭(24MY),1200,600.0,1800.0,2023년도 전기자동차 김포시 모델별 보조금,2023,김포시
화물(소형),기아,봉고 전기차,1200,600.0,1800.0,2023년도 전기자동차 김포시 모델별 보조금,2023,김포시
화물(소형),기아,봉고 전기차 냉동탑차,1400,700.0,2100.0,2023년도 전기자동차 김포시 모델별 보조금,2023,김포시
화물(소형),기아,봉고 전기차 저상형 냉동탑차,1400,700.0,2100.0,2023년도 전기자동차 김포시 모델별 보조금,2023,김포시
화물(소형),일진정공,일진무시동전기냉동탑차(149.9km),1053,526.0,1579.0,2023년도 전기자동차 김포시 모델별 보조금,2023,김포시
화물(소형),일진정공,일진무시동전기냉동탑차(186.1km),1321,660.0,1981.0,2023년도 전기자동차 김포시 모델별 보조금,2023,김포시
화물(소형),일진정공,일진무시동전기냉동탑차(봉고),1460,730.0,2190.0,2023년도 전기자동차 김포시 모델별 보조금,2023,김포시
화물(소형),일진정공,일진무시동전기냉동탑차(포터),1444,722.0,2166.0,2023년도 전기자동차 김포시 모델별 보조금,2023,김포시
화물(소형),루트17,다니고밴,784,392.0,1176.0,2023년도 전기자동차 김포시 모델별 보조금,2023,김포시
화물(소형),루트17,다니고C(0.8톤 전기트럭),1112,556.0,1668.0,2023년도 전기자동차 김포시 모델별 보조금,2023,김포시
화물(소형),루트17,다니고C2(0.8톤 전기트럭),909,454.0,1363.0,2023년도 전기자동차 김포시 모델별 보조금,2023,김포시
화물(소형),루트17,다니고R(전기냉동탑차),1313,766.0,2079.0,2023년도 전기자동차 김포시 모델별 보조금,2023,김포시
화물(소형),루트17,다니고R2(무시동 전기냉동탑차),1212,707.0,1919.0,2023년도 전기자동차 김포시 모델별 보조금,2023,김포시
화물(소형),한신자동차,플러스2.0,648,324.0,972.0,2023년도 전기자동차 김포시 모델별 보조금,2023,김포시
화물(소형),비바모빌리티,(단종)비바,932,466.0,1398.0,2023년도 전기자동차 김포시 모델별 보조금,2023,김포시
화물(소형),비바모빌리티,(단종)브라보,802,401.0,1203.0,2023년도 전기자동차 김포시 모델별 보조금,2023,김포시
화물(소형),이브이케이엠씨,(단종)MASADA 2밴,1124,562.0,1686.0,2023년도 전기자동차 김포시 모델별 보조금,2023,김포시
화물(소형),이브이케이엠씨,(단종)MASADA 4밴,1025,512.0,1537.0,2023년도 전기자동차 김포시 모델별 보조금,2023,김포시
화물(소형),이브이케이엠씨,MASADA 픽업,1078,539.0,1617.0,2023년도 전기자동차 김포시 모델별 보조금,2023,김포시
화물(소형),이브이케이엠씨,MASADA 3세대 2밴,1124,562.0,1686.0,2023년도 전기자동차 김포시 모델별 보조금,2023,김포시
화물(소형),이브이케이엠씨,MASADA 3세대 4밴,1025,512.0,1537.0,2023년도 전기자동차 김포시 모델별 보조금,2023,김포시
화물(소형),이브이케이엠씨,MASADA 2밴,1200,600.0,1800.0,2023년도 전기자동차 김포시 모델별 보조금,2023,김포시
화물(소형),이브이케이엠씨,MASADA 4밴,1200,600.0,1800.0,2023년도 전기자동차 김포시 모델별 보조금,2023,김포시
화물(소형),경인모터스,경인1톤전기냉동탑차,1151,575.0,1726.0,2023년도 전기자동차 김포시 모델별 보조금,2023,김포시
화물(소형),제이스모빌리티,(단종)이티밴,1200,600.0,1800.0,2023년도 전기자동차 김포시 모델별 보조금,2023,김포시
화물(소형),제이스모빌리티,이티밴,1200,600.0,1800.0,2023년도 전기자동차 김포시 모델별 보조금,2023,김포시
화물(소형),제이스모빌리티,이티4밴,1180,590.0,1770.0,2023년도 전기자동차 김포시 모델별 보조금,2023,김포시
화물(소형),오텍,오텍 무시동 전기 냉동탑차(봉고),1253,626.0,1879.0,2023년도 전기자동차 김포시 모델별 보조금,2023,김포시
화물(소형),이엔플러스,이엔1톤롱바디카고,959,479.0,1438.0,2023년도 전기자동차 김포시 모델별 보조금,2023,김포시
화물(소형),이엔플러스,이엔플러스EV1톤롱바디트럭,1009,504.0,1513.0,2023년도 전기자동차 김포시 모델별 보조금,2023,김포시
화물(소형),GS글로벌,T4K,1200,600.0,1800.0,2023년도 전기자동차 김포시 모델별 보조금,2023,김포시
화물(소형),에스에스라이트,젤라,986,493.0,1479.0,2023년도 전기자동차 김포시 모델별 보조금,2023,김포시
화물(소형),에스에스라이트,젤라 P200,1177,588.0,1765.0,2023년도 전기자동차 김포시 모델별 보조금,2023,김포시
화물(소형),한국쓰리축,한국쓰리축1톤롱바디EV트럭(봉고),943,471.0,1414.0,2023년도 전기자동차 김포시 모델별 보조금,2023,김포시
화물(소형),한국쓰리축,한국쓰리축1톤롱바디EV트럭(포터),963,481.0,1444.0,2023년도 전기자동차 김포시 모델별 보조금,2023,김포시
화물(소형),모빌리티네트웍스,SE-A2밴,1200,600.0,1800.0,2023년도 전기자동차 김포시 모델별 보조금,2023,김포시
화물(초소형),스마트솔루션즈,D2C,550,420.0,970.0,2023년도 전기자동차 화성시 모델별 보조금,2023,화성시
화물(초소형),스마트솔루션즈,D2P,550,420.0,970.0,2023년도 전기자동차 화성시 모델별 보조금,2023,화성시
화물(초소형),루트17,다니고3,550,420.0,970.0,2023년도 전기자동차 화성시 모델별 보조금,2023,화성시
화물(초소형),루트17,다니고3 픽업,550,420.0,970.0,2023년도 전기자동차 화성시 모델별 보조금,2023,화성시
화물(초소형),마스타전기차,MASTA VAN,550,420.0,970.0,2023년도 전기자동차 화성시 모델별 보조금,2023,화성시
화물(초소형),마스타전기차,MASTA HIM,550,420.0,970.0,2023년도 전기자동차 화성시 모델별 보조금,2023,화성시
화물(초소형),디피코,포트로-탑,550,420.0,970.0,2023년도 전기자동차 화성시 모델별 보조금,2023,화성시
화물(초소형),디피코,포트로-픽업,550,420.0,970.0,2023년도 전기자동차 화성시 모델별 보조금,2023,화성시
화물(초소형),디피코,포트로-탑S,550,420.0,970.0,2023년도 전기자동차 화성시 모델별 보조금,2023,화성시
화물(초소형),디피코,포트로-픽업S,550,420.0,970.0,2023년도 전기자동차 화성시 모델별 보조금,2023,화성시
화물(초소형),진우에스엠씨,포텐스,550,420.0,970.0,2023년도 전기자동차 화성시 모델별 보조금,2023,화성시
화물(경형),파워프라자,라보ev PEACE,900,625.0,1525.0,2023년도 전기자동차 화성시 모델별 보조금,2023,화성시
화물(경형),디피코,포트로350L-탑,900,625.0,1525.0,2023년도 전기자동차 화성시 모델별 보조금,2023,화성시
화물(경형),디피코,포트로350L-픽업,900,625.0,1525.0,2023년도 전기자동차 화성시 모델별 보조금,2023,화성시
화물(소형),제인모터스,제인모터스칼마토EV1톤내장탑차,498,390.0,888.0,2023년도 전기자동차 화성시 모델별 보조금,2023,화성시
화물(소형),파워프라자,봉고3ev PEACE,536,412.0,948.0,2023년도 전기자동차 화성시 모델별 보조금,2023,화성시
화물(소형),파워프라자,봉고3ev PEACE 더블캡,437,354.0,791.0,2023년도 전기자동차 화성시 모델별 보조금,2023,화성시
화물(소형),현대자동차,포터Ⅱ 일렉트릭(23MY),1200,800.0,2000.0,2023년도 전기자동차 화성시 모델별 보조금,2023,화성시
화물(소형),현대자동차,포터Ⅱ 일렉트릭(24MY),1200,800.0,2000.0,2023년도 전기자동차 화성시 모델별 보조금,2023,화성시
화물(소형),기아,봉고 전기차,1200,800.0,2000.0,2023년도 전기자동차 화성시 모델별 보조금,2023,화성시
화물(소형),기아,봉고 전기차 냉동탑차,1400,916.0,2316.0,2023년도 전기자동차 화성시 모델별 보조금,2023,화성시
화물(소형),기아,봉고 전기차 저상형 냉동탑차,1400,916.0,2316.0,2023년도 전기자동차 화성시 모델별 보조금,2023,화성시
화물(소형),일진정공,일진무시동전기냉동탑차(149.9km),1053,714.0,1767.0,2023년도 전기자동차 화성시 모델별 보조금,2023,화성시
화물(소형),일진정공,일진무시동전기냉동탑차(186.1km),1321,870.0,2191.0,2023년도 전기자동차 화성시 모델별 보조금,2023,화성시
화물(소형),일진정공,일진무시동전기냉동탑차(봉고),1460,951.0,2411.0,2023년도 전기자동차 화성시 모델별 보조금,2023,화성시
화물(소형),일진정공,일진무시동전기냉동탑차(포터),1444,942.0,2386.0,2023년도 전기자동차 화성시 모델별 보조금,2023,화성시
화물(소형),루트17,다니고밴,784,557.0,1341.0,2023년도 전기자동차 화성시 모델별 보조금,2023,화성시
화물(소형),루트17,다니고C(0.8톤 전기트럭),1112,748.0,1860.0,2023년도 전기자동차 화성시 모델별 보조금,2023,화성시
화물(소형),루트17,다니고C2(0.8톤 전기트럭),909,630.0,1539.0,2023년도 전기자동차 화성시 모델별 보조금,2023,화성시
화물(소형),루트17,다니고R(전기냉동탑차),1313,865.0,2178.0,2023년도 전기자동차 화성시 모델별 보조금,2023,화성시
화물(소형),루트17,다니고R2(무시동 전기냉동탑차),1212,807.0,2019.0,2023년도 전기자동차 화성시 모델별 보조금,2023,화성시
화물(소형),한신자동차,플러스2.0,648,478.0,1126.0,2023년도 전기자동차 화성시 모델별 보조금,2023,화성시
화물(소형),비바모빌리티,(단종)비바,932,643.0,1575.0,2023년도 전기자동차 화성시 모델별 보조금,2023,화성시
화물(소형),비바모빌리티,(단종)브라보,802,567.0,1369.0,2023년도 전기자동차 화성시 모델별 보조금,2023,화성시
화물(소형),이브이케이엠씨,(단종)MASADA 2밴,1124,755.0,1879.0,2023년도 전기자동차 화성시 모델별 보조금,2023,화성시
화물(소형),이브이케이엠씨,(단종)MASADA 4밴,1025,697.0,1722.0,2023년도 전기자동차 화성시 모델별 보조금,2023,화성시
화물(소형),이브이케이엠씨,MASADA 픽업,1078,728.0,1806.0,2023년도 전기자동차 화성시 모델별 보조금,2023,화성시
화물(소형),이브이케이엠씨,MASADA 3세대 2밴,1124,755.0,1879.0,2023년도 전기자동차 화성시 모델별 보조금,2023,화성시
화물(소형),이브이케이엠씨,MASADA 3세대 4밴,1025,697.0,1722.0,2023년도 전기자동차 화성시 모델별 보조금,2023,화성시
화물(소형),경인모터스,경인1톤전기냉동탑차,1151,771.0,1922.0,2023년도 전기자동차 화성시 모델별 보조금,2023,화성시
화물(소형),제이스모빌리티,(단종)이티밴,1200,800.0,2000.0,2023년도 전기자동차 화성시 모델별 보조금,2023,화성시
화물(소형),제이스모빌리티,이티밴,1200,800.0,2000.0,2023년도 전기자동차 화성시 모델별 보조금,2023,화성시
화물(소형),제이스모빌리티,이티4밴,1180,788.0,1968.0,2023년도 전기자동차 화성시 모델별 보조금,2023,화성시
화물(소형),오텍,오텍 무시동 전기 냉동탑차(봉고),1253,830.0,2083.0,2023년도 전기자동차 화성시 모델별 보조금,2023,화성시
화물(소형),이엔플러스,이엔1톤롱바디카고,959,659.0,1618.0,2023년도 전기자동차 화성시 모델별 보조금,2023,화성시
화물(소형),이엔플러스,이엔플러스EV1톤롱바디트럭,1009,688.0,1697.0,2023년도 전기자동차 화성시 모델별 보조금,2023,화성시
화물(소형),GS글로벌,T4K,1200,800.0,2000.0,2023년도 전기자동차 화성시 모델별 보조금,2023,화성시
화물(소형),에스에스라이트,젤라,986,675.0,1661.0,2023년도 전기자동차 화성시 모델별 보조금,2023,화성시
화물(소형),에스에스라이트,젤라 P200,1177,756.0,1933.0,2023년도 전기자동차 화성시 모델별 보조금,2023,화성시
화물(소형),한국쓰리축,한국쓰리축1톤롱바디EV트럭(봉고),943,650.0,1593.0,2023년도 전기자동차 화성시 모델별 보조금,2023,화성시
화물(소형),한국쓰리축,한국쓰리축1톤롱바디EV트럭(포터),963,661.0,1624.0,2023년도 전기자동차 화성시 모델별 보조금,2023,화성시
화물(소형),모빌리티네트웍스,SE-A2밴,1200,800.0,2000.0,2023년도 전기자동차 화성시 모델별 보조금,2023,화성시
화물(초소형),스마트솔루션즈,D2C,550,275.0,825.0,2023년도 전기자동차 광주시 모델별 보조금,2023,광주시
화물(초소형),스마트솔루션즈,D2P,550,275.0,825.0,2023년도 전기자동차 광주시 모델별 보조금,2023,광주시
화물(초소형),루트17,다니고3,550,275.0,825.0,2023년도 전기자동차 광주시 모델별 보조금,2023,광주시
화물(초소형),루트17,다니고3 픽업,550,275.0,825.0,2023년도 전기자동차 광주시 모델별 보조금,2023,광주시
화물(초소형),마스타전기차,MASTA VAN,550,275.0,825.0,2023년도 전기자동차 광주시 모델별 보조금,2023,광주시
화물(초소형),마스타전기차,MASTA HIM,550,275.0,825.0,2023년도 전기자동차 광주시 모델별 보조금,2023,광주시
화물(초소형),디피코,포트로-탑,550,275.0,825.0,2023년도 전기자동차 광주시 모델별 보조금,2023,광주시
화물(초소형),디피코,포트로-픽업,550,275.0,825.0,2023년도 전기자동차 광주시 모델별 보조금,2023,광주시
화물(초소형),디피코,포트로-탑S,550,275.0,825.0,2023년도 전기자동차 광주시 모델별 보조금,2023,광주시
화물(초소형),디피코,포트로-픽업S,550,275.0,825.0,2023년도 전기자동차 광주시 모델별 보조금,2023,광주시
화물(초소형),진우에스엠씨,포텐스,550,275.0,825.0,2023년도 전기자동차 광주시 모델별 보조금,2023,광주시
화물(경형),파워프라자,라보ev PEACE,900,450.0,1350.0,2023년도 전기자동차 광주시 모델별 보조금,2023,광주시
화물(경형),디피코,포트로350L-탑,900,450.0,1350.0,2023년도 전기자동차 광주시 모델별 보조금,2023,광주시
화물(경형),디피코,포트로350L-픽업,900,450.0,1350.0,2023년도 전기자동차 광주시 모델별 보조금,2023,광주시
화물(소형),제인모터스,제인모터스칼마토EV1톤내장탑차,498,291.0,789.0,2023년도 전기자동차 광주시 모델별 보조금,2023,광주시
화물(소형),파워프라자,봉고3ev PEACE,536,313.0,849.0,2023년도 전기자동차 광주시 모델별 보조금,2023,광주시
화물(소형),파워프라자,봉고3ev PEACE 더블캡,437,255.0,692.0,2023년도 전기자동차 광주시 모델별 보조금,2023,광주시
화물(소형),현대자동차,포터Ⅱ 일렉트릭(23MY),1200,700.0,1900.0,2023년도 전기자동차 광주시 모델별 보조금,2023,광주시
화물(소형),현대자동차,포터Ⅱ 일렉트릭(24MY),1200,700.0,1900.0,2023년도 전기자동차 광주시 모델별 보조금,2023,광주시
화물(소형),기아,봉고 전기차,1200,700.0,1900.0,2023년도 전기자동차 광주시 모델별 보조금,2023,광주시
화물(소형),기아,봉고 전기차 냉동탑차,1400,817.0,2217.0,2023년도 전기자동차 광주시 모델별 보조금,2023,광주시
화물(소형),기아,봉고 전기차 저상형 냉동탑차,1400,817.0,2217.0,2023년도 전기자동차 광주시 모델별 보조금,2023,광주시
화물(소형),일진정공,일진무시동전기냉동탑차(149.9km),1053,614.0,1667.0,2023년도 전기자동차 광주시 모델별 보조금,2023,광주시
화물(소형),일진정공,일진무시동전기냉동탑차(186.1km),1321,771.0,2092.0,2023년도 전기자동차 광주시 모델별 보조금,2023,광주시
화물(소형),일진정공,일진무시동전기냉동탑차(봉고),1460,852.0,2312.0,2023년도 전기자동차 광주시 모델별 보조금,2023,광주시
화물(소형),일진정공,일진무시동전기냉동탑차(포터),1444,852.0,2296.0,2023년도 전기자동차 광주시 모델별 보조금,2023,광주시
화물(소형),루트17,다니고밴,784,457.0,1241.0,2023년도 전기자동차 광주시 모델별 보조금,2023,광주시
화물(소형),루트17,다니고C(0.8톤 전기트럭),1112,649.0,1761.0,2023년도 전기자동차 광주시 모델별 보조금,2023,광주시
화물(소형),루트17,다니고C2(0.8톤 전기트럭),909,530.0,1439.0,2023년도 전기자동차 광주시 모델별 보조금,2023,광주시
화물(소형),루트17,다니고R(전기냉동탑차),1313,766.0,2079.0,2023년도 전기자동차 광주시 모델별 보조금,2023,광주시
화물(소형),루트17,다니고R2(무시동 전기냉동탑차),1212,706.0,1918.0,2023년도 전기자동차 광주시 모델별 보조금,2023,광주시
화물(소형),한신자동차,플러스2.0,648,378.0,1026.0,2023년도 전기자동차 광주시 모델별 보조금,2023,광주시
화물(소형),비바모빌리티,(단종)비바,932,544.0,1476.0,2023년도 전기자동차 광주시 모델별 보조금,2023,광주시
화물(소형),비바모빌리티,(단종)브라보,802,468.0,1270.0,2023년도 전기자동차 광주시 모델별 보조금,2023,광주시
화물(소형),이브이케이엠씨,(단종)MASADA 2밴,1124,656.0,1780.0,2023년도 전기자동차 광주시 모델별 보조금,2023,광주시
화물(소형),이브이케이엠씨,(단종)MASADA 4밴,1025,598.0,1623.0,2023년도 전기자동차 광주시 모델별 보조금,2023,광주시
화물(소형),이브이케이엠씨,MASADA 픽업,1078,629.0,1707.0,2023년도 전기자동차 광주시 모델별 보조금,2023,광주시
화물(소형),이브이케이엠씨,MASADA 3세대 2밴,1124,656.0,1780.0,2023년도 전기자동차 광주시 모델별 보조금,2023,광주시
화물(소형),이브이케이엠씨,MASADA 3세대 4밴,1025,598.0,1623.0,2023년도 전기자동차 광주시 모델별 보조금,2023,광주시
화물(소형),이브이케이엠씨,MASADA 2밴,1200,700.0,1900.0,2023년도 전기자동차 광주시 모델별 보조금,2023,광주시
화물(소형),이브이케이엠씨,MASADA 4밴,1200,700.0,1900.0,2023년도 전기자동차 광주시 모델별 보조금,2023,광주시
화물(소형),경인모터스,경인1톤전기냉동탑차,1151,671.0,1822.0,2023년도 전기자동차 광주시 모델별 보조금,2023,광주시
화물(소형),제이스모빌리티,(단종)이티밴,1200,700.0,1900.0,2023년도 전기자동차 광주시 모델별 보조금,2023,광주시
화물(소형),제이스모빌리티,이티밴,1200,700.0,1900.0,2023년도 전기자동차 광주시 모델별 보조금,2023,광주시
화물(소형),제이스모빌리티,이티4밴,1180,688.0,1868.0,2023년도 전기자동차 광주시 모델별 보조금,2023,광주시
화물(소형),오텍,오텍 무시동 전기 냉동탑차(봉고),1253,731.0,1984.0,2023년도 전기자동차 광주시 모델별 보조금,2023,광주시
화물(소형),이엔플러스,이엔1톤롱바디카고,959,559.0,1518.0,2023년도 전기자동차 광주시 모델별 보조금,2023,광주시
화물(소형),이엔플러스,이엔플러스EV1톤롱바디트럭,1009,589.0,1598.0,2023년도 전기자동차 광주시 모델별 보조금,2023,광주시
화물(소형),GS글로벌,T4K,1200,700.0,1900.0,2023년도 전기자동차 광주시 모델별 보조금,2023,광주시
화물(소형),에스에스라이트,젤라,986,575.0,1561.0,2023년도 전기자동차 광주시 모델별 보조금,2023,광주시
화물(소형),에스에스라이트,젤라 P200,1177,686.0,1863.0,2023년도 전기자동차 광주시 모델별 보조금,2023,광주시
화물(소형),한국쓰리축,한국쓰리축1톤롱바디EV트럭(봉고),943,550.0,1493.0,2023년도 전기자동차 광주시 모델별 보조금,2023,광주시
화물(소형),한국쓰리축,한국쓰리축1톤롱바디EV트럭(포터),963,561.0,1524.0,2023년도 전기자동차 광주시 모델별 보조금,2023,광주시
화물(소형),모빌리티네트웍스,SE-A2밴,1200,700.0,1900.0,2023년도 전기자동차 광주시 모델별 보조금,2023,광주시
화물(초소형),스마트솔루션즈,D2C,550,321.0,871.0,2023년도 전기자동차 양주시 모델별 보조금,2023,양주시
화물(초소형),스마트솔루션즈,D2P,550,321.0,871.0,2023년도 전기자동차 양주시 모델별 보조금,2023,양주시
화물(초소형),루트17,다니고3,550,321.0,871.0,2023년도 전기자동차 양주시 모델별 보조금,2023,양주시
화물(초소형),루트17,다니고3 픽업,550,321.0,871.0,2023년도 전기자동차 양주시 모델별 보조금,2023,양주시
화물(초소형),마스타전기차,MASTA VAN,550,321.0,871.0,2023년도 전기자동차 양주시 모델별 보조금,2023,양주시
화물(초소형),마스타전기차,MASTA HIM,550,321.0,871.0,2023년도 전기자동차 양주시 모델별 보조금,2023,양주시
화물(초소형),디피코,포트로-탑,550,321.0,871.0,2023년도 전기자동차 양주시 모델별 보조금,2023,양주시
화물(초소형),디피코,포트로-픽업,550,321.0,871.0,2023년도 전기자동차 양주시 모델별 보조금,2023,양주시
화물(초소형),디피코,포트로-탑S,550,321.0,871.0,2023년도 전기자동차 양주시 모델별 보조금,2023,양주시
화물(초소형),디피코,포트로-픽업S,550,321.0,871.0,2023년도 전기자동차 양주시 모델별 보조금,2023,양주시
화물(초소형),진우에스엠씨,포텐스,550,321.0,871.0,2023년도 전기자동차 양주시 모델별 보조금,2023,양주시
화물(경형),파워프라자,라보ev PEACE,900,525.0,1425.0,2023년도 전기자동차 양주시 모델별 보조금,2023,양주시
화물(경형),디피코,포트로350L-탑,900,525.0,1425.0,2023년도 전기자동차 양주시 모델별 보조금,2023,양주시
화물(경형),디피코,포트로350L-픽업,900,525.0,1425.0,2023년도 전기자동차 양주시 모델별 보조금,2023,양주시
화물(소형),제인모터스,제인모터스칼마토EV1톤내장탑차,498,290.0,788.0,2023년도 전기자동차 양주시 모델별 보조금,2023,양주시
화물(소형),파워프라자,봉고3ev PEACE,536,312.0,848.0,2023년도 전기자동차 양주시 모델별 보조금,2023,양주시
화물(소형),파워프라자,봉고3ev PEACE 더블캡,437,254.0,691.0,2023년도 전기자동차 양주시 모델별 보조금,2023,양주시
화물(소형),현대자동차,포터Ⅱ 일렉트릭(23MY),1200,700.0,1900.0,2023년도 전기자동차 양주시 모델별 보조금,2023,양주시
화물(소형),현대자동차,포터Ⅱ 일렉트릭(24MY),1200,700.0,1900.0,2023년도 전기자동차 양주시 모델별 보조금,2023,양주시
화물(소형),기아,봉고 전기차,1200,700.0,1900.0,2023년도 전기자동차 양주시 모델별 보조금,2023,양주시
화물(소형),기아,봉고 전기차 냉동탑차,1400,817.0,2217.0,2023년도 전기자동차 양주시 모델별 보조금,2023,양주시
화물(소형),기아,봉고 전기차 저상형 냉동탑차,1400,817.0,2217.0,2023년도 전기자동차 양주시 모델별 보조금,2023,양주시
화물(소형),일진정공,일진무시동전기냉동탑차(149.9km),1053,614.0,1667.0,2023년도 전기자동차 양주시 모델별 보조금,2023,양주시
화물(소형),일진정공,일진무시동전기냉동탑차(186.1km),1321,771.0,2092.0,2023년도 전기자동차 양주시 모델별 보조금,2023,양주시
화물(소형),일진정공,일진무시동전기냉동탑차(봉고),1460,852.0,2312.0,2023년도 전기자동차 양주시 모델별 보조금,2023,양주시
화물(소형),일진정공,일진무시동전기냉동탑차(포터),1444,842.0,2286.0,2023년도 전기자동차 양주시 모델별 보조금,2023,양주시
화물(소형),루트17,다니고밴,784,457.0,1241.0,2023년도 전기자동차 양주시 모델별 보조금,2023,양주시
화물(소형),루트17,다니고C(0.8톤 전기트럭),1112,648.0,1760.0,2023년도 전기자동차 양주시 모델별 보조금,2023,양주시
화물(소형),루트17,다니고C2(0.8톤 전기트럭),909,530.0,1439.0,2023년도 전기자동차 양주시 모델별 보조금,2023,양주시
화물(소형),루트17,다니고R(전기냉동탑차),1313,766.0,2079.0,2023년도 전기자동차 양주시 모델별 보조금,2023,양주시
화물(소형),루트17,다니고R2(무시동 전기냉동탑차),1212,707.0,1919.0,2023년도 전기자동차 양주시 모델별 보조금,2023,양주시
화물(소형),한신자동차,플러스2.0,648,378.0,1026.0,2023년도 전기자동차 양주시 모델별 보조금,2023,양주시
화물(소형),비바모빌리티,(단종)비바,932,543.0,1475.0,2023년도 전기자동차 양주시 모델별 보조금,2023,양주시
화물(소형),비바모빌리티,(단종)브라보,802,467.0,1269.0,2023년도 전기자동차 양주시 모델별 보조금,2023,양주시
화물(소형),이브이케이엠씨,(단종)MASADA 2밴,1124,655.0,1779.0,2023년도 전기자동차 양주시 모델별 보조금,2023,양주시
화물(소형),이브이케이엠씨,(단종)MASADA 4밴,1025,597.0,1622.0,2023년도 전기자동차 양주시 모델별 보조금,2023,양주시
화물(소형),이브이케이엠씨,MASADA 픽업,1078,628.0,1706.0,2023년도 전기자동차 양주시 모델별 보조금,2023,양주시
화물(소형),이브이케이엠씨,MASADA 3세대 2밴,1124,655.0,1779.0,2023년도 전기자동차 양주시 모델별 보조금,2023,양주시
화물(소형),이브이케이엠씨,MASADA 3세대 4밴,1025,597.0,1622.0,2023년도 전기자동차 양주시 모델별 보조금,2023,양주시
화물(소형),이브이케이엠씨,MASADA 2밴,1200,700.0,1900.0,2023년도 전기자동차 양주시 모델별 보조금,2023,양주시
화물(소형),이브이케이엠씨,MASADA 4밴,1200,0.0,1200.0,2023년도 전기자동차 양주시 모델별 보조금,2023,양주시
화물(소형),경인모터스,경인1톤전기냉동탑차,1151,671.0,1822.0,2023년도 전기자동차 양주시 모델별 보조금,2023,양주시
화물(소형),제이스모빌리티,(단종)이티밴,1200,700.0,1900.0,2023년도 전기자동차 양주시 모델별 보조금,2023,양주시
화물(소형),제이스모빌리티,이티밴,1200,700.0,1900.0,2023년도 전기자동차 양주시 모델별 보조금,2023,양주시
화물(소형),제이스모빌리티,이티4밴,1180,688.0,1868.0,2023년도 전기자동차 양주시 모델별 보조금,2023,양주시
화물(소형),오텍,오텍 무시동 전기 냉동탑차(봉고),1253,731.0,1984.0,2023년도 전기자동차 양주시 모델별 보조금,2023,양주시
화물(소형),이엔플러스,이엔1톤롱바디카고,959,559.0,1518.0,2023년도 전기자동차 양주시 모델별 보조금,2023,양주시
화물(소형),이엔플러스,이엔플러스EV1톤롱바디트럭,1009,588.0,1597.0,2023년도 전기자동차 양주시 모델별 보조금,2023,양주시
화물(소형),GS글로벌,T4K,1200,700.0,1900.0,2023년도 전기자동차 양주시 모델별 보조금,2023,양주시
화물(소형),에스에스라이트,젤라,986,575.0,1561.0,2023년도 전기자동차 양주시 모델별 보조금,2023,양주시
화물(소형),에스에스라이트,젤라 P200,1177,686.0,1863.0,2023년도 전기자동차 양주시 모델별 보조금,2023,양주시
화물(소형),한국쓰리축,한국쓰리축1톤롱바디EV트럭(봉고),943,550.0,1493.0,2023년도 전기자동차 양주시 모델별 보조금,2023,양주시
화물(소형),한국쓰리축,한국쓰리축1톤롱바디EV트럭(포터),963,561.0,1524.0,2023년도 전기자동차 양주시 모델별 보조금,2023,양주시
화물(소형),모빌리티네트웍스,SE-A2밴,1200,700.0,1900.0,2023년도 전기자동차 양주시 모델별 보조금,2023,양주시
화물(초소형),스마트솔루션즈,D2C,550,320.0,870.0,2023년도 전기자동차 포천시 모델별 보조금,2023,포천시
화물(초소형),스마트솔루션즈,D2P,550,320.0,870.0,2023년도 전기자동차 포천시 모델별 보조금,2023,포천시
화물(초소형),루트17,다니고3,550,320.0,870.0,2023년도 전기자동차 포천시 모델별 보조금,2023,포천시
화물(초소형),루트17,다니고3 픽업,550,320.0,870.0,2023년도 전기자동차 포천시 모델별 보조금,2023,포천시
화물(초소형),마스타전기차,MASTA VAN,550,320.0,870.0,2023년도 전기자동차 포천시 모델별 보조금,2023,포천시
화물(초소형),마스타전기차,MASTA HIM,550,320.0,870.0,2023년도 전기자동차 포천시 모델별 보조금,2023,포천시
화물(초소형),디피코,포트로-탑,550,320.0,870.0,2023년도 전기자동차 포천시 모델별 보조금,2023,포천시
화물(초소형),디피코,포트로-픽업,550,320.0,870.0,2023년도 전기자동차 포천시 모델별 보조금,2023,포천시
화물(초소형),디피코,포트로-탑S,550,320.0,870.0,2023년도 전기자동차 포천시 모델별 보조금,2023,포천시
화물(초소형),디피코,포트로-픽업S,550,320.0,870.0,2023년도 전기자동차 포천시 모델별 보조금,2023,포천시
화물(초소형),진우에스엠씨,포텐스,550,320.0,870.0,2023년도 전기자동차 포천시 모델별 보조금,2023,포천시
화물(경형),파워프라자,라보ev PEACE,900,525.0,1425.0,2023년도 전기자동차 포천시 모델별 보조금,2023,포천시
화물(경형),디피코,포트로350L-탑,900,525.0,1425.0,2023년도 전기자동차 포천시 모델별 보조금,2023,포천시
화물(경형),디피코,포트로350L-픽업,900,525.0,1425.0,2023년도 전기자동차 포천시 모델별 보조금,2023,포천시
화물(소형),제인모터스,제인모터스칼마토EV1톤내장탑차,498,290.0,788.0,2023년도 전기자동차 포천시 모델별 보조금,2023,포천시
화물(소형),파워프라자,봉고3ev PEACE,536,312.0,848.0,2023년도 전기자동차 포천시 모델별 보조금,2023,포천시
화물(소형),파워프라자,봉고3ev PEACE 더블캡,437,254.0,691.0,2023년도 전기자동차 포천시 모델별 보조금,2023,포천시
화물(소형),현대자동차,포터Ⅱ 일렉트릭(23MY),1200,700.0,1900.0,2023년도 전기자동차 포천시 모델별 보조금,2023,포천시
화물(소형),현대자동차,포터Ⅱ 일렉트릭(24MY),1200,700.0,1900.0,2023년도 전기자동차 포천시 모델별 보조금,2023,포천시
화물(소형),기아,봉고 전기차,1200,700.0,1900.0,2023년도 전기자동차 포천시 모델별 보조금,2023,포천시
화물(소형),기아,봉고 전기차 냉동탑차,1400,816.0,2216.0,2023년도 전기자동차 포천시 모델별 보조금,2023,포천시
화물(소형),기아,봉고 전기차 저상형 냉동탑차,1400,816.0,2216.0,2023년도 전기자동차 포천시 모델별 보조금,2023,포천시
화물(소형),일진정공,일진무시동전기냉동탑차(149.9km),1053,614.0,1667.0,2023년도 전기자동차 포천시 모델별 보조금,2023,포천시
화물(소형),일진정공,일진무시동전기냉동탑차(186.1km),1321,770.0,2091.0,2023년도 전기자동차 포천시 모델별 보조금,2023,포천시
화물(소형),일진정공,일진무시동전기냉동탑차(봉고),1460,851.0,2311.0,2023년도 전기자동차 포천시 모델별 보조금,2023,포천시
화물(소형),일진정공,일진무시동전기냉동탑차(포터),1444,842.0,2286.0,2023년도 전기자동차 포천시 모델별 보조금,2023,포천시
화물(소형),루트17,다니고밴,784,457.0,1241.0,2023년도 전기자동차 포천시 모델별 보조금,2023,포천시
화물(소형),루트17,다니고C(0.8톤 전기트럭),1112,648.0,1760.0,2023년도 전기자동차 포천시 모델별 보조금,2023,포천시
화물(소형),루트17,다니고C2(0.8톤 전기트럭),909,530.0,1439.0,2023년도 전기자동차 포천시 모델별 보조금,2023,포천시
화물(소형),루트17,다니고R(전기냉동탑차),1313,765.0,2078.0,2023년도 전기자동차 포천시 모델별 보조금,2023,포천시
화물(소형),루트17,다니고R2(무시동 전기냉동탑차),1212,707.0,1919.0,2023년도 전기자동차 포천시 모델별 보조금,2023,포천시
화물(소형),한신자동차,플러스2.0,648,378.0,1026.0,2023년도 전기자동차 포천시 모델별 보조금,2023,포천시
화물(소형),비바모빌리티,(단종)비바,932,543.0,1475.0,2023년도 전기자동차 포천시 모델별 보조금,2023,포천시
화물(소형),비바모빌리티,(단종)브라보,802,467.0,1269.0,2023년도 전기자동차 포천시 모델별 보조금,2023,포천시
화물(소형),이브이케이엠씨,(단종)MASADA 2밴,1124,655.0,1779.0,2023년도 전기자동차 포천시 모델별 보조금,2023,포천시
화물(소형),이브이케이엠씨,(단종)MASADA 4밴,1025,597.0,1622.0,2023년도 전기자동차 포천시 모델별 보조금,2023,포천시
화물(소형),이브이케이엠씨,MASADA 픽업,1078,628.0,1706.0,2023년도 전기자동차 포천시 모델별 보조금,2023,포천시
화물(소형),이브이케이엠씨,MASADA 3세대 2밴,1124,655.0,1779.0,2023년도 전기자동차 포천시 모델별 보조금,2023,포천시
화물(소형),이브이케이엠씨,MASADA 3세대 4밴,1025,597.0,1622.0,2023년도 전기자동차 포천시 모델별 보조금,2023,포천시
화물(소형),이브이케이엠씨,MASADA 2밴,1200,700.0,1900.0,2023년도 전기자동차 포천시 모델별 보조금,2023,포천시
화물(소형),이브이케이엠씨,MASADA 4밴,1200,700.0,1900.0,2023년도 전기자동차 포천시 모델별 보조금,2023,포천시
화물(소형),경인모터스,경인1톤전기냉동탑차,1151,671.0,1822.0,2023년도 전기자동차 포천시 모델별 보조금,2023,포천시
화물(소형),제이스모빌리티,(단종)이티밴,1200,700.0,1900.0,2023년도 전기자동차 포천시 모델별 보조금,2023,포천시
화물(소형),제이스모빌리티,이티밴,1200,700.0,1900.0,2023년도 전기자동차 포천시 모델별 보조금,2023,포천시
화물(소형),제이스모빌리티,이티4밴,1180,688.0,1868.0,2023년도 전기자동차 포천시 모델별 보조금,2023,포천시
화물(소형),오텍,오텍 무시동 전기 냉동탑차(봉고),1253,730.0,1983.0,2023년도 전기자동차 포천시 모델별 보조금,2023,포천시
화물(소형),이엔플러스,이엔1톤롱바디카고,959,559.0,1518.0,2023년도 전기자동차 포천시 모델별 보조금,2023,포천시
화물(소형),이엔플러스,이엔플러스EV1톤롱바디트럭,1009,588.0,1597.0,2023년도 전기자동차 포천시 모델별 보조금,2023,포천시
화물(소형),GS글로벌,T4K,1200,700.0,1900.0,2023년도 전기자동차 포천시 모델별 보조금,2023,포천시
화물(소형),에스에스라이트,젤라,986,575.0,1561.0,2023년도 전기자동차 포천시 모델별 보조금,2023,포천시
화물(소형),에스에스라이트,젤라 P200,1177,686.0,1863.0,2023년도 전기자동차 포천시 모델별 보조금,2023,포천시
화물(소형),한국쓰리축,한국쓰리축1톤롱바디EV트럭(봉고),943,550.0,1493.0,2023년도 전기자동차 포천시 모델별 보조금,2023,포천시
화물(소형),한국쓰리축,한국쓰리축1톤롱바디EV트럭(포터),963,561.0,1524.0,2023년도 전기자동차 포천시 모델별 보조금,2023,포천시
화물(소형),모빌리티네트웍스,SE-A2밴,1200,700.0,1900.0,2023년도 전기자동차 포천시 모델별 보조금,2023,포천시
화물(초소형),스마트솔루션즈,D2C,550,320.0,870.0,2023년도 전기자동차 여주시 모델별 보조금,2023,여주시
화물(초소형),스마트솔루션즈,D2P,550,320.0,870.0,2023년도 전기자동차 여주시 모델별 보조금,2023,여주시
화물(초소형),루트17,다니고3,550,320.0,870.0,2023년도 전기자동차 여주시 모델별 보조금,2023,여주시
화물(초소형),루트17,다니고3 픽업,550,320.0,870.0,2023년도 전기자동차 여주시 모델별 보조금,2023,여주시
화물(초소형),마스타전기차,MASTA VAN,550,320.0,870.0,2023년도 전기자동차 여주시 모델별 보조금,2023,여주시
화물(초소형),마스타전기차,MASTA HIM,550,320.0,870.0,2023년도 전기자동차 여주시 모델별 보조금,2023,여주시
화물(초소형),디피코,포트로-탑,550,320.0,870.0,2023년도 전기자동차 여주시 모델별 보조금,2023,여주시
화물(초소형),디피코,포트로-픽업,550,320.0,870.0,2023년도 전기자동차 여주시 모델별 보조금,2023,여주시
화물(초소형),디피코,포트로-탑S,550,320.0,870.0,2023년도 전기자동차 여주시 모델별 보조금,2023,여주시
화물(초소형),디피코,포트로-픽업S,550,320.0,870.0,2023년도 전기자동차 여주시 모델별 보조금,2023,여주시
화물(초소형),진우에스엠씨,포텐스,550,320.0,870.0,2023년도 전기자동차 여주시 모델별 보조금,2023,여주시
화물(경형),파워프라자,라보ev PEACE,900,520.0,1420.0,2023년도 전기자동차 여주시 모델별 보조금,2023,여주시
화물(경형),디피코,포트로350L-탑,900,525.0,1425.0,2023년도 전기자동차 여주시 모델별 보조금,2023,여주시
화물(경형),디피코,포트로350L-픽업,900,0.0,900.0,2023년도 전기자동차 여주시 모델별 보조금,2023,여주시
화물(소형),제인모터스,제인모터스칼마토EV1톤내장탑차,498,290.0,788.0,2023년도 전기자동차 여주시 모델별 보조금,2023,여주시
화물(소형),파워프라자,봉고3ev PEACE,536,312.0,848.0,2023년도 전기자동차 여주시 모델별 보조금,2023,여주시
화물(소형),파워프라자,봉고3ev PEACE 더블캡,437,254.0,691.0,2023년도 전기자동차 여주시 모델별 보조금,2023,여주시
화물(소형),현대자동차,포터Ⅱ 일렉트릭(23MY),1200,700.0,1900.0,2023년도 전기자동차 여주시 모델별 보조금,2023,여주시
화물(소형),현대자동차,포터Ⅱ 일렉트릭(24MY),1200,700.0,1900.0,2023년도 전기자동차 여주시 모델별 보조금,2023,여주시
화물(소형),기아,봉고 전기차,1200,700.0,1900.0,2023년도 전기자동차 여주시 모델별 보조금,2023,여주시
화물(소형),기아,봉고 전기차 냉동탑차,1400,700.0,2100.0,2023년도 전기자동차 여주시 모델별 보조금,2023,여주시
화물(소형),기아,봉고 전기차 저상형 냉동탑차,1400,700.0,2100.0,2023년도 전기자동차 여주시 모델별 보조금,2023,여주시
화물(소형),일진정공,일진무시동전기냉동탑차(149.9km),1053,614.0,1667.0,2023년도 전기자동차 여주시 모델별 보조금,2023,여주시
화물(소형),일진정공,일진무시동전기냉동탑차(186.1km),1321,700.0,2021.0,2023년도 전기자동차 여주시 모델별 보조금,2023,여주시
화물(소형),일진정공,일진무시동전기냉동탑차(봉고),1460,700.0,2160.0,2023년도 전기자동차 여주시 모델별 보조금,2023,여주시
화물(소형),일진정공,일진무시동전기냉동탑차(포터),1444,700.0,2144.0,2023년도 전기자동차 여주시 모델별 보조금,2023,여주시
화물(소형),루트17,다니고밴,784,457.0,1241.0,2023년도 전기자동차 여주시 모델별 보조금,2023,여주시
화물(소형),루트17,다니고C(0.8톤 전기트럭),1112,648.0,1760.0,2023년도 전기자동차 여주시 모델별 보조금,2023,여주시
화물(소형),루트17,다니고C2(0.8톤 전기트럭),909,530.0,1439.0,2023년도 전기자동차 여주시 모델별 보조금,2023,여주시
화물(소형),루트17,다니고R(전기냉동탑차),1313,700.0,2013.0,2023년도 전기자동차 여주시 모델별 보조금,2023,여주시
화물(소형),루트17,다니고R2(무시동 전기냉동탑차),1212,700.0,1912.0,2023년도 전기자동차 여주시 모델별 보조금,2023,여주시
화물(소형),한신자동차,플러스2.0,648,378.0,1026.0,2023년도 전기자동차 여주시 모델별 보조금,2023,여주시
화물(소형),비바모빌리티,(단종)비바,932,543.0,1475.0,2023년도 전기자동차 여주시 모델별 보조금,2023,여주시
화물(소형),비바모빌리티,(단종)브라보,802,467.0,1269.0,2023년도 전기자동차 여주시 모델별 보조금,2023,여주시
화물(소형),이브이케이엠씨,(단종)MASADA 2밴,1124,655.0,1779.0,2023년도 전기자동차 여주시 모델별 보조금,2023,여주시
화물(소형),이브이케이엠씨,(단종)MASADA 4밴,1025,597.0,1622.0,2023년도 전기자동차 여주시 모델별 보조금,2023,여주시
화물(소형),이브이케이엠씨,MASADA 픽업,1078,628.0,1706.0,2023년도 전기자동차 여주시 모델별 보조금,2023,여주시
화물(소형),이브이케이엠씨,MASADA 3세대 2밴,1124,655.0,1779.0,2023년도 전기자동차 여주시 모델별 보조금,2023,여주시
화물(소형),이브이케이엠씨,MASADA 3세대 4밴,1025,597.0,1622.0,2023년도 전기자동차 여주시 모델별 보조금,2023,여주시
화물(소형),이브이케이엠씨,MASADA 2밴,1200,700.0,1900.0,2023년도 전기자동차 여주시 모델별 보조금,2023,여주시
화물(소형),이브이케이엠씨,MASADA 4밴,1200,700.0,1900.0,2023년도 전기자동차 여주시 모델별 보조금,2023,여주시
화물(소형),경인모터스,경인1톤전기냉동탑차,1151,671.0,1822.0,2023년도 전기자동차 여주시 모델별 보조금,2023,여주시
화물(소형),제이스모빌리티,(단종)이티밴,1200,700.0,1900.0,2023년도 전기자동차 여주시 모델별 보조금,2023,여주시
화물(소형),제이스모빌리티,이티밴,1200,700.0,1900.0,2023년도 전기자동차 여주시 모델별 보조금,2023,여주시
화물(소형),제이스모빌리티,이티4밴,1180,688.0,1868.0,2023년도 전기자동차 여주시 모델별 보조금,2023,여주시
화물(소형),오텍,오텍 무시동 전기 냉동탑차(봉고),1253,700.0,1953.0,2023년도 전기자동차 여주시 모델별 보조금,2023,여주시
화물(소형),이엔플러스,이엔1톤롱바디카고,959,559.0,1518.0,2023년도 전기자동차 여주시 모델별 보조금,2023,여주시
화물(소형),이엔플러스,이엔플러스EV1톤롱바디트럭,1009,588.0,1597.0,2023년도 전기자동차 여주시 모델별 보조금,2023,여주시
화물(소형),GS글로벌,T4K,1200,700.0,1900.0,2023년도 전기자동차 여주시 모델별 보조금,2023,여주시
화물(소형),에스에스라이트,젤라,986,575.0,1561.0,2023년도 전기자동차 여주시 모델별 보조금,2023,여주시
화물(소형),에스에스라이트,젤라 P200,1177,686.0,1863.0,2023년도 전기자동차 여주시 모델별 보조금,2023,여주시
화물(소형),한국쓰리축,한국쓰리축1톤롱바디EV트럭(봉고),943,550.0,1493.0,2023년도 전기자동차 여주시 모델별 보조금,2023,여주시
화물(소형),한국쓰리축,한국쓰리축1톤롱바디EV트럭(포터),963,561.0,1524.0,2023년도 전기자동차 여주시 모델별 보조금,2023,여주시
화물(소형),모빌리티네트웍스,SE-A2밴,1200,700.0,1900.0,2023년도 전기자동차 여주시 모델별 보조금,2023,여주시
화물(초소형),스마트솔루션즈,D2C,550,320.0,870.0,2023년도 전기자동차 연천군 모델별 보조금,2023,연천군
화물(초소형),스마트솔루션즈,D2P,550,320.0,870.0,2023년도 전기자동차 연천군 모델별 보조금,2023,연천군
화물(초소형),루트17,다니고3,550,320.0,870.0,2023년도 전기자동차 연천군 모델별 보조금,2023,연천군
화물(초소형),루트17,다니고3 픽업,550,320.0,870.0,2023년도 전기자동차 연천군 모델별 보조금,2023,연천군
화물(초소형),마스타전기차,MASTA VAN,550,320.0,870.0,2023년도 전기자동차 연천군 모델별 보조금,2023,연천군
화물(초소형),마스타전기차,MASTA HIM,550,320.0,870.0,2023년도 전기자동차 연천군 모델별 보조금,2023,연천군
화물(초소형),디피코,포트로-탑,550,320.0,870.0,2023년도 전기자동차 연천군 모델별 보조금,2023,연천군
화물(초소형),디피코,포트로-픽업,550,320.0,870.0,2023년도 전기자동차 연천군 모델별 보조금,2023,연천군
화물(초소형),디피코,포트로-탑S,550,320.0,870.0,2023년도 전기자동차 연천군 모델별 보조금,2023,연천군
화물(초소형),디피코,포트로-픽업S,550,320.0,870.0,2023년도 전기자동차 연천군 모델별 보조금,2023,연천군
화물(초소형),진우에스엠씨,포텐스,550,320.0,870.0,2023년도 전기자동차 연천군 모델별 보조금,2023,연천군
화물(경형),파워프라자,라보ev PEACE,900,525.0,1425.0,2023년도 전기자동차 연천군 모델별 보조금,2023,연천군
화물(경형),디피코,포트로350L-탑,900,525.0,1425.0,2023년도 전기자동차 연천군 모델별 보조금,2023,연천군
화물(경형),디피코,포트로350L-픽업,900,525.0,1425.0,2023년도 전기자동차 연천군 모델별 보조금,2023,연천군
화물(소형),제인모터스,제인모터스칼마토EV1톤내장탑차,498,290.0,788.0,2023년도 전기자동차 연천군 모델별 보조금,2023,연천군
화물(소형),파워프라자,봉고3ev PEACE,536,312.0,848.0,2023년도 전기자동차 연천군 모델별 보조금,2023,연천군
화물(소형),파워프라자,봉고3ev PEACE 더블캡,437,254.0,691.0,2023년도 전기자동차 연천군 모델별 보조금,2023,연천군
화물(소형),현대자동차,포터Ⅱ 일렉트릭(23MY),1200,0.0,1200.0,2023년도 전기자동차 연천군 모델별 보조금,2023,연천군
화물(소형),현대자동차,포터Ⅱ 일렉트릭(24MY),1200,700.0,1900.0,2023년도 전기자동차 연천군 모델별 보조금,2023,연천군
화물(소형),기아,봉고 전기차,1200,700.0,1900.0,2023년도 전기자동차 연천군 모델별 보조금,2023,연천군
화물(소형),기아,봉고 전기차 냉동탑차,1400,700.0,2100.0,2023년도 전기자동차 연천군 모델별 보조금,2023,연천군
화물(소형),기아,봉고 전기차 저상형 냉동탑차,1400,700.0,2100.0,2023년도 전기자동차 연천군 모델별 보조금,2023,연천군
화물(소형),일진정공,일진무시동전기냉동탑차(149.9km),1053,614.0,1667.0,2023년도 전기자동차 연천군 모델별 보조금,2023,연천군
화물(소형),일진정공,일진무시동전기냉동탑차(186.1km),1321,700.0,2021.0,2023년도 전기자동차 연천군 모델별 보조금,2023,연천군
화물(소형),일진정공,일진무시동전기냉동탑차(봉고),1460,700.0,2160.0,2023년도 전기자동차 연천군 모델별 보조금,2023,연천군
화물(소형),일진정공,일진무시동전기냉동탑차(포터),1444,700.0,2144.0,2023년도 전기자동차 연천군 모델별 보조금,2023,연천군
화물(소형),루트17,다니고밴,784,457.0,1241.0,2023년도 전기자동차 연천군 모델별 보조금,2023,연천군
화물(소형),루트17,다니고C(0.8톤 전기트럭),1112,648.0,1760.0,2023년도 전기자동차 연천군 모델별 보조금,2023,연천군
화물(소형),루트17,다니고C2(0.8톤 전기트럭),909,530.0,1439.0,2023년도 전기자동차 연천군 모델별 보조금,2023,연천군
화물(소형),루트17,다니고R(전기냉동탑차),1313,700.0,2013.0,2023년도 전기자동차 연천군 모델별 보조금,2023,연천군
화물(소형),루트17,다니고R2(무시동 전기냉동탑차),1212,700.0,1912.0,2023년도 전기자동차 연천군 모델별 보조금,2023,연천군
화물(소형),한신자동차,플러스2.0,648,378.0,1026.0,2023년도 전기자동차 연천군 모델별 보조금,2023,연천군
화물(소형),비바모빌리티,(단종)비바,932,543.0,1475.0,2023년도 전기자동차 연천군 모델별 보조금,2023,연천군
화물(소형),비바모빌리티,(단종)브라보,802,467.0,1269.0,2023년도 전기자동차 연천군 모델별 보조금,2023,연천군
화물(소형),이브이케이엠씨,(단종)MASADA 2밴,1124,655.0,1779.0,2023년도 전기자동차 연천군 모델별 보조금,2023,연천군
화물(소형),이브이케이엠씨,(단종)MASADA 4밴,1025,597.0,1622.0,2023년도 전기자동차 연천군 모델별 보조금,2023,연천군
화물(소형),이브이케이엠씨,MASADA 픽업,1078,628.0,1706.0,2023년도 전기자동차 연천군 모델별 보조금,2023,연천군
화물(소형),이브이케이엠씨,MASADA 3세대 2밴,1124,655.0,1779.0,2023년도 전기자동차 연천군 모델별 보조금,2023,연천군
화물(소형),이브이케이엠씨,MASADA 3세대 4밴,1025,597.0,1622.0,2023년도 전기자동차 연천군 모델별 보조금,2023,연천군
화물(소형),이브이케이엠씨,MASADA 2밴,1200,700.0,1900.0,2023년도 전기자동차 연천군 모델별 보조금,2023,연천군
화물(소형),이브이케이엠씨,MASADA 4밴,1200,700.0,1900.0,2023년도 전기자동차 연천군 모델별 보조금,2023,연천군
화물(소형),이브이케이엠씨,EC35 2밴,850,0.0,850.0,2023년도 전기자동차 연천군 모델별 보조금,2023,연천군
화물(소형),경인모터스,경인1톤전기냉동탑차,1151,671.0,1822.0,2023년도 전기자동차 연천군 모델별 보조금,2023,연천군
화물(소형),제이스모빌리티,(단종)이티밴,1200,700.0,1900.0,2023년도 전기자동차 연천군 모델별 보조금,2023,연천군
화물(소형),제이스모빌리티,이티밴,1200,0.0,1200.0,2023년도 전기자동차 연천군 모델별 보조금,2023,연천군
화물(소형),제이스모빌리티,이티4밴,1180,688.0,1868.0,2023년도 전기자동차 연천군 모델별 보조금,2023,연천군
화물(소형),오텍,오텍 무시동 전기 냉동탑차(봉고),1253,700.0,1953.0,2023년도 전기자동차 연천군 모델별 보조금,2023,연천군
화물(소형),이엔플러스,이엔1톤롱바디카고,959,559.0,1518.0,2023년도 전기자동차 연천군 모델별 보조금,2023,연천군
화물(소형),이엔플러스,이엔플러스EV1톤롱바디트럭,1009,588.0,1597.0,2023년도 전기자동차 연천군 모델별 보조금,2023,연천군
화물(소형),GS글로벌,T4K,1200,700.0,1900.0,2023년도 전기자동차 연천군 모델별 보조금,2023,연천군
화물(소형),에스에스라이트,젤라,986,575.0,1561.0,2023년도 전기자동차 연천군 모델별 보조금,2023,연천군
화물(소형),에스에스라이트,젤라 P200,1177,686.0,1863.0,2023년도 전기자동차 연천군 모델별 보조금,2023,연천군
화물(소형),한국쓰리축,한국쓰리축1톤롱바디EV트럭(봉고),943,550.0,1493.0,2023년도 전기자동차 연천군 모델별 보조금,2023,연천군
화물(소형),한국쓰리축,한국쓰리축1톤롱바디EV트럭(포터),963,561.0,1524.0,2023년도 전기자동차 연천군 모델별 보조금,2023,연천군
화물(소형),모빌리티네트웍스,SE-A2밴,1200,700.0,1900.0,2023년도 전기자동차 연천군 모델별 보조금,2023,연천군
화물(초소형),스마트솔루션즈,D2C,550,321.0,871.0,2023년도 전기자동차 가평군 모델별 보조금,2023,가평군
화물(초소형),스마트솔루션즈,D2P,550,321.0,871.0,2023년도 전기자동차 가평군 모델별 보조금,2023,가평군
화물(초소형),루트17,다니고3,550,321.0,871.0,2023년도 전기자동차 가평군 모델별 보조금,2023,가평군
화물(초소형),루트17,다니고3 픽업,550,321.0,871.0,2023년도 전기자동차 가평군 모델별 보조금,2023,가평군
화물(초소형),마스타전기차,MASTA VAN,550,321.0,871.0,2023년도 전기자동차 가평군 모델별 보조금,2023,가평군
화물(초소형),마스타전기차,MASTA HIM,550,321.0,871.0,2023년도 전기자동차 가평군 모델별 보조금,2023,가평군
화물(초소형),디피코,포트로-탑,550,321.0,871.0,2023년도 전기자동차 가평군 모델별 보조금,2023,가평군
화물(초소형),디피코,포트로-픽업,550,321.0,871.0,2023년도 전기자동차 가평군 모델별 보조금,2023,가평군
화물(초소형),디피코,포트로-탑S,550,321.0,871.0,2023년도 전기자동차 가평군 모델별 보조금,2023,가평군
화물(초소형),디피코,포트로-픽업S,550,321.0,871.0,2023년도 전기자동차 가평군 모델별 보조금,2023,가평군
화물(초소형),진우에스엠씨,포텐스,550,321.0,871.0,2023년도 전기자동차 가평군 모델별 보조금,2023,가평군
화물(경형),파워프라자,라보ev PEACE,900,525.0,1425.0,2023년도 전기자동차 가평군 모델별 보조금,2023,가평군
화물(경형),디피코,포트로350L-탑,900,525.0,1425.0,2023년도 전기자동차 가평군 모델별 보조금,2023,가평군
화물(경형),디피코,포트로350L-픽업,900,525.0,1425.0,2023년도 전기자동차 가평군 모델별 보조금,2023,가평군
화물(소형),제인모터스,제인모터스칼마토EV1톤내장탑차,498,290.0,788.0,2023년도 전기자동차 가평군 모델별 보조금,2023,가평군
화물(소형),파워프라자,봉고3ev PEACE,536,312.0,848.0,2023년도 전기자동차 가평군 모델별 보조금,2023,가평군
화물(소형),파워프라자,봉고3ev PEACE 더블캡,437,254.0,691.0,2023년도 전기자동차 가평군 모델별 보조금,2023,가평군
화물(소형),현대자동차,포터Ⅱ 일렉트릭(23MY),1200,700.0,1900.0,2023년도 전기자동차 가평군 모델별 보조금,2023,가평군
화물(소형),현대자동차,포터Ⅱ 일렉트릭(24MY),1200,700.0,1900.0,2023년도 전기자동차 가평군 모델별 보조금,2023,가평군
화물(소형),기아,봉고 전기차,1200,700.0,1900.0,2023년도 전기자동차 가평군 모델별 보조금,2023,가평군
화물(소형),기아,봉고 전기차 냉동탑차,1400,700.0,2100.0,2023년도 전기자동차 가평군 모델별 보조금,2023,가평군
화물(소형),기아,봉고 전기차 저상형 냉동탑차,1400,700.0,2100.0,2023년도 전기자동차 가평군 모델별 보조금,2023,가평군
화물(소형),일진정공,일진무시동전기냉동탑차(149.9km),1053,614.0,1667.0,2023년도 전기자동차 가평군 모델별 보조금,2023,가평군
화물(소형),일진정공,일진무시동전기냉동탑차(186.1km),1321,700.0,2021.0,2023년도 전기자동차 가평군 모델별 보조금,2023,가평군
화물(소형),일진정공,일진무시동전기냉동탑차(봉고),1460,700.0,2160.0,2023년도 전기자동차 가평군 모델별 보조금,2023,가평군
화물(소형),일진정공,일진무시동전기냉동탑차(포터),1444,700.0,2144.0,2023년도 전기자동차 가평군 모델별 보조금,2023,가평군
화물(소형),루트17,다니고밴,784,457.0,1241.0,2023년도 전기자동차 가평군 모델별 보조금,2023,가평군
화물(소형),루트17,다니고C(0.8톤 전기트럭),1112,648.0,1760.0,2023년도 전기자동차 가평군 모델별 보조금,2023,가평군
화물(소형),루트17,다니고C2(0.8톤 전기트럭),909,530.0,1439.0,2023년도 전기자동차 가평군 모델별 보조금,2023,가평군
화물(소형),루트17,다니고R(전기냉동탑차),1313,700.0,2013.0,2023년도 전기자동차 가평군 모델별 보조금,2023,가평군
화물(소형),루트17,다니고R2(무시동 전기냉동탑차),1212,700.0,1912.0,2023년도 전기자동차 가평군 모델별 보조금,2023,가평군
화물(소형),한신자동차,플러스2.0,648,378.0,1026.0,2023년도 전기자동차 가평군 모델별 보조금,2023,가평군
화물(소형),비바모빌리티,(단종)비바,932,543.0,1475.0,2023년도 전기자동차 가평군 모델별 보조금,2023,가평군
화물(소형),비바모빌리티,(단종)브라보,802,467.0,1269.0,2023년도 전기자동차 가평군 모델별 보조금,2023,가평군
화물(소형),이브이케이엠씨,(단종)MASADA 2밴,1124,655.0,1779.0,2023년도 전기자동차 가평군 모델별 보조금,2023,가평군
화물(소형),이브이케이엠씨,(단종)MASADA 4밴,1025,597.0,1622.0,2023년도 전기자동차 가평군 모델별 보조금,2023,가평군
화물(소형),이브이케이엠씨,MASADA 픽업,1078,628.0,1706.0,2023년도 전기자동차 가평군 모델별 보조금,2023,가평군
화물(소형),이브이케이엠씨,MASADA 3세대 2밴,1124,655.0,1779.0,2023년도 전기자동차 가평군 모델별 보조금,2023,가평군
화물(소형),이브이케이엠씨,MASADA 3세대 4밴,1025,597.0,1622.0,2023년도 전기자동차 가평군 모델별 보조금,2023,가평군
화물(소형),이브이케이엠씨,MASADA 2밴,1200,700.0,1900.0,2023년도 전기자동차 가평군 모델별 보조금,2023,가평군
화물(소형),이브이케이엠씨,MASADA 4밴,1200,700.0,1900.0,2023년도 전기자동차 가평군 모델별 보조금,2023,가평군
화물(소형),이브이케이엠씨,EC35 2밴,850,495.0,1345.0,2023년도 전기자동차 가평군 모델별 보조금,2023,가평군
화물(소형),경인모터스,경인1톤전기냉동탑차,1151,671.0,1822.0,2023년도 전기자동차 가평군 모델별 보조금,2023,가평군
화물(소형),제이스모빌리티,(단종)이티밴,1200,700.0,1900.0,2023년도 전기자동차 가평군 모델별 보조금,2023,가평군
화물(소형),제이스모빌리티,이티밴,1200,700.0,1900.0,2023년도 전기자동차 가평군 모델별 보조금,2023,가평군
화물(소형),제이스모빌리티,이티4밴,1180,688.0,1868.0,2023년도 전기자동차 가평군 모델별 보조금,2023,가평군
화물(소형),오텍,오텍 무시동 전기 냉동탑차(봉고),1253,700.0,1953.0,2023년도 전기자동차 가평군 모델별 보조금,2023,가평군
화물(소형),이엔플러스,이엔1톤롱바디카고,959,559.0,1518.0,2023년도 전기자동차 가평군 모델별 보조금,2023,가평군
화물(소형),이엔플러스,이엔플러스EV1톤롱바디트럭,1009,588.0,1597.0,2023년도 전기자동차 가평군 모델별 보조금,2023,가평군
화물(소형),GS글로벌,T4K,1200,700.0,1900.0,2023년도 전기자동차 가평군 모델별 보조금,2023,가평군
화물(소형),에스에스라이트,젤라,986,575.0,1561.0,2023년도 전기자동차 가평군 모델별 보조금,2023,가평군
화물(소형),에스에스라이트,젤라 P200,1177,686.0,1863.0,2023년도 전기자동차 가평군 모델별 보조금,2023,가평군
화물(소형),한국쓰리축,한국쓰리축1톤롱바디EV트럭(봉고),943,550.0,1493.0,2023년도 전기자동차 가평군 모델별 보조금,2023,가평군
화물(소형),한국쓰리축,한국쓰리축1톤롱바디EV트럭(포터),963,561.0,1524.0,2023년도 전기자동차 가평군 모델별 보조금,2023,가평군
화물(소형),모빌리티네트웍스,SE-A2밴,1200,700.0,1900.0,2023년도 전기자동차 가평군 모델별 보조금,2023,가평군
화물(초소형),스마트솔루션즈,D2C,550,320.0,870.0,2023년도 전기자동차 양평군 모델별 보조금,2023,양평군
화물(초소형),스마트솔루션즈,D2P,550,320.0,870.0,2023년도 전기자동차 양평군 모델별 보조금,2023,양평군
화물(초소형),루트17,다니고3,550,320.0,870.0,2023년도 전기자동차 양평군 모델별 보조금,2023,양평군
화물(초소형),루트17,다니고3 픽업,550,320.0,870.0,2023년도 전기자동차 양평군 모델별 보조금,2023,양평군
화물(초소형),마스타전기차,MASTA VAN,550,320.0,870.0,2023년도 전기자동차 양평군 모델별 보조금,2023,양평군
화물(초소형),마스타전기차,MASTA HIM,550,320.0,870.0,2023년도 전기자동차 양평군 모델별 보조금,2023,양평군
화물(초소형),디피코,포트로-탑,550,320.0,870.0,2023년도 전기자동차 양평군 모델별 보조금,2023,양평군
화물(초소형),디피코,포트로-픽업,550,320.0,870.0,2023년도 전기자동차 양평군 모델별 보조금,2023,양평군
화물(초소형),디피코,포트로-탑S,550,320.0,870.0,2023년도 전기자동차 양평군 모델별 보조금,2023,양평군
화물(초소형),디피코,포트로-픽업S,550,320.0,870.0,2023년도 전기자동차 양평군 모델별 보조금,2023,양평군
화물(초소형),진우에스엠씨,포텐스,550,320.0,870.0,2023년도 전기자동차 양평군 모델별 보조금,2023,양평군
화물(경형),파워프라자,라보ev PEACE,900,525.0,1425.0,2023년도 전기자동차 양평군 모델별 보조금,2023,양평군
화물(경형),디피코,포트로350L-탑,900,525.0,1425.0,2023년도 전기자동차 양평군 모델별 보조금,2023,양평군
화물(경형),디피코,포트로350L-픽업,900,525.0,1425.0,2023년도 전기자동차 양평군 모델별 보조금,2023,양평군
화물(소형),제인모터스,제인모터스칼마토EV1톤내장탑차,498,290.0,788.0,2023년도 전기자동차 양평군 모델별 보조금,2023,양평군
화물(소형),파워프라자,봉고3ev PEACE,536,312.0,848.0,2023년도 전기자동차 양평군 모델별 보조금,2023,양평군
화물(소형),파워프라자,봉고3ev PEACE 더블캡,437,254.0,691.0,2023년도 전기자동차 양평군 모델별 보조금,2023,양평군
화물(소형),현대자동차,포터Ⅱ 일렉트릭(23MY),1200,700.0,1900.0,2023년도 전기자동차 양평군 모델별 보조금,2023,양평군
화물(소형),현대자동차,포터Ⅱ 일렉트릭(24MY),1200,700.0,1900.0,2023년도 전기자동차 양평군 모델별 보조금,2023,양평군
화물(소형),기아,봉고 전기차,1200,700.0,1900.0,2023년도 전기자동차 양평군 모델별 보조금,2023,양평군
화물(소형),기아,봉고 전기차 냉동탑차,1400,810.0,2210.0,2023년도 전기자동차 양평군 모델별 보조금,2023,양평군
화물(소형),기아,봉고 전기차 저상형 냉동탑차,1400,810.0,2210.0,2023년도 전기자동차 양평군 모델별 보조금,2023,양평군
화물(소형),일진정공,일진무시동전기냉동탑차(149.9km),1053,614.0,1667.0,2023년도 전기자동차 양평군 모델별 보조금,2023,양평군
화물(소형),일진정공,일진무시동전기냉동탑차(186.1km),1321,770.0,2091.0,2023년도 전기자동차 양평군 모델별 보조금,2023,양평군
화물(소형),일진정공,일진무시동전기냉동탑차(봉고),1460,851.0,2311.0,2023년도 전기자동차 양평군 모델별 보조금,2023,양평군
화물(소형),일진정공,일진무시동전기냉동탑차(포터),1444,842.0,2286.0,2023년도 전기자동차 양평군 모델별 보조금,2023,양평군
화물(소형),루트17,다니고밴,784,457.0,1241.0,2023년도 전기자동차 양평군 모델별 보조금,2023,양평군
화물(소형),루트17,다니고C(0.8톤 전기트럭),1112,648.0,1760.0,2023년도 전기자동차 양평군 모델별 보조금,2023,양평군
화물(소형),루트17,다니고C2(0.8톤 전기트럭),909,530.0,1439.0,2023년도 전기자동차 양평군 모델별 보조금,2023,양평군
화물(소형),루트17,다니고R(전기냉동탑차),1313,700.0,2013.0,2023년도 전기자동차 양평군 모델별 보조금,2023,양평군
화물(소형),루트17,다니고R2(무시동 전기냉동탑차),1212,700.0,1912.0,2023년도 전기자동차 양평군 모델별 보조금,2023,양평군
화물(소형),한신자동차,플러스2.0,648,378.0,1026.0,2023년도 전기자동차 양평군 모델별 보조금,2023,양평군
화물(소형),비바모빌리티,(단종)비바,932,543.0,1475.0,2023년도 전기자동차 양평군 모델별 보조금,2023,양평군
화물(소형),비바모빌리티,(단종)브라보,802,467.0,1269.0,2023년도 전기자동차 양평군 모델별 보조금,2023,양평군
화물(소형),이브이케이엠씨,(단종)MASADA 2밴,1124,655.0,1779.0,2023년도 전기자동차 양평군 모델별 보조금,2023,양평군
화물(소형),이브이케이엠씨,(단종)MASADA 4밴,1025,597.0,1622.0,2023년도 전기자동차 양평군 모델별 보조금,2023,양평군
화물(소형),이브이케이엠씨,MASADA 픽업,1078,628.0,1706.0,2023년도 전기자동차 양평군 모델별 보조금,2023,양평군
화물(소형),이브이케이엠씨,MASADA 3세대 2밴,1124,655.0,1779.0,2023년도 전기자동차 양평군 모델별 보조금,2023,양평군
화물(소형),이브이케이엠씨,MASADA 3세대 4밴,1025,597.0,1622.0,2023년도 전기자동차 양평군 모델별 보조금,2023,양평군
화물(소형),이브이케이엠씨,MASADA 2밴,1200,700.0,1900.0,2023년도 전기자동차 양평군 모델별 보조금,2023,양평군
화물(소형),이브이케이엠씨,MASADA 4밴,1200,700.0,1900.0,2023년도 전기자동차 양평군 모델별 보조금,2023,양평군
화물(소형),경인모터스,경인1톤전기냉동탑차,1151,671.0,1822.0,2023년도 전기자동차 양평군 모델별 보조금,2023,양평군
화물(소형),제이스모빌리티,(단종)이티밴,1200,700.0,1900.0,2023년도 전기자동차 양평군 모델별 보조금,2023,양평군
화물(소형),제이스모빌리티,이티밴,1200,700.0,1900.0,2023년도 전기자동차 양평군 모델별 보조금,2023,양평군
화물(소형),제이스모빌리티,이티4밴,1180,688.0,1868.0,2023년도 전기자동차 양평군 모델별 보조금,2023,양평군
화물(소형),오텍,오텍 무시동 전기 냉동탑차(봉고),1253,700.0,1953.0,2023년도 전기자동차 양평군 모델별 보조금,2023,양평군
화물(소형),이엔플러스,이엔1톤롱바디카고,959,559.0,1518.0,2023년도 전기자동차 양평군 모델별 보조금,2023,양평군
화물(소형),이엔플러스,이엔플러스EV1톤롱바디트럭,1009,588.0,1597.0,2023년도 전기자동차 양평군 모델별 보조금,2023,양평군
화물(소형),GS글로벌,T4K,1200,700.0,1900.0,2023년도 전기자동차 양평군 모델별 보조금,2023,양평군
화물(소형),에스에스라이트,젤라,986,575.0,1561.0,2023년도 전기자동차 양평군 모델별 보조금,2023,양평군
화물(소형),에스에스라이트,젤라 P200,1177,686.0,1863.0,2023년도 전기자동차 양평군 모델별 보조금,2023,양평군
화물(소형),한국쓰리축,한국쓰리축1톤롱바디EV트럭(봉고),943,550.0,1493.0,2023년도 전기자동차 양평군 모델별 보조금,2023,양평군
화물(소형),한국쓰리축,한국쓰리축1톤롱바디EV트럭(포터),963,561.0,1524.0,2023년도 전기자동차 양평군 모델별 보조금,2023,양평군
화물(소형),모빌리티네트웍스,SE-A2밴,1200,700.0,1900.0,2023년도 전기자동차 양평군 모델별 보조금,2023,양평군
화물(초소형),스마트솔루션즈,D2C,550,540.0,1090.0,2023년도 전기자동차 춘천시 모델별 보조금,2023,춘천시
화물(초소형),스마트솔루션즈,D2P,550,540.0,1090.0,2023년도 전기자동차 춘천시 모델별 보조금,2023,춘천시
화물(초소형),루트17,다니고3,550,540.0,1090.0,2023년도 전기자동차 춘천시 모델별 보조금,2023,춘천시
화물(초소형),루트17,다니고3 픽업,550,540.0,1090.0,2023년도 전기자동차 춘천시 모델별 보조금,2023,춘천시
화물(초소형),마스타전기차,MASTA VAN,550,540.0,1090.0,2023년도 전기자동차 춘천시 모델별 보조금,2023,춘천시
화물(초소형),마스타전기차,MASTA HIM,550,540.0,1090.0,2023년도 전기자동차 춘천시 모델별 보조금,2023,춘천시
화물(초소형),디피코,포트로-탑,550,540.0,1090.0,2023년도 전기자동차 춘천시 모델별 보조금,2023,춘천시
화물(초소형),디피코,포트로-픽업,550,540.0,1090.0,2023년도 전기자동차 춘천시 모델별 보조금,2023,춘천시
화물(초소형),디피코,포트로-탑S,550,540.0,1090.0,2023년도 전기자동차 춘천시 모델별 보조금,2023,춘천시
화물(초소형),디피코,포트로-픽업S,550,540.0,1090.0,2023년도 전기자동차 춘천시 모델별 보조금,2023,춘천시
화물(초소형),진우에스엠씨,포텐스,550,540.0,1090.0,2023년도 전기자동차 춘천시 모델별 보조금,2023,춘천시
화물(경형),파워프라자,라보ev PEACE,900,800.0,1700.0,2023년도 전기자동차 춘천시 모델별 보조금,2023,춘천시
화물(경형),디피코,포트로350L-탑,900,800.0,1700.0,2023년도 전기자동차 춘천시 모델별 보조금,2023,춘천시
화물(경형),디피코,포트로350L-픽업,900,800.0,1700.0,2023년도 전기자동차 춘천시 모델별 보조금,2023,춘천시
화물(소형),제인모터스,제인모터스칼마토EV1톤내장탑차,498,290.0,788.0,2023년도 전기자동차 춘천시 모델별 보조금,2023,춘천시
화물(소형),파워프라자,봉고3ev PEACE,536,312.0,848.0,2023년도 전기자동차 춘천시 모델별 보조금,2023,춘천시
화물(소형),파워프라자,봉고3ev PEACE 더블캡,437,254.0,691.0,2023년도 전기자동차 춘천시 모델별 보조금,2023,춘천시
화물(소형),현대자동차,포터Ⅱ 일렉트릭(23MY),1200,700.0,1900.0,2023년도 전기자동차 춘천시 모델별 보조금,2023,춘천시
화물(소형),현대자동차,포터Ⅱ 일렉트릭(24MY),1200,700.0,1900.0,2023년도 전기자동차 춘천시 모델별 보조금,2023,춘천시
화물(소형),기아,봉고 전기차,1200,700.0,1900.0,2023년도 전기자동차 춘천시 모델별 보조금,2023,춘천시
화물(소형),기아,봉고 전기차 냉동탑차,1400,700.0,2100.0,2023년도 전기자동차 춘천시 모델별 보조금,2023,춘천시
화물(소형),기아,봉고 전기차 저상형 냉동탑차,1400,700.0,2100.0,2023년도 전기자동차 춘천시 모델별 보조금,2023,춘천시
화물(소형),일진정공,일진무시동전기냉동탑차(149.9km),1053,614.0,1667.0,2023년도 전기자동차 춘천시 모델별 보조금,2023,춘천시
화물(소형),일진정공,일진무시동전기냉동탑차(186.1km),1321,700.0,2021.0,2023년도 전기자동차 춘천시 모델별 보조금,2023,춘천시
화물(소형),일진정공,일진무시동전기냉동탑차(봉고),1460,700.0,2160.0,2023년도 전기자동차 춘천시 모델별 보조금,2023,춘천시
화물(소형),일진정공,일진무시동전기냉동탑차(포터),1444,700.0,2144.0,2023년도 전기자동차 춘천시 모델별 보조금,2023,춘천시
화물(소형),루트17,다니고밴,784,457.0,1241.0,2023년도 전기자동차 춘천시 모델별 보조금,2023,춘천시
화물(소형),루트17,다니고C(0.8톤 전기트럭),1112,648.0,1760.0,2023년도 전기자동차 춘천시 모델별 보조금,2023,춘천시
화물(소형),루트17,다니고C2(0.8톤 전기트럭),909,530.0,1439.0,2023년도 전기자동차 춘천시 모델별 보조금,2023,춘천시
화물(소형),루트17,다니고R(전기냉동탑차),1313,700.0,2013.0,2023년도 전기자동차 춘천시 모델별 보조금,2023,춘천시
화물(소형),루트17,다니고R2(무시동 전기냉동탑차),1212,700.0,1912.0,2023년도 전기자동차 춘천시 모델별 보조금,2023,춘천시
화물(소형),한신자동차,플러스2.0,648,378.0,1026.0,2023년도 전기자동차 춘천시 모델별 보조금,2023,춘천시
화물(소형),비바모빌리티,(단종)비바,932,543.0,1475.0,2023년도 전기자동차 춘천시 모델별 보조금,2023,춘천시
화물(소형),비바모빌리티,(단종)브라보,802,467.0,1269.0,2023년도 전기자동차 춘천시 모델별 보조금,2023,춘천시
화물(소형),이브이케이엠씨,(단종)MASADA 2밴,1124,655.0,1779.0,2023년도 전기자동차 춘천시 모델별 보조금,2023,춘천시
화물(소형),이브이케이엠씨,(단종)MASADA 4밴,1025,597.0,1622.0,2023년도 전기자동차 춘천시 모델별 보조금,2023,춘천시
화물(소형),이브이케이엠씨,MASADA 픽업,1078,628.0,1706.0,2023년도 전기자동차 춘천시 모델별 보조금,2023,춘천시
화물(소형),이브이케이엠씨,MASADA 3세대 2밴,1124,655.0,1779.0,2023년도 전기자동차 춘천시 모델별 보조금,2023,춘천시
화물(소형),이브이케이엠씨,MASADA 3세대 4밴,1025,597.0,1622.0,2023년도 전기자동차 춘천시 모델별 보조금,2023,춘천시
화물(소형),이브이케이엠씨,MASADA 2밴,1200,700.0,1900.0,2023년도 전기자동차 춘천시 모델별 보조금,2023,춘천시
화물(소형),이브이케이엠씨,MASADA 4밴,1200,700.0,1900.0,2023년도 전기자동차 춘천시 모델별 보조금,2023,춘천시
화물(소형),경인모터스,경인1톤전기냉동탑차,1151,671.0,1822.0,2023년도 전기자동차 춘천시 모델별 보조금,2023,춘천시
화물(소형),제이스모빌리티,(단종)이티밴,1200,700.0,1900.0,2023년도 전기자동차 춘천시 모델별 보조금,2023,춘천시
화물(소형),제이스모빌리티,이티밴,1200,700.0,1900.0,2023년도 전기자동차 춘천시 모델별 보조금,2023,춘천시
화물(소형),제이스모빌리티,이티4밴,1180,688.0,1868.0,2023년도 전기자동차 춘천시 모델별 보조금,2023,춘천시
화물(소형),오텍,오텍 무시동 전기 냉동탑차(봉고),1253,700.0,1953.0,2023년도 전기자동차 춘천시 모델별 보조금,2023,춘천시
화물(소형),이엔플러스,이엔1톤롱바디카고,959,559.0,1518.0,2023년도 전기자동차 춘천시 모델별 보조금,2023,춘천시
화물(소형),이엔플러스,이엔플러스EV1톤롱바디트럭,1009,588.0,1597.0,2023년도 전기자동차 춘천시 모델별 보조금,2023,춘천시
화물(소형),GS글로벌,T4K,1200,700.0,1900.0,2023년도 전기자동차 춘천시 모델별 보조금,2023,춘천시
화물(소형),에스에스라이트,젤라,986,575.0,1561.0,2023년도 전기자동차 춘천시 모델별 보조금,2023,춘천시
화물(소형),에스에스라이트,젤라 P200,1177,686.0,1863.0,2023년도 전기자동차 춘천시 모델별 보조금,2023,춘천시
화물(소형),한국쓰리축,한국쓰리축1톤롱바디EV트럭(봉고),943,550.0,1493.0,2023년도 전기자동차 춘천시 모델별 보조금,2023,춘천시
화물(소형),한국쓰리축,한국쓰리축1톤롱바디EV트럭(포터),963,561.0,1524.0,2023년도 전기자동차 춘천시 모델별 보조금,2023,춘천시
화물(소형),모빌리티네트웍스,SE-A2밴,1200,700.0,1900.0,2023년도 전기자동차 춘천시 모델별 보조금,2023,춘천시
화물(초소형),스마트솔루션즈,D2C,550,540.0,1090.0,2023년도 전기자동차 원주시 모델별 보조금,2023,원주시
화물(초소형),스마트솔루션즈,D2P,550,540.0,1090.0,2023년도 전기자동차 원주시 모델별 보조금,2023,원주시
화물(초소형),루트17,다니고3,550,540.0,1090.0,2023년도 전기자동차 원주시 모델별 보조금,2023,원주시
화물(초소형),루트17,다니고3 픽업,550,540.0,1090.0,2023년도 전기자동차 원주시 모델별 보조금,2023,원주시
화물(초소형),마스타전기차,MASTA VAN,550,540.0,1090.0,2023년도 전기자동차 원주시 모델별 보조금,2023,원주시
화물(초소형),마스타전기차,MASTA HIM,550,540.0,1090.0,2023년도 전기자동차 원주시 모델별 보조금,2023,원주시
화물(초소형),디피코,포트로-탑,550,540.0,1090.0,2023년도 전기자동차 원주시 모델별 보조금,2023,원주시
화물(초소형),디피코,포트로-픽업,550,540.0,1090.0,2023년도 전기자동차 원주시 모델별 보조금,2023,원주시
화물(초소형),디피코,포트로-탑S,550,540.0,1090.0,2023년도 전기자동차 원주시 모델별 보조금,2023,원주시
화물(초소형),디피코,포트로-픽업S,550,540.0,1090.0,2023년도 전기자동차 원주시 모델별 보조금,2023,원주시
화물(초소형),진우에스엠씨,포텐스,550,540.0,1090.0,2023년도 전기자동차 원주시 모델별 보조금,2023,원주시
화물(경형),파워프라자,라보ev PEACE,900,800.0,1700.0,2023년도 전기자동차 원주시 모델별 보조금,2023,원주시
화물(경형),디피코,포트로350L-탑,900,800.0,1700.0,2023년도 전기자동차 원주시 모델별 보조금,2023,원주시
화물(경형),디피코,포트로350L-픽업,900,540.0,1440.0,2023년도 전기자동차 원주시 모델별 보조금,2023,원주시
화물(소형),제인모터스,제인모터스칼마토EV1톤내장탑차,498,290.0,788.0,2023년도 전기자동차 원주시 모델별 보조금,2023,원주시
화물(소형),파워프라자,봉고3ev PEACE,536,312.0,848.0,2023년도 전기자동차 원주시 모델별 보조금,2023,원주시
화물(소형),파워프라자,봉고3ev PEACE 더블캡,437,254.0,691.0,2023년도 전기자동차 원주시 모델별 보조금,2023,원주시
화물(소형),현대자동차,포터Ⅱ 일렉트릭(23MY),1200,700.0,1900.0,2023년도 전기자동차 원주시 모델별 보조금,2023,원주시
화물(소형),현대자동차,포터Ⅱ 일렉트릭(24MY),1200,700.0,1900.0,2023년도 전기자동차 원주시 모델별 보조금,2023,원주시
화물(소형),기아,봉고 전기차,1200,700.0,1900.0,2023년도 전기자동차 원주시 모델별 보조금,2023,원주시
화물(소형),기아,봉고 전기차 냉동탑차,1400,700.0,2100.0,2023년도 전기자동차 원주시 모델별 보조금,2023,원주시
화물(소형),기아,봉고 전기차 저상형 냉동탑차,1400,700.0,2100.0,2023년도 전기자동차 원주시 모델별 보조금,2023,원주시
화물(소형),일진정공,일진무시동전기냉동탑차(149.9km),1053,614.0,1667.0,2023년도 전기자동차 원주시 모델별 보조금,2023,원주시
화물(소형),일진정공,일진무시동전기냉동탑차(186.1km),1321,700.0,2021.0,2023년도 전기자동차 원주시 모델별 보조금,2023,원주시
화물(소형),일진정공,일진무시동전기냉동탑차(봉고),1460,700.0,2160.0,2023년도 전기자동차 원주시 모델별 보조금,2023,원주시
화물(소형),일진정공,일진무시동전기냉동탑차(포터),1444,700.0,2144.0,2023년도 전기자동차 원주시 모델별 보조금,2023,원주시
화물(소형),루트17,다니고밴,784,457.0,1241.0,2023년도 전기자동차 원주시 모델별 보조금,2023,원주시
화물(소형),루트17,다니고C(0.8톤 전기트럭),1112,648.0,1760.0,2023년도 전기자동차 원주시 모델별 보조금,2023,원주시
화물(소형),루트17,다니고C2(0.8톤 전기트럭),909,530.0,1439.0,2023년도 전기자동차 원주시 모델별 보조금,2023,원주시
화물(소형),루트17,다니고R(전기냉동탑차),1313,700.0,2013.0,2023년도 전기자동차 원주시 모델별 보조금,2023,원주시
화물(소형),루트17,다니고R2(무시동 전기냉동탑차),1212,700.0,1912.0,2023년도 전기자동차 원주시 모델별 보조금,2023,원주시
화물(소형),한신자동차,플러스2.0,648,378.0,1026.0,2023년도 전기자동차 원주시 모델별 보조금,2023,원주시
화물(소형),비바모빌리티,(단종)비바,932,543.0,1475.0,2023년도 전기자동차 원주시 모델별 보조금,2023,원주시
화물(소형),비바모빌리티,(단종)브라보,802,467.0,1269.0,2023년도 전기자동차 원주시 모델별 보조금,2023,원주시
화물(소형),이브이케이엠씨,(단종)MASADA 2밴,1124,655.0,1779.0,2023년도 전기자동차 원주시 모델별 보조금,2023,원주시
화물(소형),이브이케이엠씨,(단종)MASADA 4밴,1025,597.0,1622.0,2023년도 전기자동차 원주시 모델별 보조금,2023,원주시
화물(소형),이브이케이엠씨,MASADA 픽업,1078,628.0,1706.0,2023년도 전기자동차 원주시 모델별 보조금,2023,원주시
화물(소형),이브이케이엠씨,MASADA 3세대 2밴,1124,655.0,1779.0,2023년도 전기자동차 원주시 모델별 보조금,2023,원주시
화물(소형),이브이케이엠씨,MASADA 3세대 4밴,1025,597.0,1622.0,2023년도 전기자동차 원주시 모델별 보조금,2023,원주시
화물(소형),이브이케이엠씨,MASADA 2밴,1200,700.0,1900.0,2023년도 전기자동차 원주시 모델별 보조금,2023,원주시
화물(소형),이브이케이엠씨,MASADA 4밴,1200,700.0,1900.0,2023년도 전기자동차 원주시 모델별 보조금,2023,원주시
화물(소형),경인모터스,경인1톤전기냉동탑차,1151,671.0,1822.0,2023년도 전기자동차 원주시 모델별 보조금,2023,원주시
화물(소형),제이스모빌리티,(단종)이티밴,1200,700.0,1900.0,2023년도 전기자동차 원주시 모델별 보조금,2023,원주시
화물(소형),제이스모빌리티,이티밴,1200,700.0,1900.0,2023년도 전기자동차 원주시 모델별 보조금,2023,원주시
화물(소형),제이스모빌리티,이티4밴,1180,688.0,1868.0,2023년도 전기자동차 원주시 모델별 보조금,2023,원주시
화물(소형),오텍,오텍 무시동 전기 냉동탑차(봉고),1253,700.0,1953.0,2023년도 전기자동차 원주시 모델별 보조금,2023,원주시
화물(소형),이엔플러스,이엔1톤롱바디카고,959,559.0,1518.0,2023년도 전기자동차 원주시 모델별 보조금,2023,원주시
화물(소형),이엔플러스,이엔플러스EV1톤롱바디트럭,1009,588.0,1597.0,2023년도 전기자동차 원주시 모델별 보조금,2023,원주시
화물(소형),GS글로벌,T4K,1200,700.0,1900.0,2023년도 전기자동차 원주시 모델별 보조금,2023,원주시
화물(소형),에스에스라이트,젤라,986,575.0,1561.0,2023년도 전기자동차 원주시 모델별 보조금,2023,원주시
화물(소형),에스에스라이트,젤라 P200,1177,686.0,1863.0,2023년도 전기자동차 원주시 모델별 보조금,2023,원주시
화물(소형),한국쓰리축,한국쓰리축1톤롱바디EV트럭(봉고),943,550.0,1493.0,2023년도 전기자동차 원주시 모델별 보조금,2023,원주시
화물(소형),한국쓰리축,한국쓰리축1톤롱바디EV트럭(포터),963,561.0,1524.0,2023년도 전기자동차 원주시 모델별 보조금,2023,원주시
화물(소형),모빌리티네트웍스,SE-A2밴,1200,700.0,1900.0,2023년도 전기자동차 원주시 모델별 보조금,2023,원주시
화물(초소형),스마트솔루션즈,D2C,550,540.0,1090.0,2023년도 전기자동차 강릉시 모델별 보조금,2023,강릉시
화물(초소형),스마트솔루션즈,D2P,550,540.0,1090.0,2023년도 전기자동차 강릉시 모델별 보조금,2023,강릉시
화물(초소형),루트17,다니고3,550,540.0,1090.0,2023년도 전기자동차 강릉시 모델별 보조금,2023,강릉시
화물(초소형),루트17,다니고3 픽업,550,540.0,1090.0,2023년도 전기자동차 강릉시 모델별 보조금,2023,강릉시
화물(초소형),마스타전기차,MASTA VAN,550,540.0,1090.0,2023년도 전기자동차 강릉시 모델별 보조금,2023,강릉시
화물(초소형),마스타전기차,MASTA HIM,550,540.0,1090.0,2023년도 전기자동차 강릉시 모델별 보조금,2023,강릉시
화물(초소형),디피코,포트로-탑,550,540.0,1090.0,2023년도 전기자동차 강릉시 모델별 보조금,2023,강릉시
화물(초소형),디피코,포트로-픽업,550,540.0,1090.0,2023년도 전기자동차 강릉시 모델별 보조금,2023,강릉시
화물(초소형),디피코,포트로-탑S,550,540.0,1090.0,2023년도 전기자동차 강릉시 모델별 보조금,2023,강릉시
화물(초소형),디피코,포트로-픽업S,550,540.0,1090.0,2023년도 전기자동차 강릉시 모델별 보조금,2023,강릉시
화물(초소형),진우에스엠씨,포텐스,550,540.0,1090.0,2023년도 전기자동차 강릉시 모델별 보조금,2023,강릉시
화물(경형),파워프라자,라보ev PEACE,900,800.0,1700.0,2023년도 전기자동차 강릉시 모델별 보조금,2023,강릉시
화물(경형),디피코,포트로350L-탑,900,800.0,1700.0,2023년도 전기자동차 강릉시 모델별 보조금,2023,강릉시
화물(경형),디피코,포트로350L-픽업,900,800.0,1700.0,2023년도 전기자동차 강릉시 모델별 보조금,2023,강릉시
화물(소형),제인모터스,제인모터스칼마토EV1톤내장탑차,498,290.0,788.0,2023년도 전기자동차 강릉시 모델별 보조금,2023,강릉시
화물(소형),파워프라자,봉고3ev PEACE,536,312.0,848.0,2023년도 전기자동차 강릉시 모델별 보조금,2023,강릉시
화물(소형),파워프라자,봉고3ev PEACE 더블캡,437,254.0,691.0,2023년도 전기자동차 강릉시 모델별 보조금,2023,강릉시
화물(소형),현대자동차,포터Ⅱ 일렉트릭(23MY),1200,700.0,1900.0,2023년도 전기자동차 강릉시 모델별 보조금,2023,강릉시
화물(소형),현대자동차,포터Ⅱ 일렉트릭(24MY),1200,700.0,1900.0,2023년도 전기자동차 강릉시 모델별 보조금,2023,강릉시
화물(소형),기아,봉고 전기차,1200,700.0,1900.0,2023년도 전기자동차 강릉시 모델별 보조금,2023,강릉시
화물(소형),기아,봉고 전기차 냉동탑차,1400,700.0,2100.0,2023년도 전기자동차 강릉시 모델별 보조금,2023,강릉시
화물(소형),기아,봉고 전기차 저상형 냉동탑차,1400,700.0,2100.0,2023년도 전기자동차 강릉시 모델별 보조금,2023,강릉시
화물(소형),일진정공,일진무시동전기냉동탑차(149.9km),1053,614.0,1667.0,2023년도 전기자동차 강릉시 모델별 보조금,2023,강릉시
화물(소형),일진정공,일진무시동전기냉동탑차(186.1km),1321,700.0,2021.0,2023년도 전기자동차 강릉시 모델별 보조금,2023,강릉시
화물(소형),일진정공,일진무시동전기냉동탑차(봉고),1460,700.0,2160.0,2023년도 전기자동차 강릉시 모델별 보조금,2023,강릉시
화물(소형),일진정공,일진무시동전기냉동탑차(포터),1444,700.0,2144.0,2023년도 전기자동차 강릉시 모델별 보조금,2023,강릉시
화물(소형),루트17,다니고밴,784,457.0,1241.0,2023년도 전기자동차 강릉시 모델별 보조금,2023,강릉시
화물(소형),루트17,다니고C(0.8톤 전기트럭),1112,648.0,1760.0,2023년도 전기자동차 강릉시 모델별 보조금,2023,강릉시
화물(소형),루트17,다니고C2(0.8톤 전기트럭),909,530.0,1439.0,2023년도 전기자동차 강릉시 모델별 보조금,2023,강릉시
화물(소형),루트17,다니고R(전기냉동탑차),1313,700.0,2013.0,2023년도 전기자동차 강릉시 모델별 보조금,2023,강릉시
화물(소형),루트17,다니고R2(무시동 전기냉동탑차),1212,700.0,1912.0,2023년도 전기자동차 강릉시 모델별 보조금,2023,강릉시
화물(소형),한신자동차,플러스2.0,648,378.0,1026.0,2023년도 전기자동차 강릉시 모델별 보조금,2023,강릉시
화물(소형),비바모빌리티,(단종)비바,932,543.0,1475.0,2023년도 전기자동차 강릉시 모델별 보조금,2023,강릉시
화물(소형),비바모빌리티,(단종)브라보,802,467.0,1269.0,2023년도 전기자동차 강릉시 모델별 보조금,2023,강릉시
화물(소형),이브이케이엠씨,(단종)MASADA 2밴,1124,655.0,1779.0,2023년도 전기자동차 강릉시 모델별 보조금,2023,강릉시
화물(소형),이브이케이엠씨,(단종)MASADA 4밴,1025,597.0,1622.0,2023년도 전기자동차 강릉시 모델별 보조금,2023,강릉시
화물(소형),이브이케이엠씨,MASADA 픽업,1078,628.0,1706.0,2023년도 전기자동차 강릉시 모델별 보조금,2023,강릉시
화물(소형),이브이케이엠씨,MASADA 3세대 2밴,1124,655.0,1779.0,2023년도 전기자동차 강릉시 모델별 보조금,2023,강릉시
화물(소형),이브이케이엠씨,MASADA 3세대 4밴,1025,597.0,1622.0,2023년도 전기자동차 강릉시 모델별 보조금,2023,강릉시
화물(소형),이브이케이엠씨,MASADA 2밴,1200,700.0,1900.0,2023년도 전기자동차 강릉시 모델별 보조금,2023,강릉시
화물(소형),이브이케이엠씨,MASADA 4밴,1200,700.0,1900.0,2023년도 전기자동차 강릉시 모델별 보조금,2023,강릉시
화물(소형),이브이케이엠씨,EC35 2밴,850,495.0,1345.0,2023년도 전기자동차 강릉시 모델별 보조금,2023,강릉시
화물(소형),경인모터스,경인1톤전기냉동탑차,1151,671.0,1822.0,2023년도 전기자동차 강릉시 모델별 보조금,2023,강릉시
화물(소형),제이스모빌리티,(단종)이티밴,1200,700.0,1900.0,2023년도 전기자동차 강릉시 모델별 보조금,2023,강릉시
화물(소형),제이스모빌리티,이티밴,1200,700.0,1900.0,2023년도 전기자동차 강릉시 모델별 보조금,2023,강릉시
화물(소형),제이스모빌리티,이티4밴,1180,688.0,1868.0,2023년도 전기자동차 강릉시 모델별 보조금,2023,강릉시
화물(소형),오텍,오텍 무시동 전기 냉동탑차(봉고),1253,700.0,1953.0,2023년도 전기자동차 강릉시 모델별 보조금,2023,강릉시
화물(소형),이엔플러스,이엔1톤롱바디카고,959,559.0,1518.0,2023년도 전기자동차 강릉시 모델별 보조금,2023,강릉시
화물(소형),이엔플러스,이엔플러스EV1톤롱바디트럭,1009,588.0,1597.0,2023년도 전기자동차 강릉시 모델별 보조금,2023,강릉시
화물(소형),GS글로벌,T4K,1200,700.0,1900.0,2023년도 전기자동차 강릉시 모델별 보조금,2023,강릉시
화물(소형),에스에스라이트,젤라,986,575.0,1561.0,2023년도 전기자동차 강릉시 모델별 보조금,2023,강릉시
화물(소형),에스에스라이트,젤라 P200,1177,686.0,1863.0,2023년도 전기자동차 강릉시 모델별 보조금,2023,강릉시
화물(소형),한국쓰리축,한국쓰리축1톤롱바디EV트럭(봉고),943,550.0,1493.0,2023년도 전기자동차 강릉시 모델별 보조금,2023,강릉시
화물(소형),한국쓰리축,한국쓰리축1톤롱바디EV트럭(포터),963,561.0,1524.0,2023년도 전기자동차 강릉시 모델별 보조금,2023,강릉시
화물(소형),모빌리티네트웍스,SE-A2밴,1200,700.0,1900.0,2023년도 전기자동차 강릉시 모델별 보조금,2023,강릉시
화물(초소형),스마트솔루션즈,D2C,550,540.0,1090.0,2023년도 전기자동차 동해시 모델별 보조금,2023,동해시
화물(초소형),스마트솔루션즈,D2P,550,540.0,1090.0,2023년도 전기자동차 동해시 모델별 보조금,2023,동해시
화물(초소형),루트17,다니고3,550,540.0,1090.0,2023년도 전기자동차 동해시 모델별 보조금,2023,동해시
화물(초소형),루트17,다니고3 픽업,550,540.0,1090.0,2023년도 전기자동차 동해시 모델별 보조금,2023,동해시
화물(초소형),마스타전기차,MASTA VAN,550,540.0,1090.0,2023년도 전기자동차 동해시 모델별 보조금,2023,동해시
화물(초소형),마스타전기차,MASTA HIM,550,540.0,1090.0,2023년도 전기자동차 동해시 모델별 보조금,2023,동해시
화물(초소형),디피코,포트로-탑,550,540.0,1090.0,2023년도 전기자동차 동해시 모델별 보조금,2023,동해시
화물(초소형),디피코,포트로-픽업,550,540.0,1090.0,2023년도 전기자동차 동해시 모델별 보조금,2023,동해시
화물(초소형),디피코,포트로-탑S,550,540.0,1090.0,2023년도 전기자동차 동해시 모델별 보조금,2023,동해시
화물(초소형),디피코,포트로-픽업S,550,540.0,1090.0,2023년도 전기자동차 동해시 모델별 보조금,2023,동해시
화물(초소형),진우에스엠씨,포텐스,550,540.0,1090.0,2023년도 전기자동차 동해시 모델별 보조금,2023,동해시
화물(경형),파워프라자,라보ev PEACE,900,800.0,1700.0,2023년도 전기자동차 동해시 모델별 보조금,2023,동해시
화물(경형),디피코,포트로350L-탑,900,800.0,1700.0,2023년도 전기자동차 동해시 모델별 보조금,2023,동해시
화물(경형),디피코,포트로350L-픽업,900,800.0,1700.0,2023년도 전기자동차 동해시 모델별 보조금,2023,동해시
화물(소형),제인모터스,제인모터스칼마토EV1톤내장탑차,498,574.0,1072.0,2023년도 전기자동차 동해시 모델별 보조금,2023,동해시
화물(소형),파워프라자,봉고3ev PEACE,536,312.0,848.0,2023년도 전기자동차 동해시 모델별 보조금,2023,동해시
화물(소형),파워프라자,봉고3ev PEACE 더블캡,437,254.0,691.0,2023년도 전기자동차 동해시 모델별 보조금,2023,동해시
화물(소형),현대자동차,포터Ⅱ 일렉트릭(23MY),1200,700.0,1900.0,2023년도 전기자동차 동해시 모델별 보조금,2023,동해시
화물(소형),현대자동차,포터Ⅱ 일렉트릭(24MY),1200,700.0,1900.0,2023년도 전기자동차 동해시 모델별 보조금,2023,동해시
화물(소형),기아,봉고 전기차,1200,700.0,1900.0,2023년도 전기자동차 동해시 모델별 보조금,2023,동해시
화물(소형),기아,봉고 전기차 냉동탑차,1400,700.0,2100.0,2023년도 전기자동차 동해시 모델별 보조금,2023,동해시
화물(소형),기아,봉고 전기차 저상형 냉동탑차,1400,700.0,2100.0,2023년도 전기자동차 동해시 모델별 보조금,2023,동해시
화물(소형),일진정공,일진무시동전기냉동탑차(149.9km),1053,614.0,1667.0,2023년도 전기자동차 동해시 모델별 보조금,2023,동해시
화물(소형),일진정공,일진무시동전기냉동탑차(186.1km),1321,700.0,2021.0,2023년도 전기자동차 동해시 모델별 보조금,2023,동해시
화물(소형),일진정공,일진무시동전기냉동탑차(봉고),1460,700.0,2160.0,2023년도 전기자동차 동해시 모델별 보조금,2023,동해시
화물(소형),일진정공,일진무시동전기냉동탑차(포터),1444,700.0,2144.0,2023년도 전기자동차 동해시 모델별 보조금,2023,동해시
화물(소형),루트17,다니고밴,784,457.0,1241.0,2023년도 전기자동차 동해시 모델별 보조금,2023,동해시
화물(소형),루트17,다니고C(0.8톤 전기트럭),1112,648.0,1760.0,2023년도 전기자동차 동해시 모델별 보조금,2023,동해시
화물(소형),루트17,다니고C2(0.8톤 전기트럭),909,530.0,1439.0,2023년도 전기자동차 동해시 모델별 보조금,2023,동해시
화물(소형),루트17,다니고R(전기냉동탑차),1313,700.0,2013.0,2023년도 전기자동차 동해시 모델별 보조금,2023,동해시
화물(소형),루트17,다니고R2(무시동 전기냉동탑차),1212,700.0,1912.0,2023년도 전기자동차 동해시 모델별 보조금,2023,동해시
화물(소형),한신자동차,플러스2.0,648,378.0,1026.0,2023년도 전기자동차 동해시 모델별 보조금,2023,동해시
화물(소형),비바모빌리티,(단종)비바,932,543.0,1475.0,2023년도 전기자동차 동해시 모델별 보조금,2023,동해시
화물(소형),비바모빌리티,(단종)브라보,802,467.0,1269.0,2023년도 전기자동차 동해시 모델별 보조금,2023,동해시
화물(소형),이브이케이엠씨,(단종)MASADA 2밴,1124,655.0,1779.0,2023년도 전기자동차 동해시 모델별 보조금,2023,동해시
화물(소형),이브이케이엠씨,(단종)MASADA 4밴,1025,597.0,1622.0,2023년도 전기자동차 동해시 모델별 보조금,2023,동해시
화물(소형),이브이케이엠씨,MASADA 픽업,1078,628.0,1706.0,2023년도 전기자동차 동해시 모델별 보조금,2023,동해시
화물(소형),이브이케이엠씨,MASADA 3세대 2밴,1124,655.0,1779.0,2023년도 전기자동차 동해시 모델별 보조금,2023,동해시
화물(소형),이브이케이엠씨,MASADA 3세대 4밴,1025,597.0,1622.0,2023년도 전기자동차 동해시 모델별 보조금,2023,동해시
화물(소형),이브이케이엠씨,MASADA 2밴,1200,700.0,1900.0,2023년도 전기자동차 동해시 모델별 보조금,2023,동해시
화물(소형),경인모터스,경인1톤전기냉동탑차,1151,671.0,1822.0,2023년도 전기자동차 동해시 모델별 보조금,2023,동해시
화물(소형),제이스모빌리티,(단종)이티밴,1200,700.0,1900.0,2023년도 전기자동차 동해시 모델별 보조금,2023,동해시
화물(소형),제이스모빌리티,이티밴,1200,700.0,1900.0,2023년도 전기자동차 동해시 모델별 보조금,2023,동해시
화물(소형),제이스모빌리티,이티4밴,1180,688.0,1868.0,2023년도 전기자동차 동해시 모델별 보조금,2023,동해시
화물(소형),오텍,오텍 무시동 전기 냉동탑차(봉고),1253,700.0,1953.0,2023년도 전기자동차 동해시 모델별 보조금,2023,동해시
화물(소형),이엔플러스,이엔1톤롱바디카고,959,559.0,1518.0,2023년도 전기자동차 동해시 모델별 보조금,2023,동해시
화물(소형),이엔플러스,이엔플러스EV1톤롱바디트럭,1009,588.0,1597.0,2023년도 전기자동차 동해시 모델별 보조금,2023,동해시
화물(소형),GS글로벌,T4K,1200,700.0,1900.0,2023년도 전기자동차 동해시 모델별 보조금,2023,동해시
화물(소형),에스에스라이트,젤라,986,575.0,1561.0,2023년도 전기자동차 동해시 모델별 보조금,2023,동해시
화물(소형),에스에스라이트,젤라 P200,1177,686.0,1863.0,2023년도 전기자동차 동해시 모델별 보조금,2023,동해시
화물(소형),한국쓰리축,한국쓰리축1톤롱바디EV트럭(봉고),943,550.0,1493.0,2023년도 전기자동차 동해시 모델별 보조금,2023,동해시
화물(소형),한국쓰리축,한국쓰리축1톤롱바디EV트럭(포터),963,581.0,1544.0,2023년도 전기자동차 동해시 모델별 보조금,2023,동해시
화물(소형),모빌리티네트웍스,SE-A2밴,1200,700.0,1900.0,2023년도 전기자동차 동해시 모델별 보조금,2023,동해시
화물(초소형),스마트솔루션즈,D2C,550,540.0,1090.0,2023년도 전기자동차 태백시 모델별 보조금,2023,태백시
화물(초소형),스마트솔루션즈,D2P,550,540.0,1090.0,2023년도 전기자동차 태백시 모델별 보조금,2023,태백시
화물(초소형),루트17,다니고3,550,540.0,1090.0,2023년도 전기자동차 태백시 모델별 보조금,2023,태백시
화물(초소형),루트17,다니고3 픽업,550,540.0,1090.0,2023년도 전기자동차 태백시 모델별 보조금,2023,태백시
화물(초소형),마스타전기차,MASTA VAN,550,540.0,1090.0,2023년도 전기자동차 태백시 모델별 보조금,2023,태백시
화물(초소형),마스타전기차,MASTA HIM,550,540.0,1090.0,2023년도 전기자동차 태백시 모델별 보조금,2023,태백시
화물(초소형),디피코,포트로-탑,550,540.0,1090.0,2023년도 전기자동차 태백시 모델별 보조금,2023,태백시
화물(초소형),디피코,포트로-픽업,550,540.0,1090.0,2023년도 전기자동차 태백시 모델별 보조금,2023,태백시
화물(초소형),디피코,포트로-탑S,550,540.0,1090.0,2023년도 전기자동차 태백시 모델별 보조금,2023,태백시
화물(초소형),디피코,포트로-픽업S,550,540.0,1090.0,2023년도 전기자동차 태백시 모델별 보조금,2023,태백시
화물(초소형),진우에스엠씨,포텐스,550,540.0,1090.0,2023년도 전기자동차 태백시 모델별 보조금,2023,태백시
화물(경형),파워프라자,라보ev PEACE,900,800.0,1700.0,2023년도 전기자동차 태백시 모델별 보조금,2023,태백시
화물(경형),디피코,포트로350L-탑,900,800.0,1700.0,2023년도 전기자동차 태백시 모델별 보조금,2023,태백시
화물(경형),디피코,포트로350L-픽업,900,800.0,1700.0,2023년도 전기자동차 태백시 모델별 보조금,2023,태백시
화물(소형),제인모터스,제인모터스칼마토EV1톤내장탑차,498,290.0,788.0,2023년도 전기자동차 태백시 모델별 보조금,2023,태백시
화물(소형),파워프라자,봉고3ev PEACE,536,312.0,848.0,2023년도 전기자동차 태백시 모델별 보조금,2023,태백시
화물(소형),파워프라자,봉고3ev PEACE 더블캡,437,254.0,691.0,2023년도 전기자동차 태백시 모델별 보조금,2023,태백시
화물(소형),현대자동차,포터Ⅱ 일렉트릭(23MY),1200,700.0,1900.0,2023년도 전기자동차 태백시 모델별 보조금,2023,태백시
화물(소형),현대자동차,포터Ⅱ 일렉트릭(24MY),1200,700.0,1900.0,2023년도 전기자동차 태백시 모델별 보조금,2023,태백시
화물(소형),기아,봉고 전기차,1200,700.0,1900.0,2023년도 전기자동차 태백시 모델별 보조금,2023,태백시
화물(소형),기아,봉고 전기차 냉동탑차,1400,700.0,2100.0,2023년도 전기자동차 태백시 모델별 보조금,2023,태백시
화물(소형),기아,봉고 전기차 저상형 냉동탑차,1400,700.0,2100.0,2023년도 전기자동차 태백시 모델별 보조금,2023,태백시
화물(소형),일진정공,일진무시동전기냉동탑차(149.9km),1053,613.0,1666.0,2023년도 전기자동차 태백시 모델별 보조금,2023,태백시
화물(소형),일진정공,일진무시동전기냉동탑차(186.1km),1321,700.0,2021.0,2023년도 전기자동차 태백시 모델별 보조금,2023,태백시
화물(소형),일진정공,일진무시동전기냉동탑차(봉고),1460,700.0,2160.0,2023년도 전기자동차 태백시 모델별 보조금,2023,태백시
화물(소형),일진정공,일진무시동전기냉동탑차(포터),1444,700.0,2144.0,2023년도 전기자동차 태백시 모델별 보조금,2023,태백시
화물(소형),루트17,다니고밴,784,456.0,1240.0,2023년도 전기자동차 태백시 모델별 보조금,2023,태백시
화물(소형),루트17,다니고C(0.8톤 전기트럭),1112,648.0,1760.0,2023년도 전기자동차 태백시 모델별 보조금,2023,태백시
화물(소형),루트17,다니고C2(0.8톤 전기트럭),909,529.0,1438.0,2023년도 전기자동차 태백시 모델별 보조금,2023,태백시
화물(소형),루트17,다니고R(전기냉동탑차),1313,700.0,2013.0,2023년도 전기자동차 태백시 모델별 보조금,2023,태백시
화물(소형),루트17,다니고R2(무시동 전기냉동탑차),1212,698.0,1910.0,2023년도 전기자동차 태백시 모델별 보조금,2023,태백시
화물(소형),한신자동차,플러스2.0,648,378.0,1026.0,2023년도 전기자동차 태백시 모델별 보조금,2023,태백시
화물(소형),비바모빌리티,(단종)비바,932,543.0,1475.0,2023년도 전기자동차 태백시 모델별 보조금,2023,태백시
화물(소형),비바모빌리티,(단종)브라보,802,467.0,1269.0,2023년도 전기자동차 태백시 모델별 보조금,2023,태백시
화물(소형),이브이케이엠씨,(단종)MASADA 2밴,1124,655.0,1779.0,2023년도 전기자동차 태백시 모델별 보조금,2023,태백시
화물(소형),이브이케이엠씨,(단종)MASADA 4밴,1025,0.0,1025.0,2023년도 전기자동차 태백시 모델별 보조금,2023,태백시
화물(소형),이브이케이엠씨,MASADA 픽업,1078,628.0,1706.0,2023년도 전기자동차 태백시 모델별 보조금,2023,태백시
화물(소형),이브이케이엠씨,MASADA 3세대 2밴,1124,655.0,1779.0,2023년도 전기자동차 태백시 모델별 보조금,2023,태백시
화물(소형),이브이케이엠씨,MASADA 3세대 4밴,1025,597.0,1622.0,2023년도 전기자동차 태백시 모델별 보조금,2023,태백시
화물(소형),이브이케이엠씨,MASADA 2밴,1200,700.0,1900.0,2023년도 전기자동차 태백시 모델별 보조금,2023,태백시
화물(소형),이브이케이엠씨,MASADA 4밴,1200,597.0,1797.0,2023년도 전기자동차 태백시 모델별 보조금,2023,태백시
화물(소형),경인모터스,경인1톤전기냉동탑차,1151,670.0,1821.0,2023년도 전기자동차 태백시 모델별 보조금,2023,태백시
화물(소형),제이스모빌리티,(단종)이티밴,1200,700.0,1900.0,2023년도 전기자동차 태백시 모델별 보조금,2023,태백시
화물(소형),제이스모빌리티,이티밴,1200,700.0,1900.0,2023년도 전기자동차 태백시 모델별 보조금,2023,태백시
화물(소형),제이스모빌리티,이티4밴,1180,687.0,1867.0,2023년도 전기자동차 태백시 모델별 보조금,2023,태백시
화물(소형),오텍,오텍 무시동 전기 냉동탑차(봉고),1253,700.0,1953.0,2023년도 전기자동차 태백시 모델별 보조금,2023,태백시
화물(소형),이엔플러스,이엔1톤롱바디카고,959,558.0,1517.0,2023년도 전기자동차 태백시 모델별 보조금,2023,태백시
화물(소형),이엔플러스,이엔플러스EV1톤롱바디트럭,1009,588.0,1597.0,2023년도 전기자동차 태백시 모델별 보조금,2023,태백시
화물(소형),GS글로벌,T4K,1200,700.0,1900.0,2023년도 전기자동차 태백시 모델별 보조금,2023,태백시
화물(소형),에스에스라이트,젤라,986,575.0,1561.0,2023년도 전기자동차 태백시 모델별 보조금,2023,태백시
화물(소형),에스에스라이트,젤라 P200,1177,686.0,1863.0,2023년도 전기자동차 태백시 모델별 보조금,2023,태백시
화물(소형),한국쓰리축,한국쓰리축1톤롱바디EV트럭(봉고),943,549.0,1492.0,2023년도 전기자동차 태백시 모델별 보조금,2023,태백시
화물(소형),한국쓰리축,한국쓰리축1톤롱바디EV트럭(포터),963,561.0,1524.0,2023년도 전기자동차 태백시 모델별 보조금,2023,태백시
화물(소형),모빌리티네트웍스,SE-A2밴,1200,700.0,1900.0,2023년도 전기자동차 태백시 모델별 보조금,2023,태백시
화물(초소형),스마트솔루션즈,D2C,550,540.0,1090.0,2023년도 전기자동차 속초시 모델별 보조금,2023,속초시
화물(초소형),스마트솔루션즈,D2P,550,540.0,1090.0,2023년도 전기자동차 속초시 모델별 보조금,2023,속초시
화물(초소형),루트17,다니고3,550,540.0,1090.0,2023년도 전기자동차 속초시 모델별 보조금,2023,속초시
화물(초소형),루트17,다니고3 픽업,550,540.0,1090.0,2023년도 전기자동차 속초시 모델별 보조금,2023,속초시
화물(초소형),마스타전기차,MASTA VAN,550,540.0,1090.0,2023년도 전기자동차 속초시 모델별 보조금,2023,속초시
화물(초소형),마스타전기차,MASTA HIM,550,540.0,1090.0,2023년도 전기자동차 속초시 모델별 보조금,2023,속초시
화물(초소형),디피코,포트로-탑,550,540.0,1090.0,2023년도 전기자동차 속초시 모델별 보조금,2023,속초시
화물(초소형),디피코,포트로-픽업,550,540.0,1090.0,2023년도 전기자동차 속초시 모델별 보조금,2023,속초시
화물(초소형),디피코,포트로-탑S,550,540.0,1090.0,2023년도 전기자동차 속초시 모델별 보조금,2023,속초시
화물(초소형),디피코,포트로-픽업S,550,540.0,1090.0,2023년도 전기자동차 속초시 모델별 보조금,2023,속초시
화물(초소형),진우에스엠씨,포텐스,550,540.0,1090.0,2023년도 전기자동차 속초시 모델별 보조금,2023,속초시
화물(경형),파워프라자,라보ev PEACE,900,800.0,1700.0,2023년도 전기자동차 속초시 모델별 보조금,2023,속초시
화물(경형),디피코,포트로350L-탑,900,800.0,1700.0,2023년도 전기자동차 속초시 모델별 보조금,2023,속초시
화물(경형),디피코,포트로350L-픽업,900,800.0,1700.0,2023년도 전기자동차 속초시 모델별 보조금,2023,속초시
화물(소형),제인모터스,제인모터스칼마토EV1톤내장탑차,498,290.0,788.0,2023년도 전기자동차 속초시 모델별 보조금,2023,속초시
화물(소형),파워프라자,봉고3ev PEACE,536,312.0,848.0,2023년도 전기자동차 속초시 모델별 보조금,2023,속초시
화물(소형),파워프라자,봉고3ev PEACE 더블캡,437,254.0,691.0,2023년도 전기자동차 속초시 모델별 보조금,2023,속초시
화물(소형),현대자동차,포터Ⅱ 일렉트릭(23MY),1200,700.0,1900.0,2023년도 전기자동차 속초시 모델별 보조금,2023,속초시
화물(소형),현대자동차,포터Ⅱ 일렉트릭(24MY),1200,700.0,1900.0,2023년도 전기자동차 속초시 모델별 보조금,2023,속초시
화물(소형),기아,봉고 전기차,1200,700.0,1900.0,2023년도 전기자동차 속초시 모델별 보조금,2023,속초시
화물(소형),기아,봉고 전기차 냉동탑차,1400,700.0,2100.0,2023년도 전기자동차 속초시 모델별 보조금,2023,속초시
화물(소형),기아,봉고 전기차 저상형 냉동탑차,1400,700.0,2100.0,2023년도 전기자동차 속초시 모델별 보조금,2023,속초시
화물(소형),일진정공,일진무시동전기냉동탑차(149.9km),1053,614.0,1667.0,2023년도 전기자동차 속초시 모델별 보조금,2023,속초시
화물(소형),일진정공,일진무시동전기냉동탑차(186.1km),1321,700.0,2021.0,2023년도 전기자동차 속초시 모델별 보조금,2023,속초시
화물(소형),일진정공,일진무시동전기냉동탑차(봉고),1460,700.0,2160.0,2023년도 전기자동차 속초시 모델별 보조금,2023,속초시
화물(소형),일진정공,일진무시동전기냉동탑차(포터),1444,700.0,2144.0,2023년도 전기자동차 속초시 모델별 보조금,2023,속초시
화물(소형),루트17,다니고밴,784,457.0,1241.0,2023년도 전기자동차 속초시 모델별 보조금,2023,속초시
화물(소형),루트17,다니고C(0.8톤 전기트럭),1112,648.0,1760.0,2023년도 전기자동차 속초시 모델별 보조금,2023,속초시
화물(소형),루트17,다니고C2(0.8톤 전기트럭),909,530.0,1439.0,2023년도 전기자동차 속초시 모델별 보조금,2023,속초시
화물(소형),루트17,다니고R(전기냉동탑차),1313,700.0,2013.0,2023년도 전기자동차 속초시 모델별 보조금,2023,속초시
화물(소형),루트17,다니고R2(무시동 전기냉동탑차),1212,700.0,1912.0,2023년도 전기자동차 속초시 모델별 보조금,2023,속초시
화물(소형),한신자동차,플러스2.0,648,378.0,1026.0,2023년도 전기자동차 속초시 모델별 보조금,2023,속초시
화물(소형),비바모빌리티,(단종)비바,932,543.0,1475.0,2023년도 전기자동차 속초시 모델별 보조금,2023,속초시
화물(소형),비바모빌리티,(단종)브라보,802,467.0,1269.0,2023년도 전기자동차 속초시 모델별 보조금,2023,속초시
화물(소형),이브이케이엠씨,(단종)MASADA 2밴,1124,655.0,1779.0,2023년도 전기자동차 속초시 모델별 보조금,2023,속초시
화물(소형),이브이케이엠씨,(단종)MASADA 4밴,1025,597.0,1622.0,2023년도 전기자동차 속초시 모델별 보조금,2023,속초시
화물(소형),이브이케이엠씨,MASADA 픽업,1078,628.0,1706.0,2023년도 전기자동차 속초시 모델별 보조금,2023,속초시
화물(소형),이브이케이엠씨,MASADA 3세대 2밴,1124,655.0,1779.0,2023년도 전기자동차 속초시 모델별 보조금,2023,속초시
화물(소형),이브이케이엠씨,MASADA 3세대 4밴,1025,597.0,1622.0,2023년도 전기자동차 속초시 모델별 보조금,2023,속초시
화물(소형),이브이케이엠씨,MASADA 2밴,1200,0.0,1200.0,2023년도 전기자동차 속초시 모델별 보조금,2023,속초시
화물(소형),경인모터스,경인1톤전기냉동탑차,1151,671.0,1822.0,2023년도 전기자동차 속초시 모델별 보조금,2023,속초시
화물(소형),제이스모빌리티,(단종)이티밴,1200,700.0,1900.0,2023년도 전기자동차 속초시 모델별 보조금,2023,속초시
화물(소형),제이스모빌리티,이티밴,1200,700.0,1900.0,2023년도 전기자동차 속초시 모델별 보조금,2023,속초시
화물(소형),제이스모빌리티,이티4밴,1180,688.0,1868.0,2023년도 전기자동차 속초시 모델별 보조금,2023,속초시
화물(소형),오텍,오텍 무시동 전기 냉동탑차(봉고),1253,700.0,1953.0,2023년도 전기자동차 속초시 모델별 보조금,2023,속초시
화물(소형),이엔플러스,이엔1톤롱바디카고,959,559.0,1518.0,2023년도 전기자동차 속초시 모델별 보조금,2023,속초시
화물(소형),이엔플러스,이엔플러스EV1톤롱바디트럭,1009,588.0,1597.0,2023년도 전기자동차 속초시 모델별 보조금,2023,속초시
화물(소형),GS글로벌,T4K,1200,700.0,1900.0,2023년도 전기자동차 속초시 모델별 보조금,2023,속초시
화물(소형),에스에스라이트,젤라,986,575.0,1561.0,2023년도 전기자동차 속초시 모델별 보조금,2023,속초시
화물(소형),에스에스라이트,젤라 P200,1177,686.0,1863.0,2023년도 전기자동차 속초시 모델별 보조금,2023,속초시
화물(소형),한국쓰리축,한국쓰리축1톤롱바디EV트럭(봉고),943,550.0,1493.0,2023년도 전기자동차 속초시 모델별 보조금,2023,속초시
화물(소형),한국쓰리축,한국쓰리축1톤롱바디EV트럭(포터),963,561.0,1524.0,2023년도 전기자동차 속초시 모델별 보조금,2023,속초시
화물(소형),모빌리티네트웍스,SE-A2밴,1200,700.0,1900.0,2023년도 전기자동차 속초시 모델별 보조금,2023,속초시
화물(초소형),스마트솔루션즈,D2C,550,540.0,1090.0,2023년도 전기자동차 삼척시 모델별 보조금,2023,삼척시
화물(초소형),스마트솔루션즈,D2P,550,540.0,1090.0,2023년도 전기자동차 삼척시 모델별 보조금,2023,삼척시
화물(초소형),루트17,다니고3,550,540.0,1090.0,2023년도 전기자동차 삼척시 모델별 보조금,2023,삼척시
화물(초소형),루트17,다니고3 픽업,550,540.0,1090.0,2023년도 전기자동차 삼척시 모델별 보조금,2023,삼척시
화물(초소형),마스타전기차,MASTA VAN,550,540.0,1090.0,2023년도 전기자동차 삼척시 모델별 보조금,2023,삼척시
화물(초소형),마스타전기차,MASTA HIM,550,540.0,1090.0,2023년도 전기자동차 삼척시 모델별 보조금,2023,삼척시
화물(초소형),디피코,포트로-탑,550,540.0,1090.0,2023년도 전기자동차 삼척시 모델별 보조금,2023,삼척시
화물(초소형),디피코,포트로-픽업,550,540.0,1090.0,2023년도 전기자동차 삼척시 모델별 보조금,2023,삼척시
화물(초소형),디피코,포트로-탑S,550,540.0,1090.0,2023년도 전기자동차 삼척시 모델별 보조금,2023,삼척시
화물(초소형),디피코,포트로-픽업S,550,540.0,1090.0,2023년도 전기자동차 삼척시 모델별 보조금,2023,삼척시
화물(초소형),진우에스엠씨,포텐스,550,540.0,1090.0,2023년도 전기자동차 삼척시 모델별 보조금,2023,삼척시
화물(경형),파워프라자,라보ev PEACE,900,800.0,1700.0,2023년도 전기자동차 삼척시 모델별 보조금,2023,삼척시
화물(경형),디피코,포트로350L-탑,900,800.0,1700.0,2023년도 전기자동차 삼척시 모델별 보조금,2023,삼척시
화물(경형),디피코,포트로350L-픽업,900,0.0,900.0,2023년도 전기자동차 삼척시 모델별 보조금,2023,삼척시
화물(소형),제인모터스,제인모터스칼마토EV1톤내장탑차,498,290.0,788.0,2023년도 전기자동차 삼척시 모델별 보조금,2023,삼척시
화물(소형),파워프라자,봉고3ev PEACE,536,312.0,848.0,2023년도 전기자동차 삼척시 모델별 보조금,2023,삼척시
화물(소형),파워프라자,봉고3ev PEACE 더블캡,437,254.0,691.0,2023년도 전기자동차 삼척시 모델별 보조금,2023,삼척시
화물(소형),현대자동차,포터Ⅱ 일렉트릭(23MY),1200,700.0,1900.0,2023년도 전기자동차 삼척시 모델별 보조금,2023,삼척시
화물(소형),현대자동차,포터Ⅱ 일렉트릭(24MY),1200,700.0,1900.0,2023년도 전기자동차 삼척시 모델별 보조금,2023,삼척시
화물(소형),기아,봉고 전기차,1200,700.0,1900.0,2023년도 전기자동차 삼척시 모델별 보조금,2023,삼척시
화물(소형),기아,봉고 전기차 냉동탑차,1400,700.0,2100.0,2023년도 전기자동차 삼척시 모델별 보조금,2023,삼척시
화물(소형),기아,봉고 전기차 저상형 냉동탑차,1400,700.0,2100.0,2023년도 전기자동차 삼척시 모델별 보조금,2023,삼척시
화물(소형),일진정공,일진무시동전기냉동탑차(149.9km),1053,614.0,1667.0,2023년도 전기자동차 삼척시 모델별 보조금,2023,삼척시
화물(소형),일진정공,일진무시동전기냉동탑차(186.1km),1321,700.0,2021.0,2023년도 전기자동차 삼척시 모델별 보조금,2023,삼척시
화물(소형),일진정공,일진무시동전기냉동탑차(봉고),1460,700.0,2160.0,2023년도 전기자동차 삼척시 모델별 보조금,2023,삼척시
화물(소형),일진정공,일진무시동전기냉동탑차(포터),1444,700.0,2144.0,2023년도 전기자동차 삼척시 모델별 보조금,2023,삼척시
화물(소형),루트17,다니고밴,784,457.0,1241.0,2023년도 전기자동차 삼척시 모델별 보조금,2023,삼척시
화물(소형),루트17,다니고C(0.8톤 전기트럭),1112,648.0,1760.0,2023년도 전기자동차 삼척시 모델별 보조금,2023,삼척시
화물(소형),루트17,다니고C2(0.8톤 전기트럭),909,530.0,1439.0,2023년도 전기자동차 삼척시 모델별 보조금,2023,삼척시
화물(소형),루트17,다니고R(전기냉동탑차),1313,700.0,2013.0,2023년도 전기자동차 삼척시 모델별 보조금,2023,삼척시
화물(소형),루트17,다니고R2(무시동 전기냉동탑차),1212,700.0,1912.0,2023년도 전기자동차 삼척시 모델별 보조금,2023,삼척시
화물(소형),한신자동차,플러스2.0,648,378.0,1026.0,2023년도 전기자동차 삼척시 모델별 보조금,2023,삼척시
화물(소형),비바모빌리티,(단종)비바,932,543.0,1475.0,2023년도 전기자동차 삼척시 모델별 보조금,2023,삼척시
화물(소형),비바모빌리티,(단종)브라보,802,467.0,1269.0,2023년도 전기자동차 삼척시 모델별 보조금,2023,삼척시
화물(소형),이브이케이엠씨,(단종)MASADA 2밴,1124,655.0,1779.0,2023년도 전기자동차 삼척시 모델별 보조금,2023,삼척시
화물(소형),이브이케이엠씨,(단종)MASADA 4밴,1025,597.0,1622.0,2023년도 전기자동차 삼척시 모델별 보조금,2023,삼척시
화물(소형),이브이케이엠씨,MASADA 픽업,1078,628.0,1706.0,2023년도 전기자동차 삼척시 모델별 보조금,2023,삼척시
화물(소형),이브이케이엠씨,MASADA 3세대 2밴,1124,655.0,1779.0,2023년도 전기자동차 삼척시 모델별 보조금,2023,삼척시
화물(소형),이브이케이엠씨,MASADA 3세대 4밴,1025,597.0,1622.0,2023년도 전기자동차 삼척시 모델별 보조금,2023,삼척시
화물(소형),이브이케이엠씨,MASADA 2밴,1200,700.0,1900.0,2023년도 전기자동차 삼척시 모델별 보조금,2023,삼척시
화물(소형),이브이케이엠씨,MASADA 4밴,1200,700.0,1900.0,2023년도 전기자동차 삼척시 모델별 보조금,2023,삼척시
화물(소형),경인모터스,경인1톤전기냉동탑차,1151,671.0,1822.0,2023년도 전기자동차 삼척시 모델별 보조금,2023,삼척시
화물(소형),제이스모빌리티,(단종)이티밴,1200,700.0,1900.0,2023년도 전기자동차 삼척시 모델별 보조금,2023,삼척시
화물(소형),제이스모빌리티,이티밴,1200,700.0,1900.0,2023년도 전기자동차 삼척시 모델별 보조금,2023,삼척시
화물(소형),제이스모빌리티,이티4밴,1180,688.0,1868.0,2023년도 전기자동차 삼척시 모델별 보조금,2023,삼척시
화물(소형),오텍,오텍 무시동 전기 냉동탑차(봉고),1253,700.0,1953.0,2023년도 전기자동차 삼척시 모델별 보조금,2023,삼척시
화물(소형),이엔플러스,이엔1톤롱바디카고,959,559.0,1518.0,2023년도 전기자동차 삼척시 모델별 보조금,2023,삼척시
화물(소형),이엔플러스,이엔플러스EV1톤롱바디트럭,1009,588.0,1597.0,2023년도 전기자동차 삼척시 모델별 보조금,2023,삼척시
화물(소형),GS글로벌,T4K,1200,700.0,1900.0,2023년도 전기자동차 삼척시 모델별 보조금,2023,삼척시
화물(소형),에스에스라이트,젤라,986,575.0,1561.0,2023년도 전기자동차 삼척시 모델별 보조금,2023,삼척시
화물(소형),에스에스라이트,젤라 P200,1177,686.0,1863.0,2023년도 전기자동차 삼척시 모델별 보조금,2023,삼척시
화물(소형),한국쓰리축,한국쓰리축1톤롱바디EV트럭(봉고),943,550.0,1493.0,2023년도 전기자동차 삼척시 모델별 보조금,2023,삼척시
화물(소형),한국쓰리축,한국쓰리축1톤롱바디EV트럭(포터),963,561.0,1524.0,2023년도 전기자동차 삼척시 모델별 보조금,2023,삼척시
화물(소형),모빌리티네트웍스,SE-A2밴,1200,700.0,1900.0,2023년도 전기자동차 삼척시 모델별 보조금,2023,삼척시
화물(초소형),스마트솔루션즈,D2C,550,540.0,1090.0,2023년도 전기자동차 홍천군 모델별 보조금,2023,홍천군
화물(초소형),스마트솔루션즈,D2P,550,540.0,1090.0,2023년도 전기자동차 홍천군 모델별 보조금,2023,홍천군
화물(초소형),루트17,다니고3,550,540.0,1090.0,2023년도 전기자동차 홍천군 모델별 보조금,2023,홍천군
화물(초소형),루트17,다니고3 픽업,550,540.0,1090.0,2023년도 전기자동차 홍천군 모델별 보조금,2023,홍천군
화물(초소형),마스타전기차,MASTA VAN,550,540.0,1090.0,2023년도 전기자동차 홍천군 모델별 보조금,2023,홍천군
화물(초소형),마스타전기차,MASTA HIM,550,540.0,1090.0,2023년도 전기자동차 홍천군 모델별 보조금,2023,홍천군
화물(초소형),디피코,포트로-탑,550,540.0,1090.0,2023년도 전기자동차 홍천군 모델별 보조금,2023,홍천군
화물(초소형),디피코,포트로-픽업,550,540.0,1090.0,2023년도 전기자동차 홍천군 모델별 보조금,2023,홍천군
화물(초소형),디피코,포트로-탑S,550,540.0,1090.0,2023년도 전기자동차 홍천군 모델별 보조금,2023,홍천군
화물(초소형),디피코,포트로-픽업S,550,540.0,1090.0,2023년도 전기자동차 홍천군 모델별 보조금,2023,홍천군
화물(초소형),진우에스엠씨,포텐스,550,540.0,1090.0,2023년도 전기자동차 홍천군 모델별 보조금,2023,홍천군
화물(경형),파워프라자,라보ev PEACE,900,800.0,1700.0,2023년도 전기자동차 홍천군 모델별 보조금,2023,홍천군
화물(경형),디피코,포트로350L-탑,900,800.0,1700.0,2023년도 전기자동차 홍천군 모델별 보조금,2023,홍천군
화물(경형),디피코,포트로350L-픽업,900,800.0,1700.0,2023년도 전기자동차 홍천군 모델별 보조금,2023,홍천군
화물(소형),제인모터스,제인모터스칼마토EV1톤내장탑차,498,290.0,788.0,2023년도 전기자동차 홍천군 모델별 보조금,2023,홍천군
화물(소형),파워프라자,봉고3ev PEACE,536,312.0,848.0,2023년도 전기자동차 홍천군 모델별 보조금,2023,홍천군
화물(소형),파워프라자,봉고3ev PEACE 더블캡,437,254.0,691.0,2023년도 전기자동차 홍천군 모델별 보조금,2023,홍천군
화물(소형),현대자동차,포터Ⅱ 일렉트릭(23MY),1200,700.0,1900.0,2023년도 전기자동차 홍천군 모델별 보조금,2023,홍천군
화물(소형),현대자동차,포터Ⅱ 일렉트릭(24MY),1200,700.0,1900.0,2023년도 전기자동차 홍천군 모델별 보조금,2023,홍천군
화물(소형),기아,봉고 전기차,1200,700.0,1900.0,2023년도 전기자동차 홍천군 모델별 보조금,2023,홍천군
화물(소형),기아,봉고 전기차 냉동탑차,1400,700.0,2100.0,2023년도 전기자동차 홍천군 모델별 보조금,2023,홍천군
화물(소형),기아,봉고 전기차 저상형 냉동탑차,1400,700.0,2100.0,2023년도 전기자동차 홍천군 모델별 보조금,2023,홍천군
화물(소형),일진정공,일진무시동전기냉동탑차(149.9km),1053,614.0,1667.0,2023년도 전기자동차 홍천군 모델별 보조금,2023,홍천군
화물(소형),일진정공,일진무시동전기냉동탑차(186.1km),1321,700.0,2021.0,2023년도 전기자동차 홍천군 모델별 보조금,2023,홍천군
화물(소형),일진정공,일진무시동전기냉동탑차(봉고),1460,700.0,2160.0,2023년도 전기자동차 홍천군 모델별 보조금,2023,홍천군
화물(소형),일진정공,일진무시동전기냉동탑차(포터),1444,700.0,2144.0,2023년도 전기자동차 홍천군 모델별 보조금,2023,홍천군
화물(소형),루트17,다니고밴,784,457.0,1241.0,2023년도 전기자동차 홍천군 모델별 보조금,2023,홍천군
화물(소형),루트17,다니고C(0.8톤 전기트럭),1112,648.0,1760.0,2023년도 전기자동차 홍천군 모델별 보조금,2023,홍천군
화물(소형),루트17,다니고C2(0.8톤 전기트럭),909,530.0,1439.0,2023년도 전기자동차 홍천군 모델별 보조금,2023,홍천군
화물(소형),루트17,다니고R(전기냉동탑차),1313,700.0,2013.0,2023년도 전기자동차 홍천군 모델별 보조금,2023,홍천군
화물(소형),루트17,다니고R2(무시동 전기냉동탑차),1212,700.0,1912.0,2023년도 전기자동차 홍천군 모델별 보조금,2023,홍천군
화물(소형),한신자동차,플러스2.0,648,378.0,1026.0,2023년도 전기자동차 홍천군 모델별 보조금,2023,홍천군
화물(소형),비바모빌리티,(단종)비바,932,543.0,1475.0,2023년도 전기자동차 홍천군 모델별 보조금,2023,홍천군
화물(소형),비바모빌리티,(단종)브라보,802,467.0,1269.0,2023년도 전기자동차 홍천군 모델별 보조금,2023,홍천군
화물(소형),이브이케이엠씨,(단종)MASADA 2밴,1124,655.0,1779.0,2023년도 전기자동차 홍천군 모델별 보조금,2023,홍천군
화물(소형),이브이케이엠씨,(단종)MASADA 4밴,1025,597.0,1622.0,2023년도 전기자동차 홍천군 모델별 보조금,2023,홍천군
화물(소형),이브이케이엠씨,MASADA 픽업,1078,628.0,1706.0,2023년도 전기자동차 홍천군 모델별 보조금,2023,홍천군
화물(소형),이브이케이엠씨,MASADA 3세대 2밴,1124,655.0,1779.0,2023년도 전기자동차 홍천군 모델별 보조금,2023,홍천군
화물(소형),이브이케이엠씨,MASADA 3세대 4밴,1025,597.0,1622.0,2023년도 전기자동차 홍천군 모델별 보조금,2023,홍천군
화물(소형),이브이케이엠씨,MASADA 2밴,1200,700.0,1900.0,2023년도 전기자동차 홍천군 모델별 보조금,2023,홍천군
화물(소형),경인모터스,경인1톤전기냉동탑차,1151,671.0,1822.0,2023년도 전기자동차 홍천군 모델별 보조금,2023,홍천군
화물(소형),제이스모빌리티,(단종)이티밴,1200,700.0,1900.0,2023년도 전기자동차 홍천군 모델별 보조금,2023,홍천군
화물(소형),제이스모빌리티,이티밴,1200,700.0,1900.0,2023년도 전기자동차 홍천군 모델별 보조금,2023,홍천군
화물(소형),제이스모빌리티,이티4밴,1180,688.0,1868.0,2023년도 전기자동차 홍천군 모델별 보조금,2023,홍천군
화물(소형),오텍,오텍 무시동 전기 냉동탑차(봉고),1253,700.0,1953.0,2023년도 전기자동차 홍천군 모델별 보조금,2023,홍천군
화물(소형),이엔플러스,이엔1톤롱바디카고,959,559.0,1518.0,2023년도 전기자동차 홍천군 모델별 보조금,2023,홍천군
화물(소형),이엔플러스,이엔플러스EV1톤롱바디트럭,1009,588.0,1597.0,2023년도 전기자동차 홍천군 모델별 보조금,2023,홍천군
화물(소형),GS글로벌,T4K,1200,700.0,1900.0,2023년도 전기자동차 홍천군 모델별 보조금,2023,홍천군
화물(소형),에스에스라이트,젤라,986,575.0,1561.0,2023년도 전기자동차 홍천군 모델별 보조금,2023,홍천군
화물(소형),에스에스라이트,젤라 P200,1177,686.0,1863.0,2023년도 전기자동차 홍천군 모델별 보조금,2023,홍천군
화물(소형),한국쓰리축,한국쓰리축1톤롱바디EV트럭(봉고),943,550.0,1493.0,2023년도 전기자동차 홍천군 모델별 보조금,2023,홍천군
화물(소형),한국쓰리축,한국쓰리축1톤롱바디EV트럭(포터),963,561.0,1524.0,2023년도 전기자동차 홍천군 모델별 보조금,2023,홍천군
화물(소형),모빌리티네트웍스,SE-A2밴,1200,700.0,1900.0,2023년도 전기자동차 홍천군 모델별 보조금,2023,홍천군
화물(초소형),스마트솔루션즈,D2C,550,540.0,1090.0,2023년도 전기자동차 횡성군 모델별 보조금,2023,횡성군
화물(초소형),스마트솔루션즈,D2P,550,540.0,1090.0,2023년도 전기자동차 횡성군 모델별 보조금,2023,횡성군
화물(초소형),루트17,다니고3,550,540.0,1090.0,2023년도 전기자동차 횡성군 모델별 보조금,2023,횡성군
화물(초소형),루트17,다니고3 픽업,550,540.0,1090.0,2023년도 전기자동차 횡성군 모델별 보조금,2023,횡성군
화물(초소형),마스타전기차,MASTA VAN,550,540.0,1090.0,2023년도 전기자동차 횡성군 모델별 보조금,2023,횡성군
화물(초소형),마스타전기차,MASTA HIM,550,540.0,1090.0,2023년도 전기자동차 횡성군 모델별 보조금,2023,횡성군
화물(초소형),디피코,포트로-탑,550,540.0,1090.0,2023년도 전기자동차 횡성군 모델별 보조금,2023,횡성군
화물(초소형),디피코,포트로-픽업,550,540.0,1090.0,2023년도 전기자동차 횡성군 모델별 보조금,2023,횡성군
화물(초소형),디피코,포트로-탑S,550,540.0,1090.0,2023년도 전기자동차 횡성군 모델별 보조금,2023,횡성군
화물(초소형),디피코,포트로-픽업S,550,540.0,1090.0,2023년도 전기자동차 횡성군 모델별 보조금,2023,횡성군
화물(초소형),진우에스엠씨,포텐스,550,540.0,1090.0,2023년도 전기자동차 횡성군 모델별 보조금,2023,횡성군
화물(경형),파워프라자,라보ev PEACE,900,800.0,1700.0,2023년도 전기자동차 횡성군 모델별 보조금,2023,횡성군
화물(경형),디피코,포트로350L-탑,900,800.0,1700.0,2023년도 전기자동차 횡성군 모델별 보조금,2023,횡성군
화물(경형),디피코,포트로350L-픽업,900,800.0,1700.0,2023년도 전기자동차 횡성군 모델별 보조금,2023,횡성군
화물(소형),제인모터스,제인모터스칼마토EV1톤내장탑차,498,290.0,788.0,2023년도 전기자동차 횡성군 모델별 보조금,2023,횡성군
화물(소형),파워프라자,봉고3ev PEACE,536,312.0,848.0,2023년도 전기자동차 횡성군 모델별 보조금,2023,횡성군
화물(소형),파워프라자,봉고3ev PEACE 더블캡,437,254.0,691.0,2023년도 전기자동차 횡성군 모델별 보조금,2023,횡성군
화물(소형),현대자동차,포터Ⅱ 일렉트릭(23MY),1200,700.0,1900.0,2023년도 전기자동차 횡성군 모델별 보조금,2023,횡성군
화물(소형),현대자동차,포터Ⅱ 일렉트릭(24MY),1200,700.0,1900.0,2023년도 전기자동차 횡성군 모델별 보조금,2023,횡성군
화물(소형),기아,봉고 전기차,1200,700.0,1900.0,2023년도 전기자동차 횡성군 모델별 보조금,2023,횡성군
화물(소형),기아,봉고 전기차 냉동탑차,1400,700.0,2100.0,2023년도 전기자동차 횡성군 모델별 보조금,2023,횡성군
화물(소형),기아,봉고 전기차 저상형 냉동탑차,1400,700.0,2100.0,2023년도 전기자동차 횡성군 모델별 보조금,2023,횡성군
화물(소형),일진정공,일진무시동전기냉동탑차(149.9km),1053,614.0,1667.0,2023년도 전기자동차 횡성군 모델별 보조금,2023,횡성군
화물(소형),일진정공,일진무시동전기냉동탑차(186.1km),1321,700.0,2021.0,2023년도 전기자동차 횡성군 모델별 보조금,2023,횡성군
화물(소형),일진정공,일진무시동전기냉동탑차(봉고),1460,700.0,2160.0,2023년도 전기자동차 횡성군 모델별 보조금,2023,횡성군
화물(소형),일진정공,일진무시동전기냉동탑차(포터),1444,700.0,2144.0,2023년도 전기자동차 횡성군 모델별 보조금,2023,횡성군
화물(소형),루트17,다니고밴,784,457.0,1241.0,2023년도 전기자동차 횡성군 모델별 보조금,2023,횡성군
화물(소형),루트17,다니고C(0.8톤 전기트럭),1112,648.0,1760.0,2023년도 전기자동차 횡성군 모델별 보조금,2023,횡성군
화물(소형),루트17,다니고C2(0.8톤 전기트럭),909,530.0,1439.0,2023년도 전기자동차 횡성군 모델별 보조금,2023,횡성군
화물(소형),루트17,다니고R(전기냉동탑차),1313,700.0,2013.0,2023년도 전기자동차 횡성군 모델별 보조금,2023,횡성군
화물(소형),루트17,다니고R2(무시동 전기냉동탑차),1212,700.0,1912.0,2023년도 전기자동차 횡성군 모델별 보조금,2023,횡성군
화물(소형),한신자동차,플러스2.0,648,378.0,1026.0,2023년도 전기자동차 횡성군 모델별 보조금,2023,횡성군
화물(소형),비바모빌리티,(단종)비바,932,543.0,1475.0,2023년도 전기자동차 횡성군 모델별 보조금,2023,횡성군
화물(소형),비바모빌리티,(단종)브라보,802,467.0,1269.0,2023년도 전기자동차 횡성군 모델별 보조금,2023,횡성군
화물(소형),이브이케이엠씨,(단종)MASADA 2밴,1124,655.0,1779.0,2023년도 전기자동차 횡성군 모델별 보조금,2023,횡성군
화물(소형),이브이케이엠씨,(단종)MASADA 4밴,1025,597.0,1622.0,2023년도 전기자동차 횡성군 모델별 보조금,2023,횡성군
화물(소형),이브이케이엠씨,MASADA 픽업,1078,628.0,1706.0,2023년도 전기자동차 횡성군 모델별 보조금,2023,횡성군
화물(소형),이브이케이엠씨,MASADA 3세대 2밴,1124,655.0,1779.0,2023년도 전기자동차 횡성군 모델별 보조금,2023,횡성군
화물(소형),이브이케이엠씨,MASADA 3세대 4밴,1025,597.0,1622.0,2023년도 전기자동차 횡성군 모델별 보조금,2023,횡성군
화물(소형),이브이케이엠씨,MASADA 2밴,1200,700.0,1900.0,2023년도 전기자동차 횡성군 모델별 보조금,2023,횡성군
화물(소형),이브이케이엠씨,MASADA 4밴,1200,700.0,1900.0,2023년도 전기자동차 횡성군 모델별 보조금,2023,횡성군
화물(소형),경인모터스,경인1톤전기냉동탑차,1151,671.0,1822.0,2023년도 전기자동차 횡성군 모델별 보조금,2023,횡성군
화물(소형),제이스모빌리티,(단종)이티밴,1200,700.0,1900.0,2023년도 전기자동차 횡성군 모델별 보조금,2023,횡성군
화물(소형),제이스모빌리티,이티밴,1200,700.0,1900.0,2023년도 전기자동차 횡성군 모델별 보조금,2023,횡성군
화물(소형),제이스모빌리티,이티4밴,1180,688.0,1868.0,2023년도 전기자동차 횡성군 모델별 보조금,2023,횡성군
화물(소형),오텍,오텍 무시동 전기 냉동탑차(봉고),1253,700.0,1953.0,2023년도 전기자동차 횡성군 모델별 보조금,2023,횡성군
화물(소형),이엔플러스,이엔1톤롱바디카고,959,559.0,1518.0,2023년도 전기자동차 횡성군 모델별 보조금,2023,횡성군
화물(소형),이엔플러스,이엔플러스EV1톤롱바디트럭,1009,588.0,1597.0,2023년도 전기자동차 횡성군 모델별 보조금,2023,횡성군
화물(소형),GS글로벌,T4K,1200,700.0,1900.0,2023년도 전기자동차 횡성군 모델별 보조금,2023,횡성군
화물(소형),에스에스라이트,젤라,986,575.0,1561.0,2023년도 전기자동차 횡성군 모델별 보조금,2023,횡성군
화물(소형),에스에스라이트,젤라 P200,1177,686.0,1863.0,2023년도 전기자동차 횡성군 모델별 보조금,2023,횡성군
화물(소형),한국쓰리축,한국쓰리축1톤롱바디EV트럭(봉고),943,550.0,1493.0,2023년도 전기자동차 횡성군 모델별 보조금,2023,횡성군
화물(소형),한국쓰리축,한국쓰리축1톤롱바디EV트럭(포터),963,561.0,1524.0,2023년도 전기자동차 횡성군 모델별 보조금,2023,횡성군
화물(소형),모빌리티네트웍스,SE-A2밴,1200,700.0,1900.0,2023년도 전기자동차 횡성군 모델별 보조금,2023,횡성군
화물(초소형),스마트솔루션즈,D2C,550,540.0,1090.0,2023년도 전기자동차 영월군 모델별 보조금,2023,영월군
화물(초소형),스마트솔루션즈,D2P,550,540.0,1090.0,2023년도 전기자동차 영월군 모델별 보조금,2023,영월군
화물(초소형),루트17,다니고3,550,540.0,1090.0,2023년도 전기자동차 영월군 모델별 보조금,2023,영월군
화물(초소형),루트17,다니고3 픽업,550,540.0,1090.0,2023년도 전기자동차 영월군 모델별 보조금,2023,영월군
화물(초소형),마스타전기차,MASTA VAN,550,540.0,1090.0,2023년도 전기자동차 영월군 모델별 보조금,2023,영월군
화물(초소형),마스타전기차,MASTA HIM,550,540.0,1090.0,2023년도 전기자동차 영월군 모델별 보조금,2023,영월군
화물(초소형),디피코,포트로-탑,550,540.0,1090.0,2023년도 전기자동차 영월군 모델별 보조금,2023,영월군
화물(초소형),디피코,포트로-픽업,550,540.0,1090.0,2023년도 전기자동차 영월군 모델별 보조금,2023,영월군
화물(초소형),디피코,포트로-탑S,550,540.0,1090.0,2023년도 전기자동차 영월군 모델별 보조금,2023,영월군
화물(초소형),디피코,포트로-픽업S,550,540.0,1090.0,2023년도 전기자동차 영월군 모델별 보조금,2023,영월군
화물(초소형),진우에스엠씨,포텐스,550,540.0,1090.0,2023년도 전기자동차 영월군 모델별 보조금,2023,영월군
화물(경형),파워프라자,라보ev PEACE,900,800.0,1700.0,2023년도 전기자동차 영월군 모델별 보조금,2023,영월군
화물(경형),디피코,포트로350L-탑,900,800.0,1700.0,2023년도 전기자동차 영월군 모델별 보조금,2023,영월군
화물(경형),디피코,포트로350L-픽업,900,800.0,1700.0,2023년도 전기자동차 영월군 모델별 보조금,2023,영월군
화물(소형),제인모터스,제인모터스칼마토EV1톤내장탑차,498,290.0,788.0,2023년도 전기자동차 영월군 모델별 보조금,2023,영월군
화물(소형),파워프라자,봉고3ev PEACE,536,312.0,848.0,2023년도 전기자동차 영월군 모델별 보조금,2023,영월군
화물(소형),파워프라자,봉고3ev PEACE 더블캡,437,254.0,691.0,2023년도 전기자동차 영월군 모델별 보조금,2023,영월군
화물(소형),현대자동차,포터Ⅱ 일렉트릭(23MY),1200,700.0,1900.0,2023년도 전기자동차 영월군 모델별 보조금,2023,영월군
화물(소형),현대자동차,포터Ⅱ 일렉트릭(24MY),1200,700.0,1900.0,2023년도 전기자동차 영월군 모델별 보조금,2023,영월군
화물(소형),기아,봉고 전기차,1200,700.0,1900.0,2023년도 전기자동차 영월군 모델별 보조금,2023,영월군
화물(소형),기아,봉고 전기차 냉동탑차,1400,700.0,2100.0,2023년도 전기자동차 영월군 모델별 보조금,2023,영월군
화물(소형),기아,봉고 전기차 저상형 냉동탑차,1400,700.0,2100.0,2023년도 전기자동차 영월군 모델별 보조금,2023,영월군
화물(소형),일진정공,일진무시동전기냉동탑차(149.9km),1053,614.0,1667.0,2023년도 전기자동차 영월군 모델별 보조금,2023,영월군
화물(소형),일진정공,일진무시동전기냉동탑차(186.1km),1321,700.0,2021.0,2023년도 전기자동차 영월군 모델별 보조금,2023,영월군
화물(소형),일진정공,일진무시동전기냉동탑차(봉고),1460,700.0,2160.0,2023년도 전기자동차 영월군 모델별 보조금,2023,영월군
화물(소형),일진정공,일진무시동전기냉동탑차(포터),1444,700.0,2144.0,2023년도 전기자동차 영월군 모델별 보조금,2023,영월군
화물(소형),루트17,다니고밴,784,457.0,1241.0,2023년도 전기자동차 영월군 모델별 보조금,2023,영월군
화물(소형),루트17,다니고C(0.8톤 전기트럭),1112,648.0,1760.0,2023년도 전기자동차 영월군 모델별 보조금,2023,영월군
화물(소형),루트17,다니고C2(0.8톤 전기트럭),909,530.0,1439.0,2023년도 전기자동차 영월군 모델별 보조금,2023,영월군
화물(소형),루트17,다니고R(전기냉동탑차),1313,700.0,2013.0,2023년도 전기자동차 영월군 모델별 보조금,2023,영월군
화물(소형),루트17,다니고R2(무시동 전기냉동탑차),1212,700.0,1912.0,2023년도 전기자동차 영월군 모델별 보조금,2023,영월군
화물(소형),한신자동차,플러스2.0,648,378.0,1026.0,2023년도 전기자동차 영월군 모델별 보조금,2023,영월군
화물(소형),비바모빌리티,(단종)비바,932,543.0,1475.0,2023년도 전기자동차 영월군 모델별 보조금,2023,영월군
화물(소형),비바모빌리티,(단종)브라보,802,467.0,1269.0,2023년도 전기자동차 영월군 모델별 보조금,2023,영월군
화물(소형),이브이케이엠씨,(단종)MASADA 2밴,1124,655.0,1779.0,2023년도 전기자동차 영월군 모델별 보조금,2023,영월군
화물(소형),이브이케이엠씨,(단종)MASADA 4밴,1025,597.0,1622.0,2023년도 전기자동차 영월군 모델별 보조금,2023,영월군
화물(소형),이브이케이엠씨,MASADA 픽업,1078,628.0,1706.0,2023년도 전기자동차 영월군 모델별 보조금,2023,영월군
화물(소형),이브이케이엠씨,MASADA 3세대 2밴,1124,655.0,1779.0,2023년도 전기자동차 영월군 모델별 보조금,2023,영월군
화물(소형),이브이케이엠씨,MASADA 3세대 4밴,1025,597.0,1622.0,2023년도 전기자동차 영월군 모델별 보조금,2023,영월군
화물(소형),이브이케이엠씨,MASADA 2밴,1200,700.0,1900.0,2023년도 전기자동차 영월군 모델별 보조금,2023,영월군
화물(소형),이브이케이엠씨,MASADA 4밴,1200,700.0,1900.0,2023년도 전기자동차 영월군 모델별 보조금,2023,영월군
화물(소형),경인모터스,경인1톤전기냉동탑차,1151,671.0,1822.0,2023년도 전기자동차 영월군 모델별 보조금,2023,영월군
화물(소형),제이스모빌리티,(단종)이티밴,1200,700.0,1900.0,2023년도 전기자동차 영월군 모델별 보조금,2023,영월군
화물(소형),제이스모빌리티,이티밴,1200,700.0,1900.0,2023년도 전기자동차 영월군 모델별 보조금,2023,영월군
화물(소형),제이스모빌리티,이티4밴,1180,688.0,1868.0,2023년도 전기자동차 영월군 모델별 보조금,2023,영월군
화물(소형),오텍,오텍 무시동 전기 냉동탑차(봉고),1253,700.0,1953.0,2023년도 전기자동차 영월군 모델별 보조금,2023,영월군
화물(소형),이엔플러스,이엔1톤롱바디카고,959,559.0,1518.0,2023년도 전기자동차 영월군 모델별 보조금,2023,영월군
화물(소형),이엔플러스,이엔플러스EV1톤롱바디트럭,1009,588.0,1597.0,2023년도 전기자동차 영월군 모델별 보조금,2023,영월군
화물(소형),GS글로벌,T4K,1200,700.0,1900.0,2023년도 전기자동차 영월군 모델별 보조금,2023,영월군
화물(소형),에스에스라이트,젤라,986,575.0,1561.0,2023년도 전기자동차 영월군 모델별 보조금,2023,영월군
화물(소형),에스에스라이트,젤라 P200,1177,686.0,1863.0,2023년도 전기자동차 영월군 모델별 보조금,2023,영월군
화물(소형),한국쓰리축,한국쓰리축1톤롱바디EV트럭(봉고),943,550.0,1493.0,2023년도 전기자동차 영월군 모델별 보조금,2023,영월군
화물(소형),한국쓰리축,한국쓰리축1톤롱바디EV트럭(포터),963,561.0,1524.0,2023년도 전기자동차 영월군 모델별 보조금,2023,영월군
화물(소형),모빌리티네트웍스,SE-A2밴,1200,700.0,1900.0,2023년도 전기자동차 영월군 모델별 보조금,2023,영월군
화물(초소형),스마트솔루션즈,D2C,550,540.0,1090.0,2023년도 전기자동차 평창군 모델별 보조금,2023,평창군
화물(초소형),스마트솔루션즈,D2P,550,540.0,1090.0,2023년도 전기자동차 평창군 모델별 보조금,2023,평창군
화물(초소형),루트17,다니고3,550,540.0,1090.0,2023년도 전기자동차 평창군 모델별 보조금,2023,평창군
화물(초소형),루트17,다니고3 픽업,550,540.0,1090.0,2023년도 전기자동차 평창군 모델별 보조금,2023,평창군
화물(초소형),마스타전기차,MASTA VAN,550,540.0,1090.0,2023년도 전기자동차 평창군 모델별 보조금,2023,평창군
화물(초소형),마스타전기차,MASTA HIM,550,540.0,1090.0,2023년도 전기자동차 평창군 모델별 보조금,2023,평창군
화물(초소형),디피코,포트로-탑,550,540.0,1090.0,2023년도 전기자동차 평창군 모델별 보조금,2023,평창군
화물(초소형),디피코,포트로-픽업,550,540.0,1090.0,2023년도 전기자동차 평창군 모델별 보조금,2023,평창군
화물(초소형),디피코,포트로-탑S,550,540.0,1090.0,2023년도 전기자동차 평창군 모델별 보조금,2023,평창군
화물(초소형),디피코,포트로-픽업S,550,540.0,1090.0,2023년도 전기자동차 평창군 모델별 보조금,2023,평창군
화물(초소형),진우에스엠씨,포텐스,550,540.0,1090.0,2023년도 전기자동차 평창군 모델별 보조금,2023,평창군
화물(경형),파워프라자,라보ev PEACE,900,800.0,1700.0,2023년도 전기자동차 평창군 모델별 보조금,2023,평창군
화물(경형),디피코,포트로350L-탑,900,800.0,1700.0,2023년도 전기자동차 평창군 모델별 보조금,2023,평창군
화물(경형),디피코,포트로350L-픽업,900,525.0,1425.0,2023년도 전기자동차 평창군 모델별 보조금,2023,평창군
화물(소형),제인모터스,제인모터스칼마토EV1톤내장탑차,498,290.0,788.0,2023년도 전기자동차 평창군 모델별 보조금,2023,평창군
화물(소형),파워프라자,봉고3ev PEACE,536,312.0,848.0,2023년도 전기자동차 평창군 모델별 보조금,2023,평창군
화물(소형),파워프라자,봉고3ev PEACE 더블캡,437,254.0,691.0,2023년도 전기자동차 평창군 모델별 보조금,2023,평창군
화물(소형),현대자동차,포터Ⅱ 일렉트릭(23MY),1200,700.0,1900.0,2023년도 전기자동차 평창군 모델별 보조금,2023,평창군
화물(소형),현대자동차,포터Ⅱ 일렉트릭(24MY),1200,700.0,1900.0,2023년도 전기자동차 평창군 모델별 보조금,2023,평창군
화물(소형),기아,봉고 전기차,1200,700.0,1900.0,2023년도 전기자동차 평창군 모델별 보조금,2023,평창군
화물(소형),기아,봉고 전기차 냉동탑차,1400,700.0,2100.0,2023년도 전기자동차 평창군 모델별 보조금,2023,평창군
화물(소형),기아,봉고 전기차 저상형 냉동탑차,1400,700.0,2100.0,2023년도 전기자동차 평창군 모델별 보조금,2023,평창군
화물(소형),일진정공,일진무시동전기냉동탑차(149.9km),1053,614.0,1667.0,2023년도 전기자동차 평창군 모델별 보조금,2023,평창군
화물(소형),일진정공,일진무시동전기냉동탑차(186.1km),1321,700.0,2021.0,2023년도 전기자동차 평창군 모델별 보조금,2023,평창군
화물(소형),일진정공,일진무시동전기냉동탑차(봉고),1460,700.0,2160.0,2023년도 전기자동차 평창군 모델별 보조금,2023,평창군
화물(소형),일진정공,일진무시동전기냉동탑차(포터),1444,700.0,2144.0,2023년도 전기자동차 평창군 모델별 보조금,2023,평창군
화물(소형),루트17,다니고밴,784,457.0,1241.0,2023년도 전기자동차 평창군 모델별 보조금,2023,평창군
화물(소형),루트17,다니고C(0.8톤 전기트럭),1112,648.0,1760.0,2023년도 전기자동차 평창군 모델별 보조금,2023,평창군
화물(소형),루트17,다니고C2(0.8톤 전기트럭),909,530.0,1439.0,2023년도 전기자동차 평창군 모델별 보조금,2023,평창군
화물(소형),루트17,다니고R(전기냉동탑차),1313,700.0,2013.0,2023년도 전기자동차 평창군 모델별 보조금,2023,평창군
화물(소형),루트17,다니고R2(무시동 전기냉동탑차),1212,700.0,1912.0,2023년도 전기자동차 평창군 모델별 보조금,2023,평창군
화물(소형),한신자동차,플러스2.0,648,378.0,1026.0,2023년도 전기자동차 평창군 모델별 보조금,2023,평창군
화물(소형),비바모빌리티,(단종)비바,932,543.0,1475.0,2023년도 전기자동차 평창군 모델별 보조금,2023,평창군
화물(소형),비바모빌리티,(단종)브라보,802,467.0,1269.0,2023년도 전기자동차 평창군 모델별 보조금,2023,평창군
화물(소형),이브이케이엠씨,(단종)MASADA 2밴,1124,655.0,1779.0,2023년도 전기자동차 평창군 모델별 보조금,2023,평창군
화물(소형),이브이케이엠씨,(단종)MASADA 4밴,1025,597.0,1622.0,2023년도 전기자동차 평창군 모델별 보조금,2023,평창군
화물(소형),이브이케이엠씨,MASADA 픽업,1078,628.0,1706.0,2023년도 전기자동차 평창군 모델별 보조금,2023,평창군
화물(소형),이브이케이엠씨,MASADA 3세대 2밴,1124,655.0,1779.0,2023년도 전기자동차 평창군 모델별 보조금,2023,평창군
화물(소형),이브이케이엠씨,MASADA 3세대 4밴,1025,597.0,1622.0,2023년도 전기자동차 평창군 모델별 보조금,2023,평창군
화물(소형),이브이케이엠씨,MASADA 2밴,1200,700.0,1900.0,2023년도 전기자동차 평창군 모델별 보조금,2023,평창군
화물(소형),경인모터스,경인1톤전기냉동탑차,1151,671.0,1822.0,2023년도 전기자동차 평창군 모델별 보조금,2023,평창군
화물(소형),제이스모빌리티,(단종)이티밴,1200,700.0,1900.0,2023년도 전기자동차 평창군 모델별 보조금,2023,평창군
화물(소형),제이스모빌리티,이티밴,1200,700.0,1900.0,2023년도 전기자동차 평창군 모델별 보조금,2023,평창군
화물(소형),제이스모빌리티,이티4밴,1180,688.0,1868.0,2023년도 전기자동차 평창군 모델별 보조금,2023,평창군
화물(소형),오텍,오텍 무시동 전기 냉동탑차(봉고),1253,700.0,1953.0,2023년도 전기자동차 평창군 모델별 보조금,2023,평창군
화물(소형),이엔플러스,이엔1톤롱바디카고,959,559.0,1518.0,2023년도 전기자동차 평창군 모델별 보조금,2023,평창군
화물(소형),이엔플러스,이엔플러스EV1톤롱바디트럭,1009,588.0,1597.0,2023년도 전기자동차 평창군 모델별 보조금,2023,평창군
화물(소형),GS글로벌,T4K,1200,700.0,1900.0,2023년도 전기자동차 평창군 모델별 보조금,2023,평창군
화물(소형),에스에스라이트,젤라,986,575.0,1561.0,2023년도 전기자동차 평창군 모델별 보조금,2023,평창군
화물(소형),에스에스라이트,젤라 P200,1177,686.0,1863.0,2023년도 전기자동차 평창군 모델별 보조금,2023,평창군
화물(소형),한국쓰리축,한국쓰리축1톤롱바디EV트럭(봉고),943,550.0,1493.0,2023년도 전기자동차 평창군 모델별 보조금,2023,평창군
화물(소형),한국쓰리축,한국쓰리축1톤롱바디EV트럭(포터),963,561.0,1524.0,2023년도 전기자동차 평창군 모델별 보조금,2023,평창군
화물(소형),모빌리티네트웍스,SE-A2밴,1200,700.0,1900.0,2023년도 전기자동차 평창군 모델별 보조금,2023,평창군
화물(초소형),스마트솔루션즈,D2C,550,540.0,1090.0,2023년도 전기자동차 정선군 모델별 보조금,2023,정선군
화물(초소형),스마트솔루션즈,D2P,550,540.0,1090.0,2023년도 전기자동차 정선군 모델별 보조금,2023,정선군
화물(초소형),루트17,다니고3,550,540.0,1090.0,2023년도 전기자동차 정선군 모델별 보조금,2023,정선군
화물(초소형),루트17,다니고3 픽업,550,540.0,1090.0,2023년도 전기자동차 정선군 모델별 보조금,2023,정선군
화물(초소형),마스타전기차,MASTA VAN,550,540.0,1090.0,2023년도 전기자동차 정선군 모델별 보조금,2023,정선군
화물(초소형),마스타전기차,MASTA HIM,550,540.0,1090.0,2023년도 전기자동차 정선군 모델별 보조금,2023,정선군
화물(초소형),디피코,포트로-탑,550,540.0,1090.0,2023년도 전기자동차 정선군 모델별 보조금,2023,정선군
화물(초소형),디피코,포트로-픽업,550,540.0,1090.0,2023년도 전기자동차 정선군 모델별 보조금,2023,정선군
화물(초소형),디피코,포트로-탑S,550,540.0,1090.0,2023년도 전기자동차 정선군 모델별 보조금,2023,정선군
화물(초소형),디피코,포트로-픽업S,550,540.0,1090.0,2023년도 전기자동차 정선군 모델별 보조금,2023,정선군
화물(초소형),진우에스엠씨,포텐스,550,540.0,1090.0,2023년도 전기자동차 정선군 모델별 보조금,2023,정선군
화물(경형),파워프라자,라보ev PEACE,900,800.0,1700.0,2023년도 전기자동차 정선군 모델별 보조금,2023,정선군
화물(경형),디피코,포트로350L-탑,900,800.0,1700.0,2023년도 전기자동차 정선군 모델별 보조금,2023,정선군
화물(경형),디피코,포트로350L-픽업,900,0.0,900.0,2023년도 전기자동차 정선군 모델별 보조금,2023,정선군
화물(소형),제인모터스,제인모터스칼마토EV1톤내장탑차,498,290.0,788.0,2023년도 전기자동차 정선군 모델별 보조금,2023,정선군
화물(소형),파워프라자,봉고3ev PEACE,536,312.0,848.0,2023년도 전기자동차 정선군 모델별 보조금,2023,정선군
화물(소형),파워프라자,봉고3ev PEACE 더블캡,437,254.0,691.0,2023년도 전기자동차 정선군 모델별 보조금,2023,정선군
화물(소형),현대자동차,포터Ⅱ 일렉트릭(23MY),1200,700.0,1900.0,2023년도 전기자동차 정선군 모델별 보조금,2023,정선군
화물(소형),현대자동차,포터Ⅱ 일렉트릭(24MY),1200,700.0,1900.0,2023년도 전기자동차 정선군 모델별 보조금,2023,정선군
화물(소형),기아,봉고 전기차,1200,700.0,1900.0,2023년도 전기자동차 정선군 모델별 보조금,2023,정선군
화물(소형),기아,봉고 전기차 냉동탑차,1400,700.0,2100.0,2023년도 전기자동차 정선군 모델별 보조금,2023,정선군
화물(소형),기아,봉고 전기차 저상형 냉동탑차,1400,700.0,2100.0,2023년도 전기자동차 정선군 모델별 보조금,2023,정선군
화물(소형),일진정공,일진무시동전기냉동탑차(149.9km),1053,614.0,1667.0,2023년도 전기자동차 정선군 모델별 보조금,2023,정선군
화물(소형),일진정공,일진무시동전기냉동탑차(186.1km),1321,700.0,2021.0,2023년도 전기자동차 정선군 모델별 보조금,2023,정선군
화물(소형),일진정공,일진무시동전기냉동탑차(봉고),1460,700.0,2160.0,2023년도 전기자동차 정선군 모델별 보조금,2023,정선군
화물(소형),일진정공,일진무시동전기냉동탑차(포터),1444,700.0,2144.0,2023년도 전기자동차 정선군 모델별 보조금,2023,정선군
화물(소형),루트17,다니고밴,784,457.0,1241.0,2023년도 전기자동차 정선군 모델별 보조금,2023,정선군
화물(소형),루트17,다니고C(0.8톤 전기트럭),1112,648.0,1760.0,2023년도 전기자동차 정선군 모델별 보조금,2023,정선군
화물(소형),루트17,다니고C2(0.8톤 전기트럭),909,530.0,1439.0,2023년도 전기자동차 정선군 모델별 보조금,2023,정선군
화물(소형),루트17,다니고R(전기냉동탑차),1313,700.0,2013.0,2023년도 전기자동차 정선군 모델별 보조금,2023,정선군
화물(소형),루트17,다니고R2(무시동 전기냉동탑차),1212,700.0,1912.0,2023년도 전기자동차 정선군 모델별 보조금,2023,정선군
화물(소형),한신자동차,플러스2.0,648,378.0,1026.0,2023년도 전기자동차 정선군 모델별 보조금,2023,정선군
화물(소형),비바모빌리티,(단종)비바,932,543.0,1475.0,2023년도 전기자동차 정선군 모델별 보조금,2023,정선군
화물(소형),비바모빌리티,(단종)브라보,802,467.0,1269.0,2023년도 전기자동차 정선군 모델별 보조금,2023,정선군
화물(소형),이브이케이엠씨,(단종)MASADA 2밴,1124,655.0,1779.0,2023년도 전기자동차 정선군 모델별 보조금,2023,정선군
화물(소형),이브이케이엠씨,(단종)MASADA 4밴,1025,597.0,1622.0,2023년도 전기자동차 정선군 모델별 보조금,2023,정선군
화물(소형),이브이케이엠씨,MASADA 픽업,1078,628.0,1706.0,2023년도 전기자동차 정선군 모델별 보조금,2023,정선군
화물(소형),이브이케이엠씨,MASADA 3세대 2밴,1124,655.0,1779.0,2023년도 전기자동차 정선군 모델별 보조금,2023,정선군
화물(소형),이브이케이엠씨,MASADA 3세대 4밴,1025,597.0,1622.0,2023년도 전기자동차 정선군 모델별 보조금,2023,정선군
화물(소형),이브이케이엠씨,MASADA 2밴,1200,700.0,1900.0,2023년도 전기자동차 정선군 모델별 보조금,2023,정선군
화물(소형),경인모터스,경인1톤전기냉동탑차,1151,670.0,1821.0,2023년도 전기자동차 정선군 모델별 보조금,2023,정선군
화물(소형),제이스모빌리티,(단종)이티밴,1200,700.0,1900.0,2023년도 전기자동차 정선군 모델별 보조금,2023,정선군
화물(소형),제이스모빌리티,이티밴,1200,700.0,1900.0,2023년도 전기자동차 정선군 모델별 보조금,2023,정선군
화물(소형),제이스모빌리티,이티4밴,1180,688.0,1868.0,2023년도 전기자동차 정선군 모델별 보조금,2023,정선군
화물(소형),오텍,오텍 무시동 전기 냉동탑차(봉고),1253,700.0,1953.0,2023년도 전기자동차 정선군 모델별 보조금,2023,정선군
화물(소형),이엔플러스,이엔1톤롱바디카고,959,559.0,1518.0,2023년도 전기자동차 정선군 모델별 보조금,2023,정선군
화물(소형),이엔플러스,이엔플러스EV1톤롱바디트럭,1009,588.0,1597.0,2023년도 전기자동차 정선군 모델별 보조금,2023,정선군
화물(소형),GS글로벌,T4K,1200,700.0,1900.0,2023년도 전기자동차 정선군 모델별 보조금,2023,정선군
화물(소형),에스에스라이트,젤라,986,575.0,1561.0,2023년도 전기자동차 정선군 모델별 보조금,2023,정선군
화물(소형),에스에스라이트,젤라 P200,1177,686.0,1863.0,2023년도 전기자동차 정선군 모델별 보조금,2023,정선군
화물(소형),한국쓰리축,한국쓰리축1톤롱바디EV트럭(봉고),943,550.0,1493.0,2023년도 전기자동차 정선군 모델별 보조금,2023,정선군
화물(소형),한국쓰리축,한국쓰리축1톤롱바디EV트럭(포터),963,561.0,1524.0,2023년도 전기자동차 정선군 모델별 보조금,2023,정선군
화물(소형),모빌리티네트웍스,SE-A2밴,1200,700.0,1900.0,2023년도 전기자동차 정선군 모델별 보조금,2023,정선군
화물(초소형),스마트솔루션즈,D2C,550,540.0,1090.0,2023년도 전기자동차 철원군 모델별 보조금,2023,철원군
화물(초소형),스마트솔루션즈,D2P,550,540.0,1090.0,2023년도 전기자동차 철원군 모델별 보조금,2023,철원군
화물(초소형),루트17,다니고3,550,540.0,1090.0,2023년도 전기자동차 철원군 모델별 보조금,2023,철원군
화물(초소형),루트17,다니고3 픽업,550,540.0,1090.0,2023년도 전기자동차 철원군 모델별 보조금,2023,철원군
화물(초소형),마스타전기차,MASTA VAN,550,540.0,1090.0,2023년도 전기자동차 철원군 모델별 보조금,2023,철원군
화물(초소형),마스타전기차,MASTA HIM,550,540.0,1090.0,2023년도 전기자동차 철원군 모델별 보조금,2023,철원군
화물(초소형),디피코,포트로-탑,550,540.0,1090.0,2023년도 전기자동차 철원군 모델별 보조금,2023,철원군
화물(초소형),디피코,포트로-픽업,550,540.0,1090.0,2023년도 전기자동차 철원군 모델별 보조금,2023,철원군
화물(초소형),디피코,포트로-탑S,550,540.0,1090.0,2023년도 전기자동차 철원군 모델별 보조금,2023,철원군
화물(초소형),디피코,포트로-픽업S,550,540.0,1090.0,2023년도 전기자동차 철원군 모델별 보조금,2023,철원군
화물(초소형),진우에스엠씨,포텐스,550,540.0,1090.0,2023년도 전기자동차 철원군 모델별 보조금,2023,철원군
화물(경형),파워프라자,라보ev PEACE,900,800.0,1700.0,2023년도 전기자동차 철원군 모델별 보조금,2023,철원군
화물(경형),디피코,포트로350L-탑,900,800.0,1700.0,2023년도 전기자동차 철원군 모델별 보조금,2023,철원군
화물(경형),디피코,포트로350L-픽업,900,800.0,1700.0,2023년도 전기자동차 철원군 모델별 보조금,2023,철원군
화물(소형),제인모터스,제인모터스칼마토EV1톤내장탑차,498,290.0,788.0,2023년도 전기자동차 철원군 모델별 보조금,2023,철원군
화물(소형),파워프라자,봉고3ev PEACE,536,312.0,848.0,2023년도 전기자동차 철원군 모델별 보조금,2023,철원군
화물(소형),파워프라자,봉고3ev PEACE 더블캡,437,254.0,691.0,2023년도 전기자동차 철원군 모델별 보조금,2023,철원군
화물(소형),현대자동차,포터Ⅱ 일렉트릭(23MY),1200,700.0,1900.0,2023년도 전기자동차 철원군 모델별 보조금,2023,철원군
화물(소형),현대자동차,포터Ⅱ 일렉트릭(24MY),1200,700.0,1900.0,2023년도 전기자동차 철원군 모델별 보조금,2023,철원군
화물(소형),기아,봉고 전기차,1200,700.0,1900.0,2023년도 전기자동차 철원군 모델별 보조금,2023,철원군
화물(소형),기아,봉고 전기차 냉동탑차,1400,700.0,2100.0,2023년도 전기자동차 철원군 모델별 보조금,2023,철원군
화물(소형),기아,봉고 전기차 저상형 냉동탑차,1400,700.0,2100.0,2023년도 전기자동차 철원군 모델별 보조금,2023,철원군
화물(소형),일진정공,일진무시동전기냉동탑차(149.9km),1053,614.0,1667.0,2023년도 전기자동차 철원군 모델별 보조금,2023,철원군
화물(소형),일진정공,일진무시동전기냉동탑차(186.1km),1321,700.0,2021.0,2023년도 전기자동차 철원군 모델별 보조금,2023,철원군
화물(소형),일진정공,일진무시동전기냉동탑차(봉고),1460,700.0,2160.0,2023년도 전기자동차 철원군 모델별 보조금,2023,철원군
화물(소형),일진정공,일진무시동전기냉동탑차(포터),1444,700.0,2144.0,2023년도 전기자동차 철원군 모델별 보조금,2023,철원군
화물(소형),루트17,다니고밴,784,457.0,1241.0,2023년도 전기자동차 철원군 모델별 보조금,2023,철원군
화물(소형),루트17,다니고C(0.8톤 전기트럭),1112,648.0,1760.0,2023년도 전기자동차 철원군 모델별 보조금,2023,철원군
화물(소형),루트17,다니고C2(0.8톤 전기트럭),909,530.0,1439.0,2023년도 전기자동차 철원군 모델별 보조금,2023,철원군
화물(소형),루트17,다니고R(전기냉동탑차),1313,700.0,2013.0,2023년도 전기자동차 철원군 모델별 보조금,2023,철원군
화물(소형),루트17,다니고R2(무시동 전기냉동탑차),1212,700.0,1912.0,2023년도 전기자동차 철원군 모델별 보조금,2023,철원군
화물(소형),한신자동차,플러스2.0,648,378.0,1026.0,2023년도 전기자동차 철원군 모델별 보조금,2023,철원군
화물(소형),비바모빌리티,(단종)비바,932,543.0,1475.0,2023년도 전기자동차 철원군 모델별 보조금,2023,철원군
화물(소형),비바모빌리티,(단종)브라보,802,467.0,1269.0,2023년도 전기자동차 철원군 모델별 보조금,2023,철원군
화물(소형),이브이케이엠씨,(단종)MASADA 2밴,1124,655.0,1779.0,2023년도 전기자동차 철원군 모델별 보조금,2023,철원군
화물(소형),이브이케이엠씨,(단종)MASADA 4밴,1025,597.0,1622.0,2023년도 전기자동차 철원군 모델별 보조금,2023,철원군
화물(소형),이브이케이엠씨,MASADA 픽업,1078,628.0,1706.0,2023년도 전기자동차 철원군 모델별 보조금,2023,철원군
화물(소형),이브이케이엠씨,MASADA 3세대 2밴,1124,655.0,1779.0,2023년도 전기자동차 철원군 모델별 보조금,2023,철원군
화물(소형),이브이케이엠씨,MASADA 3세대 4밴,1025,597.0,1622.0,2023년도 전기자동차 철원군 모델별 보조금,2023,철원군
화물(소형),경인모터스,경인1톤전기냉동탑차,1151,671.0,1822.0,2023년도 전기자동차 철원군 모델별 보조금,2023,철원군
화물(소형),제이스모빌리티,(단종)이티밴,1200,700.0,1900.0,2023년도 전기자동차 철원군 모델별 보조금,2023,철원군
화물(소형),제이스모빌리티,이티밴,1200,700.0,1900.0,2023년도 전기자동차 철원군 모델별 보조금,2023,철원군
화물(소형),제이스모빌리티,이티4밴,1180,688.0,1868.0,2023년도 전기자동차 철원군 모델별 보조금,2023,철원군
화물(소형),오텍,오텍 무시동 전기 냉동탑차(봉고),1253,700.0,1953.0,2023년도 전기자동차 철원군 모델별 보조금,2023,철원군
화물(소형),이엔플러스,이엔1톤롱바디카고,959,559.0,1518.0,2023년도 전기자동차 철원군 모델별 보조금,2023,철원군
화물(소형),이엔플러스,이엔플러스EV1톤롱바디트럭,1009,588.0,1597.0,2023년도 전기자동차 철원군 모델별 보조금,2023,철원군
화물(소형),GS글로벌,T4K,1200,700.0,1900.0,2023년도 전기자동차 철원군 모델별 보조금,2023,철원군
화물(소형),에스에스라이트,젤라,986,575.0,1561.0,2023년도 전기자동차 철원군 모델별 보조금,2023,철원군
화물(소형),에스에스라이트,젤라 P200,1177,686.0,1863.0,2023년도 전기자동차 철원군 모델별 보조금,2023,철원군
화물(소형),한국쓰리축,한국쓰리축1톤롱바디EV트럭(봉고),943,550.0,1493.0,2023년도 전기자동차 철원군 모델별 보조금,2023,철원군
화물(소형),한국쓰리축,한국쓰리축1톤롱바디EV트럭(포터),963,561.0,1524.0,2023년도 전기자동차 철원군 모델별 보조금,2023,철원군
화물(소형),모빌리티네트웍스,SE-A2밴,1200,700.0,1900.0,2023년도 전기자동차 철원군 모델별 보조금,2023,철원군
화물(초소형),스마트솔루션즈,D2C,550,540.0,1090.0,2023년도 전기자동차 화천군 모델별 보조금,2023,화천군
화물(초소형),스마트솔루션즈,D2P,550,540.0,1090.0,2023년도 전기자동차 화천군 모델별 보조금,2023,화천군
화물(초소형),루트17,다니고3,550,540.0,1090.0,2023년도 전기자동차 화천군 모델별 보조금,2023,화천군
화물(초소형),루트17,다니고3 픽업,550,540.0,1090.0,2023년도 전기자동차 화천군 모델별 보조금,2023,화천군
화물(초소형),마스타전기차,MASTA VAN,550,540.0,1090.0,2023년도 전기자동차 화천군 모델별 보조금,2023,화천군
화물(초소형),마스타전기차,MASTA HIM,550,540.0,1090.0,2023년도 전기자동차 화천군 모델별 보조금,2023,화천군
화물(초소형),디피코,포트로-탑,550,540.0,1090.0,2023년도 전기자동차 화천군 모델별 보조금,2023,화천군
화물(초소형),디피코,포트로-픽업,550,540.0,1090.0,2023년도 전기자동차 화천군 모델별 보조금,2023,화천군
화물(초소형),디피코,포트로-탑S,550,540.0,1090.0,2023년도 전기자동차 화천군 모델별 보조금,2023,화천군
화물(초소형),디피코,포트로-픽업S,550,540.0,1090.0,2023년도 전기자동차 화천군 모델별 보조금,2023,화천군
화물(초소형),진우에스엠씨,포텐스,550,540.0,1090.0,2023년도 전기자동차 화천군 모델별 보조금,2023,화천군
화물(경형),파워프라자,라보ev PEACE,900,800.0,1700.0,2023년도 전기자동차 화천군 모델별 보조금,2023,화천군
화물(경형),디피코,포트로350L-탑,900,800.0,1700.0,2023년도 전기자동차 화천군 모델별 보조금,2023,화천군
화물(경형),디피코,포트로350L-픽업,900,800.0,1700.0,2023년도 전기자동차 화천군 모델별 보조금,2023,화천군
화물(소형),제인모터스,제인모터스칼마토EV1톤내장탑차,498,290.0,788.0,2023년도 전기자동차 화천군 모델별 보조금,2023,화천군
화물(소형),파워프라자,봉고3ev PEACE,536,312.0,848.0,2023년도 전기자동차 화천군 모델별 보조금,2023,화천군
화물(소형),파워프라자,봉고3ev PEACE 더블캡,437,254.0,691.0,2023년도 전기자동차 화천군 모델별 보조금,2023,화천군
화물(소형),현대자동차,포터Ⅱ 일렉트릭(23MY),1200,700.0,1900.0,2023년도 전기자동차 화천군 모델별 보조금,2023,화천군
화물(소형),현대자동차,포터Ⅱ 일렉트릭(24MY),1200,700.0,1900.0,2023년도 전기자동차 화천군 모델별 보조금,2023,화천군
화물(소형),기아,봉고 전기차,1200,700.0,1900.0,2023년도 전기자동차 화천군 모델별 보조금,2023,화천군
화물(소형),기아,봉고 전기차 냉동탑차,1400,700.0,2100.0,2023년도 전기자동차 화천군 모델별 보조금,2023,화천군
화물(소형),기아,봉고 전기차 저상형 냉동탑차,1400,700.0,2100.0,2023년도 전기자동차 화천군 모델별 보조금,2023,화천군
화물(소형),일진정공,일진무시동전기냉동탑차(149.9km),1053,614.0,1667.0,2023년도 전기자동차 화천군 모델별 보조금,2023,화천군
화물(소형),일진정공,일진무시동전기냉동탑차(186.1km),1321,700.0,2021.0,2023년도 전기자동차 화천군 모델별 보조금,2023,화천군
화물(소형),일진정공,일진무시동전기냉동탑차(봉고),1460,700.0,2160.0,2023년도 전기자동차 화천군 모델별 보조금,2023,화천군
화물(소형),일진정공,일진무시동전기냉동탑차(포터),1444,700.0,2144.0,2023년도 전기자동차 화천군 모델별 보조금,2023,화천군
화물(소형),루트17,다니고밴,784,457.0,1241.0,2023년도 전기자동차 화천군 모델별 보조금,2023,화천군
화물(소형),루트17,다니고C(0.8톤 전기트럭),1112,648.0,1760.0,2023년도 전기자동차 화천군 모델별 보조금,2023,화천군
화물(소형),루트17,다니고C2(0.8톤 전기트럭),909,530.0,1439.0,2023년도 전기자동차 화천군 모델별 보조금,2023,화천군
화물(소형),루트17,다니고R(전기냉동탑차),1313,700.0,2013.0,2023년도 전기자동차 화천군 모델별 보조금,2023,화천군
화물(소형),루트17,다니고R2(무시동 전기냉동탑차),1212,700.0,1912.0,2023년도 전기자동차 화천군 모델별 보조금,2023,화천군
화물(소형),한신자동차,플러스2.0,648,378.0,1026.0,2023년도 전기자동차 화천군 모델별 보조금,2023,화천군
화물(소형),비바모빌리티,(단종)비바,932,543.0,1475.0,2023년도 전기자동차 화천군 모델별 보조금,2023,화천군
화물(소형),비바모빌리티,(단종)브라보,802,467.0,1269.0,2023년도 전기자동차 화천군 모델별 보조금,2023,화천군
화물(소형),이브이케이엠씨,(단종)MASADA 2밴,1124,655.0,1779.0,2023년도 전기자동차 화천군 모델별 보조금,2023,화천군
화물(소형),이브이케이엠씨,(단종)MASADA 4밴,1025,597.0,1622.0,2023년도 전기자동차 화천군 모델별 보조금,2023,화천군
화물(소형),이브이케이엠씨,MASADA 픽업,1078,628.0,1706.0,2023년도 전기자동차 화천군 모델별 보조금,2023,화천군
화물(소형),이브이케이엠씨,MASADA 3세대 2밴,1124,655.0,1779.0,2023년도 전기자동차 화천군 모델별 보조금,2023,화천군
화물(소형),이브이케이엠씨,MASADA 3세대 4밴,1025,597.0,1622.0,2023년도 전기자동차 화천군 모델별 보조금,2023,화천군
화물(소형),이브이케이엠씨,MASADA 2밴,1200,700.0,1900.0,2023년도 전기자동차 화천군 모델별 보조금,2023,화천군
화물(소형),이브이케이엠씨,MASADA 4밴,1200,700.0,1900.0,2023년도 전기자동차 화천군 모델별 보조금,2023,화천군
화물(소형),경인모터스,경인1톤전기냉동탑차,1151,671.0,1822.0,2023년도 전기자동차 화천군 모델별 보조금,2023,화천군
화물(소형),제이스모빌리티,(단종)이티밴,1200,700.0,1900.0,2023년도 전기자동차 화천군 모델별 보조금,2023,화천군
화물(소형),제이스모빌리티,이티밴,1200,700.0,1900.0,2023년도 전기자동차 화천군 모델별 보조금,2023,화천군
화물(소형),제이스모빌리티,이티4밴,1180,688.0,1868.0,2023년도 전기자동차 화천군 모델별 보조금,2023,화천군
화물(소형),오텍,오텍 무시동 전기 냉동탑차(봉고),1253,700.0,1953.0,2023년도 전기자동차 화천군 모델별 보조금,2023,화천군
화물(소형),이엔플러스,이엔1톤롱바디카고,959,559.0,1518.0,2023년도 전기자동차 화천군 모델별 보조금,2023,화천군
화물(소형),이엔플러스,이엔플러스EV1톤롱바디트럭,1009,588.0,1597.0,2023년도 전기자동차 화천군 모델별 보조금,2023,화천군
화물(소형),GS글로벌,T4K,1200,700.0,1900.0,2023년도 전기자동차 화천군 모델별 보조금,2023,화천군
화물(소형),에스에스라이트,젤라,986,575.0,1561.0,2023년도 전기자동차 화천군 모델별 보조금,2023,화천군
화물(소형),에스에스라이트,젤라 P200,1177,686.0,1863.0,2023년도 전기자동차 화천군 모델별 보조금,2023,화천군
화물(소형),한국쓰리축,한국쓰리축1톤롱바디EV트럭(봉고),943,550.0,1493.0,2023년도 전기자동차 화천군 모델별 보조금,2023,화천군
화물(소형),한국쓰리축,한국쓰리축1톤롱바디EV트럭(포터),963,561.0,1524.0,2023년도 전기자동차 화천군 모델별 보조금,2023,화천군
화물(소형),모빌리티네트웍스,SE-A2밴,1200,700.0,1900.0,2023년도 전기자동차 화천군 모델별 보조금,2023,화천군
화물(초소형),스마트솔루션즈,D2C,550,540.0,1090.0,2023년도 전기자동차 양구군 모델별 보조금,2023,양구군
화물(초소형),스마트솔루션즈,D2P,550,540.0,1090.0,2023년도 전기자동차 양구군 모델별 보조금,2023,양구군
화물(초소형),루트17,다니고3,550,540.0,1090.0,2023년도 전기자동차 양구군 모델별 보조금,2023,양구군
화물(초소형),루트17,다니고3 픽업,550,540.0,1090.0,2023년도 전기자동차 양구군 모델별 보조금,2023,양구군
화물(초소형),마스타전기차,MASTA VAN,550,540.0,1090.0,2023년도 전기자동차 양구군 모델별 보조금,2023,양구군
화물(초소형),마스타전기차,MASTA HIM,550,540.0,1090.0,2023년도 전기자동차 양구군 모델별 보조금,2023,양구군
화물(초소형),디피코,포트로-탑,550,540.0,1090.0,2023년도 전기자동차 양구군 모델별 보조금,2023,양구군
화물(초소형),디피코,포트로-픽업,550,540.0,1090.0,2023년도 전기자동차 양구군 모델별 보조금,2023,양구군
화물(초소형),디피코,포트로-탑S,550,540.0,1090.0,2023년도 전기자동차 양구군 모델별 보조금,2023,양구군
화물(초소형),디피코,포트로-픽업S,550,540.0,1090.0,2023년도 전기자동차 양구군 모델별 보조금,2023,양구군
화물(초소형),진우에스엠씨,포텐스,550,540.0,1090.0,2023년도 전기자동차 양구군 모델별 보조금,2023,양구군
화물(경형),파워프라자,라보ev PEACE,900,800.0,1700.0,2023년도 전기자동차 양구군 모델별 보조금,2023,양구군
화물(경형),디피코,포트로350L-탑,900,800.0,1700.0,2023년도 전기자동차 양구군 모델별 보조금,2023,양구군
화물(경형),디피코,포트로350L-픽업,900,800.0,1700.0,2023년도 전기자동차 양구군 모델별 보조금,2023,양구군
화물(소형),제인모터스,제인모터스칼마토EV1톤내장탑차,498,290.0,788.0,2023년도 전기자동차 양구군 모델별 보조금,2023,양구군
화물(소형),파워프라자,봉고3ev PEACE,536,312.0,848.0,2023년도 전기자동차 양구군 모델별 보조금,2023,양구군
화물(소형),파워프라자,봉고3ev PEACE 더블캡,437,254.0,691.0,2023년도 전기자동차 양구군 모델별 보조금,2023,양구군
화물(소형),현대자동차,포터Ⅱ 일렉트릭(23MY),1200,700.0,1900.0,2023년도 전기자동차 양구군 모델별 보조금,2023,양구군
화물(소형),현대자동차,포터Ⅱ 일렉트릭(24MY),1200,700.0,1900.0,2023년도 전기자동차 양구군 모델별 보조금,2023,양구군
화물(소형),기아,봉고 전기차,1200,700.0,1900.0,2023년도 전기자동차 양구군 모델별 보조금,2023,양구군
화물(소형),기아,봉고 전기차 냉동탑차,1400,700.0,2100.0,2023년도 전기자동차 양구군 모델별 보조금,2023,양구군
화물(소형),기아,봉고 전기차 저상형 냉동탑차,1400,700.0,2100.0,2023년도 전기자동차 양구군 모델별 보조금,2023,양구군
화물(소형),일진정공,일진무시동전기냉동탑차(149.9km),1053,613.0,1666.0,2023년도 전기자동차 양구군 모델별 보조금,2023,양구군
화물(소형),일진정공,일진무시동전기냉동탑차(186.1km),1321,700.0,2021.0,2023년도 전기자동차 양구군 모델별 보조금,2023,양구군
화물(소형),일진정공,일진무시동전기냉동탑차(봉고),1460,700.0,2160.0,2023년도 전기자동차 양구군 모델별 보조금,2023,양구군
화물(소형),일진정공,일진무시동전기냉동탑차(포터),1444,700.0,2144.0,2023년도 전기자동차 양구군 모델별 보조금,2023,양구군
화물(소형),루트17,다니고밴,784,456.0,1240.0,2023년도 전기자동차 양구군 모델별 보조금,2023,양구군
화물(소형),루트17,다니고C(0.8톤 전기트럭),1112,648.0,1760.0,2023년도 전기자동차 양구군 모델별 보조금,2023,양구군
화물(소형),루트17,다니고C2(0.8톤 전기트럭),909,529.0,1438.0,2023년도 전기자동차 양구군 모델별 보조금,2023,양구군
화물(소형),루트17,다니고R(전기냉동탑차),1313,700.0,2013.0,2023년도 전기자동차 양구군 모델별 보조금,2023,양구군
화물(소형),루트17,다니고R2(무시동 전기냉동탑차),1212,0.0,1212.0,2023년도 전기자동차 양구군 모델별 보조금,2023,양구군
화물(소형),한신자동차,플러스2.0,648,378.0,1026.0,2023년도 전기자동차 양구군 모델별 보조금,2023,양구군
화물(소형),비바모빌리티,(단종)비바,932,543.0,1475.0,2023년도 전기자동차 양구군 모델별 보조금,2023,양구군
화물(소형),비바모빌리티,(단종)브라보,802,467.0,1269.0,2023년도 전기자동차 양구군 모델별 보조금,2023,양구군
화물(소형),이브이케이엠씨,(단종)MASADA 2밴,1124,655.0,1779.0,2023년도 전기자동차 양구군 모델별 보조금,2023,양구군
화물(소형),이브이케이엠씨,(단종)MASADA 4밴,1025,597.0,1622.0,2023년도 전기자동차 양구군 모델별 보조금,2023,양구군
화물(소형),이브이케이엠씨,MASADA 픽업,1078,628.0,1706.0,2023년도 전기자동차 양구군 모델별 보조금,2023,양구군
화물(소형),이브이케이엠씨,MASADA 3세대 2밴,1124,655.0,1779.0,2023년도 전기자동차 양구군 모델별 보조금,2023,양구군
화물(소형),이브이케이엠씨,MASADA 3세대 4밴,1025,597.0,1622.0,2023년도 전기자동차 양구군 모델별 보조금,2023,양구군
화물(소형),이브이케이엠씨,MASADA 2밴,1200,0.0,1200.0,2023년도 전기자동차 양구군 모델별 보조금,2023,양구군
화물(소형),경인모터스,경인1톤전기냉동탑차,1151,670.0,1821.0,2023년도 전기자동차 양구군 모델별 보조금,2023,양구군
화물(소형),제이스모빌리티,(단종)이티밴,1200,700.0,1900.0,2023년도 전기자동차 양구군 모델별 보조금,2023,양구군
화물(소형),제이스모빌리티,이티밴,1200,700.0,1900.0,2023년도 전기자동차 양구군 모델별 보조금,2023,양구군
화물(소형),제이스모빌리티,이티4밴,1180,687.0,1867.0,2023년도 전기자동차 양구군 모델별 보조금,2023,양구군
화물(소형),오텍,오텍 무시동 전기 냉동탑차(봉고),1253,700.0,1953.0,2023년도 전기자동차 양구군 모델별 보조금,2023,양구군
화물(소형),이엔플러스,이엔1톤롱바디카고,959,558.0,1517.0,2023년도 전기자동차 양구군 모델별 보조금,2023,양구군
화물(소형),이엔플러스,이엔플러스EV1톤롱바디트럭,1009,588.0,1597.0,2023년도 전기자동차 양구군 모델별 보조금,2023,양구군
화물(소형),GS글로벌,T4K,1200,700.0,1900.0,2023년도 전기자동차 양구군 모델별 보조금,2023,양구군
화물(소형),에스에스라이트,젤라,986,575.0,1561.0,2023년도 전기자동차 양구군 모델별 보조금,2023,양구군
화물(소형),에스에스라이트,젤라 P200,1177,686.0,1863.0,2023년도 전기자동차 양구군 모델별 보조금,2023,양구군
화물(소형),한국쓰리축,한국쓰리축1톤롱바디EV트럭(봉고),943,549.0,1492.0,2023년도 전기자동차 양구군 모델별 보조금,2023,양구군
화물(소형),한국쓰리축,한국쓰리축1톤롱바디EV트럭(포터),963,561.0,1524.0,2023년도 전기자동차 양구군 모델별 보조금,2023,양구군
화물(소형),모빌리티네트웍스,SE-A2밴,1200,700.0,1900.0,2023년도 전기자동차 양구군 모델별 보조금,2023,양구군
화물(초소형),스마트솔루션즈,D2C,550,540.0,1090.0,2023년도 전기자동차 인제군 모델별 보조금,2023,인제군
화물(초소형),스마트솔루션즈,D2P,550,540.0,1090.0,2023년도 전기자동차 인제군 모델별 보조금,2023,인제군
화물(초소형),루트17,다니고3,550,540.0,1090.0,2023년도 전기자동차 인제군 모델별 보조금,2023,인제군
화물(초소형),루트17,다니고3 픽업,550,540.0,1090.0,2023년도 전기자동차 인제군 모델별 보조금,2023,인제군
화물(초소형),마스타전기차,MASTA VAN,550,540.0,1090.0,2023년도 전기자동차 인제군 모델별 보조금,2023,인제군
화물(초소형),마스타전기차,MASTA HIM,550,540.0,1090.0,2023년도 전기자동차 인제군 모델별 보조금,2023,인제군
화물(초소형),디피코,포트로-탑,550,540.0,1090.0,2023년도 전기자동차 인제군 모델별 보조금,2023,인제군
화물(초소형),디피코,포트로-픽업,550,540.0,1090.0,2023년도 전기자동차 인제군 모델별 보조금,2023,인제군
화물(초소형),디피코,포트로-탑S,550,540.0,1090.0,2023년도 전기자동차 인제군 모델별 보조금,2023,인제군
화물(초소형),디피코,포트로-픽업S,550,540.0,1090.0,2023년도 전기자동차 인제군 모델별 보조금,2023,인제군
화물(초소형),진우에스엠씨,포텐스,550,540.0,1090.0,2023년도 전기자동차 인제군 모델별 보조금,2023,인제군
화물(경형),파워프라자,라보ev PEACE,900,800.0,1700.0,2023년도 전기자동차 인제군 모델별 보조금,2023,인제군
화물(경형),디피코,포트로350L-탑,900,800.0,1700.0,2023년도 전기자동차 인제군 모델별 보조금,2023,인제군
화물(경형),디피코,포트로350L-픽업,900,0.0,900.0,2023년도 전기자동차 인제군 모델별 보조금,2023,인제군
화물(소형),제인모터스,제인모터스칼마토EV1톤내장탑차,498,290.0,788.0,2023년도 전기자동차 인제군 모델별 보조금,2023,인제군
화물(소형),파워프라자,봉고3ev PEACE,536,312.0,848.0,2023년도 전기자동차 인제군 모델별 보조금,2023,인제군
화물(소형),파워프라자,봉고3ev PEACE 더블캡,437,254.0,691.0,2023년도 전기자동차 인제군 모델별 보조금,2023,인제군
화물(소형),현대자동차,포터Ⅱ 일렉트릭(23MY),1200,700.0,1900.0,2023년도 전기자동차 인제군 모델별 보조금,2023,인제군
화물(소형),현대자동차,포터Ⅱ 일렉트릭(24MY),1200,700.0,1900.0,2023년도 전기자동차 인제군 모델별 보조금,2023,인제군
화물(소형),기아,봉고 전기차,1200,700.0,1900.0,2023년도 전기자동차 인제군 모델별 보조금,2023,인제군
화물(소형),기아,봉고 전기차 냉동탑차,1400,700.0,2100.0,2023년도 전기자동차 인제군 모델별 보조금,2023,인제군
화물(소형),기아,봉고 전기차 저상형 냉동탑차,1400,700.0,2100.0,2023년도 전기자동차 인제군 모델별 보조금,2023,인제군
화물(소형),일진정공,일진무시동전기냉동탑차(149.9km),1053,614.0,1667.0,2023년도 전기자동차 인제군 모델별 보조금,2023,인제군
화물(소형),일진정공,일진무시동전기냉동탑차(186.1km),1321,700.0,2021.0,2023년도 전기자동차 인제군 모델별 보조금,2023,인제군
화물(소형),일진정공,일진무시동전기냉동탑차(봉고),1460,700.0,2160.0,2023년도 전기자동차 인제군 모델별 보조금,2023,인제군
화물(소형),일진정공,일진무시동전기냉동탑차(포터),1444,700.0,2144.0,2023년도 전기자동차 인제군 모델별 보조금,2023,인제군
화물(소형),루트17,다니고밴,784,457.0,1241.0,2023년도 전기자동차 인제군 모델별 보조금,2023,인제군
화물(소형),루트17,다니고C(0.8톤 전기트럭),1112,648.0,1760.0,2023년도 전기자동차 인제군 모델별 보조금,2023,인제군
화물(소형),루트17,다니고C2(0.8톤 전기트럭),909,530.0,1439.0,2023년도 전기자동차 인제군 모델별 보조금,2023,인제군
화물(소형),루트17,다니고R(전기냉동탑차),1313,700.0,2013.0,2023년도 전기자동차 인제군 모델별 보조금,2023,인제군
화물(소형),루트17,다니고R2(무시동 전기냉동탑차),1212,700.0,1912.0,2023년도 전기자동차 인제군 모델별 보조금,2023,인제군
화물(소형),한신자동차,플러스2.0,648,378.0,1026.0,2023년도 전기자동차 인제군 모델별 보조금,2023,인제군
화물(소형),비바모빌리티,(단종)비바,932,543.0,1475.0,2023년도 전기자동차 인제군 모델별 보조금,2023,인제군
화물(소형),비바모빌리티,(단종)브라보,802,467.0,1269.0,2023년도 전기자동차 인제군 모델별 보조금,2023,인제군
화물(소형),이브이케이엠씨,(단종)MASADA 2밴,1124,655.0,1779.0,2023년도 전기자동차 인제군 모델별 보조금,2023,인제군
화물(소형),이브이케이엠씨,(단종)MASADA 4밴,1025,597.0,1622.0,2023년도 전기자동차 인제군 모델별 보조금,2023,인제군
화물(소형),이브이케이엠씨,MASADA 픽업,1078,628.0,1706.0,2023년도 전기자동차 인제군 모델별 보조금,2023,인제군
화물(소형),이브이케이엠씨,MASADA 3세대 2밴,1124,655.0,1779.0,2023년도 전기자동차 인제군 모델별 보조금,2023,인제군
화물(소형),이브이케이엠씨,MASADA 3세대 4밴,1025,597.0,1622.0,2023년도 전기자동차 인제군 모델별 보조금,2023,인제군
화물(소형),이브이케이엠씨,MASADA 2밴,1200,700.0,1900.0,2023년도 전기자동차 인제군 모델별 보조금,2023,인제군
화물(소형),경인모터스,경인1톤전기냉동탑차,1151,671.0,1822.0,2023년도 전기자동차 인제군 모델별 보조금,2023,인제군
화물(소형),제이스모빌리티,(단종)이티밴,1200,700.0,1900.0,2023년도 전기자동차 인제군 모델별 보조금,2023,인제군
화물(소형),제이스모빌리티,이티밴,1200,700.0,1900.0,2023년도 전기자동차 인제군 모델별 보조금,2023,인제군
화물(소형),제이스모빌리티,이티4밴,1180,688.0,1868.0,2023년도 전기자동차 인제군 모델별 보조금,2023,인제군
화물(소형),오텍,오텍 무시동 전기 냉동탑차(봉고),1253,700.0,1953.0,2023년도 전기자동차 인제군 모델별 보조금,2023,인제군
화물(소형),이엔플러스,이엔1톤롱바디카고,959,558.0,1517.0,2023년도 전기자동차 인제군 모델별 보조금,2023,인제군
화물(소형),이엔플러스,이엔플러스EV1톤롱바디트럭,1009,588.0,1597.0,2023년도 전기자동차 인제군 모델별 보조금,2023,인제군
화물(소형),GS글로벌,T4K,1200,700.0,1900.0,2023년도 전기자동차 인제군 모델별 보조금,2023,인제군
화물(소형),에스에스라이트,젤라,986,575.0,1561.0,2023년도 전기자동차 인제군 모델별 보조금,2023,인제군
화물(소형),에스에스라이트,젤라 P200,1177,686.0,1863.0,2023년도 전기자동차 인제군 모델별 보조금,2023,인제군
화물(소형),한국쓰리축,한국쓰리축1톤롱바디EV트럭(봉고),943,550.0,1493.0,2023년도 전기자동차 인제군 모델별 보조금,2023,인제군
화물(소형),한국쓰리축,한국쓰리축1톤롱바디EV트럭(포터),963,561.0,1524.0,2023년도 전기자동차 인제군 모델별 보조금,2023,인제군
화물(소형),모빌리티네트웍스,SE-A2밴,1200,700.0,1900.0,2023년도 전기자동차 인제군 모델별 보조금,2023,인제군
화물(초소형),스마트솔루션즈,D2C,550,540.0,1090.0,2023년도 전기자동차 고성군 모델별 보조금,2023,고성군
화물(초소형),스마트솔루션즈,D2P,550,540.0,1090.0,2023년도 전기자동차 고성군 모델별 보조금,2023,고성군
화물(초소형),루트17,다니고3,550,540.0,1090.0,2023년도 전기자동차 고성군 모델별 보조금,2023,고성군
화물(초소형),루트17,다니고3 픽업,550,540.0,1090.0,2023년도 전기자동차 고성군 모델별 보조금,2023,고성군
화물(초소형),마스타전기차,MASTA VAN,550,540.0,1090.0,2023년도 전기자동차 고성군 모델별 보조금,2023,고성군
화물(초소형),마스타전기차,MASTA HIM,550,540.0,1090.0,2023년도 전기자동차 고성군 모델별 보조금,2023,고성군
화물(초소형),디피코,포트로-탑,550,540.0,1090.0,2023년도 전기자동차 고성군 모델별 보조금,2023,고성군
화물(초소형),디피코,포트로-픽업,550,540.0,1090.0,2023년도 전기자동차 고성군 모델별 보조금,2023,고성군
화물(초소형),디피코,포트로-탑S,550,540.0,1090.0,2023년도 전기자동차 고성군 모델별 보조금,2023,고성군
화물(초소형),디피코,포트로-픽업S,550,540.0,1090.0,2023년도 전기자동차 고성군 모델별 보조금,2023,고성군
화물(초소형),진우에스엠씨,포텐스,550,540.0,1090.0,2023년도 전기자동차 고성군 모델별 보조금,2023,고성군
화물(경형),파워프라자,라보ev PEACE,900,800.0,1700.0,2023년도 전기자동차 고성군 모델별 보조금,2023,고성군
화물(경형),디피코,포트로350L-탑,900,800.0,1700.0,2023년도 전기자동차 고성군 모델별 보조금,2023,고성군
화물(경형),디피코,포트로350L-픽업,900,0.0,900.0,2023년도 전기자동차 고성군 모델별 보조금,2023,고성군
화물(소형),제인모터스,제인모터스칼마토EV1톤내장탑차,498,290.0,788.0,2023년도 전기자동차 고성군 모델별 보조금,2023,고성군
화물(소형),파워프라자,봉고3ev PEACE,536,312.0,848.0,2023년도 전기자동차 고성군 모델별 보조금,2023,고성군
화물(소형),파워프라자,봉고3ev PEACE 더블캡,437,254.0,691.0,2023년도 전기자동차 고성군 모델별 보조금,2023,고성군
화물(소형),현대자동차,포터Ⅱ 일렉트릭(23MY),1200,700.0,1900.0,2023년도 전기자동차 고성군 모델별 보조금,2023,고성군
화물(소형),현대자동차,포터Ⅱ 일렉트릭(24MY),1200,700.0,1900.0,2023년도 전기자동차 고성군 모델별 보조금,2023,고성군
화물(소형),기아,봉고 전기차,1200,700.0,1900.0,2023년도 전기자동차 고성군 모델별 보조금,2023,고성군
화물(소형),기아,봉고 전기차 냉동탑차,1400,700.0,2100.0,2023년도 전기자동차 고성군 모델별 보조금,2023,고성군
화물(소형),기아,봉고 전기차 저상형 냉동탑차,1400,700.0,2100.0,2023년도 전기자동차 고성군 모델별 보조금,2023,고성군
화물(소형),일진정공,일진무시동전기냉동탑차(149.9km),1053,614.0,1667.0,2023년도 전기자동차 고성군 모델별 보조금,2023,고성군
화물(소형),일진정공,일진무시동전기냉동탑차(186.1km),1321,700.0,2021.0,2023년도 전기자동차 고성군 모델별 보조금,2023,고성군
화물(소형),일진정공,일진무시동전기냉동탑차(봉고),1460,700.0,2160.0,2023년도 전기자동차 고성군 모델별 보조금,2023,고성군
화물(소형),일진정공,일진무시동전기냉동탑차(포터),1444,700.0,2144.0,2023년도 전기자동차 고성군 모델별 보조금,2023,고성군
화물(소형),루트17,다니고밴,784,457.0,1241.0,2023년도 전기자동차 고성군 모델별 보조금,2023,고성군
화물(소형),루트17,다니고C(0.8톤 전기트럭),1112,648.0,1760.0,2023년도 전기자동차 고성군 모델별 보조금,2023,고성군
화물(소형),루트17,다니고C2(0.8톤 전기트럭),909,530.0,1439.0,2023년도 전기자동차 고성군 모델별 보조금,2023,고성군
화물(소형),루트17,다니고R(전기냉동탑차),1313,700.0,2013.0,2023년도 전기자동차 고성군 모델별 보조금,2023,고성군
화물(소형),루트17,다니고R2(무시동 전기냉동탑차),1212,700.0,1912.0,2023년도 전기자동차 고성군 모델별 보조금,2023,고성군
화물(소형),한신자동차,플러스2.0,648,378.0,1026.0,2023년도 전기자동차 고성군 모델별 보조금,2023,고성군
화물(소형),비바모빌리티,(단종)비바,932,543.0,1475.0,2023년도 전기자동차 고성군 모델별 보조금,2023,고성군
화물(소형),비바모빌리티,(단종)브라보,802,467.0,1269.0,2023년도 전기자동차 고성군 모델별 보조금,2023,고성군
화물(소형),이브이케이엠씨,(단종)MASADA 2밴,1124,655.0,1779.0,2023년도 전기자동차 고성군 모델별 보조금,2023,고성군
화물(소형),이브이케이엠씨,(단종)MASADA 4밴,1025,597.0,1622.0,2023년도 전기자동차 고성군 모델별 보조금,2023,고성군
화물(소형),이브이케이엠씨,MASADA 픽업,1078,628.0,1706.0,2023년도 전기자동차 고성군 모델별 보조금,2023,고성군
화물(소형),이브이케이엠씨,MASADA 3세대 2밴,1124,655.0,1779.0,2023년도 전기자동차 고성군 모델별 보조금,2023,고성군
화물(소형),이브이케이엠씨,MASADA 3세대 4밴,1025,597.0,1622.0,2023년도 전기자동차 고성군 모델별 보조금,2023,고성군
화물(소형),이브이케이엠씨,MASADA 2밴,1200,700.0,1900.0,2023년도 전기자동차 고성군 모델별 보조금,2023,고성군
화물(소형),이브이케이엠씨,MASADA 4밴,1200,700.0,1900.0,2023년도 전기자동차 고성군 모델별 보조금,2023,고성군
화물(소형),경인모터스,경인1톤전기냉동탑차,1151,671.0,1822.0,2023년도 전기자동차 고성군 모델별 보조금,2023,고성군
화물(소형),제이스모빌리티,(단종)이티밴,1200,700.0,1900.0,2023년도 전기자동차 고성군 모델별 보조금,2023,고성군
화물(소형),제이스모빌리티,이티밴,1200,700.0,1900.0,2023년도 전기자동차 고성군 모델별 보조금,2023,고성군
화물(소형),제이스모빌리티,이티4밴,1180,688.0,1868.0,2023년도 전기자동차 고성군 모델별 보조금,2023,고성군
화물(소형),오텍,오텍 무시동 전기 냉동탑차(봉고),1253,700.0,1953.0,2023년도 전기자동차 고성군 모델별 보조금,2023,고성군
화물(소형),이엔플러스,이엔1톤롱바디카고,959,559.0,1518.0,2023년도 전기자동차 고성군 모델별 보조금,2023,고성군
화물(소형),이엔플러스,이엔플러스EV1톤롱바디트럭,1009,588.0,1597.0,2023년도 전기자동차 고성군 모델별 보조금,2023,고성군
화물(소형),GS글로벌,T4K,1200,700.0,1900.0,2023년도 전기자동차 고성군 모델별 보조금,2023,고성군
화물(소형),에스에스라이트,젤라,986,575.0,1561.0,2023년도 전기자동차 고성군 모델별 보조금,2023,고성군
화물(소형),에스에스라이트,젤라 P200,1177,686.0,1863.0,2023년도 전기자동차 고성군 모델별 보조금,2023,고성군
화물(소형),한국쓰리축,한국쓰리축1톤롱바디EV트럭(봉고),943,550.0,1493.0,2023년도 전기자동차 고성군 모델별 보조금,2023,고성군
화물(소형),한국쓰리축,한국쓰리축1톤롱바디EV트럭(포터),963,561.0,1524.0,2023년도 전기자동차 고성군 모델별 보조금,2023,고성군
화물(소형),모빌리티네트웍스,SE-A2밴,1200,700.0,1900.0,2023년도 전기자동차 고성군 모델별 보조금,2023,고성군
화물(초소형),스마트솔루션즈,D2C,550,540.0,1090.0,2023년도 전기자동차 양양군 모델별 보조금,2023,양양군
화물(초소형),스마트솔루션즈,D2P,550,540.0,1090.0,2023년도 전기자동차 양양군 모델별 보조금,2023,양양군
화물(초소형),루트17,다니고3,550,540.0,1090.0,2023년도 전기자동차 양양군 모델별 보조금,2023,양양군
화물(초소형),루트17,다니고3 픽업,550,540.0,1090.0,2023년도 전기자동차 양양군 모델별 보조금,2023,양양군
화물(초소형),마스타전기차,MASTA VAN,550,540.0,1090.0,2023년도 전기자동차 양양군 모델별 보조금,2023,양양군
화물(초소형),마스타전기차,MASTA HIM,550,540.0,1090.0,2023년도 전기자동차 양양군 모델별 보조금,2023,양양군
화물(초소형),디피코,포트로-탑,550,540.0,1090.0,2023년도 전기자동차 양양군 모델별 보조금,2023,양양군
화물(초소형),디피코,포트로-픽업,550,540.0,1090.0,2023년도 전기자동차 양양군 모델별 보조금,2023,양양군
화물(초소형),디피코,포트로-탑S,550,540.0,1090.0,2023년도 전기자동차 양양군 모델별 보조금,2023,양양군
화물(초소형),디피코,포트로-픽업S,550,540.0,1090.0,2023년도 전기자동차 양양군 모델별 보조금,2023,양양군
화물(초소형),진우에스엠씨,포텐스,550,540.0,1090.0,2023년도 전기자동차 양양군 모델별 보조금,2023,양양군
화물(경형),파워프라자,라보ev PEACE,900,800.0,1700.0,2023년도 전기자동차 양양군 모델별 보조금,2023,양양군
화물(경형),디피코,포트로350L-탑,900,800.0,1700.0,2023년도 전기자동차 양양군 모델별 보조금,2023,양양군
화물(경형),디피코,포트로350L-픽업,900,800.0,1700.0,2023년도 전기자동차 양양군 모델별 보조금,2023,양양군
화물(소형),제인모터스,제인모터스칼마토EV1톤내장탑차,498,700.0,1198.0,2023년도 전기자동차 양양군 모델별 보조금,2023,양양군
화물(소형),파워프라자,봉고3ev PEACE,536,312.0,848.0,2023년도 전기자동차 양양군 모델별 보조금,2023,양양군
화물(소형),파워프라자,봉고3ev PEACE 더블캡,437,254.0,691.0,2023년도 전기자동차 양양군 모델별 보조금,2023,양양군
화물(소형),현대자동차,포터Ⅱ 일렉트릭(23MY),1200,700.0,1900.0,2023년도 전기자동차 양양군 모델별 보조금,2023,양양군
화물(소형),현대자동차,포터Ⅱ 일렉트릭(24MY),1200,700.0,1900.0,2023년도 전기자동차 양양군 모델별 보조금,2023,양양군
화물(소형),기아,봉고 전기차,1200,700.0,1900.0,2023년도 전기자동차 양양군 모델별 보조금,2023,양양군
화물(소형),기아,봉고 전기차 냉동탑차,1400,700.0,2100.0,2023년도 전기자동차 양양군 모델별 보조금,2023,양양군
화물(소형),기아,봉고 전기차 저상형 냉동탑차,1400,700.0,2100.0,2023년도 전기자동차 양양군 모델별 보조금,2023,양양군
화물(소형),일진정공,일진무시동전기냉동탑차(149.9km),1053,614.0,1667.0,2023년도 전기자동차 양양군 모델별 보조금,2023,양양군
화물(소형),일진정공,일진무시동전기냉동탑차(186.1km),1321,700.0,2021.0,2023년도 전기자동차 양양군 모델별 보조금,2023,양양군
화물(소형),일진정공,일진무시동전기냉동탑차(봉고),1460,700.0,2160.0,2023년도 전기자동차 양양군 모델별 보조금,2023,양양군
화물(소형),일진정공,일진무시동전기냉동탑차(포터),1444,700.0,2144.0,2023년도 전기자동차 양양군 모델별 보조금,2023,양양군
화물(소형),루트17,다니고밴,784,457.0,1241.0,2023년도 전기자동차 양양군 모델별 보조금,2023,양양군
화물(소형),루트17,다니고C(0.8톤 전기트럭),1112,648.0,1760.0,2023년도 전기자동차 양양군 모델별 보조금,2023,양양군
화물(소형),루트17,다니고C2(0.8톤 전기트럭),909,530.0,1439.0,2023년도 전기자동차 양양군 모델별 보조금,2023,양양군
화물(소형),루트17,다니고R(전기냉동탑차),1313,700.0,2013.0,2023년도 전기자동차 양양군 모델별 보조금,2023,양양군
화물(소형),루트17,다니고R2(무시동 전기냉동탑차),1212,700.0,1912.0,2023년도 전기자동차 양양군 모델별 보조금,2023,양양군
화물(소형),한신자동차,플러스2.0,648,378.0,1026.0,2023년도 전기자동차 양양군 모델별 보조금,2023,양양군
화물(소형),비바모빌리티,(단종)비바,932,700.0,1632.0,2023년도 전기자동차 양양군 모델별 보조금,2023,양양군
화물(소형),비바모빌리티,(단종)브라보,802,700.0,1502.0,2023년도 전기자동차 양양군 모델별 보조금,2023,양양군
화물(소형),이브이케이엠씨,(단종)MASADA 2밴,1124,700.0,1824.0,2023년도 전기자동차 양양군 모델별 보조금,2023,양양군
화물(소형),이브이케이엠씨,(단종)MASADA 4밴,1025,700.0,1725.0,2023년도 전기자동차 양양군 모델별 보조금,2023,양양군
화물(소형),이브이케이엠씨,MASADA 픽업,1078,628.0,1706.0,2023년도 전기자동차 양양군 모델별 보조금,2023,양양군
화물(소형),이브이케이엠씨,MASADA 3세대 2밴,1124,655.0,1779.0,2023년도 전기자동차 양양군 모델별 보조금,2023,양양군
화물(소형),이브이케이엠씨,MASADA 3세대 4밴,1025,597.0,1622.0,2023년도 전기자동차 양양군 모델별 보조금,2023,양양군
화물(소형),이브이케이엠씨,MASADA 2밴,1200,700.0,1900.0,2023년도 전기자동차 양양군 모델별 보조금,2023,양양군
화물(소형),경인모터스,경인1톤전기냉동탑차,1151,671.0,1822.0,2023년도 전기자동차 양양군 모델별 보조금,2023,양양군
화물(소형),제이스모빌리티,(단종)이티밴,1200,700.0,1900.0,2023년도 전기자동차 양양군 모델별 보조금,2023,양양군
화물(소형),제이스모빌리티,이티밴,1200,700.0,1900.0,2023년도 전기자동차 양양군 모델별 보조금,2023,양양군
화물(소형),제이스모빌리티,이티4밴,1180,688.0,1868.0,2023년도 전기자동차 양양군 모델별 보조금,2023,양양군
화물(소형),오텍,오텍 무시동 전기 냉동탑차(봉고),1253,700.0,1953.0,2023년도 전기자동차 양양군 모델별 보조금,2023,양양군
화물(소형),이엔플러스,이엔1톤롱바디카고,959,559.0,1518.0,2023년도 전기자동차 양양군 모델별 보조금,2023,양양군
화물(소형),이엔플러스,이엔플러스EV1톤롱바디트럭,1009,588.0,1597.0,2023년도 전기자동차 양양군 모델별 보조금,2023,양양군
화물(소형),GS글로벌,T4K,1200,700.0,1900.0,2023년도 전기자동차 양양군 모델별 보조금,2023,양양군
화물(소형),에스에스라이트,젤라,986,575.0,1561.0,2023년도 전기자동차 양양군 모델별 보조금,2023,양양군
화물(소형),에스에스라이트,젤라 P200,1177,686.0,1863.0,2023년도 전기자동차 양양군 모델별 보조금,2023,양양군
화물(소형),한국쓰리축,한국쓰리축1톤롱바디EV트럭(봉고),943,550.0,1493.0,2023년도 전기자동차 양양군 모델별 보조금,2023,양양군
화물(소형),한국쓰리축,한국쓰리축1톤롱바디EV트럭(포터),963,561.0,1524.0,2023년도 전기자동차 양양군 모델별 보조금,2023,양양군
화물(소형),모빌리티네트웍스,SE-A2밴,1200,700.0,1900.0,2023년도 전기자동차 양양군 모델별 보조금,2023,양양군
화물(초소형),스마트솔루션즈,D2C,550,275.0,825.0,2023년도 전기자동차 청주시 모델별 보조금,2023,청주시
화물(초소형),스마트솔루션즈,D2P,550,275.0,825.0,2023년도 전기자동차 청주시 모델별 보조금,2023,청주시
화물(초소형),루트17,다니고3,550,275.0,825.0,2023년도 전기자동차 청주시 모델별 보조금,2023,청주시
화물(초소형),루트17,다니고3 픽업,550,275.0,825.0,2023년도 전기자동차 청주시 모델별 보조금,2023,청주시
화물(초소형),마스타전기차,MASTA VAN,550,275.0,825.0,2023년도 전기자동차 청주시 모델별 보조금,2023,청주시
화물(초소형),마스타전기차,MASTA HIM,550,275.0,825.0,2023년도 전기자동차 청주시 모델별 보조금,2023,청주시
화물(초소형),디피코,포트로-탑,550,275.0,825.0,2023년도 전기자동차 청주시 모델별 보조금,2023,청주시
화물(초소형),디피코,포트로-픽업,550,275.0,825.0,2023년도 전기자동차 청주시 모델별 보조금,2023,청주시
화물(초소형),디피코,포트로-탑S,550,275.0,825.0,2023년도 전기자동차 청주시 모델별 보조금,2023,청주시
화물(초소형),디피코,포트로-픽업S,550,275.0,825.0,2023년도 전기자동차 청주시 모델별 보조금,2023,청주시
화물(초소형),진우에스엠씨,포텐스,550,275.0,825.0,2023년도 전기자동차 청주시 모델별 보조금,2023,청주시
화물(경형),파워프라자,라보ev PEACE,900,450.0,1350.0,2023년도 전기자동차 청주시 모델별 보조금,2023,청주시
화물(경형),디피코,포트로350L-탑,900,450.0,1350.0,2023년도 전기자동차 청주시 모델별 보조금,2023,청주시
화물(경형),디피코,포트로350L-픽업,900,450.0,1350.0,2023년도 전기자동차 청주시 모델별 보조금,2023,청주시
화물(소형),제인모터스,제인모터스칼마토EV1톤내장탑차,498,291.0,789.0,2023년도 전기자동차 청주시 모델별 보조금,2023,청주시
화물(소형),파워프라자,봉고3ev PEACE,536,313.0,849.0,2023년도 전기자동차 청주시 모델별 보조금,2023,청주시
화물(소형),파워프라자,봉고3ev PEACE 더블캡,437,255.0,692.0,2023년도 전기자동차 청주시 모델별 보조금,2023,청주시
화물(소형),현대자동차,포터Ⅱ 일렉트릭(23MY),1200,700.0,1900.0,2023년도 전기자동차 청주시 모델별 보조금,2023,청주시
화물(소형),현대자동차,포터Ⅱ 일렉트릭(24MY),1200,700.0,1900.0,2023년도 전기자동차 청주시 모델별 보조금,2023,청주시
화물(소형),기아,봉고 전기차,1200,700.0,1900.0,2023년도 전기자동차 청주시 모델별 보조금,2023,청주시
화물(소형),기아,봉고 전기차 냉동탑차,1400,817.0,2217.0,2023년도 전기자동차 청주시 모델별 보조금,2023,청주시
화물(소형),기아,봉고 전기차 저상형 냉동탑차,1400,817.0,2217.0,2023년도 전기자동차 청주시 모델별 보조금,2023,청주시
화물(소형),일진정공,일진무시동전기냉동탑차(149.9km),1053,614.0,1667.0,2023년도 전기자동차 청주시 모델별 보조금,2023,청주시
화물(소형),일진정공,일진무시동전기냉동탑차(186.1km),1321,771.0,2092.0,2023년도 전기자동차 청주시 모델별 보조금,2023,청주시
화물(소형),일진정공,일진무시동전기냉동탑차(봉고),1460,852.0,2312.0,2023년도 전기자동차 청주시 모델별 보조금,2023,청주시
화물(소형),일진정공,일진무시동전기냉동탑차(포터),1444,842.0,2286.0,2023년도 전기자동차 청주시 모델별 보조금,2023,청주시
화물(소형),루트17,다니고밴,784,457.0,1241.0,2023년도 전기자동차 청주시 모델별 보조금,2023,청주시
화물(소형),루트17,다니고C(0.8톤 전기트럭),1112,649.0,1761.0,2023년도 전기자동차 청주시 모델별 보조금,2023,청주시
화물(소형),루트17,다니고C2(0.8톤 전기트럭),909,530.0,1439.0,2023년도 전기자동차 청주시 모델별 보조금,2023,청주시
화물(소형),루트17,다니고R(전기냉동탑차),1313,766.0,2079.0,2023년도 전기자동차 청주시 모델별 보조금,2023,청주시
화물(소형),루트17,다니고R2(무시동 전기냉동탑차),1212,707.0,1919.0,2023년도 전기자동차 청주시 모델별 보조금,2023,청주시
화물(소형),한신자동차,플러스2.0,648,378.0,1026.0,2023년도 전기자동차 청주시 모델별 보조금,2023,청주시
화물(소형),비바모빌리티,(단종)비바,932,544.0,1476.0,2023년도 전기자동차 청주시 모델별 보조금,2023,청주시
화물(소형),비바모빌리티,(단종)브라보,802,468.0,1270.0,2023년도 전기자동차 청주시 모델별 보조금,2023,청주시
화물(소형),이브이케이엠씨,(단종)MASADA 2밴,1124,656.0,1780.0,2023년도 전기자동차 청주시 모델별 보조금,2023,청주시
화물(소형),이브이케이엠씨,(단종)MASADA 4밴,1025,598.0,1623.0,2023년도 전기자동차 청주시 모델별 보조금,2023,청주시
화물(소형),이브이케이엠씨,MASADA 픽업,1078,629.0,1707.0,2023년도 전기자동차 청주시 모델별 보조금,2023,청주시
화물(소형),이브이케이엠씨,MASADA 3세대 2밴,1124,656.0,1780.0,2023년도 전기자동차 청주시 모델별 보조금,2023,청주시
화물(소형),이브이케이엠씨,MASADA 3세대 4밴,1025,598.0,1623.0,2023년도 전기자동차 청주시 모델별 보조금,2023,청주시
화물(소형),이브이케이엠씨,MASADA 2밴,1200,700.0,1900.0,2023년도 전기자동차 청주시 모델별 보조금,2023,청주시
화물(소형),이브이케이엠씨,MASADA 4밴,1200,700.0,1900.0,2023년도 전기자동차 청주시 모델별 보조금,2023,청주시
화물(소형),경인모터스,경인1톤전기냉동탑차,1151,671.0,1822.0,2023년도 전기자동차 청주시 모델별 보조금,2023,청주시
화물(소형),제이스모빌리티,(단종)이티밴,1200,700.0,1900.0,2023년도 전기자동차 청주시 모델별 보조금,2023,청주시
화물(소형),제이스모빌리티,이티밴,1200,700.0,1900.0,2023년도 전기자동차 청주시 모델별 보조금,2023,청주시
화물(소형),제이스모빌리티,이티4밴,1180,688.0,1868.0,2023년도 전기자동차 청주시 모델별 보조금,2023,청주시
화물(소형),오텍,오텍 무시동 전기 냉동탑차(봉고),1253,731.0,1984.0,2023년도 전기자동차 청주시 모델별 보조금,2023,청주시
화물(소형),이엔플러스,이엔1톤롱바디카고,959,559.0,1518.0,2023년도 전기자동차 청주시 모델별 보조금,2023,청주시
화물(소형),이엔플러스,이엔플러스EV1톤롱바디트럭,1009,589.0,1598.0,2023년도 전기자동차 청주시 모델별 보조금,2023,청주시
화물(소형),GS글로벌,T4K,1200,700.0,1900.0,2023년도 전기자동차 청주시 모델별 보조금,2023,청주시
화물(소형),에스에스라이트,젤라,986,575.0,1561.0,2023년도 전기자동차 청주시 모델별 보조금,2023,청주시
화물(소형),에스에스라이트,젤라 P200,1177,687.0,1864.0,2023년도 전기자동차 청주시 모델별 보조금,2023,청주시
화물(소형),한국쓰리축,한국쓰리축1톤롱바디EV트럭(봉고),943,550.0,1493.0,2023년도 전기자동차 청주시 모델별 보조금,2023,청주시
화물(소형),한국쓰리축,한국쓰리축1톤롱바디EV트럭(포터),963,561.0,1524.0,2023년도 전기자동차 청주시 모델별 보조금,2023,청주시
화물(소형),모빌리티네트웍스,SE-A2밴,1200,700.0,1900.0,2023년도 전기자동차 청주시 모델별 보조금,2023,청주시
화물(초소형),스마트솔루션즈,D2C,550,275.0,825.0,2023년도 전기자동차 충주시 모델별 보조금,2023,충주시
화물(초소형),스마트솔루션즈,D2P,550,275.0,825.0,2023년도 전기자동차 충주시 모델별 보조금,2023,충주시
화물(초소형),루트17,다니고3,550,275.0,825.0,2023년도 전기자동차 충주시 모델별 보조금,2023,충주시
화물(초소형),루트17,다니고3 픽업,550,275.0,825.0,2023년도 전기자동차 충주시 모델별 보조금,2023,충주시
화물(초소형),마스타전기차,MASTA VAN,550,275.0,825.0,2023년도 전기자동차 충주시 모델별 보조금,2023,충주시
화물(초소형),마스타전기차,MASTA HIM,550,275.0,825.0,2023년도 전기자동차 충주시 모델별 보조금,2023,충주시
화물(초소형),디피코,포트로-탑,550,0.0,550.0,2023년도 전기자동차 충주시 모델별 보조금,2023,충주시
화물(초소형),디피코,포트로-픽업,550,0.0,550.0,2023년도 전기자동차 충주시 모델별 보조금,2023,충주시
화물(초소형),디피코,포트로-탑S,550,275.0,825.0,2023년도 전기자동차 충주시 모델별 보조금,2023,충주시
화물(초소형),디피코,포트로-픽업S,550,275.0,825.0,2023년도 전기자동차 충주시 모델별 보조금,2023,충주시
화물(초소형),진우에스엠씨,포텐스,550,275.0,825.0,2023년도 전기자동차 충주시 모델별 보조금,2023,충주시
화물(경형),파워프라자,라보ev PEACE,900,450.0,1350.0,2023년도 전기자동차 충주시 모델별 보조금,2023,충주시
화물(경형),디피코,포트로350L-탑,900,0.0,900.0,2023년도 전기자동차 충주시 모델별 보조금,2023,충주시
화물(경형),디피코,포트로350L-픽업,900,0.0,900.0,2023년도 전기자동차 충주시 모델별 보조금,2023,충주시
화물(소형),제인모터스,제인모터스칼마토EV1톤내장탑차,498,291.0,789.0,2023년도 전기자동차 충주시 모델별 보조금,2023,충주시
화물(소형),파워프라자,봉고3ev PEACE,536,313.0,849.0,2023년도 전기자동차 충주시 모델별 보조금,2023,충주시
화물(소형),파워프라자,봉고3ev PEACE 더블캡,437,255.0,692.0,2023년도 전기자동차 충주시 모델별 보조금,2023,충주시
화물(소형),현대자동차,포터Ⅱ 일렉트릭(24MY),1200,700.0,1900.0,2023년도 전기자동차 충주시 모델별 보조금,2023,충주시
화물(소형),기아,봉고 전기차,1200,700.0,1900.0,2023년도 전기자동차 충주시 모델별 보조금,2023,충주시
화물(소형),기아,봉고 전기차 냉동탑차,1400,817.0,2217.0,2023년도 전기자동차 충주시 모델별 보조금,2023,충주시
화물(소형),기아,봉고 전기차 저상형 냉동탑차,1400,817.0,2217.0,2023년도 전기자동차 충주시 모델별 보조금,2023,충주시
화물(소형),일진정공,일진무시동전기냉동탑차(149.9km),1053,614.0,1667.0,2023년도 전기자동차 충주시 모델별 보조금,2023,충주시
화물(소형),일진정공,일진무시동전기냉동탑차(186.1km),1321,771.0,2092.0,2023년도 전기자동차 충주시 모델별 보조금,2023,충주시
화물(소형),일진정공,일진무시동전기냉동탑차(봉고),1460,852.0,2312.0,2023년도 전기자동차 충주시 모델별 보조금,2023,충주시
화물(소형),일진정공,일진무시동전기냉동탑차(포터),1444,842.0,2286.0,2023년도 전기자동차 충주시 모델별 보조금,2023,충주시
화물(소형),루트17,다니고밴,784,457.0,1241.0,2023년도 전기자동차 충주시 모델별 보조금,2023,충주시
화물(소형),루트17,다니고C(0.8톤 전기트럭),1112,649.0,1761.0,2023년도 전기자동차 충주시 모델별 보조금,2023,충주시
화물(소형),루트17,다니고C2(0.8톤 전기트럭),909,530.0,1439.0,2023년도 전기자동차 충주시 모델별 보조금,2023,충주시
화물(소형),루트17,다니고R(전기냉동탑차),1313,766.0,2079.0,2023년도 전기자동차 충주시 모델별 보조금,2023,충주시
화물(소형),루트17,다니고R2(무시동 전기냉동탑차),1212,707.0,1919.0,2023년도 전기자동차 충주시 모델별 보조금,2023,충주시
화물(소형),한신자동차,플러스2.0,648,378.0,1026.0,2023년도 전기자동차 충주시 모델별 보조금,2023,충주시
화물(소형),비바모빌리티,(단종)비바,932,544.0,1476.0,2023년도 전기자동차 충주시 모델별 보조금,2023,충주시
화물(소형),비바모빌리티,(단종)브라보,802,468.0,1270.0,2023년도 전기자동차 충주시 모델별 보조금,2023,충주시
화물(소형),이브이케이엠씨,(단종)MASADA 2밴,1124,656.0,1780.0,2023년도 전기자동차 충주시 모델별 보조금,2023,충주시
화물(소형),이브이케이엠씨,(단종)MASADA 4밴,1025,598.0,1623.0,2023년도 전기자동차 충주시 모델별 보조금,2023,충주시
화물(소형),이브이케이엠씨,MASADA 픽업,1078,629.0,1707.0,2023년도 전기자동차 충주시 모델별 보조금,2023,충주시
화물(소형),이브이케이엠씨,MASADA 3세대 2밴,1124,656.0,1780.0,2023년도 전기자동차 충주시 모델별 보조금,2023,충주시
화물(소형),이브이케이엠씨,MASADA 3세대 4밴,1025,598.0,1623.0,2023년도 전기자동차 충주시 모델별 보조금,2023,충주시
화물(소형),이브이케이엠씨,MASADA 2밴,1200,700.0,1900.0,2023년도 전기자동차 충주시 모델별 보조금,2023,충주시
화물(소형),경인모터스,경인1톤전기냉동탑차,1151,671.0,1822.0,2023년도 전기자동차 충주시 모델별 보조금,2023,충주시
화물(소형),제이스모빌리티,(단종)이티밴,1200,700.0,1900.0,2023년도 전기자동차 충주시 모델별 보조금,2023,충주시
화물(소형),제이스모빌리티,이티4밴,1180,688.0,1868.0,2023년도 전기자동차 충주시 모델별 보조금,2023,충주시
화물(소형),오텍,오텍 무시동 전기 냉동탑차(봉고),1253,731.0,1984.0,2023년도 전기자동차 충주시 모델별 보조금,2023,충주시
화물(소형),이엔플러스,이엔1톤롱바디카고,959,589.0,1548.0,2023년도 전기자동차 충주시 모델별 보조금,2023,충주시
화물(소형),이엔플러스,이엔플러스EV1톤롱바디트럭,1009,559.0,1568.0,2023년도 전기자동차 충주시 모델별 보조금,2023,충주시
화물(소형),GS글로벌,T4K,1200,700.0,1900.0,2023년도 전기자동차 충주시 모델별 보조금,2023,충주시
화물(소형),에스에스라이트,젤라,986,575.0,1561.0,2023년도 전기자동차 충주시 모델별 보조금,2023,충주시
화물(소형),에스에스라이트,젤라 P200,1177,687.0,1864.0,2023년도 전기자동차 충주시 모델별 보조금,2023,충주시
화물(소형),한국쓰리축,한국쓰리축1톤롱바디EV트럭(봉고),943,550.0,1493.0,2023년도 전기자동차 충주시 모델별 보조금,2023,충주시
화물(소형),한국쓰리축,한국쓰리축1톤롱바디EV트럭(포터),963,561.0,1524.0,2023년도 전기자동차 충주시 모델별 보조금,2023,충주시
화물(소형),모빌리티네트웍스,SE-A2밴,1200,700.0,1900.0,2023년도 전기자동차 충주시 모델별 보조금,2023,충주시
화물(초소형),스마트솔루션즈,D2C,550,275.0,825.0,2023년도 전기자동차 제천시 모델별 보조금,2023,제천시
화물(초소형),스마트솔루션즈,D2P,550,275.0,825.0,2023년도 전기자동차 제천시 모델별 보조금,2023,제천시
화물(초소형),루트17,다니고3,550,275.0,825.0,2023년도 전기자동차 제천시 모델별 보조금,2023,제천시
화물(초소형),루트17,다니고3 픽업,550,275.0,825.0,2023년도 전기자동차 제천시 모델별 보조금,2023,제천시
화물(초소형),마스타전기차,MASTA VAN,550,275.0,825.0,2023년도 전기자동차 제천시 모델별 보조금,2023,제천시
화물(초소형),마스타전기차,MASTA HIM,550,275.0,825.0,2023년도 전기자동차 제천시 모델별 보조금,2023,제천시
화물(초소형),디피코,포트로-탑,550,275.0,825.0,2023년도 전기자동차 제천시 모델별 보조금,2023,제천시
화물(초소형),디피코,포트로-픽업,550,275.0,825.0,2023년도 전기자동차 제천시 모델별 보조금,2023,제천시
화물(초소형),디피코,포트로-탑S,550,275.0,825.0,2023년도 전기자동차 제천시 모델별 보조금,2023,제천시
화물(초소형),디피코,포트로-픽업S,550,275.0,825.0,2023년도 전기자동차 제천시 모델별 보조금,2023,제천시
화물(초소형),진우에스엠씨,포텐스,550,275.0,825.0,2023년도 전기자동차 제천시 모델별 보조금,2023,제천시
화물(경형),파워프라자,라보ev PEACE,900,450.0,1350.0,2023년도 전기자동차 제천시 모델별 보조금,2023,제천시
화물(경형),디피코,포트로350L-탑,900,450.0,1350.0,2023년도 전기자동차 제천시 모델별 보조금,2023,제천시
화물(경형),디피코,포트로350L-픽업,900,450.0,1350.0,2023년도 전기자동차 제천시 모델별 보조금,2023,제천시
화물(소형),제인모터스,제인모터스칼마토EV1톤내장탑차,498,291.0,789.0,2023년도 전기자동차 제천시 모델별 보조금,2023,제천시
화물(소형),파워프라자,봉고3ev PEACE,536,313.0,849.0,2023년도 전기자동차 제천시 모델별 보조금,2023,제천시
화물(소형),파워프라자,봉고3ev PEACE 더블캡,437,255.0,692.0,2023년도 전기자동차 제천시 모델별 보조금,2023,제천시
화물(소형),현대자동차,포터Ⅱ 일렉트릭(23MY),1200,700.0,1900.0,2023년도 전기자동차 제천시 모델별 보조금,2023,제천시
화물(소형),현대자동차,포터Ⅱ 일렉트릭(24MY),1200,700.0,1900.0,2023년도 전기자동차 제천시 모델별 보조금,2023,제천시
화물(소형),기아,봉고 전기차,1200,700.0,1900.0,2023년도 전기자동차 제천시 모델별 보조금,2023,제천시
화물(소형),기아,봉고 전기차 냉동탑차,1400,817.0,2217.0,2023년도 전기자동차 제천시 모델별 보조금,2023,제천시
화물(소형),기아,봉고 전기차 저상형 냉동탑차,1400,817.0,2217.0,2023년도 전기자동차 제천시 모델별 보조금,2023,제천시
화물(소형),일진정공,일진무시동전기냉동탑차(149.9km),1053,614.0,1667.0,2023년도 전기자동차 제천시 모델별 보조금,2023,제천시
화물(소형),일진정공,일진무시동전기냉동탑차(186.1km),1321,771.0,2092.0,2023년도 전기자동차 제천시 모델별 보조금,2023,제천시
화물(소형),일진정공,일진무시동전기냉동탑차(봉고),1460,852.0,2312.0,2023년도 전기자동차 제천시 모델별 보조금,2023,제천시
화물(소형),일진정공,일진무시동전기냉동탑차(포터),1444,842.0,2286.0,2023년도 전기자동차 제천시 모델별 보조금,2023,제천시
화물(소형),루트17,다니고밴,784,457.0,1241.0,2023년도 전기자동차 제천시 모델별 보조금,2023,제천시
화물(소형),루트17,다니고C(0.8톤 전기트럭),1112,649.0,1761.0,2023년도 전기자동차 제천시 모델별 보조금,2023,제천시
화물(소형),루트17,다니고C2(0.8톤 전기트럭),909,530.0,1439.0,2023년도 전기자동차 제천시 모델별 보조금,2023,제천시
화물(소형),루트17,다니고R(전기냉동탑차),1313,766.0,2079.0,2023년도 전기자동차 제천시 모델별 보조금,2023,제천시
화물(소형),루트17,다니고R2(무시동 전기냉동탑차),1212,707.0,1919.0,2023년도 전기자동차 제천시 모델별 보조금,2023,제천시
화물(소형),한신자동차,플러스2.0,648,378.0,1026.0,2023년도 전기자동차 제천시 모델별 보조금,2023,제천시
화물(소형),비바모빌리티,(단종)비바,932,544.0,1476.0,2023년도 전기자동차 제천시 모델별 보조금,2023,제천시
화물(소형),비바모빌리티,(단종)브라보,802,468.0,1270.0,2023년도 전기자동차 제천시 모델별 보조금,2023,제천시
화물(소형),이브이케이엠씨,(단종)MASADA 2밴,1124,656.0,1780.0,2023년도 전기자동차 제천시 모델별 보조금,2023,제천시
화물(소형),이브이케이엠씨,(단종)MASADA 4밴,1025,598.0,1623.0,2023년도 전기자동차 제천시 모델별 보조금,2023,제천시
화물(소형),이브이케이엠씨,MASADA 픽업,1078,629.0,1707.0,2023년도 전기자동차 제천시 모델별 보조금,2023,제천시
화물(소형),이브이케이엠씨,MASADA 3세대 2밴,1124,656.0,1780.0,2023년도 전기자동차 제천시 모델별 보조금,2023,제천시
화물(소형),이브이케이엠씨,MASADA 3세대 4밴,1025,598.0,1623.0,2023년도 전기자동차 제천시 모델별 보조금,2023,제천시
화물(소형),이브이케이엠씨,MASADA 2밴,1200,700.0,1900.0,2023년도 전기자동차 제천시 모델별 보조금,2023,제천시
화물(소형),경인모터스,경인1톤전기냉동탑차,1151,671.0,1822.0,2023년도 전기자동차 제천시 모델별 보조금,2023,제천시
화물(소형),제이스모빌리티,(단종)이티밴,1200,700.0,1900.0,2023년도 전기자동차 제천시 모델별 보조금,2023,제천시
화물(소형),제이스모빌리티,이티밴,1200,700.0,1900.0,2023년도 전기자동차 제천시 모델별 보조금,2023,제천시
화물(소형),제이스모빌리티,이티4밴,1180,688.0,1868.0,2023년도 전기자동차 제천시 모델별 보조금,2023,제천시
화물(소형),오텍,오텍 무시동 전기 냉동탑차(봉고),1253,731.0,1984.0,2023년도 전기자동차 제천시 모델별 보조금,2023,제천시
화물(소형),이엔플러스,이엔1톤롱바디카고,959,559.0,1518.0,2023년도 전기자동차 제천시 모델별 보조금,2023,제천시
화물(소형),이엔플러스,이엔플러스EV1톤롱바디트럭,1009,589.0,1598.0,2023년도 전기자동차 제천시 모델별 보조금,2023,제천시
화물(소형),GS글로벌,T4K,1200,700.0,1900.0,2023년도 전기자동차 제천시 모델별 보조금,2023,제천시
화물(소형),에스에스라이트,젤라,986,575.0,1561.0,2023년도 전기자동차 제천시 모델별 보조금,2023,제천시
화물(소형),에스에스라이트,젤라 P200,1177,687.0,1864.0,2023년도 전기자동차 제천시 모델별 보조금,2023,제천시
화물(소형),한국쓰리축,한국쓰리축1톤롱바디EV트럭(봉고),943,550.0,1493.0,2023년도 전기자동차 제천시 모델별 보조금,2023,제천시
화물(소형),한국쓰리축,한국쓰리축1톤롱바디EV트럭(포터),963,561.0,1524.0,2023년도 전기자동차 제천시 모델별 보조금,2023,제천시
화물(소형),모빌리티네트웍스,SE-A2밴,1200,700.0,1900.0,2023년도 전기자동차 제천시 모델별 보조금,2023,제천시
화물(초소형),스마트솔루션즈,D2C,550,275.0,825.0,2023년도 전기자동차 보은군 모델별 보조금,2023,보은군
화물(초소형),스마트솔루션즈,D2P,550,275.0,825.0,2023년도 전기자동차 보은군 모델별 보조금,2023,보은군
화물(초소형),루트17,다니고3,550,275.0,825.0,2023년도 전기자동차 보은군 모델별 보조금,2023,보은군
화물(초소형),루트17,다니고3 픽업,550,275.0,825.0,2023년도 전기자동차 보은군 모델별 보조금,2023,보은군
화물(초소형),마스타전기차,MASTA VAN,550,275.0,825.0,2023년도 전기자동차 보은군 모델별 보조금,2023,보은군
화물(초소형),마스타전기차,MASTA HIM,550,275.0,825.0,2023년도 전기자동차 보은군 모델별 보조금,2023,보은군
화물(초소형),디피코,포트로-탑,550,0.0,550.0,2023년도 전기자동차 보은군 모델별 보조금,2023,보은군
화물(초소형),디피코,포트로-픽업,550,0.0,550.0,2023년도 전기자동차 보은군 모델별 보조금,2023,보은군
화물(초소형),디피코,포트로-탑S,550,275.0,825.0,2023년도 전기자동차 보은군 모델별 보조금,2023,보은군
화물(초소형),디피코,포트로-픽업S,550,275.0,825.0,2023년도 전기자동차 보은군 모델별 보조금,2023,보은군
화물(초소형),진우에스엠씨,포텐스,550,275.0,825.0,2023년도 전기자동차 보은군 모델별 보조금,2023,보은군
화물(경형),파워프라자,라보ev PEACE,900,450.0,1350.0,2023년도 전기자동차 보은군 모델별 보조금,2023,보은군
화물(경형),디피코,포트로350L-탑,900,0.0,900.0,2023년도 전기자동차 보은군 모델별 보조금,2023,보은군
화물(경형),디피코,포트로350L-픽업,900,0.0,900.0,2023년도 전기자동차 보은군 모델별 보조금,2023,보은군
화물(소형),제인모터스,제인모터스칼마토EV1톤내장탑차,498,291.0,789.0,2023년도 전기자동차 보은군 모델별 보조금,2023,보은군
화물(소형),파워프라자,봉고3ev PEACE,536,313.0,849.0,2023년도 전기자동차 보은군 모델별 보조금,2023,보은군
화물(소형),파워프라자,봉고3ev PEACE 더블캡,437,255.0,692.0,2023년도 전기자동차 보은군 모델별 보조금,2023,보은군
화물(소형),현대자동차,포터Ⅱ 일렉트릭(23MY),1200,700.0,1900.0,2023년도 전기자동차 보은군 모델별 보조금,2023,보은군
화물(소형),현대자동차,포터Ⅱ 일렉트릭(24MY),1200,700.0,1900.0,2023년도 전기자동차 보은군 모델별 보조금,2023,보은군
화물(소형),기아,봉고 전기차,1200,700.0,1900.0,2023년도 전기자동차 보은군 모델별 보조금,2023,보은군
화물(소형),기아,봉고 전기차 냉동탑차,1400,817.0,2217.0,2023년도 전기자동차 보은군 모델별 보조금,2023,보은군
화물(소형),기아,봉고 전기차 저상형 냉동탑차,1400,817.0,2217.0,2023년도 전기자동차 보은군 모델별 보조금,2023,보은군
화물(소형),일진정공,일진무시동전기냉동탑차(149.9km),1053,620.0,1673.0,2023년도 전기자동차 보은군 모델별 보조금,2023,보은군
화물(소형),일진정공,일진무시동전기냉동탑차(186.1km),1321,771.0,2092.0,2023년도 전기자동차 보은군 모델별 보조금,2023,보은군
화물(소형),일진정공,일진무시동전기냉동탑차(봉고),1460,852.0,2312.0,2023년도 전기자동차 보은군 모델별 보조금,2023,보은군
화물(소형),일진정공,일진무시동전기냉동탑차(포터),1444,842.0,2286.0,2023년도 전기자동차 보은군 모델별 보조금,2023,보은군
화물(소형),루트17,다니고밴,784,457.0,1241.0,2023년도 전기자동차 보은군 모델별 보조금,2023,보은군
화물(소형),루트17,다니고C(0.8톤 전기트럭),1112,649.0,1761.0,2023년도 전기자동차 보은군 모델별 보조금,2023,보은군
화물(소형),루트17,다니고C2(0.8톤 전기트럭),909,530.0,1439.0,2023년도 전기자동차 보은군 모델별 보조금,2023,보은군
화물(소형),루트17,다니고R(전기냉동탑차),1313,0.0,1313.0,2023년도 전기자동차 보은군 모델별 보조금,2023,보은군
화물(소형),루트17,다니고R2(무시동 전기냉동탑차),1212,0.0,1212.0,2023년도 전기자동차 보은군 모델별 보조금,2023,보은군
화물(소형),한신자동차,플러스2.0,648,378.0,1026.0,2023년도 전기자동차 보은군 모델별 보조금,2023,보은군
화물(소형),비바모빌리티,(단종)비바,932,544.0,1476.0,2023년도 전기자동차 보은군 모델별 보조금,2023,보은군
화물(소형),비바모빌리티,(단종)브라보,802,468.0,1270.0,2023년도 전기자동차 보은군 모델별 보조금,2023,보은군
화물(소형),이브이케이엠씨,(단종)MASADA 2밴,1124,656.0,1780.0,2023년도 전기자동차 보은군 모델별 보조금,2023,보은군
화물(소형),이브이케이엠씨,(단종)MASADA 4밴,1025,598.0,1623.0,2023년도 전기자동차 보은군 모델별 보조금,2023,보은군
화물(소형),이브이케이엠씨,MASADA 픽업,1078,629.0,1707.0,2023년도 전기자동차 보은군 모델별 보조금,2023,보은군
화물(소형),이브이케이엠씨,MASADA 3세대 2밴,1124,656.0,1780.0,2023년도 전기자동차 보은군 모델별 보조금,2023,보은군
화물(소형),이브이케이엠씨,MASADA 3세대 4밴,1025,598.0,1623.0,2023년도 전기자동차 보은군 모델별 보조금,2023,보은군
화물(소형),경인모터스,경인1톤전기냉동탑차,1151,817.0,1968.0,2023년도 전기자동차 보은군 모델별 보조금,2023,보은군
화물(소형),제이스모빌리티,(단종)이티밴,1200,700.0,1900.0,2023년도 전기자동차 보은군 모델별 보조금,2023,보은군
화물(소형),제이스모빌리티,이티밴,1200,700.0,1900.0,2023년도 전기자동차 보은군 모델별 보조금,2023,보은군
화물(소형),제이스모빌리티,이티4밴,1180,688.0,1868.0,2023년도 전기자동차 보은군 모델별 보조금,2023,보은군
화물(소형),오텍,오텍 무시동 전기 냉동탑차(봉고),1253,731.0,1984.0,2023년도 전기자동차 보은군 모델별 보조금,2023,보은군
화물(소형),이엔플러스,이엔1톤롱바디카고,959,559.0,1518.0,2023년도 전기자동차 보은군 모델별 보조금,2023,보은군
화물(소형),이엔플러스,이엔플러스EV1톤롱바디트럭,1009,589.0,1598.0,2023년도 전기자동차 보은군 모델별 보조금,2023,보은군
화물(소형),GS글로벌,T4K,1200,700.0,1900.0,2023년도 전기자동차 보은군 모델별 보조금,2023,보은군
화물(소형),에스에스라이트,젤라,986,575.0,1561.0,2023년도 전기자동차 보은군 모델별 보조금,2023,보은군
화물(소형),에스에스라이트,젤라 P200,1177,687.0,1864.0,2023년도 전기자동차 보은군 모델별 보조금,2023,보은군
화물(소형),한국쓰리축,한국쓰리축1톤롱바디EV트럭(봉고),943,0.0,943.0,2023년도 전기자동차 보은군 모델별 보조금,2023,보은군
화물(소형),한국쓰리축,한국쓰리축1톤롱바디EV트럭(포터),963,0.0,963.0,2023년도 전기자동차 보은군 모델별 보조금,2023,보은군
화물(소형),모빌리티네트웍스,SE-A2밴,1200,700.0,1900.0,2023년도 전기자동차 보은군 모델별 보조금,2023,보은군
화물(초소형),스마트솔루션즈,D2C,550,275.0,825.0,2023년도 전기자동차 옥천군 모델별 보조금,2023,옥천군
화물(초소형),스마트솔루션즈,D2P,550,275.0,825.0,2023년도 전기자동차 옥천군 모델별 보조금,2023,옥천군
화물(초소형),루트17,다니고3,550,275.0,825.0,2023년도 전기자동차 옥천군 모델별 보조금,2023,옥천군
화물(초소형),루트17,다니고3 픽업,550,275.0,825.0,2023년도 전기자동차 옥천군 모델별 보조금,2023,옥천군
화물(초소형),마스타전기차,MASTA VAN,550,275.0,825.0,2023년도 전기자동차 옥천군 모델별 보조금,2023,옥천군
화물(초소형),마스타전기차,MASTA HIM,550,275.0,825.0,2023년도 전기자동차 옥천군 모델별 보조금,2023,옥천군
화물(초소형),디피코,포트로-탑,550,275.0,825.0,2023년도 전기자동차 옥천군 모델별 보조금,2023,옥천군
화물(초소형),디피코,포트로-픽업,550,275.0,825.0,2023년도 전기자동차 옥천군 모델별 보조금,2023,옥천군
화물(초소형),디피코,포트로-탑S,550,275.0,825.0,2023년도 전기자동차 옥천군 모델별 보조금,2023,옥천군
화물(초소형),디피코,포트로-픽업S,550,275.0,825.0,2023년도 전기자동차 옥천군 모델별 보조금,2023,옥천군
화물(초소형),진우에스엠씨,포텐스,550,275.0,825.0,2023년도 전기자동차 옥천군 모델별 보조금,2023,옥천군
화물(경형),파워프라자,라보ev PEACE,900,450.0,1350.0,2023년도 전기자동차 옥천군 모델별 보조금,2023,옥천군
화물(경형),디피코,포트로350L-탑,900,450.0,1350.0,2023년도 전기자동차 옥천군 모델별 보조금,2023,옥천군
화물(경형),디피코,포트로350L-픽업,900,450.0,1350.0,2023년도 전기자동차 옥천군 모델별 보조금,2023,옥천군
화물(소형),제인모터스,제인모터스칼마토EV1톤내장탑차,498,291.0,789.0,2023년도 전기자동차 옥천군 모델별 보조금,2023,옥천군
화물(소형),파워프라자,봉고3ev PEACE,536,313.0,849.0,2023년도 전기자동차 옥천군 모델별 보조금,2023,옥천군
화물(소형),파워프라자,봉고3ev PEACE 더블캡,437,255.0,692.0,2023년도 전기자동차 옥천군 모델별 보조금,2023,옥천군
화물(소형),현대자동차,포터Ⅱ 일렉트릭(23MY),1200,700.0,1900.0,2023년도 전기자동차 옥천군 모델별 보조금,2023,옥천군
화물(소형),현대자동차,포터Ⅱ 일렉트릭(24MY),1200,700.0,1900.0,2023년도 전기자동차 옥천군 모델별 보조금,2023,옥천군
화물(소형),기아,봉고 전기차,1200,700.0,1900.0,2023년도 전기자동차 옥천군 모델별 보조금,2023,옥천군
화물(소형),기아,봉고 전기차 냉동탑차,1400,817.0,2217.0,2023년도 전기자동차 옥천군 모델별 보조금,2023,옥천군
화물(소형),기아,봉고 전기차 저상형 냉동탑차,1400,817.0,2217.0,2023년도 전기자동차 옥천군 모델별 보조금,2023,옥천군
화물(소형),일진정공,일진무시동전기냉동탑차(149.9km),1053,614.0,1667.0,2023년도 전기자동차 옥천군 모델별 보조금,2023,옥천군
화물(소형),일진정공,일진무시동전기냉동탑차(186.1km),1321,771.0,2092.0,2023년도 전기자동차 옥천군 모델별 보조금,2023,옥천군
화물(소형),일진정공,일진무시동전기냉동탑차(봉고),1460,852.0,2312.0,2023년도 전기자동차 옥천군 모델별 보조금,2023,옥천군
화물(소형),일진정공,일진무시동전기냉동탑차(포터),1444,842.0,2286.0,2023년도 전기자동차 옥천군 모델별 보조금,2023,옥천군
화물(소형),루트17,다니고밴,784,457.0,1241.0,2023년도 전기자동차 옥천군 모델별 보조금,2023,옥천군
화물(소형),루트17,다니고C(0.8톤 전기트럭),1112,649.0,1761.0,2023년도 전기자동차 옥천군 모델별 보조금,2023,옥천군
화물(소형),루트17,다니고C2(0.8톤 전기트럭),909,530.0,1439.0,2023년도 전기자동차 옥천군 모델별 보조금,2023,옥천군
화물(소형),루트17,다니고R(전기냉동탑차),1313,544.0,1857.0,2023년도 전기자동차 옥천군 모델별 보조금,2023,옥천군
화물(소형),루트17,다니고R2(무시동 전기냉동탑차),1212,707.0,1919.0,2023년도 전기자동차 옥천군 모델별 보조금,2023,옥천군
화물(소형),한신자동차,플러스2.0,648,378.0,1026.0,2023년도 전기자동차 옥천군 모델별 보조금,2023,옥천군
화물(소형),비바모빌리티,(단종)비바,932,544.0,1476.0,2023년도 전기자동차 옥천군 모델별 보조금,2023,옥천군
화물(소형),비바모빌리티,(단종)브라보,802,468.0,1270.0,2023년도 전기자동차 옥천군 모델별 보조금,2023,옥천군
화물(소형),이브이케이엠씨,(단종)MASADA 2밴,1124,656.0,1780.0,2023년도 전기자동차 옥천군 모델별 보조금,2023,옥천군
화물(소형),이브이케이엠씨,(단종)MASADA 4밴,1025,598.0,1623.0,2023년도 전기자동차 옥천군 모델별 보조금,2023,옥천군
화물(소형),이브이케이엠씨,MASADA 픽업,1078,629.0,1707.0,2023년도 전기자동차 옥천군 모델별 보조금,2023,옥천군
화물(소형),이브이케이엠씨,MASADA 3세대 2밴,1124,656.0,1780.0,2023년도 전기자동차 옥천군 모델별 보조금,2023,옥천군
화물(소형),이브이케이엠씨,MASADA 3세대 4밴,1025,598.0,1623.0,2023년도 전기자동차 옥천군 모델별 보조금,2023,옥천군
화물(소형),이브이케이엠씨,MASADA 2밴,1200,700.0,1900.0,2023년도 전기자동차 옥천군 모델별 보조금,2023,옥천군
화물(소형),이브이케이엠씨,MASADA 4밴,1200,700.0,1900.0,2023년도 전기자동차 옥천군 모델별 보조금,2023,옥천군
화물(소형),경인모터스,경인1톤전기냉동탑차,1151,671.0,1822.0,2023년도 전기자동차 옥천군 모델별 보조금,2023,옥천군
화물(소형),제이스모빌리티,(단종)이티밴,1200,700.0,1900.0,2023년도 전기자동차 옥천군 모델별 보조금,2023,옥천군
화물(소형),제이스모빌리티,이티밴,1200,700.0,1900.0,2023년도 전기자동차 옥천군 모델별 보조금,2023,옥천군
화물(소형),제이스모빌리티,이티4밴,1180,688.0,1868.0,2023년도 전기자동차 옥천군 모델별 보조금,2023,옥천군
화물(소형),오텍,오텍 무시동 전기 냉동탑차(봉고),1253,731.0,1984.0,2023년도 전기자동차 옥천군 모델별 보조금,2023,옥천군
화물(소형),이엔플러스,이엔1톤롱바디카고,959,559.0,1518.0,2023년도 전기자동차 옥천군 모델별 보조금,2023,옥천군
화물(소형),이엔플러스,이엔플러스EV1톤롱바디트럭,1009,589.0,1598.0,2023년도 전기자동차 옥천군 모델별 보조금,2023,옥천군
화물(소형),GS글로벌,T4K,1200,700.0,1900.0,2023년도 전기자동차 옥천군 모델별 보조금,2023,옥천군
화물(소형),에스에스라이트,젤라,986,575.0,1561.0,2023년도 전기자동차 옥천군 모델별 보조금,2023,옥천군
화물(소형),에스에스라이트,젤라 P200,1177,687.0,1864.0,2023년도 전기자동차 옥천군 모델별 보조금,2023,옥천군
화물(소형),한국쓰리축,한국쓰리축1톤롱바디EV트럭(봉고),943,550.0,1493.0,2023년도 전기자동차 옥천군 모델별 보조금,2023,옥천군
화물(소형),한국쓰리축,한국쓰리축1톤롱바디EV트럭(포터),963,561.0,1524.0,2023년도 전기자동차 옥천군 모델별 보조금,2023,옥천군
화물(소형),모빌리티네트웍스,SE-A2밴,1200,700.0,1900.0,2023년도 전기자동차 옥천군 모델별 보조금,2023,옥천군
화물(초소형),스마트솔루션즈,D2C,550,275.0,825.0,2023년도 전기자동차 증평군 모델별 보조금,2023,증평군
화물(초소형),스마트솔루션즈,D2P,550,275.0,825.0,2023년도 전기자동차 증평군 모델별 보조금,2023,증평군
화물(초소형),루트17,다니고3,550,275.0,825.0,2023년도 전기자동차 증평군 모델별 보조금,2023,증평군
화물(초소형),루트17,다니고3 픽업,550,275.0,825.0,2023년도 전기자동차 증평군 모델별 보조금,2023,증평군
화물(초소형),마스타전기차,MASTA VAN,550,275.0,825.0,2023년도 전기자동차 증평군 모델별 보조금,2023,증평군
화물(초소형),마스타전기차,MASTA HIM,550,275.0,825.0,2023년도 전기자동차 증평군 모델별 보조금,2023,증평군
화물(초소형),디피코,포트로-탑,550,0.0,550.0,2023년도 전기자동차 증평군 모델별 보조금,2023,증평군
화물(초소형),디피코,포트로-픽업,550,0.0,550.0,2023년도 전기자동차 증평군 모델별 보조금,2023,증평군
화물(초소형),디피코,포트로-탑S,550,275.0,825.0,2023년도 전기자동차 증평군 모델별 보조금,2023,증평군
화물(초소형),디피코,포트로-픽업S,550,275.0,825.0,2023년도 전기자동차 증평군 모델별 보조금,2023,증평군
화물(초소형),진우에스엠씨,포텐스,550,275.0,825.0,2023년도 전기자동차 증평군 모델별 보조금,2023,증평군
화물(경형),파워프라자,라보ev PEACE,900,450.0,1350.0,2023년도 전기자동차 증평군 모델별 보조금,2023,증평군
화물(경형),디피코,포트로350L-탑,900,0.0,900.0,2023년도 전기자동차 증평군 모델별 보조금,2023,증평군
화물(소형),제인모터스,제인모터스칼마토EV1톤내장탑차,498,291.0,789.0,2023년도 전기자동차 증평군 모델별 보조금,2023,증평군
화물(소형),파워프라자,봉고3ev PEACE,536,313.0,849.0,2023년도 전기자동차 증평군 모델별 보조금,2023,증평군
화물(소형),파워프라자,봉고3ev PEACE 더블캡,437,255.0,692.0,2023년도 전기자동차 증평군 모델별 보조금,2023,증평군
화물(소형),현대자동차,포터Ⅱ 일렉트릭(23MY),1200,700.0,1900.0,2023년도 전기자동차 증평군 모델별 보조금,2023,증평군
화물(소형),현대자동차,포터Ⅱ 일렉트릭(24MY),1200,700.0,1900.0,2023년도 전기자동차 증평군 모델별 보조금,2023,증평군
화물(소형),기아,봉고 전기차,1200,700.0,1900.0,2023년도 전기자동차 증평군 모델별 보조금,2023,증평군
화물(소형),기아,봉고 전기차 냉동탑차,1400,817.0,2217.0,2023년도 전기자동차 증평군 모델별 보조금,2023,증평군
화물(소형),기아,봉고 전기차 저상형 냉동탑차,1400,817.0,2217.0,2023년도 전기자동차 증평군 모델별 보조금,2023,증평군
화물(소형),일진정공,일진무시동전기냉동탑차(149.9km),1053,614.0,1667.0,2023년도 전기자동차 증평군 모델별 보조금,2023,증평군
화물(소형),일진정공,일진무시동전기냉동탑차(186.1km),1321,771.0,2092.0,2023년도 전기자동차 증평군 모델별 보조금,2023,증평군
화물(소형),일진정공,일진무시동전기냉동탑차(봉고),1460,852.0,2312.0,2023년도 전기자동차 증평군 모델별 보조금,2023,증평군
화물(소형),일진정공,일진무시동전기냉동탑차(포터),1444,842.0,2286.0,2023년도 전기자동차 증평군 모델별 보조금,2023,증평군
화물(소형),루트17,다니고밴,784,457.0,1241.0,2023년도 전기자동차 증평군 모델별 보조금,2023,증평군
화물(소형),루트17,다니고C(0.8톤 전기트럭),1112,649.0,1761.0,2023년도 전기자동차 증평군 모델별 보조금,2023,증평군
화물(소형),루트17,다니고C2(0.8톤 전기트럭),909,530.0,1439.0,2023년도 전기자동차 증평군 모델별 보조금,2023,증평군
화물(소형),루트17,다니고R(전기냉동탑차),1313,0.0,1313.0,2023년도 전기자동차 증평군 모델별 보조금,2023,증평군
화물(소형),루트17,다니고R2(무시동 전기냉동탑차),1212,707.0,1919.0,2023년도 전기자동차 증평군 모델별 보조금,2023,증평군
화물(소형),한신자동차,플러스2.0,648,378.0,1026.0,2023년도 전기자동차 증평군 모델별 보조금,2023,증평군
화물(소형),비바모빌리티,(단종)비바,932,544.0,1476.0,2023년도 전기자동차 증평군 모델별 보조금,2023,증평군
화물(소형),비바모빌리티,(단종)브라보,802,468.0,1270.0,2023년도 전기자동차 증평군 모델별 보조금,2023,증평군
화물(소형),이브이케이엠씨,(단종)MASADA 2밴,1124,656.0,1780.0,2023년도 전기자동차 증평군 모델별 보조금,2023,증평군
화물(소형),이브이케이엠씨,(단종)MASADA 4밴,1025,598.0,1623.0,2023년도 전기자동차 증평군 모델별 보조금,2023,증평군
화물(소형),이브이케이엠씨,MASADA 픽업,1078,629.0,1707.0,2023년도 전기자동차 증평군 모델별 보조금,2023,증평군
화물(소형),이브이케이엠씨,MASADA 3세대 2밴,1124,656.0,1780.0,2023년도 전기자동차 증평군 모델별 보조금,2023,증평군
화물(소형),이브이케이엠씨,MASADA 3세대 4밴,1025,598.0,1623.0,2023년도 전기자동차 증평군 모델별 보조금,2023,증평군
화물(소형),경인모터스,경인1톤전기냉동탑차,1151,671.0,1822.0,2023년도 전기자동차 증평군 모델별 보조금,2023,증평군
화물(소형),제이스모빌리티,(단종)이티밴,1200,700.0,1900.0,2023년도 전기자동차 증평군 모델별 보조금,2023,증평군
화물(소형),제이스모빌리티,이티밴,1200,700.0,1900.0,2023년도 전기자동차 증평군 모델별 보조금,2023,증평군
화물(소형),제이스모빌리티,이티4밴,1180,688.0,1868.0,2023년도 전기자동차 증평군 모델별 보조금,2023,증평군
화물(소형),오텍,오텍 무시동 전기 냉동탑차(봉고),1253,731.0,1984.0,2023년도 전기자동차 증평군 모델별 보조금,2023,증평군
화물(소형),이엔플러스,이엔1톤롱바디카고,959,559.0,1518.0,2023년도 전기자동차 증평군 모델별 보조금,2023,증평군
화물(소형),이엔플러스,이엔플러스EV1톤롱바디트럭,1009,589.0,1598.0,2023년도 전기자동차 증평군 모델별 보조금,2023,증평군
화물(소형),GS글로벌,T4K,1200,700.0,1900.0,2023년도 전기자동차 증평군 모델별 보조금,2023,증평군
화물(소형),에스에스라이트,젤라,986,575.0,1561.0,2023년도 전기자동차 증평군 모델별 보조금,2023,증평군
화물(소형),에스에스라이트,젤라 P200,1177,687.0,1864.0,2023년도 전기자동차 증평군 모델별 보조금,2023,증평군
화물(소형),한국쓰리축,한국쓰리축1톤롱바디EV트럭(봉고),943,0.0,943.0,2023년도 전기자동차 증평군 모델별 보조금,2023,증평군
화물(소형),모빌리티네트웍스,SE-A2밴,1200,700.0,1900.0,2023년도 전기자동차 증평군 모델별 보조금,2023,증평군
화물(초소형),스마트솔루션즈,D2C,550,275.0,825.0,2023년도 전기자동차 영동군 모델별 보조금,2023,영동군
화물(초소형),스마트솔루션즈,D2P,550,275.0,825.0,2023년도 전기자동차 영동군 모델별 보조금,2023,영동군
화물(초소형),루트17,다니고3,550,275.0,825.0,2023년도 전기자동차 영동군 모델별 보조금,2023,영동군
화물(초소형),루트17,다니고3 픽업,550,275.0,825.0,2023년도 전기자동차 영동군 모델별 보조금,2023,영동군
화물(초소형),마스타전기차,MASTA VAN,550,275.0,825.0,2023년도 전기자동차 영동군 모델별 보조금,2023,영동군
화물(초소형),마스타전기차,MASTA HIM,550,275.0,825.0,2023년도 전기자동차 영동군 모델별 보조금,2023,영동군
화물(초소형),디피코,포트로-탑,550,275.0,825.0,2023년도 전기자동차 영동군 모델별 보조금,2023,영동군
화물(초소형),디피코,포트로-픽업,550,275.0,825.0,2023년도 전기자동차 영동군 모델별 보조금,2023,영동군
화물(초소형),디피코,포트로-탑S,550,275.0,825.0,2023년도 전기자동차 영동군 모델별 보조금,2023,영동군
화물(초소형),디피코,포트로-픽업S,550,275.0,825.0,2023년도 전기자동차 영동군 모델별 보조금,2023,영동군
화물(초소형),진우에스엠씨,포텐스,550,275.0,825.0,2023년도 전기자동차 영동군 모델별 보조금,2023,영동군
화물(경형),파워프라자,라보ev PEACE,900,450.0,1350.0,2023년도 전기자동차 영동군 모델별 보조금,2023,영동군
화물(경형),디피코,포트로350L-탑,900,450.0,1350.0,2023년도 전기자동차 영동군 모델별 보조금,2023,영동군
화물(경형),디피코,포트로350L-픽업,900,450.0,1350.0,2023년도 전기자동차 영동군 모델별 보조금,2023,영동군
화물(소형),제인모터스,제인모터스칼마토EV1톤내장탑차,498,291.0,789.0,2023년도 전기자동차 영동군 모델별 보조금,2023,영동군
화물(소형),파워프라자,봉고3ev PEACE,536,313.0,849.0,2023년도 전기자동차 영동군 모델별 보조금,2023,영동군
화물(소형),파워프라자,봉고3ev PEACE 더블캡,437,255.0,692.0,2023년도 전기자동차 영동군 모델별 보조금,2023,영동군
화물(소형),현대자동차,포터Ⅱ 일렉트릭(23MY),1200,700.0,1900.0,2023년도 전기자동차 영동군 모델별 보조금,2023,영동군
화물(소형),현대자동차,포터Ⅱ 일렉트릭(24MY),1200,700.0,1900.0,2023년도 전기자동차 영동군 모델별 보조금,2023,영동군
화물(소형),기아,봉고 전기차,1200,700.0,1900.0,2023년도 전기자동차 영동군 모델별 보조금,2023,영동군
화물(소형),기아,봉고 전기차 냉동탑차,1400,817.0,2217.0,2023년도 전기자동차 영동군 모델별 보조금,2023,영동군
화물(소형),기아,봉고 전기차 저상형 냉동탑차,1400,817.0,2217.0,2023년도 전기자동차 영동군 모델별 보조금,2023,영동군
화물(소형),일진정공,일진무시동전기냉동탑차(149.9km),1053,614.0,1667.0,2023년도 전기자동차 영동군 모델별 보조금,2023,영동군
화물(소형),일진정공,일진무시동전기냉동탑차(186.1km),1321,771.0,2092.0,2023년도 전기자동차 영동군 모델별 보조금,2023,영동군
화물(소형),일진정공,일진무시동전기냉동탑차(봉고),1460,852.0,2312.0,2023년도 전기자동차 영동군 모델별 보조금,2023,영동군
화물(소형),일진정공,일진무시동전기냉동탑차(포터),1444,842.0,2286.0,2023년도 전기자동차 영동군 모델별 보조금,2023,영동군
화물(소형),루트17,다니고밴,784,457.0,1241.0,2023년도 전기자동차 영동군 모델별 보조금,2023,영동군
화물(소형),루트17,다니고C(0.8톤 전기트럭),1112,649.0,1761.0,2023년도 전기자동차 영동군 모델별 보조금,2023,영동군
화물(소형),루트17,다니고C2(0.8톤 전기트럭),909,530.0,1439.0,2023년도 전기자동차 영동군 모델별 보조금,2023,영동군
화물(소형),루트17,다니고R(전기냉동탑차),1313,766.0,2079.0,2023년도 전기자동차 영동군 모델별 보조금,2023,영동군
화물(소형),루트17,다니고R2(무시동 전기냉동탑차),1212,707.0,1919.0,2023년도 전기자동차 영동군 모델별 보조금,2023,영동군
화물(소형),한신자동차,플러스2.0,648,378.0,1026.0,2023년도 전기자동차 영동군 모델별 보조금,2023,영동군
화물(소형),비바모빌리티,(단종)비바,932,544.0,1476.0,2023년도 전기자동차 영동군 모델별 보조금,2023,영동군
화물(소형),비바모빌리티,(단종)브라보,802,468.0,1270.0,2023년도 전기자동차 영동군 모델별 보조금,2023,영동군
화물(소형),이브이케이엠씨,(단종)MASADA 2밴,1124,656.0,1780.0,2023년도 전기자동차 영동군 모델별 보조금,2023,영동군
화물(소형),이브이케이엠씨,(단종)MASADA 4밴,1025,598.0,1623.0,2023년도 전기자동차 영동군 모델별 보조금,2023,영동군
화물(소형),이브이케이엠씨,MASADA 픽업,1078,629.0,1707.0,2023년도 전기자동차 영동군 모델별 보조금,2023,영동군
화물(소형),이브이케이엠씨,MASADA 3세대 2밴,1124,656.0,1780.0,2023년도 전기자동차 영동군 모델별 보조금,2023,영동군
화물(소형),이브이케이엠씨,MASADA 3세대 4밴,1025,598.0,1623.0,2023년도 전기자동차 영동군 모델별 보조금,2023,영동군
화물(소형),이브이케이엠씨,MASADA 2밴,1200,700.0,1900.0,2023년도 전기자동차 영동군 모델별 보조금,2023,영동군
화물(소형),이브이케이엠씨,MASADA 4밴,1200,700.0,1900.0,2023년도 전기자동차 영동군 모델별 보조금,2023,영동군
화물(소형),경인모터스,경인1톤전기냉동탑차,1151,671.0,1822.0,2023년도 전기자동차 영동군 모델별 보조금,2023,영동군
화물(소형),제이스모빌리티,(단종)이티밴,1200,700.0,1900.0,2023년도 전기자동차 영동군 모델별 보조금,2023,영동군
화물(소형),제이스모빌리티,이티밴,1200,700.0,1900.0,2023년도 전기자동차 영동군 모델별 보조금,2023,영동군
화물(소형),제이스모빌리티,이티4밴,1180,688.0,1868.0,2023년도 전기자동차 영동군 모델별 보조금,2023,영동군
화물(소형),오텍,오텍 무시동 전기 냉동탑차(봉고),1253,731.0,1984.0,2023년도 전기자동차 영동군 모델별 보조금,2023,영동군
화물(소형),이엔플러스,이엔1톤롱바디카고,959,559.0,1518.0,2023년도 전기자동차 영동군 모델별 보조금,2023,영동군
화물(소형),이엔플러스,이엔플러스EV1톤롱바디트럭,1009,589.0,1598.0,2023년도 전기자동차 영동군 모델별 보조금,2023,영동군
화물(소형),GS글로벌,T4K,1200,700.0,1900.0,2023년도 전기자동차 영동군 모델별 보조금,2023,영동군
화물(소형),에스에스라이트,젤라,986,575.0,1561.0,2023년도 전기자동차 영동군 모델별 보조금,2023,영동군
화물(소형),에스에스라이트,젤라 P200,1177,687.0,1864.0,2023년도 전기자동차 영동군 모델별 보조금,2023,영동군
화물(소형),한국쓰리축,한국쓰리축1톤롱바디EV트럭(봉고),943,550.0,1493.0,2023년도 전기자동차 영동군 모델별 보조금,2023,영동군
화물(소형),한국쓰리축,한국쓰리축1톤롱바디EV트럭(포터),963,561.0,1524.0,2023년도 전기자동차 영동군 모델별 보조금,2023,영동군
화물(소형),모빌리티네트웍스,SE-A2밴,1200,700.0,1900.0,2023년도 전기자동차 영동군 모델별 보조금,2023,영동군
화물(초소형),스마트솔루션즈,D2C,550,275.0,825.0,2023년도 전기자동차 진천군 모델별 보조금,2023,진천군
화물(초소형),스마트솔루션즈,D2P,550,275.0,825.0,2023년도 전기자동차 진천군 모델별 보조금,2023,진천군
화물(초소형),루트17,다니고3,550,275.0,825.0,2023년도 전기자동차 진천군 모델별 보조금,2023,진천군
화물(초소형),루트17,다니고3 픽업,550,275.0,825.0,2023년도 전기자동차 진천군 모델별 보조금,2023,진천군
화물(초소형),마스타전기차,MASTA VAN,550,275.0,825.0,2023년도 전기자동차 진천군 모델별 보조금,2023,진천군
화물(초소형),마스타전기차,MASTA HIM,550,275.0,825.0,2023년도 전기자동차 진천군 모델별 보조금,2023,진천군
화물(초소형),디피코,포트로-탑,550,275.0,825.0,2023년도 전기자동차 진천군 모델별 보조금,2023,진천군
화물(초소형),디피코,포트로-픽업,550,275.0,825.0,2023년도 전기자동차 진천군 모델별 보조금,2023,진천군
화물(초소형),디피코,포트로-탑S,550,275.0,825.0,2023년도 전기자동차 진천군 모델별 보조금,2023,진천군
화물(초소형),디피코,포트로-픽업S,550,275.0,825.0,2023년도 전기자동차 진천군 모델별 보조금,2023,진천군
화물(초소형),진우에스엠씨,포텐스,550,275.0,825.0,2023년도 전기자동차 진천군 모델별 보조금,2023,진천군
화물(경형),파워프라자,라보ev PEACE,900,450.0,1350.0,2023년도 전기자동차 진천군 모델별 보조금,2023,진천군
화물(경형),디피코,포트로350L-탑,900,450.0,1350.0,2023년도 전기자동차 진천군 모델별 보조금,2023,진천군
화물(경형),디피코,포트로350L-픽업,900,450.0,1350.0,2023년도 전기자동차 진천군 모델별 보조금,2023,진천군
화물(소형),제인모터스,제인모터스칼마토EV1톤내장탑차,498,290.0,788.0,2023년도 전기자동차 진천군 모델별 보조금,2023,진천군
화물(소형),파워프라자,봉고3ev PEACE,536,313.0,849.0,2023년도 전기자동차 진천군 모델별 보조금,2023,진천군
화물(소형),파워프라자,봉고3ev PEACE 더블캡,437,255.0,692.0,2023년도 전기자동차 진천군 모델별 보조금,2023,진천군
화물(소형),현대자동차,포터Ⅱ 일렉트릭(23MY),1200,700.0,1900.0,2023년도 전기자동차 진천군 모델별 보조금,2023,진천군
화물(소형),현대자동차,포터Ⅱ 일렉트릭(24MY),1200,700.0,1900.0,2023년도 전기자동차 진천군 모델별 보조금,2023,진천군
화물(소형),기아,봉고 전기차,1200,700.0,1900.0,2023년도 전기자동차 진천군 모델별 보조금,2023,진천군
화물(소형),기아,봉고 전기차 냉동탑차,1400,817.0,2217.0,2023년도 전기자동차 진천군 모델별 보조금,2023,진천군
화물(소형),기아,봉고 전기차 저상형 냉동탑차,1400,817.0,2217.0,2023년도 전기자동차 진천군 모델별 보조금,2023,진천군
화물(소형),일진정공,일진무시동전기냉동탑차(149.9km),1053,614.0,1667.0,2023년도 전기자동차 진천군 모델별 보조금,2023,진천군
화물(소형),일진정공,일진무시동전기냉동탑차(186.1km),1321,771.0,2092.0,2023년도 전기자동차 진천군 모델별 보조금,2023,진천군
화물(소형),일진정공,일진무시동전기냉동탑차(봉고),1460,852.0,2312.0,2023년도 전기자동차 진천군 모델별 보조금,2023,진천군
화물(소형),일진정공,일진무시동전기냉동탑차(포터),1444,842.0,2286.0,2023년도 전기자동차 진천군 모델별 보조금,2023,진천군
화물(소형),루트17,다니고밴,784,457.0,1241.0,2023년도 전기자동차 진천군 모델별 보조금,2023,진천군
화물(소형),루트17,다니고C(0.8톤 전기트럭),1112,649.0,1761.0,2023년도 전기자동차 진천군 모델별 보조금,2023,진천군
화물(소형),루트17,다니고C2(0.8톤 전기트럭),909,530.0,1439.0,2023년도 전기자동차 진천군 모델별 보조금,2023,진천군
화물(소형),루트17,다니고R(전기냉동탑차),1313,766.0,2079.0,2023년도 전기자동차 진천군 모델별 보조금,2023,진천군
화물(소형),루트17,다니고R2(무시동 전기냉동탑차),1212,707.0,1919.0,2023년도 전기자동차 진천군 모델별 보조금,2023,진천군
화물(소형),한신자동차,플러스2.0,648,378.0,1026.0,2023년도 전기자동차 진천군 모델별 보조금,2023,진천군
화물(소형),비바모빌리티,(단종)비바,932,544.0,1476.0,2023년도 전기자동차 진천군 모델별 보조금,2023,진천군
화물(소형),비바모빌리티,(단종)브라보,802,468.0,1270.0,2023년도 전기자동차 진천군 모델별 보조금,2023,진천군
화물(소형),이브이케이엠씨,(단종)MASADA 2밴,1124,656.0,1780.0,2023년도 전기자동차 진천군 모델별 보조금,2023,진천군
화물(소형),이브이케이엠씨,(단종)MASADA 4밴,1025,598.0,1623.0,2023년도 전기자동차 진천군 모델별 보조금,2023,진천군
화물(소형),이브이케이엠씨,MASADA 픽업,1078,629.0,1707.0,2023년도 전기자동차 진천군 모델별 보조금,2023,진천군
화물(소형),이브이케이엠씨,MASADA 3세대 2밴,1124,656.0,1780.0,2023년도 전기자동차 진천군 모델별 보조금,2023,진천군
화물(소형),이브이케이엠씨,MASADA 3세대 4밴,1025,598.0,1623.0,2023년도 전기자동차 진천군 모델별 보조금,2023,진천군
화물(소형),이브이케이엠씨,MASADA 2밴,1200,700.0,1900.0,2023년도 전기자동차 진천군 모델별 보조금,2023,진천군
화물(소형),이브이케이엠씨,MASADA 4밴,1200,700.0,1900.0,2023년도 전기자동차 진천군 모델별 보조금,2023,진천군
화물(소형),경인모터스,경인1톤전기냉동탑차,1151,671.0,1822.0,2023년도 전기자동차 진천군 모델별 보조금,2023,진천군
화물(소형),제이스모빌리티,(단종)이티밴,1200,700.0,1900.0,2023년도 전기자동차 진천군 모델별 보조금,2023,진천군
화물(소형),제이스모빌리티,이티밴,1200,700.0,1900.0,2023년도 전기자동차 진천군 모델별 보조금,2023,진천군
화물(소형),제이스모빌리티,이티4밴,1180,688.0,1868.0,2023년도 전기자동차 진천군 모델별 보조금,2023,진천군
화물(소형),오텍,오텍 무시동 전기 냉동탑차(봉고),1253,731.0,1984.0,2023년도 전기자동차 진천군 모델별 보조금,2023,진천군
화물(소형),이엔플러스,이엔1톤롱바디카고,959,559.0,1518.0,2023년도 전기자동차 진천군 모델별 보조금,2023,진천군
화물(소형),이엔플러스,이엔플러스EV1톤롱바디트럭,1009,589.0,1598.0,2023년도 전기자동차 진천군 모델별 보조금,2023,진천군
화물(소형),GS글로벌,T4K,1200,700.0,1900.0,2023년도 전기자동차 진천군 모델별 보조금,2023,진천군
화물(소형),에스에스라이트,젤라,986,575.0,1561.0,2023년도 전기자동차 진천군 모델별 보조금,2023,진천군
화물(소형),에스에스라이트,젤라 P200,1177,687.0,1864.0,2023년도 전기자동차 진천군 모델별 보조금,2023,진천군
화물(소형),한국쓰리축,한국쓰리축1톤롱바디EV트럭(봉고),943,550.0,1493.0,2023년도 전기자동차 진천군 모델별 보조금,2023,진천군
화물(소형),한국쓰리축,한국쓰리축1톤롱바디EV트럭(포터),963,561.0,1524.0,2023년도 전기자동차 진천군 모델별 보조금,2023,진천군
화물(소형),모빌리티네트웍스,SE-A2밴,1200,700.0,1900.0,2023년도 전기자동차 진천군 모델별 보조금,2023,진천군
화물(초소형),스마트솔루션즈,D2C,550,275.0,825.0,2023년도 전기자동차 괴산군 모델별 보조금,2023,괴산군
화물(초소형),스마트솔루션즈,D2P,550,275.0,825.0,2023년도 전기자동차 괴산군 모델별 보조금,2023,괴산군
화물(초소형),루트17,다니고3,550,275.0,825.0,2023년도 전기자동차 괴산군 모델별 보조금,2023,괴산군
화물(초소형),루트17,다니고3 픽업,550,275.0,825.0,2023년도 전기자동차 괴산군 모델별 보조금,2023,괴산군
화물(초소형),마스타전기차,MASTA VAN,550,275.0,825.0,2023년도 전기자동차 괴산군 모델별 보조금,2023,괴산군
화물(초소형),마스타전기차,MASTA HIM,550,275.0,825.0,2023년도 전기자동차 괴산군 모델별 보조금,2023,괴산군
화물(초소형),디피코,포트로-탑,550,275.0,825.0,2023년도 전기자동차 괴산군 모델별 보조금,2023,괴산군
화물(초소형),디피코,포트로-픽업,550,275.0,825.0,2023년도 전기자동차 괴산군 모델별 보조금,2023,괴산군
화물(초소형),디피코,포트로-탑S,550,275.0,825.0,2023년도 전기자동차 괴산군 모델별 보조금,2023,괴산군
화물(초소형),디피코,포트로-픽업S,550,275.0,825.0,2023년도 전기자동차 괴산군 모델별 보조금,2023,괴산군
화물(초소형),진우에스엠씨,포텐스,550,275.0,825.0,2023년도 전기자동차 괴산군 모델별 보조금,2023,괴산군
화물(경형),파워프라자,라보ev PEACE,900,450.0,1350.0,2023년도 전기자동차 괴산군 모델별 보조금,2023,괴산군
화물(경형),디피코,포트로350L-탑,900,450.0,1350.0,2023년도 전기자동차 괴산군 모델별 보조금,2023,괴산군
화물(경형),디피코,포트로350L-픽업,900,450.0,1350.0,2023년도 전기자동차 괴산군 모델별 보조금,2023,괴산군
화물(소형),제인모터스,제인모터스칼마토EV1톤내장탑차,498,290.0,788.0,2023년도 전기자동차 괴산군 모델별 보조금,2023,괴산군
화물(소형),파워프라자,봉고3ev PEACE,536,312.0,848.0,2023년도 전기자동차 괴산군 모델별 보조금,2023,괴산군
화물(소형),파워프라자,봉고3ev PEACE 더블캡,437,254.0,691.0,2023년도 전기자동차 괴산군 모델별 보조금,2023,괴산군
화물(소형),현대자동차,포터Ⅱ 일렉트릭(23MY),1200,700.0,1900.0,2023년도 전기자동차 괴산군 모델별 보조금,2023,괴산군
화물(소형),현대자동차,포터Ⅱ 일렉트릭(24MY),1200,700.0,1900.0,2023년도 전기자동차 괴산군 모델별 보조금,2023,괴산군
화물(소형),기아,봉고 전기차,1200,700.0,1900.0,2023년도 전기자동차 괴산군 모델별 보조금,2023,괴산군
화물(소형),기아,봉고 전기차 냉동탑차,1400,700.0,2100.0,2023년도 전기자동차 괴산군 모델별 보조금,2023,괴산군
화물(소형),기아,봉고 전기차 저상형 냉동탑차,1400,700.0,2100.0,2023년도 전기자동차 괴산군 모델별 보조금,2023,괴산군
화물(소형),일진정공,일진무시동전기냉동탑차(149.9km),1053,614.0,1667.0,2023년도 전기자동차 괴산군 모델별 보조금,2023,괴산군
화물(소형),일진정공,일진무시동전기냉동탑차(186.1km),1321,700.0,2021.0,2023년도 전기자동차 괴산군 모델별 보조금,2023,괴산군
화물(소형),일진정공,일진무시동전기냉동탑차(봉고),1460,700.0,2160.0,2023년도 전기자동차 괴산군 모델별 보조금,2023,괴산군
화물(소형),일진정공,일진무시동전기냉동탑차(포터),1444,700.0,2144.0,2023년도 전기자동차 괴산군 모델별 보조금,2023,괴산군
화물(소형),루트17,다니고밴,784,457.0,1241.0,2023년도 전기자동차 괴산군 모델별 보조금,2023,괴산군
화물(소형),루트17,다니고C(0.8톤 전기트럭),1112,648.0,1760.0,2023년도 전기자동차 괴산군 모델별 보조금,2023,괴산군
화물(소형),루트17,다니고C2(0.8톤 전기트럭),909,530.0,1439.0,2023년도 전기자동차 괴산군 모델별 보조금,2023,괴산군
화물(소형),루트17,다니고R(전기냉동탑차),1313,700.0,2013.0,2023년도 전기자동차 괴산군 모델별 보조금,2023,괴산군
화물(소형),루트17,다니고R2(무시동 전기냉동탑차),1212,700.0,1912.0,2023년도 전기자동차 괴산군 모델별 보조금,2023,괴산군
화물(소형),한신자동차,플러스2.0,648,378.0,1026.0,2023년도 전기자동차 괴산군 모델별 보조금,2023,괴산군
화물(소형),비바모빌리티,(단종)비바,932,543.0,1475.0,2023년도 전기자동차 괴산군 모델별 보조금,2023,괴산군
화물(소형),비바모빌리티,(단종)브라보,802,467.0,1269.0,2023년도 전기자동차 괴산군 모델별 보조금,2023,괴산군
화물(소형),이브이케이엠씨,(단종)MASADA 2밴,1124,655.0,1779.0,2023년도 전기자동차 괴산군 모델별 보조금,2023,괴산군
화물(소형),이브이케이엠씨,(단종)MASADA 4밴,1025,597.0,1622.0,2023년도 전기자동차 괴산군 모델별 보조금,2023,괴산군
화물(소형),이브이케이엠씨,MASADA 픽업,1078,628.0,1706.0,2023년도 전기자동차 괴산군 모델별 보조금,2023,괴산군
화물(소형),이브이케이엠씨,MASADA 3세대 2밴,1124,655.0,1779.0,2023년도 전기자동차 괴산군 모델별 보조금,2023,괴산군
화물(소형),이브이케이엠씨,MASADA 3세대 4밴,1025,597.0,1622.0,2023년도 전기자동차 괴산군 모델별 보조금,2023,괴산군
화물(소형),이브이케이엠씨,MASADA 2밴,1200,700.0,1900.0,2023년도 전기자동차 괴산군 모델별 보조금,2023,괴산군
화물(소형),이브이케이엠씨,MASADA 4밴,1200,700.0,1900.0,2023년도 전기자동차 괴산군 모델별 보조금,2023,괴산군
화물(소형),이브이케이엠씨,EC35 2밴,850,496.0,1346.0,2023년도 전기자동차 괴산군 모델별 보조금,2023,괴산군
화물(소형),경인모터스,경인1톤전기냉동탑차,1151,671.0,1822.0,2023년도 전기자동차 괴산군 모델별 보조금,2023,괴산군
화물(소형),제이스모빌리티,(단종)이티밴,1200,700.0,1900.0,2023년도 전기자동차 괴산군 모델별 보조금,2023,괴산군
화물(소형),제이스모빌리티,이티밴,1200,700.0,1900.0,2023년도 전기자동차 괴산군 모델별 보조금,2023,괴산군
화물(소형),제이스모빌리티,이티4밴,1180,688.0,1868.0,2023년도 전기자동차 괴산군 모델별 보조금,2023,괴산군
화물(소형),오텍,오텍 무시동 전기 냉동탑차(봉고),1253,700.0,1953.0,2023년도 전기자동차 괴산군 모델별 보조금,2023,괴산군
화물(소형),이엔플러스,이엔1톤롱바디카고,959,559.0,1518.0,2023년도 전기자동차 괴산군 모델별 보조금,2023,괴산군
화물(소형),이엔플러스,이엔플러스EV1톤롱바디트럭,1009,588.0,1597.0,2023년도 전기자동차 괴산군 모델별 보조금,2023,괴산군
화물(소형),GS글로벌,T4K,1200,700.0,1900.0,2023년도 전기자동차 괴산군 모델별 보조금,2023,괴산군
화물(소형),에스에스라이트,젤라,986,575.0,1561.0,2023년도 전기자동차 괴산군 모델별 보조금,2023,괴산군
화물(소형),에스에스라이트,젤라 P200,1177,686.0,1863.0,2023년도 전기자동차 괴산군 모델별 보조금,2023,괴산군
화물(소형),한국쓰리축,한국쓰리축1톤롱바디EV트럭(봉고),943,550.0,1493.0,2023년도 전기자동차 괴산군 모델별 보조금,2023,괴산군
화물(소형),한국쓰리축,한국쓰리축1톤롱바디EV트럭(포터),963,561.0,1524.0,2023년도 전기자동차 괴산군 모델별 보조금,2023,괴산군
화물(소형),모빌리티네트웍스,SE-A2밴,1200,700.0,1900.0,2023년도 전기자동차 괴산군 모델별 보조금,2023,괴산군
화물(초소형),스마트솔루션즈,D2C,550,275.0,825.0,2023년도 전기자동차 음성군 모델별 보조금,2023,음성군
화물(초소형),스마트솔루션즈,D2P,550,275.0,825.0,2023년도 전기자동차 음성군 모델별 보조금,2023,음성군
화물(초소형),루트17,다니고3,550,275.0,825.0,2023년도 전기자동차 음성군 모델별 보조금,2023,음성군
화물(초소형),루트17,다니고3 픽업,550,275.0,825.0,2023년도 전기자동차 음성군 모델별 보조금,2023,음성군
화물(초소형),마스타전기차,MASTA VAN,550,275.0,825.0,2023년도 전기자동차 음성군 모델별 보조금,2023,음성군
화물(초소형),마스타전기차,MASTA HIM,550,275.0,825.0,2023년도 전기자동차 음성군 모델별 보조금,2023,음성군
화물(초소형),디피코,포트로-탑,550,275.0,825.0,2023년도 전기자동차 음성군 모델별 보조금,2023,음성군
화물(초소형),디피코,포트로-픽업,550,275.0,825.0,2023년도 전기자동차 음성군 모델별 보조금,2023,음성군
화물(초소형),디피코,포트로-탑S,550,275.0,825.0,2023년도 전기자동차 음성군 모델별 보조금,2023,음성군
화물(초소형),디피코,포트로-픽업S,550,275.0,825.0,2023년도 전기자동차 음성군 모델별 보조금,2023,음성군
화물(초소형),진우에스엠씨,포텐스,550,275.0,825.0,2023년도 전기자동차 음성군 모델별 보조금,2023,음성군
화물(경형),파워프라자,라보ev PEACE,900,450.0,1350.0,2023년도 전기자동차 음성군 모델별 보조금,2023,음성군
화물(경형),디피코,포트로350L-탑,900,450.0,1350.0,2023년도 전기자동차 음성군 모델별 보조금,2023,음성군
화물(경형),디피코,포트로350L-픽업,900,450.0,1350.0,2023년도 전기자동차 음성군 모델별 보조금,2023,음성군
화물(소형),제인모터스,제인모터스칼마토EV1톤내장탑차,498,291.0,789.0,2023년도 전기자동차 음성군 모델별 보조금,2023,음성군
화물(소형),파워프라자,봉고3ev PEACE,536,313.0,849.0,2023년도 전기자동차 음성군 모델별 보조금,2023,음성군
화물(소형),파워프라자,봉고3ev PEACE 더블캡,437,255.0,692.0,2023년도 전기자동차 음성군 모델별 보조금,2023,음성군
화물(소형),현대자동차,포터Ⅱ 일렉트릭(23MY),1200,700.0,1900.0,2023년도 전기자동차 음성군 모델별 보조금,2023,음성군
화물(소형),현대자동차,포터Ⅱ 일렉트릭(24MY),1200,700.0,1900.0,2023년도 전기자동차 음성군 모델별 보조금,2023,음성군
화물(소형),기아,봉고 전기차,1200,700.0,1900.0,2023년도 전기자동차 음성군 모델별 보조금,2023,음성군
화물(소형),기아,봉고 전기차 냉동탑차,1400,817.0,2217.0,2023년도 전기자동차 음성군 모델별 보조금,2023,음성군
화물(소형),기아,봉고 전기차 저상형 냉동탑차,1400,817.0,2217.0,2023년도 전기자동차 음성군 모델별 보조금,2023,음성군
화물(소형),일진정공,일진무시동전기냉동탑차(149.9km),1053,614.0,1667.0,2023년도 전기자동차 음성군 모델별 보조금,2023,음성군
화물(소형),일진정공,일진무시동전기냉동탑차(186.1km),1321,771.0,2092.0,2023년도 전기자동차 음성군 모델별 보조금,2023,음성군
화물(소형),일진정공,일진무시동전기냉동탑차(봉고),1460,852.0,2312.0,2023년도 전기자동차 음성군 모델별 보조금,2023,음성군
화물(소형),일진정공,일진무시동전기냉동탑차(포터),1444,842.0,2286.0,2023년도 전기자동차 음성군 모델별 보조금,2023,음성군
화물(소형),루트17,다니고밴,784,457.0,1241.0,2023년도 전기자동차 음성군 모델별 보조금,2023,음성군
화물(소형),루트17,다니고C(0.8톤 전기트럭),1112,649.0,1761.0,2023년도 전기자동차 음성군 모델별 보조금,2023,음성군
화물(소형),루트17,다니고C2(0.8톤 전기트럭),909,530.0,1439.0,2023년도 전기자동차 음성군 모델별 보조금,2023,음성군
화물(소형),루트17,다니고R(전기냉동탑차),1313,544.0,1857.0,2023년도 전기자동차 음성군 모델별 보조금,2023,음성군
화물(소형),루트17,다니고R2(무시동 전기냉동탑차),1212,707.0,1919.0,2023년도 전기자동차 음성군 모델별 보조금,2023,음성군
화물(소형),한신자동차,플러스2.0,648,378.0,1026.0,2023년도 전기자동차 음성군 모델별 보조금,2023,음성군
화물(소형),비바모빌리티,(단종)비바,932,544.0,1476.0,2023년도 전기자동차 음성군 모델별 보조금,2023,음성군
화물(소형),비바모빌리티,(단종)브라보,802,468.0,1270.0,2023년도 전기자동차 음성군 모델별 보조금,2023,음성군
화물(소형),이브이케이엠씨,(단종)MASADA 2밴,1124,656.0,1780.0,2023년도 전기자동차 음성군 모델별 보조금,2023,음성군
화물(소형),이브이케이엠씨,(단종)MASADA 4밴,1025,598.0,1623.0,2023년도 전기자동차 음성군 모델별 보조금,2023,음성군
화물(소형),이브이케이엠씨,MASADA 픽업,1078,629.0,1707.0,2023년도 전기자동차 음성군 모델별 보조금,2023,음성군
화물(소형),이브이케이엠씨,MASADA 3세대 2밴,1124,656.0,1780.0,2023년도 전기자동차 음성군 모델별 보조금,2023,음성군
화물(소형),이브이케이엠씨,MASADA 3세대 4밴,1025,598.0,1623.0,2023년도 전기자동차 음성군 모델별 보조금,2023,음성군
화물(소형),이브이케이엠씨,MASADA 2밴,1200,700.0,1900.0,2023년도 전기자동차 음성군 모델별 보조금,2023,음성군
화물(소형),경인모터스,경인1톤전기냉동탑차,1151,671.0,1822.0,2023년도 전기자동차 음성군 모델별 보조금,2023,음성군
화물(소형),제이스모빌리티,(단종)이티밴,1200,700.0,1900.0,2023년도 전기자동차 음성군 모델별 보조금,2023,음성군
화물(소형),제이스모빌리티,이티밴,1200,700.0,1900.0,2023년도 전기자동차 음성군 모델별 보조금,2023,음성군
화물(소형),제이스모빌리티,이티4밴,1180,688.0,1868.0,2023년도 전기자동차 음성군 모델별 보조금,2023,음성군
화물(소형),오텍,오텍 무시동 전기 냉동탑차(봉고),1253,731.0,1984.0,2023년도 전기자동차 음성군 모델별 보조금,2023,음성군
화물(소형),이엔플러스,이엔1톤롱바디카고,959,559.0,1518.0,2023년도 전기자동차 음성군 모델별 보조금,2023,음성군
화물(소형),이엔플러스,이엔플러스EV1톤롱바디트럭,1009,589.0,1598.0,2023년도 전기자동차 음성군 모델별 보조금,2023,음성군
화물(소형),GS글로벌,T4K,1200,700.0,1900.0,2023년도 전기자동차 음성군 모델별 보조금,2023,음성군
화물(소형),에스에스라이트,젤라,986,575.0,1561.0,2023년도 전기자동차 음성군 모델별 보조금,2023,음성군
화물(소형),에스에스라이트,젤라 P200,1177,687.0,1864.0,2023년도 전기자동차 음성군 모델별 보조금,2023,음성군
화물(소형),한국쓰리축,한국쓰리축1톤롱바디EV트럭(봉고),943,550.0,1493.0,2023년도 전기자동차 음성군 모델별 보조금,2023,음성군
화물(소형),한국쓰리축,한국쓰리축1톤롱바디EV트럭(포터),963,561.0,1524.0,2023년도 전기자동차 음성군 모델별 보조금,2023,음성군
화물(소형),모빌리티네트웍스,SE-A2밴,1200,700.0,1900.0,2023년도 전기자동차 음성군 모델별 보조금,2023,음성군
화물(초소형),스마트솔루션즈,D2C,550,275.0,825.0,2023년도 전기자동차 단양군 모델별 보조금,2023,단양군
화물(초소형),스마트솔루션즈,D2P,550,275.0,825.0,2023년도 전기자동차 단양군 모델별 보조금,2023,단양군
화물(초소형),루트17,다니고3,550,275.0,825.0,2023년도 전기자동차 단양군 모델별 보조금,2023,단양군
화물(초소형),루트17,다니고3 픽업,550,275.0,825.0,2023년도 전기자동차 단양군 모델별 보조금,2023,단양군
화물(초소형),마스타전기차,MASTA VAN,550,275.0,825.0,2023년도 전기자동차 단양군 모델별 보조금,2023,단양군
화물(초소형),마스타전기차,MASTA HIM,550,275.0,825.0,2023년도 전기자동차 단양군 모델별 보조금,2023,단양군
화물(초소형),디피코,포트로-탑,550,275.0,825.0,2023년도 전기자동차 단양군 모델별 보조금,2023,단양군
화물(초소형),디피코,포트로-픽업,550,275.0,825.0,2023년도 전기자동차 단양군 모델별 보조금,2023,단양군
화물(초소형),디피코,포트로-탑S,550,275.0,825.0,2023년도 전기자동차 단양군 모델별 보조금,2023,단양군
화물(초소형),디피코,포트로-픽업S,550,275.0,825.0,2023년도 전기자동차 단양군 모델별 보조금,2023,단양군
화물(초소형),진우에스엠씨,포텐스,550,275.0,825.0,2023년도 전기자동차 단양군 모델별 보조금,2023,단양군
화물(경형),파워프라자,라보ev PEACE,900,450.0,1350.0,2023년도 전기자동차 단양군 모델별 보조금,2023,단양군
화물(경형),디피코,포트로350L-탑,900,450.0,1350.0,2023년도 전기자동차 단양군 모델별 보조금,2023,단양군
화물(경형),디피코,포트로350L-픽업,900,450.0,1350.0,2023년도 전기자동차 단양군 모델별 보조금,2023,단양군
화물(소형),제인모터스,제인모터스칼마토EV1톤내장탑차,498,291.0,789.0,2023년도 전기자동차 단양군 모델별 보조금,2023,단양군
화물(소형),파워프라자,봉고3ev PEACE,536,313.0,849.0,2023년도 전기자동차 단양군 모델별 보조금,2023,단양군
화물(소형),파워프라자,봉고3ev PEACE 더블캡,437,255.0,692.0,2023년도 전기자동차 단양군 모델별 보조금,2023,단양군
화물(소형),현대자동차,포터Ⅱ 일렉트릭(23MY),1200,700.0,1900.0,2023년도 전기자동차 단양군 모델별 보조금,2023,단양군
화물(소형),현대자동차,포터Ⅱ 일렉트릭(24MY),1200,700.0,1900.0,2023년도 전기자동차 단양군 모델별 보조금,2023,단양군
화물(소형),기아,봉고 전기차,1200,700.0,1900.0,2023년도 전기자동차 단양군 모델별 보조금,2023,단양군
화물(소형),기아,봉고 전기차 냉동탑차,1400,817.0,2217.0,2023년도 전기자동차 단양군 모델별 보조금,2023,단양군
화물(소형),기아,봉고 전기차 저상형 냉동탑차,1400,817.0,2217.0,2023년도 전기자동차 단양군 모델별 보조금,2023,단양군
화물(소형),일진정공,일진무시동전기냉동탑차(149.9km),1053,614.0,1667.0,2023년도 전기자동차 단양군 모델별 보조금,2023,단양군
화물(소형),일진정공,일진무시동전기냉동탑차(186.1km),1321,771.0,2092.0,2023년도 전기자동차 단양군 모델별 보조금,2023,단양군
화물(소형),일진정공,일진무시동전기냉동탑차(봉고),1460,852.0,2312.0,2023년도 전기자동차 단양군 모델별 보조금,2023,단양군
화물(소형),일진정공,일진무시동전기냉동탑차(포터),1444,842.0,2286.0,2023년도 전기자동차 단양군 모델별 보조금,2023,단양군
화물(소형),루트17,다니고밴,784,457.0,1241.0,2023년도 전기자동차 단양군 모델별 보조금,2023,단양군
화물(소형),루트17,다니고C(0.8톤 전기트럭),1112,649.0,1761.0,2023년도 전기자동차 단양군 모델별 보조금,2023,단양군
화물(소형),루트17,다니고C2(0.8톤 전기트럭),909,530.0,1439.0,2023년도 전기자동차 단양군 모델별 보조금,2023,단양군
화물(소형),루트17,다니고R(전기냉동탑차),1313,766.0,2079.0,2023년도 전기자동차 단양군 모델별 보조금,2023,단양군
화물(소형),루트17,다니고R2(무시동 전기냉동탑차),1212,707.0,1919.0,2023년도 전기자동차 단양군 모델별 보조금,2023,단양군
화물(소형),한신자동차,플러스2.0,648,378.0,1026.0,2023년도 전기자동차 단양군 모델별 보조금,2023,단양군
화물(소형),비바모빌리티,(단종)비바,932,544.0,1476.0,2023년도 전기자동차 단양군 모델별 보조금,2023,단양군
화물(소형),비바모빌리티,(단종)브라보,802,468.0,1270.0,2023년도 전기자동차 단양군 모델별 보조금,2023,단양군
화물(소형),이브이케이엠씨,(단종)MASADA 2밴,1124,656.0,1780.0,2023년도 전기자동차 단양군 모델별 보조금,2023,단양군
화물(소형),이브이케이엠씨,(단종)MASADA 4밴,1025,598.0,1623.0,2023년도 전기자동차 단양군 모델별 보조금,2023,단양군
화물(소형),이브이케이엠씨,MASADA 픽업,1078,629.0,1707.0,2023년도 전기자동차 단양군 모델별 보조금,2023,단양군
화물(소형),이브이케이엠씨,MASADA 3세대 2밴,1124,656.0,1780.0,2023년도 전기자동차 단양군 모델별 보조금,2023,단양군
화물(소형),이브이케이엠씨,MASADA 3세대 4밴,1025,598.0,1623.0,2023년도 전기자동차 단양군 모델별 보조금,2023,단양군
화물(소형),이브이케이엠씨,MASADA 2밴,1200,700.0,1900.0,2023년도 전기자동차 단양군 모델별 보조금,2023,단양군
화물(소형),이브이케이엠씨,MASADA 4밴,1200,700.0,1900.0,2023년도 전기자동차 단양군 모델별 보조금,2023,단양군
화물(소형),이브이케이엠씨,EC35 2밴,850,496.0,1346.0,2023년도 전기자동차 단양군 모델별 보조금,2023,단양군
화물(소형),경인모터스,경인1톤전기냉동탑차,1151,671.0,1822.0,2023년도 전기자동차 단양군 모델별 보조금,2023,단양군
화물(소형),제이스모빌리티,(단종)이티밴,1200,700.0,1900.0,2023년도 전기자동차 단양군 모델별 보조금,2023,단양군
화물(소형),제이스모빌리티,이티밴,1200,700.0,1900.0,2023년도 전기자동차 단양군 모델별 보조금,2023,단양군
화물(소형),제이스모빌리티,이티4밴,1180,688.0,1868.0,2023년도 전기자동차 단양군 모델별 보조금,2023,단양군
화물(소형),오텍,오텍 무시동 전기 냉동탑차(봉고),1253,731.0,1984.0,2023년도 전기자동차 단양군 모델별 보조금,2023,단양군
화물(소형),이엔플러스,이엔1톤롱바디카고,959,559.0,1518.0,2023년도 전기자동차 단양군 모델별 보조금,2023,단양군
화물(소형),이엔플러스,이엔플러스EV1톤롱바디트럭,1009,589.0,1598.0,2023년도 전기자동차 단양군 모델별 보조금,2023,단양군
화물(소형),GS글로벌,T4K,1200,700.0,1900.0,2023년도 전기자동차 단양군 모델별 보조금,2023,단양군
화물(소형),에스에스라이트,젤라,986,575.0,1561.0,2023년도 전기자동차 단양군 모델별 보조금,2023,단양군
화물(소형),에스에스라이트,젤라 P200,1177,687.0,1864.0,2023년도 전기자동차 단양군 모델별 보조금,2023,단양군
화물(소형),한국쓰리축,한국쓰리축1톤롱바디EV트럭(봉고),943,550.0,1493.0,2023년도 전기자동차 단양군 모델별 보조금,2023,단양군
화물(소형),한국쓰리축,한국쓰리축1톤롱바디EV트럭(포터),963,561.0,1524.0,2023년도 전기자동차 단양군 모델별 보조금,2023,단양군
화물(소형),모빌리티네트웍스,SE-A2밴,1200,700.0,1900.0,2023년도 전기자동차 단양군 모델별 보조금,2023,단양군
화물(초소형),스마트솔루션즈,D2C,550,335.0,885.0,2023년도 전기자동차 천안시 모델별 보조금,2023,천안시
화물(초소형),스마트솔루션즈,D2P,550,335.0,885.0,2023년도 전기자동차 천안시 모델별 보조금,2023,천안시
화물(초소형),루트17,다니고3,550,335.0,885.0,2023년도 전기자동차 천안시 모델별 보조금,2023,천안시
화물(초소형),루트17,다니고3 픽업,550,335.0,885.0,2023년도 전기자동차 천안시 모델별 보조금,2023,천안시
화물(초소형),마스타전기차,MASTA VAN,550,335.0,885.0,2023년도 전기자동차 천안시 모델별 보조금,2023,천안시
화물(초소형),마스타전기차,MASTA HIM,550,335.0,885.0,2023년도 전기자동차 천안시 모델별 보조금,2023,천안시
화물(초소형),디피코,포트로-탑,550,335.0,885.0,2023년도 전기자동차 천안시 모델별 보조금,2023,천안시
화물(초소형),디피코,포트로-픽업,550,335.0,885.0,2023년도 전기자동차 천안시 모델별 보조금,2023,천안시
화물(초소형),디피코,포트로-탑S,550,335.0,885.0,2023년도 전기자동차 천안시 모델별 보조금,2023,천안시
화물(초소형),디피코,포트로-픽업S,550,335.0,885.0,2023년도 전기자동차 천안시 모델별 보조금,2023,천안시
화물(초소형),진우에스엠씨,포텐스,550,335.0,885.0,2023년도 전기자동차 천안시 모델별 보조금,2023,천안시
화물(경형),파워프라자,라보ev PEACE,900,680.0,1580.0,2023년도 전기자동차 천안시 모델별 보조금,2023,천안시
화물(경형),디피코,포트로350L-탑,900,680.0,1580.0,2023년도 전기자동차 천안시 모델별 보조금,2023,천안시
화물(경형),디피코,포트로350L-픽업,900,680.0,1580.0,2023년도 전기자동차 천안시 모델별 보조금,2023,천안시
화물(소형),제인모터스,제인모터스칼마토EV1톤내장탑차,498,373.0,871.0,2023년도 전기자동차 천안시 모델별 보조금,2023,천안시
화물(소형),파워프라자,봉고3ev PEACE,536,402.0,938.0,2023년도 전기자동차 천안시 모델별 보조금,2023,천안시
화물(소형),파워프라자,봉고3ev PEACE 더블캡,437,327.0,764.0,2023년도 전기자동차 천안시 모델별 보조금,2023,천안시
화물(소형),현대자동차,포터Ⅱ 일렉트릭(23MY),1200,900.0,2100.0,2023년도 전기자동차 천안시 모델별 보조금,2023,천안시
화물(소형),현대자동차,포터Ⅱ 일렉트릭(24MY),1200,900.0,2100.0,2023년도 전기자동차 천안시 모델별 보조금,2023,천안시
화물(소형),기아,봉고 전기차,1200,900.0,2100.0,2023년도 전기자동차 천안시 모델별 보조금,2023,천안시
화물(소형),기아,봉고 전기차 냉동탑차,1400,900.0,2300.0,2023년도 전기자동차 천안시 모델별 보조금,2023,천안시
화물(소형),기아,봉고 전기차 저상형 냉동탑차,1400,900.0,2300.0,2023년도 전기자동차 천안시 모델별 보조금,2023,천안시
화물(소형),일진정공,일진무시동전기냉동탑차(149.9km),1053,789.0,1842.0,2023년도 전기자동차 천안시 모델별 보조금,2023,천안시
화물(소형),일진정공,일진무시동전기냉동탑차(186.1km),1321,900.0,2221.0,2023년도 전기자동차 천안시 모델별 보조금,2023,천안시
화물(소형),일진정공,일진무시동전기냉동탑차(봉고),1460,900.0,2360.0,2023년도 전기자동차 천안시 모델별 보조금,2023,천안시
화물(소형),일진정공,일진무시동전기냉동탑차(포터),1444,900.0,2344.0,2023년도 전기자동차 천안시 모델별 보조금,2023,천안시
화물(소형),루트17,다니고밴,784,588.0,1372.0,2023년도 전기자동차 천안시 모델별 보조금,2023,천안시
화물(소형),루트17,다니고C(0.8톤 전기트럭),1112,834.0,1946.0,2023년도 전기자동차 천안시 모델별 보조금,2023,천안시
화물(소형),루트17,다니고C2(0.8톤 전기트럭),909,681.0,1590.0,2023년도 전기자동차 천안시 모델별 보조금,2023,천안시
화물(소형),루트17,다니고R(전기냉동탑차),1313,900.0,2213.0,2023년도 전기자동차 천안시 모델별 보조금,2023,천안시
화물(소형),루트17,다니고R2(무시동 전기냉동탑차),1212,900.0,2112.0,2023년도 전기자동차 천안시 모델별 보조금,2023,천안시
화물(소형),한신자동차,플러스2.0,648,486.0,1134.0,2023년도 전기자동차 천안시 모델별 보조금,2023,천안시
화물(소형),비바모빌리티,(단종)비바,932,699.0,1631.0,2023년도 전기자동차 천안시 모델별 보조금,2023,천안시
화물(소형),비바모빌리티,(단종)브라보,802,601.0,1403.0,2023년도 전기자동차 천안시 모델별 보조금,2023,천안시
화물(소형),이브이케이엠씨,(단종)MASADA 2밴,1124,843.0,1967.0,2023년도 전기자동차 천안시 모델별 보조금,2023,천안시
화물(소형),이브이케이엠씨,(단종)MASADA 4밴,1025,768.0,1793.0,2023년도 전기자동차 천안시 모델별 보조금,2023,천안시
화물(소형),이브이케이엠씨,MASADA 픽업,1078,808.0,1886.0,2023년도 전기자동차 천안시 모델별 보조금,2023,천안시
화물(소형),이브이케이엠씨,MASADA 3세대 2밴,1124,843.0,1967.0,2023년도 전기자동차 천안시 모델별 보조금,2023,천안시
화물(소형),이브이케이엠씨,MASADA 3세대 4밴,1025,768.0,1793.0,2023년도 전기자동차 천안시 모델별 보조금,2023,천안시
화물(소형),이브이케이엠씨,MASADA 2밴,1200,900.0,2100.0,2023년도 전기자동차 천안시 모델별 보조금,2023,천안시
화물(소형),이브이케이엠씨,MASADA 4밴,1200,900.0,2100.0,2023년도 전기자동차 천안시 모델별 보조금,2023,천안시
화물(소형),경인모터스,경인1톤전기냉동탑차,1151,863.0,2014.0,2023년도 전기자동차 천안시 모델별 보조금,2023,천안시
화물(소형),제이스모빌리티,(단종)이티밴,1200,900.0,2100.0,2023년도 전기자동차 천안시 모델별 보조금,2023,천안시
화물(소형),제이스모빌리티,이티밴,1200,900.0,2100.0,2023년도 전기자동차 천안시 모델별 보조금,2023,천안시
화물(소형),제이스모빌리티,이티4밴,1180,885.0,2065.0,2023년도 전기자동차 천안시 모델별 보조금,2023,천안시
화물(소형),오텍,오텍 무시동 전기 냉동탑차(봉고),1253,900.0,2153.0,2023년도 전기자동차 천안시 모델별 보조금,2023,천안시
화물(소형),이엔플러스,이엔1톤롱바디카고,959,719.0,1678.0,2023년도 전기자동차 천안시 모델별 보조금,2023,천안시
화물(소형),이엔플러스,이엔플러스EV1톤롱바디트럭,1009,756.0,1765.0,2023년도 전기자동차 천안시 모델별 보조금,2023,천안시
화물(소형),GS글로벌,T4K,1200,900.0,2100.0,2023년도 전기자동차 천안시 모델별 보조금,2023,천안시
화물(소형),에스에스라이트,젤라,986,739.0,1725.0,2023년도 전기자동차 천안시 모델별 보조금,2023,천안시
화물(소형),에스에스라이트,젤라 P200,1177,882.0,2059.0,2023년도 전기자동차 천안시 모델별 보조금,2023,천안시
화물(소형),한국쓰리축,한국쓰리축1톤롱바디EV트럭(봉고),943,707.0,1650.0,2023년도 전기자동차 천안시 모델별 보조금,2023,천안시
화물(소형),한국쓰리축,한국쓰리축1톤롱바디EV트럭(포터),963,722.0,1685.0,2023년도 전기자동차 천안시 모델별 보조금,2023,천안시
화물(소형),모빌리티네트웍스,SE-A2밴,1200,900.0,2100.0,2023년도 전기자동차 천안시 모델별 보조금,2023,천안시
화물(초소형),스마트솔루션즈,D2C,550,335.0,885.0,2023년도 전기자동차 공주시 모델별 보조금,2023,공주시
화물(초소형),스마트솔루션즈,D2P,550,335.0,885.0,2023년도 전기자동차 공주시 모델별 보조금,2023,공주시
화물(초소형),루트17,다니고3,550,335.0,885.0,2023년도 전기자동차 공주시 모델별 보조금,2023,공주시
화물(초소형),루트17,다니고3 픽업,550,335.0,885.0,2023년도 전기자동차 공주시 모델별 보조금,2023,공주시
화물(초소형),마스타전기차,MASTA VAN,550,335.0,885.0,2023년도 전기자동차 공주시 모델별 보조금,2023,공주시
화물(초소형),마스타전기차,MASTA HIM,550,335.0,885.0,2023년도 전기자동차 공주시 모델별 보조금,2023,공주시
화물(초소형),디피코,포트로-탑,550,335.0,885.0,2023년도 전기자동차 공주시 모델별 보조금,2023,공주시
화물(초소형),디피코,포트로-픽업,550,335.0,885.0,2023년도 전기자동차 공주시 모델별 보조금,2023,공주시
화물(초소형),디피코,포트로-탑S,550,335.0,885.0,2023년도 전기자동차 공주시 모델별 보조금,2023,공주시
화물(초소형),디피코,포트로-픽업S,550,335.0,885.0,2023년도 전기자동차 공주시 모델별 보조금,2023,공주시
화물(초소형),진우에스엠씨,포텐스,550,335.0,885.0,2023년도 전기자동차 공주시 모델별 보조금,2023,공주시
화물(경형),파워프라자,라보ev PEACE,900,680.0,1580.0,2023년도 전기자동차 공주시 모델별 보조금,2023,공주시
화물(경형),디피코,포트로350L-탑,900,680.0,1580.0,2023년도 전기자동차 공주시 모델별 보조금,2023,공주시
화물(경형),디피코,포트로350L-픽업,900,680.0,1580.0,2023년도 전기자동차 공주시 모델별 보조금,2023,공주시
화물(소형),제인모터스,제인모터스칼마토EV1톤내장탑차,498,373.0,871.0,2023년도 전기자동차 공주시 모델별 보조금,2023,공주시
화물(소형),파워프라자,봉고3ev PEACE,536,402.0,938.0,2023년도 전기자동차 공주시 모델별 보조금,2023,공주시
화물(소형),파워프라자,봉고3ev PEACE 더블캡,437,327.0,764.0,2023년도 전기자동차 공주시 모델별 보조금,2023,공주시
화물(소형),현대자동차,포터Ⅱ 일렉트릭(23MY),1200,900.0,2100.0,2023년도 전기자동차 공주시 모델별 보조금,2023,공주시
화물(소형),현대자동차,포터Ⅱ 일렉트릭(24MY),1200,900.0,2100.0,2023년도 전기자동차 공주시 모델별 보조금,2023,공주시
화물(소형),기아,봉고 전기차,1200,900.0,2100.0,2023년도 전기자동차 공주시 모델별 보조금,2023,공주시
화물(소형),기아,봉고 전기차 냉동탑차,1400,900.0,2300.0,2023년도 전기자동차 공주시 모델별 보조금,2023,공주시
화물(소형),기아,봉고 전기차 저상형 냉동탑차,1400,900.0,2300.0,2023년도 전기자동차 공주시 모델별 보조금,2023,공주시
화물(소형),일진정공,일진무시동전기냉동탑차(149.9km),1053,789.0,1842.0,2023년도 전기자동차 공주시 모델별 보조금,2023,공주시
화물(소형),일진정공,일진무시동전기냉동탑차(186.1km),1321,900.0,2221.0,2023년도 전기자동차 공주시 모델별 보조금,2023,공주시
화물(소형),일진정공,일진무시동전기냉동탑차(봉고),1460,900.0,2360.0,2023년도 전기자동차 공주시 모델별 보조금,2023,공주시
화물(소형),일진정공,일진무시동전기냉동탑차(포터),1444,900.0,2344.0,2023년도 전기자동차 공주시 모델별 보조금,2023,공주시
화물(소형),루트17,다니고밴,784,588.0,1372.0,2023년도 전기자동차 공주시 모델별 보조금,2023,공주시
화물(소형),루트17,다니고C(0.8톤 전기트럭),1112,834.0,1946.0,2023년도 전기자동차 공주시 모델별 보조금,2023,공주시
화물(소형),루트17,다니고C2(0.8톤 전기트럭),909,681.0,1590.0,2023년도 전기자동차 공주시 모델별 보조금,2023,공주시
화물(소형),루트17,다니고R(전기냉동탑차),1313,900.0,2213.0,2023년도 전기자동차 공주시 모델별 보조금,2023,공주시
화물(소형),루트17,다니고R2(무시동 전기냉동탑차),1212,900.0,2112.0,2023년도 전기자동차 공주시 모델별 보조금,2023,공주시
화물(소형),한신자동차,플러스2.0,648,486.0,1134.0,2023년도 전기자동차 공주시 모델별 보조금,2023,공주시
화물(소형),비바모빌리티,(단종)비바,932,699.0,1631.0,2023년도 전기자동차 공주시 모델별 보조금,2023,공주시
화물(소형),비바모빌리티,(단종)브라보,802,601.0,1403.0,2023년도 전기자동차 공주시 모델별 보조금,2023,공주시
화물(소형),이브이케이엠씨,(단종)MASADA 2밴,1124,843.0,1967.0,2023년도 전기자동차 공주시 모델별 보조금,2023,공주시
화물(소형),이브이케이엠씨,(단종)MASADA 4밴,1025,768.0,1793.0,2023년도 전기자동차 공주시 모델별 보조금,2023,공주시
화물(소형),이브이케이엠씨,MASADA 픽업,1078,808.0,1886.0,2023년도 전기자동차 공주시 모델별 보조금,2023,공주시
화물(소형),이브이케이엠씨,MASADA 3세대 2밴,1124,843.0,1967.0,2023년도 전기자동차 공주시 모델별 보조금,2023,공주시
화물(소형),이브이케이엠씨,MASADA 3세대 4밴,1025,768.0,1793.0,2023년도 전기자동차 공주시 모델별 보조금,2023,공주시
화물(소형),이브이케이엠씨,MASADA 2밴,1200,900.0,2100.0,2023년도 전기자동차 공주시 모델별 보조금,2023,공주시
화물(소형),경인모터스,경인1톤전기냉동탑차,1151,863.0,2014.0,2023년도 전기자동차 공주시 모델별 보조금,2023,공주시
화물(소형),제이스모빌리티,(단종)이티밴,1200,900.0,2100.0,2023년도 전기자동차 공주시 모델별 보조금,2023,공주시
화물(소형),제이스모빌리티,이티밴,1200,900.0,2100.0,2023년도 전기자동차 공주시 모델별 보조금,2023,공주시
화물(소형),제이스모빌리티,이티4밴,1180,885.0,2065.0,2023년도 전기자동차 공주시 모델별 보조금,2023,공주시
화물(소형),오텍,오텍 무시동 전기 냉동탑차(봉고),1253,900.0,2153.0,2023년도 전기자동차 공주시 모델별 보조금,2023,공주시
화물(소형),이엔플러스,이엔1톤롱바디카고,959,719.0,1678.0,2023년도 전기자동차 공주시 모델별 보조금,2023,공주시
화물(소형),이엔플러스,이엔플러스EV1톤롱바디트럭,1009,756.0,1765.0,2023년도 전기자동차 공주시 모델별 보조금,2023,공주시
화물(소형),GS글로벌,T4K,1200,900.0,2100.0,2023년도 전기자동차 공주시 모델별 보조금,2023,공주시
화물(소형),에스에스라이트,젤라,986,739.0,1725.0,2023년도 전기자동차 공주시 모델별 보조금,2023,공주시
화물(소형),에스에스라이트,젤라 P200,1177,882.0,2059.0,2023년도 전기자동차 공주시 모델별 보조금,2023,공주시
화물(소형),한국쓰리축,한국쓰리축1톤롱바디EV트럭(봉고),943,707.0,1650.0,2023년도 전기자동차 공주시 모델별 보조금,2023,공주시
화물(소형),한국쓰리축,한국쓰리축1톤롱바디EV트럭(포터),963,722.0,1685.0,2023년도 전기자동차 공주시 모델별 보조금,2023,공주시
화물(소형),모빌리티네트웍스,SE-A2밴,1200,900.0,2100.0,2023년도 전기자동차 공주시 모델별 보조금,2023,공주시
화물(초소형),스마트솔루션즈,D2C,550,335.0,885.0,2023년도 전기자동차 보령시 모델별 보조금,2023,보령시
화물(초소형),스마트솔루션즈,D2P,550,335.0,885.0,2023년도 전기자동차 보령시 모델별 보조금,2023,보령시
화물(초소형),루트17,다니고3,550,335.0,885.0,2023년도 전기자동차 보령시 모델별 보조금,2023,보령시
화물(초소형),루트17,다니고3 픽업,550,335.0,885.0,2023년도 전기자동차 보령시 모델별 보조금,2023,보령시
화물(초소형),마스타전기차,MASTA VAN,550,335.0,885.0,2023년도 전기자동차 보령시 모델별 보조금,2023,보령시
화물(초소형),마스타전기차,MASTA HIM,550,335.0,885.0,2023년도 전기자동차 보령시 모델별 보조금,2023,보령시
화물(초소형),디피코,포트로-탑,550,335.0,885.0,2023년도 전기자동차 보령시 모델별 보조금,2023,보령시
화물(초소형),디피코,포트로-픽업,550,335.0,885.0,2023년도 전기자동차 보령시 모델별 보조금,2023,보령시
화물(초소형),디피코,포트로-탑S,550,335.0,885.0,2023년도 전기자동차 보령시 모델별 보조금,2023,보령시
화물(초소형),디피코,포트로-픽업S,550,335.0,885.0,2023년도 전기자동차 보령시 모델별 보조금,2023,보령시
화물(초소형),진우에스엠씨,포텐스,550,335.0,885.0,2023년도 전기자동차 보령시 모델별 보조금,2023,보령시
화물(경형),파워프라자,라보ev PEACE,900,680.0,1580.0,2023년도 전기자동차 보령시 모델별 보조금,2023,보령시
화물(경형),디피코,포트로350L-탑,900,680.0,1580.0,2023년도 전기자동차 보령시 모델별 보조금,2023,보령시
화물(경형),디피코,포트로350L-픽업,900,680.0,1580.0,2023년도 전기자동차 보령시 모델별 보조금,2023,보령시
화물(소형),제인모터스,제인모터스칼마토EV1톤내장탑차,498,373.0,871.0,2023년도 전기자동차 보령시 모델별 보조금,2023,보령시
화물(소형),파워프라자,봉고3ev PEACE,536,402.0,938.0,2023년도 전기자동차 보령시 모델별 보조금,2023,보령시
화물(소형),파워프라자,봉고3ev PEACE 더블캡,437,327.0,764.0,2023년도 전기자동차 보령시 모델별 보조금,2023,보령시
화물(소형),현대자동차,포터Ⅱ 일렉트릭(24MY),1200,900.0,2100.0,2023년도 전기자동차 보령시 모델별 보조금,2023,보령시
화물(소형),기아,봉고 전기차,1200,900.0,2100.0,2023년도 전기자동차 보령시 모델별 보조금,2023,보령시
화물(소형),기아,봉고 전기차 냉동탑차,1400,900.0,2300.0,2023년도 전기자동차 보령시 모델별 보조금,2023,보령시
화물(소형),기아,봉고 전기차 저상형 냉동탑차,1400,900.0,2300.0,2023년도 전기자동차 보령시 모델별 보조금,2023,보령시
화물(소형),일진정공,일진무시동전기냉동탑차(149.9km),1053,789.0,1842.0,2023년도 전기자동차 보령시 모델별 보조금,2023,보령시
화물(소형),일진정공,일진무시동전기냉동탑차(186.1km),1321,900.0,2221.0,2023년도 전기자동차 보령시 모델별 보조금,2023,보령시
화물(소형),일진정공,일진무시동전기냉동탑차(봉고),1460,900.0,2360.0,2023년도 전기자동차 보령시 모델별 보조금,2023,보령시
화물(소형),일진정공,일진무시동전기냉동탑차(포터),1444,900.0,2344.0,2023년도 전기자동차 보령시 모델별 보조금,2023,보령시
화물(소형),루트17,다니고밴,784,588.0,1372.0,2023년도 전기자동차 보령시 모델별 보조금,2023,보령시
화물(소형),루트17,다니고C(0.8톤 전기트럭),1112,834.0,1946.0,2023년도 전기자동차 보령시 모델별 보조금,2023,보령시
화물(소형),루트17,다니고C2(0.8톤 전기트럭),909,681.0,1590.0,2023년도 전기자동차 보령시 모델별 보조금,2023,보령시
화물(소형),루트17,다니고R(전기냉동탑차),1313,900.0,2213.0,2023년도 전기자동차 보령시 모델별 보조금,2023,보령시
화물(소형),루트17,다니고R2(무시동 전기냉동탑차),1212,900.0,2112.0,2023년도 전기자동차 보령시 모델별 보조금,2023,보령시
화물(소형),한신자동차,플러스2.0,648,486.0,1134.0,2023년도 전기자동차 보령시 모델별 보조금,2023,보령시
화물(소형),비바모빌리티,(단종)비바,932,0.0,932.0,2023년도 전기자동차 보령시 모델별 보조금,2023,보령시
화물(소형),비바모빌리티,(단종)브라보,802,0.0,802.0,2023년도 전기자동차 보령시 모델별 보조금,2023,보령시
화물(소형),이브이케이엠씨,(단종)MASADA 2밴,1124,843.0,1967.0,2023년도 전기자동차 보령시 모델별 보조금,2023,보령시
화물(소형),이브이케이엠씨,(단종)MASADA 4밴,1025,768.0,1793.0,2023년도 전기자동차 보령시 모델별 보조금,2023,보령시
화물(소형),이브이케이엠씨,MASADA 픽업,1078,808.0,1886.0,2023년도 전기자동차 보령시 모델별 보조금,2023,보령시
화물(소형),이브이케이엠씨,MASADA 3세대 2밴,1124,843.0,1967.0,2023년도 전기자동차 보령시 모델별 보조금,2023,보령시
화물(소형),이브이케이엠씨,MASADA 3세대 4밴,1025,768.0,1793.0,2023년도 전기자동차 보령시 모델별 보조금,2023,보령시
화물(소형),이브이케이엠씨,MASADA 2밴,1200,0.0,1200.0,2023년도 전기자동차 보령시 모델별 보조금,2023,보령시
화물(소형),이브이케이엠씨,MASADA 4밴,1200,0.0,1200.0,2023년도 전기자동차 보령시 모델별 보조금,2023,보령시
화물(소형),경인모터스,경인1톤전기냉동탑차,1151,863.0,2014.0,2023년도 전기자동차 보령시 모델별 보조금,2023,보령시
화물(소형),제이스모빌리티,(단종)이티밴,1200,900.0,2100.0,2023년도 전기자동차 보령시 모델별 보조금,2023,보령시
화물(소형),제이스모빌리티,이티4밴,1180,885.0,2065.0,2023년도 전기자동차 보령시 모델별 보조금,2023,보령시
화물(소형),오텍,오텍 무시동 전기 냉동탑차(봉고),1253,900.0,2153.0,2023년도 전기자동차 보령시 모델별 보조금,2023,보령시
화물(소형),이엔플러스,이엔1톤롱바디카고,959,719.0,1678.0,2023년도 전기자동차 보령시 모델별 보조금,2023,보령시
화물(소형),이엔플러스,이엔플러스EV1톤롱바디트럭,1009,756.0,1765.0,2023년도 전기자동차 보령시 모델별 보조금,2023,보령시
화물(소형),GS글로벌,T4K,1200,900.0,2100.0,2023년도 전기자동차 보령시 모델별 보조금,2023,보령시
화물(소형),에스에스라이트,젤라,986,739.0,1725.0,2023년도 전기자동차 보령시 모델별 보조금,2023,보령시
화물(소형),에스에스라이트,젤라 P200,1177,882.0,2059.0,2023년도 전기자동차 보령시 모델별 보조금,2023,보령시
화물(소형),한국쓰리축,한국쓰리축1톤롱바디EV트럭(봉고),943,707.0,1650.0,2023년도 전기자동차 보령시 모델별 보조금,2023,보령시
화물(소형),한국쓰리축,한국쓰리축1톤롱바디EV트럭(포터),963,722.0,1685.0,2023년도 전기자동차 보령시 모델별 보조금,2023,보령시
화물(소형),모빌리티네트웍스,SE-A2밴,1200,900.0,2100.0,2023년도 전기자동차 보령시 모델별 보조금,2023,보령시
화물(초소형),스마트솔루션즈,D2C,550,335.0,885.0,2023년도 전기자동차 아산시 모델별 보조금,2023,아산시
화물(초소형),스마트솔루션즈,D2P,550,335.0,885.0,2023년도 전기자동차 아산시 모델별 보조금,2023,아산시
화물(초소형),루트17,다니고3,550,335.0,885.0,2023년도 전기자동차 아산시 모델별 보조금,2023,아산시
화물(초소형),루트17,다니고3 픽업,550,335.0,885.0,2023년도 전기자동차 아산시 모델별 보조금,2023,아산시
화물(초소형),마스타전기차,MASTA VAN,550,335.0,885.0,2023년도 전기자동차 아산시 모델별 보조금,2023,아산시
화물(초소형),마스타전기차,MASTA HIM,550,335.0,885.0,2023년도 전기자동차 아산시 모델별 보조금,2023,아산시
화물(초소형),디피코,포트로-탑,550,335.0,885.0,2023년도 전기자동차 아산시 모델별 보조금,2023,아산시
화물(초소형),디피코,포트로-픽업,550,335.0,885.0,2023년도 전기자동차 아산시 모델별 보조금,2023,아산시
화물(초소형),디피코,포트로-탑S,550,335.0,885.0,2023년도 전기자동차 아산시 모델별 보조금,2023,아산시
화물(초소형),디피코,포트로-픽업S,550,335.0,885.0,2023년도 전기자동차 아산시 모델별 보조금,2023,아산시
화물(초소형),진우에스엠씨,포텐스,550,335.0,885.0,2023년도 전기자동차 아산시 모델별 보조금,2023,아산시
화물(경형),파워프라자,라보ev PEACE,900,680.0,1580.0,2023년도 전기자동차 아산시 모델별 보조금,2023,아산시
화물(경형),디피코,포트로350L-탑,900,680.0,1580.0,2023년도 전기자동차 아산시 모델별 보조금,2023,아산시
화물(경형),디피코,포트로350L-픽업,900,680.0,1580.0,2023년도 전기자동차 아산시 모델별 보조금,2023,아산시
화물(소형),제인모터스,제인모터스칼마토EV1톤내장탑차,498,373.0,871.0,2023년도 전기자동차 아산시 모델별 보조금,2023,아산시
화물(소형),파워프라자,봉고3ev PEACE,536,402.0,938.0,2023년도 전기자동차 아산시 모델별 보조금,2023,아산시
화물(소형),파워프라자,봉고3ev PEACE 더블캡,437,327.0,764.0,2023년도 전기자동차 아산시 모델별 보조금,2023,아산시
화물(소형),현대자동차,포터Ⅱ 일렉트릭(23MY),1200,900.0,2100.0,2023년도 전기자동차 아산시 모델별 보조금,2023,아산시
화물(소형),현대자동차,포터Ⅱ 일렉트릭(24MY),1200,900.0,2100.0,2023년도 전기자동차 아산시 모델별 보조금,2023,아산시
화물(소형),기아,봉고 전기차,1200,900.0,2100.0,2023년도 전기자동차 아산시 모델별 보조금,2023,아산시
화물(소형),기아,봉고 전기차 냉동탑차,1400,900.0,2300.0,2023년도 전기자동차 아산시 모델별 보조금,2023,아산시
화물(소형),기아,봉고 전기차 저상형 냉동탑차,1400,900.0,2300.0,2023년도 전기자동차 아산시 모델별 보조금,2023,아산시
화물(소형),일진정공,일진무시동전기냉동탑차(149.9km),1053,789.0,1842.0,2023년도 전기자동차 아산시 모델별 보조금,2023,아산시
화물(소형),일진정공,일진무시동전기냉동탑차(186.1km),1321,900.0,2221.0,2023년도 전기자동차 아산시 모델별 보조금,2023,아산시
화물(소형),일진정공,일진무시동전기냉동탑차(봉고),1460,900.0,2360.0,2023년도 전기자동차 아산시 모델별 보조금,2023,아산시
화물(소형),일진정공,일진무시동전기냉동탑차(포터),1444,900.0,2344.0,2023년도 전기자동차 아산시 모델별 보조금,2023,아산시
화물(소형),루트17,다니고밴,784,588.0,1372.0,2023년도 전기자동차 아산시 모델별 보조금,2023,아산시
화물(소형),루트17,다니고C(0.8톤 전기트럭),1112,834.0,1946.0,2023년도 전기자동차 아산시 모델별 보조금,2023,아산시
화물(소형),루트17,다니고C2(0.8톤 전기트럭),909,681.0,1590.0,2023년도 전기자동차 아산시 모델별 보조금,2023,아산시
화물(소형),루트17,다니고R(전기냉동탑차),1313,900.0,2213.0,2023년도 전기자동차 아산시 모델별 보조금,2023,아산시
화물(소형),루트17,다니고R2(무시동 전기냉동탑차),1212,900.0,2112.0,2023년도 전기자동차 아산시 모델별 보조금,2023,아산시
화물(소형),한신자동차,플러스2.0,648,486.0,1134.0,2023년도 전기자동차 아산시 모델별 보조금,2023,아산시
화물(소형),비바모빌리티,(단종)비바,932,699.0,1631.0,2023년도 전기자동차 아산시 모델별 보조금,2023,아산시
화물(소형),비바모빌리티,(단종)브라보,802,601.0,1403.0,2023년도 전기자동차 아산시 모델별 보조금,2023,아산시
화물(소형),이브이케이엠씨,(단종)MASADA 2밴,1124,843.0,1967.0,2023년도 전기자동차 아산시 모델별 보조금,2023,아산시
화물(소형),이브이케이엠씨,(단종)MASADA 4밴,1025,768.0,1793.0,2023년도 전기자동차 아산시 모델별 보조금,2023,아산시
화물(소형),이브이케이엠씨,MASADA 픽업,1078,808.0,1886.0,2023년도 전기자동차 아산시 모델별 보조금,2023,아산시
화물(소형),이브이케이엠씨,MASADA 3세대 2밴,1124,843.0,1967.0,2023년도 전기자동차 아산시 모델별 보조금,2023,아산시
화물(소형),이브이케이엠씨,MASADA 3세대 4밴,1025,768.0,1793.0,2023년도 전기자동차 아산시 모델별 보조금,2023,아산시
화물(소형),이브이케이엠씨,MASADA 2밴,1200,900.0,2100.0,2023년도 전기자동차 아산시 모델별 보조금,2023,아산시
화물(소형),이브이케이엠씨,MASADA 4밴,1200,900.0,2100.0,2023년도 전기자동차 아산시 모델별 보조금,2023,아산시
화물(소형),경인모터스,경인1톤전기냉동탑차,1151,863.0,2014.0,2023년도 전기자동차 아산시 모델별 보조금,2023,아산시
화물(소형),제이스모빌리티,(단종)이티밴,1200,900.0,2100.0,2023년도 전기자동차 아산시 모델별 보조금,2023,아산시
화물(소형),제이스모빌리티,이티밴,1200,900.0,2100.0,2023년도 전기자동차 아산시 모델별 보조금,2023,아산시
화물(소형),제이스모빌리티,이티4밴,1180,885.0,2065.0,2023년도 전기자동차 아산시 모델별 보조금,2023,아산시
화물(소형),오텍,오텍 무시동 전기 냉동탑차(봉고),1253,900.0,2153.0,2023년도 전기자동차 아산시 모델별 보조금,2023,아산시
화물(소형),이엔플러스,이엔1톤롱바디카고,959,719.0,1678.0,2023년도 전기자동차 아산시 모델별 보조금,2023,아산시
화물(소형),이엔플러스,이엔플러스EV1톤롱바디트럭,1009,756.0,1765.0,2023년도 전기자동차 아산시 모델별 보조금,2023,아산시
화물(소형),GS글로벌,T4K,1200,900.0,2100.0,2023년도 전기자동차 아산시 모델별 보조금,2023,아산시
화물(소형),에스에스라이트,젤라,986,739.0,1725.0,2023년도 전기자동차 아산시 모델별 보조금,2023,아산시
화물(소형),에스에스라이트,젤라 P200,1177,882.0,2059.0,2023년도 전기자동차 아산시 모델별 보조금,2023,아산시
화물(소형),한국쓰리축,한국쓰리축1톤롱바디EV트럭(봉고),943,707.0,1650.0,2023년도 전기자동차 아산시 모델별 보조금,2023,아산시
화물(소형),한국쓰리축,한국쓰리축1톤롱바디EV트럭(포터),963,722.0,1685.0,2023년도 전기자동차 아산시 모델별 보조금,2023,아산시
화물(소형),모빌리티네트웍스,SE-A2밴,1200,900.0,2100.0,2023년도 전기자동차 아산시 모델별 보조금,2023,아산시
화물(초소형),스마트솔루션즈,D2C,550,335.0,885.0,2023년도 전기자동차 서산시 모델별 보조금,2023,서산시
화물(초소형),스마트솔루션즈,D2P,550,335.0,885.0,2023년도 전기자동차 서산시 모델별 보조금,2023,서산시
화물(초소형),루트17,다니고3,550,335.0,885.0,2023년도 전기자동차 서산시 모델별 보조금,2023,서산시
화물(초소형),루트17,다니고3 픽업,550,335.0,885.0,2023년도 전기자동차 서산시 모델별 보조금,2023,서산시
화물(초소형),마스타전기차,MASTA VAN,550,335.0,885.0,2023년도 전기자동차 서산시 모델별 보조금,2023,서산시
화물(초소형),마스타전기차,MASTA HIM,550,335.0,885.0,2023년도 전기자동차 서산시 모델별 보조금,2023,서산시
화물(초소형),디피코,포트로-탑,550,335.0,885.0,2023년도 전기자동차 서산시 모델별 보조금,2023,서산시
화물(초소형),디피코,포트로-픽업,550,335.0,885.0,2023년도 전기자동차 서산시 모델별 보조금,2023,서산시
화물(초소형),디피코,포트로-탑S,550,335.0,885.0,2023년도 전기자동차 서산시 모델별 보조금,2023,서산시
화물(초소형),디피코,포트로-픽업S,550,335.0,885.0,2023년도 전기자동차 서산시 모델별 보조금,2023,서산시
화물(초소형),진우에스엠씨,포텐스,550,335.0,885.0,2023년도 전기자동차 서산시 모델별 보조금,2023,서산시
화물(경형),파워프라자,라보ev PEACE,900,680.0,1580.0,2023년도 전기자동차 서산시 모델별 보조금,2023,서산시
화물(경형),디피코,포트로350L-탑,900,680.0,1580.0,2023년도 전기자동차 서산시 모델별 보조금,2023,서산시
화물(경형),디피코,포트로350L-픽업,900,680.0,1580.0,2023년도 전기자동차 서산시 모델별 보조금,2023,서산시
화물(소형),제인모터스,제인모터스칼마토EV1톤내장탑차,498,373.0,871.0,2023년도 전기자동차 서산시 모델별 보조금,2023,서산시
화물(소형),파워프라자,봉고3ev PEACE,536,402.0,938.0,2023년도 전기자동차 서산시 모델별 보조금,2023,서산시
화물(소형),파워프라자,봉고3ev PEACE 더블캡,437,327.0,764.0,2023년도 전기자동차 서산시 모델별 보조금,2023,서산시
화물(소형),현대자동차,포터Ⅱ 일렉트릭(24MY),1200,900.0,2100.0,2023년도 전기자동차 서산시 모델별 보조금,2023,서산시
화물(소형),기아,봉고 전기차,1200,900.0,2100.0,2023년도 전기자동차 서산시 모델별 보조금,2023,서산시
화물(소형),기아,봉고 전기차 냉동탑차,1400,900.0,2300.0,2023년도 전기자동차 서산시 모델별 보조금,2023,서산시
화물(소형),기아,봉고 전기차 저상형 냉동탑차,1400,900.0,2300.0,2023년도 전기자동차 서산시 모델별 보조금,2023,서산시
화물(소형),일진정공,일진무시동전기냉동탑차(149.9km),1053,789.0,1842.0,2023년도 전기자동차 서산시 모델별 보조금,2023,서산시
화물(소형),일진정공,일진무시동전기냉동탑차(186.1km),1321,900.0,2221.0,2023년도 전기자동차 서산시 모델별 보조금,2023,서산시
화물(소형),일진정공,일진무시동전기냉동탑차(봉고),1460,900.0,2360.0,2023년도 전기자동차 서산시 모델별 보조금,2023,서산시
화물(소형),일진정공,일진무시동전기냉동탑차(포터),1444,900.0,2344.0,2023년도 전기자동차 서산시 모델별 보조금,2023,서산시
화물(소형),루트17,다니고밴,784,588.0,1372.0,2023년도 전기자동차 서산시 모델별 보조금,2023,서산시
화물(소형),루트17,다니고C(0.8톤 전기트럭),1112,834.0,1946.0,2023년도 전기자동차 서산시 모델별 보조금,2023,서산시
화물(소형),루트17,다니고C2(0.8톤 전기트럭),909,681.0,1590.0,2023년도 전기자동차 서산시 모델별 보조금,2023,서산시
화물(소형),루트17,다니고R(전기냉동탑차),1313,900.0,2213.0,2023년도 전기자동차 서산시 모델별 보조금,2023,서산시
화물(소형),루트17,다니고R2(무시동 전기냉동탑차),1212,900.0,2112.0,2023년도 전기자동차 서산시 모델별 보조금,2023,서산시
화물(소형),한신자동차,플러스2.0,648,486.0,1134.0,2023년도 전기자동차 서산시 모델별 보조금,2023,서산시
화물(소형),비바모빌리티,(단종)비바,932,699.0,1631.0,2023년도 전기자동차 서산시 모델별 보조금,2023,서산시
화물(소형),비바모빌리티,(단종)브라보,802,601.0,1403.0,2023년도 전기자동차 서산시 모델별 보조금,2023,서산시
화물(소형),이브이케이엠씨,(단종)MASADA 2밴,1124,843.0,1967.0,2023년도 전기자동차 서산시 모델별 보조금,2023,서산시
화물(소형),이브이케이엠씨,(단종)MASADA 4밴,1025,768.0,1793.0,2023년도 전기자동차 서산시 모델별 보조금,2023,서산시
화물(소형),이브이케이엠씨,MASADA 픽업,1078,808.0,1886.0,2023년도 전기자동차 서산시 모델별 보조금,2023,서산시
화물(소형),이브이케이엠씨,MASADA 3세대 2밴,1124,843.0,1967.0,2023년도 전기자동차 서산시 모델별 보조금,2023,서산시
화물(소형),이브이케이엠씨,MASADA 3세대 4밴,1025,768.0,1793.0,2023년도 전기자동차 서산시 모델별 보조금,2023,서산시
화물(소형),경인모터스,경인1톤전기냉동탑차,1151,863.0,2014.0,2023년도 전기자동차 서산시 모델별 보조금,2023,서산시
화물(소형),제이스모빌리티,(단종)이티밴,1200,900.0,2100.0,2023년도 전기자동차 서산시 모델별 보조금,2023,서산시
화물(소형),제이스모빌리티,이티4밴,1180,885.0,2065.0,2023년도 전기자동차 서산시 모델별 보조금,2023,서산시
화물(소형),오텍,오텍 무시동 전기 냉동탑차(봉고),1253,900.0,2153.0,2023년도 전기자동차 서산시 모델별 보조금,2023,서산시
화물(소형),이엔플러스,이엔1톤롱바디카고,959,719.0,1678.0,2023년도 전기자동차 서산시 모델별 보조금,2023,서산시
화물(소형),이엔플러스,이엔플러스EV1톤롱바디트럭,1009,756.0,1765.0,2023년도 전기자동차 서산시 모델별 보조금,2023,서산시
화물(소형),GS글로벌,T4K,1200,900.0,2100.0,2023년도 전기자동차 서산시 모델별 보조금,2023,서산시
화물(소형),에스에스라이트,젤라,986,739.0,1725.0,2023년도 전기자동차 서산시 모델별 보조금,2023,서산시
화물(소형),에스에스라이트,젤라 P200,1177,882.0,2059.0,2023년도 전기자동차 서산시 모델별 보조금,2023,서산시
화물(소형),한국쓰리축,한국쓰리축1톤롱바디EV트럭(봉고),943,707.0,1650.0,2023년도 전기자동차 서산시 모델별 보조금,2023,서산시
화물(소형),한국쓰리축,한국쓰리축1톤롱바디EV트럭(포터),963,722.0,1685.0,2023년도 전기자동차 서산시 모델별 보조금,2023,서산시
화물(소형),모빌리티네트웍스,SE-A2밴,1200,900.0,2100.0,2023년도 전기자동차 서산시 모델별 보조금,2023,서산시
화물(초소형),스마트솔루션즈,D2C,550,335.0,885.0,2023년도 전기자동차 논산시 모델별 보조금,2023,논산시
화물(초소형),스마트솔루션즈,D2P,550,335.0,885.0,2023년도 전기자동차 논산시 모델별 보조금,2023,논산시
화물(초소형),루트17,다니고3,550,335.0,885.0,2023년도 전기자동차 논산시 모델별 보조금,2023,논산시
화물(초소형),루트17,다니고3 픽업,550,335.0,885.0,2023년도 전기자동차 논산시 모델별 보조금,2023,논산시
화물(초소형),마스타전기차,MASTA VAN,550,335.0,885.0,2023년도 전기자동차 논산시 모델별 보조금,2023,논산시
화물(초소형),마스타전기차,MASTA HIM,550,335.0,885.0,2023년도 전기자동차 논산시 모델별 보조금,2023,논산시
화물(초소형),디피코,포트로-탑,550,335.0,885.0,2023년도 전기자동차 논산시 모델별 보조금,2023,논산시
화물(초소형),디피코,포트로-픽업,550,335.0,885.0,2023년도 전기자동차 논산시 모델별 보조금,2023,논산시
화물(초소형),디피코,포트로-탑S,550,335.0,885.0,2023년도 전기자동차 논산시 모델별 보조금,2023,논산시
화물(초소형),디피코,포트로-픽업S,550,335.0,885.0,2023년도 전기자동차 논산시 모델별 보조금,2023,논산시
화물(초소형),진우에스엠씨,포텐스,550,335.0,885.0,2023년도 전기자동차 논산시 모델별 보조금,2023,논산시
화물(경형),파워프라자,라보ev PEACE,900,680.0,1580.0,2023년도 전기자동차 논산시 모델별 보조금,2023,논산시
화물(경형),디피코,포트로350L-탑,900,680.0,1580.0,2023년도 전기자동차 논산시 모델별 보조금,2023,논산시
화물(경형),디피코,포트로350L-픽업,900,680.0,1580.0,2023년도 전기자동차 논산시 모델별 보조금,2023,논산시
화물(소형),제인모터스,제인모터스칼마토EV1톤내장탑차,498,373.0,871.0,2023년도 전기자동차 논산시 모델별 보조금,2023,논산시
화물(소형),파워프라자,봉고3ev PEACE,536,402.0,938.0,2023년도 전기자동차 논산시 모델별 보조금,2023,논산시
화물(소형),파워프라자,봉고3ev PEACE 더블캡,437,327.0,764.0,2023년도 전기자동차 논산시 모델별 보조금,2023,논산시
화물(소형),현대자동차,포터Ⅱ 일렉트릭(24MY),1200,900.0,2100.0,2023년도 전기자동차 논산시 모델별 보조금,2023,논산시
화물(소형),기아,봉고 전기차,1200,900.0,2100.0,2023년도 전기자동차 논산시 모델별 보조금,2023,논산시
화물(소형),기아,봉고 전기차 냉동탑차,1400,900.0,2300.0,2023년도 전기자동차 논산시 모델별 보조금,2023,논산시
화물(소형),기아,봉고 전기차 저상형 냉동탑차,1400,900.0,2300.0,2023년도 전기자동차 논산시 모델별 보조금,2023,논산시
화물(소형),일진정공,일진무시동전기냉동탑차(149.9km),1053,790.0,1843.0,2023년도 전기자동차 논산시 모델별 보조금,2023,논산시
화물(소형),일진정공,일진무시동전기냉동탑차(186.1km),1321,991.0,2312.0,2023년도 전기자동차 논산시 모델별 보조금,2023,논산시
화물(소형),일진정공,일진무시동전기냉동탑차(봉고),1460,1096.0,2556.0,2023년도 전기자동차 논산시 모델별 보조금,2023,논산시
화물(소형),일진정공,일진무시동전기냉동탑차(포터),1444,1083.0,2527.0,2023년도 전기자동차 논산시 모델별 보조금,2023,논산시
화물(소형),루트17,다니고밴,784,588.0,1372.0,2023년도 전기자동차 논산시 모델별 보조금,2023,논산시
화물(소형),루트17,다니고C(0.8톤 전기트럭),1112,834.0,1946.0,2023년도 전기자동차 논산시 모델별 보조금,2023,논산시
화물(소형),루트17,다니고C2(0.8톤 전기트럭),909,682.0,1591.0,2023년도 전기자동차 논산시 모델별 보조금,2023,논산시
화물(소형),루트17,다니고R(전기냉동탑차),1313,984.0,2297.0,2023년도 전기자동차 논산시 모델별 보조금,2023,논산시
화물(소형),루트17,다니고R2(무시동 전기냉동탑차),1212,909.0,2121.0,2023년도 전기자동차 논산시 모델별 보조금,2023,논산시
화물(소형),한신자동차,플러스2.0,648,486.0,1134.0,2023년도 전기자동차 논산시 모델별 보조금,2023,논산시
화물(소형),비바모빌리티,(단종)비바,932,699.0,1631.0,2023년도 전기자동차 논산시 모델별 보조금,2023,논산시
화물(소형),비바모빌리티,(단종)브라보,802,601.0,1403.0,2023년도 전기자동차 논산시 모델별 보조금,2023,논산시
화물(소형),이브이케이엠씨,(단종)MASADA 2밴,1124,843.0,1967.0,2023년도 전기자동차 논산시 모델별 보조금,2023,논산시
화물(소형),이브이케이엠씨,(단종)MASADA 4밴,1025,769.0,1794.0,2023년도 전기자동차 논산시 모델별 보조금,2023,논산시
화물(소형),이브이케이엠씨,MASADA 픽업,1078,809.0,1887.0,2023년도 전기자동차 논산시 모델별 보조금,2023,논산시
화물(소형),이브이케이엠씨,MASADA 3세대 2밴,1124,843.0,1967.0,2023년도 전기자동차 논산시 모델별 보조금,2023,논산시
화물(소형),이브이케이엠씨,MASADA 3세대 4밴,1025,769.0,1794.0,2023년도 전기자동차 논산시 모델별 보조금,2023,논산시
화물(소형),이브이케이엠씨,MASADA 2밴,1200,900.0,2100.0,2023년도 전기자동차 논산시 모델별 보조금,2023,논산시
화물(소형),이브이케이엠씨,MASADA 4밴,1200,900.0,2100.0,2023년도 전기자동차 논산시 모델별 보조금,2023,논산시
화물(소형),경인모터스,경인1톤전기냉동탑차,1151,863.0,2014.0,2023년도 전기자동차 논산시 모델별 보조금,2023,논산시
화물(소형),제이스모빌리티,(단종)이티밴,1200,900.0,2100.0,2023년도 전기자동차 논산시 모델별 보조금,2023,논산시
화물(소형),제이스모빌리티,이티4밴,1180,885.0,2065.0,2023년도 전기자동차 논산시 모델별 보조금,2023,논산시
화물(소형),오텍,오텍 무시동 전기 냉동탑차(봉고),1253,940.0,2193.0,2023년도 전기자동차 논산시 모델별 보조금,2023,논산시
화물(소형),이엔플러스,이엔1톤롱바디카고,959,719.0,1678.0,2023년도 전기자동차 논산시 모델별 보조금,2023,논산시
화물(소형),이엔플러스,이엔플러스EV1톤롱바디트럭,1009,757.0,1766.0,2023년도 전기자동차 논산시 모델별 보조금,2023,논산시
화물(소형),GS글로벌,T4K,1200,900.0,2100.0,2023년도 전기자동차 논산시 모델별 보조금,2023,논산시
화물(소형),에스에스라이트,젤라,986,740.0,1726.0,2023년도 전기자동차 논산시 모델별 보조금,2023,논산시
화물(소형),에스에스라이트,젤라 P200,1177,883.0,2060.0,2023년도 전기자동차 논산시 모델별 보조금,2023,논산시
화물(소형),한국쓰리축,한국쓰리축1톤롱바디EV트럭(봉고),943,707.0,1650.0,2023년도 전기자동차 논산시 모델별 보조금,2023,논산시
화물(소형),한국쓰리축,한국쓰리축1톤롱바디EV트럭(포터),963,723.0,1686.0,2023년도 전기자동차 논산시 모델별 보조금,2023,논산시
화물(소형),모빌리티네트웍스,SE-A2밴,1200,900.0,2100.0,2023년도 전기자동차 논산시 모델별 보조금,2023,논산시
화물(초소형),스마트솔루션즈,D2C,550,335.0,885.0,2023년도 전기자동차 계룡시 모델별 보조금,2023,계룡시
화물(초소형),스마트솔루션즈,D2P,550,335.0,885.0,2023년도 전기자동차 계룡시 모델별 보조금,2023,계룡시
화물(초소형),루트17,다니고3,550,335.0,885.0,2023년도 전기자동차 계룡시 모델별 보조금,2023,계룡시
화물(초소형),루트17,다니고3 픽업,550,335.0,885.0,2023년도 전기자동차 계룡시 모델별 보조금,2023,계룡시
화물(초소형),마스타전기차,MASTA VAN,550,335.0,885.0,2023년도 전기자동차 계룡시 모델별 보조금,2023,계룡시
화물(초소형),마스타전기차,MASTA HIM,550,335.0,885.0,2023년도 전기자동차 계룡시 모델별 보조금,2023,계룡시
화물(초소형),디피코,포트로-탑,550,335.0,885.0,2023년도 전기자동차 계룡시 모델별 보조금,2023,계룡시
화물(초소형),디피코,포트로-픽업,550,335.0,885.0,2023년도 전기자동차 계룡시 모델별 보조금,2023,계룡시
화물(초소형),디피코,포트로-탑S,550,335.0,885.0,2023년도 전기자동차 계룡시 모델별 보조금,2023,계룡시
화물(초소형),디피코,포트로-픽업S,550,335.0,885.0,2023년도 전기자동차 계룡시 모델별 보조금,2023,계룡시
화물(초소형),진우에스엠씨,포텐스,550,335.0,885.0,2023년도 전기자동차 계룡시 모델별 보조금,2023,계룡시
화물(경형),파워프라자,라보ev PEACE,900,680.0,1580.0,2023년도 전기자동차 계룡시 모델별 보조금,2023,계룡시
화물(경형),디피코,포트로350L-탑,900,680.0,1580.0,2023년도 전기자동차 계룡시 모델별 보조금,2023,계룡시
화물(경형),디피코,포트로350L-픽업,900,680.0,1580.0,2023년도 전기자동차 계룡시 모델별 보조금,2023,계룡시
화물(소형),제인모터스,제인모터스칼마토EV1톤내장탑차,498,373.0,871.0,2023년도 전기자동차 계룡시 모델별 보조금,2023,계룡시
화물(소형),파워프라자,봉고3ev PEACE,536,402.0,938.0,2023년도 전기자동차 계룡시 모델별 보조금,2023,계룡시
화물(소형),파워프라자,봉고3ev PEACE 더블캡,437,327.0,764.0,2023년도 전기자동차 계룡시 모델별 보조금,2023,계룡시
화물(소형),현대자동차,포터Ⅱ 일렉트릭(24MY),1200,900.0,2100.0,2023년도 전기자동차 계룡시 모델별 보조금,2023,계룡시
화물(소형),기아,봉고 전기차,1200,900.0,2100.0,2023년도 전기자동차 계룡시 모델별 보조금,2023,계룡시
화물(소형),기아,봉고 전기차 냉동탑차,1400,900.0,2300.0,2023년도 전기자동차 계룡시 모델별 보조금,2023,계룡시
화물(소형),기아,봉고 전기차 저상형 냉동탑차,1400,900.0,2300.0,2023년도 전기자동차 계룡시 모델별 보조금,2023,계룡시
화물(소형),일진정공,일진무시동전기냉동탑차(149.9km),1053,789.0,1842.0,2023년도 전기자동차 계룡시 모델별 보조금,2023,계룡시
화물(소형),일진정공,일진무시동전기냉동탑차(186.1km),1321,900.0,2221.0,2023년도 전기자동차 계룡시 모델별 보조금,2023,계룡시
화물(소형),일진정공,일진무시동전기냉동탑차(봉고),1460,900.0,2360.0,2023년도 전기자동차 계룡시 모델별 보조금,2023,계룡시
화물(소형),일진정공,일진무시동전기냉동탑차(포터),1444,900.0,2344.0,2023년도 전기자동차 계룡시 모델별 보조금,2023,계룡시
화물(소형),루트17,다니고밴,784,588.0,1372.0,2023년도 전기자동차 계룡시 모델별 보조금,2023,계룡시
화물(소형),루트17,다니고C(0.8톤 전기트럭),1112,834.0,1946.0,2023년도 전기자동차 계룡시 모델별 보조금,2023,계룡시
화물(소형),루트17,다니고C2(0.8톤 전기트럭),909,681.0,1590.0,2023년도 전기자동차 계룡시 모델별 보조금,2023,계룡시
화물(소형),루트17,다니고R(전기냉동탑차),1313,900.0,2213.0,2023년도 전기자동차 계룡시 모델별 보조금,2023,계룡시
화물(소형),루트17,다니고R2(무시동 전기냉동탑차),1212,900.0,2112.0,2023년도 전기자동차 계룡시 모델별 보조금,2023,계룡시
화물(소형),한신자동차,플러스2.0,648,486.0,1134.0,2023년도 전기자동차 계룡시 모델별 보조금,2023,계룡시
화물(소형),비바모빌리티,(단종)비바,932,699.0,1631.0,2023년도 전기자동차 계룡시 모델별 보조금,2023,계룡시
화물(소형),비바모빌리티,(단종)브라보,802,601.0,1403.0,2023년도 전기자동차 계룡시 모델별 보조금,2023,계룡시
화물(소형),이브이케이엠씨,(단종)MASADA 2밴,1124,843.0,1967.0,2023년도 전기자동차 계룡시 모델별 보조금,2023,계룡시
화물(소형),이브이케이엠씨,(단종)MASADA 4밴,1025,768.0,1793.0,2023년도 전기자동차 계룡시 모델별 보조금,2023,계룡시
화물(소형),이브이케이엠씨,MASADA 픽업,1078,808.0,1886.0,2023년도 전기자동차 계룡시 모델별 보조금,2023,계룡시
화물(소형),이브이케이엠씨,MASADA 3세대 2밴,1124,843.0,1967.0,2023년도 전기자동차 계룡시 모델별 보조금,2023,계룡시
화물(소형),이브이케이엠씨,MASADA 3세대 4밴,1025,768.0,1793.0,2023년도 전기자동차 계룡시 모델별 보조금,2023,계룡시
화물(소형),이브이케이엠씨,MASADA 2밴,1200,900.0,2100.0,2023년도 전기자동차 계룡시 모델별 보조금,2023,계룡시
화물(소형),경인모터스,경인1톤전기냉동탑차,1151,863.0,2014.0,2023년도 전기자동차 계룡시 모델별 보조금,2023,계룡시
화물(소형),제이스모빌리티,(단종)이티밴,1200,900.0,2100.0,2023년도 전기자동차 계룡시 모델별 보조금,2023,계룡시
화물(소형),제이스모빌리티,이티4밴,1180,885.0,2065.0,2023년도 전기자동차 계룡시 모델별 보조금,2023,계룡시
화물(소형),오텍,오텍 무시동 전기 냉동탑차(봉고),1253,900.0,2153.0,2023년도 전기자동차 계룡시 모델별 보조금,2023,계룡시
화물(소형),이엔플러스,이엔1톤롱바디카고,959,719.0,1678.0,2023년도 전기자동차 계룡시 모델별 보조금,2023,계룡시
화물(소형),이엔플러스,이엔플러스EV1톤롱바디트럭,1009,756.0,1765.0,2023년도 전기자동차 계룡시 모델별 보조금,2023,계룡시
화물(소형),GS글로벌,T4K,1200,900.0,2100.0,2023년도 전기자동차 계룡시 모델별 보조금,2023,계룡시
화물(소형),에스에스라이트,젤라,986,739.0,1725.0,2023년도 전기자동차 계룡시 모델별 보조금,2023,계룡시
화물(소형),에스에스라이트,젤라 P200,1177,882.0,2059.0,2023년도 전기자동차 계룡시 모델별 보조금,2023,계룡시
화물(소형),한국쓰리축,한국쓰리축1톤롱바디EV트럭(봉고),943,707.0,1650.0,2023년도 전기자동차 계룡시 모델별 보조금,2023,계룡시
화물(소형),한국쓰리축,한국쓰리축1톤롱바디EV트럭(포터),963,722.0,1685.0,2023년도 전기자동차 계룡시 모델별 보조금,2023,계룡시
화물(소형),모빌리티네트웍스,SE-A2밴,1200,900.0,2100.0,2023년도 전기자동차 계룡시 모델별 보조금,2023,계룡시
화물(초소형),스마트솔루션즈,D2C,550,335.0,885.0,2023년도 전기자동차 당진시 모델별 보조금,2023,당진시
화물(초소형),스마트솔루션즈,D2P,550,335.0,885.0,2023년도 전기자동차 당진시 모델별 보조금,2023,당진시
화물(초소형),루트17,다니고3,550,335.0,885.0,2023년도 전기자동차 당진시 모델별 보조금,2023,당진시
화물(초소형),루트17,다니고3 픽업,550,335.0,885.0,2023년도 전기자동차 당진시 모델별 보조금,2023,당진시
화물(초소형),마스타전기차,MASTA VAN,550,335.0,885.0,2023년도 전기자동차 당진시 모델별 보조금,2023,당진시
화물(초소형),마스타전기차,MASTA HIM,550,335.0,885.0,2023년도 전기자동차 당진시 모델별 보조금,2023,당진시
화물(초소형),디피코,포트로-탑,550,335.0,885.0,2023년도 전기자동차 당진시 모델별 보조금,2023,당진시
화물(초소형),디피코,포트로-픽업,550,335.0,885.0,2023년도 전기자동차 당진시 모델별 보조금,2023,당진시
화물(초소형),디피코,포트로-탑S,550,335.0,885.0,2023년도 전기자동차 당진시 모델별 보조금,2023,당진시
화물(초소형),디피코,포트로-픽업S,550,335.0,885.0,2023년도 전기자동차 당진시 모델별 보조금,2023,당진시
화물(초소형),진우에스엠씨,포텐스,550,335.0,885.0,2023년도 전기자동차 당진시 모델별 보조금,2023,당진시
화물(경형),파워프라자,라보ev PEACE,900,680.0,1580.0,2023년도 전기자동차 당진시 모델별 보조금,2023,당진시
화물(경형),디피코,포트로350L-탑,900,680.0,1580.0,2023년도 전기자동차 당진시 모델별 보조금,2023,당진시
화물(경형),디피코,포트로350L-픽업,900,680.0,1580.0,2023년도 전기자동차 당진시 모델별 보조금,2023,당진시
화물(소형),제인모터스,제인모터스칼마토EV1톤내장탑차,498,373.0,871.0,2023년도 전기자동차 당진시 모델별 보조금,2023,당진시
화물(소형),파워프라자,봉고3ev PEACE,536,402.0,938.0,2023년도 전기자동차 당진시 모델별 보조금,2023,당진시
화물(소형),파워프라자,봉고3ev PEACE 더블캡,437,327.0,764.0,2023년도 전기자동차 당진시 모델별 보조금,2023,당진시
화물(소형),현대자동차,포터Ⅱ 일렉트릭(23MY),1200,900.0,2100.0,2023년도 전기자동차 당진시 모델별 보조금,2023,당진시
화물(소형),현대자동차,포터Ⅱ 일렉트릭(24MY),1200,900.0,2100.0,2023년도 전기자동차 당진시 모델별 보조금,2023,당진시
화물(소형),기아,봉고 전기차,1200,900.0,2100.0,2023년도 전기자동차 당진시 모델별 보조금,2023,당진시
화물(소형),기아,봉고 전기차 냉동탑차,1400,900.0,2300.0,2023년도 전기자동차 당진시 모델별 보조금,2023,당진시
화물(소형),기아,봉고 전기차 저상형 냉동탑차,1400,900.0,2300.0,2023년도 전기자동차 당진시 모델별 보조금,2023,당진시
화물(소형),일진정공,일진무시동전기냉동탑차(149.9km),1053,789.0,1842.0,2023년도 전기자동차 당진시 모델별 보조금,2023,당진시
화물(소형),일진정공,일진무시동전기냉동탑차(186.1km),1321,900.0,2221.0,2023년도 전기자동차 당진시 모델별 보조금,2023,당진시
화물(소형),일진정공,일진무시동전기냉동탑차(봉고),1460,900.0,2360.0,2023년도 전기자동차 당진시 모델별 보조금,2023,당진시
화물(소형),일진정공,일진무시동전기냉동탑차(포터),1444,900.0,2344.0,2023년도 전기자동차 당진시 모델별 보조금,2023,당진시
화물(소형),루트17,다니고밴,784,588.0,1372.0,2023년도 전기자동차 당진시 모델별 보조금,2023,당진시
화물(소형),루트17,다니고C(0.8톤 전기트럭),1112,834.0,1946.0,2023년도 전기자동차 당진시 모델별 보조금,2023,당진시
화물(소형),루트17,다니고C2(0.8톤 전기트럭),909,681.0,1590.0,2023년도 전기자동차 당진시 모델별 보조금,2023,당진시
화물(소형),루트17,다니고R(전기냉동탑차),1313,900.0,2213.0,2023년도 전기자동차 당진시 모델별 보조금,2023,당진시
화물(소형),루트17,다니고R2(무시동 전기냉동탑차),1212,900.0,2112.0,2023년도 전기자동차 당진시 모델별 보조금,2023,당진시
화물(소형),한신자동차,플러스2.0,648,486.0,1134.0,2023년도 전기자동차 당진시 모델별 보조금,2023,당진시
화물(소형),비바모빌리티,(단종)비바,932,699.0,1631.0,2023년도 전기자동차 당진시 모델별 보조금,2023,당진시
화물(소형),비바모빌리티,(단종)브라보,802,601.0,1403.0,2023년도 전기자동차 당진시 모델별 보조금,2023,당진시
화물(소형),이브이케이엠씨,(단종)MASADA 2밴,1124,843.0,1967.0,2023년도 전기자동차 당진시 모델별 보조금,2023,당진시
화물(소형),이브이케이엠씨,(단종)MASADA 4밴,1025,768.0,1793.0,2023년도 전기자동차 당진시 모델별 보조금,2023,당진시
화물(소형),이브이케이엠씨,MASADA 픽업,1078,808.0,1886.0,2023년도 전기자동차 당진시 모델별 보조금,2023,당진시
화물(소형),이브이케이엠씨,MASADA 3세대 2밴,1124,843.0,1967.0,2023년도 전기자동차 당진시 모델별 보조금,2023,당진시
화물(소형),이브이케이엠씨,MASADA 3세대 4밴,1025,768.0,1793.0,2023년도 전기자동차 당진시 모델별 보조금,2023,당진시
화물(소형),이브이케이엠씨,MASADA 2밴,1200,900.0,2100.0,2023년도 전기자동차 당진시 모델별 보조금,2023,당진시
화물(소형),이브이케이엠씨,MASADA 4밴,1200,900.0,2100.0,2023년도 전기자동차 당진시 모델별 보조금,2023,당진시
화물(소형),경인모터스,경인1톤전기냉동탑차,1151,863.0,2014.0,2023년도 전기자동차 당진시 모델별 보조금,2023,당진시
화물(소형),제이스모빌리티,(단종)이티밴,1200,900.0,2100.0,2023년도 전기자동차 당진시 모델별 보조금,2023,당진시
화물(소형),제이스모빌리티,이티밴,1200,900.0,2100.0,2023년도 전기자동차 당진시 모델별 보조금,2023,당진시
화물(소형),제이스모빌리티,이티4밴,1180,885.0,2065.0,2023년도 전기자동차 당진시 모델별 보조금,2023,당진시
화물(소형),오텍,오텍 무시동 전기 냉동탑차(봉고),1253,900.0,2153.0,2023년도 전기자동차 당진시 모델별 보조금,2023,당진시
화물(소형),이엔플러스,이엔1톤롱바디카고,959,719.0,1678.0,2023년도 전기자동차 당진시 모델별 보조금,2023,당진시
화물(소형),이엔플러스,이엔플러스EV1톤롱바디트럭,1009,756.0,1765.0,2023년도 전기자동차 당진시 모델별 보조금,2023,당진시
화물(소형),GS글로벌,T4K,1200,900.0,2100.0,2023년도 전기자동차 당진시 모델별 보조금,2023,당진시
화물(소형),에스에스라이트,젤라,986,739.0,1725.0,2023년도 전기자동차 당진시 모델별 보조금,2023,당진시
화물(소형),에스에스라이트,젤라 P200,1177,882.0,2059.0,2023년도 전기자동차 당진시 모델별 보조금,2023,당진시
화물(소형),한국쓰리축,한국쓰리축1톤롱바디EV트럭(봉고),943,707.0,1650.0,2023년도 전기자동차 당진시 모델별 보조금,2023,당진시
화물(소형),한국쓰리축,한국쓰리축1톤롱바디EV트럭(포터),963,722.0,1685.0,2023년도 전기자동차 당진시 모델별 보조금,2023,당진시
화물(소형),모빌리티네트웍스,SE-A2밴,1200,900.0,2100.0,2023년도 전기자동차 당진시 모델별 보조금,2023,당진시
화물(초소형),스마트솔루션즈,D2C,550,335.0,885.0,2023년도 전기자동차 금산군 모델별 보조금,2023,금산군
화물(초소형),스마트솔루션즈,D2P,550,335.0,885.0,2023년도 전기자동차 금산군 모델별 보조금,2023,금산군
화물(초소형),루트17,다니고3,550,335.0,885.0,2023년도 전기자동차 금산군 모델별 보조금,2023,금산군
화물(초소형),루트17,다니고3 픽업,550,335.0,885.0,2023년도 전기자동차 금산군 모델별 보조금,2023,금산군
화물(초소형),마스타전기차,MASTA VAN,550,335.0,885.0,2023년도 전기자동차 금산군 모델별 보조금,2023,금산군
화물(초소형),마스타전기차,MASTA HIM,550,335.0,885.0,2023년도 전기자동차 금산군 모델별 보조금,2023,금산군
화물(초소형),디피코,포트로-탑,550,335.0,885.0,2023년도 전기자동차 금산군 모델별 보조금,2023,금산군
화물(초소형),디피코,포트로-픽업,550,335.0,885.0,2023년도 전기자동차 금산군 모델별 보조금,2023,금산군
화물(초소형),디피코,포트로-탑S,550,335.0,885.0,2023년도 전기자동차 금산군 모델별 보조금,2023,금산군
화물(초소형),디피코,포트로-픽업S,550,335.0,885.0,2023년도 전기자동차 금산군 모델별 보조금,2023,금산군
화물(초소형),진우에스엠씨,포텐스,550,335.0,885.0,2023년도 전기자동차 금산군 모델별 보조금,2023,금산군
화물(경형),파워프라자,라보ev PEACE,900,900.0,1800.0,2023년도 전기자동차 금산군 모델별 보조금,2023,금산군
화물(경형),디피코,포트로350L-탑,900,900.0,1800.0,2023년도 전기자동차 금산군 모델별 보조금,2023,금산군
화물(경형),디피코,포트로350L-픽업,900,900.0,1800.0,2023년도 전기자동차 금산군 모델별 보조금,2023,금산군
화물(소형),제인모터스,제인모터스칼마토EV1톤내장탑차,498,373.0,871.0,2023년도 전기자동차 금산군 모델별 보조금,2023,금산군
화물(소형),파워프라자,봉고3ev PEACE,536,402.0,938.0,2023년도 전기자동차 금산군 모델별 보조금,2023,금산군
화물(소형),파워프라자,봉고3ev PEACE 더블캡,437,327.0,764.0,2023년도 전기자동차 금산군 모델별 보조금,2023,금산군
화물(소형),현대자동차,포터Ⅱ 일렉트릭(24MY),1200,900.0,2100.0,2023년도 전기자동차 금산군 모델별 보조금,2023,금산군
화물(소형),기아,봉고 전기차,1200,900.0,2100.0,2023년도 전기자동차 금산군 모델별 보조금,2023,금산군
화물(소형),기아,봉고 전기차 냉동탑차,1400,900.0,2300.0,2023년도 전기자동차 금산군 모델별 보조금,2023,금산군
화물(소형),기아,봉고 전기차 저상형 냉동탑차,1400,900.0,2300.0,2023년도 전기자동차 금산군 모델별 보조금,2023,금산군
화물(소형),일진정공,일진무시동전기냉동탑차(149.9km),1053,789.0,1842.0,2023년도 전기자동차 금산군 모델별 보조금,2023,금산군
화물(소형),일진정공,일진무시동전기냉동탑차(186.1km),1321,900.0,2221.0,2023년도 전기자동차 금산군 모델별 보조금,2023,금산군
화물(소형),일진정공,일진무시동전기냉동탑차(봉고),1460,900.0,2360.0,2023년도 전기자동차 금산군 모델별 보조금,2023,금산군
화물(소형),일진정공,일진무시동전기냉동탑차(포터),1444,900.0,2344.0,2023년도 전기자동차 금산군 모델별 보조금,2023,금산군
화물(소형),루트17,다니고밴,784,588.0,1372.0,2023년도 전기자동차 금산군 모델별 보조금,2023,금산군
화물(소형),루트17,다니고C(0.8톤 전기트럭),1112,834.0,1946.0,2023년도 전기자동차 금산군 모델별 보조금,2023,금산군
화물(소형),루트17,다니고C2(0.8톤 전기트럭),909,681.0,1590.0,2023년도 전기자동차 금산군 모델별 보조금,2023,금산군
화물(소형),루트17,다니고R(전기냉동탑차),1313,900.0,2213.0,2023년도 전기자동차 금산군 모델별 보조금,2023,금산군
화물(소형),루트17,다니고R2(무시동 전기냉동탑차),1212,900.0,2112.0,2023년도 전기자동차 금산군 모델별 보조금,2023,금산군
화물(소형),한신자동차,플러스2.0,648,486.0,1134.0,2023년도 전기자동차 금산군 모델별 보조금,2023,금산군
화물(소형),비바모빌리티,(단종)비바,932,699.0,1631.0,2023년도 전기자동차 금산군 모델별 보조금,2023,금산군
화물(소형),비바모빌리티,(단종)브라보,802,601.0,1403.0,2023년도 전기자동차 금산군 모델별 보조금,2023,금산군
화물(소형),이브이케이엠씨,(단종)MASADA 2밴,1124,843.0,1967.0,2023년도 전기자동차 금산군 모델별 보조금,2023,금산군
화물(소형),이브이케이엠씨,(단종)MASADA 4밴,1025,768.0,1793.0,2023년도 전기자동차 금산군 모델별 보조금,2023,금산군
화물(소형),이브이케이엠씨,MASADA 픽업,1078,808.0,1886.0,2023년도 전기자동차 금산군 모델별 보조금,2023,금산군
화물(소형),이브이케이엠씨,MASADA 3세대 2밴,1124,843.0,1967.0,2023년도 전기자동차 금산군 모델별 보조금,2023,금산군
화물(소형),이브이케이엠씨,MASADA 3세대 4밴,1025,768.0,1793.0,2023년도 전기자동차 금산군 모델별 보조금,2023,금산군
화물(소형),이브이케이엠씨,MASADA 2밴,1200,900.0,2100.0,2023년도 전기자동차 금산군 모델별 보조금,2023,금산군
화물(소형),이브이케이엠씨,MASADA 4밴,1200,900.0,2100.0,2023년도 전기자동차 금산군 모델별 보조금,2023,금산군
화물(소형),경인모터스,경인1톤전기냉동탑차,1151,863.0,2014.0,2023년도 전기자동차 금산군 모델별 보조금,2023,금산군
화물(소형),제이스모빌리티,(단종)이티밴,1200,900.0,2100.0,2023년도 전기자동차 금산군 모델별 보조금,2023,금산군
화물(소형),제이스모빌리티,이티4밴,1180,885.0,2065.0,2023년도 전기자동차 금산군 모델별 보조금,2023,금산군
화물(소형),오텍,오텍 무시동 전기 냉동탑차(봉고),1253,900.0,2153.0,2023년도 전기자동차 금산군 모델별 보조금,2023,금산군
화물(소형),이엔플러스,이엔1톤롱바디카고,959,719.0,1678.0,2023년도 전기자동차 금산군 모델별 보조금,2023,금산군
화물(소형),이엔플러스,이엔플러스EV1톤롱바디트럭,1009,756.0,1765.0,2023년도 전기자동차 금산군 모델별 보조금,2023,금산군
화물(소형),GS글로벌,T4K,1200,900.0,2100.0,2023년도 전기자동차 금산군 모델별 보조금,2023,금산군
화물(소형),에스에스라이트,젤라,986,739.0,1725.0,2023년도 전기자동차 금산군 모델별 보조금,2023,금산군
화물(소형),에스에스라이트,젤라 P200,1177,882.0,2059.0,2023년도 전기자동차 금산군 모델별 보조금,2023,금산군
화물(소형),한국쓰리축,한국쓰리축1톤롱바디EV트럭(봉고),943,707.0,1650.0,2023년도 전기자동차 금산군 모델별 보조금,2023,금산군
화물(소형),한국쓰리축,한국쓰리축1톤롱바디EV트럭(포터),963,722.0,1685.0,2023년도 전기자동차 금산군 모델별 보조금,2023,금산군
화물(소형),모빌리티네트웍스,SE-A2밴,1200,900.0,2100.0,2023년도 전기자동차 금산군 모델별 보조금,2023,금산군
화물(초소형),스마트솔루션즈,D2C,550,335.0,885.0,2023년도 전기자동차 부여군 모델별 보조금,2023,부여군
화물(초소형),스마트솔루션즈,D2P,550,335.0,885.0,2023년도 전기자동차 부여군 모델별 보조금,2023,부여군
화물(초소형),루트17,다니고3,550,335.0,885.0,2023년도 전기자동차 부여군 모델별 보조금,2023,부여군
화물(초소형),루트17,다니고3 픽업,550,335.0,885.0,2023년도 전기자동차 부여군 모델별 보조금,2023,부여군
화물(초소형),마스타전기차,MASTA VAN,550,335.0,885.0,2023년도 전기자동차 부여군 모델별 보조금,2023,부여군
화물(초소형),마스타전기차,MASTA HIM,550,335.0,885.0,2023년도 전기자동차 부여군 모델별 보조금,2023,부여군
화물(초소형),디피코,포트로-탑,550,335.0,885.0,2023년도 전기자동차 부여군 모델별 보조금,2023,부여군
화물(초소형),디피코,포트로-픽업,550,335.0,885.0,2023년도 전기자동차 부여군 모델별 보조금,2023,부여군
화물(초소형),디피코,포트로-탑S,550,335.0,885.0,2023년도 전기자동차 부여군 모델별 보조금,2023,부여군
화물(초소형),디피코,포트로-픽업S,550,335.0,885.0,2023년도 전기자동차 부여군 모델별 보조금,2023,부여군
화물(초소형),진우에스엠씨,포텐스,550,335.0,885.0,2023년도 전기자동차 부여군 모델별 보조금,2023,부여군
화물(경형),파워프라자,라보ev PEACE,900,680.0,1580.0,2023년도 전기자동차 부여군 모델별 보조금,2023,부여군
화물(경형),디피코,포트로350L-탑,900,680.0,1580.0,2023년도 전기자동차 부여군 모델별 보조금,2023,부여군
화물(경형),디피코,포트로350L-픽업,900,680.0,1580.0,2023년도 전기자동차 부여군 모델별 보조금,2023,부여군
화물(소형),제인모터스,제인모터스칼마토EV1톤내장탑차,498,373.0,871.0,2023년도 전기자동차 부여군 모델별 보조금,2023,부여군
화물(소형),파워프라자,봉고3ev PEACE,536,402.0,938.0,2023년도 전기자동차 부여군 모델별 보조금,2023,부여군
화물(소형),파워프라자,봉고3ev PEACE 더블캡,437,327.0,764.0,2023년도 전기자동차 부여군 모델별 보조금,2023,부여군
화물(소형),현대자동차,포터Ⅱ 일렉트릭(24MY),1200,900.0,2100.0,2023년도 전기자동차 부여군 모델별 보조금,2023,부여군
화물(소형),기아,봉고 전기차,1200,900.0,2100.0,2023년도 전기자동차 부여군 모델별 보조금,2023,부여군
화물(소형),기아,봉고 전기차 냉동탑차,1400,900.0,2300.0,2023년도 전기자동차 부여군 모델별 보조금,2023,부여군
화물(소형),기아,봉고 전기차 저상형 냉동탑차,1400,900.0,2300.0,2023년도 전기자동차 부여군 모델별 보조금,2023,부여군
화물(소형),일진정공,일진무시동전기냉동탑차(149.9km),1053,789.0,1842.0,2023년도 전기자동차 부여군 모델별 보조금,2023,부여군
화물(소형),일진정공,일진무시동전기냉동탑차(186.1km),1321,900.0,2221.0,2023년도 전기자동차 부여군 모델별 보조금,2023,부여군
화물(소형),일진정공,일진무시동전기냉동탑차(봉고),1460,900.0,2360.0,2023년도 전기자동차 부여군 모델별 보조금,2023,부여군
화물(소형),일진정공,일진무시동전기냉동탑차(포터),1444,900.0,2344.0,2023년도 전기자동차 부여군 모델별 보조금,2023,부여군
화물(소형),루트17,다니고밴,784,588.0,1372.0,2023년도 전기자동차 부여군 모델별 보조금,2023,부여군
화물(소형),루트17,다니고C(0.8톤 전기트럭),1112,834.0,1946.0,2023년도 전기자동차 부여군 모델별 보조금,2023,부여군
화물(소형),루트17,다니고C2(0.8톤 전기트럭),909,681.0,1590.0,2023년도 전기자동차 부여군 모델별 보조금,2023,부여군
화물(소형),루트17,다니고R(전기냉동탑차),1313,900.0,2213.0,2023년도 전기자동차 부여군 모델별 보조금,2023,부여군
화물(소형),루트17,다니고R2(무시동 전기냉동탑차),1212,900.0,2112.0,2023년도 전기자동차 부여군 모델별 보조금,2023,부여군
화물(소형),한신자동차,플러스2.0,648,486.0,1134.0,2023년도 전기자동차 부여군 모델별 보조금,2023,부여군
화물(소형),비바모빌리티,(단종)비바,932,699.0,1631.0,2023년도 전기자동차 부여군 모델별 보조금,2023,부여군
화물(소형),비바모빌리티,(단종)브라보,802,601.0,1403.0,2023년도 전기자동차 부여군 모델별 보조금,2023,부여군
화물(소형),이브이케이엠씨,(단종)MASADA 2밴,1124,843.0,1967.0,2023년도 전기자동차 부여군 모델별 보조금,2023,부여군
화물(소형),이브이케이엠씨,(단종)MASADA 4밴,1025,768.0,1793.0,2023년도 전기자동차 부여군 모델별 보조금,2023,부여군
화물(소형),이브이케이엠씨,MASADA 픽업,1078,808.0,1886.0,2023년도 전기자동차 부여군 모델별 보조금,2023,부여군
화물(소형),이브이케이엠씨,MASADA 3세대 2밴,1124,843.0,1967.0,2023년도 전기자동차 부여군 모델별 보조금,2023,부여군
화물(소형),이브이케이엠씨,MASADA 3세대 4밴,1025,768.0,1793.0,2023년도 전기자동차 부여군 모델별 보조금,2023,부여군
화물(소형),이브이케이엠씨,MASADA 2밴,1200,900.0,2100.0,2023년도 전기자동차 부여군 모델별 보조금,2023,부여군
화물(소형),경인모터스,경인1톤전기냉동탑차,1151,863.0,2014.0,2023년도 전기자동차 부여군 모델별 보조금,2023,부여군
화물(소형),제이스모빌리티,(단종)이티밴,1200,900.0,2100.0,2023년도 전기자동차 부여군 모델별 보조금,2023,부여군
화물(소형),제이스모빌리티,이티4밴,1180,885.0,2065.0,2023년도 전기자동차 부여군 모델별 보조금,2023,부여군
화물(소형),오텍,오텍 무시동 전기 냉동탑차(봉고),1253,900.0,2153.0,2023년도 전기자동차 부여군 모델별 보조금,2023,부여군
화물(소형),이엔플러스,이엔1톤롱바디카고,959,719.0,1678.0,2023년도 전기자동차 부여군 모델별 보조금,2023,부여군
화물(소형),이엔플러스,이엔플러스EV1톤롱바디트럭,1009,756.0,1765.0,2023년도 전기자동차 부여군 모델별 보조금,2023,부여군
화물(소형),GS글로벌,T4K,1200,900.0,2100.0,2023년도 전기자동차 부여군 모델별 보조금,2023,부여군
화물(소형),에스에스라이트,젤라,986,739.0,1725.0,2023년도 전기자동차 부여군 모델별 보조금,2023,부여군
화물(소형),에스에스라이트,젤라 P200,1177,882.0,2059.0,2023년도 전기자동차 부여군 모델별 보조금,2023,부여군
화물(소형),한국쓰리축,한국쓰리축1톤롱바디EV트럭(봉고),943,707.0,1650.0,2023년도 전기자동차 부여군 모델별 보조금,2023,부여군
화물(소형),한국쓰리축,한국쓰리축1톤롱바디EV트럭(포터),963,722.0,1685.0,2023년도 전기자동차 부여군 모델별 보조금,2023,부여군
화물(소형),모빌리티네트웍스,SE-A2밴,1200,900.0,2100.0,2023년도 전기자동차 부여군 모델별 보조금,2023,부여군
화물(초소형),스마트솔루션즈,D2C,550,335.0,885.0,2023년도 전기자동차 서천군 모델별 보조금,2023,서천군
화물(초소형),스마트솔루션즈,D2P,550,335.0,885.0,2023년도 전기자동차 서천군 모델별 보조금,2023,서천군
화물(초소형),루트17,다니고3,550,335.0,885.0,2023년도 전기자동차 서천군 모델별 보조금,2023,서천군
화물(초소형),루트17,다니고3 픽업,550,335.0,885.0,2023년도 전기자동차 서천군 모델별 보조금,2023,서천군
화물(초소형),마스타전기차,MASTA VAN,550,335.0,885.0,2023년도 전기자동차 서천군 모델별 보조금,2023,서천군
화물(초소형),마스타전기차,MASTA HIM,550,335.0,885.0,2023년도 전기자동차 서천군 모델별 보조금,2023,서천군
화물(초소형),디피코,포트로-탑,550,335.0,885.0,2023년도 전기자동차 서천군 모델별 보조금,2023,서천군
화물(초소형),디피코,포트로-픽업,550,335.0,885.0,2023년도 전기자동차 서천군 모델별 보조금,2023,서천군
화물(초소형),디피코,포트로-탑S,550,335.0,885.0,2023년도 전기자동차 서천군 모델별 보조금,2023,서천군
화물(초소형),디피코,포트로-픽업S,550,335.0,885.0,2023년도 전기자동차 서천군 모델별 보조금,2023,서천군
화물(초소형),진우에스엠씨,포텐스,550,335.0,885.0,2023년도 전기자동차 서천군 모델별 보조금,2023,서천군
화물(경형),파워프라자,라보ev PEACE,900,680.0,1580.0,2023년도 전기자동차 서천군 모델별 보조금,2023,서천군
화물(경형),디피코,포트로350L-탑,900,680.0,1580.0,2023년도 전기자동차 서천군 모델별 보조금,2023,서천군
화물(경형),디피코,포트로350L-픽업,900,680.0,1580.0,2023년도 전기자동차 서천군 모델별 보조금,2023,서천군
화물(소형),제인모터스,제인모터스칼마토EV1톤내장탑차,498,374.0,872.0,2023년도 전기자동차 서천군 모델별 보조금,2023,서천군
화물(소형),파워프라자,봉고3ev PEACE,536,402.0,938.0,2023년도 전기자동차 서천군 모델별 보조금,2023,서천군
화물(소형),파워프라자,봉고3ev PEACE 더블캡,437,328.0,765.0,2023년도 전기자동차 서천군 모델별 보조금,2023,서천군
화물(소형),현대자동차,포터Ⅱ 일렉트릭(23MY),1200,900.0,2100.0,2023년도 전기자동차 서천군 모델별 보조금,2023,서천군
화물(소형),현대자동차,포터Ⅱ 일렉트릭(24MY),1200,900.0,2100.0,2023년도 전기자동차 서천군 모델별 보조금,2023,서천군
화물(소형),기아,봉고 전기차,1200,900.0,2100.0,2023년도 전기자동차 서천군 모델별 보조금,2023,서천군
화물(소형),기아,봉고 전기차 냉동탑차,1400,900.0,2300.0,2023년도 전기자동차 서천군 모델별 보조금,2023,서천군
화물(소형),기아,봉고 전기차 저상형 냉동탑차,1400,900.0,2300.0,2023년도 전기자동차 서천군 모델별 보조금,2023,서천군
화물(소형),일진정공,일진무시동전기냉동탑차(149.9km),1053,789.0,1842.0,2023년도 전기자동차 서천군 모델별 보조금,2023,서천군
화물(소형),일진정공,일진무시동전기냉동탑차(186.1km),1321,900.0,2221.0,2023년도 전기자동차 서천군 모델별 보조금,2023,서천군
화물(소형),일진정공,일진무시동전기냉동탑차(봉고),1460,900.0,2360.0,2023년도 전기자동차 서천군 모델별 보조금,2023,서천군
화물(소형),일진정공,일진무시동전기냉동탑차(포터),1444,900.0,2344.0,2023년도 전기자동차 서천군 모델별 보조금,2023,서천군
화물(소형),루트17,다니고밴,784,588.0,1372.0,2023년도 전기자동차 서천군 모델별 보조금,2023,서천군
화물(소형),루트17,다니고C(0.8톤 전기트럭),1112,834.0,1946.0,2023년도 전기자동차 서천군 모델별 보조금,2023,서천군
화물(소형),루트17,다니고C2(0.8톤 전기트럭),909,681.0,1590.0,2023년도 전기자동차 서천군 모델별 보조금,2023,서천군
화물(소형),루트17,다니고R(전기냉동탑차),1313,900.0,2213.0,2023년도 전기자동차 서천군 모델별 보조금,2023,서천군
화물(소형),루트17,다니고R2(무시동 전기냉동탑차),1212,900.0,2112.0,2023년도 전기자동차 서천군 모델별 보조금,2023,서천군
화물(소형),한신자동차,플러스2.0,648,486.0,1134.0,2023년도 전기자동차 서천군 모델별 보조금,2023,서천군
화물(소형),비바모빌리티,(단종)비바,932,699.0,1631.0,2023년도 전기자동차 서천군 모델별 보조금,2023,서천군
화물(소형),비바모빌리티,(단종)브라보,802,602.0,1404.0,2023년도 전기자동차 서천군 모델별 보조금,2023,서천군
화물(소형),이브이케이엠씨,(단종)MASADA 2밴,1124,843.0,1967.0,2023년도 전기자동차 서천군 모델별 보조금,2023,서천군
화물(소형),이브이케이엠씨,(단종)MASADA 4밴,1025,768.0,1793.0,2023년도 전기자동차 서천군 모델별 보조금,2023,서천군
화물(소형),이브이케이엠씨,MASADA 픽업,1078,808.0,1886.0,2023년도 전기자동차 서천군 모델별 보조금,2023,서천군
화물(소형),이브이케이엠씨,MASADA 3세대 2밴,1124,843.0,1967.0,2023년도 전기자동차 서천군 모델별 보조금,2023,서천군
화물(소형),이브이케이엠씨,MASADA 3세대 4밴,1025,768.0,1793.0,2023년도 전기자동차 서천군 모델별 보조금,2023,서천군
화물(소형),이브이케이엠씨,MASADA 2밴,1200,900.0,2100.0,2023년도 전기자동차 서천군 모델별 보조금,2023,서천군
화물(소형),경인모터스,경인1톤전기냉동탑차,1151,863.0,2014.0,2023년도 전기자동차 서천군 모델별 보조금,2023,서천군
화물(소형),제이스모빌리티,(단종)이티밴,1200,900.0,2100.0,2023년도 전기자동차 서천군 모델별 보조금,2023,서천군
화물(소형),제이스모빌리티,이티밴,1200,900.0,2100.0,2023년도 전기자동차 서천군 모델별 보조금,2023,서천군
화물(소형),제이스모빌리티,이티4밴,1180,885.0,2065.0,2023년도 전기자동차 서천군 모델별 보조금,2023,서천군
화물(소형),오텍,오텍 무시동 전기 냉동탑차(봉고),1253,900.0,2153.0,2023년도 전기자동차 서천군 모델별 보조금,2023,서천군
화물(소형),이엔플러스,이엔1톤롱바디카고,959,719.0,1678.0,2023년도 전기자동차 서천군 모델별 보조금,2023,서천군
화물(소형),이엔플러스,이엔플러스EV1톤롱바디트럭,1009,756.0,1765.0,2023년도 전기자동차 서천군 모델별 보조금,2023,서천군
화물(소형),GS글로벌,T4K,1200,900.0,2100.0,2023년도 전기자동차 서천군 모델별 보조금,2023,서천군
화물(소형),에스에스라이트,젤라,986,739.0,1725.0,2023년도 전기자동차 서천군 모델별 보조금,2023,서천군
화물(소형),에스에스라이트,젤라 P200,1177,882.0,2059.0,2023년도 전기자동차 서천군 모델별 보조금,2023,서천군
화물(소형),한국쓰리축,한국쓰리축1톤롱바디EV트럭(봉고),943,707.0,1650.0,2023년도 전기자동차 서천군 모델별 보조금,2023,서천군
화물(소형),한국쓰리축,한국쓰리축1톤롱바디EV트럭(포터),963,722.0,1685.0,2023년도 전기자동차 서천군 모델별 보조금,2023,서천군
화물(소형),모빌리티네트웍스,SE-A2밴,1200,900.0,2100.0,2023년도 전기자동차 서천군 모델별 보조금,2023,서천군
화물(초소형),스마트솔루션즈,D2C,550,335.0,885.0,2023년도 전기자동차 청양군 모델별 보조금,2023,청양군
화물(초소형),스마트솔루션즈,D2P,550,335.0,885.0,2023년도 전기자동차 청양군 모델별 보조금,2023,청양군
화물(초소형),루트17,다니고3,550,335.0,885.0,2023년도 전기자동차 청양군 모델별 보조금,2023,청양군
화물(초소형),루트17,다니고3 픽업,550,335.0,885.0,2023년도 전기자동차 청양군 모델별 보조금,2023,청양군
화물(초소형),마스타전기차,MASTA VAN,550,335.0,885.0,2023년도 전기자동차 청양군 모델별 보조금,2023,청양군
화물(초소형),마스타전기차,MASTA HIM,550,335.0,885.0,2023년도 전기자동차 청양군 모델별 보조금,2023,청양군
화물(초소형),디피코,포트로-탑,550,335.0,885.0,2023년도 전기자동차 청양군 모델별 보조금,2023,청양군
화물(초소형),디피코,포트로-픽업,550,335.0,885.0,2023년도 전기자동차 청양군 모델별 보조금,2023,청양군
화물(초소형),디피코,포트로-탑S,550,335.0,885.0,2023년도 전기자동차 청양군 모델별 보조금,2023,청양군
화물(초소형),디피코,포트로-픽업S,550,335.0,885.0,2023년도 전기자동차 청양군 모델별 보조금,2023,청양군
화물(초소형),진우에스엠씨,포텐스,550,335.0,885.0,2023년도 전기자동차 청양군 모델별 보조금,2023,청양군
화물(경형),파워프라자,라보ev PEACE,900,900.0,1800.0,2023년도 전기자동차 청양군 모델별 보조금,2023,청양군
화물(경형),디피코,포트로350L-탑,900,335.0,1235.0,2023년도 전기자동차 청양군 모델별 보조금,2023,청양군
화물(경형),디피코,포트로350L-픽업,900,335.0,1235.0,2023년도 전기자동차 청양군 모델별 보조금,2023,청양군
화물(소형),제인모터스,제인모터스칼마토EV1톤내장탑차,498,373.0,871.0,2023년도 전기자동차 청양군 모델별 보조금,2023,청양군
화물(소형),파워프라자,봉고3ev PEACE,536,402.0,938.0,2023년도 전기자동차 청양군 모델별 보조금,2023,청양군
화물(소형),파워프라자,봉고3ev PEACE 더블캡,437,327.0,764.0,2023년도 전기자동차 청양군 모델별 보조금,2023,청양군
화물(소형),현대자동차,포터Ⅱ 일렉트릭(23MY),1200,900.0,2100.0,2023년도 전기자동차 청양군 모델별 보조금,2023,청양군
화물(소형),현대자동차,포터Ⅱ 일렉트릭(24MY),1200,900.0,2100.0,2023년도 전기자동차 청양군 모델별 보조금,2023,청양군
화물(소형),기아,봉고 전기차,1200,900.0,2100.0,2023년도 전기자동차 청양군 모델별 보조금,2023,청양군
화물(소형),기아,봉고 전기차 냉동탑차,1400,900.0,2300.0,2023년도 전기자동차 청양군 모델별 보조금,2023,청양군
화물(소형),기아,봉고 전기차 저상형 냉동탑차,1400,900.0,2300.0,2023년도 전기자동차 청양군 모델별 보조금,2023,청양군
화물(소형),일진정공,일진무시동전기냉동탑차(149.9km),1053,789.0,1842.0,2023년도 전기자동차 청양군 모델별 보조금,2023,청양군
화물(소형),일진정공,일진무시동전기냉동탑차(186.1km),1321,900.0,2221.0,2023년도 전기자동차 청양군 모델별 보조금,2023,청양군
화물(소형),일진정공,일진무시동전기냉동탑차(봉고),1460,900.0,2360.0,2023년도 전기자동차 청양군 모델별 보조금,2023,청양군
화물(소형),일진정공,일진무시동전기냉동탑차(포터),1444,900.0,2344.0,2023년도 전기자동차 청양군 모델별 보조금,2023,청양군
화물(소형),루트17,다니고밴,784,588.0,1372.0,2023년도 전기자동차 청양군 모델별 보조금,2023,청양군
화물(소형),루트17,다니고C(0.8톤 전기트럭),1112,834.0,1946.0,2023년도 전기자동차 청양군 모델별 보조금,2023,청양군
화물(소형),루트17,다니고C2(0.8톤 전기트럭),909,681.0,1590.0,2023년도 전기자동차 청양군 모델별 보조금,2023,청양군
화물(소형),루트17,다니고R(전기냉동탑차),1313,900.0,2213.0,2023년도 전기자동차 청양군 모델별 보조금,2023,청양군
화물(소형),루트17,다니고R2(무시동 전기냉동탑차),1212,900.0,2112.0,2023년도 전기자동차 청양군 모델별 보조금,2023,청양군
화물(소형),한신자동차,플러스2.0,648,486.0,1134.0,2023년도 전기자동차 청양군 모델별 보조금,2023,청양군
화물(소형),비바모빌리티,(단종)비바,932,699.0,1631.0,2023년도 전기자동차 청양군 모델별 보조금,2023,청양군
화물(소형),비바모빌리티,(단종)브라보,802,601.0,1403.0,2023년도 전기자동차 청양군 모델별 보조금,2023,청양군
화물(소형),이브이케이엠씨,(단종)MASADA 2밴,1124,843.0,1967.0,2023년도 전기자동차 청양군 모델별 보조금,2023,청양군
화물(소형),이브이케이엠씨,(단종)MASADA 4밴,1025,768.0,1793.0,2023년도 전기자동차 청양군 모델별 보조금,2023,청양군
화물(소형),이브이케이엠씨,MASADA 픽업,1078,808.0,1886.0,2023년도 전기자동차 청양군 모델별 보조금,2023,청양군
화물(소형),이브이케이엠씨,MASADA 3세대 2밴,1124,843.0,1967.0,2023년도 전기자동차 청양군 모델별 보조금,2023,청양군
화물(소형),이브이케이엠씨,MASADA 3세대 4밴,1025,768.0,1793.0,2023년도 전기자동차 청양군 모델별 보조금,2023,청양군
화물(소형),경인모터스,경인1톤전기냉동탑차,1151,863.0,2014.0,2023년도 전기자동차 청양군 모델별 보조금,2023,청양군
화물(소형),제이스모빌리티,(단종)이티밴,1200,900.0,2100.0,2023년도 전기자동차 청양군 모델별 보조금,2023,청양군
화물(소형),제이스모빌리티,이티밴,1200,900.0,2100.0,2023년도 전기자동차 청양군 모델별 보조금,2023,청양군
화물(소형),제이스모빌리티,이티4밴,1180,885.0,2065.0,2023년도 전기자동차 청양군 모델별 보조금,2023,청양군
화물(소형),오텍,오텍 무시동 전기 냉동탑차(봉고),1253,900.0,2153.0,2023년도 전기자동차 청양군 모델별 보조금,2023,청양군
화물(소형),이엔플러스,이엔1톤롱바디카고,959,719.0,1678.0,2023년도 전기자동차 청양군 모델별 보조금,2023,청양군
화물(소형),이엔플러스,이엔플러스EV1톤롱바디트럭,1009,756.0,1765.0,2023년도 전기자동차 청양군 모델별 보조금,2023,청양군
화물(소형),GS글로벌,T4K,1200,900.0,2100.0,2023년도 전기자동차 청양군 모델별 보조금,2023,청양군
화물(소형),에스에스라이트,젤라,986,739.0,1725.0,2023년도 전기자동차 청양군 모델별 보조금,2023,청양군
화물(소형),에스에스라이트,젤라 P200,1177,882.0,2059.0,2023년도 전기자동차 청양군 모델별 보조금,2023,청양군
화물(소형),한국쓰리축,한국쓰리축1톤롱바디EV트럭(봉고),943,707.0,1650.0,2023년도 전기자동차 청양군 모델별 보조금,2023,청양군
화물(소형),한국쓰리축,한국쓰리축1톤롱바디EV트럭(포터),963,722.0,1685.0,2023년도 전기자동차 청양군 모델별 보조금,2023,청양군
화물(소형),모빌리티네트웍스,SE-A2밴,1200,900.0,2100.0,2023년도 전기자동차 청양군 모델별 보조금,2023,청양군
화물(초소형),스마트솔루션즈,D2C,550,335.0,885.0,2023년도 전기자동차 홍성군 모델별 보조금,2023,홍성군
화물(초소형),스마트솔루션즈,D2P,550,335.0,885.0,2023년도 전기자동차 홍성군 모델별 보조금,2023,홍성군
화물(초소형),루트17,다니고3,550,335.0,885.0,2023년도 전기자동차 홍성군 모델별 보조금,2023,홍성군
화물(초소형),루트17,다니고3 픽업,550,335.0,885.0,2023년도 전기자동차 홍성군 모델별 보조금,2023,홍성군
화물(초소형),마스타전기차,MASTA VAN,550,335.0,885.0,2023년도 전기자동차 홍성군 모델별 보조금,2023,홍성군
화물(초소형),마스타전기차,MASTA HIM,550,335.0,885.0,2023년도 전기자동차 홍성군 모델별 보조금,2023,홍성군
화물(초소형),디피코,포트로-탑,550,335.0,885.0,2023년도 전기자동차 홍성군 모델별 보조금,2023,홍성군
화물(초소형),디피코,포트로-픽업,550,335.0,885.0,2023년도 전기자동차 홍성군 모델별 보조금,2023,홍성군
화물(초소형),디피코,포트로-탑S,550,335.0,885.0,2023년도 전기자동차 홍성군 모델별 보조금,2023,홍성군
화물(초소형),디피코,포트로-픽업S,550,335.0,885.0,2023년도 전기자동차 홍성군 모델별 보조금,2023,홍성군
화물(초소형),진우에스엠씨,포텐스,550,335.0,885.0,2023년도 전기자동차 홍성군 모델별 보조금,2023,홍성군
화물(경형),파워프라자,라보ev PEACE,900,680.0,1580.0,2023년도 전기자동차 홍성군 모델별 보조금,2023,홍성군
화물(경형),디피코,포트로350L-탑,900,680.0,1580.0,2023년도 전기자동차 홍성군 모델별 보조금,2023,홍성군
화물(경형),디피코,포트로350L-픽업,900,680.0,1580.0,2023년도 전기자동차 홍성군 모델별 보조금,2023,홍성군
화물(소형),제인모터스,제인모터스칼마토EV1톤내장탑차,498,373.0,871.0,2023년도 전기자동차 홍성군 모델별 보조금,2023,홍성군
화물(소형),파워프라자,봉고3ev PEACE,536,402.0,938.0,2023년도 전기자동차 홍성군 모델별 보조금,2023,홍성군
화물(소형),파워프라자,봉고3ev PEACE 더블캡,437,327.0,764.0,2023년도 전기자동차 홍성군 모델별 보조금,2023,홍성군
화물(소형),현대자동차,포터Ⅱ 일렉트릭(24MY),1200,900.0,2100.0,2023년도 전기자동차 홍성군 모델별 보조금,2023,홍성군
화물(소형),기아,봉고 전기차,1200,900.0,2100.0,2023년도 전기자동차 홍성군 모델별 보조금,2023,홍성군
화물(소형),기아,봉고 전기차 냉동탑차,1400,900.0,2300.0,2023년도 전기자동차 홍성군 모델별 보조금,2023,홍성군
화물(소형),기아,봉고 전기차 저상형 냉동탑차,1400,900.0,2300.0,2023년도 전기자동차 홍성군 모델별 보조금,2023,홍성군
화물(소형),일진정공,일진무시동전기냉동탑차(149.9km),1053,789.0,1842.0,2023년도 전기자동차 홍성군 모델별 보조금,2023,홍성군
화물(소형),일진정공,일진무시동전기냉동탑차(186.1km),1321,900.0,2221.0,2023년도 전기자동차 홍성군 모델별 보조금,2023,홍성군
화물(소형),일진정공,일진무시동전기냉동탑차(봉고),1460,900.0,2360.0,2023년도 전기자동차 홍성군 모델별 보조금,2023,홍성군
화물(소형),일진정공,일진무시동전기냉동탑차(포터),1444,900.0,2344.0,2023년도 전기자동차 홍성군 모델별 보조금,2023,홍성군
화물(소형),루트17,다니고밴,784,588.0,1372.0,2023년도 전기자동차 홍성군 모델별 보조금,2023,홍성군
화물(소형),루트17,다니고C(0.8톤 전기트럭),1112,834.0,1946.0,2023년도 전기자동차 홍성군 모델별 보조금,2023,홍성군
화물(소형),루트17,다니고C2(0.8톤 전기트럭),909,681.0,1590.0,2023년도 전기자동차 홍성군 모델별 보조금,2023,홍성군
화물(소형),루트17,다니고R(전기냉동탑차),1313,900.0,2213.0,2023년도 전기자동차 홍성군 모델별 보조금,2023,홍성군
화물(소형),루트17,다니고R2(무시동 전기냉동탑차),1212,900.0,2112.0,2023년도 전기자동차 홍성군 모델별 보조금,2023,홍성군
화물(소형),한신자동차,플러스2.0,648,486.0,1134.0,2023년도 전기자동차 홍성군 모델별 보조금,2023,홍성군
화물(소형),비바모빌리티,(단종)비바,932,699.0,1631.0,2023년도 전기자동차 홍성군 모델별 보조금,2023,홍성군
화물(소형),비바모빌리티,(단종)브라보,802,601.0,1403.0,2023년도 전기자동차 홍성군 모델별 보조금,2023,홍성군
화물(소형),이브이케이엠씨,(단종)MASADA 2밴,1124,843.0,1967.0,2023년도 전기자동차 홍성군 모델별 보조금,2023,홍성군
화물(소형),이브이케이엠씨,(단종)MASADA 4밴,1025,768.0,1793.0,2023년도 전기자동차 홍성군 모델별 보조금,2023,홍성군
화물(소형),이브이케이엠씨,MASADA 픽업,1078,808.0,1886.0,2023년도 전기자동차 홍성군 모델별 보조금,2023,홍성군
화물(소형),이브이케이엠씨,MASADA 3세대 2밴,1124,843.0,1967.0,2023년도 전기자동차 홍성군 모델별 보조금,2023,홍성군
화물(소형),이브이케이엠씨,MASADA 3세대 4밴,1025,768.0,1793.0,2023년도 전기자동차 홍성군 모델별 보조금,2023,홍성군
화물(소형),이브이케이엠씨,MASADA 2밴,1200,900.0,2100.0,2023년도 전기자동차 홍성군 모델별 보조금,2023,홍성군
화물(소형),경인모터스,경인1톤전기냉동탑차,1151,863.0,2014.0,2023년도 전기자동차 홍성군 모델별 보조금,2023,홍성군
화물(소형),제이스모빌리티,(단종)이티밴,1200,900.0,2100.0,2023년도 전기자동차 홍성군 모델별 보조금,2023,홍성군
화물(소형),제이스모빌리티,이티4밴,1180,885.0,2065.0,2023년도 전기자동차 홍성군 모델별 보조금,2023,홍성군
화물(소형),오텍,오텍 무시동 전기 냉동탑차(봉고),1253,900.0,2153.0,2023년도 전기자동차 홍성군 모델별 보조금,2023,홍성군
화물(소형),이엔플러스,이엔1톤롱바디카고,959,719.0,1678.0,2023년도 전기자동차 홍성군 모델별 보조금,2023,홍성군
화물(소형),이엔플러스,이엔플러스EV1톤롱바디트럭,1009,756.0,1765.0,2023년도 전기자동차 홍성군 모델별 보조금,2023,홍성군
화물(소형),GS글로벌,T4K,1200,900.0,2100.0,2023년도 전기자동차 홍성군 모델별 보조금,2023,홍성군
화물(소형),에스에스라이트,젤라,986,739.0,1725.0,2023년도 전기자동차 홍성군 모델별 보조금,2023,홍성군
화물(소형),에스에스라이트,젤라 P200,1177,882.0,2059.0,2023년도 전기자동차 홍성군 모델별 보조금,2023,홍성군
화물(소형),한국쓰리축,한국쓰리축1톤롱바디EV트럭(봉고),943,707.0,1650.0,2023년도 전기자동차 홍성군 모델별 보조금,2023,홍성군
화물(소형),한국쓰리축,한국쓰리축1톤롱바디EV트럭(포터),963,722.0,1685.0,2023년도 전기자동차 홍성군 모델별 보조금,2023,홍성군
화물(소형),모빌리티네트웍스,SE-A2밴,1200,900.0,2100.0,2023년도 전기자동차 홍성군 모델별 보조금,2023,홍성군
화물(초소형),스마트솔루션즈,D2C,550,335.0,885.0,2023년도 전기자동차 예산군 모델별 보조금,2023,예산군
화물(초소형),스마트솔루션즈,D2P,550,335.0,885.0,2023년도 전기자동차 예산군 모델별 보조금,2023,예산군
화물(초소형),루트17,다니고3,550,335.0,885.0,2023년도 전기자동차 예산군 모델별 보조금,2023,예산군
화물(초소형),루트17,다니고3 픽업,550,335.0,885.0,2023년도 전기자동차 예산군 모델별 보조금,2023,예산군
화물(초소형),마스타전기차,MASTA VAN,550,335.0,885.0,2023년도 전기자동차 예산군 모델별 보조금,2023,예산군
화물(초소형),마스타전기차,MASTA HIM,550,335.0,885.0,2023년도 전기자동차 예산군 모델별 보조금,2023,예산군
화물(초소형),디피코,포트로-탑,550,335.0,885.0,2023년도 전기자동차 예산군 모델별 보조금,2023,예산군
화물(초소형),디피코,포트로-픽업,550,335.0,885.0,2023년도 전기자동차 예산군 모델별 보조금,2023,예산군
화물(초소형),디피코,포트로-탑S,550,335.0,885.0,2023년도 전기자동차 예산군 모델별 보조금,2023,예산군
화물(초소형),디피코,포트로-픽업S,550,335.0,885.0,2023년도 전기자동차 예산군 모델별 보조금,2023,예산군
화물(초소형),진우에스엠씨,포텐스,550,335.0,885.0,2023년도 전기자동차 예산군 모델별 보조금,2023,예산군
화물(경형),파워프라자,라보ev PEACE,900,680.0,1580.0,2023년도 전기자동차 예산군 모델별 보조금,2023,예산군
화물(경형),디피코,포트로350L-탑,900,680.0,1580.0,2023년도 전기자동차 예산군 모델별 보조금,2023,예산군
화물(경형),디피코,포트로350L-픽업,900,680.0,1580.0,2023년도 전기자동차 예산군 모델별 보조금,2023,예산군
화물(소형),제인모터스,제인모터스칼마토EV1톤내장탑차,498,373.0,871.0,2023년도 전기자동차 예산군 모델별 보조금,2023,예산군
화물(소형),파워프라자,봉고3ev PEACE,536,402.0,938.0,2023년도 전기자동차 예산군 모델별 보조금,2023,예산군
화물(소형),파워프라자,봉고3ev PEACE 더블캡,437,327.0,764.0,2023년도 전기자동차 예산군 모델별 보조금,2023,예산군
화물(소형),현대자동차,포터Ⅱ 일렉트릭(24MY),1200,900.0,2100.0,2023년도 전기자동차 예산군 모델별 보조금,2023,예산군
화물(소형),기아,봉고 전기차,1200,900.0,2100.0,2023년도 전기자동차 예산군 모델별 보조금,2023,예산군
화물(소형),기아,봉고 전기차 냉동탑차,1400,900.0,2300.0,2023년도 전기자동차 예산군 모델별 보조금,2023,예산군
화물(소형),기아,봉고 전기차 저상형 냉동탑차,1400,900.0,2300.0,2023년도 전기자동차 예산군 모델별 보조금,2023,예산군
화물(소형),일진정공,일진무시동전기냉동탑차(149.9km),1053,789.0,1842.0,2023년도 전기자동차 예산군 모델별 보조금,2023,예산군
화물(소형),일진정공,일진무시동전기냉동탑차(186.1km),1321,900.0,2221.0,2023년도 전기자동차 예산군 모델별 보조금,2023,예산군
화물(소형),일진정공,일진무시동전기냉동탑차(봉고),1460,900.0,2360.0,2023년도 전기자동차 예산군 모델별 보조금,2023,예산군
화물(소형),일진정공,일진무시동전기냉동탑차(포터),1444,900.0,2344.0,2023년도 전기자동차 예산군 모델별 보조금,2023,예산군
화물(소형),루트17,다니고밴,784,588.0,1372.0,2023년도 전기자동차 예산군 모델별 보조금,2023,예산군
화물(소형),루트17,다니고C(0.8톤 전기트럭),1112,834.0,1946.0,2023년도 전기자동차 예산군 모델별 보조금,2023,예산군
화물(소형),루트17,다니고C2(0.8톤 전기트럭),909,681.0,1590.0,2023년도 전기자동차 예산군 모델별 보조금,2023,예산군
화물(소형),루트17,다니고R(전기냉동탑차),1313,900.0,2213.0,2023년도 전기자동차 예산군 모델별 보조금,2023,예산군
화물(소형),루트17,다니고R2(무시동 전기냉동탑차),1212,900.0,2112.0,2023년도 전기자동차 예산군 모델별 보조금,2023,예산군
화물(소형),한신자동차,플러스2.0,648,486.0,1134.0,2023년도 전기자동차 예산군 모델별 보조금,2023,예산군
화물(소형),비바모빌리티,(단종)비바,932,699.0,1631.0,2023년도 전기자동차 예산군 모델별 보조금,2023,예산군
화물(소형),비바모빌리티,(단종)브라보,802,601.0,1403.0,2023년도 전기자동차 예산군 모델별 보조금,2023,예산군
화물(소형),이브이케이엠씨,(단종)MASADA 2밴,1124,843.0,1967.0,2023년도 전기자동차 예산군 모델별 보조금,2023,예산군
화물(소형),이브이케이엠씨,(단종)MASADA 4밴,1025,768.0,1793.0,2023년도 전기자동차 예산군 모델별 보조금,2023,예산군
화물(소형),이브이케이엠씨,MASADA 픽업,1078,808.0,1886.0,2023년도 전기자동차 예산군 모델별 보조금,2023,예산군
화물(소형),이브이케이엠씨,MASADA 3세대 2밴,1124,843.0,1967.0,2023년도 전기자동차 예산군 모델별 보조금,2023,예산군
화물(소형),이브이케이엠씨,MASADA 3세대 4밴,1025,768.0,1793.0,2023년도 전기자동차 예산군 모델별 보조금,2023,예산군
화물(소형),이브이케이엠씨,MASADA 2밴,1200,900.0,2100.0,2023년도 전기자동차 예산군 모델별 보조금,2023,예산군
화물(소형),경인모터스,경인1톤전기냉동탑차,1151,863.0,2014.0,2023년도 전기자동차 예산군 모델별 보조금,2023,예산군
화물(소형),제이스모빌리티,(단종)이티밴,1200,900.0,2100.0,2023년도 전기자동차 예산군 모델별 보조금,2023,예산군
화물(소형),제이스모빌리티,이티4밴,1180,885.0,2065.0,2023년도 전기자동차 예산군 모델별 보조금,2023,예산군
화물(소형),오텍,오텍 무시동 전기 냉동탑차(봉고),1253,900.0,2153.0,2023년도 전기자동차 예산군 모델별 보조금,2023,예산군
화물(소형),이엔플러스,이엔1톤롱바디카고,959,719.0,1678.0,2023년도 전기자동차 예산군 모델별 보조금,2023,예산군
화물(소형),이엔플러스,이엔플러스EV1톤롱바디트럭,1009,756.0,1765.0,2023년도 전기자동차 예산군 모델별 보조금,2023,예산군
화물(소형),GS글로벌,T4K,1200,900.0,2100.0,2023년도 전기자동차 예산군 모델별 보조금,2023,예산군
화물(소형),에스에스라이트,젤라,986,739.0,1725.0,2023년도 전기자동차 예산군 모델별 보조금,2023,예산군
화물(소형),에스에스라이트,젤라 P200,1177,882.0,2059.0,2023년도 전기자동차 예산군 모델별 보조금,2023,예산군
화물(소형),한국쓰리축,한국쓰리축1톤롱바디EV트럭(봉고),943,707.0,1650.0,2023년도 전기자동차 예산군 모델별 보조금,2023,예산군
화물(소형),한국쓰리축,한국쓰리축1톤롱바디EV트럭(포터),963,722.0,1685.0,2023년도 전기자동차 예산군 모델별 보조금,2023,예산군
화물(소형),모빌리티네트웍스,SE-A2밴,1200,900.0,2100.0,2023년도 전기자동차 예산군 모델별 보조금,2023,예산군
화물(초소형),스마트솔루션즈,D2C,550,335.0,885.0,2023년도 전기자동차 태안군 모델별 보조금,2023,태안군
화물(초소형),스마트솔루션즈,D2P,550,335.0,885.0,2023년도 전기자동차 태안군 모델별 보조금,2023,태안군
화물(초소형),루트17,다니고3,550,335.0,885.0,2023년도 전기자동차 태안군 모델별 보조금,2023,태안군
화물(초소형),루트17,다니고3 픽업,550,335.0,885.0,2023년도 전기자동차 태안군 모델별 보조금,2023,태안군
화물(초소형),마스타전기차,MASTA VAN,550,335.0,885.0,2023년도 전기자동차 태안군 모델별 보조금,2023,태안군
화물(초소형),마스타전기차,MASTA HIM,550,335.0,885.0,2023년도 전기자동차 태안군 모델별 보조금,2023,태안군
화물(초소형),디피코,포트로-탑,550,335.0,885.0,2023년도 전기자동차 태안군 모델별 보조금,2023,태안군
화물(초소형),디피코,포트로-픽업,550,335.0,885.0,2023년도 전기자동차 태안군 모델별 보조금,2023,태안군
화물(초소형),디피코,포트로-탑S,550,335.0,885.0,2023년도 전기자동차 태안군 모델별 보조금,2023,태안군
화물(초소형),디피코,포트로-픽업S,550,335.0,885.0,2023년도 전기자동차 태안군 모델별 보조금,2023,태안군
화물(초소형),진우에스엠씨,포텐스,550,335.0,885.0,2023년도 전기자동차 태안군 모델별 보조금,2023,태안군
화물(경형),파워프라자,라보ev PEACE,900,680.0,1580.0,2023년도 전기자동차 태안군 모델별 보조금,2023,태안군
화물(경형),디피코,포트로350L-탑,900,680.0,1580.0,2023년도 전기자동차 태안군 모델별 보조금,2023,태안군
화물(경형),디피코,포트로350L-픽업,900,680.0,1580.0,2023년도 전기자동차 태안군 모델별 보조금,2023,태안군
화물(소형),제인모터스,제인모터스칼마토EV1톤내장탑차,498,373.0,871.0,2023년도 전기자동차 태안군 모델별 보조금,2023,태안군
화물(소형),파워프라자,봉고3ev PEACE,536,402.0,938.0,2023년도 전기자동차 태안군 모델별 보조금,2023,태안군
화물(소형),파워프라자,봉고3ev PEACE 더블캡,437,327.0,764.0,2023년도 전기자동차 태안군 모델별 보조금,2023,태안군
화물(소형),현대자동차,포터Ⅱ 일렉트릭(24MY),1200,900.0,2100.0,2023년도 전기자동차 태안군 모델별 보조금,2023,태안군
화물(소형),기아,봉고 전기차,1200,900.0,2100.0,2023년도 전기자동차 태안군 모델별 보조금,2023,태안군
화물(소형),기아,봉고 전기차 냉동탑차,1400,900.0,2300.0,2023년도 전기자동차 태안군 모델별 보조금,2023,태안군
화물(소형),기아,봉고 전기차 저상형 냉동탑차,1400,900.0,2300.0,2023년도 전기자동차 태안군 모델별 보조금,2023,태안군
화물(소형),일진정공,일진무시동전기냉동탑차(149.9km),1053,789.0,1842.0,2023년도 전기자동차 태안군 모델별 보조금,2023,태안군
화물(소형),일진정공,일진무시동전기냉동탑차(186.1km),1321,900.0,2221.0,2023년도 전기자동차 태안군 모델별 보조금,2023,태안군
화물(소형),일진정공,일진무시동전기냉동탑차(봉고),1460,900.0,2360.0,2023년도 전기자동차 태안군 모델별 보조금,2023,태안군
화물(소형),일진정공,일진무시동전기냉동탑차(포터),1444,900.0,2344.0,2023년도 전기자동차 태안군 모델별 보조금,2023,태안군
화물(소형),루트17,다니고밴,784,588.0,1372.0,2023년도 전기자동차 태안군 모델별 보조금,2023,태안군
화물(소형),루트17,다니고C(0.8톤 전기트럭),1112,834.0,1946.0,2023년도 전기자동차 태안군 모델별 보조금,2023,태안군
화물(소형),루트17,다니고C2(0.8톤 전기트럭),909,681.0,1590.0,2023년도 전기자동차 태안군 모델별 보조금,2023,태안군
화물(소형),루트17,다니고R(전기냉동탑차),1313,900.0,2213.0,2023년도 전기자동차 태안군 모델별 보조금,2023,태안군
화물(소형),루트17,다니고R2(무시동 전기냉동탑차),1212,900.0,2112.0,2023년도 전기자동차 태안군 모델별 보조금,2023,태안군
화물(소형),한신자동차,플러스2.0,648,486.0,1134.0,2023년도 전기자동차 태안군 모델별 보조금,2023,태안군
화물(소형),비바모빌리티,(단종)비바,932,699.0,1631.0,2023년도 전기자동차 태안군 모델별 보조금,2023,태안군
화물(소형),비바모빌리티,(단종)브라보,802,601.0,1403.0,2023년도 전기자동차 태안군 모델별 보조금,2023,태안군
화물(소형),이브이케이엠씨,(단종)MASADA 2밴,1124,843.0,1967.0,2023년도 전기자동차 태안군 모델별 보조금,2023,태안군
화물(소형),이브이케이엠씨,(단종)MASADA 4밴,1025,768.0,1793.0,2023년도 전기자동차 태안군 모델별 보조금,2023,태안군
화물(소형),이브이케이엠씨,MASADA 픽업,1078,808.0,1886.0,2023년도 전기자동차 태안군 모델별 보조금,2023,태안군
화물(소형),이브이케이엠씨,MASADA 3세대 2밴,1124,843.0,1967.0,2023년도 전기자동차 태안군 모델별 보조금,2023,태안군
화물(소형),이브이케이엠씨,MASADA 3세대 4밴,1025,768.0,1793.0,2023년도 전기자동차 태안군 모델별 보조금,2023,태안군
화물(소형),이브이케이엠씨,MASADA 2밴,1200,900.0,2100.0,2023년도 전기자동차 태안군 모델별 보조금,2023,태안군
화물(소형),이브이케이엠씨,MASADA 4밴,1200,900.0,2100.0,2023년도 전기자동차 태안군 모델별 보조금,2023,태안군
화물(소형),경인모터스,경인1톤전기냉동탑차,1151,863.0,2014.0,2023년도 전기자동차 태안군 모델별 보조금,2023,태안군
화물(소형),제이스모빌리티,(단종)이티밴,1200,900.0,2100.0,2023년도 전기자동차 태안군 모델별 보조금,2023,태안군
화물(소형),제이스모빌리티,이티4밴,1180,885.0,2065.0,2023년도 전기자동차 태안군 모델별 보조금,2023,태안군
화물(소형),오텍,오텍 무시동 전기 냉동탑차(봉고),1253,900.0,2153.0,2023년도 전기자동차 태안군 모델별 보조금,2023,태안군
화물(소형),이엔플러스,이엔1톤롱바디카고,959,719.0,1678.0,2023년도 전기자동차 태안군 모델별 보조금,2023,태안군
화물(소형),이엔플러스,이엔플러스EV1톤롱바디트럭,1009,756.0,1765.0,2023년도 전기자동차 태안군 모델별 보조금,2023,태안군
화물(소형),GS글로벌,T4K,1200,900.0,2100.0,2023년도 전기자동차 태안군 모델별 보조금,2023,태안군
화물(소형),에스에스라이트,젤라,986,739.0,1725.0,2023년도 전기자동차 태안군 모델별 보조금,2023,태안군
화물(소형),에스에스라이트,젤라 P200,1177,882.0,2059.0,2023년도 전기자동차 태안군 모델별 보조금,2023,태안군
화물(소형),한국쓰리축,한국쓰리축1톤롱바디EV트럭(봉고),943,707.0,1650.0,2023년도 전기자동차 태안군 모델별 보조금,2023,태안군
화물(소형),한국쓰리축,한국쓰리축1톤롱바디EV트럭(포터),963,722.0,1685.0,2023년도 전기자동차 태안군 모델별 보조금,2023,태안군
화물(소형),모빌리티네트웍스,SE-A2밴,1200,900.0,2100.0,2023년도 전기자동차 태안군 모델별 보조금,2023,태안군
화물(초소형),스마트솔루션즈,D2C,550,250.0,800.0,2023년도 전기자동차 전주시 모델별 보조금,2023,전주시
화물(초소형),스마트솔루션즈,D2P,550,250.0,800.0,2023년도 전기자동차 전주시 모델별 보조금,2023,전주시
화물(초소형),루트17,다니고3,550,250.0,800.0,2023년도 전기자동차 전주시 모델별 보조금,2023,전주시
화물(초소형),루트17,다니고3 픽업,550,250.0,800.0,2023년도 전기자동차 전주시 모델별 보조금,2023,전주시
화물(초소형),마스타전기차,MASTA VAN,550,250.0,800.0,2023년도 전기자동차 전주시 모델별 보조금,2023,전주시
화물(초소형),마스타전기차,MASTA HIM,550,250.0,800.0,2023년도 전기자동차 전주시 모델별 보조금,2023,전주시
화물(초소형),디피코,포트로-탑,550,0.0,550.0,2023년도 전기자동차 전주시 모델별 보조금,2023,전주시
화물(초소형),디피코,포트로-픽업,550,0.0,550.0,2023년도 전기자동차 전주시 모델별 보조금,2023,전주시
화물(초소형),디피코,포트로-탑S,550,250.0,800.0,2023년도 전기자동차 전주시 모델별 보조금,2023,전주시
화물(초소형),디피코,포트로-픽업S,550,250.0,800.0,2023년도 전기자동차 전주시 모델별 보조금,2023,전주시
화물(초소형),진우에스엠씨,포텐스,550,250.0,800.0,2023년도 전기자동차 전주시 모델별 보조금,2023,전주시
화물(경형),파워프라자,라보ev PEACE,900,500.0,1400.0,2023년도 전기자동차 전주시 모델별 보조금,2023,전주시
화물(경형),디피코,포트로350L-탑,900,500.0,1400.0,2023년도 전기자동차 전주시 모델별 보조금,2023,전주시
화물(경형),디피코,포트로350L-픽업,900,500.0,1400.0,2023년도 전기자동차 전주시 모델별 보조금,2023,전주시
화물(소형),제인모터스,제인모터스칼마토EV1톤내장탑차,498,290.0,788.0,2023년도 전기자동차 전주시 모델별 보조금,2023,전주시
화물(소형),파워프라자,봉고3ev PEACE,536,312.0,848.0,2023년도 전기자동차 전주시 모델별 보조금,2023,전주시
화물(소형),파워프라자,봉고3ev PEACE 더블캡,437,254.0,691.0,2023년도 전기자동차 전주시 모델별 보조금,2023,전주시
화물(소형),현대자동차,포터Ⅱ 일렉트릭(24MY),1200,700.0,1900.0,2023년도 전기자동차 전주시 모델별 보조금,2023,전주시
화물(소형),기아,봉고 전기차,1200,700.0,1900.0,2023년도 전기자동차 전주시 모델별 보조금,2023,전주시
화물(소형),기아,봉고 전기차 냉동탑차,1400,816.0,2216.0,2023년도 전기자동차 전주시 모델별 보조금,2023,전주시
화물(소형),기아,봉고 전기차 저상형 냉동탑차,1400,816.0,2216.0,2023년도 전기자동차 전주시 모델별 보조금,2023,전주시
화물(소형),일진정공,일진무시동전기냉동탑차(149.9km),1053,614.0,1667.0,2023년도 전기자동차 전주시 모델별 보조금,2023,전주시
화물(소형),일진정공,일진무시동전기냉동탑차(186.1km),1321,770.0,2091.0,2023년도 전기자동차 전주시 모델별 보조금,2023,전주시
화물(소형),일진정공,일진무시동전기냉동탑차(봉고),1460,851.0,2311.0,2023년도 전기자동차 전주시 모델별 보조금,2023,전주시
화물(소형),일진정공,일진무시동전기냉동탑차(포터),1444,842.0,2286.0,2023년도 전기자동차 전주시 모델별 보조금,2023,전주시
화물(소형),루트17,다니고밴,784,457.0,1241.0,2023년도 전기자동차 전주시 모델별 보조금,2023,전주시
화물(소형),루트17,다니고C(0.8톤 전기트럭),1112,648.0,1760.0,2023년도 전기자동차 전주시 모델별 보조금,2023,전주시
화물(소형),루트17,다니고C2(0.8톤 전기트럭),909,530.0,1439.0,2023년도 전기자동차 전주시 모델별 보조금,2023,전주시
화물(소형),루트17,다니고R(전기냉동탑차),1313,765.0,2078.0,2023년도 전기자동차 전주시 모델별 보조금,2023,전주시
화물(소형),루트17,다니고R2(무시동 전기냉동탑차),1212,707.0,1919.0,2023년도 전기자동차 전주시 모델별 보조금,2023,전주시
화물(소형),한신자동차,플러스2.0,648,378.0,1026.0,2023년도 전기자동차 전주시 모델별 보조금,2023,전주시
화물(소형),비바모빌리티,(단종)비바,932,543.0,1475.0,2023년도 전기자동차 전주시 모델별 보조금,2023,전주시
화물(소형),비바모빌리티,(단종)브라보,802,467.0,1269.0,2023년도 전기자동차 전주시 모델별 보조금,2023,전주시
화물(소형),이브이케이엠씨,(단종)MASADA 2밴,1124,655.0,1779.0,2023년도 전기자동차 전주시 모델별 보조금,2023,전주시
화물(소형),이브이케이엠씨,(단종)MASADA 4밴,1025,597.0,1622.0,2023년도 전기자동차 전주시 모델별 보조금,2023,전주시
화물(소형),이브이케이엠씨,MASADA 픽업,1078,628.0,1706.0,2023년도 전기자동차 전주시 모델별 보조금,2023,전주시
화물(소형),이브이케이엠씨,MASADA 3세대 2밴,1124,655.0,1779.0,2023년도 전기자동차 전주시 모델별 보조금,2023,전주시
화물(소형),이브이케이엠씨,MASADA 3세대 4밴,1025,597.0,1622.0,2023년도 전기자동차 전주시 모델별 보조금,2023,전주시
화물(소형),이브이케이엠씨,MASADA 2밴,1200,700.0,1900.0,2023년도 전기자동차 전주시 모델별 보조금,2023,전주시
화물(소형),이브이케이엠씨,MASADA 4밴,1200,700.0,1900.0,2023년도 전기자동차 전주시 모델별 보조금,2023,전주시
화물(소형),이브이케이엠씨,EC35 2밴,850,495.0,1345.0,2023년도 전기자동차 전주시 모델별 보조금,2023,전주시
화물(소형),경인모터스,경인1톤전기냉동탑차,1151,671.0,1822.0,2023년도 전기자동차 전주시 모델별 보조금,2023,전주시
화물(소형),제이스모빌리티,(단종)이티밴,1200,700.0,1900.0,2023년도 전기자동차 전주시 모델별 보조금,2023,전주시
화물(소형),제이스모빌리티,이티4밴,1180,688.0,1868.0,2023년도 전기자동차 전주시 모델별 보조금,2023,전주시
화물(소형),오텍,오텍 무시동 전기 냉동탑차(봉고),1253,730.0,1983.0,2023년도 전기자동차 전주시 모델별 보조금,2023,전주시
화물(소형),이엔플러스,이엔1톤롱바디카고,959,559.0,1518.0,2023년도 전기자동차 전주시 모델별 보조금,2023,전주시
화물(소형),이엔플러스,이엔플러스EV1톤롱바디트럭,1009,588.0,1597.0,2023년도 전기자동차 전주시 모델별 보조금,2023,전주시
화물(소형),GS글로벌,T4K,1200,700.0,1900.0,2023년도 전기자동차 전주시 모델별 보조금,2023,전주시
화물(소형),에스에스라이트,젤라,986,575.0,1561.0,2023년도 전기자동차 전주시 모델별 보조금,2023,전주시
화물(소형),에스에스라이트,젤라 P200,1177,686.0,1863.0,2023년도 전기자동차 전주시 모델별 보조금,2023,전주시
화물(소형),한국쓰리축,한국쓰리축1톤롱바디EV트럭(봉고),943,550.0,1493.0,2023년도 전기자동차 전주시 모델별 보조금,2023,전주시
화물(소형),한국쓰리축,한국쓰리축1톤롱바디EV트럭(포터),963,561.0,1524.0,2023년도 전기자동차 전주시 모델별 보조금,2023,전주시
화물(소형),모빌리티네트웍스,SE-A2밴,1200,700.0,1900.0,2023년도 전기자동차 전주시 모델별 보조금,2023,전주시
화물(초소형),스마트솔루션즈,D2C,550,250.0,800.0,2023년도 전기자동차 군산시 모델별 보조금,2023,군산시
화물(초소형),스마트솔루션즈,D2P,550,250.0,800.0,2023년도 전기자동차 군산시 모델별 보조금,2023,군산시
화물(초소형),루트17,다니고3,550,250.0,800.0,2023년도 전기자동차 군산시 모델별 보조금,2023,군산시
화물(초소형),루트17,다니고3 픽업,550,250.0,800.0,2023년도 전기자동차 군산시 모델별 보조금,2023,군산시
화물(초소형),마스타전기차,MASTA VAN,550,250.0,800.0,2023년도 전기자동차 군산시 모델별 보조금,2023,군산시
화물(초소형),마스타전기차,MASTA HIM,550,250.0,800.0,2023년도 전기자동차 군산시 모델별 보조금,2023,군산시
화물(초소형),디피코,포트로-탑,550,250.0,800.0,2023년도 전기자동차 군산시 모델별 보조금,2023,군산시
화물(초소형),디피코,포트로-픽업,550,250.0,800.0,2023년도 전기자동차 군산시 모델별 보조금,2023,군산시
화물(초소형),디피코,포트로-탑S,550,250.0,800.0,2023년도 전기자동차 군산시 모델별 보조금,2023,군산시
화물(초소형),디피코,포트로-픽업S,550,250.0,800.0,2023년도 전기자동차 군산시 모델별 보조금,2023,군산시
화물(초소형),진우에스엠씨,포텐스,550,250.0,800.0,2023년도 전기자동차 군산시 모델별 보조금,2023,군산시
화물(경형),파워프라자,라보ev PEACE,900,500.0,1400.0,2023년도 전기자동차 군산시 모델별 보조금,2023,군산시
화물(경형),디피코,포트로350L-탑,900,500.0,1400.0,2023년도 전기자동차 군산시 모델별 보조금,2023,군산시
화물(경형),디피코,포트로350L-픽업,900,500.0,1400.0,2023년도 전기자동차 군산시 모델별 보조금,2023,군산시
화물(소형),제인모터스,제인모터스칼마토EV1톤내장탑차,498,290.0,788.0,2023년도 전기자동차 군산시 모델별 보조금,2023,군산시
화물(소형),파워프라자,봉고3ev PEACE,536,312.0,848.0,2023년도 전기자동차 군산시 모델별 보조금,2023,군산시
화물(소형),파워프라자,봉고3ev PEACE 더블캡,437,254.0,691.0,2023년도 전기자동차 군산시 모델별 보조금,2023,군산시
화물(소형),현대자동차,포터Ⅱ 일렉트릭(23MY),1200,700.0,1900.0,2023년도 전기자동차 군산시 모델별 보조금,2023,군산시
화물(소형),현대자동차,포터Ⅱ 일렉트릭(24MY),1200,700.0,1900.0,2023년도 전기자동차 군산시 모델별 보조금,2023,군산시
화물(소형),기아,봉고 전기차,1200,700.0,1900.0,2023년도 전기자동차 군산시 모델별 보조금,2023,군산시
화물(소형),기아,봉고 전기차 냉동탑차,1400,816.0,2216.0,2023년도 전기자동차 군산시 모델별 보조금,2023,군산시
화물(소형),기아,봉고 전기차 저상형 냉동탑차,1400,816.0,2216.0,2023년도 전기자동차 군산시 모델별 보조금,2023,군산시
화물(소형),일진정공,일진무시동전기냉동탑차(149.9km),1053,614.0,1667.0,2023년도 전기자동차 군산시 모델별 보조금,2023,군산시
화물(소형),일진정공,일진무시동전기냉동탑차(186.1km),1321,770.0,2091.0,2023년도 전기자동차 군산시 모델별 보조금,2023,군산시
화물(소형),일진정공,일진무시동전기냉동탑차(봉고),1460,851.0,2311.0,2023년도 전기자동차 군산시 모델별 보조금,2023,군산시
화물(소형),일진정공,일진무시동전기냉동탑차(포터),1444,842.0,2286.0,2023년도 전기자동차 군산시 모델별 보조금,2023,군산시
화물(소형),루트17,다니고밴,784,457.0,1241.0,2023년도 전기자동차 군산시 모델별 보조금,2023,군산시
화물(소형),루트17,다니고C(0.8톤 전기트럭),1112,648.0,1760.0,2023년도 전기자동차 군산시 모델별 보조금,2023,군산시
화물(소형),루트17,다니고C2(0.8톤 전기트럭),909,530.0,1439.0,2023년도 전기자동차 군산시 모델별 보조금,2023,군산시
화물(소형),루트17,다니고R(전기냉동탑차),1313,765.0,2078.0,2023년도 전기자동차 군산시 모델별 보조금,2023,군산시
화물(소형),루트17,다니고R2(무시동 전기냉동탑차),1212,707.0,1919.0,2023년도 전기자동차 군산시 모델별 보조금,2023,군산시
화물(소형),한신자동차,플러스2.0,648,378.0,1026.0,2023년도 전기자동차 군산시 모델별 보조금,2023,군산시
화물(소형),비바모빌리티,(단종)비바,932,543.0,1475.0,2023년도 전기자동차 군산시 모델별 보조금,2023,군산시
화물(소형),비바모빌리티,(단종)브라보,802,467.0,1269.0,2023년도 전기자동차 군산시 모델별 보조금,2023,군산시
화물(소형),이브이케이엠씨,(단종)MASADA 2밴,1124,655.0,1779.0,2023년도 전기자동차 군산시 모델별 보조금,2023,군산시
화물(소형),이브이케이엠씨,(단종)MASADA 4밴,1025,597.0,1622.0,2023년도 전기자동차 군산시 모델별 보조금,2023,군산시
화물(소형),이브이케이엠씨,MASADA 픽업,1078,628.0,1706.0,2023년도 전기자동차 군산시 모델별 보조금,2023,군산시
화물(소형),이브이케이엠씨,MASADA 3세대 2밴,1124,655.0,1779.0,2023년도 전기자동차 군산시 모델별 보조금,2023,군산시
화물(소형),이브이케이엠씨,MASADA 3세대 4밴,1025,597.0,1622.0,2023년도 전기자동차 군산시 모델별 보조금,2023,군산시
화물(소형),이브이케이엠씨,MASADA 2밴,1200,700.0,1900.0,2023년도 전기자동차 군산시 모델별 보조금,2023,군산시
화물(소형),이브이케이엠씨,MASADA 4밴,1200,700.0,1900.0,2023년도 전기자동차 군산시 모델별 보조금,2023,군산시
화물(소형),경인모터스,경인1톤전기냉동탑차,1151,671.0,1822.0,2023년도 전기자동차 군산시 모델별 보조금,2023,군산시
화물(소형),제이스모빌리티,(단종)이티밴,1200,700.0,1900.0,2023년도 전기자동차 군산시 모델별 보조금,2023,군산시
화물(소형),제이스모빌리티,이티밴,1200,700.0,1900.0,2023년도 전기자동차 군산시 모델별 보조금,2023,군산시
화물(소형),제이스모빌리티,이티4밴,1180,688.0,1868.0,2023년도 전기자동차 군산시 모델별 보조금,2023,군산시
화물(소형),오텍,오텍 무시동 전기 냉동탑차(봉고),1253,730.0,1983.0,2023년도 전기자동차 군산시 모델별 보조금,2023,군산시
화물(소형),이엔플러스,이엔1톤롱바디카고,959,559.0,1518.0,2023년도 전기자동차 군산시 모델별 보조금,2023,군산시
화물(소형),이엔플러스,이엔플러스EV1톤롱바디트럭,1009,588.0,1597.0,2023년도 전기자동차 군산시 모델별 보조금,2023,군산시
화물(소형),GS글로벌,T4K,1200,700.0,1900.0,2023년도 전기자동차 군산시 모델별 보조금,2023,군산시
화물(소형),에스에스라이트,젤라,986,575.0,1561.0,2023년도 전기자동차 군산시 모델별 보조금,2023,군산시
화물(소형),에스에스라이트,젤라 P200,1177,686.0,1863.0,2023년도 전기자동차 군산시 모델별 보조금,2023,군산시
화물(소형),한국쓰리축,한국쓰리축1톤롱바디EV트럭(봉고),943,550.0,1493.0,2023년도 전기자동차 군산시 모델별 보조금,2023,군산시
화물(소형),한국쓰리축,한국쓰리축1톤롱바디EV트럭(포터),963,561.0,1524.0,2023년도 전기자동차 군산시 모델별 보조금,2023,군산시
화물(소형),모빌리티네트웍스,SE-A2밴,1200,700.0,1900.0,2023년도 전기자동차 군산시 모델별 보조금,2023,군산시
화물(초소형),스마트솔루션즈,D2C,550,250.0,800.0,2023년도 전기자동차 익산시 모델별 보조금,2023,익산시
화물(초소형),스마트솔루션즈,D2P,550,250.0,800.0,2023년도 전기자동차 익산시 모델별 보조금,2023,익산시
화물(초소형),루트17,다니고3,550,250.0,800.0,2023년도 전기자동차 익산시 모델별 보조금,2023,익산시
화물(초소형),루트17,다니고3 픽업,550,250.0,800.0,2023년도 전기자동차 익산시 모델별 보조금,2023,익산시
화물(초소형),마스타전기차,MASTA VAN,550,250.0,800.0,2023년도 전기자동차 익산시 모델별 보조금,2023,익산시
화물(초소형),마스타전기차,MASTA HIM,550,250.0,800.0,2023년도 전기자동차 익산시 모델별 보조금,2023,익산시
화물(초소형),디피코,포트로-탑,550,0.0,550.0,2023년도 전기자동차 익산시 모델별 보조금,2023,익산시
화물(초소형),디피코,포트로-픽업,550,0.0,550.0,2023년도 전기자동차 익산시 모델별 보조금,2023,익산시
화물(초소형),디피코,포트로-탑S,550,250.0,800.0,2023년도 전기자동차 익산시 모델별 보조금,2023,익산시
화물(초소형),디피코,포트로-픽업S,550,250.0,800.0,2023년도 전기자동차 익산시 모델별 보조금,2023,익산시
화물(초소형),진우에스엠씨,포텐스,550,250.0,800.0,2023년도 전기자동차 익산시 모델별 보조금,2023,익산시
화물(경형),파워프라자,라보ev PEACE,900,500.0,1400.0,2023년도 전기자동차 익산시 모델별 보조금,2023,익산시
화물(경형),디피코,포트로350L-탑,900,0.0,900.0,2023년도 전기자동차 익산시 모델별 보조금,2023,익산시
화물(경형),디피코,포트로350L-픽업,900,0.0,900.0,2023년도 전기자동차 익산시 모델별 보조금,2023,익산시
화물(소형),제인모터스,제인모터스칼마토EV1톤내장탑차,498,290.0,788.0,2023년도 전기자동차 익산시 모델별 보조금,2023,익산시
화물(소형),파워프라자,봉고3ev PEACE,536,312.0,848.0,2023년도 전기자동차 익산시 모델별 보조금,2023,익산시
화물(소형),파워프라자,봉고3ev PEACE 더블캡,437,254.0,691.0,2023년도 전기자동차 익산시 모델별 보조금,2023,익산시
화물(소형),현대자동차,포터Ⅱ 일렉트릭(23MY),1200,700.0,1900.0,2023년도 전기자동차 익산시 모델별 보조금,2023,익산시
화물(소형),현대자동차,포터Ⅱ 일렉트릭(24MY),1200,700.0,1900.0,2023년도 전기자동차 익산시 모델별 보조금,2023,익산시
화물(소형),기아,봉고 전기차,1200,700.0,1900.0,2023년도 전기자동차 익산시 모델별 보조금,2023,익산시
화물(소형),기아,봉고 전기차 냉동탑차,1400,816.0,2216.0,2023년도 전기자동차 익산시 모델별 보조금,2023,익산시
화물(소형),기아,봉고 전기차 저상형 냉동탑차,1400,816.0,2216.0,2023년도 전기자동차 익산시 모델별 보조금,2023,익산시
화물(소형),일진정공,일진무시동전기냉동탑차(149.9km),1053,614.0,1667.0,2023년도 전기자동차 익산시 모델별 보조금,2023,익산시
화물(소형),일진정공,일진무시동전기냉동탑차(186.1km),1321,770.0,2091.0,2023년도 전기자동차 익산시 모델별 보조금,2023,익산시
화물(소형),일진정공,일진무시동전기냉동탑차(봉고),1460,851.0,2311.0,2023년도 전기자동차 익산시 모델별 보조금,2023,익산시
화물(소형),일진정공,일진무시동전기냉동탑차(포터),1444,842.0,2286.0,2023년도 전기자동차 익산시 모델별 보조금,2023,익산시
화물(소형),루트17,다니고밴,784,457.0,1241.0,2023년도 전기자동차 익산시 모델별 보조금,2023,익산시
화물(소형),루트17,다니고C(0.8톤 전기트럭),1112,648.0,1760.0,2023년도 전기자동차 익산시 모델별 보조금,2023,익산시
화물(소형),루트17,다니고C2(0.8톤 전기트럭),909,530.0,1439.0,2023년도 전기자동차 익산시 모델별 보조금,2023,익산시
화물(소형),루트17,다니고R(전기냉동탑차),1313,765.0,2078.0,2023년도 전기자동차 익산시 모델별 보조금,2023,익산시
화물(소형),루트17,다니고R2(무시동 전기냉동탑차),1212,707.0,1919.0,2023년도 전기자동차 익산시 모델별 보조금,2023,익산시
화물(소형),한신자동차,플러스2.0,648,378.0,1026.0,2023년도 전기자동차 익산시 모델별 보조금,2023,익산시
화물(소형),비바모빌리티,(단종)비바,932,543.0,1475.0,2023년도 전기자동차 익산시 모델별 보조금,2023,익산시
화물(소형),비바모빌리티,(단종)브라보,802,467.0,1269.0,2023년도 전기자동차 익산시 모델별 보조금,2023,익산시
화물(소형),이브이케이엠씨,(단종)MASADA 2밴,1124,655.0,1779.0,2023년도 전기자동차 익산시 모델별 보조금,2023,익산시
화물(소형),이브이케이엠씨,(단종)MASADA 4밴,1025,597.0,1622.0,2023년도 전기자동차 익산시 모델별 보조금,2023,익산시
화물(소형),이브이케이엠씨,MASADA 픽업,1078,628.0,1706.0,2023년도 전기자동차 익산시 모델별 보조금,2023,익산시
화물(소형),이브이케이엠씨,MASADA 3세대 2밴,1124,655.0,1779.0,2023년도 전기자동차 익산시 모델별 보조금,2023,익산시
화물(소형),이브이케이엠씨,MASADA 3세대 4밴,1025,597.0,1622.0,2023년도 전기자동차 익산시 모델별 보조금,2023,익산시
화물(소형),이브이케이엠씨,MASADA 2밴,1200,700.0,1900.0,2023년도 전기자동차 익산시 모델별 보조금,2023,익산시
화물(소형),경인모터스,경인1톤전기냉동탑차,1151,672.0,1823.0,2023년도 전기자동차 익산시 모델별 보조금,2023,익산시
화물(소형),제이스모빌리티,(단종)이티밴,1200,700.0,1900.0,2023년도 전기자동차 익산시 모델별 보조금,2023,익산시
화물(소형),제이스모빌리티,이티밴,1200,700.0,1900.0,2023년도 전기자동차 익산시 모델별 보조금,2023,익산시
화물(소형),제이스모빌리티,이티4밴,1180,688.0,1868.0,2023년도 전기자동차 익산시 모델별 보조금,2023,익산시
화물(소형),오텍,오텍 무시동 전기 냉동탑차(봉고),1253,730.0,1983.0,2023년도 전기자동차 익산시 모델별 보조금,2023,익산시
화물(소형),이엔플러스,이엔1톤롱바디카고,959,559.0,1518.0,2023년도 전기자동차 익산시 모델별 보조금,2023,익산시
화물(소형),이엔플러스,이엔플러스EV1톤롱바디트럭,1009,588.0,1597.0,2023년도 전기자동차 익산시 모델별 보조금,2023,익산시
화물(소형),GS글로벌,T4K,1200,700.0,1900.0,2023년도 전기자동차 익산시 모델별 보조금,2023,익산시
화물(소형),에스에스라이트,젤라,986,575.0,1561.0,2023년도 전기자동차 익산시 모델별 보조금,2023,익산시
화물(소형),에스에스라이트,젤라 P200,1177,686.0,1863.0,2023년도 전기자동차 익산시 모델별 보조금,2023,익산시
화물(소형),한국쓰리축,한국쓰리축1톤롱바디EV트럭(봉고),943,0.0,943.0,2023년도 전기자동차 익산시 모델별 보조금,2023,익산시
화물(소형),한국쓰리축,한국쓰리축1톤롱바디EV트럭(포터),963,0.0,963.0,2023년도 전기자동차 익산시 모델별 보조금,2023,익산시
화물(소형),모빌리티네트웍스,SE-A2밴,1200,700.0,1900.0,2023년도 전기자동차 익산시 모델별 보조금,2023,익산시
화물(초소형),스마트솔루션즈,D2C,550,250.0,800.0,2023년도 전기자동차 정읍시 모델별 보조금,2023,정읍시
화물(초소형),스마트솔루션즈,D2P,550,250.0,800.0,2023년도 전기자동차 정읍시 모델별 보조금,2023,정읍시
화물(초소형),루트17,다니고3,550,250.0,800.0,2023년도 전기자동차 정읍시 모델별 보조금,2023,정읍시
화물(초소형),루트17,다니고3 픽업,550,250.0,800.0,2023년도 전기자동차 정읍시 모델별 보조금,2023,정읍시
화물(초소형),마스타전기차,MASTA VAN,550,250.0,800.0,2023년도 전기자동차 정읍시 모델별 보조금,2023,정읍시
화물(초소형),마스타전기차,MASTA HIM,550,250.0,800.0,2023년도 전기자동차 정읍시 모델별 보조금,2023,정읍시
화물(초소형),디피코,포트로-탑,550,250.0,800.0,2023년도 전기자동차 정읍시 모델별 보조금,2023,정읍시
화물(초소형),디피코,포트로-픽업,550,250.0,800.0,2023년도 전기자동차 정읍시 모델별 보조금,2023,정읍시
화물(초소형),디피코,포트로-탑S,550,250.0,800.0,2023년도 전기자동차 정읍시 모델별 보조금,2023,정읍시
화물(초소형),디피코,포트로-픽업S,550,250.0,800.0,2023년도 전기자동차 정읍시 모델별 보조금,2023,정읍시
화물(초소형),진우에스엠씨,포텐스,550,250.0,800.0,2023년도 전기자동차 정읍시 모델별 보조금,2023,정읍시
화물(경형),파워프라자,라보ev PEACE,900,500.0,1400.0,2023년도 전기자동차 정읍시 모델별 보조금,2023,정읍시
화물(경형),디피코,포트로350L-탑,900,500.0,1400.0,2023년도 전기자동차 정읍시 모델별 보조금,2023,정읍시
화물(경형),디피코,포트로350L-픽업,900,500.0,1400.0,2023년도 전기자동차 정읍시 모델별 보조금,2023,정읍시
화물(소형),제인모터스,제인모터스칼마토EV1톤내장탑차,498,290.0,788.0,2023년도 전기자동차 정읍시 모델별 보조금,2023,정읍시
화물(소형),파워프라자,봉고3ev PEACE,536,312.0,848.0,2023년도 전기자동차 정읍시 모델별 보조금,2023,정읍시
화물(소형),파워프라자,봉고3ev PEACE 더블캡,437,254.0,691.0,2023년도 전기자동차 정읍시 모델별 보조금,2023,정읍시
화물(소형),현대자동차,포터Ⅱ 일렉트릭(24MY),1200,700.0,1900.0,2023년도 전기자동차 정읍시 모델별 보조금,2023,정읍시
화물(소형),기아,봉고 전기차,1200,700.0,1900.0,2023년도 전기자동차 정읍시 모델별 보조금,2023,정읍시
화물(소형),기아,봉고 전기차 냉동탑차,1400,816.0,2216.0,2023년도 전기자동차 정읍시 모델별 보조금,2023,정읍시
화물(소형),기아,봉고 전기차 저상형 냉동탑차,1400,816.0,2216.0,2023년도 전기자동차 정읍시 모델별 보조금,2023,정읍시
화물(소형),일진정공,일진무시동전기냉동탑차(149.9km),1053,614.0,1667.0,2023년도 전기자동차 정읍시 모델별 보조금,2023,정읍시
화물(소형),일진정공,일진무시동전기냉동탑차(186.1km),1321,770.0,2091.0,2023년도 전기자동차 정읍시 모델별 보조금,2023,정읍시
화물(소형),일진정공,일진무시동전기냉동탑차(봉고),1460,851.0,2311.0,2023년도 전기자동차 정읍시 모델별 보조금,2023,정읍시
화물(소형),일진정공,일진무시동전기냉동탑차(포터),1444,842.0,2286.0,2023년도 전기자동차 정읍시 모델별 보조금,2023,정읍시
화물(소형),루트17,다니고밴,784,457.0,1241.0,2023년도 전기자동차 정읍시 모델별 보조금,2023,정읍시
화물(소형),루트17,다니고C(0.8톤 전기트럭),1112,648.0,1760.0,2023년도 전기자동차 정읍시 모델별 보조금,2023,정읍시
화물(소형),루트17,다니고C2(0.8톤 전기트럭),909,530.0,1439.0,2023년도 전기자동차 정읍시 모델별 보조금,2023,정읍시
화물(소형),루트17,다니고R(전기냉동탑차),1313,765.0,2078.0,2023년도 전기자동차 정읍시 모델별 보조금,2023,정읍시
화물(소형),루트17,다니고R2(무시동 전기냉동탑차),1212,707.0,1919.0,2023년도 전기자동차 정읍시 모델별 보조금,2023,정읍시
화물(소형),한신자동차,플러스2.0,648,378.0,1026.0,2023년도 전기자동차 정읍시 모델별 보조금,2023,정읍시
화물(소형),비바모빌리티,(단종)비바,932,543.0,1475.0,2023년도 전기자동차 정읍시 모델별 보조금,2023,정읍시
화물(소형),비바모빌리티,(단종)브라보,802,467.0,1269.0,2023년도 전기자동차 정읍시 모델별 보조금,2023,정읍시
화물(소형),이브이케이엠씨,(단종)MASADA 2밴,1124,655.0,1779.0,2023년도 전기자동차 정읍시 모델별 보조금,2023,정읍시
화물(소형),이브이케이엠씨,(단종)MASADA 4밴,1025,597.0,1622.0,2023년도 전기자동차 정읍시 모델별 보조금,2023,정읍시
화물(소형),이브이케이엠씨,MASADA 픽업,1078,628.0,1706.0,2023년도 전기자동차 정읍시 모델별 보조금,2023,정읍시
화물(소형),이브이케이엠씨,MASADA 3세대 2밴,1124,655.0,1779.0,2023년도 전기자동차 정읍시 모델별 보조금,2023,정읍시
화물(소형),이브이케이엠씨,MASADA 3세대 4밴,1025,597.0,1622.0,2023년도 전기자동차 정읍시 모델별 보조금,2023,정읍시
화물(소형),이브이케이엠씨,MASADA 2밴,1200,700.0,1900.0,2023년도 전기자동차 정읍시 모델별 보조금,2023,정읍시
화물(소형),이브이케이엠씨,MASADA 4밴,1200,700.0,1900.0,2023년도 전기자동차 정읍시 모델별 보조금,2023,정읍시
화물(소형),경인모터스,경인1톤전기냉동탑차,1151,671.0,1822.0,2023년도 전기자동차 정읍시 모델별 보조금,2023,정읍시
화물(소형),제이스모빌리티,(단종)이티밴,1200,700.0,1900.0,2023년도 전기자동차 정읍시 모델별 보조금,2023,정읍시
화물(소형),제이스모빌리티,이티4밴,1180,688.0,1868.0,2023년도 전기자동차 정읍시 모델별 보조금,2023,정읍시
화물(소형),오텍,오텍 무시동 전기 냉동탑차(봉고),1253,730.0,1983.0,2023년도 전기자동차 정읍시 모델별 보조금,2023,정읍시
화물(소형),이엔플러스,이엔1톤롱바디카고,959,559.0,1518.0,2023년도 전기자동차 정읍시 모델별 보조금,2023,정읍시
화물(소형),이엔플러스,이엔플러스EV1톤롱바디트럭,1009,588.0,1597.0,2023년도 전기자동차 정읍시 모델별 보조금,2023,정읍시
화물(소형),GS글로벌,T4K,1200,700.0,1900.0,2023년도 전기자동차 정읍시 모델별 보조금,2023,정읍시
화물(소형),에스에스라이트,젤라,986,575.0,1561.0,2023년도 전기자동차 정읍시 모델별 보조금,2023,정읍시
화물(소형),에스에스라이트,젤라 P200,1177,686.0,1863.0,2023년도 전기자동차 정읍시 모델별 보조금,2023,정읍시
화물(소형),한국쓰리축,한국쓰리축1톤롱바디EV트럭(봉고),943,550.0,1493.0,2023년도 전기자동차 정읍시 모델별 보조금,2023,정읍시
화물(소형),한국쓰리축,한국쓰리축1톤롱바디EV트럭(포터),963,0.0,963.0,2023년도 전기자동차 정읍시 모델별 보조금,2023,정읍시
화물(소형),모빌리티네트웍스,SE-A2밴,1200,700.0,1900.0,2023년도 전기자동차 정읍시 모델별 보조금,2023,정읍시
화물(초소형),스마트솔루션즈,D2C,550,250.0,800.0,2023년도 전기자동차 남원시 모델별 보조금,2023,남원시
화물(초소형),스마트솔루션즈,D2P,550,250.0,800.0,2023년도 전기자동차 남원시 모델별 보조금,2023,남원시
화물(초소형),루트17,다니고3,550,250.0,800.0,2023년도 전기자동차 남원시 모델별 보조금,2023,남원시
화물(초소형),루트17,다니고3 픽업,550,250.0,800.0,2023년도 전기자동차 남원시 모델별 보조금,2023,남원시
화물(초소형),마스타전기차,MASTA VAN,550,250.0,800.0,2023년도 전기자동차 남원시 모델별 보조금,2023,남원시
화물(초소형),마스타전기차,MASTA HIM,550,250.0,800.0,2023년도 전기자동차 남원시 모델별 보조금,2023,남원시
화물(초소형),디피코,포트로-탑,550,250.0,800.0,2023년도 전기자동차 남원시 모델별 보조금,2023,남원시
화물(초소형),디피코,포트로-픽업,550,250.0,800.0,2023년도 전기자동차 남원시 모델별 보조금,2023,남원시
화물(초소형),디피코,포트로-탑S,550,250.0,800.0,2023년도 전기자동차 남원시 모델별 보조금,2023,남원시
화물(초소형),디피코,포트로-픽업S,550,250.0,800.0,2023년도 전기자동차 남원시 모델별 보조금,2023,남원시
화물(초소형),진우에스엠씨,포텐스,550,250.0,800.0,2023년도 전기자동차 남원시 모델별 보조금,2023,남원시
화물(경형),파워프라자,라보ev PEACE,900,500.0,1400.0,2023년도 전기자동차 남원시 모델별 보조금,2023,남원시
화물(경형),디피코,포트로350L-탑,900,500.0,1400.0,2023년도 전기자동차 남원시 모델별 보조금,2023,남원시
화물(경형),디피코,포트로350L-픽업,900,0.0,900.0,2023년도 전기자동차 남원시 모델별 보조금,2023,남원시
화물(소형),제인모터스,제인모터스칼마토EV1톤내장탑차,498,290.0,788.0,2023년도 전기자동차 남원시 모델별 보조금,2023,남원시
화물(소형),파워프라자,봉고3ev PEACE,536,312.0,848.0,2023년도 전기자동차 남원시 모델별 보조금,2023,남원시
화물(소형),파워프라자,봉고3ev PEACE 더블캡,437,254.0,691.0,2023년도 전기자동차 남원시 모델별 보조금,2023,남원시
화물(소형),현대자동차,포터Ⅱ 일렉트릭(24MY),1200,700.0,1900.0,2023년도 전기자동차 남원시 모델별 보조금,2023,남원시
화물(소형),기아,봉고 전기차,1200,700.0,1900.0,2023년도 전기자동차 남원시 모델별 보조금,2023,남원시
화물(소형),기아,봉고 전기차 냉동탑차,1400,816.0,2216.0,2023년도 전기자동차 남원시 모델별 보조금,2023,남원시
화물(소형),기아,봉고 전기차 저상형 냉동탑차,1400,816.0,2216.0,2023년도 전기자동차 남원시 모델별 보조금,2023,남원시
화물(소형),일진정공,일진무시동전기냉동탑차(149.9km),1053,614.0,1667.0,2023년도 전기자동차 남원시 모델별 보조금,2023,남원시
화물(소형),일진정공,일진무시동전기냉동탑차(186.1km),1321,770.0,2091.0,2023년도 전기자동차 남원시 모델별 보조금,2023,남원시
화물(소형),일진정공,일진무시동전기냉동탑차(봉고),1460,851.0,2311.0,2023년도 전기자동차 남원시 모델별 보조금,2023,남원시
화물(소형),일진정공,일진무시동전기냉동탑차(포터),1444,842.0,2286.0,2023년도 전기자동차 남원시 모델별 보조금,2023,남원시
화물(소형),루트17,다니고밴,784,457.0,1241.0,2023년도 전기자동차 남원시 모델별 보조금,2023,남원시
화물(소형),루트17,다니고C(0.8톤 전기트럭),1112,648.0,1760.0,2023년도 전기자동차 남원시 모델별 보조금,2023,남원시
화물(소형),루트17,다니고C2(0.8톤 전기트럭),909,530.0,1439.0,2023년도 전기자동차 남원시 모델별 보조금,2023,남원시
화물(소형),루트17,다니고R(전기냉동탑차),1313,765.0,2078.0,2023년도 전기자동차 남원시 모델별 보조금,2023,남원시
화물(소형),루트17,다니고R2(무시동 전기냉동탑차),1212,707.0,1919.0,2023년도 전기자동차 남원시 모델별 보조금,2023,남원시
화물(소형),한신자동차,플러스2.0,648,378.0,1026.0,2023년도 전기자동차 남원시 모델별 보조금,2023,남원시
화물(소형),비바모빌리티,(단종)비바,932,543.0,1475.0,2023년도 전기자동차 남원시 모델별 보조금,2023,남원시
화물(소형),비바모빌리티,(단종)브라보,802,467.0,1269.0,2023년도 전기자동차 남원시 모델별 보조금,2023,남원시
화물(소형),이브이케이엠씨,(단종)MASADA 2밴,1124,655.0,1779.0,2023년도 전기자동차 남원시 모델별 보조금,2023,남원시
화물(소형),이브이케이엠씨,(단종)MASADA 4밴,1025,597.0,1622.0,2023년도 전기자동차 남원시 모델별 보조금,2023,남원시
화물(소형),이브이케이엠씨,MASADA 픽업,1078,628.0,1706.0,2023년도 전기자동차 남원시 모델별 보조금,2023,남원시
화물(소형),이브이케이엠씨,MASADA 3세대 2밴,1124,655.0,1779.0,2023년도 전기자동차 남원시 모델별 보조금,2023,남원시
화물(소형),이브이케이엠씨,MASADA 3세대 4밴,1025,597.0,1622.0,2023년도 전기자동차 남원시 모델별 보조금,2023,남원시
화물(소형),이브이케이엠씨,MASADA 2밴,1200,0.0,1200.0,2023년도 전기자동차 남원시 모델별 보조금,2023,남원시
화물(소형),이브이케이엠씨,MASADA 4밴,1200,700.0,1900.0,2023년도 전기자동차 남원시 모델별 보조금,2023,남원시
화물(소형),경인모터스,경인1톤전기냉동탑차,1151,671.0,1822.0,2023년도 전기자동차 남원시 모델별 보조금,2023,남원시
화물(소형),제이스모빌리티,(단종)이티밴,1200,700.0,1900.0,2023년도 전기자동차 남원시 모델별 보조금,2023,남원시
화물(소형),제이스모빌리티,이티4밴,1180,688.0,1868.0,2023년도 전기자동차 남원시 모델별 보조금,2023,남원시
화물(소형),오텍,오텍 무시동 전기 냉동탑차(봉고),1253,730.0,1983.0,2023년도 전기자동차 남원시 모델별 보조금,2023,남원시
화물(소형),이엔플러스,이엔1톤롱바디카고,959,559.0,1518.0,2023년도 전기자동차 남원시 모델별 보조금,2023,남원시
화물(소형),이엔플러스,이엔플러스EV1톤롱바디트럭,1009,588.0,1597.0,2023년도 전기자동차 남원시 모델별 보조금,2023,남원시
화물(소형),GS글로벌,T4K,1200,700.0,1900.0,2023년도 전기자동차 남원시 모델별 보조금,2023,남원시
화물(소형),에스에스라이트,젤라,986,575.0,1561.0,2023년도 전기자동차 남원시 모델별 보조금,2023,남원시
화물(소형),에스에스라이트,젤라 P200,1177,686.0,1863.0,2023년도 전기자동차 남원시 모델별 보조금,2023,남원시
화물(소형),한국쓰리축,한국쓰리축1톤롱바디EV트럭(봉고),943,550.0,1493.0,2023년도 전기자동차 남원시 모델별 보조금,2023,남원시
화물(소형),한국쓰리축,한국쓰리축1톤롱바디EV트럭(포터),963,0.0,963.0,2023년도 전기자동차 남원시 모델별 보조금,2023,남원시
화물(소형),모빌리티네트웍스,SE-A2밴,1200,700.0,1900.0,2023년도 전기자동차 남원시 모델별 보조금,2023,남원시
화물(초소형),스마트솔루션즈,D2C,550,250.0,800.0,2023년도 전기자동차 김제시 모델별 보조금,2023,김제시
화물(초소형),스마트솔루션즈,D2P,550,250.0,800.0,2023년도 전기자동차 김제시 모델별 보조금,2023,김제시
화물(초소형),루트17,다니고3,550,250.0,800.0,2023년도 전기자동차 김제시 모델별 보조금,2023,김제시
화물(초소형),루트17,다니고3 픽업,550,250.0,800.0,2023년도 전기자동차 김제시 모델별 보조금,2023,김제시
화물(초소형),마스타전기차,MASTA VAN,550,250.0,800.0,2023년도 전기자동차 김제시 모델별 보조금,2023,김제시
화물(초소형),마스타전기차,MASTA HIM,550,250.0,800.0,2023년도 전기자동차 김제시 모델별 보조금,2023,김제시
화물(초소형),디피코,포트로-탑,550,0.0,550.0,2023년도 전기자동차 김제시 모델별 보조금,2023,김제시
화물(초소형),디피코,포트로-픽업,550,0.0,550.0,2023년도 전기자동차 김제시 모델별 보조금,2023,김제시
화물(초소형),디피코,포트로-탑S,550,250.0,800.0,2023년도 전기자동차 김제시 모델별 보조금,2023,김제시
화물(초소형),디피코,포트로-픽업S,550,250.0,800.0,2023년도 전기자동차 김제시 모델별 보조금,2023,김제시
화물(초소형),진우에스엠씨,포텐스,550,250.0,800.0,2023년도 전기자동차 김제시 모델별 보조금,2023,김제시
화물(경형),파워프라자,라보ev PEACE,900,500.0,1400.0,2023년도 전기자동차 김제시 모델별 보조금,2023,김제시
화물(경형),디피코,포트로350L-탑,900,500.0,1400.0,2023년도 전기자동차 김제시 모델별 보조금,2023,김제시
화물(경형),디피코,포트로350L-픽업,900,500.0,1400.0,2023년도 전기자동차 김제시 모델별 보조금,2023,김제시
화물(소형),제인모터스,제인모터스칼마토EV1톤내장탑차,498,290.0,788.0,2023년도 전기자동차 김제시 모델별 보조금,2023,김제시
화물(소형),파워프라자,봉고3ev PEACE,536,312.0,848.0,2023년도 전기자동차 김제시 모델별 보조금,2023,김제시
화물(소형),파워프라자,봉고3ev PEACE 더블캡,437,254.0,691.0,2023년도 전기자동차 김제시 모델별 보조금,2023,김제시
화물(소형),현대자동차,포터Ⅱ 일렉트릭(23MY),1200,700.0,1900.0,2023년도 전기자동차 김제시 모델별 보조금,2023,김제시
화물(소형),현대자동차,포터Ⅱ 일렉트릭(24MY),1200,700.0,1900.0,2023년도 전기자동차 김제시 모델별 보조금,2023,김제시
화물(소형),기아,봉고 전기차,1200,700.0,1900.0,2023년도 전기자동차 김제시 모델별 보조금,2023,김제시
화물(소형),기아,봉고 전기차 냉동탑차,1400,816.0,2216.0,2023년도 전기자동차 김제시 모델별 보조금,2023,김제시
화물(소형),기아,봉고 전기차 저상형 냉동탑차,1400,816.0,2216.0,2023년도 전기자동차 김제시 모델별 보조금,2023,김제시
화물(소형),일진정공,일진무시동전기냉동탑차(149.9km),1053,614.0,1667.0,2023년도 전기자동차 김제시 모델별 보조금,2023,김제시
화물(소형),일진정공,일진무시동전기냉동탑차(186.1km),1321,770.0,2091.0,2023년도 전기자동차 김제시 모델별 보조금,2023,김제시
화물(소형),일진정공,일진무시동전기냉동탑차(봉고),1460,851.0,2311.0,2023년도 전기자동차 김제시 모델별 보조금,2023,김제시
화물(소형),일진정공,일진무시동전기냉동탑차(포터),1444,842.0,2286.0,2023년도 전기자동차 김제시 모델별 보조금,2023,김제시
화물(소형),루트17,다니고밴,784,457.0,1241.0,2023년도 전기자동차 김제시 모델별 보조금,2023,김제시
화물(소형),루트17,다니고C(0.8톤 전기트럭),1112,648.0,1760.0,2023년도 전기자동차 김제시 모델별 보조금,2023,김제시
화물(소형),루트17,다니고C2(0.8톤 전기트럭),909,530.0,1439.0,2023년도 전기자동차 김제시 모델별 보조금,2023,김제시
화물(소형),루트17,다니고R(전기냉동탑차),1313,765.0,2078.0,2023년도 전기자동차 김제시 모델별 보조금,2023,김제시
화물(소형),루트17,다니고R2(무시동 전기냉동탑차),1212,707.0,1919.0,2023년도 전기자동차 김제시 모델별 보조금,2023,김제시
화물(소형),한신자동차,플러스2.0,648,378.0,1026.0,2023년도 전기자동차 김제시 모델별 보조금,2023,김제시
화물(소형),비바모빌리티,(단종)비바,932,543.0,1475.0,2023년도 전기자동차 김제시 모델별 보조금,2023,김제시
화물(소형),비바모빌리티,(단종)브라보,802,467.0,1269.0,2023년도 전기자동차 김제시 모델별 보조금,2023,김제시
화물(소형),이브이케이엠씨,(단종)MASADA 2밴,1124,655.0,1779.0,2023년도 전기자동차 김제시 모델별 보조금,2023,김제시
화물(소형),이브이케이엠씨,(단종)MASADA 4밴,1025,597.0,1622.0,2023년도 전기자동차 김제시 모델별 보조금,2023,김제시
화물(소형),이브이케이엠씨,MASADA 픽업,1078,628.0,1706.0,2023년도 전기자동차 김제시 모델별 보조금,2023,김제시
화물(소형),이브이케이엠씨,MASADA 3세대 2밴,1124,655.0,1779.0,2023년도 전기자동차 김제시 모델별 보조금,2023,김제시
화물(소형),이브이케이엠씨,MASADA 3세대 4밴,1025,597.0,1622.0,2023년도 전기자동차 김제시 모델별 보조금,2023,김제시
화물(소형),이브이케이엠씨,MASADA 2밴,1200,700.0,1900.0,2023년도 전기자동차 김제시 모델별 보조금,2023,김제시
화물(소형),이브이케이엠씨,MASADA 4밴,1200,700.0,1900.0,2023년도 전기자동차 김제시 모델별 보조금,2023,김제시
화물(소형),경인모터스,경인1톤전기냉동탑차,1151,671.0,1822.0,2023년도 전기자동차 김제시 모델별 보조금,2023,김제시
화물(소형),제이스모빌리티,(단종)이티밴,1200,700.0,1900.0,2023년도 전기자동차 김제시 모델별 보조금,2023,김제시
화물(소형),제이스모빌리티,이티밴,1200,700.0,1900.0,2023년도 전기자동차 김제시 모델별 보조금,2023,김제시
화물(소형),제이스모빌리티,이티4밴,1180,688.0,1868.0,2023년도 전기자동차 김제시 모델별 보조금,2023,김제시
화물(소형),오텍,오텍 무시동 전기 냉동탑차(봉고),1253,730.0,1983.0,2023년도 전기자동차 김제시 모델별 보조금,2023,김제시
화물(소형),이엔플러스,이엔1톤롱바디카고,959,559.0,1518.0,2023년도 전기자동차 김제시 모델별 보조금,2023,김제시
화물(소형),이엔플러스,이엔플러스EV1톤롱바디트럭,1009,588.0,1597.0,2023년도 전기자동차 김제시 모델별 보조금,2023,김제시
화물(소형),GS글로벌,T4K,1200,700.0,1900.0,2023년도 전기자동차 김제시 모델별 보조금,2023,김제시
화물(소형),에스에스라이트,젤라,986,575.0,1561.0,2023년도 전기자동차 김제시 모델별 보조금,2023,김제시
화물(소형),에스에스라이트,젤라 P200,1177,686.0,1863.0,2023년도 전기자동차 김제시 모델별 보조금,2023,김제시
화물(소형),한국쓰리축,한국쓰리축1톤롱바디EV트럭(봉고),943,550.0,1493.0,2023년도 전기자동차 김제시 모델별 보조금,2023,김제시
화물(소형),한국쓰리축,한국쓰리축1톤롱바디EV트럭(포터),963,561.0,1524.0,2023년도 전기자동차 김제시 모델별 보조금,2023,김제시
화물(소형),모빌리티네트웍스,SE-A2밴,1200,700.0,1900.0,2023년도 전기자동차 김제시 모델별 보조금,2023,김제시
화물(초소형),스마트솔루션즈,D2C,550,250.0,800.0,2023년도 전기자동차 완주군 모델별 보조금,2023,완주군
화물(초소형),스마트솔루션즈,D2P,550,250.0,800.0,2023년도 전기자동차 완주군 모델별 보조금,2023,완주군
화물(초소형),루트17,다니고3,550,250.0,800.0,2023년도 전기자동차 완주군 모델별 보조금,2023,완주군
화물(초소형),루트17,다니고3 픽업,550,250.0,800.0,2023년도 전기자동차 완주군 모델별 보조금,2023,완주군
화물(초소형),마스타전기차,MASTA VAN,550,250.0,800.0,2023년도 전기자동차 완주군 모델별 보조금,2023,완주군
화물(초소형),마스타전기차,MASTA HIM,550,250.0,800.0,2023년도 전기자동차 완주군 모델별 보조금,2023,완주군
화물(초소형),디피코,포트로-탑,550,250.0,800.0,2023년도 전기자동차 완주군 모델별 보조금,2023,완주군
화물(초소형),디피코,포트로-픽업,550,250.0,800.0,2023년도 전기자동차 완주군 모델별 보조금,2023,완주군
화물(초소형),디피코,포트로-탑S,550,250.0,800.0,2023년도 전기자동차 완주군 모델별 보조금,2023,완주군
화물(초소형),디피코,포트로-픽업S,550,250.0,800.0,2023년도 전기자동차 완주군 모델별 보조금,2023,완주군
화물(초소형),진우에스엠씨,포텐스,550,250.0,800.0,2023년도 전기자동차 완주군 모델별 보조금,2023,완주군
화물(경형),파워프라자,라보ev PEACE,900,500.0,1400.0,2023년도 전기자동차 완주군 모델별 보조금,2023,완주군
화물(경형),디피코,포트로350L-탑,900,500.0,1400.0,2023년도 전기자동차 완주군 모델별 보조금,2023,완주군
화물(경형),디피코,포트로350L-픽업,900,0.0,900.0,2023년도 전기자동차 완주군 모델별 보조금,2023,완주군
화물(소형),제인모터스,제인모터스칼마토EV1톤내장탑차,498,290.0,788.0,2023년도 전기자동차 완주군 모델별 보조금,2023,완주군
화물(소형),파워프라자,봉고3ev PEACE,536,312.0,848.0,2023년도 전기자동차 완주군 모델별 보조금,2023,완주군
화물(소형),파워프라자,봉고3ev PEACE 더블캡,437,254.0,691.0,2023년도 전기자동차 완주군 모델별 보조금,2023,완주군
화물(소형),현대자동차,포터Ⅱ 일렉트릭(23MY),1200,700.0,1900.0,2023년도 전기자동차 완주군 모델별 보조금,2023,완주군
화물(소형),현대자동차,포터Ⅱ 일렉트릭(24MY),1200,700.0,1900.0,2023년도 전기자동차 완주군 모델별 보조금,2023,완주군
화물(소형),기아,봉고 전기차,1200,700.0,1900.0,2023년도 전기자동차 완주군 모델별 보조금,2023,완주군
화물(소형),기아,봉고 전기차 냉동탑차,1400,816.0,2216.0,2023년도 전기자동차 완주군 모델별 보조금,2023,완주군
화물(소형),기아,봉고 전기차 저상형 냉동탑차,1400,816.0,2216.0,2023년도 전기자동차 완주군 모델별 보조금,2023,완주군
화물(소형),일진정공,일진무시동전기냉동탑차(149.9km),1053,614.0,1667.0,2023년도 전기자동차 완주군 모델별 보조금,2023,완주군
화물(소형),일진정공,일진무시동전기냉동탑차(186.1km),1321,770.0,2091.0,2023년도 전기자동차 완주군 모델별 보조금,2023,완주군
화물(소형),일진정공,일진무시동전기냉동탑차(봉고),1460,851.0,2311.0,2023년도 전기자동차 완주군 모델별 보조금,2023,완주군
화물(소형),일진정공,일진무시동전기냉동탑차(포터),1444,842.0,2286.0,2023년도 전기자동차 완주군 모델별 보조금,2023,완주군
화물(소형),루트17,다니고밴,784,457.0,1241.0,2023년도 전기자동차 완주군 모델별 보조금,2023,완주군
화물(소형),루트17,다니고C(0.8톤 전기트럭),1112,648.0,1760.0,2023년도 전기자동차 완주군 모델별 보조금,2023,완주군
화물(소형),루트17,다니고C2(0.8톤 전기트럭),909,530.0,1439.0,2023년도 전기자동차 완주군 모델별 보조금,2023,완주군
화물(소형),루트17,다니고R(전기냉동탑차),1313,765.0,2078.0,2023년도 전기자동차 완주군 모델별 보조금,2023,완주군
화물(소형),루트17,다니고R2(무시동 전기냉동탑차),1212,707.0,1919.0,2023년도 전기자동차 완주군 모델별 보조금,2023,완주군
화물(소형),한신자동차,플러스2.0,648,378.0,1026.0,2023년도 전기자동차 완주군 모델별 보조금,2023,완주군
화물(소형),비바모빌리티,(단종)비바,932,543.0,1475.0,2023년도 전기자동차 완주군 모델별 보조금,2023,완주군
화물(소형),비바모빌리티,(단종)브라보,802,467.0,1269.0,2023년도 전기자동차 완주군 모델별 보조금,2023,완주군
화물(소형),이브이케이엠씨,(단종)MASADA 2밴,1124,655.0,1779.0,2023년도 전기자동차 완주군 모델별 보조금,2023,완주군
화물(소형),이브이케이엠씨,(단종)MASADA 4밴,1025,597.0,1622.0,2023년도 전기자동차 완주군 모델별 보조금,2023,완주군
화물(소형),이브이케이엠씨,MASADA 픽업,1078,628.0,1706.0,2023년도 전기자동차 완주군 모델별 보조금,2023,완주군
화물(소형),이브이케이엠씨,MASADA 3세대 2밴,1124,655.0,1779.0,2023년도 전기자동차 완주군 모델별 보조금,2023,완주군
화물(소형),이브이케이엠씨,MASADA 3세대 4밴,1025,597.0,1622.0,2023년도 전기자동차 완주군 모델별 보조금,2023,완주군
화물(소형),이브이케이엠씨,MASADA 2밴,1200,700.0,1900.0,2023년도 전기자동차 완주군 모델별 보조금,2023,완주군
화물(소형),경인모터스,경인1톤전기냉동탑차,1151,671.0,1822.0,2023년도 전기자동차 완주군 모델별 보조금,2023,완주군
화물(소형),제이스모빌리티,(단종)이티밴,1200,700.0,1900.0,2023년도 전기자동차 완주군 모델별 보조금,2023,완주군
화물(소형),제이스모빌리티,이티밴,1200,700.0,1900.0,2023년도 전기자동차 완주군 모델별 보조금,2023,완주군
화물(소형),제이스모빌리티,이티4밴,1180,688.0,1868.0,2023년도 전기자동차 완주군 모델별 보조금,2023,완주군
화물(소형),오텍,오텍 무시동 전기 냉동탑차(봉고),1253,730.0,1983.0,2023년도 전기자동차 완주군 모델별 보조금,2023,완주군
화물(소형),이엔플러스,이엔1톤롱바디카고,959,559.0,1518.0,2023년도 전기자동차 완주군 모델별 보조금,2023,완주군
화물(소형),이엔플러스,이엔플러스EV1톤롱바디트럭,1009,588.0,1597.0,2023년도 전기자동차 완주군 모델별 보조금,2023,완주군
화물(소형),GS글로벌,T4K,1200,700.0,1900.0,2023년도 전기자동차 완주군 모델별 보조금,2023,완주군
화물(소형),에스에스라이트,젤라,986,575.0,1561.0,2023년도 전기자동차 완주군 모델별 보조금,2023,완주군
화물(소형),에스에스라이트,젤라 P200,1177,686.0,1863.0,2023년도 전기자동차 완주군 모델별 보조금,2023,완주군
화물(소형),한국쓰리축,한국쓰리축1톤롱바디EV트럭(봉고),943,550.0,1493.0,2023년도 전기자동차 완주군 모델별 보조금,2023,완주군
화물(소형),한국쓰리축,한국쓰리축1톤롱바디EV트럭(포터),963,0.0,963.0,2023년도 전기자동차 완주군 모델별 보조금,2023,완주군
화물(소형),모빌리티네트웍스,SE-A2밴,1200,0.0,1200.0,2023년도 전기자동차 완주군 모델별 보조금,2023,완주군
화물(초소형),스마트솔루션즈,D2C,550,250.0,800.0,2023년도 전기자동차 진안군 모델별 보조금,2023,진안군
화물(초소형),스마트솔루션즈,D2P,550,250.0,800.0,2023년도 전기자동차 진안군 모델별 보조금,2023,진안군
화물(초소형),루트17,다니고3,550,250.0,800.0,2023년도 전기자동차 진안군 모델별 보조금,2023,진안군
화물(초소형),루트17,다니고3 픽업,550,250.0,800.0,2023년도 전기자동차 진안군 모델별 보조금,2023,진안군
화물(초소형),마스타전기차,MASTA VAN,550,250.0,800.0,2023년도 전기자동차 진안군 모델별 보조금,2023,진안군
화물(초소형),마스타전기차,MASTA HIM,550,250.0,800.0,2023년도 전기자동차 진안군 모델별 보조금,2023,진안군
화물(초소형),디피코,포트로-탑,550,250.0,800.0,2023년도 전기자동차 진안군 모델별 보조금,2023,진안군
화물(초소형),디피코,포트로-픽업,550,250.0,800.0,2023년도 전기자동차 진안군 모델별 보조금,2023,진안군
화물(초소형),디피코,포트로-탑S,550,250.0,800.0,2023년도 전기자동차 진안군 모델별 보조금,2023,진안군
화물(초소형),디피코,포트로-픽업S,550,250.0,800.0,2023년도 전기자동차 진안군 모델별 보조금,2023,진안군
화물(초소형),진우에스엠씨,포텐스,550,250.0,800.0,2023년도 전기자동차 진안군 모델별 보조금,2023,진안군
화물(경형),파워프라자,라보ev PEACE,900,500.0,1400.0,2023년도 전기자동차 진안군 모델별 보조금,2023,진안군
화물(경형),디피코,포트로350L-탑,900,500.0,1400.0,2023년도 전기자동차 진안군 모델별 보조금,2023,진안군
화물(경형),디피코,포트로350L-픽업,900,0.0,900.0,2023년도 전기자동차 진안군 모델별 보조금,2023,진안군
화물(소형),제인모터스,제인모터스칼마토EV1톤내장탑차,498,290.0,788.0,2023년도 전기자동차 진안군 모델별 보조금,2023,진안군
화물(소형),파워프라자,봉고3ev PEACE,536,312.0,848.0,2023년도 전기자동차 진안군 모델별 보조금,2023,진안군
화물(소형),파워프라자,봉고3ev PEACE 더블캡,437,254.0,691.0,2023년도 전기자동차 진안군 모델별 보조금,2023,진안군
화물(소형),현대자동차,포터Ⅱ 일렉트릭(24MY),1200,700.0,1900.0,2023년도 전기자동차 진안군 모델별 보조금,2023,진안군
화물(소형),기아,봉고 전기차,1200,700.0,1900.0,2023년도 전기자동차 진안군 모델별 보조금,2023,진안군
화물(소형),기아,봉고 전기차 냉동탑차,1400,700.0,2100.0,2023년도 전기자동차 진안군 모델별 보조금,2023,진안군
화물(소형),기아,봉고 전기차 저상형 냉동탑차,1400,700.0,2100.0,2023년도 전기자동차 진안군 모델별 보조금,2023,진안군
화물(소형),일진정공,일진무시동전기냉동탑차(149.9km),1053,614.0,1667.0,2023년도 전기자동차 진안군 모델별 보조금,2023,진안군
화물(소형),일진정공,일진무시동전기냉동탑차(186.1km),1321,700.0,2021.0,2023년도 전기자동차 진안군 모델별 보조금,2023,진안군
화물(소형),일진정공,일진무시동전기냉동탑차(봉고),1460,700.0,2160.0,2023년도 전기자동차 진안군 모델별 보조금,2023,진안군
화물(소형),일진정공,일진무시동전기냉동탑차(포터),1444,700.0,2144.0,2023년도 전기자동차 진안군 모델별 보조금,2023,진안군
화물(소형),루트17,다니고밴,784,457.0,1241.0,2023년도 전기자동차 진안군 모델별 보조금,2023,진안군
화물(소형),루트17,다니고C(0.8톤 전기트럭),1112,648.0,1760.0,2023년도 전기자동차 진안군 모델별 보조금,2023,진안군
화물(소형),루트17,다니고C2(0.8톤 전기트럭),909,530.0,1439.0,2023년도 전기자동차 진안군 모델별 보조금,2023,진안군
화물(소형),루트17,다니고R(전기냉동탑차),1313,700.0,2013.0,2023년도 전기자동차 진안군 모델별 보조금,2023,진안군
화물(소형),루트17,다니고R2(무시동 전기냉동탑차),1212,700.0,1912.0,2023년도 전기자동차 진안군 모델별 보조금,2023,진안군
화물(소형),한신자동차,플러스2.0,648,378.0,1026.0,2023년도 전기자동차 진안군 모델별 보조금,2023,진안군
화물(소형),비바모빌리티,(단종)비바,932,543.0,1475.0,2023년도 전기자동차 진안군 모델별 보조금,2023,진안군
화물(소형),비바모빌리티,(단종)브라보,802,467.0,1269.0,2023년도 전기자동차 진안군 모델별 보조금,2023,진안군
화물(소형),이브이케이엠씨,(단종)MASADA 2밴,1124,655.0,1779.0,2023년도 전기자동차 진안군 모델별 보조금,2023,진안군
화물(소형),이브이케이엠씨,(단종)MASADA 4밴,1025,597.0,1622.0,2023년도 전기자동차 진안군 모델별 보조금,2023,진안군
화물(소형),이브이케이엠씨,MASADA 픽업,1078,628.0,1706.0,2023년도 전기자동차 진안군 모델별 보조금,2023,진안군
화물(소형),이브이케이엠씨,MASADA 3세대 2밴,1124,655.0,1779.0,2023년도 전기자동차 진안군 모델별 보조금,2023,진안군
화물(소형),이브이케이엠씨,MASADA 3세대 4밴,1025,597.0,1622.0,2023년도 전기자동차 진안군 모델별 보조금,2023,진안군
화물(소형),경인모터스,경인1톤전기냉동탑차,1151,671.0,1822.0,2023년도 전기자동차 진안군 모델별 보조금,2023,진안군
화물(소형),제이스모빌리티,(단종)이티밴,1200,700.0,1900.0,2023년도 전기자동차 진안군 모델별 보조금,2023,진안군
화물(소형),제이스모빌리티,이티4밴,1180,688.0,1868.0,2023년도 전기자동차 진안군 모델별 보조금,2023,진안군
화물(소형),오텍,오텍 무시동 전기 냉동탑차(봉고),1253,700.0,1953.0,2023년도 전기자동차 진안군 모델별 보조금,2023,진안군
화물(소형),이엔플러스,이엔1톤롱바디카고,959,559.0,1518.0,2023년도 전기자동차 진안군 모델별 보조금,2023,진안군
화물(소형),이엔플러스,이엔플러스EV1톤롱바디트럭,1009,588.0,1597.0,2023년도 전기자동차 진안군 모델별 보조금,2023,진안군
화물(소형),GS글로벌,T4K,1200,700.0,1900.0,2023년도 전기자동차 진안군 모델별 보조금,2023,진안군
화물(소형),에스에스라이트,젤라,986,575.0,1561.0,2023년도 전기자동차 진안군 모델별 보조금,2023,진안군
화물(소형),에스에스라이트,젤라 P200,1177,686.0,1863.0,2023년도 전기자동차 진안군 모델별 보조금,2023,진안군
화물(소형),한국쓰리축,한국쓰리축1톤롱바디EV트럭(봉고),943,561.0,1504.0,2023년도 전기자동차 진안군 모델별 보조금,2023,진안군
화물(소형),한국쓰리축,한국쓰리축1톤롱바디EV트럭(포터),963,0.0,963.0,2023년도 전기자동차 진안군 모델별 보조금,2023,진안군
화물(소형),모빌리티네트웍스,SE-A2밴,1200,700.0,1900.0,2023년도 전기자동차 진안군 모델별 보조금,2023,진안군
화물(초소형),스마트솔루션즈,D2C,550,250.0,800.0,2023년도 전기자동차 무주군 모델별 보조금,2023,무주군
화물(초소형),스마트솔루션즈,D2P,550,250.0,800.0,2023년도 전기자동차 무주군 모델별 보조금,2023,무주군
화물(초소형),루트17,다니고3,550,250.0,800.0,2023년도 전기자동차 무주군 모델별 보조금,2023,무주군
화물(초소형),루트17,다니고3 픽업,550,250.0,800.0,2023년도 전기자동차 무주군 모델별 보조금,2023,무주군
화물(초소형),마스타전기차,MASTA VAN,550,250.0,800.0,2023년도 전기자동차 무주군 모델별 보조금,2023,무주군
화물(초소형),마스타전기차,MASTA HIM,550,250.0,800.0,2023년도 전기자동차 무주군 모델별 보조금,2023,무주군
화물(초소형),디피코,포트로-탑,550,250.0,800.0,2023년도 전기자동차 무주군 모델별 보조금,2023,무주군
화물(초소형),디피코,포트로-픽업,550,250.0,800.0,2023년도 전기자동차 무주군 모델별 보조금,2023,무주군
화물(초소형),디피코,포트로-탑S,550,250.0,800.0,2023년도 전기자동차 무주군 모델별 보조금,2023,무주군
화물(초소형),디피코,포트로-픽업S,550,250.0,800.0,2023년도 전기자동차 무주군 모델별 보조금,2023,무주군
화물(초소형),진우에스엠씨,포텐스,550,250.0,800.0,2023년도 전기자동차 무주군 모델별 보조금,2023,무주군
화물(경형),파워프라자,라보ev PEACE,900,500.0,1400.0,2023년도 전기자동차 무주군 모델별 보조금,2023,무주군
화물(경형),디피코,포트로350L-탑,900,500.0,1400.0,2023년도 전기자동차 무주군 모델별 보조금,2023,무주군
화물(경형),디피코,포트로350L-픽업,900,500.0,1400.0,2023년도 전기자동차 무주군 모델별 보조금,2023,무주군
화물(소형),제인모터스,제인모터스칼마토EV1톤내장탑차,498,290.0,788.0,2023년도 전기자동차 무주군 모델별 보조금,2023,무주군
화물(소형),파워프라자,봉고3ev PEACE,536,312.0,848.0,2023년도 전기자동차 무주군 모델별 보조금,2023,무주군
화물(소형),파워프라자,봉고3ev PEACE 더블캡,437,254.0,691.0,2023년도 전기자동차 무주군 모델별 보조금,2023,무주군
화물(소형),현대자동차,포터Ⅱ 일렉트릭(24MY),1200,700.0,1900.0,2023년도 전기자동차 무주군 모델별 보조금,2023,무주군
화물(소형),기아,봉고 전기차,1200,700.0,1900.0,2023년도 전기자동차 무주군 모델별 보조금,2023,무주군
화물(소형),기아,봉고 전기차 냉동탑차,1400,816.0,2216.0,2023년도 전기자동차 무주군 모델별 보조금,2023,무주군
화물(소형),기아,봉고 전기차 저상형 냉동탑차,1400,816.0,2216.0,2023년도 전기자동차 무주군 모델별 보조금,2023,무주군
화물(소형),일진정공,일진무시동전기냉동탑차(149.9km),1053,614.0,1667.0,2023년도 전기자동차 무주군 모델별 보조금,2023,무주군
화물(소형),일진정공,일진무시동전기냉동탑차(186.1km),1321,770.0,2091.0,2023년도 전기자동차 무주군 모델별 보조금,2023,무주군
화물(소형),일진정공,일진무시동전기냉동탑차(봉고),1460,851.0,2311.0,2023년도 전기자동차 무주군 모델별 보조금,2023,무주군
화물(소형),일진정공,일진무시동전기냉동탑차(포터),1444,842.0,2286.0,2023년도 전기자동차 무주군 모델별 보조금,2023,무주군
화물(소형),루트17,다니고밴,784,457.0,1241.0,2023년도 전기자동차 무주군 모델별 보조금,2023,무주군
화물(소형),루트17,다니고C(0.8톤 전기트럭),1112,648.0,1760.0,2023년도 전기자동차 무주군 모델별 보조금,2023,무주군
화물(소형),루트17,다니고C2(0.8톤 전기트럭),909,530.0,1439.0,2023년도 전기자동차 무주군 모델별 보조금,2023,무주군
화물(소형),루트17,다니고R(전기냉동탑차),1313,765.0,2078.0,2023년도 전기자동차 무주군 모델별 보조금,2023,무주군
화물(소형),루트17,다니고R2(무시동 전기냉동탑차),1212,707.0,1919.0,2023년도 전기자동차 무주군 모델별 보조금,2023,무주군
화물(소형),한신자동차,플러스2.0,648,378.0,1026.0,2023년도 전기자동차 무주군 모델별 보조금,2023,무주군
화물(소형),비바모빌리티,(단종)비바,932,543.0,1475.0,2023년도 전기자동차 무주군 모델별 보조금,2023,무주군
화물(소형),비바모빌리티,(단종)브라보,802,467.0,1269.0,2023년도 전기자동차 무주군 모델별 보조금,2023,무주군
화물(소형),이브이케이엠씨,(단종)MASADA 2밴,1124,655.0,1779.0,2023년도 전기자동차 무주군 모델별 보조금,2023,무주군
화물(소형),이브이케이엠씨,(단종)MASADA 4밴,1025,597.0,1622.0,2023년도 전기자동차 무주군 모델별 보조금,2023,무주군
화물(소형),이브이케이엠씨,MASADA 픽업,1078,628.0,1706.0,2023년도 전기자동차 무주군 모델별 보조금,2023,무주군
화물(소형),이브이케이엠씨,MASADA 3세대 2밴,1124,655.0,1779.0,2023년도 전기자동차 무주군 모델별 보조금,2023,무주군
화물(소형),이브이케이엠씨,MASADA 3세대 4밴,1025,597.0,1622.0,2023년도 전기자동차 무주군 모델별 보조금,2023,무주군
화물(소형),경인모터스,경인1톤전기냉동탑차,1151,671.0,1822.0,2023년도 전기자동차 무주군 모델별 보조금,2023,무주군
화물(소형),제이스모빌리티,(단종)이티밴,1200,700.0,1900.0,2023년도 전기자동차 무주군 모델별 보조금,2023,무주군
화물(소형),제이스모빌리티,이티4밴,1180,688.0,1868.0,2023년도 전기자동차 무주군 모델별 보조금,2023,무주군
화물(소형),오텍,오텍 무시동 전기 냉동탑차(봉고),1253,730.0,1983.0,2023년도 전기자동차 무주군 모델별 보조금,2023,무주군
화물(소형),이엔플러스,이엔1톤롱바디카고,959,559.0,1518.0,2023년도 전기자동차 무주군 모델별 보조금,2023,무주군
화물(소형),이엔플러스,이엔플러스EV1톤롱바디트럭,1009,588.0,1597.0,2023년도 전기자동차 무주군 모델별 보조금,2023,무주군
화물(소형),GS글로벌,T4K,1200,700.0,1900.0,2023년도 전기자동차 무주군 모델별 보조금,2023,무주군
화물(소형),에스에스라이트,젤라,986,575.0,1561.0,2023년도 전기자동차 무주군 모델별 보조금,2023,무주군
화물(소형),에스에스라이트,젤라 P200,1177,686.0,1863.0,2023년도 전기자동차 무주군 모델별 보조금,2023,무주군
화물(소형),한국쓰리축,한국쓰리축1톤롱바디EV트럭(봉고),943,550.0,1493.0,2023년도 전기자동차 무주군 모델별 보조금,2023,무주군
화물(소형),한국쓰리축,한국쓰리축1톤롱바디EV트럭(포터),963,561.0,1524.0,2023년도 전기자동차 무주군 모델별 보조금,2023,무주군
화물(소형),모빌리티네트웍스,SE-A2밴,1200,700.0,1900.0,2023년도 전기자동차 무주군 모델별 보조금,2023,무주군
화물(초소형),스마트솔루션즈,D2C,550,250.0,800.0,2023년도 전기자동차 장수군 모델별 보조금,2023,장수군
화물(초소형),스마트솔루션즈,D2P,550,250.0,800.0,2023년도 전기자동차 장수군 모델별 보조금,2023,장수군
화물(초소형),루트17,다니고3,550,250.0,800.0,2023년도 전기자동차 장수군 모델별 보조금,2023,장수군
화물(초소형),루트17,다니고3 픽업,550,250.0,800.0,2023년도 전기자동차 장수군 모델별 보조금,2023,장수군
화물(초소형),마스타전기차,MASTA VAN,550,250.0,800.0,2023년도 전기자동차 장수군 모델별 보조금,2023,장수군
화물(초소형),마스타전기차,MASTA HIM,550,250.0,800.0,2023년도 전기자동차 장수군 모델별 보조금,2023,장수군
화물(초소형),디피코,포트로-탑,550,0.0,550.0,2023년도 전기자동차 장수군 모델별 보조금,2023,장수군
화물(초소형),디피코,포트로-픽업,550,0.0,550.0,2023년도 전기자동차 장수군 모델별 보조금,2023,장수군
화물(초소형),디피코,포트로-탑S,550,250.0,800.0,2023년도 전기자동차 장수군 모델별 보조금,2023,장수군
화물(초소형),디피코,포트로-픽업S,550,250.0,800.0,2023년도 전기자동차 장수군 모델별 보조금,2023,장수군
화물(초소형),진우에스엠씨,포텐스,550,250.0,800.0,2023년도 전기자동차 장수군 모델별 보조금,2023,장수군
화물(경형),파워프라자,라보ev PEACE,900,500.0,1400.0,2023년도 전기자동차 장수군 모델별 보조금,2023,장수군
화물(경형),디피코,포트로350L-탑,900,500.0,1400.0,2023년도 전기자동차 장수군 모델별 보조금,2023,장수군
화물(경형),디피코,포트로350L-픽업,900,500.0,1400.0,2023년도 전기자동차 장수군 모델별 보조금,2023,장수군
화물(소형),제인모터스,제인모터스칼마토EV1톤내장탑차,498,290.0,788.0,2023년도 전기자동차 장수군 모델별 보조금,2023,장수군
화물(소형),파워프라자,봉고3ev PEACE,536,312.0,848.0,2023년도 전기자동차 장수군 모델별 보조금,2023,장수군
화물(소형),파워프라자,봉고3ev PEACE 더블캡,437,254.0,691.0,2023년도 전기자동차 장수군 모델별 보조금,2023,장수군
화물(소형),현대자동차,포터Ⅱ 일렉트릭(24MY),1200,700.0,1900.0,2023년도 전기자동차 장수군 모델별 보조금,2023,장수군
화물(소형),기아,봉고 전기차,1200,700.0,1900.0,2023년도 전기자동차 장수군 모델별 보조금,2023,장수군
화물(소형),기아,봉고 전기차 냉동탑차,1400,816.0,2216.0,2023년도 전기자동차 장수군 모델별 보조금,2023,장수군
화물(소형),기아,봉고 전기차 저상형 냉동탑차,1400,816.0,2216.0,2023년도 전기자동차 장수군 모델별 보조금,2023,장수군
화물(소형),일진정공,일진무시동전기냉동탑차(149.9km),1053,614.0,1667.0,2023년도 전기자동차 장수군 모델별 보조금,2023,장수군
화물(소형),일진정공,일진무시동전기냉동탑차(186.1km),1321,770.0,2091.0,2023년도 전기자동차 장수군 모델별 보조금,2023,장수군
화물(소형),일진정공,일진무시동전기냉동탑차(봉고),1460,851.0,2311.0,2023년도 전기자동차 장수군 모델별 보조금,2023,장수군
화물(소형),일진정공,일진무시동전기냉동탑차(포터),1444,842.0,2286.0,2023년도 전기자동차 장수군 모델별 보조금,2023,장수군
화물(소형),루트17,다니고밴,784,457.0,1241.0,2023년도 전기자동차 장수군 모델별 보조금,2023,장수군
화물(소형),루트17,다니고C(0.8톤 전기트럭),1112,648.0,1760.0,2023년도 전기자동차 장수군 모델별 보조금,2023,장수군
화물(소형),루트17,다니고C2(0.8톤 전기트럭),909,530.0,1439.0,2023년도 전기자동차 장수군 모델별 보조금,2023,장수군
화물(소형),루트17,다니고R(전기냉동탑차),1313,700.0,2013.0,2023년도 전기자동차 장수군 모델별 보조금,2023,장수군
화물(소형),루트17,다니고R2(무시동 전기냉동탑차),1212,700.0,1912.0,2023년도 전기자동차 장수군 모델별 보조금,2023,장수군
화물(소형),한신자동차,플러스2.0,648,378.0,1026.0,2023년도 전기자동차 장수군 모델별 보조금,2023,장수군
화물(소형),비바모빌리티,(단종)비바,932,543.0,1475.0,2023년도 전기자동차 장수군 모델별 보조금,2023,장수군
화물(소형),비바모빌리티,(단종)브라보,802,467.0,1269.0,2023년도 전기자동차 장수군 모델별 보조금,2023,장수군
화물(소형),이브이케이엠씨,(단종)MASADA 2밴,1124,655.0,1779.0,2023년도 전기자동차 장수군 모델별 보조금,2023,장수군
화물(소형),이브이케이엠씨,(단종)MASADA 4밴,1025,597.0,1622.0,2023년도 전기자동차 장수군 모델별 보조금,2023,장수군
화물(소형),이브이케이엠씨,MASADA 픽업,1078,628.0,1706.0,2023년도 전기자동차 장수군 모델별 보조금,2023,장수군
화물(소형),이브이케이엠씨,MASADA 3세대 2밴,1124,655.0,1779.0,2023년도 전기자동차 장수군 모델별 보조금,2023,장수군
화물(소형),이브이케이엠씨,MASADA 3세대 4밴,1025,597.0,1622.0,2023년도 전기자동차 장수군 모델별 보조금,2023,장수군
화물(소형),이브이케이엠씨,MASADA 2밴,1200,700.0,1900.0,2023년도 전기자동차 장수군 모델별 보조금,2023,장수군
화물(소형),이브이케이엠씨,MASADA 4밴,1200,0.0,1200.0,2023년도 전기자동차 장수군 모델별 보조금,2023,장수군
화물(소형),이브이케이엠씨,EC35 2밴,850,495.0,1345.0,2023년도 전기자동차 장수군 모델별 보조금,2023,장수군
화물(소형),경인모터스,경인1톤전기냉동탑차,1151,671.0,1822.0,2023년도 전기자동차 장수군 모델별 보조금,2023,장수군
화물(소형),제이스모빌리티,(단종)이티밴,1200,700.0,1900.0,2023년도 전기자동차 장수군 모델별 보조금,2023,장수군
화물(소형),제이스모빌리티,이티4밴,1180,688.0,1868.0,2023년도 전기자동차 장수군 모델별 보조금,2023,장수군
화물(소형),오텍,오텍 무시동 전기 냉동탑차(봉고),1253,700.0,1953.0,2023년도 전기자동차 장수군 모델별 보조금,2023,장수군
화물(소형),이엔플러스,이엔1톤롱바디카고,959,559.0,1518.0,2023년도 전기자동차 장수군 모델별 보조금,2023,장수군
화물(소형),이엔플러스,이엔플러스EV1톤롱바디트럭,1009,588.0,1597.0,2023년도 전기자동차 장수군 모델별 보조금,2023,장수군
화물(소형),GS글로벌,T4K,1200,700.0,1900.0,2023년도 전기자동차 장수군 모델별 보조금,2023,장수군
화물(소형),에스에스라이트,젤라,986,575.0,1561.0,2023년도 전기자동차 장수군 모델별 보조금,2023,장수군
화물(소형),에스에스라이트,젤라 P200,1177,686.0,1863.0,2023년도 전기자동차 장수군 모델별 보조금,2023,장수군
화물(소형),한국쓰리축,한국쓰리축1톤롱바디EV트럭(봉고),943,550.0,1493.0,2023년도 전기자동차 장수군 모델별 보조금,2023,장수군
화물(소형),한국쓰리축,한국쓰리축1톤롱바디EV트럭(포터),963,561.0,1524.0,2023년도 전기자동차 장수군 모델별 보조금,2023,장수군
화물(소형),모빌리티네트웍스,SE-A2밴,1200,700.0,1900.0,2023년도 전기자동차 장수군 모델별 보조금,2023,장수군
화물(초소형),스마트솔루션즈,D2C,550,250.0,800.0,2023년도 전기자동차 임실군 모델별 보조금,2023,임실군
화물(초소형),스마트솔루션즈,D2P,550,250.0,800.0,2023년도 전기자동차 임실군 모델별 보조금,2023,임실군
화물(초소형),루트17,다니고3,550,250.0,800.0,2023년도 전기자동차 임실군 모델별 보조금,2023,임실군
화물(초소형),루트17,다니고3 픽업,550,250.0,800.0,2023년도 전기자동차 임실군 모델별 보조금,2023,임실군
화물(초소형),마스타전기차,MASTA VAN,550,250.0,800.0,2023년도 전기자동차 임실군 모델별 보조금,2023,임실군
화물(초소형),마스타전기차,MASTA HIM,550,250.0,800.0,2023년도 전기자동차 임실군 모델별 보조금,2023,임실군
화물(초소형),디피코,포트로-탑,550,0.0,550.0,2023년도 전기자동차 임실군 모델별 보조금,2023,임실군
화물(초소형),디피코,포트로-픽업,550,0.0,550.0,2023년도 전기자동차 임실군 모델별 보조금,2023,임실군
화물(초소형),디피코,포트로-탑S,550,250.0,800.0,2023년도 전기자동차 임실군 모델별 보조금,2023,임실군
화물(초소형),디피코,포트로-픽업S,550,250.0,800.0,2023년도 전기자동차 임실군 모델별 보조금,2023,임실군
화물(초소형),진우에스엠씨,포텐스,550,250.0,800.0,2023년도 전기자동차 임실군 모델별 보조금,2023,임실군
화물(경형),파워프라자,라보ev PEACE,900,500.0,1400.0,2023년도 전기자동차 임실군 모델별 보조금,2023,임실군
화물(경형),디피코,포트로350L-탑,900,500.0,1400.0,2023년도 전기자동차 임실군 모델별 보조금,2023,임실군
화물(경형),디피코,포트로350L-픽업,900,0.0,900.0,2023년도 전기자동차 임실군 모델별 보조금,2023,임실군
화물(소형),제인모터스,제인모터스칼마토EV1톤내장탑차,498,290.0,788.0,2023년도 전기자동차 임실군 모델별 보조금,2023,임실군
화물(소형),파워프라자,봉고3ev PEACE,536,312.0,848.0,2023년도 전기자동차 임실군 모델별 보조금,2023,임실군
화물(소형),파워프라자,봉고3ev PEACE 더블캡,437,254.0,691.0,2023년도 전기자동차 임실군 모델별 보조금,2023,임실군
화물(소형),현대자동차,포터Ⅱ 일렉트릭(24MY),1200,700.0,1900.0,2023년도 전기자동차 임실군 모델별 보조금,2023,임실군
화물(소형),기아,봉고 전기차,1200,700.0,1900.0,2023년도 전기자동차 임실군 모델별 보조금,2023,임실군
화물(소형),기아,봉고 전기차 냉동탑차,1400,816.0,2216.0,2023년도 전기자동차 임실군 모델별 보조금,2023,임실군
화물(소형),기아,봉고 전기차 저상형 냉동탑차,1400,816.0,2216.0,2023년도 전기자동차 임실군 모델별 보조금,2023,임실군
화물(소형),일진정공,일진무시동전기냉동탑차(149.9km),1053,614.0,1667.0,2023년도 전기자동차 임실군 모델별 보조금,2023,임실군
화물(소형),일진정공,일진무시동전기냉동탑차(186.1km),1321,700.0,2021.0,2023년도 전기자동차 임실군 모델별 보조금,2023,임실군
화물(소형),일진정공,일진무시동전기냉동탑차(봉고),1460,700.0,2160.0,2023년도 전기자동차 임실군 모델별 보조금,2023,임실군
화물(소형),일진정공,일진무시동전기냉동탑차(포터),1444,700.0,2144.0,2023년도 전기자동차 임실군 모델별 보조금,2023,임실군
화물(소형),루트17,다니고밴,784,457.0,1241.0,2023년도 전기자동차 임실군 모델별 보조금,2023,임실군
화물(소형),루트17,다니고C(0.8톤 전기트럭),1112,648.0,1760.0,2023년도 전기자동차 임실군 모델별 보조금,2023,임실군
화물(소형),루트17,다니고C2(0.8톤 전기트럭),909,530.0,1439.0,2023년도 전기자동차 임실군 모델별 보조금,2023,임실군
화물(소형),루트17,다니고R(전기냉동탑차),1313,700.0,2013.0,2023년도 전기자동차 임실군 모델별 보조금,2023,임실군
화물(소형),루트17,다니고R2(무시동 전기냉동탑차),1212,700.0,1912.0,2023년도 전기자동차 임실군 모델별 보조금,2023,임실군
화물(소형),한신자동차,플러스2.0,648,378.0,1026.0,2023년도 전기자동차 임실군 모델별 보조금,2023,임실군
화물(소형),비바모빌리티,(단종)비바,932,543.0,1475.0,2023년도 전기자동차 임실군 모델별 보조금,2023,임실군
화물(소형),비바모빌리티,(단종)브라보,802,467.0,1269.0,2023년도 전기자동차 임실군 모델별 보조금,2023,임실군
화물(소형),이브이케이엠씨,(단종)MASADA 2밴,1124,655.0,1779.0,2023년도 전기자동차 임실군 모델별 보조금,2023,임실군
화물(소형),이브이케이엠씨,(단종)MASADA 4밴,1025,597.0,1622.0,2023년도 전기자동차 임실군 모델별 보조금,2023,임실군
화물(소형),이브이케이엠씨,MASADA 픽업,1078,628.0,1706.0,2023년도 전기자동차 임실군 모델별 보조금,2023,임실군
화물(소형),이브이케이엠씨,MASADA 3세대 2밴,1124,655.0,1779.0,2023년도 전기자동차 임실군 모델별 보조금,2023,임실군
화물(소형),이브이케이엠씨,MASADA 3세대 4밴,1025,597.0,1622.0,2023년도 전기자동차 임실군 모델별 보조금,2023,임실군
화물(소형),이브이케이엠씨,MASADA 2밴,1200,0.0,1200.0,2023년도 전기자동차 임실군 모델별 보조금,2023,임실군
화물(소형),이브이케이엠씨,MASADA 4밴,1200,0.0,1200.0,2023년도 전기자동차 임실군 모델별 보조금,2023,임실군
화물(소형),경인모터스,경인1톤전기냉동탑차,1151,671.0,1822.0,2023년도 전기자동차 임실군 모델별 보조금,2023,임실군
화물(소형),제이스모빌리티,(단종)이티밴,1200,700.0,1900.0,2023년도 전기자동차 임실군 모델별 보조금,2023,임실군
화물(소형),제이스모빌리티,이티4밴,1180,688.0,1868.0,2023년도 전기자동차 임실군 모델별 보조금,2023,임실군
화물(소형),오텍,오텍 무시동 전기 냉동탑차(봉고),1253,700.0,1953.0,2023년도 전기자동차 임실군 모델별 보조금,2023,임실군
화물(소형),이엔플러스,이엔1톤롱바디카고,959,559.0,1518.0,2023년도 전기자동차 임실군 모델별 보조금,2023,임실군
화물(소형),이엔플러스,이엔플러스EV1톤롱바디트럭,1009,588.0,1597.0,2023년도 전기자동차 임실군 모델별 보조금,2023,임실군
화물(소형),GS글로벌,T4K,1200,700.0,1900.0,2023년도 전기자동차 임실군 모델별 보조금,2023,임실군
화물(소형),에스에스라이트,젤라,986,575.0,1561.0,2023년도 전기자동차 임실군 모델별 보조금,2023,임실군
화물(소형),에스에스라이트,젤라 P200,1177,686.0,1863.0,2023년도 전기자동차 임실군 모델별 보조금,2023,임실군
화물(소형),한국쓰리축,한국쓰리축1톤롱바디EV트럭(봉고),943,550.0,1493.0,2023년도 전기자동차 임실군 모델별 보조금,2023,임실군
화물(소형),한국쓰리축,한국쓰리축1톤롱바디EV트럭(포터),963,0.0,963.0,2023년도 전기자동차 임실군 모델별 보조금,2023,임실군
화물(소형),모빌리티네트웍스,SE-A2밴,1200,700.0,1900.0,2023년도 전기자동차 임실군 모델별 보조금,2023,임실군
화물(초소형),스마트솔루션즈,D2C,550,250.0,800.0,2023년도 전기자동차 순창군 모델별 보조금,2023,순창군
화물(초소형),스마트솔루션즈,D2P,550,250.0,800.0,2023년도 전기자동차 순창군 모델별 보조금,2023,순창군
화물(초소형),루트17,다니고3,550,250.0,800.0,2023년도 전기자동차 순창군 모델별 보조금,2023,순창군
화물(초소형),루트17,다니고3 픽업,550,250.0,800.0,2023년도 전기자동차 순창군 모델별 보조금,2023,순창군
화물(초소형),마스타전기차,MASTA VAN,550,250.0,800.0,2023년도 전기자동차 순창군 모델별 보조금,2023,순창군
화물(초소형),마스타전기차,MASTA HIM,550,250.0,800.0,2023년도 전기자동차 순창군 모델별 보조금,2023,순창군
화물(초소형),디피코,포트로-탑,550,250.0,800.0,2023년도 전기자동차 순창군 모델별 보조금,2023,순창군
화물(초소형),디피코,포트로-픽업,550,250.0,800.0,2023년도 전기자동차 순창군 모델별 보조금,2023,순창군
화물(초소형),디피코,포트로-탑S,550,250.0,800.0,2023년도 전기자동차 순창군 모델별 보조금,2023,순창군
화물(초소형),디피코,포트로-픽업S,550,250.0,800.0,2023년도 전기자동차 순창군 모델별 보조금,2023,순창군
화물(초소형),진우에스엠씨,포텐스,550,250.0,800.0,2023년도 전기자동차 순창군 모델별 보조금,2023,순창군
화물(경형),파워프라자,라보ev PEACE,900,500.0,1400.0,2023년도 전기자동차 순창군 모델별 보조금,2023,순창군
화물(경형),디피코,포트로350L-탑,900,500.0,1400.0,2023년도 전기자동차 순창군 모델별 보조금,2023,순창군
화물(경형),디피코,포트로350L-픽업,900,500.0,1400.0,2023년도 전기자동차 순창군 모델별 보조금,2023,순창군
화물(소형),제인모터스,제인모터스칼마토EV1톤내장탑차,498,290.0,788.0,2023년도 전기자동차 순창군 모델별 보조금,2023,순창군
화물(소형),파워프라자,봉고3ev PEACE,536,312.0,848.0,2023년도 전기자동차 순창군 모델별 보조금,2023,순창군
화물(소형),파워프라자,봉고3ev PEACE 더블캡,437,254.0,691.0,2023년도 전기자동차 순창군 모델별 보조금,2023,순창군
화물(소형),현대자동차,포터Ⅱ 일렉트릭(24MY),1200,700.0,1900.0,2023년도 전기자동차 순창군 모델별 보조금,2023,순창군
화물(소형),기아,봉고 전기차,1200,700.0,1900.0,2023년도 전기자동차 순창군 모델별 보조금,2023,순창군
화물(소형),기아,봉고 전기차 냉동탑차,1400,700.0,2100.0,2023년도 전기자동차 순창군 모델별 보조금,2023,순창군
화물(소형),기아,봉고 전기차 저상형 냉동탑차,1400,700.0,2100.0,2023년도 전기자동차 순창군 모델별 보조금,2023,순창군
화물(소형),일진정공,일진무시동전기냉동탑차(149.9km),1053,614.0,1667.0,2023년도 전기자동차 순창군 모델별 보조금,2023,순창군
화물(소형),일진정공,일진무시동전기냉동탑차(186.1km),1321,700.0,2021.0,2023년도 전기자동차 순창군 모델별 보조금,2023,순창군
화물(소형),일진정공,일진무시동전기냉동탑차(봉고),1460,700.0,2160.0,2023년도 전기자동차 순창군 모델별 보조금,2023,순창군
화물(소형),일진정공,일진무시동전기냉동탑차(포터),1444,700.0,2144.0,2023년도 전기자동차 순창군 모델별 보조금,2023,순창군
화물(소형),루트17,다니고밴,784,457.0,1241.0,2023년도 전기자동차 순창군 모델별 보조금,2023,순창군
화물(소형),루트17,다니고C(0.8톤 전기트럭),1112,648.0,1760.0,2023년도 전기자동차 순창군 모델별 보조금,2023,순창군
화물(소형),루트17,다니고C2(0.8톤 전기트럭),909,530.0,1439.0,2023년도 전기자동차 순창군 모델별 보조금,2023,순창군
화물(소형),루트17,다니고R(전기냉동탑차),1313,700.0,2013.0,2023년도 전기자동차 순창군 모델별 보조금,2023,순창군
화물(소형),루트17,다니고R2(무시동 전기냉동탑차),1212,700.0,1912.0,2023년도 전기자동차 순창군 모델별 보조금,2023,순창군
화물(소형),한신자동차,플러스2.0,648,378.0,1026.0,2023년도 전기자동차 순창군 모델별 보조금,2023,순창군
화물(소형),비바모빌리티,(단종)비바,932,543.0,1475.0,2023년도 전기자동차 순창군 모델별 보조금,2023,순창군
화물(소형),비바모빌리티,(단종)브라보,802,467.0,1269.0,2023년도 전기자동차 순창군 모델별 보조금,2023,순창군
화물(소형),이브이케이엠씨,(단종)MASADA 2밴,1124,655.0,1779.0,2023년도 전기자동차 순창군 모델별 보조금,2023,순창군
화물(소형),이브이케이엠씨,(단종)MASADA 4밴,1025,597.0,1622.0,2023년도 전기자동차 순창군 모델별 보조금,2023,순창군
화물(소형),이브이케이엠씨,MASADA 픽업,1078,628.0,1706.0,2023년도 전기자동차 순창군 모델별 보조금,2023,순창군
화물(소형),이브이케이엠씨,MASADA 3세대 2밴,1124,655.0,1779.0,2023년도 전기자동차 순창군 모델별 보조금,2023,순창군
화물(소형),이브이케이엠씨,MASADA 3세대 4밴,1025,597.0,1622.0,2023년도 전기자동차 순창군 모델별 보조금,2023,순창군
화물(소형),이브이케이엠씨,MASADA 2밴,1200,700.0,1900.0,2023년도 전기자동차 순창군 모델별 보조금,2023,순창군
화물(소형),이브이케이엠씨,MASADA 4밴,1200,700.0,1900.0,2023년도 전기자동차 순창군 모델별 보조금,2023,순창군
화물(소형),경인모터스,경인1톤전기냉동탑차,1151,671.0,1822.0,2023년도 전기자동차 순창군 모델별 보조금,2023,순창군
화물(소형),제이스모빌리티,(단종)이티밴,1200,700.0,1900.0,2023년도 전기자동차 순창군 모델별 보조금,2023,순창군
화물(소형),제이스모빌리티,이티4밴,1180,688.0,1868.0,2023년도 전기자동차 순창군 모델별 보조금,2023,순창군
화물(소형),오텍,오텍 무시동 전기 냉동탑차(봉고),1253,700.0,1953.0,2023년도 전기자동차 순창군 모델별 보조금,2023,순창군
화물(소형),이엔플러스,이엔1톤롱바디카고,959,559.0,1518.0,2023년도 전기자동차 순창군 모델별 보조금,2023,순창군
화물(소형),이엔플러스,이엔플러스EV1톤롱바디트럭,1009,588.0,1597.0,2023년도 전기자동차 순창군 모델별 보조금,2023,순창군
화물(소형),GS글로벌,T4K,1200,700.0,1900.0,2023년도 전기자동차 순창군 모델별 보조금,2023,순창군
화물(소형),에스에스라이트,젤라,986,575.0,1561.0,2023년도 전기자동차 순창군 모델별 보조금,2023,순창군
화물(소형),에스에스라이트,젤라 P200,1177,686.0,1863.0,2023년도 전기자동차 순창군 모델별 보조금,2023,순창군
화물(소형),한국쓰리축,한국쓰리축1톤롱바디EV트럭(봉고),943,550.0,1493.0,2023년도 전기자동차 순창군 모델별 보조금,2023,순창군
화물(소형),한국쓰리축,한국쓰리축1톤롱바디EV트럭(포터),963,561.0,1524.0,2023년도 전기자동차 순창군 모델별 보조금,2023,순창군
화물(소형),모빌리티네트웍스,SE-A2밴,1200,700.0,1900.0,2023년도 전기자동차 순창군 모델별 보조금,2023,순창군
화물(초소형),스마트솔루션즈,D2C,550,250.0,800.0,2023년도 전기자동차 고창군 모델별 보조금,2023,고창군
화물(초소형),스마트솔루션즈,D2P,550,250.0,800.0,2023년도 전기자동차 고창군 모델별 보조금,2023,고창군
화물(초소형),루트17,다니고3,550,250.0,800.0,2023년도 전기자동차 고창군 모델별 보조금,2023,고창군
화물(초소형),루트17,다니고3 픽업,550,250.0,800.0,2023년도 전기자동차 고창군 모델별 보조금,2023,고창군
화물(초소형),마스타전기차,MASTA VAN,550,250.0,800.0,2023년도 전기자동차 고창군 모델별 보조금,2023,고창군
화물(초소형),마스타전기차,MASTA HIM,550,250.0,800.0,2023년도 전기자동차 고창군 모델별 보조금,2023,고창군
화물(초소형),디피코,포트로-탑,550,250.0,800.0,2023년도 전기자동차 고창군 모델별 보조금,2023,고창군
화물(초소형),디피코,포트로-픽업,550,250.0,800.0,2023년도 전기자동차 고창군 모델별 보조금,2023,고창군
화물(초소형),디피코,포트로-탑S,550,250.0,800.0,2023년도 전기자동차 고창군 모델별 보조금,2023,고창군
화물(초소형),디피코,포트로-픽업S,550,250.0,800.0,2023년도 전기자동차 고창군 모델별 보조금,2023,고창군
화물(초소형),진우에스엠씨,포텐스,550,250.0,800.0,2023년도 전기자동차 고창군 모델별 보조금,2023,고창군
화물(경형),파워프라자,라보ev PEACE,900,500.0,1400.0,2023년도 전기자동차 고창군 모델별 보조금,2023,고창군
화물(경형),디피코,포트로350L-탑,900,500.0,1400.0,2023년도 전기자동차 고창군 모델별 보조금,2023,고창군
화물(경형),디피코,포트로350L-픽업,900,500.0,1400.0,2023년도 전기자동차 고창군 모델별 보조금,2023,고창군
화물(소형),제인모터스,제인모터스칼마토EV1톤내장탑차,498,290.0,788.0,2023년도 전기자동차 고창군 모델별 보조금,2023,고창군
화물(소형),파워프라자,봉고3ev PEACE,536,312.0,848.0,2023년도 전기자동차 고창군 모델별 보조금,2023,고창군
화물(소형),파워프라자,봉고3ev PEACE 더블캡,437,254.0,691.0,2023년도 전기자동차 고창군 모델별 보조금,2023,고창군
화물(소형),현대자동차,포터Ⅱ 일렉트릭(24MY),1200,700.0,1900.0,2023년도 전기자동차 고창군 모델별 보조금,2023,고창군
화물(소형),기아,봉고 전기차,1200,700.0,1900.0,2023년도 전기자동차 고창군 모델별 보조금,2023,고창군
화물(소형),기아,봉고 전기차 냉동탑차,1400,816.0,2216.0,2023년도 전기자동차 고창군 모델별 보조금,2023,고창군
화물(소형),기아,봉고 전기차 저상형 냉동탑차,1400,816.0,2216.0,2023년도 전기자동차 고창군 모델별 보조금,2023,고창군
화물(소형),일진정공,일진무시동전기냉동탑차(149.9km),1053,614.0,1667.0,2023년도 전기자동차 고창군 모델별 보조금,2023,고창군
화물(소형),일진정공,일진무시동전기냉동탑차(186.1km),1321,770.0,2091.0,2023년도 전기자동차 고창군 모델별 보조금,2023,고창군
화물(소형),일진정공,일진무시동전기냉동탑차(봉고),1460,851.0,2311.0,2023년도 전기자동차 고창군 모델별 보조금,2023,고창군
화물(소형),일진정공,일진무시동전기냉동탑차(포터),1444,842.0,2286.0,2023년도 전기자동차 고창군 모델별 보조금,2023,고창군
화물(소형),루트17,다니고밴,784,457.0,1241.0,2023년도 전기자동차 고창군 모델별 보조금,2023,고창군
화물(소형),루트17,다니고C(0.8톤 전기트럭),1112,648.0,1760.0,2023년도 전기자동차 고창군 모델별 보조금,2023,고창군
화물(소형),루트17,다니고C2(0.8톤 전기트럭),909,530.0,1439.0,2023년도 전기자동차 고창군 모델별 보조금,2023,고창군
화물(소형),루트17,다니고R(전기냉동탑차),1313,765.0,2078.0,2023년도 전기자동차 고창군 모델별 보조금,2023,고창군
화물(소형),루트17,다니고R2(무시동 전기냉동탑차),1212,707.0,1919.0,2023년도 전기자동차 고창군 모델별 보조금,2023,고창군
화물(소형),한신자동차,플러스2.0,648,378.0,1026.0,2023년도 전기자동차 고창군 모델별 보조금,2023,고창군
화물(소형),비바모빌리티,(단종)비바,932,543.0,1475.0,2023년도 전기자동차 고창군 모델별 보조금,2023,고창군
화물(소형),비바모빌리티,(단종)브라보,802,467.0,1269.0,2023년도 전기자동차 고창군 모델별 보조금,2023,고창군
화물(소형),이브이케이엠씨,(단종)MASADA 2밴,1124,655.0,1779.0,2023년도 전기자동차 고창군 모델별 보조금,2023,고창군
화물(소형),이브이케이엠씨,(단종)MASADA 4밴,1025,597.0,1622.0,2023년도 전기자동차 고창군 모델별 보조금,2023,고창군
화물(소형),이브이케이엠씨,MASADA 픽업,1078,628.0,1706.0,2023년도 전기자동차 고창군 모델별 보조금,2023,고창군
화물(소형),이브이케이엠씨,MASADA 3세대 2밴,1124,655.0,1779.0,2023년도 전기자동차 고창군 모델별 보조금,2023,고창군
화물(소형),이브이케이엠씨,MASADA 3세대 4밴,1025,597.0,1622.0,2023년도 전기자동차 고창군 모델별 보조금,2023,고창군
화물(소형),이브이케이엠씨,MASADA 2밴,1200,700.0,1900.0,2023년도 전기자동차 고창군 모델별 보조금,2023,고창군
화물(소형),경인모터스,경인1톤전기냉동탑차,1151,671.0,1822.0,2023년도 전기자동차 고창군 모델별 보조금,2023,고창군
화물(소형),제이스모빌리티,(단종)이티밴,1200,700.0,1900.0,2023년도 전기자동차 고창군 모델별 보조금,2023,고창군
화물(소형),제이스모빌리티,이티4밴,1180,688.0,1868.0,2023년도 전기자동차 고창군 모델별 보조금,2023,고창군
화물(소형),오텍,오텍 무시동 전기 냉동탑차(봉고),1253,730.0,1983.0,2023년도 전기자동차 고창군 모델별 보조금,2023,고창군
화물(소형),이엔플러스,이엔1톤롱바디카고,959,559.0,1518.0,2023년도 전기자동차 고창군 모델별 보조금,2023,고창군
화물(소형),이엔플러스,이엔플러스EV1톤롱바디트럭,1009,588.0,1597.0,2023년도 전기자동차 고창군 모델별 보조금,2023,고창군
화물(소형),GS글로벌,T4K,1200,700.0,1900.0,2023년도 전기자동차 고창군 모델별 보조금,2023,고창군
화물(소형),에스에스라이트,젤라,986,575.0,1561.0,2023년도 전기자동차 고창군 모델별 보조금,2023,고창군
화물(소형),에스에스라이트,젤라 P200,1177,686.0,1863.0,2023년도 전기자동차 고창군 모델별 보조금,2023,고창군
화물(소형),한국쓰리축,한국쓰리축1톤롱바디EV트럭(봉고),943,550.0,1493.0,2023년도 전기자동차 고창군 모델별 보조금,2023,고창군
화물(소형),한국쓰리축,한국쓰리축1톤롱바디EV트럭(포터),963,561.0,1524.0,2023년도 전기자동차 고창군 모델별 보조금,2023,고창군
화물(소형),모빌리티네트웍스,SE-A2밴,1200,700.0,1900.0,2023년도 전기자동차 고창군 모델별 보조금,2023,고창군
화물(초소형),스마트솔루션즈,D2C,550,250.0,800.0,2023년도 전기자동차 부안군 모델별 보조금,2023,부안군
화물(초소형),스마트솔루션즈,D2P,550,250.0,800.0,2023년도 전기자동차 부안군 모델별 보조금,2023,부안군
화물(초소형),루트17,다니고3,550,250.0,800.0,2023년도 전기자동차 부안군 모델별 보조금,2023,부안군
화물(초소형),루트17,다니고3 픽업,550,250.0,800.0,2023년도 전기자동차 부안군 모델별 보조금,2023,부안군
화물(초소형),마스타전기차,MASTA VAN,550,250.0,800.0,2023년도 전기자동차 부안군 모델별 보조금,2023,부안군
화물(초소형),마스타전기차,MASTA HIM,550,250.0,800.0,2023년도 전기자동차 부안군 모델별 보조금,2023,부안군
화물(초소형),디피코,포트로-탑,550,0.0,550.0,2023년도 전기자동차 부안군 모델별 보조금,2023,부안군
화물(초소형),디피코,포트로-픽업,550,0.0,550.0,2023년도 전기자동차 부안군 모델별 보조금,2023,부안군
화물(초소형),디피코,포트로-탑S,550,250.0,800.0,2023년도 전기자동차 부안군 모델별 보조금,2023,부안군
화물(초소형),디피코,포트로-픽업S,550,250.0,800.0,2023년도 전기자동차 부안군 모델별 보조금,2023,부안군
화물(초소형),진우에스엠씨,포텐스,550,250.0,800.0,2023년도 전기자동차 부안군 모델별 보조금,2023,부안군
화물(경형),파워프라자,라보ev PEACE,900,500.0,1400.0,2023년도 전기자동차 부안군 모델별 보조금,2023,부안군
화물(경형),디피코,포트로350L-탑,900,0.0,900.0,2023년도 전기자동차 부안군 모델별 보조금,2023,부안군
화물(경형),디피코,포트로350L-픽업,900,0.0,900.0,2023년도 전기자동차 부안군 모델별 보조금,2023,부안군
화물(소형),제인모터스,제인모터스칼마토EV1톤내장탑차,498,290.0,788.0,2023년도 전기자동차 부안군 모델별 보조금,2023,부안군
화물(소형),파워프라자,봉고3ev PEACE,536,312.0,848.0,2023년도 전기자동차 부안군 모델별 보조금,2023,부안군
화물(소형),파워프라자,봉고3ev PEACE 더블캡,437,254.0,691.0,2023년도 전기자동차 부안군 모델별 보조금,2023,부안군
화물(소형),현대자동차,포터Ⅱ 일렉트릭(24MY),1200,700.0,1900.0,2023년도 전기자동차 부안군 모델별 보조금,2023,부안군
화물(소형),기아,봉고 전기차,1200,700.0,1900.0,2023년도 전기자동차 부안군 모델별 보조금,2023,부안군
화물(소형),기아,봉고 전기차 냉동탑차,1400,700.0,2100.0,2023년도 전기자동차 부안군 모델별 보조금,2023,부안군
화물(소형),기아,봉고 전기차 저상형 냉동탑차,1400,700.0,2100.0,2023년도 전기자동차 부안군 모델별 보조금,2023,부안군
화물(소형),일진정공,일진무시동전기냉동탑차(149.9km),1053,614.0,1667.0,2023년도 전기자동차 부안군 모델별 보조금,2023,부안군
화물(소형),일진정공,일진무시동전기냉동탑차(186.1km),1321,770.0,2091.0,2023년도 전기자동차 부안군 모델별 보조금,2023,부안군
화물(소형),일진정공,일진무시동전기냉동탑차(봉고),1460,851.0,2311.0,2023년도 전기자동차 부안군 모델별 보조금,2023,부안군
화물(소형),일진정공,일진무시동전기냉동탑차(포터),1444,842.0,2286.0,2023년도 전기자동차 부안군 모델별 보조금,2023,부안군
화물(소형),루트17,다니고밴,784,457.0,1241.0,2023년도 전기자동차 부안군 모델별 보조금,2023,부안군
화물(소형),루트17,다니고C(0.8톤 전기트럭),1112,648.0,1760.0,2023년도 전기자동차 부안군 모델별 보조금,2023,부안군
화물(소형),루트17,다니고C2(0.8톤 전기트럭),909,530.0,1439.0,2023년도 전기자동차 부안군 모델별 보조금,2023,부안군
화물(소형),루트17,다니고R(전기냉동탑차),1313,0.0,1313.0,2023년도 전기자동차 부안군 모델별 보조금,2023,부안군
화물(소형),루트17,다니고R2(무시동 전기냉동탑차),1212,0.0,1212.0,2023년도 전기자동차 부안군 모델별 보조금,2023,부안군
화물(소형),한신자동차,플러스2.0,648,378.0,1026.0,2023년도 전기자동차 부안군 모델별 보조금,2023,부안군
화물(소형),비바모빌리티,(단종)비바,932,543.0,1475.0,2023년도 전기자동차 부안군 모델별 보조금,2023,부안군
화물(소형),비바모빌리티,(단종)브라보,802,467.0,1269.0,2023년도 전기자동차 부안군 모델별 보조금,2023,부안군
화물(소형),이브이케이엠씨,(단종)MASADA 2밴,1124,655.0,1779.0,2023년도 전기자동차 부안군 모델별 보조금,2023,부안군
화물(소형),이브이케이엠씨,(단종)MASADA 4밴,1025,597.0,1622.0,2023년도 전기자동차 부안군 모델별 보조금,2023,부안군
화물(소형),이브이케이엠씨,MASADA 픽업,1078,628.0,1706.0,2023년도 전기자동차 부안군 모델별 보조금,2023,부안군
화물(소형),이브이케이엠씨,MASADA 3세대 2밴,1124,655.0,1779.0,2023년도 전기자동차 부안군 모델별 보조금,2023,부안군
화물(소형),이브이케이엠씨,MASADA 3세대 4밴,1025,597.0,1622.0,2023년도 전기자동차 부안군 모델별 보조금,2023,부안군
화물(소형),이브이케이엠씨,MASADA 2밴,1200,0.0,1200.0,2023년도 전기자동차 부안군 모델별 보조금,2023,부안군
화물(소형),이브이케이엠씨,MASADA 4밴,1200,0.0,1200.0,2023년도 전기자동차 부안군 모델별 보조금,2023,부안군
화물(소형),경인모터스,경인1톤전기냉동탑차,1151,671.0,1822.0,2023년도 전기자동차 부안군 모델별 보조금,2023,부안군
화물(소형),제이스모빌리티,(단종)이티밴,1200,700.0,1900.0,2023년도 전기자동차 부안군 모델별 보조금,2023,부안군
화물(소형),제이스모빌리티,이티4밴,1180,688.0,1868.0,2023년도 전기자동차 부안군 모델별 보조금,2023,부안군
화물(소형),오텍,오텍 무시동 전기 냉동탑차(봉고),1253,700.0,1953.0,2023년도 전기자동차 부안군 모델별 보조금,2023,부안군
화물(소형),이엔플러스,이엔1톤롱바디카고,959,559.0,1518.0,2023년도 전기자동차 부안군 모델별 보조금,2023,부안군
화물(소형),이엔플러스,이엔플러스EV1톤롱바디트럭,1009,588.0,1597.0,2023년도 전기자동차 부안군 모델별 보조금,2023,부안군
화물(소형),GS글로벌,T4K,1200,700.0,1900.0,2023년도 전기자동차 부안군 모델별 보조금,2023,부안군
화물(소형),에스에스라이트,젤라,986,575.0,1561.0,2023년도 전기자동차 부안군 모델별 보조금,2023,부안군
화물(소형),에스에스라이트,젤라 P200,1177,686.0,1863.0,2023년도 전기자동차 부안군 모델별 보조금,2023,부안군
화물(소형),한국쓰리축,한국쓰리축1톤롱바디EV트럭(봉고),943,0.0,943.0,2023년도 전기자동차 부안군 모델별 보조금,2023,부안군
화물(소형),한국쓰리축,한국쓰리축1톤롱바디EV트럭(포터),963,0.0,963.0,2023년도 전기자동차 부안군 모델별 보조금,2023,부안군
화물(소형),모빌리티네트웍스,SE-A2밴,1200,700.0,1900.0,2023년도 전기자동차 부안군 모델별 보조금,2023,부안군
화물(초소형),스마트솔루션즈,D2C,550,0.0,550.0,2023년도 전기자동차 목포시 모델별 보조금,2023,목포시
화물(초소형),스마트솔루션즈,D2P,550,0.0,550.0,2023년도 전기자동차 목포시 모델별 보조금,2023,목포시
화물(초소형),루트17,다니고3,550,0.0,550.0,2023년도 전기자동차 목포시 모델별 보조금,2023,목포시
화물(초소형),루트17,다니고3 픽업,550,0.0,550.0,2023년도 전기자동차 목포시 모델별 보조금,2023,목포시
화물(초소형),마스타전기차,MASTA VAN,550,0.0,550.0,2023년도 전기자동차 목포시 모델별 보조금,2023,목포시
화물(초소형),마스타전기차,MASTA HIM,550,0.0,550.0,2023년도 전기자동차 목포시 모델별 보조금,2023,목포시
화물(초소형),디피코,포트로-탑,550,0.0,550.0,2023년도 전기자동차 목포시 모델별 보조금,2023,목포시
화물(초소형),디피코,포트로-픽업,550,0.0,550.0,2023년도 전기자동차 목포시 모델별 보조금,2023,목포시
화물(초소형),디피코,포트로-탑S,550,0.0,550.0,2023년도 전기자동차 목포시 모델별 보조금,2023,목포시
화물(초소형),디피코,포트로-픽업S,550,0.0,550.0,2023년도 전기자동차 목포시 모델별 보조금,2023,목포시
화물(초소형),진우에스엠씨,포텐스,550,0.0,550.0,2023년도 전기자동차 목포시 모델별 보조금,2023,목포시
화물(경형),파워프라자,라보ev PEACE,900,0.0,900.0,2023년도 전기자동차 목포시 모델별 보조금,2023,목포시
화물(경형),디피코,포트로350L-탑,900,0.0,900.0,2023년도 전기자동차 목포시 모델별 보조금,2023,목포시
화물(경형),디피코,포트로350L-픽업,900,0.0,900.0,2023년도 전기자동차 목포시 모델별 보조금,2023,목포시
화물(소형),제인모터스,제인모터스칼마토EV1톤내장탑차,498,311.0,809.0,2023년도 전기자동차 목포시 모델별 보조금,2023,목포시
화물(소형),파워프라자,봉고3ev PEACE,536,335.0,871.0,2023년도 전기자동차 목포시 모델별 보조금,2023,목포시
화물(소형),파워프라자,봉고3ev PEACE 더블캡,437,273.0,710.0,2023년도 전기자동차 목포시 모델별 보조금,2023,목포시
화물(소형),현대자동차,포터Ⅱ 일렉트릭(23MY),1200,750.0,1950.0,2023년도 전기자동차 목포시 모델별 보조금,2023,목포시
화물(소형),현대자동차,포터Ⅱ 일렉트릭(24MY),1200,750.0,1950.0,2023년도 전기자동차 목포시 모델별 보조금,2023,목포시
화물(소형),기아,봉고 전기차,1200,750.0,1950.0,2023년도 전기자동차 목포시 모델별 보조금,2023,목포시
화물(소형),기아,봉고 전기차 냉동탑차,1400,750.0,2150.0,2023년도 전기자동차 목포시 모델별 보조금,2023,목포시
화물(소형),기아,봉고 전기차 저상형 냉동탑차,1400,750.0,2150.0,2023년도 전기자동차 목포시 모델별 보조금,2023,목포시
화물(소형),일진정공,일진무시동전기냉동탑차(149.9km),1053,658.0,1711.0,2023년도 전기자동차 목포시 모델별 보조금,2023,목포시
화물(소형),일진정공,일진무시동전기냉동탑차(186.1km),1321,750.0,2071.0,2023년도 전기자동차 목포시 모델별 보조금,2023,목포시
화물(소형),일진정공,일진무시동전기냉동탑차(봉고),1460,750.0,2210.0,2023년도 전기자동차 목포시 모델별 보조금,2023,목포시
화물(소형),일진정공,일진무시동전기냉동탑차(포터),1444,750.0,2194.0,2023년도 전기자동차 목포시 모델별 보조금,2023,목포시
화물(소형),루트17,다니고밴,784,490.0,1274.0,2023년도 전기자동차 목포시 모델별 보조금,2023,목포시
화물(소형),루트17,다니고C(0.8톤 전기트럭),1112,695.0,1807.0,2023년도 전기자동차 목포시 모델별 보조금,2023,목포시
화물(소형),루트17,다니고C2(0.8톤 전기트럭),909,568.0,1477.0,2023년도 전기자동차 목포시 모델별 보조금,2023,목포시
화물(소형),루트17,다니고R(전기냉동탑차),1313,0.0,1313.0,2023년도 전기자동차 목포시 모델별 보조금,2023,목포시
화물(소형),루트17,다니고R2(무시동 전기냉동탑차),1212,0.0,1212.0,2023년도 전기자동차 목포시 모델별 보조금,2023,목포시
화물(소형),한신자동차,플러스2.0,648,405.0,1053.0,2023년도 전기자동차 목포시 모델별 보조금,2023,목포시
화물(소형),비바모빌리티,(단종)비바,932,582.0,1514.0,2023년도 전기자동차 목포시 모델별 보조금,2023,목포시
화물(소형),비바모빌리티,(단종)브라보,802,501.0,1303.0,2023년도 전기자동차 목포시 모델별 보조금,2023,목포시
화물(소형),이브이케이엠씨,(단종)MASADA 2밴,1124,702.0,1826.0,2023년도 전기자동차 목포시 모델별 보조금,2023,목포시
화물(소형),이브이케이엠씨,(단종)MASADA 4밴,1025,640.0,1665.0,2023년도 전기자동차 목포시 모델별 보조금,2023,목포시
화물(소형),이브이케이엠씨,MASADA 픽업,1078,673.0,1751.0,2023년도 전기자동차 목포시 모델별 보조금,2023,목포시
화물(소형),이브이케이엠씨,MASADA 3세대 2밴,1124,702.0,1826.0,2023년도 전기자동차 목포시 모델별 보조금,2023,목포시
화물(소형),이브이케이엠씨,MASADA 3세대 4밴,1025,640.0,1665.0,2023년도 전기자동차 목포시 모델별 보조금,2023,목포시
화물(소형),이브이케이엠씨,MASADA 2밴,1200,750.0,1950.0,2023년도 전기자동차 목포시 모델별 보조금,2023,목포시
화물(소형),경인모터스,경인1톤전기냉동탑차,1151,719.0,1870.0,2023년도 전기자동차 목포시 모델별 보조금,2023,목포시
화물(소형),제이스모빌리티,(단종)이티밴,1200,750.0,1950.0,2023년도 전기자동차 목포시 모델별 보조금,2023,목포시
화물(소형),제이스모빌리티,이티밴,1200,750.0,1950.0,2023년도 전기자동차 목포시 모델별 보조금,2023,목포시
화물(소형),제이스모빌리티,이티4밴,1180,737.0,1917.0,2023년도 전기자동차 목포시 모델별 보조금,2023,목포시
화물(소형),오텍,오텍 무시동 전기 냉동탑차(봉고),1253,750.0,2003.0,2023년도 전기자동차 목포시 모델별 보조금,2023,목포시
화물(소형),이엔플러스,이엔1톤롱바디카고,959,599.0,1558.0,2023년도 전기자동차 목포시 모델별 보조금,2023,목포시
화물(소형),이엔플러스,이엔플러스EV1톤롱바디트럭,1009,630.0,1639.0,2023년도 전기자동차 목포시 모델별 보조금,2023,목포시
화물(소형),GS글로벌,T4K,1200,750.0,1950.0,2023년도 전기자동차 목포시 모델별 보조금,2023,목포시
화물(소형),에스에스라이트,젤라,986,616.0,1602.0,2023년도 전기자동차 목포시 모델별 보조금,2023,목포시
화물(소형),에스에스라이트,젤라 P200,1177,735.0,1912.0,2023년도 전기자동차 목포시 모델별 보조금,2023,목포시
화물(소형),한국쓰리축,한국쓰리축1톤롱바디EV트럭(봉고),943,0.0,943.0,2023년도 전기자동차 목포시 모델별 보조금,2023,목포시
화물(소형),한국쓰리축,한국쓰리축1톤롱바디EV트럭(포터),963,0.0,963.0,2023년도 전기자동차 목포시 모델별 보조금,2023,목포시
화물(소형),모빌리티네트웍스,SE-A2밴,1200,750.0,1950.0,2023년도 전기자동차 목포시 모델별 보조금,2023,목포시
화물(초소형),스마트솔루션즈,D2C,550,243.0,793.0,2023년도 전기자동차 여수시 모델별 보조금,2023,여수시
화물(초소형),스마트솔루션즈,D2P,550,243.0,793.0,2023년도 전기자동차 여수시 모델별 보조금,2023,여수시
화물(초소형),루트17,다니고3,550,243.0,793.0,2023년도 전기자동차 여수시 모델별 보조금,2023,여수시
화물(초소형),루트17,다니고3 픽업,550,243.0,793.0,2023년도 전기자동차 여수시 모델별 보조금,2023,여수시
화물(초소형),마스타전기차,MASTA VAN,550,243.0,793.0,2023년도 전기자동차 여수시 모델별 보조금,2023,여수시
화물(초소형),마스타전기차,MASTA HIM,550,243.0,793.0,2023년도 전기자동차 여수시 모델별 보조금,2023,여수시
화물(초소형),디피코,포트로-탑,550,243.0,793.0,2023년도 전기자동차 여수시 모델별 보조금,2023,여수시
화물(초소형),디피코,포트로-픽업,550,243.0,793.0,2023년도 전기자동차 여수시 모델별 보조금,2023,여수시
화물(초소형),디피코,포트로-탑S,550,243.0,793.0,2023년도 전기자동차 여수시 모델별 보조금,2023,여수시
화물(초소형),디피코,포트로-픽업S,550,243.0,793.0,2023년도 전기자동차 여수시 모델별 보조금,2023,여수시
화물(초소형),진우에스엠씨,포텐스,550,243.0,793.0,2023년도 전기자동차 여수시 모델별 보조금,2023,여수시
화물(경형),파워프라자,라보ev PEACE,900,397.0,1297.0,2023년도 전기자동차 여수시 모델별 보조금,2023,여수시
화물(경형),디피코,포트로350L-탑,900,397.0,1297.0,2023년도 전기자동차 여수시 모델별 보조금,2023,여수시
화물(경형),디피코,포트로350L-픽업,900,397.0,1297.0,2023년도 전기자동차 여수시 모델별 보조금,2023,여수시
화물(소형),제인모터스,제인모터스칼마토EV1톤내장탑차,498,220.0,718.0,2023년도 전기자동차 여수시 모델별 보조금,2023,여수시
화물(소형),파워프라자,봉고3ev PEACE,536,236.0,772.0,2023년도 전기자동차 여수시 모델별 보조금,2023,여수시
화물(소형),파워프라자,봉고3ev PEACE 더블캡,437,193.0,630.0,2023년도 전기자동차 여수시 모델별 보조금,2023,여수시
화물(소형),현대자동차,포터Ⅱ 일렉트릭(23MY),1200,150.0,1350.0,2023년도 전기자동차 여수시 모델별 보조금,2023,여수시
화물(소형),현대자동차,포터Ⅱ 일렉트릭(24MY),1200,529.0,1729.0,2023년도 전기자동차 여수시 모델별 보조금,2023,여수시
화물(소형),기아,봉고 전기차,1200,529.0,1729.0,2023년도 전기자동차 여수시 모델별 보조금,2023,여수시
화물(소형),기아,봉고 전기차 냉동탑차,1400,618.0,2018.0,2023년도 전기자동차 여수시 모델별 보조금,2023,여수시
화물(소형),기아,봉고 전기차 저상형 냉동탑차,1400,618.0,2018.0,2023년도 전기자동차 여수시 모델별 보조금,2023,여수시
화물(소형),일진정공,일진무시동전기냉동탑차(149.9km),1053,465.0,1518.0,2023년도 전기자동차 여수시 모델별 보조금,2023,여수시
화물(소형),일진정공,일진무시동전기냉동탑차(186.1km),1321,583.0,1904.0,2023년도 전기자동차 여수시 모델별 보조금,2023,여수시
화물(소형),일진정공,일진무시동전기냉동탑차(봉고),1460,644.0,2104.0,2023년도 전기자동차 여수시 모델별 보조금,2023,여수시
화물(소형),일진정공,일진무시동전기냉동탑차(포터),1444,637.0,2081.0,2023년도 전기자동차 여수시 모델별 보조금,2023,여수시
화물(소형),루트17,다니고밴,784,346.0,1130.0,2023년도 전기자동차 여수시 모델별 보조금,2023,여수시
화물(소형),루트17,다니고C(0.8톤 전기트럭),1112,491.0,1603.0,2023년도 전기자동차 여수시 모델별 보조금,2023,여수시
화물(소형),루트17,다니고C2(0.8톤 전기트럭),909,401.0,1310.0,2023년도 전기자동차 여수시 모델별 보조금,2023,여수시
화물(소형),루트17,다니고R(전기냉동탑차),1313,821.0,2134.0,2023년도 전기자동차 여수시 모델별 보조금,2023,여수시
화물(소형),루트17,다니고R2(무시동 전기냉동탑차),1212,758.0,1970.0,2023년도 전기자동차 여수시 모델별 보조금,2023,여수시
화물(소형),한신자동차,플러스2.0,648,286.0,934.0,2023년도 전기자동차 여수시 모델별 보조금,2023,여수시
화물(소형),비바모빌리티,(단종)비바,932,411.0,1343.0,2023년도 전기자동차 여수시 모델별 보조금,2023,여수시
화물(소형),비바모빌리티,(단종)브라보,802,354.0,1156.0,2023년도 전기자동차 여수시 모델별 보조금,2023,여수시
화물(소형),이브이케이엠씨,(단종)MASADA 2밴,1124,496.0,1620.0,2023년도 전기자동차 여수시 모델별 보조금,2023,여수시
화물(소형),이브이케이엠씨,(단종)MASADA 4밴,1025,452.0,1477.0,2023년도 전기자동차 여수시 모델별 보조금,2023,여수시
화물(소형),이브이케이엠씨,MASADA 픽업,1078,476.0,1554.0,2023년도 전기자동차 여수시 모델별 보조금,2023,여수시
화물(소형),이브이케이엠씨,MASADA 3세대 2밴,1124,496.0,1620.0,2023년도 전기자동차 여수시 모델별 보조금,2023,여수시
화물(소형),이브이케이엠씨,MASADA 3세대 4밴,1025,452.0,1477.0,2023년도 전기자동차 여수시 모델별 보조금,2023,여수시
화물(소형),이브이케이엠씨,MASADA 2밴,1200,529.0,1729.0,2023년도 전기자동차 여수시 모델별 보조금,2023,여수시
화물(소형),이브이케이엠씨,MASADA 4밴,1200,529.0,1729.0,2023년도 전기자동차 여수시 모델별 보조금,2023,여수시
화물(소형),경인모터스,경인1톤전기냉동탑차,1151,508.0,1659.0,2023년도 전기자동차 여수시 모델별 보조금,2023,여수시
화물(소형),제이스모빌리티,(단종)이티밴,1200,529.0,1729.0,2023년도 전기자동차 여수시 모델별 보조금,2023,여수시
화물(소형),제이스모빌리티,이티밴,1200,150.0,1350.0,2023년도 전기자동차 여수시 모델별 보조금,2023,여수시
화물(소형),제이스모빌리티,이티4밴,1180,521.0,1701.0,2023년도 전기자동차 여수시 모델별 보조금,2023,여수시
화물(소형),오텍,오텍 무시동 전기 냉동탑차(봉고),1253,553.0,1806.0,2023년도 전기자동차 여수시 모델별 보조금,2023,여수시
화물(소형),이엔플러스,이엔1톤롱바디카고,959,423.0,1382.0,2023년도 전기자동차 여수시 모델별 보조금,2023,여수시
화물(소형),이엔플러스,이엔플러스EV1톤롱바디트럭,1009,445.0,1454.0,2023년도 전기자동차 여수시 모델별 보조금,2023,여수시
화물(소형),GS글로벌,T4K,1200,529.0,1729.0,2023년도 전기자동차 여수시 모델별 보조금,2023,여수시
화물(소형),에스에스라이트,젤라,986,435.0,1421.0,2023년도 전기자동차 여수시 모델별 보조금,2023,여수시
화물(소형),에스에스라이트,젤라 P200,1177,736.0,1913.0,2023년도 전기자동차 여수시 모델별 보조금,2023,여수시
화물(소형),한국쓰리축,한국쓰리축1톤롱바디EV트럭(봉고),943,589.0,1532.0,2023년도 전기자동차 여수시 모델별 보조금,2023,여수시
화물(소형),한국쓰리축,한국쓰리축1톤롱바디EV트럭(포터),963,432.0,1395.0,2023년도 전기자동차 여수시 모델별 보조금,2023,여수시
화물(소형),모빌리티네트웍스,SE-A2밴,1200,529.0,1729.0,2023년도 전기자동차 여수시 모델별 보조금,2023,여수시
화물(초소형),스마트솔루션즈,D2C,550,297.0,847.0,2023년도 전기자동차 순천시 모델별 보조금,2023,순천시
화물(초소형),스마트솔루션즈,D2P,550,297.0,847.0,2023년도 전기자동차 순천시 모델별 보조금,2023,순천시
화물(초소형),루트17,다니고3,550,297.0,847.0,2023년도 전기자동차 순천시 모델별 보조금,2023,순천시
화물(초소형),루트17,다니고3 픽업,550,297.0,847.0,2023년도 전기자동차 순천시 모델별 보조금,2023,순천시
화물(초소형),마스타전기차,MASTA VAN,550,297.0,847.0,2023년도 전기자동차 순천시 모델별 보조금,2023,순천시
화물(초소형),마스타전기차,MASTA HIM,550,297.0,847.0,2023년도 전기자동차 순천시 모델별 보조금,2023,순천시
화물(초소형),디피코,포트로-탑,550,297.0,847.0,2023년도 전기자동차 순천시 모델별 보조금,2023,순천시
화물(초소형),디피코,포트로-픽업,550,297.0,847.0,2023년도 전기자동차 순천시 모델별 보조금,2023,순천시
화물(초소형),디피코,포트로-탑S,550,297.0,847.0,2023년도 전기자동차 순천시 모델별 보조금,2023,순천시
화물(초소형),디피코,포트로-픽업S,550,297.0,847.0,2023년도 전기자동차 순천시 모델별 보조금,2023,순천시
화물(초소형),진우에스엠씨,포텐스,550,297.0,847.0,2023년도 전기자동차 순천시 모델별 보조금,2023,순천시
화물(경형),파워프라자,라보ev PEACE,900,487.0,1387.0,2023년도 전기자동차 순천시 모델별 보조금,2023,순천시
화물(경형),디피코,포트로350L-탑,900,487.0,1387.0,2023년도 전기자동차 순천시 모델별 보조금,2023,순천시
화물(경형),디피코,포트로350L-픽업,900,487.0,1387.0,2023년도 전기자동차 순천시 모델별 보조금,2023,순천시
화물(소형),제인모터스,제인모터스칼마토EV1톤내장탑차,498,269.0,767.0,2023년도 전기자동차 순천시 모델별 보조금,2023,순천시
화물(소형),파워프라자,봉고3ev PEACE,536,290.0,826.0,2023년도 전기자동차 순천시 모델별 보조금,2023,순천시
화물(소형),파워프라자,봉고3ev PEACE 더블캡,437,236.0,673.0,2023년도 전기자동차 순천시 모델별 보조금,2023,순천시
화물(소형),현대자동차,포터Ⅱ 일렉트릭(23MY),1200,650.0,1850.0,2023년도 전기자동차 순천시 모델별 보조금,2023,순천시
화물(소형),현대자동차,포터Ⅱ 일렉트릭(24MY),1200,650.0,1850.0,2023년도 전기자동차 순천시 모델별 보조금,2023,순천시
화물(소형),기아,봉고 전기차,1200,650.0,1850.0,2023년도 전기자동차 순천시 모델별 보조금,2023,순천시
화물(소형),기아,봉고 전기차 냉동탑차,1400,650.0,2050.0,2023년도 전기자동차 순천시 모델별 보조금,2023,순천시
화물(소형),기아,봉고 전기차 저상형 냉동탑차,1400,650.0,2050.0,2023년도 전기자동차 순천시 모델별 보조금,2023,순천시
화물(소형),일진정공,일진무시동전기냉동탑차(149.9km),1053,570.0,1623.0,2023년도 전기자동차 순천시 모델별 보조금,2023,순천시
화물(소형),일진정공,일진무시동전기냉동탑차(186.1km),1321,650.0,1971.0,2023년도 전기자동차 순천시 모델별 보조금,2023,순천시
화물(소형),일진정공,일진무시동전기냉동탑차(봉고),1460,650.0,2110.0,2023년도 전기자동차 순천시 모델별 보조금,2023,순천시
화물(소형),일진정공,일진무시동전기냉동탑차(포터),1444,650.0,2094.0,2023년도 전기자동차 순천시 모델별 보조금,2023,순천시
화물(소형),루트17,다니고밴,784,424.0,1208.0,2023년도 전기자동차 순천시 모델별 보조금,2023,순천시
화물(소형),루트17,다니고C(0.8톤 전기트럭),1112,602.0,1714.0,2023년도 전기자동차 순천시 모델별 보조금,2023,순천시
화물(소형),루트17,다니고C2(0.8톤 전기트럭),909,492.0,1401.0,2023년도 전기자동차 순천시 모델별 보조금,2023,순천시
화물(소형),루트17,다니고R(전기냉동탑차),1313,650.0,1963.0,2023년도 전기자동차 순천시 모델별 보조금,2023,순천시
화물(소형),루트17,다니고R2(무시동 전기냉동탑차),1212,650.0,1862.0,2023년도 전기자동차 순천시 모델별 보조금,2023,순천시
화물(소형),한신자동차,플러스2.0,648,351.0,999.0,2023년도 전기자동차 순천시 모델별 보조금,2023,순천시
화물(소형),비바모빌리티,(단종)비바,932,504.0,1436.0,2023년도 전기자동차 순천시 모델별 보조금,2023,순천시
화물(소형),비바모빌리티,(단종)브라보,802,434.0,1236.0,2023년도 전기자동차 순천시 모델별 보조금,2023,순천시
화물(소형),이브이케이엠씨,(단종)MASADA 2밴,1124,608.0,1732.0,2023년도 전기자동차 순천시 모델별 보조금,2023,순천시
화물(소형),이브이케이엠씨,(단종)MASADA 4밴,1025,555.0,1580.0,2023년도 전기자동차 순천시 모델별 보조금,2023,순천시
화물(소형),이브이케이엠씨,MASADA 픽업,1078,583.0,1661.0,2023년도 전기자동차 순천시 모델별 보조금,2023,순천시
화물(소형),이브이케이엠씨,MASADA 3세대 2밴,1124,608.0,1732.0,2023년도 전기자동차 순천시 모델별 보조금,2023,순천시
화물(소형),이브이케이엠씨,MASADA 3세대 4밴,1025,555.0,1580.0,2023년도 전기자동차 순천시 모델별 보조금,2023,순천시
화물(소형),이브이케이엠씨,MASADA 2밴,1200,650.0,1850.0,2023년도 전기자동차 순천시 모델별 보조금,2023,순천시
화물(소형),이브이케이엠씨,MASADA 4밴,1200,650.0,1850.0,2023년도 전기자동차 순천시 모델별 보조금,2023,순천시
화물(소형),경인모터스,경인1톤전기냉동탑차,1151,623.0,1774.0,2023년도 전기자동차 순천시 모델별 보조금,2023,순천시
화물(소형),제이스모빌리티,(단종)이티밴,1200,650.0,1850.0,2023년도 전기자동차 순천시 모델별 보조금,2023,순천시
화물(소형),제이스모빌리티,이티밴,1200,650.0,1850.0,2023년도 전기자동차 순천시 모델별 보조금,2023,순천시
화물(소형),제이스모빌리티,이티4밴,1180,639.0,1819.0,2023년도 전기자동차 순천시 모델별 보조금,2023,순천시
화물(소형),오텍,오텍 무시동 전기 냉동탑차(봉고),1253,650.0,1903.0,2023년도 전기자동차 순천시 모델별 보조금,2023,순천시
화물(소형),이엔플러스,이엔1톤롱바디카고,959,519.0,1478.0,2023년도 전기자동차 순천시 모델별 보조금,2023,순천시
화물(소형),이엔플러스,이엔플러스EV1톤롱바디트럭,1009,546.0,1555.0,2023년도 전기자동차 순천시 모델별 보조금,2023,순천시
화물(소형),GS글로벌,T4K,1200,650.0,1850.0,2023년도 전기자동차 순천시 모델별 보조금,2023,순천시
화물(소형),에스에스라이트,젤라,986,534.0,1520.0,2023년도 전기자동차 순천시 모델별 보조금,2023,순천시
화물(소형),에스에스라이트,젤라 P200,1177,637.0,1814.0,2023년도 전기자동차 순천시 모델별 보조금,2023,순천시
화물(소형),한국쓰리축,한국쓰리축1톤롱바디EV트럭(봉고),943,510.0,1453.0,2023년도 전기자동차 순천시 모델별 보조금,2023,순천시
화물(소형),한국쓰리축,한국쓰리축1톤롱바디EV트럭(포터),963,521.0,1484.0,2023년도 전기자동차 순천시 모델별 보조금,2023,순천시
화물(소형),모빌리티네트웍스,SE-A2밴,1200,650.0,1850.0,2023년도 전기자동차 순천시 모델별 보조금,2023,순천시
화물(초소형),스마트솔루션즈,D2C,550,252.0,802.0,2023년도 전기자동차 나주시 모델별 보조금,2023,나주시
화물(초소형),스마트솔루션즈,D2P,550,252.0,802.0,2023년도 전기자동차 나주시 모델별 보조금,2023,나주시
화물(초소형),루트17,다니고3,550,252.0,802.0,2023년도 전기자동차 나주시 모델별 보조금,2023,나주시
화물(초소형),루트17,다니고3 픽업,550,252.0,802.0,2023년도 전기자동차 나주시 모델별 보조금,2023,나주시
화물(초소형),마스타전기차,MASTA VAN,550,252.0,802.0,2023년도 전기자동차 나주시 모델별 보조금,2023,나주시
화물(초소형),마스타전기차,MASTA HIM,550,252.0,802.0,2023년도 전기자동차 나주시 모델별 보조금,2023,나주시
화물(초소형),디피코,포트로-탑,550,252.0,802.0,2023년도 전기자동차 나주시 모델별 보조금,2023,나주시
화물(초소형),디피코,포트로-픽업,550,252.0,802.0,2023년도 전기자동차 나주시 모델별 보조금,2023,나주시
화물(초소형),디피코,포트로-탑S,550,252.0,802.0,2023년도 전기자동차 나주시 모델별 보조금,2023,나주시
화물(초소형),디피코,포트로-픽업S,550,252.0,802.0,2023년도 전기자동차 나주시 모델별 보조금,2023,나주시
화물(초소형),진우에스엠씨,포텐스,550,252.0,802.0,2023년도 전기자동차 나주시 모델별 보조금,2023,나주시
화물(경형),파워프라자,라보ev PEACE,900,412.0,1312.0,2023년도 전기자동차 나주시 모델별 보조금,2023,나주시
화물(경형),디피코,포트로350L-탑,900,412.0,1312.0,2023년도 전기자동차 나주시 모델별 보조금,2023,나주시
화물(경형),디피코,포트로350L-픽업,900,412.0,1312.0,2023년도 전기자동차 나주시 모델별 보조금,2023,나주시
화물(소형),제인모터스,제인모터스칼마토EV1톤내장탑차,498,228.0,726.0,2023년도 전기자동차 나주시 모델별 보조금,2023,나주시
화물(소형),파워프라자,봉고3ev PEACE,536,245.0,781.0,2023년도 전기자동차 나주시 모델별 보조금,2023,나주시
화물(소형),파워프라자,봉고3ev PEACE 더블캡,437,200.0,637.0,2023년도 전기자동차 나주시 모델별 보조금,2023,나주시
화물(소형),현대자동차,포터Ⅱ 일렉트릭(24MY),1200,550.0,1750.0,2023년도 전기자동차 나주시 모델별 보조금,2023,나주시
화물(소형),기아,봉고 전기차,1200,550.0,1750.0,2023년도 전기자동차 나주시 모델별 보조금,2023,나주시
화물(소형),기아,봉고 전기차 냉동탑차,1400,550.0,1950.0,2023년도 전기자동차 나주시 모델별 보조금,2023,나주시
화물(소형),기아,봉고 전기차 저상형 냉동탑차,1400,550.0,1950.0,2023년도 전기자동차 나주시 모델별 보조금,2023,나주시
화물(소형),일진정공,일진무시동전기냉동탑차(149.9km),1053,482.0,1535.0,2023년도 전기자동차 나주시 모델별 보조금,2023,나주시
화물(소형),일진정공,일진무시동전기냉동탑차(186.1km),1321,550.0,1871.0,2023년도 전기자동차 나주시 모델별 보조금,2023,나주시
화물(소형),일진정공,일진무시동전기냉동탑차(봉고),1460,550.0,2010.0,2023년도 전기자동차 나주시 모델별 보조금,2023,나주시
화물(소형),일진정공,일진무시동전기냉동탑차(포터),1444,550.0,1994.0,2023년도 전기자동차 나주시 모델별 보조금,2023,나주시
화물(소형),루트17,다니고밴,784,359.0,1143.0,2023년도 전기자동차 나주시 모델별 보조금,2023,나주시
화물(소형),루트17,다니고C(0.8톤 전기트럭),1112,509.0,1621.0,2023년도 전기자동차 나주시 모델별 보조금,2023,나주시
화물(소형),루트17,다니고C2(0.8톤 전기트럭),909,416.0,1325.0,2023년도 전기자동차 나주시 모델별 보조금,2023,나주시
화물(소형),루트17,다니고R(전기냉동탑차),1313,550.0,1863.0,2023년도 전기자동차 나주시 모델별 보조금,2023,나주시
화물(소형),루트17,다니고R2(무시동 전기냉동탑차),1212,550.0,1762.0,2023년도 전기자동차 나주시 모델별 보조금,2023,나주시
화물(소형),한신자동차,플러스2.0,648,297.0,945.0,2023년도 전기자동차 나주시 모델별 보조금,2023,나주시
화물(소형),비바모빌리티,(단종)비바,932,427.0,1359.0,2023년도 전기자동차 나주시 모델별 보조금,2023,나주시
화물(소형),비바모빌리티,(단종)브라보,802,367.0,1169.0,2023년도 전기자동차 나주시 모델별 보조금,2023,나주시
화물(소형),이브이케이엠씨,(단종)MASADA 2밴,1124,515.0,1639.0,2023년도 전기자동차 나주시 모델별 보조금,2023,나주시
화물(소형),이브이케이엠씨,(단종)MASADA 4밴,1025,469.0,1494.0,2023년도 전기자동차 나주시 모델별 보조금,2023,나주시
화물(소형),이브이케이엠씨,MASADA 픽업,1078,494.0,1572.0,2023년도 전기자동차 나주시 모델별 보조금,2023,나주시
화물(소형),이브이케이엠씨,MASADA 3세대 2밴,1124,515.0,1639.0,2023년도 전기자동차 나주시 모델별 보조금,2023,나주시
화물(소형),이브이케이엠씨,MASADA 3세대 4밴,1025,469.0,1494.0,2023년도 전기자동차 나주시 모델별 보조금,2023,나주시
화물(소형),이브이케이엠씨,MASADA 2밴,1200,550.0,1750.0,2023년도 전기자동차 나주시 모델별 보조금,2023,나주시
화물(소형),이브이케이엠씨,MASADA 4밴,1200,550.0,1750.0,2023년도 전기자동차 나주시 모델별 보조금,2023,나주시
화물(소형),경인모터스,경인1톤전기냉동탑차,1151,527.0,1678.0,2023년도 전기자동차 나주시 모델별 보조금,2023,나주시
화물(소형),제이스모빌리티,(단종)이티밴,1200,550.0,1750.0,2023년도 전기자동차 나주시 모델별 보조금,2023,나주시
화물(소형),제이스모빌리티,이티4밴,1180,540.0,1720.0,2023년도 전기자동차 나주시 모델별 보조금,2023,나주시
화물(소형),오텍,오텍 무시동 전기 냉동탑차(봉고),1253,550.0,1803.0,2023년도 전기자동차 나주시 모델별 보조금,2023,나주시
화물(소형),이엔플러스,이엔1톤롱바디카고,959,439.0,1398.0,2023년도 전기자동차 나주시 모델별 보조금,2023,나주시
화물(소형),이엔플러스,이엔플러스EV1톤롱바디트럭,1009,462.0,1471.0,2023년도 전기자동차 나주시 모델별 보조금,2023,나주시
화물(소형),GS글로벌,T4K,1200,550.0,1750.0,2023년도 전기자동차 나주시 모델별 보조금,2023,나주시
화물(소형),에스에스라이트,젤라,986,451.0,1437.0,2023년도 전기자동차 나주시 모델별 보조금,2023,나주시
화물(소형),에스에스라이트,젤라 P200,1177,539.0,1716.0,2023년도 전기자동차 나주시 모델별 보조금,2023,나주시
화물(소형),한국쓰리축,한국쓰리축1톤롱바디EV트럭(봉고),943,432.0,1375.0,2023년도 전기자동차 나주시 모델별 보조금,2023,나주시
화물(소형),한국쓰리축,한국쓰리축1톤롱바디EV트럭(포터),963,441.0,1404.0,2023년도 전기자동차 나주시 모델별 보조금,2023,나주시
화물(소형),모빌리티네트웍스,SE-A2밴,1200,550.0,1750.0,2023년도 전기자동차 나주시 모델별 보조금,2023,나주시
화물(초소형),스마트솔루션즈,D2C,550,389.0,939.0,2023년도 전기자동차 광양시 모델별 보조금,2023,광양시
화물(초소형),스마트솔루션즈,D2P,550,389.0,939.0,2023년도 전기자동차 광양시 모델별 보조금,2023,광양시
화물(초소형),루트17,다니고3,550,389.0,939.0,2023년도 전기자동차 광양시 모델별 보조금,2023,광양시
화물(초소형),루트17,다니고3 픽업,550,389.0,939.0,2023년도 전기자동차 광양시 모델별 보조금,2023,광양시
화물(초소형),마스타전기차,MASTA VAN,550,389.0,939.0,2023년도 전기자동차 광양시 모델별 보조금,2023,광양시
화물(초소형),마스타전기차,MASTA HIM,550,389.0,939.0,2023년도 전기자동차 광양시 모델별 보조금,2023,광양시
화물(초소형),디피코,포트로-탑,550,389.0,939.0,2023년도 전기자동차 광양시 모델별 보조금,2023,광양시
화물(초소형),디피코,포트로-픽업,550,389.0,939.0,2023년도 전기자동차 광양시 모델별 보조금,2023,광양시
화물(초소형),디피코,포트로-탑S,550,389.0,939.0,2023년도 전기자동차 광양시 모델별 보조금,2023,광양시
화물(초소형),디피코,포트로-픽업S,550,389.0,939.0,2023년도 전기자동차 광양시 모델별 보조금,2023,광양시
화물(초소형),진우에스엠씨,포텐스,550,389.0,939.0,2023년도 전기자동차 광양시 모델별 보조금,2023,광양시
화물(경형),파워프라자,라보ev PEACE,900,637.0,1537.0,2023년도 전기자동차 광양시 모델별 보조금,2023,광양시
화물(경형),디피코,포트로350L-탑,900,637.0,1537.0,2023년도 전기자동차 광양시 모델별 보조금,2023,광양시
화물(경형),디피코,포트로350L-픽업,900,0.0,900.0,2023년도 전기자동차 광양시 모델별 보조금,2023,광양시
화물(소형),제인모터스,제인모터스칼마토EV1톤내장탑차,498,352.0,850.0,2023년도 전기자동차 광양시 모델별 보조금,2023,광양시
화물(소형),파워프라자,봉고3ev PEACE,536,379.0,915.0,2023년도 전기자동차 광양시 모델별 보조금,2023,광양시
화물(소형),파워프라자,봉고3ev PEACE 더블캡,437,309.0,746.0,2023년도 전기자동차 광양시 모델별 보조금,2023,광양시
화물(소형),현대자동차,포터Ⅱ 일렉트릭(23MY),1200,850.0,2050.0,2023년도 전기자동차 광양시 모델별 보조금,2023,광양시
화물(소형),현대자동차,포터Ⅱ 일렉트릭(24MY),1200,850.0,2050.0,2023년도 전기자동차 광양시 모델별 보조금,2023,광양시
화물(소형),기아,봉고 전기차,1200,850.0,2050.0,2023년도 전기자동차 광양시 모델별 보조금,2023,광양시
화물(소형),기아,봉고 전기차 냉동탑차,1400,850.0,2250.0,2023년도 전기자동차 광양시 모델별 보조금,2023,광양시
화물(소형),기아,봉고 전기차 저상형 냉동탑차,1400,850.0,2250.0,2023년도 전기자동차 광양시 모델별 보조금,2023,광양시
화물(소형),일진정공,일진무시동전기냉동탑차(149.9km),1053,745.0,1798.0,2023년도 전기자동차 광양시 모델별 보조금,2023,광양시
화물(소형),일진정공,일진무시동전기냉동탑차(186.1km),1321,850.0,2171.0,2023년도 전기자동차 광양시 모델별 보조금,2023,광양시
화물(소형),일진정공,일진무시동전기냉동탑차(봉고),1460,850.0,2310.0,2023년도 전기자동차 광양시 모델별 보조금,2023,광양시
화물(소형),일진정공,일진무시동전기냉동탑차(포터),1444,850.0,2294.0,2023년도 전기자동차 광양시 모델별 보조금,2023,광양시
화물(소형),루트17,다니고밴,784,555.0,1339.0,2023년도 전기자동차 광양시 모델별 보조금,2023,광양시
화물(소형),루트17,다니고C(0.8톤 전기트럭),1112,787.0,1899.0,2023년도 전기자동차 광양시 모델별 보조금,2023,광양시
화물(소형),루트17,다니고C2(0.8톤 전기트럭),909,643.0,1552.0,2023년도 전기자동차 광양시 모델별 보조금,2023,광양시
화물(소형),루트17,다니고R(전기냉동탑차),1313,850.0,2163.0,2023년도 전기자동차 광양시 모델별 보조금,2023,광양시
화물(소형),루트17,다니고R2(무시동 전기냉동탑차),1212,850.0,2062.0,2023년도 전기자동차 광양시 모델별 보조금,2023,광양시
화물(소형),한신자동차,플러스2.0,648,459.0,1107.0,2023년도 전기자동차 광양시 모델별 보조금,2023,광양시
화물(소형),비바모빌리티,(단종)비바,932,660.0,1592.0,2023년도 전기자동차 광양시 모델별 보조금,2023,광양시
화물(소형),비바모빌리티,(단종)브라보,802,568.0,1370.0,2023년도 전기자동차 광양시 모델별 보조금,2023,광양시
화물(소형),이브이케이엠씨,(단종)MASADA 2밴,1124,796.0,1920.0,2023년도 전기자동차 광양시 모델별 보조금,2023,광양시
화물(소형),이브이케이엠씨,(단종)MASADA 4밴,1025,726.0,1751.0,2023년도 전기자동차 광양시 모델별 보조금,2023,광양시
화물(소형),이브이케이엠씨,MASADA 픽업,1078,763.0,1841.0,2023년도 전기자동차 광양시 모델별 보조금,2023,광양시
화물(소형),이브이케이엠씨,MASADA 3세대 2밴,1124,796.0,1920.0,2023년도 전기자동차 광양시 모델별 보조금,2023,광양시
화물(소형),이브이케이엠씨,MASADA 3세대 4밴,1025,726.0,1751.0,2023년도 전기자동차 광양시 모델별 보조금,2023,광양시
화물(소형),이브이케이엠씨,MASADA 2밴,1200,850.0,2050.0,2023년도 전기자동차 광양시 모델별 보조금,2023,광양시
화물(소형),경인모터스,경인1톤전기냉동탑차,1151,815.0,1966.0,2023년도 전기자동차 광양시 모델별 보조금,2023,광양시
화물(소형),제이스모빌리티,(단종)이티밴,1200,850.0,2050.0,2023년도 전기자동차 광양시 모델별 보조금,2023,광양시
화물(소형),제이스모빌리티,이티밴,1200,850.0,2050.0,2023년도 전기자동차 광양시 모델별 보조금,2023,광양시
화물(소형),제이스모빌리티,이티4밴,1180,835.0,2015.0,2023년도 전기자동차 광양시 모델별 보조금,2023,광양시
화물(소형),오텍,오텍 무시동 전기 냉동탑차(봉고),1253,850.0,2103.0,2023년도 전기자동차 광양시 모델별 보조금,2023,광양시
화물(소형),이엔플러스,이엔1톤롱바디카고,959,679.0,1638.0,2023년도 전기자동차 광양시 모델별 보조금,2023,광양시
화물(소형),이엔플러스,이엔플러스EV1톤롱바디트럭,1009,714.0,1723.0,2023년도 전기자동차 광양시 모델별 보조금,2023,광양시
화물(소형),GS글로벌,T4K,1200,850.0,2050.0,2023년도 전기자동차 광양시 모델별 보조금,2023,광양시
화물(소형),에스에스라이트,젤라,986,698.0,1684.0,2023년도 전기자동차 광양시 모델별 보조금,2023,광양시
화물(소형),에스에스라이트,젤라 P200,1177,833.0,2010.0,2023년도 전기자동차 광양시 모델별 보조금,2023,광양시
화물(소형),한국쓰리축,한국쓰리축1톤롱바디EV트럭(봉고),943,0.0,943.0,2023년도 전기자동차 광양시 모델별 보조금,2023,광양시
화물(소형),한국쓰리축,한국쓰리축1톤롱바디EV트럭(포터),963,0.0,963.0,2023년도 전기자동차 광양시 모델별 보조금,2023,광양시
화물(소형),모빌리티네트웍스,SE-A2밴,1200,850.0,2050.0,2023년도 전기자동차 광양시 모델별 보조금,2023,광양시
화물(초소형),스마트솔루션즈,D2C,550,343.0,893.0,2023년도 전기자동차 담양군 모델별 보조금,2023,담양군
화물(초소형),스마트솔루션즈,D2P,550,343.0,893.0,2023년도 전기자동차 담양군 모델별 보조금,2023,담양군
화물(초소형),루트17,다니고3,550,343.0,893.0,2023년도 전기자동차 담양군 모델별 보조금,2023,담양군
화물(초소형),루트17,다니고3 픽업,550,343.0,893.0,2023년도 전기자동차 담양군 모델별 보조금,2023,담양군
화물(초소형),마스타전기차,MASTA VAN,550,343.0,893.0,2023년도 전기자동차 담양군 모델별 보조금,2023,담양군
화물(초소형),마스타전기차,MASTA HIM,550,343.0,893.0,2023년도 전기자동차 담양군 모델별 보조금,2023,담양군
화물(초소형),디피코,포트로-탑,550,343.0,893.0,2023년도 전기자동차 담양군 모델별 보조금,2023,담양군
화물(초소형),디피코,포트로-픽업,550,343.0,893.0,2023년도 전기자동차 담양군 모델별 보조금,2023,담양군
화물(초소형),디피코,포트로-탑S,550,343.0,893.0,2023년도 전기자동차 담양군 모델별 보조금,2023,담양군
화물(초소형),디피코,포트로-픽업S,550,343.0,893.0,2023년도 전기자동차 담양군 모델별 보조금,2023,담양군
화물(초소형),진우에스엠씨,포텐스,550,343.0,893.0,2023년도 전기자동차 담양군 모델별 보조금,2023,담양군
화물(경형),파워프라자,라보ev PEACE,900,562.0,1462.0,2023년도 전기자동차 담양군 모델별 보조금,2023,담양군
화물(경형),디피코,포트로350L-탑,900,562.0,1462.0,2023년도 전기자동차 담양군 모델별 보조금,2023,담양군
화물(소형),제인모터스,제인모터스칼마토EV1톤내장탑차,498,311.0,809.0,2023년도 전기자동차 담양군 모델별 보조금,2023,담양군
화물(소형),파워프라자,봉고3ev PEACE,536,335.0,871.0,2023년도 전기자동차 담양군 모델별 보조금,2023,담양군
화물(소형),파워프라자,봉고3ev PEACE 더블캡,437,273.0,710.0,2023년도 전기자동차 담양군 모델별 보조금,2023,담양군
화물(소형),현대자동차,포터Ⅱ 일렉트릭(23MY),1200,750.0,1950.0,2023년도 전기자동차 담양군 모델별 보조금,2023,담양군
화물(소형),현대자동차,포터Ⅱ 일렉트릭(24MY),1200,750.0,1950.0,2023년도 전기자동차 담양군 모델별 보조금,2023,담양군
화물(소형),기아,봉고 전기차,1200,750.0,1950.0,2023년도 전기자동차 담양군 모델별 보조금,2023,담양군
화물(소형),기아,봉고 전기차 냉동탑차,1400,875.0,2275.0,2023년도 전기자동차 담양군 모델별 보조금,2023,담양군
화물(소형),기아,봉고 전기차 저상형 냉동탑차,1400,875.0,2275.0,2023년도 전기자동차 담양군 모델별 보조금,2023,담양군
화물(소형),일진정공,일진무시동전기냉동탑차(149.9km),1053,658.0,1711.0,2023년도 전기자동차 담양군 모델별 보조금,2023,담양군
화물(소형),일진정공,일진무시동전기냉동탑차(186.1km),1321,825.0,2146.0,2023년도 전기자동차 담양군 모델별 보조금,2023,담양군
화물(소형),일진정공,일진무시동전기냉동탑차(봉고),1460,912.0,2372.0,2023년도 전기자동차 담양군 모델별 보조금,2023,담양군
화물(소형),일진정공,일진무시동전기냉동탑차(포터),1444,902.0,2346.0,2023년도 전기자동차 담양군 모델별 보조금,2023,담양군
화물(소형),루트17,다니고밴,784,490.0,1274.0,2023년도 전기자동차 담양군 모델별 보조금,2023,담양군
화물(소형),루트17,다니고C(0.8톤 전기트럭),1112,695.0,1807.0,2023년도 전기자동차 담양군 모델별 보조금,2023,담양군
화물(소형),루트17,다니고C2(0.8톤 전기트럭),909,568.0,1477.0,2023년도 전기자동차 담양군 모델별 보조금,2023,담양군
화물(소형),루트17,다니고R(전기냉동탑차),1313,905.0,2218.0,2023년도 전기자동차 담양군 모델별 보조금,2023,담양군
화물(소형),루트17,다니고R2(무시동 전기냉동탑차),1212,757.0,1969.0,2023년도 전기자동차 담양군 모델별 보조금,2023,담양군
화물(소형),한신자동차,플러스2.0,648,405.0,1053.0,2023년도 전기자동차 담양군 모델별 보조금,2023,담양군
화물(소형),비바모빌리티,(단종)비바,932,582.0,1514.0,2023년도 전기자동차 담양군 모델별 보조금,2023,담양군
화물(소형),비바모빌리티,(단종)브라보,802,501.0,1303.0,2023년도 전기자동차 담양군 모델별 보조금,2023,담양군
화물(소형),이브이케이엠씨,(단종)MASADA 2밴,1124,702.0,1826.0,2023년도 전기자동차 담양군 모델별 보조금,2023,담양군
화물(소형),이브이케이엠씨,(단종)MASADA 4밴,1025,640.0,1665.0,2023년도 전기자동차 담양군 모델별 보조금,2023,담양군
화물(소형),이브이케이엠씨,MASADA 픽업,1078,673.0,1751.0,2023년도 전기자동차 담양군 모델별 보조금,2023,담양군
화물(소형),이브이케이엠씨,MASADA 3세대 2밴,1124,702.0,1826.0,2023년도 전기자동차 담양군 모델별 보조금,2023,담양군
화물(소형),이브이케이엠씨,MASADA 3세대 4밴,1025,640.0,1665.0,2023년도 전기자동차 담양군 모델별 보조금,2023,담양군
화물(소형),경인모터스,경인1톤전기냉동탑차,1151,719.0,1870.0,2023년도 전기자동차 담양군 모델별 보조금,2023,담양군
화물(소형),제이스모빌리티,(단종)이티밴,1200,750.0,1950.0,2023년도 전기자동차 담양군 모델별 보조금,2023,담양군
화물(소형),제이스모빌리티,이티밴,1200,750.0,1950.0,2023년도 전기자동차 담양군 모델별 보조금,2023,담양군
화물(소형),제이스모빌리티,이티4밴,1180,737.0,1917.0,2023년도 전기자동차 담양군 모델별 보조금,2023,담양군
화물(소형),오텍,오텍 무시동 전기 냉동탑차(봉고),1253,783.0,2036.0,2023년도 전기자동차 담양군 모델별 보조금,2023,담양군
화물(소형),이엔플러스,이엔1톤롱바디카고,959,599.0,1558.0,2023년도 전기자동차 담양군 모델별 보조금,2023,담양군
화물(소형),이엔플러스,이엔플러스EV1톤롱바디트럭,1009,630.0,1639.0,2023년도 전기자동차 담양군 모델별 보조금,2023,담양군
화물(소형),GS글로벌,T4K,1200,750.0,1950.0,2023년도 전기자동차 담양군 모델별 보조금,2023,담양군
화물(소형),에스에스라이트,젤라,986,616.0,1602.0,2023년도 전기자동차 담양군 모델별 보조금,2023,담양군
화물(소형),에스에스라이트,젤라 P200,1177,735.0,1912.0,2023년도 전기자동차 담양군 모델별 보조금,2023,담양군
화물(소형),한국쓰리축,한국쓰리축1톤롱바디EV트럭(봉고),943,674.0,1617.0,2023년도 전기자동차 담양군 모델별 보조금,2023,담양군
화물(초소형),스마트솔루션즈,D2C,550,550.0,1100.0,2023년도 전기자동차 곡성군 모델별 보조금,2023,곡성군
화물(초소형),스마트솔루션즈,D2P,550,550.0,1100.0,2023년도 전기자동차 곡성군 모델별 보조금,2023,곡성군
화물(초소형),루트17,다니고3,550,550.0,1100.0,2023년도 전기자동차 곡성군 모델별 보조금,2023,곡성군
화물(초소형),루트17,다니고3 픽업,550,550.0,1100.0,2023년도 전기자동차 곡성군 모델별 보조금,2023,곡성군
화물(초소형),마스타전기차,MASTA VAN,550,550.0,1100.0,2023년도 전기자동차 곡성군 모델별 보조금,2023,곡성군
화물(초소형),마스타전기차,MASTA HIM,550,550.0,1100.0,2023년도 전기자동차 곡성군 모델별 보조금,2023,곡성군
화물(초소형),디피코,포트로-탑,550,0.0,550.0,2023년도 전기자동차 곡성군 모델별 보조금,2023,곡성군
화물(초소형),디피코,포트로-픽업,550,0.0,550.0,2023년도 전기자동차 곡성군 모델별 보조금,2023,곡성군
화물(초소형),디피코,포트로-탑S,550,550.0,1100.0,2023년도 전기자동차 곡성군 모델별 보조금,2023,곡성군
화물(초소형),디피코,포트로-픽업S,550,550.0,1100.0,2023년도 전기자동차 곡성군 모델별 보조금,2023,곡성군
화물(초소형),진우에스엠씨,포텐스,550,550.0,1100.0,2023년도 전기자동차 곡성군 모델별 보조금,2023,곡성군
화물(경형),파워프라자,라보ev PEACE,900,713.0,1613.0,2023년도 전기자동차 곡성군 모델별 보조금,2023,곡성군
화물(경형),디피코,포트로350L-탑,900,0.0,900.0,2023년도 전기자동차 곡성군 모델별 보조금,2023,곡성군
화물(경형),디피코,포트로350L-픽업,900,0.0,900.0,2023년도 전기자동차 곡성군 모델별 보조금,2023,곡성군
화물(소형),제인모터스,제인모터스칼마토EV1톤내장탑차,498,393.0,891.0,2023년도 전기자동차 곡성군 모델별 보조금,2023,곡성군
화물(소형),파워프라자,봉고3ev PEACE,536,423.0,959.0,2023년도 전기자동차 곡성군 모델별 보조금,2023,곡성군
화물(소형),파워프라자,봉고3ev PEACE 더블캡,437,345.0,782.0,2023년도 전기자동차 곡성군 모델별 보조금,2023,곡성군
화물(소형),현대자동차,포터Ⅱ 일렉트릭(23MY),1200,950.0,2150.0,2023년도 전기자동차 곡성군 모델별 보조금,2023,곡성군
화물(소형),현대자동차,포터Ⅱ 일렉트릭(24MY),1200,950.0,2150.0,2023년도 전기자동차 곡성군 모델별 보조금,2023,곡성군
화물(소형),기아,봉고 전기차,1200,950.0,2150.0,2023년도 전기자동차 곡성군 모델별 보조금,2023,곡성군
화물(소형),기아,봉고 전기차 냉동탑차,1400,1106.0,2506.0,2023년도 전기자동차 곡성군 모델별 보조금,2023,곡성군
화물(소형),기아,봉고 전기차 저상형 냉동탑차,1400,1106.0,2506.0,2023년도 전기자동차 곡성군 모델별 보조금,2023,곡성군
화물(소형),일진정공,일진무시동전기냉동탑차(149.9km),1053,832.0,1885.0,2023년도 전기자동차 곡성군 모델별 보조금,2023,곡성군
화물(소형),일진정공,일진무시동전기냉동탑차(186.1km),1321,1044.0,2365.0,2023년도 전기자동차 곡성군 모델별 보조금,2023,곡성군
화물(소형),일진정공,일진무시동전기냉동탑차(봉고),1460,1460.0,2920.0,2023년도 전기자동차 곡성군 모델별 보조금,2023,곡성군
화물(소형),일진정공,일진무시동전기냉동탑차(포터),1444,1141.0,2585.0,2023년도 전기자동차 곡성군 모델별 보조금,2023,곡성군
화물(소형),루트17,다니고밴,784,619.0,1403.0,2023년도 전기자동차 곡성군 모델별 보조금,2023,곡성군
화물(소형),루트17,다니고C(0.8톤 전기트럭),1112,878.0,1990.0,2023년도 전기자동차 곡성군 모델별 보조금,2023,곡성군
화물(소형),루트17,다니고C2(0.8톤 전기트럭),909,718.0,1627.0,2023년도 전기자동차 곡성군 모델별 보조금,2023,곡성군
화물(소형),루트17,다니고R(전기냉동탑차),1313,0.0,1313.0,2023년도 전기자동차 곡성군 모델별 보조금,2023,곡성군
화물(소형),루트17,다니고R2(무시동 전기냉동탑차),1212,0.0,1212.0,2023년도 전기자동차 곡성군 모델별 보조금,2023,곡성군
화물(소형),한신자동차,플러스2.0,648,511.0,1159.0,2023년도 전기자동차 곡성군 모델별 보조금,2023,곡성군
화물(소형),비바모빌리티,(단종)비바,932,736.0,1668.0,2023년도 전기자동차 곡성군 모델별 보조금,2023,곡성군
화물(소형),비바모빌리티,(단종)브라보,802,634.0,1436.0,2023년도 전기자동차 곡성군 모델별 보조금,2023,곡성군
화물(소형),이브이케이엠씨,(단종)MASADA 2밴,1124,888.0,2012.0,2023년도 전기자동차 곡성군 모델별 보조금,2023,곡성군
화물(소형),이브이케이엠씨,(단종)MASADA 4밴,1025,810.0,1835.0,2023년도 전기자동차 곡성군 모델별 보조금,2023,곡성군
화물(소형),이브이케이엠씨,MASADA 픽업,1078,852.0,1930.0,2023년도 전기자동차 곡성군 모델별 보조금,2023,곡성군
화물(소형),이브이케이엠씨,MASADA 3세대 2밴,1124,888.0,2012.0,2023년도 전기자동차 곡성군 모델별 보조금,2023,곡성군
화물(소형),이브이케이엠씨,MASADA 3세대 4밴,1025,810.0,1835.0,2023년도 전기자동차 곡성군 모델별 보조금,2023,곡성군
화물(소형),이브이케이엠씨,MASADA 2밴,1200,0.0,1200.0,2023년도 전기자동차 곡성군 모델별 보조금,2023,곡성군
화물(소형),경인모터스,경인1톤전기냉동탑차,1151,909.0,2060.0,2023년도 전기자동차 곡성군 모델별 보조금,2023,곡성군
화물(소형),제이스모빌리티,(단종)이티밴,1200,950.0,2150.0,2023년도 전기자동차 곡성군 모델별 보조금,2023,곡성군
화물(소형),제이스모빌리티,이티밴,1200,950.0,2150.0,2023년도 전기자동차 곡성군 모델별 보조금,2023,곡성군
화물(소형),제이스모빌리티,이티4밴,1180,950.0,2130.0,2023년도 전기자동차 곡성군 모델별 보조금,2023,곡성군
화물(소형),오텍,오텍 무시동 전기 냉동탑차(봉고),1253,990.0,2243.0,2023년도 전기자동차 곡성군 모델별 보조금,2023,곡성군
화물(소형),이엔플러스,이엔1톤롱바디카고,959,758.0,1717.0,2023년도 전기자동차 곡성군 모델별 보조금,2023,곡성군
화물(소형),이엔플러스,이엔플러스EV1톤롱바디트럭,1009,797.0,1806.0,2023년도 전기자동차 곡성군 모델별 보조금,2023,곡성군
화물(소형),GS글로벌,T4K,1200,950.0,2150.0,2023년도 전기자동차 곡성군 모델별 보조금,2023,곡성군
화물(소형),에스에스라이트,젤라,986,779.0,1765.0,2023년도 전기자동차 곡성군 모델별 보조금,2023,곡성군
화물(소형),에스에스라이트,젤라 P200,1177,931.0,2108.0,2023년도 전기자동차 곡성군 모델별 보조금,2023,곡성군
화물(소형),한국쓰리축,한국쓰리축1톤롱바디EV트럭(봉고),943,0.0,943.0,2023년도 전기자동차 곡성군 모델별 보조금,2023,곡성군
화물(소형),한국쓰리축,한국쓰리축1톤롱바디EV트럭(포터),963,0.0,963.0,2023년도 전기자동차 곡성군 모델별 보조금,2023,곡성군
화물(소형),모빌리티네트웍스,SE-A2밴,1200,0.0,1200.0,2023년도 전기자동차 곡성군 모델별 보조금,2023,곡성군
화물(초소형),스마트솔루션즈,D2C,550,343.0,893.0,2023년도 전기자동차 구례군 모델별 보조금,2023,구례군
화물(초소형),스마트솔루션즈,D2P,550,343.0,893.0,2023년도 전기자동차 구례군 모델별 보조금,2023,구례군
화물(초소형),루트17,다니고3,550,343.0,893.0,2023년도 전기자동차 구례군 모델별 보조금,2023,구례군
화물(초소형),루트17,다니고3 픽업,550,343.0,893.0,2023년도 전기자동차 구례군 모델별 보조금,2023,구례군
화물(초소형),마스타전기차,MASTA VAN,550,343.0,893.0,2023년도 전기자동차 구례군 모델별 보조금,2023,구례군
화물(초소형),마스타전기차,MASTA HIM,550,343.0,893.0,2023년도 전기자동차 구례군 모델별 보조금,2023,구례군
화물(초소형),디피코,포트로-탑,550,343.0,893.0,2023년도 전기자동차 구례군 모델별 보조금,2023,구례군
화물(초소형),디피코,포트로-픽업,550,343.0,893.0,2023년도 전기자동차 구례군 모델별 보조금,2023,구례군
화물(초소형),디피코,포트로-탑S,550,343.0,893.0,2023년도 전기자동차 구례군 모델별 보조금,2023,구례군
화물(초소형),디피코,포트로-픽업S,550,343.0,893.0,2023년도 전기자동차 구례군 모델별 보조금,2023,구례군
화물(초소형),진우에스엠씨,포텐스,550,343.0,893.0,2023년도 전기자동차 구례군 모델별 보조금,2023,구례군
화물(경형),파워프라자,라보ev PEACE,900,562.0,1462.0,2023년도 전기자동차 구례군 모델별 보조금,2023,구례군
화물(경형),디피코,포트로350L-탑,900,562.0,1462.0,2023년도 전기자동차 구례군 모델별 보조금,2023,구례군
화물(경형),디피코,포트로350L-픽업,900,562.0,1462.0,2023년도 전기자동차 구례군 모델별 보조금,2023,구례군
화물(소형),제인모터스,제인모터스칼마토EV1톤내장탑차,498,311.0,809.0,2023년도 전기자동차 구례군 모델별 보조금,2023,구례군
화물(소형),파워프라자,봉고3ev PEACE,536,335.0,871.0,2023년도 전기자동차 구례군 모델별 보조금,2023,구례군
화물(소형),파워프라자,봉고3ev PEACE 더블캡,437,273.0,710.0,2023년도 전기자동차 구례군 모델별 보조금,2023,구례군
화물(소형),현대자동차,포터Ⅱ 일렉트릭(24MY),1200,750.0,1950.0,2023년도 전기자동차 구례군 모델별 보조금,2023,구례군
화물(소형),기아,봉고 전기차,1200,750.0,1950.0,2023년도 전기자동차 구례군 모델별 보조금,2023,구례군
화물(소형),기아,봉고 전기차 냉동탑차,1400,750.0,2150.0,2023년도 전기자동차 구례군 모델별 보조금,2023,구례군
화물(소형),기아,봉고 전기차 저상형 냉동탑차,1400,750.0,2150.0,2023년도 전기자동차 구례군 모델별 보조금,2023,구례군
화물(소형),일진정공,일진무시동전기냉동탑차(149.9km),1053,658.0,1711.0,2023년도 전기자동차 구례군 모델별 보조금,2023,구례군
화물(소형),일진정공,일진무시동전기냉동탑차(186.1km),1321,750.0,2071.0,2023년도 전기자동차 구례군 모델별 보조금,2023,구례군
화물(소형),일진정공,일진무시동전기냉동탑차(봉고),1460,750.0,2210.0,2023년도 전기자동차 구례군 모델별 보조금,2023,구례군
화물(소형),일진정공,일진무시동전기냉동탑차(포터),1444,750.0,2194.0,2023년도 전기자동차 구례군 모델별 보조금,2023,구례군
화물(소형),루트17,다니고밴,784,490.0,1274.0,2023년도 전기자동차 구례군 모델별 보조금,2023,구례군
화물(소형),루트17,다니고C(0.8톤 전기트럭),1112,695.0,1807.0,2023년도 전기자동차 구례군 모델별 보조금,2023,구례군
화물(소형),루트17,다니고C2(0.8톤 전기트럭),909,568.0,1477.0,2023년도 전기자동차 구례군 모델별 보조금,2023,구례군
화물(소형),루트17,다니고R(전기냉동탑차),1313,750.0,2063.0,2023년도 전기자동차 구례군 모델별 보조금,2023,구례군
화물(소형),루트17,다니고R2(무시동 전기냉동탑차),1212,750.0,1962.0,2023년도 전기자동차 구례군 모델별 보조금,2023,구례군
화물(소형),한신자동차,플러스2.0,648,405.0,1053.0,2023년도 전기자동차 구례군 모델별 보조금,2023,구례군
화물(소형),비바모빌리티,(단종)비바,932,582.0,1514.0,2023년도 전기자동차 구례군 모델별 보조금,2023,구례군
화물(소형),비바모빌리티,(단종)브라보,802,501.0,1303.0,2023년도 전기자동차 구례군 모델별 보조금,2023,구례군
화물(소형),이브이케이엠씨,(단종)MASADA 2밴,1124,702.0,1826.0,2023년도 전기자동차 구례군 모델별 보조금,2023,구례군
화물(소형),이브이케이엠씨,(단종)MASADA 4밴,1025,640.0,1665.0,2023년도 전기자동차 구례군 모델별 보조금,2023,구례군
화물(소형),이브이케이엠씨,MASADA 픽업,1078,673.0,1751.0,2023년도 전기자동차 구례군 모델별 보조금,2023,구례군
화물(소형),이브이케이엠씨,MASADA 3세대 2밴,1124,702.0,1826.0,2023년도 전기자동차 구례군 모델별 보조금,2023,구례군
화물(소형),이브이케이엠씨,MASADA 3세대 4밴,1025,640.0,1665.0,2023년도 전기자동차 구례군 모델별 보조금,2023,구례군
화물(소형),이브이케이엠씨,MASADA 2밴,1200,750.0,1950.0,2023년도 전기자동차 구례군 모델별 보조금,2023,구례군
화물(소형),경인모터스,경인1톤전기냉동탑차,1151,719.0,1870.0,2023년도 전기자동차 구례군 모델별 보조금,2023,구례군
화물(소형),제이스모빌리티,(단종)이티밴,1200,750.0,1950.0,2023년도 전기자동차 구례군 모델별 보조금,2023,구례군
화물(소형),제이스모빌리티,이티4밴,1180,737.0,1917.0,2023년도 전기자동차 구례군 모델별 보조금,2023,구례군
화물(소형),오텍,오텍 무시동 전기 냉동탑차(봉고),1253,750.0,2003.0,2023년도 전기자동차 구례군 모델별 보조금,2023,구례군
화물(소형),이엔플러스,이엔1톤롱바디카고,959,599.0,1558.0,2023년도 전기자동차 구례군 모델별 보조금,2023,구례군
화물(소형),이엔플러스,이엔플러스EV1톤롱바디트럭,1009,630.0,1639.0,2023년도 전기자동차 구례군 모델별 보조금,2023,구례군
화물(소형),GS글로벌,T4K,1200,750.0,1950.0,2023년도 전기자동차 구례군 모델별 보조금,2023,구례군
화물(소형),에스에스라이트,젤라,986,616.0,1602.0,2023년도 전기자동차 구례군 모델별 보조금,2023,구례군
화물(소형),에스에스라이트,젤라 P200,1177,735.0,1912.0,2023년도 전기자동차 구례군 모델별 보조금,2023,구례군
화물(소형),한국쓰리축,한국쓰리축1톤롱바디EV트럭(봉고),943,589.0,1532.0,2023년도 전기자동차 구례군 모델별 보조금,2023,구례군
화물(소형),한국쓰리축,한국쓰리축1톤롱바디EV트럭(포터),963,601.0,1564.0,2023년도 전기자동차 구례군 모델별 보조금,2023,구례군
화물(소형),모빌리티네트웍스,SE-A2밴,1200,750.0,1950.0,2023년도 전기자동차 구례군 모델별 보조금,2023,구례군
화물(초소형),스마트솔루션즈,D2C,550,350.0,900.0,2023년도 전기자동차 고흥군 모델별 보조금,2023,고흥군
화물(초소형),스마트솔루션즈,D2P,550,350.0,900.0,2023년도 전기자동차 고흥군 모델별 보조금,2023,고흥군
화물(초소형),루트17,다니고3,550,350.0,900.0,2023년도 전기자동차 고흥군 모델별 보조금,2023,고흥군
화물(초소형),루트17,다니고3 픽업,550,350.0,900.0,2023년도 전기자동차 고흥군 모델별 보조금,2023,고흥군
화물(초소형),마스타전기차,MASTA VAN,550,350.0,900.0,2023년도 전기자동차 고흥군 모델별 보조금,2023,고흥군
화물(초소형),마스타전기차,MASTA HIM,550,350.0,900.0,2023년도 전기자동차 고흥군 모델별 보조금,2023,고흥군
화물(초소형),디피코,포트로-탑,550,0.0,550.0,2023년도 전기자동차 고흥군 모델별 보조금,2023,고흥군
화물(초소형),디피코,포트로-픽업,550,0.0,550.0,2023년도 전기자동차 고흥군 모델별 보조금,2023,고흥군
화물(초소형),디피코,포트로-탑S,550,350.0,900.0,2023년도 전기자동차 고흥군 모델별 보조금,2023,고흥군
화물(초소형),디피코,포트로-픽업S,550,350.0,900.0,2023년도 전기자동차 고흥군 모델별 보조금,2023,고흥군
화물(초소형),진우에스엠씨,포텐스,550,350.0,900.0,2023년도 전기자동차 고흥군 모델별 보조금,2023,고흥군
화물(경형),파워프라자,라보ev PEACE,900,600.0,1500.0,2023년도 전기자동차 고흥군 모델별 보조금,2023,고흥군
화물(경형),디피코,포트로350L-탑,900,0.0,900.0,2023년도 전기자동차 고흥군 모델별 보조금,2023,고흥군
화물(경형),디피코,포트로350L-픽업,900,0.0,900.0,2023년도 전기자동차 고흥군 모델별 보조금,2023,고흥군
화물(소형),제인모터스,제인모터스칼마토EV1톤내장탑차,498,311.0,809.0,2023년도 전기자동차 고흥군 모델별 보조금,2023,고흥군
화물(소형),파워프라자,봉고3ev PEACE,536,335.0,871.0,2023년도 전기자동차 고흥군 모델별 보조금,2023,고흥군
화물(소형),파워프라자,봉고3ev PEACE 더블캡,437,273.0,710.0,2023년도 전기자동차 고흥군 모델별 보조금,2023,고흥군
화물(소형),현대자동차,포터Ⅱ 일렉트릭(23MY),1200,750.0,1950.0,2023년도 전기자동차 고흥군 모델별 보조금,2023,고흥군
화물(소형),현대자동차,포터Ⅱ 일렉트릭(24MY),1200,750.0,1950.0,2023년도 전기자동차 고흥군 모델별 보조금,2023,고흥군
화물(소형),기아,봉고 전기차,1200,750.0,1950.0,2023년도 전기자동차 고흥군 모델별 보조금,2023,고흥군
화물(소형),기아,봉고 전기차 냉동탑차,1400,750.0,2150.0,2023년도 전기자동차 고흥군 모델별 보조금,2023,고흥군
화물(소형),기아,봉고 전기차 저상형 냉동탑차,1400,750.0,2150.0,2023년도 전기자동차 고흥군 모델별 보조금,2023,고흥군
화물(소형),일진정공,일진무시동전기냉동탑차(149.9km),1053,658.0,1711.0,2023년도 전기자동차 고흥군 모델별 보조금,2023,고흥군
화물(소형),일진정공,일진무시동전기냉동탑차(186.1km),1321,750.0,2071.0,2023년도 전기자동차 고흥군 모델별 보조금,2023,고흥군
화물(소형),일진정공,일진무시동전기냉동탑차(봉고),1460,750.0,2210.0,2023년도 전기자동차 고흥군 모델별 보조금,2023,고흥군
화물(소형),일진정공,일진무시동전기냉동탑차(포터),1444,750.0,2194.0,2023년도 전기자동차 고흥군 모델별 보조금,2023,고흥군
화물(소형),루트17,다니고밴,784,490.0,1274.0,2023년도 전기자동차 고흥군 모델별 보조금,2023,고흥군
화물(소형),루트17,다니고C(0.8톤 전기트럭),1112,695.0,1807.0,2023년도 전기자동차 고흥군 모델별 보조금,2023,고흥군
화물(소형),루트17,다니고C2(0.8톤 전기트럭),909,568.0,1477.0,2023년도 전기자동차 고흥군 모델별 보조금,2023,고흥군
화물(소형),루트17,다니고R(전기냉동탑차),1313,750.0,2063.0,2023년도 전기자동차 고흥군 모델별 보조금,2023,고흥군
화물(소형),루트17,다니고R2(무시동 전기냉동탑차),1212,750.0,1962.0,2023년도 전기자동차 고흥군 모델별 보조금,2023,고흥군
화물(소형),한신자동차,플러스2.0,648,405.0,1053.0,2023년도 전기자동차 고흥군 모델별 보조금,2023,고흥군
화물(소형),비바모빌리티,(단종)비바,932,582.0,1514.0,2023년도 전기자동차 고흥군 모델별 보조금,2023,고흥군
화물(소형),비바모빌리티,(단종)브라보,802,501.0,1303.0,2023년도 전기자동차 고흥군 모델별 보조금,2023,고흥군
화물(소형),이브이케이엠씨,(단종)MASADA 2밴,1124,702.0,1826.0,2023년도 전기자동차 고흥군 모델별 보조금,2023,고흥군
화물(소형),이브이케이엠씨,(단종)MASADA 4밴,1025,640.0,1665.0,2023년도 전기자동차 고흥군 모델별 보조금,2023,고흥군
화물(소형),이브이케이엠씨,MASADA 픽업,1078,673.0,1751.0,2023년도 전기자동차 고흥군 모델별 보조금,2023,고흥군
화물(소형),이브이케이엠씨,MASADA 3세대 2밴,1124,702.0,1826.0,2023년도 전기자동차 고흥군 모델별 보조금,2023,고흥군
화물(소형),이브이케이엠씨,MASADA 3세대 4밴,1025,640.0,1665.0,2023년도 전기자동차 고흥군 모델별 보조금,2023,고흥군
화물(소형),경인모터스,경인1톤전기냉동탑차,1151,719.0,1870.0,2023년도 전기자동차 고흥군 모델별 보조금,2023,고흥군
화물(소형),제이스모빌리티,(단종)이티밴,1200,750.0,1950.0,2023년도 전기자동차 고흥군 모델별 보조금,2023,고흥군
화물(소형),제이스모빌리티,이티밴,1200,750.0,1950.0,2023년도 전기자동차 고흥군 모델별 보조금,2023,고흥군
화물(소형),제이스모빌리티,이티4밴,1180,737.0,1917.0,2023년도 전기자동차 고흥군 모델별 보조금,2023,고흥군
화물(소형),오텍,오텍 무시동 전기 냉동탑차(봉고),1253,750.0,2003.0,2023년도 전기자동차 고흥군 모델별 보조금,2023,고흥군
화물(소형),이엔플러스,이엔1톤롱바디카고,959,599.0,1558.0,2023년도 전기자동차 고흥군 모델별 보조금,2023,고흥군
화물(소형),이엔플러스,이엔플러스EV1톤롱바디트럭,1009,630.0,1639.0,2023년도 전기자동차 고흥군 모델별 보조금,2023,고흥군
화물(소형),GS글로벌,T4K,1200,750.0,1950.0,2023년도 전기자동차 고흥군 모델별 보조금,2023,고흥군
화물(소형),에스에스라이트,젤라,986,616.0,1602.0,2023년도 전기자동차 고흥군 모델별 보조금,2023,고흥군
화물(소형),에스에스라이트,젤라 P200,1177,735.0,1912.0,2023년도 전기자동차 고흥군 모델별 보조금,2023,고흥군
화물(소형),한국쓰리축,한국쓰리축1톤롱바디EV트럭(봉고),943,589.0,1532.0,2023년도 전기자동차 고흥군 모델별 보조금,2023,고흥군
화물(소형),한국쓰리축,한국쓰리축1톤롱바디EV트럭(포터),963,601.0,1564.0,2023년도 전기자동차 고흥군 모델별 보조금,2023,고흥군
화물(소형),모빌리티네트웍스,SE-A2밴,1200,750.0,1950.0,2023년도 전기자동차 고흥군 모델별 보조금,2023,고흥군
화물(초소형),스마트솔루션즈,D2C,550,385.0,935.0,2023년도 전기자동차 보성군 모델별 보조금,2023,보성군
화물(초소형),스마트솔루션즈,D2P,550,385.0,935.0,2023년도 전기자동차 보성군 모델별 보조금,2023,보성군
화물(초소형),루트17,다니고3,550,385.0,935.0,2023년도 전기자동차 보성군 모델별 보조금,2023,보성군
화물(초소형),루트17,다니고3 픽업,550,385.0,935.0,2023년도 전기자동차 보성군 모델별 보조금,2023,보성군
화물(초소형),마스타전기차,MASTA VAN,550,385.0,935.0,2023년도 전기자동차 보성군 모델별 보조금,2023,보성군
화물(초소형),마스타전기차,MASTA HIM,550,385.0,935.0,2023년도 전기자동차 보성군 모델별 보조금,2023,보성군
화물(초소형),디피코,포트로-탑,550,385.0,935.0,2023년도 전기자동차 보성군 모델별 보조금,2023,보성군
화물(초소형),디피코,포트로-픽업,550,385.0,935.0,2023년도 전기자동차 보성군 모델별 보조금,2023,보성군
화물(초소형),디피코,포트로-탑S,550,385.0,935.0,2023년도 전기자동차 보성군 모델별 보조금,2023,보성군
화물(초소형),디피코,포트로-픽업S,550,385.0,935.0,2023년도 전기자동차 보성군 모델별 보조금,2023,보성군
화물(초소형),진우에스엠씨,포텐스,550,385.0,935.0,2023년도 전기자동차 보성군 모델별 보조금,2023,보성군
화물(경형),파워프라자,라보ev PEACE,900,674.0,1574.0,2023년도 전기자동차 보성군 모델별 보조금,2023,보성군
화물(경형),디피코,포트로350L-탑,900,674.0,1574.0,2023년도 전기자동차 보성군 모델별 보조금,2023,보성군
화물(경형),디피코,포트로350L-픽업,900,674.0,1574.0,2023년도 전기자동차 보성군 모델별 보조금,2023,보성군
화물(소형),제인모터스,제인모터스칼마토EV1톤내장탑차,498,352.0,850.0,2023년도 전기자동차 보성군 모델별 보조금,2023,보성군
화물(소형),파워프라자,봉고3ev PEACE,536,379.0,915.0,2023년도 전기자동차 보성군 모델별 보조금,2023,보성군
화물(소형),파워프라자,봉고3ev PEACE 더블캡,437,309.0,746.0,2023년도 전기자동차 보성군 모델별 보조금,2023,보성군
화물(소형),현대자동차,포터Ⅱ 일렉트릭(24MY),1200,850.0,2050.0,2023년도 전기자동차 보성군 모델별 보조금,2023,보성군
화물(소형),기아,봉고 전기차,1200,850.0,2050.0,2023년도 전기자동차 보성군 모델별 보조금,2023,보성군
화물(소형),기아,봉고 전기차 냉동탑차,1400,850.0,2250.0,2023년도 전기자동차 보성군 모델별 보조금,2023,보성군
화물(소형),기아,봉고 전기차 저상형 냉동탑차,1400,850.0,2250.0,2023년도 전기자동차 보성군 모델별 보조금,2023,보성군
화물(소형),일진정공,일진무시동전기냉동탑차(149.9km),1053,745.0,1798.0,2023년도 전기자동차 보성군 모델별 보조금,2023,보성군
화물(소형),일진정공,일진무시동전기냉동탑차(186.1km),1321,850.0,2171.0,2023년도 전기자동차 보성군 모델별 보조금,2023,보성군
화물(소형),일진정공,일진무시동전기냉동탑차(봉고),1460,850.0,2310.0,2023년도 전기자동차 보성군 모델별 보조금,2023,보성군
화물(소형),일진정공,일진무시동전기냉동탑차(포터),1444,850.0,2294.0,2023년도 전기자동차 보성군 모델별 보조금,2023,보성군
화물(소형),루트17,다니고밴,784,555.0,1339.0,2023년도 전기자동차 보성군 모델별 보조금,2023,보성군
화물(소형),루트17,다니고C(0.8톤 전기트럭),1112,787.0,1899.0,2023년도 전기자동차 보성군 모델별 보조금,2023,보성군
화물(소형),루트17,다니고C2(0.8톤 전기트럭),909,643.0,1552.0,2023년도 전기자동차 보성군 모델별 보조금,2023,보성군
화물(소형),루트17,다니고R(전기냉동탑차),1313,850.0,2163.0,2023년도 전기자동차 보성군 모델별 보조금,2023,보성군
화물(소형),루트17,다니고R2(무시동 전기냉동탑차),1212,850.0,2062.0,2023년도 전기자동차 보성군 모델별 보조금,2023,보성군
화물(소형),한신자동차,플러스2.0,648,459.0,1107.0,2023년도 전기자동차 보성군 모델별 보조금,2023,보성군
화물(소형),비바모빌리티,(단종)비바,932,660.0,1592.0,2023년도 전기자동차 보성군 모델별 보조금,2023,보성군
화물(소형),비바모빌리티,(단종)브라보,802,568.0,1370.0,2023년도 전기자동차 보성군 모델별 보조금,2023,보성군
화물(소형),이브이케이엠씨,(단종)MASADA 2밴,1124,796.0,1920.0,2023년도 전기자동차 보성군 모델별 보조금,2023,보성군
화물(소형),이브이케이엠씨,(단종)MASADA 4밴,1025,726.0,1751.0,2023년도 전기자동차 보성군 모델별 보조금,2023,보성군
화물(소형),이브이케이엠씨,MASADA 픽업,1078,763.0,1841.0,2023년도 전기자동차 보성군 모델별 보조금,2023,보성군
화물(소형),이브이케이엠씨,MASADA 3세대 2밴,1124,796.0,1920.0,2023년도 전기자동차 보성군 모델별 보조금,2023,보성군
화물(소형),이브이케이엠씨,MASADA 3세대 4밴,1025,726.0,1751.0,2023년도 전기자동차 보성군 모델별 보조금,2023,보성군
화물(소형),이브이케이엠씨,MASADA 2밴,1200,850.0,2050.0,2023년도 전기자동차 보성군 모델별 보조금,2023,보성군
화물(소형),경인모터스,경인1톤전기냉동탑차,1151,815.0,1966.0,2023년도 전기자동차 보성군 모델별 보조금,2023,보성군
화물(소형),제이스모빌리티,(단종)이티밴,1200,850.0,2050.0,2023년도 전기자동차 보성군 모델별 보조금,2023,보성군
화물(소형),제이스모빌리티,이티4밴,1180,835.0,2015.0,2023년도 전기자동차 보성군 모델별 보조금,2023,보성군
화물(소형),오텍,오텍 무시동 전기 냉동탑차(봉고),1253,850.0,2103.0,2023년도 전기자동차 보성군 모델별 보조금,2023,보성군
화물(소형),이엔플러스,이엔1톤롱바디카고,959,679.0,1638.0,2023년도 전기자동차 보성군 모델별 보조금,2023,보성군
화물(소형),이엔플러스,이엔플러스EV1톤롱바디트럭,1009,714.0,1723.0,2023년도 전기자동차 보성군 모델별 보조금,2023,보성군
화물(소형),GS글로벌,T4K,1200,850.0,2050.0,2023년도 전기자동차 보성군 모델별 보조금,2023,보성군
화물(소형),에스에스라이트,젤라,986,698.0,1684.0,2023년도 전기자동차 보성군 모델별 보조금,2023,보성군
화물(소형),에스에스라이트,젤라 P200,1177,833.0,2010.0,2023년도 전기자동차 보성군 모델별 보조금,2023,보성군
화물(소형),한국쓰리축,한국쓰리축1톤롱바디EV트럭(봉고),943,667.0,1610.0,2023년도 전기자동차 보성군 모델별 보조금,2023,보성군
화물(소형),한국쓰리축,한국쓰리축1톤롱바디EV트럭(포터),963,682.0,1645.0,2023년도 전기자동차 보성군 모델별 보조금,2023,보성군
화물(소형),모빌리티네트웍스,SE-A2밴,1200,850.0,2050.0,2023년도 전기자동차 보성군 모델별 보조금,2023,보성군
화물(초소형),스마트솔루션즈,D2C,550,343.0,893.0,2023년도 전기자동차 화순군 모델별 보조금,2023,화순군
화물(초소형),스마트솔루션즈,D2P,550,343.0,893.0,2023년도 전기자동차 화순군 모델별 보조금,2023,화순군
화물(초소형),루트17,다니고3,550,343.0,893.0,2023년도 전기자동차 화순군 모델별 보조금,2023,화순군
화물(초소형),루트17,다니고3 픽업,550,343.0,893.0,2023년도 전기자동차 화순군 모델별 보조금,2023,화순군
화물(초소형),마스타전기차,MASTA VAN,550,343.0,893.0,2023년도 전기자동차 화순군 모델별 보조금,2023,화순군
화물(초소형),마스타전기차,MASTA HIM,550,343.0,893.0,2023년도 전기자동차 화순군 모델별 보조금,2023,화순군
화물(초소형),디피코,포트로-탑,550,343.0,893.0,2023년도 전기자동차 화순군 모델별 보조금,2023,화순군
화물(초소형),디피코,포트로-픽업,550,343.0,893.0,2023년도 전기자동차 화순군 모델별 보조금,2023,화순군
화물(초소형),디피코,포트로-탑S,550,343.0,893.0,2023년도 전기자동차 화순군 모델별 보조금,2023,화순군
화물(초소형),디피코,포트로-픽업S,550,343.0,893.0,2023년도 전기자동차 화순군 모델별 보조금,2023,화순군
화물(초소형),진우에스엠씨,포텐스,550,343.0,893.0,2023년도 전기자동차 화순군 모델별 보조금,2023,화순군
화물(경형),파워프라자,라보ev PEACE,900,562.0,1462.0,2023년도 전기자동차 화순군 모델별 보조금,2023,화순군
화물(경형),디피코,포트로350L-탑,900,0.0,900.0,2023년도 전기자동차 화순군 모델별 보조금,2023,화순군
화물(경형),디피코,포트로350L-픽업,900,0.0,900.0,2023년도 전기자동차 화순군 모델별 보조금,2023,화순군
화물(소형),제인모터스,제인모터스칼마토EV1톤내장탑차,498,311.0,809.0,2023년도 전기자동차 화순군 모델별 보조금,2023,화순군
화물(소형),파워프라자,봉고3ev PEACE,536,335.0,871.0,2023년도 전기자동차 화순군 모델별 보조금,2023,화순군
화물(소형),파워프라자,봉고3ev PEACE 더블캡,437,273.0,710.0,2023년도 전기자동차 화순군 모델별 보조금,2023,화순군
화물(소형),현대자동차,포터Ⅱ 일렉트릭(23MY),1200,750.0,1950.0,2023년도 전기자동차 화순군 모델별 보조금,2023,화순군
화물(소형),현대자동차,포터Ⅱ 일렉트릭(24MY),1200,750.0,1950.0,2023년도 전기자동차 화순군 모델별 보조금,2023,화순군
화물(소형),기아,봉고 전기차,1200,750.0,1950.0,2023년도 전기자동차 화순군 모델별 보조금,2023,화순군
화물(소형),기아,봉고 전기차 냉동탑차,1400,875.0,2275.0,2023년도 전기자동차 화순군 모델별 보조금,2023,화순군
화물(소형),기아,봉고 전기차 저상형 냉동탑차,1400,875.0,2275.0,2023년도 전기자동차 화순군 모델별 보조금,2023,화순군
화물(소형),일진정공,일진무시동전기냉동탑차(149.9km),1053,658.0,1711.0,2023년도 전기자동차 화순군 모델별 보조금,2023,화순군
화물(소형),일진정공,일진무시동전기냉동탑차(186.1km),1321,825.0,2146.0,2023년도 전기자동차 화순군 모델별 보조금,2023,화순군
화물(소형),일진정공,일진무시동전기냉동탑차(봉고),1460,912.0,2372.0,2023년도 전기자동차 화순군 모델별 보조금,2023,화순군
화물(소형),일진정공,일진무시동전기냉동탑차(포터),1444,902.0,2346.0,2023년도 전기자동차 화순군 모델별 보조금,2023,화순군
화물(소형),루트17,다니고밴,784,490.0,1274.0,2023년도 전기자동차 화순군 모델별 보조금,2023,화순군
화물(소형),루트17,다니고C(0.8톤 전기트럭),1112,695.0,1807.0,2023년도 전기자동차 화순군 모델별 보조금,2023,화순군
화물(소형),루트17,다니고C2(0.8톤 전기트럭),909,568.0,1477.0,2023년도 전기자동차 화순군 모델별 보조금,2023,화순군
화물(소형),루트17,다니고R(전기냉동탑차),1313,0.0,1313.0,2023년도 전기자동차 화순군 모델별 보조금,2023,화순군
화물(소형),루트17,다니고R2(무시동 전기냉동탑차),1212,0.0,1212.0,2023년도 전기자동차 화순군 모델별 보조금,2023,화순군
화물(소형),한신자동차,플러스2.0,648,405.0,1053.0,2023년도 전기자동차 화순군 모델별 보조금,2023,화순군
화물(소형),비바모빌리티,(단종)비바,932,582.0,1514.0,2023년도 전기자동차 화순군 모델별 보조금,2023,화순군
화물(소형),비바모빌리티,(단종)브라보,802,501.0,1303.0,2023년도 전기자동차 화순군 모델별 보조금,2023,화순군
화물(소형),이브이케이엠씨,(단종)MASADA 2밴,1124,702.0,1826.0,2023년도 전기자동차 화순군 모델별 보조금,2023,화순군
화물(소형),이브이케이엠씨,(단종)MASADA 4밴,1025,640.0,1665.0,2023년도 전기자동차 화순군 모델별 보조금,2023,화순군
화물(소형),이브이케이엠씨,MASADA 픽업,1078,673.0,1751.0,2023년도 전기자동차 화순군 모델별 보조금,2023,화순군
화물(소형),이브이케이엠씨,MASADA 3세대 2밴,1124,702.0,1826.0,2023년도 전기자동차 화순군 모델별 보조금,2023,화순군
화물(소형),이브이케이엠씨,MASADA 3세대 4밴,1025,640.0,1665.0,2023년도 전기자동차 화순군 모델별 보조금,2023,화순군
화물(소형),이브이케이엠씨,MASADA 2밴,1200,0.0,1200.0,2023년도 전기자동차 화순군 모델별 보조금,2023,화순군
화물(소형),경인모터스,경인1톤전기냉동탑차,1151,719.0,1870.0,2023년도 전기자동차 화순군 모델별 보조금,2023,화순군
화물(소형),제이스모빌리티,(단종)이티밴,1200,750.0,1950.0,2023년도 전기자동차 화순군 모델별 보조금,2023,화순군
화물(소형),제이스모빌리티,이티밴,1200,750.0,1950.0,2023년도 전기자동차 화순군 모델별 보조금,2023,화순군
화물(소형),제이스모빌리티,이티4밴,1180,737.0,1917.0,2023년도 전기자동차 화순군 모델별 보조금,2023,화순군
화물(소형),오텍,오텍 무시동 전기 냉동탑차(봉고),1253,783.0,2036.0,2023년도 전기자동차 화순군 모델별 보조금,2023,화순군
화물(소형),이엔플러스,이엔1톤롱바디카고,959,599.0,1558.0,2023년도 전기자동차 화순군 모델별 보조금,2023,화순군
화물(소형),이엔플러스,이엔플러스EV1톤롱바디트럭,1009,630.0,1639.0,2023년도 전기자동차 화순군 모델별 보조금,2023,화순군
화물(소형),GS글로벌,T4K,1200,750.0,1950.0,2023년도 전기자동차 화순군 모델별 보조금,2023,화순군
화물(소형),에스에스라이트,젤라,986,616.0,1602.0,2023년도 전기자동차 화순군 모델별 보조금,2023,화순군
화물(소형),에스에스라이트,젤라 P200,1177,735.0,1912.0,2023년도 전기자동차 화순군 모델별 보조금,2023,화순군
화물(소형),한국쓰리축,한국쓰리축1톤롱바디EV트럭(봉고),943,0.0,943.0,2023년도 전기자동차 화순군 모델별 보조금,2023,화순군
화물(소형),한국쓰리축,한국쓰리축1톤롱바디EV트럭(포터),963,0.0,963.0,2023년도 전기자동차 화순군 모델별 보조금,2023,화순군
화물(소형),모빌리티네트웍스,SE-A2밴,1200,750.0,1950.0,2023년도 전기자동차 화순군 모델별 보조금,2023,화순군
화물(초소형),스마트솔루션즈,D2C,550,343.0,893.0,2023년도 전기자동차 장흥군 모델별 보조금,2023,장흥군
화물(초소형),스마트솔루션즈,D2P,550,343.0,893.0,2023년도 전기자동차 장흥군 모델별 보조금,2023,장흥군
화물(초소형),루트17,다니고3,550,343.0,893.0,2023년도 전기자동차 장흥군 모델별 보조금,2023,장흥군
화물(초소형),루트17,다니고3 픽업,550,343.0,893.0,2023년도 전기자동차 장흥군 모델별 보조금,2023,장흥군
화물(초소형),마스타전기차,MASTA VAN,550,343.0,893.0,2023년도 전기자동차 장흥군 모델별 보조금,2023,장흥군
화물(초소형),마스타전기차,MASTA HIM,550,343.0,893.0,2023년도 전기자동차 장흥군 모델별 보조금,2023,장흥군
화물(초소형),디피코,포트로-탑,550,343.0,893.0,2023년도 전기자동차 장흥군 모델별 보조금,2023,장흥군
화물(초소형),디피코,포트로-픽업,550,343.0,893.0,2023년도 전기자동차 장흥군 모델별 보조금,2023,장흥군
화물(초소형),디피코,포트로-탑S,550,343.0,893.0,2023년도 전기자동차 장흥군 모델별 보조금,2023,장흥군
화물(초소형),디피코,포트로-픽업S,550,343.0,893.0,2023년도 전기자동차 장흥군 모델별 보조금,2023,장흥군
화물(초소형),진우에스엠씨,포텐스,550,343.0,893.0,2023년도 전기자동차 장흥군 모델별 보조금,2023,장흥군
화물(경형),파워프라자,라보ev PEACE,900,562.0,1462.0,2023년도 전기자동차 장흥군 모델별 보조금,2023,장흥군
화물(경형),디피코,포트로350L-탑,900,562.0,1462.0,2023년도 전기자동차 장흥군 모델별 보조금,2023,장흥군
화물(경형),디피코,포트로350L-픽업,900,0.0,900.0,2023년도 전기자동차 장흥군 모델별 보조금,2023,장흥군
화물(소형),제인모터스,제인모터스칼마토EV1톤내장탑차,498,311.0,809.0,2023년도 전기자동차 장흥군 모델별 보조금,2023,장흥군
화물(소형),파워프라자,봉고3ev PEACE,536,335.0,871.0,2023년도 전기자동차 장흥군 모델별 보조금,2023,장흥군
화물(소형),파워프라자,봉고3ev PEACE 더블캡,437,273.0,710.0,2023년도 전기자동차 장흥군 모델별 보조금,2023,장흥군
화물(소형),현대자동차,포터Ⅱ 일렉트릭(23MY),1200,750.0,1950.0,2023년도 전기자동차 장흥군 모델별 보조금,2023,장흥군
화물(소형),현대자동차,포터Ⅱ 일렉트릭(24MY),1200,750.0,1950.0,2023년도 전기자동차 장흥군 모델별 보조금,2023,장흥군
화물(소형),기아,봉고 전기차,1200,750.0,1950.0,2023년도 전기자동차 장흥군 모델별 보조금,2023,장흥군
화물(소형),기아,봉고 전기차 냉동탑차,1400,750.0,2150.0,2023년도 전기자동차 장흥군 모델별 보조금,2023,장흥군
화물(소형),기아,봉고 전기차 저상형 냉동탑차,1400,750.0,2150.0,2023년도 전기자동차 장흥군 모델별 보조금,2023,장흥군
화물(소형),일진정공,일진무시동전기냉동탑차(149.9km),1053,658.0,1711.0,2023년도 전기자동차 장흥군 모델별 보조금,2023,장흥군
화물(소형),일진정공,일진무시동전기냉동탑차(186.1km),1321,750.0,2071.0,2023년도 전기자동차 장흥군 모델별 보조금,2023,장흥군
화물(소형),일진정공,일진무시동전기냉동탑차(봉고),1460,750.0,2210.0,2023년도 전기자동차 장흥군 모델별 보조금,2023,장흥군
화물(소형),일진정공,일진무시동전기냉동탑차(포터),1444,750.0,2194.0,2023년도 전기자동차 장흥군 모델별 보조금,2023,장흥군
화물(소형),루트17,다니고밴,784,490.0,1274.0,2023년도 전기자동차 장흥군 모델별 보조금,2023,장흥군
화물(소형),루트17,다니고C(0.8톤 전기트럭),1112,695.0,1807.0,2023년도 전기자동차 장흥군 모델별 보조금,2023,장흥군
화물(소형),루트17,다니고C2(0.8톤 전기트럭),909,568.0,1477.0,2023년도 전기자동차 장흥군 모델별 보조금,2023,장흥군
화물(소형),루트17,다니고R(전기냉동탑차),1313,750.0,2063.0,2023년도 전기자동차 장흥군 모델별 보조금,2023,장흥군
화물(소형),루트17,다니고R2(무시동 전기냉동탑차),1212,750.0,1962.0,2023년도 전기자동차 장흥군 모델별 보조금,2023,장흥군
화물(소형),한신자동차,플러스2.0,648,405.0,1053.0,2023년도 전기자동차 장흥군 모델별 보조금,2023,장흥군
화물(소형),비바모빌리티,(단종)비바,932,582.0,1514.0,2023년도 전기자동차 장흥군 모델별 보조금,2023,장흥군
화물(소형),비바모빌리티,(단종)브라보,802,501.0,1303.0,2023년도 전기자동차 장흥군 모델별 보조금,2023,장흥군
화물(소형),이브이케이엠씨,(단종)MASADA 2밴,1124,702.0,1826.0,2023년도 전기자동차 장흥군 모델별 보조금,2023,장흥군
화물(소형),이브이케이엠씨,(단종)MASADA 4밴,1025,640.0,1665.0,2023년도 전기자동차 장흥군 모델별 보조금,2023,장흥군
화물(소형),이브이케이엠씨,MASADA 픽업,1078,673.0,1751.0,2023년도 전기자동차 장흥군 모델별 보조금,2023,장흥군
화물(소형),이브이케이엠씨,MASADA 3세대 2밴,1124,702.0,1826.0,2023년도 전기자동차 장흥군 모델별 보조금,2023,장흥군
화물(소형),이브이케이엠씨,MASADA 3세대 4밴,1025,640.0,1665.0,2023년도 전기자동차 장흥군 모델별 보조금,2023,장흥군
화물(소형),이브이케이엠씨,MASADA 2밴,1200,750.0,1950.0,2023년도 전기자동차 장흥군 모델별 보조금,2023,장흥군
화물(소형),경인모터스,경인1톤전기냉동탑차,1151,719.0,1870.0,2023년도 전기자동차 장흥군 모델별 보조금,2023,장흥군
화물(소형),제이스모빌리티,(단종)이티밴,1200,750.0,1950.0,2023년도 전기자동차 장흥군 모델별 보조금,2023,장흥군
화물(소형),제이스모빌리티,이티밴,1200,750.0,1950.0,2023년도 전기자동차 장흥군 모델별 보조금,2023,장흥군
화물(소형),제이스모빌리티,이티4밴,1180,737.0,1917.0,2023년도 전기자동차 장흥군 모델별 보조금,2023,장흥군
화물(소형),오텍,오텍 무시동 전기 냉동탑차(봉고),1253,750.0,2003.0,2023년도 전기자동차 장흥군 모델별 보조금,2023,장흥군
화물(소형),이엔플러스,이엔1톤롱바디카고,959,599.0,1558.0,2023년도 전기자동차 장흥군 모델별 보조금,2023,장흥군
화물(소형),이엔플러스,이엔플러스EV1톤롱바디트럭,1009,630.0,1639.0,2023년도 전기자동차 장흥군 모델별 보조금,2023,장흥군
화물(소형),GS글로벌,T4K,1200,750.0,1950.0,2023년도 전기자동차 장흥군 모델별 보조금,2023,장흥군
화물(소형),에스에스라이트,젤라,986,616.0,1602.0,2023년도 전기자동차 장흥군 모델별 보조금,2023,장흥군
화물(소형),에스에스라이트,젤라 P200,1177,735.0,1912.0,2023년도 전기자동차 장흥군 모델별 보조금,2023,장흥군
화물(소형),한국쓰리축,한국쓰리축1톤롱바디EV트럭(봉고),943,589.0,1532.0,2023년도 전기자동차 장흥군 모델별 보조금,2023,장흥군
화물(소형),한국쓰리축,한국쓰리축1톤롱바디EV트럭(포터),963,601.0,1564.0,2023년도 전기자동차 장흥군 모델별 보조금,2023,장흥군
화물(소형),모빌리티네트웍스,SE-A2밴,1200,750.0,1950.0,2023년도 전기자동차 장흥군 모델별 보조금,2023,장흥군
화물(초소형),스마트솔루션즈,D2C,550,343.0,893.0,2023년도 전기자동차 강진군 모델별 보조금,2023,강진군
화물(초소형),스마트솔루션즈,D2P,550,343.0,893.0,2023년도 전기자동차 강진군 모델별 보조금,2023,강진군
화물(초소형),루트17,다니고3,550,343.0,893.0,2023년도 전기자동차 강진군 모델별 보조금,2023,강진군
화물(초소형),루트17,다니고3 픽업,550,343.0,893.0,2023년도 전기자동차 강진군 모델별 보조금,2023,강진군
화물(초소형),마스타전기차,MASTA VAN,550,343.0,893.0,2023년도 전기자동차 강진군 모델별 보조금,2023,강진군
화물(초소형),마스타전기차,MASTA HIM,550,343.0,893.0,2023년도 전기자동차 강진군 모델별 보조금,2023,강진군
화물(초소형),디피코,포트로-탑,550,343.0,893.0,2023년도 전기자동차 강진군 모델별 보조금,2023,강진군
화물(초소형),디피코,포트로-픽업,550,343.0,893.0,2023년도 전기자동차 강진군 모델별 보조금,2023,강진군
화물(초소형),디피코,포트로-탑S,550,343.0,893.0,2023년도 전기자동차 강진군 모델별 보조금,2023,강진군
화물(초소형),디피코,포트로-픽업S,550,343.0,893.0,2023년도 전기자동차 강진군 모델별 보조금,2023,강진군
화물(초소형),진우에스엠씨,포텐스,550,343.0,893.0,2023년도 전기자동차 강진군 모델별 보조금,2023,강진군
화물(경형),파워프라자,라보ev PEACE,900,562.0,1462.0,2023년도 전기자동차 강진군 모델별 보조금,2023,강진군
화물(경형),디피코,포트로350L-탑,900,562.0,1462.0,2023년도 전기자동차 강진군 모델별 보조금,2023,강진군
화물(경형),디피코,포트로350L-픽업,900,562.0,1462.0,2023년도 전기자동차 강진군 모델별 보조금,2023,강진군
화물(소형),제인모터스,제인모터스칼마토EV1톤내장탑차,498,311.0,809.0,2023년도 전기자동차 강진군 모델별 보조금,2023,강진군
화물(소형),파워프라자,봉고3ev PEACE,536,335.0,871.0,2023년도 전기자동차 강진군 모델별 보조금,2023,강진군
화물(소형),파워프라자,봉고3ev PEACE 더블캡,437,273.0,710.0,2023년도 전기자동차 강진군 모델별 보조금,2023,강진군
화물(소형),현대자동차,포터Ⅱ 일렉트릭(23MY),1200,750.0,1950.0,2023년도 전기자동차 강진군 모델별 보조금,2023,강진군
화물(소형),현대자동차,포터Ⅱ 일렉트릭(24MY),1200,750.0,1950.0,2023년도 전기자동차 강진군 모델별 보조금,2023,강진군
화물(소형),기아,봉고 전기차,1200,750.0,1950.0,2023년도 전기자동차 강진군 모델별 보조금,2023,강진군
화물(소형),기아,봉고 전기차 냉동탑차,1400,750.0,2150.0,2023년도 전기자동차 강진군 모델별 보조금,2023,강진군
화물(소형),기아,봉고 전기차 저상형 냉동탑차,1400,750.0,2150.0,2023년도 전기자동차 강진군 모델별 보조금,2023,강진군
화물(소형),일진정공,일진무시동전기냉동탑차(149.9km),1053,658.0,1711.0,2023년도 전기자동차 강진군 모델별 보조금,2023,강진군
화물(소형),일진정공,일진무시동전기냉동탑차(186.1km),1321,750.0,2071.0,2023년도 전기자동차 강진군 모델별 보조금,2023,강진군
화물(소형),일진정공,일진무시동전기냉동탑차(봉고),1460,750.0,2210.0,2023년도 전기자동차 강진군 모델별 보조금,2023,강진군
화물(소형),일진정공,일진무시동전기냉동탑차(포터),1444,750.0,2194.0,2023년도 전기자동차 강진군 모델별 보조금,2023,강진군
화물(소형),루트17,다니고밴,784,490.0,1274.0,2023년도 전기자동차 강진군 모델별 보조금,2023,강진군
화물(소형),루트17,다니고C(0.8톤 전기트럭),1112,695.0,1807.0,2023년도 전기자동차 강진군 모델별 보조금,2023,강진군
화물(소형),루트17,다니고C2(0.8톤 전기트럭),909,568.0,1477.0,2023년도 전기자동차 강진군 모델별 보조금,2023,강진군
화물(소형),루트17,다니고R(전기냉동탑차),1313,750.0,2063.0,2023년도 전기자동차 강진군 모델별 보조금,2023,강진군
화물(소형),루트17,다니고R2(무시동 전기냉동탑차),1212,750.0,1962.0,2023년도 전기자동차 강진군 모델별 보조금,2023,강진군
화물(소형),한신자동차,플러스2.0,648,405.0,1053.0,2023년도 전기자동차 강진군 모델별 보조금,2023,강진군
화물(소형),비바모빌리티,(단종)비바,932,582.0,1514.0,2023년도 전기자동차 강진군 모델별 보조금,2023,강진군
화물(소형),비바모빌리티,(단종)브라보,802,501.0,1303.0,2023년도 전기자동차 강진군 모델별 보조금,2023,강진군
화물(소형),이브이케이엠씨,(단종)MASADA 2밴,1124,702.0,1826.0,2023년도 전기자동차 강진군 모델별 보조금,2023,강진군
화물(소형),이브이케이엠씨,(단종)MASADA 4밴,1025,640.0,1665.0,2023년도 전기자동차 강진군 모델별 보조금,2023,강진군
화물(소형),이브이케이엠씨,MASADA 픽업,1078,673.0,1751.0,2023년도 전기자동차 강진군 모델별 보조금,2023,강진군
화물(소형),이브이케이엠씨,MASADA 3세대 2밴,1124,702.0,1826.0,2023년도 전기자동차 강진군 모델별 보조금,2023,강진군
화물(소형),이브이케이엠씨,MASADA 3세대 4밴,1025,640.0,1665.0,2023년도 전기자동차 강진군 모델별 보조금,2023,강진군
화물(소형),이브이케이엠씨,MASADA 2밴,1200,750.0,1950.0,2023년도 전기자동차 강진군 모델별 보조금,2023,강진군
화물(소형),이브이케이엠씨,MASADA 4밴,1200,750.0,1950.0,2023년도 전기자동차 강진군 모델별 보조금,2023,강진군
화물(소형),경인모터스,경인1톤전기냉동탑차,1151,719.0,1870.0,2023년도 전기자동차 강진군 모델별 보조금,2023,강진군
화물(소형),제이스모빌리티,(단종)이티밴,1200,750.0,1950.0,2023년도 전기자동차 강진군 모델별 보조금,2023,강진군
화물(소형),제이스모빌리티,이티밴,1200,750.0,1950.0,2023년도 전기자동차 강진군 모델별 보조금,2023,강진군
화물(소형),제이스모빌리티,이티4밴,1180,737.0,1917.0,2023년도 전기자동차 강진군 모델별 보조금,2023,강진군
화물(소형),오텍,오텍 무시동 전기 냉동탑차(봉고),1253,750.0,2003.0,2023년도 전기자동차 강진군 모델별 보조금,2023,강진군
화물(소형),이엔플러스,이엔1톤롱바디카고,959,599.0,1558.0,2023년도 전기자동차 강진군 모델별 보조금,2023,강진군
화물(소형),이엔플러스,이엔플러스EV1톤롱바디트럭,1009,630.0,1639.0,2023년도 전기자동차 강진군 모델별 보조금,2023,강진군
화물(소형),GS글로벌,T4K,1200,750.0,1950.0,2023년도 전기자동차 강진군 모델별 보조금,2023,강진군
화물(소형),에스에스라이트,젤라,986,616.0,1602.0,2023년도 전기자동차 강진군 모델별 보조금,2023,강진군
화물(소형),에스에스라이트,젤라 P200,1177,735.0,1912.0,2023년도 전기자동차 강진군 모델별 보조금,2023,강진군
화물(소형),한국쓰리축,한국쓰리축1톤롱바디EV트럭(봉고),943,589.0,1532.0,2023년도 전기자동차 강진군 모델별 보조금,2023,강진군
화물(소형),한국쓰리축,한국쓰리축1톤롱바디EV트럭(포터),963,601.0,1564.0,2023년도 전기자동차 강진군 모델별 보조금,2023,강진군
화물(소형),모빌리티네트웍스,SE-A2밴,1200,750.0,1950.0,2023년도 전기자동차 강진군 모델별 보조금,2023,강진군
화물(초소형),스마트솔루션즈,D2C,550,350.0,900.0,2023년도 전기자동차 해남군 모델별 보조금,2023,해남군
화물(초소형),스마트솔루션즈,D2P,550,350.0,900.0,2023년도 전기자동차 해남군 모델별 보조금,2023,해남군
화물(초소형),루트17,다니고3,550,350.0,900.0,2023년도 전기자동차 해남군 모델별 보조금,2023,해남군
화물(초소형),루트17,다니고3 픽업,550,350.0,900.0,2023년도 전기자동차 해남군 모델별 보조금,2023,해남군
화물(초소형),마스타전기차,MASTA VAN,550,350.0,900.0,2023년도 전기자동차 해남군 모델별 보조금,2023,해남군
화물(초소형),마스타전기차,MASTA HIM,550,350.0,900.0,2023년도 전기자동차 해남군 모델별 보조금,2023,해남군
화물(초소형),디피코,포트로-탑,550,350.0,900.0,2023년도 전기자동차 해남군 모델별 보조금,2023,해남군
화물(초소형),디피코,포트로-픽업,550,350.0,900.0,2023년도 전기자동차 해남군 모델별 보조금,2023,해남군
화물(초소형),디피코,포트로-탑S,550,350.0,900.0,2023년도 전기자동차 해남군 모델별 보조금,2023,해남군
화물(초소형),디피코,포트로-픽업S,550,350.0,900.0,2023년도 전기자동차 해남군 모델별 보조금,2023,해남군
화물(초소형),진우에스엠씨,포텐스,550,350.0,900.0,2023년도 전기자동차 해남군 모델별 보조금,2023,해남군
화물(경형),파워프라자,라보ev PEACE,900,600.0,1500.0,2023년도 전기자동차 해남군 모델별 보조금,2023,해남군
화물(경형),디피코,포트로350L-탑,900,600.0,1500.0,2023년도 전기자동차 해남군 모델별 보조금,2023,해남군
화물(경형),디피코,포트로350L-픽업,900,600.0,1500.0,2023년도 전기자동차 해남군 모델별 보조금,2023,해남군
화물(소형),제인모터스,제인모터스칼마토EV1톤내장탑차,498,352.0,850.0,2023년도 전기자동차 해남군 모델별 보조금,2023,해남군
화물(소형),파워프라자,봉고3ev PEACE,536,379.0,915.0,2023년도 전기자동차 해남군 모델별 보조금,2023,해남군
화물(소형),파워프라자,봉고3ev PEACE 더블캡,437,309.0,746.0,2023년도 전기자동차 해남군 모델별 보조금,2023,해남군
화물(소형),현대자동차,포터Ⅱ 일렉트릭(23MY),1200,850.0,2050.0,2023년도 전기자동차 해남군 모델별 보조금,2023,해남군
화물(소형),현대자동차,포터Ⅱ 일렉트릭(24MY),1200,850.0,2050.0,2023년도 전기자동차 해남군 모델별 보조금,2023,해남군
화물(소형),기아,봉고 전기차,1200,850.0,2050.0,2023년도 전기자동차 해남군 모델별 보조금,2023,해남군
화물(소형),기아,봉고 전기차 냉동탑차,1400,850.0,2250.0,2023년도 전기자동차 해남군 모델별 보조금,2023,해남군
화물(소형),기아,봉고 전기차 저상형 냉동탑차,1400,850.0,2250.0,2023년도 전기자동차 해남군 모델별 보조금,2023,해남군
화물(소형),일진정공,일진무시동전기냉동탑차(149.9km),1053,745.0,1798.0,2023년도 전기자동차 해남군 모델별 보조금,2023,해남군
화물(소형),일진정공,일진무시동전기냉동탑차(186.1km),1321,850.0,2171.0,2023년도 전기자동차 해남군 모델별 보조금,2023,해남군
화물(소형),일진정공,일진무시동전기냉동탑차(봉고),1460,850.0,2310.0,2023년도 전기자동차 해남군 모델별 보조금,2023,해남군
화물(소형),일진정공,일진무시동전기냉동탑차(포터),1444,850.0,2294.0,2023년도 전기자동차 해남군 모델별 보조금,2023,해남군
화물(소형),루트17,다니고밴,784,555.0,1339.0,2023년도 전기자동차 해남군 모델별 보조금,2023,해남군
화물(소형),루트17,다니고C(0.8톤 전기트럭),1112,787.0,1899.0,2023년도 전기자동차 해남군 모델별 보조금,2023,해남군
화물(소형),루트17,다니고C2(0.8톤 전기트럭),909,643.0,1552.0,2023년도 전기자동차 해남군 모델별 보조금,2023,해남군
화물(소형),루트17,다니고R(전기냉동탑차),1313,850.0,2163.0,2023년도 전기자동차 해남군 모델별 보조금,2023,해남군
화물(소형),루트17,다니고R2(무시동 전기냉동탑차),1212,850.0,2062.0,2023년도 전기자동차 해남군 모델별 보조금,2023,해남군
화물(소형),한신자동차,플러스2.0,648,459.0,1107.0,2023년도 전기자동차 해남군 모델별 보조금,2023,해남군
화물(소형),비바모빌리티,(단종)비바,932,660.0,1592.0,2023년도 전기자동차 해남군 모델별 보조금,2023,해남군
화물(소형),비바모빌리티,(단종)브라보,802,568.0,1370.0,2023년도 전기자동차 해남군 모델별 보조금,2023,해남군
화물(소형),이브이케이엠씨,(단종)MASADA 2밴,1124,796.0,1920.0,2023년도 전기자동차 해남군 모델별 보조금,2023,해남군
화물(소형),이브이케이엠씨,(단종)MASADA 4밴,1025,726.0,1751.0,2023년도 전기자동차 해남군 모델별 보조금,2023,해남군
화물(소형),이브이케이엠씨,MASADA 픽업,1078,763.0,1841.0,2023년도 전기자동차 해남군 모델별 보조금,2023,해남군
화물(소형),이브이케이엠씨,MASADA 3세대 2밴,1124,796.0,1920.0,2023년도 전기자동차 해남군 모델별 보조금,2023,해남군
화물(소형),이브이케이엠씨,MASADA 3세대 4밴,1025,726.0,1751.0,2023년도 전기자동차 해남군 모델별 보조금,2023,해남군
화물(소형),경인모터스,경인1톤전기냉동탑차,1151,815.0,1966.0,2023년도 전기자동차 해남군 모델별 보조금,2023,해남군
화물(소형),제이스모빌리티,(단종)이티밴,1200,850.0,2050.0,2023년도 전기자동차 해남군 모델별 보조금,2023,해남군
화물(소형),제이스모빌리티,이티밴,1200,850.0,2050.0,2023년도 전기자동차 해남군 모델별 보조금,2023,해남군
화물(소형),제이스모빌리티,이티4밴,1180,835.0,2015.0,2023년도 전기자동차 해남군 모델별 보조금,2023,해남군
화물(소형),오텍,오텍 무시동 전기 냉동탑차(봉고),1253,850.0,2103.0,2023년도 전기자동차 해남군 모델별 보조금,2023,해남군
화물(소형),이엔플러스,이엔1톤롱바디카고,959,679.0,1638.0,2023년도 전기자동차 해남군 모델별 보조금,2023,해남군
화물(소형),이엔플러스,이엔플러스EV1톤롱바디트럭,1009,714.0,1723.0,2023년도 전기자동차 해남군 모델별 보조금,2023,해남군
화물(소형),GS글로벌,T4K,1200,850.0,2050.0,2023년도 전기자동차 해남군 모델별 보조금,2023,해남군
화물(소형),에스에스라이트,젤라,986,698.0,1684.0,2023년도 전기자동차 해남군 모델별 보조금,2023,해남군
화물(소형),에스에스라이트,젤라 P200,1177,833.0,2010.0,2023년도 전기자동차 해남군 모델별 보조금,2023,해남군
화물(소형),한국쓰리축,한국쓰리축1톤롱바디EV트럭(봉고),943,667.0,1610.0,2023년도 전기자동차 해남군 모델별 보조금,2023,해남군
화물(소형),한국쓰리축,한국쓰리축1톤롱바디EV트럭(포터),963,682.0,1645.0,2023년도 전기자동차 해남군 모델별 보조금,2023,해남군
화물(소형),모빌리티네트웍스,SE-A2밴,1200,850.0,2050.0,2023년도 전기자동차 해남군 모델별 보조금,2023,해남군
화물(초소형),스마트솔루션즈,D2C,550,350.0,900.0,2023년도 전기자동차 영암군 모델별 보조금,2023,영암군
화물(초소형),스마트솔루션즈,D2P,550,350.0,900.0,2023년도 전기자동차 영암군 모델별 보조금,2023,영암군
화물(초소형),루트17,다니고3,550,350.0,900.0,2023년도 전기자동차 영암군 모델별 보조금,2023,영암군
화물(초소형),루트17,다니고3 픽업,550,350.0,900.0,2023년도 전기자동차 영암군 모델별 보조금,2023,영암군
화물(초소형),마스타전기차,MASTA VAN,550,350.0,900.0,2023년도 전기자동차 영암군 모델별 보조금,2023,영암군
화물(초소형),마스타전기차,MASTA HIM,550,350.0,900.0,2023년도 전기자동차 영암군 모델별 보조금,2023,영암군
화물(초소형),디피코,포트로-탑,550,350.0,900.0,2023년도 전기자동차 영암군 모델별 보조금,2023,영암군
화물(초소형),디피코,포트로-픽업,550,350.0,900.0,2023년도 전기자동차 영암군 모델별 보조금,2023,영암군
화물(초소형),디피코,포트로-탑S,550,350.0,900.0,2023년도 전기자동차 영암군 모델별 보조금,2023,영암군
화물(초소형),디피코,포트로-픽업S,550,350.0,900.0,2023년도 전기자동차 영암군 모델별 보조금,2023,영암군
화물(초소형),진우에스엠씨,포텐스,550,350.0,900.0,2023년도 전기자동차 영암군 모델별 보조금,2023,영암군
화물(경형),파워프라자,라보ev PEACE,900,600.0,1500.0,2023년도 전기자동차 영암군 모델별 보조금,2023,영암군
화물(경형),디피코,포트로350L-탑,900,600.0,1500.0,2023년도 전기자동차 영암군 모델별 보조금,2023,영암군
화물(경형),디피코,포트로350L-픽업,900,600.0,1500.0,2023년도 전기자동차 영암군 모델별 보조금,2023,영암군
화물(소형),제인모터스,제인모터스칼마토EV1톤내장탑차,498,352.0,850.0,2023년도 전기자동차 영암군 모델별 보조금,2023,영암군
화물(소형),파워프라자,봉고3ev PEACE,536,379.0,915.0,2023년도 전기자동차 영암군 모델별 보조금,2023,영암군
화물(소형),파워프라자,봉고3ev PEACE 더블캡,437,309.0,746.0,2023년도 전기자동차 영암군 모델별 보조금,2023,영암군
화물(소형),현대자동차,포터Ⅱ 일렉트릭(24MY),1200,850.0,2050.0,2023년도 전기자동차 영암군 모델별 보조금,2023,영암군
화물(소형),기아,봉고 전기차,1200,850.0,2050.0,2023년도 전기자동차 영암군 모델별 보조금,2023,영암군
화물(소형),기아,봉고 전기차 냉동탑차,1400,991.0,2391.0,2023년도 전기자동차 영암군 모델별 보조금,2023,영암군
화물(소형),기아,봉고 전기차 저상형 냉동탑차,1400,991.0,2391.0,2023년도 전기자동차 영암군 모델별 보조금,2023,영암군
화물(소형),일진정공,일진무시동전기냉동탑차(149.9km),1053,745.0,1798.0,2023년도 전기자동차 영암군 모델별 보조금,2023,영암군
화물(소형),일진정공,일진무시동전기냉동탑차(186.1km),1321,935.0,2256.0,2023년도 전기자동차 영암군 모델별 보조금,2023,영암군
화물(소형),일진정공,일진무시동전기냉동탑차(봉고),1460,1034.0,2494.0,2023년도 전기자동차 영암군 모델별 보조금,2023,영암군
화물(소형),일진정공,일진무시동전기냉동탑차(포터),1444,1022.0,2466.0,2023년도 전기자동차 영암군 모델별 보조금,2023,영암군
화물(소형),루트17,다니고밴,784,555.0,1339.0,2023년도 전기자동차 영암군 모델별 보조금,2023,영암군
화물(소형),루트17,다니고C(0.8톤 전기트럭),1112,787.0,1899.0,2023년도 전기자동차 영암군 모델별 보조금,2023,영암군
화물(소형),루트17,다니고C2(0.8톤 전기트럭),909,643.0,1552.0,2023년도 전기자동차 영암군 모델별 보조금,2023,영암군
화물(소형),루트17,다니고R(전기냉동탑차),1313,930.0,2243.0,2023년도 전기자동차 영암군 모델별 보조금,2023,영암군
화물(소형),루트17,다니고R2(무시동 전기냉동탑차),1212,858.0,2070.0,2023년도 전기자동차 영암군 모델별 보조금,2023,영암군
화물(소형),한신자동차,플러스2.0,648,459.0,1107.0,2023년도 전기자동차 영암군 모델별 보조금,2023,영암군
화물(소형),비바모빌리티,(단종)비바,932,660.0,1592.0,2023년도 전기자동차 영암군 모델별 보조금,2023,영암군
화물(소형),비바모빌리티,(단종)브라보,802,568.0,1370.0,2023년도 전기자동차 영암군 모델별 보조금,2023,영암군
화물(소형),이브이케이엠씨,(단종)MASADA 2밴,1124,796.0,1920.0,2023년도 전기자동차 영암군 모델별 보조금,2023,영암군
화물(소형),이브이케이엠씨,(단종)MASADA 4밴,1025,726.0,1751.0,2023년도 전기자동차 영암군 모델별 보조금,2023,영암군
화물(소형),이브이케이엠씨,MASADA 픽업,1078,763.0,1841.0,2023년도 전기자동차 영암군 모델별 보조금,2023,영암군
화물(소형),이브이케이엠씨,MASADA 3세대 2밴,1124,796.0,1920.0,2023년도 전기자동차 영암군 모델별 보조금,2023,영암군
화물(소형),이브이케이엠씨,MASADA 3세대 4밴,1025,726.0,1751.0,2023년도 전기자동차 영암군 모델별 보조금,2023,영암군
화물(소형),이브이케이엠씨,MASADA 2밴,1200,850.0,2050.0,2023년도 전기자동차 영암군 모델별 보조금,2023,영암군
화물(소형),경인모터스,경인1톤전기냉동탑차,1151,815.0,1966.0,2023년도 전기자동차 영암군 모델별 보조금,2023,영암군
화물(소형),제이스모빌리티,(단종)이티밴,1200,850.0,2050.0,2023년도 전기자동차 영암군 모델별 보조금,2023,영암군
화물(소형),제이스모빌리티,이티4밴,1180,835.0,2015.0,2023년도 전기자동차 영암군 모델별 보조금,2023,영암군
화물(소형),오텍,오텍 무시동 전기 냉동탑차(봉고),1253,887.0,2140.0,2023년도 전기자동차 영암군 모델별 보조금,2023,영암군
화물(소형),이엔플러스,이엔1톤롱바디카고,959,679.0,1638.0,2023년도 전기자동차 영암군 모델별 보조금,2023,영암군
화물(소형),이엔플러스,이엔플러스EV1톤롱바디트럭,1009,714.0,1723.0,2023년도 전기자동차 영암군 모델별 보조금,2023,영암군
화물(소형),GS글로벌,T4K,1200,850.0,2050.0,2023년도 전기자동차 영암군 모델별 보조금,2023,영암군
화물(소형),에스에스라이트,젤라,986,698.0,1684.0,2023년도 전기자동차 영암군 모델별 보조금,2023,영암군
화물(소형),에스에스라이트,젤라 P200,1177,833.0,2010.0,2023년도 전기자동차 영암군 모델별 보조금,2023,영암군
화물(소형),한국쓰리축,한국쓰리축1톤롱바디EV트럭(봉고),943,667.0,1610.0,2023년도 전기자동차 영암군 모델별 보조금,2023,영암군
화물(소형),한국쓰리축,한국쓰리축1톤롱바디EV트럭(포터),963,682.0,1645.0,2023년도 전기자동차 영암군 모델별 보조금,2023,영암군
화물(소형),모빌리티네트웍스,SE-A2밴,1200,850.0,2050.0,2023년도 전기자동차 영암군 모델별 보조금,2023,영암군
화물(초소형),스마트솔루션즈,D2C,550,343.0,893.0,2023년도 전기자동차 무안군 모델별 보조금,2023,무안군
화물(초소형),스마트솔루션즈,D2P,550,343.0,893.0,2023년도 전기자동차 무안군 모델별 보조금,2023,무안군
화물(초소형),루트17,다니고3,550,343.0,893.0,2023년도 전기자동차 무안군 모델별 보조금,2023,무안군
화물(초소형),루트17,다니고3 픽업,550,343.0,893.0,2023년도 전기자동차 무안군 모델별 보조금,2023,무안군
화물(초소형),마스타전기차,MASTA VAN,550,343.0,893.0,2023년도 전기자동차 무안군 모델별 보조금,2023,무안군
화물(초소형),마스타전기차,MASTA HIM,550,343.0,893.0,2023년도 전기자동차 무안군 모델별 보조금,2023,무안군
화물(초소형),디피코,포트로-탑,550,343.0,893.0,2023년도 전기자동차 무안군 모델별 보조금,2023,무안군
화물(초소형),디피코,포트로-픽업,550,343.0,893.0,2023년도 전기자동차 무안군 모델별 보조금,2023,무안군
화물(초소형),디피코,포트로-탑S,550,343.0,893.0,2023년도 전기자동차 무안군 모델별 보조금,2023,무안군
화물(초소형),디피코,포트로-픽업S,550,343.0,893.0,2023년도 전기자동차 무안군 모델별 보조금,2023,무안군
화물(초소형),진우에스엠씨,포텐스,550,343.0,893.0,2023년도 전기자동차 무안군 모델별 보조금,2023,무안군
화물(경형),파워프라자,라보ev PEACE,900,562.0,1462.0,2023년도 전기자동차 무안군 모델별 보조금,2023,무안군
화물(경형),디피코,포트로350L-탑,900,562.0,1462.0,2023년도 전기자동차 무안군 모델별 보조금,2023,무안군
화물(소형),제인모터스,제인모터스칼마토EV1톤내장탑차,498,311.0,809.0,2023년도 전기자동차 무안군 모델별 보조금,2023,무안군
화물(소형),파워프라자,봉고3ev PEACE,536,335.0,871.0,2023년도 전기자동차 무안군 모델별 보조금,2023,무안군
화물(소형),파워프라자,봉고3ev PEACE 더블캡,437,273.0,710.0,2023년도 전기자동차 무안군 모델별 보조금,2023,무안군
화물(소형),현대자동차,포터Ⅱ 일렉트릭(23MY),1200,750.0,1950.0,2023년도 전기자동차 무안군 모델별 보조금,2023,무안군
화물(소형),현대자동차,포터Ⅱ 일렉트릭(24MY),1200,750.0,1950.0,2023년도 전기자동차 무안군 모델별 보조금,2023,무안군
화물(소형),기아,봉고 전기차,1200,750.0,1950.0,2023년도 전기자동차 무안군 모델별 보조금,2023,무안군
화물(소형),기아,봉고 전기차 냉동탑차,1400,875.0,2275.0,2023년도 전기자동차 무안군 모델별 보조금,2023,무안군
화물(소형),기아,봉고 전기차 저상형 냉동탑차,1400,875.0,2275.0,2023년도 전기자동차 무안군 모델별 보조금,2023,무안군
화물(소형),일진정공,일진무시동전기냉동탑차(149.9km),1053,658.0,1711.0,2023년도 전기자동차 무안군 모델별 보조금,2023,무안군
화물(소형),일진정공,일진무시동전기냉동탑차(186.1km),1321,825.0,2146.0,2023년도 전기자동차 무안군 모델별 보조금,2023,무안군
화물(소형),일진정공,일진무시동전기냉동탑차(봉고),1460,912.0,2372.0,2023년도 전기자동차 무안군 모델별 보조금,2023,무안군
화물(소형),일진정공,일진무시동전기냉동탑차(포터),1444,902.0,2346.0,2023년도 전기자동차 무안군 모델별 보조금,2023,무안군
화물(소형),루트17,다니고밴,784,490.0,1274.0,2023년도 전기자동차 무안군 모델별 보조금,2023,무안군
화물(소형),루트17,다니고C(0.8톤 전기트럭),1112,695.0,1807.0,2023년도 전기자동차 무안군 모델별 보조금,2023,무안군
화물(소형),루트17,다니고C2(0.8톤 전기트럭),909,568.0,1477.0,2023년도 전기자동차 무안군 모델별 보조금,2023,무안군
화물(소형),루트17,다니고R(전기냉동탑차),1313,821.0,2134.0,2023년도 전기자동차 무안군 모델별 보조금,2023,무안군
화물(소형),루트17,다니고R2(무시동 전기냉동탑차),1212,758.0,1970.0,2023년도 전기자동차 무안군 모델별 보조금,2023,무안군
화물(소형),한신자동차,플러스2.0,648,405.0,1053.0,2023년도 전기자동차 무안군 모델별 보조금,2023,무안군
화물(소형),비바모빌리티,(단종)비바,932,582.0,1514.0,2023년도 전기자동차 무안군 모델별 보조금,2023,무안군
화물(소형),비바모빌리티,(단종)브라보,802,501.0,1303.0,2023년도 전기자동차 무안군 모델별 보조금,2023,무안군
화물(소형),이브이케이엠씨,(단종)MASADA 2밴,1124,702.0,1826.0,2023년도 전기자동차 무안군 모델별 보조금,2023,무안군
화물(소형),이브이케이엠씨,(단종)MASADA 4밴,1025,640.0,1665.0,2023년도 전기자동차 무안군 모델별 보조금,2023,무안군
화물(소형),이브이케이엠씨,MASADA 픽업,1078,673.0,1751.0,2023년도 전기자동차 무안군 모델별 보조금,2023,무안군
화물(소형),이브이케이엠씨,MASADA 3세대 2밴,1124,702.0,1826.0,2023년도 전기자동차 무안군 모델별 보조금,2023,무안군
화물(소형),이브이케이엠씨,MASADA 3세대 4밴,1025,640.0,1665.0,2023년도 전기자동차 무안군 모델별 보조금,2023,무안군
화물(소형),경인모터스,경인1톤전기냉동탑차,1151,719.0,1870.0,2023년도 전기자동차 무안군 모델별 보조금,2023,무안군
화물(소형),제이스모빌리티,(단종)이티밴,1200,750.0,1950.0,2023년도 전기자동차 무안군 모델별 보조금,2023,무안군
화물(소형),제이스모빌리티,이티밴,1200,750.0,1950.0,2023년도 전기자동차 무안군 모델별 보조금,2023,무안군
화물(소형),제이스모빌리티,이티4밴,1180,737.0,1917.0,2023년도 전기자동차 무안군 모델별 보조금,2023,무안군
화물(소형),오텍,오텍 무시동 전기 냉동탑차(봉고),1253,783.0,2036.0,2023년도 전기자동차 무안군 모델별 보조금,2023,무안군
화물(소형),이엔플러스,이엔1톤롱바디카고,959,599.0,1558.0,2023년도 전기자동차 무안군 모델별 보조금,2023,무안군
화물(소형),이엔플러스,이엔플러스EV1톤롱바디트럭,1009,630.0,1639.0,2023년도 전기자동차 무안군 모델별 보조금,2023,무안군
화물(소형),GS글로벌,T4K,1200,750.0,1950.0,2023년도 전기자동차 무안군 모델별 보조금,2023,무안군
화물(소형),에스에스라이트,젤라,986,616.0,1602.0,2023년도 전기자동차 무안군 모델별 보조금,2023,무안군
화물(소형),에스에스라이트,젤라 P200,1177,736.0,1913.0,2023년도 전기자동차 무안군 모델별 보조금,2023,무안군
화물(소형),한국쓰리축,한국쓰리축1톤롱바디EV트럭(봉고),943,589.0,1532.0,2023년도 전기자동차 무안군 모델별 보조금,2023,무안군
화물(소형),모빌리티네트웍스,SE-A2밴,1200,750.0,1950.0,2023년도 전기자동차 무안군 모델별 보조금,2023,무안군
화물(초소형),스마트솔루션즈,D2C,550,389.0,939.0,2023년도 전기자동차 함평군 모델별 보조금,2023,함평군
화물(초소형),스마트솔루션즈,D2P,550,389.0,939.0,2023년도 전기자동차 함평군 모델별 보조금,2023,함평군
화물(초소형),루트17,다니고3,550,389.0,939.0,2023년도 전기자동차 함평군 모델별 보조금,2023,함평군
화물(초소형),루트17,다니고3 픽업,550,389.0,939.0,2023년도 전기자동차 함평군 모델별 보조금,2023,함평군
화물(초소형),마스타전기차,MASTA VAN,550,389.0,939.0,2023년도 전기자동차 함평군 모델별 보조금,2023,함평군
화물(초소형),마스타전기차,MASTA HIM,550,389.0,939.0,2023년도 전기자동차 함평군 모델별 보조금,2023,함평군
화물(초소형),디피코,포트로-탑,550,389.0,939.0,2023년도 전기자동차 함평군 모델별 보조금,2023,함평군
화물(초소형),디피코,포트로-픽업,550,389.0,939.0,2023년도 전기자동차 함평군 모델별 보조금,2023,함평군
화물(초소형),디피코,포트로-탑S,550,389.0,939.0,2023년도 전기자동차 함평군 모델별 보조금,2023,함평군
화물(초소형),디피코,포트로-픽업S,550,389.0,939.0,2023년도 전기자동차 함평군 모델별 보조금,2023,함평군
화물(초소형),진우에스엠씨,포텐스,550,389.0,939.0,2023년도 전기자동차 함평군 모델별 보조금,2023,함평군
화물(경형),파워프라자,라보ev PEACE,900,637.0,1537.0,2023년도 전기자동차 함평군 모델별 보조금,2023,함평군
화물(경형),디피코,포트로350L-탑,900,637.0,1537.0,2023년도 전기자동차 함평군 모델별 보조금,2023,함평군
화물(경형),디피코,포트로350L-픽업,900,637.0,1537.0,2023년도 전기자동차 함평군 모델별 보조금,2023,함평군
화물(소형),제인모터스,제인모터스칼마토EV1톤내장탑차,498,352.0,850.0,2023년도 전기자동차 함평군 모델별 보조금,2023,함평군
화물(소형),파워프라자,봉고3ev PEACE,536,379.0,915.0,2023년도 전기자동차 함평군 모델별 보조금,2023,함평군
화물(소형),파워프라자,봉고3ev PEACE 더블캡,437,309.0,746.0,2023년도 전기자동차 함평군 모델별 보조금,2023,함평군
화물(소형),현대자동차,포터Ⅱ 일렉트릭(23MY),1200,850.0,2050.0,2023년도 전기자동차 함평군 모델별 보조금,2023,함평군
화물(소형),현대자동차,포터Ⅱ 일렉트릭(24MY),1200,850.0,2050.0,2023년도 전기자동차 함평군 모델별 보조금,2023,함평군
화물(소형),기아,봉고 전기차,1200,850.0,2050.0,2023년도 전기자동차 함평군 모델별 보조금,2023,함평군
화물(소형),기아,봉고 전기차 냉동탑차,1400,991.0,2391.0,2023년도 전기자동차 함평군 모델별 보조금,2023,함평군
화물(소형),기아,봉고 전기차 저상형 냉동탑차,1400,991.0,2391.0,2023년도 전기자동차 함평군 모델별 보조금,2023,함평군
화물(소형),일진정공,일진무시동전기냉동탑차(149.9km),1053,745.0,1798.0,2023년도 전기자동차 함평군 모델별 보조금,2023,함평군
화물(소형),일진정공,일진무시동전기냉동탑차(186.1km),1321,935.0,2256.0,2023년도 전기자동차 함평군 모델별 보조금,2023,함평군
화물(소형),일진정공,일진무시동전기냉동탑차(봉고),1460,1034.0,2494.0,2023년도 전기자동차 함평군 모델별 보조금,2023,함평군
화물(소형),일진정공,일진무시동전기냉동탑차(포터),1444,1022.0,2466.0,2023년도 전기자동차 함평군 모델별 보조금,2023,함평군
화물(소형),루트17,다니고밴,784,555.0,1339.0,2023년도 전기자동차 함평군 모델별 보조금,2023,함평군
화물(소형),루트17,다니고C(0.8톤 전기트럭),1112,787.0,1899.0,2023년도 전기자동차 함평군 모델별 보조금,2023,함평군
화물(소형),루트17,다니고C2(0.8톤 전기트럭),909,643.0,1552.0,2023년도 전기자동차 함평군 모델별 보조금,2023,함평군
화물(소형),루트17,다니고R(전기냉동탑차),1313,930.0,2243.0,2023년도 전기자동차 함평군 모델별 보조금,2023,함평군
화물(소형),루트17,다니고R2(무시동 전기냉동탑차),1212,858.0,2070.0,2023년도 전기자동차 함평군 모델별 보조금,2023,함평군
화물(소형),한신자동차,플러스2.0,648,459.0,1107.0,2023년도 전기자동차 함평군 모델별 보조금,2023,함평군
화물(소형),비바모빌리티,(단종)비바,932,660.0,1592.0,2023년도 전기자동차 함평군 모델별 보조금,2023,함평군
화물(소형),비바모빌리티,(단종)브라보,802,568.0,1370.0,2023년도 전기자동차 함평군 모델별 보조금,2023,함평군
화물(소형),이브이케이엠씨,(단종)MASADA 2밴,1124,796.0,1920.0,2023년도 전기자동차 함평군 모델별 보조금,2023,함평군
화물(소형),이브이케이엠씨,(단종)MASADA 4밴,1025,726.0,1751.0,2023년도 전기자동차 함평군 모델별 보조금,2023,함평군
화물(소형),이브이케이엠씨,MASADA 픽업,1078,763.0,1841.0,2023년도 전기자동차 함평군 모델별 보조금,2023,함평군
화물(소형),이브이케이엠씨,MASADA 3세대 2밴,1124,796.0,1920.0,2023년도 전기자동차 함평군 모델별 보조금,2023,함평군
화물(소형),이브이케이엠씨,MASADA 3세대 4밴,1025,726.0,1751.0,2023년도 전기자동차 함평군 모델별 보조금,2023,함평군
화물(소형),이브이케이엠씨,MASADA 2밴,1200,850.0,2050.0,2023년도 전기자동차 함평군 모델별 보조금,2023,함평군
화물(소형),경인모터스,경인1톤전기냉동탑차,1151,815.0,1966.0,2023년도 전기자동차 함평군 모델별 보조금,2023,함평군
화물(소형),제이스모빌리티,(단종)이티밴,1200,850.0,2050.0,2023년도 전기자동차 함평군 모델별 보조금,2023,함평군
화물(소형),제이스모빌리티,이티밴,1200,0.0,1200.0,2023년도 전기자동차 함평군 모델별 보조금,2023,함평군
화물(소형),제이스모빌리티,이티4밴,1180,835.0,2015.0,2023년도 전기자동차 함평군 모델별 보조금,2023,함평군
화물(소형),오텍,오텍 무시동 전기 냉동탑차(봉고),1253,887.0,2140.0,2023년도 전기자동차 함평군 모델별 보조금,2023,함평군
화물(소형),이엔플러스,이엔1톤롱바디카고,959,679.0,1638.0,2023년도 전기자동차 함평군 모델별 보조금,2023,함평군
화물(소형),이엔플러스,이엔플러스EV1톤롱바디트럭,1009,714.0,1723.0,2023년도 전기자동차 함평군 모델별 보조금,2023,함평군
화물(소형),GS글로벌,T4K,1200,850.0,2050.0,2023년도 전기자동차 함평군 모델별 보조금,2023,함평군
화물(소형),에스에스라이트,젤라,986,698.0,1684.0,2023년도 전기자동차 함평군 모델별 보조금,2023,함평군
화물(소형),에스에스라이트,젤라 P200,1177,833.0,2010.0,2023년도 전기자동차 함평군 모델별 보조금,2023,함평군
화물(소형),한국쓰리축,한국쓰리축1톤롱바디EV트럭(봉고),943,667.0,1610.0,2023년도 전기자동차 함평군 모델별 보조금,2023,함평군
화물(소형),한국쓰리축,한국쓰리축1톤롱바디EV트럭(포터),963,682.0,1645.0,2023년도 전기자동차 함평군 모델별 보조금,2023,함평군
화물(소형),모빌리티네트웍스,SE-A2밴,1200,850.0,2050.0,2023년도 전기자동차 함평군 모델별 보조금,2023,함평군
화물(초소형),스마트솔루션즈,D2C,550,465.0,1015.0,2023년도 전기자동차 영광군 모델별 보조금,2023,영광군
화물(초소형),스마트솔루션즈,D2P,550,465.0,1015.0,2023년도 전기자동차 영광군 모델별 보조금,2023,영광군
화물(초소형),루트17,다니고3,550,465.0,1015.0,2023년도 전기자동차 영광군 모델별 보조금,2023,영광군
화물(초소형),루트17,다니고3 픽업,550,465.0,1015.0,2023년도 전기자동차 영광군 모델별 보조금,2023,영광군
화물(초소형),마스타전기차,MASTA VAN,550,465.0,1015.0,2023년도 전기자동차 영광군 모델별 보조금,2023,영광군
화물(초소형),마스타전기차,MASTA HIM,550,465.0,1015.0,2023년도 전기자동차 영광군 모델별 보조금,2023,영광군
화물(초소형),디피코,포트로-탑,550,465.0,1015.0,2023년도 전기자동차 영광군 모델별 보조금,2023,영광군
화물(초소형),디피코,포트로-픽업,550,465.0,1015.0,2023년도 전기자동차 영광군 모델별 보조금,2023,영광군
화물(초소형),디피코,포트로-탑S,550,465.0,1015.0,2023년도 전기자동차 영광군 모델별 보조금,2023,영광군
화물(초소형),디피코,포트로-픽업S,550,465.0,1015.0,2023년도 전기자동차 영광군 모델별 보조금,2023,영광군
화물(초소형),진우에스엠씨,포텐스,550,465.0,1015.0,2023년도 전기자동차 영광군 모델별 보조금,2023,영광군
화물(경형),파워프라자,라보ev PEACE,900,562.0,1462.0,2023년도 전기자동차 영광군 모델별 보조금,2023,영광군
화물(경형),디피코,포트로350L-탑,900,562.0,1462.0,2023년도 전기자동차 영광군 모델별 보조금,2023,영광군
화물(경형),디피코,포트로350L-픽업,900,562.0,1462.0,2023년도 전기자동차 영광군 모델별 보조금,2023,영광군
화물(소형),제인모터스,제인모터스칼마토EV1톤내장탑차,498,311.0,809.0,2023년도 전기자동차 영광군 모델별 보조금,2023,영광군
화물(소형),파워프라자,봉고3ev PEACE,536,335.0,871.0,2023년도 전기자동차 영광군 모델별 보조금,2023,영광군
화물(소형),파워프라자,봉고3ev PEACE 더블캡,437,273.0,710.0,2023년도 전기자동차 영광군 모델별 보조금,2023,영광군
화물(소형),현대자동차,포터Ⅱ 일렉트릭(23MY),1200,750.0,1950.0,2023년도 전기자동차 영광군 모델별 보조금,2023,영광군
화물(소형),현대자동차,포터Ⅱ 일렉트릭(24MY),1200,750.0,1950.0,2023년도 전기자동차 영광군 모델별 보조금,2023,영광군
화물(소형),기아,봉고 전기차,1200,750.0,1950.0,2023년도 전기자동차 영광군 모델별 보조금,2023,영광군
화물(소형),기아,봉고 전기차 냉동탑차,1400,750.0,2150.0,2023년도 전기자동차 영광군 모델별 보조금,2023,영광군
화물(소형),기아,봉고 전기차 저상형 냉동탑차,1400,750.0,2150.0,2023년도 전기자동차 영광군 모델별 보조금,2023,영광군
화물(소형),일진정공,일진무시동전기냉동탑차(149.9km),1053,658.0,1711.0,2023년도 전기자동차 영광군 모델별 보조금,2023,영광군
화물(소형),일진정공,일진무시동전기냉동탑차(186.1km),1321,750.0,2071.0,2023년도 전기자동차 영광군 모델별 보조금,2023,영광군
화물(소형),일진정공,일진무시동전기냉동탑차(봉고),1460,750.0,2210.0,2023년도 전기자동차 영광군 모델별 보조금,2023,영광군
화물(소형),일진정공,일진무시동전기냉동탑차(포터),1444,750.0,2194.0,2023년도 전기자동차 영광군 모델별 보조금,2023,영광군
화물(소형),루트17,다니고밴,784,490.0,1274.0,2023년도 전기자동차 영광군 모델별 보조금,2023,영광군
화물(소형),루트17,다니고C(0.8톤 전기트럭),1112,695.0,1807.0,2023년도 전기자동차 영광군 모델별 보조금,2023,영광군
화물(소형),루트17,다니고C2(0.8톤 전기트럭),909,568.0,1477.0,2023년도 전기자동차 영광군 모델별 보조금,2023,영광군
화물(소형),루트17,다니고R(전기냉동탑차),1313,750.0,2063.0,2023년도 전기자동차 영광군 모델별 보조금,2023,영광군
화물(소형),루트17,다니고R2(무시동 전기냉동탑차),1212,750.0,1962.0,2023년도 전기자동차 영광군 모델별 보조금,2023,영광군
화물(소형),한신자동차,플러스2.0,648,405.0,1053.0,2023년도 전기자동차 영광군 모델별 보조금,2023,영광군
화물(소형),비바모빌리티,(단종)비바,932,582.0,1514.0,2023년도 전기자동차 영광군 모델별 보조금,2023,영광군
화물(소형),비바모빌리티,(단종)브라보,802,501.0,1303.0,2023년도 전기자동차 영광군 모델별 보조금,2023,영광군
화물(소형),이브이케이엠씨,(단종)MASADA 2밴,1124,702.0,1826.0,2023년도 전기자동차 영광군 모델별 보조금,2023,영광군
화물(소형),이브이케이엠씨,(단종)MASADA 4밴,1025,640.0,1665.0,2023년도 전기자동차 영광군 모델별 보조금,2023,영광군
화물(소형),이브이케이엠씨,MASADA 픽업,1078,673.0,1751.0,2023년도 전기자동차 영광군 모델별 보조금,2023,영광군
화물(소형),이브이케이엠씨,MASADA 3세대 2밴,1124,702.0,1826.0,2023년도 전기자동차 영광군 모델별 보조금,2023,영광군
화물(소형),이브이케이엠씨,MASADA 3세대 4밴,1025,640.0,1665.0,2023년도 전기자동차 영광군 모델별 보조금,2023,영광군
화물(소형),이브이케이엠씨,MASADA 2밴,1200,750.0,1950.0,2023년도 전기자동차 영광군 모델별 보조금,2023,영광군
화물(소형),경인모터스,경인1톤전기냉동탑차,1151,719.0,1870.0,2023년도 전기자동차 영광군 모델별 보조금,2023,영광군
화물(소형),제이스모빌리티,(단종)이티밴,1200,750.0,1950.0,2023년도 전기자동차 영광군 모델별 보조금,2023,영광군
화물(소형),제이스모빌리티,이티밴,1200,750.0,1950.0,2023년도 전기자동차 영광군 모델별 보조금,2023,영광군
화물(소형),제이스모빌리티,이티4밴,1180,737.0,1917.0,2023년도 전기자동차 영광군 모델별 보조금,2023,영광군
화물(소형),오텍,오텍 무시동 전기 냉동탑차(봉고),1253,750.0,2003.0,2023년도 전기자동차 영광군 모델별 보조금,2023,영광군
화물(소형),이엔플러스,이엔1톤롱바디카고,959,599.0,1558.0,2023년도 전기자동차 영광군 모델별 보조금,2023,영광군
화물(소형),이엔플러스,이엔플러스EV1톤롱바디트럭,1009,630.0,1639.0,2023년도 전기자동차 영광군 모델별 보조금,2023,영광군
화물(소형),GS글로벌,T4K,1200,750.0,1950.0,2023년도 전기자동차 영광군 모델별 보조금,2023,영광군
화물(소형),에스에스라이트,젤라,986,616.0,1602.0,2023년도 전기자동차 영광군 모델별 보조금,2023,영광군
화물(소형),에스에스라이트,젤라 P200,1177,735.0,1912.0,2023년도 전기자동차 영광군 모델별 보조금,2023,영광군
화물(소형),한국쓰리축,한국쓰리축1톤롱바디EV트럭(봉고),943,589.0,1532.0,2023년도 전기자동차 영광군 모델별 보조금,2023,영광군
화물(소형),한국쓰리축,한국쓰리축1톤롱바디EV트럭(포터),963,601.0,1564.0,2023년도 전기자동차 영광군 모델별 보조금,2023,영광군
화물(소형),모빌리티네트웍스,SE-A2밴,1200,750.0,1950.0,2023년도 전기자동차 영광군 모델별 보조금,2023,영광군
화물(초소형),스마트솔루션즈,D2C,550,343.0,893.0,2023년도 전기자동차 장성군 모델별 보조금,2023,장성군
화물(초소형),스마트솔루션즈,D2P,550,343.0,893.0,2023년도 전기자동차 장성군 모델별 보조금,2023,장성군
화물(초소형),루트17,다니고3,550,343.0,893.0,2023년도 전기자동차 장성군 모델별 보조금,2023,장성군
화물(초소형),루트17,다니고3 픽업,550,343.0,893.0,2023년도 전기자동차 장성군 모델별 보조금,2023,장성군
화물(초소형),마스타전기차,MASTA VAN,550,343.0,893.0,2023년도 전기자동차 장성군 모델별 보조금,2023,장성군
화물(초소형),마스타전기차,MASTA HIM,550,343.0,893.0,2023년도 전기자동차 장성군 모델별 보조금,2023,장성군
화물(초소형),디피코,포트로-탑,550,343.0,893.0,2023년도 전기자동차 장성군 모델별 보조금,2023,장성군
화물(초소형),디피코,포트로-픽업,550,343.0,893.0,2023년도 전기자동차 장성군 모델별 보조금,2023,장성군
화물(초소형),디피코,포트로-탑S,550,343.0,893.0,2023년도 전기자동차 장성군 모델별 보조금,2023,장성군
화물(초소형),디피코,포트로-픽업S,550,343.0,893.0,2023년도 전기자동차 장성군 모델별 보조금,2023,장성군
화물(초소형),진우에스엠씨,포텐스,550,343.0,893.0,2023년도 전기자동차 장성군 모델별 보조금,2023,장성군
화물(경형),파워프라자,라보ev PEACE,900,562.0,1462.0,2023년도 전기자동차 장성군 모델별 보조금,2023,장성군
화물(경형),디피코,포트로350L-탑,900,562.0,1462.0,2023년도 전기자동차 장성군 모델별 보조금,2023,장성군
화물(경형),디피코,포트로350L-픽업,900,0.0,900.0,2023년도 전기자동차 장성군 모델별 보조금,2023,장성군
화물(소형),제인모터스,제인모터스칼마토EV1톤내장탑차,498,311.0,809.0,2023년도 전기자동차 장성군 모델별 보조금,2023,장성군
화물(소형),파워프라자,봉고3ev PEACE,536,335.0,871.0,2023년도 전기자동차 장성군 모델별 보조금,2023,장성군
화물(소형),파워프라자,봉고3ev PEACE 더블캡,437,273.0,710.0,2023년도 전기자동차 장성군 모델별 보조금,2023,장성군
화물(소형),현대자동차,포터Ⅱ 일렉트릭(23MY),1200,750.0,1950.0,2023년도 전기자동차 장성군 모델별 보조금,2023,장성군
화물(소형),현대자동차,포터Ⅱ 일렉트릭(24MY),1200,750.0,1950.0,2023년도 전기자동차 장성군 모델별 보조금,2023,장성군
화물(소형),기아,봉고 전기차,1200,750.0,1950.0,2023년도 전기자동차 장성군 모델별 보조금,2023,장성군
화물(소형),기아,봉고 전기차 냉동탑차,1400,750.0,2150.0,2023년도 전기자동차 장성군 모델별 보조금,2023,장성군
화물(소형),기아,봉고 전기차 저상형 냉동탑차,1400,750.0,2150.0,2023년도 전기자동차 장성군 모델별 보조금,2023,장성군
화물(소형),일진정공,일진무시동전기냉동탑차(149.9km),1053,658.0,1711.0,2023년도 전기자동차 장성군 모델별 보조금,2023,장성군
화물(소형),일진정공,일진무시동전기냉동탑차(186.1km),1321,750.0,2071.0,2023년도 전기자동차 장성군 모델별 보조금,2023,장성군
화물(소형),일진정공,일진무시동전기냉동탑차(봉고),1460,750.0,2210.0,2023년도 전기자동차 장성군 모델별 보조금,2023,장성군
화물(소형),일진정공,일진무시동전기냉동탑차(포터),1444,750.0,2194.0,2023년도 전기자동차 장성군 모델별 보조금,2023,장성군
화물(소형),루트17,다니고밴,784,490.0,1274.0,2023년도 전기자동차 장성군 모델별 보조금,2023,장성군
화물(소형),루트17,다니고C(0.8톤 전기트럭),1112,695.0,1807.0,2023년도 전기자동차 장성군 모델별 보조금,2023,장성군
화물(소형),루트17,다니고C2(0.8톤 전기트럭),909,568.0,1477.0,2023년도 전기자동차 장성군 모델별 보조금,2023,장성군
화물(소형),루트17,다니고R(전기냉동탑차),1313,750.0,2063.0,2023년도 전기자동차 장성군 모델별 보조금,2023,장성군
화물(소형),루트17,다니고R2(무시동 전기냉동탑차),1212,750.0,1962.0,2023년도 전기자동차 장성군 모델별 보조금,2023,장성군
화물(소형),한신자동차,플러스2.0,648,405.0,1053.0,2023년도 전기자동차 장성군 모델별 보조금,2023,장성군
화물(소형),비바모빌리티,(단종)비바,932,582.0,1514.0,2023년도 전기자동차 장성군 모델별 보조금,2023,장성군
화물(소형),비바모빌리티,(단종)브라보,802,501.0,1303.0,2023년도 전기자동차 장성군 모델별 보조금,2023,장성군
화물(소형),이브이케이엠씨,(단종)MASADA 2밴,1124,702.0,1826.0,2023년도 전기자동차 장성군 모델별 보조금,2023,장성군
화물(소형),이브이케이엠씨,(단종)MASADA 4밴,1025,640.0,1665.0,2023년도 전기자동차 장성군 모델별 보조금,2023,장성군
화물(소형),이브이케이엠씨,MASADA 픽업,1078,673.0,1751.0,2023년도 전기자동차 장성군 모델별 보조금,2023,장성군
화물(소형),이브이케이엠씨,MASADA 3세대 2밴,1124,702.0,1826.0,2023년도 전기자동차 장성군 모델별 보조금,2023,장성군
화물(소형),이브이케이엠씨,MASADA 3세대 4밴,1025,640.0,1665.0,2023년도 전기자동차 장성군 모델별 보조금,2023,장성군
화물(소형),이브이케이엠씨,MASADA 2밴,1200,750.0,1950.0,2023년도 전기자동차 장성군 모델별 보조금,2023,장성군
화물(소형),경인모터스,경인1톤전기냉동탑차,1151,719.0,1870.0,2023년도 전기자동차 장성군 모델별 보조금,2023,장성군
화물(소형),제이스모빌리티,(단종)이티밴,1200,750.0,1950.0,2023년도 전기자동차 장성군 모델별 보조금,2023,장성군
화물(소형),제이스모빌리티,이티밴,1200,750.0,1950.0,2023년도 전기자동차 장성군 모델별 보조금,2023,장성군
화물(소형),제이스모빌리티,이티4밴,1180,737.0,1917.0,2023년도 전기자동차 장성군 모델별 보조금,2023,장성군
화물(소형),오텍,오텍 무시동 전기 냉동탑차(봉고),1253,750.0,2003.0,2023년도 전기자동차 장성군 모델별 보조금,2023,장성군
화물(소형),이엔플러스,이엔1톤롱바디카고,959,599.0,1558.0,2023년도 전기자동차 장성군 모델별 보조금,2023,장성군
화물(소형),이엔플러스,이엔플러스EV1톤롱바디트럭,1009,630.0,1639.0,2023년도 전기자동차 장성군 모델별 보조금,2023,장성군
화물(소형),GS글로벌,T4K,1200,750.0,1950.0,2023년도 전기자동차 장성군 모델별 보조금,2023,장성군
화물(소형),에스에스라이트,젤라,986,616.0,1602.0,2023년도 전기자동차 장성군 모델별 보조금,2023,장성군
화물(소형),에스에스라이트,젤라 P200,1177,735.0,1912.0,2023년도 전기자동차 장성군 모델별 보조금,2023,장성군
화물(소형),한국쓰리축,한국쓰리축1톤롱바디EV트럭(봉고),943,589.0,1532.0,2023년도 전기자동차 장성군 모델별 보조금,2023,장성군
화물(소형),한국쓰리축,한국쓰리축1톤롱바디EV트럭(포터),963,601.0,1564.0,2023년도 전기자동차 장성군 모델별 보조금,2023,장성군
화물(소형),모빌리티네트웍스,SE-A2밴,1200,750.0,1950.0,2023년도 전기자동차 장성군 모델별 보조금,2023,장성군
화물(초소형),스마트솔루션즈,D2C,550,0.0,550.0,2023년도 전기자동차 완도군 모델별 보조금,2023,완도군
화물(초소형),스마트솔루션즈,D2P,550,0.0,550.0,2023년도 전기자동차 완도군 모델별 보조금,2023,완도군
화물(초소형),루트17,다니고3,550,0.0,550.0,2023년도 전기자동차 완도군 모델별 보조금,2023,완도군
화물(초소형),루트17,다니고3 픽업,550,0.0,550.0,2023년도 전기자동차 완도군 모델별 보조금,2023,완도군
화물(초소형),마스타전기차,MASTA VAN,550,0.0,550.0,2023년도 전기자동차 완도군 모델별 보조금,2023,완도군
화물(초소형),마스타전기차,MASTA HIM,550,0.0,550.0,2023년도 전기자동차 완도군 모델별 보조금,2023,완도군
화물(초소형),디피코,포트로-탑,550,0.0,550.0,2023년도 전기자동차 완도군 모델별 보조금,2023,완도군
화물(초소형),디피코,포트로-픽업,550,0.0,550.0,2023년도 전기자동차 완도군 모델별 보조금,2023,완도군
화물(초소형),디피코,포트로-탑S,550,0.0,550.0,2023년도 전기자동차 완도군 모델별 보조금,2023,완도군
화물(초소형),디피코,포트로-픽업S,550,0.0,550.0,2023년도 전기자동차 완도군 모델별 보조금,2023,완도군
화물(초소형),진우에스엠씨,포텐스,550,0.0,550.0,2023년도 전기자동차 완도군 모델별 보조금,2023,완도군
화물(경형),파워프라자,라보ev PEACE,900,0.0,900.0,2023년도 전기자동차 완도군 모델별 보조금,2023,완도군
화물(경형),디피코,포트로350L-탑,900,0.0,900.0,2023년도 전기자동차 완도군 모델별 보조금,2023,완도군
화물(경형),디피코,포트로350L-픽업,900,0.0,900.0,2023년도 전기자동차 완도군 모델별 보조금,2023,완도군
화물(소형),제인모터스,제인모터스칼마토EV1톤내장탑차,498,311.0,809.0,2023년도 전기자동차 완도군 모델별 보조금,2023,완도군
화물(소형),파워프라자,봉고3ev PEACE,536,335.0,871.0,2023년도 전기자동차 완도군 모델별 보조금,2023,완도군
화물(소형),파워프라자,봉고3ev PEACE 더블캡,437,273.0,710.0,2023년도 전기자동차 완도군 모델별 보조금,2023,완도군
화물(소형),현대자동차,포터Ⅱ 일렉트릭(24MY),1200,750.0,1950.0,2023년도 전기자동차 완도군 모델별 보조금,2023,완도군
화물(소형),기아,봉고 전기차,1200,750.0,1950.0,2023년도 전기자동차 완도군 모델별 보조금,2023,완도군
화물(소형),기아,봉고 전기차 냉동탑차,1400,750.0,2150.0,2023년도 전기자동차 완도군 모델별 보조금,2023,완도군
화물(소형),기아,봉고 전기차 저상형 냉동탑차,1400,750.0,2150.0,2023년도 전기자동차 완도군 모델별 보조금,2023,완도군
화물(소형),일진정공,일진무시동전기냉동탑차(149.9km),1053,658.0,1711.0,2023년도 전기자동차 완도군 모델별 보조금,2023,완도군
화물(소형),일진정공,일진무시동전기냉동탑차(186.1km),1321,750.0,2071.0,2023년도 전기자동차 완도군 모델별 보조금,2023,완도군
화물(소형),일진정공,일진무시동전기냉동탑차(봉고),1460,750.0,2210.0,2023년도 전기자동차 완도군 모델별 보조금,2023,완도군
화물(소형),일진정공,일진무시동전기냉동탑차(포터),1444,750.0,2194.0,2023년도 전기자동차 완도군 모델별 보조금,2023,완도군
화물(소형),루트17,다니고밴,784,490.0,1274.0,2023년도 전기자동차 완도군 모델별 보조금,2023,완도군
화물(소형),루트17,다니고C(0.8톤 전기트럭),1112,695.0,1807.0,2023년도 전기자동차 완도군 모델별 보조금,2023,완도군
화물(소형),루트17,다니고C2(0.8톤 전기트럭),909,568.0,1477.0,2023년도 전기자동차 완도군 모델별 보조금,2023,완도군
화물(소형),루트17,다니고R(전기냉동탑차),1313,750.0,2063.0,2023년도 전기자동차 완도군 모델별 보조금,2023,완도군
화물(소형),루트17,다니고R2(무시동 전기냉동탑차),1212,750.0,1962.0,2023년도 전기자동차 완도군 모델별 보조금,2023,완도군
화물(소형),한신자동차,플러스2.0,648,405.0,1053.0,2023년도 전기자동차 완도군 모델별 보조금,2023,완도군
화물(소형),비바모빌리티,(단종)비바,932,582.0,1514.0,2023년도 전기자동차 완도군 모델별 보조금,2023,완도군
화물(소형),비바모빌리티,(단종)브라보,802,501.0,1303.0,2023년도 전기자동차 완도군 모델별 보조금,2023,완도군
화물(소형),이브이케이엠씨,(단종)MASADA 2밴,1124,702.0,1826.0,2023년도 전기자동차 완도군 모델별 보조금,2023,완도군
화물(소형),이브이케이엠씨,(단종)MASADA 4밴,1025,640.0,1665.0,2023년도 전기자동차 완도군 모델별 보조금,2023,완도군
화물(소형),이브이케이엠씨,MASADA 픽업,1078,673.0,1751.0,2023년도 전기자동차 완도군 모델별 보조금,2023,완도군
화물(소형),이브이케이엠씨,MASADA 3세대 2밴,1124,702.0,1826.0,2023년도 전기자동차 완도군 모델별 보조금,2023,완도군
화물(소형),이브이케이엠씨,MASADA 3세대 4밴,1025,640.0,1665.0,2023년도 전기자동차 완도군 모델별 보조금,2023,완도군
화물(소형),이브이케이엠씨,MASADA 2밴,1200,750.0,1950.0,2023년도 전기자동차 완도군 모델별 보조금,2023,완도군
화물(소형),경인모터스,경인1톤전기냉동탑차,1151,719.0,1870.0,2023년도 전기자동차 완도군 모델별 보조금,2023,완도군
화물(소형),제이스모빌리티,(단종)이티밴,1200,750.0,1950.0,2023년도 전기자동차 완도군 모델별 보조금,2023,완도군
화물(소형),제이스모빌리티,이티4밴,1180,737.0,1917.0,2023년도 전기자동차 완도군 모델별 보조금,2023,완도군
화물(소형),오텍,오텍 무시동 전기 냉동탑차(봉고),1253,750.0,2003.0,2023년도 전기자동차 완도군 모델별 보조금,2023,완도군
화물(소형),이엔플러스,이엔1톤롱바디카고,959,599.0,1558.0,2023년도 전기자동차 완도군 모델별 보조금,2023,완도군
화물(소형),이엔플러스,이엔플러스EV1톤롱바디트럭,1009,630.0,1639.0,2023년도 전기자동차 완도군 모델별 보조금,2023,완도군
화물(소형),GS글로벌,T4K,1200,750.0,1950.0,2023년도 전기자동차 완도군 모델별 보조금,2023,완도군
화물(소형),에스에스라이트,젤라,986,616.0,1602.0,2023년도 전기자동차 완도군 모델별 보조금,2023,완도군
화물(소형),에스에스라이트,젤라 P200,1177,735.0,1912.0,2023년도 전기자동차 완도군 모델별 보조금,2023,완도군
화물(소형),한국쓰리축,한국쓰리축1톤롱바디EV트럭(봉고),943,589.0,1532.0,2023년도 전기자동차 완도군 모델별 보조금,2023,완도군
화물(소형),한국쓰리축,한국쓰리축1톤롱바디EV트럭(포터),963,601.0,1564.0,2023년도 전기자동차 완도군 모델별 보조금,2023,완도군
화물(소형),모빌리티네트웍스,SE-A2밴,1200,750.0,1950.0,2023년도 전기자동차 완도군 모델별 보조금,2023,완도군
화물(초소형),스마트솔루션즈,D2C,550,343.0,893.0,2023년도 전기자동차 진도군 모델별 보조금,2023,진도군
화물(초소형),스마트솔루션즈,D2P,550,343.0,893.0,2023년도 전기자동차 진도군 모델별 보조금,2023,진도군
화물(초소형),루트17,다니고3,550,343.0,893.0,2023년도 전기자동차 진도군 모델별 보조금,2023,진도군
화물(초소형),루트17,다니고3 픽업,550,343.0,893.0,2023년도 전기자동차 진도군 모델별 보조금,2023,진도군
화물(초소형),마스타전기차,MASTA VAN,550,343.0,893.0,2023년도 전기자동차 진도군 모델별 보조금,2023,진도군
화물(초소형),마스타전기차,MASTA HIM,550,343.0,893.0,2023년도 전기자동차 진도군 모델별 보조금,2023,진도군
화물(초소형),디피코,포트로-탑,550,343.0,893.0,2023년도 전기자동차 진도군 모델별 보조금,2023,진도군
화물(초소형),디피코,포트로-픽업,550,343.0,893.0,2023년도 전기자동차 진도군 모델별 보조금,2023,진도군
화물(초소형),디피코,포트로-탑S,550,343.0,893.0,2023년도 전기자동차 진도군 모델별 보조금,2023,진도군
화물(초소형),디피코,포트로-픽업S,550,343.0,893.0,2023년도 전기자동차 진도군 모델별 보조금,2023,진도군
화물(초소형),진우에스엠씨,포텐스,550,343.0,893.0,2023년도 전기자동차 진도군 모델별 보조금,2023,진도군
화물(경형),파워프라자,라보ev PEACE,900,562.0,1462.0,2023년도 전기자동차 진도군 모델별 보조금,2023,진도군
화물(경형),디피코,포트로350L-탑,900,562.0,1462.0,2023년도 전기자동차 진도군 모델별 보조금,2023,진도군
화물(경형),디피코,포트로350L-픽업,900,562.0,1462.0,2023년도 전기자동차 진도군 모델별 보조금,2023,진도군
화물(소형),제인모터스,제인모터스칼마토EV1톤내장탑차,498,311.0,809.0,2023년도 전기자동차 진도군 모델별 보조금,2023,진도군
화물(소형),파워프라자,봉고3ev PEACE,536,335.0,871.0,2023년도 전기자동차 진도군 모델별 보조금,2023,진도군
화물(소형),파워프라자,봉고3ev PEACE 더블캡,437,273.0,710.0,2023년도 전기자동차 진도군 모델별 보조금,2023,진도군
화물(소형),현대자동차,포터Ⅱ 일렉트릭(23MY),1200,750.0,1950.0,2023년도 전기자동차 진도군 모델별 보조금,2023,진도군
화물(소형),현대자동차,포터Ⅱ 일렉트릭(24MY),1200,750.0,1950.0,2023년도 전기자동차 진도군 모델별 보조금,2023,진도군
화물(소형),기아,봉고 전기차,1200,750.0,1950.0,2023년도 전기자동차 진도군 모델별 보조금,2023,진도군
화물(소형),기아,봉고 전기차 냉동탑차,1400,750.0,2150.0,2023년도 전기자동차 진도군 모델별 보조금,2023,진도군
화물(소형),기아,봉고 전기차 저상형 냉동탑차,1400,750.0,2150.0,2023년도 전기자동차 진도군 모델별 보조금,2023,진도군
화물(소형),일진정공,일진무시동전기냉동탑차(149.9km),1053,658.0,1711.0,2023년도 전기자동차 진도군 모델별 보조금,2023,진도군
화물(소형),일진정공,일진무시동전기냉동탑차(186.1km),1321,750.0,2071.0,2023년도 전기자동차 진도군 모델별 보조금,2023,진도군
화물(소형),일진정공,일진무시동전기냉동탑차(봉고),1460,750.0,2210.0,2023년도 전기자동차 진도군 모델별 보조금,2023,진도군
화물(소형),일진정공,일진무시동전기냉동탑차(포터),1444,750.0,2194.0,2023년도 전기자동차 진도군 모델별 보조금,2023,진도군
화물(소형),루트17,다니고밴,784,490.0,1274.0,2023년도 전기자동차 진도군 모델별 보조금,2023,진도군
화물(소형),루트17,다니고C(0.8톤 전기트럭),1112,695.0,1807.0,2023년도 전기자동차 진도군 모델별 보조금,2023,진도군
화물(소형),루트17,다니고C2(0.8톤 전기트럭),909,568.0,1477.0,2023년도 전기자동차 진도군 모델별 보조금,2023,진도군
화물(소형),루트17,다니고R(전기냉동탑차),1313,750.0,2063.0,2023년도 전기자동차 진도군 모델별 보조금,2023,진도군
화물(소형),루트17,다니고R2(무시동 전기냉동탑차),1212,750.0,1962.0,2023년도 전기자동차 진도군 모델별 보조금,2023,진도군
화물(소형),한신자동차,플러스2.0,648,405.0,1053.0,2023년도 전기자동차 진도군 모델별 보조금,2023,진도군
화물(소형),비바모빌리티,(단종)비바,932,582.0,1514.0,2023년도 전기자동차 진도군 모델별 보조금,2023,진도군
화물(소형),비바모빌리티,(단종)브라보,802,501.0,1303.0,2023년도 전기자동차 진도군 모델별 보조금,2023,진도군
화물(소형),이브이케이엠씨,(단종)MASADA 2밴,1124,702.0,1826.0,2023년도 전기자동차 진도군 모델별 보조금,2023,진도군
화물(소형),이브이케이엠씨,(단종)MASADA 4밴,1025,640.0,1665.0,2023년도 전기자동차 진도군 모델별 보조금,2023,진도군
화물(소형),이브이케이엠씨,MASADA 픽업,1078,673.0,1751.0,2023년도 전기자동차 진도군 모델별 보조금,2023,진도군
화물(소형),이브이케이엠씨,MASADA 3세대 2밴,1124,702.0,1826.0,2023년도 전기자동차 진도군 모델별 보조금,2023,진도군
화물(소형),이브이케이엠씨,MASADA 3세대 4밴,1025,640.0,1665.0,2023년도 전기자동차 진도군 모델별 보조금,2023,진도군
화물(소형),이브이케이엠씨,MASADA 2밴,1200,750.0,1950.0,2023년도 전기자동차 진도군 모델별 보조금,2023,진도군
화물(소형),경인모터스,경인1톤전기냉동탑차,1151,719.0,1870.0,2023년도 전기자동차 진도군 모델별 보조금,2023,진도군
화물(소형),제이스모빌리티,(단종)이티밴,1200,750.0,1950.0,2023년도 전기자동차 진도군 모델별 보조금,2023,진도군
화물(소형),제이스모빌리티,이티밴,1200,750.0,1950.0,2023년도 전기자동차 진도군 모델별 보조금,2023,진도군
화물(소형),제이스모빌리티,이티4밴,1180,737.0,1917.0,2023년도 전기자동차 진도군 모델별 보조금,2023,진도군
화물(소형),오텍,오텍 무시동 전기 냉동탑차(봉고),1253,750.0,2003.0,2023년도 전기자동차 진도군 모델별 보조금,2023,진도군
화물(소형),이엔플러스,이엔1톤롱바디카고,959,599.0,1558.0,2023년도 전기자동차 진도군 모델별 보조금,2023,진도군
화물(소형),이엔플러스,이엔플러스EV1톤롱바디트럭,1009,630.0,1639.0,2023년도 전기자동차 진도군 모델별 보조금,2023,진도군
화물(소형),GS글로벌,T4K,1200,750.0,1950.0,2023년도 전기자동차 진도군 모델별 보조금,2023,진도군
화물(소형),에스에스라이트,젤라,986,616.0,1602.0,2023년도 전기자동차 진도군 모델별 보조금,2023,진도군
화물(소형),에스에스라이트,젤라 P200,1177,735.0,1912.0,2023년도 전기자동차 진도군 모델별 보조금,2023,진도군
화물(소형),한국쓰리축,한국쓰리축1톤롱바디EV트럭(봉고),943,589.0,1532.0,2023년도 전기자동차 진도군 모델별 보조금,2023,진도군
화물(소형),한국쓰리축,한국쓰리축1톤롱바디EV트럭(포터),963,601.0,1564.0,2023년도 전기자동차 진도군 모델별 보조금,2023,진도군
화물(소형),모빌리티네트웍스,SE-A2밴,1200,750.0,1950.0,2023년도 전기자동차 진도군 모델별 보조금,2023,진도군
화물(초소형),스마트솔루션즈,D2C,550,343.0,893.0,2023년도 전기자동차 신안군 모델별 보조금,2023,신안군
화물(초소형),스마트솔루션즈,D2P,550,343.0,893.0,2023년도 전기자동차 신안군 모델별 보조금,2023,신안군
화물(초소형),루트17,다니고3,550,343.0,893.0,2023년도 전기자동차 신안군 모델별 보조금,2023,신안군
화물(초소형),루트17,다니고3 픽업,550,343.0,893.0,2023년도 전기자동차 신안군 모델별 보조금,2023,신안군
화물(초소형),마스타전기차,MASTA VAN,550,343.0,893.0,2023년도 전기자동차 신안군 모델별 보조금,2023,신안군
화물(초소형),마스타전기차,MASTA HIM,550,343.0,893.0,2023년도 전기자동차 신안군 모델별 보조금,2023,신안군
화물(초소형),디피코,포트로-탑,550,0.0,550.0,2023년도 전기자동차 신안군 모델별 보조금,2023,신안군
화물(초소형),디피코,포트로-픽업,550,0.0,550.0,2023년도 전기자동차 신안군 모델별 보조금,2023,신안군
화물(초소형),디피코,포트로-탑S,550,343.0,893.0,2023년도 전기자동차 신안군 모델별 보조금,2023,신안군
화물(초소형),디피코,포트로-픽업S,550,343.0,893.0,2023년도 전기자동차 신안군 모델별 보조금,2023,신안군
화물(초소형),진우에스엠씨,포텐스,550,343.0,893.0,2023년도 전기자동차 신안군 모델별 보조금,2023,신안군
화물(경형),파워프라자,라보ev PEACE,900,562.0,1462.0,2023년도 전기자동차 신안군 모델별 보조금,2023,신안군
화물(경형),디피코,포트로350L-탑,900,0.0,900.0,2023년도 전기자동차 신안군 모델별 보조금,2023,신안군
화물(경형),디피코,포트로350L-픽업,900,0.0,900.0,2023년도 전기자동차 신안군 모델별 보조금,2023,신안군
화물(소형),제인모터스,제인모터스칼마토EV1톤내장탑차,498,311.0,809.0,2023년도 전기자동차 신안군 모델별 보조금,2023,신안군
화물(소형),파워프라자,봉고3ev PEACE,536,335.0,871.0,2023년도 전기자동차 신안군 모델별 보조금,2023,신안군
화물(소형),파워프라자,봉고3ev PEACE 더블캡,437,273.0,710.0,2023년도 전기자동차 신안군 모델별 보조금,2023,신안군
화물(소형),현대자동차,포터Ⅱ 일렉트릭(23MY),1200,750.0,1950.0,2023년도 전기자동차 신안군 모델별 보조금,2023,신안군
화물(소형),현대자동차,포터Ⅱ 일렉트릭(24MY),1200,750.0,1950.0,2023년도 전기자동차 신안군 모델별 보조금,2023,신안군
화물(소형),기아,봉고 전기차,1200,750.0,1950.0,2023년도 전기자동차 신안군 모델별 보조금,2023,신안군
화물(소형),기아,봉고 전기차 냉동탑차,1400,750.0,2150.0,2023년도 전기자동차 신안군 모델별 보조금,2023,신안군
화물(소형),기아,봉고 전기차 저상형 냉동탑차,1400,750.0,2150.0,2023년도 전기자동차 신안군 모델별 보조금,2023,신안군
화물(소형),일진정공,일진무시동전기냉동탑차(149.9km),1053,658.0,1711.0,2023년도 전기자동차 신안군 모델별 보조금,2023,신안군
화물(소형),일진정공,일진무시동전기냉동탑차(186.1km),1321,750.0,2071.0,2023년도 전기자동차 신안군 모델별 보조금,2023,신안군
화물(소형),일진정공,일진무시동전기냉동탑차(봉고),1460,750.0,2210.0,2023년도 전기자동차 신안군 모델별 보조금,2023,신안군
화물(소형),일진정공,일진무시동전기냉동탑차(포터),1444,750.0,2194.0,2023년도 전기자동차 신안군 모델별 보조금,2023,신안군
화물(소형),루트17,다니고밴,784,490.0,1274.0,2023년도 전기자동차 신안군 모델별 보조금,2023,신안군
화물(소형),루트17,다니고C(0.8톤 전기트럭),1112,695.0,1807.0,2023년도 전기자동차 신안군 모델별 보조금,2023,신안군
화물(소형),루트17,다니고C2(0.8톤 전기트럭),909,568.0,1477.0,2023년도 전기자동차 신안군 모델별 보조금,2023,신안군
화물(소형),루트17,다니고R(전기냉동탑차),1313,0.0,1313.0,2023년도 전기자동차 신안군 모델별 보조금,2023,신안군
화물(소형),루트17,다니고R2(무시동 전기냉동탑차),1212,0.0,1212.0,2023년도 전기자동차 신안군 모델별 보조금,2023,신안군
화물(소형),한신자동차,플러스2.0,648,405.0,1053.0,2023년도 전기자동차 신안군 모델별 보조금,2023,신안군
화물(소형),비바모빌리티,(단종)비바,932,582.0,1514.0,2023년도 전기자동차 신안군 모델별 보조금,2023,신안군
화물(소형),비바모빌리티,(단종)브라보,802,501.0,1303.0,2023년도 전기자동차 신안군 모델별 보조금,2023,신안군
화물(소형),이브이케이엠씨,(단종)MASADA 2밴,1124,702.0,1826.0,2023년도 전기자동차 신안군 모델별 보조금,2023,신안군
화물(소형),이브이케이엠씨,(단종)MASADA 4밴,1025,640.0,1665.0,2023년도 전기자동차 신안군 모델별 보조금,2023,신안군
화물(소형),이브이케이엠씨,MASADA 픽업,1078,673.0,1751.0,2023년도 전기자동차 신안군 모델별 보조금,2023,신안군
화물(소형),이브이케이엠씨,MASADA 3세대 2밴,1124,702.0,1826.0,2023년도 전기자동차 신안군 모델별 보조금,2023,신안군
화물(소형),이브이케이엠씨,MASADA 3세대 4밴,1025,640.0,1665.0,2023년도 전기자동차 신안군 모델별 보조금,2023,신안군
화물(소형),이브이케이엠씨,MASADA 2밴,1200,750.0,1950.0,2023년도 전기자동차 신안군 모델별 보조금,2023,신안군
화물(소형),이브이케이엠씨,MASADA 4밴,1200,750.0,1950.0,2023년도 전기자동차 신안군 모델별 보조금,2023,신안군
화물(소형),경인모터스,경인1톤전기냉동탑차,1151,719.0,1870.0,2023년도 전기자동차 신안군 모델별 보조금,2023,신안군
화물(소형),제이스모빌리티,(단종)이티밴,1200,750.0,1950.0,2023년도 전기자동차 신안군 모델별 보조금,2023,신안군
화물(소형),제이스모빌리티,이티밴,1200,750.0,1950.0,2023년도 전기자동차 신안군 모델별 보조금,2023,신안군
화물(소형),제이스모빌리티,이티4밴,1180,737.0,1917.0,2023년도 전기자동차 신안군 모델별 보조금,2023,신안군
화물(소형),오텍,오텍 무시동 전기 냉동탑차(봉고),1253,750.0,2003.0,2023년도 전기자동차 신안군 모델별 보조금,2023,신안군
화물(소형),이엔플러스,이엔1톤롱바디카고,959,599.0,1558.0,2023년도 전기자동차 신안군 모델별 보조금,2023,신안군
화물(소형),이엔플러스,이엔플러스EV1톤롱바디트럭,1009,630.0,1639.0,2023년도 전기자동차 신안군 모델별 보조금,2023,신안군
화물(소형),GS글로벌,T4K,1200,750.0,1950.0,2023년도 전기자동차 신안군 모델별 보조금,2023,신안군
화물(소형),에스에스라이트,젤라,986,616.0,1602.0,2023년도 전기자동차 신안군 모델별 보조금,2023,신안군
화물(소형),에스에스라이트,젤라 P200,1177,735.0,1912.0,2023년도 전기자동차 신안군 모델별 보조금,2023,신안군
화물(소형),한국쓰리축,한국쓰리축1톤롱바디EV트럭(봉고),943,0.0,943.0,2023년도 전기자동차 신안군 모델별 보조금,2023,신안군
화물(소형),한국쓰리축,한국쓰리축1톤롱바디EV트럭(포터),963,0.0,963.0,2023년도 전기자동차 신안군 모델별 보조금,2023,신안군
화물(소형),모빌리티네트웍스,SE-A2밴,1200,750.0,1950.0,2023년도 전기자동차 신안군 모델별 보조금,2023,신안군
화물(초소형),스마트솔루션즈,D2C,550,275.0,825.0,2023년도 전기자동차 포항시 모델별 보조금,2023,포항시
화물(초소형),스마트솔루션즈,D2P,550,275.0,825.0,2023년도 전기자동차 포항시 모델별 보조금,2023,포항시
화물(초소형),루트17,다니고3,550,275.0,825.0,2023년도 전기자동차 포항시 모델별 보조금,2023,포항시
화물(초소형),루트17,다니고3 픽업,550,275.0,825.0,2023년도 전기자동차 포항시 모델별 보조금,2023,포항시
화물(초소형),마스타전기차,MASTA VAN,550,275.0,825.0,2023년도 전기자동차 포항시 모델별 보조금,2023,포항시
화물(초소형),마스타전기차,MASTA HIM,550,275.0,825.0,2023년도 전기자동차 포항시 모델별 보조금,2023,포항시
화물(초소형),디피코,포트로-탑,550,275.0,825.0,2023년도 전기자동차 포항시 모델별 보조금,2023,포항시
화물(초소형),디피코,포트로-픽업,550,275.0,825.0,2023년도 전기자동차 포항시 모델별 보조금,2023,포항시
화물(초소형),디피코,포트로-탑S,550,275.0,825.0,2023년도 전기자동차 포항시 모델별 보조금,2023,포항시
화물(초소형),디피코,포트로-픽업S,550,275.0,825.0,2023년도 전기자동차 포항시 모델별 보조금,2023,포항시
화물(초소형),진우에스엠씨,포텐스,550,275.0,825.0,2023년도 전기자동차 포항시 모델별 보조금,2023,포항시
화물(경형),파워프라자,라보ev PEACE,900,450.0,1350.0,2023년도 전기자동차 포항시 모델별 보조금,2023,포항시
화물(경형),디피코,포트로350L-탑,900,450.0,1350.0,2023년도 전기자동차 포항시 모델별 보조금,2023,포항시
화물(경형),디피코,포트로350L-픽업,900,450.0,1350.0,2023년도 전기자동차 포항시 모델별 보조금,2023,포항시
화물(소형),제인모터스,제인모터스칼마토EV1톤내장탑차,498,249.0,747.0,2023년도 전기자동차 포항시 모델별 보조금,2023,포항시
화물(소형),파워프라자,봉고3ev PEACE,536,268.0,804.0,2023년도 전기자동차 포항시 모델별 보조금,2023,포항시
화물(소형),파워프라자,봉고3ev PEACE 더블캡,437,218.0,655.0,2023년도 전기자동차 포항시 모델별 보조금,2023,포항시
화물(소형),현대자동차,포터Ⅱ 일렉트릭(23MY),1200,600.0,1800.0,2023년도 전기자동차 포항시 모델별 보조금,2023,포항시
화물(소형),현대자동차,포터Ⅱ 일렉트릭(24MY),1200,600.0,1800.0,2023년도 전기자동차 포항시 모델별 보조금,2023,포항시
화물(소형),기아,봉고 전기차,1200,600.0,1800.0,2023년도 전기자동차 포항시 모델별 보조금,2023,포항시
화물(소형),기아,봉고 전기차 냉동탑차,1400,600.0,2000.0,2023년도 전기자동차 포항시 모델별 보조금,2023,포항시
화물(소형),기아,봉고 전기차 저상형 냉동탑차,1400,600.0,2000.0,2023년도 전기자동차 포항시 모델별 보조금,2023,포항시
화물(소형),일진정공,일진무시동전기냉동탑차(149.9km),1053,526.0,1579.0,2023년도 전기자동차 포항시 모델별 보조금,2023,포항시
화물(소형),일진정공,일진무시동전기냉동탑차(186.1km),1321,600.0,1921.0,2023년도 전기자동차 포항시 모델별 보조금,2023,포항시
화물(소형),일진정공,일진무시동전기냉동탑차(봉고),1460,600.0,2060.0,2023년도 전기자동차 포항시 모델별 보조금,2023,포항시
화물(소형),일진정공,일진무시동전기냉동탑차(포터),1444,600.0,2044.0,2023년도 전기자동차 포항시 모델별 보조금,2023,포항시
화물(소형),루트17,다니고밴,784,392.0,1176.0,2023년도 전기자동차 포항시 모델별 보조금,2023,포항시
화물(소형),루트17,다니고C(0.8톤 전기트럭),1112,556.0,1668.0,2023년도 전기자동차 포항시 모델별 보조금,2023,포항시
화물(소형),루트17,다니고C2(0.8톤 전기트럭),909,454.0,1363.0,2023년도 전기자동차 포항시 모델별 보조금,2023,포항시
화물(소형),루트17,다니고R(전기냉동탑차),1313,600.0,1913.0,2023년도 전기자동차 포항시 모델별 보조금,2023,포항시
화물(소형),루트17,다니고R2(무시동 전기냉동탑차),1212,600.0,1812.0,2023년도 전기자동차 포항시 모델별 보조금,2023,포항시
화물(소형),한신자동차,플러스2.0,648,324.0,972.0,2023년도 전기자동차 포항시 모델별 보조금,2023,포항시
화물(소형),비바모빌리티,(단종)비바,932,466.0,1398.0,2023년도 전기자동차 포항시 모델별 보조금,2023,포항시
화물(소형),비바모빌리티,(단종)브라보,802,401.0,1203.0,2023년도 전기자동차 포항시 모델별 보조금,2023,포항시
화물(소형),이브이케이엠씨,(단종)MASADA 2밴,1124,562.0,1686.0,2023년도 전기자동차 포항시 모델별 보조금,2023,포항시
화물(소형),이브이케이엠씨,(단종)MASADA 4밴,1025,512.0,1537.0,2023년도 전기자동차 포항시 모델별 보조금,2023,포항시
화물(소형),이브이케이엠씨,MASADA 픽업,1078,539.0,1617.0,2023년도 전기자동차 포항시 모델별 보조금,2023,포항시
화물(소형),이브이케이엠씨,MASADA 3세대 2밴,1124,562.0,1686.0,2023년도 전기자동차 포항시 모델별 보조금,2023,포항시
화물(소형),이브이케이엠씨,MASADA 3세대 4밴,1025,512.0,1537.0,2023년도 전기자동차 포항시 모델별 보조금,2023,포항시
화물(소형),이브이케이엠씨,MASADA 2밴,1200,600.0,1800.0,2023년도 전기자동차 포항시 모델별 보조금,2023,포항시
화물(소형),이브이케이엠씨,MASADA 4밴,1200,600.0,1800.0,2023년도 전기자동차 포항시 모델별 보조금,2023,포항시
화물(소형),경인모터스,경인1톤전기냉동탑차,1151,575.0,1726.0,2023년도 전기자동차 포항시 모델별 보조금,2023,포항시
화물(소형),제이스모빌리티,(단종)이티밴,1200,600.0,1800.0,2023년도 전기자동차 포항시 모델별 보조금,2023,포항시
화물(소형),제이스모빌리티,이티밴,1200,600.0,1800.0,2023년도 전기자동차 포항시 모델별 보조금,2023,포항시
화물(소형),제이스모빌리티,이티4밴,1180,590.0,1770.0,2023년도 전기자동차 포항시 모델별 보조금,2023,포항시
화물(소형),오텍,오텍 무시동 전기 냉동탑차(봉고),1253,600.0,1853.0,2023년도 전기자동차 포항시 모델별 보조금,2023,포항시
화물(소형),이엔플러스,이엔1톤롱바디카고,959,479.0,1438.0,2023년도 전기자동차 포항시 모델별 보조금,2023,포항시
화물(소형),이엔플러스,이엔플러스EV1톤롱바디트럭,1009,504.0,1513.0,2023년도 전기자동차 포항시 모델별 보조금,2023,포항시
화물(소형),GS글로벌,T4K,1200,600.0,1800.0,2023년도 전기자동차 포항시 모델별 보조금,2023,포항시
화물(소형),에스에스라이트,젤라,986,493.0,1479.0,2023년도 전기자동차 포항시 모델별 보조금,2023,포항시
화물(소형),에스에스라이트,젤라 P200,1177,588.0,1765.0,2023년도 전기자동차 포항시 모델별 보조금,2023,포항시
화물(소형),한국쓰리축,한국쓰리축1톤롱바디EV트럭(봉고),943,471.0,1414.0,2023년도 전기자동차 포항시 모델별 보조금,2023,포항시
화물(소형),한국쓰리축,한국쓰리축1톤롱바디EV트럭(포터),963,481.0,1444.0,2023년도 전기자동차 포항시 모델별 보조금,2023,포항시
화물(소형),모빌리티네트웍스,SE-A2밴,1200,600.0,1800.0,2023년도 전기자동차 포항시 모델별 보조금,2023,포항시
화물(초소형),스마트솔루션즈,D2C,550,275.0,825.0,2023년도 전기자동차 경주시 모델별 보조금,2023,경주시
화물(초소형),스마트솔루션즈,D2P,550,275.0,825.0,2023년도 전기자동차 경주시 모델별 보조금,2023,경주시
화물(초소형),루트17,다니고3,550,275.0,825.0,2023년도 전기자동차 경주시 모델별 보조금,2023,경주시
화물(초소형),루트17,다니고3 픽업,550,275.0,825.0,2023년도 전기자동차 경주시 모델별 보조금,2023,경주시
화물(초소형),마스타전기차,MASTA VAN,550,275.0,825.0,2023년도 전기자동차 경주시 모델별 보조금,2023,경주시
화물(초소형),마스타전기차,MASTA HIM,550,275.0,825.0,2023년도 전기자동차 경주시 모델별 보조금,2023,경주시
화물(초소형),디피코,포트로-탑,550,275.0,825.0,2023년도 전기자동차 경주시 모델별 보조금,2023,경주시
화물(초소형),디피코,포트로-픽업,550,275.0,825.0,2023년도 전기자동차 경주시 모델별 보조금,2023,경주시
화물(초소형),디피코,포트로-탑S,550,275.0,825.0,2023년도 전기자동차 경주시 모델별 보조금,2023,경주시
화물(초소형),디피코,포트로-픽업S,550,275.0,825.0,2023년도 전기자동차 경주시 모델별 보조금,2023,경주시
화물(초소형),진우에스엠씨,포텐스,550,275.0,825.0,2023년도 전기자동차 경주시 모델별 보조금,2023,경주시
화물(경형),파워프라자,라보ev PEACE,900,450.0,1350.0,2023년도 전기자동차 경주시 모델별 보조금,2023,경주시
화물(경형),디피코,포트로350L-탑,900,450.0,1350.0,2023년도 전기자동차 경주시 모델별 보조금,2023,경주시
화물(경형),디피코,포트로350L-픽업,900,450.0,1350.0,2023년도 전기자동차 경주시 모델별 보조금,2023,경주시
화물(소형),제인모터스,제인모터스칼마토EV1톤내장탑차,498,249.0,747.0,2023년도 전기자동차 경주시 모델별 보조금,2023,경주시
화물(소형),파워프라자,봉고3ev PEACE,536,268.0,804.0,2023년도 전기자동차 경주시 모델별 보조금,2023,경주시
화물(소형),파워프라자,봉고3ev PEACE 더블캡,437,218.0,655.0,2023년도 전기자동차 경주시 모델별 보조금,2023,경주시
화물(소형),현대자동차,포터Ⅱ 일렉트릭(23MY),1200,600.0,1800.0,2023년도 전기자동차 경주시 모델별 보조금,2023,경주시
화물(소형),현대자동차,포터Ⅱ 일렉트릭(24MY),1200,600.0,1800.0,2023년도 전기자동차 경주시 모델별 보조금,2023,경주시
화물(소형),기아,봉고 전기차,1200,600.0,1800.0,2023년도 전기자동차 경주시 모델별 보조금,2023,경주시
화물(소형),기아,봉고 전기차 냉동탑차,1400,600.0,2000.0,2023년도 전기자동차 경주시 모델별 보조금,2023,경주시
화물(소형),기아,봉고 전기차 저상형 냉동탑차,1400,600.0,2000.0,2023년도 전기자동차 경주시 모델별 보조금,2023,경주시
화물(소형),일진정공,일진무시동전기냉동탑차(149.9km),1053,526.0,1579.0,2023년도 전기자동차 경주시 모델별 보조금,2023,경주시
화물(소형),일진정공,일진무시동전기냉동탑차(186.1km),1321,600.0,1921.0,2023년도 전기자동차 경주시 모델별 보조금,2023,경주시
화물(소형),일진정공,일진무시동전기냉동탑차(봉고),1460,600.0,2060.0,2023년도 전기자동차 경주시 모델별 보조금,2023,경주시
화물(소형),일진정공,일진무시동전기냉동탑차(포터),1444,600.0,2044.0,2023년도 전기자동차 경주시 모델별 보조금,2023,경주시
화물(소형),루트17,다니고밴,784,392.0,1176.0,2023년도 전기자동차 경주시 모델별 보조금,2023,경주시
화물(소형),루트17,다니고C(0.8톤 전기트럭),1112,556.0,1668.0,2023년도 전기자동차 경주시 모델별 보조금,2023,경주시
화물(소형),루트17,다니고C2(0.8톤 전기트럭),909,454.0,1363.0,2023년도 전기자동차 경주시 모델별 보조금,2023,경주시
화물(소형),루트17,다니고R(전기냉동탑차),1313,600.0,1913.0,2023년도 전기자동차 경주시 모델별 보조금,2023,경주시
화물(소형),루트17,다니고R2(무시동 전기냉동탑차),1212,600.0,1812.0,2023년도 전기자동차 경주시 모델별 보조금,2023,경주시
화물(소형),한신자동차,플러스2.0,648,324.0,972.0,2023년도 전기자동차 경주시 모델별 보조금,2023,경주시
화물(소형),비바모빌리티,(단종)비바,932,466.0,1398.0,2023년도 전기자동차 경주시 모델별 보조금,2023,경주시
화물(소형),비바모빌리티,(단종)브라보,802,401.0,1203.0,2023년도 전기자동차 경주시 모델별 보조금,2023,경주시
화물(소형),이브이케이엠씨,(단종)MASADA 2밴,1124,562.0,1686.0,2023년도 전기자동차 경주시 모델별 보조금,2023,경주시
화물(소형),이브이케이엠씨,(단종)MASADA 4밴,1025,512.0,1537.0,2023년도 전기자동차 경주시 모델별 보조금,2023,경주시
화물(소형),이브이케이엠씨,MASADA 픽업,1078,539.0,1617.0,2023년도 전기자동차 경주시 모델별 보조금,2023,경주시
화물(소형),이브이케이엠씨,MASADA 3세대 2밴,1124,562.0,1686.0,2023년도 전기자동차 경주시 모델별 보조금,2023,경주시
화물(소형),이브이케이엠씨,MASADA 3세대 4밴,1025,512.0,1537.0,2023년도 전기자동차 경주시 모델별 보조금,2023,경주시
화물(소형),이브이케이엠씨,MASADA 2밴,1200,600.0,1800.0,2023년도 전기자동차 경주시 모델별 보조금,2023,경주시
화물(소형),이브이케이엠씨,MASADA 4밴,1200,600.0,1800.0,2023년도 전기자동차 경주시 모델별 보조금,2023,경주시
화물(소형),경인모터스,경인1톤전기냉동탑차,1151,575.0,1726.0,2023년도 전기자동차 경주시 모델별 보조금,2023,경주시
화물(소형),제이스모빌리티,(단종)이티밴,1200,600.0,1800.0,2023년도 전기자동차 경주시 모델별 보조금,2023,경주시
화물(소형),제이스모빌리티,이티밴,1200,600.0,1800.0,2023년도 전기자동차 경주시 모델별 보조금,2023,경주시
화물(소형),제이스모빌리티,이티4밴,1180,590.0,1770.0,2023년도 전기자동차 경주시 모델별 보조금,2023,경주시
화물(소형),오텍,오텍 무시동 전기 냉동탑차(봉고),1253,600.0,1853.0,2023년도 전기자동차 경주시 모델별 보조금,2023,경주시
화물(소형),이엔플러스,이엔1톤롱바디카고,959,479.0,1438.0,2023년도 전기자동차 경주시 모델별 보조금,2023,경주시
화물(소형),이엔플러스,이엔플러스EV1톤롱바디트럭,1009,504.0,1513.0,2023년도 전기자동차 경주시 모델별 보조금,2023,경주시
화물(소형),GS글로벌,T4K,1200,600.0,1800.0,2023년도 전기자동차 경주시 모델별 보조금,2023,경주시
화물(소형),에스에스라이트,젤라,986,493.0,1479.0,2023년도 전기자동차 경주시 모델별 보조금,2023,경주시
화물(소형),에스에스라이트,젤라 P200,1177,588.0,1765.0,2023년도 전기자동차 경주시 모델별 보조금,2023,경주시
화물(소형),한국쓰리축,한국쓰리축1톤롱바디EV트럭(봉고),943,471.0,1414.0,2023년도 전기자동차 경주시 모델별 보조금,2023,경주시
화물(소형),한국쓰리축,한국쓰리축1톤롱바디EV트럭(포터),963,481.0,1444.0,2023년도 전기자동차 경주시 모델별 보조금,2023,경주시
화물(소형),모빌리티네트웍스,SE-A2밴,1200,600.0,1800.0,2023년도 전기자동차 경주시 모델별 보조금,2023,경주시
화물(초소형),스마트솔루션즈,D2C,550,275.0,825.0,2023년도 전기자동차 김천시 모델별 보조금,2023,김천시
화물(초소형),스마트솔루션즈,D2P,550,275.0,825.0,2023년도 전기자동차 김천시 모델별 보조금,2023,김천시
화물(초소형),루트17,다니고3,550,275.0,825.0,2023년도 전기자동차 김천시 모델별 보조금,2023,김천시
화물(초소형),루트17,다니고3 픽업,550,275.0,825.0,2023년도 전기자동차 김천시 모델별 보조금,2023,김천시
화물(초소형),마스타전기차,MASTA VAN,550,275.0,825.0,2023년도 전기자동차 김천시 모델별 보조금,2023,김천시
화물(초소형),마스타전기차,MASTA HIM,550,275.0,825.0,2023년도 전기자동차 김천시 모델별 보조금,2023,김천시
화물(초소형),디피코,포트로-탑,550,275.0,825.0,2023년도 전기자동차 김천시 모델별 보조금,2023,김천시
화물(초소형),디피코,포트로-픽업,550,275.0,825.0,2023년도 전기자동차 김천시 모델별 보조금,2023,김천시
화물(초소형),디피코,포트로-탑S,550,275.0,825.0,2023년도 전기자동차 김천시 모델별 보조금,2023,김천시
화물(초소형),디피코,포트로-픽업S,550,275.0,825.0,2023년도 전기자동차 김천시 모델별 보조금,2023,김천시
화물(초소형),진우에스엠씨,포텐스,550,275.0,825.0,2023년도 전기자동차 김천시 모델별 보조금,2023,김천시
화물(경형),파워프라자,라보ev PEACE,900,450.0,1350.0,2023년도 전기자동차 김천시 모델별 보조금,2023,김천시
화물(경형),디피코,포트로350L-탑,900,450.0,1350.0,2023년도 전기자동차 김천시 모델별 보조금,2023,김천시
화물(경형),디피코,포트로350L-픽업,900,450.0,1350.0,2023년도 전기자동차 김천시 모델별 보조금,2023,김천시
화물(소형),제인모터스,제인모터스칼마토EV1톤내장탑차,498,249.0,747.0,2023년도 전기자동차 김천시 모델별 보조금,2023,김천시
화물(소형),파워프라자,봉고3ev PEACE,536,268.0,804.0,2023년도 전기자동차 김천시 모델별 보조금,2023,김천시
화물(소형),파워프라자,봉고3ev PEACE 더블캡,437,218.0,655.0,2023년도 전기자동차 김천시 모델별 보조금,2023,김천시
화물(소형),현대자동차,포터Ⅱ 일렉트릭(23MY),1200,600.0,1800.0,2023년도 전기자동차 김천시 모델별 보조금,2023,김천시
화물(소형),현대자동차,포터Ⅱ 일렉트릭(24MY),1200,600.0,1800.0,2023년도 전기자동차 김천시 모델별 보조금,2023,김천시
화물(소형),기아,봉고 전기차,1200,600.0,1800.0,2023년도 전기자동차 김천시 모델별 보조금,2023,김천시
화물(소형),기아,봉고 전기차 냉동탑차,1400,600.0,2000.0,2023년도 전기자동차 김천시 모델별 보조금,2023,김천시
화물(소형),기아,봉고 전기차 저상형 냉동탑차,1400,600.0,2000.0,2023년도 전기자동차 김천시 모델별 보조금,2023,김천시
화물(소형),일진정공,일진무시동전기냉동탑차(149.9km),1053,526.0,1579.0,2023년도 전기자동차 김천시 모델별 보조금,2023,김천시
화물(소형),일진정공,일진무시동전기냉동탑차(186.1km),1321,600.0,1921.0,2023년도 전기자동차 김천시 모델별 보조금,2023,김천시
화물(소형),일진정공,일진무시동전기냉동탑차(봉고),1460,600.0,2060.0,2023년도 전기자동차 김천시 모델별 보조금,2023,김천시
화물(소형),일진정공,일진무시동전기냉동탑차(포터),1444,600.0,2044.0,2023년도 전기자동차 김천시 모델별 보조금,2023,김천시
화물(소형),루트17,다니고밴,784,392.0,1176.0,2023년도 전기자동차 김천시 모델별 보조금,2023,김천시
화물(소형),루트17,다니고C(0.8톤 전기트럭),1112,556.0,1668.0,2023년도 전기자동차 김천시 모델별 보조금,2023,김천시
화물(소형),루트17,다니고C2(0.8톤 전기트럭),909,454.0,1363.0,2023년도 전기자동차 김천시 모델별 보조금,2023,김천시
화물(소형),루트17,다니고R(전기냉동탑차),1313,600.0,1913.0,2023년도 전기자동차 김천시 모델별 보조금,2023,김천시
화물(소형),루트17,다니고R2(무시동 전기냉동탑차),1212,600.0,1812.0,2023년도 전기자동차 김천시 모델별 보조금,2023,김천시
화물(소형),한신자동차,플러스2.0,648,324.0,972.0,2023년도 전기자동차 김천시 모델별 보조금,2023,김천시
화물(소형),비바모빌리티,(단종)비바,932,466.0,1398.0,2023년도 전기자동차 김천시 모델별 보조금,2023,김천시
화물(소형),비바모빌리티,(단종)브라보,802,401.0,1203.0,2023년도 전기자동차 김천시 모델별 보조금,2023,김천시
화물(소형),이브이케이엠씨,(단종)MASADA 2밴,1124,562.0,1686.0,2023년도 전기자동차 김천시 모델별 보조금,2023,김천시
화물(소형),이브이케이엠씨,(단종)MASADA 4밴,1025,512.0,1537.0,2023년도 전기자동차 김천시 모델별 보조금,2023,김천시
화물(소형),이브이케이엠씨,MASADA 픽업,1078,539.0,1617.0,2023년도 전기자동차 김천시 모델별 보조금,2023,김천시
화물(소형),이브이케이엠씨,MASADA 3세대 2밴,1124,562.0,1686.0,2023년도 전기자동차 김천시 모델별 보조금,2023,김천시
화물(소형),이브이케이엠씨,MASADA 3세대 4밴,1025,512.0,1537.0,2023년도 전기자동차 김천시 모델별 보조금,2023,김천시
화물(소형),이브이케이엠씨,MASADA 2밴,1200,600.0,1800.0,2023년도 전기자동차 김천시 모델별 보조금,2023,김천시
화물(소형),이브이케이엠씨,MASADA 4밴,1200,600.0,1800.0,2023년도 전기자동차 김천시 모델별 보조금,2023,김천시
화물(소형),경인모터스,경인1톤전기냉동탑차,1151,575.0,1726.0,2023년도 전기자동차 김천시 모델별 보조금,2023,김천시
화물(소형),제이스모빌리티,(단종)이티밴,1200,600.0,1800.0,2023년도 전기자동차 김천시 모델별 보조금,2023,김천시
화물(소형),제이스모빌리티,이티밴,1200,600.0,1800.0,2023년도 전기자동차 김천시 모델별 보조금,2023,김천시
화물(소형),제이스모빌리티,이티4밴,1180,590.0,1770.0,2023년도 전기자동차 김천시 모델별 보조금,2023,김천시
화물(소형),오텍,오텍 무시동 전기 냉동탑차(봉고),1253,600.0,1853.0,2023년도 전기자동차 김천시 모델별 보조금,2023,김천시
화물(소형),이엔플러스,이엔1톤롱바디카고,959,479.0,1438.0,2023년도 전기자동차 김천시 모델별 보조금,2023,김천시
화물(소형),이엔플러스,이엔플러스EV1톤롱바디트럭,1009,504.0,1513.0,2023년도 전기자동차 김천시 모델별 보조금,2023,김천시
화물(소형),GS글로벌,T4K,1200,600.0,1800.0,2023년도 전기자동차 김천시 모델별 보조금,2023,김천시
화물(소형),에스에스라이트,젤라,986,493.0,1479.0,2023년도 전기자동차 김천시 모델별 보조금,2023,김천시
화물(소형),에스에스라이트,젤라 P200,1177,588.0,1765.0,2023년도 전기자동차 김천시 모델별 보조금,2023,김천시
화물(소형),한국쓰리축,한국쓰리축1톤롱바디EV트럭(봉고),943,471.0,1414.0,2023년도 전기자동차 김천시 모델별 보조금,2023,김천시
화물(소형),한국쓰리축,한국쓰리축1톤롱바디EV트럭(포터),963,481.0,1444.0,2023년도 전기자동차 김천시 모델별 보조금,2023,김천시
화물(소형),모빌리티네트웍스,SE-A2밴,1200,600.0,1800.0,2023년도 전기자동차 김천시 모델별 보조금,2023,김천시
화물(초소형),스마트솔루션즈,D2C,550,275.0,825.0,2023년도 전기자동차 안동시 모델별 보조금,2023,안동시
화물(초소형),스마트솔루션즈,D2P,550,275.0,825.0,2023년도 전기자동차 안동시 모델별 보조금,2023,안동시
화물(초소형),루트17,다니고3,550,275.0,825.0,2023년도 전기자동차 안동시 모델별 보조금,2023,안동시
화물(초소형),루트17,다니고3 픽업,550,275.0,825.0,2023년도 전기자동차 안동시 모델별 보조금,2023,안동시
화물(초소형),마스타전기차,MASTA VAN,550,275.0,825.0,2023년도 전기자동차 안동시 모델별 보조금,2023,안동시
화물(초소형),마스타전기차,MASTA HIM,550,275.0,825.0,2023년도 전기자동차 안동시 모델별 보조금,2023,안동시
화물(초소형),디피코,포트로-탑,550,275.0,825.0,2023년도 전기자동차 안동시 모델별 보조금,2023,안동시
화물(초소형),디피코,포트로-픽업,550,275.0,825.0,2023년도 전기자동차 안동시 모델별 보조금,2023,안동시
화물(초소형),디피코,포트로-탑S,550,275.0,825.0,2023년도 전기자동차 안동시 모델별 보조금,2023,안동시
화물(초소형),디피코,포트로-픽업S,550,275.0,825.0,2023년도 전기자동차 안동시 모델별 보조금,2023,안동시
화물(초소형),진우에스엠씨,포텐스,550,275.0,825.0,2023년도 전기자동차 안동시 모델별 보조금,2023,안동시
화물(경형),파워프라자,라보ev PEACE,900,450.0,1350.0,2023년도 전기자동차 안동시 모델별 보조금,2023,안동시
화물(경형),디피코,포트로350L-탑,900,450.0,1350.0,2023년도 전기자동차 안동시 모델별 보조금,2023,안동시
화물(경형),디피코,포트로350L-픽업,900,450.0,1350.0,2023년도 전기자동차 안동시 모델별 보조금,2023,안동시
화물(소형),제인모터스,제인모터스칼마토EV1톤내장탑차,498,249.0,747.0,2023년도 전기자동차 안동시 모델별 보조금,2023,안동시
화물(소형),파워프라자,봉고3ev PEACE,536,268.0,804.0,2023년도 전기자동차 안동시 모델별 보조금,2023,안동시
화물(소형),파워프라자,봉고3ev PEACE 더블캡,437,218.0,655.0,2023년도 전기자동차 안동시 모델별 보조금,2023,안동시
화물(소형),현대자동차,포터Ⅱ 일렉트릭(23MY),1200,600.0,1800.0,2023년도 전기자동차 안동시 모델별 보조금,2023,안동시
화물(소형),현대자동차,포터Ⅱ 일렉트릭(24MY),1200,600.0,1800.0,2023년도 전기자동차 안동시 모델별 보조금,2023,안동시
화물(소형),기아,봉고 전기차,1200,600.0,1800.0,2023년도 전기자동차 안동시 모델별 보조금,2023,안동시
화물(소형),기아,봉고 전기차 냉동탑차,1400,600.0,2000.0,2023년도 전기자동차 안동시 모델별 보조금,2023,안동시
화물(소형),기아,봉고 전기차 저상형 냉동탑차,1400,600.0,2000.0,2023년도 전기자동차 안동시 모델별 보조금,2023,안동시
화물(소형),일진정공,일진무시동전기냉동탑차(149.9km),1053,527.0,1580.0,2023년도 전기자동차 안동시 모델별 보조금,2023,안동시
화물(소형),일진정공,일진무시동전기냉동탑차(186.1km),1321,600.0,1921.0,2023년도 전기자동차 안동시 모델별 보조금,2023,안동시
화물(소형),일진정공,일진무시동전기냉동탑차(봉고),1460,600.0,2060.0,2023년도 전기자동차 안동시 모델별 보조금,2023,안동시
화물(소형),일진정공,일진무시동전기냉동탑차(포터),1444,600.0,2044.0,2023년도 전기자동차 안동시 모델별 보조금,2023,안동시
화물(소형),루트17,다니고밴,784,392.0,1176.0,2023년도 전기자동차 안동시 모델별 보조금,2023,안동시
화물(소형),루트17,다니고C(0.8톤 전기트럭),1112,556.0,1668.0,2023년도 전기자동차 안동시 모델별 보조금,2023,안동시
화물(소형),루트17,다니고C2(0.8톤 전기트럭),909,455.0,1364.0,2023년도 전기자동차 안동시 모델별 보조금,2023,안동시
화물(소형),루트17,다니고R(전기냉동탑차),1313,600.0,1913.0,2023년도 전기자동차 안동시 모델별 보조금,2023,안동시
화물(소형),루트17,다니고R2(무시동 전기냉동탑차),1212,606.0,1818.0,2023년도 전기자동차 안동시 모델별 보조금,2023,안동시
화물(소형),한신자동차,플러스2.0,648,324.0,972.0,2023년도 전기자동차 안동시 모델별 보조금,2023,안동시
화물(소형),비바모빌리티,(단종)비바,932,466.0,1398.0,2023년도 전기자동차 안동시 모델별 보조금,2023,안동시
화물(소형),비바모빌리티,(단종)브라보,802,401.0,1203.0,2023년도 전기자동차 안동시 모델별 보조금,2023,안동시
화물(소형),이브이케이엠씨,(단종)MASADA 2밴,1124,562.0,1686.0,2023년도 전기자동차 안동시 모델별 보조금,2023,안동시
화물(소형),이브이케이엠씨,(단종)MASADA 4밴,1025,513.0,1538.0,2023년도 전기자동차 안동시 모델별 보조금,2023,안동시
화물(소형),이브이케이엠씨,MASADA 픽업,1078,539.0,1617.0,2023년도 전기자동차 안동시 모델별 보조금,2023,안동시
화물(소형),이브이케이엠씨,MASADA 3세대 2밴,1124,562.0,1686.0,2023년도 전기자동차 안동시 모델별 보조금,2023,안동시
화물(소형),이브이케이엠씨,MASADA 3세대 4밴,1025,513.0,1538.0,2023년도 전기자동차 안동시 모델별 보조금,2023,안동시
화물(소형),이브이케이엠씨,MASADA 2밴,1200,562.0,1762.0,2023년도 전기자동차 안동시 모델별 보조금,2023,안동시
화물(소형),이브이케이엠씨,MASADA 4밴,1200,513.0,1713.0,2023년도 전기자동차 안동시 모델별 보조금,2023,안동시
화물(소형),경인모터스,경인1톤전기냉동탑차,1151,575.0,1726.0,2023년도 전기자동차 안동시 모델별 보조금,2023,안동시
화물(소형),제이스모빌리티,(단종)이티밴,1200,600.0,1800.0,2023년도 전기자동차 안동시 모델별 보조금,2023,안동시
화물(소형),제이스모빌리티,이티밴,1200,600.0,1800.0,2023년도 전기자동차 안동시 모델별 보조금,2023,안동시
화물(소형),제이스모빌리티,이티4밴,1180,590.0,1770.0,2023년도 전기자동차 안동시 모델별 보조금,2023,안동시
화물(소형),오텍,오텍 무시동 전기 냉동탑차(봉고),1253,627.0,1880.0,2023년도 전기자동차 안동시 모델별 보조금,2023,안동시
화물(소형),이엔플러스,이엔1톤롱바디카고,959,480.0,1439.0,2023년도 전기자동차 안동시 모델별 보조금,2023,안동시
화물(소형),이엔플러스,이엔플러스EV1톤롱바디트럭,1009,505.0,1514.0,2023년도 전기자동차 안동시 모델별 보조금,2023,안동시
화물(소형),GS글로벌,T4K,1200,600.0,1800.0,2023년도 전기자동차 안동시 모델별 보조금,2023,안동시
화물(소형),에스에스라이트,젤라,986,493.0,1479.0,2023년도 전기자동차 안동시 모델별 보조금,2023,안동시
화물(소형),에스에스라이트,젤라 P200,1177,588.0,1765.0,2023년도 전기자동차 안동시 모델별 보조금,2023,안동시
화물(소형),한국쓰리축,한국쓰리축1톤롱바디EV트럭(봉고),943,472.0,1415.0,2023년도 전기자동차 안동시 모델별 보조금,2023,안동시
화물(소형),한국쓰리축,한국쓰리축1톤롱바디EV트럭(포터),963,482.0,1445.0,2023년도 전기자동차 안동시 모델별 보조금,2023,안동시
화물(소형),모빌리티네트웍스,SE-A2밴,1200,600.0,1800.0,2023년도 전기자동차 안동시 모델별 보조금,2023,안동시
화물(초소형),스마트솔루션즈,D2C,550,275.0,825.0,2023년도 전기자동차 구미시 모델별 보조금,2023,구미시
화물(초소형),스마트솔루션즈,D2P,550,275.0,825.0,2023년도 전기자동차 구미시 모델별 보조금,2023,구미시
화물(초소형),루트17,다니고3,550,275.0,825.0,2023년도 전기자동차 구미시 모델별 보조금,2023,구미시
화물(초소형),루트17,다니고3 픽업,550,275.0,825.0,2023년도 전기자동차 구미시 모델별 보조금,2023,구미시
화물(초소형),마스타전기차,MASTA VAN,550,275.0,825.0,2023년도 전기자동차 구미시 모델별 보조금,2023,구미시
화물(초소형),마스타전기차,MASTA HIM,550,275.0,825.0,2023년도 전기자동차 구미시 모델별 보조금,2023,구미시
화물(초소형),디피코,포트로-탑,550,275.0,825.0,2023년도 전기자동차 구미시 모델별 보조금,2023,구미시
화물(초소형),디피코,포트로-픽업,550,275.0,825.0,2023년도 전기자동차 구미시 모델별 보조금,2023,구미시
화물(초소형),디피코,포트로-탑S,550,275.0,825.0,2023년도 전기자동차 구미시 모델별 보조금,2023,구미시
화물(초소형),디피코,포트로-픽업S,550,275.0,825.0,2023년도 전기자동차 구미시 모델별 보조금,2023,구미시
화물(초소형),진우에스엠씨,포텐스,550,275.0,825.0,2023년도 전기자동차 구미시 모델별 보조금,2023,구미시
화물(경형),파워프라자,라보ev PEACE,900,450.0,1350.0,2023년도 전기자동차 구미시 모델별 보조금,2023,구미시
화물(경형),디피코,포트로350L-탑,900,450.0,1350.0,2023년도 전기자동차 구미시 모델별 보조금,2023,구미시
화물(경형),디피코,포트로350L-픽업,900,450.0,1350.0,2023년도 전기자동차 구미시 모델별 보조금,2023,구미시
화물(소형),제인모터스,제인모터스칼마토EV1톤내장탑차,498,249.0,747.0,2023년도 전기자동차 구미시 모델별 보조금,2023,구미시
화물(소형),파워프라자,봉고3ev PEACE,536,268.0,804.0,2023년도 전기자동차 구미시 모델별 보조금,2023,구미시
화물(소형),파워프라자,봉고3ev PEACE 더블캡,437,218.0,655.0,2023년도 전기자동차 구미시 모델별 보조금,2023,구미시
화물(소형),현대자동차,포터Ⅱ 일렉트릭(23MY),1200,600.0,1800.0,2023년도 전기자동차 구미시 모델별 보조금,2023,구미시
화물(소형),현대자동차,포터Ⅱ 일렉트릭(24MY),1200,600.0,1800.0,2023년도 전기자동차 구미시 모델별 보조금,2023,구미시
화물(소형),기아,봉고 전기차,1200,600.0,1800.0,2023년도 전기자동차 구미시 모델별 보조금,2023,구미시
화물(소형),기아,봉고 전기차 냉동탑차,1400,600.0,2000.0,2023년도 전기자동차 구미시 모델별 보조금,2023,구미시
화물(소형),기아,봉고 전기차 저상형 냉동탑차,1400,600.0,2000.0,2023년도 전기자동차 구미시 모델별 보조금,2023,구미시
화물(소형),일진정공,일진무시동전기냉동탑차(149.9km),1053,526.0,1579.0,2023년도 전기자동차 구미시 모델별 보조금,2023,구미시
화물(소형),일진정공,일진무시동전기냉동탑차(186.1km),1321,600.0,1921.0,2023년도 전기자동차 구미시 모델별 보조금,2023,구미시
화물(소형),일진정공,일진무시동전기냉동탑차(봉고),1460,600.0,2060.0,2023년도 전기자동차 구미시 모델별 보조금,2023,구미시
화물(소형),일진정공,일진무시동전기냉동탑차(포터),1444,600.0,2044.0,2023년도 전기자동차 구미시 모델별 보조금,2023,구미시
화물(소형),루트17,다니고밴,784,392.0,1176.0,2023년도 전기자동차 구미시 모델별 보조금,2023,구미시
화물(소형),루트17,다니고C(0.8톤 전기트럭),1112,556.0,1668.0,2023년도 전기자동차 구미시 모델별 보조금,2023,구미시
화물(소형),루트17,다니고C2(0.8톤 전기트럭),909,454.0,1363.0,2023년도 전기자동차 구미시 모델별 보조금,2023,구미시
화물(소형),루트17,다니고R(전기냉동탑차),1313,600.0,1913.0,2023년도 전기자동차 구미시 모델별 보조금,2023,구미시
화물(소형),루트17,다니고R2(무시동 전기냉동탑차),1212,600.0,1812.0,2023년도 전기자동차 구미시 모델별 보조금,2023,구미시
화물(소형),한신자동차,플러스2.0,648,324.0,972.0,2023년도 전기자동차 구미시 모델별 보조금,2023,구미시
화물(소형),비바모빌리티,(단종)비바,932,466.0,1398.0,2023년도 전기자동차 구미시 모델별 보조금,2023,구미시
화물(소형),비바모빌리티,(단종)브라보,802,401.0,1203.0,2023년도 전기자동차 구미시 모델별 보조금,2023,구미시
화물(소형),이브이케이엠씨,(단종)MASADA 2밴,1124,562.0,1686.0,2023년도 전기자동차 구미시 모델별 보조금,2023,구미시
화물(소형),이브이케이엠씨,(단종)MASADA 4밴,1025,512.0,1537.0,2023년도 전기자동차 구미시 모델별 보조금,2023,구미시
화물(소형),이브이케이엠씨,MASADA 픽업,1078,539.0,1617.0,2023년도 전기자동차 구미시 모델별 보조금,2023,구미시
화물(소형),이브이케이엠씨,MASADA 3세대 2밴,1124,562.0,1686.0,2023년도 전기자동차 구미시 모델별 보조금,2023,구미시
화물(소형),이브이케이엠씨,MASADA 3세대 4밴,1025,512.0,1537.0,2023년도 전기자동차 구미시 모델별 보조금,2023,구미시
화물(소형),이브이케이엠씨,MASADA 2밴,1200,600.0,1800.0,2023년도 전기자동차 구미시 모델별 보조금,2023,구미시
화물(소형),이브이케이엠씨,MASADA 4밴,1200,600.0,1800.0,2023년도 전기자동차 구미시 모델별 보조금,2023,구미시
화물(소형),경인모터스,경인1톤전기냉동탑차,1151,575.0,1726.0,2023년도 전기자동차 구미시 모델별 보조금,2023,구미시
화물(소형),제이스모빌리티,(단종)이티밴,1200,600.0,1800.0,2023년도 전기자동차 구미시 모델별 보조금,2023,구미시
화물(소형),제이스모빌리티,이티밴,1200,600.0,1800.0,2023년도 전기자동차 구미시 모델별 보조금,2023,구미시
화물(소형),제이스모빌리티,이티4밴,1180,590.0,1770.0,2023년도 전기자동차 구미시 모델별 보조금,2023,구미시
화물(소형),오텍,오텍 무시동 전기 냉동탑차(봉고),1253,600.0,1853.0,2023년도 전기자동차 구미시 모델별 보조금,2023,구미시
화물(소형),이엔플러스,이엔1톤롱바디카고,959,479.0,1438.0,2023년도 전기자동차 구미시 모델별 보조금,2023,구미시
화물(소형),이엔플러스,이엔플러스EV1톤롱바디트럭,1009,504.0,1513.0,2023년도 전기자동차 구미시 모델별 보조금,2023,구미시
화물(소형),GS글로벌,T4K,1200,600.0,1800.0,2023년도 전기자동차 구미시 모델별 보조금,2023,구미시
화물(소형),에스에스라이트,젤라,986,493.0,1479.0,2023년도 전기자동차 구미시 모델별 보조금,2023,구미시
화물(소형),에스에스라이트,젤라 P200,1177,588.0,1765.0,2023년도 전기자동차 구미시 모델별 보조금,2023,구미시
화물(소형),한국쓰리축,한국쓰리축1톤롱바디EV트럭(봉고),943,471.0,1414.0,2023년도 전기자동차 구미시 모델별 보조금,2023,구미시
화물(소형),한국쓰리축,한국쓰리축1톤롱바디EV트럭(포터),963,481.0,1444.0,2023년도 전기자동차 구미시 모델별 보조금,2023,구미시
화물(소형),모빌리티네트웍스,SE-A2밴,1200,600.0,1800.0,2023년도 전기자동차 구미시 모델별 보조금,2023,구미시
화물(초소형),스마트솔루션즈,D2C,550,275.0,825.0,2023년도 전기자동차 영주시 모델별 보조금,2023,영주시
화물(초소형),스마트솔루션즈,D2P,550,275.0,825.0,2023년도 전기자동차 영주시 모델별 보조금,2023,영주시
화물(초소형),루트17,다니고3,550,275.0,825.0,2023년도 전기자동차 영주시 모델별 보조금,2023,영주시
화물(초소형),루트17,다니고3 픽업,550,275.0,825.0,2023년도 전기자동차 영주시 모델별 보조금,2023,영주시
화물(초소형),마스타전기차,MASTA VAN,550,275.0,825.0,2023년도 전기자동차 영주시 모델별 보조금,2023,영주시
화물(초소형),마스타전기차,MASTA HIM,550,275.0,825.0,2023년도 전기자동차 영주시 모델별 보조금,2023,영주시
화물(초소형),디피코,포트로-탑,550,275.0,825.0,2023년도 전기자동차 영주시 모델별 보조금,2023,영주시
화물(초소형),디피코,포트로-픽업,550,275.0,825.0,2023년도 전기자동차 영주시 모델별 보조금,2023,영주시
화물(초소형),디피코,포트로-탑S,550,275.0,825.0,2023년도 전기자동차 영주시 모델별 보조금,2023,영주시
화물(초소형),디피코,포트로-픽업S,550,275.0,825.0,2023년도 전기자동차 영주시 모델별 보조금,2023,영주시
화물(초소형),진우에스엠씨,포텐스,550,275.0,825.0,2023년도 전기자동차 영주시 모델별 보조금,2023,영주시
화물(경형),파워프라자,라보ev PEACE,900,450.0,1350.0,2023년도 전기자동차 영주시 모델별 보조금,2023,영주시
화물(경형),디피코,포트로350L-탑,900,450.0,1350.0,2023년도 전기자동차 영주시 모델별 보조금,2023,영주시
화물(경형),디피코,포트로350L-픽업,900,450.0,1350.0,2023년도 전기자동차 영주시 모델별 보조금,2023,영주시
화물(소형),제인모터스,제인모터스칼마토EV1톤내장탑차,498,249.0,747.0,2023년도 전기자동차 영주시 모델별 보조금,2023,영주시
화물(소형),파워프라자,봉고3ev PEACE,536,268.0,804.0,2023년도 전기자동차 영주시 모델별 보조금,2023,영주시
화물(소형),파워프라자,봉고3ev PEACE 더블캡,437,218.0,655.0,2023년도 전기자동차 영주시 모델별 보조금,2023,영주시
화물(소형),현대자동차,포터Ⅱ 일렉트릭(23MY),1200,600.0,1800.0,2023년도 전기자동차 영주시 모델별 보조금,2023,영주시
화물(소형),현대자동차,포터Ⅱ 일렉트릭(24MY),1200,600.0,1800.0,2023년도 전기자동차 영주시 모델별 보조금,2023,영주시
화물(소형),기아,봉고 전기차,1200,600.0,1800.0,2023년도 전기자동차 영주시 모델별 보조금,2023,영주시
화물(소형),기아,봉고 전기차 냉동탑차,1400,600.0,2000.0,2023년도 전기자동차 영주시 모델별 보조금,2023,영주시
화물(소형),기아,봉고 전기차 저상형 냉동탑차,1400,600.0,2000.0,2023년도 전기자동차 영주시 모델별 보조금,2023,영주시
화물(소형),일진정공,일진무시동전기냉동탑차(149.9km),1053,526.0,1579.0,2023년도 전기자동차 영주시 모델별 보조금,2023,영주시
화물(소형),일진정공,일진무시동전기냉동탑차(186.1km),1321,600.0,1921.0,2023년도 전기자동차 영주시 모델별 보조금,2023,영주시
화물(소형),일진정공,일진무시동전기냉동탑차(봉고),1460,600.0,2060.0,2023년도 전기자동차 영주시 모델별 보조금,2023,영주시
화물(소형),일진정공,일진무시동전기냉동탑차(포터),1444,600.0,2044.0,2023년도 전기자동차 영주시 모델별 보조금,2023,영주시
화물(소형),루트17,다니고밴,784,392.0,1176.0,2023년도 전기자동차 영주시 모델별 보조금,2023,영주시
화물(소형),루트17,다니고C(0.8톤 전기트럭),1112,556.0,1668.0,2023년도 전기자동차 영주시 모델별 보조금,2023,영주시
화물(소형),루트17,다니고C2(0.8톤 전기트럭),909,454.0,1363.0,2023년도 전기자동차 영주시 모델별 보조금,2023,영주시
화물(소형),루트17,다니고R(전기냉동탑차),1313,600.0,1913.0,2023년도 전기자동차 영주시 모델별 보조금,2023,영주시
화물(소형),루트17,다니고R2(무시동 전기냉동탑차),1212,600.0,1812.0,2023년도 전기자동차 영주시 모델별 보조금,2023,영주시
화물(소형),한신자동차,플러스2.0,648,324.0,972.0,2023년도 전기자동차 영주시 모델별 보조금,2023,영주시
화물(소형),비바모빌리티,(단종)비바,932,466.0,1398.0,2023년도 전기자동차 영주시 모델별 보조금,2023,영주시
화물(소형),비바모빌리티,(단종)브라보,802,401.0,1203.0,2023년도 전기자동차 영주시 모델별 보조금,2023,영주시
화물(소형),이브이케이엠씨,(단종)MASADA 2밴,1124,562.0,1686.0,2023년도 전기자동차 영주시 모델별 보조금,2023,영주시
화물(소형),이브이케이엠씨,(단종)MASADA 4밴,1025,512.0,1537.0,2023년도 전기자동차 영주시 모델별 보조금,2023,영주시
화물(소형),이브이케이엠씨,MASADA 픽업,1078,539.0,1617.0,2023년도 전기자동차 영주시 모델별 보조금,2023,영주시
화물(소형),이브이케이엠씨,MASADA 3세대 2밴,1124,562.0,1686.0,2023년도 전기자동차 영주시 모델별 보조금,2023,영주시
화물(소형),이브이케이엠씨,MASADA 3세대 4밴,1025,512.0,1537.0,2023년도 전기자동차 영주시 모델별 보조금,2023,영주시
화물(소형),경인모터스,경인1톤전기냉동탑차,1151,575.0,1726.0,2023년도 전기자동차 영주시 모델별 보조금,2023,영주시
화물(소형),제이스모빌리티,(단종)이티밴,1200,600.0,1800.0,2023년도 전기자동차 영주시 모델별 보조금,2023,영주시
화물(소형),제이스모빌리티,이티밴,1200,600.0,1800.0,2023년도 전기자동차 영주시 모델별 보조금,2023,영주시
화물(소형),제이스모빌리티,이티4밴,1180,590.0,1770.0,2023년도 전기자동차 영주시 모델별 보조금,2023,영주시
화물(소형),오텍,오텍 무시동 전기 냉동탑차(봉고),1253,600.0,1853.0,2023년도 전기자동차 영주시 모델별 보조금,2023,영주시
화물(소형),이엔플러스,이엔1톤롱바디카고,959,479.0,1438.0,2023년도 전기자동차 영주시 모델별 보조금,2023,영주시
화물(소형),이엔플러스,이엔플러스EV1톤롱바디트럭,1009,504.0,1513.0,2023년도 전기자동차 영주시 모델별 보조금,2023,영주시
화물(소형),GS글로벌,T4K,1200,600.0,1800.0,2023년도 전기자동차 영주시 모델별 보조금,2023,영주시
화물(소형),에스에스라이트,젤라,986,493.0,1479.0,2023년도 전기자동차 영주시 모델별 보조금,2023,영주시
화물(소형),에스에스라이트,젤라 P200,1177,588.0,1765.0,2023년도 전기자동차 영주시 모델별 보조금,2023,영주시
화물(소형),한국쓰리축,한국쓰리축1톤롱바디EV트럭(봉고),943,471.0,1414.0,2023년도 전기자동차 영주시 모델별 보조금,2023,영주시
화물(소형),한국쓰리축,한국쓰리축1톤롱바디EV트럭(포터),963,481.0,1444.0,2023년도 전기자동차 영주시 모델별 보조금,2023,영주시
화물(소형),모빌리티네트웍스,SE-A2밴,1200,600.0,1800.0,2023년도 전기자동차 영주시 모델별 보조금,2023,영주시
화물(초소형),스마트솔루션즈,D2C,550,300.0,850.0,2023년도 전기자동차 영천시 모델별 보조금,2023,영천시
화물(초소형),스마트솔루션즈,D2P,550,300.0,850.0,2023년도 전기자동차 영천시 모델별 보조금,2023,영천시
화물(초소형),루트17,다니고3,550,300.0,850.0,2023년도 전기자동차 영천시 모델별 보조금,2023,영천시
화물(초소형),루트17,다니고3 픽업,550,300.0,850.0,2023년도 전기자동차 영천시 모델별 보조금,2023,영천시
화물(초소형),마스타전기차,MASTA VAN,550,300.0,850.0,2023년도 전기자동차 영천시 모델별 보조금,2023,영천시
화물(초소형),마스타전기차,MASTA HIM,550,300.0,850.0,2023년도 전기자동차 영천시 모델별 보조금,2023,영천시
화물(초소형),디피코,포트로-탑,550,300.0,850.0,2023년도 전기자동차 영천시 모델별 보조금,2023,영천시
화물(초소형),디피코,포트로-픽업,550,300.0,850.0,2023년도 전기자동차 영천시 모델별 보조금,2023,영천시
화물(초소형),디피코,포트로-탑S,550,300.0,850.0,2023년도 전기자동차 영천시 모델별 보조금,2023,영천시
화물(초소형),디피코,포트로-픽업S,550,300.0,850.0,2023년도 전기자동차 영천시 모델별 보조금,2023,영천시
화물(초소형),진우에스엠씨,포텐스,550,300.0,850.0,2023년도 전기자동차 영천시 모델별 보조금,2023,영천시
화물(경형),파워프라자,라보ev PEACE,900,600.0,1500.0,2023년도 전기자동차 영천시 모델별 보조금,2023,영천시
화물(경형),디피코,포트로350L-탑,900,600.0,1500.0,2023년도 전기자동차 영천시 모델별 보조금,2023,영천시
화물(경형),디피코,포트로350L-픽업,900,600.0,1500.0,2023년도 전기자동차 영천시 모델별 보조금,2023,영천시
화물(소형),제인모터스,제인모터스칼마토EV1톤내장탑차,498,249.0,747.0,2023년도 전기자동차 영천시 모델별 보조금,2023,영천시
화물(소형),파워프라자,봉고3ev PEACE,536,268.0,804.0,2023년도 전기자동차 영천시 모델별 보조금,2023,영천시
화물(소형),파워프라자,봉고3ev PEACE 더블캡,437,218.0,655.0,2023년도 전기자동차 영천시 모델별 보조금,2023,영천시
화물(소형),현대자동차,포터Ⅱ 일렉트릭(23MY),1200,600.0,1800.0,2023년도 전기자동차 영천시 모델별 보조금,2023,영천시
화물(소형),현대자동차,포터Ⅱ 일렉트릭(24MY),1200,600.0,1800.0,2023년도 전기자동차 영천시 모델별 보조금,2023,영천시
화물(소형),기아,봉고 전기차,1200,600.0,1800.0,2023년도 전기자동차 영천시 모델별 보조금,2023,영천시
화물(소형),기아,봉고 전기차 냉동탑차,1400,600.0,2000.0,2023년도 전기자동차 영천시 모델별 보조금,2023,영천시
화물(소형),기아,봉고 전기차 저상형 냉동탑차,1400,600.0,2000.0,2023년도 전기자동차 영천시 모델별 보조금,2023,영천시
화물(소형),일진정공,일진무시동전기냉동탑차(149.9km),1053,526.0,1579.0,2023년도 전기자동차 영천시 모델별 보조금,2023,영천시
화물(소형),일진정공,일진무시동전기냉동탑차(186.1km),1321,600.0,1921.0,2023년도 전기자동차 영천시 모델별 보조금,2023,영천시
화물(소형),일진정공,일진무시동전기냉동탑차(봉고),1460,600.0,2060.0,2023년도 전기자동차 영천시 모델별 보조금,2023,영천시
화물(소형),일진정공,일진무시동전기냉동탑차(포터),1444,600.0,2044.0,2023년도 전기자동차 영천시 모델별 보조금,2023,영천시
화물(소형),루트17,다니고밴,784,392.0,1176.0,2023년도 전기자동차 영천시 모델별 보조금,2023,영천시
화물(소형),루트17,다니고C(0.8톤 전기트럭),1112,556.0,1668.0,2023년도 전기자동차 영천시 모델별 보조금,2023,영천시
화물(소형),루트17,다니고C2(0.8톤 전기트럭),909,454.0,1363.0,2023년도 전기자동차 영천시 모델별 보조금,2023,영천시
화물(소형),루트17,다니고R(전기냉동탑차),1313,600.0,1913.0,2023년도 전기자동차 영천시 모델별 보조금,2023,영천시
화물(소형),루트17,다니고R2(무시동 전기냉동탑차),1212,600.0,1812.0,2023년도 전기자동차 영천시 모델별 보조금,2023,영천시
화물(소형),한신자동차,플러스2.0,648,324.0,972.0,2023년도 전기자동차 영천시 모델별 보조금,2023,영천시
화물(소형),비바모빌리티,(단종)비바,932,466.0,1398.0,2023년도 전기자동차 영천시 모델별 보조금,2023,영천시
화물(소형),비바모빌리티,(단종)브라보,802,401.0,1203.0,2023년도 전기자동차 영천시 모델별 보조금,2023,영천시
화물(소형),이브이케이엠씨,(단종)MASADA 2밴,1124,562.0,1686.0,2023년도 전기자동차 영천시 모델별 보조금,2023,영천시
화물(소형),이브이케이엠씨,(단종)MASADA 4밴,1025,512.0,1537.0,2023년도 전기자동차 영천시 모델별 보조금,2023,영천시
화물(소형),이브이케이엠씨,MASADA 픽업,1078,539.0,1617.0,2023년도 전기자동차 영천시 모델별 보조금,2023,영천시
화물(소형),이브이케이엠씨,MASADA 3세대 2밴,1124,562.0,1686.0,2023년도 전기자동차 영천시 모델별 보조금,2023,영천시
화물(소형),이브이케이엠씨,MASADA 3세대 4밴,1025,512.0,1537.0,2023년도 전기자동차 영천시 모델별 보조금,2023,영천시
화물(소형),이브이케이엠씨,MASADA 2밴,1200,600.0,1800.0,2023년도 전기자동차 영천시 모델별 보조금,2023,영천시
화물(소형),이브이케이엠씨,MASADA 4밴,1200,600.0,1800.0,2023년도 전기자동차 영천시 모델별 보조금,2023,영천시
화물(소형),경인모터스,경인1톤전기냉동탑차,1151,575.0,1726.0,2023년도 전기자동차 영천시 모델별 보조금,2023,영천시
화물(소형),제이스모빌리티,(단종)이티밴,1200,600.0,1800.0,2023년도 전기자동차 영천시 모델별 보조금,2023,영천시
화물(소형),제이스모빌리티,이티밴,1200,600.0,1800.0,2023년도 전기자동차 영천시 모델별 보조금,2023,영천시
화물(소형),제이스모빌리티,이티4밴,1180,590.0,1770.0,2023년도 전기자동차 영천시 모델별 보조금,2023,영천시
화물(소형),오텍,오텍 무시동 전기 냉동탑차(봉고),1253,600.0,1853.0,2023년도 전기자동차 영천시 모델별 보조금,2023,영천시
화물(소형),이엔플러스,이엔1톤롱바디카고,959,479.0,1438.0,2023년도 전기자동차 영천시 모델별 보조금,2023,영천시
화물(소형),이엔플러스,이엔플러스EV1톤롱바디트럭,1009,504.0,1513.0,2023년도 전기자동차 영천시 모델별 보조금,2023,영천시
화물(소형),GS글로벌,T4K,1200,600.0,1800.0,2023년도 전기자동차 영천시 모델별 보조금,2023,영천시
화물(소형),에스에스라이트,젤라,986,493.0,1479.0,2023년도 전기자동차 영천시 모델별 보조금,2023,영천시
화물(소형),에스에스라이트,젤라 P200,1177,588.0,1765.0,2023년도 전기자동차 영천시 모델별 보조금,2023,영천시
화물(소형),한국쓰리축,한국쓰리축1톤롱바디EV트럭(봉고),943,471.0,1414.0,2023년도 전기자동차 영천시 모델별 보조금,2023,영천시
화물(소형),한국쓰리축,한국쓰리축1톤롱바디EV트럭(포터),963,481.0,1444.0,2023년도 전기자동차 영천시 모델별 보조금,2023,영천시
화물(소형),모빌리티네트웍스,SE-A2밴,1200,600.0,1800.0,2023년도 전기자동차 영천시 모델별 보조금,2023,영천시
화물(초소형),스마트솔루션즈,D2C,550,275.0,825.0,2023년도 전기자동차 상주시 모델별 보조금,2023,상주시
화물(초소형),스마트솔루션즈,D2P,550,275.0,825.0,2023년도 전기자동차 상주시 모델별 보조금,2023,상주시
화물(초소형),루트17,다니고3,550,275.0,825.0,2023년도 전기자동차 상주시 모델별 보조금,2023,상주시
화물(초소형),루트17,다니고3 픽업,550,275.0,825.0,2023년도 전기자동차 상주시 모델별 보조금,2023,상주시
화물(초소형),마스타전기차,MASTA VAN,550,275.0,825.0,2023년도 전기자동차 상주시 모델별 보조금,2023,상주시
화물(초소형),마스타전기차,MASTA HIM,550,275.0,825.0,2023년도 전기자동차 상주시 모델별 보조금,2023,상주시
화물(초소형),디피코,포트로-탑,550,275.0,825.0,2023년도 전기자동차 상주시 모델별 보조금,2023,상주시
화물(초소형),디피코,포트로-픽업,550,275.0,825.0,2023년도 전기자동차 상주시 모델별 보조금,2023,상주시
화물(초소형),디피코,포트로-탑S,550,275.0,825.0,2023년도 전기자동차 상주시 모델별 보조금,2023,상주시
화물(초소형),디피코,포트로-픽업S,550,275.0,825.0,2023년도 전기자동차 상주시 모델별 보조금,2023,상주시
화물(초소형),진우에스엠씨,포텐스,550,275.0,825.0,2023년도 전기자동차 상주시 모델별 보조금,2023,상주시
화물(경형),파워프라자,라보ev PEACE,900,450.0,1350.0,2023년도 전기자동차 상주시 모델별 보조금,2023,상주시
화물(경형),디피코,포트로350L-탑,900,450.0,1350.0,2023년도 전기자동차 상주시 모델별 보조금,2023,상주시
화물(경형),디피코,포트로350L-픽업,900,450.0,1350.0,2023년도 전기자동차 상주시 모델별 보조금,2023,상주시
화물(소형),제인모터스,제인모터스칼마토EV1톤내장탑차,498,249.0,747.0,2023년도 전기자동차 상주시 모델별 보조금,2023,상주시
화물(소형),파워프라자,봉고3ev PEACE,536,268.0,804.0,2023년도 전기자동차 상주시 모델별 보조금,2023,상주시
화물(소형),파워프라자,봉고3ev PEACE 더블캡,437,218.0,655.0,2023년도 전기자동차 상주시 모델별 보조금,2023,상주시
화물(소형),현대자동차,포터Ⅱ 일렉트릭(23MY),1200,600.0,1800.0,2023년도 전기자동차 상주시 모델별 보조금,2023,상주시
화물(소형),현대자동차,포터Ⅱ 일렉트릭(24MY),1200,600.0,1800.0,2023년도 전기자동차 상주시 모델별 보조금,2023,상주시
화물(소형),기아,봉고 전기차,1200,600.0,1800.0,2023년도 전기자동차 상주시 모델별 보조금,2023,상주시
화물(소형),기아,봉고 전기차 냉동탑차,1400,600.0,2000.0,2023년도 전기자동차 상주시 모델별 보조금,2023,상주시
화물(소형),기아,봉고 전기차 저상형 냉동탑차,1400,600.0,2000.0,2023년도 전기자동차 상주시 모델별 보조금,2023,상주시
화물(소형),일진정공,일진무시동전기냉동탑차(149.9km),1053,526.0,1579.0,2023년도 전기자동차 상주시 모델별 보조금,2023,상주시
화물(소형),일진정공,일진무시동전기냉동탑차(186.1km),1321,600.0,1921.0,2023년도 전기자동차 상주시 모델별 보조금,2023,상주시
화물(소형),일진정공,일진무시동전기냉동탑차(봉고),1460,600.0,2060.0,2023년도 전기자동차 상주시 모델별 보조금,2023,상주시
화물(소형),일진정공,일진무시동전기냉동탑차(포터),1444,600.0,2044.0,2023년도 전기자동차 상주시 모델별 보조금,2023,상주시
화물(소형),루트17,다니고밴,784,392.0,1176.0,2023년도 전기자동차 상주시 모델별 보조금,2023,상주시
화물(소형),루트17,다니고C(0.8톤 전기트럭),1112,556.0,1668.0,2023년도 전기자동차 상주시 모델별 보조금,2023,상주시
화물(소형),루트17,다니고C2(0.8톤 전기트럭),909,454.0,1363.0,2023년도 전기자동차 상주시 모델별 보조금,2023,상주시
화물(소형),루트17,다니고R(전기냉동탑차),1313,600.0,1913.0,2023년도 전기자동차 상주시 모델별 보조금,2023,상주시
화물(소형),루트17,다니고R2(무시동 전기냉동탑차),1212,600.0,1812.0,2023년도 전기자동차 상주시 모델별 보조금,2023,상주시
화물(소형),한신자동차,플러스2.0,648,324.0,972.0,2023년도 전기자동차 상주시 모델별 보조금,2023,상주시
화물(소형),비바모빌리티,(단종)비바,932,466.0,1398.0,2023년도 전기자동차 상주시 모델별 보조금,2023,상주시
화물(소형),비바모빌리티,(단종)브라보,802,401.0,1203.0,2023년도 전기자동차 상주시 모델별 보조금,2023,상주시
화물(소형),이브이케이엠씨,(단종)MASADA 2밴,1124,562.0,1686.0,2023년도 전기자동차 상주시 모델별 보조금,2023,상주시
화물(소형),이브이케이엠씨,(단종)MASADA 4밴,1025,512.0,1537.0,2023년도 전기자동차 상주시 모델별 보조금,2023,상주시
화물(소형),이브이케이엠씨,MASADA 픽업,1078,539.0,1617.0,2023년도 전기자동차 상주시 모델별 보조금,2023,상주시
화물(소형),이브이케이엠씨,MASADA 3세대 2밴,1124,562.0,1686.0,2023년도 전기자동차 상주시 모델별 보조금,2023,상주시
화물(소형),이브이케이엠씨,MASADA 3세대 4밴,1025,512.0,1537.0,2023년도 전기자동차 상주시 모델별 보조금,2023,상주시
화물(소형),이브이케이엠씨,MASADA 2밴,1200,600.0,1800.0,2023년도 전기자동차 상주시 모델별 보조금,2023,상주시
화물(소형),경인모터스,경인1톤전기냉동탑차,1151,575.0,1726.0,2023년도 전기자동차 상주시 모델별 보조금,2023,상주시
화물(소형),제이스모빌리티,(단종)이티밴,1200,600.0,1800.0,2023년도 전기자동차 상주시 모델별 보조금,2023,상주시
화물(소형),제이스모빌리티,이티밴,1200,600.0,1800.0,2023년도 전기자동차 상주시 모델별 보조금,2023,상주시
화물(소형),제이스모빌리티,이티4밴,1180,590.0,1770.0,2023년도 전기자동차 상주시 모델별 보조금,2023,상주시
화물(소형),오텍,오텍 무시동 전기 냉동탑차(봉고),1253,600.0,1853.0,2023년도 전기자동차 상주시 모델별 보조금,2023,상주시
화물(소형),이엔플러스,이엔1톤롱바디카고,959,479.0,1438.0,2023년도 전기자동차 상주시 모델별 보조금,2023,상주시
화물(소형),이엔플러스,이엔플러스EV1톤롱바디트럭,1009,504.0,1513.0,2023년도 전기자동차 상주시 모델별 보조금,2023,상주시
화물(소형),GS글로벌,T4K,1200,600.0,1800.0,2023년도 전기자동차 상주시 모델별 보조금,2023,상주시
화물(소형),에스에스라이트,젤라,986,493.0,1479.0,2023년도 전기자동차 상주시 모델별 보조금,2023,상주시
화물(소형),에스에스라이트,젤라 P200,1177,588.0,1765.0,2023년도 전기자동차 상주시 모델별 보조금,2023,상주시
화물(소형),한국쓰리축,한국쓰리축1톤롱바디EV트럭(봉고),943,471.0,1414.0,2023년도 전기자동차 상주시 모델별 보조금,2023,상주시
화물(소형),한국쓰리축,한국쓰리축1톤롱바디EV트럭(포터),963,481.0,1444.0,2023년도 전기자동차 상주시 모델별 보조금,2023,상주시
화물(소형),모빌리티네트웍스,SE-A2밴,1200,600.0,1800.0,2023년도 전기자동차 상주시 모델별 보조금,2023,상주시
화물(초소형),스마트솔루션즈,D2C,550,300.0,850.0,2023년도 전기자동차 문경시 모델별 보조금,2023,문경시
화물(초소형),스마트솔루션즈,D2P,550,300.0,850.0,2023년도 전기자동차 문경시 모델별 보조금,2023,문경시
화물(초소형),루트17,다니고3,550,300.0,850.0,2023년도 전기자동차 문경시 모델별 보조금,2023,문경시
화물(초소형),루트17,다니고3 픽업,550,300.0,850.0,2023년도 전기자동차 문경시 모델별 보조금,2023,문경시
화물(초소형),마스타전기차,MASTA VAN,550,300.0,850.0,2023년도 전기자동차 문경시 모델별 보조금,2023,문경시
화물(초소형),마스타전기차,MASTA HIM,550,300.0,850.0,2023년도 전기자동차 문경시 모델별 보조금,2023,문경시
화물(초소형),디피코,포트로-탑,550,300.0,850.0,2023년도 전기자동차 문경시 모델별 보조금,2023,문경시
화물(초소형),디피코,포트로-픽업,550,300.0,850.0,2023년도 전기자동차 문경시 모델별 보조금,2023,문경시
화물(초소형),디피코,포트로-탑S,550,300.0,850.0,2023년도 전기자동차 문경시 모델별 보조금,2023,문경시
화물(초소형),디피코,포트로-픽업S,550,300.0,850.0,2023년도 전기자동차 문경시 모델별 보조금,2023,문경시
화물(초소형),진우에스엠씨,포텐스,550,300.0,850.0,2023년도 전기자동차 문경시 모델별 보조금,2023,문경시
화물(경형),파워프라자,라보ev PEACE,900,600.0,1500.0,2023년도 전기자동차 문경시 모델별 보조금,2023,문경시
화물(경형),디피코,포트로350L-탑,900,600.0,1500.0,2023년도 전기자동차 문경시 모델별 보조금,2023,문경시
화물(경형),디피코,포트로350L-픽업,900,600.0,1500.0,2023년도 전기자동차 문경시 모델별 보조금,2023,문경시
화물(소형),제인모터스,제인모터스칼마토EV1톤내장탑차,498,249.0,747.0,2023년도 전기자동차 문경시 모델별 보조금,2023,문경시
화물(소형),파워프라자,봉고3ev PEACE,536,268.0,804.0,2023년도 전기자동차 문경시 모델별 보조금,2023,문경시
화물(소형),파워프라자,봉고3ev PEACE 더블캡,437,218.0,655.0,2023년도 전기자동차 문경시 모델별 보조금,2023,문경시
화물(소형),현대자동차,포터Ⅱ 일렉트릭(23MY),1200,600.0,1800.0,2023년도 전기자동차 문경시 모델별 보조금,2023,문경시
화물(소형),현대자동차,포터Ⅱ 일렉트릭(24MY),1200,600.0,1800.0,2023년도 전기자동차 문경시 모델별 보조금,2023,문경시
화물(소형),기아,봉고 전기차,1200,600.0,1800.0,2023년도 전기자동차 문경시 모델별 보조금,2023,문경시
화물(소형),기아,봉고 전기차 냉동탑차,1400,600.0,2000.0,2023년도 전기자동차 문경시 모델별 보조금,2023,문경시
화물(소형),기아,봉고 전기차 저상형 냉동탑차,1400,600.0,2000.0,2023년도 전기자동차 문경시 모델별 보조금,2023,문경시
화물(소형),일진정공,일진무시동전기냉동탑차(149.9km),1053,526.0,1579.0,2023년도 전기자동차 문경시 모델별 보조금,2023,문경시
화물(소형),일진정공,일진무시동전기냉동탑차(186.1km),1321,600.0,1921.0,2023년도 전기자동차 문경시 모델별 보조금,2023,문경시
화물(소형),일진정공,일진무시동전기냉동탑차(봉고),1460,600.0,2060.0,2023년도 전기자동차 문경시 모델별 보조금,2023,문경시
화물(소형),일진정공,일진무시동전기냉동탑차(포터),1444,600.0,2044.0,2023년도 전기자동차 문경시 모델별 보조금,2023,문경시
화물(소형),루트17,다니고밴,784,392.0,1176.0,2023년도 전기자동차 문경시 모델별 보조금,2023,문경시
화물(소형),루트17,다니고C(0.8톤 전기트럭),1112,556.0,1668.0,2023년도 전기자동차 문경시 모델별 보조금,2023,문경시
화물(소형),루트17,다니고C2(0.8톤 전기트럭),909,454.0,1363.0,2023년도 전기자동차 문경시 모델별 보조금,2023,문경시
화물(소형),루트17,다니고R(전기냉동탑차),1313,600.0,1913.0,2023년도 전기자동차 문경시 모델별 보조금,2023,문경시
화물(소형),루트17,다니고R2(무시동 전기냉동탑차),1212,600.0,1812.0,2023년도 전기자동차 문경시 모델별 보조금,2023,문경시
화물(소형),한신자동차,플러스2.0,648,324.0,972.0,2023년도 전기자동차 문경시 모델별 보조금,2023,문경시
화물(소형),비바모빌리티,(단종)비바,932,466.0,1398.0,2023년도 전기자동차 문경시 모델별 보조금,2023,문경시
화물(소형),비바모빌리티,(단종)브라보,802,401.0,1203.0,2023년도 전기자동차 문경시 모델별 보조금,2023,문경시
화물(소형),이브이케이엠씨,(단종)MASADA 2밴,1124,562.0,1686.0,2023년도 전기자동차 문경시 모델별 보조금,2023,문경시
화물(소형),이브이케이엠씨,(단종)MASADA 4밴,1025,512.0,1537.0,2023년도 전기자동차 문경시 모델별 보조금,2023,문경시
화물(소형),이브이케이엠씨,MASADA 픽업,1078,539.0,1617.0,2023년도 전기자동차 문경시 모델별 보조금,2023,문경시
화물(소형),이브이케이엠씨,MASADA 3세대 2밴,1124,562.0,1686.0,2023년도 전기자동차 문경시 모델별 보조금,2023,문경시
화물(소형),이브이케이엠씨,MASADA 3세대 4밴,1025,512.0,1537.0,2023년도 전기자동차 문경시 모델별 보조금,2023,문경시
화물(소형),이브이케이엠씨,MASADA 2밴,1200,600.0,1800.0,2023년도 전기자동차 문경시 모델별 보조금,2023,문경시
화물(소형),이브이케이엠씨,MASADA 4밴,1200,600.0,1800.0,2023년도 전기자동차 문경시 모델별 보조금,2023,문경시
화물(소형),경인모터스,경인1톤전기냉동탑차,1151,575.0,1726.0,2023년도 전기자동차 문경시 모델별 보조금,2023,문경시
화물(소형),제이스모빌리티,(단종)이티밴,1200,600.0,1800.0,2023년도 전기자동차 문경시 모델별 보조금,2023,문경시
화물(소형),제이스모빌리티,이티밴,1200,600.0,1800.0,2023년도 전기자동차 문경시 모델별 보조금,2023,문경시
화물(소형),제이스모빌리티,이티4밴,1180,590.0,1770.0,2023년도 전기자동차 문경시 모델별 보조금,2023,문경시
화물(소형),오텍,오텍 무시동 전기 냉동탑차(봉고),1253,600.0,1853.0,2023년도 전기자동차 문경시 모델별 보조금,2023,문경시
화물(소형),이엔플러스,이엔1톤롱바디카고,959,479.0,1438.0,2023년도 전기자동차 문경시 모델별 보조금,2023,문경시
화물(소형),이엔플러스,이엔플러스EV1톤롱바디트럭,1009,504.0,1513.0,2023년도 전기자동차 문경시 모델별 보조금,2023,문경시
화물(소형),GS글로벌,T4K,1200,600.0,1800.0,2023년도 전기자동차 문경시 모델별 보조금,2023,문경시
화물(소형),에스에스라이트,젤라,986,493.0,1479.0,2023년도 전기자동차 문경시 모델별 보조금,2023,문경시
화물(소형),에스에스라이트,젤라 P200,1177,588.0,1765.0,2023년도 전기자동차 문경시 모델별 보조금,2023,문경시
화물(소형),한국쓰리축,한국쓰리축1톤롱바디EV트럭(봉고),943,471.0,1414.0,2023년도 전기자동차 문경시 모델별 보조금,2023,문경시
화물(소형),한국쓰리축,한국쓰리축1톤롱바디EV트럭(포터),963,481.0,1444.0,2023년도 전기자동차 문경시 모델별 보조금,2023,문경시
화물(소형),모빌리티네트웍스,SE-A2밴,1200,600.0,1800.0,2023년도 전기자동차 문경시 모델별 보조금,2023,문경시
화물(초소형),스마트솔루션즈,D2C,550,275.0,825.0,2023년도 전기자동차 경산시 모델별 보조금,2023,경산시
화물(초소형),스마트솔루션즈,D2P,550,275.0,825.0,2023년도 전기자동차 경산시 모델별 보조금,2023,경산시
화물(초소형),루트17,다니고3,550,275.0,825.0,2023년도 전기자동차 경산시 모델별 보조금,2023,경산시
화물(초소형),루트17,다니고3 픽업,550,275.0,825.0,2023년도 전기자동차 경산시 모델별 보조금,2023,경산시
화물(초소형),마스타전기차,MASTA VAN,550,275.0,825.0,2023년도 전기자동차 경산시 모델별 보조금,2023,경산시
화물(초소형),마스타전기차,MASTA HIM,550,275.0,825.0,2023년도 전기자동차 경산시 모델별 보조금,2023,경산시
화물(초소형),디피코,포트로-탑,550,275.0,825.0,2023년도 전기자동차 경산시 모델별 보조금,2023,경산시
화물(초소형),디피코,포트로-픽업,550,275.0,825.0,2023년도 전기자동차 경산시 모델별 보조금,2023,경산시
화물(초소형),디피코,포트로-탑S,550,275.0,825.0,2023년도 전기자동차 경산시 모델별 보조금,2023,경산시
화물(초소형),디피코,포트로-픽업S,550,275.0,825.0,2023년도 전기자동차 경산시 모델별 보조금,2023,경산시
화물(초소형),진우에스엠씨,포텐스,550,275.0,825.0,2023년도 전기자동차 경산시 모델별 보조금,2023,경산시
화물(경형),파워프라자,라보ev PEACE,900,450.0,1350.0,2023년도 전기자동차 경산시 모델별 보조금,2023,경산시
화물(경형),디피코,포트로350L-탑,900,450.0,1350.0,2023년도 전기자동차 경산시 모델별 보조금,2023,경산시
화물(경형),디피코,포트로350L-픽업,900,450.0,1350.0,2023년도 전기자동차 경산시 모델별 보조금,2023,경산시
화물(소형),제인모터스,제인모터스칼마토EV1톤내장탑차,498,249.0,747.0,2023년도 전기자동차 경산시 모델별 보조금,2023,경산시
화물(소형),파워프라자,봉고3ev PEACE,536,268.0,804.0,2023년도 전기자동차 경산시 모델별 보조금,2023,경산시
화물(소형),파워프라자,봉고3ev PEACE 더블캡,437,218.0,655.0,2023년도 전기자동차 경산시 모델별 보조금,2023,경산시
화물(소형),현대자동차,포터Ⅱ 일렉트릭(23MY),1200,600.0,1800.0,2023년도 전기자동차 경산시 모델별 보조금,2023,경산시
화물(소형),현대자동차,포터Ⅱ 일렉트릭(24MY),1200,600.0,1800.0,2023년도 전기자동차 경산시 모델별 보조금,2023,경산시
화물(소형),기아,봉고 전기차,1200,600.0,1800.0,2023년도 전기자동차 경산시 모델별 보조금,2023,경산시
화물(소형),기아,봉고 전기차 냉동탑차,1400,600.0,2000.0,2023년도 전기자동차 경산시 모델별 보조금,2023,경산시
화물(소형),기아,봉고 전기차 저상형 냉동탑차,1400,600.0,2000.0,2023년도 전기자동차 경산시 모델별 보조금,2023,경산시
화물(소형),일진정공,일진무시동전기냉동탑차(149.9km),1053,526.0,1579.0,2023년도 전기자동차 경산시 모델별 보조금,2023,경산시
화물(소형),일진정공,일진무시동전기냉동탑차(186.1km),1321,600.0,1921.0,2023년도 전기자동차 경산시 모델별 보조금,2023,경산시
화물(소형),일진정공,일진무시동전기냉동탑차(봉고),1460,600.0,2060.0,2023년도 전기자동차 경산시 모델별 보조금,2023,경산시
화물(소형),일진정공,일진무시동전기냉동탑차(포터),1444,600.0,2044.0,2023년도 전기자동차 경산시 모델별 보조금,2023,경산시
화물(소형),루트17,다니고밴,784,392.0,1176.0,2023년도 전기자동차 경산시 모델별 보조금,2023,경산시
화물(소형),루트17,다니고C(0.8톤 전기트럭),1112,556.0,1668.0,2023년도 전기자동차 경산시 모델별 보조금,2023,경산시
화물(소형),루트17,다니고C2(0.8톤 전기트럭),909,454.0,1363.0,2023년도 전기자동차 경산시 모델별 보조금,2023,경산시
화물(소형),루트17,다니고R(전기냉동탑차),1313,600.0,1913.0,2023년도 전기자동차 경산시 모델별 보조금,2023,경산시
화물(소형),루트17,다니고R2(무시동 전기냉동탑차),1212,600.0,1812.0,2023년도 전기자동차 경산시 모델별 보조금,2023,경산시
화물(소형),한신자동차,플러스2.0,648,324.0,972.0,2023년도 전기자동차 경산시 모델별 보조금,2023,경산시
화물(소형),비바모빌리티,(단종)비바,932,466.0,1398.0,2023년도 전기자동차 경산시 모델별 보조금,2023,경산시
화물(소형),비바모빌리티,(단종)브라보,802,401.0,1203.0,2023년도 전기자동차 경산시 모델별 보조금,2023,경산시
화물(소형),이브이케이엠씨,(단종)MASADA 2밴,1124,562.0,1686.0,2023년도 전기자동차 경산시 모델별 보조금,2023,경산시
화물(소형),이브이케이엠씨,(단종)MASADA 4밴,1025,512.0,1537.0,2023년도 전기자동차 경산시 모델별 보조금,2023,경산시
화물(소형),이브이케이엠씨,MASADA 픽업,1078,539.0,1617.0,2023년도 전기자동차 경산시 모델별 보조금,2023,경산시
화물(소형),이브이케이엠씨,MASADA 3세대 2밴,1124,562.0,1686.0,2023년도 전기자동차 경산시 모델별 보조금,2023,경산시
화물(소형),이브이케이엠씨,MASADA 3세대 4밴,1025,512.0,1537.0,2023년도 전기자동차 경산시 모델별 보조금,2023,경산시
화물(소형),이브이케이엠씨,MASADA 2밴,1200,600.0,1800.0,2023년도 전기자동차 경산시 모델별 보조금,2023,경산시
화물(소형),이브이케이엠씨,MASADA 4밴,1200,600.0,1800.0,2023년도 전기자동차 경산시 모델별 보조금,2023,경산시
화물(소형),경인모터스,경인1톤전기냉동탑차,1151,575.0,1726.0,2023년도 전기자동차 경산시 모델별 보조금,2023,경산시
화물(소형),제이스모빌리티,(단종)이티밴,1200,600.0,1800.0,2023년도 전기자동차 경산시 모델별 보조금,2023,경산시
화물(소형),제이스모빌리티,이티밴,1200,600.0,1800.0,2023년도 전기자동차 경산시 모델별 보조금,2023,경산시
화물(소형),제이스모빌리티,이티4밴,1180,590.0,1770.0,2023년도 전기자동차 경산시 모델별 보조금,2023,경산시
화물(소형),오텍,오텍 무시동 전기 냉동탑차(봉고),1253,600.0,1853.0,2023년도 전기자동차 경산시 모델별 보조금,2023,경산시
화물(소형),이엔플러스,이엔1톤롱바디카고,959,479.0,1438.0,2023년도 전기자동차 경산시 모델별 보조금,2023,경산시
화물(소형),이엔플러스,이엔플러스EV1톤롱바디트럭,1009,504.0,1513.0,2023년도 전기자동차 경산시 모델별 보조금,2023,경산시
화물(소형),GS글로벌,T4K,1200,600.0,1800.0,2023년도 전기자동차 경산시 모델별 보조금,2023,경산시
화물(소형),에스에스라이트,젤라,986,493.0,1479.0,2023년도 전기자동차 경산시 모델별 보조금,2023,경산시
화물(소형),에스에스라이트,젤라 P200,1177,588.0,1765.0,2023년도 전기자동차 경산시 모델별 보조금,2023,경산시
화물(소형),한국쓰리축,한국쓰리축1톤롱바디EV트럭(봉고),943,471.0,1414.0,2023년도 전기자동차 경산시 모델별 보조금,2023,경산시
화물(소형),한국쓰리축,한국쓰리축1톤롱바디EV트럭(포터),963,481.0,1444.0,2023년도 전기자동차 경산시 모델별 보조금,2023,경산시
화물(소형),모빌리티네트웍스,SE-A2밴,1200,600.0,1800.0,2023년도 전기자동차 경산시 모델별 보조금,2023,경산시
화물(초소형),스마트솔루션즈,D2C,550,300.0,850.0,2023년도 전기자동차 군위군 모델별 보조금,2023,군위군
화물(초소형),스마트솔루션즈,D2P,550,300.0,850.0,2023년도 전기자동차 군위군 모델별 보조금,2023,군위군
화물(초소형),루트17,다니고3,550,300.0,850.0,2023년도 전기자동차 군위군 모델별 보조금,2023,군위군
화물(초소형),루트17,다니고3 픽업,550,300.0,850.0,2023년도 전기자동차 군위군 모델별 보조금,2023,군위군
화물(초소형),마스타전기차,MASTA VAN,550,300.0,850.0,2023년도 전기자동차 군위군 모델별 보조금,2023,군위군
화물(초소형),마스타전기차,MASTA HIM,550,300.0,850.0,2023년도 전기자동차 군위군 모델별 보조금,2023,군위군
화물(초소형),디피코,포트로-탑,550,300.0,850.0,2023년도 전기자동차 군위군 모델별 보조금,2023,군위군
화물(초소형),디피코,포트로-픽업,550,300.0,850.0,2023년도 전기자동차 군위군 모델별 보조금,2023,군위군
화물(초소형),디피코,포트로-탑S,550,300.0,850.0,2023년도 전기자동차 군위군 모델별 보조금,2023,군위군
화물(초소형),디피코,포트로-픽업S,550,300.0,850.0,2023년도 전기자동차 군위군 모델별 보조금,2023,군위군
화물(초소형),진우에스엠씨,포텐스,550,300.0,850.0,2023년도 전기자동차 군위군 모델별 보조금,2023,군위군
화물(경형),파워프라자,라보ev PEACE,900,450.0,1350.0,2023년도 전기자동차 군위군 모델별 보조금,2023,군위군
화물(경형),디피코,포트로350L-탑,900,450.0,1350.0,2023년도 전기자동차 군위군 모델별 보조금,2023,군위군
화물(경형),디피코,포트로350L-픽업,900,450.0,1350.0,2023년도 전기자동차 군위군 모델별 보조금,2023,군위군
화물(소형),제인모터스,제인모터스칼마토EV1톤내장탑차,498,248.0,746.0,2023년도 전기자동차 군위군 모델별 보조금,2023,군위군
화물(소형),파워프라자,봉고3ev PEACE,536,267.0,803.0,2023년도 전기자동차 군위군 모델별 보조금,2023,군위군
화물(소형),파워프라자,봉고3ev PEACE 더블캡,437,218.0,655.0,2023년도 전기자동차 군위군 모델별 보조금,2023,군위군
화물(소형),현대자동차,포터Ⅱ 일렉트릭(23MY),1200,600.0,1800.0,2023년도 전기자동차 군위군 모델별 보조금,2023,군위군
화물(소형),현대자동차,포터Ⅱ 일렉트릭(24MY),1200,600.0,1800.0,2023년도 전기자동차 군위군 모델별 보조금,2023,군위군
화물(소형),기아,봉고 전기차,1200,600.0,1800.0,2023년도 전기자동차 군위군 모델별 보조금,2023,군위군
화물(소형),기아,봉고 전기차 냉동탑차,1400,700.0,2100.0,2023년도 전기자동차 군위군 모델별 보조금,2023,군위군
화물(소형),기아,봉고 전기차 저상형 냉동탑차,1400,700.0,2100.0,2023년도 전기자동차 군위군 모델별 보조금,2023,군위군
화물(소형),일진정공,일진무시동전기냉동탑차(149.9km),1053,525.0,1578.0,2023년도 전기자동차 군위군 모델별 보조금,2023,군위군
화물(소형),일진정공,일진무시동전기냉동탑차(186.1km),1321,660.0,1981.0,2023년도 전기자동차 군위군 모델별 보조금,2023,군위군
화물(소형),일진정공,일진무시동전기냉동탑차(봉고),1460,730.0,2190.0,2023년도 전기자동차 군위군 모델별 보조금,2023,군위군
화물(소형),일진정공,일진무시동전기냉동탑차(포터),1444,721.0,2165.0,2023년도 전기자동차 군위군 모델별 보조금,2023,군위군
화물(소형),루트17,다니고밴,784,391.0,1175.0,2023년도 전기자동차 군위군 모델별 보조금,2023,군위군
화물(소형),루트17,다니고C(0.8톤 전기트럭),1112,555.0,1667.0,2023년도 전기자동차 군위군 모델별 보조금,2023,군위군
화물(소형),루트17,다니고C2(0.8톤 전기트럭),909,453.0,1362.0,2023년도 전기자동차 군위군 모델별 보조금,2023,군위군
화물(소형),루트17,다니고R(전기냉동탑차),1313,600.0,1913.0,2023년도 전기자동차 군위군 모델별 보조금,2023,군위군
화물(소형),루트17,다니고R2(무시동 전기냉동탑차),1212,655.0,1867.0,2023년도 전기자동차 군위군 모델별 보조금,2023,군위군
화물(소형),한신자동차,플러스2.0,648,323.0,971.0,2023년도 전기자동차 군위군 모델별 보조금,2023,군위군
화물(소형),비바모빌리티,(단종)비바,932,465.0,1397.0,2023년도 전기자동차 군위군 모델별 보조금,2023,군위군
화물(소형),비바모빌리티,(단종)브라보,802,400.0,1202.0,2023년도 전기자동차 군위군 모델별 보조금,2023,군위군
화물(소형),이브이케이엠씨,(단종)MASADA 2밴,1124,561.0,1685.0,2023년도 전기자동차 군위군 모델별 보조금,2023,군위군
화물(소형),이브이케이엠씨,(단종)MASADA 4밴,1025,512.0,1537.0,2023년도 전기자동차 군위군 모델별 보조금,2023,군위군
화물(소형),이브이케이엠씨,MASADA 픽업,1078,538.0,1616.0,2023년도 전기자동차 군위군 모델별 보조금,2023,군위군
화물(소형),이브이케이엠씨,MASADA 3세대 2밴,1124,561.0,1685.0,2023년도 전기자동차 군위군 모델별 보조금,2023,군위군
화물(소형),이브이케이엠씨,MASADA 3세대 4밴,1025,512.0,1537.0,2023년도 전기자동차 군위군 모델별 보조금,2023,군위군
화물(소형),경인모터스,경인1톤전기냉동탑차,1151,575.0,1726.0,2023년도 전기자동차 군위군 모델별 보조금,2023,군위군
화물(소형),제이스모빌리티,(단종)이티밴,1200,600.0,1800.0,2023년도 전기자동차 군위군 모델별 보조금,2023,군위군
화물(소형),제이스모빌리티,이티밴,1200,600.0,1800.0,2023년도 전기자동차 군위군 모델별 보조금,2023,군위군
화물(소형),제이스모빌리티,이티4밴,1180,590.0,1770.0,2023년도 전기자동차 군위군 모델별 보조금,2023,군위군
화물(소형),오텍,오텍 무시동 전기 냉동탑차(봉고),1253,625.0,1878.0,2023년도 전기자동차 군위군 모델별 보조금,2023,군위군
화물(소형),이엔플러스,이엔1톤롱바디카고,959,478.0,1437.0,2023년도 전기자동차 군위군 모델별 보조금,2023,군위군
화물(소형),이엔플러스,이엔플러스EV1톤롱바디트럭,1009,503.0,1512.0,2023년도 전기자동차 군위군 모델별 보조금,2023,군위군
화물(소형),GS글로벌,T4K,1200,600.0,1800.0,2023년도 전기자동차 군위군 모델별 보조금,2023,군위군
화물(소형),에스에스라이트,젤라,986,483.0,1469.0,2023년도 전기자동차 군위군 모델별 보조금,2023,군위군
화물(소형),에스에스라이트,젤라 P200,1177,588.0,1765.0,2023년도 전기자동차 군위군 모델별 보조금,2023,군위군
화물(소형),한국쓰리축,한국쓰리축1톤롱바디EV트럭(봉고),943,470.0,1413.0,2023년도 전기자동차 군위군 모델별 보조금,2023,군위군
화물(소형),한국쓰리축,한국쓰리축1톤롱바디EV트럭(포터),963,480.0,1443.0,2023년도 전기자동차 군위군 모델별 보조금,2023,군위군
화물(소형),모빌리티네트웍스,SE-A2밴,1200,600.0,1800.0,2023년도 전기자동차 군위군 모델별 보조금,2023,군위군
화물(초소형),스마트솔루션즈,D2C,550,275.0,825.0,2023년도 전기자동차 의성군 모델별 보조금,2023,의성군
화물(초소형),스마트솔루션즈,D2P,550,275.0,825.0,2023년도 전기자동차 의성군 모델별 보조금,2023,의성군
화물(초소형),루트17,다니고3,550,275.0,825.0,2023년도 전기자동차 의성군 모델별 보조금,2023,의성군
화물(초소형),루트17,다니고3 픽업,550,275.0,825.0,2023년도 전기자동차 의성군 모델별 보조금,2023,의성군
화물(초소형),마스타전기차,MASTA VAN,550,275.0,825.0,2023년도 전기자동차 의성군 모델별 보조금,2023,의성군
화물(초소형),마스타전기차,MASTA HIM,550,275.0,825.0,2023년도 전기자동차 의성군 모델별 보조금,2023,의성군
화물(초소형),디피코,포트로-탑,550,275.0,825.0,2023년도 전기자동차 의성군 모델별 보조금,2023,의성군
화물(초소형),디피코,포트로-픽업,550,275.0,825.0,2023년도 전기자동차 의성군 모델별 보조금,2023,의성군
화물(초소형),디피코,포트로-탑S,550,275.0,825.0,2023년도 전기자동차 의성군 모델별 보조금,2023,의성군
화물(초소형),디피코,포트로-픽업S,550,275.0,825.0,2023년도 전기자동차 의성군 모델별 보조금,2023,의성군
화물(초소형),진우에스엠씨,포텐스,550,275.0,825.0,2023년도 전기자동차 의성군 모델별 보조금,2023,의성군
화물(경형),파워프라자,라보ev PEACE,900,450.0,1350.0,2023년도 전기자동차 의성군 모델별 보조금,2023,의성군
화물(경형),디피코,포트로350L-탑,900,450.0,1350.0,2023년도 전기자동차 의성군 모델별 보조금,2023,의성군
화물(경형),디피코,포트로350L-픽업,900,450.0,1350.0,2023년도 전기자동차 의성군 모델별 보조금,2023,의성군
화물(소형),제인모터스,제인모터스칼마토EV1톤내장탑차,498,249.0,747.0,2023년도 전기자동차 의성군 모델별 보조금,2023,의성군
화물(소형),파워프라자,봉고3ev PEACE,536,268.0,804.0,2023년도 전기자동차 의성군 모델별 보조금,2023,의성군
화물(소형),파워프라자,봉고3ev PEACE 더블캡,437,218.0,655.0,2023년도 전기자동차 의성군 모델별 보조금,2023,의성군
화물(소형),현대자동차,포터Ⅱ 일렉트릭(23MY),1200,600.0,1800.0,2023년도 전기자동차 의성군 모델별 보조금,2023,의성군
화물(소형),현대자동차,포터Ⅱ 일렉트릭(24MY),1200,600.0,1800.0,2023년도 전기자동차 의성군 모델별 보조금,2023,의성군
화물(소형),기아,봉고 전기차,1200,600.0,1800.0,2023년도 전기자동차 의성군 모델별 보조금,2023,의성군
화물(소형),기아,봉고 전기차 냉동탑차,1400,600.0,2000.0,2023년도 전기자동차 의성군 모델별 보조금,2023,의성군
화물(소형),기아,봉고 전기차 저상형 냉동탑차,1400,600.0,2000.0,2023년도 전기자동차 의성군 모델별 보조금,2023,의성군
화물(소형),일진정공,일진무시동전기냉동탑차(149.9km),1053,526.0,1579.0,2023년도 전기자동차 의성군 모델별 보조금,2023,의성군
화물(소형),일진정공,일진무시동전기냉동탑차(186.1km),1321,600.0,1921.0,2023년도 전기자동차 의성군 모델별 보조금,2023,의성군
화물(소형),일진정공,일진무시동전기냉동탑차(봉고),1460,600.0,2060.0,2023년도 전기자동차 의성군 모델별 보조금,2023,의성군
화물(소형),일진정공,일진무시동전기냉동탑차(포터),1444,600.0,2044.0,2023년도 전기자동차 의성군 모델별 보조금,2023,의성군
화물(소형),루트17,다니고밴,784,392.0,1176.0,2023년도 전기자동차 의성군 모델별 보조금,2023,의성군
화물(소형),루트17,다니고C(0.8톤 전기트럭),1112,556.0,1668.0,2023년도 전기자동차 의성군 모델별 보조금,2023,의성군
화물(소형),루트17,다니고C2(0.8톤 전기트럭),909,454.0,1363.0,2023년도 전기자동차 의성군 모델별 보조금,2023,의성군
화물(소형),루트17,다니고R(전기냉동탑차),1313,600.0,1913.0,2023년도 전기자동차 의성군 모델별 보조금,2023,의성군
화물(소형),루트17,다니고R2(무시동 전기냉동탑차),1212,600.0,1812.0,2023년도 전기자동차 의성군 모델별 보조금,2023,의성군
화물(소형),한신자동차,플러스2.0,648,324.0,972.0,2023년도 전기자동차 의성군 모델별 보조금,2023,의성군
화물(소형),비바모빌리티,(단종)비바,932,466.0,1398.0,2023년도 전기자동차 의성군 모델별 보조금,2023,의성군
화물(소형),비바모빌리티,(단종)브라보,802,401.0,1203.0,2023년도 전기자동차 의성군 모델별 보조금,2023,의성군
화물(소형),이브이케이엠씨,(단종)MASADA 2밴,1124,562.0,1686.0,2023년도 전기자동차 의성군 모델별 보조금,2023,의성군
화물(소형),이브이케이엠씨,(단종)MASADA 4밴,1025,512.0,1537.0,2023년도 전기자동차 의성군 모델별 보조금,2023,의성군
화물(소형),이브이케이엠씨,MASADA 픽업,1078,539.0,1617.0,2023년도 전기자동차 의성군 모델별 보조금,2023,의성군
화물(소형),이브이케이엠씨,MASADA 3세대 2밴,1124,562.0,1686.0,2023년도 전기자동차 의성군 모델별 보조금,2023,의성군
화물(소형),이브이케이엠씨,MASADA 3세대 4밴,1025,512.0,1537.0,2023년도 전기자동차 의성군 모델별 보조금,2023,의성군
화물(소형),이브이케이엠씨,MASADA 2밴,1200,600.0,1800.0,2023년도 전기자동차 의성군 모델별 보조금,2023,의성군
화물(소형),이브이케이엠씨,MASADA 4밴,1200,600.0,1800.0,2023년도 전기자동차 의성군 모델별 보조금,2023,의성군
화물(소형),경인모터스,경인1톤전기냉동탑차,1151,575.0,1726.0,2023년도 전기자동차 의성군 모델별 보조금,2023,의성군
화물(소형),제이스모빌리티,(단종)이티밴,1200,600.0,1800.0,2023년도 전기자동차 의성군 모델별 보조금,2023,의성군
화물(소형),제이스모빌리티,이티밴,1200,600.0,1800.0,2023년도 전기자동차 의성군 모델별 보조금,2023,의성군
화물(소형),제이스모빌리티,이티4밴,1180,590.0,1770.0,2023년도 전기자동차 의성군 모델별 보조금,2023,의성군
화물(소형),오텍,오텍 무시동 전기 냉동탑차(봉고),1253,600.0,1853.0,2023년도 전기자동차 의성군 모델별 보조금,2023,의성군
화물(소형),이엔플러스,이엔1톤롱바디카고,959,479.0,1438.0,2023년도 전기자동차 의성군 모델별 보조금,2023,의성군
화물(소형),이엔플러스,이엔플러스EV1톤롱바디트럭,1009,504.0,1513.0,2023년도 전기자동차 의성군 모델별 보조금,2023,의성군
화물(소형),GS글로벌,T4K,1200,600.0,1800.0,2023년도 전기자동차 의성군 모델별 보조금,2023,의성군
화물(소형),에스에스라이트,젤라,986,493.0,1479.0,2023년도 전기자동차 의성군 모델별 보조금,2023,의성군
화물(소형),에스에스라이트,젤라 P200,1177,588.0,1765.0,2023년도 전기자동차 의성군 모델별 보조금,2023,의성군
화물(소형),한국쓰리축,한국쓰리축1톤롱바디EV트럭(봉고),943,471.0,1414.0,2023년도 전기자동차 의성군 모델별 보조금,2023,의성군
화물(소형),한국쓰리축,한국쓰리축1톤롱바디EV트럭(포터),963,481.0,1444.0,2023년도 전기자동차 의성군 모델별 보조금,2023,의성군
화물(소형),모빌리티네트웍스,SE-A2밴,1200,600.0,1800.0,2023년도 전기자동차 의성군 모델별 보조금,2023,의성군
화물(초소형),스마트솔루션즈,D2C,550,275.0,825.0,2023년도 전기자동차 청송군 모델별 보조금,2023,청송군
화물(초소형),스마트솔루션즈,D2P,550,275.0,825.0,2023년도 전기자동차 청송군 모델별 보조금,2023,청송군
화물(초소형),루트17,다니고3,550,275.0,825.0,2023년도 전기자동차 청송군 모델별 보조금,2023,청송군
화물(초소형),루트17,다니고3 픽업,550,275.0,825.0,2023년도 전기자동차 청송군 모델별 보조금,2023,청송군
화물(초소형),마스타전기차,MASTA VAN,550,275.0,825.0,2023년도 전기자동차 청송군 모델별 보조금,2023,청송군
화물(초소형),마스타전기차,MASTA HIM,550,275.0,825.0,2023년도 전기자동차 청송군 모델별 보조금,2023,청송군
화물(초소형),디피코,포트로-탑,550,275.0,825.0,2023년도 전기자동차 청송군 모델별 보조금,2023,청송군
화물(초소형),디피코,포트로-픽업,550,275.0,825.0,2023년도 전기자동차 청송군 모델별 보조금,2023,청송군
화물(초소형),디피코,포트로-탑S,550,275.0,825.0,2023년도 전기자동차 청송군 모델별 보조금,2023,청송군
화물(초소형),디피코,포트로-픽업S,550,275.0,825.0,2023년도 전기자동차 청송군 모델별 보조금,2023,청송군
화물(초소형),진우에스엠씨,포텐스,550,275.0,825.0,2023년도 전기자동차 청송군 모델별 보조금,2023,청송군
화물(경형),파워프라자,라보ev PEACE,900,450.0,1350.0,2023년도 전기자동차 청송군 모델별 보조금,2023,청송군
화물(경형),디피코,포트로350L-탑,900,450.0,1350.0,2023년도 전기자동차 청송군 모델별 보조금,2023,청송군
화물(경형),디피코,포트로350L-픽업,900,450.0,1350.0,2023년도 전기자동차 청송군 모델별 보조금,2023,청송군
화물(소형),제인모터스,제인모터스칼마토EV1톤내장탑차,498,249.0,747.0,2023년도 전기자동차 청송군 모델별 보조금,2023,청송군
화물(소형),파워프라자,봉고3ev PEACE,536,268.0,804.0,2023년도 전기자동차 청송군 모델별 보조금,2023,청송군
화물(소형),파워프라자,봉고3ev PEACE 더블캡,437,218.0,655.0,2023년도 전기자동차 청송군 모델별 보조금,2023,청송군
화물(소형),현대자동차,포터Ⅱ 일렉트릭(23MY),1200,600.0,1800.0,2023년도 전기자동차 청송군 모델별 보조금,2023,청송군
화물(소형),현대자동차,포터Ⅱ 일렉트릭(24MY),1200,600.0,1800.0,2023년도 전기자동차 청송군 모델별 보조금,2023,청송군
화물(소형),기아,봉고 전기차,1200,600.0,1800.0,2023년도 전기자동차 청송군 모델별 보조금,2023,청송군
화물(소형),기아,봉고 전기차 냉동탑차,1400,600.0,2000.0,2023년도 전기자동차 청송군 모델별 보조금,2023,청송군
화물(소형),기아,봉고 전기차 저상형 냉동탑차,1400,600.0,2000.0,2023년도 전기자동차 청송군 모델별 보조금,2023,청송군
화물(소형),일진정공,일진무시동전기냉동탑차(149.9km),1053,526.0,1579.0,2023년도 전기자동차 청송군 모델별 보조금,2023,청송군
화물(소형),일진정공,일진무시동전기냉동탑차(186.1km),1321,600.0,1921.0,2023년도 전기자동차 청송군 모델별 보조금,2023,청송군
화물(소형),일진정공,일진무시동전기냉동탑차(봉고),1460,600.0,2060.0,2023년도 전기자동차 청송군 모델별 보조금,2023,청송군
화물(소형),일진정공,일진무시동전기냉동탑차(포터),1444,600.0,2044.0,2023년도 전기자동차 청송군 모델별 보조금,2023,청송군
화물(소형),루트17,다니고밴,784,392.0,1176.0,2023년도 전기자동차 청송군 모델별 보조금,2023,청송군
화물(소형),루트17,다니고C(0.8톤 전기트럭),1112,556.0,1668.0,2023년도 전기자동차 청송군 모델별 보조금,2023,청송군
화물(소형),루트17,다니고C2(0.8톤 전기트럭),909,454.0,1363.0,2023년도 전기자동차 청송군 모델별 보조금,2023,청송군
화물(소형),루트17,다니고R(전기냉동탑차),1313,600.0,1913.0,2023년도 전기자동차 청송군 모델별 보조금,2023,청송군
화물(소형),루트17,다니고R2(무시동 전기냉동탑차),1212,600.0,1812.0,2023년도 전기자동차 청송군 모델별 보조금,2023,청송군
화물(소형),한신자동차,플러스2.0,648,324.0,972.0,2023년도 전기자동차 청송군 모델별 보조금,2023,청송군
화물(소형),비바모빌리티,(단종)비바,932,466.0,1398.0,2023년도 전기자동차 청송군 모델별 보조금,2023,청송군
화물(소형),비바모빌리티,(단종)브라보,802,401.0,1203.0,2023년도 전기자동차 청송군 모델별 보조금,2023,청송군
화물(소형),이브이케이엠씨,(단종)MASADA 2밴,1124,562.0,1686.0,2023년도 전기자동차 청송군 모델별 보조금,2023,청송군
화물(소형),이브이케이엠씨,(단종)MASADA 4밴,1025,512.0,1537.0,2023년도 전기자동차 청송군 모델별 보조금,2023,청송군
화물(소형),이브이케이엠씨,MASADA 픽업,1078,539.0,1617.0,2023년도 전기자동차 청송군 모델별 보조금,2023,청송군
화물(소형),이브이케이엠씨,MASADA 3세대 2밴,1124,562.0,1686.0,2023년도 전기자동차 청송군 모델별 보조금,2023,청송군
화물(소형),이브이케이엠씨,MASADA 3세대 4밴,1025,512.0,1537.0,2023년도 전기자동차 청송군 모델별 보조금,2023,청송군
화물(소형),이브이케이엠씨,MASADA 2밴,1200,600.0,1800.0,2023년도 전기자동차 청송군 모델별 보조금,2023,청송군
화물(소형),이브이케이엠씨,MASADA 4밴,1200,600.0,1800.0,2023년도 전기자동차 청송군 모델별 보조금,2023,청송군
화물(소형),경인모터스,경인1톤전기냉동탑차,1151,575.0,1726.0,2023년도 전기자동차 청송군 모델별 보조금,2023,청송군
화물(소형),제이스모빌리티,(단종)이티밴,1200,600.0,1800.0,2023년도 전기자동차 청송군 모델별 보조금,2023,청송군
화물(소형),제이스모빌리티,이티밴,1200,600.0,1800.0,2023년도 전기자동차 청송군 모델별 보조금,2023,청송군
화물(소형),제이스모빌리티,이티4밴,1180,590.0,1770.0,2023년도 전기자동차 청송군 모델별 보조금,2023,청송군
화물(소형),오텍,오텍 무시동 전기 냉동탑차(봉고),1253,600.0,1853.0,2023년도 전기자동차 청송군 모델별 보조금,2023,청송군
화물(소형),이엔플러스,이엔1톤롱바디카고,959,479.0,1438.0,2023년도 전기자동차 청송군 모델별 보조금,2023,청송군
화물(소형),이엔플러스,이엔플러스EV1톤롱바디트럭,1009,504.0,1513.0,2023년도 전기자동차 청송군 모델별 보조금,2023,청송군
화물(소형),GS글로벌,T4K,1200,600.0,1800.0,2023년도 전기자동차 청송군 모델별 보조금,2023,청송군
화물(소형),에스에스라이트,젤라,986,493.0,1479.0,2023년도 전기자동차 청송군 모델별 보조금,2023,청송군
화물(소형),에스에스라이트,젤라 P200,1177,588.0,1765.0,2023년도 전기자동차 청송군 모델별 보조금,2023,청송군
화물(소형),한국쓰리축,한국쓰리축1톤롱바디EV트럭(봉고),943,471.0,1414.0,2023년도 전기자동차 청송군 모델별 보조금,2023,청송군
화물(소형),한국쓰리축,한국쓰리축1톤롱바디EV트럭(포터),963,481.0,1444.0,2023년도 전기자동차 청송군 모델별 보조금,2023,청송군
화물(소형),모빌리티네트웍스,SE-A2밴,1200,600.0,1800.0,2023년도 전기자동차 청송군 모델별 보조금,2023,청송군
화물(초소형),스마트솔루션즈,D2C,550,275.0,825.0,2023년도 전기자동차 영양군 모델별 보조금,2023,영양군
화물(초소형),스마트솔루션즈,D2P,550,275.0,825.0,2023년도 전기자동차 영양군 모델별 보조금,2023,영양군
화물(초소형),루트17,다니고3,550,275.0,825.0,2023년도 전기자동차 영양군 모델별 보조금,2023,영양군
화물(초소형),루트17,다니고3 픽업,550,275.0,825.0,2023년도 전기자동차 영양군 모델별 보조금,2023,영양군
화물(초소형),마스타전기차,MASTA VAN,550,275.0,825.0,2023년도 전기자동차 영양군 모델별 보조금,2023,영양군
화물(초소형),마스타전기차,MASTA HIM,550,275.0,825.0,2023년도 전기자동차 영양군 모델별 보조금,2023,영양군
화물(초소형),디피코,포트로-탑,550,275.0,825.0,2023년도 전기자동차 영양군 모델별 보조금,2023,영양군
화물(초소형),디피코,포트로-픽업,550,275.0,825.0,2023년도 전기자동차 영양군 모델별 보조금,2023,영양군
화물(초소형),디피코,포트로-탑S,550,275.0,825.0,2023년도 전기자동차 영양군 모델별 보조금,2023,영양군
화물(초소형),디피코,포트로-픽업S,550,275.0,825.0,2023년도 전기자동차 영양군 모델별 보조금,2023,영양군
화물(초소형),진우에스엠씨,포텐스,550,275.0,825.0,2023년도 전기자동차 영양군 모델별 보조금,2023,영양군
화물(경형),파워프라자,라보ev PEACE,900,450.0,1350.0,2023년도 전기자동차 영양군 모델별 보조금,2023,영양군
화물(경형),디피코,포트로350L-탑,900,450.0,1350.0,2023년도 전기자동차 영양군 모델별 보조금,2023,영양군
화물(경형),디피코,포트로350L-픽업,900,450.0,1350.0,2023년도 전기자동차 영양군 모델별 보조금,2023,영양군
화물(소형),제인모터스,제인모터스칼마토EV1톤내장탑차,498,249.0,747.0,2023년도 전기자동차 영양군 모델별 보조금,2023,영양군
화물(소형),파워프라자,봉고3ev PEACE,536,268.0,804.0,2023년도 전기자동차 영양군 모델별 보조금,2023,영양군
화물(소형),파워프라자,봉고3ev PEACE 더블캡,437,218.0,655.0,2023년도 전기자동차 영양군 모델별 보조금,2023,영양군
화물(소형),현대자동차,포터Ⅱ 일렉트릭(24MY),1200,600.0,1800.0,2023년도 전기자동차 영양군 모델별 보조금,2023,영양군
화물(소형),기아,봉고 전기차,1200,600.0,1800.0,2023년도 전기자동차 영양군 모델별 보조금,2023,영양군
화물(소형),기아,봉고 전기차 냉동탑차,1400,600.0,2000.0,2023년도 전기자동차 영양군 모델별 보조금,2023,영양군
화물(소형),기아,봉고 전기차 저상형 냉동탑차,1400,600.0,2000.0,2023년도 전기자동차 영양군 모델별 보조금,2023,영양군
화물(소형),일진정공,일진무시동전기냉동탑차(149.9km),1053,526.0,1579.0,2023년도 전기자동차 영양군 모델별 보조금,2023,영양군
화물(소형),일진정공,일진무시동전기냉동탑차(186.1km),1321,600.0,1921.0,2023년도 전기자동차 영양군 모델별 보조금,2023,영양군
화물(소형),일진정공,일진무시동전기냉동탑차(봉고),1460,600.0,2060.0,2023년도 전기자동차 영양군 모델별 보조금,2023,영양군
화물(소형),일진정공,일진무시동전기냉동탑차(포터),1444,600.0,2044.0,2023년도 전기자동차 영양군 모델별 보조금,2023,영양군
화물(소형),루트17,다니고밴,784,392.0,1176.0,2023년도 전기자동차 영양군 모델별 보조금,2023,영양군
화물(소형),루트17,다니고C(0.8톤 전기트럭),1112,556.0,1668.0,2023년도 전기자동차 영양군 모델별 보조금,2023,영양군
화물(소형),루트17,다니고C2(0.8톤 전기트럭),909,454.0,1363.0,2023년도 전기자동차 영양군 모델별 보조금,2023,영양군
화물(소형),루트17,다니고R(전기냉동탑차),1313,600.0,1913.0,2023년도 전기자동차 영양군 모델별 보조금,2023,영양군
화물(소형),루트17,다니고R2(무시동 전기냉동탑차),1212,600.0,1812.0,2023년도 전기자동차 영양군 모델별 보조금,2023,영양군
화물(소형),한신자동차,플러스2.0,648,324.0,972.0,2023년도 전기자동차 영양군 모델별 보조금,2023,영양군
화물(소형),비바모빌리티,(단종)비바,932,466.0,1398.0,2023년도 전기자동차 영양군 모델별 보조금,2023,영양군
화물(소형),비바모빌리티,(단종)브라보,802,401.0,1203.0,2023년도 전기자동차 영양군 모델별 보조금,2023,영양군
화물(소형),이브이케이엠씨,(단종)MASADA 2밴,1124,562.0,1686.0,2023년도 전기자동차 영양군 모델별 보조금,2023,영양군
화물(소형),이브이케이엠씨,(단종)MASADA 4밴,1025,512.0,1537.0,2023년도 전기자동차 영양군 모델별 보조금,2023,영양군
화물(소형),이브이케이엠씨,MASADA 픽업,1078,539.0,1617.0,2023년도 전기자동차 영양군 모델별 보조금,2023,영양군
화물(소형),이브이케이엠씨,MASADA 3세대 2밴,1124,562.0,1686.0,2023년도 전기자동차 영양군 모델별 보조금,2023,영양군
화물(소형),이브이케이엠씨,MASADA 3세대 4밴,1025,512.0,1537.0,2023년도 전기자동차 영양군 모델별 보조금,2023,영양군
화물(소형),이브이케이엠씨,MASADA 2밴,1200,600.0,1800.0,2023년도 전기자동차 영양군 모델별 보조금,2023,영양군
화물(소형),경인모터스,경인1톤전기냉동탑차,1151,575.0,1726.0,2023년도 전기자동차 영양군 모델별 보조금,2023,영양군
화물(소형),제이스모빌리티,(단종)이티밴,1200,600.0,1800.0,2023년도 전기자동차 영양군 모델별 보조금,2023,영양군
화물(소형),제이스모빌리티,이티4밴,1180,590.0,1770.0,2023년도 전기자동차 영양군 모델별 보조금,2023,영양군
화물(소형),오텍,오텍 무시동 전기 냉동탑차(봉고),1253,600.0,1853.0,2023년도 전기자동차 영양군 모델별 보조금,2023,영양군
화물(소형),이엔플러스,이엔1톤롱바디카고,959,479.0,1438.0,2023년도 전기자동차 영양군 모델별 보조금,2023,영양군
화물(소형),이엔플러스,이엔플러스EV1톤롱바디트럭,1009,504.0,1513.0,2023년도 전기자동차 영양군 모델별 보조금,2023,영양군
화물(소형),GS글로벌,T4K,1200,600.0,1800.0,2023년도 전기자동차 영양군 모델별 보조금,2023,영양군
화물(소형),에스에스라이트,젤라,986,493.0,1479.0,2023년도 전기자동차 영양군 모델별 보조금,2023,영양군
화물(소형),에스에스라이트,젤라 P200,1177,588.0,1765.0,2023년도 전기자동차 영양군 모델별 보조금,2023,영양군
화물(소형),한국쓰리축,한국쓰리축1톤롱바디EV트럭(봉고),943,471.0,1414.0,2023년도 전기자동차 영양군 모델별 보조금,2023,영양군
화물(소형),한국쓰리축,한국쓰리축1톤롱바디EV트럭(포터),963,481.0,1444.0,2023년도 전기자동차 영양군 모델별 보조금,2023,영양군
화물(소형),모빌리티네트웍스,SE-A2밴,1200,600.0,1800.0,2023년도 전기자동차 영양군 모델별 보조금,2023,영양군
화물(초소형),스마트솔루션즈,D2C,550,300.0,850.0,2023년도 전기자동차 영덕군 모델별 보조금,2023,영덕군
화물(초소형),스마트솔루션즈,D2P,550,300.0,850.0,2023년도 전기자동차 영덕군 모델별 보조금,2023,영덕군
화물(초소형),루트17,다니고3,550,300.0,850.0,2023년도 전기자동차 영덕군 모델별 보조금,2023,영덕군
화물(초소형),루트17,다니고3 픽업,550,300.0,850.0,2023년도 전기자동차 영덕군 모델별 보조금,2023,영덕군
화물(초소형),마스타전기차,MASTA VAN,550,300.0,850.0,2023년도 전기자동차 영덕군 모델별 보조금,2023,영덕군
화물(초소형),마스타전기차,MASTA HIM,550,300.0,850.0,2023년도 전기자동차 영덕군 모델별 보조금,2023,영덕군
화물(초소형),디피코,포트로-탑,550,300.0,850.0,2023년도 전기자동차 영덕군 모델별 보조금,2023,영덕군
화물(초소형),디피코,포트로-픽업,550,300.0,850.0,2023년도 전기자동차 영덕군 모델별 보조금,2023,영덕군
화물(초소형),디피코,포트로-탑S,550,300.0,850.0,2023년도 전기자동차 영덕군 모델별 보조금,2023,영덕군
화물(초소형),디피코,포트로-픽업S,550,300.0,850.0,2023년도 전기자동차 영덕군 모델별 보조금,2023,영덕군
화물(초소형),진우에스엠씨,포텐스,550,300.0,850.0,2023년도 전기자동차 영덕군 모델별 보조금,2023,영덕군
화물(경형),파워프라자,라보ev PEACE,900,300.0,1200.0,2023년도 전기자동차 영덕군 모델별 보조금,2023,영덕군
화물(경형),디피코,포트로350L-탑,900,0.0,900.0,2023년도 전기자동차 영덕군 모델별 보조금,2023,영덕군
화물(경형),디피코,포트로350L-픽업,900,0.0,900.0,2023년도 전기자동차 영덕군 모델별 보조금,2023,영덕군
화물(소형),제인모터스,제인모터스칼마토EV1톤내장탑차,498,249.0,747.0,2023년도 전기자동차 영덕군 모델별 보조금,2023,영덕군
화물(소형),파워프라자,봉고3ev PEACE,536,268.0,804.0,2023년도 전기자동차 영덕군 모델별 보조금,2023,영덕군
화물(소형),파워프라자,봉고3ev PEACE 더블캡,437,218.0,655.0,2023년도 전기자동차 영덕군 모델별 보조금,2023,영덕군
화물(소형),현대자동차,포터Ⅱ 일렉트릭(23MY),1200,600.0,1800.0,2023년도 전기자동차 영덕군 모델별 보조금,2023,영덕군
화물(소형),현대자동차,포터Ⅱ 일렉트릭(24MY),1200,600.0,1800.0,2023년도 전기자동차 영덕군 모델별 보조금,2023,영덕군
화물(소형),기아,봉고 전기차,1200,600.0,1800.0,2023년도 전기자동차 영덕군 모델별 보조금,2023,영덕군
화물(소형),기아,봉고 전기차 냉동탑차,1400,600.0,2000.0,2023년도 전기자동차 영덕군 모델별 보조금,2023,영덕군
화물(소형),기아,봉고 전기차 저상형 냉동탑차,1400,600.0,2000.0,2023년도 전기자동차 영덕군 모델별 보조금,2023,영덕군
화물(소형),일진정공,일진무시동전기냉동탑차(149.9km),1053,526.0,1579.0,2023년도 전기자동차 영덕군 모델별 보조금,2023,영덕군
화물(소형),일진정공,일진무시동전기냉동탑차(186.1km),1321,600.0,1921.0,2023년도 전기자동차 영덕군 모델별 보조금,2023,영덕군
화물(소형),일진정공,일진무시동전기냉동탑차(봉고),1460,600.0,2060.0,2023년도 전기자동차 영덕군 모델별 보조금,2023,영덕군
화물(소형),일진정공,일진무시동전기냉동탑차(포터),1444,600.0,2044.0,2023년도 전기자동차 영덕군 모델별 보조금,2023,영덕군
화물(소형),루트17,다니고밴,784,392.0,1176.0,2023년도 전기자동차 영덕군 모델별 보조금,2023,영덕군
화물(소형),루트17,다니고C(0.8톤 전기트럭),1112,556.0,1668.0,2023년도 전기자동차 영덕군 모델별 보조금,2023,영덕군
화물(소형),루트17,다니고C2(0.8톤 전기트럭),909,454.0,1363.0,2023년도 전기자동차 영덕군 모델별 보조금,2023,영덕군
화물(소형),루트17,다니고R(전기냉동탑차),1313,600.0,1913.0,2023년도 전기자동차 영덕군 모델별 보조금,2023,영덕군
화물(소형),루트17,다니고R2(무시동 전기냉동탑차),1212,600.0,1812.0,2023년도 전기자동차 영덕군 모델별 보조금,2023,영덕군
화물(소형),한신자동차,플러스2.0,648,324.0,972.0,2023년도 전기자동차 영덕군 모델별 보조금,2023,영덕군
화물(소형),비바모빌리티,(단종)비바,932,466.0,1398.0,2023년도 전기자동차 영덕군 모델별 보조금,2023,영덕군
화물(소형),비바모빌리티,(단종)브라보,802,401.0,1203.0,2023년도 전기자동차 영덕군 모델별 보조금,2023,영덕군
화물(소형),이브이케이엠씨,(단종)MASADA 2밴,1124,562.0,1686.0,2023년도 전기자동차 영덕군 모델별 보조금,2023,영덕군
화물(소형),이브이케이엠씨,(단종)MASADA 4밴,1025,512.0,1537.0,2023년도 전기자동차 영덕군 모델별 보조금,2023,영덕군
화물(소형),이브이케이엠씨,MASADA 픽업,1078,539.0,1617.0,2023년도 전기자동차 영덕군 모델별 보조금,2023,영덕군
화물(소형),이브이케이엠씨,MASADA 3세대 2밴,1124,562.0,1686.0,2023년도 전기자동차 영덕군 모델별 보조금,2023,영덕군
화물(소형),이브이케이엠씨,MASADA 3세대 4밴,1025,512.0,1537.0,2023년도 전기자동차 영덕군 모델별 보조금,2023,영덕군
화물(소형),이브이케이엠씨,MASADA 2밴,1200,600.0,1800.0,2023년도 전기자동차 영덕군 모델별 보조금,2023,영덕군
화물(소형),경인모터스,경인1톤전기냉동탑차,1151,575.0,1726.0,2023년도 전기자동차 영덕군 모델별 보조금,2023,영덕군
화물(소형),제이스모빌리티,(단종)이티밴,1200,600.0,1800.0,2023년도 전기자동차 영덕군 모델별 보조금,2023,영덕군
화물(소형),제이스모빌리티,이티밴,1200,600.0,1800.0,2023년도 전기자동차 영덕군 모델별 보조금,2023,영덕군
화물(소형),제이스모빌리티,이티4밴,1180,590.0,1770.0,2023년도 전기자동차 영덕군 모델별 보조금,2023,영덕군
화물(소형),오텍,오텍 무시동 전기 냉동탑차(봉고),1253,600.0,1853.0,2023년도 전기자동차 영덕군 모델별 보조금,2023,영덕군
화물(소형),이엔플러스,이엔1톤롱바디카고,959,479.0,1438.0,2023년도 전기자동차 영덕군 모델별 보조금,2023,영덕군
화물(소형),이엔플러스,이엔플러스EV1톤롱바디트럭,1009,504.0,1513.0,2023년도 전기자동차 영덕군 모델별 보조금,2023,영덕군
화물(소형),GS글로벌,T4K,1200,600.0,1800.0,2023년도 전기자동차 영덕군 모델별 보조금,2023,영덕군
화물(소형),에스에스라이트,젤라,986,493.0,1479.0,2023년도 전기자동차 영덕군 모델별 보조금,2023,영덕군
화물(소형),에스에스라이트,젤라 P200,1177,588.0,1765.0,2023년도 전기자동차 영덕군 모델별 보조금,2023,영덕군
화물(소형),한국쓰리축,한국쓰리축1톤롱바디EV트럭(봉고),943,471.0,1414.0,2023년도 전기자동차 영덕군 모델별 보조금,2023,영덕군
화물(소형),한국쓰리축,한국쓰리축1톤롱바디EV트럭(포터),963,481.0,1444.0,2023년도 전기자동차 영덕군 모델별 보조금,2023,영덕군
화물(소형),모빌리티네트웍스,SE-A2밴,1200,600.0,1800.0,2023년도 전기자동차 영덕군 모델별 보조금,2023,영덕군
화물(초소형),스마트솔루션즈,D2C,550,300.0,850.0,2023년도 전기자동차 청도군 모델별 보조금,2023,청도군
화물(초소형),스마트솔루션즈,D2P,550,300.0,850.0,2023년도 전기자동차 청도군 모델별 보조금,2023,청도군
화물(초소형),루트17,다니고3,550,300.0,850.0,2023년도 전기자동차 청도군 모델별 보조금,2023,청도군
화물(초소형),루트17,다니고3 픽업,550,300.0,850.0,2023년도 전기자동차 청도군 모델별 보조금,2023,청도군
화물(초소형),마스타전기차,MASTA VAN,550,300.0,850.0,2023년도 전기자동차 청도군 모델별 보조금,2023,청도군
화물(초소형),마스타전기차,MASTA HIM,550,300.0,850.0,2023년도 전기자동차 청도군 모델별 보조금,2023,청도군
화물(초소형),디피코,포트로-탑,550,300.0,850.0,2023년도 전기자동차 청도군 모델별 보조금,2023,청도군
화물(초소형),디피코,포트로-픽업,550,300.0,850.0,2023년도 전기자동차 청도군 모델별 보조금,2023,청도군
화물(초소형),디피코,포트로-탑S,550,300.0,850.0,2023년도 전기자동차 청도군 모델별 보조금,2023,청도군
화물(초소형),디피코,포트로-픽업S,550,300.0,850.0,2023년도 전기자동차 청도군 모델별 보조금,2023,청도군
화물(초소형),진우에스엠씨,포텐스,550,300.0,850.0,2023년도 전기자동차 청도군 모델별 보조금,2023,청도군
화물(경형),파워프라자,라보ev PEACE,900,600.0,1500.0,2023년도 전기자동차 청도군 모델별 보조금,2023,청도군
화물(경형),디피코,포트로350L-탑,900,600.0,1500.0,2023년도 전기자동차 청도군 모델별 보조금,2023,청도군
화물(경형),디피코,포트로350L-픽업,900,0.0,900.0,2023년도 전기자동차 청도군 모델별 보조금,2023,청도군
화물(소형),제인모터스,제인모터스칼마토EV1톤내장탑차,498,249.0,747.0,2023년도 전기자동차 청도군 모델별 보조금,2023,청도군
화물(소형),파워프라자,봉고3ev PEACE,536,268.0,804.0,2023년도 전기자동차 청도군 모델별 보조금,2023,청도군
화물(소형),파워프라자,봉고3ev PEACE 더블캡,437,218.0,655.0,2023년도 전기자동차 청도군 모델별 보조금,2023,청도군
화물(소형),현대자동차,포터Ⅱ 일렉트릭(23MY),1200,600.0,1800.0,2023년도 전기자동차 청도군 모델별 보조금,2023,청도군
화물(소형),현대자동차,포터Ⅱ 일렉트릭(24MY),1200,600.0,1800.0,2023년도 전기자동차 청도군 모델별 보조금,2023,청도군
화물(소형),기아,봉고 전기차,1200,600.0,1800.0,2023년도 전기자동차 청도군 모델별 보조금,2023,청도군
화물(소형),기아,봉고 전기차 냉동탑차,1400,600.0,2000.0,2023년도 전기자동차 청도군 모델별 보조금,2023,청도군
화물(소형),기아,봉고 전기차 저상형 냉동탑차,1400,600.0,2000.0,2023년도 전기자동차 청도군 모델별 보조금,2023,청도군
화물(소형),일진정공,일진무시동전기냉동탑차(149.9km),1053,526.0,1579.0,2023년도 전기자동차 청도군 모델별 보조금,2023,청도군
화물(소형),일진정공,일진무시동전기냉동탑차(186.1km),1321,600.0,1921.0,2023년도 전기자동차 청도군 모델별 보조금,2023,청도군
화물(소형),일진정공,일진무시동전기냉동탑차(봉고),1460,600.0,2060.0,2023년도 전기자동차 청도군 모델별 보조금,2023,청도군
화물(소형),일진정공,일진무시동전기냉동탑차(포터),1444,600.0,2044.0,2023년도 전기자동차 청도군 모델별 보조금,2023,청도군
화물(소형),루트17,다니고밴,784,392.0,1176.0,2023년도 전기자동차 청도군 모델별 보조금,2023,청도군
화물(소형),루트17,다니고C(0.8톤 전기트럭),1112,556.0,1668.0,2023년도 전기자동차 청도군 모델별 보조금,2023,청도군
화물(소형),루트17,다니고C2(0.8톤 전기트럭),909,454.0,1363.0,2023년도 전기자동차 청도군 모델별 보조금,2023,청도군
화물(소형),루트17,다니고R(전기냉동탑차),1313,600.0,1913.0,2023년도 전기자동차 청도군 모델별 보조금,2023,청도군
화물(소형),루트17,다니고R2(무시동 전기냉동탑차),1212,600.0,1812.0,2023년도 전기자동차 청도군 모델별 보조금,2023,청도군
화물(소형),한신자동차,플러스2.0,648,324.0,972.0,2023년도 전기자동차 청도군 모델별 보조금,2023,청도군
화물(소형),비바모빌리티,(단종)비바,932,466.0,1398.0,2023년도 전기자동차 청도군 모델별 보조금,2023,청도군
화물(소형),비바모빌리티,(단종)브라보,802,401.0,1203.0,2023년도 전기자동차 청도군 모델별 보조금,2023,청도군
화물(소형),이브이케이엠씨,(단종)MASADA 2밴,1124,562.0,1686.0,2023년도 전기자동차 청도군 모델별 보조금,2023,청도군
화물(소형),이브이케이엠씨,(단종)MASADA 4밴,1025,512.0,1537.0,2023년도 전기자동차 청도군 모델별 보조금,2023,청도군
화물(소형),이브이케이엠씨,MASADA 픽업,1078,539.0,1617.0,2023년도 전기자동차 청도군 모델별 보조금,2023,청도군
화물(소형),이브이케이엠씨,MASADA 3세대 2밴,1124,562.0,1686.0,2023년도 전기자동차 청도군 모델별 보조금,2023,청도군
화물(소형),이브이케이엠씨,MASADA 3세대 4밴,1025,512.0,1537.0,2023년도 전기자동차 청도군 모델별 보조금,2023,청도군
화물(소형),경인모터스,경인1톤전기냉동탑차,1151,575.0,1726.0,2023년도 전기자동차 청도군 모델별 보조금,2023,청도군
화물(소형),제이스모빌리티,(단종)이티밴,1200,600.0,1800.0,2023년도 전기자동차 청도군 모델별 보조금,2023,청도군
화물(소형),제이스모빌리티,이티밴,1200,600.0,1800.0,2023년도 전기자동차 청도군 모델별 보조금,2023,청도군
화물(소형),제이스모빌리티,이티4밴,1180,590.0,1770.0,2023년도 전기자동차 청도군 모델별 보조금,2023,청도군
화물(소형),오텍,오텍 무시동 전기 냉동탑차(봉고),1253,600.0,1853.0,2023년도 전기자동차 청도군 모델별 보조금,2023,청도군
화물(소형),이엔플러스,이엔1톤롱바디카고,959,479.0,1438.0,2023년도 전기자동차 청도군 모델별 보조금,2023,청도군
화물(소형),이엔플러스,이엔플러스EV1톤롱바디트럭,1009,504.0,1513.0,2023년도 전기자동차 청도군 모델별 보조금,2023,청도군
화물(소형),GS글로벌,T4K,1200,600.0,1800.0,2023년도 전기자동차 청도군 모델별 보조금,2023,청도군
화물(소형),에스에스라이트,젤라,986,493.0,1479.0,2023년도 전기자동차 청도군 모델별 보조금,2023,청도군
화물(소형),에스에스라이트,젤라 P200,1177,588.0,1765.0,2023년도 전기자동차 청도군 모델별 보조금,2023,청도군
화물(소형),한국쓰리축,한국쓰리축1톤롱바디EV트럭(봉고),943,471.0,1414.0,2023년도 전기자동차 청도군 모델별 보조금,2023,청도군
화물(소형),한국쓰리축,한국쓰리축1톤롱바디EV트럭(포터),963,0.0,963.0,2023년도 전기자동차 청도군 모델별 보조금,2023,청도군
화물(소형),모빌리티네트웍스,SE-A2밴,1200,0.0,1200.0,2023년도 전기자동차 청도군 모델별 보조금,2023,청도군
화물(초소형),스마트솔루션즈,D2C,550,275.0,825.0,2023년도 전기자동차 고령군 모델별 보조금,2023,고령군
화물(초소형),스마트솔루션즈,D2P,550,275.0,825.0,2023년도 전기자동차 고령군 모델별 보조금,2023,고령군
화물(초소형),루트17,다니고3,550,275.0,825.0,2023년도 전기자동차 고령군 모델별 보조금,2023,고령군
화물(초소형),루트17,다니고3 픽업,550,275.0,825.0,2023년도 전기자동차 고령군 모델별 보조금,2023,고령군
화물(초소형),마스타전기차,MASTA VAN,550,275.0,825.0,2023년도 전기자동차 고령군 모델별 보조금,2023,고령군
화물(초소형),마스타전기차,MASTA HIM,550,275.0,825.0,2023년도 전기자동차 고령군 모델별 보조금,2023,고령군
화물(초소형),디피코,포트로-탑,550,275.0,825.0,2023년도 전기자동차 고령군 모델별 보조금,2023,고령군
화물(초소형),디피코,포트로-픽업,550,275.0,825.0,2023년도 전기자동차 고령군 모델별 보조금,2023,고령군
화물(초소형),디피코,포트로-탑S,550,275.0,825.0,2023년도 전기자동차 고령군 모델별 보조금,2023,고령군
화물(초소형),디피코,포트로-픽업S,550,275.0,825.0,2023년도 전기자동차 고령군 모델별 보조금,2023,고령군
화물(초소형),진우에스엠씨,포텐스,550,275.0,825.0,2023년도 전기자동차 고령군 모델별 보조금,2023,고령군
화물(경형),파워프라자,라보ev PEACE,900,450.0,1350.0,2023년도 전기자동차 고령군 모델별 보조금,2023,고령군
화물(경형),디피코,포트로350L-탑,900,450.0,1350.0,2023년도 전기자동차 고령군 모델별 보조금,2023,고령군
화물(경형),디피코,포트로350L-픽업,900,450.0,1350.0,2023년도 전기자동차 고령군 모델별 보조금,2023,고령군
화물(소형),제인모터스,제인모터스칼마토EV1톤내장탑차,498,249.0,747.0,2023년도 전기자동차 고령군 모델별 보조금,2023,고령군
화물(소형),파워프라자,봉고3ev PEACE,536,268.0,804.0,2023년도 전기자동차 고령군 모델별 보조금,2023,고령군
화물(소형),파워프라자,봉고3ev PEACE 더블캡,437,218.0,655.0,2023년도 전기자동차 고령군 모델별 보조금,2023,고령군
화물(소형),현대자동차,포터Ⅱ 일렉트릭(23MY),1200,600.0,1800.0,2023년도 전기자동차 고령군 모델별 보조금,2023,고령군
화물(소형),현대자동차,포터Ⅱ 일렉트릭(24MY),1200,600.0,1800.0,2023년도 전기자동차 고령군 모델별 보조금,2023,고령군
화물(소형),기아,봉고 전기차,1200,600.0,1800.0,2023년도 전기자동차 고령군 모델별 보조금,2023,고령군
화물(소형),기아,봉고 전기차 냉동탑차,1400,600.0,2000.0,2023년도 전기자동차 고령군 모델별 보조금,2023,고령군
화물(소형),기아,봉고 전기차 저상형 냉동탑차,1400,600.0,2000.0,2023년도 전기자동차 고령군 모델별 보조금,2023,고령군
화물(소형),일진정공,일진무시동전기냉동탑차(149.9km),1053,526.0,1579.0,2023년도 전기자동차 고령군 모델별 보조금,2023,고령군
화물(소형),일진정공,일진무시동전기냉동탑차(186.1km),1321,600.0,1921.0,2023년도 전기자동차 고령군 모델별 보조금,2023,고령군
화물(소형),일진정공,일진무시동전기냉동탑차(봉고),1460,600.0,2060.0,2023년도 전기자동차 고령군 모델별 보조금,2023,고령군
화물(소형),일진정공,일진무시동전기냉동탑차(포터),1444,600.0,2044.0,2023년도 전기자동차 고령군 모델별 보조금,2023,고령군
화물(소형),루트17,다니고밴,784,392.0,1176.0,2023년도 전기자동차 고령군 모델별 보조금,2023,고령군
화물(소형),루트17,다니고C(0.8톤 전기트럭),1112,556.0,1668.0,2023년도 전기자동차 고령군 모델별 보조금,2023,고령군
화물(소형),루트17,다니고C2(0.8톤 전기트럭),909,454.0,1363.0,2023년도 전기자동차 고령군 모델별 보조금,2023,고령군
화물(소형),루트17,다니고R(전기냉동탑차),1313,600.0,1913.0,2023년도 전기자동차 고령군 모델별 보조금,2023,고령군
화물(소형),루트17,다니고R2(무시동 전기냉동탑차),1212,600.0,1812.0,2023년도 전기자동차 고령군 모델별 보조금,2023,고령군
화물(소형),한신자동차,플러스2.0,648,324.0,972.0,2023년도 전기자동차 고령군 모델별 보조금,2023,고령군
화물(소형),비바모빌리티,(단종)비바,932,466.0,1398.0,2023년도 전기자동차 고령군 모델별 보조금,2023,고령군
화물(소형),비바모빌리티,(단종)브라보,802,401.0,1203.0,2023년도 전기자동차 고령군 모델별 보조금,2023,고령군
화물(소형),이브이케이엠씨,(단종)MASADA 2밴,1124,562.0,1686.0,2023년도 전기자동차 고령군 모델별 보조금,2023,고령군
화물(소형),이브이케이엠씨,(단종)MASADA 4밴,1025,512.0,1537.0,2023년도 전기자동차 고령군 모델별 보조금,2023,고령군
화물(소형),이브이케이엠씨,MASADA 픽업,1078,539.0,1617.0,2023년도 전기자동차 고령군 모델별 보조금,2023,고령군
화물(소형),이브이케이엠씨,MASADA 3세대 2밴,1124,562.0,1686.0,2023년도 전기자동차 고령군 모델별 보조금,2023,고령군
화물(소형),이브이케이엠씨,MASADA 3세대 4밴,1025,512.0,1537.0,2023년도 전기자동차 고령군 모델별 보조금,2023,고령군
화물(소형),이브이케이엠씨,MASADA 2밴,1200,600.0,1800.0,2023년도 전기자동차 고령군 모델별 보조금,2023,고령군
화물(소형),이브이케이엠씨,MASADA 4밴,1200,600.0,1800.0,2023년도 전기자동차 고령군 모델별 보조금,2023,고령군
화물(소형),경인모터스,경인1톤전기냉동탑차,1151,575.0,1726.0,2023년도 전기자동차 고령군 모델별 보조금,2023,고령군
화물(소형),제이스모빌리티,(단종)이티밴,1200,600.0,1800.0,2023년도 전기자동차 고령군 모델별 보조금,2023,고령군
화물(소형),제이스모빌리티,이티밴,1200,600.0,1800.0,2023년도 전기자동차 고령군 모델별 보조금,2023,고령군
화물(소형),제이스모빌리티,이티4밴,1180,590.0,1770.0,2023년도 전기자동차 고령군 모델별 보조금,2023,고령군
화물(소형),오텍,오텍 무시동 전기 냉동탑차(봉고),1253,600.0,1853.0,2023년도 전기자동차 고령군 모델별 보조금,2023,고령군
화물(소형),이엔플러스,이엔1톤롱바디카고,959,479.0,1438.0,2023년도 전기자동차 고령군 모델별 보조금,2023,고령군
화물(소형),이엔플러스,이엔플러스EV1톤롱바디트럭,1009,504.0,1513.0,2023년도 전기자동차 고령군 모델별 보조금,2023,고령군
화물(소형),GS글로벌,T4K,1200,600.0,1800.0,2023년도 전기자동차 고령군 모델별 보조금,2023,고령군
화물(소형),에스에스라이트,젤라,986,493.0,1479.0,2023년도 전기자동차 고령군 모델별 보조금,2023,고령군
화물(소형),에스에스라이트,젤라 P200,1177,588.0,1765.0,2023년도 전기자동차 고령군 모델별 보조금,2023,고령군
화물(소형),한국쓰리축,한국쓰리축1톤롱바디EV트럭(봉고),943,471.0,1414.0,2023년도 전기자동차 고령군 모델별 보조금,2023,고령군
화물(소형),한국쓰리축,한국쓰리축1톤롱바디EV트럭(포터),963,481.0,1444.0,2023년도 전기자동차 고령군 모델별 보조금,2023,고령군
화물(소형),모빌리티네트웍스,SE-A2밴,1200,600.0,1800.0,2023년도 전기자동차 고령군 모델별 보조금,2023,고령군
화물(초소형),스마트솔루션즈,D2C,550,300.0,850.0,2023년도 전기자동차 성주군 모델별 보조금,2023,성주군
화물(초소형),스마트솔루션즈,D2P,550,300.0,850.0,2023년도 전기자동차 성주군 모델별 보조금,2023,성주군
화물(초소형),루트17,다니고3,550,300.0,850.0,2023년도 전기자동차 성주군 모델별 보조금,2023,성주군
화물(초소형),루트17,다니고3 픽업,550,300.0,850.0,2023년도 전기자동차 성주군 모델별 보조금,2023,성주군
화물(초소형),마스타전기차,MASTA VAN,550,300.0,850.0,2023년도 전기자동차 성주군 모델별 보조금,2023,성주군
화물(초소형),마스타전기차,MASTA HIM,550,300.0,850.0,2023년도 전기자동차 성주군 모델별 보조금,2023,성주군
화물(초소형),디피코,포트로-탑,550,300.0,850.0,2023년도 전기자동차 성주군 모델별 보조금,2023,성주군
화물(초소형),디피코,포트로-픽업,550,300.0,850.0,2023년도 전기자동차 성주군 모델별 보조금,2023,성주군
화물(초소형),디피코,포트로-탑S,550,300.0,850.0,2023년도 전기자동차 성주군 모델별 보조금,2023,성주군
화물(초소형),디피코,포트로-픽업S,550,300.0,850.0,2023년도 전기자동차 성주군 모델별 보조금,2023,성주군
화물(초소형),진우에스엠씨,포텐스,550,300.0,850.0,2023년도 전기자동차 성주군 모델별 보조금,2023,성주군
화물(경형),파워프라자,라보ev PEACE,900,450.0,1350.0,2023년도 전기자동차 성주군 모델별 보조금,2023,성주군
화물(경형),디피코,포트로350L-탑,900,450.0,1350.0,2023년도 전기자동차 성주군 모델별 보조금,2023,성주군
화물(경형),디피코,포트로350L-픽업,900,450.0,1350.0,2023년도 전기자동차 성주군 모델별 보조금,2023,성주군
화물(소형),제인모터스,제인모터스칼마토EV1톤내장탑차,498,249.0,747.0,2023년도 전기자동차 성주군 모델별 보조금,2023,성주군
화물(소형),파워프라자,봉고3ev PEACE,536,268.0,804.0,2023년도 전기자동차 성주군 모델별 보조금,2023,성주군
화물(소형),파워프라자,봉고3ev PEACE 더블캡,437,218.0,655.0,2023년도 전기자동차 성주군 모델별 보조금,2023,성주군
화물(소형),현대자동차,포터Ⅱ 일렉트릭(23MY),1200,600.0,1800.0,2023년도 전기자동차 성주군 모델별 보조금,2023,성주군
화물(소형),현대자동차,포터Ⅱ 일렉트릭(24MY),1200,600.0,1800.0,2023년도 전기자동차 성주군 모델별 보조금,2023,성주군
화물(소형),기아,봉고 전기차,1200,600.0,1800.0,2023년도 전기자동차 성주군 모델별 보조금,2023,성주군
화물(소형),기아,봉고 전기차 냉동탑차,1400,600.0,2000.0,2023년도 전기자동차 성주군 모델별 보조금,2023,성주군
화물(소형),기아,봉고 전기차 저상형 냉동탑차,1400,600.0,2000.0,2023년도 전기자동차 성주군 모델별 보조금,2023,성주군
화물(소형),일진정공,일진무시동전기냉동탑차(149.9km),1053,526.0,1579.0,2023년도 전기자동차 성주군 모델별 보조금,2023,성주군
화물(소형),일진정공,일진무시동전기냉동탑차(186.1km),1321,600.0,1921.0,2023년도 전기자동차 성주군 모델별 보조금,2023,성주군
화물(소형),일진정공,일진무시동전기냉동탑차(봉고),1460,600.0,2060.0,2023년도 전기자동차 성주군 모델별 보조금,2023,성주군
화물(소형),일진정공,일진무시동전기냉동탑차(포터),1444,600.0,2044.0,2023년도 전기자동차 성주군 모델별 보조금,2023,성주군
화물(소형),루트17,다니고밴,784,392.0,1176.0,2023년도 전기자동차 성주군 모델별 보조금,2023,성주군
화물(소형),루트17,다니고C(0.8톤 전기트럭),1112,556.0,1668.0,2023년도 전기자동차 성주군 모델별 보조금,2023,성주군
화물(소형),루트17,다니고C2(0.8톤 전기트럭),909,454.0,1363.0,2023년도 전기자동차 성주군 모델별 보조금,2023,성주군
화물(소형),루트17,다니고R(전기냉동탑차),1313,600.0,1913.0,2023년도 전기자동차 성주군 모델별 보조금,2023,성주군
화물(소형),루트17,다니고R2(무시동 전기냉동탑차),1212,600.0,1812.0,2023년도 전기자동차 성주군 모델별 보조금,2023,성주군
화물(소형),한신자동차,플러스2.0,648,324.0,972.0,2023년도 전기자동차 성주군 모델별 보조금,2023,성주군
화물(소형),비바모빌리티,(단종)비바,932,466.0,1398.0,2023년도 전기자동차 성주군 모델별 보조금,2023,성주군
화물(소형),비바모빌리티,(단종)브라보,802,401.0,1203.0,2023년도 전기자동차 성주군 모델별 보조금,2023,성주군
화물(소형),이브이케이엠씨,(단종)MASADA 2밴,1124,562.0,1686.0,2023년도 전기자동차 성주군 모델별 보조금,2023,성주군
화물(소형),이브이케이엠씨,(단종)MASADA 4밴,1025,512.0,1537.0,2023년도 전기자동차 성주군 모델별 보조금,2023,성주군
화물(소형),이브이케이엠씨,MASADA 픽업,1078,539.0,1617.0,2023년도 전기자동차 성주군 모델별 보조금,2023,성주군
화물(소형),이브이케이엠씨,MASADA 3세대 2밴,1124,562.0,1686.0,2023년도 전기자동차 성주군 모델별 보조금,2023,성주군
화물(소형),이브이케이엠씨,MASADA 3세대 4밴,1025,512.0,1537.0,2023년도 전기자동차 성주군 모델별 보조금,2023,성주군
화물(소형),이브이케이엠씨,MASADA 2밴,1200,600.0,1800.0,2023년도 전기자동차 성주군 모델별 보조금,2023,성주군
화물(소형),이브이케이엠씨,MASADA 4밴,1200,600.0,1800.0,2023년도 전기자동차 성주군 모델별 보조금,2023,성주군
화물(소형),이브이케이엠씨,EC35 2밴,850,425.0,1275.0,2023년도 전기자동차 성주군 모델별 보조금,2023,성주군
화물(소형),경인모터스,경인1톤전기냉동탑차,1151,575.0,1726.0,2023년도 전기자동차 성주군 모델별 보조금,2023,성주군
화물(소형),제이스모빌리티,(단종)이티밴,1200,600.0,1800.0,2023년도 전기자동차 성주군 모델별 보조금,2023,성주군
화물(소형),제이스모빌리티,이티밴,1200,600.0,1800.0,2023년도 전기자동차 성주군 모델별 보조금,2023,성주군
화물(소형),제이스모빌리티,이티4밴,1180,590.0,1770.0,2023년도 전기자동차 성주군 모델별 보조금,2023,성주군
화물(소형),오텍,오텍 무시동 전기 냉동탑차(봉고),1253,600.0,1853.0,2023년도 전기자동차 성주군 모델별 보조금,2023,성주군
화물(소형),이엔플러스,이엔1톤롱바디카고,959,479.0,1438.0,2023년도 전기자동차 성주군 모델별 보조금,2023,성주군
화물(소형),이엔플러스,이엔플러스EV1톤롱바디트럭,1009,504.0,1513.0,2023년도 전기자동차 성주군 모델별 보조금,2023,성주군
화물(소형),GS글로벌,T4K,1200,600.0,1800.0,2023년도 전기자동차 성주군 모델별 보조금,2023,성주군
화물(소형),에스에스라이트,젤라,986,493.0,1479.0,2023년도 전기자동차 성주군 모델별 보조금,2023,성주군
화물(소형),에스에스라이트,젤라 P200,1177,588.0,1765.0,2023년도 전기자동차 성주군 모델별 보조금,2023,성주군
화물(소형),한국쓰리축,한국쓰리축1톤롱바디EV트럭(봉고),943,471.0,1414.0,2023년도 전기자동차 성주군 모델별 보조금,2023,성주군
화물(소형),한국쓰리축,한국쓰리축1톤롱바디EV트럭(포터),963,481.0,1444.0,2023년도 전기자동차 성주군 모델별 보조금,2023,성주군
화물(소형),모빌리티네트웍스,SE-A2밴,1200,600.0,1800.0,2023년도 전기자동차 성주군 모델별 보조금,2023,성주군
화물(초소형),스마트솔루션즈,D2C,550,275.0,825.0,2023년도 전기자동차 칠곡군 모델별 보조금,2023,칠곡군
화물(초소형),스마트솔루션즈,D2P,550,275.0,825.0,2023년도 전기자동차 칠곡군 모델별 보조금,2023,칠곡군
화물(초소형),루트17,다니고3,550,275.0,825.0,2023년도 전기자동차 칠곡군 모델별 보조금,2023,칠곡군
화물(초소형),루트17,다니고3 픽업,550,275.0,825.0,2023년도 전기자동차 칠곡군 모델별 보조금,2023,칠곡군
화물(초소형),마스타전기차,MASTA VAN,550,275.0,825.0,2023년도 전기자동차 칠곡군 모델별 보조금,2023,칠곡군
화물(초소형),마스타전기차,MASTA HIM,550,275.0,825.0,2023년도 전기자동차 칠곡군 모델별 보조금,2023,칠곡군
화물(초소형),디피코,포트로-탑,550,275.0,825.0,2023년도 전기자동차 칠곡군 모델별 보조금,2023,칠곡군
화물(초소형),디피코,포트로-픽업,550,275.0,825.0,2023년도 전기자동차 칠곡군 모델별 보조금,2023,칠곡군
화물(초소형),디피코,포트로-탑S,550,275.0,825.0,2023년도 전기자동차 칠곡군 모델별 보조금,2023,칠곡군
화물(초소형),디피코,포트로-픽업S,550,275.0,825.0,2023년도 전기자동차 칠곡군 모델별 보조금,2023,칠곡군
화물(초소형),진우에스엠씨,포텐스,550,275.0,825.0,2023년도 전기자동차 칠곡군 모델별 보조금,2023,칠곡군
화물(경형),파워프라자,라보ev PEACE,900,450.0,1350.0,2023년도 전기자동차 칠곡군 모델별 보조금,2023,칠곡군
화물(경형),디피코,포트로350L-탑,900,450.0,1350.0,2023년도 전기자동차 칠곡군 모델별 보조금,2023,칠곡군
화물(경형),디피코,포트로350L-픽업,900,450.0,1350.0,2023년도 전기자동차 칠곡군 모델별 보조금,2023,칠곡군
화물(소형),제인모터스,제인모터스칼마토EV1톤내장탑차,498,249.0,747.0,2023년도 전기자동차 칠곡군 모델별 보조금,2023,칠곡군
화물(소형),파워프라자,봉고3ev PEACE,536,268.0,804.0,2023년도 전기자동차 칠곡군 모델별 보조금,2023,칠곡군
화물(소형),파워프라자,봉고3ev PEACE 더블캡,437,218.0,655.0,2023년도 전기자동차 칠곡군 모델별 보조금,2023,칠곡군
화물(소형),현대자동차,포터Ⅱ 일렉트릭(23MY),1200,600.0,1800.0,2023년도 전기자동차 칠곡군 모델별 보조금,2023,칠곡군
화물(소형),현대자동차,포터Ⅱ 일렉트릭(24MY),1200,600.0,1800.0,2023년도 전기자동차 칠곡군 모델별 보조금,2023,칠곡군
화물(소형),기아,봉고 전기차,1200,600.0,1800.0,2023년도 전기자동차 칠곡군 모델별 보조금,2023,칠곡군
화물(소형),기아,봉고 전기차 냉동탑차,1400,600.0,2000.0,2023년도 전기자동차 칠곡군 모델별 보조금,2023,칠곡군
화물(소형),기아,봉고 전기차 저상형 냉동탑차,1400,600.0,2000.0,2023년도 전기자동차 칠곡군 모델별 보조금,2023,칠곡군
화물(소형),일진정공,일진무시동전기냉동탑차(149.9km),1053,526.0,1579.0,2023년도 전기자동차 칠곡군 모델별 보조금,2023,칠곡군
화물(소형),일진정공,일진무시동전기냉동탑차(186.1km),1321,600.0,1921.0,2023년도 전기자동차 칠곡군 모델별 보조금,2023,칠곡군
화물(소형),일진정공,일진무시동전기냉동탑차(봉고),1460,600.0,2060.0,2023년도 전기자동차 칠곡군 모델별 보조금,2023,칠곡군
화물(소형),일진정공,일진무시동전기냉동탑차(포터),1444,600.0,2044.0,2023년도 전기자동차 칠곡군 모델별 보조금,2023,칠곡군
화물(소형),루트17,다니고밴,784,392.0,1176.0,2023년도 전기자동차 칠곡군 모델별 보조금,2023,칠곡군
화물(소형),루트17,다니고C(0.8톤 전기트럭),1112,556.0,1668.0,2023년도 전기자동차 칠곡군 모델별 보조금,2023,칠곡군
화물(소형),루트17,다니고C2(0.8톤 전기트럭),909,454.0,1363.0,2023년도 전기자동차 칠곡군 모델별 보조금,2023,칠곡군
화물(소형),루트17,다니고R(전기냉동탑차),1313,600.0,1913.0,2023년도 전기자동차 칠곡군 모델별 보조금,2023,칠곡군
화물(소형),루트17,다니고R2(무시동 전기냉동탑차),1212,600.0,1812.0,2023년도 전기자동차 칠곡군 모델별 보조금,2023,칠곡군
화물(소형),한신자동차,플러스2.0,648,324.0,972.0,2023년도 전기자동차 칠곡군 모델별 보조금,2023,칠곡군
화물(소형),비바모빌리티,(단종)비바,932,466.0,1398.0,2023년도 전기자동차 칠곡군 모델별 보조금,2023,칠곡군
화물(소형),비바모빌리티,(단종)브라보,802,401.0,1203.0,2023년도 전기자동차 칠곡군 모델별 보조금,2023,칠곡군
화물(소형),이브이케이엠씨,(단종)MASADA 2밴,1124,562.0,1686.0,2023년도 전기자동차 칠곡군 모델별 보조금,2023,칠곡군
화물(소형),이브이케이엠씨,(단종)MASADA 4밴,1025,512.0,1537.0,2023년도 전기자동차 칠곡군 모델별 보조금,2023,칠곡군
화물(소형),이브이케이엠씨,MASADA 픽업,1078,539.0,1617.0,2023년도 전기자동차 칠곡군 모델별 보조금,2023,칠곡군
화물(소형),이브이케이엠씨,MASADA 3세대 2밴,1124,562.0,1686.0,2023년도 전기자동차 칠곡군 모델별 보조금,2023,칠곡군
화물(소형),이브이케이엠씨,MASADA 3세대 4밴,1025,512.0,1537.0,2023년도 전기자동차 칠곡군 모델별 보조금,2023,칠곡군
화물(소형),이브이케이엠씨,MASADA 2밴,1200,600.0,1800.0,2023년도 전기자동차 칠곡군 모델별 보조금,2023,칠곡군
화물(소형),이브이케이엠씨,MASADA 4밴,1200,600.0,1800.0,2023년도 전기자동차 칠곡군 모델별 보조금,2023,칠곡군
화물(소형),경인모터스,경인1톤전기냉동탑차,1151,575.0,1726.0,2023년도 전기자동차 칠곡군 모델별 보조금,2023,칠곡군
화물(소형),제이스모빌리티,(단종)이티밴,1200,600.0,1800.0,2023년도 전기자동차 칠곡군 모델별 보조금,2023,칠곡군
화물(소형),제이스모빌리티,이티밴,1200,600.0,1800.0,2023년도 전기자동차 칠곡군 모델별 보조금,2023,칠곡군
화물(소형),제이스모빌리티,이티4밴,1180,590.0,1770.0,2023년도 전기자동차 칠곡군 모델별 보조금,2023,칠곡군
화물(소형),오텍,오텍 무시동 전기 냉동탑차(봉고),1253,600.0,1853.0,2023년도 전기자동차 칠곡군 모델별 보조금,2023,칠곡군
화물(소형),이엔플러스,이엔1톤롱바디카고,959,479.0,1438.0,2023년도 전기자동차 칠곡군 모델별 보조금,2023,칠곡군
화물(소형),이엔플러스,이엔플러스EV1톤롱바디트럭,1009,504.0,1513.0,2023년도 전기자동차 칠곡군 모델별 보조금,2023,칠곡군
화물(소형),GS글로벌,T4K,1200,600.0,1800.0,2023년도 전기자동차 칠곡군 모델별 보조금,2023,칠곡군
화물(소형),에스에스라이트,젤라,986,493.0,1479.0,2023년도 전기자동차 칠곡군 모델별 보조금,2023,칠곡군
화물(소형),에스에스라이트,젤라 P200,1177,588.0,1765.0,2023년도 전기자동차 칠곡군 모델별 보조금,2023,칠곡군
화물(소형),한국쓰리축,한국쓰리축1톤롱바디EV트럭(봉고),943,471.0,1414.0,2023년도 전기자동차 칠곡군 모델별 보조금,2023,칠곡군
화물(소형),한국쓰리축,한국쓰리축1톤롱바디EV트럭(포터),963,481.0,1444.0,2023년도 전기자동차 칠곡군 모델별 보조금,2023,칠곡군
화물(소형),모빌리티네트웍스,SE-A2밴,1200,600.0,1800.0,2023년도 전기자동차 칠곡군 모델별 보조금,2023,칠곡군
화물(초소형),스마트솔루션즈,D2C,550,275.0,825.0,2023년도 전기자동차 예천군 모델별 보조금,2023,예천군
화물(초소형),스마트솔루션즈,D2P,550,275.0,825.0,2023년도 전기자동차 예천군 모델별 보조금,2023,예천군
화물(초소형),루트17,다니고3,550,275.0,825.0,2023년도 전기자동차 예천군 모델별 보조금,2023,예천군
화물(초소형),루트17,다니고3 픽업,550,275.0,825.0,2023년도 전기자동차 예천군 모델별 보조금,2023,예천군
화물(초소형),마스타전기차,MASTA VAN,550,275.0,825.0,2023년도 전기자동차 예천군 모델별 보조금,2023,예천군
화물(초소형),마스타전기차,MASTA HIM,550,275.0,825.0,2023년도 전기자동차 예천군 모델별 보조금,2023,예천군
화물(초소형),디피코,포트로-탑,550,275.0,825.0,2023년도 전기자동차 예천군 모델별 보조금,2023,예천군
화물(초소형),디피코,포트로-픽업,550,275.0,825.0,2023년도 전기자동차 예천군 모델별 보조금,2023,예천군
화물(초소형),디피코,포트로-탑S,550,275.0,825.0,2023년도 전기자동차 예천군 모델별 보조금,2023,예천군
화물(초소형),디피코,포트로-픽업S,550,275.0,825.0,2023년도 전기자동차 예천군 모델별 보조금,2023,예천군
화물(초소형),진우에스엠씨,포텐스,550,275.0,825.0,2023년도 전기자동차 예천군 모델별 보조금,2023,예천군
화물(경형),파워프라자,라보ev PEACE,900,450.0,1350.0,2023년도 전기자동차 예천군 모델별 보조금,2023,예천군
화물(경형),디피코,포트로350L-탑,900,450.0,1350.0,2023년도 전기자동차 예천군 모델별 보조금,2023,예천군
화물(경형),디피코,포트로350L-픽업,900,450.0,1350.0,2023년도 전기자동차 예천군 모델별 보조금,2023,예천군
화물(소형),제인모터스,제인모터스칼마토EV1톤내장탑차,498,249.0,747.0,2023년도 전기자동차 예천군 모델별 보조금,2023,예천군
화물(소형),파워프라자,봉고3ev PEACE,536,268.0,804.0,2023년도 전기자동차 예천군 모델별 보조금,2023,예천군
화물(소형),파워프라자,봉고3ev PEACE 더블캡,437,218.0,655.0,2023년도 전기자동차 예천군 모델별 보조금,2023,예천군
화물(소형),현대자동차,포터Ⅱ 일렉트릭(23MY),1200,600.0,1800.0,2023년도 전기자동차 예천군 모델별 보조금,2023,예천군
화물(소형),현대자동차,포터Ⅱ 일렉트릭(24MY),1200,600.0,1800.0,2023년도 전기자동차 예천군 모델별 보조금,2023,예천군
화물(소형),기아,봉고 전기차,1200,600.0,1800.0,2023년도 전기자동차 예천군 모델별 보조금,2023,예천군
화물(소형),기아,봉고 전기차 냉동탑차,1400,600.0,2000.0,2023년도 전기자동차 예천군 모델별 보조금,2023,예천군
화물(소형),기아,봉고 전기차 저상형 냉동탑차,1400,600.0,2000.0,2023년도 전기자동차 예천군 모델별 보조금,2023,예천군
화물(소형),일진정공,일진무시동전기냉동탑차(149.9km),1053,526.0,1579.0,2023년도 전기자동차 예천군 모델별 보조금,2023,예천군
화물(소형),일진정공,일진무시동전기냉동탑차(186.1km),1321,600.0,1921.0,2023년도 전기자동차 예천군 모델별 보조금,2023,예천군
화물(소형),일진정공,일진무시동전기냉동탑차(봉고),1460,600.0,2060.0,2023년도 전기자동차 예천군 모델별 보조금,2023,예천군
화물(소형),일진정공,일진무시동전기냉동탑차(포터),1444,600.0,2044.0,2023년도 전기자동차 예천군 모델별 보조금,2023,예천군
화물(소형),루트17,다니고밴,784,392.0,1176.0,2023년도 전기자동차 예천군 모델별 보조금,2023,예천군
화물(소형),루트17,다니고C(0.8톤 전기트럭),1112,556.0,1668.0,2023년도 전기자동차 예천군 모델별 보조금,2023,예천군
화물(소형),루트17,다니고C2(0.8톤 전기트럭),909,454.0,1363.0,2023년도 전기자동차 예천군 모델별 보조금,2023,예천군
화물(소형),루트17,다니고R(전기냉동탑차),1313,600.0,1913.0,2023년도 전기자동차 예천군 모델별 보조금,2023,예천군
화물(소형),루트17,다니고R2(무시동 전기냉동탑차),1212,600.0,1812.0,2023년도 전기자동차 예천군 모델별 보조금,2023,예천군
화물(소형),한신자동차,플러스2.0,648,324.0,972.0,2023년도 전기자동차 예천군 모델별 보조금,2023,예천군
화물(소형),비바모빌리티,(단종)비바,932,466.0,1398.0,2023년도 전기자동차 예천군 모델별 보조금,2023,예천군
화물(소형),비바모빌리티,(단종)브라보,802,401.0,1203.0,2023년도 전기자동차 예천군 모델별 보조금,2023,예천군
화물(소형),이브이케이엠씨,(단종)MASADA 2밴,1124,562.0,1686.0,2023년도 전기자동차 예천군 모델별 보조금,2023,예천군
화물(소형),이브이케이엠씨,(단종)MASADA 4밴,1025,512.0,1537.0,2023년도 전기자동차 예천군 모델별 보조금,2023,예천군
화물(소형),이브이케이엠씨,MASADA 픽업,1078,539.0,1617.0,2023년도 전기자동차 예천군 모델별 보조금,2023,예천군
화물(소형),이브이케이엠씨,MASADA 3세대 2밴,1124,562.0,1686.0,2023년도 전기자동차 예천군 모델별 보조금,2023,예천군
화물(소형),이브이케이엠씨,MASADA 3세대 4밴,1025,512.0,1537.0,2023년도 전기자동차 예천군 모델별 보조금,2023,예천군
화물(소형),이브이케이엠씨,MASADA 2밴,1200,600.0,1800.0,2023년도 전기자동차 예천군 모델별 보조금,2023,예천군
화물(소형),이브이케이엠씨,MASADA 4밴,1200,600.0,1800.0,2023년도 전기자동차 예천군 모델별 보조금,2023,예천군
화물(소형),경인모터스,경인1톤전기냉동탑차,1151,575.0,1726.0,2023년도 전기자동차 예천군 모델별 보조금,2023,예천군
화물(소형),제이스모빌리티,(단종)이티밴,1200,600.0,1800.0,2023년도 전기자동차 예천군 모델별 보조금,2023,예천군
화물(소형),제이스모빌리티,이티밴,1200,600.0,1800.0,2023년도 전기자동차 예천군 모델별 보조금,2023,예천군
화물(소형),제이스모빌리티,이티4밴,1180,590.0,1770.0,2023년도 전기자동차 예천군 모델별 보조금,2023,예천군
화물(소형),오텍,오텍 무시동 전기 냉동탑차(봉고),1253,600.0,1853.0,2023년도 전기자동차 예천군 모델별 보조금,2023,예천군
화물(소형),이엔플러스,이엔1톤롱바디카고,959,479.0,1438.0,2023년도 전기자동차 예천군 모델별 보조금,2023,예천군
화물(소형),이엔플러스,이엔플러스EV1톤롱바디트럭,1009,504.0,1513.0,2023년도 전기자동차 예천군 모델별 보조금,2023,예천군
화물(소형),GS글로벌,T4K,1200,600.0,1800.0,2023년도 전기자동차 예천군 모델별 보조금,2023,예천군
화물(소형),에스에스라이트,젤라,986,493.0,1479.0,2023년도 전기자동차 예천군 모델별 보조금,2023,예천군
화물(소형),에스에스라이트,젤라 P200,1177,588.0,1765.0,2023년도 전기자동차 예천군 모델별 보조금,2023,예천군
화물(소형),한국쓰리축,한국쓰리축1톤롱바디EV트럭(봉고),943,471.0,1414.0,2023년도 전기자동차 예천군 모델별 보조금,2023,예천군
화물(소형),한국쓰리축,한국쓰리축1톤롱바디EV트럭(포터),963,481.0,1444.0,2023년도 전기자동차 예천군 모델별 보조금,2023,예천군
화물(소형),모빌리티네트웍스,SE-A2밴,1200,600.0,1800.0,2023년도 전기자동차 예천군 모델별 보조금,2023,예천군
화물(초소형),스마트솔루션즈,D2C,550,275.0,825.0,2023년도 전기자동차 봉화군 모델별 보조금,2023,봉화군
화물(초소형),스마트솔루션즈,D2P,550,275.0,825.0,2023년도 전기자동차 봉화군 모델별 보조금,2023,봉화군
화물(초소형),루트17,다니고3,550,275.0,825.0,2023년도 전기자동차 봉화군 모델별 보조금,2023,봉화군
화물(초소형),루트17,다니고3 픽업,550,275.0,825.0,2023년도 전기자동차 봉화군 모델별 보조금,2023,봉화군
화물(초소형),마스타전기차,MASTA VAN,550,275.0,825.0,2023년도 전기자동차 봉화군 모델별 보조금,2023,봉화군
화물(초소형),마스타전기차,MASTA HIM,550,275.0,825.0,2023년도 전기자동차 봉화군 모델별 보조금,2023,봉화군
화물(초소형),디피코,포트로-탑,550,275.0,825.0,2023년도 전기자동차 봉화군 모델별 보조금,2023,봉화군
화물(초소형),디피코,포트로-픽업,550,275.0,825.0,2023년도 전기자동차 봉화군 모델별 보조금,2023,봉화군
화물(초소형),디피코,포트로-탑S,550,275.0,825.0,2023년도 전기자동차 봉화군 모델별 보조금,2023,봉화군
화물(초소형),디피코,포트로-픽업S,550,275.0,825.0,2023년도 전기자동차 봉화군 모델별 보조금,2023,봉화군
화물(초소형),진우에스엠씨,포텐스,550,275.0,825.0,2023년도 전기자동차 봉화군 모델별 보조금,2023,봉화군
화물(경형),파워프라자,라보ev PEACE,900,450.0,1350.0,2023년도 전기자동차 봉화군 모델별 보조금,2023,봉화군
화물(경형),디피코,포트로350L-탑,900,450.0,1350.0,2023년도 전기자동차 봉화군 모델별 보조금,2023,봉화군
화물(경형),디피코,포트로350L-픽업,900,450.0,1350.0,2023년도 전기자동차 봉화군 모델별 보조금,2023,봉화군
화물(소형),제인모터스,제인모터스칼마토EV1톤내장탑차,498,249.0,747.0,2023년도 전기자동차 봉화군 모델별 보조금,2023,봉화군
화물(소형),파워프라자,봉고3ev PEACE,536,268.0,804.0,2023년도 전기자동차 봉화군 모델별 보조금,2023,봉화군
화물(소형),파워프라자,봉고3ev PEACE 더블캡,437,218.0,655.0,2023년도 전기자동차 봉화군 모델별 보조금,2023,봉화군
화물(소형),현대자동차,포터Ⅱ 일렉트릭(23MY),1200,600.0,1800.0,2023년도 전기자동차 봉화군 모델별 보조금,2023,봉화군
화물(소형),현대자동차,포터Ⅱ 일렉트릭(24MY),1200,600.0,1800.0,2023년도 전기자동차 봉화군 모델별 보조금,2023,봉화군
화물(소형),기아,봉고 전기차,1200,600.0,1800.0,2023년도 전기자동차 봉화군 모델별 보조금,2023,봉화군
화물(소형),기아,봉고 전기차 냉동탑차,1400,600.0,2000.0,2023년도 전기자동차 봉화군 모델별 보조금,2023,봉화군
화물(소형),기아,봉고 전기차 저상형 냉동탑차,1400,600.0,2000.0,2023년도 전기자동차 봉화군 모델별 보조금,2023,봉화군
화물(소형),일진정공,일진무시동전기냉동탑차(149.9km),1053,526.0,1579.0,2023년도 전기자동차 봉화군 모델별 보조금,2023,봉화군
화물(소형),일진정공,일진무시동전기냉동탑차(186.1km),1321,600.0,1921.0,2023년도 전기자동차 봉화군 모델별 보조금,2023,봉화군
화물(소형),일진정공,일진무시동전기냉동탑차(봉고),1460,600.0,2060.0,2023년도 전기자동차 봉화군 모델별 보조금,2023,봉화군
화물(소형),일진정공,일진무시동전기냉동탑차(포터),1444,600.0,2044.0,2023년도 전기자동차 봉화군 모델별 보조금,2023,봉화군
화물(소형),루트17,다니고밴,784,392.0,1176.0,2023년도 전기자동차 봉화군 모델별 보조금,2023,봉화군
화물(소형),루트17,다니고C(0.8톤 전기트럭),1112,556.0,1668.0,2023년도 전기자동차 봉화군 모델별 보조금,2023,봉화군
화물(소형),루트17,다니고C2(0.8톤 전기트럭),909,454.0,1363.0,2023년도 전기자동차 봉화군 모델별 보조금,2023,봉화군
화물(소형),루트17,다니고R(전기냉동탑차),1313,600.0,1913.0,2023년도 전기자동차 봉화군 모델별 보조금,2023,봉화군
화물(소형),루트17,다니고R2(무시동 전기냉동탑차),1212,600.0,1812.0,2023년도 전기자동차 봉화군 모델별 보조금,2023,봉화군
화물(소형),한신자동차,플러스2.0,648,324.0,972.0,2023년도 전기자동차 봉화군 모델별 보조금,2023,봉화군
화물(소형),비바모빌리티,(단종)비바,932,466.0,1398.0,2023년도 전기자동차 봉화군 모델별 보조금,2023,봉화군
화물(소형),비바모빌리티,(단종)브라보,802,401.0,1203.0,2023년도 전기자동차 봉화군 모델별 보조금,2023,봉화군
화물(소형),이브이케이엠씨,(단종)MASADA 2밴,1124,562.0,1686.0,2023년도 전기자동차 봉화군 모델별 보조금,2023,봉화군
화물(소형),이브이케이엠씨,(단종)MASADA 4밴,1025,512.0,1537.0,2023년도 전기자동차 봉화군 모델별 보조금,2023,봉화군
화물(소형),이브이케이엠씨,MASADA 픽업,1078,539.0,1617.0,2023년도 전기자동차 봉화군 모델별 보조금,2023,봉화군
화물(소형),이브이케이엠씨,MASADA 3세대 2밴,1124,562.0,1686.0,2023년도 전기자동차 봉화군 모델별 보조금,2023,봉화군
화물(소형),이브이케이엠씨,MASADA 3세대 4밴,1025,512.0,1537.0,2023년도 전기자동차 봉화군 모델별 보조금,2023,봉화군
화물(소형),이브이케이엠씨,MASADA 2밴,1200,600.0,1800.0,2023년도 전기자동차 봉화군 모델별 보조금,2023,봉화군
화물(소형),경인모터스,경인1톤전기냉동탑차,1151,575.0,1726.0,2023년도 전기자동차 봉화군 모델별 보조금,2023,봉화군
화물(소형),제이스모빌리티,(단종)이티밴,1200,600.0,1800.0,2023년도 전기자동차 봉화군 모델별 보조금,2023,봉화군
화물(소형),제이스모빌리티,이티밴,1200,600.0,1800.0,2023년도 전기자동차 봉화군 모델별 보조금,2023,봉화군
화물(소형),제이스모빌리티,이티4밴,1180,590.0,1770.0,2023년도 전기자동차 봉화군 모델별 보조금,2023,봉화군
화물(소형),오텍,오텍 무시동 전기 냉동탑차(봉고),1253,600.0,1853.0,2023년도 전기자동차 봉화군 모델별 보조금,2023,봉화군
화물(소형),이엔플러스,이엔1톤롱바디카고,959,479.0,1438.0,2023년도 전기자동차 봉화군 모델별 보조금,2023,봉화군
화물(소형),이엔플러스,이엔플러스EV1톤롱바디트럭,1009,504.0,1513.0,2023년도 전기자동차 봉화군 모델별 보조금,2023,봉화군
화물(소형),GS글로벌,T4K,1200,600.0,1800.0,2023년도 전기자동차 봉화군 모델별 보조금,2023,봉화군
화물(소형),에스에스라이트,젤라,986,493.0,1479.0,2023년도 전기자동차 봉화군 모델별 보조금,2023,봉화군
화물(소형),에스에스라이트,젤라 P200,1177,588.0,1765.0,2023년도 전기자동차 봉화군 모델별 보조금,2023,봉화군
화물(소형),한국쓰리축,한국쓰리축1톤롱바디EV트럭(봉고),943,471.0,1414.0,2023년도 전기자동차 봉화군 모델별 보조금,2023,봉화군
화물(소형),한국쓰리축,한국쓰리축1톤롱바디EV트럭(포터),963,481.0,1444.0,2023년도 전기자동차 봉화군 모델별 보조금,2023,봉화군
화물(소형),모빌리티네트웍스,SE-A2밴,1200,600.0,1800.0,2023년도 전기자동차 봉화군 모델별 보조금,2023,봉화군
화물(초소형),스마트솔루션즈,D2C,550,275.0,825.0,2023년도 전기자동차 울진군 모델별 보조금,2023,울진군
화물(초소형),스마트솔루션즈,D2P,550,275.0,825.0,2023년도 전기자동차 울진군 모델별 보조금,2023,울진군
화물(초소형),루트17,다니고3,550,275.0,825.0,2023년도 전기자동차 울진군 모델별 보조금,2023,울진군
화물(초소형),루트17,다니고3 픽업,550,275.0,825.0,2023년도 전기자동차 울진군 모델별 보조금,2023,울진군
화물(초소형),마스타전기차,MASTA VAN,550,275.0,825.0,2023년도 전기자동차 울진군 모델별 보조금,2023,울진군
화물(초소형),마스타전기차,MASTA HIM,550,275.0,825.0,2023년도 전기자동차 울진군 모델별 보조금,2023,울진군
화물(초소형),디피코,포트로-탑,550,275.0,825.0,2023년도 전기자동차 울진군 모델별 보조금,2023,울진군
화물(초소형),디피코,포트로-픽업,550,275.0,825.0,2023년도 전기자동차 울진군 모델별 보조금,2023,울진군
화물(초소형),디피코,포트로-탑S,550,275.0,825.0,2023년도 전기자동차 울진군 모델별 보조금,2023,울진군
화물(초소형),디피코,포트로-픽업S,550,275.0,825.0,2023년도 전기자동차 울진군 모델별 보조금,2023,울진군
화물(초소형),진우에스엠씨,포텐스,550,275.0,825.0,2023년도 전기자동차 울진군 모델별 보조금,2023,울진군
화물(경형),파워프라자,라보ev PEACE,900,450.0,1350.0,2023년도 전기자동차 울진군 모델별 보조금,2023,울진군
화물(경형),디피코,포트로350L-탑,900,450.0,1350.0,2023년도 전기자동차 울진군 모델별 보조금,2023,울진군
화물(경형),디피코,포트로350L-픽업,900,450.0,1350.0,2023년도 전기자동차 울진군 모델별 보조금,2023,울진군
화물(소형),제인모터스,제인모터스칼마토EV1톤내장탑차,498,249.0,747.0,2023년도 전기자동차 울진군 모델별 보조금,2023,울진군
화물(소형),파워프라자,봉고3ev PEACE,536,268.0,804.0,2023년도 전기자동차 울진군 모델별 보조금,2023,울진군
화물(소형),파워프라자,봉고3ev PEACE 더블캡,437,218.0,655.0,2023년도 전기자동차 울진군 모델별 보조금,2023,울진군
화물(소형),현대자동차,포터Ⅱ 일렉트릭(23MY),1200,600.0,1800.0,2023년도 전기자동차 울진군 모델별 보조금,2023,울진군
화물(소형),현대자동차,포터Ⅱ 일렉트릭(24MY),1200,600.0,1800.0,2023년도 전기자동차 울진군 모델별 보조금,2023,울진군
화물(소형),기아,봉고 전기차,1200,600.0,1800.0,2023년도 전기자동차 울진군 모델별 보조금,2023,울진군
화물(소형),기아,봉고 전기차 냉동탑차,1400,600.0,2000.0,2023년도 전기자동차 울진군 모델별 보조금,2023,울진군
화물(소형),기아,봉고 전기차 저상형 냉동탑차,1400,600.0,2000.0,2023년도 전기자동차 울진군 모델별 보조금,2023,울진군
화물(소형),일진정공,일진무시동전기냉동탑차(149.9km),1053,526.0,1579.0,2023년도 전기자동차 울진군 모델별 보조금,2023,울진군
화물(소형),일진정공,일진무시동전기냉동탑차(186.1km),1321,600.0,1921.0,2023년도 전기자동차 울진군 모델별 보조금,2023,울진군
화물(소형),일진정공,일진무시동전기냉동탑차(봉고),1460,600.0,2060.0,2023년도 전기자동차 울진군 모델별 보조금,2023,울진군
화물(소형),일진정공,일진무시동전기냉동탑차(포터),1444,600.0,2044.0,2023년도 전기자동차 울진군 모델별 보조금,2023,울진군
화물(소형),루트17,다니고밴,784,392.0,1176.0,2023년도 전기자동차 울진군 모델별 보조금,2023,울진군
화물(소형),루트17,다니고C(0.8톤 전기트럭),1112,556.0,1668.0,2023년도 전기자동차 울진군 모델별 보조금,2023,울진군
화물(소형),루트17,다니고C2(0.8톤 전기트럭),909,454.0,1363.0,2023년도 전기자동차 울진군 모델별 보조금,2023,울진군
화물(소형),루트17,다니고R(전기냉동탑차),1313,600.0,1913.0,2023년도 전기자동차 울진군 모델별 보조금,2023,울진군
화물(소형),루트17,다니고R2(무시동 전기냉동탑차),1212,600.0,1812.0,2023년도 전기자동차 울진군 모델별 보조금,2023,울진군
화물(소형),한신자동차,플러스2.0,648,324.0,972.0,2023년도 전기자동차 울진군 모델별 보조금,2023,울진군
화물(소형),비바모빌리티,(단종)비바,932,466.0,1398.0,2023년도 전기자동차 울진군 모델별 보조금,2023,울진군
화물(소형),비바모빌리티,(단종)브라보,802,401.0,1203.0,2023년도 전기자동차 울진군 모델별 보조금,2023,울진군
화물(소형),이브이케이엠씨,(단종)MASADA 2밴,1124,562.0,1686.0,2023년도 전기자동차 울진군 모델별 보조금,2023,울진군
화물(소형),이브이케이엠씨,(단종)MASADA 4밴,1025,512.0,1537.0,2023년도 전기자동차 울진군 모델별 보조금,2023,울진군
화물(소형),이브이케이엠씨,MASADA 픽업,1078,539.0,1617.0,2023년도 전기자동차 울진군 모델별 보조금,2023,울진군
화물(소형),이브이케이엠씨,MASADA 3세대 2밴,1124,562.0,1686.0,2023년도 전기자동차 울진군 모델별 보조금,2023,울진군
화물(소형),이브이케이엠씨,MASADA 3세대 4밴,1025,512.0,1537.0,2023년도 전기자동차 울진군 모델별 보조금,2023,울진군
화물(소형),이브이케이엠씨,MASADA 2밴,1200,600.0,1800.0,2023년도 전기자동차 울진군 모델별 보조금,2023,울진군
화물(소형),이브이케이엠씨,MASADA 4밴,1200,600.0,1800.0,2023년도 전기자동차 울진군 모델별 보조금,2023,울진군
화물(소형),이브이케이엠씨,EC35 2밴,850,425.0,1275.0,2023년도 전기자동차 울진군 모델별 보조금,2023,울진군
화물(소형),경인모터스,경인1톤전기냉동탑차,1151,575.0,1726.0,2023년도 전기자동차 울진군 모델별 보조금,2023,울진군
화물(소형),제이스모빌리티,(단종)이티밴,1200,600.0,1800.0,2023년도 전기자동차 울진군 모델별 보조금,2023,울진군
화물(소형),제이스모빌리티,이티밴,1200,600.0,1800.0,2023년도 전기자동차 울진군 모델별 보조금,2023,울진군
화물(소형),제이스모빌리티,이티4밴,1180,590.0,1770.0,2023년도 전기자동차 울진군 모델별 보조금,2023,울진군
화물(소형),오텍,오텍 무시동 전기 냉동탑차(봉고),1253,600.0,1853.0,2023년도 전기자동차 울진군 모델별 보조금,2023,울진군
화물(소형),이엔플러스,이엔1톤롱바디카고,959,479.0,1438.0,2023년도 전기자동차 울진군 모델별 보조금,2023,울진군
화물(소형),이엔플러스,이엔플러스EV1톤롱바디트럭,1009,504.0,1513.0,2023년도 전기자동차 울진군 모델별 보조금,2023,울진군
화물(소형),GS글로벌,T4K,1200,600.0,1800.0,2023년도 전기자동차 울진군 모델별 보조금,2023,울진군
화물(소형),에스에스라이트,젤라,986,493.0,1479.0,2023년도 전기자동차 울진군 모델별 보조금,2023,울진군
화물(소형),에스에스라이트,젤라 P200,1177,588.0,1765.0,2023년도 전기자동차 울진군 모델별 보조금,2023,울진군
화물(소형),한국쓰리축,한국쓰리축1톤롱바디EV트럭(봉고),943,471.0,1414.0,2023년도 전기자동차 울진군 모델별 보조금,2023,울진군
화물(소형),한국쓰리축,한국쓰리축1톤롱바디EV트럭(포터),963,481.0,1444.0,2023년도 전기자동차 울진군 모델별 보조금,2023,울진군
화물(소형),모빌리티네트웍스,SE-A2밴,1200,600.0,1800.0,2023년도 전기자동차 울진군 모델별 보조금,2023,울진군
화물(초소형),스마트솔루션즈,D2C,550,504.0,1054.0,2023년도 전기자동차 울릉군 모델별 보조금,2023,울릉군
화물(초소형),스마트솔루션즈,D2P,550,504.0,1054.0,2023년도 전기자동차 울릉군 모델별 보조금,2023,울릉군
화물(초소형),루트17,다니고3,550,504.0,1054.0,2023년도 전기자동차 울릉군 모델별 보조금,2023,울릉군
화물(초소형),루트17,다니고3 픽업,550,504.0,1054.0,2023년도 전기자동차 울릉군 모델별 보조금,2023,울릉군
화물(초소형),마스타전기차,MASTA VAN,550,504.0,1054.0,2023년도 전기자동차 울릉군 모델별 보조금,2023,울릉군
화물(초소형),마스타전기차,MASTA HIM,550,504.0,1054.0,2023년도 전기자동차 울릉군 모델별 보조금,2023,울릉군
화물(초소형),디피코,포트로-탑,550,504.0,1054.0,2023년도 전기자동차 울릉군 모델별 보조금,2023,울릉군
화물(초소형),디피코,포트로-픽업,550,504.0,1054.0,2023년도 전기자동차 울릉군 모델별 보조금,2023,울릉군
화물(초소형),디피코,포트로-탑S,550,504.0,1054.0,2023년도 전기자동차 울릉군 모델별 보조금,2023,울릉군
화물(초소형),디피코,포트로-픽업S,550,504.0,1054.0,2023년도 전기자동차 울릉군 모델별 보조금,2023,울릉군
화물(초소형),진우에스엠씨,포텐스,550,504.0,1054.0,2023년도 전기자동차 울릉군 모델별 보조금,2023,울릉군
화물(경형),파워프라자,라보ev PEACE,900,825.0,1725.0,2023년도 전기자동차 울릉군 모델별 보조금,2023,울릉군
화물(경형),디피코,포트로350L-탑,900,825.0,1725.0,2023년도 전기자동차 울릉군 모델별 보조금,2023,울릉군
화물(경형),디피코,포트로350L-픽업,900,825.0,1725.0,2023년도 전기자동차 울릉군 모델별 보조금,2023,울릉군
화물(소형),제인모터스,제인모터스칼마토EV1톤내장탑차,498,456.0,954.0,2023년도 전기자동차 울릉군 모델별 보조금,2023,울릉군
화물(소형),파워프라자,봉고3ev PEACE,536,491.0,1027.0,2023년도 전기자동차 울릉군 모델별 보조금,2023,울릉군
화물(소형),파워프라자,봉고3ev PEACE 더블캡,437,400.0,837.0,2023년도 전기자동차 울릉군 모델별 보조금,2023,울릉군
화물(소형),현대자동차,포터Ⅱ 일렉트릭(23MY),1200,1100.0,2300.0,2023년도 전기자동차 울릉군 모델별 보조금,2023,울릉군
화물(소형),현대자동차,포터Ⅱ 일렉트릭(24MY),1200,1100.0,2300.0,2023년도 전기자동차 울릉군 모델별 보조금,2023,울릉군
화물(소형),기아,봉고 전기차,1200,1100.0,2300.0,2023년도 전기자동차 울릉군 모델별 보조금,2023,울릉군
화물(소형),기아,봉고 전기차 냉동탑차,1400,1100.0,2500.0,2023년도 전기자동차 울릉군 모델별 보조금,2023,울릉군
화물(소형),기아,봉고 전기차 저상형 냉동탑차,1400,1100.0,2500.0,2023년도 전기자동차 울릉군 모델별 보조금,2023,울릉군
화물(소형),일진정공,일진무시동전기냉동탑차(149.9km),1053,965.0,2018.0,2023년도 전기자동차 울릉군 모델별 보조금,2023,울릉군
화물(소형),일진정공,일진무시동전기냉동탑차(186.1km),1321,1100.0,2421.0,2023년도 전기자동차 울릉군 모델별 보조금,2023,울릉군
화물(소형),일진정공,일진무시동전기냉동탑차(봉고),1460,1100.0,2560.0,2023년도 전기자동차 울릉군 모델별 보조금,2023,울릉군
화물(소형),일진정공,일진무시동전기냉동탑차(포터),1444,1100.0,2544.0,2023년도 전기자동차 울릉군 모델별 보조금,2023,울릉군
화물(소형),루트17,다니고밴,784,718.0,1502.0,2023년도 전기자동차 울릉군 모델별 보조금,2023,울릉군
화물(소형),루트17,다니고C(0.8톤 전기트럭),1112,1019.0,2131.0,2023년도 전기자동차 울릉군 모델별 보조금,2023,울릉군
화물(소형),루트17,다니고C2(0.8톤 전기트럭),909,833.0,1742.0,2023년도 전기자동차 울릉군 모델별 보조금,2023,울릉군
화물(소형),루트17,다니고R(전기냉동탑차),1313,1100.0,2413.0,2023년도 전기자동차 울릉군 모델별 보조금,2023,울릉군
화물(소형),루트17,다니고R2(무시동 전기냉동탑차),1212,1100.0,2312.0,2023년도 전기자동차 울릉군 모델별 보조금,2023,울릉군
화물(소형),한신자동차,플러스2.0,648,594.0,1242.0,2023년도 전기자동차 울릉군 모델별 보조금,2023,울릉군
화물(소형),비바모빌리티,(단종)비바,932,854.0,1786.0,2023년도 전기자동차 울릉군 모델별 보조금,2023,울릉군
화물(소형),비바모빌리티,(단종)브라보,802,735.0,1537.0,2023년도 전기자동차 울릉군 모델별 보조금,2023,울릉군
화물(소형),이브이케이엠씨,(단종)MASADA 2밴,1124,1030.0,2154.0,2023년도 전기자동차 울릉군 모델별 보조금,2023,울릉군
화물(소형),이브이케이엠씨,(단종)MASADA 4밴,1025,939.0,1964.0,2023년도 전기자동차 울릉군 모델별 보조금,2023,울릉군
화물(소형),이브이케이엠씨,MASADA 픽업,1078,988.0,2066.0,2023년도 전기자동차 울릉군 모델별 보조금,2023,울릉군
화물(소형),이브이케이엠씨,MASADA 3세대 2밴,1124,1030.0,2154.0,2023년도 전기자동차 울릉군 모델별 보조금,2023,울릉군
화물(소형),이브이케이엠씨,MASADA 3세대 4밴,1025,939.0,1964.0,2023년도 전기자동차 울릉군 모델별 보조금,2023,울릉군
화물(소형),이브이케이엠씨,MASADA 2밴,1200,1100.0,2300.0,2023년도 전기자동차 울릉군 모델별 보조금,2023,울릉군
화물(소형),경인모터스,경인1톤전기냉동탑차,1151,1055.0,2206.0,2023년도 전기자동차 울릉군 모델별 보조금,2023,울릉군
화물(소형),제이스모빌리티,(단종)이티밴,1200,1100.0,2300.0,2023년도 전기자동차 울릉군 모델별 보조금,2023,울릉군
화물(소형),제이스모빌리티,이티밴,1200,1100.0,2300.0,2023년도 전기자동차 울릉군 모델별 보조금,2023,울릉군
화물(소형),제이스모빌리티,이티4밴,1180,1081.0,2261.0,2023년도 전기자동차 울릉군 모델별 보조금,2023,울릉군
화물(소형),오텍,오텍 무시동 전기 냉동탑차(봉고),1253,1100.0,2353.0,2023년도 전기자동차 울릉군 모델별 보조금,2023,울릉군
화물(소형),이엔플러스,이엔1톤롱바디카고,959,879.0,1838.0,2023년도 전기자동차 울릉군 모델별 보조금,2023,울릉군
화물(소형),이엔플러스,이엔플러스EV1톤롱바디트럭,1009,924.0,1933.0,2023년도 전기자동차 울릉군 모델별 보조금,2023,울릉군
화물(소형),GS글로벌,T4K,1200,1100.0,2300.0,2023년도 전기자동차 울릉군 모델별 보조금,2023,울릉군
화물(소형),에스에스라이트,젤라,986,903.0,1889.0,2023년도 전기자동차 울릉군 모델별 보조금,2023,울릉군
화물(소형),에스에스라이트,젤라 P200,1177,1078.0,2255.0,2023년도 전기자동차 울릉군 모델별 보조금,2023,울릉군
화물(소형),한국쓰리축,한국쓰리축1톤롱바디EV트럭(봉고),943,864.0,1807.0,2023년도 전기자동차 울릉군 모델별 보조금,2023,울릉군
화물(소형),한국쓰리축,한국쓰리축1톤롱바디EV트럭(포터),963,882.0,1845.0,2023년도 전기자동차 울릉군 모델별 보조금,2023,울릉군
화물(소형),모빌리티네트웍스,SE-A2밴,1200,1100.0,2300.0,2023년도 전기자동차 울릉군 모델별 보조금,2023,울릉군
화물(초소형),스마트솔루션즈,D2C,550,260.0,810.0,2023년도 전기자동차 창원시 모델별 보조금,2023,창원시
화물(초소형),스마트솔루션즈,D2P,550,260.0,810.0,2023년도 전기자동차 창원시 모델별 보조금,2023,창원시
화물(초소형),루트17,다니고3,550,260.0,810.0,2023년도 전기자동차 창원시 모델별 보조금,2023,창원시
화물(초소형),루트17,다니고3 픽업,550,260.0,810.0,2023년도 전기자동차 창원시 모델별 보조금,2023,창원시
화물(초소형),마스타전기차,MASTA VAN,550,260.0,810.0,2023년도 전기자동차 창원시 모델별 보조금,2023,창원시
화물(초소형),마스타전기차,MASTA HIM,550,260.0,810.0,2023년도 전기자동차 창원시 모델별 보조금,2023,창원시
화물(초소형),디피코,포트로-탑,550,260.0,810.0,2023년도 전기자동차 창원시 모델별 보조금,2023,창원시
화물(초소형),디피코,포트로-픽업,550,260.0,810.0,2023년도 전기자동차 창원시 모델별 보조금,2023,창원시
화물(초소형),디피코,포트로-탑S,550,260.0,810.0,2023년도 전기자동차 창원시 모델별 보조금,2023,창원시
화물(초소형),디피코,포트로-픽업S,550,260.0,810.0,2023년도 전기자동차 창원시 모델별 보조금,2023,창원시
화물(초소형),진우에스엠씨,포텐스,550,260.0,810.0,2023년도 전기자동차 창원시 모델별 보조금,2023,창원시
화물(경형),파워프라자,라보ev PEACE,900,440.0,1340.0,2023년도 전기자동차 창원시 모델별 보조금,2023,창원시
화물(경형),디피코,포트로350L-탑,900,440.0,1340.0,2023년도 전기자동차 창원시 모델별 보조금,2023,창원시
화물(경형),디피코,포트로350L-픽업,900,440.0,1340.0,2023년도 전기자동차 창원시 모델별 보조금,2023,창원시
화물(소형),제인모터스,제인모터스칼마토EV1톤내장탑차,498,250.0,748.0,2023년도 전기자동차 창원시 모델별 보조금,2023,창원시
화물(소형),파워프라자,봉고3ev PEACE,536,268.0,804.0,2023년도 전기자동차 창원시 모델별 보조금,2023,창원시
화물(소형),파워프라자,봉고3ev PEACE 더블캡,437,218.0,655.0,2023년도 전기자동차 창원시 모델별 보조금,2023,창원시
화물(소형),현대자동차,포터Ⅱ 일렉트릭(23MY),1200,600.0,1800.0,2023년도 전기자동차 창원시 모델별 보조금,2023,창원시
화물(소형),현대자동차,포터Ⅱ 일렉트릭(24MY),1200,600.0,1800.0,2023년도 전기자동차 창원시 모델별 보조금,2023,창원시
화물(소형),기아,봉고 전기차,1200,600.0,1800.0,2023년도 전기자동차 창원시 모델별 보조금,2023,창원시
화물(소형),기아,봉고 전기차 냉동탑차,1400,710.0,2110.0,2023년도 전기자동차 창원시 모델별 보조금,2023,창원시
화물(소형),기아,봉고 전기차 저상형 냉동탑차,1400,710.0,2110.0,2023년도 전기자동차 창원시 모델별 보조금,2023,창원시
화물(소형),일진정공,일진무시동전기냉동탑차(149.9km),1053,534.0,1587.0,2023년도 전기자동차 창원시 모델별 보조금,2023,창원시
화물(소형),일진정공,일진무시동전기냉동탑차(186.1km),1321,670.0,1991.0,2023년도 전기자동차 창원시 모델별 보조금,2023,창원시
화물(소형),일진정공,일진무시동전기냉동탑차(봉고),1460,740.0,2200.0,2023년도 전기자동차 창원시 모델별 보조금,2023,창원시
화물(소형),일진정공,일진무시동전기냉동탑차(포터),1444,732.0,2176.0,2023년도 전기자동차 창원시 모델별 보조금,2023,창원시
화물(소형),루트17,다니고밴,784,392.0,1176.0,2023년도 전기자동차 창원시 모델별 보조금,2023,창원시
화물(소형),루트17,다니고C(0.8톤 전기트럭),1112,556.0,1668.0,2023년도 전기자동차 창원시 모델별 보조금,2023,창원시
화물(소형),루트17,다니고C2(0.8톤 전기트럭),909,454.0,1363.0,2023년도 전기자동차 창원시 모델별 보조금,2023,창원시
화물(소형),루트17,다니고R(전기냉동탑차),1313,666.0,1979.0,2023년도 전기자동차 창원시 모델별 보조금,2023,창원시
화물(소형),루트17,다니고R2(무시동 전기냉동탑차),1212,614.0,1826.0,2023년도 전기자동차 창원시 모델별 보조금,2023,창원시
화물(소형),한신자동차,플러스2.0,648,324.0,972.0,2023년도 전기자동차 창원시 모델별 보조금,2023,창원시
화물(소형),비바모빌리티,(단종)비바,932,466.0,1398.0,2023년도 전기자동차 창원시 모델별 보조금,2023,창원시
화물(소형),비바모빌리티,(단종)브라보,802,402.0,1204.0,2023년도 전기자동차 창원시 모델별 보조금,2023,창원시
화물(소형),이브이케이엠씨,(단종)MASADA 2밴,1124,562.0,1686.0,2023년도 전기자동차 창원시 모델별 보조금,2023,창원시
화물(소형),이브이케이엠씨,(단종)MASADA 4밴,1025,512.0,1537.0,2023년도 전기자동차 창원시 모델별 보조금,2023,창원시
화물(소형),이브이케이엠씨,MASADA 픽업,1078,540.0,1618.0,2023년도 전기자동차 창원시 모델별 보조금,2023,창원시
화물(소형),이브이케이엠씨,MASADA 3세대 2밴,1124,562.0,1686.0,2023년도 전기자동차 창원시 모델별 보조금,2023,창원시
화물(소형),이브이케이엠씨,MASADA 3세대 4밴,1025,512.0,1537.0,2023년도 전기자동차 창원시 모델별 보조금,2023,창원시
화물(소형),이브이케이엠씨,MASADA 2밴,1200,600.0,1800.0,2023년도 전기자동차 창원시 모델별 보조금,2023,창원시
화물(소형),경인모터스,경인1톤전기냉동탑차,1151,584.0,1735.0,2023년도 전기자동차 창원시 모델별 보조금,2023,창원시
화물(소형),제이스모빌리티,(단종)이티밴,1200,600.0,1800.0,2023년도 전기자동차 창원시 모델별 보조금,2023,창원시
화물(소형),제이스모빌리티,이티밴,1200,600.0,1800.0,2023년도 전기자동차 창원시 모델별 보조금,2023,창원시
화물(소형),제이스모빌리티,이티4밴,1180,590.0,1770.0,2023년도 전기자동차 창원시 모델별 보조금,2023,창원시
화물(소형),오텍,오텍 무시동 전기 냉동탑차(봉고),1253,636.0,1889.0,2023년도 전기자동차 창원시 모델별 보조금,2023,창원시
화물(소형),이엔플러스,이엔1톤롱바디카고,959,480.0,1439.0,2023년도 전기자동차 창원시 모델별 보조금,2023,창원시
화물(소형),이엔플러스,이엔플러스EV1톤롱바디트럭,1009,504.0,1513.0,2023년도 전기자동차 창원시 모델별 보조금,2023,창원시
화물(소형),GS글로벌,T4K,1200,600.0,1800.0,2023년도 전기자동차 창원시 모델별 보조금,2023,창원시
화물(소형),에스에스라이트,젤라,986,494.0,1480.0,2023년도 전기자동차 창원시 모델별 보조금,2023,창원시
화물(소형),에스에스라이트,젤라 P200,1177,588.0,1765.0,2023년도 전기자동차 창원시 모델별 보조금,2023,창원시
화물(소형),한국쓰리축,한국쓰리축1톤롱바디EV트럭(봉고),943,472.0,1415.0,2023년도 전기자동차 창원시 모델별 보조금,2023,창원시
화물(소형),한국쓰리축,한국쓰리축1톤롱바디EV트럭(포터),963,482.0,1445.0,2023년도 전기자동차 창원시 모델별 보조금,2023,창원시
화물(소형),모빌리티네트웍스,SE-A2밴,1200,600.0,1800.0,2023년도 전기자동차 창원시 모델별 보조금,2023,창원시
화물(초소형),스마트솔루션즈,D2C,550,260.0,810.0,2023년도 전기자동차 진주시 모델별 보조금,2023,진주시
화물(초소형),스마트솔루션즈,D2P,550,260.0,810.0,2023년도 전기자동차 진주시 모델별 보조금,2023,진주시
화물(초소형),루트17,다니고3,550,260.0,810.0,2023년도 전기자동차 진주시 모델별 보조금,2023,진주시
화물(초소형),루트17,다니고3 픽업,550,260.0,810.0,2023년도 전기자동차 진주시 모델별 보조금,2023,진주시
화물(초소형),마스타전기차,MASTA VAN,550,260.0,810.0,2023년도 전기자동차 진주시 모델별 보조금,2023,진주시
화물(초소형),마스타전기차,MASTA HIM,550,260.0,810.0,2023년도 전기자동차 진주시 모델별 보조금,2023,진주시
화물(초소형),디피코,포트로-탑,550,260.0,810.0,2023년도 전기자동차 진주시 모델별 보조금,2023,진주시
화물(초소형),디피코,포트로-픽업,550,260.0,810.0,2023년도 전기자동차 진주시 모델별 보조금,2023,진주시
화물(초소형),디피코,포트로-탑S,550,260.0,810.0,2023년도 전기자동차 진주시 모델별 보조금,2023,진주시
화물(초소형),디피코,포트로-픽업S,550,260.0,810.0,2023년도 전기자동차 진주시 모델별 보조금,2023,진주시
화물(초소형),진우에스엠씨,포텐스,550,260.0,810.0,2023년도 전기자동차 진주시 모델별 보조금,2023,진주시
화물(경형),파워프라자,라보ev PEACE,900,440.0,1340.0,2023년도 전기자동차 진주시 모델별 보조금,2023,진주시
화물(경형),디피코,포트로350L-탑,900,440.0,1340.0,2023년도 전기자동차 진주시 모델별 보조금,2023,진주시
화물(경형),디피코,포트로350L-픽업,900,440.0,1340.0,2023년도 전기자동차 진주시 모델별 보조금,2023,진주시
화물(소형),제인모터스,제인모터스칼마토EV1톤내장탑차,498,250.0,748.0,2023년도 전기자동차 진주시 모델별 보조금,2023,진주시
화물(소형),파워프라자,봉고3ev PEACE,536,268.0,804.0,2023년도 전기자동차 진주시 모델별 보조금,2023,진주시
화물(소형),파워프라자,봉고3ev PEACE 더블캡,437,218.0,655.0,2023년도 전기자동차 진주시 모델별 보조금,2023,진주시
화물(소형),현대자동차,포터Ⅱ 일렉트릭(23MY),1200,600.0,1800.0,2023년도 전기자동차 진주시 모델별 보조금,2023,진주시
화물(소형),현대자동차,포터Ⅱ 일렉트릭(24MY),1200,600.0,1800.0,2023년도 전기자동차 진주시 모델별 보조금,2023,진주시
화물(소형),기아,봉고 전기차,1200,600.0,1800.0,2023년도 전기자동차 진주시 모델별 보조금,2023,진주시
화물(소형),기아,봉고 전기차 냉동탑차,1400,710.0,2110.0,2023년도 전기자동차 진주시 모델별 보조금,2023,진주시
화물(소형),기아,봉고 전기차 저상형 냉동탑차,1400,710.0,2110.0,2023년도 전기자동차 진주시 모델별 보조금,2023,진주시
화물(소형),일진정공,일진무시동전기냉동탑차(149.9km),1053,534.0,1587.0,2023년도 전기자동차 진주시 모델별 보조금,2023,진주시
화물(소형),일진정공,일진무시동전기냉동탑차(186.1km),1321,674.0,1995.0,2023년도 전기자동차 진주시 모델별 보조금,2023,진주시
화물(소형),일진정공,일진무시동전기냉동탑차(봉고),1460,740.0,2200.0,2023년도 전기자동차 진주시 모델별 보조금,2023,진주시
화물(소형),일진정공,일진무시동전기냉동탑차(포터),1444,732.0,2176.0,2023년도 전기자동차 진주시 모델별 보조금,2023,진주시
화물(소형),루트17,다니고밴,784,392.0,1176.0,2023년도 전기자동차 진주시 모델별 보조금,2023,진주시
화물(소형),루트17,다니고C(0.8톤 전기트럭),1112,556.0,1668.0,2023년도 전기자동차 진주시 모델별 보조금,2023,진주시
화물(소형),루트17,다니고C2(0.8톤 전기트럭),909,454.0,1363.0,2023년도 전기자동차 진주시 모델별 보조금,2023,진주시
화물(소형),루트17,다니고R(전기냉동탑차),1313,666.0,1979.0,2023년도 전기자동차 진주시 모델별 보조금,2023,진주시
화물(소형),루트17,다니고R2(무시동 전기냉동탑차),1212,614.0,1826.0,2023년도 전기자동차 진주시 모델별 보조금,2023,진주시
화물(소형),한신자동차,플러스2.0,648,324.0,972.0,2023년도 전기자동차 진주시 모델별 보조금,2023,진주시
화물(소형),비바모빌리티,(단종)비바,932,466.0,1398.0,2023년도 전기자동차 진주시 모델별 보조금,2023,진주시
화물(소형),비바모빌리티,(단종)브라보,802,402.0,1204.0,2023년도 전기자동차 진주시 모델별 보조금,2023,진주시
화물(소형),이브이케이엠씨,(단종)MASADA 2밴,1124,562.0,1686.0,2023년도 전기자동차 진주시 모델별 보조금,2023,진주시
화물(소형),이브이케이엠씨,(단종)MASADA 4밴,1025,512.0,1537.0,2023년도 전기자동차 진주시 모델별 보조금,2023,진주시
화물(소형),이브이케이엠씨,MASADA 픽업,1078,540.0,1618.0,2023년도 전기자동차 진주시 모델별 보조금,2023,진주시
화물(소형),이브이케이엠씨,MASADA 3세대 2밴,1124,562.0,1686.0,2023년도 전기자동차 진주시 모델별 보조금,2023,진주시
화물(소형),이브이케이엠씨,MASADA 3세대 4밴,1025,512.0,1537.0,2023년도 전기자동차 진주시 모델별 보조금,2023,진주시
화물(소형),이브이케이엠씨,MASADA 2밴,1200,600.0,1800.0,2023년도 전기자동차 진주시 모델별 보조금,2023,진주시
화물(소형),경인모터스,경인1톤전기냉동탑차,1151,584.0,1735.0,2023년도 전기자동차 진주시 모델별 보조금,2023,진주시
화물(소형),제이스모빌리티,(단종)이티밴,1200,600.0,1800.0,2023년도 전기자동차 진주시 모델별 보조금,2023,진주시
화물(소형),제이스모빌리티,이티밴,1200,600.0,1800.0,2023년도 전기자동차 진주시 모델별 보조금,2023,진주시
화물(소형),제이스모빌리티,이티4밴,1180,590.0,1770.0,2023년도 전기자동차 진주시 모델별 보조금,2023,진주시
화물(소형),오텍,오텍 무시동 전기 냉동탑차(봉고),1253,636.0,1889.0,2023년도 전기자동차 진주시 모델별 보조금,2023,진주시
화물(소형),이엔플러스,이엔1톤롱바디카고,959,480.0,1439.0,2023년도 전기자동차 진주시 모델별 보조금,2023,진주시
화물(소형),이엔플러스,이엔플러스EV1톤롱바디트럭,1009,504.0,1513.0,2023년도 전기자동차 진주시 모델별 보조금,2023,진주시
화물(소형),GS글로벌,T4K,1200,600.0,1800.0,2023년도 전기자동차 진주시 모델별 보조금,2023,진주시
화물(소형),에스에스라이트,젤라,986,494.0,1480.0,2023년도 전기자동차 진주시 모델별 보조금,2023,진주시
화물(소형),에스에스라이트,젤라 P200,1177,588.0,1765.0,2023년도 전기자동차 진주시 모델별 보조금,2023,진주시
화물(소형),한국쓰리축,한국쓰리축1톤롱바디EV트럭(봉고),943,472.0,1415.0,2023년도 전기자동차 진주시 모델별 보조금,2023,진주시
화물(소형),한국쓰리축,한국쓰리축1톤롱바디EV트럭(포터),963,482.0,1445.0,2023년도 전기자동차 진주시 모델별 보조금,2023,진주시
화물(소형),모빌리티네트웍스,SE-A2밴,1200,600.0,1800.0,2023년도 전기자동차 진주시 모델별 보조금,2023,진주시
화물(초소형),스마트솔루션즈,D2C,550,260.0,810.0,2023년도 전기자동차 통영시 모델별 보조금,2023,통영시
화물(초소형),스마트솔루션즈,D2P,550,260.0,810.0,2023년도 전기자동차 통영시 모델별 보조금,2023,통영시
화물(초소형),루트17,다니고3,550,260.0,810.0,2023년도 전기자동차 통영시 모델별 보조금,2023,통영시
화물(초소형),루트17,다니고3 픽업,550,260.0,810.0,2023년도 전기자동차 통영시 모델별 보조금,2023,통영시
화물(초소형),마스타전기차,MASTA VAN,550,260.0,810.0,2023년도 전기자동차 통영시 모델별 보조금,2023,통영시
화물(초소형),마스타전기차,MASTA HIM,550,260.0,810.0,2023년도 전기자동차 통영시 모델별 보조금,2023,통영시
화물(초소형),디피코,포트로-탑,550,260.0,810.0,2023년도 전기자동차 통영시 모델별 보조금,2023,통영시
화물(초소형),디피코,포트로-픽업,550,260.0,810.0,2023년도 전기자동차 통영시 모델별 보조금,2023,통영시
화물(초소형),디피코,포트로-탑S,550,260.0,810.0,2023년도 전기자동차 통영시 모델별 보조금,2023,통영시
화물(초소형),디피코,포트로-픽업S,550,260.0,810.0,2023년도 전기자동차 통영시 모델별 보조금,2023,통영시
화물(초소형),진우에스엠씨,포텐스,550,260.0,810.0,2023년도 전기자동차 통영시 모델별 보조금,2023,통영시
화물(경형),파워프라자,라보ev PEACE,900,440.0,1340.0,2023년도 전기자동차 통영시 모델별 보조금,2023,통영시
화물(경형),디피코,포트로350L-탑,900,440.0,1340.0,2023년도 전기자동차 통영시 모델별 보조금,2023,통영시
화물(경형),디피코,포트로350L-픽업,900,440.0,1340.0,2023년도 전기자동차 통영시 모델별 보조금,2023,통영시
화물(소형),제인모터스,제인모터스칼마토EV1톤내장탑차,498,250.0,748.0,2023년도 전기자동차 통영시 모델별 보조금,2023,통영시
화물(소형),파워프라자,봉고3ev PEACE,536,268.0,804.0,2023년도 전기자동차 통영시 모델별 보조금,2023,통영시
화물(소형),파워프라자,봉고3ev PEACE 더블캡,437,218.0,655.0,2023년도 전기자동차 통영시 모델별 보조금,2023,통영시
화물(소형),현대자동차,포터Ⅱ 일렉트릭(23MY),1200,600.0,1800.0,2023년도 전기자동차 통영시 모델별 보조금,2023,통영시
화물(소형),현대자동차,포터Ⅱ 일렉트릭(24MY),1200,600.0,1800.0,2023년도 전기자동차 통영시 모델별 보조금,2023,통영시
화물(소형),기아,봉고 전기차,1200,600.0,1800.0,2023년도 전기자동차 통영시 모델별 보조금,2023,통영시
화물(소형),기아,봉고 전기차 냉동탑차,1400,710.0,2110.0,2023년도 전기자동차 통영시 모델별 보조금,2023,통영시
화물(소형),기아,봉고 전기차 저상형 냉동탑차,1400,710.0,2110.0,2023년도 전기자동차 통영시 모델별 보조금,2023,통영시
화물(소형),일진정공,일진무시동전기냉동탑차(149.9km),1053,534.0,1587.0,2023년도 전기자동차 통영시 모델별 보조금,2023,통영시
화물(소형),일진정공,일진무시동전기냉동탑차(186.1km),1321,670.0,1991.0,2023년도 전기자동차 통영시 모델별 보조금,2023,통영시
화물(소형),일진정공,일진무시동전기냉동탑차(봉고),1460,740.0,2200.0,2023년도 전기자동차 통영시 모델별 보조금,2023,통영시
화물(소형),일진정공,일진무시동전기냉동탑차(포터),1444,732.0,2176.0,2023년도 전기자동차 통영시 모델별 보조금,2023,통영시
화물(소형),루트17,다니고밴,784,392.0,1176.0,2023년도 전기자동차 통영시 모델별 보조금,2023,통영시
화물(소형),루트17,다니고C(0.8톤 전기트럭),1112,556.0,1668.0,2023년도 전기자동차 통영시 모델별 보조금,2023,통영시
화물(소형),루트17,다니고C2(0.8톤 전기트럭),909,454.0,1363.0,2023년도 전기자동차 통영시 모델별 보조금,2023,통영시
화물(소형),루트17,다니고R(전기냉동탑차),1313,666.0,1979.0,2023년도 전기자동차 통영시 모델별 보조금,2023,통영시
화물(소형),루트17,다니고R2(무시동 전기냉동탑차),1212,614.0,1826.0,2023년도 전기자동차 통영시 모델별 보조금,2023,통영시
화물(소형),한신자동차,플러스2.0,648,324.0,972.0,2023년도 전기자동차 통영시 모델별 보조금,2023,통영시
화물(소형),비바모빌리티,(단종)비바,932,466.0,1398.0,2023년도 전기자동차 통영시 모델별 보조금,2023,통영시
화물(소형),비바모빌리티,(단종)브라보,802,402.0,1204.0,2023년도 전기자동차 통영시 모델별 보조금,2023,통영시
화물(소형),이브이케이엠씨,(단종)MASADA 2밴,1124,562.0,1686.0,2023년도 전기자동차 통영시 모델별 보조금,2023,통영시
화물(소형),이브이케이엠씨,(단종)MASADA 4밴,1025,512.0,1537.0,2023년도 전기자동차 통영시 모델별 보조금,2023,통영시
화물(소형),이브이케이엠씨,MASADA 픽업,1078,540.0,1618.0,2023년도 전기자동차 통영시 모델별 보조금,2023,통영시
화물(소형),이브이케이엠씨,MASADA 3세대 2밴,1124,562.0,1686.0,2023년도 전기자동차 통영시 모델별 보조금,2023,통영시
화물(소형),이브이케이엠씨,MASADA 3세대 4밴,1025,512.0,1537.0,2023년도 전기자동차 통영시 모델별 보조금,2023,통영시
화물(소형),이브이케이엠씨,MASADA 2밴,1200,600.0,1800.0,2023년도 전기자동차 통영시 모델별 보조금,2023,통영시
화물(소형),이브이케이엠씨,MASADA 4밴,1200,600.0,1800.0,2023년도 전기자동차 통영시 모델별 보조금,2023,통영시
화물(소형),경인모터스,경인1톤전기냉동탑차,1151,584.0,1735.0,2023년도 전기자동차 통영시 모델별 보조금,2023,통영시
화물(소형),제이스모빌리티,(단종)이티밴,1200,600.0,1800.0,2023년도 전기자동차 통영시 모델별 보조금,2023,통영시
화물(소형),제이스모빌리티,이티밴,1200,600.0,1800.0,2023년도 전기자동차 통영시 모델별 보조금,2023,통영시
화물(소형),제이스모빌리티,이티4밴,1180,590.0,1770.0,2023년도 전기자동차 통영시 모델별 보조금,2023,통영시
화물(소형),오텍,오텍 무시동 전기 냉동탑차(봉고),1253,636.0,1889.0,2023년도 전기자동차 통영시 모델별 보조금,2023,통영시
화물(소형),이엔플러스,이엔1톤롱바디카고,959,480.0,1439.0,2023년도 전기자동차 통영시 모델별 보조금,2023,통영시
화물(소형),이엔플러스,이엔플러스EV1톤롱바디트럭,1009,504.0,1513.0,2023년도 전기자동차 통영시 모델별 보조금,2023,통영시
화물(소형),GS글로벌,T4K,1200,600.0,1800.0,2023년도 전기자동차 통영시 모델별 보조금,2023,통영시
화물(소형),에스에스라이트,젤라,986,494.0,1480.0,2023년도 전기자동차 통영시 모델별 보조금,2023,통영시
화물(소형),에스에스라이트,젤라 P200,1177,588.0,1765.0,2023년도 전기자동차 통영시 모델별 보조금,2023,통영시
화물(소형),한국쓰리축,한국쓰리축1톤롱바디EV트럭(봉고),943,472.0,1415.0,2023년도 전기자동차 통영시 모델별 보조금,2023,통영시
화물(소형),한국쓰리축,한국쓰리축1톤롱바디EV트럭(포터),963,482.0,1445.0,2023년도 전기자동차 통영시 모델별 보조금,2023,통영시
화물(소형),모빌리티네트웍스,SE-A2밴,1200,600.0,1800.0,2023년도 전기자동차 통영시 모델별 보조금,2023,통영시
화물(초소형),스마트솔루션즈,D2C,550,260.0,810.0,2023년도 전기자동차 사천시 모델별 보조금,2023,사천시
화물(초소형),스마트솔루션즈,D2P,550,260.0,810.0,2023년도 전기자동차 사천시 모델별 보조금,2023,사천시
화물(초소형),루트17,다니고3,550,260.0,810.0,2023년도 전기자동차 사천시 모델별 보조금,2023,사천시
화물(초소형),루트17,다니고3 픽업,550,260.0,810.0,2023년도 전기자동차 사천시 모델별 보조금,2023,사천시
화물(초소형),마스타전기차,MASTA VAN,550,260.0,810.0,2023년도 전기자동차 사천시 모델별 보조금,2023,사천시
화물(초소형),마스타전기차,MASTA HIM,550,260.0,810.0,2023년도 전기자동차 사천시 모델별 보조금,2023,사천시
화물(초소형),디피코,포트로-탑,550,260.0,810.0,2023년도 전기자동차 사천시 모델별 보조금,2023,사천시
화물(초소형),디피코,포트로-픽업,550,260.0,810.0,2023년도 전기자동차 사천시 모델별 보조금,2023,사천시
화물(초소형),디피코,포트로-탑S,550,260.0,810.0,2023년도 전기자동차 사천시 모델별 보조금,2023,사천시
화물(초소형),디피코,포트로-픽업S,550,260.0,810.0,2023년도 전기자동차 사천시 모델별 보조금,2023,사천시
화물(초소형),진우에스엠씨,포텐스,550,260.0,810.0,2023년도 전기자동차 사천시 모델별 보조금,2023,사천시
화물(경형),파워프라자,라보ev PEACE,900,440.0,1340.0,2023년도 전기자동차 사천시 모델별 보조금,2023,사천시
화물(경형),디피코,포트로350L-탑,900,440.0,1340.0,2023년도 전기자동차 사천시 모델별 보조금,2023,사천시
화물(경형),디피코,포트로350L-픽업,900,440.0,1340.0,2023년도 전기자동차 사천시 모델별 보조금,2023,사천시
화물(소형),제인모터스,제인모터스칼마토EV1톤내장탑차,498,250.0,748.0,2023년도 전기자동차 사천시 모델별 보조금,2023,사천시
화물(소형),파워프라자,봉고3ev PEACE,536,268.0,804.0,2023년도 전기자동차 사천시 모델별 보조금,2023,사천시
화물(소형),파워프라자,봉고3ev PEACE 더블캡,437,218.0,655.0,2023년도 전기자동차 사천시 모델별 보조금,2023,사천시
화물(소형),현대자동차,포터Ⅱ 일렉트릭(23MY),1200,600.0,1800.0,2023년도 전기자동차 사천시 모델별 보조금,2023,사천시
화물(소형),현대자동차,포터Ⅱ 일렉트릭(24MY),1200,600.0,1800.0,2023년도 전기자동차 사천시 모델별 보조금,2023,사천시
화물(소형),기아,봉고 전기차,1200,600.0,1800.0,2023년도 전기자동차 사천시 모델별 보조금,2023,사천시
화물(소형),기아,봉고 전기차 냉동탑차,1400,710.0,2110.0,2023년도 전기자동차 사천시 모델별 보조금,2023,사천시
화물(소형),기아,봉고 전기차 저상형 냉동탑차,1400,710.0,2110.0,2023년도 전기자동차 사천시 모델별 보조금,2023,사천시
화물(소형),일진정공,일진무시동전기냉동탑차(149.9km),1053,534.0,1587.0,2023년도 전기자동차 사천시 모델별 보조금,2023,사천시
화물(소형),일진정공,일진무시동전기냉동탑차(186.1km),1321,670.0,1991.0,2023년도 전기자동차 사천시 모델별 보조금,2023,사천시
화물(소형),일진정공,일진무시동전기냉동탑차(봉고),1460,740.0,2200.0,2023년도 전기자동차 사천시 모델별 보조금,2023,사천시
화물(소형),일진정공,일진무시동전기냉동탑차(포터),1444,732.0,2176.0,2023년도 전기자동차 사천시 모델별 보조금,2023,사천시
화물(소형),루트17,다니고밴,784,392.0,1176.0,2023년도 전기자동차 사천시 모델별 보조금,2023,사천시
화물(소형),루트17,다니고C(0.8톤 전기트럭),1112,556.0,1668.0,2023년도 전기자동차 사천시 모델별 보조금,2023,사천시
화물(소형),루트17,다니고C2(0.8톤 전기트럭),909,454.0,1363.0,2023년도 전기자동차 사천시 모델별 보조금,2023,사천시
화물(소형),루트17,다니고R(전기냉동탑차),1313,466.0,1779.0,2023년도 전기자동차 사천시 모델별 보조금,2023,사천시
화물(소형),루트17,다니고R2(무시동 전기냉동탑차),1212,614.0,1826.0,2023년도 전기자동차 사천시 모델별 보조금,2023,사천시
화물(소형),한신자동차,플러스2.0,648,324.0,972.0,2023년도 전기자동차 사천시 모델별 보조금,2023,사천시
화물(소형),비바모빌리티,(단종)비바,932,466.0,1398.0,2023년도 전기자동차 사천시 모델별 보조금,2023,사천시
화물(소형),비바모빌리티,(단종)브라보,802,402.0,1204.0,2023년도 전기자동차 사천시 모델별 보조금,2023,사천시
화물(소형),이브이케이엠씨,(단종)MASADA 2밴,1124,562.0,1686.0,2023년도 전기자동차 사천시 모델별 보조금,2023,사천시
화물(소형),이브이케이엠씨,(단종)MASADA 4밴,1025,512.0,1537.0,2023년도 전기자동차 사천시 모델별 보조금,2023,사천시
화물(소형),이브이케이엠씨,MASADA 픽업,1078,540.0,1618.0,2023년도 전기자동차 사천시 모델별 보조금,2023,사천시
화물(소형),이브이케이엠씨,MASADA 3세대 2밴,1124,562.0,1686.0,2023년도 전기자동차 사천시 모델별 보조금,2023,사천시
화물(소형),이브이케이엠씨,MASADA 3세대 4밴,1025,512.0,1537.0,2023년도 전기자동차 사천시 모델별 보조금,2023,사천시
화물(소형),이브이케이엠씨,MASADA 2밴,1200,600.0,1800.0,2023년도 전기자동차 사천시 모델별 보조금,2023,사천시
화물(소형),경인모터스,경인1톤전기냉동탑차,1151,584.0,1735.0,2023년도 전기자동차 사천시 모델별 보조금,2023,사천시
화물(소형),제이스모빌리티,(단종)이티밴,1200,600.0,1800.0,2023년도 전기자동차 사천시 모델별 보조금,2023,사천시
화물(소형),제이스모빌리티,이티밴,1200,600.0,1800.0,2023년도 전기자동차 사천시 모델별 보조금,2023,사천시
화물(소형),제이스모빌리티,이티4밴,1180,590.0,1770.0,2023년도 전기자동차 사천시 모델별 보조금,2023,사천시
화물(소형),오텍,오텍 무시동 전기 냉동탑차(봉고),1253,636.0,1889.0,2023년도 전기자동차 사천시 모델별 보조금,2023,사천시
화물(소형),이엔플러스,이엔1톤롱바디카고,959,480.0,1439.0,2023년도 전기자동차 사천시 모델별 보조금,2023,사천시
화물(소형),이엔플러스,이엔플러스EV1톤롱바디트럭,1009,504.0,1513.0,2023년도 전기자동차 사천시 모델별 보조금,2023,사천시
화물(소형),GS글로벌,T4K,1200,600.0,1800.0,2023년도 전기자동차 사천시 모델별 보조금,2023,사천시
화물(소형),에스에스라이트,젤라,986,494.0,1480.0,2023년도 전기자동차 사천시 모델별 보조금,2023,사천시
화물(소형),에스에스라이트,젤라 P200,1177,588.0,1765.0,2023년도 전기자동차 사천시 모델별 보조금,2023,사천시
화물(소형),한국쓰리축,한국쓰리축1톤롱바디EV트럭(봉고),943,472.0,1415.0,2023년도 전기자동차 사천시 모델별 보조금,2023,사천시
화물(소형),한국쓰리축,한국쓰리축1톤롱바디EV트럭(포터),963,482.0,1445.0,2023년도 전기자동차 사천시 모델별 보조금,2023,사천시
화물(소형),모빌리티네트웍스,SE-A2밴,1200,600.0,1800.0,2023년도 전기자동차 사천시 모델별 보조금,2023,사천시
화물(초소형),스마트솔루션즈,D2C,550,260.0,810.0,2023년도 전기자동차 김해시 모델별 보조금,2023,김해시
화물(초소형),스마트솔루션즈,D2P,550,260.0,810.0,2023년도 전기자동차 김해시 모델별 보조금,2023,김해시
화물(초소형),루트17,다니고3,550,260.0,810.0,2023년도 전기자동차 김해시 모델별 보조금,2023,김해시
화물(초소형),루트17,다니고3 픽업,550,260.0,810.0,2023년도 전기자동차 김해시 모델별 보조금,2023,김해시
화물(초소형),마스타전기차,MASTA VAN,550,260.0,810.0,2023년도 전기자동차 김해시 모델별 보조금,2023,김해시
화물(초소형),마스타전기차,MASTA HIM,550,260.0,810.0,2023년도 전기자동차 김해시 모델별 보조금,2023,김해시
화물(초소형),디피코,포트로-탑,550,260.0,810.0,2023년도 전기자동차 김해시 모델별 보조금,2023,김해시
화물(초소형),디피코,포트로-픽업,550,260.0,810.0,2023년도 전기자동차 김해시 모델별 보조금,2023,김해시
화물(초소형),디피코,포트로-탑S,550,260.0,810.0,2023년도 전기자동차 김해시 모델별 보조금,2023,김해시
화물(초소형),디피코,포트로-픽업S,550,260.0,810.0,2023년도 전기자동차 김해시 모델별 보조금,2023,김해시
화물(초소형),진우에스엠씨,포텐스,550,260.0,810.0,2023년도 전기자동차 김해시 모델별 보조금,2023,김해시
화물(경형),파워프라자,라보ev PEACE,900,440.0,1340.0,2023년도 전기자동차 김해시 모델별 보조금,2023,김해시
화물(경형),디피코,포트로350L-탑,900,440.0,1340.0,2023년도 전기자동차 김해시 모델별 보조금,2023,김해시
화물(경형),디피코,포트로350L-픽업,900,0.0,900.0,2023년도 전기자동차 김해시 모델별 보조금,2023,김해시
화물(소형),제인모터스,제인모터스칼마토EV1톤내장탑차,498,250.0,748.0,2023년도 전기자동차 김해시 모델별 보조금,2023,김해시
화물(소형),파워프라자,봉고3ev PEACE,536,268.0,804.0,2023년도 전기자동차 김해시 모델별 보조금,2023,김해시
화물(소형),파워프라자,봉고3ev PEACE 더블캡,437,218.0,655.0,2023년도 전기자동차 김해시 모델별 보조금,2023,김해시
화물(소형),현대자동차,포터Ⅱ 일렉트릭(23MY),1200,600.0,1800.0,2023년도 전기자동차 김해시 모델별 보조금,2023,김해시
화물(소형),현대자동차,포터Ⅱ 일렉트릭(24MY),1200,600.0,1800.0,2023년도 전기자동차 김해시 모델별 보조금,2023,김해시
화물(소형),기아,봉고 전기차,1200,600.0,1800.0,2023년도 전기자동차 김해시 모델별 보조금,2023,김해시
화물(소형),기아,봉고 전기차 냉동탑차,1400,710.0,2110.0,2023년도 전기자동차 김해시 모델별 보조금,2023,김해시
화물(소형),기아,봉고 전기차 저상형 냉동탑차,1400,710.0,2110.0,2023년도 전기자동차 김해시 모델별 보조금,2023,김해시
화물(소형),일진정공,일진무시동전기냉동탑차(149.9km),1053,534.0,1587.0,2023년도 전기자동차 김해시 모델별 보조금,2023,김해시
화물(소형),일진정공,일진무시동전기냉동탑차(186.1km),1321,670.0,1991.0,2023년도 전기자동차 김해시 모델별 보조금,2023,김해시
화물(소형),일진정공,일진무시동전기냉동탑차(봉고),1460,740.0,2200.0,2023년도 전기자동차 김해시 모델별 보조금,2023,김해시
화물(소형),일진정공,일진무시동전기냉동탑차(포터),1444,732.0,2176.0,2023년도 전기자동차 김해시 모델별 보조금,2023,김해시
화물(소형),루트17,다니고밴,784,392.0,1176.0,2023년도 전기자동차 김해시 모델별 보조금,2023,김해시
화물(소형),루트17,다니고C(0.8톤 전기트럭),1112,556.0,1668.0,2023년도 전기자동차 김해시 모델별 보조금,2023,김해시
화물(소형),루트17,다니고C2(0.8톤 전기트럭),909,454.0,1363.0,2023년도 전기자동차 김해시 모델별 보조금,2023,김해시
화물(소형),루트17,다니고R(전기냉동탑차),1313,666.0,1979.0,2023년도 전기자동차 김해시 모델별 보조금,2023,김해시
화물(소형),루트17,다니고R2(무시동 전기냉동탑차),1212,614.0,1826.0,2023년도 전기자동차 김해시 모델별 보조금,2023,김해시
화물(소형),한신자동차,플러스2.0,648,324.0,972.0,2023년도 전기자동차 김해시 모델별 보조금,2023,김해시
화물(소형),비바모빌리티,(단종)비바,932,466.0,1398.0,2023년도 전기자동차 김해시 모델별 보조금,2023,김해시
화물(소형),비바모빌리티,(단종)브라보,802,402.0,1204.0,2023년도 전기자동차 김해시 모델별 보조금,2023,김해시
화물(소형),이브이케이엠씨,(단종)MASADA 2밴,1124,562.0,1686.0,2023년도 전기자동차 김해시 모델별 보조금,2023,김해시
화물(소형),이브이케이엠씨,(단종)MASADA 4밴,1025,512.0,1537.0,2023년도 전기자동차 김해시 모델별 보조금,2023,김해시
화물(소형),이브이케이엠씨,MASADA 픽업,1078,540.0,1618.0,2023년도 전기자동차 김해시 모델별 보조금,2023,김해시
화물(소형),이브이케이엠씨,MASADA 3세대 2밴,1124,562.0,1686.0,2023년도 전기자동차 김해시 모델별 보조금,2023,김해시
화물(소형),이브이케이엠씨,MASADA 3세대 4밴,1025,512.0,1537.0,2023년도 전기자동차 김해시 모델별 보조금,2023,김해시
화물(소형),이브이케이엠씨,MASADA 2밴,1200,600.0,1800.0,2023년도 전기자동차 김해시 모델별 보조금,2023,김해시
화물(소형),경인모터스,경인1톤전기냉동탑차,1151,584.0,1735.0,2023년도 전기자동차 김해시 모델별 보조금,2023,김해시
화물(소형),제이스모빌리티,(단종)이티밴,1200,600.0,1800.0,2023년도 전기자동차 김해시 모델별 보조금,2023,김해시
화물(소형),제이스모빌리티,이티밴,1200,600.0,1800.0,2023년도 전기자동차 김해시 모델별 보조금,2023,김해시
화물(소형),제이스모빌리티,이티4밴,1180,590.0,1770.0,2023년도 전기자동차 김해시 모델별 보조금,2023,김해시
화물(소형),오텍,오텍 무시동 전기 냉동탑차(봉고),1253,636.0,1889.0,2023년도 전기자동차 김해시 모델별 보조금,2023,김해시
화물(소형),이엔플러스,이엔1톤롱바디카고,959,480.0,1439.0,2023년도 전기자동차 김해시 모델별 보조금,2023,김해시
화물(소형),이엔플러스,이엔플러스EV1톤롱바디트럭,1009,504.0,1513.0,2023년도 전기자동차 김해시 모델별 보조금,2023,김해시
화물(소형),GS글로벌,T4K,1200,600.0,1800.0,2023년도 전기자동차 김해시 모델별 보조금,2023,김해시
화물(소형),에스에스라이트,젤라,986,494.0,1480.0,2023년도 전기자동차 김해시 모델별 보조금,2023,김해시
화물(소형),에스에스라이트,젤라 P200,1177,588.0,1765.0,2023년도 전기자동차 김해시 모델별 보조금,2023,김해시
화물(소형),한국쓰리축,한국쓰리축1톤롱바디EV트럭(봉고),943,0.0,943.0,2023년도 전기자동차 김해시 모델별 보조금,2023,김해시
화물(소형),한국쓰리축,한국쓰리축1톤롱바디EV트럭(포터),963,0.0,963.0,2023년도 전기자동차 김해시 모델별 보조금,2023,김해시
화물(소형),모빌리티네트웍스,SE-A2밴,1200,600.0,1800.0,2023년도 전기자동차 김해시 모델별 보조금,2023,김해시
화물(초소형),스마트솔루션즈,D2C,550,260.0,810.0,2023년도 전기자동차 밀양시 모델별 보조금,2023,밀양시
화물(초소형),스마트솔루션즈,D2P,550,260.0,810.0,2023년도 전기자동차 밀양시 모델별 보조금,2023,밀양시
화물(초소형),루트17,다니고3,550,260.0,810.0,2023년도 전기자동차 밀양시 모델별 보조금,2023,밀양시
화물(초소형),루트17,다니고3 픽업,550,260.0,810.0,2023년도 전기자동차 밀양시 모델별 보조금,2023,밀양시
화물(초소형),마스타전기차,MASTA VAN,550,260.0,810.0,2023년도 전기자동차 밀양시 모델별 보조금,2023,밀양시
화물(초소형),마스타전기차,MASTA HIM,550,260.0,810.0,2023년도 전기자동차 밀양시 모델별 보조금,2023,밀양시
화물(초소형),디피코,포트로-탑,550,260.0,810.0,2023년도 전기자동차 밀양시 모델별 보조금,2023,밀양시
화물(초소형),디피코,포트로-픽업,550,260.0,810.0,2023년도 전기자동차 밀양시 모델별 보조금,2023,밀양시
화물(초소형),디피코,포트로-탑S,550,260.0,810.0,2023년도 전기자동차 밀양시 모델별 보조금,2023,밀양시
화물(초소형),디피코,포트로-픽업S,550,260.0,810.0,2023년도 전기자동차 밀양시 모델별 보조금,2023,밀양시
화물(초소형),진우에스엠씨,포텐스,550,233.0,783.0,2023년도 전기자동차 밀양시 모델별 보조금,2023,밀양시
화물(경형),파워프라자,라보ev PEACE,900,440.0,1340.0,2023년도 전기자동차 밀양시 모델별 보조금,2023,밀양시
화물(경형),디피코,포트로350L-탑,900,440.0,1340.0,2023년도 전기자동차 밀양시 모델별 보조금,2023,밀양시
화물(경형),디피코,포트로350L-픽업,900,440.0,1340.0,2023년도 전기자동차 밀양시 모델별 보조금,2023,밀양시
화물(소형),제인모터스,제인모터스칼마토EV1톤내장탑차,498,249.0,747.0,2023년도 전기자동차 밀양시 모델별 보조금,2023,밀양시
화물(소형),파워프라자,봉고3ev PEACE,536,268.0,804.0,2023년도 전기자동차 밀양시 모델별 보조금,2023,밀양시
화물(소형),파워프라자,봉고3ev PEACE 더블캡,437,218.0,655.0,2023년도 전기자동차 밀양시 모델별 보조금,2023,밀양시
화물(소형),현대자동차,포터Ⅱ 일렉트릭(23MY),1200,600.0,1800.0,2023년도 전기자동차 밀양시 모델별 보조금,2023,밀양시
화물(소형),현대자동차,포터Ⅱ 일렉트릭(24MY),1200,600.0,1800.0,2023년도 전기자동차 밀양시 모델별 보조금,2023,밀양시
화물(소형),기아,봉고 전기차,1200,600.0,1800.0,2023년도 전기자동차 밀양시 모델별 보조금,2023,밀양시
화물(소형),기아,봉고 전기차 냉동탑차,1400,710.0,2110.0,2023년도 전기자동차 밀양시 모델별 보조금,2023,밀양시
화물(소형),기아,봉고 전기차 저상형 냉동탑차,1400,710.0,2110.0,2023년도 전기자동차 밀양시 모델별 보조금,2023,밀양시
화물(소형),일진정공,일진무시동전기냉동탑차(149.9km),1053,534.0,1587.0,2023년도 전기자동차 밀양시 모델별 보조금,2023,밀양시
화물(소형),일진정공,일진무시동전기냉동탑차(186.1km),1321,670.0,1991.0,2023년도 전기자동차 밀양시 모델별 보조금,2023,밀양시
화물(소형),일진정공,일진무시동전기냉동탑차(봉고),1460,740.0,2200.0,2023년도 전기자동차 밀양시 모델별 보조금,2023,밀양시
화물(소형),일진정공,일진무시동전기냉동탑차(포터),1444,732.0,2176.0,2023년도 전기자동차 밀양시 모델별 보조금,2023,밀양시
화물(소형),루트17,다니고밴,784,392.0,1176.0,2023년도 전기자동차 밀양시 모델별 보조금,2023,밀양시
화물(소형),루트17,다니고C(0.8톤 전기트럭),1112,556.0,1668.0,2023년도 전기자동차 밀양시 모델별 보조금,2023,밀양시
화물(소형),루트17,다니고C2(0.8톤 전기트럭),909,454.0,1363.0,2023년도 전기자동차 밀양시 모델별 보조금,2023,밀양시
화물(소형),루트17,다니고R(전기냉동탑차),1313,666.0,1979.0,2023년도 전기자동차 밀양시 모델별 보조금,2023,밀양시
화물(소형),루트17,다니고R2(무시동 전기냉동탑차),1212,614.0,1826.0,2023년도 전기자동차 밀양시 모델별 보조금,2023,밀양시
화물(소형),한신자동차,플러스2.0,648,324.0,972.0,2023년도 전기자동차 밀양시 모델별 보조금,2023,밀양시
화물(소형),비바모빌리티,(단종)비바,932,466.0,1398.0,2023년도 전기자동차 밀양시 모델별 보조금,2023,밀양시
화물(소형),비바모빌리티,(단종)브라보,802,402.0,1204.0,2023년도 전기자동차 밀양시 모델별 보조금,2023,밀양시
화물(소형),이브이케이엠씨,(단종)MASADA 2밴,1124,562.0,1686.0,2023년도 전기자동차 밀양시 모델별 보조금,2023,밀양시
화물(소형),이브이케이엠씨,(단종)MASADA 4밴,1025,512.0,1537.0,2023년도 전기자동차 밀양시 모델별 보조금,2023,밀양시
화물(소형),이브이케이엠씨,MASADA 픽업,1078,539.0,1617.0,2023년도 전기자동차 밀양시 모델별 보조금,2023,밀양시
화물(소형),이브이케이엠씨,MASADA 3세대 2밴,1124,562.0,1686.0,2023년도 전기자동차 밀양시 모델별 보조금,2023,밀양시
화물(소형),이브이케이엠씨,MASADA 3세대 4밴,1025,512.0,1537.0,2023년도 전기자동차 밀양시 모델별 보조금,2023,밀양시
화물(소형),이브이케이엠씨,MASADA 2밴,1200,600.0,1800.0,2023년도 전기자동차 밀양시 모델별 보조금,2023,밀양시
화물(소형),이브이케이엠씨,MASADA 4밴,1200,600.0,1800.0,2023년도 전기자동차 밀양시 모델별 보조금,2023,밀양시
화물(소형),경인모터스,경인1톤전기냉동탑차,1151,584.0,1735.0,2023년도 전기자동차 밀양시 모델별 보조금,2023,밀양시
화물(소형),제이스모빌리티,(단종)이티밴,1200,600.0,1800.0,2023년도 전기자동차 밀양시 모델별 보조금,2023,밀양시
화물(소형),제이스모빌리티,이티밴,1200,600.0,1800.0,2023년도 전기자동차 밀양시 모델별 보조금,2023,밀양시
화물(소형),제이스모빌리티,이티4밴,1180,590.0,1770.0,2023년도 전기자동차 밀양시 모델별 보조금,2023,밀양시
화물(소형),오텍,오텍 무시동 전기 냉동탑차(봉고),1253,636.0,1889.0,2023년도 전기자동차 밀양시 모델별 보조금,2023,밀양시
화물(소형),이엔플러스,이엔1톤롱바디카고,959,479.0,1438.0,2023년도 전기자동차 밀양시 모델별 보조금,2023,밀양시
화물(소형),이엔플러스,이엔플러스EV1톤롱바디트럭,1009,504.0,1513.0,2023년도 전기자동차 밀양시 모델별 보조금,2023,밀양시
화물(소형),GS글로벌,T4K,1200,600.0,1800.0,2023년도 전기자동차 밀양시 모델별 보조금,2023,밀양시
화물(소형),에스에스라이트,젤라,986,493.0,1479.0,2023년도 전기자동차 밀양시 모델별 보조금,2023,밀양시
화물(소형),에스에스라이트,젤라 P200,1177,588.0,1765.0,2023년도 전기자동차 밀양시 모델별 보조금,2023,밀양시
화물(소형),한국쓰리축,한국쓰리축1톤롱바디EV트럭(봉고),943,471.0,1414.0,2023년도 전기자동차 밀양시 모델별 보조금,2023,밀양시
화물(소형),한국쓰리축,한국쓰리축1톤롱바디EV트럭(포터),963,481.0,1444.0,2023년도 전기자동차 밀양시 모델별 보조금,2023,밀양시
화물(소형),모빌리티네트웍스,SE-A2밴,1200,600.0,1800.0,2023년도 전기자동차 밀양시 모델별 보조금,2023,밀양시
화물(초소형),스마트솔루션즈,D2C,550,260.0,810.0,2023년도 전기자동차 거제시 모델별 보조금,2023,거제시
화물(초소형),스마트솔루션즈,D2P,550,260.0,810.0,2023년도 전기자동차 거제시 모델별 보조금,2023,거제시
화물(초소형),루트17,다니고3,550,260.0,810.0,2023년도 전기자동차 거제시 모델별 보조금,2023,거제시
화물(초소형),루트17,다니고3 픽업,550,260.0,810.0,2023년도 전기자동차 거제시 모델별 보조금,2023,거제시
화물(초소형),마스타전기차,MASTA VAN,550,260.0,810.0,2023년도 전기자동차 거제시 모델별 보조금,2023,거제시
화물(초소형),마스타전기차,MASTA HIM,550,260.0,810.0,2023년도 전기자동차 거제시 모델별 보조금,2023,거제시
화물(초소형),디피코,포트로-탑,550,260.0,810.0,2023년도 전기자동차 거제시 모델별 보조금,2023,거제시
화물(초소형),디피코,포트로-픽업,550,260.0,810.0,2023년도 전기자동차 거제시 모델별 보조금,2023,거제시
화물(초소형),디피코,포트로-탑S,550,260.0,810.0,2023년도 전기자동차 거제시 모델별 보조금,2023,거제시
화물(초소형),디피코,포트로-픽업S,550,260.0,810.0,2023년도 전기자동차 거제시 모델별 보조금,2023,거제시
화물(초소형),진우에스엠씨,포텐스,550,260.0,810.0,2023년도 전기자동차 거제시 모델별 보조금,2023,거제시
화물(경형),파워프라자,라보ev PEACE,900,440.0,1340.0,2023년도 전기자동차 거제시 모델별 보조금,2023,거제시
화물(경형),디피코,포트로350L-탑,900,440.0,1340.0,2023년도 전기자동차 거제시 모델별 보조금,2023,거제시
화물(경형),디피코,포트로350L-픽업,900,440.0,1340.0,2023년도 전기자동차 거제시 모델별 보조금,2023,거제시
화물(소형),제인모터스,제인모터스칼마토EV1톤내장탑차,498,250.0,748.0,2023년도 전기자동차 거제시 모델별 보조금,2023,거제시
화물(소형),파워프라자,봉고3ev PEACE,536,268.0,804.0,2023년도 전기자동차 거제시 모델별 보조금,2023,거제시
화물(소형),파워프라자,봉고3ev PEACE 더블캡,437,218.0,655.0,2023년도 전기자동차 거제시 모델별 보조금,2023,거제시
화물(소형),현대자동차,포터Ⅱ 일렉트릭(24MY),1200,600.0,1800.0,2023년도 전기자동차 거제시 모델별 보조금,2023,거제시
화물(소형),기아,봉고 전기차,1200,600.0,1800.0,2023년도 전기자동차 거제시 모델별 보조금,2023,거제시
화물(소형),기아,봉고 전기차 냉동탑차,1400,710.0,2110.0,2023년도 전기자동차 거제시 모델별 보조금,2023,거제시
화물(소형),기아,봉고 전기차 저상형 냉동탑차,1400,710.0,2110.0,2023년도 전기자동차 거제시 모델별 보조금,2023,거제시
화물(소형),일진정공,일진무시동전기냉동탑차(149.9km),1053,534.0,1587.0,2023년도 전기자동차 거제시 모델별 보조금,2023,거제시
화물(소형),일진정공,일진무시동전기냉동탑차(186.1km),1321,670.0,1991.0,2023년도 전기자동차 거제시 모델별 보조금,2023,거제시
화물(소형),일진정공,일진무시동전기냉동탑차(봉고),1460,740.0,2200.0,2023년도 전기자동차 거제시 모델별 보조금,2023,거제시
화물(소형),일진정공,일진무시동전기냉동탑차(포터),1444,732.0,2176.0,2023년도 전기자동차 거제시 모델별 보조금,2023,거제시
화물(소형),루트17,다니고밴,784,392.0,1176.0,2023년도 전기자동차 거제시 모델별 보조금,2023,거제시
화물(소형),루트17,다니고C(0.8톤 전기트럭),1112,556.0,1668.0,2023년도 전기자동차 거제시 모델별 보조금,2023,거제시
화물(소형),루트17,다니고C2(0.8톤 전기트럭),909,454.0,1363.0,2023년도 전기자동차 거제시 모델별 보조금,2023,거제시
화물(소형),루트17,다니고R(전기냉동탑차),1313,466.0,1779.0,2023년도 전기자동차 거제시 모델별 보조금,2023,거제시
화물(소형),루트17,다니고R2(무시동 전기냉동탑차),1212,614.0,1826.0,2023년도 전기자동차 거제시 모델별 보조금,2023,거제시
화물(소형),한신자동차,플러스2.0,648,324.0,972.0,2023년도 전기자동차 거제시 모델별 보조금,2023,거제시
화물(소형),비바모빌리티,(단종)비바,932,466.0,1398.0,2023년도 전기자동차 거제시 모델별 보조금,2023,거제시
화물(소형),비바모빌리티,(단종)브라보,802,402.0,1204.0,2023년도 전기자동차 거제시 모델별 보조금,2023,거제시
화물(소형),이브이케이엠씨,(단종)MASADA 2밴,1124,562.0,1686.0,2023년도 전기자동차 거제시 모델별 보조금,2023,거제시
화물(소형),이브이케이엠씨,(단종)MASADA 4밴,1025,512.0,1537.0,2023년도 전기자동차 거제시 모델별 보조금,2023,거제시
화물(소형),이브이케이엠씨,MASADA 픽업,1078,540.0,1618.0,2023년도 전기자동차 거제시 모델별 보조금,2023,거제시
화물(소형),이브이케이엠씨,MASADA 3세대 2밴,1124,562.0,1686.0,2023년도 전기자동차 거제시 모델별 보조금,2023,거제시
화물(소형),이브이케이엠씨,MASADA 3세대 4밴,1025,512.0,1537.0,2023년도 전기자동차 거제시 모델별 보조금,2023,거제시
화물(소형),이브이케이엠씨,MASADA 2밴,1200,600.0,1800.0,2023년도 전기자동차 거제시 모델별 보조금,2023,거제시
화물(소형),이브이케이엠씨,MASADA 4밴,1200,600.0,1800.0,2023년도 전기자동차 거제시 모델별 보조금,2023,거제시
화물(소형),경인모터스,경인1톤전기냉동탑차,1151,584.0,1735.0,2023년도 전기자동차 거제시 모델별 보조금,2023,거제시
화물(소형),제이스모빌리티,(단종)이티밴,1200,600.0,1800.0,2023년도 전기자동차 거제시 모델별 보조금,2023,거제시
화물(소형),제이스모빌리티,이티4밴,1180,590.0,1770.0,2023년도 전기자동차 거제시 모델별 보조금,2023,거제시
화물(소형),오텍,오텍 무시동 전기 냉동탑차(봉고),1253,636.0,1889.0,2023년도 전기자동차 거제시 모델별 보조금,2023,거제시
화물(소형),이엔플러스,이엔1톤롱바디카고,959,480.0,1439.0,2023년도 전기자동차 거제시 모델별 보조금,2023,거제시
화물(소형),이엔플러스,이엔플러스EV1톤롱바디트럭,1009,504.0,1513.0,2023년도 전기자동차 거제시 모델별 보조금,2023,거제시
화물(소형),GS글로벌,T4K,1200,600.0,1800.0,2023년도 전기자동차 거제시 모델별 보조금,2023,거제시
화물(소형),에스에스라이트,젤라,986,494.0,1480.0,2023년도 전기자동차 거제시 모델별 보조금,2023,거제시
화물(소형),에스에스라이트,젤라 P200,1177,588.0,1765.0,2023년도 전기자동차 거제시 모델별 보조금,2023,거제시
화물(소형),한국쓰리축,한국쓰리축1톤롱바디EV트럭(봉고),943,472.0,1415.0,2023년도 전기자동차 거제시 모델별 보조금,2023,거제시
화물(소형),한국쓰리축,한국쓰리축1톤롱바디EV트럭(포터),963,482.0,1445.0,2023년도 전기자동차 거제시 모델별 보조금,2023,거제시
화물(소형),모빌리티네트웍스,SE-A2밴,1200,600.0,1800.0,2023년도 전기자동차 거제시 모델별 보조금,2023,거제시
화물(초소형),스마트솔루션즈,D2C,550,260.0,810.0,2023년도 전기자동차 양산시 모델별 보조금,2023,양산시
화물(초소형),스마트솔루션즈,D2P,550,260.0,810.0,2023년도 전기자동차 양산시 모델별 보조금,2023,양산시
화물(초소형),루트17,다니고3,550,260.0,810.0,2023년도 전기자동차 양산시 모델별 보조금,2023,양산시
화물(초소형),루트17,다니고3 픽업,550,260.0,810.0,2023년도 전기자동차 양산시 모델별 보조금,2023,양산시
화물(초소형),마스타전기차,MASTA VAN,550,260.0,810.0,2023년도 전기자동차 양산시 모델별 보조금,2023,양산시
화물(초소형),마스타전기차,MASTA HIM,550,260.0,810.0,2023년도 전기자동차 양산시 모델별 보조금,2023,양산시
화물(초소형),디피코,포트로-탑,550,260.0,810.0,2023년도 전기자동차 양산시 모델별 보조금,2023,양산시
화물(초소형),디피코,포트로-픽업,550,260.0,810.0,2023년도 전기자동차 양산시 모델별 보조금,2023,양산시
화물(초소형),디피코,포트로-탑S,550,260.0,810.0,2023년도 전기자동차 양산시 모델별 보조금,2023,양산시
화물(초소형),디피코,포트로-픽업S,550,260.0,810.0,2023년도 전기자동차 양산시 모델별 보조금,2023,양산시
화물(초소형),진우에스엠씨,포텐스,550,260.0,810.0,2023년도 전기자동차 양산시 모델별 보조금,2023,양산시
화물(경형),파워프라자,라보ev PEACE,900,440.0,1340.0,2023년도 전기자동차 양산시 모델별 보조금,2023,양산시
화물(경형),디피코,포트로350L-탑,900,440.0,1340.0,2023년도 전기자동차 양산시 모델별 보조금,2023,양산시
화물(경형),디피코,포트로350L-픽업,900,440.0,1340.0,2023년도 전기자동차 양산시 모델별 보조금,2023,양산시
화물(소형),제인모터스,제인모터스칼마토EV1톤내장탑차,498,250.0,748.0,2023년도 전기자동차 양산시 모델별 보조금,2023,양산시
화물(소형),파워프라자,봉고3ev PEACE,536,268.0,804.0,2023년도 전기자동차 양산시 모델별 보조금,2023,양산시
화물(소형),파워프라자,봉고3ev PEACE 더블캡,437,218.0,655.0,2023년도 전기자동차 양산시 모델별 보조금,2023,양산시
화물(소형),현대자동차,포터Ⅱ 일렉트릭(23MY),1200,600.0,1800.0,2023년도 전기자동차 양산시 모델별 보조금,2023,양산시
화물(소형),현대자동차,포터Ⅱ 일렉트릭(24MY),1200,600.0,1800.0,2023년도 전기자동차 양산시 모델별 보조금,2023,양산시
화물(소형),기아,봉고 전기차,1200,600.0,1800.0,2023년도 전기자동차 양산시 모델별 보조금,2023,양산시
화물(소형),기아,봉고 전기차 냉동탑차,1400,710.0,2110.0,2023년도 전기자동차 양산시 모델별 보조금,2023,양산시
화물(소형),기아,봉고 전기차 저상형 냉동탑차,1400,710.0,2110.0,2023년도 전기자동차 양산시 모델별 보조금,2023,양산시
화물(소형),일진정공,일진무시동전기냉동탑차(149.9km),1053,534.0,1587.0,2023년도 전기자동차 양산시 모델별 보조금,2023,양산시
화물(소형),일진정공,일진무시동전기냉동탑차(186.1km),1321,670.0,1991.0,2023년도 전기자동차 양산시 모델별 보조금,2023,양산시
화물(소형),일진정공,일진무시동전기냉동탑차(봉고),1460,740.0,2200.0,2023년도 전기자동차 양산시 모델별 보조금,2023,양산시
화물(소형),일진정공,일진무시동전기냉동탑차(포터),1444,732.0,2176.0,2023년도 전기자동차 양산시 모델별 보조금,2023,양산시
화물(소형),루트17,다니고밴,784,392.0,1176.0,2023년도 전기자동차 양산시 모델별 보조금,2023,양산시
화물(소형),루트17,다니고C(0.8톤 전기트럭),1112,556.0,1668.0,2023년도 전기자동차 양산시 모델별 보조금,2023,양산시
화물(소형),루트17,다니고C2(0.8톤 전기트럭),909,454.0,1363.0,2023년도 전기자동차 양산시 모델별 보조금,2023,양산시
화물(소형),루트17,다니고R(전기냉동탑차),1313,666.0,1979.0,2023년도 전기자동차 양산시 모델별 보조금,2023,양산시
화물(소형),루트17,다니고R2(무시동 전기냉동탑차),1212,614.0,1826.0,2023년도 전기자동차 양산시 모델별 보조금,2023,양산시
화물(소형),한신자동차,플러스2.0,648,324.0,972.0,2023년도 전기자동차 양산시 모델별 보조금,2023,양산시
화물(소형),비바모빌리티,(단종)비바,932,466.0,1398.0,2023년도 전기자동차 양산시 모델별 보조금,2023,양산시
화물(소형),비바모빌리티,(단종)브라보,802,402.0,1204.0,2023년도 전기자동차 양산시 모델별 보조금,2023,양산시
화물(소형),이브이케이엠씨,(단종)MASADA 2밴,1124,562.0,1686.0,2023년도 전기자동차 양산시 모델별 보조금,2023,양산시
화물(소형),이브이케이엠씨,(단종)MASADA 4밴,1025,512.0,1537.0,2023년도 전기자동차 양산시 모델별 보조금,2023,양산시
화물(소형),이브이케이엠씨,MASADA 픽업,1078,540.0,1618.0,2023년도 전기자동차 양산시 모델별 보조금,2023,양산시
화물(소형),이브이케이엠씨,MASADA 3세대 2밴,1124,562.0,1686.0,2023년도 전기자동차 양산시 모델별 보조금,2023,양산시
화물(소형),이브이케이엠씨,MASADA 3세대 4밴,1025,512.0,1537.0,2023년도 전기자동차 양산시 모델별 보조금,2023,양산시
화물(소형),이브이케이엠씨,MASADA 2밴,1200,600.0,1800.0,2023년도 전기자동차 양산시 모델별 보조금,2023,양산시
화물(소형),이브이케이엠씨,MASADA 4밴,1200,600.0,1800.0,2023년도 전기자동차 양산시 모델별 보조금,2023,양산시
화물(소형),경인모터스,경인1톤전기냉동탑차,1151,584.0,1735.0,2023년도 전기자동차 양산시 모델별 보조금,2023,양산시
화물(소형),제이스모빌리티,(단종)이티밴,1200,600.0,1800.0,2023년도 전기자동차 양산시 모델별 보조금,2023,양산시
화물(소형),제이스모빌리티,이티밴,1200,600.0,1800.0,2023년도 전기자동차 양산시 모델별 보조금,2023,양산시
화물(소형),제이스모빌리티,이티4밴,1180,590.0,1770.0,2023년도 전기자동차 양산시 모델별 보조금,2023,양산시
화물(소형),오텍,오텍 무시동 전기 냉동탑차(봉고),1253,636.0,1889.0,2023년도 전기자동차 양산시 모델별 보조금,2023,양산시
화물(소형),이엔플러스,이엔1톤롱바디카고,959,480.0,1439.0,2023년도 전기자동차 양산시 모델별 보조금,2023,양산시
화물(소형),이엔플러스,이엔플러스EV1톤롱바디트럭,1009,504.0,1513.0,2023년도 전기자동차 양산시 모델별 보조금,2023,양산시
화물(소형),GS글로벌,T4K,1200,600.0,1800.0,2023년도 전기자동차 양산시 모델별 보조금,2023,양산시
화물(소형),에스에스라이트,젤라,986,494.0,1480.0,2023년도 전기자동차 양산시 모델별 보조금,2023,양산시
화물(소형),에스에스라이트,젤라 P200,1177,588.0,1765.0,2023년도 전기자동차 양산시 모델별 보조금,2023,양산시
화물(소형),한국쓰리축,한국쓰리축1톤롱바디EV트럭(봉고),943,472.0,1415.0,2023년도 전기자동차 양산시 모델별 보조금,2023,양산시
화물(소형),한국쓰리축,한국쓰리축1톤롱바디EV트럭(포터),963,482.0,1445.0,2023년도 전기자동차 양산시 모델별 보조금,2023,양산시
화물(소형),모빌리티네트웍스,SE-A2밴,1200,600.0,1800.0,2023년도 전기자동차 양산시 모델별 보조금,2023,양산시
화물(초소형),스마트솔루션즈,D2C,550,260.0,810.0,2023년도 전기자동차 의령군 모델별 보조금,2023,의령군
화물(초소형),스마트솔루션즈,D2P,550,260.0,810.0,2023년도 전기자동차 의령군 모델별 보조금,2023,의령군
화물(초소형),루트17,다니고3,550,260.0,810.0,2023년도 전기자동차 의령군 모델별 보조금,2023,의령군
화물(초소형),루트17,다니고3 픽업,550,260.0,810.0,2023년도 전기자동차 의령군 모델별 보조금,2023,의령군
화물(초소형),마스타전기차,MASTA VAN,550,260.0,810.0,2023년도 전기자동차 의령군 모델별 보조금,2023,의령군
화물(초소형),마스타전기차,MASTA HIM,550,260.0,810.0,2023년도 전기자동차 의령군 모델별 보조금,2023,의령군
화물(초소형),디피코,포트로-탑,550,260.0,810.0,2023년도 전기자동차 의령군 모델별 보조금,2023,의령군
화물(초소형),디피코,포트로-픽업,550,260.0,810.0,2023년도 전기자동차 의령군 모델별 보조금,2023,의령군
화물(초소형),디피코,포트로-탑S,550,260.0,810.0,2023년도 전기자동차 의령군 모델별 보조금,2023,의령군
화물(초소형),디피코,포트로-픽업S,550,260.0,810.0,2023년도 전기자동차 의령군 모델별 보조금,2023,의령군
화물(초소형),진우에스엠씨,포텐스,550,260.0,810.0,2023년도 전기자동차 의령군 모델별 보조금,2023,의령군
화물(경형),파워프라자,라보ev PEACE,900,440.0,1340.0,2023년도 전기자동차 의령군 모델별 보조금,2023,의령군
화물(경형),디피코,포트로350L-탑,900,440.0,1340.0,2023년도 전기자동차 의령군 모델별 보조금,2023,의령군
화물(경형),디피코,포트로350L-픽업,900,440.0,1340.0,2023년도 전기자동차 의령군 모델별 보조금,2023,의령군
화물(소형),제인모터스,제인모터스칼마토EV1톤내장탑차,498,249.0,747.0,2023년도 전기자동차 의령군 모델별 보조금,2023,의령군
화물(소형),파워프라자,봉고3ev PEACE,536,268.0,804.0,2023년도 전기자동차 의령군 모델별 보조금,2023,의령군
화물(소형),파워프라자,봉고3ev PEACE 더블캡,437,218.0,655.0,2023년도 전기자동차 의령군 모델별 보조금,2023,의령군
화물(소형),현대자동차,포터Ⅱ 일렉트릭(24MY),1200,600.0,1800.0,2023년도 전기자동차 의령군 모델별 보조금,2023,의령군
화물(소형),기아,봉고 전기차,1200,600.0,1800.0,2023년도 전기자동차 의령군 모델별 보조금,2023,의령군
화물(소형),기아,봉고 전기차 냉동탑차,1400,710.0,2110.0,2023년도 전기자동차 의령군 모델별 보조금,2023,의령군
화물(소형),기아,봉고 전기차 저상형 냉동탑차,1400,710.0,2110.0,2023년도 전기자동차 의령군 모델별 보조금,2023,의령군
화물(소형),일진정공,일진무시동전기냉동탑차(149.9km),1053,526.0,1579.0,2023년도 전기자동차 의령군 모델별 보조금,2023,의령군
화물(소형),일진정공,일진무시동전기냉동탑차(186.1km),1321,670.0,1991.0,2023년도 전기자동차 의령군 모델별 보조금,2023,의령군
화물(소형),일진정공,일진무시동전기냉동탑차(봉고),1460,740.0,2200.0,2023년도 전기자동차 의령군 모델별 보조금,2023,의령군
화물(소형),일진정공,일진무시동전기냉동탑차(포터),1444,732.0,2176.0,2023년도 전기자동차 의령군 모델별 보조금,2023,의령군
화물(소형),루트17,다니고밴,784,392.0,1176.0,2023년도 전기자동차 의령군 모델별 보조금,2023,의령군
화물(소형),루트17,다니고C(0.8톤 전기트럭),1112,556.0,1668.0,2023년도 전기자동차 의령군 모델별 보조금,2023,의령군
화물(소형),루트17,다니고C2(0.8톤 전기트럭),909,454.0,1363.0,2023년도 전기자동차 의령군 모델별 보조금,2023,의령군
화물(소형),루트17,다니고R(전기냉동탑차),1313,666.0,1979.0,2023년도 전기자동차 의령군 모델별 보조금,2023,의령군
화물(소형),루트17,다니고R2(무시동 전기냉동탑차),1212,614.0,1826.0,2023년도 전기자동차 의령군 모델별 보조금,2023,의령군
화물(소형),한신자동차,플러스2.0,648,324.0,972.0,2023년도 전기자동차 의령군 모델별 보조금,2023,의령군
화물(소형),비바모빌리티,(단종)비바,932,466.0,1398.0,2023년도 전기자동차 의령군 모델별 보조금,2023,의령군
화물(소형),비바모빌리티,(단종)브라보,802,401.0,1203.0,2023년도 전기자동차 의령군 모델별 보조금,2023,의령군
화물(소형),이브이케이엠씨,(단종)MASADA 2밴,1124,562.0,1686.0,2023년도 전기자동차 의령군 모델별 보조금,2023,의령군
화물(소형),이브이케이엠씨,(단종)MASADA 4밴,1025,512.0,1537.0,2023년도 전기자동차 의령군 모델별 보조금,2023,의령군
화물(소형),이브이케이엠씨,MASADA 픽업,1078,539.0,1617.0,2023년도 전기자동차 의령군 모델별 보조금,2023,의령군
화물(소형),이브이케이엠씨,MASADA 3세대 2밴,1124,562.0,1686.0,2023년도 전기자동차 의령군 모델별 보조금,2023,의령군
화물(소형),이브이케이엠씨,MASADA 3세대 4밴,1025,512.0,1537.0,2023년도 전기자동차 의령군 모델별 보조금,2023,의령군
화물(소형),이브이케이엠씨,MASADA 2밴,1200,600.0,1800.0,2023년도 전기자동차 의령군 모델별 보조금,2023,의령군
화물(소형),이브이케이엠씨,MASADA 4밴,1200,600.0,1800.0,2023년도 전기자동차 의령군 모델별 보조금,2023,의령군
화물(소형),경인모터스,경인1톤전기냉동탑차,1151,575.0,1726.0,2023년도 전기자동차 의령군 모델별 보조금,2023,의령군
화물(소형),제이스모빌리티,(단종)이티밴,1200,600.0,1800.0,2023년도 전기자동차 의령군 모델별 보조금,2023,의령군
화물(소형),제이스모빌리티,이티4밴,1180,590.0,1770.0,2023년도 전기자동차 의령군 모델별 보조금,2023,의령군
화물(소형),오텍,오텍 무시동 전기 냉동탑차(봉고),1253,636.0,1889.0,2023년도 전기자동차 의령군 모델별 보조금,2023,의령군
화물(소형),이엔플러스,이엔1톤롱바디카고,959,479.0,1438.0,2023년도 전기자동차 의령군 모델별 보조금,2023,의령군
화물(소형),이엔플러스,이엔플러스EV1톤롱바디트럭,1009,504.0,1513.0,2023년도 전기자동차 의령군 모델별 보조금,2023,의령군
화물(소형),GS글로벌,T4K,1200,600.0,1800.0,2023년도 전기자동차 의령군 모델별 보조금,2023,의령군
화물(소형),에스에스라이트,젤라,986,493.0,1479.0,2023년도 전기자동차 의령군 모델별 보조금,2023,의령군
화물(소형),에스에스라이트,젤라 P200,1177,588.0,1765.0,2023년도 전기자동차 의령군 모델별 보조금,2023,의령군
화물(소형),한국쓰리축,한국쓰리축1톤롱바디EV트럭(봉고),943,471.0,1414.0,2023년도 전기자동차 의령군 모델별 보조금,2023,의령군
화물(소형),한국쓰리축,한국쓰리축1톤롱바디EV트럭(포터),963,481.0,1444.0,2023년도 전기자동차 의령군 모델별 보조금,2023,의령군
화물(소형),모빌리티네트웍스,SE-A2밴,1200,600.0,1800.0,2023년도 전기자동차 의령군 모델별 보조금,2023,의령군
화물(초소형),스마트솔루션즈,D2C,550,260.0,810.0,2023년도 전기자동차 함안군 모델별 보조금,2023,함안군
화물(초소형),스마트솔루션즈,D2P,550,260.0,810.0,2023년도 전기자동차 함안군 모델별 보조금,2023,함안군
화물(초소형),루트17,다니고3,550,260.0,810.0,2023년도 전기자동차 함안군 모델별 보조금,2023,함안군
화물(초소형),루트17,다니고3 픽업,550,260.0,810.0,2023년도 전기자동차 함안군 모델별 보조금,2023,함안군
화물(초소형),마스타전기차,MASTA VAN,550,260.0,810.0,2023년도 전기자동차 함안군 모델별 보조금,2023,함안군
화물(초소형),마스타전기차,MASTA HIM,550,260.0,810.0,2023년도 전기자동차 함안군 모델별 보조금,2023,함안군
화물(초소형),디피코,포트로-탑,550,260.0,810.0,2023년도 전기자동차 함안군 모델별 보조금,2023,함안군
화물(초소형),디피코,포트로-픽업,550,260.0,810.0,2023년도 전기자동차 함안군 모델별 보조금,2023,함안군
화물(초소형),디피코,포트로-탑S,550,260.0,810.0,2023년도 전기자동차 함안군 모델별 보조금,2023,함안군
화물(초소형),디피코,포트로-픽업S,550,260.0,810.0,2023년도 전기자동차 함안군 모델별 보조금,2023,함안군
화물(초소형),진우에스엠씨,포텐스,550,260.0,810.0,2023년도 전기자동차 함안군 모델별 보조금,2023,함안군
화물(경형),파워프라자,라보ev PEACE,900,440.0,1340.0,2023년도 전기자동차 함안군 모델별 보조금,2023,함안군
화물(경형),디피코,포트로350L-탑,900,0.0,900.0,2023년도 전기자동차 함안군 모델별 보조금,2023,함안군
화물(경형),디피코,포트로350L-픽업,900,0.0,900.0,2023년도 전기자동차 함안군 모델별 보조금,2023,함안군
화물(소형),제인모터스,제인모터스칼마토EV1톤내장탑차,498,250.0,748.0,2023년도 전기자동차 함안군 모델별 보조금,2023,함안군
화물(소형),파워프라자,봉고3ev PEACE,536,268.0,804.0,2023년도 전기자동차 함안군 모델별 보조금,2023,함안군
화물(소형),파워프라자,봉고3ev PEACE 더블캡,437,218.0,655.0,2023년도 전기자동차 함안군 모델별 보조금,2023,함안군
화물(소형),현대자동차,포터Ⅱ 일렉트릭(24MY),1200,600.0,1800.0,2023년도 전기자동차 함안군 모델별 보조금,2023,함안군
화물(소형),기아,봉고 전기차,1200,600.0,1800.0,2023년도 전기자동차 함안군 모델별 보조금,2023,함안군
화물(소형),기아,봉고 전기차 냉동탑차,1400,710.0,2110.0,2023년도 전기자동차 함안군 모델별 보조금,2023,함안군
화물(소형),기아,봉고 전기차 저상형 냉동탑차,1400,710.0,2110.0,2023년도 전기자동차 함안군 모델별 보조금,2023,함안군
화물(소형),일진정공,일진무시동전기냉동탑차(149.9km),1053,534.0,1587.0,2023년도 전기자동차 함안군 모델별 보조금,2023,함안군
화물(소형),일진정공,일진무시동전기냉동탑차(186.1km),1321,670.0,1991.0,2023년도 전기자동차 함안군 모델별 보조금,2023,함안군
화물(소형),일진정공,일진무시동전기냉동탑차(봉고),1460,740.0,2200.0,2023년도 전기자동차 함안군 모델별 보조금,2023,함안군
화물(소형),일진정공,일진무시동전기냉동탑차(포터),1444,732.0,2176.0,2023년도 전기자동차 함안군 모델별 보조금,2023,함안군
화물(소형),루트17,다니고밴,784,392.0,1176.0,2023년도 전기자동차 함안군 모델별 보조금,2023,함안군
화물(소형),루트17,다니고C(0.8톤 전기트럭),1112,556.0,1668.0,2023년도 전기자동차 함안군 모델별 보조금,2023,함안군
화물(소형),루트17,다니고C2(0.8톤 전기트럭),909,454.0,1363.0,2023년도 전기자동차 함안군 모델별 보조금,2023,함안군
화물(소형),루트17,다니고R(전기냉동탑차),1313,466.0,1779.0,2023년도 전기자동차 함안군 모델별 보조금,2023,함안군
화물(소형),루트17,다니고R2(무시동 전기냉동탑차),1212,614.0,1826.0,2023년도 전기자동차 함안군 모델별 보조금,2023,함안군
화물(소형),한신자동차,플러스2.0,648,324.0,972.0,2023년도 전기자동차 함안군 모델별 보조금,2023,함안군
화물(소형),비바모빌리티,(단종)비바,932,466.0,1398.0,2023년도 전기자동차 함안군 모델별 보조금,2023,함안군
화물(소형),비바모빌리티,(단종)브라보,802,402.0,1204.0,2023년도 전기자동차 함안군 모델별 보조금,2023,함안군
화물(소형),이브이케이엠씨,(단종)MASADA 2밴,1124,562.0,1686.0,2023년도 전기자동차 함안군 모델별 보조금,2023,함안군
화물(소형),이브이케이엠씨,(단종)MASADA 4밴,1025,512.0,1537.0,2023년도 전기자동차 함안군 모델별 보조금,2023,함안군
화물(소형),이브이케이엠씨,MASADA 픽업,1078,540.0,1618.0,2023년도 전기자동차 함안군 모델별 보조금,2023,함안군
화물(소형),이브이케이엠씨,MASADA 3세대 2밴,1124,562.0,1686.0,2023년도 전기자동차 함안군 모델별 보조금,2023,함안군
화물(소형),이브이케이엠씨,MASADA 3세대 4밴,1025,512.0,1537.0,2023년도 전기자동차 함안군 모델별 보조금,2023,함안군
화물(소형),이브이케이엠씨,MASADA 2밴,1200,0.0,1200.0,2023년도 전기자동차 함안군 모델별 보조금,2023,함안군
화물(소형),이브이케이엠씨,MASADA 4밴,1200,600.0,1800.0,2023년도 전기자동차 함안군 모델별 보조금,2023,함안군
화물(소형),경인모터스,경인1톤전기냉동탑차,1151,584.0,1735.0,2023년도 전기자동차 함안군 모델별 보조금,2023,함안군
화물(소형),제이스모빌리티,(단종)이티밴,1200,600.0,1800.0,2023년도 전기자동차 함안군 모델별 보조금,2023,함안군
화물(소형),제이스모빌리티,이티4밴,1180,590.0,1770.0,2023년도 전기자동차 함안군 모델별 보조금,2023,함안군
화물(소형),오텍,오텍 무시동 전기 냉동탑차(봉고),1253,636.0,1889.0,2023년도 전기자동차 함안군 모델별 보조금,2023,함안군
화물(소형),이엔플러스,이엔1톤롱바디카고,959,480.0,1439.0,2023년도 전기자동차 함안군 모델별 보조금,2023,함안군
화물(소형),이엔플러스,이엔플러스EV1톤롱바디트럭,1009,504.0,1513.0,2023년도 전기자동차 함안군 모델별 보조금,2023,함안군
화물(소형),GS글로벌,T4K,1200,600.0,1800.0,2023년도 전기자동차 함안군 모델별 보조금,2023,함안군
화물(소형),에스에스라이트,젤라,986,494.0,1480.0,2023년도 전기자동차 함안군 모델별 보조금,2023,함안군
화물(소형),에스에스라이트,젤라 P200,1177,588.0,1765.0,2023년도 전기자동차 함안군 모델별 보조금,2023,함안군
화물(소형),한국쓰리축,한국쓰리축1톤롱바디EV트럭(봉고),943,472.0,1415.0,2023년도 전기자동차 함안군 모델별 보조금,2023,함안군
화물(소형),한국쓰리축,한국쓰리축1톤롱바디EV트럭(포터),963,482.0,1445.0,2023년도 전기자동차 함안군 모델별 보조금,2023,함안군
화물(소형),모빌리티네트웍스,SE-A2밴,1200,600.0,1800.0,2023년도 전기자동차 함안군 모델별 보조금,2023,함안군
화물(초소형),스마트솔루션즈,D2C,550,306.0,856.0,2023년도 전기자동차 창녕군 모델별 보조금,2023,창녕군
화물(초소형),스마트솔루션즈,D2P,550,306.0,856.0,2023년도 전기자동차 창녕군 모델별 보조금,2023,창녕군
화물(초소형),루트17,다니고3,550,306.0,856.0,2023년도 전기자동차 창녕군 모델별 보조금,2023,창녕군
화물(초소형),루트17,다니고3 픽업,550,306.0,856.0,2023년도 전기자동차 창녕군 모델별 보조금,2023,창녕군
화물(초소형),마스타전기차,MASTA VAN,550,306.0,856.0,2023년도 전기자동차 창녕군 모델별 보조금,2023,창녕군
화물(초소형),마스타전기차,MASTA HIM,550,306.0,856.0,2023년도 전기자동차 창녕군 모델별 보조금,2023,창녕군
화물(초소형),디피코,포트로-탑,550,306.0,856.0,2023년도 전기자동차 창녕군 모델별 보조금,2023,창녕군
화물(초소형),디피코,포트로-픽업,550,306.0,856.0,2023년도 전기자동차 창녕군 모델별 보조금,2023,창녕군
화물(초소형),디피코,포트로-탑S,550,306.0,856.0,2023년도 전기자동차 창녕군 모델별 보조금,2023,창녕군
화물(초소형),디피코,포트로-픽업S,550,306.0,856.0,2023년도 전기자동차 창녕군 모델별 보조금,2023,창녕군
화물(초소형),진우에스엠씨,포텐스,550,306.0,856.0,2023년도 전기자동차 창녕군 모델별 보조금,2023,창녕군
화물(경형),파워프라자,라보ev PEACE,900,517.0,1417.0,2023년도 전기자동차 창녕군 모델별 보조금,2023,창녕군
화물(경형),디피코,포트로350L-탑,900,517.0,1417.0,2023년도 전기자동차 창녕군 모델별 보조금,2023,창녕군
화물(경형),디피코,포트로350L-픽업,900,517.0,1417.0,2023년도 전기자동차 창녕군 모델별 보조금,2023,창녕군
화물(소형),제인모터스,제인모터스칼마토EV1톤내장탑차,498,294.0,792.0,2023년도 전기자동차 창녕군 모델별 보조금,2023,창녕군
화물(소형),파워프라자,봉고3ev PEACE,536,315.0,851.0,2023년도 전기자동차 창녕군 모델별 보조금,2023,창녕군
화물(소형),파워프라자,봉고3ev PEACE 더블캡,437,256.0,693.0,2023년도 전기자동차 창녕군 모델별 보조금,2023,창녕군
화물(소형),현대자동차,포터Ⅱ 일렉트릭(23MY),1200,705.0,1905.0,2023년도 전기자동차 창녕군 모델별 보조금,2023,창녕군
화물(소형),현대자동차,포터Ⅱ 일렉트릭(24MY),1200,705.0,1905.0,2023년도 전기자동차 창녕군 모델별 보조금,2023,창녕군
화물(소형),기아,봉고 전기차,1200,705.0,1905.0,2023년도 전기자동차 창녕군 모델별 보조금,2023,창녕군
화물(소형),기아,봉고 전기차 냉동탑차,1400,834.0,2234.0,2023년도 전기자동차 창녕군 모델별 보조금,2023,창녕군
화물(소형),기아,봉고 전기차 저상형 냉동탑차,1400,834.0,2234.0,2023년도 전기자동차 창녕군 모델별 보조금,2023,창녕군
화물(소형),일진정공,일진무시동전기냉동탑차(149.9km),1053,627.0,1680.0,2023년도 전기자동차 창녕군 모델별 보조금,2023,창녕군
화물(소형),일진정공,일진무시동전기냉동탑차(186.1km),1321,787.0,2108.0,2023년도 전기자동차 창녕군 모델별 보조금,2023,창녕군
화물(소형),일진정공,일진무시동전기냉동탑차(봉고),1460,870.0,2330.0,2023년도 전기자동차 창녕군 모델별 보조금,2023,창녕군
화물(소형),일진정공,일진무시동전기냉동탑차(포터),1444,860.0,2304.0,2023년도 전기자동차 창녕군 모델별 보조금,2023,창녕군
화물(소형),루트17,다니고밴,784,461.0,1245.0,2023년도 전기자동차 창녕군 모델별 보조금,2023,창녕군
화물(소형),루트17,다니고C(0.8톤 전기트럭),1112,653.0,1765.0,2023년도 전기자동차 창녕군 모델별 보조금,2023,창녕군
화물(소형),루트17,다니고C2(0.8톤 전기트럭),909,533.0,1442.0,2023년도 전기자동차 창녕군 모델별 보조금,2023,창녕군
화물(소형),루트17,다니고R(전기냉동탑차),1313,783.0,2096.0,2023년도 전기자동차 창녕군 모델별 보조금,2023,창녕군
화물(소형),루트17,다니고R2(무시동 전기냉동탑차),1212,721.0,1933.0,2023년도 전기자동차 창녕군 모델별 보조금,2023,창녕군
화물(소형),한신자동차,플러스2.0,648,381.0,1029.0,2023년도 전기자동차 창녕군 모델별 보조금,2023,창녕군
화물(소형),비바모빌리티,(단종)비바,932,548.0,1480.0,2023년도 전기자동차 창녕군 모델별 보조금,2023,창녕군
화물(소형),비바모빌리티,(단종)브라보,802,472.0,1274.0,2023년도 전기자동차 창녕군 모델별 보조금,2023,창녕군
화물(소형),이브이케이엠씨,(단종)MASADA 2밴,1124,660.0,1784.0,2023년도 전기자동차 창녕군 모델별 보조금,2023,창녕군
화물(소형),이브이케이엠씨,(단종)MASADA 4밴,1025,602.0,1627.0,2023년도 전기자동차 창녕군 모델별 보조금,2023,창녕군
화물(소형),이브이케이엠씨,MASADA 픽업,1078,635.0,1713.0,2023년도 전기자동차 창녕군 모델별 보조금,2023,창녕군
화물(소형),이브이케이엠씨,MASADA 3세대 2밴,1124,660.0,1784.0,2023년도 전기자동차 창녕군 모델별 보조금,2023,창녕군
화물(소형),이브이케이엠씨,MASADA 3세대 4밴,1025,602.0,1627.0,2023년도 전기자동차 창녕군 모델별 보조금,2023,창녕군
화물(소형),이브이케이엠씨,MASADA 2밴,1200,705.0,1905.0,2023년도 전기자동차 창녕군 모델별 보조금,2023,창녕군
화물(소형),이브이케이엠씨,MASADA 4밴,1200,705.0,1905.0,2023년도 전기자동차 창녕군 모델별 보조금,2023,창녕군
화물(소형),경인모터스,경인1톤전기냉동탑차,1151,686.0,1837.0,2023년도 전기자동차 창녕군 모델별 보조금,2023,창녕군
화물(소형),제이스모빌리티,(단종)이티밴,1200,705.0,1905.0,2023년도 전기자동차 창녕군 모델별 보조금,2023,창녕군
화물(소형),제이스모빌리티,이티밴,1200,705.0,1905.0,2023년도 전기자동차 창녕군 모델별 보조금,2023,창녕군
화물(소형),제이스모빌리티,이티4밴,1180,693.0,1873.0,2023년도 전기자동차 창녕군 모델별 보조금,2023,창녕군
화물(소형),오텍,오텍 무시동 전기 냉동탑차(봉고),1253,747.0,2000.0,2023년도 전기자동차 창녕군 모델별 보조금,2023,창녕군
화물(소형),이엔플러스,이엔1톤롱바디카고,959,564.0,1523.0,2023년도 전기자동차 창녕군 모델별 보조금,2023,창녕군
화물(소형),이엔플러스,이엔플러스EV1톤롱바디트럭,1009,592.0,1601.0,2023년도 전기자동차 창녕군 모델별 보조금,2023,창녕군
화물(소형),GS글로벌,T4K,1200,705.0,1905.0,2023년도 전기자동차 창녕군 모델별 보조금,2023,창녕군
화물(소형),에스에스라이트,젤라,986,580.0,1566.0,2023년도 전기자동차 창녕군 모델별 보조금,2023,창녕군
화물(소형),에스에스라이트,젤라 P200,1177,691.0,1868.0,2023년도 전기자동차 창녕군 모델별 보조금,2023,창녕군
화물(소형),한국쓰리축,한국쓰리축1톤롱바디EV트럭(봉고),943,555.0,1498.0,2023년도 전기자동차 창녕군 모델별 보조금,2023,창녕군
화물(소형),한국쓰리축,한국쓰리축1톤롱바디EV트럭(포터),963,566.0,1529.0,2023년도 전기자동차 창녕군 모델별 보조금,2023,창녕군
화물(소형),모빌리티네트웍스,SE-A2밴,1200,705.0,1905.0,2023년도 전기자동차 창녕군 모델별 보조금,2023,창녕군
화물(초소형),스마트솔루션즈,D2C,550,260.0,810.0,2023년도 전기자동차 고성군 모델별 보조금,2023,고성군
화물(초소형),스마트솔루션즈,D2P,550,260.0,810.0,2023년도 전기자동차 고성군 모델별 보조금,2023,고성군
화물(초소형),루트17,다니고3,550,260.0,810.0,2023년도 전기자동차 고성군 모델별 보조금,2023,고성군
화물(초소형),루트17,다니고3 픽업,550,260.0,810.0,2023년도 전기자동차 고성군 모델별 보조금,2023,고성군
화물(초소형),마스타전기차,MASTA VAN,550,260.0,810.0,2023년도 전기자동차 고성군 모델별 보조금,2023,고성군
화물(초소형),마스타전기차,MASTA HIM,550,260.0,810.0,2023년도 전기자동차 고성군 모델별 보조금,2023,고성군
화물(초소형),디피코,포트로-탑,550,260.0,810.0,2023년도 전기자동차 고성군 모델별 보조금,2023,고성군
화물(초소형),디피코,포트로-픽업,550,260.0,810.0,2023년도 전기자동차 고성군 모델별 보조금,2023,고성군
화물(초소형),디피코,포트로-탑S,550,260.0,810.0,2023년도 전기자동차 고성군 모델별 보조금,2023,고성군
화물(초소형),디피코,포트로-픽업S,550,260.0,810.0,2023년도 전기자동차 고성군 모델별 보조금,2023,고성군
화물(초소형),진우에스엠씨,포텐스,550,260.0,810.0,2023년도 전기자동차 고성군 모델별 보조금,2023,고성군
화물(경형),파워프라자,라보ev PEACE,900,440.0,1340.0,2023년도 전기자동차 고성군 모델별 보조금,2023,고성군
화물(경형),디피코,포트로350L-탑,900,440.0,1340.0,2023년도 전기자동차 고성군 모델별 보조금,2023,고성군
화물(경형),디피코,포트로350L-픽업,900,440.0,1340.0,2023년도 전기자동차 고성군 모델별 보조금,2023,고성군
화물(소형),제인모터스,제인모터스칼마토EV1톤내장탑차,498,250.0,748.0,2023년도 전기자동차 고성군 모델별 보조금,2023,고성군
화물(소형),파워프라자,봉고3ev PEACE,536,268.0,804.0,2023년도 전기자동차 고성군 모델별 보조금,2023,고성군
화물(소형),파워프라자,봉고3ev PEACE 더블캡,437,218.0,655.0,2023년도 전기자동차 고성군 모델별 보조금,2023,고성군
화물(소형),현대자동차,포터Ⅱ 일렉트릭(23MY),1200,600.0,1800.0,2023년도 전기자동차 고성군 모델별 보조금,2023,고성군
화물(소형),현대자동차,포터Ⅱ 일렉트릭(24MY),1200,600.0,1800.0,2023년도 전기자동차 고성군 모델별 보조금,2023,고성군
화물(소형),기아,봉고 전기차,1200,600.0,1800.0,2023년도 전기자동차 고성군 모델별 보조금,2023,고성군
화물(소형),기아,봉고 전기차 냉동탑차,1400,710.0,2110.0,2023년도 전기자동차 고성군 모델별 보조금,2023,고성군
화물(소형),기아,봉고 전기차 저상형 냉동탑차,1400,710.0,2110.0,2023년도 전기자동차 고성군 모델별 보조금,2023,고성군
화물(소형),일진정공,일진무시동전기냉동탑차(149.9km),1053,534.0,1587.0,2023년도 전기자동차 고성군 모델별 보조금,2023,고성군
화물(소형),일진정공,일진무시동전기냉동탑차(186.1km),1321,670.0,1991.0,2023년도 전기자동차 고성군 모델별 보조금,2023,고성군
화물(소형),일진정공,일진무시동전기냉동탑차(봉고),1460,740.0,2200.0,2023년도 전기자동차 고성군 모델별 보조금,2023,고성군
화물(소형),일진정공,일진무시동전기냉동탑차(포터),1444,732.0,2176.0,2023년도 전기자동차 고성군 모델별 보조금,2023,고성군
화물(소형),루트17,다니고밴,784,392.0,1176.0,2023년도 전기자동차 고성군 모델별 보조금,2023,고성군
화물(소형),루트17,다니고C(0.8톤 전기트럭),1112,556.0,1668.0,2023년도 전기자동차 고성군 모델별 보조금,2023,고성군
화물(소형),루트17,다니고C2(0.8톤 전기트럭),909,454.0,1363.0,2023년도 전기자동차 고성군 모델별 보조금,2023,고성군
화물(소형),루트17,다니고R(전기냉동탑차),1313,666.0,1979.0,2023년도 전기자동차 고성군 모델별 보조금,2023,고성군
화물(소형),루트17,다니고R2(무시동 전기냉동탑차),1212,614.0,1826.0,2023년도 전기자동차 고성군 모델별 보조금,2023,고성군
화물(소형),한신자동차,플러스2.0,648,324.0,972.0,2023년도 전기자동차 고성군 모델별 보조금,2023,고성군
화물(소형),비바모빌리티,(단종)비바,932,466.0,1398.0,2023년도 전기자동차 고성군 모델별 보조금,2023,고성군
화물(소형),비바모빌리티,(단종)브라보,802,402.0,1204.0,2023년도 전기자동차 고성군 모델별 보조금,2023,고성군
화물(소형),이브이케이엠씨,(단종)MASADA 2밴,1124,562.0,1686.0,2023년도 전기자동차 고성군 모델별 보조금,2023,고성군
화물(소형),이브이케이엠씨,(단종)MASADA 4밴,1025,512.0,1537.0,2023년도 전기자동차 고성군 모델별 보조금,2023,고성군
화물(소형),이브이케이엠씨,MASADA 픽업,1078,540.0,1618.0,2023년도 전기자동차 고성군 모델별 보조금,2023,고성군
화물(소형),이브이케이엠씨,MASADA 3세대 2밴,1124,562.0,1686.0,2023년도 전기자동차 고성군 모델별 보조금,2023,고성군
화물(소형),이브이케이엠씨,MASADA 3세대 4밴,1025,512.0,1537.0,2023년도 전기자동차 고성군 모델별 보조금,2023,고성군
화물(소형),이브이케이엠씨,MASADA 2밴,1200,600.0,1800.0,2023년도 전기자동차 고성군 모델별 보조금,2023,고성군
화물(소형),이브이케이엠씨,MASADA 4밴,1200,600.0,1800.0,2023년도 전기자동차 고성군 모델별 보조금,2023,고성군
화물(소형),경인모터스,경인1톤전기냉동탑차,1151,584.0,1735.0,2023년도 전기자동차 고성군 모델별 보조금,2023,고성군
화물(소형),제이스모빌리티,(단종)이티밴,1200,600.0,1800.0,2023년도 전기자동차 고성군 모델별 보조금,2023,고성군
화물(소형),제이스모빌리티,이티밴,1200,600.0,1800.0,2023년도 전기자동차 고성군 모델별 보조금,2023,고성군
화물(소형),제이스모빌리티,이티4밴,1180,590.0,1770.0,2023년도 전기자동차 고성군 모델별 보조금,2023,고성군
화물(소형),오텍,오텍 무시동 전기 냉동탑차(봉고),1253,636.0,1889.0,2023년도 전기자동차 고성군 모델별 보조금,2023,고성군
화물(소형),이엔플러스,이엔1톤롱바디카고,959,480.0,1439.0,2023년도 전기자동차 고성군 모델별 보조금,2023,고성군
화물(소형),이엔플러스,이엔플러스EV1톤롱바디트럭,1009,504.0,1513.0,2023년도 전기자동차 고성군 모델별 보조금,2023,고성군
화물(소형),GS글로벌,T4K,1200,600.0,1800.0,2023년도 전기자동차 고성군 모델별 보조금,2023,고성군
화물(소형),에스에스라이트,젤라,986,494.0,1480.0,2023년도 전기자동차 고성군 모델별 보조금,2023,고성군
화물(소형),에스에스라이트,젤라 P200,1177,588.0,1765.0,2023년도 전기자동차 고성군 모델별 보조금,2023,고성군
화물(소형),한국쓰리축,한국쓰리축1톤롱바디EV트럭(봉고),943,472.0,1415.0,2023년도 전기자동차 고성군 모델별 보조금,2023,고성군
화물(소형),한국쓰리축,한국쓰리축1톤롱바디EV트럭(포터),963,482.0,1445.0,2023년도 전기자동차 고성군 모델별 보조금,2023,고성군
화물(소형),모빌리티네트웍스,SE-A2밴,1200,600.0,1800.0,2023년도 전기자동차 고성군 모델별 보조금,2023,고성군
화물(초소형),스마트솔루션즈,D2C,550,260.0,810.0,2023년도 전기자동차 남해군 모델별 보조금,2023,남해군
화물(초소형),스마트솔루션즈,D2P,550,260.0,810.0,2023년도 전기자동차 남해군 모델별 보조금,2023,남해군
화물(초소형),루트17,다니고3,550,260.0,810.0,2023년도 전기자동차 남해군 모델별 보조금,2023,남해군
화물(초소형),루트17,다니고3 픽업,550,260.0,810.0,2023년도 전기자동차 남해군 모델별 보조금,2023,남해군
화물(초소형),마스타전기차,MASTA VAN,550,260.0,810.0,2023년도 전기자동차 남해군 모델별 보조금,2023,남해군
화물(초소형),마스타전기차,MASTA HIM,550,260.0,810.0,2023년도 전기자동차 남해군 모델별 보조금,2023,남해군
화물(초소형),디피코,포트로-탑,550,260.0,810.0,2023년도 전기자동차 남해군 모델별 보조금,2023,남해군
화물(초소형),디피코,포트로-픽업,550,260.0,810.0,2023년도 전기자동차 남해군 모델별 보조금,2023,남해군
화물(초소형),디피코,포트로-탑S,550,260.0,810.0,2023년도 전기자동차 남해군 모델별 보조금,2023,남해군
화물(초소형),디피코,포트로-픽업S,550,260.0,810.0,2023년도 전기자동차 남해군 모델별 보조금,2023,남해군
화물(초소형),진우에스엠씨,포텐스,550,260.0,810.0,2023년도 전기자동차 남해군 모델별 보조금,2023,남해군
화물(경형),파워프라자,라보ev PEACE,900,440.0,1340.0,2023년도 전기자동차 남해군 모델별 보조금,2023,남해군
화물(경형),디피코,포트로350L-탑,900,440.0,1340.0,2023년도 전기자동차 남해군 모델별 보조금,2023,남해군
화물(경형),디피코,포트로350L-픽업,900,0.0,900.0,2023년도 전기자동차 남해군 모델별 보조금,2023,남해군
화물(소형),제인모터스,제인모터스칼마토EV1톤내장탑차,498,250.0,748.0,2023년도 전기자동차 남해군 모델별 보조금,2023,남해군
화물(소형),파워프라자,봉고3ev PEACE,536,268.0,804.0,2023년도 전기자동차 남해군 모델별 보조금,2023,남해군
화물(소형),파워프라자,봉고3ev PEACE 더블캡,437,218.0,655.0,2023년도 전기자동차 남해군 모델별 보조금,2023,남해군
화물(소형),현대자동차,포터Ⅱ 일렉트릭(23MY),1200,600.0,1800.0,2023년도 전기자동차 남해군 모델별 보조금,2023,남해군
화물(소형),현대자동차,포터Ⅱ 일렉트릭(24MY),1200,600.0,1800.0,2023년도 전기자동차 남해군 모델별 보조금,2023,남해군
화물(소형),기아,봉고 전기차,1200,600.0,1800.0,2023년도 전기자동차 남해군 모델별 보조금,2023,남해군
화물(소형),기아,봉고 전기차 냉동탑차,1400,710.0,2110.0,2023년도 전기자동차 남해군 모델별 보조금,2023,남해군
화물(소형),기아,봉고 전기차 저상형 냉동탑차,1400,710.0,2110.0,2023년도 전기자동차 남해군 모델별 보조금,2023,남해군
화물(소형),일진정공,일진무시동전기냉동탑차(149.9km),1053,534.0,1587.0,2023년도 전기자동차 남해군 모델별 보조금,2023,남해군
화물(소형),일진정공,일진무시동전기냉동탑차(186.1km),1321,670.0,1991.0,2023년도 전기자동차 남해군 모델별 보조금,2023,남해군
화물(소형),일진정공,일진무시동전기냉동탑차(봉고),1460,740.0,2200.0,2023년도 전기자동차 남해군 모델별 보조금,2023,남해군
화물(소형),일진정공,일진무시동전기냉동탑차(포터),1444,732.0,2176.0,2023년도 전기자동차 남해군 모델별 보조금,2023,남해군
화물(소형),루트17,다니고밴,784,392.0,1176.0,2023년도 전기자동차 남해군 모델별 보조금,2023,남해군
화물(소형),루트17,다니고C(0.8톤 전기트럭),1112,556.0,1668.0,2023년도 전기자동차 남해군 모델별 보조금,2023,남해군
화물(소형),루트17,다니고C2(0.8톤 전기트럭),909,454.0,1363.0,2023년도 전기자동차 남해군 모델별 보조금,2023,남해군
화물(소형),루트17,다니고R(전기냉동탑차),1313,666.0,1979.0,2023년도 전기자동차 남해군 모델별 보조금,2023,남해군
화물(소형),루트17,다니고R2(무시동 전기냉동탑차),1212,614.0,1826.0,2023년도 전기자동차 남해군 모델별 보조금,2023,남해군
화물(소형),한신자동차,플러스2.0,648,324.0,972.0,2023년도 전기자동차 남해군 모델별 보조금,2023,남해군
화물(소형),비바모빌리티,(단종)비바,932,466.0,1398.0,2023년도 전기자동차 남해군 모델별 보조금,2023,남해군
화물(소형),비바모빌리티,(단종)브라보,802,402.0,1204.0,2023년도 전기자동차 남해군 모델별 보조금,2023,남해군
화물(소형),이브이케이엠씨,(단종)MASADA 2밴,1124,562.0,1686.0,2023년도 전기자동차 남해군 모델별 보조금,2023,남해군
화물(소형),이브이케이엠씨,(단종)MASADA 4밴,1025,512.0,1537.0,2023년도 전기자동차 남해군 모델별 보조금,2023,남해군
화물(소형),이브이케이엠씨,MASADA 픽업,1078,540.0,1618.0,2023년도 전기자동차 남해군 모델별 보조금,2023,남해군
화물(소형),이브이케이엠씨,MASADA 3세대 2밴,1124,562.0,1686.0,2023년도 전기자동차 남해군 모델별 보조금,2023,남해군
화물(소형),이브이케이엠씨,MASADA 3세대 4밴,1025,512.0,1537.0,2023년도 전기자동차 남해군 모델별 보조금,2023,남해군
화물(소형),이브이케이엠씨,MASADA 2밴,1200,600.0,1800.0,2023년도 전기자동차 남해군 모델별 보조금,2023,남해군
화물(소형),이브이케이엠씨,MASADA 4밴,1200,600.0,1800.0,2023년도 전기자동차 남해군 모델별 보조금,2023,남해군
화물(소형),경인모터스,경인1톤전기냉동탑차,1151,584.0,1735.0,2023년도 전기자동차 남해군 모델별 보조금,2023,남해군
화물(소형),제이스모빌리티,(단종)이티밴,1200,600.0,1800.0,2023년도 전기자동차 남해군 모델별 보조금,2023,남해군
화물(소형),제이스모빌리티,이티밴,1200,600.0,1800.0,2023년도 전기자동차 남해군 모델별 보조금,2023,남해군
화물(소형),제이스모빌리티,이티4밴,1180,590.0,1770.0,2023년도 전기자동차 남해군 모델별 보조금,2023,남해군
화물(소형),오텍,오텍 무시동 전기 냉동탑차(봉고),1253,636.0,1889.0,2023년도 전기자동차 남해군 모델별 보조금,2023,남해군
화물(소형),이엔플러스,이엔1톤롱바디카고,959,480.0,1439.0,2023년도 전기자동차 남해군 모델별 보조금,2023,남해군
화물(소형),이엔플러스,이엔플러스EV1톤롱바디트럭,1009,504.0,1513.0,2023년도 전기자동차 남해군 모델별 보조금,2023,남해군
화물(소형),GS글로벌,T4K,1200,600.0,1800.0,2023년도 전기자동차 남해군 모델별 보조금,2023,남해군
화물(소형),에스에스라이트,젤라,986,494.0,1480.0,2023년도 전기자동차 남해군 모델별 보조금,2023,남해군
화물(소형),에스에스라이트,젤라 P200,1177,588.0,1765.0,2023년도 전기자동차 남해군 모델별 보조금,2023,남해군
화물(소형),한국쓰리축,한국쓰리축1톤롱바디EV트럭(봉고),943,472.0,1415.0,2023년도 전기자동차 남해군 모델별 보조금,2023,남해군
화물(소형),한국쓰리축,한국쓰리축1톤롱바디EV트럭(포터),963,0.0,963.0,2023년도 전기자동차 남해군 모델별 보조금,2023,남해군
화물(소형),모빌리티네트웍스,SE-A2밴,1200,600.0,1800.0,2023년도 전기자동차 남해군 모델별 보조금,2023,남해군
화물(초소형),스마트솔루션즈,D2C,550,260.0,810.0,2023년도 전기자동차 하동군 모델별 보조금,2023,하동군
화물(초소형),스마트솔루션즈,D2P,550,260.0,810.0,2023년도 전기자동차 하동군 모델별 보조금,2023,하동군
화물(초소형),루트17,다니고3,550,260.0,810.0,2023년도 전기자동차 하동군 모델별 보조금,2023,하동군
화물(초소형),루트17,다니고3 픽업,550,260.0,810.0,2023년도 전기자동차 하동군 모델별 보조금,2023,하동군
화물(초소형),마스타전기차,MASTA VAN,550,260.0,810.0,2023년도 전기자동차 하동군 모델별 보조금,2023,하동군
화물(초소형),마스타전기차,MASTA HIM,550,260.0,810.0,2023년도 전기자동차 하동군 모델별 보조금,2023,하동군
화물(초소형),디피코,포트로-탑,550,260.0,810.0,2023년도 전기자동차 하동군 모델별 보조금,2023,하동군
화물(초소형),디피코,포트로-픽업,550,260.0,810.0,2023년도 전기자동차 하동군 모델별 보조금,2023,하동군
화물(초소형),디피코,포트로-탑S,550,260.0,810.0,2023년도 전기자동차 하동군 모델별 보조금,2023,하동군
화물(초소형),디피코,포트로-픽업S,550,260.0,810.0,2023년도 전기자동차 하동군 모델별 보조금,2023,하동군
화물(초소형),진우에스엠씨,포텐스,550,260.0,810.0,2023년도 전기자동차 하동군 모델별 보조금,2023,하동군
화물(경형),파워프라자,라보ev PEACE,900,440.0,1340.0,2023년도 전기자동차 하동군 모델별 보조금,2023,하동군
화물(경형),디피코,포트로350L-탑,900,440.0,1340.0,2023년도 전기자동차 하동군 모델별 보조금,2023,하동군
화물(경형),디피코,포트로350L-픽업,900,440.0,1340.0,2023년도 전기자동차 하동군 모델별 보조금,2023,하동군
화물(소형),제인모터스,제인모터스칼마토EV1톤내장탑차,498,250.0,748.0,2023년도 전기자동차 하동군 모델별 보조금,2023,하동군
화물(소형),파워프라자,봉고3ev PEACE,536,268.0,804.0,2023년도 전기자동차 하동군 모델별 보조금,2023,하동군
화물(소형),파워프라자,봉고3ev PEACE 더블캡,437,218.0,655.0,2023년도 전기자동차 하동군 모델별 보조금,2023,하동군
화물(소형),현대자동차,포터Ⅱ 일렉트릭(24MY),1200,600.0,1800.0,2023년도 전기자동차 하동군 모델별 보조금,2023,하동군
화물(소형),기아,봉고 전기차,1200,600.0,1800.0,2023년도 전기자동차 하동군 모델별 보조금,2023,하동군
화물(소형),기아,봉고 전기차 냉동탑차,1400,710.0,2110.0,2023년도 전기자동차 하동군 모델별 보조금,2023,하동군
화물(소형),기아,봉고 전기차 저상형 냉동탑차,1400,710.0,2110.0,2023년도 전기자동차 하동군 모델별 보조금,2023,하동군
화물(소형),일진정공,일진무시동전기냉동탑차(149.9km),1053,534.0,1587.0,2023년도 전기자동차 하동군 모델별 보조금,2023,하동군
화물(소형),일진정공,일진무시동전기냉동탑차(186.1km),1321,670.0,1991.0,2023년도 전기자동차 하동군 모델별 보조금,2023,하동군
화물(소형),일진정공,일진무시동전기냉동탑차(봉고),1460,740.0,2200.0,2023년도 전기자동차 하동군 모델별 보조금,2023,하동군
화물(소형),일진정공,일진무시동전기냉동탑차(포터),1444,732.0,2176.0,2023년도 전기자동차 하동군 모델별 보조금,2023,하동군
화물(소형),루트17,다니고밴,784,392.0,1176.0,2023년도 전기자동차 하동군 모델별 보조금,2023,하동군
화물(소형),루트17,다니고C(0.8톤 전기트럭),1112,556.0,1668.0,2023년도 전기자동차 하동군 모델별 보조금,2023,하동군
화물(소형),루트17,다니고C2(0.8톤 전기트럭),909,456.0,1365.0,2023년도 전기자동차 하동군 모델별 보조금,2023,하동군
화물(소형),루트17,다니고R(전기냉동탑차),1313,666.0,1979.0,2023년도 전기자동차 하동군 모델별 보조금,2023,하동군
화물(소형),루트17,다니고R2(무시동 전기냉동탑차),1212,614.0,1826.0,2023년도 전기자동차 하동군 모델별 보조금,2023,하동군
화물(소형),한신자동차,플러스2.0,648,324.0,972.0,2023년도 전기자동차 하동군 모델별 보조금,2023,하동군
화물(소형),비바모빌리티,(단종)비바,932,466.0,1398.0,2023년도 전기자동차 하동군 모델별 보조금,2023,하동군
화물(소형),비바모빌리티,(단종)브라보,802,402.0,1204.0,2023년도 전기자동차 하동군 모델별 보조금,2023,하동군
화물(소형),이브이케이엠씨,(단종)MASADA 2밴,1124,562.0,1686.0,2023년도 전기자동차 하동군 모델별 보조금,2023,하동군
화물(소형),이브이케이엠씨,(단종)MASADA 4밴,1025,512.0,1537.0,2023년도 전기자동차 하동군 모델별 보조금,2023,하동군
화물(소형),이브이케이엠씨,MASADA 픽업,1078,540.0,1618.0,2023년도 전기자동차 하동군 모델별 보조금,2023,하동군
화물(소형),이브이케이엠씨,MASADA 3세대 2밴,1124,562.0,1686.0,2023년도 전기자동차 하동군 모델별 보조금,2023,하동군
화물(소형),이브이케이엠씨,MASADA 3세대 4밴,1025,512.0,1537.0,2023년도 전기자동차 하동군 모델별 보조금,2023,하동군
화물(소형),이브이케이엠씨,MASADA 2밴,1200,0.0,1200.0,2023년도 전기자동차 하동군 모델별 보조금,2023,하동군
화물(소형),이브이케이엠씨,MASADA 4밴,1200,600.0,1800.0,2023년도 전기자동차 하동군 모델별 보조금,2023,하동군
화물(소형),이브이케이엠씨,EC35 2밴,850,426.0,1276.0,2023년도 전기자동차 하동군 모델별 보조금,2023,하동군
화물(소형),경인모터스,경인1톤전기냉동탑차,1151,584.0,1735.0,2023년도 전기자동차 하동군 모델별 보조금,2023,하동군
화물(소형),제이스모빌리티,(단종)이티밴,1200,600.0,1800.0,2023년도 전기자동차 하동군 모델별 보조금,2023,하동군
화물(소형),제이스모빌리티,이티4밴,1180,590.0,1770.0,2023년도 전기자동차 하동군 모델별 보조금,2023,하동군
화물(소형),오텍,오텍 무시동 전기 냉동탑차(봉고),1253,636.0,1889.0,2023년도 전기자동차 하동군 모델별 보조금,2023,하동군
화물(소형),이엔플러스,이엔1톤롱바디카고,959,480.0,1439.0,2023년도 전기자동차 하동군 모델별 보조금,2023,하동군
화물(소형),이엔플러스,이엔플러스EV1톤롱바디트럭,1009,504.0,1513.0,2023년도 전기자동차 하동군 모델별 보조금,2023,하동군
화물(소형),GS글로벌,T4K,1200,600.0,1800.0,2023년도 전기자동차 하동군 모델별 보조금,2023,하동군
화물(소형),에스에스라이트,젤라,986,494.0,1480.0,2023년도 전기자동차 하동군 모델별 보조금,2023,하동군
화물(소형),에스에스라이트,젤라 P200,1177,588.0,1765.0,2023년도 전기자동차 하동군 모델별 보조금,2023,하동군
화물(소형),한국쓰리축,한국쓰리축1톤롱바디EV트럭(봉고),943,472.0,1415.0,2023년도 전기자동차 하동군 모델별 보조금,2023,하동군
화물(소형),한국쓰리축,한국쓰리축1톤롱바디EV트럭(포터),963,482.0,1445.0,2023년도 전기자동차 하동군 모델별 보조금,2023,하동군
화물(소형),모빌리티네트웍스,SE-A2밴,1200,600.0,1800.0,2023년도 전기자동차 하동군 모델별 보조금,2023,하동군
화물(초소형),스마트솔루션즈,D2C,550,260.0,810.0,2023년도 전기자동차 산청군 모델별 보조금,2023,산청군
화물(초소형),스마트솔루션즈,D2P,550,260.0,810.0,2023년도 전기자동차 산청군 모델별 보조금,2023,산청군
화물(초소형),루트17,다니고3,550,260.0,810.0,2023년도 전기자동차 산청군 모델별 보조금,2023,산청군
화물(초소형),루트17,다니고3 픽업,550,260.0,810.0,2023년도 전기자동차 산청군 모델별 보조금,2023,산청군
화물(초소형),마스타전기차,MASTA VAN,550,260.0,810.0,2023년도 전기자동차 산청군 모델별 보조금,2023,산청군
화물(초소형),마스타전기차,MASTA HIM,550,260.0,810.0,2023년도 전기자동차 산청군 모델별 보조금,2023,산청군
화물(초소형),디피코,포트로-탑,550,260.0,810.0,2023년도 전기자동차 산청군 모델별 보조금,2023,산청군
화물(초소형),디피코,포트로-픽업,550,260.0,810.0,2023년도 전기자동차 산청군 모델별 보조금,2023,산청군
화물(초소형),디피코,포트로-탑S,550,260.0,810.0,2023년도 전기자동차 산청군 모델별 보조금,2023,산청군
화물(초소형),디피코,포트로-픽업S,550,260.0,810.0,2023년도 전기자동차 산청군 모델별 보조금,2023,산청군
화물(초소형),진우에스엠씨,포텐스,550,260.0,810.0,2023년도 전기자동차 산청군 모델별 보조금,2023,산청군
화물(경형),파워프라자,라보ev PEACE,900,440.0,1340.0,2023년도 전기자동차 산청군 모델별 보조금,2023,산청군
화물(경형),디피코,포트로350L-탑,900,440.0,1340.0,2023년도 전기자동차 산청군 모델별 보조금,2023,산청군
화물(경형),디피코,포트로350L-픽업,900,440.0,1340.0,2023년도 전기자동차 산청군 모델별 보조금,2023,산청군
화물(소형),제인모터스,제인모터스칼마토EV1톤내장탑차,498,250.0,748.0,2023년도 전기자동차 산청군 모델별 보조금,2023,산청군
화물(소형),파워프라자,봉고3ev PEACE,536,268.0,804.0,2023년도 전기자동차 산청군 모델별 보조금,2023,산청군
화물(소형),파워프라자,봉고3ev PEACE 더블캡,437,218.0,655.0,2023년도 전기자동차 산청군 모델별 보조금,2023,산청군
화물(소형),현대자동차,포터Ⅱ 일렉트릭(23MY),1200,600.0,1800.0,2023년도 전기자동차 산청군 모델별 보조금,2023,산청군
화물(소형),현대자동차,포터Ⅱ 일렉트릭(24MY),1200,600.0,1800.0,2023년도 전기자동차 산청군 모델별 보조금,2023,산청군
화물(소형),기아,봉고 전기차,1200,600.0,1800.0,2023년도 전기자동차 산청군 모델별 보조금,2023,산청군
화물(소형),기아,봉고 전기차 냉동탑차,1400,710.0,2110.0,2023년도 전기자동차 산청군 모델별 보조금,2023,산청군
화물(소형),기아,봉고 전기차 저상형 냉동탑차,1400,710.0,2110.0,2023년도 전기자동차 산청군 모델별 보조금,2023,산청군
화물(소형),일진정공,일진무시동전기냉동탑차(149.9km),1053,534.0,1587.0,2023년도 전기자동차 산청군 모델별 보조금,2023,산청군
화물(소형),일진정공,일진무시동전기냉동탑차(186.1km),1321,670.0,1991.0,2023년도 전기자동차 산청군 모델별 보조금,2023,산청군
화물(소형),일진정공,일진무시동전기냉동탑차(봉고),1460,740.0,2200.0,2023년도 전기자동차 산청군 모델별 보조금,2023,산청군
화물(소형),일진정공,일진무시동전기냉동탑차(포터),1444,732.0,2176.0,2023년도 전기자동차 산청군 모델별 보조금,2023,산청군
화물(소형),루트17,다니고밴,784,392.0,1176.0,2023년도 전기자동차 산청군 모델별 보조금,2023,산청군
화물(소형),루트17,다니고C(0.8톤 전기트럭),1112,556.0,1668.0,2023년도 전기자동차 산청군 모델별 보조금,2023,산청군
화물(소형),루트17,다니고C2(0.8톤 전기트럭),909,454.0,1363.0,2023년도 전기자동차 산청군 모델별 보조금,2023,산청군
화물(소형),루트17,다니고R(전기냉동탑차),1313,466.0,1779.0,2023년도 전기자동차 산청군 모델별 보조금,2023,산청군
화물(소형),루트17,다니고R2(무시동 전기냉동탑차),1212,614.0,1826.0,2023년도 전기자동차 산청군 모델별 보조금,2023,산청군
화물(소형),한신자동차,플러스2.0,648,324.0,972.0,2023년도 전기자동차 산청군 모델별 보조금,2023,산청군
화물(소형),비바모빌리티,(단종)비바,932,466.0,1398.0,2023년도 전기자동차 산청군 모델별 보조금,2023,산청군
화물(소형),비바모빌리티,(단종)브라보,802,402.0,1204.0,2023년도 전기자동차 산청군 모델별 보조금,2023,산청군
화물(소형),이브이케이엠씨,(단종)MASADA 2밴,1124,562.0,1686.0,2023년도 전기자동차 산청군 모델별 보조금,2023,산청군
화물(소형),이브이케이엠씨,(단종)MASADA 4밴,1025,512.0,1537.0,2023년도 전기자동차 산청군 모델별 보조금,2023,산청군
화물(소형),이브이케이엠씨,MASADA 픽업,1078,540.0,1618.0,2023년도 전기자동차 산청군 모델별 보조금,2023,산청군
화물(소형),이브이케이엠씨,MASADA 3세대 2밴,1124,562.0,1686.0,2023년도 전기자동차 산청군 모델별 보조금,2023,산청군
화물(소형),이브이케이엠씨,MASADA 3세대 4밴,1025,512.0,1537.0,2023년도 전기자동차 산청군 모델별 보조금,2023,산청군
화물(소형),이브이케이엠씨,MASADA 2밴,1200,600.0,1800.0,2023년도 전기자동차 산청군 모델별 보조금,2023,산청군
화물(소형),이브이케이엠씨,MASADA 4밴,1200,600.0,1800.0,2023년도 전기자동차 산청군 모델별 보조금,2023,산청군
화물(소형),경인모터스,경인1톤전기냉동탑차,1151,584.0,1735.0,2023년도 전기자동차 산청군 모델별 보조금,2023,산청군
화물(소형),제이스모빌리티,(단종)이티밴,1200,600.0,1800.0,2023년도 전기자동차 산청군 모델별 보조금,2023,산청군
화물(소형),제이스모빌리티,이티밴,1200,600.0,1800.0,2023년도 전기자동차 산청군 모델별 보조금,2023,산청군
화물(소형),제이스모빌리티,이티4밴,1180,590.0,1770.0,2023년도 전기자동차 산청군 모델별 보조금,2023,산청군
화물(소형),오텍,오텍 무시동 전기 냉동탑차(봉고),1253,636.0,1889.0,2023년도 전기자동차 산청군 모델별 보조금,2023,산청군
화물(소형),이엔플러스,이엔1톤롱바디카고,959,480.0,1439.0,2023년도 전기자동차 산청군 모델별 보조금,2023,산청군
화물(소형),이엔플러스,이엔플러스EV1톤롱바디트럭,1009,504.0,1513.0,2023년도 전기자동차 산청군 모델별 보조금,2023,산청군
화물(소형),GS글로벌,T4K,1200,600.0,1800.0,2023년도 전기자동차 산청군 모델별 보조금,2023,산청군
화물(소형),에스에스라이트,젤라,986,494.0,1480.0,2023년도 전기자동차 산청군 모델별 보조금,2023,산청군
화물(소형),에스에스라이트,젤라 P200,1177,588.0,1765.0,2023년도 전기자동차 산청군 모델별 보조금,2023,산청군
화물(소형),한국쓰리축,한국쓰리축1톤롱바디EV트럭(봉고),943,0.0,943.0,2023년도 전기자동차 산청군 모델별 보조금,2023,산청군
화물(소형),한국쓰리축,한국쓰리축1톤롱바디EV트럭(포터),963,482.0,1445.0,2023년도 전기자동차 산청군 모델별 보조금,2023,산청군
화물(소형),모빌리티네트웍스,SE-A2밴,1200,600.0,1800.0,2023년도 전기자동차 산청군 모델별 보조금,2023,산청군
화물(초소형),스마트솔루션즈,D2C,550,260.0,810.0,2023년도 전기자동차 함양군 모델별 보조금,2023,함양군
화물(초소형),스마트솔루션즈,D2P,550,260.0,810.0,2023년도 전기자동차 함양군 모델별 보조금,2023,함양군
화물(초소형),루트17,다니고3,550,260.0,810.0,2023년도 전기자동차 함양군 모델별 보조금,2023,함양군
화물(초소형),루트17,다니고3 픽업,550,260.0,810.0,2023년도 전기자동차 함양군 모델별 보조금,2023,함양군
화물(초소형),마스타전기차,MASTA VAN,550,260.0,810.0,2023년도 전기자동차 함양군 모델별 보조금,2023,함양군
화물(초소형),마스타전기차,MASTA HIM,550,260.0,810.0,2023년도 전기자동차 함양군 모델별 보조금,2023,함양군
화물(초소형),디피코,포트로-탑,550,260.0,810.0,2023년도 전기자동차 함양군 모델별 보조금,2023,함양군
화물(초소형),디피코,포트로-픽업,550,260.0,810.0,2023년도 전기자동차 함양군 모델별 보조금,2023,함양군
화물(초소형),디피코,포트로-탑S,550,260.0,810.0,2023년도 전기자동차 함양군 모델별 보조금,2023,함양군
화물(초소형),디피코,포트로-픽업S,550,260.0,810.0,2023년도 전기자동차 함양군 모델별 보조금,2023,함양군
화물(초소형),진우에스엠씨,포텐스,550,260.0,810.0,2023년도 전기자동차 함양군 모델별 보조금,2023,함양군
화물(경형),파워프라자,라보ev PEACE,900,440.0,1340.0,2023년도 전기자동차 함양군 모델별 보조금,2023,함양군
화물(경형),디피코,포트로350L-탑,900,444.0,1344.0,2023년도 전기자동차 함양군 모델별 보조금,2023,함양군
화물(경형),디피코,포트로350L-픽업,900,0.0,900.0,2023년도 전기자동차 함양군 모델별 보조금,2023,함양군
화물(소형),제인모터스,제인모터스칼마토EV1톤내장탑차,498,250.0,748.0,2023년도 전기자동차 함양군 모델별 보조금,2023,함양군
화물(소형),파워프라자,봉고3ev PEACE,536,268.0,804.0,2023년도 전기자동차 함양군 모델별 보조금,2023,함양군
화물(소형),파워프라자,봉고3ev PEACE 더블캡,437,218.0,655.0,2023년도 전기자동차 함양군 모델별 보조금,2023,함양군
화물(소형),현대자동차,포터Ⅱ 일렉트릭(23MY),1200,600.0,1800.0,2023년도 전기자동차 함양군 모델별 보조금,2023,함양군
화물(소형),현대자동차,포터Ⅱ 일렉트릭(24MY),1200,600.0,1800.0,2023년도 전기자동차 함양군 모델별 보조금,2023,함양군
화물(소형),기아,봉고 전기차,1200,600.0,1800.0,2023년도 전기자동차 함양군 모델별 보조금,2023,함양군
화물(소형),기아,봉고 전기차 냉동탑차,1400,710.0,2110.0,2023년도 전기자동차 함양군 모델별 보조금,2023,함양군
화물(소형),기아,봉고 전기차 저상형 냉동탑차,1400,710.0,2110.0,2023년도 전기자동차 함양군 모델별 보조금,2023,함양군
화물(소형),일진정공,일진무시동전기냉동탑차(149.9km),1053,534.0,1587.0,2023년도 전기자동차 함양군 모델별 보조금,2023,함양군
화물(소형),일진정공,일진무시동전기냉동탑차(186.1km),1321,670.0,1991.0,2023년도 전기자동차 함양군 모델별 보조금,2023,함양군
화물(소형),일진정공,일진무시동전기냉동탑차(봉고),1460,740.0,2200.0,2023년도 전기자동차 함양군 모델별 보조금,2023,함양군
화물(소형),일진정공,일진무시동전기냉동탑차(포터),1444,732.0,2176.0,2023년도 전기자동차 함양군 모델별 보조금,2023,함양군
화물(소형),루트17,다니고밴,784,392.0,1176.0,2023년도 전기자동차 함양군 모델별 보조금,2023,함양군
화물(소형),루트17,다니고C(0.8톤 전기트럭),1112,556.0,1668.0,2023년도 전기자동차 함양군 모델별 보조금,2023,함양군
화물(소형),루트17,다니고C2(0.8톤 전기트럭),909,454.0,1363.0,2023년도 전기자동차 함양군 모델별 보조금,2023,함양군
화물(소형),루트17,다니고R(전기냉동탑차),1313,666.0,1979.0,2023년도 전기자동차 함양군 모델별 보조금,2023,함양군
화물(소형),루트17,다니고R2(무시동 전기냉동탑차),1212,612.0,1824.0,2023년도 전기자동차 함양군 모델별 보조금,2023,함양군
화물(소형),한신자동차,플러스2.0,648,324.0,972.0,2023년도 전기자동차 함양군 모델별 보조금,2023,함양군
화물(소형),비바모빌리티,(단종)비바,932,466.0,1398.0,2023년도 전기자동차 함양군 모델별 보조금,2023,함양군
화물(소형),비바모빌리티,(단종)브라보,802,402.0,1204.0,2023년도 전기자동차 함양군 모델별 보조금,2023,함양군
화물(소형),이브이케이엠씨,(단종)MASADA 2밴,1124,562.0,1686.0,2023년도 전기자동차 함양군 모델별 보조금,2023,함양군
화물(소형),이브이케이엠씨,(단종)MASADA 4밴,1025,512.0,1537.0,2023년도 전기자동차 함양군 모델별 보조금,2023,함양군
화물(소형),이브이케이엠씨,MASADA 픽업,1078,540.0,1618.0,2023년도 전기자동차 함양군 모델별 보조금,2023,함양군
화물(소형),이브이케이엠씨,MASADA 3세대 2밴,1124,562.0,1686.0,2023년도 전기자동차 함양군 모델별 보조금,2023,함양군
화물(소형),이브이케이엠씨,MASADA 3세대 4밴,1025,512.0,1537.0,2023년도 전기자동차 함양군 모델별 보조금,2023,함양군
화물(소형),경인모터스,경인1톤전기냉동탑차,1151,584.0,1735.0,2023년도 전기자동차 함양군 모델별 보조금,2023,함양군
화물(소형),제이스모빌리티,(단종)이티밴,1200,600.0,1800.0,2023년도 전기자동차 함양군 모델별 보조금,2023,함양군
화물(소형),제이스모빌리티,이티밴,1200,600.0,1800.0,2023년도 전기자동차 함양군 모델별 보조금,2023,함양군
화물(소형),제이스모빌리티,이티4밴,1180,590.0,1770.0,2023년도 전기자동차 함양군 모델별 보조금,2023,함양군
화물(소형),오텍,오텍 무시동 전기 냉동탑차(봉고),1253,636.0,1889.0,2023년도 전기자동차 함양군 모델별 보조금,2023,함양군
화물(소형),이엔플러스,이엔1톤롱바디카고,959,480.0,1439.0,2023년도 전기자동차 함양군 모델별 보조금,2023,함양군
화물(소형),이엔플러스,이엔플러스EV1톤롱바디트럭,1009,504.0,1513.0,2023년도 전기자동차 함양군 모델별 보조금,2023,함양군
화물(소형),GS글로벌,T4K,1200,600.0,1800.0,2023년도 전기자동차 함양군 모델별 보조금,2023,함양군
화물(소형),에스에스라이트,젤라,986,494.0,1480.0,2023년도 전기자동차 함양군 모델별 보조금,2023,함양군
화물(소형),에스에스라이트,젤라 P200,1177,588.0,1765.0,2023년도 전기자동차 함양군 모델별 보조금,2023,함양군
화물(소형),한국쓰리축,한국쓰리축1톤롱바디EV트럭(봉고),943,467.0,1410.0,2023년도 전기자동차 함양군 모델별 보조금,2023,함양군
화물(소형),한국쓰리축,한국쓰리축1톤롱바디EV트럭(포터),963,482.0,1445.0,2023년도 전기자동차 함양군 모델별 보조금,2023,함양군
화물(소형),모빌리티네트웍스,SE-A2밴,1200,600.0,1800.0,2023년도 전기자동차 함양군 모델별 보조금,2023,함양군
화물(초소형),스마트솔루션즈,D2C,550,520.0,1070.0,2023년도 전기자동차 거창군 모델별 보조금,2023,거창군
화물(초소형),스마트솔루션즈,D2P,550,520.0,1070.0,2023년도 전기자동차 거창군 모델별 보조금,2023,거창군
화물(초소형),루트17,다니고3,550,520.0,1070.0,2023년도 전기자동차 거창군 모델별 보조금,2023,거창군
화물(초소형),루트17,다니고3 픽업,550,520.0,1070.0,2023년도 전기자동차 거창군 모델별 보조금,2023,거창군
화물(초소형),마스타전기차,MASTA VAN,550,520.0,1070.0,2023년도 전기자동차 거창군 모델별 보조금,2023,거창군
화물(초소형),마스타전기차,MASTA HIM,550,520.0,1070.0,2023년도 전기자동차 거창군 모델별 보조금,2023,거창군
화물(초소형),디피코,포트로-탑,550,520.0,1070.0,2023년도 전기자동차 거창군 모델별 보조금,2023,거창군
화물(초소형),디피코,포트로-픽업,550,520.0,1070.0,2023년도 전기자동차 거창군 모델별 보조금,2023,거창군
화물(초소형),디피코,포트로-탑S,550,520.0,1070.0,2023년도 전기자동차 거창군 모델별 보조금,2023,거창군
화물(초소형),디피코,포트로-픽업S,550,520.0,1070.0,2023년도 전기자동차 거창군 모델별 보조금,2023,거창군
화물(초소형),진우에스엠씨,포텐스,550,520.0,1070.0,2023년도 전기자동차 거창군 모델별 보조금,2023,거창군
화물(경형),파워프라자,라보ev PEACE,900,820.0,1720.0,2023년도 전기자동차 거창군 모델별 보조금,2023,거창군
화물(경형),디피코,포트로350L-탑,900,820.0,1720.0,2023년도 전기자동차 거창군 모델별 보조금,2023,거창군
화물(경형),디피코,포트로350L-픽업,900,820.0,1720.0,2023년도 전기자동차 거창군 모델별 보조금,2023,거창군
화물(소형),제인모터스,제인모터스칼마토EV1톤내장탑차,498,477.0,975.0,2023년도 전기자동차 거창군 모델별 보조금,2023,거창군
화물(소형),파워프라자,봉고3ev PEACE,536,513.0,1049.0,2023년도 전기자동차 거창군 모델별 보조금,2023,거창군
화물(소형),파워프라자,봉고3ev PEACE 더블캡,437,418.0,855.0,2023년도 전기자동차 거창군 모델별 보조금,2023,거창군
화물(소형),현대자동차,포터Ⅱ 일렉트릭(23MY),1200,1150.0,2350.0,2023년도 전기자동차 거창군 모델별 보조금,2023,거창군
화물(소형),현대자동차,포터Ⅱ 일렉트릭(24MY),1200,1150.0,2350.0,2023년도 전기자동차 거창군 모델별 보조금,2023,거창군
화물(소형),기아,봉고 전기차,1200,1150.0,2350.0,2023년도 전기자동차 거창군 모델별 보조금,2023,거창군
화물(소형),기아,봉고 전기차 냉동탑차,1400,1342.0,2742.0,2023년도 전기자동차 거창군 모델별 보조금,2023,거창군
화물(소형),기아,봉고 전기차 저상형 냉동탑차,1400,1342.0,2742.0,2023년도 전기자동차 거창군 모델별 보조금,2023,거창군
화물(소형),일진정공,일진무시동전기냉동탑차(149.9km),1053,1009.0,2062.0,2023년도 전기자동차 거창군 모델별 보조금,2023,거창군
화물(소형),일진정공,일진무시동전기냉동탑차(186.1km),1321,1266.0,2587.0,2023년도 전기자동차 거창군 모델별 보조금,2023,거창군
화물(소형),일진정공,일진무시동전기냉동탑차(봉고),1460,1400.0,2860.0,2023년도 전기자동차 거창군 모델별 보조금,2023,거창군
화물(소형),일진정공,일진무시동전기냉동탑차(포터),1444,1384.0,2828.0,2023년도 전기자동차 거창군 모델별 보조금,2023,거창군
화물(소형),루트17,다니고밴,784,751.0,1535.0,2023년도 전기자동차 거창군 모델별 보조금,2023,거창군
화물(소형),루트17,다니고C(0.8톤 전기트럭),1112,1065.0,2177.0,2023년도 전기자동차 거창군 모델별 보조금,2023,거창군
화물(소형),루트17,다니고C2(0.8톤 전기트럭),909,870.0,1779.0,2023년도 전기자동차 거창군 모델별 보조금,2023,거창군
화물(소형),루트17,다니고R(전기냉동탑차),1313,1259.0,2572.0,2023년도 전기자동차 거창군 모델별 보조금,2023,거창군
화물(소형),루트17,다니고R2(무시동 전기냉동탑차),1212,1162.0,2374.0,2023년도 전기자동차 거창군 모델별 보조금,2023,거창군
화물(소형),한신자동차,플러스2.0,648,621.0,1269.0,2023년도 전기자동차 거창군 모델별 보조금,2023,거창군
화물(소형),비바모빌리티,(단종)비바,932,893.0,1825.0,2023년도 전기자동차 거창군 모델별 보조금,2023,거창군
화물(소형),비바모빌리티,(단종)브라보,802,769.0,1571.0,2023년도 전기자동차 거창군 모델별 보조금,2023,거창군
화물(소형),이브이케이엠씨,(단종)MASADA 2밴,1124,1077.0,2201.0,2023년도 전기자동차 거창군 모델별 보조금,2023,거창군
화물(소형),이브이케이엠씨,(단종)MASADA 4밴,1025,982.0,2007.0,2023년도 전기자동차 거창군 모델별 보조금,2023,거창군
화물(소형),이브이케이엠씨,MASADA 픽업,1078,1033.0,2111.0,2023년도 전기자동차 거창군 모델별 보조금,2023,거창군
화물(소형),이브이케이엠씨,MASADA 3세대 2밴,1124,1077.0,2201.0,2023년도 전기자동차 거창군 모델별 보조금,2023,거창군
화물(소형),이브이케이엠씨,MASADA 3세대 4밴,1025,982.0,2007.0,2023년도 전기자동차 거창군 모델별 보조금,2023,거창군
화물(소형),이브이케이엠씨,MASADA 2밴,1200,1150.0,2350.0,2023년도 전기자동차 거창군 모델별 보조금,2023,거창군
화물(소형),이브이케이엠씨,MASADA 4밴,1200,1150.0,2350.0,2023년도 전기자동차 거창군 모델별 보조금,2023,거창군
화물(소형),경인모터스,경인1톤전기냉동탑차,1151,1104.0,2255.0,2023년도 전기자동차 거창군 모델별 보조금,2023,거창군
화물(소형),제이스모빌리티,(단종)이티밴,1200,1150.0,2350.0,2023년도 전기자동차 거창군 모델별 보조금,2023,거창군
화물(소형),제이스모빌리티,이티밴,1200,1150.0,2350.0,2023년도 전기자동차 거창군 모델별 보조금,2023,거창군
화물(소형),제이스모빌리티,이티4밴,1180,1130.0,2310.0,2023년도 전기자동차 거창군 모델별 보조금,2023,거창군
화물(소형),오텍,오텍 무시동 전기 냉동탑차(봉고),1253,1201.0,2454.0,2023년도 전기자동차 거창군 모델별 보조금,2023,거창군
화물(소형),이엔플러스,이엔1톤롱바디카고,959,919.0,1878.0,2023년도 전기자동차 거창군 모델별 보조금,2023,거창군
화물(소형),이엔플러스,이엔플러스EV1톤롱바디트럭,1009,966.0,1975.0,2023년도 전기자동차 거창군 모델별 보조금,2023,거창군
화물(소형),GS글로벌,T4K,1200,1150.0,2350.0,2023년도 전기자동차 거창군 모델별 보조금,2023,거창군
화물(소형),에스에스라이트,젤라,986,945.0,1931.0,2023년도 전기자동차 거창군 모델별 보조금,2023,거창군
화물(소형),에스에스라이트,젤라 P200,1177,1127.0,2304.0,2023년도 전기자동차 거창군 모델별 보조금,2023,거창군
화물(소형),한국쓰리축,한국쓰리축1톤롱바디EV트럭(봉고),943,903.0,1846.0,2023년도 전기자동차 거창군 모델별 보조금,2023,거창군
화물(소형),한국쓰리축,한국쓰리축1톤롱바디EV트럭(포터),963,923.0,1886.0,2023년도 전기자동차 거창군 모델별 보조금,2023,거창군
화물(소형),모빌리티네트웍스,SE-A2밴,1200,1150.0,2350.0,2023년도 전기자동차 거창군 모델별 보조금,2023,거창군
화물(초소형),스마트솔루션즈,D2C,550,350.0,900.0,2023년도 전기자동차 합천군 모델별 보조금,2023,합천군
화물(초소형),스마트솔루션즈,D2P,550,350.0,900.0,2023년도 전기자동차 합천군 모델별 보조금,2023,합천군
화물(초소형),루트17,다니고3,550,350.0,900.0,2023년도 전기자동차 합천군 모델별 보조금,2023,합천군
화물(초소형),루트17,다니고3 픽업,550,350.0,900.0,2023년도 전기자동차 합천군 모델별 보조금,2023,합천군
화물(초소형),마스타전기차,MASTA VAN,550,350.0,900.0,2023년도 전기자동차 합천군 모델별 보조금,2023,합천군
화물(초소형),마스타전기차,MASTA HIM,550,350.0,900.0,2023년도 전기자동차 합천군 모델별 보조금,2023,합천군
화물(초소형),디피코,포트로-탑,550,350.0,900.0,2023년도 전기자동차 합천군 모델별 보조금,2023,합천군
화물(초소형),디피코,포트로-픽업,550,350.0,900.0,2023년도 전기자동차 합천군 모델별 보조금,2023,합천군
화물(초소형),디피코,포트로-탑S,550,350.0,900.0,2023년도 전기자동차 합천군 모델별 보조금,2023,합천군
화물(초소형),디피코,포트로-픽업S,550,350.0,900.0,2023년도 전기자동차 합천군 모델별 보조금,2023,합천군
화물(초소형),진우에스엠씨,포텐스,550,350.0,900.0,2023년도 전기자동차 합천군 모델별 보조금,2023,합천군
화물(경형),파워프라자,라보ev PEACE,900,590.0,1490.0,2023년도 전기자동차 합천군 모델별 보조금,2023,합천군
화물(경형),디피코,포트로350L-탑,900,590.0,1490.0,2023년도 전기자동차 합천군 모델별 보조금,2023,합천군
화물(소형),제인모터스,제인모터스칼마토EV1톤내장탑차,498,333.0,831.0,2023년도 전기자동차 합천군 모델별 보조금,2023,합천군
화물(소형),파워프라자,봉고3ev PEACE,536,358.0,894.0,2023년도 전기자동차 합천군 모델별 보조금,2023,합천군
화물(소형),파워프라자,봉고3ev PEACE 더블캡,437,291.0,728.0,2023년도 전기자동차 합천군 모델별 보조금,2023,합천군
화물(소형),현대자동차,포터Ⅱ 일렉트릭(23MY),1200,800.0,2000.0,2023년도 전기자동차 합천군 모델별 보조금,2023,합천군
화물(소형),현대자동차,포터Ⅱ 일렉트릭(24MY),1200,800.0,2000.0,2023년도 전기자동차 합천군 모델별 보조금,2023,합천군
화물(소형),기아,봉고 전기차,1200,800.0,2000.0,2023년도 전기자동차 합천군 모델별 보조금,2023,합천군
화물(소형),기아,봉고 전기차 냉동탑차,1400,855.0,2255.0,2023년도 전기자동차 합천군 모델별 보조금,2023,합천군
화물(소형),기아,봉고 전기차 저상형 냉동탑차,1400,855.0,2255.0,2023년도 전기자동차 합천군 모델별 보조금,2023,합천군
화물(소형),일진정공,일진무시동전기냉동탑차(149.9km),1053,706.0,1759.0,2023년도 전기자동차 합천군 모델별 보조금,2023,합천군
화물(소형),일진정공,일진무시동전기냉동탑차(186.1km),1321,835.0,2156.0,2023년도 전기자동차 합천군 모델별 보조금,2023,합천군
화물(소형),일진정공,일진무시동전기냉동탑차(봉고),1460,870.0,2330.0,2023년도 전기자동차 합천군 모델별 보조금,2023,합천군
화물(소형),일진정공,일진무시동전기냉동탑차(포터),1444,866.0,2310.0,2023년도 전기자동차 합천군 모델별 보조금,2023,합천군
화물(소형),루트17,다니고밴,784,523.0,1307.0,2023년도 전기자동차 합천군 모델별 보조금,2023,합천군
화물(소형),루트17,다니고C(0.8톤 전기트럭),1112,742.0,1854.0,2023년도 전기자동차 합천군 모델별 보조금,2023,합천군
화물(소형),루트17,다니고C2(0.8톤 전기트럭),909,606.0,1515.0,2023년도 전기자동차 합천군 모델별 보조금,2023,합천군
화물(소형),루트17,다니고R(전기냉동탑차),1313,833.0,2146.0,2023년도 전기자동차 합천군 모델별 보조금,2023,합천군
화물(소형),루트17,다니고R2(무시동 전기냉동탑차),1212,807.0,2019.0,2023년도 전기자동차 합천군 모델별 보조금,2023,합천군
화물(소형),한신자동차,플러스2.0,648,432.0,1080.0,2023년도 전기자동차 합천군 모델별 보조금,2023,합천군
화물(소형),비바모빌리티,(단종)비바,932,622.0,1554.0,2023년도 전기자동차 합천군 모델별 보조금,2023,합천군
화물(소형),비바모빌리티,(단종)브라보,802,536.0,1338.0,2023년도 전기자동차 합천군 모델별 보조금,2023,합천군
화물(소형),이브이케이엠씨,(단종)MASADA 2밴,1124,750.0,1874.0,2023년도 전기자동차 합천군 모델별 보조금,2023,합천군
화물(소형),이브이케이엠씨,(단종)MASADA 4밴,1025,683.0,1708.0,2023년도 전기자동차 합천군 모델별 보조금,2023,합천군
화물(소형),이브이케이엠씨,MASADA 픽업,1078,720.0,1798.0,2023년도 전기자동차 합천군 모델별 보조금,2023,합천군
화물(소형),이브이케이엠씨,MASADA 3세대 2밴,1124,750.0,1874.0,2023년도 전기자동차 합천군 모델별 보조금,2023,합천군
화물(소형),이브이케이엠씨,MASADA 3세대 4밴,1025,683.0,1708.0,2023년도 전기자동차 합천군 모델별 보조금,2023,합천군
화물(소형),경인모터스,경인1톤전기냉동탑차,1151,772.0,1923.0,2023년도 전기자동차 합천군 모델별 보조금,2023,합천군
화물(소형),제이스모빌리티,(단종)이티밴,1200,800.0,2000.0,2023년도 전기자동차 합천군 모델별 보조금,2023,합천군
화물(소형),제이스모빌리티,이티밴,1200,800.0,2000.0,2023년도 전기자동차 합천군 모델별 보조금,2023,합천군
화물(소형),제이스모빌리티,이티4밴,1180,787.0,1967.0,2023년도 전기자동차 합천군 모델별 보조금,2023,합천군
화물(소형),오텍,오텍 무시동 전기 냉동탑차(봉고),1253,818.0,2071.0,2023년도 전기자동차 합천군 모델별 보조금,2023,합천군
화물(소형),이엔플러스,이엔1톤롱바디카고,959,640.0,1599.0,2023년도 전기자동차 합천군 모델별 보조금,2023,합천군
화물(소형),이엔플러스,이엔플러스EV1톤롱바디트럭,1009,672.0,1681.0,2023년도 전기자동차 합천군 모델별 보조금,2023,합천군
화물(소형),GS글로벌,T4K,1200,800.0,2000.0,2023년도 전기자동차 합천군 모델별 보조금,2023,합천군
화물(소형),에스에스라이트,젤라,986,658.0,1644.0,2023년도 전기자동차 합천군 모델별 보조금,2023,합천군
화물(소형),에스에스라이트,젤라 P200,1177,784.0,1961.0,2023년도 전기자동차 합천군 모델별 보조금,2023,합천군
화물(소형),한국쓰리축,한국쓰리축1톤롱바디EV트럭(봉고),943,629.0,1572.0,2023년도 전기자동차 합천군 모델별 보조금,2023,합천군
화물(소형),모빌리티네트웍스,SE-A2밴,1200,800.0,2000.0,2023년도 전기자동차 합천군 모델별 보조금,2023,합천군
화물(초소형),스마트솔루션즈,D2C,550,400.0,950.0,2023년도 전기자동차 제주특별자치도 모델별 보조금,2023,제주특별자치도
화물(초소형),스마트솔루션즈,D2P,550,400.0,950.0,2023년도 전기자동차 제주특별자치도 모델별 보조금,2023,제주특별자치도
화물(초소형),루트17,다니고3,550,400.0,950.0,2023년도 전기자동차 제주특별자치도 모델별 보조금,2023,제주특별자치도
화물(초소형),루트17,다니고3 픽업,550,400.0,950.0,2023년도 전기자동차 제주특별자치도 모델별 보조금,2023,제주특별자치도
화물(초소형),마스타전기차,MASTA VAN,550,400.0,950.0,2023년도 전기자동차 제주특별자치도 모델별 보조금,2023,제주특별자치도
화물(초소형),마스타전기차,MASTA HIM,550,400.0,950.0,2023년도 전기자동차 제주특별자치도 모델별 보조금,2023,제주특별자치도
화물(초소형),디피코,포트로-탑,550,400.0,950.0,2023년도 전기자동차 제주특별자치도 모델별 보조금,2023,제주특별자치도
화물(초소형),디피코,포트로-픽업,550,400.0,950.0,2023년도 전기자동차 제주특별자치도 모델별 보조금,2023,제주특별자치도
화물(초소형),디피코,포트로-탑S,550,400.0,950.0,2023년도 전기자동차 제주특별자치도 모델별 보조금,2023,제주특별자치도
화물(초소형),디피코,포트로-픽업S,550,400.0,950.0,2023년도 전기자동차 제주특별자치도 모델별 보조금,2023,제주특별자치도
화물(초소형),진우에스엠씨,포텐스,550,400.0,950.0,2023년도 전기자동차 제주특별자치도 모델별 보조금,2023,제주특별자치도
화물(경형),파워프라자,라보ev PEACE,900,500.0,1400.0,2023년도 전기자동차 제주특별자치도 모델별 보조금,2023,제주특별자치도
화물(경형),디피코,포트로350L-탑,900,500.0,1400.0,2023년도 전기자동차 제주특별자치도 모델별 보조금,2023,제주특별자치도
화물(경형),디피코,포트로350L-픽업,900,500.0,1400.0,2023년도 전기자동차 제주특별자치도 모델별 보조금,2023,제주특별자치도
화물(소형),제인모터스,제인모터스칼마토EV1톤내장탑차,498,207.0,705.0,2023년도 전기자동차 제주특별자치도 모델별 보조금,2023,제주특별자치도
화물(소형),파워프라자,봉고3ev PEACE,536,223.0,759.0,2023년도 전기자동차 제주특별자치도 모델별 보조금,2023,제주특별자치도
화물(소형),파워프라자,봉고3ev PEACE 더블캡,437,182.0,619.0,2023년도 전기자동차 제주특별자치도 모델별 보조금,2023,제주특별자치도
화물(소형),현대자동차,포터Ⅱ 일렉트릭(23MY),1200,500.0,1700.0,2023년도 전기자동차 제주특별자치도 모델별 보조금,2023,제주특별자치도
화물(소형),현대자동차,포터Ⅱ 일렉트릭(24MY),1200,500.0,1700.0,2023년도 전기자동차 제주특별자치도 모델별 보조금,2023,제주특별자치도
화물(소형),기아,봉고 전기차,1200,500.0,1700.0,2023년도 전기자동차 제주특별자치도 모델별 보조금,2023,제주특별자치도
화물(소형),기아,봉고 전기차 냉동탑차,1400,583.0,1983.0,2023년도 전기자동차 제주특별자치도 모델별 보조금,2023,제주특별자치도
화물(소형),기아,봉고 전기차 저상형 냉동탑차,1400,583.0,1983.0,2023년도 전기자동차 제주특별자치도 모델별 보조금,2023,제주특별자치도
화물(소형),일진정공,일진무시동전기냉동탑차(149.9km),1053,438.0,1491.0,2023년도 전기자동차 제주특별자치도 모델별 보조금,2023,제주특별자치도
화물(소형),일진정공,일진무시동전기냉동탑차(186.1km),1321,550.0,1871.0,2023년도 전기자동차 제주특별자치도 모델별 보조금,2023,제주특별자치도
화물(소형),일진정공,일진무시동전기냉동탑차(봉고),1460,608.0,2068.0,2023년도 전기자동차 제주특별자치도 모델별 보조금,2023,제주특별자치도
화물(소형),일진정공,일진무시동전기냉동탑차(포터),1444,601.0,2045.0,2023년도 전기자동차 제주특별자치도 모델별 보조금,2023,제주특별자치도
화물(소형),루트17,다니고밴,784,326.0,1110.0,2023년도 전기자동차 제주특별자치도 모델별 보조금,2023,제주특별자치도
화물(소형),루트17,다니고C(0.8톤 전기트럭),1112,463.0,1575.0,2023년도 전기자동차 제주특별자치도 모델별 보조금,2023,제주특별자치도
화물(소형),루트17,다니고C2(0.8톤 전기트럭),909,378.0,1287.0,2023년도 전기자동차 제주특별자치도 모델별 보조금,2023,제주특별자치도
화물(소형),루트17,다니고R(전기냉동탑차),1313,547.0,1860.0,2023년도 전기자동차 제주특별자치도 모델별 보조금,2023,제주특별자치도
화물(소형),루트17,다니고R2(무시동 전기냉동탑차),1212,505.0,1717.0,2023년도 전기자동차 제주특별자치도 모델별 보조금,2023,제주특별자치도
화물(소형),한신자동차,플러스2.0,648,270.0,918.0,2023년도 전기자동차 제주특별자치도 모델별 보조금,2023,제주특별자치도
화물(소형),비바모빌리티,(단종)비바,932,388.0,1320.0,2023년도 전기자동차 제주특별자치도 모델별 보조금,2023,제주특별자치도
화물(소형),비바모빌리티,(단종)브라보,802,334.0,1136.0,2023년도 전기자동차 제주특별자치도 모델별 보조금,2023,제주특별자치도
화물(소형),이브이케이엠씨,(단종)MASADA 2밴,1124,468.0,1592.0,2023년도 전기자동차 제주특별자치도 모델별 보조금,2023,제주특별자치도
화물(소형),이브이케이엠씨,(단종)MASADA 4밴,1025,427.0,1452.0,2023년도 전기자동차 제주특별자치도 모델별 보조금,2023,제주특별자치도
화물(소형),이브이케이엠씨,MASADA 픽업,1078,449.0,1527.0,2023년도 전기자동차 제주특별자치도 모델별 보조금,2023,제주특별자치도
화물(소형),이브이케이엠씨,MASADA 3세대 2밴,1124,468.0,1592.0,2023년도 전기자동차 제주특별자치도 모델별 보조금,2023,제주특별자치도
화물(소형),이브이케이엠씨,MASADA 3세대 4밴,1025,427.0,1452.0,2023년도 전기자동차 제주특별자치도 모델별 보조금,2023,제주특별자치도
화물(소형),이브이케이엠씨,MASADA 2밴,1200,500.0,1700.0,2023년도 전기자동차 제주특별자치도 모델별 보조금,2023,제주특별자치도
화물(소형),이브이케이엠씨,MASADA 4밴,1200,500.0,1700.0,2023년도 전기자동차 제주특별자치도 모델별 보조금,2023,제주특별자치도
화물(소형),경인모터스,경인1톤전기냉동탑차,1151,479.0,1630.0,2023년도 전기자동차 제주특별자치도 모델별 보조금,2023,제주특별자치도
화물(소형),제이스모빌리티,(단종)이티밴,1200,500.0,1700.0,2023년도 전기자동차 제주특별자치도 모델별 보조금,2023,제주특별자치도
화물(소형),제이스모빌리티,이티밴,1200,500.0,1700.0,2023년도 전기자동차 제주특별자치도 모델별 보조금,2023,제주특별자치도
화물(소형),제이스모빌리티,이티4밴,1180,491.0,1671.0,2023년도 전기자동차 제주특별자치도 모델별 보조금,2023,제주특별자치도
화물(소형),오텍,오텍 무시동 전기 냉동탑차(봉고),1253,522.0,1775.0,2023년도 전기자동차 제주특별자치도 모델별 보조금,2023,제주특별자치도
화물(소형),이엔플러스,이엔1톤롱바디카고,959,399.0,1358.0,2023년도 전기자동차 제주특별자치도 모델별 보조금,2023,제주특별자치도
화물(소형),이엔플러스,이엔플러스EV1톤롱바디트럭,1009,420.0,1429.0,2023년도 전기자동차 제주특별자치도 모델별 보조금,2023,제주특별자치도
화물(소형),GS글로벌,T4K,1200,500.0,1700.0,2023년도 전기자동차 제주특별자치도 모델별 보조금,2023,제주특별자치도
화물(소형),에스에스라이트,젤라,986,410.0,1396.0,2023년도 전기자동차 제주특별자치도 모델별 보조금,2023,제주특별자치도
화물(소형),에스에스라이트,젤라 P200,1177,490.0,1667.0,2023년도 전기자동차 제주특별자치도 모델별 보조금,2023,제주특별자치도
화물(소형),한국쓰리축,한국쓰리축1톤롱바디EV트럭(봉고),943,392.0,1335.0,2023년도 전기자동차 제주특별자치도 모델별 보조금,2023,제주특별자치도
화물(소형),한국쓰리축,한국쓰리축1톤롱바디EV트럭(포터),963,401.0,1364.0,2023년도 전기자동차 제주특별자치도 모델별 보조금,2023,제주특별자치도
화물(소형),모빌리티네트웍스,SE-A2밴,1200,500.0,1700.0,2023년도 전기자동차 제주특별자치도 모델별 보조금,2023,제주특별자치도
화물(초소형),스마트솔루션즈,D2C,550,0.0,550.0,2023년도 전기자동차 한국환경공단 모델별 보조금,2023,한국환경공단
화물(초소형),스마트솔루션즈,D2P,550,0.0,550.0,2023년도 전기자동차 한국환경공단 모델별 보조금,2023,한국환경공단
화물(초소형),루트17,다니고3,550,0.0,550.0,2023년도 전기자동차 한국환경공단 모델별 보조금,2023,한국환경공단
화물(초소형),루트17,다니고3 픽업,550,0.0,550.0,2023년도 전기자동차 한국환경공단 모델별 보조금,2023,한국환경공단
화물(초소형),마스타전기차,MASTA VAN,550,0.0,550.0,2023년도 전기자동차 한국환경공단 모델별 보조금,2023,한국환경공단
화물(초소형),마스타전기차,MASTA HIM,550,0.0,550.0,2023년도 전기자동차 한국환경공단 모델별 보조금,2023,한국환경공단
화물(초소형),디피코,포트로-탑,550,0.0,550.0,2023년도 전기자동차 한국환경공단 모델별 보조금,2023,한국환경공단
화물(초소형),디피코,포트로-픽업,550,0.0,550.0,2023년도 전기자동차 한국환경공단 모델별 보조금,2023,한국환경공단
화물(초소형),디피코,포트로-탑S,550,0.0,550.0,2023년도 전기자동차 한국환경공단 모델별 보조금,2023,한국환경공단
화물(초소형),디피코,포트로-픽업S,550,0.0,550.0,2023년도 전기자동차 한국환경공단 모델별 보조금,2023,한국환경공단
화물(초소형),진우에스엠씨,포텐스,550,0.0,550.0,2023년도 전기자동차 한국환경공단 모델별 보조금,2023,한국환경공단
화물(경형),파워프라자,라보ev PEACE,900,0.0,900.0,2023년도 전기자동차 한국환경공단 모델별 보조금,2023,한국환경공단
화물(경형),디피코,포트로350L-탑,900,0.0,900.0,2023년도 전기자동차 한국환경공단 모델별 보조금,2023,한국환경공단
화물(경형),디피코,포트로350L-픽업,900,0.0,900.0,2023년도 전기자동차 한국환경공단 모델별 보조금,2023,한국환경공단
화물(소형),제인모터스,제인모터스칼마토EV1톤내장탑차,498,0.0,498.0,2023년도 전기자동차 한국환경공단 모델별 보조금,2023,한국환경공단
화물(소형),파워프라자,봉고3ev PEACE,536,0.0,536.0,2023년도 전기자동차 한국환경공단 모델별 보조금,2023,한국환경공단
화물(소형),파워프라자,봉고3ev PEACE 더블캡,437,0.0,437.0,2023년도 전기자동차 한국환경공단 모델별 보조금,2023,한국환경공단
화물(소형),현대자동차,포터Ⅱ 일렉트릭(23MY),1200,0.0,1200.0,2023년도 전기자동차 한국환경공단 모델별 보조금,2023,한국환경공단
화물(소형),현대자동차,포터Ⅱ 일렉트릭(24MY),1200,0.0,1200.0,2023년도 전기자동차 한국환경공단 모델별 보조금,2023,한국환경공단
화물(소형),기아,봉고 전기차,1200,0.0,1200.0,2023년도 전기자동차 한국환경공단 모델별 보조금,2023,한국환경공단
화물(소형),기아,봉고 전기차 냉동탑차,1400,0.0,1400.0,2023년도 전기자동차 한국환경공단 모델별 보조금,2023,한국환경공단
화물(소형),기아,봉고 전기차 저상형 냉동탑차,1400,0.0,1400.0,2023년도 전기자동차 한국환경공단 모델별 보조금,2023,한국환경공단
화물(소형),일진정공,일진무시동전기냉동탑차(149.9km),1053,0.0,1053.0,2023년도 전기자동차 한국환경공단 모델별 보조금,2023,한국환경공단
화물(소형),일진정공,일진무시동전기냉동탑차(186.1km),1321,0.0,1321.0,2023년도 전기자동차 한국환경공단 모델별 보조금,2023,한국환경공단
화물(소형),일진정공,일진무시동전기냉동탑차(봉고),1460,0.0,1460.0,2023년도 전기자동차 한국환경공단 모델별 보조금,2023,한국환경공단
화물(소형),일진정공,일진무시동전기냉동탑차(포터),1444,0.0,1444.0,2023년도 전기자동차 한국환경공단 모델별 보조금,2023,한국환경공단
화물(소형),루트17,다니고밴,784,0.0,784.0,2023년도 전기자동차 한국환경공단 모델별 보조금,2023,한국환경공단
화물(소형),루트17,다니고C(0.8톤 전기트럭),1112,0.0,1112.0,2023년도 전기자동차 한국환경공단 모델별 보조금,2023,한국환경공단
화물(소형),루트17,다니고C2(0.8톤 전기트럭),909,0.0,909.0,2023년도 전기자동차 한국환경공단 모델별 보조금,2023,한국환경공단
화물(소형),루트17,다니고R(전기냉동탑차),1313,0.0,1313.0,2023년도 전기자동차 한국환경공단 모델별 보조금,2023,한국환경공단
화물(소형),루트17,다니고R2(무시동 전기냉동탑차),1212,0.0,1212.0,2023년도 전기자동차 한국환경공단 모델별 보조금,2023,한국환경공단
화물(소형),한신자동차,플러스2.0,648,0.0,648.0,2023년도 전기자동차 한국환경공단 모델별 보조금,2023,한국환경공단
화물(소형),비바모빌리티,(단종)비바,932,0.0,932.0,2023년도 전기자동차 한국환경공단 모델별 보조금,2023,한국환경공단
화물(소형),비바모빌리티,(단종)브라보,802,0.0,802.0,2023년도 전기자동차 한국환경공단 모델별 보조금,2023,한국환경공단
화물(소형),이브이케이엠씨,(단종)MASADA 2밴,1124,0.0,1124.0,2023년도 전기자동차 한국환경공단 모델별 보조금,2023,한국환경공단
화물(소형),이브이케이엠씨,(단종)MASADA 4밴,1025,0.0,1025.0,2023년도 전기자동차 한국환경공단 모델별 보조금,2023,한국환경공단
화물(소형),이브이케이엠씨,MASADA 픽업,1078,0.0,1078.0,2023년도 전기자동차 한국환경공단 모델별 보조금,2023,한국환경공단
화물(소형),이브이케이엠씨,MASADA 3세대 2밴,1124,0.0,1124.0,2023년도 전기자동차 한국환경공단 모델별 보조금,2023,한국환경공단
화물(소형),이브이케이엠씨,MASADA 3세대 4밴,1025,0.0,1025.0,2023년도 전기자동차 한국환경공단 모델별 보조금,2023,한국환경공단
화물(소형),이브이케이엠씨,MASADA 2밴,1200,0.0,1200.0,2023년도 전기자동차 한국환경공단 모델별 보조금,2023,한국환경공단
화물(소형),경인모터스,경인1톤전기냉동탑차,1151,0.0,1151.0,2023년도 전기자동차 한국환경공단 모델별 보조금,2023,한국환경공단
화물(소형),제이스모빌리티,(단종)이티밴,1200,0.0,1200.0,2023년도 전기자동차 한국환경공단 모델별 보조금,2023,한국환경공단
화물(소형),제이스모빌리티,이티밴,1200,0.0,1200.0,2023년도 전기자동차 한국환경공단 모델별 보조금,2023,한국환경공단
화물(소형),제이스모빌리티,이티4밴,1180,0.0,1180.0,2023년도 전기자동차 한국환경공단 모델별 보조금,2023,한국환경공단
화물(소형),오텍,오텍 무시동 전기 냉동탑차(봉고),1253,0.0,1253.0,2023년도 전기자동차 한국환경공단 모델별 보조금,2023,한국환경공단
화물(소형),이엔플러스,이엔1톤롱바디카고,959,0.0,959.0,2023년도 전기자동차 한국환경공단 모델별 보조금,2023,한국환경공단
화물(소형),이엔플러스,이엔플러스EV1톤롱바디트럭,1009,0.0,1009.0,2023년도 전기자동차 한국환경공단 모델별 보조금,2023,한국환경공단
화물(소형),GS글로벌,T4K,1200,0.0,1200.0,2023년도 전기자동차 한국환경공단 모델별 보조금,2023,한국환경공단
화물(소형),에스에스라이트,젤라,986,0.0,986.0,2023년도 전기자동차 한국환경공단 모델별 보조금,2023,한국환경공단
화물(소형),에스에스라이트,젤라 P200,1177,0.0,1177.0,2023년도 전기자동차 한국환경공단 모델별 보조금,2023,한국환경공단
화물(소형),한국쓰리축,한국쓰리축1톤롱바디EV트럭(봉고),943,0.0,943.0,2023년도 전기자동차 한국환경공단 모델별 보조금,2023,한국환경공단
화물(소형),한국쓰리축,한국쓰리축1톤롱바디EV트럭(포터),963,0.0,963.0,2023년도 전기자동차 한국환경공단 모델별 보조금,2023,한국환경공단
화물(소형),모빌리티네트웍스,SE-A2밴,1200,0.0,1200.0,2023년도 전기자동차 한국환경공단 모델별 보조금,2023,한국환경공단
화물(초소형),스마트솔루션즈,D2C,550,275.0,825.0,2023년도 전기자동차 서울특별시 모델별 보조금,2023,서울특별시
화물(초소형),스마트솔루션즈,D2P,550,275.0,825.0,2023년도 전기자동차 서울특별시 모델별 보조금,2023,서울특별시
화물(초소형),루트17,다니고3,550,275.0,825.0,2023년도 전기자동차 서울특별시 모델별 보조금,2023,서울특별시
화물(초소형),루트17,다니고3 픽업,550,275.0,825.0,2023년도 전기자동차 서울특별시 모델별 보조금,2023,서울특별시
화물(초소형),마스타전기차,MASTA VAN,550,275.0,825.0,2023년도 전기자동차 서울특별시 모델별 보조금,2023,서울특별시
화물(초소형),마스타전기차,MASTA HIM,550,275.0,825.0,2023년도 전기자동차 서울특별시 모델별 보조금,2023,서울특별시
화물(초소형),디피코,포트로-탑,550,275.0,825.0,2023년도 전기자동차 서울특별시 모델별 보조금,2023,서울특별시
화물(초소형),디피코,포트로-픽업,550,275.0,825.0,2023년도 전기자동차 서울특별시 모델별 보조금,2023,서울특별시
화물(초소형),디피코,포트로-탑S,550,275.0,825.0,2023년도 전기자동차 서울특별시 모델별 보조금,2023,서울특별시
화물(초소형),디피코,포트로-픽업S,550,275.0,825.0,2023년도 전기자동차 서울특별시 모델별 보조금,2023,서울특별시
화물(초소형),진우에스엠씨,포텐스,550,275.0,825.0,2023년도 전기자동차 서울특별시 모델별 보조금,2023,서울특별시
화물(경형),파워프라자,라보ev PEACE,900,360.0,1260.0,2023년도 전기자동차 서울특별시 모델별 보조금,2023,서울특별시
화물(경형),디피코,포트로350L-탑,900,360.0,1260.0,2023년도 전기자동차 서울특별시 모델별 보조금,2023,서울특별시
화물(경형),디피코,포트로350L-픽업,900,360.0,1260.0,2023년도 전기자동차 서울특별시 모델별 보조금,2023,서울특별시
화물(소형),제인모터스,제인모터스칼마토EV1톤내장탑차,498,166.0,664.0,2023년도 전기자동차 서울특별시 모델별 보조금,2023,서울특별시
화물(소형),파워프라자,봉고3ev PEACE,536,178.0,714.0,2023년도 전기자동차 서울특별시 모델별 보조금,2023,서울특별시
화물(소형),파워프라자,봉고3ev PEACE 더블캡,437,145.0,582.0,2023년도 전기자동차 서울특별시 모델별 보조금,2023,서울특별시
화물(소형),현대자동차,포터Ⅱ 일렉트릭(24MY),1200,400.0,1600.0,2023년도 전기자동차 서울특별시 모델별 보조금,2023,서울특별시
화물(소형),기아,봉고 전기차,1200,400.0,1600.0,2023년도 전기자동차 서울특별시 모델별 보조금,2023,서울특별시
화물(소형),기아,봉고 전기차 냉동탑차,1400,466.0,1866.0,2023년도 전기자동차 서울특별시 모델별 보조금,2023,서울특별시
화물(소형),기아,봉고 전기차 저상형 냉동탑차,1400,466.0,1866.0,2023년도 전기자동차 서울특별시 모델별 보조금,2023,서울특별시
화물(소형),일진정공,일진무시동전기냉동탑차(149.9km),1053,351.0,1404.0,2023년도 전기자동차 서울특별시 모델별 보조금,2023,서울특별시
화물(소형),일진정공,일진무시동전기냉동탑차(186.1km),1321,440.0,1761.0,2023년도 전기자동차 서울특별시 모델별 보조금,2023,서울특별시
화물(소형),일진정공,일진무시동전기냉동탑차(봉고),1460,486.0,1946.0,2023년도 전기자동차 서울특별시 모델별 보조금,2023,서울특별시
화물(소형),일진정공,일진무시동전기냉동탑차(포터),1444,481.0,1925.0,2023년도 전기자동차 서울특별시 모델별 보조금,2023,서울특별시
화물(소형),루트17,다니고밴,784,261.0,1045.0,2023년도 전기자동차 서울특별시 모델별 보조금,2023,서울특별시
화물(소형),루트17,다니고C(0.8톤 전기트럭),1112,370.0,1482.0,2023년도 전기자동차 서울특별시 모델별 보조금,2023,서울특별시
화물(소형),루트17,다니고C2(0.8톤 전기트럭),909,303.0,1212.0,2023년도 전기자동차 서울특별시 모델별 보조금,2023,서울특별시
화물(소형),루트17,다니고R(전기냉동탑차),1313,437.0,1750.0,2023년도 전기자동차 서울특별시 모델별 보조금,2023,서울특별시
화물(소형),루트17,다니고R2(무시동 전기냉동탑차),1212,404.0,1616.0,2023년도 전기자동차 서울특별시 모델별 보조금,2023,서울특별시
화물(소형),한신자동차,플러스2.0,648,216.0,864.0,2023년도 전기자동차 서울특별시 모델별 보조금,2023,서울특별시
화물(소형),비바모빌리티,(단종)비바,932,310.0,1242.0,2023년도 전기자동차 서울특별시 모델별 보조금,2023,서울특별시
화물(소형),비바모빌리티,(단종)브라보,802,267.0,1069.0,2023년도 전기자동차 서울특별시 모델별 보조금,2023,서울특별시
화물(소형),이브이케이엠씨,(단종)MASADA 2밴,1124,374.0,1498.0,2023년도 전기자동차 서울특별시 모델별 보조금,2023,서울특별시
화물(소형),이브이케이엠씨,(단종)MASADA 4밴,1025,341.0,1366.0,2023년도 전기자동차 서울특별시 모델별 보조금,2023,서울특별시
화물(소형),이브이케이엠씨,MASADA 픽업,1078,359.0,1437.0,2023년도 전기자동차 서울특별시 모델별 보조금,2023,서울특별시
화물(소형),이브이케이엠씨,MASADA 3세대 2밴,1124,374.0,1498.0,2023년도 전기자동차 서울특별시 모델별 보조금,2023,서울특별시
화물(소형),이브이케이엠씨,MASADA 3세대 4밴,1025,341.0,1366.0,2023년도 전기자동차 서울특별시 모델별 보조금,2023,서울특별시
화물(소형),이브이케이엠씨,MASADA 2밴,1200,400.0,1600.0,2023년도 전기자동차 서울특별시 모델별 보조금,2023,서울특별시
화물(소형),이브이케이엠씨,MASADA 4밴,1200,400.0,1600.0,2023년도 전기자동차 서울특별시 모델별 보조금,2023,서울특별시
화물(소형),경인모터스,경인1톤전기냉동탑차,1151,383.0,1534.0,2023년도 전기자동차 서울특별시 모델별 보조금,2023,서울특별시
화물(소형),제이스모빌리티,(단종)이티밴,1200,400.0,1600.0,2023년도 전기자동차 서울특별시 모델별 보조금,2023,서울특별시
화물(소형),제이스모빌리티,이티4밴,1180,393.0,1573.0,2023년도 전기자동차 서울특별시 모델별 보조금,2023,서울특별시
화물(소형),오텍,오텍 무시동 전기 냉동탑차(봉고),1253,417.0,1670.0,2023년도 전기자동차 서울특별시 모델별 보조금,2023,서울특별시
화물(소형),이엔플러스,이엔1톤롱바디카고,959,319.0,1278.0,2023년도 전기자동차 서울특별시 모델별 보조금,2023,서울특별시
화물(소형),이엔플러스,이엔플러스EV1톤롱바디트럭,1009,336.0,1345.0,2023년도 전기자동차 서울특별시 모델별 보조금,2023,서울특별시
화물(소형),GS글로벌,T4K,1200,400.0,1600.0,2023년도 전기자동차 서울특별시 모델별 보조금,2023,서울특별시
화물(소형),에스에스라이트,젤라,986,328.0,1314.0,2023년도 전기자동차 서울특별시 모델별 보조금,2023,서울특별시
화물(소형),에스에스라이트,젤라 P200,1177,392.0,1569.0,2023년도 전기자동차 서울특별시 모델별 보조금,2023,서울특별시
화물(소형),한국쓰리축,한국쓰리축1톤롱바디EV트럭(봉고),943,314.0,1257.0,2023년도 전기자동차 서울특별시 모델별 보조금,2023,서울특별시
화물(소형),한국쓰리축,한국쓰리축1톤롱바디EV트럭(포터),963,321.0,1284.0,2023년도 전기자동차 서울특별시 모델별 보조금,2023,서울특별시
화물(소형),모빌리티네트웍스,SE-A2밴,1200,400.0,1600.0,2023년도 전기자동차 서울특별시 모델별 보조금,2023,서울특별시
