차종,제조사,모델명,국비 (만원),지방비 (만원),보조금 (만원),text,연도,행정구역
승합(중형),현대자동차,카운티 일렉트릭,3915,274,4189,2024년도 전기자동차 부산광역시 모델별 보조금,2024,부산광역시
승합(중형),현대자동차,카운티 일렉트릭(마을버스),4000,280,4280,2024년도 전기자동차 부산광역시 모델별 보조금,2024,부산광역시
승합(중형),이비온,"E6(JL618S), 어린이통학",1127,78,1205,2024년도 전기자동차 부산광역시 모델별 보조금,2024,부산광역시
승합(중형),GS글로벌,NEW BYD eBus-7,1007,70,1077,2024년도 전기자동차 부산광역시 모델별 보조금,2024,부산광역시
승합(중형),한차,GREENWAY720,4250,297,4547,2024년도 전기자동차 부산광역시 모델별 보조금,2024,부산광역시
승합(중형),테라팩토리,"테라밴키즈(2022), 어린이운송용14명",776,54,830,2024년도 전기자동차 부산광역시 모델별 보조금,2024,부산광역시
승합(중형),테라팩토리,"테라밴키즈11(2022), 어린이운송용11명",772,54,826,2024년도 전기자동차 부산광역시 모델별 보조금,2024,부산광역시
승합(중형),테라팩토리,테라밴,767,53,820,2024년도 전기자동차 부산광역시 모델별 보조금,2024,부산광역시
승합(중형),중원자동차,EV J1,1496,104,1600,2024년도 전기자동차 부산광역시 모델별 보조금,2024,부산광역시
승합(중형),쏠테로,트라베리-Y540E,1676,117,1793,2024년도 전기자동차 부산광역시 모델별 보조금,2024,부산광역시
승합(중형),쏠테로,트라베리-Y550E,1676,117,1793,2024년도 전기자동차 부산광역시 모델별 보조금,2024,부산광역시
승합(중형),쏠테로,트라베리-Y560E,1676,117,1793,2024년도 전기자동차 부산광역시 모델별 보조금,2024,부산광역시
승합(중형),리텍,e-CENTRO-K,2385,166,2551,2024년도 전기자동차 부산광역시 모델별 보조금,2024,부산광역시
승합(중형),에빅오토모티브코리아,세레온(어린이),5000,350,5350,2024년도 전기자동차 부산광역시 모델별 보조금,2024,부산광역시
승합(중형),에빅오토모티브코리아,세레온(마을),5000,350,5350,2024년도 전기자동차 부산광역시 모델별 보조금,2024,부산광역시
승합(대형),현대자동차,일렉시티 이층버스,11900,500,12400,2024년도 전기자동차 부산광역시 모델별 보조금,2024,부산광역시
승합(대형),현대자동차,일렉시티(3PACK),7000,500,7500,2024년도 전기자동차 부산광역시 모델별 보조금,2024,부산광역시
승합(대형),현대자동차,일렉시티(4PACK V1),7000,500,7500,2024년도 전기자동차 부산광역시 모델별 보조금,2024,부산광역시
승합(대형),현대자동차,일렉시티(4PACK V2),7000,500,7500,2024년도 전기자동차 부산광역시 모델별 보조금,2024,부산광역시
승합(대형),현대자동차,일렉시티 타운,6859,489,7348,2024년도 전기자동차 부산광역시 모델별 보조금,2024,부산광역시
승합(대형),케이지모빌리티커머셜,SMART 110(272kWh),3850,275,4125,2024년도 전기자동차 부산광역시 모델별 보조금,2024,부산광역시
승합(대형),케이지모빌리티커머셜,SMART 110E(347kWh),5950,425,6375,2024년도 전기자동차 부산광역시 모델별 보조금,2024,부산광역시
승합(대형),케이지모빌리티커머셜,SMART 110(260kWh),5724,408,6132,2024년도 전기자동차 부산광역시 모델별 보조금,2024,부산광역시
승합(대형),케이지모빌리티커머셜,SMART 110E(260kWh),5950,425,6375,2024년도 전기자동차 부산광역시 모델별 보조금,2024,부산광역시
승합(대형),케이지모빌리티커머셜,SMART 110(301kWh),7000,500,7500,2024년도 전기자동차 부산광역시 모델별 보조금,2024,부산광역시
승합(대형),케이지모빌리티커머셜,KG C090,6916,0,6916,2024년도 전기자동차 부산광역시 모델별 보조금,2024,부산광역시
승합(대형),우진산전,아폴로900전기버스,4719,337,5056,2024년도 전기자동차 부산광역시 모델별 보조금,2024,부산광역시
승합(대형),우진산전,아폴로1100전기버스 23MY,7000,500,7500,2024년도 전기자동차 부산광역시 모델별 보조금,2024,부산광역시
승합(대형),우진산전,아폴로1200-B43,7000,500,7500,2024년도 전기자동차 부산광역시 모델별 보조금,2024,부산광역시
승합(대형),우진산전,아폴로1200-S42,7000,500,7500,2024년도 전기자동차 부산광역시 모델별 보조금,2024,부산광역시
승합(대형),우진산전,아폴로1200-B42,7000,500,7500,2024년도 전기자동차 부산광역시 모델별 보조금,2024,부산광역시
승합(대형),우진산전,아폴로1200-B29,7000,500,7500,2024년도 전기자동차 부산광역시 모델별 보조금,2024,부산광역시
승합(대형),우진산전,아폴로1200-S29,7000,500,7500,2024년도 전기자동차 부산광역시 모델별 보조금,2024,부산광역시
승합(대형),우진산전,아폴로900 V2.0,6819,487,7306,2024년도 전기자동차 부산광역시 모델별 보조금,2024,부산광역시
승합(대형),우진산전,아폴로1100 양문형,6459,461,6920,2024년도 전기자동차 부산광역시 모델별 보조금,2024,부산광역시
승합(대형),우진산전,아폴로1100 V2.0,7000,500,7500,2024년도 전기자동차 부산광역시 모델별 보조금,2024,부산광역시
승합(대형),피라인모터스,HYPERS1609N,5796,414,6210,2024년도 전기자동차 부산광역시 모델별 보조금,2024,부산광역시
승합(대형),피라인모터스,HYPERS1611N,5440,388,5828,2024년도 전기자동차 부산광역시 모델별 보조금,2024,부산광역시
승합(대형),피라인모터스,HYPERS1609HN,5755,411,6166,2024년도 전기자동차 부산광역시 모델별 보조금,2024,부산광역시
승합(대형),피라인모터스,HYPERS1609N(25인승),5794,413,6207,2024년도 전기자동차 부산광역시 모델별 보조금,2024,부산광역시
승합(대형),피라인모터스,HYPERS1609HN(25인승),5755,411,6166,2024년도 전기자동차 부산광역시 모델별 보조금,2024,부산광역시
승합(대형),피라인모터스,HYPERS PRIME,7000,500,7500,2024년도 전기자동차 부산광역시 모델별 보조금,2024,부산광역시
승합(대형),피라인모터스,HYPERS1609P(접이식),7000,500,7500,2024년도 전기자동차 부산광역시 모델별 보조금,2024,부산광역시
승합(대형),피라인모터스,HYPERS1609P(힙레스트),7000,500,7500,2024년도 전기자동차 부산광역시 모델별 보조금,2024,부산광역시
승합(대형),피라인모터스,HYPERS1609P(25인승 접이식),7000,500,7500,2024년도 전기자동차 부산광역시 모델별 보조금,2024,부산광역시
승합(대형),피라인모터스,HYPERS1609P(25인승 힙레스트),7000,500,7500,2024년도 전기자동차 부산광역시 모델별 보조금,2024,부산광역시
승합(대형),피라인모터스,HYPERS1611P(접이식),7000,500,7500,2024년도 전기자동차 부산광역시 모델별 보조금,2024,부산광역시
승합(대형),피라인모터스,HYPERS1611P(힙레스트),7000,500,7500,2024년도 전기자동차 부산광역시 모델별 보조금,2024,부산광역시
승합(대형),피라인모터스,HYPERS HP,7000,500,7500,2024년도 전기자동차 부산광역시 모델별 보조금,2024,부산광역시
승합(대형),범한자동차,E-SKY11(350kWh),1980,141,2121,2024년도 전기자동차 부산광역시 모델별 보조금,2024,부산광역시
승합(대형),범한자동차,E-SKY9(281kWh),1980,141,2121,2024년도 전기자동차 부산광역시 모델별 보조금,2024,부산광역시
승합(대형),범한자동차,E-STAR8 V1,1719,122,1841,2024년도 전기자동차 부산광역시 모델별 보조금,2024,부산광역시
승합(대형),범한자동차,E-STAR11,1980,141,2121,2024년도 전기자동차 부산광역시 모델별 보조금,2024,부산광역시
승합(대형),범한자동차,E-STAR12i,2480,177,2657,2024년도 전기자동차 부산광역시 모델별 보조금,2024,부산광역시
승합(대형),에스에이피,아이즘(IZM),1440,102,1542,2024년도 전기자동차 부산광역시 모델별 보조금,2024,부산광역시
승합(대형),에스에이피,엘페(ELFE),1889,134,2023,2024년도 전기자동차 부산광역시 모델별 보조금,2024,부산광역시
승합(대형),에스에이피,리오네(LIONNE),1440,102,1542,2024년도 전기자동차 부산광역시 모델별 보조금,2024,부산광역시
승합(대형),에스에이피,네오포스(NEOFORCE),1440,102,1542,2024년도 전기자동차 부산광역시 모델별 보조금,2024,부산광역시
승합(대형),GS글로벌,NEW BYD eBus-12,2180,155,2335,2024년도 전기자동차 부산광역시 모델별 보조금,2024,부산광역시
승합(대형),GS글로벌,BYD eBus9,2310,165,2475,2024년도 전기자동차 부산광역시 모델별 보조금,2024,부산광역시
승합(대형),GS글로벌,BYD eBus11,3440,245,3685,2024년도 전기자동차 부산광역시 모델별 보조금,2024,부산광역시
승합(대형),티에스에코에너지,일레누스(TS1100-1),5771,412,6183,2024년도 전기자동차 부산광역시 모델별 보조금,2024,부산광역시
승합(대형),티에스에코에너지,일레누스(TS900-1),6914,493,7407,2024년도 전기자동차 부산광역시 모델별 보조금,2024,부산광역시
승합(대형),이온모터스,시티라이트Ⅱ,2290,163,2453,2024년도 전기자동차 부산광역시 모델별 보조금,2024,부산광역시
승합(대형),이온모터스,시티라이트9,2310,165,2475,2024년도 전기자동차 부산광역시 모델별 보조금,2024,부산광역시
승합(대형),한차,GREENWAY1100A,5950,425,6375,2024년도 전기자동차 부산광역시 모델별 보조금,2024,부산광역시
승합(대형),이엠코리아,에픽시티(LFP),2310,165,2475,2024년도 전기자동차 부산광역시 모델별 보조금,2024,부산광역시
승합(대형),이엠코리아,에픽타운(LFP),2101,150,2251,2024년도 전기자동차 부산광역시 모델별 보조금,2024,부산광역시
승합(대형),이엠코리아,에픽시티(NCM),7000,500,7500,2024년도 전기자동차 부산광역시 모델별 보조금,2024,부산광역시
승합(대형),이엠코리아,에픽타운(NCM),6439,459,6898,2024년도 전기자동차 부산광역시 모델별 보조금,2024,부산광역시
승합(대형),태영티엔티,GD11N,7000,500,7500,2024년도 전기자동차 부산광역시 모델별 보조금,2024,부산광역시
승합(대형),재일홀딩스,그린타운400,1539,109,1648,2024년도 전기자동차 부산광역시 모델별 보조금,2024,부산광역시
승합(대형),아이버스,아이버스어린이운송차,5950,425,6375,2024년도 전기자동차 부산광역시 모델별 보조금,2024,부산광역시
승합(중형),현대자동차,카운티 일렉트릭,3915,783,4698,2024년도 전기자동차 대구광역시 모델별 보조금,2024,대구광역시
승합(중형),현대자동차,카운티 일렉트릭(마을버스),4000,800,4800,2024년도 전기자동차 대구광역시 모델별 보조금,2024,대구광역시
승합(중형),이비온,"E6(JL618S), 어린이통학",1127,225,1352,2024년도 전기자동차 대구광역시 모델별 보조금,2024,대구광역시
승합(중형),GS글로벌,NEW BYD eBus-7,1007,201,1208,2024년도 전기자동차 대구광역시 모델별 보조금,2024,대구광역시
승합(중형),한차,GREENWAY720,4250,850,5100,2024년도 전기자동차 대구광역시 모델별 보조금,2024,대구광역시
승합(중형),테라팩토리,"테라밴키즈(2022), 어린이운송용14명",776,155,931,2024년도 전기자동차 대구광역시 모델별 보조금,2024,대구광역시
승합(중형),테라팩토리,"테라밴키즈11(2022), 어린이운송용11명",772,154,926,2024년도 전기자동차 대구광역시 모델별 보조금,2024,대구광역시
승합(중형),테라팩토리,테라밴,767,153,920,2024년도 전기자동차 대구광역시 모델별 보조금,2024,대구광역시
승합(중형),중원자동차,EV J1,1496,299,1795,2024년도 전기자동차 대구광역시 모델별 보조금,2024,대구광역시
승합(중형),쏠테로,트라베리-Y540E,1676,335,2011,2024년도 전기자동차 대구광역시 모델별 보조금,2024,대구광역시
승합(중형),쏠테로,트라베리-Y550E,1676,335,2011,2024년도 전기자동차 대구광역시 모델별 보조금,2024,대구광역시
승합(중형),쏠테로,트라베리-Y560E,1676,335,2011,2024년도 전기자동차 대구광역시 모델별 보조금,2024,대구광역시
승합(중형),리텍,e-CENTRO-K,2385,477,2862,2024년도 전기자동차 대구광역시 모델별 보조금,2024,대구광역시
승합(중형),에빅오토모티브코리아,세레온(어린이),5000,1000,6000,2024년도 전기자동차 대구광역시 모델별 보조금,2024,대구광역시
승합(중형),에빅오토모티브코리아,세레온(마을),5000,1000,6000,2024년도 전기자동차 대구광역시 모델별 보조금,2024,대구광역시
승합(대형),현대자동차,일렉시티 이층버스,11900,0,11900,2024년도 전기자동차 대구광역시 모델별 보조금,2024,대구광역시
승합(대형),현대자동차,일렉시티(3PACK),7000,0,7000,2024년도 전기자동차 대구광역시 모델별 보조금,2024,대구광역시
승합(대형),현대자동차,일렉시티(4PACK V1),7000,0,7000,2024년도 전기자동차 대구광역시 모델별 보조금,2024,대구광역시
승합(대형),현대자동차,일렉시티(4PACK V2),7000,0,7000,2024년도 전기자동차 대구광역시 모델별 보조금,2024,대구광역시
승합(대형),현대자동차,일렉시티 타운,6859,0,6859,2024년도 전기자동차 대구광역시 모델별 보조금,2024,대구광역시
승합(대형),케이지모빌리티커머셜,SMART 110(272kWh),3850,0,3850,2024년도 전기자동차 대구광역시 모델별 보조금,2024,대구광역시
승합(대형),케이지모빌리티커머셜,SMART 110E(347kWh),5950,0,5950,2024년도 전기자동차 대구광역시 모델별 보조금,2024,대구광역시
승합(대형),케이지모빌리티커머셜,SMART 110(260kWh),5724,0,5724,2024년도 전기자동차 대구광역시 모델별 보조금,2024,대구광역시
승합(대형),케이지모빌리티커머셜,SMART 110E(260kWh),5950,0,5950,2024년도 전기자동차 대구광역시 모델별 보조금,2024,대구광역시
승합(대형),케이지모빌리티커머셜,SMART 110(301kWh),7000,0,7000,2024년도 전기자동차 대구광역시 모델별 보조금,2024,대구광역시
승합(대형),케이지모빌리티커머셜,KG C090,6916,0,6916,2024년도 전기자동차 대구광역시 모델별 보조금,2024,대구광역시
승합(대형),우진산전,아폴로900전기버스,4719,0,4719,2024년도 전기자동차 대구광역시 모델별 보조금,2024,대구광역시
승합(대형),우진산전,아폴로1100전기버스 23MY,7000,0,7000,2024년도 전기자동차 대구광역시 모델별 보조금,2024,대구광역시
승합(대형),우진산전,아폴로1200-B43,7000,0,7000,2024년도 전기자동차 대구광역시 모델별 보조금,2024,대구광역시
승합(대형),우진산전,아폴로1200-S42,7000,0,7000,2024년도 전기자동차 대구광역시 모델별 보조금,2024,대구광역시
승합(대형),우진산전,아폴로1200-B42,7000,0,7000,2024년도 전기자동차 대구광역시 모델별 보조금,2024,대구광역시
승합(대형),우진산전,아폴로1200-B29,7000,0,7000,2024년도 전기자동차 대구광역시 모델별 보조금,2024,대구광역시
승합(대형),우진산전,아폴로1200-S29,7000,0,7000,2024년도 전기자동차 대구광역시 모델별 보조금,2024,대구광역시
승합(대형),우진산전,아폴로900 V2.0,6819,0,6819,2024년도 전기자동차 대구광역시 모델별 보조금,2024,대구광역시
승합(대형),우진산전,아폴로1100 양문형,6459,0,6459,2024년도 전기자동차 대구광역시 모델별 보조금,2024,대구광역시
승합(대형),우진산전,아폴로1100 V2.0,7000,0,7000,2024년도 전기자동차 대구광역시 모델별 보조금,2024,대구광역시
승합(대형),피라인모터스,HYPERS1609N,5796,0,5796,2024년도 전기자동차 대구광역시 모델별 보조금,2024,대구광역시
승합(대형),피라인모터스,HYPERS1611N,5440,0,5440,2024년도 전기자동차 대구광역시 모델별 보조금,2024,대구광역시
승합(대형),피라인모터스,HYPERS1609HN,5755,0,5755,2024년도 전기자동차 대구광역시 모델별 보조금,2024,대구광역시
승합(대형),피라인모터스,HYPERS1609N(25인승),5794,0,5794,2024년도 전기자동차 대구광역시 모델별 보조금,2024,대구광역시
승합(대형),피라인모터스,HYPERS1609HN(25인승),5755,0,5755,2024년도 전기자동차 대구광역시 모델별 보조금,2024,대구광역시
승합(대형),피라인모터스,HYPERS PRIME,7000,0,7000,2024년도 전기자동차 대구광역시 모델별 보조금,2024,대구광역시
승합(대형),피라인모터스,HYPERS1609P(접이식),7000,0,7000,2024년도 전기자동차 대구광역시 모델별 보조금,2024,대구광역시
승합(대형),피라인모터스,HYPERS1609P(힙레스트),7000,0,7000,2024년도 전기자동차 대구광역시 모델별 보조금,2024,대구광역시
승합(대형),피라인모터스,HYPERS1609P(25인승 접이식),7000,0,7000,2024년도 전기자동차 대구광역시 모델별 보조금,2024,대구광역시
승합(대형),피라인모터스,HYPERS1609P(25인승 힙레스트),7000,0,7000,2024년도 전기자동차 대구광역시 모델별 보조금,2024,대구광역시
승합(대형),피라인모터스,HYPERS1611P(접이식),7000,0,7000,2024년도 전기자동차 대구광역시 모델별 보조금,2024,대구광역시
승합(대형),피라인모터스,HYPERS1611P(힙레스트),7000,0,7000,2024년도 전기자동차 대구광역시 모델별 보조금,2024,대구광역시
승합(대형),피라인모터스,HYPERS HP,7000,0,7000,2024년도 전기자동차 대구광역시 모델별 보조금,2024,대구광역시
승합(대형),범한자동차,E-SKY11(350kWh),1980,0,1980,2024년도 전기자동차 대구광역시 모델별 보조금,2024,대구광역시
승합(대형),범한자동차,E-SKY9(281kWh),1980,0,1980,2024년도 전기자동차 대구광역시 모델별 보조금,2024,대구광역시
승합(대형),범한자동차,E-STAR8 V1,1719,0,1719,2024년도 전기자동차 대구광역시 모델별 보조금,2024,대구광역시
승합(대형),범한자동차,E-STAR11,1980,0,1980,2024년도 전기자동차 대구광역시 모델별 보조금,2024,대구광역시
승합(대형),범한자동차,E-STAR12i,2480,0,2480,2024년도 전기자동차 대구광역시 모델별 보조금,2024,대구광역시
승합(대형),에스에이피,아이즘(IZM),1440,0,1440,2024년도 전기자동차 대구광역시 모델별 보조금,2024,대구광역시
승합(대형),에스에이피,엘페(ELFE),1889,0,1889,2024년도 전기자동차 대구광역시 모델별 보조금,2024,대구광역시
승합(대형),에스에이피,리오네(LIONNE),1440,0,1440,2024년도 전기자동차 대구광역시 모델별 보조금,2024,대구광역시
승합(대형),에스에이피,네오포스(NEOFORCE),1440,0,1440,2024년도 전기자동차 대구광역시 모델별 보조금,2024,대구광역시
승합(대형),GS글로벌,NEW BYD eBus-12,2180,0,2180,2024년도 전기자동차 대구광역시 모델별 보조금,2024,대구광역시
승합(대형),GS글로벌,BYD eBus9,2310,0,2310,2024년도 전기자동차 대구광역시 모델별 보조금,2024,대구광역시
승합(대형),GS글로벌,BYD eBus11,3440,0,3440,2024년도 전기자동차 대구광역시 모델별 보조금,2024,대구광역시
승합(대형),티에스에코에너지,일레누스(TS1100-1),5771,0,5771,2024년도 전기자동차 대구광역시 모델별 보조금,2024,대구광역시
승합(대형),티에스에코에너지,일레누스(TS900-1),6914,0,6914,2024년도 전기자동차 대구광역시 모델별 보조금,2024,대구광역시
승합(대형),이온모터스,시티라이트Ⅱ,2290,0,2290,2024년도 전기자동차 대구광역시 모델별 보조금,2024,대구광역시
승합(대형),이온모터스,시티라이트9,2310,0,2310,2024년도 전기자동차 대구광역시 모델별 보조금,2024,대구광역시
승합(대형),한차,GREENWAY1100A,5950,0,5950,2024년도 전기자동차 대구광역시 모델별 보조금,2024,대구광역시
승합(대형),이엠코리아,에픽시티(LFP),2310,0,2310,2024년도 전기자동차 대구광역시 모델별 보조금,2024,대구광역시
승합(대형),이엠코리아,에픽타운(LFP),2101,0,2101,2024년도 전기자동차 대구광역시 모델별 보조금,2024,대구광역시
승합(대형),이엠코리아,에픽시티(NCM),7000,0,7000,2024년도 전기자동차 대구광역시 모델별 보조금,2024,대구광역시
승합(대형),이엠코리아,에픽타운(NCM),6439,0,6439,2024년도 전기자동차 대구광역시 모델별 보조금,2024,대구광역시
승합(대형),태영티엔티,GD11N,7000,0,7000,2024년도 전기자동차 대구광역시 모델별 보조금,2024,대구광역시
승합(대형),재일홀딩스,그린타운400,1539,0,1539,2024년도 전기자동차 대구광역시 모델별 보조금,2024,대구광역시
승합(대형),아이버스,아이버스어린이운송차,5950,0,5950,2024년도 전기자동차 대구광역시 모델별 보조금,2024,대구광역시
승합(중형),현대자동차,카운티 일렉트릭,3915,555,4470,2024년도 전기자동차 인천광역시 모델별 보조금,2024,인천광역시
승합(중형),현대자동차,카운티 일렉트릭(마을버스),4000,568,4568,2024년도 전기자동차 인천광역시 모델별 보조금,2024,인천광역시
승합(중형),이비온,"E6(JL618S), 어린이통학",1127,160,1287,2024년도 전기자동차 인천광역시 모델별 보조금,2024,인천광역시
승합(중형),GS글로벌,NEW BYD eBus-7,1007,142,1149,2024년도 전기자동차 인천광역시 모델별 보조금,2024,인천광역시
승합(중형),한차,GREENWAY720,4250,603,4853,2024년도 전기자동차 인천광역시 모델별 보조금,2024,인천광역시
승합(중형),테라팩토리,"테라밴키즈(2022), 어린이운송용14명",776,110,886,2024년도 전기자동차 인천광역시 모델별 보조금,2024,인천광역시
승합(중형),테라팩토리,"테라밴키즈11(2022), 어린이운송용11명",772,109,881,2024년도 전기자동차 인천광역시 모델별 보조금,2024,인천광역시
승합(중형),테라팩토리,테라밴,767,108,875,2024년도 전기자동차 인천광역시 모델별 보조금,2024,인천광역시
승합(중형),중원자동차,EV J1,1496,212,1708,2024년도 전기자동차 인천광역시 모델별 보조금,2024,인천광역시
승합(중형),쏠테로,트라베리-Y540E,1676,237,1913,2024년도 전기자동차 인천광역시 모델별 보조금,2024,인천광역시
승합(중형),쏠테로,트라베리-Y550E,1676,237,1913,2024년도 전기자동차 인천광역시 모델별 보조금,2024,인천광역시
승합(중형),쏠테로,트라베리-Y560E,1676,237,1913,2024년도 전기자동차 인천광역시 모델별 보조금,2024,인천광역시
승합(중형),리텍,e-CENTRO-K,2385,338,2723,2024년도 전기자동차 인천광역시 모델별 보조금,2024,인천광역시
승합(중형),에빅오토모티브코리아,세레온(어린이),5000,710,5710,2024년도 전기자동차 인천광역시 모델별 보조금,2024,인천광역시
승합(중형),에빅오토모티브코리아,세레온(마을),5000,710,5710,2024년도 전기자동차 인천광역시 모델별 보조금,2024,인천광역시
승합(대형),현대자동차,일렉시티 이층버스,11900,1700,13600,2024년도 전기자동차 인천광역시 모델별 보조금,2024,인천광역시
승합(대형),현대자동차,일렉시티(3PACK),7000,1000,8000,2024년도 전기자동차 인천광역시 모델별 보조금,2024,인천광역시
승합(대형),현대자동차,일렉시티(4PACK V1),7000,1000,8000,2024년도 전기자동차 인천광역시 모델별 보조금,2024,인천광역시
승합(대형),현대자동차,일렉시티(4PACK V2),7000,1000,8000,2024년도 전기자동차 인천광역시 모델별 보조금,2024,인천광역시
승합(대형),현대자동차,일렉시티 타운,6859,979,7838,2024년도 전기자동차 인천광역시 모델별 보조금,2024,인천광역시
승합(대형),케이지모빌리티커머셜,SMART 110(272kWh),3850,550,4400,2024년도 전기자동차 인천광역시 모델별 보조금,2024,인천광역시
승합(대형),케이지모빌리티커머셜,SMART 110E(347kWh),5950,850,6800,2024년도 전기자동차 인천광역시 모델별 보조금,2024,인천광역시
승합(대형),케이지모빌리티커머셜,SMART 110(260kWh),5724,817,6541,2024년도 전기자동차 인천광역시 모델별 보조금,2024,인천광역시
승합(대형),케이지모빌리티커머셜,SMART 110E(260kWh),5950,850,6800,2024년도 전기자동차 인천광역시 모델별 보조금,2024,인천광역시
승합(대형),케이지모빌리티커머셜,SMART 110(301kWh),7000,1000,8000,2024년도 전기자동차 인천광역시 모델별 보조금,2024,인천광역시
승합(대형),우진산전,아폴로900전기버스,4719,674,5393,2024년도 전기자동차 인천광역시 모델별 보조금,2024,인천광역시
승합(대형),우진산전,아폴로1100전기버스 23MY,7000,1000,8000,2024년도 전기자동차 인천광역시 모델별 보조금,2024,인천광역시
승합(대형),우진산전,아폴로1200-B43,7000,1000,8000,2024년도 전기자동차 인천광역시 모델별 보조금,2024,인천광역시
승합(대형),우진산전,아폴로1200-S42,7000,1000,8000,2024년도 전기자동차 인천광역시 모델별 보조금,2024,인천광역시
승합(대형),우진산전,아폴로1200-B42,7000,1000,8000,2024년도 전기자동차 인천광역시 모델별 보조금,2024,인천광역시
승합(대형),우진산전,아폴로1200-B29,7000,1000,8000,2024년도 전기자동차 인천광역시 모델별 보조금,2024,인천광역시
승합(대형),우진산전,아폴로1200-S29,7000,1000,8000,2024년도 전기자동차 인천광역시 모델별 보조금,2024,인천광역시
승합(대형),우진산전,아폴로900 V2.0,6819,974,7793,2024년도 전기자동차 인천광역시 모델별 보조금,2024,인천광역시
승합(대형),우진산전,아폴로1100 양문형,6459,922,7381,2024년도 전기자동차 인천광역시 모델별 보조금,2024,인천광역시
승합(대형),우진산전,아폴로1100 V2.0,7000,1000,8000,2024년도 전기자동차 인천광역시 모델별 보조금,2024,인천광역시
승합(대형),피라인모터스,HYPERS1609N,5796,828,6624,2024년도 전기자동차 인천광역시 모델별 보조금,2024,인천광역시
승합(대형),피라인모터스,HYPERS1611N,5440,777,6217,2024년도 전기자동차 인천광역시 모델별 보조금,2024,인천광역시
승합(대형),피라인모터스,HYPERS1609HN,5755,822,6577,2024년도 전기자동차 인천광역시 모델별 보조금,2024,인천광역시
승합(대형),피라인모터스,HYPERS1609N(25인승),5794,827,6621,2024년도 전기자동차 인천광역시 모델별 보조금,2024,인천광역시
승합(대형),피라인모터스,HYPERS1609HN(25인승),5755,822,6577,2024년도 전기자동차 인천광역시 모델별 보조금,2024,인천광역시
승합(대형),피라인모터스,HYPERS PRIME,7000,1000,8000,2024년도 전기자동차 인천광역시 모델별 보조금,2024,인천광역시
승합(대형),피라인모터스,HYPERS1609P(접이식),7000,1000,8000,2024년도 전기자동차 인천광역시 모델별 보조금,2024,인천광역시
승합(대형),피라인모터스,HYPERS1609P(힙레스트),7000,1000,8000,2024년도 전기자동차 인천광역시 모델별 보조금,2024,인천광역시
승합(대형),피라인모터스,HYPERS1609P(25인승 접이식),7000,1000,8000,2024년도 전기자동차 인천광역시 모델별 보조금,2024,인천광역시
승합(대형),피라인모터스,HYPERS1609P(25인승 힙레스트),7000,1000,8000,2024년도 전기자동차 인천광역시 모델별 보조금,2024,인천광역시
승합(대형),피라인모터스,HYPERS1611P(접이식),7000,1000,8000,2024년도 전기자동차 인천광역시 모델별 보조금,2024,인천광역시
승합(대형),피라인모터스,HYPERS1611P(힙레스트),7000,1000,8000,2024년도 전기자동차 인천광역시 모델별 보조금,2024,인천광역시
승합(대형),피라인모터스,HYPERS HP,7000,1000,8000,2024년도 전기자동차 인천광역시 모델별 보조금,2024,인천광역시
승합(대형),범한자동차,E-SKY11(350kWh),1980,282,2262,2024년도 전기자동차 인천광역시 모델별 보조금,2024,인천광역시
승합(대형),범한자동차,E-SKY9(281kWh),1980,282,2262,2024년도 전기자동차 인천광역시 모델별 보조금,2024,인천광역시
승합(대형),범한자동차,E-STAR8 V1,1719,245,1964,2024년도 전기자동차 인천광역시 모델별 보조금,2024,인천광역시
승합(대형),범한자동차,E-STAR11,1980,282,2262,2024년도 전기자동차 인천광역시 모델별 보조금,2024,인천광역시
승합(대형),범한자동차,E-STAR12i,2480,354,2834,2024년도 전기자동차 인천광역시 모델별 보조금,2024,인천광역시
승합(대형),에스에이피,아이즘(IZM),1440,205,1645,2024년도 전기자동차 인천광역시 모델별 보조금,2024,인천광역시
승합(대형),에스에이피,엘페(ELFE),1889,269,2158,2024년도 전기자동차 인천광역시 모델별 보조금,2024,인천광역시
승합(대형),에스에이피,리오네(LIONNE),1440,205,1645,2024년도 전기자동차 인천광역시 모델별 보조금,2024,인천광역시
승합(대형),에스에이피,네오포스(NEOFORCE),1440,205,1645,2024년도 전기자동차 인천광역시 모델별 보조금,2024,인천광역시
승합(대형),GS글로벌,NEW BYD eBus-12,2180,311,2491,2024년도 전기자동차 인천광역시 모델별 보조금,2024,인천광역시
승합(대형),GS글로벌,BYD eBus9,2310,330,2640,2024년도 전기자동차 인천광역시 모델별 보조금,2024,인천광역시
승합(대형),GS글로벌,BYD eBus11,3440,491,3931,2024년도 전기자동차 인천광역시 모델별 보조금,2024,인천광역시
승합(대형),티에스에코에너지,일레누스(TS1100-1),5771,824,6595,2024년도 전기자동차 인천광역시 모델별 보조금,2024,인천광역시
승합(대형),티에스에코에너지,일레누스(TS900-1),6914,987,7901,2024년도 전기자동차 인천광역시 모델별 보조금,2024,인천광역시
승합(대형),이온모터스,시티라이트Ⅱ,2290,327,2617,2024년도 전기자동차 인천광역시 모델별 보조금,2024,인천광역시
승합(대형),이온모터스,시티라이트9,2310,330,2640,2024년도 전기자동차 인천광역시 모델별 보조금,2024,인천광역시
승합(대형),한차,GREENWAY1100A,5950,850,6800,2024년도 전기자동차 인천광역시 모델별 보조금,2024,인천광역시
승합(대형),이엠코리아,에픽시티(LFP),2310,330,2640,2024년도 전기자동차 인천광역시 모델별 보조금,2024,인천광역시
승합(대형),이엠코리아,에픽타운(LFP),2101,300,2401,2024년도 전기자동차 인천광역시 모델별 보조금,2024,인천광역시
승합(대형),태영티엔티,GD11N,7000,1000,8000,2024년도 전기자동차 인천광역시 모델별 보조금,2024,인천광역시
승합(대형),재일홀딩스,그린타운400,1539,219,1758,2024년도 전기자동차 인천광역시 모델별 보조금,2024,인천광역시
승합(대형),아이버스,아이버스어린이운송차,5950,850,6800,2024년도 전기자동차 인천광역시 모델별 보조금,2024,인천광역시
승합(중형),현대자동차,카운티 일렉트릭,3915,1566,5481,2024년도 전기자동차 광주광역시 모델별 보조금,2024,광주광역시
승합(중형),현대자동차,카운티 일렉트릭(마을버스),4000,1600,5600,2024년도 전기자동차 광주광역시 모델별 보조금,2024,광주광역시
승합(중형),이비온,"E6(JL618S), 어린이통학",1127,450,1577,2024년도 전기자동차 광주광역시 모델별 보조금,2024,광주광역시
승합(중형),GS글로벌,NEW BYD eBus-7,1007,402,1409,2024년도 전기자동차 광주광역시 모델별 보조금,2024,광주광역시
승합(중형),한차,GREENWAY720,4250,1700,5950,2024년도 전기자동차 광주광역시 모델별 보조금,2024,광주광역시
승합(중형),테라팩토리,"테라밴키즈(2022), 어린이운송용14명",776,310,1086,2024년도 전기자동차 광주광역시 모델별 보조금,2024,광주광역시
승합(중형),테라팩토리,"테라밴키즈11(2022), 어린이운송용11명",772,308,1080,2024년도 전기자동차 광주광역시 모델별 보조금,2024,광주광역시
승합(중형),테라팩토리,테라밴,767,306,1073,2024년도 전기자동차 광주광역시 모델별 보조금,2024,광주광역시
승합(중형),중원자동차,EV J1,1496,598,2094,2024년도 전기자동차 광주광역시 모델별 보조금,2024,광주광역시
승합(중형),쏠테로,트라베리-Y540E,1676,670,2346,2024년도 전기자동차 광주광역시 모델별 보조금,2024,광주광역시
승합(중형),쏠테로,트라베리-Y550E,1676,670,2346,2024년도 전기자동차 광주광역시 모델별 보조금,2024,광주광역시
승합(중형),쏠테로,트라베리-Y560E,1676,670,2346,2024년도 전기자동차 광주광역시 모델별 보조금,2024,광주광역시
승합(중형),리텍,e-CENTRO-K,2385,954,3339,2024년도 전기자동차 광주광역시 모델별 보조금,2024,광주광역시
승합(중형),에빅오토모티브코리아,세레온(어린이),5000,2000,7000,2024년도 전기자동차 광주광역시 모델별 보조금,2024,광주광역시
승합(중형),에빅오토모티브코리아,세레온(마을),5000,2000,7000,2024년도 전기자동차 광주광역시 모델별 보조금,2024,광주광역시
승합(대형),현대자동차,일렉시티 이층버스,11900,0,11900,2024년도 전기자동차 광주광역시 모델별 보조금,2024,광주광역시
승합(대형),현대자동차,일렉시티(3PACK),7000,0,7000,2024년도 전기자동차 광주광역시 모델별 보조금,2024,광주광역시
승합(대형),현대자동차,일렉시티(4PACK V1),7000,0,7000,2024년도 전기자동차 광주광역시 모델별 보조금,2024,광주광역시
승합(대형),현대자동차,일렉시티(4PACK V2),7000,0,7000,2024년도 전기자동차 광주광역시 모델별 보조금,2024,광주광역시
승합(대형),현대자동차,일렉시티 타운,6859,0,6859,2024년도 전기자동차 광주광역시 모델별 보조금,2024,광주광역시
승합(대형),케이지모빌리티커머셜,SMART 110(272kWh),3850,0,3850,2024년도 전기자동차 광주광역시 모델별 보조금,2024,광주광역시
승합(대형),케이지모빌리티커머셜,SMART 110E(347kWh),5950,0,5950,2024년도 전기자동차 광주광역시 모델별 보조금,2024,광주광역시
승합(대형),케이지모빌리티커머셜,SMART 110(260kWh),5724,0,5724,2024년도 전기자동차 광주광역시 모델별 보조금,2024,광주광역시
승합(대형),케이지모빌리티커머셜,SMART 110E(260kWh),5950,0,5950,2024년도 전기자동차 광주광역시 모델별 보조금,2024,광주광역시
승합(대형),케이지모빌리티커머셜,SMART 110(301kWh),7000,0,7000,2024년도 전기자동차 광주광역시 모델별 보조금,2024,광주광역시
승합(대형),우진산전,아폴로900전기버스,4719,0,4719,2024년도 전기자동차 광주광역시 모델별 보조금,2024,광주광역시
승합(대형),우진산전,아폴로1100전기버스 23MY,7000,0,7000,2024년도 전기자동차 광주광역시 모델별 보조금,2024,광주광역시
승합(대형),우진산전,아폴로1200-B43,7000,0,7000,2024년도 전기자동차 광주광역시 모델별 보조금,2024,광주광역시
승합(대형),우진산전,아폴로1200-S42,7000,0,7000,2024년도 전기자동차 광주광역시 모델별 보조금,2024,광주광역시
승합(대형),우진산전,아폴로1200-B42,7000,0,7000,2024년도 전기자동차 광주광역시 모델별 보조금,2024,광주광역시
승합(대형),우진산전,아폴로1200-B29,7000,0,7000,2024년도 전기자동차 광주광역시 모델별 보조금,2024,광주광역시
승합(대형),우진산전,아폴로1200-S29,7000,0,7000,2024년도 전기자동차 광주광역시 모델별 보조금,2024,광주광역시
승합(대형),피라인모터스,HYPERS1609N,5796,0,5796,2024년도 전기자동차 광주광역시 모델별 보조금,2024,광주광역시
승합(대형),피라인모터스,HYPERS1611N,5440,0,5440,2024년도 전기자동차 광주광역시 모델별 보조금,2024,광주광역시
승합(대형),피라인모터스,HYPERS1609HN,5755,0,5755,2024년도 전기자동차 광주광역시 모델별 보조금,2024,광주광역시
승합(대형),피라인모터스,HYPERS1609N(25인승),5794,0,5794,2024년도 전기자동차 광주광역시 모델별 보조금,2024,광주광역시
승합(대형),피라인모터스,HYPERS1609HN(25인승),5755,0,5755,2024년도 전기자동차 광주광역시 모델별 보조금,2024,광주광역시
승합(대형),피라인모터스,HYPERS PRIME,7000,0,7000,2024년도 전기자동차 광주광역시 모델별 보조금,2024,광주광역시
승합(대형),피라인모터스,HYPERS1609P(접이식),7000,0,7000,2024년도 전기자동차 광주광역시 모델별 보조금,2024,광주광역시
승합(대형),피라인모터스,HYPERS1609P(힙레스트),7000,0,7000,2024년도 전기자동차 광주광역시 모델별 보조금,2024,광주광역시
승합(대형),피라인모터스,HYPERS1609P(25인승 접이식),7000,0,7000,2024년도 전기자동차 광주광역시 모델별 보조금,2024,광주광역시
승합(대형),피라인모터스,HYPERS1609P(25인승 힙레스트),7000,0,7000,2024년도 전기자동차 광주광역시 모델별 보조금,2024,광주광역시
승합(대형),피라인모터스,HYPERS1611P(접이식),7000,0,7000,2024년도 전기자동차 광주광역시 모델별 보조금,2024,광주광역시
승합(대형),피라인모터스,HYPERS1611P(힙레스트),7000,0,7000,2024년도 전기자동차 광주광역시 모델별 보조금,2024,광주광역시
승합(대형),피라인모터스,HYPERS HP,7000,0,7000,2024년도 전기자동차 광주광역시 모델별 보조금,2024,광주광역시
승합(대형),범한자동차,E-SKY11(350kWh),1980,0,1980,2024년도 전기자동차 광주광역시 모델별 보조금,2024,광주광역시
승합(대형),범한자동차,E-SKY9(281kWh),1980,0,1980,2024년도 전기자동차 광주광역시 모델별 보조금,2024,광주광역시
승합(대형),범한자동차,E-STAR8 V1,1719,0,1719,2024년도 전기자동차 광주광역시 모델별 보조금,2024,광주광역시
승합(대형),범한자동차,E-STAR11,1980,0,1980,2024년도 전기자동차 광주광역시 모델별 보조금,2024,광주광역시
승합(대형),범한자동차,E-STAR12i,2480,0,2480,2024년도 전기자동차 광주광역시 모델별 보조금,2024,광주광역시
승합(대형),에스에이피,아이즘(IZM),1440,0,1440,2024년도 전기자동차 광주광역시 모델별 보조금,2024,광주광역시
승합(대형),에스에이피,엘페(ELFE),1889,0,1889,2024년도 전기자동차 광주광역시 모델별 보조금,2024,광주광역시
승합(대형),에스에이피,리오네(LIONNE),1440,0,1440,2024년도 전기자동차 광주광역시 모델별 보조금,2024,광주광역시
승합(대형),에스에이피,네오포스(NEOFORCE),1440,0,1440,2024년도 전기자동차 광주광역시 모델별 보조금,2024,광주광역시
승합(대형),GS글로벌,NEW BYD eBus-12,2180,0,2180,2024년도 전기자동차 광주광역시 모델별 보조금,2024,광주광역시
승합(대형),GS글로벌,BYD eBus9,2310,0,2310,2024년도 전기자동차 광주광역시 모델별 보조금,2024,광주광역시
승합(대형),GS글로벌,BYD eBus11,3440,0,3440,2024년도 전기자동차 광주광역시 모델별 보조금,2024,광주광역시
승합(대형),티에스에코에너지,일레누스(TS1100-1),5771,0,5771,2024년도 전기자동차 광주광역시 모델별 보조금,2024,광주광역시
승합(대형),티에스에코에너지,일레누스(TS900-1),6914,0,6914,2024년도 전기자동차 광주광역시 모델별 보조금,2024,광주광역시
승합(대형),이온모터스,시티라이트Ⅱ,2290,0,2290,2024년도 전기자동차 광주광역시 모델별 보조금,2024,광주광역시
승합(대형),이온모터스,시티라이트9,2310,0,2310,2024년도 전기자동차 광주광역시 모델별 보조금,2024,광주광역시
승합(대형),한차,GREENWAY1100A,5950,0,5950,2024년도 전기자동차 광주광역시 모델별 보조금,2024,광주광역시
승합(대형),이엠코리아,에픽시티(LFP),2310,0,2310,2024년도 전기자동차 광주광역시 모델별 보조금,2024,광주광역시
승합(대형),이엠코리아,에픽타운(LFP),2101,0,2101,2024년도 전기자동차 광주광역시 모델별 보조금,2024,광주광역시
승합(대형),태영티엔티,GD11N,7000,0,7000,2024년도 전기자동차 광주광역시 모델별 보조금,2024,광주광역시
승합(대형),재일홀딩스,그린타운400,1539,0,1539,2024년도 전기자동차 광주광역시 모델별 보조금,2024,광주광역시
승합(대형),아이버스,아이버스어린이운송차,5950,0,5950,2024년도 전기자동차 광주광역시 모델별 보조금,2024,광주광역시
승합(중형),현대자동차,카운티 일렉트릭,3915,1677,5592,2024년도 전기자동차 대전광역시 모델별 보조금,2024,대전광역시
승합(중형),현대자동차,카운티 일렉트릭(마을버스),4000,1713,5713,2024년도 전기자동차 대전광역시 모델별 보조금,2024,대전광역시
승합(중형),이비온,"E6(JL618S), 어린이통학",1127,482,1609,2024년도 전기자동차 대전광역시 모델별 보조금,2024,대전광역시
승합(중형),GS글로벌,NEW BYD eBus-7,1007,431,1438,2024년도 전기자동차 대전광역시 모델별 보조금,2024,대전광역시
승합(중형),한차,GREENWAY720,4250,1820,6070,2024년도 전기자동차 대전광역시 모델별 보조금,2024,대전광역시
승합(중형),테라팩토리,"테라밴키즈(2022), 어린이운송용14명",776,332,1108,2024년도 전기자동차 대전광역시 모델별 보조금,2024,대전광역시
승합(중형),테라팩토리,"테라밴키즈11(2022), 어린이운송용11명",772,330,1102,2024년도 전기자동차 대전광역시 모델별 보조금,2024,대전광역시
승합(중형),테라팩토리,테라밴,767,328,1095,2024년도 전기자동차 대전광역시 모델별 보조금,2024,대전광역시
승합(중형),중원자동차,EV J1,1496,640,2136,2024년도 전기자동차 대전광역시 모델별 보조금,2024,대전광역시
승합(중형),쏠테로,트라베리-Y540E,1676,717,2393,2024년도 전기자동차 대전광역시 모델별 보조금,2024,대전광역시
승합(중형),쏠테로,트라베리-Y550E,1676,717,2393,2024년도 전기자동차 대전광역시 모델별 보조금,2024,대전광역시
승합(중형),쏠테로,트라베리-Y560E,1676,717,2393,2024년도 전기자동차 대전광역시 모델별 보조금,2024,대전광역시
승합(중형),리텍,e-CENTRO-K,2385,1021,3406,2024년도 전기자동차 대전광역시 모델별 보조금,2024,대전광역시
승합(중형),에빅오토모티브코리아,세레온(어린이),5000,2140,7140,2024년도 전기자동차 대전광역시 모델별 보조금,2024,대전광역시
승합(중형),에빅오토모티브코리아,세레온(마을),5000,2140,7140,2024년도 전기자동차 대전광역시 모델별 보조금,2024,대전광역시
승합(대형),현대자동차,일렉시티 이층버스,11900,9800,21700,2024년도 전기자동차 대전광역시 모델별 보조금,2024,대전광역시
승합(대형),현대자동차,일렉시티(3PACK),7000,9800,16800,2024년도 전기자동차 대전광역시 모델별 보조금,2024,대전광역시
승합(대형),현대자동차,일렉시티(4PACK V1),7000,9800,16800,2024년도 전기자동차 대전광역시 모델별 보조금,2024,대전광역시
승합(대형),현대자동차,일렉시티(4PACK V2),7000,9800,16800,2024년도 전기자동차 대전광역시 모델별 보조금,2024,대전광역시
승합(대형),현대자동차,일렉시티 타운,6859,9602,16461,2024년도 전기자동차 대전광역시 모델별 보조금,2024,대전광역시
승합(대형),케이지모빌리티커머셜,SMART 110(272kWh),3850,5390,9240,2024년도 전기자동차 대전광역시 모델별 보조금,2024,대전광역시
승합(대형),케이지모빌리티커머셜,SMART 110E(347kWh),5950,8330,14280,2024년도 전기자동차 대전광역시 모델별 보조금,2024,대전광역시
승합(대형),케이지모빌리티커머셜,SMART 110(260kWh),5724,8013,13737,2024년도 전기자동차 대전광역시 모델별 보조금,2024,대전광역시
승합(대형),케이지모빌리티커머셜,SMART 110E(260kWh),5950,8330,14280,2024년도 전기자동차 대전광역시 모델별 보조금,2024,대전광역시
승합(대형),케이지모빌리티커머셜,SMART 110(301kWh),7000,9800,16800,2024년도 전기자동차 대전광역시 모델별 보조금,2024,대전광역시
승합(대형),케이지모빌리티커머셜,KG C090,6916,9682,16598,2024년도 전기자동차 대전광역시 모델별 보조금,2024,대전광역시
승합(대형),우진산전,아폴로900전기버스,4719,6606,11325,2024년도 전기자동차 대전광역시 모델별 보조금,2024,대전광역시
승합(대형),우진산전,아폴로1100전기버스 23MY,7000,9800,16800,2024년도 전기자동차 대전광역시 모델별 보조금,2024,대전광역시
승합(대형),우진산전,아폴로1200-B43,7000,9800,16800,2024년도 전기자동차 대전광역시 모델별 보조금,2024,대전광역시
승합(대형),우진산전,아폴로1200-S42,7000,9800,16800,2024년도 전기자동차 대전광역시 모델별 보조금,2024,대전광역시
승합(대형),우진산전,아폴로1200-B42,7000,9800,16800,2024년도 전기자동차 대전광역시 모델별 보조금,2024,대전광역시
승합(대형),우진산전,아폴로1200-B29,7000,9800,16800,2024년도 전기자동차 대전광역시 모델별 보조금,2024,대전광역시
승합(대형),우진산전,아폴로1200-S29,7000,9800,16800,2024년도 전기자동차 대전광역시 모델별 보조금,2024,대전광역시
승합(대형),우진산전,아폴로900 V2.0,6819,9546,16365,2024년도 전기자동차 대전광역시 모델별 보조금,2024,대전광역시
승합(대형),우진산전,아폴로1100 양문형,6459,9042,15501,2024년도 전기자동차 대전광역시 모델별 보조금,2024,대전광역시
승합(대형),우진산전,아폴로1100 V2.0,7000,9800,16800,2024년도 전기자동차 대전광역시 모델별 보조금,2024,대전광역시
승합(대형),피라인모터스,HYPERS1609N,5796,8114,13910,2024년도 전기자동차 대전광역시 모델별 보조금,2024,대전광역시
승합(대형),피라인모터스,HYPERS1611N,5440,7616,13056,2024년도 전기자동차 대전광역시 모델별 보조금,2024,대전광역시
승합(대형),피라인모터스,HYPERS1609HN,5755,8057,13812,2024년도 전기자동차 대전광역시 모델별 보조금,2024,대전광역시
승합(대형),피라인모터스,HYPERS1609N(25인승),5794,8111,13905,2024년도 전기자동차 대전광역시 모델별 보조금,2024,대전광역시
승합(대형),피라인모터스,HYPERS1609HN(25인승),5755,8057,13812,2024년도 전기자동차 대전광역시 모델별 보조금,2024,대전광역시
승합(대형),피라인모터스,HYPERS PRIME,7000,9800,16800,2024년도 전기자동차 대전광역시 모델별 보조금,2024,대전광역시
승합(대형),피라인모터스,HYPERS1609P(접이식),7000,9800,16800,2024년도 전기자동차 대전광역시 모델별 보조금,2024,대전광역시
승합(대형),피라인모터스,HYPERS1609P(힙레스트),7000,9800,16800,2024년도 전기자동차 대전광역시 모델별 보조금,2024,대전광역시
승합(대형),피라인모터스,HYPERS1609P(25인승 접이식),7000,9800,16800,2024년도 전기자동차 대전광역시 모델별 보조금,2024,대전광역시
승합(대형),피라인모터스,HYPERS1609P(25인승 힙레스트),7000,9800,16800,2024년도 전기자동차 대전광역시 모델별 보조금,2024,대전광역시
승합(대형),피라인모터스,HYPERS1611P(접이식),7000,9800,16800,2024년도 전기자동차 대전광역시 모델별 보조금,2024,대전광역시
승합(대형),피라인모터스,HYPERS1611P(힙레스트),7000,9800,16800,2024년도 전기자동차 대전광역시 모델별 보조금,2024,대전광역시
승합(대형),피라인모터스,HYPERS HP,7000,9800,16800,2024년도 전기자동차 대전광역시 모델별 보조금,2024,대전광역시
승합(대형),범한자동차,E-SKY11(350kWh),1980,2772,4752,2024년도 전기자동차 대전광역시 모델별 보조금,2024,대전광역시
승합(대형),범한자동차,E-SKY9(281kWh),1980,2772,4752,2024년도 전기자동차 대전광역시 모델별 보조금,2024,대전광역시
승합(대형),범한자동차,E-STAR8 V1,1719,2406,4125,2024년도 전기자동차 대전광역시 모델별 보조금,2024,대전광역시
승합(대형),범한자동차,E-STAR11,1980,2772,4752,2024년도 전기자동차 대전광역시 모델별 보조금,2024,대전광역시
승합(대형),범한자동차,E-STAR12i,2480,3472,5952,2024년도 전기자동차 대전광역시 모델별 보조금,2024,대전광역시
승합(대형),에스에이피,아이즘(IZM),1440,2016,3456,2024년도 전기자동차 대전광역시 모델별 보조금,2024,대전광역시
승합(대형),에스에이피,엘페(ELFE),1889,2644,4533,2024년도 전기자동차 대전광역시 모델별 보조금,2024,대전광역시
승합(대형),에스에이피,리오네(LIONNE),1440,2016,3456,2024년도 전기자동차 대전광역시 모델별 보조금,2024,대전광역시
승합(대형),에스에이피,네오포스(NEOFORCE),1440,2016,3456,2024년도 전기자동차 대전광역시 모델별 보조금,2024,대전광역시
승합(대형),GS글로벌,NEW BYD eBus-12,2180,3052,5232,2024년도 전기자동차 대전광역시 모델별 보조금,2024,대전광역시
승합(대형),GS글로벌,BYD eBus9,2310,3234,5544,2024년도 전기자동차 대전광역시 모델별 보조금,2024,대전광역시
승합(대형),GS글로벌,BYD eBus11,3440,4816,8256,2024년도 전기자동차 대전광역시 모델별 보조금,2024,대전광역시
승합(대형),티에스에코에너지,일레누스(TS1100-1),5771,8079,13850,2024년도 전기자동차 대전광역시 모델별 보조금,2024,대전광역시
승합(대형),티에스에코에너지,일레누스(TS900-1),6914,9679,16593,2024년도 전기자동차 대전광역시 모델별 보조금,2024,대전광역시
승합(대형),이온모터스,시티라이트Ⅱ,2290,3206,5496,2024년도 전기자동차 대전광역시 모델별 보조금,2024,대전광역시
승합(대형),이온모터스,시티라이트9,2310,3234,5544,2024년도 전기자동차 대전광역시 모델별 보조금,2024,대전광역시
승합(대형),한차,GREENWAY1100A,5950,8330,14280,2024년도 전기자동차 대전광역시 모델별 보조금,2024,대전광역시
승합(대형),이엠코리아,에픽시티(LFP),2310,3234,5544,2024년도 전기자동차 대전광역시 모델별 보조금,2024,대전광역시
승합(대형),이엠코리아,에픽타운(LFP),2101,2941,5042,2024년도 전기자동차 대전광역시 모델별 보조금,2024,대전광역시
승합(대형),이엠코리아,에픽시티(NCM),7000,9800,16800,2024년도 전기자동차 대전광역시 모델별 보조금,2024,대전광역시
승합(대형),이엠코리아,에픽타운(NCM),6439,9014,15453,2024년도 전기자동차 대전광역시 모델별 보조금,2024,대전광역시
승합(대형),태영티엔티,GD11N,7000,9800,16800,2024년도 전기자동차 대전광역시 모델별 보조금,2024,대전광역시
승합(대형),재일홀딩스,그린타운400,1539,2154,3693,2024년도 전기자동차 대전광역시 모델별 보조금,2024,대전광역시
승합(대형),아이버스,아이버스어린이운송차,5950,0,5950,2024년도 전기자동차 대전광역시 모델별 보조금,2024,대전광역시
승합(중형),현대자동차,카운티 일렉트릭,3915,3915,7830,2024년도 전기자동차 울산광역시 모델별 보조금,2024,울산광역시
승합(중형),현대자동차,카운티 일렉트릭(마을버스),4000,4000,8000,2024년도 전기자동차 울산광역시 모델별 보조금,2024,울산광역시
승합(중형),이비온,"E6(JL618S), 어린이통학",1127,1127,2254,2024년도 전기자동차 울산광역시 모델별 보조금,2024,울산광역시
승합(중형),GS글로벌,NEW BYD eBus-7,1007,1007,2014,2024년도 전기자동차 울산광역시 모델별 보조금,2024,울산광역시
승합(중형),한차,GREENWAY720,4250,4250,8500,2024년도 전기자동차 울산광역시 모델별 보조금,2024,울산광역시
승합(중형),테라팩토리,"테라밴키즈(2022), 어린이운송용14명",776,776,1552,2024년도 전기자동차 울산광역시 모델별 보조금,2024,울산광역시
승합(중형),테라팩토리,"테라밴키즈11(2022), 어린이운송용11명",772,772,1544,2024년도 전기자동차 울산광역시 모델별 보조금,2024,울산광역시
승합(중형),테라팩토리,테라밴,767,767,1534,2024년도 전기자동차 울산광역시 모델별 보조금,2024,울산광역시
승합(중형),중원자동차,EV J1,1496,1496,2992,2024년도 전기자동차 울산광역시 모델별 보조금,2024,울산광역시
승합(중형),쏠테로,트라베리-Y540E,1676,1676,3352,2024년도 전기자동차 울산광역시 모델별 보조금,2024,울산광역시
승합(중형),쏠테로,트라베리-Y550E,1676,1676,3352,2024년도 전기자동차 울산광역시 모델별 보조금,2024,울산광역시
승합(중형),쏠테로,트라베리-Y560E,1676,1676,3352,2024년도 전기자동차 울산광역시 모델별 보조금,2024,울산광역시
승합(대형),현대자동차,일렉시티 이층버스,11900,0,11900,2024년도 전기자동차 울산광역시 모델별 보조금,2024,울산광역시
승합(대형),현대자동차,일렉시티(3PACK),7000,7000,14000,2024년도 전기자동차 울산광역시 모델별 보조금,2024,울산광역시
승합(대형),현대자동차,일렉시티(4PACK V1),7000,7000,14000,2024년도 전기자동차 울산광역시 모델별 보조금,2024,울산광역시
승합(대형),현대자동차,일렉시티(4PACK V2),7000,7000,14000,2024년도 전기자동차 울산광역시 모델별 보조금,2024,울산광역시
승합(대형),현대자동차,일렉시티 타운,6859,6859,13718,2024년도 전기자동차 울산광역시 모델별 보조금,2024,울산광역시
승합(대형),케이지모빌리티커머셜,SMART 110(272kWh),3850,0,3850,2024년도 전기자동차 울산광역시 모델별 보조금,2024,울산광역시
승합(대형),케이지모빌리티커머셜,SMART 110E(347kWh),5950,0,5950,2024년도 전기자동차 울산광역시 모델별 보조금,2024,울산광역시
승합(대형),케이지모빌리티커머셜,SMART 110(260kWh),5724,0,5724,2024년도 전기자동차 울산광역시 모델별 보조금,2024,울산광역시
승합(대형),케이지모빌리티커머셜,SMART 110E(260kWh),5950,0,5950,2024년도 전기자동차 울산광역시 모델별 보조금,2024,울산광역시
승합(대형),케이지모빌리티커머셜,SMART 110(301kWh),7000,0,7000,2024년도 전기자동차 울산광역시 모델별 보조금,2024,울산광역시
승합(대형),우진산전,아폴로900전기버스,4719,0,4719,2024년도 전기자동차 울산광역시 모델별 보조금,2024,울산광역시
승합(대형),우진산전,아폴로1100전기버스 23MY,7000,0,7000,2024년도 전기자동차 울산광역시 모델별 보조금,2024,울산광역시
승합(대형),우진산전,아폴로1200-B43,7000,0,7000,2024년도 전기자동차 울산광역시 모델별 보조금,2024,울산광역시
승합(대형),우진산전,아폴로1200-S42,7000,0,7000,2024년도 전기자동차 울산광역시 모델별 보조금,2024,울산광역시
승합(대형),우진산전,아폴로1200-B42,7000,0,7000,2024년도 전기자동차 울산광역시 모델별 보조금,2024,울산광역시
승합(대형),우진산전,아폴로1200-B29,7000,0,7000,2024년도 전기자동차 울산광역시 모델별 보조금,2024,울산광역시
승합(대형),우진산전,아폴로1200-S29,7000,0,7000,2024년도 전기자동차 울산광역시 모델별 보조금,2024,울산광역시
승합(대형),피라인모터스,HYPERS1609N,5796,0,5796,2024년도 전기자동차 울산광역시 모델별 보조금,2024,울산광역시
승합(대형),피라인모터스,HYPERS1611N,5440,0,5440,2024년도 전기자동차 울산광역시 모델별 보조금,2024,울산광역시
승합(대형),피라인모터스,HYPERS1609HN,5755,0,5755,2024년도 전기자동차 울산광역시 모델별 보조금,2024,울산광역시
승합(대형),피라인모터스,HYPERS1609N(25인승),5794,0,5794,2024년도 전기자동차 울산광역시 모델별 보조금,2024,울산광역시
승합(대형),피라인모터스,HYPERS1609HN(25인승),5755,0,5755,2024년도 전기자동차 울산광역시 모델별 보조금,2024,울산광역시
승합(대형),피라인모터스,HYPERS PRIME,7000,0,7000,2024년도 전기자동차 울산광역시 모델별 보조금,2024,울산광역시
승합(대형),피라인모터스,HYPERS1609P(접이식),7000,0,7000,2024년도 전기자동차 울산광역시 모델별 보조금,2024,울산광역시
승합(대형),피라인모터스,HYPERS1609P(힙레스트),7000,0,7000,2024년도 전기자동차 울산광역시 모델별 보조금,2024,울산광역시
승합(대형),피라인모터스,HYPERS1609P(25인승 접이식),7000,0,7000,2024년도 전기자동차 울산광역시 모델별 보조금,2024,울산광역시
승합(대형),피라인모터스,HYPERS1609P(25인승 힙레스트),7000,0,7000,2024년도 전기자동차 울산광역시 모델별 보조금,2024,울산광역시
승합(대형),피라인모터스,HYPERS1611P(접이식),7000,0,7000,2024년도 전기자동차 울산광역시 모델별 보조금,2024,울산광역시
승합(대형),피라인모터스,HYPERS1611P(힙레스트),7000,0,7000,2024년도 전기자동차 울산광역시 모델별 보조금,2024,울산광역시
승합(대형),범한자동차,E-SKY11(350kWh),1980,0,1980,2024년도 전기자동차 울산광역시 모델별 보조금,2024,울산광역시
승합(대형),범한자동차,E-SKY9(281kWh),1980,0,1980,2024년도 전기자동차 울산광역시 모델별 보조금,2024,울산광역시
승합(대형),범한자동차,E-STAR8 V1,1719,0,1719,2024년도 전기자동차 울산광역시 모델별 보조금,2024,울산광역시
승합(대형),범한자동차,E-STAR11,1980,0,1980,2024년도 전기자동차 울산광역시 모델별 보조금,2024,울산광역시
승합(대형),범한자동차,E-STAR12i,2480,0,2480,2024년도 전기자동차 울산광역시 모델별 보조금,2024,울산광역시
승합(대형),에스에이피,아이즘(IZM),1440,0,1440,2024년도 전기자동차 울산광역시 모델별 보조금,2024,울산광역시
승합(대형),에스에이피,엘페(ELFE),1889,0,1889,2024년도 전기자동차 울산광역시 모델별 보조금,2024,울산광역시
승합(대형),에스에이피,리오네(LIONNE),1440,0,1440,2024년도 전기자동차 울산광역시 모델별 보조금,2024,울산광역시
승합(대형),에스에이피,네오포스(NEOFORCE),1440,0,1440,2024년도 전기자동차 울산광역시 모델별 보조금,2024,울산광역시
승합(대형),GS글로벌,NEW BYD eBus-12,2180,0,2180,2024년도 전기자동차 울산광역시 모델별 보조금,2024,울산광역시
승합(대형),GS글로벌,BYD eBus9,2310,0,2310,2024년도 전기자동차 울산광역시 모델별 보조금,2024,울산광역시
승합(대형),티에스에코에너지,일레누스(TS1100-1),5771,0,5771,2024년도 전기자동차 울산광역시 모델별 보조금,2024,울산광역시
승합(대형),티에스에코에너지,일레누스(TS900-1),6914,0,6914,2024년도 전기자동차 울산광역시 모델별 보조금,2024,울산광역시
승합(대형),이온모터스,시티라이트Ⅱ,2290,0,2290,2024년도 전기자동차 울산광역시 모델별 보조금,2024,울산광역시
승합(대형),이온모터스,시티라이트9,2310,0,2310,2024년도 전기자동차 울산광역시 모델별 보조금,2024,울산광역시
승합(대형),한차,GREENWAY1100A,5950,0,5950,2024년도 전기자동차 울산광역시 모델별 보조금,2024,울산광역시
승합(대형),이엠코리아,에픽시티(LFP),2310,0,2310,2024년도 전기자동차 울산광역시 모델별 보조금,2024,울산광역시
승합(대형),이엠코리아,에픽타운(LFP),2101,0,2101,2024년도 전기자동차 울산광역시 모델별 보조금,2024,울산광역시
승합(대형),재일홀딩스,그린타운400,1539,0,1539,2024년도 전기자동차 울산광역시 모델별 보조금,2024,울산광역시
승합(중형),현대자동차,카운티 일렉트릭,3915,0,3915,2024년도 전기자동차 세종특별자치시 모델별 보조금,2024,세종특별자치시
승합(중형),현대자동차,카운티 일렉트릭(마을버스),4000,0,4000,2024년도 전기자동차 세종특별자치시 모델별 보조금,2024,세종특별자치시
승합(중형),이비온,"E6(JL618S), 어린이통학",1127,0,1127,2024년도 전기자동차 세종특별자치시 모델별 보조금,2024,세종특별자치시
승합(중형),GS글로벌,NEW BYD eBus-7,1007,0,1007,2024년도 전기자동차 세종특별자치시 모델별 보조금,2024,세종특별자치시
승합(중형),한차,GREENWAY720,4250,0,4250,2024년도 전기자동차 세종특별자치시 모델별 보조금,2024,세종특별자치시
승합(중형),테라팩토리,"테라밴키즈(2022), 어린이운송용14명",776,0,776,2024년도 전기자동차 세종특별자치시 모델별 보조금,2024,세종특별자치시
승합(중형),테라팩토리,"테라밴키즈11(2022), 어린이운송용11명",772,0,772,2024년도 전기자동차 세종특별자치시 모델별 보조금,2024,세종특별자치시
승합(중형),테라팩토리,테라밴,767,0,767,2024년도 전기자동차 세종특별자치시 모델별 보조금,2024,세종특별자치시
승합(중형),중원자동차,EV J1,1496,0,1496,2024년도 전기자동차 세종특별자치시 모델별 보조금,2024,세종특별자치시
승합(중형),쏠테로,트라베리-Y540E,1676,0,1676,2024년도 전기자동차 세종특별자치시 모델별 보조금,2024,세종특별자치시
승합(중형),쏠테로,트라베리-Y550E,1676,0,1676,2024년도 전기자동차 세종특별자치시 모델별 보조금,2024,세종특별자치시
승합(중형),쏠테로,트라베리-Y560E,1676,0,1676,2024년도 전기자동차 세종특별자치시 모델별 보조금,2024,세종특별자치시
승합(중형),리텍,e-CENTRO-K,2385,0,2385,2024년도 전기자동차 세종특별자치시 모델별 보조금,2024,세종특별자치시
승합(대형),현대자동차,일렉시티 이층버스,11900,7000,18900,2024년도 전기자동차 세종특별자치시 모델별 보조금,2024,세종특별자치시
승합(대형),현대자동차,일렉시티(3PACK),7000,7000,14000,2024년도 전기자동차 세종특별자치시 모델별 보조금,2024,세종특별자치시
승합(대형),현대자동차,일렉시티(4PACK V1),7000,7000,14000,2024년도 전기자동차 세종특별자치시 모델별 보조금,2024,세종특별자치시
승합(대형),현대자동차,일렉시티(4PACK V2),7000,7000,14000,2024년도 전기자동차 세종특별자치시 모델별 보조금,2024,세종특별자치시
승합(대형),현대자동차,일렉시티 타운,6859,6859,13718,2024년도 전기자동차 세종특별자치시 모델별 보조금,2024,세종특별자치시
승합(대형),케이지모빌리티커머셜,SMART 110(272kWh),3850,3850,7700,2024년도 전기자동차 세종특별자치시 모델별 보조금,2024,세종특별자치시
승합(대형),케이지모빌리티커머셜,SMART 110E(347kWh),5950,5950,11900,2024년도 전기자동차 세종특별자치시 모델별 보조금,2024,세종특별자치시
승합(대형),케이지모빌리티커머셜,SMART 110(260kWh),5724,5724,11448,2024년도 전기자동차 세종특별자치시 모델별 보조금,2024,세종특별자치시
승합(대형),케이지모빌리티커머셜,SMART 110E(260kWh),5950,5950,11900,2024년도 전기자동차 세종특별자치시 모델별 보조금,2024,세종특별자치시
승합(대형),케이지모빌리티커머셜,SMART 110(301kWh),7000,7000,14000,2024년도 전기자동차 세종특별자치시 모델별 보조금,2024,세종특별자치시
승합(대형),우진산전,아폴로900전기버스,4719,4719,9438,2024년도 전기자동차 세종특별자치시 모델별 보조금,2024,세종특별자치시
승합(대형),우진산전,아폴로1100전기버스 23MY,7000,7000,14000,2024년도 전기자동차 세종특별자치시 모델별 보조금,2024,세종특별자치시
승합(대형),우진산전,아폴로1200-B43,7000,7000,14000,2024년도 전기자동차 세종특별자치시 모델별 보조금,2024,세종특별자치시
승합(대형),우진산전,아폴로1200-S42,7000,7000,14000,2024년도 전기자동차 세종특별자치시 모델별 보조금,2024,세종특별자치시
승합(대형),우진산전,아폴로1200-B42,7000,7000,14000,2024년도 전기자동차 세종특별자치시 모델별 보조금,2024,세종특별자치시
승합(대형),우진산전,아폴로1200-B29,7000,7000,14000,2024년도 전기자동차 세종특별자치시 모델별 보조금,2024,세종특별자치시
승합(대형),우진산전,아폴로1200-S29,7000,7000,14000,2024년도 전기자동차 세종특별자치시 모델별 보조금,2024,세종특별자치시
승합(대형),피라인모터스,HYPERS1609N,5796,5796,11592,2024년도 전기자동차 세종특별자치시 모델별 보조금,2024,세종특별자치시
승합(대형),피라인모터스,HYPERS1611N,5440,5440,10880,2024년도 전기자동차 세종특별자치시 모델별 보조금,2024,세종특별자치시
승합(대형),피라인모터스,HYPERS1609HN,5755,5755,11510,2024년도 전기자동차 세종특별자치시 모델별 보조금,2024,세종특별자치시
승합(대형),피라인모터스,HYPERS1609N(25인승),5794,5794,11588,2024년도 전기자동차 세종특별자치시 모델별 보조금,2024,세종특별자치시
승합(대형),피라인모터스,HYPERS1609HN(25인승),5755,5755,11510,2024년도 전기자동차 세종특별자치시 모델별 보조금,2024,세종특별자치시
승합(대형),피라인모터스,HYPERS PRIME,7000,7000,14000,2024년도 전기자동차 세종특별자치시 모델별 보조금,2024,세종특별자치시
승합(대형),피라인모터스,HYPERS1609P(접이식),7000,7000,14000,2024년도 전기자동차 세종특별자치시 모델별 보조금,2024,세종특별자치시
승합(대형),피라인모터스,HYPERS1609P(힙레스트),7000,7000,14000,2024년도 전기자동차 세종특별자치시 모델별 보조금,2024,세종특별자치시
승합(대형),피라인모터스,HYPERS1609P(25인승 접이식),7000,7000,14000,2024년도 전기자동차 세종특별자치시 모델별 보조금,2024,세종특별자치시
승합(대형),피라인모터스,HYPERS1609P(25인승 힙레스트),7000,7000,14000,2024년도 전기자동차 세종특별자치시 모델별 보조금,2024,세종특별자치시
승합(대형),피라인모터스,HYPERS1611P(접이식),7000,7000,14000,2024년도 전기자동차 세종특별자치시 모델별 보조금,2024,세종특별자치시
승합(대형),피라인모터스,HYPERS1611P(힙레스트),7000,7000,14000,2024년도 전기자동차 세종특별자치시 모델별 보조금,2024,세종특별자치시
승합(대형),피라인모터스,HYPERS HP,7000,7000,14000,2024년도 전기자동차 세종특별자치시 모델별 보조금,2024,세종특별자치시
승합(대형),범한자동차,E-SKY11(350kWh),1980,1980,3960,2024년도 전기자동차 세종특별자치시 모델별 보조금,2024,세종특별자치시
승합(대형),범한자동차,E-SKY9(281kWh),1980,1980,3960,2024년도 전기자동차 세종특별자치시 모델별 보조금,2024,세종특별자치시
승합(대형),범한자동차,E-STAR8 V1,1719,1719,3438,2024년도 전기자동차 세종특별자치시 모델별 보조금,2024,세종특별자치시
승합(대형),범한자동차,E-STAR11,1980,1980,3960,2024년도 전기자동차 세종특별자치시 모델별 보조금,2024,세종특별자치시
승합(대형),범한자동차,E-STAR12i,2480,2480,4960,2024년도 전기자동차 세종특별자치시 모델별 보조금,2024,세종특별자치시
승합(대형),에스에이피,아이즘(IZM),1440,1440,2880,2024년도 전기자동차 세종특별자치시 모델별 보조금,2024,세종특별자치시
승합(대형),에스에이피,엘페(ELFE),1889,1889,3778,2024년도 전기자동차 세종특별자치시 모델별 보조금,2024,세종특별자치시
승합(대형),에스에이피,리오네(LIONNE),1440,1440,2880,2024년도 전기자동차 세종특별자치시 모델별 보조금,2024,세종특별자치시
승합(대형),에스에이피,네오포스(NEOFORCE),1440,1440,2880,2024년도 전기자동차 세종특별자치시 모델별 보조금,2024,세종특별자치시
승합(대형),GS글로벌,NEW BYD eBus-12,2180,2180,4360,2024년도 전기자동차 세종특별자치시 모델별 보조금,2024,세종특별자치시
승합(대형),GS글로벌,BYD eBus9,2310,2310,4620,2024년도 전기자동차 세종특별자치시 모델별 보조금,2024,세종특별자치시
승합(대형),GS글로벌,BYD eBus11,3440,3440,6880,2024년도 전기자동차 세종특별자치시 모델별 보조금,2024,세종특별자치시
승합(대형),티에스에코에너지,일레누스(TS1100-1),5771,5771,11542,2024년도 전기자동차 세종특별자치시 모델별 보조금,2024,세종특별자치시
승합(대형),티에스에코에너지,일레누스(TS900-1),6914,6914,13828,2024년도 전기자동차 세종특별자치시 모델별 보조금,2024,세종특별자치시
승합(대형),이온모터스,시티라이트Ⅱ,2290,2290,4580,2024년도 전기자동차 세종특별자치시 모델별 보조금,2024,세종특별자치시
승합(대형),이온모터스,시티라이트9,2310,2310,4620,2024년도 전기자동차 세종특별자치시 모델별 보조금,2024,세종특별자치시
승합(대형),한차,GREENWAY1100A,5950,5950,11900,2024년도 전기자동차 세종특별자치시 모델별 보조금,2024,세종특별자치시
승합(대형),이엠코리아,에픽시티(LFP),2310,2310,4620,2024년도 전기자동차 세종특별자치시 모델별 보조금,2024,세종특별자치시
승합(대형),이엠코리아,에픽타운(LFP),2101,2101,4202,2024년도 전기자동차 세종특별자치시 모델별 보조금,2024,세종특별자치시
승합(대형),태영티엔티,GD11N,7000,7000,14000,2024년도 전기자동차 세종특별자치시 모델별 보조금,2024,세종특별자치시
승합(대형),재일홀딩스,그린타운400,1539,1539,3078,2024년도 전기자동차 세종특별자치시 모델별 보조금,2024,세종특별자치시
승합(중형),현대자동차,카운티 일렉트릭,3915,2349,6264,2024년도 전기자동차 수원시 모델별 보조금,2024,수원시
승합(중형),현대자동차,카운티 일렉트릭(마을버스),4000,2400,6400,2024년도 전기자동차 수원시 모델별 보조금,2024,수원시
승합(중형),이비온,"E6(JL618S), 어린이통학",1127,676,1803,2024년도 전기자동차 수원시 모델별 보조금,2024,수원시
승합(중형),GS글로벌,NEW BYD eBus-7,1007,604,1611,2024년도 전기자동차 수원시 모델별 보조금,2024,수원시
승합(중형),GS글로벌,BYD eBus7,2100,1260,3360,2024년도 전기자동차 수원시 모델별 보조금,2024,수원시
승합(중형),한차,GREENWAY720,4250,2550,6800,2024년도 전기자동차 수원시 모델별 보조금,2024,수원시
승합(중형),테라팩토리,"테라밴키즈(2022), 어린이운송용14명",776,465,1241,2024년도 전기자동차 수원시 모델별 보조금,2024,수원시
승합(중형),테라팩토리,"테라밴키즈11(2022), 어린이운송용11명",772,463,1235,2024년도 전기자동차 수원시 모델별 보조금,2024,수원시
승합(중형),테라팩토리,테라밴,767,460,1227,2024년도 전기자동차 수원시 모델별 보조금,2024,수원시
승합(중형),중원자동차,EV J1,1496,897,2393,2024년도 전기자동차 수원시 모델별 보조금,2024,수원시
승합(중형),쏠테로,트라베리-Y540E,1676,1005,2681,2024년도 전기자동차 수원시 모델별 보조금,2024,수원시
승합(중형),쏠테로,트라베리-Y550E,1676,1005,2681,2024년도 전기자동차 수원시 모델별 보조금,2024,수원시
승합(중형),쏠테로,트라베리-Y560E,1676,1005,2681,2024년도 전기자동차 수원시 모델별 보조금,2024,수원시
승합(중형),리텍,e-CENTRO-K,2385,1431,3816,2024년도 전기자동차 수원시 모델별 보조금,2024,수원시
승합(중형),에빅오토모티브코리아,세레온(어린이),5000,3000,8000,2024년도 전기자동차 수원시 모델별 보조금,2024,수원시
승합(중형),에빅오토모티브코리아,세레온(마을),5000,3000,8000,2024년도 전기자동차 수원시 모델별 보조금,2024,수원시
승합(대형),현대자동차,일렉시티 이층버스,11900,7100,19000,2024년도 전기자동차 수원시 모델별 보조금,2024,수원시
승합(대형),현대자동차,일렉시티(3PACK),7000,4200,11200,2024년도 전기자동차 수원시 모델별 보조금,2024,수원시
승합(대형),현대자동차,일렉시티(4PACK V1),7000,4200,11200,2024년도 전기자동차 수원시 모델별 보조금,2024,수원시
승합(대형),현대자동차,일렉시티(4PACK V2),7000,4200,11200,2024년도 전기자동차 수원시 모델별 보조금,2024,수원시
승합(대형),현대자동차,일렉시티 타운,6859,4115,10974,2024년도 전기자동차 수원시 모델별 보조금,2024,수원시
승합(대형),케이지모빌리티커머셜,SMART 110(272kWh),3850,2310,6160,2024년도 전기자동차 수원시 모델별 보조금,2024,수원시
승합(대형),케이지모빌리티커머셜,SMART 110E(347kWh),5950,3570,9520,2024년도 전기자동차 수원시 모델별 보조금,2024,수원시
승합(대형),케이지모빌리티커머셜,SMART 110(260kWh),5724,3434,9158,2024년도 전기자동차 수원시 모델별 보조금,2024,수원시
승합(대형),케이지모빌리티커머셜,SMART 110E(260kWh),5950,3570,9520,2024년도 전기자동차 수원시 모델별 보조금,2024,수원시
승합(대형),케이지모빌리티커머셜,SMART 110(301kWh),7000,4200,11200,2024년도 전기자동차 수원시 모델별 보조금,2024,수원시
승합(대형),케이지모빌리티커머셜,KG C090,6916,4149,11065,2024년도 전기자동차 수원시 모델별 보조금,2024,수원시
승합(대형),우진산전,아폴로900전기버스,4719,2831,7550,2024년도 전기자동차 수원시 모델별 보조금,2024,수원시
승합(대형),우진산전,아폴로1100전기버스 23MY,7000,4200,11200,2024년도 전기자동차 수원시 모델별 보조금,2024,수원시
승합(대형),우진산전,아폴로1200-B43,7000,4200,11200,2024년도 전기자동차 수원시 모델별 보조금,2024,수원시
승합(대형),우진산전,아폴로1200-S42,7000,4200,11200,2024년도 전기자동차 수원시 모델별 보조금,2024,수원시
승합(대형),우진산전,아폴로1200-B42,7000,4200,11200,2024년도 전기자동차 수원시 모델별 보조금,2024,수원시
승합(대형),우진산전,아폴로1200-B29,7000,4200,11200,2024년도 전기자동차 수원시 모델별 보조금,2024,수원시
승합(대형),우진산전,아폴로1200-S29,7000,4200,11200,2024년도 전기자동차 수원시 모델별 보조금,2024,수원시
승합(대형),우진산전,아폴로900 V2.0,6819,4091,10910,2024년도 전기자동차 수원시 모델별 보조금,2024,수원시
승합(대형),우진산전,아폴로1100 양문형,6459,3875,10334,2024년도 전기자동차 수원시 모델별 보조금,2024,수원시
승합(대형),우진산전,아폴로1100 V2.0,7000,4200,11200,2024년도 전기자동차 수원시 모델별 보조금,2024,수원시
승합(대형),피라인모터스,HYPERS1609N,5796,3477,9273,2024년도 전기자동차 수원시 모델별 보조금,2024,수원시
승합(대형),피라인모터스,HYPERS1611N,5440,3264,8704,2024년도 전기자동차 수원시 모델별 보조금,2024,수원시
승합(대형),피라인모터스,HYPERS1609HN,5755,3453,9208,2024년도 전기자동차 수원시 모델별 보조금,2024,수원시
승합(대형),피라인모터스,HYPERS1609N(25인승),5794,3476,9270,2024년도 전기자동차 수원시 모델별 보조금,2024,수원시
승합(대형),피라인모터스,HYPERS1609HN(25인승),5755,3453,9208,2024년도 전기자동차 수원시 모델별 보조금,2024,수원시
승합(대형),피라인모터스,HYPERS PRIME,7000,4200,11200,2024년도 전기자동차 수원시 모델별 보조금,2024,수원시
승합(대형),피라인모터스,HYPERS1609P(접이식),7000,4200,11200,2024년도 전기자동차 수원시 모델별 보조금,2024,수원시
승합(대형),피라인모터스,HYPERS1609P(힙레스트),7000,4200,11200,2024년도 전기자동차 수원시 모델별 보조금,2024,수원시
승합(대형),피라인모터스,HYPERS1609P(25인승 접이식),7000,4200,11200,2024년도 전기자동차 수원시 모델별 보조금,2024,수원시
승합(대형),피라인모터스,HYPERS1609P(25인승 힙레스트),7000,4200,11200,2024년도 전기자동차 수원시 모델별 보조금,2024,수원시
승합(대형),피라인모터스,HYPERS1611P(접이식),7000,4200,11200,2024년도 전기자동차 수원시 모델별 보조금,2024,수원시
승합(대형),피라인모터스,HYPERS1611P(힙레스트),7000,4200,11200,2024년도 전기자동차 수원시 모델별 보조금,2024,수원시
승합(대형),피라인모터스,HYPERS HP,7000,4200,11200,2024년도 전기자동차 수원시 모델별 보조금,2024,수원시
승합(대형),범한자동차,E-SKY11(350kWh),1980,1188,3168,2024년도 전기자동차 수원시 모델별 보조금,2024,수원시
승합(대형),범한자동차,E-SKY9(281kWh),1980,1188,3168,2024년도 전기자동차 수원시 모델별 보조금,2024,수원시
승합(대형),범한자동차,E-STAR8 V1,1719,1031,2750,2024년도 전기자동차 수원시 모델별 보조금,2024,수원시
승합(대형),범한자동차,E-STAR11,1980,1188,3168,2024년도 전기자동차 수원시 모델별 보조금,2024,수원시
승합(대형),범한자동차,E-STAR12i,2480,1487,3967,2024년도 전기자동차 수원시 모델별 보조금,2024,수원시
승합(대형),에스에이피,아이즘(IZM),1440,864,2304,2024년도 전기자동차 수원시 모델별 보조금,2024,수원시
승합(대형),에스에이피,엘페(ELFE),1889,1133,3022,2024년도 전기자동차 수원시 모델별 보조금,2024,수원시
승합(대형),에스에이피,리오네(LIONNE),1440,864,2304,2024년도 전기자동차 수원시 모델별 보조금,2024,수원시
승합(대형),에스에이피,네오포스(NEOFORCE),1440,864,2304,2024년도 전기자동차 수원시 모델별 보조금,2024,수원시
승합(대형),GS글로벌,NEW BYD eBus-12,2180,1308,3488,2024년도 전기자동차 수원시 모델별 보조금,2024,수원시
승합(대형),GS글로벌,BYD eBus9,2310,1386,3696,2024년도 전기자동차 수원시 모델별 보조금,2024,수원시
승합(대형),GS글로벌,BYD eBus11,3440,2064,5504,2024년도 전기자동차 수원시 모델별 보조금,2024,수원시
승합(대형),티에스에코에너지,일레누스(TS1100-1),5771,3462,9233,2024년도 전기자동차 수원시 모델별 보조금,2024,수원시
승합(대형),티에스에코에너지,일레누스(TS900-1),6914,4148,11062,2024년도 전기자동차 수원시 모델별 보조금,2024,수원시
승합(대형),이온모터스,시티라이트Ⅱ,2290,1374,3664,2024년도 전기자동차 수원시 모델별 보조금,2024,수원시
승합(대형),이온모터스,시티라이트9,2310,1386,3696,2024년도 전기자동차 수원시 모델별 보조금,2024,수원시
승합(대형),한차,GREENWAY1100A,5950,3570,9520,2024년도 전기자동차 수원시 모델별 보조금,2024,수원시
승합(대형),이엠코리아,에픽시티(LFP),2310,1386,3696,2024년도 전기자동차 수원시 모델별 보조금,2024,수원시
승합(대형),이엠코리아,에픽타운(LFP),2101,1260,3361,2024년도 전기자동차 수원시 모델별 보조금,2024,수원시
승합(대형),이엠코리아,에픽시티(NCM),7000,4200,11200,2024년도 전기자동차 수원시 모델별 보조금,2024,수원시
승합(대형),이엠코리아,에픽타운(NCM),6439,3863,10302,2024년도 전기자동차 수원시 모델별 보조금,2024,수원시
승합(대형),태영티엔티,GD11N,7000,4200,11200,2024년도 전기자동차 수원시 모델별 보조금,2024,수원시
승합(대형),재일홀딩스,그린타운400,1539,923,2462,2024년도 전기자동차 수원시 모델별 보조금,2024,수원시
승합(대형),아이버스,아이버스어린이운송차,5950,3570,9520,2024년도 전기자동차 수원시 모델별 보조금,2024,수원시
승합(중형),현대자동차,카운티 일렉트릭,3915,0,3915,2024년도 전기자동차 성남시 모델별 보조금,2024,성남시
승합(중형),현대자동차,카운티 일렉트릭(마을버스),4000,0,4000,2024년도 전기자동차 성남시 모델별 보조금,2024,성남시
승합(중형),이비온,"E6(JL618S), 어린이통학",1127,0,1127,2024년도 전기자동차 성남시 모델별 보조금,2024,성남시
승합(중형),GS글로벌,NEW BYD eBus-7,1007,0,1007,2024년도 전기자동차 성남시 모델별 보조금,2024,성남시
승합(중형),한차,GREENWAY720,4250,0,4250,2024년도 전기자동차 성남시 모델별 보조금,2024,성남시
승합(중형),테라팩토리,"테라밴키즈(2022), 어린이운송용14명",776,0,776,2024년도 전기자동차 성남시 모델별 보조금,2024,성남시
승합(중형),테라팩토리,"테라밴키즈11(2022), 어린이운송용11명",772,0,772,2024년도 전기자동차 성남시 모델별 보조금,2024,성남시
승합(중형),테라팩토리,테라밴,767,0,767,2024년도 전기자동차 성남시 모델별 보조금,2024,성남시
승합(중형),중원자동차,EV J1,1496,0,1496,2024년도 전기자동차 성남시 모델별 보조금,2024,성남시
승합(중형),쏠테로,트라베리-Y540E,1676,0,1676,2024년도 전기자동차 성남시 모델별 보조금,2024,성남시
승합(중형),쏠테로,트라베리-Y550E,1676,0,1676,2024년도 전기자동차 성남시 모델별 보조금,2024,성남시
승합(중형),쏠테로,트라베리-Y560E,1676,0,1676,2024년도 전기자동차 성남시 모델별 보조금,2024,성남시
승합(중형),리텍,e-CENTRO-K,2385,0,2385,2024년도 전기자동차 성남시 모델별 보조금,2024,성남시
승합(대형),현대자동차,일렉시티 이층버스,11900,4200,16100,2024년도 전기자동차 성남시 모델별 보조금,2024,성남시
승합(대형),현대자동차,일렉시티(3PACK),7000,4200,11200,2024년도 전기자동차 성남시 모델별 보조금,2024,성남시
승합(대형),현대자동차,일렉시티(4PACK V1),7000,4200,11200,2024년도 전기자동차 성남시 모델별 보조금,2024,성남시
승합(대형),현대자동차,일렉시티(4PACK V2),7000,4200,11200,2024년도 전기자동차 성남시 모델별 보조금,2024,성남시
승합(대형),현대자동차,일렉시티 타운,6859,4115,10974,2024년도 전기자동차 성남시 모델별 보조금,2024,성남시
승합(대형),케이지모빌리티커머셜,SMART 110(272kWh),3850,2310,6160,2024년도 전기자동차 성남시 모델별 보조금,2024,성남시
승합(대형),케이지모빌리티커머셜,SMART 110E(347kWh),5950,3570,9520,2024년도 전기자동차 성남시 모델별 보조금,2024,성남시
승합(대형),케이지모빌리티커머셜,SMART 110(260kWh),5724,3434,9158,2024년도 전기자동차 성남시 모델별 보조금,2024,성남시
승합(대형),케이지모빌리티커머셜,SMART 110E(260kWh),5950,3570,9520,2024년도 전기자동차 성남시 모델별 보조금,2024,성남시
승합(대형),케이지모빌리티커머셜,SMART 110(301kWh),7000,4200,11200,2024년도 전기자동차 성남시 모델별 보조금,2024,성남시
승합(대형),우진산전,아폴로900전기버스,4719,2831,7550,2024년도 전기자동차 성남시 모델별 보조금,2024,성남시
승합(대형),우진산전,아폴로1100전기버스 23MY,7000,4200,11200,2024년도 전기자동차 성남시 모델별 보조금,2024,성남시
승합(대형),우진산전,아폴로1200-B43,7000,4200,11200,2024년도 전기자동차 성남시 모델별 보조금,2024,성남시
승합(대형),우진산전,아폴로1200-S42,7000,4200,11200,2024년도 전기자동차 성남시 모델별 보조금,2024,성남시
승합(대형),우진산전,아폴로1200-B42,7000,4200,11200,2024년도 전기자동차 성남시 모델별 보조금,2024,성남시
승합(대형),우진산전,아폴로1200-B29,7000,4200,11200,2024년도 전기자동차 성남시 모델별 보조금,2024,성남시
승합(대형),우진산전,아폴로1200-S29,7000,4200,11200,2024년도 전기자동차 성남시 모델별 보조금,2024,성남시
승합(대형),피라인모터스,HYPERS1609N,5796,3477,9273,2024년도 전기자동차 성남시 모델별 보조금,2024,성남시
승합(대형),피라인모터스,HYPERS1611N,5440,3264,8704,2024년도 전기자동차 성남시 모델별 보조금,2024,성남시
승합(대형),피라인모터스,HYPERS1609HN,5755,3453,9208,2024년도 전기자동차 성남시 모델별 보조금,2024,성남시
승합(대형),피라인모터스,HYPERS1609N(25인승),5794,3476,9270,2024년도 전기자동차 성남시 모델별 보조금,2024,성남시
승합(대형),피라인모터스,HYPERS1609HN(25인승),5755,3453,9208,2024년도 전기자동차 성남시 모델별 보조금,2024,성남시
승합(대형),피라인모터스,HYPERS PRIME,7000,4200,11200,2024년도 전기자동차 성남시 모델별 보조금,2024,성남시
승합(대형),피라인모터스,HYPERS1609P(접이식),7000,4200,11200,2024년도 전기자동차 성남시 모델별 보조금,2024,성남시
승합(대형),피라인모터스,HYPERS1609P(힙레스트),7000,4200,11200,2024년도 전기자동차 성남시 모델별 보조금,2024,성남시
승합(대형),피라인모터스,HYPERS1609P(25인승 접이식),7000,4200,11200,2024년도 전기자동차 성남시 모델별 보조금,2024,성남시
승합(대형),피라인모터스,HYPERS1609P(25인승 힙레스트),7000,4200,11200,2024년도 전기자동차 성남시 모델별 보조금,2024,성남시
승합(대형),피라인모터스,HYPERS1611P(접이식),7000,4200,11200,2024년도 전기자동차 성남시 모델별 보조금,2024,성남시
승합(대형),피라인모터스,HYPERS1611P(힙레스트),7000,4200,11200,2024년도 전기자동차 성남시 모델별 보조금,2024,성남시
승합(대형),피라인모터스,HYPERS HP,7000,0,7000,2024년도 전기자동차 성남시 모델별 보조금,2024,성남시
승합(대형),범한자동차,E-SKY11(350kWh),1980,1188,3168,2024년도 전기자동차 성남시 모델별 보조금,2024,성남시
승합(대형),범한자동차,E-SKY9(281kWh),1980,1188,3168,2024년도 전기자동차 성남시 모델별 보조금,2024,성남시
승합(대형),범한자동차,E-STAR8 V1,1719,1031,2750,2024년도 전기자동차 성남시 모델별 보조금,2024,성남시
승합(대형),범한자동차,E-STAR11,1980,1188,3168,2024년도 전기자동차 성남시 모델별 보조금,2024,성남시
승합(대형),범한자동차,E-STAR12i,2480,1487,3967,2024년도 전기자동차 성남시 모델별 보조금,2024,성남시
승합(대형),에스에이피,아이즘(IZM),1440,0,1440,2024년도 전기자동차 성남시 모델별 보조금,2024,성남시
승합(대형),에스에이피,엘페(ELFE),1889,0,1889,2024년도 전기자동차 성남시 모델별 보조금,2024,성남시
승합(대형),에스에이피,리오네(LIONNE),1440,0,1440,2024년도 전기자동차 성남시 모델별 보조금,2024,성남시
승합(대형),에스에이피,네오포스(NEOFORCE),1440,864,2304,2024년도 전기자동차 성남시 모델별 보조금,2024,성남시
승합(대형),GS글로벌,NEW BYD eBus-12,2180,1308,3488,2024년도 전기자동차 성남시 모델별 보조금,2024,성남시
승합(대형),GS글로벌,BYD eBus9,2310,1386,3696,2024년도 전기자동차 성남시 모델별 보조금,2024,성남시
승합(대형),GS글로벌,BYD eBus11,3440,2064,5504,2024년도 전기자동차 성남시 모델별 보조금,2024,성남시
승합(대형),티에스에코에너지,일레누스(TS1100-1),5771,3462,9233,2024년도 전기자동차 성남시 모델별 보조금,2024,성남시
승합(대형),티에스에코에너지,일레누스(TS900-1),6914,4148,11062,2024년도 전기자동차 성남시 모델별 보조금,2024,성남시
승합(대형),이온모터스,시티라이트Ⅱ,2290,1374,3664,2024년도 전기자동차 성남시 모델별 보조금,2024,성남시
승합(대형),이온모터스,시티라이트9,2310,1386,3696,2024년도 전기자동차 성남시 모델별 보조금,2024,성남시
승합(대형),한차,GREENWAY1100A,5950,3570,9520,2024년도 전기자동차 성남시 모델별 보조금,2024,성남시
승합(대형),이엠코리아,에픽시티(LFP),2310,0,2310,2024년도 전기자동차 성남시 모델별 보조금,2024,성남시
승합(대형),이엠코리아,에픽타운(LFP),2101,0,2101,2024년도 전기자동차 성남시 모델별 보조금,2024,성남시
승합(대형),태영티엔티,GD11N,7000,0,7000,2024년도 전기자동차 성남시 모델별 보조금,2024,성남시
승합(대형),재일홀딩스,그린타운400,1539,0,1539,2024년도 전기자동차 성남시 모델별 보조금,2024,성남시
승합(중형),현대자동차,카운티 일렉트릭,3915,0,3915,2024년도 전기자동차 의정부시 모델별 보조금,2024,의정부시
승합(중형),현대자동차,카운티 일렉트릭(마을버스),4000,0,4000,2024년도 전기자동차 의정부시 모델별 보조금,2024,의정부시
승합(중형),이비온,"E6(JL618S), 어린이통학",1127,0,1127,2024년도 전기자동차 의정부시 모델별 보조금,2024,의정부시
승합(중형),GS글로벌,NEW BYD eBus-7,1007,0,1007,2024년도 전기자동차 의정부시 모델별 보조금,2024,의정부시
승합(중형),한차,GREENWAY720,4250,0,4250,2024년도 전기자동차 의정부시 모델별 보조금,2024,의정부시
승합(중형),테라팩토리,"테라밴키즈(2022), 어린이운송용14명",776,0,776,2024년도 전기자동차 의정부시 모델별 보조금,2024,의정부시
승합(중형),테라팩토리,"테라밴키즈11(2022), 어린이운송용11명",772,0,772,2024년도 전기자동차 의정부시 모델별 보조금,2024,의정부시
승합(중형),테라팩토리,테라밴,767,0,767,2024년도 전기자동차 의정부시 모델별 보조금,2024,의정부시
승합(중형),중원자동차,EV J1,1496,0,1496,2024년도 전기자동차 의정부시 모델별 보조금,2024,의정부시
승합(중형),쏠테로,트라베리-Y540E,1676,0,1676,2024년도 전기자동차 의정부시 모델별 보조금,2024,의정부시
승합(중형),쏠테로,트라베리-Y550E,1676,0,1676,2024년도 전기자동차 의정부시 모델별 보조금,2024,의정부시
승합(중형),쏠테로,트라베리-Y560E,1676,0,1676,2024년도 전기자동차 의정부시 모델별 보조금,2024,의정부시
승합(중형),리텍,e-CENTRO-K,2385,0,2385,2024년도 전기자동차 의정부시 모델별 보조금,2024,의정부시
승합(중형),에빅오토모티브코리아,세레온(어린이),5000,0,5000,2024년도 전기자동차 의정부시 모델별 보조금,2024,의정부시
승합(중형),에빅오토모티브코리아,세레온(마을),5000,0,5000,2024년도 전기자동차 의정부시 모델별 보조금,2024,의정부시
승합(대형),현대자동차,일렉시티 이층버스,11900,0,11900,2024년도 전기자동차 의정부시 모델별 보조금,2024,의정부시
승합(대형),현대자동차,일렉시티(3PACK),7000,0,7000,2024년도 전기자동차 의정부시 모델별 보조금,2024,의정부시
승합(대형),현대자동차,일렉시티(4PACK V1),7000,4200,11200,2024년도 전기자동차 의정부시 모델별 보조금,2024,의정부시
승합(대형),현대자동차,일렉시티(4PACK V2),7000,0,7000,2024년도 전기자동차 의정부시 모델별 보조금,2024,의정부시
승합(대형),현대자동차,일렉시티 타운,6859,4115,10974,2024년도 전기자동차 의정부시 모델별 보조금,2024,의정부시
승합(대형),케이지모빌리티커머셜,SMART 110(272kWh),3850,0,3850,2024년도 전기자동차 의정부시 모델별 보조금,2024,의정부시
승합(대형),케이지모빌리티커머셜,SMART 110E(347kWh),5950,0,5950,2024년도 전기자동차 의정부시 모델별 보조금,2024,의정부시
승합(대형),케이지모빌리티커머셜,SMART 110(260kWh),5724,0,5724,2024년도 전기자동차 의정부시 모델별 보조금,2024,의정부시
승합(대형),케이지모빌리티커머셜,SMART 110E(260kWh),5950,0,5950,2024년도 전기자동차 의정부시 모델별 보조금,2024,의정부시
승합(대형),케이지모빌리티커머셜,SMART 110(301kWh),7000,0,7000,2024년도 전기자동차 의정부시 모델별 보조금,2024,의정부시
승합(대형),우진산전,아폴로900전기버스,4719,0,4719,2024년도 전기자동차 의정부시 모델별 보조금,2024,의정부시
승합(대형),우진산전,아폴로1100전기버스 23MY,7000,0,7000,2024년도 전기자동차 의정부시 모델별 보조금,2024,의정부시
승합(대형),우진산전,아폴로1200-B43,7000,0,7000,2024년도 전기자동차 의정부시 모델별 보조금,2024,의정부시
승합(대형),우진산전,아폴로1200-S42,7000,0,7000,2024년도 전기자동차 의정부시 모델별 보조금,2024,의정부시
승합(대형),우진산전,아폴로1200-B42,7000,0,7000,2024년도 전기자동차 의정부시 모델별 보조금,2024,의정부시
승합(대형),우진산전,아폴로1200-B29,7000,0,7000,2024년도 전기자동차 의정부시 모델별 보조금,2024,의정부시
승합(대형),우진산전,아폴로1200-S29,7000,0,7000,2024년도 전기자동차 의정부시 모델별 보조금,2024,의정부시
승합(대형),우진산전,아폴로900 V2.0,6819,0,6819,2024년도 전기자동차 의정부시 모델별 보조금,2024,의정부시
승합(대형),우진산전,아폴로1100 양문형,6459,0,6459,2024년도 전기자동차 의정부시 모델별 보조금,2024,의정부시
승합(대형),우진산전,아폴로1100 V2.0,7000,0,7000,2024년도 전기자동차 의정부시 모델별 보조금,2024,의정부시
승합(대형),피라인모터스,HYPERS1609N,5796,0,5796,2024년도 전기자동차 의정부시 모델별 보조금,2024,의정부시
승합(대형),피라인모터스,HYPERS1611N,5440,0,5440,2024년도 전기자동차 의정부시 모델별 보조금,2024,의정부시
승합(대형),피라인모터스,HYPERS1609HN,5755,0,5755,2024년도 전기자동차 의정부시 모델별 보조금,2024,의정부시
승합(대형),피라인모터스,HYPERS1609N(25인승),5794,0,5794,2024년도 전기자동차 의정부시 모델별 보조금,2024,의정부시
승합(대형),피라인모터스,HYPERS1609HN(25인승),5755,0,5755,2024년도 전기자동차 의정부시 모델별 보조금,2024,의정부시
승합(대형),피라인모터스,HYPERS PRIME,7000,0,7000,2024년도 전기자동차 의정부시 모델별 보조금,2024,의정부시
승합(대형),피라인모터스,HYPERS1609P(접이식),7000,0,7000,2024년도 전기자동차 의정부시 모델별 보조금,2024,의정부시
승합(대형),피라인모터스,HYPERS1609P(힙레스트),7000,0,7000,2024년도 전기자동차 의정부시 모델별 보조금,2024,의정부시
승합(대형),피라인모터스,HYPERS1609P(25인승 접이식),7000,0,7000,2024년도 전기자동차 의정부시 모델별 보조금,2024,의정부시
승합(대형),피라인모터스,HYPERS1609P(25인승 힙레스트),7000,0,7000,2024년도 전기자동차 의정부시 모델별 보조금,2024,의정부시
승합(대형),피라인모터스,HYPERS1611P(접이식),7000,0,7000,2024년도 전기자동차 의정부시 모델별 보조금,2024,의정부시
승합(대형),피라인모터스,HYPERS1611P(힙레스트),7000,0,7000,2024년도 전기자동차 의정부시 모델별 보조금,2024,의정부시
승합(대형),피라인모터스,HYPERS HP,7000,0,7000,2024년도 전기자동차 의정부시 모델별 보조금,2024,의정부시
승합(대형),범한자동차,E-SKY11(350kWh),1980,0,1980,2024년도 전기자동차 의정부시 모델별 보조금,2024,의정부시
승합(대형),범한자동차,E-SKY9(281kWh),1980,0,1980,2024년도 전기자동차 의정부시 모델별 보조금,2024,의정부시
승합(대형),범한자동차,E-STAR8 V1,1719,0,1719,2024년도 전기자동차 의정부시 모델별 보조금,2024,의정부시
승합(대형),범한자동차,E-STAR11,1980,0,1980,2024년도 전기자동차 의정부시 모델별 보조금,2024,의정부시
승합(대형),범한자동차,E-STAR12i,2480,0,2480,2024년도 전기자동차 의정부시 모델별 보조금,2024,의정부시
승합(대형),에스에이피,아이즘(IZM),1440,0,1440,2024년도 전기자동차 의정부시 모델별 보조금,2024,의정부시
승합(대형),에스에이피,엘페(ELFE),1889,0,1889,2024년도 전기자동차 의정부시 모델별 보조금,2024,의정부시
승합(대형),에스에이피,리오네(LIONNE),1440,0,1440,2024년도 전기자동차 의정부시 모델별 보조금,2024,의정부시
승합(대형),에스에이피,네오포스(NEOFORCE),1440,0,1440,2024년도 전기자동차 의정부시 모델별 보조금,2024,의정부시
승합(대형),GS글로벌,NEW BYD eBus-12,2180,0,2180,2024년도 전기자동차 의정부시 모델별 보조금,2024,의정부시
승합(대형),GS글로벌,BYD eBus9,2310,0,2310,2024년도 전기자동차 의정부시 모델별 보조금,2024,의정부시
승합(대형),GS글로벌,BYD eBus11,3440,0,3440,2024년도 전기자동차 의정부시 모델별 보조금,2024,의정부시
승합(대형),티에스에코에너지,일레누스(TS1100-1),5771,0,5771,2024년도 전기자동차 의정부시 모델별 보조금,2024,의정부시
승합(대형),티에스에코에너지,일레누스(TS900-1),6914,0,6914,2024년도 전기자동차 의정부시 모델별 보조금,2024,의정부시
승합(대형),이온모터스,시티라이트Ⅱ,2290,0,2290,2024년도 전기자동차 의정부시 모델별 보조금,2024,의정부시
승합(대형),이온모터스,시티라이트9,2310,0,2310,2024년도 전기자동차 의정부시 모델별 보조금,2024,의정부시
승합(대형),한차,GREENWAY1100A,5950,0,5950,2024년도 전기자동차 의정부시 모델별 보조금,2024,의정부시
승합(대형),이엠코리아,에픽시티(LFP),2310,1386,3696,2024년도 전기자동차 의정부시 모델별 보조금,2024,의정부시
승합(대형),이엠코리아,에픽타운(LFP),2101,1260,3361,2024년도 전기자동차 의정부시 모델별 보조금,2024,의정부시
승합(대형),태영티엔티,GD11N,7000,0,7000,2024년도 전기자동차 의정부시 모델별 보조금,2024,의정부시
승합(대형),재일홀딩스,그린타운400,1539,0,1539,2024년도 전기자동차 의정부시 모델별 보조금,2024,의정부시
승합(대형),아이버스,아이버스어린이운송차,5950,0,5950,2024년도 전기자동차 의정부시 모델별 보조금,2024,의정부시
승합(중형),현대자동차,카운티 일렉트릭,3915,0,3915,2024년도 전기자동차 안양시 모델별 보조금,2024,안양시
승합(중형),현대자동차,카운티 일렉트릭(마을버스),4000,0,4000,2024년도 전기자동차 안양시 모델별 보조금,2024,안양시
승합(중형),이비온,"E6(JL618S), 어린이통학",1127,0,1127,2024년도 전기자동차 안양시 모델별 보조금,2024,안양시
승합(중형),GS글로벌,NEW BYD eBus-7,1007,0,1007,2024년도 전기자동차 안양시 모델별 보조금,2024,안양시
승합(중형),한차,GREENWAY720,4250,0,4250,2024년도 전기자동차 안양시 모델별 보조금,2024,안양시
승합(중형),테라팩토리,"테라밴키즈(2022), 어린이운송용14명",776,0,776,2024년도 전기자동차 안양시 모델별 보조금,2024,안양시
승합(중형),테라팩토리,"테라밴키즈11(2022), 어린이운송용11명",772,0,772,2024년도 전기자동차 안양시 모델별 보조금,2024,안양시
승합(중형),테라팩토리,테라밴,767,0,767,2024년도 전기자동차 안양시 모델별 보조금,2024,안양시
승합(중형),중원자동차,EV J1,1496,0,1496,2024년도 전기자동차 안양시 모델별 보조금,2024,안양시
승합(중형),쏠테로,트라베리-Y540E,1676,0,1676,2024년도 전기자동차 안양시 모델별 보조금,2024,안양시
승합(중형),쏠테로,트라베리-Y550E,1676,0,1676,2024년도 전기자동차 안양시 모델별 보조금,2024,안양시
승합(중형),쏠테로,트라베리-Y560E,1676,0,1676,2024년도 전기자동차 안양시 모델별 보조금,2024,안양시
승합(중형),리텍,e-CENTRO-K,2385,0,2385,2024년도 전기자동차 안양시 모델별 보조금,2024,안양시
승합(중형),에빅오토모티브코리아,세레온(어린이),5000,0,5000,2024년도 전기자동차 안양시 모델별 보조금,2024,안양시
승합(중형),에빅오토모티브코리아,세레온(마을),5000,0,5000,2024년도 전기자동차 안양시 모델별 보조금,2024,안양시
승합(대형),현대자동차,일렉시티 이층버스,11900,0,11900,2024년도 전기자동차 안양시 모델별 보조금,2024,안양시
승합(대형),현대자동차,일렉시티(3PACK),7000,4200,11200,2024년도 전기자동차 안양시 모델별 보조금,2024,안양시
승합(대형),현대자동차,일렉시티(4PACK V1),7000,4200,11200,2024년도 전기자동차 안양시 모델별 보조금,2024,안양시
승합(대형),현대자동차,일렉시티(4PACK V2),7000,4200,11200,2024년도 전기자동차 안양시 모델별 보조금,2024,안양시
승합(대형),현대자동차,일렉시티 타운,6859,4114,10973,2024년도 전기자동차 안양시 모델별 보조금,2024,안양시
승합(대형),케이지모빌리티커머셜,SMART 110(272kWh),3850,2310,6160,2024년도 전기자동차 안양시 모델별 보조금,2024,안양시
승합(대형),케이지모빌리티커머셜,SMART 110E(347kWh),5950,3570,9520,2024년도 전기자동차 안양시 모델별 보조금,2024,안양시
승합(대형),케이지모빌리티커머셜,SMART 110(260kWh),5724,3434,9158,2024년도 전기자동차 안양시 모델별 보조금,2024,안양시
승합(대형),케이지모빌리티커머셜,SMART 110E(260kWh),5950,3570,9520,2024년도 전기자동차 안양시 모델별 보조금,2024,안양시
승합(대형),케이지모빌리티커머셜,SMART 110(301kWh),7000,4200,11200,2024년도 전기자동차 안양시 모델별 보조금,2024,안양시
승합(대형),우진산전,아폴로900전기버스,4719,2830,7549,2024년도 전기자동차 안양시 모델별 보조금,2024,안양시
승합(대형),우진산전,아폴로1100전기버스 23MY,7000,4200,11200,2024년도 전기자동차 안양시 모델별 보조금,2024,안양시
승합(대형),우진산전,아폴로1200-B43,7000,4200,11200,2024년도 전기자동차 안양시 모델별 보조금,2024,안양시
승합(대형),우진산전,아폴로1200-S42,7000,4200,11200,2024년도 전기자동차 안양시 모델별 보조금,2024,안양시
승합(대형),우진산전,아폴로1200-B42,7000,4200,11200,2024년도 전기자동차 안양시 모델별 보조금,2024,안양시
승합(대형),우진산전,아폴로1200-B29,7000,4200,11200,2024년도 전기자동차 안양시 모델별 보조금,2024,안양시
승합(대형),우진산전,아폴로1200-S29,7000,4200,11200,2024년도 전기자동차 안양시 모델별 보조금,2024,안양시
승합(대형),우진산전,아폴로900 V2.0,6819,4090,10909,2024년도 전기자동차 안양시 모델별 보조금,2024,안양시
승합(대형),우진산전,아폴로1100 양문형,6459,0,6459,2024년도 전기자동차 안양시 모델별 보조금,2024,안양시
승합(대형),피라인모터스,HYPERS1609N,5796,3476,9272,2024년도 전기자동차 안양시 모델별 보조금,2024,안양시
승합(대형),피라인모터스,HYPERS1611N,5440,3264,8704,2024년도 전기자동차 안양시 모델별 보조금,2024,안양시
승합(대형),피라인모터스,HYPERS1609HN,5755,3452,9207,2024년도 전기자동차 안양시 모델별 보조금,2024,안양시
승합(대형),피라인모터스,HYPERS1609N(25인승),5794,3476,9270,2024년도 전기자동차 안양시 모델별 보조금,2024,안양시
승합(대형),피라인모터스,HYPERS1609HN(25인승),5755,3452,9207,2024년도 전기자동차 안양시 모델별 보조금,2024,안양시
승합(대형),피라인모터스,HYPERS PRIME,7000,4200,11200,2024년도 전기자동차 안양시 모델별 보조금,2024,안양시
승합(대형),피라인모터스,HYPERS1609P(접이식),7000,4200,11200,2024년도 전기자동차 안양시 모델별 보조금,2024,안양시
승합(대형),피라인모터스,HYPERS1609P(힙레스트),7000,4200,11200,2024년도 전기자동차 안양시 모델별 보조금,2024,안양시
승합(대형),피라인모터스,HYPERS1609P(25인승 접이식),7000,4200,11200,2024년도 전기자동차 안양시 모델별 보조금,2024,안양시
승합(대형),피라인모터스,HYPERS1609P(25인승 힙레스트),7000,4200,11200,2024년도 전기자동차 안양시 모델별 보조금,2024,안양시
승합(대형),피라인모터스,HYPERS1611P(접이식),7000,4200,11200,2024년도 전기자동차 안양시 모델별 보조금,2024,안양시
승합(대형),피라인모터스,HYPERS1611P(힙레스트),7000,4200,11200,2024년도 전기자동차 안양시 모델별 보조금,2024,안양시
승합(대형),피라인모터스,HYPERS HP,7000,4200,11200,2024년도 전기자동차 안양시 모델별 보조금,2024,안양시
승합(대형),범한자동차,E-SKY11(350kWh),1980,0,1980,2024년도 전기자동차 안양시 모델별 보조금,2024,안양시
승합(대형),범한자동차,E-SKY9(281kWh),1980,0,1980,2024년도 전기자동차 안양시 모델별 보조금,2024,안양시
승합(대형),범한자동차,E-STAR8 V1,1719,0,1719,2024년도 전기자동차 안양시 모델별 보조금,2024,안양시
승합(대형),범한자동차,E-STAR11,1980,0,1980,2024년도 전기자동차 안양시 모델별 보조금,2024,안양시
승합(대형),범한자동차,E-STAR12i,2480,0,2480,2024년도 전기자동차 안양시 모델별 보조금,2024,안양시
승합(대형),에스에이피,아이즘(IZM),1440,0,1440,2024년도 전기자동차 안양시 모델별 보조금,2024,안양시
승합(대형),에스에이피,엘페(ELFE),1889,0,1889,2024년도 전기자동차 안양시 모델별 보조금,2024,안양시
승합(대형),에스에이피,리오네(LIONNE),1440,0,1440,2024년도 전기자동차 안양시 모델별 보조금,2024,안양시
승합(대형),에스에이피,네오포스(NEOFORCE),1440,0,1440,2024년도 전기자동차 안양시 모델별 보조금,2024,안양시
승합(대형),GS글로벌,NEW BYD eBus-12,2180,1308,3488,2024년도 전기자동차 안양시 모델별 보조금,2024,안양시
승합(대형),GS글로벌,BYD eBus9,2310,1386,3696,2024년도 전기자동차 안양시 모델별 보조금,2024,안양시
승합(대형),GS글로벌,BYD eBus11,3440,0,3440,2024년도 전기자동차 안양시 모델별 보조금,2024,안양시
승합(대형),티에스에코에너지,일레누스(TS1100-1),5771,3462,9233,2024년도 전기자동차 안양시 모델별 보조금,2024,안양시
승합(대형),티에스에코에너지,일레누스(TS900-1),6914,4148,11062,2024년도 전기자동차 안양시 모델별 보조금,2024,안양시
승합(대형),이온모터스,시티라이트Ⅱ,2290,0,2290,2024년도 전기자동차 안양시 모델별 보조금,2024,안양시
승합(대형),이온모터스,시티라이트9,2310,1386,3696,2024년도 전기자동차 안양시 모델별 보조금,2024,안양시
승합(대형),한차,GREENWAY1100A,5950,3570,9520,2024년도 전기자동차 안양시 모델별 보조금,2024,안양시
승합(대형),이엠코리아,에픽시티(LFP),2310,0,2310,2024년도 전기자동차 안양시 모델별 보조금,2024,안양시
승합(대형),이엠코리아,에픽타운(LFP),2101,0,2101,2024년도 전기자동차 안양시 모델별 보조금,2024,안양시
승합(대형),태영티엔티,GD11N,7000,0,7000,2024년도 전기자동차 안양시 모델별 보조금,2024,안양시
승합(대형),재일홀딩스,그린타운400,1539,0,1539,2024년도 전기자동차 안양시 모델별 보조금,2024,안양시
승합(대형),아이버스,아이버스어린이운송차,5950,0,5950,2024년도 전기자동차 안양시 모델별 보조금,2024,안양시
승합(중형),현대자동차,카운티 일렉트릭,3915,2348,6263,2024년도 전기자동차 부천시 모델별 보조금,2024,부천시
승합(중형),현대자동차,카운티 일렉트릭(마을버스),4000,2400,6400,2024년도 전기자동차 부천시 모델별 보조금,2024,부천시
승합(중형),이비온,"E6(JL618S), 어린이통학",1127,676,1803,2024년도 전기자동차 부천시 모델별 보조금,2024,부천시
승합(중형),GS글로벌,NEW BYD eBus-7,1007,604,1611,2024년도 전기자동차 부천시 모델별 보조금,2024,부천시
승합(중형),한차,GREENWAY720,4250,2550,6800,2024년도 전기자동차 부천시 모델별 보조금,2024,부천시
승합(중형),테라팩토리,"테라밴키즈(2022), 어린이운송용14명",776,464,1240,2024년도 전기자동차 부천시 모델별 보조금,2024,부천시
승합(중형),테라팩토리,"테라밴키즈11(2022), 어린이운송용11명",772,462,1234,2024년도 전기자동차 부천시 모델별 보조금,2024,부천시
승합(중형),테라팩토리,테라밴,767,460,1227,2024년도 전기자동차 부천시 모델별 보조금,2024,부천시
승합(중형),중원자동차,EV J1,1496,896,2392,2024년도 전기자동차 부천시 모델별 보조금,2024,부천시
승합(중형),쏠테로,트라베리-Y540E,1676,0,1676,2024년도 전기자동차 부천시 모델별 보조금,2024,부천시
승합(중형),쏠테로,트라베리-Y550E,1676,0,1676,2024년도 전기자동차 부천시 모델별 보조금,2024,부천시
승합(중형),쏠테로,트라베리-Y560E,1676,0,1676,2024년도 전기자동차 부천시 모델별 보조금,2024,부천시
승합(중형),리텍,e-CENTRO-K,2385,0,2385,2024년도 전기자동차 부천시 모델별 보조금,2024,부천시
승합(중형),에빅오토모티브코리아,세레온(어린이),5000,0,5000,2024년도 전기자동차 부천시 모델별 보조금,2024,부천시
승합(중형),에빅오토모티브코리아,세레온(마을),5000,0,5000,2024년도 전기자동차 부천시 모델별 보조금,2024,부천시
승합(대형),현대자동차,일렉시티 이층버스,11900,0,11900,2024년도 전기자동차 부천시 모델별 보조금,2024,부천시
승합(대형),현대자동차,일렉시티(3PACK),7000,4200,11200,2024년도 전기자동차 부천시 모델별 보조금,2024,부천시
승합(대형),현대자동차,일렉시티(4PACK V1),7000,4200,11200,2024년도 전기자동차 부천시 모델별 보조금,2024,부천시
승합(대형),현대자동차,일렉시티(4PACK V2),7000,4200,11200,2024년도 전기자동차 부천시 모델별 보조금,2024,부천시
승합(대형),현대자동차,일렉시티 타운,6859,4114,10973,2024년도 전기자동차 부천시 모델별 보조금,2024,부천시
승합(대형),케이지모빌리티커머셜,SMART 110(272kWh),3850,2310,6160,2024년도 전기자동차 부천시 모델별 보조금,2024,부천시
승합(대형),케이지모빌리티커머셜,SMART 110E(347kWh),5950,3570,9520,2024년도 전기자동차 부천시 모델별 보조금,2024,부천시
승합(대형),케이지모빌리티커머셜,SMART 110(260kWh),5724,3434,9158,2024년도 전기자동차 부천시 모델별 보조금,2024,부천시
승합(대형),케이지모빌리티커머셜,SMART 110E(260kWh),5950,3570,9520,2024년도 전기자동차 부천시 모델별 보조금,2024,부천시
승합(대형),케이지모빌리티커머셜,SMART 110(301kWh),7000,4200,11200,2024년도 전기자동차 부천시 모델별 보조금,2024,부천시
승합(대형),케이지모빌리티커머셜,KG C090,6916,4148,11064,2024년도 전기자동차 부천시 모델별 보조금,2024,부천시
승합(대형),우진산전,아폴로900전기버스,4719,2830,7549,2024년도 전기자동차 부천시 모델별 보조금,2024,부천시
승합(대형),우진산전,아폴로1100전기버스 23MY,7000,4200,11200,2024년도 전기자동차 부천시 모델별 보조금,2024,부천시
승합(대형),우진산전,아폴로1200-B43,7000,4200,11200,2024년도 전기자동차 부천시 모델별 보조금,2024,부천시
승합(대형),우진산전,아폴로1200-S42,7000,4200,11200,2024년도 전기자동차 부천시 모델별 보조금,2024,부천시
승합(대형),우진산전,아폴로1200-B42,7000,4200,11200,2024년도 전기자동차 부천시 모델별 보조금,2024,부천시
승합(대형),우진산전,아폴로1200-B29,7000,4200,11200,2024년도 전기자동차 부천시 모델별 보조금,2024,부천시
승합(대형),우진산전,아폴로1200-S29,7000,4200,11200,2024년도 전기자동차 부천시 모델별 보조금,2024,부천시
승합(대형),우진산전,아폴로900 V2.0,6819,0,6819,2024년도 전기자동차 부천시 모델별 보조금,2024,부천시
승합(대형),우진산전,아폴로1100 양문형,6459,0,6459,2024년도 전기자동차 부천시 모델별 보조금,2024,부천시
승합(대형),우진산전,아폴로1100 V2.0,7000,0,7000,2024년도 전기자동차 부천시 모델별 보조금,2024,부천시
승합(대형),피라인모터스,HYPERS1609N,5796,3476,9272,2024년도 전기자동차 부천시 모델별 보조금,2024,부천시
승합(대형),피라인모터스,HYPERS1611N,5440,3264,8704,2024년도 전기자동차 부천시 모델별 보조금,2024,부천시
승합(대형),피라인모터스,HYPERS1609HN,5755,3452,9207,2024년도 전기자동차 부천시 모델별 보조금,2024,부천시
승합(대형),피라인모터스,HYPERS1609N(25인승),5794,3476,9270,2024년도 전기자동차 부천시 모델별 보조금,2024,부천시
승합(대형),피라인모터스,HYPERS1609HN(25인승),5755,3452,9207,2024년도 전기자동차 부천시 모델별 보조금,2024,부천시
승합(대형),피라인모터스,HYPERS PRIME,7000,4200,11200,2024년도 전기자동차 부천시 모델별 보조금,2024,부천시
승합(대형),피라인모터스,HYPERS1609P(접이식),7000,4200,11200,2024년도 전기자동차 부천시 모델별 보조금,2024,부천시
승합(대형),피라인모터스,HYPERS1609P(힙레스트),7000,4200,11200,2024년도 전기자동차 부천시 모델별 보조금,2024,부천시
승합(대형),피라인모터스,HYPERS1609P(25인승 접이식),7000,4200,11200,2024년도 전기자동차 부천시 모델별 보조금,2024,부천시
승합(대형),피라인모터스,HYPERS1609P(25인승 힙레스트),7000,4200,11200,2024년도 전기자동차 부천시 모델별 보조금,2024,부천시
승합(대형),피라인모터스,HYPERS1611P(접이식),7000,4200,11200,2024년도 전기자동차 부천시 모델별 보조금,2024,부천시
승합(대형),피라인모터스,HYPERS1611P(힙레스트),7000,4200,11200,2024년도 전기자동차 부천시 모델별 보조금,2024,부천시
승합(대형),피라인모터스,HYPERS HP,7000,4200,11200,2024년도 전기자동차 부천시 모델별 보조금,2024,부천시
승합(대형),범한자동차,E-SKY11(350kWh),1980,1188,3168,2024년도 전기자동차 부천시 모델별 보조금,2024,부천시
승합(대형),범한자동차,E-SKY9(281kWh),1980,1188,3168,2024년도 전기자동차 부천시 모델별 보조금,2024,부천시
승합(대형),범한자동차,E-STAR8 V1,1719,1030,2749,2024년도 전기자동차 부천시 모델별 보조금,2024,부천시
승합(대형),범한자동차,E-STAR11,1980,1188,3168,2024년도 전기자동차 부천시 모델별 보조금,2024,부천시
승합(대형),범한자동차,E-STAR12i,2480,1486,3966,2024년도 전기자동차 부천시 모델별 보조금,2024,부천시
승합(대형),에스에이피,아이즘(IZM),1440,864,2304,2024년도 전기자동차 부천시 모델별 보조금,2024,부천시
승합(대형),에스에이피,엘페(ELFE),1889,1132,3021,2024년도 전기자동차 부천시 모델별 보조금,2024,부천시
승합(대형),에스에이피,리오네(LIONNE),1440,864,2304,2024년도 전기자동차 부천시 모델별 보조금,2024,부천시
승합(대형),에스에이피,네오포스(NEOFORCE),1440,756,2196,2024년도 전기자동차 부천시 모델별 보조금,2024,부천시
승합(대형),GS글로벌,NEW BYD eBus-12,2180,1308,3488,2024년도 전기자동차 부천시 모델별 보조금,2024,부천시
승합(대형),GS글로벌,BYD eBus9,2310,1386,3696,2024년도 전기자동차 부천시 모델별 보조금,2024,부천시
승합(대형),GS글로벌,BYD eBus11,3440,0,3440,2024년도 전기자동차 부천시 모델별 보조금,2024,부천시
승합(대형),티에스에코에너지,일레누스(TS1100-1),5771,3462,9233,2024년도 전기자동차 부천시 모델별 보조금,2024,부천시
승합(대형),티에스에코에너지,일레누스(TS900-1),6914,4148,11062,2024년도 전기자동차 부천시 모델별 보조금,2024,부천시
승합(대형),이온모터스,시티라이트Ⅱ,2290,1374,3664,2024년도 전기자동차 부천시 모델별 보조금,2024,부천시
승합(대형),이온모터스,시티라이트9,2310,1386,3696,2024년도 전기자동차 부천시 모델별 보조금,2024,부천시
승합(대형),한차,GREENWAY1100A,5950,3570,9520,2024년도 전기자동차 부천시 모델별 보조금,2024,부천시
승합(대형),이엠코리아,에픽시티(LFP),2310,0,2310,2024년도 전기자동차 부천시 모델별 보조금,2024,부천시
승합(대형),이엠코리아,에픽타운(LFP),2101,0,2101,2024년도 전기자동차 부천시 모델별 보조금,2024,부천시
승합(대형),이엠코리아,에픽시티(NCM),7000,0,7000,2024년도 전기자동차 부천시 모델별 보조금,2024,부천시
승합(대형),이엠코리아,에픽타운(NCM),6439,0,6439,2024년도 전기자동차 부천시 모델별 보조금,2024,부천시
승합(대형),태영티엔티,GD11N,7000,0,7000,2024년도 전기자동차 부천시 모델별 보조금,2024,부천시
승합(대형),재일홀딩스,그린타운400,1539,922,2461,2024년도 전기자동차 부천시 모델별 보조금,2024,부천시
승합(대형),아이버스,아이버스어린이운송차,5950,0,5950,2024년도 전기자동차 부천시 모델별 보조금,2024,부천시
승합(중형),현대자동차,카운티 일렉트릭,3915,0,3915,2024년도 전기자동차 광명시 모델별 보조금,2024,광명시
승합(중형),현대자동차,카운티 일렉트릭(마을버스),4000,0,4000,2024년도 전기자동차 광명시 모델별 보조금,2024,광명시
승합(중형),이비온,"E6(JL618S), 어린이통학",1127,0,1127,2024년도 전기자동차 광명시 모델별 보조금,2024,광명시
승합(중형),GS글로벌,NEW BYD eBus-7,1007,0,1007,2024년도 전기자동차 광명시 모델별 보조금,2024,광명시
승합(중형),GS글로벌,BYD eBus7,2100,0,2100,2024년도 전기자동차 광명시 모델별 보조금,2024,광명시
승합(중형),한차,GREENWAY720,4250,0,4250,2024년도 전기자동차 광명시 모델별 보조금,2024,광명시
승합(중형),테라팩토리,"테라밴키즈(2022), 어린이운송용14명",776,0,776,2024년도 전기자동차 광명시 모델별 보조금,2024,광명시
승합(중형),테라팩토리,"테라밴키즈11(2022), 어린이운송용11명",772,0,772,2024년도 전기자동차 광명시 모델별 보조금,2024,광명시
승합(중형),테라팩토리,테라밴,767,0,767,2024년도 전기자동차 광명시 모델별 보조금,2024,광명시
승합(중형),중원자동차,EV J1,1496,0,1496,2024년도 전기자동차 광명시 모델별 보조금,2024,광명시
승합(중형),쏠테로,트라베리-Y540E,1676,0,1676,2024년도 전기자동차 광명시 모델별 보조금,2024,광명시
승합(중형),쏠테로,트라베리-Y550E,1676,0,1676,2024년도 전기자동차 광명시 모델별 보조금,2024,광명시
승합(중형),쏠테로,트라베리-Y560E,1676,0,1676,2024년도 전기자동차 광명시 모델별 보조금,2024,광명시
승합(중형),리텍,e-CENTRO-K,2385,0,2385,2024년도 전기자동차 광명시 모델별 보조금,2024,광명시
승합(중형),에빅오토모티브코리아,세레온(어린이),5000,0,5000,2024년도 전기자동차 광명시 모델별 보조금,2024,광명시
승합(중형),에빅오토모티브코리아,세레온(마을),5000,0,5000,2024년도 전기자동차 광명시 모델별 보조금,2024,광명시
승합(대형),현대자동차,일렉시티 이층버스,11900,0,11900,2024년도 전기자동차 광명시 모델별 보조금,2024,광명시
승합(대형),현대자동차,일렉시티(3PACK),7000,0,7000,2024년도 전기자동차 광명시 모델별 보조금,2024,광명시
승합(대형),현대자동차,일렉시티(4PACK V1),7000,0,7000,2024년도 전기자동차 광명시 모델별 보조금,2024,광명시
승합(대형),현대자동차,일렉시티(4PACK V2),7000,0,7000,2024년도 전기자동차 광명시 모델별 보조금,2024,광명시
승합(대형),현대자동차,일렉시티 타운,6859,0,6859,2024년도 전기자동차 광명시 모델별 보조금,2024,광명시
승합(대형),케이지모빌리티커머셜,SMART 110(272kWh),3850,0,3850,2024년도 전기자동차 광명시 모델별 보조금,2024,광명시
승합(대형),케이지모빌리티커머셜,SMART 110E(347kWh),5950,0,5950,2024년도 전기자동차 광명시 모델별 보조금,2024,광명시
승합(대형),케이지모빌리티커머셜,SMART 110(260kWh),5724,0,5724,2024년도 전기자동차 광명시 모델별 보조금,2024,광명시
승합(대형),케이지모빌리티커머셜,SMART 110E(260kWh),5950,0,5950,2024년도 전기자동차 광명시 모델별 보조금,2024,광명시
승합(대형),케이지모빌리티커머셜,SMART 110(301kWh),7000,0,7000,2024년도 전기자동차 광명시 모델별 보조금,2024,광명시
승합(대형),케이지모빌리티커머셜,KG C090,6916,0,6916,2024년도 전기자동차 광명시 모델별 보조금,2024,광명시
승합(대형),우진산전,아폴로900전기버스,4719,0,4719,2024년도 전기자동차 광명시 모델별 보조금,2024,광명시
승합(대형),우진산전,아폴로1100전기버스 23MY,7000,0,7000,2024년도 전기자동차 광명시 모델별 보조금,2024,광명시
승합(대형),우진산전,아폴로1200-B43,7000,0,7000,2024년도 전기자동차 광명시 모델별 보조금,2024,광명시
승합(대형),우진산전,아폴로1200-S42,7000,0,7000,2024년도 전기자동차 광명시 모델별 보조금,2024,광명시
승합(대형),우진산전,아폴로1200-B42,7000,0,7000,2024년도 전기자동차 광명시 모델별 보조금,2024,광명시
승합(대형),우진산전,아폴로1200-B29,7000,0,7000,2024년도 전기자동차 광명시 모델별 보조금,2024,광명시
승합(대형),우진산전,아폴로1200-S29,7000,0,7000,2024년도 전기자동차 광명시 모델별 보조금,2024,광명시
승합(대형),우진산전,아폴로900 V2.0,6819,0,6819,2024년도 전기자동차 광명시 모델별 보조금,2024,광명시
승합(대형),우진산전,아폴로1100 양문형,6459,0,6459,2024년도 전기자동차 광명시 모델별 보조금,2024,광명시
승합(대형),우진산전,아폴로1100 V2.0,7000,0,7000,2024년도 전기자동차 광명시 모델별 보조금,2024,광명시
승합(대형),피라인모터스,HYPERS1609N,5796,0,5796,2024년도 전기자동차 광명시 모델별 보조금,2024,광명시
승합(대형),피라인모터스,HYPERS1611N,5440,0,5440,2024년도 전기자동차 광명시 모델별 보조금,2024,광명시
승합(대형),피라인모터스,HYPERS1609HN,5755,0,5755,2024년도 전기자동차 광명시 모델별 보조금,2024,광명시
승합(대형),피라인모터스,HYPERS1609N(25인승),5794,0,5794,2024년도 전기자동차 광명시 모델별 보조금,2024,광명시
승합(대형),피라인모터스,HYPERS1609HN(25인승),5755,0,5755,2024년도 전기자동차 광명시 모델별 보조금,2024,광명시
승합(대형),피라인모터스,HYPERS PRIME,7000,0,7000,2024년도 전기자동차 광명시 모델별 보조금,2024,광명시
승합(대형),피라인모터스,HYPERS1609P(접이식),7000,0,7000,2024년도 전기자동차 광명시 모델별 보조금,2024,광명시
승합(대형),피라인모터스,HYPERS1609P(힙레스트),7000,0,7000,2024년도 전기자동차 광명시 모델별 보조금,2024,광명시
승합(대형),피라인모터스,HYPERS1609P(25인승 접이식),7000,0,7000,2024년도 전기자동차 광명시 모델별 보조금,2024,광명시
승합(대형),피라인모터스,HYPERS1609P(25인승 힙레스트),7000,0,7000,2024년도 전기자동차 광명시 모델별 보조금,2024,광명시
승합(대형),피라인모터스,HYPERS1611P(접이식),7000,0,7000,2024년도 전기자동차 광명시 모델별 보조금,2024,광명시
승합(대형),피라인모터스,HYPERS1611P(힙레스트),7000,0,7000,2024년도 전기자동차 광명시 모델별 보조금,2024,광명시
승합(대형),피라인모터스,HYPERS HP,7000,0,7000,2024년도 전기자동차 광명시 모델별 보조금,2024,광명시
승합(대형),범한자동차,E-SKY11(350kWh),1980,0,1980,2024년도 전기자동차 광명시 모델별 보조금,2024,광명시
승합(대형),범한자동차,E-SKY9(281kWh),1980,0,1980,2024년도 전기자동차 광명시 모델별 보조금,2024,광명시
승합(대형),범한자동차,E-STAR8 V1,1719,0,1719,2024년도 전기자동차 광명시 모델별 보조금,2024,광명시
승합(대형),범한자동차,E-STAR11,1980,0,1980,2024년도 전기자동차 광명시 모델별 보조금,2024,광명시
승합(대형),범한자동차,E-STAR12i,2480,0,2480,2024년도 전기자동차 광명시 모델별 보조금,2024,광명시
승합(대형),에스에이피,아이즘(IZM),1440,0,1440,2024년도 전기자동차 광명시 모델별 보조금,2024,광명시
승합(대형),에스에이피,엘페(ELFE),1889,0,1889,2024년도 전기자동차 광명시 모델별 보조금,2024,광명시
승합(대형),에스에이피,리오네(LIONNE),1440,0,1440,2024년도 전기자동차 광명시 모델별 보조금,2024,광명시
승합(대형),에스에이피,네오포스(NEOFORCE),1440,0,1440,2024년도 전기자동차 광명시 모델별 보조금,2024,광명시
승합(대형),GS글로벌,NEW BYD eBus-12,2180,0,2180,2024년도 전기자동차 광명시 모델별 보조금,2024,광명시
승합(대형),GS글로벌,BYD eBus9,2310,0,2310,2024년도 전기자동차 광명시 모델별 보조금,2024,광명시
승합(대형),GS글로벌,BYD eBus11,3440,2064,5504,2024년도 전기자동차 광명시 모델별 보조금,2024,광명시
승합(대형),티에스에코에너지,일레누스(TS1100-1),5771,0,5771,2024년도 전기자동차 광명시 모델별 보조금,2024,광명시
승합(대형),티에스에코에너지,일레누스(TS900-1),6914,0,6914,2024년도 전기자동차 광명시 모델별 보조금,2024,광명시
승합(대형),이온모터스,시티라이트Ⅱ,2290,0,2290,2024년도 전기자동차 광명시 모델별 보조금,2024,광명시
승합(대형),이온모터스,시티라이트9,2310,0,2310,2024년도 전기자동차 광명시 모델별 보조금,2024,광명시
승합(대형),한차,GREENWAY1100A,5950,0,5950,2024년도 전기자동차 광명시 모델별 보조금,2024,광명시
승합(대형),이엠코리아,에픽시티(LFP),2310,0,2310,2024년도 전기자동차 광명시 모델별 보조금,2024,광명시
승합(대형),이엠코리아,에픽타운(LFP),2101,0,2101,2024년도 전기자동차 광명시 모델별 보조금,2024,광명시
승합(대형),이엠코리아,에픽시티(NCM),7000,0,7000,2024년도 전기자동차 광명시 모델별 보조금,2024,광명시
승합(대형),이엠코리아,에픽타운(NCM),6439,0,6439,2024년도 전기자동차 광명시 모델별 보조금,2024,광명시
승합(대형),태영티엔티,GD11N,7000,0,7000,2024년도 전기자동차 광명시 모델별 보조금,2024,광명시
승합(대형),재일홀딩스,그린타운400,1539,0,1539,2024년도 전기자동차 광명시 모델별 보조금,2024,광명시
승합(대형),아이버스,아이버스어린이운송차,5950,0,5950,2024년도 전기자동차 광명시 모델별 보조금,2024,광명시
승합(중형),현대자동차,카운티 일렉트릭,3915,2349,6264,2024년도 전기자동차 평택시 모델별 보조금,2024,평택시
승합(중형),현대자동차,카운티 일렉트릭(마을버스),4000,2400,6400,2024년도 전기자동차 평택시 모델별 보조금,2024,평택시
승합(중형),이비온,"E6(JL618S), 어린이통학",1127,676,1803,2024년도 전기자동차 평택시 모델별 보조금,2024,평택시
승합(중형),GS글로벌,NEW BYD eBus-7,1007,604,1611,2024년도 전기자동차 평택시 모델별 보조금,2024,평택시
승합(중형),한차,GREENWAY720,4250,2550,6800,2024년도 전기자동차 평택시 모델별 보조금,2024,평택시
승합(중형),테라팩토리,"테라밴키즈(2022), 어린이운송용14명",776,465,1241,2024년도 전기자동차 평택시 모델별 보조금,2024,평택시
승합(중형),테라팩토리,"테라밴키즈11(2022), 어린이운송용11명",772,463,1235,2024년도 전기자동차 평택시 모델별 보조금,2024,평택시
승합(중형),테라팩토리,테라밴,767,460,1227,2024년도 전기자동차 평택시 모델별 보조금,2024,평택시
승합(중형),중원자동차,EV J1,1496,897,2393,2024년도 전기자동차 평택시 모델별 보조금,2024,평택시
승합(중형),쏠테로,트라베리-Y540E,1676,1005,2681,2024년도 전기자동차 평택시 모델별 보조금,2024,평택시
승합(중형),쏠테로,트라베리-Y550E,1676,1005,2681,2024년도 전기자동차 평택시 모델별 보조금,2024,평택시
승합(중형),쏠테로,트라베리-Y560E,1676,1005,2681,2024년도 전기자동차 평택시 모델별 보조금,2024,평택시
승합(중형),리텍,e-CENTRO-K,2385,0,2385,2024년도 전기자동차 평택시 모델별 보조금,2024,평택시
승합(중형),에빅오토모티브코리아,세레온(어린이),5000,0,5000,2024년도 전기자동차 평택시 모델별 보조금,2024,평택시
승합(중형),에빅오토모티브코리아,세레온(마을),5000,0,5000,2024년도 전기자동차 평택시 모델별 보조금,2024,평택시
승합(대형),현대자동차,일렉시티 이층버스,11900,4200,16100,2024년도 전기자동차 평택시 모델별 보조금,2024,평택시
승합(대형),현대자동차,일렉시티(3PACK),7000,4200,11200,2024년도 전기자동차 평택시 모델별 보조금,2024,평택시
승합(대형),현대자동차,일렉시티(4PACK V1),7000,4200,11200,2024년도 전기자동차 평택시 모델별 보조금,2024,평택시
승합(대형),현대자동차,일렉시티(4PACK V2),7000,4200,11200,2024년도 전기자동차 평택시 모델별 보조금,2024,평택시
승합(대형),현대자동차,일렉시티 타운,6859,4115,10974,2024년도 전기자동차 평택시 모델별 보조금,2024,평택시
승합(대형),케이지모빌리티커머셜,SMART 110(272kWh),3850,2310,6160,2024년도 전기자동차 평택시 모델별 보조금,2024,평택시
승합(대형),케이지모빌리티커머셜,SMART 110E(347kWh),5950,3570,9520,2024년도 전기자동차 평택시 모델별 보조금,2024,평택시
승합(대형),케이지모빌리티커머셜,SMART 110(260kWh),5724,3434,9158,2024년도 전기자동차 평택시 모델별 보조금,2024,평택시
승합(대형),케이지모빌리티커머셜,SMART 110E(260kWh),5950,3570,9520,2024년도 전기자동차 평택시 모델별 보조금,2024,평택시
승합(대형),케이지모빌리티커머셜,SMART 110(301kWh),7000,4200,11200,2024년도 전기자동차 평택시 모델별 보조금,2024,평택시
승합(대형),우진산전,아폴로900전기버스,4719,2831,7550,2024년도 전기자동차 평택시 모델별 보조금,2024,평택시
승합(대형),우진산전,아폴로1100전기버스 23MY,7000,4200,11200,2024년도 전기자동차 평택시 모델별 보조금,2024,평택시
승합(대형),우진산전,아폴로1200-B43,7000,4200,11200,2024년도 전기자동차 평택시 모델별 보조금,2024,평택시
승합(대형),우진산전,아폴로1200-S42,7000,4200,11200,2024년도 전기자동차 평택시 모델별 보조금,2024,평택시
승합(대형),우진산전,아폴로1200-B42,7000,4200,11200,2024년도 전기자동차 평택시 모델별 보조금,2024,평택시
승합(대형),우진산전,아폴로1200-B29,7000,4200,11200,2024년도 전기자동차 평택시 모델별 보조금,2024,평택시
승합(대형),우진산전,아폴로1200-S29,7000,4200,11200,2024년도 전기자동차 평택시 모델별 보조금,2024,평택시
승합(대형),우진산전,아폴로900 V2.0,6819,4092,10911,2024년도 전기자동차 평택시 모델별 보조금,2024,평택시
승합(대형),우진산전,아폴로1100 양문형,6459,3876,10335,2024년도 전기자동차 평택시 모델별 보조금,2024,평택시
승합(대형),피라인모터스,HYPERS1609N,5796,3477,9273,2024년도 전기자동차 평택시 모델별 보조금,2024,평택시
승합(대형),피라인모터스,HYPERS1611N,5440,3264,8704,2024년도 전기자동차 평택시 모델별 보조금,2024,평택시
승합(대형),피라인모터스,HYPERS1609HN,5755,3453,9208,2024년도 전기자동차 평택시 모델별 보조금,2024,평택시
승합(대형),피라인모터스,HYPERS1609N(25인승),5794,3476,9270,2024년도 전기자동차 평택시 모델별 보조금,2024,평택시
승합(대형),피라인모터스,HYPERS1609HN(25인승),5755,3453,9208,2024년도 전기자동차 평택시 모델별 보조금,2024,평택시
승합(대형),피라인모터스,HYPERS PRIME,7000,4200,11200,2024년도 전기자동차 평택시 모델별 보조금,2024,평택시
승합(대형),피라인모터스,HYPERS1609P(접이식),7000,4200,11200,2024년도 전기자동차 평택시 모델별 보조금,2024,평택시
승합(대형),피라인모터스,HYPERS1609P(힙레스트),7000,4200,11200,2024년도 전기자동차 평택시 모델별 보조금,2024,평택시
승합(대형),피라인모터스,HYPERS1609P(25인승 접이식),7000,4200,11200,2024년도 전기자동차 평택시 모델별 보조금,2024,평택시
승합(대형),피라인모터스,HYPERS1609P(25인승 힙레스트),7000,4200,11200,2024년도 전기자동차 평택시 모델별 보조금,2024,평택시
승합(대형),피라인모터스,HYPERS1611P(접이식),7000,4200,11200,2024년도 전기자동차 평택시 모델별 보조금,2024,평택시
승합(대형),피라인모터스,HYPERS1611P(힙레스트),7000,4200,11200,2024년도 전기자동차 평택시 모델별 보조금,2024,평택시
승합(대형),피라인모터스,HYPERS HP,7000,4200,11200,2024년도 전기자동차 평택시 모델별 보조금,2024,평택시
승합(대형),범한자동차,E-SKY11(350kWh),1980,1188,3168,2024년도 전기자동차 평택시 모델별 보조금,2024,평택시
승합(대형),범한자동차,E-SKY9(281kWh),1980,1188,3168,2024년도 전기자동차 평택시 모델별 보조금,2024,평택시
승합(대형),범한자동차,E-STAR8 V1,1719,1031,2750,2024년도 전기자동차 평택시 모델별 보조금,2024,평택시
승합(대형),범한자동차,E-STAR11,1980,1188,3168,2024년도 전기자동차 평택시 모델별 보조금,2024,평택시
승합(대형),범한자동차,E-STAR12i,2480,1487,3967,2024년도 전기자동차 평택시 모델별 보조금,2024,평택시
승합(대형),에스에이피,아이즘(IZM),1440,864,2304,2024년도 전기자동차 평택시 모델별 보조금,2024,평택시
승합(대형),에스에이피,엘페(ELFE),1889,1133,3022,2024년도 전기자동차 평택시 모델별 보조금,2024,평택시
승합(대형),에스에이피,리오네(LIONNE),1440,864,2304,2024년도 전기자동차 평택시 모델별 보조금,2024,평택시
승합(대형),에스에이피,네오포스(NEOFORCE),1440,864,2304,2024년도 전기자동차 평택시 모델별 보조금,2024,평택시
승합(대형),GS글로벌,NEW BYD eBus-12,2180,1308,3488,2024년도 전기자동차 평택시 모델별 보조금,2024,평택시
승합(대형),GS글로벌,BYD eBus9,2310,1386,3696,2024년도 전기자동차 평택시 모델별 보조금,2024,평택시
승합(대형),GS글로벌,BYD eBus11,3440,2064,5504,2024년도 전기자동차 평택시 모델별 보조금,2024,평택시
승합(대형),티에스에코에너지,일레누스(TS1100-1),5771,3462,9233,2024년도 전기자동차 평택시 모델별 보조금,2024,평택시
승합(대형),티에스에코에너지,일레누스(TS900-1),6914,4148,11062,2024년도 전기자동차 평택시 모델별 보조금,2024,평택시
승합(대형),이온모터스,시티라이트Ⅱ,2290,1374,3664,2024년도 전기자동차 평택시 모델별 보조금,2024,평택시
승합(대형),이온모터스,시티라이트9,2310,1386,3696,2024년도 전기자동차 평택시 모델별 보조금,2024,평택시
승합(대형),한차,GREENWAY1100A,5950,3570,9520,2024년도 전기자동차 평택시 모델별 보조금,2024,평택시
승합(대형),이엠코리아,에픽시티(LFP),2310,1386,3696,2024년도 전기자동차 평택시 모델별 보조금,2024,평택시
승합(대형),이엠코리아,에픽타운(LFP),2101,1260,3361,2024년도 전기자동차 평택시 모델별 보조금,2024,평택시
승합(대형),태영티엔티,GD11N,7000,4200,11200,2024년도 전기자동차 평택시 모델별 보조금,2024,평택시
승합(대형),재일홀딩스,그린타운400,1539,923,2462,2024년도 전기자동차 평택시 모델별 보조금,2024,평택시
승합(대형),아이버스,아이버스어린이운송차,5950,0,5950,2024년도 전기자동차 평택시 모델별 보조금,2024,평택시
승합(중형),현대자동차,카운티 일렉트릭,3915,0,3915,2024년도 전기자동차 동두천시 모델별 보조금,2024,동두천시
승합(중형),현대자동차,카운티 일렉트릭(마을버스),4000,0,4000,2024년도 전기자동차 동두천시 모델별 보조금,2024,동두천시
승합(중형),이비온,"E6(JL618S), 어린이통학",1127,0,1127,2024년도 전기자동차 동두천시 모델별 보조금,2024,동두천시
승합(중형),GS글로벌,NEW BYD eBus-7,1007,0,1007,2024년도 전기자동차 동두천시 모델별 보조금,2024,동두천시
승합(중형),한차,GREENWAY720,4250,0,4250,2024년도 전기자동차 동두천시 모델별 보조금,2024,동두천시
승합(중형),테라팩토리,"테라밴키즈(2022), 어린이운송용14명",776,0,776,2024년도 전기자동차 동두천시 모델별 보조금,2024,동두천시
승합(중형),테라팩토리,"테라밴키즈11(2022), 어린이운송용11명",772,0,772,2024년도 전기자동차 동두천시 모델별 보조금,2024,동두천시
승합(중형),테라팩토리,테라밴,767,0,767,2024년도 전기자동차 동두천시 모델별 보조금,2024,동두천시
승합(중형),중원자동차,EV J1,1496,0,1496,2024년도 전기자동차 동두천시 모델별 보조금,2024,동두천시
승합(중형),쏠테로,트라베리-Y540E,1676,0,1676,2024년도 전기자동차 동두천시 모델별 보조금,2024,동두천시
승합(중형),쏠테로,트라베리-Y550E,1676,0,1676,2024년도 전기자동차 동두천시 모델별 보조금,2024,동두천시
승합(중형),쏠테로,트라베리-Y560E,1676,0,1676,2024년도 전기자동차 동두천시 모델별 보조금,2024,동두천시
승합(중형),리텍,e-CENTRO-K,2385,0,2385,2024년도 전기자동차 동두천시 모델별 보조금,2024,동두천시
승합(중형),에빅오토모티브코리아,세레온(어린이),5000,0,5000,2024년도 전기자동차 동두천시 모델별 보조금,2024,동두천시
승합(중형),에빅오토모티브코리아,세레온(마을),5000,0,5000,2024년도 전기자동차 동두천시 모델별 보조금,2024,동두천시
승합(대형),현대자동차,일렉시티 이층버스,11900,0,11900,2024년도 전기자동차 동두천시 모델별 보조금,2024,동두천시
승합(대형),현대자동차,일렉시티(3PACK),7000,0,7000,2024년도 전기자동차 동두천시 모델별 보조금,2024,동두천시
승합(대형),현대자동차,일렉시티(4PACK V1),7000,0,7000,2024년도 전기자동차 동두천시 모델별 보조금,2024,동두천시
승합(대형),현대자동차,일렉시티(4PACK V2),7000,0,7000,2024년도 전기자동차 동두천시 모델별 보조금,2024,동두천시
승합(대형),현대자동차,일렉시티 타운,6859,4115,10974,2024년도 전기자동차 동두천시 모델별 보조금,2024,동두천시
승합(대형),케이지모빌리티커머셜,SMART 110(272kWh),3850,0,3850,2024년도 전기자동차 동두천시 모델별 보조금,2024,동두천시
승합(대형),케이지모빌리티커머셜,SMART 110E(347kWh),5950,0,5950,2024년도 전기자동차 동두천시 모델별 보조금,2024,동두천시
승합(대형),케이지모빌리티커머셜,SMART 110(260kWh),5724,0,5724,2024년도 전기자동차 동두천시 모델별 보조금,2024,동두천시
승합(대형),케이지모빌리티커머셜,SMART 110E(260kWh),5950,0,5950,2024년도 전기자동차 동두천시 모델별 보조금,2024,동두천시
승합(대형),케이지모빌리티커머셜,SMART 110(301kWh),7000,0,7000,2024년도 전기자동차 동두천시 모델별 보조금,2024,동두천시
승합(대형),우진산전,아폴로900전기버스,4719,0,4719,2024년도 전기자동차 동두천시 모델별 보조금,2024,동두천시
승합(대형),우진산전,아폴로1100전기버스 23MY,7000,0,7000,2024년도 전기자동차 동두천시 모델별 보조금,2024,동두천시
승합(대형),우진산전,아폴로1200-B43,7000,0,7000,2024년도 전기자동차 동두천시 모델별 보조금,2024,동두천시
승합(대형),우진산전,아폴로1200-S42,7000,0,7000,2024년도 전기자동차 동두천시 모델별 보조금,2024,동두천시
승합(대형),우진산전,아폴로1200-B42,7000,0,7000,2024년도 전기자동차 동두천시 모델별 보조금,2024,동두천시
승합(대형),우진산전,아폴로1200-B29,7000,0,7000,2024년도 전기자동차 동두천시 모델별 보조금,2024,동두천시
승합(대형),우진산전,아폴로1200-S29,7000,0,7000,2024년도 전기자동차 동두천시 모델별 보조금,2024,동두천시
승합(대형),우진산전,아폴로900 V2.0,6819,4091,10910,2024년도 전기자동차 동두천시 모델별 보조금,2024,동두천시
승합(대형),우진산전,아폴로1100 양문형,6459,0,6459,2024년도 전기자동차 동두천시 모델별 보조금,2024,동두천시
승합(대형),피라인모터스,HYPERS1609N,5796,0,5796,2024년도 전기자동차 동두천시 모델별 보조금,2024,동두천시
승합(대형),피라인모터스,HYPERS1611N,5440,0,5440,2024년도 전기자동차 동두천시 모델별 보조금,2024,동두천시
승합(대형),피라인모터스,HYPERS1609HN,5755,0,5755,2024년도 전기자동차 동두천시 모델별 보조금,2024,동두천시
승합(대형),피라인모터스,HYPERS1609N(25인승),5794,0,5794,2024년도 전기자동차 동두천시 모델별 보조금,2024,동두천시
승합(대형),피라인모터스,HYPERS1609HN(25인승),5755,0,5755,2024년도 전기자동차 동두천시 모델별 보조금,2024,동두천시
승합(대형),피라인모터스,HYPERS PRIME,7000,0,7000,2024년도 전기자동차 동두천시 모델별 보조금,2024,동두천시
승합(대형),피라인모터스,HYPERS1609P(접이식),7000,0,7000,2024년도 전기자동차 동두천시 모델별 보조금,2024,동두천시
승합(대형),피라인모터스,HYPERS1609P(힙레스트),7000,0,7000,2024년도 전기자동차 동두천시 모델별 보조금,2024,동두천시
승합(대형),피라인모터스,HYPERS1609P(25인승 접이식),7000,0,7000,2024년도 전기자동차 동두천시 모델별 보조금,2024,동두천시
승합(대형),피라인모터스,HYPERS1609P(25인승 힙레스트),7000,0,7000,2024년도 전기자동차 동두천시 모델별 보조금,2024,동두천시
승합(대형),피라인모터스,HYPERS1611P(접이식),7000,0,7000,2024년도 전기자동차 동두천시 모델별 보조금,2024,동두천시
승합(대형),피라인모터스,HYPERS1611P(힙레스트),7000,0,7000,2024년도 전기자동차 동두천시 모델별 보조금,2024,동두천시
승합(대형),피라인모터스,HYPERS HP,7000,0,7000,2024년도 전기자동차 동두천시 모델별 보조금,2024,동두천시
승합(대형),범한자동차,E-SKY11(350kWh),1980,0,1980,2024년도 전기자동차 동두천시 모델별 보조금,2024,동두천시
승합(대형),범한자동차,E-SKY9(281kWh),1980,0,1980,2024년도 전기자동차 동두천시 모델별 보조금,2024,동두천시
승합(대형),범한자동차,E-STAR8 V1,1719,0,1719,2024년도 전기자동차 동두천시 모델별 보조금,2024,동두천시
승합(대형),범한자동차,E-STAR11,1980,0,1980,2024년도 전기자동차 동두천시 모델별 보조금,2024,동두천시
승합(대형),범한자동차,E-STAR12i,2480,0,2480,2024년도 전기자동차 동두천시 모델별 보조금,2024,동두천시
승합(대형),에스에이피,아이즘(IZM),1440,0,1440,2024년도 전기자동차 동두천시 모델별 보조금,2024,동두천시
승합(대형),에스에이피,엘페(ELFE),1889,0,1889,2024년도 전기자동차 동두천시 모델별 보조금,2024,동두천시
승합(대형),에스에이피,리오네(LIONNE),1440,0,1440,2024년도 전기자동차 동두천시 모델별 보조금,2024,동두천시
승합(대형),에스에이피,네오포스(NEOFORCE),1440,0,1440,2024년도 전기자동차 동두천시 모델별 보조금,2024,동두천시
승합(대형),GS글로벌,NEW BYD eBus-12,2180,0,2180,2024년도 전기자동차 동두천시 모델별 보조금,2024,동두천시
승합(대형),GS글로벌,BYD eBus9,2310,0,2310,2024년도 전기자동차 동두천시 모델별 보조금,2024,동두천시
승합(대형),GS글로벌,BYD eBus11,3440,0,3440,2024년도 전기자동차 동두천시 모델별 보조금,2024,동두천시
승합(대형),티에스에코에너지,일레누스(TS1100-1),5771,0,5771,2024년도 전기자동차 동두천시 모델별 보조금,2024,동두천시
승합(대형),티에스에코에너지,일레누스(TS900-1),6914,0,6914,2024년도 전기자동차 동두천시 모델별 보조금,2024,동두천시
승합(대형),이온모터스,시티라이트Ⅱ,2290,0,2290,2024년도 전기자동차 동두천시 모델별 보조금,2024,동두천시
승합(대형),이온모터스,시티라이트9,2310,0,2310,2024년도 전기자동차 동두천시 모델별 보조금,2024,동두천시
승합(대형),한차,GREENWAY1100A,5950,0,5950,2024년도 전기자동차 동두천시 모델별 보조금,2024,동두천시
승합(대형),이엠코리아,에픽시티(LFP),2310,0,2310,2024년도 전기자동차 동두천시 모델별 보조금,2024,동두천시
승합(대형),이엠코리아,에픽타운(LFP),2101,0,2101,2024년도 전기자동차 동두천시 모델별 보조금,2024,동두천시
승합(대형),태영티엔티,GD11N,7000,0,7000,2024년도 전기자동차 동두천시 모델별 보조금,2024,동두천시
승합(대형),재일홀딩스,그린타운400,1539,0,1539,2024년도 전기자동차 동두천시 모델별 보조금,2024,동두천시
승합(대형),아이버스,아이버스어린이운송차,5950,0,5950,2024년도 전기자동차 동두천시 모델별 보조금,2024,동두천시
승합(중형),현대자동차,카운티 일렉트릭,3915,0,3915,2024년도 전기자동차 안산시 모델별 보조금,2024,안산시
승합(중형),현대자동차,카운티 일렉트릭(마을버스),4000,0,4000,2024년도 전기자동차 안산시 모델별 보조금,2024,안산시
승합(중형),이비온,"E6(JL618S), 어린이통학",1127,0,1127,2024년도 전기자동차 안산시 모델별 보조금,2024,안산시
승합(중형),GS글로벌,NEW BYD eBus-7,1007,0,1007,2024년도 전기자동차 안산시 모델별 보조금,2024,안산시
승합(중형),한차,GREENWAY720,4250,0,4250,2024년도 전기자동차 안산시 모델별 보조금,2024,안산시
승합(중형),테라팩토리,"테라밴키즈(2022), 어린이운송용14명",776,0,776,2024년도 전기자동차 안산시 모델별 보조금,2024,안산시
승합(중형),테라팩토리,"테라밴키즈11(2022), 어린이운송용11명",772,0,772,2024년도 전기자동차 안산시 모델별 보조금,2024,안산시
승합(중형),테라팩토리,테라밴,767,0,767,2024년도 전기자동차 안산시 모델별 보조금,2024,안산시
승합(중형),중원자동차,EV J1,1496,0,1496,2024년도 전기자동차 안산시 모델별 보조금,2024,안산시
승합(중형),쏠테로,트라베리-Y540E,1676,0,1676,2024년도 전기자동차 안산시 모델별 보조금,2024,안산시
승합(중형),쏠테로,트라베리-Y550E,1676,0,1676,2024년도 전기자동차 안산시 모델별 보조금,2024,안산시
승합(중형),쏠테로,트라베리-Y560E,1676,0,1676,2024년도 전기자동차 안산시 모델별 보조금,2024,안산시
승합(대형),현대자동차,일렉시티 이층버스,11900,7100,19000,2024년도 전기자동차 안산시 모델별 보조금,2024,안산시
승합(대형),현대자동차,일렉시티(3PACK),7000,4200,11200,2024년도 전기자동차 안산시 모델별 보조금,2024,안산시
승합(대형),현대자동차,일렉시티(4PACK V1),7000,4200,11200,2024년도 전기자동차 안산시 모델별 보조금,2024,안산시
승합(대형),현대자동차,일렉시티(4PACK V2),7000,4200,11200,2024년도 전기자동차 안산시 모델별 보조금,2024,안산시
승합(대형),현대자동차,일렉시티 타운,6859,4114,10973,2024년도 전기자동차 안산시 모델별 보조금,2024,안산시
승합(대형),케이지모빌리티커머셜,SMART 110(272kWh),3850,0,3850,2024년도 전기자동차 안산시 모델별 보조금,2024,안산시
승합(대형),케이지모빌리티커머셜,SMART 110E(347kWh),5950,0,5950,2024년도 전기자동차 안산시 모델별 보조금,2024,안산시
승합(대형),케이지모빌리티커머셜,SMART 110(260kWh),5724,0,5724,2024년도 전기자동차 안산시 모델별 보조금,2024,안산시
승합(대형),케이지모빌리티커머셜,SMART 110E(260kWh),5950,0,5950,2024년도 전기자동차 안산시 모델별 보조금,2024,안산시
승합(대형),케이지모빌리티커머셜,SMART 110(301kWh),7000,0,7000,2024년도 전기자동차 안산시 모델별 보조금,2024,안산시
승합(대형),우진산전,아폴로900전기버스,4719,0,4719,2024년도 전기자동차 안산시 모델별 보조금,2024,안산시
승합(대형),우진산전,아폴로1100전기버스 23MY,7000,0,7000,2024년도 전기자동차 안산시 모델별 보조금,2024,안산시
승합(대형),우진산전,아폴로1200-B43,7000,0,7000,2024년도 전기자동차 안산시 모델별 보조금,2024,안산시
승합(대형),우진산전,아폴로1200-S42,7000,0,7000,2024년도 전기자동차 안산시 모델별 보조금,2024,안산시
승합(대형),우진산전,아폴로1200-B42,7000,0,7000,2024년도 전기자동차 안산시 모델별 보조금,2024,안산시
승합(대형),우진산전,아폴로1200-B29,7000,0,7000,2024년도 전기자동차 안산시 모델별 보조금,2024,안산시
승합(대형),우진산전,아폴로1200-S29,7000,0,7000,2024년도 전기자동차 안산시 모델별 보조금,2024,안산시
승합(대형),피라인모터스,HYPERS1609N,5796,0,5796,2024년도 전기자동차 안산시 모델별 보조금,2024,안산시
승합(대형),피라인모터스,HYPERS1611N,5440,0,5440,2024년도 전기자동차 안산시 모델별 보조금,2024,안산시
승합(대형),피라인모터스,HYPERS1609HN,5755,0,5755,2024년도 전기자동차 안산시 모델별 보조금,2024,안산시
승합(대형),피라인모터스,HYPERS1609N(25인승),5794,0,5794,2024년도 전기자동차 안산시 모델별 보조금,2024,안산시
승합(대형),피라인모터스,HYPERS1609HN(25인승),5755,0,5755,2024년도 전기자동차 안산시 모델별 보조금,2024,안산시
승합(대형),피라인모터스,HYPERS PRIME,7000,0,7000,2024년도 전기자동차 안산시 모델별 보조금,2024,안산시
승합(대형),피라인모터스,HYPERS1609P(접이식),7000,0,7000,2024년도 전기자동차 안산시 모델별 보조금,2024,안산시
승합(대형),피라인모터스,HYPERS1609P(힙레스트),7000,0,7000,2024년도 전기자동차 안산시 모델별 보조금,2024,안산시
승합(대형),피라인모터스,HYPERS1609P(25인승 접이식),7000,0,7000,2024년도 전기자동차 안산시 모델별 보조금,2024,안산시
승합(대형),피라인모터스,HYPERS1609P(25인승 힙레스트),7000,0,7000,2024년도 전기자동차 안산시 모델별 보조금,2024,안산시
승합(대형),피라인모터스,HYPERS1611P(접이식),7000,0,7000,2024년도 전기자동차 안산시 모델별 보조금,2024,안산시
승합(대형),피라인모터스,HYPERS1611P(힙레스트),7000,0,7000,2024년도 전기자동차 안산시 모델별 보조금,2024,안산시
승합(대형),피라인모터스,HYPERS HP,7000,0,7000,2024년도 전기자동차 안산시 모델별 보조금,2024,안산시
승합(대형),범한자동차,E-SKY11(350kWh),1980,0,1980,2024년도 전기자동차 안산시 모델별 보조금,2024,안산시
승합(대형),범한자동차,E-SKY9(281kWh),1980,0,1980,2024년도 전기자동차 안산시 모델별 보조금,2024,안산시
승합(대형),범한자동차,E-STAR8 V1,1719,0,1719,2024년도 전기자동차 안산시 모델별 보조금,2024,안산시
승합(대형),범한자동차,E-STAR11,1980,0,1980,2024년도 전기자동차 안산시 모델별 보조금,2024,안산시
승합(대형),범한자동차,E-STAR12i,2480,0,2480,2024년도 전기자동차 안산시 모델별 보조금,2024,안산시
승합(대형),에스에이피,아이즘(IZM),1440,0,1440,2024년도 전기자동차 안산시 모델별 보조금,2024,안산시
승합(대형),에스에이피,엘페(ELFE),1889,0,1889,2024년도 전기자동차 안산시 모델별 보조금,2024,안산시
승합(대형),에스에이피,리오네(LIONNE),1440,0,1440,2024년도 전기자동차 안산시 모델별 보조금,2024,안산시
승합(대형),에스에이피,네오포스(NEOFORCE),1440,0,1440,2024년도 전기자동차 안산시 모델별 보조금,2024,안산시
승합(대형),GS글로벌,NEW BYD eBus-12,2180,0,2180,2024년도 전기자동차 안산시 모델별 보조금,2024,안산시
승합(대형),GS글로벌,BYD eBus9,2310,0,2310,2024년도 전기자동차 안산시 모델별 보조금,2024,안산시
승합(대형),GS글로벌,BYD eBus11,3440,0,3440,2024년도 전기자동차 안산시 모델별 보조금,2024,안산시
승합(대형),티에스에코에너지,일레누스(TS1100-1),5771,0,5771,2024년도 전기자동차 안산시 모델별 보조금,2024,안산시
승합(대형),티에스에코에너지,일레누스(TS900-1),6914,0,6914,2024년도 전기자동차 안산시 모델별 보조금,2024,안산시
승합(대형),이온모터스,시티라이트Ⅱ,2290,0,2290,2024년도 전기자동차 안산시 모델별 보조금,2024,안산시
승합(대형),이온모터스,시티라이트9,2310,0,2310,2024년도 전기자동차 안산시 모델별 보조금,2024,안산시
승합(대형),한차,GREENWAY1100A,5950,0,5950,2024년도 전기자동차 안산시 모델별 보조금,2024,안산시
승합(대형),이엠코리아,에픽시티(LFP),2310,0,2310,2024년도 전기자동차 안산시 모델별 보조금,2024,안산시
승합(대형),이엠코리아,에픽타운(LFP),2101,0,2101,2024년도 전기자동차 안산시 모델별 보조금,2024,안산시
승합(대형),태영티엔티,GD11N,7000,0,7000,2024년도 전기자동차 안산시 모델별 보조금,2024,안산시
승합(대형),재일홀딩스,그린타운400,1539,0,1539,2024년도 전기자동차 안산시 모델별 보조금,2024,안산시
승합(중형),현대자동차,카운티 일렉트릭,3915,2348,6263,2024년도 전기자동차 고양시 모델별 보조금,2024,고양시
승합(중형),현대자동차,카운티 일렉트릭(마을버스),4000,2400,6400,2024년도 전기자동차 고양시 모델별 보조금,2024,고양시
승합(중형),이비온,"E6(JL618S), 어린이통학",1127,676,1803,2024년도 전기자동차 고양시 모델별 보조금,2024,고양시
승합(중형),GS글로벌,NEW BYD eBus-7,1007,604,1611,2024년도 전기자동차 고양시 모델별 보조금,2024,고양시
승합(중형),한차,GREENWAY720,4250,2550,6800,2024년도 전기자동차 고양시 모델별 보조금,2024,고양시
승합(중형),테라팩토리,"테라밴키즈(2022), 어린이운송용14명",776,464,1240,2024년도 전기자동차 고양시 모델별 보조금,2024,고양시
승합(중형),테라팩토리,"테라밴키즈11(2022), 어린이운송용11명",772,462,1234,2024년도 전기자동차 고양시 모델별 보조금,2024,고양시
승합(중형),테라팩토리,테라밴,767,460,1227,2024년도 전기자동차 고양시 모델별 보조금,2024,고양시
승합(중형),중원자동차,EV J1,1496,896,2392,2024년도 전기자동차 고양시 모델별 보조금,2024,고양시
승합(중형),쏠테로,트라베리-Y540E,1676,1004,2680,2024년도 전기자동차 고양시 모델별 보조금,2024,고양시
승합(중형),쏠테로,트라베리-Y550E,1676,1004,2680,2024년도 전기자동차 고양시 모델별 보조금,2024,고양시
승합(중형),쏠테로,트라베리-Y560E,1676,1004,2680,2024년도 전기자동차 고양시 모델별 보조금,2024,고양시
승합(중형),리텍,e-CENTRO-K,2385,1430,3815,2024년도 전기자동차 고양시 모델별 보조금,2024,고양시
승합(중형),에빅오토모티브코리아,세레온(어린이),5000,3000,8000,2024년도 전기자동차 고양시 모델별 보조금,2024,고양시
승합(중형),에빅오토모티브코리아,세레온(마을),5000,3000,8000,2024년도 전기자동차 고양시 모델별 보조금,2024,고양시
승합(대형),현대자동차,일렉시티 이층버스,11900,7140,19040,2024년도 전기자동차 고양시 모델별 보조금,2024,고양시
승합(대형),현대자동차,일렉시티(3PACK),7000,4200,11200,2024년도 전기자동차 고양시 모델별 보조금,2024,고양시
승합(대형),현대자동차,일렉시티(4PACK V1),7000,4200,11200,2024년도 전기자동차 고양시 모델별 보조금,2024,고양시
승합(대형),현대자동차,일렉시티(4PACK V2),7000,4200,11200,2024년도 전기자동차 고양시 모델별 보조금,2024,고양시
승합(대형),현대자동차,일렉시티 타운,6859,4114,10973,2024년도 전기자동차 고양시 모델별 보조금,2024,고양시
승합(대형),케이지모빌리티커머셜,SMART 110(272kWh),3850,2310,6160,2024년도 전기자동차 고양시 모델별 보조금,2024,고양시
승합(대형),케이지모빌리티커머셜,SMART 110E(347kWh),5950,3570,9520,2024년도 전기자동차 고양시 모델별 보조금,2024,고양시
승합(대형),케이지모빌리티커머셜,SMART 110(260kWh),5724,3434,9158,2024년도 전기자동차 고양시 모델별 보조금,2024,고양시
승합(대형),케이지모빌리티커머셜,SMART 110E(260kWh),5950,3570,9520,2024년도 전기자동차 고양시 모델별 보조금,2024,고양시
승합(대형),케이지모빌리티커머셜,SMART 110(301kWh),7000,4200,11200,2024년도 전기자동차 고양시 모델별 보조금,2024,고양시
승합(대형),케이지모빌리티커머셜,KG C090,6916,4148,11064,2024년도 전기자동차 고양시 모델별 보조금,2024,고양시
승합(대형),우진산전,아폴로900전기버스,4719,2830,7549,2024년도 전기자동차 고양시 모델별 보조금,2024,고양시
승합(대형),우진산전,아폴로1100전기버스 23MY,7000,4200,11200,2024년도 전기자동차 고양시 모델별 보조금,2024,고양시
승합(대형),우진산전,아폴로1200-B43,7000,4200,11200,2024년도 전기자동차 고양시 모델별 보조금,2024,고양시
승합(대형),우진산전,아폴로1200-S42,7000,4200,11200,2024년도 전기자동차 고양시 모델별 보조금,2024,고양시
승합(대형),우진산전,아폴로1200-B42,7000,4200,11200,2024년도 전기자동차 고양시 모델별 보조금,2024,고양시
승합(대형),우진산전,아폴로1200-B29,7000,4200,11200,2024년도 전기자동차 고양시 모델별 보조금,2024,고양시
승합(대형),우진산전,아폴로1200-S29,7000,4200,11200,2024년도 전기자동차 고양시 모델별 보조금,2024,고양시
승합(대형),우진산전,아폴로900 V2.0,6819,4090,10909,2024년도 전기자동차 고양시 모델별 보조금,2024,고양시
승합(대형),우진산전,아폴로1100 양문형,6459,3874,10333,2024년도 전기자동차 고양시 모델별 보조금,2024,고양시
승합(대형),우진산전,아폴로1100 V2.0,7000,4200,11200,2024년도 전기자동차 고양시 모델별 보조금,2024,고양시
승합(대형),피라인모터스,HYPERS1609N,5796,3476,9272,2024년도 전기자동차 고양시 모델별 보조금,2024,고양시
승합(대형),피라인모터스,HYPERS1611N,5440,3264,8704,2024년도 전기자동차 고양시 모델별 보조금,2024,고양시
승합(대형),피라인모터스,HYPERS1609HN,5755,3452,9207,2024년도 전기자동차 고양시 모델별 보조금,2024,고양시
승합(대형),피라인모터스,HYPERS1609N(25인승),5794,3476,9270,2024년도 전기자동차 고양시 모델별 보조금,2024,고양시
승합(대형),피라인모터스,HYPERS1609HN(25인승),5755,3452,9207,2024년도 전기자동차 고양시 모델별 보조금,2024,고양시
승합(대형),피라인모터스,HYPERS PRIME,7000,4200,11200,2024년도 전기자동차 고양시 모델별 보조금,2024,고양시
승합(대형),피라인모터스,HYPERS1609P(접이식),7000,4200,11200,2024년도 전기자동차 고양시 모델별 보조금,2024,고양시
승합(대형),피라인모터스,HYPERS1609P(힙레스트),7000,4200,11200,2024년도 전기자동차 고양시 모델별 보조금,2024,고양시
승합(대형),피라인모터스,HYPERS1609P(25인승 접이식),7000,4200,11200,2024년도 전기자동차 고양시 모델별 보조금,2024,고양시
승합(대형),피라인모터스,HYPERS1609P(25인승 힙레스트),7000,4200,11200,2024년도 전기자동차 고양시 모델별 보조금,2024,고양시
승합(대형),피라인모터스,HYPERS1611P(접이식),7000,4200,11200,2024년도 전기자동차 고양시 모델별 보조금,2024,고양시
승합(대형),피라인모터스,HYPERS1611P(힙레스트),7000,4200,11200,2024년도 전기자동차 고양시 모델별 보조금,2024,고양시
승합(대형),피라인모터스,HYPERS HP,7000,4200,11200,2024년도 전기자동차 고양시 모델별 보조금,2024,고양시
승합(대형),범한자동차,E-SKY11(350kWh),1980,1188,3168,2024년도 전기자동차 고양시 모델별 보조금,2024,고양시
승합(대형),범한자동차,E-SKY9(281kWh),1980,1188,3168,2024년도 전기자동차 고양시 모델별 보조금,2024,고양시
승합(대형),범한자동차,E-STAR8 V1,1719,1030,2749,2024년도 전기자동차 고양시 모델별 보조금,2024,고양시
승합(대형),범한자동차,E-STAR11,1980,1188,3168,2024년도 전기자동차 고양시 모델별 보조금,2024,고양시
승합(대형),범한자동차,E-STAR12i,2480,1488,3968,2024년도 전기자동차 고양시 모델별 보조금,2024,고양시
승합(대형),에스에이피,아이즘(IZM),1440,864,2304,2024년도 전기자동차 고양시 모델별 보조금,2024,고양시
승합(대형),에스에이피,엘페(ELFE),1889,1132,3021,2024년도 전기자동차 고양시 모델별 보조금,2024,고양시
승합(대형),에스에이피,리오네(LIONNE),1440,864,2304,2024년도 전기자동차 고양시 모델별 보조금,2024,고양시
승합(대형),에스에이피,네오포스(NEOFORCE),1440,864,2304,2024년도 전기자동차 고양시 모델별 보조금,2024,고양시
승합(대형),GS글로벌,NEW BYD eBus-12,2180,1308,3488,2024년도 전기자동차 고양시 모델별 보조금,2024,고양시
승합(대형),GS글로벌,BYD eBus9,2310,1386,3696,2024년도 전기자동차 고양시 모델별 보조금,2024,고양시
승합(대형),GS글로벌,BYD eBus11,3440,2064,5504,2024년도 전기자동차 고양시 모델별 보조금,2024,고양시
승합(대형),티에스에코에너지,일레누스(TS1100-1),5771,3462,9233,2024년도 전기자동차 고양시 모델별 보조금,2024,고양시
승합(대형),티에스에코에너지,일레누스(TS900-1),6914,4148,11062,2024년도 전기자동차 고양시 모델별 보조금,2024,고양시
승합(대형),이온모터스,시티라이트Ⅱ,2290,1374,3664,2024년도 전기자동차 고양시 모델별 보조금,2024,고양시
승합(대형),이온모터스,시티라이트9,2310,1386,3696,2024년도 전기자동차 고양시 모델별 보조금,2024,고양시
승합(대형),한차,GREENWAY1100A,5950,3570,9520,2024년도 전기자동차 고양시 모델별 보조금,2024,고양시
승합(대형),이엠코리아,에픽시티(LFP),2310,1386,3696,2024년도 전기자동차 고양시 모델별 보조금,2024,고양시
승합(대형),이엠코리아,에픽타운(LFP),2101,1260,3361,2024년도 전기자동차 고양시 모델별 보조금,2024,고양시
승합(대형),이엠코리아,에픽시티(NCM),7000,4200,11200,2024년도 전기자동차 고양시 모델별 보조금,2024,고양시
승합(대형),이엠코리아,에픽타운(NCM),6439,3862,10301,2024년도 전기자동차 고양시 모델별 보조금,2024,고양시
승합(대형),태영티엔티,GD11N,7000,4200,11200,2024년도 전기자동차 고양시 모델별 보조금,2024,고양시
승합(대형),재일홀딩스,그린타운400,1539,922,2461,2024년도 전기자동차 고양시 모델별 보조금,2024,고양시
승합(대형),아이버스,아이버스어린이운송차,5950,3570,9520,2024년도 전기자동차 고양시 모델별 보조금,2024,고양시
승합(중형),현대자동차,카운티 일렉트릭,3915,3288,7203,2024년도 전기자동차 과천시 모델별 보조금,2024,과천시
승합(중형),현대자동차,카운티 일렉트릭(마을버스),4000,3360,7360,2024년도 전기자동차 과천시 모델별 보조금,2024,과천시
승합(중형),이비온,"E6(JL618S), 어린이통학",1127,946,2073,2024년도 전기자동차 과천시 모델별 보조금,2024,과천시
승합(중형),GS글로벌,NEW BYD eBus-7,1007,845,1852,2024년도 전기자동차 과천시 모델별 보조금,2024,과천시
승합(중형),한차,GREENWAY720,4250,3570,7820,2024년도 전기자동차 과천시 모델별 보조금,2024,과천시
승합(중형),테라팩토리,"테라밴키즈(2022), 어린이운송용14명",776,651,1427,2024년도 전기자동차 과천시 모델별 보조금,2024,과천시
승합(중형),테라팩토리,"테라밴키즈11(2022), 어린이운송용11명",772,648,1420,2024년도 전기자동차 과천시 모델별 보조금,2024,과천시
승합(중형),테라팩토리,테라밴,767,644,1411,2024년도 전기자동차 과천시 모델별 보조금,2024,과천시
승합(중형),중원자동차,EV J1,1496,1256,2752,2024년도 전기자동차 과천시 모델별 보조금,2024,과천시
승합(중형),쏠테로,트라베리-Y540E,1676,1407,3083,2024년도 전기자동차 과천시 모델별 보조금,2024,과천시
승합(중형),쏠테로,트라베리-Y550E,1676,1407,3083,2024년도 전기자동차 과천시 모델별 보조금,2024,과천시
승합(중형),쏠테로,트라베리-Y560E,1676,1407,3083,2024년도 전기자동차 과천시 모델별 보조금,2024,과천시
승합(중형),리텍,e-CENTRO-K,2385,0,2385,2024년도 전기자동차 과천시 모델별 보조금,2024,과천시
승합(중형),에빅오토모티브코리아,세레온(어린이),5000,0,5000,2024년도 전기자동차 과천시 모델별 보조금,2024,과천시
승합(중형),에빅오토모티브코리아,세레온(마을),5000,0,5000,2024년도 전기자동차 과천시 모델별 보조금,2024,과천시
승합(대형),현대자동차,일렉시티 이층버스,11900,4200,16100,2024년도 전기자동차 과천시 모델별 보조금,2024,과천시
승합(대형),현대자동차,일렉시티(3PACK),7000,4200,11200,2024년도 전기자동차 과천시 모델별 보조금,2024,과천시
승합(대형),현대자동차,일렉시티(4PACK V1),7000,4200,11200,2024년도 전기자동차 과천시 모델별 보조금,2024,과천시
승합(대형),현대자동차,일렉시티(4PACK V2),7000,4200,11200,2024년도 전기자동차 과천시 모델별 보조금,2024,과천시
승합(대형),현대자동차,일렉시티 타운,6859,4115,10974,2024년도 전기자동차 과천시 모델별 보조금,2024,과천시
승합(대형),케이지모빌리티커머셜,SMART 110(272kWh),3850,2310,6160,2024년도 전기자동차 과천시 모델별 보조금,2024,과천시
승합(대형),케이지모빌리티커머셜,SMART 110E(347kWh),5950,3570,9520,2024년도 전기자동차 과천시 모델별 보조금,2024,과천시
승합(대형),케이지모빌리티커머셜,SMART 110(260kWh),5724,3434,9158,2024년도 전기자동차 과천시 모델별 보조금,2024,과천시
승합(대형),케이지모빌리티커머셜,SMART 110E(260kWh),5950,3570,9520,2024년도 전기자동차 과천시 모델별 보조금,2024,과천시
승합(대형),케이지모빌리티커머셜,SMART 110(301kWh),7000,4200,11200,2024년도 전기자동차 과천시 모델별 보조금,2024,과천시
승합(대형),우진산전,아폴로900전기버스,4719,2831,7550,2024년도 전기자동차 과천시 모델별 보조금,2024,과천시
승합(대형),우진산전,아폴로1100전기버스 23MY,7000,4200,11200,2024년도 전기자동차 과천시 모델별 보조금,2024,과천시
승합(대형),우진산전,아폴로1200-B43,7000,4200,11200,2024년도 전기자동차 과천시 모델별 보조금,2024,과천시
승합(대형),우진산전,아폴로1200-S42,7000,4200,11200,2024년도 전기자동차 과천시 모델별 보조금,2024,과천시
승합(대형),우진산전,아폴로1200-B42,7000,4200,11200,2024년도 전기자동차 과천시 모델별 보조금,2024,과천시
승합(대형),우진산전,아폴로1200-B29,7000,4200,11200,2024년도 전기자동차 과천시 모델별 보조금,2024,과천시
승합(대형),우진산전,아폴로1200-S29,7000,4200,11200,2024년도 전기자동차 과천시 모델별 보조금,2024,과천시
승합(대형),우진산전,아폴로900 V2.0,6819,4091,10910,2024년도 전기자동차 과천시 모델별 보조금,2024,과천시
승합(대형),우진산전,아폴로1100 양문형,6459,3875,10334,2024년도 전기자동차 과천시 모델별 보조금,2024,과천시
승합(대형),피라인모터스,HYPERS1609N,5796,3477,9273,2024년도 전기자동차 과천시 모델별 보조금,2024,과천시
승합(대형),피라인모터스,HYPERS1611N,5440,3264,8704,2024년도 전기자동차 과천시 모델별 보조금,2024,과천시
승합(대형),피라인모터스,HYPERS1609HN,5755,3453,9208,2024년도 전기자동차 과천시 모델별 보조금,2024,과천시
승합(대형),피라인모터스,HYPERS1609N(25인승),5794,3476,9270,2024년도 전기자동차 과천시 모델별 보조금,2024,과천시
승합(대형),피라인모터스,HYPERS1609HN(25인승),5755,3453,9208,2024년도 전기자동차 과천시 모델별 보조금,2024,과천시
승합(대형),피라인모터스,HYPERS PRIME,7000,4200,11200,2024년도 전기자동차 과천시 모델별 보조금,2024,과천시
승합(대형),피라인모터스,HYPERS1609P(접이식),7000,4200,11200,2024년도 전기자동차 과천시 모델별 보조금,2024,과천시
승합(대형),피라인모터스,HYPERS1609P(힙레스트),7000,4200,11200,2024년도 전기자동차 과천시 모델별 보조금,2024,과천시
승합(대형),피라인모터스,HYPERS1609P(25인승 접이식),7000,4200,11200,2024년도 전기자동차 과천시 모델별 보조금,2024,과천시
승합(대형),피라인모터스,HYPERS1609P(25인승 힙레스트),7000,4200,11200,2024년도 전기자동차 과천시 모델별 보조금,2024,과천시
승합(대형),피라인모터스,HYPERS1611P(접이식),7000,4200,11200,2024년도 전기자동차 과천시 모델별 보조금,2024,과천시
승합(대형),피라인모터스,HYPERS1611P(힙레스트),7000,4200,11200,2024년도 전기자동차 과천시 모델별 보조금,2024,과천시
승합(대형),피라인모터스,HYPERS HP,7000,0,7000,2024년도 전기자동차 과천시 모델별 보조금,2024,과천시
승합(대형),범한자동차,E-SKY11(350kWh),1980,1188,3168,2024년도 전기자동차 과천시 모델별 보조금,2024,과천시
승합(대형),범한자동차,E-SKY9(281kWh),1980,1188,3168,2024년도 전기자동차 과천시 모델별 보조금,2024,과천시
승합(대형),범한자동차,E-STAR8 V1,1719,1031,2750,2024년도 전기자동차 과천시 모델별 보조금,2024,과천시
승합(대형),범한자동차,E-STAR11,1980,1188,3168,2024년도 전기자동차 과천시 모델별 보조금,2024,과천시
승합(대형),범한자동차,E-STAR12i,2480,1487,3967,2024년도 전기자동차 과천시 모델별 보조금,2024,과천시
승합(대형),에스에이피,아이즘(IZM),1440,864,2304,2024년도 전기자동차 과천시 모델별 보조금,2024,과천시
승합(대형),에스에이피,엘페(ELFE),1889,1133,3022,2024년도 전기자동차 과천시 모델별 보조금,2024,과천시
승합(대형),에스에이피,리오네(LIONNE),1440,864,2304,2024년도 전기자동차 과천시 모델별 보조금,2024,과천시
승합(대형),에스에이피,네오포스(NEOFORCE),1440,864,2304,2024년도 전기자동차 과천시 모델별 보조금,2024,과천시
승합(대형),GS글로벌,NEW BYD eBus-12,2180,1308,3488,2024년도 전기자동차 과천시 모델별 보조금,2024,과천시
승합(대형),GS글로벌,BYD eBus9,2310,1386,3696,2024년도 전기자동차 과천시 모델별 보조금,2024,과천시
승합(대형),GS글로벌,BYD eBus11,3440,0,3440,2024년도 전기자동차 과천시 모델별 보조금,2024,과천시
승합(대형),티에스에코에너지,일레누스(TS1100-1),5771,3462,9233,2024년도 전기자동차 과천시 모델별 보조금,2024,과천시
승합(대형),티에스에코에너지,일레누스(TS900-1),6914,4148,11062,2024년도 전기자동차 과천시 모델별 보조금,2024,과천시
승합(대형),이온모터스,시티라이트Ⅱ,2290,1374,3664,2024년도 전기자동차 과천시 모델별 보조금,2024,과천시
승합(대형),이온모터스,시티라이트9,2310,1386,3696,2024년도 전기자동차 과천시 모델별 보조금,2024,과천시
승합(대형),한차,GREENWAY1100A,5950,3570,9520,2024년도 전기자동차 과천시 모델별 보조금,2024,과천시
승합(대형),이엠코리아,에픽시티(LFP),2310,1386,3696,2024년도 전기자동차 과천시 모델별 보조금,2024,과천시
승합(대형),이엠코리아,에픽타운(LFP),2101,1260,3361,2024년도 전기자동차 과천시 모델별 보조금,2024,과천시
승합(대형),태영티엔티,GD11N,7000,4200,11200,2024년도 전기자동차 과천시 모델별 보조금,2024,과천시
승합(대형),재일홀딩스,그린타운400,1539,923,2462,2024년도 전기자동차 과천시 모델별 보조금,2024,과천시
승합(대형),아이버스,아이버스어린이운송차,5950,0,5950,2024년도 전기자동차 과천시 모델별 보조금,2024,과천시
승합(중형),현대자동차,카운티 일렉트릭,3915,2348,6263,2024년도 전기자동차 구리시 모델별 보조금,2024,구리시
승합(중형),현대자동차,카운티 일렉트릭(마을버스),4000,2400,6400,2024년도 전기자동차 구리시 모델별 보조금,2024,구리시
승합(중형),이비온,"E6(JL618S), 어린이통학",1127,676,1803,2024년도 전기자동차 구리시 모델별 보조금,2024,구리시
승합(중형),GS글로벌,NEW BYD eBus-7,1007,604,1611,2024년도 전기자동차 구리시 모델별 보조금,2024,구리시
승합(중형),한차,GREENWAY720,4250,2550,6800,2024년도 전기자동차 구리시 모델별 보조금,2024,구리시
승합(중형),테라팩토리,"테라밴키즈(2022), 어린이운송용14명",776,464,1240,2024년도 전기자동차 구리시 모델별 보조금,2024,구리시
승합(중형),테라팩토리,"테라밴키즈11(2022), 어린이운송용11명",772,462,1234,2024년도 전기자동차 구리시 모델별 보조금,2024,구리시
승합(중형),테라팩토리,테라밴,767,460,1227,2024년도 전기자동차 구리시 모델별 보조금,2024,구리시
승합(중형),중원자동차,EV J1,1496,896,2392,2024년도 전기자동차 구리시 모델별 보조금,2024,구리시
승합(대형),현대자동차,일렉시티 이층버스,11900,7140,19040,2024년도 전기자동차 구리시 모델별 보조금,2024,구리시
승합(대형),현대자동차,일렉시티(3PACK),7000,4200,11200,2024년도 전기자동차 구리시 모델별 보조금,2024,구리시
승합(대형),현대자동차,일렉시티(4PACK V1),7000,4200,11200,2024년도 전기자동차 구리시 모델별 보조금,2024,구리시
승합(대형),현대자동차,일렉시티(4PACK V2),7000,4200,11200,2024년도 전기자동차 구리시 모델별 보조금,2024,구리시
승합(대형),현대자동차,일렉시티 타운,6859,4114,10973,2024년도 전기자동차 구리시 모델별 보조금,2024,구리시
승합(대형),케이지모빌리티커머셜,SMART 110(272kWh),3850,2310,6160,2024년도 전기자동차 구리시 모델별 보조금,2024,구리시
승합(대형),케이지모빌리티커머셜,SMART 110E(347kWh),5950,3570,9520,2024년도 전기자동차 구리시 모델별 보조금,2024,구리시
승합(대형),케이지모빌리티커머셜,SMART 110(260kWh),5724,3434,9158,2024년도 전기자동차 구리시 모델별 보조금,2024,구리시
승합(대형),케이지모빌리티커머셜,SMART 110E(260kWh),5950,3570,9520,2024년도 전기자동차 구리시 모델별 보조금,2024,구리시
승합(대형),케이지모빌리티커머셜,SMART 110(301kWh),7000,4200,11200,2024년도 전기자동차 구리시 모델별 보조금,2024,구리시
승합(대형),우진산전,아폴로900전기버스,4719,2830,7549,2024년도 전기자동차 구리시 모델별 보조금,2024,구리시
승합(대형),우진산전,아폴로1100전기버스 23MY,7000,4200,11200,2024년도 전기자동차 구리시 모델별 보조금,2024,구리시
승합(대형),우진산전,아폴로1200-B43,7000,4200,11200,2024년도 전기자동차 구리시 모델별 보조금,2024,구리시
승합(대형),우진산전,아폴로1200-S42,7000,4200,11200,2024년도 전기자동차 구리시 모델별 보조금,2024,구리시
승합(대형),피라인모터스,HYPERS1609N,5796,3476,9272,2024년도 전기자동차 구리시 모델별 보조금,2024,구리시
승합(대형),피라인모터스,HYPERS1611N,5440,3264,8704,2024년도 전기자동차 구리시 모델별 보조금,2024,구리시
승합(대형),피라인모터스,HYPERS1609HN,5755,3452,9207,2024년도 전기자동차 구리시 모델별 보조금,2024,구리시
승합(대형),피라인모터스,HYPERS1609N(25인승),5794,3476,9270,2024년도 전기자동차 구리시 모델별 보조금,2024,구리시
승합(대형),피라인모터스,HYPERS1609HN(25인승),5755,3452,9207,2024년도 전기자동차 구리시 모델별 보조금,2024,구리시
승합(대형),피라인모터스,HYPERS PRIME,7000,4200,11200,2024년도 전기자동차 구리시 모델별 보조금,2024,구리시
승합(대형),피라인모터스,HYPERS1609P(접이식),7000,4200,11200,2024년도 전기자동차 구리시 모델별 보조금,2024,구리시
승합(대형),피라인모터스,HYPERS1609P(힙레스트),7000,4200,11200,2024년도 전기자동차 구리시 모델별 보조금,2024,구리시
승합(대형),피라인모터스,HYPERS1609P(25인승 접이식),7000,4200,11200,2024년도 전기자동차 구리시 모델별 보조금,2024,구리시
승합(대형),피라인모터스,HYPERS1609P(25인승 힙레스트),7000,4200,11200,2024년도 전기자동차 구리시 모델별 보조금,2024,구리시
승합(대형),피라인모터스,HYPERS1611P(접이식),7000,4200,11200,2024년도 전기자동차 구리시 모델별 보조금,2024,구리시
승합(대형),피라인모터스,HYPERS1611P(힙레스트),7000,4200,11200,2024년도 전기자동차 구리시 모델별 보조금,2024,구리시
승합(대형),GS글로벌,NEW BYD eBus-12,2180,1308,3488,2024년도 전기자동차 구리시 모델별 보조금,2024,구리시
승합(대형),GS글로벌,BYD eBus9,2310,1386,3696,2024년도 전기자동차 구리시 모델별 보조금,2024,구리시
승합(대형),이온모터스,시티라이트9,2310,1386,3696,2024년도 전기자동차 구리시 모델별 보조금,2024,구리시
승합(대형),한차,GREENWAY1100A,5950,3570,9520,2024년도 전기자동차 구리시 모델별 보조금,2024,구리시
승합(중형),현대자동차,카운티 일렉트릭,3915,2349,6264,2024년도 전기자동차 남양주시 모델별 보조금,2024,남양주시
승합(중형),현대자동차,카운티 일렉트릭(마을버스),4000,2400,6400,2024년도 전기자동차 남양주시 모델별 보조금,2024,남양주시
승합(중형),이비온,"E6(JL618S), 어린이통학",1127,676,1803,2024년도 전기자동차 남양주시 모델별 보조금,2024,남양주시
승합(중형),GS글로벌,NEW BYD eBus-7,1007,604,1611,2024년도 전기자동차 남양주시 모델별 보조금,2024,남양주시
승합(중형),한차,GREENWAY720,4250,2550,6800,2024년도 전기자동차 남양주시 모델별 보조금,2024,남양주시
승합(중형),테라팩토리,"테라밴키즈(2022), 어린이운송용14명",776,465,1241,2024년도 전기자동차 남양주시 모델별 보조금,2024,남양주시
승합(중형),테라팩토리,"테라밴키즈11(2022), 어린이운송용11명",772,463,1235,2024년도 전기자동차 남양주시 모델별 보조금,2024,남양주시
승합(중형),테라팩토리,테라밴,767,460,1227,2024년도 전기자동차 남양주시 모델별 보조금,2024,남양주시
승합(중형),중원자동차,EV J1,1496,897,2393,2024년도 전기자동차 남양주시 모델별 보조금,2024,남양주시
승합(중형),쏠테로,트라베리-Y540E,1676,1005,2681,2024년도 전기자동차 남양주시 모델별 보조금,2024,남양주시
승합(중형),쏠테로,트라베리-Y550E,1676,1005,2681,2024년도 전기자동차 남양주시 모델별 보조금,2024,남양주시
승합(중형),쏠테로,트라베리-Y560E,1676,1005,2681,2024년도 전기자동차 남양주시 모델별 보조금,2024,남양주시
승합(중형),리텍,e-CENTRO-K,2385,0,2385,2024년도 전기자동차 남양주시 모델별 보조금,2024,남양주시
승합(중형),에빅오토모티브코리아,세레온(어린이),5000,0,5000,2024년도 전기자동차 남양주시 모델별 보조금,2024,남양주시
승합(중형),에빅오토모티브코리아,세레온(마을),5000,0,5000,2024년도 전기자동차 남양주시 모델별 보조금,2024,남양주시
승합(대형),현대자동차,일렉시티 이층버스,11900,4200,16100,2024년도 전기자동차 남양주시 모델별 보조금,2024,남양주시
승합(대형),현대자동차,일렉시티(3PACK),7000,4200,11200,2024년도 전기자동차 남양주시 모델별 보조금,2024,남양주시
승합(대형),현대자동차,일렉시티(4PACK V1),7000,4200,11200,2024년도 전기자동차 남양주시 모델별 보조금,2024,남양주시
승합(대형),현대자동차,일렉시티(4PACK V2),7000,4200,11200,2024년도 전기자동차 남양주시 모델별 보조금,2024,남양주시
승합(대형),현대자동차,일렉시티 타운,6859,4115,10974,2024년도 전기자동차 남양주시 모델별 보조금,2024,남양주시
승합(대형),케이지모빌리티커머셜,SMART 110(272kWh),3850,2310,6160,2024년도 전기자동차 남양주시 모델별 보조금,2024,남양주시
승합(대형),케이지모빌리티커머셜,SMART 110E(347kWh),5950,3570,9520,2024년도 전기자동차 남양주시 모델별 보조금,2024,남양주시
승합(대형),케이지모빌리티커머셜,SMART 110(260kWh),5724,3434,9158,2024년도 전기자동차 남양주시 모델별 보조금,2024,남양주시
승합(대형),케이지모빌리티커머셜,SMART 110E(260kWh),5950,3570,9520,2024년도 전기자동차 남양주시 모델별 보조금,2024,남양주시
승합(대형),케이지모빌리티커머셜,SMART 110(301kWh),7000,4200,11200,2024년도 전기자동차 남양주시 모델별 보조금,2024,남양주시
승합(대형),우진산전,아폴로900전기버스,4719,2831,7550,2024년도 전기자동차 남양주시 모델별 보조금,2024,남양주시
승합(대형),우진산전,아폴로1100전기버스 23MY,7000,4200,11200,2024년도 전기자동차 남양주시 모델별 보조금,2024,남양주시
승합(대형),우진산전,아폴로1200-B43,7000,4200,11200,2024년도 전기자동차 남양주시 모델별 보조금,2024,남양주시
승합(대형),우진산전,아폴로1200-S42,7000,4200,11200,2024년도 전기자동차 남양주시 모델별 보조금,2024,남양주시
승합(대형),우진산전,아폴로1200-B42,7000,4200,11200,2024년도 전기자동차 남양주시 모델별 보조금,2024,남양주시
승합(대형),우진산전,아폴로1200-B29,7000,4200,11200,2024년도 전기자동차 남양주시 모델별 보조금,2024,남양주시
승합(대형),우진산전,아폴로1200-S29,7000,4200,11200,2024년도 전기자동차 남양주시 모델별 보조금,2024,남양주시
승합(대형),피라인모터스,HYPERS1609N,5796,3477,9273,2024년도 전기자동차 남양주시 모델별 보조금,2024,남양주시
승합(대형),피라인모터스,HYPERS1611N,5440,3264,8704,2024년도 전기자동차 남양주시 모델별 보조금,2024,남양주시
승합(대형),피라인모터스,HYPERS1609HN,5755,3453,9208,2024년도 전기자동차 남양주시 모델별 보조금,2024,남양주시
승합(대형),피라인모터스,HYPERS1609N(25인승),5794,3476,9270,2024년도 전기자동차 남양주시 모델별 보조금,2024,남양주시
승합(대형),피라인모터스,HYPERS1609HN(25인승),5755,3453,9208,2024년도 전기자동차 남양주시 모델별 보조금,2024,남양주시
승합(대형),피라인모터스,HYPERS PRIME,7000,4200,11200,2024년도 전기자동차 남양주시 모델별 보조금,2024,남양주시
승합(대형),피라인모터스,HYPERS1609P(접이식),7000,4200,11200,2024년도 전기자동차 남양주시 모델별 보조금,2024,남양주시
승합(대형),피라인모터스,HYPERS1609P(힙레스트),7000,4200,11200,2024년도 전기자동차 남양주시 모델별 보조금,2024,남양주시
승합(대형),피라인모터스,HYPERS1609P(25인승 접이식),7000,4200,11200,2024년도 전기자동차 남양주시 모델별 보조금,2024,남양주시
승합(대형),피라인모터스,HYPERS1609P(25인승 힙레스트),7000,4200,11200,2024년도 전기자동차 남양주시 모델별 보조금,2024,남양주시
승합(대형),피라인모터스,HYPERS1611P(접이식),7000,4200,11200,2024년도 전기자동차 남양주시 모델별 보조금,2024,남양주시
승합(대형),피라인모터스,HYPERS1611P(힙레스트),7000,4200,11200,2024년도 전기자동차 남양주시 모델별 보조금,2024,남양주시
승합(대형),피라인모터스,HYPERS HP,7000,4200,11200,2024년도 전기자동차 남양주시 모델별 보조금,2024,남양주시
승합(대형),범한자동차,E-SKY11(350kWh),1980,1188,3168,2024년도 전기자동차 남양주시 모델별 보조금,2024,남양주시
승합(대형),범한자동차,E-SKY9(281kWh),1980,1188,3168,2024년도 전기자동차 남양주시 모델별 보조금,2024,남양주시
승합(대형),범한자동차,E-STAR8 V1,1719,1031,2750,2024년도 전기자동차 남양주시 모델별 보조금,2024,남양주시
승합(대형),범한자동차,E-STAR11,1980,1188,3168,2024년도 전기자동차 남양주시 모델별 보조금,2024,남양주시
승합(대형),범한자동차,E-STAR12i,2480,1487,3967,2024년도 전기자동차 남양주시 모델별 보조금,2024,남양주시
승합(대형),에스에이피,아이즘(IZM),1440,864,2304,2024년도 전기자동차 남양주시 모델별 보조금,2024,남양주시
승합(대형),에스에이피,엘페(ELFE),1889,1133,3022,2024년도 전기자동차 남양주시 모델별 보조금,2024,남양주시
승합(대형),에스에이피,리오네(LIONNE),1440,864,2304,2024년도 전기자동차 남양주시 모델별 보조금,2024,남양주시
승합(대형),에스에이피,네오포스(NEOFORCE),1440,864,2304,2024년도 전기자동차 남양주시 모델별 보조금,2024,남양주시
승합(대형),GS글로벌,NEW BYD eBus-12,2180,1308,3488,2024년도 전기자동차 남양주시 모델별 보조금,2024,남양주시
승합(대형),GS글로벌,BYD eBus9,2310,1386,3696,2024년도 전기자동차 남양주시 모델별 보조금,2024,남양주시
승합(대형),GS글로벌,BYD eBus11,3440,2064,5504,2024년도 전기자동차 남양주시 모델별 보조금,2024,남양주시
승합(대형),티에스에코에너지,일레누스(TS1100-1),5771,3462,9233,2024년도 전기자동차 남양주시 모델별 보조금,2024,남양주시
승합(대형),티에스에코에너지,일레누스(TS900-1),6914,4148,11062,2024년도 전기자동차 남양주시 모델별 보조금,2024,남양주시
승합(대형),이온모터스,시티라이트Ⅱ,2290,1374,3664,2024년도 전기자동차 남양주시 모델별 보조금,2024,남양주시
승합(대형),이온모터스,시티라이트9,2310,1386,3696,2024년도 전기자동차 남양주시 모델별 보조금,2024,남양주시
승합(대형),한차,GREENWAY1100A,5950,3570,9520,2024년도 전기자동차 남양주시 모델별 보조금,2024,남양주시
승합(대형),이엠코리아,에픽시티(LFP),2310,1386,3696,2024년도 전기자동차 남양주시 모델별 보조금,2024,남양주시
승합(대형),이엠코리아,에픽타운(LFP),2101,1260,3361,2024년도 전기자동차 남양주시 모델별 보조금,2024,남양주시
승합(대형),태영티엔티,GD11N,7000,4200,11200,2024년도 전기자동차 남양주시 모델별 보조금,2024,남양주시
승합(대형),재일홀딩스,그린타운400,1539,923,2462,2024년도 전기자동차 남양주시 모델별 보조금,2024,남양주시
승합(대형),아이버스,아이버스어린이운송차,5950,3570,9520,2024년도 전기자동차 남양주시 모델별 보조금,2024,남양주시
승합(중형),현대자동차,카운티 일렉트릭,3915,2349,6264,2024년도 전기자동차 오산시 모델별 보조금,2024,오산시
승합(중형),현대자동차,카운티 일렉트릭(마을버스),4000,2400,6400,2024년도 전기자동차 오산시 모델별 보조금,2024,오산시
승합(중형),이비온,"E6(JL618S), 어린이통학",1127,676,1803,2024년도 전기자동차 오산시 모델별 보조금,2024,오산시
승합(중형),GS글로벌,NEW BYD eBus-7,1007,604,1611,2024년도 전기자동차 오산시 모델별 보조금,2024,오산시
승합(중형),한차,GREENWAY720,4250,2550,6800,2024년도 전기자동차 오산시 모델별 보조금,2024,오산시
승합(중형),테라팩토리,"테라밴키즈(2022), 어린이운송용14명",776,465,1241,2024년도 전기자동차 오산시 모델별 보조금,2024,오산시
승합(중형),테라팩토리,"테라밴키즈11(2022), 어린이운송용11명",772,463,1235,2024년도 전기자동차 오산시 모델별 보조금,2024,오산시
승합(중형),테라팩토리,테라밴,767,460,1227,2024년도 전기자동차 오산시 모델별 보조금,2024,오산시
승합(중형),중원자동차,EV J1,1496,897,2393,2024년도 전기자동차 오산시 모델별 보조금,2024,오산시
승합(중형),쏠테로,트라베리-Y540E,1676,1005,2681,2024년도 전기자동차 오산시 모델별 보조금,2024,오산시
승합(중형),쏠테로,트라베리-Y550E,1676,1005,2681,2024년도 전기자동차 오산시 모델별 보조금,2024,오산시
승합(중형),쏠테로,트라베리-Y560E,1676,1005,2681,2024년도 전기자동차 오산시 모델별 보조금,2024,오산시
승합(중형),리텍,e-CENTRO-K,2385,1431,3816,2024년도 전기자동차 오산시 모델별 보조금,2024,오산시
승합(중형),에빅오토모티브코리아,세레온(어린이),5000,3000,8000,2024년도 전기자동차 오산시 모델별 보조금,2024,오산시
승합(중형),에빅오토모티브코리아,세레온(마을),5000,3000,8000,2024년도 전기자동차 오산시 모델별 보조금,2024,오산시
승합(대형),현대자동차,일렉시티 이층버스,11900,7100,19000,2024년도 전기자동차 오산시 모델별 보조금,2024,오산시
승합(대형),현대자동차,일렉시티(3PACK),7000,4200,11200,2024년도 전기자동차 오산시 모델별 보조금,2024,오산시
승합(대형),현대자동차,일렉시티(4PACK V1),7000,4200,11200,2024년도 전기자동차 오산시 모델별 보조금,2024,오산시
승합(대형),현대자동차,일렉시티(4PACK V2),7000,4200,11200,2024년도 전기자동차 오산시 모델별 보조금,2024,오산시
승합(대형),현대자동차,일렉시티 타운,6859,4115,10974,2024년도 전기자동차 오산시 모델별 보조금,2024,오산시
승합(대형),케이지모빌리티커머셜,SMART 110(272kWh),3850,2310,6160,2024년도 전기자동차 오산시 모델별 보조금,2024,오산시
승합(대형),케이지모빌리티커머셜,SMART 110E(347kWh),5950,3570,9520,2024년도 전기자동차 오산시 모델별 보조금,2024,오산시
승합(대형),케이지모빌리티커머셜,SMART 110(260kWh),5724,3434,9158,2024년도 전기자동차 오산시 모델별 보조금,2024,오산시
승합(대형),케이지모빌리티커머셜,SMART 110E(260kWh),5950,3570,9520,2024년도 전기자동차 오산시 모델별 보조금,2024,오산시
승합(대형),케이지모빌리티커머셜,SMART 110(301kWh),7000,4200,11200,2024년도 전기자동차 오산시 모델별 보조금,2024,오산시
승합(대형),우진산전,아폴로900전기버스,4719,2831,7550,2024년도 전기자동차 오산시 모델별 보조금,2024,오산시
승합(대형),우진산전,아폴로1100전기버스 23MY,7000,4200,11200,2024년도 전기자동차 오산시 모델별 보조금,2024,오산시
승합(대형),우진산전,아폴로1200-B43,7000,4200,11200,2024년도 전기자동차 오산시 모델별 보조금,2024,오산시
승합(대형),우진산전,아폴로1200-S42,7000,4200,11200,2024년도 전기자동차 오산시 모델별 보조금,2024,오산시
승합(대형),우진산전,아폴로1200-B42,7000,4200,11200,2024년도 전기자동차 오산시 모델별 보조금,2024,오산시
승합(대형),우진산전,아폴로1200-B29,7000,4200,11200,2024년도 전기자동차 오산시 모델별 보조금,2024,오산시
승합(대형),우진산전,아폴로1200-S29,7000,4200,11200,2024년도 전기자동차 오산시 모델별 보조금,2024,오산시
승합(대형),우진산전,아폴로900 V2.0,6819,4091,10910,2024년도 전기자동차 오산시 모델별 보조금,2024,오산시
승합(대형),우진산전,아폴로1100 양문형,6459,3875,10334,2024년도 전기자동차 오산시 모델별 보조금,2024,오산시
승합(대형),피라인모터스,HYPERS1609N,5796,3477,9273,2024년도 전기자동차 오산시 모델별 보조금,2024,오산시
승합(대형),피라인모터스,HYPERS1611N,5440,3264,8704,2024년도 전기자동차 오산시 모델별 보조금,2024,오산시
승합(대형),피라인모터스,HYPERS1609HN,5755,3453,9208,2024년도 전기자동차 오산시 모델별 보조금,2024,오산시
승합(대형),피라인모터스,HYPERS1609N(25인승),5794,3476,9270,2024년도 전기자동차 오산시 모델별 보조금,2024,오산시
승합(대형),피라인모터스,HYPERS1609HN(25인승),5755,3453,9208,2024년도 전기자동차 오산시 모델별 보조금,2024,오산시
승합(대형),피라인모터스,HYPERS PRIME,7000,4200,11200,2024년도 전기자동차 오산시 모델별 보조금,2024,오산시
승합(대형),피라인모터스,HYPERS1609P(접이식),7000,4200,11200,2024년도 전기자동차 오산시 모델별 보조금,2024,오산시
승합(대형),피라인모터스,HYPERS1609P(힙레스트),7000,4200,11200,2024년도 전기자동차 오산시 모델별 보조금,2024,오산시
승합(대형),피라인모터스,HYPERS1609P(25인승 접이식),7000,4200,11200,2024년도 전기자동차 오산시 모델별 보조금,2024,오산시
승합(대형),피라인모터스,HYPERS1609P(25인승 힙레스트),7000,4200,11200,2024년도 전기자동차 오산시 모델별 보조금,2024,오산시
승합(대형),피라인모터스,HYPERS1611P(접이식),7000,4200,11200,2024년도 전기자동차 오산시 모델별 보조금,2024,오산시
승합(대형),피라인모터스,HYPERS1611P(힙레스트),7000,4200,11200,2024년도 전기자동차 오산시 모델별 보조금,2024,오산시
승합(대형),피라인모터스,HYPERS HP,7000,4200,11200,2024년도 전기자동차 오산시 모델별 보조금,2024,오산시
승합(대형),범한자동차,E-SKY11(350kWh),1980,1188,3168,2024년도 전기자동차 오산시 모델별 보조금,2024,오산시
승합(대형),범한자동차,E-SKY9(281kWh),1980,1188,3168,2024년도 전기자동차 오산시 모델별 보조금,2024,오산시
승합(대형),범한자동차,E-STAR8 V1,1719,1031,2750,2024년도 전기자동차 오산시 모델별 보조금,2024,오산시
승합(대형),범한자동차,E-STAR11,1980,1188,3168,2024년도 전기자동차 오산시 모델별 보조금,2024,오산시
승합(대형),범한자동차,E-STAR12i,2480,1487,3967,2024년도 전기자동차 오산시 모델별 보조금,2024,오산시
승합(대형),에스에이피,아이즘(IZM),1440,864,2304,2024년도 전기자동차 오산시 모델별 보조금,2024,오산시
승합(대형),에스에이피,엘페(ELFE),1889,1133,3022,2024년도 전기자동차 오산시 모델별 보조금,2024,오산시
승합(대형),에스에이피,리오네(LIONNE),1440,864,2304,2024년도 전기자동차 오산시 모델별 보조금,2024,오산시
승합(대형),에스에이피,네오포스(NEOFORCE),1440,864,2304,2024년도 전기자동차 오산시 모델별 보조금,2024,오산시
승합(대형),GS글로벌,NEW BYD eBus-12,2180,1308,3488,2024년도 전기자동차 오산시 모델별 보조금,2024,오산시
승합(대형),GS글로벌,BYD eBus9,2310,1386,3696,2024년도 전기자동차 오산시 모델별 보조금,2024,오산시
승합(대형),GS글로벌,BYD eBus11,3440,2064,5504,2024년도 전기자동차 오산시 모델별 보조금,2024,오산시
승합(대형),티에스에코에너지,일레누스(TS1100-1),5771,3462,9233,2024년도 전기자동차 오산시 모델별 보조금,2024,오산시
승합(대형),티에스에코에너지,일레누스(TS900-1),6914,4148,11062,2024년도 전기자동차 오산시 모델별 보조금,2024,오산시
승합(대형),이온모터스,시티라이트Ⅱ,2290,1374,3664,2024년도 전기자동차 오산시 모델별 보조금,2024,오산시
승합(대형),이온모터스,시티라이트9,2310,1386,3696,2024년도 전기자동차 오산시 모델별 보조금,2024,오산시
승합(대형),한차,GREENWAY1100A,5950,3570,9520,2024년도 전기자동차 오산시 모델별 보조금,2024,오산시
승합(대형),이엠코리아,에픽시티(LFP),2310,1386,3696,2024년도 전기자동차 오산시 모델별 보조금,2024,오산시
승합(대형),이엠코리아,에픽타운(LFP),2101,1260,3361,2024년도 전기자동차 오산시 모델별 보조금,2024,오산시
승합(대형),태영티엔티,GD11N,7000,4200,11200,2024년도 전기자동차 오산시 모델별 보조금,2024,오산시
승합(대형),재일홀딩스,그린타운400,1539,923,2462,2024년도 전기자동차 오산시 모델별 보조금,2024,오산시
승합(대형),아이버스,아이버스어린이운송차,5950,3570,9520,2024년도 전기자동차 오산시 모델별 보조금,2024,오산시
승합(중형),현대자동차,카운티 일렉트릭,3915,0,3915,2024년도 전기자동차 시흥시 모델별 보조금,2024,시흥시
승합(중형),현대자동차,카운티 일렉트릭(마을버스),4000,0,4000,2024년도 전기자동차 시흥시 모델별 보조금,2024,시흥시
승합(중형),이비온,"E6(JL618S), 어린이통학",1127,0,1127,2024년도 전기자동차 시흥시 모델별 보조금,2024,시흥시
승합(중형),GS글로벌,NEW BYD eBus-7,1007,0,1007,2024년도 전기자동차 시흥시 모델별 보조금,2024,시흥시
승합(중형),한차,GREENWAY720,4250,0,4250,2024년도 전기자동차 시흥시 모델별 보조금,2024,시흥시
승합(중형),테라팩토리,"테라밴키즈(2022), 어린이운송용14명",776,0,776,2024년도 전기자동차 시흥시 모델별 보조금,2024,시흥시
승합(중형),테라팩토리,"테라밴키즈11(2022), 어린이운송용11명",772,0,772,2024년도 전기자동차 시흥시 모델별 보조금,2024,시흥시
승합(중형),테라팩토리,테라밴,767,0,767,2024년도 전기자동차 시흥시 모델별 보조금,2024,시흥시
승합(중형),중원자동차,EV J1,1496,0,1496,2024년도 전기자동차 시흥시 모델별 보조금,2024,시흥시
승합(중형),쏠테로,트라베리-Y540E,1676,0,1676,2024년도 전기자동차 시흥시 모델별 보조금,2024,시흥시
승합(중형),쏠테로,트라베리-Y550E,1676,0,1676,2024년도 전기자동차 시흥시 모델별 보조금,2024,시흥시
승합(중형),쏠테로,트라베리-Y560E,1676,0,1676,2024년도 전기자동차 시흥시 모델별 보조금,2024,시흥시
승합(중형),리텍,e-CENTRO-K,2385,0,2385,2024년도 전기자동차 시흥시 모델별 보조금,2024,시흥시
승합(중형),에빅오토모티브코리아,세레온(어린이),5000,0,5000,2024년도 전기자동차 시흥시 모델별 보조금,2024,시흥시
승합(중형),에빅오토모티브코리아,세레온(마을),5000,0,5000,2024년도 전기자동차 시흥시 모델별 보조금,2024,시흥시
승합(대형),현대자동차,일렉시티 이층버스,11900,7100,19000,2024년도 전기자동차 시흥시 모델별 보조금,2024,시흥시
승합(대형),현대자동차,일렉시티(3PACK),7000,4200,11200,2024년도 전기자동차 시흥시 모델별 보조금,2024,시흥시
승합(대형),현대자동차,일렉시티(4PACK V1),7000,4200,11200,2024년도 전기자동차 시흥시 모델별 보조금,2024,시흥시
승합(대형),현대자동차,일렉시티(4PACK V2),7000,4200,11200,2024년도 전기자동차 시흥시 모델별 보조금,2024,시흥시
승합(대형),현대자동차,일렉시티 타운,6859,4115,10974,2024년도 전기자동차 시흥시 모델별 보조금,2024,시흥시
승합(대형),케이지모빌리티커머셜,SMART 110(272kWh),3850,0,3850,2024년도 전기자동차 시흥시 모델별 보조금,2024,시흥시
승합(대형),케이지모빌리티커머셜,SMART 110E(347kWh),5950,0,5950,2024년도 전기자동차 시흥시 모델별 보조금,2024,시흥시
승합(대형),케이지모빌리티커머셜,SMART 110(260kWh),5724,0,5724,2024년도 전기자동차 시흥시 모델별 보조금,2024,시흥시
승합(대형),케이지모빌리티커머셜,SMART 110E(260kWh),5950,0,5950,2024년도 전기자동차 시흥시 모델별 보조금,2024,시흥시
승합(대형),케이지모빌리티커머셜,SMART 110(301kWh),7000,0,7000,2024년도 전기자동차 시흥시 모델별 보조금,2024,시흥시
승합(대형),케이지모빌리티커머셜,KG C090,6916,0,6916,2024년도 전기자동차 시흥시 모델별 보조금,2024,시흥시
승합(대형),우진산전,아폴로900전기버스,4719,0,4719,2024년도 전기자동차 시흥시 모델별 보조금,2024,시흥시
승합(대형),우진산전,아폴로1100전기버스 23MY,7000,0,7000,2024년도 전기자동차 시흥시 모델별 보조금,2024,시흥시
승합(대형),우진산전,아폴로1200-B43,7000,0,7000,2024년도 전기자동차 시흥시 모델별 보조금,2024,시흥시
승합(대형),우진산전,아폴로1200-S42,7000,0,7000,2024년도 전기자동차 시흥시 모델별 보조금,2024,시흥시
승합(대형),우진산전,아폴로1200-B42,7000,0,7000,2024년도 전기자동차 시흥시 모델별 보조금,2024,시흥시
승합(대형),우진산전,아폴로1200-B29,7000,0,7000,2024년도 전기자동차 시흥시 모델별 보조금,2024,시흥시
승합(대형),우진산전,아폴로1200-S29,7000,0,7000,2024년도 전기자동차 시흥시 모델별 보조금,2024,시흥시
승합(대형),우진산전,아폴로900 V2.0,6819,0,6819,2024년도 전기자동차 시흥시 모델별 보조금,2024,시흥시
승합(대형),우진산전,아폴로1100 양문형,6459,0,6459,2024년도 전기자동차 시흥시 모델별 보조금,2024,시흥시
승합(대형),우진산전,아폴로1100 V2.0,7000,0,7000,2024년도 전기자동차 시흥시 모델별 보조금,2024,시흥시
승합(대형),피라인모터스,HYPERS1609N,5796,0,5796,2024년도 전기자동차 시흥시 모델별 보조금,2024,시흥시
승합(대형),피라인모터스,HYPERS1611N,5440,0,5440,2024년도 전기자동차 시흥시 모델별 보조금,2024,시흥시
승합(대형),피라인모터스,HYPERS1609HN,5755,0,5755,2024년도 전기자동차 시흥시 모델별 보조금,2024,시흥시
승합(대형),피라인모터스,HYPERS1609N(25인승),5794,0,5794,2024년도 전기자동차 시흥시 모델별 보조금,2024,시흥시
승합(대형),피라인모터스,HYPERS1609HN(25인승),5755,0,5755,2024년도 전기자동차 시흥시 모델별 보조금,2024,시흥시
승합(대형),피라인모터스,HYPERS PRIME,7000,0,7000,2024년도 전기자동차 시흥시 모델별 보조금,2024,시흥시
승합(대형),피라인모터스,HYPERS1609P(접이식),7000,0,7000,2024년도 전기자동차 시흥시 모델별 보조금,2024,시흥시
승합(대형),피라인모터스,HYPERS1609P(힙레스트),7000,0,7000,2024년도 전기자동차 시흥시 모델별 보조금,2024,시흥시
승합(대형),피라인모터스,HYPERS1609P(25인승 접이식),7000,0,7000,2024년도 전기자동차 시흥시 모델별 보조금,2024,시흥시
승합(대형),피라인모터스,HYPERS1609P(25인승 힙레스트),7000,0,7000,2024년도 전기자동차 시흥시 모델별 보조금,2024,시흥시
승합(대형),피라인모터스,HYPERS1611P(접이식),7000,0,7000,2024년도 전기자동차 시흥시 모델별 보조금,2024,시흥시
승합(대형),피라인모터스,HYPERS1611P(힙레스트),7000,0,7000,2024년도 전기자동차 시흥시 모델별 보조금,2024,시흥시
승합(대형),피라인모터스,HYPERS HP,7000,0,7000,2024년도 전기자동차 시흥시 모델별 보조금,2024,시흥시
승합(대형),범한자동차,E-SKY11(350kWh),1980,0,1980,2024년도 전기자동차 시흥시 모델별 보조금,2024,시흥시
승합(대형),범한자동차,E-SKY9(281kWh),1980,0,1980,2024년도 전기자동차 시흥시 모델별 보조금,2024,시흥시
승합(대형),범한자동차,E-STAR8 V1,1719,0,1719,2024년도 전기자동차 시흥시 모델별 보조금,2024,시흥시
승합(대형),범한자동차,E-STAR11,1980,0,1980,2024년도 전기자동차 시흥시 모델별 보조금,2024,시흥시
승합(대형),범한자동차,E-STAR12i,2480,0,2480,2024년도 전기자동차 시흥시 모델별 보조금,2024,시흥시
승합(대형),에스에이피,아이즘(IZM),1440,0,1440,2024년도 전기자동차 시흥시 모델별 보조금,2024,시흥시
승합(대형),에스에이피,엘페(ELFE),1889,0,1889,2024년도 전기자동차 시흥시 모델별 보조금,2024,시흥시
승합(대형),에스에이피,리오네(LIONNE),1440,0,1440,2024년도 전기자동차 시흥시 모델별 보조금,2024,시흥시
승합(대형),에스에이피,네오포스(NEOFORCE),1440,0,1440,2024년도 전기자동차 시흥시 모델별 보조금,2024,시흥시
승합(대형),GS글로벌,NEW BYD eBus-12,2180,0,2180,2024년도 전기자동차 시흥시 모델별 보조금,2024,시흥시
승합(대형),GS글로벌,BYD eBus9,2310,0,2310,2024년도 전기자동차 시흥시 모델별 보조금,2024,시흥시
승합(대형),GS글로벌,BYD eBus11,3440,0,3440,2024년도 전기자동차 시흥시 모델별 보조금,2024,시흥시
승합(대형),티에스에코에너지,일레누스(TS1100-1),5771,0,5771,2024년도 전기자동차 시흥시 모델별 보조금,2024,시흥시
승합(대형),티에스에코에너지,일레누스(TS900-1),6914,0,6914,2024년도 전기자동차 시흥시 모델별 보조금,2024,시흥시
승합(대형),이온모터스,시티라이트Ⅱ,2290,0,2290,2024년도 전기자동차 시흥시 모델별 보조금,2024,시흥시
승합(대형),이온모터스,시티라이트9,2310,0,2310,2024년도 전기자동차 시흥시 모델별 보조금,2024,시흥시
승합(대형),한차,GREENWAY1100A,5950,0,5950,2024년도 전기자동차 시흥시 모델별 보조금,2024,시흥시
승합(대형),이엠코리아,에픽시티(LFP),2310,0,2310,2024년도 전기자동차 시흥시 모델별 보조금,2024,시흥시
승합(대형),이엠코리아,에픽타운(LFP),2101,0,2101,2024년도 전기자동차 시흥시 모델별 보조금,2024,시흥시
승합(대형),이엠코리아,에픽시티(NCM),7000,0,7000,2024년도 전기자동차 시흥시 모델별 보조금,2024,시흥시
승합(대형),이엠코리아,에픽타운(NCM),6439,0,6439,2024년도 전기자동차 시흥시 모델별 보조금,2024,시흥시
승합(대형),태영티엔티,GD11N,7000,0,7000,2024년도 전기자동차 시흥시 모델별 보조금,2024,시흥시
승합(대형),재일홀딩스,그린타운400,1539,0,1539,2024년도 전기자동차 시흥시 모델별 보조금,2024,시흥시
승합(대형),아이버스,아이버스어린이운송차,5950,0,5950,2024년도 전기자동차 시흥시 모델별 보조금,2024,시흥시
승합(중형),현대자동차,카운티 일렉트릭,3915,2349,6264,2024년도 전기자동차 군포시 모델별 보조금,2024,군포시
승합(중형),현대자동차,카운티 일렉트릭(마을버스),4000,2400,6400,2024년도 전기자동차 군포시 모델별 보조금,2024,군포시
승합(중형),이비온,"E6(JL618S), 어린이통학",1127,676,1803,2024년도 전기자동차 군포시 모델별 보조금,2024,군포시
승합(중형),GS글로벌,NEW BYD eBus-7,1007,604,1611,2024년도 전기자동차 군포시 모델별 보조금,2024,군포시
승합(중형),한차,GREENWAY720,4250,2550,6800,2024년도 전기자동차 군포시 모델별 보조금,2024,군포시
승합(중형),테라팩토리,"테라밴키즈(2022), 어린이운송용14명",776,465,1241,2024년도 전기자동차 군포시 모델별 보조금,2024,군포시
승합(중형),테라팩토리,"테라밴키즈11(2022), 어린이운송용11명",772,463,1235,2024년도 전기자동차 군포시 모델별 보조금,2024,군포시
승합(중형),테라팩토리,테라밴,767,460,1227,2024년도 전기자동차 군포시 모델별 보조금,2024,군포시
승합(중형),중원자동차,EV J1,1496,897,2393,2024년도 전기자동차 군포시 모델별 보조금,2024,군포시
승합(중형),쏠테로,트라베리-Y540E,1676,1005,2681,2024년도 전기자동차 군포시 모델별 보조금,2024,군포시
승합(중형),쏠테로,트라베리-Y550E,1676,1005,2681,2024년도 전기자동차 군포시 모델별 보조금,2024,군포시
승합(중형),쏠테로,트라베리-Y560E,1676,1005,2681,2024년도 전기자동차 군포시 모델별 보조금,2024,군포시
승합(중형),리텍,e-CENTRO-K,2385,1431,3816,2024년도 전기자동차 군포시 모델별 보조금,2024,군포시
승합(중형),에빅오토모티브코리아,세레온(어린이),5000,3000,8000,2024년도 전기자동차 군포시 모델별 보조금,2024,군포시
승합(중형),에빅오토모티브코리아,세레온(마을),5000,3000,8000,2024년도 전기자동차 군포시 모델별 보조금,2024,군포시
승합(대형),현대자동차,일렉시티 이층버스,11900,4200,16100,2024년도 전기자동차 군포시 모델별 보조금,2024,군포시
승합(대형),현대자동차,일렉시티(3PACK),7000,4200,11200,2024년도 전기자동차 군포시 모델별 보조금,2024,군포시
승합(대형),현대자동차,일렉시티(4PACK V1),7000,4200,11200,2024년도 전기자동차 군포시 모델별 보조금,2024,군포시
승합(대형),현대자동차,일렉시티(4PACK V2),7000,4200,11200,2024년도 전기자동차 군포시 모델별 보조금,2024,군포시
승합(대형),현대자동차,일렉시티 타운,6859,4115,10974,2024년도 전기자동차 군포시 모델별 보조금,2024,군포시
승합(대형),케이지모빌리티커머셜,SMART 110(272kWh),3850,2310,6160,2024년도 전기자동차 군포시 모델별 보조금,2024,군포시
승합(대형),케이지모빌리티커머셜,SMART 110E(347kWh),5950,3570,9520,2024년도 전기자동차 군포시 모델별 보조금,2024,군포시
승합(대형),케이지모빌리티커머셜,SMART 110(260kWh),5724,3434,9158,2024년도 전기자동차 군포시 모델별 보조금,2024,군포시
승합(대형),케이지모빌리티커머셜,SMART 110E(260kWh),5950,3570,9520,2024년도 전기자동차 군포시 모델별 보조금,2024,군포시
승합(대형),케이지모빌리티커머셜,SMART 110(301kWh),7000,4200,11200,2024년도 전기자동차 군포시 모델별 보조금,2024,군포시
승합(대형),우진산전,아폴로900전기버스,4719,2831,7550,2024년도 전기자동차 군포시 모델별 보조금,2024,군포시
승합(대형),우진산전,아폴로1100전기버스 23MY,7000,4200,11200,2024년도 전기자동차 군포시 모델별 보조금,2024,군포시
승합(대형),우진산전,아폴로1200-B43,7000,4200,11200,2024년도 전기자동차 군포시 모델별 보조금,2024,군포시
승합(대형),우진산전,아폴로1200-S42,7000,4200,11200,2024년도 전기자동차 군포시 모델별 보조금,2024,군포시
승합(대형),우진산전,아폴로1200-B42,7000,4200,11200,2024년도 전기자동차 군포시 모델별 보조금,2024,군포시
승합(대형),우진산전,아폴로1200-B29,7000,4200,11200,2024년도 전기자동차 군포시 모델별 보조금,2024,군포시
승합(대형),우진산전,아폴로1200-S29,7000,4200,11200,2024년도 전기자동차 군포시 모델별 보조금,2024,군포시
승합(대형),우진산전,아폴로900 V2.0,6819,4091,10910,2024년도 전기자동차 군포시 모델별 보조금,2024,군포시
승합(대형),우진산전,아폴로1100 양문형,6459,3875,10334,2024년도 전기자동차 군포시 모델별 보조금,2024,군포시
승합(대형),피라인모터스,HYPERS1609N,5796,3477,9273,2024년도 전기자동차 군포시 모델별 보조금,2024,군포시
승합(대형),피라인모터스,HYPERS1611N,5440,3264,8704,2024년도 전기자동차 군포시 모델별 보조금,2024,군포시
승합(대형),피라인모터스,HYPERS1609HN,5755,3453,9208,2024년도 전기자동차 군포시 모델별 보조금,2024,군포시
승합(대형),피라인모터스,HYPERS1609N(25인승),5794,3476,9270,2024년도 전기자동차 군포시 모델별 보조금,2024,군포시
승합(대형),피라인모터스,HYPERS1609HN(25인승),5755,3453,9208,2024년도 전기자동차 군포시 모델별 보조금,2024,군포시
승합(대형),피라인모터스,HYPERS PRIME,7000,4200,11200,2024년도 전기자동차 군포시 모델별 보조금,2024,군포시
승합(대형),피라인모터스,HYPERS1609P(접이식),7000,4200,11200,2024년도 전기자동차 군포시 모델별 보조금,2024,군포시
승합(대형),피라인모터스,HYPERS1609P(힙레스트),7000,4200,11200,2024년도 전기자동차 군포시 모델별 보조금,2024,군포시
승합(대형),피라인모터스,HYPERS1609P(25인승 접이식),7000,4200,11200,2024년도 전기자동차 군포시 모델별 보조금,2024,군포시
승합(대형),피라인모터스,HYPERS1609P(25인승 힙레스트),7000,4200,11200,2024년도 전기자동차 군포시 모델별 보조금,2024,군포시
승합(대형),피라인모터스,HYPERS1611P(접이식),7000,4200,11200,2024년도 전기자동차 군포시 모델별 보조금,2024,군포시
승합(대형),피라인모터스,HYPERS1611P(힙레스트),7000,4200,11200,2024년도 전기자동차 군포시 모델별 보조금,2024,군포시
승합(대형),피라인모터스,HYPERS HP,7000,4200,11200,2024년도 전기자동차 군포시 모델별 보조금,2024,군포시
승합(대형),범한자동차,E-SKY11(350kWh),1980,1188,3168,2024년도 전기자동차 군포시 모델별 보조금,2024,군포시
승합(대형),범한자동차,E-SKY9(281kWh),1980,1188,3168,2024년도 전기자동차 군포시 모델별 보조금,2024,군포시
승합(대형),범한자동차,E-STAR8 V1,1719,1031,2750,2024년도 전기자동차 군포시 모델별 보조금,2024,군포시
승합(대형),범한자동차,E-STAR11,1980,1188,3168,2024년도 전기자동차 군포시 모델별 보조금,2024,군포시
승합(대형),범한자동차,E-STAR12i,2480,1487,3967,2024년도 전기자동차 군포시 모델별 보조금,2024,군포시
승합(대형),에스에이피,아이즘(IZM),1440,864,2304,2024년도 전기자동차 군포시 모델별 보조금,2024,군포시
승합(대형),에스에이피,엘페(ELFE),1889,1133,3022,2024년도 전기자동차 군포시 모델별 보조금,2024,군포시
승합(대형),에스에이피,리오네(LIONNE),1440,864,2304,2024년도 전기자동차 군포시 모델별 보조금,2024,군포시
승합(대형),에스에이피,네오포스(NEOFORCE),1440,864,2304,2024년도 전기자동차 군포시 모델별 보조금,2024,군포시
승합(대형),GS글로벌,NEW BYD eBus-12,2180,1308,3488,2024년도 전기자동차 군포시 모델별 보조금,2024,군포시
승합(대형),GS글로벌,BYD eBus9,2310,1386,3696,2024년도 전기자동차 군포시 모델별 보조금,2024,군포시
승합(대형),GS글로벌,BYD eBus11,3440,2064,5504,2024년도 전기자동차 군포시 모델별 보조금,2024,군포시
승합(대형),티에스에코에너지,일레누스(TS1100-1),5771,3462,9233,2024년도 전기자동차 군포시 모델별 보조금,2024,군포시
승합(대형),티에스에코에너지,일레누스(TS900-1),6914,4148,11062,2024년도 전기자동차 군포시 모델별 보조금,2024,군포시
승합(대형),이온모터스,시티라이트Ⅱ,2290,1374,3664,2024년도 전기자동차 군포시 모델별 보조금,2024,군포시
승합(대형),이온모터스,시티라이트9,2310,1386,3696,2024년도 전기자동차 군포시 모델별 보조금,2024,군포시
승합(대형),한차,GREENWAY1100A,5950,3570,9520,2024년도 전기자동차 군포시 모델별 보조금,2024,군포시
승합(대형),이엠코리아,에픽시티(LFP),2310,1386,3696,2024년도 전기자동차 군포시 모델별 보조금,2024,군포시
승합(대형),이엠코리아,에픽타운(LFP),2101,1260,3361,2024년도 전기자동차 군포시 모델별 보조금,2024,군포시
승합(대형),태영티엔티,GD11N,7000,4200,11200,2024년도 전기자동차 군포시 모델별 보조금,2024,군포시
승합(대형),재일홀딩스,그린타운400,1539,923,2462,2024년도 전기자동차 군포시 모델별 보조금,2024,군포시
승합(대형),아이버스,아이버스어린이운송차,5950,3570,9520,2024년도 전기자동차 군포시 모델별 보조금,2024,군포시
승합(중형),현대자동차,카운티 일렉트릭,3915,2349,6264,2024년도 전기자동차 의왕시 모델별 보조금,2024,의왕시
승합(중형),현대자동차,카운티 일렉트릭(마을버스),4000,2400,6400,2024년도 전기자동차 의왕시 모델별 보조금,2024,의왕시
승합(중형),이비온,"E6(JL618S), 어린이통학",1127,676,1803,2024년도 전기자동차 의왕시 모델별 보조금,2024,의왕시
승합(중형),GS글로벌,NEW BYD eBus-7,1007,604,1611,2024년도 전기자동차 의왕시 모델별 보조금,2024,의왕시
승합(중형),한차,GREENWAY720,4250,2550,6800,2024년도 전기자동차 의왕시 모델별 보조금,2024,의왕시
승합(중형),테라팩토리,"테라밴키즈(2022), 어린이운송용14명",776,465,1241,2024년도 전기자동차 의왕시 모델별 보조금,2024,의왕시
승합(중형),테라팩토리,"테라밴키즈11(2022), 어린이운송용11명",772,463,1235,2024년도 전기자동차 의왕시 모델별 보조금,2024,의왕시
승합(중형),테라팩토리,테라밴,767,460,1227,2024년도 전기자동차 의왕시 모델별 보조금,2024,의왕시
승합(중형),중원자동차,EV J1,1496,897,2393,2024년도 전기자동차 의왕시 모델별 보조금,2024,의왕시
승합(중형),쏠테로,트라베리-Y540E,1676,0,1676,2024년도 전기자동차 의왕시 모델별 보조금,2024,의왕시
승합(중형),쏠테로,트라베리-Y550E,1676,0,1676,2024년도 전기자동차 의왕시 모델별 보조금,2024,의왕시
승합(중형),쏠테로,트라베리-Y560E,1676,0,1676,2024년도 전기자동차 의왕시 모델별 보조금,2024,의왕시
승합(중형),리텍,e-CENTRO-K,2385,0,2385,2024년도 전기자동차 의왕시 모델별 보조금,2024,의왕시
승합(중형),에빅오토모티브코리아,세레온(어린이),5000,0,5000,2024년도 전기자동차 의왕시 모델별 보조금,2024,의왕시
승합(중형),에빅오토모티브코리아,세레온(마을),5000,0,5000,2024년도 전기자동차 의왕시 모델별 보조금,2024,의왕시
승합(대형),현대자동차,일렉시티 이층버스,11900,0,11900,2024년도 전기자동차 의왕시 모델별 보조금,2024,의왕시
승합(대형),현대자동차,일렉시티(3PACK),7000,0,7000,2024년도 전기자동차 의왕시 모델별 보조금,2024,의왕시
승합(대형),현대자동차,일렉시티(4PACK V1),7000,0,7000,2024년도 전기자동차 의왕시 모델별 보조금,2024,의왕시
승합(대형),현대자동차,일렉시티(4PACK V2),7000,0,7000,2024년도 전기자동차 의왕시 모델별 보조금,2024,의왕시
승합(대형),현대자동차,일렉시티 타운,6859,4115,10974,2024년도 전기자동차 의왕시 모델별 보조금,2024,의왕시
승합(대형),케이지모빌리티커머셜,SMART 110(272kWh),3850,0,3850,2024년도 전기자동차 의왕시 모델별 보조금,2024,의왕시
승합(대형),케이지모빌리티커머셜,SMART 110E(347kWh),5950,0,5950,2024년도 전기자동차 의왕시 모델별 보조금,2024,의왕시
승합(대형),케이지모빌리티커머셜,SMART 110(260kWh),5724,3434,9158,2024년도 전기자동차 의왕시 모델별 보조금,2024,의왕시
승합(대형),케이지모빌리티커머셜,SMART 110E(260kWh),5950,0,5950,2024년도 전기자동차 의왕시 모델별 보조금,2024,의왕시
승합(대형),케이지모빌리티커머셜,SMART 110(301kWh),7000,4200,11200,2024년도 전기자동차 의왕시 모델별 보조금,2024,의왕시
승합(대형),우진산전,아폴로900전기버스,4719,0,4719,2024년도 전기자동차 의왕시 모델별 보조금,2024,의왕시
승합(대형),우진산전,아폴로1100전기버스 23MY,7000,0,7000,2024년도 전기자동차 의왕시 모델별 보조금,2024,의왕시
승합(대형),우진산전,아폴로1200-B43,7000,0,7000,2024년도 전기자동차 의왕시 모델별 보조금,2024,의왕시
승합(대형),우진산전,아폴로1200-S42,7000,0,7000,2024년도 전기자동차 의왕시 모델별 보조금,2024,의왕시
승합(대형),우진산전,아폴로1200-B42,7000,0,7000,2024년도 전기자동차 의왕시 모델별 보조금,2024,의왕시
승합(대형),우진산전,아폴로1200-B29,7000,0,7000,2024년도 전기자동차 의왕시 모델별 보조금,2024,의왕시
승합(대형),우진산전,아폴로1200-S29,7000,0,7000,2024년도 전기자동차 의왕시 모델별 보조금,2024,의왕시
승합(대형),우진산전,아폴로900 V2.0,6819,0,6819,2024년도 전기자동차 의왕시 모델별 보조금,2024,의왕시
승합(대형),우진산전,아폴로1100 양문형,6459,0,6459,2024년도 전기자동차 의왕시 모델별 보조금,2024,의왕시
승합(대형),피라인모터스,HYPERS1609N,5796,0,5796,2024년도 전기자동차 의왕시 모델별 보조금,2024,의왕시
승합(대형),피라인모터스,HYPERS1611N,5440,0,5440,2024년도 전기자동차 의왕시 모델별 보조금,2024,의왕시
승합(대형),피라인모터스,HYPERS1609HN,5755,0,5755,2024년도 전기자동차 의왕시 모델별 보조금,2024,의왕시
승합(대형),피라인모터스,HYPERS1609N(25인승),5794,0,5794,2024년도 전기자동차 의왕시 모델별 보조금,2024,의왕시
승합(대형),피라인모터스,HYPERS1609HN(25인승),5755,0,5755,2024년도 전기자동차 의왕시 모델별 보조금,2024,의왕시
승합(대형),피라인모터스,HYPERS PRIME,7000,0,7000,2024년도 전기자동차 의왕시 모델별 보조금,2024,의왕시
승합(대형),피라인모터스,HYPERS1609P(접이식),7000,0,7000,2024년도 전기자동차 의왕시 모델별 보조금,2024,의왕시
승합(대형),피라인모터스,HYPERS1609P(힙레스트),7000,0,7000,2024년도 전기자동차 의왕시 모델별 보조금,2024,의왕시
승합(대형),피라인모터스,HYPERS1609P(25인승 접이식),7000,0,7000,2024년도 전기자동차 의왕시 모델별 보조금,2024,의왕시
승합(대형),피라인모터스,HYPERS1609P(25인승 힙레스트),7000,0,7000,2024년도 전기자동차 의왕시 모델별 보조금,2024,의왕시
승합(대형),피라인모터스,HYPERS1611P(접이식),7000,0,7000,2024년도 전기자동차 의왕시 모델별 보조금,2024,의왕시
승합(대형),피라인모터스,HYPERS1611P(힙레스트),7000,0,7000,2024년도 전기자동차 의왕시 모델별 보조금,2024,의왕시
승합(대형),피라인모터스,HYPERS HP,7000,0,7000,2024년도 전기자동차 의왕시 모델별 보조금,2024,의왕시
승합(대형),범한자동차,E-SKY11(350kWh),1980,0,1980,2024년도 전기자동차 의왕시 모델별 보조금,2024,의왕시
승합(대형),범한자동차,E-SKY9(281kWh),1980,0,1980,2024년도 전기자동차 의왕시 모델별 보조금,2024,의왕시
승합(대형),범한자동차,E-STAR8 V1,1719,0,1719,2024년도 전기자동차 의왕시 모델별 보조금,2024,의왕시
승합(대형),범한자동차,E-STAR11,1980,0,1980,2024년도 전기자동차 의왕시 모델별 보조금,2024,의왕시
승합(대형),범한자동차,E-STAR12i,2480,0,2480,2024년도 전기자동차 의왕시 모델별 보조금,2024,의왕시
승합(대형),에스에이피,아이즘(IZM),1440,0,1440,2024년도 전기자동차 의왕시 모델별 보조금,2024,의왕시
승합(대형),에스에이피,엘페(ELFE),1889,0,1889,2024년도 전기자동차 의왕시 모델별 보조금,2024,의왕시
승합(대형),에스에이피,리오네(LIONNE),1440,0,1440,2024년도 전기자동차 의왕시 모델별 보조금,2024,의왕시
승합(대형),에스에이피,네오포스(NEOFORCE),1440,0,1440,2024년도 전기자동차 의왕시 모델별 보조금,2024,의왕시
승합(대형),GS글로벌,NEW BYD eBus-12,2180,1308,3488,2024년도 전기자동차 의왕시 모델별 보조금,2024,의왕시
승합(대형),GS글로벌,BYD eBus9,2310,1386,3696,2024년도 전기자동차 의왕시 모델별 보조금,2024,의왕시
승합(대형),GS글로벌,BYD eBus11,3440,0,3440,2024년도 전기자동차 의왕시 모델별 보조금,2024,의왕시
승합(대형),티에스에코에너지,일레누스(TS1100-1),5771,0,5771,2024년도 전기자동차 의왕시 모델별 보조금,2024,의왕시
승합(대형),티에스에코에너지,일레누스(TS900-1),6914,0,6914,2024년도 전기자동차 의왕시 모델별 보조금,2024,의왕시
승합(대형),이온모터스,시티라이트Ⅱ,2290,0,2290,2024년도 전기자동차 의왕시 모델별 보조금,2024,의왕시
승합(대형),이온모터스,시티라이트9,2310,0,2310,2024년도 전기자동차 의왕시 모델별 보조금,2024,의왕시
승합(대형),한차,GREENWAY1100A,5950,0,5950,2024년도 전기자동차 의왕시 모델별 보조금,2024,의왕시
승합(대형),이엠코리아,에픽시티(LFP),2310,0,2310,2024년도 전기자동차 의왕시 모델별 보조금,2024,의왕시
승합(대형),이엠코리아,에픽타운(LFP),2101,0,2101,2024년도 전기자동차 의왕시 모델별 보조금,2024,의왕시
승합(대형),태영티엔티,GD11N,7000,0,7000,2024년도 전기자동차 의왕시 모델별 보조금,2024,의왕시
승합(대형),재일홀딩스,그린타운400,1539,0,1539,2024년도 전기자동차 의왕시 모델별 보조금,2024,의왕시
승합(대형),아이버스,아이버스어린이운송차,5950,0,5950,2024년도 전기자동차 의왕시 모델별 보조금,2024,의왕시
승합(중형),현대자동차,카운티 일렉트릭,3915,2349,6264,2024년도 전기자동차 하남시 모델별 보조금,2024,하남시
승합(중형),현대자동차,카운티 일렉트릭(마을버스),4000,2400,6400,2024년도 전기자동차 하남시 모델별 보조금,2024,하남시
승합(중형),이비온,"E6(JL618S), 어린이통학",1127,676,1803,2024년도 전기자동차 하남시 모델별 보조금,2024,하남시
승합(중형),GS글로벌,NEW BYD eBus-7,1007,604,1611,2024년도 전기자동차 하남시 모델별 보조금,2024,하남시
승합(중형),한차,GREENWAY720,4250,2550,6800,2024년도 전기자동차 하남시 모델별 보조금,2024,하남시
승합(중형),테라팩토리,"테라밴키즈(2022), 어린이운송용14명",776,465,1241,2024년도 전기자동차 하남시 모델별 보조금,2024,하남시
승합(중형),테라팩토리,"테라밴키즈11(2022), 어린이운송용11명",772,463,1235,2024년도 전기자동차 하남시 모델별 보조금,2024,하남시
승합(중형),테라팩토리,테라밴,767,460,1227,2024년도 전기자동차 하남시 모델별 보조금,2024,하남시
승합(중형),중원자동차,EV J1,1496,897,2393,2024년도 전기자동차 하남시 모델별 보조금,2024,하남시
승합(중형),쏠테로,트라베리-Y540E,1676,1005,2681,2024년도 전기자동차 하남시 모델별 보조금,2024,하남시
승합(중형),쏠테로,트라베리-Y550E,1676,1005,2681,2024년도 전기자동차 하남시 모델별 보조금,2024,하남시
승합(중형),쏠테로,트라베리-Y560E,1676,1005,2681,2024년도 전기자동차 하남시 모델별 보조금,2024,하남시
승합(중형),리텍,e-CENTRO-K,2385,1431,3816,2024년도 전기자동차 하남시 모델별 보조금,2024,하남시
승합(중형),에빅오토모티브코리아,세레온(어린이),5000,3000,8000,2024년도 전기자동차 하남시 모델별 보조금,2024,하남시
승합(중형),에빅오토모티브코리아,세레온(마을),5000,3000,8000,2024년도 전기자동차 하남시 모델별 보조금,2024,하남시
승합(대형),현대자동차,일렉시티 이층버스,11900,4200,16100,2024년도 전기자동차 하남시 모델별 보조금,2024,하남시
승합(대형),현대자동차,일렉시티(3PACK),7000,4200,11200,2024년도 전기자동차 하남시 모델별 보조금,2024,하남시
승합(대형),현대자동차,일렉시티(4PACK V1),7000,4200,11200,2024년도 전기자동차 하남시 모델별 보조금,2024,하남시
승합(대형),현대자동차,일렉시티(4PACK V2),7000,4200,11200,2024년도 전기자동차 하남시 모델별 보조금,2024,하남시
승합(대형),현대자동차,일렉시티 타운,6859,4115,10974,2024년도 전기자동차 하남시 모델별 보조금,2024,하남시
승합(대형),케이지모빌리티커머셜,SMART 110(272kWh),3850,2310,6160,2024년도 전기자동차 하남시 모델별 보조금,2024,하남시
승합(대형),케이지모빌리티커머셜,SMART 110E(347kWh),5950,3570,9520,2024년도 전기자동차 하남시 모델별 보조금,2024,하남시
승합(대형),케이지모빌리티커머셜,SMART 110(260kWh),5724,3434,9158,2024년도 전기자동차 하남시 모델별 보조금,2024,하남시
승합(대형),케이지모빌리티커머셜,SMART 110E(260kWh),5950,3570,9520,2024년도 전기자동차 하남시 모델별 보조금,2024,하남시
승합(대형),케이지모빌리티커머셜,SMART 110(301kWh),7000,4200,11200,2024년도 전기자동차 하남시 모델별 보조금,2024,하남시
승합(대형),우진산전,아폴로900전기버스,4719,2831,7550,2024년도 전기자동차 하남시 모델별 보조금,2024,하남시
승합(대형),우진산전,아폴로1100전기버스 23MY,7000,4200,11200,2024년도 전기자동차 하남시 모델별 보조금,2024,하남시
승합(대형),우진산전,아폴로1200-B43,7000,4200,11200,2024년도 전기자동차 하남시 모델별 보조금,2024,하남시
승합(대형),우진산전,아폴로1200-S42,7000,4200,11200,2024년도 전기자동차 하남시 모델별 보조금,2024,하남시
승합(대형),우진산전,아폴로1200-B42,7000,4200,11200,2024년도 전기자동차 하남시 모델별 보조금,2024,하남시
승합(대형),우진산전,아폴로1200-B29,7000,4200,11200,2024년도 전기자동차 하남시 모델별 보조금,2024,하남시
승합(대형),우진산전,아폴로1200-S29,7000,4200,11200,2024년도 전기자동차 하남시 모델별 보조금,2024,하남시
승합(대형),우진산전,아폴로900 V2.0,6819,4091,10910,2024년도 전기자동차 하남시 모델별 보조금,2024,하남시
승합(대형),우진산전,아폴로1100 양문형,6459,3875,10334,2024년도 전기자동차 하남시 모델별 보조금,2024,하남시
승합(대형),피라인모터스,HYPERS1609N,5796,3477,9273,2024년도 전기자동차 하남시 모델별 보조금,2024,하남시
승합(대형),피라인모터스,HYPERS1611N,5440,3264,8704,2024년도 전기자동차 하남시 모델별 보조금,2024,하남시
승합(대형),피라인모터스,HYPERS1609HN,5755,3453,9208,2024년도 전기자동차 하남시 모델별 보조금,2024,하남시
승합(대형),피라인모터스,HYPERS1609N(25인승),5794,3476,9270,2024년도 전기자동차 하남시 모델별 보조금,2024,하남시
승합(대형),피라인모터스,HYPERS1609HN(25인승),5755,3453,9208,2024년도 전기자동차 하남시 모델별 보조금,2024,하남시
승합(대형),피라인모터스,HYPERS PRIME,7000,4200,11200,2024년도 전기자동차 하남시 모델별 보조금,2024,하남시
승합(대형),피라인모터스,HYPERS1609P(접이식),7000,4200,11200,2024년도 전기자동차 하남시 모델별 보조금,2024,하남시
승합(대형),피라인모터스,HYPERS1609P(힙레스트),7000,4200,11200,2024년도 전기자동차 하남시 모델별 보조금,2024,하남시
승합(대형),피라인모터스,HYPERS1609P(25인승 접이식),7000,4200,11200,2024년도 전기자동차 하남시 모델별 보조금,2024,하남시
승합(대형),피라인모터스,HYPERS1609P(25인승 힙레스트),7000,4200,11200,2024년도 전기자동차 하남시 모델별 보조금,2024,하남시
승합(대형),피라인모터스,HYPERS1611P(접이식),7000,4200,11200,2024년도 전기자동차 하남시 모델별 보조금,2024,하남시
승합(대형),피라인모터스,HYPERS1611P(힙레스트),7000,4200,11200,2024년도 전기자동차 하남시 모델별 보조금,2024,하남시
승합(대형),피라인모터스,HYPERS HP,7000,4200,11200,2024년도 전기자동차 하남시 모델별 보조금,2024,하남시
승합(대형),범한자동차,E-SKY11(350kWh),1980,1188,3168,2024년도 전기자동차 하남시 모델별 보조금,2024,하남시
승합(대형),범한자동차,E-SKY9(281kWh),1980,1188,3168,2024년도 전기자동차 하남시 모델별 보조금,2024,하남시
승합(대형),범한자동차,E-STAR8 V1,1719,1031,2750,2024년도 전기자동차 하남시 모델별 보조금,2024,하남시
승합(대형),범한자동차,E-STAR11,1980,1188,3168,2024년도 전기자동차 하남시 모델별 보조금,2024,하남시
승합(대형),범한자동차,E-STAR12i,2480,1487,3967,2024년도 전기자동차 하남시 모델별 보조금,2024,하남시
승합(대형),에스에이피,아이즘(IZM),1440,864,2304,2024년도 전기자동차 하남시 모델별 보조금,2024,하남시
승합(대형),에스에이피,엘페(ELFE),1889,1133,3022,2024년도 전기자동차 하남시 모델별 보조금,2024,하남시
승합(대형),에스에이피,리오네(LIONNE),1440,864,2304,2024년도 전기자동차 하남시 모델별 보조금,2024,하남시
승합(대형),에스에이피,네오포스(NEOFORCE),1440,864,2304,2024년도 전기자동차 하남시 모델별 보조금,2024,하남시
승합(대형),GS글로벌,NEW BYD eBus-12,2180,1308,3488,2024년도 전기자동차 하남시 모델별 보조금,2024,하남시
승합(대형),GS글로벌,BYD eBus9,2310,1386,3696,2024년도 전기자동차 하남시 모델별 보조금,2024,하남시
승합(대형),GS글로벌,BYD eBus11,3440,2064,5504,2024년도 전기자동차 하남시 모델별 보조금,2024,하남시
승합(대형),티에스에코에너지,일레누스(TS1100-1),5771,3462,9233,2024년도 전기자동차 하남시 모델별 보조금,2024,하남시
승합(대형),티에스에코에너지,일레누스(TS900-1),6914,4148,11062,2024년도 전기자동차 하남시 모델별 보조금,2024,하남시
승합(대형),이온모터스,시티라이트Ⅱ,2290,1374,3664,2024년도 전기자동차 하남시 모델별 보조금,2024,하남시
승합(대형),이온모터스,시티라이트9,2310,1386,3696,2024년도 전기자동차 하남시 모델별 보조금,2024,하남시
승합(대형),한차,GREENWAY1100A,5950,3570,9520,2024년도 전기자동차 하남시 모델별 보조금,2024,하남시
승합(대형),이엠코리아,에픽시티(LFP),2310,1386,3696,2024년도 전기자동차 하남시 모델별 보조금,2024,하남시
승합(대형),이엠코리아,에픽타운(LFP),2101,1260,3361,2024년도 전기자동차 하남시 모델별 보조금,2024,하남시
승합(대형),태영티엔티,GD11N,7000,4200,11200,2024년도 전기자동차 하남시 모델별 보조금,2024,하남시
승합(대형),재일홀딩스,그린타운400,1539,923,2462,2024년도 전기자동차 하남시 모델별 보조금,2024,하남시
승합(대형),아이버스,아이버스어린이운송차,5950,3570,9520,2024년도 전기자동차 하남시 모델별 보조금,2024,하남시
승합(중형),현대자동차,카운티 일렉트릭,3915,2349,6264,2024년도 전기자동차 용인시 모델별 보조금,2024,용인시
승합(중형),현대자동차,카운티 일렉트릭(마을버스),4000,2400,6400,2024년도 전기자동차 용인시 모델별 보조금,2024,용인시
승합(중형),이비온,"E6(JL618S), 어린이통학",1127,676,1803,2024년도 전기자동차 용인시 모델별 보조금,2024,용인시
승합(중형),GS글로벌,NEW BYD eBus-7,1007,604,1611,2024년도 전기자동차 용인시 모델별 보조금,2024,용인시
승합(중형),한차,GREENWAY720,4250,2550,6800,2024년도 전기자동차 용인시 모델별 보조금,2024,용인시
승합(중형),테라팩토리,"테라밴키즈(2022), 어린이운송용14명",776,465,1241,2024년도 전기자동차 용인시 모델별 보조금,2024,용인시
승합(중형),테라팩토리,"테라밴키즈11(2022), 어린이운송용11명",772,463,1235,2024년도 전기자동차 용인시 모델별 보조금,2024,용인시
승합(중형),테라팩토리,테라밴,767,460,1227,2024년도 전기자동차 용인시 모델별 보조금,2024,용인시
승합(중형),중원자동차,EV J1,1496,897,2393,2024년도 전기자동차 용인시 모델별 보조금,2024,용인시
승합(중형),쏠테로,트라베리-Y540E,1676,1005,2681,2024년도 전기자동차 용인시 모델별 보조금,2024,용인시
승합(중형),쏠테로,트라베리-Y550E,1676,1005,2681,2024년도 전기자동차 용인시 모델별 보조금,2024,용인시
승합(중형),쏠테로,트라베리-Y560E,1676,1005,2681,2024년도 전기자동차 용인시 모델별 보조금,2024,용인시
승합(중형),리텍,e-CENTRO-K,2385,1431,3816,2024년도 전기자동차 용인시 모델별 보조금,2024,용인시
승합(중형),에빅오토모티브코리아,세레온(어린이),5000,3000,8000,2024년도 전기자동차 용인시 모델별 보조금,2024,용인시
승합(중형),에빅오토모티브코리아,세레온(마을),5000,3000,8000,2024년도 전기자동차 용인시 모델별 보조금,2024,용인시
승합(대형),현대자동차,일렉시티 이층버스,11900,7140,19040,2024년도 전기자동차 용인시 모델별 보조금,2024,용인시
승합(대형),현대자동차,일렉시티(3PACK),7000,4200,11200,2024년도 전기자동차 용인시 모델별 보조금,2024,용인시
승합(대형),현대자동차,일렉시티(4PACK V1),7000,4200,11200,2024년도 전기자동차 용인시 모델별 보조금,2024,용인시
승합(대형),현대자동차,일렉시티(4PACK V2),7000,4200,11200,2024년도 전기자동차 용인시 모델별 보조금,2024,용인시
승합(대형),현대자동차,일렉시티 타운,6859,4115,10974,2024년도 전기자동차 용인시 모델별 보조금,2024,용인시
승합(대형),케이지모빌리티커머셜,SMART 110(272kWh),3850,2310,6160,2024년도 전기자동차 용인시 모델별 보조금,2024,용인시
승합(대형),케이지모빌리티커머셜,SMART 110E(347kWh),5950,3570,9520,2024년도 전기자동차 용인시 모델별 보조금,2024,용인시
승합(대형),케이지모빌리티커머셜,SMART 110(260kWh),5724,3434,9158,2024년도 전기자동차 용인시 모델별 보조금,2024,용인시
승합(대형),케이지모빌리티커머셜,SMART 110E(260kWh),5950,3570,9520,2024년도 전기자동차 용인시 모델별 보조금,2024,용인시
승합(대형),케이지모빌리티커머셜,SMART 110(301kWh),7000,4200,11200,2024년도 전기자동차 용인시 모델별 보조금,2024,용인시
승합(대형),케이지모빌리티커머셜,KG C090,6916,4150,11066,2024년도 전기자동차 용인시 모델별 보조금,2024,용인시
승합(대형),우진산전,아폴로900전기버스,4719,2831,7550,2024년도 전기자동차 용인시 모델별 보조금,2024,용인시
승합(대형),우진산전,아폴로1100전기버스 23MY,7000,4200,11200,2024년도 전기자동차 용인시 모델별 보조금,2024,용인시
승합(대형),우진산전,아폴로1200-B43,7000,4200,11200,2024년도 전기자동차 용인시 모델별 보조금,2024,용인시
승합(대형),우진산전,아폴로1200-S42,7000,4200,11200,2024년도 전기자동차 용인시 모델별 보조금,2024,용인시
승합(대형),우진산전,아폴로1200-B42,7000,4200,11200,2024년도 전기자동차 용인시 모델별 보조금,2024,용인시
승합(대형),우진산전,아폴로1200-B29,7000,4200,11200,2024년도 전기자동차 용인시 모델별 보조금,2024,용인시
승합(대형),우진산전,아폴로1200-S29,7000,4200,11200,2024년도 전기자동차 용인시 모델별 보조금,2024,용인시
승합(대형),우진산전,아폴로900 V2.0,6819,4091,10910,2024년도 전기자동차 용인시 모델별 보조금,2024,용인시
승합(대형),우진산전,아폴로1100 양문형,6459,3875,10334,2024년도 전기자동차 용인시 모델별 보조금,2024,용인시
승합(대형),우진산전,아폴로1100 V2.0,7000,4200,11200,2024년도 전기자동차 용인시 모델별 보조금,2024,용인시
승합(대형),피라인모터스,HYPERS1609N,5796,3477,9273,2024년도 전기자동차 용인시 모델별 보조금,2024,용인시
승합(대형),피라인모터스,HYPERS1611N,5440,3264,8704,2024년도 전기자동차 용인시 모델별 보조금,2024,용인시
승합(대형),피라인모터스,HYPERS1609HN,5755,3453,9208,2024년도 전기자동차 용인시 모델별 보조금,2024,용인시
승합(대형),피라인모터스,HYPERS1609N(25인승),5794,3476,9270,2024년도 전기자동차 용인시 모델별 보조금,2024,용인시
승합(대형),피라인모터스,HYPERS1609HN(25인승),5755,3453,9208,2024년도 전기자동차 용인시 모델별 보조금,2024,용인시
승합(대형),피라인모터스,HYPERS PRIME,7000,4200,11200,2024년도 전기자동차 용인시 모델별 보조금,2024,용인시
승합(대형),피라인모터스,HYPERS1609P(접이식),7000,4200,11200,2024년도 전기자동차 용인시 모델별 보조금,2024,용인시
승합(대형),피라인모터스,HYPERS1609P(힙레스트),7000,4200,11200,2024년도 전기자동차 용인시 모델별 보조금,2024,용인시
승합(대형),피라인모터스,HYPERS1609P(25인승 접이식),7000,4200,11200,2024년도 전기자동차 용인시 모델별 보조금,2024,용인시
승합(대형),피라인모터스,HYPERS1609P(25인승 힙레스트),7000,4200,11200,2024년도 전기자동차 용인시 모델별 보조금,2024,용인시
승합(대형),피라인모터스,HYPERS1611P(접이식),7000,4200,11200,2024년도 전기자동차 용인시 모델별 보조금,2024,용인시
승합(대형),피라인모터스,HYPERS1611P(힙레스트),7000,4200,11200,2024년도 전기자동차 용인시 모델별 보조금,2024,용인시
승합(대형),피라인모터스,HYPERS HP,7000,4200,11200,2024년도 전기자동차 용인시 모델별 보조금,2024,용인시
승합(대형),범한자동차,E-SKY11(350kWh),1980,1188,3168,2024년도 전기자동차 용인시 모델별 보조금,2024,용인시
승합(대형),범한자동차,E-SKY9(281kWh),1980,1188,3168,2024년도 전기자동차 용인시 모델별 보조금,2024,용인시
승합(대형),범한자동차,E-STAR8 V1,1719,1031,2750,2024년도 전기자동차 용인시 모델별 보조금,2024,용인시
승합(대형),범한자동차,E-STAR11,1980,1188,3168,2024년도 전기자동차 용인시 모델별 보조금,2024,용인시
승합(대형),범한자동차,E-STAR12i,2480,1487,3967,2024년도 전기자동차 용인시 모델별 보조금,2024,용인시
승합(대형),에스에이피,아이즘(IZM),1440,864,2304,2024년도 전기자동차 용인시 모델별 보조금,2024,용인시
승합(대형),에스에이피,엘페(ELFE),1889,1133,3022,2024년도 전기자동차 용인시 모델별 보조금,2024,용인시
승합(대형),에스에이피,리오네(LIONNE),1440,864,2304,2024년도 전기자동차 용인시 모델별 보조금,2024,용인시
승합(대형),에스에이피,네오포스(NEOFORCE),1440,864,2304,2024년도 전기자동차 용인시 모델별 보조금,2024,용인시
승합(대형),GS글로벌,NEW BYD eBus-12,2180,1308,3488,2024년도 전기자동차 용인시 모델별 보조금,2024,용인시
승합(대형),GS글로벌,BYD eBus9,2310,1386,3696,2024년도 전기자동차 용인시 모델별 보조금,2024,용인시
승합(대형),GS글로벌,BYD eBus11,3440,2064,5504,2024년도 전기자동차 용인시 모델별 보조금,2024,용인시
승합(대형),티에스에코에너지,일레누스(TS1100-1),5771,3462,9233,2024년도 전기자동차 용인시 모델별 보조금,2024,용인시
승합(대형),티에스에코에너지,일레누스(TS900-1),6914,4148,11062,2024년도 전기자동차 용인시 모델별 보조금,2024,용인시
승합(대형),이온모터스,시티라이트Ⅱ,2290,1374,3664,2024년도 전기자동차 용인시 모델별 보조금,2024,용인시
승합(대형),이온모터스,시티라이트9,2310,1386,3696,2024년도 전기자동차 용인시 모델별 보조금,2024,용인시
승합(대형),한차,GREENWAY1100A,5950,3570,9520,2024년도 전기자동차 용인시 모델별 보조금,2024,용인시
승합(대형),이엠코리아,에픽시티(LFP),2310,1386,3696,2024년도 전기자동차 용인시 모델별 보조금,2024,용인시
승합(대형),이엠코리아,에픽타운(LFP),2101,1260,3361,2024년도 전기자동차 용인시 모델별 보조금,2024,용인시
승합(대형),이엠코리아,에픽시티(NCM),7000,4200,11200,2024년도 전기자동차 용인시 모델별 보조금,2024,용인시
승합(대형),이엠코리아,에픽타운(NCM),6439,3863,10302,2024년도 전기자동차 용인시 모델별 보조금,2024,용인시
승합(대형),태영티엔티,GD11N,7000,4200,11200,2024년도 전기자동차 용인시 모델별 보조금,2024,용인시
승합(대형),재일홀딩스,그린타운400,1539,923,2462,2024년도 전기자동차 용인시 모델별 보조금,2024,용인시
승합(대형),아이버스,아이버스어린이운송차,5950,3570,9520,2024년도 전기자동차 용인시 모델별 보조금,2024,용인시
승합(중형),현대자동차,카운티 일렉트릭,3915,2349,6264,2024년도 전기자동차 파주시 모델별 보조금,2024,파주시
승합(중형),현대자동차,카운티 일렉트릭(마을버스),4000,2400,6400,2024년도 전기자동차 파주시 모델별 보조금,2024,파주시
승합(중형),이비온,"E6(JL618S), 어린이통학",1127,676,1803,2024년도 전기자동차 파주시 모델별 보조금,2024,파주시
승합(중형),GS글로벌,NEW BYD eBus-7,1007,604,1611,2024년도 전기자동차 파주시 모델별 보조금,2024,파주시
승합(중형),한차,GREENWAY720,4250,2550,6800,2024년도 전기자동차 파주시 모델별 보조금,2024,파주시
승합(중형),테라팩토리,"테라밴키즈(2022), 어린이운송용14명",776,465,1241,2024년도 전기자동차 파주시 모델별 보조금,2024,파주시
승합(중형),테라팩토리,"테라밴키즈11(2022), 어린이운송용11명",772,463,1235,2024년도 전기자동차 파주시 모델별 보조금,2024,파주시
승합(중형),테라팩토리,테라밴,767,460,1227,2024년도 전기자동차 파주시 모델별 보조금,2024,파주시
승합(중형),중원자동차,EV J1,1496,897,2393,2024년도 전기자동차 파주시 모델별 보조금,2024,파주시
승합(중형),쏠테로,트라베리-Y540E,1676,1006,2682,2024년도 전기자동차 파주시 모델별 보조금,2024,파주시
승합(중형),쏠테로,트라베리-Y550E,1676,1006,2682,2024년도 전기자동차 파주시 모델별 보조금,2024,파주시
승합(중형),쏠테로,트라베리-Y560E,1676,1006,2682,2024년도 전기자동차 파주시 모델별 보조금,2024,파주시
승합(중형),리텍,e-CENTRO-K,2385,1431,3816,2024년도 전기자동차 파주시 모델별 보조금,2024,파주시
승합(중형),에빅오토모티브코리아,세레온(어린이),5000,3000,8000,2024년도 전기자동차 파주시 모델별 보조금,2024,파주시
승합(중형),에빅오토모티브코리아,세레온(마을),5000,3000,8000,2024년도 전기자동차 파주시 모델별 보조금,2024,파주시
승합(대형),현대자동차,일렉시티 이층버스,11900,4200,16100,2024년도 전기자동차 파주시 모델별 보조금,2024,파주시
승합(대형),현대자동차,일렉시티(3PACK),7000,4200,11200,2024년도 전기자동차 파주시 모델별 보조금,2024,파주시
승합(대형),현대자동차,일렉시티(4PACK V1),7000,4200,11200,2024년도 전기자동차 파주시 모델별 보조금,2024,파주시
승합(대형),현대자동차,일렉시티(4PACK V2),7000,4200,11200,2024년도 전기자동차 파주시 모델별 보조금,2024,파주시
승합(대형),현대자동차,일렉시티 타운,6859,4115,10974,2024년도 전기자동차 파주시 모델별 보조금,2024,파주시
승합(대형),케이지모빌리티커머셜,SMART 110(272kWh),3850,2310,6160,2024년도 전기자동차 파주시 모델별 보조금,2024,파주시
승합(대형),케이지모빌리티커머셜,SMART 110E(347kWh),5950,3570,9520,2024년도 전기자동차 파주시 모델별 보조금,2024,파주시
승합(대형),케이지모빌리티커머셜,SMART 110(260kWh),5724,3434,9158,2024년도 전기자동차 파주시 모델별 보조금,2024,파주시
승합(대형),케이지모빌리티커머셜,SMART 110E(260kWh),5950,3570,9520,2024년도 전기자동차 파주시 모델별 보조금,2024,파주시
승합(대형),케이지모빌리티커머셜,SMART 110(301kWh),7000,4200,11200,2024년도 전기자동차 파주시 모델별 보조금,2024,파주시
승합(대형),우진산전,아폴로900전기버스,4719,2831,7550,2024년도 전기자동차 파주시 모델별 보조금,2024,파주시
승합(대형),우진산전,아폴로1100전기버스 23MY,7000,4200,11200,2024년도 전기자동차 파주시 모델별 보조금,2024,파주시
승합(대형),우진산전,아폴로1200-B43,7000,4200,11200,2024년도 전기자동차 파주시 모델별 보조금,2024,파주시
승합(대형),우진산전,아폴로1200-S42,7000,4200,11200,2024년도 전기자동차 파주시 모델별 보조금,2024,파주시
승합(대형),우진산전,아폴로1200-B42,7000,4200,11200,2024년도 전기자동차 파주시 모델별 보조금,2024,파주시
승합(대형),우진산전,아폴로1200-B29,7000,4200,11200,2024년도 전기자동차 파주시 모델별 보조금,2024,파주시
승합(대형),우진산전,아폴로1200-S29,7000,4200,11200,2024년도 전기자동차 파주시 모델별 보조금,2024,파주시
승합(대형),우진산전,아폴로900 V2.0,6819,4092,10911,2024년도 전기자동차 파주시 모델별 보조금,2024,파주시
승합(대형),우진산전,아폴로1100 양문형,6459,3876,10335,2024년도 전기자동차 파주시 모델별 보조금,2024,파주시
승합(대형),피라인모터스,HYPERS1609N,5796,3477,9273,2024년도 전기자동차 파주시 모델별 보조금,2024,파주시
승합(대형),피라인모터스,HYPERS1611N,5440,3264,8704,2024년도 전기자동차 파주시 모델별 보조금,2024,파주시
승합(대형),피라인모터스,HYPERS1609HN,5755,3453,9208,2024년도 전기자동차 파주시 모델별 보조금,2024,파주시
승합(대형),피라인모터스,HYPERS1609N(25인승),5794,3476,9270,2024년도 전기자동차 파주시 모델별 보조금,2024,파주시
승합(대형),피라인모터스,HYPERS1609HN(25인승),5755,3453,9208,2024년도 전기자동차 파주시 모델별 보조금,2024,파주시
승합(대형),피라인모터스,HYPERS PRIME,7000,4200,11200,2024년도 전기자동차 파주시 모델별 보조금,2024,파주시
승합(대형),피라인모터스,HYPERS1609P(접이식),7000,4200,11200,2024년도 전기자동차 파주시 모델별 보조금,2024,파주시
승합(대형),피라인모터스,HYPERS1609P(힙레스트),7000,4200,11200,2024년도 전기자동차 파주시 모델별 보조금,2024,파주시
승합(대형),피라인모터스,HYPERS1609P(25인승 접이식),7000,4200,11200,2024년도 전기자동차 파주시 모델별 보조금,2024,파주시
승합(대형),피라인모터스,HYPERS1609P(25인승 힙레스트),7000,4200,11200,2024년도 전기자동차 파주시 모델별 보조금,2024,파주시
승합(대형),피라인모터스,HYPERS1611P(접이식),7000,4200,11200,2024년도 전기자동차 파주시 모델별 보조금,2024,파주시
승합(대형),피라인모터스,HYPERS1611P(힙레스트),7000,4200,11200,2024년도 전기자동차 파주시 모델별 보조금,2024,파주시
승합(대형),피라인모터스,HYPERS HP,7000,4200,11200,2024년도 전기자동차 파주시 모델별 보조금,2024,파주시
승합(대형),범한자동차,E-SKY11(350kWh),1980,1188,3168,2024년도 전기자동차 파주시 모델별 보조금,2024,파주시
승합(대형),범한자동차,E-SKY9(281kWh),1980,1188,3168,2024년도 전기자동차 파주시 모델별 보조금,2024,파주시
승합(대형),범한자동차,E-STAR8 V1,1719,1031,2750,2024년도 전기자동차 파주시 모델별 보조금,2024,파주시
승합(대형),범한자동차,E-STAR11,1980,1188,3168,2024년도 전기자동차 파주시 모델별 보조금,2024,파주시
승합(대형),범한자동차,E-STAR12i,2480,1487,3967,2024년도 전기자동차 파주시 모델별 보조금,2024,파주시
승합(대형),에스에이피,아이즘(IZM),1440,864,2304,2024년도 전기자동차 파주시 모델별 보조금,2024,파주시
승합(대형),에스에이피,엘페(ELFE),1889,1133,3022,2024년도 전기자동차 파주시 모델별 보조금,2024,파주시
승합(대형),에스에이피,리오네(LIONNE),1440,864,2304,2024년도 전기자동차 파주시 모델별 보조금,2024,파주시
승합(대형),에스에이피,네오포스(NEOFORCE),1440,864,2304,2024년도 전기자동차 파주시 모델별 보조금,2024,파주시
승합(대형),GS글로벌,NEW BYD eBus-12,2180,1308,3488,2024년도 전기자동차 파주시 모델별 보조금,2024,파주시
승합(대형),GS글로벌,BYD eBus9,2310,1386,3696,2024년도 전기자동차 파주시 모델별 보조금,2024,파주시
승합(대형),GS글로벌,BYD eBus11,3440,5400,8840,2024년도 전기자동차 파주시 모델별 보조금,2024,파주시
승합(대형),티에스에코에너지,일레누스(TS1100-1),5771,3462,9233,2024년도 전기자동차 파주시 모델별 보조금,2024,파주시
승합(대형),티에스에코에너지,일레누스(TS900-1),6914,4148,11062,2024년도 전기자동차 파주시 모델별 보조금,2024,파주시
승합(대형),이온모터스,시티라이트Ⅱ,2290,1374,3664,2024년도 전기자동차 파주시 모델별 보조금,2024,파주시
승합(대형),이온모터스,시티라이트9,2310,1386,3696,2024년도 전기자동차 파주시 모델별 보조금,2024,파주시
승합(대형),한차,GREENWAY1100A,5950,3570,9520,2024년도 전기자동차 파주시 모델별 보조금,2024,파주시
승합(대형),이엠코리아,에픽시티(LFP),2310,1386,3696,2024년도 전기자동차 파주시 모델별 보조금,2024,파주시
승합(대형),이엠코리아,에픽타운(LFP),2101,1260,3361,2024년도 전기자동차 파주시 모델별 보조금,2024,파주시
승합(대형),태영티엔티,GD11N,7000,4200,11200,2024년도 전기자동차 파주시 모델별 보조금,2024,파주시
승합(대형),재일홀딩스,그린타운400,1539,923,2462,2024년도 전기자동차 파주시 모델별 보조금,2024,파주시
승합(대형),아이버스,아이버스어린이운송차,5950,3570,9520,2024년도 전기자동차 파주시 모델별 보조금,2024,파주시
승합(중형),현대자동차,카운티 일렉트릭,3915,2348,6263,2024년도 전기자동차 이천시 모델별 보조금,2024,이천시
승합(중형),현대자동차,카운티 일렉트릭(마을버스),4000,2400,6400,2024년도 전기자동차 이천시 모델별 보조금,2024,이천시
승합(중형),이비온,"E6(JL618S), 어린이통학",1127,676,1803,2024년도 전기자동차 이천시 모델별 보조금,2024,이천시
승합(중형),GS글로벌,NEW BYD eBus-7,1007,604,1611,2024년도 전기자동차 이천시 모델별 보조금,2024,이천시
승합(중형),한차,GREENWAY720,4250,2550,6800,2024년도 전기자동차 이천시 모델별 보조금,2024,이천시
승합(중형),테라팩토리,"테라밴키즈(2022), 어린이운송용14명",776,464,1240,2024년도 전기자동차 이천시 모델별 보조금,2024,이천시
승합(중형),테라팩토리,"테라밴키즈11(2022), 어린이운송용11명",772,462,1234,2024년도 전기자동차 이천시 모델별 보조금,2024,이천시
승합(중형),테라팩토리,테라밴,767,460,1227,2024년도 전기자동차 이천시 모델별 보조금,2024,이천시
승합(중형),중원자동차,EV J1,1496,896,2392,2024년도 전기자동차 이천시 모델별 보조금,2024,이천시
승합(중형),쏠테로,트라베리-Y540E,1676,1004,2680,2024년도 전기자동차 이천시 모델별 보조금,2024,이천시
승합(중형),쏠테로,트라베리-Y550E,1676,1004,2680,2024년도 전기자동차 이천시 모델별 보조금,2024,이천시
승합(중형),쏠테로,트라베리-Y560E,1676,1004,2680,2024년도 전기자동차 이천시 모델별 보조금,2024,이천시
승합(대형),현대자동차,일렉시티 이층버스,11900,4200,16100,2024년도 전기자동차 이천시 모델별 보조금,2024,이천시
승합(대형),현대자동차,일렉시티(3PACK),7000,4200,11200,2024년도 전기자동차 이천시 모델별 보조금,2024,이천시
승합(대형),현대자동차,일렉시티(4PACK V1),7000,4200,11200,2024년도 전기자동차 이천시 모델별 보조금,2024,이천시
승합(대형),현대자동차,일렉시티(4PACK V2),7000,4200,11200,2024년도 전기자동차 이천시 모델별 보조금,2024,이천시
승합(대형),현대자동차,일렉시티 타운,6859,4114,10973,2024년도 전기자동차 이천시 모델별 보조금,2024,이천시
승합(대형),케이지모빌리티커머셜,SMART 110(272kWh),3850,2310,6160,2024년도 전기자동차 이천시 모델별 보조금,2024,이천시
승합(대형),케이지모빌리티커머셜,SMART 110E(347kWh),5950,3570,9520,2024년도 전기자동차 이천시 모델별 보조금,2024,이천시
승합(대형),케이지모빌리티커머셜,SMART 110(260kWh),5724,3434,9158,2024년도 전기자동차 이천시 모델별 보조금,2024,이천시
승합(대형),케이지모빌리티커머셜,SMART 110E(260kWh),5950,3570,9520,2024년도 전기자동차 이천시 모델별 보조금,2024,이천시
승합(대형),케이지모빌리티커머셜,SMART 110(301kWh),7000,4200,11200,2024년도 전기자동차 이천시 모델별 보조금,2024,이천시
승합(대형),우진산전,아폴로900전기버스,4719,2830,7549,2024년도 전기자동차 이천시 모델별 보조금,2024,이천시
승합(대형),우진산전,아폴로1100전기버스 23MY,7000,4200,11200,2024년도 전기자동차 이천시 모델별 보조금,2024,이천시
승합(대형),우진산전,아폴로1200-B43,7000,4200,11200,2024년도 전기자동차 이천시 모델별 보조금,2024,이천시
승합(대형),우진산전,아폴로1200-S42,7000,4200,11200,2024년도 전기자동차 이천시 모델별 보조금,2024,이천시
승합(대형),우진산전,아폴로1200-B42,7000,4200,11200,2024년도 전기자동차 이천시 모델별 보조금,2024,이천시
승합(대형),우진산전,아폴로1200-B29,7000,4200,11200,2024년도 전기자동차 이천시 모델별 보조금,2024,이천시
승합(대형),우진산전,아폴로1200-S29,7000,4200,11200,2024년도 전기자동차 이천시 모델별 보조금,2024,이천시
승합(대형),피라인모터스,HYPERS1609N,5796,3476,9272,2024년도 전기자동차 이천시 모델별 보조금,2024,이천시
승합(대형),피라인모터스,HYPERS1611N,5440,3264,8704,2024년도 전기자동차 이천시 모델별 보조금,2024,이천시
승합(대형),피라인모터스,HYPERS1609HN,5755,3452,9207,2024년도 전기자동차 이천시 모델별 보조금,2024,이천시
승합(대형),피라인모터스,HYPERS1609N(25인승),5794,3476,9270,2024년도 전기자동차 이천시 모델별 보조금,2024,이천시
승합(대형),피라인모터스,HYPERS1609HN(25인승),5755,3452,9207,2024년도 전기자동차 이천시 모델별 보조금,2024,이천시
승합(대형),피라인모터스,HYPERS PRIME,7000,4200,11200,2024년도 전기자동차 이천시 모델별 보조금,2024,이천시
승합(대형),피라인모터스,HYPERS1609P(접이식),7000,4200,11200,2024년도 전기자동차 이천시 모델별 보조금,2024,이천시
승합(대형),피라인모터스,HYPERS1609P(힙레스트),7000,4200,11200,2024년도 전기자동차 이천시 모델별 보조금,2024,이천시
승합(대형),피라인모터스,HYPERS1609P(25인승 접이식),7000,4200,11200,2024년도 전기자동차 이천시 모델별 보조금,2024,이천시
승합(대형),피라인모터스,HYPERS1609P(25인승 힙레스트),7000,4200,11200,2024년도 전기자동차 이천시 모델별 보조금,2024,이천시
승합(대형),피라인모터스,HYPERS1611P(접이식),7000,4200,11200,2024년도 전기자동차 이천시 모델별 보조금,2024,이천시
승합(대형),피라인모터스,HYPERS1611P(힙레스트),7000,4200,11200,2024년도 전기자동차 이천시 모델별 보조금,2024,이천시
승합(대형),피라인모터스,HYPERS HP,7000,4200,11200,2024년도 전기자동차 이천시 모델별 보조금,2024,이천시
승합(대형),범한자동차,E-SKY11(350kWh),1980,1188,3168,2024년도 전기자동차 이천시 모델별 보조금,2024,이천시
승합(대형),범한자동차,E-SKY9(281kWh),1980,1188,3168,2024년도 전기자동차 이천시 모델별 보조금,2024,이천시
승합(대형),범한자동차,E-STAR8 V1,1719,1030,2749,2024년도 전기자동차 이천시 모델별 보조금,2024,이천시
승합(대형),범한자동차,E-STAR11,1980,1188,3168,2024년도 전기자동차 이천시 모델별 보조금,2024,이천시
승합(대형),범한자동차,E-STAR12i,2480,1486,3966,2024년도 전기자동차 이천시 모델별 보조금,2024,이천시
승합(대형),에스에이피,아이즘(IZM),1440,864,2304,2024년도 전기자동차 이천시 모델별 보조금,2024,이천시
승합(대형),에스에이피,엘페(ELFE),1889,1132,3021,2024년도 전기자동차 이천시 모델별 보조금,2024,이천시
승합(대형),에스에이피,리오네(LIONNE),1440,864,2304,2024년도 전기자동차 이천시 모델별 보조금,2024,이천시
승합(대형),에스에이피,네오포스(NEOFORCE),1440,864,2304,2024년도 전기자동차 이천시 모델별 보조금,2024,이천시
승합(대형),GS글로벌,NEW BYD eBus-12,2180,1308,3488,2024년도 전기자동차 이천시 모델별 보조금,2024,이천시
승합(대형),GS글로벌,BYD eBus9,2310,1386,3696,2024년도 전기자동차 이천시 모델별 보조금,2024,이천시
승합(대형),티에스에코에너지,일레누스(TS1100-1),5771,3462,9233,2024년도 전기자동차 이천시 모델별 보조금,2024,이천시
승합(대형),티에스에코에너지,일레누스(TS900-1),6914,4148,11062,2024년도 전기자동차 이천시 모델별 보조금,2024,이천시
승합(대형),이온모터스,시티라이트Ⅱ,2290,1374,3664,2024년도 전기자동차 이천시 모델별 보조금,2024,이천시
승합(대형),이온모터스,시티라이트9,2310,1386,3696,2024년도 전기자동차 이천시 모델별 보조금,2024,이천시
승합(대형),한차,GREENWAY1100A,5950,3570,9520,2024년도 전기자동차 이천시 모델별 보조금,2024,이천시
승합(대형),이엠코리아,에픽시티(LFP),2310,1386,3696,2024년도 전기자동차 이천시 모델별 보조금,2024,이천시
승합(대형),이엠코리아,에픽타운(LFP),2101,1260,3361,2024년도 전기자동차 이천시 모델별 보조금,2024,이천시
승합(대형),재일홀딩스,그린타운400,1539,922,2461,2024년도 전기자동차 이천시 모델별 보조금,2024,이천시
승합(중형),현대자동차,카운티 일렉트릭,3915,2349,6264,2024년도 전기자동차 안성시 모델별 보조금,2024,안성시
승합(중형),현대자동차,카운티 일렉트릭(마을버스),4000,2400,6400,2024년도 전기자동차 안성시 모델별 보조금,2024,안성시
승합(중형),이비온,"E6(JL618S), 어린이통학",1127,676,1803,2024년도 전기자동차 안성시 모델별 보조금,2024,안성시
승합(중형),GS글로벌,NEW BYD eBus-7,1007,604,1611,2024년도 전기자동차 안성시 모델별 보조금,2024,안성시
승합(중형),한차,GREENWAY720,4250,2550,6800,2024년도 전기자동차 안성시 모델별 보조금,2024,안성시
승합(중형),테라팩토리,"테라밴키즈(2022), 어린이운송용14명",776,465,1241,2024년도 전기자동차 안성시 모델별 보조금,2024,안성시
승합(중형),테라팩토리,"테라밴키즈11(2022), 어린이운송용11명",772,463,1235,2024년도 전기자동차 안성시 모델별 보조금,2024,안성시
승합(중형),테라팩토리,테라밴,767,460,1227,2024년도 전기자동차 안성시 모델별 보조금,2024,안성시
승합(중형),중원자동차,EV J1,1496,897,2393,2024년도 전기자동차 안성시 모델별 보조금,2024,안성시
승합(중형),쏠테로,트라베리-Y540E,1676,0,1676,2024년도 전기자동차 안성시 모델별 보조금,2024,안성시
승합(중형),쏠테로,트라베리-Y550E,1676,0,1676,2024년도 전기자동차 안성시 모델별 보조금,2024,안성시
승합(중형),쏠테로,트라베리-Y560E,1676,0,1676,2024년도 전기자동차 안성시 모델별 보조금,2024,안성시
승합(대형),현대자동차,일렉시티 이층버스,11900,0,11900,2024년도 전기자동차 안성시 모델별 보조금,2024,안성시
승합(대형),현대자동차,일렉시티(3PACK),7000,0,7000,2024년도 전기자동차 안성시 모델별 보조금,2024,안성시
승합(대형),현대자동차,일렉시티(4PACK V1),7000,0,7000,2024년도 전기자동차 안성시 모델별 보조금,2024,안성시
승합(대형),현대자동차,일렉시티(4PACK V2),7000,0,7000,2024년도 전기자동차 안성시 모델별 보조금,2024,안성시
승합(대형),현대자동차,일렉시티 타운,6859,0,6859,2024년도 전기자동차 안성시 모델별 보조금,2024,안성시
승합(대형),케이지모빌리티커머셜,SMART 110(272kWh),3850,0,3850,2024년도 전기자동차 안성시 모델별 보조금,2024,안성시
승합(대형),케이지모빌리티커머셜,SMART 110E(347kWh),5950,0,5950,2024년도 전기자동차 안성시 모델별 보조금,2024,안성시
승합(대형),케이지모빌리티커머셜,SMART 110(260kWh),5724,3434,9158,2024년도 전기자동차 안성시 모델별 보조금,2024,안성시
승합(대형),케이지모빌리티커머셜,SMART 110E(260kWh),5950,0,5950,2024년도 전기자동차 안성시 모델별 보조금,2024,안성시
승합(대형),케이지모빌리티커머셜,SMART 110(301kWh),7000,4200,11200,2024년도 전기자동차 안성시 모델별 보조금,2024,안성시
승합(대형),우진산전,아폴로900전기버스,4719,0,4719,2024년도 전기자동차 안성시 모델별 보조금,2024,안성시
승합(대형),우진산전,아폴로1100전기버스 23MY,7000,0,7000,2024년도 전기자동차 안성시 모델별 보조금,2024,안성시
승합(대형),우진산전,아폴로1200-B43,7000,0,7000,2024년도 전기자동차 안성시 모델별 보조금,2024,안성시
승합(대형),우진산전,아폴로1200-S42,7000,0,7000,2024년도 전기자동차 안성시 모델별 보조금,2024,안성시
승합(대형),우진산전,아폴로1200-B42,7000,0,7000,2024년도 전기자동차 안성시 모델별 보조금,2024,안성시
승합(대형),우진산전,아폴로1200-B29,7000,0,7000,2024년도 전기자동차 안성시 모델별 보조금,2024,안성시
승합(대형),우진산전,아폴로1200-S29,7000,0,7000,2024년도 전기자동차 안성시 모델별 보조금,2024,안성시
승합(대형),피라인모터스,HYPERS1609N,5796,0,5796,2024년도 전기자동차 안성시 모델별 보조금,2024,안성시
승합(대형),피라인모터스,HYPERS1611N,5440,0,5440,2024년도 전기자동차 안성시 모델별 보조금,2024,안성시
승합(대형),피라인모터스,HYPERS1609HN,5755,0,5755,2024년도 전기자동차 안성시 모델별 보조금,2024,안성시
승합(대형),피라인모터스,HYPERS1609N(25인승),5794,0,5794,2024년도 전기자동차 안성시 모델별 보조금,2024,안성시
승합(대형),피라인모터스,HYPERS1609HN(25인승),5755,0,5755,2024년도 전기자동차 안성시 모델별 보조금,2024,안성시
승합(대형),피라인모터스,HYPERS PRIME,7000,0,7000,2024년도 전기자동차 안성시 모델별 보조금,2024,안성시
승합(대형),피라인모터스,HYPERS1609P(접이식),7000,0,7000,2024년도 전기자동차 안성시 모델별 보조금,2024,안성시
승합(대형),피라인모터스,HYPERS1609P(힙레스트),7000,0,7000,2024년도 전기자동차 안성시 모델별 보조금,2024,안성시
승합(대형),피라인모터스,HYPERS1609P(25인승 접이식),7000,4200,11200,2024년도 전기자동차 안성시 모델별 보조금,2024,안성시
승합(대형),피라인모터스,HYPERS1609P(25인승 힙레스트),7000,0,7000,2024년도 전기자동차 안성시 모델별 보조금,2024,안성시
승합(대형),피라인모터스,HYPERS1611P(접이식),7000,0,7000,2024년도 전기자동차 안성시 모델별 보조금,2024,안성시
승합(대형),피라인모터스,HYPERS1611P(힙레스트),7000,0,7000,2024년도 전기자동차 안성시 모델별 보조금,2024,안성시
승합(대형),범한자동차,E-SKY11(350kWh),1980,0,1980,2024년도 전기자동차 안성시 모델별 보조금,2024,안성시
승합(대형),범한자동차,E-SKY9(281kWh),1980,0,1980,2024년도 전기자동차 안성시 모델별 보조금,2024,안성시
승합(대형),범한자동차,E-STAR8 V1,1719,0,1719,2024년도 전기자동차 안성시 모델별 보조금,2024,안성시
승합(대형),범한자동차,E-STAR11,1980,0,1980,2024년도 전기자동차 안성시 모델별 보조금,2024,안성시
승합(대형),범한자동차,E-STAR12i,2480,0,2480,2024년도 전기자동차 안성시 모델별 보조금,2024,안성시
승합(대형),에스에이피,아이즘(IZM),1440,0,1440,2024년도 전기자동차 안성시 모델별 보조금,2024,안성시
승합(대형),에스에이피,엘페(ELFE),1889,0,1889,2024년도 전기자동차 안성시 모델별 보조금,2024,안성시
승합(대형),에스에이피,리오네(LIONNE),1440,0,1440,2024년도 전기자동차 안성시 모델별 보조금,2024,안성시
승합(대형),에스에이피,네오포스(NEOFORCE),1440,0,1440,2024년도 전기자동차 안성시 모델별 보조금,2024,안성시
승합(대형),GS글로벌,NEW BYD eBus-12,2180,1308,3488,2024년도 전기자동차 안성시 모델별 보조금,2024,안성시
승합(대형),GS글로벌,BYD eBus9,2310,1386,3696,2024년도 전기자동차 안성시 모델별 보조금,2024,안성시
승합(대형),티에스에코에너지,일레누스(TS1100-1),5771,0,5771,2024년도 전기자동차 안성시 모델별 보조금,2024,안성시
승합(대형),티에스에코에너지,일레누스(TS900-1),6914,0,6914,2024년도 전기자동차 안성시 모델별 보조금,2024,안성시
승합(대형),이온모터스,시티라이트Ⅱ,2290,0,2290,2024년도 전기자동차 안성시 모델별 보조금,2024,안성시
승합(대형),이온모터스,시티라이트9,2310,0,2310,2024년도 전기자동차 안성시 모델별 보조금,2024,안성시
승합(대형),한차,GREENWAY1100A,5950,3570,9520,2024년도 전기자동차 안성시 모델별 보조금,2024,안성시
승합(대형),이엠코리아,에픽시티(LFP),2310,0,2310,2024년도 전기자동차 안성시 모델별 보조금,2024,안성시
승합(대형),이엠코리아,에픽타운(LFP),2101,0,2101,2024년도 전기자동차 안성시 모델별 보조금,2024,안성시
승합(대형),재일홀딩스,그린타운400,1539,0,1539,2024년도 전기자동차 안성시 모델별 보조금,2024,안성시
승합(중형),현대자동차,카운티 일렉트릭,3915,2348,6263,2024년도 전기자동차 김포시 모델별 보조금,2024,김포시
승합(중형),현대자동차,카운티 일렉트릭(마을버스),4000,2400,6400,2024년도 전기자동차 김포시 모델별 보조금,2024,김포시
승합(중형),이비온,"E6(JL618S), 어린이통학",1127,676,1803,2024년도 전기자동차 김포시 모델별 보조금,2024,김포시
승합(중형),GS글로벌,NEW BYD eBus-7,1007,604,1611,2024년도 전기자동차 김포시 모델별 보조금,2024,김포시
승합(중형),한차,GREENWAY720,4250,2550,6800,2024년도 전기자동차 김포시 모델별 보조금,2024,김포시
승합(중형),테라팩토리,"테라밴키즈(2022), 어린이운송용14명",776,464,1240,2024년도 전기자동차 김포시 모델별 보조금,2024,김포시
승합(중형),테라팩토리,"테라밴키즈11(2022), 어린이운송용11명",772,462,1234,2024년도 전기자동차 김포시 모델별 보조금,2024,김포시
승합(중형),테라팩토리,테라밴,767,460,1227,2024년도 전기자동차 김포시 모델별 보조금,2024,김포시
승합(중형),중원자동차,EV J1,1496,896,2392,2024년도 전기자동차 김포시 모델별 보조금,2024,김포시
승합(중형),쏠테로,트라베리-Y540E,1676,1004,2680,2024년도 전기자동차 김포시 모델별 보조금,2024,김포시
승합(중형),쏠테로,트라베리-Y550E,1676,1004,2680,2024년도 전기자동차 김포시 모델별 보조금,2024,김포시
승합(중형),쏠테로,트라베리-Y560E,1676,1004,2680,2024년도 전기자동차 김포시 모델별 보조금,2024,김포시
승합(중형),리텍,e-CENTRO-K,2385,1430,3815,2024년도 전기자동차 김포시 모델별 보조금,2024,김포시
승합(대형),현대자동차,일렉시티 이층버스,11900,7140,19040,2024년도 전기자동차 김포시 모델별 보조금,2024,김포시
승합(대형),현대자동차,일렉시티(3PACK),7000,4200,11200,2024년도 전기자동차 김포시 모델별 보조금,2024,김포시
승합(대형),현대자동차,일렉시티(4PACK V1),7000,4200,11200,2024년도 전기자동차 김포시 모델별 보조금,2024,김포시
승합(대형),현대자동차,일렉시티(4PACK V2),7000,4200,11200,2024년도 전기자동차 김포시 모델별 보조금,2024,김포시
승합(대형),현대자동차,일렉시티 타운,6859,4114,10973,2024년도 전기자동차 김포시 모델별 보조금,2024,김포시
승합(대형),케이지모빌리티커머셜,SMART 110(272kWh),3850,2310,6160,2024년도 전기자동차 김포시 모델별 보조금,2024,김포시
승합(대형),케이지모빌리티커머셜,SMART 110E(347kWh),5950,3570,9520,2024년도 전기자동차 김포시 모델별 보조금,2024,김포시
승합(대형),케이지모빌리티커머셜,SMART 110(260kWh),5724,3434,9158,2024년도 전기자동차 김포시 모델별 보조금,2024,김포시
승합(대형),케이지모빌리티커머셜,SMART 110E(260kWh),5950,3570,9520,2024년도 전기자동차 김포시 모델별 보조금,2024,김포시
승합(대형),케이지모빌리티커머셜,SMART 110(301kWh),7000,4200,11200,2024년도 전기자동차 김포시 모델별 보조금,2024,김포시
승합(대형),우진산전,아폴로900전기버스,4719,2830,7549,2024년도 전기자동차 김포시 모델별 보조금,2024,김포시
승합(대형),우진산전,아폴로1100전기버스 23MY,7000,4200,11200,2024년도 전기자동차 김포시 모델별 보조금,2024,김포시
승합(대형),우진산전,아폴로1200-B43,7000,4200,11200,2024년도 전기자동차 김포시 모델별 보조금,2024,김포시
승합(대형),우진산전,아폴로1200-S42,7000,4200,11200,2024년도 전기자동차 김포시 모델별 보조금,2024,김포시
승합(대형),우진산전,아폴로1200-B42,7000,4200,11200,2024년도 전기자동차 김포시 모델별 보조금,2024,김포시
승합(대형),우진산전,아폴로1200-B29,7000,4200,11200,2024년도 전기자동차 김포시 모델별 보조금,2024,김포시
승합(대형),우진산전,아폴로1200-S29,7000,4200,11200,2024년도 전기자동차 김포시 모델별 보조금,2024,김포시
승합(대형),피라인모터스,HYPERS1609N,5796,3476,9272,2024년도 전기자동차 김포시 모델별 보조금,2024,김포시
승합(대형),피라인모터스,HYPERS1611N,5440,3264,8704,2024년도 전기자동차 김포시 모델별 보조금,2024,김포시
승합(대형),피라인모터스,HYPERS1609HN,5755,3452,9207,2024년도 전기자동차 김포시 모델별 보조금,2024,김포시
승합(대형),피라인모터스,HYPERS1609N(25인승),5794,3476,9270,2024년도 전기자동차 김포시 모델별 보조금,2024,김포시
승합(대형),피라인모터스,HYPERS1609HN(25인승),5755,3452,9207,2024년도 전기자동차 김포시 모델별 보조금,2024,김포시
승합(대형),피라인모터스,HYPERS PRIME,7000,4200,11200,2024년도 전기자동차 김포시 모델별 보조금,2024,김포시
승합(대형),피라인모터스,HYPERS1609P(접이식),7000,4200,11200,2024년도 전기자동차 김포시 모델별 보조금,2024,김포시
승합(대형),피라인모터스,HYPERS1609P(힙레스트),7000,4200,11200,2024년도 전기자동차 김포시 모델별 보조금,2024,김포시
승합(대형),피라인모터스,HYPERS1609P(25인승 접이식),7000,4200,11200,2024년도 전기자동차 김포시 모델별 보조금,2024,김포시
승합(대형),피라인모터스,HYPERS1609P(25인승 힙레스트),7000,4200,11200,2024년도 전기자동차 김포시 모델별 보조금,2024,김포시
승합(대형),피라인모터스,HYPERS1611P(접이식),7000,4200,11200,2024년도 전기자동차 김포시 모델별 보조금,2024,김포시
승합(대형),피라인모터스,HYPERS1611P(힙레스트),7000,4200,11200,2024년도 전기자동차 김포시 모델별 보조금,2024,김포시
승합(대형),피라인모터스,HYPERS HP,7000,4200,11200,2024년도 전기자동차 김포시 모델별 보조금,2024,김포시
승합(대형),범한자동차,E-SKY11(350kWh),1980,1188,3168,2024년도 전기자동차 김포시 모델별 보조금,2024,김포시
승합(대형),범한자동차,E-SKY9(281kWh),1980,1188,3168,2024년도 전기자동차 김포시 모델별 보조금,2024,김포시
승합(대형),범한자동차,E-STAR8 V1,1719,1030,2749,2024년도 전기자동차 김포시 모델별 보조금,2024,김포시
승합(대형),범한자동차,E-STAR11,1980,1188,3168,2024년도 전기자동차 김포시 모델별 보조금,2024,김포시
승합(대형),범한자동차,E-STAR12i,2480,1488,3968,2024년도 전기자동차 김포시 모델별 보조금,2024,김포시
승합(대형),에스에이피,아이즘(IZM),1440,864,2304,2024년도 전기자동차 김포시 모델별 보조금,2024,김포시
승합(대형),에스에이피,엘페(ELFE),1889,1132,3021,2024년도 전기자동차 김포시 모델별 보조금,2024,김포시
승합(대형),에스에이피,리오네(LIONNE),1440,864,2304,2024년도 전기자동차 김포시 모델별 보조금,2024,김포시
승합(대형),에스에이피,네오포스(NEOFORCE),1440,864,2304,2024년도 전기자동차 김포시 모델별 보조금,2024,김포시
승합(대형),GS글로벌,NEW BYD eBus-12,2180,1308,3488,2024년도 전기자동차 김포시 모델별 보조금,2024,김포시
승합(대형),GS글로벌,BYD eBus9,2310,1386,3696,2024년도 전기자동차 김포시 모델별 보조금,2024,김포시
승합(대형),GS글로벌,BYD eBus11,3440,2064,5504,2024년도 전기자동차 김포시 모델별 보조금,2024,김포시
승합(대형),티에스에코에너지,일레누스(TS1100-1),5771,3462,9233,2024년도 전기자동차 김포시 모델별 보조금,2024,김포시
승합(대형),티에스에코에너지,일레누스(TS900-1),6914,4148,11062,2024년도 전기자동차 김포시 모델별 보조금,2024,김포시
승합(대형),이온모터스,시티라이트Ⅱ,2290,1374,3664,2024년도 전기자동차 김포시 모델별 보조금,2024,김포시
승합(대형),이온모터스,시티라이트9,2310,1386,3696,2024년도 전기자동차 김포시 모델별 보조금,2024,김포시
승합(대형),한차,GREENWAY1100A,5950,3570,9520,2024년도 전기자동차 김포시 모델별 보조금,2024,김포시
승합(대형),이엠코리아,에픽시티(LFP),2310,1386,3696,2024년도 전기자동차 김포시 모델별 보조금,2024,김포시
승합(대형),이엠코리아,에픽타운(LFP),2101,1260,3361,2024년도 전기자동차 김포시 모델별 보조금,2024,김포시
승합(대형),태영티엔티,GD11N,7000,4200,11200,2024년도 전기자동차 김포시 모델별 보조금,2024,김포시
승합(대형),재일홀딩스,그린타운400,1539,922,2461,2024년도 전기자동차 김포시 모델별 보조금,2024,김포시
승합(중형),현대자동차,카운티 일렉트릭,3915,2348,6263,2024년도 전기자동차 화성시 모델별 보조금,2024,화성시
승합(중형),현대자동차,카운티 일렉트릭(마을버스),4000,2400,6400,2024년도 전기자동차 화성시 모델별 보조금,2024,화성시
승합(중형),이비온,"E6(JL618S), 어린이통학",1127,676,1803,2024년도 전기자동차 화성시 모델별 보조금,2024,화성시
승합(중형),GS글로벌,NEW BYD eBus-7,1007,604,1611,2024년도 전기자동차 화성시 모델별 보조금,2024,화성시
승합(중형),한차,GREENWAY720,4250,2550,6800,2024년도 전기자동차 화성시 모델별 보조금,2024,화성시
승합(중형),테라팩토리,"테라밴키즈(2022), 어린이운송용14명",776,464,1240,2024년도 전기자동차 화성시 모델별 보조금,2024,화성시
승합(중형),테라팩토리,"테라밴키즈11(2022), 어린이운송용11명",772,462,1234,2024년도 전기자동차 화성시 모델별 보조금,2024,화성시
승합(중형),테라팩토리,테라밴,767,460,1227,2024년도 전기자동차 화성시 모델별 보조금,2024,화성시
승합(중형),중원자동차,EV J1,1496,896,2392,2024년도 전기자동차 화성시 모델별 보조금,2024,화성시
승합(중형),쏠테로,트라베리-Y540E,1676,1004,2680,2024년도 전기자동차 화성시 모델별 보조금,2024,화성시
승합(중형),쏠테로,트라베리-Y550E,1676,1004,2680,2024년도 전기자동차 화성시 모델별 보조금,2024,화성시
승합(중형),쏠테로,트라베리-Y560E,1676,1004,2680,2024년도 전기자동차 화성시 모델별 보조금,2024,화성시
승합(중형),리텍,e-CENTRO-K,2385,0,2385,2024년도 전기자동차 화성시 모델별 보조금,2024,화성시
승합(중형),에빅오토모티브코리아,세레온(어린이),5000,0,5000,2024년도 전기자동차 화성시 모델별 보조금,2024,화성시
승합(중형),에빅오토모티브코리아,세레온(마을),5000,0,5000,2024년도 전기자동차 화성시 모델별 보조금,2024,화성시
승합(대형),현대자동차,일렉시티 이층버스,11900,7100,19000,2024년도 전기자동차 화성시 모델별 보조금,2024,화성시
승합(대형),현대자동차,일렉시티(3PACK),7000,4200,11200,2024년도 전기자동차 화성시 모델별 보조금,2024,화성시
승합(대형),현대자동차,일렉시티(4PACK V1),7000,4200,11200,2024년도 전기자동차 화성시 모델별 보조금,2024,화성시
승합(대형),현대자동차,일렉시티(4PACK V2),7000,4200,11200,2024년도 전기자동차 화성시 모델별 보조금,2024,화성시
승합(대형),현대자동차,일렉시티 타운,6859,4114,10973,2024년도 전기자동차 화성시 모델별 보조금,2024,화성시
승합(대형),케이지모빌리티커머셜,SMART 110(272kWh),3850,2310,6160,2024년도 전기자동차 화성시 모델별 보조금,2024,화성시
승합(대형),케이지모빌리티커머셜,SMART 110E(347kWh),5950,3570,9520,2024년도 전기자동차 화성시 모델별 보조금,2024,화성시
승합(대형),케이지모빌리티커머셜,SMART 110(260kWh),5724,3434,9158,2024년도 전기자동차 화성시 모델별 보조금,2024,화성시
승합(대형),케이지모빌리티커머셜,SMART 110E(260kWh),5950,3570,9520,2024년도 전기자동차 화성시 모델별 보조금,2024,화성시
승합(대형),케이지모빌리티커머셜,SMART 110(301kWh),7000,4200,11200,2024년도 전기자동차 화성시 모델별 보조금,2024,화성시
승합(대형),케이지모빌리티커머셜,KG C090,6916,0,6916,2024년도 전기자동차 화성시 모델별 보조금,2024,화성시
승합(대형),우진산전,아폴로900전기버스,4719,2830,7549,2024년도 전기자동차 화성시 모델별 보조금,2024,화성시
승합(대형),우진산전,아폴로1100전기버스 23MY,7000,4200,11200,2024년도 전기자동차 화성시 모델별 보조금,2024,화성시
승합(대형),우진산전,아폴로1200-B43,7000,4200,11200,2024년도 전기자동차 화성시 모델별 보조금,2024,화성시
승합(대형),우진산전,아폴로1200-S42,7000,4200,11200,2024년도 전기자동차 화성시 모델별 보조금,2024,화성시
승합(대형),우진산전,아폴로1200-B42,7000,4200,11200,2024년도 전기자동차 화성시 모델별 보조금,2024,화성시
승합(대형),우진산전,아폴로1200-B29,7000,4200,11200,2024년도 전기자동차 화성시 모델별 보조금,2024,화성시
승합(대형),우진산전,아폴로1200-S29,7000,4200,11200,2024년도 전기자동차 화성시 모델별 보조금,2024,화성시
승합(대형),우진산전,아폴로900 V2.0,6819,0,6819,2024년도 전기자동차 화성시 모델별 보조금,2024,화성시
승합(대형),우진산전,아폴로1100 양문형,6459,0,6459,2024년도 전기자동차 화성시 모델별 보조금,2024,화성시
승합(대형),우진산전,아폴로1100 V2.0,7000,0,7000,2024년도 전기자동차 화성시 모델별 보조금,2024,화성시
승합(대형),피라인모터스,HYPERS1609N,5796,3476,9272,2024년도 전기자동차 화성시 모델별 보조금,2024,화성시
승합(대형),피라인모터스,HYPERS1611N,5440,3264,8704,2024년도 전기자동차 화성시 모델별 보조금,2024,화성시
승합(대형),피라인모터스,HYPERS1609HN,5755,3452,9207,2024년도 전기자동차 화성시 모델별 보조금,2024,화성시
승합(대형),피라인모터스,HYPERS1609N(25인승),5794,3476,9270,2024년도 전기자동차 화성시 모델별 보조금,2024,화성시
승합(대형),피라인모터스,HYPERS1609HN(25인승),5755,3452,9207,2024년도 전기자동차 화성시 모델별 보조금,2024,화성시
승합(대형),피라인모터스,HYPERS PRIME,7000,4200,11200,2024년도 전기자동차 화성시 모델별 보조금,2024,화성시
승합(대형),피라인모터스,HYPERS1609P(접이식),7000,4200,11200,2024년도 전기자동차 화성시 모델별 보조금,2024,화성시
승합(대형),피라인모터스,HYPERS1609P(힙레스트),7000,4200,11200,2024년도 전기자동차 화성시 모델별 보조금,2024,화성시
승합(대형),피라인모터스,HYPERS1609P(25인승 접이식),7000,4200,11200,2024년도 전기자동차 화성시 모델별 보조금,2024,화성시
승합(대형),피라인모터스,HYPERS1609P(25인승 힙레스트),7000,4200,11200,2024년도 전기자동차 화성시 모델별 보조금,2024,화성시
승합(대형),피라인모터스,HYPERS1611P(접이식),7000,4200,11200,2024년도 전기자동차 화성시 모델별 보조금,2024,화성시
승합(대형),피라인모터스,HYPERS1611P(힙레스트),7000,4200,11200,2024년도 전기자동차 화성시 모델별 보조금,2024,화성시
승합(대형),피라인모터스,HYPERS HP,7000,4200,11200,2024년도 전기자동차 화성시 모델별 보조금,2024,화성시
승합(대형),범한자동차,E-SKY11(350kWh),1980,1188,3168,2024년도 전기자동차 화성시 모델별 보조금,2024,화성시
승합(대형),범한자동차,E-SKY9(281kWh),1980,1188,3168,2024년도 전기자동차 화성시 모델별 보조금,2024,화성시
승합(대형),범한자동차,E-STAR8 V1,1719,1030,2749,2024년도 전기자동차 화성시 모델별 보조금,2024,화성시
승합(대형),범한자동차,E-STAR11,1980,1188,3168,2024년도 전기자동차 화성시 모델별 보조금,2024,화성시
승합(대형),범한자동차,E-STAR12i,2480,1488,3968,2024년도 전기자동차 화성시 모델별 보조금,2024,화성시
승합(대형),에스에이피,아이즘(IZM),1440,864,2304,2024년도 전기자동차 화성시 모델별 보조금,2024,화성시
승합(대형),에스에이피,엘페(ELFE),1889,1132,3021,2024년도 전기자동차 화성시 모델별 보조금,2024,화성시
승합(대형),에스에이피,리오네(LIONNE),1440,864,2304,2024년도 전기자동차 화성시 모델별 보조금,2024,화성시
승합(대형),에스에이피,네오포스(NEOFORCE),1440,864,2304,2024년도 전기자동차 화성시 모델별 보조금,2024,화성시
승합(대형),GS글로벌,NEW BYD eBus-12,2180,1308,3488,2024년도 전기자동차 화성시 모델별 보조금,2024,화성시
승합(대형),GS글로벌,BYD eBus9,2310,1386,3696,2024년도 전기자동차 화성시 모델별 보조금,2024,화성시
승합(대형),GS글로벌,BYD eBus11,3440,0,3440,2024년도 전기자동차 화성시 모델별 보조금,2024,화성시
승합(대형),티에스에코에너지,일레누스(TS1100-1),5771,3462,9233,2024년도 전기자동차 화성시 모델별 보조금,2024,화성시
승합(대형),티에스에코에너지,일레누스(TS900-1),6914,4148,11062,2024년도 전기자동차 화성시 모델별 보조금,2024,화성시
승합(대형),이온모터스,시티라이트Ⅱ,2290,1374,3664,2024년도 전기자동차 화성시 모델별 보조금,2024,화성시
승합(대형),이온모터스,시티라이트9,2310,1386,3696,2024년도 전기자동차 화성시 모델별 보조금,2024,화성시
승합(대형),한차,GREENWAY1100A,5950,3570,9520,2024년도 전기자동차 화성시 모델별 보조금,2024,화성시
승합(대형),이엠코리아,에픽시티(LFP),2310,1386,3696,2024년도 전기자동차 화성시 모델별 보조금,2024,화성시
승합(대형),이엠코리아,에픽타운(LFP),2101,1260,3361,2024년도 전기자동차 화성시 모델별 보조금,2024,화성시
승합(대형),이엠코리아,에픽시티(NCM),7000,4200,11200,2024년도 전기자동차 화성시 모델별 보조금,2024,화성시
승합(대형),이엠코리아,에픽타운(NCM),6439,3860,10299,2024년도 전기자동차 화성시 모델별 보조금,2024,화성시
승합(대형),태영티엔티,GD11N,7000,0,7000,2024년도 전기자동차 화성시 모델별 보조금,2024,화성시
승합(대형),재일홀딩스,그린타운400,1539,922,2461,2024년도 전기자동차 화성시 모델별 보조금,2024,화성시
승합(대형),아이버스,아이버스어린이운송차,5950,0,5950,2024년도 전기자동차 화성시 모델별 보조금,2024,화성시
승합(중형),현대자동차,카운티 일렉트릭,3915,2348,6263,2024년도 전기자동차 광주시 모델별 보조금,2024,광주시
승합(중형),현대자동차,카운티 일렉트릭(마을버스),4000,2400,6400,2024년도 전기자동차 광주시 모델별 보조금,2024,광주시
승합(중형),이비온,"E6(JL618S), 어린이통학",1127,676,1803,2024년도 전기자동차 광주시 모델별 보조금,2024,광주시
승합(중형),GS글로벌,NEW BYD eBus-7,1007,604,1611,2024년도 전기자동차 광주시 모델별 보조금,2024,광주시
승합(중형),한차,GREENWAY720,4250,2550,6800,2024년도 전기자동차 광주시 모델별 보조금,2024,광주시
승합(중형),테라팩토리,"테라밴키즈(2022), 어린이운송용14명",776,464,1240,2024년도 전기자동차 광주시 모델별 보조금,2024,광주시
승합(중형),테라팩토리,"테라밴키즈11(2022), 어린이운송용11명",772,462,1234,2024년도 전기자동차 광주시 모델별 보조금,2024,광주시
승합(중형),테라팩토리,테라밴,767,460,1227,2024년도 전기자동차 광주시 모델별 보조금,2024,광주시
승합(중형),중원자동차,EV J1,1496,896,2392,2024년도 전기자동차 광주시 모델별 보조금,2024,광주시
승합(중형),쏠테로,트라베리-Y540E,1676,1004,2680,2024년도 전기자동차 광주시 모델별 보조금,2024,광주시
승합(중형),쏠테로,트라베리-Y550E,1676,1004,2680,2024년도 전기자동차 광주시 모델별 보조금,2024,광주시
승합(중형),쏠테로,트라베리-Y560E,1676,1004,2680,2024년도 전기자동차 광주시 모델별 보조금,2024,광주시
승합(중형),리텍,e-CENTRO-K,2385,1430,3815,2024년도 전기자동차 광주시 모델별 보조금,2024,광주시
승합(중형),에빅오토모티브코리아,세레온(어린이),5000,3000,8000,2024년도 전기자동차 광주시 모델별 보조금,2024,광주시
승합(중형),에빅오토모티브코리아,세레온(마을),5000,3000,8000,2024년도 전기자동차 광주시 모델별 보조금,2024,광주시
승합(대형),현대자동차,일렉시티 이층버스,11900,4200,16100,2024년도 전기자동차 광주시 모델별 보조금,2024,광주시
승합(대형),현대자동차,일렉시티(3PACK),7000,4200,11200,2024년도 전기자동차 광주시 모델별 보조금,2024,광주시
승합(대형),현대자동차,일렉시티(4PACK V1),7000,4200,11200,2024년도 전기자동차 광주시 모델별 보조금,2024,광주시
승합(대형),현대자동차,일렉시티(4PACK V2),7000,4200,11200,2024년도 전기자동차 광주시 모델별 보조금,2024,광주시
승합(대형),현대자동차,일렉시티 타운,6859,4114,10973,2024년도 전기자동차 광주시 모델별 보조금,2024,광주시
승합(대형),케이지모빌리티커머셜,SMART 110(272kWh),3850,2310,6160,2024년도 전기자동차 광주시 모델별 보조금,2024,광주시
승합(대형),케이지모빌리티커머셜,SMART 110E(347kWh),5950,3570,9520,2024년도 전기자동차 광주시 모델별 보조금,2024,광주시
승합(대형),케이지모빌리티커머셜,SMART 110(260kWh),5724,3434,9158,2024년도 전기자동차 광주시 모델별 보조금,2024,광주시
승합(대형),케이지모빌리티커머셜,SMART 110E(260kWh),5950,3570,9520,2024년도 전기자동차 광주시 모델별 보조금,2024,광주시
승합(대형),케이지모빌리티커머셜,SMART 110(301kWh),7000,4200,11200,2024년도 전기자동차 광주시 모델별 보조금,2024,광주시
승합(대형),우진산전,아폴로900전기버스,4719,2830,7549,2024년도 전기자동차 광주시 모델별 보조금,2024,광주시
승합(대형),우진산전,아폴로1100전기버스 23MY,7000,4200,11200,2024년도 전기자동차 광주시 모델별 보조금,2024,광주시
승합(대형),우진산전,아폴로1200-B43,7000,4200,11200,2024년도 전기자동차 광주시 모델별 보조금,2024,광주시
승합(대형),우진산전,아폴로1200-S42,7000,4200,11200,2024년도 전기자동차 광주시 모델별 보조금,2024,광주시
승합(대형),우진산전,아폴로1200-B42,7000,4200,11200,2024년도 전기자동차 광주시 모델별 보조금,2024,광주시
승합(대형),우진산전,아폴로1200-B29,7000,4200,11200,2024년도 전기자동차 광주시 모델별 보조금,2024,광주시
승합(대형),우진산전,아폴로1200-S29,7000,4200,11200,2024년도 전기자동차 광주시 모델별 보조금,2024,광주시
승합(대형),우진산전,아폴로900 V2.0,6819,4090,10909,2024년도 전기자동차 광주시 모델별 보조금,2024,광주시
승합(대형),우진산전,아폴로1100 양문형,6459,3874,10333,2024년도 전기자동차 광주시 모델별 보조금,2024,광주시
승합(대형),피라인모터스,HYPERS1609N,5796,3476,9272,2024년도 전기자동차 광주시 모델별 보조금,2024,광주시
승합(대형),피라인모터스,HYPERS1611N,5440,3264,8704,2024년도 전기자동차 광주시 모델별 보조금,2024,광주시
승합(대형),피라인모터스,HYPERS1609HN,5755,3452,9207,2024년도 전기자동차 광주시 모델별 보조금,2024,광주시
승합(대형),피라인모터스,HYPERS1609N(25인승),5794,3476,9270,2024년도 전기자동차 광주시 모델별 보조금,2024,광주시
승합(대형),피라인모터스,HYPERS1609HN(25인승),5755,3452,9207,2024년도 전기자동차 광주시 모델별 보조금,2024,광주시
승합(대형),피라인모터스,HYPERS PRIME,7000,4200,11200,2024년도 전기자동차 광주시 모델별 보조금,2024,광주시
승합(대형),피라인모터스,HYPERS1609P(접이식),7000,4200,11200,2024년도 전기자동차 광주시 모델별 보조금,2024,광주시
승합(대형),피라인모터스,HYPERS1609P(힙레스트),7000,4200,11200,2024년도 전기자동차 광주시 모델별 보조금,2024,광주시
승합(대형),피라인모터스,HYPERS1609P(25인승 접이식),7000,4200,11200,2024년도 전기자동차 광주시 모델별 보조금,2024,광주시
승합(대형),피라인모터스,HYPERS1609P(25인승 힙레스트),7000,4200,11200,2024년도 전기자동차 광주시 모델별 보조금,2024,광주시
승합(대형),피라인모터스,HYPERS1611P(접이식),7000,4200,11200,2024년도 전기자동차 광주시 모델별 보조금,2024,광주시
승합(대형),피라인모터스,HYPERS1611P(힙레스트),7000,4200,11200,2024년도 전기자동차 광주시 모델별 보조금,2024,광주시
승합(대형),피라인모터스,HYPERS HP,7000,4200,11200,2024년도 전기자동차 광주시 모델별 보조금,2024,광주시
승합(대형),범한자동차,E-SKY11(350kWh),1980,1188,3168,2024년도 전기자동차 광주시 모델별 보조금,2024,광주시
승합(대형),범한자동차,E-SKY9(281kWh),1980,1188,3168,2024년도 전기자동차 광주시 모델별 보조금,2024,광주시
승합(대형),범한자동차,E-STAR8 V1,1719,1030,2749,2024년도 전기자동차 광주시 모델별 보조금,2024,광주시
승합(대형),범한자동차,E-STAR11,1980,1188,3168,2024년도 전기자동차 광주시 모델별 보조금,2024,광주시
승합(대형),범한자동차,E-STAR12i,2480,1486,3966,2024년도 전기자동차 광주시 모델별 보조금,2024,광주시
승합(대형),에스에이피,아이즘(IZM),1440,864,2304,2024년도 전기자동차 광주시 모델별 보조금,2024,광주시
승합(대형),에스에이피,엘페(ELFE),1889,1132,3021,2024년도 전기자동차 광주시 모델별 보조금,2024,광주시
승합(대형),에스에이피,리오네(LIONNE),1440,864,2304,2024년도 전기자동차 광주시 모델별 보조금,2024,광주시
승합(대형),에스에이피,네오포스(NEOFORCE),1440,864,2304,2024년도 전기자동차 광주시 모델별 보조금,2024,광주시
승합(대형),GS글로벌,NEW BYD eBus-12,2180,1308,3488,2024년도 전기자동차 광주시 모델별 보조금,2024,광주시
승합(대형),GS글로벌,BYD eBus9,2310,1386,3696,2024년도 전기자동차 광주시 모델별 보조금,2024,광주시
승합(대형),GS글로벌,BYD eBus11,3440,2064,5504,2024년도 전기자동차 광주시 모델별 보조금,2024,광주시
승합(대형),티에스에코에너지,일레누스(TS1100-1),5771,3462,9233,2024년도 전기자동차 광주시 모델별 보조금,2024,광주시
승합(대형),티에스에코에너지,일레누스(TS900-1),6914,4148,11062,2024년도 전기자동차 광주시 모델별 보조금,2024,광주시
승합(대형),이온모터스,시티라이트Ⅱ,2290,1374,3664,2024년도 전기자동차 광주시 모델별 보조금,2024,광주시
승합(대형),이온모터스,시티라이트9,2310,1386,3696,2024년도 전기자동차 광주시 모델별 보조금,2024,광주시
승합(대형),한차,GREENWAY1100A,5950,3570,9520,2024년도 전기자동차 광주시 모델별 보조금,2024,광주시
승합(대형),이엠코리아,에픽시티(LFP),2310,1386,3696,2024년도 전기자동차 광주시 모델별 보조금,2024,광주시
승합(대형),이엠코리아,에픽타운(LFP),2101,1260,3361,2024년도 전기자동차 광주시 모델별 보조금,2024,광주시
승합(대형),태영티엔티,GD11N,7000,4200,11200,2024년도 전기자동차 광주시 모델별 보조금,2024,광주시
승합(대형),재일홀딩스,그린타운400,1539,922,2461,2024년도 전기자동차 광주시 모델별 보조금,2024,광주시
승합(대형),아이버스,아이버스어린이운송차,5950,3570,9520,2024년도 전기자동차 광주시 모델별 보조금,2024,광주시
승합(중형),현대자동차,카운티 일렉트릭,3915,1879,5794,2024년도 전기자동차 양주시 모델별 보조금,2024,양주시
승합(중형),현대자동차,카운티 일렉트릭(마을버스),4000,1920,5920,2024년도 전기자동차 양주시 모델별 보조금,2024,양주시
승합(중형),이비온,"E6(JL618S), 어린이통학",1127,540,1667,2024년도 전기자동차 양주시 모델별 보조금,2024,양주시
승합(중형),GS글로벌,NEW BYD eBus-7,1007,0,1007,2024년도 전기자동차 양주시 모델별 보조금,2024,양주시
승합(중형),한차,GREENWAY720,4250,0,4250,2024년도 전기자동차 양주시 모델별 보조금,2024,양주시
승합(중형),테라팩토리,"테라밴키즈(2022), 어린이운송용14명",776,0,776,2024년도 전기자동차 양주시 모델별 보조금,2024,양주시
승합(중형),테라팩토리,"테라밴키즈11(2022), 어린이운송용11명",772,0,772,2024년도 전기자동차 양주시 모델별 보조금,2024,양주시
승합(중형),테라팩토리,테라밴,767,0,767,2024년도 전기자동차 양주시 모델별 보조금,2024,양주시
승합(중형),중원자동차,EV J1,1496,0,1496,2024년도 전기자동차 양주시 모델별 보조금,2024,양주시
승합(중형),쏠테로,트라베리-Y540E,1676,0,1676,2024년도 전기자동차 양주시 모델별 보조금,2024,양주시
승합(중형),쏠테로,트라베리-Y550E,1676,0,1676,2024년도 전기자동차 양주시 모델별 보조금,2024,양주시
승합(중형),쏠테로,트라베리-Y560E,1676,0,1676,2024년도 전기자동차 양주시 모델별 보조금,2024,양주시
승합(중형),리텍,e-CENTRO-K,2385,0,2385,2024년도 전기자동차 양주시 모델별 보조금,2024,양주시
승합(중형),에빅오토모티브코리아,세레온(어린이),5000,0,5000,2024년도 전기자동차 양주시 모델별 보조금,2024,양주시
승합(중형),에빅오토모티브코리아,세레온(마을),5000,0,5000,2024년도 전기자동차 양주시 모델별 보조금,2024,양주시
승합(대형),현대자동차,일렉시티 이층버스,11900,0,11900,2024년도 전기자동차 양주시 모델별 보조금,2024,양주시
승합(대형),현대자동차,일렉시티(3PACK),7000,4200,11200,2024년도 전기자동차 양주시 모델별 보조금,2024,양주시
승합(대형),현대자동차,일렉시티(4PACK V1),7000,4200,11200,2024년도 전기자동차 양주시 모델별 보조금,2024,양주시
승합(대형),현대자동차,일렉시티(4PACK V2),7000,4200,11200,2024년도 전기자동차 양주시 모델별 보조금,2024,양주시
승합(대형),현대자동차,일렉시티 타운,6859,4115,10974,2024년도 전기자동차 양주시 모델별 보조금,2024,양주시
승합(대형),케이지모빌리티커머셜,SMART 110(272kWh),3850,2310,6160,2024년도 전기자동차 양주시 모델별 보조금,2024,양주시
승합(대형),케이지모빌리티커머셜,SMART 110E(347kWh),5950,3570,9520,2024년도 전기자동차 양주시 모델별 보조금,2024,양주시
승합(대형),케이지모빌리티커머셜,SMART 110(260kWh),5724,3434,9158,2024년도 전기자동차 양주시 모델별 보조금,2024,양주시
승합(대형),케이지모빌리티커머셜,SMART 110E(260kWh),5950,3570,9520,2024년도 전기자동차 양주시 모델별 보조금,2024,양주시
승합(대형),케이지모빌리티커머셜,SMART 110(301kWh),7000,4200,11200,2024년도 전기자동차 양주시 모델별 보조금,2024,양주시
승합(대형),케이지모빌리티커머셜,KG C090,6916,0,6916,2024년도 전기자동차 양주시 모델별 보조금,2024,양주시
승합(대형),우진산전,아폴로900전기버스,4719,0,4719,2024년도 전기자동차 양주시 모델별 보조금,2024,양주시
승합(대형),우진산전,아폴로1100전기버스 23MY,7000,0,7000,2024년도 전기자동차 양주시 모델별 보조금,2024,양주시
승합(대형),우진산전,아폴로1200-B43,7000,0,7000,2024년도 전기자동차 양주시 모델별 보조금,2024,양주시
승합(대형),우진산전,아폴로1200-S42,7000,0,7000,2024년도 전기자동차 양주시 모델별 보조금,2024,양주시
승합(대형),우진산전,아폴로1200-B42,7000,0,7000,2024년도 전기자동차 양주시 모델별 보조금,2024,양주시
승합(대형),우진산전,아폴로1200-B29,7000,0,7000,2024년도 전기자동차 양주시 모델별 보조금,2024,양주시
승합(대형),우진산전,아폴로1200-S29,7000,0,7000,2024년도 전기자동차 양주시 모델별 보조금,2024,양주시
승합(대형),우진산전,아폴로900 V2.0,6819,0,6819,2024년도 전기자동차 양주시 모델별 보조금,2024,양주시
승합(대형),우진산전,아폴로1100 양문형,6459,0,6459,2024년도 전기자동차 양주시 모델별 보조금,2024,양주시
승합(대형),우진산전,아폴로1100 V2.0,7000,0,7000,2024년도 전기자동차 양주시 모델별 보조금,2024,양주시
승합(대형),피라인모터스,HYPERS1609N,5796,3477,9273,2024년도 전기자동차 양주시 모델별 보조금,2024,양주시
승합(대형),피라인모터스,HYPERS1611N,5440,3264,8704,2024년도 전기자동차 양주시 모델별 보조금,2024,양주시
승합(대형),피라인모터스,HYPERS1609HN,5755,3453,9208,2024년도 전기자동차 양주시 모델별 보조금,2024,양주시
승합(대형),피라인모터스,HYPERS1609N(25인승),5794,3476,9270,2024년도 전기자동차 양주시 모델별 보조금,2024,양주시
승합(대형),피라인모터스,HYPERS1609HN(25인승),5755,3453,9208,2024년도 전기자동차 양주시 모델별 보조금,2024,양주시
승합(대형),피라인모터스,HYPERS PRIME,7000,4200,11200,2024년도 전기자동차 양주시 모델별 보조금,2024,양주시
승합(대형),피라인모터스,HYPERS1609P(접이식),7000,4200,11200,2024년도 전기자동차 양주시 모델별 보조금,2024,양주시
승합(대형),피라인모터스,HYPERS1609P(힙레스트),7000,4200,11200,2024년도 전기자동차 양주시 모델별 보조금,2024,양주시
승합(대형),피라인모터스,HYPERS1609P(25인승 접이식),7000,4200,11200,2024년도 전기자동차 양주시 모델별 보조금,2024,양주시
승합(대형),피라인모터스,HYPERS1609P(25인승 힙레스트),7000,4200,11200,2024년도 전기자동차 양주시 모델별 보조금,2024,양주시
승합(대형),피라인모터스,HYPERS1611P(접이식),7000,4200,11200,2024년도 전기자동차 양주시 모델별 보조금,2024,양주시
승합(대형),피라인모터스,HYPERS1611P(힙레스트),7000,4200,11200,2024년도 전기자동차 양주시 모델별 보조금,2024,양주시
승합(대형),피라인모터스,HYPERS HP,7000,0,7000,2024년도 전기자동차 양주시 모델별 보조금,2024,양주시
승합(대형),범한자동차,E-SKY11(350kWh),1980,0,1980,2024년도 전기자동차 양주시 모델별 보조금,2024,양주시
승합(대형),범한자동차,E-SKY9(281kWh),1980,0,1980,2024년도 전기자동차 양주시 모델별 보조금,2024,양주시
승합(대형),범한자동차,E-STAR8 V1,1719,0,1719,2024년도 전기자동차 양주시 모델별 보조금,2024,양주시
승합(대형),범한자동차,E-STAR11,1980,0,1980,2024년도 전기자동차 양주시 모델별 보조금,2024,양주시
승합(대형),범한자동차,E-STAR12i,2480,0,2480,2024년도 전기자동차 양주시 모델별 보조금,2024,양주시
승합(대형),에스에이피,아이즘(IZM),1440,0,1440,2024년도 전기자동차 양주시 모델별 보조금,2024,양주시
승합(대형),에스에이피,엘페(ELFE),1889,0,1889,2024년도 전기자동차 양주시 모델별 보조금,2024,양주시
승합(대형),에스에이피,리오네(LIONNE),1440,0,1440,2024년도 전기자동차 양주시 모델별 보조금,2024,양주시
승합(대형),에스에이피,네오포스(NEOFORCE),1440,0,1440,2024년도 전기자동차 양주시 모델별 보조금,2024,양주시
승합(대형),GS글로벌,NEW BYD eBus-12,2180,0,2180,2024년도 전기자동차 양주시 모델별 보조금,2024,양주시
승합(대형),GS글로벌,BYD eBus9,2310,0,2310,2024년도 전기자동차 양주시 모델별 보조금,2024,양주시
승합(대형),GS글로벌,BYD eBus11,3440,0,3440,2024년도 전기자동차 양주시 모델별 보조금,2024,양주시
승합(대형),티에스에코에너지,일레누스(TS1100-1),5771,0,5771,2024년도 전기자동차 양주시 모델별 보조금,2024,양주시
승합(대형),티에스에코에너지,일레누스(TS900-1),6914,0,6914,2024년도 전기자동차 양주시 모델별 보조금,2024,양주시
승합(대형),이온모터스,시티라이트Ⅱ,2290,0,2290,2024년도 전기자동차 양주시 모델별 보조금,2024,양주시
승합(대형),이온모터스,시티라이트9,2310,0,2310,2024년도 전기자동차 양주시 모델별 보조금,2024,양주시
승합(대형),한차,GREENWAY1100A,5950,0,5950,2024년도 전기자동차 양주시 모델별 보조금,2024,양주시
승합(대형),이엠코리아,에픽시티(LFP),2310,0,2310,2024년도 전기자동차 양주시 모델별 보조금,2024,양주시
승합(대형),이엠코리아,에픽타운(LFP),2101,0,2101,2024년도 전기자동차 양주시 모델별 보조금,2024,양주시
승합(대형),이엠코리아,에픽시티(NCM),7000,0,7000,2024년도 전기자동차 양주시 모델별 보조금,2024,양주시
승합(대형),이엠코리아,에픽타운(NCM),6439,0,6439,2024년도 전기자동차 양주시 모델별 보조금,2024,양주시
승합(대형),태영티엔티,GD11N,7000,0,7000,2024년도 전기자동차 양주시 모델별 보조금,2024,양주시
승합(대형),재일홀딩스,그린타운400,1539,0,1539,2024년도 전기자동차 양주시 모델별 보조금,2024,양주시
승합(대형),아이버스,아이버스어린이운송차,5950,0,5950,2024년도 전기자동차 양주시 모델별 보조금,2024,양주시
승합(중형),현대자동차,카운티 일렉트릭,3915,2349,6264,2024년도 전기자동차 포천시 모델별 보조금,2024,포천시
승합(중형),현대자동차,카운티 일렉트릭(마을버스),4000,2400,6400,2024년도 전기자동차 포천시 모델별 보조금,2024,포천시
승합(중형),이비온,"E6(JL618S), 어린이통학",1127,676,1803,2024년도 전기자동차 포천시 모델별 보조금,2024,포천시
승합(중형),GS글로벌,NEW BYD eBus-7,1007,604,1611,2024년도 전기자동차 포천시 모델별 보조금,2024,포천시
승합(중형),한차,GREENWAY720,4250,2550,6800,2024년도 전기자동차 포천시 모델별 보조금,2024,포천시
승합(중형),테라팩토리,"테라밴키즈(2022), 어린이운송용14명",776,465,1241,2024년도 전기자동차 포천시 모델별 보조금,2024,포천시
승합(중형),테라팩토리,"테라밴키즈11(2022), 어린이운송용11명",772,463,1235,2024년도 전기자동차 포천시 모델별 보조금,2024,포천시
승합(중형),테라팩토리,테라밴,767,460,1227,2024년도 전기자동차 포천시 모델별 보조금,2024,포천시
승합(중형),중원자동차,EV J1,1496,897,2393,2024년도 전기자동차 포천시 모델별 보조금,2024,포천시
승합(중형),쏠테로,트라베리-Y540E,1676,1005,2681,2024년도 전기자동차 포천시 모델별 보조금,2024,포천시
승합(중형),쏠테로,트라베리-Y550E,1676,1005,2681,2024년도 전기자동차 포천시 모델별 보조금,2024,포천시
승합(중형),쏠테로,트라베리-Y560E,1676,1005,2681,2024년도 전기자동차 포천시 모델별 보조금,2024,포천시
승합(중형),리텍,e-CENTRO-K,2385,1431,3816,2024년도 전기자동차 포천시 모델별 보조금,2024,포천시
승합(대형),현대자동차,일렉시티 이층버스,11900,4200,16100,2024년도 전기자동차 포천시 모델별 보조금,2024,포천시
승합(대형),현대자동차,일렉시티(3PACK),7000,4200,11200,2024년도 전기자동차 포천시 모델별 보조금,2024,포천시
승합(대형),현대자동차,일렉시티(4PACK V1),7000,4200,11200,2024년도 전기자동차 포천시 모델별 보조금,2024,포천시
승합(대형),현대자동차,일렉시티(4PACK V2),7000,4200,11200,2024년도 전기자동차 포천시 모델별 보조금,2024,포천시
승합(대형),현대자동차,일렉시티 타운,6859,4115,10974,2024년도 전기자동차 포천시 모델별 보조금,2024,포천시
승합(대형),케이지모빌리티커머셜,SMART 110(272kWh),3850,2310,6160,2024년도 전기자동차 포천시 모델별 보조금,2024,포천시
승합(대형),케이지모빌리티커머셜,SMART 110E(347kWh),5950,3570,9520,2024년도 전기자동차 포천시 모델별 보조금,2024,포천시
승합(대형),케이지모빌리티커머셜,SMART 110(260kWh),5724,3434,9158,2024년도 전기자동차 포천시 모델별 보조금,2024,포천시
승합(대형),케이지모빌리티커머셜,SMART 110E(260kWh),5950,3570,9520,2024년도 전기자동차 포천시 모델별 보조금,2024,포천시
승합(대형),케이지모빌리티커머셜,SMART 110(301kWh),7000,4200,11200,2024년도 전기자동차 포천시 모델별 보조금,2024,포천시
승합(대형),우진산전,아폴로900전기버스,4719,2831,7550,2024년도 전기자동차 포천시 모델별 보조금,2024,포천시
승합(대형),우진산전,아폴로1100전기버스 23MY,7000,4200,11200,2024년도 전기자동차 포천시 모델별 보조금,2024,포천시
승합(대형),우진산전,아폴로1200-B43,7000,4200,11200,2024년도 전기자동차 포천시 모델별 보조금,2024,포천시
승합(대형),우진산전,아폴로1200-S42,7000,4200,11200,2024년도 전기자동차 포천시 모델별 보조금,2024,포천시
승합(대형),우진산전,아폴로1200-B42,7000,4200,11200,2024년도 전기자동차 포천시 모델별 보조금,2024,포천시
승합(대형),우진산전,아폴로1200-B29,7000,4200,11200,2024년도 전기자동차 포천시 모델별 보조금,2024,포천시
승합(대형),우진산전,아폴로1200-S29,7000,4200,11200,2024년도 전기자동차 포천시 모델별 보조금,2024,포천시
승합(대형),피라인모터스,HYPERS1609N,5796,3477,9273,2024년도 전기자동차 포천시 모델별 보조금,2024,포천시
승합(대형),피라인모터스,HYPERS1611N,5440,3264,8704,2024년도 전기자동차 포천시 모델별 보조금,2024,포천시
승합(대형),피라인모터스,HYPERS1609HN,5755,3453,9208,2024년도 전기자동차 포천시 모델별 보조금,2024,포천시
승합(대형),피라인모터스,HYPERS1609N(25인승),5794,3476,9270,2024년도 전기자동차 포천시 모델별 보조금,2024,포천시
승합(대형),피라인모터스,HYPERS1609HN(25인승),5755,3453,9208,2024년도 전기자동차 포천시 모델별 보조금,2024,포천시
승합(대형),피라인모터스,HYPERS PRIME,7000,4200,11200,2024년도 전기자동차 포천시 모델별 보조금,2024,포천시
승합(대형),피라인모터스,HYPERS1609P(접이식),7000,4200,11200,2024년도 전기자동차 포천시 모델별 보조금,2024,포천시
승합(대형),피라인모터스,HYPERS1609P(힙레스트),7000,4200,11200,2024년도 전기자동차 포천시 모델별 보조금,2024,포천시
승합(대형),피라인모터스,HYPERS1609P(25인승 접이식),7000,4200,11200,2024년도 전기자동차 포천시 모델별 보조금,2024,포천시
승합(대형),피라인모터스,HYPERS1609P(25인승 힙레스트),7000,4200,11200,2024년도 전기자동차 포천시 모델별 보조금,2024,포천시
승합(대형),피라인모터스,HYPERS1611P(접이식),7000,4200,11200,2024년도 전기자동차 포천시 모델별 보조금,2024,포천시
승합(대형),피라인모터스,HYPERS1611P(힙레스트),7000,4200,11200,2024년도 전기자동차 포천시 모델별 보조금,2024,포천시
승합(대형),피라인모터스,HYPERS HP,7000,4200,11200,2024년도 전기자동차 포천시 모델별 보조금,2024,포천시
승합(대형),범한자동차,E-SKY11(350kWh),1980,1188,3168,2024년도 전기자동차 포천시 모델별 보조금,2024,포천시
승합(대형),범한자동차,E-SKY9(281kWh),1980,1188,3168,2024년도 전기자동차 포천시 모델별 보조금,2024,포천시
승합(대형),범한자동차,E-STAR8 V1,1719,1031,2750,2024년도 전기자동차 포천시 모델별 보조금,2024,포천시
승합(대형),범한자동차,E-STAR11,1980,1188,3168,2024년도 전기자동차 포천시 모델별 보조금,2024,포천시
승합(대형),범한자동차,E-STAR12i,2480,1487,3967,2024년도 전기자동차 포천시 모델별 보조금,2024,포천시
승합(대형),에스에이피,아이즘(IZM),1440,864,2304,2024년도 전기자동차 포천시 모델별 보조금,2024,포천시
승합(대형),에스에이피,엘페(ELFE),1889,1133,3022,2024년도 전기자동차 포천시 모델별 보조금,2024,포천시
승합(대형),에스에이피,리오네(LIONNE),1440,864,2304,2024년도 전기자동차 포천시 모델별 보조금,2024,포천시
승합(대형),에스에이피,네오포스(NEOFORCE),1440,864,2304,2024년도 전기자동차 포천시 모델별 보조금,2024,포천시
승합(대형),GS글로벌,NEW BYD eBus-12,2180,1308,3488,2024년도 전기자동차 포천시 모델별 보조금,2024,포천시
승합(대형),GS글로벌,BYD eBus9,2310,1386,3696,2024년도 전기자동차 포천시 모델별 보조금,2024,포천시
승합(대형),GS글로벌,BYD eBus11,3440,2064,5504,2024년도 전기자동차 포천시 모델별 보조금,2024,포천시
승합(대형),티에스에코에너지,일레누스(TS1100-1),5771,3462,9233,2024년도 전기자동차 포천시 모델별 보조금,2024,포천시
승합(대형),티에스에코에너지,일레누스(TS900-1),6914,4148,11062,2024년도 전기자동차 포천시 모델별 보조금,2024,포천시
승합(대형),이온모터스,시티라이트Ⅱ,2290,1374,3664,2024년도 전기자동차 포천시 모델별 보조금,2024,포천시
승합(대형),이온모터스,시티라이트9,2310,1386,3696,2024년도 전기자동차 포천시 모델별 보조금,2024,포천시
승합(대형),한차,GREENWAY1100A,5950,3570,9520,2024년도 전기자동차 포천시 모델별 보조금,2024,포천시
승합(대형),이엠코리아,에픽시티(LFP),2310,1386,3696,2024년도 전기자동차 포천시 모델별 보조금,2024,포천시
승합(대형),이엠코리아,에픽타운(LFP),2101,1260,3361,2024년도 전기자동차 포천시 모델별 보조금,2024,포천시
승합(대형),태영티엔티,GD11N,7000,4200,11200,2024년도 전기자동차 포천시 모델별 보조금,2024,포천시
승합(대형),재일홀딩스,그린타운400,1539,923,2462,2024년도 전기자동차 포천시 모델별 보조금,2024,포천시
승합(중형),현대자동차,카운티 일렉트릭,3915,3288,7203,2024년도 전기자동차 여주시 모델별 보조금,2024,여주시
승합(중형),현대자동차,카운티 일렉트릭(마을버스),4000,3360,7360,2024년도 전기자동차 여주시 모델별 보조금,2024,여주시
승합(중형),이비온,"E6(JL618S), 어린이통학",1127,0,1127,2024년도 전기자동차 여주시 모델별 보조금,2024,여주시
승합(중형),GS글로벌,NEW BYD eBus-7,1007,0,1007,2024년도 전기자동차 여주시 모델별 보조금,2024,여주시
승합(중형),한차,GREENWAY720,4250,0,4250,2024년도 전기자동차 여주시 모델별 보조금,2024,여주시
승합(중형),테라팩토리,"테라밴키즈(2022), 어린이운송용14명",776,0,776,2024년도 전기자동차 여주시 모델별 보조금,2024,여주시
승합(중형),테라팩토리,"테라밴키즈11(2022), 어린이운송용11명",772,0,772,2024년도 전기자동차 여주시 모델별 보조금,2024,여주시
승합(중형),테라팩토리,테라밴,767,0,767,2024년도 전기자동차 여주시 모델별 보조금,2024,여주시
승합(중형),중원자동차,EV J1,1496,0,1496,2024년도 전기자동차 여주시 모델별 보조금,2024,여주시
승합(중형),쏠테로,트라베리-Y540E,1676,0,1676,2024년도 전기자동차 여주시 모델별 보조금,2024,여주시
승합(중형),쏠테로,트라베리-Y550E,1676,0,1676,2024년도 전기자동차 여주시 모델별 보조금,2024,여주시
승합(중형),쏠테로,트라베리-Y560E,1676,0,1676,2024년도 전기자동차 여주시 모델별 보조금,2024,여주시
승합(중형),리텍,e-CENTRO-K,2385,0,2385,2024년도 전기자동차 여주시 모델별 보조금,2024,여주시
승합(중형),에빅오토모티브코리아,세레온(어린이),5000,0,5000,2024년도 전기자동차 여주시 모델별 보조금,2024,여주시
승합(중형),에빅오토모티브코리아,세레온(마을),5000,0,5000,2024년도 전기자동차 여주시 모델별 보조금,2024,여주시
승합(대형),현대자동차,일렉시티 이층버스,11900,4200,16100,2024년도 전기자동차 여주시 모델별 보조금,2024,여주시
승합(대형),현대자동차,일렉시티(3PACK),7000,4200,11200,2024년도 전기자동차 여주시 모델별 보조금,2024,여주시
승합(대형),현대자동차,일렉시티(4PACK V1),7000,4200,11200,2024년도 전기자동차 여주시 모델별 보조금,2024,여주시
승합(대형),현대자동차,일렉시티(4PACK V2),7000,4200,11200,2024년도 전기자동차 여주시 모델별 보조금,2024,여주시
승합(대형),현대자동차,일렉시티 타운,6859,4115,10974,2024년도 전기자동차 여주시 모델별 보조금,2024,여주시
승합(대형),케이지모빌리티커머셜,SMART 110(272kWh),3850,0,3850,2024년도 전기자동차 여주시 모델별 보조금,2024,여주시
승합(대형),케이지모빌리티커머셜,SMART 110E(347kWh),5950,0,5950,2024년도 전기자동차 여주시 모델별 보조금,2024,여주시
승합(대형),케이지모빌리티커머셜,SMART 110(260kWh),5724,0,5724,2024년도 전기자동차 여주시 모델별 보조금,2024,여주시
승합(대형),케이지모빌리티커머셜,SMART 110E(260kWh),5950,0,5950,2024년도 전기자동차 여주시 모델별 보조금,2024,여주시
승합(대형),케이지모빌리티커머셜,SMART 110(301kWh),7000,0,7000,2024년도 전기자동차 여주시 모델별 보조금,2024,여주시
승합(대형),케이지모빌리티커머셜,KG C090,6916,0,6916,2024년도 전기자동차 여주시 모델별 보조금,2024,여주시
승합(대형),우진산전,아폴로900전기버스,4719,0,4719,2024년도 전기자동차 여주시 모델별 보조금,2024,여주시
승합(대형),우진산전,아폴로1100전기버스 23MY,7000,0,7000,2024년도 전기자동차 여주시 모델별 보조금,2024,여주시
승합(대형),우진산전,아폴로1200-B43,7000,0,7000,2024년도 전기자동차 여주시 모델별 보조금,2024,여주시
승합(대형),우진산전,아폴로1200-S42,7000,0,7000,2024년도 전기자동차 여주시 모델별 보조금,2024,여주시
승합(대형),우진산전,아폴로1200-B42,7000,0,7000,2024년도 전기자동차 여주시 모델별 보조금,2024,여주시
승합(대형),우진산전,아폴로1200-B29,7000,0,7000,2024년도 전기자동차 여주시 모델별 보조금,2024,여주시
승합(대형),우진산전,아폴로1200-S29,7000,0,7000,2024년도 전기자동차 여주시 모델별 보조금,2024,여주시
승합(대형),우진산전,아폴로900 V2.0,6819,0,6819,2024년도 전기자동차 여주시 모델별 보조금,2024,여주시
승합(대형),우진산전,아폴로1100 양문형,6459,0,6459,2024년도 전기자동차 여주시 모델별 보조금,2024,여주시
승합(대형),우진산전,아폴로1100 V2.0,7000,0,7000,2024년도 전기자동차 여주시 모델별 보조금,2024,여주시
승합(대형),피라인모터스,HYPERS1609N,5796,0,5796,2024년도 전기자동차 여주시 모델별 보조금,2024,여주시
승합(대형),피라인모터스,HYPERS1611N,5440,0,5440,2024년도 전기자동차 여주시 모델별 보조금,2024,여주시
승합(대형),피라인모터스,HYPERS1609HN,5755,0,5755,2024년도 전기자동차 여주시 모델별 보조금,2024,여주시
승합(대형),피라인모터스,HYPERS1609N(25인승),5794,0,5794,2024년도 전기자동차 여주시 모델별 보조금,2024,여주시
승합(대형),피라인모터스,HYPERS1609HN(25인승),5755,0,5755,2024년도 전기자동차 여주시 모델별 보조금,2024,여주시
승합(대형),피라인모터스,HYPERS PRIME,7000,0,7000,2024년도 전기자동차 여주시 모델별 보조금,2024,여주시
승합(대형),피라인모터스,HYPERS1609P(접이식),7000,0,7000,2024년도 전기자동차 여주시 모델별 보조금,2024,여주시
승합(대형),피라인모터스,HYPERS1609P(힙레스트),7000,0,7000,2024년도 전기자동차 여주시 모델별 보조금,2024,여주시
승합(대형),피라인모터스,HYPERS1609P(25인승 접이식),7000,0,7000,2024년도 전기자동차 여주시 모델별 보조금,2024,여주시
승합(대형),피라인모터스,HYPERS1609P(25인승 힙레스트),7000,0,7000,2024년도 전기자동차 여주시 모델별 보조금,2024,여주시
승합(대형),피라인모터스,HYPERS1611P(접이식),7000,0,7000,2024년도 전기자동차 여주시 모델별 보조금,2024,여주시
승합(대형),피라인모터스,HYPERS1611P(힙레스트),7000,0,7000,2024년도 전기자동차 여주시 모델별 보조금,2024,여주시
승합(대형),피라인모터스,HYPERS HP,7000,0,7000,2024년도 전기자동차 여주시 모델별 보조금,2024,여주시
승합(대형),범한자동차,E-SKY11(350kWh),1980,0,1980,2024년도 전기자동차 여주시 모델별 보조금,2024,여주시
승합(대형),범한자동차,E-SKY9(281kWh),1980,0,1980,2024년도 전기자동차 여주시 모델별 보조금,2024,여주시
승합(대형),범한자동차,E-STAR8 V1,1719,0,1719,2024년도 전기자동차 여주시 모델별 보조금,2024,여주시
승합(대형),범한자동차,E-STAR11,1980,0,1980,2024년도 전기자동차 여주시 모델별 보조금,2024,여주시
승합(대형),범한자동차,E-STAR12i,2480,0,2480,2024년도 전기자동차 여주시 모델별 보조금,2024,여주시
승합(대형),에스에이피,아이즘(IZM),1440,0,1440,2024년도 전기자동차 여주시 모델별 보조금,2024,여주시
승합(대형),에스에이피,엘페(ELFE),1889,0,1889,2024년도 전기자동차 여주시 모델별 보조금,2024,여주시
승합(대형),에스에이피,리오네(LIONNE),1440,0,1440,2024년도 전기자동차 여주시 모델별 보조금,2024,여주시
승합(대형),에스에이피,네오포스(NEOFORCE),1440,0,1440,2024년도 전기자동차 여주시 모델별 보조금,2024,여주시
승합(대형),GS글로벌,NEW BYD eBus-12,2180,0,2180,2024년도 전기자동차 여주시 모델별 보조금,2024,여주시
승합(대형),GS글로벌,BYD eBus9,2310,0,2310,2024년도 전기자동차 여주시 모델별 보조금,2024,여주시
승합(대형),GS글로벌,BYD eBus11,3440,0,3440,2024년도 전기자동차 여주시 모델별 보조금,2024,여주시
승합(대형),티에스에코에너지,일레누스(TS1100-1),5771,0,5771,2024년도 전기자동차 여주시 모델별 보조금,2024,여주시
승합(대형),티에스에코에너지,일레누스(TS900-1),6914,0,6914,2024년도 전기자동차 여주시 모델별 보조금,2024,여주시
승합(대형),이온모터스,시티라이트Ⅱ,2290,0,2290,2024년도 전기자동차 여주시 모델별 보조금,2024,여주시
승합(대형),이온모터스,시티라이트9,2310,0,2310,2024년도 전기자동차 여주시 모델별 보조금,2024,여주시
승합(대형),한차,GREENWAY1100A,5950,0,5950,2024년도 전기자동차 여주시 모델별 보조금,2024,여주시
승합(대형),이엠코리아,에픽시티(LFP),2310,1386,3696,2024년도 전기자동차 여주시 모델별 보조금,2024,여주시
승합(대형),이엠코리아,에픽타운(LFP),2101,1260,3361,2024년도 전기자동차 여주시 모델별 보조금,2024,여주시
승합(대형),이엠코리아,에픽시티(NCM),7000,4200,11200,2024년도 전기자동차 여주시 모델별 보조금,2024,여주시
승합(대형),이엠코리아,에픽타운(NCM),6439,3863,10302,2024년도 전기자동차 여주시 모델별 보조금,2024,여주시
승합(대형),태영티엔티,GD11N,7000,0,7000,2024년도 전기자동차 여주시 모델별 보조금,2024,여주시
승합(대형),재일홀딩스,그린타운400,1539,0,1539,2024년도 전기자동차 여주시 모델별 보조금,2024,여주시
승합(대형),아이버스,아이버스어린이운송차,5950,0,5950,2024년도 전기자동차 여주시 모델별 보조금,2024,여주시
승합(중형),현대자동차,카운티 일렉트릭,3915,3288,7203,2024년도 전기자동차 연천군 모델별 보조금,2024,연천군
승합(중형),현대자동차,카운티 일렉트릭(마을버스),4000,3360,7360,2024년도 전기자동차 연천군 모델별 보조금,2024,연천군
승합(중형),이비온,"E6(JL618S), 어린이통학",1127,946,2073,2024년도 전기자동차 연천군 모델별 보조금,2024,연천군
승합(중형),GS글로벌,NEW BYD eBus-7,1007,845,1852,2024년도 전기자동차 연천군 모델별 보조금,2024,연천군
승합(중형),한차,GREENWAY720,4250,3570,7820,2024년도 전기자동차 연천군 모델별 보조금,2024,연천군
승합(중형),테라팩토리,"테라밴키즈(2022), 어린이운송용14명",776,651,1427,2024년도 전기자동차 연천군 모델별 보조금,2024,연천군
승합(중형),테라팩토리,"테라밴키즈11(2022), 어린이운송용11명",772,648,1420,2024년도 전기자동차 연천군 모델별 보조금,2024,연천군
승합(중형),테라팩토리,테라밴,767,644,1411,2024년도 전기자동차 연천군 모델별 보조금,2024,연천군
승합(중형),중원자동차,EV J1,1496,1256,2752,2024년도 전기자동차 연천군 모델별 보조금,2024,연천군
승합(중형),쏠테로,트라베리-Y540E,1676,0,1676,2024년도 전기자동차 연천군 모델별 보조금,2024,연천군
승합(중형),쏠테로,트라베리-Y550E,1676,0,1676,2024년도 전기자동차 연천군 모델별 보조금,2024,연천군
승합(중형),쏠테로,트라베리-Y560E,1676,0,1676,2024년도 전기자동차 연천군 모델별 보조금,2024,연천군
승합(대형),현대자동차,일렉시티 이층버스,11900,4200,16100,2024년도 전기자동차 연천군 모델별 보조금,2024,연천군
승합(대형),현대자동차,일렉시티(3PACK),7000,4200,11200,2024년도 전기자동차 연천군 모델별 보조금,2024,연천군
승합(대형),현대자동차,일렉시티(4PACK V1),7000,4200,11200,2024년도 전기자동차 연천군 모델별 보조금,2024,연천군
승합(대형),현대자동차,일렉시티(4PACK V2),7000,4200,11200,2024년도 전기자동차 연천군 모델별 보조금,2024,연천군
승합(대형),현대자동차,일렉시티 타운,6859,4115,10974,2024년도 전기자동차 연천군 모델별 보조금,2024,연천군
승합(대형),케이지모빌리티커머셜,SMART 110(272kWh),3850,2310,6160,2024년도 전기자동차 연천군 모델별 보조금,2024,연천군
승합(대형),케이지모빌리티커머셜,SMART 110E(347kWh),5950,3570,9520,2024년도 전기자동차 연천군 모델별 보조금,2024,연천군
승합(대형),케이지모빌리티커머셜,SMART 110(260kWh),5724,3434,9158,2024년도 전기자동차 연천군 모델별 보조금,2024,연천군
승합(대형),케이지모빌리티커머셜,SMART 110E(260kWh),5950,3570,9520,2024년도 전기자동차 연천군 모델별 보조금,2024,연천군
승합(대형),케이지모빌리티커머셜,SMART 110(301kWh),7000,4200,11200,2024년도 전기자동차 연천군 모델별 보조금,2024,연천군
승합(대형),우진산전,아폴로900전기버스,4719,2831,7550,2024년도 전기자동차 연천군 모델별 보조금,2024,연천군
승합(대형),우진산전,아폴로1100전기버스 23MY,7000,4200,11200,2024년도 전기자동차 연천군 모델별 보조금,2024,연천군
승합(대형),우진산전,아폴로1200-B43,7000,4200,11200,2024년도 전기자동차 연천군 모델별 보조금,2024,연천군
승합(대형),우진산전,아폴로1200-S42,7000,4200,11200,2024년도 전기자동차 연천군 모델별 보조금,2024,연천군
승합(대형),우진산전,아폴로1200-B42,7000,4200,11200,2024년도 전기자동차 연천군 모델별 보조금,2024,연천군
승합(대형),우진산전,아폴로1200-B29,7000,4200,11200,2024년도 전기자동차 연천군 모델별 보조금,2024,연천군
승합(대형),우진산전,아폴로1200-S29,7000,4200,11200,2024년도 전기자동차 연천군 모델별 보조금,2024,연천군
승합(대형),피라인모터스,HYPERS1609N,5796,3477,9273,2024년도 전기자동차 연천군 모델별 보조금,2024,연천군
승합(대형),피라인모터스,HYPERS1611N,5440,3264,8704,2024년도 전기자동차 연천군 모델별 보조금,2024,연천군
승합(대형),피라인모터스,HYPERS1609HN,5755,3453,9208,2024년도 전기자동차 연천군 모델별 보조금,2024,연천군
승합(대형),피라인모터스,HYPERS1609N(25인승),5794,3476,9270,2024년도 전기자동차 연천군 모델별 보조금,2024,연천군
승합(대형),피라인모터스,HYPERS1609HN(25인승),5755,3453,9208,2024년도 전기자동차 연천군 모델별 보조금,2024,연천군
승합(대형),피라인모터스,HYPERS PRIME,7000,0,7000,2024년도 전기자동차 연천군 모델별 보조금,2024,연천군
승합(대형),피라인모터스,HYPERS1609P(접이식),7000,0,7000,2024년도 전기자동차 연천군 모델별 보조금,2024,연천군
승합(대형),피라인모터스,HYPERS1609P(힙레스트),7000,0,7000,2024년도 전기자동차 연천군 모델별 보조금,2024,연천군
승합(대형),피라인모터스,HYPERS1609P(25인승 접이식),7000,0,7000,2024년도 전기자동차 연천군 모델별 보조금,2024,연천군
승합(대형),피라인모터스,HYPERS1609P(25인승 힙레스트),7000,0,7000,2024년도 전기자동차 연천군 모델별 보조금,2024,연천군
승합(대형),피라인모터스,HYPERS1611P(접이식),7000,0,7000,2024년도 전기자동차 연천군 모델별 보조금,2024,연천군
승합(대형),피라인모터스,HYPERS1611P(힙레스트),7000,0,7000,2024년도 전기자동차 연천군 모델별 보조금,2024,연천군
승합(대형),범한자동차,E-SKY11(350kWh),1980,0,1980,2024년도 전기자동차 연천군 모델별 보조금,2024,연천군
승합(대형),범한자동차,E-SKY9(281kWh),1980,0,1980,2024년도 전기자동차 연천군 모델별 보조금,2024,연천군
승합(대형),범한자동차,E-STAR8 V1,1719,0,1719,2024년도 전기자동차 연천군 모델별 보조금,2024,연천군
승합(대형),범한자동차,E-STAR11,1980,0,1980,2024년도 전기자동차 연천군 모델별 보조금,2024,연천군
승합(대형),범한자동차,E-STAR12i,2480,0,2480,2024년도 전기자동차 연천군 모델별 보조금,2024,연천군
승합(대형),에스에이피,아이즘(IZM),1440,0,1440,2024년도 전기자동차 연천군 모델별 보조금,2024,연천군
승합(대형),에스에이피,엘페(ELFE),1889,0,1889,2024년도 전기자동차 연천군 모델별 보조금,2024,연천군
승합(대형),에스에이피,리오네(LIONNE),1440,0,1440,2024년도 전기자동차 연천군 모델별 보조금,2024,연천군
승합(대형),에스에이피,네오포스(NEOFORCE),1440,0,1440,2024년도 전기자동차 연천군 모델별 보조금,2024,연천군
승합(대형),GS글로벌,NEW BYD eBus-12,2180,1308,3488,2024년도 전기자동차 연천군 모델별 보조금,2024,연천군
승합(대형),GS글로벌,BYD eBus9,2310,1386,3696,2024년도 전기자동차 연천군 모델별 보조금,2024,연천군
승합(대형),티에스에코에너지,일레누스(TS1100-1),5771,0,5771,2024년도 전기자동차 연천군 모델별 보조금,2024,연천군
승합(대형),티에스에코에너지,일레누스(TS900-1),6914,0,6914,2024년도 전기자동차 연천군 모델별 보조금,2024,연천군
승합(대형),이온모터스,시티라이트Ⅱ,2290,0,2290,2024년도 전기자동차 연천군 모델별 보조금,2024,연천군
승합(대형),이온모터스,시티라이트9,2310,1386,3696,2024년도 전기자동차 연천군 모델별 보조금,2024,연천군
승합(대형),한차,GREENWAY1100A,5950,3570,9520,2024년도 전기자동차 연천군 모델별 보조금,2024,연천군
승합(대형),이엠코리아,에픽시티(LFP),2310,0,2310,2024년도 전기자동차 연천군 모델별 보조금,2024,연천군
승합(대형),이엠코리아,에픽타운(LFP),2101,0,2101,2024년도 전기자동차 연천군 모델별 보조금,2024,연천군
승합(대형),재일홀딩스,그린타운400,1539,0,1539,2024년도 전기자동차 연천군 모델별 보조금,2024,연천군
승합(중형),현대자동차,카운티 일렉트릭,3915,2348,6263,2024년도 전기자동차 가평군 모델별 보조금,2024,가평군
승합(중형),현대자동차,카운티 일렉트릭(마을버스),4000,2400,6400,2024년도 전기자동차 가평군 모델별 보조금,2024,가평군
승합(중형),이비온,"E6(JL618S), 어린이통학",1127,0,1127,2024년도 전기자동차 가평군 모델별 보조금,2024,가평군
승합(중형),GS글로벌,NEW BYD eBus-7,1007,0,1007,2024년도 전기자동차 가평군 모델별 보조금,2024,가평군
승합(중형),한차,GREENWAY720,4250,0,4250,2024년도 전기자동차 가평군 모델별 보조금,2024,가평군
승합(중형),테라팩토리,"테라밴키즈(2022), 어린이운송용14명",776,0,776,2024년도 전기자동차 가평군 모델별 보조금,2024,가평군
승합(중형),테라팩토리,"테라밴키즈11(2022), 어린이운송용11명",772,0,772,2024년도 전기자동차 가평군 모델별 보조금,2024,가평군
승합(중형),테라팩토리,테라밴,767,0,767,2024년도 전기자동차 가평군 모델별 보조금,2024,가평군
승합(중형),중원자동차,EV J1,1496,0,1496,2024년도 전기자동차 가평군 모델별 보조금,2024,가평군
승합(중형),쏠테로,트라베리-Y540E,1676,0,1676,2024년도 전기자동차 가평군 모델별 보조금,2024,가평군
승합(중형),쏠테로,트라베리-Y550E,1676,0,1676,2024년도 전기자동차 가평군 모델별 보조금,2024,가평군
승합(중형),쏠테로,트라베리-Y560E,1676,0,1676,2024년도 전기자동차 가평군 모델별 보조금,2024,가평군
승합(대형),현대자동차,일렉시티 이층버스,11900,0,11900,2024년도 전기자동차 가평군 모델별 보조금,2024,가평군
승합(대형),현대자동차,일렉시티(3PACK),7000,4200,11200,2024년도 전기자동차 가평군 모델별 보조금,2024,가평군
승합(대형),현대자동차,일렉시티(4PACK V1),7000,4200,11200,2024년도 전기자동차 가평군 모델별 보조금,2024,가평군
승합(대형),현대자동차,일렉시티(4PACK V2),7000,4200,11200,2024년도 전기자동차 가평군 모델별 보조금,2024,가평군
승합(대형),현대자동차,일렉시티 타운,6859,4114,10973,2024년도 전기자동차 가평군 모델별 보조금,2024,가평군
승합(대형),케이지모빌리티커머셜,SMART 110(272kWh),3850,0,3850,2024년도 전기자동차 가평군 모델별 보조금,2024,가평군
승합(대형),케이지모빌리티커머셜,SMART 110E(347kWh),5950,0,5950,2024년도 전기자동차 가평군 모델별 보조금,2024,가평군
승합(대형),케이지모빌리티커머셜,SMART 110(260kWh),5724,0,5724,2024년도 전기자동차 가평군 모델별 보조금,2024,가평군
승합(대형),케이지모빌리티커머셜,SMART 110E(260kWh),5950,0,5950,2024년도 전기자동차 가평군 모델별 보조금,2024,가평군
승합(대형),케이지모빌리티커머셜,SMART 110(301kWh),7000,0,7000,2024년도 전기자동차 가평군 모델별 보조금,2024,가평군
승합(대형),우진산전,아폴로900전기버스,4719,0,4719,2024년도 전기자동차 가평군 모델별 보조금,2024,가평군
승합(대형),우진산전,아폴로1100전기버스 23MY,7000,0,7000,2024년도 전기자동차 가평군 모델별 보조금,2024,가평군
승합(대형),우진산전,아폴로1200-B43,7000,0,7000,2024년도 전기자동차 가평군 모델별 보조금,2024,가평군
승합(대형),우진산전,아폴로1200-S42,7000,0,7000,2024년도 전기자동차 가평군 모델별 보조금,2024,가평군
승합(대형),우진산전,아폴로1200-B42,7000,0,7000,2024년도 전기자동차 가평군 모델별 보조금,2024,가평군
승합(대형),우진산전,아폴로1200-B29,7000,0,7000,2024년도 전기자동차 가평군 모델별 보조금,2024,가평군
승합(대형),우진산전,아폴로1200-S29,7000,0,7000,2024년도 전기자동차 가평군 모델별 보조금,2024,가평군
승합(대형),피라인모터스,HYPERS1609N,5796,0,5796,2024년도 전기자동차 가평군 모델별 보조금,2024,가평군
승합(대형),피라인모터스,HYPERS1611N,5440,0,5440,2024년도 전기자동차 가평군 모델별 보조금,2024,가평군
승합(대형),피라인모터스,HYPERS1609HN,5755,0,5755,2024년도 전기자동차 가평군 모델별 보조금,2024,가평군
승합(대형),피라인모터스,HYPERS1609N(25인승),5794,0,5794,2024년도 전기자동차 가평군 모델별 보조금,2024,가평군
승합(대형),피라인모터스,HYPERS1609HN(25인승),5755,0,5755,2024년도 전기자동차 가평군 모델별 보조금,2024,가평군
승합(대형),피라인모터스,HYPERS PRIME,7000,0,7000,2024년도 전기자동차 가평군 모델별 보조금,2024,가평군
승합(대형),피라인모터스,HYPERS1609P(접이식),7000,0,7000,2024년도 전기자동차 가평군 모델별 보조금,2024,가평군
승합(대형),피라인모터스,HYPERS1609P(힙레스트),7000,0,7000,2024년도 전기자동차 가평군 모델별 보조금,2024,가평군
승합(대형),피라인모터스,HYPERS1609P(25인승 접이식),7000,0,7000,2024년도 전기자동차 가평군 모델별 보조금,2024,가평군
승합(대형),피라인모터스,HYPERS1609P(25인승 힙레스트),7000,0,7000,2024년도 전기자동차 가평군 모델별 보조금,2024,가평군
승합(대형),피라인모터스,HYPERS1611P(접이식),7000,0,7000,2024년도 전기자동차 가평군 모델별 보조금,2024,가평군
승합(대형),피라인모터스,HYPERS1611P(힙레스트),7000,0,7000,2024년도 전기자동차 가평군 모델별 보조금,2024,가평군
승합(대형),범한자동차,E-SKY11(350kWh),1980,0,1980,2024년도 전기자동차 가평군 모델별 보조금,2024,가평군
승합(대형),범한자동차,E-SKY9(281kWh),1980,0,1980,2024년도 전기자동차 가평군 모델별 보조금,2024,가평군
승합(대형),범한자동차,E-STAR8 V1,1719,0,1719,2024년도 전기자동차 가평군 모델별 보조금,2024,가평군
승합(대형),범한자동차,E-STAR11,1980,0,1980,2024년도 전기자동차 가평군 모델별 보조금,2024,가평군
승합(대형),범한자동차,E-STAR12i,2480,0,2480,2024년도 전기자동차 가평군 모델별 보조금,2024,가평군
승합(대형),에스에이피,아이즘(IZM),1440,0,1440,2024년도 전기자동차 가평군 모델별 보조금,2024,가평군
승합(대형),에스에이피,엘페(ELFE),1889,0,1889,2024년도 전기자동차 가평군 모델별 보조금,2024,가평군
승합(대형),에스에이피,리오네(LIONNE),1440,0,1440,2024년도 전기자동차 가평군 모델별 보조금,2024,가평군
승합(대형),에스에이피,네오포스(NEOFORCE),1440,0,1440,2024년도 전기자동차 가평군 모델별 보조금,2024,가평군
승합(대형),GS글로벌,NEW BYD eBus-12,2180,0,2180,2024년도 전기자동차 가평군 모델별 보조금,2024,가평군
승합(대형),GS글로벌,BYD eBus9,2310,0,2310,2024년도 전기자동차 가평군 모델별 보조금,2024,가평군
승합(대형),티에스에코에너지,일레누스(TS1100-1),5771,0,5771,2024년도 전기자동차 가평군 모델별 보조금,2024,가평군
승합(대형),티에스에코에너지,일레누스(TS900-1),6914,0,6914,2024년도 전기자동차 가평군 모델별 보조금,2024,가평군
승합(대형),이온모터스,시티라이트Ⅱ,2290,0,2290,2024년도 전기자동차 가평군 모델별 보조금,2024,가평군
승합(대형),이온모터스,시티라이트9,2310,0,2310,2024년도 전기자동차 가평군 모델별 보조금,2024,가평군
승합(대형),한차,GREENWAY1100A,5950,0,5950,2024년도 전기자동차 가평군 모델별 보조금,2024,가평군
승합(대형),이엠코리아,에픽시티(LFP),2310,0,2310,2024년도 전기자동차 가평군 모델별 보조금,2024,가평군
승합(대형),이엠코리아,에픽타운(LFP),2101,0,2101,2024년도 전기자동차 가평군 모델별 보조금,2024,가평군
승합(대형),재일홀딩스,그린타운400,1539,0,1539,2024년도 전기자동차 가평군 모델별 보조금,2024,가평군
모델별 지방비 자료가 없습니다.,모델별 지방비 자료가 없습니다.,모델별 지방비 자료가 없습니다.,모델별 지방비 자료가 없습니다.,모델별 지방비 자료가 없습니다.,모델별 지방비 자료가 없습니다.,2024년도 전기자동차 양평군 모델별 보조금,2024,양평군
승합(중형),현대자동차,카운티 일렉트릭,3915,2505,6420,2024년도 전기자동차 춘천시 모델별 보조금,2024,춘천시
승합(중형),현대자동차,카운티 일렉트릭(마을버스),4000,2560,6560,2024년도 전기자동차 춘천시 모델별 보조금,2024,춘천시
승합(중형),이비온,"E6(JL618S), 어린이통학",1127,721,1848,2024년도 전기자동차 춘천시 모델별 보조금,2024,춘천시
승합(중형),GS글로벌,NEW BYD eBus-7,1007,644,1651,2024년도 전기자동차 춘천시 모델별 보조금,2024,춘천시
승합(중형),GS글로벌,BYD eBus7,2100,1343,3443,2024년도 전기자동차 춘천시 모델별 보조금,2024,춘천시
승합(중형),한차,GREENWAY720,4250,2720,6970,2024년도 전기자동차 춘천시 모델별 보조금,2024,춘천시
승합(중형),테라팩토리,"테라밴키즈(2022), 어린이운송용14명",776,496,1272,2024년도 전기자동차 춘천시 모델별 보조금,2024,춘천시
승합(중형),테라팩토리,"테라밴키즈11(2022), 어린이운송용11명",772,494,1266,2024년도 전기자동차 춘천시 모델별 보조금,2024,춘천시
승합(중형),테라팩토리,테라밴,767,490,1257,2024년도 전기자동차 춘천시 모델별 보조금,2024,춘천시
승합(중형),중원자동차,EV J1,1496,957,2453,2024년도 전기자동차 춘천시 모델별 보조금,2024,춘천시
승합(중형),쏠테로,트라베리-Y540E,1676,1072,2748,2024년도 전기자동차 춘천시 모델별 보조금,2024,춘천시
승합(중형),쏠테로,트라베리-Y550E,1676,1072,2748,2024년도 전기자동차 춘천시 모델별 보조금,2024,춘천시
승합(중형),쏠테로,트라베리-Y560E,1676,1072,2748,2024년도 전기자동차 춘천시 모델별 보조금,2024,춘천시
승합(중형),리텍,e-CENTRO-K,2385,1907,4292,2024년도 전기자동차 춘천시 모델별 보조금,2024,춘천시
승합(중형),에빅오토모티브코리아,세레온(어린이),5000,3200,8200,2024년도 전기자동차 춘천시 모델별 보조금,2024,춘천시
승합(중형),에빅오토모티브코리아,세레온(마을),5000,3200,8200,2024년도 전기자동차 춘천시 모델별 보조금,2024,춘천시
승합(대형),현대자동차,일렉시티 이층버스,11900,0,11900,2024년도 전기자동차 춘천시 모델별 보조금,2024,춘천시
승합(대형),현대자동차,일렉시티(3PACK),7000,5600,12600,2024년도 전기자동차 춘천시 모델별 보조금,2024,춘천시
승합(대형),현대자동차,일렉시티(4PACK V1),7000,5600,12600,2024년도 전기자동차 춘천시 모델별 보조금,2024,춘천시
승합(대형),현대자동차,일렉시티(4PACK V2),7000,0,7000,2024년도 전기자동차 춘천시 모델별 보조금,2024,춘천시
승합(대형),현대자동차,일렉시티 타운,6859,5487,12346,2024년도 전기자동차 춘천시 모델별 보조금,2024,춘천시
승합(대형),케이지모빌리티커머셜,SMART 110(272kWh),3850,3080,6930,2024년도 전기자동차 춘천시 모델별 보조금,2024,춘천시
승합(대형),케이지모빌리티커머셜,SMART 110E(347kWh),5950,4760,10710,2024년도 전기자동차 춘천시 모델별 보조금,2024,춘천시
승합(대형),케이지모빌리티커머셜,SMART 110(260kWh),5724,4579,10303,2024년도 전기자동차 춘천시 모델별 보조금,2024,춘천시
승합(대형),케이지모빌리티커머셜,SMART 110E(260kWh),5950,4760,10710,2024년도 전기자동차 춘천시 모델별 보조금,2024,춘천시
승합(대형),케이지모빌리티커머셜,SMART 110(301kWh),7000,5600,12600,2024년도 전기자동차 춘천시 모델별 보조금,2024,춘천시
승합(대형),케이지모빌리티커머셜,KG C090,6916,0,6916,2024년도 전기자동차 춘천시 모델별 보조금,2024,춘천시
승합(대형),우진산전,아폴로900전기버스,4719,3775,8494,2024년도 전기자동차 춘천시 모델별 보조금,2024,춘천시
승합(대형),우진산전,아폴로1100전기버스 23MY,7000,5600,12600,2024년도 전기자동차 춘천시 모델별 보조금,2024,춘천시
승합(대형),우진산전,아폴로1200-B43,7000,5600,12600,2024년도 전기자동차 춘천시 모델별 보조금,2024,춘천시
승합(대형),우진산전,아폴로1200-S42,7000,5600,12600,2024년도 전기자동차 춘천시 모델별 보조금,2024,춘천시
승합(대형),우진산전,아폴로1200-B42,7000,5600,12600,2024년도 전기자동차 춘천시 모델별 보조금,2024,춘천시
승합(대형),우진산전,아폴로1200-B29,7000,5600,12600,2024년도 전기자동차 춘천시 모델별 보조금,2024,춘천시
승합(대형),우진산전,아폴로1200-S29,7000,5600,12600,2024년도 전기자동차 춘천시 모델별 보조금,2024,춘천시
승합(대형),우진산전,아폴로900 V2.0,6819,0,6819,2024년도 전기자동차 춘천시 모델별 보조금,2024,춘천시
승합(대형),우진산전,아폴로1100 양문형,6459,0,6459,2024년도 전기자동차 춘천시 모델별 보조금,2024,춘천시
승합(대형),우진산전,아폴로1100 V2.0,7000,0,7000,2024년도 전기자동차 춘천시 모델별 보조금,2024,춘천시
승합(대형),피라인모터스,HYPERS1609N,5796,0,5796,2024년도 전기자동차 춘천시 모델별 보조금,2024,춘천시
승합(대형),피라인모터스,HYPERS1611N,5440,0,5440,2024년도 전기자동차 춘천시 모델별 보조금,2024,춘천시
승합(대형),피라인모터스,HYPERS1609HN,5755,0,5755,2024년도 전기자동차 춘천시 모델별 보조금,2024,춘천시
승합(대형),피라인모터스,HYPERS1609N(25인승),5794,0,5794,2024년도 전기자동차 춘천시 모델별 보조금,2024,춘천시
승합(대형),피라인모터스,HYPERS1609HN(25인승),5755,0,5755,2024년도 전기자동차 춘천시 모델별 보조금,2024,춘천시
승합(대형),피라인모터스,HYPERS PRIME,7000,0,7000,2024년도 전기자동차 춘천시 모델별 보조금,2024,춘천시
승합(대형),피라인모터스,HYPERS1609P(접이식),7000,0,7000,2024년도 전기자동차 춘천시 모델별 보조금,2024,춘천시
승합(대형),피라인모터스,HYPERS1609P(힙레스트),7000,0,7000,2024년도 전기자동차 춘천시 모델별 보조금,2024,춘천시
승합(대형),피라인모터스,HYPERS1609P(25인승 접이식),7000,0,7000,2024년도 전기자동차 춘천시 모델별 보조금,2024,춘천시
승합(대형),피라인모터스,HYPERS1609P(25인승 힙레스트),7000,0,7000,2024년도 전기자동차 춘천시 모델별 보조금,2024,춘천시
승합(대형),피라인모터스,HYPERS1611P(접이식),7000,0,7000,2024년도 전기자동차 춘천시 모델별 보조금,2024,춘천시
승합(대형),피라인모터스,HYPERS1611P(힙레스트),7000,0,7000,2024년도 전기자동차 춘천시 모델별 보조금,2024,춘천시
승합(대형),피라인모터스,HYPERS HP,7000,0,7000,2024년도 전기자동차 춘천시 모델별 보조금,2024,춘천시
승합(대형),범한자동차,E-SKY11(350kWh),1980,0,1980,2024년도 전기자동차 춘천시 모델별 보조금,2024,춘천시
승합(대형),범한자동차,E-SKY9(281kWh),1980,0,1980,2024년도 전기자동차 춘천시 모델별 보조금,2024,춘천시
승합(대형),범한자동차,E-STAR8 V1,1719,0,1719,2024년도 전기자동차 춘천시 모델별 보조금,2024,춘천시
승합(대형),범한자동차,E-STAR11,1980,0,1980,2024년도 전기자동차 춘천시 모델별 보조금,2024,춘천시
승합(대형),범한자동차,E-STAR12i,2480,0,2480,2024년도 전기자동차 춘천시 모델별 보조금,2024,춘천시
승합(대형),에스에이피,아이즘(IZM),1440,0,1440,2024년도 전기자동차 춘천시 모델별 보조금,2024,춘천시
승합(대형),에스에이피,엘페(ELFE),1889,0,1889,2024년도 전기자동차 춘천시 모델별 보조금,2024,춘천시
승합(대형),에스에이피,리오네(LIONNE),1440,0,1440,2024년도 전기자동차 춘천시 모델별 보조금,2024,춘천시
승합(대형),에스에이피,네오포스(NEOFORCE),1440,0,1440,2024년도 전기자동차 춘천시 모델별 보조금,2024,춘천시
승합(대형),GS글로벌,NEW BYD eBus-12,2180,1744,3924,2024년도 전기자동차 춘천시 모델별 보조금,2024,춘천시
승합(대형),GS글로벌,BYD eBus9,2310,1848,4158,2024년도 전기자동차 춘천시 모델별 보조금,2024,춘천시
승합(대형),GS글로벌,BYD eBus11,3440,0,3440,2024년도 전기자동차 춘천시 모델별 보조금,2024,춘천시
승합(대형),티에스에코에너지,일레누스(TS1100-1),5771,0,5771,2024년도 전기자동차 춘천시 모델별 보조금,2024,춘천시
승합(대형),티에스에코에너지,일레누스(TS900-1),6914,0,6914,2024년도 전기자동차 춘천시 모델별 보조금,2024,춘천시
승합(대형),이온모터스,시티라이트Ⅱ,2290,0,2290,2024년도 전기자동차 춘천시 모델별 보조금,2024,춘천시
승합(대형),이온모터스,시티라이트9,2310,0,2310,2024년도 전기자동차 춘천시 모델별 보조금,2024,춘천시
승합(대형),한차,GREENWAY1100A,5950,4760,10710,2024년도 전기자동차 춘천시 모델별 보조금,2024,춘천시
승합(대형),이엠코리아,에픽시티(LFP),2310,0,2310,2024년도 전기자동차 춘천시 모델별 보조금,2024,춘천시
승합(대형),이엠코리아,에픽타운(LFP),2101,0,2101,2024년도 전기자동차 춘천시 모델별 보조금,2024,춘천시
승합(대형),이엠코리아,에픽시티(NCM),7000,0,7000,2024년도 전기자동차 춘천시 모델별 보조금,2024,춘천시
승합(대형),이엠코리아,에픽타운(NCM),6439,0,6439,2024년도 전기자동차 춘천시 모델별 보조금,2024,춘천시
승합(대형),태영티엔티,GD11N,7000,0,7000,2024년도 전기자동차 춘천시 모델별 보조금,2024,춘천시
승합(대형),재일홀딩스,그린타운400,1539,0,1539,2024년도 전기자동차 춘천시 모델별 보조금,2024,춘천시
승합(대형),아이버스,아이버스어린이운송차,5950,0,5950,2024년도 전기자동차 춘천시 모델별 보조금,2024,춘천시
승합(중형),현대자동차,카운티 일렉트릭,3915,2505,6420,2024년도 전기자동차 원주시 모델별 보조금,2024,원주시
승합(중형),현대자동차,카운티 일렉트릭(마을버스),4000,2560,6560,2024년도 전기자동차 원주시 모델별 보조금,2024,원주시
승합(중형),이비온,"E6(JL618S), 어린이통학",1127,721,1848,2024년도 전기자동차 원주시 모델별 보조금,2024,원주시
승합(중형),GS글로벌,NEW BYD eBus-7,1007,644,1651,2024년도 전기자동차 원주시 모델별 보조금,2024,원주시
승합(중형),한차,GREENWAY720,4250,2720,6970,2024년도 전기자동차 원주시 모델별 보조금,2024,원주시
승합(중형),테라팩토리,"테라밴키즈(2022), 어린이운송용14명",776,496,1272,2024년도 전기자동차 원주시 모델별 보조금,2024,원주시
승합(중형),테라팩토리,"테라밴키즈11(2022), 어린이운송용11명",772,494,1266,2024년도 전기자동차 원주시 모델별 보조금,2024,원주시
승합(중형),테라팩토리,테라밴,767,490,1257,2024년도 전기자동차 원주시 모델별 보조금,2024,원주시
승합(중형),중원자동차,EV J1,1496,957,2453,2024년도 전기자동차 원주시 모델별 보조금,2024,원주시
승합(중형),쏠테로,트라베리-Y540E,1676,0,1676,2024년도 전기자동차 원주시 모델별 보조금,2024,원주시
승합(중형),쏠테로,트라베리-Y550E,1676,0,1676,2024년도 전기자동차 원주시 모델별 보조금,2024,원주시
승합(중형),쏠테로,트라베리-Y560E,1676,0,1676,2024년도 전기자동차 원주시 모델별 보조금,2024,원주시
승합(중형),리텍,e-CENTRO-K,2385,1907,4292,2024년도 전기자동차 원주시 모델별 보조금,2024,원주시
승합(대형),현대자동차,일렉시티 이층버스,11900,0,11900,2024년도 전기자동차 원주시 모델별 보조금,2024,원주시
승합(대형),현대자동차,일렉시티(3PACK),7000,0,7000,2024년도 전기자동차 원주시 모델별 보조금,2024,원주시
승합(대형),현대자동차,일렉시티(4PACK V1),7000,0,7000,2024년도 전기자동차 원주시 모델별 보조금,2024,원주시
승합(대형),현대자동차,일렉시티(4PACK V2),7000,0,7000,2024년도 전기자동차 원주시 모델별 보조금,2024,원주시
승합(대형),현대자동차,일렉시티 타운,6859,0,6859,2024년도 전기자동차 원주시 모델별 보조금,2024,원주시
승합(대형),케이지모빌리티커머셜,SMART 110(272kWh),3850,0,3850,2024년도 전기자동차 원주시 모델별 보조금,2024,원주시
승합(대형),케이지모빌리티커머셜,SMART 110E(347kWh),5950,0,5950,2024년도 전기자동차 원주시 모델별 보조금,2024,원주시
승합(대형),케이지모빌리티커머셜,SMART 110(260kWh),5724,0,5724,2024년도 전기자동차 원주시 모델별 보조금,2024,원주시
승합(대형),케이지모빌리티커머셜,SMART 110E(260kWh),5950,0,5950,2024년도 전기자동차 원주시 모델별 보조금,2024,원주시
승합(대형),케이지모빌리티커머셜,SMART 110(301kWh),7000,0,7000,2024년도 전기자동차 원주시 모델별 보조금,2024,원주시
승합(대형),우진산전,아폴로900전기버스,4719,0,4719,2024년도 전기자동차 원주시 모델별 보조금,2024,원주시
승합(대형),우진산전,아폴로1100전기버스 23MY,7000,0,7000,2024년도 전기자동차 원주시 모델별 보조금,2024,원주시
승합(대형),우진산전,아폴로1200-B43,7000,0,7000,2024년도 전기자동차 원주시 모델별 보조금,2024,원주시
승합(대형),우진산전,아폴로1200-S42,7000,0,7000,2024년도 전기자동차 원주시 모델별 보조금,2024,원주시
승합(대형),우진산전,아폴로1200-B42,7000,0,7000,2024년도 전기자동차 원주시 모델별 보조금,2024,원주시
승합(대형),우진산전,아폴로1200-B29,7000,0,7000,2024년도 전기자동차 원주시 모델별 보조금,2024,원주시
승합(대형),우진산전,아폴로1200-S29,7000,0,7000,2024년도 전기자동차 원주시 모델별 보조금,2024,원주시
승합(대형),피라인모터스,HYPERS1609N,5796,0,5796,2024년도 전기자동차 원주시 모델별 보조금,2024,원주시
승합(대형),피라인모터스,HYPERS1611N,5440,0,5440,2024년도 전기자동차 원주시 모델별 보조금,2024,원주시
승합(대형),피라인모터스,HYPERS1609HN,5755,0,5755,2024년도 전기자동차 원주시 모델별 보조금,2024,원주시
승합(대형),피라인모터스,HYPERS1609N(25인승),5794,0,5794,2024년도 전기자동차 원주시 모델별 보조금,2024,원주시
승합(대형),피라인모터스,HYPERS1609HN(25인승),5755,0,5755,2024년도 전기자동차 원주시 모델별 보조금,2024,원주시
승합(대형),피라인모터스,HYPERS PRIME,7000,0,7000,2024년도 전기자동차 원주시 모델별 보조금,2024,원주시
승합(대형),피라인모터스,HYPERS1609P(접이식),7000,0,7000,2024년도 전기자동차 원주시 모델별 보조금,2024,원주시
승합(대형),피라인모터스,HYPERS1609P(힙레스트),7000,0,7000,2024년도 전기자동차 원주시 모델별 보조금,2024,원주시
승합(대형),피라인모터스,HYPERS1609P(25인승 접이식),7000,0,7000,2024년도 전기자동차 원주시 모델별 보조금,2024,원주시
승합(대형),피라인모터스,HYPERS1609P(25인승 힙레스트),7000,0,7000,2024년도 전기자동차 원주시 모델별 보조금,2024,원주시
승합(대형),피라인모터스,HYPERS1611P(접이식),7000,0,7000,2024년도 전기자동차 원주시 모델별 보조금,2024,원주시
승합(대형),피라인모터스,HYPERS1611P(힙레스트),7000,0,7000,2024년도 전기자동차 원주시 모델별 보조금,2024,원주시
승합(대형),피라인모터스,HYPERS HP,7000,0,7000,2024년도 전기자동차 원주시 모델별 보조금,2024,원주시
승합(대형),범한자동차,E-SKY11(350kWh),1980,0,1980,2024년도 전기자동차 원주시 모델별 보조금,2024,원주시
승합(대형),범한자동차,E-SKY9(281kWh),1980,0,1980,2024년도 전기자동차 원주시 모델별 보조금,2024,원주시
승합(대형),범한자동차,E-STAR8 V1,1719,0,1719,2024년도 전기자동차 원주시 모델별 보조금,2024,원주시
승합(대형),범한자동차,E-STAR11,1980,0,1980,2024년도 전기자동차 원주시 모델별 보조금,2024,원주시
승합(대형),범한자동차,E-STAR12i,2480,0,2480,2024년도 전기자동차 원주시 모델별 보조금,2024,원주시
승합(대형),에스에이피,아이즘(IZM),1440,0,1440,2024년도 전기자동차 원주시 모델별 보조금,2024,원주시
승합(대형),에스에이피,엘페(ELFE),1889,0,1889,2024년도 전기자동차 원주시 모델별 보조금,2024,원주시
승합(대형),에스에이피,리오네(LIONNE),1440,0,1440,2024년도 전기자동차 원주시 모델별 보조금,2024,원주시
승합(대형),에스에이피,네오포스(NEOFORCE),1440,0,1440,2024년도 전기자동차 원주시 모델별 보조금,2024,원주시
승합(대형),GS글로벌,NEW BYD eBus-12,2180,0,2180,2024년도 전기자동차 원주시 모델별 보조금,2024,원주시
승합(대형),GS글로벌,BYD eBus9,2310,0,2310,2024년도 전기자동차 원주시 모델별 보조금,2024,원주시
승합(대형),GS글로벌,BYD eBus11,3440,0,3440,2024년도 전기자동차 원주시 모델별 보조금,2024,원주시
승합(대형),티에스에코에너지,일레누스(TS1100-1),5771,0,5771,2024년도 전기자동차 원주시 모델별 보조금,2024,원주시
승합(대형),티에스에코에너지,일레누스(TS900-1),6914,0,6914,2024년도 전기자동차 원주시 모델별 보조금,2024,원주시
승합(대형),이온모터스,시티라이트Ⅱ,2290,0,2290,2024년도 전기자동차 원주시 모델별 보조금,2024,원주시
승합(대형),이온모터스,시티라이트9,2310,0,2310,2024년도 전기자동차 원주시 모델별 보조금,2024,원주시
승합(대형),한차,GREENWAY1100A,5950,0,5950,2024년도 전기자동차 원주시 모델별 보조금,2024,원주시
승합(대형),이엠코리아,에픽시티(LFP),2310,0,2310,2024년도 전기자동차 원주시 모델별 보조금,2024,원주시
승합(대형),이엠코리아,에픽타운(LFP),2101,0,2101,2024년도 전기자동차 원주시 모델별 보조금,2024,원주시
승합(대형),태영티엔티,GD11N,7000,0,7000,2024년도 전기자동차 원주시 모델별 보조금,2024,원주시
승합(대형),재일홀딩스,그린타운400,1539,0,1539,2024년도 전기자동차 원주시 모델별 보조금,2024,원주시
승합(중형),현대자동차,카운티 일렉트릭,3915,2505,6420,2024년도 전기자동차 강릉시 모델별 보조금,2024,강릉시
승합(중형),현대자동차,카운티 일렉트릭(마을버스),4000,2560,6560,2024년도 전기자동차 강릉시 모델별 보조금,2024,강릉시
승합(중형),이비온,"E6(JL618S), 어린이통학",1127,721,1848,2024년도 전기자동차 강릉시 모델별 보조금,2024,강릉시
승합(중형),GS글로벌,NEW BYD eBus-7,1007,644,1651,2024년도 전기자동차 강릉시 모델별 보조금,2024,강릉시
승합(중형),한차,GREENWAY720,4250,2720,6970,2024년도 전기자동차 강릉시 모델별 보조금,2024,강릉시
승합(중형),테라팩토리,"테라밴키즈(2022), 어린이운송용14명",776,496,1272,2024년도 전기자동차 강릉시 모델별 보조금,2024,강릉시
승합(중형),테라팩토리,"테라밴키즈11(2022), 어린이운송용11명",772,494,1266,2024년도 전기자동차 강릉시 모델별 보조금,2024,강릉시
승합(중형),테라팩토리,테라밴,767,490,1257,2024년도 전기자동차 강릉시 모델별 보조금,2024,강릉시
승합(중형),중원자동차,EV J1,1496,957,2453,2024년도 전기자동차 강릉시 모델별 보조금,2024,강릉시
승합(중형),쏠테로,트라베리-Y540E,1676,1072,2748,2024년도 전기자동차 강릉시 모델별 보조금,2024,강릉시
승합(중형),쏠테로,트라베리-Y550E,1676,1072,2748,2024년도 전기자동차 강릉시 모델별 보조금,2024,강릉시
승합(중형),쏠테로,트라베리-Y560E,1676,1072,2748,2024년도 전기자동차 강릉시 모델별 보조금,2024,강릉시
승합(중형),리텍,e-CENTRO-K,2385,1907,4292,2024년도 전기자동차 강릉시 모델별 보조금,2024,강릉시
승합(중형),에빅오토모티브코리아,세레온(어린이),5000,3200,8200,2024년도 전기자동차 강릉시 모델별 보조금,2024,강릉시
승합(중형),에빅오토모티브코리아,세레온(마을),5000,3200,8200,2024년도 전기자동차 강릉시 모델별 보조금,2024,강릉시
승합(대형),현대자동차,일렉시티 이층버스,11900,9520,21420,2024년도 전기자동차 강릉시 모델별 보조금,2024,강릉시
승합(대형),현대자동차,일렉시티(3PACK),7000,5600,12600,2024년도 전기자동차 강릉시 모델별 보조금,2024,강릉시
승합(대형),현대자동차,일렉시티(4PACK V1),7000,5600,12600,2024년도 전기자동차 강릉시 모델별 보조금,2024,강릉시
승합(대형),현대자동차,일렉시티(4PACK V2),7000,0,7000,2024년도 전기자동차 강릉시 모델별 보조금,2024,강릉시
승합(대형),현대자동차,일렉시티 타운,6859,5487,12346,2024년도 전기자동차 강릉시 모델별 보조금,2024,강릉시
승합(대형),케이지모빌리티커머셜,SMART 110(272kWh),3850,3080,6930,2024년도 전기자동차 강릉시 모델별 보조금,2024,강릉시
승합(대형),케이지모빌리티커머셜,SMART 110E(347kWh),5950,4760,10710,2024년도 전기자동차 강릉시 모델별 보조금,2024,강릉시
승합(대형),케이지모빌리티커머셜,SMART 110(260kWh),5724,4579,10303,2024년도 전기자동차 강릉시 모델별 보조금,2024,강릉시
승합(대형),케이지모빌리티커머셜,SMART 110E(260kWh),5950,4760,10710,2024년도 전기자동차 강릉시 모델별 보조금,2024,강릉시
승합(대형),케이지모빌리티커머셜,SMART 110(301kWh),7000,5600,12600,2024년도 전기자동차 강릉시 모델별 보조금,2024,강릉시
승합(대형),우진산전,아폴로900전기버스,4719,3775,8494,2024년도 전기자동차 강릉시 모델별 보조금,2024,강릉시
승합(대형),우진산전,아폴로1100전기버스 23MY,7000,5600,12600,2024년도 전기자동차 강릉시 모델별 보조금,2024,강릉시
승합(대형),우진산전,아폴로1200-B43,7000,5600,12600,2024년도 전기자동차 강릉시 모델별 보조금,2024,강릉시
승합(대형),우진산전,아폴로1200-S42,7000,5600,12600,2024년도 전기자동차 강릉시 모델별 보조금,2024,강릉시
승합(대형),우진산전,아폴로1200-B42,7000,5600,12600,2024년도 전기자동차 강릉시 모델별 보조금,2024,강릉시
승합(대형),우진산전,아폴로1200-B29,7000,5600,12600,2024년도 전기자동차 강릉시 모델별 보조금,2024,강릉시
승합(대형),우진산전,아폴로1200-S29,7000,5600,12600,2024년도 전기자동차 강릉시 모델별 보조금,2024,강릉시
승합(대형),우진산전,아폴로900 V2.0,6819,4363,11182,2024년도 전기자동차 강릉시 모델별 보조금,2024,강릉시
승합(대형),우진산전,아폴로1100 양문형,6459,4133,10592,2024년도 전기자동차 강릉시 모델별 보조금,2024,강릉시
승합(대형),피라인모터스,HYPERS1609N,5796,4636,10432,2024년도 전기자동차 강릉시 모델별 보조금,2024,강릉시
승합(대형),피라인모터스,HYPERS1611N,5440,4352,9792,2024년도 전기자동차 강릉시 모델별 보조금,2024,강릉시
승합(대형),피라인모터스,HYPERS1609HN,5755,4604,10359,2024년도 전기자동차 강릉시 모델별 보조금,2024,강릉시
승합(대형),피라인모터스,HYPERS1609N(25인승),5794,4635,10429,2024년도 전기자동차 강릉시 모델별 보조금,2024,강릉시
승합(대형),피라인모터스,HYPERS1609HN(25인승),5755,4604,10359,2024년도 전기자동차 강릉시 모델별 보조금,2024,강릉시
승합(대형),피라인모터스,HYPERS PRIME,7000,5600,12600,2024년도 전기자동차 강릉시 모델별 보조금,2024,강릉시
승합(대형),피라인모터스,HYPERS1609P(접이식),7000,5600,12600,2024년도 전기자동차 강릉시 모델별 보조금,2024,강릉시
승합(대형),피라인모터스,HYPERS1609P(힙레스트),7000,5600,12600,2024년도 전기자동차 강릉시 모델별 보조금,2024,강릉시
승합(대형),피라인모터스,HYPERS1609P(25인승 접이식),7000,5600,12600,2024년도 전기자동차 강릉시 모델별 보조금,2024,강릉시
승합(대형),피라인모터스,HYPERS1609P(25인승 힙레스트),7000,5600,12600,2024년도 전기자동차 강릉시 모델별 보조금,2024,강릉시
승합(대형),피라인모터스,HYPERS1611P(접이식),7000,5600,12600,2024년도 전기자동차 강릉시 모델별 보조금,2024,강릉시
승합(대형),피라인모터스,HYPERS1611P(힙레스트),7000,5600,12600,2024년도 전기자동차 강릉시 모델별 보조금,2024,강릉시
승합(대형),피라인모터스,HYPERS HP,7000,5600,12600,2024년도 전기자동차 강릉시 모델별 보조금,2024,강릉시
승합(대형),범한자동차,E-SKY11(350kWh),1980,1584,3564,2024년도 전기자동차 강릉시 모델별 보조금,2024,강릉시
승합(대형),범한자동차,E-SKY9(281kWh),1980,1584,3564,2024년도 전기자동차 강릉시 모델별 보조금,2024,강릉시
승합(대형),범한자동차,E-STAR8 V1,1719,1375,3094,2024년도 전기자동차 강릉시 모델별 보조금,2024,강릉시
승합(대형),범한자동차,E-STAR11,1980,1584,3564,2024년도 전기자동차 강릉시 모델별 보조금,2024,강릉시
승합(대형),범한자동차,E-STAR12i,2480,1984,4464,2024년도 전기자동차 강릉시 모델별 보조금,2024,강릉시
승합(대형),에스에이피,아이즘(IZM),1440,1152,2592,2024년도 전기자동차 강릉시 모델별 보조금,2024,강릉시
승합(대형),에스에이피,엘페(ELFE),1889,1511,3400,2024년도 전기자동차 강릉시 모델별 보조금,2024,강릉시
승합(대형),에스에이피,리오네(LIONNE),1440,1152,2592,2024년도 전기자동차 강릉시 모델별 보조금,2024,강릉시
승합(대형),에스에이피,네오포스(NEOFORCE),1440,1152,2592,2024년도 전기자동차 강릉시 모델별 보조금,2024,강릉시
승합(대형),GS글로벌,NEW BYD eBus-12,2180,1744,3924,2024년도 전기자동차 강릉시 모델별 보조금,2024,강릉시
승합(대형),GS글로벌,BYD eBus9,2310,1848,4158,2024년도 전기자동차 강릉시 모델별 보조금,2024,강릉시
승합(대형),GS글로벌,BYD eBus11,3440,2752,6192,2024년도 전기자동차 강릉시 모델별 보조금,2024,강릉시
승합(대형),티에스에코에너지,일레누스(TS1100-1),5771,4616,10387,2024년도 전기자동차 강릉시 모델별 보조금,2024,강릉시
승합(대형),티에스에코에너지,일레누스(TS900-1),6914,5531,12445,2024년도 전기자동차 강릉시 모델별 보조금,2024,강릉시
승합(대형),이온모터스,시티라이트Ⅱ,2290,1832,4122,2024년도 전기자동차 강릉시 모델별 보조금,2024,강릉시
승합(대형),이온모터스,시티라이트9,2310,1848,4158,2024년도 전기자동차 강릉시 모델별 보조금,2024,강릉시
승합(대형),한차,GREENWAY1100A,5950,4760,10710,2024년도 전기자동차 강릉시 모델별 보조금,2024,강릉시
승합(대형),이엠코리아,에픽시티(LFP),2310,1848,4158,2024년도 전기자동차 강릉시 모델별 보조금,2024,강릉시
승합(대형),이엠코리아,에픽타운(LFP),2101,1680,3781,2024년도 전기자동차 강릉시 모델별 보조금,2024,강릉시
승합(대형),태영티엔티,GD11N,7000,5600,12600,2024년도 전기자동차 강릉시 모델별 보조금,2024,강릉시
승합(대형),재일홀딩스,그린타운400,1539,1231,2770,2024년도 전기자동차 강릉시 모델별 보조금,2024,강릉시
승합(대형),아이버스,아이버스어린이운송차,5950,0,5950,2024년도 전기자동차 강릉시 모델별 보조금,2024,강릉시
승합(중형),현대자동차,카운티 일렉트릭,3915,2505,6420,2024년도 전기자동차 동해시 모델별 보조금,2024,동해시
승합(중형),현대자동차,카운티 일렉트릭(마을버스),4000,2560,6560,2024년도 전기자동차 동해시 모델별 보조금,2024,동해시
승합(중형),이비온,"E6(JL618S), 어린이통학",1127,721,1848,2024년도 전기자동차 동해시 모델별 보조금,2024,동해시
승합(중형),GS글로벌,NEW BYD eBus-7,1007,644,1651,2024년도 전기자동차 동해시 모델별 보조금,2024,동해시
승합(중형),한차,GREENWAY720,4250,2720,6970,2024년도 전기자동차 동해시 모델별 보조금,2024,동해시
승합(중형),테라팩토리,"테라밴키즈(2022), 어린이운송용14명",776,496,1272,2024년도 전기자동차 동해시 모델별 보조금,2024,동해시
승합(중형),테라팩토리,"테라밴키즈11(2022), 어린이운송용11명",772,494,1266,2024년도 전기자동차 동해시 모델별 보조금,2024,동해시
승합(중형),테라팩토리,테라밴,767,490,1257,2024년도 전기자동차 동해시 모델별 보조금,2024,동해시
승합(중형),중원자동차,EV J1,1496,957,2453,2024년도 전기자동차 동해시 모델별 보조금,2024,동해시
승합(중형),쏠테로,트라베리-Y540E,1676,1072,2748,2024년도 전기자동차 동해시 모델별 보조금,2024,동해시
승합(중형),쏠테로,트라베리-Y550E,1676,1072,2748,2024년도 전기자동차 동해시 모델별 보조금,2024,동해시
승합(중형),쏠테로,트라베리-Y560E,1676,1072,2748,2024년도 전기자동차 동해시 모델별 보조금,2024,동해시
승합(중형),리텍,e-CENTRO-K,2385,1907,4292,2024년도 전기자동차 동해시 모델별 보조금,2024,동해시
승합(중형),에빅오토모티브코리아,세레온(어린이),5000,3200,8200,2024년도 전기자동차 동해시 모델별 보조금,2024,동해시
승합(중형),에빅오토모티브코리아,세레온(마을),5000,3200,8200,2024년도 전기자동차 동해시 모델별 보조금,2024,동해시
승합(대형),현대자동차,일렉시티 이층버스,11900,9520,21420,2024년도 전기자동차 동해시 모델별 보조금,2024,동해시
승합(대형),현대자동차,일렉시티(3PACK),7000,5600,12600,2024년도 전기자동차 동해시 모델별 보조금,2024,동해시
승합(대형),현대자동차,일렉시티(4PACK V1),7000,5600,12600,2024년도 전기자동차 동해시 모델별 보조금,2024,동해시
승합(대형),현대자동차,일렉시티(4PACK V2),7000,0,7000,2024년도 전기자동차 동해시 모델별 보조금,2024,동해시
승합(대형),현대자동차,일렉시티 타운,6859,5487,12346,2024년도 전기자동차 동해시 모델별 보조금,2024,동해시
승합(대형),케이지모빌리티커머셜,SMART 110(272kWh),3850,3080,6930,2024년도 전기자동차 동해시 모델별 보조금,2024,동해시
승합(대형),케이지모빌리티커머셜,SMART 110E(347kWh),5950,4760,10710,2024년도 전기자동차 동해시 모델별 보조금,2024,동해시
승합(대형),케이지모빌리티커머셜,SMART 110(260kWh),5724,4579,10303,2024년도 전기자동차 동해시 모델별 보조금,2024,동해시
승합(대형),케이지모빌리티커머셜,SMART 110E(260kWh),5950,4760,10710,2024년도 전기자동차 동해시 모델별 보조금,2024,동해시
승합(대형),케이지모빌리티커머셜,SMART 110(301kWh),7000,5600,12600,2024년도 전기자동차 동해시 모델별 보조금,2024,동해시
승합(대형),우진산전,아폴로900전기버스,4719,3775,8494,2024년도 전기자동차 동해시 모델별 보조금,2024,동해시
승합(대형),우진산전,아폴로1100전기버스 23MY,7000,5600,12600,2024년도 전기자동차 동해시 모델별 보조금,2024,동해시
승합(대형),우진산전,아폴로1200-B43,7000,5600,12600,2024년도 전기자동차 동해시 모델별 보조금,2024,동해시
승합(대형),우진산전,아폴로1200-S42,7000,5600,12600,2024년도 전기자동차 동해시 모델별 보조금,2024,동해시
승합(대형),우진산전,아폴로1200-B42,7000,5600,12600,2024년도 전기자동차 동해시 모델별 보조금,2024,동해시
승합(대형),우진산전,아폴로1200-B29,7000,5600,12600,2024년도 전기자동차 동해시 모델별 보조금,2024,동해시
승합(대형),우진산전,아폴로1200-S29,7000,5600,12600,2024년도 전기자동차 동해시 모델별 보조금,2024,동해시
승합(대형),우진산전,아폴로900 V2.0,6819,4363,11182,2024년도 전기자동차 동해시 모델별 보조금,2024,동해시
승합(대형),우진산전,아폴로1100 양문형,6459,4133,10592,2024년도 전기자동차 동해시 모델별 보조금,2024,동해시
승합(대형),피라인모터스,HYPERS1609N,5796,0,5796,2024년도 전기자동차 동해시 모델별 보조금,2024,동해시
승합(대형),피라인모터스,HYPERS1611N,5440,0,5440,2024년도 전기자동차 동해시 모델별 보조금,2024,동해시
승합(대형),피라인모터스,HYPERS1609HN,5755,0,5755,2024년도 전기자동차 동해시 모델별 보조금,2024,동해시
승합(대형),피라인모터스,HYPERS1609N(25인승),5794,0,5794,2024년도 전기자동차 동해시 모델별 보조금,2024,동해시
승합(대형),피라인모터스,HYPERS1609HN(25인승),5755,0,5755,2024년도 전기자동차 동해시 모델별 보조금,2024,동해시
승합(대형),피라인모터스,HYPERS PRIME,7000,5600,12600,2024년도 전기자동차 동해시 모델별 보조금,2024,동해시
승합(대형),피라인모터스,HYPERS1609P(접이식),7000,5600,12600,2024년도 전기자동차 동해시 모델별 보조금,2024,동해시
승합(대형),피라인모터스,HYPERS1609P(힙레스트),7000,5600,12600,2024년도 전기자동차 동해시 모델별 보조금,2024,동해시
승합(대형),피라인모터스,HYPERS1609P(25인승 접이식),7000,5600,12600,2024년도 전기자동차 동해시 모델별 보조금,2024,동해시
승합(대형),피라인모터스,HYPERS1609P(25인승 힙레스트),7000,5600,12600,2024년도 전기자동차 동해시 모델별 보조금,2024,동해시
승합(대형),피라인모터스,HYPERS1611P(접이식),7000,5600,12600,2024년도 전기자동차 동해시 모델별 보조금,2024,동해시
승합(대형),피라인모터스,HYPERS1611P(힙레스트),7000,5600,12600,2024년도 전기자동차 동해시 모델별 보조금,2024,동해시
승합(대형),피라인모터스,HYPERS HP,7000,5600,12600,2024년도 전기자동차 동해시 모델별 보조금,2024,동해시
승합(대형),범한자동차,E-SKY11(350kWh),1980,1584,3564,2024년도 전기자동차 동해시 모델별 보조금,2024,동해시
승합(대형),범한자동차,E-SKY9(281kWh),1980,1584,3564,2024년도 전기자동차 동해시 모델별 보조금,2024,동해시
승합(대형),범한자동차,E-STAR8 V1,1719,1375,3094,2024년도 전기자동차 동해시 모델별 보조금,2024,동해시
승합(대형),범한자동차,E-STAR11,1980,1584,3564,2024년도 전기자동차 동해시 모델별 보조금,2024,동해시
승합(대형),범한자동차,E-STAR12i,2480,1984,4464,2024년도 전기자동차 동해시 모델별 보조금,2024,동해시
승합(대형),에스에이피,아이즘(IZM),1440,1152,2592,2024년도 전기자동차 동해시 모델별 보조금,2024,동해시
승합(대형),에스에이피,엘페(ELFE),1889,1511,3400,2024년도 전기자동차 동해시 모델별 보조금,2024,동해시
승합(대형),에스에이피,리오네(LIONNE),1440,1152,2592,2024년도 전기자동차 동해시 모델별 보조금,2024,동해시
승합(대형),에스에이피,네오포스(NEOFORCE),1440,1152,2592,2024년도 전기자동차 동해시 모델별 보조금,2024,동해시
승합(대형),GS글로벌,NEW BYD eBus-12,2180,1744,3924,2024년도 전기자동차 동해시 모델별 보조금,2024,동해시
승합(대형),GS글로벌,BYD eBus9,2310,1848,4158,2024년도 전기자동차 동해시 모델별 보조금,2024,동해시
승합(대형),GS글로벌,BYD eBus11,3440,2752,6192,2024년도 전기자동차 동해시 모델별 보조금,2024,동해시
승합(대형),티에스에코에너지,일레누스(TS1100-1),5771,4616,10387,2024년도 전기자동차 동해시 모델별 보조금,2024,동해시
승합(대형),티에스에코에너지,일레누스(TS900-1),6914,5531,12445,2024년도 전기자동차 동해시 모델별 보조금,2024,동해시
승합(대형),이온모터스,시티라이트Ⅱ,2290,1832,4122,2024년도 전기자동차 동해시 모델별 보조금,2024,동해시
승합(대형),이온모터스,시티라이트9,2310,1848,4158,2024년도 전기자동차 동해시 모델별 보조금,2024,동해시
승합(대형),한차,GREENWAY1100A,5950,4760,10710,2024년도 전기자동차 동해시 모델별 보조금,2024,동해시
승합(대형),이엠코리아,에픽시티(LFP),2310,1848,4158,2024년도 전기자동차 동해시 모델별 보조금,2024,동해시
승합(대형),이엠코리아,에픽타운(LFP),2101,1680,3781,2024년도 전기자동차 동해시 모델별 보조금,2024,동해시
승합(대형),태영티엔티,GD11N,7000,5600,12600,2024년도 전기자동차 동해시 모델별 보조금,2024,동해시
승합(대형),재일홀딩스,그린타운400,1539,1231,2770,2024년도 전기자동차 동해시 모델별 보조금,2024,동해시
승합(대형),아이버스,아이버스어린이운송차,5950,0,5950,2024년도 전기자동차 동해시 모델별 보조금,2024,동해시
승합(중형),현대자동차,카운티 일렉트릭,3915,2505,6420,2024년도 전기자동차 태백시 모델별 보조금,2024,태백시
승합(중형),현대자동차,카운티 일렉트릭(마을버스),4000,2560,6560,2024년도 전기자동차 태백시 모델별 보조금,2024,태백시
승합(중형),이비온,"E6(JL618S), 어린이통학",1127,721,1848,2024년도 전기자동차 태백시 모델별 보조금,2024,태백시
승합(중형),GS글로벌,NEW BYD eBus-7,1007,644,1651,2024년도 전기자동차 태백시 모델별 보조금,2024,태백시
승합(중형),한차,GREENWAY720,4250,2720,6970,2024년도 전기자동차 태백시 모델별 보조금,2024,태백시
승합(중형),테라팩토리,"테라밴키즈(2022), 어린이운송용14명",776,496,1272,2024년도 전기자동차 태백시 모델별 보조금,2024,태백시
승합(중형),테라팩토리,"테라밴키즈11(2022), 어린이운송용11명",772,494,1266,2024년도 전기자동차 태백시 모델별 보조금,2024,태백시
승합(중형),테라팩토리,테라밴,767,490,1257,2024년도 전기자동차 태백시 모델별 보조금,2024,태백시
승합(중형),중원자동차,EV J1,1496,957,2453,2024년도 전기자동차 태백시 모델별 보조금,2024,태백시
승합(중형),쏠테로,트라베리-Y540E,1676,1072,2748,2024년도 전기자동차 태백시 모델별 보조금,2024,태백시
승합(중형),쏠테로,트라베리-Y550E,1676,1072,2748,2024년도 전기자동차 태백시 모델별 보조금,2024,태백시
승합(중형),쏠테로,트라베리-Y560E,1676,1072,2748,2024년도 전기자동차 태백시 모델별 보조금,2024,태백시
승합(중형),리텍,e-CENTRO-K,2385,1907,4292,2024년도 전기자동차 태백시 모델별 보조금,2024,태백시
승합(대형),현대자동차,일렉시티 이층버스,11900,9520,21420,2024년도 전기자동차 태백시 모델별 보조금,2024,태백시
승합(대형),현대자동차,일렉시티(3PACK),7000,5600,12600,2024년도 전기자동차 태백시 모델별 보조금,2024,태백시
승합(대형),현대자동차,일렉시티(4PACK V1),7000,5600,12600,2024년도 전기자동차 태백시 모델별 보조금,2024,태백시
승합(대형),현대자동차,일렉시티(4PACK V2),7000,0,7000,2024년도 전기자동차 태백시 모델별 보조금,2024,태백시
승합(대형),현대자동차,일렉시티 타운,6859,5487,12346,2024년도 전기자동차 태백시 모델별 보조금,2024,태백시
승합(대형),케이지모빌리티커머셜,SMART 110(272kWh),3850,3080,6930,2024년도 전기자동차 태백시 모델별 보조금,2024,태백시
승합(대형),케이지모빌리티커머셜,SMART 110E(347kWh),5950,4760,10710,2024년도 전기자동차 태백시 모델별 보조금,2024,태백시
승합(대형),케이지모빌리티커머셜,SMART 110(260kWh),5724,4579,10303,2024년도 전기자동차 태백시 모델별 보조금,2024,태백시
승합(대형),케이지모빌리티커머셜,SMART 110E(260kWh),5950,4760,10710,2024년도 전기자동차 태백시 모델별 보조금,2024,태백시
승합(대형),케이지모빌리티커머셜,SMART 110(301kWh),7000,5600,12600,2024년도 전기자동차 태백시 모델별 보조금,2024,태백시
승합(대형),우진산전,아폴로900전기버스,4719,3775,8494,2024년도 전기자동차 태백시 모델별 보조금,2024,태백시
승합(대형),우진산전,아폴로1100전기버스 23MY,7000,5600,12600,2024년도 전기자동차 태백시 모델별 보조금,2024,태백시
승합(대형),우진산전,아폴로1200-B43,7000,5600,12600,2024년도 전기자동차 태백시 모델별 보조금,2024,태백시
승합(대형),우진산전,아폴로1200-S42,7000,5600,12600,2024년도 전기자동차 태백시 모델별 보조금,2024,태백시
승합(대형),우진산전,아폴로1200-B42,7000,0,7000,2024년도 전기자동차 태백시 모델별 보조금,2024,태백시
승합(대형),우진산전,아폴로1200-B29,7000,0,7000,2024년도 전기자동차 태백시 모델별 보조금,2024,태백시
승합(대형),우진산전,아폴로1200-S29,7000,0,7000,2024년도 전기자동차 태백시 모델별 보조금,2024,태백시
승합(대형),피라인모터스,HYPERS1609N,5796,4636,10432,2024년도 전기자동차 태백시 모델별 보조금,2024,태백시
승합(대형),피라인모터스,HYPERS1611N,5440,4352,9792,2024년도 전기자동차 태백시 모델별 보조금,2024,태백시
승합(대형),피라인모터스,HYPERS1609HN,5755,4604,10359,2024년도 전기자동차 태백시 모델별 보조금,2024,태백시
승합(대형),피라인모터스,HYPERS1609N(25인승),5794,4635,10429,2024년도 전기자동차 태백시 모델별 보조금,2024,태백시
승합(대형),피라인모터스,HYPERS1609HN(25인승),5755,4604,10359,2024년도 전기자동차 태백시 모델별 보조금,2024,태백시
승합(대형),피라인모터스,HYPERS PRIME,7000,5600,12600,2024년도 전기자동차 태백시 모델별 보조금,2024,태백시
승합(대형),피라인모터스,HYPERS1609P(접이식),7000,5600,12600,2024년도 전기자동차 태백시 모델별 보조금,2024,태백시
승합(대형),피라인모터스,HYPERS1609P(힙레스트),7000,5600,12600,2024년도 전기자동차 태백시 모델별 보조금,2024,태백시
승합(대형),피라인모터스,HYPERS1609P(25인승 접이식),7000,5600,12600,2024년도 전기자동차 태백시 모델별 보조금,2024,태백시
승합(대형),피라인모터스,HYPERS1609P(25인승 힙레스트),7000,5600,12600,2024년도 전기자동차 태백시 모델별 보조금,2024,태백시
승합(대형),피라인모터스,HYPERS1611P(접이식),7000,5600,12600,2024년도 전기자동차 태백시 모델별 보조금,2024,태백시
승합(대형),피라인모터스,HYPERS1611P(힙레스트),7000,5600,12600,2024년도 전기자동차 태백시 모델별 보조금,2024,태백시
승합(대형),피라인모터스,HYPERS HP,7000,5600,12600,2024년도 전기자동차 태백시 모델별 보조금,2024,태백시
승합(대형),범한자동차,E-SKY11(350kWh),1980,1584,3564,2024년도 전기자동차 태백시 모델별 보조금,2024,태백시
승합(대형),범한자동차,E-SKY9(281kWh),1980,1584,3564,2024년도 전기자동차 태백시 모델별 보조금,2024,태백시
승합(대형),범한자동차,E-STAR8 V1,1719,1375,3094,2024년도 전기자동차 태백시 모델별 보조금,2024,태백시
승합(대형),범한자동차,E-STAR11,1980,1584,3564,2024년도 전기자동차 태백시 모델별 보조금,2024,태백시
승합(대형),범한자동차,E-STAR12i,2480,1984,4464,2024년도 전기자동차 태백시 모델별 보조금,2024,태백시
승합(대형),에스에이피,아이즘(IZM),1440,1152,2592,2024년도 전기자동차 태백시 모델별 보조금,2024,태백시
승합(대형),에스에이피,엘페(ELFE),1889,1511,3400,2024년도 전기자동차 태백시 모델별 보조금,2024,태백시
승합(대형),에스에이피,리오네(LIONNE),1440,1152,2592,2024년도 전기자동차 태백시 모델별 보조금,2024,태백시
승합(대형),에스에이피,네오포스(NEOFORCE),1440,1152,2592,2024년도 전기자동차 태백시 모델별 보조금,2024,태백시
승합(대형),GS글로벌,NEW BYD eBus-12,2180,1744,3924,2024년도 전기자동차 태백시 모델별 보조금,2024,태백시
승합(대형),GS글로벌,BYD eBus9,2310,1848,4158,2024년도 전기자동차 태백시 모델별 보조금,2024,태백시
승합(대형),GS글로벌,BYD eBus11,3440,0,3440,2024년도 전기자동차 태백시 모델별 보조금,2024,태백시
승합(대형),티에스에코에너지,일레누스(TS1100-1),5771,4616,10387,2024년도 전기자동차 태백시 모델별 보조금,2024,태백시
승합(대형),티에스에코에너지,일레누스(TS900-1),6914,0,6914,2024년도 전기자동차 태백시 모델별 보조금,2024,태백시
승합(대형),이온모터스,시티라이트Ⅱ,2290,1832,4122,2024년도 전기자동차 태백시 모델별 보조금,2024,태백시
승합(대형),이온모터스,시티라이트9,2310,1848,4158,2024년도 전기자동차 태백시 모델별 보조금,2024,태백시
승합(대형),한차,GREENWAY1100A,5950,4760,10710,2024년도 전기자동차 태백시 모델별 보조금,2024,태백시
승합(대형),이엠코리아,에픽시티(LFP),2310,1848,4158,2024년도 전기자동차 태백시 모델별 보조금,2024,태백시
승합(대형),이엠코리아,에픽타운(LFP),2101,1680,3781,2024년도 전기자동차 태백시 모델별 보조금,2024,태백시
승합(대형),태영티엔티,GD11N,7000,0,7000,2024년도 전기자동차 태백시 모델별 보조금,2024,태백시
승합(대형),재일홀딩스,그린타운400,1539,1231,2770,2024년도 전기자동차 태백시 모델별 보조금,2024,태백시
승합(중형),현대자동차,카운티 일렉트릭,3915,2505,6420,2024년도 전기자동차 속초시 모델별 보조금,2024,속초시
승합(중형),현대자동차,카운티 일렉트릭(마을버스),4000,2560,6560,2024년도 전기자동차 속초시 모델별 보조금,2024,속초시
승합(중형),이비온,"E6(JL618S), 어린이통학",1127,721,1848,2024년도 전기자동차 속초시 모델별 보조금,2024,속초시
승합(중형),GS글로벌,NEW BYD eBus-7,1007,644,1651,2024년도 전기자동차 속초시 모델별 보조금,2024,속초시
승합(중형),한차,GREENWAY720,4250,2720,6970,2024년도 전기자동차 속초시 모델별 보조금,2024,속초시
승합(중형),테라팩토리,"테라밴키즈(2022), 어린이운송용14명",776,496,1272,2024년도 전기자동차 속초시 모델별 보조금,2024,속초시
승합(중형),테라팩토리,"테라밴키즈11(2022), 어린이운송용11명",772,494,1266,2024년도 전기자동차 속초시 모델별 보조금,2024,속초시
승합(중형),테라팩토리,테라밴,767,490,1257,2024년도 전기자동차 속초시 모델별 보조금,2024,속초시
승합(중형),중원자동차,EV J1,1496,957,2453,2024년도 전기자동차 속초시 모델별 보조금,2024,속초시
승합(중형),쏠테로,트라베리-Y540E,1676,0,1676,2024년도 전기자동차 속초시 모델별 보조금,2024,속초시
승합(중형),쏠테로,트라베리-Y550E,1676,1072,2748,2024년도 전기자동차 속초시 모델별 보조금,2024,속초시
승합(중형),쏠테로,트라베리-Y560E,1676,0,1676,2024년도 전기자동차 속초시 모델별 보조금,2024,속초시
승합(중형),리텍,e-CENTRO-K,2385,0,2385,2024년도 전기자동차 속초시 모델별 보조금,2024,속초시
승합(중형),에빅오토모티브코리아,세레온(어린이),5000,0,5000,2024년도 전기자동차 속초시 모델별 보조금,2024,속초시
승합(중형),에빅오토모티브코리아,세레온(마을),5000,0,5000,2024년도 전기자동차 속초시 모델별 보조금,2024,속초시
승합(대형),현대자동차,일렉시티 이층버스,11900,0,11900,2024년도 전기자동차 속초시 모델별 보조금,2024,속초시
승합(대형),현대자동차,일렉시티(3PACK),7000,0,7000,2024년도 전기자동차 속초시 모델별 보조금,2024,속초시
승합(대형),현대자동차,일렉시티(4PACK V1),7000,0,7000,2024년도 전기자동차 속초시 모델별 보조금,2024,속초시
승합(대형),현대자동차,일렉시티(4PACK V2),7000,0,7000,2024년도 전기자동차 속초시 모델별 보조금,2024,속초시
승합(대형),현대자동차,일렉시티 타운,6859,0,6859,2024년도 전기자동차 속초시 모델별 보조금,2024,속초시
승합(대형),케이지모빌리티커머셜,SMART 110(272kWh),3850,0,3850,2024년도 전기자동차 속초시 모델별 보조금,2024,속초시
승합(대형),케이지모빌리티커머셜,SMART 110E(347kWh),5950,0,5950,2024년도 전기자동차 속초시 모델별 보조금,2024,속초시
승합(대형),케이지모빌리티커머셜,SMART 110(260kWh),5724,0,5724,2024년도 전기자동차 속초시 모델별 보조금,2024,속초시
승합(대형),케이지모빌리티커머셜,SMART 110E(260kWh),5950,0,5950,2024년도 전기자동차 속초시 모델별 보조금,2024,속초시
승합(대형),케이지모빌리티커머셜,SMART 110(301kWh),7000,0,7000,2024년도 전기자동차 속초시 모델별 보조금,2024,속초시
승합(대형),우진산전,아폴로900전기버스,4719,0,4719,2024년도 전기자동차 속초시 모델별 보조금,2024,속초시
승합(대형),우진산전,아폴로1100전기버스 23MY,7000,0,7000,2024년도 전기자동차 속초시 모델별 보조금,2024,속초시
승합(대형),우진산전,아폴로1200-B43,7000,0,7000,2024년도 전기자동차 속초시 모델별 보조금,2024,속초시
승합(대형),우진산전,아폴로1200-S42,7000,0,7000,2024년도 전기자동차 속초시 모델별 보조금,2024,속초시
승합(대형),우진산전,아폴로1200-B42,7000,0,7000,2024년도 전기자동차 속초시 모델별 보조금,2024,속초시
승합(대형),우진산전,아폴로1200-B29,7000,0,7000,2024년도 전기자동차 속초시 모델별 보조금,2024,속초시
승합(대형),우진산전,아폴로1200-S29,7000,0,7000,2024년도 전기자동차 속초시 모델별 보조금,2024,속초시
승합(대형),우진산전,아폴로900 V2.0,6819,0,6819,2024년도 전기자동차 속초시 모델별 보조금,2024,속초시
승합(대형),우진산전,아폴로1100 양문형,6459,0,6459,2024년도 전기자동차 속초시 모델별 보조금,2024,속초시
승합(대형),피라인모터스,HYPERS1609N,5796,0,5796,2024년도 전기자동차 속초시 모델별 보조금,2024,속초시
승합(대형),피라인모터스,HYPERS1611N,5440,0,5440,2024년도 전기자동차 속초시 모델별 보조금,2024,속초시
승합(대형),피라인모터스,HYPERS1609HN,5755,0,5755,2024년도 전기자동차 속초시 모델별 보조금,2024,속초시
승합(대형),피라인모터스,HYPERS1609N(25인승),5794,0,5794,2024년도 전기자동차 속초시 모델별 보조금,2024,속초시
승합(대형),피라인모터스,HYPERS1609HN(25인승),5755,0,5755,2024년도 전기자동차 속초시 모델별 보조금,2024,속초시
승합(대형),피라인모터스,HYPERS PRIME,7000,0,7000,2024년도 전기자동차 속초시 모델별 보조금,2024,속초시
승합(대형),피라인모터스,HYPERS1609P(접이식),7000,0,7000,2024년도 전기자동차 속초시 모델별 보조금,2024,속초시
승합(대형),피라인모터스,HYPERS1609P(힙레스트),7000,0,7000,2024년도 전기자동차 속초시 모델별 보조금,2024,속초시
승합(대형),피라인모터스,HYPERS1609P(25인승 접이식),7000,0,7000,2024년도 전기자동차 속초시 모델별 보조금,2024,속초시
승합(대형),피라인모터스,HYPERS1609P(25인승 힙레스트),7000,0,7000,2024년도 전기자동차 속초시 모델별 보조금,2024,속초시
승합(대형),피라인모터스,HYPERS1611P(접이식),7000,0,7000,2024년도 전기자동차 속초시 모델별 보조금,2024,속초시
승합(대형),피라인모터스,HYPERS1611P(힙레스트),7000,0,7000,2024년도 전기자동차 속초시 모델별 보조금,2024,속초시
승합(대형),피라인모터스,HYPERS HP,7000,0,7000,2024년도 전기자동차 속초시 모델별 보조금,2024,속초시
승합(대형),범한자동차,E-SKY11(350kWh),1980,0,1980,2024년도 전기자동차 속초시 모델별 보조금,2024,속초시
승합(대형),범한자동차,E-SKY9(281kWh),1980,0,1980,2024년도 전기자동차 속초시 모델별 보조금,2024,속초시
승합(대형),범한자동차,E-STAR8 V1,1719,0,1719,2024년도 전기자동차 속초시 모델별 보조금,2024,속초시
승합(대형),범한자동차,E-STAR11,1980,0,1980,2024년도 전기자동차 속초시 모델별 보조금,2024,속초시
승합(대형),범한자동차,E-STAR12i,2480,0,2480,2024년도 전기자동차 속초시 모델별 보조금,2024,속초시
승합(대형),에스에이피,아이즘(IZM),1440,0,1440,2024년도 전기자동차 속초시 모델별 보조금,2024,속초시
승합(대형),에스에이피,엘페(ELFE),1889,0,1889,2024년도 전기자동차 속초시 모델별 보조금,2024,속초시
승합(대형),에스에이피,리오네(LIONNE),1440,0,1440,2024년도 전기자동차 속초시 모델별 보조금,2024,속초시
승합(대형),에스에이피,네오포스(NEOFORCE),1440,0,1440,2024년도 전기자동차 속초시 모델별 보조금,2024,속초시
승합(대형),GS글로벌,NEW BYD eBus-12,2180,1744,3924,2024년도 전기자동차 속초시 모델별 보조금,2024,속초시
승합(대형),GS글로벌,BYD eBus9,2310,1848,4158,2024년도 전기자동차 속초시 모델별 보조금,2024,속초시
승합(대형),GS글로벌,BYD eBus11,3440,2752,6192,2024년도 전기자동차 속초시 모델별 보조금,2024,속초시
승합(대형),티에스에코에너지,일레누스(TS1100-1),5771,0,5771,2024년도 전기자동차 속초시 모델별 보조금,2024,속초시
승합(대형),티에스에코에너지,일레누스(TS900-1),6914,0,6914,2024년도 전기자동차 속초시 모델별 보조금,2024,속초시
승합(대형),이온모터스,시티라이트Ⅱ,2290,0,2290,2024년도 전기자동차 속초시 모델별 보조금,2024,속초시
승합(대형),이온모터스,시티라이트9,2310,0,2310,2024년도 전기자동차 속초시 모델별 보조금,2024,속초시
승합(대형),한차,GREENWAY1100A,5950,0,5950,2024년도 전기자동차 속초시 모델별 보조금,2024,속초시
승합(대형),이엠코리아,에픽시티(LFP),2310,0,2310,2024년도 전기자동차 속초시 모델별 보조금,2024,속초시
승합(대형),이엠코리아,에픽타운(LFP),2101,0,2101,2024년도 전기자동차 속초시 모델별 보조금,2024,속초시
승합(대형),태영티엔티,GD11N,7000,0,7000,2024년도 전기자동차 속초시 모델별 보조금,2024,속초시
승합(대형),재일홀딩스,그린타운400,1539,0,1539,2024년도 전기자동차 속초시 모델별 보조금,2024,속초시
승합(대형),아이버스,아이버스어린이운송차,5950,0,5950,2024년도 전기자동차 속초시 모델별 보조금,2024,속초시
승합(중형),현대자동차,카운티 일렉트릭,3915,2505,6420,2024년도 전기자동차 삼척시 모델별 보조금,2024,삼척시
승합(중형),현대자동차,카운티 일렉트릭(마을버스),4000,2560,6560,2024년도 전기자동차 삼척시 모델별 보조금,2024,삼척시
승합(중형),이비온,"E6(JL618S), 어린이통학",1127,721,1848,2024년도 전기자동차 삼척시 모델별 보조금,2024,삼척시
승합(중형),GS글로벌,NEW BYD eBus-7,1007,644,1651,2024년도 전기자동차 삼척시 모델별 보조금,2024,삼척시
승합(중형),한차,GREENWAY720,4250,2720,6970,2024년도 전기자동차 삼척시 모델별 보조금,2024,삼척시
승합(중형),테라팩토리,"테라밴키즈(2022), 어린이운송용14명",776,496,1272,2024년도 전기자동차 삼척시 모델별 보조금,2024,삼척시
승합(중형),테라팩토리,"테라밴키즈11(2022), 어린이운송용11명",772,494,1266,2024년도 전기자동차 삼척시 모델별 보조금,2024,삼척시
승합(중형),테라팩토리,테라밴,767,490,1257,2024년도 전기자동차 삼척시 모델별 보조금,2024,삼척시
승합(중형),중원자동차,EV J1,1496,957,2453,2024년도 전기자동차 삼척시 모델별 보조금,2024,삼척시
승합(중형),쏠테로,트라베리-Y540E,1676,1072,2748,2024년도 전기자동차 삼척시 모델별 보조금,2024,삼척시
승합(중형),쏠테로,트라베리-Y550E,1676,1072,2748,2024년도 전기자동차 삼척시 모델별 보조금,2024,삼척시
승합(중형),쏠테로,트라베리-Y560E,1676,1072,2748,2024년도 전기자동차 삼척시 모델별 보조금,2024,삼척시
승합(대형),현대자동차,일렉시티 이층버스,11900,9520,21420,2024년도 전기자동차 삼척시 모델별 보조금,2024,삼척시
승합(대형),현대자동차,일렉시티(3PACK),7000,5600,12600,2024년도 전기자동차 삼척시 모델별 보조금,2024,삼척시
승합(대형),현대자동차,일렉시티(4PACK V1),7000,5600,12600,2024년도 전기자동차 삼척시 모델별 보조금,2024,삼척시
승합(대형),현대자동차,일렉시티(4PACK V2),7000,0,7000,2024년도 전기자동차 삼척시 모델별 보조금,2024,삼척시
승합(대형),현대자동차,일렉시티 타운,6859,5487,12346,2024년도 전기자동차 삼척시 모델별 보조금,2024,삼척시
승합(대형),케이지모빌리티커머셜,SMART 110(272kWh),3850,3080,6930,2024년도 전기자동차 삼척시 모델별 보조금,2024,삼척시
승합(대형),케이지모빌리티커머셜,SMART 110E(347kWh),5950,4760,10710,2024년도 전기자동차 삼척시 모델별 보조금,2024,삼척시
승합(대형),케이지모빌리티커머셜,SMART 110(260kWh),5724,4579,10303,2024년도 전기자동차 삼척시 모델별 보조금,2024,삼척시
승합(대형),케이지모빌리티커머셜,SMART 110E(260kWh),5950,4760,10710,2024년도 전기자동차 삼척시 모델별 보조금,2024,삼척시
승합(대형),케이지모빌리티커머셜,SMART 110(301kWh),7000,5600,12600,2024년도 전기자동차 삼척시 모델별 보조금,2024,삼척시
승합(대형),우진산전,아폴로900전기버스,4719,3775,8494,2024년도 전기자동차 삼척시 모델별 보조금,2024,삼척시
승합(대형),우진산전,아폴로1100전기버스 23MY,7000,5600,12600,2024년도 전기자동차 삼척시 모델별 보조금,2024,삼척시
승합(대형),우진산전,아폴로1200-B43,7000,5600,12600,2024년도 전기자동차 삼척시 모델별 보조금,2024,삼척시
승합(대형),우진산전,아폴로1200-S42,7000,5600,12600,2024년도 전기자동차 삼척시 모델별 보조금,2024,삼척시
승합(대형),우진산전,아폴로1200-B42,7000,5600,12600,2024년도 전기자동차 삼척시 모델별 보조금,2024,삼척시
승합(대형),우진산전,아폴로1200-B29,7000,5600,12600,2024년도 전기자동차 삼척시 모델별 보조금,2024,삼척시
승합(대형),우진산전,아폴로1200-S29,7000,5600,12600,2024년도 전기자동차 삼척시 모델별 보조금,2024,삼척시
승합(대형),피라인모터스,HYPERS1609N,5796,4636,10432,2024년도 전기자동차 삼척시 모델별 보조금,2024,삼척시
승합(대형),피라인모터스,HYPERS1611N,5440,4352,9792,2024년도 전기자동차 삼척시 모델별 보조금,2024,삼척시
승합(대형),피라인모터스,HYPERS1609HN,5755,4604,10359,2024년도 전기자동차 삼척시 모델별 보조금,2024,삼척시
승합(대형),피라인모터스,HYPERS1609N(25인승),5794,4635,10429,2024년도 전기자동차 삼척시 모델별 보조금,2024,삼척시
승합(대형),피라인모터스,HYPERS1609HN(25인승),5755,4604,10359,2024년도 전기자동차 삼척시 모델별 보조금,2024,삼척시
승합(대형),피라인모터스,HYPERS PRIME,7000,5600,12600,2024년도 전기자동차 삼척시 모델별 보조금,2024,삼척시
승합(대형),피라인모터스,HYPERS1609P(접이식),7000,5600,12600,2024년도 전기자동차 삼척시 모델별 보조금,2024,삼척시
승합(대형),피라인모터스,HYPERS1609P(힙레스트),7000,5600,12600,2024년도 전기자동차 삼척시 모델별 보조금,2024,삼척시
승합(대형),피라인모터스,HYPERS1609P(25인승 접이식),7000,5600,12600,2024년도 전기자동차 삼척시 모델별 보조금,2024,삼척시
승합(대형),피라인모터스,HYPERS1609P(25인승 힙레스트),7000,5600,12600,2024년도 전기자동차 삼척시 모델별 보조금,2024,삼척시
승합(대형),피라인모터스,HYPERS1611P(접이식),7000,5600,12600,2024년도 전기자동차 삼척시 모델별 보조금,2024,삼척시
승합(대형),피라인모터스,HYPERS1611P(힙레스트),7000,5600,12600,2024년도 전기자동차 삼척시 모델별 보조금,2024,삼척시
승합(대형),범한자동차,E-SKY11(350kWh),1980,1584,3564,2024년도 전기자동차 삼척시 모델별 보조금,2024,삼척시
승합(대형),범한자동차,E-SKY9(281kWh),1980,1584,3564,2024년도 전기자동차 삼척시 모델별 보조금,2024,삼척시
승합(대형),범한자동차,E-STAR8 V1,1719,1375,3094,2024년도 전기자동차 삼척시 모델별 보조금,2024,삼척시
승합(대형),범한자동차,E-STAR11,1980,1584,3564,2024년도 전기자동차 삼척시 모델별 보조금,2024,삼척시
승합(대형),범한자동차,E-STAR12i,2480,1984,4464,2024년도 전기자동차 삼척시 모델별 보조금,2024,삼척시
승합(대형),에스에이피,아이즘(IZM),1440,1152,2592,2024년도 전기자동차 삼척시 모델별 보조금,2024,삼척시
승합(대형),에스에이피,엘페(ELFE),1889,1511,3400,2024년도 전기자동차 삼척시 모델별 보조금,2024,삼척시
승합(대형),에스에이피,리오네(LIONNE),1440,1152,2592,2024년도 전기자동차 삼척시 모델별 보조금,2024,삼척시
승합(대형),에스에이피,네오포스(NEOFORCE),1440,1152,2592,2024년도 전기자동차 삼척시 모델별 보조금,2024,삼척시
승합(대형),GS글로벌,NEW BYD eBus-12,2180,1744,3924,2024년도 전기자동차 삼척시 모델별 보조금,2024,삼척시
승합(대형),GS글로벌,BYD eBus9,2310,1848,4158,2024년도 전기자동차 삼척시 모델별 보조금,2024,삼척시
승합(대형),티에스에코에너지,일레누스(TS1100-1),5771,4616,10387,2024년도 전기자동차 삼척시 모델별 보조금,2024,삼척시
승합(대형),티에스에코에너지,일레누스(TS900-1),6914,5531,12445,2024년도 전기자동차 삼척시 모델별 보조금,2024,삼척시
승합(대형),이온모터스,시티라이트Ⅱ,2290,1832,4122,2024년도 전기자동차 삼척시 모델별 보조금,2024,삼척시
승합(대형),이온모터스,시티라이트9,2310,1848,4158,2024년도 전기자동차 삼척시 모델별 보조금,2024,삼척시
승합(대형),한차,GREENWAY1100A,5950,4760,10710,2024년도 전기자동차 삼척시 모델별 보조금,2024,삼척시
승합(대형),이엠코리아,에픽시티(LFP),2310,1848,4158,2024년도 전기자동차 삼척시 모델별 보조금,2024,삼척시
승합(대형),이엠코리아,에픽타운(LFP),2101,1680,3781,2024년도 전기자동차 삼척시 모델별 보조금,2024,삼척시
승합(대형),재일홀딩스,그린타운400,1539,1231,2770,2024년도 전기자동차 삼척시 모델별 보조금,2024,삼척시
승합(중형),현대자동차,카운티 일렉트릭,3915,2505,6420,2024년도 전기자동차 홍천군 모델별 보조금,2024,홍천군
승합(중형),현대자동차,카운티 일렉트릭(마을버스),4000,2560,6560,2024년도 전기자동차 홍천군 모델별 보조금,2024,홍천군
승합(중형),이비온,"E6(JL618S), 어린이통학",1127,721,1848,2024년도 전기자동차 홍천군 모델별 보조금,2024,홍천군
승합(중형),GS글로벌,NEW BYD eBus-7,1007,644,1651,2024년도 전기자동차 홍천군 모델별 보조금,2024,홍천군
승합(중형),한차,GREENWAY720,4250,2720,6970,2024년도 전기자동차 홍천군 모델별 보조금,2024,홍천군
승합(중형),테라팩토리,"테라밴키즈(2022), 어린이운송용14명",776,496,1272,2024년도 전기자동차 홍천군 모델별 보조금,2024,홍천군
승합(중형),테라팩토리,"테라밴키즈11(2022), 어린이운송용11명",772,494,1266,2024년도 전기자동차 홍천군 모델별 보조금,2024,홍천군
승합(중형),테라팩토리,테라밴,767,490,1257,2024년도 전기자동차 홍천군 모델별 보조금,2024,홍천군
승합(중형),중원자동차,EV J1,1496,957,2453,2024년도 전기자동차 홍천군 모델별 보조금,2024,홍천군
승합(중형),쏠테로,트라베리-Y540E,1676,1072,2748,2024년도 전기자동차 홍천군 모델별 보조금,2024,홍천군
승합(중형),쏠테로,트라베리-Y550E,1676,1072,2748,2024년도 전기자동차 홍천군 모델별 보조금,2024,홍천군
승합(중형),쏠테로,트라베리-Y560E,1676,1072,2748,2024년도 전기자동차 홍천군 모델별 보조금,2024,홍천군
승합(중형),리텍,e-CENTRO-K,2385,0,2385,2024년도 전기자동차 홍천군 모델별 보조금,2024,홍천군
승합(중형),에빅오토모티브코리아,세레온(어린이),5000,0,5000,2024년도 전기자동차 홍천군 모델별 보조금,2024,홍천군
승합(중형),에빅오토모티브코리아,세레온(마을),5000,0,5000,2024년도 전기자동차 홍천군 모델별 보조금,2024,홍천군
승합(대형),현대자동차,일렉시티 이층버스,11900,9520,21420,2024년도 전기자동차 홍천군 모델별 보조금,2024,홍천군
승합(대형),현대자동차,일렉시티(3PACK),7000,5600,12600,2024년도 전기자동차 홍천군 모델별 보조금,2024,홍천군
승합(대형),현대자동차,일렉시티(4PACK V1),7000,5600,12600,2024년도 전기자동차 홍천군 모델별 보조금,2024,홍천군
승합(대형),현대자동차,일렉시티(4PACK V2),7000,0,7000,2024년도 전기자동차 홍천군 모델별 보조금,2024,홍천군
승합(대형),현대자동차,일렉시티 타운,6859,5487,12346,2024년도 전기자동차 홍천군 모델별 보조금,2024,홍천군
승합(대형),케이지모빌리티커머셜,SMART 110(272kWh),3850,0,3850,2024년도 전기자동차 홍천군 모델별 보조금,2024,홍천군
승합(대형),케이지모빌리티커머셜,SMART 110E(347kWh),5950,0,5950,2024년도 전기자동차 홍천군 모델별 보조금,2024,홍천군
승합(대형),케이지모빌리티커머셜,SMART 110(260kWh),5724,4579,10303,2024년도 전기자동차 홍천군 모델별 보조금,2024,홍천군
승합(대형),케이지모빌리티커머셜,SMART 110E(260kWh),5950,0,5950,2024년도 전기자동차 홍천군 모델별 보조금,2024,홍천군
승합(대형),케이지모빌리티커머셜,SMART 110(301kWh),7000,5600,12600,2024년도 전기자동차 홍천군 모델별 보조금,2024,홍천군
승합(대형),케이지모빌리티커머셜,KG C090,6916,0,6916,2024년도 전기자동차 홍천군 모델별 보조금,2024,홍천군
승합(대형),우진산전,아폴로900전기버스,4719,0,4719,2024년도 전기자동차 홍천군 모델별 보조금,2024,홍천군
승합(대형),우진산전,아폴로1100전기버스 23MY,7000,0,7000,2024년도 전기자동차 홍천군 모델별 보조금,2024,홍천군
승합(대형),우진산전,아폴로1200-B43,7000,0,7000,2024년도 전기자동차 홍천군 모델별 보조금,2024,홍천군
승합(대형),우진산전,아폴로1200-S42,7000,0,7000,2024년도 전기자동차 홍천군 모델별 보조금,2024,홍천군
승합(대형),우진산전,아폴로1200-B42,7000,0,7000,2024년도 전기자동차 홍천군 모델별 보조금,2024,홍천군
승합(대형),우진산전,아폴로1200-B29,7000,0,7000,2024년도 전기자동차 홍천군 모델별 보조금,2024,홍천군
승합(대형),우진산전,아폴로1200-S29,7000,0,7000,2024년도 전기자동차 홍천군 모델별 보조금,2024,홍천군
승합(대형),우진산전,아폴로900 V2.0,6819,0,6819,2024년도 전기자동차 홍천군 모델별 보조금,2024,홍천군
승합(대형),우진산전,아폴로1100 양문형,6459,0,6459,2024년도 전기자동차 홍천군 모델별 보조금,2024,홍천군
승합(대형),우진산전,아폴로1100 V2.0,7000,0,7000,2024년도 전기자동차 홍천군 모델별 보조금,2024,홍천군
승합(대형),피라인모터스,HYPERS1609N,5796,0,5796,2024년도 전기자동차 홍천군 모델별 보조금,2024,홍천군
승합(대형),피라인모터스,HYPERS1611N,5440,0,5440,2024년도 전기자동차 홍천군 모델별 보조금,2024,홍천군
승합(대형),피라인모터스,HYPERS1609HN,5755,0,5755,2024년도 전기자동차 홍천군 모델별 보조금,2024,홍천군
승합(대형),피라인모터스,HYPERS1609N(25인승),5794,0,5794,2024년도 전기자동차 홍천군 모델별 보조금,2024,홍천군
승합(대형),피라인모터스,HYPERS1609HN(25인승),5755,0,5755,2024년도 전기자동차 홍천군 모델별 보조금,2024,홍천군
승합(대형),피라인모터스,HYPERS PRIME,7000,0,7000,2024년도 전기자동차 홍천군 모델별 보조금,2024,홍천군
승합(대형),피라인모터스,HYPERS1609P(접이식),7000,0,7000,2024년도 전기자동차 홍천군 모델별 보조금,2024,홍천군
승합(대형),피라인모터스,HYPERS1609P(힙레스트),7000,0,7000,2024년도 전기자동차 홍천군 모델별 보조금,2024,홍천군
승합(대형),피라인모터스,HYPERS1609P(25인승 접이식),7000,0,7000,2024년도 전기자동차 홍천군 모델별 보조금,2024,홍천군
승합(대형),피라인모터스,HYPERS1609P(25인승 힙레스트),7000,0,7000,2024년도 전기자동차 홍천군 모델별 보조금,2024,홍천군
승합(대형),피라인모터스,HYPERS1611P(접이식),7000,0,7000,2024년도 전기자동차 홍천군 모델별 보조금,2024,홍천군
승합(대형),피라인모터스,HYPERS1611P(힙레스트),7000,0,7000,2024년도 전기자동차 홍천군 모델별 보조금,2024,홍천군
승합(대형),피라인모터스,HYPERS HP,7000,0,7000,2024년도 전기자동차 홍천군 모델별 보조금,2024,홍천군
승합(대형),범한자동차,E-SKY11(350kWh),1980,1469,3449,2024년도 전기자동차 홍천군 모델별 보조금,2024,홍천군
승합(대형),범한자동차,E-SKY9(281kWh),1980,0,1980,2024년도 전기자동차 홍천군 모델별 보조금,2024,홍천군
승합(대형),범한자동차,E-STAR8 V1,1719,0,1719,2024년도 전기자동차 홍천군 모델별 보조금,2024,홍천군
승합(대형),범한자동차,E-STAR11,1980,0,1980,2024년도 전기자동차 홍천군 모델별 보조금,2024,홍천군
승합(대형),범한자동차,E-STAR12i,2480,0,2480,2024년도 전기자동차 홍천군 모델별 보조금,2024,홍천군
승합(대형),에스에이피,아이즘(IZM),1440,1152,2592,2024년도 전기자동차 홍천군 모델별 보조금,2024,홍천군
승합(대형),에스에이피,엘페(ELFE),1889,1511,3400,2024년도 전기자동차 홍천군 모델별 보조금,2024,홍천군
승합(대형),에스에이피,리오네(LIONNE),1440,1152,2592,2024년도 전기자동차 홍천군 모델별 보조금,2024,홍천군
승합(대형),에스에이피,네오포스(NEOFORCE),1440,1152,2592,2024년도 전기자동차 홍천군 모델별 보조금,2024,홍천군
승합(대형),GS글로벌,NEW BYD eBus-12,2180,1744,3924,2024년도 전기자동차 홍천군 모델별 보조금,2024,홍천군
승합(대형),GS글로벌,BYD eBus9,2310,1848,4158,2024년도 전기자동차 홍천군 모델별 보조금,2024,홍천군
승합(대형),GS글로벌,BYD eBus11,3440,0,3440,2024년도 전기자동차 홍천군 모델별 보조금,2024,홍천군
승합(대형),티에스에코에너지,일레누스(TS1100-1),5771,0,5771,2024년도 전기자동차 홍천군 모델별 보조금,2024,홍천군
승합(대형),티에스에코에너지,일레누스(TS900-1),6914,0,6914,2024년도 전기자동차 홍천군 모델별 보조금,2024,홍천군
승합(대형),이온모터스,시티라이트Ⅱ,2290,0,2290,2024년도 전기자동차 홍천군 모델별 보조금,2024,홍천군
승합(대형),이온모터스,시티라이트9,2310,0,2310,2024년도 전기자동차 홍천군 모델별 보조금,2024,홍천군
승합(대형),한차,GREENWAY1100A,5950,0,5950,2024년도 전기자동차 홍천군 모델별 보조금,2024,홍천군
승합(대형),이엠코리아,에픽시티(LFP),2310,0,2310,2024년도 전기자동차 홍천군 모델별 보조금,2024,홍천군
승합(대형),이엠코리아,에픽타운(LFP),2101,0,2101,2024년도 전기자동차 홍천군 모델별 보조금,2024,홍천군
승합(대형),이엠코리아,에픽시티(NCM),7000,0,7000,2024년도 전기자동차 홍천군 모델별 보조금,2024,홍천군
승합(대형),이엠코리아,에픽타운(NCM),6439,0,6439,2024년도 전기자동차 홍천군 모델별 보조금,2024,홍천군
승합(대형),태영티엔티,GD11N,7000,0,7000,2024년도 전기자동차 홍천군 모델별 보조금,2024,홍천군
승합(대형),재일홀딩스,그린타운400,1539,0,1539,2024년도 전기자동차 홍천군 모델별 보조금,2024,홍천군
승합(대형),아이버스,아이버스어린이운송차,5950,0,5950,2024년도 전기자동차 홍천군 모델별 보조금,2024,홍천군
승합(중형),현대자동차,카운티 일렉트릭,3915,2505,6420,2024년도 전기자동차 횡성군 모델별 보조금,2024,횡성군
승합(중형),현대자동차,카운티 일렉트릭(마을버스),4000,2560,6560,2024년도 전기자동차 횡성군 모델별 보조금,2024,횡성군
승합(중형),이비온,"E6(JL618S), 어린이통학",1127,721,1848,2024년도 전기자동차 횡성군 모델별 보조금,2024,횡성군
승합(중형),GS글로벌,NEW BYD eBus-7,1007,644,1651,2024년도 전기자동차 횡성군 모델별 보조금,2024,횡성군
승합(중형),한차,GREENWAY720,4250,2720,6970,2024년도 전기자동차 횡성군 모델별 보조금,2024,횡성군
승합(중형),테라팩토리,"테라밴키즈(2022), 어린이운송용14명",776,496,1272,2024년도 전기자동차 횡성군 모델별 보조금,2024,횡성군
승합(중형),테라팩토리,"테라밴키즈11(2022), 어린이운송용11명",772,494,1266,2024년도 전기자동차 횡성군 모델별 보조금,2024,횡성군
승합(중형),테라팩토리,테라밴,767,490,1257,2024년도 전기자동차 횡성군 모델별 보조금,2024,횡성군
승합(중형),중원자동차,EV J1,1496,957,2453,2024년도 전기자동차 횡성군 모델별 보조금,2024,횡성군
승합(중형),쏠테로,트라베리-Y540E,1676,1072,2748,2024년도 전기자동차 횡성군 모델별 보조금,2024,횡성군
승합(중형),쏠테로,트라베리-Y550E,1676,1072,2748,2024년도 전기자동차 횡성군 모델별 보조금,2024,횡성군
승합(중형),쏠테로,트라베리-Y560E,1676,1072,2748,2024년도 전기자동차 횡성군 모델별 보조금,2024,횡성군
승합(중형),리텍,e-CENTRO-K,2385,1907,4292,2024년도 전기자동차 횡성군 모델별 보조금,2024,횡성군
승합(중형),에빅오토모티브코리아,세레온(어린이),5000,0,5000,2024년도 전기자동차 횡성군 모델별 보조금,2024,횡성군
승합(중형),에빅오토모티브코리아,세레온(마을),5000,0,5000,2024년도 전기자동차 횡성군 모델별 보조금,2024,횡성군
승합(대형),현대자동차,일렉시티 이층버스,11900,0,11900,2024년도 전기자동차 횡성군 모델별 보조금,2024,횡성군
승합(대형),현대자동차,일렉시티(3PACK),7000,0,7000,2024년도 전기자동차 횡성군 모델별 보조금,2024,횡성군
승합(대형),현대자동차,일렉시티(4PACK V1),7000,0,7000,2024년도 전기자동차 횡성군 모델별 보조금,2024,횡성군
승합(대형),현대자동차,일렉시티(4PACK V2),7000,0,7000,2024년도 전기자동차 횡성군 모델별 보조금,2024,횡성군
승합(대형),현대자동차,일렉시티 타운,6859,0,6859,2024년도 전기자동차 횡성군 모델별 보조금,2024,횡성군
승합(대형),케이지모빌리티커머셜,SMART 110(272kWh),3850,0,3850,2024년도 전기자동차 횡성군 모델별 보조금,2024,횡성군
승합(대형),케이지모빌리티커머셜,SMART 110E(347kWh),5950,0,5950,2024년도 전기자동차 횡성군 모델별 보조금,2024,횡성군
승합(대형),케이지모빌리티커머셜,SMART 110(260kWh),5724,0,5724,2024년도 전기자동차 횡성군 모델별 보조금,2024,횡성군
승합(대형),케이지모빌리티커머셜,SMART 110E(260kWh),5950,0,5950,2024년도 전기자동차 횡성군 모델별 보조금,2024,횡성군
승합(대형),케이지모빌리티커머셜,SMART 110(301kWh),7000,0,7000,2024년도 전기자동차 횡성군 모델별 보조금,2024,횡성군
승합(대형),케이지모빌리티커머셜,KG C090,6916,0,6916,2024년도 전기자동차 횡성군 모델별 보조금,2024,횡성군
승합(대형),우진산전,아폴로900전기버스,4719,0,4719,2024년도 전기자동차 횡성군 모델별 보조금,2024,횡성군
승합(대형),우진산전,아폴로1100전기버스 23MY,7000,0,7000,2024년도 전기자동차 횡성군 모델별 보조금,2024,횡성군
승합(대형),우진산전,아폴로1200-B43,7000,0,7000,2024년도 전기자동차 횡성군 모델별 보조금,2024,횡성군
승합(대형),우진산전,아폴로1200-S42,7000,0,7000,2024년도 전기자동차 횡성군 모델별 보조금,2024,횡성군
승합(대형),우진산전,아폴로1200-B42,7000,0,7000,2024년도 전기자동차 횡성군 모델별 보조금,2024,횡성군
승합(대형),우진산전,아폴로1200-B29,7000,0,7000,2024년도 전기자동차 횡성군 모델별 보조금,2024,횡성군
승합(대형),우진산전,아폴로1200-S29,7000,0,7000,2024년도 전기자동차 횡성군 모델별 보조금,2024,횡성군
승합(대형),우진산전,아폴로900 V2.0,6819,0,6819,2024년도 전기자동차 횡성군 모델별 보조금,2024,횡성군
승합(대형),우진산전,아폴로1100 양문형,6459,0,6459,2024년도 전기자동차 횡성군 모델별 보조금,2024,횡성군
승합(대형),우진산전,아폴로1100 V2.0,7000,0,7000,2024년도 전기자동차 횡성군 모델별 보조금,2024,횡성군
승합(대형),피라인모터스,HYPERS1609N,5796,0,5796,2024년도 전기자동차 횡성군 모델별 보조금,2024,횡성군
승합(대형),피라인모터스,HYPERS1611N,5440,0,5440,2024년도 전기자동차 횡성군 모델별 보조금,2024,횡성군
승합(대형),피라인모터스,HYPERS1609HN,5755,0,5755,2024년도 전기자동차 횡성군 모델별 보조금,2024,횡성군
승합(대형),피라인모터스,HYPERS1609N(25인승),5794,0,5794,2024년도 전기자동차 횡성군 모델별 보조금,2024,횡성군
승합(대형),피라인모터스,HYPERS1609HN(25인승),5755,0,5755,2024년도 전기자동차 횡성군 모델별 보조금,2024,횡성군
승합(대형),피라인모터스,HYPERS PRIME,7000,0,7000,2024년도 전기자동차 횡성군 모델별 보조금,2024,횡성군
승합(대형),피라인모터스,HYPERS1609P(접이식),7000,0,7000,2024년도 전기자동차 횡성군 모델별 보조금,2024,횡성군
승합(대형),피라인모터스,HYPERS1609P(힙레스트),7000,0,7000,2024년도 전기자동차 횡성군 모델별 보조금,2024,횡성군
승합(대형),피라인모터스,HYPERS1609P(25인승 접이식),7000,0,7000,2024년도 전기자동차 횡성군 모델별 보조금,2024,횡성군
승합(대형),피라인모터스,HYPERS1609P(25인승 힙레스트),7000,0,7000,2024년도 전기자동차 횡성군 모델별 보조금,2024,횡성군
승합(대형),피라인모터스,HYPERS1611P(접이식),7000,0,7000,2024년도 전기자동차 횡성군 모델별 보조금,2024,횡성군
승합(대형),피라인모터스,HYPERS1611P(힙레스트),7000,0,7000,2024년도 전기자동차 횡성군 모델별 보조금,2024,횡성군
승합(대형),피라인모터스,HYPERS HP,7000,0,7000,2024년도 전기자동차 횡성군 모델별 보조금,2024,횡성군
승합(대형),범한자동차,E-SKY11(350kWh),1980,0,1980,2024년도 전기자동차 횡성군 모델별 보조금,2024,횡성군
승합(대형),범한자동차,E-SKY9(281kWh),1980,0,1980,2024년도 전기자동차 횡성군 모델별 보조금,2024,횡성군
승합(대형),범한자동차,E-STAR8 V1,1719,0,1719,2024년도 전기자동차 횡성군 모델별 보조금,2024,횡성군
승합(대형),범한자동차,E-STAR11,1980,0,1980,2024년도 전기자동차 횡성군 모델별 보조금,2024,횡성군
승합(대형),범한자동차,E-STAR12i,2480,0,2480,2024년도 전기자동차 횡성군 모델별 보조금,2024,횡성군
승합(대형),에스에이피,아이즘(IZM),1440,0,1440,2024년도 전기자동차 횡성군 모델별 보조금,2024,횡성군
승합(대형),에스에이피,엘페(ELFE),1889,0,1889,2024년도 전기자동차 횡성군 모델별 보조금,2024,횡성군
승합(대형),에스에이피,리오네(LIONNE),1440,0,1440,2024년도 전기자동차 횡성군 모델별 보조금,2024,횡성군
승합(대형),에스에이피,네오포스(NEOFORCE),1440,0,1440,2024년도 전기자동차 횡성군 모델별 보조금,2024,횡성군
승합(대형),GS글로벌,NEW BYD eBus-12,2180,0,2180,2024년도 전기자동차 횡성군 모델별 보조금,2024,횡성군
승합(대형),GS글로벌,BYD eBus9,2310,0,2310,2024년도 전기자동차 횡성군 모델별 보조금,2024,횡성군
승합(대형),GS글로벌,BYD eBus11,3440,0,3440,2024년도 전기자동차 횡성군 모델별 보조금,2024,횡성군
승합(대형),티에스에코에너지,일레누스(TS1100-1),5771,0,5771,2024년도 전기자동차 횡성군 모델별 보조금,2024,횡성군
승합(대형),티에스에코에너지,일레누스(TS900-1),6914,5531,12445,2024년도 전기자동차 횡성군 모델별 보조금,2024,횡성군
승합(대형),이온모터스,시티라이트Ⅱ,2290,0,2290,2024년도 전기자동차 횡성군 모델별 보조금,2024,횡성군
승합(대형),이온모터스,시티라이트9,2310,0,2310,2024년도 전기자동차 횡성군 모델별 보조금,2024,횡성군
승합(대형),한차,GREENWAY1100A,5950,0,5950,2024년도 전기자동차 횡성군 모델별 보조금,2024,횡성군
승합(대형),이엠코리아,에픽시티(LFP),2310,0,2310,2024년도 전기자동차 횡성군 모델별 보조금,2024,횡성군
승합(대형),이엠코리아,에픽타운(LFP),2101,0,2101,2024년도 전기자동차 횡성군 모델별 보조금,2024,횡성군
승합(대형),이엠코리아,에픽시티(NCM),7000,0,7000,2024년도 전기자동차 횡성군 모델별 보조금,2024,횡성군
승합(대형),이엠코리아,에픽타운(NCM),6439,0,6439,2024년도 전기자동차 횡성군 모델별 보조금,2024,횡성군
승합(대형),태영티엔티,GD11N,7000,0,7000,2024년도 전기자동차 횡성군 모델별 보조금,2024,횡성군
승합(대형),재일홀딩스,그린타운400,1539,0,1539,2024년도 전기자동차 횡성군 모델별 보조금,2024,횡성군
승합(대형),아이버스,아이버스어린이운송차,5950,0,5950,2024년도 전기자동차 횡성군 모델별 보조금,2024,횡성군
승합(중형),현대자동차,카운티 일렉트릭,3915,2505,6420,2024년도 전기자동차 영월군 모델별 보조금,2024,영월군
승합(중형),현대자동차,카운티 일렉트릭(마을버스),4000,2560,6560,2024년도 전기자동차 영월군 모델별 보조금,2024,영월군
승합(중형),이비온,"E6(JL618S), 어린이통학",1127,721,1848,2024년도 전기자동차 영월군 모델별 보조금,2024,영월군
승합(중형),GS글로벌,NEW BYD eBus-7,1007,644,1651,2024년도 전기자동차 영월군 모델별 보조금,2024,영월군
승합(중형),한차,GREENWAY720,4250,2720,6970,2024년도 전기자동차 영월군 모델별 보조금,2024,영월군
승합(중형),테라팩토리,"테라밴키즈(2022), 어린이운송용14명",776,496,1272,2024년도 전기자동차 영월군 모델별 보조금,2024,영월군
승합(중형),테라팩토리,"테라밴키즈11(2022), 어린이운송용11명",772,494,1266,2024년도 전기자동차 영월군 모델별 보조금,2024,영월군
승합(중형),테라팩토리,테라밴,767,490,1257,2024년도 전기자동차 영월군 모델별 보조금,2024,영월군
승합(중형),중원자동차,EV J1,1496,957,2453,2024년도 전기자동차 영월군 모델별 보조금,2024,영월군
승합(중형),쏠테로,트라베리-Y540E,1676,1072,2748,2024년도 전기자동차 영월군 모델별 보조금,2024,영월군
승합(중형),쏠테로,트라베리-Y550E,1676,1072,2748,2024년도 전기자동차 영월군 모델별 보조금,2024,영월군
승합(중형),쏠테로,트라베리-Y560E,1676,1072,2748,2024년도 전기자동차 영월군 모델별 보조금,2024,영월군
승합(대형),현대자동차,일렉시티 이층버스,11900,0,11900,2024년도 전기자동차 영월군 모델별 보조금,2024,영월군
승합(대형),현대자동차,일렉시티(3PACK),7000,0,7000,2024년도 전기자동차 영월군 모델별 보조금,2024,영월군
승합(대형),현대자동차,일렉시티(4PACK V1),7000,0,7000,2024년도 전기자동차 영월군 모델별 보조금,2024,영월군
승합(대형),현대자동차,일렉시티(4PACK V2),7000,0,7000,2024년도 전기자동차 영월군 모델별 보조금,2024,영월군
승합(대형),현대자동차,일렉시티 타운,6859,0,6859,2024년도 전기자동차 영월군 모델별 보조금,2024,영월군
승합(대형),케이지모빌리티커머셜,SMART 110(272kWh),3850,0,3850,2024년도 전기자동차 영월군 모델별 보조금,2024,영월군
승합(대형),케이지모빌리티커머셜,SMART 110E(347kWh),5950,0,5950,2024년도 전기자동차 영월군 모델별 보조금,2024,영월군
승합(대형),케이지모빌리티커머셜,SMART 110(260kWh),5724,0,5724,2024년도 전기자동차 영월군 모델별 보조금,2024,영월군
승합(대형),케이지모빌리티커머셜,SMART 110E(260kWh),5950,0,5950,2024년도 전기자동차 영월군 모델별 보조금,2024,영월군
승합(대형),케이지모빌리티커머셜,SMART 110(301kWh),7000,0,7000,2024년도 전기자동차 영월군 모델별 보조금,2024,영월군
승합(대형),우진산전,아폴로900전기버스,4719,0,4719,2024년도 전기자동차 영월군 모델별 보조금,2024,영월군
승합(대형),우진산전,아폴로1100전기버스 23MY,7000,0,7000,2024년도 전기자동차 영월군 모델별 보조금,2024,영월군
승합(대형),우진산전,아폴로1200-B43,7000,0,7000,2024년도 전기자동차 영월군 모델별 보조금,2024,영월군
승합(대형),우진산전,아폴로1200-S42,7000,0,7000,2024년도 전기자동차 영월군 모델별 보조금,2024,영월군
승합(대형),우진산전,아폴로1200-B42,7000,0,7000,2024년도 전기자동차 영월군 모델별 보조금,2024,영월군
승합(대형),우진산전,아폴로1200-B29,7000,0,7000,2024년도 전기자동차 영월군 모델별 보조금,2024,영월군
승합(대형),우진산전,아폴로1200-S29,7000,0,7000,2024년도 전기자동차 영월군 모델별 보조금,2024,영월군
승합(대형),피라인모터스,HYPERS1609N,5796,0,5796,2024년도 전기자동차 영월군 모델별 보조금,2024,영월군
승합(대형),피라인모터스,HYPERS1611N,5440,0,5440,2024년도 전기자동차 영월군 모델별 보조금,2024,영월군
승합(대형),피라인모터스,HYPERS1609HN,5755,0,5755,2024년도 전기자동차 영월군 모델별 보조금,2024,영월군
승합(대형),피라인모터스,HYPERS1609N(25인승),5794,0,5794,2024년도 전기자동차 영월군 모델별 보조금,2024,영월군
승합(대형),피라인모터스,HYPERS1609HN(25인승),5755,0,5755,2024년도 전기자동차 영월군 모델별 보조금,2024,영월군
승합(대형),피라인모터스,HYPERS PRIME,7000,0,7000,2024년도 전기자동차 영월군 모델별 보조금,2024,영월군
승합(대형),피라인모터스,HYPERS1609P(접이식),7000,0,7000,2024년도 전기자동차 영월군 모델별 보조금,2024,영월군
승합(대형),피라인모터스,HYPERS1609P(힙레스트),7000,0,7000,2024년도 전기자동차 영월군 모델별 보조금,2024,영월군
승합(대형),피라인모터스,HYPERS1609P(25인승 접이식),7000,0,7000,2024년도 전기자동차 영월군 모델별 보조금,2024,영월군
승합(대형),피라인모터스,HYPERS1609P(25인승 힙레스트),7000,0,7000,2024년도 전기자동차 영월군 모델별 보조금,2024,영월군
승합(대형),피라인모터스,HYPERS1611P(접이식),7000,0,7000,2024년도 전기자동차 영월군 모델별 보조금,2024,영월군
승합(대형),피라인모터스,HYPERS1611P(힙레스트),7000,0,7000,2024년도 전기자동차 영월군 모델별 보조금,2024,영월군
승합(대형),범한자동차,E-SKY11(350kWh),1980,0,1980,2024년도 전기자동차 영월군 모델별 보조금,2024,영월군
승합(대형),범한자동차,E-SKY9(281kWh),1980,0,1980,2024년도 전기자동차 영월군 모델별 보조금,2024,영월군
승합(대형),범한자동차,E-STAR8 V1,1719,0,1719,2024년도 전기자동차 영월군 모델별 보조금,2024,영월군
승합(대형),범한자동차,E-STAR11,1980,0,1980,2024년도 전기자동차 영월군 모델별 보조금,2024,영월군
승합(대형),범한자동차,E-STAR12i,2480,0,2480,2024년도 전기자동차 영월군 모델별 보조금,2024,영월군
승합(대형),에스에이피,아이즘(IZM),1440,0,1440,2024년도 전기자동차 영월군 모델별 보조금,2024,영월군
승합(대형),에스에이피,엘페(ELFE),1889,0,1889,2024년도 전기자동차 영월군 모델별 보조금,2024,영월군
승합(대형),에스에이피,리오네(LIONNE),1440,0,1440,2024년도 전기자동차 영월군 모델별 보조금,2024,영월군
승합(대형),에스에이피,네오포스(NEOFORCE),1440,0,1440,2024년도 전기자동차 영월군 모델별 보조금,2024,영월군
승합(대형),GS글로벌,NEW BYD eBus-12,2180,0,2180,2024년도 전기자동차 영월군 모델별 보조금,2024,영월군
승합(대형),GS글로벌,BYD eBus9,2310,0,2310,2024년도 전기자동차 영월군 모델별 보조금,2024,영월군
승합(대형),티에스에코에너지,일레누스(TS1100-1),5771,0,5771,2024년도 전기자동차 영월군 모델별 보조금,2024,영월군
승합(대형),티에스에코에너지,일레누스(TS900-1),6914,0,6914,2024년도 전기자동차 영월군 모델별 보조금,2024,영월군
승합(대형),이온모터스,시티라이트Ⅱ,2290,0,2290,2024년도 전기자동차 영월군 모델별 보조금,2024,영월군
승합(대형),이온모터스,시티라이트9,2310,0,2310,2024년도 전기자동차 영월군 모델별 보조금,2024,영월군
승합(대형),한차,GREENWAY1100A,5950,0,5950,2024년도 전기자동차 영월군 모델별 보조금,2024,영월군
승합(대형),이엠코리아,에픽시티(LFP),2310,0,2310,2024년도 전기자동차 영월군 모델별 보조금,2024,영월군
승합(대형),이엠코리아,에픽타운(LFP),2101,0,2101,2024년도 전기자동차 영월군 모델별 보조금,2024,영월군
승합(대형),재일홀딩스,그린타운400,1539,0,1539,2024년도 전기자동차 영월군 모델별 보조금,2024,영월군
승합(중형),현대자동차,카운티 일렉트릭,3915,2505,6420,2024년도 전기자동차 평창군 모델별 보조금,2024,평창군
승합(중형),현대자동차,카운티 일렉트릭(마을버스),4000,2560,6560,2024년도 전기자동차 평창군 모델별 보조금,2024,평창군
승합(중형),이비온,"E6(JL618S), 어린이통학",1127,721,1848,2024년도 전기자동차 평창군 모델별 보조금,2024,평창군
승합(중형),GS글로벌,NEW BYD eBus-7,1007,644,1651,2024년도 전기자동차 평창군 모델별 보조금,2024,평창군
승합(중형),한차,GREENWAY720,4250,2720,6970,2024년도 전기자동차 평창군 모델별 보조금,2024,평창군
승합(중형),테라팩토리,"테라밴키즈(2022), 어린이운송용14명",776,496,1272,2024년도 전기자동차 평창군 모델별 보조금,2024,평창군
승합(중형),테라팩토리,"테라밴키즈11(2022), 어린이운송용11명",772,494,1266,2024년도 전기자동차 평창군 모델별 보조금,2024,평창군
승합(중형),테라팩토리,테라밴,767,490,1257,2024년도 전기자동차 평창군 모델별 보조금,2024,평창군
승합(중형),중원자동차,EV J1,1496,957,2453,2024년도 전기자동차 평창군 모델별 보조금,2024,평창군
승합(중형),쏠테로,트라베리-Y540E,1676,1072,2748,2024년도 전기자동차 평창군 모델별 보조금,2024,평창군
승합(중형),쏠테로,트라베리-Y550E,1676,1072,2748,2024년도 전기자동차 평창군 모델별 보조금,2024,평창군
승합(중형),쏠테로,트라베리-Y560E,1676,1072,2748,2024년도 전기자동차 평창군 모델별 보조금,2024,평창군
승합(중형),리텍,e-CENTRO-K,2385,1907,4292,2024년도 전기자동차 평창군 모델별 보조금,2024,평창군
승합(중형),에빅오토모티브코리아,세레온(어린이),5000,3200,8200,2024년도 전기자동차 평창군 모델별 보조금,2024,평창군
승합(중형),에빅오토모티브코리아,세레온(마을),5000,3200,8200,2024년도 전기자동차 평창군 모델별 보조금,2024,평창군
승합(대형),현대자동차,일렉시티 이층버스,11900,9520,21420,2024년도 전기자동차 평창군 모델별 보조금,2024,평창군
승합(대형),현대자동차,일렉시티(3PACK),7000,5600,12600,2024년도 전기자동차 평창군 모델별 보조금,2024,평창군
승합(대형),현대자동차,일렉시티(4PACK V1),7000,5600,12600,2024년도 전기자동차 평창군 모델별 보조금,2024,평창군
승합(대형),현대자동차,일렉시티(4PACK V2),7000,0,7000,2024년도 전기자동차 평창군 모델별 보조금,2024,평창군
승합(대형),현대자동차,일렉시티 타운,6859,5487,12346,2024년도 전기자동차 평창군 모델별 보조금,2024,평창군
승합(대형),케이지모빌리티커머셜,SMART 110(272kWh),3850,3080,6930,2024년도 전기자동차 평창군 모델별 보조금,2024,평창군
승합(대형),케이지모빌리티커머셜,SMART 110E(347kWh),5950,4760,10710,2024년도 전기자동차 평창군 모델별 보조금,2024,평창군
승합(대형),케이지모빌리티커머셜,SMART 110(260kWh),5724,4579,10303,2024년도 전기자동차 평창군 모델별 보조금,2024,평창군
승합(대형),케이지모빌리티커머셜,SMART 110E(260kWh),5950,4579,10529,2024년도 전기자동차 평창군 모델별 보조금,2024,평창군
승합(대형),케이지모빌리티커머셜,SMART 110(301kWh),7000,5600,12600,2024년도 전기자동차 평창군 모델별 보조금,2024,평창군
승합(대형),케이지모빌리티커머셜,KG C090,6916,5531,12447,2024년도 전기자동차 평창군 모델별 보조금,2024,평창군
승합(대형),우진산전,아폴로900전기버스,4719,3775,8494,2024년도 전기자동차 평창군 모델별 보조금,2024,평창군
승합(대형),우진산전,아폴로1100전기버스 23MY,7000,5600,12600,2024년도 전기자동차 평창군 모델별 보조금,2024,평창군
승합(대형),우진산전,아폴로1200-B43,7000,5600,12600,2024년도 전기자동차 평창군 모델별 보조금,2024,평창군
승합(대형),우진산전,아폴로1200-S42,7000,5600,12600,2024년도 전기자동차 평창군 모델별 보조금,2024,평창군
승합(대형),우진산전,아폴로1200-B42,7000,5600,12600,2024년도 전기자동차 평창군 모델별 보조금,2024,평창군
승합(대형),우진산전,아폴로1200-B29,7000,5600,12600,2024년도 전기자동차 평창군 모델별 보조금,2024,평창군
승합(대형),우진산전,아폴로1200-S29,7000,5600,12600,2024년도 전기자동차 평창군 모델별 보조금,2024,평창군
승합(대형),우진산전,아폴로900 V2.0,6819,4363,11182,2024년도 전기자동차 평창군 모델별 보조금,2024,평창군
승합(대형),우진산전,아폴로1100 양문형,6459,4133,10592,2024년도 전기자동차 평창군 모델별 보조금,2024,평창군
승합(대형),우진산전,아폴로1100 V2.0,7000,5600,12600,2024년도 전기자동차 평창군 모델별 보조금,2024,평창군
승합(대형),피라인모터스,HYPERS1609N,5796,4636,10432,2024년도 전기자동차 평창군 모델별 보조금,2024,평창군
승합(대형),피라인모터스,HYPERS1611N,5440,4352,9792,2024년도 전기자동차 평창군 모델별 보조금,2024,평창군
승합(대형),피라인모터스,HYPERS1609HN,5755,4604,10359,2024년도 전기자동차 평창군 모델별 보조금,2024,평창군
승합(대형),피라인모터스,HYPERS1609N(25인승),5794,4635,10429,2024년도 전기자동차 평창군 모델별 보조금,2024,평창군
승합(대형),피라인모터스,HYPERS1609HN(25인승),5755,4604,10359,2024년도 전기자동차 평창군 모델별 보조금,2024,평창군
승합(대형),피라인모터스,HYPERS PRIME,7000,5600,12600,2024년도 전기자동차 평창군 모델별 보조금,2024,평창군
승합(대형),피라인모터스,HYPERS1609P(접이식),7000,5600,12600,2024년도 전기자동차 평창군 모델별 보조금,2024,평창군
승합(대형),피라인모터스,HYPERS1609P(힙레스트),7000,5600,12600,2024년도 전기자동차 평창군 모델별 보조금,2024,평창군
승합(대형),피라인모터스,HYPERS1609P(25인승 접이식),7000,5600,12600,2024년도 전기자동차 평창군 모델별 보조금,2024,평창군
승합(대형),피라인모터스,HYPERS1609P(25인승 힙레스트),7000,5600,12600,2024년도 전기자동차 평창군 모델별 보조금,2024,평창군
승합(대형),피라인모터스,HYPERS1611P(접이식),7000,5600,12600,2024년도 전기자동차 평창군 모델별 보조금,2024,평창군
승합(대형),피라인모터스,HYPERS1611P(힙레스트),7000,5600,12600,2024년도 전기자동차 평창군 모델별 보조금,2024,평창군
승합(대형),피라인모터스,HYPERS HP,7000,5600,12600,2024년도 전기자동차 평창군 모델별 보조금,2024,평창군
승합(대형),범한자동차,E-SKY11(350kWh),1980,1584,3564,2024년도 전기자동차 평창군 모델별 보조금,2024,평창군
승합(대형),범한자동차,E-SKY9(281kWh),1980,1584,3564,2024년도 전기자동차 평창군 모델별 보조금,2024,평창군
승합(대형),범한자동차,E-STAR8 V1,1719,1375,3094,2024년도 전기자동차 평창군 모델별 보조금,2024,평창군
승합(대형),범한자동차,E-STAR11,1980,1584,3564,2024년도 전기자동차 평창군 모델별 보조금,2024,평창군
승합(대형),범한자동차,E-STAR12i,2480,1984,4464,2024년도 전기자동차 평창군 모델별 보조금,2024,평창군
승합(대형),에스에이피,아이즘(IZM),1440,1152,2592,2024년도 전기자동차 평창군 모델별 보조금,2024,평창군
승합(대형),에스에이피,엘페(ELFE),1889,1511,3400,2024년도 전기자동차 평창군 모델별 보조금,2024,평창군
승합(대형),에스에이피,리오네(LIONNE),1440,1152,2592,2024년도 전기자동차 평창군 모델별 보조금,2024,평창군
승합(대형),에스에이피,네오포스(NEOFORCE),1440,1152,2592,2024년도 전기자동차 평창군 모델별 보조금,2024,평창군
승합(대형),GS글로벌,NEW BYD eBus-12,2180,1744,3924,2024년도 전기자동차 평창군 모델별 보조금,2024,평창군
승합(대형),GS글로벌,BYD eBus9,2310,1848,4158,2024년도 전기자동차 평창군 모델별 보조금,2024,평창군
승합(대형),GS글로벌,BYD eBus11,3440,2752,6192,2024년도 전기자동차 평창군 모델별 보조금,2024,평창군
승합(대형),티에스에코에너지,일레누스(TS1100-1),5771,4616,10387,2024년도 전기자동차 평창군 모델별 보조금,2024,평창군
승합(대형),티에스에코에너지,일레누스(TS900-1),6914,5531,12445,2024년도 전기자동차 평창군 모델별 보조금,2024,평창군
승합(대형),이온모터스,시티라이트Ⅱ,2290,1877,4167,2024년도 전기자동차 평창군 모델별 보조금,2024,평창군
승합(대형),이온모터스,시티라이트9,2310,1848,4158,2024년도 전기자동차 평창군 모델별 보조금,2024,평창군
승합(대형),한차,GREENWAY1100A,5950,4760,10710,2024년도 전기자동차 평창군 모델별 보조금,2024,평창군
승합(대형),이엠코리아,에픽시티(LFP),2310,1848,4158,2024년도 전기자동차 평창군 모델별 보조금,2024,평창군
승합(대형),이엠코리아,에픽타운(LFP),2101,1680,3781,2024년도 전기자동차 평창군 모델별 보조금,2024,평창군
승합(대형),이엠코리아,에픽시티(NCM),7000,5600,12600,2024년도 전기자동차 평창군 모델별 보조금,2024,평창군
승합(대형),이엠코리아,에픽타운(NCM),6439,5150,11589,2024년도 전기자동차 평창군 모델별 보조금,2024,평창군
승합(대형),태영티엔티,GD11N,7000,5600,12600,2024년도 전기자동차 평창군 모델별 보조금,2024,평창군
승합(대형),재일홀딩스,그린타운400,1539,1231,2770,2024년도 전기자동차 평창군 모델별 보조금,2024,평창군
승합(대형),아이버스,아이버스어린이운송차,5950,0,5950,2024년도 전기자동차 평창군 모델별 보조금,2024,평창군
승합(중형),현대자동차,카운티 일렉트릭,3915,2505,6420,2024년도 전기자동차 정선군 모델별 보조금,2024,정선군
승합(중형),현대자동차,카운티 일렉트릭(마을버스),4000,2560,6560,2024년도 전기자동차 정선군 모델별 보조금,2024,정선군
승합(중형),이비온,"E6(JL618S), 어린이통학",1127,721,1848,2024년도 전기자동차 정선군 모델별 보조금,2024,정선군
승합(중형),GS글로벌,NEW BYD eBus-7,1007,644,1651,2024년도 전기자동차 정선군 모델별 보조금,2024,정선군
승합(중형),한차,GREENWAY720,4250,2720,6970,2024년도 전기자동차 정선군 모델별 보조금,2024,정선군
승합(중형),테라팩토리,"테라밴키즈(2022), 어린이운송용14명",776,496,1272,2024년도 전기자동차 정선군 모델별 보조금,2024,정선군
승합(중형),테라팩토리,"테라밴키즈11(2022), 어린이운송용11명",772,494,1266,2024년도 전기자동차 정선군 모델별 보조금,2024,정선군
승합(중형),테라팩토리,테라밴,767,490,1257,2024년도 전기자동차 정선군 모델별 보조금,2024,정선군
승합(중형),중원자동차,EV J1,1496,957,2453,2024년도 전기자동차 정선군 모델별 보조금,2024,정선군
승합(중형),쏠테로,트라베리-Y540E,1676,1072,2748,2024년도 전기자동차 정선군 모델별 보조금,2024,정선군
승합(중형),쏠테로,트라베리-Y550E,1676,1072,2748,2024년도 전기자동차 정선군 모델별 보조금,2024,정선군
승합(중형),쏠테로,트라베리-Y560E,1676,1072,2748,2024년도 전기자동차 정선군 모델별 보조금,2024,정선군
승합(중형),리텍,e-CENTRO-K,2385,1907,4292,2024년도 전기자동차 정선군 모델별 보조금,2024,정선군
승합(중형),에빅오토모티브코리아,세레온(어린이),5000,3200,8200,2024년도 전기자동차 정선군 모델별 보조금,2024,정선군
승합(중형),에빅오토모티브코리아,세레온(마을),5000,3200,8200,2024년도 전기자동차 정선군 모델별 보조금,2024,정선군
승합(대형),현대자동차,일렉시티 이층버스,11900,9520,21420,2024년도 전기자동차 정선군 모델별 보조금,2024,정선군
승합(대형),현대자동차,일렉시티(3PACK),7000,5600,12600,2024년도 전기자동차 정선군 모델별 보조금,2024,정선군
승합(대형),현대자동차,일렉시티(4PACK V1),7000,5600,12600,2024년도 전기자동차 정선군 모델별 보조금,2024,정선군
승합(대형),현대자동차,일렉시티(4PACK V2),7000,0,7000,2024년도 전기자동차 정선군 모델별 보조금,2024,정선군
승합(대형),현대자동차,일렉시티 타운,6859,5487,12346,2024년도 전기자동차 정선군 모델별 보조금,2024,정선군
승합(대형),케이지모빌리티커머셜,SMART 110(272kWh),3850,3080,6930,2024년도 전기자동차 정선군 모델별 보조금,2024,정선군
승합(대형),케이지모빌리티커머셜,SMART 110E(347kWh),5950,4760,10710,2024년도 전기자동차 정선군 모델별 보조금,2024,정선군
승합(대형),케이지모빌리티커머셜,SMART 110(260kWh),5724,4579,10303,2024년도 전기자동차 정선군 모델별 보조금,2024,정선군
승합(대형),케이지모빌리티커머셜,SMART 110E(260kWh),5950,4760,10710,2024년도 전기자동차 정선군 모델별 보조금,2024,정선군
승합(대형),케이지모빌리티커머셜,SMART 110(301kWh),7000,5600,12600,2024년도 전기자동차 정선군 모델별 보조금,2024,정선군
승합(대형),우진산전,아폴로900전기버스,4719,3775,8494,2024년도 전기자동차 정선군 모델별 보조금,2024,정선군
승합(대형),우진산전,아폴로1100전기버스 23MY,7000,5600,12600,2024년도 전기자동차 정선군 모델별 보조금,2024,정선군
승합(대형),우진산전,아폴로1200-B43,7000,5600,12600,2024년도 전기자동차 정선군 모델별 보조금,2024,정선군
승합(대형),우진산전,아폴로1200-S42,7000,5600,12600,2024년도 전기자동차 정선군 모델별 보조금,2024,정선군
승합(대형),우진산전,아폴로1200-B42,7000,5600,12600,2024년도 전기자동차 정선군 모델별 보조금,2024,정선군
승합(대형),우진산전,아폴로1200-B29,7000,5600,12600,2024년도 전기자동차 정선군 모델별 보조금,2024,정선군
승합(대형),우진산전,아폴로1200-S29,7000,5600,12600,2024년도 전기자동차 정선군 모델별 보조금,2024,정선군
승합(대형),우진산전,아폴로900 V2.0,6819,4363,11182,2024년도 전기자동차 정선군 모델별 보조금,2024,정선군
승합(대형),우진산전,아폴로1100 양문형,6459,4133,10592,2024년도 전기자동차 정선군 모델별 보조금,2024,정선군
승합(대형),피라인모터스,HYPERS1609N,5796,4636,10432,2024년도 전기자동차 정선군 모델별 보조금,2024,정선군
승합(대형),피라인모터스,HYPERS1611N,5440,4352,9792,2024년도 전기자동차 정선군 모델별 보조금,2024,정선군
승합(대형),피라인모터스,HYPERS1609HN,5755,4604,10359,2024년도 전기자동차 정선군 모델별 보조금,2024,정선군
승합(대형),피라인모터스,HYPERS1609N(25인승),5794,4635,10429,2024년도 전기자동차 정선군 모델별 보조금,2024,정선군
승합(대형),피라인모터스,HYPERS1609HN(25인승),5755,4604,10359,2024년도 전기자동차 정선군 모델별 보조금,2024,정선군
승합(대형),피라인모터스,HYPERS PRIME,7000,5600,12600,2024년도 전기자동차 정선군 모델별 보조금,2024,정선군
승합(대형),피라인모터스,HYPERS1609P(접이식),7000,5600,12600,2024년도 전기자동차 정선군 모델별 보조금,2024,정선군
승합(대형),피라인모터스,HYPERS1609P(힙레스트),7000,5600,12600,2024년도 전기자동차 정선군 모델별 보조금,2024,정선군
승합(대형),피라인모터스,HYPERS1609P(25인승 접이식),7000,5600,12600,2024년도 전기자동차 정선군 모델별 보조금,2024,정선군
승합(대형),피라인모터스,HYPERS1609P(25인승 힙레스트),7000,5600,12600,2024년도 전기자동차 정선군 모델별 보조금,2024,정선군
승합(대형),피라인모터스,HYPERS1611P(접이식),7000,5600,12600,2024년도 전기자동차 정선군 모델별 보조금,2024,정선군
승합(대형),피라인모터스,HYPERS1611P(힙레스트),7000,5600,12600,2024년도 전기자동차 정선군 모델별 보조금,2024,정선군
승합(대형),피라인모터스,HYPERS HP,7000,5600,12600,2024년도 전기자동차 정선군 모델별 보조금,2024,정선군
승합(대형),범한자동차,E-SKY11(350kWh),1980,1584,3564,2024년도 전기자동차 정선군 모델별 보조금,2024,정선군
승합(대형),범한자동차,E-SKY9(281kWh),1980,1584,3564,2024년도 전기자동차 정선군 모델별 보조금,2024,정선군
승합(대형),범한자동차,E-STAR8 V1,1719,1375,3094,2024년도 전기자동차 정선군 모델별 보조금,2024,정선군
승합(대형),범한자동차,E-STAR11,1980,1584,3564,2024년도 전기자동차 정선군 모델별 보조금,2024,정선군
승합(대형),범한자동차,E-STAR12i,2480,1984,4464,2024년도 전기자동차 정선군 모델별 보조금,2024,정선군
승합(대형),에스에이피,아이즘(IZM),1440,1152,2592,2024년도 전기자동차 정선군 모델별 보조금,2024,정선군
승합(대형),에스에이피,엘페(ELFE),1889,1511,3400,2024년도 전기자동차 정선군 모델별 보조금,2024,정선군
승합(대형),에스에이피,리오네(LIONNE),1440,1152,2592,2024년도 전기자동차 정선군 모델별 보조금,2024,정선군
승합(대형),에스에이피,네오포스(NEOFORCE),1440,1152,2592,2024년도 전기자동차 정선군 모델별 보조금,2024,정선군
승합(대형),GS글로벌,NEW BYD eBus-12,2180,1744,3924,2024년도 전기자동차 정선군 모델별 보조금,2024,정선군
승합(대형),GS글로벌,BYD eBus9,2310,1848,4158,2024년도 전기자동차 정선군 모델별 보조금,2024,정선군
승합(대형),GS글로벌,BYD eBus11,3440,2752,6192,2024년도 전기자동차 정선군 모델별 보조금,2024,정선군
승합(대형),티에스에코에너지,일레누스(TS1100-1),5771,4616,10387,2024년도 전기자동차 정선군 모델별 보조금,2024,정선군
승합(대형),티에스에코에너지,일레누스(TS900-1),6914,5531,12445,2024년도 전기자동차 정선군 모델별 보조금,2024,정선군
승합(대형),이온모터스,시티라이트Ⅱ,2290,1832,4122,2024년도 전기자동차 정선군 모델별 보조금,2024,정선군
승합(대형),이온모터스,시티라이트9,2310,1848,4158,2024년도 전기자동차 정선군 모델별 보조금,2024,정선군
승합(대형),한차,GREENWAY1100A,5950,4760,10710,2024년도 전기자동차 정선군 모델별 보조금,2024,정선군
승합(대형),이엠코리아,에픽시티(LFP),2310,1848,4158,2024년도 전기자동차 정선군 모델별 보조금,2024,정선군
승합(대형),이엠코리아,에픽타운(LFP),2101,1680,3781,2024년도 전기자동차 정선군 모델별 보조금,2024,정선군
승합(대형),태영티엔티,GD11N,7000,5600,12600,2024년도 전기자동차 정선군 모델별 보조금,2024,정선군
승합(대형),재일홀딩스,그린타운400,1539,1231,2770,2024년도 전기자동차 정선군 모델별 보조금,2024,정선군
승합(대형),아이버스,아이버스어린이운송차,5950,0,5950,2024년도 전기자동차 정선군 모델별 보조금,2024,정선군
승합(중형),현대자동차,카운티 일렉트릭,3915,2505,6420,2024년도 전기자동차 철원군 모델별 보조금,2024,철원군
승합(중형),현대자동차,카운티 일렉트릭(마을버스),4000,2560,6560,2024년도 전기자동차 철원군 모델별 보조금,2024,철원군
승합(중형),이비온,"E6(JL618S), 어린이통학",1127,721,1848,2024년도 전기자동차 철원군 모델별 보조금,2024,철원군
승합(중형),GS글로벌,NEW BYD eBus-7,1007,644,1651,2024년도 전기자동차 철원군 모델별 보조금,2024,철원군
승합(중형),한차,GREENWAY720,4250,2720,6970,2024년도 전기자동차 철원군 모델별 보조금,2024,철원군
승합(중형),테라팩토리,"테라밴키즈(2022), 어린이운송용14명",776,496,1272,2024년도 전기자동차 철원군 모델별 보조금,2024,철원군
승합(중형),테라팩토리,"테라밴키즈11(2022), 어린이운송용11명",772,494,1266,2024년도 전기자동차 철원군 모델별 보조금,2024,철원군
승합(중형),테라팩토리,테라밴,767,490,1257,2024년도 전기자동차 철원군 모델별 보조금,2024,철원군
승합(중형),중원자동차,EV J1,1496,957,2453,2024년도 전기자동차 철원군 모델별 보조금,2024,철원군
승합(대형),케이지모빌리티커머셜,SMART 110(260kWh),5724,4579,10303,2024년도 전기자동차 철원군 모델별 보조금,2024,철원군
승합(대형),케이지모빌리티커머셜,SMART 110(301kWh),7000,5600,12600,2024년도 전기자동차 철원군 모델별 보조금,2024,철원군
승합(대형),GS글로벌,NEW BYD eBus-12,2180,1744,3924,2024년도 전기자동차 철원군 모델별 보조금,2024,철원군
승합(대형),GS글로벌,BYD eBus9,2310,1848,4158,2024년도 전기자동차 철원군 모델별 보조금,2024,철원군
승합(중형),현대자동차,카운티 일렉트릭,3915,0,3915,2024년도 전기자동차 화천군 모델별 보조금,2024,화천군
승합(중형),현대자동차,카운티 일렉트릭(마을버스),4000,0,4000,2024년도 전기자동차 화천군 모델별 보조금,2024,화천군
승합(중형),이비온,"E6(JL618S), 어린이통학",1127,0,1127,2024년도 전기자동차 화천군 모델별 보조금,2024,화천군
승합(중형),GS글로벌,NEW BYD eBus-7,1007,0,1007,2024년도 전기자동차 화천군 모델별 보조금,2024,화천군
승합(중형),한차,GREENWAY720,4250,0,4250,2024년도 전기자동차 화천군 모델별 보조금,2024,화천군
승합(중형),테라팩토리,"테라밴키즈(2022), 어린이운송용14명",776,0,776,2024년도 전기자동차 화천군 모델별 보조금,2024,화천군
승합(중형),테라팩토리,"테라밴키즈11(2022), 어린이운송용11명",772,0,772,2024년도 전기자동차 화천군 모델별 보조금,2024,화천군
승합(중형),테라팩토리,테라밴,767,0,767,2024년도 전기자동차 화천군 모델별 보조금,2024,화천군
승합(중형),중원자동차,EV J1,1496,0,1496,2024년도 전기자동차 화천군 모델별 보조금,2024,화천군
승합(중형),쏠테로,트라베리-Y540E,1676,0,1676,2024년도 전기자동차 화천군 모델별 보조금,2024,화천군
승합(중형),쏠테로,트라베리-Y550E,1676,0,1676,2024년도 전기자동차 화천군 모델별 보조금,2024,화천군
승합(중형),쏠테로,트라베리-Y560E,1676,0,1676,2024년도 전기자동차 화천군 모델별 보조금,2024,화천군
승합(중형),리텍,e-CENTRO-K,2385,0,2385,2024년도 전기자동차 화천군 모델별 보조금,2024,화천군
승합(중형),에빅오토모티브코리아,세레온(어린이),5000,0,5000,2024년도 전기자동차 화천군 모델별 보조금,2024,화천군
승합(중형),에빅오토모티브코리아,세레온(마을),5000,0,5000,2024년도 전기자동차 화천군 모델별 보조금,2024,화천군
승합(대형),현대자동차,일렉시티 이층버스,11900,0,11900,2024년도 전기자동차 화천군 모델별 보조금,2024,화천군
승합(대형),현대자동차,일렉시티(3PACK),7000,0,7000,2024년도 전기자동차 화천군 모델별 보조금,2024,화천군
승합(대형),현대자동차,일렉시티(4PACK V1),7000,0,7000,2024년도 전기자동차 화천군 모델별 보조금,2024,화천군
승합(대형),현대자동차,일렉시티(4PACK V2),7000,0,7000,2024년도 전기자동차 화천군 모델별 보조금,2024,화천군
승합(대형),현대자동차,일렉시티 타운,6859,0,6859,2024년도 전기자동차 화천군 모델별 보조금,2024,화천군
승합(대형),케이지모빌리티커머셜,SMART 110(272kWh),3850,0,3850,2024년도 전기자동차 화천군 모델별 보조금,2024,화천군
승합(대형),케이지모빌리티커머셜,SMART 110E(347kWh),5950,0,5950,2024년도 전기자동차 화천군 모델별 보조금,2024,화천군
승합(대형),케이지모빌리티커머셜,SMART 110(260kWh),5724,0,5724,2024년도 전기자동차 화천군 모델별 보조금,2024,화천군
승합(대형),케이지모빌리티커머셜,SMART 110E(260kWh),5950,0,5950,2024년도 전기자동차 화천군 모델별 보조금,2024,화천군
승합(대형),케이지모빌리티커머셜,SMART 110(301kWh),7000,0,7000,2024년도 전기자동차 화천군 모델별 보조금,2024,화천군
승합(대형),우진산전,아폴로900전기버스,4719,0,4719,2024년도 전기자동차 화천군 모델별 보조금,2024,화천군
승합(대형),우진산전,아폴로1100전기버스 23MY,7000,0,7000,2024년도 전기자동차 화천군 모델별 보조금,2024,화천군
승합(대형),우진산전,아폴로1200-B43,7000,0,7000,2024년도 전기자동차 화천군 모델별 보조금,2024,화천군
승합(대형),우진산전,아폴로1200-S42,7000,0,7000,2024년도 전기자동차 화천군 모델별 보조금,2024,화천군
승합(대형),우진산전,아폴로1200-B42,7000,0,7000,2024년도 전기자동차 화천군 모델별 보조금,2024,화천군
승합(대형),우진산전,아폴로1200-B29,7000,0,7000,2024년도 전기자동차 화천군 모델별 보조금,2024,화천군
승합(대형),우진산전,아폴로1200-S29,7000,0,7000,2024년도 전기자동차 화천군 모델별 보조금,2024,화천군
승합(대형),우진산전,아폴로900 V2.0,6819,0,6819,2024년도 전기자동차 화천군 모델별 보조금,2024,화천군
승합(대형),우진산전,아폴로1100 양문형,6459,0,6459,2024년도 전기자동차 화천군 모델별 보조금,2024,화천군
승합(대형),피라인모터스,HYPERS1609N,5796,4636,10432,2024년도 전기자동차 화천군 모델별 보조금,2024,화천군
승합(대형),피라인모터스,HYPERS1611N,5440,4352,9792,2024년도 전기자동차 화천군 모델별 보조금,2024,화천군
승합(대형),피라인모터스,HYPERS1609HN,5755,4604,10359,2024년도 전기자동차 화천군 모델별 보조금,2024,화천군
승합(대형),피라인모터스,HYPERS1609N(25인승),5794,4635,10429,2024년도 전기자동차 화천군 모델별 보조금,2024,화천군
승합(대형),피라인모터스,HYPERS1609HN(25인승),5755,4604,10359,2024년도 전기자동차 화천군 모델별 보조금,2024,화천군
승합(대형),피라인모터스,HYPERS PRIME,7000,5600,12600,2024년도 전기자동차 화천군 모델별 보조금,2024,화천군
승합(대형),피라인모터스,HYPERS1609P(접이식),7000,5600,12600,2024년도 전기자동차 화천군 모델별 보조금,2024,화천군
승합(대형),피라인모터스,HYPERS1609P(힙레스트),7000,5600,12600,2024년도 전기자동차 화천군 모델별 보조금,2024,화천군
승합(대형),피라인모터스,HYPERS1609P(25인승 접이식),7000,5600,12600,2024년도 전기자동차 화천군 모델별 보조금,2024,화천군
승합(대형),피라인모터스,HYPERS1609P(25인승 힙레스트),7000,5600,12600,2024년도 전기자동차 화천군 모델별 보조금,2024,화천군
승합(대형),피라인모터스,HYPERS1611P(접이식),7000,5600,12600,2024년도 전기자동차 화천군 모델별 보조금,2024,화천군
승합(대형),피라인모터스,HYPERS1611P(힙레스트),7000,5600,12600,2024년도 전기자동차 화천군 모델별 보조금,2024,화천군
승합(대형),피라인모터스,HYPERS HP,7000,5600,12600,2024년도 전기자동차 화천군 모델별 보조금,2024,화천군
승합(대형),범한자동차,E-SKY11(350kWh),1980,0,1980,2024년도 전기자동차 화천군 모델별 보조금,2024,화천군
승합(대형),범한자동차,E-SKY9(281kWh),1980,0,1980,2024년도 전기자동차 화천군 모델별 보조금,2024,화천군
승합(대형),범한자동차,E-STAR8 V1,1719,0,1719,2024년도 전기자동차 화천군 모델별 보조금,2024,화천군
승합(대형),범한자동차,E-STAR11,1980,0,1980,2024년도 전기자동차 화천군 모델별 보조금,2024,화천군
승합(대형),범한자동차,E-STAR12i,2480,0,2480,2024년도 전기자동차 화천군 모델별 보조금,2024,화천군
승합(대형),에스에이피,아이즘(IZM),1440,0,1440,2024년도 전기자동차 화천군 모델별 보조금,2024,화천군
승합(대형),에스에이피,엘페(ELFE),1889,0,1889,2024년도 전기자동차 화천군 모델별 보조금,2024,화천군
승합(대형),에스에이피,리오네(LIONNE),1440,0,1440,2024년도 전기자동차 화천군 모델별 보조금,2024,화천군
승합(대형),에스에이피,네오포스(NEOFORCE),1440,0,1440,2024년도 전기자동차 화천군 모델별 보조금,2024,화천군
승합(대형),GS글로벌,NEW BYD eBus-12,2180,0,2180,2024년도 전기자동차 화천군 모델별 보조금,2024,화천군
승합(대형),GS글로벌,BYD eBus9,2310,0,2310,2024년도 전기자동차 화천군 모델별 보조금,2024,화천군
승합(대형),GS글로벌,BYD eBus11,3440,0,3440,2024년도 전기자동차 화천군 모델별 보조금,2024,화천군
승합(대형),티에스에코에너지,일레누스(TS1100-1),5771,0,5771,2024년도 전기자동차 화천군 모델별 보조금,2024,화천군
승합(대형),티에스에코에너지,일레누스(TS900-1),6914,0,6914,2024년도 전기자동차 화천군 모델별 보조금,2024,화천군
승합(대형),이온모터스,시티라이트Ⅱ,2290,0,2290,2024년도 전기자동차 화천군 모델별 보조금,2024,화천군
승합(대형),이온모터스,시티라이트9,2310,0,2310,2024년도 전기자동차 화천군 모델별 보조금,2024,화천군
승합(대형),한차,GREENWAY1100A,5950,0,5950,2024년도 전기자동차 화천군 모델별 보조금,2024,화천군
승합(대형),이엠코리아,에픽시티(LFP),2310,0,2310,2024년도 전기자동차 화천군 모델별 보조금,2024,화천군
승합(대형),이엠코리아,에픽타운(LFP),2101,0,2101,2024년도 전기자동차 화천군 모델별 보조금,2024,화천군
승합(대형),태영티엔티,GD11N,7000,0,7000,2024년도 전기자동차 화천군 모델별 보조금,2024,화천군
승합(대형),재일홀딩스,그린타운400,1539,0,1539,2024년도 전기자동차 화천군 모델별 보조금,2024,화천군
승합(대형),아이버스,아이버스어린이운송차,5950,0,5950,2024년도 전기자동차 화천군 모델별 보조금,2024,화천군
승합(중형),현대자동차,카운티 일렉트릭,3915,2508,6423,2024년도 전기자동차 양구군 모델별 보조금,2024,양구군
승합(중형),현대자동차,카운티 일렉트릭(마을버스),4000,2560,6560,2024년도 전기자동차 양구군 모델별 보조금,2024,양구군
승합(중형),이비온,"E6(JL618S), 어린이통학",1127,721,1848,2024년도 전기자동차 양구군 모델별 보조금,2024,양구군
승합(중형),GS글로벌,NEW BYD eBus-7,1007,644,1651,2024년도 전기자동차 양구군 모델별 보조금,2024,양구군
승합(중형),한차,GREENWAY720,4250,2721,6971,2024년도 전기자동차 양구군 모델별 보조금,2024,양구군
승합(중형),테라팩토리,"테라밴키즈(2022), 어린이운송용14명",776,496,1272,2024년도 전기자동차 양구군 모델별 보조금,2024,양구군
승합(중형),테라팩토리,"테라밴키즈11(2022), 어린이운송용11명",772,494,1266,2024년도 전기자동차 양구군 모델별 보조금,2024,양구군
승합(중형),테라팩토리,테라밴,767,490,1257,2024년도 전기자동차 양구군 모델별 보조금,2024,양구군
승합(중형),중원자동차,EV J1,1496,957,2453,2024년도 전기자동차 양구군 모델별 보조금,2024,양구군
승합(중형),쏠테로,트라베리-Y540E,1676,1072,2748,2024년도 전기자동차 양구군 모델별 보조금,2024,양구군
승합(중형),쏠테로,트라베리-Y550E,1676,1072,2748,2024년도 전기자동차 양구군 모델별 보조금,2024,양구군
승합(중형),쏠테로,트라베리-Y560E,1676,1072,2748,2024년도 전기자동차 양구군 모델별 보조금,2024,양구군
승합(중형),리텍,e-CENTRO-K,2385,1907,4292,2024년도 전기자동차 양구군 모델별 보조금,2024,양구군
승합(대형),현대자동차,일렉시티 이층버스,11900,0,11900,2024년도 전기자동차 양구군 모델별 보조금,2024,양구군
승합(대형),현대자동차,일렉시티(3PACK),7000,0,7000,2024년도 전기자동차 양구군 모델별 보조금,2024,양구군
승합(대형),현대자동차,일렉시티(4PACK V1),7000,0,7000,2024년도 전기자동차 양구군 모델별 보조금,2024,양구군
승합(대형),현대자동차,일렉시티(4PACK V2),7000,0,7000,2024년도 전기자동차 양구군 모델별 보조금,2024,양구군
승합(대형),현대자동차,일렉시티 타운,6859,0,6859,2024년도 전기자동차 양구군 모델별 보조금,2024,양구군
승합(대형),케이지모빌리티커머셜,SMART 110(272kWh),3850,0,3850,2024년도 전기자동차 양구군 모델별 보조금,2024,양구군
승합(대형),케이지모빌리티커머셜,SMART 110E(347kWh),5950,0,5950,2024년도 전기자동차 양구군 모델별 보조금,2024,양구군
승합(대형),케이지모빌리티커머셜,SMART 110(260kWh),5724,4760,10484,2024년도 전기자동차 양구군 모델별 보조금,2024,양구군
승합(대형),케이지모빌리티커머셜,SMART 110E(260kWh),5950,0,5950,2024년도 전기자동차 양구군 모델별 보조금,2024,양구군
승합(대형),케이지모빌리티커머셜,SMART 110(301kWh),7000,5600,12600,2024년도 전기자동차 양구군 모델별 보조금,2024,양구군
승합(대형),우진산전,아폴로900전기버스,4719,0,4719,2024년도 전기자동차 양구군 모델별 보조금,2024,양구군
승합(대형),우진산전,아폴로1100전기버스 23MY,7000,0,7000,2024년도 전기자동차 양구군 모델별 보조금,2024,양구군
승합(대형),우진산전,아폴로1200-B43,7000,0,7000,2024년도 전기자동차 양구군 모델별 보조금,2024,양구군
승합(대형),우진산전,아폴로1200-S42,7000,0,7000,2024년도 전기자동차 양구군 모델별 보조금,2024,양구군
승합(대형),우진산전,아폴로1200-B42,7000,0,7000,2024년도 전기자동차 양구군 모델별 보조금,2024,양구군
승합(대형),우진산전,아폴로1200-B29,7000,0,7000,2024년도 전기자동차 양구군 모델별 보조금,2024,양구군
승합(대형),우진산전,아폴로1200-S29,7000,0,7000,2024년도 전기자동차 양구군 모델별 보조금,2024,양구군
승합(대형),피라인모터스,HYPERS1609N,5796,0,5796,2024년도 전기자동차 양구군 모델별 보조금,2024,양구군
승합(대형),피라인모터스,HYPERS1611N,5440,0,5440,2024년도 전기자동차 양구군 모델별 보조금,2024,양구군
승합(대형),피라인모터스,HYPERS1609HN,5755,0,5755,2024년도 전기자동차 양구군 모델별 보조금,2024,양구군
승합(대형),피라인모터스,HYPERS1609N(25인승),5794,0,5794,2024년도 전기자동차 양구군 모델별 보조금,2024,양구군
승합(대형),피라인모터스,HYPERS1609HN(25인승),5755,0,5755,2024년도 전기자동차 양구군 모델별 보조금,2024,양구군
승합(대형),피라인모터스,HYPERS PRIME,7000,0,7000,2024년도 전기자동차 양구군 모델별 보조금,2024,양구군
승합(대형),피라인모터스,HYPERS1609P(접이식),7000,0,7000,2024년도 전기자동차 양구군 모델별 보조금,2024,양구군
승합(대형),피라인모터스,HYPERS1609P(힙레스트),7000,0,7000,2024년도 전기자동차 양구군 모델별 보조금,2024,양구군
승합(대형),피라인모터스,HYPERS1609P(25인승 접이식),7000,0,7000,2024년도 전기자동차 양구군 모델별 보조금,2024,양구군
승합(대형),피라인모터스,HYPERS1609P(25인승 힙레스트),7000,0,7000,2024년도 전기자동차 양구군 모델별 보조금,2024,양구군
승합(대형),피라인모터스,HYPERS1611P(접이식),7000,0,7000,2024년도 전기자동차 양구군 모델별 보조금,2024,양구군
승합(대형),피라인모터스,HYPERS1611P(힙레스트),7000,0,7000,2024년도 전기자동차 양구군 모델별 보조금,2024,양구군
승합(대형),피라인모터스,HYPERS HP,7000,0,7000,2024년도 전기자동차 양구군 모델별 보조금,2024,양구군
승합(대형),범한자동차,E-SKY11(350kWh),1980,0,1980,2024년도 전기자동차 양구군 모델별 보조금,2024,양구군
승합(대형),범한자동차,E-SKY9(281kWh),1980,0,1980,2024년도 전기자동차 양구군 모델별 보조금,2024,양구군
승합(대형),범한자동차,E-STAR8 V1,1719,0,1719,2024년도 전기자동차 양구군 모델별 보조금,2024,양구군
승합(대형),범한자동차,E-STAR11,1980,0,1980,2024년도 전기자동차 양구군 모델별 보조금,2024,양구군
승합(대형),범한자동차,E-STAR12i,2480,0,2480,2024년도 전기자동차 양구군 모델별 보조금,2024,양구군
승합(대형),에스에이피,아이즘(IZM),1440,0,1440,2024년도 전기자동차 양구군 모델별 보조금,2024,양구군
승합(대형),에스에이피,엘페(ELFE),1889,0,1889,2024년도 전기자동차 양구군 모델별 보조금,2024,양구군
승합(대형),에스에이피,리오네(LIONNE),1440,0,1440,2024년도 전기자동차 양구군 모델별 보조금,2024,양구군
승합(대형),에스에이피,네오포스(NEOFORCE),1440,0,1440,2024년도 전기자동차 양구군 모델별 보조금,2024,양구군
승합(대형),GS글로벌,NEW BYD eBus-12,2180,1744,3924,2024년도 전기자동차 양구군 모델별 보조금,2024,양구군
승합(대형),GS글로벌,BYD eBus9,2310,1848,4158,2024년도 전기자동차 양구군 모델별 보조금,2024,양구군
승합(대형),GS글로벌,BYD eBus11,3440,0,3440,2024년도 전기자동차 양구군 모델별 보조금,2024,양구군
승합(대형),티에스에코에너지,일레누스(TS1100-1),5771,0,5771,2024년도 전기자동차 양구군 모델별 보조금,2024,양구군
승합(대형),티에스에코에너지,일레누스(TS900-1),6914,0,6914,2024년도 전기자동차 양구군 모델별 보조금,2024,양구군
승합(대형),이온모터스,시티라이트Ⅱ,2290,0,2290,2024년도 전기자동차 양구군 모델별 보조금,2024,양구군
승합(대형),이온모터스,시티라이트9,2310,0,2310,2024년도 전기자동차 양구군 모델별 보조금,2024,양구군
승합(대형),한차,GREENWAY1100A,5950,0,5950,2024년도 전기자동차 양구군 모델별 보조금,2024,양구군
승합(대형),이엠코리아,에픽시티(LFP),2310,0,2310,2024년도 전기자동차 양구군 모델별 보조금,2024,양구군
승합(대형),이엠코리아,에픽타운(LFP),2101,0,2101,2024년도 전기자동차 양구군 모델별 보조금,2024,양구군
승합(대형),태영티엔티,GD11N,7000,0,7000,2024년도 전기자동차 양구군 모델별 보조금,2024,양구군
승합(대형),재일홀딩스,그린타운400,1539,0,1539,2024년도 전기자동차 양구군 모델별 보조금,2024,양구군
승합(중형),현대자동차,카운티 일렉트릭,3915,2505,6420,2024년도 전기자동차 인제군 모델별 보조금,2024,인제군
승합(중형),현대자동차,카운티 일렉트릭(마을버스),4000,2560,6560,2024년도 전기자동차 인제군 모델별 보조금,2024,인제군
승합(중형),이비온,"E6(JL618S), 어린이통학",1127,721,1848,2024년도 전기자동차 인제군 모델별 보조금,2024,인제군
승합(중형),GS글로벌,NEW BYD eBus-7,1007,644,1651,2024년도 전기자동차 인제군 모델별 보조금,2024,인제군
승합(중형),한차,GREENWAY720,4250,2720,6970,2024년도 전기자동차 인제군 모델별 보조금,2024,인제군
승합(중형),테라팩토리,"테라밴키즈(2022), 어린이운송용14명",776,496,1272,2024년도 전기자동차 인제군 모델별 보조금,2024,인제군
승합(중형),테라팩토리,"테라밴키즈11(2022), 어린이운송용11명",772,494,1266,2024년도 전기자동차 인제군 모델별 보조금,2024,인제군
승합(중형),테라팩토리,테라밴,767,490,1257,2024년도 전기자동차 인제군 모델별 보조금,2024,인제군
승합(중형),중원자동차,EV J1,1496,957,2453,2024년도 전기자동차 인제군 모델별 보조금,2024,인제군
승합(중형),쏠테로,트라베리-Y540E,1676,0,1676,2024년도 전기자동차 인제군 모델별 보조금,2024,인제군
승합(중형),쏠테로,트라베리-Y550E,1676,0,1676,2024년도 전기자동차 인제군 모델별 보조금,2024,인제군
승합(중형),쏠테로,트라베리-Y560E,1676,0,1676,2024년도 전기자동차 인제군 모델별 보조금,2024,인제군
승합(중형),리텍,e-CENTRO-K,2385,0,2385,2024년도 전기자동차 인제군 모델별 보조금,2024,인제군
승합(중형),에빅오토모티브코리아,세레온(어린이),5000,0,5000,2024년도 전기자동차 인제군 모델별 보조금,2024,인제군
승합(중형),에빅오토모티브코리아,세레온(마을),5000,0,5000,2024년도 전기자동차 인제군 모델별 보조금,2024,인제군
승합(대형),현대자동차,일렉시티 이층버스,11900,0,11900,2024년도 전기자동차 인제군 모델별 보조금,2024,인제군
승합(대형),현대자동차,일렉시티(3PACK),7000,0,7000,2024년도 전기자동차 인제군 모델별 보조금,2024,인제군
승합(대형),현대자동차,일렉시티(4PACK V1),7000,0,7000,2024년도 전기자동차 인제군 모델별 보조금,2024,인제군
승합(대형),현대자동차,일렉시티(4PACK V2),7000,0,7000,2024년도 전기자동차 인제군 모델별 보조금,2024,인제군
승합(대형),현대자동차,일렉시티 타운,6859,5487,12346,2024년도 전기자동차 인제군 모델별 보조금,2024,인제군
승합(대형),케이지모빌리티커머셜,SMART 110(272kWh),3850,0,3850,2024년도 전기자동차 인제군 모델별 보조금,2024,인제군
승합(대형),케이지모빌리티커머셜,SMART 110E(347kWh),5950,0,5950,2024년도 전기자동차 인제군 모델별 보조금,2024,인제군
승합(대형),케이지모빌리티커머셜,SMART 110(260kWh),5724,0,5724,2024년도 전기자동차 인제군 모델별 보조금,2024,인제군
승합(대형),케이지모빌리티커머셜,SMART 110E(260kWh),5950,0,5950,2024년도 전기자동차 인제군 모델별 보조금,2024,인제군
승합(대형),케이지모빌리티커머셜,SMART 110(301kWh),7000,0,7000,2024년도 전기자동차 인제군 모델별 보조금,2024,인제군
승합(대형),우진산전,아폴로900전기버스,4719,0,4719,2024년도 전기자동차 인제군 모델별 보조금,2024,인제군
승합(대형),우진산전,아폴로1100전기버스 23MY,7000,0,7000,2024년도 전기자동차 인제군 모델별 보조금,2024,인제군
승합(대형),우진산전,아폴로1200-B43,7000,0,7000,2024년도 전기자동차 인제군 모델별 보조금,2024,인제군
승합(대형),우진산전,아폴로1200-S42,7000,0,7000,2024년도 전기자동차 인제군 모델별 보조금,2024,인제군
승합(대형),우진산전,아폴로1200-B42,7000,0,7000,2024년도 전기자동차 인제군 모델별 보조금,2024,인제군
승합(대형),우진산전,아폴로1200-B29,7000,0,7000,2024년도 전기자동차 인제군 모델별 보조금,2024,인제군
승합(대형),우진산전,아폴로1200-S29,7000,0,7000,2024년도 전기자동차 인제군 모델별 보조금,2024,인제군
승합(대형),피라인모터스,HYPERS1609N,5796,0,5796,2024년도 전기자동차 인제군 모델별 보조금,2024,인제군
승합(대형),피라인모터스,HYPERS1611N,5440,0,5440,2024년도 전기자동차 인제군 모델별 보조금,2024,인제군
승합(대형),피라인모터스,HYPERS1609HN,5755,0,5755,2024년도 전기자동차 인제군 모델별 보조금,2024,인제군
승합(대형),피라인모터스,HYPERS1609N(25인승),5794,0,5794,2024년도 전기자동차 인제군 모델별 보조금,2024,인제군
승합(대형),피라인모터스,HYPERS1609HN(25인승),5755,0,5755,2024년도 전기자동차 인제군 모델별 보조금,2024,인제군
승합(대형),피라인모터스,HYPERS PRIME,7000,0,7000,2024년도 전기자동차 인제군 모델별 보조금,2024,인제군
승합(대형),피라인모터스,HYPERS1609P(접이식),7000,0,7000,2024년도 전기자동차 인제군 모델별 보조금,2024,인제군
승합(대형),피라인모터스,HYPERS1609P(힙레스트),7000,0,7000,2024년도 전기자동차 인제군 모델별 보조금,2024,인제군
승합(대형),피라인모터스,HYPERS1609P(25인승 접이식),7000,0,7000,2024년도 전기자동차 인제군 모델별 보조금,2024,인제군
승합(대형),피라인모터스,HYPERS1609P(25인승 힙레스트),7000,0,7000,2024년도 전기자동차 인제군 모델별 보조금,2024,인제군
승합(대형),피라인모터스,HYPERS1611P(접이식),7000,0,7000,2024년도 전기자동차 인제군 모델별 보조금,2024,인제군
승합(대형),피라인모터스,HYPERS1611P(힙레스트),7000,0,7000,2024년도 전기자동차 인제군 모델별 보조금,2024,인제군
승합(대형),피라인모터스,HYPERS HP,7000,0,7000,2024년도 전기자동차 인제군 모델별 보조금,2024,인제군
승합(대형),범한자동차,E-SKY11(350kWh),1980,0,1980,2024년도 전기자동차 인제군 모델별 보조금,2024,인제군
승합(대형),범한자동차,E-SKY9(281kWh),1980,0,1980,2024년도 전기자동차 인제군 모델별 보조금,2024,인제군
승합(대형),범한자동차,E-STAR8 V1,1719,0,1719,2024년도 전기자동차 인제군 모델별 보조금,2024,인제군
승합(대형),범한자동차,E-STAR11,1980,0,1980,2024년도 전기자동차 인제군 모델별 보조금,2024,인제군
승합(대형),범한자동차,E-STAR12i,2480,0,2480,2024년도 전기자동차 인제군 모델별 보조금,2024,인제군
승합(대형),에스에이피,아이즘(IZM),1440,0,1440,2024년도 전기자동차 인제군 모델별 보조금,2024,인제군
승합(대형),에스에이피,엘페(ELFE),1889,0,1889,2024년도 전기자동차 인제군 모델별 보조금,2024,인제군
승합(대형),에스에이피,리오네(LIONNE),1440,0,1440,2024년도 전기자동차 인제군 모델별 보조금,2024,인제군
승합(대형),에스에이피,네오포스(NEOFORCE),1440,0,1440,2024년도 전기자동차 인제군 모델별 보조금,2024,인제군
승합(대형),GS글로벌,NEW BYD eBus-12,2180,0,2180,2024년도 전기자동차 인제군 모델별 보조금,2024,인제군
승합(대형),GS글로벌,BYD eBus9,2310,0,2310,2024년도 전기자동차 인제군 모델별 보조금,2024,인제군
승합(대형),GS글로벌,BYD eBus11,3440,0,3440,2024년도 전기자동차 인제군 모델별 보조금,2024,인제군
승합(대형),티에스에코에너지,일레누스(TS1100-1),5771,0,5771,2024년도 전기자동차 인제군 모델별 보조금,2024,인제군
승합(대형),티에스에코에너지,일레누스(TS900-1),6914,0,6914,2024년도 전기자동차 인제군 모델별 보조금,2024,인제군
승합(대형),이온모터스,시티라이트Ⅱ,2290,0,2290,2024년도 전기자동차 인제군 모델별 보조금,2024,인제군
승합(대형),이온모터스,시티라이트9,2310,0,2310,2024년도 전기자동차 인제군 모델별 보조금,2024,인제군
승합(대형),한차,GREENWAY1100A,5950,0,5950,2024년도 전기자동차 인제군 모델별 보조금,2024,인제군
승합(대형),이엠코리아,에픽시티(LFP),2310,0,2310,2024년도 전기자동차 인제군 모델별 보조금,2024,인제군
승합(대형),이엠코리아,에픽타운(LFP),2101,0,2101,2024년도 전기자동차 인제군 모델별 보조금,2024,인제군
승합(대형),태영티엔티,GD11N,7000,0,7000,2024년도 전기자동차 인제군 모델별 보조금,2024,인제군
승합(대형),재일홀딩스,그린타운400,1539,0,1539,2024년도 전기자동차 인제군 모델별 보조금,2024,인제군
승합(대형),아이버스,아이버스어린이운송차,5950,0,5950,2024년도 전기자동차 인제군 모델별 보조금,2024,인제군
모델별 지방비 자료가 없습니다.,모델별 지방비 자료가 없습니다.,모델별 지방비 자료가 없습니다.,모델별 지방비 자료가 없습니다.,모델별 지방비 자료가 없습니다.,모델별 지방비 자료가 없습니다.,2024년도 전기자동차 고성군 모델별 보조금,2024,고성군
승합(중형),현대자동차,카운티 일렉트릭,3915,2505,6420,2024년도 전기자동차 양양군 모델별 보조금,2024,양양군
승합(중형),현대자동차,카운티 일렉트릭(마을버스),4000,2560,6560,2024년도 전기자동차 양양군 모델별 보조금,2024,양양군
승합(중형),이비온,"E6(JL618S), 어린이통학",1127,721,1848,2024년도 전기자동차 양양군 모델별 보조금,2024,양양군
승합(중형),GS글로벌,NEW BYD eBus-7,1007,644,1651,2024년도 전기자동차 양양군 모델별 보조금,2024,양양군
승합(중형),한차,GREENWAY720,4250,2720,6970,2024년도 전기자동차 양양군 모델별 보조금,2024,양양군
승합(중형),테라팩토리,"테라밴키즈(2022), 어린이운송용14명",776,496,1272,2024년도 전기자동차 양양군 모델별 보조금,2024,양양군
승합(중형),테라팩토리,"테라밴키즈11(2022), 어린이운송용11명",772,494,1266,2024년도 전기자동차 양양군 모델별 보조금,2024,양양군
승합(중형),테라팩토리,테라밴,767,490,1257,2024년도 전기자동차 양양군 모델별 보조금,2024,양양군
승합(중형),중원자동차,EV J1,1496,957,2453,2024년도 전기자동차 양양군 모델별 보조금,2024,양양군
승합(중형),쏠테로,트라베리-Y540E,1676,1072,2748,2024년도 전기자동차 양양군 모델별 보조금,2024,양양군
승합(중형),쏠테로,트라베리-Y550E,1676,1072,2748,2024년도 전기자동차 양양군 모델별 보조금,2024,양양군
승합(중형),쏠테로,트라베리-Y560E,1676,1072,2748,2024년도 전기자동차 양양군 모델별 보조금,2024,양양군
승합(중형),리텍,e-CENTRO-K,2385,1907,4292,2024년도 전기자동차 양양군 모델별 보조금,2024,양양군
승합(중형),에빅오토모티브코리아,세레온(어린이),5000,3200,8200,2024년도 전기자동차 양양군 모델별 보조금,2024,양양군
승합(중형),에빅오토모티브코리아,세레온(마을),5000,3200,8200,2024년도 전기자동차 양양군 모델별 보조금,2024,양양군
승합(대형),현대자동차,일렉시티 이층버스,11900,9520,21420,2024년도 전기자동차 양양군 모델별 보조금,2024,양양군
승합(대형),현대자동차,일렉시티(3PACK),7000,5600,12600,2024년도 전기자동차 양양군 모델별 보조금,2024,양양군
승합(대형),현대자동차,일렉시티(4PACK V1),7000,5600,12600,2024년도 전기자동차 양양군 모델별 보조금,2024,양양군
승합(대형),현대자동차,일렉시티(4PACK V2),7000,0,7000,2024년도 전기자동차 양양군 모델별 보조금,2024,양양군
승합(대형),현대자동차,일렉시티 타운,6859,5487,12346,2024년도 전기자동차 양양군 모델별 보조금,2024,양양군
승합(대형),케이지모빌리티커머셜,SMART 110(272kWh),3850,3080,6930,2024년도 전기자동차 양양군 모델별 보조금,2024,양양군
승합(대형),케이지모빌리티커머셜,SMART 110E(347kWh),5950,4760,10710,2024년도 전기자동차 양양군 모델별 보조금,2024,양양군
승합(대형),케이지모빌리티커머셜,SMART 110(260kWh),5724,4579,10303,2024년도 전기자동차 양양군 모델별 보조금,2024,양양군
승합(대형),케이지모빌리티커머셜,SMART 110E(260kWh),5950,4760,10710,2024년도 전기자동차 양양군 모델별 보조금,2024,양양군
승합(대형),케이지모빌리티커머셜,SMART 110(301kWh),7000,5600,12600,2024년도 전기자동차 양양군 모델별 보조금,2024,양양군
승합(대형),우진산전,아폴로900전기버스,4719,3775,8494,2024년도 전기자동차 양양군 모델별 보조금,2024,양양군
승합(대형),우진산전,아폴로1100전기버스 23MY,7000,5600,12600,2024년도 전기자동차 양양군 모델별 보조금,2024,양양군
승합(대형),우진산전,아폴로1200-B43,7000,5600,12600,2024년도 전기자동차 양양군 모델별 보조금,2024,양양군
승합(대형),우진산전,아폴로1200-S42,7000,5600,12600,2024년도 전기자동차 양양군 모델별 보조금,2024,양양군
승합(대형),우진산전,아폴로1200-B42,7000,5600,12600,2024년도 전기자동차 양양군 모델별 보조금,2024,양양군
승합(대형),우진산전,아폴로1200-B29,7000,5600,12600,2024년도 전기자동차 양양군 모델별 보조금,2024,양양군
승합(대형),우진산전,아폴로1200-S29,7000,5600,12600,2024년도 전기자동차 양양군 모델별 보조금,2024,양양군
승합(대형),피라인모터스,HYPERS1609N,5796,4636,10432,2024년도 전기자동차 양양군 모델별 보조금,2024,양양군
승합(대형),피라인모터스,HYPERS1611N,5440,4352,9792,2024년도 전기자동차 양양군 모델별 보조금,2024,양양군
승합(대형),피라인모터스,HYPERS1609HN,5755,4604,10359,2024년도 전기자동차 양양군 모델별 보조금,2024,양양군
승합(대형),피라인모터스,HYPERS1609N(25인승),5794,4635,10429,2024년도 전기자동차 양양군 모델별 보조금,2024,양양군
승합(대형),피라인모터스,HYPERS1609HN(25인승),5755,4604,10359,2024년도 전기자동차 양양군 모델별 보조금,2024,양양군
승합(대형),피라인모터스,HYPERS PRIME,7000,5600,12600,2024년도 전기자동차 양양군 모델별 보조금,2024,양양군
승합(대형),피라인모터스,HYPERS1609P(접이식),7000,5600,12600,2024년도 전기자동차 양양군 모델별 보조금,2024,양양군
승합(대형),피라인모터스,HYPERS1609P(힙레스트),7000,5600,12600,2024년도 전기자동차 양양군 모델별 보조금,2024,양양군
승합(대형),피라인모터스,HYPERS1609P(25인승 접이식),7000,5600,12600,2024년도 전기자동차 양양군 모델별 보조금,2024,양양군
승합(대형),피라인모터스,HYPERS1609P(25인승 힙레스트),7000,5600,12600,2024년도 전기자동차 양양군 모델별 보조금,2024,양양군
승합(대형),피라인모터스,HYPERS1611P(접이식),7000,5600,12600,2024년도 전기자동차 양양군 모델별 보조금,2024,양양군
승합(대형),피라인모터스,HYPERS1611P(힙레스트),7000,5600,12600,2024년도 전기자동차 양양군 모델별 보조금,2024,양양군
승합(대형),피라인모터스,HYPERS HP,7000,5600,12600,2024년도 전기자동차 양양군 모델별 보조금,2024,양양군
승합(대형),범한자동차,E-SKY11(350kWh),1980,1584,3564,2024년도 전기자동차 양양군 모델별 보조금,2024,양양군
승합(대형),범한자동차,E-SKY9(281kWh),1980,1584,3564,2024년도 전기자동차 양양군 모델별 보조금,2024,양양군
승합(대형),범한자동차,E-STAR8 V1,1719,1375,3094,2024년도 전기자동차 양양군 모델별 보조금,2024,양양군
승합(대형),범한자동차,E-STAR11,1980,1584,3564,2024년도 전기자동차 양양군 모델별 보조금,2024,양양군
승합(대형),범한자동차,E-STAR12i,2480,1984,4464,2024년도 전기자동차 양양군 모델별 보조금,2024,양양군
승합(대형),에스에이피,아이즘(IZM),1440,1152,2592,2024년도 전기자동차 양양군 모델별 보조금,2024,양양군
승합(대형),에스에이피,엘페(ELFE),1889,1511,3400,2024년도 전기자동차 양양군 모델별 보조금,2024,양양군
승합(대형),에스에이피,리오네(LIONNE),1440,1152,2592,2024년도 전기자동차 양양군 모델별 보조금,2024,양양군
승합(대형),에스에이피,네오포스(NEOFORCE),1440,1152,2592,2024년도 전기자동차 양양군 모델별 보조금,2024,양양군
승합(대형),GS글로벌,NEW BYD eBus-12,2180,1744,3924,2024년도 전기자동차 양양군 모델별 보조금,2024,양양군
승합(대형),GS글로벌,BYD eBus9,2310,1848,4158,2024년도 전기자동차 양양군 모델별 보조금,2024,양양군
승합(대형),GS글로벌,BYD eBus11,3440,0,3440,2024년도 전기자동차 양양군 모델별 보조금,2024,양양군
승합(대형),티에스에코에너지,일레누스(TS1100-1),5771,4616,10387,2024년도 전기자동차 양양군 모델별 보조금,2024,양양군
승합(대형),티에스에코에너지,일레누스(TS900-1),6914,5531,12445,2024년도 전기자동차 양양군 모델별 보조금,2024,양양군
승합(대형),이온모터스,시티라이트Ⅱ,2290,1832,4122,2024년도 전기자동차 양양군 모델별 보조금,2024,양양군
승합(대형),이온모터스,시티라이트9,2310,1848,4158,2024년도 전기자동차 양양군 모델별 보조금,2024,양양군
승합(대형),한차,GREENWAY1100A,5950,4760,10710,2024년도 전기자동차 양양군 모델별 보조금,2024,양양군
승합(대형),이엠코리아,에픽시티(LFP),2310,1848,4158,2024년도 전기자동차 양양군 모델별 보조금,2024,양양군
승합(대형),이엠코리아,에픽타운(LFP),2101,1680,3781,2024년도 전기자동차 양양군 모델별 보조금,2024,양양군
승합(대형),태영티엔티,GD11N,7000,5600,12600,2024년도 전기자동차 양양군 모델별 보조금,2024,양양군
승합(대형),재일홀딩스,그린타운400,1539,1231,2770,2024년도 전기자동차 양양군 모델별 보조금,2024,양양군
승합(대형),아이버스,아이버스어린이운송차,5950,0,5950,2024년도 전기자동차 양양군 모델별 보조금,2024,양양군
승합(중형),현대자동차,카운티 일렉트릭,3915,3915,7830,2024년도 전기자동차 청주시 모델별 보조금,2024,청주시
승합(중형),현대자동차,카운티 일렉트릭(마을버스),4000,4000,8000,2024년도 전기자동차 청주시 모델별 보조금,2024,청주시
승합(중형),이비온,"E6(JL618S), 어린이통학",1127,1127,2254,2024년도 전기자동차 청주시 모델별 보조금,2024,청주시
승합(중형),GS글로벌,NEW BYD eBus-7,1007,1007,2014,2024년도 전기자동차 청주시 모델별 보조금,2024,청주시
승합(중형),GS글로벌,BYD eBus7,2100,2100,4200,2024년도 전기자동차 청주시 모델별 보조금,2024,청주시
승합(중형),한차,GREENWAY720,4250,4250,8500,2024년도 전기자동차 청주시 모델별 보조금,2024,청주시
승합(중형),테라팩토리,"테라밴키즈(2022), 어린이운송용14명",776,776,1552,2024년도 전기자동차 청주시 모델별 보조금,2024,청주시
승합(중형),테라팩토리,"테라밴키즈11(2022), 어린이운송용11명",772,772,1544,2024년도 전기자동차 청주시 모델별 보조금,2024,청주시
승합(중형),테라팩토리,테라밴,767,767,1534,2024년도 전기자동차 청주시 모델별 보조금,2024,청주시
승합(중형),중원자동차,EV J1,1496,1496,2992,2024년도 전기자동차 청주시 모델별 보조금,2024,청주시
승합(중형),쏠테로,트라베리-Y540E,1676,1676,3352,2024년도 전기자동차 청주시 모델별 보조금,2024,청주시
승합(중형),쏠테로,트라베리-Y550E,1676,1676,3352,2024년도 전기자동차 청주시 모델별 보조금,2024,청주시
승합(중형),쏠테로,트라베리-Y560E,1676,1676,3352,2024년도 전기자동차 청주시 모델별 보조금,2024,청주시
승합(중형),리텍,e-CENTRO-K,2385,2385,4770,2024년도 전기자동차 청주시 모델별 보조금,2024,청주시
승합(중형),에빅오토모티브코리아,세레온(어린이),5000,5000,10000,2024년도 전기자동차 청주시 모델별 보조금,2024,청주시
승합(중형),에빅오토모티브코리아,세레온(마을),5000,5000,10000,2024년도 전기자동차 청주시 모델별 보조금,2024,청주시
승합(대형),현대자동차,일렉시티 이층버스,11900,0,11900,2024년도 전기자동차 청주시 모델별 보조금,2024,청주시
승합(대형),현대자동차,일렉시티(3PACK),7000,0,7000,2024년도 전기자동차 청주시 모델별 보조금,2024,청주시
승합(대형),현대자동차,일렉시티(4PACK V1),7000,0,7000,2024년도 전기자동차 청주시 모델별 보조금,2024,청주시
승합(대형),현대자동차,일렉시티(4PACK V2),7000,0,7000,2024년도 전기자동차 청주시 모델별 보조금,2024,청주시
승합(대형),현대자동차,일렉시티 타운,6859,0,6859,2024년도 전기자동차 청주시 모델별 보조금,2024,청주시
승합(대형),케이지모빌리티커머셜,SMART 110(272kWh),3850,0,3850,2024년도 전기자동차 청주시 모델별 보조금,2024,청주시
승합(대형),케이지모빌리티커머셜,SMART 110E(347kWh),5950,0,5950,2024년도 전기자동차 청주시 모델별 보조금,2024,청주시
승합(대형),케이지모빌리티커머셜,SMART 110(260kWh),5724,0,5724,2024년도 전기자동차 청주시 모델별 보조금,2024,청주시
승합(대형),케이지모빌리티커머셜,SMART 110E(260kWh),5950,0,5950,2024년도 전기자동차 청주시 모델별 보조금,2024,청주시
승합(대형),케이지모빌리티커머셜,SMART 110(301kWh),7000,0,7000,2024년도 전기자동차 청주시 모델별 보조금,2024,청주시
승합(대형),케이지모빌리티커머셜,KG C090,6916,6916,13832,2024년도 전기자동차 청주시 모델별 보조금,2024,청주시
승합(대형),우진산전,아폴로900전기버스,4719,0,4719,2024년도 전기자동차 청주시 모델별 보조금,2024,청주시
승합(대형),우진산전,아폴로1100전기버스 23MY,7000,0,7000,2024년도 전기자동차 청주시 모델별 보조금,2024,청주시
승합(대형),우진산전,아폴로1200-B43,7000,0,7000,2024년도 전기자동차 청주시 모델별 보조금,2024,청주시
승합(대형),우진산전,아폴로1200-S42,7000,0,7000,2024년도 전기자동차 청주시 모델별 보조금,2024,청주시
승합(대형),우진산전,아폴로1200-B42,7000,7000,14000,2024년도 전기자동차 청주시 모델별 보조금,2024,청주시
승합(대형),우진산전,아폴로1200-B29,7000,7000,14000,2024년도 전기자동차 청주시 모델별 보조금,2024,청주시
승합(대형),우진산전,아폴로1200-S29,7000,7000,14000,2024년도 전기자동차 청주시 모델별 보조금,2024,청주시
승합(대형),우진산전,아폴로900 V2.0,6819,6819,13638,2024년도 전기자동차 청주시 모델별 보조금,2024,청주시
승합(대형),우진산전,아폴로1100 양문형,6459,6459,12918,2024년도 전기자동차 청주시 모델별 보조금,2024,청주시
승합(대형),우진산전,아폴로1100 V2.0,7000,7000,14000,2024년도 전기자동차 청주시 모델별 보조금,2024,청주시
승합(대형),피라인모터스,HYPERS1609N,5796,0,5796,2024년도 전기자동차 청주시 모델별 보조금,2024,청주시
승합(대형),피라인모터스,HYPERS1611N,5440,0,5440,2024년도 전기자동차 청주시 모델별 보조금,2024,청주시
승합(대형),피라인모터스,HYPERS1609HN,5755,0,5755,2024년도 전기자동차 청주시 모델별 보조금,2024,청주시
승합(대형),피라인모터스,HYPERS1609N(25인승),5794,0,5794,2024년도 전기자동차 청주시 모델별 보조금,2024,청주시
승합(대형),피라인모터스,HYPERS1609HN(25인승),5755,0,5755,2024년도 전기자동차 청주시 모델별 보조금,2024,청주시
승합(대형),피라인모터스,HYPERS PRIME,7000,7000,14000,2024년도 전기자동차 청주시 모델별 보조금,2024,청주시
승합(대형),피라인모터스,HYPERS1609P(접이식),7000,0,7000,2024년도 전기자동차 청주시 모델별 보조금,2024,청주시
승합(대형),피라인모터스,HYPERS1609P(힙레스트),7000,0,7000,2024년도 전기자동차 청주시 모델별 보조금,2024,청주시
승합(대형),피라인모터스,HYPERS1609P(25인승 접이식),7000,0,7000,2024년도 전기자동차 청주시 모델별 보조금,2024,청주시
승합(대형),피라인모터스,HYPERS1609P(25인승 힙레스트),7000,0,7000,2024년도 전기자동차 청주시 모델별 보조금,2024,청주시
승합(대형),피라인모터스,HYPERS1611P(접이식),7000,0,7000,2024년도 전기자동차 청주시 모델별 보조금,2024,청주시
승합(대형),피라인모터스,HYPERS1611P(힙레스트),7000,0,7000,2024년도 전기자동차 청주시 모델별 보조금,2024,청주시
승합(대형),피라인모터스,HYPERS HP,7000,7000,14000,2024년도 전기자동차 청주시 모델별 보조금,2024,청주시
승합(대형),범한자동차,E-SKY11(350kWh),1980,0,1980,2024년도 전기자동차 청주시 모델별 보조금,2024,청주시
승합(대형),범한자동차,E-SKY9(281kWh),1980,0,1980,2024년도 전기자동차 청주시 모델별 보조금,2024,청주시
승합(대형),범한자동차,E-STAR8 V1,1719,0,1719,2024년도 전기자동차 청주시 모델별 보조금,2024,청주시
승합(대형),범한자동차,E-STAR11,1980,0,1980,2024년도 전기자동차 청주시 모델별 보조금,2024,청주시
승합(대형),범한자동차,E-STAR12i,2480,0,2480,2024년도 전기자동차 청주시 모델별 보조금,2024,청주시
승합(대형),에스에이피,아이즘(IZM),1440,0,1440,2024년도 전기자동차 청주시 모델별 보조금,2024,청주시
승합(대형),에스에이피,엘페(ELFE),1889,0,1889,2024년도 전기자동차 청주시 모델별 보조금,2024,청주시
승합(대형),에스에이피,리오네(LIONNE),1440,0,1440,2024년도 전기자동차 청주시 모델별 보조금,2024,청주시
승합(대형),에스에이피,네오포스(NEOFORCE),1440,0,1440,2024년도 전기자동차 청주시 모델별 보조금,2024,청주시
승합(대형),GS글로벌,NEW BYD eBus-12,2180,0,2180,2024년도 전기자동차 청주시 모델별 보조금,2024,청주시
승합(대형),GS글로벌,BYD eBus9,2310,0,2310,2024년도 전기자동차 청주시 모델별 보조금,2024,청주시
승합(대형),GS글로벌,BYD eBus11,3440,0,3440,2024년도 전기자동차 청주시 모델별 보조금,2024,청주시
승합(대형),티에스에코에너지,일레누스(TS1100-1),5771,0,5771,2024년도 전기자동차 청주시 모델별 보조금,2024,청주시
승합(대형),티에스에코에너지,일레누스(TS900-1),6914,0,6914,2024년도 전기자동차 청주시 모델별 보조금,2024,청주시
승합(대형),이온모터스,시티라이트Ⅱ,2290,0,2290,2024년도 전기자동차 청주시 모델별 보조금,2024,청주시
승합(대형),이온모터스,시티라이트9,2310,0,2310,2024년도 전기자동차 청주시 모델별 보조금,2024,청주시
승합(대형),한차,GREENWAY1100A,5950,0,5950,2024년도 전기자동차 청주시 모델별 보조금,2024,청주시
승합(대형),이엠코리아,에픽시티(LFP),2310,0,2310,2024년도 전기자동차 청주시 모델별 보조금,2024,청주시
승합(대형),이엠코리아,에픽타운(LFP),2101,0,2101,2024년도 전기자동차 청주시 모델별 보조금,2024,청주시
승합(대형),이엠코리아,에픽시티(NCM),7000,7000,14000,2024년도 전기자동차 청주시 모델별 보조금,2024,청주시
승합(대형),이엠코리아,에픽타운(NCM),6439,6439,12878,2024년도 전기자동차 청주시 모델별 보조금,2024,청주시
승합(대형),태영티엔티,GD11N,7000,0,7000,2024년도 전기자동차 청주시 모델별 보조금,2024,청주시
승합(대형),재일홀딩스,그린타운400,1539,0,1539,2024년도 전기자동차 청주시 모델별 보조금,2024,청주시
승합(대형),아이버스,아이버스어린이운송차,5950,7000,12950,2024년도 전기자동차 청주시 모델별 보조금,2024,청주시
승합(중형),현대자동차,카운티 일렉트릭,3915,3915,7830,2024년도 전기자동차 충주시 모델별 보조금,2024,충주시
승합(중형),현대자동차,카운티 일렉트릭(마을버스),4000,4000,8000,2024년도 전기자동차 충주시 모델별 보조금,2024,충주시
승합(중형),이비온,"E6(JL618S), 어린이통학",1127,1127,2254,2024년도 전기자동차 충주시 모델별 보조금,2024,충주시
승합(중형),GS글로벌,NEW BYD eBus-7,1007,1007,2014,2024년도 전기자동차 충주시 모델별 보조금,2024,충주시
승합(중형),한차,GREENWAY720,4250,4250,8500,2024년도 전기자동차 충주시 모델별 보조금,2024,충주시
승합(중형),테라팩토리,"테라밴키즈(2022), 어린이운송용14명",776,776,1552,2024년도 전기자동차 충주시 모델별 보조금,2024,충주시
승합(중형),테라팩토리,"테라밴키즈11(2022), 어린이운송용11명",772,772,1544,2024년도 전기자동차 충주시 모델별 보조금,2024,충주시
승합(중형),테라팩토리,테라밴,767,767,1534,2024년도 전기자동차 충주시 모델별 보조금,2024,충주시
승합(중형),중원자동차,EV J1,1496,1496,2992,2024년도 전기자동차 충주시 모델별 보조금,2024,충주시
승합(중형),쏠테로,트라베리-Y540E,1676,1676,3352,2024년도 전기자동차 충주시 모델별 보조금,2024,충주시
승합(중형),쏠테로,트라베리-Y550E,1676,1676,3352,2024년도 전기자동차 충주시 모델별 보조금,2024,충주시
승합(중형),쏠테로,트라베리-Y560E,1676,1676,3352,2024년도 전기자동차 충주시 모델별 보조금,2024,충주시
승합(중형),리텍,e-CENTRO-K,2385,2385,4770,2024년도 전기자동차 충주시 모델별 보조금,2024,충주시
승합(중형),에빅오토모티브코리아,세레온(어린이),5000,5000,10000,2024년도 전기자동차 충주시 모델별 보조금,2024,충주시
승합(중형),에빅오토모티브코리아,세레온(마을),5000,5000,10000,2024년도 전기자동차 충주시 모델별 보조금,2024,충주시
승합(대형),현대자동차,일렉시티 이층버스,11900,0,11900,2024년도 전기자동차 충주시 모델별 보조금,2024,충주시
승합(대형),현대자동차,일렉시티(3PACK),7000,0,7000,2024년도 전기자동차 충주시 모델별 보조금,2024,충주시
승합(대형),현대자동차,일렉시티(4PACK V1),7000,0,7000,2024년도 전기자동차 충주시 모델별 보조금,2024,충주시
승합(대형),현대자동차,일렉시티(4PACK V2),7000,0,7000,2024년도 전기자동차 충주시 모델별 보조금,2024,충주시
승합(대형),현대자동차,일렉시티 타운,6859,0,6859,2024년도 전기자동차 충주시 모델별 보조금,2024,충주시
승합(대형),케이지모빌리티커머셜,SMART 110(272kWh),3850,0,3850,2024년도 전기자동차 충주시 모델별 보조금,2024,충주시
승합(대형),케이지모빌리티커머셜,SMART 110E(347kWh),5950,0,5950,2024년도 전기자동차 충주시 모델별 보조금,2024,충주시
승합(대형),케이지모빌리티커머셜,SMART 110(260kWh),5724,0,5724,2024년도 전기자동차 충주시 모델별 보조금,2024,충주시
승합(대형),케이지모빌리티커머셜,SMART 110E(260kWh),5950,0,5950,2024년도 전기자동차 충주시 모델별 보조금,2024,충주시
승합(대형),케이지모빌리티커머셜,SMART 110(301kWh),7000,0,7000,2024년도 전기자동차 충주시 모델별 보조금,2024,충주시
승합(대형),케이지모빌리티커머셜,KG C090,6916,6916,13832,2024년도 전기자동차 충주시 모델별 보조금,2024,충주시
승합(대형),우진산전,아폴로900전기버스,4719,0,4719,2024년도 전기자동차 충주시 모델별 보조금,2024,충주시
승합(대형),우진산전,아폴로1100전기버스 23MY,7000,0,7000,2024년도 전기자동차 충주시 모델별 보조금,2024,충주시
승합(대형),우진산전,아폴로1200-B43,7000,7000,14000,2024년도 전기자동차 충주시 모델별 보조금,2024,충주시
승합(대형),우진산전,아폴로1200-S42,7000,0,7000,2024년도 전기자동차 충주시 모델별 보조금,2024,충주시
승합(대형),우진산전,아폴로1200-B42,7000,7000,14000,2024년도 전기자동차 충주시 모델별 보조금,2024,충주시
승합(대형),우진산전,아폴로1200-B29,7000,7000,14000,2024년도 전기자동차 충주시 모델별 보조금,2024,충주시
승합(대형),우진산전,아폴로1200-S29,7000,7000,14000,2024년도 전기자동차 충주시 모델별 보조금,2024,충주시
승합(대형),우진산전,아폴로900 V2.0,6819,0,6819,2024년도 전기자동차 충주시 모델별 보조금,2024,충주시
승합(대형),우진산전,아폴로1100 양문형,6459,0,6459,2024년도 전기자동차 충주시 모델별 보조금,2024,충주시
승합(대형),우진산전,아폴로1100 V2.0,7000,7000,14000,2024년도 전기자동차 충주시 모델별 보조금,2024,충주시
승합(대형),피라인모터스,HYPERS1609N,5796,0,5796,2024년도 전기자동차 충주시 모델별 보조금,2024,충주시
승합(대형),피라인모터스,HYPERS1611N,5440,0,5440,2024년도 전기자동차 충주시 모델별 보조금,2024,충주시
승합(대형),피라인모터스,HYPERS1609HN,5755,0,5755,2024년도 전기자동차 충주시 모델별 보조금,2024,충주시
승합(대형),피라인모터스,HYPERS1609N(25인승),5794,0,5794,2024년도 전기자동차 충주시 모델별 보조금,2024,충주시
승합(대형),피라인모터스,HYPERS1609HN(25인승),5755,0,5755,2024년도 전기자동차 충주시 모델별 보조금,2024,충주시
승합(대형),피라인모터스,HYPERS PRIME,7000,7000,14000,2024년도 전기자동차 충주시 모델별 보조금,2024,충주시
승합(대형),피라인모터스,HYPERS1609P(접이식),7000,0,7000,2024년도 전기자동차 충주시 모델별 보조금,2024,충주시
승합(대형),피라인모터스,HYPERS1609P(힙레스트),7000,0,7000,2024년도 전기자동차 충주시 모델별 보조금,2024,충주시
승합(대형),피라인모터스,HYPERS1609P(25인승 접이식),7000,0,7000,2024년도 전기자동차 충주시 모델별 보조금,2024,충주시
승합(대형),피라인모터스,HYPERS1609P(25인승 힙레스트),7000,0,7000,2024년도 전기자동차 충주시 모델별 보조금,2024,충주시
승합(대형),피라인모터스,HYPERS1611P(접이식),7000,0,7000,2024년도 전기자동차 충주시 모델별 보조금,2024,충주시
승합(대형),피라인모터스,HYPERS1611P(힙레스트),7000,0,7000,2024년도 전기자동차 충주시 모델별 보조금,2024,충주시
승합(대형),피라인모터스,HYPERS HP,7000,7000,14000,2024년도 전기자동차 충주시 모델별 보조금,2024,충주시
승합(대형),범한자동차,E-SKY11(350kWh),1980,0,1980,2024년도 전기자동차 충주시 모델별 보조금,2024,충주시
승합(대형),범한자동차,E-SKY9(281kWh),1980,0,1980,2024년도 전기자동차 충주시 모델별 보조금,2024,충주시
승합(대형),범한자동차,E-STAR8 V1,1719,0,1719,2024년도 전기자동차 충주시 모델별 보조금,2024,충주시
승합(대형),범한자동차,E-STAR11,1980,0,1980,2024년도 전기자동차 충주시 모델별 보조금,2024,충주시
승합(대형),범한자동차,E-STAR12i,2480,0,2480,2024년도 전기자동차 충주시 모델별 보조금,2024,충주시
승합(대형),에스에이피,아이즘(IZM),1440,0,1440,2024년도 전기자동차 충주시 모델별 보조금,2024,충주시
승합(대형),에스에이피,엘페(ELFE),1889,0,1889,2024년도 전기자동차 충주시 모델별 보조금,2024,충주시
승합(대형),에스에이피,리오네(LIONNE),1440,1440,2880,2024년도 전기자동차 충주시 모델별 보조금,2024,충주시
승합(대형),에스에이피,네오포스(NEOFORCE),1440,0,1440,2024년도 전기자동차 충주시 모델별 보조금,2024,충주시
승합(대형),GS글로벌,NEW BYD eBus-12,2180,0,2180,2024년도 전기자동차 충주시 모델별 보조금,2024,충주시
승합(대형),GS글로벌,BYD eBus9,2310,0,2310,2024년도 전기자동차 충주시 모델별 보조금,2024,충주시
승합(대형),GS글로벌,BYD eBus11,3440,0,3440,2024년도 전기자동차 충주시 모델별 보조금,2024,충주시
승합(대형),티에스에코에너지,일레누스(TS1100-1),5771,5771,11542,2024년도 전기자동차 충주시 모델별 보조금,2024,충주시
승합(대형),티에스에코에너지,일레누스(TS900-1),6914,0,6914,2024년도 전기자동차 충주시 모델별 보조금,2024,충주시
승합(대형),이온모터스,시티라이트Ⅱ,2290,0,2290,2024년도 전기자동차 충주시 모델별 보조금,2024,충주시
승합(대형),이온모터스,시티라이트9,2310,0,2310,2024년도 전기자동차 충주시 모델별 보조금,2024,충주시
승합(대형),한차,GREENWAY1100A,5950,0,5950,2024년도 전기자동차 충주시 모델별 보조금,2024,충주시
승합(대형),이엠코리아,에픽시티(LFP),2310,0,2310,2024년도 전기자동차 충주시 모델별 보조금,2024,충주시
승합(대형),이엠코리아,에픽타운(LFP),2101,0,2101,2024년도 전기자동차 충주시 모델별 보조금,2024,충주시
승합(대형),이엠코리아,에픽시티(NCM),7000,7000,14000,2024년도 전기자동차 충주시 모델별 보조금,2024,충주시
승합(대형),이엠코리아,에픽타운(NCM),6439,6439,12878,2024년도 전기자동차 충주시 모델별 보조금,2024,충주시
승합(대형),태영티엔티,GD11N,7000,0,7000,2024년도 전기자동차 충주시 모델별 보조금,2024,충주시
승합(대형),재일홀딩스,그린타운400,1539,0,1539,2024년도 전기자동차 충주시 모델별 보조금,2024,충주시
승합(대형),아이버스,아이버스어린이운송차,5950,0,5950,2024년도 전기자동차 충주시 모델별 보조금,2024,충주시
승합(중형),현대자동차,카운티 일렉트릭,3915,3915,7830,2024년도 전기자동차 제천시 모델별 보조금,2024,제천시
승합(중형),현대자동차,카운티 일렉트릭(마을버스),4000,4000,8000,2024년도 전기자동차 제천시 모델별 보조금,2024,제천시
승합(중형),이비온,"E6(JL618S), 어린이통학",1127,1127,2254,2024년도 전기자동차 제천시 모델별 보조금,2024,제천시
승합(중형),GS글로벌,NEW BYD eBus-7,1007,1007,2014,2024년도 전기자동차 제천시 모델별 보조금,2024,제천시
승합(중형),한차,GREENWAY720,4250,4250,8500,2024년도 전기자동차 제천시 모델별 보조금,2024,제천시
승합(중형),테라팩토리,"테라밴키즈(2022), 어린이운송용14명",776,776,1552,2024년도 전기자동차 제천시 모델별 보조금,2024,제천시
승합(중형),테라팩토리,"테라밴키즈11(2022), 어린이운송용11명",772,772,1544,2024년도 전기자동차 제천시 모델별 보조금,2024,제천시
승합(중형),테라팩토리,테라밴,767,767,1534,2024년도 전기자동차 제천시 모델별 보조금,2024,제천시
승합(중형),중원자동차,EV J1,1496,1496,2992,2024년도 전기자동차 제천시 모델별 보조금,2024,제천시
승합(중형),쏠테로,트라베리-Y540E,1676,1676,3352,2024년도 전기자동차 제천시 모델별 보조금,2024,제천시
승합(중형),쏠테로,트라베리-Y550E,1676,1676,3352,2024년도 전기자동차 제천시 모델별 보조금,2024,제천시
승합(중형),쏠테로,트라베리-Y560E,1676,1676,3352,2024년도 전기자동차 제천시 모델별 보조금,2024,제천시
승합(중형),리텍,e-CENTRO-K,2385,2385,4770,2024년도 전기자동차 제천시 모델별 보조금,2024,제천시
승합(중형),에빅오토모티브코리아,세레온(어린이),5000,5000,10000,2024년도 전기자동차 제천시 모델별 보조금,2024,제천시
승합(중형),에빅오토모티브코리아,세레온(마을),5000,5000,10000,2024년도 전기자동차 제천시 모델별 보조금,2024,제천시
승합(대형),현대자동차,일렉시티 이층버스,11900,0,11900,2024년도 전기자동차 제천시 모델별 보조금,2024,제천시
승합(대형),현대자동차,일렉시티(3PACK),7000,0,7000,2024년도 전기자동차 제천시 모델별 보조금,2024,제천시
승합(대형),현대자동차,일렉시티(4PACK V1),7000,0,7000,2024년도 전기자동차 제천시 모델별 보조금,2024,제천시
승합(대형),현대자동차,일렉시티(4PACK V2),7000,0,7000,2024년도 전기자동차 제천시 모델별 보조금,2024,제천시
승합(대형),현대자동차,일렉시티 타운,6859,0,6859,2024년도 전기자동차 제천시 모델별 보조금,2024,제천시
승합(대형),케이지모빌리티커머셜,SMART 110(272kWh),3850,0,3850,2024년도 전기자동차 제천시 모델별 보조금,2024,제천시
승합(대형),케이지모빌리티커머셜,SMART 110E(347kWh),5950,0,5950,2024년도 전기자동차 제천시 모델별 보조금,2024,제천시
승합(대형),케이지모빌리티커머셜,SMART 110(260kWh),5724,0,5724,2024년도 전기자동차 제천시 모델별 보조금,2024,제천시
승합(대형),케이지모빌리티커머셜,SMART 110E(260kWh),5950,0,5950,2024년도 전기자동차 제천시 모델별 보조금,2024,제천시
승합(대형),케이지모빌리티커머셜,SMART 110(301kWh),7000,0,7000,2024년도 전기자동차 제천시 모델별 보조금,2024,제천시
승합(대형),우진산전,아폴로900전기버스,4719,0,4719,2024년도 전기자동차 제천시 모델별 보조금,2024,제천시
승합(대형),우진산전,아폴로1100전기버스 23MY,7000,0,7000,2024년도 전기자동차 제천시 모델별 보조금,2024,제천시
승합(대형),우진산전,아폴로1200-B43,7000,0,7000,2024년도 전기자동차 제천시 모델별 보조금,2024,제천시
승합(대형),우진산전,아폴로1200-S42,7000,0,7000,2024년도 전기자동차 제천시 모델별 보조금,2024,제천시
승합(대형),우진산전,아폴로1200-B42,7000,0,7000,2024년도 전기자동차 제천시 모델별 보조금,2024,제천시
승합(대형),우진산전,아폴로1200-B29,7000,0,7000,2024년도 전기자동차 제천시 모델별 보조금,2024,제천시
승합(대형),우진산전,아폴로1200-S29,7000,0,7000,2024년도 전기자동차 제천시 모델별 보조금,2024,제천시
승합(대형),피라인모터스,HYPERS1609N,5796,0,5796,2024년도 전기자동차 제천시 모델별 보조금,2024,제천시
승합(대형),피라인모터스,HYPERS1611N,5440,0,5440,2024년도 전기자동차 제천시 모델별 보조금,2024,제천시
승합(대형),피라인모터스,HYPERS1609HN,5755,0,5755,2024년도 전기자동차 제천시 모델별 보조금,2024,제천시
승합(대형),피라인모터스,HYPERS1609N(25인승),5794,0,5794,2024년도 전기자동차 제천시 모델별 보조금,2024,제천시
승합(대형),피라인모터스,HYPERS1609HN(25인승),5755,0,5755,2024년도 전기자동차 제천시 모델별 보조금,2024,제천시
승합(대형),피라인모터스,HYPERS PRIME,7000,0,7000,2024년도 전기자동차 제천시 모델별 보조금,2024,제천시
승합(대형),피라인모터스,HYPERS1609P(접이식),7000,0,7000,2024년도 전기자동차 제천시 모델별 보조금,2024,제천시
승합(대형),피라인모터스,HYPERS1609P(힙레스트),7000,0,7000,2024년도 전기자동차 제천시 모델별 보조금,2024,제천시
승합(대형),피라인모터스,HYPERS1609P(25인승 접이식),7000,0,7000,2024년도 전기자동차 제천시 모델별 보조금,2024,제천시
승합(대형),피라인모터스,HYPERS1609P(25인승 힙레스트),7000,0,7000,2024년도 전기자동차 제천시 모델별 보조금,2024,제천시
승합(대형),피라인모터스,HYPERS1611P(접이식),7000,0,7000,2024년도 전기자동차 제천시 모델별 보조금,2024,제천시
승합(대형),피라인모터스,HYPERS1611P(힙레스트),7000,0,7000,2024년도 전기자동차 제천시 모델별 보조금,2024,제천시
승합(대형),피라인모터스,HYPERS HP,7000,0,7000,2024년도 전기자동차 제천시 모델별 보조금,2024,제천시
승합(대형),범한자동차,E-SKY11(350kWh),1980,0,1980,2024년도 전기자동차 제천시 모델별 보조금,2024,제천시
승합(대형),범한자동차,E-SKY9(281kWh),1980,0,1980,2024년도 전기자동차 제천시 모델별 보조금,2024,제천시
승합(대형),범한자동차,E-STAR8 V1,1719,0,1719,2024년도 전기자동차 제천시 모델별 보조금,2024,제천시
승합(대형),범한자동차,E-STAR11,1980,0,1980,2024년도 전기자동차 제천시 모델별 보조금,2024,제천시
승합(대형),범한자동차,E-STAR12i,2480,0,2480,2024년도 전기자동차 제천시 모델별 보조금,2024,제천시
승합(대형),에스에이피,아이즘(IZM),1440,0,1440,2024년도 전기자동차 제천시 모델별 보조금,2024,제천시
승합(대형),에스에이피,엘페(ELFE),1889,0,1889,2024년도 전기자동차 제천시 모델별 보조금,2024,제천시
승합(대형),에스에이피,리오네(LIONNE),1440,0,1440,2024년도 전기자동차 제천시 모델별 보조금,2024,제천시
승합(대형),에스에이피,네오포스(NEOFORCE),1440,0,1440,2024년도 전기자동차 제천시 모델별 보조금,2024,제천시
승합(대형),GS글로벌,NEW BYD eBus-12,2180,0,2180,2024년도 전기자동차 제천시 모델별 보조금,2024,제천시
승합(대형),GS글로벌,BYD eBus9,2310,0,2310,2024년도 전기자동차 제천시 모델별 보조금,2024,제천시
승합(대형),GS글로벌,BYD eBus11,3440,0,3440,2024년도 전기자동차 제천시 모델별 보조금,2024,제천시
승합(대형),티에스에코에너지,일레누스(TS1100-1),5771,0,5771,2024년도 전기자동차 제천시 모델별 보조금,2024,제천시
승합(대형),티에스에코에너지,일레누스(TS900-1),6914,0,6914,2024년도 전기자동차 제천시 모델별 보조금,2024,제천시
승합(대형),이온모터스,시티라이트Ⅱ,2290,0,2290,2024년도 전기자동차 제천시 모델별 보조금,2024,제천시
승합(대형),이온모터스,시티라이트9,2310,0,2310,2024년도 전기자동차 제천시 모델별 보조금,2024,제천시
승합(대형),한차,GREENWAY1100A,5950,0,5950,2024년도 전기자동차 제천시 모델별 보조금,2024,제천시
승합(대형),이엠코리아,에픽시티(LFP),2310,0,2310,2024년도 전기자동차 제천시 모델별 보조금,2024,제천시
승합(대형),이엠코리아,에픽타운(LFP),2101,0,2101,2024년도 전기자동차 제천시 모델별 보조금,2024,제천시
승합(대형),태영티엔티,GD11N,7000,0,7000,2024년도 전기자동차 제천시 모델별 보조금,2024,제천시
승합(대형),재일홀딩스,그린타운400,1539,0,1539,2024년도 전기자동차 제천시 모델별 보조금,2024,제천시
승합(대형),아이버스,아이버스어린이운송차,5950,0,5950,2024년도 전기자동차 제천시 모델별 보조금,2024,제천시
승합(중형),현대자동차,카운티 일렉트릭,3915,3915,7830,2024년도 전기자동차 보은군 모델별 보조금,2024,보은군
승합(중형),현대자동차,카운티 일렉트릭(마을버스),4000,4000,8000,2024년도 전기자동차 보은군 모델별 보조금,2024,보은군
승합(중형),이비온,"E6(JL618S), 어린이통학",1127,1127,2254,2024년도 전기자동차 보은군 모델별 보조금,2024,보은군
승합(중형),GS글로벌,NEW BYD eBus-7,1007,1007,2014,2024년도 전기자동차 보은군 모델별 보조금,2024,보은군
승합(중형),한차,GREENWAY720,4250,4250,8500,2024년도 전기자동차 보은군 모델별 보조금,2024,보은군
승합(중형),테라팩토리,"테라밴키즈(2022), 어린이운송용14명",776,776,1552,2024년도 전기자동차 보은군 모델별 보조금,2024,보은군
승합(중형),테라팩토리,"테라밴키즈11(2022), 어린이운송용11명",772,772,1544,2024년도 전기자동차 보은군 모델별 보조금,2024,보은군
승합(중형),테라팩토리,테라밴,767,767,1534,2024년도 전기자동차 보은군 모델별 보조금,2024,보은군
승합(중형),중원자동차,EV J1,1496,1496,2992,2024년도 전기자동차 보은군 모델별 보조금,2024,보은군
승합(중형),쏠테로,트라베리-Y540E,1676,1676,3352,2024년도 전기자동차 보은군 모델별 보조금,2024,보은군
승합(중형),쏠테로,트라베리-Y550E,1676,1676,3352,2024년도 전기자동차 보은군 모델별 보조금,2024,보은군
승합(중형),쏠테로,트라베리-Y560E,1676,1676,3352,2024년도 전기자동차 보은군 모델별 보조금,2024,보은군
승합(중형),리텍,e-CENTRO-K,2385,0,2385,2024년도 전기자동차 보은군 모델별 보조금,2024,보은군
승합(중형),에빅오토모티브코리아,세레온(어린이),5000,5000,10000,2024년도 전기자동차 보은군 모델별 보조금,2024,보은군
승합(중형),에빅오토모티브코리아,세레온(마을),5000,5000,10000,2024년도 전기자동차 보은군 모델별 보조금,2024,보은군
승합(대형),현대자동차,일렉시티 이층버스,11900,0,11900,2024년도 전기자동차 보은군 모델별 보조금,2024,보은군
승합(대형),현대자동차,일렉시티(3PACK),7000,0,7000,2024년도 전기자동차 보은군 모델별 보조금,2024,보은군
승합(대형),현대자동차,일렉시티(4PACK V1),7000,0,7000,2024년도 전기자동차 보은군 모델별 보조금,2024,보은군
승합(대형),현대자동차,일렉시티(4PACK V2),7000,0,7000,2024년도 전기자동차 보은군 모델별 보조금,2024,보은군
승합(대형),현대자동차,일렉시티 타운,6859,0,6859,2024년도 전기자동차 보은군 모델별 보조금,2024,보은군
승합(대형),케이지모빌리티커머셜,SMART 110(272kWh),3850,0,3850,2024년도 전기자동차 보은군 모델별 보조금,2024,보은군
승합(대형),케이지모빌리티커머셜,SMART 110E(347kWh),5950,0,5950,2024년도 전기자동차 보은군 모델별 보조금,2024,보은군
승합(대형),케이지모빌리티커머셜,SMART 110(260kWh),5724,0,5724,2024년도 전기자동차 보은군 모델별 보조금,2024,보은군
승합(대형),케이지모빌리티커머셜,SMART 110E(260kWh),5950,0,5950,2024년도 전기자동차 보은군 모델별 보조금,2024,보은군
승합(대형),케이지모빌리티커머셜,SMART 110(301kWh),7000,0,7000,2024년도 전기자동차 보은군 모델별 보조금,2024,보은군
승합(대형),우진산전,아폴로900전기버스,4719,6819,11538,2024년도 전기자동차 보은군 모델별 보조금,2024,보은군
승합(대형),우진산전,아폴로1100전기버스 23MY,7000,6459,13459,2024년도 전기자동차 보은군 모델별 보조금,2024,보은군
승합(대형),우진산전,아폴로1200-B43,7000,0,7000,2024년도 전기자동차 보은군 모델별 보조금,2024,보은군
승합(대형),우진산전,아폴로1200-S42,7000,0,7000,2024년도 전기자동차 보은군 모델별 보조금,2024,보은군
승합(대형),우진산전,아폴로1200-B42,7000,7000,14000,2024년도 전기자동차 보은군 모델별 보조금,2024,보은군
승합(대형),우진산전,아폴로1200-B29,7000,7000,14000,2024년도 전기자동차 보은군 모델별 보조금,2024,보은군
승합(대형),우진산전,아폴로1200-S29,7000,7000,14000,2024년도 전기자동차 보은군 모델별 보조금,2024,보은군
승합(대형),우진산전,아폴로900 V2.0,6819,0,6819,2024년도 전기자동차 보은군 모델별 보조금,2024,보은군
승합(대형),우진산전,아폴로1100 양문형,6459,0,6459,2024년도 전기자동차 보은군 모델별 보조금,2024,보은군
승합(대형),피라인모터스,HYPERS1609N,5796,0,5796,2024년도 전기자동차 보은군 모델별 보조금,2024,보은군
승합(대형),피라인모터스,HYPERS1611N,5440,0,5440,2024년도 전기자동차 보은군 모델별 보조금,2024,보은군
승합(대형),피라인모터스,HYPERS1609HN,5755,0,5755,2024년도 전기자동차 보은군 모델별 보조금,2024,보은군
승합(대형),피라인모터스,HYPERS1609N(25인승),5794,0,5794,2024년도 전기자동차 보은군 모델별 보조금,2024,보은군
승합(대형),피라인모터스,HYPERS1609HN(25인승),5755,0,5755,2024년도 전기자동차 보은군 모델별 보조금,2024,보은군
승합(대형),피라인모터스,HYPERS PRIME,7000,7000,14000,2024년도 전기자동차 보은군 모델별 보조금,2024,보은군
승합(대형),피라인모터스,HYPERS1609P(접이식),7000,0,7000,2024년도 전기자동차 보은군 모델별 보조금,2024,보은군
승합(대형),피라인모터스,HYPERS1609P(힙레스트),7000,0,7000,2024년도 전기자동차 보은군 모델별 보조금,2024,보은군
승합(대형),피라인모터스,HYPERS1609P(25인승 접이식),7000,0,7000,2024년도 전기자동차 보은군 모델별 보조금,2024,보은군
승합(대형),피라인모터스,HYPERS1609P(25인승 힙레스트),7000,0,7000,2024년도 전기자동차 보은군 모델별 보조금,2024,보은군
승합(대형),피라인모터스,HYPERS1611P(접이식),7000,0,7000,2024년도 전기자동차 보은군 모델별 보조금,2024,보은군
승합(대형),피라인모터스,HYPERS1611P(힙레스트),7000,0,7000,2024년도 전기자동차 보은군 모델별 보조금,2024,보은군
승합(대형),피라인모터스,HYPERS HP,7000,0,7000,2024년도 전기자동차 보은군 모델별 보조금,2024,보은군
승합(대형),범한자동차,E-SKY11(350kWh),1980,0,1980,2024년도 전기자동차 보은군 모델별 보조금,2024,보은군
승합(대형),범한자동차,E-SKY9(281kWh),1980,0,1980,2024년도 전기자동차 보은군 모델별 보조금,2024,보은군
승합(대형),범한자동차,E-STAR8 V1,1719,0,1719,2024년도 전기자동차 보은군 모델별 보조금,2024,보은군
승합(대형),범한자동차,E-STAR11,1980,0,1980,2024년도 전기자동차 보은군 모델별 보조금,2024,보은군
승합(대형),범한자동차,E-STAR12i,2480,0,2480,2024년도 전기자동차 보은군 모델별 보조금,2024,보은군
승합(대형),에스에이피,아이즘(IZM),1440,0,1440,2024년도 전기자동차 보은군 모델별 보조금,2024,보은군
승합(대형),에스에이피,엘페(ELFE),1889,0,1889,2024년도 전기자동차 보은군 모델별 보조금,2024,보은군
승합(대형),에스에이피,리오네(LIONNE),1440,1440,2880,2024년도 전기자동차 보은군 모델별 보조금,2024,보은군
승합(대형),에스에이피,네오포스(NEOFORCE),1440,0,1440,2024년도 전기자동차 보은군 모델별 보조금,2024,보은군
승합(대형),GS글로벌,NEW BYD eBus-12,2180,0,2180,2024년도 전기자동차 보은군 모델별 보조금,2024,보은군
승합(대형),GS글로벌,BYD eBus9,2310,0,2310,2024년도 전기자동차 보은군 모델별 보조금,2024,보은군
승합(대형),GS글로벌,BYD eBus11,3440,0,3440,2024년도 전기자동차 보은군 모델별 보조금,2024,보은군
승합(대형),티에스에코에너지,일레누스(TS1100-1),5771,5771,11542,2024년도 전기자동차 보은군 모델별 보조금,2024,보은군
승합(대형),티에스에코에너지,일레누스(TS900-1),6914,0,6914,2024년도 전기자동차 보은군 모델별 보조금,2024,보은군
승합(대형),이온모터스,시티라이트Ⅱ,2290,0,2290,2024년도 전기자동차 보은군 모델별 보조금,2024,보은군
승합(대형),이온모터스,시티라이트9,2310,0,2310,2024년도 전기자동차 보은군 모델별 보조금,2024,보은군
승합(대형),한차,GREENWAY1100A,5950,0,5950,2024년도 전기자동차 보은군 모델별 보조금,2024,보은군
승합(대형),이엠코리아,에픽시티(LFP),2310,0,2310,2024년도 전기자동차 보은군 모델별 보조금,2024,보은군
승합(대형),이엠코리아,에픽타운(LFP),2101,0,2101,2024년도 전기자동차 보은군 모델별 보조금,2024,보은군
승합(대형),태영티엔티,GD11N,7000,0,7000,2024년도 전기자동차 보은군 모델별 보조금,2024,보은군
승합(대형),재일홀딩스,그린타운400,1539,0,1539,2024년도 전기자동차 보은군 모델별 보조금,2024,보은군
승합(대형),아이버스,아이버스어린이운송차,5950,0,5950,2024년도 전기자동차 보은군 모델별 보조금,2024,보은군
모델별 지방비 자료가 없습니다.,모델별 지방비 자료가 없습니다.,모델별 지방비 자료가 없습니다.,모델별 지방비 자료가 없습니다.,모델별 지방비 자료가 없습니다.,모델별 지방비 자료가 없습니다.,2024년도 전기자동차 옥천군 모델별 보조금,2024,옥천군
모델별 지방비 자료가 없습니다.,모델별 지방비 자료가 없습니다.,모델별 지방비 자료가 없습니다.,모델별 지방비 자료가 없습니다.,모델별 지방비 자료가 없습니다.,모델별 지방비 자료가 없습니다.,2024년도 전기자동차 증평군 모델별 보조금,2024,증평군
모델별 지방비 자료가 없습니다.,모델별 지방비 자료가 없습니다.,모델별 지방비 자료가 없습니다.,모델별 지방비 자료가 없습니다.,모델별 지방비 자료가 없습니다.,모델별 지방비 자료가 없습니다.,2024년도 전기자동차 영동군 모델별 보조금,2024,영동군
승합(중형),현대자동차,카운티 일렉트릭,3915,3915,7830,2024년도 전기자동차 진천군 모델별 보조금,2024,진천군
승합(중형),현대자동차,카운티 일렉트릭(마을버스),4000,4000,8000,2024년도 전기자동차 진천군 모델별 보조금,2024,진천군
승합(중형),이비온,"E6(JL618S), 어린이통학",1127,1127,2254,2024년도 전기자동차 진천군 모델별 보조금,2024,진천군
승합(중형),GS글로벌,NEW BYD eBus-7,1007,1007,2014,2024년도 전기자동차 진천군 모델별 보조금,2024,진천군
승합(중형),한차,GREENWAY720,4250,4250,8500,2024년도 전기자동차 진천군 모델별 보조금,2024,진천군
승합(중형),테라팩토리,"테라밴키즈(2022), 어린이운송용14명",776,776,1552,2024년도 전기자동차 진천군 모델별 보조금,2024,진천군
승합(중형),테라팩토리,"테라밴키즈11(2022), 어린이운송용11명",772,772,1544,2024년도 전기자동차 진천군 모델별 보조금,2024,진천군
승합(중형),테라팩토리,테라밴,767,767,1534,2024년도 전기자동차 진천군 모델별 보조금,2024,진천군
승합(중형),중원자동차,EV J1,1496,1496,2992,2024년도 전기자동차 진천군 모델별 보조금,2024,진천군
승합(중형),쏠테로,트라베리-Y540E,1676,1676,3352,2024년도 전기자동차 진천군 모델별 보조금,2024,진천군
승합(중형),쏠테로,트라베리-Y550E,1676,1676,3352,2024년도 전기자동차 진천군 모델별 보조금,2024,진천군
승합(중형),쏠테로,트라베리-Y560E,1676,1676,3352,2024년도 전기자동차 진천군 모델별 보조금,2024,진천군
승합(중형),리텍,e-CENTRO-K,2385,2385,4770,2024년도 전기자동차 진천군 모델별 보조금,2024,진천군
승합(중형),에빅오토모티브코리아,세레온(어린이),5000,5000,10000,2024년도 전기자동차 진천군 모델별 보조금,2024,진천군
승합(중형),에빅오토모티브코리아,세레온(마을),5000,5000,10000,2024년도 전기자동차 진천군 모델별 보조금,2024,진천군
승합(대형),현대자동차,일렉시티 이층버스,11900,0,11900,2024년도 전기자동차 진천군 모델별 보조금,2024,진천군
승합(대형),현대자동차,일렉시티(3PACK),7000,0,7000,2024년도 전기자동차 진천군 모델별 보조금,2024,진천군
승합(대형),현대자동차,일렉시티(4PACK V1),7000,0,7000,2024년도 전기자동차 진천군 모델별 보조금,2024,진천군
승합(대형),현대자동차,일렉시티(4PACK V2),7000,0,7000,2024년도 전기자동차 진천군 모델별 보조금,2024,진천군
승합(대형),현대자동차,일렉시티 타운,6859,0,6859,2024년도 전기자동차 진천군 모델별 보조금,2024,진천군
승합(대형),케이지모빌리티커머셜,SMART 110(272kWh),3850,0,3850,2024년도 전기자동차 진천군 모델별 보조금,2024,진천군
승합(대형),케이지모빌리티커머셜,SMART 110E(347kWh),5950,0,5950,2024년도 전기자동차 진천군 모델별 보조금,2024,진천군
승합(대형),케이지모빌리티커머셜,SMART 110(260kWh),5724,0,5724,2024년도 전기자동차 진천군 모델별 보조금,2024,진천군
승합(대형),케이지모빌리티커머셜,SMART 110E(260kWh),5950,0,5950,2024년도 전기자동차 진천군 모델별 보조금,2024,진천군
승합(대형),케이지모빌리티커머셜,SMART 110(301kWh),7000,0,7000,2024년도 전기자동차 진천군 모델별 보조금,2024,진천군
승합(대형),우진산전,아폴로900전기버스,4719,0,4719,2024년도 전기자동차 진천군 모델별 보조금,2024,진천군
승합(대형),우진산전,아폴로1100전기버스 23MY,7000,0,7000,2024년도 전기자동차 진천군 모델별 보조금,2024,진천군
승합(대형),우진산전,아폴로1200-B43,7000,0,7000,2024년도 전기자동차 진천군 모델별 보조금,2024,진천군
승합(대형),우진산전,아폴로1200-S42,7000,0,7000,2024년도 전기자동차 진천군 모델별 보조금,2024,진천군
승합(대형),우진산전,아폴로1200-B42,7000,7000,14000,2024년도 전기자동차 진천군 모델별 보조금,2024,진천군
승합(대형),우진산전,아폴로1200-B29,7000,7000,14000,2024년도 전기자동차 진천군 모델별 보조금,2024,진천군
승합(대형),우진산전,아폴로1200-S29,7000,7000,14000,2024년도 전기자동차 진천군 모델별 보조금,2024,진천군
승합(대형),피라인모터스,HYPERS1609N,5796,0,5796,2024년도 전기자동차 진천군 모델별 보조금,2024,진천군
승합(대형),피라인모터스,HYPERS1611N,5440,0,5440,2024년도 전기자동차 진천군 모델별 보조금,2024,진천군
승합(대형),피라인모터스,HYPERS1609HN,5755,0,5755,2024년도 전기자동차 진천군 모델별 보조금,2024,진천군
승합(대형),피라인모터스,HYPERS1609N(25인승),5794,0,5794,2024년도 전기자동차 진천군 모델별 보조금,2024,진천군
승합(대형),피라인모터스,HYPERS1609HN(25인승),5755,0,5755,2024년도 전기자동차 진천군 모델별 보조금,2024,진천군
승합(대형),피라인모터스,HYPERS PRIME,7000,0,7000,2024년도 전기자동차 진천군 모델별 보조금,2024,진천군
승합(대형),피라인모터스,HYPERS1609P(접이식),7000,0,7000,2024년도 전기자동차 진천군 모델별 보조금,2024,진천군
승합(대형),피라인모터스,HYPERS1609P(힙레스트),7000,0,7000,2024년도 전기자동차 진천군 모델별 보조금,2024,진천군
승합(대형),피라인모터스,HYPERS1609P(25인승 접이식),7000,0,7000,2024년도 전기자동차 진천군 모델별 보조금,2024,진천군
승합(대형),피라인모터스,HYPERS1609P(25인승 힙레스트),7000,0,7000,2024년도 전기자동차 진천군 모델별 보조금,2024,진천군
승합(대형),피라인모터스,HYPERS1611P(접이식),7000,0,7000,2024년도 전기자동차 진천군 모델별 보조금,2024,진천군
승합(대형),피라인모터스,HYPERS1611P(힙레스트),7000,0,7000,2024년도 전기자동차 진천군 모델별 보조금,2024,진천군
승합(대형),피라인모터스,HYPERS HP,7000,0,7000,2024년도 전기자동차 진천군 모델별 보조금,2024,진천군
승합(대형),범한자동차,E-SKY11(350kWh),1980,0,1980,2024년도 전기자동차 진천군 모델별 보조금,2024,진천군
승합(대형),범한자동차,E-SKY9(281kWh),1980,0,1980,2024년도 전기자동차 진천군 모델별 보조금,2024,진천군
승합(대형),범한자동차,E-STAR8 V1,1719,0,1719,2024년도 전기자동차 진천군 모델별 보조금,2024,진천군
승합(대형),범한자동차,E-STAR11,1980,0,1980,2024년도 전기자동차 진천군 모델별 보조금,2024,진천군
승합(대형),범한자동차,E-STAR12i,2480,0,2480,2024년도 전기자동차 진천군 모델별 보조금,2024,진천군
승합(대형),에스에이피,아이즘(IZM),1440,0,1440,2024년도 전기자동차 진천군 모델별 보조금,2024,진천군
승합(대형),에스에이피,엘페(ELFE),1889,0,1889,2024년도 전기자동차 진천군 모델별 보조금,2024,진천군
승합(대형),에스에이피,리오네(LIONNE),1440,1440,2880,2024년도 전기자동차 진천군 모델별 보조금,2024,진천군
승합(대형),에스에이피,네오포스(NEOFORCE),1440,0,1440,2024년도 전기자동차 진천군 모델별 보조금,2024,진천군
승합(대형),GS글로벌,NEW BYD eBus-12,2180,0,2180,2024년도 전기자동차 진천군 모델별 보조금,2024,진천군
승합(대형),GS글로벌,BYD eBus9,2310,0,2310,2024년도 전기자동차 진천군 모델별 보조금,2024,진천군
승합(대형),GS글로벌,BYD eBus11,3440,0,3440,2024년도 전기자동차 진천군 모델별 보조금,2024,진천군
승합(대형),티에스에코에너지,일레누스(TS1100-1),5771,0,5771,2024년도 전기자동차 진천군 모델별 보조금,2024,진천군
승합(대형),티에스에코에너지,일레누스(TS900-1),6914,0,6914,2024년도 전기자동차 진천군 모델별 보조금,2024,진천군
승합(대형),이온모터스,시티라이트Ⅱ,2290,0,2290,2024년도 전기자동차 진천군 모델별 보조금,2024,진천군
승합(대형),이온모터스,시티라이트9,2310,0,2310,2024년도 전기자동차 진천군 모델별 보조금,2024,진천군
승합(대형),한차,GREENWAY1100A,5950,0,5950,2024년도 전기자동차 진천군 모델별 보조금,2024,진천군
승합(대형),이엠코리아,에픽시티(LFP),2310,0,2310,2024년도 전기자동차 진천군 모델별 보조금,2024,진천군
승합(대형),이엠코리아,에픽타운(LFP),2101,0,2101,2024년도 전기자동차 진천군 모델별 보조금,2024,진천군
승합(대형),태영티엔티,GD11N,7000,0,7000,2024년도 전기자동차 진천군 모델별 보조금,2024,진천군
승합(대형),재일홀딩스,그린타운400,1539,0,1539,2024년도 전기자동차 진천군 모델별 보조금,2024,진천군
승합(대형),아이버스,아이버스어린이운송차,5950,0,5950,2024년도 전기자동차 진천군 모델별 보조금,2024,진천군
승합(중형),현대자동차,카운티 일렉트릭,3915,3915,7830,2024년도 전기자동차 괴산군 모델별 보조금,2024,괴산군
승합(중형),현대자동차,카운티 일렉트릭(마을버스),4000,4000,8000,2024년도 전기자동차 괴산군 모델별 보조금,2024,괴산군
승합(중형),이비온,"E6(JL618S), 어린이통학",1127,1127,2254,2024년도 전기자동차 괴산군 모델별 보조금,2024,괴산군
승합(중형),GS글로벌,NEW BYD eBus-7,1007,1007,2014,2024년도 전기자동차 괴산군 모델별 보조금,2024,괴산군
승합(중형),GS글로벌,BYD eBus7,2100,2100,4200,2024년도 전기자동차 괴산군 모델별 보조금,2024,괴산군
승합(중형),한차,GREENWAY720,4250,4250,8500,2024년도 전기자동차 괴산군 모델별 보조금,2024,괴산군
승합(중형),테라팩토리,"테라밴키즈(2022), 어린이운송용14명",776,776,1552,2024년도 전기자동차 괴산군 모델별 보조금,2024,괴산군
승합(중형),테라팩토리,"테라밴키즈11(2022), 어린이운송용11명",772,772,1544,2024년도 전기자동차 괴산군 모델별 보조금,2024,괴산군
승합(중형),테라팩토리,테라밴,767,767,1534,2024년도 전기자동차 괴산군 모델별 보조금,2024,괴산군
승합(중형),중원자동차,EV J1,1496,1496,2992,2024년도 전기자동차 괴산군 모델별 보조금,2024,괴산군
승합(중형),쏠테로,트라베리-Y540E,1676,1676,3352,2024년도 전기자동차 괴산군 모델별 보조금,2024,괴산군
승합(중형),쏠테로,트라베리-Y550E,1676,1676,3352,2024년도 전기자동차 괴산군 모델별 보조금,2024,괴산군
승합(중형),쏠테로,트라베리-Y560E,1676,1676,3352,2024년도 전기자동차 괴산군 모델별 보조금,2024,괴산군
승합(중형),리텍,e-CENTRO-K,2385,2385,4770,2024년도 전기자동차 괴산군 모델별 보조금,2024,괴산군
승합(중형),에빅오토모티브코리아,세레온(어린이),5000,0,5000,2024년도 전기자동차 괴산군 모델별 보조금,2024,괴산군
승합(중형),에빅오토모티브코리아,세레온(마을),5000,0,5000,2024년도 전기자동차 괴산군 모델별 보조금,2024,괴산군
승합(대형),현대자동차,일렉시티 이층버스,11900,0,11900,2024년도 전기자동차 괴산군 모델별 보조금,2024,괴산군
승합(대형),현대자동차,일렉시티(3PACK),7000,0,7000,2024년도 전기자동차 괴산군 모델별 보조금,2024,괴산군
승합(대형),현대자동차,일렉시티(4PACK V1),7000,0,7000,2024년도 전기자동차 괴산군 모델별 보조금,2024,괴산군
승합(대형),현대자동차,일렉시티(4PACK V2),7000,0,7000,2024년도 전기자동차 괴산군 모델별 보조금,2024,괴산군
승합(대형),현대자동차,일렉시티 타운,6859,0,6859,2024년도 전기자동차 괴산군 모델별 보조금,2024,괴산군
승합(대형),케이지모빌리티커머셜,SMART 110(272kWh),3850,0,3850,2024년도 전기자동차 괴산군 모델별 보조금,2024,괴산군
승합(대형),케이지모빌리티커머셜,SMART 110E(347kWh),5950,0,5950,2024년도 전기자동차 괴산군 모델별 보조금,2024,괴산군
승합(대형),케이지모빌리티커머셜,SMART 110(260kWh),5724,0,5724,2024년도 전기자동차 괴산군 모델별 보조금,2024,괴산군
승합(대형),케이지모빌리티커머셜,SMART 110E(260kWh),5950,0,5950,2024년도 전기자동차 괴산군 모델별 보조금,2024,괴산군
승합(대형),케이지모빌리티커머셜,SMART 110(301kWh),7000,0,7000,2024년도 전기자동차 괴산군 모델별 보조금,2024,괴산군
승합(대형),케이지모빌리티커머셜,KG C090,6916,0,6916,2024년도 전기자동차 괴산군 모델별 보조금,2024,괴산군
승합(대형),우진산전,아폴로900전기버스,4719,0,4719,2024년도 전기자동차 괴산군 모델별 보조금,2024,괴산군
승합(대형),우진산전,아폴로1100전기버스 23MY,7000,0,7000,2024년도 전기자동차 괴산군 모델별 보조금,2024,괴산군
승합(대형),우진산전,아폴로1200-B43,7000,0,7000,2024년도 전기자동차 괴산군 모델별 보조금,2024,괴산군
승합(대형),우진산전,아폴로1200-S42,7000,0,7000,2024년도 전기자동차 괴산군 모델별 보조금,2024,괴산군
승합(대형),우진산전,아폴로1200-B42,7000,7000,14000,2024년도 전기자동차 괴산군 모델별 보조금,2024,괴산군
승합(대형),우진산전,아폴로1200-B29,7000,7000,14000,2024년도 전기자동차 괴산군 모델별 보조금,2024,괴산군
승합(대형),우진산전,아폴로1200-S29,7000,7000,14000,2024년도 전기자동차 괴산군 모델별 보조금,2024,괴산군
승합(대형),우진산전,아폴로900 V2.0,6819,6819,13638,2024년도 전기자동차 괴산군 모델별 보조금,2024,괴산군
승합(대형),우진산전,아폴로1100 양문형,6459,6459,12918,2024년도 전기자동차 괴산군 모델별 보조금,2024,괴산군
승합(대형),우진산전,아폴로1100 V2.0,7000,0,7000,2024년도 전기자동차 괴산군 모델별 보조금,2024,괴산군
승합(대형),피라인모터스,HYPERS1609N,5796,0,5796,2024년도 전기자동차 괴산군 모델별 보조금,2024,괴산군
승합(대형),피라인모터스,HYPERS1611N,5440,0,5440,2024년도 전기자동차 괴산군 모델별 보조금,2024,괴산군
승합(대형),피라인모터스,HYPERS1609HN,5755,0,5755,2024년도 전기자동차 괴산군 모델별 보조금,2024,괴산군
승합(대형),피라인모터스,HYPERS1609N(25인승),5794,0,5794,2024년도 전기자동차 괴산군 모델별 보조금,2024,괴산군
승합(대형),피라인모터스,HYPERS1609HN(25인승),5755,0,5755,2024년도 전기자동차 괴산군 모델별 보조금,2024,괴산군
승합(대형),피라인모터스,HYPERS PRIME,7000,0,7000,2024년도 전기자동차 괴산군 모델별 보조금,2024,괴산군
승합(대형),피라인모터스,HYPERS1609P(접이식),7000,0,7000,2024년도 전기자동차 괴산군 모델별 보조금,2024,괴산군
승합(대형),피라인모터스,HYPERS1609P(힙레스트),7000,0,7000,2024년도 전기자동차 괴산군 모델별 보조금,2024,괴산군
승합(대형),피라인모터스,HYPERS1609P(25인승 접이식),7000,0,7000,2024년도 전기자동차 괴산군 모델별 보조금,2024,괴산군
승합(대형),피라인모터스,HYPERS1609P(25인승 힙레스트),7000,0,7000,2024년도 전기자동차 괴산군 모델별 보조금,2024,괴산군
승합(대형),피라인모터스,HYPERS1611P(접이식),7000,0,7000,2024년도 전기자동차 괴산군 모델별 보조금,2024,괴산군
승합(대형),피라인모터스,HYPERS1611P(힙레스트),7000,0,7000,2024년도 전기자동차 괴산군 모델별 보조금,2024,괴산군
승합(대형),피라인모터스,HYPERS HP,7000,7000,14000,2024년도 전기자동차 괴산군 모델별 보조금,2024,괴산군
승합(대형),범한자동차,E-SKY11(350kWh),1980,0,1980,2024년도 전기자동차 괴산군 모델별 보조금,2024,괴산군
승합(대형),범한자동차,E-SKY9(281kWh),1980,0,1980,2024년도 전기자동차 괴산군 모델별 보조금,2024,괴산군
승합(대형),범한자동차,E-STAR8 V1,1719,0,1719,2024년도 전기자동차 괴산군 모델별 보조금,2024,괴산군
승합(대형),범한자동차,E-STAR11,1980,0,1980,2024년도 전기자동차 괴산군 모델별 보조금,2024,괴산군
승합(대형),범한자동차,E-STAR12i,2480,0,2480,2024년도 전기자동차 괴산군 모델별 보조금,2024,괴산군
승합(대형),에스에이피,아이즘(IZM),1440,0,1440,2024년도 전기자동차 괴산군 모델별 보조금,2024,괴산군
승합(대형),에스에이피,엘페(ELFE),1889,0,1889,2024년도 전기자동차 괴산군 모델별 보조금,2024,괴산군
승합(대형),에스에이피,리오네(LIONNE),1440,1440,2880,2024년도 전기자동차 괴산군 모델별 보조금,2024,괴산군
승합(대형),에스에이피,네오포스(NEOFORCE),1440,0,1440,2024년도 전기자동차 괴산군 모델별 보조금,2024,괴산군
승합(대형),GS글로벌,NEW BYD eBus-12,2180,0,2180,2024년도 전기자동차 괴산군 모델별 보조금,2024,괴산군
승합(대형),GS글로벌,BYD eBus9,2310,0,2310,2024년도 전기자동차 괴산군 모델별 보조금,2024,괴산군
승합(대형),GS글로벌,BYD eBus11,3440,0,3440,2024년도 전기자동차 괴산군 모델별 보조금,2024,괴산군
승합(대형),티에스에코에너지,일레누스(TS1100-1),5771,0,5771,2024년도 전기자동차 괴산군 모델별 보조금,2024,괴산군
승합(대형),티에스에코에너지,일레누스(TS900-1),6914,6914,13828,2024년도 전기자동차 괴산군 모델별 보조금,2024,괴산군
승합(대형),이온모터스,시티라이트Ⅱ,2290,0,2290,2024년도 전기자동차 괴산군 모델별 보조금,2024,괴산군
승합(대형),이온모터스,시티라이트9,2310,0,2310,2024년도 전기자동차 괴산군 모델별 보조금,2024,괴산군
승합(대형),한차,GREENWAY1100A,5950,0,5950,2024년도 전기자동차 괴산군 모델별 보조금,2024,괴산군
승합(대형),이엠코리아,에픽시티(LFP),2310,0,2310,2024년도 전기자동차 괴산군 모델별 보조금,2024,괴산군
승합(대형),이엠코리아,에픽타운(LFP),2101,0,2101,2024년도 전기자동차 괴산군 모델별 보조금,2024,괴산군
승합(대형),이엠코리아,에픽시티(NCM),7000,0,7000,2024년도 전기자동차 괴산군 모델별 보조금,2024,괴산군
승합(대형),이엠코리아,에픽타운(NCM),6439,0,6439,2024년도 전기자동차 괴산군 모델별 보조금,2024,괴산군
승합(대형),태영티엔티,GD11N,7000,0,7000,2024년도 전기자동차 괴산군 모델별 보조금,2024,괴산군
승합(대형),재일홀딩스,그린타운400,1539,0,1539,2024년도 전기자동차 괴산군 모델별 보조금,2024,괴산군
승합(대형),아이버스,아이버스어린이운송차,5950,0,5950,2024년도 전기자동차 괴산군 모델별 보조금,2024,괴산군
모델별 지방비 자료가 없습니다.,모델별 지방비 자료가 없습니다.,모델별 지방비 자료가 없습니다.,모델별 지방비 자료가 없습니다.,모델별 지방비 자료가 없습니다.,모델별 지방비 자료가 없습니다.,2024년도 전기자동차 음성군 모델별 보조금,2024,음성군
모델별 지방비 자료가 없습니다.,모델별 지방비 자료가 없습니다.,모델별 지방비 자료가 없습니다.,모델별 지방비 자료가 없습니다.,모델별 지방비 자료가 없습니다.,모델별 지방비 자료가 없습니다.,2024년도 전기자동차 단양군 모델별 보조금,2024,단양군
승합(중형),현대자동차,카운티 일렉트릭,3915,1957,5872,2024년도 전기자동차 천안시 모델별 보조금,2024,천안시
승합(중형),현대자동차,카운티 일렉트릭(마을버스),4000,2000,6000,2024년도 전기자동차 천안시 모델별 보조금,2024,천안시
승합(중형),이비온,"E6(JL618S), 어린이통학",1127,563,1690,2024년도 전기자동차 천안시 모델별 보조금,2024,천안시
승합(중형),GS글로벌,NEW BYD eBus-7,1007,503,1510,2024년도 전기자동차 천안시 모델별 보조금,2024,천안시
승합(중형),한차,GREENWAY720,4250,2125,6375,2024년도 전기자동차 천안시 모델별 보조금,2024,천안시
승합(중형),테라팩토리,"테라밴키즈(2022), 어린이운송용14명",776,388,1164,2024년도 전기자동차 천안시 모델별 보조금,2024,천안시
승합(중형),테라팩토리,"테라밴키즈11(2022), 어린이운송용11명",772,386,1158,2024년도 전기자동차 천안시 모델별 보조금,2024,천안시
승합(중형),테라팩토리,테라밴,767,383,1150,2024년도 전기자동차 천안시 모델별 보조금,2024,천안시
승합(중형),중원자동차,EV J1,1496,748,2244,2024년도 전기자동차 천안시 모델별 보조금,2024,천안시
승합(중형),쏠테로,트라베리-Y540E,1676,838,2514,2024년도 전기자동차 천안시 모델별 보조금,2024,천안시
승합(중형),쏠테로,트라베리-Y550E,1676,838,2514,2024년도 전기자동차 천안시 모델별 보조금,2024,천안시
승합(중형),쏠테로,트라베리-Y560E,1676,838,2514,2024년도 전기자동차 천안시 모델별 보조금,2024,천안시
승합(대형),현대자동차,일렉시티 이층버스,11900,5000,16900,2024년도 전기자동차 천안시 모델별 보조금,2024,천안시
승합(대형),현대자동차,일렉시티(3PACK),7000,5000,12000,2024년도 전기자동차 천안시 모델별 보조금,2024,천안시
승합(대형),현대자동차,일렉시티(4PACK V1),7000,5000,12000,2024년도 전기자동차 천안시 모델별 보조금,2024,천안시
승합(대형),현대자동차,일렉시티(4PACK V2),7000,5000,12000,2024년도 전기자동차 천안시 모델별 보조금,2024,천안시
승합(대형),현대자동차,일렉시티 타운,6859,4899,11758,2024년도 전기자동차 천안시 모델별 보조금,2024,천안시
승합(대형),케이지모빌리티커머셜,SMART 110(272kWh),3850,2750,6600,2024년도 전기자동차 천안시 모델별 보조금,2024,천안시
승합(대형),케이지모빌리티커머셜,SMART 110E(347kWh),5950,4250,10200,2024년도 전기자동차 천안시 모델별 보조금,2024,천안시
승합(대형),케이지모빌리티커머셜,SMART 110(260kWh),5724,4088,9812,2024년도 전기자동차 천안시 모델별 보조금,2024,천안시
승합(대형),케이지모빌리티커머셜,SMART 110E(260kWh),5950,4250,10200,2024년도 전기자동차 천안시 모델별 보조금,2024,천안시
승합(대형),케이지모빌리티커머셜,SMART 110(301kWh),7000,5000,12000,2024년도 전기자동차 천안시 모델별 보조금,2024,천안시
승합(대형),우진산전,아폴로900전기버스,4719,3370,8089,2024년도 전기자동차 천안시 모델별 보조금,2024,천안시
승합(대형),우진산전,아폴로1100전기버스 23MY,7000,5000,12000,2024년도 전기자동차 천안시 모델별 보조금,2024,천안시
승합(대형),우진산전,아폴로1200-B43,7000,5000,12000,2024년도 전기자동차 천안시 모델별 보조금,2024,천안시
승합(대형),우진산전,아폴로1200-S42,7000,5000,12000,2024년도 전기자동차 천안시 모델별 보조금,2024,천안시
승합(대형),우진산전,아폴로1200-B42,7000,5000,12000,2024년도 전기자동차 천안시 모델별 보조금,2024,천안시
승합(대형),우진산전,아폴로1200-B29,7000,5000,12000,2024년도 전기자동차 천안시 모델별 보조금,2024,천안시
승합(대형),우진산전,아폴로1200-S29,7000,5000,12000,2024년도 전기자동차 천안시 모델별 보조금,2024,천안시
승합(대형),피라인모터스,HYPERS1609N,5796,4140,9936,2024년도 전기자동차 천안시 모델별 보조금,2024,천안시
승합(대형),피라인모터스,HYPERS1611N,5440,3885,9325,2024년도 전기자동차 천안시 모델별 보조금,2024,천안시
승합(대형),피라인모터스,HYPERS1609HN,5755,4110,9865,2024년도 전기자동차 천안시 모델별 보조금,2024,천안시
승합(대형),피라인모터스,HYPERS1609N(25인승),5794,4138,9932,2024년도 전기자동차 천안시 모델별 보조금,2024,천안시
승합(대형),피라인모터스,HYPERS1609HN(25인승),5755,4110,9865,2024년도 전기자동차 천안시 모델별 보조금,2024,천안시
승합(대형),피라인모터스,HYPERS PRIME,7000,5000,12000,2024년도 전기자동차 천안시 모델별 보조금,2024,천안시
승합(대형),피라인모터스,HYPERS1609P(접이식),7000,5000,12000,2024년도 전기자동차 천안시 모델별 보조금,2024,천안시
승합(대형),피라인모터스,HYPERS1609P(힙레스트),7000,5000,12000,2024년도 전기자동차 천안시 모델별 보조금,2024,천안시
승합(대형),피라인모터스,HYPERS1609P(25인승 접이식),7000,5000,12000,2024년도 전기자동차 천안시 모델별 보조금,2024,천안시
승합(대형),피라인모터스,HYPERS1609P(25인승 힙레스트),7000,5000,12000,2024년도 전기자동차 천안시 모델별 보조금,2024,천안시
승합(대형),피라인모터스,HYPERS1611P(접이식),7000,5000,12000,2024년도 전기자동차 천안시 모델별 보조금,2024,천안시
승합(대형),피라인모터스,HYPERS1611P(힙레스트),7000,5000,12000,2024년도 전기자동차 천안시 모델별 보조금,2024,천안시
승합(대형),범한자동차,E-SKY11(350kWh),1980,1414,3394,2024년도 전기자동차 천안시 모델별 보조금,2024,천안시
승합(대형),범한자동차,E-SKY9(281kWh),1980,1414,3394,2024년도 전기자동차 천안시 모델별 보조금,2024,천안시
승합(대형),범한자동차,E-STAR8 V1,1719,1227,2946,2024년도 전기자동차 천안시 모델별 보조금,2024,천안시
승합(대형),범한자동차,E-STAR11,1980,1414,3394,2024년도 전기자동차 천안시 모델별 보조금,2024,천안시
승합(대형),범한자동차,E-STAR12i,2480,1771,4251,2024년도 전기자동차 천안시 모델별 보조금,2024,천안시
승합(대형),에스에이피,아이즘(IZM),1440,1028,2468,2024년도 전기자동차 천안시 모델별 보조금,2024,천안시
승합(대형),에스에이피,엘페(ELFE),1889,1349,3238,2024년도 전기자동차 천안시 모델별 보조금,2024,천안시
승합(대형),에스에이피,리오네(LIONNE),1440,1028,2468,2024년도 전기자동차 천안시 모델별 보조금,2024,천안시
승합(대형),에스에이피,네오포스(NEOFORCE),1440,1028,2468,2024년도 전기자동차 천안시 모델별 보조금,2024,천안시
승합(대형),GS글로벌,NEW BYD eBus-12,2180,1557,3737,2024년도 전기자동차 천안시 모델별 보조금,2024,천안시
승합(대형),GS글로벌,BYD eBus9,2310,1650,3960,2024년도 전기자동차 천안시 모델별 보조금,2024,천안시
승합(대형),티에스에코에너지,일레누스(TS1100-1),5771,4122,9893,2024년도 전기자동차 천안시 모델별 보조금,2024,천안시
승합(대형),티에스에코에너지,일레누스(TS900-1),6914,4938,11852,2024년도 전기자동차 천안시 모델별 보조금,2024,천안시
승합(대형),이온모터스,시티라이트Ⅱ,2290,1635,3925,2024년도 전기자동차 천안시 모델별 보조금,2024,천안시
승합(대형),이온모터스,시티라이트9,2310,1650,3960,2024년도 전기자동차 천안시 모델별 보조금,2024,천안시
승합(대형),한차,GREENWAY1100A,5950,4250,10200,2024년도 전기자동차 천안시 모델별 보조금,2024,천안시
승합(대형),이엠코리아,에픽시티(LFP),2310,0,2310,2024년도 전기자동차 천안시 모델별 보조금,2024,천안시
승합(대형),이엠코리아,에픽타운(LFP),2101,0,2101,2024년도 전기자동차 천안시 모델별 보조금,2024,천안시
승합(대형),재일홀딩스,그린타운400,1539,1099,2638,2024년도 전기자동차 천안시 모델별 보조금,2024,천안시
승합(중형),현대자동차,카운티 일렉트릭,3915,0,3915,2024년도 전기자동차 공주시 모델별 보조금,2024,공주시
승합(중형),현대자동차,카운티 일렉트릭(마을버스),4000,0,4000,2024년도 전기자동차 공주시 모델별 보조금,2024,공주시
승합(중형),이비온,"E6(JL618S), 어린이통학",1127,0,1127,2024년도 전기자동차 공주시 모델별 보조금,2024,공주시
승합(중형),GS글로벌,NEW BYD eBus-7,1007,0,1007,2024년도 전기자동차 공주시 모델별 보조금,2024,공주시
승합(중형),한차,GREENWAY720,4250,0,4250,2024년도 전기자동차 공주시 모델별 보조금,2024,공주시
승합(중형),테라팩토리,"테라밴키즈(2022), 어린이운송용14명",776,0,776,2024년도 전기자동차 공주시 모델별 보조금,2024,공주시
승합(중형),테라팩토리,"테라밴키즈11(2022), 어린이운송용11명",772,0,772,2024년도 전기자동차 공주시 모델별 보조금,2024,공주시
승합(중형),테라팩토리,테라밴,767,0,767,2024년도 전기자동차 공주시 모델별 보조금,2024,공주시
승합(중형),중원자동차,EV J1,1496,0,1496,2024년도 전기자동차 공주시 모델별 보조금,2024,공주시
승합(중형),쏠테로,트라베리-Y540E,1676,0,1676,2024년도 전기자동차 공주시 모델별 보조금,2024,공주시
승합(중형),쏠테로,트라베리-Y550E,1676,0,1676,2024년도 전기자동차 공주시 모델별 보조금,2024,공주시
승합(중형),쏠테로,트라베리-Y560E,1676,0,1676,2024년도 전기자동차 공주시 모델별 보조금,2024,공주시
승합(대형),현대자동차,일렉시티 이층버스,11900,0,11900,2024년도 전기자동차 공주시 모델별 보조금,2024,공주시
승합(대형),현대자동차,일렉시티(3PACK),7000,10050,17050,2024년도 전기자동차 공주시 모델별 보조금,2024,공주시
승합(대형),현대자동차,일렉시티(4PACK V1),7000,10050,17050,2024년도 전기자동차 공주시 모델별 보조금,2024,공주시
승합(대형),현대자동차,일렉시티(4PACK V2),7000,10050,17050,2024년도 전기자동차 공주시 모델별 보조금,2024,공주시
승합(대형),현대자동차,일렉시티 타운,6859,0,6859,2024년도 전기자동차 공주시 모델별 보조금,2024,공주시
승합(대형),케이지모빌리티커머셜,SMART 110(272kWh),3850,0,3850,2024년도 전기자동차 공주시 모델별 보조금,2024,공주시
승합(대형),케이지모빌리티커머셜,SMART 110E(347kWh),5950,0,5950,2024년도 전기자동차 공주시 모델별 보조금,2024,공주시
승합(대형),케이지모빌리티커머셜,SMART 110(260kWh),5724,0,5724,2024년도 전기자동차 공주시 모델별 보조금,2024,공주시
승합(대형),케이지모빌리티커머셜,SMART 110E(260kWh),5950,0,5950,2024년도 전기자동차 공주시 모델별 보조금,2024,공주시
승합(대형),케이지모빌리티커머셜,SMART 110(301kWh),7000,0,7000,2024년도 전기자동차 공주시 모델별 보조금,2024,공주시
승합(대형),우진산전,아폴로900전기버스,4719,0,4719,2024년도 전기자동차 공주시 모델별 보조금,2024,공주시
승합(대형),우진산전,아폴로1100전기버스 23MY,7000,0,7000,2024년도 전기자동차 공주시 모델별 보조금,2024,공주시
승합(대형),우진산전,아폴로1200-B43,7000,0,7000,2024년도 전기자동차 공주시 모델별 보조금,2024,공주시
승합(대형),우진산전,아폴로1200-S42,7000,0,7000,2024년도 전기자동차 공주시 모델별 보조금,2024,공주시
승합(대형),우진산전,아폴로1200-B42,7000,0,7000,2024년도 전기자동차 공주시 모델별 보조금,2024,공주시
승합(대형),우진산전,아폴로1200-B29,7000,0,7000,2024년도 전기자동차 공주시 모델별 보조금,2024,공주시
승합(대형),우진산전,아폴로1200-S29,7000,0,7000,2024년도 전기자동차 공주시 모델별 보조금,2024,공주시
승합(대형),피라인모터스,HYPERS1609N,5796,0,5796,2024년도 전기자동차 공주시 모델별 보조금,2024,공주시
승합(대형),피라인모터스,HYPERS1611N,5440,0,5440,2024년도 전기자동차 공주시 모델별 보조금,2024,공주시
승합(대형),피라인모터스,HYPERS1609HN,5755,0,5755,2024년도 전기자동차 공주시 모델별 보조금,2024,공주시
승합(대형),피라인모터스,HYPERS1609N(25인승),5794,0,5794,2024년도 전기자동차 공주시 모델별 보조금,2024,공주시
승합(대형),피라인모터스,HYPERS1609HN(25인승),5755,0,5755,2024년도 전기자동차 공주시 모델별 보조금,2024,공주시
승합(대형),피라인모터스,HYPERS PRIME,7000,0,7000,2024년도 전기자동차 공주시 모델별 보조금,2024,공주시
승합(대형),피라인모터스,HYPERS1609P(접이식),7000,0,7000,2024년도 전기자동차 공주시 모델별 보조금,2024,공주시
승합(대형),피라인모터스,HYPERS1609P(힙레스트),7000,0,7000,2024년도 전기자동차 공주시 모델별 보조금,2024,공주시
승합(대형),피라인모터스,HYPERS1609P(25인승 접이식),7000,0,7000,2024년도 전기자동차 공주시 모델별 보조금,2024,공주시
승합(대형),피라인모터스,HYPERS1609P(25인승 힙레스트),7000,0,7000,2024년도 전기자동차 공주시 모델별 보조금,2024,공주시
승합(대형),피라인모터스,HYPERS1611P(접이식),7000,0,7000,2024년도 전기자동차 공주시 모델별 보조금,2024,공주시
승합(대형),피라인모터스,HYPERS1611P(힙레스트),7000,0,7000,2024년도 전기자동차 공주시 모델별 보조금,2024,공주시
승합(대형),범한자동차,E-SKY11(350kWh),1980,0,1980,2024년도 전기자동차 공주시 모델별 보조금,2024,공주시
승합(대형),범한자동차,E-SKY9(281kWh),1980,0,1980,2024년도 전기자동차 공주시 모델별 보조금,2024,공주시
승합(대형),범한자동차,E-STAR8 V1,1719,0,1719,2024년도 전기자동차 공주시 모델별 보조금,2024,공주시
승합(대형),범한자동차,E-STAR11,1980,0,1980,2024년도 전기자동차 공주시 모델별 보조금,2024,공주시
승합(대형),범한자동차,E-STAR12i,2480,0,2480,2024년도 전기자동차 공주시 모델별 보조금,2024,공주시
승합(대형),에스에이피,아이즘(IZM),1440,0,1440,2024년도 전기자동차 공주시 모델별 보조금,2024,공주시
승합(대형),에스에이피,엘페(ELFE),1889,0,1889,2024년도 전기자동차 공주시 모델별 보조금,2024,공주시
승합(대형),에스에이피,리오네(LIONNE),1440,0,1440,2024년도 전기자동차 공주시 모델별 보조금,2024,공주시
승합(대형),에스에이피,네오포스(NEOFORCE),1440,0,1440,2024년도 전기자동차 공주시 모델별 보조금,2024,공주시
승합(대형),GS글로벌,NEW BYD eBus-12,2180,0,2180,2024년도 전기자동차 공주시 모델별 보조금,2024,공주시
승합(대형),GS글로벌,BYD eBus9,2310,0,2310,2024년도 전기자동차 공주시 모델별 보조금,2024,공주시
승합(대형),티에스에코에너지,일레누스(TS1100-1),5771,0,5771,2024년도 전기자동차 공주시 모델별 보조금,2024,공주시
승합(대형),티에스에코에너지,일레누스(TS900-1),6914,0,6914,2024년도 전기자동차 공주시 모델별 보조금,2024,공주시
승합(대형),이온모터스,시티라이트Ⅱ,2290,0,2290,2024년도 전기자동차 공주시 모델별 보조금,2024,공주시
승합(대형),이온모터스,시티라이트9,2310,0,2310,2024년도 전기자동차 공주시 모델별 보조금,2024,공주시
승합(대형),한차,GREENWAY1100A,5950,0,5950,2024년도 전기자동차 공주시 모델별 보조금,2024,공주시
승합(대형),이엠코리아,에픽시티(LFP),2310,0,2310,2024년도 전기자동차 공주시 모델별 보조금,2024,공주시
승합(대형),이엠코리아,에픽타운(LFP),2101,0,2101,2024년도 전기자동차 공주시 모델별 보조금,2024,공주시
승합(대형),재일홀딩스,그린타운400,1539,0,1539,2024년도 전기자동차 공주시 모델별 보조금,2024,공주시
승합(중형),현대자동차,카운티 일렉트릭,3915,5089,9004,2024년도 전기자동차 보령시 모델별 보조금,2024,보령시
승합(중형),현대자동차,카운티 일렉트릭(마을버스),4000,5200,9200,2024년도 전기자동차 보령시 모델별 보조금,2024,보령시
승합(중형),이비온,"E6(JL618S), 어린이통학",1127,1465,2592,2024년도 전기자동차 보령시 모델별 보조금,2024,보령시
승합(중형),GS글로벌,NEW BYD eBus-7,1007,1309,2316,2024년도 전기자동차 보령시 모델별 보조금,2024,보령시
승합(중형),한차,GREENWAY720,4250,5525,9775,2024년도 전기자동차 보령시 모델별 보조금,2024,보령시
승합(중형),테라팩토리,"테라밴키즈(2022), 어린이운송용14명",776,1008,1784,2024년도 전기자동차 보령시 모델별 보조금,2024,보령시
승합(중형),테라팩토리,"테라밴키즈11(2022), 어린이운송용11명",772,1003,1775,2024년도 전기자동차 보령시 모델별 보조금,2024,보령시
승합(중형),테라팩토리,테라밴,767,997,1764,2024년도 전기자동차 보령시 모델별 보조금,2024,보령시
승합(중형),중원자동차,EV J1,1496,1944,3440,2024년도 전기자동차 보령시 모델별 보조금,2024,보령시
승합(중형),쏠테로,트라베리-Y540E,1676,2178,3854,2024년도 전기자동차 보령시 모델별 보조금,2024,보령시
승합(중형),쏠테로,트라베리-Y550E,1676,2178,3854,2024년도 전기자동차 보령시 모델별 보조금,2024,보령시
승합(중형),쏠테로,트라베리-Y560E,1676,2178,3854,2024년도 전기자동차 보령시 모델별 보조금,2024,보령시
승합(중형),리텍,e-CENTRO-K,2385,3100,5485,2024년도 전기자동차 보령시 모델별 보조금,2024,보령시
승합(대형),현대자동차,일렉시티 이층버스,11900,0,11900,2024년도 전기자동차 보령시 모델별 보조금,2024,보령시
승합(대형),현대자동차,일렉시티(3PACK),7000,0,7000,2024년도 전기자동차 보령시 모델별 보조금,2024,보령시
승합(대형),현대자동차,일렉시티(4PACK V1),7000,0,7000,2024년도 전기자동차 보령시 모델별 보조금,2024,보령시
승합(대형),현대자동차,일렉시티(4PACK V2),7000,0,7000,2024년도 전기자동차 보령시 모델별 보조금,2024,보령시
승합(대형),현대자동차,일렉시티 타운,6859,0,6859,2024년도 전기자동차 보령시 모델별 보조금,2024,보령시
승합(대형),케이지모빌리티커머셜,SMART 110(272kWh),3850,0,3850,2024년도 전기자동차 보령시 모델별 보조금,2024,보령시
승합(대형),케이지모빌리티커머셜,SMART 110E(347kWh),5950,0,5950,2024년도 전기자동차 보령시 모델별 보조금,2024,보령시
승합(대형),케이지모빌리티커머셜,SMART 110(260kWh),5724,0,5724,2024년도 전기자동차 보령시 모델별 보조금,2024,보령시
승합(대형),케이지모빌리티커머셜,SMART 110E(260kWh),5950,0,5950,2024년도 전기자동차 보령시 모델별 보조금,2024,보령시
승합(대형),케이지모빌리티커머셜,SMART 110(301kWh),7000,0,7000,2024년도 전기자동차 보령시 모델별 보조금,2024,보령시
승합(대형),우진산전,아폴로900전기버스,4719,0,4719,2024년도 전기자동차 보령시 모델별 보조금,2024,보령시
승합(대형),우진산전,아폴로1100전기버스 23MY,7000,0,7000,2024년도 전기자동차 보령시 모델별 보조금,2024,보령시
승합(대형),우진산전,아폴로1200-B43,7000,0,7000,2024년도 전기자동차 보령시 모델별 보조금,2024,보령시
승합(대형),우진산전,아폴로1200-S42,7000,0,7000,2024년도 전기자동차 보령시 모델별 보조금,2024,보령시
승합(대형),우진산전,아폴로1200-B42,7000,0,7000,2024년도 전기자동차 보령시 모델별 보조금,2024,보령시
승합(대형),우진산전,아폴로1200-B29,7000,0,7000,2024년도 전기자동차 보령시 모델별 보조금,2024,보령시
승합(대형),우진산전,아폴로1200-S29,7000,0,7000,2024년도 전기자동차 보령시 모델별 보조금,2024,보령시
승합(대형),피라인모터스,HYPERS1609N,5796,0,5796,2024년도 전기자동차 보령시 모델별 보조금,2024,보령시
승합(대형),피라인모터스,HYPERS1611N,5440,0,5440,2024년도 전기자동차 보령시 모델별 보조금,2024,보령시
승합(대형),피라인모터스,HYPERS1609HN,5755,0,5755,2024년도 전기자동차 보령시 모델별 보조금,2024,보령시
승합(대형),피라인모터스,HYPERS1609N(25인승),5794,0,5794,2024년도 전기자동차 보령시 모델별 보조금,2024,보령시
승합(대형),피라인모터스,HYPERS1609HN(25인승),5755,0,5755,2024년도 전기자동차 보령시 모델별 보조금,2024,보령시
승합(대형),피라인모터스,HYPERS PRIME,7000,0,7000,2024년도 전기자동차 보령시 모델별 보조금,2024,보령시
승합(대형),피라인모터스,HYPERS1609P(접이식),7000,0,7000,2024년도 전기자동차 보령시 모델별 보조금,2024,보령시
승합(대형),피라인모터스,HYPERS1609P(힙레스트),7000,0,7000,2024년도 전기자동차 보령시 모델별 보조금,2024,보령시
승합(대형),피라인모터스,HYPERS1609P(25인승 접이식),7000,0,7000,2024년도 전기자동차 보령시 모델별 보조금,2024,보령시
승합(대형),피라인모터스,HYPERS1609P(25인승 힙레스트),7000,0,7000,2024년도 전기자동차 보령시 모델별 보조금,2024,보령시
승합(대형),피라인모터스,HYPERS1611P(접이식),7000,0,7000,2024년도 전기자동차 보령시 모델별 보조금,2024,보령시
승합(대형),피라인모터스,HYPERS1611P(힙레스트),7000,0,7000,2024년도 전기자동차 보령시 모델별 보조금,2024,보령시
승합(대형),피라인모터스,HYPERS HP,7000,0,7000,2024년도 전기자동차 보령시 모델별 보조금,2024,보령시
승합(대형),범한자동차,E-SKY11(350kWh),1980,0,1980,2024년도 전기자동차 보령시 모델별 보조금,2024,보령시
승합(대형),범한자동차,E-SKY9(281kWh),1980,0,1980,2024년도 전기자동차 보령시 모델별 보조금,2024,보령시
승합(대형),범한자동차,E-STAR8 V1,1719,0,1719,2024년도 전기자동차 보령시 모델별 보조금,2024,보령시
승합(대형),범한자동차,E-STAR11,1980,0,1980,2024년도 전기자동차 보령시 모델별 보조금,2024,보령시
승합(대형),범한자동차,E-STAR12i,2480,0,2480,2024년도 전기자동차 보령시 모델별 보조금,2024,보령시
승합(대형),에스에이피,아이즘(IZM),1440,0,1440,2024년도 전기자동차 보령시 모델별 보조금,2024,보령시
승합(대형),에스에이피,엘페(ELFE),1889,0,1889,2024년도 전기자동차 보령시 모델별 보조금,2024,보령시
승합(대형),에스에이피,리오네(LIONNE),1440,0,1440,2024년도 전기자동차 보령시 모델별 보조금,2024,보령시
승합(대형),에스에이피,네오포스(NEOFORCE),1440,0,1440,2024년도 전기자동차 보령시 모델별 보조금,2024,보령시
승합(대형),GS글로벌,NEW BYD eBus-12,2180,4048,6228,2024년도 전기자동차 보령시 모델별 보조금,2024,보령시
승합(대형),GS글로벌,BYD eBus9,2310,4290,6600,2024년도 전기자동차 보령시 모델별 보조금,2024,보령시
승합(대형),GS글로벌,BYD eBus11,3440,0,3440,2024년도 전기자동차 보령시 모델별 보조금,2024,보령시
승합(대형),티에스에코에너지,일레누스(TS1100-1),5771,0,5771,2024년도 전기자동차 보령시 모델별 보조금,2024,보령시
승합(대형),티에스에코에너지,일레누스(TS900-1),6914,0,6914,2024년도 전기자동차 보령시 모델별 보조금,2024,보령시
승합(대형),이온모터스,시티라이트Ⅱ,2290,0,2290,2024년도 전기자동차 보령시 모델별 보조금,2024,보령시
승합(대형),이온모터스,시티라이트9,2310,0,2310,2024년도 전기자동차 보령시 모델별 보조금,2024,보령시
승합(대형),한차,GREENWAY1100A,5950,0,5950,2024년도 전기자동차 보령시 모델별 보조금,2024,보령시
승합(대형),이엠코리아,에픽시티(LFP),2310,0,2310,2024년도 전기자동차 보령시 모델별 보조금,2024,보령시
승합(대형),이엠코리아,에픽타운(LFP),2101,0,2101,2024년도 전기자동차 보령시 모델별 보조금,2024,보령시
승합(대형),태영티엔티,GD11N,7000,0,7000,2024년도 전기자동차 보령시 모델별 보조금,2024,보령시
승합(대형),재일홀딩스,그린타운400,1539,0,1539,2024년도 전기자동차 보령시 모델별 보조금,2024,보령시
승합(중형),현대자동차,카운티 일렉트릭,3915,5088,9003,2024년도 전기자동차 아산시 모델별 보조금,2024,아산시
승합(중형),현대자동차,카운티 일렉트릭(마을버스),4000,5200,9200,2024년도 전기자동차 아산시 모델별 보조금,2024,아산시
승합(중형),이비온,"E6(JL618S), 어린이통학",1127,1464,2591,2024년도 전기자동차 아산시 모델별 보조금,2024,아산시
승합(중형),GS글로벌,NEW BYD eBus-7,1007,1308,2315,2024년도 전기자동차 아산시 모델별 보조금,2024,아산시
승합(중형),한차,GREENWAY720,4250,5525,9775,2024년도 전기자동차 아산시 모델별 보조금,2024,아산시
승합(중형),테라팩토리,"테라밴키즈(2022), 어린이운송용14명",776,1008,1784,2024년도 전기자동차 아산시 모델별 보조금,2024,아산시
승합(중형),테라팩토리,"테라밴키즈11(2022), 어린이운송용11명",772,1003,1775,2024년도 전기자동차 아산시 모델별 보조금,2024,아산시
승합(중형),테라팩토리,테라밴,767,996,1763,2024년도 전기자동차 아산시 모델별 보조금,2024,아산시
승합(중형),중원자동차,EV J1,1496,1944,3440,2024년도 전기자동차 아산시 모델별 보조금,2024,아산시
승합(중형),쏠테로,트라베리-Y540E,1676,2178,3854,2024년도 전기자동차 아산시 모델별 보조금,2024,아산시
승합(중형),쏠테로,트라베리-Y550E,1676,2178,3854,2024년도 전기자동차 아산시 모델별 보조금,2024,아산시
승합(중형),쏠테로,트라베리-Y560E,1676,2178,3854,2024년도 전기자동차 아산시 모델별 보조금,2024,아산시
승합(중형),리텍,e-CENTRO-K,2385,3099,5484,2024년도 전기자동차 아산시 모델별 보조금,2024,아산시
승합(중형),에빅오토모티브코리아,세레온(어린이),5000,0,5000,2024년도 전기자동차 아산시 모델별 보조금,2024,아산시
승합(중형),에빅오토모티브코리아,세레온(마을),5000,0,5000,2024년도 전기자동차 아산시 모델별 보조금,2024,아산시
승합(대형),현대자동차,일렉시티 이층버스,11900,0,11900,2024년도 전기자동차 아산시 모델별 보조금,2024,아산시
승합(대형),현대자동차,일렉시티(3PACK),7000,0,7000,2024년도 전기자동차 아산시 모델별 보조금,2024,아산시
승합(대형),현대자동차,일렉시티(4PACK V1),7000,0,7000,2024년도 전기자동차 아산시 모델별 보조금,2024,아산시
승합(대형),현대자동차,일렉시티(4PACK V2),7000,10500,17500,2024년도 전기자동차 아산시 모델별 보조금,2024,아산시
승합(대형),현대자동차,일렉시티 타운,6859,0,6859,2024년도 전기자동차 아산시 모델별 보조금,2024,아산시
승합(대형),케이지모빌리티커머셜,SMART 110(272kWh),3850,0,3850,2024년도 전기자동차 아산시 모델별 보조금,2024,아산시
승합(대형),케이지모빌리티커머셜,SMART 110E(347kWh),5950,0,5950,2024년도 전기자동차 아산시 모델별 보조금,2024,아산시
승합(대형),케이지모빌리티커머셜,SMART 110(260kWh),5724,0,5724,2024년도 전기자동차 아산시 모델별 보조금,2024,아산시
승합(대형),케이지모빌리티커머셜,SMART 110E(260kWh),5950,0,5950,2024년도 전기자동차 아산시 모델별 보조금,2024,아산시
승합(대형),케이지모빌리티커머셜,SMART 110(301kWh),7000,10500,17500,2024년도 전기자동차 아산시 모델별 보조금,2024,아산시
승합(대형),우진산전,아폴로900전기버스,4719,0,4719,2024년도 전기자동차 아산시 모델별 보조금,2024,아산시
승합(대형),우진산전,아폴로1100전기버스 23MY,7000,0,7000,2024년도 전기자동차 아산시 모델별 보조금,2024,아산시
승합(대형),우진산전,아폴로1200-B43,7000,0,7000,2024년도 전기자동차 아산시 모델별 보조금,2024,아산시
승합(대형),우진산전,아폴로1200-S42,7000,0,7000,2024년도 전기자동차 아산시 모델별 보조금,2024,아산시
승합(대형),우진산전,아폴로1200-B42,7000,0,7000,2024년도 전기자동차 아산시 모델별 보조금,2024,아산시
승합(대형),우진산전,아폴로1200-B29,7000,0,7000,2024년도 전기자동차 아산시 모델별 보조금,2024,아산시
승합(대형),우진산전,아폴로1200-S29,7000,0,7000,2024년도 전기자동차 아산시 모델별 보조금,2024,아산시
승합(대형),피라인모터스,HYPERS1609N,5796,0,5796,2024년도 전기자동차 아산시 모델별 보조금,2024,아산시
승합(대형),피라인모터스,HYPERS1611N,5440,0,5440,2024년도 전기자동차 아산시 모델별 보조금,2024,아산시
승합(대형),피라인모터스,HYPERS1609HN,5755,0,5755,2024년도 전기자동차 아산시 모델별 보조금,2024,아산시
승합(대형),피라인모터스,HYPERS1609N(25인승),5794,0,5794,2024년도 전기자동차 아산시 모델별 보조금,2024,아산시
승합(대형),피라인모터스,HYPERS1609HN(25인승),5755,0,5755,2024년도 전기자동차 아산시 모델별 보조금,2024,아산시
승합(대형),피라인모터스,HYPERS PRIME,7000,0,7000,2024년도 전기자동차 아산시 모델별 보조금,2024,아산시
승합(대형),피라인모터스,HYPERS1609P(접이식),7000,0,7000,2024년도 전기자동차 아산시 모델별 보조금,2024,아산시
승합(대형),피라인모터스,HYPERS1609P(힙레스트),7000,0,7000,2024년도 전기자동차 아산시 모델별 보조금,2024,아산시
승합(대형),피라인모터스,HYPERS1609P(25인승 접이식),7000,0,7000,2024년도 전기자동차 아산시 모델별 보조금,2024,아산시
승합(대형),피라인모터스,HYPERS1609P(25인승 힙레스트),7000,0,7000,2024년도 전기자동차 아산시 모델별 보조금,2024,아산시
승합(대형),피라인모터스,HYPERS1611P(접이식),7000,0,7000,2024년도 전기자동차 아산시 모델별 보조금,2024,아산시
승합(대형),피라인모터스,HYPERS1611P(힙레스트),7000,0,7000,2024년도 전기자동차 아산시 모델별 보조금,2024,아산시
승합(대형),피라인모터스,HYPERS HP,7000,0,7000,2024년도 전기자동차 아산시 모델별 보조금,2024,아산시
승합(대형),범한자동차,E-SKY11(350kWh),1980,0,1980,2024년도 전기자동차 아산시 모델별 보조금,2024,아산시
승합(대형),범한자동차,E-SKY9(281kWh),1980,0,1980,2024년도 전기자동차 아산시 모델별 보조금,2024,아산시
승합(대형),범한자동차,E-STAR8 V1,1719,0,1719,2024년도 전기자동차 아산시 모델별 보조금,2024,아산시
승합(대형),범한자동차,E-STAR11,1980,0,1980,2024년도 전기자동차 아산시 모델별 보조금,2024,아산시
승합(대형),범한자동차,E-STAR12i,2480,0,2480,2024년도 전기자동차 아산시 모델별 보조금,2024,아산시
승합(대형),에스에이피,아이즘(IZM),1440,0,1440,2024년도 전기자동차 아산시 모델별 보조금,2024,아산시
승합(대형),에스에이피,엘페(ELFE),1889,0,1889,2024년도 전기자동차 아산시 모델별 보조금,2024,아산시
승합(대형),에스에이피,리오네(LIONNE),1440,0,1440,2024년도 전기자동차 아산시 모델별 보조금,2024,아산시
승합(대형),에스에이피,네오포스(NEOFORCE),1440,0,1440,2024년도 전기자동차 아산시 모델별 보조금,2024,아산시
승합(대형),GS글로벌,NEW BYD eBus-12,2180,0,2180,2024년도 전기자동차 아산시 모델별 보조금,2024,아산시
승합(대형),GS글로벌,BYD eBus9,2310,0,2310,2024년도 전기자동차 아산시 모델별 보조금,2024,아산시
승합(대형),GS글로벌,BYD eBus11,3440,0,3440,2024년도 전기자동차 아산시 모델별 보조금,2024,아산시
승합(대형),티에스에코에너지,일레누스(TS1100-1),5771,0,5771,2024년도 전기자동차 아산시 모델별 보조금,2024,아산시
승합(대형),티에스에코에너지,일레누스(TS900-1),6914,0,6914,2024년도 전기자동차 아산시 모델별 보조금,2024,아산시
승합(대형),이온모터스,시티라이트Ⅱ,2290,0,2290,2024년도 전기자동차 아산시 모델별 보조금,2024,아산시
승합(대형),이온모터스,시티라이트9,2310,0,2310,2024년도 전기자동차 아산시 모델별 보조금,2024,아산시
승합(대형),한차,GREENWAY1100A,5950,0,5950,2024년도 전기자동차 아산시 모델별 보조금,2024,아산시
승합(대형),이엠코리아,에픽시티(LFP),2310,0,2310,2024년도 전기자동차 아산시 모델별 보조금,2024,아산시
승합(대형),이엠코리아,에픽타운(LFP),2101,0,2101,2024년도 전기자동차 아산시 모델별 보조금,2024,아산시
승합(대형),태영티엔티,GD11N,7000,0,7000,2024년도 전기자동차 아산시 모델별 보조금,2024,아산시
승합(대형),재일홀딩스,그린타운400,1539,0,1539,2024년도 전기자동차 아산시 모델별 보조금,2024,아산시
승합(대형),아이버스,아이버스어린이운송차,5950,0,5950,2024년도 전기자동차 아산시 모델별 보조금,2024,아산시
승합(중형),현대자동차,카운티 일렉트릭,3915,1957,5872,2024년도 전기자동차 서산시 모델별 보조금,2024,서산시
승합(중형),현대자동차,카운티 일렉트릭(마을버스),4000,2000,6000,2024년도 전기자동차 서산시 모델별 보조금,2024,서산시
승합(중형),이비온,"E6(JL618S), 어린이통학",1127,563,1690,2024년도 전기자동차 서산시 모델별 보조금,2024,서산시
승합(중형),GS글로벌,NEW BYD eBus-7,1007,503,1510,2024년도 전기자동차 서산시 모델별 보조금,2024,서산시
승합(중형),한차,GREENWAY720,4250,2125,6375,2024년도 전기자동차 서산시 모델별 보조금,2024,서산시
승합(중형),테라팩토리,"테라밴키즈(2022), 어린이운송용14명",776,388,1164,2024년도 전기자동차 서산시 모델별 보조금,2024,서산시
승합(중형),테라팩토리,"테라밴키즈11(2022), 어린이운송용11명",772,386,1158,2024년도 전기자동차 서산시 모델별 보조금,2024,서산시
승합(중형),테라팩토리,테라밴,767,383,1150,2024년도 전기자동차 서산시 모델별 보조금,2024,서산시
승합(중형),중원자동차,EV J1,1496,748,2244,2024년도 전기자동차 서산시 모델별 보조금,2024,서산시
승합(중형),쏠테로,트라베리-Y540E,1676,838,2514,2024년도 전기자동차 서산시 모델별 보조금,2024,서산시
승합(중형),쏠테로,트라베리-Y550E,1676,838,2514,2024년도 전기자동차 서산시 모델별 보조금,2024,서산시
승합(중형),쏠테로,트라베리-Y560E,1676,838,2514,2024년도 전기자동차 서산시 모델별 보조금,2024,서산시
승합(대형),현대자동차,일렉시티 이층버스,11900,5000,16900,2024년도 전기자동차 서산시 모델별 보조금,2024,서산시
승합(대형),현대자동차,일렉시티(3PACK),7000,5000,12000,2024년도 전기자동차 서산시 모델별 보조금,2024,서산시
승합(대형),현대자동차,일렉시티(4PACK V1),7000,5000,12000,2024년도 전기자동차 서산시 모델별 보조금,2024,서산시
승합(대형),현대자동차,일렉시티(4PACK V2),7000,5000,12000,2024년도 전기자동차 서산시 모델별 보조금,2024,서산시
승합(대형),현대자동차,일렉시티 타운,6859,4899,11758,2024년도 전기자동차 서산시 모델별 보조금,2024,서산시
승합(대형),케이지모빌리티커머셜,SMART 110(272kWh),3850,2750,6600,2024년도 전기자동차 서산시 모델별 보조금,2024,서산시
승합(대형),케이지모빌리티커머셜,SMART 110E(347kWh),5950,4250,10200,2024년도 전기자동차 서산시 모델별 보조금,2024,서산시
승합(대형),케이지모빌리티커머셜,SMART 110(260kWh),5724,4088,9812,2024년도 전기자동차 서산시 모델별 보조금,2024,서산시
승합(대형),케이지모빌리티커머셜,SMART 110E(260kWh),5950,4250,10200,2024년도 전기자동차 서산시 모델별 보조금,2024,서산시
승합(대형),케이지모빌리티커머셜,SMART 110(301kWh),7000,5000,12000,2024년도 전기자동차 서산시 모델별 보조금,2024,서산시
승합(대형),우진산전,아폴로900전기버스,4719,3370,8089,2024년도 전기자동차 서산시 모델별 보조금,2024,서산시
승합(대형),우진산전,아폴로1100전기버스 23MY,7000,5000,12000,2024년도 전기자동차 서산시 모델별 보조금,2024,서산시
승합(대형),우진산전,아폴로1200-B43,7000,5000,12000,2024년도 전기자동차 서산시 모델별 보조금,2024,서산시
승합(대형),우진산전,아폴로1200-S42,7000,5000,12000,2024년도 전기자동차 서산시 모델별 보조금,2024,서산시
승합(대형),우진산전,아폴로1200-B42,7000,5000,12000,2024년도 전기자동차 서산시 모델별 보조금,2024,서산시
승합(대형),우진산전,아폴로1200-B29,7000,5000,12000,2024년도 전기자동차 서산시 모델별 보조금,2024,서산시
승합(대형),우진산전,아폴로1200-S29,7000,5000,12000,2024년도 전기자동차 서산시 모델별 보조금,2024,서산시
승합(대형),피라인모터스,HYPERS1609N,5796,4140,9936,2024년도 전기자동차 서산시 모델별 보조금,2024,서산시
승합(대형),피라인모터스,HYPERS1611N,5440,3885,9325,2024년도 전기자동차 서산시 모델별 보조금,2024,서산시
승합(대형),피라인모터스,HYPERS1609HN,5755,4110,9865,2024년도 전기자동차 서산시 모델별 보조금,2024,서산시
승합(대형),피라인모터스,HYPERS1609N(25인승),5794,4138,9932,2024년도 전기자동차 서산시 모델별 보조금,2024,서산시
승합(대형),피라인모터스,HYPERS1609HN(25인승),5755,4110,9865,2024년도 전기자동차 서산시 모델별 보조금,2024,서산시
승합(대형),피라인모터스,HYPERS PRIME,7000,5000,12000,2024년도 전기자동차 서산시 모델별 보조금,2024,서산시
승합(대형),피라인모터스,HYPERS1609P(접이식),7000,5000,12000,2024년도 전기자동차 서산시 모델별 보조금,2024,서산시
승합(대형),피라인모터스,HYPERS1609P(힙레스트),7000,5000,12000,2024년도 전기자동차 서산시 모델별 보조금,2024,서산시
승합(대형),피라인모터스,HYPERS1609P(25인승 접이식),7000,5000,12000,2024년도 전기자동차 서산시 모델별 보조금,2024,서산시
승합(대형),피라인모터스,HYPERS1609P(25인승 힙레스트),7000,5000,12000,2024년도 전기자동차 서산시 모델별 보조금,2024,서산시
승합(대형),피라인모터스,HYPERS1611P(접이식),7000,5000,12000,2024년도 전기자동차 서산시 모델별 보조금,2024,서산시
승합(대형),피라인모터스,HYPERS1611P(힙레스트),7000,5000,12000,2024년도 전기자동차 서산시 모델별 보조금,2024,서산시
승합(대형),피라인모터스,HYPERS HP,7000,5000,12000,2024년도 전기자동차 서산시 모델별 보조금,2024,서산시
승합(대형),범한자동차,E-SKY11(350kWh),1980,1414,3394,2024년도 전기자동차 서산시 모델별 보조금,2024,서산시
승합(대형),범한자동차,E-SKY9(281kWh),1980,1414,3394,2024년도 전기자동차 서산시 모델별 보조금,2024,서산시
승합(대형),범한자동차,E-STAR8 V1,1719,1227,2946,2024년도 전기자동차 서산시 모델별 보조금,2024,서산시
승합(대형),범한자동차,E-STAR11,1980,1414,3394,2024년도 전기자동차 서산시 모델별 보조금,2024,서산시
승합(대형),범한자동차,E-STAR12i,2480,1771,4251,2024년도 전기자동차 서산시 모델별 보조금,2024,서산시
승합(대형),에스에이피,아이즘(IZM),1440,1028,2468,2024년도 전기자동차 서산시 모델별 보조금,2024,서산시
승합(대형),에스에이피,엘페(ELFE),1889,1349,3238,2024년도 전기자동차 서산시 모델별 보조금,2024,서산시
승합(대형),에스에이피,리오네(LIONNE),1440,1028,2468,2024년도 전기자동차 서산시 모델별 보조금,2024,서산시
승합(대형),에스에이피,네오포스(NEOFORCE),1440,1028,2468,2024년도 전기자동차 서산시 모델별 보조금,2024,서산시
승합(대형),GS글로벌,NEW BYD eBus-12,2180,1557,3737,2024년도 전기자동차 서산시 모델별 보조금,2024,서산시
승합(대형),GS글로벌,BYD eBus9,2310,1650,3960,2024년도 전기자동차 서산시 모델별 보조금,2024,서산시
승합(대형),GS글로벌,BYD eBus11,3440,2457,5897,2024년도 전기자동차 서산시 모델별 보조금,2024,서산시
승합(대형),티에스에코에너지,일레누스(TS1100-1),5771,4122,9893,2024년도 전기자동차 서산시 모델별 보조금,2024,서산시
승합(대형),티에스에코에너지,일레누스(TS900-1),6914,4938,11852,2024년도 전기자동차 서산시 모델별 보조금,2024,서산시
승합(대형),이온모터스,시티라이트Ⅱ,2290,1635,3925,2024년도 전기자동차 서산시 모델별 보조금,2024,서산시
승합(대형),이온모터스,시티라이트9,2310,1650,3960,2024년도 전기자동차 서산시 모델별 보조금,2024,서산시
승합(대형),한차,GREENWAY1100A,5950,4250,10200,2024년도 전기자동차 서산시 모델별 보조금,2024,서산시
승합(대형),이엠코리아,에픽시티(LFP),2310,1650,3960,2024년도 전기자동차 서산시 모델별 보조금,2024,서산시
승합(대형),이엠코리아,에픽타운(LFP),2101,1500,3601,2024년도 전기자동차 서산시 모델별 보조금,2024,서산시
승합(대형),태영티엔티,GD11N,7000,5000,12000,2024년도 전기자동차 서산시 모델별 보조금,2024,서산시
승합(대형),재일홀딩스,그린타운400,1539,1099,2638,2024년도 전기자동차 서산시 모델별 보조금,2024,서산시
승합(중형),현대자동차,카운티 일렉트릭,3915,0,3915,2024년도 전기자동차 논산시 모델별 보조금,2024,논산시
승합(중형),현대자동차,카운티 일렉트릭(마을버스),4000,0,4000,2024년도 전기자동차 논산시 모델별 보조금,2024,논산시
승합(중형),이비온,"E6(JL618S), 어린이통학",1127,0,1127,2024년도 전기자동차 논산시 모델별 보조금,2024,논산시
승합(중형),GS글로벌,NEW BYD eBus-7,1007,0,1007,2024년도 전기자동차 논산시 모델별 보조금,2024,논산시
승합(중형),한차,GREENWAY720,4250,0,4250,2024년도 전기자동차 논산시 모델별 보조금,2024,논산시
승합(중형),테라팩토리,"테라밴키즈(2022), 어린이운송용14명",776,0,776,2024년도 전기자동차 논산시 모델별 보조금,2024,논산시
승합(중형),테라팩토리,"테라밴키즈11(2022), 어린이운송용11명",772,0,772,2024년도 전기자동차 논산시 모델별 보조금,2024,논산시
승합(중형),테라팩토리,테라밴,767,0,767,2024년도 전기자동차 논산시 모델별 보조금,2024,논산시
승합(중형),중원자동차,EV J1,1496,0,1496,2024년도 전기자동차 논산시 모델별 보조금,2024,논산시
승합(중형),쏠테로,트라베리-Y540E,1676,0,1676,2024년도 전기자동차 논산시 모델별 보조금,2024,논산시
승합(중형),쏠테로,트라베리-Y550E,1676,0,1676,2024년도 전기자동차 논산시 모델별 보조금,2024,논산시
승합(중형),쏠테로,트라베리-Y560E,1676,0,1676,2024년도 전기자동차 논산시 모델별 보조금,2024,논산시
승합(중형),리텍,e-CENTRO-K,2385,0,2385,2024년도 전기자동차 논산시 모델별 보조금,2024,논산시
승합(중형),에빅오토모티브코리아,세레온(어린이),5000,0,5000,2024년도 전기자동차 논산시 모델별 보조금,2024,논산시
승합(중형),에빅오토모티브코리아,세레온(마을),5000,0,5000,2024년도 전기자동차 논산시 모델별 보조금,2024,논산시
승합(대형),현대자동차,일렉시티 이층버스,11900,0,11900,2024년도 전기자동차 논산시 모델별 보조금,2024,논산시
승합(대형),현대자동차,일렉시티(3PACK),7000,0,7000,2024년도 전기자동차 논산시 모델별 보조금,2024,논산시
승합(대형),현대자동차,일렉시티(4PACK V1),7000,0,7000,2024년도 전기자동차 논산시 모델별 보조금,2024,논산시
승합(대형),현대자동차,일렉시티(4PACK V2),7000,0,7000,2024년도 전기자동차 논산시 모델별 보조금,2024,논산시
승합(대형),현대자동차,일렉시티 타운,6859,0,6859,2024년도 전기자동차 논산시 모델별 보조금,2024,논산시
승합(대형),케이지모빌리티커머셜,SMART 110(272kWh),3850,0,3850,2024년도 전기자동차 논산시 모델별 보조금,2024,논산시
승합(대형),케이지모빌리티커머셜,SMART 110E(347kWh),5950,0,5950,2024년도 전기자동차 논산시 모델별 보조금,2024,논산시
승합(대형),케이지모빌리티커머셜,SMART 110(260kWh),5724,12576,18300,2024년도 전기자동차 논산시 모델별 보조금,2024,논산시
승합(대형),케이지모빌리티커머셜,SMART 110E(260kWh),5950,0,5950,2024년도 전기자동차 논산시 모델별 보조금,2024,논산시
승합(대형),케이지모빌리티커머셜,SMART 110(301kWh),7000,11300,18300,2024년도 전기자동차 논산시 모델별 보조금,2024,논산시
승합(대형),케이지모빌리티커머셜,KG C090,6916,8184,15100,2024년도 전기자동차 논산시 모델별 보조금,2024,논산시
승합(대형),우진산전,아폴로900전기버스,4719,0,4719,2024년도 전기자동차 논산시 모델별 보조금,2024,논산시
승합(대형),우진산전,아폴로1100전기버스 23MY,7000,0,7000,2024년도 전기자동차 논산시 모델별 보조금,2024,논산시
승합(대형),우진산전,아폴로1200-B43,7000,0,7000,2024년도 전기자동차 논산시 모델별 보조금,2024,논산시
승합(대형),우진산전,아폴로1200-S42,7000,0,7000,2024년도 전기자동차 논산시 모델별 보조금,2024,논산시
승합(대형),우진산전,아폴로1200-B42,7000,0,7000,2024년도 전기자동차 논산시 모델별 보조금,2024,논산시
승합(대형),우진산전,아폴로1200-B29,7000,0,7000,2024년도 전기자동차 논산시 모델별 보조금,2024,논산시
승합(대형),우진산전,아폴로1200-S29,7000,0,7000,2024년도 전기자동차 논산시 모델별 보조금,2024,논산시
승합(대형),우진산전,아폴로900 V2.0,6819,0,6819,2024년도 전기자동차 논산시 모델별 보조금,2024,논산시
승합(대형),우진산전,아폴로1100 양문형,6459,0,6459,2024년도 전기자동차 논산시 모델별 보조금,2024,논산시
승합(대형),우진산전,아폴로1100 V2.0,7000,0,7000,2024년도 전기자동차 논산시 모델별 보조금,2024,논산시
승합(대형),피라인모터스,HYPERS1609N,5796,0,5796,2024년도 전기자동차 논산시 모델별 보조금,2024,논산시
승합(대형),피라인모터스,HYPERS1611N,5440,0,5440,2024년도 전기자동차 논산시 모델별 보조금,2024,논산시
승합(대형),피라인모터스,HYPERS1609HN,5755,0,5755,2024년도 전기자동차 논산시 모델별 보조금,2024,논산시
승합(대형),피라인모터스,HYPERS1609N(25인승),5794,0,5794,2024년도 전기자동차 논산시 모델별 보조금,2024,논산시
승합(대형),피라인모터스,HYPERS1609HN(25인승),5755,0,5755,2024년도 전기자동차 논산시 모델별 보조금,2024,논산시
승합(대형),피라인모터스,HYPERS PRIME,7000,0,7000,2024년도 전기자동차 논산시 모델별 보조금,2024,논산시
승합(대형),피라인모터스,HYPERS1609P(접이식),7000,0,7000,2024년도 전기자동차 논산시 모델별 보조금,2024,논산시
승합(대형),피라인모터스,HYPERS1609P(힙레스트),7000,0,7000,2024년도 전기자동차 논산시 모델별 보조금,2024,논산시
승합(대형),피라인모터스,HYPERS1609P(25인승 접이식),7000,0,7000,2024년도 전기자동차 논산시 모델별 보조금,2024,논산시
승합(대형),피라인모터스,HYPERS1609P(25인승 힙레스트),7000,0,7000,2024년도 전기자동차 논산시 모델별 보조금,2024,논산시
승합(대형),피라인모터스,HYPERS1611P(접이식),7000,0,7000,2024년도 전기자동차 논산시 모델별 보조금,2024,논산시
승합(대형),피라인모터스,HYPERS1611P(힙레스트),7000,0,7000,2024년도 전기자동차 논산시 모델별 보조금,2024,논산시
승합(대형),피라인모터스,HYPERS HP,7000,0,7000,2024년도 전기자동차 논산시 모델별 보조금,2024,논산시
승합(대형),범한자동차,E-SKY11(350kWh),1980,0,1980,2024년도 전기자동차 논산시 모델별 보조금,2024,논산시
승합(대형),범한자동차,E-SKY9(281kWh),1980,0,1980,2024년도 전기자동차 논산시 모델별 보조금,2024,논산시
승합(대형),범한자동차,E-STAR8 V1,1719,0,1719,2024년도 전기자동차 논산시 모델별 보조금,2024,논산시
승합(대형),범한자동차,E-STAR11,1980,0,1980,2024년도 전기자동차 논산시 모델별 보조금,2024,논산시
승합(대형),범한자동차,E-STAR12i,2480,0,2480,2024년도 전기자동차 논산시 모델별 보조금,2024,논산시
승합(대형),에스에이피,아이즘(IZM),1440,0,1440,2024년도 전기자동차 논산시 모델별 보조금,2024,논산시
승합(대형),에스에이피,엘페(ELFE),1889,0,1889,2024년도 전기자동차 논산시 모델별 보조금,2024,논산시
승합(대형),에스에이피,리오네(LIONNE),1440,0,1440,2024년도 전기자동차 논산시 모델별 보조금,2024,논산시
승합(대형),에스에이피,네오포스(NEOFORCE),1440,0,1440,2024년도 전기자동차 논산시 모델별 보조금,2024,논산시
승합(대형),GS글로벌,NEW BYD eBus-12,2180,0,2180,2024년도 전기자동차 논산시 모델별 보조금,2024,논산시
승합(대형),GS글로벌,BYD eBus9,2310,0,2310,2024년도 전기자동차 논산시 모델별 보조금,2024,논산시
승합(대형),GS글로벌,BYD eBus11,3440,0,3440,2024년도 전기자동차 논산시 모델별 보조금,2024,논산시
승합(대형),티에스에코에너지,일레누스(TS1100-1),5771,0,5771,2024년도 전기자동차 논산시 모델별 보조금,2024,논산시
승합(대형),티에스에코에너지,일레누스(TS900-1),6914,0,6914,2024년도 전기자동차 논산시 모델별 보조금,2024,논산시
승합(대형),이온모터스,시티라이트Ⅱ,2290,0,2290,2024년도 전기자동차 논산시 모델별 보조금,2024,논산시
승합(대형),이온모터스,시티라이트9,2310,0,2310,2024년도 전기자동차 논산시 모델별 보조금,2024,논산시
승합(대형),한차,GREENWAY1100A,5950,0,5950,2024년도 전기자동차 논산시 모델별 보조금,2024,논산시
승합(대형),이엠코리아,에픽시티(LFP),2310,0,2310,2024년도 전기자동차 논산시 모델별 보조금,2024,논산시
승합(대형),이엠코리아,에픽타운(LFP),2101,0,2101,2024년도 전기자동차 논산시 모델별 보조금,2024,논산시
승합(대형),이엠코리아,에픽시티(NCM),7000,0,7000,2024년도 전기자동차 논산시 모델별 보조금,2024,논산시
승합(대형),이엠코리아,에픽타운(NCM),6439,0,6439,2024년도 전기자동차 논산시 모델별 보조금,2024,논산시
승합(대형),태영티엔티,GD11N,7000,0,7000,2024년도 전기자동차 논산시 모델별 보조금,2024,논산시
승합(대형),재일홀딩스,그린타운400,1539,0,1539,2024년도 전기자동차 논산시 모델별 보조금,2024,논산시
승합(대형),아이버스,아이버스어린이운송차,5950,0,5950,2024년도 전기자동차 논산시 모델별 보조금,2024,논산시
승합(중형),현대자동차,카운티 일렉트릭,3915,0,3915,2024년도 전기자동차 계룡시 모델별 보조금,2024,계룡시
승합(중형),현대자동차,카운티 일렉트릭(마을버스),4000,0,4000,2024년도 전기자동차 계룡시 모델별 보조금,2024,계룡시
승합(중형),이비온,"E6(JL618S), 어린이통학",1127,0,1127,2024년도 전기자동차 계룡시 모델별 보조금,2024,계룡시
승합(중형),GS글로벌,NEW BYD eBus-7,1007,0,1007,2024년도 전기자동차 계룡시 모델별 보조금,2024,계룡시
승합(중형),한차,GREENWAY720,4250,0,4250,2024년도 전기자동차 계룡시 모델별 보조금,2024,계룡시
승합(중형),테라팩토리,"테라밴키즈(2022), 어린이운송용14명",776,0,776,2024년도 전기자동차 계룡시 모델별 보조금,2024,계룡시
승합(중형),테라팩토리,"테라밴키즈11(2022), 어린이운송용11명",772,0,772,2024년도 전기자동차 계룡시 모델별 보조금,2024,계룡시
승합(중형),테라팩토리,테라밴,767,0,767,2024년도 전기자동차 계룡시 모델별 보조금,2024,계룡시
승합(중형),중원자동차,EV J1,1496,0,1496,2024년도 전기자동차 계룡시 모델별 보조금,2024,계룡시
승합(중형),쏠테로,트라베리-Y540E,1676,0,1676,2024년도 전기자동차 계룡시 모델별 보조금,2024,계룡시
승합(중형),쏠테로,트라베리-Y550E,1676,0,1676,2024년도 전기자동차 계룡시 모델별 보조금,2024,계룡시
승합(중형),쏠테로,트라베리-Y560E,1676,0,1676,2024년도 전기자동차 계룡시 모델별 보조금,2024,계룡시
승합(중형),리텍,e-CENTRO-K,2385,0,2385,2024년도 전기자동차 계룡시 모델별 보조금,2024,계룡시
승합(중형),에빅오토모티브코리아,세레온(어린이),5000,0,5000,2024년도 전기자동차 계룡시 모델별 보조금,2024,계룡시
승합(중형),에빅오토모티브코리아,세레온(마을),5000,0,5000,2024년도 전기자동차 계룡시 모델별 보조금,2024,계룡시
승합(대형),현대자동차,일렉시티 이층버스,11900,0,11900,2024년도 전기자동차 계룡시 모델별 보조금,2024,계룡시
승합(대형),현대자동차,일렉시티(3PACK),7000,0,7000,2024년도 전기자동차 계룡시 모델별 보조금,2024,계룡시
승합(대형),현대자동차,일렉시티(4PACK V1),7000,0,7000,2024년도 전기자동차 계룡시 모델별 보조금,2024,계룡시
승합(대형),현대자동차,일렉시티(4PACK V2),7000,0,7000,2024년도 전기자동차 계룡시 모델별 보조금,2024,계룡시
승합(대형),현대자동차,일렉시티 타운,6859,5441,12300,2024년도 전기자동차 계룡시 모델별 보조금,2024,계룡시
승합(대형),케이지모빌리티커머셜,SMART 110(272kWh),3850,0,3850,2024년도 전기자동차 계룡시 모델별 보조금,2024,계룡시
승합(대형),케이지모빌리티커머셜,SMART 110E(347kWh),5950,0,5950,2024년도 전기자동차 계룡시 모델별 보조금,2024,계룡시
승합(대형),케이지모빌리티커머셜,SMART 110(260kWh),5724,0,5724,2024년도 전기자동차 계룡시 모델별 보조금,2024,계룡시
승합(대형),케이지모빌리티커머셜,SMART 110E(260kWh),5950,0,5950,2024년도 전기자동차 계룡시 모델별 보조금,2024,계룡시
승합(대형),케이지모빌리티커머셜,SMART 110(301kWh),7000,0,7000,2024년도 전기자동차 계룡시 모델별 보조금,2024,계룡시
승합(대형),케이지모빌리티커머셜,KG C090,6916,0,6916,2024년도 전기자동차 계룡시 모델별 보조금,2024,계룡시
승합(대형),우진산전,아폴로900전기버스,4719,0,4719,2024년도 전기자동차 계룡시 모델별 보조금,2024,계룡시
승합(대형),우진산전,아폴로1100전기버스 23MY,7000,7400,14400,2024년도 전기자동차 계룡시 모델별 보조금,2024,계룡시
승합(대형),우진산전,아폴로1200-B43,7000,0,7000,2024년도 전기자동차 계룡시 모델별 보조금,2024,계룡시
승합(대형),우진산전,아폴로1200-S42,7000,0,7000,2024년도 전기자동차 계룡시 모델별 보조금,2024,계룡시
승합(대형),우진산전,아폴로1200-B42,7000,0,7000,2024년도 전기자동차 계룡시 모델별 보조금,2024,계룡시
승합(대형),우진산전,아폴로1200-B29,7000,0,7000,2024년도 전기자동차 계룡시 모델별 보조금,2024,계룡시
승합(대형),우진산전,아폴로1200-S29,7000,0,7000,2024년도 전기자동차 계룡시 모델별 보조금,2024,계룡시
승합(대형),우진산전,아폴로900 V2.0,6819,0,6819,2024년도 전기자동차 계룡시 모델별 보조금,2024,계룡시
승합(대형),우진산전,아폴로1100 양문형,6459,0,6459,2024년도 전기자동차 계룡시 모델별 보조금,2024,계룡시
승합(대형),우진산전,아폴로1100 V2.0,7000,7400,14400,2024년도 전기자동차 계룡시 모델별 보조금,2024,계룡시
승합(대형),피라인모터스,HYPERS1609N,5796,0,5796,2024년도 전기자동차 계룡시 모델별 보조금,2024,계룡시
승합(대형),피라인모터스,HYPERS1611N,5440,0,5440,2024년도 전기자동차 계룡시 모델별 보조금,2024,계룡시
승합(대형),피라인모터스,HYPERS1609HN,5755,0,5755,2024년도 전기자동차 계룡시 모델별 보조금,2024,계룡시
승합(대형),피라인모터스,HYPERS1609N(25인승),5794,0,5794,2024년도 전기자동차 계룡시 모델별 보조금,2024,계룡시
승합(대형),피라인모터스,HYPERS1609HN(25인승),5755,0,5755,2024년도 전기자동차 계룡시 모델별 보조금,2024,계룡시
승합(대형),피라인모터스,HYPERS PRIME,7000,0,7000,2024년도 전기자동차 계룡시 모델별 보조금,2024,계룡시
승합(대형),피라인모터스,HYPERS1609P(접이식),7000,0,7000,2024년도 전기자동차 계룡시 모델별 보조금,2024,계룡시
승합(대형),피라인모터스,HYPERS1609P(힙레스트),7000,0,7000,2024년도 전기자동차 계룡시 모델별 보조금,2024,계룡시
승합(대형),피라인모터스,HYPERS1609P(25인승 접이식),7000,0,7000,2024년도 전기자동차 계룡시 모델별 보조금,2024,계룡시
승합(대형),피라인모터스,HYPERS1609P(25인승 힙레스트),7000,0,7000,2024년도 전기자동차 계룡시 모델별 보조금,2024,계룡시
승합(대형),피라인모터스,HYPERS1611P(접이식),7000,0,7000,2024년도 전기자동차 계룡시 모델별 보조금,2024,계룡시
승합(대형),피라인모터스,HYPERS1611P(힙레스트),7000,0,7000,2024년도 전기자동차 계룡시 모델별 보조금,2024,계룡시
승합(대형),피라인모터스,HYPERS HP,7000,0,7000,2024년도 전기자동차 계룡시 모델별 보조금,2024,계룡시
승합(대형),범한자동차,E-SKY11(350kWh),1980,0,1980,2024년도 전기자동차 계룡시 모델별 보조금,2024,계룡시
승합(대형),범한자동차,E-SKY9(281kWh),1980,0,1980,2024년도 전기자동차 계룡시 모델별 보조금,2024,계룡시
승합(대형),범한자동차,E-STAR8 V1,1719,0,1719,2024년도 전기자동차 계룡시 모델별 보조금,2024,계룡시
승합(대형),범한자동차,E-STAR11,1980,0,1980,2024년도 전기자동차 계룡시 모델별 보조금,2024,계룡시
승합(대형),범한자동차,E-STAR12i,2480,0,2480,2024년도 전기자동차 계룡시 모델별 보조금,2024,계룡시
승합(대형),에스에이피,아이즘(IZM),1440,0,1440,2024년도 전기자동차 계룡시 모델별 보조금,2024,계룡시
승합(대형),에스에이피,엘페(ELFE),1889,0,1889,2024년도 전기자동차 계룡시 모델별 보조금,2024,계룡시
승합(대형),에스에이피,리오네(LIONNE),1440,0,1440,2024년도 전기자동차 계룡시 모델별 보조금,2024,계룡시
승합(대형),에스에이피,네오포스(NEOFORCE),1440,0,1440,2024년도 전기자동차 계룡시 모델별 보조금,2024,계룡시
승합(대형),GS글로벌,NEW BYD eBus-12,2180,0,2180,2024년도 전기자동차 계룡시 모델별 보조금,2024,계룡시
승합(대형),GS글로벌,BYD eBus9,2310,0,2310,2024년도 전기자동차 계룡시 모델별 보조금,2024,계룡시
승합(대형),GS글로벌,BYD eBus11,3440,0,3440,2024년도 전기자동차 계룡시 모델별 보조금,2024,계룡시
승합(대형),티에스에코에너지,일레누스(TS1100-1),5771,0,5771,2024년도 전기자동차 계룡시 모델별 보조금,2024,계룡시
승합(대형),티에스에코에너지,일레누스(TS900-1),6914,0,6914,2024년도 전기자동차 계룡시 모델별 보조금,2024,계룡시
승합(대형),이온모터스,시티라이트Ⅱ,2290,0,2290,2024년도 전기자동차 계룡시 모델별 보조금,2024,계룡시
승합(대형),이온모터스,시티라이트9,2310,0,2310,2024년도 전기자동차 계룡시 모델별 보조금,2024,계룡시
승합(대형),한차,GREENWAY1100A,5950,0,5950,2024년도 전기자동차 계룡시 모델별 보조금,2024,계룡시
승합(대형),이엠코리아,에픽시티(LFP),2310,0,2310,2024년도 전기자동차 계룡시 모델별 보조금,2024,계룡시
승합(대형),이엠코리아,에픽타운(LFP),2101,0,2101,2024년도 전기자동차 계룡시 모델별 보조금,2024,계룡시
승합(대형),이엠코리아,에픽시티(NCM),7000,0,7000,2024년도 전기자동차 계룡시 모델별 보조금,2024,계룡시
승합(대형),이엠코리아,에픽타운(NCM),6439,0,6439,2024년도 전기자동차 계룡시 모델별 보조금,2024,계룡시
승합(대형),태영티엔티,GD11N,7000,0,7000,2024년도 전기자동차 계룡시 모델별 보조금,2024,계룡시
승합(대형),재일홀딩스,그린타운400,1539,0,1539,2024년도 전기자동차 계룡시 모델별 보조금,2024,계룡시
승합(대형),아이버스,아이버스어린이운송차,5950,0,5950,2024년도 전기자동차 계룡시 모델별 보조금,2024,계룡시
승합(중형),현대자동차,카운티 일렉트릭,3915,5283,9198,2024년도 전기자동차 당진시 모델별 보조금,2024,당진시
승합(중형),현대자동차,카운티 일렉트릭(마을버스),4000,5400,9400,2024년도 전기자동차 당진시 모델별 보조금,2024,당진시
승합(중형),이비온,"E6(JL618S), 어린이통학",1127,1520,2647,2024년도 전기자동차 당진시 모델별 보조금,2024,당진시
승합(중형),GS글로벌,NEW BYD eBus-7,1007,1358,2365,2024년도 전기자동차 당진시 모델별 보조금,2024,당진시
승합(중형),한차,GREENWAY720,4250,5737,9987,2024년도 전기자동차 당진시 모델별 보조금,2024,당진시
승합(중형),테라팩토리,"테라밴키즈(2022), 어린이운송용14명",776,1047,1823,2024년도 전기자동차 당진시 모델별 보조금,2024,당진시
승합(중형),테라팩토리,"테라밴키즈11(2022), 어린이운송용11명",772,1042,1814,2024년도 전기자동차 당진시 모델별 보조금,2024,당진시
승합(중형),테라팩토리,테라밴,767,1034,1801,2024년도 전기자동차 당진시 모델별 보조금,2024,당진시
승합(중형),중원자동차,EV J1,1496,2019,3515,2024년도 전기자동차 당진시 모델별 보조금,2024,당진시
승합(중형),쏠테로,트라베리-Y540E,1676,2262,3938,2024년도 전기자동차 당진시 모델별 보조금,2024,당진시
승합(중형),쏠테로,트라베리-Y550E,1676,2262,3938,2024년도 전기자동차 당진시 모델별 보조금,2024,당진시
승합(중형),쏠테로,트라베리-Y560E,1676,2262,3938,2024년도 전기자동차 당진시 모델별 보조금,2024,당진시
승합(중형),리텍,e-CENTRO-K,2385,3218,5603,2024년도 전기자동차 당진시 모델별 보조금,2024,당진시
승합(대형),현대자동차,일렉시티 이층버스,11900,13500,25400,2024년도 전기자동차 당진시 모델별 보조금,2024,당진시
승합(대형),현대자동차,일렉시티(3PACK),7000,13500,20500,2024년도 전기자동차 당진시 모델별 보조금,2024,당진시
승합(대형),현대자동차,일렉시티(4PACK V1),7000,13500,20500,2024년도 전기자동차 당진시 모델별 보조금,2024,당진시
승합(대형),현대자동차,일렉시티(4PACK V2),7000,13500,20500,2024년도 전기자동차 당진시 모델별 보조금,2024,당진시
승합(대형),현대자동차,일렉시티 타운,6859,12961,19820,2024년도 전기자동차 당진시 모델별 보조금,2024,당진시
승합(대형),케이지모빌리티커머셜,SMART 110(272kWh),3850,7425,11275,2024년도 전기자동차 당진시 모델별 보조금,2024,당진시
승합(대형),케이지모빌리티커머셜,SMART 110E(347kWh),5950,11475,17425,2024년도 전기자동차 당진시 모델별 보조금,2024,당진시
승합(대형),케이지모빌리티커머셜,SMART 110(260kWh),5724,11037,16761,2024년도 전기자동차 당진시 모델별 보조금,2024,당진시
승합(대형),케이지모빌리티커머셜,SMART 110E(260kWh),5950,11475,17425,2024년도 전기자동차 당진시 모델별 보조금,2024,당진시
승합(대형),케이지모빌리티커머셜,SMART 110(301kWh),7000,13500,20500,2024년도 전기자동차 당진시 모델별 보조금,2024,당진시
승합(대형),우진산전,아폴로900전기버스,4719,9099,13818,2024년도 전기자동차 당진시 모델별 보조금,2024,당진시
승합(대형),우진산전,아폴로1100전기버스 23MY,7000,13500,20500,2024년도 전기자동차 당진시 모델별 보조금,2024,당진시
승합(대형),우진산전,아폴로1200-B43,7000,13500,20500,2024년도 전기자동차 당진시 모델별 보조금,2024,당진시
승합(대형),우진산전,아폴로1200-S42,7000,13500,20500,2024년도 전기자동차 당진시 모델별 보조금,2024,당진시
승합(대형),우진산전,아폴로1200-B42,7000,13500,20500,2024년도 전기자동차 당진시 모델별 보조금,2024,당진시
승합(대형),우진산전,아폴로1200-B29,7000,13500,20500,2024년도 전기자동차 당진시 모델별 보조금,2024,당진시
승합(대형),우진산전,아폴로1200-S29,7000,13500,20500,2024년도 전기자동차 당진시 모델별 보조금,2024,당진시
승합(대형),피라인모터스,HYPERS1609N,5796,11178,16974,2024년도 전기자동차 당진시 모델별 보조금,2024,당진시
승합(대형),피라인모터스,HYPERS1611N,5440,10489,15929,2024년도 전기자동차 당진시 모델별 보조금,2024,당진시
승합(대형),피라인모터스,HYPERS1609HN,5755,11097,16852,2024년도 전기자동차 당진시 모델별 보조금,2024,당진시
승합(대형),피라인모터스,HYPERS1609N(25인승),5794,11172,16966,2024년도 전기자동차 당진시 모델별 보조금,2024,당진시
승합(대형),피라인모터스,HYPERS1609HN(25인승),5755,11097,16852,2024년도 전기자동차 당진시 모델별 보조금,2024,당진시
승합(대형),피라인모터스,HYPERS PRIME,7000,13500,20500,2024년도 전기자동차 당진시 모델별 보조금,2024,당진시
승합(대형),피라인모터스,HYPERS1609P(접이식),7000,13153,20153,2024년도 전기자동차 당진시 모델별 보조금,2024,당진시
승합(대형),피라인모터스,HYPERS1609P(힙레스트),7000,13153,20153,2024년도 전기자동차 당진시 모델별 보조금,2024,당진시
승합(대형),피라인모터스,HYPERS1609P(25인승 접이식),7000,13153,20153,2024년도 전기자동차 당진시 모델별 보조금,2024,당진시
승합(대형),피라인모터스,HYPERS1609P(25인승 힙레스트),7000,13153,20153,2024년도 전기자동차 당진시 모델별 보조금,2024,당진시
승합(대형),피라인모터스,HYPERS1611P(접이식),7000,13500,20500,2024년도 전기자동차 당진시 모델별 보조금,2024,당진시
승합(대형),피라인모터스,HYPERS1611P(힙레스트),7000,13500,20500,2024년도 전기자동차 당진시 모델별 보조금,2024,당진시
승합(대형),피라인모터스,HYPERS HP,7000,13500,20500,2024년도 전기자동차 당진시 모델별 보조금,2024,당진시
승합(대형),범한자동차,E-SKY11(350kWh),1980,3817,5797,2024년도 전기자동차 당진시 모델별 보조금,2024,당진시
승합(대형),범한자동차,E-SKY9(281kWh),1980,3817,5797,2024년도 전기자동차 당진시 모델별 보조금,2024,당진시
승합(대형),범한자동차,E-STAR8 V1,1719,3312,5031,2024년도 전기자동차 당진시 모델별 보조금,2024,당진시
승합(대형),범한자동차,E-STAR11,1980,3817,5797,2024년도 전기자동차 당진시 모델별 보조금,2024,당진시
승합(대형),범한자동차,E-STAR12i,2480,4781,7261,2024년도 전기자동차 당진시 모델별 보조금,2024,당진시
승합(대형),에스에이피,아이즘(IZM),1440,2775,4215,2024년도 전기자동차 당진시 모델별 보조금,2024,당진시
승합(대형),에스에이피,엘페(ELFE),1889,3642,5531,2024년도 전기자동차 당진시 모델별 보조금,2024,당진시
승합(대형),에스에이피,리오네(LIONNE),1440,2775,4215,2024년도 전기자동차 당진시 모델별 보조금,2024,당진시
승합(대형),에스에이피,네오포스(NEOFORCE),1440,2775,4215,2024년도 전기자동차 당진시 모델별 보조금,2024,당진시
승합(대형),GS글로벌,NEW BYD eBus-12,2180,4203,6383,2024년도 전기자동차 당진시 모델별 보조금,2024,당진시
승합(대형),GS글로벌,BYD eBus9,2310,4455,6765,2024년도 전기자동차 당진시 모델별 보조금,2024,당진시
승합(대형),GS글로벌,BYD eBus11,3440,6634,10074,2024년도 전기자동차 당진시 모델별 보조금,2024,당진시
승합(대형),티에스에코에너지,일레누스(TS1100-1),5771,7932,13703,2024년도 전기자동차 당진시 모델별 보조금,2024,당진시
승합(대형),티에스에코에너지,일레누스(TS900-1),6914,10047,16961,2024년도 전기자동차 당진시 모델별 보조금,2024,당진시
승합(대형),이온모터스,시티라이트Ⅱ,2290,4414,6704,2024년도 전기자동차 당진시 모델별 보조금,2024,당진시
승합(대형),이온모터스,시티라이트9,2310,4455,6765,2024년도 전기자동차 당진시 모델별 보조금,2024,당진시
승합(대형),한차,GREENWAY1100A,5950,11475,17425,2024년도 전기자동차 당진시 모델별 보조금,2024,당진시
승합(대형),이엠코리아,에픽시티(LFP),2310,0,2310,2024년도 전기자동차 당진시 모델별 보조금,2024,당진시
승합(대형),이엠코리아,에픽타운(LFP),2101,0,2101,2024년도 전기자동차 당진시 모델별 보조금,2024,당진시
승합(대형),태영티엔티,GD11N,7000,12750,19750,2024년도 전기자동차 당진시 모델별 보조금,2024,당진시
승합(대형),재일홀딩스,그린타운400,1539,2967,4506,2024년도 전기자동차 당진시 모델별 보조금,2024,당진시
모델별 지방비 자료가 없습니다.,모델별 지방비 자료가 없습니다.,모델별 지방비 자료가 없습니다.,모델별 지방비 자료가 없습니다.,모델별 지방비 자료가 없습니다.,모델별 지방비 자료가 없습니다.,2024년도 전기자동차 금산군 모델별 보조금,2024,금산군
승합(중형),현대자동차,카운티 일렉트릭,3915,0,3915,2024년도 전기자동차 부여군 모델별 보조금,2024,부여군
승합(중형),현대자동차,카운티 일렉트릭(마을버스),4000,0,4000,2024년도 전기자동차 부여군 모델별 보조금,2024,부여군
승합(중형),이비온,"E6(JL618S), 어린이통학",1127,0,1127,2024년도 전기자동차 부여군 모델별 보조금,2024,부여군
승합(중형),GS글로벌,NEW BYD eBus-7,1007,0,1007,2024년도 전기자동차 부여군 모델별 보조금,2024,부여군
승합(중형),한차,GREENWAY720,4250,0,4250,2024년도 전기자동차 부여군 모델별 보조금,2024,부여군
승합(중형),테라팩토리,"테라밴키즈(2022), 어린이운송용14명",776,0,776,2024년도 전기자동차 부여군 모델별 보조금,2024,부여군
승합(중형),테라팩토리,"테라밴키즈11(2022), 어린이운송용11명",772,0,772,2024년도 전기자동차 부여군 모델별 보조금,2024,부여군
승합(중형),테라팩토리,테라밴,767,0,767,2024년도 전기자동차 부여군 모델별 보조금,2024,부여군
승합(중형),중원자동차,EV J1,1496,0,1496,2024년도 전기자동차 부여군 모델별 보조금,2024,부여군
승합(중형),쏠테로,트라베리-Y540E,1676,0,1676,2024년도 전기자동차 부여군 모델별 보조금,2024,부여군
승합(중형),쏠테로,트라베리-Y550E,1676,0,1676,2024년도 전기자동차 부여군 모델별 보조금,2024,부여군
승합(중형),쏠테로,트라베리-Y560E,1676,0,1676,2024년도 전기자동차 부여군 모델별 보조금,2024,부여군
승합(중형),리텍,e-CENTRO-K,2385,0,2385,2024년도 전기자동차 부여군 모델별 보조금,2024,부여군
승합(대형),현대자동차,일렉시티 이층버스,11900,0,11900,2024년도 전기자동차 부여군 모델별 보조금,2024,부여군
승합(대형),현대자동차,일렉시티(3PACK),7000,0,7000,2024년도 전기자동차 부여군 모델별 보조금,2024,부여군
승합(대형),현대자동차,일렉시티(4PACK V1),7000,0,7000,2024년도 전기자동차 부여군 모델별 보조금,2024,부여군
승합(대형),현대자동차,일렉시티(4PACK V2),7000,0,7000,2024년도 전기자동차 부여군 모델별 보조금,2024,부여군
승합(대형),현대자동차,일렉시티 타운,6859,5243,12102,2024년도 전기자동차 부여군 모델별 보조금,2024,부여군
승합(대형),케이지모빌리티커머셜,SMART 110(272kWh),3850,0,3850,2024년도 전기자동차 부여군 모델별 보조금,2024,부여군
승합(대형),케이지모빌리티커머셜,SMART 110E(347kWh),5950,0,5950,2024년도 전기자동차 부여군 모델별 보조금,2024,부여군
승합(대형),케이지모빌리티커머셜,SMART 110(260kWh),5724,0,5724,2024년도 전기자동차 부여군 모델별 보조금,2024,부여군
승합(대형),케이지모빌리티커머셜,SMART 110E(260kWh),5950,0,5950,2024년도 전기자동차 부여군 모델별 보조금,2024,부여군
승합(대형),케이지모빌리티커머셜,SMART 110(301kWh),7000,0,7000,2024년도 전기자동차 부여군 모델별 보조금,2024,부여군
승합(대형),우진산전,아폴로900전기버스,4719,0,4719,2024년도 전기자동차 부여군 모델별 보조금,2024,부여군
승합(대형),우진산전,아폴로1100전기버스 23MY,7000,0,7000,2024년도 전기자동차 부여군 모델별 보조금,2024,부여군
승합(대형),우진산전,아폴로1200-B43,7000,0,7000,2024년도 전기자동차 부여군 모델별 보조금,2024,부여군
승합(대형),우진산전,아폴로1200-S42,7000,0,7000,2024년도 전기자동차 부여군 모델별 보조금,2024,부여군
승합(대형),우진산전,아폴로1200-B42,7000,0,7000,2024년도 전기자동차 부여군 모델별 보조금,2024,부여군
승합(대형),우진산전,아폴로1200-B29,7000,0,7000,2024년도 전기자동차 부여군 모델별 보조금,2024,부여군
승합(대형),우진산전,아폴로1200-S29,7000,0,7000,2024년도 전기자동차 부여군 모델별 보조금,2024,부여군
승합(대형),피라인모터스,HYPERS1609N,5796,0,5796,2024년도 전기자동차 부여군 모델별 보조금,2024,부여군
승합(대형),피라인모터스,HYPERS1611N,5440,0,5440,2024년도 전기자동차 부여군 모델별 보조금,2024,부여군
승합(대형),피라인모터스,HYPERS1609HN,5755,0,5755,2024년도 전기자동차 부여군 모델별 보조금,2024,부여군
승합(대형),피라인모터스,HYPERS1609N(25인승),5794,0,5794,2024년도 전기자동차 부여군 모델별 보조금,2024,부여군
승합(대형),피라인모터스,HYPERS1609HN(25인승),5755,0,5755,2024년도 전기자동차 부여군 모델별 보조금,2024,부여군
승합(대형),피라인모터스,HYPERS PRIME,7000,0,7000,2024년도 전기자동차 부여군 모델별 보조금,2024,부여군
승합(대형),피라인모터스,HYPERS1609P(접이식),7000,0,7000,2024년도 전기자동차 부여군 모델별 보조금,2024,부여군
승합(대형),피라인모터스,HYPERS1609P(힙레스트),7000,0,7000,2024년도 전기자동차 부여군 모델별 보조금,2024,부여군
승합(대형),피라인모터스,HYPERS1609P(25인승 접이식),7000,0,7000,2024년도 전기자동차 부여군 모델별 보조금,2024,부여군
승합(대형),피라인모터스,HYPERS1609P(25인승 힙레스트),7000,0,7000,2024년도 전기자동차 부여군 모델별 보조금,2024,부여군
승합(대형),피라인모터스,HYPERS1611P(접이식),7000,0,7000,2024년도 전기자동차 부여군 모델별 보조금,2024,부여군
승합(대형),피라인모터스,HYPERS1611P(힙레스트),7000,0,7000,2024년도 전기자동차 부여군 모델별 보조금,2024,부여군
승합(대형),피라인모터스,HYPERS HP,7000,0,7000,2024년도 전기자동차 부여군 모델별 보조금,2024,부여군
승합(대형),범한자동차,E-SKY11(350kWh),1980,0,1980,2024년도 전기자동차 부여군 모델별 보조금,2024,부여군
승합(대형),범한자동차,E-SKY9(281kWh),1980,0,1980,2024년도 전기자동차 부여군 모델별 보조금,2024,부여군
승합(대형),범한자동차,E-STAR8 V1,1719,0,1719,2024년도 전기자동차 부여군 모델별 보조금,2024,부여군
승합(대형),범한자동차,E-STAR11,1980,0,1980,2024년도 전기자동차 부여군 모델별 보조금,2024,부여군
승합(대형),범한자동차,E-STAR12i,2480,0,2480,2024년도 전기자동차 부여군 모델별 보조금,2024,부여군
승합(대형),에스에이피,아이즘(IZM),1440,0,1440,2024년도 전기자동차 부여군 모델별 보조금,2024,부여군
승합(대형),에스에이피,엘페(ELFE),1889,0,1889,2024년도 전기자동차 부여군 모델별 보조금,2024,부여군
승합(대형),에스에이피,리오네(LIONNE),1440,0,1440,2024년도 전기자동차 부여군 모델별 보조금,2024,부여군
승합(대형),에스에이피,네오포스(NEOFORCE),1440,0,1440,2024년도 전기자동차 부여군 모델별 보조금,2024,부여군
승합(대형),GS글로벌,NEW BYD eBus-12,2180,0,2180,2024년도 전기자동차 부여군 모델별 보조금,2024,부여군
승합(대형),GS글로벌,BYD eBus9,2310,0,2310,2024년도 전기자동차 부여군 모델별 보조금,2024,부여군
승합(대형),GS글로벌,BYD eBus11,3440,0,3440,2024년도 전기자동차 부여군 모델별 보조금,2024,부여군
승합(대형),티에스에코에너지,일레누스(TS1100-1),5771,0,5771,2024년도 전기자동차 부여군 모델별 보조금,2024,부여군
승합(대형),티에스에코에너지,일레누스(TS900-1),6914,0,6914,2024년도 전기자동차 부여군 모델별 보조금,2024,부여군
승합(대형),이온모터스,시티라이트Ⅱ,2290,0,2290,2024년도 전기자동차 부여군 모델별 보조금,2024,부여군
승합(대형),이온모터스,시티라이트9,2310,0,2310,2024년도 전기자동차 부여군 모델별 보조금,2024,부여군
승합(대형),한차,GREENWAY1100A,5950,0,5950,2024년도 전기자동차 부여군 모델별 보조금,2024,부여군
승합(대형),이엠코리아,에픽시티(LFP),2310,0,2310,2024년도 전기자동차 부여군 모델별 보조금,2024,부여군
승합(대형),이엠코리아,에픽타운(LFP),2101,0,2101,2024년도 전기자동차 부여군 모델별 보조금,2024,부여군
승합(대형),태영티엔티,GD11N,7000,0,7000,2024년도 전기자동차 부여군 모델별 보조금,2024,부여군
승합(대형),재일홀딩스,그린타운400,1539,0,1539,2024년도 전기자동차 부여군 모델별 보조금,2024,부여군
승합(중형),현대자동차,카운티 일렉트릭,3915,0,3915,2024년도 전기자동차 서천군 모델별 보조금,2024,서천군
승합(중형),현대자동차,카운티 일렉트릭(마을버스),4000,0,4000,2024년도 전기자동차 서천군 모델별 보조금,2024,서천군
승합(중형),이비온,"E6(JL618S), 어린이통학",1127,0,1127,2024년도 전기자동차 서천군 모델별 보조금,2024,서천군
승합(중형),GS글로벌,NEW BYD eBus-7,1007,0,1007,2024년도 전기자동차 서천군 모델별 보조금,2024,서천군
승합(중형),한차,GREENWAY720,4250,0,4250,2024년도 전기자동차 서천군 모델별 보조금,2024,서천군
승합(중형),테라팩토리,"테라밴키즈(2022), 어린이운송용14명",776,0,776,2024년도 전기자동차 서천군 모델별 보조금,2024,서천군
승합(중형),테라팩토리,"테라밴키즈11(2022), 어린이운송용11명",772,0,772,2024년도 전기자동차 서천군 모델별 보조금,2024,서천군
승합(중형),테라팩토리,테라밴,767,0,767,2024년도 전기자동차 서천군 모델별 보조금,2024,서천군
승합(중형),중원자동차,EV J1,1496,0,1496,2024년도 전기자동차 서천군 모델별 보조금,2024,서천군
승합(중형),쏠테로,트라베리-Y540E,1676,0,1676,2024년도 전기자동차 서천군 모델별 보조금,2024,서천군
승합(중형),쏠테로,트라베리-Y550E,1676,0,1676,2024년도 전기자동차 서천군 모델별 보조금,2024,서천군
승합(중형),쏠테로,트라베리-Y560E,1676,0,1676,2024년도 전기자동차 서천군 모델별 보조금,2024,서천군
승합(중형),리텍,e-CENTRO-K,2385,0,2385,2024년도 전기자동차 서천군 모델별 보조금,2024,서천군
승합(중형),에빅오토모티브코리아,세레온(어린이),5000,0,5000,2024년도 전기자동차 서천군 모델별 보조금,2024,서천군
승합(중형),에빅오토모티브코리아,세레온(마을),5000,0,5000,2024년도 전기자동차 서천군 모델별 보조금,2024,서천군
승합(대형),현대자동차,일렉시티 이층버스,11900,13000,24900,2024년도 전기자동차 서천군 모델별 보조금,2024,서천군
승합(대형),현대자동차,일렉시티(3PACK),7000,13000,20000,2024년도 전기자동차 서천군 모델별 보조금,2024,서천군
승합(대형),현대자동차,일렉시티(4PACK V1),7000,13000,20000,2024년도 전기자동차 서천군 모델별 보조금,2024,서천군
승합(대형),현대자동차,일렉시티(4PACK V2),7000,13000,20000,2024년도 전기자동차 서천군 모델별 보조금,2024,서천군
승합(대형),현대자동차,일렉시티 타운,6859,12738,19597,2024년도 전기자동차 서천군 모델별 보조금,2024,서천군
승합(대형),케이지모빌리티커머셜,SMART 110(272kWh),3850,7150,11000,2024년도 전기자동차 서천군 모델별 보조금,2024,서천군
승합(대형),케이지모빌리티커머셜,SMART 110E(347kWh),5950,11050,17000,2024년도 전기자동차 서천군 모델별 보조금,2024,서천군
승합(대형),케이지모빌리티커머셜,SMART 110(260kWh),5724,10630,16354,2024년도 전기자동차 서천군 모델별 보조금,2024,서천군
승합(대형),케이지모빌리티커머셜,SMART 110E(260kWh),5950,11050,17000,2024년도 전기자동차 서천군 모델별 보조금,2024,서천군
승합(대형),케이지모빌리티커머셜,SMART 110(301kWh),7000,13000,20000,2024년도 전기자동차 서천군 모델별 보조금,2024,서천군
승합(대형),우진산전,아폴로900전기버스,4719,8764,13483,2024년도 전기자동차 서천군 모델별 보조금,2024,서천군
승합(대형),우진산전,아폴로1100전기버스 23MY,7000,13000,20000,2024년도 전기자동차 서천군 모델별 보조금,2024,서천군
승합(대형),우진산전,아폴로1200-B43,7000,13000,20000,2024년도 전기자동차 서천군 모델별 보조금,2024,서천군
승합(대형),우진산전,아폴로1200-S42,7000,13000,20000,2024년도 전기자동차 서천군 모델별 보조금,2024,서천군
승합(대형),우진산전,아폴로1200-B42,7000,13000,20000,2024년도 전기자동차 서천군 모델별 보조금,2024,서천군
승합(대형),우진산전,아폴로1200-B29,7000,13000,20000,2024년도 전기자동차 서천군 모델별 보조금,2024,서천군
승합(대형),우진산전,아폴로1200-S29,7000,13000,20000,2024년도 전기자동차 서천군 모델별 보조금,2024,서천군
승합(대형),우진산전,아폴로900 V2.0,6819,12664,19483,2024년도 전기자동차 서천군 모델별 보조금,2024,서천군
승합(대형),우진산전,아폴로1100 양문형,6459,11995,18454,2024년도 전기자동차 서천군 모델별 보조금,2024,서천군
승합(대형),피라인모터스,HYPERS1609N,5796,10764,16560,2024년도 전기자동차 서천군 모델별 보조금,2024,서천군
승합(대형),피라인모터스,HYPERS1611N,5440,10103,15543,2024년도 전기자동차 서천군 모델별 보조금,2024,서천군
승합(대형),피라인모터스,HYPERS1609HN,5755,10688,16443,2024년도 전기자동차 서천군 모델별 보조금,2024,서천군
승합(대형),피라인모터스,HYPERS1609N(25인승),5794,10760,16554,2024년도 전기자동차 서천군 모델별 보조금,2024,서천군
승합(대형),피라인모터스,HYPERS1609HN(25인승),5755,10688,16443,2024년도 전기자동차 서천군 모델별 보조금,2024,서천군
승합(대형),피라인모터스,HYPERS PRIME,7000,13000,20000,2024년도 전기자동차 서천군 모델별 보조금,2024,서천군
승합(대형),피라인모터스,HYPERS1609P(접이식),7000,13000,20000,2024년도 전기자동차 서천군 모델별 보조금,2024,서천군
승합(대형),피라인모터스,HYPERS1609P(힙레스트),7000,13000,20000,2024년도 전기자동차 서천군 모델별 보조금,2024,서천군
승합(대형),피라인모터스,HYPERS1609P(25인승 접이식),7000,13000,20000,2024년도 전기자동차 서천군 모델별 보조금,2024,서천군
승합(대형),피라인모터스,HYPERS1609P(25인승 힙레스트),7000,13000,20000,2024년도 전기자동차 서천군 모델별 보조금,2024,서천군
승합(대형),피라인모터스,HYPERS1611P(접이식),7000,13000,20000,2024년도 전기자동차 서천군 모델별 보조금,2024,서천군
승합(대형),피라인모터스,HYPERS1611P(힙레스트),7000,13000,20000,2024년도 전기자동차 서천군 모델별 보조금,2024,서천군
승합(대형),피라인모터스,HYPERS HP,7000,13000,20000,2024년도 전기자동차 서천군 모델별 보조금,2024,서천군
승합(대형),범한자동차,E-SKY11(350kWh),1980,3677,5657,2024년도 전기자동차 서천군 모델별 보조금,2024,서천군
승합(대형),범한자동차,E-SKY9(281kWh),1980,3677,5657,2024년도 전기자동차 서천군 모델별 보조금,2024,서천군
승합(대형),범한자동차,E-STAR8 V1,1719,3192,4911,2024년도 전기자동차 서천군 모델별 보조금,2024,서천군
승합(대형),범한자동차,E-STAR11,1980,3677,5657,2024년도 전기자동차 서천군 모델별 보조금,2024,서천군
승합(대형),범한자동차,E-STAR12i,2480,4606,7086,2024년도 전기자동차 서천군 모델별 보조금,2024,서천군
승합(대형),에스에이피,아이즘(IZM),1440,2674,4114,2024년도 전기자동차 서천군 모델별 보조금,2024,서천군
승합(대형),에스에이피,엘페(ELFE),1889,3508,5397,2024년도 전기자동차 서천군 모델별 보조금,2024,서천군
승합(대형),에스에이피,리오네(LIONNE),1440,2674,4114,2024년도 전기자동차 서천군 모델별 보조금,2024,서천군
승합(대형),에스에이피,네오포스(NEOFORCE),1440,2674,4114,2024년도 전기자동차 서천군 모델별 보조금,2024,서천군
승합(대형),GS글로벌,NEW BYD eBus-12,2180,4049,6229,2024년도 전기자동차 서천군 모델별 보조금,2024,서천군
승합(대형),GS글로벌,BYD eBus9,2310,4290,6600,2024년도 전기자동차 서천군 모델별 보조금,2024,서천군
승합(대형),GS글로벌,BYD eBus11,3440,6389,9829,2024년도 전기자동차 서천군 모델별 보조금,2024,서천군
승합(대형),티에스에코에너지,일레누스(TS1100-1),5771,0,5771,2024년도 전기자동차 서천군 모델별 보조금,2024,서천군
승합(대형),티에스에코에너지,일레누스(TS900-1),6914,0,6914,2024년도 전기자동차 서천군 모델별 보조금,2024,서천군
승합(대형),이온모터스,시티라이트Ⅱ,2290,4253,6543,2024년도 전기자동차 서천군 모델별 보조금,2024,서천군
승합(대형),이온모터스,시티라이트9,2310,4290,6600,2024년도 전기자동차 서천군 모델별 보조금,2024,서천군
승합(대형),한차,GREENWAY1100A,5950,11050,17000,2024년도 전기자동차 서천군 모델별 보조금,2024,서천군
승합(대형),이엠코리아,에픽시티(LFP),2310,0,2310,2024년도 전기자동차 서천군 모델별 보조금,2024,서천군
승합(대형),이엠코리아,에픽타운(LFP),2101,0,2101,2024년도 전기자동차 서천군 모델별 보조금,2024,서천군
승합(대형),태영티엔티,GD11N,7000,13000,20000,2024년도 전기자동차 서천군 모델별 보조금,2024,서천군
승합(대형),재일홀딩스,그린타운400,1539,2858,4397,2024년도 전기자동차 서천군 모델별 보조금,2024,서천군
승합(대형),아이버스,아이버스어린이운송차,5950,0,5950,2024년도 전기자동차 서천군 모델별 보조금,2024,서천군
모델별 지방비 자료가 없습니다.,모델별 지방비 자료가 없습니다.,모델별 지방비 자료가 없습니다.,모델별 지방비 자료가 없습니다.,모델별 지방비 자료가 없습니다.,모델별 지방비 자료가 없습니다.,2024년도 전기자동차 청양군 모델별 보조금,2024,청양군
승합(중형),현대자동차,카운티 일렉트릭,3915,0,3915,2024년도 전기자동차 홍성군 모델별 보조금,2024,홍성군
승합(중형),현대자동차,카운티 일렉트릭(마을버스),4000,0,4000,2024년도 전기자동차 홍성군 모델별 보조금,2024,홍성군
승합(중형),이비온,"E6(JL618S), 어린이통학",1127,0,1127,2024년도 전기자동차 홍성군 모델별 보조금,2024,홍성군
승합(중형),GS글로벌,NEW BYD eBus-7,1007,0,1007,2024년도 전기자동차 홍성군 모델별 보조금,2024,홍성군
승합(중형),한차,GREENWAY720,4250,0,4250,2024년도 전기자동차 홍성군 모델별 보조금,2024,홍성군
승합(중형),테라팩토리,"테라밴키즈(2022), 어린이운송용14명",776,0,776,2024년도 전기자동차 홍성군 모델별 보조금,2024,홍성군
승합(중형),테라팩토리,"테라밴키즈11(2022), 어린이운송용11명",772,0,772,2024년도 전기자동차 홍성군 모델별 보조금,2024,홍성군
승합(중형),테라팩토리,테라밴,767,0,767,2024년도 전기자동차 홍성군 모델별 보조금,2024,홍성군
승합(중형),중원자동차,EV J1,1496,0,1496,2024년도 전기자동차 홍성군 모델별 보조금,2024,홍성군
승합(중형),쏠테로,트라베리-Y540E,1676,0,1676,2024년도 전기자동차 홍성군 모델별 보조금,2024,홍성군
승합(중형),쏠테로,트라베리-Y550E,1676,0,1676,2024년도 전기자동차 홍성군 모델별 보조금,2024,홍성군
승합(중형),쏠테로,트라베리-Y560E,1676,0,1676,2024년도 전기자동차 홍성군 모델별 보조금,2024,홍성군
승합(대형),현대자동차,일렉시티 이층버스,11900,5000,16900,2024년도 전기자동차 홍성군 모델별 보조금,2024,홍성군
승합(대형),현대자동차,일렉시티(3PACK),7000,5000,12000,2024년도 전기자동차 홍성군 모델별 보조금,2024,홍성군
승합(대형),현대자동차,일렉시티(4PACK V1),7000,5000,12000,2024년도 전기자동차 홍성군 모델별 보조금,2024,홍성군
승합(대형),현대자동차,일렉시티(4PACK V2),7000,5000,12000,2024년도 전기자동차 홍성군 모델별 보조금,2024,홍성군
승합(대형),현대자동차,일렉시티 타운,6859,4899,11758,2024년도 전기자동차 홍성군 모델별 보조금,2024,홍성군
승합(대형),케이지모빌리티커머셜,SMART 110(272kWh),3850,2750,6600,2024년도 전기자동차 홍성군 모델별 보조금,2024,홍성군
승합(대형),케이지모빌리티커머셜,SMART 110E(347kWh),5950,0,5950,2024년도 전기자동차 홍성군 모델별 보조금,2024,홍성군
승합(대형),케이지모빌리티커머셜,SMART 110(260kWh),5724,4088,9812,2024년도 전기자동차 홍성군 모델별 보조금,2024,홍성군
승합(대형),케이지모빌리티커머셜,SMART 110E(260kWh),5950,0,5950,2024년도 전기자동차 홍성군 모델별 보조금,2024,홍성군
승합(대형),케이지모빌리티커머셜,SMART 110(301kWh),7000,5000,12000,2024년도 전기자동차 홍성군 모델별 보조금,2024,홍성군
승합(대형),우진산전,아폴로900전기버스,4719,3370,8089,2024년도 전기자동차 홍성군 모델별 보조금,2024,홍성군
승합(대형),우진산전,아폴로1100전기버스 23MY,7000,5000,12000,2024년도 전기자동차 홍성군 모델별 보조금,2024,홍성군
승합(대형),우진산전,아폴로1200-B43,7000,0,7000,2024년도 전기자동차 홍성군 모델별 보조금,2024,홍성군
승합(대형),우진산전,아폴로1200-S42,7000,0,7000,2024년도 전기자동차 홍성군 모델별 보조금,2024,홍성군
승합(대형),우진산전,아폴로1200-B42,7000,0,7000,2024년도 전기자동차 홍성군 모델별 보조금,2024,홍성군
승합(대형),우진산전,아폴로1200-B29,7000,0,7000,2024년도 전기자동차 홍성군 모델별 보조금,2024,홍성군
승합(대형),우진산전,아폴로1200-S29,7000,0,7000,2024년도 전기자동차 홍성군 모델별 보조금,2024,홍성군
승합(대형),피라인모터스,HYPERS1609N,5796,4140,9936,2024년도 전기자동차 홍성군 모델별 보조금,2024,홍성군
승합(대형),피라인모터스,HYPERS1611N,5440,3885,9325,2024년도 전기자동차 홍성군 모델별 보조금,2024,홍성군
승합(대형),피라인모터스,HYPERS1609HN,5755,4110,9865,2024년도 전기자동차 홍성군 모델별 보조금,2024,홍성군
승합(대형),피라인모터스,HYPERS1609N(25인승),5794,4138,9932,2024년도 전기자동차 홍성군 모델별 보조금,2024,홍성군
승합(대형),피라인모터스,HYPERS1609HN(25인승),5755,4110,9865,2024년도 전기자동차 홍성군 모델별 보조금,2024,홍성군
승합(대형),피라인모터스,HYPERS PRIME,7000,0,7000,2024년도 전기자동차 홍성군 모델별 보조금,2024,홍성군
승합(대형),피라인모터스,HYPERS1609P(접이식),7000,5000,12000,2024년도 전기자동차 홍성군 모델별 보조금,2024,홍성군
승합(대형),피라인모터스,HYPERS1609P(힙레스트),7000,5000,12000,2024년도 전기자동차 홍성군 모델별 보조금,2024,홍성군
승합(대형),피라인모터스,HYPERS1609P(25인승 접이식),7000,5000,12000,2024년도 전기자동차 홍성군 모델별 보조금,2024,홍성군
승합(대형),피라인모터스,HYPERS1609P(25인승 힙레스트),7000,5000,12000,2024년도 전기자동차 홍성군 모델별 보조금,2024,홍성군
승합(대형),피라인모터스,HYPERS1611P(접이식),7000,5000,12000,2024년도 전기자동차 홍성군 모델별 보조금,2024,홍성군
승합(대형),피라인모터스,HYPERS1611P(힙레스트),7000,5000,12000,2024년도 전기자동차 홍성군 모델별 보조금,2024,홍성군
승합(대형),범한자동차,E-SKY11(350kWh),1980,1414,3394,2024년도 전기자동차 홍성군 모델별 보조금,2024,홍성군
승합(대형),범한자동차,E-SKY9(281kWh),1980,1414,3394,2024년도 전기자동차 홍성군 모델별 보조금,2024,홍성군
승합(대형),범한자동차,E-STAR8 V1,1719,1227,2946,2024년도 전기자동차 홍성군 모델별 보조금,2024,홍성군
승합(대형),범한자동차,E-STAR11,1980,1414,3394,2024년도 전기자동차 홍성군 모델별 보조금,2024,홍성군
승합(대형),범한자동차,E-STAR12i,2480,0,2480,2024년도 전기자동차 홍성군 모델별 보조금,2024,홍성군
승합(대형),에스에이피,아이즘(IZM),1440,1028,2468,2024년도 전기자동차 홍성군 모델별 보조금,2024,홍성군
승합(대형),에스에이피,엘페(ELFE),1889,1349,3238,2024년도 전기자동차 홍성군 모델별 보조금,2024,홍성군
승합(대형),에스에이피,리오네(LIONNE),1440,0,1440,2024년도 전기자동차 홍성군 모델별 보조금,2024,홍성군
승합(대형),에스에이피,네오포스(NEOFORCE),1440,0,1440,2024년도 전기자동차 홍성군 모델별 보조금,2024,홍성군
승합(대형),GS글로벌,NEW BYD eBus-12,2180,1557,3737,2024년도 전기자동차 홍성군 모델별 보조금,2024,홍성군
승합(대형),GS글로벌,BYD eBus9,2310,1650,3960,2024년도 전기자동차 홍성군 모델별 보조금,2024,홍성군
승합(대형),티에스에코에너지,일레누스(TS1100-1),5771,0,5771,2024년도 전기자동차 홍성군 모델별 보조금,2024,홍성군
승합(대형),티에스에코에너지,일레누스(TS900-1),6914,0,6914,2024년도 전기자동차 홍성군 모델별 보조금,2024,홍성군
승합(대형),이온모터스,시티라이트Ⅱ,2290,0,2290,2024년도 전기자동차 홍성군 모델별 보조금,2024,홍성군
승합(대형),이온모터스,시티라이트9,2310,0,2310,2024년도 전기자동차 홍성군 모델별 보조금,2024,홍성군
승합(대형),한차,GREENWAY1100A,5950,0,5950,2024년도 전기자동차 홍성군 모델별 보조금,2024,홍성군
승합(대형),이엠코리아,에픽시티(LFP),2310,0,2310,2024년도 전기자동차 홍성군 모델별 보조금,2024,홍성군
승합(대형),이엠코리아,에픽타운(LFP),2101,0,2101,2024년도 전기자동차 홍성군 모델별 보조금,2024,홍성군
승합(대형),재일홀딩스,그린타운400,1539,1099,2638,2024년도 전기자동차 홍성군 모델별 보조금,2024,홍성군
모델별 지방비 자료가 없습니다.,모델별 지방비 자료가 없습니다.,모델별 지방비 자료가 없습니다.,모델별 지방비 자료가 없습니다.,모델별 지방비 자료가 없습니다.,모델별 지방비 자료가 없습니다.,2024년도 전기자동차 예산군 모델별 보조금,2024,예산군
승합(중형),현대자동차,카운티 일렉트릭,3915,5089,9004,2024년도 전기자동차 태안군 모델별 보조금,2024,태안군
승합(중형),현대자동차,카운티 일렉트릭(마을버스),4000,0,4000,2024년도 전기자동차 태안군 모델별 보조금,2024,태안군
승합(중형),이비온,"E6(JL618S), 어린이통학",1127,0,1127,2024년도 전기자동차 태안군 모델별 보조금,2024,태안군
승합(중형),GS글로벌,NEW BYD eBus-7,1007,0,1007,2024년도 전기자동차 태안군 모델별 보조금,2024,태안군
승합(중형),한차,GREENWAY720,4250,0,4250,2024년도 전기자동차 태안군 모델별 보조금,2024,태안군
승합(중형),테라팩토리,"테라밴키즈(2022), 어린이운송용14명",776,0,776,2024년도 전기자동차 태안군 모델별 보조금,2024,태안군
승합(중형),테라팩토리,"테라밴키즈11(2022), 어린이운송용11명",772,0,772,2024년도 전기자동차 태안군 모델별 보조금,2024,태안군
승합(중형),테라팩토리,테라밴,767,0,767,2024년도 전기자동차 태안군 모델별 보조금,2024,태안군
승합(중형),중원자동차,EV J1,1496,0,1496,2024년도 전기자동차 태안군 모델별 보조금,2024,태안군
승합(중형),쏠테로,트라베리-Y540E,1676,0,1676,2024년도 전기자동차 태안군 모델별 보조금,2024,태안군
승합(중형),쏠테로,트라베리-Y550E,1676,0,1676,2024년도 전기자동차 태안군 모델별 보조금,2024,태안군
승합(중형),쏠테로,트라베리-Y560E,1676,0,1676,2024년도 전기자동차 태안군 모델별 보조금,2024,태안군
승합(중형),리텍,e-CENTRO-K,2385,0,2385,2024년도 전기자동차 태안군 모델별 보조금,2024,태안군
승합(대형),현대자동차,일렉시티 이층버스,11900,0,11900,2024년도 전기자동차 태안군 모델별 보조금,2024,태안군
승합(대형),현대자동차,일렉시티(3PACK),7000,0,7000,2024년도 전기자동차 태안군 모델별 보조금,2024,태안군
승합(대형),현대자동차,일렉시티(4PACK V1),7000,0,7000,2024년도 전기자동차 태안군 모델별 보조금,2024,태안군
승합(대형),현대자동차,일렉시티(4PACK V2),7000,0,7000,2024년도 전기자동차 태안군 모델별 보조금,2024,태안군
승합(대형),현대자동차,일렉시티 타운,6859,0,6859,2024년도 전기자동차 태안군 모델별 보조금,2024,태안군
승합(대형),케이지모빌리티커머셜,SMART 110(272kWh),3850,0,3850,2024년도 전기자동차 태안군 모델별 보조금,2024,태안군
승합(대형),케이지모빌리티커머셜,SMART 110E(347kWh),5950,0,5950,2024년도 전기자동차 태안군 모델별 보조금,2024,태안군
승합(대형),케이지모빌리티커머셜,SMART 110(260kWh),5724,0,5724,2024년도 전기자동차 태안군 모델별 보조금,2024,태안군
승합(대형),케이지모빌리티커머셜,SMART 110E(260kWh),5950,0,5950,2024년도 전기자동차 태안군 모델별 보조금,2024,태안군
승합(대형),케이지모빌리티커머셜,SMART 110(301kWh),7000,0,7000,2024년도 전기자동차 태안군 모델별 보조금,2024,태안군
승합(대형),우진산전,아폴로900전기버스,4719,0,4719,2024년도 전기자동차 태안군 모델별 보조금,2024,태안군
승합(대형),우진산전,아폴로1100전기버스 23MY,7000,0,7000,2024년도 전기자동차 태안군 모델별 보조금,2024,태안군
승합(대형),우진산전,아폴로1200-B43,7000,0,7000,2024년도 전기자동차 태안군 모델별 보조금,2024,태안군
승합(대형),우진산전,아폴로1200-S42,7000,0,7000,2024년도 전기자동차 태안군 모델별 보조금,2024,태안군
승합(대형),우진산전,아폴로1200-B42,7000,0,7000,2024년도 전기자동차 태안군 모델별 보조금,2024,태안군
승합(대형),우진산전,아폴로1200-B29,7000,0,7000,2024년도 전기자동차 태안군 모델별 보조금,2024,태안군
승합(대형),우진산전,아폴로1200-S29,7000,0,7000,2024년도 전기자동차 태안군 모델별 보조금,2024,태안군
승합(대형),피라인모터스,HYPERS1609N,5796,0,5796,2024년도 전기자동차 태안군 모델별 보조금,2024,태안군
승합(대형),피라인모터스,HYPERS1611N,5440,0,5440,2024년도 전기자동차 태안군 모델별 보조금,2024,태안군
승합(대형),피라인모터스,HYPERS1609HN,5755,0,5755,2024년도 전기자동차 태안군 모델별 보조금,2024,태안군
승합(대형),피라인모터스,HYPERS1609N(25인승),5794,0,5794,2024년도 전기자동차 태안군 모델별 보조금,2024,태안군
승합(대형),피라인모터스,HYPERS1609HN(25인승),5755,0,5755,2024년도 전기자동차 태안군 모델별 보조금,2024,태안군
승합(대형),피라인모터스,HYPERS PRIME,7000,0,7000,2024년도 전기자동차 태안군 모델별 보조금,2024,태안군
승합(대형),피라인모터스,HYPERS1609P(접이식),7000,0,7000,2024년도 전기자동차 태안군 모델별 보조금,2024,태안군
승합(대형),피라인모터스,HYPERS1609P(힙레스트),7000,0,7000,2024년도 전기자동차 태안군 모델별 보조금,2024,태안군
승합(대형),피라인모터스,HYPERS1609P(25인승 접이식),7000,0,7000,2024년도 전기자동차 태안군 모델별 보조금,2024,태안군
승합(대형),피라인모터스,HYPERS1609P(25인승 힙레스트),7000,0,7000,2024년도 전기자동차 태안군 모델별 보조금,2024,태안군
승합(대형),피라인모터스,HYPERS1611P(접이식),7000,0,7000,2024년도 전기자동차 태안군 모델별 보조금,2024,태안군
승합(대형),피라인모터스,HYPERS1611P(힙레스트),7000,0,7000,2024년도 전기자동차 태안군 모델별 보조금,2024,태안군
승합(대형),피라인모터스,HYPERS HP,7000,0,7000,2024년도 전기자동차 태안군 모델별 보조금,2024,태안군
승합(대형),범한자동차,E-SKY11(350kWh),1980,0,1980,2024년도 전기자동차 태안군 모델별 보조금,2024,태안군
승합(대형),범한자동차,E-SKY9(281kWh),1980,0,1980,2024년도 전기자동차 태안군 모델별 보조금,2024,태안군
승합(대형),범한자동차,E-STAR8 V1,1719,0,1719,2024년도 전기자동차 태안군 모델별 보조금,2024,태안군
승합(대형),범한자동차,E-STAR11,1980,0,1980,2024년도 전기자동차 태안군 모델별 보조금,2024,태안군
승합(대형),범한자동차,E-STAR12i,2480,0,2480,2024년도 전기자동차 태안군 모델별 보조금,2024,태안군
승합(대형),에스에이피,아이즘(IZM),1440,0,1440,2024년도 전기자동차 태안군 모델별 보조금,2024,태안군
승합(대형),에스에이피,엘페(ELFE),1889,0,1889,2024년도 전기자동차 태안군 모델별 보조금,2024,태안군
승합(대형),에스에이피,리오네(LIONNE),1440,0,1440,2024년도 전기자동차 태안군 모델별 보조금,2024,태안군
승합(대형),에스에이피,네오포스(NEOFORCE),1440,0,1440,2024년도 전기자동차 태안군 모델별 보조금,2024,태안군
승합(대형),GS글로벌,NEW BYD eBus-12,2180,0,2180,2024년도 전기자동차 태안군 모델별 보조금,2024,태안군
승합(대형),GS글로벌,BYD eBus9,2310,0,2310,2024년도 전기자동차 태안군 모델별 보조금,2024,태안군
승합(대형),GS글로벌,BYD eBus11,3440,0,3440,2024년도 전기자동차 태안군 모델별 보조금,2024,태안군
승합(대형),티에스에코에너지,일레누스(TS1100-1),5771,0,5771,2024년도 전기자동차 태안군 모델별 보조금,2024,태안군
승합(대형),티에스에코에너지,일레누스(TS900-1),6914,0,6914,2024년도 전기자동차 태안군 모델별 보조금,2024,태안군
승합(대형),이온모터스,시티라이트Ⅱ,2290,0,2290,2024년도 전기자동차 태안군 모델별 보조금,2024,태안군
승합(대형),이온모터스,시티라이트9,2310,0,2310,2024년도 전기자동차 태안군 모델별 보조금,2024,태안군
승합(대형),한차,GREENWAY1100A,5950,0,5950,2024년도 전기자동차 태안군 모델별 보조금,2024,태안군
승합(대형),이엠코리아,에픽시티(LFP),2310,0,2310,2024년도 전기자동차 태안군 모델별 보조금,2024,태안군
승합(대형),이엠코리아,에픽타운(LFP),2101,0,2101,2024년도 전기자동차 태안군 모델별 보조금,2024,태안군
승합(대형),태영티엔티,GD11N,7000,0,7000,2024년도 전기자동차 태안군 모델별 보조금,2024,태안군
승합(대형),재일홀딩스,그린타운400,1539,0,1539,2024년도 전기자동차 태안군 모델별 보조금,2024,태안군
승합(중형),현대자동차,카운티 일렉트릭,3915,3915,7830,2024년도 전기자동차 전주시 모델별 보조금,2024,전주시
승합(중형),현대자동차,카운티 일렉트릭(마을버스),4000,0,4000,2024년도 전기자동차 전주시 모델별 보조금,2024,전주시
승합(중형),이비온,"E6(JL618S), 어린이통학",1127,0,1127,2024년도 전기자동차 전주시 모델별 보조금,2024,전주시
승합(중형),GS글로벌,NEW BYD eBus-7,1007,0,1007,2024년도 전기자동차 전주시 모델별 보조금,2024,전주시
승합(중형),한차,GREENWAY720,4250,0,4250,2024년도 전기자동차 전주시 모델별 보조금,2024,전주시
승합(중형),테라팩토리,"테라밴키즈(2022), 어린이운송용14명",776,0,776,2024년도 전기자동차 전주시 모델별 보조금,2024,전주시
승합(중형),테라팩토리,"테라밴키즈11(2022), 어린이운송용11명",772,0,772,2024년도 전기자동차 전주시 모델별 보조금,2024,전주시
승합(중형),테라팩토리,테라밴,767,0,767,2024년도 전기자동차 전주시 모델별 보조금,2024,전주시
승합(중형),중원자동차,EV J1,1496,0,1496,2024년도 전기자동차 전주시 모델별 보조금,2024,전주시
승합(중형),쏠테로,트라베리-Y540E,1676,0,1676,2024년도 전기자동차 전주시 모델별 보조금,2024,전주시
승합(중형),쏠테로,트라베리-Y550E,1676,0,1676,2024년도 전기자동차 전주시 모델별 보조금,2024,전주시
승합(중형),쏠테로,트라베리-Y560E,1676,0,1676,2024년도 전기자동차 전주시 모델별 보조금,2024,전주시
승합(중형),리텍,e-CENTRO-K,2385,0,2385,2024년도 전기자동차 전주시 모델별 보조금,2024,전주시
승합(중형),에빅오토모티브코리아,세레온(어린이),5000,0,5000,2024년도 전기자동차 전주시 모델별 보조금,2024,전주시
승합(중형),에빅오토모티브코리아,세레온(마을),5000,0,5000,2024년도 전기자동차 전주시 모델별 보조금,2024,전주시
승합(대형),현대자동차,일렉시티 이층버스,11900,0,11900,2024년도 전기자동차 전주시 모델별 보조금,2024,전주시
승합(대형),현대자동차,일렉시티(3PACK),7000,0,7000,2024년도 전기자동차 전주시 모델별 보조금,2024,전주시
승합(대형),현대자동차,일렉시티(4PACK V1),7000,0,7000,2024년도 전기자동차 전주시 모델별 보조금,2024,전주시
승합(대형),현대자동차,일렉시티(4PACK V2),7000,0,7000,2024년도 전기자동차 전주시 모델별 보조금,2024,전주시
승합(대형),현대자동차,일렉시티 타운,6859,0,6859,2024년도 전기자동차 전주시 모델별 보조금,2024,전주시
승합(대형),케이지모빌리티커머셜,SMART 110(272kWh),3850,0,3850,2024년도 전기자동차 전주시 모델별 보조금,2024,전주시
승합(대형),케이지모빌리티커머셜,SMART 110E(347kWh),5950,0,5950,2024년도 전기자동차 전주시 모델별 보조금,2024,전주시
승합(대형),케이지모빌리티커머셜,SMART 110(260kWh),5724,0,5724,2024년도 전기자동차 전주시 모델별 보조금,2024,전주시
승합(대형),케이지모빌리티커머셜,SMART 110E(260kWh),5950,0,5950,2024년도 전기자동차 전주시 모델별 보조금,2024,전주시
승합(대형),케이지모빌리티커머셜,SMART 110(301kWh),7000,0,7000,2024년도 전기자동차 전주시 모델별 보조금,2024,전주시
승합(대형),케이지모빌리티커머셜,KG C090,6916,0,6916,2024년도 전기자동차 전주시 모델별 보조금,2024,전주시
승합(대형),우진산전,아폴로900전기버스,4719,0,4719,2024년도 전기자동차 전주시 모델별 보조금,2024,전주시
승합(대형),우진산전,아폴로1100전기버스 23MY,7000,0,7000,2024년도 전기자동차 전주시 모델별 보조금,2024,전주시
승합(대형),우진산전,아폴로1200-B43,7000,0,7000,2024년도 전기자동차 전주시 모델별 보조금,2024,전주시
승합(대형),우진산전,아폴로1200-S42,7000,0,7000,2024년도 전기자동차 전주시 모델별 보조금,2024,전주시
승합(대형),우진산전,아폴로1200-B42,7000,0,7000,2024년도 전기자동차 전주시 모델별 보조금,2024,전주시
승합(대형),우진산전,아폴로1200-B29,7000,0,7000,2024년도 전기자동차 전주시 모델별 보조금,2024,전주시
승합(대형),우진산전,아폴로1200-S29,7000,0,7000,2024년도 전기자동차 전주시 모델별 보조금,2024,전주시
승합(대형),우진산전,아폴로900 V2.0,6819,0,6819,2024년도 전기자동차 전주시 모델별 보조금,2024,전주시
승합(대형),우진산전,아폴로1100 양문형,6459,0,6459,2024년도 전기자동차 전주시 모델별 보조금,2024,전주시
승합(대형),우진산전,아폴로1100 V2.0,7000,0,7000,2024년도 전기자동차 전주시 모델별 보조금,2024,전주시
승합(대형),피라인모터스,HYPERS1609N,5796,0,5796,2024년도 전기자동차 전주시 모델별 보조금,2024,전주시
승합(대형),피라인모터스,HYPERS1611N,5440,0,5440,2024년도 전기자동차 전주시 모델별 보조금,2024,전주시
승합(대형),피라인모터스,HYPERS1609HN,5755,0,5755,2024년도 전기자동차 전주시 모델별 보조금,2024,전주시
승합(대형),피라인모터스,HYPERS1609N(25인승),5794,0,5794,2024년도 전기자동차 전주시 모델별 보조금,2024,전주시
승합(대형),피라인모터스,HYPERS1609HN(25인승),5755,0,5755,2024년도 전기자동차 전주시 모델별 보조금,2024,전주시
승합(대형),피라인모터스,HYPERS PRIME,7000,0,7000,2024년도 전기자동차 전주시 모델별 보조금,2024,전주시
승합(대형),피라인모터스,HYPERS1609P(접이식),7000,0,7000,2024년도 전기자동차 전주시 모델별 보조금,2024,전주시
승합(대형),피라인모터스,HYPERS1609P(힙레스트),7000,0,7000,2024년도 전기자동차 전주시 모델별 보조금,2024,전주시
승합(대형),피라인모터스,HYPERS1609P(25인승 접이식),7000,0,7000,2024년도 전기자동차 전주시 모델별 보조금,2024,전주시
승합(대형),피라인모터스,HYPERS1609P(25인승 힙레스트),7000,0,7000,2024년도 전기자동차 전주시 모델별 보조금,2024,전주시
승합(대형),피라인모터스,HYPERS1611P(접이식),7000,0,7000,2024년도 전기자동차 전주시 모델별 보조금,2024,전주시
승합(대형),피라인모터스,HYPERS1611P(힙레스트),7000,0,7000,2024년도 전기자동차 전주시 모델별 보조금,2024,전주시
승합(대형),피라인모터스,HYPERS HP,7000,0,7000,2024년도 전기자동차 전주시 모델별 보조금,2024,전주시
승합(대형),범한자동차,E-SKY11(350kWh),1980,0,1980,2024년도 전기자동차 전주시 모델별 보조금,2024,전주시
승합(대형),범한자동차,E-SKY9(281kWh),1980,0,1980,2024년도 전기자동차 전주시 모델별 보조금,2024,전주시
승합(대형),범한자동차,E-STAR8 V1,1719,0,1719,2024년도 전기자동차 전주시 모델별 보조금,2024,전주시
승합(대형),범한자동차,E-STAR11,1980,0,1980,2024년도 전기자동차 전주시 모델별 보조금,2024,전주시
승합(대형),범한자동차,E-STAR12i,2480,0,2480,2024년도 전기자동차 전주시 모델별 보조금,2024,전주시
승합(대형),에스에이피,아이즘(IZM),1440,0,1440,2024년도 전기자동차 전주시 모델별 보조금,2024,전주시
승합(대형),에스에이피,엘페(ELFE),1889,0,1889,2024년도 전기자동차 전주시 모델별 보조금,2024,전주시
승합(대형),에스에이피,리오네(LIONNE),1440,0,1440,2024년도 전기자동차 전주시 모델별 보조금,2024,전주시
승합(대형),에스에이피,네오포스(NEOFORCE),1440,0,1440,2024년도 전기자동차 전주시 모델별 보조금,2024,전주시
승합(대형),GS글로벌,NEW BYD eBus-12,2180,0,2180,2024년도 전기자동차 전주시 모델별 보조금,2024,전주시
승합(대형),GS글로벌,BYD eBus9,2310,0,2310,2024년도 전기자동차 전주시 모델별 보조금,2024,전주시
승합(대형),GS글로벌,BYD eBus11,3440,0,3440,2024년도 전기자동차 전주시 모델별 보조금,2024,전주시
승합(대형),티에스에코에너지,일레누스(TS1100-1),5771,0,5771,2024년도 전기자동차 전주시 모델별 보조금,2024,전주시
승합(대형),티에스에코에너지,일레누스(TS900-1),6914,0,6914,2024년도 전기자동차 전주시 모델별 보조금,2024,전주시
승합(대형),이온모터스,시티라이트Ⅱ,2290,0,2290,2024년도 전기자동차 전주시 모델별 보조금,2024,전주시
승합(대형),이온모터스,시티라이트9,2310,0,2310,2024년도 전기자동차 전주시 모델별 보조금,2024,전주시
승합(대형),한차,GREENWAY1100A,5950,0,5950,2024년도 전기자동차 전주시 모델별 보조금,2024,전주시
승합(대형),이엠코리아,에픽시티(LFP),2310,0,2310,2024년도 전기자동차 전주시 모델별 보조금,2024,전주시
승합(대형),이엠코리아,에픽타운(LFP),2101,0,2101,2024년도 전기자동차 전주시 모델별 보조금,2024,전주시
승합(대형),이엠코리아,에픽시티(NCM),7000,0,7000,2024년도 전기자동차 전주시 모델별 보조금,2024,전주시
승합(대형),이엠코리아,에픽타운(NCM),6439,0,6439,2024년도 전기자동차 전주시 모델별 보조금,2024,전주시
승합(대형),태영티엔티,GD11N,7000,0,7000,2024년도 전기자동차 전주시 모델별 보조금,2024,전주시
승합(대형),재일홀딩스,그린타운400,1539,0,1539,2024년도 전기자동차 전주시 모델별 보조금,2024,전주시
승합(대형),아이버스,아이버스어린이운송차,5950,0,5950,2024년도 전기자동차 전주시 모델별 보조금,2024,전주시
승합(중형),현대자동차,카운티 일렉트릭,3915,3915,7830,2024년도 전기자동차 군산시 모델별 보조금,2024,군산시
승합(중형),현대자동차,카운티 일렉트릭(마을버스),4000,4000,8000,2024년도 전기자동차 군산시 모델별 보조금,2024,군산시
승합(중형),이비온,"E6(JL618S), 어린이통학",1127,1127,2254,2024년도 전기자동차 군산시 모델별 보조금,2024,군산시
승합(중형),GS글로벌,NEW BYD eBus-7,1007,1007,2014,2024년도 전기자동차 군산시 모델별 보조금,2024,군산시
승합(중형),한차,GREENWAY720,4250,4250,8500,2024년도 전기자동차 군산시 모델별 보조금,2024,군산시
승합(중형),테라팩토리,"테라밴키즈(2022), 어린이운송용14명",776,776,1552,2024년도 전기자동차 군산시 모델별 보조금,2024,군산시
승합(중형),테라팩토리,"테라밴키즈11(2022), 어린이운송용11명",772,772,1544,2024년도 전기자동차 군산시 모델별 보조금,2024,군산시
승합(중형),테라팩토리,테라밴,767,767,1534,2024년도 전기자동차 군산시 모델별 보조금,2024,군산시
승합(중형),중원자동차,EV J1,1496,1496,2992,2024년도 전기자동차 군산시 모델별 보조금,2024,군산시
승합(중형),쏠테로,트라베리-Y540E,1676,0,1676,2024년도 전기자동차 군산시 모델별 보조금,2024,군산시
승합(중형),쏠테로,트라베리-Y550E,1676,0,1676,2024년도 전기자동차 군산시 모델별 보조금,2024,군산시
승합(중형),쏠테로,트라베리-Y560E,1676,0,1676,2024년도 전기자동차 군산시 모델별 보조금,2024,군산시
승합(중형),리텍,e-CENTRO-K,2385,2385,4770,2024년도 전기자동차 군산시 모델별 보조금,2024,군산시
승합(중형),에빅오토모티브코리아,세레온(어린이),5000,5000,10000,2024년도 전기자동차 군산시 모델별 보조금,2024,군산시
승합(중형),에빅오토모티브코리아,세레온(마을),5000,5000,10000,2024년도 전기자동차 군산시 모델별 보조금,2024,군산시
승합(대형),현대자동차,일렉시티 이층버스,11900,11900,23800,2024년도 전기자동차 군산시 모델별 보조금,2024,군산시
승합(대형),현대자동차,일렉시티(3PACK),7000,7000,14000,2024년도 전기자동차 군산시 모델별 보조금,2024,군산시
승합(대형),현대자동차,일렉시티(4PACK V1),7000,7000,14000,2024년도 전기자동차 군산시 모델별 보조금,2024,군산시
승합(대형),현대자동차,일렉시티(4PACK V2),7000,7000,14000,2024년도 전기자동차 군산시 모델별 보조금,2024,군산시
승합(대형),현대자동차,일렉시티 타운,6859,6859,13718,2024년도 전기자동차 군산시 모델별 보조금,2024,군산시
승합(대형),케이지모빌리티커머셜,SMART 110(272kWh),3850,3850,7700,2024년도 전기자동차 군산시 모델별 보조금,2024,군산시
승합(대형),케이지모빌리티커머셜,SMART 110E(347kWh),5950,5950,11900,2024년도 전기자동차 군산시 모델별 보조금,2024,군산시
승합(대형),케이지모빌리티커머셜,SMART 110(260kWh),5724,5724,11448,2024년도 전기자동차 군산시 모델별 보조금,2024,군산시
승합(대형),케이지모빌리티커머셜,SMART 110E(260kWh),5950,5950,11900,2024년도 전기자동차 군산시 모델별 보조금,2024,군산시
승합(대형),케이지모빌리티커머셜,SMART 110(301kWh),7000,7000,14000,2024년도 전기자동차 군산시 모델별 보조금,2024,군산시
승합(대형),우진산전,아폴로900전기버스,4719,4719,9438,2024년도 전기자동차 군산시 모델별 보조금,2024,군산시
승합(대형),우진산전,아폴로1100전기버스 23MY,7000,7000,14000,2024년도 전기자동차 군산시 모델별 보조금,2024,군산시
승합(대형),우진산전,아폴로1200-B43,7000,7000,14000,2024년도 전기자동차 군산시 모델별 보조금,2024,군산시
승합(대형),우진산전,아폴로1200-S42,7000,7000,14000,2024년도 전기자동차 군산시 모델별 보조금,2024,군산시
승합(대형),우진산전,아폴로1200-B42,7000,7000,14000,2024년도 전기자동차 군산시 모델별 보조금,2024,군산시
승합(대형),우진산전,아폴로1200-B29,7000,7000,14000,2024년도 전기자동차 군산시 모델별 보조금,2024,군산시
승합(대형),우진산전,아폴로1200-S29,7000,7000,14000,2024년도 전기자동차 군산시 모델별 보조금,2024,군산시
승합(대형),우진산전,아폴로900 V2.0,6819,6819,13638,2024년도 전기자동차 군산시 모델별 보조금,2024,군산시
승합(대형),우진산전,아폴로1100 양문형,6459,6459,12918,2024년도 전기자동차 군산시 모델별 보조금,2024,군산시
승합(대형),피라인모터스,HYPERS1609N,5796,5796,11592,2024년도 전기자동차 군산시 모델별 보조금,2024,군산시
승합(대형),피라인모터스,HYPERS1611N,5440,5440,10880,2024년도 전기자동차 군산시 모델별 보조금,2024,군산시
승합(대형),피라인모터스,HYPERS1609HN,5755,5755,11510,2024년도 전기자동차 군산시 모델별 보조금,2024,군산시
승합(대형),피라인모터스,HYPERS1609N(25인승),5794,5794,11588,2024년도 전기자동차 군산시 모델별 보조금,2024,군산시
승합(대형),피라인모터스,HYPERS1609HN(25인승),5755,5755,11510,2024년도 전기자동차 군산시 모델별 보조금,2024,군산시
승합(대형),피라인모터스,HYPERS PRIME,7000,7000,14000,2024년도 전기자동차 군산시 모델별 보조금,2024,군산시
승합(대형),피라인모터스,HYPERS1609P(접이식),7000,7000,14000,2024년도 전기자동차 군산시 모델별 보조금,2024,군산시
승합(대형),피라인모터스,HYPERS1609P(힙레스트),7000,7000,14000,2024년도 전기자동차 군산시 모델별 보조금,2024,군산시
승합(대형),피라인모터스,HYPERS1609P(25인승 접이식),7000,7000,14000,2024년도 전기자동차 군산시 모델별 보조금,2024,군산시
승합(대형),피라인모터스,HYPERS1609P(25인승 힙레스트),7000,7000,14000,2024년도 전기자동차 군산시 모델별 보조금,2024,군산시
승합(대형),피라인모터스,HYPERS1611P(접이식),7000,7000,14000,2024년도 전기자동차 군산시 모델별 보조금,2024,군산시
승합(대형),피라인모터스,HYPERS1611P(힙레스트),7000,7000,14000,2024년도 전기자동차 군산시 모델별 보조금,2024,군산시
승합(대형),피라인모터스,HYPERS HP,7000,7000,14000,2024년도 전기자동차 군산시 모델별 보조금,2024,군산시
승합(대형),범한자동차,E-SKY11(350kWh),1980,1980,3960,2024년도 전기자동차 군산시 모델별 보조금,2024,군산시
승합(대형),범한자동차,E-SKY9(281kWh),1980,1980,3960,2024년도 전기자동차 군산시 모델별 보조금,2024,군산시
승합(대형),범한자동차,E-STAR8 V1,1719,1719,3438,2024년도 전기자동차 군산시 모델별 보조금,2024,군산시
승합(대형),범한자동차,E-STAR11,1980,1980,3960,2024년도 전기자동차 군산시 모델별 보조금,2024,군산시
승합(대형),범한자동차,E-STAR12i,2480,2480,4960,2024년도 전기자동차 군산시 모델별 보조금,2024,군산시
승합(대형),에스에이피,아이즘(IZM),1440,1440,2880,2024년도 전기자동차 군산시 모델별 보조금,2024,군산시
승합(대형),에스에이피,엘페(ELFE),1889,1889,3778,2024년도 전기자동차 군산시 모델별 보조금,2024,군산시
승합(대형),에스에이피,리오네(LIONNE),1440,1440,2880,2024년도 전기자동차 군산시 모델별 보조금,2024,군산시
승합(대형),에스에이피,네오포스(NEOFORCE),1440,1440,2880,2024년도 전기자동차 군산시 모델별 보조금,2024,군산시
승합(대형),GS글로벌,NEW BYD eBus-12,2180,2180,4360,2024년도 전기자동차 군산시 모델별 보조금,2024,군산시
승합(대형),GS글로벌,BYD eBus9,2310,2310,4620,2024년도 전기자동차 군산시 모델별 보조금,2024,군산시
승합(대형),GS글로벌,BYD eBus11,3440,3440,6880,2024년도 전기자동차 군산시 모델별 보조금,2024,군산시
승합(대형),티에스에코에너지,일레누스(TS1100-1),5771,5771,11542,2024년도 전기자동차 군산시 모델별 보조금,2024,군산시
승합(대형),티에스에코에너지,일레누스(TS900-1),6914,6914,13828,2024년도 전기자동차 군산시 모델별 보조금,2024,군산시
승합(대형),이온모터스,시티라이트Ⅱ,2290,0,2290,2024년도 전기자동차 군산시 모델별 보조금,2024,군산시
승합(대형),이온모터스,시티라이트9,2310,0,2310,2024년도 전기자동차 군산시 모델별 보조금,2024,군산시
승합(대형),한차,GREENWAY1100A,5950,5950,11900,2024년도 전기자동차 군산시 모델별 보조금,2024,군산시
승합(대형),이엠코리아,에픽시티(LFP),2310,2310,4620,2024년도 전기자동차 군산시 모델별 보조금,2024,군산시
승합(대형),이엠코리아,에픽타운(LFP),2101,2101,4202,2024년도 전기자동차 군산시 모델별 보조금,2024,군산시
승합(대형),태영티엔티,GD11N,7000,7000,14000,2024년도 전기자동차 군산시 모델별 보조금,2024,군산시
승합(대형),재일홀딩스,그린타운400,1539,1539,3078,2024년도 전기자동차 군산시 모델별 보조금,2024,군산시
승합(대형),아이버스,아이버스어린이운송차,5950,5950,11900,2024년도 전기자동차 군산시 모델별 보조금,2024,군산시
승합(중형),현대자동차,카운티 일렉트릭,3915,3915,7830,2024년도 전기자동차 익산시 모델별 보조금,2024,익산시
승합(중형),현대자동차,카운티 일렉트릭(마을버스),4000,4000,8000,2024년도 전기자동차 익산시 모델별 보조금,2024,익산시
승합(중형),이비온,"E6(JL618S), 어린이통학",1127,1127,2254,2024년도 전기자동차 익산시 모델별 보조금,2024,익산시
승합(중형),GS글로벌,NEW BYD eBus-7,1007,1007,2014,2024년도 전기자동차 익산시 모델별 보조금,2024,익산시
승합(중형),한차,GREENWAY720,4250,4250,8500,2024년도 전기자동차 익산시 모델별 보조금,2024,익산시
승합(중형),테라팩토리,"테라밴키즈(2022), 어린이운송용14명",776,776,1552,2024년도 전기자동차 익산시 모델별 보조금,2024,익산시
승합(중형),테라팩토리,"테라밴키즈11(2022), 어린이운송용11명",772,772,1544,2024년도 전기자동차 익산시 모델별 보조금,2024,익산시
승합(중형),테라팩토리,테라밴,767,767,1534,2024년도 전기자동차 익산시 모델별 보조금,2024,익산시
승합(중형),중원자동차,EV J1,1496,1496,2992,2024년도 전기자동차 익산시 모델별 보조금,2024,익산시
승합(중형),쏠테로,트라베리-Y540E,1676,1676,3352,2024년도 전기자동차 익산시 모델별 보조금,2024,익산시
승합(중형),쏠테로,트라베리-Y550E,1676,1676,3352,2024년도 전기자동차 익산시 모델별 보조금,2024,익산시
승합(중형),쏠테로,트라베리-Y560E,1676,1676,3352,2024년도 전기자동차 익산시 모델별 보조금,2024,익산시
승합(중형),리텍,e-CENTRO-K,2385,2385,4770,2024년도 전기자동차 익산시 모델별 보조금,2024,익산시
승합(중형),에빅오토모티브코리아,세레온(어린이),5000,5000,10000,2024년도 전기자동차 익산시 모델별 보조금,2024,익산시
승합(중형),에빅오토모티브코리아,세레온(마을),5000,5000,10000,2024년도 전기자동차 익산시 모델별 보조금,2024,익산시
승합(대형),현대자동차,일렉시티 이층버스,11900,11900,23800,2024년도 전기자동차 익산시 모델별 보조금,2024,익산시
승합(대형),현대자동차,일렉시티(3PACK),7000,7000,14000,2024년도 전기자동차 익산시 모델별 보조금,2024,익산시
승합(대형),현대자동차,일렉시티(4PACK V1),7000,7000,14000,2024년도 전기자동차 익산시 모델별 보조금,2024,익산시
승합(대형),현대자동차,일렉시티(4PACK V2),7000,7000,14000,2024년도 전기자동차 익산시 모델별 보조금,2024,익산시
승합(대형),현대자동차,일렉시티 타운,6859,6859,13718,2024년도 전기자동차 익산시 모델별 보조금,2024,익산시
승합(대형),케이지모빌리티커머셜,SMART 110(272kWh),3850,3850,7700,2024년도 전기자동차 익산시 모델별 보조금,2024,익산시
승합(대형),케이지모빌리티커머셜,SMART 110E(347kWh),5950,5950,11900,2024년도 전기자동차 익산시 모델별 보조금,2024,익산시
승합(대형),케이지모빌리티커머셜,SMART 110(260kWh),5724,5724,11448,2024년도 전기자동차 익산시 모델별 보조금,2024,익산시
승합(대형),케이지모빌리티커머셜,SMART 110E(260kWh),5950,5950,11900,2024년도 전기자동차 익산시 모델별 보조금,2024,익산시
승합(대형),케이지모빌리티커머셜,SMART 110(301kWh),7000,7000,14000,2024년도 전기자동차 익산시 모델별 보조금,2024,익산시
승합(대형),우진산전,아폴로900전기버스,4719,4719,9438,2024년도 전기자동차 익산시 모델별 보조금,2024,익산시
승합(대형),우진산전,아폴로1100전기버스 23MY,7000,7000,14000,2024년도 전기자동차 익산시 모델별 보조금,2024,익산시
승합(대형),우진산전,아폴로1200-B43,7000,7000,14000,2024년도 전기자동차 익산시 모델별 보조금,2024,익산시
승합(대형),우진산전,아폴로1200-S42,7000,7000,14000,2024년도 전기자동차 익산시 모델별 보조금,2024,익산시
승합(대형),우진산전,아폴로1200-B42,7000,7000,14000,2024년도 전기자동차 익산시 모델별 보조금,2024,익산시
승합(대형),우진산전,아폴로1200-B29,7000,7000,14000,2024년도 전기자동차 익산시 모델별 보조금,2024,익산시
승합(대형),우진산전,아폴로1200-S29,7000,7000,14000,2024년도 전기자동차 익산시 모델별 보조금,2024,익산시
승합(대형),우진산전,아폴로900 V2.0,6819,6819,13638,2024년도 전기자동차 익산시 모델별 보조금,2024,익산시
승합(대형),우진산전,아폴로1100 양문형,6459,6459,12918,2024년도 전기자동차 익산시 모델별 보조금,2024,익산시
승합(대형),우진산전,아폴로1100 V2.0,7000,7000,14000,2024년도 전기자동차 익산시 모델별 보조금,2024,익산시
승합(대형),피라인모터스,HYPERS1609N,5796,5796,11592,2024년도 전기자동차 익산시 모델별 보조금,2024,익산시
승합(대형),피라인모터스,HYPERS1611N,5440,5440,10880,2024년도 전기자동차 익산시 모델별 보조금,2024,익산시
승합(대형),피라인모터스,HYPERS1609HN,5755,5755,11510,2024년도 전기자동차 익산시 모델별 보조금,2024,익산시
승합(대형),피라인모터스,HYPERS1609N(25인승),5794,5794,11588,2024년도 전기자동차 익산시 모델별 보조금,2024,익산시
승합(대형),피라인모터스,HYPERS1609HN(25인승),5755,5755,11510,2024년도 전기자동차 익산시 모델별 보조금,2024,익산시
승합(대형),피라인모터스,HYPERS PRIME,7000,7000,14000,2024년도 전기자동차 익산시 모델별 보조금,2024,익산시
승합(대형),피라인모터스,HYPERS1609P(접이식),7000,7000,14000,2024년도 전기자동차 익산시 모델별 보조금,2024,익산시
승합(대형),피라인모터스,HYPERS1609P(힙레스트),7000,7000,14000,2024년도 전기자동차 익산시 모델별 보조금,2024,익산시
승합(대형),피라인모터스,HYPERS1609P(25인승 접이식),7000,7000,14000,2024년도 전기자동차 익산시 모델별 보조금,2024,익산시
승합(대형),피라인모터스,HYPERS1609P(25인승 힙레스트),7000,7000,14000,2024년도 전기자동차 익산시 모델별 보조금,2024,익산시
승합(대형),피라인모터스,HYPERS1611P(접이식),7000,7000,14000,2024년도 전기자동차 익산시 모델별 보조금,2024,익산시
승합(대형),피라인모터스,HYPERS1611P(힙레스트),7000,7000,14000,2024년도 전기자동차 익산시 모델별 보조금,2024,익산시
승합(대형),피라인모터스,HYPERS HP,7000,7000,14000,2024년도 전기자동차 익산시 모델별 보조금,2024,익산시
승합(대형),범한자동차,E-SKY11(350kWh),1980,1980,3960,2024년도 전기자동차 익산시 모델별 보조금,2024,익산시
승합(대형),범한자동차,E-SKY9(281kWh),1980,1980,3960,2024년도 전기자동차 익산시 모델별 보조금,2024,익산시
승합(대형),범한자동차,E-STAR8 V1,1719,1719,3438,2024년도 전기자동차 익산시 모델별 보조금,2024,익산시
승합(대형),범한자동차,E-STAR11,1980,1980,3960,2024년도 전기자동차 익산시 모델별 보조금,2024,익산시
승합(대형),범한자동차,E-STAR12i,2480,2480,4960,2024년도 전기자동차 익산시 모델별 보조금,2024,익산시
승합(대형),에스에이피,아이즘(IZM),1440,1440,2880,2024년도 전기자동차 익산시 모델별 보조금,2024,익산시
승합(대형),에스에이피,엘페(ELFE),1889,1889,3778,2024년도 전기자동차 익산시 모델별 보조금,2024,익산시
승합(대형),에스에이피,리오네(LIONNE),1440,1440,2880,2024년도 전기자동차 익산시 모델별 보조금,2024,익산시
승합(대형),에스에이피,네오포스(NEOFORCE),1440,1440,2880,2024년도 전기자동차 익산시 모델별 보조금,2024,익산시
승합(대형),GS글로벌,NEW BYD eBus-12,2180,2180,4360,2024년도 전기자동차 익산시 모델별 보조금,2024,익산시
승합(대형),GS글로벌,BYD eBus9,2310,2310,4620,2024년도 전기자동차 익산시 모델별 보조금,2024,익산시
승합(대형),GS글로벌,BYD eBus11,3440,3440,6880,2024년도 전기자동차 익산시 모델별 보조금,2024,익산시
승합(대형),티에스에코에너지,일레누스(TS1100-1),5771,5771,11542,2024년도 전기자동차 익산시 모델별 보조금,2024,익산시
승합(대형),티에스에코에너지,일레누스(TS900-1),6914,6914,13828,2024년도 전기자동차 익산시 모델별 보조금,2024,익산시
승합(대형),이온모터스,시티라이트Ⅱ,2290,2290,4580,2024년도 전기자동차 익산시 모델별 보조금,2024,익산시
승합(대형),이온모터스,시티라이트9,2310,2310,4620,2024년도 전기자동차 익산시 모델별 보조금,2024,익산시
승합(대형),한차,GREENWAY1100A,5950,5950,11900,2024년도 전기자동차 익산시 모델별 보조금,2024,익산시
승합(대형),이엠코리아,에픽시티(LFP),2310,2310,4620,2024년도 전기자동차 익산시 모델별 보조금,2024,익산시
승합(대형),이엠코리아,에픽타운(LFP),2101,2101,4202,2024년도 전기자동차 익산시 모델별 보조금,2024,익산시
승합(대형),태영티엔티,GD11N,7000,7000,14000,2024년도 전기자동차 익산시 모델별 보조금,2024,익산시
승합(대형),재일홀딩스,그린타운400,1539,1539,3078,2024년도 전기자동차 익산시 모델별 보조금,2024,익산시
승합(대형),아이버스,아이버스어린이운송차,5950,5950,11900,2024년도 전기자동차 익산시 모델별 보조금,2024,익산시
승합(중형),현대자동차,카운티 일렉트릭,3915,3915,7830,2024년도 전기자동차 정읍시 모델별 보조금,2024,정읍시
승합(중형),현대자동차,카운티 일렉트릭(마을버스),4000,4000,8000,2024년도 전기자동차 정읍시 모델별 보조금,2024,정읍시
승합(중형),이비온,"E6(JL618S), 어린이통학",1127,1127,2254,2024년도 전기자동차 정읍시 모델별 보조금,2024,정읍시
승합(중형),GS글로벌,NEW BYD eBus-7,1007,1007,2014,2024년도 전기자동차 정읍시 모델별 보조금,2024,정읍시
승합(중형),한차,GREENWAY720,4250,4250,8500,2024년도 전기자동차 정읍시 모델별 보조금,2024,정읍시
승합(중형),테라팩토리,"테라밴키즈(2022), 어린이운송용14명",776,776,1552,2024년도 전기자동차 정읍시 모델별 보조금,2024,정읍시
승합(중형),테라팩토리,"테라밴키즈11(2022), 어린이운송용11명",772,772,1544,2024년도 전기자동차 정읍시 모델별 보조금,2024,정읍시
승합(중형),테라팩토리,테라밴,767,767,1534,2024년도 전기자동차 정읍시 모델별 보조금,2024,정읍시
승합(중형),중원자동차,EV J1,1496,1496,2992,2024년도 전기자동차 정읍시 모델별 보조금,2024,정읍시
승합(중형),쏠테로,트라베리-Y540E,1676,1676,3352,2024년도 전기자동차 정읍시 모델별 보조금,2024,정읍시
승합(중형),쏠테로,트라베리-Y550E,1676,1676,3352,2024년도 전기자동차 정읍시 모델별 보조금,2024,정읍시
승합(중형),쏠테로,트라베리-Y560E,1676,1676,3352,2024년도 전기자동차 정읍시 모델별 보조금,2024,정읍시
승합(대형),현대자동차,일렉시티 이층버스,11900,0,11900,2024년도 전기자동차 정읍시 모델별 보조금,2024,정읍시
승합(대형),현대자동차,일렉시티(3PACK),7000,0,7000,2024년도 전기자동차 정읍시 모델별 보조금,2024,정읍시
승합(대형),현대자동차,일렉시티(4PACK V1),7000,0,7000,2024년도 전기자동차 정읍시 모델별 보조금,2024,정읍시
승합(대형),현대자동차,일렉시티(4PACK V2),7000,0,7000,2024년도 전기자동차 정읍시 모델별 보조금,2024,정읍시
승합(대형),현대자동차,일렉시티 타운,6859,0,6859,2024년도 전기자동차 정읍시 모델별 보조금,2024,정읍시
승합(대형),케이지모빌리티커머셜,SMART 110(272kWh),3850,0,3850,2024년도 전기자동차 정읍시 모델별 보조금,2024,정읍시
승합(대형),케이지모빌리티커머셜,SMART 110E(347kWh),5950,0,5950,2024년도 전기자동차 정읍시 모델별 보조금,2024,정읍시
승합(대형),케이지모빌리티커머셜,SMART 110(260kWh),5724,0,5724,2024년도 전기자동차 정읍시 모델별 보조금,2024,정읍시
승합(대형),케이지모빌리티커머셜,SMART 110E(260kWh),5950,0,5950,2024년도 전기자동차 정읍시 모델별 보조금,2024,정읍시
승합(대형),케이지모빌리티커머셜,SMART 110(301kWh),7000,0,7000,2024년도 전기자동차 정읍시 모델별 보조금,2024,정읍시
승합(대형),우진산전,아폴로900전기버스,4719,0,4719,2024년도 전기자동차 정읍시 모델별 보조금,2024,정읍시
승합(대형),우진산전,아폴로1100전기버스 23MY,7000,0,7000,2024년도 전기자동차 정읍시 모델별 보조금,2024,정읍시
승합(대형),우진산전,아폴로1200-B43,7000,0,7000,2024년도 전기자동차 정읍시 모델별 보조금,2024,정읍시
승합(대형),우진산전,아폴로1200-S42,7000,0,7000,2024년도 전기자동차 정읍시 모델별 보조금,2024,정읍시
승합(대형),우진산전,아폴로1200-B42,7000,0,7000,2024년도 전기자동차 정읍시 모델별 보조금,2024,정읍시
승합(대형),우진산전,아폴로1200-B29,7000,0,7000,2024년도 전기자동차 정읍시 모델별 보조금,2024,정읍시
승합(대형),우진산전,아폴로1200-S29,7000,0,7000,2024년도 전기자동차 정읍시 모델별 보조금,2024,정읍시
승합(대형),피라인모터스,HYPERS1609N,5796,0,5796,2024년도 전기자동차 정읍시 모델별 보조금,2024,정읍시
승합(대형),피라인모터스,HYPERS1611N,5440,0,5440,2024년도 전기자동차 정읍시 모델별 보조금,2024,정읍시
승합(대형),피라인모터스,HYPERS1609HN,5755,0,5755,2024년도 전기자동차 정읍시 모델별 보조금,2024,정읍시
승합(대형),피라인모터스,HYPERS1609N(25인승),5794,0,5794,2024년도 전기자동차 정읍시 모델별 보조금,2024,정읍시
승합(대형),피라인모터스,HYPERS1609HN(25인승),5755,0,5755,2024년도 전기자동차 정읍시 모델별 보조금,2024,정읍시
승합(대형),피라인모터스,HYPERS PRIME,7000,0,7000,2024년도 전기자동차 정읍시 모델별 보조금,2024,정읍시
승합(대형),피라인모터스,HYPERS1609P(접이식),7000,0,7000,2024년도 전기자동차 정읍시 모델별 보조금,2024,정읍시
승합(대형),피라인모터스,HYPERS1609P(힙레스트),7000,0,7000,2024년도 전기자동차 정읍시 모델별 보조금,2024,정읍시
승합(대형),피라인모터스,HYPERS1609P(25인승 접이식),7000,0,7000,2024년도 전기자동차 정읍시 모델별 보조금,2024,정읍시
승합(대형),피라인모터스,HYPERS1609P(25인승 힙레스트),7000,0,7000,2024년도 전기자동차 정읍시 모델별 보조금,2024,정읍시
승합(대형),피라인모터스,HYPERS1611P(접이식),7000,0,7000,2024년도 전기자동차 정읍시 모델별 보조금,2024,정읍시
승합(대형),피라인모터스,HYPERS1611P(힙레스트),7000,0,7000,2024년도 전기자동차 정읍시 모델별 보조금,2024,정읍시
승합(대형),범한자동차,E-SKY11(350kWh),1980,0,1980,2024년도 전기자동차 정읍시 모델별 보조금,2024,정읍시
승합(대형),범한자동차,E-SKY9(281kWh),1980,0,1980,2024년도 전기자동차 정읍시 모델별 보조금,2024,정읍시
승합(대형),범한자동차,E-STAR8 V1,1719,0,1719,2024년도 전기자동차 정읍시 모델별 보조금,2024,정읍시
승합(대형),범한자동차,E-STAR11,1980,0,1980,2024년도 전기자동차 정읍시 모델별 보조금,2024,정읍시
승합(대형),범한자동차,E-STAR12i,2480,0,2480,2024년도 전기자동차 정읍시 모델별 보조금,2024,정읍시
승합(대형),에스에이피,아이즘(IZM),1440,0,1440,2024년도 전기자동차 정읍시 모델별 보조금,2024,정읍시
승합(대형),에스에이피,엘페(ELFE),1889,0,1889,2024년도 전기자동차 정읍시 모델별 보조금,2024,정읍시
승합(대형),에스에이피,리오네(LIONNE),1440,0,1440,2024년도 전기자동차 정읍시 모델별 보조금,2024,정읍시
승합(대형),에스에이피,네오포스(NEOFORCE),1440,0,1440,2024년도 전기자동차 정읍시 모델별 보조금,2024,정읍시
승합(대형),GS글로벌,NEW BYD eBus-12,2180,0,2180,2024년도 전기자동차 정읍시 모델별 보조금,2024,정읍시
승합(대형),GS글로벌,BYD eBus9,2310,0,2310,2024년도 전기자동차 정읍시 모델별 보조금,2024,정읍시
승합(대형),티에스에코에너지,일레누스(TS1100-1),5771,0,5771,2024년도 전기자동차 정읍시 모델별 보조금,2024,정읍시
승합(대형),티에스에코에너지,일레누스(TS900-1),6914,0,6914,2024년도 전기자동차 정읍시 모델별 보조금,2024,정읍시
승합(대형),이온모터스,시티라이트Ⅱ,2290,0,2290,2024년도 전기자동차 정읍시 모델별 보조금,2024,정읍시
승합(대형),이온모터스,시티라이트9,2310,0,2310,2024년도 전기자동차 정읍시 모델별 보조금,2024,정읍시
승합(대형),한차,GREENWAY1100A,5950,0,5950,2024년도 전기자동차 정읍시 모델별 보조금,2024,정읍시
승합(대형),이엠코리아,에픽시티(LFP),2310,0,2310,2024년도 전기자동차 정읍시 모델별 보조금,2024,정읍시
승합(대형),이엠코리아,에픽타운(LFP),2101,0,2101,2024년도 전기자동차 정읍시 모델별 보조금,2024,정읍시
승합(대형),재일홀딩스,그린타운400,1539,0,1539,2024년도 전기자동차 정읍시 모델별 보조금,2024,정읍시
승합(중형),현대자동차,카운티 일렉트릭,3915,3915,7830,2024년도 전기자동차 남원시 모델별 보조금,2024,남원시
승합(중형),현대자동차,카운티 일렉트릭(마을버스),4000,0,4000,2024년도 전기자동차 남원시 모델별 보조금,2024,남원시
승합(중형),이비온,"E6(JL618S), 어린이통학",1127,0,1127,2024년도 전기자동차 남원시 모델별 보조금,2024,남원시
승합(중형),GS글로벌,NEW BYD eBus-7,1007,0,1007,2024년도 전기자동차 남원시 모델별 보조금,2024,남원시
승합(중형),한차,GREENWAY720,4250,0,4250,2024년도 전기자동차 남원시 모델별 보조금,2024,남원시
승합(중형),테라팩토리,"테라밴키즈(2022), 어린이운송용14명",776,0,776,2024년도 전기자동차 남원시 모델별 보조금,2024,남원시
승합(중형),테라팩토리,"테라밴키즈11(2022), 어린이운송용11명",772,0,772,2024년도 전기자동차 남원시 모델별 보조금,2024,남원시
승합(중형),테라팩토리,테라밴,767,0,767,2024년도 전기자동차 남원시 모델별 보조금,2024,남원시
승합(중형),중원자동차,EV J1,1496,0,1496,2024년도 전기자동차 남원시 모델별 보조금,2024,남원시
승합(중형),쏠테로,트라베리-Y540E,1676,0,1676,2024년도 전기자동차 남원시 모델별 보조금,2024,남원시
승합(중형),쏠테로,트라베리-Y550E,1676,0,1676,2024년도 전기자동차 남원시 모델별 보조금,2024,남원시
승합(중형),쏠테로,트라베리-Y560E,1676,0,1676,2024년도 전기자동차 남원시 모델별 보조금,2024,남원시
승합(중형),리텍,e-CENTRO-K,2385,0,2385,2024년도 전기자동차 남원시 모델별 보조금,2024,남원시
승합(중형),에빅오토모티브코리아,세레온(어린이),5000,0,5000,2024년도 전기자동차 남원시 모델별 보조금,2024,남원시
승합(중형),에빅오토모티브코리아,세레온(마을),5000,0,5000,2024년도 전기자동차 남원시 모델별 보조금,2024,남원시
승합(대형),현대자동차,일렉시티 이층버스,11900,0,11900,2024년도 전기자동차 남원시 모델별 보조금,2024,남원시
승합(대형),현대자동차,일렉시티(3PACK),7000,0,7000,2024년도 전기자동차 남원시 모델별 보조금,2024,남원시
승합(대형),현대자동차,일렉시티(4PACK V1),7000,0,7000,2024년도 전기자동차 남원시 모델별 보조금,2024,남원시
승합(대형),현대자동차,일렉시티(4PACK V2),7000,0,7000,2024년도 전기자동차 남원시 모델별 보조금,2024,남원시
승합(대형),현대자동차,일렉시티 타운,6859,6859,13718,2024년도 전기자동차 남원시 모델별 보조금,2024,남원시
승합(대형),케이지모빌리티커머셜,SMART 110(272kWh),3850,0,3850,2024년도 전기자동차 남원시 모델별 보조금,2024,남원시
승합(대형),케이지모빌리티커머셜,SMART 110E(347kWh),5950,0,5950,2024년도 전기자동차 남원시 모델별 보조금,2024,남원시
승합(대형),케이지모빌리티커머셜,SMART 110(260kWh),5724,0,5724,2024년도 전기자동차 남원시 모델별 보조금,2024,남원시
승합(대형),케이지모빌리티커머셜,SMART 110E(260kWh),5950,0,5950,2024년도 전기자동차 남원시 모델별 보조금,2024,남원시
승합(대형),케이지모빌리티커머셜,SMART 110(301kWh),7000,0,7000,2024년도 전기자동차 남원시 모델별 보조금,2024,남원시
승합(대형),우진산전,아폴로900전기버스,4719,0,4719,2024년도 전기자동차 남원시 모델별 보조금,2024,남원시
승합(대형),우진산전,아폴로1100전기버스 23MY,7000,0,7000,2024년도 전기자동차 남원시 모델별 보조금,2024,남원시
승합(대형),우진산전,아폴로1200-B43,7000,0,7000,2024년도 전기자동차 남원시 모델별 보조금,2024,남원시
승합(대형),우진산전,아폴로1200-S42,7000,0,7000,2024년도 전기자동차 남원시 모델별 보조금,2024,남원시
승합(대형),우진산전,아폴로1200-B42,7000,0,7000,2024년도 전기자동차 남원시 모델별 보조금,2024,남원시
승합(대형),우진산전,아폴로1200-B29,7000,0,7000,2024년도 전기자동차 남원시 모델별 보조금,2024,남원시
승합(대형),우진산전,아폴로1200-S29,7000,0,7000,2024년도 전기자동차 남원시 모델별 보조금,2024,남원시
승합(대형),우진산전,아폴로900 V2.0,6819,0,6819,2024년도 전기자동차 남원시 모델별 보조금,2024,남원시
승합(대형),우진산전,아폴로1100 양문형,6459,0,6459,2024년도 전기자동차 남원시 모델별 보조금,2024,남원시
승합(대형),피라인모터스,HYPERS1609N,5796,0,5796,2024년도 전기자동차 남원시 모델별 보조금,2024,남원시
승합(대형),피라인모터스,HYPERS1611N,5440,0,5440,2024년도 전기자동차 남원시 모델별 보조금,2024,남원시
승합(대형),피라인모터스,HYPERS1609HN,5755,0,5755,2024년도 전기자동차 남원시 모델별 보조금,2024,남원시
승합(대형),피라인모터스,HYPERS1609N(25인승),5794,0,5794,2024년도 전기자동차 남원시 모델별 보조금,2024,남원시
승합(대형),피라인모터스,HYPERS1609HN(25인승),5755,0,5755,2024년도 전기자동차 남원시 모델별 보조금,2024,남원시
승합(대형),피라인모터스,HYPERS PRIME,7000,0,7000,2024년도 전기자동차 남원시 모델별 보조금,2024,남원시
승합(대형),피라인모터스,HYPERS1609P(접이식),7000,0,7000,2024년도 전기자동차 남원시 모델별 보조금,2024,남원시
승합(대형),피라인모터스,HYPERS1609P(힙레스트),7000,0,7000,2024년도 전기자동차 남원시 모델별 보조금,2024,남원시
승합(대형),피라인모터스,HYPERS1609P(25인승 접이식),7000,0,7000,2024년도 전기자동차 남원시 모델별 보조금,2024,남원시
승합(대형),피라인모터스,HYPERS1609P(25인승 힙레스트),7000,0,7000,2024년도 전기자동차 남원시 모델별 보조금,2024,남원시
승합(대형),피라인모터스,HYPERS1611P(접이식),7000,0,7000,2024년도 전기자동차 남원시 모델별 보조금,2024,남원시
승합(대형),피라인모터스,HYPERS1611P(힙레스트),7000,0,7000,2024년도 전기자동차 남원시 모델별 보조금,2024,남원시
승합(대형),피라인모터스,HYPERS HP,7000,0,7000,2024년도 전기자동차 남원시 모델별 보조금,2024,남원시
승합(대형),범한자동차,E-SKY11(350kWh),1980,0,1980,2024년도 전기자동차 남원시 모델별 보조금,2024,남원시
승합(대형),범한자동차,E-SKY9(281kWh),1980,0,1980,2024년도 전기자동차 남원시 모델별 보조금,2024,남원시
승합(대형),범한자동차,E-STAR8 V1,1719,0,1719,2024년도 전기자동차 남원시 모델별 보조금,2024,남원시
승합(대형),범한자동차,E-STAR11,1980,0,1980,2024년도 전기자동차 남원시 모델별 보조금,2024,남원시
승합(대형),범한자동차,E-STAR12i,2480,0,2480,2024년도 전기자동차 남원시 모델별 보조금,2024,남원시
승합(대형),에스에이피,아이즘(IZM),1440,0,1440,2024년도 전기자동차 남원시 모델별 보조금,2024,남원시
승합(대형),에스에이피,엘페(ELFE),1889,0,1889,2024년도 전기자동차 남원시 모델별 보조금,2024,남원시
승합(대형),에스에이피,리오네(LIONNE),1440,0,1440,2024년도 전기자동차 남원시 모델별 보조금,2024,남원시
승합(대형),에스에이피,네오포스(NEOFORCE),1440,0,1440,2024년도 전기자동차 남원시 모델별 보조금,2024,남원시
승합(대형),GS글로벌,NEW BYD eBus-12,2180,0,2180,2024년도 전기자동차 남원시 모델별 보조금,2024,남원시
승합(대형),GS글로벌,BYD eBus9,2310,0,2310,2024년도 전기자동차 남원시 모델별 보조금,2024,남원시
승합(대형),GS글로벌,BYD eBus11,3440,0,3440,2024년도 전기자동차 남원시 모델별 보조금,2024,남원시
승합(대형),티에스에코에너지,일레누스(TS1100-1),5771,0,5771,2024년도 전기자동차 남원시 모델별 보조금,2024,남원시
승합(대형),티에스에코에너지,일레누스(TS900-1),6914,0,6914,2024년도 전기자동차 남원시 모델별 보조금,2024,남원시
승합(대형),이온모터스,시티라이트Ⅱ,2290,0,2290,2024년도 전기자동차 남원시 모델별 보조금,2024,남원시
승합(대형),이온모터스,시티라이트9,2310,0,2310,2024년도 전기자동차 남원시 모델별 보조금,2024,남원시
승합(대형),한차,GREENWAY1100A,5950,0,5950,2024년도 전기자동차 남원시 모델별 보조금,2024,남원시
승합(대형),이엠코리아,에픽시티(LFP),2310,0,2310,2024년도 전기자동차 남원시 모델별 보조금,2024,남원시
승합(대형),이엠코리아,에픽타운(LFP),2101,0,2101,2024년도 전기자동차 남원시 모델별 보조금,2024,남원시
승합(대형),태영티엔티,GD11N,7000,0,7000,2024년도 전기자동차 남원시 모델별 보조금,2024,남원시
승합(대형),재일홀딩스,그린타운400,1539,0,1539,2024년도 전기자동차 남원시 모델별 보조금,2024,남원시
승합(대형),아이버스,아이버스어린이운송차,5950,5950,11900,2024년도 전기자동차 남원시 모델별 보조금,2024,남원시
승합(중형),현대자동차,카운티 일렉트릭,3915,3915,7830,2024년도 전기자동차 김제시 모델별 보조금,2024,김제시
승합(중형),현대자동차,카운티 일렉트릭(마을버스),4000,4000,8000,2024년도 전기자동차 김제시 모델별 보조금,2024,김제시
승합(중형),이비온,"E6(JL618S), 어린이통학",1127,1127,2254,2024년도 전기자동차 김제시 모델별 보조금,2024,김제시
승합(중형),GS글로벌,NEW BYD eBus-7,1007,1007,2014,2024년도 전기자동차 김제시 모델별 보조금,2024,김제시
승합(중형),한차,GREENWAY720,4250,4250,8500,2024년도 전기자동차 김제시 모델별 보조금,2024,김제시
승합(중형),테라팩토리,"테라밴키즈(2022), 어린이운송용14명",776,776,1552,2024년도 전기자동차 김제시 모델별 보조금,2024,김제시
승합(중형),테라팩토리,"테라밴키즈11(2022), 어린이운송용11명",772,772,1544,2024년도 전기자동차 김제시 모델별 보조금,2024,김제시
승합(중형),테라팩토리,테라밴,767,767,1534,2024년도 전기자동차 김제시 모델별 보조금,2024,김제시
승합(중형),중원자동차,EV J1,1496,1496,2992,2024년도 전기자동차 김제시 모델별 보조금,2024,김제시
승합(대형),케이지모빌리티커머셜,SMART 110(260kWh),5724,5724,11448,2024년도 전기자동차 김제시 모델별 보조금,2024,김제시
승합(대형),케이지모빌리티커머셜,SMART 110(301kWh),7000,7000,14000,2024년도 전기자동차 김제시 모델별 보조금,2024,김제시
승합(대형),GS글로벌,NEW BYD eBus-12,2180,2180,4360,2024년도 전기자동차 김제시 모델별 보조금,2024,김제시
승합(대형),GS글로벌,BYD eBus9,2310,2310,4620,2024년도 전기자동차 김제시 모델별 보조금,2024,김제시
승합(중형),현대자동차,카운티 일렉트릭,3915,0,3915,2024년도 전기자동차 완주군 모델별 보조금,2024,완주군
승합(중형),현대자동차,카운티 일렉트릭(마을버스),4000,0,4000,2024년도 전기자동차 완주군 모델별 보조금,2024,완주군
승합(중형),이비온,"E6(JL618S), 어린이통학",1127,0,1127,2024년도 전기자동차 완주군 모델별 보조금,2024,완주군
승합(중형),GS글로벌,NEW BYD eBus-7,1007,0,1007,2024년도 전기자동차 완주군 모델별 보조금,2024,완주군
승합(중형),한차,GREENWAY720,4250,0,4250,2024년도 전기자동차 완주군 모델별 보조금,2024,완주군
승합(중형),테라팩토리,"테라밴키즈(2022), 어린이운송용14명",776,0,776,2024년도 전기자동차 완주군 모델별 보조금,2024,완주군
승합(중형),테라팩토리,"테라밴키즈11(2022), 어린이운송용11명",772,0,772,2024년도 전기자동차 완주군 모델별 보조금,2024,완주군
승합(중형),테라팩토리,테라밴,767,0,767,2024년도 전기자동차 완주군 모델별 보조금,2024,완주군
승합(중형),중원자동차,EV J1,1496,0,1496,2024년도 전기자동차 완주군 모델별 보조금,2024,완주군
승합(중형),쏠테로,트라베리-Y540E,1676,0,1676,2024년도 전기자동차 완주군 모델별 보조금,2024,완주군
승합(중형),쏠테로,트라베리-Y550E,1676,0,1676,2024년도 전기자동차 완주군 모델별 보조금,2024,완주군
승합(중형),쏠테로,트라베리-Y560E,1676,0,1676,2024년도 전기자동차 완주군 모델별 보조금,2024,완주군
승합(중형),리텍,e-CENTRO-K,2385,0,2385,2024년도 전기자동차 완주군 모델별 보조금,2024,완주군
승합(중형),에빅오토모티브코리아,세레온(어린이),5000,0,5000,2024년도 전기자동차 완주군 모델별 보조금,2024,완주군
승합(중형),에빅오토모티브코리아,세레온(마을),5000,0,5000,2024년도 전기자동차 완주군 모델별 보조금,2024,완주군
승합(대형),현대자동차,일렉시티 이층버스,11900,0,11900,2024년도 전기자동차 완주군 모델별 보조금,2024,완주군
승합(대형),현대자동차,일렉시티(3PACK),7000,0,7000,2024년도 전기자동차 완주군 모델별 보조금,2024,완주군
승합(대형),현대자동차,일렉시티(4PACK V1),7000,0,7000,2024년도 전기자동차 완주군 모델별 보조금,2024,완주군
승합(대형),현대자동차,일렉시티(4PACK V2),7000,0,7000,2024년도 전기자동차 완주군 모델별 보조금,2024,완주군
승합(대형),현대자동차,일렉시티 타운,6859,0,6859,2024년도 전기자동차 완주군 모델별 보조금,2024,완주군
승합(대형),케이지모빌리티커머셜,SMART 110(272kWh),3850,0,3850,2024년도 전기자동차 완주군 모델별 보조금,2024,완주군
승합(대형),케이지모빌리티커머셜,SMART 110E(347kWh),5950,0,5950,2024년도 전기자동차 완주군 모델별 보조금,2024,완주군
승합(대형),케이지모빌리티커머셜,SMART 110(260kWh),5724,0,5724,2024년도 전기자동차 완주군 모델별 보조금,2024,완주군
승합(대형),케이지모빌리티커머셜,SMART 110E(260kWh),5950,0,5950,2024년도 전기자동차 완주군 모델별 보조금,2024,완주군
승합(대형),케이지모빌리티커머셜,SMART 110(301kWh),7000,0,7000,2024년도 전기자동차 완주군 모델별 보조금,2024,완주군
승합(대형),우진산전,아폴로900전기버스,4719,0,4719,2024년도 전기자동차 완주군 모델별 보조금,2024,완주군
승합(대형),우진산전,아폴로1100전기버스 23MY,7000,0,7000,2024년도 전기자동차 완주군 모델별 보조금,2024,완주군
승합(대형),우진산전,아폴로1200-B43,7000,0,7000,2024년도 전기자동차 완주군 모델별 보조금,2024,완주군
승합(대형),우진산전,아폴로1200-S42,7000,0,7000,2024년도 전기자동차 완주군 모델별 보조금,2024,완주군
승합(대형),우진산전,아폴로1200-B42,7000,0,7000,2024년도 전기자동차 완주군 모델별 보조금,2024,완주군
승합(대형),우진산전,아폴로1200-B29,7000,0,7000,2024년도 전기자동차 완주군 모델별 보조금,2024,완주군
승합(대형),우진산전,아폴로1200-S29,7000,0,7000,2024년도 전기자동차 완주군 모델별 보조금,2024,완주군
승합(대형),우진산전,아폴로900 V2.0,6819,0,6819,2024년도 전기자동차 완주군 모델별 보조금,2024,완주군
승합(대형),우진산전,아폴로1100 양문형,6459,0,6459,2024년도 전기자동차 완주군 모델별 보조금,2024,완주군
승합(대형),피라인모터스,HYPERS1609N,5796,0,5796,2024년도 전기자동차 완주군 모델별 보조금,2024,완주군
승합(대형),피라인모터스,HYPERS1611N,5440,0,5440,2024년도 전기자동차 완주군 모델별 보조금,2024,완주군
승합(대형),피라인모터스,HYPERS1609HN,5755,0,5755,2024년도 전기자동차 완주군 모델별 보조금,2024,완주군
승합(대형),피라인모터스,HYPERS1609N(25인승),5794,0,5794,2024년도 전기자동차 완주군 모델별 보조금,2024,완주군
승합(대형),피라인모터스,HYPERS1609HN(25인승),5755,0,5755,2024년도 전기자동차 완주군 모델별 보조금,2024,완주군
승합(대형),피라인모터스,HYPERS PRIME,7000,0,7000,2024년도 전기자동차 완주군 모델별 보조금,2024,완주군
승합(대형),피라인모터스,HYPERS1609P(접이식),7000,0,7000,2024년도 전기자동차 완주군 모델별 보조금,2024,완주군
승합(대형),피라인모터스,HYPERS1609P(힙레스트),7000,0,7000,2024년도 전기자동차 완주군 모델별 보조금,2024,완주군
승합(대형),피라인모터스,HYPERS1609P(25인승 접이식),7000,0,7000,2024년도 전기자동차 완주군 모델별 보조금,2024,완주군
승합(대형),피라인모터스,HYPERS1609P(25인승 힙레스트),7000,0,7000,2024년도 전기자동차 완주군 모델별 보조금,2024,완주군
승합(대형),피라인모터스,HYPERS1611P(접이식),7000,0,7000,2024년도 전기자동차 완주군 모델별 보조금,2024,완주군
승합(대형),피라인모터스,HYPERS1611P(힙레스트),7000,0,7000,2024년도 전기자동차 완주군 모델별 보조금,2024,완주군
승합(대형),피라인모터스,HYPERS HP,7000,0,7000,2024년도 전기자동차 완주군 모델별 보조금,2024,완주군
승합(대형),범한자동차,E-SKY11(350kWh),1980,0,1980,2024년도 전기자동차 완주군 모델별 보조금,2024,완주군
승합(대형),범한자동차,E-SKY9(281kWh),1980,0,1980,2024년도 전기자동차 완주군 모델별 보조금,2024,완주군
승합(대형),범한자동차,E-STAR8 V1,1719,0,1719,2024년도 전기자동차 완주군 모델별 보조금,2024,완주군
승합(대형),범한자동차,E-STAR11,1980,0,1980,2024년도 전기자동차 완주군 모델별 보조금,2024,완주군
승합(대형),범한자동차,E-STAR12i,2480,0,2480,2024년도 전기자동차 완주군 모델별 보조금,2024,완주군
승합(대형),에스에이피,아이즘(IZM),1440,0,1440,2024년도 전기자동차 완주군 모델별 보조금,2024,완주군
승합(대형),에스에이피,엘페(ELFE),1889,0,1889,2024년도 전기자동차 완주군 모델별 보조금,2024,완주군
승합(대형),에스에이피,리오네(LIONNE),1440,0,1440,2024년도 전기자동차 완주군 모델별 보조금,2024,완주군
승합(대형),에스에이피,네오포스(NEOFORCE),1440,0,1440,2024년도 전기자동차 완주군 모델별 보조금,2024,완주군
승합(대형),GS글로벌,NEW BYD eBus-12,2180,0,2180,2024년도 전기자동차 완주군 모델별 보조금,2024,완주군
승합(대형),GS글로벌,BYD eBus9,2310,0,2310,2024년도 전기자동차 완주군 모델별 보조금,2024,완주군
승합(대형),GS글로벌,BYD eBus11,3440,0,3440,2024년도 전기자동차 완주군 모델별 보조금,2024,완주군
승합(대형),티에스에코에너지,일레누스(TS1100-1),5771,0,5771,2024년도 전기자동차 완주군 모델별 보조금,2024,완주군
승합(대형),티에스에코에너지,일레누스(TS900-1),6914,0,6914,2024년도 전기자동차 완주군 모델별 보조금,2024,완주군
승합(대형),이온모터스,시티라이트Ⅱ,2290,0,2290,2024년도 전기자동차 완주군 모델별 보조금,2024,완주군
승합(대형),이온모터스,시티라이트9,2310,0,2310,2024년도 전기자동차 완주군 모델별 보조금,2024,완주군
승합(대형),한차,GREENWAY1100A,5950,0,5950,2024년도 전기자동차 완주군 모델별 보조금,2024,완주군
승합(대형),이엠코리아,에픽시티(LFP),2310,0,2310,2024년도 전기자동차 완주군 모델별 보조금,2024,완주군
승합(대형),이엠코리아,에픽타운(LFP),2101,0,2101,2024년도 전기자동차 완주군 모델별 보조금,2024,완주군
승합(대형),태영티엔티,GD11N,7000,0,7000,2024년도 전기자동차 완주군 모델별 보조금,2024,완주군
승합(대형),재일홀딩스,그린타운400,1539,0,1539,2024년도 전기자동차 완주군 모델별 보조금,2024,완주군
승합(대형),아이버스,아이버스어린이운송차,5950,0,5950,2024년도 전기자동차 완주군 모델별 보조금,2024,완주군
승합(중형),현대자동차,카운티 일렉트릭,3915,0,3915,2024년도 전기자동차 진안군 모델별 보조금,2024,진안군
승합(중형),현대자동차,카운티 일렉트릭(마을버스),4000,0,4000,2024년도 전기자동차 진안군 모델별 보조금,2024,진안군
승합(중형),이비온,"E6(JL618S), 어린이통학",1127,0,1127,2024년도 전기자동차 진안군 모델별 보조금,2024,진안군
승합(중형),GS글로벌,NEW BYD eBus-7,1007,0,1007,2024년도 전기자동차 진안군 모델별 보조금,2024,진안군
승합(중형),한차,GREENWAY720,4250,0,4250,2024년도 전기자동차 진안군 모델별 보조금,2024,진안군
승합(중형),테라팩토리,"테라밴키즈(2022), 어린이운송용14명",776,0,776,2024년도 전기자동차 진안군 모델별 보조금,2024,진안군
승합(중형),테라팩토리,"테라밴키즈11(2022), 어린이운송용11명",772,0,772,2024년도 전기자동차 진안군 모델별 보조금,2024,진안군
승합(중형),테라팩토리,테라밴,767,0,767,2024년도 전기자동차 진안군 모델별 보조금,2024,진안군
승합(중형),중원자동차,EV J1,1496,0,1496,2024년도 전기자동차 진안군 모델별 보조금,2024,진안군
승합(중형),쏠테로,트라베리-Y540E,1676,0,1676,2024년도 전기자동차 진안군 모델별 보조금,2024,진안군
승합(중형),쏠테로,트라베리-Y550E,1676,0,1676,2024년도 전기자동차 진안군 모델별 보조금,2024,진안군
승합(중형),쏠테로,트라베리-Y560E,1676,0,1676,2024년도 전기자동차 진안군 모델별 보조금,2024,진안군
승합(중형),리텍,e-CENTRO-K,2385,0,2385,2024년도 전기자동차 진안군 모델별 보조금,2024,진안군
승합(중형),에빅오토모티브코리아,세레온(어린이),5000,0,5000,2024년도 전기자동차 진안군 모델별 보조금,2024,진안군
승합(중형),에빅오토모티브코리아,세레온(마을),5000,0,5000,2024년도 전기자동차 진안군 모델별 보조금,2024,진안군
승합(대형),현대자동차,일렉시티 이층버스,11900,0,11900,2024년도 전기자동차 진안군 모델별 보조금,2024,진안군
승합(대형),현대자동차,일렉시티(3PACK),7000,0,7000,2024년도 전기자동차 진안군 모델별 보조금,2024,진안군
승합(대형),현대자동차,일렉시티(4PACK V1),7000,0,7000,2024년도 전기자동차 진안군 모델별 보조금,2024,진안군
승합(대형),현대자동차,일렉시티(4PACK V2),7000,0,7000,2024년도 전기자동차 진안군 모델별 보조금,2024,진안군
승합(대형),현대자동차,일렉시티 타운,6859,0,6859,2024년도 전기자동차 진안군 모델별 보조금,2024,진안군
승합(대형),케이지모빌리티커머셜,SMART 110(272kWh),3850,0,3850,2024년도 전기자동차 진안군 모델별 보조금,2024,진안군
승합(대형),케이지모빌리티커머셜,SMART 110E(347kWh),5950,0,5950,2024년도 전기자동차 진안군 모델별 보조금,2024,진안군
승합(대형),케이지모빌리티커머셜,SMART 110(260kWh),5724,0,5724,2024년도 전기자동차 진안군 모델별 보조금,2024,진안군
승합(대형),케이지모빌리티커머셜,SMART 110E(260kWh),5950,0,5950,2024년도 전기자동차 진안군 모델별 보조금,2024,진안군
승합(대형),케이지모빌리티커머셜,SMART 110(301kWh),7000,0,7000,2024년도 전기자동차 진안군 모델별 보조금,2024,진안군
승합(대형),케이지모빌리티커머셜,KG C090,6916,0,6916,2024년도 전기자동차 진안군 모델별 보조금,2024,진안군
승합(대형),우진산전,아폴로900전기버스,4719,0,4719,2024년도 전기자동차 진안군 모델별 보조금,2024,진안군
승합(대형),우진산전,아폴로1100전기버스 23MY,7000,0,7000,2024년도 전기자동차 진안군 모델별 보조금,2024,진안군
승합(대형),우진산전,아폴로1200-B43,7000,0,7000,2024년도 전기자동차 진안군 모델별 보조금,2024,진안군
승합(대형),우진산전,아폴로1200-S42,7000,0,7000,2024년도 전기자동차 진안군 모델별 보조금,2024,진안군
승합(대형),우진산전,아폴로1200-B42,7000,0,7000,2024년도 전기자동차 진안군 모델별 보조금,2024,진안군
승합(대형),우진산전,아폴로1200-B29,7000,0,7000,2024년도 전기자동차 진안군 모델별 보조금,2024,진안군
승합(대형),우진산전,아폴로1200-S29,7000,0,7000,2024년도 전기자동차 진안군 모델별 보조금,2024,진안군
승합(대형),우진산전,아폴로900 V2.0,6819,0,6819,2024년도 전기자동차 진안군 모델별 보조금,2024,진안군
승합(대형),우진산전,아폴로1100 양문형,6459,0,6459,2024년도 전기자동차 진안군 모델별 보조금,2024,진안군
승합(대형),우진산전,아폴로1100 V2.0,7000,0,7000,2024년도 전기자동차 진안군 모델별 보조금,2024,진안군
승합(대형),피라인모터스,HYPERS1609N,5796,0,5796,2024년도 전기자동차 진안군 모델별 보조금,2024,진안군
승합(대형),피라인모터스,HYPERS1611N,5440,0,5440,2024년도 전기자동차 진안군 모델별 보조금,2024,진안군
승합(대형),피라인모터스,HYPERS1609HN,5755,0,5755,2024년도 전기자동차 진안군 모델별 보조금,2024,진안군
승합(대형),피라인모터스,HYPERS1609N(25인승),5794,0,5794,2024년도 전기자동차 진안군 모델별 보조금,2024,진안군
승합(대형),피라인모터스,HYPERS1609HN(25인승),5755,0,5755,2024년도 전기자동차 진안군 모델별 보조금,2024,진안군
승합(대형),피라인모터스,HYPERS PRIME,7000,0,7000,2024년도 전기자동차 진안군 모델별 보조금,2024,진안군
승합(대형),피라인모터스,HYPERS1609P(접이식),7000,0,7000,2024년도 전기자동차 진안군 모델별 보조금,2024,진안군
승합(대형),피라인모터스,HYPERS1609P(힙레스트),7000,0,7000,2024년도 전기자동차 진안군 모델별 보조금,2024,진안군
승합(대형),피라인모터스,HYPERS1609P(25인승 접이식),7000,0,7000,2024년도 전기자동차 진안군 모델별 보조금,2024,진안군
승합(대형),피라인모터스,HYPERS1609P(25인승 힙레스트),7000,0,7000,2024년도 전기자동차 진안군 모델별 보조금,2024,진안군
승합(대형),피라인모터스,HYPERS1611P(접이식),7000,0,7000,2024년도 전기자동차 진안군 모델별 보조금,2024,진안군
승합(대형),피라인모터스,HYPERS1611P(힙레스트),7000,0,7000,2024년도 전기자동차 진안군 모델별 보조금,2024,진안군
승합(대형),피라인모터스,HYPERS HP,7000,0,7000,2024년도 전기자동차 진안군 모델별 보조금,2024,진안군
승합(대형),범한자동차,E-SKY11(350kWh),1980,0,1980,2024년도 전기자동차 진안군 모델별 보조금,2024,진안군
승합(대형),범한자동차,E-SKY9(281kWh),1980,0,1980,2024년도 전기자동차 진안군 모델별 보조금,2024,진안군
승합(대형),범한자동차,E-STAR8 V1,1719,0,1719,2024년도 전기자동차 진안군 모델별 보조금,2024,진안군
승합(대형),범한자동차,E-STAR11,1980,0,1980,2024년도 전기자동차 진안군 모델별 보조금,2024,진안군
승합(대형),범한자동차,E-STAR12i,2480,0,2480,2024년도 전기자동차 진안군 모델별 보조금,2024,진안군
승합(대형),에스에이피,아이즘(IZM),1440,0,1440,2024년도 전기자동차 진안군 모델별 보조금,2024,진안군
승합(대형),에스에이피,엘페(ELFE),1889,0,1889,2024년도 전기자동차 진안군 모델별 보조금,2024,진안군
승합(대형),에스에이피,리오네(LIONNE),1440,0,1440,2024년도 전기자동차 진안군 모델별 보조금,2024,진안군
승합(대형),에스에이피,네오포스(NEOFORCE),1440,0,1440,2024년도 전기자동차 진안군 모델별 보조금,2024,진안군
승합(대형),GS글로벌,NEW BYD eBus-12,2180,0,2180,2024년도 전기자동차 진안군 모델별 보조금,2024,진안군
승합(대형),GS글로벌,BYD eBus9,2310,0,2310,2024년도 전기자동차 진안군 모델별 보조금,2024,진안군
승합(대형),GS글로벌,BYD eBus11,3440,0,3440,2024년도 전기자동차 진안군 모델별 보조금,2024,진안군
승합(대형),티에스에코에너지,일레누스(TS1100-1),5771,0,5771,2024년도 전기자동차 진안군 모델별 보조금,2024,진안군
승합(대형),티에스에코에너지,일레누스(TS900-1),6914,0,6914,2024년도 전기자동차 진안군 모델별 보조금,2024,진안군
승합(대형),이온모터스,시티라이트Ⅱ,2290,0,2290,2024년도 전기자동차 진안군 모델별 보조금,2024,진안군
승합(대형),이온모터스,시티라이트9,2310,0,2310,2024년도 전기자동차 진안군 모델별 보조금,2024,진안군
승합(대형),한차,GREENWAY1100A,5950,0,5950,2024년도 전기자동차 진안군 모델별 보조금,2024,진안군
승합(대형),이엠코리아,에픽시티(LFP),2310,0,2310,2024년도 전기자동차 진안군 모델별 보조금,2024,진안군
승합(대형),이엠코리아,에픽타운(LFP),2101,0,2101,2024년도 전기자동차 진안군 모델별 보조금,2024,진안군
승합(대형),이엠코리아,에픽시티(NCM),7000,0,7000,2024년도 전기자동차 진안군 모델별 보조금,2024,진안군
승합(대형),이엠코리아,에픽타운(NCM),6439,0,6439,2024년도 전기자동차 진안군 모델별 보조금,2024,진안군
승합(대형),태영티엔티,GD11N,7000,0,7000,2024년도 전기자동차 진안군 모델별 보조금,2024,진안군
승합(대형),재일홀딩스,그린타운400,1539,0,1539,2024년도 전기자동차 진안군 모델별 보조금,2024,진안군
승합(대형),아이버스,아이버스어린이운송차,5950,0,5950,2024년도 전기자동차 진안군 모델별 보조금,2024,진안군
승합(중형),현대자동차,카운티 일렉트릭,3915,3915,7830,2024년도 전기자동차 무주군 모델별 보조금,2024,무주군
승합(중형),현대자동차,카운티 일렉트릭(마을버스),4000,4000,8000,2024년도 전기자동차 무주군 모델별 보조금,2024,무주군
승합(중형),이비온,"E6(JL618S), 어린이통학",1127,1127,2254,2024년도 전기자동차 무주군 모델별 보조금,2024,무주군
승합(중형),GS글로벌,NEW BYD eBus-7,1007,1007,2014,2024년도 전기자동차 무주군 모델별 보조금,2024,무주군
승합(중형),한차,GREENWAY720,4250,4250,8500,2024년도 전기자동차 무주군 모델별 보조금,2024,무주군
승합(중형),테라팩토리,"테라밴키즈(2022), 어린이운송용14명",776,776,1552,2024년도 전기자동차 무주군 모델별 보조금,2024,무주군
승합(중형),테라팩토리,"테라밴키즈11(2022), 어린이운송용11명",772,772,1544,2024년도 전기자동차 무주군 모델별 보조금,2024,무주군
승합(중형),테라팩토리,테라밴,767,767,1534,2024년도 전기자동차 무주군 모델별 보조금,2024,무주군
승합(중형),중원자동차,EV J1,1496,1496,2992,2024년도 전기자동차 무주군 모델별 보조금,2024,무주군
승합(중형),쏠테로,트라베리-Y540E,1676,1676,3352,2024년도 전기자동차 무주군 모델별 보조금,2024,무주군
승합(중형),쏠테로,트라베리-Y550E,1676,1676,3352,2024년도 전기자동차 무주군 모델별 보조금,2024,무주군
승합(중형),쏠테로,트라베리-Y560E,1676,1676,3352,2024년도 전기자동차 무주군 모델별 보조금,2024,무주군
승합(대형),현대자동차,일렉시티 이층버스,11900,11900,23800,2024년도 전기자동차 무주군 모델별 보조금,2024,무주군
승합(대형),현대자동차,일렉시티(3PACK),7000,7000,14000,2024년도 전기자동차 무주군 모델별 보조금,2024,무주군
승합(대형),현대자동차,일렉시티(4PACK V1),7000,7000,14000,2024년도 전기자동차 무주군 모델별 보조금,2024,무주군
승합(대형),현대자동차,일렉시티(4PACK V2),7000,7000,14000,2024년도 전기자동차 무주군 모델별 보조금,2024,무주군
승합(대형),현대자동차,일렉시티 타운,6859,6859,13718,2024년도 전기자동차 무주군 모델별 보조금,2024,무주군
승합(대형),케이지모빌리티커머셜,SMART 110(272kWh),3850,3850,7700,2024년도 전기자동차 무주군 모델별 보조금,2024,무주군
승합(대형),케이지모빌리티커머셜,SMART 110E(347kWh),5950,5950,11900,2024년도 전기자동차 무주군 모델별 보조금,2024,무주군
승합(대형),케이지모빌리티커머셜,SMART 110(260kWh),5724,5724,11448,2024년도 전기자동차 무주군 모델별 보조금,2024,무주군
승합(대형),케이지모빌리티커머셜,SMART 110E(260kWh),5950,5950,11900,2024년도 전기자동차 무주군 모델별 보조금,2024,무주군
승합(대형),케이지모빌리티커머셜,SMART 110(301kWh),7000,7000,14000,2024년도 전기자동차 무주군 모델별 보조금,2024,무주군
승합(대형),우진산전,아폴로900전기버스,4719,4719,9438,2024년도 전기자동차 무주군 모델별 보조금,2024,무주군
승합(대형),우진산전,아폴로1100전기버스 23MY,7000,7000,14000,2024년도 전기자동차 무주군 모델별 보조금,2024,무주군
승합(대형),우진산전,아폴로1200-B43,7000,7000,14000,2024년도 전기자동차 무주군 모델별 보조금,2024,무주군
승합(대형),우진산전,아폴로1200-S42,7000,7000,14000,2024년도 전기자동차 무주군 모델별 보조금,2024,무주군
승합(대형),우진산전,아폴로1200-B42,7000,7000,14000,2024년도 전기자동차 무주군 모델별 보조금,2024,무주군
승합(대형),우진산전,아폴로1200-B29,7000,7000,14000,2024년도 전기자동차 무주군 모델별 보조금,2024,무주군
승합(대형),우진산전,아폴로1200-S29,7000,7000,14000,2024년도 전기자동차 무주군 모델별 보조금,2024,무주군
승합(대형),피라인모터스,HYPERS1609N,5796,5796,11592,2024년도 전기자동차 무주군 모델별 보조금,2024,무주군
승합(대형),피라인모터스,HYPERS1611N,5440,5440,10880,2024년도 전기자동차 무주군 모델별 보조금,2024,무주군
승합(대형),피라인모터스,HYPERS1609HN,5755,5755,11510,2024년도 전기자동차 무주군 모델별 보조금,2024,무주군
승합(대형),피라인모터스,HYPERS1609N(25인승),5794,5794,11588,2024년도 전기자동차 무주군 모델별 보조금,2024,무주군
승합(대형),피라인모터스,HYPERS1609HN(25인승),5755,5755,11510,2024년도 전기자동차 무주군 모델별 보조금,2024,무주군
승합(대형),피라인모터스,HYPERS PRIME,7000,7000,14000,2024년도 전기자동차 무주군 모델별 보조금,2024,무주군
승합(대형),피라인모터스,HYPERS1609P(접이식),7000,7000,14000,2024년도 전기자동차 무주군 모델별 보조금,2024,무주군
승합(대형),피라인모터스,HYPERS1609P(힙레스트),7000,7000,14000,2024년도 전기자동차 무주군 모델별 보조금,2024,무주군
승합(대형),피라인모터스,HYPERS1609P(25인승 접이식),7000,7000,14000,2024년도 전기자동차 무주군 모델별 보조금,2024,무주군
승합(대형),피라인모터스,HYPERS1609P(25인승 힙레스트),7000,7000,14000,2024년도 전기자동차 무주군 모델별 보조금,2024,무주군
승합(대형),피라인모터스,HYPERS1611P(접이식),7000,7000,14000,2024년도 전기자동차 무주군 모델별 보조금,2024,무주군
승합(대형),피라인모터스,HYPERS1611P(힙레스트),7000,7000,14000,2024년도 전기자동차 무주군 모델별 보조금,2024,무주군
승합(대형),범한자동차,E-SKY11(350kWh),1980,1980,3960,2024년도 전기자동차 무주군 모델별 보조금,2024,무주군
승합(대형),범한자동차,E-SKY9(281kWh),1980,1980,3960,2024년도 전기자동차 무주군 모델별 보조금,2024,무주군
승합(대형),범한자동차,E-STAR8 V1,1719,1719,3438,2024년도 전기자동차 무주군 모델별 보조금,2024,무주군
승합(대형),범한자동차,E-STAR11,1980,1980,3960,2024년도 전기자동차 무주군 모델별 보조금,2024,무주군
승합(대형),범한자동차,E-STAR12i,2480,2480,4960,2024년도 전기자동차 무주군 모델별 보조금,2024,무주군
승합(대형),에스에이피,아이즘(IZM),1440,1440,2880,2024년도 전기자동차 무주군 모델별 보조금,2024,무주군
승합(대형),에스에이피,엘페(ELFE),1889,1889,3778,2024년도 전기자동차 무주군 모델별 보조금,2024,무주군
승합(대형),에스에이피,리오네(LIONNE),1440,1440,2880,2024년도 전기자동차 무주군 모델별 보조금,2024,무주군
승합(대형),에스에이피,네오포스(NEOFORCE),1440,1440,2880,2024년도 전기자동차 무주군 모델별 보조금,2024,무주군
승합(대형),GS글로벌,NEW BYD eBus-12,2180,2180,4360,2024년도 전기자동차 무주군 모델별 보조금,2024,무주군
승합(대형),GS글로벌,BYD eBus9,2310,2310,4620,2024년도 전기자동차 무주군 모델별 보조금,2024,무주군
승합(대형),티에스에코에너지,일레누스(TS1100-1),5771,5771,11542,2024년도 전기자동차 무주군 모델별 보조금,2024,무주군
승합(대형),티에스에코에너지,일레누스(TS900-1),6914,6914,13828,2024년도 전기자동차 무주군 모델별 보조금,2024,무주군
승합(대형),이온모터스,시티라이트Ⅱ,2290,2290,4580,2024년도 전기자동차 무주군 모델별 보조금,2024,무주군
승합(대형),이온모터스,시티라이트9,2310,2310,4620,2024년도 전기자동차 무주군 모델별 보조금,2024,무주군
승합(대형),한차,GREENWAY1100A,5950,5950,11900,2024년도 전기자동차 무주군 모델별 보조금,2024,무주군
승합(대형),이엠코리아,에픽시티(LFP),2310,2310,4620,2024년도 전기자동차 무주군 모델별 보조금,2024,무주군
승합(대형),이엠코리아,에픽타운(LFP),2101,2101,4202,2024년도 전기자동차 무주군 모델별 보조금,2024,무주군
승합(대형),재일홀딩스,그린타운400,1539,1539,3078,2024년도 전기자동차 무주군 모델별 보조금,2024,무주군
모델별 지방비 자료가 없습니다.,모델별 지방비 자료가 없습니다.,모델별 지방비 자료가 없습니다.,모델별 지방비 자료가 없습니다.,모델별 지방비 자료가 없습니다.,모델별 지방비 자료가 없습니다.,2024년도 전기자동차 장수군 모델별 보조금,2024,장수군
승합(중형),현대자동차,카운티 일렉트릭,3915,0,3915,2024년도 전기자동차 임실군 모델별 보조금,2024,임실군
승합(중형),현대자동차,카운티 일렉트릭(마을버스),4000,0,4000,2024년도 전기자동차 임실군 모델별 보조금,2024,임실군
승합(중형),이비온,"E6(JL618S), 어린이통학",1127,0,1127,2024년도 전기자동차 임실군 모델별 보조금,2024,임실군
승합(중형),GS글로벌,NEW BYD eBus-7,1007,0,1007,2024년도 전기자동차 임실군 모델별 보조금,2024,임실군
승합(중형),한차,GREENWAY720,4250,0,4250,2024년도 전기자동차 임실군 모델별 보조금,2024,임실군
승합(중형),테라팩토리,"테라밴키즈(2022), 어린이운송용14명",776,0,776,2024년도 전기자동차 임실군 모델별 보조금,2024,임실군
승합(중형),테라팩토리,"테라밴키즈11(2022), 어린이운송용11명",772,0,772,2024년도 전기자동차 임실군 모델별 보조금,2024,임실군
승합(중형),테라팩토리,테라밴,767,0,767,2024년도 전기자동차 임실군 모델별 보조금,2024,임실군
승합(중형),중원자동차,EV J1,1496,0,1496,2024년도 전기자동차 임실군 모델별 보조금,2024,임실군
승합(중형),쏠테로,트라베리-Y540E,1676,0,1676,2024년도 전기자동차 임실군 모델별 보조금,2024,임실군
승합(중형),쏠테로,트라베리-Y550E,1676,0,1676,2024년도 전기자동차 임실군 모델별 보조금,2024,임실군
승합(중형),쏠테로,트라베리-Y560E,1676,0,1676,2024년도 전기자동차 임실군 모델별 보조금,2024,임실군
승합(중형),리텍,e-CENTRO-K,2385,0,2385,2024년도 전기자동차 임실군 모델별 보조금,2024,임실군
승합(중형),에빅오토모티브코리아,세레온(어린이),5000,0,5000,2024년도 전기자동차 임실군 모델별 보조금,2024,임실군
승합(중형),에빅오토모티브코리아,세레온(마을),5000,0,5000,2024년도 전기자동차 임실군 모델별 보조금,2024,임실군
승합(대형),현대자동차,일렉시티 이층버스,11900,0,11900,2024년도 전기자동차 임실군 모델별 보조금,2024,임실군
승합(대형),현대자동차,일렉시티(3PACK),7000,0,7000,2024년도 전기자동차 임실군 모델별 보조금,2024,임실군
승합(대형),현대자동차,일렉시티(4PACK V1),7000,0,7000,2024년도 전기자동차 임실군 모델별 보조금,2024,임실군
승합(대형),현대자동차,일렉시티(4PACK V2),7000,0,7000,2024년도 전기자동차 임실군 모델별 보조금,2024,임실군
승합(대형),현대자동차,일렉시티 타운,6859,0,6859,2024년도 전기자동차 임실군 모델별 보조금,2024,임실군
승합(대형),케이지모빌리티커머셜,SMART 110(272kWh),3850,0,3850,2024년도 전기자동차 임실군 모델별 보조금,2024,임실군
승합(대형),케이지모빌리티커머셜,SMART 110E(347kWh),5950,0,5950,2024년도 전기자동차 임실군 모델별 보조금,2024,임실군
승합(대형),케이지모빌리티커머셜,SMART 110(260kWh),5724,0,5724,2024년도 전기자동차 임실군 모델별 보조금,2024,임실군
승합(대형),케이지모빌리티커머셜,SMART 110E(260kWh),5950,0,5950,2024년도 전기자동차 임실군 모델별 보조금,2024,임실군
승합(대형),케이지모빌리티커머셜,SMART 110(301kWh),7000,0,7000,2024년도 전기자동차 임실군 모델별 보조금,2024,임실군
승합(대형),케이지모빌리티커머셜,KG C090,6916,0,6916,2024년도 전기자동차 임실군 모델별 보조금,2024,임실군
승합(대형),우진산전,아폴로900전기버스,4719,0,4719,2024년도 전기자동차 임실군 모델별 보조금,2024,임실군
승합(대형),우진산전,아폴로1100전기버스 23MY,7000,0,7000,2024년도 전기자동차 임실군 모델별 보조금,2024,임실군
승합(대형),우진산전,아폴로1200-B43,7000,0,7000,2024년도 전기자동차 임실군 모델별 보조금,2024,임실군
승합(대형),우진산전,아폴로1200-S42,7000,0,7000,2024년도 전기자동차 임실군 모델별 보조금,2024,임실군
승합(대형),우진산전,아폴로1200-B42,7000,0,7000,2024년도 전기자동차 임실군 모델별 보조금,2024,임실군
승합(대형),우진산전,아폴로1200-B29,7000,0,7000,2024년도 전기자동차 임실군 모델별 보조금,2024,임실군
승합(대형),우진산전,아폴로1200-S29,7000,0,7000,2024년도 전기자동차 임실군 모델별 보조금,2024,임실군
승합(대형),우진산전,아폴로900 V2.0,6819,0,6819,2024년도 전기자동차 임실군 모델별 보조금,2024,임실군
승합(대형),우진산전,아폴로1100 양문형,6459,0,6459,2024년도 전기자동차 임실군 모델별 보조금,2024,임실군
승합(대형),우진산전,아폴로1100 V2.0,7000,0,7000,2024년도 전기자동차 임실군 모델별 보조금,2024,임실군
승합(대형),피라인모터스,HYPERS1609N,5796,0,5796,2024년도 전기자동차 임실군 모델별 보조금,2024,임실군
승합(대형),피라인모터스,HYPERS1611N,5440,0,5440,2024년도 전기자동차 임실군 모델별 보조금,2024,임실군
승합(대형),피라인모터스,HYPERS1609HN,5755,0,5755,2024년도 전기자동차 임실군 모델별 보조금,2024,임실군
승합(대형),피라인모터스,HYPERS1609N(25인승),5794,0,5794,2024년도 전기자동차 임실군 모델별 보조금,2024,임실군
승합(대형),피라인모터스,HYPERS1609HN(25인승),5755,0,5755,2024년도 전기자동차 임실군 모델별 보조금,2024,임실군
승합(대형),피라인모터스,HYPERS PRIME,7000,0,7000,2024년도 전기자동차 임실군 모델별 보조금,2024,임실군
승합(대형),피라인모터스,HYPERS1609P(접이식),7000,0,7000,2024년도 전기자동차 임실군 모델별 보조금,2024,임실군
승합(대형),피라인모터스,HYPERS1609P(힙레스트),7000,0,7000,2024년도 전기자동차 임실군 모델별 보조금,2024,임실군
승합(대형),피라인모터스,HYPERS1609P(25인승 접이식),7000,0,7000,2024년도 전기자동차 임실군 모델별 보조금,2024,임실군
승합(대형),피라인모터스,HYPERS1609P(25인승 힙레스트),7000,0,7000,2024년도 전기자동차 임실군 모델별 보조금,2024,임실군
승합(대형),피라인모터스,HYPERS1611P(접이식),7000,0,7000,2024년도 전기자동차 임실군 모델별 보조금,2024,임실군
승합(대형),피라인모터스,HYPERS1611P(힙레스트),7000,0,7000,2024년도 전기자동차 임실군 모델별 보조금,2024,임실군
승합(대형),피라인모터스,HYPERS HP,7000,0,7000,2024년도 전기자동차 임실군 모델별 보조금,2024,임실군
승합(대형),범한자동차,E-SKY11(350kWh),1980,0,1980,2024년도 전기자동차 임실군 모델별 보조금,2024,임실군
승합(대형),범한자동차,E-SKY9(281kWh),1980,0,1980,2024년도 전기자동차 임실군 모델별 보조금,2024,임실군
승합(대형),범한자동차,E-STAR8 V1,1719,0,1719,2024년도 전기자동차 임실군 모델별 보조금,2024,임실군
승합(대형),범한자동차,E-STAR11,1980,0,1980,2024년도 전기자동차 임실군 모델별 보조금,2024,임실군
승합(대형),범한자동차,E-STAR12i,2480,0,2480,2024년도 전기자동차 임실군 모델별 보조금,2024,임실군
승합(대형),에스에이피,아이즘(IZM),1440,0,1440,2024년도 전기자동차 임실군 모델별 보조금,2024,임실군
승합(대형),에스에이피,엘페(ELFE),1889,0,1889,2024년도 전기자동차 임실군 모델별 보조금,2024,임실군
승합(대형),에스에이피,리오네(LIONNE),1440,0,1440,2024년도 전기자동차 임실군 모델별 보조금,2024,임실군
승합(대형),에스에이피,네오포스(NEOFORCE),1440,0,1440,2024년도 전기자동차 임실군 모델별 보조금,2024,임실군
승합(대형),GS글로벌,NEW BYD eBus-12,2180,0,2180,2024년도 전기자동차 임실군 모델별 보조금,2024,임실군
승합(대형),GS글로벌,BYD eBus9,2310,0,2310,2024년도 전기자동차 임실군 모델별 보조금,2024,임실군
승합(대형),GS글로벌,BYD eBus11,3440,0,3440,2024년도 전기자동차 임실군 모델별 보조금,2024,임실군
승합(대형),티에스에코에너지,일레누스(TS1100-1),5771,0,5771,2024년도 전기자동차 임실군 모델별 보조금,2024,임실군
승합(대형),티에스에코에너지,일레누스(TS900-1),6914,0,6914,2024년도 전기자동차 임실군 모델별 보조금,2024,임실군
승합(대형),이온모터스,시티라이트Ⅱ,2290,0,2290,2024년도 전기자동차 임실군 모델별 보조금,2024,임실군
승합(대형),이온모터스,시티라이트9,2310,0,2310,2024년도 전기자동차 임실군 모델별 보조금,2024,임실군
승합(대형),한차,GREENWAY1100A,5950,0,5950,2024년도 전기자동차 임실군 모델별 보조금,2024,임실군
승합(대형),이엠코리아,에픽시티(LFP),2310,0,2310,2024년도 전기자동차 임실군 모델별 보조금,2024,임실군
승합(대형),이엠코리아,에픽타운(LFP),2101,0,2101,2024년도 전기자동차 임실군 모델별 보조금,2024,임실군
승합(대형),이엠코리아,에픽시티(NCM),7000,0,7000,2024년도 전기자동차 임실군 모델별 보조금,2024,임실군
승합(대형),이엠코리아,에픽타운(NCM),6439,0,6439,2024년도 전기자동차 임실군 모델별 보조금,2024,임실군
승합(대형),태영티엔티,GD11N,7000,0,7000,2024년도 전기자동차 임실군 모델별 보조금,2024,임실군
승합(대형),재일홀딩스,그린타운400,1539,0,1539,2024년도 전기자동차 임실군 모델별 보조금,2024,임실군
승합(대형),아이버스,아이버스어린이운송차,5950,0,5950,2024년도 전기자동차 임실군 모델별 보조금,2024,임실군
승합(중형),현대자동차,카운티 일렉트릭,3915,0,3915,2024년도 전기자동차 순창군 모델별 보조금,2024,순창군
승합(중형),현대자동차,카운티 일렉트릭(마을버스),4000,4000,8000,2024년도 전기자동차 순창군 모델별 보조금,2024,순창군
승합(중형),이비온,"E6(JL618S), 어린이통학",1127,1127,2254,2024년도 전기자동차 순창군 모델별 보조금,2024,순창군
승합(중형),GS글로벌,NEW BYD eBus-7,1007,1007,2014,2024년도 전기자동차 순창군 모델별 보조금,2024,순창군
승합(중형),한차,GREENWAY720,4250,4250,8500,2024년도 전기자동차 순창군 모델별 보조금,2024,순창군
승합(중형),테라팩토리,"테라밴키즈(2022), 어린이운송용14명",776,776,1552,2024년도 전기자동차 순창군 모델별 보조금,2024,순창군
승합(중형),테라팩토리,"테라밴키즈11(2022), 어린이운송용11명",772,772,1544,2024년도 전기자동차 순창군 모델별 보조금,2024,순창군
승합(중형),테라팩토리,테라밴,767,767,1534,2024년도 전기자동차 순창군 모델별 보조금,2024,순창군
승합(중형),중원자동차,EV J1,1496,1496,2992,2024년도 전기자동차 순창군 모델별 보조금,2024,순창군
승합(중형),쏠테로,트라베리-Y540E,1676,1676,3352,2024년도 전기자동차 순창군 모델별 보조금,2024,순창군
승합(중형),쏠테로,트라베리-Y550E,1676,1676,3352,2024년도 전기자동차 순창군 모델별 보조금,2024,순창군
승합(중형),쏠테로,트라베리-Y560E,1676,1676,3352,2024년도 전기자동차 순창군 모델별 보조금,2024,순창군
승합(중형),리텍,e-CENTRO-K,2385,2385,4770,2024년도 전기자동차 순창군 모델별 보조금,2024,순창군
승합(중형),에빅오토모티브코리아,세레온(어린이),5000,5000,10000,2024년도 전기자동차 순창군 모델별 보조금,2024,순창군
승합(중형),에빅오토모티브코리아,세레온(마을),5000,5000,10000,2024년도 전기자동차 순창군 모델별 보조금,2024,순창군
승합(대형),현대자동차,일렉시티 이층버스,11900,0,11900,2024년도 전기자동차 순창군 모델별 보조금,2024,순창군
승합(대형),현대자동차,일렉시티(3PACK),7000,0,7000,2024년도 전기자동차 순창군 모델별 보조금,2024,순창군
승합(대형),현대자동차,일렉시티(4PACK V1),7000,0,7000,2024년도 전기자동차 순창군 모델별 보조금,2024,순창군
승합(대형),현대자동차,일렉시티(4PACK V2),7000,0,7000,2024년도 전기자동차 순창군 모델별 보조금,2024,순창군
승합(대형),현대자동차,일렉시티 타운,6859,0,6859,2024년도 전기자동차 순창군 모델별 보조금,2024,순창군
승합(대형),케이지모빌리티커머셜,SMART 110(272kWh),3850,0,3850,2024년도 전기자동차 순창군 모델별 보조금,2024,순창군
승합(대형),케이지모빌리티커머셜,SMART 110E(347kWh),5950,0,5950,2024년도 전기자동차 순창군 모델별 보조금,2024,순창군
승합(대형),케이지모빌리티커머셜,SMART 110(260kWh),5724,0,5724,2024년도 전기자동차 순창군 모델별 보조금,2024,순창군
승합(대형),케이지모빌리티커머셜,SMART 110E(260kWh),5950,0,5950,2024년도 전기자동차 순창군 모델별 보조금,2024,순창군
승합(대형),케이지모빌리티커머셜,SMART 110(301kWh),7000,0,7000,2024년도 전기자동차 순창군 모델별 보조금,2024,순창군
승합(대형),우진산전,아폴로900전기버스,4719,0,4719,2024년도 전기자동차 순창군 모델별 보조금,2024,순창군
승합(대형),우진산전,아폴로1100전기버스 23MY,7000,0,7000,2024년도 전기자동차 순창군 모델별 보조금,2024,순창군
승합(대형),우진산전,아폴로1200-B43,7000,0,7000,2024년도 전기자동차 순창군 모델별 보조금,2024,순창군
승합(대형),우진산전,아폴로1200-S42,7000,0,7000,2024년도 전기자동차 순창군 모델별 보조금,2024,순창군
승합(대형),우진산전,아폴로1200-B42,7000,0,7000,2024년도 전기자동차 순창군 모델별 보조금,2024,순창군
승합(대형),우진산전,아폴로1200-B29,7000,0,7000,2024년도 전기자동차 순창군 모델별 보조금,2024,순창군
승합(대형),우진산전,아폴로1200-S29,7000,0,7000,2024년도 전기자동차 순창군 모델별 보조금,2024,순창군
승합(대형),우진산전,아폴로900 V2.0,6819,0,6819,2024년도 전기자동차 순창군 모델별 보조금,2024,순창군
승합(대형),우진산전,아폴로1100 양문형,6459,0,6459,2024년도 전기자동차 순창군 모델별 보조금,2024,순창군
승합(대형),우진산전,아폴로1100 V2.0,7000,0,7000,2024년도 전기자동차 순창군 모델별 보조금,2024,순창군
승합(대형),피라인모터스,HYPERS1609N,5796,0,5796,2024년도 전기자동차 순창군 모델별 보조금,2024,순창군
승합(대형),피라인모터스,HYPERS1611N,5440,0,5440,2024년도 전기자동차 순창군 모델별 보조금,2024,순창군
승합(대형),피라인모터스,HYPERS1609HN,5755,0,5755,2024년도 전기자동차 순창군 모델별 보조금,2024,순창군
승합(대형),피라인모터스,HYPERS1609N(25인승),5794,0,5794,2024년도 전기자동차 순창군 모델별 보조금,2024,순창군
승합(대형),피라인모터스,HYPERS1609HN(25인승),5755,0,5755,2024년도 전기자동차 순창군 모델별 보조금,2024,순창군
승합(대형),피라인모터스,HYPERS PRIME,7000,0,7000,2024년도 전기자동차 순창군 모델별 보조금,2024,순창군
승합(대형),피라인모터스,HYPERS1609P(접이식),7000,0,7000,2024년도 전기자동차 순창군 모델별 보조금,2024,순창군
승합(대형),피라인모터스,HYPERS1609P(힙레스트),7000,0,7000,2024년도 전기자동차 순창군 모델별 보조금,2024,순창군
승합(대형),피라인모터스,HYPERS1609P(25인승 접이식),7000,0,7000,2024년도 전기자동차 순창군 모델별 보조금,2024,순창군
승합(대형),피라인모터스,HYPERS1609P(25인승 힙레스트),7000,0,7000,2024년도 전기자동차 순창군 모델별 보조금,2024,순창군
승합(대형),피라인모터스,HYPERS1611P(접이식),7000,0,7000,2024년도 전기자동차 순창군 모델별 보조금,2024,순창군
승합(대형),피라인모터스,HYPERS1611P(힙레스트),7000,0,7000,2024년도 전기자동차 순창군 모델별 보조금,2024,순창군
승합(대형),피라인모터스,HYPERS HP,7000,0,7000,2024년도 전기자동차 순창군 모델별 보조금,2024,순창군
승합(대형),범한자동차,E-SKY11(350kWh),1980,0,1980,2024년도 전기자동차 순창군 모델별 보조금,2024,순창군
승합(대형),범한자동차,E-SKY9(281kWh),1980,0,1980,2024년도 전기자동차 순창군 모델별 보조금,2024,순창군
승합(대형),범한자동차,E-STAR8 V1,1719,0,1719,2024년도 전기자동차 순창군 모델별 보조금,2024,순창군
승합(대형),범한자동차,E-STAR11,1980,0,1980,2024년도 전기자동차 순창군 모델별 보조금,2024,순창군
승합(대형),범한자동차,E-STAR12i,2480,0,2480,2024년도 전기자동차 순창군 모델별 보조금,2024,순창군
승합(대형),에스에이피,아이즘(IZM),1440,0,1440,2024년도 전기자동차 순창군 모델별 보조금,2024,순창군
승합(대형),에스에이피,엘페(ELFE),1889,0,1889,2024년도 전기자동차 순창군 모델별 보조금,2024,순창군
승합(대형),에스에이피,리오네(LIONNE),1440,0,1440,2024년도 전기자동차 순창군 모델별 보조금,2024,순창군
승합(대형),에스에이피,네오포스(NEOFORCE),1440,0,1440,2024년도 전기자동차 순창군 모델별 보조금,2024,순창군
승합(대형),GS글로벌,NEW BYD eBus-12,2180,0,2180,2024년도 전기자동차 순창군 모델별 보조금,2024,순창군
승합(대형),GS글로벌,BYD eBus9,2310,0,2310,2024년도 전기자동차 순창군 모델별 보조금,2024,순창군
승합(대형),GS글로벌,BYD eBus11,3440,0,3440,2024년도 전기자동차 순창군 모델별 보조금,2024,순창군
승합(대형),티에스에코에너지,일레누스(TS1100-1),5771,0,5771,2024년도 전기자동차 순창군 모델별 보조금,2024,순창군
승합(대형),티에스에코에너지,일레누스(TS900-1),6914,0,6914,2024년도 전기자동차 순창군 모델별 보조금,2024,순창군
승합(대형),이온모터스,시티라이트Ⅱ,2290,0,2290,2024년도 전기자동차 순창군 모델별 보조금,2024,순창군
승합(대형),이온모터스,시티라이트9,2310,0,2310,2024년도 전기자동차 순창군 모델별 보조금,2024,순창군
승합(대형),한차,GREENWAY1100A,5950,0,5950,2024년도 전기자동차 순창군 모델별 보조금,2024,순창군
승합(대형),이엠코리아,에픽시티(LFP),2310,0,2310,2024년도 전기자동차 순창군 모델별 보조금,2024,순창군
승합(대형),이엠코리아,에픽타운(LFP),2101,0,2101,2024년도 전기자동차 순창군 모델별 보조금,2024,순창군
승합(대형),태영티엔티,GD11N,7000,0,7000,2024년도 전기자동차 순창군 모델별 보조금,2024,순창군
승합(대형),재일홀딩스,그린타운400,1539,0,1539,2024년도 전기자동차 순창군 모델별 보조금,2024,순창군
승합(대형),아이버스,아이버스어린이운송차,5950,0,5950,2024년도 전기자동차 순창군 모델별 보조금,2024,순창군
승합(중형),현대자동차,카운티 일렉트릭,3915,3915,7830,2024년도 전기자동차 고창군 모델별 보조금,2024,고창군
승합(중형),현대자동차,카운티 일렉트릭(마을버스),4000,4000,8000,2024년도 전기자동차 고창군 모델별 보조금,2024,고창군
승합(중형),이비온,"E6(JL618S), 어린이통학",1127,0,1127,2024년도 전기자동차 고창군 모델별 보조금,2024,고창군
승합(중형),GS글로벌,NEW BYD eBus-7,1007,0,1007,2024년도 전기자동차 고창군 모델별 보조금,2024,고창군
승합(중형),한차,GREENWAY720,4250,0,4250,2024년도 전기자동차 고창군 모델별 보조금,2024,고창군
승합(중형),테라팩토리,"테라밴키즈(2022), 어린이운송용14명",776,0,776,2024년도 전기자동차 고창군 모델별 보조금,2024,고창군
승합(중형),테라팩토리,"테라밴키즈11(2022), 어린이운송용11명",772,0,772,2024년도 전기자동차 고창군 모델별 보조금,2024,고창군
승합(중형),테라팩토리,테라밴,767,0,767,2024년도 전기자동차 고창군 모델별 보조금,2024,고창군
승합(중형),중원자동차,EV J1,1496,0,1496,2024년도 전기자동차 고창군 모델별 보조금,2024,고창군
승합(중형),쏠테로,트라베리-Y540E,1676,0,1676,2024년도 전기자동차 고창군 모델별 보조금,2024,고창군
승합(중형),쏠테로,트라베리-Y550E,1676,0,1676,2024년도 전기자동차 고창군 모델별 보조금,2024,고창군
승합(중형),쏠테로,트라베리-Y560E,1676,0,1676,2024년도 전기자동차 고창군 모델별 보조금,2024,고창군
승합(중형),리텍,e-CENTRO-K,2385,0,2385,2024년도 전기자동차 고창군 모델별 보조금,2024,고창군
승합(중형),에빅오토모티브코리아,세레온(어린이),5000,0,5000,2024년도 전기자동차 고창군 모델별 보조금,2024,고창군
승합(중형),에빅오토모티브코리아,세레온(마을),5000,0,5000,2024년도 전기자동차 고창군 모델별 보조금,2024,고창군
승합(대형),현대자동차,일렉시티 이층버스,11900,0,11900,2024년도 전기자동차 고창군 모델별 보조금,2024,고창군
승합(대형),현대자동차,일렉시티(3PACK),7000,0,7000,2024년도 전기자동차 고창군 모델별 보조금,2024,고창군
승합(대형),현대자동차,일렉시티(4PACK V1),7000,0,7000,2024년도 전기자동차 고창군 모델별 보조금,2024,고창군
승합(대형),현대자동차,일렉시티(4PACK V2),7000,0,7000,2024년도 전기자동차 고창군 모델별 보조금,2024,고창군
승합(대형),현대자동차,일렉시티 타운,6859,0,6859,2024년도 전기자동차 고창군 모델별 보조금,2024,고창군
승합(대형),케이지모빌리티커머셜,SMART 110(272kWh),3850,0,3850,2024년도 전기자동차 고창군 모델별 보조금,2024,고창군
승합(대형),케이지모빌리티커머셜,SMART 110E(347kWh),5950,0,5950,2024년도 전기자동차 고창군 모델별 보조금,2024,고창군
승합(대형),케이지모빌리티커머셜,SMART 110(260kWh),5724,0,5724,2024년도 전기자동차 고창군 모델별 보조금,2024,고창군
승합(대형),케이지모빌리티커머셜,SMART 110E(260kWh),5950,0,5950,2024년도 전기자동차 고창군 모델별 보조금,2024,고창군
승합(대형),케이지모빌리티커머셜,SMART 110(301kWh),7000,0,7000,2024년도 전기자동차 고창군 모델별 보조금,2024,고창군
승합(대형),케이지모빌리티커머셜,KG C090,6916,0,6916,2024년도 전기자동차 고창군 모델별 보조금,2024,고창군
승합(대형),우진산전,아폴로900전기버스,4719,0,4719,2024년도 전기자동차 고창군 모델별 보조금,2024,고창군
승합(대형),우진산전,아폴로1100전기버스 23MY,7000,0,7000,2024년도 전기자동차 고창군 모델별 보조금,2024,고창군
승합(대형),우진산전,아폴로1200-B43,7000,0,7000,2024년도 전기자동차 고창군 모델별 보조금,2024,고창군
승합(대형),우진산전,아폴로1200-S42,7000,0,7000,2024년도 전기자동차 고창군 모델별 보조금,2024,고창군
승합(대형),우진산전,아폴로1200-B42,7000,0,7000,2024년도 전기자동차 고창군 모델별 보조금,2024,고창군
승합(대형),우진산전,아폴로1200-B29,7000,0,7000,2024년도 전기자동차 고창군 모델별 보조금,2024,고창군
승합(대형),우진산전,아폴로1200-S29,7000,0,7000,2024년도 전기자동차 고창군 모델별 보조금,2024,고창군
승합(대형),우진산전,아폴로900 V2.0,6819,0,6819,2024년도 전기자동차 고창군 모델별 보조금,2024,고창군
승합(대형),우진산전,아폴로1100 양문형,6459,0,6459,2024년도 전기자동차 고창군 모델별 보조금,2024,고창군
승합(대형),우진산전,아폴로1100 V2.0,7000,0,7000,2024년도 전기자동차 고창군 모델별 보조금,2024,고창군
승합(대형),피라인모터스,HYPERS1609N,5796,0,5796,2024년도 전기자동차 고창군 모델별 보조금,2024,고창군
승합(대형),피라인모터스,HYPERS1611N,5440,0,5440,2024년도 전기자동차 고창군 모델별 보조금,2024,고창군
승합(대형),피라인모터스,HYPERS1609HN,5755,0,5755,2024년도 전기자동차 고창군 모델별 보조금,2024,고창군
승합(대형),피라인모터스,HYPERS1609N(25인승),5794,0,5794,2024년도 전기자동차 고창군 모델별 보조금,2024,고창군
승합(대형),피라인모터스,HYPERS1609HN(25인승),5755,0,5755,2024년도 전기자동차 고창군 모델별 보조금,2024,고창군
승합(대형),피라인모터스,HYPERS PRIME,7000,0,7000,2024년도 전기자동차 고창군 모델별 보조금,2024,고창군
승합(대형),피라인모터스,HYPERS1609P(접이식),7000,0,7000,2024년도 전기자동차 고창군 모델별 보조금,2024,고창군
승합(대형),피라인모터스,HYPERS1609P(힙레스트),7000,0,7000,2024년도 전기자동차 고창군 모델별 보조금,2024,고창군
승합(대형),피라인모터스,HYPERS1609P(25인승 접이식),7000,0,7000,2024년도 전기자동차 고창군 모델별 보조금,2024,고창군
승합(대형),피라인모터스,HYPERS1609P(25인승 힙레스트),7000,0,7000,2024년도 전기자동차 고창군 모델별 보조금,2024,고창군
승합(대형),피라인모터스,HYPERS1611P(접이식),7000,0,7000,2024년도 전기자동차 고창군 모델별 보조금,2024,고창군
승합(대형),피라인모터스,HYPERS1611P(힙레스트),7000,0,7000,2024년도 전기자동차 고창군 모델별 보조금,2024,고창군
승합(대형),피라인모터스,HYPERS HP,7000,0,7000,2024년도 전기자동차 고창군 모델별 보조금,2024,고창군
승합(대형),범한자동차,E-SKY11(350kWh),1980,0,1980,2024년도 전기자동차 고창군 모델별 보조금,2024,고창군
승합(대형),범한자동차,E-SKY9(281kWh),1980,0,1980,2024년도 전기자동차 고창군 모델별 보조금,2024,고창군
승합(대형),범한자동차,E-STAR8 V1,1719,0,1719,2024년도 전기자동차 고창군 모델별 보조금,2024,고창군
승합(대형),범한자동차,E-STAR11,1980,0,1980,2024년도 전기자동차 고창군 모델별 보조금,2024,고창군
승합(대형),범한자동차,E-STAR12i,2480,0,2480,2024년도 전기자동차 고창군 모델별 보조금,2024,고창군
승합(대형),에스에이피,아이즘(IZM),1440,0,1440,2024년도 전기자동차 고창군 모델별 보조금,2024,고창군
승합(대형),에스에이피,엘페(ELFE),1889,0,1889,2024년도 전기자동차 고창군 모델별 보조금,2024,고창군
승합(대형),에스에이피,리오네(LIONNE),1440,0,1440,2024년도 전기자동차 고창군 모델별 보조금,2024,고창군
승합(대형),에스에이피,네오포스(NEOFORCE),1440,0,1440,2024년도 전기자동차 고창군 모델별 보조금,2024,고창군
승합(대형),GS글로벌,NEW BYD eBus-12,2180,0,2180,2024년도 전기자동차 고창군 모델별 보조금,2024,고창군
승합(대형),GS글로벌,BYD eBus9,2310,0,2310,2024년도 전기자동차 고창군 모델별 보조금,2024,고창군
승합(대형),GS글로벌,BYD eBus11,3440,0,3440,2024년도 전기자동차 고창군 모델별 보조금,2024,고창군
승합(대형),티에스에코에너지,일레누스(TS1100-1),5771,0,5771,2024년도 전기자동차 고창군 모델별 보조금,2024,고창군
승합(대형),티에스에코에너지,일레누스(TS900-1),6914,0,6914,2024년도 전기자동차 고창군 모델별 보조금,2024,고창군
승합(대형),이온모터스,시티라이트Ⅱ,2290,0,2290,2024년도 전기자동차 고창군 모델별 보조금,2024,고창군
승합(대형),이온모터스,시티라이트9,2310,0,2310,2024년도 전기자동차 고창군 모델별 보조금,2024,고창군
승합(대형),한차,GREENWAY1100A,5950,0,5950,2024년도 전기자동차 고창군 모델별 보조금,2024,고창군
승합(대형),이엠코리아,에픽시티(LFP),2310,0,2310,2024년도 전기자동차 고창군 모델별 보조금,2024,고창군
승합(대형),이엠코리아,에픽타운(LFP),2101,0,2101,2024년도 전기자동차 고창군 모델별 보조금,2024,고창군
승합(대형),이엠코리아,에픽시티(NCM),7000,0,7000,2024년도 전기자동차 고창군 모델별 보조금,2024,고창군
승합(대형),이엠코리아,에픽타운(NCM),6439,0,6439,2024년도 전기자동차 고창군 모델별 보조금,2024,고창군
승합(대형),태영티엔티,GD11N,7000,0,7000,2024년도 전기자동차 고창군 모델별 보조금,2024,고창군
승합(대형),재일홀딩스,그린타운400,1539,0,1539,2024년도 전기자동차 고창군 모델별 보조금,2024,고창군
승합(대형),아이버스,아이버스어린이운송차,5950,5950,11900,2024년도 전기자동차 고창군 모델별 보조금,2024,고창군
모델별 지방비 자료가 없습니다.,모델별 지방비 자료가 없습니다.,모델별 지방비 자료가 없습니다.,모델별 지방비 자료가 없습니다.,모델별 지방비 자료가 없습니다.,모델별 지방비 자료가 없습니다.,2024년도 전기자동차 부안군 모델별 보조금,2024,부안군
승합(중형),현대자동차,카운티 일렉트릭,3915,0,3915,2024년도 전기자동차 목포시 모델별 보조금,2024,목포시
승합(중형),현대자동차,카운티 일렉트릭(마을버스),4000,0,4000,2024년도 전기자동차 목포시 모델별 보조금,2024,목포시
승합(중형),이비온,"E6(JL618S), 어린이통학",1127,0,1127,2024년도 전기자동차 목포시 모델별 보조금,2024,목포시
승합(중형),GS글로벌,NEW BYD eBus-7,1007,0,1007,2024년도 전기자동차 목포시 모델별 보조금,2024,목포시
승합(중형),한차,GREENWAY720,4250,0,4250,2024년도 전기자동차 목포시 모델별 보조금,2024,목포시
승합(중형),테라팩토리,"테라밴키즈(2022), 어린이운송용14명",776,0,776,2024년도 전기자동차 목포시 모델별 보조금,2024,목포시
승합(중형),테라팩토리,"테라밴키즈11(2022), 어린이운송용11명",772,0,772,2024년도 전기자동차 목포시 모델별 보조금,2024,목포시
승합(중형),테라팩토리,테라밴,767,0,767,2024년도 전기자동차 목포시 모델별 보조금,2024,목포시
승합(중형),중원자동차,EV J1,1496,0,1496,2024년도 전기자동차 목포시 모델별 보조금,2024,목포시
승합(중형),쏠테로,트라베리-Y540E,1676,0,1676,2024년도 전기자동차 목포시 모델별 보조금,2024,목포시
승합(중형),쏠테로,트라베리-Y550E,1676,0,1676,2024년도 전기자동차 목포시 모델별 보조금,2024,목포시
승합(중형),쏠테로,트라베리-Y560E,1676,0,1676,2024년도 전기자동차 목포시 모델별 보조금,2024,목포시
승합(중형),리텍,e-CENTRO-K,2385,0,2385,2024년도 전기자동차 목포시 모델별 보조금,2024,목포시
승합(중형),에빅오토모티브코리아,세레온(어린이),5000,0,5000,2024년도 전기자동차 목포시 모델별 보조금,2024,목포시
승합(중형),에빅오토모티브코리아,세레온(마을),5000,0,5000,2024년도 전기자동차 목포시 모델별 보조금,2024,목포시
승합(대형),현대자동차,일렉시티 이층버스,11900,0,11900,2024년도 전기자동차 목포시 모델별 보조금,2024,목포시
승합(대형),현대자동차,일렉시티(3PACK),7000,0,7000,2024년도 전기자동차 목포시 모델별 보조금,2024,목포시
승합(대형),현대자동차,일렉시티(4PACK V1),7000,0,7000,2024년도 전기자동차 목포시 모델별 보조금,2024,목포시
승합(대형),현대자동차,일렉시티(4PACK V2),7000,0,7000,2024년도 전기자동차 목포시 모델별 보조금,2024,목포시
승합(대형),현대자동차,일렉시티 타운,6859,0,6859,2024년도 전기자동차 목포시 모델별 보조금,2024,목포시
승합(대형),케이지모빌리티커머셜,SMART 110(272kWh),3850,0,3850,2024년도 전기자동차 목포시 모델별 보조금,2024,목포시
승합(대형),케이지모빌리티커머셜,SMART 110E(347kWh),5950,0,5950,2024년도 전기자동차 목포시 모델별 보조금,2024,목포시
승합(대형),케이지모빌리티커머셜,SMART 110(260kWh),5724,0,5724,2024년도 전기자동차 목포시 모델별 보조금,2024,목포시
승합(대형),케이지모빌리티커머셜,SMART 110E(260kWh),5950,0,5950,2024년도 전기자동차 목포시 모델별 보조금,2024,목포시
승합(대형),케이지모빌리티커머셜,SMART 110(301kWh),7000,0,7000,2024년도 전기자동차 목포시 모델별 보조금,2024,목포시
승합(대형),케이지모빌리티커머셜,KG C090,6916,0,6916,2024년도 전기자동차 목포시 모델별 보조금,2024,목포시
승합(대형),우진산전,아폴로900전기버스,4719,0,4719,2024년도 전기자동차 목포시 모델별 보조금,2024,목포시
승합(대형),우진산전,아폴로1100전기버스 23MY,7000,0,7000,2024년도 전기자동차 목포시 모델별 보조금,2024,목포시
승합(대형),우진산전,아폴로1200-B43,7000,0,7000,2024년도 전기자동차 목포시 모델별 보조금,2024,목포시
승합(대형),우진산전,아폴로1200-S42,7000,0,7000,2024년도 전기자동차 목포시 모델별 보조금,2024,목포시
승합(대형),우진산전,아폴로1200-B42,7000,0,7000,2024년도 전기자동차 목포시 모델별 보조금,2024,목포시
승합(대형),우진산전,아폴로1200-B29,7000,0,7000,2024년도 전기자동차 목포시 모델별 보조금,2024,목포시
승합(대형),우진산전,아폴로1200-S29,7000,0,7000,2024년도 전기자동차 목포시 모델별 보조금,2024,목포시
승합(대형),우진산전,아폴로900 V2.0,6819,0,6819,2024년도 전기자동차 목포시 모델별 보조금,2024,목포시
승합(대형),우진산전,아폴로1100 양문형,6459,0,6459,2024년도 전기자동차 목포시 모델별 보조금,2024,목포시
승합(대형),우진산전,아폴로1100 V2.0,7000,0,7000,2024년도 전기자동차 목포시 모델별 보조금,2024,목포시
승합(대형),피라인모터스,HYPERS1609N,5796,0,5796,2024년도 전기자동차 목포시 모델별 보조금,2024,목포시
승합(대형),피라인모터스,HYPERS1611N,5440,0,5440,2024년도 전기자동차 목포시 모델별 보조금,2024,목포시
승합(대형),피라인모터스,HYPERS1609HN,5755,0,5755,2024년도 전기자동차 목포시 모델별 보조금,2024,목포시
승합(대형),피라인모터스,HYPERS1609N(25인승),5794,0,5794,2024년도 전기자동차 목포시 모델별 보조금,2024,목포시
승합(대형),피라인모터스,HYPERS1609HN(25인승),5755,0,5755,2024년도 전기자동차 목포시 모델별 보조금,2024,목포시
승합(대형),피라인모터스,HYPERS PRIME,7000,0,7000,2024년도 전기자동차 목포시 모델별 보조금,2024,목포시
승합(대형),피라인모터스,HYPERS1609P(접이식),7000,0,7000,2024년도 전기자동차 목포시 모델별 보조금,2024,목포시
승합(대형),피라인모터스,HYPERS1609P(힙레스트),7000,0,7000,2024년도 전기자동차 목포시 모델별 보조금,2024,목포시
승합(대형),피라인모터스,HYPERS1609P(25인승 접이식),7000,0,7000,2024년도 전기자동차 목포시 모델별 보조금,2024,목포시
승합(대형),피라인모터스,HYPERS1609P(25인승 힙레스트),7000,0,7000,2024년도 전기자동차 목포시 모델별 보조금,2024,목포시
승합(대형),피라인모터스,HYPERS1611P(접이식),7000,0,7000,2024년도 전기자동차 목포시 모델별 보조금,2024,목포시
승합(대형),피라인모터스,HYPERS1611P(힙레스트),7000,0,7000,2024년도 전기자동차 목포시 모델별 보조금,2024,목포시
승합(대형),피라인모터스,HYPERS HP,7000,0,7000,2024년도 전기자동차 목포시 모델별 보조금,2024,목포시
승합(대형),범한자동차,E-SKY11(350kWh),1980,0,1980,2024년도 전기자동차 목포시 모델별 보조금,2024,목포시
승합(대형),범한자동차,E-SKY9(281kWh),1980,0,1980,2024년도 전기자동차 목포시 모델별 보조금,2024,목포시
승합(대형),범한자동차,E-STAR8 V1,1719,0,1719,2024년도 전기자동차 목포시 모델별 보조금,2024,목포시
승합(대형),범한자동차,E-STAR11,1980,0,1980,2024년도 전기자동차 목포시 모델별 보조금,2024,목포시
승합(대형),범한자동차,E-STAR12i,2480,0,2480,2024년도 전기자동차 목포시 모델별 보조금,2024,목포시
승합(대형),에스에이피,아이즘(IZM),1440,0,1440,2024년도 전기자동차 목포시 모델별 보조금,2024,목포시
승합(대형),에스에이피,엘페(ELFE),1889,0,1889,2024년도 전기자동차 목포시 모델별 보조금,2024,목포시
승합(대형),에스에이피,리오네(LIONNE),1440,0,1440,2024년도 전기자동차 목포시 모델별 보조금,2024,목포시
승합(대형),에스에이피,네오포스(NEOFORCE),1440,0,1440,2024년도 전기자동차 목포시 모델별 보조금,2024,목포시
승합(대형),GS글로벌,NEW BYD eBus-12,2180,0,2180,2024년도 전기자동차 목포시 모델별 보조금,2024,목포시
승합(대형),GS글로벌,BYD eBus9,2310,0,2310,2024년도 전기자동차 목포시 모델별 보조금,2024,목포시
승합(대형),GS글로벌,BYD eBus11,3440,0,3440,2024년도 전기자동차 목포시 모델별 보조금,2024,목포시
승합(대형),티에스에코에너지,일레누스(TS1100-1),5771,0,5771,2024년도 전기자동차 목포시 모델별 보조금,2024,목포시
승합(대형),티에스에코에너지,일레누스(TS900-1),6914,0,6914,2024년도 전기자동차 목포시 모델별 보조금,2024,목포시
승합(대형),이온모터스,시티라이트Ⅱ,2290,0,2290,2024년도 전기자동차 목포시 모델별 보조금,2024,목포시
승합(대형),이온모터스,시티라이트9,2310,0,2310,2024년도 전기자동차 목포시 모델별 보조금,2024,목포시
승합(대형),한차,GREENWAY1100A,5950,0,5950,2024년도 전기자동차 목포시 모델별 보조금,2024,목포시
승합(대형),이엠코리아,에픽시티(LFP),2310,0,2310,2024년도 전기자동차 목포시 모델별 보조금,2024,목포시
승합(대형),이엠코리아,에픽타운(LFP),2101,0,2101,2024년도 전기자동차 목포시 모델별 보조금,2024,목포시
승합(대형),이엠코리아,에픽시티(NCM),7000,0,7000,2024년도 전기자동차 목포시 모델별 보조금,2024,목포시
승합(대형),이엠코리아,에픽타운(NCM),6439,0,6439,2024년도 전기자동차 목포시 모델별 보조금,2024,목포시
승합(대형),태영티엔티,GD11N,7000,0,7000,2024년도 전기자동차 목포시 모델별 보조금,2024,목포시
승합(대형),재일홀딩스,그린타운400,1539,0,1539,2024년도 전기자동차 목포시 모델별 보조금,2024,목포시
승합(대형),아이버스,아이버스어린이운송차,5950,0,5950,2024년도 전기자동차 목포시 모델별 보조금,2024,목포시
승합(중형),현대자동차,카운티 일렉트릭,3915,2852,6767,2024년도 전기자동차 여수시 모델별 보조금,2024,여수시
승합(중형),현대자동차,카운티 일렉트릭(마을버스),4000,2914,6914,2024년도 전기자동차 여수시 모델별 보조금,2024,여수시
승합(중형),이비온,"E6(JL618S), 어린이통학",1127,821,1948,2024년도 전기자동차 여수시 모델별 보조금,2024,여수시
승합(중형),GS글로벌,NEW BYD eBus-7,1007,733,1740,2024년도 전기자동차 여수시 모델별 보조금,2024,여수시
승합(중형),한차,GREENWAY720,4250,3096,7346,2024년도 전기자동차 여수시 모델별 보조금,2024,여수시
승합(중형),테라팩토리,"테라밴키즈(2022), 어린이운송용14명",776,565,1341,2024년도 전기자동차 여수시 모델별 보조금,2024,여수시
승합(중형),테라팩토리,"테라밴키즈11(2022), 어린이운송용11명",772,562,1334,2024년도 전기자동차 여수시 모델별 보조금,2024,여수시
승합(중형),테라팩토리,테라밴,767,558,1325,2024년도 전기자동차 여수시 모델별 보조금,2024,여수시
승합(중형),중원자동차,EV J1,1496,1089,2585,2024년도 전기자동차 여수시 모델별 보조금,2024,여수시
승합(중형),쏠테로,트라베리-Y540E,1676,1221,2897,2024년도 전기자동차 여수시 모델별 보조금,2024,여수시
승합(중형),쏠테로,트라베리-Y550E,1676,1221,2897,2024년도 전기자동차 여수시 모델별 보조금,2024,여수시
승합(중형),쏠테로,트라베리-Y560E,1676,1221,2897,2024년도 전기자동차 여수시 모델별 보조금,2024,여수시
승합(중형),리텍,e-CENTRO-K,2385,1737,4122,2024년도 전기자동차 여수시 모델별 보조금,2024,여수시
승합(중형),에빅오토모티브코리아,세레온(어린이),5000,3642,8642,2024년도 전기자동차 여수시 모델별 보조금,2024,여수시
승합(중형),에빅오토모티브코리아,세레온(마을),5000,3642,8642,2024년도 전기자동차 여수시 모델별 보조금,2024,여수시
승합(대형),현대자동차,일렉시티 이층버스,11900,5100,17000,2024년도 전기자동차 여수시 모델별 보조금,2024,여수시
승합(대형),현대자동차,일렉시티(3PACK),7000,5100,12100,2024년도 전기자동차 여수시 모델별 보조금,2024,여수시
승합(대형),현대자동차,일렉시티(4PACK V1),7000,5100,12100,2024년도 전기자동차 여수시 모델별 보조금,2024,여수시
승합(대형),현대자동차,일렉시티(4PACK V2),7000,5100,12100,2024년도 전기자동차 여수시 모델별 보조금,2024,여수시
승합(대형),현대자동차,일렉시티 타운,6859,4997,11856,2024년도 전기자동차 여수시 모델별 보조금,2024,여수시
승합(대형),케이지모빌리티커머셜,SMART 110(272kWh),3850,2805,6655,2024년도 전기자동차 여수시 모델별 보조금,2024,여수시
승합(대형),케이지모빌리티커머셜,SMART 110E(347kWh),5950,4335,10285,2024년도 전기자동차 여수시 모델별 보조금,2024,여수시
승합(대형),케이지모빌리티커머셜,SMART 110(260kWh),5724,4170,9894,2024년도 전기자동차 여수시 모델별 보조금,2024,여수시
승합(대형),케이지모빌리티커머셜,SMART 110E(260kWh),5950,4335,10285,2024년도 전기자동차 여수시 모델별 보조금,2024,여수시
승합(대형),케이지모빌리티커머셜,SMART 110(301kWh),7000,5100,12100,2024년도 전기자동차 여수시 모델별 보조금,2024,여수시
승합(대형),케이지모빌리티커머셜,KG C090,6916,5038,11954,2024년도 전기자동차 여수시 모델별 보조금,2024,여수시
승합(대형),우진산전,아폴로900전기버스,4719,3438,8157,2024년도 전기자동차 여수시 모델별 보조금,2024,여수시
승합(대형),우진산전,아폴로1100전기버스 23MY,7000,5100,12100,2024년도 전기자동차 여수시 모델별 보조금,2024,여수시
승합(대형),우진산전,아폴로1200-B43,7000,5100,12100,2024년도 전기자동차 여수시 모델별 보조금,2024,여수시
승합(대형),우진산전,아폴로1200-S42,7000,5100,12100,2024년도 전기자동차 여수시 모델별 보조금,2024,여수시
승합(대형),우진산전,아폴로1200-B42,7000,5100,12100,2024년도 전기자동차 여수시 모델별 보조금,2024,여수시
승합(대형),우진산전,아폴로1200-B29,7000,5100,12100,2024년도 전기자동차 여수시 모델별 보조금,2024,여수시
승합(대형),우진산전,아폴로1200-S29,7000,5100,12100,2024년도 전기자동차 여수시 모델별 보조금,2024,여수시
승합(대형),우진산전,아폴로900 V2.0,6819,4968,11787,2024년도 전기자동차 여수시 모델별 보조금,2024,여수시
승합(대형),우진산전,아폴로1100 양문형,6459,4705,11164,2024년도 전기자동차 여수시 모델별 보조금,2024,여수시
승합(대형),우진산전,아폴로1100 V2.0,7000,5100,12100,2024년도 전기자동차 여수시 모델별 보조금,2024,여수시
승합(대형),피라인모터스,HYPERS1609N,5796,4222,10018,2024년도 전기자동차 여수시 모델별 보조금,2024,여수시
승합(대형),피라인모터스,HYPERS1611N,5440,3963,9403,2024년도 전기자동차 여수시 모델별 보조금,2024,여수시
승합(대형),피라인모터스,HYPERS1609HN,5755,4192,9947,2024년도 전기자동차 여수시 모델별 보조금,2024,여수시
승합(대형),피라인모터스,HYPERS1609N(25인승),5794,4221,10015,2024년도 전기자동차 여수시 모델별 보조금,2024,여수시
승합(대형),피라인모터스,HYPERS1609HN(25인승),5755,4192,9947,2024년도 전기자동차 여수시 모델별 보조금,2024,여수시
승합(대형),피라인모터스,HYPERS PRIME,7000,5100,12100,2024년도 전기자동차 여수시 모델별 보조금,2024,여수시
승합(대형),피라인모터스,HYPERS1609P(접이식),7000,5100,12100,2024년도 전기자동차 여수시 모델별 보조금,2024,여수시
승합(대형),피라인모터스,HYPERS1609P(힙레스트),7000,5100,12100,2024년도 전기자동차 여수시 모델별 보조금,2024,여수시
승합(대형),피라인모터스,HYPERS1609P(25인승 접이식),7000,5100,12100,2024년도 전기자동차 여수시 모델별 보조금,2024,여수시
승합(대형),피라인모터스,HYPERS1609P(25인승 힙레스트),7000,5100,12100,2024년도 전기자동차 여수시 모델별 보조금,2024,여수시
승합(대형),피라인모터스,HYPERS1611P(접이식),7000,5100,12100,2024년도 전기자동차 여수시 모델별 보조금,2024,여수시
승합(대형),피라인모터스,HYPERS1611P(힙레스트),7000,5100,12100,2024년도 전기자동차 여수시 모델별 보조금,2024,여수시
승합(대형),피라인모터스,HYPERS HP,7000,5100,12100,2024년도 전기자동차 여수시 모델별 보조금,2024,여수시
승합(대형),범한자동차,E-SKY11(350kWh),1980,1442,3422,2024년도 전기자동차 여수시 모델별 보조금,2024,여수시
승합(대형),범한자동차,E-SKY9(281kWh),1980,1442,3422,2024년도 전기자동차 여수시 모델별 보조금,2024,여수시
승합(대형),범한자동차,E-STAR8 V1,1719,1252,2971,2024년도 전기자동차 여수시 모델별 보조금,2024,여수시
승합(대형),범한자동차,E-STAR11,1980,1442,3422,2024년도 전기자동차 여수시 모델별 보조금,2024,여수시
승합(대형),범한자동차,E-STAR12i,2480,1806,4286,2024년도 전기자동차 여수시 모델별 보조금,2024,여수시
승합(대형),에스에이피,아이즘(IZM),1440,1049,2489,2024년도 전기자동차 여수시 모델별 보조금,2024,여수시
승합(대형),에스에이피,엘페(ELFE),1889,1376,3265,2024년도 전기자동차 여수시 모델별 보조금,2024,여수시
승합(대형),에스에이피,리오네(LIONNE),1440,1049,2489,2024년도 전기자동차 여수시 모델별 보조금,2024,여수시
승합(대형),에스에이피,네오포스(NEOFORCE),1440,1049,2489,2024년도 전기자동차 여수시 모델별 보조금,2024,여수시
승합(대형),GS글로벌,NEW BYD eBus-12,2180,1588,3768,2024년도 전기자동차 여수시 모델별 보조금,2024,여수시
승합(대형),GS글로벌,BYD eBus9,2310,1683,3993,2024년도 전기자동차 여수시 모델별 보조금,2024,여수시
승합(대형),GS글로벌,BYD eBus11,3440,2506,5946,2024년도 전기자동차 여수시 모델별 보조금,2024,여수시
승합(대형),티에스에코에너지,일레누스(TS1100-1),5771,4204,9975,2024년도 전기자동차 여수시 모델별 보조금,2024,여수시
승합(대형),티에스에코에너지,일레누스(TS900-1),6914,5037,11951,2024년도 전기자동차 여수시 모델별 보조금,2024,여수시
승합(대형),이온모터스,시티라이트Ⅱ,2290,1668,3958,2024년도 전기자동차 여수시 모델별 보조금,2024,여수시
승합(대형),이온모터스,시티라이트9,2310,1683,3993,2024년도 전기자동차 여수시 모델별 보조금,2024,여수시
승합(대형),한차,GREENWAY1100A,5950,4335,10285,2024년도 전기자동차 여수시 모델별 보조금,2024,여수시
승합(대형),이엠코리아,에픽시티(LFP),2310,1683,3993,2024년도 전기자동차 여수시 모델별 보조금,2024,여수시
승합(대형),이엠코리아,에픽타운(LFP),2101,1530,3631,2024년도 전기자동차 여수시 모델별 보조금,2024,여수시
승합(대형),이엠코리아,에픽시티(NCM),7000,5100,12100,2024년도 전기자동차 여수시 모델별 보조금,2024,여수시
승합(대형),이엠코리아,에픽타운(NCM),6439,4691,11130,2024년도 전기자동차 여수시 모델별 보조금,2024,여수시
승합(대형),태영티엔티,GD11N,7000,5100,12100,2024년도 전기자동차 여수시 모델별 보조금,2024,여수시
승합(대형),재일홀딩스,그린타운400,1539,1121,2660,2024년도 전기자동차 여수시 모델별 보조금,2024,여수시
승합(대형),아이버스,아이버스어린이운송차,5950,0,5950,2024년도 전기자동차 여수시 모델별 보조금,2024,여수시
승합(중형),현대자동차,카운티 일렉트릭,3915,2852,6767,2024년도 전기자동차 순천시 모델별 보조금,2024,순천시
승합(중형),현대자동차,카운티 일렉트릭(마을버스),4000,2914,6914,2024년도 전기자동차 순천시 모델별 보조금,2024,순천시
승합(중형),이비온,"E6(JL618S), 어린이통학",1127,821,1948,2024년도 전기자동차 순천시 모델별 보조금,2024,순천시
승합(중형),GS글로벌,NEW BYD eBus-7,1007,733,1740,2024년도 전기자동차 순천시 모델별 보조금,2024,순천시
승합(중형),한차,GREENWAY720,4250,3096,7346,2024년도 전기자동차 순천시 모델별 보조금,2024,순천시
승합(중형),테라팩토리,"테라밴키즈(2022), 어린이운송용14명",776,565,1341,2024년도 전기자동차 순천시 모델별 보조금,2024,순천시
승합(중형),테라팩토리,"테라밴키즈11(2022), 어린이운송용11명",772,562,1334,2024년도 전기자동차 순천시 모델별 보조금,2024,순천시
승합(중형),테라팩토리,테라밴,767,558,1325,2024년도 전기자동차 순천시 모델별 보조금,2024,순천시
승합(중형),중원자동차,EV J1,1496,1089,2585,2024년도 전기자동차 순천시 모델별 보조금,2024,순천시
승합(중형),쏠테로,트라베리-Y540E,1676,1221,2897,2024년도 전기자동차 순천시 모델별 보조금,2024,순천시
승합(중형),쏠테로,트라베리-Y550E,1676,1221,2897,2024년도 전기자동차 순천시 모델별 보조금,2024,순천시
승합(중형),쏠테로,트라베리-Y560E,1676,1221,2897,2024년도 전기자동차 순천시 모델별 보조금,2024,순천시
승합(대형),현대자동차,일렉시티 이층버스,11900,0,11900,2024년도 전기자동차 순천시 모델별 보조금,2024,순천시
승합(대형),현대자동차,일렉시티(3PACK),7000,0,7000,2024년도 전기자동차 순천시 모델별 보조금,2024,순천시
승합(대형),현대자동차,일렉시티(4PACK V1),7000,0,7000,2024년도 전기자동차 순천시 모델별 보조금,2024,순천시
승합(대형),현대자동차,일렉시티(4PACK V2),7000,0,7000,2024년도 전기자동차 순천시 모델별 보조금,2024,순천시
승합(대형),현대자동차,일렉시티 타운,6859,0,6859,2024년도 전기자동차 순천시 모델별 보조금,2024,순천시
승합(대형),케이지모빌리티커머셜,SMART 110(272kWh),3850,0,3850,2024년도 전기자동차 순천시 모델별 보조금,2024,순천시
승합(대형),케이지모빌리티커머셜,SMART 110E(347kWh),5950,0,5950,2024년도 전기자동차 순천시 모델별 보조금,2024,순천시
승합(대형),케이지모빌리티커머셜,SMART 110(260kWh),5724,4170,9894,2024년도 전기자동차 순천시 모델별 보조금,2024,순천시
승합(대형),케이지모빌리티커머셜,SMART 110E(260kWh),5950,0,5950,2024년도 전기자동차 순천시 모델별 보조금,2024,순천시
승합(대형),케이지모빌리티커머셜,SMART 110(301kWh),7000,5100,12100,2024년도 전기자동차 순천시 모델별 보조금,2024,순천시
승합(대형),우진산전,아폴로900전기버스,4719,0,4719,2024년도 전기자동차 순천시 모델별 보조금,2024,순천시
승합(대형),우진산전,아폴로1100전기버스 23MY,7000,0,7000,2024년도 전기자동차 순천시 모델별 보조금,2024,순천시
승합(대형),우진산전,아폴로1200-B43,7000,5100,12100,2024년도 전기자동차 순천시 모델별 보조금,2024,순천시
승합(대형),우진산전,아폴로1200-S42,7000,5100,12100,2024년도 전기자동차 순천시 모델별 보조금,2024,순천시
승합(대형),우진산전,아폴로1200-B42,7000,0,7000,2024년도 전기자동차 순천시 모델별 보조금,2024,순천시
승합(대형),우진산전,아폴로1200-B29,7000,0,7000,2024년도 전기자동차 순천시 모델별 보조금,2024,순천시
승합(대형),우진산전,아폴로1200-S29,7000,0,7000,2024년도 전기자동차 순천시 모델별 보조금,2024,순천시
승합(대형),피라인모터스,HYPERS1609N,5796,0,5796,2024년도 전기자동차 순천시 모델별 보조금,2024,순천시
승합(대형),피라인모터스,HYPERS1611N,5440,0,5440,2024년도 전기자동차 순천시 모델별 보조금,2024,순천시
승합(대형),피라인모터스,HYPERS1609HN,5755,0,5755,2024년도 전기자동차 순천시 모델별 보조금,2024,순천시
승합(대형),피라인모터스,HYPERS1609N(25인승),5794,0,5794,2024년도 전기자동차 순천시 모델별 보조금,2024,순천시
승합(대형),피라인모터스,HYPERS1609HN(25인승),5755,0,5755,2024년도 전기자동차 순천시 모델별 보조금,2024,순천시
승합(대형),피라인모터스,HYPERS PRIME,7000,0,7000,2024년도 전기자동차 순천시 모델별 보조금,2024,순천시
승합(대형),피라인모터스,HYPERS1609P(접이식),7000,0,7000,2024년도 전기자동차 순천시 모델별 보조금,2024,순천시
승합(대형),피라인모터스,HYPERS1609P(힙레스트),7000,0,7000,2024년도 전기자동차 순천시 모델별 보조금,2024,순천시
승합(대형),피라인모터스,HYPERS1609P(25인승 접이식),7000,0,7000,2024년도 전기자동차 순천시 모델별 보조금,2024,순천시
승합(대형),피라인모터스,HYPERS1609P(25인승 힙레스트),7000,0,7000,2024년도 전기자동차 순천시 모델별 보조금,2024,순천시
승합(대형),피라인모터스,HYPERS1611P(접이식),7000,0,7000,2024년도 전기자동차 순천시 모델별 보조금,2024,순천시
승합(대형),피라인모터스,HYPERS1611P(힙레스트),7000,0,7000,2024년도 전기자동차 순천시 모델별 보조금,2024,순천시
승합(대형),범한자동차,E-SKY11(350kWh),1980,0,1980,2024년도 전기자동차 순천시 모델별 보조금,2024,순천시
승합(대형),범한자동차,E-SKY9(281kWh),1980,0,1980,2024년도 전기자동차 순천시 모델별 보조금,2024,순천시
승합(대형),범한자동차,E-STAR8 V1,1719,0,1719,2024년도 전기자동차 순천시 모델별 보조금,2024,순천시
승합(대형),범한자동차,E-STAR11,1980,0,1980,2024년도 전기자동차 순천시 모델별 보조금,2024,순천시
승합(대형),범한자동차,E-STAR12i,2480,0,2480,2024년도 전기자동차 순천시 모델별 보조금,2024,순천시
승합(대형),에스에이피,아이즘(IZM),1440,0,1440,2024년도 전기자동차 순천시 모델별 보조금,2024,순천시
승합(대형),에스에이피,엘페(ELFE),1889,0,1889,2024년도 전기자동차 순천시 모델별 보조금,2024,순천시
승합(대형),에스에이피,리오네(LIONNE),1440,0,1440,2024년도 전기자동차 순천시 모델별 보조금,2024,순천시
승합(대형),에스에이피,네오포스(NEOFORCE),1440,0,1440,2024년도 전기자동차 순천시 모델별 보조금,2024,순천시
승합(대형),GS글로벌,NEW BYD eBus-12,2180,0,2180,2024년도 전기자동차 순천시 모델별 보조금,2024,순천시
승합(대형),GS글로벌,BYD eBus9,2310,0,2310,2024년도 전기자동차 순천시 모델별 보조금,2024,순천시
승합(대형),티에스에코에너지,일레누스(TS1100-1),5771,0,5771,2024년도 전기자동차 순천시 모델별 보조금,2024,순천시
승합(대형),티에스에코에너지,일레누스(TS900-1),6914,0,6914,2024년도 전기자동차 순천시 모델별 보조금,2024,순천시
승합(대형),이온모터스,시티라이트Ⅱ,2290,0,2290,2024년도 전기자동차 순천시 모델별 보조금,2024,순천시
승합(대형),이온모터스,시티라이트9,2310,0,2310,2024년도 전기자동차 순천시 모델별 보조금,2024,순천시
승합(대형),한차,GREENWAY1100A,5950,0,5950,2024년도 전기자동차 순천시 모델별 보조금,2024,순천시
승합(대형),이엠코리아,에픽시티(LFP),2310,0,2310,2024년도 전기자동차 순천시 모델별 보조금,2024,순천시
승합(대형),이엠코리아,에픽타운(LFP),2101,0,2101,2024년도 전기자동차 순천시 모델별 보조금,2024,순천시
승합(대형),재일홀딩스,그린타운400,1539,0,1539,2024년도 전기자동차 순천시 모델별 보조금,2024,순천시
승합(중형),현대자동차,카운티 일렉트릭,3915,0,3915,2024년도 전기자동차 나주시 모델별 보조금,2024,나주시
승합(중형),현대자동차,카운티 일렉트릭(마을버스),4000,0,4000,2024년도 전기자동차 나주시 모델별 보조금,2024,나주시
승합(중형),이비온,"E6(JL618S), 어린이통학",1127,0,1127,2024년도 전기자동차 나주시 모델별 보조금,2024,나주시
승합(중형),GS글로벌,NEW BYD eBus-7,1007,0,1007,2024년도 전기자동차 나주시 모델별 보조금,2024,나주시
승합(중형),한차,GREENWAY720,4250,0,4250,2024년도 전기자동차 나주시 모델별 보조금,2024,나주시
승합(중형),테라팩토리,"테라밴키즈(2022), 어린이운송용14명",776,0,776,2024년도 전기자동차 나주시 모델별 보조금,2024,나주시
승합(중형),테라팩토리,"테라밴키즈11(2022), 어린이운송용11명",772,0,772,2024년도 전기자동차 나주시 모델별 보조금,2024,나주시
승합(중형),테라팩토리,테라밴,767,0,767,2024년도 전기자동차 나주시 모델별 보조금,2024,나주시
승합(중형),중원자동차,EV J1,1496,0,1496,2024년도 전기자동차 나주시 모델별 보조금,2024,나주시
승합(중형),쏠테로,트라베리-Y540E,1676,0,1676,2024년도 전기자동차 나주시 모델별 보조금,2024,나주시
승합(중형),쏠테로,트라베리-Y550E,1676,0,1676,2024년도 전기자동차 나주시 모델별 보조금,2024,나주시
승합(중형),쏠테로,트라베리-Y560E,1676,0,1676,2024년도 전기자동차 나주시 모델별 보조금,2024,나주시
승합(중형),리텍,e-CENTRO-K,2385,0,2385,2024년도 전기자동차 나주시 모델별 보조금,2024,나주시
승합(중형),에빅오토모티브코리아,세레온(어린이),5000,0,5000,2024년도 전기자동차 나주시 모델별 보조금,2024,나주시
승합(중형),에빅오토모티브코리아,세레온(마을),5000,0,5000,2024년도 전기자동차 나주시 모델별 보조금,2024,나주시
승합(대형),현대자동차,일렉시티 이층버스,11900,0,11900,2024년도 전기자동차 나주시 모델별 보조금,2024,나주시
승합(대형),현대자동차,일렉시티(3PACK),7000,5100,12100,2024년도 전기자동차 나주시 모델별 보조금,2024,나주시
승합(대형),현대자동차,일렉시티(4PACK V1),7000,5100,12100,2024년도 전기자동차 나주시 모델별 보조금,2024,나주시
승합(대형),현대자동차,일렉시티(4PACK V2),7000,5100,12100,2024년도 전기자동차 나주시 모델별 보조금,2024,나주시
승합(대형),현대자동차,일렉시티 타운,6859,4997,11856,2024년도 전기자동차 나주시 모델별 보조금,2024,나주시
승합(대형),케이지모빌리티커머셜,SMART 110(272kWh),3850,2805,6655,2024년도 전기자동차 나주시 모델별 보조금,2024,나주시
승합(대형),케이지모빌리티커머셜,SMART 110E(347kWh),5950,4335,10285,2024년도 전기자동차 나주시 모델별 보조금,2024,나주시
승합(대형),케이지모빌리티커머셜,SMART 110(260kWh),5724,4170,9894,2024년도 전기자동차 나주시 모델별 보조금,2024,나주시
승합(대형),케이지모빌리티커머셜,SMART 110E(260kWh),5950,4335,10285,2024년도 전기자동차 나주시 모델별 보조금,2024,나주시
승합(대형),케이지모빌리티커머셜,SMART 110(301kWh),7000,5100,12100,2024년도 전기자동차 나주시 모델별 보조금,2024,나주시
승합(대형),케이지모빌리티커머셜,KG C090,6916,5038,11954,2024년도 전기자동차 나주시 모델별 보조금,2024,나주시
승합(대형),우진산전,아폴로900전기버스,4719,3438,8157,2024년도 전기자동차 나주시 모델별 보조금,2024,나주시
승합(대형),우진산전,아폴로1100전기버스 23MY,7000,5100,12100,2024년도 전기자동차 나주시 모델별 보조금,2024,나주시
승합(대형),우진산전,아폴로1200-B43,7000,5100,12100,2024년도 전기자동차 나주시 모델별 보조금,2024,나주시
승합(대형),우진산전,아폴로1200-S42,7000,5100,12100,2024년도 전기자동차 나주시 모델별 보조금,2024,나주시
승합(대형),우진산전,아폴로1200-B42,7000,5100,12100,2024년도 전기자동차 나주시 모델별 보조금,2024,나주시
승합(대형),우진산전,아폴로1200-B29,7000,5100,12100,2024년도 전기자동차 나주시 모델별 보조금,2024,나주시
승합(대형),우진산전,아폴로1200-S29,7000,5100,12100,2024년도 전기자동차 나주시 모델별 보조금,2024,나주시
승합(대형),우진산전,아폴로900 V2.0,6819,0,6819,2024년도 전기자동차 나주시 모델별 보조금,2024,나주시
승합(대형),우진산전,아폴로1100 양문형,6459,0,6459,2024년도 전기자동차 나주시 모델별 보조금,2024,나주시
승합(대형),우진산전,아폴로1100 V2.0,7000,0,7000,2024년도 전기자동차 나주시 모델별 보조금,2024,나주시
승합(대형),피라인모터스,HYPERS1609N,5796,4223,10019,2024년도 전기자동차 나주시 모델별 보조금,2024,나주시
승합(대형),피라인모터스,HYPERS1611N,5440,3963,9403,2024년도 전기자동차 나주시 모델별 보조금,2024,나주시
승합(대형),피라인모터스,HYPERS1609HN,5755,4193,9948,2024년도 전기자동차 나주시 모델별 보조금,2024,나주시
승합(대형),피라인모터스,HYPERS1609N(25인승),5794,4221,10015,2024년도 전기자동차 나주시 모델별 보조금,2024,나주시
승합(대형),피라인모터스,HYPERS1609HN(25인승),5755,4193,9948,2024년도 전기자동차 나주시 모델별 보조금,2024,나주시
승합(대형),피라인모터스,HYPERS PRIME,7000,5100,12100,2024년도 전기자동차 나주시 모델별 보조금,2024,나주시
승합(대형),피라인모터스,HYPERS1609P(접이식),7000,5100,12100,2024년도 전기자동차 나주시 모델별 보조금,2024,나주시
승합(대형),피라인모터스,HYPERS1609P(힙레스트),7000,5100,12100,2024년도 전기자동차 나주시 모델별 보조금,2024,나주시
승합(대형),피라인모터스,HYPERS1609P(25인승 접이식),7000,5100,12100,2024년도 전기자동차 나주시 모델별 보조금,2024,나주시
승합(대형),피라인모터스,HYPERS1609P(25인승 힙레스트),7000,5100,12100,2024년도 전기자동차 나주시 모델별 보조금,2024,나주시
승합(대형),피라인모터스,HYPERS1611P(접이식),7000,5100,12100,2024년도 전기자동차 나주시 모델별 보조금,2024,나주시
승합(대형),피라인모터스,HYPERS1611P(힙레스트),7000,5100,12100,2024년도 전기자동차 나주시 모델별 보조금,2024,나주시
승합(대형),피라인모터스,HYPERS HP,7000,0,7000,2024년도 전기자동차 나주시 모델별 보조금,2024,나주시
승합(대형),범한자동차,E-SKY11(350kWh),1980,1443,3423,2024년도 전기자동차 나주시 모델별 보조금,2024,나주시
승합(대형),범한자동차,E-SKY9(281kWh),1980,1443,3423,2024년도 전기자동차 나주시 모델별 보조금,2024,나주시
승합(대형),범한자동차,E-STAR8 V1,1719,1252,2971,2024년도 전기자동차 나주시 모델별 보조금,2024,나주시
승합(대형),범한자동차,E-STAR11,1980,1443,3423,2024년도 전기자동차 나주시 모델별 보조금,2024,나주시
승합(대형),범한자동차,E-STAR12i,2480,1807,4287,2024년도 전기자동차 나주시 모델별 보조금,2024,나주시
승합(대형),에스에이피,아이즘(IZM),1440,1049,2489,2024년도 전기자동차 나주시 모델별 보조금,2024,나주시
승합(대형),에스에이피,엘페(ELFE),1889,1376,3265,2024년도 전기자동차 나주시 모델별 보조금,2024,나주시
승합(대형),에스에이피,리오네(LIONNE),1440,1049,2489,2024년도 전기자동차 나주시 모델별 보조금,2024,나주시
승합(대형),에스에이피,네오포스(NEOFORCE),1440,1049,2489,2024년도 전기자동차 나주시 모델별 보조금,2024,나주시
승합(대형),GS글로벌,NEW BYD eBus-12,2180,1588,3768,2024년도 전기자동차 나주시 모델별 보조금,2024,나주시
승합(대형),GS글로벌,BYD eBus9,2310,1683,3993,2024년도 전기자동차 나주시 모델별 보조금,2024,나주시
승합(대형),GS글로벌,BYD eBus11,3440,0,3440,2024년도 전기자동차 나주시 모델별 보조금,2024,나주시
승합(대형),티에스에코에너지,일레누스(TS1100-1),5771,4205,9976,2024년도 전기자동차 나주시 모델별 보조금,2024,나주시
승합(대형),티에스에코에너지,일레누스(TS900-1),6914,5037,11951,2024년도 전기자동차 나주시 모델별 보조금,2024,나주시
승합(대형),이온모터스,시티라이트Ⅱ,2290,1668,3958,2024년도 전기자동차 나주시 모델별 보조금,2024,나주시
승합(대형),이온모터스,시티라이트9,2310,1683,3993,2024년도 전기자동차 나주시 모델별 보조금,2024,나주시
승합(대형),한차,GREENWAY1100A,5950,4335,10285,2024년도 전기자동차 나주시 모델별 보조금,2024,나주시
승합(대형),이엠코리아,에픽시티(LFP),2310,0,2310,2024년도 전기자동차 나주시 모델별 보조금,2024,나주시
승합(대형),이엠코리아,에픽타운(LFP),2101,0,2101,2024년도 전기자동차 나주시 모델별 보조금,2024,나주시
승합(대형),이엠코리아,에픽시티(NCM),7000,0,7000,2024년도 전기자동차 나주시 모델별 보조금,2024,나주시
승합(대형),이엠코리아,에픽타운(NCM),6439,0,6439,2024년도 전기자동차 나주시 모델별 보조금,2024,나주시
승합(대형),태영티엔티,GD11N,7000,0,7000,2024년도 전기자동차 나주시 모델별 보조금,2024,나주시
승합(대형),재일홀딩스,그린타운400,1539,1121,2660,2024년도 전기자동차 나주시 모델별 보조금,2024,나주시
승합(대형),아이버스,아이버스어린이운송차,5950,0,5950,2024년도 전기자동차 나주시 모델별 보조금,2024,나주시
승합(중형),현대자동차,카운티 일렉트릭,3915,2851,6766,2024년도 전기자동차 광양시 모델별 보조금,2024,광양시
승합(중형),현대자동차,카운티 일렉트릭(마을버스),4000,2913,6913,2024년도 전기자동차 광양시 모델별 보조금,2024,광양시
승합(중형),이비온,"E6(JL618S), 어린이통학",1127,0,1127,2024년도 전기자동차 광양시 모델별 보조금,2024,광양시
승합(중형),GS글로벌,NEW BYD eBus-7,1007,0,1007,2024년도 전기자동차 광양시 모델별 보조금,2024,광양시
승합(중형),한차,GREENWAY720,4250,0,4250,2024년도 전기자동차 광양시 모델별 보조금,2024,광양시
승합(중형),테라팩토리,"테라밴키즈(2022), 어린이운송용14명",776,0,776,2024년도 전기자동차 광양시 모델별 보조금,2024,광양시
승합(중형),테라팩토리,"테라밴키즈11(2022), 어린이운송용11명",772,0,772,2024년도 전기자동차 광양시 모델별 보조금,2024,광양시
승합(중형),테라팩토리,테라밴,767,0,767,2024년도 전기자동차 광양시 모델별 보조금,2024,광양시
승합(중형),중원자동차,EV J1,1496,0,1496,2024년도 전기자동차 광양시 모델별 보조금,2024,광양시
승합(중형),쏠테로,트라베리-Y540E,1676,0,1676,2024년도 전기자동차 광양시 모델별 보조금,2024,광양시
승합(중형),쏠테로,트라베리-Y550E,1676,0,1676,2024년도 전기자동차 광양시 모델별 보조금,2024,광양시
승합(중형),쏠테로,트라베리-Y560E,1676,0,1676,2024년도 전기자동차 광양시 모델별 보조금,2024,광양시
승합(중형),리텍,e-CENTRO-K,2385,0,2385,2024년도 전기자동차 광양시 모델별 보조금,2024,광양시
승합(중형),에빅오토모티브코리아,세레온(어린이),5000,0,5000,2024년도 전기자동차 광양시 모델별 보조금,2024,광양시
승합(중형),에빅오토모티브코리아,세레온(마을),5000,0,5000,2024년도 전기자동차 광양시 모델별 보조금,2024,광양시
승합(대형),현대자동차,일렉시티 이층버스,11900,0,11900,2024년도 전기자동차 광양시 모델별 보조금,2024,광양시
승합(대형),현대자동차,일렉시티(3PACK),7000,5100,12100,2024년도 전기자동차 광양시 모델별 보조금,2024,광양시
승합(대형),현대자동차,일렉시티(4PACK V1),7000,5100,12100,2024년도 전기자동차 광양시 모델별 보조금,2024,광양시
승합(대형),현대자동차,일렉시티(4PACK V2),7000,5100,12100,2024년도 전기자동차 광양시 모델별 보조금,2024,광양시
승합(대형),현대자동차,일렉시티 타운,6859,4997,11856,2024년도 전기자동차 광양시 모델별 보조금,2024,광양시
승합(대형),케이지모빌리티커머셜,SMART 110(272kWh),3850,0,3850,2024년도 전기자동차 광양시 모델별 보조금,2024,광양시
승합(대형),케이지모빌리티커머셜,SMART 110E(347kWh),5950,0,5950,2024년도 전기자동차 광양시 모델별 보조금,2024,광양시
승합(대형),케이지모빌리티커머셜,SMART 110(260kWh),5724,0,5724,2024년도 전기자동차 광양시 모델별 보조금,2024,광양시
승합(대형),케이지모빌리티커머셜,SMART 110E(260kWh),5950,0,5950,2024년도 전기자동차 광양시 모델별 보조금,2024,광양시
승합(대형),케이지모빌리티커머셜,SMART 110(301kWh),7000,0,7000,2024년도 전기자동차 광양시 모델별 보조금,2024,광양시
승합(대형),케이지모빌리티커머셜,KG C090,6916,0,6916,2024년도 전기자동차 광양시 모델별 보조금,2024,광양시
승합(대형),우진산전,아폴로900전기버스,4719,0,4719,2024년도 전기자동차 광양시 모델별 보조금,2024,광양시
승합(대형),우진산전,아폴로1100전기버스 23MY,7000,5100,12100,2024년도 전기자동차 광양시 모델별 보조금,2024,광양시
승합(대형),우진산전,아폴로1200-B43,7000,0,7000,2024년도 전기자동차 광양시 모델별 보조금,2024,광양시
승합(대형),우진산전,아폴로1200-S42,7000,0,7000,2024년도 전기자동차 광양시 모델별 보조금,2024,광양시
승합(대형),우진산전,아폴로1200-B42,7000,0,7000,2024년도 전기자동차 광양시 모델별 보조금,2024,광양시
승합(대형),우진산전,아폴로1200-B29,7000,0,7000,2024년도 전기자동차 광양시 모델별 보조금,2024,광양시
승합(대형),우진산전,아폴로1200-S29,7000,0,7000,2024년도 전기자동차 광양시 모델별 보조금,2024,광양시
승합(대형),우진산전,아폴로900 V2.0,6819,4968,11787,2024년도 전기자동차 광양시 모델별 보조금,2024,광양시
승합(대형),우진산전,아폴로1100 양문형,6459,0,6459,2024년도 전기자동차 광양시 모델별 보조금,2024,광양시
승합(대형),우진산전,아폴로1100 V2.0,7000,5100,12100,2024년도 전기자동차 광양시 모델별 보조금,2024,광양시
승합(대형),피라인모터스,HYPERS1609N,5796,0,5796,2024년도 전기자동차 광양시 모델별 보조금,2024,광양시
승합(대형),피라인모터스,HYPERS1611N,5440,0,5440,2024년도 전기자동차 광양시 모델별 보조금,2024,광양시
승합(대형),피라인모터스,HYPERS1609HN,5755,0,5755,2024년도 전기자동차 광양시 모델별 보조금,2024,광양시
승합(대형),피라인모터스,HYPERS1609N(25인승),5794,0,5794,2024년도 전기자동차 광양시 모델별 보조금,2024,광양시
승합(대형),피라인모터스,HYPERS1609HN(25인승),5755,0,5755,2024년도 전기자동차 광양시 모델별 보조금,2024,광양시
승합(대형),피라인모터스,HYPERS PRIME,7000,0,7000,2024년도 전기자동차 광양시 모델별 보조금,2024,광양시
승합(대형),피라인모터스,HYPERS1609P(접이식),7000,0,7000,2024년도 전기자동차 광양시 모델별 보조금,2024,광양시
승합(대형),피라인모터스,HYPERS1609P(힙레스트),7000,0,7000,2024년도 전기자동차 광양시 모델별 보조금,2024,광양시
승합(대형),피라인모터스,HYPERS1609P(25인승 접이식),7000,0,7000,2024년도 전기자동차 광양시 모델별 보조금,2024,광양시
승합(대형),피라인모터스,HYPERS1609P(25인승 힙레스트),7000,0,7000,2024년도 전기자동차 광양시 모델별 보조금,2024,광양시
승합(대형),피라인모터스,HYPERS1611P(접이식),7000,0,7000,2024년도 전기자동차 광양시 모델별 보조금,2024,광양시
승합(대형),피라인모터스,HYPERS1611P(힙레스트),7000,0,7000,2024년도 전기자동차 광양시 모델별 보조금,2024,광양시
승합(대형),피라인모터스,HYPERS HP,7000,0,7000,2024년도 전기자동차 광양시 모델별 보조금,2024,광양시
승합(대형),범한자동차,E-SKY11(350kWh),1980,0,1980,2024년도 전기자동차 광양시 모델별 보조금,2024,광양시
승합(대형),범한자동차,E-SKY9(281kWh),1980,0,1980,2024년도 전기자동차 광양시 모델별 보조금,2024,광양시
승합(대형),범한자동차,E-STAR8 V1,1719,0,1719,2024년도 전기자동차 광양시 모델별 보조금,2024,광양시
승합(대형),범한자동차,E-STAR11,1980,0,1980,2024년도 전기자동차 광양시 모델별 보조금,2024,광양시
승합(대형),범한자동차,E-STAR12i,2480,0,2480,2024년도 전기자동차 광양시 모델별 보조금,2024,광양시
승합(대형),에스에이피,아이즘(IZM),1440,0,1440,2024년도 전기자동차 광양시 모델별 보조금,2024,광양시
승합(대형),에스에이피,엘페(ELFE),1889,0,1889,2024년도 전기자동차 광양시 모델별 보조금,2024,광양시
승합(대형),에스에이피,리오네(LIONNE),1440,0,1440,2024년도 전기자동차 광양시 모델별 보조금,2024,광양시
승합(대형),에스에이피,네오포스(NEOFORCE),1440,0,1440,2024년도 전기자동차 광양시 모델별 보조금,2024,광양시
승합(대형),GS글로벌,NEW BYD eBus-12,2180,0,2180,2024년도 전기자동차 광양시 모델별 보조금,2024,광양시
승합(대형),GS글로벌,BYD eBus9,2310,0,2310,2024년도 전기자동차 광양시 모델별 보조금,2024,광양시
승합(대형),GS글로벌,BYD eBus11,3440,0,3440,2024년도 전기자동차 광양시 모델별 보조금,2024,광양시
승합(대형),티에스에코에너지,일레누스(TS1100-1),5771,0,5771,2024년도 전기자동차 광양시 모델별 보조금,2024,광양시
승합(대형),티에스에코에너지,일레누스(TS900-1),6914,0,6914,2024년도 전기자동차 광양시 모델별 보조금,2024,광양시
승합(대형),이온모터스,시티라이트Ⅱ,2290,0,2290,2024년도 전기자동차 광양시 모델별 보조금,2024,광양시
승합(대형),이온모터스,시티라이트9,2310,0,2310,2024년도 전기자동차 광양시 모델별 보조금,2024,광양시
승합(대형),한차,GREENWAY1100A,5950,0,5950,2024년도 전기자동차 광양시 모델별 보조금,2024,광양시
승합(대형),이엠코리아,에픽시티(LFP),2310,0,2310,2024년도 전기자동차 광양시 모델별 보조금,2024,광양시
승합(대형),이엠코리아,에픽타운(LFP),2101,0,2101,2024년도 전기자동차 광양시 모델별 보조금,2024,광양시
승합(대형),이엠코리아,에픽시티(NCM),7000,0,7000,2024년도 전기자동차 광양시 모델별 보조금,2024,광양시
승합(대형),이엠코리아,에픽타운(NCM),6439,0,6439,2024년도 전기자동차 광양시 모델별 보조금,2024,광양시
승합(대형),태영티엔티,GD11N,7000,0,7000,2024년도 전기자동차 광양시 모델별 보조금,2024,광양시
승합(대형),재일홀딩스,그린타운400,1539,0,1539,2024년도 전기자동차 광양시 모델별 보조금,2024,광양시
승합(대형),아이버스,아이버스어린이운송차,5950,0,5950,2024년도 전기자동차 광양시 모델별 보조금,2024,광양시
모델별 지방비 자료가 없습니다.,모델별 지방비 자료가 없습니다.,모델별 지방비 자료가 없습니다.,모델별 지방비 자료가 없습니다.,모델별 지방비 자료가 없습니다.,모델별 지방비 자료가 없습니다.,2024년도 전기자동차 담양군 모델별 보조금,2024,담양군
승합(중형),현대자동차,카운티 일렉트릭,3915,2851,6766,2024년도 전기자동차 곡성군 모델별 보조금,2024,곡성군
승합(중형),현대자동차,카운티 일렉트릭(마을버스),4000,2913,6913,2024년도 전기자동차 곡성군 모델별 보조금,2024,곡성군
승합(중형),이비온,"E6(JL618S), 어린이통학",1127,820,1947,2024년도 전기자동차 곡성군 모델별 보조금,2024,곡성군
승합(중형),GS글로벌,NEW BYD eBus-7,1007,733,1740,2024년도 전기자동차 곡성군 모델별 보조금,2024,곡성군
승합(중형),한차,GREENWAY720,4250,3095,7345,2024년도 전기자동차 곡성군 모델별 보조금,2024,곡성군
승합(중형),테라팩토리,"테라밴키즈(2022), 어린이운송용14명",776,565,1341,2024년도 전기자동차 곡성군 모델별 보조금,2024,곡성군
승합(중형),테라팩토리,"테라밴키즈11(2022), 어린이운송용11명",772,562,1334,2024년도 전기자동차 곡성군 모델별 보조금,2024,곡성군
승합(중형),테라팩토리,테라밴,767,558,1325,2024년도 전기자동차 곡성군 모델별 보조금,2024,곡성군
승합(중형),중원자동차,EV J1,1496,1089,2585,2024년도 전기자동차 곡성군 모델별 보조금,2024,곡성군
승합(중형),쏠테로,트라베리-Y540E,1676,0,1676,2024년도 전기자동차 곡성군 모델별 보조금,2024,곡성군
승합(중형),쏠테로,트라베리-Y550E,1676,0,1676,2024년도 전기자동차 곡성군 모델별 보조금,2024,곡성군
승합(중형),쏠테로,트라베리-Y560E,1676,0,1676,2024년도 전기자동차 곡성군 모델별 보조금,2024,곡성군
승합(중형),리텍,e-CENTRO-K,2385,0,2385,2024년도 전기자동차 곡성군 모델별 보조금,2024,곡성군
승합(중형),에빅오토모티브코리아,세레온(어린이),5000,0,5000,2024년도 전기자동차 곡성군 모델별 보조금,2024,곡성군
승합(중형),에빅오토모티브코리아,세레온(마을),5000,0,5000,2024년도 전기자동차 곡성군 모델별 보조금,2024,곡성군
승합(대형),현대자동차,일렉시티 이층버스,11900,5100,17000,2024년도 전기자동차 곡성군 모델별 보조금,2024,곡성군
승합(대형),현대자동차,일렉시티(3PACK),7000,5100,12100,2024년도 전기자동차 곡성군 모델별 보조금,2024,곡성군
승합(대형),현대자동차,일렉시티(4PACK V1),7000,5100,12100,2024년도 전기자동차 곡성군 모델별 보조금,2024,곡성군
승합(대형),현대자동차,일렉시티(4PACK V2),7000,5100,12100,2024년도 전기자동차 곡성군 모델별 보조금,2024,곡성군
승합(대형),현대자동차,일렉시티 타운,6859,0,6859,2024년도 전기자동차 곡성군 모델별 보조금,2024,곡성군
승합(대형),케이지모빌리티커머셜,SMART 110(272kWh),3850,0,3850,2024년도 전기자동차 곡성군 모델별 보조금,2024,곡성군
승합(대형),케이지모빌리티커머셜,SMART 110E(347kWh),5950,0,5950,2024년도 전기자동차 곡성군 모델별 보조금,2024,곡성군
승합(대형),케이지모빌리티커머셜,SMART 110(260kWh),5724,4170,9894,2024년도 전기자동차 곡성군 모델별 보조금,2024,곡성군
승합(대형),케이지모빌리티커머셜,SMART 110E(260kWh),5950,0,5950,2024년도 전기자동차 곡성군 모델별 보조금,2024,곡성군
승합(대형),케이지모빌리티커머셜,SMART 110(301kWh),7000,5100,12100,2024년도 전기자동차 곡성군 모델별 보조금,2024,곡성군
승합(대형),케이지모빌리티커머셜,KG C090,6916,5038,11954,2024년도 전기자동차 곡성군 모델별 보조금,2024,곡성군
승합(대형),우진산전,아폴로900전기버스,4719,0,4719,2024년도 전기자동차 곡성군 모델별 보조금,2024,곡성군
승합(대형),우진산전,아폴로1100전기버스 23MY,7000,0,7000,2024년도 전기자동차 곡성군 모델별 보조금,2024,곡성군
승합(대형),우진산전,아폴로1200-B43,7000,5100,12100,2024년도 전기자동차 곡성군 모델별 보조금,2024,곡성군
승합(대형),우진산전,아폴로1200-S42,7000,5100,12100,2024년도 전기자동차 곡성군 모델별 보조금,2024,곡성군
승합(대형),우진산전,아폴로1200-B42,7000,5100,12100,2024년도 전기자동차 곡성군 모델별 보조금,2024,곡성군
승합(대형),우진산전,아폴로1200-B29,7000,5100,12100,2024년도 전기자동차 곡성군 모델별 보조금,2024,곡성군
승합(대형),우진산전,아폴로1200-S29,7000,5100,12100,2024년도 전기자동차 곡성군 모델별 보조금,2024,곡성군
승합(대형),우진산전,아폴로900 V2.0,6819,0,6819,2024년도 전기자동차 곡성군 모델별 보조금,2024,곡성군
승합(대형),우진산전,아폴로1100 양문형,6459,0,6459,2024년도 전기자동차 곡성군 모델별 보조금,2024,곡성군
승합(대형),우진산전,아폴로1100 V2.0,7000,0,7000,2024년도 전기자동차 곡성군 모델별 보조금,2024,곡성군
승합(대형),피라인모터스,HYPERS1609N,5796,0,5796,2024년도 전기자동차 곡성군 모델별 보조금,2024,곡성군
승합(대형),피라인모터스,HYPERS1611N,5440,0,5440,2024년도 전기자동차 곡성군 모델별 보조금,2024,곡성군
승합(대형),피라인모터스,HYPERS1609HN,5755,0,5755,2024년도 전기자동차 곡성군 모델별 보조금,2024,곡성군
승합(대형),피라인모터스,HYPERS1609N(25인승),5794,0,5794,2024년도 전기자동차 곡성군 모델별 보조금,2024,곡성군
승합(대형),피라인모터스,HYPERS1609HN(25인승),5755,0,5755,2024년도 전기자동차 곡성군 모델별 보조금,2024,곡성군
승합(대형),피라인모터스,HYPERS PRIME,7000,5100,12100,2024년도 전기자동차 곡성군 모델별 보조금,2024,곡성군
승합(대형),피라인모터스,HYPERS1609P(접이식),7000,5100,12100,2024년도 전기자동차 곡성군 모델별 보조금,2024,곡성군
승합(대형),피라인모터스,HYPERS1609P(힙레스트),7000,5100,12100,2024년도 전기자동차 곡성군 모델별 보조금,2024,곡성군
승합(대형),피라인모터스,HYPERS1609P(25인승 접이식),7000,5100,12100,2024년도 전기자동차 곡성군 모델별 보조금,2024,곡성군
승합(대형),피라인모터스,HYPERS1609P(25인승 힙레스트),7000,5100,12100,2024년도 전기자동차 곡성군 모델별 보조금,2024,곡성군
승합(대형),피라인모터스,HYPERS1611P(접이식),7000,5100,12100,2024년도 전기자동차 곡성군 모델별 보조금,2024,곡성군
승합(대형),피라인모터스,HYPERS1611P(힙레스트),7000,5100,12100,2024년도 전기자동차 곡성군 모델별 보조금,2024,곡성군
승합(대형),피라인모터스,HYPERS HP,7000,5100,12100,2024년도 전기자동차 곡성군 모델별 보조금,2024,곡성군
승합(대형),범한자동차,E-SKY11(350kWh),1980,0,1980,2024년도 전기자동차 곡성군 모델별 보조금,2024,곡성군
승합(대형),범한자동차,E-SKY9(281kWh),1980,0,1980,2024년도 전기자동차 곡성군 모델별 보조금,2024,곡성군
승합(대형),범한자동차,E-STAR8 V1,1719,0,1719,2024년도 전기자동차 곡성군 모델별 보조금,2024,곡성군
승합(대형),범한자동차,E-STAR11,1980,0,1980,2024년도 전기자동차 곡성군 모델별 보조금,2024,곡성군
승합(대형),범한자동차,E-STAR12i,2480,0,2480,2024년도 전기자동차 곡성군 모델별 보조금,2024,곡성군
승합(대형),에스에이피,아이즘(IZM),1440,0,1440,2024년도 전기자동차 곡성군 모델별 보조금,2024,곡성군
승합(대형),에스에이피,엘페(ELFE),1889,0,1889,2024년도 전기자동차 곡성군 모델별 보조금,2024,곡성군
승합(대형),에스에이피,리오네(LIONNE),1440,0,1440,2024년도 전기자동차 곡성군 모델별 보조금,2024,곡성군
승합(대형),에스에이피,네오포스(NEOFORCE),1440,0,1440,2024년도 전기자동차 곡성군 모델별 보조금,2024,곡성군
승합(대형),GS글로벌,NEW BYD eBus-12,2180,1588,3768,2024년도 전기자동차 곡성군 모델별 보조금,2024,곡성군
승합(대형),GS글로벌,BYD eBus9,2310,1683,3993,2024년도 전기자동차 곡성군 모델별 보조금,2024,곡성군
승합(대형),GS글로벌,BYD eBus11,3440,0,3440,2024년도 전기자동차 곡성군 모델별 보조금,2024,곡성군
승합(대형),티에스에코에너지,일레누스(TS1100-1),5771,0,5771,2024년도 전기자동차 곡성군 모델별 보조금,2024,곡성군
승합(대형),티에스에코에너지,일레누스(TS900-1),6914,0,6914,2024년도 전기자동차 곡성군 모델별 보조금,2024,곡성군
승합(대형),이온모터스,시티라이트Ⅱ,2290,0,2290,2024년도 전기자동차 곡성군 모델별 보조금,2024,곡성군
승합(대형),이온모터스,시티라이트9,2310,0,2310,2024년도 전기자동차 곡성군 모델별 보조금,2024,곡성군
승합(대형),한차,GREENWAY1100A,5950,0,5950,2024년도 전기자동차 곡성군 모델별 보조금,2024,곡성군
승합(대형),이엠코리아,에픽시티(LFP),2310,0,2310,2024년도 전기자동차 곡성군 모델별 보조금,2024,곡성군
승합(대형),이엠코리아,에픽타운(LFP),2101,0,2101,2024년도 전기자동차 곡성군 모델별 보조금,2024,곡성군
승합(대형),이엠코리아,에픽시티(NCM),7000,0,7000,2024년도 전기자동차 곡성군 모델별 보조금,2024,곡성군
승합(대형),이엠코리아,에픽타운(NCM),6439,0,6439,2024년도 전기자동차 곡성군 모델별 보조금,2024,곡성군
승합(대형),태영티엔티,GD11N,7000,5100,12100,2024년도 전기자동차 곡성군 모델별 보조금,2024,곡성군
승합(대형),재일홀딩스,그린타운400,1539,0,1539,2024년도 전기자동차 곡성군 모델별 보조금,2024,곡성군
승합(대형),아이버스,아이버스어린이운송차,5950,0,5950,2024년도 전기자동차 곡성군 모델별 보조금,2024,곡성군
모델별 지방비 자료가 없습니다.,모델별 지방비 자료가 없습니다.,모델별 지방비 자료가 없습니다.,모델별 지방비 자료가 없습니다.,모델별 지방비 자료가 없습니다.,모델별 지방비 자료가 없습니다.,2024년도 전기자동차 구례군 모델별 보조금,2024,구례군
승합(중형),현대자동차,카운티 일렉트릭,3915,2818,6733,2024년도 전기자동차 고흥군 모델별 보조금,2024,고흥군
승합(중형),현대자동차,카운티 일렉트릭(마을버스),4000,2880,6880,2024년도 전기자동차 고흥군 모델별 보조금,2024,고흥군
승합(중형),이비온,"E6(JL618S), 어린이통학",1127,811,1938,2024년도 전기자동차 고흥군 모델별 보조금,2024,고흥군
승합(중형),GS글로벌,NEW BYD eBus-7,1007,725,1732,2024년도 전기자동차 고흥군 모델별 보조금,2024,고흥군
승합(중형),한차,GREENWAY720,4250,3060,7310,2024년도 전기자동차 고흥군 모델별 보조금,2024,고흥군
승합(중형),테라팩토리,"테라밴키즈(2022), 어린이운송용14명",776,558,1334,2024년도 전기자동차 고흥군 모델별 보조금,2024,고흥군
승합(중형),테라팩토리,"테라밴키즈11(2022), 어린이운송용11명",772,555,1327,2024년도 전기자동차 고흥군 모델별 보조금,2024,고흥군
승합(중형),테라팩토리,테라밴,767,552,1319,2024년도 전기자동차 고흥군 모델별 보조금,2024,고흥군
승합(중형),중원자동차,EV J1,1496,1077,2573,2024년도 전기자동차 고흥군 모델별 보조금,2024,고흥군
승합(대형),케이지모빌리티커머셜,SMART 110(260kWh),5724,4170,9894,2024년도 전기자동차 고흥군 모델별 보조금,2024,고흥군
승합(대형),케이지모빌리티커머셜,SMART 110(301kWh),7000,5100,12100,2024년도 전기자동차 고흥군 모델별 보조금,2024,고흥군
승합(중형),현대자동차,카운티 일렉트릭,3915,0,3915,2024년도 전기자동차 보성군 모델별 보조금,2024,보성군
승합(중형),현대자동차,카운티 일렉트릭(마을버스),4000,0,4000,2024년도 전기자동차 보성군 모델별 보조금,2024,보성군
승합(중형),이비온,"E6(JL618S), 어린이통학",1127,0,1127,2024년도 전기자동차 보성군 모델별 보조금,2024,보성군
승합(중형),GS글로벌,NEW BYD eBus-7,1007,0,1007,2024년도 전기자동차 보성군 모델별 보조금,2024,보성군
승합(중형),한차,GREENWAY720,4250,0,4250,2024년도 전기자동차 보성군 모델별 보조금,2024,보성군
승합(중형),테라팩토리,"테라밴키즈(2022), 어린이운송용14명",776,0,776,2024년도 전기자동차 보성군 모델별 보조금,2024,보성군
승합(중형),테라팩토리,"테라밴키즈11(2022), 어린이운송용11명",772,0,772,2024년도 전기자동차 보성군 모델별 보조금,2024,보성군
승합(중형),테라팩토리,테라밴,767,0,767,2024년도 전기자동차 보성군 모델별 보조금,2024,보성군
승합(중형),중원자동차,EV J1,1496,0,1496,2024년도 전기자동차 보성군 모델별 보조금,2024,보성군
승합(중형),쏠테로,트라베리-Y540E,1676,0,1676,2024년도 전기자동차 보성군 모델별 보조금,2024,보성군
승합(중형),쏠테로,트라베리-Y550E,1676,0,1676,2024년도 전기자동차 보성군 모델별 보조금,2024,보성군
승합(중형),쏠테로,트라베리-Y560E,1676,0,1676,2024년도 전기자동차 보성군 모델별 보조금,2024,보성군
승합(중형),리텍,e-CENTRO-K,2385,0,2385,2024년도 전기자동차 보성군 모델별 보조금,2024,보성군
승합(중형),에빅오토모티브코리아,세레온(어린이),5000,0,5000,2024년도 전기자동차 보성군 모델별 보조금,2024,보성군
승합(중형),에빅오토모티브코리아,세레온(마을),5000,0,5000,2024년도 전기자동차 보성군 모델별 보조금,2024,보성군
승합(대형),현대자동차,일렉시티 이층버스,11900,5100,17000,2024년도 전기자동차 보성군 모델별 보조금,2024,보성군
승합(대형),현대자동차,일렉시티(3PACK),7000,5100,12100,2024년도 전기자동차 보성군 모델별 보조금,2024,보성군
승합(대형),현대자동차,일렉시티(4PACK V1),7000,5100,12100,2024년도 전기자동차 보성군 모델별 보조금,2024,보성군
승합(대형),현대자동차,일렉시티(4PACK V2),7000,5100,12100,2024년도 전기자동차 보성군 모델별 보조금,2024,보성군
승합(대형),현대자동차,일렉시티 타운,6859,4997,11856,2024년도 전기자동차 보성군 모델별 보조금,2024,보성군
승합(대형),케이지모빌리티커머셜,SMART 110(272kWh),3850,2805,6655,2024년도 전기자동차 보성군 모델별 보조금,2024,보성군
승합(대형),케이지모빌리티커머셜,SMART 110E(347kWh),5950,4335,10285,2024년도 전기자동차 보성군 모델별 보조금,2024,보성군
승합(대형),케이지모빌리티커머셜,SMART 110(260kWh),5724,4170,9894,2024년도 전기자동차 보성군 모델별 보조금,2024,보성군
승합(대형),케이지모빌리티커머셜,SMART 110E(260kWh),5950,4335,10285,2024년도 전기자동차 보성군 모델별 보조금,2024,보성군
승합(대형),케이지모빌리티커머셜,SMART 110(301kWh),7000,5100,12100,2024년도 전기자동차 보성군 모델별 보조금,2024,보성군
승합(대형),케이지모빌리티커머셜,KG C090,6916,0,6916,2024년도 전기자동차 보성군 모델별 보조금,2024,보성군
승합(대형),우진산전,아폴로900전기버스,4719,3438,8157,2024년도 전기자동차 보성군 모델별 보조금,2024,보성군
승합(대형),우진산전,아폴로1100전기버스 23MY,7000,5100,12100,2024년도 전기자동차 보성군 모델별 보조금,2024,보성군
승합(대형),우진산전,아폴로1200-B43,7000,5100,12100,2024년도 전기자동차 보성군 모델별 보조금,2024,보성군
승합(대형),우진산전,아폴로1200-S42,7000,5100,12100,2024년도 전기자동차 보성군 모델별 보조금,2024,보성군
승합(대형),우진산전,아폴로1200-B42,7000,5100,12100,2024년도 전기자동차 보성군 모델별 보조금,2024,보성군
승합(대형),우진산전,아폴로1200-B29,7000,5100,12100,2024년도 전기자동차 보성군 모델별 보조금,2024,보성군
승합(대형),우진산전,아폴로1200-S29,7000,5100,12100,2024년도 전기자동차 보성군 모델별 보조금,2024,보성군
승합(대형),우진산전,아폴로900 V2.0,6819,0,6819,2024년도 전기자동차 보성군 모델별 보조금,2024,보성군
승합(대형),우진산전,아폴로1100 양문형,6459,0,6459,2024년도 전기자동차 보성군 모델별 보조금,2024,보성군
승합(대형),우진산전,아폴로1100 V2.0,7000,0,7000,2024년도 전기자동차 보성군 모델별 보조금,2024,보성군
승합(대형),피라인모터스,HYPERS1609N,5796,4223,10019,2024년도 전기자동차 보성군 모델별 보조금,2024,보성군
승합(대형),피라인모터스,HYPERS1611N,5440,3963,9403,2024년도 전기자동차 보성군 모델별 보조금,2024,보성군
승합(대형),피라인모터스,HYPERS1609HN,5755,4193,9948,2024년도 전기자동차 보성군 모델별 보조금,2024,보성군
승합(대형),피라인모터스,HYPERS1609N(25인승),5794,4221,10015,2024년도 전기자동차 보성군 모델별 보조금,2024,보성군
승합(대형),피라인모터스,HYPERS1609HN(25인승),5755,4193,9948,2024년도 전기자동차 보성군 모델별 보조금,2024,보성군
승합(대형),피라인모터스,HYPERS PRIME,7000,5100,12100,2024년도 전기자동차 보성군 모델별 보조금,2024,보성군
승합(대형),피라인모터스,HYPERS1609P(접이식),7000,5100,12100,2024년도 전기자동차 보성군 모델별 보조금,2024,보성군
승합(대형),피라인모터스,HYPERS1609P(힙레스트),7000,5100,12100,2024년도 전기자동차 보성군 모델별 보조금,2024,보성군
승합(대형),피라인모터스,HYPERS1609P(25인승 접이식),7000,5100,12100,2024년도 전기자동차 보성군 모델별 보조금,2024,보성군
승합(대형),피라인모터스,HYPERS1609P(25인승 힙레스트),7000,5100,12100,2024년도 전기자동차 보성군 모델별 보조금,2024,보성군
승합(대형),피라인모터스,HYPERS1611P(접이식),7000,5100,12100,2024년도 전기자동차 보성군 모델별 보조금,2024,보성군
승합(대형),피라인모터스,HYPERS1611P(힙레스트),7000,5100,12100,2024년도 전기자동차 보성군 모델별 보조금,2024,보성군
승합(대형),피라인모터스,HYPERS HP,7000,0,7000,2024년도 전기자동차 보성군 모델별 보조금,2024,보성군
승합(대형),범한자동차,E-SKY11(350kWh),1980,1443,3423,2024년도 전기자동차 보성군 모델별 보조금,2024,보성군
승합(대형),범한자동차,E-SKY9(281kWh),1980,1443,3423,2024년도 전기자동차 보성군 모델별 보조금,2024,보성군
승합(대형),범한자동차,E-STAR8 V1,1719,1252,2971,2024년도 전기자동차 보성군 모델별 보조금,2024,보성군
승합(대형),범한자동차,E-STAR11,1980,1443,3423,2024년도 전기자동차 보성군 모델별 보조금,2024,보성군
승합(대형),범한자동차,E-STAR12i,2480,1807,4287,2024년도 전기자동차 보성군 모델별 보조금,2024,보성군
승합(대형),에스에이피,아이즘(IZM),1440,0,1440,2024년도 전기자동차 보성군 모델별 보조금,2024,보성군
승합(대형),에스에이피,엘페(ELFE),1889,0,1889,2024년도 전기자동차 보성군 모델별 보조금,2024,보성군
승합(대형),에스에이피,리오네(LIONNE),1440,0,1440,2024년도 전기자동차 보성군 모델별 보조금,2024,보성군
승합(대형),에스에이피,네오포스(NEOFORCE),1440,0,1440,2024년도 전기자동차 보성군 모델별 보조금,2024,보성군
승합(대형),GS글로벌,NEW BYD eBus-12,2180,1588,3768,2024년도 전기자동차 보성군 모델별 보조금,2024,보성군
승합(대형),GS글로벌,BYD eBus9,2310,1683,3993,2024년도 전기자동차 보성군 모델별 보조금,2024,보성군
승합(대형),GS글로벌,BYD eBus11,3440,0,3440,2024년도 전기자동차 보성군 모델별 보조금,2024,보성군
승합(대형),티에스에코에너지,일레누스(TS1100-1),5771,0,5771,2024년도 전기자동차 보성군 모델별 보조금,2024,보성군
승합(대형),티에스에코에너지,일레누스(TS900-1),6914,0,6914,2024년도 전기자동차 보성군 모델별 보조금,2024,보성군
승합(대형),이온모터스,시티라이트Ⅱ,2290,0,2290,2024년도 전기자동차 보성군 모델별 보조금,2024,보성군
승합(대형),이온모터스,시티라이트9,2310,0,2310,2024년도 전기자동차 보성군 모델별 보조금,2024,보성군
승합(대형),한차,GREENWAY1100A,5950,0,5950,2024년도 전기자동차 보성군 모델별 보조금,2024,보성군
승합(대형),이엠코리아,에픽시티(LFP),2310,0,2310,2024년도 전기자동차 보성군 모델별 보조금,2024,보성군
승합(대형),이엠코리아,에픽타운(LFP),2101,0,2101,2024년도 전기자동차 보성군 모델별 보조금,2024,보성군
승합(대형),이엠코리아,에픽시티(NCM),7000,0,7000,2024년도 전기자동차 보성군 모델별 보조금,2024,보성군
승합(대형),이엠코리아,에픽타운(NCM),6439,0,6439,2024년도 전기자동차 보성군 모델별 보조금,2024,보성군
승합(대형),태영티엔티,GD11N,7000,0,7000,2024년도 전기자동차 보성군 모델별 보조금,2024,보성군
승합(대형),재일홀딩스,그린타운400,1539,0,1539,2024년도 전기자동차 보성군 모델별 보조금,2024,보성군
승합(대형),아이버스,아이버스어린이운송차,5950,0,5950,2024년도 전기자동차 보성군 모델별 보조금,2024,보성군
승합(중형),현대자동차,카운티 일렉트릭,3915,3993,7908,2024년도 전기자동차 화순군 모델별 보조금,2024,화순군
승합(중형),현대자동차,카운티 일렉트릭(마을버스),4000,4080,8080,2024년도 전기자동차 화순군 모델별 보조금,2024,화순군
승합(중형),이비온,"E6(JL618S), 어린이통학",1127,1149,2276,2024년도 전기자동차 화순군 모델별 보조금,2024,화순군
승합(중형),GS글로벌,NEW BYD eBus-7,1007,1027,2034,2024년도 전기자동차 화순군 모델별 보조금,2024,화순군
승합(중형),한차,GREENWAY720,4250,4335,8585,2024년도 전기자동차 화순군 모델별 보조금,2024,화순군
승합(중형),테라팩토리,"테라밴키즈(2022), 어린이운송용14명",776,791,1567,2024년도 전기자동차 화순군 모델별 보조금,2024,화순군
승합(중형),테라팩토리,"테라밴키즈11(2022), 어린이운송용11명",772,787,1559,2024년도 전기자동차 화순군 모델별 보조금,2024,화순군
승합(중형),테라팩토리,테라밴,767,782,1549,2024년도 전기자동차 화순군 모델별 보조금,2024,화순군
승합(중형),중원자동차,EV J1,1496,1525,3021,2024년도 전기자동차 화순군 모델별 보조금,2024,화순군
승합(중형),쏠테로,트라베리-Y540E,1676,1709,3385,2024년도 전기자동차 화순군 모델별 보조금,2024,화순군
승합(중형),쏠테로,트라베리-Y550E,1676,1709,3385,2024년도 전기자동차 화순군 모델별 보조금,2024,화순군
승합(중형),쏠테로,트라베리-Y560E,1676,1709,3385,2024년도 전기자동차 화순군 모델별 보조금,2024,화순군
승합(중형),리텍,e-CENTRO-K,2385,2432,4817,2024년도 전기자동차 화순군 모델별 보조금,2024,화순군
승합(중형),에빅오토모티브코리아,세레온(어린이),5000,5100,10100,2024년도 전기자동차 화순군 모델별 보조금,2024,화순군
승합(중형),에빅오토모티브코리아,세레온(마을),5000,5100,10100,2024년도 전기자동차 화순군 모델별 보조금,2024,화순군
승합(대형),현대자동차,일렉시티 이층버스,11900,5100,17000,2024년도 전기자동차 화순군 모델별 보조금,2024,화순군
승합(대형),현대자동차,일렉시티(3PACK),7000,5100,12100,2024년도 전기자동차 화순군 모델별 보조금,2024,화순군
승합(대형),현대자동차,일렉시티(4PACK V1),7000,5100,12100,2024년도 전기자동차 화순군 모델별 보조금,2024,화순군
승합(대형),현대자동차,일렉시티(4PACK V2),7000,5100,12100,2024년도 전기자동차 화순군 모델별 보조금,2024,화순군
승합(대형),현대자동차,일렉시티 타운,6859,4997,11856,2024년도 전기자동차 화순군 모델별 보조금,2024,화순군
승합(대형),케이지모빌리티커머셜,SMART 110(272kWh),3850,2805,6655,2024년도 전기자동차 화순군 모델별 보조금,2024,화순군
승합(대형),케이지모빌리티커머셜,SMART 110E(347kWh),5950,4335,10285,2024년도 전기자동차 화순군 모델별 보조금,2024,화순군
승합(대형),케이지모빌리티커머셜,SMART 110(260kWh),5724,4170,9894,2024년도 전기자동차 화순군 모델별 보조금,2024,화순군
승합(대형),케이지모빌리티커머셜,SMART 110E(260kWh),5950,4335,10285,2024년도 전기자동차 화순군 모델별 보조금,2024,화순군
승합(대형),케이지모빌리티커머셜,SMART 110(301kWh),7000,5100,12100,2024년도 전기자동차 화순군 모델별 보조금,2024,화순군
승합(대형),케이지모빌리티커머셜,KG C090,6916,5038,11954,2024년도 전기자동차 화순군 모델별 보조금,2024,화순군
승합(대형),우진산전,아폴로900전기버스,4719,3438,8157,2024년도 전기자동차 화순군 모델별 보조금,2024,화순군
승합(대형),우진산전,아폴로1100전기버스 23MY,7000,5100,12100,2024년도 전기자동차 화순군 모델별 보조금,2024,화순군
승합(대형),우진산전,아폴로1200-B43,7000,5100,12100,2024년도 전기자동차 화순군 모델별 보조금,2024,화순군
승합(대형),우진산전,아폴로1200-S42,7000,5100,12100,2024년도 전기자동차 화순군 모델별 보조금,2024,화순군
승합(대형),우진산전,아폴로1200-B42,7000,5100,12100,2024년도 전기자동차 화순군 모델별 보조금,2024,화순군
승합(대형),우진산전,아폴로1200-B29,7000,5100,12100,2024년도 전기자동차 화순군 모델별 보조금,2024,화순군
승합(대형),우진산전,아폴로1200-S29,7000,5100,12100,2024년도 전기자동차 화순군 모델별 보조금,2024,화순군
승합(대형),우진산전,아폴로900 V2.0,6819,4968,11787,2024년도 전기자동차 화순군 모델별 보조금,2024,화순군
승합(대형),우진산전,아폴로1100 양문형,6459,4705,11164,2024년도 전기자동차 화순군 모델별 보조금,2024,화순군
승합(대형),우진산전,아폴로1100 V2.0,7000,5100,12100,2024년도 전기자동차 화순군 모델별 보조금,2024,화순군
승합(대형),피라인모터스,HYPERS1609N,5796,4222,10018,2024년도 전기자동차 화순군 모델별 보조금,2024,화순군
승합(대형),피라인모터스,HYPERS1611N,5440,3963,9403,2024년도 전기자동차 화순군 모델별 보조금,2024,화순군
승합(대형),피라인모터스,HYPERS1609HN,5755,4192,9947,2024년도 전기자동차 화순군 모델별 보조금,2024,화순군
승합(대형),피라인모터스,HYPERS1609N(25인승),5794,4221,10015,2024년도 전기자동차 화순군 모델별 보조금,2024,화순군
승합(대형),피라인모터스,HYPERS1609HN(25인승),5755,4192,9947,2024년도 전기자동차 화순군 모델별 보조금,2024,화순군
승합(대형),피라인모터스,HYPERS PRIME,7000,5100,12100,2024년도 전기자동차 화순군 모델별 보조금,2024,화순군
승합(대형),피라인모터스,HYPERS1609P(접이식),7000,5100,12100,2024년도 전기자동차 화순군 모델별 보조금,2024,화순군
승합(대형),피라인모터스,HYPERS1609P(힙레스트),7000,5100,12100,2024년도 전기자동차 화순군 모델별 보조금,2024,화순군
승합(대형),피라인모터스,HYPERS1609P(25인승 접이식),7000,5100,12100,2024년도 전기자동차 화순군 모델별 보조금,2024,화순군
승합(대형),피라인모터스,HYPERS1609P(25인승 힙레스트),7000,5100,12100,2024년도 전기자동차 화순군 모델별 보조금,2024,화순군
승합(대형),피라인모터스,HYPERS1611P(접이식),7000,5100,12100,2024년도 전기자동차 화순군 모델별 보조금,2024,화순군
승합(대형),피라인모터스,HYPERS1611P(힙레스트),7000,5100,12100,2024년도 전기자동차 화순군 모델별 보조금,2024,화순군
승합(대형),피라인모터스,HYPERS HP,7000,5100,12100,2024년도 전기자동차 화순군 모델별 보조금,2024,화순군
승합(대형),범한자동차,E-SKY11(350kWh),1980,1442,3422,2024년도 전기자동차 화순군 모델별 보조금,2024,화순군
승합(대형),범한자동차,E-SKY9(281kWh),1980,1442,3422,2024년도 전기자동차 화순군 모델별 보조금,2024,화순군
승합(대형),범한자동차,E-STAR8 V1,1719,1252,2971,2024년도 전기자동차 화순군 모델별 보조금,2024,화순군
승합(대형),범한자동차,E-STAR11,1980,1442,3422,2024년도 전기자동차 화순군 모델별 보조금,2024,화순군
승합(대형),범한자동차,E-STAR12i,2480,1806,4286,2024년도 전기자동차 화순군 모델별 보조금,2024,화순군
승합(대형),에스에이피,아이즘(IZM),1440,1049,2489,2024년도 전기자동차 화순군 모델별 보조금,2024,화순군
승합(대형),에스에이피,엘페(ELFE),1889,1376,3265,2024년도 전기자동차 화순군 모델별 보조금,2024,화순군
승합(대형),에스에이피,리오네(LIONNE),1440,1049,2489,2024년도 전기자동차 화순군 모델별 보조금,2024,화순군
승합(대형),에스에이피,네오포스(NEOFORCE),1440,1049,2489,2024년도 전기자동차 화순군 모델별 보조금,2024,화순군
승합(대형),GS글로벌,NEW BYD eBus-12,2180,1588,3768,2024년도 전기자동차 화순군 모델별 보조금,2024,화순군
승합(대형),GS글로벌,BYD eBus9,2310,1683,3993,2024년도 전기자동차 화순군 모델별 보조금,2024,화순군
승합(대형),GS글로벌,BYD eBus11,3440,2506,5946,2024년도 전기자동차 화순군 모델별 보조금,2024,화순군
승합(대형),티에스에코에너지,일레누스(TS1100-1),5771,4204,9975,2024년도 전기자동차 화순군 모델별 보조금,2024,화순군
승합(대형),티에스에코에너지,일레누스(TS900-1),6914,5037,11951,2024년도 전기자동차 화순군 모델별 보조금,2024,화순군
승합(대형),이온모터스,시티라이트Ⅱ,2290,1668,3958,2024년도 전기자동차 화순군 모델별 보조금,2024,화순군
승합(대형),이온모터스,시티라이트9,2310,1683,3993,2024년도 전기자동차 화순군 모델별 보조금,2024,화순군
승합(대형),한차,GREENWAY1100A,5950,4335,10285,2024년도 전기자동차 화순군 모델별 보조금,2024,화순군
승합(대형),이엠코리아,에픽시티(LFP),2310,1683,3993,2024년도 전기자동차 화순군 모델별 보조금,2024,화순군
승합(대형),이엠코리아,에픽타운(LFP),2101,1530,3631,2024년도 전기자동차 화순군 모델별 보조금,2024,화순군
승합(대형),이엠코리아,에픽시티(NCM),7000,5100,12100,2024년도 전기자동차 화순군 모델별 보조금,2024,화순군
승합(대형),이엠코리아,에픽타운(NCM),6439,4691,11130,2024년도 전기자동차 화순군 모델별 보조금,2024,화순군
승합(대형),태영티엔티,GD11N,7000,5100,12100,2024년도 전기자동차 화순군 모델별 보조금,2024,화순군
승합(대형),재일홀딩스,그린타운400,1539,1121,2660,2024년도 전기자동차 화순군 모델별 보조금,2024,화순군
승합(대형),아이버스,아이버스어린이운송차,5950,4335,10285,2024년도 전기자동차 화순군 모델별 보조금,2024,화순군
승합(중형),현대자동차,카운티 일렉트릭,3915,0,3915,2024년도 전기자동차 장흥군 모델별 보조금,2024,장흥군
승합(중형),현대자동차,카운티 일렉트릭(마을버스),4000,0,4000,2024년도 전기자동차 장흥군 모델별 보조금,2024,장흥군
승합(중형),이비온,"E6(JL618S), 어린이통학",1127,0,1127,2024년도 전기자동차 장흥군 모델별 보조금,2024,장흥군
승합(중형),GS글로벌,NEW BYD eBus-7,1007,0,1007,2024년도 전기자동차 장흥군 모델별 보조금,2024,장흥군
승합(중형),한차,GREENWAY720,4250,0,4250,2024년도 전기자동차 장흥군 모델별 보조금,2024,장흥군
승합(중형),테라팩토리,"테라밴키즈(2022), 어린이운송용14명",776,0,776,2024년도 전기자동차 장흥군 모델별 보조금,2024,장흥군
승합(중형),테라팩토리,"테라밴키즈11(2022), 어린이운송용11명",772,0,772,2024년도 전기자동차 장흥군 모델별 보조금,2024,장흥군
승합(중형),테라팩토리,테라밴,767,0,767,2024년도 전기자동차 장흥군 모델별 보조금,2024,장흥군
승합(중형),중원자동차,EV J1,1496,0,1496,2024년도 전기자동차 장흥군 모델별 보조금,2024,장흥군
승합(중형),쏠테로,트라베리-Y540E,1676,0,1676,2024년도 전기자동차 장흥군 모델별 보조금,2024,장흥군
승합(중형),쏠테로,트라베리-Y550E,1676,0,1676,2024년도 전기자동차 장흥군 모델별 보조금,2024,장흥군
승합(중형),쏠테로,트라베리-Y560E,1676,0,1676,2024년도 전기자동차 장흥군 모델별 보조금,2024,장흥군
승합(중형),리텍,e-CENTRO-K,2385,0,2385,2024년도 전기자동차 장흥군 모델별 보조금,2024,장흥군
승합(중형),에빅오토모티브코리아,세레온(어린이),5000,0,5000,2024년도 전기자동차 장흥군 모델별 보조금,2024,장흥군
승합(중형),에빅오토모티브코리아,세레온(마을),5000,0,5000,2024년도 전기자동차 장흥군 모델별 보조금,2024,장흥군
승합(대형),현대자동차,일렉시티 이층버스,11900,0,11900,2024년도 전기자동차 장흥군 모델별 보조금,2024,장흥군
승합(대형),현대자동차,일렉시티(3PACK),7000,0,7000,2024년도 전기자동차 장흥군 모델별 보조금,2024,장흥군
승합(대형),현대자동차,일렉시티(4PACK V1),7000,0,7000,2024년도 전기자동차 장흥군 모델별 보조금,2024,장흥군
승합(대형),현대자동차,일렉시티(4PACK V2),7000,0,7000,2024년도 전기자동차 장흥군 모델별 보조금,2024,장흥군
승합(대형),현대자동차,일렉시티 타운,6859,0,6859,2024년도 전기자동차 장흥군 모델별 보조금,2024,장흥군
승합(대형),케이지모빌리티커머셜,SMART 110(272kWh),3850,0,3850,2024년도 전기자동차 장흥군 모델별 보조금,2024,장흥군
승합(대형),케이지모빌리티커머셜,SMART 110E(347kWh),5950,0,5950,2024년도 전기자동차 장흥군 모델별 보조금,2024,장흥군
승합(대형),케이지모빌리티커머셜,SMART 110(260kWh),5724,0,5724,2024년도 전기자동차 장흥군 모델별 보조금,2024,장흥군
승합(대형),케이지모빌리티커머셜,SMART 110E(260kWh),5950,0,5950,2024년도 전기자동차 장흥군 모델별 보조금,2024,장흥군
승합(대형),케이지모빌리티커머셜,SMART 110(301kWh),7000,0,7000,2024년도 전기자동차 장흥군 모델별 보조금,2024,장흥군
승합(대형),케이지모빌리티커머셜,KG C090,6916,0,6916,2024년도 전기자동차 장흥군 모델별 보조금,2024,장흥군
승합(대형),우진산전,아폴로900전기버스,4719,0,4719,2024년도 전기자동차 장흥군 모델별 보조금,2024,장흥군
승합(대형),우진산전,아폴로1100전기버스 23MY,7000,0,7000,2024년도 전기자동차 장흥군 모델별 보조금,2024,장흥군
승합(대형),우진산전,아폴로1200-B43,7000,0,7000,2024년도 전기자동차 장흥군 모델별 보조금,2024,장흥군
승합(대형),우진산전,아폴로1200-S42,7000,0,7000,2024년도 전기자동차 장흥군 모델별 보조금,2024,장흥군
승합(대형),우진산전,아폴로1200-B42,7000,0,7000,2024년도 전기자동차 장흥군 모델별 보조금,2024,장흥군
승합(대형),우진산전,아폴로1200-B29,7000,0,7000,2024년도 전기자동차 장흥군 모델별 보조금,2024,장흥군
승합(대형),우진산전,아폴로1200-S29,7000,0,7000,2024년도 전기자동차 장흥군 모델별 보조금,2024,장흥군
승합(대형),우진산전,아폴로900 V2.0,6819,0,6819,2024년도 전기자동차 장흥군 모델별 보조금,2024,장흥군
승합(대형),우진산전,아폴로1100 양문형,6459,0,6459,2024년도 전기자동차 장흥군 모델별 보조금,2024,장흥군
승합(대형),우진산전,아폴로1100 V2.0,7000,0,7000,2024년도 전기자동차 장흥군 모델별 보조금,2024,장흥군
승합(대형),피라인모터스,HYPERS1609N,5796,0,5796,2024년도 전기자동차 장흥군 모델별 보조금,2024,장흥군
승합(대형),피라인모터스,HYPERS1611N,5440,0,5440,2024년도 전기자동차 장흥군 모델별 보조금,2024,장흥군
승합(대형),피라인모터스,HYPERS1609HN,5755,0,5755,2024년도 전기자동차 장흥군 모델별 보조금,2024,장흥군
승합(대형),피라인모터스,HYPERS1609N(25인승),5794,0,5794,2024년도 전기자동차 장흥군 모델별 보조금,2024,장흥군
승합(대형),피라인모터스,HYPERS1609HN(25인승),5755,0,5755,2024년도 전기자동차 장흥군 모델별 보조금,2024,장흥군
승합(대형),피라인모터스,HYPERS PRIME,7000,0,7000,2024년도 전기자동차 장흥군 모델별 보조금,2024,장흥군
승합(대형),피라인모터스,HYPERS1609P(접이식),7000,0,7000,2024년도 전기자동차 장흥군 모델별 보조금,2024,장흥군
승합(대형),피라인모터스,HYPERS1609P(힙레스트),7000,0,7000,2024년도 전기자동차 장흥군 모델별 보조금,2024,장흥군
승합(대형),피라인모터스,HYPERS1609P(25인승 접이식),7000,0,7000,2024년도 전기자동차 장흥군 모델별 보조금,2024,장흥군
승합(대형),피라인모터스,HYPERS1609P(25인승 힙레스트),7000,0,7000,2024년도 전기자동차 장흥군 모델별 보조금,2024,장흥군
승합(대형),피라인모터스,HYPERS1611P(접이식),7000,0,7000,2024년도 전기자동차 장흥군 모델별 보조금,2024,장흥군
승합(대형),피라인모터스,HYPERS1611P(힙레스트),7000,0,7000,2024년도 전기자동차 장흥군 모델별 보조금,2024,장흥군
승합(대형),피라인모터스,HYPERS HP,7000,0,7000,2024년도 전기자동차 장흥군 모델별 보조금,2024,장흥군
승합(대형),범한자동차,E-SKY11(350kWh),1980,0,1980,2024년도 전기자동차 장흥군 모델별 보조금,2024,장흥군
승합(대형),범한자동차,E-SKY9(281kWh),1980,0,1980,2024년도 전기자동차 장흥군 모델별 보조금,2024,장흥군
승합(대형),범한자동차,E-STAR8 V1,1719,0,1719,2024년도 전기자동차 장흥군 모델별 보조금,2024,장흥군
승합(대형),범한자동차,E-STAR11,1980,0,1980,2024년도 전기자동차 장흥군 모델별 보조금,2024,장흥군
승합(대형),범한자동차,E-STAR12i,2480,0,2480,2024년도 전기자동차 장흥군 모델별 보조금,2024,장흥군
승합(대형),에스에이피,아이즘(IZM),1440,0,1440,2024년도 전기자동차 장흥군 모델별 보조금,2024,장흥군
승합(대형),에스에이피,엘페(ELFE),1889,0,1889,2024년도 전기자동차 장흥군 모델별 보조금,2024,장흥군
승합(대형),에스에이피,리오네(LIONNE),1440,0,1440,2024년도 전기자동차 장흥군 모델별 보조금,2024,장흥군
승합(대형),에스에이피,네오포스(NEOFORCE),1440,0,1440,2024년도 전기자동차 장흥군 모델별 보조금,2024,장흥군
승합(대형),GS글로벌,NEW BYD eBus-12,2180,0,2180,2024년도 전기자동차 장흥군 모델별 보조금,2024,장흥군
승합(대형),GS글로벌,BYD eBus9,2310,0,2310,2024년도 전기자동차 장흥군 모델별 보조금,2024,장흥군
승합(대형),GS글로벌,BYD eBus11,3440,0,3440,2024년도 전기자동차 장흥군 모델별 보조금,2024,장흥군
승합(대형),티에스에코에너지,일레누스(TS1100-1),5771,0,5771,2024년도 전기자동차 장흥군 모델별 보조금,2024,장흥군
승합(대형),티에스에코에너지,일레누스(TS900-1),6914,0,6914,2024년도 전기자동차 장흥군 모델별 보조금,2024,장흥군
승합(대형),이온모터스,시티라이트Ⅱ,2290,0,2290,2024년도 전기자동차 장흥군 모델별 보조금,2024,장흥군
승합(대형),이온모터스,시티라이트9,2310,0,2310,2024년도 전기자동차 장흥군 모델별 보조금,2024,장흥군
승합(대형),한차,GREENWAY1100A,5950,0,5950,2024년도 전기자동차 장흥군 모델별 보조금,2024,장흥군
승합(대형),이엠코리아,에픽시티(LFP),2310,0,2310,2024년도 전기자동차 장흥군 모델별 보조금,2024,장흥군
승합(대형),이엠코리아,에픽타운(LFP),2101,0,2101,2024년도 전기자동차 장흥군 모델별 보조금,2024,장흥군
승합(대형),이엠코리아,에픽시티(NCM),7000,0,7000,2024년도 전기자동차 장흥군 모델별 보조금,2024,장흥군
승합(대형),이엠코리아,에픽타운(NCM),6439,0,6439,2024년도 전기자동차 장흥군 모델별 보조금,2024,장흥군
승합(대형),태영티엔티,GD11N,7000,0,7000,2024년도 전기자동차 장흥군 모델별 보조금,2024,장흥군
승합(대형),재일홀딩스,그린타운400,1539,0,1539,2024년도 전기자동차 장흥군 모델별 보조금,2024,장흥군
승합(대형),아이버스,아이버스어린이운송차,5950,0,5950,2024년도 전기자동차 장흥군 모델별 보조금,2024,장흥군
승합(중형),현대자동차,카운티 일렉트릭,3915,0,3915,2024년도 전기자동차 강진군 모델별 보조금,2024,강진군
승합(중형),현대자동차,카운티 일렉트릭(마을버스),4000,0,4000,2024년도 전기자동차 강진군 모델별 보조금,2024,강진군
승합(중형),이비온,"E6(JL618S), 어린이통학",1127,0,1127,2024년도 전기자동차 강진군 모델별 보조금,2024,강진군
승합(중형),GS글로벌,NEW BYD eBus-7,1007,0,1007,2024년도 전기자동차 강진군 모델별 보조금,2024,강진군
승합(중형),한차,GREENWAY720,4250,0,4250,2024년도 전기자동차 강진군 모델별 보조금,2024,강진군
승합(중형),테라팩토리,"테라밴키즈(2022), 어린이운송용14명",776,0,776,2024년도 전기자동차 강진군 모델별 보조금,2024,강진군
승합(중형),테라팩토리,"테라밴키즈11(2022), 어린이운송용11명",772,0,772,2024년도 전기자동차 강진군 모델별 보조금,2024,강진군
승합(중형),테라팩토리,테라밴,767,0,767,2024년도 전기자동차 강진군 모델별 보조금,2024,강진군
승합(중형),중원자동차,EV J1,1496,0,1496,2024년도 전기자동차 강진군 모델별 보조금,2024,강진군
승합(중형),쏠테로,트라베리-Y540E,1676,0,1676,2024년도 전기자동차 강진군 모델별 보조금,2024,강진군
승합(중형),쏠테로,트라베리-Y550E,1676,0,1676,2024년도 전기자동차 강진군 모델별 보조금,2024,강진군
승합(중형),쏠테로,트라베리-Y560E,1676,0,1676,2024년도 전기자동차 강진군 모델별 보조금,2024,강진군
승합(중형),리텍,e-CENTRO-K,2385,0,2385,2024년도 전기자동차 강진군 모델별 보조금,2024,강진군
승합(중형),에빅오토모티브코리아,세레온(어린이),5000,0,5000,2024년도 전기자동차 강진군 모델별 보조금,2024,강진군
승합(중형),에빅오토모티브코리아,세레온(마을),5000,0,5000,2024년도 전기자동차 강진군 모델별 보조금,2024,강진군
승합(대형),현대자동차,일렉시티 이층버스,11900,0,11900,2024년도 전기자동차 강진군 모델별 보조금,2024,강진군
승합(대형),현대자동차,일렉시티(3PACK),7000,0,7000,2024년도 전기자동차 강진군 모델별 보조금,2024,강진군
승합(대형),현대자동차,일렉시티(4PACK V1),7000,0,7000,2024년도 전기자동차 강진군 모델별 보조금,2024,강진군
승합(대형),현대자동차,일렉시티(4PACK V2),7000,0,7000,2024년도 전기자동차 강진군 모델별 보조금,2024,강진군
승합(대형),현대자동차,일렉시티 타운,6859,0,6859,2024년도 전기자동차 강진군 모델별 보조금,2024,강진군
승합(대형),케이지모빌리티커머셜,SMART 110(272kWh),3850,0,3850,2024년도 전기자동차 강진군 모델별 보조금,2024,강진군
승합(대형),케이지모빌리티커머셜,SMART 110E(347kWh),5950,0,5950,2024년도 전기자동차 강진군 모델별 보조금,2024,강진군
승합(대형),케이지모빌리티커머셜,SMART 110(260kWh),5724,0,5724,2024년도 전기자동차 강진군 모델별 보조금,2024,강진군
승합(대형),케이지모빌리티커머셜,SMART 110E(260kWh),5950,0,5950,2024년도 전기자동차 강진군 모델별 보조금,2024,강진군
승합(대형),케이지모빌리티커머셜,SMART 110(301kWh),7000,0,7000,2024년도 전기자동차 강진군 모델별 보조금,2024,강진군
승합(대형),케이지모빌리티커머셜,KG C090,6916,0,6916,2024년도 전기자동차 강진군 모델별 보조금,2024,강진군
승합(대형),우진산전,아폴로900전기버스,4719,0,4719,2024년도 전기자동차 강진군 모델별 보조금,2024,강진군
승합(대형),우진산전,아폴로1100전기버스 23MY,7000,0,7000,2024년도 전기자동차 강진군 모델별 보조금,2024,강진군
승합(대형),우진산전,아폴로1200-B43,7000,0,7000,2024년도 전기자동차 강진군 모델별 보조금,2024,강진군
승합(대형),우진산전,아폴로1200-S42,7000,0,7000,2024년도 전기자동차 강진군 모델별 보조금,2024,강진군
승합(대형),우진산전,아폴로1200-B42,7000,0,7000,2024년도 전기자동차 강진군 모델별 보조금,2024,강진군
승합(대형),우진산전,아폴로1200-B29,7000,0,7000,2024년도 전기자동차 강진군 모델별 보조금,2024,강진군
승합(대형),우진산전,아폴로1200-S29,7000,0,7000,2024년도 전기자동차 강진군 모델별 보조금,2024,강진군
승합(대형),우진산전,아폴로900 V2.0,6819,0,6819,2024년도 전기자동차 강진군 모델별 보조금,2024,강진군
승합(대형),우진산전,아폴로1100 양문형,6459,0,6459,2024년도 전기자동차 강진군 모델별 보조금,2024,강진군
승합(대형),우진산전,아폴로1100 V2.0,7000,0,7000,2024년도 전기자동차 강진군 모델별 보조금,2024,강진군
승합(대형),피라인모터스,HYPERS1609N,5796,0,5796,2024년도 전기자동차 강진군 모델별 보조금,2024,강진군
승합(대형),피라인모터스,HYPERS1611N,5440,0,5440,2024년도 전기자동차 강진군 모델별 보조금,2024,강진군
승합(대형),피라인모터스,HYPERS1609HN,5755,0,5755,2024년도 전기자동차 강진군 모델별 보조금,2024,강진군
승합(대형),피라인모터스,HYPERS1609N(25인승),5794,0,5794,2024년도 전기자동차 강진군 모델별 보조금,2024,강진군
승합(대형),피라인모터스,HYPERS1609HN(25인승),5755,0,5755,2024년도 전기자동차 강진군 모델별 보조금,2024,강진군
승합(대형),피라인모터스,HYPERS PRIME,7000,0,7000,2024년도 전기자동차 강진군 모델별 보조금,2024,강진군
승합(대형),피라인모터스,HYPERS1609P(접이식),7000,0,7000,2024년도 전기자동차 강진군 모델별 보조금,2024,강진군
승합(대형),피라인모터스,HYPERS1609P(힙레스트),7000,0,7000,2024년도 전기자동차 강진군 모델별 보조금,2024,강진군
승합(대형),피라인모터스,HYPERS1609P(25인승 접이식),7000,0,7000,2024년도 전기자동차 강진군 모델별 보조금,2024,강진군
승합(대형),피라인모터스,HYPERS1609P(25인승 힙레스트),7000,0,7000,2024년도 전기자동차 강진군 모델별 보조금,2024,강진군
승합(대형),피라인모터스,HYPERS1611P(접이식),7000,0,7000,2024년도 전기자동차 강진군 모델별 보조금,2024,강진군
승합(대형),피라인모터스,HYPERS1611P(힙레스트),7000,0,7000,2024년도 전기자동차 강진군 모델별 보조금,2024,강진군
승합(대형),피라인모터스,HYPERS HP,7000,0,7000,2024년도 전기자동차 강진군 모델별 보조금,2024,강진군
승합(대형),범한자동차,E-SKY11(350kWh),1980,0,1980,2024년도 전기자동차 강진군 모델별 보조금,2024,강진군
승합(대형),범한자동차,E-SKY9(281kWh),1980,0,1980,2024년도 전기자동차 강진군 모델별 보조금,2024,강진군
승합(대형),범한자동차,E-STAR8 V1,1719,0,1719,2024년도 전기자동차 강진군 모델별 보조금,2024,강진군
승합(대형),범한자동차,E-STAR11,1980,0,1980,2024년도 전기자동차 강진군 모델별 보조금,2024,강진군
승합(대형),범한자동차,E-STAR12i,2480,0,2480,2024년도 전기자동차 강진군 모델별 보조금,2024,강진군
승합(대형),에스에이피,아이즘(IZM),1440,0,1440,2024년도 전기자동차 강진군 모델별 보조금,2024,강진군
승합(대형),에스에이피,엘페(ELFE),1889,0,1889,2024년도 전기자동차 강진군 모델별 보조금,2024,강진군
승합(대형),에스에이피,리오네(LIONNE),1440,0,1440,2024년도 전기자동차 강진군 모델별 보조금,2024,강진군
승합(대형),에스에이피,네오포스(NEOFORCE),1440,0,1440,2024년도 전기자동차 강진군 모델별 보조금,2024,강진군
승합(대형),GS글로벌,NEW BYD eBus-12,2180,0,2180,2024년도 전기자동차 강진군 모델별 보조금,2024,강진군
승합(대형),GS글로벌,BYD eBus9,2310,0,2310,2024년도 전기자동차 강진군 모델별 보조금,2024,강진군
승합(대형),GS글로벌,BYD eBus11,3440,0,3440,2024년도 전기자동차 강진군 모델별 보조금,2024,강진군
승합(대형),티에스에코에너지,일레누스(TS1100-1),5771,0,5771,2024년도 전기자동차 강진군 모델별 보조금,2024,강진군
승합(대형),티에스에코에너지,일레누스(TS900-1),6914,0,6914,2024년도 전기자동차 강진군 모델별 보조금,2024,강진군
승합(대형),이온모터스,시티라이트Ⅱ,2290,0,2290,2024년도 전기자동차 강진군 모델별 보조금,2024,강진군
승합(대형),이온모터스,시티라이트9,2310,0,2310,2024년도 전기자동차 강진군 모델별 보조금,2024,강진군
승합(대형),한차,GREENWAY1100A,5950,0,5950,2024년도 전기자동차 강진군 모델별 보조금,2024,강진군
승합(대형),이엠코리아,에픽시티(LFP),2310,0,2310,2024년도 전기자동차 강진군 모델별 보조금,2024,강진군
승합(대형),이엠코리아,에픽타운(LFP),2101,0,2101,2024년도 전기자동차 강진군 모델별 보조금,2024,강진군
승합(대형),이엠코리아,에픽시티(NCM),7000,0,7000,2024년도 전기자동차 강진군 모델별 보조금,2024,강진군
승합(대형),이엠코리아,에픽타운(NCM),6439,0,6439,2024년도 전기자동차 강진군 모델별 보조금,2024,강진군
승합(대형),태영티엔티,GD11N,7000,0,7000,2024년도 전기자동차 강진군 모델별 보조금,2024,강진군
승합(대형),재일홀딩스,그린타운400,1539,0,1539,2024년도 전기자동차 강진군 모델별 보조금,2024,강진군
승합(대형),아이버스,아이버스어린이운송차,5950,0,5950,2024년도 전기자동차 강진군 모델별 보조금,2024,강진군
승합(중형),현대자동차,카운티 일렉트릭,3915,0,3915,2024년도 전기자동차 해남군 모델별 보조금,2024,해남군
승합(중형),현대자동차,카운티 일렉트릭(마을버스),4000,0,4000,2024년도 전기자동차 해남군 모델별 보조금,2024,해남군
승합(중형),이비온,"E6(JL618S), 어린이통학",1127,0,1127,2024년도 전기자동차 해남군 모델별 보조금,2024,해남군
승합(중형),GS글로벌,NEW BYD eBus-7,1007,0,1007,2024년도 전기자동차 해남군 모델별 보조금,2024,해남군
승합(중형),GS글로벌,BYD eBus7,2100,0,2100,2024년도 전기자동차 해남군 모델별 보조금,2024,해남군
승합(중형),한차,GREENWAY720,4250,0,4250,2024년도 전기자동차 해남군 모델별 보조금,2024,해남군
승합(중형),테라팩토리,"테라밴키즈(2022), 어린이운송용14명",776,0,776,2024년도 전기자동차 해남군 모델별 보조금,2024,해남군
승합(중형),테라팩토리,"테라밴키즈11(2022), 어린이운송용11명",772,0,772,2024년도 전기자동차 해남군 모델별 보조금,2024,해남군
승합(중형),테라팩토리,테라밴,767,0,767,2024년도 전기자동차 해남군 모델별 보조금,2024,해남군
승합(중형),중원자동차,EV J1,1496,0,1496,2024년도 전기자동차 해남군 모델별 보조금,2024,해남군
승합(중형),쏠테로,트라베리-Y540E,1676,0,1676,2024년도 전기자동차 해남군 모델별 보조금,2024,해남군
승합(중형),쏠테로,트라베리-Y550E,1676,0,1676,2024년도 전기자동차 해남군 모델별 보조금,2024,해남군
승합(중형),쏠테로,트라베리-Y560E,1676,0,1676,2024년도 전기자동차 해남군 모델별 보조금,2024,해남군
승합(중형),리텍,e-CENTRO-K,2385,0,2385,2024년도 전기자동차 해남군 모델별 보조금,2024,해남군
승합(중형),에빅오토모티브코리아,세레온(어린이),5000,0,5000,2024년도 전기자동차 해남군 모델별 보조금,2024,해남군
승합(중형),에빅오토모티브코리아,세레온(마을),5000,0,5000,2024년도 전기자동차 해남군 모델별 보조금,2024,해남군
승합(대형),현대자동차,일렉시티 이층버스,11900,5100,17000,2024년도 전기자동차 해남군 모델별 보조금,2024,해남군
승합(대형),현대자동차,일렉시티(3PACK),7000,5100,12100,2024년도 전기자동차 해남군 모델별 보조금,2024,해남군
승합(대형),현대자동차,일렉시티(4PACK V1),7000,5100,12100,2024년도 전기자동차 해남군 모델별 보조금,2024,해남군
승합(대형),현대자동차,일렉시티(4PACK V2),7000,5100,12100,2024년도 전기자동차 해남군 모델별 보조금,2024,해남군
승합(대형),현대자동차,일렉시티 타운,6859,4997,11856,2024년도 전기자동차 해남군 모델별 보조금,2024,해남군
승합(대형),케이지모빌리티커머셜,SMART 110(272kWh),3850,0,3850,2024년도 전기자동차 해남군 모델별 보조금,2024,해남군
승합(대형),케이지모빌리티커머셜,SMART 110E(347kWh),5950,0,5950,2024년도 전기자동차 해남군 모델별 보조금,2024,해남군
승합(대형),케이지모빌리티커머셜,SMART 110(260kWh),5724,0,5724,2024년도 전기자동차 해남군 모델별 보조금,2024,해남군
승합(대형),케이지모빌리티커머셜,SMART 110E(260kWh),5950,0,5950,2024년도 전기자동차 해남군 모델별 보조금,2024,해남군
승합(대형),케이지모빌리티커머셜,SMART 110(301kWh),7000,0,7000,2024년도 전기자동차 해남군 모델별 보조금,2024,해남군
승합(대형),케이지모빌리티커머셜,KG C090,6916,0,6916,2024년도 전기자동차 해남군 모델별 보조금,2024,해남군
승합(대형),우진산전,아폴로900전기버스,4719,0,4719,2024년도 전기자동차 해남군 모델별 보조금,2024,해남군
승합(대형),우진산전,아폴로1100전기버스 23MY,7000,0,7000,2024년도 전기자동차 해남군 모델별 보조금,2024,해남군
승합(대형),우진산전,아폴로1200-B43,7000,0,7000,2024년도 전기자동차 해남군 모델별 보조금,2024,해남군
승합(대형),우진산전,아폴로1200-S42,7000,0,7000,2024년도 전기자동차 해남군 모델별 보조금,2024,해남군
승합(대형),우진산전,아폴로1200-B42,7000,0,7000,2024년도 전기자동차 해남군 모델별 보조금,2024,해남군
승합(대형),우진산전,아폴로1200-B29,7000,0,7000,2024년도 전기자동차 해남군 모델별 보조금,2024,해남군
승합(대형),우진산전,아폴로1200-S29,7000,0,7000,2024년도 전기자동차 해남군 모델별 보조금,2024,해남군
승합(대형),우진산전,아폴로900 V2.0,6819,0,6819,2024년도 전기자동차 해남군 모델별 보조금,2024,해남군
승합(대형),우진산전,아폴로1100 양문형,6459,0,6459,2024년도 전기자동차 해남군 모델별 보조금,2024,해남군
승합(대형),우진산전,아폴로1100 V2.0,7000,0,7000,2024년도 전기자동차 해남군 모델별 보조금,2024,해남군
승합(대형),피라인모터스,HYPERS1609N,5796,0,5796,2024년도 전기자동차 해남군 모델별 보조금,2024,해남군
승합(대형),피라인모터스,HYPERS1611N,5440,0,5440,2024년도 전기자동차 해남군 모델별 보조금,2024,해남군
승합(대형),피라인모터스,HYPERS1609HN,5755,0,5755,2024년도 전기자동차 해남군 모델별 보조금,2024,해남군
승합(대형),피라인모터스,HYPERS1609N(25인승),5794,0,5794,2024년도 전기자동차 해남군 모델별 보조금,2024,해남군
승합(대형),피라인모터스,HYPERS1609HN(25인승),5755,0,5755,2024년도 전기자동차 해남군 모델별 보조금,2024,해남군
승합(대형),피라인모터스,HYPERS PRIME,7000,0,7000,2024년도 전기자동차 해남군 모델별 보조금,2024,해남군
승합(대형),피라인모터스,HYPERS1609P(접이식),7000,0,7000,2024년도 전기자동차 해남군 모델별 보조금,2024,해남군
승합(대형),피라인모터스,HYPERS1609P(힙레스트),7000,0,7000,2024년도 전기자동차 해남군 모델별 보조금,2024,해남군
승합(대형),피라인모터스,HYPERS1609P(25인승 접이식),7000,0,7000,2024년도 전기자동차 해남군 모델별 보조금,2024,해남군
승합(대형),피라인모터스,HYPERS1609P(25인승 힙레스트),7000,0,7000,2024년도 전기자동차 해남군 모델별 보조금,2024,해남군
승합(대형),피라인모터스,HYPERS1611P(접이식),7000,0,7000,2024년도 전기자동차 해남군 모델별 보조금,2024,해남군
승합(대형),피라인모터스,HYPERS1611P(힙레스트),7000,0,7000,2024년도 전기자동차 해남군 모델별 보조금,2024,해남군
승합(대형),피라인모터스,HYPERS HP,7000,0,7000,2024년도 전기자동차 해남군 모델별 보조금,2024,해남군
승합(대형),범한자동차,E-SKY11(350kWh),1980,0,1980,2024년도 전기자동차 해남군 모델별 보조금,2024,해남군
승합(대형),범한자동차,E-SKY9(281kWh),1980,0,1980,2024년도 전기자동차 해남군 모델별 보조금,2024,해남군
승합(대형),범한자동차,E-STAR8 V1,1719,0,1719,2024년도 전기자동차 해남군 모델별 보조금,2024,해남군
승합(대형),범한자동차,E-STAR11,1980,0,1980,2024년도 전기자동차 해남군 모델별 보조금,2024,해남군
승합(대형),범한자동차,E-STAR12i,2480,0,2480,2024년도 전기자동차 해남군 모델별 보조금,2024,해남군
승합(대형),에스에이피,아이즘(IZM),1440,0,1440,2024년도 전기자동차 해남군 모델별 보조금,2024,해남군
승합(대형),에스에이피,엘페(ELFE),1889,0,1889,2024년도 전기자동차 해남군 모델별 보조금,2024,해남군
승합(대형),에스에이피,리오네(LIONNE),1440,0,1440,2024년도 전기자동차 해남군 모델별 보조금,2024,해남군
승합(대형),에스에이피,네오포스(NEOFORCE),1440,0,1440,2024년도 전기자동차 해남군 모델별 보조금,2024,해남군
승합(대형),GS글로벌,NEW BYD eBus-12,2180,0,2180,2024년도 전기자동차 해남군 모델별 보조금,2024,해남군
승합(대형),GS글로벌,BYD eBus9,2310,0,2310,2024년도 전기자동차 해남군 모델별 보조금,2024,해남군
승합(대형),GS글로벌,BYD eBus11,3440,0,3440,2024년도 전기자동차 해남군 모델별 보조금,2024,해남군
승합(대형),티에스에코에너지,일레누스(TS1100-1),5771,0,5771,2024년도 전기자동차 해남군 모델별 보조금,2024,해남군
승합(대형),티에스에코에너지,일레누스(TS900-1),6914,0,6914,2024년도 전기자동차 해남군 모델별 보조금,2024,해남군
승합(대형),이온모터스,시티라이트Ⅱ,2290,0,2290,2024년도 전기자동차 해남군 모델별 보조금,2024,해남군
승합(대형),이온모터스,시티라이트9,2310,0,2310,2024년도 전기자동차 해남군 모델별 보조금,2024,해남군
승합(대형),한차,GREENWAY1100A,5950,0,5950,2024년도 전기자동차 해남군 모델별 보조금,2024,해남군
승합(대형),이엠코리아,에픽시티(LFP),2310,0,2310,2024년도 전기자동차 해남군 모델별 보조금,2024,해남군
승합(대형),이엠코리아,에픽타운(LFP),2101,0,2101,2024년도 전기자동차 해남군 모델별 보조금,2024,해남군
승합(대형),이엠코리아,에픽시티(NCM),7000,0,7000,2024년도 전기자동차 해남군 모델별 보조금,2024,해남군
승합(대형),이엠코리아,에픽타운(NCM),6439,0,6439,2024년도 전기자동차 해남군 모델별 보조금,2024,해남군
승합(대형),태영티엔티,GD11N,7000,0,7000,2024년도 전기자동차 해남군 모델별 보조금,2024,해남군
승합(대형),재일홀딩스,그린타운400,1539,0,1539,2024년도 전기자동차 해남군 모델별 보조금,2024,해남군
승합(대형),아이버스,아이버스어린이운송차,5950,0,5950,2024년도 전기자동차 해남군 모델별 보조금,2024,해남군
승합(중형),현대자동차,카운티 일렉트릭,3915,2852,6767,2024년도 전기자동차 영암군 모델별 보조금,2024,영암군
승합(중형),현대자동차,카운티 일렉트릭(마을버스),4000,2914,6914,2024년도 전기자동차 영암군 모델별 보조금,2024,영암군
승합(중형),이비온,"E6(JL618S), 어린이통학",1127,821,1948,2024년도 전기자동차 영암군 모델별 보조금,2024,영암군
승합(중형),GS글로벌,NEW BYD eBus-7,1007,733,1740,2024년도 전기자동차 영암군 모델별 보조금,2024,영암군
승합(중형),한차,GREENWAY720,4250,3096,7346,2024년도 전기자동차 영암군 모델별 보조금,2024,영암군
승합(중형),테라팩토리,"테라밴키즈(2022), 어린이운송용14명",776,565,1341,2024년도 전기자동차 영암군 모델별 보조금,2024,영암군
승합(중형),테라팩토리,"테라밴키즈11(2022), 어린이운송용11명",772,562,1334,2024년도 전기자동차 영암군 모델별 보조금,2024,영암군
승합(중형),테라팩토리,테라밴,767,558,1325,2024년도 전기자동차 영암군 모델별 보조금,2024,영암군
승합(중형),중원자동차,EV J1,1496,1089,2585,2024년도 전기자동차 영암군 모델별 보조금,2024,영암군
승합(중형),쏠테로,트라베리-Y540E,1676,1221,2897,2024년도 전기자동차 영암군 모델별 보조금,2024,영암군
승합(중형),쏠테로,트라베리-Y550E,1676,1221,2897,2024년도 전기자동차 영암군 모델별 보조금,2024,영암군
승합(중형),쏠테로,트라베리-Y560E,1676,1221,2897,2024년도 전기자동차 영암군 모델별 보조금,2024,영암군
승합(대형),현대자동차,일렉시티 이층버스,11900,5100,17000,2024년도 전기자동차 영암군 모델별 보조금,2024,영암군
승합(대형),현대자동차,일렉시티(3PACK),7000,5100,12100,2024년도 전기자동차 영암군 모델별 보조금,2024,영암군
승합(대형),현대자동차,일렉시티(4PACK V1),7000,5100,12100,2024년도 전기자동차 영암군 모델별 보조금,2024,영암군
승합(대형),현대자동차,일렉시티(4PACK V2),7000,5100,12100,2024년도 전기자동차 영암군 모델별 보조금,2024,영암군
승합(대형),현대자동차,일렉시티 타운,6859,4997,11856,2024년도 전기자동차 영암군 모델별 보조금,2024,영암군
승합(대형),케이지모빌리티커머셜,SMART 110(272kWh),3850,2805,6655,2024년도 전기자동차 영암군 모델별 보조금,2024,영암군
승합(대형),케이지모빌리티커머셜,SMART 110E(347kWh),5950,4335,10285,2024년도 전기자동차 영암군 모델별 보조금,2024,영암군
승합(대형),케이지모빌리티커머셜,SMART 110(260kWh),5724,4170,9894,2024년도 전기자동차 영암군 모델별 보조금,2024,영암군
승합(대형),케이지모빌리티커머셜,SMART 110E(260kWh),5950,4335,10285,2024년도 전기자동차 영암군 모델별 보조금,2024,영암군
승합(대형),케이지모빌리티커머셜,SMART 110(301kWh),7000,5100,12100,2024년도 전기자동차 영암군 모델별 보조금,2024,영암군
승합(대형),우진산전,아폴로900전기버스,4719,3438,8157,2024년도 전기자동차 영암군 모델별 보조금,2024,영암군
승합(대형),우진산전,아폴로1100전기버스 23MY,7000,5100,12100,2024년도 전기자동차 영암군 모델별 보조금,2024,영암군
승합(대형),우진산전,아폴로1200-B43,7000,5100,12100,2024년도 전기자동차 영암군 모델별 보조금,2024,영암군
승합(대형),우진산전,아폴로1200-S42,7000,5100,12100,2024년도 전기자동차 영암군 모델별 보조금,2024,영암군
승합(대형),우진산전,아폴로1200-B42,7000,5100,12100,2024년도 전기자동차 영암군 모델별 보조금,2024,영암군
승합(대형),우진산전,아폴로1200-B29,7000,5100,12100,2024년도 전기자동차 영암군 모델별 보조금,2024,영암군
승합(대형),우진산전,아폴로1200-S29,7000,5100,12100,2024년도 전기자동차 영암군 모델별 보조금,2024,영암군
승합(대형),피라인모터스,HYPERS1609N,5796,4222,10018,2024년도 전기자동차 영암군 모델별 보조금,2024,영암군
승합(대형),피라인모터스,HYPERS1611N,5440,3963,9403,2024년도 전기자동차 영암군 모델별 보조금,2024,영암군
승합(대형),피라인모터스,HYPERS1609HN,5755,4192,9947,2024년도 전기자동차 영암군 모델별 보조금,2024,영암군
승합(대형),피라인모터스,HYPERS1609N(25인승),5794,4221,10015,2024년도 전기자동차 영암군 모델별 보조금,2024,영암군
승합(대형),피라인모터스,HYPERS1609HN(25인승),5755,4192,9947,2024년도 전기자동차 영암군 모델별 보조금,2024,영암군
승합(대형),피라인모터스,HYPERS PRIME,7000,5100,12100,2024년도 전기자동차 영암군 모델별 보조금,2024,영암군
승합(대형),피라인모터스,HYPERS1609P(접이식),7000,5100,12100,2024년도 전기자동차 영암군 모델별 보조금,2024,영암군
승합(대형),피라인모터스,HYPERS1609P(힙레스트),7000,5100,12100,2024년도 전기자동차 영암군 모델별 보조금,2024,영암군
승합(대형),피라인모터스,HYPERS1609P(25인승 접이식),7000,5100,12100,2024년도 전기자동차 영암군 모델별 보조금,2024,영암군
승합(대형),피라인모터스,HYPERS1609P(25인승 힙레스트),7000,5100,12100,2024년도 전기자동차 영암군 모델별 보조금,2024,영암군
승합(대형),피라인모터스,HYPERS1611P(접이식),7000,5100,12100,2024년도 전기자동차 영암군 모델별 보조금,2024,영암군
승합(대형),피라인모터스,HYPERS1611P(힙레스트),7000,5100,12100,2024년도 전기자동차 영암군 모델별 보조금,2024,영암군
승합(대형),피라인모터스,HYPERS HP,7000,5100,12100,2024년도 전기자동차 영암군 모델별 보조금,2024,영암군
승합(대형),범한자동차,E-SKY11(350kWh),1980,1442,3422,2024년도 전기자동차 영암군 모델별 보조금,2024,영암군
승합(대형),범한자동차,E-SKY9(281kWh),1980,1442,3422,2024년도 전기자동차 영암군 모델별 보조금,2024,영암군
승합(대형),범한자동차,E-STAR8 V1,1719,1252,2971,2024년도 전기자동차 영암군 모델별 보조금,2024,영암군
승합(대형),범한자동차,E-STAR11,1980,1442,3422,2024년도 전기자동차 영암군 모델별 보조금,2024,영암군
승합(대형),범한자동차,E-STAR12i,2480,1806,4286,2024년도 전기자동차 영암군 모델별 보조금,2024,영암군
승합(대형),에스에이피,아이즘(IZM),1440,1049,2489,2024년도 전기자동차 영암군 모델별 보조금,2024,영암군
승합(대형),에스에이피,엘페(ELFE),1889,1376,3265,2024년도 전기자동차 영암군 모델별 보조금,2024,영암군
승합(대형),에스에이피,리오네(LIONNE),1440,1049,2489,2024년도 전기자동차 영암군 모델별 보조금,2024,영암군
승합(대형),에스에이피,네오포스(NEOFORCE),1440,1049,2489,2024년도 전기자동차 영암군 모델별 보조금,2024,영암군
승합(대형),GS글로벌,NEW BYD eBus-12,2180,1588,3768,2024년도 전기자동차 영암군 모델별 보조금,2024,영암군
승합(대형),GS글로벌,BYD eBus9,2310,1683,3993,2024년도 전기자동차 영암군 모델별 보조금,2024,영암군
승합(대형),티에스에코에너지,일레누스(TS1100-1),5771,4204,9975,2024년도 전기자동차 영암군 모델별 보조금,2024,영암군
승합(대형),티에스에코에너지,일레누스(TS900-1),6914,5037,11951,2024년도 전기자동차 영암군 모델별 보조금,2024,영암군
승합(대형),이온모터스,시티라이트Ⅱ,2290,1668,3958,2024년도 전기자동차 영암군 모델별 보조금,2024,영암군
승합(대형),이온모터스,시티라이트9,2310,1683,3993,2024년도 전기자동차 영암군 모델별 보조금,2024,영암군
승합(대형),한차,GREENWAY1100A,5950,4335,10285,2024년도 전기자동차 영암군 모델별 보조금,2024,영암군
승합(대형),이엠코리아,에픽시티(LFP),2310,1683,3993,2024년도 전기자동차 영암군 모델별 보조금,2024,영암군
승합(대형),이엠코리아,에픽타운(LFP),2101,1530,3631,2024년도 전기자동차 영암군 모델별 보조금,2024,영암군
승합(대형),재일홀딩스,그린타운400,1539,1121,2660,2024년도 전기자동차 영암군 모델별 보조금,2024,영암군
승합(중형),현대자동차,카운티 일렉트릭,3915,0,3915,2024년도 전기자동차 무안군 모델별 보조금,2024,무안군
승합(중형),현대자동차,카운티 일렉트릭(마을버스),4000,0,4000,2024년도 전기자동차 무안군 모델별 보조금,2024,무안군
승합(중형),이비온,"E6(JL618S), 어린이통학",1127,0,1127,2024년도 전기자동차 무안군 모델별 보조금,2024,무안군
승합(중형),GS글로벌,NEW BYD eBus-7,1007,0,1007,2024년도 전기자동차 무안군 모델별 보조금,2024,무안군
승합(중형),한차,GREENWAY720,4250,0,4250,2024년도 전기자동차 무안군 모델별 보조금,2024,무안군
승합(중형),테라팩토리,"테라밴키즈(2022), 어린이운송용14명",776,0,776,2024년도 전기자동차 무안군 모델별 보조금,2024,무안군
승합(중형),테라팩토리,"테라밴키즈11(2022), 어린이운송용11명",772,0,772,2024년도 전기자동차 무안군 모델별 보조금,2024,무안군
승합(중형),테라팩토리,테라밴,767,0,767,2024년도 전기자동차 무안군 모델별 보조금,2024,무안군
승합(중형),중원자동차,EV J1,1496,0,1496,2024년도 전기자동차 무안군 모델별 보조금,2024,무안군
승합(중형),쏠테로,트라베리-Y540E,1676,0,1676,2024년도 전기자동차 무안군 모델별 보조금,2024,무안군
승합(중형),쏠테로,트라베리-Y550E,1676,0,1676,2024년도 전기자동차 무안군 모델별 보조금,2024,무안군
승합(중형),쏠테로,트라베리-Y560E,1676,0,1676,2024년도 전기자동차 무안군 모델별 보조금,2024,무안군
승합(중형),리텍,e-CENTRO-K,2385,0,2385,2024년도 전기자동차 무안군 모델별 보조금,2024,무안군
승합(중형),에빅오토모티브코리아,세레온(어린이),5000,0,5000,2024년도 전기자동차 무안군 모델별 보조금,2024,무안군
승합(중형),에빅오토모티브코리아,세레온(마을),5000,0,5000,2024년도 전기자동차 무안군 모델별 보조금,2024,무안군
승합(대형),현대자동차,일렉시티 이층버스,11900,0,11900,2024년도 전기자동차 무안군 모델별 보조금,2024,무안군
승합(대형),현대자동차,일렉시티(3PACK),7000,0,7000,2024년도 전기자동차 무안군 모델별 보조금,2024,무안군
승합(대형),현대자동차,일렉시티(4PACK V1),7000,0,7000,2024년도 전기자동차 무안군 모델별 보조금,2024,무안군
승합(대형),현대자동차,일렉시티(4PACK V2),7000,0,7000,2024년도 전기자동차 무안군 모델별 보조금,2024,무안군
승합(대형),현대자동차,일렉시티 타운,6859,0,6859,2024년도 전기자동차 무안군 모델별 보조금,2024,무안군
승합(대형),케이지모빌리티커머셜,SMART 110(272kWh),3850,0,3850,2024년도 전기자동차 무안군 모델별 보조금,2024,무안군
승합(대형),케이지모빌리티커머셜,SMART 110E(347kWh),5950,0,5950,2024년도 전기자동차 무안군 모델별 보조금,2024,무안군
승합(대형),케이지모빌리티커머셜,SMART 110(260kWh),5724,0,5724,2024년도 전기자동차 무안군 모델별 보조금,2024,무안군
승합(대형),케이지모빌리티커머셜,SMART 110E(260kWh),5950,0,5950,2024년도 전기자동차 무안군 모델별 보조금,2024,무안군
승합(대형),케이지모빌리티커머셜,SMART 110(301kWh),7000,0,7000,2024년도 전기자동차 무안군 모델별 보조금,2024,무안군
승합(대형),케이지모빌리티커머셜,KG C090,6916,0,6916,2024년도 전기자동차 무안군 모델별 보조금,2024,무안군
승합(대형),우진산전,아폴로900전기버스,4719,0,4719,2024년도 전기자동차 무안군 모델별 보조금,2024,무안군
승합(대형),우진산전,아폴로1100전기버스 23MY,7000,0,7000,2024년도 전기자동차 무안군 모델별 보조금,2024,무안군
승합(대형),우진산전,아폴로1200-B43,7000,0,7000,2024년도 전기자동차 무안군 모델별 보조금,2024,무안군
승합(대형),우진산전,아폴로1200-S42,7000,0,7000,2024년도 전기자동차 무안군 모델별 보조금,2024,무안군
승합(대형),우진산전,아폴로1200-B42,7000,0,7000,2024년도 전기자동차 무안군 모델별 보조금,2024,무안군
승합(대형),우진산전,아폴로1200-B29,7000,0,7000,2024년도 전기자동차 무안군 모델별 보조금,2024,무안군
승합(대형),우진산전,아폴로1200-S29,7000,0,7000,2024년도 전기자동차 무안군 모델별 보조금,2024,무안군
승합(대형),우진산전,아폴로900 V2.0,6819,0,6819,2024년도 전기자동차 무안군 모델별 보조금,2024,무안군
승합(대형),우진산전,아폴로1100 양문형,6459,0,6459,2024년도 전기자동차 무안군 모델별 보조금,2024,무안군
승합(대형),우진산전,아폴로1100 V2.0,7000,0,7000,2024년도 전기자동차 무안군 모델별 보조금,2024,무안군
승합(대형),피라인모터스,HYPERS1609N,5796,0,5796,2024년도 전기자동차 무안군 모델별 보조금,2024,무안군
승합(대형),피라인모터스,HYPERS1611N,5440,0,5440,2024년도 전기자동차 무안군 모델별 보조금,2024,무안군
승합(대형),피라인모터스,HYPERS1609HN,5755,0,5755,2024년도 전기자동차 무안군 모델별 보조금,2024,무안군
승합(대형),피라인모터스,HYPERS1609N(25인승),5794,0,5794,2024년도 전기자동차 무안군 모델별 보조금,2024,무안군
승합(대형),피라인모터스,HYPERS1609HN(25인승),5755,0,5755,2024년도 전기자동차 무안군 모델별 보조금,2024,무안군
승합(대형),피라인모터스,HYPERS PRIME,7000,0,7000,2024년도 전기자동차 무안군 모델별 보조금,2024,무안군
승합(대형),피라인모터스,HYPERS1609P(접이식),7000,0,7000,2024년도 전기자동차 무안군 모델별 보조금,2024,무안군
승합(대형),피라인모터스,HYPERS1609P(힙레스트),7000,0,7000,2024년도 전기자동차 무안군 모델별 보조금,2024,무안군
승합(대형),피라인모터스,HYPERS1609P(25인승 접이식),7000,0,7000,2024년도 전기자동차 무안군 모델별 보조금,2024,무안군
승합(대형),피라인모터스,HYPERS1609P(25인승 힙레스트),7000,0,7000,2024년도 전기자동차 무안군 모델별 보조금,2024,무안군
승합(대형),피라인모터스,HYPERS1611P(접이식),7000,0,7000,2024년도 전기자동차 무안군 모델별 보조금,2024,무안군
승합(대형),피라인모터스,HYPERS1611P(힙레스트),7000,0,7000,2024년도 전기자동차 무안군 모델별 보조금,2024,무안군
승합(대형),피라인모터스,HYPERS HP,7000,0,7000,2024년도 전기자동차 무안군 모델별 보조금,2024,무안군
승합(대형),범한자동차,E-SKY11(350kWh),1980,0,1980,2024년도 전기자동차 무안군 모델별 보조금,2024,무안군
승합(대형),범한자동차,E-SKY9(281kWh),1980,0,1980,2024년도 전기자동차 무안군 모델별 보조금,2024,무안군
승합(대형),범한자동차,E-STAR8 V1,1719,0,1719,2024년도 전기자동차 무안군 모델별 보조금,2024,무안군
승합(대형),범한자동차,E-STAR11,1980,0,1980,2024년도 전기자동차 무안군 모델별 보조금,2024,무안군
승합(대형),범한자동차,E-STAR12i,2480,0,2480,2024년도 전기자동차 무안군 모델별 보조금,2024,무안군
승합(대형),에스에이피,아이즘(IZM),1440,0,1440,2024년도 전기자동차 무안군 모델별 보조금,2024,무안군
승합(대형),에스에이피,엘페(ELFE),1889,0,1889,2024년도 전기자동차 무안군 모델별 보조금,2024,무안군
승합(대형),에스에이피,리오네(LIONNE),1440,0,1440,2024년도 전기자동차 무안군 모델별 보조금,2024,무안군
승합(대형),에스에이피,네오포스(NEOFORCE),1440,0,1440,2024년도 전기자동차 무안군 모델별 보조금,2024,무안군
승합(대형),GS글로벌,NEW BYD eBus-12,2180,0,2180,2024년도 전기자동차 무안군 모델별 보조금,2024,무안군
승합(대형),GS글로벌,BYD eBus9,2310,0,2310,2024년도 전기자동차 무안군 모델별 보조금,2024,무안군
승합(대형),GS글로벌,BYD eBus11,3440,0,3440,2024년도 전기자동차 무안군 모델별 보조금,2024,무안군
승합(대형),티에스에코에너지,일레누스(TS1100-1),5771,0,5771,2024년도 전기자동차 무안군 모델별 보조금,2024,무안군
승합(대형),티에스에코에너지,일레누스(TS900-1),6914,0,6914,2024년도 전기자동차 무안군 모델별 보조금,2024,무안군
승합(대형),이온모터스,시티라이트Ⅱ,2290,0,2290,2024년도 전기자동차 무안군 모델별 보조금,2024,무안군
승합(대형),이온모터스,시티라이트9,2310,0,2310,2024년도 전기자동차 무안군 모델별 보조금,2024,무안군
승합(대형),한차,GREENWAY1100A,5950,0,5950,2024년도 전기자동차 무안군 모델별 보조금,2024,무안군
승합(대형),이엠코리아,에픽시티(LFP),2310,0,2310,2024년도 전기자동차 무안군 모델별 보조금,2024,무안군
승합(대형),이엠코리아,에픽타운(LFP),2101,0,2101,2024년도 전기자동차 무안군 모델별 보조금,2024,무안군
승합(대형),이엠코리아,에픽시티(NCM),7000,0,7000,2024년도 전기자동차 무안군 모델별 보조금,2024,무안군
승합(대형),이엠코리아,에픽타운(NCM),6439,0,6439,2024년도 전기자동차 무안군 모델별 보조금,2024,무안군
승합(대형),태영티엔티,GD11N,7000,0,7000,2024년도 전기자동차 무안군 모델별 보조금,2024,무안군
승합(대형),재일홀딩스,그린타운400,1539,0,1539,2024년도 전기자동차 무안군 모델별 보조금,2024,무안군
승합(대형),아이버스,아이버스어린이운송차,5950,0,5950,2024년도 전기자동차 무안군 모델별 보조금,2024,무안군
승합(중형),현대자동차,카운티 일렉트릭,3915,0,3915,2024년도 전기자동차 함평군 모델별 보조금,2024,함평군
승합(중형),현대자동차,카운티 일렉트릭(마을버스),4000,0,4000,2024년도 전기자동차 함평군 모델별 보조금,2024,함평군
승합(중형),이비온,"E6(JL618S), 어린이통학",1127,0,1127,2024년도 전기자동차 함평군 모델별 보조금,2024,함평군
승합(중형),GS글로벌,NEW BYD eBus-7,1007,0,1007,2024년도 전기자동차 함평군 모델별 보조금,2024,함평군
승합(중형),한차,GREENWAY720,4250,0,4250,2024년도 전기자동차 함평군 모델별 보조금,2024,함평군
승합(중형),테라팩토리,"테라밴키즈(2022), 어린이운송용14명",776,0,776,2024년도 전기자동차 함평군 모델별 보조금,2024,함평군
승합(중형),테라팩토리,"테라밴키즈11(2022), 어린이운송용11명",772,0,772,2024년도 전기자동차 함평군 모델별 보조금,2024,함평군
승합(중형),테라팩토리,테라밴,767,0,767,2024년도 전기자동차 함평군 모델별 보조금,2024,함평군
승합(중형),중원자동차,EV J1,1496,0,1496,2024년도 전기자동차 함평군 모델별 보조금,2024,함평군
승합(중형),쏠테로,트라베리-Y540E,1676,0,1676,2024년도 전기자동차 함평군 모델별 보조금,2024,함평군
승합(중형),쏠테로,트라베리-Y550E,1676,0,1676,2024년도 전기자동차 함평군 모델별 보조금,2024,함평군
승합(중형),쏠테로,트라베리-Y560E,1676,0,1676,2024년도 전기자동차 함평군 모델별 보조금,2024,함평군
승합(중형),리텍,e-CENTRO-K,2385,0,2385,2024년도 전기자동차 함평군 모델별 보조금,2024,함평군
승합(중형),에빅오토모티브코리아,세레온(어린이),5000,0,5000,2024년도 전기자동차 함평군 모델별 보조금,2024,함평군
승합(중형),에빅오토모티브코리아,세레온(마을),5000,0,5000,2024년도 전기자동차 함평군 모델별 보조금,2024,함평군
승합(대형),현대자동차,일렉시티 이층버스,11900,0,11900,2024년도 전기자동차 함평군 모델별 보조금,2024,함평군
승합(대형),현대자동차,일렉시티(3PACK),7000,0,7000,2024년도 전기자동차 함평군 모델별 보조금,2024,함평군
승합(대형),현대자동차,일렉시티(4PACK V1),7000,0,7000,2024년도 전기자동차 함평군 모델별 보조금,2024,함평군
승합(대형),현대자동차,일렉시티(4PACK V2),7000,0,7000,2024년도 전기자동차 함평군 모델별 보조금,2024,함평군
승합(대형),현대자동차,일렉시티 타운,6859,0,6859,2024년도 전기자동차 함평군 모델별 보조금,2024,함평군
승합(대형),케이지모빌리티커머셜,SMART 110(272kWh),3850,0,3850,2024년도 전기자동차 함평군 모델별 보조금,2024,함평군
승합(대형),케이지모빌리티커머셜,SMART 110E(347kWh),5950,0,5950,2024년도 전기자동차 함평군 모델별 보조금,2024,함평군
승합(대형),케이지모빌리티커머셜,SMART 110(260kWh),5724,0,5724,2024년도 전기자동차 함평군 모델별 보조금,2024,함평군
승합(대형),케이지모빌리티커머셜,SMART 110E(260kWh),5950,0,5950,2024년도 전기자동차 함평군 모델별 보조금,2024,함평군
승합(대형),케이지모빌리티커머셜,SMART 110(301kWh),7000,0,7000,2024년도 전기자동차 함평군 모델별 보조금,2024,함평군
승합(대형),케이지모빌리티커머셜,KG C090,6916,0,6916,2024년도 전기자동차 함평군 모델별 보조금,2024,함평군
승합(대형),우진산전,아폴로900전기버스,4719,0,4719,2024년도 전기자동차 함평군 모델별 보조금,2024,함평군
승합(대형),우진산전,아폴로1100전기버스 23MY,7000,0,7000,2024년도 전기자동차 함평군 모델별 보조금,2024,함평군
승합(대형),우진산전,아폴로1200-B43,7000,0,7000,2024년도 전기자동차 함평군 모델별 보조금,2024,함평군
승합(대형),우진산전,아폴로1200-S42,7000,0,7000,2024년도 전기자동차 함평군 모델별 보조금,2024,함평군
승합(대형),우진산전,아폴로1200-B42,7000,0,7000,2024년도 전기자동차 함평군 모델별 보조금,2024,함평군
승합(대형),우진산전,아폴로1200-B29,7000,0,7000,2024년도 전기자동차 함평군 모델별 보조금,2024,함평군
승합(대형),우진산전,아폴로1200-S29,7000,0,7000,2024년도 전기자동차 함평군 모델별 보조금,2024,함평군
승합(대형),우진산전,아폴로900 V2.0,6819,0,6819,2024년도 전기자동차 함평군 모델별 보조금,2024,함평군
승합(대형),우진산전,아폴로1100 양문형,6459,0,6459,2024년도 전기자동차 함평군 모델별 보조금,2024,함평군
승합(대형),우진산전,아폴로1100 V2.0,7000,0,7000,2024년도 전기자동차 함평군 모델별 보조금,2024,함평군
승합(대형),피라인모터스,HYPERS1609N,5796,0,5796,2024년도 전기자동차 함평군 모델별 보조금,2024,함평군
승합(대형),피라인모터스,HYPERS1611N,5440,0,5440,2024년도 전기자동차 함평군 모델별 보조금,2024,함평군
승합(대형),피라인모터스,HYPERS1609HN,5755,0,5755,2024년도 전기자동차 함평군 모델별 보조금,2024,함평군
승합(대형),피라인모터스,HYPERS1609N(25인승),5794,0,5794,2024년도 전기자동차 함평군 모델별 보조금,2024,함평군
승합(대형),피라인모터스,HYPERS1609HN(25인승),5755,0,5755,2024년도 전기자동차 함평군 모델별 보조금,2024,함평군
승합(대형),피라인모터스,HYPERS PRIME,7000,0,7000,2024년도 전기자동차 함평군 모델별 보조금,2024,함평군
승합(대형),피라인모터스,HYPERS1609P(접이식),7000,0,7000,2024년도 전기자동차 함평군 모델별 보조금,2024,함평군
승합(대형),피라인모터스,HYPERS1609P(힙레스트),7000,0,7000,2024년도 전기자동차 함평군 모델별 보조금,2024,함평군
승합(대형),피라인모터스,HYPERS1609P(25인승 접이식),7000,0,7000,2024년도 전기자동차 함평군 모델별 보조금,2024,함평군
승합(대형),피라인모터스,HYPERS1609P(25인승 힙레스트),7000,0,7000,2024년도 전기자동차 함평군 모델별 보조금,2024,함평군
승합(대형),피라인모터스,HYPERS1611P(접이식),7000,0,7000,2024년도 전기자동차 함평군 모델별 보조금,2024,함평군
승합(대형),피라인모터스,HYPERS1611P(힙레스트),7000,0,7000,2024년도 전기자동차 함평군 모델별 보조금,2024,함평군
승합(대형),피라인모터스,HYPERS HP,7000,0,7000,2024년도 전기자동차 함평군 모델별 보조금,2024,함평군
승합(대형),범한자동차,E-SKY11(350kWh),1980,0,1980,2024년도 전기자동차 함평군 모델별 보조금,2024,함평군
승합(대형),범한자동차,E-SKY9(281kWh),1980,0,1980,2024년도 전기자동차 함평군 모델별 보조금,2024,함평군
승합(대형),범한자동차,E-STAR8 V1,1719,0,1719,2024년도 전기자동차 함평군 모델별 보조금,2024,함평군
승합(대형),범한자동차,E-STAR11,1980,0,1980,2024년도 전기자동차 함평군 모델별 보조금,2024,함평군
승합(대형),범한자동차,E-STAR12i,2480,0,2480,2024년도 전기자동차 함평군 모델별 보조금,2024,함평군
승합(대형),에스에이피,아이즘(IZM),1440,0,1440,2024년도 전기자동차 함평군 모델별 보조금,2024,함평군
승합(대형),에스에이피,엘페(ELFE),1889,0,1889,2024년도 전기자동차 함평군 모델별 보조금,2024,함평군
승합(대형),에스에이피,리오네(LIONNE),1440,0,1440,2024년도 전기자동차 함평군 모델별 보조금,2024,함평군
승합(대형),에스에이피,네오포스(NEOFORCE),1440,0,1440,2024년도 전기자동차 함평군 모델별 보조금,2024,함평군
승합(대형),GS글로벌,NEW BYD eBus-12,2180,0,2180,2024년도 전기자동차 함평군 모델별 보조금,2024,함평군
승합(대형),GS글로벌,BYD eBus9,2310,0,2310,2024년도 전기자동차 함평군 모델별 보조금,2024,함평군
승합(대형),GS글로벌,BYD eBus11,3440,0,3440,2024년도 전기자동차 함평군 모델별 보조금,2024,함평군
승합(대형),티에스에코에너지,일레누스(TS1100-1),5771,0,5771,2024년도 전기자동차 함평군 모델별 보조금,2024,함평군
승합(대형),티에스에코에너지,일레누스(TS900-1),6914,0,6914,2024년도 전기자동차 함평군 모델별 보조금,2024,함평군
승합(대형),이온모터스,시티라이트Ⅱ,2290,0,2290,2024년도 전기자동차 함평군 모델별 보조금,2024,함평군
승합(대형),이온모터스,시티라이트9,2310,0,2310,2024년도 전기자동차 함평군 모델별 보조금,2024,함평군
승합(대형),한차,GREENWAY1100A,5950,0,5950,2024년도 전기자동차 함평군 모델별 보조금,2024,함평군
승합(대형),이엠코리아,에픽시티(LFP),2310,0,2310,2024년도 전기자동차 함평군 모델별 보조금,2024,함평군
승합(대형),이엠코리아,에픽타운(LFP),2101,0,2101,2024년도 전기자동차 함평군 모델별 보조금,2024,함평군
승합(대형),이엠코리아,에픽시티(NCM),7000,0,7000,2024년도 전기자동차 함평군 모델별 보조금,2024,함평군
승합(대형),이엠코리아,에픽타운(NCM),6439,0,6439,2024년도 전기자동차 함평군 모델별 보조금,2024,함평군
승합(대형),태영티엔티,GD11N,7000,0,7000,2024년도 전기자동차 함평군 모델별 보조금,2024,함평군
승합(대형),재일홀딩스,그린타운400,1539,0,1539,2024년도 전기자동차 함평군 모델별 보조금,2024,함평군
승합(대형),아이버스,아이버스어린이운송차,5950,0,5950,2024년도 전기자동차 함평군 모델별 보조금,2024,함평군
승합(중형),현대자동차,카운티 일렉트릭,3915,2852,6767,2024년도 전기자동차 영광군 모델별 보조금,2024,영광군
승합(중형),현대자동차,카운티 일렉트릭(마을버스),4000,2914,6914,2024년도 전기자동차 영광군 모델별 보조금,2024,영광군
승합(중형),이비온,"E6(JL618S), 어린이통학",1127,821,1948,2024년도 전기자동차 영광군 모델별 보조금,2024,영광군
승합(중형),GS글로벌,NEW BYD eBus-7,1007,0,1007,2024년도 전기자동차 영광군 모델별 보조금,2024,영광군
승합(중형),한차,GREENWAY720,4250,0,4250,2024년도 전기자동차 영광군 모델별 보조금,2024,영광군
승합(중형),테라팩토리,"테라밴키즈(2022), 어린이운송용14명",776,0,776,2024년도 전기자동차 영광군 모델별 보조금,2024,영광군
승합(중형),테라팩토리,"테라밴키즈11(2022), 어린이운송용11명",772,0,772,2024년도 전기자동차 영광군 모델별 보조금,2024,영광군
승합(중형),테라팩토리,테라밴,767,0,767,2024년도 전기자동차 영광군 모델별 보조금,2024,영광군
승합(중형),중원자동차,EV J1,1496,0,1496,2024년도 전기자동차 영광군 모델별 보조금,2024,영광군
승합(중형),쏠테로,트라베리-Y540E,1676,0,1676,2024년도 전기자동차 영광군 모델별 보조금,2024,영광군
승합(중형),쏠테로,트라베리-Y550E,1676,0,1676,2024년도 전기자동차 영광군 모델별 보조금,2024,영광군
승합(중형),쏠테로,트라베리-Y560E,1676,0,1676,2024년도 전기자동차 영광군 모델별 보조금,2024,영광군
승합(대형),현대자동차,일렉시티 이층버스,11900,5100,17000,2024년도 전기자동차 영광군 모델별 보조금,2024,영광군
승합(대형),현대자동차,일렉시티(3PACK),7000,5100,12100,2024년도 전기자동차 영광군 모델별 보조금,2024,영광군
승합(대형),현대자동차,일렉시티(4PACK V1),7000,5100,12100,2024년도 전기자동차 영광군 모델별 보조금,2024,영광군
승합(대형),현대자동차,일렉시티(4PACK V2),7000,5100,12100,2024년도 전기자동차 영광군 모델별 보조금,2024,영광군
승합(대형),현대자동차,일렉시티 타운,6859,4997,11856,2024년도 전기자동차 영광군 모델별 보조금,2024,영광군
승합(대형),케이지모빌리티커머셜,SMART 110(272kWh),3850,0,3850,2024년도 전기자동차 영광군 모델별 보조금,2024,영광군
승합(대형),케이지모빌리티커머셜,SMART 110E(347kWh),5950,0,5950,2024년도 전기자동차 영광군 모델별 보조금,2024,영광군
승합(대형),케이지모빌리티커머셜,SMART 110(260kWh),5724,0,5724,2024년도 전기자동차 영광군 모델별 보조금,2024,영광군
승합(대형),케이지모빌리티커머셜,SMART 110E(260kWh),5950,0,5950,2024년도 전기자동차 영광군 모델별 보조금,2024,영광군
승합(대형),케이지모빌리티커머셜,SMART 110(301kWh),7000,0,7000,2024년도 전기자동차 영광군 모델별 보조금,2024,영광군
승합(대형),우진산전,아폴로900전기버스,4719,0,4719,2024년도 전기자동차 영광군 모델별 보조금,2024,영광군
승합(대형),우진산전,아폴로1100전기버스 23MY,7000,0,7000,2024년도 전기자동차 영광군 모델별 보조금,2024,영광군
승합(대형),우진산전,아폴로1200-B43,7000,0,7000,2024년도 전기자동차 영광군 모델별 보조금,2024,영광군
승합(대형),우진산전,아폴로1200-S42,7000,0,7000,2024년도 전기자동차 영광군 모델별 보조금,2024,영광군
승합(대형),우진산전,아폴로1200-B42,7000,0,7000,2024년도 전기자동차 영광군 모델별 보조금,2024,영광군
승합(대형),우진산전,아폴로1200-B29,7000,0,7000,2024년도 전기자동차 영광군 모델별 보조금,2024,영광군
승합(대형),우진산전,아폴로1200-S29,7000,0,7000,2024년도 전기자동차 영광군 모델별 보조금,2024,영광군
승합(대형),피라인모터스,HYPERS1609N,5796,0,5796,2024년도 전기자동차 영광군 모델별 보조금,2024,영광군
승합(대형),피라인모터스,HYPERS1611N,5440,0,5440,2024년도 전기자동차 영광군 모델별 보조금,2024,영광군
승합(대형),피라인모터스,HYPERS1609HN,5755,0,5755,2024년도 전기자동차 영광군 모델별 보조금,2024,영광군
승합(대형),피라인모터스,HYPERS1609N(25인승),5794,0,5794,2024년도 전기자동차 영광군 모델별 보조금,2024,영광군
승합(대형),피라인모터스,HYPERS1609HN(25인승),5755,0,5755,2024년도 전기자동차 영광군 모델별 보조금,2024,영광군
승합(대형),피라인모터스,HYPERS PRIME,7000,0,7000,2024년도 전기자동차 영광군 모델별 보조금,2024,영광군
승합(대형),피라인모터스,HYPERS1609P(접이식),7000,0,7000,2024년도 전기자동차 영광군 모델별 보조금,2024,영광군
승합(대형),피라인모터스,HYPERS1609P(힙레스트),7000,0,7000,2024년도 전기자동차 영광군 모델별 보조금,2024,영광군
승합(대형),피라인모터스,HYPERS1609P(25인승 접이식),7000,0,7000,2024년도 전기자동차 영광군 모델별 보조금,2024,영광군
승합(대형),피라인모터스,HYPERS1609P(25인승 힙레스트),7000,0,7000,2024년도 전기자동차 영광군 모델별 보조금,2024,영광군
승합(대형),피라인모터스,HYPERS1611P(접이식),7000,0,7000,2024년도 전기자동차 영광군 모델별 보조금,2024,영광군
승합(대형),피라인모터스,HYPERS1611P(힙레스트),7000,0,7000,2024년도 전기자동차 영광군 모델별 보조금,2024,영광군
승합(대형),범한자동차,E-SKY11(350kWh),1980,0,1980,2024년도 전기자동차 영광군 모델별 보조금,2024,영광군
승합(대형),범한자동차,E-SKY9(281kWh),1980,0,1980,2024년도 전기자동차 영광군 모델별 보조금,2024,영광군
승합(대형),범한자동차,E-STAR8 V1,1719,0,1719,2024년도 전기자동차 영광군 모델별 보조금,2024,영광군
승합(대형),범한자동차,E-STAR11,1980,0,1980,2024년도 전기자동차 영광군 모델별 보조금,2024,영광군
승합(대형),범한자동차,E-STAR12i,2480,0,2480,2024년도 전기자동차 영광군 모델별 보조금,2024,영광군
승합(대형),에스에이피,아이즘(IZM),1440,0,1440,2024년도 전기자동차 영광군 모델별 보조금,2024,영광군
승합(대형),에스에이피,엘페(ELFE),1889,0,1889,2024년도 전기자동차 영광군 모델별 보조금,2024,영광군
승합(대형),에스에이피,리오네(LIONNE),1440,0,1440,2024년도 전기자동차 영광군 모델별 보조금,2024,영광군
승합(대형),에스에이피,네오포스(NEOFORCE),1440,0,1440,2024년도 전기자동차 영광군 모델별 보조금,2024,영광군
승합(대형),GS글로벌,NEW BYD eBus-12,2180,0,2180,2024년도 전기자동차 영광군 모델별 보조금,2024,영광군
승합(대형),GS글로벌,BYD eBus9,2310,0,2310,2024년도 전기자동차 영광군 모델별 보조금,2024,영광군
승합(대형),티에스에코에너지,일레누스(TS1100-1),5771,0,5771,2024년도 전기자동차 영광군 모델별 보조금,2024,영광군
승합(대형),티에스에코에너지,일레누스(TS900-1),6914,0,6914,2024년도 전기자동차 영광군 모델별 보조금,2024,영광군
승합(대형),이온모터스,시티라이트Ⅱ,2290,0,2290,2024년도 전기자동차 영광군 모델별 보조금,2024,영광군
승합(대형),이온모터스,시티라이트9,2310,0,2310,2024년도 전기자동차 영광군 모델별 보조금,2024,영광군
승합(대형),한차,GREENWAY1100A,5950,0,5950,2024년도 전기자동차 영광군 모델별 보조금,2024,영광군
승합(대형),이엠코리아,에픽시티(LFP),2310,0,2310,2024년도 전기자동차 영광군 모델별 보조금,2024,영광군
승합(대형),이엠코리아,에픽타운(LFP),2101,0,2101,2024년도 전기자동차 영광군 모델별 보조금,2024,영광군
승합(대형),재일홀딩스,그린타운400,1539,0,1539,2024년도 전기자동차 영광군 모델별 보조금,2024,영광군
승합(중형),현대자동차,카운티 일렉트릭,3915,2851,6766,2024년도 전기자동차 장성군 모델별 보조금,2024,장성군
승합(중형),현대자동차,카운티 일렉트릭(마을버스),4000,2913,6913,2024년도 전기자동차 장성군 모델별 보조금,2024,장성군
승합(중형),이비온,"E6(JL618S), 어린이통학",1127,820,1947,2024년도 전기자동차 장성군 모델별 보조금,2024,장성군
승합(중형),GS글로벌,NEW BYD eBus-7,1007,733,1740,2024년도 전기자동차 장성군 모델별 보조금,2024,장성군
승합(중형),한차,GREENWAY720,4250,3095,7345,2024년도 전기자동차 장성군 모델별 보조금,2024,장성군
승합(중형),테라팩토리,"테라밴키즈(2022), 어린이운송용14명",776,565,1341,2024년도 전기자동차 장성군 모델별 보조금,2024,장성군
승합(중형),테라팩토리,"테라밴키즈11(2022), 어린이운송용11명",772,562,1334,2024년도 전기자동차 장성군 모델별 보조금,2024,장성군
승합(중형),테라팩토리,테라밴,767,558,1325,2024년도 전기자동차 장성군 모델별 보조금,2024,장성군
승합(중형),중원자동차,EV J1,1496,1089,2585,2024년도 전기자동차 장성군 모델별 보조금,2024,장성군
승합(대형),현대자동차,일렉시티 이층버스,11900,5100,17000,2024년도 전기자동차 장성군 모델별 보조금,2024,장성군
승합(대형),현대자동차,일렉시티(3PACK),7000,5100,12100,2024년도 전기자동차 장성군 모델별 보조금,2024,장성군
승합(대형),현대자동차,일렉시티(4PACK V1),7000,5100,12100,2024년도 전기자동차 장성군 모델별 보조금,2024,장성군
승합(대형),현대자동차,일렉시티(4PACK V2),7000,5100,12100,2024년도 전기자동차 장성군 모델별 보조금,2024,장성군
승합(대형),현대자동차,일렉시티 타운,6859,4997,11856,2024년도 전기자동차 장성군 모델별 보조금,2024,장성군
승합(대형),케이지모빌리티커머셜,SMART 110(272kWh),3850,2805,6655,2024년도 전기자동차 장성군 모델별 보조금,2024,장성군
승합(대형),케이지모빌리티커머셜,SMART 110E(347kWh),5950,4335,10285,2024년도 전기자동차 장성군 모델별 보조금,2024,장성군
승합(대형),케이지모빌리티커머셜,SMART 110(260kWh),5724,4170,9894,2024년도 전기자동차 장성군 모델별 보조금,2024,장성군
승합(대형),케이지모빌리티커머셜,SMART 110E(260kWh),5950,4335,10285,2024년도 전기자동차 장성군 모델별 보조금,2024,장성군
승합(대형),케이지모빌리티커머셜,SMART 110(301kWh),7000,5100,12100,2024년도 전기자동차 장성군 모델별 보조금,2024,장성군
승합(대형),우진산전,아폴로900전기버스,4719,3438,8157,2024년도 전기자동차 장성군 모델별 보조금,2024,장성군
승합(대형),우진산전,아폴로1100전기버스 23MY,7000,5100,12100,2024년도 전기자동차 장성군 모델별 보조금,2024,장성군
승합(대형),우진산전,아폴로1200-B43,7000,5100,12100,2024년도 전기자동차 장성군 모델별 보조금,2024,장성군
승합(대형),우진산전,아폴로1200-S42,7000,5100,12100,2024년도 전기자동차 장성군 모델별 보조금,2024,장성군
승합(대형),피라인모터스,HYPERS1609N,5796,4222,10018,2024년도 전기자동차 장성군 모델별 보조금,2024,장성군
승합(대형),피라인모터스,HYPERS1611N,5440,3963,9403,2024년도 전기자동차 장성군 모델별 보조금,2024,장성군
승합(대형),피라인모터스,HYPERS1609HN,5755,4192,9947,2024년도 전기자동차 장성군 모델별 보조금,2024,장성군
승합(대형),피라인모터스,HYPERS1609N(25인승),5794,4221,10015,2024년도 전기자동차 장성군 모델별 보조금,2024,장성군
승합(대형),피라인모터스,HYPERS1609HN(25인승),5755,4192,9947,2024년도 전기자동차 장성군 모델별 보조금,2024,장성군
승합(대형),GS글로벌,NEW BYD eBus-12,2180,1588,3768,2024년도 전기자동차 장성군 모델별 보조금,2024,장성군
승합(대형),GS글로벌,BYD eBus9,2310,1683,3993,2024년도 전기자동차 장성군 모델별 보조금,2024,장성군
승합(대형),이온모터스,시티라이트9,2310,1683,3993,2024년도 전기자동차 장성군 모델별 보조금,2024,장성군
승합(대형),한차,GREENWAY1100A,5950,4335,10285,2024년도 전기자동차 장성군 모델별 보조금,2024,장성군
모델별 지방비 자료가 없습니다.,모델별 지방비 자료가 없습니다.,모델별 지방비 자료가 없습니다.,모델별 지방비 자료가 없습니다.,모델별 지방비 자료가 없습니다.,모델별 지방비 자료가 없습니다.,2024년도 전기자동차 완도군 모델별 보조금,2024,완도군
승합(중형),현대자동차,카운티 일렉트릭,3915,0,3915,2024년도 전기자동차 진도군 모델별 보조금,2024,진도군
승합(중형),현대자동차,카운티 일렉트릭(마을버스),4000,0,4000,2024년도 전기자동차 진도군 모델별 보조금,2024,진도군
승합(중형),이비온,"E6(JL618S), 어린이통학",1127,0,1127,2024년도 전기자동차 진도군 모델별 보조금,2024,진도군
승합(중형),GS글로벌,NEW BYD eBus-7,1007,0,1007,2024년도 전기자동차 진도군 모델별 보조금,2024,진도군
승합(중형),한차,GREENWAY720,4250,0,4250,2024년도 전기자동차 진도군 모델별 보조금,2024,진도군
승합(중형),테라팩토리,"테라밴키즈(2022), 어린이운송용14명",776,0,776,2024년도 전기자동차 진도군 모델별 보조금,2024,진도군
승합(중형),테라팩토리,"테라밴키즈11(2022), 어린이운송용11명",772,0,772,2024년도 전기자동차 진도군 모델별 보조금,2024,진도군
승합(중형),테라팩토리,테라밴,767,0,767,2024년도 전기자동차 진도군 모델별 보조금,2024,진도군
승합(중형),중원자동차,EV J1,1496,0,1496,2024년도 전기자동차 진도군 모델별 보조금,2024,진도군
승합(중형),쏠테로,트라베리-Y540E,1676,0,1676,2024년도 전기자동차 진도군 모델별 보조금,2024,진도군
승합(중형),쏠테로,트라베리-Y550E,1676,0,1676,2024년도 전기자동차 진도군 모델별 보조금,2024,진도군
승합(중형),쏠테로,트라베리-Y560E,1676,0,1676,2024년도 전기자동차 진도군 모델별 보조금,2024,진도군
승합(중형),리텍,e-CENTRO-K,2385,0,2385,2024년도 전기자동차 진도군 모델별 보조금,2024,진도군
승합(중형),에빅오토모티브코리아,세레온(어린이),5000,0,5000,2024년도 전기자동차 진도군 모델별 보조금,2024,진도군
승합(중형),에빅오토모티브코리아,세레온(마을),5000,0,5000,2024년도 전기자동차 진도군 모델별 보조금,2024,진도군
승합(대형),현대자동차,일렉시티 이층버스,11900,0,11900,2024년도 전기자동차 진도군 모델별 보조금,2024,진도군
승합(대형),현대자동차,일렉시티(3PACK),7000,0,7000,2024년도 전기자동차 진도군 모델별 보조금,2024,진도군
승합(대형),현대자동차,일렉시티(4PACK V1),7000,0,7000,2024년도 전기자동차 진도군 모델별 보조금,2024,진도군
승합(대형),현대자동차,일렉시티(4PACK V2),7000,0,7000,2024년도 전기자동차 진도군 모델별 보조금,2024,진도군
승합(대형),현대자동차,일렉시티 타운,6859,0,6859,2024년도 전기자동차 진도군 모델별 보조금,2024,진도군
승합(대형),케이지모빌리티커머셜,SMART 110(272kWh),3850,0,3850,2024년도 전기자동차 진도군 모델별 보조금,2024,진도군
승합(대형),케이지모빌리티커머셜,SMART 110E(347kWh),5950,0,5950,2024년도 전기자동차 진도군 모델별 보조금,2024,진도군
승합(대형),케이지모빌리티커머셜,SMART 110(260kWh),5724,0,5724,2024년도 전기자동차 진도군 모델별 보조금,2024,진도군
승합(대형),케이지모빌리티커머셜,SMART 110E(260kWh),5950,0,5950,2024년도 전기자동차 진도군 모델별 보조금,2024,진도군
승합(대형),케이지모빌리티커머셜,SMART 110(301kWh),7000,0,7000,2024년도 전기자동차 진도군 모델별 보조금,2024,진도군
승합(대형),우진산전,아폴로900전기버스,4719,0,4719,2024년도 전기자동차 진도군 모델별 보조금,2024,진도군
승합(대형),우진산전,아폴로1100전기버스 23MY,7000,0,7000,2024년도 전기자동차 진도군 모델별 보조금,2024,진도군
승합(대형),우진산전,아폴로1200-B43,7000,0,7000,2024년도 전기자동차 진도군 모델별 보조금,2024,진도군
승합(대형),우진산전,아폴로1200-S42,7000,0,7000,2024년도 전기자동차 진도군 모델별 보조금,2024,진도군
승합(대형),우진산전,아폴로1200-B42,7000,0,7000,2024년도 전기자동차 진도군 모델별 보조금,2024,진도군
승합(대형),우진산전,아폴로1200-B29,7000,0,7000,2024년도 전기자동차 진도군 모델별 보조금,2024,진도군
승합(대형),우진산전,아폴로1200-S29,7000,0,7000,2024년도 전기자동차 진도군 모델별 보조금,2024,진도군
승합(대형),우진산전,아폴로900 V2.0,6819,0,6819,2024년도 전기자동차 진도군 모델별 보조금,2024,진도군
승합(대형),우진산전,아폴로1100 양문형,6459,0,6459,2024년도 전기자동차 진도군 모델별 보조금,2024,진도군
승합(대형),피라인모터스,HYPERS1609N,5796,0,5796,2024년도 전기자동차 진도군 모델별 보조금,2024,진도군
승합(대형),피라인모터스,HYPERS1611N,5440,0,5440,2024년도 전기자동차 진도군 모델별 보조금,2024,진도군
승합(대형),피라인모터스,HYPERS1609HN,5755,0,5755,2024년도 전기자동차 진도군 모델별 보조금,2024,진도군
승합(대형),피라인모터스,HYPERS1609N(25인승),5794,0,5794,2024년도 전기자동차 진도군 모델별 보조금,2024,진도군
승합(대형),피라인모터스,HYPERS1609HN(25인승),5755,0,5755,2024년도 전기자동차 진도군 모델별 보조금,2024,진도군
승합(대형),피라인모터스,HYPERS PRIME,7000,0,7000,2024년도 전기자동차 진도군 모델별 보조금,2024,진도군
승합(대형),피라인모터스,HYPERS1609P(접이식),7000,0,7000,2024년도 전기자동차 진도군 모델별 보조금,2024,진도군
승합(대형),피라인모터스,HYPERS1609P(힙레스트),7000,0,7000,2024년도 전기자동차 진도군 모델별 보조금,2024,진도군
승합(대형),피라인모터스,HYPERS1609P(25인승 접이식),7000,0,7000,2024년도 전기자동차 진도군 모델별 보조금,2024,진도군
승합(대형),피라인모터스,HYPERS1609P(25인승 힙레스트),7000,0,7000,2024년도 전기자동차 진도군 모델별 보조금,2024,진도군
승합(대형),피라인모터스,HYPERS1611P(접이식),7000,0,7000,2024년도 전기자동차 진도군 모델별 보조금,2024,진도군
승합(대형),피라인모터스,HYPERS1611P(힙레스트),7000,0,7000,2024년도 전기자동차 진도군 모델별 보조금,2024,진도군
승합(대형),피라인모터스,HYPERS HP,7000,0,7000,2024년도 전기자동차 진도군 모델별 보조금,2024,진도군
승합(대형),범한자동차,E-SKY11(350kWh),1980,0,1980,2024년도 전기자동차 진도군 모델별 보조금,2024,진도군
승합(대형),범한자동차,E-SKY9(281kWh),1980,0,1980,2024년도 전기자동차 진도군 모델별 보조금,2024,진도군
승합(대형),범한자동차,E-STAR8 V1,1719,0,1719,2024년도 전기자동차 진도군 모델별 보조금,2024,진도군
승합(대형),범한자동차,E-STAR11,1980,0,1980,2024년도 전기자동차 진도군 모델별 보조금,2024,진도군
승합(대형),범한자동차,E-STAR12i,2480,0,2480,2024년도 전기자동차 진도군 모델별 보조금,2024,진도군
승합(대형),에스에이피,아이즘(IZM),1440,0,1440,2024년도 전기자동차 진도군 모델별 보조금,2024,진도군
승합(대형),에스에이피,엘페(ELFE),1889,0,1889,2024년도 전기자동차 진도군 모델별 보조금,2024,진도군
승합(대형),에스에이피,리오네(LIONNE),1440,0,1440,2024년도 전기자동차 진도군 모델별 보조금,2024,진도군
승합(대형),에스에이피,네오포스(NEOFORCE),1440,0,1440,2024년도 전기자동차 진도군 모델별 보조금,2024,진도군
승합(대형),GS글로벌,NEW BYD eBus-12,2180,0,2180,2024년도 전기자동차 진도군 모델별 보조금,2024,진도군
승합(대형),GS글로벌,BYD eBus9,2310,0,2310,2024년도 전기자동차 진도군 모델별 보조금,2024,진도군
승합(대형),GS글로벌,BYD eBus11,3440,0,3440,2024년도 전기자동차 진도군 모델별 보조금,2024,진도군
승합(대형),티에스에코에너지,일레누스(TS1100-1),5771,0,5771,2024년도 전기자동차 진도군 모델별 보조금,2024,진도군
승합(대형),티에스에코에너지,일레누스(TS900-1),6914,0,6914,2024년도 전기자동차 진도군 모델별 보조금,2024,진도군
승합(대형),이온모터스,시티라이트Ⅱ,2290,0,2290,2024년도 전기자동차 진도군 모델별 보조금,2024,진도군
승합(대형),이온모터스,시티라이트9,2310,0,2310,2024년도 전기자동차 진도군 모델별 보조금,2024,진도군
승합(대형),한차,GREENWAY1100A,5950,0,5950,2024년도 전기자동차 진도군 모델별 보조금,2024,진도군
승합(대형),이엠코리아,에픽시티(LFP),2310,0,2310,2024년도 전기자동차 진도군 모델별 보조금,2024,진도군
승합(대형),이엠코리아,에픽타운(LFP),2101,0,2101,2024년도 전기자동차 진도군 모델별 보조금,2024,진도군
승합(대형),태영티엔티,GD11N,7000,0,7000,2024년도 전기자동차 진도군 모델별 보조금,2024,진도군
승합(대형),재일홀딩스,그린타운400,1539,0,1539,2024년도 전기자동차 진도군 모델별 보조금,2024,진도군
승합(대형),아이버스,아이버스어린이운송차,5950,0,5950,2024년도 전기자동차 진도군 모델별 보조금,2024,진도군
승합(중형),현대자동차,카운티 일렉트릭,3915,3993,7908,2024년도 전기자동차 신안군 모델별 보조금,2024,신안군
승합(중형),현대자동차,카운티 일렉트릭(마을버스),4000,4080,8080,2024년도 전기자동차 신안군 모델별 보조금,2024,신안군
승합(중형),이비온,"E6(JL618S), 어린이통학",1127,1149,2276,2024년도 전기자동차 신안군 모델별 보조금,2024,신안군
승합(중형),GS글로벌,NEW BYD eBus-7,1007,1027,2034,2024년도 전기자동차 신안군 모델별 보조금,2024,신안군
승합(중형),한차,GREENWAY720,4250,4335,8585,2024년도 전기자동차 신안군 모델별 보조금,2024,신안군
승합(중형),테라팩토리,"테라밴키즈(2022), 어린이운송용14명",776,791,1567,2024년도 전기자동차 신안군 모델별 보조금,2024,신안군
승합(중형),테라팩토리,"테라밴키즈11(2022), 어린이운송용11명",772,787,1559,2024년도 전기자동차 신안군 모델별 보조금,2024,신안군
승합(중형),테라팩토리,테라밴,767,782,1549,2024년도 전기자동차 신안군 모델별 보조금,2024,신안군
승합(중형),중원자동차,EV J1,1496,1525,3021,2024년도 전기자동차 신안군 모델별 보조금,2024,신안군
승합(중형),쏠테로,트라베리-Y540E,1676,1709,3385,2024년도 전기자동차 신안군 모델별 보조금,2024,신안군
승합(중형),쏠테로,트라베리-Y550E,1676,1709,3385,2024년도 전기자동차 신안군 모델별 보조금,2024,신안군
승합(중형),쏠테로,트라베리-Y560E,1676,1709,3385,2024년도 전기자동차 신안군 모델별 보조금,2024,신안군
승합(중형),리텍,e-CENTRO-K,2385,2432,4817,2024년도 전기자동차 신안군 모델별 보조금,2024,신안군
승합(중형),에빅오토모티브코리아,세레온(어린이),5000,5100,10100,2024년도 전기자동차 신안군 모델별 보조금,2024,신안군
승합(중형),에빅오토모티브코리아,세레온(마을),5000,5100,10100,2024년도 전기자동차 신안군 모델별 보조금,2024,신안군
승합(대형),현대자동차,일렉시티 이층버스,11900,5100,17000,2024년도 전기자동차 신안군 모델별 보조금,2024,신안군
승합(대형),현대자동차,일렉시티(3PACK),7000,5100,12100,2024년도 전기자동차 신안군 모델별 보조금,2024,신안군
승합(대형),현대자동차,일렉시티(4PACK V1),7000,5100,12100,2024년도 전기자동차 신안군 모델별 보조금,2024,신안군
승합(대형),현대자동차,일렉시티(4PACK V2),7000,5100,12100,2024년도 전기자동차 신안군 모델별 보조금,2024,신안군
승합(대형),현대자동차,일렉시티 타운,6859,4997,11856,2024년도 전기자동차 신안군 모델별 보조금,2024,신안군
승합(대형),케이지모빌리티커머셜,SMART 110(272kWh),3850,2805,6655,2024년도 전기자동차 신안군 모델별 보조금,2024,신안군
승합(대형),케이지모빌리티커머셜,SMART 110E(347kWh),5950,4335,10285,2024년도 전기자동차 신안군 모델별 보조금,2024,신안군
승합(대형),케이지모빌리티커머셜,SMART 110(260kWh),5724,4170,9894,2024년도 전기자동차 신안군 모델별 보조금,2024,신안군
승합(대형),케이지모빌리티커머셜,SMART 110E(260kWh),5950,4335,10285,2024년도 전기자동차 신안군 모델별 보조금,2024,신안군
승합(대형),케이지모빌리티커머셜,SMART 110(301kWh),7000,5100,12100,2024년도 전기자동차 신안군 모델별 보조금,2024,신안군
승합(대형),케이지모빌리티커머셜,KG C090,6916,5038,11954,2024년도 전기자동차 신안군 모델별 보조금,2024,신안군
승합(대형),우진산전,아폴로900전기버스,4719,3438,8157,2024년도 전기자동차 신안군 모델별 보조금,2024,신안군
승합(대형),우진산전,아폴로1100전기버스 23MY,7000,5100,12100,2024년도 전기자동차 신안군 모델별 보조금,2024,신안군
승합(대형),우진산전,아폴로1200-B43,7000,5100,12100,2024년도 전기자동차 신안군 모델별 보조금,2024,신안군
승합(대형),우진산전,아폴로1200-S42,7000,5100,12100,2024년도 전기자동차 신안군 모델별 보조금,2024,신안군
승합(대형),우진산전,아폴로1200-B42,7000,5100,12100,2024년도 전기자동차 신안군 모델별 보조금,2024,신안군
승합(대형),우진산전,아폴로1200-B29,7000,5100,12100,2024년도 전기자동차 신안군 모델별 보조금,2024,신안군
승합(대형),우진산전,아폴로1200-S29,7000,5100,12100,2024년도 전기자동차 신안군 모델별 보조금,2024,신안군
승합(대형),우진산전,아폴로900 V2.0,6819,4968,11787,2024년도 전기자동차 신안군 모델별 보조금,2024,신안군
승합(대형),우진산전,아폴로1100 양문형,6459,4705,11164,2024년도 전기자동차 신안군 모델별 보조금,2024,신안군
승합(대형),우진산전,아폴로1100 V2.0,7000,5100,12100,2024년도 전기자동차 신안군 모델별 보조금,2024,신안군
승합(대형),피라인모터스,HYPERS1609N,5796,4222,10018,2024년도 전기자동차 신안군 모델별 보조금,2024,신안군
승합(대형),피라인모터스,HYPERS1611N,5440,3963,9403,2024년도 전기자동차 신안군 모델별 보조금,2024,신안군
승합(대형),피라인모터스,HYPERS1609HN,5755,4192,9947,2024년도 전기자동차 신안군 모델별 보조금,2024,신안군
승합(대형),피라인모터스,HYPERS1609N(25인승),5794,4221,10015,2024년도 전기자동차 신안군 모델별 보조금,2024,신안군
승합(대형),피라인모터스,HYPERS1609HN(25인승),5755,4192,9947,2024년도 전기자동차 신안군 모델별 보조금,2024,신안군
승합(대형),피라인모터스,HYPERS PRIME,7000,5100,12100,2024년도 전기자동차 신안군 모델별 보조금,2024,신안군
승합(대형),피라인모터스,HYPERS1609P(접이식),7000,5100,12100,2024년도 전기자동차 신안군 모델별 보조금,2024,신안군
승합(대형),피라인모터스,HYPERS1609P(힙레스트),7000,5100,12100,2024년도 전기자동차 신안군 모델별 보조금,2024,신안군
승합(대형),피라인모터스,HYPERS1609P(25인승 접이식),7000,5100,12100,2024년도 전기자동차 신안군 모델별 보조금,2024,신안군
승합(대형),피라인모터스,HYPERS1609P(25인승 힙레스트),7000,5100,12100,2024년도 전기자동차 신안군 모델별 보조금,2024,신안군
승합(대형),피라인모터스,HYPERS1611P(접이식),7000,5100,12100,2024년도 전기자동차 신안군 모델별 보조금,2024,신안군
승합(대형),피라인모터스,HYPERS1611P(힙레스트),7000,5100,12100,2024년도 전기자동차 신안군 모델별 보조금,2024,신안군
승합(대형),피라인모터스,HYPERS HP,7000,5100,12100,2024년도 전기자동차 신안군 모델별 보조금,2024,신안군
승합(대형),범한자동차,E-SKY11(350kWh),1980,1442,3422,2024년도 전기자동차 신안군 모델별 보조금,2024,신안군
승합(대형),범한자동차,E-SKY9(281kWh),1980,1442,3422,2024년도 전기자동차 신안군 모델별 보조금,2024,신안군
승합(대형),범한자동차,E-STAR8 V1,1719,1252,2971,2024년도 전기자동차 신안군 모델별 보조금,2024,신안군
승합(대형),범한자동차,E-STAR11,1980,1442,3422,2024년도 전기자동차 신안군 모델별 보조금,2024,신안군
승합(대형),범한자동차,E-STAR12i,2480,1806,4286,2024년도 전기자동차 신안군 모델별 보조금,2024,신안군
승합(대형),에스에이피,아이즘(IZM),1440,1049,2489,2024년도 전기자동차 신안군 모델별 보조금,2024,신안군
승합(대형),에스에이피,엘페(ELFE),1889,1376,3265,2024년도 전기자동차 신안군 모델별 보조금,2024,신안군
승합(대형),에스에이피,리오네(LIONNE),1440,1049,2489,2024년도 전기자동차 신안군 모델별 보조금,2024,신안군
승합(대형),에스에이피,네오포스(NEOFORCE),1440,1049,2489,2024년도 전기자동차 신안군 모델별 보조금,2024,신안군
승합(대형),GS글로벌,NEW BYD eBus-12,2180,1588,3768,2024년도 전기자동차 신안군 모델별 보조금,2024,신안군
승합(대형),GS글로벌,BYD eBus9,2310,1683,3993,2024년도 전기자동차 신안군 모델별 보조금,2024,신안군
승합(대형),GS글로벌,BYD eBus11,3440,2506,5946,2024년도 전기자동차 신안군 모델별 보조금,2024,신안군
승합(대형),티에스에코에너지,일레누스(TS1100-1),5771,4204,9975,2024년도 전기자동차 신안군 모델별 보조금,2024,신안군
승합(대형),티에스에코에너지,일레누스(TS900-1),6914,5037,11951,2024년도 전기자동차 신안군 모델별 보조금,2024,신안군
승합(대형),이온모터스,시티라이트Ⅱ,2290,1668,3958,2024년도 전기자동차 신안군 모델별 보조금,2024,신안군
승합(대형),이온모터스,시티라이트9,2310,1683,3993,2024년도 전기자동차 신안군 모델별 보조금,2024,신안군
승합(대형),한차,GREENWAY1100A,5950,4335,10285,2024년도 전기자동차 신안군 모델별 보조금,2024,신안군
승합(대형),이엠코리아,에픽시티(LFP),2310,1683,3993,2024년도 전기자동차 신안군 모델별 보조금,2024,신안군
승합(대형),이엠코리아,에픽타운(LFP),2101,1530,3631,2024년도 전기자동차 신안군 모델별 보조금,2024,신안군
승합(대형),이엠코리아,에픽시티(NCM),7000,5100,12100,2024년도 전기자동차 신안군 모델별 보조금,2024,신안군
승합(대형),이엠코리아,에픽타운(NCM),6439,4691,11130,2024년도 전기자동차 신안군 모델별 보조금,2024,신안군
승합(대형),태영티엔티,GD11N,7000,5100,12100,2024년도 전기자동차 신안군 모델별 보조금,2024,신안군
승합(대형),재일홀딩스,그린타운400,1539,1121,2660,2024년도 전기자동차 신안군 모델별 보조금,2024,신안군
승합(대형),아이버스,아이버스어린이운송차,5950,4335,10285,2024년도 전기자동차 신안군 모델별 보조금,2024,신안군
승합(중형),현대자동차,카운티 일렉트릭,3915,1096,5011,2024년도 전기자동차 포항시 모델별 보조금,2024,포항시
승합(중형),현대자동차,카운티 일렉트릭(마을버스),4000,1120,5120,2024년도 전기자동차 포항시 모델별 보조금,2024,포항시
승합(중형),이비온,"E6(JL618S), 어린이통학",1127,315,1442,2024년도 전기자동차 포항시 모델별 보조금,2024,포항시
승합(중형),GS글로벌,NEW BYD eBus-7,1007,281,1288,2024년도 전기자동차 포항시 모델별 보조금,2024,포항시
승합(중형),한차,GREENWAY720,4250,1190,5440,2024년도 전기자동차 포항시 모델별 보조금,2024,포항시
승합(중형),테라팩토리,"테라밴키즈(2022), 어린이운송용14명",776,217,993,2024년도 전기자동차 포항시 모델별 보조금,2024,포항시
승합(중형),테라팩토리,"테라밴키즈11(2022), 어린이운송용11명",772,216,988,2024년도 전기자동차 포항시 모델별 보조금,2024,포항시
승합(중형),테라팩토리,테라밴,767,214,981,2024년도 전기자동차 포항시 모델별 보조금,2024,포항시
승합(중형),중원자동차,EV J1,1496,418,1914,2024년도 전기자동차 포항시 모델별 보조금,2024,포항시
승합(중형),쏠테로,트라베리-Y540E,1676,0,1676,2024년도 전기자동차 포항시 모델별 보조금,2024,포항시
승합(중형),쏠테로,트라베리-Y550E,1676,0,1676,2024년도 전기자동차 포항시 모델별 보조금,2024,포항시
승합(중형),쏠테로,트라베리-Y560E,1676,0,1676,2024년도 전기자동차 포항시 모델별 보조금,2024,포항시
승합(중형),리텍,e-CENTRO-K,2385,0,2385,2024년도 전기자동차 포항시 모델별 보조금,2024,포항시
승합(대형),현대자동차,일렉시티 이층버스,11900,1400,13300,2024년도 전기자동차 포항시 모델별 보조금,2024,포항시
승합(대형),현대자동차,일렉시티(3PACK),7000,1400,8400,2024년도 전기자동차 포항시 모델별 보조금,2024,포항시
승합(대형),현대자동차,일렉시티(4PACK V1),7000,1400,8400,2024년도 전기자동차 포항시 모델별 보조금,2024,포항시
승합(대형),현대자동차,일렉시티(4PACK V2),7000,1400,8400,2024년도 전기자동차 포항시 모델별 보조금,2024,포항시
승합(대형),현대자동차,일렉시티 타운,6859,1371,8230,2024년도 전기자동차 포항시 모델별 보조금,2024,포항시
승합(대형),케이지모빌리티커머셜,SMART 110(272kWh),3850,0,3850,2024년도 전기자동차 포항시 모델별 보조금,2024,포항시
승합(대형),케이지모빌리티커머셜,SMART 110E(347kWh),5950,1190,7140,2024년도 전기자동차 포항시 모델별 보조금,2024,포항시
승합(대형),케이지모빌리티커머셜,SMART 110(260kWh),5724,0,5724,2024년도 전기자동차 포항시 모델별 보조금,2024,포항시
승합(대형),케이지모빌리티커머셜,SMART 110E(260kWh),5950,1190,7140,2024년도 전기자동차 포항시 모델별 보조금,2024,포항시
승합(대형),케이지모빌리티커머셜,SMART 110(301kWh),7000,0,7000,2024년도 전기자동차 포항시 모델별 보조금,2024,포항시
승합(대형),우진산전,아폴로900전기버스,4719,0,4719,2024년도 전기자동차 포항시 모델별 보조금,2024,포항시
승합(대형),우진산전,아폴로1100전기버스 23MY,7000,0,7000,2024년도 전기자동차 포항시 모델별 보조금,2024,포항시
승합(대형),우진산전,아폴로1200-B43,7000,0,7000,2024년도 전기자동차 포항시 모델별 보조금,2024,포항시
승합(대형),우진산전,아폴로1200-S42,7000,0,7000,2024년도 전기자동차 포항시 모델별 보조금,2024,포항시
승합(대형),우진산전,아폴로1200-B42,7000,0,7000,2024년도 전기자동차 포항시 모델별 보조금,2024,포항시
승합(대형),우진산전,아폴로1200-B29,7000,0,7000,2024년도 전기자동차 포항시 모델별 보조금,2024,포항시
승합(대형),우진산전,아폴로1200-S29,7000,0,7000,2024년도 전기자동차 포항시 모델별 보조금,2024,포항시
승합(대형),피라인모터스,HYPERS1609N,5796,0,5796,2024년도 전기자동차 포항시 모델별 보조금,2024,포항시
승합(대형),피라인모터스,HYPERS1611N,5440,0,5440,2024년도 전기자동차 포항시 모델별 보조금,2024,포항시
승합(대형),피라인모터스,HYPERS1609HN,5755,0,5755,2024년도 전기자동차 포항시 모델별 보조금,2024,포항시
승합(대형),피라인모터스,HYPERS1609N(25인승),5794,0,5794,2024년도 전기자동차 포항시 모델별 보조금,2024,포항시
승합(대형),피라인모터스,HYPERS1609HN(25인승),5755,0,5755,2024년도 전기자동차 포항시 모델별 보조금,2024,포항시
승합(대형),피라인모터스,HYPERS PRIME,7000,0,7000,2024년도 전기자동차 포항시 모델별 보조금,2024,포항시
승합(대형),피라인모터스,HYPERS1609P(접이식),7000,0,7000,2024년도 전기자동차 포항시 모델별 보조금,2024,포항시
승합(대형),피라인모터스,HYPERS1609P(힙레스트),7000,0,7000,2024년도 전기자동차 포항시 모델별 보조금,2024,포항시
승합(대형),피라인모터스,HYPERS1609P(25인승 접이식),7000,0,7000,2024년도 전기자동차 포항시 모델별 보조금,2024,포항시
승합(대형),피라인모터스,HYPERS1609P(25인승 힙레스트),7000,0,7000,2024년도 전기자동차 포항시 모델별 보조금,2024,포항시
승합(대형),피라인모터스,HYPERS1611P(접이식),7000,0,7000,2024년도 전기자동차 포항시 모델별 보조금,2024,포항시
승합(대형),피라인모터스,HYPERS1611P(힙레스트),7000,0,7000,2024년도 전기자동차 포항시 모델별 보조금,2024,포항시
승합(대형),피라인모터스,HYPERS HP,7000,0,7000,2024년도 전기자동차 포항시 모델별 보조금,2024,포항시
승합(대형),범한자동차,E-SKY11(350kWh),1980,0,1980,2024년도 전기자동차 포항시 모델별 보조금,2024,포항시
승합(대형),범한자동차,E-SKY9(281kWh),1980,0,1980,2024년도 전기자동차 포항시 모델별 보조금,2024,포항시
승합(대형),범한자동차,E-STAR8 V1,1719,0,1719,2024년도 전기자동차 포항시 모델별 보조금,2024,포항시
승합(대형),범한자동차,E-STAR11,1980,0,1980,2024년도 전기자동차 포항시 모델별 보조금,2024,포항시
승합(대형),범한자동차,E-STAR12i,2480,0,2480,2024년도 전기자동차 포항시 모델별 보조금,2024,포항시
승합(대형),에스에이피,아이즘(IZM),1440,0,1440,2024년도 전기자동차 포항시 모델별 보조금,2024,포항시
승합(대형),에스에이피,엘페(ELFE),1889,0,1889,2024년도 전기자동차 포항시 모델별 보조금,2024,포항시
승합(대형),에스에이피,리오네(LIONNE),1440,0,1440,2024년도 전기자동차 포항시 모델별 보조금,2024,포항시
승합(대형),에스에이피,네오포스(NEOFORCE),1440,0,1440,2024년도 전기자동차 포항시 모델별 보조금,2024,포항시
승합(대형),GS글로벌,NEW BYD eBus-12,2180,0,2180,2024년도 전기자동차 포항시 모델별 보조금,2024,포항시
승합(대형),GS글로벌,BYD eBus9,2310,0,2310,2024년도 전기자동차 포항시 모델별 보조금,2024,포항시
승합(대형),GS글로벌,BYD eBus11,3440,0,3440,2024년도 전기자동차 포항시 모델별 보조금,2024,포항시
승합(대형),티에스에코에너지,일레누스(TS1100-1),5771,0,5771,2024년도 전기자동차 포항시 모델별 보조금,2024,포항시
승합(대형),티에스에코에너지,일레누스(TS900-1),6914,0,6914,2024년도 전기자동차 포항시 모델별 보조금,2024,포항시
승합(대형),이온모터스,시티라이트Ⅱ,2290,0,2290,2024년도 전기자동차 포항시 모델별 보조금,2024,포항시
승합(대형),이온모터스,시티라이트9,2310,0,2310,2024년도 전기자동차 포항시 모델별 보조금,2024,포항시
승합(대형),한차,GREENWAY1100A,5950,0,5950,2024년도 전기자동차 포항시 모델별 보조금,2024,포항시
승합(대형),이엠코리아,에픽시티(LFP),2310,0,2310,2024년도 전기자동차 포항시 모델별 보조금,2024,포항시
승합(대형),이엠코리아,에픽타운(LFP),2101,0,2101,2024년도 전기자동차 포항시 모델별 보조금,2024,포항시
승합(대형),태영티엔티,GD11N,7000,0,7000,2024년도 전기자동차 포항시 모델별 보조금,2024,포항시
승합(대형),재일홀딩스,그린타운400,1539,0,1539,2024년도 전기자동차 포항시 모델별 보조금,2024,포항시
승합(중형),현대자동차,카운티 일렉트릭,3915,1096,5011,2024년도 전기자동차 경주시 모델별 보조금,2024,경주시
승합(중형),현대자동차,카운티 일렉트릭(마을버스),4000,1120,5120,2024년도 전기자동차 경주시 모델별 보조금,2024,경주시
승합(중형),이비온,"E6(JL618S), 어린이통학",1127,315,1442,2024년도 전기자동차 경주시 모델별 보조금,2024,경주시
승합(중형),GS글로벌,NEW BYD eBus-7,1007,281,1288,2024년도 전기자동차 경주시 모델별 보조금,2024,경주시
승합(중형),한차,GREENWAY720,4250,1190,5440,2024년도 전기자동차 경주시 모델별 보조금,2024,경주시
승합(중형),테라팩토리,"테라밴키즈(2022), 어린이운송용14명",776,217,993,2024년도 전기자동차 경주시 모델별 보조금,2024,경주시
승합(중형),테라팩토리,"테라밴키즈11(2022), 어린이운송용11명",772,216,988,2024년도 전기자동차 경주시 모델별 보조금,2024,경주시
승합(중형),테라팩토리,테라밴,767,214,981,2024년도 전기자동차 경주시 모델별 보조금,2024,경주시
승합(중형),중원자동차,EV J1,1496,418,1914,2024년도 전기자동차 경주시 모델별 보조금,2024,경주시
승합(대형),현대자동차,일렉시티 이층버스,11900,1400,13300,2024년도 전기자동차 경주시 모델별 보조금,2024,경주시
승합(대형),현대자동차,일렉시티(3PACK),7000,1400,8400,2024년도 전기자동차 경주시 모델별 보조금,2024,경주시
승합(대형),현대자동차,일렉시티(4PACK V1),7000,1400,8400,2024년도 전기자동차 경주시 모델별 보조금,2024,경주시
승합(대형),현대자동차,일렉시티(4PACK V2),7000,1400,8400,2024년도 전기자동차 경주시 모델별 보조금,2024,경주시
승합(대형),현대자동차,일렉시티 타운,6859,1371,8230,2024년도 전기자동차 경주시 모델별 보조금,2024,경주시
승합(대형),케이지모빌리티커머셜,SMART 110(272kWh),3850,770,4620,2024년도 전기자동차 경주시 모델별 보조금,2024,경주시
승합(대형),케이지모빌리티커머셜,SMART 110E(347kWh),5950,1190,7140,2024년도 전기자동차 경주시 모델별 보조금,2024,경주시
승합(대형),케이지모빌리티커머셜,SMART 110(260kWh),5724,1144,6868,2024년도 전기자동차 경주시 모델별 보조금,2024,경주시
승합(대형),케이지모빌리티커머셜,SMART 110E(260kWh),5950,1190,7140,2024년도 전기자동차 경주시 모델별 보조금,2024,경주시
승합(대형),케이지모빌리티커머셜,SMART 110(301kWh),7000,1400,8400,2024년도 전기자동차 경주시 모델별 보조금,2024,경주시
승합(대형),우진산전,아폴로900전기버스,4719,943,5662,2024년도 전기자동차 경주시 모델별 보조금,2024,경주시
승합(대형),우진산전,아폴로1100전기버스 23MY,7000,1400,8400,2024년도 전기자동차 경주시 모델별 보조금,2024,경주시
승합(대형),우진산전,아폴로1200-B43,7000,1400,8400,2024년도 전기자동차 경주시 모델별 보조금,2024,경주시
승합(대형),우진산전,아폴로1200-S42,7000,1400,8400,2024년도 전기자동차 경주시 모델별 보조금,2024,경주시
승합(대형),우진산전,아폴로1200-B42,7000,1400,8400,2024년도 전기자동차 경주시 모델별 보조금,2024,경주시
승합(대형),우진산전,아폴로1200-B29,7000,1400,8400,2024년도 전기자동차 경주시 모델별 보조금,2024,경주시
승합(대형),우진산전,아폴로1200-S29,7000,1400,8400,2024년도 전기자동차 경주시 모델별 보조금,2024,경주시
승합(대형),피라인모터스,HYPERS1609N,5796,1159,6955,2024년도 전기자동차 경주시 모델별 보조금,2024,경주시
승합(대형),피라인모터스,HYPERS1611N,5440,1088,6528,2024년도 전기자동차 경주시 모델별 보조금,2024,경주시
승합(대형),피라인모터스,HYPERS1609HN,5755,1151,6906,2024년도 전기자동차 경주시 모델별 보조금,2024,경주시
승합(대형),피라인모터스,HYPERS1609N(25인승),5794,1158,6952,2024년도 전기자동차 경주시 모델별 보조금,2024,경주시
승합(대형),피라인모터스,HYPERS1609HN(25인승),5755,1151,6906,2024년도 전기자동차 경주시 모델별 보조금,2024,경주시
승합(대형),피라인모터스,HYPERS PRIME,7000,1400,8400,2024년도 전기자동차 경주시 모델별 보조금,2024,경주시
승합(대형),피라인모터스,HYPERS1609P(접이식),7000,1400,8400,2024년도 전기자동차 경주시 모델별 보조금,2024,경주시
승합(대형),피라인모터스,HYPERS1609P(힙레스트),7000,1400,8400,2024년도 전기자동차 경주시 모델별 보조금,2024,경주시
승합(대형),피라인모터스,HYPERS1609P(25인승 접이식),7000,1400,8400,2024년도 전기자동차 경주시 모델별 보조금,2024,경주시
승합(대형),피라인모터스,HYPERS1609P(25인승 힙레스트),7000,1400,8400,2024년도 전기자동차 경주시 모델별 보조금,2024,경주시
승합(대형),피라인모터스,HYPERS1611P(접이식),7000,1400,8400,2024년도 전기자동차 경주시 모델별 보조금,2024,경주시
승합(대형),피라인모터스,HYPERS1611P(힙레스트),7000,1400,8400,2024년도 전기자동차 경주시 모델별 보조금,2024,경주시
승합(대형),범한자동차,E-SKY11(350kWh),1980,396,2376,2024년도 전기자동차 경주시 모델별 보조금,2024,경주시
승합(대형),범한자동차,E-SKY9(281kWh),1980,396,2376,2024년도 전기자동차 경주시 모델별 보조금,2024,경주시
승합(대형),범한자동차,E-STAR8 V1,1719,343,2062,2024년도 전기자동차 경주시 모델별 보조금,2024,경주시
승합(대형),범한자동차,E-STAR11,1980,396,2376,2024년도 전기자동차 경주시 모델별 보조금,2024,경주시
승합(대형),범한자동차,E-STAR12i,2480,496,2976,2024년도 전기자동차 경주시 모델별 보조금,2024,경주시
승합(대형),GS글로벌,NEW BYD eBus-12,2180,436,2616,2024년도 전기자동차 경주시 모델별 보조금,2024,경주시
승합(대형),GS글로벌,BYD eBus9,2310,462,2772,2024년도 전기자동차 경주시 모델별 보조금,2024,경주시
승합(대형),티에스에코에너지,일레누스(TS1100-1),5771,1154,6925,2024년도 전기자동차 경주시 모델별 보조금,2024,경주시
승합(대형),티에스에코에너지,일레누스(TS900-1),6914,1382,8296,2024년도 전기자동차 경주시 모델별 보조금,2024,경주시
승합(대형),이온모터스,시티라이트Ⅱ,2290,458,2748,2024년도 전기자동차 경주시 모델별 보조금,2024,경주시
승합(대형),이온모터스,시티라이트9,2310,462,2772,2024년도 전기자동차 경주시 모델별 보조금,2024,경주시
승합(대형),한차,GREENWAY1100A,5950,1190,7140,2024년도 전기자동차 경주시 모델별 보조금,2024,경주시
승합(중형),현대자동차,카운티 일렉트릭,3915,1096,5011,2024년도 전기자동차 김천시 모델별 보조금,2024,김천시
승합(중형),현대자동차,카운티 일렉트릭(마을버스),4000,1120,5120,2024년도 전기자동차 김천시 모델별 보조금,2024,김천시
승합(중형),이비온,"E6(JL618S), 어린이통학",1127,315,1442,2024년도 전기자동차 김천시 모델별 보조금,2024,김천시
승합(중형),GS글로벌,NEW BYD eBus-7,1007,281,1288,2024년도 전기자동차 김천시 모델별 보조금,2024,김천시
승합(중형),한차,GREENWAY720,4250,1190,5440,2024년도 전기자동차 김천시 모델별 보조금,2024,김천시
승합(중형),테라팩토리,"테라밴키즈(2022), 어린이운송용14명",776,217,993,2024년도 전기자동차 김천시 모델별 보조금,2024,김천시
승합(중형),테라팩토리,"테라밴키즈11(2022), 어린이운송용11명",772,216,988,2024년도 전기자동차 김천시 모델별 보조금,2024,김천시
승합(중형),테라팩토리,테라밴,767,214,981,2024년도 전기자동차 김천시 모델별 보조금,2024,김천시
승합(중형),중원자동차,EV J1,1496,418,1914,2024년도 전기자동차 김천시 모델별 보조금,2024,김천시
승합(중형),쏠테로,트라베리-Y540E,1676,0,1676,2024년도 전기자동차 김천시 모델별 보조금,2024,김천시
승합(중형),쏠테로,트라베리-Y550E,1676,0,1676,2024년도 전기자동차 김천시 모델별 보조금,2024,김천시
승합(중형),쏠테로,트라베리-Y560E,1676,0,1676,2024년도 전기자동차 김천시 모델별 보조금,2024,김천시
승합(중형),리텍,e-CENTRO-K,2385,0,2385,2024년도 전기자동차 김천시 모델별 보조금,2024,김천시
승합(중형),에빅오토모티브코리아,세레온(어린이),5000,1400,6400,2024년도 전기자동차 김천시 모델별 보조금,2024,김천시
승합(중형),에빅오토모티브코리아,세레온(마을),5000,1400,6400,2024년도 전기자동차 김천시 모델별 보조금,2024,김천시
승합(대형),현대자동차,일렉시티 이층버스,11900,0,11900,2024년도 전기자동차 김천시 모델별 보조금,2024,김천시
승합(대형),현대자동차,일렉시티(3PACK),7000,0,7000,2024년도 전기자동차 김천시 모델별 보조금,2024,김천시
승합(대형),현대자동차,일렉시티(4PACK V1),7000,0,7000,2024년도 전기자동차 김천시 모델별 보조금,2024,김천시
승합(대형),현대자동차,일렉시티(4PACK V2),7000,0,7000,2024년도 전기자동차 김천시 모델별 보조금,2024,김천시
승합(대형),현대자동차,일렉시티 타운,6859,0,6859,2024년도 전기자동차 김천시 모델별 보조금,2024,김천시
승합(대형),케이지모빌리티커머셜,SMART 110(272kWh),3850,0,3850,2024년도 전기자동차 김천시 모델별 보조금,2024,김천시
승합(대형),케이지모빌리티커머셜,SMART 110E(347kWh),5950,0,5950,2024년도 전기자동차 김천시 모델별 보조금,2024,김천시
승합(대형),케이지모빌리티커머셜,SMART 110(260kWh),5724,0,5724,2024년도 전기자동차 김천시 모델별 보조금,2024,김천시
승합(대형),케이지모빌리티커머셜,SMART 110E(260kWh),5950,0,5950,2024년도 전기자동차 김천시 모델별 보조금,2024,김천시
승합(대형),케이지모빌리티커머셜,SMART 110(301kWh),7000,0,7000,2024년도 전기자동차 김천시 모델별 보조금,2024,김천시
승합(대형),케이지모빌리티커머셜,KG C090,6916,0,6916,2024년도 전기자동차 김천시 모델별 보조금,2024,김천시
승합(대형),우진산전,아폴로900전기버스,4719,0,4719,2024년도 전기자동차 김천시 모델별 보조금,2024,김천시
승합(대형),우진산전,아폴로1100전기버스 23MY,7000,0,7000,2024년도 전기자동차 김천시 모델별 보조금,2024,김천시
승합(대형),우진산전,아폴로1200-B43,7000,0,7000,2024년도 전기자동차 김천시 모델별 보조금,2024,김천시
승합(대형),우진산전,아폴로1200-S42,7000,0,7000,2024년도 전기자동차 김천시 모델별 보조금,2024,김천시
승합(대형),우진산전,아폴로1200-B42,7000,0,7000,2024년도 전기자동차 김천시 모델별 보조금,2024,김천시
승합(대형),우진산전,아폴로1200-B29,7000,0,7000,2024년도 전기자동차 김천시 모델별 보조금,2024,김천시
승합(대형),우진산전,아폴로1200-S29,7000,0,7000,2024년도 전기자동차 김천시 모델별 보조금,2024,김천시
승합(대형),우진산전,아폴로900 V2.0,6819,1363,8182,2024년도 전기자동차 김천시 모델별 보조금,2024,김천시
승합(대형),우진산전,아폴로1100 양문형,6459,1291,7750,2024년도 전기자동차 김천시 모델별 보조금,2024,김천시
승합(대형),우진산전,아폴로1100 V2.0,7000,0,7000,2024년도 전기자동차 김천시 모델별 보조금,2024,김천시
승합(대형),피라인모터스,HYPERS1609N,5796,0,5796,2024년도 전기자동차 김천시 모델별 보조금,2024,김천시
승합(대형),피라인모터스,HYPERS1611N,5440,0,5440,2024년도 전기자동차 김천시 모델별 보조금,2024,김천시
승합(대형),피라인모터스,HYPERS1609HN,5755,0,5755,2024년도 전기자동차 김천시 모델별 보조금,2024,김천시
승합(대형),피라인모터스,HYPERS1609N(25인승),5794,0,5794,2024년도 전기자동차 김천시 모델별 보조금,2024,김천시
승합(대형),피라인모터스,HYPERS1609HN(25인승),5755,0,5755,2024년도 전기자동차 김천시 모델별 보조금,2024,김천시
승합(대형),피라인모터스,HYPERS PRIME,7000,0,7000,2024년도 전기자동차 김천시 모델별 보조금,2024,김천시
승합(대형),피라인모터스,HYPERS1609P(접이식),7000,0,7000,2024년도 전기자동차 김천시 모델별 보조금,2024,김천시
승합(대형),피라인모터스,HYPERS1609P(힙레스트),7000,0,7000,2024년도 전기자동차 김천시 모델별 보조금,2024,김천시
승합(대형),피라인모터스,HYPERS1609P(25인승 접이식),7000,0,7000,2024년도 전기자동차 김천시 모델별 보조금,2024,김천시
승합(대형),피라인모터스,HYPERS1609P(25인승 힙레스트),7000,0,7000,2024년도 전기자동차 김천시 모델별 보조금,2024,김천시
승합(대형),피라인모터스,HYPERS1611P(접이식),7000,0,7000,2024년도 전기자동차 김천시 모델별 보조금,2024,김천시
승합(대형),피라인모터스,HYPERS1611P(힙레스트),7000,0,7000,2024년도 전기자동차 김천시 모델별 보조금,2024,김천시
승합(대형),피라인모터스,HYPERS HP,7000,0,7000,2024년도 전기자동차 김천시 모델별 보조금,2024,김천시
승합(대형),범한자동차,E-SKY11(350kWh),1980,0,1980,2024년도 전기자동차 김천시 모델별 보조금,2024,김천시
승합(대형),범한자동차,E-SKY9(281kWh),1980,0,1980,2024년도 전기자동차 김천시 모델별 보조금,2024,김천시
승합(대형),범한자동차,E-STAR8 V1,1719,0,1719,2024년도 전기자동차 김천시 모델별 보조금,2024,김천시
승합(대형),범한자동차,E-STAR11,1980,0,1980,2024년도 전기자동차 김천시 모델별 보조금,2024,김천시
승합(대형),범한자동차,E-STAR12i,2480,0,2480,2024년도 전기자동차 김천시 모델별 보조금,2024,김천시
승합(대형),에스에이피,아이즘(IZM),1440,0,1440,2024년도 전기자동차 김천시 모델별 보조금,2024,김천시
승합(대형),에스에이피,엘페(ELFE),1889,0,1889,2024년도 전기자동차 김천시 모델별 보조금,2024,김천시
승합(대형),에스에이피,리오네(LIONNE),1440,0,1440,2024년도 전기자동차 김천시 모델별 보조금,2024,김천시
승합(대형),에스에이피,네오포스(NEOFORCE),1440,0,1440,2024년도 전기자동차 김천시 모델별 보조금,2024,김천시
승합(대형),GS글로벌,NEW BYD eBus-12,2180,0,2180,2024년도 전기자동차 김천시 모델별 보조금,2024,김천시
승합(대형),GS글로벌,BYD eBus9,2310,0,2310,2024년도 전기자동차 김천시 모델별 보조금,2024,김천시
승합(대형),GS글로벌,BYD eBus11,3440,688,4128,2024년도 전기자동차 김천시 모델별 보조금,2024,김천시
승합(대형),티에스에코에너지,일레누스(TS1100-1),5771,0,5771,2024년도 전기자동차 김천시 모델별 보조금,2024,김천시
승합(대형),티에스에코에너지,일레누스(TS900-1),6914,0,6914,2024년도 전기자동차 김천시 모델별 보조금,2024,김천시
승합(대형),이온모터스,시티라이트Ⅱ,2290,0,2290,2024년도 전기자동차 김천시 모델별 보조금,2024,김천시
승합(대형),이온모터스,시티라이트9,2310,0,2310,2024년도 전기자동차 김천시 모델별 보조금,2024,김천시
승합(대형),한차,GREENWAY1100A,5950,0,5950,2024년도 전기자동차 김천시 모델별 보조금,2024,김천시
승합(대형),이엠코리아,에픽시티(LFP),2310,0,2310,2024년도 전기자동차 김천시 모델별 보조금,2024,김천시
승합(대형),이엠코리아,에픽타운(LFP),2101,0,2101,2024년도 전기자동차 김천시 모델별 보조금,2024,김천시
승합(대형),이엠코리아,에픽시티(NCM),7000,0,7000,2024년도 전기자동차 김천시 모델별 보조금,2024,김천시
승합(대형),이엠코리아,에픽타운(NCM),6439,0,6439,2024년도 전기자동차 김천시 모델별 보조금,2024,김천시
승합(대형),태영티엔티,GD11N,7000,1400,8400,2024년도 전기자동차 김천시 모델별 보조금,2024,김천시
승합(대형),재일홀딩스,그린타운400,1539,0,1539,2024년도 전기자동차 김천시 모델별 보조금,2024,김천시
승합(대형),아이버스,아이버스어린이운송차,5950,0,5950,2024년도 전기자동차 김천시 모델별 보조금,2024,김천시
승합(중형),현대자동차,카운티 일렉트릭,3915,1096,5011,2024년도 전기자동차 안동시 모델별 보조금,2024,안동시
승합(중형),현대자동차,카운티 일렉트릭(마을버스),4000,1120,5120,2024년도 전기자동차 안동시 모델별 보조금,2024,안동시
승합(중형),이비온,"E6(JL618S), 어린이통학",1127,315,1442,2024년도 전기자동차 안동시 모델별 보조금,2024,안동시
승합(중형),GS글로벌,NEW BYD eBus-7,1007,281,1288,2024년도 전기자동차 안동시 모델별 보조금,2024,안동시
승합(중형),한차,GREENWAY720,4250,1190,5440,2024년도 전기자동차 안동시 모델별 보조금,2024,안동시
승합(중형),테라팩토리,"테라밴키즈(2022), 어린이운송용14명",776,217,993,2024년도 전기자동차 안동시 모델별 보조금,2024,안동시
승합(중형),테라팩토리,"테라밴키즈11(2022), 어린이운송용11명",772,216,988,2024년도 전기자동차 안동시 모델별 보조금,2024,안동시
승합(중형),테라팩토리,테라밴,767,214,981,2024년도 전기자동차 안동시 모델별 보조금,2024,안동시
승합(중형),중원자동차,EV J1,1496,418,1914,2024년도 전기자동차 안동시 모델별 보조금,2024,안동시
승합(중형),쏠테로,트라베리-Y540E,1676,469,2145,2024년도 전기자동차 안동시 모델별 보조금,2024,안동시
승합(중형),쏠테로,트라베리-Y550E,1676,469,2145,2024년도 전기자동차 안동시 모델별 보조금,2024,안동시
승합(중형),쏠테로,트라베리-Y560E,1676,469,2145,2024년도 전기자동차 안동시 모델별 보조금,2024,안동시
승합(중형),리텍,e-CENTRO-K,2385,477,2862,2024년도 전기자동차 안동시 모델별 보조금,2024,안동시
승합(대형),현대자동차,일렉시티 이층버스,11900,1400,13300,2024년도 전기자동차 안동시 모델별 보조금,2024,안동시
승합(대형),현대자동차,일렉시티(3PACK),7000,1400,8400,2024년도 전기자동차 안동시 모델별 보조금,2024,안동시
승합(대형),현대자동차,일렉시티(4PACK V1),7000,1400,8400,2024년도 전기자동차 안동시 모델별 보조금,2024,안동시
승합(대형),현대자동차,일렉시티(4PACK V2),7000,1400,8400,2024년도 전기자동차 안동시 모델별 보조금,2024,안동시
승합(대형),현대자동차,일렉시티 타운,6859,1371,8230,2024년도 전기자동차 안동시 모델별 보조금,2024,안동시
승합(대형),케이지모빌리티커머셜,SMART 110(272kWh),3850,770,4620,2024년도 전기자동차 안동시 모델별 보조금,2024,안동시
승합(대형),케이지모빌리티커머셜,SMART 110E(347kWh),5950,1190,7140,2024년도 전기자동차 안동시 모델별 보조금,2024,안동시
승합(대형),케이지모빌리티커머셜,SMART 110(260kWh),5724,1144,6868,2024년도 전기자동차 안동시 모델별 보조금,2024,안동시
승합(대형),케이지모빌리티커머셜,SMART 110E(260kWh),5950,1190,7140,2024년도 전기자동차 안동시 모델별 보조금,2024,안동시
승합(대형),케이지모빌리티커머셜,SMART 110(301kWh),7000,1400,8400,2024년도 전기자동차 안동시 모델별 보조금,2024,안동시
승합(대형),우진산전,아폴로900전기버스,4719,943,5662,2024년도 전기자동차 안동시 모델별 보조금,2024,안동시
승합(대형),우진산전,아폴로1100전기버스 23MY,7000,1400,8400,2024년도 전기자동차 안동시 모델별 보조금,2024,안동시
승합(대형),우진산전,아폴로1200-B43,7000,1400,8400,2024년도 전기자동차 안동시 모델별 보조금,2024,안동시
승합(대형),우진산전,아폴로1200-S42,7000,1400,8400,2024년도 전기자동차 안동시 모델별 보조금,2024,안동시
승합(대형),우진산전,아폴로1200-B42,7000,1400,8400,2024년도 전기자동차 안동시 모델별 보조금,2024,안동시
승합(대형),우진산전,아폴로1200-B29,7000,1400,8400,2024년도 전기자동차 안동시 모델별 보조금,2024,안동시
승합(대형),우진산전,아폴로1200-S29,7000,1400,8400,2024년도 전기자동차 안동시 모델별 보조금,2024,안동시
승합(대형),피라인모터스,HYPERS1609N,5796,1159,6955,2024년도 전기자동차 안동시 모델별 보조금,2024,안동시
승합(대형),피라인모터스,HYPERS1611N,5440,1088,6528,2024년도 전기자동차 안동시 모델별 보조금,2024,안동시
승합(대형),피라인모터스,HYPERS1609HN,5755,1151,6906,2024년도 전기자동차 안동시 모델별 보조금,2024,안동시
승합(대형),피라인모터스,HYPERS1609N(25인승),5794,1158,6952,2024년도 전기자동차 안동시 모델별 보조금,2024,안동시
승합(대형),피라인모터스,HYPERS1609HN(25인승),5755,1151,6906,2024년도 전기자동차 안동시 모델별 보조금,2024,안동시
승합(대형),피라인모터스,HYPERS PRIME,7000,1400,8400,2024년도 전기자동차 안동시 모델별 보조금,2024,안동시
승합(대형),피라인모터스,HYPERS1609P(접이식),7000,1400,8400,2024년도 전기자동차 안동시 모델별 보조금,2024,안동시
승합(대형),피라인모터스,HYPERS1609P(힙레스트),7000,1400,8400,2024년도 전기자동차 안동시 모델별 보조금,2024,안동시
승합(대형),피라인모터스,HYPERS1609P(25인승 접이식),7000,1400,8400,2024년도 전기자동차 안동시 모델별 보조금,2024,안동시
승합(대형),피라인모터스,HYPERS1609P(25인승 힙레스트),7000,1400,8400,2024년도 전기자동차 안동시 모델별 보조금,2024,안동시
승합(대형),피라인모터스,HYPERS1611P(접이식),7000,1400,8400,2024년도 전기자동차 안동시 모델별 보조금,2024,안동시
승합(대형),피라인모터스,HYPERS1611P(힙레스트),7000,1400,8400,2024년도 전기자동차 안동시 모델별 보조금,2024,안동시
승합(대형),피라인모터스,HYPERS HP,7000,1400,8400,2024년도 전기자동차 안동시 모델별 보조금,2024,안동시
승합(대형),범한자동차,E-SKY11(350kWh),1980,396,2376,2024년도 전기자동차 안동시 모델별 보조금,2024,안동시
승합(대형),범한자동차,E-SKY9(281kWh),1980,396,2376,2024년도 전기자동차 안동시 모델별 보조금,2024,안동시
승합(대형),범한자동차,E-STAR8 V1,1719,343,2062,2024년도 전기자동차 안동시 모델별 보조금,2024,안동시
승합(대형),범한자동차,E-STAR11,1980,396,2376,2024년도 전기자동차 안동시 모델별 보조금,2024,안동시
승합(대형),범한자동차,E-STAR12i,2480,496,2976,2024년도 전기자동차 안동시 모델별 보조금,2024,안동시
승합(대형),에스에이피,아이즘(IZM),1440,288,1728,2024년도 전기자동차 안동시 모델별 보조금,2024,안동시
승합(대형),에스에이피,엘페(ELFE),1889,377,2266,2024년도 전기자동차 안동시 모델별 보조금,2024,안동시
승합(대형),에스에이피,리오네(LIONNE),1440,288,1728,2024년도 전기자동차 안동시 모델별 보조금,2024,안동시
승합(대형),에스에이피,네오포스(NEOFORCE),1440,288,1728,2024년도 전기자동차 안동시 모델별 보조금,2024,안동시
승합(대형),GS글로벌,NEW BYD eBus-12,2180,436,2616,2024년도 전기자동차 안동시 모델별 보조금,2024,안동시
승합(대형),GS글로벌,BYD eBus9,2310,462,2772,2024년도 전기자동차 안동시 모델별 보조금,2024,안동시
승합(대형),GS글로벌,BYD eBus11,3440,688,4128,2024년도 전기자동차 안동시 모델별 보조금,2024,안동시
승합(대형),티에스에코에너지,일레누스(TS1100-1),5771,1154,6925,2024년도 전기자동차 안동시 모델별 보조금,2024,안동시
승합(대형),티에스에코에너지,일레누스(TS900-1),6914,1382,8296,2024년도 전기자동차 안동시 모델별 보조금,2024,안동시
승합(대형),이온모터스,시티라이트Ⅱ,2290,458,2748,2024년도 전기자동차 안동시 모델별 보조금,2024,안동시
승합(대형),이온모터스,시티라이트9,2310,462,2772,2024년도 전기자동차 안동시 모델별 보조금,2024,안동시
승합(대형),한차,GREENWAY1100A,5950,1190,7140,2024년도 전기자동차 안동시 모델별 보조금,2024,안동시
승합(대형),이엠코리아,에픽시티(LFP),2310,462,2772,2024년도 전기자동차 안동시 모델별 보조금,2024,안동시
승합(대형),이엠코리아,에픽타운(LFP),2101,420,2521,2024년도 전기자동차 안동시 모델별 보조금,2024,안동시
승합(대형),태영티엔티,GD11N,7000,1400,8400,2024년도 전기자동차 안동시 모델별 보조금,2024,안동시
승합(대형),재일홀딩스,그린타운400,1539,307,1846,2024년도 전기자동차 안동시 모델별 보조금,2024,안동시
승합(중형),현대자동차,카운티 일렉트릭,3915,1096,5011,2024년도 전기자동차 구미시 모델별 보조금,2024,구미시
승합(중형),현대자동차,카운티 일렉트릭(마을버스),4000,1120,5120,2024년도 전기자동차 구미시 모델별 보조금,2024,구미시
승합(중형),이비온,"E6(JL618S), 어린이통학",1127,315,1442,2024년도 전기자동차 구미시 모델별 보조금,2024,구미시
승합(중형),GS글로벌,NEW BYD eBus-7,1007,281,1288,2024년도 전기자동차 구미시 모델별 보조금,2024,구미시
승합(중형),한차,GREENWAY720,4250,1190,5440,2024년도 전기자동차 구미시 모델별 보조금,2024,구미시
승합(중형),테라팩토리,"테라밴키즈(2022), 어린이운송용14명",776,217,993,2024년도 전기자동차 구미시 모델별 보조금,2024,구미시
승합(중형),테라팩토리,"테라밴키즈11(2022), 어린이운송용11명",772,216,988,2024년도 전기자동차 구미시 모델별 보조금,2024,구미시
승합(중형),테라팩토리,테라밴,767,214,981,2024년도 전기자동차 구미시 모델별 보조금,2024,구미시
승합(중형),중원자동차,EV J1,1496,418,1914,2024년도 전기자동차 구미시 모델별 보조금,2024,구미시
승합(중형),쏠테로,트라베리-Y540E,1676,469,2145,2024년도 전기자동차 구미시 모델별 보조금,2024,구미시
승합(중형),쏠테로,트라베리-Y550E,1676,469,2145,2024년도 전기자동차 구미시 모델별 보조금,2024,구미시
승합(중형),쏠테로,트라베리-Y560E,1676,469,2145,2024년도 전기자동차 구미시 모델별 보조금,2024,구미시
승합(중형),리텍,e-CENTRO-K,2385,667,3052,2024년도 전기자동차 구미시 모델별 보조금,2024,구미시
승합(중형),에빅오토모티브코리아,세레온(어린이),5000,1400,6400,2024년도 전기자동차 구미시 모델별 보조금,2024,구미시
승합(중형),에빅오토모티브코리아,세레온(마을),5000,1400,6400,2024년도 전기자동차 구미시 모델별 보조금,2024,구미시
승합(대형),현대자동차,일렉시티 이층버스,11900,1400,13300,2024년도 전기자동차 구미시 모델별 보조금,2024,구미시
승합(대형),현대자동차,일렉시티(3PACK),7000,1400,8400,2024년도 전기자동차 구미시 모델별 보조금,2024,구미시
승합(대형),현대자동차,일렉시티(4PACK V1),7000,1400,8400,2024년도 전기자동차 구미시 모델별 보조금,2024,구미시
승합(대형),현대자동차,일렉시티(4PACK V2),7000,1400,8400,2024년도 전기자동차 구미시 모델별 보조금,2024,구미시
승합(대형),현대자동차,일렉시티 타운,6859,1371,8230,2024년도 전기자동차 구미시 모델별 보조금,2024,구미시
승합(대형),케이지모빌리티커머셜,SMART 110(272kWh),3850,770,4620,2024년도 전기자동차 구미시 모델별 보조금,2024,구미시
승합(대형),케이지모빌리티커머셜,SMART 110E(347kWh),5950,1190,7140,2024년도 전기자동차 구미시 모델별 보조금,2024,구미시
승합(대형),케이지모빌리티커머셜,SMART 110(260kWh),5724,1144,6868,2024년도 전기자동차 구미시 모델별 보조금,2024,구미시
승합(대형),케이지모빌리티커머셜,SMART 110E(260kWh),5950,1190,7140,2024년도 전기자동차 구미시 모델별 보조금,2024,구미시
승합(대형),케이지모빌리티커머셜,SMART 110(301kWh),7000,1400,8400,2024년도 전기자동차 구미시 모델별 보조금,2024,구미시
승합(대형),케이지모빌리티커머셜,KG C090,6916,0,6916,2024년도 전기자동차 구미시 모델별 보조금,2024,구미시
승합(대형),우진산전,아폴로900전기버스,4719,943,5662,2024년도 전기자동차 구미시 모델별 보조금,2024,구미시
승합(대형),우진산전,아폴로1100전기버스 23MY,7000,1400,8400,2024년도 전기자동차 구미시 모델별 보조금,2024,구미시
승합(대형),우진산전,아폴로1200-B43,7000,1400,8400,2024년도 전기자동차 구미시 모델별 보조금,2024,구미시
승합(대형),우진산전,아폴로1200-S42,7000,1400,8400,2024년도 전기자동차 구미시 모델별 보조금,2024,구미시
승합(대형),우진산전,아폴로1200-B42,7000,1400,8400,2024년도 전기자동차 구미시 모델별 보조금,2024,구미시
승합(대형),우진산전,아폴로1200-B29,7000,1400,8400,2024년도 전기자동차 구미시 모델별 보조금,2024,구미시
승합(대형),우진산전,아폴로1200-S29,7000,1400,8400,2024년도 전기자동차 구미시 모델별 보조금,2024,구미시
승합(대형),우진산전,아폴로900 V2.0,6819,0,6819,2024년도 전기자동차 구미시 모델별 보조금,2024,구미시
승합(대형),우진산전,아폴로1100 양문형,6459,0,6459,2024년도 전기자동차 구미시 모델별 보조금,2024,구미시
승합(대형),우진산전,아폴로1100 V2.0,7000,0,7000,2024년도 전기자동차 구미시 모델별 보조금,2024,구미시
승합(대형),피라인모터스,HYPERS1609N,5796,1159,6955,2024년도 전기자동차 구미시 모델별 보조금,2024,구미시
승합(대형),피라인모터스,HYPERS1611N,5440,1088,6528,2024년도 전기자동차 구미시 모델별 보조금,2024,구미시
승합(대형),피라인모터스,HYPERS1609HN,5755,1151,6906,2024년도 전기자동차 구미시 모델별 보조금,2024,구미시
승합(대형),피라인모터스,HYPERS1609N(25인승),5794,1158,6952,2024년도 전기자동차 구미시 모델별 보조금,2024,구미시
승합(대형),피라인모터스,HYPERS1609HN(25인승),5755,1151,6906,2024년도 전기자동차 구미시 모델별 보조금,2024,구미시
승합(대형),피라인모터스,HYPERS PRIME,7000,1400,8400,2024년도 전기자동차 구미시 모델별 보조금,2024,구미시
승합(대형),피라인모터스,HYPERS1609P(접이식),7000,1400,8400,2024년도 전기자동차 구미시 모델별 보조금,2024,구미시
승합(대형),피라인모터스,HYPERS1609P(힙레스트),7000,1400,8400,2024년도 전기자동차 구미시 모델별 보조금,2024,구미시
승합(대형),피라인모터스,HYPERS1609P(25인승 접이식),7000,1400,8400,2024년도 전기자동차 구미시 모델별 보조금,2024,구미시
승합(대형),피라인모터스,HYPERS1609P(25인승 힙레스트),7000,1400,8400,2024년도 전기자동차 구미시 모델별 보조금,2024,구미시
승합(대형),피라인모터스,HYPERS1611P(접이식),7000,1400,8400,2024년도 전기자동차 구미시 모델별 보조금,2024,구미시
승합(대형),피라인모터스,HYPERS1611P(힙레스트),7000,1400,8400,2024년도 전기자동차 구미시 모델별 보조금,2024,구미시
승합(대형),피라인모터스,HYPERS HP,7000,0,7000,2024년도 전기자동차 구미시 모델별 보조금,2024,구미시
승합(대형),범한자동차,E-SKY11(350kWh),1980,396,2376,2024년도 전기자동차 구미시 모델별 보조금,2024,구미시
승합(대형),범한자동차,E-SKY9(281kWh),1980,396,2376,2024년도 전기자동차 구미시 모델별 보조금,2024,구미시
승합(대형),범한자동차,E-STAR8 V1,1719,343,2062,2024년도 전기자동차 구미시 모델별 보조금,2024,구미시
승합(대형),범한자동차,E-STAR11,1980,396,2376,2024년도 전기자동차 구미시 모델별 보조금,2024,구미시
승합(대형),범한자동차,E-STAR12i,2480,496,2976,2024년도 전기자동차 구미시 모델별 보조금,2024,구미시
승합(대형),에스에이피,아이즘(IZM),1440,288,1728,2024년도 전기자동차 구미시 모델별 보조금,2024,구미시
승합(대형),에스에이피,엘페(ELFE),1889,377,2266,2024년도 전기자동차 구미시 모델별 보조금,2024,구미시
승합(대형),에스에이피,리오네(LIONNE),1440,288,1728,2024년도 전기자동차 구미시 모델별 보조금,2024,구미시
승합(대형),에스에이피,네오포스(NEOFORCE),1440,288,1728,2024년도 전기자동차 구미시 모델별 보조금,2024,구미시
승합(대형),GS글로벌,NEW BYD eBus-12,2180,436,2616,2024년도 전기자동차 구미시 모델별 보조금,2024,구미시
승합(대형),GS글로벌,BYD eBus9,2310,462,2772,2024년도 전기자동차 구미시 모델별 보조금,2024,구미시
승합(대형),GS글로벌,BYD eBus11,3440,0,3440,2024년도 전기자동차 구미시 모델별 보조금,2024,구미시
승합(대형),티에스에코에너지,일레누스(TS1100-1),5771,1154,6925,2024년도 전기자동차 구미시 모델별 보조금,2024,구미시
승합(대형),티에스에코에너지,일레누스(TS900-1),6914,1382,8296,2024년도 전기자동차 구미시 모델별 보조금,2024,구미시
승합(대형),이온모터스,시티라이트Ⅱ,2290,458,2748,2024년도 전기자동차 구미시 모델별 보조금,2024,구미시
승합(대형),이온모터스,시티라이트9,2310,462,2772,2024년도 전기자동차 구미시 모델별 보조금,2024,구미시
승합(대형),한차,GREENWAY1100A,5950,1190,7140,2024년도 전기자동차 구미시 모델별 보조금,2024,구미시
승합(대형),이엠코리아,에픽시티(LFP),2310,462,2772,2024년도 전기자동차 구미시 모델별 보조금,2024,구미시
승합(대형),이엠코리아,에픽타운(LFP),2101,420,2521,2024년도 전기자동차 구미시 모델별 보조금,2024,구미시
승합(대형),이엠코리아,에픽시티(NCM),7000,0,7000,2024년도 전기자동차 구미시 모델별 보조금,2024,구미시
승합(대형),이엠코리아,에픽타운(NCM),6439,0,6439,2024년도 전기자동차 구미시 모델별 보조금,2024,구미시
승합(대형),태영티엔티,GD11N,7000,0,7000,2024년도 전기자동차 구미시 모델별 보조금,2024,구미시
승합(대형),재일홀딩스,그린타운400,1539,307,1846,2024년도 전기자동차 구미시 모델별 보조금,2024,구미시
승합(대형),아이버스,아이버스어린이운송차,5950,0,5950,2024년도 전기자동차 구미시 모델별 보조금,2024,구미시
승합(중형),현대자동차,카운티 일렉트릭,3915,1096,5011,2024년도 전기자동차 영주시 모델별 보조금,2024,영주시
승합(중형),현대자동차,카운티 일렉트릭(마을버스),4000,1120,5120,2024년도 전기자동차 영주시 모델별 보조금,2024,영주시
승합(중형),이비온,"E6(JL618S), 어린이통학",1127,315,1442,2024년도 전기자동차 영주시 모델별 보조금,2024,영주시
승합(중형),GS글로벌,NEW BYD eBus-7,1007,281,1288,2024년도 전기자동차 영주시 모델별 보조금,2024,영주시
승합(중형),한차,GREENWAY720,4250,1190,5440,2024년도 전기자동차 영주시 모델별 보조금,2024,영주시
승합(중형),테라팩토리,"테라밴키즈(2022), 어린이운송용14명",776,217,993,2024년도 전기자동차 영주시 모델별 보조금,2024,영주시
승합(중형),테라팩토리,"테라밴키즈11(2022), 어린이운송용11명",772,216,988,2024년도 전기자동차 영주시 모델별 보조금,2024,영주시
승합(중형),테라팩토리,테라밴,767,214,981,2024년도 전기자동차 영주시 모델별 보조금,2024,영주시
승합(중형),중원자동차,EV J1,1496,418,1914,2024년도 전기자동차 영주시 모델별 보조금,2024,영주시
승합(대형),현대자동차,일렉시티 이층버스,11900,1400,13300,2024년도 전기자동차 영주시 모델별 보조금,2024,영주시
승합(대형),현대자동차,일렉시티(3PACK),7000,1400,8400,2024년도 전기자동차 영주시 모델별 보조금,2024,영주시
승합(대형),현대자동차,일렉시티(4PACK V1),7000,1400,8400,2024년도 전기자동차 영주시 모델별 보조금,2024,영주시
승합(대형),현대자동차,일렉시티(4PACK V2),7000,1400,8400,2024년도 전기자동차 영주시 모델별 보조금,2024,영주시
승합(대형),현대자동차,일렉시티 타운,6859,1371,8230,2024년도 전기자동차 영주시 모델별 보조금,2024,영주시
승합(대형),케이지모빌리티커머셜,SMART 110(272kWh),3850,770,4620,2024년도 전기자동차 영주시 모델별 보조금,2024,영주시
승합(대형),케이지모빌리티커머셜,SMART 110E(347kWh),5950,1190,7140,2024년도 전기자동차 영주시 모델별 보조금,2024,영주시
승합(대형),케이지모빌리티커머셜,SMART 110(260kWh),5724,1144,6868,2024년도 전기자동차 영주시 모델별 보조금,2024,영주시
승합(대형),케이지모빌리티커머셜,SMART 110E(260kWh),5950,1190,7140,2024년도 전기자동차 영주시 모델별 보조금,2024,영주시
승합(대형),케이지모빌리티커머셜,SMART 110(301kWh),7000,1400,8400,2024년도 전기자동차 영주시 모델별 보조금,2024,영주시
승합(대형),우진산전,아폴로900전기버스,4719,943,5662,2024년도 전기자동차 영주시 모델별 보조금,2024,영주시
승합(대형),우진산전,아폴로1100전기버스 23MY,7000,1400,8400,2024년도 전기자동차 영주시 모델별 보조금,2024,영주시
승합(대형),우진산전,아폴로1200-B43,7000,1400,8400,2024년도 전기자동차 영주시 모델별 보조금,2024,영주시
승합(대형),우진산전,아폴로1200-S42,7000,1400,8400,2024년도 전기자동차 영주시 모델별 보조금,2024,영주시
승합(대형),우진산전,아폴로1200-B42,7000,1400,8400,2024년도 전기자동차 영주시 모델별 보조금,2024,영주시
승합(대형),우진산전,아폴로1200-B29,7000,1400,8400,2024년도 전기자동차 영주시 모델별 보조금,2024,영주시
승합(대형),우진산전,아폴로1200-S29,7000,1400,8400,2024년도 전기자동차 영주시 모델별 보조금,2024,영주시
승합(대형),피라인모터스,HYPERS1609N,5796,1159,6955,2024년도 전기자동차 영주시 모델별 보조금,2024,영주시
승합(대형),피라인모터스,HYPERS1611N,5440,1088,6528,2024년도 전기자동차 영주시 모델별 보조금,2024,영주시
승합(대형),피라인모터스,HYPERS1609HN,5755,1151,6906,2024년도 전기자동차 영주시 모델별 보조금,2024,영주시
승합(대형),피라인모터스,HYPERS1609N(25인승),5794,1158,6952,2024년도 전기자동차 영주시 모델별 보조금,2024,영주시
승합(대형),피라인모터스,HYPERS1609HN(25인승),5755,1151,6906,2024년도 전기자동차 영주시 모델별 보조금,2024,영주시
승합(대형),피라인모터스,HYPERS PRIME,7000,1400,8400,2024년도 전기자동차 영주시 모델별 보조금,2024,영주시
승합(대형),피라인모터스,HYPERS1609P(접이식),7000,1400,8400,2024년도 전기자동차 영주시 모델별 보조금,2024,영주시
승합(대형),피라인모터스,HYPERS1609P(힙레스트),7000,1400,8400,2024년도 전기자동차 영주시 모델별 보조금,2024,영주시
승합(대형),피라인모터스,HYPERS1609P(25인승 접이식),7000,1400,8400,2024년도 전기자동차 영주시 모델별 보조금,2024,영주시
승합(대형),피라인모터스,HYPERS1609P(25인승 힙레스트),7000,1400,8400,2024년도 전기자동차 영주시 모델별 보조금,2024,영주시
승합(대형),피라인모터스,HYPERS1611P(접이식),7000,1400,8400,2024년도 전기자동차 영주시 모델별 보조금,2024,영주시
승합(대형),피라인모터스,HYPERS1611P(힙레스트),7000,1400,8400,2024년도 전기자동차 영주시 모델별 보조금,2024,영주시
승합(대형),범한자동차,E-SKY11(350kWh),1980,396,2376,2024년도 전기자동차 영주시 모델별 보조금,2024,영주시
승합(대형),범한자동차,E-SKY9(281kWh),1980,396,2376,2024년도 전기자동차 영주시 모델별 보조금,2024,영주시
승합(대형),범한자동차,E-STAR8 V1,1719,343,2062,2024년도 전기자동차 영주시 모델별 보조금,2024,영주시
승합(대형),범한자동차,E-STAR11,1980,396,2376,2024년도 전기자동차 영주시 모델별 보조금,2024,영주시
승합(대형),범한자동차,E-STAR12i,2480,496,2976,2024년도 전기자동차 영주시 모델별 보조금,2024,영주시
승합(대형),에스에이피,아이즘(IZM),1440,0,1440,2024년도 전기자동차 영주시 모델별 보조금,2024,영주시
승합(대형),에스에이피,엘페(ELFE),1889,0,1889,2024년도 전기자동차 영주시 모델별 보조금,2024,영주시
승합(대형),에스에이피,리오네(LIONNE),1440,0,1440,2024년도 전기자동차 영주시 모델별 보조금,2024,영주시
승합(대형),에스에이피,네오포스(NEOFORCE),1440,0,1440,2024년도 전기자동차 영주시 모델별 보조금,2024,영주시
승합(대형),GS글로벌,NEW BYD eBus-12,2180,436,2616,2024년도 전기자동차 영주시 모델별 보조금,2024,영주시
승합(대형),GS글로벌,BYD eBus9,2310,462,2772,2024년도 전기자동차 영주시 모델별 보조금,2024,영주시
승합(대형),티에스에코에너지,일레누스(TS1100-1),5771,1154,6925,2024년도 전기자동차 영주시 모델별 보조금,2024,영주시
승합(대형),티에스에코에너지,일레누스(TS900-1),6914,1382,8296,2024년도 전기자동차 영주시 모델별 보조금,2024,영주시
승합(대형),이온모터스,시티라이트Ⅱ,2290,458,2748,2024년도 전기자동차 영주시 모델별 보조금,2024,영주시
승합(대형),이온모터스,시티라이트9,2310,462,2772,2024년도 전기자동차 영주시 모델별 보조금,2024,영주시
승합(대형),한차,GREENWAY1100A,5950,1190,7140,2024년도 전기자동차 영주시 모델별 보조금,2024,영주시
승합(대형),재일홀딩스,그린타운400,1539,0,1539,2024년도 전기자동차 영주시 모델별 보조금,2024,영주시
승합(중형),현대자동차,카운티 일렉트릭,3915,1096,5011,2024년도 전기자동차 영천시 모델별 보조금,2024,영천시
승합(중형),현대자동차,카운티 일렉트릭(마을버스),4000,1120,5120,2024년도 전기자동차 영천시 모델별 보조금,2024,영천시
승합(중형),이비온,"E6(JL618S), 어린이통학",1127,315,1442,2024년도 전기자동차 영천시 모델별 보조금,2024,영천시
승합(중형),GS글로벌,NEW BYD eBus-7,1007,281,1288,2024년도 전기자동차 영천시 모델별 보조금,2024,영천시
승합(중형),한차,GREENWAY720,4250,1190,5440,2024년도 전기자동차 영천시 모델별 보조금,2024,영천시
승합(중형),테라팩토리,"테라밴키즈(2022), 어린이운송용14명",776,217,993,2024년도 전기자동차 영천시 모델별 보조금,2024,영천시
승합(중형),테라팩토리,"테라밴키즈11(2022), 어린이운송용11명",772,216,988,2024년도 전기자동차 영천시 모델별 보조금,2024,영천시
승합(중형),테라팩토리,테라밴,767,214,981,2024년도 전기자동차 영천시 모델별 보조금,2024,영천시
승합(중형),중원자동차,EV J1,1496,418,1914,2024년도 전기자동차 영천시 모델별 보조금,2024,영천시
승합(중형),쏠테로,트라베리-Y540E,1676,469,2145,2024년도 전기자동차 영천시 모델별 보조금,2024,영천시
승합(중형),쏠테로,트라베리-Y550E,1676,469,2145,2024년도 전기자동차 영천시 모델별 보조금,2024,영천시
승합(중형),쏠테로,트라베리-Y560E,1676,469,2145,2024년도 전기자동차 영천시 모델별 보조금,2024,영천시
승합(중형),리텍,e-CENTRO-K,2385,477,2862,2024년도 전기자동차 영천시 모델별 보조금,2024,영천시
승합(중형),에빅오토모티브코리아,세레온(어린이),5000,1400,6400,2024년도 전기자동차 영천시 모델별 보조금,2024,영천시
승합(중형),에빅오토모티브코리아,세레온(마을),5000,1400,6400,2024년도 전기자동차 영천시 모델별 보조금,2024,영천시
승합(대형),현대자동차,일렉시티 이층버스,11900,1400,13300,2024년도 전기자동차 영천시 모델별 보조금,2024,영천시
승합(대형),현대자동차,일렉시티(3PACK),7000,1400,8400,2024년도 전기자동차 영천시 모델별 보조금,2024,영천시
승합(대형),현대자동차,일렉시티(4PACK V1),7000,1400,8400,2024년도 전기자동차 영천시 모델별 보조금,2024,영천시
승합(대형),현대자동차,일렉시티(4PACK V2),7000,1400,8400,2024년도 전기자동차 영천시 모델별 보조금,2024,영천시
승합(대형),현대자동차,일렉시티 타운,6859,1371,8230,2024년도 전기자동차 영천시 모델별 보조금,2024,영천시
승합(대형),케이지모빌리티커머셜,SMART 110(272kWh),3850,770,4620,2024년도 전기자동차 영천시 모델별 보조금,2024,영천시
승합(대형),케이지모빌리티커머셜,SMART 110E(347kWh),5950,1190,7140,2024년도 전기자동차 영천시 모델별 보조금,2024,영천시
승합(대형),케이지모빌리티커머셜,SMART 110(260kWh),5724,1144,6868,2024년도 전기자동차 영천시 모델별 보조금,2024,영천시
승합(대형),케이지모빌리티커머셜,SMART 110E(260kWh),5950,1190,7140,2024년도 전기자동차 영천시 모델별 보조금,2024,영천시
승합(대형),케이지모빌리티커머셜,SMART 110(301kWh),7000,1400,8400,2024년도 전기자동차 영천시 모델별 보조금,2024,영천시
승합(대형),우진산전,아폴로900전기버스,4719,943,5662,2024년도 전기자동차 영천시 모델별 보조금,2024,영천시
승합(대형),우진산전,아폴로1100전기버스 23MY,7000,1400,8400,2024년도 전기자동차 영천시 모델별 보조금,2024,영천시
승합(대형),우진산전,아폴로1200-B43,7000,1400,8400,2024년도 전기자동차 영천시 모델별 보조금,2024,영천시
승합(대형),우진산전,아폴로1200-S42,7000,1400,8400,2024년도 전기자동차 영천시 모델별 보조금,2024,영천시
승합(대형),우진산전,아폴로1200-B42,7000,1400,8400,2024년도 전기자동차 영천시 모델별 보조금,2024,영천시
승합(대형),우진산전,아폴로1200-B29,7000,1400,8400,2024년도 전기자동차 영천시 모델별 보조금,2024,영천시
승합(대형),우진산전,아폴로1200-S29,7000,1400,8400,2024년도 전기자동차 영천시 모델별 보조금,2024,영천시
승합(대형),우진산전,아폴로900 V2.0,6819,1363,8182,2024년도 전기자동차 영천시 모델별 보조금,2024,영천시
승합(대형),우진산전,아폴로1100 양문형,6459,1291,7750,2024년도 전기자동차 영천시 모델별 보조금,2024,영천시
승합(대형),피라인모터스,HYPERS1609N,5796,1159,6955,2024년도 전기자동차 영천시 모델별 보조금,2024,영천시
승합(대형),피라인모터스,HYPERS1611N,5440,1088,6528,2024년도 전기자동차 영천시 모델별 보조금,2024,영천시
승합(대형),피라인모터스,HYPERS1609HN,5755,1151,6906,2024년도 전기자동차 영천시 모델별 보조금,2024,영천시
승합(대형),피라인모터스,HYPERS1609N(25인승),5794,1158,6952,2024년도 전기자동차 영천시 모델별 보조금,2024,영천시
승합(대형),피라인모터스,HYPERS1609HN(25인승),5755,1150,6905,2024년도 전기자동차 영천시 모델별 보조금,2024,영천시
승합(대형),피라인모터스,HYPERS PRIME,7000,1400,8400,2024년도 전기자동차 영천시 모델별 보조금,2024,영천시
승합(대형),피라인모터스,HYPERS1609P(접이식),7000,1400,8400,2024년도 전기자동차 영천시 모델별 보조금,2024,영천시
승합(대형),피라인모터스,HYPERS1609P(힙레스트),7000,1400,8400,2024년도 전기자동차 영천시 모델별 보조금,2024,영천시
승합(대형),피라인모터스,HYPERS1609P(25인승 접이식),7000,1400,8400,2024년도 전기자동차 영천시 모델별 보조금,2024,영천시
승합(대형),피라인모터스,HYPERS1609P(25인승 힙레스트),7000,1400,8400,2024년도 전기자동차 영천시 모델별 보조금,2024,영천시
승합(대형),피라인모터스,HYPERS1611P(접이식),7000,1400,8400,2024년도 전기자동차 영천시 모델별 보조금,2024,영천시
승합(대형),피라인모터스,HYPERS1611P(힙레스트),7000,1400,8400,2024년도 전기자동차 영천시 모델별 보조금,2024,영천시
승합(대형),피라인모터스,HYPERS HP,7000,1400,8400,2024년도 전기자동차 영천시 모델별 보조금,2024,영천시
승합(대형),범한자동차,E-SKY11(350kWh),1980,396,2376,2024년도 전기자동차 영천시 모델별 보조금,2024,영천시
승합(대형),범한자동차,E-SKY9(281kWh),1980,396,2376,2024년도 전기자동차 영천시 모델별 보조금,2024,영천시
승합(대형),범한자동차,E-STAR8 V1,1719,343,2062,2024년도 전기자동차 영천시 모델별 보조금,2024,영천시
승합(대형),범한자동차,E-STAR11,1980,396,2376,2024년도 전기자동차 영천시 모델별 보조금,2024,영천시
승합(대형),범한자동차,E-STAR12i,2480,496,2976,2024년도 전기자동차 영천시 모델별 보조금,2024,영천시
승합(대형),에스에이피,아이즘(IZM),1440,288,1728,2024년도 전기자동차 영천시 모델별 보조금,2024,영천시
승합(대형),에스에이피,엘페(ELFE),1889,377,2266,2024년도 전기자동차 영천시 모델별 보조금,2024,영천시
승합(대형),에스에이피,리오네(LIONNE),1440,288,1728,2024년도 전기자동차 영천시 모델별 보조금,2024,영천시
승합(대형),에스에이피,네오포스(NEOFORCE),1440,288,1728,2024년도 전기자동차 영천시 모델별 보조금,2024,영천시
승합(대형),GS글로벌,NEW BYD eBus-12,2180,436,2616,2024년도 전기자동차 영천시 모델별 보조금,2024,영천시
승합(대형),GS글로벌,BYD eBus9,2310,462,2772,2024년도 전기자동차 영천시 모델별 보조금,2024,영천시
승합(대형),GS글로벌,BYD eBus11,3440,688,4128,2024년도 전기자동차 영천시 모델별 보조금,2024,영천시
승합(대형),티에스에코에너지,일레누스(TS1100-1),5771,1154,6925,2024년도 전기자동차 영천시 모델별 보조금,2024,영천시
승합(대형),티에스에코에너지,일레누스(TS900-1),6914,1382,8296,2024년도 전기자동차 영천시 모델별 보조금,2024,영천시
승합(대형),이온모터스,시티라이트Ⅱ,2290,458,2748,2024년도 전기자동차 영천시 모델별 보조금,2024,영천시
승합(대형),이온모터스,시티라이트9,2310,462,2772,2024년도 전기자동차 영천시 모델별 보조금,2024,영천시
승합(대형),한차,GREENWAY1100A,5950,1190,7140,2024년도 전기자동차 영천시 모델별 보조금,2024,영천시
승합(대형),이엠코리아,에픽시티(LFP),2310,462,2772,2024년도 전기자동차 영천시 모델별 보조금,2024,영천시
승합(대형),이엠코리아,에픽타운(LFP),2101,420,2521,2024년도 전기자동차 영천시 모델별 보조금,2024,영천시
승합(대형),태영티엔티,GD11N,7000,1400,8400,2024년도 전기자동차 영천시 모델별 보조금,2024,영천시
승합(대형),재일홀딩스,그린타운400,1539,307,1846,2024년도 전기자동차 영천시 모델별 보조금,2024,영천시
승합(대형),아이버스,아이버스어린이운송차,5950,1190,7140,2024년도 전기자동차 영천시 모델별 보조금,2024,영천시
승합(중형),현대자동차,카운티 일렉트릭,3915,1096,5011,2024년도 전기자동차 상주시 모델별 보조금,2024,상주시
승합(중형),현대자동차,카운티 일렉트릭(마을버스),4000,1120,5120,2024년도 전기자동차 상주시 모델별 보조금,2024,상주시
승합(중형),이비온,"E6(JL618S), 어린이통학",1127,315,1442,2024년도 전기자동차 상주시 모델별 보조금,2024,상주시
승합(중형),GS글로벌,NEW BYD eBus-7,1007,281,1288,2024년도 전기자동차 상주시 모델별 보조금,2024,상주시
승합(중형),한차,GREENWAY720,4250,1190,5440,2024년도 전기자동차 상주시 모델별 보조금,2024,상주시
승합(중형),테라팩토리,"테라밴키즈(2022), 어린이운송용14명",776,217,993,2024년도 전기자동차 상주시 모델별 보조금,2024,상주시
승합(중형),테라팩토리,"테라밴키즈11(2022), 어린이운송용11명",772,216,988,2024년도 전기자동차 상주시 모델별 보조금,2024,상주시
승합(중형),테라팩토리,테라밴,767,214,981,2024년도 전기자동차 상주시 모델별 보조금,2024,상주시
승합(중형),중원자동차,EV J1,1496,418,1914,2024년도 전기자동차 상주시 모델별 보조금,2024,상주시
승합(중형),쏠테로,트라베리-Y540E,1676,469,2145,2024년도 전기자동차 상주시 모델별 보조금,2024,상주시
승합(중형),쏠테로,트라베리-Y550E,1676,469,2145,2024년도 전기자동차 상주시 모델별 보조금,2024,상주시
승합(중형),쏠테로,트라베리-Y560E,1676,1400,3076,2024년도 전기자동차 상주시 모델별 보조금,2024,상주시
승합(대형),현대자동차,일렉시티 이층버스,11900,1400,13300,2024년도 전기자동차 상주시 모델별 보조금,2024,상주시
승합(대형),현대자동차,일렉시티(3PACK),7000,1400,8400,2024년도 전기자동차 상주시 모델별 보조금,2024,상주시
승합(대형),현대자동차,일렉시티(4PACK V1),7000,1400,8400,2024년도 전기자동차 상주시 모델별 보조금,2024,상주시
승합(대형),현대자동차,일렉시티(4PACK V2),7000,1400,8400,2024년도 전기자동차 상주시 모델별 보조금,2024,상주시
승합(대형),현대자동차,일렉시티 타운,6859,1371,8230,2024년도 전기자동차 상주시 모델별 보조금,2024,상주시
승합(대형),케이지모빌리티커머셜,SMART 110(272kWh),3850,770,4620,2024년도 전기자동차 상주시 모델별 보조금,2024,상주시
승합(대형),케이지모빌리티커머셜,SMART 110E(347kWh),5950,1190,7140,2024년도 전기자동차 상주시 모델별 보조금,2024,상주시
승합(대형),케이지모빌리티커머셜,SMART 110(260kWh),5724,1144,6868,2024년도 전기자동차 상주시 모델별 보조금,2024,상주시
승합(대형),케이지모빌리티커머셜,SMART 110E(260kWh),5950,1190,7140,2024년도 전기자동차 상주시 모델별 보조금,2024,상주시
승합(대형),케이지모빌리티커머셜,SMART 110(301kWh),7000,1400,8400,2024년도 전기자동차 상주시 모델별 보조금,2024,상주시
승합(대형),우진산전,아폴로900전기버스,4719,943,5662,2024년도 전기자동차 상주시 모델별 보조금,2024,상주시
승합(대형),우진산전,아폴로1100전기버스 23MY,7000,1400,8400,2024년도 전기자동차 상주시 모델별 보조금,2024,상주시
승합(대형),우진산전,아폴로1200-B43,7000,1400,8400,2024년도 전기자동차 상주시 모델별 보조금,2024,상주시
승합(대형),우진산전,아폴로1200-S42,7000,1400,8400,2024년도 전기자동차 상주시 모델별 보조금,2024,상주시
승합(대형),우진산전,아폴로1200-B42,7000,1400,8400,2024년도 전기자동차 상주시 모델별 보조금,2024,상주시
승합(대형),우진산전,아폴로1200-B29,7000,1400,8400,2024년도 전기자동차 상주시 모델별 보조금,2024,상주시
승합(대형),우진산전,아폴로1200-S29,7000,1400,8400,2024년도 전기자동차 상주시 모델별 보조금,2024,상주시
승합(대형),피라인모터스,HYPERS1609N,5796,1159,6955,2024년도 전기자동차 상주시 모델별 보조금,2024,상주시
승합(대형),피라인모터스,HYPERS1611N,5440,1088,6528,2024년도 전기자동차 상주시 모델별 보조금,2024,상주시
승합(대형),피라인모터스,HYPERS1609HN,5755,1151,6906,2024년도 전기자동차 상주시 모델별 보조금,2024,상주시
승합(대형),피라인모터스,HYPERS1609N(25인승),5794,1158,6952,2024년도 전기자동차 상주시 모델별 보조금,2024,상주시
승합(대형),피라인모터스,HYPERS1609HN(25인승),5755,1151,6906,2024년도 전기자동차 상주시 모델별 보조금,2024,상주시
승합(대형),피라인모터스,HYPERS PRIME,7000,1400,8400,2024년도 전기자동차 상주시 모델별 보조금,2024,상주시
승합(대형),피라인모터스,HYPERS1609P(접이식),7000,1400,8400,2024년도 전기자동차 상주시 모델별 보조금,2024,상주시
승합(대형),피라인모터스,HYPERS1609P(힙레스트),7000,1400,8400,2024년도 전기자동차 상주시 모델별 보조금,2024,상주시
승합(대형),피라인모터스,HYPERS1609P(25인승 접이식),7000,1400,8400,2024년도 전기자동차 상주시 모델별 보조금,2024,상주시
승합(대형),피라인모터스,HYPERS1609P(25인승 힙레스트),7000,1400,8400,2024년도 전기자동차 상주시 모델별 보조금,2024,상주시
승합(대형),피라인모터스,HYPERS1611P(접이식),7000,1400,8400,2024년도 전기자동차 상주시 모델별 보조금,2024,상주시
승합(대형),피라인모터스,HYPERS1611P(힙레스트),7000,1400,8400,2024년도 전기자동차 상주시 모델별 보조금,2024,상주시
승합(대형),피라인모터스,HYPERS HP,7000,0,7000,2024년도 전기자동차 상주시 모델별 보조금,2024,상주시
승합(대형),범한자동차,E-SKY11(350kWh),1980,396,2376,2024년도 전기자동차 상주시 모델별 보조금,2024,상주시
승합(대형),범한자동차,E-SKY9(281kWh),1980,396,2376,2024년도 전기자동차 상주시 모델별 보조금,2024,상주시
승합(대형),범한자동차,E-STAR8 V1,1719,343,2062,2024년도 전기자동차 상주시 모델별 보조금,2024,상주시
승합(대형),범한자동차,E-STAR11,1980,396,2376,2024년도 전기자동차 상주시 모델별 보조금,2024,상주시
승합(대형),범한자동차,E-STAR12i,2480,496,2976,2024년도 전기자동차 상주시 모델별 보조금,2024,상주시
승합(대형),에스에이피,아이즘(IZM),1440,288,1728,2024년도 전기자동차 상주시 모델별 보조금,2024,상주시
승합(대형),에스에이피,엘페(ELFE),1889,377,2266,2024년도 전기자동차 상주시 모델별 보조금,2024,상주시
승합(대형),에스에이피,리오네(LIONNE),1440,288,1728,2024년도 전기자동차 상주시 모델별 보조금,2024,상주시
승합(대형),에스에이피,네오포스(NEOFORCE),1440,288,1728,2024년도 전기자동차 상주시 모델별 보조금,2024,상주시
승합(대형),GS글로벌,NEW BYD eBus-12,2180,436,2616,2024년도 전기자동차 상주시 모델별 보조금,2024,상주시
승합(대형),GS글로벌,BYD eBus9,2310,462,2772,2024년도 전기자동차 상주시 모델별 보조금,2024,상주시
승합(대형),티에스에코에너지,일레누스(TS1100-1),5771,1154,6925,2024년도 전기자동차 상주시 모델별 보조금,2024,상주시
승합(대형),티에스에코에너지,일레누스(TS900-1),6914,1382,8296,2024년도 전기자동차 상주시 모델별 보조금,2024,상주시
승합(대형),이온모터스,시티라이트Ⅱ,2290,458,2748,2024년도 전기자동차 상주시 모델별 보조금,2024,상주시
승합(대형),이온모터스,시티라이트9,2310,462,2772,2024년도 전기자동차 상주시 모델별 보조금,2024,상주시
승합(대형),한차,GREENWAY1100A,5950,1190,7140,2024년도 전기자동차 상주시 모델별 보조금,2024,상주시
승합(대형),이엠코리아,에픽시티(LFP),2310,462,2772,2024년도 전기자동차 상주시 모델별 보조금,2024,상주시
승합(대형),이엠코리아,에픽타운(LFP),2101,420,2521,2024년도 전기자동차 상주시 모델별 보조금,2024,상주시
승합(대형),재일홀딩스,그린타운400,1539,307,1846,2024년도 전기자동차 상주시 모델별 보조금,2024,상주시
승합(중형),현대자동차,카운티 일렉트릭,3915,1096,5011,2024년도 전기자동차 문경시 모델별 보조금,2024,문경시
승합(중형),현대자동차,카운티 일렉트릭(마을버스),4000,1120,5120,2024년도 전기자동차 문경시 모델별 보조금,2024,문경시
승합(중형),이비온,"E6(JL618S), 어린이통학",1127,315,1442,2024년도 전기자동차 문경시 모델별 보조금,2024,문경시
승합(중형),GS글로벌,NEW BYD eBus-7,1007,281,1288,2024년도 전기자동차 문경시 모델별 보조금,2024,문경시
승합(중형),한차,GREENWAY720,4250,1190,5440,2024년도 전기자동차 문경시 모델별 보조금,2024,문경시
승합(중형),테라팩토리,"테라밴키즈(2022), 어린이운송용14명",776,217,993,2024년도 전기자동차 문경시 모델별 보조금,2024,문경시
승합(중형),테라팩토리,"테라밴키즈11(2022), 어린이운송용11명",772,216,988,2024년도 전기자동차 문경시 모델별 보조금,2024,문경시
승합(중형),테라팩토리,테라밴,767,214,981,2024년도 전기자동차 문경시 모델별 보조금,2024,문경시
승합(중형),중원자동차,EV J1,1496,418,1914,2024년도 전기자동차 문경시 모델별 보조금,2024,문경시
승합(중형),쏠테로,트라베리-Y540E,1676,469,2145,2024년도 전기자동차 문경시 모델별 보조금,2024,문경시
승합(중형),쏠테로,트라베리-Y550E,1676,469,2145,2024년도 전기자동차 문경시 모델별 보조금,2024,문경시
승합(중형),쏠테로,트라베리-Y560E,1676,469,2145,2024년도 전기자동차 문경시 모델별 보조금,2024,문경시
승합(대형),현대자동차,일렉시티 이층버스,11900,1400,13300,2024년도 전기자동차 문경시 모델별 보조금,2024,문경시
승합(대형),현대자동차,일렉시티(3PACK),7000,1400,8400,2024년도 전기자동차 문경시 모델별 보조금,2024,문경시
승합(대형),현대자동차,일렉시티(4PACK V1),7000,1400,8400,2024년도 전기자동차 문경시 모델별 보조금,2024,문경시
승합(대형),현대자동차,일렉시티(4PACK V2),7000,1400,8400,2024년도 전기자동차 문경시 모델별 보조금,2024,문경시
승합(대형),현대자동차,일렉시티 타운,6859,1371,8230,2024년도 전기자동차 문경시 모델별 보조금,2024,문경시
승합(대형),케이지모빌리티커머셜,SMART 110(272kWh),3850,770,4620,2024년도 전기자동차 문경시 모델별 보조금,2024,문경시
승합(대형),케이지모빌리티커머셜,SMART 110E(347kWh),5950,1190,7140,2024년도 전기자동차 문경시 모델별 보조금,2024,문경시
승합(대형),케이지모빌리티커머셜,SMART 110(260kWh),5724,1144,6868,2024년도 전기자동차 문경시 모델별 보조금,2024,문경시
승합(대형),케이지모빌리티커머셜,SMART 110E(260kWh),5950,1190,7140,2024년도 전기자동차 문경시 모델별 보조금,2024,문경시
승합(대형),케이지모빌리티커머셜,SMART 110(301kWh),7000,1400,8400,2024년도 전기자동차 문경시 모델별 보조금,2024,문경시
승합(대형),우진산전,아폴로900전기버스,4719,943,5662,2024년도 전기자동차 문경시 모델별 보조금,2024,문경시
승합(대형),우진산전,아폴로1100전기버스 23MY,7000,1400,8400,2024년도 전기자동차 문경시 모델별 보조금,2024,문경시
승합(대형),우진산전,아폴로1200-B43,7000,1400,8400,2024년도 전기자동차 문경시 모델별 보조금,2024,문경시
승합(대형),우진산전,아폴로1200-S42,7000,1400,8400,2024년도 전기자동차 문경시 모델별 보조금,2024,문경시
승합(대형),우진산전,아폴로1200-B42,7000,1400,8400,2024년도 전기자동차 문경시 모델별 보조금,2024,문경시
승합(대형),우진산전,아폴로1200-B29,7000,1400,8400,2024년도 전기자동차 문경시 모델별 보조금,2024,문경시
승합(대형),우진산전,아폴로1200-S29,7000,1400,8400,2024년도 전기자동차 문경시 모델별 보조금,2024,문경시
승합(대형),피라인모터스,HYPERS1609N,5796,0,5796,2024년도 전기자동차 문경시 모델별 보조금,2024,문경시
승합(대형),피라인모터스,HYPERS1611N,5440,0,5440,2024년도 전기자동차 문경시 모델별 보조금,2024,문경시
승합(대형),피라인모터스,HYPERS1609HN,5755,0,5755,2024년도 전기자동차 문경시 모델별 보조금,2024,문경시
승합(대형),피라인모터스,HYPERS1609N(25인승),5794,0,5794,2024년도 전기자동차 문경시 모델별 보조금,2024,문경시
승합(대형),피라인모터스,HYPERS1609HN(25인승),5755,0,5755,2024년도 전기자동차 문경시 모델별 보조금,2024,문경시
승합(대형),피라인모터스,HYPERS PRIME,7000,1400,8400,2024년도 전기자동차 문경시 모델별 보조금,2024,문경시
승합(대형),피라인모터스,HYPERS1609P(접이식),7000,1400,8400,2024년도 전기자동차 문경시 모델별 보조금,2024,문경시
승합(대형),피라인모터스,HYPERS1609P(힙레스트),7000,1400,8400,2024년도 전기자동차 문경시 모델별 보조금,2024,문경시
승합(대형),피라인모터스,HYPERS1609P(25인승 접이식),7000,1400,8400,2024년도 전기자동차 문경시 모델별 보조금,2024,문경시
승합(대형),피라인모터스,HYPERS1609P(25인승 힙레스트),7000,1400,8400,2024년도 전기자동차 문경시 모델별 보조금,2024,문경시
승합(대형),피라인모터스,HYPERS1611P(접이식),7000,1400,8400,2024년도 전기자동차 문경시 모델별 보조금,2024,문경시
승합(대형),피라인모터스,HYPERS1611P(힙레스트),7000,1400,8400,2024년도 전기자동차 문경시 모델별 보조금,2024,문경시
승합(대형),범한자동차,E-SKY11(350kWh),1980,396,2376,2024년도 전기자동차 문경시 모델별 보조금,2024,문경시
승합(대형),범한자동차,E-SKY9(281kWh),1980,396,2376,2024년도 전기자동차 문경시 모델별 보조금,2024,문경시
승합(대형),범한자동차,E-STAR8 V1,1719,343,2062,2024년도 전기자동차 문경시 모델별 보조금,2024,문경시
승합(대형),범한자동차,E-STAR11,1980,396,2376,2024년도 전기자동차 문경시 모델별 보조금,2024,문경시
승합(대형),범한자동차,E-STAR12i,2480,496,2976,2024년도 전기자동차 문경시 모델별 보조금,2024,문경시
승합(대형),에스에이피,아이즘(IZM),1440,288,1728,2024년도 전기자동차 문경시 모델별 보조금,2024,문경시
승합(대형),에스에이피,엘페(ELFE),1889,377,2266,2024년도 전기자동차 문경시 모델별 보조금,2024,문경시
승합(대형),에스에이피,리오네(LIONNE),1440,288,1728,2024년도 전기자동차 문경시 모델별 보조금,2024,문경시
승합(대형),에스에이피,네오포스(NEOFORCE),1440,288,1728,2024년도 전기자동차 문경시 모델별 보조금,2024,문경시
승합(대형),GS글로벌,NEW BYD eBus-12,2180,436,2616,2024년도 전기자동차 문경시 모델별 보조금,2024,문경시
승합(대형),GS글로벌,BYD eBus9,2310,462,2772,2024년도 전기자동차 문경시 모델별 보조금,2024,문경시
승합(대형),티에스에코에너지,일레누스(TS1100-1),5771,1154,6925,2024년도 전기자동차 문경시 모델별 보조금,2024,문경시
승합(대형),티에스에코에너지,일레누스(TS900-1),6914,1382,8296,2024년도 전기자동차 문경시 모델별 보조금,2024,문경시
승합(대형),이온모터스,시티라이트Ⅱ,2290,458,2748,2024년도 전기자동차 문경시 모델별 보조금,2024,문경시
승합(대형),이온모터스,시티라이트9,2310,462,2772,2024년도 전기자동차 문경시 모델별 보조금,2024,문경시
승합(대형),한차,GREENWAY1100A,5950,1190,7140,2024년도 전기자동차 문경시 모델별 보조금,2024,문경시
승합(대형),이엠코리아,에픽시티(LFP),2310,462,2772,2024년도 전기자동차 문경시 모델별 보조금,2024,문경시
승합(대형),이엠코리아,에픽타운(LFP),2101,420,2521,2024년도 전기자동차 문경시 모델별 보조금,2024,문경시
승합(대형),재일홀딩스,그린타운400,1539,307,1846,2024년도 전기자동차 문경시 모델별 보조금,2024,문경시
승합(중형),현대자동차,카운티 일렉트릭,3915,1096,5011,2024년도 전기자동차 경산시 모델별 보조금,2024,경산시
승합(중형),현대자동차,카운티 일렉트릭(마을버스),4000,1120,5120,2024년도 전기자동차 경산시 모델별 보조금,2024,경산시
승합(중형),이비온,"E6(JL618S), 어린이통학",1127,315,1442,2024년도 전기자동차 경산시 모델별 보조금,2024,경산시
승합(중형),GS글로벌,NEW BYD eBus-7,1007,281,1288,2024년도 전기자동차 경산시 모델별 보조금,2024,경산시
승합(중형),한차,GREENWAY720,4250,1190,5440,2024년도 전기자동차 경산시 모델별 보조금,2024,경산시
승합(중형),테라팩토리,"테라밴키즈(2022), 어린이운송용14명",776,217,993,2024년도 전기자동차 경산시 모델별 보조금,2024,경산시
승합(중형),테라팩토리,"테라밴키즈11(2022), 어린이운송용11명",772,216,988,2024년도 전기자동차 경산시 모델별 보조금,2024,경산시
승합(중형),테라팩토리,테라밴,767,214,981,2024년도 전기자동차 경산시 모델별 보조금,2024,경산시
승합(중형),중원자동차,EV J1,1496,418,1914,2024년도 전기자동차 경산시 모델별 보조금,2024,경산시
승합(중형),쏠테로,트라베리-Y540E,1676,469,2145,2024년도 전기자동차 경산시 모델별 보조금,2024,경산시
승합(중형),쏠테로,트라베리-Y550E,1676,469,2145,2024년도 전기자동차 경산시 모델별 보조금,2024,경산시
승합(중형),쏠테로,트라베리-Y560E,1676,469,2145,2024년도 전기자동차 경산시 모델별 보조금,2024,경산시
승합(중형),리텍,e-CENTRO-K,2385,667,3052,2024년도 전기자동차 경산시 모델별 보조금,2024,경산시
승합(중형),에빅오토모티브코리아,세레온(어린이),5000,1400,6400,2024년도 전기자동차 경산시 모델별 보조금,2024,경산시
승합(중형),에빅오토모티브코리아,세레온(마을),5000,1400,6400,2024년도 전기자동차 경산시 모델별 보조금,2024,경산시
승합(대형),현대자동차,일렉시티 이층버스,11900,1400,13300,2024년도 전기자동차 경산시 모델별 보조금,2024,경산시
승합(대형),현대자동차,일렉시티(3PACK),7000,1400,8400,2024년도 전기자동차 경산시 모델별 보조금,2024,경산시
승합(대형),현대자동차,일렉시티(4PACK V1),7000,1400,8400,2024년도 전기자동차 경산시 모델별 보조금,2024,경산시
승합(대형),현대자동차,일렉시티(4PACK V2),7000,1400,8400,2024년도 전기자동차 경산시 모델별 보조금,2024,경산시
승합(대형),현대자동차,일렉시티 타운,6859,1371,8230,2024년도 전기자동차 경산시 모델별 보조금,2024,경산시
승합(대형),케이지모빌리티커머셜,SMART 110(272kWh),3850,770,4620,2024년도 전기자동차 경산시 모델별 보조금,2024,경산시
승합(대형),케이지모빌리티커머셜,SMART 110E(347kWh),5950,1190,7140,2024년도 전기자동차 경산시 모델별 보조금,2024,경산시
승합(대형),케이지모빌리티커머셜,SMART 110(260kWh),5724,1144,6868,2024년도 전기자동차 경산시 모델별 보조금,2024,경산시
승합(대형),케이지모빌리티커머셜,SMART 110E(260kWh),5950,1190,7140,2024년도 전기자동차 경산시 모델별 보조금,2024,경산시
승합(대형),케이지모빌리티커머셜,SMART 110(301kWh),7000,1400,8400,2024년도 전기자동차 경산시 모델별 보조금,2024,경산시
승합(대형),우진산전,아폴로900전기버스,4719,943,5662,2024년도 전기자동차 경산시 모델별 보조금,2024,경산시
승합(대형),우진산전,아폴로1100전기버스 23MY,7000,1400,8400,2024년도 전기자동차 경산시 모델별 보조금,2024,경산시
승합(대형),우진산전,아폴로1200-B43,7000,1400,8400,2024년도 전기자동차 경산시 모델별 보조금,2024,경산시
승합(대형),우진산전,아폴로1200-S42,7000,1400,8400,2024년도 전기자동차 경산시 모델별 보조금,2024,경산시
승합(대형),우진산전,아폴로1200-B42,7000,1400,8400,2024년도 전기자동차 경산시 모델별 보조금,2024,경산시
승합(대형),우진산전,아폴로1200-B29,7000,1400,8400,2024년도 전기자동차 경산시 모델별 보조금,2024,경산시
승합(대형),우진산전,아폴로1200-S29,7000,1400,8400,2024년도 전기자동차 경산시 모델별 보조금,2024,경산시
승합(대형),피라인모터스,HYPERS1609N,5796,1159,6955,2024년도 전기자동차 경산시 모델별 보조금,2024,경산시
승합(대형),피라인모터스,HYPERS1611N,5440,1088,6528,2024년도 전기자동차 경산시 모델별 보조금,2024,경산시
승합(대형),피라인모터스,HYPERS1609HN,5755,1151,6906,2024년도 전기자동차 경산시 모델별 보조금,2024,경산시
승합(대형),피라인모터스,HYPERS1609N(25인승),5794,1158,6952,2024년도 전기자동차 경산시 모델별 보조금,2024,경산시
승합(대형),피라인모터스,HYPERS1609HN(25인승),5755,1151,6906,2024년도 전기자동차 경산시 모델별 보조금,2024,경산시
승합(대형),피라인모터스,HYPERS PRIME,7000,1400,8400,2024년도 전기자동차 경산시 모델별 보조금,2024,경산시
승합(대형),피라인모터스,HYPERS1609P(접이식),7000,1400,8400,2024년도 전기자동차 경산시 모델별 보조금,2024,경산시
승합(대형),피라인모터스,HYPERS1609P(힙레스트),7000,1400,8400,2024년도 전기자동차 경산시 모델별 보조금,2024,경산시
승합(대형),피라인모터스,HYPERS1609P(25인승 접이식),7000,1400,8400,2024년도 전기자동차 경산시 모델별 보조금,2024,경산시
승합(대형),피라인모터스,HYPERS1609P(25인승 힙레스트),7000,1400,8400,2024년도 전기자동차 경산시 모델별 보조금,2024,경산시
승합(대형),피라인모터스,HYPERS1611P(접이식),7000,1400,8400,2024년도 전기자동차 경산시 모델별 보조금,2024,경산시
승합(대형),피라인모터스,HYPERS1611P(힙레스트),7000,1400,8400,2024년도 전기자동차 경산시 모델별 보조금,2024,경산시
승합(대형),피라인모터스,HYPERS HP,7000,1400,8400,2024년도 전기자동차 경산시 모델별 보조금,2024,경산시
승합(대형),범한자동차,E-SKY11(350kWh),1980,396,2376,2024년도 전기자동차 경산시 모델별 보조금,2024,경산시
승합(대형),범한자동차,E-SKY9(281kWh),1980,396,2376,2024년도 전기자동차 경산시 모델별 보조금,2024,경산시
승합(대형),범한자동차,E-STAR8 V1,1719,343,2062,2024년도 전기자동차 경산시 모델별 보조금,2024,경산시
승합(대형),범한자동차,E-STAR11,1980,396,2376,2024년도 전기자동차 경산시 모델별 보조금,2024,경산시
승합(대형),범한자동차,E-STAR12i,2480,496,2976,2024년도 전기자동차 경산시 모델별 보조금,2024,경산시
승합(대형),에스에이피,아이즘(IZM),1440,288,1728,2024년도 전기자동차 경산시 모델별 보조금,2024,경산시
승합(대형),에스에이피,엘페(ELFE),1889,377,2266,2024년도 전기자동차 경산시 모델별 보조금,2024,경산시
승합(대형),에스에이피,리오네(LIONNE),1440,288,1728,2024년도 전기자동차 경산시 모델별 보조금,2024,경산시
승합(대형),에스에이피,네오포스(NEOFORCE),1440,288,1728,2024년도 전기자동차 경산시 모델별 보조금,2024,경산시
승합(대형),GS글로벌,NEW BYD eBus-12,2180,436,2616,2024년도 전기자동차 경산시 모델별 보조금,2024,경산시
승합(대형),GS글로벌,BYD eBus9,2310,462,2772,2024년도 전기자동차 경산시 모델별 보조금,2024,경산시
승합(대형),GS글로벌,BYD eBus11,3440,0,3440,2024년도 전기자동차 경산시 모델별 보조금,2024,경산시
승합(대형),티에스에코에너지,일레누스(TS1100-1),5771,1154,6925,2024년도 전기자동차 경산시 모델별 보조금,2024,경산시
승합(대형),티에스에코에너지,일레누스(TS900-1),6914,1382,8296,2024년도 전기자동차 경산시 모델별 보조금,2024,경산시
승합(대형),이온모터스,시티라이트Ⅱ,2290,458,2748,2024년도 전기자동차 경산시 모델별 보조금,2024,경산시
승합(대형),이온모터스,시티라이트9,2310,462,2772,2024년도 전기자동차 경산시 모델별 보조금,2024,경산시
승합(대형),한차,GREENWAY1100A,5950,1190,7140,2024년도 전기자동차 경산시 모델별 보조금,2024,경산시
승합(대형),이엠코리아,에픽시티(LFP),2310,462,2772,2024년도 전기자동차 경산시 모델별 보조금,2024,경산시
승합(대형),이엠코리아,에픽타운(LFP),2101,420,2521,2024년도 전기자동차 경산시 모델별 보조금,2024,경산시
승합(대형),태영티엔티,GD11N,7000,0,7000,2024년도 전기자동차 경산시 모델별 보조금,2024,경산시
승합(대형),재일홀딩스,그린타운400,1539,307,1846,2024년도 전기자동차 경산시 모델별 보조금,2024,경산시
승합(대형),아이버스,아이버스어린이운송차,5950,0,5950,2024년도 전기자동차 경산시 모델별 보조금,2024,경산시
모델별 지방비 자료가 없습니다.,모델별 지방비 자료가 없습니다.,모델별 지방비 자료가 없습니다.,모델별 지방비 자료가 없습니다.,모델별 지방비 자료가 없습니다.,모델별 지방비 자료가 없습니다.,2024년도 전기자동차 의성군 모델별 보조금,2024,의성군
승합(중형),현대자동차,카운티 일렉트릭,3915,1096,5011,2024년도 전기자동차 청송군 모델별 보조금,2024,청송군
승합(중형),현대자동차,카운티 일렉트릭(마을버스),4000,1120,5120,2024년도 전기자동차 청송군 모델별 보조금,2024,청송군
승합(중형),이비온,"E6(JL618S), 어린이통학",1127,315,1442,2024년도 전기자동차 청송군 모델별 보조금,2024,청송군
승합(중형),GS글로벌,NEW BYD eBus-7,1007,281,1288,2024년도 전기자동차 청송군 모델별 보조금,2024,청송군
승합(중형),한차,GREENWAY720,4250,1190,5440,2024년도 전기자동차 청송군 모델별 보조금,2024,청송군
승합(중형),테라팩토리,"테라밴키즈(2022), 어린이운송용14명",776,217,993,2024년도 전기자동차 청송군 모델별 보조금,2024,청송군
승합(중형),테라팩토리,"테라밴키즈11(2022), 어린이운송용11명",772,216,988,2024년도 전기자동차 청송군 모델별 보조금,2024,청송군
승합(중형),테라팩토리,테라밴,767,214,981,2024년도 전기자동차 청송군 모델별 보조금,2024,청송군
승합(중형),중원자동차,EV J1,1496,418,1914,2024년도 전기자동차 청송군 모델별 보조금,2024,청송군
승합(중형),쏠테로,트라베리-Y540E,1676,469,2145,2024년도 전기자동차 청송군 모델별 보조금,2024,청송군
승합(중형),쏠테로,트라베리-Y550E,1676,469,2145,2024년도 전기자동차 청송군 모델별 보조금,2024,청송군
승합(중형),쏠테로,트라베리-Y560E,1676,469,2145,2024년도 전기자동차 청송군 모델별 보조금,2024,청송군
승합(중형),리텍,e-CENTRO-K,2385,667,3052,2024년도 전기자동차 청송군 모델별 보조금,2024,청송군
승합(중형),에빅오토모티브코리아,세레온(어린이),5000,1400,6400,2024년도 전기자동차 청송군 모델별 보조금,2024,청송군
승합(중형),에빅오토모티브코리아,세레온(마을),5000,1400,6400,2024년도 전기자동차 청송군 모델별 보조금,2024,청송군
승합(대형),현대자동차,일렉시티 이층버스,11900,2380,14280,2024년도 전기자동차 청송군 모델별 보조금,2024,청송군
승합(대형),현대자동차,일렉시티(3PACK),7000,1400,8400,2024년도 전기자동차 청송군 모델별 보조금,2024,청송군
승합(대형),현대자동차,일렉시티(4PACK V1),7000,1400,8400,2024년도 전기자동차 청송군 모델별 보조금,2024,청송군
승합(대형),현대자동차,일렉시티(4PACK V2),7000,1400,8400,2024년도 전기자동차 청송군 모델별 보조금,2024,청송군
승합(대형),현대자동차,일렉시티 타운,6859,1371,8230,2024년도 전기자동차 청송군 모델별 보조금,2024,청송군
승합(대형),케이지모빌리티커머셜,SMART 110(272kWh),3850,770,4620,2024년도 전기자동차 청송군 모델별 보조금,2024,청송군
승합(대형),케이지모빌리티커머셜,SMART 110E(347kWh),5950,1190,7140,2024년도 전기자동차 청송군 모델별 보조금,2024,청송군
승합(대형),케이지모빌리티커머셜,SMART 110(260kWh),5724,1144,6868,2024년도 전기자동차 청송군 모델별 보조금,2024,청송군
승합(대형),케이지모빌리티커머셜,SMART 110E(260kWh),5950,1190,7140,2024년도 전기자동차 청송군 모델별 보조금,2024,청송군
승합(대형),케이지모빌리티커머셜,SMART 110(301kWh),7000,1400,8400,2024년도 전기자동차 청송군 모델별 보조금,2024,청송군
승합(대형),우진산전,아폴로900전기버스,4719,943,5662,2024년도 전기자동차 청송군 모델별 보조금,2024,청송군
승합(대형),우진산전,아폴로1100전기버스 23MY,7000,1400,8400,2024년도 전기자동차 청송군 모델별 보조금,2024,청송군
승합(대형),우진산전,아폴로1200-B43,7000,1400,8400,2024년도 전기자동차 청송군 모델별 보조금,2024,청송군
승합(대형),우진산전,아폴로1200-S42,7000,1400,8400,2024년도 전기자동차 청송군 모델별 보조금,2024,청송군
승합(대형),우진산전,아폴로1200-B42,7000,1400,8400,2024년도 전기자동차 청송군 모델별 보조금,2024,청송군
승합(대형),우진산전,아폴로1200-B29,7000,1400,8400,2024년도 전기자동차 청송군 모델별 보조금,2024,청송군
승합(대형),우진산전,아폴로1200-S29,7000,1400,8400,2024년도 전기자동차 청송군 모델별 보조금,2024,청송군
승합(대형),우진산전,아폴로900 V2.0,6819,1363,8182,2024년도 전기자동차 청송군 모델별 보조금,2024,청송군
승합(대형),우진산전,아폴로1100 양문형,6459,1291,7750,2024년도 전기자동차 청송군 모델별 보조금,2024,청송군
승합(대형),우진산전,아폴로1100 V2.0,7000,1400,8400,2024년도 전기자동차 청송군 모델별 보조금,2024,청송군
승합(대형),피라인모터스,HYPERS1609N,5796,1159,6955,2024년도 전기자동차 청송군 모델별 보조금,2024,청송군
승합(대형),피라인모터스,HYPERS1611N,5440,1088,6528,2024년도 전기자동차 청송군 모델별 보조금,2024,청송군
승합(대형),피라인모터스,HYPERS1609HN,5755,1151,6906,2024년도 전기자동차 청송군 모델별 보조금,2024,청송군
승합(대형),피라인모터스,HYPERS1609N(25인승),5794,1158,6952,2024년도 전기자동차 청송군 모델별 보조금,2024,청송군
승합(대형),피라인모터스,HYPERS1609HN(25인승),5755,1151,6906,2024년도 전기자동차 청송군 모델별 보조금,2024,청송군
승합(대형),피라인모터스,HYPERS PRIME,7000,1400,8400,2024년도 전기자동차 청송군 모델별 보조금,2024,청송군
승합(대형),피라인모터스,HYPERS1609P(접이식),7000,1400,8400,2024년도 전기자동차 청송군 모델별 보조금,2024,청송군
승합(대형),피라인모터스,HYPERS1609P(힙레스트),7000,1400,8400,2024년도 전기자동차 청송군 모델별 보조금,2024,청송군
승합(대형),피라인모터스,HYPERS1609P(25인승 접이식),7000,1400,8400,2024년도 전기자동차 청송군 모델별 보조금,2024,청송군
승합(대형),피라인모터스,HYPERS1609P(25인승 힙레스트),7000,1400,8400,2024년도 전기자동차 청송군 모델별 보조금,2024,청송군
승합(대형),피라인모터스,HYPERS1611P(접이식),7000,1400,8400,2024년도 전기자동차 청송군 모델별 보조금,2024,청송군
승합(대형),피라인모터스,HYPERS1611P(힙레스트),7000,1400,8400,2024년도 전기자동차 청송군 모델별 보조금,2024,청송군
승합(대형),피라인모터스,HYPERS HP,7000,1400,8400,2024년도 전기자동차 청송군 모델별 보조금,2024,청송군
승합(대형),범한자동차,E-SKY11(350kWh),1980,396,2376,2024년도 전기자동차 청송군 모델별 보조금,2024,청송군
승합(대형),범한자동차,E-SKY9(281kWh),1980,396,2376,2024년도 전기자동차 청송군 모델별 보조금,2024,청송군
승합(대형),범한자동차,E-STAR8 V1,1719,343,2062,2024년도 전기자동차 청송군 모델별 보조금,2024,청송군
승합(대형),범한자동차,E-STAR11,1980,396,2376,2024년도 전기자동차 청송군 모델별 보조금,2024,청송군
승합(대형),범한자동차,E-STAR12i,2480,496,2976,2024년도 전기자동차 청송군 모델별 보조금,2024,청송군
승합(대형),에스에이피,아이즘(IZM),1440,288,1728,2024년도 전기자동차 청송군 모델별 보조금,2024,청송군
승합(대형),에스에이피,엘페(ELFE),1889,377,2266,2024년도 전기자동차 청송군 모델별 보조금,2024,청송군
승합(대형),에스에이피,리오네(LIONNE),1440,288,1728,2024년도 전기자동차 청송군 모델별 보조금,2024,청송군
승합(대형),에스에이피,네오포스(NEOFORCE),1440,288,1728,2024년도 전기자동차 청송군 모델별 보조금,2024,청송군
승합(대형),GS글로벌,NEW BYD eBus-12,2180,436,2616,2024년도 전기자동차 청송군 모델별 보조금,2024,청송군
승합(대형),GS글로벌,BYD eBus9,2310,462,2772,2024년도 전기자동차 청송군 모델별 보조금,2024,청송군
승합(대형),GS글로벌,BYD eBus11,3440,688,4128,2024년도 전기자동차 청송군 모델별 보조금,2024,청송군
승합(대형),티에스에코에너지,일레누스(TS1100-1),5771,1154,6925,2024년도 전기자동차 청송군 모델별 보조금,2024,청송군
승합(대형),티에스에코에너지,일레누스(TS900-1),6914,1382,8296,2024년도 전기자동차 청송군 모델별 보조금,2024,청송군
승합(대형),이온모터스,시티라이트Ⅱ,2290,458,2748,2024년도 전기자동차 청송군 모델별 보조금,2024,청송군
승합(대형),이온모터스,시티라이트9,2310,462,2772,2024년도 전기자동차 청송군 모델별 보조금,2024,청송군
승합(대형),한차,GREENWAY1100A,5950,1190,7140,2024년도 전기자동차 청송군 모델별 보조금,2024,청송군
승합(대형),이엠코리아,에픽시티(LFP),2310,462,2772,2024년도 전기자동차 청송군 모델별 보조금,2024,청송군
승합(대형),이엠코리아,에픽타운(LFP),2101,420,2521,2024년도 전기자동차 청송군 모델별 보조금,2024,청송군
승합(대형),태영티엔티,GD11N,7000,1400,8400,2024년도 전기자동차 청송군 모델별 보조금,2024,청송군
승합(대형),재일홀딩스,그린타운400,1539,307,1846,2024년도 전기자동차 청송군 모델별 보조금,2024,청송군
승합(대형),아이버스,아이버스어린이운송차,5950,1190,7140,2024년도 전기자동차 청송군 모델별 보조금,2024,청송군
승합(중형),현대자동차,카운티 일렉트릭,3915,1096,5011,2024년도 전기자동차 영양군 모델별 보조금,2024,영양군
승합(중형),현대자동차,카운티 일렉트릭(마을버스),4000,1120,5120,2024년도 전기자동차 영양군 모델별 보조금,2024,영양군
승합(중형),이비온,"E6(JL618S), 어린이통학",1127,0,1127,2024년도 전기자동차 영양군 모델별 보조금,2024,영양군
승합(중형),GS글로벌,NEW BYD eBus-7,1007,0,1007,2024년도 전기자동차 영양군 모델별 보조금,2024,영양군
승합(중형),한차,GREENWAY720,4250,0,4250,2024년도 전기자동차 영양군 모델별 보조금,2024,영양군
승합(중형),테라팩토리,"테라밴키즈(2022), 어린이운송용14명",776,0,776,2024년도 전기자동차 영양군 모델별 보조금,2024,영양군
승합(중형),테라팩토리,"테라밴키즈11(2022), 어린이운송용11명",772,0,772,2024년도 전기자동차 영양군 모델별 보조금,2024,영양군
승합(중형),테라팩토리,테라밴,767,0,767,2024년도 전기자동차 영양군 모델별 보조금,2024,영양군
승합(중형),중원자동차,EV J1,1496,0,1496,2024년도 전기자동차 영양군 모델별 보조금,2024,영양군
승합(중형),쏠테로,트라베리-Y540E,1676,0,1676,2024년도 전기자동차 영양군 모델별 보조금,2024,영양군
승합(중형),쏠테로,트라베리-Y550E,1676,0,1676,2024년도 전기자동차 영양군 모델별 보조금,2024,영양군
승합(중형),쏠테로,트라베리-Y560E,1676,0,1676,2024년도 전기자동차 영양군 모델별 보조금,2024,영양군
승합(중형),리텍,e-CENTRO-K,2385,0,2385,2024년도 전기자동차 영양군 모델별 보조금,2024,영양군
승합(중형),에빅오토모티브코리아,세레온(어린이),5000,0,5000,2024년도 전기자동차 영양군 모델별 보조금,2024,영양군
승합(중형),에빅오토모티브코리아,세레온(마을),5000,0,5000,2024년도 전기자동차 영양군 모델별 보조금,2024,영양군
승합(대형),현대자동차,일렉시티 이층버스,11900,0,11900,2024년도 전기자동차 영양군 모델별 보조금,2024,영양군
승합(대형),현대자동차,일렉시티(3PACK),7000,0,7000,2024년도 전기자동차 영양군 모델별 보조금,2024,영양군
승합(대형),현대자동차,일렉시티(4PACK V1),7000,0,7000,2024년도 전기자동차 영양군 모델별 보조금,2024,영양군
승합(대형),현대자동차,일렉시티(4PACK V2),7000,0,7000,2024년도 전기자동차 영양군 모델별 보조금,2024,영양군
승합(대형),현대자동차,일렉시티 타운,6859,0,6859,2024년도 전기자동차 영양군 모델별 보조금,2024,영양군
승합(대형),케이지모빌리티커머셜,SMART 110(272kWh),3850,0,3850,2024년도 전기자동차 영양군 모델별 보조금,2024,영양군
승합(대형),케이지모빌리티커머셜,SMART 110E(347kWh),5950,0,5950,2024년도 전기자동차 영양군 모델별 보조금,2024,영양군
승합(대형),케이지모빌리티커머셜,SMART 110(260kWh),5724,0,5724,2024년도 전기자동차 영양군 모델별 보조금,2024,영양군
승합(대형),케이지모빌리티커머셜,SMART 110E(260kWh),5950,0,5950,2024년도 전기자동차 영양군 모델별 보조금,2024,영양군
승합(대형),케이지모빌리티커머셜,SMART 110(301kWh),7000,0,7000,2024년도 전기자동차 영양군 모델별 보조금,2024,영양군
승합(대형),우진산전,아폴로900전기버스,4719,0,4719,2024년도 전기자동차 영양군 모델별 보조금,2024,영양군
승합(대형),우진산전,아폴로1100전기버스 23MY,7000,0,7000,2024년도 전기자동차 영양군 모델별 보조금,2024,영양군
승합(대형),우진산전,아폴로1200-B43,7000,0,7000,2024년도 전기자동차 영양군 모델별 보조금,2024,영양군
승합(대형),우진산전,아폴로1200-S42,7000,0,7000,2024년도 전기자동차 영양군 모델별 보조금,2024,영양군
승합(대형),우진산전,아폴로1200-B42,7000,0,7000,2024년도 전기자동차 영양군 모델별 보조금,2024,영양군
승합(대형),우진산전,아폴로1200-B29,7000,0,7000,2024년도 전기자동차 영양군 모델별 보조금,2024,영양군
승합(대형),우진산전,아폴로1200-S29,7000,0,7000,2024년도 전기자동차 영양군 모델별 보조금,2024,영양군
승합(대형),피라인모터스,HYPERS1609N,5796,0,5796,2024년도 전기자동차 영양군 모델별 보조금,2024,영양군
승합(대형),피라인모터스,HYPERS1611N,5440,0,5440,2024년도 전기자동차 영양군 모델별 보조금,2024,영양군
승합(대형),피라인모터스,HYPERS1609HN,5755,0,5755,2024년도 전기자동차 영양군 모델별 보조금,2024,영양군
승합(대형),피라인모터스,HYPERS1609N(25인승),5794,0,5794,2024년도 전기자동차 영양군 모델별 보조금,2024,영양군
승합(대형),피라인모터스,HYPERS1609HN(25인승),5755,0,5755,2024년도 전기자동차 영양군 모델별 보조금,2024,영양군
승합(대형),피라인모터스,HYPERS PRIME,7000,0,7000,2024년도 전기자동차 영양군 모델별 보조금,2024,영양군
승합(대형),피라인모터스,HYPERS1609P(접이식),7000,0,7000,2024년도 전기자동차 영양군 모델별 보조금,2024,영양군
승합(대형),피라인모터스,HYPERS1609P(힙레스트),7000,0,7000,2024년도 전기자동차 영양군 모델별 보조금,2024,영양군
승합(대형),피라인모터스,HYPERS1609P(25인승 접이식),7000,0,7000,2024년도 전기자동차 영양군 모델별 보조금,2024,영양군
승합(대형),피라인모터스,HYPERS1609P(25인승 힙레스트),7000,0,7000,2024년도 전기자동차 영양군 모델별 보조금,2024,영양군
승합(대형),피라인모터스,HYPERS1611P(접이식),7000,0,7000,2024년도 전기자동차 영양군 모델별 보조금,2024,영양군
승합(대형),피라인모터스,HYPERS1611P(힙레스트),7000,0,7000,2024년도 전기자동차 영양군 모델별 보조금,2024,영양군
승합(대형),피라인모터스,HYPERS HP,7000,0,7000,2024년도 전기자동차 영양군 모델별 보조금,2024,영양군
승합(대형),범한자동차,E-SKY11(350kWh),1980,0,1980,2024년도 전기자동차 영양군 모델별 보조금,2024,영양군
승합(대형),범한자동차,E-SKY9(281kWh),1980,0,1980,2024년도 전기자동차 영양군 모델별 보조금,2024,영양군
승합(대형),범한자동차,E-STAR8 V1,1719,0,1719,2024년도 전기자동차 영양군 모델별 보조금,2024,영양군
승합(대형),범한자동차,E-STAR11,1980,0,1980,2024년도 전기자동차 영양군 모델별 보조금,2024,영양군
승합(대형),범한자동차,E-STAR12i,2480,0,2480,2024년도 전기자동차 영양군 모델별 보조금,2024,영양군
승합(대형),에스에이피,아이즘(IZM),1440,0,1440,2024년도 전기자동차 영양군 모델별 보조금,2024,영양군
승합(대형),에스에이피,엘페(ELFE),1889,0,1889,2024년도 전기자동차 영양군 모델별 보조금,2024,영양군
승합(대형),에스에이피,리오네(LIONNE),1440,0,1440,2024년도 전기자동차 영양군 모델별 보조금,2024,영양군
승합(대형),에스에이피,네오포스(NEOFORCE),1440,0,1440,2024년도 전기자동차 영양군 모델별 보조금,2024,영양군
승합(대형),GS글로벌,NEW BYD eBus-12,2180,0,2180,2024년도 전기자동차 영양군 모델별 보조금,2024,영양군
승합(대형),GS글로벌,BYD eBus9,2310,0,2310,2024년도 전기자동차 영양군 모델별 보조금,2024,영양군
승합(대형),GS글로벌,BYD eBus11,3440,0,3440,2024년도 전기자동차 영양군 모델별 보조금,2024,영양군
승합(대형),티에스에코에너지,일레누스(TS1100-1),5771,0,5771,2024년도 전기자동차 영양군 모델별 보조금,2024,영양군
승합(대형),티에스에코에너지,일레누스(TS900-1),6914,0,6914,2024년도 전기자동차 영양군 모델별 보조금,2024,영양군
승합(대형),이온모터스,시티라이트Ⅱ,2290,0,2290,2024년도 전기자동차 영양군 모델별 보조금,2024,영양군
승합(대형),이온모터스,시티라이트9,2310,0,2310,2024년도 전기자동차 영양군 모델별 보조금,2024,영양군
승합(대형),한차,GREENWAY1100A,5950,0,5950,2024년도 전기자동차 영양군 모델별 보조금,2024,영양군
승합(대형),이엠코리아,에픽시티(LFP),2310,0,2310,2024년도 전기자동차 영양군 모델별 보조금,2024,영양군
승합(대형),이엠코리아,에픽타운(LFP),2101,0,2101,2024년도 전기자동차 영양군 모델별 보조금,2024,영양군
승합(대형),태영티엔티,GD11N,7000,0,7000,2024년도 전기자동차 영양군 모델별 보조금,2024,영양군
승합(대형),재일홀딩스,그린타운400,1539,0,1539,2024년도 전기자동차 영양군 모델별 보조금,2024,영양군
승합(대형),아이버스,아이버스어린이운송차,5950,0,5950,2024년도 전기자동차 영양군 모델별 보조금,2024,영양군
모델별 지방비 자료가 없습니다.,모델별 지방비 자료가 없습니다.,모델별 지방비 자료가 없습니다.,모델별 지방비 자료가 없습니다.,모델별 지방비 자료가 없습니다.,모델별 지방비 자료가 없습니다.,2024년도 전기자동차 영덕군 모델별 보조금,2024,영덕군
승합(중형),현대자동차,카운티 일렉트릭,3915,1096,5011,2024년도 전기자동차 청도군 모델별 보조금,2024,청도군
승합(중형),현대자동차,카운티 일렉트릭(마을버스),4000,1120,5120,2024년도 전기자동차 청도군 모델별 보조금,2024,청도군
승합(중형),이비온,"E6(JL618S), 어린이통학",1127,315,1442,2024년도 전기자동차 청도군 모델별 보조금,2024,청도군
승합(중형),GS글로벌,NEW BYD eBus-7,1007,281,1288,2024년도 전기자동차 청도군 모델별 보조금,2024,청도군
승합(중형),한차,GREENWAY720,4250,1190,5440,2024년도 전기자동차 청도군 모델별 보조금,2024,청도군
승합(중형),테라팩토리,"테라밴키즈(2022), 어린이운송용14명",776,217,993,2024년도 전기자동차 청도군 모델별 보조금,2024,청도군
승합(중형),테라팩토리,"테라밴키즈11(2022), 어린이운송용11명",772,216,988,2024년도 전기자동차 청도군 모델별 보조금,2024,청도군
승합(중형),테라팩토리,테라밴,767,214,981,2024년도 전기자동차 청도군 모델별 보조금,2024,청도군
승합(중형),중원자동차,EV J1,1496,418,1914,2024년도 전기자동차 청도군 모델별 보조금,2024,청도군
승합(대형),케이지모빌리티커머셜,SMART 110(260kWh),5724,0,5724,2024년도 전기자동차 청도군 모델별 보조금,2024,청도군
승합(대형),케이지모빌리티커머셜,SMART 110(301kWh),7000,0,7000,2024년도 전기자동차 청도군 모델별 보조금,2024,청도군
승합(대형),GS글로벌,NEW BYD eBus-12,2180,0,2180,2024년도 전기자동차 청도군 모델별 보조금,2024,청도군
승합(대형),GS글로벌,BYD eBus9,2310,0,2310,2024년도 전기자동차 청도군 모델별 보조금,2024,청도군
승합(중형),현대자동차,카운티 일렉트릭,3915,1096,5011,2024년도 전기자동차 고령군 모델별 보조금,2024,고령군
승합(중형),현대자동차,카운티 일렉트릭(마을버스),4000,1120,5120,2024년도 전기자동차 고령군 모델별 보조금,2024,고령군
승합(중형),이비온,"E6(JL618S), 어린이통학",1127,315,1442,2024년도 전기자동차 고령군 모델별 보조금,2024,고령군
승합(중형),GS글로벌,NEW BYD eBus-7,1007,281,1288,2024년도 전기자동차 고령군 모델별 보조금,2024,고령군
승합(중형),한차,GREENWAY720,4250,1190,5440,2024년도 전기자동차 고령군 모델별 보조금,2024,고령군
승합(중형),테라팩토리,"테라밴키즈(2022), 어린이운송용14명",776,217,993,2024년도 전기자동차 고령군 모델별 보조금,2024,고령군
승합(중형),테라팩토리,"테라밴키즈11(2022), 어린이운송용11명",772,216,988,2024년도 전기자동차 고령군 모델별 보조금,2024,고령군
승합(중형),테라팩토리,테라밴,767,214,981,2024년도 전기자동차 고령군 모델별 보조금,2024,고령군
승합(중형),중원자동차,EV J1,1496,418,1914,2024년도 전기자동차 고령군 모델별 보조금,2024,고령군
승합(중형),쏠테로,트라베리-Y540E,1676,469,2145,2024년도 전기자동차 고령군 모델별 보조금,2024,고령군
승합(중형),쏠테로,트라베리-Y550E,1676,469,2145,2024년도 전기자동차 고령군 모델별 보조금,2024,고령군
승합(중형),쏠테로,트라베리-Y560E,1676,469,2145,2024년도 전기자동차 고령군 모델별 보조금,2024,고령군
승합(중형),리텍,e-CENTRO-K,2385,667,3052,2024년도 전기자동차 고령군 모델별 보조금,2024,고령군
승합(중형),에빅오토모티브코리아,세레온(어린이),5000,1400,6400,2024년도 전기자동차 고령군 모델별 보조금,2024,고령군
승합(중형),에빅오토모티브코리아,세레온(마을),5000,1400,6400,2024년도 전기자동차 고령군 모델별 보조금,2024,고령군
승합(대형),현대자동차,일렉시티 이층버스,11900,1400,13300,2024년도 전기자동차 고령군 모델별 보조금,2024,고령군
승합(대형),현대자동차,일렉시티(3PACK),7000,1400,8400,2024년도 전기자동차 고령군 모델별 보조금,2024,고령군
승합(대형),현대자동차,일렉시티(4PACK V1),7000,1400,8400,2024년도 전기자동차 고령군 모델별 보조금,2024,고령군
승합(대형),현대자동차,일렉시티(4PACK V2),7000,1400,8400,2024년도 전기자동차 고령군 모델별 보조금,2024,고령군
승합(대형),현대자동차,일렉시티 타운,6859,1371,8230,2024년도 전기자동차 고령군 모델별 보조금,2024,고령군
승합(대형),케이지모빌리티커머셜,SMART 110(272kWh),3850,770,4620,2024년도 전기자동차 고령군 모델별 보조금,2024,고령군
승합(대형),케이지모빌리티커머셜,SMART 110E(347kWh),5950,1190,7140,2024년도 전기자동차 고령군 모델별 보조금,2024,고령군
승합(대형),케이지모빌리티커머셜,SMART 110(260kWh),5724,1144,6868,2024년도 전기자동차 고령군 모델별 보조금,2024,고령군
승합(대형),케이지모빌리티커머셜,SMART 110E(260kWh),5950,1190,7140,2024년도 전기자동차 고령군 모델별 보조금,2024,고령군
승합(대형),케이지모빌리티커머셜,SMART 110(301kWh),7000,1400,8400,2024년도 전기자동차 고령군 모델별 보조금,2024,고령군
승합(대형),케이지모빌리티커머셜,KG C090,6916,1383,8299,2024년도 전기자동차 고령군 모델별 보조금,2024,고령군
승합(대형),우진산전,아폴로900전기버스,4719,943,5662,2024년도 전기자동차 고령군 모델별 보조금,2024,고령군
승합(대형),우진산전,아폴로1100전기버스 23MY,7000,1400,8400,2024년도 전기자동차 고령군 모델별 보조금,2024,고령군
승합(대형),우진산전,아폴로1200-B43,7000,1400,8400,2024년도 전기자동차 고령군 모델별 보조금,2024,고령군
승합(대형),우진산전,아폴로1200-S42,7000,1400,8400,2024년도 전기자동차 고령군 모델별 보조금,2024,고령군
승합(대형),우진산전,아폴로1200-B42,7000,1400,8400,2024년도 전기자동차 고령군 모델별 보조금,2024,고령군
승합(대형),우진산전,아폴로1200-B29,7000,1400,8400,2024년도 전기자동차 고령군 모델별 보조금,2024,고령군
승합(대형),우진산전,아폴로1200-S29,7000,1400,8400,2024년도 전기자동차 고령군 모델별 보조금,2024,고령군
승합(대형),우진산전,아폴로900 V2.0,6819,1363,8182,2024년도 전기자동차 고령군 모델별 보조금,2024,고령군
승합(대형),우진산전,아폴로1100 양문형,6459,1291,7750,2024년도 전기자동차 고령군 모델별 보조금,2024,고령군
승합(대형),우진산전,아폴로1100 V2.0,7000,1400,8400,2024년도 전기자동차 고령군 모델별 보조금,2024,고령군
승합(대형),피라인모터스,HYPERS1609N,5796,1159,6955,2024년도 전기자동차 고령군 모델별 보조금,2024,고령군
승합(대형),피라인모터스,HYPERS1611N,5440,1088,6528,2024년도 전기자동차 고령군 모델별 보조금,2024,고령군
승합(대형),피라인모터스,HYPERS1609HN,5755,1151,6906,2024년도 전기자동차 고령군 모델별 보조금,2024,고령군
승합(대형),피라인모터스,HYPERS1609N(25인승),5794,1158,6952,2024년도 전기자동차 고령군 모델별 보조금,2024,고령군
승합(대형),피라인모터스,HYPERS1609HN(25인승),5755,1151,6906,2024년도 전기자동차 고령군 모델별 보조금,2024,고령군
승합(대형),피라인모터스,HYPERS PRIME,7000,1400,8400,2024년도 전기자동차 고령군 모델별 보조금,2024,고령군
승합(대형),피라인모터스,HYPERS1609P(접이식),7000,1400,8400,2024년도 전기자동차 고령군 모델별 보조금,2024,고령군
승합(대형),피라인모터스,HYPERS1609P(힙레스트),7000,1400,8400,2024년도 전기자동차 고령군 모델별 보조금,2024,고령군
승합(대형),피라인모터스,HYPERS1609P(25인승 접이식),7000,1400,8400,2024년도 전기자동차 고령군 모델별 보조금,2024,고령군
승합(대형),피라인모터스,HYPERS1609P(25인승 힙레스트),7000,1400,8400,2024년도 전기자동차 고령군 모델별 보조금,2024,고령군
승합(대형),피라인모터스,HYPERS1611P(접이식),7000,1400,8400,2024년도 전기자동차 고령군 모델별 보조금,2024,고령군
승합(대형),피라인모터스,HYPERS1611P(힙레스트),7000,1400,8400,2024년도 전기자동차 고령군 모델별 보조금,2024,고령군
승합(대형),피라인모터스,HYPERS HP,7000,1400,8400,2024년도 전기자동차 고령군 모델별 보조금,2024,고령군
승합(대형),범한자동차,E-SKY11(350kWh),1980,396,2376,2024년도 전기자동차 고령군 모델별 보조금,2024,고령군
승합(대형),범한자동차,E-SKY9(281kWh),1980,396,2376,2024년도 전기자동차 고령군 모델별 보조금,2024,고령군
승합(대형),범한자동차,E-STAR8 V1,1719,343,2062,2024년도 전기자동차 고령군 모델별 보조금,2024,고령군
승합(대형),범한자동차,E-STAR11,1980,396,2376,2024년도 전기자동차 고령군 모델별 보조금,2024,고령군
승합(대형),범한자동차,E-STAR12i,2480,496,2976,2024년도 전기자동차 고령군 모델별 보조금,2024,고령군
승합(대형),에스에이피,아이즘(IZM),1440,288,1728,2024년도 전기자동차 고령군 모델별 보조금,2024,고령군
승합(대형),에스에이피,엘페(ELFE),1889,377,2266,2024년도 전기자동차 고령군 모델별 보조금,2024,고령군
승합(대형),에스에이피,리오네(LIONNE),1440,288,1728,2024년도 전기자동차 고령군 모델별 보조금,2024,고령군
승합(대형),에스에이피,네오포스(NEOFORCE),1440,288,1728,2024년도 전기자동차 고령군 모델별 보조금,2024,고령군
승합(대형),GS글로벌,NEW BYD eBus-12,2180,436,2616,2024년도 전기자동차 고령군 모델별 보조금,2024,고령군
승합(대형),GS글로벌,BYD eBus9,2310,462,2772,2024년도 전기자동차 고령군 모델별 보조금,2024,고령군
승합(대형),GS글로벌,BYD eBus11,3440,688,4128,2024년도 전기자동차 고령군 모델별 보조금,2024,고령군
승합(대형),티에스에코에너지,일레누스(TS1100-1),5771,1154,6925,2024년도 전기자동차 고령군 모델별 보조금,2024,고령군
승합(대형),티에스에코에너지,일레누스(TS900-1),6914,1382,8296,2024년도 전기자동차 고령군 모델별 보조금,2024,고령군
승합(대형),이온모터스,시티라이트Ⅱ,2290,458,2748,2024년도 전기자동차 고령군 모델별 보조금,2024,고령군
승합(대형),이온모터스,시티라이트9,2310,462,2772,2024년도 전기자동차 고령군 모델별 보조금,2024,고령군
승합(대형),한차,GREENWAY1100A,5950,1190,7140,2024년도 전기자동차 고령군 모델별 보조금,2024,고령군
승합(대형),이엠코리아,에픽시티(LFP),2310,462,2772,2024년도 전기자동차 고령군 모델별 보조금,2024,고령군
승합(대형),이엠코리아,에픽타운(LFP),2101,420,2521,2024년도 전기자동차 고령군 모델별 보조금,2024,고령군
승합(대형),이엠코리아,에픽시티(NCM),7000,1400,8400,2024년도 전기자동차 고령군 모델별 보조금,2024,고령군
승합(대형),이엠코리아,에픽타운(NCM),6439,1287,7726,2024년도 전기자동차 고령군 모델별 보조금,2024,고령군
승합(대형),태영티엔티,GD11N,7000,1400,8400,2024년도 전기자동차 고령군 모델별 보조금,2024,고령군
승합(대형),재일홀딩스,그린타운400,1539,307,1846,2024년도 전기자동차 고령군 모델별 보조금,2024,고령군
승합(대형),아이버스,아이버스어린이운송차,5950,1190,7140,2024년도 전기자동차 고령군 모델별 보조금,2024,고령군
승합(중형),현대자동차,카운티 일렉트릭,3915,1096,5011,2024년도 전기자동차 성주군 모델별 보조금,2024,성주군
승합(중형),현대자동차,카운티 일렉트릭(마을버스),4000,1120,5120,2024년도 전기자동차 성주군 모델별 보조금,2024,성주군
승합(중형),이비온,"E6(JL618S), 어린이통학",1127,315,1442,2024년도 전기자동차 성주군 모델별 보조금,2024,성주군
승합(중형),GS글로벌,NEW BYD eBus-7,1007,281,1288,2024년도 전기자동차 성주군 모델별 보조금,2024,성주군
승합(중형),한차,GREENWAY720,4250,1190,5440,2024년도 전기자동차 성주군 모델별 보조금,2024,성주군
승합(중형),테라팩토리,"테라밴키즈(2022), 어린이운송용14명",776,217,993,2024년도 전기자동차 성주군 모델별 보조금,2024,성주군
승합(중형),테라팩토리,"테라밴키즈11(2022), 어린이운송용11명",772,216,988,2024년도 전기자동차 성주군 모델별 보조금,2024,성주군
승합(중형),테라팩토리,테라밴,767,214,981,2024년도 전기자동차 성주군 모델별 보조금,2024,성주군
승합(중형),중원자동차,EV J1,1496,418,1914,2024년도 전기자동차 성주군 모델별 보조금,2024,성주군
승합(중형),쏠테로,트라베리-Y540E,1676,0,1676,2024년도 전기자동차 성주군 모델별 보조금,2024,성주군
승합(중형),쏠테로,트라베리-Y550E,1676,0,1676,2024년도 전기자동차 성주군 모델별 보조금,2024,성주군
승합(중형),쏠테로,트라베리-Y560E,1676,0,1676,2024년도 전기자동차 성주군 모델별 보조금,2024,성주군
승합(중형),리텍,e-CENTRO-K,2385,0,2385,2024년도 전기자동차 성주군 모델별 보조금,2024,성주군
승합(대형),현대자동차,일렉시티 이층버스,11900,0,11900,2024년도 전기자동차 성주군 모델별 보조금,2024,성주군
승합(대형),현대자동차,일렉시티(3PACK),7000,0,7000,2024년도 전기자동차 성주군 모델별 보조금,2024,성주군
승합(대형),현대자동차,일렉시티(4PACK V1),7000,0,7000,2024년도 전기자동차 성주군 모델별 보조금,2024,성주군
승합(대형),현대자동차,일렉시티(4PACK V2),7000,0,7000,2024년도 전기자동차 성주군 모델별 보조금,2024,성주군
승합(대형),현대자동차,일렉시티 타운,6859,0,6859,2024년도 전기자동차 성주군 모델별 보조금,2024,성주군
승합(대형),케이지모빌리티커머셜,SMART 110(272kWh),3850,0,3850,2024년도 전기자동차 성주군 모델별 보조금,2024,성주군
승합(대형),케이지모빌리티커머셜,SMART 110E(347kWh),5950,0,5950,2024년도 전기자동차 성주군 모델별 보조금,2024,성주군
승합(대형),케이지모빌리티커머셜,SMART 110(260kWh),5724,0,5724,2024년도 전기자동차 성주군 모델별 보조금,2024,성주군
승합(대형),케이지모빌리티커머셜,SMART 110E(260kWh),5950,0,5950,2024년도 전기자동차 성주군 모델별 보조금,2024,성주군
승합(대형),케이지모빌리티커머셜,SMART 110(301kWh),7000,0,7000,2024년도 전기자동차 성주군 모델별 보조금,2024,성주군
승합(대형),우진산전,아폴로900전기버스,4719,0,4719,2024년도 전기자동차 성주군 모델별 보조금,2024,성주군
승합(대형),우진산전,아폴로1100전기버스 23MY,7000,0,7000,2024년도 전기자동차 성주군 모델별 보조금,2024,성주군
승합(대형),우진산전,아폴로1200-B43,7000,0,7000,2024년도 전기자동차 성주군 모델별 보조금,2024,성주군
승합(대형),우진산전,아폴로1200-S42,7000,0,7000,2024년도 전기자동차 성주군 모델별 보조금,2024,성주군
승합(대형),우진산전,아폴로1200-B42,7000,0,7000,2024년도 전기자동차 성주군 모델별 보조금,2024,성주군
승합(대형),우진산전,아폴로1200-B29,7000,0,7000,2024년도 전기자동차 성주군 모델별 보조금,2024,성주군
승합(대형),우진산전,아폴로1200-S29,7000,0,7000,2024년도 전기자동차 성주군 모델별 보조금,2024,성주군
승합(대형),피라인모터스,HYPERS1609N,5796,0,5796,2024년도 전기자동차 성주군 모델별 보조금,2024,성주군
승합(대형),피라인모터스,HYPERS1611N,5440,0,5440,2024년도 전기자동차 성주군 모델별 보조금,2024,성주군
승합(대형),피라인모터스,HYPERS1609HN,5755,0,5755,2024년도 전기자동차 성주군 모델별 보조금,2024,성주군
승합(대형),피라인모터스,HYPERS1609N(25인승),5794,0,5794,2024년도 전기자동차 성주군 모델별 보조금,2024,성주군
승합(대형),피라인모터스,HYPERS1609HN(25인승),5755,0,5755,2024년도 전기자동차 성주군 모델별 보조금,2024,성주군
승합(대형),피라인모터스,HYPERS PRIME,7000,0,7000,2024년도 전기자동차 성주군 모델별 보조금,2024,성주군
승합(대형),피라인모터스,HYPERS1609P(접이식),7000,0,7000,2024년도 전기자동차 성주군 모델별 보조금,2024,성주군
승합(대형),피라인모터스,HYPERS1609P(힙레스트),7000,0,7000,2024년도 전기자동차 성주군 모델별 보조금,2024,성주군
승합(대형),피라인모터스,HYPERS1609P(25인승 접이식),7000,0,7000,2024년도 전기자동차 성주군 모델별 보조금,2024,성주군
승합(대형),피라인모터스,HYPERS1609P(25인승 힙레스트),7000,0,7000,2024년도 전기자동차 성주군 모델별 보조금,2024,성주군
승합(대형),피라인모터스,HYPERS1611P(접이식),7000,0,7000,2024년도 전기자동차 성주군 모델별 보조금,2024,성주군
승합(대형),피라인모터스,HYPERS1611P(힙레스트),7000,0,7000,2024년도 전기자동차 성주군 모델별 보조금,2024,성주군
승합(대형),피라인모터스,HYPERS HP,7000,0,7000,2024년도 전기자동차 성주군 모델별 보조금,2024,성주군
승합(대형),범한자동차,E-SKY11(350kWh),1980,0,1980,2024년도 전기자동차 성주군 모델별 보조금,2024,성주군
승합(대형),범한자동차,E-SKY9(281kWh),1980,0,1980,2024년도 전기자동차 성주군 모델별 보조금,2024,성주군
승합(대형),범한자동차,E-STAR8 V1,1719,0,1719,2024년도 전기자동차 성주군 모델별 보조금,2024,성주군
승합(대형),범한자동차,E-STAR11,1980,0,1980,2024년도 전기자동차 성주군 모델별 보조금,2024,성주군
승합(대형),범한자동차,E-STAR12i,2480,0,2480,2024년도 전기자동차 성주군 모델별 보조금,2024,성주군
승합(대형),에스에이피,아이즘(IZM),1440,0,1440,2024년도 전기자동차 성주군 모델별 보조금,2024,성주군
승합(대형),에스에이피,엘페(ELFE),1889,0,1889,2024년도 전기자동차 성주군 모델별 보조금,2024,성주군
승합(대형),에스에이피,리오네(LIONNE),1440,0,1440,2024년도 전기자동차 성주군 모델별 보조금,2024,성주군
승합(대형),에스에이피,네오포스(NEOFORCE),1440,0,1440,2024년도 전기자동차 성주군 모델별 보조금,2024,성주군
승합(대형),GS글로벌,NEW BYD eBus-12,2180,0,2180,2024년도 전기자동차 성주군 모델별 보조금,2024,성주군
승합(대형),GS글로벌,BYD eBus9,2310,0,2310,2024년도 전기자동차 성주군 모델별 보조금,2024,성주군
승합(대형),GS글로벌,BYD eBus11,3440,0,3440,2024년도 전기자동차 성주군 모델별 보조금,2024,성주군
승합(대형),티에스에코에너지,일레누스(TS1100-1),5771,0,5771,2024년도 전기자동차 성주군 모델별 보조금,2024,성주군
승합(대형),티에스에코에너지,일레누스(TS900-1),6914,0,6914,2024년도 전기자동차 성주군 모델별 보조금,2024,성주군
승합(대형),이온모터스,시티라이트Ⅱ,2290,0,2290,2024년도 전기자동차 성주군 모델별 보조금,2024,성주군
승합(대형),이온모터스,시티라이트9,2310,0,2310,2024년도 전기자동차 성주군 모델별 보조금,2024,성주군
승합(대형),한차,GREENWAY1100A,5950,0,5950,2024년도 전기자동차 성주군 모델별 보조금,2024,성주군
승합(대형),이엠코리아,에픽시티(LFP),2310,0,2310,2024년도 전기자동차 성주군 모델별 보조금,2024,성주군
승합(대형),이엠코리아,에픽타운(LFP),2101,0,2101,2024년도 전기자동차 성주군 모델별 보조금,2024,성주군
승합(대형),태영티엔티,GD11N,7000,0,7000,2024년도 전기자동차 성주군 모델별 보조금,2024,성주군
승합(대형),재일홀딩스,그린타운400,1539,0,1539,2024년도 전기자동차 성주군 모델별 보조금,2024,성주군
모델별 지방비 자료가 없습니다.,모델별 지방비 자료가 없습니다.,모델별 지방비 자료가 없습니다.,모델별 지방비 자료가 없습니다.,모델별 지방비 자료가 없습니다.,모델별 지방비 자료가 없습니다.,2024년도 전기자동차 칠곡군 모델별 보조금,2024,칠곡군
승합(중형),현대자동차,카운티 일렉트릭,3915,1096,5011,2024년도 전기자동차 예천군 모델별 보조금,2024,예천군
승합(중형),현대자동차,카운티 일렉트릭(마을버스),4000,1120,5120,2024년도 전기자동차 예천군 모델별 보조금,2024,예천군
승합(중형),이비온,"E6(JL618S), 어린이통학",1127,315,1442,2024년도 전기자동차 예천군 모델별 보조금,2024,예천군
승합(중형),GS글로벌,NEW BYD eBus-7,1007,281,1288,2024년도 전기자동차 예천군 모델별 보조금,2024,예천군
승합(중형),한차,GREENWAY720,4250,1190,5440,2024년도 전기자동차 예천군 모델별 보조금,2024,예천군
승합(중형),테라팩토리,"테라밴키즈(2022), 어린이운송용14명",776,217,993,2024년도 전기자동차 예천군 모델별 보조금,2024,예천군
승합(중형),테라팩토리,"테라밴키즈11(2022), 어린이운송용11명",772,216,988,2024년도 전기자동차 예천군 모델별 보조금,2024,예천군
승합(중형),테라팩토리,테라밴,767,214,981,2024년도 전기자동차 예천군 모델별 보조금,2024,예천군
승합(중형),중원자동차,EV J1,1496,418,1914,2024년도 전기자동차 예천군 모델별 보조금,2024,예천군
승합(중형),쏠테로,트라베리-Y540E,1676,0,1676,2024년도 전기자동차 예천군 모델별 보조금,2024,예천군
승합(중형),쏠테로,트라베리-Y550E,1676,0,1676,2024년도 전기자동차 예천군 모델별 보조금,2024,예천군
승합(중형),쏠테로,트라베리-Y560E,1676,0,1676,2024년도 전기자동차 예천군 모델별 보조금,2024,예천군
승합(대형),현대자동차,일렉시티 이층버스,11900,0,11900,2024년도 전기자동차 예천군 모델별 보조금,2024,예천군
승합(대형),현대자동차,일렉시티(3PACK),7000,1400,8400,2024년도 전기자동차 예천군 모델별 보조금,2024,예천군
승합(대형),현대자동차,일렉시티(4PACK V1),7000,1400,8400,2024년도 전기자동차 예천군 모델별 보조금,2024,예천군
승합(대형),현대자동차,일렉시티(4PACK V2),7000,1400,8400,2024년도 전기자동차 예천군 모델별 보조금,2024,예천군
승합(대형),현대자동차,일렉시티 타운,6859,0,6859,2024년도 전기자동차 예천군 모델별 보조금,2024,예천군
승합(대형),케이지모빌리티커머셜,SMART 110(272kWh),3850,0,3850,2024년도 전기자동차 예천군 모델별 보조금,2024,예천군
승합(대형),케이지모빌리티커머셜,SMART 110E(347kWh),5950,0,5950,2024년도 전기자동차 예천군 모델별 보조금,2024,예천군
승합(대형),케이지모빌리티커머셜,SMART 110(260kWh),5724,0,5724,2024년도 전기자동차 예천군 모델별 보조금,2024,예천군
승합(대형),케이지모빌리티커머셜,SMART 110E(260kWh),5950,0,5950,2024년도 전기자동차 예천군 모델별 보조금,2024,예천군
승합(대형),케이지모빌리티커머셜,SMART 110(301kWh),7000,0,7000,2024년도 전기자동차 예천군 모델별 보조금,2024,예천군
승합(대형),우진산전,아폴로900전기버스,4719,0,4719,2024년도 전기자동차 예천군 모델별 보조금,2024,예천군
승합(대형),우진산전,아폴로1100전기버스 23MY,7000,0,7000,2024년도 전기자동차 예천군 모델별 보조금,2024,예천군
승합(대형),우진산전,아폴로1200-B43,7000,0,7000,2024년도 전기자동차 예천군 모델별 보조금,2024,예천군
승합(대형),우진산전,아폴로1200-S42,7000,0,7000,2024년도 전기자동차 예천군 모델별 보조금,2024,예천군
승합(대형),우진산전,아폴로1200-B42,7000,0,7000,2024년도 전기자동차 예천군 모델별 보조금,2024,예천군
승합(대형),우진산전,아폴로1200-B29,7000,0,7000,2024년도 전기자동차 예천군 모델별 보조금,2024,예천군
승합(대형),우진산전,아폴로1200-S29,7000,0,7000,2024년도 전기자동차 예천군 모델별 보조금,2024,예천군
승합(대형),피라인모터스,HYPERS1609N,5796,0,5796,2024년도 전기자동차 예천군 모델별 보조금,2024,예천군
승합(대형),피라인모터스,HYPERS1611N,5440,0,5440,2024년도 전기자동차 예천군 모델별 보조금,2024,예천군
승합(대형),피라인모터스,HYPERS1609HN,5755,0,5755,2024년도 전기자동차 예천군 모델별 보조금,2024,예천군
승합(대형),피라인모터스,HYPERS1609N(25인승),5794,0,5794,2024년도 전기자동차 예천군 모델별 보조금,2024,예천군
승합(대형),피라인모터스,HYPERS1609HN(25인승),5755,0,5755,2024년도 전기자동차 예천군 모델별 보조금,2024,예천군
승합(대형),피라인모터스,HYPERS PRIME,7000,0,7000,2024년도 전기자동차 예천군 모델별 보조금,2024,예천군
승합(대형),피라인모터스,HYPERS1609P(접이식),7000,0,7000,2024년도 전기자동차 예천군 모델별 보조금,2024,예천군
승합(대형),피라인모터스,HYPERS1609P(힙레스트),7000,0,7000,2024년도 전기자동차 예천군 모델별 보조금,2024,예천군
승합(대형),피라인모터스,HYPERS1609P(25인승 접이식),7000,0,7000,2024년도 전기자동차 예천군 모델별 보조금,2024,예천군
승합(대형),피라인모터스,HYPERS1609P(25인승 힙레스트),7000,0,7000,2024년도 전기자동차 예천군 모델별 보조금,2024,예천군
승합(대형),피라인모터스,HYPERS1611P(접이식),7000,0,7000,2024년도 전기자동차 예천군 모델별 보조금,2024,예천군
승합(대형),피라인모터스,HYPERS1611P(힙레스트),7000,0,7000,2024년도 전기자동차 예천군 모델별 보조금,2024,예천군
승합(대형),범한자동차,E-SKY11(350kWh),1980,0,1980,2024년도 전기자동차 예천군 모델별 보조금,2024,예천군
승합(대형),범한자동차,E-SKY9(281kWh),1980,0,1980,2024년도 전기자동차 예천군 모델별 보조금,2024,예천군
승합(대형),범한자동차,E-STAR8 V1,1719,0,1719,2024년도 전기자동차 예천군 모델별 보조금,2024,예천군
승합(대형),범한자동차,E-STAR11,1980,0,1980,2024년도 전기자동차 예천군 모델별 보조금,2024,예천군
승합(대형),범한자동차,E-STAR12i,2480,0,2480,2024년도 전기자동차 예천군 모델별 보조금,2024,예천군
승합(대형),에스에이피,아이즘(IZM),1440,0,1440,2024년도 전기자동차 예천군 모델별 보조금,2024,예천군
승합(대형),에스에이피,엘페(ELFE),1889,0,1889,2024년도 전기자동차 예천군 모델별 보조금,2024,예천군
승합(대형),에스에이피,리오네(LIONNE),1440,0,1440,2024년도 전기자동차 예천군 모델별 보조금,2024,예천군
승합(대형),에스에이피,네오포스(NEOFORCE),1440,0,1440,2024년도 전기자동차 예천군 모델별 보조금,2024,예천군
승합(대형),GS글로벌,NEW BYD eBus-12,2180,0,2180,2024년도 전기자동차 예천군 모델별 보조금,2024,예천군
승합(대형),GS글로벌,BYD eBus9,2310,0,2310,2024년도 전기자동차 예천군 모델별 보조금,2024,예천군
승합(대형),티에스에코에너지,일레누스(TS1100-1),5771,0,5771,2024년도 전기자동차 예천군 모델별 보조금,2024,예천군
승합(대형),티에스에코에너지,일레누스(TS900-1),6914,0,6914,2024년도 전기자동차 예천군 모델별 보조금,2024,예천군
승합(대형),이온모터스,시티라이트Ⅱ,2290,0,2290,2024년도 전기자동차 예천군 모델별 보조금,2024,예천군
승합(대형),이온모터스,시티라이트9,2310,0,2310,2024년도 전기자동차 예천군 모델별 보조금,2024,예천군
승합(대형),한차,GREENWAY1100A,5950,0,5950,2024년도 전기자동차 예천군 모델별 보조금,2024,예천군
승합(대형),이엠코리아,에픽시티(LFP),2310,0,2310,2024년도 전기자동차 예천군 모델별 보조금,2024,예천군
승합(대형),이엠코리아,에픽타운(LFP),2101,0,2101,2024년도 전기자동차 예천군 모델별 보조금,2024,예천군
승합(대형),재일홀딩스,그린타운400,1539,0,1539,2024년도 전기자동차 예천군 모델별 보조금,2024,예천군
승합(중형),현대자동차,카운티 일렉트릭,3915,0,3915,2024년도 전기자동차 봉화군 모델별 보조금,2024,봉화군
승합(중형),현대자동차,카운티 일렉트릭(마을버스),4000,0,4000,2024년도 전기자동차 봉화군 모델별 보조금,2024,봉화군
승합(중형),이비온,"E6(JL618S), 어린이통학",1127,0,1127,2024년도 전기자동차 봉화군 모델별 보조금,2024,봉화군
승합(중형),GS글로벌,NEW BYD eBus-7,1007,0,1007,2024년도 전기자동차 봉화군 모델별 보조금,2024,봉화군
승합(중형),한차,GREENWAY720,4250,0,4250,2024년도 전기자동차 봉화군 모델별 보조금,2024,봉화군
승합(중형),테라팩토리,"테라밴키즈(2022), 어린이운송용14명",776,0,776,2024년도 전기자동차 봉화군 모델별 보조금,2024,봉화군
승합(중형),테라팩토리,"테라밴키즈11(2022), 어린이운송용11명",772,0,772,2024년도 전기자동차 봉화군 모델별 보조금,2024,봉화군
승합(중형),테라팩토리,테라밴,767,0,767,2024년도 전기자동차 봉화군 모델별 보조금,2024,봉화군
승합(중형),중원자동차,EV J1,1496,0,1496,2024년도 전기자동차 봉화군 모델별 보조금,2024,봉화군
승합(중형),쏠테로,트라베리-Y540E,1676,0,1676,2024년도 전기자동차 봉화군 모델별 보조금,2024,봉화군
승합(중형),쏠테로,트라베리-Y550E,1676,0,1676,2024년도 전기자동차 봉화군 모델별 보조금,2024,봉화군
승합(중형),쏠테로,트라베리-Y560E,1676,0,1676,2024년도 전기자동차 봉화군 모델별 보조금,2024,봉화군
승합(중형),리텍,e-CENTRO-K,2385,0,2385,2024년도 전기자동차 봉화군 모델별 보조금,2024,봉화군
승합(대형),현대자동차,일렉시티 이층버스,11900,0,11900,2024년도 전기자동차 봉화군 모델별 보조금,2024,봉화군
승합(대형),현대자동차,일렉시티(3PACK),7000,0,7000,2024년도 전기자동차 봉화군 모델별 보조금,2024,봉화군
승합(대형),현대자동차,일렉시티(4PACK V1),7000,0,7000,2024년도 전기자동차 봉화군 모델별 보조금,2024,봉화군
승합(대형),현대자동차,일렉시티(4PACK V2),7000,0,7000,2024년도 전기자동차 봉화군 모델별 보조금,2024,봉화군
승합(대형),현대자동차,일렉시티 타운,6859,0,6859,2024년도 전기자동차 봉화군 모델별 보조금,2024,봉화군
승합(대형),케이지모빌리티커머셜,SMART 110(272kWh),3850,0,3850,2024년도 전기자동차 봉화군 모델별 보조금,2024,봉화군
승합(대형),케이지모빌리티커머셜,SMART 110E(347kWh),5950,0,5950,2024년도 전기자동차 봉화군 모델별 보조금,2024,봉화군
승합(대형),케이지모빌리티커머셜,SMART 110(260kWh),5724,0,5724,2024년도 전기자동차 봉화군 모델별 보조금,2024,봉화군
승합(대형),케이지모빌리티커머셜,SMART 110E(260kWh),5950,0,5950,2024년도 전기자동차 봉화군 모델별 보조금,2024,봉화군
승합(대형),케이지모빌리티커머셜,SMART 110(301kWh),7000,0,7000,2024년도 전기자동차 봉화군 모델별 보조금,2024,봉화군
승합(대형),우진산전,아폴로900전기버스,4719,0,4719,2024년도 전기자동차 봉화군 모델별 보조금,2024,봉화군
승합(대형),우진산전,아폴로1100전기버스 23MY,7000,0,7000,2024년도 전기자동차 봉화군 모델별 보조금,2024,봉화군
승합(대형),우진산전,아폴로1200-B43,7000,0,7000,2024년도 전기자동차 봉화군 모델별 보조금,2024,봉화군
승합(대형),우진산전,아폴로1200-S42,7000,0,7000,2024년도 전기자동차 봉화군 모델별 보조금,2024,봉화군
승합(대형),우진산전,아폴로1200-B42,7000,0,7000,2024년도 전기자동차 봉화군 모델별 보조금,2024,봉화군
승합(대형),우진산전,아폴로1200-B29,7000,0,7000,2024년도 전기자동차 봉화군 모델별 보조금,2024,봉화군
승합(대형),우진산전,아폴로1200-S29,7000,0,7000,2024년도 전기자동차 봉화군 모델별 보조금,2024,봉화군
승합(대형),피라인모터스,HYPERS1609N,5796,0,5796,2024년도 전기자동차 봉화군 모델별 보조금,2024,봉화군
승합(대형),피라인모터스,HYPERS1611N,5440,0,5440,2024년도 전기자동차 봉화군 모델별 보조금,2024,봉화군
승합(대형),피라인모터스,HYPERS1609HN,5755,0,5755,2024년도 전기자동차 봉화군 모델별 보조금,2024,봉화군
승합(대형),피라인모터스,HYPERS1609N(25인승),5794,0,5794,2024년도 전기자동차 봉화군 모델별 보조금,2024,봉화군
승합(대형),피라인모터스,HYPERS1609HN(25인승),5755,0,5755,2024년도 전기자동차 봉화군 모델별 보조금,2024,봉화군
승합(대형),피라인모터스,HYPERS PRIME,7000,0,7000,2024년도 전기자동차 봉화군 모델별 보조금,2024,봉화군
승합(대형),피라인모터스,HYPERS1609P(접이식),7000,0,7000,2024년도 전기자동차 봉화군 모델별 보조금,2024,봉화군
승합(대형),피라인모터스,HYPERS1609P(힙레스트),7000,0,7000,2024년도 전기자동차 봉화군 모델별 보조금,2024,봉화군
승합(대형),피라인모터스,HYPERS1609P(25인승 접이식),7000,0,7000,2024년도 전기자동차 봉화군 모델별 보조금,2024,봉화군
승합(대형),피라인모터스,HYPERS1609P(25인승 힙레스트),7000,0,7000,2024년도 전기자동차 봉화군 모델별 보조금,2024,봉화군
승합(대형),피라인모터스,HYPERS1611P(접이식),7000,0,7000,2024년도 전기자동차 봉화군 모델별 보조금,2024,봉화군
승합(대형),피라인모터스,HYPERS1611P(힙레스트),7000,0,7000,2024년도 전기자동차 봉화군 모델별 보조금,2024,봉화군
승합(대형),피라인모터스,HYPERS HP,7000,0,7000,2024년도 전기자동차 봉화군 모델별 보조금,2024,봉화군
승합(대형),범한자동차,E-SKY11(350kWh),1980,0,1980,2024년도 전기자동차 봉화군 모델별 보조금,2024,봉화군
승합(대형),범한자동차,E-SKY9(281kWh),1980,0,1980,2024년도 전기자동차 봉화군 모델별 보조금,2024,봉화군
승합(대형),범한자동차,E-STAR8 V1,1719,0,1719,2024년도 전기자동차 봉화군 모델별 보조금,2024,봉화군
승합(대형),범한자동차,E-STAR11,1980,0,1980,2024년도 전기자동차 봉화군 모델별 보조금,2024,봉화군
승합(대형),범한자동차,E-STAR12i,2480,0,2480,2024년도 전기자동차 봉화군 모델별 보조금,2024,봉화군
승합(대형),에스에이피,아이즘(IZM),1440,0,1440,2024년도 전기자동차 봉화군 모델별 보조금,2024,봉화군
승합(대형),에스에이피,엘페(ELFE),1889,0,1889,2024년도 전기자동차 봉화군 모델별 보조금,2024,봉화군
승합(대형),에스에이피,리오네(LIONNE),1440,0,1440,2024년도 전기자동차 봉화군 모델별 보조금,2024,봉화군
승합(대형),에스에이피,네오포스(NEOFORCE),1440,0,1440,2024년도 전기자동차 봉화군 모델별 보조금,2024,봉화군
승합(대형),GS글로벌,NEW BYD eBus-12,2180,0,2180,2024년도 전기자동차 봉화군 모델별 보조금,2024,봉화군
승합(대형),GS글로벌,BYD eBus9,2310,0,2310,2024년도 전기자동차 봉화군 모델별 보조금,2024,봉화군
승합(대형),GS글로벌,BYD eBus11,3440,0,3440,2024년도 전기자동차 봉화군 모델별 보조금,2024,봉화군
승합(대형),티에스에코에너지,일레누스(TS1100-1),5771,0,5771,2024년도 전기자동차 봉화군 모델별 보조금,2024,봉화군
승합(대형),티에스에코에너지,일레누스(TS900-1),6914,0,6914,2024년도 전기자동차 봉화군 모델별 보조금,2024,봉화군
승합(대형),이온모터스,시티라이트Ⅱ,2290,0,2290,2024년도 전기자동차 봉화군 모델별 보조금,2024,봉화군
승합(대형),이온모터스,시티라이트9,2310,0,2310,2024년도 전기자동차 봉화군 모델별 보조금,2024,봉화군
승합(대형),한차,GREENWAY1100A,5950,0,5950,2024년도 전기자동차 봉화군 모델별 보조금,2024,봉화군
승합(대형),이엠코리아,에픽시티(LFP),2310,0,2310,2024년도 전기자동차 봉화군 모델별 보조금,2024,봉화군
승합(대형),이엠코리아,에픽타운(LFP),2101,0,2101,2024년도 전기자동차 봉화군 모델별 보조금,2024,봉화군
승합(대형),태영티엔티,GD11N,7000,0,7000,2024년도 전기자동차 봉화군 모델별 보조금,2024,봉화군
승합(대형),재일홀딩스,그린타운400,1539,0,1539,2024년도 전기자동차 봉화군 모델별 보조금,2024,봉화군
승합(중형),현대자동차,카운티 일렉트릭,3915,1096,5011,2024년도 전기자동차 울진군 모델별 보조금,2024,울진군
승합(중형),현대자동차,카운티 일렉트릭(마을버스),4000,1120,5120,2024년도 전기자동차 울진군 모델별 보조금,2024,울진군
승합(중형),이비온,"E6(JL618S), 어린이통학",1127,315,1442,2024년도 전기자동차 울진군 모델별 보조금,2024,울진군
승합(중형),GS글로벌,NEW BYD eBus-7,1007,281,1288,2024년도 전기자동차 울진군 모델별 보조금,2024,울진군
승합(중형),한차,GREENWAY720,4250,1190,5440,2024년도 전기자동차 울진군 모델별 보조금,2024,울진군
승합(중형),테라팩토리,"테라밴키즈(2022), 어린이운송용14명",776,217,993,2024년도 전기자동차 울진군 모델별 보조금,2024,울진군
승합(중형),테라팩토리,"테라밴키즈11(2022), 어린이운송용11명",772,216,988,2024년도 전기자동차 울진군 모델별 보조금,2024,울진군
승합(중형),테라팩토리,테라밴,767,214,981,2024년도 전기자동차 울진군 모델별 보조금,2024,울진군
승합(중형),중원자동차,EV J1,1496,418,1914,2024년도 전기자동차 울진군 모델별 보조금,2024,울진군
승합(중형),쏠테로,트라베리-Y540E,1676,0,1676,2024년도 전기자동차 울진군 모델별 보조금,2024,울진군
승합(중형),쏠테로,트라베리-Y550E,1676,0,1676,2024년도 전기자동차 울진군 모델별 보조금,2024,울진군
승합(중형),쏠테로,트라베리-Y560E,1676,0,1676,2024년도 전기자동차 울진군 모델별 보조금,2024,울진군
승합(대형),현대자동차,일렉시티 이층버스,11900,1400,13300,2024년도 전기자동차 울진군 모델별 보조금,2024,울진군
승합(대형),현대자동차,일렉시티(3PACK),7000,1400,8400,2024년도 전기자동차 울진군 모델별 보조금,2024,울진군
승합(대형),현대자동차,일렉시티(4PACK V1),7000,1400,8400,2024년도 전기자동차 울진군 모델별 보조금,2024,울진군
승합(대형),현대자동차,일렉시티(4PACK V2),7000,1400,8400,2024년도 전기자동차 울진군 모델별 보조금,2024,울진군
승합(대형),현대자동차,일렉시티 타운,6859,1371,8230,2024년도 전기자동차 울진군 모델별 보조금,2024,울진군
승합(대형),케이지모빌리티커머셜,SMART 110(272kWh),3850,0,3850,2024년도 전기자동차 울진군 모델별 보조금,2024,울진군
승합(대형),케이지모빌리티커머셜,SMART 110E(347kWh),5950,0,5950,2024년도 전기자동차 울진군 모델별 보조금,2024,울진군
승합(대형),케이지모빌리티커머셜,SMART 110(260kWh),5724,0,5724,2024년도 전기자동차 울진군 모델별 보조금,2024,울진군
승합(대형),케이지모빌리티커머셜,SMART 110E(260kWh),5950,0,5950,2024년도 전기자동차 울진군 모델별 보조금,2024,울진군
승합(대형),케이지모빌리티커머셜,SMART 110(301kWh),7000,0,7000,2024년도 전기자동차 울진군 모델별 보조금,2024,울진군
승합(대형),우진산전,아폴로900전기버스,4719,0,4719,2024년도 전기자동차 울진군 모델별 보조금,2024,울진군
승합(대형),우진산전,아폴로1100전기버스 23MY,7000,0,7000,2024년도 전기자동차 울진군 모델별 보조금,2024,울진군
승합(대형),우진산전,아폴로1200-B43,7000,0,7000,2024년도 전기자동차 울진군 모델별 보조금,2024,울진군
승합(대형),우진산전,아폴로1200-S42,7000,0,7000,2024년도 전기자동차 울진군 모델별 보조금,2024,울진군
승합(대형),우진산전,아폴로1200-B42,7000,0,7000,2024년도 전기자동차 울진군 모델별 보조금,2024,울진군
승합(대형),우진산전,아폴로1200-B29,7000,0,7000,2024년도 전기자동차 울진군 모델별 보조금,2024,울진군
승합(대형),우진산전,아폴로1200-S29,7000,0,7000,2024년도 전기자동차 울진군 모델별 보조금,2024,울진군
승합(대형),피라인모터스,HYPERS1609N,5796,0,5796,2024년도 전기자동차 울진군 모델별 보조금,2024,울진군
승합(대형),피라인모터스,HYPERS1611N,5440,0,5440,2024년도 전기자동차 울진군 모델별 보조금,2024,울진군
승합(대형),피라인모터스,HYPERS1609HN,5755,0,5755,2024년도 전기자동차 울진군 모델별 보조금,2024,울진군
승합(대형),피라인모터스,HYPERS1609N(25인승),5794,0,5794,2024년도 전기자동차 울진군 모델별 보조금,2024,울진군
승합(대형),피라인모터스,HYPERS1609HN(25인승),5755,0,5755,2024년도 전기자동차 울진군 모델별 보조금,2024,울진군
승합(대형),피라인모터스,HYPERS PRIME,7000,0,7000,2024년도 전기자동차 울진군 모델별 보조금,2024,울진군
승합(대형),피라인모터스,HYPERS1609P(접이식),7000,0,7000,2024년도 전기자동차 울진군 모델별 보조금,2024,울진군
승합(대형),피라인모터스,HYPERS1609P(힙레스트),7000,0,7000,2024년도 전기자동차 울진군 모델별 보조금,2024,울진군
승합(대형),피라인모터스,HYPERS1609P(25인승 접이식),7000,0,7000,2024년도 전기자동차 울진군 모델별 보조금,2024,울진군
승합(대형),피라인모터스,HYPERS1609P(25인승 힙레스트),7000,0,7000,2024년도 전기자동차 울진군 모델별 보조금,2024,울진군
승합(대형),피라인모터스,HYPERS1611P(접이식),7000,0,7000,2024년도 전기자동차 울진군 모델별 보조금,2024,울진군
승합(대형),피라인모터스,HYPERS1611P(힙레스트),7000,0,7000,2024년도 전기자동차 울진군 모델별 보조금,2024,울진군
승합(대형),범한자동차,E-SKY11(350kWh),1980,0,1980,2024년도 전기자동차 울진군 모델별 보조금,2024,울진군
승합(대형),범한자동차,E-SKY9(281kWh),1980,0,1980,2024년도 전기자동차 울진군 모델별 보조금,2024,울진군
승합(대형),범한자동차,E-STAR8 V1,1719,0,1719,2024년도 전기자동차 울진군 모델별 보조금,2024,울진군
승합(대형),범한자동차,E-STAR11,1980,0,1980,2024년도 전기자동차 울진군 모델별 보조금,2024,울진군
승합(대형),범한자동차,E-STAR12i,2480,0,2480,2024년도 전기자동차 울진군 모델별 보조금,2024,울진군
승합(대형),에스에이피,아이즘(IZM),1440,0,1440,2024년도 전기자동차 울진군 모델별 보조금,2024,울진군
승합(대형),에스에이피,엘페(ELFE),1889,0,1889,2024년도 전기자동차 울진군 모델별 보조금,2024,울진군
승합(대형),에스에이피,리오네(LIONNE),1440,0,1440,2024년도 전기자동차 울진군 모델별 보조금,2024,울진군
승합(대형),에스에이피,네오포스(NEOFORCE),1440,0,1440,2024년도 전기자동차 울진군 모델별 보조금,2024,울진군
승합(대형),GS글로벌,NEW BYD eBus-12,2180,0,2180,2024년도 전기자동차 울진군 모델별 보조금,2024,울진군
승합(대형),GS글로벌,BYD eBus9,2310,0,2310,2024년도 전기자동차 울진군 모델별 보조금,2024,울진군
승합(대형),티에스에코에너지,일레누스(TS1100-1),5771,0,5771,2024년도 전기자동차 울진군 모델별 보조금,2024,울진군
승합(대형),티에스에코에너지,일레누스(TS900-1),6914,0,6914,2024년도 전기자동차 울진군 모델별 보조금,2024,울진군
승합(대형),이온모터스,시티라이트Ⅱ,2290,0,2290,2024년도 전기자동차 울진군 모델별 보조금,2024,울진군
승합(대형),이온모터스,시티라이트9,2310,0,2310,2024년도 전기자동차 울진군 모델별 보조금,2024,울진군
승합(대형),한차,GREENWAY1100A,5950,0,5950,2024년도 전기자동차 울진군 모델별 보조금,2024,울진군
승합(대형),이엠코리아,에픽시티(LFP),2310,0,2310,2024년도 전기자동차 울진군 모델별 보조금,2024,울진군
승합(대형),이엠코리아,에픽타운(LFP),2101,0,2101,2024년도 전기자동차 울진군 모델별 보조금,2024,울진군
승합(대형),재일홀딩스,그린타운400,1539,0,1539,2024년도 전기자동차 울진군 모델별 보조금,2024,울진군
모델별 지방비 자료가 없습니다.,모델별 지방비 자료가 없습니다.,모델별 지방비 자료가 없습니다.,모델별 지방비 자료가 없습니다.,모델별 지방비 자료가 없습니다.,모델별 지방비 자료가 없습니다.,2024년도 전기자동차 울릉군 모델별 보조금,2024,울릉군
승합(중형),현대자동차,카운티 일렉트릭,3915,3915,7830,2024년도 전기자동차 창원시 모델별 보조금,2024,창원시
승합(중형),현대자동차,카운티 일렉트릭(마을버스),4000,4000,8000,2024년도 전기자동차 창원시 모델별 보조금,2024,창원시
승합(중형),이비온,"E6(JL618S), 어린이통학",1127,1127,2254,2024년도 전기자동차 창원시 모델별 보조금,2024,창원시
승합(중형),GS글로벌,NEW BYD eBus-7,1007,1007,2014,2024년도 전기자동차 창원시 모델별 보조금,2024,창원시
승합(중형),한차,GREENWAY720,4250,4250,8500,2024년도 전기자동차 창원시 모델별 보조금,2024,창원시
승합(중형),테라팩토리,"테라밴키즈(2022), 어린이운송용14명",776,776,1552,2024년도 전기자동차 창원시 모델별 보조금,2024,창원시
승합(중형),테라팩토리,"테라밴키즈11(2022), 어린이운송용11명",772,772,1544,2024년도 전기자동차 창원시 모델별 보조금,2024,창원시
승합(중형),테라팩토리,테라밴,767,767,1534,2024년도 전기자동차 창원시 모델별 보조금,2024,창원시
승합(중형),중원자동차,EV J1,1496,1496,2992,2024년도 전기자동차 창원시 모델별 보조금,2024,창원시
승합(중형),쏠테로,트라베리-Y540E,1676,1676,3352,2024년도 전기자동차 창원시 모델별 보조금,2024,창원시
승합(중형),쏠테로,트라베리-Y550E,1676,1676,3352,2024년도 전기자동차 창원시 모델별 보조금,2024,창원시
승합(중형),쏠테로,트라베리-Y560E,1676,1676,3352,2024년도 전기자동차 창원시 모델별 보조금,2024,창원시
승합(대형),현대자동차,일렉시티 이층버스,11900,7000,18900,2024년도 전기자동차 창원시 모델별 보조금,2024,창원시
승합(대형),현대자동차,일렉시티(3PACK),7000,7000,14000,2024년도 전기자동차 창원시 모델별 보조금,2024,창원시
승합(대형),현대자동차,일렉시티(4PACK V1),7000,7000,14000,2024년도 전기자동차 창원시 모델별 보조금,2024,창원시
승합(대형),현대자동차,일렉시티(4PACK V2),7000,7000,14000,2024년도 전기자동차 창원시 모델별 보조금,2024,창원시
승합(대형),현대자동차,일렉시티 타운,6859,6859,13718,2024년도 전기자동차 창원시 모델별 보조금,2024,창원시
승합(대형),케이지모빌리티커머셜,SMART 110(272kWh),3850,3850,7700,2024년도 전기자동차 창원시 모델별 보조금,2024,창원시
승합(대형),케이지모빌리티커머셜,SMART 110E(347kWh),5950,5950,11900,2024년도 전기자동차 창원시 모델별 보조금,2024,창원시
승합(대형),케이지모빌리티커머셜,SMART 110(260kWh),5724,5724,11448,2024년도 전기자동차 창원시 모델별 보조금,2024,창원시
승합(대형),케이지모빌리티커머셜,SMART 110E(260kWh),5950,5950,11900,2024년도 전기자동차 창원시 모델별 보조금,2024,창원시
승합(대형),케이지모빌리티커머셜,SMART 110(301kWh),7000,7000,14000,2024년도 전기자동차 창원시 모델별 보조금,2024,창원시
승합(대형),우진산전,아폴로900전기버스,4719,4719,9438,2024년도 전기자동차 창원시 모델별 보조금,2024,창원시
승합(대형),우진산전,아폴로1100전기버스 23MY,7000,7000,14000,2024년도 전기자동차 창원시 모델별 보조금,2024,창원시
승합(대형),우진산전,아폴로1200-B43,7000,7000,14000,2024년도 전기자동차 창원시 모델별 보조금,2024,창원시
승합(대형),우진산전,아폴로1200-S42,7000,7000,14000,2024년도 전기자동차 창원시 모델별 보조금,2024,창원시
승합(대형),우진산전,아폴로1200-B42,7000,7000,14000,2024년도 전기자동차 창원시 모델별 보조금,2024,창원시
승합(대형),우진산전,아폴로1200-B29,7000,7000,14000,2024년도 전기자동차 창원시 모델별 보조금,2024,창원시
승합(대형),우진산전,아폴로1200-S29,7000,7000,14000,2024년도 전기자동차 창원시 모델별 보조금,2024,창원시
승합(대형),피라인모터스,HYPERS1609N,5796,5796,11592,2024년도 전기자동차 창원시 모델별 보조금,2024,창원시
승합(대형),피라인모터스,HYPERS1611N,5440,5440,10880,2024년도 전기자동차 창원시 모델별 보조금,2024,창원시
승합(대형),피라인모터스,HYPERS1609HN,5755,5755,11510,2024년도 전기자동차 창원시 모델별 보조금,2024,창원시
승합(대형),피라인모터스,HYPERS1609N(25인승),5794,5794,11588,2024년도 전기자동차 창원시 모델별 보조금,2024,창원시
승합(대형),피라인모터스,HYPERS1609HN(25인승),5755,5755,11510,2024년도 전기자동차 창원시 모델별 보조금,2024,창원시
승합(대형),피라인모터스,HYPERS PRIME,7000,7000,14000,2024년도 전기자동차 창원시 모델별 보조금,2024,창원시
승합(대형),피라인모터스,HYPERS1609P(접이식),7000,7000,14000,2024년도 전기자동차 창원시 모델별 보조금,2024,창원시
승합(대형),피라인모터스,HYPERS1609P(힙레스트),7000,7000,14000,2024년도 전기자동차 창원시 모델별 보조금,2024,창원시
승합(대형),피라인모터스,HYPERS1609P(25인승 접이식),7000,7000,14000,2024년도 전기자동차 창원시 모델별 보조금,2024,창원시
승합(대형),피라인모터스,HYPERS1609P(25인승 힙레스트),7000,7000,14000,2024년도 전기자동차 창원시 모델별 보조금,2024,창원시
승합(대형),피라인모터스,HYPERS1611P(접이식),7000,7000,14000,2024년도 전기자동차 창원시 모델별 보조금,2024,창원시
승합(대형),피라인모터스,HYPERS1611P(힙레스트),7000,7000,14000,2024년도 전기자동차 창원시 모델별 보조금,2024,창원시
승합(대형),피라인모터스,HYPERS HP,7000,7000,14000,2024년도 전기자동차 창원시 모델별 보조금,2024,창원시
승합(대형),범한자동차,E-SKY11(350kWh),1980,1980,3960,2024년도 전기자동차 창원시 모델별 보조금,2024,창원시
승합(대형),범한자동차,E-SKY9(281kWh),1980,1980,3960,2024년도 전기자동차 창원시 모델별 보조금,2024,창원시
승합(대형),범한자동차,E-STAR8 V1,1719,1719,3438,2024년도 전기자동차 창원시 모델별 보조금,2024,창원시
승합(대형),범한자동차,E-STAR11,1980,1980,3960,2024년도 전기자동차 창원시 모델별 보조금,2024,창원시
승합(대형),범한자동차,E-STAR12i,2480,2480,4960,2024년도 전기자동차 창원시 모델별 보조금,2024,창원시
승합(대형),에스에이피,아이즘(IZM),1440,1440,2880,2024년도 전기자동차 창원시 모델별 보조금,2024,창원시
승합(대형),에스에이피,엘페(ELFE),1889,1889,3778,2024년도 전기자동차 창원시 모델별 보조금,2024,창원시
승합(대형),에스에이피,리오네(LIONNE),1440,1440,2880,2024년도 전기자동차 창원시 모델별 보조금,2024,창원시
승합(대형),에스에이피,네오포스(NEOFORCE),1440,1440,2880,2024년도 전기자동차 창원시 모델별 보조금,2024,창원시
승합(대형),GS글로벌,NEW BYD eBus-12,2180,2180,4360,2024년도 전기자동차 창원시 모델별 보조금,2024,창원시
승합(대형),GS글로벌,BYD eBus9,2310,2310,4620,2024년도 전기자동차 창원시 모델별 보조금,2024,창원시
승합(대형),GS글로벌,BYD eBus11,3440,3440,6880,2024년도 전기자동차 창원시 모델별 보조금,2024,창원시
승합(대형),티에스에코에너지,일레누스(TS1100-1),5771,5771,11542,2024년도 전기자동차 창원시 모델별 보조금,2024,창원시
승합(대형),티에스에코에너지,일레누스(TS900-1),6914,6914,13828,2024년도 전기자동차 창원시 모델별 보조금,2024,창원시
승합(대형),이온모터스,시티라이트Ⅱ,2290,2290,4580,2024년도 전기자동차 창원시 모델별 보조금,2024,창원시
승합(대형),이온모터스,시티라이트9,2310,2310,4620,2024년도 전기자동차 창원시 모델별 보조금,2024,창원시
승합(대형),한차,GREENWAY1100A,5950,5950,11900,2024년도 전기자동차 창원시 모델별 보조금,2024,창원시
승합(대형),이엠코리아,에픽시티(LFP),2310,1980,4290,2024년도 전기자동차 창원시 모델별 보조금,2024,창원시
승합(대형),이엠코리아,에픽타운(LFP),2101,1771,3872,2024년도 전기자동차 창원시 모델별 보조금,2024,창원시
승합(대형),태영티엔티,GD11N,7000,7000,14000,2024년도 전기자동차 창원시 모델별 보조금,2024,창원시
승합(대형),재일홀딩스,그린타운400,1539,1539,3078,2024년도 전기자동차 창원시 모델별 보조금,2024,창원시
승합(중형),현대자동차,카운티 일렉트릭,3915,0,3915,2024년도 전기자동차 진주시 모델별 보조금,2024,진주시
승합(중형),현대자동차,카운티 일렉트릭(마을버스),4000,0,4000,2024년도 전기자동차 진주시 모델별 보조금,2024,진주시
승합(중형),이비온,"E6(JL618S), 어린이통학",1127,0,1127,2024년도 전기자동차 진주시 모델별 보조금,2024,진주시
승합(중형),GS글로벌,NEW BYD eBus-7,1007,0,1007,2024년도 전기자동차 진주시 모델별 보조금,2024,진주시
승합(중형),한차,GREENWAY720,4250,0,4250,2024년도 전기자동차 진주시 모델별 보조금,2024,진주시
승합(중형),테라팩토리,"테라밴키즈(2022), 어린이운송용14명",776,0,776,2024년도 전기자동차 진주시 모델별 보조금,2024,진주시
승합(중형),테라팩토리,"테라밴키즈11(2022), 어린이운송용11명",772,0,772,2024년도 전기자동차 진주시 모델별 보조금,2024,진주시
승합(중형),테라팩토리,테라밴,767,0,767,2024년도 전기자동차 진주시 모델별 보조금,2024,진주시
승합(중형),중원자동차,EV J1,1496,0,1496,2024년도 전기자동차 진주시 모델별 보조금,2024,진주시
승합(중형),쏠테로,트라베리-Y540E,1676,0,1676,2024년도 전기자동차 진주시 모델별 보조금,2024,진주시
승합(중형),쏠테로,트라베리-Y550E,1676,0,1676,2024년도 전기자동차 진주시 모델별 보조금,2024,진주시
승합(중형),쏠테로,트라베리-Y560E,1676,0,1676,2024년도 전기자동차 진주시 모델별 보조금,2024,진주시
승합(대형),현대자동차,일렉시티 이층버스,11900,0,11900,2024년도 전기자동차 진주시 모델별 보조금,2024,진주시
승합(대형),현대자동차,일렉시티(3PACK),7000,7000,14000,2024년도 전기자동차 진주시 모델별 보조금,2024,진주시
승합(대형),현대자동차,일렉시티(4PACK V1),7000,7000,14000,2024년도 전기자동차 진주시 모델별 보조금,2024,진주시
승합(대형),현대자동차,일렉시티(4PACK V2),7000,7000,14000,2024년도 전기자동차 진주시 모델별 보조금,2024,진주시
승합(대형),현대자동차,일렉시티 타운,6859,0,6859,2024년도 전기자동차 진주시 모델별 보조금,2024,진주시
승합(대형),케이지모빌리티커머셜,SMART 110(272kWh),3850,0,3850,2024년도 전기자동차 진주시 모델별 보조금,2024,진주시
승합(대형),케이지모빌리티커머셜,SMART 110E(347kWh),5950,0,5950,2024년도 전기자동차 진주시 모델별 보조금,2024,진주시
승합(대형),케이지모빌리티커머셜,SMART 110(260kWh),5724,5724,11448,2024년도 전기자동차 진주시 모델별 보조금,2024,진주시
승합(대형),케이지모빌리티커머셜,SMART 110E(260kWh),5950,0,5950,2024년도 전기자동차 진주시 모델별 보조금,2024,진주시
승합(대형),케이지모빌리티커머셜,SMART 110(301kWh),7000,0,7000,2024년도 전기자동차 진주시 모델별 보조금,2024,진주시
승합(대형),우진산전,아폴로900전기버스,4719,0,4719,2024년도 전기자동차 진주시 모델별 보조금,2024,진주시
승합(대형),우진산전,아폴로1100전기버스 23MY,7000,0,7000,2024년도 전기자동차 진주시 모델별 보조금,2024,진주시
승합(대형),우진산전,아폴로1200-B43,7000,0,7000,2024년도 전기자동차 진주시 모델별 보조금,2024,진주시
승합(대형),우진산전,아폴로1200-S42,7000,0,7000,2024년도 전기자동차 진주시 모델별 보조금,2024,진주시
승합(대형),우진산전,아폴로1200-B42,7000,0,7000,2024년도 전기자동차 진주시 모델별 보조금,2024,진주시
승합(대형),우진산전,아폴로1200-B29,7000,0,7000,2024년도 전기자동차 진주시 모델별 보조금,2024,진주시
승합(대형),우진산전,아폴로1200-S29,7000,0,7000,2024년도 전기자동차 진주시 모델별 보조금,2024,진주시
승합(대형),피라인모터스,HYPERS1609N,5796,0,5796,2024년도 전기자동차 진주시 모델별 보조금,2024,진주시
승합(대형),피라인모터스,HYPERS1611N,5440,0,5440,2024년도 전기자동차 진주시 모델별 보조금,2024,진주시
승합(대형),피라인모터스,HYPERS1609HN,5755,0,5755,2024년도 전기자동차 진주시 모델별 보조금,2024,진주시
승합(대형),피라인모터스,HYPERS1609N(25인승),5794,0,5794,2024년도 전기자동차 진주시 모델별 보조금,2024,진주시
승합(대형),피라인모터스,HYPERS1609HN(25인승),5755,0,5755,2024년도 전기자동차 진주시 모델별 보조금,2024,진주시
승합(대형),피라인모터스,HYPERS PRIME,7000,0,7000,2024년도 전기자동차 진주시 모델별 보조금,2024,진주시
승합(대형),피라인모터스,HYPERS1609P(접이식),7000,0,7000,2024년도 전기자동차 진주시 모델별 보조금,2024,진주시
승합(대형),피라인모터스,HYPERS1609P(힙레스트),7000,0,7000,2024년도 전기자동차 진주시 모델별 보조금,2024,진주시
승합(대형),피라인모터스,HYPERS1609P(25인승 접이식),7000,0,7000,2024년도 전기자동차 진주시 모델별 보조금,2024,진주시
승합(대형),피라인모터스,HYPERS1609P(25인승 힙레스트),7000,0,7000,2024년도 전기자동차 진주시 모델별 보조금,2024,진주시
승합(대형),피라인모터스,HYPERS1611P(접이식),7000,0,7000,2024년도 전기자동차 진주시 모델별 보조금,2024,진주시
승합(대형),피라인모터스,HYPERS1611P(힙레스트),7000,0,7000,2024년도 전기자동차 진주시 모델별 보조금,2024,진주시
승합(대형),범한자동차,E-SKY11(350kWh),1980,0,1980,2024년도 전기자동차 진주시 모델별 보조금,2024,진주시
승합(대형),범한자동차,E-SKY9(281kWh),1980,0,1980,2024년도 전기자동차 진주시 모델별 보조금,2024,진주시
승합(대형),범한자동차,E-STAR8 V1,1719,0,1719,2024년도 전기자동차 진주시 모델별 보조금,2024,진주시
승합(대형),범한자동차,E-STAR11,1980,0,1980,2024년도 전기자동차 진주시 모델별 보조금,2024,진주시
승합(대형),범한자동차,E-STAR12i,2480,0,2480,2024년도 전기자동차 진주시 모델별 보조금,2024,진주시
승합(대형),에스에이피,아이즘(IZM),1440,0,1440,2024년도 전기자동차 진주시 모델별 보조금,2024,진주시
승합(대형),에스에이피,엘페(ELFE),1889,0,1889,2024년도 전기자동차 진주시 모델별 보조금,2024,진주시
승합(대형),에스에이피,리오네(LIONNE),1440,0,1440,2024년도 전기자동차 진주시 모델별 보조금,2024,진주시
승합(대형),에스에이피,네오포스(NEOFORCE),1440,0,1440,2024년도 전기자동차 진주시 모델별 보조금,2024,진주시
승합(대형),GS글로벌,NEW BYD eBus-12,2180,0,2180,2024년도 전기자동차 진주시 모델별 보조금,2024,진주시
승합(대형),GS글로벌,BYD eBus9,2310,0,2310,2024년도 전기자동차 진주시 모델별 보조금,2024,진주시
승합(대형),티에스에코에너지,일레누스(TS1100-1),5771,0,5771,2024년도 전기자동차 진주시 모델별 보조금,2024,진주시
승합(대형),티에스에코에너지,일레누스(TS900-1),6914,0,6914,2024년도 전기자동차 진주시 모델별 보조금,2024,진주시
승합(대형),이온모터스,시티라이트Ⅱ,2290,0,2290,2024년도 전기자동차 진주시 모델별 보조금,2024,진주시
승합(대형),이온모터스,시티라이트9,2310,0,2310,2024년도 전기자동차 진주시 모델별 보조금,2024,진주시
승합(대형),한차,GREENWAY1100A,5950,0,5950,2024년도 전기자동차 진주시 모델별 보조금,2024,진주시
승합(대형),이엠코리아,에픽시티(LFP),2310,0,2310,2024년도 전기자동차 진주시 모델별 보조금,2024,진주시
승합(대형),이엠코리아,에픽타운(LFP),2101,0,2101,2024년도 전기자동차 진주시 모델별 보조금,2024,진주시
승합(대형),재일홀딩스,그린타운400,1539,0,1539,2024년도 전기자동차 진주시 모델별 보조금,2024,진주시
승합(중형),현대자동차,카운티 일렉트릭,3915,3915,7830,2024년도 전기자동차 통영시 모델별 보조금,2024,통영시
승합(중형),현대자동차,카운티 일렉트릭(마을버스),4000,4000,8000,2024년도 전기자동차 통영시 모델별 보조금,2024,통영시
승합(중형),이비온,"E6(JL618S), 어린이통학",1127,1127,2254,2024년도 전기자동차 통영시 모델별 보조금,2024,통영시
승합(중형),GS글로벌,NEW BYD eBus-7,1007,1007,2014,2024년도 전기자동차 통영시 모델별 보조금,2024,통영시
승합(중형),한차,GREENWAY720,4250,4250,8500,2024년도 전기자동차 통영시 모델별 보조금,2024,통영시
승합(중형),테라팩토리,"테라밴키즈(2022), 어린이운송용14명",776,776,1552,2024년도 전기자동차 통영시 모델별 보조금,2024,통영시
승합(중형),테라팩토리,"테라밴키즈11(2022), 어린이운송용11명",772,772,1544,2024년도 전기자동차 통영시 모델별 보조금,2024,통영시
승합(중형),테라팩토리,테라밴,767,767,1534,2024년도 전기자동차 통영시 모델별 보조금,2024,통영시
승합(중형),중원자동차,EV J1,1496,1496,2992,2024년도 전기자동차 통영시 모델별 보조금,2024,통영시
승합(중형),쏠테로,트라베리-Y540E,1676,1676,3352,2024년도 전기자동차 통영시 모델별 보조금,2024,통영시
승합(중형),쏠테로,트라베리-Y550E,1676,1676,3352,2024년도 전기자동차 통영시 모델별 보조금,2024,통영시
승합(중형),쏠테로,트라베리-Y560E,1676,1676,3352,2024년도 전기자동차 통영시 모델별 보조금,2024,통영시
승합(중형),리텍,e-CENTRO-K,2385,2385,4770,2024년도 전기자동차 통영시 모델별 보조금,2024,통영시
승합(중형),에빅오토모티브코리아,세레온(어린이),5000,5000,10000,2024년도 전기자동차 통영시 모델별 보조금,2024,통영시
승합(중형),에빅오토모티브코리아,세레온(마을),5000,5000,10000,2024년도 전기자동차 통영시 모델별 보조금,2024,통영시
승합(대형),현대자동차,일렉시티 이층버스,11900,0,11900,2024년도 전기자동차 통영시 모델별 보조금,2024,통영시
승합(대형),현대자동차,일렉시티(3PACK),7000,7000,14000,2024년도 전기자동차 통영시 모델별 보조금,2024,통영시
승합(대형),현대자동차,일렉시티(4PACK V1),7000,7000,14000,2024년도 전기자동차 통영시 모델별 보조금,2024,통영시
승합(대형),현대자동차,일렉시티(4PACK V2),7000,7000,14000,2024년도 전기자동차 통영시 모델별 보조금,2024,통영시
승합(대형),현대자동차,일렉시티 타운,6859,6859,13718,2024년도 전기자동차 통영시 모델별 보조금,2024,통영시
승합(대형),케이지모빌리티커머셜,SMART 110(272kWh),3850,3850,7700,2024년도 전기자동차 통영시 모델별 보조금,2024,통영시
승합(대형),케이지모빌리티커머셜,SMART 110E(347kWh),5950,5950,11900,2024년도 전기자동차 통영시 모델별 보조금,2024,통영시
승합(대형),케이지모빌리티커머셜,SMART 110(260kWh),5724,5724,11448,2024년도 전기자동차 통영시 모델별 보조금,2024,통영시
승합(대형),케이지모빌리티커머셜,SMART 110E(260kWh),5950,5950,11900,2024년도 전기자동차 통영시 모델별 보조금,2024,통영시
승합(대형),케이지모빌리티커머셜,SMART 110(301kWh),7000,7000,14000,2024년도 전기자동차 통영시 모델별 보조금,2024,통영시
승합(대형),우진산전,아폴로900전기버스,4719,4719,9438,2024년도 전기자동차 통영시 모델별 보조금,2024,통영시
승합(대형),우진산전,아폴로1100전기버스 23MY,7000,7000,14000,2024년도 전기자동차 통영시 모델별 보조금,2024,통영시
승합(대형),우진산전,아폴로1200-B43,7000,7000,14000,2024년도 전기자동차 통영시 모델별 보조금,2024,통영시
승합(대형),우진산전,아폴로1200-S42,7000,7000,14000,2024년도 전기자동차 통영시 모델별 보조금,2024,통영시
승합(대형),우진산전,아폴로1200-B42,7000,7000,14000,2024년도 전기자동차 통영시 모델별 보조금,2024,통영시
승합(대형),우진산전,아폴로1200-B29,7000,7000,14000,2024년도 전기자동차 통영시 모델별 보조금,2024,통영시
승합(대형),우진산전,아폴로1200-S29,7000,7000,14000,2024년도 전기자동차 통영시 모델별 보조금,2024,통영시
승합(대형),우진산전,아폴로900 V2.0,6819,6819,13638,2024년도 전기자동차 통영시 모델별 보조금,2024,통영시
승합(대형),우진산전,아폴로1100 양문형,6459,6459,12918,2024년도 전기자동차 통영시 모델별 보조금,2024,통영시
승합(대형),피라인모터스,HYPERS1609N,5796,5796,11592,2024년도 전기자동차 통영시 모델별 보조금,2024,통영시
승합(대형),피라인모터스,HYPERS1611N,5440,5440,10880,2024년도 전기자동차 통영시 모델별 보조금,2024,통영시
승합(대형),피라인모터스,HYPERS1609HN,5755,5755,11510,2024년도 전기자동차 통영시 모델별 보조금,2024,통영시
승합(대형),피라인모터스,HYPERS1609N(25인승),5794,5794,11588,2024년도 전기자동차 통영시 모델별 보조금,2024,통영시
승합(대형),피라인모터스,HYPERS1609HN(25인승),5755,5755,11510,2024년도 전기자동차 통영시 모델별 보조금,2024,통영시
승합(대형),피라인모터스,HYPERS PRIME,7000,7000,14000,2024년도 전기자동차 통영시 모델별 보조금,2024,통영시
승합(대형),피라인모터스,HYPERS1609P(접이식),7000,7000,14000,2024년도 전기자동차 통영시 모델별 보조금,2024,통영시
승합(대형),피라인모터스,HYPERS1609P(힙레스트),7000,7000,14000,2024년도 전기자동차 통영시 모델별 보조금,2024,통영시
승합(대형),피라인모터스,HYPERS1609P(25인승 접이식),7000,7000,14000,2024년도 전기자동차 통영시 모델별 보조금,2024,통영시
승합(대형),피라인모터스,HYPERS1609P(25인승 힙레스트),7000,7000,14000,2024년도 전기자동차 통영시 모델별 보조금,2024,통영시
승합(대형),피라인모터스,HYPERS1611P(접이식),7000,7000,14000,2024년도 전기자동차 통영시 모델별 보조금,2024,통영시
승합(대형),피라인모터스,HYPERS1611P(힙레스트),7000,7000,14000,2024년도 전기자동차 통영시 모델별 보조금,2024,통영시
승합(대형),피라인모터스,HYPERS HP,7000,7000,14000,2024년도 전기자동차 통영시 모델별 보조금,2024,통영시
승합(대형),범한자동차,E-SKY11(350kWh),1980,1980,3960,2024년도 전기자동차 통영시 모델별 보조금,2024,통영시
승합(대형),범한자동차,E-SKY9(281kWh),1980,1980,3960,2024년도 전기자동차 통영시 모델별 보조금,2024,통영시
승합(대형),범한자동차,E-STAR8 V1,1719,1719,3438,2024년도 전기자동차 통영시 모델별 보조금,2024,통영시
승합(대형),범한자동차,E-STAR11,1980,1980,3960,2024년도 전기자동차 통영시 모델별 보조금,2024,통영시
승합(대형),범한자동차,E-STAR12i,2480,2480,4960,2024년도 전기자동차 통영시 모델별 보조금,2024,통영시
승합(대형),에스에이피,아이즘(IZM),1440,1440,2880,2024년도 전기자동차 통영시 모델별 보조금,2024,통영시
승합(대형),에스에이피,엘페(ELFE),1889,1889,3778,2024년도 전기자동차 통영시 모델별 보조금,2024,통영시
승합(대형),에스에이피,리오네(LIONNE),1440,1440,2880,2024년도 전기자동차 통영시 모델별 보조금,2024,통영시
승합(대형),에스에이피,네오포스(NEOFORCE),1440,1440,2880,2024년도 전기자동차 통영시 모델별 보조금,2024,통영시
승합(대형),GS글로벌,NEW BYD eBus-12,2180,2180,4360,2024년도 전기자동차 통영시 모델별 보조금,2024,통영시
승합(대형),GS글로벌,BYD eBus9,2310,2310,4620,2024년도 전기자동차 통영시 모델별 보조금,2024,통영시
승합(대형),GS글로벌,BYD eBus11,3440,3440,6880,2024년도 전기자동차 통영시 모델별 보조금,2024,통영시
승합(대형),티에스에코에너지,일레누스(TS1100-1),5771,5771,11542,2024년도 전기자동차 통영시 모델별 보조금,2024,통영시
승합(대형),티에스에코에너지,일레누스(TS900-1),6914,6914,13828,2024년도 전기자동차 통영시 모델별 보조금,2024,통영시
승합(대형),이온모터스,시티라이트Ⅱ,2290,2290,4580,2024년도 전기자동차 통영시 모델별 보조금,2024,통영시
승합(대형),이온모터스,시티라이트9,2310,2310,4620,2024년도 전기자동차 통영시 모델별 보조금,2024,통영시
승합(대형),한차,GREENWAY1100A,5950,5950,11900,2024년도 전기자동차 통영시 모델별 보조금,2024,통영시
승합(대형),이엠코리아,에픽시티(LFP),2310,0,2310,2024년도 전기자동차 통영시 모델별 보조금,2024,통영시
승합(대형),이엠코리아,에픽타운(LFP),2101,0,2101,2024년도 전기자동차 통영시 모델별 보조금,2024,통영시
승합(대형),태영티엔티,GD11N,7000,7000,14000,2024년도 전기자동차 통영시 모델별 보조금,2024,통영시
승합(대형),재일홀딩스,그린타운400,1539,1539,3078,2024년도 전기자동차 통영시 모델별 보조금,2024,통영시
승합(대형),아이버스,아이버스어린이운송차,5950,5950,11900,2024년도 전기자동차 통영시 모델별 보조금,2024,통영시
승합(중형),현대자동차,카운티 일렉트릭,3915,2506,6421,2024년도 전기자동차 사천시 모델별 보조금,2024,사천시
승합(중형),현대자동차,카운티 일렉트릭(마을버스),4000,2560,6560,2024년도 전기자동차 사천시 모델별 보조금,2024,사천시
승합(중형),이비온,"E6(JL618S), 어린이통학",1127,722,1849,2024년도 전기자동차 사천시 모델별 보조금,2024,사천시
승합(중형),GS글로벌,NEW BYD eBus-7,1007,646,1653,2024년도 전기자동차 사천시 모델별 보조금,2024,사천시
승합(중형),한차,GREENWAY720,4250,2720,6970,2024년도 전기자동차 사천시 모델별 보조금,2024,사천시
승합(중형),테라팩토리,"테라밴키즈(2022), 어린이운송용14명",776,498,1274,2024년도 전기자동차 사천시 모델별 보조금,2024,사천시
승합(중형),테라팩토리,"테라밴키즈11(2022), 어린이운송용11명",772,496,1268,2024년도 전기자동차 사천시 모델별 보조금,2024,사천시
승합(중형),테라팩토리,테라밴,767,492,1259,2024년도 전기자동차 사천시 모델별 보조금,2024,사천시
승합(중형),중원자동차,EV J1,1496,958,2454,2024년도 전기자동차 사천시 모델별 보조금,2024,사천시
승합(중형),쏠테로,트라베리-Y540E,1676,0,1676,2024년도 전기자동차 사천시 모델별 보조금,2024,사천시
승합(중형),쏠테로,트라베리-Y550E,1676,0,1676,2024년도 전기자동차 사천시 모델별 보조금,2024,사천시
승합(중형),쏠테로,트라베리-Y560E,1676,0,1676,2024년도 전기자동차 사천시 모델별 보조금,2024,사천시
승합(대형),현대자동차,일렉시티 이층버스,11900,0,11900,2024년도 전기자동차 사천시 모델별 보조금,2024,사천시
승합(대형),현대자동차,일렉시티(3PACK),7000,7500,14500,2024년도 전기자동차 사천시 모델별 보조금,2024,사천시
승합(대형),현대자동차,일렉시티(4PACK V1),7000,7500,14500,2024년도 전기자동차 사천시 모델별 보조금,2024,사천시
승합(대형),현대자동차,일렉시티(4PACK V2),7000,7500,14500,2024년도 전기자동차 사천시 모델별 보조금,2024,사천시
승합(대형),현대자동차,일렉시티 타운,6859,0,6859,2024년도 전기자동차 사천시 모델별 보조금,2024,사천시
승합(대형),케이지모빌리티커머셜,SMART 110(272kWh),3850,0,3850,2024년도 전기자동차 사천시 모델별 보조금,2024,사천시
승합(대형),케이지모빌리티커머셜,SMART 110E(347kWh),5950,0,5950,2024년도 전기자동차 사천시 모델별 보조금,2024,사천시
승합(대형),케이지모빌리티커머셜,SMART 110(260kWh),5724,0,5724,2024년도 전기자동차 사천시 모델별 보조금,2024,사천시
승합(대형),케이지모빌리티커머셜,SMART 110E(260kWh),5950,0,5950,2024년도 전기자동차 사천시 모델별 보조금,2024,사천시
승합(대형),케이지모빌리티커머셜,SMART 110(301kWh),7000,0,7000,2024년도 전기자동차 사천시 모델별 보조금,2024,사천시
승합(대형),우진산전,아폴로900전기버스,4719,0,4719,2024년도 전기자동차 사천시 모델별 보조금,2024,사천시
승합(대형),우진산전,아폴로1100전기버스 23MY,7000,0,7000,2024년도 전기자동차 사천시 모델별 보조금,2024,사천시
승합(대형),우진산전,아폴로1200-B43,7000,0,7000,2024년도 전기자동차 사천시 모델별 보조금,2024,사천시
승합(대형),우진산전,아폴로1200-S42,7000,0,7000,2024년도 전기자동차 사천시 모델별 보조금,2024,사천시
승합(대형),우진산전,아폴로1200-B42,7000,0,7000,2024년도 전기자동차 사천시 모델별 보조금,2024,사천시
승합(대형),우진산전,아폴로1200-B29,7000,0,7000,2024년도 전기자동차 사천시 모델별 보조금,2024,사천시
승합(대형),우진산전,아폴로1200-S29,7000,0,7000,2024년도 전기자동차 사천시 모델별 보조금,2024,사천시
승합(대형),피라인모터스,HYPERS1609N,5796,0,5796,2024년도 전기자동차 사천시 모델별 보조금,2024,사천시
승합(대형),피라인모터스,HYPERS1611N,5440,0,5440,2024년도 전기자동차 사천시 모델별 보조금,2024,사천시
승합(대형),피라인모터스,HYPERS1609HN,5755,0,5755,2024년도 전기자동차 사천시 모델별 보조금,2024,사천시
승합(대형),피라인모터스,HYPERS1609N(25인승),5794,0,5794,2024년도 전기자동차 사천시 모델별 보조금,2024,사천시
승합(대형),피라인모터스,HYPERS1609HN(25인승),5755,0,5755,2024년도 전기자동차 사천시 모델별 보조금,2024,사천시
승합(대형),피라인모터스,HYPERS PRIME,7000,0,7000,2024년도 전기자동차 사천시 모델별 보조금,2024,사천시
승합(대형),피라인모터스,HYPERS1609P(접이식),7000,0,7000,2024년도 전기자동차 사천시 모델별 보조금,2024,사천시
승합(대형),피라인모터스,HYPERS1609P(힙레스트),7000,0,7000,2024년도 전기자동차 사천시 모델별 보조금,2024,사천시
승합(대형),피라인모터스,HYPERS1609P(25인승 접이식),7000,0,7000,2024년도 전기자동차 사천시 모델별 보조금,2024,사천시
승합(대형),피라인모터스,HYPERS1609P(25인승 힙레스트),7000,0,7000,2024년도 전기자동차 사천시 모델별 보조금,2024,사천시
승합(대형),피라인모터스,HYPERS1611P(접이식),7000,0,7000,2024년도 전기자동차 사천시 모델별 보조금,2024,사천시
승합(대형),피라인모터스,HYPERS1611P(힙레스트),7000,0,7000,2024년도 전기자동차 사천시 모델별 보조금,2024,사천시
승합(대형),범한자동차,E-SKY11(350kWh),1980,0,1980,2024년도 전기자동차 사천시 모델별 보조금,2024,사천시
승합(대형),범한자동차,E-SKY9(281kWh),1980,0,1980,2024년도 전기자동차 사천시 모델별 보조금,2024,사천시
승합(대형),범한자동차,E-STAR8 V1,1719,0,1719,2024년도 전기자동차 사천시 모델별 보조금,2024,사천시
승합(대형),범한자동차,E-STAR11,1980,0,1980,2024년도 전기자동차 사천시 모델별 보조금,2024,사천시
승합(대형),범한자동차,E-STAR12i,2480,0,2480,2024년도 전기자동차 사천시 모델별 보조금,2024,사천시
승합(대형),에스에이피,아이즘(IZM),1440,0,1440,2024년도 전기자동차 사천시 모델별 보조금,2024,사천시
승합(대형),에스에이피,엘페(ELFE),1889,0,1889,2024년도 전기자동차 사천시 모델별 보조금,2024,사천시
승합(대형),에스에이피,리오네(LIONNE),1440,0,1440,2024년도 전기자동차 사천시 모델별 보조금,2024,사천시
승합(대형),에스에이피,네오포스(NEOFORCE),1440,0,1440,2024년도 전기자동차 사천시 모델별 보조금,2024,사천시
승합(대형),GS글로벌,NEW BYD eBus-12,2180,0,2180,2024년도 전기자동차 사천시 모델별 보조금,2024,사천시
승합(대형),GS글로벌,BYD eBus9,2310,0,2310,2024년도 전기자동차 사천시 모델별 보조금,2024,사천시
승합(대형),티에스에코에너지,일레누스(TS1100-1),5771,0,5771,2024년도 전기자동차 사천시 모델별 보조금,2024,사천시
승합(대형),티에스에코에너지,일레누스(TS900-1),6914,0,6914,2024년도 전기자동차 사천시 모델별 보조금,2024,사천시
승합(대형),이온모터스,시티라이트Ⅱ,2290,0,2290,2024년도 전기자동차 사천시 모델별 보조금,2024,사천시
승합(대형),이온모터스,시티라이트9,2310,0,2310,2024년도 전기자동차 사천시 모델별 보조금,2024,사천시
승합(대형),한차,GREENWAY1100A,5950,0,5950,2024년도 전기자동차 사천시 모델별 보조금,2024,사천시
승합(대형),이엠코리아,에픽시티(LFP),2310,0,2310,2024년도 전기자동차 사천시 모델별 보조금,2024,사천시
승합(대형),이엠코리아,에픽타운(LFP),2101,0,2101,2024년도 전기자동차 사천시 모델별 보조금,2024,사천시
승합(대형),재일홀딩스,그린타운400,1539,0,1539,2024년도 전기자동차 사천시 모델별 보조금,2024,사천시
승합(중형),현대자동차,카운티 일렉트릭,3915,0,3915,2024년도 전기자동차 김해시 모델별 보조금,2024,김해시
승합(중형),현대자동차,카운티 일렉트릭(마을버스),4000,0,4000,2024년도 전기자동차 김해시 모델별 보조금,2024,김해시
승합(중형),이비온,"E6(JL618S), 어린이통학",1127,0,1127,2024년도 전기자동차 김해시 모델별 보조금,2024,김해시
승합(중형),GS글로벌,NEW BYD eBus-7,1007,0,1007,2024년도 전기자동차 김해시 모델별 보조금,2024,김해시
승합(중형),한차,GREENWAY720,4250,0,4250,2024년도 전기자동차 김해시 모델별 보조금,2024,김해시
승합(중형),테라팩토리,"테라밴키즈(2022), 어린이운송용14명",776,0,776,2024년도 전기자동차 김해시 모델별 보조금,2024,김해시
승합(중형),테라팩토리,"테라밴키즈11(2022), 어린이운송용11명",772,0,772,2024년도 전기자동차 김해시 모델별 보조금,2024,김해시
승합(중형),테라팩토리,테라밴,767,0,767,2024년도 전기자동차 김해시 모델별 보조금,2024,김해시
승합(중형),중원자동차,EV J1,1496,0,1496,2024년도 전기자동차 김해시 모델별 보조금,2024,김해시
승합(중형),쏠테로,트라베리-Y540E,1676,0,1676,2024년도 전기자동차 김해시 모델별 보조금,2024,김해시
승합(중형),쏠테로,트라베리-Y550E,1676,0,1676,2024년도 전기자동차 김해시 모델별 보조금,2024,김해시
승합(중형),쏠테로,트라베리-Y560E,1676,0,1676,2024년도 전기자동차 김해시 모델별 보조금,2024,김해시
승합(대형),현대자동차,일렉시티 이층버스,11900,10330,22230,2024년도 전기자동차 김해시 모델별 보조금,2024,김해시
승합(대형),현대자동차,일렉시티(3PACK),7000,6900,13900,2024년도 전기자동차 김해시 모델별 보조금,2024,김해시
승합(대형),현대자동차,일렉시티(4PACK V1),7000,6900,13900,2024년도 전기자동차 김해시 모델별 보조금,2024,김해시
승합(대형),현대자동차,일렉시티(4PACK V2),7000,6900,13900,2024년도 전기자동차 김해시 모델별 보조금,2024,김해시
승합(대형),현대자동차,일렉시티 타운,6859,6762,13621,2024년도 전기자동차 김해시 모델별 보조금,2024,김해시
승합(대형),케이지모빌리티커머셜,SMART 110(272kWh),3850,3795,7645,2024년도 전기자동차 김해시 모델별 보조금,2024,김해시
승합(대형),케이지모빌리티커머셜,SMART 110E(347kWh),5950,5865,11815,2024년도 전기자동차 김해시 모델별 보조금,2024,김해시
승합(대형),케이지모빌리티커머셜,SMART 110(260kWh),5724,5643,11367,2024년도 전기자동차 김해시 모델별 보조금,2024,김해시
승합(대형),케이지모빌리티커머셜,SMART 110E(260kWh),5950,5865,11815,2024년도 전기자동차 김해시 모델별 보조금,2024,김해시
승합(대형),케이지모빌리티커머셜,SMART 110(301kWh),7000,6900,13900,2024년도 전기자동차 김해시 모델별 보조금,2024,김해시
승합(대형),우진산전,아폴로900전기버스,4719,4653,9372,2024년도 전기자동차 김해시 모델별 보조금,2024,김해시
승합(대형),우진산전,아폴로1100전기버스 23MY,7000,6900,13900,2024년도 전기자동차 김해시 모델별 보조금,2024,김해시
승합(대형),우진산전,아폴로1200-B43,7000,6900,13900,2024년도 전기자동차 김해시 모델별 보조금,2024,김해시
승합(대형),우진산전,아폴로1200-S42,7000,6900,13900,2024년도 전기자동차 김해시 모델별 보조금,2024,김해시
승합(대형),우진산전,아폴로1200-B42,7000,0,7000,2024년도 전기자동차 김해시 모델별 보조금,2024,김해시
승합(대형),우진산전,아폴로1200-B29,7000,0,7000,2024년도 전기자동차 김해시 모델별 보조금,2024,김해시
승합(대형),우진산전,아폴로1200-S29,7000,0,7000,2024년도 전기자동차 김해시 모델별 보조금,2024,김해시
승합(대형),피라인모터스,HYPERS1609N,5796,0,5796,2024년도 전기자동차 김해시 모델별 보조금,2024,김해시
승합(대형),피라인모터스,HYPERS1611N,5440,0,5440,2024년도 전기자동차 김해시 모델별 보조금,2024,김해시
승합(대형),피라인모터스,HYPERS1609HN,5755,0,5755,2024년도 전기자동차 김해시 모델별 보조금,2024,김해시
승합(대형),피라인모터스,HYPERS1609N(25인승),5794,0,5794,2024년도 전기자동차 김해시 모델별 보조금,2024,김해시
승합(대형),피라인모터스,HYPERS1609HN(25인승),5755,0,5755,2024년도 전기자동차 김해시 모델별 보조금,2024,김해시
승합(대형),피라인모터스,HYPERS PRIME,7000,0,7000,2024년도 전기자동차 김해시 모델별 보조금,2024,김해시
승합(대형),피라인모터스,HYPERS1609P(접이식),7000,0,7000,2024년도 전기자동차 김해시 모델별 보조금,2024,김해시
승합(대형),피라인모터스,HYPERS1609P(힙레스트),7000,0,7000,2024년도 전기자동차 김해시 모델별 보조금,2024,김해시
승합(대형),피라인모터스,HYPERS1609P(25인승 접이식),7000,0,7000,2024년도 전기자동차 김해시 모델별 보조금,2024,김해시
승합(대형),피라인모터스,HYPERS1609P(25인승 힙레스트),7000,0,7000,2024년도 전기자동차 김해시 모델별 보조금,2024,김해시
승합(대형),피라인모터스,HYPERS1611P(접이식),7000,0,7000,2024년도 전기자동차 김해시 모델별 보조금,2024,김해시
승합(대형),피라인모터스,HYPERS1611P(힙레스트),7000,0,7000,2024년도 전기자동차 김해시 모델별 보조금,2024,김해시
승합(대형),피라인모터스,HYPERS HP,7000,0,7000,2024년도 전기자동차 김해시 모델별 보조금,2024,김해시
승합(대형),범한자동차,E-SKY11(350kWh),1980,0,1980,2024년도 전기자동차 김해시 모델별 보조금,2024,김해시
승합(대형),범한자동차,E-SKY9(281kWh),1980,0,1980,2024년도 전기자동차 김해시 모델별 보조금,2024,김해시
승합(대형),범한자동차,E-STAR8 V1,1719,0,1719,2024년도 전기자동차 김해시 모델별 보조금,2024,김해시
승합(대형),범한자동차,E-STAR11,1980,0,1980,2024년도 전기자동차 김해시 모델별 보조금,2024,김해시
승합(대형),범한자동차,E-STAR12i,2480,0,2480,2024년도 전기자동차 김해시 모델별 보조금,2024,김해시
승합(대형),에스에이피,아이즘(IZM),1440,0,1440,2024년도 전기자동차 김해시 모델별 보조금,2024,김해시
승합(대형),에스에이피,엘페(ELFE),1889,0,1889,2024년도 전기자동차 김해시 모델별 보조금,2024,김해시
승합(대형),에스에이피,리오네(LIONNE),1440,0,1440,2024년도 전기자동차 김해시 모델별 보조금,2024,김해시
승합(대형),에스에이피,네오포스(NEOFORCE),1440,0,1440,2024년도 전기자동차 김해시 모델별 보조금,2024,김해시
승합(대형),GS글로벌,NEW BYD eBus-12,2180,2149,4329,2024년도 전기자동차 김해시 모델별 보조금,2024,김해시
승합(대형),GS글로벌,BYD eBus9,2310,2277,4587,2024년도 전기자동차 김해시 모델별 보조금,2024,김해시
승합(대형),GS글로벌,BYD eBus11,3440,0,3440,2024년도 전기자동차 김해시 모델별 보조금,2024,김해시
승합(대형),티에스에코에너지,일레누스(TS1100-1),5771,0,5771,2024년도 전기자동차 김해시 모델별 보조금,2024,김해시
승합(대형),티에스에코에너지,일레누스(TS900-1),6914,0,6914,2024년도 전기자동차 김해시 모델별 보조금,2024,김해시
승합(대형),이온모터스,시티라이트Ⅱ,2290,2258,4548,2024년도 전기자동차 김해시 모델별 보조금,2024,김해시
승합(대형),이온모터스,시티라이트9,2310,2277,4587,2024년도 전기자동차 김해시 모델별 보조금,2024,김해시
승합(대형),한차,GREENWAY1100A,5950,0,5950,2024년도 전기자동차 김해시 모델별 보조금,2024,김해시
승합(대형),이엠코리아,에픽시티(LFP),2310,1952,4262,2024년도 전기자동차 김해시 모델별 보조금,2024,김해시
승합(대형),이엠코리아,에픽타운(LFP),2101,1746,3847,2024년도 전기자동차 김해시 모델별 보조금,2024,김해시
승합(대형),태영티엔티,GD11N,7000,6900,13900,2024년도 전기자동차 김해시 모델별 보조금,2024,김해시
승합(대형),재일홀딩스,그린타운400,1539,1518,3057,2024년도 전기자동차 김해시 모델별 보조금,2024,김해시
모델별 지방비 자료가 없습니다.,모델별 지방비 자료가 없습니다.,모델별 지방비 자료가 없습니다.,모델별 지방비 자료가 없습니다.,모델별 지방비 자료가 없습니다.,모델별 지방비 자료가 없습니다.,2024년도 전기자동차 밀양시 모델별 보조금,2024,밀양시
승합(중형),현대자동차,카운티 일렉트릭,3915,3915,7830,2024년도 전기자동차 거제시 모델별 보조금,2024,거제시
승합(중형),현대자동차,카운티 일렉트릭(마을버스),4000,4000,8000,2024년도 전기자동차 거제시 모델별 보조금,2024,거제시
승합(중형),이비온,"E6(JL618S), 어린이통학",1127,1127,2254,2024년도 전기자동차 거제시 모델별 보조금,2024,거제시
승합(중형),GS글로벌,NEW BYD eBus-7,1007,1007,2014,2024년도 전기자동차 거제시 모델별 보조금,2024,거제시
승합(중형),한차,GREENWAY720,4250,4250,8500,2024년도 전기자동차 거제시 모델별 보조금,2024,거제시
승합(중형),테라팩토리,"테라밴키즈(2022), 어린이운송용14명",776,776,1552,2024년도 전기자동차 거제시 모델별 보조금,2024,거제시
승합(중형),테라팩토리,"테라밴키즈11(2022), 어린이운송용11명",772,772,1544,2024년도 전기자동차 거제시 모델별 보조금,2024,거제시
승합(중형),테라팩토리,테라밴,767,767,1534,2024년도 전기자동차 거제시 모델별 보조금,2024,거제시
승합(중형),중원자동차,EV J1,1496,1496,2992,2024년도 전기자동차 거제시 모델별 보조금,2024,거제시
승합(중형),쏠테로,트라베리-Y540E,1676,1676,3352,2024년도 전기자동차 거제시 모델별 보조금,2024,거제시
승합(중형),쏠테로,트라베리-Y550E,1676,1676,3352,2024년도 전기자동차 거제시 모델별 보조금,2024,거제시
승합(중형),쏠테로,트라베리-Y560E,1676,1676,3352,2024년도 전기자동차 거제시 모델별 보조금,2024,거제시
승합(대형),현대자동차,일렉시티 이층버스,11900,7000,18900,2024년도 전기자동차 거제시 모델별 보조금,2024,거제시
승합(대형),현대자동차,일렉시티(3PACK),7000,7000,14000,2024년도 전기자동차 거제시 모델별 보조금,2024,거제시
승합(대형),현대자동차,일렉시티(4PACK V1),7000,7000,14000,2024년도 전기자동차 거제시 모델별 보조금,2024,거제시
승합(대형),현대자동차,일렉시티(4PACK V2),7000,7000,14000,2024년도 전기자동차 거제시 모델별 보조금,2024,거제시
승합(대형),현대자동차,일렉시티 타운,6859,6859,13718,2024년도 전기자동차 거제시 모델별 보조금,2024,거제시
승합(대형),케이지모빌리티커머셜,SMART 110(272kWh),3850,3850,7700,2024년도 전기자동차 거제시 모델별 보조금,2024,거제시
승합(대형),케이지모빌리티커머셜,SMART 110E(347kWh),5950,5950,11900,2024년도 전기자동차 거제시 모델별 보조금,2024,거제시
승합(대형),케이지모빌리티커머셜,SMART 110(260kWh),5724,5724,11448,2024년도 전기자동차 거제시 모델별 보조금,2024,거제시
승합(대형),케이지모빌리티커머셜,SMART 110E(260kWh),5950,5950,11900,2024년도 전기자동차 거제시 모델별 보조금,2024,거제시
승합(대형),케이지모빌리티커머셜,SMART 110(301kWh),7000,7000,14000,2024년도 전기자동차 거제시 모델별 보조금,2024,거제시
승합(대형),우진산전,아폴로900전기버스,4719,4719,9438,2024년도 전기자동차 거제시 모델별 보조금,2024,거제시
승합(대형),우진산전,아폴로1100전기버스 23MY,7000,7000,14000,2024년도 전기자동차 거제시 모델별 보조금,2024,거제시
승합(대형),우진산전,아폴로1200-B43,7000,7000,14000,2024년도 전기자동차 거제시 모델별 보조금,2024,거제시
승합(대형),우진산전,아폴로1200-S42,7000,7000,14000,2024년도 전기자동차 거제시 모델별 보조금,2024,거제시
승합(대형),우진산전,아폴로1200-B42,7000,7000,14000,2024년도 전기자동차 거제시 모델별 보조금,2024,거제시
승합(대형),우진산전,아폴로1200-B29,7000,7000,14000,2024년도 전기자동차 거제시 모델별 보조금,2024,거제시
승합(대형),우진산전,아폴로1200-S29,7000,7000,14000,2024년도 전기자동차 거제시 모델별 보조금,2024,거제시
승합(대형),피라인모터스,HYPERS1609N,5796,5796,11592,2024년도 전기자동차 거제시 모델별 보조금,2024,거제시
승합(대형),피라인모터스,HYPERS1611N,5440,5440,10880,2024년도 전기자동차 거제시 모델별 보조금,2024,거제시
승합(대형),피라인모터스,HYPERS1609HN,5755,5755,11510,2024년도 전기자동차 거제시 모델별 보조금,2024,거제시
승합(대형),피라인모터스,HYPERS1609N(25인승),5794,5794,11588,2024년도 전기자동차 거제시 모델별 보조금,2024,거제시
승합(대형),피라인모터스,HYPERS1609HN(25인승),5755,5755,11510,2024년도 전기자동차 거제시 모델별 보조금,2024,거제시
승합(대형),피라인모터스,HYPERS PRIME,7000,7000,14000,2024년도 전기자동차 거제시 모델별 보조금,2024,거제시
승합(대형),피라인모터스,HYPERS1609P(접이식),7000,7000,14000,2024년도 전기자동차 거제시 모델별 보조금,2024,거제시
승합(대형),피라인모터스,HYPERS1609P(힙레스트),7000,7000,14000,2024년도 전기자동차 거제시 모델별 보조금,2024,거제시
승합(대형),피라인모터스,HYPERS1609P(25인승 접이식),7000,7000,14000,2024년도 전기자동차 거제시 모델별 보조금,2024,거제시
승합(대형),피라인모터스,HYPERS1609P(25인승 힙레스트),7000,7000,14000,2024년도 전기자동차 거제시 모델별 보조금,2024,거제시
승합(대형),피라인모터스,HYPERS1611P(접이식),7000,7000,14000,2024년도 전기자동차 거제시 모델별 보조금,2024,거제시
승합(대형),피라인모터스,HYPERS1611P(힙레스트),7000,7000,14000,2024년도 전기자동차 거제시 모델별 보조금,2024,거제시
승합(대형),피라인모터스,HYPERS HP,7000,7000,14000,2024년도 전기자동차 거제시 모델별 보조금,2024,거제시
승합(대형),범한자동차,E-SKY11(350kWh),1980,1980,3960,2024년도 전기자동차 거제시 모델별 보조금,2024,거제시
승합(대형),범한자동차,E-SKY9(281kWh),1980,1980,3960,2024년도 전기자동차 거제시 모델별 보조금,2024,거제시
승합(대형),범한자동차,E-STAR8 V1,1719,1719,3438,2024년도 전기자동차 거제시 모델별 보조금,2024,거제시
승합(대형),범한자동차,E-STAR11,1980,1980,3960,2024년도 전기자동차 거제시 모델별 보조금,2024,거제시
승합(대형),범한자동차,E-STAR12i,2480,2480,4960,2024년도 전기자동차 거제시 모델별 보조금,2024,거제시
승합(대형),에스에이피,아이즘(IZM),1440,1440,2880,2024년도 전기자동차 거제시 모델별 보조금,2024,거제시
승합(대형),에스에이피,엘페(ELFE),1889,1889,3778,2024년도 전기자동차 거제시 모델별 보조금,2024,거제시
승합(대형),에스에이피,리오네(LIONNE),1440,1440,2880,2024년도 전기자동차 거제시 모델별 보조금,2024,거제시
승합(대형),에스에이피,네오포스(NEOFORCE),1440,1440,2880,2024년도 전기자동차 거제시 모델별 보조금,2024,거제시
승합(대형),GS글로벌,NEW BYD eBus-12,2180,2180,4360,2024년도 전기자동차 거제시 모델별 보조금,2024,거제시
승합(대형),GS글로벌,BYD eBus9,2310,2310,4620,2024년도 전기자동차 거제시 모델별 보조금,2024,거제시
승합(대형),티에스에코에너지,일레누스(TS1100-1),5771,5771,11542,2024년도 전기자동차 거제시 모델별 보조금,2024,거제시
승합(대형),티에스에코에너지,일레누스(TS900-1),6914,6914,13828,2024년도 전기자동차 거제시 모델별 보조금,2024,거제시
승합(대형),이온모터스,시티라이트Ⅱ,2290,2290,4580,2024년도 전기자동차 거제시 모델별 보조금,2024,거제시
승합(대형),이온모터스,시티라이트9,2310,2310,4620,2024년도 전기자동차 거제시 모델별 보조금,2024,거제시
승합(대형),한차,GREENWAY1100A,5950,5950,11900,2024년도 전기자동차 거제시 모델별 보조금,2024,거제시
승합(대형),이엠코리아,에픽시티(LFP),2310,1980,4290,2024년도 전기자동차 거제시 모델별 보조금,2024,거제시
승합(대형),이엠코리아,에픽타운(LFP),2101,1771,3872,2024년도 전기자동차 거제시 모델별 보조금,2024,거제시
승합(대형),재일홀딩스,그린타운400,1539,1539,3078,2024년도 전기자동차 거제시 모델별 보조금,2024,거제시
승합(중형),현대자동차,카운티 일렉트릭,3915,3915,7830,2024년도 전기자동차 양산시 모델별 보조금,2024,양산시
승합(중형),현대자동차,카운티 일렉트릭(마을버스),4000,4000,8000,2024년도 전기자동차 양산시 모델별 보조금,2024,양산시
승합(중형),이비온,"E6(JL618S), 어린이통학",1127,1127,2254,2024년도 전기자동차 양산시 모델별 보조금,2024,양산시
승합(중형),GS글로벌,NEW BYD eBus-7,1007,1007,2014,2024년도 전기자동차 양산시 모델별 보조금,2024,양산시
승합(중형),한차,GREENWAY720,4250,4250,8500,2024년도 전기자동차 양산시 모델별 보조금,2024,양산시
승합(중형),테라팩토리,"테라밴키즈(2022), 어린이운송용14명",776,776,1552,2024년도 전기자동차 양산시 모델별 보조금,2024,양산시
승합(중형),테라팩토리,"테라밴키즈11(2022), 어린이운송용11명",772,772,1544,2024년도 전기자동차 양산시 모델별 보조금,2024,양산시
승합(중형),테라팩토리,테라밴,767,767,1534,2024년도 전기자동차 양산시 모델별 보조금,2024,양산시
승합(중형),중원자동차,EV J1,1496,1496,2992,2024년도 전기자동차 양산시 모델별 보조금,2024,양산시
승합(중형),쏠테로,트라베리-Y540E,1676,1676,3352,2024년도 전기자동차 양산시 모델별 보조금,2024,양산시
승합(중형),쏠테로,트라베리-Y550E,1676,1676,3352,2024년도 전기자동차 양산시 모델별 보조금,2024,양산시
승합(중형),쏠테로,트라베리-Y560E,1676,1676,3352,2024년도 전기자동차 양산시 모델별 보조금,2024,양산시
승합(중형),리텍,e-CENTRO-K,2385,0,2385,2024년도 전기자동차 양산시 모델별 보조금,2024,양산시
승합(중형),에빅오토모티브코리아,세레온(어린이),5000,0,5000,2024년도 전기자동차 양산시 모델별 보조금,2024,양산시
승합(중형),에빅오토모티브코리아,세레온(마을),5000,0,5000,2024년도 전기자동차 양산시 모델별 보조금,2024,양산시
승합(대형),현대자동차,일렉시티 이층버스,11900,0,11900,2024년도 전기자동차 양산시 모델별 보조금,2024,양산시
승합(대형),현대자동차,일렉시티(3PACK),7000,7000,14000,2024년도 전기자동차 양산시 모델별 보조금,2024,양산시
승합(대형),현대자동차,일렉시티(4PACK V1),7000,7000,14000,2024년도 전기자동차 양산시 모델별 보조금,2024,양산시
승합(대형),현대자동차,일렉시티(4PACK V2),7000,7000,14000,2024년도 전기자동차 양산시 모델별 보조금,2024,양산시
승합(대형),현대자동차,일렉시티 타운,6859,6859,13718,2024년도 전기자동차 양산시 모델별 보조금,2024,양산시
승합(대형),케이지모빌리티커머셜,SMART 110(272kWh),3850,3850,7700,2024년도 전기자동차 양산시 모델별 보조금,2024,양산시
승합(대형),케이지모빌리티커머셜,SMART 110E(347kWh),5950,5950,11900,2024년도 전기자동차 양산시 모델별 보조금,2024,양산시
승합(대형),케이지모빌리티커머셜,SMART 110(260kWh),5724,5724,11448,2024년도 전기자동차 양산시 모델별 보조금,2024,양산시
승합(대형),케이지모빌리티커머셜,SMART 110E(260kWh),5950,5950,11900,2024년도 전기자동차 양산시 모델별 보조금,2024,양산시
승합(대형),케이지모빌리티커머셜,SMART 110(301kWh),7000,7000,14000,2024년도 전기자동차 양산시 모델별 보조금,2024,양산시
승합(대형),우진산전,아폴로900전기버스,4719,4719,9438,2024년도 전기자동차 양산시 모델별 보조금,2024,양산시
승합(대형),우진산전,아폴로1100전기버스 23MY,7000,7000,14000,2024년도 전기자동차 양산시 모델별 보조금,2024,양산시
승합(대형),우진산전,아폴로1200-B43,7000,7000,14000,2024년도 전기자동차 양산시 모델별 보조금,2024,양산시
승합(대형),우진산전,아폴로1200-S42,7000,7000,14000,2024년도 전기자동차 양산시 모델별 보조금,2024,양산시
승합(대형),우진산전,아폴로1200-B42,7000,0,7000,2024년도 전기자동차 양산시 모델별 보조금,2024,양산시
승합(대형),우진산전,아폴로1200-B29,7000,0,7000,2024년도 전기자동차 양산시 모델별 보조금,2024,양산시
승합(대형),우진산전,아폴로1200-S29,7000,0,7000,2024년도 전기자동차 양산시 모델별 보조금,2024,양산시
승합(대형),피라인모터스,HYPERS1609N,5796,0,5796,2024년도 전기자동차 양산시 모델별 보조금,2024,양산시
승합(대형),피라인모터스,HYPERS1611N,5440,0,5440,2024년도 전기자동차 양산시 모델별 보조금,2024,양산시
승합(대형),피라인모터스,HYPERS1609HN,5755,0,5755,2024년도 전기자동차 양산시 모델별 보조금,2024,양산시
승합(대형),피라인모터스,HYPERS1609N(25인승),5794,0,5794,2024년도 전기자동차 양산시 모델별 보조금,2024,양산시
승합(대형),피라인모터스,HYPERS1609HN(25인승),5755,0,5755,2024년도 전기자동차 양산시 모델별 보조금,2024,양산시
승합(대형),피라인모터스,HYPERS PRIME,7000,0,7000,2024년도 전기자동차 양산시 모델별 보조금,2024,양산시
승합(대형),피라인모터스,HYPERS1609P(접이식),7000,0,7000,2024년도 전기자동차 양산시 모델별 보조금,2024,양산시
승합(대형),피라인모터스,HYPERS1609P(힙레스트),7000,0,7000,2024년도 전기자동차 양산시 모델별 보조금,2024,양산시
승합(대형),피라인모터스,HYPERS1609P(25인승 접이식),7000,0,7000,2024년도 전기자동차 양산시 모델별 보조금,2024,양산시
승합(대형),피라인모터스,HYPERS1609P(25인승 힙레스트),7000,0,7000,2024년도 전기자동차 양산시 모델별 보조금,2024,양산시
승합(대형),피라인모터스,HYPERS1611P(접이식),7000,0,7000,2024년도 전기자동차 양산시 모델별 보조금,2024,양산시
승합(대형),피라인모터스,HYPERS1611P(힙레스트),7000,0,7000,2024년도 전기자동차 양산시 모델별 보조금,2024,양산시
승합(대형),피라인모터스,HYPERS HP,7000,7000,14000,2024년도 전기자동차 양산시 모델별 보조금,2024,양산시
승합(대형),범한자동차,E-SKY11(350kWh),1980,0,1980,2024년도 전기자동차 양산시 모델별 보조금,2024,양산시
승합(대형),범한자동차,E-SKY9(281kWh),1980,0,1980,2024년도 전기자동차 양산시 모델별 보조금,2024,양산시
승합(대형),범한자동차,E-STAR8 V1,1719,0,1719,2024년도 전기자동차 양산시 모델별 보조금,2024,양산시
승합(대형),범한자동차,E-STAR11,1980,0,1980,2024년도 전기자동차 양산시 모델별 보조금,2024,양산시
승합(대형),범한자동차,E-STAR12i,2480,2480,4960,2024년도 전기자동차 양산시 모델별 보조금,2024,양산시
승합(대형),에스에이피,아이즘(IZM),1440,1440,2880,2024년도 전기자동차 양산시 모델별 보조금,2024,양산시
승합(대형),에스에이피,엘페(ELFE),1889,1889,3778,2024년도 전기자동차 양산시 모델별 보조금,2024,양산시
승합(대형),에스에이피,리오네(LIONNE),1440,1440,2880,2024년도 전기자동차 양산시 모델별 보조금,2024,양산시
승합(대형),에스에이피,네오포스(NEOFORCE),1440,1440,2880,2024년도 전기자동차 양산시 모델별 보조금,2024,양산시
승합(대형),GS글로벌,NEW BYD eBus-12,2180,2180,4360,2024년도 전기자동차 양산시 모델별 보조금,2024,양산시
승합(대형),GS글로벌,BYD eBus9,2310,2310,4620,2024년도 전기자동차 양산시 모델별 보조금,2024,양산시
승합(대형),GS글로벌,BYD eBus11,3440,3440,6880,2024년도 전기자동차 양산시 모델별 보조금,2024,양산시
승합(대형),티에스에코에너지,일레누스(TS1100-1),5771,0,5771,2024년도 전기자동차 양산시 모델별 보조금,2024,양산시
승합(대형),티에스에코에너지,일레누스(TS900-1),6914,0,6914,2024년도 전기자동차 양산시 모델별 보조금,2024,양산시
승합(대형),이온모터스,시티라이트Ⅱ,2290,0,2290,2024년도 전기자동차 양산시 모델별 보조금,2024,양산시
승합(대형),이온모터스,시티라이트9,2310,0,2310,2024년도 전기자동차 양산시 모델별 보조금,2024,양산시
승합(대형),한차,GREENWAY1100A,5950,0,5950,2024년도 전기자동차 양산시 모델별 보조금,2024,양산시
승합(대형),이엠코리아,에픽시티(LFP),2310,0,2310,2024년도 전기자동차 양산시 모델별 보조금,2024,양산시
승합(대형),이엠코리아,에픽타운(LFP),2101,0,2101,2024년도 전기자동차 양산시 모델별 보조금,2024,양산시
승합(대형),태영티엔티,GD11N,7000,0,7000,2024년도 전기자동차 양산시 모델별 보조금,2024,양산시
승합(대형),재일홀딩스,그린타운400,1539,0,1539,2024년도 전기자동차 양산시 모델별 보조금,2024,양산시
승합(대형),아이버스,아이버스어린이운송차,5950,0,5950,2024년도 전기자동차 양산시 모델별 보조금,2024,양산시
모델별 지방비 자료가 없습니다.,모델별 지방비 자료가 없습니다.,모델별 지방비 자료가 없습니다.,모델별 지방비 자료가 없습니다.,모델별 지방비 자료가 없습니다.,모델별 지방비 자료가 없습니다.,2024년도 전기자동차 의령군 모델별 보조금,2024,의령군
승합(중형),현대자동차,카운티 일렉트릭,3915,2506,6421,2024년도 전기자동차 함안군 모델별 보조금,2024,함안군
승합(중형),현대자동차,카운티 일렉트릭(마을버스),4000,2560,6560,2024년도 전기자동차 함안군 모델별 보조금,2024,함안군
승합(중형),이비온,"E6(JL618S), 어린이통학",1127,722,1849,2024년도 전기자동차 함안군 모델별 보조금,2024,함안군
승합(중형),GS글로벌,NEW BYD eBus-7,1007,646,1653,2024년도 전기자동차 함안군 모델별 보조금,2024,함안군
승합(중형),GS글로벌,BYD eBus7,2100,1344,3444,2024년도 전기자동차 함안군 모델별 보조금,2024,함안군
승합(중형),한차,GREENWAY720,4250,2720,6970,2024년도 전기자동차 함안군 모델별 보조금,2024,함안군
승합(중형),테라팩토리,"테라밴키즈(2022), 어린이운송용14명",776,498,1274,2024년도 전기자동차 함안군 모델별 보조금,2024,함안군
승합(중형),테라팩토리,"테라밴키즈11(2022), 어린이운송용11명",772,496,1268,2024년도 전기자동차 함안군 모델별 보조금,2024,함안군
승합(중형),테라팩토리,테라밴,767,492,1259,2024년도 전기자동차 함안군 모델별 보조금,2024,함안군
승합(중형),중원자동차,EV J1,1496,958,2454,2024년도 전기자동차 함안군 모델별 보조금,2024,함안군
승합(중형),쏠테로,트라베리-Y540E,1676,1074,2750,2024년도 전기자동차 함안군 모델별 보조금,2024,함안군
승합(중형),쏠테로,트라베리-Y550E,1676,1074,2750,2024년도 전기자동차 함안군 모델별 보조금,2024,함안군
승합(중형),쏠테로,트라베리-Y560E,1676,1074,2750,2024년도 전기자동차 함안군 모델별 보조금,2024,함안군
승합(중형),리텍,e-CENTRO-K,2385,1528,3913,2024년도 전기자동차 함안군 모델별 보조금,2024,함안군
승합(중형),에빅오토모티브코리아,세레온(어린이),5000,3200,8200,2024년도 전기자동차 함안군 모델별 보조금,2024,함안군
승합(중형),에빅오토모티브코리아,세레온(마을),5000,3200,8200,2024년도 전기자동차 함안군 모델별 보조금,2024,함안군
승합(대형),현대자동차,일렉시티 이층버스,11900,4000,15900,2024년도 전기자동차 함안군 모델별 보조금,2024,함안군
승합(대형),현대자동차,일렉시티(3PACK),7000,4000,11000,2024년도 전기자동차 함안군 모델별 보조금,2024,함안군
승합(대형),현대자동차,일렉시티(4PACK V1),7000,4000,11000,2024년도 전기자동차 함안군 모델별 보조금,2024,함안군
승합(대형),현대자동차,일렉시티(4PACK V2),7000,4000,11000,2024년도 전기자동차 함안군 모델별 보조금,2024,함안군
승합(대형),현대자동차,일렉시티 타운,6859,3920,10779,2024년도 전기자동차 함안군 모델별 보조금,2024,함안군
승합(대형),케이지모빌리티커머셜,SMART 110(272kWh),3850,2200,6050,2024년도 전기자동차 함안군 모델별 보조금,2024,함안군
승합(대형),케이지모빌리티커머셜,SMART 110E(347kWh),5950,3400,9350,2024년도 전기자동차 함안군 모델별 보조금,2024,함안군
승합(대형),케이지모빌리티커머셜,SMART 110(260kWh),5724,3272,8996,2024년도 전기자동차 함안군 모델별 보조금,2024,함안군
승합(대형),케이지모빌리티커머셜,SMART 110E(260kWh),5950,3400,9350,2024년도 전기자동차 함안군 모델별 보조금,2024,함안군
승합(대형),케이지모빌리티커머셜,SMART 110(301kWh),7000,4000,11000,2024년도 전기자동차 함안군 모델별 보조금,2024,함안군
승합(대형),케이지모빌리티커머셜,KG C090,6916,0,6916,2024년도 전기자동차 함안군 모델별 보조금,2024,함안군
승합(대형),우진산전,아폴로900전기버스,4719,2698,7417,2024년도 전기자동차 함안군 모델별 보조금,2024,함안군
승합(대형),우진산전,아폴로1100전기버스 23MY,7000,4000,11000,2024년도 전기자동차 함안군 모델별 보조금,2024,함안군
승합(대형),우진산전,아폴로1200-B43,7000,4000,11000,2024년도 전기자동차 함안군 모델별 보조금,2024,함안군
승합(대형),우진산전,아폴로1200-S42,7000,4000,11000,2024년도 전기자동차 함안군 모델별 보조금,2024,함안군
승합(대형),우진산전,아폴로1200-B42,7000,4000,11000,2024년도 전기자동차 함안군 모델별 보조금,2024,함안군
승합(대형),우진산전,아폴로1200-B29,7000,4000,11000,2024년도 전기자동차 함안군 모델별 보조금,2024,함안군
승합(대형),우진산전,아폴로1200-S29,7000,4000,11000,2024년도 전기자동차 함안군 모델별 보조금,2024,함안군
승합(대형),우진산전,아폴로900 V2.0,6819,3898,10717,2024년도 전기자동차 함안군 모델별 보조금,2024,함안군
승합(대형),우진산전,아폴로1100 양문형,6459,3692,10151,2024년도 전기자동차 함안군 모델별 보조금,2024,함안군
승합(대형),우진산전,아폴로1100 V2.0,7000,0,7000,2024년도 전기자동차 함안군 모델별 보조금,2024,함안군
승합(대형),피라인모터스,HYPERS1609N,5796,3312,9108,2024년도 전기자동차 함안군 모델별 보조금,2024,함안군
승합(대형),피라인모터스,HYPERS1611N,5440,3110,8550,2024년도 전기자동차 함안군 모델별 보조금,2024,함안군
승합(대형),피라인모터스,HYPERS1609HN,5755,3290,9045,2024년도 전기자동차 함안군 모델별 보조금,2024,함안군
승합(대형),피라인모터스,HYPERS1609N(25인승),5794,3312,9106,2024년도 전기자동차 함안군 모델별 보조금,2024,함안군
승합(대형),피라인모터스,HYPERS1609HN(25인승),5755,3290,9045,2024년도 전기자동차 함안군 모델별 보조금,2024,함안군
승합(대형),피라인모터스,HYPERS PRIME,7000,4000,11000,2024년도 전기자동차 함안군 모델별 보조금,2024,함안군
승합(대형),피라인모터스,HYPERS1609P(접이식),7000,4000,11000,2024년도 전기자동차 함안군 모델별 보조금,2024,함안군
승합(대형),피라인모터스,HYPERS1609P(힙레스트),7000,4000,11000,2024년도 전기자동차 함안군 모델별 보조금,2024,함안군
승합(대형),피라인모터스,HYPERS1609P(25인승 접이식),7000,4000,11000,2024년도 전기자동차 함안군 모델별 보조금,2024,함안군
승합(대형),피라인모터스,HYPERS1609P(25인승 힙레스트),7000,4000,11000,2024년도 전기자동차 함안군 모델별 보조금,2024,함안군
승합(대형),피라인모터스,HYPERS1611P(접이식),7000,4000,11000,2024년도 전기자동차 함안군 모델별 보조금,2024,함안군
승합(대형),피라인모터스,HYPERS1611P(힙레스트),7000,4000,11000,2024년도 전기자동차 함안군 모델별 보조금,2024,함안군
승합(대형),피라인모터스,HYPERS HP,7000,4000,11000,2024년도 전기자동차 함안군 모델별 보조금,2024,함안군
승합(대형),범한자동차,E-SKY11(350kWh),1980,1132,3112,2024년도 전기자동차 함안군 모델별 보조금,2024,함안군
승합(대형),범한자동차,E-SKY9(281kWh),1980,1132,3112,2024년도 전기자동차 함안군 모델별 보조금,2024,함안군
승합(대형),범한자동차,E-STAR8 V1,1719,984,2703,2024년도 전기자동차 함안군 모델별 보조금,2024,함안군
승합(대형),범한자동차,E-STAR11,1980,1132,3112,2024년도 전기자동차 함안군 모델별 보조금,2024,함안군
승합(대형),범한자동차,E-STAR12i,2480,1418,3898,2024년도 전기자동차 함안군 모델별 보조금,2024,함안군
승합(대형),에스에이피,아이즘(IZM),1440,824,2264,2024년도 전기자동차 함안군 모델별 보조금,2024,함안군
승합(대형),에스에이피,엘페(ELFE),1889,1080,2969,2024년도 전기자동차 함안군 모델별 보조금,2024,함안군
승합(대형),에스에이피,리오네(LIONNE),1440,824,2264,2024년도 전기자동차 함안군 모델별 보조금,2024,함안군
승합(대형),에스에이피,네오포스(NEOFORCE),1440,824,2264,2024년도 전기자동차 함안군 모델별 보조금,2024,함안군
승합(대형),GS글로벌,NEW BYD eBus-12,2180,1246,3426,2024년도 전기자동차 함안군 모델별 보조금,2024,함안군
승합(대형),GS글로벌,BYD eBus9,2310,1320,3630,2024년도 전기자동차 함안군 모델별 보조금,2024,함안군
승합(대형),GS글로벌,BYD eBus11,3440,0,3440,2024년도 전기자동차 함안군 모델별 보조금,2024,함안군
승합(대형),티에스에코에너지,일레누스(TS1100-1),5771,3298,9069,2024년도 전기자동차 함안군 모델별 보조금,2024,함안군
승합(대형),티에스에코에너지,일레누스(TS900-1),6914,3952,10866,2024년도 전기자동차 함안군 모델별 보조금,2024,함안군
승합(대형),이온모터스,시티라이트Ⅱ,2290,1310,3600,2024년도 전기자동차 함안군 모델별 보조금,2024,함안군
승합(대형),이온모터스,시티라이트9,2310,1320,3630,2024년도 전기자동차 함안군 모델별 보조금,2024,함안군
승합(대형),한차,GREENWAY1100A,5950,3400,9350,2024년도 전기자동차 함안군 모델별 보조금,2024,함안군
승합(대형),이엠코리아,에픽시티(LFP),2310,0,2310,2024년도 전기자동차 함안군 모델별 보조금,2024,함안군
승합(대형),이엠코리아,에픽타운(LFP),2101,0,2101,2024년도 전기자동차 함안군 모델별 보조금,2024,함안군
승합(대형),이엠코리아,에픽시티(NCM),7000,0,7000,2024년도 전기자동차 함안군 모델별 보조금,2024,함안군
승합(대형),이엠코리아,에픽타운(NCM),6439,0,6439,2024년도 전기자동차 함안군 모델별 보조금,2024,함안군
승합(대형),태영티엔티,GD11N,7000,0,7000,2024년도 전기자동차 함안군 모델별 보조금,2024,함안군
승합(대형),재일홀딩스,그린타운400,1539,880,2419,2024년도 전기자동차 함안군 모델별 보조금,2024,함안군
승합(대형),아이버스,아이버스어린이운송차,5950,0,5950,2024년도 전기자동차 함안군 모델별 보조금,2024,함안군
모델별 지방비 자료가 없습니다.,모델별 지방비 자료가 없습니다.,모델별 지방비 자료가 없습니다.,모델별 지방비 자료가 없습니다.,모델별 지방비 자료가 없습니다.,모델별 지방비 자료가 없습니다.,2024년도 전기자동차 창녕군 모델별 보조금,2024,창녕군
모델별 지방비 자료가 없습니다.,모델별 지방비 자료가 없습니다.,모델별 지방비 자료가 없습니다.,모델별 지방비 자료가 없습니다.,모델별 지방비 자료가 없습니다.,모델별 지방비 자료가 없습니다.,2024년도 전기자동차 고성군 모델별 보조금,2024,고성군
승합(중형),현대자동차,카운티 일렉트릭,3915,0,3915,2024년도 전기자동차 남해군 모델별 보조금,2024,남해군
승합(중형),현대자동차,카운티 일렉트릭(마을버스),4000,0,4000,2024년도 전기자동차 남해군 모델별 보조금,2024,남해군
승합(중형),이비온,"E6(JL618S), 어린이통학",1127,0,1127,2024년도 전기자동차 남해군 모델별 보조금,2024,남해군
승합(중형),GS글로벌,NEW BYD eBus-7,1007,0,1007,2024년도 전기자동차 남해군 모델별 보조금,2024,남해군
승합(중형),한차,GREENWAY720,4250,0,4250,2024년도 전기자동차 남해군 모델별 보조금,2024,남해군
승합(중형),테라팩토리,"테라밴키즈(2022), 어린이운송용14명",776,0,776,2024년도 전기자동차 남해군 모델별 보조금,2024,남해군
승합(중형),테라팩토리,"테라밴키즈11(2022), 어린이운송용11명",772,0,772,2024년도 전기자동차 남해군 모델별 보조금,2024,남해군
승합(중형),테라팩토리,테라밴,767,0,767,2024년도 전기자동차 남해군 모델별 보조금,2024,남해군
승합(중형),중원자동차,EV J1,1496,0,1496,2024년도 전기자동차 남해군 모델별 보조금,2024,남해군
승합(중형),쏠테로,트라베리-Y540E,1676,0,1676,2024년도 전기자동차 남해군 모델별 보조금,2024,남해군
승합(중형),쏠테로,트라베리-Y550E,1676,0,1676,2024년도 전기자동차 남해군 모델별 보조금,2024,남해군
승합(중형),쏠테로,트라베리-Y560E,1676,0,1676,2024년도 전기자동차 남해군 모델별 보조금,2024,남해군
승합(중형),리텍,e-CENTRO-K,2385,0,2385,2024년도 전기자동차 남해군 모델별 보조금,2024,남해군
승합(대형),현대자동차,일렉시티 이층버스,11900,10400,22300,2024년도 전기자동차 남해군 모델별 보조금,2024,남해군
승합(대형),현대자동차,일렉시티(3PACK),7000,10400,17400,2024년도 전기자동차 남해군 모델별 보조금,2024,남해군
승합(대형),현대자동차,일렉시티(4PACK V1),7000,10400,17400,2024년도 전기자동차 남해군 모델별 보조금,2024,남해군
승합(대형),현대자동차,일렉시티(4PACK V2),7000,10400,17400,2024년도 전기자동차 남해군 모델별 보조금,2024,남해군
승합(대형),현대자동차,일렉시티 타운,6859,0,6859,2024년도 전기자동차 남해군 모델별 보조금,2024,남해군
승합(대형),케이지모빌리티커머셜,SMART 110(272kWh),3850,0,3850,2024년도 전기자동차 남해군 모델별 보조금,2024,남해군
승합(대형),케이지모빌리티커머셜,SMART 110E(347kWh),5950,0,5950,2024년도 전기자동차 남해군 모델별 보조금,2024,남해군
승합(대형),케이지모빌리티커머셜,SMART 110(260kWh),5724,0,5724,2024년도 전기자동차 남해군 모델별 보조금,2024,남해군
승합(대형),케이지모빌리티커머셜,SMART 110E(260kWh),5950,0,5950,2024년도 전기자동차 남해군 모델별 보조금,2024,남해군
승합(대형),케이지모빌리티커머셜,SMART 110(301kWh),7000,10400,17400,2024년도 전기자동차 남해군 모델별 보조금,2024,남해군
승합(대형),우진산전,아폴로900전기버스,4719,0,4719,2024년도 전기자동차 남해군 모델별 보조금,2024,남해군
승합(대형),우진산전,아폴로1100전기버스 23MY,7000,10400,17400,2024년도 전기자동차 남해군 모델별 보조금,2024,남해군
승합(대형),우진산전,아폴로1200-B43,7000,10400,17400,2024년도 전기자동차 남해군 모델별 보조금,2024,남해군
승합(대형),우진산전,아폴로1200-S42,7000,10400,17400,2024년도 전기자동차 남해군 모델별 보조금,2024,남해군
승합(대형),우진산전,아폴로1200-B42,7000,10400,17400,2024년도 전기자동차 남해군 모델별 보조금,2024,남해군
승합(대형),우진산전,아폴로1200-B29,7000,10400,17400,2024년도 전기자동차 남해군 모델별 보조금,2024,남해군
승합(대형),우진산전,아폴로1200-S29,7000,10400,17400,2024년도 전기자동차 남해군 모델별 보조금,2024,남해군
승합(대형),피라인모터스,HYPERS1609N,5796,0,5796,2024년도 전기자동차 남해군 모델별 보조금,2024,남해군
승합(대형),피라인모터스,HYPERS1611N,5440,0,5440,2024년도 전기자동차 남해군 모델별 보조금,2024,남해군
승합(대형),피라인모터스,HYPERS1609HN,5755,0,5755,2024년도 전기자동차 남해군 모델별 보조금,2024,남해군
승합(대형),피라인모터스,HYPERS1609N(25인승),5794,0,5794,2024년도 전기자동차 남해군 모델별 보조금,2024,남해군
승합(대형),피라인모터스,HYPERS1609HN(25인승),5755,0,5755,2024년도 전기자동차 남해군 모델별 보조금,2024,남해군
승합(대형),피라인모터스,HYPERS PRIME,7000,10400,17400,2024년도 전기자동차 남해군 모델별 보조금,2024,남해군
승합(대형),피라인모터스,HYPERS1609P(접이식),7000,10400,17400,2024년도 전기자동차 남해군 모델별 보조금,2024,남해군
승합(대형),피라인모터스,HYPERS1609P(힙레스트),7000,10400,17400,2024년도 전기자동차 남해군 모델별 보조금,2024,남해군
승합(대형),피라인모터스,HYPERS1609P(25인승 접이식),7000,10400,17400,2024년도 전기자동차 남해군 모델별 보조금,2024,남해군
승합(대형),피라인모터스,HYPERS1609P(25인승 힙레스트),7000,10400,17400,2024년도 전기자동차 남해군 모델별 보조금,2024,남해군
승합(대형),피라인모터스,HYPERS1611P(접이식),7000,10400,17400,2024년도 전기자동차 남해군 모델별 보조금,2024,남해군
승합(대형),피라인모터스,HYPERS1611P(힙레스트),7000,10400,17400,2024년도 전기자동차 남해군 모델별 보조금,2024,남해군
승합(대형),피라인모터스,HYPERS HP,7000,10400,17400,2024년도 전기자동차 남해군 모델별 보조금,2024,남해군
승합(대형),범한자동차,E-SKY11(350kWh),1980,0,1980,2024년도 전기자동차 남해군 모델별 보조금,2024,남해군
승합(대형),범한자동차,E-SKY9(281kWh),1980,0,1980,2024년도 전기자동차 남해군 모델별 보조금,2024,남해군
승합(대형),범한자동차,E-STAR8 V1,1719,0,1719,2024년도 전기자동차 남해군 모델별 보조금,2024,남해군
승합(대형),범한자동차,E-STAR11,1980,0,1980,2024년도 전기자동차 남해군 모델별 보조금,2024,남해군
승합(대형),범한자동차,E-STAR12i,2480,0,2480,2024년도 전기자동차 남해군 모델별 보조금,2024,남해군
승합(대형),에스에이피,아이즘(IZM),1440,0,1440,2024년도 전기자동차 남해군 모델별 보조금,2024,남해군
승합(대형),에스에이피,엘페(ELFE),1889,0,1889,2024년도 전기자동차 남해군 모델별 보조금,2024,남해군
승합(대형),에스에이피,리오네(LIONNE),1440,0,1440,2024년도 전기자동차 남해군 모델별 보조금,2024,남해군
승합(대형),에스에이피,네오포스(NEOFORCE),1440,0,1440,2024년도 전기자동차 남해군 모델별 보조금,2024,남해군
승합(대형),GS글로벌,NEW BYD eBus-12,2180,0,2180,2024년도 전기자동차 남해군 모델별 보조금,2024,남해군
승합(대형),GS글로벌,BYD eBus9,2310,0,2310,2024년도 전기자동차 남해군 모델별 보조금,2024,남해군
승합(대형),GS글로벌,BYD eBus11,3440,0,3440,2024년도 전기자동차 남해군 모델별 보조금,2024,남해군
승합(대형),티에스에코에너지,일레누스(TS1100-1),5771,0,5771,2024년도 전기자동차 남해군 모델별 보조금,2024,남해군
승합(대형),티에스에코에너지,일레누스(TS900-1),6914,0,6914,2024년도 전기자동차 남해군 모델별 보조금,2024,남해군
승합(대형),이온모터스,시티라이트Ⅱ,2290,0,2290,2024년도 전기자동차 남해군 모델별 보조금,2024,남해군
승합(대형),이온모터스,시티라이트9,2310,0,2310,2024년도 전기자동차 남해군 모델별 보조금,2024,남해군
승합(대형),한차,GREENWAY1100A,5950,0,5950,2024년도 전기자동차 남해군 모델별 보조금,2024,남해군
승합(대형),이엠코리아,에픽시티(LFP),2310,0,2310,2024년도 전기자동차 남해군 모델별 보조금,2024,남해군
승합(대형),이엠코리아,에픽타운(LFP),2101,0,2101,2024년도 전기자동차 남해군 모델별 보조금,2024,남해군
승합(대형),태영티엔티,GD11N,7000,10400,17400,2024년도 전기자동차 남해군 모델별 보조금,2024,남해군
승합(대형),재일홀딩스,그린타운400,1539,0,1539,2024년도 전기자동차 남해군 모델별 보조금,2024,남해군
승합(대형),아이버스,아이버스어린이운송차,5950,0,5950,2024년도 전기자동차 남해군 모델별 보조금,2024,남해군
승합(중형),현대자동차,카운티 일렉트릭,3915,2506,6421,2024년도 전기자동차 하동군 모델별 보조금,2024,하동군
승합(중형),현대자동차,카운티 일렉트릭(마을버스),4000,2560,6560,2024년도 전기자동차 하동군 모델별 보조금,2024,하동군
승합(중형),이비온,"E6(JL618S), 어린이통학",1127,722,1849,2024년도 전기자동차 하동군 모델별 보조금,2024,하동군
승합(중형),GS글로벌,NEW BYD eBus-7,1007,646,1653,2024년도 전기자동차 하동군 모델별 보조금,2024,하동군
승합(중형),한차,GREENWAY720,4250,2720,6970,2024년도 전기자동차 하동군 모델별 보조금,2024,하동군
승합(중형),테라팩토리,"테라밴키즈(2022), 어린이운송용14명",776,498,1274,2024년도 전기자동차 하동군 모델별 보조금,2024,하동군
승합(중형),테라팩토리,"테라밴키즈11(2022), 어린이운송용11명",772,496,1268,2024년도 전기자동차 하동군 모델별 보조금,2024,하동군
승합(중형),테라팩토리,테라밴,767,492,1259,2024년도 전기자동차 하동군 모델별 보조금,2024,하동군
승합(중형),중원자동차,EV J1,1496,958,2454,2024년도 전기자동차 하동군 모델별 보조금,2024,하동군
승합(중형),쏠테로,트라베리-Y540E,1676,1074,2750,2024년도 전기자동차 하동군 모델별 보조금,2024,하동군
승합(중형),쏠테로,트라베리-Y550E,1676,1074,2750,2024년도 전기자동차 하동군 모델별 보조금,2024,하동군
승합(중형),쏠테로,트라베리-Y560E,1676,1074,2750,2024년도 전기자동차 하동군 모델별 보조금,2024,하동군
승합(중형),리텍,e-CENTRO-K,2385,1528,3913,2024년도 전기자동차 하동군 모델별 보조금,2024,하동군
승합(대형),현대자동차,일렉시티 이층버스,11900,4000,15900,2024년도 전기자동차 하동군 모델별 보조금,2024,하동군
승합(대형),현대자동차,일렉시티(3PACK),7000,4000,11000,2024년도 전기자동차 하동군 모델별 보조금,2024,하동군
승합(대형),현대자동차,일렉시티(4PACK V1),7000,4000,11000,2024년도 전기자동차 하동군 모델별 보조금,2024,하동군
승합(대형),현대자동차,일렉시티(4PACK V2),7000,4000,11000,2024년도 전기자동차 하동군 모델별 보조금,2024,하동군
승합(대형),현대자동차,일렉시티 타운,6859,3920,10779,2024년도 전기자동차 하동군 모델별 보조금,2024,하동군
승합(대형),케이지모빌리티커머셜,SMART 110(272kWh),3850,2200,6050,2024년도 전기자동차 하동군 모델별 보조금,2024,하동군
승합(대형),케이지모빌리티커머셜,SMART 110E(347kWh),5950,3400,9350,2024년도 전기자동차 하동군 모델별 보조금,2024,하동군
승합(대형),케이지모빌리티커머셜,SMART 110(260kWh),5724,3272,8996,2024년도 전기자동차 하동군 모델별 보조금,2024,하동군
승합(대형),케이지모빌리티커머셜,SMART 110E(260kWh),5950,3400,9350,2024년도 전기자동차 하동군 모델별 보조금,2024,하동군
승합(대형),케이지모빌리티커머셜,SMART 110(301kWh),7000,4000,11000,2024년도 전기자동차 하동군 모델별 보조금,2024,하동군
승합(대형),우진산전,아폴로900전기버스,4719,2698,7417,2024년도 전기자동차 하동군 모델별 보조금,2024,하동군
승합(대형),우진산전,아폴로1100전기버스 23MY,7000,4000,11000,2024년도 전기자동차 하동군 모델별 보조금,2024,하동군
승합(대형),우진산전,아폴로1200-B43,7000,4000,11000,2024년도 전기자동차 하동군 모델별 보조금,2024,하동군
승합(대형),우진산전,아폴로1200-S42,7000,4000,11000,2024년도 전기자동차 하동군 모델별 보조금,2024,하동군
승합(대형),우진산전,아폴로1200-B42,7000,4000,11000,2024년도 전기자동차 하동군 모델별 보조금,2024,하동군
승합(대형),우진산전,아폴로1200-B29,7000,4000,11000,2024년도 전기자동차 하동군 모델별 보조금,2024,하동군
승합(대형),우진산전,아폴로1200-S29,7000,4000,11000,2024년도 전기자동차 하동군 모델별 보조금,2024,하동군
승합(대형),피라인모터스,HYPERS1609N,5796,3312,9108,2024년도 전기자동차 하동군 모델별 보조금,2024,하동군
승합(대형),피라인모터스,HYPERS1611N,5440,3110,8550,2024년도 전기자동차 하동군 모델별 보조금,2024,하동군
승합(대형),피라인모터스,HYPERS1609HN,5755,3290,9045,2024년도 전기자동차 하동군 모델별 보조금,2024,하동군
승합(대형),피라인모터스,HYPERS1609N(25인승),5794,3312,9106,2024년도 전기자동차 하동군 모델별 보조금,2024,하동군
승합(대형),피라인모터스,HYPERS1609HN(25인승),5755,3290,9045,2024년도 전기자동차 하동군 모델별 보조금,2024,하동군
승합(대형),피라인모터스,HYPERS PRIME,7000,4000,11000,2024년도 전기자동차 하동군 모델별 보조금,2024,하동군
승합(대형),피라인모터스,HYPERS1609P(접이식),7000,4000,11000,2024년도 전기자동차 하동군 모델별 보조금,2024,하동군
승합(대형),피라인모터스,HYPERS1609P(힙레스트),7000,4000,11000,2024년도 전기자동차 하동군 모델별 보조금,2024,하동군
승합(대형),피라인모터스,HYPERS1609P(25인승 접이식),7000,4000,11000,2024년도 전기자동차 하동군 모델별 보조금,2024,하동군
승합(대형),피라인모터스,HYPERS1609P(25인승 힙레스트),7000,4000,11000,2024년도 전기자동차 하동군 모델별 보조금,2024,하동군
승합(대형),피라인모터스,HYPERS1611P(접이식),7000,4000,11000,2024년도 전기자동차 하동군 모델별 보조금,2024,하동군
승합(대형),피라인모터스,HYPERS1611P(힙레스트),7000,4000,11000,2024년도 전기자동차 하동군 모델별 보조금,2024,하동군
승합(대형),피라인모터스,HYPERS HP,7000,4000,11000,2024년도 전기자동차 하동군 모델별 보조금,2024,하동군
승합(대형),범한자동차,E-SKY11(350kWh),1980,1132,3112,2024년도 전기자동차 하동군 모델별 보조금,2024,하동군
승합(대형),범한자동차,E-SKY9(281kWh),1980,1132,3112,2024년도 전기자동차 하동군 모델별 보조금,2024,하동군
승합(대형),범한자동차,E-STAR8 V1,1719,984,2703,2024년도 전기자동차 하동군 모델별 보조금,2024,하동군
승합(대형),범한자동차,E-STAR11,1980,1132,3112,2024년도 전기자동차 하동군 모델별 보조금,2024,하동군
승합(대형),범한자동차,E-STAR12i,2480,1418,3898,2024년도 전기자동차 하동군 모델별 보조금,2024,하동군
승합(대형),에스에이피,아이즘(IZM),1440,824,2264,2024년도 전기자동차 하동군 모델별 보조금,2024,하동군
승합(대형),에스에이피,엘페(ELFE),1889,1080,2969,2024년도 전기자동차 하동군 모델별 보조금,2024,하동군
승합(대형),에스에이피,리오네(LIONNE),1440,824,2264,2024년도 전기자동차 하동군 모델별 보조금,2024,하동군
승합(대형),에스에이피,네오포스(NEOFORCE),1440,824,2264,2024년도 전기자동차 하동군 모델별 보조금,2024,하동군
승합(대형),GS글로벌,NEW BYD eBus-12,2180,1246,3426,2024년도 전기자동차 하동군 모델별 보조금,2024,하동군
승합(대형),GS글로벌,BYD eBus9,2310,1320,3630,2024년도 전기자동차 하동군 모델별 보조금,2024,하동군
승합(대형),GS글로벌,BYD eBus11,3440,1966,5406,2024년도 전기자동차 하동군 모델별 보조금,2024,하동군
승합(대형),티에스에코에너지,일레누스(TS1100-1),5771,3298,9069,2024년도 전기자동차 하동군 모델별 보조금,2024,하동군
승합(대형),티에스에코에너지,일레누스(TS900-1),6914,3952,10866,2024년도 전기자동차 하동군 모델별 보조금,2024,하동군
승합(대형),이온모터스,시티라이트Ⅱ,2290,1310,3600,2024년도 전기자동차 하동군 모델별 보조금,2024,하동군
승합(대형),이온모터스,시티라이트9,2310,1320,3630,2024년도 전기자동차 하동군 모델별 보조금,2024,하동군
승합(대형),한차,GREENWAY1100A,5950,3400,9350,2024년도 전기자동차 하동군 모델별 보조금,2024,하동군
승합(대형),이엠코리아,에픽시티(LFP),2310,1132,3442,2024년도 전기자동차 하동군 모델별 보조금,2024,하동군
승합(대형),이엠코리아,에픽타운(LFP),2101,1012,3113,2024년도 전기자동차 하동군 모델별 보조금,2024,하동군
승합(대형),태영티엔티,GD11N,7000,4000,11000,2024년도 전기자동차 하동군 모델별 보조금,2024,하동군
승합(대형),재일홀딩스,그린타운400,1539,880,2419,2024년도 전기자동차 하동군 모델별 보조금,2024,하동군
승합(중형),현대자동차,카운티 일렉트릭,3915,0,3915,2024년도 전기자동차 산청군 모델별 보조금,2024,산청군
승합(중형),현대자동차,카운티 일렉트릭(마을버스),4000,0,4000,2024년도 전기자동차 산청군 모델별 보조금,2024,산청군
승합(중형),이비온,"E6(JL618S), 어린이통학",1127,0,1127,2024년도 전기자동차 산청군 모델별 보조금,2024,산청군
승합(중형),GS글로벌,NEW BYD eBus-7,1007,0,1007,2024년도 전기자동차 산청군 모델별 보조금,2024,산청군
승합(중형),한차,GREENWAY720,4250,0,4250,2024년도 전기자동차 산청군 모델별 보조금,2024,산청군
승합(중형),테라팩토리,"테라밴키즈(2022), 어린이운송용14명",776,0,776,2024년도 전기자동차 산청군 모델별 보조금,2024,산청군
승합(중형),테라팩토리,"테라밴키즈11(2022), 어린이운송용11명",772,0,772,2024년도 전기자동차 산청군 모델별 보조금,2024,산청군
승합(중형),테라팩토리,테라밴,767,0,767,2024년도 전기자동차 산청군 모델별 보조금,2024,산청군
승합(중형),중원자동차,EV J1,1496,0,1496,2024년도 전기자동차 산청군 모델별 보조금,2024,산청군
승합(중형),쏠테로,트라베리-Y540E,1676,0,1676,2024년도 전기자동차 산청군 모델별 보조금,2024,산청군
승합(중형),쏠테로,트라베리-Y550E,1676,0,1676,2024년도 전기자동차 산청군 모델별 보조금,2024,산청군
승합(중형),쏠테로,트라베리-Y560E,1676,0,1676,2024년도 전기자동차 산청군 모델별 보조금,2024,산청군
승합(중형),리텍,e-CENTRO-K,2385,0,2385,2024년도 전기자동차 산청군 모델별 보조금,2024,산청군
승합(중형),에빅오토모티브코리아,세레온(어린이),5000,0,5000,2024년도 전기자동차 산청군 모델별 보조금,2024,산청군
승합(중형),에빅오토모티브코리아,세레온(마을),5000,0,5000,2024년도 전기자동차 산청군 모델별 보조금,2024,산청군
승합(대형),현대자동차,일렉시티 이층버스,11900,0,11900,2024년도 전기자동차 산청군 모델별 보조금,2024,산청군
승합(대형),현대자동차,일렉시티(3PACK),7000,0,7000,2024년도 전기자동차 산청군 모델별 보조금,2024,산청군
승합(대형),현대자동차,일렉시티(4PACK V1),7000,0,7000,2024년도 전기자동차 산청군 모델별 보조금,2024,산청군
승합(대형),현대자동차,일렉시티(4PACK V2),7000,0,7000,2024년도 전기자동차 산청군 모델별 보조금,2024,산청군
승합(대형),현대자동차,일렉시티 타운,6859,7460,14319,2024년도 전기자동차 산청군 모델별 보조금,2024,산청군
승합(대형),케이지모빌리티커머셜,SMART 110(272kWh),3850,0,3850,2024년도 전기자동차 산청군 모델별 보조금,2024,산청군
승합(대형),케이지모빌리티커머셜,SMART 110E(347kWh),5950,0,5950,2024년도 전기자동차 산청군 모델별 보조금,2024,산청군
승합(대형),케이지모빌리티커머셜,SMART 110(260kWh),5724,0,5724,2024년도 전기자동차 산청군 모델별 보조금,2024,산청군
승합(대형),케이지모빌리티커머셜,SMART 110E(260kWh),5950,0,5950,2024년도 전기자동차 산청군 모델별 보조금,2024,산청군
승합(대형),케이지모빌리티커머셜,SMART 110(301kWh),7000,0,7000,2024년도 전기자동차 산청군 모델별 보조금,2024,산청군
승합(대형),케이지모빌리티커머셜,KG C090,6916,0,6916,2024년도 전기자동차 산청군 모델별 보조금,2024,산청군
승합(대형),우진산전,아폴로900전기버스,4719,0,4719,2024년도 전기자동차 산청군 모델별 보조금,2024,산청군
승합(대형),우진산전,아폴로1100전기버스 23MY,7000,0,7000,2024년도 전기자동차 산청군 모델별 보조금,2024,산청군
승합(대형),우진산전,아폴로1200-B43,7000,0,7000,2024년도 전기자동차 산청군 모델별 보조금,2024,산청군
승합(대형),우진산전,아폴로1200-S42,7000,0,7000,2024년도 전기자동차 산청군 모델별 보조금,2024,산청군
승합(대형),우진산전,아폴로1200-B42,7000,0,7000,2024년도 전기자동차 산청군 모델별 보조금,2024,산청군
승합(대형),우진산전,아폴로1200-B29,7000,0,7000,2024년도 전기자동차 산청군 모델별 보조금,2024,산청군
승합(대형),우진산전,아폴로1200-S29,7000,0,7000,2024년도 전기자동차 산청군 모델별 보조금,2024,산청군
승합(대형),우진산전,아폴로900 V2.0,6819,0,6819,2024년도 전기자동차 산청군 모델별 보조금,2024,산청군
승합(대형),우진산전,아폴로1100 양문형,6459,0,6459,2024년도 전기자동차 산청군 모델별 보조금,2024,산청군
승합(대형),우진산전,아폴로1100 V2.0,7000,0,7000,2024년도 전기자동차 산청군 모델별 보조금,2024,산청군
승합(대형),피라인모터스,HYPERS1609N,5796,0,5796,2024년도 전기자동차 산청군 모델별 보조금,2024,산청군
승합(대형),피라인모터스,HYPERS1611N,5440,0,5440,2024년도 전기자동차 산청군 모델별 보조금,2024,산청군
승합(대형),피라인모터스,HYPERS1609HN,5755,0,5755,2024년도 전기자동차 산청군 모델별 보조금,2024,산청군
승합(대형),피라인모터스,HYPERS1609N(25인승),5794,0,5794,2024년도 전기자동차 산청군 모델별 보조금,2024,산청군
승합(대형),피라인모터스,HYPERS1609HN(25인승),5755,0,5755,2024년도 전기자동차 산청군 모델별 보조금,2024,산청군
승합(대형),피라인모터스,HYPERS PRIME,7000,0,7000,2024년도 전기자동차 산청군 모델별 보조금,2024,산청군
승합(대형),피라인모터스,HYPERS1609P(접이식),7000,0,7000,2024년도 전기자동차 산청군 모델별 보조금,2024,산청군
승합(대형),피라인모터스,HYPERS1609P(힙레스트),7000,0,7000,2024년도 전기자동차 산청군 모델별 보조금,2024,산청군
승합(대형),피라인모터스,HYPERS1609P(25인승 접이식),7000,0,7000,2024년도 전기자동차 산청군 모델별 보조금,2024,산청군
승합(대형),피라인모터스,HYPERS1609P(25인승 힙레스트),7000,0,7000,2024년도 전기자동차 산청군 모델별 보조금,2024,산청군
승합(대형),피라인모터스,HYPERS1611P(접이식),7000,0,7000,2024년도 전기자동차 산청군 모델별 보조금,2024,산청군
승합(대형),피라인모터스,HYPERS1611P(힙레스트),7000,0,7000,2024년도 전기자동차 산청군 모델별 보조금,2024,산청군
승합(대형),피라인모터스,HYPERS HP,7000,0,7000,2024년도 전기자동차 산청군 모델별 보조금,2024,산청군
승합(대형),범한자동차,E-SKY11(350kWh),1980,0,1980,2024년도 전기자동차 산청군 모델별 보조금,2024,산청군
승합(대형),범한자동차,E-SKY9(281kWh),1980,0,1980,2024년도 전기자동차 산청군 모델별 보조금,2024,산청군
승합(대형),범한자동차,E-STAR8 V1,1719,0,1719,2024년도 전기자동차 산청군 모델별 보조금,2024,산청군
승합(대형),범한자동차,E-STAR11,1980,0,1980,2024년도 전기자동차 산청군 모델별 보조금,2024,산청군
승합(대형),범한자동차,E-STAR12i,2480,0,2480,2024년도 전기자동차 산청군 모델별 보조금,2024,산청군
승합(대형),에스에이피,아이즘(IZM),1440,0,1440,2024년도 전기자동차 산청군 모델별 보조금,2024,산청군
승합(대형),에스에이피,엘페(ELFE),1889,0,1889,2024년도 전기자동차 산청군 모델별 보조금,2024,산청군
승합(대형),에스에이피,리오네(LIONNE),1440,0,1440,2024년도 전기자동차 산청군 모델별 보조금,2024,산청군
승합(대형),에스에이피,네오포스(NEOFORCE),1440,0,1440,2024년도 전기자동차 산청군 모델별 보조금,2024,산청군
승합(대형),GS글로벌,NEW BYD eBus-12,2180,0,2180,2024년도 전기자동차 산청군 모델별 보조금,2024,산청군
승합(대형),GS글로벌,BYD eBus9,2310,0,2310,2024년도 전기자동차 산청군 모델별 보조금,2024,산청군
승합(대형),GS글로벌,BYD eBus11,3440,0,3440,2024년도 전기자동차 산청군 모델별 보조금,2024,산청군
승합(대형),티에스에코에너지,일레누스(TS1100-1),5771,0,5771,2024년도 전기자동차 산청군 모델별 보조금,2024,산청군
승합(대형),티에스에코에너지,일레누스(TS900-1),6914,0,6914,2024년도 전기자동차 산청군 모델별 보조금,2024,산청군
승합(대형),이온모터스,시티라이트Ⅱ,2290,0,2290,2024년도 전기자동차 산청군 모델별 보조금,2024,산청군
승합(대형),이온모터스,시티라이트9,2310,0,2310,2024년도 전기자동차 산청군 모델별 보조금,2024,산청군
승합(대형),한차,GREENWAY1100A,5950,0,5950,2024년도 전기자동차 산청군 모델별 보조금,2024,산청군
승합(대형),이엠코리아,에픽시티(LFP),2310,0,2310,2024년도 전기자동차 산청군 모델별 보조금,2024,산청군
승합(대형),이엠코리아,에픽타운(LFP),2101,0,2101,2024년도 전기자동차 산청군 모델별 보조금,2024,산청군
승합(대형),이엠코리아,에픽시티(NCM),7000,0,7000,2024년도 전기자동차 산청군 모델별 보조금,2024,산청군
승합(대형),이엠코리아,에픽타운(NCM),6439,0,6439,2024년도 전기자동차 산청군 모델별 보조금,2024,산청군
승합(대형),태영티엔티,GD11N,7000,0,7000,2024년도 전기자동차 산청군 모델별 보조금,2024,산청군
승합(대형),재일홀딩스,그린타운400,1539,0,1539,2024년도 전기자동차 산청군 모델별 보조금,2024,산청군
승합(대형),아이버스,아이버스어린이운송차,5950,0,5950,2024년도 전기자동차 산청군 모델별 보조금,2024,산청군
모델별 지방비 자료가 없습니다.,모델별 지방비 자료가 없습니다.,모델별 지방비 자료가 없습니다.,모델별 지방비 자료가 없습니다.,모델별 지방비 자료가 없습니다.,모델별 지방비 자료가 없습니다.,2024년도 전기자동차 함양군 모델별 보조금,2024,함양군
모델별 지방비 자료가 없습니다.,모델별 지방비 자료가 없습니다.,모델별 지방비 자료가 없습니다.,모델별 지방비 자료가 없습니다.,모델별 지방비 자료가 없습니다.,모델별 지방비 자료가 없습니다.,2024년도 전기자동차 거창군 모델별 보조금,2024,거창군
승합(중형),현대자동차,카운티 일렉트릭,3915,4384,8299,2024년도 전기자동차 합천군 모델별 보조금,2024,합천군
승합(중형),현대자동차,카운티 일렉트릭(마을버스),4000,4480,8480,2024년도 전기자동차 합천군 모델별 보조금,2024,합천군
승합(중형),이비온,"E6(JL618S), 어린이통학",1127,1262,2389,2024년도 전기자동차 합천군 모델별 보조금,2024,합천군
승합(중형),GS글로벌,NEW BYD eBus-7,1007,1127,2134,2024년도 전기자동차 합천군 모델별 보조금,2024,합천군
승합(중형),한차,GREENWAY720,4250,4760,9010,2024년도 전기자동차 합천군 모델별 보조금,2024,합천군
승합(중형),테라팩토리,"테라밴키즈(2022), 어린이운송용14명",776,869,1645,2024년도 전기자동차 합천군 모델별 보조금,2024,합천군
승합(중형),테라팩토리,"테라밴키즈11(2022), 어린이운송용11명",772,864,1636,2024년도 전기자동차 합천군 모델별 보조금,2024,합천군
승합(중형),테라팩토리,테라밴,767,859,1626,2024년도 전기자동차 합천군 모델별 보조금,2024,합천군
승합(중형),중원자동차,EV J1,1496,1675,3171,2024년도 전기자동차 합천군 모델별 보조금,2024,합천군
승합(중형),쏠테로,트라베리-Y540E,1676,1877,3553,2024년도 전기자동차 합천군 모델별 보조금,2024,합천군
승합(중형),쏠테로,트라베리-Y550E,1676,1877,3553,2024년도 전기자동차 합천군 모델별 보조금,2024,합천군
승합(중형),쏠테로,트라베리-Y560E,1676,1877,3553,2024년도 전기자동차 합천군 모델별 보조금,2024,합천군
승합(중형),리텍,e-CENTRO-K,2385,2671,5056,2024년도 전기자동차 합천군 모델별 보조금,2024,합천군
승합(대형),현대자동차,일렉시티 이층버스,11900,6000,17900,2024년도 전기자동차 합천군 모델별 보조금,2024,합천군
승합(대형),현대자동차,일렉시티(3PACK),7000,6000,13000,2024년도 전기자동차 합천군 모델별 보조금,2024,합천군
승합(대형),현대자동차,일렉시티(4PACK V1),7000,6000,13000,2024년도 전기자동차 합천군 모델별 보조금,2024,합천군
승합(대형),현대자동차,일렉시티(4PACK V2),7000,6000,13000,2024년도 전기자동차 합천군 모델별 보조금,2024,합천군
승합(대형),현대자동차,일렉시티 타운,6859,5879,12738,2024년도 전기자동차 합천군 모델별 보조금,2024,합천군
승합(대형),케이지모빌리티커머셜,SMART 110(272kWh),3850,3300,7150,2024년도 전기자동차 합천군 모델별 보조금,2024,합천군
승합(대형),케이지모빌리티커머셜,SMART 110E(347kWh),5950,5100,11050,2024년도 전기자동차 합천군 모델별 보조금,2024,합천군
승합(대형),케이지모빌리티커머셜,SMART 110(260kWh),5724,4906,10630,2024년도 전기자동차 합천군 모델별 보조금,2024,합천군
승합(대형),케이지모빌리티커머셜,SMART 110E(260kWh),5950,5100,11050,2024년도 전기자동차 합천군 모델별 보조금,2024,합천군
승합(대형),케이지모빌리티커머셜,SMART 110(301kWh),7000,6000,13000,2024년도 전기자동차 합천군 모델별 보조금,2024,합천군
승합(대형),우진산전,아폴로900전기버스,4719,4044,8763,2024년도 전기자동차 합천군 모델별 보조금,2024,합천군
승합(대형),우진산전,아폴로1100전기버스 23MY,7000,6000,13000,2024년도 전기자동차 합천군 모델별 보조금,2024,합천군
승합(대형),우진산전,아폴로1200-B43,7000,6000,13000,2024년도 전기자동차 합천군 모델별 보조금,2024,합천군
승합(대형),우진산전,아폴로1200-S42,7000,6000,13000,2024년도 전기자동차 합천군 모델별 보조금,2024,합천군
승합(대형),우진산전,아폴로1200-B42,7000,6000,13000,2024년도 전기자동차 합천군 모델별 보조금,2024,합천군
승합(대형),우진산전,아폴로1200-B29,7000,6000,13000,2024년도 전기자동차 합천군 모델별 보조금,2024,합천군
승합(대형),우진산전,아폴로1200-S29,7000,6000,13000,2024년도 전기자동차 합천군 모델별 보조금,2024,합천군
승합(대형),피라인모터스,HYPERS1609N,5796,4968,10764,2024년도 전기자동차 합천군 모델별 보조금,2024,합천군
승합(대형),피라인모터스,HYPERS1611N,5440,4662,10102,2024년도 전기자동차 합천군 모델별 보조금,2024,합천군
승합(대형),피라인모터스,HYPERS1609HN,5755,4932,10687,2024년도 전기자동차 합천군 모델별 보조금,2024,합천군
승합(대형),피라인모터스,HYPERS1609N(25인승),5794,4966,10760,2024년도 전기자동차 합천군 모델별 보조금,2024,합천군
승합(대형),피라인모터스,HYPERS1609HN(25인승),5755,4932,10687,2024년도 전기자동차 합천군 모델별 보조금,2024,합천군
승합(대형),피라인모터스,HYPERS PRIME,7000,6000,13000,2024년도 전기자동차 합천군 모델별 보조금,2024,합천군
승합(대형),피라인모터스,HYPERS1609P(접이식),7000,6000,13000,2024년도 전기자동차 합천군 모델별 보조금,2024,합천군
승합(대형),피라인모터스,HYPERS1609P(힙레스트),7000,6000,13000,2024년도 전기자동차 합천군 모델별 보조금,2024,합천군
승합(대형),피라인모터스,HYPERS1609P(25인승 접이식),7000,6000,13000,2024년도 전기자동차 합천군 모델별 보조금,2024,합천군
승합(대형),피라인모터스,HYPERS1609P(25인승 힙레스트),7000,6000,13000,2024년도 전기자동차 합천군 모델별 보조금,2024,합천군
승합(대형),피라인모터스,HYPERS1611P(접이식),7000,6000,13000,2024년도 전기자동차 합천군 모델별 보조금,2024,합천군
승합(대형),피라인모터스,HYPERS1611P(힙레스트),7000,6000,13000,2024년도 전기자동차 합천군 모델별 보조금,2024,합천군
승합(대형),피라인모터스,HYPERS HP,7000,6000,13000,2024년도 전기자동차 합천군 모델별 보조금,2024,합천군
승합(대형),범한자동차,E-SKY11(350kWh),1980,1697,3677,2024년도 전기자동차 합천군 모델별 보조금,2024,합천군
승합(대형),범한자동차,E-SKY9(281kWh),1980,1697,3677,2024년도 전기자동차 합천군 모델별 보조금,2024,합천군
승합(대형),범한자동차,E-STAR8 V1,1719,1473,3192,2024년도 전기자동차 합천군 모델별 보조금,2024,합천군
승합(대형),범한자동차,E-STAR11,1980,1697,3677,2024년도 전기자동차 합천군 모델별 보조금,2024,합천군
승합(대형),범한자동차,E-STAR12i,2480,2125,4605,2024년도 전기자동차 합천군 모델별 보조금,2024,합천군
승합(대형),에스에이피,아이즘(IZM),1440,1234,2674,2024년도 전기자동차 합천군 모델별 보조금,2024,합천군
승합(대형),에스에이피,엘페(ELFE),1889,1619,3508,2024년도 전기자동차 합천군 모델별 보조금,2024,합천군
승합(대형),에스에이피,리오네(LIONNE),1440,1234,2674,2024년도 전기자동차 합천군 모델별 보조금,2024,합천군
승합(대형),에스에이피,네오포스(NEOFORCE),1440,1234,2674,2024년도 전기자동차 합천군 모델별 보조금,2024,합천군
승합(대형),GS글로벌,NEW BYD eBus-12,2180,1868,4048,2024년도 전기자동차 합천군 모델별 보조금,2024,합천군
승합(대형),GS글로벌,BYD eBus9,2310,1980,4290,2024년도 전기자동차 합천군 모델별 보조금,2024,합천군
승합(대형),GS글로벌,BYD eBus11,3440,2948,6388,2024년도 전기자동차 합천군 모델별 보조금,2024,합천군
승합(대형),티에스에코에너지,일레누스(TS1100-1),5771,4946,10717,2024년도 전기자동차 합천군 모델별 보조금,2024,합천군
승합(대형),티에스에코에너지,일레누스(TS900-1),6914,5926,12840,2024년도 전기자동차 합천군 모델별 보조금,2024,합천군
승합(대형),이온모터스,시티라이트Ⅱ,2290,1962,4252,2024년도 전기자동차 합천군 모델별 보조금,2024,합천군
승합(대형),이온모터스,시티라이트9,2310,1980,4290,2024년도 전기자동차 합천군 모델별 보조금,2024,합천군
승합(대형),한차,GREENWAY1100A,5950,5100,11050,2024년도 전기자동차 합천군 모델별 보조금,2024,합천군
승합(대형),이엠코리아,에픽시티(LFP),2310,1980,4290,2024년도 전기자동차 합천군 모델별 보조금,2024,합천군
승합(대형),이엠코리아,에픽타운(LFP),2101,1800,3901,2024년도 전기자동차 합천군 모델별 보조금,2024,합천군
승합(대형),태영티엔티,GD11N,7000,6000,13000,2024년도 전기자동차 합천군 모델별 보조금,2024,합천군
승합(대형),재일홀딩스,그린타운400,1539,1319,2858,2024년도 전기자동차 합천군 모델별 보조금,2024,합천군
승합(중형),현대자동차,카운티 일렉트릭,3915,2349,6264,2024년도 전기자동차 제주특별자치도 모델별 보조금,2024,제주특별자치도
승합(중형),현대자동차,카운티 일렉트릭(마을버스),4000,2400,6400,2024년도 전기자동차 제주특별자치도 모델별 보조금,2024,제주특별자치도
승합(중형),이비온,"E6(JL618S), 어린이통학",1127,676,1803,2024년도 전기자동차 제주특별자치도 모델별 보조금,2024,제주특별자치도
승합(중형),GS글로벌,NEW BYD eBus-7,1007,604,1611,2024년도 전기자동차 제주특별자치도 모델별 보조금,2024,제주특별자치도
승합(중형),한차,GREENWAY720,4250,2550,6800,2024년도 전기자동차 제주특별자치도 모델별 보조금,2024,제주특별자치도
승합(중형),테라팩토리,"테라밴키즈(2022), 어린이운송용14명",776,465,1241,2024년도 전기자동차 제주특별자치도 모델별 보조금,2024,제주특별자치도
승합(중형),테라팩토리,"테라밴키즈11(2022), 어린이운송용11명",772,463,1235,2024년도 전기자동차 제주특별자치도 모델별 보조금,2024,제주특별자치도
승합(중형),테라팩토리,테라밴,767,460,1227,2024년도 전기자동차 제주특별자치도 모델별 보조금,2024,제주특별자치도
승합(중형),중원자동차,EV J1,1496,897,2393,2024년도 전기자동차 제주특별자치도 모델별 보조금,2024,제주특별자치도
승합(중형),쏠테로,트라베리-Y540E,1676,1005,2681,2024년도 전기자동차 제주특별자치도 모델별 보조금,2024,제주특별자치도
승합(중형),쏠테로,트라베리-Y550E,1676,1005,2681,2024년도 전기자동차 제주특별자치도 모델별 보조금,2024,제주특별자치도
승합(중형),쏠테로,트라베리-Y560E,1676,1005,2681,2024년도 전기자동차 제주특별자치도 모델별 보조금,2024,제주특별자치도
승합(중형),리텍,e-CENTRO-K,2385,1431,3816,2024년도 전기자동차 제주특별자치도 모델별 보조금,2024,제주특별자치도
승합(중형),에빅오토모티브코리아,세레온(어린이),5000,3000,8000,2024년도 전기자동차 제주특별자치도 모델별 보조금,2024,제주특별자치도
승합(중형),에빅오토모티브코리아,세레온(마을),5000,3000,8000,2024년도 전기자동차 제주특별자치도 모델별 보조금,2024,제주특별자치도
승합(대형),현대자동차,일렉시티 이층버스,11900,4200,16100,2024년도 전기자동차 제주특별자치도 모델별 보조금,2024,제주특별자치도
승합(대형),현대자동차,일렉시티(3PACK),7000,4200,11200,2024년도 전기자동차 제주특별자치도 모델별 보조금,2024,제주특별자치도
승합(대형),현대자동차,일렉시티(4PACK V1),7000,4200,11200,2024년도 전기자동차 제주특별자치도 모델별 보조금,2024,제주특별자치도
승합(대형),현대자동차,일렉시티(4PACK V2),7000,4200,11200,2024년도 전기자동차 제주특별자치도 모델별 보조금,2024,제주특별자치도
승합(대형),현대자동차,일렉시티 타운,6859,4115,10974,2024년도 전기자동차 제주특별자치도 모델별 보조금,2024,제주특별자치도
승합(대형),케이지모빌리티커머셜,SMART 110(272kWh),3850,2310,6160,2024년도 전기자동차 제주특별자치도 모델별 보조금,2024,제주특별자치도
승합(대형),케이지모빌리티커머셜,SMART 110E(347kWh),5950,3570,9520,2024년도 전기자동차 제주특별자치도 모델별 보조금,2024,제주특별자치도
승합(대형),케이지모빌리티커머셜,SMART 110(260kWh),5724,3434,9158,2024년도 전기자동차 제주특별자치도 모델별 보조금,2024,제주특별자치도
승합(대형),케이지모빌리티커머셜,SMART 110E(260kWh),5950,3570,9520,2024년도 전기자동차 제주특별자치도 모델별 보조금,2024,제주특별자치도
승합(대형),케이지모빌리티커머셜,SMART 110(301kWh),7000,4200,11200,2024년도 전기자동차 제주특별자치도 모델별 보조금,2024,제주특별자치도
승합(대형),우진산전,아폴로900전기버스,4719,2831,7550,2024년도 전기자동차 제주특별자치도 모델별 보조금,2024,제주특별자치도
승합(대형),우진산전,아폴로1100전기버스 23MY,7000,4200,11200,2024년도 전기자동차 제주특별자치도 모델별 보조금,2024,제주특별자치도
승합(대형),우진산전,아폴로1200-B43,7000,4200,11200,2024년도 전기자동차 제주특별자치도 모델별 보조금,2024,제주특별자치도
승합(대형),우진산전,아폴로1200-S42,7000,4200,11200,2024년도 전기자동차 제주특별자치도 모델별 보조금,2024,제주특별자치도
승합(대형),우진산전,아폴로1200-B42,7000,4200,11200,2024년도 전기자동차 제주특별자치도 모델별 보조금,2024,제주특별자치도
승합(대형),우진산전,아폴로1200-B29,7000,4200,11200,2024년도 전기자동차 제주특별자치도 모델별 보조금,2024,제주특별자치도
승합(대형),우진산전,아폴로1200-S29,7000,4200,11200,2024년도 전기자동차 제주특별자치도 모델별 보조금,2024,제주특별자치도
승합(대형),우진산전,아폴로900 V2.0,6819,4091,10910,2024년도 전기자동차 제주특별자치도 모델별 보조금,2024,제주특별자치도
승합(대형),우진산전,아폴로1100 양문형,6459,3875,10334,2024년도 전기자동차 제주특별자치도 모델별 보조금,2024,제주특별자치도
승합(대형),우진산전,아폴로1100 V2.0,7000,4200,11200,2024년도 전기자동차 제주특별자치도 모델별 보조금,2024,제주특별자치도
승합(대형),피라인모터스,HYPERS1609N,5796,3477,9273,2024년도 전기자동차 제주특별자치도 모델별 보조금,2024,제주특별자치도
승합(대형),피라인모터스,HYPERS1611N,5440,3264,8704,2024년도 전기자동차 제주특별자치도 모델별 보조금,2024,제주특별자치도
승합(대형),피라인모터스,HYPERS1609HN,5755,3453,9208,2024년도 전기자동차 제주특별자치도 모델별 보조금,2024,제주특별자치도
승합(대형),피라인모터스,HYPERS1609N(25인승),5794,3476,9270,2024년도 전기자동차 제주특별자치도 모델별 보조금,2024,제주특별자치도
승합(대형),피라인모터스,HYPERS1609HN(25인승),5755,3453,9208,2024년도 전기자동차 제주특별자치도 모델별 보조금,2024,제주특별자치도
승합(대형),피라인모터스,HYPERS PRIME,7000,4200,11200,2024년도 전기자동차 제주특별자치도 모델별 보조금,2024,제주특별자치도
승합(대형),피라인모터스,HYPERS1609P(접이식),7000,4200,11200,2024년도 전기자동차 제주특별자치도 모델별 보조금,2024,제주특별자치도
승합(대형),피라인모터스,HYPERS1609P(힙레스트),7000,4200,11200,2024년도 전기자동차 제주특별자치도 모델별 보조금,2024,제주특별자치도
승합(대형),피라인모터스,HYPERS1609P(25인승 접이식),7000,4200,11200,2024년도 전기자동차 제주특별자치도 모델별 보조금,2024,제주특별자치도
승합(대형),피라인모터스,HYPERS1609P(25인승 힙레스트),7000,4200,11200,2024년도 전기자동차 제주특별자치도 모델별 보조금,2024,제주특별자치도
승합(대형),피라인모터스,HYPERS1611P(접이식),7000,4200,11200,2024년도 전기자동차 제주특별자치도 모델별 보조금,2024,제주특별자치도
승합(대형),피라인모터스,HYPERS1611P(힙레스트),7000,4200,11200,2024년도 전기자동차 제주특별자치도 모델별 보조금,2024,제주특별자치도
승합(대형),피라인모터스,HYPERS HP,7000,4200,11200,2024년도 전기자동차 제주특별자치도 모델별 보조금,2024,제주특별자치도
승합(대형),범한자동차,E-SKY11(350kWh),1980,1188,3168,2024년도 전기자동차 제주특별자치도 모델별 보조금,2024,제주특별자치도
승합(대형),범한자동차,E-SKY9(281kWh),1980,1188,3168,2024년도 전기자동차 제주특별자치도 모델별 보조금,2024,제주특별자치도
승합(대형),범한자동차,E-STAR8 V1,1719,1031,2750,2024년도 전기자동차 제주특별자치도 모델별 보조금,2024,제주특별자치도
승합(대형),범한자동차,E-STAR11,1980,1188,3168,2024년도 전기자동차 제주특별자치도 모델별 보조금,2024,제주특별자치도
승합(대형),범한자동차,E-STAR12i,2480,1487,3967,2024년도 전기자동차 제주특별자치도 모델별 보조금,2024,제주특별자치도
승합(대형),에스에이피,아이즘(IZM),1440,864,2304,2024년도 전기자동차 제주특별자치도 모델별 보조금,2024,제주특별자치도
승합(대형),에스에이피,엘페(ELFE),1889,1133,3022,2024년도 전기자동차 제주특별자치도 모델별 보조금,2024,제주특별자치도
승합(대형),에스에이피,리오네(LIONNE),1440,864,2304,2024년도 전기자동차 제주특별자치도 모델별 보조금,2024,제주특별자치도
승합(대형),에스에이피,네오포스(NEOFORCE),1440,864,2304,2024년도 전기자동차 제주특별자치도 모델별 보조금,2024,제주특별자치도
승합(대형),GS글로벌,NEW BYD eBus-12,2180,1308,3488,2024년도 전기자동차 제주특별자치도 모델별 보조금,2024,제주특별자치도
승합(대형),GS글로벌,BYD eBus9,2310,1386,3696,2024년도 전기자동차 제주특별자치도 모델별 보조금,2024,제주특별자치도
승합(대형),GS글로벌,BYD eBus11,3440,2064,5504,2024년도 전기자동차 제주특별자치도 모델별 보조금,2024,제주특별자치도
승합(대형),티에스에코에너지,일레누스(TS1100-1),5771,3462,9233,2024년도 전기자동차 제주특별자치도 모델별 보조금,2024,제주특별자치도
승합(대형),티에스에코에너지,일레누스(TS900-1),6914,4148,11062,2024년도 전기자동차 제주특별자치도 모델별 보조금,2024,제주특별자치도
승합(대형),이온모터스,시티라이트Ⅱ,2290,1374,3664,2024년도 전기자동차 제주특별자치도 모델별 보조금,2024,제주특별자치도
승합(대형),이온모터스,시티라이트9,2310,1386,3696,2024년도 전기자동차 제주특별자치도 모델별 보조금,2024,제주특별자치도
승합(대형),한차,GREENWAY1100A,5950,3570,9520,2024년도 전기자동차 제주특별자치도 모델별 보조금,2024,제주특별자치도
승합(대형),이엠코리아,에픽시티(LFP),2310,1386,3696,2024년도 전기자동차 제주특별자치도 모델별 보조금,2024,제주특별자치도
승합(대형),이엠코리아,에픽타운(LFP),2101,1260,3361,2024년도 전기자동차 제주특별자치도 모델별 보조금,2024,제주특별자치도
승합(대형),태영티엔티,GD11N,7000,4200,11200,2024년도 전기자동차 제주특별자치도 모델별 보조금,2024,제주특별자치도
승합(대형),재일홀딩스,그린타운400,1539,923,2462,2024년도 전기자동차 제주특별자치도 모델별 보조금,2024,제주특별자치도
승합(대형),아이버스,아이버스어린이운송차,5950,3570,9520,2024년도 전기자동차 제주특별자치도 모델별 보조금,2024,제주특별자치도
모델별 지방비 자료가 없습니다.,모델별 지방비 자료가 없습니다.,모델별 지방비 자료가 없습니다.,모델별 지방비 자료가 없습니다.,모델별 지방비 자료가 없습니다.,모델별 지방비 자료가 없습니다.,2024년도 전기자동차 한국환경공단 모델별 보조금,2024,한국환경공단
승합(중형),현대자동차,카운티 일렉트릭,3915,1566,5481,2024년도 전기자동차 서울특별시 모델별 보조금,2024,서울특별시
승합(중형),현대자동차,카운티 일렉트릭(마을버스),4000,1600,5600,2024년도 전기자동차 서울특별시 모델별 보조금,2024,서울특별시
승합(중형),이비온,"E6(JL618S), 어린이통학",1127,450,1577,2024년도 전기자동차 서울특별시 모델별 보조금,2024,서울특별시
승합(중형),GS글로벌,NEW BYD eBus-7,1007,402,1409,2024년도 전기자동차 서울특별시 모델별 보조금,2024,서울특별시
승합(중형),한차,GREENWAY720,4250,1700,5950,2024년도 전기자동차 서울특별시 모델별 보조금,2024,서울특별시
승합(중형),테라팩토리,"테라밴키즈(2022), 어린이운송용14명",776,310,1086,2024년도 전기자동차 서울특별시 모델별 보조금,2024,서울특별시
승합(중형),테라팩토리,"테라밴키즈11(2022), 어린이운송용11명",772,308,1080,2024년도 전기자동차 서울특별시 모델별 보조금,2024,서울특별시
승합(중형),테라팩토리,테라밴,767,306,1073,2024년도 전기자동차 서울특별시 모델별 보조금,2024,서울특별시
승합(중형),중원자동차,EV J1,1496,598,2094,2024년도 전기자동차 서울특별시 모델별 보조금,2024,서울특별시
승합(중형),쏠테로,트라베리-Y540E,1676,670,2346,2024년도 전기자동차 서울특별시 모델별 보조금,2024,서울특별시
승합(중형),쏠테로,트라베리-Y550E,1676,670,2346,2024년도 전기자동차 서울특별시 모델별 보조금,2024,서울특별시
승합(중형),쏠테로,트라베리-Y560E,1676,670,2346,2024년도 전기자동차 서울특별시 모델별 보조금,2024,서울특별시
승합(중형),리텍,e-CENTRO-K,2385,954,3339,2024년도 전기자동차 서울특별시 모델별 보조금,2024,서울특별시
승합(중형),에빅오토모티브코리아,세레온(어린이),5000,2000,7000,2024년도 전기자동차 서울특별시 모델별 보조금,2024,서울특별시
승합(중형),에빅오토모티브코리아,세레온(마을),5000,2000,7000,2024년도 전기자동차 서울특별시 모델별 보조금,2024,서울특별시
승합(대형),현대자동차,일렉시티 이층버스,11900,5100,17000,2024년도 전기자동차 서울특별시 모델별 보조금,2024,서울특별시
승합(대형),현대자동차,일렉시티(3PACK),7000,3000,10000,2024년도 전기자동차 서울특별시 모델별 보조금,2024,서울특별시
승합(대형),현대자동차,일렉시티(4PACK V1),7000,3000,10000,2024년도 전기자동차 서울특별시 모델별 보조금,2024,서울특별시
승합(대형),현대자동차,일렉시티(4PACK V2),7000,3000,10000,2024년도 전기자동차 서울특별시 모델별 보조금,2024,서울특별시
승합(대형),현대자동차,일렉시티 타운,6859,2939,9798,2024년도 전기자동차 서울특별시 모델별 보조금,2024,서울특별시
승합(대형),케이지모빌리티커머셜,SMART 110(272kWh),3850,1650,5500,2024년도 전기자동차 서울특별시 모델별 보조금,2024,서울특별시
승합(대형),케이지모빌리티커머셜,SMART 110E(347kWh),5950,2550,8500,2024년도 전기자동차 서울특별시 모델별 보조금,2024,서울특별시
승합(대형),케이지모빌리티커머셜,SMART 110(260kWh),5724,2453,8177,2024년도 전기자동차 서울특별시 모델별 보조금,2024,서울특별시
승합(대형),케이지모빌리티커머셜,SMART 110E(260kWh),5950,2550,8500,2024년도 전기자동차 서울특별시 모델별 보조금,2024,서울특별시
승합(대형),케이지모빌리티커머셜,SMART 110(301kWh),7000,3000,10000,2024년도 전기자동차 서울특별시 모델별 보조금,2024,서울특별시
승합(대형),케이지모빌리티커머셜,KG C090,6916,2964,9880,2024년도 전기자동차 서울특별시 모델별 보조금,2024,서울특별시
승합(대형),우진산전,아폴로900전기버스,4719,2022,6741,2024년도 전기자동차 서울특별시 모델별 보조금,2024,서울특별시
승합(대형),우진산전,아폴로1100전기버스 23MY,7000,3000,10000,2024년도 전기자동차 서울특별시 모델별 보조금,2024,서울특별시
승합(대형),우진산전,아폴로1200-B43,7000,3000,10000,2024년도 전기자동차 서울특별시 모델별 보조금,2024,서울특별시
승합(대형),우진산전,아폴로1200-S42,7000,3000,10000,2024년도 전기자동차 서울특별시 모델별 보조금,2024,서울특별시
승합(대형),우진산전,아폴로1200-B42,7000,3000,10000,2024년도 전기자동차 서울특별시 모델별 보조금,2024,서울특별시
승합(대형),우진산전,아폴로1200-B29,7000,3000,10000,2024년도 전기자동차 서울특별시 모델별 보조금,2024,서울특별시
승합(대형),우진산전,아폴로1200-S29,7000,3000,10000,2024년도 전기자동차 서울특별시 모델별 보조금,2024,서울특별시
승합(대형),우진산전,아폴로900 V2.0,6819,2922,9741,2024년도 전기자동차 서울특별시 모델별 보조금,2024,서울특별시
승합(대형),우진산전,아폴로1100 양문형,6459,2768,9227,2024년도 전기자동차 서울특별시 모델별 보조금,2024,서울특별시
승합(대형),우진산전,아폴로1100 V2.0,7000,3000,10000,2024년도 전기자동차 서울특별시 모델별 보조금,2024,서울특별시
승합(대형),피라인모터스,HYPERS1609N,5796,2484,8280,2024년도 전기자동차 서울특별시 모델별 보조금,2024,서울특별시
승합(대형),피라인모터스,HYPERS1611N,5440,2331,7771,2024년도 전기자동차 서울특별시 모델별 보조금,2024,서울특별시
승합(대형),피라인모터스,HYPERS1609HN,5755,2466,8221,2024년도 전기자동차 서울특별시 모델별 보조금,2024,서울특별시
승합(대형),피라인모터스,HYPERS1609N(25인승),5794,2483,8277,2024년도 전기자동차 서울특별시 모델별 보조금,2024,서울특별시
승합(대형),피라인모터스,HYPERS1609HN(25인승),5755,2466,8221,2024년도 전기자동차 서울특별시 모델별 보조금,2024,서울특별시
승합(대형),피라인모터스,HYPERS PRIME,7000,3000,10000,2024년도 전기자동차 서울특별시 모델별 보조금,2024,서울특별시
승합(대형),피라인모터스,HYPERS1609P(접이식),7000,3000,10000,2024년도 전기자동차 서울특별시 모델별 보조금,2024,서울특별시
승합(대형),피라인모터스,HYPERS1609P(힙레스트),7000,3000,10000,2024년도 전기자동차 서울특별시 모델별 보조금,2024,서울특별시
승합(대형),피라인모터스,HYPERS1609P(25인승 접이식),7000,3000,10000,2024년도 전기자동차 서울특별시 모델별 보조금,2024,서울특별시
승합(대형),피라인모터스,HYPERS1609P(25인승 힙레스트),7000,3000,10000,2024년도 전기자동차 서울특별시 모델별 보조금,2024,서울특별시
승합(대형),피라인모터스,HYPERS1611P(접이식),7000,3000,10000,2024년도 전기자동차 서울특별시 모델별 보조금,2024,서울특별시
승합(대형),피라인모터스,HYPERS1611P(힙레스트),7000,3000,10000,2024년도 전기자동차 서울특별시 모델별 보조금,2024,서울특별시
승합(대형),피라인모터스,HYPERS HP,7000,3000,10000,2024년도 전기자동차 서울특별시 모델별 보조금,2024,서울특별시
승합(대형),범한자동차,E-SKY11(350kWh),1980,848,2828,2024년도 전기자동차 서울특별시 모델별 보조금,2024,서울특별시
승합(대형),범한자동차,E-SKY9(281kWh),1980,848,2828,2024년도 전기자동차 서울특별시 모델별 보조금,2024,서울특별시
승합(대형),범한자동차,E-STAR8 V1,1719,736,2455,2024년도 전기자동차 서울특별시 모델별 보조금,2024,서울특별시
승합(대형),범한자동차,E-STAR11,1980,848,2828,2024년도 전기자동차 서울특별시 모델별 보조금,2024,서울특별시
승합(대형),범한자동차,E-STAR12i,2480,1062,3542,2024년도 전기자동차 서울특별시 모델별 보조금,2024,서울특별시
승합(대형),에스에이피,아이즘(IZM),1440,617,2057,2024년도 전기자동차 서울특별시 모델별 보조금,2024,서울특별시
승합(대형),에스에이피,엘페(ELFE),1889,809,2698,2024년도 전기자동차 서울특별시 모델별 보조금,2024,서울특별시
승합(대형),에스에이피,리오네(LIONNE),1440,617,2057,2024년도 전기자동차 서울특별시 모델별 보조금,2024,서울특별시
승합(대형),에스에이피,네오포스(NEOFORCE),1440,617,2057,2024년도 전기자동차 서울특별시 모델별 보조금,2024,서울특별시
승합(대형),GS글로벌,NEW BYD eBus-12,2180,934,3114,2024년도 전기자동차 서울특별시 모델별 보조금,2024,서울특별시
승합(대형),GS글로벌,BYD eBus9,2310,990,3300,2024년도 전기자동차 서울특별시 모델별 보조금,2024,서울특별시
승합(대형),GS글로벌,BYD eBus11,3440,1474,4914,2024년도 전기자동차 서울특별시 모델별 보조금,2024,서울특별시
승합(대형),티에스에코에너지,일레누스(TS1100-1),5771,2473,8244,2024년도 전기자동차 서울특별시 모델별 보조금,2024,서울특별시
승합(대형),티에스에코에너지,일레누스(TS900-1),6914,2963,9877,2024년도 전기자동차 서울특별시 모델별 보조금,2024,서울특별시
승합(대형),이온모터스,시티라이트Ⅱ,2290,981,3271,2024년도 전기자동차 서울특별시 모델별 보조금,2024,서울특별시
승합(대형),이온모터스,시티라이트9,2310,990,3300,2024년도 전기자동차 서울특별시 모델별 보조금,2024,서울특별시
승합(대형),한차,GREENWAY1100A,5950,2550,8500,2024년도 전기자동차 서울특별시 모델별 보조금,2024,서울특별시
승합(대형),이엠코리아,에픽시티(LFP),2310,990,3300,2024년도 전기자동차 서울특별시 모델별 보조금,2024,서울특별시
승합(대형),이엠코리아,에픽타운(LFP),2101,900,3001,2024년도 전기자동차 서울특별시 모델별 보조금,2024,서울특별시
승합(대형),이엠코리아,에픽시티(NCM),7000,3000,10000,2024년도 전기자동차 서울특별시 모델별 보조금,2024,서울특별시
승합(대형),이엠코리아,에픽타운(NCM),6439,2759,9198,2024년도 전기자동차 서울특별시 모델별 보조금,2024,서울특별시
승합(대형),태영티엔티,GD11N,7000,3000,10000,2024년도 전기자동차 서울특별시 모델별 보조금,2024,서울특별시
승합(대형),재일홀딩스,그린타운400,1539,659,2198,2024년도 전기자동차 서울특별시 모델별 보조금,2024,서울특별시
승합(대형),아이버스,아이버스어린이운송차,5950,2550,8500,2024년도 전기자동차 서울특별시 모델별 보조금,2024,서울특별시
