차종,제조사,모델명,국비 (만원),지방비 (만원),보조금 (만원),text,연도,행정구역
화물(초소형),마스타전기차,MASTA VAN,400,150.0,550.0,2024년도 전기자동차 부산광역시 모델별 보조금,2024,부산광역시
화물(초소형),마스타전기차,MASTA HIM,400,150.0,550.0,2024년도 전기자동차 부산광역시 모델별 보조금,2024,부산광역시
화물(초소형),디피코,포트로-탑,400,150.0,550.0,2024년도 전기자동차 부산광역시 모델별 보조금,2024,부산광역시
화물(초소형),디피코,포트로-픽업,400,150.0,550.0,2024년도 전기자동차 부산광역시 모델별 보조금,2024,부산광역시
화물(초소형),디피코,포트로-탑S,400,150.0,550.0,2024년도 전기자동차 부산광역시 모델별 보조금,2024,부산광역시
화물(초소형),디피코,포트로-픽업S,400,150.0,550.0,2024년도 전기자동차 부산광역시 모델별 보조금,2024,부산광역시
화물(초소형),마이브,베프,400,150.0,550.0,2024년도 전기자동차 부산광역시 모델별 보조금,2024,부산광역시
화물(경형),디피코,포트로350L-탑,788,246.0,1034.0,2024년도 전기자동차 부산광역시 모델별 보조금,2024,부산광역시
화물(경형),디피코,포트로350L-픽업,788,246.0,1034.0,2024년도 전기자동차 부산광역시 모델별 보조금,2024,부산광역시
화물(소형),파워프라자,봉고3ev PEACE,554,176.0,730.0,2024년도 전기자동차 부산광역시 모델별 보조금,2024,부산광역시
화물(소형),파워프라자,봉고3ev PEACE 더블캡,481,153.0,634.0,2024년도 전기자동차 부산광역시 모델별 보조금,2024,부산광역시
화물(소형),현대자동차,포터Ⅱ 일렉트릭(23MY),1090,384.0,1474.0,2024년도 전기자동차 부산광역시 모델별 보조금,2024,부산광역시
화물(소형),현대자동차,포터Ⅱ 일렉트릭(24MY),1090,384.0,1474.0,2024년도 전기자동차 부산광역시 모델별 보조금,2024,부산광역시
화물(소형),현대자동차,ST1 기본형 카고 17인치,1100,400.0,1500.0,2024년도 전기자동차 부산광역시 모델별 보조금,2024,부산광역시
화물(소형),현대자동차,ST1 기본형 카고 냉동 17인치,1450,400.0,1850.0,2024년도 전기자동차 부산광역시 모델별 보조금,2024,부산광역시
화물(소형),현대자동차,ST1 기본형 하이탑 17인치,1100,400.0,1500.0,2024년도 전기자동차 부산광역시 모델별 보조금,2024,부산광역시
화물(소형),기아,봉고 전기차,1130,334.0,1464.0,2024년도 전기자동차 부산광역시 모델별 보조금,2024,부산광역시
화물(소형),기아,봉고 전기차 냉동탑차,1330,350.0,1680.0,2024년도 전기자동차 부산광역시 모델별 보조금,2024,부산광역시
화물(소형),기아,봉고 전기차 저상형 냉동탑차,1330,350.0,1680.0,2024년도 전기자동차 부산광역시 모델별 보조금,2024,부산광역시
화물(소형),일진정공,일진무시동전기냉동탑차(149.9km),916,291.0,1207.0,2024년도 전기자동차 부산광역시 모델별 보조금,2024,부산광역시
화물(소형),일진정공,일진무시동전기냉동탑차(186.1km),1169,350.0,1519.0,2024년도 전기자동차 부산광역시 모델별 보조금,2024,부산광역시
화물(소형),일진정공,일진무시동전기냉동탑차(봉고),1379,400.0,1779.0,2024년도 전기자동차 부산광역시 모델별 보조금,2024,부산광역시
화물(소형),일진정공,일진무시동전기냉동탑차(포터),1363,400.0,1763.0,2024년도 전기자동차 부산광역시 모델별 보조금,2024,부산광역시
화물(소형),루트17,다니고C(0.8톤 전기트럭),1068,360.0,1428.0,2024년도 전기자동차 부산광역시 모델별 보조금,2024,부산광역시
화물(소형),루트17,다니고C2(0.8톤 전기트럭),268,85.0,353.0,2024년도 전기자동차 부산광역시 모델별 보조금,2024,부산광역시
화물(소형),루트17,다니고R(전기냉동탑차),1224,350.0,1574.0,2024년도 전기자동차 부산광역시 모델별 보조금,2024,부산광역시
화물(소형),루트17,다니고R2(무시동 전기냉동탑차),1123,335.0,1458.0,2024년도 전기자동차 부산광역시 모델별 보조금,2024,부산광역시
화물(소형),루트17,e-TOVI,464,197.0,661.0,2024년도 전기자동차 부산광역시 모델별 보조금,2024,부산광역시
화물(소형),이브이케이엠씨,MASADA 픽업,295,143.0,438.0,2024년도 전기자동차 부산광역시 모델별 보조금,2024,부산광역시
화물(소형),이브이케이엠씨,MASADA 3세대 2밴,274,87.0,361.0,2024년도 전기자동차 부산광역시 모델별 보조금,2024,부산광역시
화물(소형),이브이케이엠씨,MASADA 3세대 4밴,246,78.0,324.0,2024년도 전기자동차 부산광역시 모델별 보조금,2024,부산광역시
화물(소형),이브이케이엠씨,MASADA 2밴,299,145.0,444.0,2024년도 전기자동차 부산광역시 모델별 보조금,2024,부산광역시
화물(소형),이브이케이엠씨,MASADA 4밴,269,135.0,404.0,2024년도 전기자동차 부산광역시 모델별 보조금,2024,부산광역시
화물(소형),이브이케이엠씨,EC35 2밴,194,61.0,255.0,2024년도 전기자동차 부산광역시 모델별 보조금,2024,부산광역시
화물(소형),제이스모빌리티,이티밴,405,128.0,533.0,2024년도 전기자동차 부산광역시 모델별 보조금,2024,부산광역시
화물(소형),제이스모빌리티,이티4밴,364,115.0,479.0,2024년도 전기자동차 부산광역시 모델별 보조금,2024,부산광역시
화물(소형),제이스모빌리티,이티밴 미니 2인승,412,181.0,593.0,2024년도 전기자동차 부산광역시 모델별 보조금,2024,부산광역시
화물(소형),제이스모빌리티,이티밴 미니 4인승,412,181.0,593.0,2024년도 전기자동차 부산광역시 모델별 보조금,2024,부산광역시
화물(소형),제이스모빌리티,이티밴 프로 2인승,412,181.0,593.0,2024년도 전기자동차 부산광역시 모델별 보조금,2024,부산광역시
화물(소형),제이스모빌리티,이티밴 프로 4인승,412,181.0,593.0,2024년도 전기자동차 부산광역시 모델별 보조금,2024,부산광역시
화물(소형),오텍,오텍 무시동 전기 냉동탑차(봉고),1118,350.0,1468.0,2024년도 전기자동차 부산광역시 모델별 보조금,2024,부산광역시
화물(소형),이엔플러스,이엔1톤롱바디카고,850,270.0,1120.0,2024년도 전기자동차 부산광역시 모델별 보조금,2024,부산광역시
화물(소형),이엔플러스,이엔플러스EV1톤롱바디트럭,895,284.0,1179.0,2024년도 전기자동차 부산광역시 모델별 보조금,2024,부산광역시
화물(소형),GS글로벌,T4K,462,197.0,659.0,2024년도 전기자동차 부산광역시 모델별 보조금,2024,부산광역시
화물(소형),GS글로벌,T4K 냉동탑차,711,276.0,987.0,2024년도 전기자동차 부산광역시 모델별 보조금,2024,부산광역시
화물(소형),에스에스라이트,젤라,336,106.0,442.0,2024년도 전기자동차 부산광역시 모델별 보조금,2024,부산광역시
화물(소형),에스에스라이트,젤라 P200,478,152.0,630.0,2024년도 전기자동차 부산광역시 모델별 보조금,2024,부산광역시
화물(소형),한국쓰리축,한국쓰리축1톤롱바디EV트럭(봉고),837,266.0,1103.0,2024년도 전기자동차 부산광역시 모델별 보조금,2024,부산광역시
화물(소형),한국쓰리축,한국쓰리축1톤롱바디EV트럭(포터),855,272.0,1127.0,2024년도 전기자동차 부산광역시 모델별 보조금,2024,부산광역시
화물(소형),모빌리티네트웍스,SE-A2밴,333,155.0,488.0,2024년도 전기자동차 부산광역시 모델별 보조금,2024,부산광역시
화물(소형),피닉스코리아,썬라이즈-T01,412,181.0,593.0,2024년도 전기자동차 부산광역시 모델별 보조금,2024,부산광역시
화물(소형),케이지모빌리티,토레스 EVX VAN 20인치,392,201.0,593.0,2024년도 전기자동차 부산광역시 모델별 보조금,2024,부산광역시
화물(소형),케이지모빌리티,토레스 EVX VAN 18인치,394,202.0,596.0,2024년도 전기자동차 부산광역시 모델별 보조금,2024,부산광역시
화물(소형),한국상용트럭,한국상용1톤롱바디EV카고트럭,818,260.0,1078.0,2024년도 전기자동차 부산광역시 모델별 보조금,2024,부산광역시
화물(소형),한국상용트럭,한국상용0.9톤롱바디EV내장탑트럭,593,188.0,781.0,2024년도 전기자동차 부산광역시 모델별 보조금,2024,부산광역시
화물(소형),센트로에이케이,E-CV1,282,89.0,371.0,2024년도 전기자동차 부산광역시 모델별 보조금,2024,부산광역시
화물(소형),파츠몰에이투지,SW40,412,181.0,593.0,2024년도 전기자동차 부산광역시 모델별 보조금,2024,부산광역시
화물(소형),이브이앤솔루션,STEGO-Z,540,171.0,711.0,2024년도 전기자동차 부산광역시 모델별 보조금,2024,부산광역시
화물(초소형),마스타전기차,MASTA VAN,400,190.0,590.0,2024년도 전기자동차 대구광역시 모델별 보조금,2024,대구광역시
화물(초소형),마스타전기차,MASTA HIM,400,190.0,590.0,2024년도 전기자동차 대구광역시 모델별 보조금,2024,대구광역시
화물(초소형),디피코,포트로-탑,400,190.0,590.0,2024년도 전기자동차 대구광역시 모델별 보조금,2024,대구광역시
화물(초소형),디피코,포트로-픽업,400,190.0,590.0,2024년도 전기자동차 대구광역시 모델별 보조금,2024,대구광역시
화물(초소형),디피코,포트로-탑S,400,190.0,590.0,2024년도 전기자동차 대구광역시 모델별 보조금,2024,대구광역시
화물(초소형),디피코,포트로-픽업S,400,190.0,590.0,2024년도 전기자동차 대구광역시 모델별 보조금,2024,대구광역시
화물(초소형),마이브,베프,400,190.0,590.0,2024년도 전기자동차 대구광역시 모델별 보조금,2024,대구광역시
화물(경형),디피코,포트로350L-탑,788,315.0,1103.0,2024년도 전기자동차 대구광역시 모델별 보조금,2024,대구광역시
화물(경형),디피코,포트로350L-픽업,788,315.0,1103.0,2024년도 전기자동차 대구광역시 모델별 보조금,2024,대구광역시
화물(소형),파워프라자,봉고3ev PEACE,554,176.0,730.0,2024년도 전기자동차 대구광역시 모델별 보조금,2024,대구광역시
화물(소형),파워프라자,봉고3ev PEACE 더블캡,481,153.0,634.0,2024년도 전기자동차 대구광역시 모델별 보조금,2024,대구광역시
화물(소형),현대자동차,포터Ⅱ 일렉트릭(23MY),1090,384.0,1474.0,2024년도 전기자동차 대구광역시 모델별 보조금,2024,대구광역시
화물(소형),현대자동차,포터Ⅱ 일렉트릭(24MY),1090,384.0,1474.0,2024년도 전기자동차 대구광역시 모델별 보조금,2024,대구광역시
화물(소형),현대자동차,ST1 기본형 카고 17인치,1100,400.0,1500.0,2024년도 전기자동차 대구광역시 모델별 보조금,2024,대구광역시
화물(소형),현대자동차,ST1 기본형 카고 냉동 17인치,1450,511.0,1961.0,2024년도 전기자동차 대구광역시 모델별 보조금,2024,대구광역시
화물(소형),현대자동차,ST1 기본형 하이탑 17인치,1100,400.0,1500.0,2024년도 전기자동차 대구광역시 모델별 보조금,2024,대구광역시
화물(소형),기아,봉고 전기차,1130,334.0,1464.0,2024년도 전기자동차 대구광역시 모델별 보조금,2024,대구광역시
화물(소형),기아,봉고 전기차 냉동탑차,1330,401.0,1731.0,2024년도 전기자동차 대구광역시 모델별 보조금,2024,대구광역시
화물(소형),기아,봉고 전기차 저상형 냉동탑차,1330,401.0,1731.0,2024년도 전기자동차 대구광역시 모델별 보조금,2024,대구광역시
화물(소형),일진정공,일진무시동전기냉동탑차(149.9km),916,291.0,1207.0,2024년도 전기자동차 대구광역시 모델별 보조금,2024,대구광역시
화물(소형),일진정공,일진무시동전기냉동탑차(186.1km),1169,371.0,1540.0,2024년도 전기자동차 대구광역시 모델별 보조금,2024,대구광역시
화물(소형),일진정공,일진무시동전기냉동탑차(봉고),1379,415.0,1794.0,2024년도 전기자동차 대구광역시 모델별 보조금,2024,대구광역시
화물(소형),일진정공,일진무시동전기냉동탑차(포터),1363,410.0,1773.0,2024년도 전기자동차 대구광역시 모델별 보조금,2024,대구광역시
화물(소형),루트17,다니고C(0.8톤 전기트럭),1068,360.0,1428.0,2024년도 전기자동차 대구광역시 모델별 보조금,2024,대구광역시
화물(소형),루트17,다니고C2(0.8톤 전기트럭),268,85.0,353.0,2024년도 전기자동차 대구광역시 모델별 보조금,2024,대구광역시
화물(소형),루트17,다니고R(전기냉동탑차),1224,364.0,1588.0,2024년도 전기자동차 대구광역시 모델별 보조금,2024,대구광역시
화물(소형),루트17,다니고R2(무시동 전기냉동탑차),1123,335.0,1458.0,2024년도 전기자동차 대구광역시 모델별 보조금,2024,대구광역시
화물(소형),루트17,e-TOVI,464,197.0,661.0,2024년도 전기자동차 대구광역시 모델별 보조금,2024,대구광역시
화물(소형),이브이케이엠씨,MASADA 픽업,295,143.0,438.0,2024년도 전기자동차 대구광역시 모델별 보조금,2024,대구광역시
화물(소형),이브이케이엠씨,MASADA 3세대 2밴,274,137.0,411.0,2024년도 전기자동차 대구광역시 모델별 보조금,2024,대구광역시
화물(소형),이브이케이엠씨,MASADA 3세대 4밴,246,128.0,374.0,2024년도 전기자동차 대구광역시 모델별 보조금,2024,대구광역시
화물(소형),이브이케이엠씨,MASADA 2밴,299,145.0,444.0,2024년도 전기자동차 대구광역시 모델별 보조금,2024,대구광역시
화물(소형),이브이케이엠씨,MASADA 4밴,269,135.0,404.0,2024년도 전기자동차 대구광역시 모델별 보조금,2024,대구광역시
화물(소형),이브이케이엠씨,EC35 2밴,194,61.0,255.0,2024년도 전기자동차 대구광역시 모델별 보조금,2024,대구광역시
화물(소형),제이스모빌리티,이티밴,405,128.0,533.0,2024년도 전기자동차 대구광역시 모델별 보조금,2024,대구광역시
화물(소형),제이스모빌리티,이티4밴,364,115.0,479.0,2024년도 전기자동차 대구광역시 모델별 보조금,2024,대구광역시
화물(소형),제이스모빌리티,이티밴 미니 2인승,412,181.0,593.0,2024년도 전기자동차 대구광역시 모델별 보조금,2024,대구광역시
화물(소형),제이스모빌리티,이티밴 미니 4인승,412,181.0,593.0,2024년도 전기자동차 대구광역시 모델별 보조금,2024,대구광역시
화물(소형),제이스모빌리티,이티밴 프로 2인승,412,181.0,593.0,2024년도 전기자동차 대구광역시 모델별 보조금,2024,대구광역시
화물(소형),제이스모빌리티,이티밴 프로 4인승,412,181.0,593.0,2024년도 전기자동차 대구광역시 모델별 보조금,2024,대구광역시
화물(소형),오텍,오텍 무시동 전기 냉동탑차(봉고),1118,355.0,1473.0,2024년도 전기자동차 대구광역시 모델별 보조금,2024,대구광역시
화물(소형),이엔플러스,이엔1톤롱바디카고,850,270.0,1120.0,2024년도 전기자동차 대구광역시 모델별 보조금,2024,대구광역시
화물(소형),이엔플러스,이엔플러스EV1톤롱바디트럭,895,284.0,1179.0,2024년도 전기자동차 대구광역시 모델별 보조금,2024,대구광역시
화물(소형),GS글로벌,T4K,462,197.0,659.0,2024년도 전기자동차 대구광역시 모델별 보조금,2024,대구광역시
화물(소형),GS글로벌,T4K 냉동탑차,711,276.0,987.0,2024년도 전기자동차 대구광역시 모델별 보조금,2024,대구광역시
화물(소형),에스에스라이트,젤라,336,106.0,442.0,2024년도 전기자동차 대구광역시 모델별 보조금,2024,대구광역시
화물(소형),에스에스라이트,젤라 P200,478,152.0,630.0,2024년도 전기자동차 대구광역시 모델별 보조금,2024,대구광역시
화물(소형),한국쓰리축,한국쓰리축1톤롱바디EV트럭(봉고),837,266.0,1103.0,2024년도 전기자동차 대구광역시 모델별 보조금,2024,대구광역시
화물(소형),한국쓰리축,한국쓰리축1톤롱바디EV트럭(포터),855,272.0,1127.0,2024년도 전기자동차 대구광역시 모델별 보조금,2024,대구광역시
화물(소형),모빌리티네트웍스,SE-A2밴,333,155.0,488.0,2024년도 전기자동차 대구광역시 모델별 보조금,2024,대구광역시
화물(소형),피닉스코리아,썬라이즈-T01,412,131.0,543.0,2024년도 전기자동차 대구광역시 모델별 보조금,2024,대구광역시
화물(소형),케이지모빌리티,토레스 EVX VAN 20인치,392,180.0,572.0,2024년도 전기자동차 대구광역시 모델별 보조금,2024,대구광역시
화물(소형),케이지모빌리티,토레스 EVX VAN 18인치,394,181.0,575.0,2024년도 전기자동차 대구광역시 모델별 보조금,2024,대구광역시
화물(소형),한국상용트럭,한국상용1톤롱바디EV카고트럭,818,260.0,1078.0,2024년도 전기자동차 대구광역시 모델별 보조금,2024,대구광역시
화물(소형),한국상용트럭,한국상용0.9톤롱바디EV내장탑트럭,593,188.0,781.0,2024년도 전기자동차 대구광역시 모델별 보조금,2024,대구광역시
화물(소형),센트로에이케이,E-CV1,282,89.0,371.0,2024년도 전기자동차 대구광역시 모델별 보조금,2024,대구광역시
화물(소형),파츠몰에이투지,SW40,412,181.0,593.0,2024년도 전기자동차 대구광역시 모델별 보조금,2024,대구광역시
화물(소형),이브이앤솔루션,STEGO-Z,540,171.0,711.0,2024년도 전기자동차 대구광역시 모델별 보조금,2024,대구광역시
화물(초소형),마스타전기차,MASTA VAN,400,203.0,603.0,2024년도 전기자동차 인천광역시 모델별 보조금,2024,인천광역시
화물(초소형),마스타전기차,MASTA HIM,400,203.0,603.0,2024년도 전기자동차 인천광역시 모델별 보조금,2024,인천광역시
화물(초소형),디피코,포트로-탑,400,203.0,603.0,2024년도 전기자동차 인천광역시 모델별 보조금,2024,인천광역시
화물(초소형),디피코,포트로-픽업,400,203.0,603.0,2024년도 전기자동차 인천광역시 모델별 보조금,2024,인천광역시
화물(초소형),디피코,포트로-탑S,400,203.0,603.0,2024년도 전기자동차 인천광역시 모델별 보조금,2024,인천광역시
화물(초소형),디피코,포트로-픽업S,400,203.0,603.0,2024년도 전기자동차 인천광역시 모델별 보조금,2024,인천광역시
화물(초소형),마이브,베프,400,203.0,603.0,2024년도 전기자동차 인천광역시 모델별 보조금,2024,인천광역시
화물(경형),디피코,포트로350L-탑,788,291.0,1079.0,2024년도 전기자동차 인천광역시 모델별 보조금,2024,인천광역시
화물(경형),디피코,포트로350L-픽업,788,291.0,1079.0,2024년도 전기자동차 인천광역시 모델별 보조금,2024,인천광역시
화물(소형),파워프라자,봉고3ev PEACE,554,282.0,836.0,2024년도 전기자동차 인천광역시 모델별 보조금,2024,인천광역시
화물(소형),파워프라자,봉고3ev PEACE 더블캡,481,244.0,725.0,2024년도 전기자동차 인천광역시 모델별 보조금,2024,인천광역시
화물(소형),현대자동차,포터Ⅱ 일렉트릭(23MY),1090,534.0,1624.0,2024년도 전기자동차 인천광역시 모델별 보조금,2024,인천광역시
화물(소형),현대자동차,포터Ⅱ 일렉트릭(24MY),1090,534.0,1624.0,2024년도 전기자동차 인천광역시 모델별 보조금,2024,인천광역시
화물(소형),현대자동차,ST1 기본형 카고 17인치,1100,560.0,1660.0,2024년도 전기자동차 인천광역시 모델별 보조금,2024,인천광역시
화물(소형),현대자동차,ST1 기본형 카고 냉동 17인치,1450,738.0,2188.0,2024년도 전기자동차 인천광역시 모델별 보조금,2024,인천광역시
화물(소형),현대자동차,ST1 기본형 하이탑 17인치,1100,560.0,1660.0,2024년도 전기자동차 인천광역시 모델별 보조금,2024,인천광역시
화물(소형),기아,봉고 전기차,1130,534.0,1664.0,2024년도 전기자동차 인천광역시 모델별 보조금,2024,인천광역시
화물(소형),기아,봉고 전기차 냉동탑차,1330,641.0,1971.0,2024년도 전기자동차 인천광역시 모델별 보조금,2024,인천광역시
화물(소형),기아,봉고 전기차 저상형 냉동탑차,1330,641.0,1971.0,2024년도 전기자동차 인천광역시 모델별 보조금,2024,인천광역시
화물(소형),일진정공,일진무시동전기냉동탑차(149.9km),916,466.0,1382.0,2024년도 전기자동차 인천광역시 모델별 보조금,2024,인천광역시
화물(소형),일진정공,일진무시동전기냉동탑차(186.1km),1169,595.0,1764.0,2024년도 전기자동차 인천광역시 모델별 보조금,2024,인천광역시
화물(소형),일진정공,일진무시동전기냉동탑차(봉고),1379,664.0,2043.0,2024년도 전기자동차 인천광역시 모델별 보조금,2024,인천광역시
화물(소형),일진정공,일진무시동전기냉동탑차(포터),1363,657.0,2020.0,2024년도 전기자동차 인천광역시 모델별 보조금,2024,인천광역시
화물(소형),루트17,다니고C(0.8톤 전기트럭),1068,496.0,1564.0,2024년도 전기자동차 인천광역시 모델별 보조금,2024,인천광역시
화물(소형),루트17,다니고C2(0.8톤 전기트럭),268,136.0,404.0,2024년도 전기자동차 인천광역시 모델별 보조금,2024,인천광역시
화물(소형),루트17,다니고R(전기냉동탑차),1224,583.0,1807.0,2024년도 전기자동차 인천광역시 모델별 보조금,2024,인천광역시
화물(소형),루트17,다니고R2(무시동 전기냉동탑차),1123,537.0,1660.0,2024년도 전기자동차 인천광역시 모델별 보조금,2024,인천광역시
화물(소형),루트17,e-TOVI,464,236.0,700.0,2024년도 전기자동차 인천광역시 모델별 보조금,2024,인천광역시
화물(소형),이브이케이엠씨,MASADA 픽업,295,150.0,445.0,2024년도 전기자동차 인천광역시 모델별 보조금,2024,인천광역시
화물(소형),이브이케이엠씨,MASADA 3세대 2밴,274,139.0,413.0,2024년도 전기자동차 인천광역시 모델별 보조금,2024,인천광역시
화물(소형),이브이케이엠씨,MASADA 3세대 4밴,246,125.0,371.0,2024년도 전기자동차 인천광역시 모델별 보조금,2024,인천광역시
화물(소형),이브이케이엠씨,MASADA 2밴,299,152.0,451.0,2024년도 전기자동차 인천광역시 모델별 보조금,2024,인천광역시
화물(소형),이브이케이엠씨,MASADA 4밴,269,136.0,405.0,2024년도 전기자동차 인천광역시 모델별 보조금,2024,인천광역시
화물(소형),이브이케이엠씨,EC35 2밴,194,98.0,292.0,2024년도 전기자동차 인천광역시 모델별 보조금,2024,인천광역시
화물(소형),제이스모빌리티,이티밴,405,206.0,611.0,2024년도 전기자동차 인천광역시 모델별 보조금,2024,인천광역시
화물(소형),제이스모빌리티,이티4밴,364,185.0,549.0,2024년도 전기자동차 인천광역시 모델별 보조금,2024,인천광역시
화물(소형),제이스모빌리티,이티밴 미니 2인승,412,209.0,621.0,2024년도 전기자동차 인천광역시 모델별 보조금,2024,인천광역시
화물(소형),제이스모빌리티,이티밴 미니 4인승,412,209.0,621.0,2024년도 전기자동차 인천광역시 모델별 보조금,2024,인천광역시
화물(소형),제이스모빌리티,이티밴 프로 2인승,412,209.0,621.0,2024년도 전기자동차 인천광역시 모델별 보조금,2024,인천광역시
화물(소형),제이스모빌리티,이티밴 프로 4인승,412,209.0,621.0,2024년도 전기자동차 인천광역시 모델별 보조금,2024,인천광역시
화물(소형),오텍,오텍 무시동 전기 냉동탑차(봉고),1118,569.0,1687.0,2024년도 전기자동차 인천광역시 모델별 보조금,2024,인천광역시
화물(소형),이엔플러스,이엔1톤롱바디카고,850,432.0,1282.0,2024년도 전기자동차 인천광역시 모델별 보조금,2024,인천광역시
화물(소형),이엔플러스,이엔플러스EV1톤롱바디트럭,895,455.0,1350.0,2024년도 전기자동차 인천광역시 모델별 보조금,2024,인천광역시
화물(소형),GS글로벌,T4K,462,235.0,697.0,2024년도 전기자동차 인천광역시 모델별 보조금,2024,인천광역시
화물(소형),GS글로벌,T4K 냉동탑차,711,361.0,1072.0,2024년도 전기자동차 인천광역시 모델별 보조금,2024,인천광역시
화물(소형),에스에스라이트,젤라,336,171.0,507.0,2024년도 전기자동차 인천광역시 모델별 보조금,2024,인천광역시
화물(소형),에스에스라이트,젤라 P200,478,243.0,721.0,2024년도 전기자동차 인천광역시 모델별 보조금,2024,인천광역시
화물(소형),한국쓰리축,한국쓰리축1톤롱바디EV트럭(봉고),837,426.0,1263.0,2024년도 전기자동차 인천광역시 모델별 보조금,2024,인천광역시
화물(소형),한국쓰리축,한국쓰리축1톤롱바디EV트럭(포터),855,435.0,1290.0,2024년도 전기자동차 인천광역시 모델별 보조금,2024,인천광역시
화물(소형),모빌리티네트웍스,SE-A2밴,333,169.0,502.0,2024년도 전기자동차 인천광역시 모델별 보조금,2024,인천광역시
화물(소형),피닉스코리아,썬라이즈-T01,412,209.0,621.0,2024년도 전기자동차 인천광역시 모델별 보조금,2024,인천광역시
화물(소형),케이지모빌리티,토레스 EVX VAN 20인치,392,181.0,573.0,2024년도 전기자동차 인천광역시 모델별 보조금,2024,인천광역시
화물(소형),케이지모빌리티,토레스 EVX VAN 18인치,394,182.0,576.0,2024년도 전기자동차 인천광역시 모델별 보조금,2024,인천광역시
화물(소형),한국상용트럭,한국상용1톤롱바디EV카고트럭,818,416.0,1234.0,2024년도 전기자동차 인천광역시 모델별 보조금,2024,인천광역시
화물(소형),한국상용트럭,한국상용0.9톤롱바디EV내장탑트럭,593,301.0,894.0,2024년도 전기자동차 인천광역시 모델별 보조금,2024,인천광역시
화물(소형),센트로에이케이,E-CV1,282,143.0,425.0,2024년도 전기자동차 인천광역시 모델별 보조금,2024,인천광역시
화물(소형),파츠몰에이투지,SW40,412,209.0,621.0,2024년도 전기자동차 인천광역시 모델별 보조금,2024,인천광역시
화물(소형),이브이앤솔루션,STEGO-Z,540,274.0,814.0,2024년도 전기자동차 인천광역시 모델별 보조금,2024,인천광역시
화물(초소형),마스타전기차,MASTA VAN,400,160.0,560.0,2024년도 전기자동차 광주광역시 모델별 보조금,2024,광주광역시
화물(초소형),마스타전기차,MASTA HIM,400,160.0,560.0,2024년도 전기자동차 광주광역시 모델별 보조금,2024,광주광역시
화물(초소형),디피코,포트로-탑,400,160.0,560.0,2024년도 전기자동차 광주광역시 모델별 보조금,2024,광주광역시
화물(초소형),디피코,포트로-픽업,400,160.0,560.0,2024년도 전기자동차 광주광역시 모델별 보조금,2024,광주광역시
화물(초소형),디피코,포트로-탑S,400,160.0,560.0,2024년도 전기자동차 광주광역시 모델별 보조금,2024,광주광역시
화물(초소형),디피코,포트로-픽업S,400,160.0,560.0,2024년도 전기자동차 광주광역시 모델별 보조금,2024,광주광역시
화물(초소형),마이브,베프,400,160.0,560.0,2024년도 전기자동차 광주광역시 모델별 보조금,2024,광주광역시
화물(경형),디피코,포트로350L-탑,788,252.0,1040.0,2024년도 전기자동차 광주광역시 모델별 보조금,2024,광주광역시
화물(경형),디피코,포트로350L-픽업,788,252.0,1040.0,2024년도 전기자동차 광주광역시 모델별 보조금,2024,광주광역시
화물(소형),파워프라자,봉고3ev PEACE,554,161.0,715.0,2024년도 전기자동차 광주광역시 모델별 보조금,2024,광주광역시
화물(소형),파워프라자,봉고3ev PEACE 더블캡,481,139.0,620.0,2024년도 전기자동차 광주광역시 모델별 보조금,2024,광주광역시
화물(소형),현대자동차,포터Ⅱ 일렉트릭(23MY),1090,305.0,1395.0,2024년도 전기자동차 광주광역시 모델별 보조금,2024,광주광역시
화물(소형),현대자동차,포터Ⅱ 일렉트릭(24MY),1090,305.0,1395.0,2024년도 전기자동차 광주광역시 모델별 보조금,2024,광주광역시
화물(소형),현대자동차,ST1 기본형 카고 17인치,1100,320.0,1420.0,2024년도 전기자동차 광주광역시 모델별 보조금,2024,광주광역시
화물(소형),현대자동차,ST1 기본형 카고 냉동 17인치,1450,421.0,1871.0,2024년도 전기자동차 광주광역시 모델별 보조금,2024,광주광역시
화물(소형),현대자동차,ST1 기본형 하이탑 17인치,1100,320.0,1420.0,2024년도 전기자동차 광주광역시 모델별 보조금,2024,광주광역시
화물(소형),기아,봉고 전기차,1130,305.0,1435.0,2024년도 전기자동차 광주광역시 모델별 보조금,2024,광주광역시
화물(소형),기아,봉고 전기차 냉동탑차,1330,366.0,1696.0,2024년도 전기자동차 광주광역시 모델별 보조금,2024,광주광역시
화물(소형),기아,봉고 전기차 저상형 냉동탑차,1330,366.0,1696.0,2024년도 전기자동차 광주광역시 모델별 보조금,2024,광주광역시
화물(소형),일진정공,일진무시동전기냉동탑차(149.9km),916,266.0,1182.0,2024년도 전기자동차 광주광역시 모델별 보조금,2024,광주광역시
화물(소형),일진정공,일진무시동전기냉동탑차(186.1km),1169,340.0,1509.0,2024년도 전기자동차 광주광역시 모델별 보조금,2024,광주광역시
화물(소형),일진정공,일진무시동전기냉동탑차(봉고),1379,379.0,1758.0,2024년도 전기자동차 광주광역시 모델별 보조금,2024,광주광역시
화물(소형),일진정공,일진무시동전기냉동탑차(포터),1363,375.0,1738.0,2024년도 전기자동차 광주광역시 모델별 보조금,2024,광주광역시
화물(소형),루트17,다니고C(0.8톤 전기트럭),1068,283.0,1351.0,2024년도 전기자동차 광주광역시 모델별 보조금,2024,광주광역시
화물(소형),루트17,다니고C2(0.8톤 전기트럭),268,77.0,345.0,2024년도 전기자동차 광주광역시 모델별 보조금,2024,광주광역시
화물(소형),루트17,다니고R(전기냉동탑차),1224,333.0,1557.0,2024년도 전기자동차 광주광역시 모델별 보조금,2024,광주광역시
화물(소형),루트17,다니고R2(무시동 전기냉동탑차),1123,306.0,1429.0,2024년도 전기자동차 광주광역시 모델별 보조금,2024,광주광역시
화물(소형),루트17,e-TOVI,464,134.0,598.0,2024년도 전기자동차 광주광역시 모델별 보조금,2024,광주광역시
화물(소형),이브이케이엠씨,MASADA 픽업,295,85.0,380.0,2024년도 전기자동차 광주광역시 모델별 보조금,2024,광주광역시
화물(소형),이브이케이엠씨,MASADA 3세대 2밴,274,79.0,353.0,2024년도 전기자동차 광주광역시 모델별 보조금,2024,광주광역시
화물(소형),이브이케이엠씨,MASADA 3세대 4밴,246,71.0,317.0,2024년도 전기자동차 광주광역시 모델별 보조금,2024,광주광역시
화물(소형),이브이케이엠씨,MASADA 2밴,299,86.0,385.0,2024년도 전기자동차 광주광역시 모델별 보조금,2024,광주광역시
화물(소형),이브이케이엠씨,MASADA 4밴,269,78.0,347.0,2024년도 전기자동차 광주광역시 모델별 보조금,2024,광주광역시
화물(소형),이브이케이엠씨,EC35 2밴,194,56.0,250.0,2024년도 전기자동차 광주광역시 모델별 보조금,2024,광주광역시
화물(소형),제이스모빌리티,이티밴,405,117.0,522.0,2024년도 전기자동차 광주광역시 모델별 보조금,2024,광주광역시
화물(소형),제이스모빌리티,이티4밴,364,105.0,469.0,2024년도 전기자동차 광주광역시 모델별 보조금,2024,광주광역시
화물(소형),제이스모빌리티,이티밴 미니 2인승,412,119.0,531.0,2024년도 전기자동차 광주광역시 모델별 보조금,2024,광주광역시
화물(소형),제이스모빌리티,이티밴 미니 4인승,412,119.0,531.0,2024년도 전기자동차 광주광역시 모델별 보조금,2024,광주광역시
화물(소형),제이스모빌리티,이티밴 프로 2인승,412,119.0,531.0,2024년도 전기자동차 광주광역시 모델별 보조금,2024,광주광역시
화물(소형),제이스모빌리티,이티밴 프로 4인승,412,119.0,531.0,2024년도 전기자동차 광주광역시 모델별 보조금,2024,광주광역시
화물(소형),오텍,오텍 무시동 전기 냉동탑차(봉고),1118,325.0,1443.0,2024년도 전기자동차 광주광역시 모델별 보조금,2024,광주광역시
화물(소형),이엔플러스,이엔1톤롱바디카고,850,247.0,1097.0,2024년도 전기자동차 광주광역시 모델별 보조금,2024,광주광역시
화물(소형),이엔플러스,이엔플러스EV1톤롱바디트럭,895,260.0,1155.0,2024년도 전기자동차 광주광역시 모델별 보조금,2024,광주광역시
화물(소형),GS글로벌,T4K,462,134.0,596.0,2024년도 전기자동차 광주광역시 모델별 보조금,2024,광주광역시
화물(소형),GS글로벌,T4K 냉동탑차,711,206.0,917.0,2024년도 전기자동차 광주광역시 모델별 보조금,2024,광주광역시
화물(소형),에스에스라이트,젤라,336,97.0,433.0,2024년도 전기자동차 광주광역시 모델별 보조금,2024,광주광역시
화물(소형),에스에스라이트,젤라 P200,478,139.0,617.0,2024년도 전기자동차 광주광역시 모델별 보조금,2024,광주광역시
화물(소형),한국쓰리축,한국쓰리축1톤롱바디EV트럭(봉고),837,243.0,1080.0,2024년도 전기자동차 광주광역시 모델별 보조금,2024,광주광역시
화물(소형),한국쓰리축,한국쓰리축1톤롱바디EV트럭(포터),855,248.0,1103.0,2024년도 전기자동차 광주광역시 모델별 보조금,2024,광주광역시
화물(소형),모빌리티네트웍스,SE-A2밴,333,96.0,429.0,2024년도 전기자동차 광주광역시 모델별 보조금,2024,광주광역시
화물(소형),피닉스코리아,썬라이즈-T01,412,119.0,531.0,2024년도 전기자동차 광주광역시 모델별 보조금,2024,광주광역시
화물(소형),케이지모빌리티,토레스 EVX VAN 20인치,392,223.0,615.0,2024년도 전기자동차 광주광역시 모델별 보조금,2024,광주광역시
화물(소형),케이지모빌리티,토레스 EVX VAN 18인치,394,224.0,618.0,2024년도 전기자동차 광주광역시 모델별 보조금,2024,광주광역시
화물(소형),한국상용트럭,한국상용1톤롱바디EV카고트럭,818,237.0,1055.0,2024년도 전기자동차 광주광역시 모델별 보조금,2024,광주광역시
화물(소형),한국상용트럭,한국상용0.9톤롱바디EV내장탑트럭,593,172.0,765.0,2024년도 전기자동차 광주광역시 모델별 보조금,2024,광주광역시
화물(소형),센트로에이케이,E-CV1,282,82.0,364.0,2024년도 전기자동차 광주광역시 모델별 보조금,2024,광주광역시
화물(소형),파츠몰에이투지,SW40,412,119.0,531.0,2024년도 전기자동차 광주광역시 모델별 보조금,2024,광주광역시
화물(소형),이브이앤솔루션,STEGO-Z,540,157.0,697.0,2024년도 전기자동차 광주광역시 모델별 보조금,2024,광주광역시
화물(초소형),마스타전기차,MASTA VAN,400,152.0,552.0,2024년도 전기자동차 대전광역시 모델별 보조금,2024,대전광역시
화물(초소형),마스타전기차,MASTA HIM,400,152.0,552.0,2024년도 전기자동차 대전광역시 모델별 보조금,2024,대전광역시
화물(초소형),디피코,포트로-탑,400,152.0,552.0,2024년도 전기자동차 대전광역시 모델별 보조금,2024,대전광역시
화물(초소형),디피코,포트로-픽업,400,152.0,552.0,2024년도 전기자동차 대전광역시 모델별 보조금,2024,대전광역시
화물(초소형),디피코,포트로-탑S,400,152.0,552.0,2024년도 전기자동차 대전광역시 모델별 보조금,2024,대전광역시
화물(초소형),디피코,포트로-픽업S,400,152.0,552.0,2024년도 전기자동차 대전광역시 모델별 보조금,2024,대전광역시
화물(초소형),마이브,베프,400,152.0,552.0,2024년도 전기자동차 대전광역시 모델별 보조금,2024,대전광역시
화물(경형),디피코,포트로350L-탑,788,295.0,1083.0,2024년도 전기자동차 대전광역시 모델별 보조금,2024,대전광역시
화물(경형),디피코,포트로350L-픽업,788,295.0,1083.0,2024년도 전기자동차 대전광역시 모델별 보조금,2024,대전광역시
화물(소형),파워프라자,봉고3ev PEACE,554,211.0,765.0,2024년도 전기자동차 대전광역시 모델별 보조금,2024,대전광역시
화물(소형),파워프라자,봉고3ev PEACE 더블캡,481,183.0,664.0,2024년도 전기자동차 대전광역시 모델별 보조금,2024,대전광역시
화물(소형),현대자동차,포터Ⅱ 일렉트릭(23MY),1090,400.0,1490.0,2024년도 전기자동차 대전광역시 모델별 보조금,2024,대전광역시
화물(소형),현대자동차,포터Ⅱ 일렉트릭(24MY),1090,400.0,1490.0,2024년도 전기자동차 대전광역시 모델별 보조금,2024,대전광역시
화물(소형),현대자동차,ST1 기본형 카고 17인치,1100,418.0,1518.0,2024년도 전기자동차 대전광역시 모델별 보조금,2024,대전광역시
화물(소형),현대자동차,ST1 기본형 카고 냉동 17인치,1450,527.0,1977.0,2024년도 전기자동차 대전광역시 모델별 보조금,2024,대전광역시
화물(소형),현대자동차,ST1 기본형 하이탑 17인치,1100,418.0,1518.0,2024년도 전기자동차 대전광역시 모델별 보조금,2024,대전광역시
화물(소형),기아,봉고 전기차,1130,400.0,1530.0,2024년도 전기자동차 대전광역시 모델별 보조금,2024,대전광역시
화물(소형),기아,봉고 전기차 냉동탑차,1330,458.0,1788.0,2024년도 전기자동차 대전광역시 모델별 보조금,2024,대전광역시
화물(소형),기아,봉고 전기차 저상형 냉동탑차,1330,458.0,1788.0,2024년도 전기자동차 대전광역시 모델별 보조금,2024,대전광역시
화물(소형),일진정공,일진무시동전기냉동탑차(149.9km),916,349.0,1265.0,2024년도 전기자동차 대전광역시 모델별 보조금,2024,대전광역시
화물(소형),일진정공,일진무시동전기냉동탑차(186.1km),1169,425.0,1594.0,2024년도 전기자동차 대전광역시 모델별 보조금,2024,대전광역시
화물(소형),일진정공,일진무시동전기냉동탑차(봉고),1379,474.0,1853.0,2024년도 전기자동차 대전광역시 모델별 보조금,2024,대전광역시
화물(소형),일진정공,일진무시동전기냉동탑차(포터),1363,469.0,1832.0,2024년도 전기자동차 대전광역시 모델별 보조금,2024,대전광역시
화물(소형),루트17,다니고C(0.8톤 전기트럭),1068,372.0,1440.0,2024년도 전기자동차 대전광역시 모델별 보조금,2024,대전광역시
화물(소형),루트17,다니고C2(0.8톤 전기트럭),268,102.0,370.0,2024년도 전기자동차 대전광역시 모델별 보조금,2024,대전광역시
화물(소형),루트17,다니고R(전기냉동탑차),1224,417.0,1641.0,2024년도 전기자동차 대전광역시 모델별 보조금,2024,대전광역시
화물(소형),루트17,다니고R2(무시동 전기냉동탑차),1123,383.0,1506.0,2024년도 전기자동차 대전광역시 모델별 보조금,2024,대전광역시
화물(소형),루트17,e-TOVI,464,177.0,641.0,2024년도 전기자동차 대전광역시 모델별 보조금,2024,대전광역시
화물(소형),이브이케이엠씨,MASADA 픽업,295,112.0,407.0,2024년도 전기자동차 대전광역시 모델별 보조금,2024,대전광역시
화물(소형),이브이케이엠씨,MASADA 3세대 2밴,274,104.0,378.0,2024년도 전기자동차 대전광역시 모델별 보조금,2024,대전광역시
화물(소형),이브이케이엠씨,MASADA 3세대 4밴,246,93.0,339.0,2024년도 전기자동차 대전광역시 모델별 보조금,2024,대전광역시
화물(소형),이브이케이엠씨,MASADA 2밴,299,114.0,413.0,2024년도 전기자동차 대전광역시 모델별 보조금,2024,대전광역시
화물(소형),이브이케이엠씨,MASADA 4밴,269,102.0,371.0,2024년도 전기자동차 대전광역시 모델별 보조금,2024,대전광역시
화물(소형),이브이케이엠씨,EC35 2밴,194,74.0,268.0,2024년도 전기자동차 대전광역시 모델별 보조금,2024,대전광역시
화물(소형),제이스모빌리티,이티밴,405,154.0,559.0,2024년도 전기자동차 대전광역시 모델별 보조금,2024,대전광역시
화물(소형),제이스모빌리티,이티4밴,364,138.0,502.0,2024년도 전기자동차 대전광역시 모델별 보조금,2024,대전광역시
화물(소형),제이스모빌리티,이티밴 미니 2인승,412,157.0,569.0,2024년도 전기자동차 대전광역시 모델별 보조금,2024,대전광역시
화물(소형),제이스모빌리티,이티밴 미니 4인승,412,157.0,569.0,2024년도 전기자동차 대전광역시 모델별 보조금,2024,대전광역시
화물(소형),제이스모빌리티,이티밴 프로 2인승,412,157.0,569.0,2024년도 전기자동차 대전광역시 모델별 보조금,2024,대전광역시
화물(소형),제이스모빌리티,이티밴 프로 4인승,412,157.0,569.0,2024년도 전기자동차 대전광역시 모델별 보조금,2024,대전광역시
화물(소형),오텍,오텍 무시동 전기 냉동탑차(봉고),1118,406.0,1524.0,2024년도 전기자동차 대전광역시 모델별 보조금,2024,대전광역시
화물(소형),이엔플러스,이엔1톤롱바디카고,850,324.0,1174.0,2024년도 전기자동차 대전광역시 모델별 보조금,2024,대전광역시
화물(소형),이엔플러스,이엔플러스EV1톤롱바디트럭,895,341.0,1236.0,2024년도 전기자동차 대전광역시 모델별 보조금,2024,대전광역시
화물(소형),GS글로벌,T4K,462,176.0,638.0,2024년도 전기자동차 대전광역시 모델별 보조금,2024,대전광역시
화물(소형),GS글로벌,T4K 냉동탑차,711,271.0,982.0,2024년도 전기자동차 대전광역시 모델별 보조금,2024,대전광역시
화물(소형),에스에스라이트,젤라,336,128.0,464.0,2024년도 전기자동차 대전광역시 모델별 보조금,2024,대전광역시
화물(소형),에스에스라이트,젤라 P200,478,182.0,660.0,2024년도 전기자동차 대전광역시 모델별 보조금,2024,대전광역시
화물(소형),한국쓰리축,한국쓰리축1톤롱바디EV트럭(봉고),837,319.0,1156.0,2024년도 전기자동차 대전광역시 모델별 보조금,2024,대전광역시
화물(소형),한국쓰리축,한국쓰리축1톤롱바디EV트럭(포터),855,326.0,1181.0,2024년도 전기자동차 대전광역시 모델별 보조금,2024,대전광역시
화물(소형),모빌리티네트웍스,SE-A2밴,333,127.0,460.0,2024년도 전기자동차 대전광역시 모델별 보조금,2024,대전광역시
화물(소형),피닉스코리아,썬라이즈-T01,412,157.0,569.0,2024년도 전기자동차 대전광역시 모델별 보조금,2024,대전광역시
화물(소형),케이지모빌리티,토레스 EVX VAN 20인치,392,181.0,573.0,2024년도 전기자동차 대전광역시 모델별 보조금,2024,대전광역시
화물(소형),케이지모빌리티,토레스 EVX VAN 18인치,394,182.0,576.0,2024년도 전기자동차 대전광역시 모델별 보조금,2024,대전광역시
화물(소형),한국상용트럭,한국상용1톤롱바디EV카고트럭,818,312.0,1130.0,2024년도 전기자동차 대전광역시 모델별 보조금,2024,대전광역시
화물(소형),한국상용트럭,한국상용0.9톤롱바디EV내장탑트럭,593,226.0,819.0,2024년도 전기자동차 대전광역시 모델별 보조금,2024,대전광역시
화물(소형),센트로에이케이,E-CV1,282,107.0,389.0,2024년도 전기자동차 대전광역시 모델별 보조금,2024,대전광역시
화물(소형),파츠몰에이투지,SW40,412,157.0,569.0,2024년도 전기자동차 대전광역시 모델별 보조금,2024,대전광역시
화물(소형),이브이앤솔루션,STEGO-Z,540,206.0,746.0,2024년도 전기자동차 대전광역시 모델별 보조금,2024,대전광역시
화물(초소형),마스타전기차,MASTA VAN,400,120.0,520.0,2024년도 전기자동차 울산광역시 모델별 보조금,2024,울산광역시
화물(초소형),마스타전기차,MASTA HIM,400,120.0,520.0,2024년도 전기자동차 울산광역시 모델별 보조금,2024,울산광역시
화물(초소형),디피코,포트로-탑,400,120.0,520.0,2024년도 전기자동차 울산광역시 모델별 보조금,2024,울산광역시
화물(초소형),디피코,포트로-픽업,400,120.0,520.0,2024년도 전기자동차 울산광역시 모델별 보조금,2024,울산광역시
화물(초소형),디피코,포트로-탑S,400,120.0,520.0,2024년도 전기자동차 울산광역시 모델별 보조금,2024,울산광역시
화물(초소형),디피코,포트로-픽업S,400,120.0,520.0,2024년도 전기자동차 울산광역시 모델별 보조금,2024,울산광역시
화물(초소형),마이브,베프,400,0.0,400.0,2024년도 전기자동차 울산광역시 모델별 보조금,2024,울산광역시
화물(경형),디피코,포트로350L-탑,788,236.0,1024.0,2024년도 전기자동차 울산광역시 모델별 보조금,2024,울산광역시
화물(경형),디피코,포트로350L-픽업,788,236.0,1024.0,2024년도 전기자동차 울산광역시 모델별 보조금,2024,울산광역시
화물(소형),파워프라자,봉고3ev PEACE,554,166.0,720.0,2024년도 전기자동차 울산광역시 모델별 보조금,2024,울산광역시
화물(소형),파워프라자,봉고3ev PEACE 더블캡,481,144.0,625.0,2024년도 전기자동차 울산광역시 모델별 보조금,2024,울산광역시
화물(소형),현대자동차,포터Ⅱ 일렉트릭(23MY),1090,315.0,1405.0,2024년도 전기자동차 울산광역시 모델별 보조금,2024,울산광역시
화물(소형),현대자동차,포터Ⅱ 일렉트릭(24MY),1090,315.0,1405.0,2024년도 전기자동차 울산광역시 모델별 보조금,2024,울산광역시
화물(소형),현대자동차,ST1 기본형 카고 17인치,1100,330.0,1430.0,2024년도 전기자동차 울산광역시 모델별 보조금,2024,울산광역시
화물(소형),현대자동차,ST1 기본형 카고 냉동 17인치,1450,435.0,1885.0,2024년도 전기자동차 울산광역시 모델별 보조금,2024,울산광역시
화물(소형),현대자동차,ST1 기본형 하이탑 17인치,1100,330.0,1430.0,2024년도 전기자동차 울산광역시 모델별 보조금,2024,울산광역시
화물(소형),기아,봉고 전기차,1130,315.0,1445.0,2024년도 전기자동차 울산광역시 모델별 보조금,2024,울산광역시
화물(소형),기아,봉고 전기차 냉동탑차,1330,378.0,1708.0,2024년도 전기자동차 울산광역시 모델별 보조금,2024,울산광역시
화물(소형),기아,봉고 전기차 저상형 냉동탑차,1330,378.0,1708.0,2024년도 전기자동차 울산광역시 모델별 보조금,2024,울산광역시
화물(소형),일진정공,일진무시동전기냉동탑차(149.9km),916,274.0,1190.0,2024년도 전기자동차 울산광역시 모델별 보조금,2024,울산광역시
화물(소형),일진정공,일진무시동전기냉동탑차(186.1km),1169,350.0,1519.0,2024년도 전기자동차 울산광역시 모델별 보조금,2024,울산광역시
화물(소형),일진정공,일진무시동전기냉동탑차(봉고),1379,391.0,1770.0,2024년도 전기자동차 울산광역시 모델별 보조금,2024,울산광역시
화물(소형),일진정공,일진무시동전기냉동탑차(포터),1363,387.0,1750.0,2024년도 전기자동차 울산광역시 모델별 보조금,2024,울산광역시
화물(소형),루트17,다니고C(0.8톤 전기트럭),1068,292.0,1360.0,2024년도 전기자동차 울산광역시 모델별 보조금,2024,울산광역시
화물(소형),루트17,다니고C2(0.8톤 전기트럭),268,80.0,348.0,2024년도 전기자동차 울산광역시 모델별 보조금,2024,울산광역시
화물(소형),루트17,다니고R(전기냉동탑차),1224,344.0,1568.0,2024년도 전기자동차 울산광역시 모델별 보조금,2024,울산광역시
화물(소형),루트17,다니고R2(무시동 전기냉동탑차),1123,316.0,1439.0,2024년도 전기자동차 울산광역시 모델별 보조금,2024,울산광역시
화물(소형),루트17,e-TOVI,464,139.0,603.0,2024년도 전기자동차 울산광역시 모델별 보조금,2024,울산광역시
화물(소형),이브이케이엠씨,MASADA 픽업,295,88.0,383.0,2024년도 전기자동차 울산광역시 모델별 보조금,2024,울산광역시
화물(소형),이브이케이엠씨,MASADA 3세대 2밴,274,82.0,356.0,2024년도 전기자동차 울산광역시 모델별 보조금,2024,울산광역시
화물(소형),이브이케이엠씨,MASADA 3세대 4밴,246,73.0,319.0,2024년도 전기자동차 울산광역시 모델별 보조금,2024,울산광역시
화물(소형),이브이케이엠씨,MASADA 2밴,299,89.0,388.0,2024년도 전기자동차 울산광역시 모델별 보조금,2024,울산광역시
화물(소형),이브이케이엠씨,MASADA 4밴,269,80.0,349.0,2024년도 전기자동차 울산광역시 모델별 보조금,2024,울산광역시
화물(소형),이브이케이엠씨,EC35 2밴,194,58.0,252.0,2024년도 전기자동차 울산광역시 모델별 보조금,2024,울산광역시
화물(소형),제이스모빌리티,이티밴,405,121.0,526.0,2024년도 전기자동차 울산광역시 모델별 보조금,2024,울산광역시
화물(소형),제이스모빌리티,이티4밴,364,109.0,473.0,2024년도 전기자동차 울산광역시 모델별 보조금,2024,울산광역시
화물(소형),제이스모빌리티,이티밴 미니 2인승,412,123.0,535.0,2024년도 전기자동차 울산광역시 모델별 보조금,2024,울산광역시
화물(소형),제이스모빌리티,이티밴 미니 4인승,412,123.0,535.0,2024년도 전기자동차 울산광역시 모델별 보조금,2024,울산광역시
화물(소형),제이스모빌리티,이티밴 프로 2인승,412,123.0,535.0,2024년도 전기자동차 울산광역시 모델별 보조금,2024,울산광역시
화물(소형),제이스모빌리티,이티밴 프로 4인승,412,123.0,535.0,2024년도 전기자동차 울산광역시 모델별 보조금,2024,울산광역시
화물(소형),오텍,오텍 무시동 전기 냉동탑차(봉고),1118,335.0,1453.0,2024년도 전기자동차 울산광역시 모델별 보조금,2024,울산광역시
화물(소형),이엔플러스,이엔1톤롱바디카고,850,255.0,1105.0,2024년도 전기자동차 울산광역시 모델별 보조금,2024,울산광역시
화물(소형),이엔플러스,이엔플러스EV1톤롱바디트럭,895,268.0,1163.0,2024년도 전기자동차 울산광역시 모델별 보조금,2024,울산광역시
화물(소형),GS글로벌,T4K,462,138.0,600.0,2024년도 전기자동차 울산광역시 모델별 보조금,2024,울산광역시
화물(소형),GS글로벌,T4K 냉동탑차,711,213.0,924.0,2024년도 전기자동차 울산광역시 모델별 보조금,2024,울산광역시
화물(소형),에스에스라이트,젤라,336,100.0,436.0,2024년도 전기자동차 울산광역시 모델별 보조금,2024,울산광역시
화물(소형),에스에스라이트,젤라 P200,478,143.0,621.0,2024년도 전기자동차 울산광역시 모델별 보조금,2024,울산광역시
화물(소형),한국쓰리축,한국쓰리축1톤롱바디EV트럭(봉고),837,251.0,1088.0,2024년도 전기자동차 울산광역시 모델별 보조금,2024,울산광역시
화물(소형),한국쓰리축,한국쓰리축1톤롱바디EV트럭(포터),855,256.0,1111.0,2024년도 전기자동차 울산광역시 모델별 보조금,2024,울산광역시
화물(소형),모빌리티네트웍스,SE-A2밴,333,99.0,432.0,2024년도 전기자동차 울산광역시 모델별 보조금,2024,울산광역시
화물(소형),피닉스코리아,썬라이즈-T01,412,123.0,535.0,2024년도 전기자동차 울산광역시 모델별 보조금,2024,울산광역시
화물(소형),케이지모빌리티,토레스 EVX VAN 20인치,392,196.0,588.0,2024년도 전기자동차 울산광역시 모델별 보조금,2024,울산광역시
화물(소형),케이지모빌리티,토레스 EVX VAN 18인치,394,197.0,591.0,2024년도 전기자동차 울산광역시 모델별 보조금,2024,울산광역시
화물(소형),한국상용트럭,한국상용1톤롱바디EV카고트럭,818,245.0,1063.0,2024년도 전기자동차 울산광역시 모델별 보조금,2024,울산광역시
화물(소형),한국상용트럭,한국상용0.9톤롱바디EV내장탑트럭,593,177.0,770.0,2024년도 전기자동차 울산광역시 모델별 보조금,2024,울산광역시
화물(소형),센트로에이케이,E-CV1,282,0.0,282.0,2024년도 전기자동차 울산광역시 모델별 보조금,2024,울산광역시
화물(소형),파츠몰에이투지,SW40,412,0.0,412.0,2024년도 전기자동차 울산광역시 모델별 보조금,2024,울산광역시
화물(소형),이브이앤솔루션,STEGO-Z,540,0.0,540.0,2024년도 전기자동차 울산광역시 모델별 보조금,2024,울산광역시
화물(초소형),마스타전기차,MASTA VAN,400,140.0,540.0,2024년도 전기자동차 세종특별자치시 모델별 보조금,2024,세종특별자치시
화물(초소형),마스타전기차,MASTA HIM,400,140.0,540.0,2024년도 전기자동차 세종특별자치시 모델별 보조금,2024,세종특별자치시
화물(초소형),디피코,포트로-탑,400,140.0,540.0,2024년도 전기자동차 세종특별자치시 모델별 보조금,2024,세종특별자치시
화물(초소형),디피코,포트로-픽업,400,140.0,540.0,2024년도 전기자동차 세종특별자치시 모델별 보조금,2024,세종특별자치시
화물(초소형),디피코,포트로-탑S,400,140.0,540.0,2024년도 전기자동차 세종특별자치시 모델별 보조금,2024,세종특별자치시
화물(초소형),디피코,포트로-픽업S,400,140.0,540.0,2024년도 전기자동차 세종특별자치시 모델별 보조금,2024,세종특별자치시
화물(초소형),마이브,베프,400,0.0,400.0,2024년도 전기자동차 세종특별자치시 모델별 보조금,2024,세종특별자치시
화물(경형),디피코,포트로350L-탑,788,265.0,1053.0,2024년도 전기자동차 세종특별자치시 모델별 보조금,2024,세종특별자치시
화물(경형),디피코,포트로350L-픽업,788,265.0,1053.0,2024년도 전기자동차 세종특별자치시 모델별 보조금,2024,세종특별자치시
화물(소형),파워프라자,봉고3ev PEACE,554,184.0,738.0,2024년도 전기자동차 세종특별자치시 모델별 보조금,2024,세종특별자치시
화물(소형),파워프라자,봉고3ev PEACE 더블캡,481,160.0,641.0,2024년도 전기자동차 세종특별자치시 모델별 보조금,2024,세종특별자치시
화물(소형),현대자동차,포터Ⅱ 일렉트릭(23MY),1090,349.0,1439.0,2024년도 전기자동차 세종특별자치시 모델별 보조금,2024,세종특별자치시
화물(소형),현대자동차,포터Ⅱ 일렉트릭(24MY),1090,349.0,1439.0,2024년도 전기자동차 세종특별자치시 모델별 보조금,2024,세종특별자치시
화물(소형),현대자동차,ST1 기본형 카고 17인치,1100,366.0,1466.0,2024년도 전기자동차 세종특별자치시 모델별 보조금,2024,세종특별자치시
화물(소형),현대자동차,ST1 기본형 카고 냉동 17인치,1450,366.0,1816.0,2024년도 전기자동차 세종특별자치시 모델별 보조금,2024,세종특별자치시
화물(소형),현대자동차,ST1 기본형 하이탑 17인치,1100,366.0,1466.0,2024년도 전기자동차 세종특별자치시 모델별 보조금,2024,세종특별자치시
화물(소형),기아,봉고 전기차,1130,349.0,1479.0,2024년도 전기자동차 세종특별자치시 모델별 보조금,2024,세종특별자치시
화물(소형),기아,봉고 전기차 냉동탑차,1330,366.0,1696.0,2024년도 전기자동차 세종특별자치시 모델별 보조금,2024,세종특별자치시
화물(소형),기아,봉고 전기차 저상형 냉동탑차,1330,366.0,1696.0,2024년도 전기자동차 세종특별자치시 모델별 보조금,2024,세종특별자치시
화물(소형),일진정공,일진무시동전기냉동탑차(149.9km),916,304.0,1220.0,2024년도 전기자동차 세종특별자치시 모델별 보조금,2024,세종특별자치시
화물(소형),일진정공,일진무시동전기냉동탑차(186.1km),1169,366.0,1535.0,2024년도 전기자동차 세종특별자치시 모델별 보조금,2024,세종특별자치시
화물(소형),일진정공,일진무시동전기냉동탑차(봉고),1379,366.0,1745.0,2024년도 전기자동차 세종특별자치시 모델별 보조금,2024,세종특별자치시
화물(소형),일진정공,일진무시동전기냉동탑차(포터),1363,366.0,1729.0,2024년도 전기자동차 세종특별자치시 모델별 보조금,2024,세종특별자치시
화물(소형),루트17,다니고C(0.8톤 전기트럭),1068,324.0,1392.0,2024년도 전기자동차 세종특별자치시 모델별 보조금,2024,세종특별자치시
화물(소형),루트17,다니고C2(0.8톤 전기트럭),268,89.0,357.0,2024년도 전기자동차 세종특별자치시 모델별 보조금,2024,세종특별자치시
화물(소형),루트17,다니고R(전기냉동탑차),1224,366.0,1590.0,2024년도 전기자동차 세종특별자치시 모델별 보조금,2024,세종특별자치시
화물(소형),루트17,다니고R2(무시동 전기냉동탑차),1123,351.0,1474.0,2024년도 전기자동차 세종특별자치시 모델별 보조금,2024,세종특별자치시
화물(소형),루트17,e-TOVI,464,154.0,618.0,2024년도 전기자동차 세종특별자치시 모델별 보조금,2024,세종특별자치시
화물(소형),이브이케이엠씨,MASADA 픽업,295,98.0,393.0,2024년도 전기자동차 세종특별자치시 모델별 보조금,2024,세종특별자치시
화물(소형),이브이케이엠씨,MASADA 3세대 2밴,274,91.0,365.0,2024년도 전기자동차 세종특별자치시 모델별 보조금,2024,세종특별자치시
화물(소형),이브이케이엠씨,MASADA 3세대 4밴,246,81.0,327.0,2024년도 전기자동차 세종특별자치시 모델별 보조금,2024,세종특별자치시
화물(소형),이브이케이엠씨,MASADA 2밴,299,99.0,398.0,2024년도 전기자동차 세종특별자치시 모델별 보조금,2024,세종특별자치시
화물(소형),이브이케이엠씨,MASADA 4밴,269,89.0,358.0,2024년도 전기자동차 세종특별자치시 모델별 보조금,2024,세종특별자치시
화물(소형),이브이케이엠씨,EC35 2밴,194,64.0,258.0,2024년도 전기자동차 세종특별자치시 모델별 보조금,2024,세종특별자치시
화물(소형),제이스모빌리티,이티밴,405,134.0,539.0,2024년도 전기자동차 세종특별자치시 모델별 보조금,2024,세종특별자치시
화물(소형),제이스모빌리티,이티4밴,364,121.0,485.0,2024년도 전기자동차 세종특별자치시 모델별 보조금,2024,세종특별자치시
화물(소형),제이스모빌리티,이티밴 미니 2인승,412,137.0,549.0,2024년도 전기자동차 세종특별자치시 모델별 보조금,2024,세종특별자치시
화물(소형),제이스모빌리티,이티밴 미니 4인승,412,137.0,549.0,2024년도 전기자동차 세종특별자치시 모델별 보조금,2024,세종특별자치시
화물(소형),제이스모빌리티,이티밴 프로 2인승,412,137.0,549.0,2024년도 전기자동차 세종특별자치시 모델별 보조금,2024,세종특별자치시
화물(소형),제이스모빌리티,이티밴 프로 4인승,412,137.0,549.0,2024년도 전기자동차 세종특별자치시 모델별 보조금,2024,세종특별자치시
화물(소형),오텍,오텍 무시동 전기 냉동탑차(봉고),1118,366.0,1484.0,2024년도 전기자동차 세종특별자치시 모델별 보조금,2024,세종특별자치시
화물(소형),이엔플러스,이엔1톤롱바디카고,850,282.0,1132.0,2024년도 전기자동차 세종특별자치시 모델별 보조금,2024,세종특별자치시
화물(소형),이엔플러스,이엔플러스EV1톤롱바디트럭,895,297.0,1192.0,2024년도 전기자동차 세종특별자치시 모델별 보조금,2024,세종특별자치시
화물(소형),GS글로벌,T4K,462,153.0,615.0,2024년도 전기자동차 세종특별자치시 모델별 보조금,2024,세종특별자치시
화물(소형),GS글로벌,T4K 냉동탑차,711,236.0,947.0,2024년도 전기자동차 세종특별자치시 모델별 보조금,2024,세종특별자치시
화물(소형),에스에스라이트,젤라,336,111.0,447.0,2024년도 전기자동차 세종특별자치시 모델별 보조금,2024,세종특별자치시
화물(소형),에스에스라이트,젤라 P200,478,159.0,637.0,2024년도 전기자동차 세종특별자치시 모델별 보조금,2024,세종특별자치시
화물(소형),한국쓰리축,한국쓰리축1톤롱바디EV트럭(봉고),837,278.0,1115.0,2024년도 전기자동차 세종특별자치시 모델별 보조금,2024,세종특별자치시
화물(소형),한국쓰리축,한국쓰리축1톤롱바디EV트럭(포터),855,284.0,1139.0,2024년도 전기자동차 세종특별자치시 모델별 보조금,2024,세종특별자치시
화물(소형),모빌리티네트웍스,SE-A2밴,333,110.0,443.0,2024년도 전기자동차 세종특별자치시 모델별 보조금,2024,세종특별자치시
화물(소형),피닉스코리아,썬라이즈-T01,412,137.0,549.0,2024년도 전기자동차 세종특별자치시 모델별 보조금,2024,세종특별자치시
화물(소형),케이지모빌리티,토레스 EVX VAN 20인치,392,130.0,522.0,2024년도 전기자동차 세종특별자치시 모델별 보조금,2024,세종특별자치시
화물(소형),케이지모빌리티,토레스 EVX VAN 18인치,394,131.0,525.0,2024년도 전기자동차 세종특별자치시 모델별 보조금,2024,세종특별자치시
화물(소형),한국상용트럭,한국상용1톤롱바디EV카고트럭,818,272.0,1090.0,2024년도 전기자동차 세종특별자치시 모델별 보조금,2024,세종특별자치시
화물(소형),한국상용트럭,한국상용0.9톤롱바디EV내장탑트럭,593,197.0,790.0,2024년도 전기자동차 세종특별자치시 모델별 보조금,2024,세종특별자치시
화물(소형),센트로에이케이,E-CV1,282,93.0,375.0,2024년도 전기자동차 세종특별자치시 모델별 보조금,2024,세종특별자치시
화물(소형),파츠몰에이투지,SW40,412,137.0,549.0,2024년도 전기자동차 세종특별자치시 모델별 보조금,2024,세종특별자치시
화물(소형),이브이앤솔루션,STEGO-Z,540,179.0,719.0,2024년도 전기자동차 세종특별자치시 모델별 보조금,2024,세종특별자치시
화물(초소형),마스타전기차,MASTA VAN,400,200.0,600.0,2024년도 전기자동차 수원시 모델별 보조금,2024,수원시
화물(초소형),마스타전기차,MASTA HIM,400,200.0,600.0,2024년도 전기자동차 수원시 모델별 보조금,2024,수원시
화물(초소형),디피코,포트로-탑,400,200.0,600.0,2024년도 전기자동차 수원시 모델별 보조금,2024,수원시
화물(초소형),디피코,포트로-픽업,400,200.0,600.0,2024년도 전기자동차 수원시 모델별 보조금,2024,수원시
화물(초소형),디피코,포트로-탑S,400,200.0,600.0,2024년도 전기자동차 수원시 모델별 보조금,2024,수원시
화물(초소형),디피코,포트로-픽업S,400,200.0,600.0,2024년도 전기자동차 수원시 모델별 보조금,2024,수원시
화물(초소형),마이브,베프,400,200.0,600.0,2024년도 전기자동차 수원시 모델별 보조금,2024,수원시
화물(경형),디피코,포트로350L-탑,788,344.0,1132.0,2024년도 전기자동차 수원시 모델별 보조금,2024,수원시
화물(경형),디피코,포트로350L-픽업,788,344.0,1132.0,2024년도 전기자동차 수원시 모델별 보조금,2024,수원시
화물(소형),파워프라자,봉고3ev PEACE,554,251.0,805.0,2024년도 전기자동차 수원시 모델별 보조금,2024,수원시
화물(소형),파워프라자,봉고3ev PEACE 더블캡,481,218.0,699.0,2024년도 전기자동차 수원시 모델별 보조금,2024,수원시
화물(소형),현대자동차,포터Ⅱ 일렉트릭(23MY),1090,477.0,1567.0,2024년도 전기자동차 수원시 모델별 보조금,2024,수원시
화물(소형),현대자동차,포터Ⅱ 일렉트릭(24MY),1090,477.0,1567.0,2024년도 전기자동차 수원시 모델별 보조금,2024,수원시
화물(소형),현대자동차,ST1 기본형 카고 17인치,1100,500.0,1600.0,2024년도 전기자동차 수원시 모델별 보조금,2024,수원시
화물(소형),현대자동차,ST1 기본형 카고 냉동 17인치,1450,659.0,2109.0,2024년도 전기자동차 수원시 모델별 보조금,2024,수원시
화물(소형),현대자동차,ST1 기본형 하이탑 17인치,1100,500.0,1600.0,2024년도 전기자동차 수원시 모델별 보조금,2024,수원시
화물(소형),기아,봉고 전기차,1130,477.0,1607.0,2024년도 전기자동차 수원시 모델별 보조금,2024,수원시
화물(소형),기아,봉고 전기차 냉동탑차,1330,573.0,1903.0,2024년도 전기자동차 수원시 모델별 보조금,2024,수원시
화물(소형),기아,봉고 전기차 저상형 냉동탑차,1330,573.0,1903.0,2024년도 전기자동차 수원시 모델별 보조금,2024,수원시
화물(소형),일진정공,일진무시동전기냉동탑차(149.9km),916,416.0,1332.0,2024년도 전기자동차 수원시 모델별 보조금,2024,수원시
화물(소형),일진정공,일진무시동전기냉동탑차(186.1km),1169,531.0,1700.0,2024년도 전기자동차 수원시 모델별 보조금,2024,수원시
화물(소형),일진정공,일진무시동전기냉동탑차(봉고),1379,593.0,1972.0,2024년도 전기자동차 수원시 모델별 보조금,2024,수원시
화물(소형),일진정공,일진무시동전기냉동탑차(포터),1363,586.0,1949.0,2024년도 전기자동차 수원시 모델별 보조금,2024,수원시
화물(소형),루트17,다니고C(0.8톤 전기트럭),1068,443.0,1511.0,2024년도 전기자동차 수원시 모델별 보조금,2024,수원시
화물(소형),루트17,다니고C2(0.8톤 전기트럭),268,121.0,389.0,2024년도 전기자동차 수원시 모델별 보조금,2024,수원시
화물(소형),루트17,다니고R(전기냉동탑차),1224,521.0,1745.0,2024년도 전기자동차 수원시 모델별 보조금,2024,수원시
화물(소형),루트17,다니고R2(무시동 전기냉동탑차),1123,479.0,1602.0,2024년도 전기자동차 수원시 모델별 보조금,2024,수원시
화물(소형),루트17,e-TOVI,464,210.0,674.0,2024년도 전기자동차 수원시 모델별 보조금,2024,수원시
화물(소형),이브이케이엠씨,MASADA 픽업,295,134.0,429.0,2024년도 전기자동차 수원시 모델별 보조금,2024,수원시
화물(소형),이브이케이엠씨,MASADA 3세대 2밴,274,124.0,398.0,2024년도 전기자동차 수원시 모델별 보조금,2024,수원시
화물(소형),이브이케이엠씨,MASADA 3세대 4밴,246,111.0,357.0,2024년도 전기자동차 수원시 모델별 보조금,2024,수원시
화물(소형),이브이케이엠씨,MASADA 2밴,299,135.0,434.0,2024년도 전기자동차 수원시 모델별 보조금,2024,수원시
화물(소형),이브이케이엠씨,MASADA 4밴,269,122.0,391.0,2024년도 전기자동차 수원시 모델별 보조금,2024,수원시
화물(소형),이브이케이엠씨,EC35 2밴,194,88.0,282.0,2024년도 전기자동차 수원시 모델별 보조금,2024,수원시
화물(소형),제이스모빌리티,이티밴,405,184.0,589.0,2024년도 전기자동차 수원시 모델별 보조금,2024,수원시
화물(소형),제이스모빌리티,이티4밴,364,165.0,529.0,2024년도 전기자동차 수원시 모델별 보조금,2024,수원시
화물(소형),제이스모빌리티,이티밴 미니 2인승,412,187.0,599.0,2024년도 전기자동차 수원시 모델별 보조금,2024,수원시
화물(소형),제이스모빌리티,이티밴 미니 4인승,412,187.0,599.0,2024년도 전기자동차 수원시 모델별 보조금,2024,수원시
화물(소형),제이스모빌리티,이티밴 프로 2인승,412,187.0,599.0,2024년도 전기자동차 수원시 모델별 보조금,2024,수원시
화물(소형),제이스모빌리티,이티밴 프로 4인승,412,187.0,599.0,2024년도 전기자동차 수원시 모델별 보조금,2024,수원시
화물(소형),오텍,오텍 무시동 전기 냉동탑차(봉고),1118,508.0,1626.0,2024년도 전기자동차 수원시 모델별 보조금,2024,수원시
화물(소형),이엔플러스,이엔1톤롱바디카고,850,386.0,1236.0,2024년도 전기자동차 수원시 모델별 보조금,2024,수원시
화물(소형),이엔플러스,이엔플러스EV1톤롱바디트럭,895,406.0,1301.0,2024년도 전기자동차 수원시 모델별 보조금,2024,수원시
화물(소형),GS글로벌,T4K,462,210.0,672.0,2024년도 전기자동차 수원시 모델별 보조금,2024,수원시
화물(소형),GS글로벌,T4K 냉동탑차,711,323.0,1034.0,2024년도 전기자동차 수원시 모델별 보조금,2024,수원시
화물(소형),에스에스라이트,젤라,336,152.0,488.0,2024년도 전기자동차 수원시 모델별 보조금,2024,수원시
화물(소형),에스에스라이트,젤라 P200,478,217.0,695.0,2024년도 전기자동차 수원시 모델별 보조금,2024,수원시
화물(소형),한국쓰리축,한국쓰리축1톤롱바디EV트럭(봉고),837,380.0,1217.0,2024년도 전기자동차 수원시 모델별 보조금,2024,수원시
화물(소형),한국쓰리축,한국쓰리축1톤롱바디EV트럭(포터),855,388.0,1243.0,2024년도 전기자동차 수원시 모델별 보조금,2024,수원시
화물(소형),모빌리티네트웍스,SE-A2밴,333,151.0,484.0,2024년도 전기자동차 수원시 모델별 보조금,2024,수원시
화물(소형),피닉스코리아,썬라이즈-T01,412,187.0,599.0,2024년도 전기자동차 수원시 모델별 보조금,2024,수원시
화물(소형),케이지모빌리티,토레스 EVX VAN 20인치,392,150.0,542.0,2024년도 전기자동차 수원시 모델별 보조금,2024,수원시
화물(소형),케이지모빌리티,토레스 EVX VAN 18인치,394,151.0,545.0,2024년도 전기자동차 수원시 모델별 보조금,2024,수원시
화물(소형),한국상용트럭,한국상용1톤롱바디EV카고트럭,818,371.0,1189.0,2024년도 전기자동차 수원시 모델별 보조금,2024,수원시
화물(소형),한국상용트럭,한국상용0.9톤롱바디EV내장탑트럭,593,269.0,862.0,2024년도 전기자동차 수원시 모델별 보조금,2024,수원시
화물(소형),센트로에이케이,E-CV1,282,128.0,410.0,2024년도 전기자동차 수원시 모델별 보조금,2024,수원시
화물(소형),파츠몰에이투지,SW40,412,187.0,599.0,2024년도 전기자동차 수원시 모델별 보조금,2024,수원시
화물(소형),이브이앤솔루션,STEGO-Z,540,245.0,785.0,2024년도 전기자동차 수원시 모델별 보조금,2024,수원시
화물(초소형),마스타전기차,MASTA VAN,400,240.0,640.0,2024년도 전기자동차 성남시 모델별 보조금,2024,성남시
화물(초소형),마스타전기차,MASTA HIM,400,240.0,640.0,2024년도 전기자동차 성남시 모델별 보조금,2024,성남시
화물(초소형),디피코,포트로-탑,400,240.0,640.0,2024년도 전기자동차 성남시 모델별 보조금,2024,성남시
화물(초소형),디피코,포트로-픽업,400,240.0,640.0,2024년도 전기자동차 성남시 모델별 보조금,2024,성남시
화물(초소형),디피코,포트로-탑S,400,240.0,640.0,2024년도 전기자동차 성남시 모델별 보조금,2024,성남시
화물(초소형),디피코,포트로-픽업S,400,240.0,640.0,2024년도 전기자동차 성남시 모델별 보조금,2024,성남시
화물(초소형),마이브,베프,400,240.0,640.0,2024년도 전기자동차 성남시 모델별 보조금,2024,성남시
화물(경형),디피코,포트로350L-탑,788,453.0,1241.0,2024년도 전기자동차 성남시 모델별 보조금,2024,성남시
화물(경형),디피코,포트로350L-픽업,788,453.0,1241.0,2024년도 전기자동차 성남시 모델별 보조금,2024,성남시
화물(소형),파워프라자,봉고3ev PEACE,554,327.0,881.0,2024년도 전기자동차 성남시 모델별 보조금,2024,성남시
화물(소형),파워프라자,봉고3ev PEACE 더블캡,481,284.0,765.0,2024년도 전기자동차 성남시 모델별 보조금,2024,성남시
화물(소형),현대자동차,포터Ⅱ 일렉트릭(23MY),1090,620.0,1710.0,2024년도 전기자동차 성남시 모델별 보조금,2024,성남시
화물(소형),현대자동차,포터Ⅱ 일렉트릭(24MY),1090,620.0,1710.0,2024년도 전기자동차 성남시 모델별 보조금,2024,성남시
화물(소형),현대자동차,ST1 기본형 카고 17인치,1100,650.0,1750.0,2024년도 전기자동차 성남시 모델별 보조금,2024,성남시
화물(소형),현대자동차,ST1 기본형 카고 냉동 17인치,1450,650.0,2100.0,2024년도 전기자동차 성남시 모델별 보조금,2024,성남시
화물(소형),현대자동차,ST1 기본형 하이탑 17인치,1100,650.0,1750.0,2024년도 전기자동차 성남시 모델별 보조금,2024,성남시
화물(소형),기아,봉고 전기차,1130,620.0,1750.0,2024년도 전기자동차 성남시 모델별 보조금,2024,성남시
화물(소형),기아,봉고 전기차 냉동탑차,1330,650.0,1980.0,2024년도 전기자동차 성남시 모델별 보조금,2024,성남시
화물(소형),기아,봉고 전기차 저상형 냉동탑차,1330,650.0,1980.0,2024년도 전기자동차 성남시 모델별 보조금,2024,성남시
화물(소형),일진정공,일진무시동전기냉동탑차(149.9km),916,541.0,1457.0,2024년도 전기자동차 성남시 모델별 보조금,2024,성남시
화물(소형),일진정공,일진무시동전기냉동탑차(186.1km),1169,650.0,1819.0,2024년도 전기자동차 성남시 모델별 보조금,2024,성남시
화물(소형),일진정공,일진무시동전기냉동탑차(봉고),1379,650.0,2029.0,2024년도 전기자동차 성남시 모델별 보조금,2024,성남시
화물(소형),일진정공,일진무시동전기냉동탑차(포터),1363,650.0,2013.0,2024년도 전기자동차 성남시 모델별 보조금,2024,성남시
화물(소형),루트17,다니고C(0.8톤 전기트럭),1068,576.0,1644.0,2024년도 전기자동차 성남시 모델별 보조금,2024,성남시
화물(소형),루트17,다니고C2(0.8톤 전기트럭),268,158.0,426.0,2024년도 전기자동차 성남시 모델별 보조금,2024,성남시
화물(소형),루트17,다니고R(전기냉동탑차),1224,650.0,1874.0,2024년도 전기자동차 성남시 모델별 보조금,2024,성남시
화물(소형),루트17,다니고R2(무시동 전기냉동탑차),1123,623.0,1746.0,2024년도 전기자동차 성남시 모델별 보조금,2024,성남시
화물(소형),루트17,e-TOVI,464,274.0,738.0,2024년도 전기자동차 성남시 모델별 보조금,2024,성남시
화물(소형),이브이케이엠씨,MASADA 픽업,295,174.0,469.0,2024년도 전기자동차 성남시 모델별 보조금,2024,성남시
화물(소형),이브이케이엠씨,MASADA 3세대 2밴,274,161.0,435.0,2024년도 전기자동차 성남시 모델별 보조금,2024,성남시
화물(소형),이브이케이엠씨,MASADA 3세대 4밴,246,145.0,391.0,2024년도 전기자동차 성남시 모델별 보조금,2024,성남시
화물(소형),이브이케이엠씨,MASADA 2밴,299,176.0,475.0,2024년도 전기자동차 성남시 모델별 보조금,2024,성남시
화물(소형),이브이케이엠씨,MASADA 4밴,269,158.0,427.0,2024년도 전기자동차 성남시 모델별 보조금,2024,성남시
화물(소형),이브이케이엠씨,EC35 2밴,194,114.0,308.0,2024년도 전기자동차 성남시 모델별 보조금,2024,성남시
화물(소형),제이스모빌리티,이티밴,405,239.0,644.0,2024년도 전기자동차 성남시 모델별 보조금,2024,성남시
화물(소형),제이스모빌리티,이티4밴,364,215.0,579.0,2024년도 전기자동차 성남시 모델별 보조금,2024,성남시
화물(소형),제이스모빌리티,이티밴 미니 2인승,412,243.0,655.0,2024년도 전기자동차 성남시 모델별 보조금,2024,성남시
화물(소형),제이스모빌리티,이티밴 미니 4인승,412,243.0,655.0,2024년도 전기자동차 성남시 모델별 보조금,2024,성남시
화물(소형),제이스모빌리티,이티밴 프로 2인승,412,243.0,655.0,2024년도 전기자동차 성남시 모델별 보조금,2024,성남시
화물(소형),제이스모빌리티,이티밴 프로 4인승,412,243.0,655.0,2024년도 전기자동차 성남시 모델별 보조금,2024,성남시
화물(소형),오텍,오텍 무시동 전기 냉동탑차(봉고),1118,650.0,1768.0,2024년도 전기자동차 성남시 모델별 보조금,2024,성남시
화물(소형),이엔플러스,이엔1톤롱바디카고,850,502.0,1352.0,2024년도 전기자동차 성남시 모델별 보조금,2024,성남시
화물(소형),이엔플러스,이엔플러스EV1톤롱바디트럭,895,528.0,1423.0,2024년도 전기자동차 성남시 모델별 보조금,2024,성남시
화물(소형),GS글로벌,T4K,462,273.0,735.0,2024년도 전기자동차 성남시 모델별 보조금,2024,성남시
화물(소형),GS글로벌,T4K 냉동탑차,711,420.0,1131.0,2024년도 전기자동차 성남시 모델별 보조금,2024,성남시
화물(소형),에스에스라이트,젤라,336,198.0,534.0,2024년도 전기자동차 성남시 모델별 보조금,2024,성남시
화물(소형),에스에스라이트,젤라 P200,478,282.0,760.0,2024년도 전기자동차 성남시 모델별 보조금,2024,성남시
화물(소형),한국쓰리축,한국쓰리축1톤롱바디EV트럭(봉고),837,494.0,1331.0,2024년도 전기자동차 성남시 모델별 보조금,2024,성남시
화물(소형),한국쓰리축,한국쓰리축1톤롱바디EV트럭(포터),855,505.0,1360.0,2024년도 전기자동차 성남시 모델별 보조금,2024,성남시
화물(소형),모빌리티네트웍스,SE-A2밴,333,196.0,529.0,2024년도 전기자동차 성남시 모델별 보조금,2024,성남시
화물(소형),피닉스코리아,썬라이즈-T01,412,243.0,655.0,2024년도 전기자동차 성남시 모델별 보조금,2024,성남시
화물(소형),케이지모빌리티,토레스 EVX VAN 20인치,392,180.0,572.0,2024년도 전기자동차 성남시 모델별 보조금,2024,성남시
화물(소형),케이지모빌리티,토레스 EVX VAN 18인치,394,181.0,575.0,2024년도 전기자동차 성남시 모델별 보조금,2024,성남시
화물(소형),한국상용트럭,한국상용1톤롱바디EV카고트럭,818,483.0,1301.0,2024년도 전기자동차 성남시 모델별 보조금,2024,성남시
화물(소형),한국상용트럭,한국상용0.9톤롱바디EV내장탑트럭,593,350.0,943.0,2024년도 전기자동차 성남시 모델별 보조금,2024,성남시
화물(소형),센트로에이케이,E-CV1,282,166.0,448.0,2024년도 전기자동차 성남시 모델별 보조금,2024,성남시
화물(소형),파츠몰에이투지,SW40,412,243.0,655.0,2024년도 전기자동차 성남시 모델별 보조금,2024,성남시
화물(소형),이브이앤솔루션,STEGO-Z,540,319.0,859.0,2024년도 전기자동차 성남시 모델별 보조금,2024,성남시
화물(초소형),마스타전기차,MASTA VAN,400,174.0,574.0,2024년도 전기자동차 의정부시 모델별 보조금,2024,의정부시
화물(초소형),마스타전기차,MASTA HIM,400,174.0,574.0,2024년도 전기자동차 의정부시 모델별 보조금,2024,의정부시
화물(초소형),디피코,포트로-탑,400,174.0,574.0,2024년도 전기자동차 의정부시 모델별 보조금,2024,의정부시
화물(초소형),디피코,포트로-픽업,400,174.0,574.0,2024년도 전기자동차 의정부시 모델별 보조금,2024,의정부시
화물(초소형),디피코,포트로-탑S,400,174.0,574.0,2024년도 전기자동차 의정부시 모델별 보조금,2024,의정부시
화물(초소형),디피코,포트로-픽업S,400,174.0,574.0,2024년도 전기자동차 의정부시 모델별 보조금,2024,의정부시
화물(초소형),마이브,베프,400,174.0,574.0,2024년도 전기자동차 의정부시 모델별 보조금,2024,의정부시
화물(경형),디피코,포트로350L-탑,788,326.0,1114.0,2024년도 전기자동차 의정부시 모델별 보조금,2024,의정부시
화물(경형),디피코,포트로350L-픽업,788,326.0,1114.0,2024년도 전기자동차 의정부시 모델별 보조금,2024,의정부시
화물(소형),파워프라자,봉고3ev PEACE,554,229.0,783.0,2024년도 전기자동차 의정부시 모델별 보조금,2024,의정부시
화물(소형),파워프라자,봉고3ev PEACE 더블캡,481,198.0,679.0,2024년도 전기자동차 의정부시 모델별 보조금,2024,의정부시
화물(소형),현대자동차,포터Ⅱ 일렉트릭(23MY),1090,434.0,1524.0,2024년도 전기자동차 의정부시 모델별 보조금,2024,의정부시
화물(소형),현대자동차,포터Ⅱ 일렉트릭(24MY),1090,434.0,1524.0,2024년도 전기자동차 의정부시 모델별 보조금,2024,의정부시
화물(소형),현대자동차,ST1 기본형 카고 17인치,1100,455.0,1555.0,2024년도 전기자동차 의정부시 모델별 보조금,2024,의정부시
화물(소형),현대자동차,ST1 기본형 카고 냉동 17인치,1450,455.0,1905.0,2024년도 전기자동차 의정부시 모델별 보조금,2024,의정부시
화물(소형),현대자동차,ST1 기본형 하이탑 17인치,1100,455.0,1555.0,2024년도 전기자동차 의정부시 모델별 보조금,2024,의정부시
화물(소형),기아,봉고 전기차,1130,434.0,1564.0,2024년도 전기자동차 의정부시 모델별 보조금,2024,의정부시
화물(소형),기아,봉고 전기차 냉동탑차,1330,455.0,1785.0,2024년도 전기자동차 의정부시 모델별 보조금,2024,의정부시
화물(소형),기아,봉고 전기차 저상형 냉동탑차,1330,455.0,1785.0,2024년도 전기자동차 의정부시 모델별 보조금,2024,의정부시
화물(소형),일진정공,일진무시동전기냉동탑차(149.9km),916,378.0,1294.0,2024년도 전기자동차 의정부시 모델별 보조금,2024,의정부시
화물(소형),일진정공,일진무시동전기냉동탑차(186.1km),1169,455.0,1624.0,2024년도 전기자동차 의정부시 모델별 보조금,2024,의정부시
화물(소형),일진정공,일진무시동전기냉동탑차(봉고),1379,455.0,1834.0,2024년도 전기자동차 의정부시 모델별 보조금,2024,의정부시
화물(소형),일진정공,일진무시동전기냉동탑차(포터),1363,455.0,1818.0,2024년도 전기자동차 의정부시 모델별 보조금,2024,의정부시
화물(소형),루트17,다니고C(0.8톤 전기트럭),1068,403.0,1471.0,2024년도 전기자동차 의정부시 모델별 보조금,2024,의정부시
화물(소형),루트17,다니고C2(0.8톤 전기트럭),268,110.0,378.0,2024년도 전기자동차 의정부시 모델별 보조금,2024,의정부시
화물(소형),루트17,다니고R(전기냉동탑차),1224,455.0,1679.0,2024년도 전기자동차 의정부시 모델별 보조금,2024,의정부시
화물(소형),루트17,다니고R2(무시동 전기냉동탑차),1123,436.0,1559.0,2024년도 전기자동차 의정부시 모델별 보조금,2024,의정부시
화물(소형),루트17,e-TOVI,464,191.0,655.0,2024년도 전기자동차 의정부시 모델별 보조금,2024,의정부시
화물(소형),이브이케이엠씨,MASADA 픽업,295,122.0,417.0,2024년도 전기자동차 의정부시 모델별 보조금,2024,의정부시
화물(소형),이브이케이엠씨,MASADA 3세대 2밴,274,113.0,387.0,2024년도 전기자동차 의정부시 모델별 보조금,2024,의정부시
화물(소형),이브이케이엠씨,MASADA 3세대 4밴,246,101.0,347.0,2024년도 전기자동차 의정부시 모델별 보조금,2024,의정부시
화물(소형),이브이케이엠씨,MASADA 2밴,299,123.0,422.0,2024년도 전기자동차 의정부시 모델별 보조금,2024,의정부시
화물(소형),이브이케이엠씨,MASADA 4밴,269,111.0,380.0,2024년도 전기자동차 의정부시 모델별 보조금,2024,의정부시
화물(소형),이브이케이엠씨,EC35 2밴,194,80.0,274.0,2024년도 전기자동차 의정부시 모델별 보조금,2024,의정부시
화물(소형),제이스모빌리티,이티밴,405,167.0,572.0,2024년도 전기자동차 의정부시 모델별 보조금,2024,의정부시
화물(소형),제이스모빌리티,이티4밴,364,150.0,514.0,2024년도 전기자동차 의정부시 모델별 보조금,2024,의정부시
화물(소형),제이스모빌리티,이티밴 미니 2인승,412,170.0,582.0,2024년도 전기자동차 의정부시 모델별 보조금,2024,의정부시
화물(소형),제이스모빌리티,이티밴 미니 4인승,412,170.0,582.0,2024년도 전기자동차 의정부시 모델별 보조금,2024,의정부시
화물(소형),제이스모빌리티,이티밴 프로 2인승,412,170.0,582.0,2024년도 전기자동차 의정부시 모델별 보조금,2024,의정부시
화물(소형),제이스모빌리티,이티밴 프로 4인승,412,170.0,582.0,2024년도 전기자동차 의정부시 모델별 보조금,2024,의정부시
화물(소형),오텍,오텍 무시동 전기 냉동탑차(봉고),1118,455.0,1573.0,2024년도 전기자동차 의정부시 모델별 보조금,2024,의정부시
화물(소형),이엔플러스,이엔1톤롱바디카고,850,351.0,1201.0,2024년도 전기자동차 의정부시 모델별 보조금,2024,의정부시
화물(소형),이엔플러스,이엔플러스EV1톤롱바디트럭,895,370.0,1265.0,2024년도 전기자동차 의정부시 모델별 보조금,2024,의정부시
화물(소형),GS글로벌,T4K,462,191.0,653.0,2024년도 전기자동차 의정부시 모델별 보조금,2024,의정부시
화물(소형),GS글로벌,T4K 냉동탑차,711,294.0,1005.0,2024년도 전기자동차 의정부시 모델별 보조금,2024,의정부시
화물(소형),에스에스라이트,젤라,336,138.0,474.0,2024년도 전기자동차 의정부시 모델별 보조금,2024,의정부시
화물(소형),에스에스라이트,젤라 P200,478,197.0,675.0,2024년도 전기자동차 의정부시 모델별 보조금,2024,의정부시
화물(소형),한국쓰리축,한국쓰리축1톤롱바디EV트럭(봉고),837,346.0,1183.0,2024년도 전기자동차 의정부시 모델별 보조금,2024,의정부시
화물(소형),한국쓰리축,한국쓰리축1톤롱바디EV트럭(포터),855,353.0,1208.0,2024년도 전기자동차 의정부시 모델별 보조금,2024,의정부시
화물(소형),모빌리티네트웍스,SE-A2밴,333,137.0,470.0,2024년도 전기자동차 의정부시 모델별 보조금,2024,의정부시
화물(소형),피닉스코리아,썬라이즈-T01,412,170.0,582.0,2024년도 전기자동차 의정부시 모델별 보조금,2024,의정부시
화물(소형),케이지모빌리티,토레스 EVX VAN 20인치,392,144.0,536.0,2024년도 전기자동차 의정부시 모델별 보조금,2024,의정부시
화물(소형),케이지모빌리티,토레스 EVX VAN 18인치,394,145.0,539.0,2024년도 전기자동차 의정부시 모델별 보조금,2024,의정부시
화물(소형),한국상용트럭,한국상용1톤롱바디EV카고트럭,818,338.0,1156.0,2024년도 전기자동차 의정부시 모델별 보조금,2024,의정부시
화물(소형),한국상용트럭,한국상용0.9톤롱바디EV내장탑트럭,593,245.0,838.0,2024년도 전기자동차 의정부시 모델별 보조금,2024,의정부시
화물(소형),센트로에이케이,E-CV1,282,116.0,398.0,2024년도 전기자동차 의정부시 모델별 보조금,2024,의정부시
화물(소형),파츠몰에이투지,SW40,412,170.0,582.0,2024년도 전기자동차 의정부시 모델별 보조금,2024,의정부시
화물(소형),이브이앤솔루션,STEGO-Z,540,223.0,763.0,2024년도 전기자동차 의정부시 모델별 보조금,2024,의정부시
화물(초소형),마스타전기차,MASTA VAN,400,200.0,600.0,2024년도 전기자동차 안양시 모델별 보조금,2024,안양시
화물(초소형),마스타전기차,MASTA HIM,400,200.0,600.0,2024년도 전기자동차 안양시 모델별 보조금,2024,안양시
화물(초소형),디피코,포트로-탑,400,200.0,600.0,2024년도 전기자동차 안양시 모델별 보조금,2024,안양시
화물(초소형),디피코,포트로-픽업,400,200.0,600.0,2024년도 전기자동차 안양시 모델별 보조금,2024,안양시
화물(초소형),디피코,포트로-탑S,400,200.0,600.0,2024년도 전기자동차 안양시 모델별 보조금,2024,안양시
화물(초소형),디피코,포트로-픽업S,400,200.0,600.0,2024년도 전기자동차 안양시 모델별 보조금,2024,안양시
화물(초소형),마이브,베프,400,200.0,600.0,2024년도 전기자동차 안양시 모델별 보조금,2024,안양시
화물(경형),디피코,포트로350L-탑,788,394.0,1182.0,2024년도 전기자동차 안양시 모델별 보조금,2024,안양시
화물(경형),디피코,포트로350L-픽업,788,394.0,1182.0,2024년도 전기자동차 안양시 모델별 보조금,2024,안양시
화물(소형),파워프라자,봉고3ev PEACE,554,277.0,831.0,2024년도 전기자동차 안양시 모델별 보조금,2024,안양시
화물(소형),파워프라자,봉고3ev PEACE 더블캡,481,240.0,721.0,2024년도 전기자동차 안양시 모델별 보조금,2024,안양시
화물(소형),현대자동차,포터Ⅱ 일렉트릭(23MY),1090,525.0,1615.0,2024년도 전기자동차 안양시 모델별 보조금,2024,안양시
화물(소형),현대자동차,포터Ⅱ 일렉트릭(24MY),1090,525.0,1615.0,2024년도 전기자동차 안양시 모델별 보조금,2024,안양시
화물(소형),현대자동차,ST1 기본형 카고 17인치,1100,550.0,1650.0,2024년도 전기자동차 안양시 모델별 보조금,2024,안양시
화물(소형),현대자동차,ST1 기본형 카고 냉동 17인치,1450,725.0,2175.0,2024년도 전기자동차 안양시 모델별 보조금,2024,안양시
화물(소형),현대자동차,ST1 기본형 하이탑 17인치,1100,550.0,1650.0,2024년도 전기자동차 안양시 모델별 보조금,2024,안양시
화물(소형),기아,봉고 전기차,1130,525.0,1655.0,2024년도 전기자동차 안양시 모델별 보조금,2024,안양시
화물(소형),기아,봉고 전기차 냉동탑차,1330,630.0,1960.0,2024년도 전기자동차 안양시 모델별 보조금,2024,안양시
화물(소형),기아,봉고 전기차 저상형 냉동탑차,1330,630.0,1960.0,2024년도 전기자동차 안양시 모델별 보조금,2024,안양시
화물(소형),일진정공,일진무시동전기냉동탑차(149.9km),916,458.0,1374.0,2024년도 전기자동차 안양시 모델별 보조금,2024,안양시
화물(소형),일진정공,일진무시동전기냉동탑차(186.1km),1169,584.0,1753.0,2024년도 전기자동차 안양시 모델별 보조금,2024,안양시
화물(소형),일진정공,일진무시동전기냉동탑차(봉고),1379,653.0,2032.0,2024년도 전기자동차 안양시 모델별 보조금,2024,안양시
화물(소형),일진정공,일진무시동전기냉동탑차(포터),1363,645.0,2008.0,2024년도 전기자동차 안양시 모델별 보조금,2024,안양시
화물(소형),루트17,다니고C(0.8톤 전기트럭),1068,487.0,1555.0,2024년도 전기자동차 안양시 모델별 보조금,2024,안양시
화물(소형),루트17,다니고C2(0.8톤 전기트럭),268,134.0,402.0,2024년도 전기자동차 안양시 모델별 보조금,2024,안양시
화물(소형),루트17,다니고R(전기냉동탑차),1224,573.0,1797.0,2024년도 전기자동차 안양시 모델별 보조금,2024,안양시
화물(소형),루트17,다니고R2(무시동 전기냉동탑차),1123,527.0,1650.0,2024년도 전기자동차 안양시 모델별 보조금,2024,안양시
화물(소형),루트17,e-TOVI,464,232.0,696.0,2024년도 전기자동차 안양시 모델별 보조금,2024,안양시
화물(소형),이브이케이엠씨,MASADA 픽업,295,147.0,442.0,2024년도 전기자동차 안양시 모델별 보조금,2024,안양시
화물(소형),이브이케이엠씨,MASADA 3세대 2밴,274,137.0,411.0,2024년도 전기자동차 안양시 모델별 보조금,2024,안양시
화물(소형),이브이케이엠씨,MASADA 3세대 4밴,246,123.0,369.0,2024년도 전기자동차 안양시 모델별 보조금,2024,안양시
화물(소형),이브이케이엠씨,MASADA 2밴,299,149.0,448.0,2024년도 전기자동차 안양시 모델별 보조금,2024,안양시
화물(소형),이브이케이엠씨,MASADA 4밴,269,134.0,403.0,2024년도 전기자동차 안양시 모델별 보조금,2024,안양시
화물(소형),이브이케이엠씨,EC35 2밴,194,97.0,291.0,2024년도 전기자동차 안양시 모델별 보조금,2024,안양시
화물(소형),제이스모빌리티,이티밴,405,202.0,607.0,2024년도 전기자동차 안양시 모델별 보조금,2024,안양시
화물(소형),제이스모빌리티,이티4밴,364,182.0,546.0,2024년도 전기자동차 안양시 모델별 보조금,2024,안양시
화물(소형),제이스모빌리티,이티밴 미니 2인승,412,206.0,618.0,2024년도 전기자동차 안양시 모델별 보조금,2024,안양시
화물(소형),제이스모빌리티,이티밴 미니 4인승,412,206.0,618.0,2024년도 전기자동차 안양시 모델별 보조금,2024,안양시
화물(소형),제이스모빌리티,이티밴 프로 2인승,412,206.0,618.0,2024년도 전기자동차 안양시 모델별 보조금,2024,안양시
화물(소형),제이스모빌리티,이티밴 프로 4인승,412,206.0,618.0,2024년도 전기자동차 안양시 모델별 보조금,2024,안양시
화물(소형),오텍,오텍 무시동 전기 냉동탑차(봉고),1118,559.0,1677.0,2024년도 전기자동차 안양시 모델별 보조금,2024,안양시
화물(소형),이엔플러스,이엔1톤롱바디카고,850,425.0,1275.0,2024년도 전기자동차 안양시 모델별 보조금,2024,안양시
화물(소형),이엔플러스,이엔플러스EV1톤롱바디트럭,895,447.0,1342.0,2024년도 전기자동차 안양시 모델별 보조금,2024,안양시
화물(소형),GS글로벌,T4K,462,231.0,693.0,2024년도 전기자동차 안양시 모델별 보조금,2024,안양시
화물(소형),GS글로벌,T4K 냉동탑차,711,355.0,1066.0,2024년도 전기자동차 안양시 모델별 보조금,2024,안양시
화물(소형),에스에스라이트,젤라,336,168.0,504.0,2024년도 전기자동차 안양시 모델별 보조금,2024,안양시
화물(소형),에스에스라이트,젤라 P200,478,239.0,717.0,2024년도 전기자동차 안양시 모델별 보조금,2024,안양시
화물(소형),한국쓰리축,한국쓰리축1톤롱바디EV트럭(봉고),837,418.0,1255.0,2024년도 전기자동차 안양시 모델별 보조금,2024,안양시
화물(소형),한국쓰리축,한국쓰리축1톤롱바디EV트럭(포터),855,427.0,1282.0,2024년도 전기자동차 안양시 모델별 보조금,2024,안양시
화물(소형),모빌리티네트웍스,SE-A2밴,333,166.0,499.0,2024년도 전기자동차 안양시 모델별 보조금,2024,안양시
화물(소형),피닉스코리아,썬라이즈-T01,412,206.0,618.0,2024년도 전기자동차 안양시 모델별 보조금,2024,안양시
화물(소형),케이지모빌리티,토레스 EVX VAN 20인치,392,180.0,572.0,2024년도 전기자동차 안양시 모델별 보조금,2024,안양시
화물(소형),케이지모빌리티,토레스 EVX VAN 18인치,394,181.0,575.0,2024년도 전기자동차 안양시 모델별 보조금,2024,안양시
화물(소형),한국상용트럭,한국상용1톤롱바디EV카고트럭,818,409.0,1227.0,2024년도 전기자동차 안양시 모델별 보조금,2024,안양시
화물(소형),한국상용트럭,한국상용0.9톤롱바디EV내장탑트럭,593,296.0,889.0,2024년도 전기자동차 안양시 모델별 보조금,2024,안양시
화물(소형),센트로에이케이,E-CV1,282,141.0,423.0,2024년도 전기자동차 안양시 모델별 보조금,2024,안양시
화물(소형),파츠몰에이투지,SW40,412,206.0,618.0,2024년도 전기자동차 안양시 모델별 보조금,2024,안양시
화물(소형),이브이앤솔루션,STEGO-Z,540,270.0,810.0,2024년도 전기자동차 안양시 모델별 보조금,2024,안양시
화물(초소형),마스타전기차,MASTA VAN,400,181.0,581.0,2024년도 전기자동차 부천시 모델별 보조금,2024,부천시
화물(초소형),마스타전기차,MASTA HIM,400,181.0,581.0,2024년도 전기자동차 부천시 모델별 보조금,2024,부천시
화물(초소형),디피코,포트로-탑,400,181.0,581.0,2024년도 전기자동차 부천시 모델별 보조금,2024,부천시
화물(초소형),디피코,포트로-픽업,400,181.0,581.0,2024년도 전기자동차 부천시 모델별 보조금,2024,부천시
화물(초소형),디피코,포트로-탑S,400,181.0,581.0,2024년도 전기자동차 부천시 모델별 보조금,2024,부천시
화물(초소형),디피코,포트로-픽업S,400,181.0,581.0,2024년도 전기자동차 부천시 모델별 보조금,2024,부천시
화물(초소형),마이브,베프,400,0.0,400.0,2024년도 전기자동차 부천시 모델별 보조금,2024,부천시
화물(경형),디피코,포트로350L-탑,788,358.0,1146.0,2024년도 전기자동차 부천시 모델별 보조금,2024,부천시
화물(경형),디피코,포트로350L-픽업,788,358.0,1146.0,2024년도 전기자동차 부천시 모델별 보조금,2024,부천시
화물(소형),파워프라자,봉고3ev PEACE,554,251.0,805.0,2024년도 전기자동차 부천시 모델별 보조금,2024,부천시
화물(소형),파워프라자,봉고3ev PEACE 더블캡,481,218.0,699.0,2024년도 전기자동차 부천시 모델별 보조금,2024,부천시
화물(소형),현대자동차,포터Ⅱ 일렉트릭(23MY),1090,477.0,1567.0,2024년도 전기자동차 부천시 모델별 보조금,2024,부천시
화물(소형),현대자동차,포터Ⅱ 일렉트릭(24MY),1090,477.0,1567.0,2024년도 전기자동차 부천시 모델별 보조금,2024,부천시
화물(소형),현대자동차,ST1 기본형 카고 17인치,1100,500.0,1600.0,2024년도 전기자동차 부천시 모델별 보조금,2024,부천시
화물(소형),현대자동차,ST1 기본형 카고 냉동 17인치,1450,659.0,2109.0,2024년도 전기자동차 부천시 모델별 보조금,2024,부천시
화물(소형),현대자동차,ST1 기본형 하이탑 17인치,1100,500.0,1600.0,2024년도 전기자동차 부천시 모델별 보조금,2024,부천시
화물(소형),기아,봉고 전기차,1130,477.0,1607.0,2024년도 전기자동차 부천시 모델별 보조금,2024,부천시
화물(소형),기아,봉고 전기차 냉동탑차,1330,573.0,1903.0,2024년도 전기자동차 부천시 모델별 보조금,2024,부천시
화물(소형),기아,봉고 전기차 저상형 냉동탑차,1330,573.0,1903.0,2024년도 전기자동차 부천시 모델별 보조금,2024,부천시
화물(소형),일진정공,일진무시동전기냉동탑차(149.9km),916,416.0,1332.0,2024년도 전기자동차 부천시 모델별 보조금,2024,부천시
화물(소형),일진정공,일진무시동전기냉동탑차(186.1km),1169,531.0,1700.0,2024년도 전기자동차 부천시 모델별 보조금,2024,부천시
화물(소형),일진정공,일진무시동전기냉동탑차(봉고),1379,593.0,1972.0,2024년도 전기자동차 부천시 모델별 보조금,2024,부천시
화물(소형),일진정공,일진무시동전기냉동탑차(포터),1363,586.0,1949.0,2024년도 전기자동차 부천시 모델별 보조금,2024,부천시
화물(소형),루트17,다니고C(0.8톤 전기트럭),1068,443.0,1511.0,2024년도 전기자동차 부천시 모델별 보조금,2024,부천시
화물(소형),루트17,다니고C2(0.8톤 전기트럭),268,121.0,389.0,2024년도 전기자동차 부천시 모델별 보조금,2024,부천시
화물(소형),루트17,다니고R(전기냉동탑차),1224,521.0,1745.0,2024년도 전기자동차 부천시 모델별 보조금,2024,부천시
화물(소형),루트17,다니고R2(무시동 전기냉동탑차),1123,479.0,1602.0,2024년도 전기자동차 부천시 모델별 보조금,2024,부천시
화물(소형),루트17,e-TOVI,464,210.0,674.0,2024년도 전기자동차 부천시 모델별 보조금,2024,부천시
화물(소형),이브이케이엠씨,MASADA 픽업,295,134.0,429.0,2024년도 전기자동차 부천시 모델별 보조금,2024,부천시
화물(소형),이브이케이엠씨,MASADA 3세대 2밴,274,124.0,398.0,2024년도 전기자동차 부천시 모델별 보조금,2024,부천시
화물(소형),이브이케이엠씨,MASADA 3세대 4밴,246,111.0,357.0,2024년도 전기자동차 부천시 모델별 보조금,2024,부천시
화물(소형),이브이케이엠씨,MASADA 2밴,299,135.0,434.0,2024년도 전기자동차 부천시 모델별 보조금,2024,부천시
화물(소형),이브이케이엠씨,MASADA 4밴,269,122.0,391.0,2024년도 전기자동차 부천시 모델별 보조금,2024,부천시
화물(소형),이브이케이엠씨,EC35 2밴,194,88.0,282.0,2024년도 전기자동차 부천시 모델별 보조금,2024,부천시
화물(소형),제이스모빌리티,이티밴,405,184.0,589.0,2024년도 전기자동차 부천시 모델별 보조금,2024,부천시
화물(소형),제이스모빌리티,이티4밴,364,165.0,529.0,2024년도 전기자동차 부천시 모델별 보조금,2024,부천시
화물(소형),제이스모빌리티,이티밴 미니 2인승,412,187.0,599.0,2024년도 전기자동차 부천시 모델별 보조금,2024,부천시
화물(소형),제이스모빌리티,이티밴 미니 4인승,412,187.0,599.0,2024년도 전기자동차 부천시 모델별 보조금,2024,부천시
화물(소형),제이스모빌리티,이티밴 프로 2인승,412,187.0,599.0,2024년도 전기자동차 부천시 모델별 보조금,2024,부천시
화물(소형),제이스모빌리티,이티밴 프로 4인승,412,187.0,599.0,2024년도 전기자동차 부천시 모델별 보조금,2024,부천시
화물(소형),오텍,오텍 무시동 전기 냉동탑차(봉고),1118,508.0,1626.0,2024년도 전기자동차 부천시 모델별 보조금,2024,부천시
화물(소형),이엔플러스,이엔1톤롱바디카고,850,386.0,1236.0,2024년도 전기자동차 부천시 모델별 보조금,2024,부천시
화물(소형),이엔플러스,이엔플러스EV1톤롱바디트럭,895,406.0,1301.0,2024년도 전기자동차 부천시 모델별 보조금,2024,부천시
화물(소형),GS글로벌,T4K,462,210.0,672.0,2024년도 전기자동차 부천시 모델별 보조금,2024,부천시
화물(소형),GS글로벌,T4K 냉동탑차,711,323.0,1034.0,2024년도 전기자동차 부천시 모델별 보조금,2024,부천시
화물(소형),에스에스라이트,젤라,336,152.0,488.0,2024년도 전기자동차 부천시 모델별 보조금,2024,부천시
화물(소형),에스에스라이트,젤라 P200,478,217.0,695.0,2024년도 전기자동차 부천시 모델별 보조금,2024,부천시
화물(소형),한국쓰리축,한국쓰리축1톤롱바디EV트럭(봉고),837,380.0,1217.0,2024년도 전기자동차 부천시 모델별 보조금,2024,부천시
화물(소형),한국쓰리축,한국쓰리축1톤롱바디EV트럭(포터),855,388.0,1243.0,2024년도 전기자동차 부천시 모델별 보조금,2024,부천시
화물(소형),모빌리티네트웍스,SE-A2밴,333,151.0,484.0,2024년도 전기자동차 부천시 모델별 보조금,2024,부천시
화물(소형),피닉스코리아,썬라이즈-T01,412,187.0,599.0,2024년도 전기자동차 부천시 모델별 보조금,2024,부천시
화물(소형),케이지모빌리티,토레스 EVX VAN 20인치,392,150.0,542.0,2024년도 전기자동차 부천시 모델별 보조금,2024,부천시
화물(소형),케이지모빌리티,토레스 EVX VAN 18인치,394,151.0,545.0,2024년도 전기자동차 부천시 모델별 보조금,2024,부천시
화물(소형),한국상용트럭,한국상용1톤롱바디EV카고트럭,818,371.0,1189.0,2024년도 전기자동차 부천시 모델별 보조금,2024,부천시
화물(소형),한국상용트럭,한국상용0.9톤롱바디EV내장탑트럭,593,269.0,862.0,2024년도 전기자동차 부천시 모델별 보조금,2024,부천시
화물(소형),센트로에이케이,E-CV1,282,0.0,282.0,2024년도 전기자동차 부천시 모델별 보조금,2024,부천시
화물(소형),파츠몰에이투지,SW40,412,0.0,412.0,2024년도 전기자동차 부천시 모델별 보조금,2024,부천시
화물(소형),이브이앤솔루션,STEGO-Z,540,0.0,540.0,2024년도 전기자동차 부천시 모델별 보조금,2024,부천시
화물(초소형),마스타전기차,MASTA VAN,400,200.0,600.0,2024년도 전기자동차 광명시 모델별 보조금,2024,광명시
화물(초소형),마스타전기차,MASTA HIM,400,200.0,600.0,2024년도 전기자동차 광명시 모델별 보조금,2024,광명시
화물(초소형),디피코,포트로-탑,400,200.0,600.0,2024년도 전기자동차 광명시 모델별 보조금,2024,광명시
화물(초소형),디피코,포트로-픽업,400,200.0,600.0,2024년도 전기자동차 광명시 모델별 보조금,2024,광명시
화물(초소형),디피코,포트로-탑S,400,200.0,600.0,2024년도 전기자동차 광명시 모델별 보조금,2024,광명시
화물(초소형),디피코,포트로-픽업S,400,200.0,600.0,2024년도 전기자동차 광명시 모델별 보조금,2024,광명시
화물(초소형),마이브,베프,400,0.0,400.0,2024년도 전기자동차 광명시 모델별 보조금,2024,광명시
화물(경형),디피코,포트로350L-탑,788,429.0,1217.0,2024년도 전기자동차 광명시 모델별 보조금,2024,광명시
화물(경형),디피코,포트로350L-픽업,788,429.0,1217.0,2024년도 전기자동차 광명시 모델별 보조금,2024,광명시
화물(소형),파워프라자,봉고3ev PEACE,554,302.0,856.0,2024년도 전기자동차 광명시 모델별 보조금,2024,광명시
화물(소형),파워프라자,봉고3ev PEACE 더블캡,481,262.0,743.0,2024년도 전기자동차 광명시 모델별 보조금,2024,광명시
화물(소형),현대자동차,포터Ⅱ 일렉트릭(23MY),1090,572.0,1662.0,2024년도 전기자동차 광명시 모델별 보조금,2024,광명시
화물(소형),현대자동차,포터Ⅱ 일렉트릭(24MY),1090,572.0,1662.0,2024년도 전기자동차 광명시 모델별 보조금,2024,광명시
화물(소형),현대자동차,ST1 기본형 카고 17인치,1100,600.0,1700.0,2024년도 전기자동차 광명시 모델별 보조금,2024,광명시
화물(소형),현대자동차,ST1 기본형 카고 냉동 17인치,1450,790.0,2240.0,2024년도 전기자동차 광명시 모델별 보조금,2024,광명시
화물(소형),현대자동차,ST1 기본형 하이탑 17인치,1100,600.0,1700.0,2024년도 전기자동차 광명시 모델별 보조금,2024,광명시
화물(소형),기아,봉고 전기차,1130,572.0,1702.0,2024년도 전기자동차 광명시 모델별 보조금,2024,광명시
화물(소형),기아,봉고 전기차 냉동탑차,1330,687.0,2017.0,2024년도 전기자동차 광명시 모델별 보조금,2024,광명시
화물(소형),기아,봉고 전기차 저상형 냉동탑차,1330,687.0,2017.0,2024년도 전기자동차 광명시 모델별 보조금,2024,광명시
화물(소형),일진정공,일진무시동전기냉동탑차(149.9km),916,499.0,1415.0,2024년도 전기자동차 광명시 모델별 보조금,2024,광명시
화물(소형),일진정공,일진무시동전기냉동탑차(186.1km),1169,637.0,1806.0,2024년도 전기자동차 광명시 모델별 보조금,2024,광명시
화물(소형),일진정공,일진무시동전기냉동탑차(봉고),1379,712.0,2091.0,2024년도 전기자동차 광명시 모델별 보조금,2024,광명시
화물(소형),일진정공,일진무시동전기냉동탑차(포터),1363,704.0,2067.0,2024년도 전기자동차 광명시 모델별 보조금,2024,광명시
화물(소형),루트17,다니고C(0.8톤 전기트럭),1068,531.0,1599.0,2024년도 전기자동차 광명시 모델별 보조금,2024,광명시
화물(소형),루트17,다니고C2(0.8톤 전기트럭),268,146.0,414.0,2024년도 전기자동차 광명시 모델별 보조금,2024,광명시
화물(소형),루트17,다니고R(전기냉동탑차),1224,625.0,1849.0,2024년도 전기자동차 광명시 모델별 보조금,2024,광명시
화물(소형),루트17,다니고R2(무시동 전기냉동탑차),1123,575.0,1698.0,2024년도 전기자동차 광명시 모델별 보조금,2024,광명시
화물(소형),루트17,e-TOVI,464,253.0,717.0,2024년도 전기자동차 광명시 모델별 보조금,2024,광명시
화물(소형),이브이케이엠씨,MASADA 픽업,295,160.0,455.0,2024년도 전기자동차 광명시 모델별 보조금,2024,광명시
화물(소형),이브이케이엠씨,MASADA 3세대 2밴,274,149.0,423.0,2024년도 전기자동차 광명시 모델별 보조금,2024,광명시
화물(소형),이브이케이엠씨,MASADA 3세대 4밴,246,134.0,380.0,2024년도 전기자동차 광명시 모델별 보조금,2024,광명시
화물(소형),이브이케이엠씨,MASADA 2밴,299,163.0,462.0,2024년도 전기자동차 광명시 모델별 보조금,2024,광명시
화물(소형),이브이케이엠씨,MASADA 4밴,269,146.0,415.0,2024년도 전기자동차 광명시 모델별 보조금,2024,광명시
화물(소형),이브이케이엠씨,EC35 2밴,194,105.0,299.0,2024년도 전기자동차 광명시 모델별 보조금,2024,광명시
화물(소형),제이스모빌리티,이티밴,405,220.0,625.0,2024년도 전기자동차 광명시 모델별 보조금,2024,광명시
화물(소형),제이스모빌리티,이티4밴,364,198.0,562.0,2024년도 전기자동차 광명시 모델별 보조금,2024,광명시
화물(소형),제이스모빌리티,이티밴 미니 2인승,412,224.0,636.0,2024년도 전기자동차 광명시 모델별 보조금,2024,광명시
화물(소형),제이스모빌리티,이티밴 미니 4인승,412,224.0,636.0,2024년도 전기자동차 광명시 모델별 보조금,2024,광명시
화물(소형),제이스모빌리티,이티밴 프로 2인승,412,224.0,636.0,2024년도 전기자동차 광명시 모델별 보조금,2024,광명시
화물(소형),제이스모빌리티,이티밴 프로 4인승,412,224.0,636.0,2024년도 전기자동차 광명시 모델별 보조금,2024,광명시
화물(소형),오텍,오텍 무시동 전기 냉동탑차(봉고),1118,609.0,1727.0,2024년도 전기자동차 광명시 모델별 보조금,2024,광명시
화물(소형),이엔플러스,이엔1톤롱바디카고,850,463.0,1313.0,2024년도 전기자동차 광명시 모델별 보조금,2024,광명시
화물(소형),이엔플러스,이엔플러스EV1톤롱바디트럭,895,488.0,1383.0,2024년도 전기자동차 광명시 모델별 보조금,2024,광명시
화물(소형),GS글로벌,T4K,462,252.0,714.0,2024년도 전기자동차 광명시 모델별 보조금,2024,광명시
화물(소형),GS글로벌,T4K 냉동탑차,711,387.0,1098.0,2024년도 전기자동차 광명시 모델별 보조금,2024,광명시
화물(소형),에스에스라이트,젤라,336,183.0,519.0,2024년도 전기자동차 광명시 모델별 보조금,2024,광명시
화물(소형),에스에스라이트,젤라 P200,478,260.0,738.0,2024년도 전기자동차 광명시 모델별 보조금,2024,광명시
화물(소형),한국쓰리축,한국쓰리축1톤롱바디EV트럭(봉고),837,456.0,1293.0,2024년도 전기자동차 광명시 모델별 보조금,2024,광명시
화물(소형),한국쓰리축,한국쓰리축1톤롱바디EV트럭(포터),855,466.0,1321.0,2024년도 전기자동차 광명시 모델별 보조금,2024,광명시
화물(소형),모빌리티네트웍스,SE-A2밴,333,181.0,514.0,2024년도 전기자동차 광명시 모델별 보조금,2024,광명시
화물(소형),피닉스코리아,썬라이즈-T01,412,224.0,636.0,2024년도 전기자동차 광명시 모델별 보조금,2024,광명시
화물(소형),케이지모빌리티,토레스 EVX VAN 20인치,392,241.0,633.0,2024년도 전기자동차 광명시 모델별 보조금,2024,광명시
화물(소형),케이지모빌리티,토레스 EVX VAN 18인치,394,242.0,636.0,2024년도 전기자동차 광명시 모델별 보조금,2024,광명시
화물(소형),한국상용트럭,한국상용1톤롱바디EV카고트럭,818,446.0,1264.0,2024년도 전기자동차 광명시 모델별 보조금,2024,광명시
화물(소형),한국상용트럭,한국상용0.9톤롱바디EV내장탑트럭,593,323.0,916.0,2024년도 전기자동차 광명시 모델별 보조금,2024,광명시
화물(소형),센트로에이케이,E-CV1,282,0.0,282.0,2024년도 전기자동차 광명시 모델별 보조금,2024,광명시
화물(소형),파츠몰에이투지,SW40,412,0.0,412.0,2024년도 전기자동차 광명시 모델별 보조금,2024,광명시
화물(소형),이브이앤솔루션,STEGO-Z,540,0.0,540.0,2024년도 전기자동차 광명시 모델별 보조금,2024,광명시
화물(초소형),마스타전기차,MASTA VAN,400,254.0,654.0,2024년도 전기자동차 평택시 모델별 보조금,2024,평택시
화물(초소형),마스타전기차,MASTA HIM,400,254.0,654.0,2024년도 전기자동차 평택시 모델별 보조금,2024,평택시
화물(초소형),디피코,포트로-탑,400,254.0,654.0,2024년도 전기자동차 평택시 모델별 보조금,2024,평택시
화물(초소형),디피코,포트로-픽업,400,254.0,654.0,2024년도 전기자동차 평택시 모델별 보조금,2024,평택시
화물(초소형),디피코,포트로-탑S,400,254.0,654.0,2024년도 전기자동차 평택시 모델별 보조금,2024,평택시
화물(초소형),디피코,포트로-픽업S,400,254.0,654.0,2024년도 전기자동차 평택시 모델별 보조금,2024,평택시
화물(초소형),마이브,베프,400,0.0,400.0,2024년도 전기자동차 평택시 모델별 보조금,2024,평택시
화물(경형),디피코,포트로350L-탑,788,501.0,1289.0,2024년도 전기자동차 평택시 모델별 보조금,2024,평택시
화물(경형),디피코,포트로350L-픽업,788,501.0,1289.0,2024년도 전기자동차 평택시 모델별 보조금,2024,평택시
화물(소형),파워프라자,봉고3ev PEACE,554,352.0,906.0,2024년도 전기자동차 평택시 모델별 보조금,2024,평택시
화물(소형),파워프라자,봉고3ev PEACE 더블캡,481,306.0,787.0,2024년도 전기자동차 평택시 모델별 보조금,2024,평택시
화물(소형),현대자동차,포터Ⅱ 일렉트릭(23MY),1090,668.0,1758.0,2024년도 전기자동차 평택시 모델별 보조금,2024,평택시
화물(소형),현대자동차,포터Ⅱ 일렉트릭(24MY),1090,668.0,1758.0,2024년도 전기자동차 평택시 모델별 보조금,2024,평택시
화물(소형),현대자동차,ST1 기본형 카고 17인치,1100,700.0,1800.0,2024년도 전기자동차 평택시 모델별 보조금,2024,평택시
화물(소형),현대자동차,ST1 기본형 카고 냉동 17인치,1450,922.0,2372.0,2024년도 전기자동차 평택시 모델별 보조금,2024,평택시
화물(소형),현대자동차,ST1 기본형 하이탑 17인치,1100,700.0,1800.0,2024년도 전기자동차 평택시 모델별 보조금,2024,평택시
화물(소형),기아,봉고 전기차,1130,668.0,1798.0,2024년도 전기자동차 평택시 모델별 보조금,2024,평택시
화물(소형),기아,봉고 전기차 냉동탑차,1330,802.0,2132.0,2024년도 전기자동차 평택시 모델별 보조금,2024,평택시
화물(소형),기아,봉고 전기차 저상형 냉동탑차,1330,802.0,2132.0,2024년도 전기자동차 평택시 모델별 보조금,2024,평택시
화물(소형),일진정공,일진무시동전기냉동탑차(149.9km),916,582.0,1498.0,2024년도 전기자동차 평택시 모델별 보조금,2024,평택시
화물(소형),일진정공,일진무시동전기냉동탑차(186.1km),1169,743.0,1912.0,2024년도 전기자동차 평택시 모델별 보조금,2024,평택시
화물(소형),일진정공,일진무시동전기냉동탑차(봉고),1379,831.0,2210.0,2024년도 전기자동차 평택시 모델별 보조금,2024,평택시
화물(소형),일진정공,일진무시동전기냉동탑차(포터),1363,821.0,2184.0,2024년도 전기자동차 평택시 모델별 보조금,2024,평택시
화물(소형),루트17,다니고C(0.8톤 전기트럭),1068,620.0,1688.0,2024년도 전기자동차 평택시 모델별 보조금,2024,평택시
화물(소형),루트17,다니고C2(0.8톤 전기트럭),268,170.0,438.0,2024년도 전기자동차 평택시 모델별 보조금,2024,평택시
화물(소형),루트17,다니고R(전기냉동탑차),1224,729.0,1953.0,2024년도 전기자동차 평택시 모델별 보조금,2024,평택시
화물(소형),루트17,다니고R2(무시동 전기냉동탑차),1123,671.0,1794.0,2024년도 전기자동차 평택시 모델별 보조금,2024,평택시
화물(소형),루트17,e-TOVI,464,295.0,759.0,2024년도 전기자동차 평택시 모델별 보조금,2024,평택시
화물(소형),이브이케이엠씨,MASADA 픽업,295,187.0,482.0,2024년도 전기자동차 평택시 모델별 보조금,2024,평택시
화물(소형),이브이케이엠씨,MASADA 3세대 2밴,274,174.0,448.0,2024년도 전기자동차 평택시 모델별 보조금,2024,평택시
화물(소형),이브이케이엠씨,MASADA 3세대 4밴,246,156.0,402.0,2024년도 전기자동차 평택시 모델별 보조금,2024,평택시
화물(소형),이브이케이엠씨,MASADA 2밴,299,190.0,489.0,2024년도 전기자동차 평택시 모델별 보조금,2024,평택시
화물(소형),이브이케이엠씨,MASADA 4밴,269,171.0,440.0,2024년도 전기자동차 평택시 모델별 보조금,2024,평택시
화물(소형),이브이케이엠씨,EC35 2밴,194,123.0,317.0,2024년도 전기자동차 평택시 모델별 보조금,2024,평택시
화물(소형),제이스모빌리티,이티밴,405,257.0,662.0,2024년도 전기자동차 평택시 모델별 보조금,2024,평택시
화물(소형),제이스모빌리티,이티4밴,364,231.0,595.0,2024년도 전기자동차 평택시 모델별 보조금,2024,평택시
화물(소형),제이스모빌리티,이티밴 미니 2인승,412,262.0,674.0,2024년도 전기자동차 평택시 모델별 보조금,2024,평택시
화물(소형),제이스모빌리티,이티밴 미니 4인승,412,262.0,674.0,2024년도 전기자동차 평택시 모델별 보조금,2024,평택시
화물(소형),제이스모빌리티,이티밴 프로 2인승,412,262.0,674.0,2024년도 전기자동차 평택시 모델별 보조금,2024,평택시
화물(소형),제이스모빌리티,이티밴 프로 4인승,412,262.0,674.0,2024년도 전기자동차 평택시 모델별 보조금,2024,평택시
화물(소형),오텍,오텍 무시동 전기 냉동탑차(봉고),1118,711.0,1829.0,2024년도 전기자동차 평택시 모델별 보조금,2024,평택시
화물(소형),이엔플러스,이엔1톤롱바디카고,850,540.0,1390.0,2024년도 전기자동차 평택시 모델별 보조금,2024,평택시
화물(소형),이엔플러스,이엔플러스EV1톤롱바디트럭,895,569.0,1464.0,2024년도 전기자동차 평택시 모델별 보조금,2024,평택시
화물(소형),GS글로벌,T4K,462,294.0,756.0,2024년도 전기자동차 평택시 모델별 보조금,2024,평택시
화물(소형),GS글로벌,T4K 냉동탑차,711,452.0,1163.0,2024년도 전기자동차 평택시 모델별 보조금,2024,평택시
화물(소형),에스에스라이트,젤라,336,213.0,549.0,2024년도 전기자동차 평택시 모델별 보조금,2024,평택시
화물(소형),에스에스라이트,젤라 P200,478,304.0,782.0,2024년도 전기자동차 평택시 모델별 보조금,2024,평택시
화물(소형),한국쓰리축,한국쓰리축1톤롱바디EV트럭(봉고),837,532.0,1369.0,2024년도 전기자동차 평택시 모델별 보조금,2024,평택시
화물(소형),한국쓰리축,한국쓰리축1톤롱바디EV트럭(포터),855,544.0,1399.0,2024년도 전기자동차 평택시 모델별 보조금,2024,평택시
화물(소형),모빌리티네트웍스,SE-A2밴,333,211.0,544.0,2024년도 전기자동차 평택시 모델별 보조금,2024,평택시
화물(소형),피닉스코리아,썬라이즈-T01,412,262.0,674.0,2024년도 전기자동차 평택시 모델별 보조금,2024,평택시
화물(소형),케이지모빌리티,토레스 EVX VAN 20인치,392,241.0,633.0,2024년도 전기자동차 평택시 모델별 보조금,2024,평택시
화물(소형),케이지모빌리티,토레스 EVX VAN 18인치,394,242.0,636.0,2024년도 전기자동차 평택시 모델별 보조금,2024,평택시
화물(소형),한국상용트럭,한국상용1톤롱바디EV카고트럭,818,520.0,1338.0,2024년도 전기자동차 평택시 모델별 보조금,2024,평택시
화물(소형),한국상용트럭,한국상용0.9톤롱바디EV내장탑트럭,593,377.0,970.0,2024년도 전기자동차 평택시 모델별 보조금,2024,평택시
화물(소형),센트로에이케이,E-CV1,282,179.0,461.0,2024년도 전기자동차 평택시 모델별 보조금,2024,평택시
화물(소형),파츠몰에이투지,SW40,412,262.0,674.0,2024년도 전기자동차 평택시 모델별 보조금,2024,평택시
화물(소형),이브이앤솔루션,STEGO-Z,540,343.0,883.0,2024년도 전기자동차 평택시 모델별 보조금,2024,평택시
화물(초소형),마스타전기차,MASTA VAN,400,233.0,633.0,2024년도 전기자동차 동두천시 모델별 보조금,2024,동두천시
화물(초소형),마스타전기차,MASTA HIM,400,233.0,633.0,2024년도 전기자동차 동두천시 모델별 보조금,2024,동두천시
화물(초소형),디피코,포트로-탑,400,233.0,633.0,2024년도 전기자동차 동두천시 모델별 보조금,2024,동두천시
화물(초소형),디피코,포트로-픽업,400,233.0,633.0,2024년도 전기자동차 동두천시 모델별 보조금,2024,동두천시
화물(초소형),디피코,포트로-탑S,400,233.0,633.0,2024년도 전기자동차 동두천시 모델별 보조금,2024,동두천시
화물(초소형),디피코,포트로-픽업S,400,233.0,633.0,2024년도 전기자동차 동두천시 모델별 보조금,2024,동두천시
화물(경형),디피코,포트로350L-탑,788,459.0,1247.0,2024년도 전기자동차 동두천시 모델별 보조금,2024,동두천시
화물(경형),디피코,포트로350L-픽업,788,459.0,1247.0,2024년도 전기자동차 동두천시 모델별 보조금,2024,동두천시
화물(소형),파워프라자,봉고3ev PEACE,554,322.0,876.0,2024년도 전기자동차 동두천시 모델별 보조금,2024,동두천시
화물(소형),파워프라자,봉고3ev PEACE 더블캡,481,280.0,761.0,2024년도 전기자동차 동두천시 모델별 보조금,2024,동두천시
화물(소형),현대자동차,포터Ⅱ 일렉트릭(23MY),1090,611.0,1701.0,2024년도 전기자동차 동두천시 모델별 보조금,2024,동두천시
화물(소형),현대자동차,포터Ⅱ 일렉트릭(24MY),1090,611.0,1701.0,2024년도 전기자동차 동두천시 모델별 보조금,2024,동두천시
화물(소형),현대자동차,ST1 기본형 카고 17인치,1100,641.0,1741.0,2024년도 전기자동차 동두천시 모델별 보조금,2024,동두천시
화물(소형),현대자동차,ST1 기본형 카고 냉동 17인치,1450,844.0,2294.0,2024년도 전기자동차 동두천시 모델별 보조금,2024,동두천시
화물(소형),기아,봉고 전기차,1130,611.0,1741.0,2024년도 전기자동차 동두천시 모델별 보조금,2024,동두천시
화물(소형),기아,봉고 전기차 냉동탑차,1330,734.0,2064.0,2024년도 전기자동차 동두천시 모델별 보조금,2024,동두천시
화물(소형),기아,봉고 전기차 저상형 냉동탑차,1330,734.0,2064.0,2024년도 전기자동차 동두천시 모델별 보조금,2024,동두천시
화물(소형),일진정공,일진무시동전기냉동탑차(149.9km),916,533.0,1449.0,2024년도 전기자동차 동두천시 모델별 보조금,2024,동두천시
화물(소형),일진정공,일진무시동전기냉동탑차(186.1km),1169,681.0,1850.0,2024년도 전기자동차 동두천시 모델별 보조금,2024,동두천시
화물(소형),일진정공,일진무시동전기냉동탑차(봉고),1379,761.0,2140.0,2024년도 전기자동차 동두천시 모델별 보조금,2024,동두천시
화물(소형),일진정공,일진무시동전기냉동탑차(포터),1363,752.0,2115.0,2024년도 전기자동차 동두천시 모델별 보조금,2024,동두천시
화물(소형),루트17,다니고C(0.8톤 전기트럭),1068,568.0,1636.0,2024년도 전기자동차 동두천시 모델별 보조금,2024,동두천시
화물(소형),루트17,다니고C2(0.8톤 전기트럭),268,156.0,424.0,2024년도 전기자동차 동두천시 모델별 보조금,2024,동두천시
화물(소형),루트17,다니고R(전기냉동탑차),1224,668.0,1892.0,2024년도 전기자동차 동두천시 모델별 보조금,2024,동두천시
화물(소형),루트17,다니고R2(무시동 전기냉동탑차),1123,614.0,1737.0,2024년도 전기자동차 동두천시 모델별 보조금,2024,동두천시
화물(소형),루트17,e-TOVI,464,270.0,734.0,2024년도 전기자동차 동두천시 모델별 보조금,2024,동두천시
화물(소형),이브이케이엠씨,MASADA 픽업,295,171.0,466.0,2024년도 전기자동차 동두천시 모델별 보조금,2024,동두천시
화물(소형),이브이케이엠씨,MASADA 3세대 2밴,274,159.0,433.0,2024년도 전기자동차 동두천시 모델별 보조금,2024,동두천시
화물(소형),이브이케이엠씨,MASADA 3세대 4밴,246,143.0,389.0,2024년도 전기자동차 동두천시 모델별 보조금,2024,동두천시
화물(소형),이브이케이엠씨,MASADA 2밴,299,174.0,473.0,2024년도 전기자동차 동두천시 모델별 보조금,2024,동두천시
화물(소형),이브이케이엠씨,MASADA 4밴,269,156.0,425.0,2024년도 전기자동차 동두천시 모델별 보조금,2024,동두천시
화물(소형),이브이케이엠씨,EC35 2밴,194,113.0,307.0,2024년도 전기자동차 동두천시 모델별 보조금,2024,동두천시
화물(소형),제이스모빌리티,이티밴,405,236.0,641.0,2024년도 전기자동차 동두천시 모델별 보조금,2024,동두천시
화물(소형),제이스모빌리티,이티4밴,364,212.0,576.0,2024년도 전기자동차 동두천시 모델별 보조금,2024,동두천시
화물(소형),제이스모빌리티,이티밴 미니 2인승,412,240.0,652.0,2024년도 전기자동차 동두천시 모델별 보조금,2024,동두천시
화물(소형),제이스모빌리티,이티밴 미니 4인승,412,240.0,652.0,2024년도 전기자동차 동두천시 모델별 보조금,2024,동두천시
화물(소형),제이스모빌리티,이티밴 프로 2인승,412,240.0,652.0,2024년도 전기자동차 동두천시 모델별 보조금,2024,동두천시
화물(소형),제이스모빌리티,이티밴 프로 4인승,412,240.0,652.0,2024년도 전기자동차 동두천시 모델별 보조금,2024,동두천시
화물(소형),오텍,오텍 무시동 전기 냉동탑차(봉고),1118,651.0,1769.0,2024년도 전기자동차 동두천시 모델별 보조금,2024,동두천시
화물(소형),이엔플러스,이엔1톤롱바디카고,850,495.0,1345.0,2024년도 전기자동차 동두천시 모델별 보조금,2024,동두천시
화물(소형),이엔플러스,이엔플러스EV1톤롱바디트럭,895,521.0,1416.0,2024년도 전기자동차 동두천시 모델별 보조금,2024,동두천시
화물(소형),GS글로벌,T4K,462,269.0,731.0,2024년도 전기자동차 동두천시 모델별 보조금,2024,동두천시
화물(소형),GS글로벌,T4K 냉동탑차,711,414.0,1125.0,2024년도 전기자동차 동두천시 모델별 보조금,2024,동두천시
화물(소형),에스에스라이트,젤라,336,195.0,531.0,2024년도 전기자동차 동두천시 모델별 보조금,2024,동두천시
화물(소형),에스에스라이트,젤라 P200,478,278.0,756.0,2024년도 전기자동차 동두천시 모델별 보조금,2024,동두천시
화물(소형),한국쓰리축,한국쓰리축1톤롱바디EV트럭(봉고),837,487.0,1324.0,2024년도 전기자동차 동두천시 모델별 보조금,2024,동두천시
화물(소형),한국쓰리축,한국쓰리축1톤롱바디EV트럭(포터),855,498.0,1353.0,2024년도 전기자동차 동두천시 모델별 보조금,2024,동두천시
화물(소형),모빌리티네트웍스,SE-A2밴,333,194.0,527.0,2024년도 전기자동차 동두천시 모델별 보조금,2024,동두천시
화물(소형),피닉스코리아,썬라이즈-T01,412,240.0,652.0,2024년도 전기자동차 동두천시 모델별 보조금,2024,동두천시
화물(소형),케이지모빌리티,토레스 EVX VAN 20인치,392,141.0,533.0,2024년도 전기자동차 동두천시 모델별 보조금,2024,동두천시
화물(소형),케이지모빌리티,토레스 EVX VAN 18인치,394,142.0,536.0,2024년도 전기자동차 동두천시 모델별 보조금,2024,동두천시
화물(소형),한국상용트럭,한국상용1톤롱바디EV카고트럭,818,476.0,1294.0,2024년도 전기자동차 동두천시 모델별 보조금,2024,동두천시
화물(소형),한국상용트럭,한국상용0.9톤롱바디EV내장탑트럭,593,345.0,938.0,2024년도 전기자동차 동두천시 모델별 보조금,2024,동두천시
화물(초소형),마스타전기차,MASTA VAN,400,218.0,618.0,2024년도 전기자동차 안산시 모델별 보조금,2024,안산시
화물(초소형),마스타전기차,MASTA HIM,400,218.0,618.0,2024년도 전기자동차 안산시 모델별 보조금,2024,안산시
화물(초소형),디피코,포트로-탑,400,218.0,618.0,2024년도 전기자동차 안산시 모델별 보조금,2024,안산시
화물(초소형),디피코,포트로-픽업,400,218.0,618.0,2024년도 전기자동차 안산시 모델별 보조금,2024,안산시
화물(초소형),디피코,포트로-탑S,400,218.0,618.0,2024년도 전기자동차 안산시 모델별 보조금,2024,안산시
화물(초소형),디피코,포트로-픽업S,400,218.0,618.0,2024년도 전기자동차 안산시 모델별 보조금,2024,안산시
화물(초소형),마이브,베프,400,0.0,400.0,2024년도 전기자동차 안산시 모델별 보조금,2024,안산시
화물(경형),디피코,포트로350L-탑,788,429.0,1217.0,2024년도 전기자동차 안산시 모델별 보조금,2024,안산시
화물(경형),디피코,포트로350L-픽업,788,429.0,1217.0,2024년도 전기자동차 안산시 모델별 보조금,2024,안산시
화물(소형),파워프라자,봉고3ev PEACE,554,302.0,856.0,2024년도 전기자동차 안산시 모델별 보조금,2024,안산시
화물(소형),파워프라자,봉고3ev PEACE 더블캡,481,262.0,743.0,2024년도 전기자동차 안산시 모델별 보조금,2024,안산시
화물(소형),현대자동차,포터Ⅱ 일렉트릭(23MY),1090,572.0,1662.0,2024년도 전기자동차 안산시 모델별 보조금,2024,안산시
화물(소형),현대자동차,포터Ⅱ 일렉트릭(24MY),1090,572.0,1662.0,2024년도 전기자동차 안산시 모델별 보조금,2024,안산시
화물(소형),현대자동차,ST1 기본형 카고 17인치,1100,600.0,1700.0,2024년도 전기자동차 안산시 모델별 보조금,2024,안산시
화물(소형),현대자동차,ST1 기본형 카고 냉동 17인치,1450,790.0,2240.0,2024년도 전기자동차 안산시 모델별 보조금,2024,안산시
화물(소형),현대자동차,ST1 기본형 하이탑 17인치,1100,600.0,1700.0,2024년도 전기자동차 안산시 모델별 보조금,2024,안산시
화물(소형),기아,봉고 전기차,1130,572.0,1702.0,2024년도 전기자동차 안산시 모델별 보조금,2024,안산시
화물(소형),기아,봉고 전기차 냉동탑차,1330,687.0,2017.0,2024년도 전기자동차 안산시 모델별 보조금,2024,안산시
화물(소형),기아,봉고 전기차 저상형 냉동탑차,1330,687.0,2017.0,2024년도 전기자동차 안산시 모델별 보조금,2024,안산시
화물(소형),일진정공,일진무시동전기냉동탑차(149.9km),916,499.0,1415.0,2024년도 전기자동차 안산시 모델별 보조금,2024,안산시
화물(소형),일진정공,일진무시동전기냉동탑차(186.1km),1169,637.0,1806.0,2024년도 전기자동차 안산시 모델별 보조금,2024,안산시
화물(소형),일진정공,일진무시동전기냉동탑차(봉고),1379,712.0,2091.0,2024년도 전기자동차 안산시 모델별 보조금,2024,안산시
화물(소형),일진정공,일진무시동전기냉동탑차(포터),1363,704.0,2067.0,2024년도 전기자동차 안산시 모델별 보조금,2024,안산시
화물(소형),루트17,다니고C(0.8톤 전기트럭),1068,531.0,1599.0,2024년도 전기자동차 안산시 모델별 보조금,2024,안산시
화물(소형),루트17,다니고C2(0.8톤 전기트럭),268,146.0,414.0,2024년도 전기자동차 안산시 모델별 보조금,2024,안산시
화물(소형),루트17,다니고R(전기냉동탑차),1224,625.0,1849.0,2024년도 전기자동차 안산시 모델별 보조금,2024,안산시
화물(소형),루트17,다니고R2(무시동 전기냉동탑차),1123,575.0,1698.0,2024년도 전기자동차 안산시 모델별 보조금,2024,안산시
화물(소형),루트17,e-TOVI,464,253.0,717.0,2024년도 전기자동차 안산시 모델별 보조금,2024,안산시
화물(소형),이브이케이엠씨,MASADA 픽업,295,160.0,455.0,2024년도 전기자동차 안산시 모델별 보조금,2024,안산시
화물(소형),이브이케이엠씨,MASADA 3세대 2밴,274,149.0,423.0,2024년도 전기자동차 안산시 모델별 보조금,2024,안산시
화물(소형),이브이케이엠씨,MASADA 3세대 4밴,246,134.0,380.0,2024년도 전기자동차 안산시 모델별 보조금,2024,안산시
화물(소형),이브이케이엠씨,MASADA 2밴,299,163.0,462.0,2024년도 전기자동차 안산시 모델별 보조금,2024,안산시
화물(소형),이브이케이엠씨,MASADA 4밴,269,146.0,415.0,2024년도 전기자동차 안산시 모델별 보조금,2024,안산시
화물(소형),이브이케이엠씨,EC35 2밴,194,105.0,299.0,2024년도 전기자동차 안산시 모델별 보조금,2024,안산시
화물(소형),제이스모빌리티,이티밴,405,220.0,625.0,2024년도 전기자동차 안산시 모델별 보조금,2024,안산시
화물(소형),제이스모빌리티,이티4밴,364,198.0,562.0,2024년도 전기자동차 안산시 모델별 보조금,2024,안산시
화물(소형),제이스모빌리티,이티밴 미니 2인승,412,224.0,636.0,2024년도 전기자동차 안산시 모델별 보조금,2024,안산시
화물(소형),제이스모빌리티,이티밴 미니 4인승,412,224.0,636.0,2024년도 전기자동차 안산시 모델별 보조금,2024,안산시
화물(소형),제이스모빌리티,이티밴 프로 2인승,412,224.0,636.0,2024년도 전기자동차 안산시 모델별 보조금,2024,안산시
화물(소형),제이스모빌리티,이티밴 프로 4인승,412,224.0,636.0,2024년도 전기자동차 안산시 모델별 보조금,2024,안산시
화물(소형),오텍,오텍 무시동 전기 냉동탑차(봉고),1118,609.0,1727.0,2024년도 전기자동차 안산시 모델별 보조금,2024,안산시
화물(소형),이엔플러스,이엔1톤롱바디카고,850,463.0,1313.0,2024년도 전기자동차 안산시 모델별 보조금,2024,안산시
화물(소형),이엔플러스,이엔플러스EV1톤롱바디트럭,895,488.0,1383.0,2024년도 전기자동차 안산시 모델별 보조금,2024,안산시
화물(소형),GS글로벌,T4K,462,252.0,714.0,2024년도 전기자동차 안산시 모델별 보조금,2024,안산시
화물(소형),GS글로벌,T4K 냉동탑차,711,387.0,1098.0,2024년도 전기자동차 안산시 모델별 보조금,2024,안산시
화물(소형),에스에스라이트,젤라,336,183.0,519.0,2024년도 전기자동차 안산시 모델별 보조금,2024,안산시
화물(소형),에스에스라이트,젤라 P200,478,260.0,738.0,2024년도 전기자동차 안산시 모델별 보조금,2024,안산시
화물(소형),한국쓰리축,한국쓰리축1톤롱바디EV트럭(봉고),837,456.0,1293.0,2024년도 전기자동차 안산시 모델별 보조금,2024,안산시
화물(소형),한국쓰리축,한국쓰리축1톤롱바디EV트럭(포터),855,466.0,1321.0,2024년도 전기자동차 안산시 모델별 보조금,2024,안산시
화물(소형),모빌리티네트웍스,SE-A2밴,333,181.0,514.0,2024년도 전기자동차 안산시 모델별 보조금,2024,안산시
화물(소형),피닉스코리아,썬라이즈-T01,412,224.0,636.0,2024년도 전기자동차 안산시 모델별 보조금,2024,안산시
화물(소형),케이지모빌리티,토레스 EVX VAN 20인치,392,180.0,572.0,2024년도 전기자동차 안산시 모델별 보조금,2024,안산시
화물(소형),케이지모빌리티,토레스 EVX VAN 18인치,394,181.0,575.0,2024년도 전기자동차 안산시 모델별 보조금,2024,안산시
화물(소형),한국상용트럭,한국상용1톤롱바디EV카고트럭,818,446.0,1264.0,2024년도 전기자동차 안산시 모델별 보조금,2024,안산시
화물(소형),한국상용트럭,한국상용0.9톤롱바디EV내장탑트럭,593,323.0,916.0,2024년도 전기자동차 안산시 모델별 보조금,2024,안산시
화물(소형),센트로에이케이,E-CV1,282,153.0,435.0,2024년도 전기자동차 안산시 모델별 보조금,2024,안산시
화물(소형),파츠몰에이투지,SW40,412,224.0,636.0,2024년도 전기자동차 안산시 모델별 보조금,2024,안산시
화물(소형),이브이앤솔루션,STEGO-Z,540,294.0,834.0,2024년도 전기자동차 안산시 모델별 보조금,2024,안산시
화물(초소형),마스타전기차,MASTA VAN,400,200.0,600.0,2024년도 전기자동차 고양시 모델별 보조금,2024,고양시
화물(초소형),마스타전기차,MASTA HIM,400,200.0,600.0,2024년도 전기자동차 고양시 모델별 보조금,2024,고양시
화물(초소형),디피코,포트로-탑,400,200.0,600.0,2024년도 전기자동차 고양시 모델별 보조금,2024,고양시
화물(초소형),디피코,포트로-픽업,400,200.0,600.0,2024년도 전기자동차 고양시 모델별 보조금,2024,고양시
화물(초소형),디피코,포트로-탑S,400,200.0,600.0,2024년도 전기자동차 고양시 모델별 보조금,2024,고양시
화물(초소형),디피코,포트로-픽업S,400,200.0,600.0,2024년도 전기자동차 고양시 모델별 보조금,2024,고양시
화물(초소형),마이브,베프,400,200.0,600.0,2024년도 전기자동차 고양시 모델별 보조금,2024,고양시
화물(경형),디피코,포트로350L-탑,788,394.0,1182.0,2024년도 전기자동차 고양시 모델별 보조금,2024,고양시
화물(경형),디피코,포트로350L-픽업,788,394.0,1182.0,2024년도 전기자동차 고양시 모델별 보조금,2024,고양시
화물(소형),파워프라자,봉고3ev PEACE,554,277.0,831.0,2024년도 전기자동차 고양시 모델별 보조금,2024,고양시
화물(소형),파워프라자,봉고3ev PEACE 더블캡,481,240.0,721.0,2024년도 전기자동차 고양시 모델별 보조금,2024,고양시
화물(소형),현대자동차,포터Ⅱ 일렉트릭(23MY),1090,525.0,1615.0,2024년도 전기자동차 고양시 모델별 보조금,2024,고양시
화물(소형),현대자동차,포터Ⅱ 일렉트릭(24MY),1090,525.0,1615.0,2024년도 전기자동차 고양시 모델별 보조금,2024,고양시
화물(소형),현대자동차,ST1 기본형 카고 17인치,1100,550.0,1650.0,2024년도 전기자동차 고양시 모델별 보조금,2024,고양시
화물(소형),현대자동차,ST1 기본형 카고 냉동 17인치,1450,725.0,2175.0,2024년도 전기자동차 고양시 모델별 보조금,2024,고양시
화물(소형),현대자동차,ST1 기본형 하이탑 17인치,1100,550.0,1650.0,2024년도 전기자동차 고양시 모델별 보조금,2024,고양시
화물(소형),기아,봉고 전기차,1130,525.0,1655.0,2024년도 전기자동차 고양시 모델별 보조금,2024,고양시
화물(소형),기아,봉고 전기차 냉동탑차,1330,630.0,1960.0,2024년도 전기자동차 고양시 모델별 보조금,2024,고양시
화물(소형),기아,봉고 전기차 저상형 냉동탑차,1330,630.0,1960.0,2024년도 전기자동차 고양시 모델별 보조금,2024,고양시
화물(소형),일진정공,일진무시동전기냉동탑차(149.9km),916,458.0,1374.0,2024년도 전기자동차 고양시 모델별 보조금,2024,고양시
화물(소형),일진정공,일진무시동전기냉동탑차(186.1km),1169,584.0,1753.0,2024년도 전기자동차 고양시 모델별 보조금,2024,고양시
화물(소형),일진정공,일진무시동전기냉동탑차(봉고),1379,653.0,2032.0,2024년도 전기자동차 고양시 모델별 보조금,2024,고양시
화물(소형),일진정공,일진무시동전기냉동탑차(포터),1363,645.0,2008.0,2024년도 전기자동차 고양시 모델별 보조금,2024,고양시
화물(소형),루트17,다니고C(0.8톤 전기트럭),1068,487.0,1555.0,2024년도 전기자동차 고양시 모델별 보조금,2024,고양시
화물(소형),루트17,다니고C2(0.8톤 전기트럭),268,134.0,402.0,2024년도 전기자동차 고양시 모델별 보조금,2024,고양시
화물(소형),루트17,다니고R(전기냉동탑차),1224,573.0,1797.0,2024년도 전기자동차 고양시 모델별 보조금,2024,고양시
화물(소형),루트17,다니고R2(무시동 전기냉동탑차),1123,527.0,1650.0,2024년도 전기자동차 고양시 모델별 보조금,2024,고양시
화물(소형),루트17,e-TOVI,464,232.0,696.0,2024년도 전기자동차 고양시 모델별 보조금,2024,고양시
화물(소형),이브이케이엠씨,MASADA 픽업,295,147.0,442.0,2024년도 전기자동차 고양시 모델별 보조금,2024,고양시
화물(소형),이브이케이엠씨,MASADA 3세대 2밴,274,137.0,411.0,2024년도 전기자동차 고양시 모델별 보조금,2024,고양시
화물(소형),이브이케이엠씨,MASADA 3세대 4밴,246,123.0,369.0,2024년도 전기자동차 고양시 모델별 보조금,2024,고양시
화물(소형),이브이케이엠씨,MASADA 2밴,299,149.0,448.0,2024년도 전기자동차 고양시 모델별 보조금,2024,고양시
화물(소형),이브이케이엠씨,MASADA 4밴,269,134.0,403.0,2024년도 전기자동차 고양시 모델별 보조금,2024,고양시
화물(소형),이브이케이엠씨,EC35 2밴,194,97.0,291.0,2024년도 전기자동차 고양시 모델별 보조금,2024,고양시
화물(소형),제이스모빌리티,이티밴,405,202.0,607.0,2024년도 전기자동차 고양시 모델별 보조금,2024,고양시
화물(소형),제이스모빌리티,이티4밴,364,182.0,546.0,2024년도 전기자동차 고양시 모델별 보조금,2024,고양시
화물(소형),제이스모빌리티,이티밴 미니 2인승,412,206.0,618.0,2024년도 전기자동차 고양시 모델별 보조금,2024,고양시
화물(소형),제이스모빌리티,이티밴 미니 4인승,412,206.0,618.0,2024년도 전기자동차 고양시 모델별 보조금,2024,고양시
화물(소형),제이스모빌리티,이티밴 프로 2인승,412,206.0,618.0,2024년도 전기자동차 고양시 모델별 보조금,2024,고양시
화물(소형),제이스모빌리티,이티밴 프로 4인승,412,206.0,618.0,2024년도 전기자동차 고양시 모델별 보조금,2024,고양시
화물(소형),오텍,오텍 무시동 전기 냉동탑차(봉고),1118,559.0,1677.0,2024년도 전기자동차 고양시 모델별 보조금,2024,고양시
화물(소형),이엔플러스,이엔1톤롱바디카고,850,425.0,1275.0,2024년도 전기자동차 고양시 모델별 보조금,2024,고양시
화물(소형),이엔플러스,이엔플러스EV1톤롱바디트럭,895,447.0,1342.0,2024년도 전기자동차 고양시 모델별 보조금,2024,고양시
화물(소형),GS글로벌,T4K,462,231.0,693.0,2024년도 전기자동차 고양시 모델별 보조금,2024,고양시
화물(소형),GS글로벌,T4K 냉동탑차,711,355.0,1066.0,2024년도 전기자동차 고양시 모델별 보조금,2024,고양시
화물(소형),에스에스라이트,젤라,336,168.0,504.0,2024년도 전기자동차 고양시 모델별 보조금,2024,고양시
화물(소형),에스에스라이트,젤라 P200,478,239.0,717.0,2024년도 전기자동차 고양시 모델별 보조금,2024,고양시
화물(소형),한국쓰리축,한국쓰리축1톤롱바디EV트럭(봉고),837,418.0,1255.0,2024년도 전기자동차 고양시 모델별 보조금,2024,고양시
화물(소형),한국쓰리축,한국쓰리축1톤롱바디EV트럭(포터),855,427.0,1282.0,2024년도 전기자동차 고양시 모델별 보조금,2024,고양시
화물(소형),모빌리티네트웍스,SE-A2밴,333,166.0,499.0,2024년도 전기자동차 고양시 모델별 보조금,2024,고양시
화물(소형),피닉스코리아,썬라이즈-T01,412,206.0,618.0,2024년도 전기자동차 고양시 모델별 보조금,2024,고양시
화물(소형),케이지모빌리티,토레스 EVX VAN 20인치,392,150.0,542.0,2024년도 전기자동차 고양시 모델별 보조금,2024,고양시
화물(소형),케이지모빌리티,토레스 EVX VAN 18인치,394,151.0,545.0,2024년도 전기자동차 고양시 모델별 보조금,2024,고양시
화물(소형),한국상용트럭,한국상용1톤롱바디EV카고트럭,818,409.0,1227.0,2024년도 전기자동차 고양시 모델별 보조금,2024,고양시
화물(소형),한국상용트럭,한국상용0.9톤롱바디EV내장탑트럭,593,296.0,889.0,2024년도 전기자동차 고양시 모델별 보조금,2024,고양시
화물(소형),센트로에이케이,E-CV1,282,141.0,423.0,2024년도 전기자동차 고양시 모델별 보조금,2024,고양시
화물(소형),파츠몰에이투지,SW40,412,206.0,618.0,2024년도 전기자동차 고양시 모델별 보조금,2024,고양시
화물(소형),이브이앤솔루션,STEGO-Z,540,270.0,810.0,2024년도 전기자동차 고양시 모델별 보조금,2024,고양시
화물(초소형),마스타전기차,MASTA VAN,400,254.0,654.0,2024년도 전기자동차 과천시 모델별 보조금,2024,과천시
화물(초소형),마스타전기차,MASTA HIM,400,254.0,654.0,2024년도 전기자동차 과천시 모델별 보조금,2024,과천시
화물(초소형),디피코,포트로-탑,400,254.0,654.0,2024년도 전기자동차 과천시 모델별 보조금,2024,과천시
화물(초소형),디피코,포트로-픽업,400,254.0,654.0,2024년도 전기자동차 과천시 모델별 보조금,2024,과천시
화물(초소형),디피코,포트로-탑S,400,254.0,654.0,2024년도 전기자동차 과천시 모델별 보조금,2024,과천시
화물(초소형),디피코,포트로-픽업S,400,254.0,654.0,2024년도 전기자동차 과천시 모델별 보조금,2024,과천시
화물(초소형),마이브,베프,400,254.0,654.0,2024년도 전기자동차 과천시 모델별 보조금,2024,과천시
화물(경형),디피코,포트로350L-탑,788,501.0,1289.0,2024년도 전기자동차 과천시 모델별 보조금,2024,과천시
화물(경형),디피코,포트로350L-픽업,788,501.0,1289.0,2024년도 전기자동차 과천시 모델별 보조금,2024,과천시
화물(소형),파워프라자,봉고3ev PEACE,554,352.0,906.0,2024년도 전기자동차 과천시 모델별 보조금,2024,과천시
화물(소형),파워프라자,봉고3ev PEACE 더블캡,481,306.0,787.0,2024년도 전기자동차 과천시 모델별 보조금,2024,과천시
화물(소형),현대자동차,포터Ⅱ 일렉트릭(23MY),1090,668.0,1758.0,2024년도 전기자동차 과천시 모델별 보조금,2024,과천시
화물(소형),현대자동차,포터Ⅱ 일렉트릭(24MY),1090,668.0,1758.0,2024년도 전기자동차 과천시 모델별 보조금,2024,과천시
화물(소형),현대자동차,ST1 기본형 카고 17인치,1100,700.0,1800.0,2024년도 전기자동차 과천시 모델별 보조금,2024,과천시
화물(소형),현대자동차,ST1 기본형 카고 냉동 17인치,1450,922.0,2372.0,2024년도 전기자동차 과천시 모델별 보조금,2024,과천시
화물(소형),현대자동차,ST1 기본형 하이탑 17인치,1100,700.0,1800.0,2024년도 전기자동차 과천시 모델별 보조금,2024,과천시
화물(소형),기아,봉고 전기차,1130,668.0,1798.0,2024년도 전기자동차 과천시 모델별 보조금,2024,과천시
화물(소형),기아,봉고 전기차 냉동탑차,1330,802.0,2132.0,2024년도 전기자동차 과천시 모델별 보조금,2024,과천시
화물(소형),기아,봉고 전기차 저상형 냉동탑차,1330,802.0,2132.0,2024년도 전기자동차 과천시 모델별 보조금,2024,과천시
화물(소형),일진정공,일진무시동전기냉동탑차(149.9km),916,582.0,1498.0,2024년도 전기자동차 과천시 모델별 보조금,2024,과천시
화물(소형),일진정공,일진무시동전기냉동탑차(186.1km),1169,743.0,1912.0,2024년도 전기자동차 과천시 모델별 보조금,2024,과천시
화물(소형),일진정공,일진무시동전기냉동탑차(봉고),1379,831.0,2210.0,2024년도 전기자동차 과천시 모델별 보조금,2024,과천시
화물(소형),일진정공,일진무시동전기냉동탑차(포터),1363,821.0,2184.0,2024년도 전기자동차 과천시 모델별 보조금,2024,과천시
화물(소형),루트17,다니고C(0.8톤 전기트럭),1068,620.0,1688.0,2024년도 전기자동차 과천시 모델별 보조금,2024,과천시
화물(소형),루트17,다니고C2(0.8톤 전기트럭),268,170.0,438.0,2024년도 전기자동차 과천시 모델별 보조금,2024,과천시
화물(소형),루트17,다니고R(전기냉동탑차),1224,729.0,1953.0,2024년도 전기자동차 과천시 모델별 보조금,2024,과천시
화물(소형),루트17,다니고R2(무시동 전기냉동탑차),1123,671.0,1794.0,2024년도 전기자동차 과천시 모델별 보조금,2024,과천시
화물(소형),루트17,e-TOVI,464,295.0,759.0,2024년도 전기자동차 과천시 모델별 보조금,2024,과천시
화물(소형),이브이케이엠씨,MASADA 픽업,295,187.0,482.0,2024년도 전기자동차 과천시 모델별 보조금,2024,과천시
화물(소형),이브이케이엠씨,MASADA 3세대 2밴,274,174.0,448.0,2024년도 전기자동차 과천시 모델별 보조금,2024,과천시
화물(소형),이브이케이엠씨,MASADA 3세대 4밴,246,156.0,402.0,2024년도 전기자동차 과천시 모델별 보조금,2024,과천시
화물(소형),이브이케이엠씨,MASADA 2밴,299,190.0,489.0,2024년도 전기자동차 과천시 모델별 보조금,2024,과천시
화물(소형),이브이케이엠씨,MASADA 4밴,269,171.0,440.0,2024년도 전기자동차 과천시 모델별 보조금,2024,과천시
화물(소형),이브이케이엠씨,EC35 2밴,194,123.0,317.0,2024년도 전기자동차 과천시 모델별 보조금,2024,과천시
화물(소형),제이스모빌리티,이티밴,405,257.0,662.0,2024년도 전기자동차 과천시 모델별 보조금,2024,과천시
화물(소형),제이스모빌리티,이티4밴,364,231.0,595.0,2024년도 전기자동차 과천시 모델별 보조금,2024,과천시
화물(소형),제이스모빌리티,이티밴 미니 2인승,412,262.0,674.0,2024년도 전기자동차 과천시 모델별 보조금,2024,과천시
화물(소형),제이스모빌리티,이티밴 미니 4인승,412,262.0,674.0,2024년도 전기자동차 과천시 모델별 보조금,2024,과천시
화물(소형),제이스모빌리티,이티밴 프로 2인승,412,262.0,674.0,2024년도 전기자동차 과천시 모델별 보조금,2024,과천시
화물(소형),제이스모빌리티,이티밴 프로 4인승,412,262.0,674.0,2024년도 전기자동차 과천시 모델별 보조금,2024,과천시
화물(소형),오텍,오텍 무시동 전기 냉동탑차(봉고),1118,711.0,1829.0,2024년도 전기자동차 과천시 모델별 보조금,2024,과천시
화물(소형),이엔플러스,이엔1톤롱바디카고,850,540.0,1390.0,2024년도 전기자동차 과천시 모델별 보조금,2024,과천시
화물(소형),이엔플러스,이엔플러스EV1톤롱바디트럭,895,569.0,1464.0,2024년도 전기자동차 과천시 모델별 보조금,2024,과천시
화물(소형),GS글로벌,T4K,462,294.0,756.0,2024년도 전기자동차 과천시 모델별 보조금,2024,과천시
화물(소형),GS글로벌,T4K 냉동탑차,711,452.0,1163.0,2024년도 전기자동차 과천시 모델별 보조금,2024,과천시
화물(소형),에스에스라이트,젤라,336,213.0,549.0,2024년도 전기자동차 과천시 모델별 보조금,2024,과천시
화물(소형),에스에스라이트,젤라 P200,478,304.0,782.0,2024년도 전기자동차 과천시 모델별 보조금,2024,과천시
화물(소형),한국쓰리축,한국쓰리축1톤롱바디EV트럭(봉고),837,532.0,1369.0,2024년도 전기자동차 과천시 모델별 보조금,2024,과천시
화물(소형),한국쓰리축,한국쓰리축1톤롱바디EV트럭(포터),855,544.0,1399.0,2024년도 전기자동차 과천시 모델별 보조금,2024,과천시
화물(소형),모빌리티네트웍스,SE-A2밴,333,211.0,544.0,2024년도 전기자동차 과천시 모델별 보조금,2024,과천시
화물(소형),피닉스코리아,썬라이즈-T01,412,262.0,674.0,2024년도 전기자동차 과천시 모델별 보조금,2024,과천시
화물(소형),케이지모빌리티,토레스 EVX VAN 20인치,392,249.0,641.0,2024년도 전기자동차 과천시 모델별 보조금,2024,과천시
화물(소형),케이지모빌리티,토레스 EVX VAN 18인치,394,250.0,644.0,2024년도 전기자동차 과천시 모델별 보조금,2024,과천시
화물(소형),한국상용트럭,한국상용1톤롱바디EV카고트럭,818,520.0,1338.0,2024년도 전기자동차 과천시 모델별 보조금,2024,과천시
화물(소형),한국상용트럭,한국상용0.9톤롱바디EV내장탑트럭,593,377.0,970.0,2024년도 전기자동차 과천시 모델별 보조금,2024,과천시
화물(소형),센트로에이케이,E-CV1,282,179.0,461.0,2024년도 전기자동차 과천시 모델별 보조금,2024,과천시
화물(소형),파츠몰에이투지,SW40,412,262.0,674.0,2024년도 전기자동차 과천시 모델별 보조금,2024,과천시
화물(소형),이브이앤솔루션,STEGO-Z,540,343.0,883.0,2024년도 전기자동차 과천시 모델별 보조금,2024,과천시
화물(초소형),마스타전기차,MASTA VAN,400,250.0,650.0,2024년도 전기자동차 구리시 모델별 보조금,2024,구리시
화물(초소형),마스타전기차,MASTA HIM,400,250.0,650.0,2024년도 전기자동차 구리시 모델별 보조금,2024,구리시
화물(초소형),디피코,포트로-탑,400,250.0,650.0,2024년도 전기자동차 구리시 모델별 보조금,2024,구리시
화물(초소형),디피코,포트로-픽업,400,250.0,650.0,2024년도 전기자동차 구리시 모델별 보조금,2024,구리시
화물(초소형),디피코,포트로-탑S,400,250.0,650.0,2024년도 전기자동차 구리시 모델별 보조금,2024,구리시
화물(초소형),디피코,포트로-픽업S,400,250.0,650.0,2024년도 전기자동차 구리시 모델별 보조금,2024,구리시
화물(초소형),마이브,베프,400,0.0,400.0,2024년도 전기자동차 구리시 모델별 보조금,2024,구리시
화물(경형),디피코,포트로350L-탑,788,689.0,1477.0,2024년도 전기자동차 구리시 모델별 보조금,2024,구리시
화물(경형),디피코,포트로350L-픽업,788,689.0,1477.0,2024년도 전기자동차 구리시 모델별 보조금,2024,구리시
화물(소형),파워프라자,봉고3ev PEACE,554,352.0,906.0,2024년도 전기자동차 구리시 모델별 보조금,2024,구리시
화물(소형),파워프라자,봉고3ev PEACE 더블캡,481,306.0,787.0,2024년도 전기자동차 구리시 모델별 보조금,2024,구리시
화물(소형),현대자동차,포터Ⅱ 일렉트릭(23MY),1090,668.0,1758.0,2024년도 전기자동차 구리시 모델별 보조금,2024,구리시
화물(소형),현대자동차,포터Ⅱ 일렉트릭(24MY),1090,668.0,1758.0,2024년도 전기자동차 구리시 모델별 보조금,2024,구리시
화물(소형),현대자동차,ST1 기본형 카고 17인치,1100,700.0,1800.0,2024년도 전기자동차 구리시 모델별 보조금,2024,구리시
화물(소형),현대자동차,ST1 기본형 카고 냉동 17인치,1450,922.0,2372.0,2024년도 전기자동차 구리시 모델별 보조금,2024,구리시
화물(소형),현대자동차,ST1 기본형 하이탑 17인치,1100,700.0,1800.0,2024년도 전기자동차 구리시 모델별 보조금,2024,구리시
화물(소형),기아,봉고 전기차,1130,668.0,1798.0,2024년도 전기자동차 구리시 모델별 보조금,2024,구리시
화물(소형),기아,봉고 전기차 냉동탑차,1330,802.0,2132.0,2024년도 전기자동차 구리시 모델별 보조금,2024,구리시
화물(소형),기아,봉고 전기차 저상형 냉동탑차,1330,802.0,2132.0,2024년도 전기자동차 구리시 모델별 보조금,2024,구리시
화물(소형),일진정공,일진무시동전기냉동탑차(149.9km),916,582.0,1498.0,2024년도 전기자동차 구리시 모델별 보조금,2024,구리시
화물(소형),일진정공,일진무시동전기냉동탑차(186.1km),1169,743.0,1912.0,2024년도 전기자동차 구리시 모델별 보조금,2024,구리시
화물(소형),일진정공,일진무시동전기냉동탑차(봉고),1379,831.0,2210.0,2024년도 전기자동차 구리시 모델별 보조금,2024,구리시
화물(소형),일진정공,일진무시동전기냉동탑차(포터),1363,821.0,2184.0,2024년도 전기자동차 구리시 모델별 보조금,2024,구리시
화물(소형),루트17,다니고C(0.8톤 전기트럭),1068,620.0,1688.0,2024년도 전기자동차 구리시 모델별 보조금,2024,구리시
화물(소형),루트17,다니고C2(0.8톤 전기트럭),268,170.0,438.0,2024년도 전기자동차 구리시 모델별 보조금,2024,구리시
화물(소형),루트17,다니고R(전기냉동탑차),1224,729.0,1953.0,2024년도 전기자동차 구리시 모델별 보조금,2024,구리시
화물(소형),루트17,다니고R2(무시동 전기냉동탑차),1123,671.0,1794.0,2024년도 전기자동차 구리시 모델별 보조금,2024,구리시
화물(소형),루트17,e-TOVI,464,295.0,759.0,2024년도 전기자동차 구리시 모델별 보조금,2024,구리시
화물(소형),이브이케이엠씨,MASADA 픽업,295,187.0,482.0,2024년도 전기자동차 구리시 모델별 보조금,2024,구리시
화물(소형),이브이케이엠씨,MASADA 3세대 2밴,274,174.0,448.0,2024년도 전기자동차 구리시 모델별 보조금,2024,구리시
화물(소형),이브이케이엠씨,MASADA 3세대 4밴,246,156.0,402.0,2024년도 전기자동차 구리시 모델별 보조금,2024,구리시
화물(소형),이브이케이엠씨,MASADA 2밴,299,190.0,489.0,2024년도 전기자동차 구리시 모델별 보조금,2024,구리시
화물(소형),이브이케이엠씨,MASADA 4밴,269,171.0,440.0,2024년도 전기자동차 구리시 모델별 보조금,2024,구리시
화물(소형),이브이케이엠씨,EC35 2밴,194,123.0,317.0,2024년도 전기자동차 구리시 모델별 보조금,2024,구리시
화물(소형),제이스모빌리티,이티밴,405,257.0,662.0,2024년도 전기자동차 구리시 모델별 보조금,2024,구리시
화물(소형),제이스모빌리티,이티4밴,364,231.0,595.0,2024년도 전기자동차 구리시 모델별 보조금,2024,구리시
화물(소형),제이스모빌리티,이티밴 미니 2인승,412,262.0,674.0,2024년도 전기자동차 구리시 모델별 보조금,2024,구리시
화물(소형),제이스모빌리티,이티밴 미니 4인승,412,262.0,674.0,2024년도 전기자동차 구리시 모델별 보조금,2024,구리시
화물(소형),제이스모빌리티,이티밴 프로 2인승,412,262.0,674.0,2024년도 전기자동차 구리시 모델별 보조금,2024,구리시
화물(소형),제이스모빌리티,이티밴 프로 4인승,412,262.0,674.0,2024년도 전기자동차 구리시 모델별 보조금,2024,구리시
화물(소형),오텍,오텍 무시동 전기 냉동탑차(봉고),1118,711.0,1829.0,2024년도 전기자동차 구리시 모델별 보조금,2024,구리시
화물(소형),이엔플러스,이엔1톤롱바디카고,850,540.0,1390.0,2024년도 전기자동차 구리시 모델별 보조금,2024,구리시
화물(소형),이엔플러스,이엔플러스EV1톤롱바디트럭,895,569.0,1464.0,2024년도 전기자동차 구리시 모델별 보조금,2024,구리시
화물(소형),GS글로벌,T4K,462,294.0,756.0,2024년도 전기자동차 구리시 모델별 보조금,2024,구리시
화물(소형),GS글로벌,T4K 냉동탑차,711,452.0,1163.0,2024년도 전기자동차 구리시 모델별 보조금,2024,구리시
화물(소형),에스에스라이트,젤라,336,213.0,549.0,2024년도 전기자동차 구리시 모델별 보조금,2024,구리시
화물(소형),에스에스라이트,젤라 P200,478,304.0,782.0,2024년도 전기자동차 구리시 모델별 보조금,2024,구리시
화물(소형),한국쓰리축,한국쓰리축1톤롱바디EV트럭(봉고),837,532.0,1369.0,2024년도 전기자동차 구리시 모델별 보조금,2024,구리시
화물(소형),한국쓰리축,한국쓰리축1톤롱바디EV트럭(포터),855,544.0,1399.0,2024년도 전기자동차 구리시 모델별 보조금,2024,구리시
화물(소형),모빌리티네트웍스,SE-A2밴,333,211.0,544.0,2024년도 전기자동차 구리시 모델별 보조금,2024,구리시
화물(소형),피닉스코리아,썬라이즈-T01,412,262.0,674.0,2024년도 전기자동차 구리시 모델별 보조금,2024,구리시
화물(소형),케이지모빌리티,토레스 EVX VAN 20인치,392,241.0,633.0,2024년도 전기자동차 구리시 모델별 보조금,2024,구리시
화물(소형),케이지모빌리티,토레스 EVX VAN 18인치,394,242.0,636.0,2024년도 전기자동차 구리시 모델별 보조금,2024,구리시
화물(소형),한국상용트럭,한국상용1톤롱바디EV카고트럭,818,520.0,1338.0,2024년도 전기자동차 구리시 모델별 보조금,2024,구리시
화물(소형),한국상용트럭,한국상용0.9톤롱바디EV내장탑트럭,593,377.0,970.0,2024년도 전기자동차 구리시 모델별 보조금,2024,구리시
화물(소형),센트로에이케이,E-CV1,282,179.0,461.0,2024년도 전기자동차 구리시 모델별 보조금,2024,구리시
화물(소형),파츠몰에이투지,SW40,412,262.0,674.0,2024년도 전기자동차 구리시 모델별 보조금,2024,구리시
화물(소형),이브이앤솔루션,STEGO-Z,540,343.0,883.0,2024년도 전기자동차 구리시 모델별 보조금,2024,구리시
화물(초소형),마스타전기차,MASTA VAN,400,200.0,600.0,2024년도 전기자동차 남양주시 모델별 보조금,2024,남양주시
화물(초소형),마스타전기차,MASTA HIM,400,200.0,600.0,2024년도 전기자동차 남양주시 모델별 보조금,2024,남양주시
화물(초소형),디피코,포트로-탑,400,200.0,600.0,2024년도 전기자동차 남양주시 모델별 보조금,2024,남양주시
화물(초소형),디피코,포트로-픽업,400,200.0,600.0,2024년도 전기자동차 남양주시 모델별 보조금,2024,남양주시
화물(초소형),디피코,포트로-탑S,400,200.0,600.0,2024년도 전기자동차 남양주시 모델별 보조금,2024,남양주시
화물(초소형),디피코,포트로-픽업S,400,200.0,600.0,2024년도 전기자동차 남양주시 모델별 보조금,2024,남양주시
화물(초소형),마이브,베프,400,0.0,400.0,2024년도 전기자동차 남양주시 모델별 보조금,2024,남양주시
화물(경형),디피코,포트로350L-탑,788,492.0,1280.0,2024년도 전기자동차 남양주시 모델별 보조금,2024,남양주시
화물(경형),디피코,포트로350L-픽업,788,492.0,1280.0,2024년도 전기자동차 남양주시 모델별 보조금,2024,남양주시
화물(소형),파워프라자,봉고3ev PEACE,554,251.0,805.0,2024년도 전기자동차 남양주시 모델별 보조금,2024,남양주시
화물(소형),파워프라자,봉고3ev PEACE 더블캡,481,218.0,699.0,2024년도 전기자동차 남양주시 모델별 보조금,2024,남양주시
화물(소형),현대자동차,포터Ⅱ 일렉트릭(23MY),1090,477.0,1567.0,2024년도 전기자동차 남양주시 모델별 보조금,2024,남양주시
화물(소형),현대자동차,포터Ⅱ 일렉트릭(24MY),1090,477.0,1567.0,2024년도 전기자동차 남양주시 모델별 보조금,2024,남양주시
화물(소형),현대자동차,ST1 기본형 카고 17인치,1100,500.0,1600.0,2024년도 전기자동차 남양주시 모델별 보조금,2024,남양주시
화물(소형),현대자동차,ST1 기본형 카고 냉동 17인치,1450,500.0,1950.0,2024년도 전기자동차 남양주시 모델별 보조금,2024,남양주시
화물(소형),현대자동차,ST1 기본형 하이탑 17인치,1100,500.0,1600.0,2024년도 전기자동차 남양주시 모델별 보조금,2024,남양주시
화물(소형),기아,봉고 전기차,1130,477.0,1607.0,2024년도 전기자동차 남양주시 모델별 보조금,2024,남양주시
화물(소형),기아,봉고 전기차 냉동탑차,1330,500.0,1830.0,2024년도 전기자동차 남양주시 모델별 보조금,2024,남양주시
화물(소형),기아,봉고 전기차 저상형 냉동탑차,1330,500.0,1830.0,2024년도 전기자동차 남양주시 모델별 보조금,2024,남양주시
화물(소형),일진정공,일진무시동전기냉동탑차(149.9km),916,416.0,1332.0,2024년도 전기자동차 남양주시 모델별 보조금,2024,남양주시
화물(소형),일진정공,일진무시동전기냉동탑차(186.1km),1169,500.0,1669.0,2024년도 전기자동차 남양주시 모델별 보조금,2024,남양주시
화물(소형),일진정공,일진무시동전기냉동탑차(봉고),1379,500.0,1879.0,2024년도 전기자동차 남양주시 모델별 보조금,2024,남양주시
화물(소형),일진정공,일진무시동전기냉동탑차(포터),1363,500.0,1863.0,2024년도 전기자동차 남양주시 모델별 보조금,2024,남양주시
화물(소형),루트17,다니고C(0.8톤 전기트럭),1068,443.0,1511.0,2024년도 전기자동차 남양주시 모델별 보조금,2024,남양주시
화물(소형),루트17,다니고C2(0.8톤 전기트럭),268,121.0,389.0,2024년도 전기자동차 남양주시 모델별 보조금,2024,남양주시
화물(소형),루트17,다니고R(전기냉동탑차),1224,500.0,1724.0,2024년도 전기자동차 남양주시 모델별 보조금,2024,남양주시
화물(소형),루트17,다니고R2(무시동 전기냉동탑차),1123,479.0,1602.0,2024년도 전기자동차 남양주시 모델별 보조금,2024,남양주시
화물(소형),루트17,e-TOVI,464,210.0,674.0,2024년도 전기자동차 남양주시 모델별 보조금,2024,남양주시
화물(소형),이브이케이엠씨,MASADA 픽업,295,134.0,429.0,2024년도 전기자동차 남양주시 모델별 보조금,2024,남양주시
화물(소형),이브이케이엠씨,MASADA 3세대 2밴,274,124.0,398.0,2024년도 전기자동차 남양주시 모델별 보조금,2024,남양주시
화물(소형),이브이케이엠씨,MASADA 3세대 4밴,246,111.0,357.0,2024년도 전기자동차 남양주시 모델별 보조금,2024,남양주시
화물(소형),이브이케이엠씨,MASADA 2밴,299,135.0,434.0,2024년도 전기자동차 남양주시 모델별 보조금,2024,남양주시
화물(소형),이브이케이엠씨,MASADA 4밴,269,122.0,391.0,2024년도 전기자동차 남양주시 모델별 보조금,2024,남양주시
화물(소형),이브이케이엠씨,EC35 2밴,194,88.0,282.0,2024년도 전기자동차 남양주시 모델별 보조금,2024,남양주시
화물(소형),제이스모빌리티,이티밴,405,184.0,589.0,2024년도 전기자동차 남양주시 모델별 보조금,2024,남양주시
화물(소형),제이스모빌리티,이티4밴,364,165.0,529.0,2024년도 전기자동차 남양주시 모델별 보조금,2024,남양주시
화물(소형),제이스모빌리티,이티밴 미니 2인승,412,187.0,599.0,2024년도 전기자동차 남양주시 모델별 보조금,2024,남양주시
화물(소형),제이스모빌리티,이티밴 미니 4인승,412,187.0,599.0,2024년도 전기자동차 남양주시 모델별 보조금,2024,남양주시
화물(소형),제이스모빌리티,이티밴 프로 2인승,412,187.0,599.0,2024년도 전기자동차 남양주시 모델별 보조금,2024,남양주시
화물(소형),제이스모빌리티,이티밴 프로 4인승,412,187.0,599.0,2024년도 전기자동차 남양주시 모델별 보조금,2024,남양주시
화물(소형),오텍,오텍 무시동 전기 냉동탑차(봉고),1118,500.0,1618.0,2024년도 전기자동차 남양주시 모델별 보조금,2024,남양주시
화물(소형),이엔플러스,이엔1톤롱바디카고,850,386.0,1236.0,2024년도 전기자동차 남양주시 모델별 보조금,2024,남양주시
화물(소형),이엔플러스,이엔플러스EV1톤롱바디트럭,895,406.0,1301.0,2024년도 전기자동차 남양주시 모델별 보조금,2024,남양주시
화물(소형),GS글로벌,T4K,462,210.0,672.0,2024년도 전기자동차 남양주시 모델별 보조금,2024,남양주시
화물(소형),GS글로벌,T4K 냉동탑차,711,323.0,1034.0,2024년도 전기자동차 남양주시 모델별 보조금,2024,남양주시
화물(소형),에스에스라이트,젤라,336,152.0,488.0,2024년도 전기자동차 남양주시 모델별 보조금,2024,남양주시
화물(소형),에스에스라이트,젤라 P200,478,217.0,695.0,2024년도 전기자동차 남양주시 모델별 보조금,2024,남양주시
화물(소형),한국쓰리축,한국쓰리축1톤롱바디EV트럭(봉고),837,380.0,1217.0,2024년도 전기자동차 남양주시 모델별 보조금,2024,남양주시
화물(소형),한국쓰리축,한국쓰리축1톤롱바디EV트럭(포터),855,388.0,1243.0,2024년도 전기자동차 남양주시 모델별 보조금,2024,남양주시
화물(소형),모빌리티네트웍스,SE-A2밴,333,151.0,484.0,2024년도 전기자동차 남양주시 모델별 보조금,2024,남양주시
화물(소형),피닉스코리아,썬라이즈-T01,412,187.0,599.0,2024년도 전기자동차 남양주시 모델별 보조금,2024,남양주시
화물(소형),케이지모빌리티,토레스 EVX VAN 20인치,392,150.0,542.0,2024년도 전기자동차 남양주시 모델별 보조금,2024,남양주시
화물(소형),케이지모빌리티,토레스 EVX VAN 18인치,394,151.0,545.0,2024년도 전기자동차 남양주시 모델별 보조금,2024,남양주시
화물(소형),한국상용트럭,한국상용1톤롱바디EV카고트럭,818,371.0,1189.0,2024년도 전기자동차 남양주시 모델별 보조금,2024,남양주시
화물(소형),한국상용트럭,한국상용0.9톤롱바디EV내장탑트럭,593,269.0,862.0,2024년도 전기자동차 남양주시 모델별 보조금,2024,남양주시
화물(소형),센트로에이케이,E-CV1,282,128.0,410.0,2024년도 전기자동차 남양주시 모델별 보조금,2024,남양주시
화물(소형),파츠몰에이투지,SW40,412,187.0,599.0,2024년도 전기자동차 남양주시 모델별 보조금,2024,남양주시
화물(소형),이브이앤솔루션,STEGO-Z,540,245.0,785.0,2024년도 전기자동차 남양주시 모델별 보조금,2024,남양주시
화물(초소형),마스타전기차,MASTA VAN,400,254.0,654.0,2024년도 전기자동차 오산시 모델별 보조금,2024,오산시
화물(초소형),마스타전기차,MASTA HIM,400,254.0,654.0,2024년도 전기자동차 오산시 모델별 보조금,2024,오산시
화물(초소형),디피코,포트로-탑,400,254.0,654.0,2024년도 전기자동차 오산시 모델별 보조금,2024,오산시
화물(초소형),디피코,포트로-픽업,400,254.0,654.0,2024년도 전기자동차 오산시 모델별 보조금,2024,오산시
화물(초소형),디피코,포트로-탑S,400,254.0,654.0,2024년도 전기자동차 오산시 모델별 보조금,2024,오산시
화물(초소형),디피코,포트로-픽업S,400,254.0,654.0,2024년도 전기자동차 오산시 모델별 보조금,2024,오산시
화물(경형),디피코,포트로350L-탑,788,501.0,1289.0,2024년도 전기자동차 오산시 모델별 보조금,2024,오산시
화물(경형),디피코,포트로350L-픽업,788,501.0,1289.0,2024년도 전기자동차 오산시 모델별 보조금,2024,오산시
화물(소형),파워프라자,봉고3ev PEACE,554,352.0,906.0,2024년도 전기자동차 오산시 모델별 보조금,2024,오산시
화물(소형),파워프라자,봉고3ev PEACE 더블캡,481,306.0,787.0,2024년도 전기자동차 오산시 모델별 보조금,2024,오산시
화물(소형),현대자동차,포터Ⅱ 일렉트릭(23MY),1090,668.0,1758.0,2024년도 전기자동차 오산시 모델별 보조금,2024,오산시
화물(소형),현대자동차,포터Ⅱ 일렉트릭(24MY),1090,668.0,1758.0,2024년도 전기자동차 오산시 모델별 보조금,2024,오산시
화물(소형),현대자동차,ST1 기본형 카고 17인치,1100,700.0,1800.0,2024년도 전기자동차 오산시 모델별 보조금,2024,오산시
화물(소형),현대자동차,ST1 기본형 카고 냉동 17인치,1450,922.0,2372.0,2024년도 전기자동차 오산시 모델별 보조금,2024,오산시
화물(소형),기아,봉고 전기차,1130,668.0,1798.0,2024년도 전기자동차 오산시 모델별 보조금,2024,오산시
화물(소형),기아,봉고 전기차 냉동탑차,1330,802.0,2132.0,2024년도 전기자동차 오산시 모델별 보조금,2024,오산시
화물(소형),기아,봉고 전기차 저상형 냉동탑차,1330,802.0,2132.0,2024년도 전기자동차 오산시 모델별 보조금,2024,오산시
화물(소형),일진정공,일진무시동전기냉동탑차(149.9km),916,582.0,1498.0,2024년도 전기자동차 오산시 모델별 보조금,2024,오산시
화물(소형),일진정공,일진무시동전기냉동탑차(186.1km),1169,743.0,1912.0,2024년도 전기자동차 오산시 모델별 보조금,2024,오산시
화물(소형),일진정공,일진무시동전기냉동탑차(봉고),1379,831.0,2210.0,2024년도 전기자동차 오산시 모델별 보조금,2024,오산시
화물(소형),일진정공,일진무시동전기냉동탑차(포터),1363,821.0,2184.0,2024년도 전기자동차 오산시 모델별 보조금,2024,오산시
화물(소형),루트17,다니고C(0.8톤 전기트럭),1068,620.0,1688.0,2024년도 전기자동차 오산시 모델별 보조금,2024,오산시
화물(소형),루트17,다니고C2(0.8톤 전기트럭),268,170.0,438.0,2024년도 전기자동차 오산시 모델별 보조금,2024,오산시
화물(소형),루트17,다니고R(전기냉동탑차),1224,729.0,1953.0,2024년도 전기자동차 오산시 모델별 보조금,2024,오산시
화물(소형),루트17,다니고R2(무시동 전기냉동탑차),1123,671.0,1794.0,2024년도 전기자동차 오산시 모델별 보조금,2024,오산시
화물(소형),루트17,e-TOVI,464,295.0,759.0,2024년도 전기자동차 오산시 모델별 보조금,2024,오산시
화물(소형),이브이케이엠씨,MASADA 픽업,295,187.0,482.0,2024년도 전기자동차 오산시 모델별 보조금,2024,오산시
화물(소형),이브이케이엠씨,MASADA 3세대 2밴,274,174.0,448.0,2024년도 전기자동차 오산시 모델별 보조금,2024,오산시
화물(소형),이브이케이엠씨,MASADA 3세대 4밴,246,156.0,402.0,2024년도 전기자동차 오산시 모델별 보조금,2024,오산시
화물(소형),이브이케이엠씨,MASADA 2밴,299,190.0,489.0,2024년도 전기자동차 오산시 모델별 보조금,2024,오산시
화물(소형),이브이케이엠씨,MASADA 4밴,269,171.0,440.0,2024년도 전기자동차 오산시 모델별 보조금,2024,오산시
화물(소형),이브이케이엠씨,EC35 2밴,194,123.0,317.0,2024년도 전기자동차 오산시 모델별 보조금,2024,오산시
화물(소형),제이스모빌리티,이티밴,405,257.0,662.0,2024년도 전기자동차 오산시 모델별 보조금,2024,오산시
화물(소형),제이스모빌리티,이티4밴,364,231.0,595.0,2024년도 전기자동차 오산시 모델별 보조금,2024,오산시
화물(소형),제이스모빌리티,이티밴 미니 2인승,412,262.0,674.0,2024년도 전기자동차 오산시 모델별 보조금,2024,오산시
화물(소형),제이스모빌리티,이티밴 미니 4인승,412,262.0,674.0,2024년도 전기자동차 오산시 모델별 보조금,2024,오산시
화물(소형),제이스모빌리티,이티밴 프로 2인승,412,262.0,674.0,2024년도 전기자동차 오산시 모델별 보조금,2024,오산시
화물(소형),제이스모빌리티,이티밴 프로 4인승,412,262.0,674.0,2024년도 전기자동차 오산시 모델별 보조금,2024,오산시
화물(소형),오텍,오텍 무시동 전기 냉동탑차(봉고),1118,711.0,1829.0,2024년도 전기자동차 오산시 모델별 보조금,2024,오산시
화물(소형),이엔플러스,이엔1톤롱바디카고,850,540.0,1390.0,2024년도 전기자동차 오산시 모델별 보조금,2024,오산시
화물(소형),이엔플러스,이엔플러스EV1톤롱바디트럭,895,569.0,1464.0,2024년도 전기자동차 오산시 모델별 보조금,2024,오산시
화물(소형),GS글로벌,T4K,462,294.0,756.0,2024년도 전기자동차 오산시 모델별 보조금,2024,오산시
화물(소형),GS글로벌,T4K 냉동탑차,711,452.0,1163.0,2024년도 전기자동차 오산시 모델별 보조금,2024,오산시
화물(소형),에스에스라이트,젤라,336,213.0,549.0,2024년도 전기자동차 오산시 모델별 보조금,2024,오산시
화물(소형),에스에스라이트,젤라 P200,478,304.0,782.0,2024년도 전기자동차 오산시 모델별 보조금,2024,오산시
화물(소형),한국쓰리축,한국쓰리축1톤롱바디EV트럭(봉고),837,532.0,1369.0,2024년도 전기자동차 오산시 모델별 보조금,2024,오산시
화물(소형),한국쓰리축,한국쓰리축1톤롱바디EV트럭(포터),855,544.0,1399.0,2024년도 전기자동차 오산시 모델별 보조금,2024,오산시
화물(소형),모빌리티네트웍스,SE-A2밴,333,211.0,544.0,2024년도 전기자동차 오산시 모델별 보조금,2024,오산시
화물(소형),피닉스코리아,썬라이즈-T01,412,262.0,674.0,2024년도 전기자동차 오산시 모델별 보조금,2024,오산시
화물(소형),케이지모빌리티,토레스 EVX VAN 20인치,392,249.0,641.0,2024년도 전기자동차 오산시 모델별 보조금,2024,오산시
화물(소형),케이지모빌리티,토레스 EVX VAN 18인치,394,250.0,644.0,2024년도 전기자동차 오산시 모델별 보조금,2024,오산시
화물(소형),한국상용트럭,한국상용1톤롱바디EV카고트럭,818,520.0,1338.0,2024년도 전기자동차 오산시 모델별 보조금,2024,오산시
화물(소형),한국상용트럭,한국상용0.9톤롱바디EV내장탑트럭,593,377.0,970.0,2024년도 전기자동차 오산시 모델별 보조금,2024,오산시
화물(초소형),마스타전기차,MASTA VAN,400,200.0,600.0,2024년도 전기자동차 시흥시 모델별 보조금,2024,시흥시
화물(초소형),마스타전기차,MASTA HIM,400,200.0,600.0,2024년도 전기자동차 시흥시 모델별 보조금,2024,시흥시
화물(초소형),디피코,포트로-탑,400,200.0,600.0,2024년도 전기자동차 시흥시 모델별 보조금,2024,시흥시
화물(초소형),디피코,포트로-픽업,400,200.0,600.0,2024년도 전기자동차 시흥시 모델별 보조금,2024,시흥시
화물(초소형),디피코,포트로-탑S,400,200.0,600.0,2024년도 전기자동차 시흥시 모델별 보조금,2024,시흥시
화물(초소형),디피코,포트로-픽업S,400,200.0,600.0,2024년도 전기자동차 시흥시 모델별 보조금,2024,시흥시
화물(초소형),마이브,베프,400,200.0,600.0,2024년도 전기자동차 시흥시 모델별 보조금,2024,시흥시
화물(경형),디피코,포트로350L-탑,788,492.0,1280.0,2024년도 전기자동차 시흥시 모델별 보조금,2024,시흥시
화물(경형),디피코,포트로350L-픽업,788,492.0,1280.0,2024년도 전기자동차 시흥시 모델별 보조금,2024,시흥시
화물(소형),파워프라자,봉고3ev PEACE,554,251.0,805.0,2024년도 전기자동차 시흥시 모델별 보조금,2024,시흥시
화물(소형),파워프라자,봉고3ev PEACE 더블캡,481,218.0,699.0,2024년도 전기자동차 시흥시 모델별 보조금,2024,시흥시
화물(소형),현대자동차,포터Ⅱ 일렉트릭(23MY),1090,477.0,1567.0,2024년도 전기자동차 시흥시 모델별 보조금,2024,시흥시
화물(소형),현대자동차,포터Ⅱ 일렉트릭(24MY),1090,477.0,1567.0,2024년도 전기자동차 시흥시 모델별 보조금,2024,시흥시
화물(소형),현대자동차,ST1 기본형 카고 17인치,1100,500.0,1600.0,2024년도 전기자동차 시흥시 모델별 보조금,2024,시흥시
화물(소형),현대자동차,ST1 기본형 카고 냉동 17인치,1450,659.0,2109.0,2024년도 전기자동차 시흥시 모델별 보조금,2024,시흥시
화물(소형),현대자동차,ST1 기본형 하이탑 17인치,1100,500.0,1600.0,2024년도 전기자동차 시흥시 모델별 보조금,2024,시흥시
화물(소형),기아,봉고 전기차,1130,477.0,1607.0,2024년도 전기자동차 시흥시 모델별 보조금,2024,시흥시
화물(소형),기아,봉고 전기차 냉동탑차,1330,573.0,1903.0,2024년도 전기자동차 시흥시 모델별 보조금,2024,시흥시
화물(소형),기아,봉고 전기차 저상형 냉동탑차,1330,573.0,1903.0,2024년도 전기자동차 시흥시 모델별 보조금,2024,시흥시
화물(소형),일진정공,일진무시동전기냉동탑차(149.9km),916,416.0,1332.0,2024년도 전기자동차 시흥시 모델별 보조금,2024,시흥시
화물(소형),일진정공,일진무시동전기냉동탑차(186.1km),1169,531.0,1700.0,2024년도 전기자동차 시흥시 모델별 보조금,2024,시흥시
화물(소형),일진정공,일진무시동전기냉동탑차(봉고),1379,593.0,1972.0,2024년도 전기자동차 시흥시 모델별 보조금,2024,시흥시
화물(소형),일진정공,일진무시동전기냉동탑차(포터),1363,586.0,1949.0,2024년도 전기자동차 시흥시 모델별 보조금,2024,시흥시
화물(소형),루트17,다니고C(0.8톤 전기트럭),1068,443.0,1511.0,2024년도 전기자동차 시흥시 모델별 보조금,2024,시흥시
화물(소형),루트17,다니고C2(0.8톤 전기트럭),268,121.0,389.0,2024년도 전기자동차 시흥시 모델별 보조금,2024,시흥시
화물(소형),루트17,다니고R(전기냉동탑차),1224,521.0,1745.0,2024년도 전기자동차 시흥시 모델별 보조금,2024,시흥시
화물(소형),루트17,다니고R2(무시동 전기냉동탑차),1123,479.0,1602.0,2024년도 전기자동차 시흥시 모델별 보조금,2024,시흥시
화물(소형),루트17,e-TOVI,464,210.0,674.0,2024년도 전기자동차 시흥시 모델별 보조금,2024,시흥시
화물(소형),이브이케이엠씨,MASADA 픽업,295,134.0,429.0,2024년도 전기자동차 시흥시 모델별 보조금,2024,시흥시
화물(소형),이브이케이엠씨,MASADA 3세대 2밴,274,124.0,398.0,2024년도 전기자동차 시흥시 모델별 보조금,2024,시흥시
화물(소형),이브이케이엠씨,MASADA 3세대 4밴,246,111.0,357.0,2024년도 전기자동차 시흥시 모델별 보조금,2024,시흥시
화물(소형),이브이케이엠씨,MASADA 2밴,299,135.0,434.0,2024년도 전기자동차 시흥시 모델별 보조금,2024,시흥시
화물(소형),이브이케이엠씨,MASADA 4밴,269,122.0,391.0,2024년도 전기자동차 시흥시 모델별 보조금,2024,시흥시
화물(소형),이브이케이엠씨,EC35 2밴,194,88.0,282.0,2024년도 전기자동차 시흥시 모델별 보조금,2024,시흥시
화물(소형),제이스모빌리티,이티밴,405,184.0,589.0,2024년도 전기자동차 시흥시 모델별 보조금,2024,시흥시
화물(소형),제이스모빌리티,이티4밴,364,165.0,529.0,2024년도 전기자동차 시흥시 모델별 보조금,2024,시흥시
화물(소형),제이스모빌리티,이티밴 미니 2인승,412,187.0,599.0,2024년도 전기자동차 시흥시 모델별 보조금,2024,시흥시
화물(소형),제이스모빌리티,이티밴 미니 4인승,412,187.0,599.0,2024년도 전기자동차 시흥시 모델별 보조금,2024,시흥시
화물(소형),제이스모빌리티,이티밴 프로 2인승,412,187.0,599.0,2024년도 전기자동차 시흥시 모델별 보조금,2024,시흥시
화물(소형),제이스모빌리티,이티밴 프로 4인승,412,187.0,599.0,2024년도 전기자동차 시흥시 모델별 보조금,2024,시흥시
화물(소형),오텍,오텍 무시동 전기 냉동탑차(봉고),1118,508.0,1626.0,2024년도 전기자동차 시흥시 모델별 보조금,2024,시흥시
화물(소형),이엔플러스,이엔1톤롱바디카고,850,386.0,1236.0,2024년도 전기자동차 시흥시 모델별 보조금,2024,시흥시
화물(소형),이엔플러스,이엔플러스EV1톤롱바디트럭,895,406.0,1301.0,2024년도 전기자동차 시흥시 모델별 보조금,2024,시흥시
화물(소형),GS글로벌,T4K,462,210.0,672.0,2024년도 전기자동차 시흥시 모델별 보조금,2024,시흥시
화물(소형),GS글로벌,T4K 냉동탑차,711,323.0,1034.0,2024년도 전기자동차 시흥시 모델별 보조금,2024,시흥시
화물(소형),에스에스라이트,젤라,336,152.0,488.0,2024년도 전기자동차 시흥시 모델별 보조금,2024,시흥시
화물(소형),에스에스라이트,젤라 P200,478,217.0,695.0,2024년도 전기자동차 시흥시 모델별 보조금,2024,시흥시
화물(소형),한국쓰리축,한국쓰리축1톤롱바디EV트럭(봉고),837,380.0,1217.0,2024년도 전기자동차 시흥시 모델별 보조금,2024,시흥시
화물(소형),한국쓰리축,한국쓰리축1톤롱바디EV트럭(포터),855,388.0,1243.0,2024년도 전기자동차 시흥시 모델별 보조금,2024,시흥시
화물(소형),모빌리티네트웍스,SE-A2밴,333,151.0,484.0,2024년도 전기자동차 시흥시 모델별 보조금,2024,시흥시
화물(소형),피닉스코리아,썬라이즈-T01,412,187.0,599.0,2024년도 전기자동차 시흥시 모델별 보조금,2024,시흥시
화물(소형),케이지모빌리티,토레스 EVX VAN 20인치,392,180.0,572.0,2024년도 전기자동차 시흥시 모델별 보조금,2024,시흥시
화물(소형),케이지모빌리티,토레스 EVX VAN 18인치,394,181.0,575.0,2024년도 전기자동차 시흥시 모델별 보조금,2024,시흥시
화물(소형),한국상용트럭,한국상용1톤롱바디EV카고트럭,818,371.0,1189.0,2024년도 전기자동차 시흥시 모델별 보조금,2024,시흥시
화물(소형),한국상용트럭,한국상용0.9톤롱바디EV내장탑트럭,593,269.0,862.0,2024년도 전기자동차 시흥시 모델별 보조금,2024,시흥시
화물(소형),센트로에이케이,E-CV1,282,128.0,410.0,2024년도 전기자동차 시흥시 모델별 보조금,2024,시흥시
화물(소형),파츠몰에이투지,SW40,412,187.0,599.0,2024년도 전기자동차 시흥시 모델별 보조금,2024,시흥시
화물(소형),이브이앤솔루션,STEGO-Z,540,245.0,785.0,2024년도 전기자동차 시흥시 모델별 보조금,2024,시흥시
화물(초소형),마스타전기차,MASTA VAN,400,200.0,600.0,2024년도 전기자동차 군포시 모델별 보조금,2024,군포시
화물(초소형),마스타전기차,MASTA HIM,400,200.0,600.0,2024년도 전기자동차 군포시 모델별 보조금,2024,군포시
화물(초소형),디피코,포트로-탑,400,200.0,600.0,2024년도 전기자동차 군포시 모델별 보조금,2024,군포시
화물(초소형),디피코,포트로-픽업,400,200.0,600.0,2024년도 전기자동차 군포시 모델별 보조금,2024,군포시
화물(초소형),디피코,포트로-탑S,400,200.0,600.0,2024년도 전기자동차 군포시 모델별 보조금,2024,군포시
화물(초소형),디피코,포트로-픽업S,400,200.0,600.0,2024년도 전기자동차 군포시 모델별 보조금,2024,군포시
화물(초소형),마이브,베프,400,0.0,400.0,2024년도 전기자동차 군포시 모델별 보조금,2024,군포시
화물(경형),디피코,포트로350L-탑,788,394.0,1182.0,2024년도 전기자동차 군포시 모델별 보조금,2024,군포시
화물(경형),디피코,포트로350L-픽업,788,394.0,1182.0,2024년도 전기자동차 군포시 모델별 보조금,2024,군포시
화물(소형),파워프라자,봉고3ev PEACE,554,277.0,831.0,2024년도 전기자동차 군포시 모델별 보조금,2024,군포시
화물(소형),파워프라자,봉고3ev PEACE 더블캡,481,240.0,721.0,2024년도 전기자동차 군포시 모델별 보조금,2024,군포시
화물(소형),현대자동차,포터Ⅱ 일렉트릭(23MY),1090,525.0,1615.0,2024년도 전기자동차 군포시 모델별 보조금,2024,군포시
화물(소형),현대자동차,포터Ⅱ 일렉트릭(24MY),1090,525.0,1615.0,2024년도 전기자동차 군포시 모델별 보조금,2024,군포시
화물(소형),현대자동차,ST1 기본형 카고 17인치,1100,550.0,1650.0,2024년도 전기자동차 군포시 모델별 보조금,2024,군포시
화물(소형),현대자동차,ST1 기본형 카고 냉동 17인치,1450,550.0,2000.0,2024년도 전기자동차 군포시 모델별 보조금,2024,군포시
화물(소형),현대자동차,ST1 기본형 하이탑 17인치,1100,550.0,1650.0,2024년도 전기자동차 군포시 모델별 보조금,2024,군포시
화물(소형),기아,봉고 전기차,1130,525.0,1655.0,2024년도 전기자동차 군포시 모델별 보조금,2024,군포시
화물(소형),기아,봉고 전기차 냉동탑차,1330,550.0,1880.0,2024년도 전기자동차 군포시 모델별 보조금,2024,군포시
화물(소형),기아,봉고 전기차 저상형 냉동탑차,1330,550.0,1880.0,2024년도 전기자동차 군포시 모델별 보조금,2024,군포시
화물(소형),일진정공,일진무시동전기냉동탑차(149.9km),916,458.0,1374.0,2024년도 전기자동차 군포시 모델별 보조금,2024,군포시
화물(소형),일진정공,일진무시동전기냉동탑차(186.1km),1169,550.0,1719.0,2024년도 전기자동차 군포시 모델별 보조금,2024,군포시
화물(소형),일진정공,일진무시동전기냉동탑차(봉고),1379,550.0,1929.0,2024년도 전기자동차 군포시 모델별 보조금,2024,군포시
화물(소형),일진정공,일진무시동전기냉동탑차(포터),1363,550.0,1913.0,2024년도 전기자동차 군포시 모델별 보조금,2024,군포시
화물(소형),루트17,다니고C(0.8톤 전기트럭),1068,487.0,1555.0,2024년도 전기자동차 군포시 모델별 보조금,2024,군포시
화물(소형),루트17,다니고C2(0.8톤 전기트럭),268,134.0,402.0,2024년도 전기자동차 군포시 모델별 보조금,2024,군포시
화물(소형),루트17,다니고R(전기냉동탑차),1224,550.0,1774.0,2024년도 전기자동차 군포시 모델별 보조금,2024,군포시
화물(소형),루트17,다니고R2(무시동 전기냉동탑차),1123,527.0,1650.0,2024년도 전기자동차 군포시 모델별 보조금,2024,군포시
화물(소형),루트17,e-TOVI,464,232.0,696.0,2024년도 전기자동차 군포시 모델별 보조금,2024,군포시
화물(소형),이브이케이엠씨,MASADA 픽업,295,147.0,442.0,2024년도 전기자동차 군포시 모델별 보조금,2024,군포시
화물(소형),이브이케이엠씨,MASADA 3세대 2밴,274,137.0,411.0,2024년도 전기자동차 군포시 모델별 보조금,2024,군포시
화물(소형),이브이케이엠씨,MASADA 3세대 4밴,246,123.0,369.0,2024년도 전기자동차 군포시 모델별 보조금,2024,군포시
화물(소형),이브이케이엠씨,MASADA 2밴,299,149.0,448.0,2024년도 전기자동차 군포시 모델별 보조금,2024,군포시
화물(소형),이브이케이엠씨,MASADA 4밴,269,134.0,403.0,2024년도 전기자동차 군포시 모델별 보조금,2024,군포시
화물(소형),이브이케이엠씨,EC35 2밴,194,97.0,291.0,2024년도 전기자동차 군포시 모델별 보조금,2024,군포시
화물(소형),제이스모빌리티,이티밴,405,202.0,607.0,2024년도 전기자동차 군포시 모델별 보조금,2024,군포시
화물(소형),제이스모빌리티,이티4밴,364,182.0,546.0,2024년도 전기자동차 군포시 모델별 보조금,2024,군포시
화물(소형),제이스모빌리티,이티밴 미니 2인승,412,206.0,618.0,2024년도 전기자동차 군포시 모델별 보조금,2024,군포시
화물(소형),제이스모빌리티,이티밴 미니 4인승,412,206.0,618.0,2024년도 전기자동차 군포시 모델별 보조금,2024,군포시
화물(소형),제이스모빌리티,이티밴 프로 2인승,412,206.0,618.0,2024년도 전기자동차 군포시 모델별 보조금,2024,군포시
화물(소형),제이스모빌리티,이티밴 프로 4인승,412,206.0,618.0,2024년도 전기자동차 군포시 모델별 보조금,2024,군포시
화물(소형),오텍,오텍 무시동 전기 냉동탑차(봉고),1118,550.0,1668.0,2024년도 전기자동차 군포시 모델별 보조금,2024,군포시
화물(소형),이엔플러스,이엔1톤롱바디카고,850,425.0,1275.0,2024년도 전기자동차 군포시 모델별 보조금,2024,군포시
화물(소형),이엔플러스,이엔플러스EV1톤롱바디트럭,895,447.0,1342.0,2024년도 전기자동차 군포시 모델별 보조금,2024,군포시
화물(소형),GS글로벌,T4K,462,231.0,693.0,2024년도 전기자동차 군포시 모델별 보조금,2024,군포시
화물(소형),GS글로벌,T4K 냉동탑차,711,355.0,1066.0,2024년도 전기자동차 군포시 모델별 보조금,2024,군포시
화물(소형),에스에스라이트,젤라,336,168.0,504.0,2024년도 전기자동차 군포시 모델별 보조금,2024,군포시
화물(소형),에스에스라이트,젤라 P200,478,239.0,717.0,2024년도 전기자동차 군포시 모델별 보조금,2024,군포시
화물(소형),한국쓰리축,한국쓰리축1톤롱바디EV트럭(봉고),837,418.0,1255.0,2024년도 전기자동차 군포시 모델별 보조금,2024,군포시
화물(소형),한국쓰리축,한국쓰리축1톤롱바디EV트럭(포터),855,427.0,1282.0,2024년도 전기자동차 군포시 모델별 보조금,2024,군포시
화물(소형),모빌리티네트웍스,SE-A2밴,333,166.0,499.0,2024년도 전기자동차 군포시 모델별 보조금,2024,군포시
화물(소형),피닉스코리아,썬라이즈-T01,412,206.0,618.0,2024년도 전기자동차 군포시 모델별 보조금,2024,군포시
화물(소형),케이지모빌리티,토레스 EVX VAN 20인치,392,196.0,588.0,2024년도 전기자동차 군포시 모델별 보조금,2024,군포시
화물(소형),케이지모빌리티,토레스 EVX VAN 18인치,394,196.0,590.0,2024년도 전기자동차 군포시 모델별 보조금,2024,군포시
화물(소형),한국상용트럭,한국상용1톤롱바디EV카고트럭,818,409.0,1227.0,2024년도 전기자동차 군포시 모델별 보조금,2024,군포시
화물(소형),한국상용트럭,한국상용0.9톤롱바디EV내장탑트럭,593,296.0,889.0,2024년도 전기자동차 군포시 모델별 보조금,2024,군포시
화물(소형),센트로에이케이,E-CV1,282,141.0,423.0,2024년도 전기자동차 군포시 모델별 보조금,2024,군포시
화물(소형),파츠몰에이투지,SW40,412,206.0,618.0,2024년도 전기자동차 군포시 모델별 보조금,2024,군포시
화물(소형),이브이앤솔루션,STEGO-Z,540,270.0,810.0,2024년도 전기자동차 군포시 모델별 보조금,2024,군포시
화물(초소형),마스타전기차,MASTA VAN,400,200.0,600.0,2024년도 전기자동차 의왕시 모델별 보조금,2024,의왕시
화물(초소형),마스타전기차,MASTA HIM,400,200.0,600.0,2024년도 전기자동차 의왕시 모델별 보조금,2024,의왕시
화물(초소형),디피코,포트로-탑,400,200.0,600.0,2024년도 전기자동차 의왕시 모델별 보조금,2024,의왕시
화물(초소형),디피코,포트로-픽업,400,200.0,600.0,2024년도 전기자동차 의왕시 모델별 보조금,2024,의왕시
화물(초소형),디피코,포트로-탑S,400,200.0,600.0,2024년도 전기자동차 의왕시 모델별 보조금,2024,의왕시
화물(초소형),디피코,포트로-픽업S,400,200.0,600.0,2024년도 전기자동차 의왕시 모델별 보조금,2024,의왕시
화물(경형),디피코,포트로350L-탑,788,394.0,1182.0,2024년도 전기자동차 의왕시 모델별 보조금,2024,의왕시
화물(경형),디피코,포트로350L-픽업,788,394.0,1182.0,2024년도 전기자동차 의왕시 모델별 보조금,2024,의왕시
화물(소형),파워프라자,봉고3ev PEACE,554,277.0,831.0,2024년도 전기자동차 의왕시 모델별 보조금,2024,의왕시
화물(소형),파워프라자,봉고3ev PEACE 더블캡,481,240.0,721.0,2024년도 전기자동차 의왕시 모델별 보조금,2024,의왕시
화물(소형),현대자동차,포터Ⅱ 일렉트릭(23MY),1090,525.0,1615.0,2024년도 전기자동차 의왕시 모델별 보조금,2024,의왕시
화물(소형),현대자동차,포터Ⅱ 일렉트릭(24MY),1090,525.0,1615.0,2024년도 전기자동차 의왕시 모델별 보조금,2024,의왕시
화물(소형),현대자동차,ST1 기본형 카고 17인치,1100,550.0,1650.0,2024년도 전기자동차 의왕시 모델별 보조금,2024,의왕시
화물(소형),현대자동차,ST1 기본형 카고 냉동 17인치,1450,725.0,2175.0,2024년도 전기자동차 의왕시 모델별 보조금,2024,의왕시
화물(소형),기아,봉고 전기차,1130,525.0,1655.0,2024년도 전기자동차 의왕시 모델별 보조금,2024,의왕시
화물(소형),기아,봉고 전기차 냉동탑차,1330,630.0,1960.0,2024년도 전기자동차 의왕시 모델별 보조금,2024,의왕시
화물(소형),기아,봉고 전기차 저상형 냉동탑차,1330,630.0,1960.0,2024년도 전기자동차 의왕시 모델별 보조금,2024,의왕시
화물(소형),일진정공,일진무시동전기냉동탑차(149.9km),916,458.0,1374.0,2024년도 전기자동차 의왕시 모델별 보조금,2024,의왕시
화물(소형),일진정공,일진무시동전기냉동탑차(186.1km),1169,584.0,1753.0,2024년도 전기자동차 의왕시 모델별 보조금,2024,의왕시
화물(소형),일진정공,일진무시동전기냉동탑차(봉고),1379,653.0,2032.0,2024년도 전기자동차 의왕시 모델별 보조금,2024,의왕시
화물(소형),일진정공,일진무시동전기냉동탑차(포터),1363,645.0,2008.0,2024년도 전기자동차 의왕시 모델별 보조금,2024,의왕시
화물(소형),루트17,다니고C(0.8톤 전기트럭),1068,487.0,1555.0,2024년도 전기자동차 의왕시 모델별 보조금,2024,의왕시
화물(소형),루트17,다니고C2(0.8톤 전기트럭),268,134.0,402.0,2024년도 전기자동차 의왕시 모델별 보조금,2024,의왕시
화물(소형),루트17,다니고R(전기냉동탑차),1224,573.0,1797.0,2024년도 전기자동차 의왕시 모델별 보조금,2024,의왕시
화물(소형),루트17,다니고R2(무시동 전기냉동탑차),1123,527.0,1650.0,2024년도 전기자동차 의왕시 모델별 보조금,2024,의왕시
화물(소형),루트17,e-TOVI,464,232.0,696.0,2024년도 전기자동차 의왕시 모델별 보조금,2024,의왕시
화물(소형),이브이케이엠씨,MASADA 픽업,295,147.0,442.0,2024년도 전기자동차 의왕시 모델별 보조금,2024,의왕시
화물(소형),이브이케이엠씨,MASADA 3세대 2밴,274,137.0,411.0,2024년도 전기자동차 의왕시 모델별 보조금,2024,의왕시
화물(소형),이브이케이엠씨,MASADA 3세대 4밴,246,123.0,369.0,2024년도 전기자동차 의왕시 모델별 보조금,2024,의왕시
화물(소형),이브이케이엠씨,MASADA 2밴,299,149.0,448.0,2024년도 전기자동차 의왕시 모델별 보조금,2024,의왕시
화물(소형),이브이케이엠씨,MASADA 4밴,269,134.0,403.0,2024년도 전기자동차 의왕시 모델별 보조금,2024,의왕시
화물(소형),이브이케이엠씨,EC35 2밴,194,97.0,291.0,2024년도 전기자동차 의왕시 모델별 보조금,2024,의왕시
화물(소형),제이스모빌리티,이티밴,405,202.0,607.0,2024년도 전기자동차 의왕시 모델별 보조금,2024,의왕시
화물(소형),제이스모빌리티,이티4밴,364,182.0,546.0,2024년도 전기자동차 의왕시 모델별 보조금,2024,의왕시
화물(소형),제이스모빌리티,이티밴 미니 2인승,412,206.0,618.0,2024년도 전기자동차 의왕시 모델별 보조금,2024,의왕시
화물(소형),제이스모빌리티,이티밴 미니 4인승,412,206.0,618.0,2024년도 전기자동차 의왕시 모델별 보조금,2024,의왕시
화물(소형),제이스모빌리티,이티밴 프로 2인승,412,206.0,618.0,2024년도 전기자동차 의왕시 모델별 보조금,2024,의왕시
화물(소형),제이스모빌리티,이티밴 프로 4인승,412,206.0,618.0,2024년도 전기자동차 의왕시 모델별 보조금,2024,의왕시
화물(소형),오텍,오텍 무시동 전기 냉동탑차(봉고),1118,559.0,1677.0,2024년도 전기자동차 의왕시 모델별 보조금,2024,의왕시
화물(소형),이엔플러스,이엔1톤롱바디카고,850,425.0,1275.0,2024년도 전기자동차 의왕시 모델별 보조금,2024,의왕시
화물(소형),이엔플러스,이엔플러스EV1톤롱바디트럭,895,447.0,1342.0,2024년도 전기자동차 의왕시 모델별 보조금,2024,의왕시
화물(소형),GS글로벌,T4K,462,231.0,693.0,2024년도 전기자동차 의왕시 모델별 보조금,2024,의왕시
화물(소형),GS글로벌,T4K 냉동탑차,711,355.0,1066.0,2024년도 전기자동차 의왕시 모델별 보조금,2024,의왕시
화물(소형),에스에스라이트,젤라,336,168.0,504.0,2024년도 전기자동차 의왕시 모델별 보조금,2024,의왕시
화물(소형),에스에스라이트,젤라 P200,478,239.0,717.0,2024년도 전기자동차 의왕시 모델별 보조금,2024,의왕시
화물(소형),한국쓰리축,한국쓰리축1톤롱바디EV트럭(봉고),837,418.0,1255.0,2024년도 전기자동차 의왕시 모델별 보조금,2024,의왕시
화물(소형),한국쓰리축,한국쓰리축1톤롱바디EV트럭(포터),855,427.0,1282.0,2024년도 전기자동차 의왕시 모델별 보조금,2024,의왕시
화물(소형),모빌리티네트웍스,SE-A2밴,333,166.0,499.0,2024년도 전기자동차 의왕시 모델별 보조금,2024,의왕시
화물(소형),피닉스코리아,썬라이즈-T01,412,206.0,618.0,2024년도 전기자동차 의왕시 모델별 보조금,2024,의왕시
화물(소형),케이지모빌리티,토레스 EVX VAN 20인치,392,196.0,588.0,2024년도 전기자동차 의왕시 모델별 보조금,2024,의왕시
화물(소형),케이지모빌리티,토레스 EVX VAN 18인치,394,197.0,591.0,2024년도 전기자동차 의왕시 모델별 보조금,2024,의왕시
화물(소형),한국상용트럭,한국상용1톤롱바디EV카고트럭,818,409.0,1227.0,2024년도 전기자동차 의왕시 모델별 보조금,2024,의왕시
화물(소형),한국상용트럭,한국상용0.9톤롱바디EV내장탑트럭,593,296.0,889.0,2024년도 전기자동차 의왕시 모델별 보조금,2024,의왕시
화물(초소형),마스타전기차,MASTA VAN,400,127.0,527.0,2024년도 전기자동차 하남시 모델별 보조금,2024,하남시
화물(초소형),마스타전기차,MASTA HIM,400,127.0,527.0,2024년도 전기자동차 하남시 모델별 보조금,2024,하남시
화물(초소형),디피코,포트로-탑,400,127.0,527.0,2024년도 전기자동차 하남시 모델별 보조금,2024,하남시
화물(초소형),디피코,포트로-픽업,400,127.0,527.0,2024년도 전기자동차 하남시 모델별 보조금,2024,하남시
화물(초소형),디피코,포트로-탑S,400,127.0,527.0,2024년도 전기자동차 하남시 모델별 보조금,2024,하남시
화물(초소형),디피코,포트로-픽업S,400,127.0,527.0,2024년도 전기자동차 하남시 모델별 보조금,2024,하남시
화물(초소형),마이브,베프,400,127.0,527.0,2024년도 전기자동차 하남시 모델별 보조금,2024,하남시
화물(경형),디피코,포트로350L-탑,788,344.0,1132.0,2024년도 전기자동차 하남시 모델별 보조금,2024,하남시
화물(경형),디피코,포트로350L-픽업,788,344.0,1132.0,2024년도 전기자동차 하남시 모델별 보조금,2024,하남시
화물(소형),파워프라자,봉고3ev PEACE,554,176.0,730.0,2024년도 전기자동차 하남시 모델별 보조금,2024,하남시
화물(소형),파워프라자,봉고3ev PEACE 더블캡,481,153.0,634.0,2024년도 전기자동차 하남시 모델별 보조금,2024,하남시
화물(소형),현대자동차,포터Ⅱ 일렉트릭(23MY),1090,334.0,1424.0,2024년도 전기자동차 하남시 모델별 보조금,2024,하남시
화물(소형),현대자동차,포터Ⅱ 일렉트릭(24MY),1090,334.0,1424.0,2024년도 전기자동차 하남시 모델별 보조금,2024,하남시
화물(소형),현대자동차,ST1 기본형 카고 17인치,1100,350.0,1450.0,2024년도 전기자동차 하남시 모델별 보조금,2024,하남시
화물(소형),현대자동차,ST1 기본형 카고 냉동 17인치,1450,461.0,1911.0,2024년도 전기자동차 하남시 모델별 보조금,2024,하남시
화물(소형),현대자동차,ST1 기본형 하이탑 17인치,1100,350.0,1450.0,2024년도 전기자동차 하남시 모델별 보조금,2024,하남시
화물(소형),기아,봉고 전기차,1130,334.0,1464.0,2024년도 전기자동차 하남시 모델별 보조금,2024,하남시
화물(소형),기아,봉고 전기차 냉동탑차,1330,401.0,1731.0,2024년도 전기자동차 하남시 모델별 보조금,2024,하남시
화물(소형),기아,봉고 전기차 저상형 냉동탑차,1330,401.0,1731.0,2024년도 전기자동차 하남시 모델별 보조금,2024,하남시
화물(소형),일진정공,일진무시동전기냉동탑차(149.9km),916,291.0,1207.0,2024년도 전기자동차 하남시 모델별 보조금,2024,하남시
화물(소형),일진정공,일진무시동전기냉동탑차(186.1km),1169,371.0,1540.0,2024년도 전기자동차 하남시 모델별 보조금,2024,하남시
화물(소형),일진정공,일진무시동전기냉동탑차(봉고),1379,415.0,1794.0,2024년도 전기자동차 하남시 모델별 보조금,2024,하남시
화물(소형),일진정공,일진무시동전기냉동탑차(포터),1363,410.0,1773.0,2024년도 전기자동차 하남시 모델별 보조금,2024,하남시
화물(소형),루트17,다니고C(0.8톤 전기트럭),1068,310.0,1378.0,2024년도 전기자동차 하남시 모델별 보조금,2024,하남시
화물(소형),루트17,다니고C2(0.8톤 전기트럭),268,85.0,353.0,2024년도 전기자동차 하남시 모델별 보조금,2024,하남시
화물(소형),루트17,다니고R(전기냉동탑차),1224,364.0,1588.0,2024년도 전기자동차 하남시 모델별 보조금,2024,하남시
화물(소형),루트17,다니고R2(무시동 전기냉동탑차),1123,335.0,1458.0,2024년도 전기자동차 하남시 모델별 보조금,2024,하남시
화물(소형),루트17,e-TOVI,464,147.0,611.0,2024년도 전기자동차 하남시 모델별 보조금,2024,하남시
화물(소형),이브이케이엠씨,MASADA 픽업,295,93.0,388.0,2024년도 전기자동차 하남시 모델별 보조금,2024,하남시
화물(소형),이브이케이엠씨,MASADA 3세대 2밴,274,87.0,361.0,2024년도 전기자동차 하남시 모델별 보조금,2024,하남시
화물(소형),이브이케이엠씨,MASADA 3세대 4밴,246,78.0,324.0,2024년도 전기자동차 하남시 모델별 보조금,2024,하남시
화물(소형),이브이케이엠씨,MASADA 2밴,299,95.0,394.0,2024년도 전기자동차 하남시 모델별 보조금,2024,하남시
화물(소형),이브이케이엠씨,MASADA 4밴,269,85.0,354.0,2024년도 전기자동차 하남시 모델별 보조금,2024,하남시
화물(소형),이브이케이엠씨,EC35 2밴,194,61.0,255.0,2024년도 전기자동차 하남시 모델별 보조금,2024,하남시
화물(소형),제이스모빌리티,이티밴,405,128.0,533.0,2024년도 전기자동차 하남시 모델별 보조금,2024,하남시
화물(소형),제이스모빌리티,이티4밴,364,115.0,479.0,2024년도 전기자동차 하남시 모델별 보조금,2024,하남시
화물(소형),제이스모빌리티,이티밴 미니 2인승,412,131.0,543.0,2024년도 전기자동차 하남시 모델별 보조금,2024,하남시
화물(소형),제이스모빌리티,이티밴 미니 4인승,412,131.0,543.0,2024년도 전기자동차 하남시 모델별 보조금,2024,하남시
화물(소형),제이스모빌리티,이티밴 프로 2인승,412,131.0,543.0,2024년도 전기자동차 하남시 모델별 보조금,2024,하남시
화물(소형),제이스모빌리티,이티밴 프로 4인승,412,131.0,543.0,2024년도 전기자동차 하남시 모델별 보조금,2024,하남시
화물(소형),오텍,오텍 무시동 전기 냉동탑차(봉고),1118,355.0,1473.0,2024년도 전기자동차 하남시 모델별 보조금,2024,하남시
화물(소형),이엔플러스,이엔1톤롱바디카고,850,270.0,1120.0,2024년도 전기자동차 하남시 모델별 보조금,2024,하남시
화물(소형),이엔플러스,이엔플러스EV1톤롱바디트럭,895,284.0,1179.0,2024년도 전기자동차 하남시 모델별 보조금,2024,하남시
화물(소형),GS글로벌,T4K,462,147.0,609.0,2024년도 전기자동차 하남시 모델별 보조금,2024,하남시
화물(소형),GS글로벌,T4K 냉동탑차,711,226.0,937.0,2024년도 전기자동차 하남시 모델별 보조금,2024,하남시
화물(소형),에스에스라이트,젤라,336,106.0,442.0,2024년도 전기자동차 하남시 모델별 보조금,2024,하남시
화물(소형),에스에스라이트,젤라 P200,478,152.0,630.0,2024년도 전기자동차 하남시 모델별 보조금,2024,하남시
화물(소형),한국쓰리축,한국쓰리축1톤롱바디EV트럭(봉고),837,266.0,1103.0,2024년도 전기자동차 하남시 모델별 보조금,2024,하남시
화물(소형),한국쓰리축,한국쓰리축1톤롱바디EV트럭(포터),855,272.0,1127.0,2024년도 전기자동차 하남시 모델별 보조금,2024,하남시
화물(소형),모빌리티네트웍스,SE-A2밴,333,105.0,438.0,2024년도 전기자동차 하남시 모델별 보조금,2024,하남시
화물(소형),피닉스코리아,썬라이즈-T01,412,131.0,543.0,2024년도 전기자동차 하남시 모델별 보조금,2024,하남시
화물(소형),케이지모빌리티,토레스 EVX VAN 20인치,392,120.0,512.0,2024년도 전기자동차 하남시 모델별 보조금,2024,하남시
화물(소형),케이지모빌리티,토레스 EVX VAN 18인치,394,121.0,515.0,2024년도 전기자동차 하남시 모델별 보조금,2024,하남시
화물(소형),한국상용트럭,한국상용1톤롱바디EV카고트럭,818,260.0,1078.0,2024년도 전기자동차 하남시 모델별 보조금,2024,하남시
화물(소형),한국상용트럭,한국상용0.9톤롱바디EV내장탑트럭,593,188.0,781.0,2024년도 전기자동차 하남시 모델별 보조금,2024,하남시
화물(소형),센트로에이케이,E-CV1,282,89.0,371.0,2024년도 전기자동차 하남시 모델별 보조금,2024,하남시
화물(소형),파츠몰에이투지,SW40,412,131.0,543.0,2024년도 전기자동차 하남시 모델별 보조금,2024,하남시
화물(소형),이브이앤솔루션,STEGO-Z,540,171.0,711.0,2024년도 전기자동차 하남시 모델별 보조금,2024,하남시
화물(초소형),마스타전기차,MASTA VAN,400,218.0,618.0,2024년도 전기자동차 용인시 모델별 보조금,2024,용인시
화물(초소형),마스타전기차,MASTA HIM,400,218.0,618.0,2024년도 전기자동차 용인시 모델별 보조금,2024,용인시
화물(초소형),디피코,포트로-탑,400,218.0,618.0,2024년도 전기자동차 용인시 모델별 보조금,2024,용인시
화물(초소형),디피코,포트로-픽업,400,218.0,618.0,2024년도 전기자동차 용인시 모델별 보조금,2024,용인시
화물(초소형),디피코,포트로-탑S,400,218.0,618.0,2024년도 전기자동차 용인시 모델별 보조금,2024,용인시
화물(초소형),디피코,포트로-픽업S,400,218.0,618.0,2024년도 전기자동차 용인시 모델별 보조금,2024,용인시
화물(초소형),마이브,베프,400,218.0,618.0,2024년도 전기자동차 용인시 모델별 보조금,2024,용인시
화물(경형),디피코,포트로350L-탑,788,591.0,1379.0,2024년도 전기자동차 용인시 모델별 보조금,2024,용인시
화물(경형),디피코,포트로350L-픽업,788,591.0,1379.0,2024년도 전기자동차 용인시 모델별 보조금,2024,용인시
화물(소형),파워프라자,봉고3ev PEACE,554,302.0,856.0,2024년도 전기자동차 용인시 모델별 보조금,2024,용인시
화물(소형),파워프라자,봉고3ev PEACE 더블캡,481,262.0,743.0,2024년도 전기자동차 용인시 모델별 보조금,2024,용인시
화물(소형),현대자동차,포터Ⅱ 일렉트릭(23MY),1090,572.0,1662.0,2024년도 전기자동차 용인시 모델별 보조금,2024,용인시
화물(소형),현대자동차,포터Ⅱ 일렉트릭(24MY),1090,572.0,1662.0,2024년도 전기자동차 용인시 모델별 보조금,2024,용인시
화물(소형),현대자동차,ST1 기본형 카고 17인치,1100,600.0,1700.0,2024년도 전기자동차 용인시 모델별 보조금,2024,용인시
화물(소형),현대자동차,ST1 기본형 카고 냉동 17인치,1450,790.0,2240.0,2024년도 전기자동차 용인시 모델별 보조금,2024,용인시
화물(소형),현대자동차,ST1 기본형 하이탑 17인치,1100,600.0,1700.0,2024년도 전기자동차 용인시 모델별 보조금,2024,용인시
화물(소형),기아,봉고 전기차,1130,572.0,1702.0,2024년도 전기자동차 용인시 모델별 보조금,2024,용인시
화물(소형),기아,봉고 전기차 냉동탑차,1330,687.0,2017.0,2024년도 전기자동차 용인시 모델별 보조금,2024,용인시
화물(소형),기아,봉고 전기차 저상형 냉동탑차,1330,687.0,2017.0,2024년도 전기자동차 용인시 모델별 보조금,2024,용인시
화물(소형),일진정공,일진무시동전기냉동탑차(149.9km),916,499.0,1415.0,2024년도 전기자동차 용인시 모델별 보조금,2024,용인시
화물(소형),일진정공,일진무시동전기냉동탑차(186.1km),1169,637.0,1806.0,2024년도 전기자동차 용인시 모델별 보조금,2024,용인시
화물(소형),일진정공,일진무시동전기냉동탑차(봉고),1379,712.0,2091.0,2024년도 전기자동차 용인시 모델별 보조금,2024,용인시
화물(소형),일진정공,일진무시동전기냉동탑차(포터),1363,704.0,2067.0,2024년도 전기자동차 용인시 모델별 보조금,2024,용인시
화물(소형),루트17,다니고C(0.8톤 전기트럭),1068,531.0,1599.0,2024년도 전기자동차 용인시 모델별 보조금,2024,용인시
화물(소형),루트17,다니고C2(0.8톤 전기트럭),268,146.0,414.0,2024년도 전기자동차 용인시 모델별 보조금,2024,용인시
화물(소형),루트17,다니고R(전기냉동탑차),1224,625.0,1849.0,2024년도 전기자동차 용인시 모델별 보조금,2024,용인시
화물(소형),루트17,다니고R2(무시동 전기냉동탑차),1123,575.0,1698.0,2024년도 전기자동차 용인시 모델별 보조금,2024,용인시
화물(소형),루트17,e-TOVI,464,253.0,717.0,2024년도 전기자동차 용인시 모델별 보조금,2024,용인시
화물(소형),이브이케이엠씨,MASADA 픽업,295,160.0,455.0,2024년도 전기자동차 용인시 모델별 보조금,2024,용인시
화물(소형),이브이케이엠씨,MASADA 3세대 2밴,274,149.0,423.0,2024년도 전기자동차 용인시 모델별 보조금,2024,용인시
화물(소형),이브이케이엠씨,MASADA 3세대 4밴,246,134.0,380.0,2024년도 전기자동차 용인시 모델별 보조금,2024,용인시
화물(소형),이브이케이엠씨,MASADA 2밴,299,163.0,462.0,2024년도 전기자동차 용인시 모델별 보조금,2024,용인시
화물(소형),이브이케이엠씨,MASADA 4밴,269,146.0,415.0,2024년도 전기자동차 용인시 모델별 보조금,2024,용인시
화물(소형),이브이케이엠씨,EC35 2밴,194,105.0,299.0,2024년도 전기자동차 용인시 모델별 보조금,2024,용인시
화물(소형),제이스모빌리티,이티밴,405,220.0,625.0,2024년도 전기자동차 용인시 모델별 보조금,2024,용인시
화물(소형),제이스모빌리티,이티4밴,364,198.0,562.0,2024년도 전기자동차 용인시 모델별 보조금,2024,용인시
화물(소형),제이스모빌리티,이티밴 미니 2인승,412,224.0,636.0,2024년도 전기자동차 용인시 모델별 보조금,2024,용인시
화물(소형),제이스모빌리티,이티밴 미니 4인승,412,224.0,636.0,2024년도 전기자동차 용인시 모델별 보조금,2024,용인시
화물(소형),제이스모빌리티,이티밴 프로 2인승,412,224.0,636.0,2024년도 전기자동차 용인시 모델별 보조금,2024,용인시
화물(소형),제이스모빌리티,이티밴 프로 4인승,412,224.0,636.0,2024년도 전기자동차 용인시 모델별 보조금,2024,용인시
화물(소형),오텍,오텍 무시동 전기 냉동탑차(봉고),1118,609.0,1727.0,2024년도 전기자동차 용인시 모델별 보조금,2024,용인시
화물(소형),이엔플러스,이엔1톤롱바디카고,850,463.0,1313.0,2024년도 전기자동차 용인시 모델별 보조금,2024,용인시
화물(소형),이엔플러스,이엔플러스EV1톤롱바디트럭,895,488.0,1383.0,2024년도 전기자동차 용인시 모델별 보조금,2024,용인시
화물(소형),GS글로벌,T4K,462,252.0,714.0,2024년도 전기자동차 용인시 모델별 보조금,2024,용인시
화물(소형),GS글로벌,T4K 냉동탑차,711,387.0,1098.0,2024년도 전기자동차 용인시 모델별 보조금,2024,용인시
화물(소형),에스에스라이트,젤라,336,183.0,519.0,2024년도 전기자동차 용인시 모델별 보조금,2024,용인시
화물(소형),에스에스라이트,젤라 P200,478,260.0,738.0,2024년도 전기자동차 용인시 모델별 보조금,2024,용인시
화물(소형),한국쓰리축,한국쓰리축1톤롱바디EV트럭(봉고),837,456.0,1293.0,2024년도 전기자동차 용인시 모델별 보조금,2024,용인시
화물(소형),한국쓰리축,한국쓰리축1톤롱바디EV트럭(포터),855,466.0,1321.0,2024년도 전기자동차 용인시 모델별 보조금,2024,용인시
화물(소형),모빌리티네트웍스,SE-A2밴,333,181.0,514.0,2024년도 전기자동차 용인시 모델별 보조금,2024,용인시
화물(소형),피닉스코리아,썬라이즈-T01,412,224.0,636.0,2024년도 전기자동차 용인시 모델별 보조금,2024,용인시
화물(소형),케이지모빌리티,토레스 EVX VAN 20인치,392,213.0,605.0,2024년도 전기자동차 용인시 모델별 보조금,2024,용인시
화물(소형),케이지모빌리티,토레스 EVX VAN 18인치,394,214.0,608.0,2024년도 전기자동차 용인시 모델별 보조금,2024,용인시
화물(소형),한국상용트럭,한국상용1톤롱바디EV카고트럭,818,446.0,1264.0,2024년도 전기자동차 용인시 모델별 보조금,2024,용인시
화물(소형),한국상용트럭,한국상용0.9톤롱바디EV내장탑트럭,593,323.0,916.0,2024년도 전기자동차 용인시 모델별 보조금,2024,용인시
화물(소형),센트로에이케이,E-CV1,282,153.0,435.0,2024년도 전기자동차 용인시 모델별 보조금,2024,용인시
화물(소형),파츠몰에이투지,SW40,412,224.0,636.0,2024년도 전기자동차 용인시 모델별 보조금,2024,용인시
화물(소형),이브이앤솔루션,STEGO-Z,540,294.0,834.0,2024년도 전기자동차 용인시 모델별 보조금,2024,용인시
화물(초소형),마스타전기차,MASTA VAN,400,200.0,600.0,2024년도 전기자동차 파주시 모델별 보조금,2024,파주시
화물(초소형),마스타전기차,MASTA HIM,400,200.0,600.0,2024년도 전기자동차 파주시 모델별 보조금,2024,파주시
화물(초소형),디피코,포트로-탑,400,200.0,600.0,2024년도 전기자동차 파주시 모델별 보조금,2024,파주시
화물(초소형),디피코,포트로-픽업,400,200.0,600.0,2024년도 전기자동차 파주시 모델별 보조금,2024,파주시
화물(초소형),디피코,포트로-탑S,400,200.0,600.0,2024년도 전기자동차 파주시 모델별 보조금,2024,파주시
화물(초소형),디피코,포트로-픽업S,400,200.0,600.0,2024년도 전기자동차 파주시 모델별 보조금,2024,파주시
화물(초소형),마이브,베프,400,200.0,600.0,2024년도 전기자동차 파주시 모델별 보조금,2024,파주시
화물(경형),디피코,포트로350L-탑,788,429.0,1217.0,2024년도 전기자동차 파주시 모델별 보조금,2024,파주시
화물(경형),디피코,포트로350L-픽업,788,429.0,1217.0,2024년도 전기자동차 파주시 모델별 보조금,2024,파주시
화물(소형),파워프라자,봉고3ev PEACE,554,302.0,856.0,2024년도 전기자동차 파주시 모델별 보조금,2024,파주시
화물(소형),파워프라자,봉고3ev PEACE 더블캡,481,262.0,743.0,2024년도 전기자동차 파주시 모델별 보조금,2024,파주시
화물(소형),현대자동차,포터Ⅱ 일렉트릭(23MY),1090,573.0,1663.0,2024년도 전기자동차 파주시 모델별 보조금,2024,파주시
화물(소형),현대자동차,포터Ⅱ 일렉트릭(24MY),1090,573.0,1663.0,2024년도 전기자동차 파주시 모델별 보조금,2024,파주시
화물(소형),현대자동차,ST1 기본형 카고 17인치,1100,600.0,1700.0,2024년도 전기자동차 파주시 모델별 보조금,2024,파주시
화물(소형),현대자동차,ST1 기본형 카고 냉동 17인치,1450,791.0,2241.0,2024년도 전기자동차 파주시 모델별 보조금,2024,파주시
화물(소형),현대자동차,ST1 기본형 하이탑 17인치,1100,600.0,1700.0,2024년도 전기자동차 파주시 모델별 보조금,2024,파주시
화물(소형),기아,봉고 전기차,1130,573.0,1703.0,2024년도 전기자동차 파주시 모델별 보조금,2024,파주시
화물(소형),기아,봉고 전기차 냉동탑차,1330,688.0,2018.0,2024년도 전기자동차 파주시 모델별 보조금,2024,파주시
화물(소형),기아,봉고 전기차 저상형 냉동탑차,1330,688.0,2018.0,2024년도 전기자동차 파주시 모델별 보조금,2024,파주시
화물(소형),일진정공,일진무시동전기냉동탑차(149.9km),916,500.0,1416.0,2024년도 전기자동차 파주시 모델별 보조금,2024,파주시
화물(소형),일진정공,일진무시동전기냉동탑차(186.1km),1169,638.0,1807.0,2024년도 전기자동차 파주시 모델별 보조금,2024,파주시
화물(소형),일진정공,일진무시동전기냉동탑차(봉고),1379,712.0,2091.0,2024년도 전기자동차 파주시 모델별 보조금,2024,파주시
화물(소형),일진정공,일진무시동전기냉동탑차(포터),1363,704.0,2067.0,2024년도 전기자동차 파주시 모델별 보조금,2024,파주시
화물(소형),루트17,다니고C(0.8톤 전기트럭),1068,532.0,1600.0,2024년도 전기자동차 파주시 모델별 보조금,2024,파주시
화물(소형),루트17,다니고C2(0.8톤 전기트럭),268,146.0,414.0,2024년도 전기자동차 파주시 모델별 보조금,2024,파주시
화물(소형),루트17,다니고R(전기냉동탑차),1224,626.0,1850.0,2024년도 전기자동차 파주시 모델별 보조금,2024,파주시
화물(소형),루트17,다니고R2(무시동 전기냉동탑차),1123,575.0,1698.0,2024년도 전기자동차 파주시 모델별 보조금,2024,파주시
화물(소형),루트17,e-TOVI,464,253.0,717.0,2024년도 전기자동차 파주시 모델별 보조금,2024,파주시
화물(소형),이브이케이엠씨,MASADA 픽업,295,161.0,456.0,2024년도 전기자동차 파주시 모델별 보조금,2024,파주시
화물(소형),이브이케이엠씨,MASADA 3세대 2밴,274,149.0,423.0,2024년도 전기자동차 파주시 모델별 보조금,2024,파주시
화물(소형),이브이케이엠씨,MASADA 3세대 4밴,246,134.0,380.0,2024년도 전기자동차 파주시 모델별 보조금,2024,파주시
화물(소형),이브이케이엠씨,MASADA 2밴,299,163.0,462.0,2024년도 전기자동차 파주시 모델별 보조금,2024,파주시
화물(소형),이브이케이엠씨,MASADA 4밴,269,147.0,416.0,2024년도 전기자동차 파주시 모델별 보조금,2024,파주시
화물(소형),이브이케이엠씨,EC35 2밴,194,106.0,300.0,2024년도 전기자동차 파주시 모델별 보조금,2024,파주시
화물(소형),제이스모빌리티,이티밴,405,221.0,626.0,2024년도 전기자동차 파주시 모델별 보조금,2024,파주시
화물(소형),제이스모빌리티,이티4밴,364,199.0,563.0,2024년도 전기자동차 파주시 모델별 보조금,2024,파주시
화물(소형),제이스모빌리티,이티밴 미니 2인승,412,225.0,637.0,2024년도 전기자동차 파주시 모델별 보조금,2024,파주시
화물(소형),제이스모빌리티,이티밴 미니 4인승,412,225.0,637.0,2024년도 전기자동차 파주시 모델별 보조금,2024,파주시
화물(소형),제이스모빌리티,이티밴 프로 2인승,412,225.0,637.0,2024년도 전기자동차 파주시 모델별 보조금,2024,파주시
화물(소형),제이스모빌리티,이티밴 프로 4인승,412,225.0,637.0,2024년도 전기자동차 파주시 모델별 보조금,2024,파주시
화물(소형),오텍,오텍 무시동 전기 냉동탑차(봉고),1118,610.0,1728.0,2024년도 전기자동차 파주시 모델별 보조금,2024,파주시
화물(소형),이엔플러스,이엔1톤롱바디카고,850,464.0,1314.0,2024년도 전기자동차 파주시 모델별 보조금,2024,파주시
화물(소형),이엔플러스,이엔플러스EV1톤롱바디트럭,895,488.0,1383.0,2024년도 전기자동차 파주시 모델별 보조금,2024,파주시
화물(소형),GS글로벌,T4K,462,252.0,714.0,2024년도 전기자동차 파주시 모델별 보조금,2024,파주시
화물(소형),GS글로벌,T4K 냉동탑차,711,388.0,1099.0,2024년도 전기자동차 파주시 모델별 보조금,2024,파주시
화물(소형),에스에스라이트,젤라,336,183.0,519.0,2024년도 전기자동차 파주시 모델별 보조금,2024,파주시
화물(소형),에스에스라이트,젤라 P200,478,261.0,739.0,2024년도 전기자동차 파주시 모델별 보조금,2024,파주시
화물(소형),한국쓰리축,한국쓰리축1톤롱바디EV트럭(봉고),837,457.0,1294.0,2024년도 전기자동차 파주시 모델별 보조금,2024,파주시
화물(소형),한국쓰리축,한국쓰리축1톤롱바디EV트럭(포터),855,466.0,1321.0,2024년도 전기자동차 파주시 모델별 보조금,2024,파주시
화물(소형),모빌리티네트웍스,SE-A2밴,333,182.0,515.0,2024년도 전기자동차 파주시 모델별 보조금,2024,파주시
화물(소형),피닉스코리아,썬라이즈-T01,412,225.0,637.0,2024년도 전기자동차 파주시 모델별 보조금,2024,파주시
화물(소형),케이지모빌리티,토레스 EVX VAN 20인치,392,181.0,573.0,2024년도 전기자동차 파주시 모델별 보조금,2024,파주시
화물(소형),케이지모빌리티,토레스 EVX VAN 18인치,394,182.0,576.0,2024년도 전기자동차 파주시 모델별 보조금,2024,파주시
화물(소형),한국상용트럭,한국상용1톤롱바디EV카고트럭,818,446.0,1264.0,2024년도 전기자동차 파주시 모델별 보조금,2024,파주시
화물(소형),한국상용트럭,한국상용0.9톤롱바디EV내장탑트럭,593,323.0,916.0,2024년도 전기자동차 파주시 모델별 보조금,2024,파주시
화물(소형),센트로에이케이,E-CV1,282,154.0,436.0,2024년도 전기자동차 파주시 모델별 보조금,2024,파주시
화물(소형),파츠몰에이투지,SW40,412,225.0,637.0,2024년도 전기자동차 파주시 모델별 보조금,2024,파주시
화물(소형),이브이앤솔루션,STEGO-Z,540,295.0,835.0,2024년도 전기자동차 파주시 모델별 보조금,2024,파주시
화물(초소형),마스타전기차,MASTA VAN,400,218.0,618.0,2024년도 전기자동차 이천시 모델별 보조금,2024,이천시
화물(초소형),마스타전기차,MASTA HIM,400,218.0,618.0,2024년도 전기자동차 이천시 모델별 보조금,2024,이천시
화물(초소형),디피코,포트로-탑,400,218.0,618.0,2024년도 전기자동차 이천시 모델별 보조금,2024,이천시
화물(초소형),디피코,포트로-픽업,400,218.0,618.0,2024년도 전기자동차 이천시 모델별 보조금,2024,이천시
화물(초소형),디피코,포트로-탑S,400,218.0,618.0,2024년도 전기자동차 이천시 모델별 보조금,2024,이천시
화물(초소형),디피코,포트로-픽업S,400,218.0,618.0,2024년도 전기자동차 이천시 모델별 보조금,2024,이천시
화물(초소형),마이브,베프,400,218.0,618.0,2024년도 전기자동차 이천시 모델별 보조금,2024,이천시
화물(경형),디피코,포트로350L-탑,788,591.0,1379.0,2024년도 전기자동차 이천시 모델별 보조금,2024,이천시
화물(경형),디피코,포트로350L-픽업,788,591.0,1379.0,2024년도 전기자동차 이천시 모델별 보조금,2024,이천시
화물(소형),파워프라자,봉고3ev PEACE,554,302.0,856.0,2024년도 전기자동차 이천시 모델별 보조금,2024,이천시
화물(소형),파워프라자,봉고3ev PEACE 더블캡,481,262.0,743.0,2024년도 전기자동차 이천시 모델별 보조금,2024,이천시
화물(소형),현대자동차,포터Ⅱ 일렉트릭(23MY),1090,572.0,1662.0,2024년도 전기자동차 이천시 모델별 보조금,2024,이천시
화물(소형),현대자동차,포터Ⅱ 일렉트릭(24MY),1090,572.0,1662.0,2024년도 전기자동차 이천시 모델별 보조금,2024,이천시
화물(소형),현대자동차,ST1 기본형 카고 17인치,1100,600.0,1700.0,2024년도 전기자동차 이천시 모델별 보조금,2024,이천시
화물(소형),현대자동차,ST1 기본형 카고 냉동 17인치,1450,790.0,2240.0,2024년도 전기자동차 이천시 모델별 보조금,2024,이천시
화물(소형),현대자동차,ST1 기본형 하이탑 17인치,1100,600.0,1700.0,2024년도 전기자동차 이천시 모델별 보조금,2024,이천시
화물(소형),기아,봉고 전기차,1130,572.0,1702.0,2024년도 전기자동차 이천시 모델별 보조금,2024,이천시
화물(소형),기아,봉고 전기차 냉동탑차,1330,687.0,2017.0,2024년도 전기자동차 이천시 모델별 보조금,2024,이천시
화물(소형),기아,봉고 전기차 저상형 냉동탑차,1330,687.0,2017.0,2024년도 전기자동차 이천시 모델별 보조금,2024,이천시
화물(소형),일진정공,일진무시동전기냉동탑차(149.9km),916,499.0,1415.0,2024년도 전기자동차 이천시 모델별 보조금,2024,이천시
화물(소형),일진정공,일진무시동전기냉동탑차(186.1km),1169,637.0,1806.0,2024년도 전기자동차 이천시 모델별 보조금,2024,이천시
화물(소형),일진정공,일진무시동전기냉동탑차(봉고),1379,712.0,2091.0,2024년도 전기자동차 이천시 모델별 보조금,2024,이천시
화물(소형),일진정공,일진무시동전기냉동탑차(포터),1363,704.0,2067.0,2024년도 전기자동차 이천시 모델별 보조금,2024,이천시
화물(소형),루트17,다니고C(0.8톤 전기트럭),1068,531.0,1599.0,2024년도 전기자동차 이천시 모델별 보조금,2024,이천시
화물(소형),루트17,다니고C2(0.8톤 전기트럭),268,146.0,414.0,2024년도 전기자동차 이천시 모델별 보조금,2024,이천시
화물(소형),루트17,다니고R(전기냉동탑차),1224,625.0,1849.0,2024년도 전기자동차 이천시 모델별 보조금,2024,이천시
화물(소형),루트17,다니고R2(무시동 전기냉동탑차),1123,575.0,1698.0,2024년도 전기자동차 이천시 모델별 보조금,2024,이천시
화물(소형),루트17,e-TOVI,464,253.0,717.0,2024년도 전기자동차 이천시 모델별 보조금,2024,이천시
화물(소형),이브이케이엠씨,MASADA 픽업,295,160.0,455.0,2024년도 전기자동차 이천시 모델별 보조금,2024,이천시
화물(소형),이브이케이엠씨,MASADA 3세대 2밴,274,149.0,423.0,2024년도 전기자동차 이천시 모델별 보조금,2024,이천시
화물(소형),이브이케이엠씨,MASADA 3세대 4밴,246,134.0,380.0,2024년도 전기자동차 이천시 모델별 보조금,2024,이천시
화물(소형),이브이케이엠씨,MASADA 2밴,299,163.0,462.0,2024년도 전기자동차 이천시 모델별 보조금,2024,이천시
화물(소형),이브이케이엠씨,MASADA 4밴,269,146.0,415.0,2024년도 전기자동차 이천시 모델별 보조금,2024,이천시
화물(소형),이브이케이엠씨,EC35 2밴,194,105.0,299.0,2024년도 전기자동차 이천시 모델별 보조금,2024,이천시
화물(소형),제이스모빌리티,이티밴,405,220.0,625.0,2024년도 전기자동차 이천시 모델별 보조금,2024,이천시
화물(소형),제이스모빌리티,이티4밴,364,198.0,562.0,2024년도 전기자동차 이천시 모델별 보조금,2024,이천시
화물(소형),제이스모빌리티,이티밴 미니 2인승,412,224.0,636.0,2024년도 전기자동차 이천시 모델별 보조금,2024,이천시
화물(소형),제이스모빌리티,이티밴 미니 4인승,412,224.0,636.0,2024년도 전기자동차 이천시 모델별 보조금,2024,이천시
화물(소형),제이스모빌리티,이티밴 프로 2인승,412,224.0,636.0,2024년도 전기자동차 이천시 모델별 보조금,2024,이천시
화물(소형),제이스모빌리티,이티밴 프로 4인승,412,224.0,636.0,2024년도 전기자동차 이천시 모델별 보조금,2024,이천시
화물(소형),오텍,오텍 무시동 전기 냉동탑차(봉고),1118,609.0,1727.0,2024년도 전기자동차 이천시 모델별 보조금,2024,이천시
화물(소형),이엔플러스,이엔1톤롱바디카고,850,463.0,1313.0,2024년도 전기자동차 이천시 모델별 보조금,2024,이천시
화물(소형),이엔플러스,이엔플러스EV1톤롱바디트럭,895,488.0,1383.0,2024년도 전기자동차 이천시 모델별 보조금,2024,이천시
화물(소형),GS글로벌,T4K,462,252.0,714.0,2024년도 전기자동차 이천시 모델별 보조금,2024,이천시
화물(소형),GS글로벌,T4K 냉동탑차,711,387.0,1098.0,2024년도 전기자동차 이천시 모델별 보조금,2024,이천시
화물(소형),에스에스라이트,젤라,336,183.0,519.0,2024년도 전기자동차 이천시 모델별 보조금,2024,이천시
화물(소형),에스에스라이트,젤라 P200,478,260.0,738.0,2024년도 전기자동차 이천시 모델별 보조금,2024,이천시
화물(소형),한국쓰리축,한국쓰리축1톤롱바디EV트럭(봉고),837,456.0,1293.0,2024년도 전기자동차 이천시 모델별 보조금,2024,이천시
화물(소형),한국쓰리축,한국쓰리축1톤롱바디EV트럭(포터),855,466.0,1321.0,2024년도 전기자동차 이천시 모델별 보조금,2024,이천시
화물(소형),모빌리티네트웍스,SE-A2밴,333,181.0,514.0,2024년도 전기자동차 이천시 모델별 보조금,2024,이천시
화물(소형),피닉스코리아,썬라이즈-T01,412,224.0,636.0,2024년도 전기자동차 이천시 모델별 보조금,2024,이천시
화물(소형),케이지모빌리티,토레스 EVX VAN 20인치,392,241.0,633.0,2024년도 전기자동차 이천시 모델별 보조금,2024,이천시
화물(소형),케이지모빌리티,토레스 EVX VAN 18인치,394,242.0,636.0,2024년도 전기자동차 이천시 모델별 보조금,2024,이천시
화물(소형),한국상용트럭,한국상용1톤롱바디EV카고트럭,818,446.0,1264.0,2024년도 전기자동차 이천시 모델별 보조금,2024,이천시
화물(소형),한국상용트럭,한국상용0.9톤롱바디EV내장탑트럭,593,323.0,916.0,2024년도 전기자동차 이천시 모델별 보조금,2024,이천시
화물(소형),센트로에이케이,E-CV1,282,153.0,435.0,2024년도 전기자동차 이천시 모델별 보조금,2024,이천시
화물(소형),파츠몰에이투지,SW40,412,224.0,636.0,2024년도 전기자동차 이천시 모델별 보조금,2024,이천시
화물(소형),이브이앤솔루션,STEGO-Z,540,294.0,834.0,2024년도 전기자동차 이천시 모델별 보조금,2024,이천시
화물(초소형),마스타전기차,MASTA VAN,400,218.0,618.0,2024년도 전기자동차 안성시 모델별 보조금,2024,안성시
화물(초소형),마스타전기차,MASTA HIM,400,218.0,618.0,2024년도 전기자동차 안성시 모델별 보조금,2024,안성시
화물(초소형),디피코,포트로-탑,400,218.0,618.0,2024년도 전기자동차 안성시 모델별 보조금,2024,안성시
화물(초소형),디피코,포트로-픽업,400,218.0,618.0,2024년도 전기자동차 안성시 모델별 보조금,2024,안성시
화물(초소형),디피코,포트로-탑S,400,218.0,618.0,2024년도 전기자동차 안성시 모델별 보조금,2024,안성시
화물(초소형),디피코,포트로-픽업S,400,218.0,618.0,2024년도 전기자동차 안성시 모델별 보조금,2024,안성시
화물(초소형),마이브,베프,400,0.0,400.0,2024년도 전기자동차 안성시 모델별 보조금,2024,안성시
화물(경형),디피코,포트로350L-탑,788,430.0,1218.0,2024년도 전기자동차 안성시 모델별 보조금,2024,안성시
화물(경형),디피코,포트로350L-픽업,788,430.0,1218.0,2024년도 전기자동차 안성시 모델별 보조금,2024,안성시
화물(소형),파워프라자,봉고3ev PEACE,554,302.0,856.0,2024년도 전기자동차 안성시 모델별 보조금,2024,안성시
화물(소형),파워프라자,봉고3ev PEACE 더블캡,481,262.0,743.0,2024년도 전기자동차 안성시 모델별 보조금,2024,안성시
화물(소형),현대자동차,포터Ⅱ 일렉트릭(23MY),1090,572.0,1662.0,2024년도 전기자동차 안성시 모델별 보조금,2024,안성시
화물(소형),현대자동차,포터Ⅱ 일렉트릭(24MY),1090,572.0,1662.0,2024년도 전기자동차 안성시 모델별 보조금,2024,안성시
화물(소형),현대자동차,ST1 기본형 카고 17인치,1100,600.0,1700.0,2024년도 전기자동차 안성시 모델별 보조금,2024,안성시
화물(소형),현대자동차,ST1 기본형 카고 냉동 17인치,1450,790.0,2240.0,2024년도 전기자동차 안성시 모델별 보조금,2024,안성시
화물(소형),현대자동차,ST1 기본형 하이탑 17인치,1100,0.0,1100.0,2024년도 전기자동차 안성시 모델별 보조금,2024,안성시
화물(소형),기아,봉고 전기차,1130,572.0,1702.0,2024년도 전기자동차 안성시 모델별 보조금,2024,안성시
화물(소형),기아,봉고 전기차 냉동탑차,1330,688.0,2018.0,2024년도 전기자동차 안성시 모델별 보조금,2024,안성시
화물(소형),기아,봉고 전기차 저상형 냉동탑차,1330,688.0,2018.0,2024년도 전기자동차 안성시 모델별 보조금,2024,안성시
화물(소형),일진정공,일진무시동전기냉동탑차(149.9km),916,499.0,1415.0,2024년도 전기자동차 안성시 모델별 보조금,2024,안성시
화물(소형),일진정공,일진무시동전기냉동탑차(186.1km),1169,638.0,1807.0,2024년도 전기자동차 안성시 모델별 보조금,2024,안성시
화물(소형),일진정공,일진무시동전기냉동탑차(봉고),1379,712.0,2091.0,2024년도 전기자동차 안성시 모델별 보조금,2024,안성시
화물(소형),일진정공,일진무시동전기냉동탑차(포터),1363,704.0,2067.0,2024년도 전기자동차 안성시 모델별 보조금,2024,안성시
화물(소형),루트17,다니고C(0.8톤 전기트럭),1068,531.0,1599.0,2024년도 전기자동차 안성시 모델별 보조금,2024,안성시
화물(소형),루트17,다니고C2(0.8톤 전기트럭),268,146.0,414.0,2024년도 전기자동차 안성시 모델별 보조금,2024,안성시
화물(소형),루트17,다니고R(전기냉동탑차),1224,626.0,1850.0,2024년도 전기자동차 안성시 모델별 보조금,2024,안성시
화물(소형),루트17,다니고R2(무시동 전기냉동탑차),1123,575.0,1698.0,2024년도 전기자동차 안성시 모델별 보조금,2024,안성시
화물(소형),루트17,e-TOVI,464,253.0,717.0,2024년도 전기자동차 안성시 모델별 보조금,2024,안성시
화물(소형),이브이케이엠씨,MASADA 픽업,295,160.0,455.0,2024년도 전기자동차 안성시 모델별 보조금,2024,안성시
화물(소형),이브이케이엠씨,MASADA 3세대 2밴,274,149.0,423.0,2024년도 전기자동차 안성시 모델별 보조금,2024,안성시
화물(소형),이브이케이엠씨,MASADA 3세대 4밴,246,134.0,380.0,2024년도 전기자동차 안성시 모델별 보조금,2024,안성시
화물(소형),이브이케이엠씨,MASADA 2밴,299,163.0,462.0,2024년도 전기자동차 안성시 모델별 보조금,2024,안성시
화물(소형),이브이케이엠씨,MASADA 4밴,269,146.0,415.0,2024년도 전기자동차 안성시 모델별 보조금,2024,안성시
화물(소형),이브이케이엠씨,EC35 2밴,194,105.0,299.0,2024년도 전기자동차 안성시 모델별 보조금,2024,안성시
화물(소형),제이스모빌리티,이티밴,405,220.0,625.0,2024년도 전기자동차 안성시 모델별 보조금,2024,안성시
화물(소형),제이스모빌리티,이티4밴,364,198.0,562.0,2024년도 전기자동차 안성시 모델별 보조금,2024,안성시
화물(소형),제이스모빌리티,이티밴 미니 2인승,412,224.0,636.0,2024년도 전기자동차 안성시 모델별 보조금,2024,안성시
화물(소형),제이스모빌리티,이티밴 미니 4인승,412,224.0,636.0,2024년도 전기자동차 안성시 모델별 보조금,2024,안성시
화물(소형),제이스모빌리티,이티밴 프로 2인승,412,224.0,636.0,2024년도 전기자동차 안성시 모델별 보조금,2024,안성시
화물(소형),제이스모빌리티,이티밴 프로 4인승,412,224.0,636.0,2024년도 전기자동차 안성시 모델별 보조금,2024,안성시
화물(소형),오텍,오텍 무시동 전기 냉동탑차(봉고),1118,610.0,1728.0,2024년도 전기자동차 안성시 모델별 보조금,2024,안성시
화물(소형),이엔플러스,이엔1톤롱바디카고,850,463.0,1313.0,2024년도 전기자동차 안성시 모델별 보조금,2024,안성시
화물(소형),이엔플러스,이엔플러스EV1톤롱바디트럭,895,488.0,1383.0,2024년도 전기자동차 안성시 모델별 보조금,2024,안성시
화물(소형),GS글로벌,T4K,462,252.0,714.0,2024년도 전기자동차 안성시 모델별 보조금,2024,안성시
화물(소형),GS글로벌,T4K 냉동탑차,711,387.0,1098.0,2024년도 전기자동차 안성시 모델별 보조금,2024,안성시
화물(소형),에스에스라이트,젤라,336,183.0,519.0,2024년도 전기자동차 안성시 모델별 보조금,2024,안성시
화물(소형),에스에스라이트,젤라 P200,478,260.0,738.0,2024년도 전기자동차 안성시 모델별 보조금,2024,안성시
화물(소형),한국쓰리축,한국쓰리축1톤롱바디EV트럭(봉고),837,456.0,1293.0,2024년도 전기자동차 안성시 모델별 보조금,2024,안성시
화물(소형),한국쓰리축,한국쓰리축1톤롱바디EV트럭(포터),855,466.0,1321.0,2024년도 전기자동차 안성시 모델별 보조금,2024,안성시
화물(소형),모빌리티네트웍스,SE-A2밴,333,181.0,514.0,2024년도 전기자동차 안성시 모델별 보조금,2024,안성시
화물(소형),피닉스코리아,썬라이즈-T01,412,224.0,636.0,2024년도 전기자동차 안성시 모델별 보조금,2024,안성시
화물(소형),케이지모빌리티,토레스 EVX VAN 20인치,392,241.0,633.0,2024년도 전기자동차 안성시 모델별 보조금,2024,안성시
화물(소형),케이지모빌리티,토레스 EVX VAN 18인치,394,241.0,635.0,2024년도 전기자동차 안성시 모델별 보조금,2024,안성시
화물(소형),한국상용트럭,한국상용1톤롱바디EV카고트럭,818,446.0,1264.0,2024년도 전기자동차 안성시 모델별 보조금,2024,안성시
화물(소형),한국상용트럭,한국상용0.9톤롱바디EV내장탑트럭,593,323.0,916.0,2024년도 전기자동차 안성시 모델별 보조금,2024,안성시
화물(소형),센트로에이케이,E-CV1,282,153.0,435.0,2024년도 전기자동차 안성시 모델별 보조금,2024,안성시
화물(소형),파츠몰에이투지,SW40,412,224.0,636.0,2024년도 전기자동차 안성시 모델별 보조금,2024,안성시
화물(소형),이브이앤솔루션,STEGO-Z,540,294.0,834.0,2024년도 전기자동차 안성시 모델별 보조금,2024,안성시
화물(초소형),마스타전기차,MASTA VAN,400,200.0,600.0,2024년도 전기자동차 김포시 모델별 보조금,2024,김포시
화물(초소형),마스타전기차,MASTA HIM,400,200.0,600.0,2024년도 전기자동차 김포시 모델별 보조금,2024,김포시
화물(초소형),디피코,포트로-탑,400,200.0,600.0,2024년도 전기자동차 김포시 모델별 보조금,2024,김포시
화물(초소형),디피코,포트로-픽업,400,200.0,600.0,2024년도 전기자동차 김포시 모델별 보조금,2024,김포시
화물(초소형),디피코,포트로-탑S,400,200.0,600.0,2024년도 전기자동차 김포시 모델별 보조금,2024,김포시
화물(초소형),디피코,포트로-픽업S,400,200.0,600.0,2024년도 전기자동차 김포시 모델별 보조금,2024,김포시
화물(초소형),마이브,베프,400,200.0,600.0,2024년도 전기자동차 김포시 모델별 보조금,2024,김포시
화물(경형),디피코,포트로350L-탑,788,394.0,1182.0,2024년도 전기자동차 김포시 모델별 보조금,2024,김포시
화물(경형),디피코,포트로350L-픽업,788,394.0,1182.0,2024년도 전기자동차 김포시 모델별 보조금,2024,김포시
화물(소형),파워프라자,봉고3ev PEACE,554,277.0,831.0,2024년도 전기자동차 김포시 모델별 보조금,2024,김포시
화물(소형),파워프라자,봉고3ev PEACE 더블캡,481,240.0,721.0,2024년도 전기자동차 김포시 모델별 보조금,2024,김포시
화물(소형),현대자동차,포터Ⅱ 일렉트릭(23MY),1090,525.0,1615.0,2024년도 전기자동차 김포시 모델별 보조금,2024,김포시
화물(소형),현대자동차,포터Ⅱ 일렉트릭(24MY),1090,525.0,1615.0,2024년도 전기자동차 김포시 모델별 보조금,2024,김포시
화물(소형),현대자동차,ST1 기본형 카고 17인치,1100,550.0,1650.0,2024년도 전기자동차 김포시 모델별 보조금,2024,김포시
화물(소형),현대자동차,ST1 기본형 카고 냉동 17인치,1450,725.0,2175.0,2024년도 전기자동차 김포시 모델별 보조금,2024,김포시
화물(소형),현대자동차,ST1 기본형 하이탑 17인치,1100,550.0,1650.0,2024년도 전기자동차 김포시 모델별 보조금,2024,김포시
화물(소형),기아,봉고 전기차,1130,525.0,1655.0,2024년도 전기자동차 김포시 모델별 보조금,2024,김포시
화물(소형),기아,봉고 전기차 냉동탑차,1330,630.0,1960.0,2024년도 전기자동차 김포시 모델별 보조금,2024,김포시
화물(소형),기아,봉고 전기차 저상형 냉동탑차,1330,630.0,1960.0,2024년도 전기자동차 김포시 모델별 보조금,2024,김포시
화물(소형),일진정공,일진무시동전기냉동탑차(149.9km),916,458.0,1374.0,2024년도 전기자동차 김포시 모델별 보조금,2024,김포시
화물(소형),일진정공,일진무시동전기냉동탑차(186.1km),1169,584.0,1753.0,2024년도 전기자동차 김포시 모델별 보조금,2024,김포시
화물(소형),일진정공,일진무시동전기냉동탑차(봉고),1379,653.0,2032.0,2024년도 전기자동차 김포시 모델별 보조금,2024,김포시
화물(소형),일진정공,일진무시동전기냉동탑차(포터),1363,645.0,2008.0,2024년도 전기자동차 김포시 모델별 보조금,2024,김포시
화물(소형),루트17,다니고C(0.8톤 전기트럭),1068,487.0,1555.0,2024년도 전기자동차 김포시 모델별 보조금,2024,김포시
화물(소형),루트17,다니고C2(0.8톤 전기트럭),268,134.0,402.0,2024년도 전기자동차 김포시 모델별 보조금,2024,김포시
화물(소형),루트17,다니고R(전기냉동탑차),1224,573.0,1797.0,2024년도 전기자동차 김포시 모델별 보조금,2024,김포시
화물(소형),루트17,다니고R2(무시동 전기냉동탑차),1123,527.0,1650.0,2024년도 전기자동차 김포시 모델별 보조금,2024,김포시
화물(소형),루트17,e-TOVI,464,232.0,696.0,2024년도 전기자동차 김포시 모델별 보조금,2024,김포시
화물(소형),이브이케이엠씨,MASADA 픽업,295,147.0,442.0,2024년도 전기자동차 김포시 모델별 보조금,2024,김포시
화물(소형),이브이케이엠씨,MASADA 3세대 2밴,274,137.0,411.0,2024년도 전기자동차 김포시 모델별 보조금,2024,김포시
화물(소형),이브이케이엠씨,MASADA 3세대 4밴,246,123.0,369.0,2024년도 전기자동차 김포시 모델별 보조금,2024,김포시
화물(소형),이브이케이엠씨,MASADA 2밴,299,149.0,448.0,2024년도 전기자동차 김포시 모델별 보조금,2024,김포시
화물(소형),이브이케이엠씨,MASADA 4밴,269,134.0,403.0,2024년도 전기자동차 김포시 모델별 보조금,2024,김포시
화물(소형),이브이케이엠씨,EC35 2밴,194,97.0,291.0,2024년도 전기자동차 김포시 모델별 보조금,2024,김포시
화물(소형),제이스모빌리티,이티밴,405,202.0,607.0,2024년도 전기자동차 김포시 모델별 보조금,2024,김포시
화물(소형),제이스모빌리티,이티4밴,364,182.0,546.0,2024년도 전기자동차 김포시 모델별 보조금,2024,김포시
화물(소형),제이스모빌리티,이티밴 미니 2인승,412,206.0,618.0,2024년도 전기자동차 김포시 모델별 보조금,2024,김포시
화물(소형),제이스모빌리티,이티밴 미니 4인승,412,206.0,618.0,2024년도 전기자동차 김포시 모델별 보조금,2024,김포시
화물(소형),제이스모빌리티,이티밴 프로 2인승,412,206.0,618.0,2024년도 전기자동차 김포시 모델별 보조금,2024,김포시
화물(소형),제이스모빌리티,이티밴 프로 4인승,412,206.0,618.0,2024년도 전기자동차 김포시 모델별 보조금,2024,김포시
화물(소형),오텍,오텍 무시동 전기 냉동탑차(봉고),1118,559.0,1677.0,2024년도 전기자동차 김포시 모델별 보조금,2024,김포시
화물(소형),이엔플러스,이엔1톤롱바디카고,850,425.0,1275.0,2024년도 전기자동차 김포시 모델별 보조금,2024,김포시
화물(소형),이엔플러스,이엔플러스EV1톤롱바디트럭,895,447.0,1342.0,2024년도 전기자동차 김포시 모델별 보조금,2024,김포시
화물(소형),GS글로벌,T4K,462,231.0,693.0,2024년도 전기자동차 김포시 모델별 보조금,2024,김포시
화물(소형),GS글로벌,T4K 냉동탑차,711,355.0,1066.0,2024년도 전기자동차 김포시 모델별 보조금,2024,김포시
화물(소형),에스에스라이트,젤라,336,168.0,504.0,2024년도 전기자동차 김포시 모델별 보조금,2024,김포시
화물(소형),에스에스라이트,젤라 P200,478,239.0,717.0,2024년도 전기자동차 김포시 모델별 보조금,2024,김포시
화물(소형),한국쓰리축,한국쓰리축1톤롱바디EV트럭(봉고),837,418.0,1255.0,2024년도 전기자동차 김포시 모델별 보조금,2024,김포시
화물(소형),한국쓰리축,한국쓰리축1톤롱바디EV트럭(포터),855,427.0,1282.0,2024년도 전기자동차 김포시 모델별 보조금,2024,김포시
화물(소형),모빌리티네트웍스,SE-A2밴,333,166.0,499.0,2024년도 전기자동차 김포시 모델별 보조금,2024,김포시
화물(소형),피닉스코리아,썬라이즈-T01,412,206.0,618.0,2024년도 전기자동차 김포시 모델별 보조금,2024,김포시
화물(소형),케이지모빌리티,토레스 EVX VAN 20인치,392,196.0,588.0,2024년도 전기자동차 김포시 모델별 보조금,2024,김포시
화물(소형),케이지모빌리티,토레스 EVX VAN 18인치,394,197.0,591.0,2024년도 전기자동차 김포시 모델별 보조금,2024,김포시
화물(소형),한국상용트럭,한국상용1톤롱바디EV카고트럭,818,409.0,1227.0,2024년도 전기자동차 김포시 모델별 보조금,2024,김포시
화물(소형),한국상용트럭,한국상용0.9톤롱바디EV내장탑트럭,593,296.0,889.0,2024년도 전기자동차 김포시 모델별 보조금,2024,김포시
화물(소형),센트로에이케이,E-CV1,282,141.0,423.0,2024년도 전기자동차 김포시 모델별 보조금,2024,김포시
화물(소형),파츠몰에이투지,SW40,412,206.0,618.0,2024년도 전기자동차 김포시 모델별 보조금,2024,김포시
화물(소형),이브이앤솔루션,STEGO-Z,540,270.0,810.0,2024년도 전기자동차 김포시 모델별 보조금,2024,김포시
화물(초소형),마스타전기차,MASTA VAN,400,218.0,618.0,2024년도 전기자동차 화성시 모델별 보조금,2024,화성시
화물(초소형),마스타전기차,MASTA HIM,400,218.0,618.0,2024년도 전기자동차 화성시 모델별 보조금,2024,화성시
화물(초소형),디피코,포트로-탑,400,218.0,618.0,2024년도 전기자동차 화성시 모델별 보조금,2024,화성시
화물(초소형),디피코,포트로-픽업,400,218.0,618.0,2024년도 전기자동차 화성시 모델별 보조금,2024,화성시
화물(초소형),디피코,포트로-탑S,400,218.0,618.0,2024년도 전기자동차 화성시 모델별 보조금,2024,화성시
화물(초소형),디피코,포트로-픽업S,400,218.0,618.0,2024년도 전기자동차 화성시 모델별 보조금,2024,화성시
화물(초소형),마이브,베프,400,218.0,618.0,2024년도 전기자동차 화성시 모델별 보조금,2024,화성시
화물(경형),디피코,포트로350L-탑,788,591.0,1379.0,2024년도 전기자동차 화성시 모델별 보조금,2024,화성시
화물(경형),디피코,포트로350L-픽업,788,591.0,1379.0,2024년도 전기자동차 화성시 모델별 보조금,2024,화성시
화물(소형),파워프라자,봉고3ev PEACE,554,302.0,856.0,2024년도 전기자동차 화성시 모델별 보조금,2024,화성시
화물(소형),파워프라자,봉고3ev PEACE 더블캡,481,262.0,743.0,2024년도 전기자동차 화성시 모델별 보조금,2024,화성시
화물(소형),현대자동차,포터Ⅱ 일렉트릭(23MY),1090,572.0,1662.0,2024년도 전기자동차 화성시 모델별 보조금,2024,화성시
화물(소형),현대자동차,포터Ⅱ 일렉트릭(24MY),1090,572.0,1662.0,2024년도 전기자동차 화성시 모델별 보조금,2024,화성시
화물(소형),현대자동차,ST1 기본형 카고 17인치,1100,600.0,1700.0,2024년도 전기자동차 화성시 모델별 보조금,2024,화성시
화물(소형),현대자동차,ST1 기본형 카고 냉동 17인치,1450,790.0,2240.0,2024년도 전기자동차 화성시 모델별 보조금,2024,화성시
화물(소형),현대자동차,ST1 기본형 하이탑 17인치,1100,600.0,1700.0,2024년도 전기자동차 화성시 모델별 보조금,2024,화성시
화물(소형),기아,봉고 전기차,1130,572.0,1702.0,2024년도 전기자동차 화성시 모델별 보조금,2024,화성시
화물(소형),기아,봉고 전기차 냉동탑차,1330,687.0,2017.0,2024년도 전기자동차 화성시 모델별 보조금,2024,화성시
화물(소형),기아,봉고 전기차 저상형 냉동탑차,1330,687.0,2017.0,2024년도 전기자동차 화성시 모델별 보조금,2024,화성시
화물(소형),일진정공,일진무시동전기냉동탑차(149.9km),916,499.0,1415.0,2024년도 전기자동차 화성시 모델별 보조금,2024,화성시
화물(소형),일진정공,일진무시동전기냉동탑차(186.1km),1169,637.0,1806.0,2024년도 전기자동차 화성시 모델별 보조금,2024,화성시
화물(소형),일진정공,일진무시동전기냉동탑차(봉고),1379,712.0,2091.0,2024년도 전기자동차 화성시 모델별 보조금,2024,화성시
화물(소형),일진정공,일진무시동전기냉동탑차(포터),1363,704.0,2067.0,2024년도 전기자동차 화성시 모델별 보조금,2024,화성시
화물(소형),루트17,다니고C(0.8톤 전기트럭),1068,531.0,1599.0,2024년도 전기자동차 화성시 모델별 보조금,2024,화성시
화물(소형),루트17,다니고C2(0.8톤 전기트럭),268,146.0,414.0,2024년도 전기자동차 화성시 모델별 보조금,2024,화성시
화물(소형),루트17,다니고R(전기냉동탑차),1224,626.0,1850.0,2024년도 전기자동차 화성시 모델별 보조금,2024,화성시
화물(소형),루트17,다니고R2(무시동 전기냉동탑차),1123,575.0,1698.0,2024년도 전기자동차 화성시 모델별 보조금,2024,화성시
화물(소형),루트17,e-TOVI,464,253.0,717.0,2024년도 전기자동차 화성시 모델별 보조금,2024,화성시
화물(소형),이브이케이엠씨,MASADA 픽업,295,160.0,455.0,2024년도 전기자동차 화성시 모델별 보조금,2024,화성시
화물(소형),이브이케이엠씨,MASADA 3세대 2밴,274,149.0,423.0,2024년도 전기자동차 화성시 모델별 보조금,2024,화성시
화물(소형),이브이케이엠씨,MASADA 3세대 4밴,246,134.0,380.0,2024년도 전기자동차 화성시 모델별 보조금,2024,화성시
화물(소형),이브이케이엠씨,MASADA 2밴,299,163.0,462.0,2024년도 전기자동차 화성시 모델별 보조금,2024,화성시
화물(소형),이브이케이엠씨,MASADA 4밴,269,146.0,415.0,2024년도 전기자동차 화성시 모델별 보조금,2024,화성시
화물(소형),이브이케이엠씨,EC35 2밴,194,105.0,299.0,2024년도 전기자동차 화성시 모델별 보조금,2024,화성시
화물(소형),제이스모빌리티,이티밴,405,220.0,625.0,2024년도 전기자동차 화성시 모델별 보조금,2024,화성시
화물(소형),제이스모빌리티,이티4밴,364,198.0,562.0,2024년도 전기자동차 화성시 모델별 보조금,2024,화성시
화물(소형),제이스모빌리티,이티밴 미니 2인승,412,224.0,636.0,2024년도 전기자동차 화성시 모델별 보조금,2024,화성시
화물(소형),제이스모빌리티,이티밴 미니 4인승,412,224.0,636.0,2024년도 전기자동차 화성시 모델별 보조금,2024,화성시
화물(소형),제이스모빌리티,이티밴 프로 2인승,412,224.0,636.0,2024년도 전기자동차 화성시 모델별 보조금,2024,화성시
화물(소형),제이스모빌리티,이티밴 프로 4인승,412,224.0,636.0,2024년도 전기자동차 화성시 모델별 보조금,2024,화성시
화물(소형),오텍,오텍 무시동 전기 냉동탑차(봉고),1118,610.0,1728.0,2024년도 전기자동차 화성시 모델별 보조금,2024,화성시
화물(소형),이엔플러스,이엔1톤롱바디카고,850,463.0,1313.0,2024년도 전기자동차 화성시 모델별 보조금,2024,화성시
화물(소형),이엔플러스,이엔플러스EV1톤롱바디트럭,895,488.0,1383.0,2024년도 전기자동차 화성시 모델별 보조금,2024,화성시
화물(소형),GS글로벌,T4K,462,252.0,714.0,2024년도 전기자동차 화성시 모델별 보조금,2024,화성시
화물(소형),GS글로벌,T4K 냉동탑차,711,387.0,1098.0,2024년도 전기자동차 화성시 모델별 보조금,2024,화성시
화물(소형),에스에스라이트,젤라,336,183.0,519.0,2024년도 전기자동차 화성시 모델별 보조금,2024,화성시
화물(소형),에스에스라이트,젤라 P200,478,260.0,738.0,2024년도 전기자동차 화성시 모델별 보조금,2024,화성시
화물(소형),한국쓰리축,한국쓰리축1톤롱바디EV트럭(봉고),837,456.0,1293.0,2024년도 전기자동차 화성시 모델별 보조금,2024,화성시
화물(소형),한국쓰리축,한국쓰리축1톤롱바디EV트럭(포터),855,466.0,1321.0,2024년도 전기자동차 화성시 모델별 보조금,2024,화성시
화물(소형),모빌리티네트웍스,SE-A2밴,333,181.0,514.0,2024년도 전기자동차 화성시 모델별 보조금,2024,화성시
화물(소형),피닉스코리아,썬라이즈-T01,412,224.0,636.0,2024년도 전기자동차 화성시 모델별 보조금,2024,화성시
화물(소형),케이지모빌리티,토레스 EVX VAN 20인치,392,213.0,605.0,2024년도 전기자동차 화성시 모델별 보조금,2024,화성시
화물(소형),케이지모빌리티,토레스 EVX VAN 18인치,394,214.0,608.0,2024년도 전기자동차 화성시 모델별 보조금,2024,화성시
화물(소형),한국상용트럭,한국상용1톤롱바디EV카고트럭,818,446.0,1264.0,2024년도 전기자동차 화성시 모델별 보조금,2024,화성시
화물(소형),한국상용트럭,한국상용0.9톤롱바디EV내장탑트럭,593,323.0,916.0,2024년도 전기자동차 화성시 모델별 보조금,2024,화성시
화물(소형),센트로에이케이,E-CV1,282,153.0,435.0,2024년도 전기자동차 화성시 모델별 보조금,2024,화성시
화물(소형),파츠몰에이투지,SW40,412,224.0,636.0,2024년도 전기자동차 화성시 모델별 보조금,2024,화성시
화물(소형),이브이앤솔루션,STEGO-Z,540,294.0,834.0,2024년도 전기자동차 화성시 모델별 보조금,2024,화성시
화물(초소형),마스타전기차,MASTA VAN,400,220.0,620.0,2024년도 전기자동차 광주시 모델별 보조금,2024,광주시
화물(초소형),마스타전기차,MASTA HIM,400,220.0,620.0,2024년도 전기자동차 광주시 모델별 보조금,2024,광주시
화물(초소형),디피코,포트로-탑,400,220.0,620.0,2024년도 전기자동차 광주시 모델별 보조금,2024,광주시
화물(초소형),디피코,포트로-픽업,400,220.0,620.0,2024년도 전기자동차 광주시 모델별 보조금,2024,광주시
화물(초소형),디피코,포트로-탑S,400,220.0,620.0,2024년도 전기자동차 광주시 모델별 보조금,2024,광주시
화물(초소형),디피코,포트로-픽업S,400,220.0,620.0,2024년도 전기자동차 광주시 모델별 보조금,2024,광주시
화물(초소형),마이브,베프,400,220.0,620.0,2024년도 전기자동차 광주시 모델별 보조금,2024,광주시
화물(경형),디피코,포트로350L-탑,788,433.0,1221.0,2024년도 전기자동차 광주시 모델별 보조금,2024,광주시
화물(경형),디피코,포트로350L-픽업,788,433.0,1221.0,2024년도 전기자동차 광주시 모델별 보조금,2024,광주시
화물(소형),파워프라자,봉고3ev PEACE,554,302.0,856.0,2024년도 전기자동차 광주시 모델별 보조금,2024,광주시
화물(소형),파워프라자,봉고3ev PEACE 더블캡,481,262.0,743.0,2024년도 전기자동차 광주시 모델별 보조금,2024,광주시
화물(소형),현대자동차,포터Ⅱ 일렉트릭(23MY),1090,572.0,1662.0,2024년도 전기자동차 광주시 모델별 보조금,2024,광주시
화물(소형),현대자동차,포터Ⅱ 일렉트릭(24MY),1090,572.0,1662.0,2024년도 전기자동차 광주시 모델별 보조금,2024,광주시
화물(소형),현대자동차,ST1 기본형 카고 17인치,1100,600.0,1700.0,2024년도 전기자동차 광주시 모델별 보조금,2024,광주시
화물(소형),현대자동차,ST1 기본형 카고 냉동 17인치,1450,600.0,2050.0,2024년도 전기자동차 광주시 모델별 보조금,2024,광주시
화물(소형),현대자동차,ST1 기본형 하이탑 17인치,1100,600.0,1700.0,2024년도 전기자동차 광주시 모델별 보조금,2024,광주시
화물(소형),기아,봉고 전기차,1130,572.0,1702.0,2024년도 전기자동차 광주시 모델별 보조금,2024,광주시
화물(소형),기아,봉고 전기차 냉동탑차,1330,600.0,1930.0,2024년도 전기자동차 광주시 모델별 보조금,2024,광주시
화물(소형),기아,봉고 전기차 저상형 냉동탑차,1330,600.0,1930.0,2024년도 전기자동차 광주시 모델별 보조금,2024,광주시
화물(소형),일진정공,일진무시동전기냉동탑차(149.9km),916,499.0,1415.0,2024년도 전기자동차 광주시 모델별 보조금,2024,광주시
화물(소형),일진정공,일진무시동전기냉동탑차(186.1km),1169,600.0,1769.0,2024년도 전기자동차 광주시 모델별 보조금,2024,광주시
화물(소형),일진정공,일진무시동전기냉동탑차(봉고),1379,600.0,1979.0,2024년도 전기자동차 광주시 모델별 보조금,2024,광주시
화물(소형),일진정공,일진무시동전기냉동탑차(포터),1363,600.0,1963.0,2024년도 전기자동차 광주시 모델별 보조금,2024,광주시
화물(소형),루트17,다니고C(0.8톤 전기트럭),1068,531.0,1599.0,2024년도 전기자동차 광주시 모델별 보조금,2024,광주시
화물(소형),루트17,다니고C2(0.8톤 전기트럭),268,146.0,414.0,2024년도 전기자동차 광주시 모델별 보조금,2024,광주시
화물(소형),루트17,다니고R(전기냉동탑차),1224,600.0,1824.0,2024년도 전기자동차 광주시 모델별 보조금,2024,광주시
화물(소형),루트17,다니고R2(무시동 전기냉동탑차),1123,575.0,1698.0,2024년도 전기자동차 광주시 모델별 보조금,2024,광주시
화물(소형),루트17,e-TOVI,464,253.0,717.0,2024년도 전기자동차 광주시 모델별 보조금,2024,광주시
화물(소형),이브이케이엠씨,MASADA 픽업,295,160.0,455.0,2024년도 전기자동차 광주시 모델별 보조금,2024,광주시
화물(소형),이브이케이엠씨,MASADA 3세대 2밴,274,149.0,423.0,2024년도 전기자동차 광주시 모델별 보조금,2024,광주시
화물(소형),이브이케이엠씨,MASADA 3세대 4밴,246,134.0,380.0,2024년도 전기자동차 광주시 모델별 보조금,2024,광주시
화물(소형),이브이케이엠씨,MASADA 2밴,299,163.0,462.0,2024년도 전기자동차 광주시 모델별 보조금,2024,광주시
화물(소형),이브이케이엠씨,MASADA 4밴,269,146.0,415.0,2024년도 전기자동차 광주시 모델별 보조금,2024,광주시
화물(소형),이브이케이엠씨,EC35 2밴,194,105.0,299.0,2024년도 전기자동차 광주시 모델별 보조금,2024,광주시
화물(소형),제이스모빌리티,이티밴,405,220.0,625.0,2024년도 전기자동차 광주시 모델별 보조금,2024,광주시
화물(소형),제이스모빌리티,이티4밴,364,198.0,562.0,2024년도 전기자동차 광주시 모델별 보조금,2024,광주시
화물(소형),제이스모빌리티,이티밴 미니 2인승,412,224.0,636.0,2024년도 전기자동차 광주시 모델별 보조금,2024,광주시
화물(소형),제이스모빌리티,이티밴 미니 4인승,412,224.0,636.0,2024년도 전기자동차 광주시 모델별 보조금,2024,광주시
화물(소형),제이스모빌리티,이티밴 프로 2인승,412,224.0,636.0,2024년도 전기자동차 광주시 모델별 보조금,2024,광주시
화물(소형),제이스모빌리티,이티밴 프로 4인승,412,224.0,636.0,2024년도 전기자동차 광주시 모델별 보조금,2024,광주시
화물(소형),오텍,오텍 무시동 전기 냉동탑차(봉고),1118,600.0,1718.0,2024년도 전기자동차 광주시 모델별 보조금,2024,광주시
화물(소형),이엔플러스,이엔1톤롱바디카고,850,463.0,1313.0,2024년도 전기자동차 광주시 모델별 보조금,2024,광주시
화물(소형),이엔플러스,이엔플러스EV1톤롱바디트럭,895,488.0,1383.0,2024년도 전기자동차 광주시 모델별 보조금,2024,광주시
화물(소형),GS글로벌,T4K,462,252.0,714.0,2024년도 전기자동차 광주시 모델별 보조금,2024,광주시
화물(소형),GS글로벌,T4K 냉동탑차,711,387.0,1098.0,2024년도 전기자동차 광주시 모델별 보조금,2024,광주시
화물(소형),에스에스라이트,젤라,336,183.0,519.0,2024년도 전기자동차 광주시 모델별 보조금,2024,광주시
화물(소형),에스에스라이트,젤라 P200,478,260.0,738.0,2024년도 전기자동차 광주시 모델별 보조금,2024,광주시
화물(소형),한국쓰리축,한국쓰리축1톤롱바디EV트럭(봉고),837,456.0,1293.0,2024년도 전기자동차 광주시 모델별 보조금,2024,광주시
화물(소형),한국쓰리축,한국쓰리축1톤롱바디EV트럭(포터),855,466.0,1321.0,2024년도 전기자동차 광주시 모델별 보조금,2024,광주시
화물(소형),모빌리티네트웍스,SE-A2밴,333,181.0,514.0,2024년도 전기자동차 광주시 모델별 보조금,2024,광주시
화물(소형),피닉스코리아,썬라이즈-T01,412,224.0,636.0,2024년도 전기자동차 광주시 모델별 보조금,2024,광주시
화물(소형),케이지모빌리티,토레스 EVX VAN 20인치,392,169.0,561.0,2024년도 전기자동차 광주시 모델별 보조금,2024,광주시
화물(소형),케이지모빌리티,토레스 EVX VAN 18인치,394,170.0,564.0,2024년도 전기자동차 광주시 모델별 보조금,2024,광주시
화물(소형),한국상용트럭,한국상용1톤롱바디EV카고트럭,818,446.0,1264.0,2024년도 전기자동차 광주시 모델별 보조금,2024,광주시
화물(소형),한국상용트럭,한국상용0.9톤롱바디EV내장탑트럭,593,323.0,916.0,2024년도 전기자동차 광주시 모델별 보조금,2024,광주시
화물(소형),센트로에이케이,E-CV1,282,153.0,435.0,2024년도 전기자동차 광주시 모델별 보조금,2024,광주시
화물(소형),파츠몰에이투지,SW40,412,224.0,636.0,2024년도 전기자동차 광주시 모델별 보조금,2024,광주시
화물(소형),이브이앤솔루션,STEGO-Z,540,294.0,834.0,2024년도 전기자동차 광주시 모델별 보조금,2024,광주시
화물(초소형),마스타전기차,MASTA VAN,400,300.0,700.0,2024년도 전기자동차 양주시 모델별 보조금,2024,양주시
화물(초소형),마스타전기차,MASTA HIM,400,300.0,700.0,2024년도 전기자동차 양주시 모델별 보조금,2024,양주시
화물(초소형),디피코,포트로-탑,400,300.0,700.0,2024년도 전기자동차 양주시 모델별 보조금,2024,양주시
화물(초소형),디피코,포트로-픽업,400,300.0,700.0,2024년도 전기자동차 양주시 모델별 보조금,2024,양주시
화물(초소형),디피코,포트로-탑S,400,300.0,700.0,2024년도 전기자동차 양주시 모델별 보조금,2024,양주시
화물(초소형),디피코,포트로-픽업S,400,300.0,700.0,2024년도 전기자동차 양주시 모델별 보조금,2024,양주시
화물(경형),디피코,포트로350L-탑,788,591.0,1379.0,2024년도 전기자동차 양주시 모델별 보조금,2024,양주시
화물(경형),디피코,포트로350L-픽업,788,591.0,1379.0,2024년도 전기자동차 양주시 모델별 보조금,2024,양주시
화물(소형),파워프라자,봉고3ev PEACE,554,302.0,856.0,2024년도 전기자동차 양주시 모델별 보조금,2024,양주시
화물(소형),파워프라자,봉고3ev PEACE 더블캡,481,262.0,743.0,2024년도 전기자동차 양주시 모델별 보조금,2024,양주시
화물(소형),현대자동차,포터Ⅱ 일렉트릭(23MY),1090,572.0,1662.0,2024년도 전기자동차 양주시 모델별 보조금,2024,양주시
화물(소형),현대자동차,포터Ⅱ 일렉트릭(24MY),1090,572.0,1662.0,2024년도 전기자동차 양주시 모델별 보조금,2024,양주시
화물(소형),현대자동차,ST1 기본형 카고 17인치,1100,600.0,1700.0,2024년도 전기자동차 양주시 모델별 보조금,2024,양주시
화물(소형),현대자동차,ST1 기본형 카고 냉동 17인치,1450,791.0,2241.0,2024년도 전기자동차 양주시 모델별 보조금,2024,양주시
화물(소형),기아,봉고 전기차,1130,572.0,1702.0,2024년도 전기자동차 양주시 모델별 보조금,2024,양주시
화물(소형),기아,봉고 전기차 냉동탑차,1330,688.0,2018.0,2024년도 전기자동차 양주시 모델별 보조금,2024,양주시
화물(소형),기아,봉고 전기차 저상형 냉동탑차,1330,688.0,2018.0,2024년도 전기자동차 양주시 모델별 보조금,2024,양주시
화물(소형),일진정공,일진무시동전기냉동탑차(149.9km),916,499.0,1415.0,2024년도 전기자동차 양주시 모델별 보조금,2024,양주시
화물(소형),일진정공,일진무시동전기냉동탑차(186.1km),1169,637.0,1806.0,2024년도 전기자동차 양주시 모델별 보조금,2024,양주시
화물(소형),일진정공,일진무시동전기냉동탑차(봉고),1379,712.0,2091.0,2024년도 전기자동차 양주시 모델별 보조금,2024,양주시
화물(소형),일진정공,일진무시동전기냉동탑차(포터),1363,704.0,2067.0,2024년도 전기자동차 양주시 모델별 보조금,2024,양주시
화물(소형),루트17,다니고C(0.8톤 전기트럭),1068,531.0,1599.0,2024년도 전기자동차 양주시 모델별 보조금,2024,양주시
화물(소형),루트17,다니고C2(0.8톤 전기트럭),268,146.0,414.0,2024년도 전기자동차 양주시 모델별 보조금,2024,양주시
화물(소형),루트17,다니고R(전기냉동탑차),1224,625.0,1849.0,2024년도 전기자동차 양주시 모델별 보조금,2024,양주시
화물(소형),루트17,다니고R2(무시동 전기냉동탑차),1123,575.0,1698.0,2024년도 전기자동차 양주시 모델별 보조금,2024,양주시
화물(소형),루트17,e-TOVI,464,253.0,717.0,2024년도 전기자동차 양주시 모델별 보조금,2024,양주시
화물(소형),이브이케이엠씨,MASADA 픽업,295,160.0,455.0,2024년도 전기자동차 양주시 모델별 보조금,2024,양주시
화물(소형),이브이케이엠씨,MASADA 3세대 2밴,274,149.0,423.0,2024년도 전기자동차 양주시 모델별 보조금,2024,양주시
화물(소형),이브이케이엠씨,MASADA 3세대 4밴,246,134.0,380.0,2024년도 전기자동차 양주시 모델별 보조금,2024,양주시
화물(소형),이브이케이엠씨,MASADA 2밴,299,163.0,462.0,2024년도 전기자동차 양주시 모델별 보조금,2024,양주시
화물(소형),이브이케이엠씨,MASADA 4밴,269,146.0,415.0,2024년도 전기자동차 양주시 모델별 보조금,2024,양주시
화물(소형),이브이케이엠씨,EC35 2밴,194,105.0,299.0,2024년도 전기자동차 양주시 모델별 보조금,2024,양주시
화물(소형),제이스모빌리티,이티밴,405,220.0,625.0,2024년도 전기자동차 양주시 모델별 보조금,2024,양주시
화물(소형),제이스모빌리티,이티4밴,364,198.0,562.0,2024년도 전기자동차 양주시 모델별 보조금,2024,양주시
화물(소형),제이스모빌리티,이티밴 미니 2인승,412,224.0,636.0,2024년도 전기자동차 양주시 모델별 보조금,2024,양주시
화물(소형),제이스모빌리티,이티밴 미니 4인승,412,224.0,636.0,2024년도 전기자동차 양주시 모델별 보조금,2024,양주시
화물(소형),제이스모빌리티,이티밴 프로 2인승,412,224.0,636.0,2024년도 전기자동차 양주시 모델별 보조금,2024,양주시
화물(소형),제이스모빌리티,이티밴 프로 4인승,412,224.0,636.0,2024년도 전기자동차 양주시 모델별 보조금,2024,양주시
화물(소형),오텍,오텍 무시동 전기 냉동탑차(봉고),1118,610.0,1728.0,2024년도 전기자동차 양주시 모델별 보조금,2024,양주시
화물(소형),이엔플러스,이엔1톤롱바디카고,850,463.0,1313.0,2024년도 전기자동차 양주시 모델별 보조금,2024,양주시
화물(소형),이엔플러스,이엔플러스EV1톤롱바디트럭,895,488.0,1383.0,2024년도 전기자동차 양주시 모델별 보조금,2024,양주시
화물(소형),GS글로벌,T4K,462,252.0,714.0,2024년도 전기자동차 양주시 모델별 보조금,2024,양주시
화물(소형),GS글로벌,T4K 냉동탑차,711,388.0,1099.0,2024년도 전기자동차 양주시 모델별 보조금,2024,양주시
화물(소형),에스에스라이트,젤라,336,183.0,519.0,2024년도 전기자동차 양주시 모델별 보조금,2024,양주시
화물(소형),에스에스라이트,젤라 P200,478,260.0,738.0,2024년도 전기자동차 양주시 모델별 보조금,2024,양주시
화물(소형),한국쓰리축,한국쓰리축1톤롱바디EV트럭(봉고),837,456.0,1293.0,2024년도 전기자동차 양주시 모델별 보조금,2024,양주시
화물(소형),한국쓰리축,한국쓰리축1톤롱바디EV트럭(포터),855,466.0,1321.0,2024년도 전기자동차 양주시 모델별 보조금,2024,양주시
화물(소형),모빌리티네트웍스,SE-A2밴,333,181.0,514.0,2024년도 전기자동차 양주시 모델별 보조금,2024,양주시
화물(소형),피닉스코리아,썬라이즈-T01,412,224.0,636.0,2024년도 전기자동차 양주시 모델별 보조금,2024,양주시
화물(소형),케이지모빌리티,토레스 EVX VAN 20인치,392,180.0,572.0,2024년도 전기자동차 양주시 모델별 보조금,2024,양주시
화물(소형),케이지모빌리티,토레스 EVX VAN 18인치,394,181.0,575.0,2024년도 전기자동차 양주시 모델별 보조금,2024,양주시
화물(소형),한국상용트럭,한국상용1톤롱바디EV카고트럭,818,446.0,1264.0,2024년도 전기자동차 양주시 모델별 보조금,2024,양주시
화물(소형),한국상용트럭,한국상용0.9톤롱바디EV내장탑트럭,593,323.0,916.0,2024년도 전기자동차 양주시 모델별 보조금,2024,양주시
화물(초소형),마스타전기차,MASTA VAN,400,254.0,654.0,2024년도 전기자동차 포천시 모델별 보조금,2024,포천시
화물(초소형),마스타전기차,MASTA HIM,400,254.0,654.0,2024년도 전기자동차 포천시 모델별 보조금,2024,포천시
화물(초소형),디피코,포트로-탑,400,254.0,654.0,2024년도 전기자동차 포천시 모델별 보조금,2024,포천시
화물(초소형),디피코,포트로-픽업,400,254.0,654.0,2024년도 전기자동차 포천시 모델별 보조금,2024,포천시
화물(초소형),디피코,포트로-탑S,400,254.0,654.0,2024년도 전기자동차 포천시 모델별 보조금,2024,포천시
화물(초소형),디피코,포트로-픽업S,400,254.0,654.0,2024년도 전기자동차 포천시 모델별 보조금,2024,포천시
화물(초소형),마이브,베프,400,0.0,400.0,2024년도 전기자동차 포천시 모델별 보조금,2024,포천시
화물(경형),디피코,포트로350L-탑,788,501.0,1289.0,2024년도 전기자동차 포천시 모델별 보조금,2024,포천시
화물(경형),디피코,포트로350L-픽업,788,501.0,1289.0,2024년도 전기자동차 포천시 모델별 보조금,2024,포천시
화물(소형),파워프라자,봉고3ev PEACE,554,352.0,906.0,2024년도 전기자동차 포천시 모델별 보조금,2024,포천시
화물(소형),파워프라자,봉고3ev PEACE 더블캡,481,306.0,787.0,2024년도 전기자동차 포천시 모델별 보조금,2024,포천시
화물(소형),현대자동차,포터Ⅱ 일렉트릭(23MY),1090,668.0,1758.0,2024년도 전기자동차 포천시 모델별 보조금,2024,포천시
화물(소형),현대자동차,포터Ⅱ 일렉트릭(24MY),1090,668.0,1758.0,2024년도 전기자동차 포천시 모델별 보조금,2024,포천시
화물(소형),현대자동차,ST1 기본형 카고 17인치,1100,700.0,1800.0,2024년도 전기자동차 포천시 모델별 보조금,2024,포천시
화물(소형),현대자동차,ST1 기본형 카고 냉동 17인치,1450,700.0,2150.0,2024년도 전기자동차 포천시 모델별 보조금,2024,포천시
화물(소형),현대자동차,ST1 기본형 하이탑 17인치,1100,700.0,1800.0,2024년도 전기자동차 포천시 모델별 보조금,2024,포천시
화물(소형),기아,봉고 전기차,1130,668.0,1798.0,2024년도 전기자동차 포천시 모델별 보조금,2024,포천시
화물(소형),기아,봉고 전기차 냉동탑차,1330,700.0,2030.0,2024년도 전기자동차 포천시 모델별 보조금,2024,포천시
화물(소형),기아,봉고 전기차 저상형 냉동탑차,1330,700.0,2030.0,2024년도 전기자동차 포천시 모델별 보조금,2024,포천시
화물(소형),일진정공,일진무시동전기냉동탑차(149.9km),916,582.0,1498.0,2024년도 전기자동차 포천시 모델별 보조금,2024,포천시
화물(소형),일진정공,일진무시동전기냉동탑차(186.1km),1169,700.0,1869.0,2024년도 전기자동차 포천시 모델별 보조금,2024,포천시
화물(소형),일진정공,일진무시동전기냉동탑차(봉고),1379,700.0,2079.0,2024년도 전기자동차 포천시 모델별 보조금,2024,포천시
화물(소형),일진정공,일진무시동전기냉동탑차(포터),1363,700.0,2063.0,2024년도 전기자동차 포천시 모델별 보조금,2024,포천시
화물(소형),루트17,다니고C(0.8톤 전기트럭),1068,620.0,1688.0,2024년도 전기자동차 포천시 모델별 보조금,2024,포천시
화물(소형),루트17,다니고C2(0.8톤 전기트럭),268,170.0,438.0,2024년도 전기자동차 포천시 모델별 보조금,2024,포천시
화물(소형),루트17,다니고R(전기냉동탑차),1224,700.0,1924.0,2024년도 전기자동차 포천시 모델별 보조금,2024,포천시
화물(소형),루트17,다니고R2(무시동 전기냉동탑차),1123,671.0,1794.0,2024년도 전기자동차 포천시 모델별 보조금,2024,포천시
화물(소형),루트17,e-TOVI,464,295.0,759.0,2024년도 전기자동차 포천시 모델별 보조금,2024,포천시
화물(소형),이브이케이엠씨,MASADA 픽업,295,187.0,482.0,2024년도 전기자동차 포천시 모델별 보조금,2024,포천시
화물(소형),이브이케이엠씨,MASADA 3세대 2밴,274,174.0,448.0,2024년도 전기자동차 포천시 모델별 보조금,2024,포천시
화물(소형),이브이케이엠씨,MASADA 3세대 4밴,246,156.0,402.0,2024년도 전기자동차 포천시 모델별 보조금,2024,포천시
화물(소형),이브이케이엠씨,MASADA 2밴,299,190.0,489.0,2024년도 전기자동차 포천시 모델별 보조금,2024,포천시
화물(소형),이브이케이엠씨,MASADA 4밴,269,171.0,440.0,2024년도 전기자동차 포천시 모델별 보조금,2024,포천시
화물(소형),이브이케이엠씨,EC35 2밴,194,123.0,317.0,2024년도 전기자동차 포천시 모델별 보조금,2024,포천시
화물(소형),제이스모빌리티,이티밴,405,257.0,662.0,2024년도 전기자동차 포천시 모델별 보조금,2024,포천시
화물(소형),제이스모빌리티,이티4밴,364,231.0,595.0,2024년도 전기자동차 포천시 모델별 보조금,2024,포천시
화물(소형),제이스모빌리티,이티밴 미니 2인승,412,262.0,674.0,2024년도 전기자동차 포천시 모델별 보조금,2024,포천시
화물(소형),제이스모빌리티,이티밴 미니 4인승,412,262.0,674.0,2024년도 전기자동차 포천시 모델별 보조금,2024,포천시
화물(소형),제이스모빌리티,이티밴 프로 2인승,412,262.0,674.0,2024년도 전기자동차 포천시 모델별 보조금,2024,포천시
화물(소형),제이스모빌리티,이티밴 프로 4인승,412,262.0,674.0,2024년도 전기자동차 포천시 모델별 보조금,2024,포천시
화물(소형),오텍,오텍 무시동 전기 냉동탑차(봉고),1118,700.0,1818.0,2024년도 전기자동차 포천시 모델별 보조금,2024,포천시
화물(소형),이엔플러스,이엔1톤롱바디카고,850,540.0,1390.0,2024년도 전기자동차 포천시 모델별 보조금,2024,포천시
화물(소형),이엔플러스,이엔플러스EV1톤롱바디트럭,895,569.0,1464.0,2024년도 전기자동차 포천시 모델별 보조금,2024,포천시
화물(소형),GS글로벌,T4K,462,294.0,756.0,2024년도 전기자동차 포천시 모델별 보조금,2024,포천시
화물(소형),GS글로벌,T4K 냉동탑차,711,452.0,1163.0,2024년도 전기자동차 포천시 모델별 보조금,2024,포천시
화물(소형),에스에스라이트,젤라,336,213.0,549.0,2024년도 전기자동차 포천시 모델별 보조금,2024,포천시
화물(소형),에스에스라이트,젤라 P200,478,304.0,782.0,2024년도 전기자동차 포천시 모델별 보조금,2024,포천시
화물(소형),한국쓰리축,한국쓰리축1톤롱바디EV트럭(봉고),837,532.0,1369.0,2024년도 전기자동차 포천시 모델별 보조금,2024,포천시
화물(소형),한국쓰리축,한국쓰리축1톤롱바디EV트럭(포터),855,544.0,1399.0,2024년도 전기자동차 포천시 모델별 보조금,2024,포천시
화물(소형),모빌리티네트웍스,SE-A2밴,333,211.0,544.0,2024년도 전기자동차 포천시 모델별 보조금,2024,포천시
화물(소형),피닉스코리아,썬라이즈-T01,412,262.0,674.0,2024년도 전기자동차 포천시 모델별 보조금,2024,포천시
화물(소형),케이지모빌리티,토레스 EVX VAN 20인치,392,249.0,641.0,2024년도 전기자동차 포천시 모델별 보조금,2024,포천시
화물(소형),케이지모빌리티,토레스 EVX VAN 18인치,394,250.0,644.0,2024년도 전기자동차 포천시 모델별 보조금,2024,포천시
화물(소형),한국상용트럭,한국상용1톤롱바디EV카고트럭,818,520.0,1338.0,2024년도 전기자동차 포천시 모델별 보조금,2024,포천시
화물(소형),한국상용트럭,한국상용0.9톤롱바디EV내장탑트럭,593,377.0,970.0,2024년도 전기자동차 포천시 모델별 보조금,2024,포천시
화물(소형),센트로에이케이,E-CV1,282,179.0,461.0,2024년도 전기자동차 포천시 모델별 보조금,2024,포천시
화물(소형),파츠몰에이투지,SW40,412,262.0,674.0,2024년도 전기자동차 포천시 모델별 보조금,2024,포천시
화물(소형),이브이앤솔루션,STEGO-Z,540,343.0,883.0,2024년도 전기자동차 포천시 모델별 보조금,2024,포천시
화물(초소형),마스타전기차,MASTA VAN,400,300.0,700.0,2024년도 전기자동차 여주시 모델별 보조금,2024,여주시
화물(초소형),마스타전기차,MASTA HIM,400,300.0,700.0,2024년도 전기자동차 여주시 모델별 보조금,2024,여주시
화물(초소형),디피코,포트로-탑,400,300.0,700.0,2024년도 전기자동차 여주시 모델별 보조금,2024,여주시
화물(초소형),디피코,포트로-픽업,400,300.0,700.0,2024년도 전기자동차 여주시 모델별 보조금,2024,여주시
화물(초소형),디피코,포트로-탑S,400,300.0,700.0,2024년도 전기자동차 여주시 모델별 보조금,2024,여주시
화물(초소형),디피코,포트로-픽업S,400,300.0,700.0,2024년도 전기자동차 여주시 모델별 보조금,2024,여주시
화물(초소형),마이브,베프,400,300.0,700.0,2024년도 전기자동차 여주시 모델별 보조금,2024,여주시
화물(경형),디피코,포트로350L-탑,788,492.0,1280.0,2024년도 전기자동차 여주시 모델별 보조금,2024,여주시
화물(경형),디피코,포트로350L-픽업,788,492.0,1280.0,2024년도 전기자동차 여주시 모델별 보조금,2024,여주시
화물(소형),파워프라자,봉고3ev PEACE,554,352.0,906.0,2024년도 전기자동차 여주시 모델별 보조금,2024,여주시
화물(소형),파워프라자,봉고3ev PEACE 더블캡,481,306.0,787.0,2024년도 전기자동차 여주시 모델별 보조금,2024,여주시
화물(소형),현대자동차,포터Ⅱ 일렉트릭(23MY),1090,668.0,1758.0,2024년도 전기자동차 여주시 모델별 보조금,2024,여주시
화물(소형),현대자동차,포터Ⅱ 일렉트릭(24MY),1090,668.0,1758.0,2024년도 전기자동차 여주시 모델별 보조금,2024,여주시
화물(소형),현대자동차,ST1 기본형 카고 17인치,1100,700.0,1800.0,2024년도 전기자동차 여주시 모델별 보조금,2024,여주시
화물(소형),현대자동차,ST1 기본형 카고 냉동 17인치,1450,700.0,2150.0,2024년도 전기자동차 여주시 모델별 보조금,2024,여주시
화물(소형),현대자동차,ST1 기본형 하이탑 17인치,1100,700.0,1800.0,2024년도 전기자동차 여주시 모델별 보조금,2024,여주시
화물(소형),기아,봉고 전기차,1130,668.0,1798.0,2024년도 전기자동차 여주시 모델별 보조금,2024,여주시
화물(소형),기아,봉고 전기차 냉동탑차,1330,700.0,2030.0,2024년도 전기자동차 여주시 모델별 보조금,2024,여주시
화물(소형),기아,봉고 전기차 저상형 냉동탑차,1330,700.0,2030.0,2024년도 전기자동차 여주시 모델별 보조금,2024,여주시
화물(소형),일진정공,일진무시동전기냉동탑차(149.9km),916,582.0,1498.0,2024년도 전기자동차 여주시 모델별 보조금,2024,여주시
화물(소형),일진정공,일진무시동전기냉동탑차(186.1km),1169,700.0,1869.0,2024년도 전기자동차 여주시 모델별 보조금,2024,여주시
화물(소형),일진정공,일진무시동전기냉동탑차(봉고),1379,700.0,2079.0,2024년도 전기자동차 여주시 모델별 보조금,2024,여주시
화물(소형),일진정공,일진무시동전기냉동탑차(포터),1363,700.0,2063.0,2024년도 전기자동차 여주시 모델별 보조금,2024,여주시
화물(소형),루트17,다니고C(0.8톤 전기트럭),1068,620.0,1688.0,2024년도 전기자동차 여주시 모델별 보조금,2024,여주시
화물(소형),루트17,다니고C2(0.8톤 전기트럭),268,170.0,438.0,2024년도 전기자동차 여주시 모델별 보조금,2024,여주시
화물(소형),루트17,다니고R(전기냉동탑차),1224,700.0,1924.0,2024년도 전기자동차 여주시 모델별 보조금,2024,여주시
화물(소형),루트17,다니고R2(무시동 전기냉동탑차),1123,671.0,1794.0,2024년도 전기자동차 여주시 모델별 보조금,2024,여주시
화물(소형),루트17,e-TOVI,464,295.0,759.0,2024년도 전기자동차 여주시 모델별 보조금,2024,여주시
화물(소형),이브이케이엠씨,MASADA 픽업,295,187.0,482.0,2024년도 전기자동차 여주시 모델별 보조금,2024,여주시
화물(소형),이브이케이엠씨,MASADA 3세대 2밴,274,174.0,448.0,2024년도 전기자동차 여주시 모델별 보조금,2024,여주시
화물(소형),이브이케이엠씨,MASADA 3세대 4밴,246,156.0,402.0,2024년도 전기자동차 여주시 모델별 보조금,2024,여주시
화물(소형),이브이케이엠씨,MASADA 2밴,299,190.0,489.0,2024년도 전기자동차 여주시 모델별 보조금,2024,여주시
화물(소형),이브이케이엠씨,MASADA 4밴,269,171.0,440.0,2024년도 전기자동차 여주시 모델별 보조금,2024,여주시
화물(소형),이브이케이엠씨,EC35 2밴,194,123.0,317.0,2024년도 전기자동차 여주시 모델별 보조금,2024,여주시
화물(소형),제이스모빌리티,이티밴,405,257.0,662.0,2024년도 전기자동차 여주시 모델별 보조금,2024,여주시
화물(소형),제이스모빌리티,이티4밴,364,231.0,595.0,2024년도 전기자동차 여주시 모델별 보조금,2024,여주시
화물(소형),제이스모빌리티,이티밴 미니 2인승,412,262.0,674.0,2024년도 전기자동차 여주시 모델별 보조금,2024,여주시
화물(소형),제이스모빌리티,이티밴 미니 4인승,412,262.0,674.0,2024년도 전기자동차 여주시 모델별 보조금,2024,여주시
화물(소형),제이스모빌리티,이티밴 프로 2인승,412,262.0,674.0,2024년도 전기자동차 여주시 모델별 보조금,2024,여주시
화물(소형),제이스모빌리티,이티밴 프로 4인승,412,262.0,674.0,2024년도 전기자동차 여주시 모델별 보조금,2024,여주시
화물(소형),오텍,오텍 무시동 전기 냉동탑차(봉고),1118,700.0,1818.0,2024년도 전기자동차 여주시 모델별 보조금,2024,여주시
화물(소형),이엔플러스,이엔1톤롱바디카고,850,540.0,1390.0,2024년도 전기자동차 여주시 모델별 보조금,2024,여주시
화물(소형),이엔플러스,이엔플러스EV1톤롱바디트럭,895,569.0,1464.0,2024년도 전기자동차 여주시 모델별 보조금,2024,여주시
화물(소형),GS글로벌,T4K,462,294.0,756.0,2024년도 전기자동차 여주시 모델별 보조금,2024,여주시
화물(소형),GS글로벌,T4K 냉동탑차,711,452.0,1163.0,2024년도 전기자동차 여주시 모델별 보조금,2024,여주시
화물(소형),에스에스라이트,젤라,336,213.0,549.0,2024년도 전기자동차 여주시 모델별 보조금,2024,여주시
화물(소형),에스에스라이트,젤라 P200,478,304.0,782.0,2024년도 전기자동차 여주시 모델별 보조금,2024,여주시
화물(소형),한국쓰리축,한국쓰리축1톤롱바디EV트럭(봉고),837,532.0,1369.0,2024년도 전기자동차 여주시 모델별 보조금,2024,여주시
화물(소형),한국쓰리축,한국쓰리축1톤롱바디EV트럭(포터),855,544.0,1399.0,2024년도 전기자동차 여주시 모델별 보조금,2024,여주시
화물(소형),모빌리티네트웍스,SE-A2밴,333,211.0,544.0,2024년도 전기자동차 여주시 모델별 보조금,2024,여주시
화물(소형),피닉스코리아,썬라이즈-T01,412,262.0,674.0,2024년도 전기자동차 여주시 모델별 보조금,2024,여주시
화물(소형),케이지모빌리티,토레스 EVX VAN 20인치,392,249.0,641.0,2024년도 전기자동차 여주시 모델별 보조금,2024,여주시
화물(소형),케이지모빌리티,토레스 EVX VAN 18인치,394,250.0,644.0,2024년도 전기자동차 여주시 모델별 보조금,2024,여주시
화물(소형),한국상용트럭,한국상용1톤롱바디EV카고트럭,818,520.0,1338.0,2024년도 전기자동차 여주시 모델별 보조금,2024,여주시
화물(소형),한국상용트럭,한국상용0.9톤롱바디EV내장탑트럭,593,377.0,970.0,2024년도 전기자동차 여주시 모델별 보조금,2024,여주시
화물(소형),센트로에이케이,E-CV1,282,179.0,461.0,2024년도 전기자동차 여주시 모델별 보조금,2024,여주시
화물(소형),파츠몰에이투지,SW40,412,262.0,674.0,2024년도 전기자동차 여주시 모델별 보조금,2024,여주시
화물(소형),이브이앤솔루션,STEGO-Z,540,343.0,883.0,2024년도 전기자동차 여주시 모델별 보조금,2024,여주시
화물(초소형),마스타전기차,MASTA VAN,400,233.0,633.0,2024년도 전기자동차 연천군 모델별 보조금,2024,연천군
화물(초소형),마스타전기차,MASTA HIM,400,233.0,633.0,2024년도 전기자동차 연천군 모델별 보조금,2024,연천군
화물(초소형),디피코,포트로-탑,400,233.0,633.0,2024년도 전기자동차 연천군 모델별 보조금,2024,연천군
화물(초소형),디피코,포트로-픽업,400,233.0,633.0,2024년도 전기자동차 연천군 모델별 보조금,2024,연천군
화물(초소형),디피코,포트로-탑S,400,233.0,633.0,2024년도 전기자동차 연천군 모델별 보조금,2024,연천군
화물(초소형),디피코,포트로-픽업S,400,233.0,633.0,2024년도 전기자동차 연천군 모델별 보조금,2024,연천군
화물(초소형),마이브,베프,400,0.0,400.0,2024년도 전기자동차 연천군 모델별 보조금,2024,연천군
화물(경형),디피코,포트로350L-탑,788,640.0,1428.0,2024년도 전기자동차 연천군 모델별 보조금,2024,연천군
화물(경형),디피코,포트로350L-픽업,788,640.0,1428.0,2024년도 전기자동차 연천군 모델별 보조금,2024,연천군
화물(소형),파워프라자,봉고3ev PEACE,554,327.0,881.0,2024년도 전기자동차 연천군 모델별 보조금,2024,연천군
화물(소형),파워프라자,봉고3ev PEACE 더블캡,481,284.0,765.0,2024년도 전기자동차 연천군 모델별 보조금,2024,연천군
화물(소형),현대자동차,포터Ⅱ 일렉트릭(23MY),1090,620.0,1710.0,2024년도 전기자동차 연천군 모델별 보조금,2024,연천군
화물(소형),현대자동차,포터Ⅱ 일렉트릭(24MY),1090,620.0,1710.0,2024년도 전기자동차 연천군 모델별 보조금,2024,연천군
화물(소형),현대자동차,ST1 기본형 카고 17인치,1100,650.0,1750.0,2024년도 전기자동차 연천군 모델별 보조금,2024,연천군
화물(소형),현대자동차,ST1 기본형 카고 냉동 17인치,1450,650.0,2100.0,2024년도 전기자동차 연천군 모델별 보조금,2024,연천군
화물(소형),현대자동차,ST1 기본형 하이탑 17인치,1100,650.0,1750.0,2024년도 전기자동차 연천군 모델별 보조금,2024,연천군
화물(소형),기아,봉고 전기차,1130,620.0,1750.0,2024년도 전기자동차 연천군 모델별 보조금,2024,연천군
화물(소형),기아,봉고 전기차 냉동탑차,1330,650.0,1980.0,2024년도 전기자동차 연천군 모델별 보조금,2024,연천군
화물(소형),기아,봉고 전기차 저상형 냉동탑차,1330,650.0,1980.0,2024년도 전기자동차 연천군 모델별 보조금,2024,연천군
화물(소형),일진정공,일진무시동전기냉동탑차(149.9km),916,541.0,1457.0,2024년도 전기자동차 연천군 모델별 보조금,2024,연천군
화물(소형),일진정공,일진무시동전기냉동탑차(186.1km),1169,650.0,1819.0,2024년도 전기자동차 연천군 모델별 보조금,2024,연천군
화물(소형),일진정공,일진무시동전기냉동탑차(봉고),1379,650.0,2029.0,2024년도 전기자동차 연천군 모델별 보조금,2024,연천군
화물(소형),일진정공,일진무시동전기냉동탑차(포터),1363,650.0,2013.0,2024년도 전기자동차 연천군 모델별 보조금,2024,연천군
화물(소형),루트17,다니고C(0.8톤 전기트럭),1068,576.0,1644.0,2024년도 전기자동차 연천군 모델별 보조금,2024,연천군
화물(소형),루트17,다니고C2(0.8톤 전기트럭),268,158.0,426.0,2024년도 전기자동차 연천군 모델별 보조금,2024,연천군
화물(소형),루트17,다니고R(전기냉동탑차),1224,650.0,1874.0,2024년도 전기자동차 연천군 모델별 보조금,2024,연천군
화물(소형),루트17,다니고R2(무시동 전기냉동탑차),1123,623.0,1746.0,2024년도 전기자동차 연천군 모델별 보조금,2024,연천군
화물(소형),루트17,e-TOVI,464,274.0,738.0,2024년도 전기자동차 연천군 모델별 보조금,2024,연천군
화물(소형),이브이케이엠씨,MASADA 픽업,295,174.0,469.0,2024년도 전기자동차 연천군 모델별 보조금,2024,연천군
화물(소형),이브이케이엠씨,MASADA 3세대 2밴,274,161.0,435.0,2024년도 전기자동차 연천군 모델별 보조금,2024,연천군
화물(소형),이브이케이엠씨,MASADA 3세대 4밴,246,145.0,391.0,2024년도 전기자동차 연천군 모델별 보조금,2024,연천군
화물(소형),이브이케이엠씨,MASADA 2밴,299,176.0,475.0,2024년도 전기자동차 연천군 모델별 보조금,2024,연천군
화물(소형),이브이케이엠씨,MASADA 4밴,269,158.0,427.0,2024년도 전기자동차 연천군 모델별 보조금,2024,연천군
화물(소형),이브이케이엠씨,EC35 2밴,194,114.0,308.0,2024년도 전기자동차 연천군 모델별 보조금,2024,연천군
화물(소형),제이스모빌리티,이티밴,405,239.0,644.0,2024년도 전기자동차 연천군 모델별 보조금,2024,연천군
화물(소형),제이스모빌리티,이티4밴,364,215.0,579.0,2024년도 전기자동차 연천군 모델별 보조금,2024,연천군
화물(소형),제이스모빌리티,이티밴 미니 2인승,412,243.0,655.0,2024년도 전기자동차 연천군 모델별 보조금,2024,연천군
화물(소형),제이스모빌리티,이티밴 미니 4인승,412,243.0,655.0,2024년도 전기자동차 연천군 모델별 보조금,2024,연천군
화물(소형),제이스모빌리티,이티밴 프로 2인승,412,243.0,655.0,2024년도 전기자동차 연천군 모델별 보조금,2024,연천군
화물(소형),제이스모빌리티,이티밴 프로 4인승,412,243.0,655.0,2024년도 전기자동차 연천군 모델별 보조금,2024,연천군
화물(소형),오텍,오텍 무시동 전기 냉동탑차(봉고),1118,650.0,1768.0,2024년도 전기자동차 연천군 모델별 보조금,2024,연천군
화물(소형),이엔플러스,이엔1톤롱바디카고,850,502.0,1352.0,2024년도 전기자동차 연천군 모델별 보조금,2024,연천군
화물(소형),이엔플러스,이엔플러스EV1톤롱바디트럭,895,528.0,1423.0,2024년도 전기자동차 연천군 모델별 보조금,2024,연천군
화물(소형),GS글로벌,T4K,462,273.0,735.0,2024년도 전기자동차 연천군 모델별 보조금,2024,연천군
화물(소형),GS글로벌,T4K 냉동탑차,711,420.0,1131.0,2024년도 전기자동차 연천군 모델별 보조금,2024,연천군
화물(소형),에스에스라이트,젤라,336,198.0,534.0,2024년도 전기자동차 연천군 모델별 보조금,2024,연천군
화물(소형),에스에스라이트,젤라 P200,478,282.0,760.0,2024년도 전기자동차 연천군 모델별 보조금,2024,연천군
화물(소형),한국쓰리축,한국쓰리축1톤롱바디EV트럭(봉고),837,494.0,1331.0,2024년도 전기자동차 연천군 모델별 보조금,2024,연천군
화물(소형),한국쓰리축,한국쓰리축1톤롱바디EV트럭(포터),855,505.0,1360.0,2024년도 전기자동차 연천군 모델별 보조금,2024,연천군
화물(소형),모빌리티네트웍스,SE-A2밴,333,196.0,529.0,2024년도 전기자동차 연천군 모델별 보조금,2024,연천군
화물(소형),피닉스코리아,썬라이즈-T01,412,243.0,655.0,2024년도 전기자동차 연천군 모델별 보조금,2024,연천군
화물(소형),케이지모빌리티,토레스 EVX VAN 20인치,392,231.0,623.0,2024년도 전기자동차 연천군 모델별 보조금,2024,연천군
화물(소형),케이지모빌리티,토레스 EVX VAN 18인치,394,232.0,626.0,2024년도 전기자동차 연천군 모델별 보조금,2024,연천군
화물(소형),한국상용트럭,한국상용1톤롱바디EV카고트럭,818,483.0,1301.0,2024년도 전기자동차 연천군 모델별 보조금,2024,연천군
화물(소형),한국상용트럭,한국상용0.9톤롱바디EV내장탑트럭,593,350.0,943.0,2024년도 전기자동차 연천군 모델별 보조금,2024,연천군
화물(소형),센트로에이케이,E-CV1,282,166.0,448.0,2024년도 전기자동차 연천군 모델별 보조금,2024,연천군
화물(소형),파츠몰에이투지,SW40,412,243.0,655.0,2024년도 전기자동차 연천군 모델별 보조금,2024,연천군
화물(소형),이브이앤솔루션,STEGO-Z,540,319.0,859.0,2024년도 전기자동차 연천군 모델별 보조금,2024,연천군
화물(초소형),마스타전기차,MASTA VAN,400,254.0,654.0,2024년도 전기자동차 가평군 모델별 보조금,2024,가평군
화물(초소형),마스타전기차,MASTA HIM,400,254.0,654.0,2024년도 전기자동차 가평군 모델별 보조금,2024,가평군
화물(초소형),디피코,포트로-탑,400,254.0,654.0,2024년도 전기자동차 가평군 모델별 보조금,2024,가평군
화물(초소형),디피코,포트로-픽업,400,254.0,654.0,2024년도 전기자동차 가평군 모델별 보조금,2024,가평군
화물(초소형),디피코,포트로-탑S,400,254.0,654.0,2024년도 전기자동차 가평군 모델별 보조금,2024,가평군
화물(초소형),디피코,포트로-픽업S,400,254.0,654.0,2024년도 전기자동차 가평군 모델별 보조금,2024,가평군
화물(초소형),마이브,베프,400,0.0,400.0,2024년도 전기자동차 가평군 모델별 보조금,2024,가평군
화물(경형),디피코,포트로350L-탑,788,689.0,1477.0,2024년도 전기자동차 가평군 모델별 보조금,2024,가평군
화물(경형),디피코,포트로350L-픽업,788,689.0,1477.0,2024년도 전기자동차 가평군 모델별 보조금,2024,가평군
화물(소형),파워프라자,봉고3ev PEACE,554,352.0,906.0,2024년도 전기자동차 가평군 모델별 보조금,2024,가평군
화물(소형),파워프라자,봉고3ev PEACE 더블캡,481,306.0,787.0,2024년도 전기자동차 가평군 모델별 보조금,2024,가평군
화물(소형),현대자동차,포터Ⅱ 일렉트릭(23MY),1090,668.0,1758.0,2024년도 전기자동차 가평군 모델별 보조금,2024,가평군
화물(소형),현대자동차,포터Ⅱ 일렉트릭(24MY),1090,668.0,1758.0,2024년도 전기자동차 가평군 모델별 보조금,2024,가평군
화물(소형),현대자동차,ST1 기본형 카고 17인치,1100,700.0,1800.0,2024년도 전기자동차 가평군 모델별 보조금,2024,가평군
화물(소형),현대자동차,ST1 기본형 카고 냉동 17인치,1450,700.0,2150.0,2024년도 전기자동차 가평군 모델별 보조금,2024,가평군
화물(소형),현대자동차,ST1 기본형 하이탑 17인치,1100,0.0,1100.0,2024년도 전기자동차 가평군 모델별 보조금,2024,가평군
화물(소형),기아,봉고 전기차,1130,668.0,1798.0,2024년도 전기자동차 가평군 모델별 보조금,2024,가평군
화물(소형),기아,봉고 전기차 냉동탑차,1330,700.0,2030.0,2024년도 전기자동차 가평군 모델별 보조금,2024,가평군
화물(소형),기아,봉고 전기차 저상형 냉동탑차,1330,700.0,2030.0,2024년도 전기자동차 가평군 모델별 보조금,2024,가평군
화물(소형),일진정공,일진무시동전기냉동탑차(149.9km),916,582.0,1498.0,2024년도 전기자동차 가평군 모델별 보조금,2024,가평군
화물(소형),일진정공,일진무시동전기냉동탑차(186.1km),1169,700.0,1869.0,2024년도 전기자동차 가평군 모델별 보조금,2024,가평군
화물(소형),일진정공,일진무시동전기냉동탑차(봉고),1379,700.0,2079.0,2024년도 전기자동차 가평군 모델별 보조금,2024,가평군
화물(소형),일진정공,일진무시동전기냉동탑차(포터),1363,700.0,2063.0,2024년도 전기자동차 가평군 모델별 보조금,2024,가평군
화물(소형),루트17,다니고C(0.8톤 전기트럭),1068,620.0,1688.0,2024년도 전기자동차 가평군 모델별 보조금,2024,가평군
화물(소형),루트17,다니고C2(0.8톤 전기트럭),268,170.0,438.0,2024년도 전기자동차 가평군 모델별 보조금,2024,가평군
화물(소형),루트17,다니고R(전기냉동탑차),1224,700.0,1924.0,2024년도 전기자동차 가평군 모델별 보조금,2024,가평군
화물(소형),루트17,다니고R2(무시동 전기냉동탑차),1123,671.0,1794.0,2024년도 전기자동차 가평군 모델별 보조금,2024,가평군
화물(소형),루트17,e-TOVI,464,295.0,759.0,2024년도 전기자동차 가평군 모델별 보조금,2024,가평군
화물(소형),이브이케이엠씨,MASADA 픽업,295,187.0,482.0,2024년도 전기자동차 가평군 모델별 보조금,2024,가평군
화물(소형),이브이케이엠씨,MASADA 3세대 2밴,274,174.0,448.0,2024년도 전기자동차 가평군 모델별 보조금,2024,가평군
화물(소형),이브이케이엠씨,MASADA 3세대 4밴,246,156.0,402.0,2024년도 전기자동차 가평군 모델별 보조금,2024,가평군
화물(소형),이브이케이엠씨,MASADA 2밴,299,190.0,489.0,2024년도 전기자동차 가평군 모델별 보조금,2024,가평군
화물(소형),이브이케이엠씨,MASADA 4밴,269,171.0,440.0,2024년도 전기자동차 가평군 모델별 보조금,2024,가평군
화물(소형),이브이케이엠씨,EC35 2밴,194,123.0,317.0,2024년도 전기자동차 가평군 모델별 보조금,2024,가평군
화물(소형),제이스모빌리티,이티밴,405,257.0,662.0,2024년도 전기자동차 가평군 모델별 보조금,2024,가평군
화물(소형),제이스모빌리티,이티4밴,364,231.0,595.0,2024년도 전기자동차 가평군 모델별 보조금,2024,가평군
화물(소형),제이스모빌리티,이티밴 미니 2인승,412,262.0,674.0,2024년도 전기자동차 가평군 모델별 보조금,2024,가평군
화물(소형),제이스모빌리티,이티밴 미니 4인승,412,262.0,674.0,2024년도 전기자동차 가평군 모델별 보조금,2024,가평군
화물(소형),제이스모빌리티,이티밴 프로 2인승,412,262.0,674.0,2024년도 전기자동차 가평군 모델별 보조금,2024,가평군
화물(소형),제이스모빌리티,이티밴 프로 4인승,412,262.0,674.0,2024년도 전기자동차 가평군 모델별 보조금,2024,가평군
화물(소형),오텍,오텍 무시동 전기 냉동탑차(봉고),1118,700.0,1818.0,2024년도 전기자동차 가평군 모델별 보조금,2024,가평군
화물(소형),이엔플러스,이엔1톤롱바디카고,850,540.0,1390.0,2024년도 전기자동차 가평군 모델별 보조금,2024,가평군
화물(소형),이엔플러스,이엔플러스EV1톤롱바디트럭,895,569.0,1464.0,2024년도 전기자동차 가평군 모델별 보조금,2024,가평군
화물(소형),GS글로벌,T4K,462,294.0,756.0,2024년도 전기자동차 가평군 모델별 보조금,2024,가평군
화물(소형),GS글로벌,T4K 냉동탑차,711,452.0,1163.0,2024년도 전기자동차 가평군 모델별 보조금,2024,가평군
화물(소형),에스에스라이트,젤라,336,213.0,549.0,2024년도 전기자동차 가평군 모델별 보조금,2024,가평군
화물(소형),에스에스라이트,젤라 P200,478,304.0,782.0,2024년도 전기자동차 가평군 모델별 보조금,2024,가평군
화물(소형),한국쓰리축,한국쓰리축1톤롱바디EV트럭(봉고),837,532.0,1369.0,2024년도 전기자동차 가평군 모델별 보조금,2024,가평군
화물(소형),한국쓰리축,한국쓰리축1톤롱바디EV트럭(포터),855,544.0,1399.0,2024년도 전기자동차 가평군 모델별 보조금,2024,가평군
화물(소형),모빌리티네트웍스,SE-A2밴,333,211.0,544.0,2024년도 전기자동차 가평군 모델별 보조금,2024,가평군
화물(소형),피닉스코리아,썬라이즈-T01,412,262.0,674.0,2024년도 전기자동차 가평군 모델별 보조금,2024,가평군
화물(소형),케이지모빌리티,토레스 EVX VAN 20인치,392,249.0,641.0,2024년도 전기자동차 가평군 모델별 보조금,2024,가평군
화물(소형),케이지모빌리티,토레스 EVX VAN 18인치,394,250.0,644.0,2024년도 전기자동차 가평군 모델별 보조금,2024,가평군
화물(소형),한국상용트럭,한국상용1톤롱바디EV카고트럭,818,520.0,1338.0,2024년도 전기자동차 가평군 모델별 보조금,2024,가평군
화물(소형),한국상용트럭,한국상용0.9톤롱바디EV내장탑트럭,593,377.0,970.0,2024년도 전기자동차 가평군 모델별 보조금,2024,가평군
화물(소형),센트로에이케이,E-CV1,282,179.0,461.0,2024년도 전기자동차 가평군 모델별 보조금,2024,가평군
화물(소형),파츠몰에이투지,SW40,412,262.0,674.0,2024년도 전기자동차 가평군 모델별 보조금,2024,가평군
화물(소형),이브이앤솔루션,STEGO-Z,540,343.0,883.0,2024년도 전기자동차 가평군 모델별 보조금,2024,가평군
화물(초소형),마스타전기차,MASTA VAN,400,254.0,654.0,2024년도 전기자동차 양평군 모델별 보조금,2024,양평군
화물(초소형),마스타전기차,MASTA HIM,400,254.0,654.0,2024년도 전기자동차 양평군 모델별 보조금,2024,양평군
화물(초소형),디피코,포트로-탑,400,254.0,654.0,2024년도 전기자동차 양평군 모델별 보조금,2024,양평군
화물(초소형),디피코,포트로-픽업,400,254.0,654.0,2024년도 전기자동차 양평군 모델별 보조금,2024,양평군
화물(초소형),디피코,포트로-탑S,400,254.0,654.0,2024년도 전기자동차 양평군 모델별 보조금,2024,양평군
화물(초소형),디피코,포트로-픽업S,400,254.0,654.0,2024년도 전기자동차 양평군 모델별 보조금,2024,양평군
화물(초소형),마이브,베프,400,0.0,400.0,2024년도 전기자동차 양평군 모델별 보조금,2024,양평군
화물(경형),디피코,포트로350L-탑,788,689.0,1477.0,2024년도 전기자동차 양평군 모델별 보조금,2024,양평군
화물(경형),디피코,포트로350L-픽업,788,689.0,1477.0,2024년도 전기자동차 양평군 모델별 보조금,2024,양평군
화물(소형),파워프라자,봉고3ev PEACE,554,352.0,906.0,2024년도 전기자동차 양평군 모델별 보조금,2024,양평군
화물(소형),파워프라자,봉고3ev PEACE 더블캡,481,306.0,787.0,2024년도 전기자동차 양평군 모델별 보조금,2024,양평군
화물(소형),현대자동차,포터Ⅱ 일렉트릭(23MY),1090,668.0,1758.0,2024년도 전기자동차 양평군 모델별 보조금,2024,양평군
화물(소형),현대자동차,포터Ⅱ 일렉트릭(24MY),1090,668.0,1758.0,2024년도 전기자동차 양평군 모델별 보조금,2024,양평군
화물(소형),현대자동차,ST1 기본형 카고 17인치,1100,700.0,1800.0,2024년도 전기자동차 양평군 모델별 보조금,2024,양평군
화물(소형),현대자동차,ST1 기본형 카고 냉동 17인치,1450,922.0,2372.0,2024년도 전기자동차 양평군 모델별 보조금,2024,양평군
화물(소형),현대자동차,ST1 기본형 하이탑 17인치,1100,700.0,1800.0,2024년도 전기자동차 양평군 모델별 보조금,2024,양평군
화물(소형),기아,봉고 전기차,1130,668.0,1798.0,2024년도 전기자동차 양평군 모델별 보조금,2024,양평군
화물(소형),기아,봉고 전기차 냉동탑차,1330,802.0,2132.0,2024년도 전기자동차 양평군 모델별 보조금,2024,양평군
화물(소형),기아,봉고 전기차 저상형 냉동탑차,1330,802.0,2132.0,2024년도 전기자동차 양평군 모델별 보조금,2024,양평군
화물(소형),일진정공,일진무시동전기냉동탑차(149.9km),916,582.0,1498.0,2024년도 전기자동차 양평군 모델별 보조금,2024,양평군
화물(소형),일진정공,일진무시동전기냉동탑차(186.1km),1169,743.0,1912.0,2024년도 전기자동차 양평군 모델별 보조금,2024,양평군
화물(소형),일진정공,일진무시동전기냉동탑차(봉고),1379,831.0,2210.0,2024년도 전기자동차 양평군 모델별 보조금,2024,양평군
화물(소형),일진정공,일진무시동전기냉동탑차(포터),1363,821.0,2184.0,2024년도 전기자동차 양평군 모델별 보조금,2024,양평군
화물(소형),루트17,다니고C(0.8톤 전기트럭),1068,620.0,1688.0,2024년도 전기자동차 양평군 모델별 보조금,2024,양평군
화물(소형),루트17,다니고C2(0.8톤 전기트럭),268,170.0,438.0,2024년도 전기자동차 양평군 모델별 보조금,2024,양평군
화물(소형),루트17,다니고R(전기냉동탑차),1224,700.0,1924.0,2024년도 전기자동차 양평군 모델별 보조금,2024,양평군
화물(소형),루트17,다니고R2(무시동 전기냉동탑차),1123,671.0,1794.0,2024년도 전기자동차 양평군 모델별 보조금,2024,양평군
화물(소형),루트17,e-TOVI,464,295.0,759.0,2024년도 전기자동차 양평군 모델별 보조금,2024,양평군
화물(소형),이브이케이엠씨,MASADA 픽업,295,187.0,482.0,2024년도 전기자동차 양평군 모델별 보조금,2024,양평군
화물(소형),이브이케이엠씨,MASADA 3세대 2밴,274,174.0,448.0,2024년도 전기자동차 양평군 모델별 보조금,2024,양평군
화물(소형),이브이케이엠씨,MASADA 3세대 4밴,246,156.0,402.0,2024년도 전기자동차 양평군 모델별 보조금,2024,양평군
화물(소형),이브이케이엠씨,MASADA 2밴,299,190.0,489.0,2024년도 전기자동차 양평군 모델별 보조금,2024,양평군
화물(소형),이브이케이엠씨,MASADA 4밴,269,171.0,440.0,2024년도 전기자동차 양평군 모델별 보조금,2024,양평군
화물(소형),이브이케이엠씨,EC35 2밴,194,123.0,317.0,2024년도 전기자동차 양평군 모델별 보조금,2024,양평군
화물(소형),제이스모빌리티,이티밴,405,257.0,662.0,2024년도 전기자동차 양평군 모델별 보조금,2024,양평군
화물(소형),제이스모빌리티,이티4밴,364,231.0,595.0,2024년도 전기자동차 양평군 모델별 보조금,2024,양평군
화물(소형),제이스모빌리티,이티밴 미니 2인승,412,262.0,674.0,2024년도 전기자동차 양평군 모델별 보조금,2024,양평군
화물(소형),제이스모빌리티,이티밴 미니 4인승,412,262.0,674.0,2024년도 전기자동차 양평군 모델별 보조금,2024,양평군
화물(소형),제이스모빌리티,이티밴 프로 2인승,412,262.0,674.0,2024년도 전기자동차 양평군 모델별 보조금,2024,양평군
화물(소형),제이스모빌리티,이티밴 프로 4인승,412,262.0,674.0,2024년도 전기자동차 양평군 모델별 보조금,2024,양평군
화물(소형),오텍,오텍 무시동 전기 냉동탑차(봉고),1118,711.0,1829.0,2024년도 전기자동차 양평군 모델별 보조금,2024,양평군
화물(소형),이엔플러스,이엔1톤롱바디카고,850,540.0,1390.0,2024년도 전기자동차 양평군 모델별 보조금,2024,양평군
화물(소형),이엔플러스,이엔플러스EV1톤롱바디트럭,895,569.0,1464.0,2024년도 전기자동차 양평군 모델별 보조금,2024,양평군
화물(소형),GS글로벌,T4K,462,294.0,756.0,2024년도 전기자동차 양평군 모델별 보조금,2024,양평군
화물(소형),GS글로벌,T4K 냉동탑차,711,452.0,1163.0,2024년도 전기자동차 양평군 모델별 보조금,2024,양평군
화물(소형),에스에스라이트,젤라,336,213.0,549.0,2024년도 전기자동차 양평군 모델별 보조금,2024,양평군
화물(소형),에스에스라이트,젤라 P200,478,304.0,782.0,2024년도 전기자동차 양평군 모델별 보조금,2024,양평군
화물(소형),한국쓰리축,한국쓰리축1톤롱바디EV트럭(봉고),837,532.0,1369.0,2024년도 전기자동차 양평군 모델별 보조금,2024,양평군
화물(소형),한국쓰리축,한국쓰리축1톤롱바디EV트럭(포터),855,544.0,1399.0,2024년도 전기자동차 양평군 모델별 보조금,2024,양평군
화물(소형),모빌리티네트웍스,SE-A2밴,333,211.0,544.0,2024년도 전기자동차 양평군 모델별 보조금,2024,양평군
화물(소형),피닉스코리아,썬라이즈-T01,412,262.0,674.0,2024년도 전기자동차 양평군 모델별 보조금,2024,양평군
화물(소형),케이지모빌리티,토레스 EVX VAN 20인치,392,241.0,633.0,2024년도 전기자동차 양평군 모델별 보조금,2024,양평군
화물(소형),케이지모빌리티,토레스 EVX VAN 18인치,394,242.0,636.0,2024년도 전기자동차 양평군 모델별 보조금,2024,양평군
화물(소형),한국상용트럭,한국상용1톤롱바디EV카고트럭,818,520.0,1338.0,2024년도 전기자동차 양평군 모델별 보조금,2024,양평군
화물(소형),한국상용트럭,한국상용0.9톤롱바디EV내장탑트럭,593,377.0,970.0,2024년도 전기자동차 양평군 모델별 보조금,2024,양평군
화물(소형),센트로에이케이,E-CV1,282,0.0,282.0,2024년도 전기자동차 양평군 모델별 보조금,2024,양평군
화물(소형),파츠몰에이투지,SW40,412,0.0,412.0,2024년도 전기자동차 양평군 모델별 보조금,2024,양평군
화물(소형),이브이앤솔루션,STEGO-Z,540,0.0,540.0,2024년도 전기자동차 양평군 모델별 보조금,2024,양평군
화물(초소형),마스타전기차,MASTA VAN,400,395.0,795.0,2024년도 전기자동차 춘천시 모델별 보조금,2024,춘천시
화물(초소형),마스타전기차,MASTA HIM,400,395.0,795.0,2024년도 전기자동차 춘천시 모델별 보조금,2024,춘천시
화물(초소형),디피코,포트로-탑,400,395.0,795.0,2024년도 전기자동차 춘천시 모델별 보조금,2024,춘천시
화물(초소형),디피코,포트로-픽업,400,395.0,795.0,2024년도 전기자동차 춘천시 모델별 보조금,2024,춘천시
화물(초소형),디피코,포트로-탑S,400,395.0,795.0,2024년도 전기자동차 춘천시 모델별 보조금,2024,춘천시
화물(초소형),디피코,포트로-픽업S,400,395.0,795.0,2024년도 전기자동차 춘천시 모델별 보조금,2024,춘천시
화물(경형),디피코,포트로350L-탑,788,709.0,1497.0,2024년도 전기자동차 춘천시 모델별 보조금,2024,춘천시
화물(경형),디피코,포트로350L-픽업,788,709.0,1497.0,2024년도 전기자동차 춘천시 모델별 보조금,2024,춘천시
화물(소형),파워프라자,봉고3ev PEACE,554,324.0,878.0,2024년도 전기자동차 춘천시 모델별 보조금,2024,춘천시
화물(소형),파워프라자,봉고3ev PEACE 더블캡,481,281.0,762.0,2024년도 전기자동차 춘천시 모델별 보조금,2024,춘천시
화물(소형),현대자동차,포터Ⅱ 일렉트릭(23MY),1090,614.0,1704.0,2024년도 전기자동차 춘천시 모델별 보조금,2024,춘천시
화물(소형),현대자동차,포터Ⅱ 일렉트릭(24MY),1090,614.0,1704.0,2024년도 전기자동차 춘천시 모델별 보조금,2024,춘천시
화물(소형),현대자동차,ST1 기본형 카고 17인치,1100,644.0,1744.0,2024년도 전기자동차 춘천시 모델별 보조금,2024,춘천시
화물(소형),현대자동차,ST1 기본형 카고 냉동 17인치,1450,774.0,2224.0,2024년도 전기자동차 춘천시 모델별 보조금,2024,춘천시
화물(소형),기아,봉고 전기차,1130,614.0,1744.0,2024년도 전기자동차 춘천시 모델별 보조금,2024,춘천시
화물(소형),기아,봉고 전기차 냉동탑차,1330,673.0,2003.0,2024년도 전기자동차 춘천시 모델별 보조금,2024,춘천시
화물(소형),기아,봉고 전기차 저상형 냉동탑차,1330,673.0,2003.0,2024년도 전기자동차 춘천시 모델별 보조금,2024,춘천시
화물(소형),일진정공,일진무시동전기냉동탑차(149.9km),916,489.0,1405.0,2024년도 전기자동차 춘천시 모델별 보조금,2024,춘천시
화물(소형),일진정공,일진무시동전기냉동탑차(186.1km),1169,624.0,1793.0,2024년도 전기자동차 춘천시 모델별 보조금,2024,춘천시
화물(소형),일진정공,일진무시동전기냉동탑차(봉고),1379,698.0,2077.0,2024년도 전기자동차 춘천시 모델별 보조금,2024,춘천시
화물(소형),일진정공,일진무시동전기냉동탑차(포터),1363,689.0,2052.0,2024년도 전기자동차 춘천시 모델별 보조금,2024,춘천시
화물(소형),루트17,다니고C(0.8톤 전기트럭),1068,570.0,1638.0,2024년도 전기자동차 춘천시 모델별 보조금,2024,춘천시
화물(소형),루트17,다니고C2(0.8톤 전기트럭),268,156.0,424.0,2024년도 전기자동차 춘천시 모델별 보조금,2024,춘천시
화물(소형),루트17,다니고R(전기냉동탑차),1224,613.0,1837.0,2024년도 전기자동차 춘천시 모델별 보조금,2024,춘천시
화물(소형),루트17,다니고R2(무시동 전기냉동탑차),1123,563.0,1686.0,2024년도 전기자동차 춘천시 모델별 보조금,2024,춘천시
화물(소형),루트17,e-TOVI,464,271.0,735.0,2024년도 전기자동차 춘천시 모델별 보조금,2024,춘천시
화물(소형),이브이케이엠씨,MASADA 픽업,295,172.0,467.0,2024년도 전기자동차 춘천시 모델별 보조금,2024,춘천시
화물(소형),이브이케이엠씨,MASADA 3세대 2밴,274,160.0,434.0,2024년도 전기자동차 춘천시 모델별 보조금,2024,춘천시
화물(소형),이브이케이엠씨,MASADA 3세대 4밴,246,144.0,390.0,2024년도 전기자동차 춘천시 모델별 보조금,2024,춘천시
화물(소형),이브이케이엠씨,MASADA 2밴,299,175.0,474.0,2024년도 전기자동차 춘천시 모델별 보조금,2024,춘천시
화물(소형),이브이케이엠씨,MASADA 4밴,269,157.0,426.0,2024년도 전기자동차 춘천시 모델별 보조금,2024,춘천시
화물(소형),이브이케이엠씨,EC35 2밴,194,113.0,307.0,2024년도 전기자동차 춘천시 모델별 보조금,2024,춘천시
화물(소형),제이스모빌리티,이티밴,405,237.0,642.0,2024년도 전기자동차 춘천시 모델별 보조금,2024,춘천시
화물(소형),제이스모빌리티,이티4밴,364,213.0,577.0,2024년도 전기자동차 춘천시 모델별 보조금,2024,춘천시
화물(소형),제이스모빌리티,이티밴 미니 2인승,412,241.0,653.0,2024년도 전기자동차 춘천시 모델별 보조금,2024,춘천시
화물(소형),제이스모빌리티,이티밴 미니 4인승,412,241.0,653.0,2024년도 전기자동차 춘천시 모델별 보조금,2024,춘천시
화물(소형),제이스모빌리티,이티밴 프로 2인승,412,241.0,653.0,2024년도 전기자동차 춘천시 모델별 보조금,2024,춘천시
화물(소형),제이스모빌리티,이티밴 프로 4인승,412,241.0,653.0,2024년도 전기자동차 춘천시 모델별 보조금,2024,춘천시
화물(소형),오텍,오텍 무시동 전기 냉동탑차(봉고),1118,597.0,1715.0,2024년도 전기자동차 춘천시 모델별 보조금,2024,춘천시
화물(소형),이엔플러스,이엔1톤롱바디카고,850,497.0,1347.0,2024년도 전기자동차 춘천시 모델별 보조금,2024,춘천시
화물(소형),이엔플러스,이엔플러스EV1톤롱바디트럭,895,523.0,1418.0,2024년도 전기자동차 춘천시 모델별 보조금,2024,춘천시
화물(소형),GS글로벌,T4K,462,270.0,732.0,2024년도 전기자동차 춘천시 모델별 보조금,2024,춘천시
화물(소형),GS글로벌,T4K 냉동탑차,711,380.0,1091.0,2024년도 전기자동차 춘천시 모델별 보조금,2024,춘천시
화물(소형),에스에스라이트,젤라,336,196.0,532.0,2024년도 전기자동차 춘천시 모델별 보조금,2024,춘천시
화물(소형),에스에스라이트,젤라 P200,478,279.0,757.0,2024년도 전기자동차 춘천시 모델별 보조금,2024,춘천시
화물(소형),한국쓰리축,한국쓰리축1톤롱바디EV트럭(봉고),837,490.0,1327.0,2024년도 전기자동차 춘천시 모델별 보조금,2024,춘천시
화물(소형),한국쓰리축,한국쓰리축1톤롱바디EV트럭(포터),855,500.0,1355.0,2024년도 전기자동차 춘천시 모델별 보조금,2024,춘천시
화물(소형),모빌리티네트웍스,SE-A2밴,333,194.0,527.0,2024년도 전기자동차 춘천시 모델별 보조금,2024,춘천시
화물(소형),피닉스코리아,썬라이즈-T01,412,241.0,653.0,2024년도 전기자동차 춘천시 모델별 보조금,2024,춘천시
화물(소형),케이지모빌리티,토레스 EVX VAN 20인치,392,173.0,565.0,2024년도 전기자동차 춘천시 모델별 보조금,2024,춘천시
화물(소형),케이지모빌리티,토레스 EVX VAN 18인치,394,174.0,568.0,2024년도 전기자동차 춘천시 모델별 보조금,2024,춘천시
화물(소형),한국상용트럭,한국상용1톤롱바디EV카고트럭,818,478.0,1296.0,2024년도 전기자동차 춘천시 모델별 보조금,2024,춘천시
화물(소형),한국상용트럭,한국상용0.9톤롱바디EV내장탑트럭,593,347.0,940.0,2024년도 전기자동차 춘천시 모델별 보조금,2024,춘천시
화물(초소형),마스타전기차,MASTA VAN,400,395.0,795.0,2024년도 전기자동차 원주시 모델별 보조금,2024,원주시
화물(초소형),마스타전기차,MASTA HIM,400,395.0,795.0,2024년도 전기자동차 원주시 모델별 보조금,2024,원주시
화물(초소형),디피코,포트로-탑,400,395.0,795.0,2024년도 전기자동차 원주시 모델별 보조금,2024,원주시
화물(초소형),디피코,포트로-픽업,400,395.0,795.0,2024년도 전기자동차 원주시 모델별 보조금,2024,원주시
화물(초소형),디피코,포트로-탑S,400,395.0,795.0,2024년도 전기자동차 원주시 모델별 보조금,2024,원주시
화물(초소형),디피코,포트로-픽업S,400,395.0,795.0,2024년도 전기자동차 원주시 모델별 보조금,2024,원주시
화물(초소형),마이브,베프,400,0.0,400.0,2024년도 전기자동차 원주시 모델별 보조금,2024,원주시
화물(경형),디피코,포트로350L-탑,788,709.0,1497.0,2024년도 전기자동차 원주시 모델별 보조금,2024,원주시
화물(경형),디피코,포트로350L-픽업,788,709.0,1497.0,2024년도 전기자동차 원주시 모델별 보조금,2024,원주시
화물(소형),파워프라자,봉고3ev PEACE,554,324.0,878.0,2024년도 전기자동차 원주시 모델별 보조금,2024,원주시
화물(소형),파워프라자,봉고3ev PEACE 더블캡,481,281.0,762.0,2024년도 전기자동차 원주시 모델별 보조금,2024,원주시
화물(소형),현대자동차,포터Ⅱ 일렉트릭(23MY),1090,614.0,1704.0,2024년도 전기자동차 원주시 모델별 보조금,2024,원주시
화물(소형),현대자동차,포터Ⅱ 일렉트릭(24MY),1090,614.0,1704.0,2024년도 전기자동차 원주시 모델별 보조금,2024,원주시
화물(소형),현대자동차,ST1 기본형 카고 17인치,1100,644.0,1744.0,2024년도 전기자동차 원주시 모델별 보조금,2024,원주시
화물(소형),현대자동차,ST1 기본형 카고 냉동 17인치,1450,774.0,2224.0,2024년도 전기자동차 원주시 모델별 보조금,2024,원주시
화물(소형),현대자동차,ST1 기본형 하이탑 17인치,1100,644.0,1744.0,2024년도 전기자동차 원주시 모델별 보조금,2024,원주시
화물(소형),기아,봉고 전기차,1130,614.0,1744.0,2024년도 전기자동차 원주시 모델별 보조금,2024,원주시
화물(소형),기아,봉고 전기차 냉동탑차,1330,673.0,2003.0,2024년도 전기자동차 원주시 모델별 보조금,2024,원주시
화물(소형),기아,봉고 전기차 저상형 냉동탑차,1330,673.0,2003.0,2024년도 전기자동차 원주시 모델별 보조금,2024,원주시
화물(소형),일진정공,일진무시동전기냉동탑차(149.9km),916,489.0,1405.0,2024년도 전기자동차 원주시 모델별 보조금,2024,원주시
화물(소형),일진정공,일진무시동전기냉동탑차(186.1km),1169,624.0,1793.0,2024년도 전기자동차 원주시 모델별 보조금,2024,원주시
화물(소형),일진정공,일진무시동전기냉동탑차(봉고),1379,698.0,2077.0,2024년도 전기자동차 원주시 모델별 보조금,2024,원주시
화물(소형),일진정공,일진무시동전기냉동탑차(포터),1363,689.0,2052.0,2024년도 전기자동차 원주시 모델별 보조금,2024,원주시
화물(소형),루트17,다니고C(0.8톤 전기트럭),1068,570.0,1638.0,2024년도 전기자동차 원주시 모델별 보조금,2024,원주시
화물(소형),루트17,다니고C2(0.8톤 전기트럭),268,156.0,424.0,2024년도 전기자동차 원주시 모델별 보조금,2024,원주시
화물(소형),루트17,다니고R(전기냉동탑차),1224,613.0,1837.0,2024년도 전기자동차 원주시 모델별 보조금,2024,원주시
화물(소형),루트17,다니고R2(무시동 전기냉동탑차),1123,563.0,1686.0,2024년도 전기자동차 원주시 모델별 보조금,2024,원주시
화물(소형),루트17,e-TOVI,464,271.0,735.0,2024년도 전기자동차 원주시 모델별 보조금,2024,원주시
화물(소형),이브이케이엠씨,MASADA 픽업,295,172.0,467.0,2024년도 전기자동차 원주시 모델별 보조금,2024,원주시
화물(소형),이브이케이엠씨,MASADA 3세대 2밴,274,160.0,434.0,2024년도 전기자동차 원주시 모델별 보조금,2024,원주시
화물(소형),이브이케이엠씨,MASADA 3세대 4밴,246,144.0,390.0,2024년도 전기자동차 원주시 모델별 보조금,2024,원주시
화물(소형),이브이케이엠씨,MASADA 2밴,299,175.0,474.0,2024년도 전기자동차 원주시 모델별 보조금,2024,원주시
화물(소형),이브이케이엠씨,MASADA 4밴,269,157.0,426.0,2024년도 전기자동차 원주시 모델별 보조금,2024,원주시
화물(소형),이브이케이엠씨,EC35 2밴,194,113.0,307.0,2024년도 전기자동차 원주시 모델별 보조금,2024,원주시
화물(소형),제이스모빌리티,이티밴,405,237.0,642.0,2024년도 전기자동차 원주시 모델별 보조금,2024,원주시
화물(소형),제이스모빌리티,이티4밴,364,213.0,577.0,2024년도 전기자동차 원주시 모델별 보조금,2024,원주시
화물(소형),제이스모빌리티,이티밴 미니 2인승,412,241.0,653.0,2024년도 전기자동차 원주시 모델별 보조금,2024,원주시
화물(소형),제이스모빌리티,이티밴 미니 4인승,412,241.0,653.0,2024년도 전기자동차 원주시 모델별 보조금,2024,원주시
화물(소형),제이스모빌리티,이티밴 프로 2인승,412,241.0,653.0,2024년도 전기자동차 원주시 모델별 보조금,2024,원주시
화물(소형),제이스모빌리티,이티밴 프로 4인승,412,241.0,653.0,2024년도 전기자동차 원주시 모델별 보조금,2024,원주시
화물(소형),오텍,오텍 무시동 전기 냉동탑차(봉고),1118,597.0,1715.0,2024년도 전기자동차 원주시 모델별 보조금,2024,원주시
화물(소형),이엔플러스,이엔1톤롱바디카고,850,497.0,1347.0,2024년도 전기자동차 원주시 모델별 보조금,2024,원주시
화물(소형),이엔플러스,이엔플러스EV1톤롱바디트럭,895,523.0,1418.0,2024년도 전기자동차 원주시 모델별 보조금,2024,원주시
화물(소형),GS글로벌,T4K,462,270.0,732.0,2024년도 전기자동차 원주시 모델별 보조금,2024,원주시
화물(소형),GS글로벌,T4K 냉동탑차,711,380.0,1091.0,2024년도 전기자동차 원주시 모델별 보조금,2024,원주시
화물(소형),에스에스라이트,젤라,336,196.0,532.0,2024년도 전기자동차 원주시 모델별 보조금,2024,원주시
화물(소형),에스에스라이트,젤라 P200,478,279.0,757.0,2024년도 전기자동차 원주시 모델별 보조금,2024,원주시
화물(소형),한국쓰리축,한국쓰리축1톤롱바디EV트럭(봉고),837,490.0,1327.0,2024년도 전기자동차 원주시 모델별 보조금,2024,원주시
화물(소형),한국쓰리축,한국쓰리축1톤롱바디EV트럭(포터),855,500.0,1355.0,2024년도 전기자동차 원주시 모델별 보조금,2024,원주시
화물(소형),모빌리티네트웍스,SE-A2밴,333,194.0,527.0,2024년도 전기자동차 원주시 모델별 보조금,2024,원주시
화물(소형),피닉스코리아,썬라이즈-T01,412,241.0,653.0,2024년도 전기자동차 원주시 모델별 보조금,2024,원주시
화물(소형),케이지모빌리티,토레스 EVX VAN 20인치,392,173.0,565.0,2024년도 전기자동차 원주시 모델별 보조금,2024,원주시
화물(소형),케이지모빌리티,토레스 EVX VAN 18인치,394,174.0,568.0,2024년도 전기자동차 원주시 모델별 보조금,2024,원주시
화물(소형),한국상용트럭,한국상용1톤롱바디EV카고트럭,818,478.0,1296.0,2024년도 전기자동차 원주시 모델별 보조금,2024,원주시
화물(소형),한국상용트럭,한국상용0.9톤롱바디EV내장탑트럭,593,347.0,940.0,2024년도 전기자동차 원주시 모델별 보조금,2024,원주시
화물(소형),센트로에이케이,E-CV1,282,165.0,447.0,2024년도 전기자동차 원주시 모델별 보조금,2024,원주시
화물(소형),파츠몰에이투지,SW40,412,241.0,653.0,2024년도 전기자동차 원주시 모델별 보조금,2024,원주시
화물(소형),이브이앤솔루션,STEGO-Z,540,316.0,856.0,2024년도 전기자동차 원주시 모델별 보조금,2024,원주시
화물(초소형),마스타전기차,MASTA VAN,400,395.0,795.0,2024년도 전기자동차 강릉시 모델별 보조금,2024,강릉시
화물(초소형),마스타전기차,MASTA HIM,400,395.0,795.0,2024년도 전기자동차 강릉시 모델별 보조금,2024,강릉시
화물(초소형),디피코,포트로-탑,400,395.0,795.0,2024년도 전기자동차 강릉시 모델별 보조금,2024,강릉시
화물(초소형),디피코,포트로-픽업,400,395.0,795.0,2024년도 전기자동차 강릉시 모델별 보조금,2024,강릉시
화물(초소형),디피코,포트로-탑S,400,395.0,795.0,2024년도 전기자동차 강릉시 모델별 보조금,2024,강릉시
화물(초소형),디피코,포트로-픽업S,400,395.0,795.0,2024년도 전기자동차 강릉시 모델별 보조금,2024,강릉시
화물(초소형),마이브,베프,400,395.0,795.0,2024년도 전기자동차 강릉시 모델별 보조금,2024,강릉시
화물(경형),디피코,포트로350L-탑,788,709.0,1497.0,2024년도 전기자동차 강릉시 모델별 보조금,2024,강릉시
화물(경형),디피코,포트로350L-픽업,788,709.0,1497.0,2024년도 전기자동차 강릉시 모델별 보조금,2024,강릉시
화물(소형),파워프라자,봉고3ev PEACE,554,324.0,878.0,2024년도 전기자동차 강릉시 모델별 보조금,2024,강릉시
화물(소형),파워프라자,봉고3ev PEACE 더블캡,481,281.0,762.0,2024년도 전기자동차 강릉시 모델별 보조금,2024,강릉시
화물(소형),현대자동차,포터Ⅱ 일렉트릭(23MY),1090,614.0,1704.0,2024년도 전기자동차 강릉시 모델별 보조금,2024,강릉시
화물(소형),현대자동차,포터Ⅱ 일렉트릭(24MY),1090,614.0,1704.0,2024년도 전기자동차 강릉시 모델별 보조금,2024,강릉시
화물(소형),현대자동차,ST1 기본형 카고 17인치,1100,644.0,1744.0,2024년도 전기자동차 강릉시 모델별 보조금,2024,강릉시
화물(소형),현대자동차,ST1 기본형 카고 냉동 17인치,1450,774.0,2224.0,2024년도 전기자동차 강릉시 모델별 보조금,2024,강릉시
화물(소형),현대자동차,ST1 기본형 하이탑 17인치,1100,644.0,1744.0,2024년도 전기자동차 강릉시 모델별 보조금,2024,강릉시
화물(소형),기아,봉고 전기차,1130,614.0,1744.0,2024년도 전기자동차 강릉시 모델별 보조금,2024,강릉시
화물(소형),기아,봉고 전기차 냉동탑차,1330,673.0,2003.0,2024년도 전기자동차 강릉시 모델별 보조금,2024,강릉시
화물(소형),기아,봉고 전기차 저상형 냉동탑차,1330,673.0,2003.0,2024년도 전기자동차 강릉시 모델별 보조금,2024,강릉시
화물(소형),일진정공,일진무시동전기냉동탑차(149.9km),916,489.0,1405.0,2024년도 전기자동차 강릉시 모델별 보조금,2024,강릉시
화물(소형),일진정공,일진무시동전기냉동탑차(186.1km),1169,624.0,1793.0,2024년도 전기자동차 강릉시 모델별 보조금,2024,강릉시
화물(소형),일진정공,일진무시동전기냉동탑차(봉고),1379,698.0,2077.0,2024년도 전기자동차 강릉시 모델별 보조금,2024,강릉시
화물(소형),일진정공,일진무시동전기냉동탑차(포터),1363,689.0,2052.0,2024년도 전기자동차 강릉시 모델별 보조금,2024,강릉시
화물(소형),루트17,다니고C(0.8톤 전기트럭),1068,570.0,1638.0,2024년도 전기자동차 강릉시 모델별 보조금,2024,강릉시
화물(소형),루트17,다니고C2(0.8톤 전기트럭),268,156.0,424.0,2024년도 전기자동차 강릉시 모델별 보조금,2024,강릉시
화물(소형),루트17,다니고R(전기냉동탑차),1224,613.0,1837.0,2024년도 전기자동차 강릉시 모델별 보조금,2024,강릉시
화물(소형),루트17,다니고R2(무시동 전기냉동탑차),1123,563.0,1686.0,2024년도 전기자동차 강릉시 모델별 보조금,2024,강릉시
화물(소형),루트17,e-TOVI,464,271.0,735.0,2024년도 전기자동차 강릉시 모델별 보조금,2024,강릉시
화물(소형),이브이케이엠씨,MASADA 픽업,295,172.0,467.0,2024년도 전기자동차 강릉시 모델별 보조금,2024,강릉시
화물(소형),이브이케이엠씨,MASADA 3세대 2밴,274,160.0,434.0,2024년도 전기자동차 강릉시 모델별 보조금,2024,강릉시
화물(소형),이브이케이엠씨,MASADA 3세대 4밴,246,144.0,390.0,2024년도 전기자동차 강릉시 모델별 보조금,2024,강릉시
화물(소형),이브이케이엠씨,MASADA 2밴,299,175.0,474.0,2024년도 전기자동차 강릉시 모델별 보조금,2024,강릉시
화물(소형),이브이케이엠씨,MASADA 4밴,269,157.0,426.0,2024년도 전기자동차 강릉시 모델별 보조금,2024,강릉시
화물(소형),이브이케이엠씨,EC35 2밴,194,113.0,307.0,2024년도 전기자동차 강릉시 모델별 보조금,2024,강릉시
화물(소형),제이스모빌리티,이티밴,405,237.0,642.0,2024년도 전기자동차 강릉시 모델별 보조금,2024,강릉시
화물(소형),제이스모빌리티,이티4밴,364,213.0,577.0,2024년도 전기자동차 강릉시 모델별 보조금,2024,강릉시
화물(소형),제이스모빌리티,이티밴 미니 2인승,412,241.0,653.0,2024년도 전기자동차 강릉시 모델별 보조금,2024,강릉시
화물(소형),제이스모빌리티,이티밴 미니 4인승,412,241.0,653.0,2024년도 전기자동차 강릉시 모델별 보조금,2024,강릉시
화물(소형),제이스모빌리티,이티밴 프로 2인승,412,241.0,653.0,2024년도 전기자동차 강릉시 모델별 보조금,2024,강릉시
화물(소형),제이스모빌리티,이티밴 프로 4인승,412,241.0,653.0,2024년도 전기자동차 강릉시 모델별 보조금,2024,강릉시
화물(소형),오텍,오텍 무시동 전기 냉동탑차(봉고),1118,597.0,1715.0,2024년도 전기자동차 강릉시 모델별 보조금,2024,강릉시
화물(소형),이엔플러스,이엔1톤롱바디카고,850,497.0,1347.0,2024년도 전기자동차 강릉시 모델별 보조금,2024,강릉시
화물(소형),이엔플러스,이엔플러스EV1톤롱바디트럭,895,523.0,1418.0,2024년도 전기자동차 강릉시 모델별 보조금,2024,강릉시
화물(소형),GS글로벌,T4K,462,270.0,732.0,2024년도 전기자동차 강릉시 모델별 보조금,2024,강릉시
화물(소형),GS글로벌,T4K 냉동탑차,711,380.0,1091.0,2024년도 전기자동차 강릉시 모델별 보조금,2024,강릉시
화물(소형),에스에스라이트,젤라,336,196.0,532.0,2024년도 전기자동차 강릉시 모델별 보조금,2024,강릉시
화물(소형),에스에스라이트,젤라 P200,478,279.0,757.0,2024년도 전기자동차 강릉시 모델별 보조금,2024,강릉시
화물(소형),한국쓰리축,한국쓰리축1톤롱바디EV트럭(봉고),837,490.0,1327.0,2024년도 전기자동차 강릉시 모델별 보조금,2024,강릉시
화물(소형),한국쓰리축,한국쓰리축1톤롱바디EV트럭(포터),855,500.0,1355.0,2024년도 전기자동차 강릉시 모델별 보조금,2024,강릉시
화물(소형),모빌리티네트웍스,SE-A2밴,333,194.0,527.0,2024년도 전기자동차 강릉시 모델별 보조금,2024,강릉시
화물(소형),피닉스코리아,썬라이즈-T01,412,241.0,653.0,2024년도 전기자동차 강릉시 모델별 보조금,2024,강릉시
화물(소형),케이지모빌리티,토레스 EVX VAN 20인치,392,173.0,565.0,2024년도 전기자동차 강릉시 모델별 보조금,2024,강릉시
화물(소형),케이지모빌리티,토레스 EVX VAN 18인치,394,174.0,568.0,2024년도 전기자동차 강릉시 모델별 보조금,2024,강릉시
화물(소형),한국상용트럭,한국상용1톤롱바디EV카고트럭,818,478.0,1296.0,2024년도 전기자동차 강릉시 모델별 보조금,2024,강릉시
화물(소형),한국상용트럭,한국상용0.9톤롱바디EV내장탑트럭,593,347.0,940.0,2024년도 전기자동차 강릉시 모델별 보조금,2024,강릉시
화물(소형),센트로에이케이,E-CV1,282,165.0,447.0,2024년도 전기자동차 강릉시 모델별 보조금,2024,강릉시
화물(소형),파츠몰에이투지,SW40,412,241.0,653.0,2024년도 전기자동차 강릉시 모델별 보조금,2024,강릉시
화물(소형),이브이앤솔루션,STEGO-Z,540,316.0,856.0,2024년도 전기자동차 강릉시 모델별 보조금,2024,강릉시
화물(초소형),마스타전기차,MASTA VAN,400,395.0,795.0,2024년도 전기자동차 동해시 모델별 보조금,2024,동해시
화물(초소형),마스타전기차,MASTA HIM,400,395.0,795.0,2024년도 전기자동차 동해시 모델별 보조금,2024,동해시
화물(초소형),디피코,포트로-탑,400,395.0,795.0,2024년도 전기자동차 동해시 모델별 보조금,2024,동해시
화물(초소형),디피코,포트로-픽업,400,395.0,795.0,2024년도 전기자동차 동해시 모델별 보조금,2024,동해시
화물(초소형),디피코,포트로-탑S,400,395.0,795.0,2024년도 전기자동차 동해시 모델별 보조금,2024,동해시
화물(초소형),디피코,포트로-픽업S,400,395.0,795.0,2024년도 전기자동차 동해시 모델별 보조금,2024,동해시
화물(초소형),마이브,베프,400,395.0,795.0,2024년도 전기자동차 동해시 모델별 보조금,2024,동해시
화물(경형),디피코,포트로350L-탑,788,709.0,1497.0,2024년도 전기자동차 동해시 모델별 보조금,2024,동해시
화물(경형),디피코,포트로350L-픽업,788,709.0,1497.0,2024년도 전기자동차 동해시 모델별 보조금,2024,동해시
화물(소형),파워프라자,봉고3ev PEACE,554,324.0,878.0,2024년도 전기자동차 동해시 모델별 보조금,2024,동해시
화물(소형),파워프라자,봉고3ev PEACE 더블캡,481,281.0,762.0,2024년도 전기자동차 동해시 모델별 보조금,2024,동해시
화물(소형),현대자동차,포터Ⅱ 일렉트릭(23MY),1090,614.0,1704.0,2024년도 전기자동차 동해시 모델별 보조금,2024,동해시
화물(소형),현대자동차,포터Ⅱ 일렉트릭(24MY),1090,614.0,1704.0,2024년도 전기자동차 동해시 모델별 보조금,2024,동해시
화물(소형),현대자동차,ST1 기본형 카고 17인치,1100,644.0,1744.0,2024년도 전기자동차 동해시 모델별 보조금,2024,동해시
화물(소형),현대자동차,ST1 기본형 카고 냉동 17인치,1450,774.0,2224.0,2024년도 전기자동차 동해시 모델별 보조금,2024,동해시
화물(소형),현대자동차,ST1 기본형 하이탑 17인치,1100,644.0,1744.0,2024년도 전기자동차 동해시 모델별 보조금,2024,동해시
화물(소형),기아,봉고 전기차,1130,614.0,1744.0,2024년도 전기자동차 동해시 모델별 보조금,2024,동해시
화물(소형),기아,봉고 전기차 냉동탑차,1330,673.0,2003.0,2024년도 전기자동차 동해시 모델별 보조금,2024,동해시
화물(소형),기아,봉고 전기차 저상형 냉동탑차,1330,673.0,2003.0,2024년도 전기자동차 동해시 모델별 보조금,2024,동해시
화물(소형),일진정공,일진무시동전기냉동탑차(149.9km),916,489.0,1405.0,2024년도 전기자동차 동해시 모델별 보조금,2024,동해시
화물(소형),일진정공,일진무시동전기냉동탑차(186.1km),1169,624.0,1793.0,2024년도 전기자동차 동해시 모델별 보조금,2024,동해시
화물(소형),일진정공,일진무시동전기냉동탑차(봉고),1379,698.0,2077.0,2024년도 전기자동차 동해시 모델별 보조금,2024,동해시
화물(소형),일진정공,일진무시동전기냉동탑차(포터),1363,689.0,2052.0,2024년도 전기자동차 동해시 모델별 보조금,2024,동해시
화물(소형),루트17,다니고C(0.8톤 전기트럭),1068,570.0,1638.0,2024년도 전기자동차 동해시 모델별 보조금,2024,동해시
화물(소형),루트17,다니고C2(0.8톤 전기트럭),268,156.0,424.0,2024년도 전기자동차 동해시 모델별 보조금,2024,동해시
화물(소형),루트17,다니고R(전기냉동탑차),1224,613.0,1837.0,2024년도 전기자동차 동해시 모델별 보조금,2024,동해시
화물(소형),루트17,다니고R2(무시동 전기냉동탑차),1123,563.0,1686.0,2024년도 전기자동차 동해시 모델별 보조금,2024,동해시
화물(소형),루트17,e-TOVI,464,271.0,735.0,2024년도 전기자동차 동해시 모델별 보조금,2024,동해시
화물(소형),이브이케이엠씨,MASADA 픽업,295,172.0,467.0,2024년도 전기자동차 동해시 모델별 보조금,2024,동해시
화물(소형),이브이케이엠씨,MASADA 3세대 2밴,274,160.0,434.0,2024년도 전기자동차 동해시 모델별 보조금,2024,동해시
화물(소형),이브이케이엠씨,MASADA 3세대 4밴,246,144.0,390.0,2024년도 전기자동차 동해시 모델별 보조금,2024,동해시
화물(소형),이브이케이엠씨,MASADA 2밴,299,175.0,474.0,2024년도 전기자동차 동해시 모델별 보조금,2024,동해시
화물(소형),이브이케이엠씨,MASADA 4밴,269,157.0,426.0,2024년도 전기자동차 동해시 모델별 보조금,2024,동해시
화물(소형),이브이케이엠씨,EC35 2밴,194,113.0,307.0,2024년도 전기자동차 동해시 모델별 보조금,2024,동해시
화물(소형),제이스모빌리티,이티밴,405,237.0,642.0,2024년도 전기자동차 동해시 모델별 보조금,2024,동해시
화물(소형),제이스모빌리티,이티4밴,364,213.0,577.0,2024년도 전기자동차 동해시 모델별 보조금,2024,동해시
화물(소형),제이스모빌리티,이티밴 미니 2인승,412,241.0,653.0,2024년도 전기자동차 동해시 모델별 보조금,2024,동해시
화물(소형),제이스모빌리티,이티밴 미니 4인승,412,241.0,653.0,2024년도 전기자동차 동해시 모델별 보조금,2024,동해시
화물(소형),제이스모빌리티,이티밴 프로 2인승,412,241.0,653.0,2024년도 전기자동차 동해시 모델별 보조금,2024,동해시
화물(소형),제이스모빌리티,이티밴 프로 4인승,412,241.0,653.0,2024년도 전기자동차 동해시 모델별 보조금,2024,동해시
화물(소형),오텍,오텍 무시동 전기 냉동탑차(봉고),1118,597.0,1715.0,2024년도 전기자동차 동해시 모델별 보조금,2024,동해시
화물(소형),이엔플러스,이엔1톤롱바디카고,850,497.0,1347.0,2024년도 전기자동차 동해시 모델별 보조금,2024,동해시
화물(소형),이엔플러스,이엔플러스EV1톤롱바디트럭,895,523.0,1418.0,2024년도 전기자동차 동해시 모델별 보조금,2024,동해시
화물(소형),GS글로벌,T4K,462,270.0,732.0,2024년도 전기자동차 동해시 모델별 보조금,2024,동해시
화물(소형),GS글로벌,T4K 냉동탑차,711,380.0,1091.0,2024년도 전기자동차 동해시 모델별 보조금,2024,동해시
화물(소형),에스에스라이트,젤라,336,196.0,532.0,2024년도 전기자동차 동해시 모델별 보조금,2024,동해시
화물(소형),에스에스라이트,젤라 P200,478,279.0,757.0,2024년도 전기자동차 동해시 모델별 보조금,2024,동해시
화물(소형),한국쓰리축,한국쓰리축1톤롱바디EV트럭(봉고),837,490.0,1327.0,2024년도 전기자동차 동해시 모델별 보조금,2024,동해시
화물(소형),한국쓰리축,한국쓰리축1톤롱바디EV트럭(포터),855,500.0,1355.0,2024년도 전기자동차 동해시 모델별 보조금,2024,동해시
화물(소형),모빌리티네트웍스,SE-A2밴,333,194.0,527.0,2024년도 전기자동차 동해시 모델별 보조금,2024,동해시
화물(소형),피닉스코리아,썬라이즈-T01,412,241.0,653.0,2024년도 전기자동차 동해시 모델별 보조금,2024,동해시
화물(소형),케이지모빌리티,토레스 EVX VAN 20인치,392,173.0,565.0,2024년도 전기자동차 동해시 모델별 보조금,2024,동해시
화물(소형),케이지모빌리티,토레스 EVX VAN 18인치,394,174.0,568.0,2024년도 전기자동차 동해시 모델별 보조금,2024,동해시
화물(소형),한국상용트럭,한국상용1톤롱바디EV카고트럭,818,478.0,1296.0,2024년도 전기자동차 동해시 모델별 보조금,2024,동해시
화물(소형),한국상용트럭,한국상용0.9톤롱바디EV내장탑트럭,593,347.0,940.0,2024년도 전기자동차 동해시 모델별 보조금,2024,동해시
화물(소형),센트로에이케이,E-CV1,282,165.0,447.0,2024년도 전기자동차 동해시 모델별 보조금,2024,동해시
화물(소형),파츠몰에이투지,SW40,412,241.0,653.0,2024년도 전기자동차 동해시 모델별 보조금,2024,동해시
화물(소형),이브이앤솔루션,STEGO-Z,540,316.0,856.0,2024년도 전기자동차 동해시 모델별 보조금,2024,동해시
화물(초소형),마스타전기차,MASTA VAN,400,345.0,745.0,2024년도 전기자동차 태백시 모델별 보조금,2024,태백시
화물(초소형),마스타전기차,MASTA HIM,400,345.0,745.0,2024년도 전기자동차 태백시 모델별 보조금,2024,태백시
화물(초소형),디피코,포트로-탑,400,345.0,745.0,2024년도 전기자동차 태백시 모델별 보조금,2024,태백시
화물(초소형),디피코,포트로-픽업,400,345.0,745.0,2024년도 전기자동차 태백시 모델별 보조금,2024,태백시
화물(초소형),디피코,포트로-탑S,400,345.0,745.0,2024년도 전기자동차 태백시 모델별 보조금,2024,태백시
화물(초소형),디피코,포트로-픽업S,400,345.0,745.0,2024년도 전기자동차 태백시 모델별 보조금,2024,태백시
화물(경형),디피코,포트로350L-탑,788,709.0,1497.0,2024년도 전기자동차 태백시 모델별 보조금,2024,태백시
화물(경형),디피코,포트로350L-픽업,788,709.0,1497.0,2024년도 전기자동차 태백시 모델별 보조금,2024,태백시
화물(소형),파워프라자,봉고3ev PEACE,554,324.0,878.0,2024년도 전기자동차 태백시 모델별 보조금,2024,태백시
화물(소형),파워프라자,봉고3ev PEACE 더블캡,481,281.0,762.0,2024년도 전기자동차 태백시 모델별 보조금,2024,태백시
화물(소형),현대자동차,포터Ⅱ 일렉트릭(23MY),1090,614.0,1704.0,2024년도 전기자동차 태백시 모델별 보조금,2024,태백시
화물(소형),현대자동차,포터Ⅱ 일렉트릭(24MY),1090,614.0,1704.0,2024년도 전기자동차 태백시 모델별 보조금,2024,태백시
화물(소형),현대자동차,ST1 기본형 카고 17인치,1100,644.0,1744.0,2024년도 전기자동차 태백시 모델별 보조금,2024,태백시
화물(소형),현대자동차,ST1 기본형 카고 냉동 17인치,1450,774.0,2224.0,2024년도 전기자동차 태백시 모델별 보조금,2024,태백시
화물(소형),기아,봉고 전기차,1130,614.0,1744.0,2024년도 전기자동차 태백시 모델별 보조금,2024,태백시
화물(소형),기아,봉고 전기차 냉동탑차,1330,673.0,2003.0,2024년도 전기자동차 태백시 모델별 보조금,2024,태백시
화물(소형),기아,봉고 전기차 저상형 냉동탑차,1330,673.0,2003.0,2024년도 전기자동차 태백시 모델별 보조금,2024,태백시
화물(소형),일진정공,일진무시동전기냉동탑차(149.9km),916,489.0,1405.0,2024년도 전기자동차 태백시 모델별 보조금,2024,태백시
화물(소형),일진정공,일진무시동전기냉동탑차(186.1km),1169,624.0,1793.0,2024년도 전기자동차 태백시 모델별 보조금,2024,태백시
화물(소형),일진정공,일진무시동전기냉동탑차(봉고),1379,698.0,2077.0,2024년도 전기자동차 태백시 모델별 보조금,2024,태백시
화물(소형),일진정공,일진무시동전기냉동탑차(포터),1363,689.0,2052.0,2024년도 전기자동차 태백시 모델별 보조금,2024,태백시
화물(소형),루트17,다니고C(0.8톤 전기트럭),1068,570.0,1638.0,2024년도 전기자동차 태백시 모델별 보조금,2024,태백시
화물(소형),루트17,다니고C2(0.8톤 전기트럭),268,156.0,424.0,2024년도 전기자동차 태백시 모델별 보조금,2024,태백시
화물(소형),루트17,다니고R(전기냉동탑차),1224,613.0,1837.0,2024년도 전기자동차 태백시 모델별 보조금,2024,태백시
화물(소형),루트17,다니고R2(무시동 전기냉동탑차),1123,563.0,1686.0,2024년도 전기자동차 태백시 모델별 보조금,2024,태백시
화물(소형),루트17,e-TOVI,464,271.0,735.0,2024년도 전기자동차 태백시 모델별 보조금,2024,태백시
화물(소형),이브이케이엠씨,MASADA 픽업,295,172.0,467.0,2024년도 전기자동차 태백시 모델별 보조금,2024,태백시
화물(소형),이브이케이엠씨,MASADA 3세대 2밴,274,160.0,434.0,2024년도 전기자동차 태백시 모델별 보조금,2024,태백시
화물(소형),이브이케이엠씨,MASADA 3세대 4밴,246,144.0,390.0,2024년도 전기자동차 태백시 모델별 보조금,2024,태백시
화물(소형),이브이케이엠씨,MASADA 2밴,299,175.0,474.0,2024년도 전기자동차 태백시 모델별 보조금,2024,태백시
화물(소형),이브이케이엠씨,MASADA 4밴,269,157.0,426.0,2024년도 전기자동차 태백시 모델별 보조금,2024,태백시
화물(소형),이브이케이엠씨,EC35 2밴,194,113.0,307.0,2024년도 전기자동차 태백시 모델별 보조금,2024,태백시
화물(소형),제이스모빌리티,이티밴,405,237.0,642.0,2024년도 전기자동차 태백시 모델별 보조금,2024,태백시
화물(소형),제이스모빌리티,이티4밴,364,213.0,577.0,2024년도 전기자동차 태백시 모델별 보조금,2024,태백시
화물(소형),제이스모빌리티,이티밴 미니 2인승,412,241.0,653.0,2024년도 전기자동차 태백시 모델별 보조금,2024,태백시
화물(소형),제이스모빌리티,이티밴 미니 4인승,412,241.0,653.0,2024년도 전기자동차 태백시 모델별 보조금,2024,태백시
화물(소형),제이스모빌리티,이티밴 프로 2인승,412,241.0,653.0,2024년도 전기자동차 태백시 모델별 보조금,2024,태백시
화물(소형),제이스모빌리티,이티밴 프로 4인승,412,241.0,653.0,2024년도 전기자동차 태백시 모델별 보조금,2024,태백시
화물(소형),오텍,오텍 무시동 전기 냉동탑차(봉고),1118,597.0,1715.0,2024년도 전기자동차 태백시 모델별 보조금,2024,태백시
화물(소형),이엔플러스,이엔1톤롱바디카고,850,497.0,1347.0,2024년도 전기자동차 태백시 모델별 보조금,2024,태백시
화물(소형),이엔플러스,이엔플러스EV1톤롱바디트럭,895,523.0,1418.0,2024년도 전기자동차 태백시 모델별 보조금,2024,태백시
화물(소형),GS글로벌,T4K,462,270.0,732.0,2024년도 전기자동차 태백시 모델별 보조금,2024,태백시
화물(소형),GS글로벌,T4K 냉동탑차,711,380.0,1091.0,2024년도 전기자동차 태백시 모델별 보조금,2024,태백시
화물(소형),에스에스라이트,젤라,336,196.0,532.0,2024년도 전기자동차 태백시 모델별 보조금,2024,태백시
화물(소형),에스에스라이트,젤라 P200,478,279.0,757.0,2024년도 전기자동차 태백시 모델별 보조금,2024,태백시
화물(소형),한국쓰리축,한국쓰리축1톤롱바디EV트럭(봉고),837,490.0,1327.0,2024년도 전기자동차 태백시 모델별 보조금,2024,태백시
화물(소형),한국쓰리축,한국쓰리축1톤롱바디EV트럭(포터),855,500.0,1355.0,2024년도 전기자동차 태백시 모델별 보조금,2024,태백시
화물(소형),모빌리티네트웍스,SE-A2밴,333,194.0,527.0,2024년도 전기자동차 태백시 모델별 보조금,2024,태백시
화물(소형),피닉스코리아,썬라이즈-T01,412,241.0,653.0,2024년도 전기자동차 태백시 모델별 보조금,2024,태백시
화물(소형),케이지모빌리티,토레스 EVX VAN 20인치,392,173.0,565.0,2024년도 전기자동차 태백시 모델별 보조금,2024,태백시
화물(소형),케이지모빌리티,토레스 EVX VAN 18인치,394,174.0,568.0,2024년도 전기자동차 태백시 모델별 보조금,2024,태백시
화물(소형),한국상용트럭,한국상용1톤롱바디EV카고트럭,818,478.0,1296.0,2024년도 전기자동차 태백시 모델별 보조금,2024,태백시
화물(소형),한국상용트럭,한국상용0.9톤롱바디EV내장탑트럭,593,347.0,940.0,2024년도 전기자동차 태백시 모델별 보조금,2024,태백시
화물(초소형),마스타전기차,MASTA VAN,400,395.0,795.0,2024년도 전기자동차 속초시 모델별 보조금,2024,속초시
화물(초소형),마스타전기차,MASTA HIM,400,395.0,795.0,2024년도 전기자동차 속초시 모델별 보조금,2024,속초시
화물(초소형),디피코,포트로-탑,400,395.0,795.0,2024년도 전기자동차 속초시 모델별 보조금,2024,속초시
화물(초소형),디피코,포트로-픽업,400,395.0,795.0,2024년도 전기자동차 속초시 모델별 보조금,2024,속초시
화물(초소형),디피코,포트로-탑S,400,395.0,795.0,2024년도 전기자동차 속초시 모델별 보조금,2024,속초시
화물(초소형),디피코,포트로-픽업S,400,395.0,795.0,2024년도 전기자동차 속초시 모델별 보조금,2024,속초시
화물(경형),디피코,포트로350L-탑,788,709.0,1497.0,2024년도 전기자동차 속초시 모델별 보조금,2024,속초시
화물(경형),디피코,포트로350L-픽업,788,709.0,1497.0,2024년도 전기자동차 속초시 모델별 보조금,2024,속초시
화물(소형),파워프라자,봉고3ev PEACE,554,324.0,878.0,2024년도 전기자동차 속초시 모델별 보조금,2024,속초시
화물(소형),파워프라자,봉고3ev PEACE 더블캡,481,281.0,762.0,2024년도 전기자동차 속초시 모델별 보조금,2024,속초시
화물(소형),현대자동차,포터Ⅱ 일렉트릭(23MY),1090,614.0,1704.0,2024년도 전기자동차 속초시 모델별 보조금,2024,속초시
화물(소형),현대자동차,포터Ⅱ 일렉트릭(24MY),1090,614.0,1704.0,2024년도 전기자동차 속초시 모델별 보조금,2024,속초시
화물(소형),현대자동차,ST1 기본형 카고 17인치,1100,644.0,1744.0,2024년도 전기자동차 속초시 모델별 보조금,2024,속초시
화물(소형),현대자동차,ST1 기본형 카고 냉동 17인치,1450,774.0,2224.0,2024년도 전기자동차 속초시 모델별 보조금,2024,속초시
화물(소형),기아,봉고 전기차,1130,614.0,1744.0,2024년도 전기자동차 속초시 모델별 보조금,2024,속초시
화물(소형),기아,봉고 전기차 냉동탑차,1330,673.0,2003.0,2024년도 전기자동차 속초시 모델별 보조금,2024,속초시
화물(소형),기아,봉고 전기차 저상형 냉동탑차,1330,673.0,2003.0,2024년도 전기자동차 속초시 모델별 보조금,2024,속초시
화물(소형),일진정공,일진무시동전기냉동탑차(149.9km),916,489.0,1405.0,2024년도 전기자동차 속초시 모델별 보조금,2024,속초시
화물(소형),일진정공,일진무시동전기냉동탑차(186.1km),1169,624.0,1793.0,2024년도 전기자동차 속초시 모델별 보조금,2024,속초시
화물(소형),일진정공,일진무시동전기냉동탑차(봉고),1379,698.0,2077.0,2024년도 전기자동차 속초시 모델별 보조금,2024,속초시
화물(소형),일진정공,일진무시동전기냉동탑차(포터),1363,689.0,2052.0,2024년도 전기자동차 속초시 모델별 보조금,2024,속초시
화물(소형),루트17,다니고C(0.8톤 전기트럭),1068,570.0,1638.0,2024년도 전기자동차 속초시 모델별 보조금,2024,속초시
화물(소형),루트17,다니고C2(0.8톤 전기트럭),268,156.0,424.0,2024년도 전기자동차 속초시 모델별 보조금,2024,속초시
화물(소형),루트17,다니고R(전기냉동탑차),1224,613.0,1837.0,2024년도 전기자동차 속초시 모델별 보조금,2024,속초시
화물(소형),루트17,다니고R2(무시동 전기냉동탑차),1123,563.0,1686.0,2024년도 전기자동차 속초시 모델별 보조금,2024,속초시
화물(소형),루트17,e-TOVI,464,271.0,735.0,2024년도 전기자동차 속초시 모델별 보조금,2024,속초시
화물(소형),이브이케이엠씨,MASADA 픽업,295,172.0,467.0,2024년도 전기자동차 속초시 모델별 보조금,2024,속초시
화물(소형),이브이케이엠씨,MASADA 3세대 2밴,274,160.0,434.0,2024년도 전기자동차 속초시 모델별 보조금,2024,속초시
화물(소형),이브이케이엠씨,MASADA 3세대 4밴,246,144.0,390.0,2024년도 전기자동차 속초시 모델별 보조금,2024,속초시
화물(소형),이브이케이엠씨,MASADA 2밴,299,175.0,474.0,2024년도 전기자동차 속초시 모델별 보조금,2024,속초시
화물(소형),이브이케이엠씨,MASADA 4밴,269,157.0,426.0,2024년도 전기자동차 속초시 모델별 보조금,2024,속초시
화물(소형),이브이케이엠씨,EC35 2밴,194,113.0,307.0,2024년도 전기자동차 속초시 모델별 보조금,2024,속초시
화물(소형),제이스모빌리티,이티밴,405,237.0,642.0,2024년도 전기자동차 속초시 모델별 보조금,2024,속초시
화물(소형),제이스모빌리티,이티4밴,364,213.0,577.0,2024년도 전기자동차 속초시 모델별 보조금,2024,속초시
화물(소형),제이스모빌리티,이티밴 미니 2인승,412,241.0,653.0,2024년도 전기자동차 속초시 모델별 보조금,2024,속초시
화물(소형),제이스모빌리티,이티밴 미니 4인승,412,241.0,653.0,2024년도 전기자동차 속초시 모델별 보조금,2024,속초시
화물(소형),제이스모빌리티,이티밴 프로 2인승,412,241.0,653.0,2024년도 전기자동차 속초시 모델별 보조금,2024,속초시
화물(소형),제이스모빌리티,이티밴 프로 4인승,412,241.0,653.0,2024년도 전기자동차 속초시 모델별 보조금,2024,속초시
화물(소형),오텍,오텍 무시동 전기 냉동탑차(봉고),1118,597.0,1715.0,2024년도 전기자동차 속초시 모델별 보조금,2024,속초시
화물(소형),이엔플러스,이엔1톤롱바디카고,850,497.0,1347.0,2024년도 전기자동차 속초시 모델별 보조금,2024,속초시
화물(소형),이엔플러스,이엔플러스EV1톤롱바디트럭,895,523.0,1418.0,2024년도 전기자동차 속초시 모델별 보조금,2024,속초시
화물(소형),GS글로벌,T4K,462,270.0,732.0,2024년도 전기자동차 속초시 모델별 보조금,2024,속초시
화물(소형),GS글로벌,T4K 냉동탑차,711,380.0,1091.0,2024년도 전기자동차 속초시 모델별 보조금,2024,속초시
화물(소형),에스에스라이트,젤라,336,196.0,532.0,2024년도 전기자동차 속초시 모델별 보조금,2024,속초시
화물(소형),에스에스라이트,젤라 P200,478,279.0,757.0,2024년도 전기자동차 속초시 모델별 보조금,2024,속초시
화물(소형),한국쓰리축,한국쓰리축1톤롱바디EV트럭(봉고),837,490.0,1327.0,2024년도 전기자동차 속초시 모델별 보조금,2024,속초시
화물(소형),한국쓰리축,한국쓰리축1톤롱바디EV트럭(포터),855,500.0,1355.0,2024년도 전기자동차 속초시 모델별 보조금,2024,속초시
화물(소형),모빌리티네트웍스,SE-A2밴,333,194.0,527.0,2024년도 전기자동차 속초시 모델별 보조금,2024,속초시
화물(소형),피닉스코리아,썬라이즈-T01,412,241.0,653.0,2024년도 전기자동차 속초시 모델별 보조금,2024,속초시
화물(소형),케이지모빌리티,토레스 EVX VAN 20인치,392,173.0,565.0,2024년도 전기자동차 속초시 모델별 보조금,2024,속초시
화물(소형),케이지모빌리티,토레스 EVX VAN 18인치,394,174.0,568.0,2024년도 전기자동차 속초시 모델별 보조금,2024,속초시
화물(소형),한국상용트럭,한국상용1톤롱바디EV카고트럭,818,478.0,1296.0,2024년도 전기자동차 속초시 모델별 보조금,2024,속초시
화물(소형),한국상용트럭,한국상용0.9톤롱바디EV내장탑트럭,593,347.0,940.0,2024년도 전기자동차 속초시 모델별 보조금,2024,속초시
화물(초소형),마스타전기차,MASTA VAN,400,395.0,795.0,2024년도 전기자동차 삼척시 모델별 보조금,2024,삼척시
화물(초소형),마스타전기차,MASTA HIM,400,395.0,795.0,2024년도 전기자동차 삼척시 모델별 보조금,2024,삼척시
화물(초소형),디피코,포트로-탑,400,395.0,795.0,2024년도 전기자동차 삼척시 모델별 보조금,2024,삼척시
화물(초소형),디피코,포트로-픽업,400,395.0,795.0,2024년도 전기자동차 삼척시 모델별 보조금,2024,삼척시
화물(초소형),디피코,포트로-탑S,400,395.0,795.0,2024년도 전기자동차 삼척시 모델별 보조금,2024,삼척시
화물(초소형),디피코,포트로-픽업S,400,395.0,795.0,2024년도 전기자동차 삼척시 모델별 보조금,2024,삼척시
화물(초소형),마이브,베프,400,395.0,795.0,2024년도 전기자동차 삼척시 모델별 보조금,2024,삼척시
화물(경형),디피코,포트로350L-탑,788,709.0,1497.0,2024년도 전기자동차 삼척시 모델별 보조금,2024,삼척시
화물(경형),디피코,포트로350L-픽업,788,709.0,1497.0,2024년도 전기자동차 삼척시 모델별 보조금,2024,삼척시
화물(소형),파워프라자,봉고3ev PEACE,554,324.0,878.0,2024년도 전기자동차 삼척시 모델별 보조금,2024,삼척시
화물(소형),파워프라자,봉고3ev PEACE 더블캡,481,281.0,762.0,2024년도 전기자동차 삼척시 모델별 보조금,2024,삼척시
화물(소형),현대자동차,포터Ⅱ 일렉트릭(23MY),1090,614.0,1704.0,2024년도 전기자동차 삼척시 모델별 보조금,2024,삼척시
화물(소형),현대자동차,포터Ⅱ 일렉트릭(24MY),1090,614.0,1704.0,2024년도 전기자동차 삼척시 모델별 보조금,2024,삼척시
화물(소형),현대자동차,ST1 기본형 카고 17인치,1100,644.0,1744.0,2024년도 전기자동차 삼척시 모델별 보조금,2024,삼척시
화물(소형),현대자동차,ST1 기본형 카고 냉동 17인치,1450,774.0,2224.0,2024년도 전기자동차 삼척시 모델별 보조금,2024,삼척시
화물(소형),현대자동차,ST1 기본형 하이탑 17인치,1100,644.0,1744.0,2024년도 전기자동차 삼척시 모델별 보조금,2024,삼척시
화물(소형),기아,봉고 전기차,1130,614.0,1744.0,2024년도 전기자동차 삼척시 모델별 보조금,2024,삼척시
화물(소형),기아,봉고 전기차 냉동탑차,1330,673.0,2003.0,2024년도 전기자동차 삼척시 모델별 보조금,2024,삼척시
화물(소형),기아,봉고 전기차 저상형 냉동탑차,1330,673.0,2003.0,2024년도 전기자동차 삼척시 모델별 보조금,2024,삼척시
화물(소형),일진정공,일진무시동전기냉동탑차(149.9km),916,489.0,1405.0,2024년도 전기자동차 삼척시 모델별 보조금,2024,삼척시
화물(소형),일진정공,일진무시동전기냉동탑차(186.1km),1169,624.0,1793.0,2024년도 전기자동차 삼척시 모델별 보조금,2024,삼척시
화물(소형),일진정공,일진무시동전기냉동탑차(봉고),1379,698.0,2077.0,2024년도 전기자동차 삼척시 모델별 보조금,2024,삼척시
화물(소형),일진정공,일진무시동전기냉동탑차(포터),1363,689.0,2052.0,2024년도 전기자동차 삼척시 모델별 보조금,2024,삼척시
화물(소형),루트17,다니고C(0.8톤 전기트럭),1068,570.0,1638.0,2024년도 전기자동차 삼척시 모델별 보조금,2024,삼척시
화물(소형),루트17,다니고C2(0.8톤 전기트럭),268,156.0,424.0,2024년도 전기자동차 삼척시 모델별 보조금,2024,삼척시
화물(소형),루트17,다니고R(전기냉동탑차),1224,613.0,1837.0,2024년도 전기자동차 삼척시 모델별 보조금,2024,삼척시
화물(소형),루트17,다니고R2(무시동 전기냉동탑차),1123,563.0,1686.0,2024년도 전기자동차 삼척시 모델별 보조금,2024,삼척시
화물(소형),루트17,e-TOVI,464,271.0,735.0,2024년도 전기자동차 삼척시 모델별 보조금,2024,삼척시
화물(소형),이브이케이엠씨,MASADA 픽업,295,172.0,467.0,2024년도 전기자동차 삼척시 모델별 보조금,2024,삼척시
화물(소형),이브이케이엠씨,MASADA 3세대 2밴,274,160.0,434.0,2024년도 전기자동차 삼척시 모델별 보조금,2024,삼척시
화물(소형),이브이케이엠씨,MASADA 3세대 4밴,246,144.0,390.0,2024년도 전기자동차 삼척시 모델별 보조금,2024,삼척시
화물(소형),이브이케이엠씨,MASADA 2밴,299,175.0,474.0,2024년도 전기자동차 삼척시 모델별 보조금,2024,삼척시
화물(소형),이브이케이엠씨,MASADA 4밴,269,157.0,426.0,2024년도 전기자동차 삼척시 모델별 보조금,2024,삼척시
화물(소형),이브이케이엠씨,EC35 2밴,194,113.0,307.0,2024년도 전기자동차 삼척시 모델별 보조금,2024,삼척시
화물(소형),제이스모빌리티,이티밴,405,237.0,642.0,2024년도 전기자동차 삼척시 모델별 보조금,2024,삼척시
화물(소형),제이스모빌리티,이티4밴,364,213.0,577.0,2024년도 전기자동차 삼척시 모델별 보조금,2024,삼척시
화물(소형),제이스모빌리티,이티밴 미니 2인승,412,241.0,653.0,2024년도 전기자동차 삼척시 모델별 보조금,2024,삼척시
화물(소형),제이스모빌리티,이티밴 미니 4인승,412,241.0,653.0,2024년도 전기자동차 삼척시 모델별 보조금,2024,삼척시
화물(소형),제이스모빌리티,이티밴 프로 2인승,412,241.0,653.0,2024년도 전기자동차 삼척시 모델별 보조금,2024,삼척시
화물(소형),제이스모빌리티,이티밴 프로 4인승,412,241.0,653.0,2024년도 전기자동차 삼척시 모델별 보조금,2024,삼척시
화물(소형),오텍,오텍 무시동 전기 냉동탑차(봉고),1118,597.0,1715.0,2024년도 전기자동차 삼척시 모델별 보조금,2024,삼척시
화물(소형),이엔플러스,이엔1톤롱바디카고,850,497.0,1347.0,2024년도 전기자동차 삼척시 모델별 보조금,2024,삼척시
화물(소형),이엔플러스,이엔플러스EV1톤롱바디트럭,895,523.0,1418.0,2024년도 전기자동차 삼척시 모델별 보조금,2024,삼척시
화물(소형),GS글로벌,T4K,462,270.0,732.0,2024년도 전기자동차 삼척시 모델별 보조금,2024,삼척시
화물(소형),GS글로벌,T4K 냉동탑차,711,380.0,1091.0,2024년도 전기자동차 삼척시 모델별 보조금,2024,삼척시
화물(소형),에스에스라이트,젤라,336,196.0,532.0,2024년도 전기자동차 삼척시 모델별 보조금,2024,삼척시
화물(소형),에스에스라이트,젤라 P200,478,279.0,757.0,2024년도 전기자동차 삼척시 모델별 보조금,2024,삼척시
화물(소형),한국쓰리축,한국쓰리축1톤롱바디EV트럭(봉고),837,490.0,1327.0,2024년도 전기자동차 삼척시 모델별 보조금,2024,삼척시
화물(소형),한국쓰리축,한국쓰리축1톤롱바디EV트럭(포터),855,500.0,1355.0,2024년도 전기자동차 삼척시 모델별 보조금,2024,삼척시
화물(소형),모빌리티네트웍스,SE-A2밴,333,194.0,527.0,2024년도 전기자동차 삼척시 모델별 보조금,2024,삼척시
화물(소형),피닉스코리아,썬라이즈-T01,412,241.0,653.0,2024년도 전기자동차 삼척시 모델별 보조금,2024,삼척시
화물(소형),케이지모빌리티,토레스 EVX VAN 20인치,392,173.0,565.0,2024년도 전기자동차 삼척시 모델별 보조금,2024,삼척시
화물(소형),케이지모빌리티,토레스 EVX VAN 18인치,394,174.0,568.0,2024년도 전기자동차 삼척시 모델별 보조금,2024,삼척시
화물(소형),한국상용트럭,한국상용1톤롱바디EV카고트럭,818,478.0,1296.0,2024년도 전기자동차 삼척시 모델별 보조금,2024,삼척시
화물(소형),한국상용트럭,한국상용0.9톤롱바디EV내장탑트럭,593,347.0,940.0,2024년도 전기자동차 삼척시 모델별 보조금,2024,삼척시
화물(소형),센트로에이케이,E-CV1,282,165.0,447.0,2024년도 전기자동차 삼척시 모델별 보조금,2024,삼척시
화물(소형),파츠몰에이투지,SW40,412,241.0,653.0,2024년도 전기자동차 삼척시 모델별 보조금,2024,삼척시
화물(소형),이브이앤솔루션,STEGO-Z,540,316.0,856.0,2024년도 전기자동차 삼척시 모델별 보조금,2024,삼척시
화물(초소형),마스타전기차,MASTA VAN,400,395.0,795.0,2024년도 전기자동차 홍천군 모델별 보조금,2024,홍천군
화물(초소형),마스타전기차,MASTA HIM,400,395.0,795.0,2024년도 전기자동차 홍천군 모델별 보조금,2024,홍천군
화물(초소형),디피코,포트로-탑,400,395.0,795.0,2024년도 전기자동차 홍천군 모델별 보조금,2024,홍천군
화물(초소형),디피코,포트로-픽업,400,395.0,795.0,2024년도 전기자동차 홍천군 모델별 보조금,2024,홍천군
화물(초소형),디피코,포트로-탑S,400,395.0,795.0,2024년도 전기자동차 홍천군 모델별 보조금,2024,홍천군
화물(초소형),디피코,포트로-픽업S,400,395.0,795.0,2024년도 전기자동차 홍천군 모델별 보조금,2024,홍천군
화물(초소형),마이브,베프,400,0.0,400.0,2024년도 전기자동차 홍천군 모델별 보조금,2024,홍천군
화물(경형),디피코,포트로350L-탑,788,709.0,1497.0,2024년도 전기자동차 홍천군 모델별 보조금,2024,홍천군
화물(경형),디피코,포트로350L-픽업,788,709.0,1497.0,2024년도 전기자동차 홍천군 모델별 보조금,2024,홍천군
화물(소형),파워프라자,봉고3ev PEACE,554,324.0,878.0,2024년도 전기자동차 홍천군 모델별 보조금,2024,홍천군
화물(소형),파워프라자,봉고3ev PEACE 더블캡,481,281.0,762.0,2024년도 전기자동차 홍천군 모델별 보조금,2024,홍천군
화물(소형),현대자동차,포터Ⅱ 일렉트릭(23MY),1090,614.0,1704.0,2024년도 전기자동차 홍천군 모델별 보조금,2024,홍천군
화물(소형),현대자동차,포터Ⅱ 일렉트릭(24MY),1090,614.0,1704.0,2024년도 전기자동차 홍천군 모델별 보조금,2024,홍천군
화물(소형),현대자동차,ST1 기본형 카고 17인치,1100,644.0,1744.0,2024년도 전기자동차 홍천군 모델별 보조금,2024,홍천군
화물(소형),현대자동차,ST1 기본형 카고 냉동 17인치,1450,774.0,2224.0,2024년도 전기자동차 홍천군 모델별 보조금,2024,홍천군
화물(소형),현대자동차,ST1 기본형 하이탑 17인치,1100,644.0,1744.0,2024년도 전기자동차 홍천군 모델별 보조금,2024,홍천군
화물(소형),기아,봉고 전기차,1130,614.0,1744.0,2024년도 전기자동차 홍천군 모델별 보조금,2024,홍천군
화물(소형),기아,봉고 전기차 냉동탑차,1330,673.0,2003.0,2024년도 전기자동차 홍천군 모델별 보조금,2024,홍천군
화물(소형),기아,봉고 전기차 저상형 냉동탑차,1330,673.0,2003.0,2024년도 전기자동차 홍천군 모델별 보조금,2024,홍천군
화물(소형),일진정공,일진무시동전기냉동탑차(149.9km),916,489.0,1405.0,2024년도 전기자동차 홍천군 모델별 보조금,2024,홍천군
화물(소형),일진정공,일진무시동전기냉동탑차(186.1km),1169,624.0,1793.0,2024년도 전기자동차 홍천군 모델별 보조금,2024,홍천군
화물(소형),일진정공,일진무시동전기냉동탑차(봉고),1379,698.0,2077.0,2024년도 전기자동차 홍천군 모델별 보조금,2024,홍천군
화물(소형),일진정공,일진무시동전기냉동탑차(포터),1363,689.0,2052.0,2024년도 전기자동차 홍천군 모델별 보조금,2024,홍천군
화물(소형),루트17,다니고C(0.8톤 전기트럭),1068,570.0,1638.0,2024년도 전기자동차 홍천군 모델별 보조금,2024,홍천군
화물(소형),루트17,다니고C2(0.8톤 전기트럭),268,156.0,424.0,2024년도 전기자동차 홍천군 모델별 보조금,2024,홍천군
화물(소형),루트17,다니고R(전기냉동탑차),1224,613.0,1837.0,2024년도 전기자동차 홍천군 모델별 보조금,2024,홍천군
화물(소형),루트17,다니고R2(무시동 전기냉동탑차),1123,563.0,1686.0,2024년도 전기자동차 홍천군 모델별 보조금,2024,홍천군
화물(소형),루트17,e-TOVI,464,271.0,735.0,2024년도 전기자동차 홍천군 모델별 보조금,2024,홍천군
화물(소형),이브이케이엠씨,MASADA 픽업,295,172.0,467.0,2024년도 전기자동차 홍천군 모델별 보조금,2024,홍천군
화물(소형),이브이케이엠씨,MASADA 3세대 2밴,274,160.0,434.0,2024년도 전기자동차 홍천군 모델별 보조금,2024,홍천군
화물(소형),이브이케이엠씨,MASADA 3세대 4밴,246,144.0,390.0,2024년도 전기자동차 홍천군 모델별 보조금,2024,홍천군
화물(소형),이브이케이엠씨,MASADA 2밴,299,175.0,474.0,2024년도 전기자동차 홍천군 모델별 보조금,2024,홍천군
화물(소형),이브이케이엠씨,MASADA 4밴,269,157.0,426.0,2024년도 전기자동차 홍천군 모델별 보조금,2024,홍천군
화물(소형),이브이케이엠씨,EC35 2밴,194,113.0,307.0,2024년도 전기자동차 홍천군 모델별 보조금,2024,홍천군
화물(소형),제이스모빌리티,이티밴,405,237.0,642.0,2024년도 전기자동차 홍천군 모델별 보조금,2024,홍천군
화물(소형),제이스모빌리티,이티4밴,364,213.0,577.0,2024년도 전기자동차 홍천군 모델별 보조금,2024,홍천군
화물(소형),제이스모빌리티,이티밴 미니 2인승,412,241.0,653.0,2024년도 전기자동차 홍천군 모델별 보조금,2024,홍천군
화물(소형),제이스모빌리티,이티밴 미니 4인승,412,241.0,653.0,2024년도 전기자동차 홍천군 모델별 보조금,2024,홍천군
화물(소형),제이스모빌리티,이티밴 프로 2인승,412,241.0,653.0,2024년도 전기자동차 홍천군 모델별 보조금,2024,홍천군
화물(소형),제이스모빌리티,이티밴 프로 4인승,412,241.0,653.0,2024년도 전기자동차 홍천군 모델별 보조금,2024,홍천군
화물(소형),오텍,오텍 무시동 전기 냉동탑차(봉고),1118,597.0,1715.0,2024년도 전기자동차 홍천군 모델별 보조금,2024,홍천군
화물(소형),이엔플러스,이엔1톤롱바디카고,850,497.0,1347.0,2024년도 전기자동차 홍천군 모델별 보조금,2024,홍천군
화물(소형),이엔플러스,이엔플러스EV1톤롱바디트럭,895,523.0,1418.0,2024년도 전기자동차 홍천군 모델별 보조금,2024,홍천군
화물(소형),GS글로벌,T4K,462,270.0,732.0,2024년도 전기자동차 홍천군 모델별 보조금,2024,홍천군
화물(소형),GS글로벌,T4K 냉동탑차,711,380.0,1091.0,2024년도 전기자동차 홍천군 모델별 보조금,2024,홍천군
화물(소형),에스에스라이트,젤라,336,196.0,532.0,2024년도 전기자동차 홍천군 모델별 보조금,2024,홍천군
화물(소형),에스에스라이트,젤라 P200,478,279.0,757.0,2024년도 전기자동차 홍천군 모델별 보조금,2024,홍천군
화물(소형),한국쓰리축,한국쓰리축1톤롱바디EV트럭(봉고),837,490.0,1327.0,2024년도 전기자동차 홍천군 모델별 보조금,2024,홍천군
화물(소형),한국쓰리축,한국쓰리축1톤롱바디EV트럭(포터),855,500.0,1355.0,2024년도 전기자동차 홍천군 모델별 보조금,2024,홍천군
화물(소형),모빌리티네트웍스,SE-A2밴,333,194.0,527.0,2024년도 전기자동차 홍천군 모델별 보조금,2024,홍천군
화물(소형),피닉스코리아,썬라이즈-T01,412,241.0,653.0,2024년도 전기자동차 홍천군 모델별 보조금,2024,홍천군
화물(소형),케이지모빌리티,토레스 EVX VAN 20인치,392,173.0,565.0,2024년도 전기자동차 홍천군 모델별 보조금,2024,홍천군
화물(소형),케이지모빌리티,토레스 EVX VAN 18인치,394,174.0,568.0,2024년도 전기자동차 홍천군 모델별 보조금,2024,홍천군
화물(소형),한국상용트럭,한국상용1톤롱바디EV카고트럭,818,478.0,1296.0,2024년도 전기자동차 홍천군 모델별 보조금,2024,홍천군
화물(소형),한국상용트럭,한국상용0.9톤롱바디EV내장탑트럭,593,347.0,940.0,2024년도 전기자동차 홍천군 모델별 보조금,2024,홍천군
화물(소형),센트로에이케이,E-CV1,282,165.0,447.0,2024년도 전기자동차 홍천군 모델별 보조금,2024,홍천군
화물(소형),파츠몰에이투지,SW40,412,241.0,653.0,2024년도 전기자동차 홍천군 모델별 보조금,2024,홍천군
화물(소형),이브이앤솔루션,STEGO-Z,540,316.0,856.0,2024년도 전기자동차 홍천군 모델별 보조금,2024,홍천군
화물(초소형),마스타전기차,MASTA VAN,400,395.0,795.0,2024년도 전기자동차 영월군 모델별 보조금,2024,영월군
화물(초소형),마스타전기차,MASTA HIM,400,395.0,795.0,2024년도 전기자동차 영월군 모델별 보조금,2024,영월군
화물(초소형),디피코,포트로-탑,400,395.0,795.0,2024년도 전기자동차 영월군 모델별 보조금,2024,영월군
화물(초소형),디피코,포트로-픽업,400,395.0,795.0,2024년도 전기자동차 영월군 모델별 보조금,2024,영월군
화물(초소형),디피코,포트로-탑S,400,395.0,795.0,2024년도 전기자동차 영월군 모델별 보조금,2024,영월군
화물(초소형),디피코,포트로-픽업S,400,395.0,795.0,2024년도 전기자동차 영월군 모델별 보조금,2024,영월군
화물(초소형),마이브,베프,400,395.0,795.0,2024년도 전기자동차 영월군 모델별 보조금,2024,영월군
화물(경형),디피코,포트로350L-탑,788,709.0,1497.0,2024년도 전기자동차 영월군 모델별 보조금,2024,영월군
화물(경형),디피코,포트로350L-픽업,788,709.0,1497.0,2024년도 전기자동차 영월군 모델별 보조금,2024,영월군
화물(소형),파워프라자,봉고3ev PEACE,554,324.0,878.0,2024년도 전기자동차 영월군 모델별 보조금,2024,영월군
화물(소형),파워프라자,봉고3ev PEACE 더블캡,481,281.0,762.0,2024년도 전기자동차 영월군 모델별 보조금,2024,영월군
화물(소형),현대자동차,포터Ⅱ 일렉트릭(23MY),1090,614.0,1704.0,2024년도 전기자동차 영월군 모델별 보조금,2024,영월군
화물(소형),현대자동차,포터Ⅱ 일렉트릭(24MY),1090,614.0,1704.0,2024년도 전기자동차 영월군 모델별 보조금,2024,영월군
화물(소형),현대자동차,ST1 기본형 카고 17인치,1100,644.0,1744.0,2024년도 전기자동차 영월군 모델별 보조금,2024,영월군
화물(소형),현대자동차,ST1 기본형 카고 냉동 17인치,1450,774.0,2224.0,2024년도 전기자동차 영월군 모델별 보조금,2024,영월군
화물(소형),현대자동차,ST1 기본형 하이탑 17인치,1100,644.0,1744.0,2024년도 전기자동차 영월군 모델별 보조금,2024,영월군
화물(소형),기아,봉고 전기차,1130,614.0,1744.0,2024년도 전기자동차 영월군 모델별 보조금,2024,영월군
화물(소형),기아,봉고 전기차 냉동탑차,1330,673.0,2003.0,2024년도 전기자동차 영월군 모델별 보조금,2024,영월군
화물(소형),기아,봉고 전기차 저상형 냉동탑차,1330,673.0,2003.0,2024년도 전기자동차 영월군 모델별 보조금,2024,영월군
화물(소형),일진정공,일진무시동전기냉동탑차(149.9km),916,489.0,1405.0,2024년도 전기자동차 영월군 모델별 보조금,2024,영월군
화물(소형),일진정공,일진무시동전기냉동탑차(186.1km),1169,624.0,1793.0,2024년도 전기자동차 영월군 모델별 보조금,2024,영월군
화물(소형),일진정공,일진무시동전기냉동탑차(봉고),1379,698.0,2077.0,2024년도 전기자동차 영월군 모델별 보조금,2024,영월군
화물(소형),일진정공,일진무시동전기냉동탑차(포터),1363,689.0,2052.0,2024년도 전기자동차 영월군 모델별 보조금,2024,영월군
화물(소형),루트17,다니고C(0.8톤 전기트럭),1068,570.0,1638.0,2024년도 전기자동차 영월군 모델별 보조금,2024,영월군
화물(소형),루트17,다니고C2(0.8톤 전기트럭),268,156.0,424.0,2024년도 전기자동차 영월군 모델별 보조금,2024,영월군
화물(소형),루트17,다니고R(전기냉동탑차),1224,613.0,1837.0,2024년도 전기자동차 영월군 모델별 보조금,2024,영월군
화물(소형),루트17,다니고R2(무시동 전기냉동탑차),1123,563.0,1686.0,2024년도 전기자동차 영월군 모델별 보조금,2024,영월군
화물(소형),루트17,e-TOVI,464,271.0,735.0,2024년도 전기자동차 영월군 모델별 보조금,2024,영월군
화물(소형),이브이케이엠씨,MASADA 픽업,295,172.0,467.0,2024년도 전기자동차 영월군 모델별 보조금,2024,영월군
화물(소형),이브이케이엠씨,MASADA 3세대 2밴,274,160.0,434.0,2024년도 전기자동차 영월군 모델별 보조금,2024,영월군
화물(소형),이브이케이엠씨,MASADA 3세대 4밴,246,144.0,390.0,2024년도 전기자동차 영월군 모델별 보조금,2024,영월군
화물(소형),이브이케이엠씨,MASADA 2밴,299,175.0,474.0,2024년도 전기자동차 영월군 모델별 보조금,2024,영월군
화물(소형),이브이케이엠씨,MASADA 4밴,269,157.0,426.0,2024년도 전기자동차 영월군 모델별 보조금,2024,영월군
화물(소형),이브이케이엠씨,EC35 2밴,194,113.0,307.0,2024년도 전기자동차 영월군 모델별 보조금,2024,영월군
화물(소형),제이스모빌리티,이티밴,405,237.0,642.0,2024년도 전기자동차 영월군 모델별 보조금,2024,영월군
화물(소형),제이스모빌리티,이티4밴,364,213.0,577.0,2024년도 전기자동차 영월군 모델별 보조금,2024,영월군
화물(소형),제이스모빌리티,이티밴 미니 2인승,412,241.0,653.0,2024년도 전기자동차 영월군 모델별 보조금,2024,영월군
화물(소형),제이스모빌리티,이티밴 미니 4인승,412,241.0,653.0,2024년도 전기자동차 영월군 모델별 보조금,2024,영월군
화물(소형),제이스모빌리티,이티밴 프로 2인승,412,241.0,653.0,2024년도 전기자동차 영월군 모델별 보조금,2024,영월군
화물(소형),제이스모빌리티,이티밴 프로 4인승,412,241.0,653.0,2024년도 전기자동차 영월군 모델별 보조금,2024,영월군
화물(소형),오텍,오텍 무시동 전기 냉동탑차(봉고),1118,597.0,1715.0,2024년도 전기자동차 영월군 모델별 보조금,2024,영월군
화물(소형),이엔플러스,이엔1톤롱바디카고,850,497.0,1347.0,2024년도 전기자동차 영월군 모델별 보조금,2024,영월군
화물(소형),이엔플러스,이엔플러스EV1톤롱바디트럭,895,523.0,1418.0,2024년도 전기자동차 영월군 모델별 보조금,2024,영월군
화물(소형),GS글로벌,T4K,462,270.0,732.0,2024년도 전기자동차 영월군 모델별 보조금,2024,영월군
화물(소형),GS글로벌,T4K 냉동탑차,711,380.0,1091.0,2024년도 전기자동차 영월군 모델별 보조금,2024,영월군
화물(소형),에스에스라이트,젤라,336,196.0,532.0,2024년도 전기자동차 영월군 모델별 보조금,2024,영월군
화물(소형),에스에스라이트,젤라 P200,478,279.0,757.0,2024년도 전기자동차 영월군 모델별 보조금,2024,영월군
화물(소형),한국쓰리축,한국쓰리축1톤롱바디EV트럭(봉고),837,490.0,1327.0,2024년도 전기자동차 영월군 모델별 보조금,2024,영월군
화물(소형),한국쓰리축,한국쓰리축1톤롱바디EV트럭(포터),855,500.0,1355.0,2024년도 전기자동차 영월군 모델별 보조금,2024,영월군
화물(소형),모빌리티네트웍스,SE-A2밴,333,194.0,527.0,2024년도 전기자동차 영월군 모델별 보조금,2024,영월군
화물(소형),피닉스코리아,썬라이즈-T01,412,241.0,653.0,2024년도 전기자동차 영월군 모델별 보조금,2024,영월군
화물(소형),케이지모빌리티,토레스 EVX VAN 20인치,392,173.0,565.0,2024년도 전기자동차 영월군 모델별 보조금,2024,영월군
화물(소형),케이지모빌리티,토레스 EVX VAN 18인치,394,174.0,568.0,2024년도 전기자동차 영월군 모델별 보조금,2024,영월군
화물(소형),한국상용트럭,한국상용1톤롱바디EV카고트럭,818,478.0,1296.0,2024년도 전기자동차 영월군 모델별 보조금,2024,영월군
화물(소형),한국상용트럭,한국상용0.9톤롱바디EV내장탑트럭,593,347.0,940.0,2024년도 전기자동차 영월군 모델별 보조금,2024,영월군
화물(소형),센트로에이케이,E-CV1,282,165.0,447.0,2024년도 전기자동차 영월군 모델별 보조금,2024,영월군
화물(소형),파츠몰에이투지,SW40,412,241.0,653.0,2024년도 전기자동차 영월군 모델별 보조금,2024,영월군
화물(소형),이브이앤솔루션,STEGO-Z,540,316.0,856.0,2024년도 전기자동차 영월군 모델별 보조금,2024,영월군
화물(초소형),마스타전기차,MASTA VAN,400,395.0,795.0,2024년도 전기자동차 평창군 모델별 보조금,2024,평창군
화물(초소형),마스타전기차,MASTA HIM,400,395.0,795.0,2024년도 전기자동차 평창군 모델별 보조금,2024,평창군
화물(초소형),디피코,포트로-탑,400,395.0,795.0,2024년도 전기자동차 평창군 모델별 보조금,2024,평창군
화물(초소형),디피코,포트로-픽업,400,395.0,795.0,2024년도 전기자동차 평창군 모델별 보조금,2024,평창군
화물(초소형),디피코,포트로-탑S,400,395.0,795.0,2024년도 전기자동차 평창군 모델별 보조금,2024,평창군
화물(초소형),디피코,포트로-픽업S,400,395.0,795.0,2024년도 전기자동차 평창군 모델별 보조금,2024,평창군
화물(초소형),마이브,베프,400,395.0,795.0,2024년도 전기자동차 평창군 모델별 보조금,2024,평창군
화물(경형),디피코,포트로350L-탑,788,709.0,1497.0,2024년도 전기자동차 평창군 모델별 보조금,2024,평창군
화물(경형),디피코,포트로350L-픽업,788,709.0,1497.0,2024년도 전기자동차 평창군 모델별 보조금,2024,평창군
화물(소형),파워프라자,봉고3ev PEACE,554,324.0,878.0,2024년도 전기자동차 평창군 모델별 보조금,2024,평창군
화물(소형),파워프라자,봉고3ev PEACE 더블캡,481,281.0,762.0,2024년도 전기자동차 평창군 모델별 보조금,2024,평창군
화물(소형),현대자동차,포터Ⅱ 일렉트릭(23MY),1090,614.0,1704.0,2024년도 전기자동차 평창군 모델별 보조금,2024,평창군
화물(소형),현대자동차,포터Ⅱ 일렉트릭(24MY),1090,614.0,1704.0,2024년도 전기자동차 평창군 모델별 보조금,2024,평창군
화물(소형),현대자동차,ST1 기본형 카고 17인치,1100,644.0,1744.0,2024년도 전기자동차 평창군 모델별 보조금,2024,평창군
화물(소형),현대자동차,ST1 기본형 카고 냉동 17인치,1450,774.0,2224.0,2024년도 전기자동차 평창군 모델별 보조금,2024,평창군
화물(소형),현대자동차,ST1 기본형 하이탑 17인치,1100,644.0,1744.0,2024년도 전기자동차 평창군 모델별 보조금,2024,평창군
화물(소형),기아,봉고 전기차,1130,614.0,1744.0,2024년도 전기자동차 평창군 모델별 보조금,2024,평창군
화물(소형),기아,봉고 전기차 냉동탑차,1330,673.0,2003.0,2024년도 전기자동차 평창군 모델별 보조금,2024,평창군
화물(소형),기아,봉고 전기차 저상형 냉동탑차,1330,673.0,2003.0,2024년도 전기자동차 평창군 모델별 보조금,2024,평창군
화물(소형),일진정공,일진무시동전기냉동탑차(149.9km),916,489.0,1405.0,2024년도 전기자동차 평창군 모델별 보조금,2024,평창군
화물(소형),일진정공,일진무시동전기냉동탑차(186.1km),1169,624.0,1793.0,2024년도 전기자동차 평창군 모델별 보조금,2024,평창군
화물(소형),일진정공,일진무시동전기냉동탑차(봉고),1379,698.0,2077.0,2024년도 전기자동차 평창군 모델별 보조금,2024,평창군
화물(소형),일진정공,일진무시동전기냉동탑차(포터),1363,689.0,2052.0,2024년도 전기자동차 평창군 모델별 보조금,2024,평창군
화물(소형),루트17,다니고C(0.8톤 전기트럭),1068,570.0,1638.0,2024년도 전기자동차 평창군 모델별 보조금,2024,평창군
화물(소형),루트17,다니고C2(0.8톤 전기트럭),268,156.0,424.0,2024년도 전기자동차 평창군 모델별 보조금,2024,평창군
화물(소형),루트17,다니고R(전기냉동탑차),1224,613.0,1837.0,2024년도 전기자동차 평창군 모델별 보조금,2024,평창군
화물(소형),루트17,다니고R2(무시동 전기냉동탑차),1123,563.0,1686.0,2024년도 전기자동차 평창군 모델별 보조금,2024,평창군
화물(소형),루트17,e-TOVI,464,271.0,735.0,2024년도 전기자동차 평창군 모델별 보조금,2024,평창군
화물(소형),이브이케이엠씨,MASADA 픽업,295,172.0,467.0,2024년도 전기자동차 평창군 모델별 보조금,2024,평창군
화물(소형),이브이케이엠씨,MASADA 3세대 2밴,274,160.0,434.0,2024년도 전기자동차 평창군 모델별 보조금,2024,평창군
화물(소형),이브이케이엠씨,MASADA 3세대 4밴,246,144.0,390.0,2024년도 전기자동차 평창군 모델별 보조금,2024,평창군
화물(소형),이브이케이엠씨,MASADA 2밴,299,175.0,474.0,2024년도 전기자동차 평창군 모델별 보조금,2024,평창군
화물(소형),이브이케이엠씨,MASADA 4밴,269,157.0,426.0,2024년도 전기자동차 평창군 모델별 보조금,2024,평창군
화물(소형),이브이케이엠씨,EC35 2밴,194,113.0,307.0,2024년도 전기자동차 평창군 모델별 보조금,2024,평창군
화물(소형),제이스모빌리티,이티밴,405,237.0,642.0,2024년도 전기자동차 평창군 모델별 보조금,2024,평창군
화물(소형),제이스모빌리티,이티4밴,364,213.0,577.0,2024년도 전기자동차 평창군 모델별 보조금,2024,평창군
화물(소형),제이스모빌리티,이티밴 미니 2인승,412,241.0,653.0,2024년도 전기자동차 평창군 모델별 보조금,2024,평창군
화물(소형),제이스모빌리티,이티밴 미니 4인승,412,241.0,653.0,2024년도 전기자동차 평창군 모델별 보조금,2024,평창군
화물(소형),제이스모빌리티,이티밴 프로 2인승,412,241.0,653.0,2024년도 전기자동차 평창군 모델별 보조금,2024,평창군
화물(소형),제이스모빌리티,이티밴 프로 4인승,412,241.0,653.0,2024년도 전기자동차 평창군 모델별 보조금,2024,평창군
화물(소형),오텍,오텍 무시동 전기 냉동탑차(봉고),1118,597.0,1715.0,2024년도 전기자동차 평창군 모델별 보조금,2024,평창군
화물(소형),이엔플러스,이엔1톤롱바디카고,850,497.0,1347.0,2024년도 전기자동차 평창군 모델별 보조금,2024,평창군
화물(소형),이엔플러스,이엔플러스EV1톤롱바디트럭,895,523.0,1418.0,2024년도 전기자동차 평창군 모델별 보조금,2024,평창군
화물(소형),GS글로벌,T4K,462,270.0,732.0,2024년도 전기자동차 평창군 모델별 보조금,2024,평창군
화물(소형),GS글로벌,T4K 냉동탑차,711,380.0,1091.0,2024년도 전기자동차 평창군 모델별 보조금,2024,평창군
화물(소형),에스에스라이트,젤라,336,196.0,532.0,2024년도 전기자동차 평창군 모델별 보조금,2024,평창군
화물(소형),에스에스라이트,젤라 P200,478,279.0,757.0,2024년도 전기자동차 평창군 모델별 보조금,2024,평창군
화물(소형),한국쓰리축,한국쓰리축1톤롱바디EV트럭(봉고),837,490.0,1327.0,2024년도 전기자동차 평창군 모델별 보조금,2024,평창군
화물(소형),한국쓰리축,한국쓰리축1톤롱바디EV트럭(포터),855,500.0,1355.0,2024년도 전기자동차 평창군 모델별 보조금,2024,평창군
화물(소형),모빌리티네트웍스,SE-A2밴,333,194.0,527.0,2024년도 전기자동차 평창군 모델별 보조금,2024,평창군
화물(소형),피닉스코리아,썬라이즈-T01,412,241.0,653.0,2024년도 전기자동차 평창군 모델별 보조금,2024,평창군
화물(소형),케이지모빌리티,토레스 EVX VAN 20인치,392,173.0,565.0,2024년도 전기자동차 평창군 모델별 보조금,2024,평창군
화물(소형),케이지모빌리티,토레스 EVX VAN 18인치,394,174.0,568.0,2024년도 전기자동차 평창군 모델별 보조금,2024,평창군
화물(소형),한국상용트럭,한국상용1톤롱바디EV카고트럭,818,478.0,1296.0,2024년도 전기자동차 평창군 모델별 보조금,2024,평창군
화물(소형),한국상용트럭,한국상용0.9톤롱바디EV내장탑트럭,593,347.0,940.0,2024년도 전기자동차 평창군 모델별 보조금,2024,평창군
화물(소형),센트로에이케이,E-CV1,282,165.0,447.0,2024년도 전기자동차 평창군 모델별 보조금,2024,평창군
화물(소형),파츠몰에이투지,SW40,412,241.0,653.0,2024년도 전기자동차 평창군 모델별 보조금,2024,평창군
화물(소형),이브이앤솔루션,STEGO-Z,540,316.0,856.0,2024년도 전기자동차 평창군 모델별 보조금,2024,평창군
화물(초소형),마스타전기차,MASTA VAN,400,395.0,795.0,2024년도 전기자동차 정선군 모델별 보조금,2024,정선군
화물(초소형),마스타전기차,MASTA HIM,400,395.0,795.0,2024년도 전기자동차 정선군 모델별 보조금,2024,정선군
화물(초소형),디피코,포트로-탑,400,395.0,795.0,2024년도 전기자동차 정선군 모델별 보조금,2024,정선군
화물(초소형),디피코,포트로-픽업,400,395.0,795.0,2024년도 전기자동차 정선군 모델별 보조금,2024,정선군
화물(초소형),디피코,포트로-탑S,400,395.0,795.0,2024년도 전기자동차 정선군 모델별 보조금,2024,정선군
화물(초소형),디피코,포트로-픽업S,400,395.0,795.0,2024년도 전기자동차 정선군 모델별 보조금,2024,정선군
화물(초소형),마이브,베프,400,395.0,795.0,2024년도 전기자동차 정선군 모델별 보조금,2024,정선군
화물(경형),디피코,포트로350L-탑,788,709.0,1497.0,2024년도 전기자동차 정선군 모델별 보조금,2024,정선군
화물(경형),디피코,포트로350L-픽업,788,709.0,1497.0,2024년도 전기자동차 정선군 모델별 보조금,2024,정선군
화물(소형),파워프라자,봉고3ev PEACE,554,324.0,878.0,2024년도 전기자동차 정선군 모델별 보조금,2024,정선군
화물(소형),파워프라자,봉고3ev PEACE 더블캡,481,281.0,762.0,2024년도 전기자동차 정선군 모델별 보조금,2024,정선군
화물(소형),현대자동차,포터Ⅱ 일렉트릭(23MY),1090,614.0,1704.0,2024년도 전기자동차 정선군 모델별 보조금,2024,정선군
화물(소형),현대자동차,포터Ⅱ 일렉트릭(24MY),1090,614.0,1704.0,2024년도 전기자동차 정선군 모델별 보조금,2024,정선군
화물(소형),현대자동차,ST1 기본형 카고 17인치,1100,644.0,1744.0,2024년도 전기자동차 정선군 모델별 보조금,2024,정선군
화물(소형),현대자동차,ST1 기본형 카고 냉동 17인치,1450,774.0,2224.0,2024년도 전기자동차 정선군 모델별 보조금,2024,정선군
화물(소형),현대자동차,ST1 기본형 하이탑 17인치,1100,644.0,1744.0,2024년도 전기자동차 정선군 모델별 보조금,2024,정선군
화물(소형),기아,봉고 전기차,1130,614.0,1744.0,2024년도 전기자동차 정선군 모델별 보조금,2024,정선군
화물(소형),기아,봉고 전기차 냉동탑차,1330,673.0,2003.0,2024년도 전기자동차 정선군 모델별 보조금,2024,정선군
화물(소형),기아,봉고 전기차 저상형 냉동탑차,1330,673.0,2003.0,2024년도 전기자동차 정선군 모델별 보조금,2024,정선군
화물(소형),일진정공,일진무시동전기냉동탑차(149.9km),916,489.0,1405.0,2024년도 전기자동차 정선군 모델별 보조금,2024,정선군
화물(소형),일진정공,일진무시동전기냉동탑차(186.1km),1169,624.0,1793.0,2024년도 전기자동차 정선군 모델별 보조금,2024,정선군
화물(소형),일진정공,일진무시동전기냉동탑차(봉고),1379,698.0,2077.0,2024년도 전기자동차 정선군 모델별 보조금,2024,정선군
화물(소형),일진정공,일진무시동전기냉동탑차(포터),1363,689.0,2052.0,2024년도 전기자동차 정선군 모델별 보조금,2024,정선군
화물(소형),루트17,다니고C(0.8톤 전기트럭),1068,570.0,1638.0,2024년도 전기자동차 정선군 모델별 보조금,2024,정선군
화물(소형),루트17,다니고C2(0.8톤 전기트럭),268,156.0,424.0,2024년도 전기자동차 정선군 모델별 보조금,2024,정선군
화물(소형),루트17,다니고R(전기냉동탑차),1224,613.0,1837.0,2024년도 전기자동차 정선군 모델별 보조금,2024,정선군
화물(소형),루트17,다니고R2(무시동 전기냉동탑차),1123,563.0,1686.0,2024년도 전기자동차 정선군 모델별 보조금,2024,정선군
화물(소형),루트17,e-TOVI,464,271.0,735.0,2024년도 전기자동차 정선군 모델별 보조금,2024,정선군
화물(소형),이브이케이엠씨,MASADA 픽업,295,172.0,467.0,2024년도 전기자동차 정선군 모델별 보조금,2024,정선군
화물(소형),이브이케이엠씨,MASADA 3세대 2밴,274,160.0,434.0,2024년도 전기자동차 정선군 모델별 보조금,2024,정선군
화물(소형),이브이케이엠씨,MASADA 3세대 4밴,246,144.0,390.0,2024년도 전기자동차 정선군 모델별 보조금,2024,정선군
화물(소형),이브이케이엠씨,MASADA 2밴,299,175.0,474.0,2024년도 전기자동차 정선군 모델별 보조금,2024,정선군
화물(소형),이브이케이엠씨,MASADA 4밴,269,157.0,426.0,2024년도 전기자동차 정선군 모델별 보조금,2024,정선군
화물(소형),이브이케이엠씨,EC35 2밴,194,113.0,307.0,2024년도 전기자동차 정선군 모델별 보조금,2024,정선군
화물(소형),제이스모빌리티,이티밴,405,237.0,642.0,2024년도 전기자동차 정선군 모델별 보조금,2024,정선군
화물(소형),제이스모빌리티,이티4밴,364,213.0,577.0,2024년도 전기자동차 정선군 모델별 보조금,2024,정선군
화물(소형),제이스모빌리티,이티밴 미니 2인승,412,241.0,653.0,2024년도 전기자동차 정선군 모델별 보조금,2024,정선군
화물(소형),제이스모빌리티,이티밴 미니 4인승,412,241.0,653.0,2024년도 전기자동차 정선군 모델별 보조금,2024,정선군
화물(소형),제이스모빌리티,이티밴 프로 2인승,412,241.0,653.0,2024년도 전기자동차 정선군 모델별 보조금,2024,정선군
화물(소형),제이스모빌리티,이티밴 프로 4인승,412,241.0,653.0,2024년도 전기자동차 정선군 모델별 보조금,2024,정선군
화물(소형),오텍,오텍 무시동 전기 냉동탑차(봉고),1118,597.0,1715.0,2024년도 전기자동차 정선군 모델별 보조금,2024,정선군
화물(소형),이엔플러스,이엔1톤롱바디카고,850,497.0,1347.0,2024년도 전기자동차 정선군 모델별 보조금,2024,정선군
화물(소형),이엔플러스,이엔플러스EV1톤롱바디트럭,895,523.0,1418.0,2024년도 전기자동차 정선군 모델별 보조금,2024,정선군
화물(소형),GS글로벌,T4K,462,270.0,732.0,2024년도 전기자동차 정선군 모델별 보조금,2024,정선군
화물(소형),GS글로벌,T4K 냉동탑차,711,380.0,1091.0,2024년도 전기자동차 정선군 모델별 보조금,2024,정선군
화물(소형),에스에스라이트,젤라,336,196.0,532.0,2024년도 전기자동차 정선군 모델별 보조금,2024,정선군
화물(소형),에스에스라이트,젤라 P200,478,279.0,757.0,2024년도 전기자동차 정선군 모델별 보조금,2024,정선군
화물(소형),한국쓰리축,한국쓰리축1톤롱바디EV트럭(봉고),837,490.0,1327.0,2024년도 전기자동차 정선군 모델별 보조금,2024,정선군
화물(소형),한국쓰리축,한국쓰리축1톤롱바디EV트럭(포터),855,500.0,1355.0,2024년도 전기자동차 정선군 모델별 보조금,2024,정선군
화물(소형),모빌리티네트웍스,SE-A2밴,333,194.0,527.0,2024년도 전기자동차 정선군 모델별 보조금,2024,정선군
화물(소형),피닉스코리아,썬라이즈-T01,412,241.0,653.0,2024년도 전기자동차 정선군 모델별 보조금,2024,정선군
화물(소형),케이지모빌리티,토레스 EVX VAN 20인치,392,173.0,565.0,2024년도 전기자동차 정선군 모델별 보조금,2024,정선군
화물(소형),케이지모빌리티,토레스 EVX VAN 18인치,394,174.0,568.0,2024년도 전기자동차 정선군 모델별 보조금,2024,정선군
화물(소형),한국상용트럭,한국상용1톤롱바디EV카고트럭,818,478.0,1296.0,2024년도 전기자동차 정선군 모델별 보조금,2024,정선군
화물(소형),한국상용트럭,한국상용0.9톤롱바디EV내장탑트럭,593,347.0,940.0,2024년도 전기자동차 정선군 모델별 보조금,2024,정선군
화물(소형),센트로에이케이,E-CV1,282,165.0,447.0,2024년도 전기자동차 정선군 모델별 보조금,2024,정선군
화물(소형),파츠몰에이투지,SW40,412,241.0,653.0,2024년도 전기자동차 정선군 모델별 보조금,2024,정선군
화물(소형),이브이앤솔루션,STEGO-Z,540,316.0,856.0,2024년도 전기자동차 정선군 모델별 보조금,2024,정선군
화물(초소형),마스타전기차,MASTA VAN,400,395.0,795.0,2024년도 전기자동차 철원군 모델별 보조금,2024,철원군
화물(초소형),마스타전기차,MASTA HIM,400,395.0,795.0,2024년도 전기자동차 철원군 모델별 보조금,2024,철원군
화물(초소형),디피코,포트로-탑,400,395.0,795.0,2024년도 전기자동차 철원군 모델별 보조금,2024,철원군
화물(초소형),디피코,포트로-픽업,400,395.0,795.0,2024년도 전기자동차 철원군 모델별 보조금,2024,철원군
화물(초소형),디피코,포트로-탑S,400,395.0,795.0,2024년도 전기자동차 철원군 모델별 보조금,2024,철원군
화물(초소형),디피코,포트로-픽업S,400,395.0,795.0,2024년도 전기자동차 철원군 모델별 보조금,2024,철원군
화물(경형),디피코,포트로350L-탑,788,709.0,1497.0,2024년도 전기자동차 철원군 모델별 보조금,2024,철원군
화물(경형),디피코,포트로350L-픽업,788,709.0,1497.0,2024년도 전기자동차 철원군 모델별 보조금,2024,철원군
화물(소형),파워프라자,봉고3ev PEACE,554,324.0,878.0,2024년도 전기자동차 철원군 모델별 보조금,2024,철원군
화물(소형),파워프라자,봉고3ev PEACE 더블캡,481,281.0,762.0,2024년도 전기자동차 철원군 모델별 보조금,2024,철원군
화물(소형),현대자동차,포터Ⅱ 일렉트릭(23MY),1090,614.0,1704.0,2024년도 전기자동차 철원군 모델별 보조금,2024,철원군
화물(소형),현대자동차,포터Ⅱ 일렉트릭(24MY),1090,614.0,1704.0,2024년도 전기자동차 철원군 모델별 보조금,2024,철원군
화물(소형),현대자동차,ST1 기본형 카고 17인치,1100,644.0,1744.0,2024년도 전기자동차 철원군 모델별 보조금,2024,철원군
화물(소형),현대자동차,ST1 기본형 카고 냉동 17인치,1450,774.0,2224.0,2024년도 전기자동차 철원군 모델별 보조금,2024,철원군
화물(소형),기아,봉고 전기차,1130,614.0,1744.0,2024년도 전기자동차 철원군 모델별 보조금,2024,철원군
화물(소형),기아,봉고 전기차 냉동탑차,1330,673.0,2003.0,2024년도 전기자동차 철원군 모델별 보조금,2024,철원군
화물(소형),기아,봉고 전기차 저상형 냉동탑차,1330,673.0,2003.0,2024년도 전기자동차 철원군 모델별 보조금,2024,철원군
화물(소형),일진정공,일진무시동전기냉동탑차(149.9km),916,489.0,1405.0,2024년도 전기자동차 철원군 모델별 보조금,2024,철원군
화물(소형),일진정공,일진무시동전기냉동탑차(186.1km),1169,624.0,1793.0,2024년도 전기자동차 철원군 모델별 보조금,2024,철원군
화물(소형),일진정공,일진무시동전기냉동탑차(봉고),1379,698.0,2077.0,2024년도 전기자동차 철원군 모델별 보조금,2024,철원군
화물(소형),일진정공,일진무시동전기냉동탑차(포터),1363,692.0,2055.0,2024년도 전기자동차 철원군 모델별 보조금,2024,철원군
화물(소형),루트17,다니고C(0.8톤 전기트럭),1068,570.0,1638.0,2024년도 전기자동차 철원군 모델별 보조금,2024,철원군
화물(소형),루트17,다니고C2(0.8톤 전기트럭),268,156.0,424.0,2024년도 전기자동차 철원군 모델별 보조금,2024,철원군
화물(소형),루트17,다니고R(전기냉동탑차),1224,613.0,1837.0,2024년도 전기자동차 철원군 모델별 보조금,2024,철원군
화물(소형),루트17,다니고R2(무시동 전기냉동탑차),1123,563.0,1686.0,2024년도 전기자동차 철원군 모델별 보조금,2024,철원군
화물(소형),이브이케이엠씨,MASADA 픽업,295,172.0,467.0,2024년도 전기자동차 철원군 모델별 보조금,2024,철원군
화물(소형),이브이케이엠씨,MASADA 3세대 2밴,274,160.0,434.0,2024년도 전기자동차 철원군 모델별 보조금,2024,철원군
화물(소형),이브이케이엠씨,MASADA 3세대 4밴,246,144.0,390.0,2024년도 전기자동차 철원군 모델별 보조금,2024,철원군
화물(소형),이브이케이엠씨,MASADA 2밴,299,175.0,474.0,2024년도 전기자동차 철원군 모델별 보조금,2024,철원군
화물(소형),이브이케이엠씨,MASADA 4밴,269,157.0,426.0,2024년도 전기자동차 철원군 모델별 보조금,2024,철원군
화물(소형),이브이케이엠씨,EC35 2밴,194,113.0,307.0,2024년도 전기자동차 철원군 모델별 보조금,2024,철원군
화물(소형),제이스모빌리티,이티밴,405,237.0,642.0,2024년도 전기자동차 철원군 모델별 보조금,2024,철원군
화물(소형),제이스모빌리티,이티4밴,364,213.0,577.0,2024년도 전기자동차 철원군 모델별 보조금,2024,철원군
화물(소형),제이스모빌리티,이티밴 미니 2인승,412,241.0,653.0,2024년도 전기자동차 철원군 모델별 보조금,2024,철원군
화물(소형),제이스모빌리티,이티밴 미니 4인승,412,241.0,653.0,2024년도 전기자동차 철원군 모델별 보조금,2024,철원군
화물(소형),제이스모빌리티,이티밴 프로 2인승,412,241.0,653.0,2024년도 전기자동차 철원군 모델별 보조금,2024,철원군
화물(소형),제이스모빌리티,이티밴 프로 4인승,412,241.0,653.0,2024년도 전기자동차 철원군 모델별 보조금,2024,철원군
화물(소형),오텍,오텍 무시동 전기 냉동탑차(봉고),1118,597.0,1715.0,2024년도 전기자동차 철원군 모델별 보조금,2024,철원군
화물(소형),이엔플러스,이엔1톤롱바디카고,850,497.0,1347.0,2024년도 전기자동차 철원군 모델별 보조금,2024,철원군
화물(소형),이엔플러스,이엔플러스EV1톤롱바디트럭,895,523.0,1418.0,2024년도 전기자동차 철원군 모델별 보조금,2024,철원군
화물(소형),GS글로벌,T4K,462,270.0,732.0,2024년도 전기자동차 철원군 모델별 보조금,2024,철원군
화물(소형),GS글로벌,T4K 냉동탑차,711,380.0,1091.0,2024년도 전기자동차 철원군 모델별 보조금,2024,철원군
화물(소형),에스에스라이트,젤라,336,196.0,532.0,2024년도 전기자동차 철원군 모델별 보조금,2024,철원군
화물(소형),에스에스라이트,젤라 P200,478,279.0,757.0,2024년도 전기자동차 철원군 모델별 보조금,2024,철원군
화물(소형),한국쓰리축,한국쓰리축1톤롱바디EV트럭(봉고),837,490.0,1327.0,2024년도 전기자동차 철원군 모델별 보조금,2024,철원군
화물(소형),한국쓰리축,한국쓰리축1톤롱바디EV트럭(포터),855,500.0,1355.0,2024년도 전기자동차 철원군 모델별 보조금,2024,철원군
화물(소형),모빌리티네트웍스,SE-A2밴,333,194.0,527.0,2024년도 전기자동차 철원군 모델별 보조금,2024,철원군
화물(소형),피닉스코리아,썬라이즈-T01,412,241.0,653.0,2024년도 전기자동차 철원군 모델별 보조금,2024,철원군
화물(소형),케이지모빌리티,토레스 EVX VAN 20인치,392,173.0,565.0,2024년도 전기자동차 철원군 모델별 보조금,2024,철원군
화물(소형),케이지모빌리티,토레스 EVX VAN 18인치,394,174.0,568.0,2024년도 전기자동차 철원군 모델별 보조금,2024,철원군
화물(소형),한국상용트럭,한국상용1톤롱바디EV카고트럭,818,478.0,1296.0,2024년도 전기자동차 철원군 모델별 보조금,2024,철원군
화물(소형),한국상용트럭,한국상용0.9톤롱바디EV내장탑트럭,593,347.0,940.0,2024년도 전기자동차 철원군 모델별 보조금,2024,철원군
화물(초소형),마스타전기차,MASTA VAN,400,395.0,795.0,2024년도 전기자동차 화천군 모델별 보조금,2024,화천군
화물(초소형),마스타전기차,MASTA HIM,400,395.0,795.0,2024년도 전기자동차 화천군 모델별 보조금,2024,화천군
화물(초소형),디피코,포트로-탑,400,395.0,795.0,2024년도 전기자동차 화천군 모델별 보조금,2024,화천군
화물(초소형),디피코,포트로-픽업,400,395.0,795.0,2024년도 전기자동차 화천군 모델별 보조금,2024,화천군
화물(초소형),디피코,포트로-탑S,400,395.0,795.0,2024년도 전기자동차 화천군 모델별 보조금,2024,화천군
화물(초소형),디피코,포트로-픽업S,400,395.0,795.0,2024년도 전기자동차 화천군 모델별 보조금,2024,화천군
화물(초소형),마이브,베프,400,0.0,400.0,2024년도 전기자동차 화천군 모델별 보조금,2024,화천군
화물(경형),디피코,포트로350L-탑,788,709.0,1497.0,2024년도 전기자동차 화천군 모델별 보조금,2024,화천군
화물(경형),디피코,포트로350L-픽업,788,709.0,1497.0,2024년도 전기자동차 화천군 모델별 보조금,2024,화천군
화물(소형),파워프라자,봉고3ev PEACE,554,324.0,878.0,2024년도 전기자동차 화천군 모델별 보조금,2024,화천군
화물(소형),파워프라자,봉고3ev PEACE 더블캡,481,281.0,762.0,2024년도 전기자동차 화천군 모델별 보조금,2024,화천군
화물(소형),현대자동차,포터Ⅱ 일렉트릭(23MY),1090,614.0,1704.0,2024년도 전기자동차 화천군 모델별 보조금,2024,화천군
화물(소형),현대자동차,포터Ⅱ 일렉트릭(24MY),1090,614.0,1704.0,2024년도 전기자동차 화천군 모델별 보조금,2024,화천군
화물(소형),현대자동차,ST1 기본형 카고 17인치,1100,644.0,1744.0,2024년도 전기자동차 화천군 모델별 보조금,2024,화천군
화물(소형),현대자동차,ST1 기본형 카고 냉동 17인치,1450,774.0,2224.0,2024년도 전기자동차 화천군 모델별 보조금,2024,화천군
화물(소형),현대자동차,ST1 기본형 하이탑 17인치,1100,644.0,1744.0,2024년도 전기자동차 화천군 모델별 보조금,2024,화천군
화물(소형),기아,봉고 전기차,1130,614.0,1744.0,2024년도 전기자동차 화천군 모델별 보조금,2024,화천군
화물(소형),기아,봉고 전기차 냉동탑차,1330,673.0,2003.0,2024년도 전기자동차 화천군 모델별 보조금,2024,화천군
화물(소형),기아,봉고 전기차 저상형 냉동탑차,1330,673.0,2003.0,2024년도 전기자동차 화천군 모델별 보조금,2024,화천군
화물(소형),일진정공,일진무시동전기냉동탑차(149.9km),916,489.0,1405.0,2024년도 전기자동차 화천군 모델별 보조금,2024,화천군
화물(소형),일진정공,일진무시동전기냉동탑차(186.1km),1169,624.0,1793.0,2024년도 전기자동차 화천군 모델별 보조금,2024,화천군
화물(소형),일진정공,일진무시동전기냉동탑차(봉고),1379,698.0,2077.0,2024년도 전기자동차 화천군 모델별 보조금,2024,화천군
화물(소형),일진정공,일진무시동전기냉동탑차(포터),1363,689.0,2052.0,2024년도 전기자동차 화천군 모델별 보조금,2024,화천군
화물(소형),루트17,다니고C(0.8톤 전기트럭),1068,570.0,1638.0,2024년도 전기자동차 화천군 모델별 보조금,2024,화천군
화물(소형),루트17,다니고C2(0.8톤 전기트럭),268,156.0,424.0,2024년도 전기자동차 화천군 모델별 보조금,2024,화천군
화물(소형),루트17,다니고R(전기냉동탑차),1224,613.0,1837.0,2024년도 전기자동차 화천군 모델별 보조금,2024,화천군
화물(소형),루트17,다니고R2(무시동 전기냉동탑차),1123,563.0,1686.0,2024년도 전기자동차 화천군 모델별 보조금,2024,화천군
화물(소형),루트17,e-TOVI,464,271.0,735.0,2024년도 전기자동차 화천군 모델별 보조금,2024,화천군
화물(소형),이브이케이엠씨,MASADA 픽업,295,172.0,467.0,2024년도 전기자동차 화천군 모델별 보조금,2024,화천군
화물(소형),이브이케이엠씨,MASADA 3세대 2밴,274,160.0,434.0,2024년도 전기자동차 화천군 모델별 보조금,2024,화천군
화물(소형),이브이케이엠씨,MASADA 3세대 4밴,246,144.0,390.0,2024년도 전기자동차 화천군 모델별 보조금,2024,화천군
화물(소형),이브이케이엠씨,MASADA 2밴,299,175.0,474.0,2024년도 전기자동차 화천군 모델별 보조금,2024,화천군
화물(소형),이브이케이엠씨,MASADA 4밴,269,157.0,426.0,2024년도 전기자동차 화천군 모델별 보조금,2024,화천군
화물(소형),이브이케이엠씨,EC35 2밴,194,113.0,307.0,2024년도 전기자동차 화천군 모델별 보조금,2024,화천군
화물(소형),제이스모빌리티,이티밴,405,237.0,642.0,2024년도 전기자동차 화천군 모델별 보조금,2024,화천군
화물(소형),제이스모빌리티,이티4밴,364,213.0,577.0,2024년도 전기자동차 화천군 모델별 보조금,2024,화천군
화물(소형),제이스모빌리티,이티밴 미니 2인승,412,241.0,653.0,2024년도 전기자동차 화천군 모델별 보조금,2024,화천군
화물(소형),제이스모빌리티,이티밴 미니 4인승,412,241.0,653.0,2024년도 전기자동차 화천군 모델별 보조금,2024,화천군
화물(소형),제이스모빌리티,이티밴 프로 2인승,412,241.0,653.0,2024년도 전기자동차 화천군 모델별 보조금,2024,화천군
화물(소형),제이스모빌리티,이티밴 프로 4인승,412,241.0,653.0,2024년도 전기자동차 화천군 모델별 보조금,2024,화천군
화물(소형),오텍,오텍 무시동 전기 냉동탑차(봉고),1118,597.0,1715.0,2024년도 전기자동차 화천군 모델별 보조금,2024,화천군
화물(소형),이엔플러스,이엔1톤롱바디카고,850,497.0,1347.0,2024년도 전기자동차 화천군 모델별 보조금,2024,화천군
화물(소형),이엔플러스,이엔플러스EV1톤롱바디트럭,895,523.0,1418.0,2024년도 전기자동차 화천군 모델별 보조금,2024,화천군
화물(소형),GS글로벌,T4K,462,270.0,732.0,2024년도 전기자동차 화천군 모델별 보조금,2024,화천군
화물(소형),GS글로벌,T4K 냉동탑차,711,380.0,1091.0,2024년도 전기자동차 화천군 모델별 보조금,2024,화천군
화물(소형),에스에스라이트,젤라,336,196.0,532.0,2024년도 전기자동차 화천군 모델별 보조금,2024,화천군
화물(소형),에스에스라이트,젤라 P200,478,279.0,757.0,2024년도 전기자동차 화천군 모델별 보조금,2024,화천군
화물(소형),한국쓰리축,한국쓰리축1톤롱바디EV트럭(봉고),837,490.0,1327.0,2024년도 전기자동차 화천군 모델별 보조금,2024,화천군
화물(소형),한국쓰리축,한국쓰리축1톤롱바디EV트럭(포터),855,500.0,1355.0,2024년도 전기자동차 화천군 모델별 보조금,2024,화천군
화물(소형),모빌리티네트웍스,SE-A2밴,333,194.0,527.0,2024년도 전기자동차 화천군 모델별 보조금,2024,화천군
화물(소형),피닉스코리아,썬라이즈-T01,412,241.0,653.0,2024년도 전기자동차 화천군 모델별 보조금,2024,화천군
화물(소형),케이지모빌리티,토레스 EVX VAN 20인치,392,173.0,565.0,2024년도 전기자동차 화천군 모델별 보조금,2024,화천군
화물(소형),케이지모빌리티,토레스 EVX VAN 18인치,394,174.0,568.0,2024년도 전기자동차 화천군 모델별 보조금,2024,화천군
화물(소형),한국상용트럭,한국상용1톤롱바디EV카고트럭,818,478.0,1296.0,2024년도 전기자동차 화천군 모델별 보조금,2024,화천군
화물(소형),한국상용트럭,한국상용0.9톤롱바디EV내장탑트럭,593,347.0,940.0,2024년도 전기자동차 화천군 모델별 보조금,2024,화천군
화물(소형),센트로에이케이,E-CV1,282,165.0,447.0,2024년도 전기자동차 화천군 모델별 보조금,2024,화천군
화물(소형),파츠몰에이투지,SW40,412,241.0,653.0,2024년도 전기자동차 화천군 모델별 보조금,2024,화천군
화물(소형),이브이앤솔루션,STEGO-Z,540,316.0,856.0,2024년도 전기자동차 화천군 모델별 보조금,2024,화천군
화물(초소형),마스타전기차,MASTA VAN,400,395.0,795.0,2024년도 전기자동차 양구군 모델별 보조금,2024,양구군
화물(초소형),마스타전기차,MASTA HIM,400,395.0,795.0,2024년도 전기자동차 양구군 모델별 보조금,2024,양구군
화물(초소형),디피코,포트로-탑,400,395.0,795.0,2024년도 전기자동차 양구군 모델별 보조금,2024,양구군
화물(초소형),디피코,포트로-픽업,400,395.0,795.0,2024년도 전기자동차 양구군 모델별 보조금,2024,양구군
화물(초소형),디피코,포트로-탑S,400,395.0,795.0,2024년도 전기자동차 양구군 모델별 보조금,2024,양구군
화물(초소형),디피코,포트로-픽업S,400,395.0,795.0,2024년도 전기자동차 양구군 모델별 보조금,2024,양구군
화물(초소형),마이브,베프,400,395.0,795.0,2024년도 전기자동차 양구군 모델별 보조금,2024,양구군
화물(경형),디피코,포트로350L-탑,788,709.0,1497.0,2024년도 전기자동차 양구군 모델별 보조금,2024,양구군
화물(경형),디피코,포트로350L-픽업,788,709.0,1497.0,2024년도 전기자동차 양구군 모델별 보조금,2024,양구군
화물(소형),파워프라자,봉고3ev PEACE,554,324.0,878.0,2024년도 전기자동차 양구군 모델별 보조금,2024,양구군
화물(소형),파워프라자,봉고3ev PEACE 더블캡,481,281.0,762.0,2024년도 전기자동차 양구군 모델별 보조금,2024,양구군
화물(소형),현대자동차,포터Ⅱ 일렉트릭(23MY),1090,614.0,1704.0,2024년도 전기자동차 양구군 모델별 보조금,2024,양구군
화물(소형),현대자동차,포터Ⅱ 일렉트릭(24MY),1090,614.0,1704.0,2024년도 전기자동차 양구군 모델별 보조금,2024,양구군
화물(소형),현대자동차,ST1 기본형 카고 17인치,1100,644.0,1744.0,2024년도 전기자동차 양구군 모델별 보조금,2024,양구군
화물(소형),현대자동차,ST1 기본형 카고 냉동 17인치,1450,774.0,2224.0,2024년도 전기자동차 양구군 모델별 보조금,2024,양구군
화물(소형),현대자동차,ST1 기본형 하이탑 17인치,1100,644.0,1744.0,2024년도 전기자동차 양구군 모델별 보조금,2024,양구군
화물(소형),기아,봉고 전기차,1130,614.0,1744.0,2024년도 전기자동차 양구군 모델별 보조금,2024,양구군
화물(소형),기아,봉고 전기차 냉동탑차,1330,673.0,2003.0,2024년도 전기자동차 양구군 모델별 보조금,2024,양구군
화물(소형),기아,봉고 전기차 저상형 냉동탑차,1330,673.0,2003.0,2024년도 전기자동차 양구군 모델별 보조금,2024,양구군
화물(소형),일진정공,일진무시동전기냉동탑차(149.9km),916,489.0,1405.0,2024년도 전기자동차 양구군 모델별 보조금,2024,양구군
화물(소형),일진정공,일진무시동전기냉동탑차(186.1km),1169,624.0,1793.0,2024년도 전기자동차 양구군 모델별 보조금,2024,양구군
화물(소형),일진정공,일진무시동전기냉동탑차(봉고),1379,698.0,2077.0,2024년도 전기자동차 양구군 모델별 보조금,2024,양구군
화물(소형),일진정공,일진무시동전기냉동탑차(포터),1363,689.0,2052.0,2024년도 전기자동차 양구군 모델별 보조금,2024,양구군
화물(소형),루트17,다니고C(0.8톤 전기트럭),1068,570.0,1638.0,2024년도 전기자동차 양구군 모델별 보조금,2024,양구군
화물(소형),루트17,다니고C2(0.8톤 전기트럭),268,156.0,424.0,2024년도 전기자동차 양구군 모델별 보조금,2024,양구군
화물(소형),루트17,다니고R(전기냉동탑차),1224,613.0,1837.0,2024년도 전기자동차 양구군 모델별 보조금,2024,양구군
화물(소형),루트17,다니고R2(무시동 전기냉동탑차),1123,563.0,1686.0,2024년도 전기자동차 양구군 모델별 보조금,2024,양구군
화물(소형),루트17,e-TOVI,464,271.0,735.0,2024년도 전기자동차 양구군 모델별 보조금,2024,양구군
화물(소형),이브이케이엠씨,MASADA 픽업,295,172.0,467.0,2024년도 전기자동차 양구군 모델별 보조금,2024,양구군
화물(소형),이브이케이엠씨,MASADA 3세대 2밴,274,160.0,434.0,2024년도 전기자동차 양구군 모델별 보조금,2024,양구군
화물(소형),이브이케이엠씨,MASADA 3세대 4밴,246,144.0,390.0,2024년도 전기자동차 양구군 모델별 보조금,2024,양구군
화물(소형),이브이케이엠씨,MASADA 2밴,299,175.0,474.0,2024년도 전기자동차 양구군 모델별 보조금,2024,양구군
화물(소형),이브이케이엠씨,MASADA 4밴,269,157.0,426.0,2024년도 전기자동차 양구군 모델별 보조금,2024,양구군
화물(소형),이브이케이엠씨,EC35 2밴,194,113.0,307.0,2024년도 전기자동차 양구군 모델별 보조금,2024,양구군
화물(소형),제이스모빌리티,이티밴,405,237.0,642.0,2024년도 전기자동차 양구군 모델별 보조금,2024,양구군
화물(소형),제이스모빌리티,이티4밴,364,213.0,577.0,2024년도 전기자동차 양구군 모델별 보조금,2024,양구군
화물(소형),제이스모빌리티,이티밴 미니 2인승,412,241.0,653.0,2024년도 전기자동차 양구군 모델별 보조금,2024,양구군
화물(소형),제이스모빌리티,이티밴 미니 4인승,412,241.0,653.0,2024년도 전기자동차 양구군 모델별 보조금,2024,양구군
화물(소형),제이스모빌리티,이티밴 프로 2인승,412,241.0,653.0,2024년도 전기자동차 양구군 모델별 보조금,2024,양구군
화물(소형),제이스모빌리티,이티밴 프로 4인승,412,241.0,653.0,2024년도 전기자동차 양구군 모델별 보조금,2024,양구군
화물(소형),오텍,오텍 무시동 전기 냉동탑차(봉고),1118,597.0,1715.0,2024년도 전기자동차 양구군 모델별 보조금,2024,양구군
화물(소형),이엔플러스,이엔1톤롱바디카고,850,497.0,1347.0,2024년도 전기자동차 양구군 모델별 보조금,2024,양구군
화물(소형),이엔플러스,이엔플러스EV1톤롱바디트럭,895,523.0,1418.0,2024년도 전기자동차 양구군 모델별 보조금,2024,양구군
화물(소형),GS글로벌,T4K,462,270.0,732.0,2024년도 전기자동차 양구군 모델별 보조금,2024,양구군
화물(소형),GS글로벌,T4K 냉동탑차,711,380.0,1091.0,2024년도 전기자동차 양구군 모델별 보조금,2024,양구군
화물(소형),에스에스라이트,젤라,336,196.0,532.0,2024년도 전기자동차 양구군 모델별 보조금,2024,양구군
화물(소형),에스에스라이트,젤라 P200,478,279.0,757.0,2024년도 전기자동차 양구군 모델별 보조금,2024,양구군
화물(소형),한국쓰리축,한국쓰리축1톤롱바디EV트럭(봉고),837,490.0,1327.0,2024년도 전기자동차 양구군 모델별 보조금,2024,양구군
화물(소형),한국쓰리축,한국쓰리축1톤롱바디EV트럭(포터),855,500.0,1355.0,2024년도 전기자동차 양구군 모델별 보조금,2024,양구군
화물(소형),모빌리티네트웍스,SE-A2밴,333,194.0,527.0,2024년도 전기자동차 양구군 모델별 보조금,2024,양구군
화물(소형),피닉스코리아,썬라이즈-T01,412,241.0,653.0,2024년도 전기자동차 양구군 모델별 보조금,2024,양구군
화물(소형),케이지모빌리티,토레스 EVX VAN 20인치,392,174.0,566.0,2024년도 전기자동차 양구군 모델별 보조금,2024,양구군
화물(소형),케이지모빌리티,토레스 EVX VAN 18인치,394,173.0,567.0,2024년도 전기자동차 양구군 모델별 보조금,2024,양구군
화물(소형),한국상용트럭,한국상용1톤롱바디EV카고트럭,818,478.0,1296.0,2024년도 전기자동차 양구군 모델별 보조금,2024,양구군
화물(소형),한국상용트럭,한국상용0.9톤롱바디EV내장탑트럭,593,347.0,940.0,2024년도 전기자동차 양구군 모델별 보조금,2024,양구군
화물(소형),센트로에이케이,E-CV1,282,165.0,447.0,2024년도 전기자동차 양구군 모델별 보조금,2024,양구군
화물(소형),파츠몰에이투지,SW40,412,241.0,653.0,2024년도 전기자동차 양구군 모델별 보조금,2024,양구군
화물(소형),이브이앤솔루션,STEGO-Z,540,316.0,856.0,2024년도 전기자동차 양구군 모델별 보조금,2024,양구군
화물(초소형),마스타전기차,MASTA VAN,400,395.0,795.0,2024년도 전기자동차 인제군 모델별 보조금,2024,인제군
화물(초소형),마스타전기차,MASTA HIM,400,395.0,795.0,2024년도 전기자동차 인제군 모델별 보조금,2024,인제군
화물(초소형),디피코,포트로-탑,400,395.0,795.0,2024년도 전기자동차 인제군 모델별 보조금,2024,인제군
화물(초소형),디피코,포트로-픽업,400,395.0,795.0,2024년도 전기자동차 인제군 모델별 보조금,2024,인제군
화물(초소형),디피코,포트로-탑S,400,395.0,795.0,2024년도 전기자동차 인제군 모델별 보조금,2024,인제군
화물(초소형),디피코,포트로-픽업S,400,395.0,795.0,2024년도 전기자동차 인제군 모델별 보조금,2024,인제군
화물(초소형),마이브,베프,400,0.0,400.0,2024년도 전기자동차 인제군 모델별 보조금,2024,인제군
화물(경형),디피코,포트로350L-탑,788,709.0,1497.0,2024년도 전기자동차 인제군 모델별 보조금,2024,인제군
화물(경형),디피코,포트로350L-픽업,788,709.0,1497.0,2024년도 전기자동차 인제군 모델별 보조금,2024,인제군
화물(소형),파워프라자,봉고3ev PEACE,554,324.0,878.0,2024년도 전기자동차 인제군 모델별 보조금,2024,인제군
화물(소형),파워프라자,봉고3ev PEACE 더블캡,481,281.0,762.0,2024년도 전기자동차 인제군 모델별 보조금,2024,인제군
화물(소형),현대자동차,포터Ⅱ 일렉트릭(23MY),1090,614.0,1704.0,2024년도 전기자동차 인제군 모델별 보조금,2024,인제군
화물(소형),현대자동차,포터Ⅱ 일렉트릭(24MY),1090,614.0,1704.0,2024년도 전기자동차 인제군 모델별 보조금,2024,인제군
화물(소형),현대자동차,ST1 기본형 카고 17인치,1100,644.0,1744.0,2024년도 전기자동차 인제군 모델별 보조금,2024,인제군
화물(소형),현대자동차,ST1 기본형 카고 냉동 17인치,1450,774.0,2224.0,2024년도 전기자동차 인제군 모델별 보조금,2024,인제군
화물(소형),기아,봉고 전기차,1130,614.0,1744.0,2024년도 전기자동차 인제군 모델별 보조금,2024,인제군
화물(소형),기아,봉고 전기차 냉동탑차,1330,673.0,2003.0,2024년도 전기자동차 인제군 모델별 보조금,2024,인제군
화물(소형),기아,봉고 전기차 저상형 냉동탑차,1330,673.0,2003.0,2024년도 전기자동차 인제군 모델별 보조금,2024,인제군
화물(소형),일진정공,일진무시동전기냉동탑차(149.9km),916,489.0,1405.0,2024년도 전기자동차 인제군 모델별 보조금,2024,인제군
화물(소형),일진정공,일진무시동전기냉동탑차(186.1km),1169,624.0,1793.0,2024년도 전기자동차 인제군 모델별 보조금,2024,인제군
화물(소형),일진정공,일진무시동전기냉동탑차(봉고),1379,698.0,2077.0,2024년도 전기자동차 인제군 모델별 보조금,2024,인제군
화물(소형),일진정공,일진무시동전기냉동탑차(포터),1363,689.0,2052.0,2024년도 전기자동차 인제군 모델별 보조금,2024,인제군
화물(소형),루트17,다니고C(0.8톤 전기트럭),1068,570.0,1638.0,2024년도 전기자동차 인제군 모델별 보조금,2024,인제군
화물(소형),루트17,다니고C2(0.8톤 전기트럭),268,156.0,424.0,2024년도 전기자동차 인제군 모델별 보조금,2024,인제군
화물(소형),루트17,다니고R(전기냉동탑차),1224,613.0,1837.0,2024년도 전기자동차 인제군 모델별 보조금,2024,인제군
화물(소형),루트17,다니고R2(무시동 전기냉동탑차),1123,563.0,1686.0,2024년도 전기자동차 인제군 모델별 보조금,2024,인제군
화물(소형),루트17,e-TOVI,464,271.0,735.0,2024년도 전기자동차 인제군 모델별 보조금,2024,인제군
화물(소형),이브이케이엠씨,MASADA 픽업,295,172.0,467.0,2024년도 전기자동차 인제군 모델별 보조금,2024,인제군
화물(소형),이브이케이엠씨,MASADA 3세대 2밴,274,160.0,434.0,2024년도 전기자동차 인제군 모델별 보조금,2024,인제군
화물(소형),이브이케이엠씨,MASADA 3세대 4밴,246,144.0,390.0,2024년도 전기자동차 인제군 모델별 보조금,2024,인제군
화물(소형),이브이케이엠씨,MASADA 2밴,299,175.0,474.0,2024년도 전기자동차 인제군 모델별 보조금,2024,인제군
화물(소형),이브이케이엠씨,MASADA 4밴,269,157.0,426.0,2024년도 전기자동차 인제군 모델별 보조금,2024,인제군
화물(소형),이브이케이엠씨,EC35 2밴,194,113.0,307.0,2024년도 전기자동차 인제군 모델별 보조금,2024,인제군
화물(소형),제이스모빌리티,이티밴,405,237.0,642.0,2024년도 전기자동차 인제군 모델별 보조금,2024,인제군
화물(소형),제이스모빌리티,이티4밴,364,213.0,577.0,2024년도 전기자동차 인제군 모델별 보조금,2024,인제군
화물(소형),제이스모빌리티,이티밴 미니 2인승,412,0.0,412.0,2024년도 전기자동차 인제군 모델별 보조금,2024,인제군
화물(소형),제이스모빌리티,이티밴 미니 4인승,412,0.0,412.0,2024년도 전기자동차 인제군 모델별 보조금,2024,인제군
화물(소형),제이스모빌리티,이티밴 프로 2인승,412,0.0,412.0,2024년도 전기자동차 인제군 모델별 보조금,2024,인제군
화물(소형),제이스모빌리티,이티밴 프로 4인승,412,0.0,412.0,2024년도 전기자동차 인제군 모델별 보조금,2024,인제군
화물(소형),오텍,오텍 무시동 전기 냉동탑차(봉고),1118,597.0,1715.0,2024년도 전기자동차 인제군 모델별 보조금,2024,인제군
화물(소형),이엔플러스,이엔1톤롱바디카고,850,497.0,1347.0,2024년도 전기자동차 인제군 모델별 보조금,2024,인제군
화물(소형),이엔플러스,이엔플러스EV1톤롱바디트럭,895,523.0,1418.0,2024년도 전기자동차 인제군 모델별 보조금,2024,인제군
화물(소형),GS글로벌,T4K,462,270.0,732.0,2024년도 전기자동차 인제군 모델별 보조금,2024,인제군
화물(소형),GS글로벌,T4K 냉동탑차,711,379.0,1090.0,2024년도 전기자동차 인제군 모델별 보조금,2024,인제군
화물(소형),에스에스라이트,젤라,336,196.0,532.0,2024년도 전기자동차 인제군 모델별 보조금,2024,인제군
화물(소형),에스에스라이트,젤라 P200,478,279.0,757.0,2024년도 전기자동차 인제군 모델별 보조금,2024,인제군
화물(소형),한국쓰리축,한국쓰리축1톤롱바디EV트럭(봉고),837,490.0,1327.0,2024년도 전기자동차 인제군 모델별 보조금,2024,인제군
화물(소형),한국쓰리축,한국쓰리축1톤롱바디EV트럭(포터),855,500.0,1355.0,2024년도 전기자동차 인제군 모델별 보조금,2024,인제군
화물(소형),모빌리티네트웍스,SE-A2밴,333,194.0,527.0,2024년도 전기자동차 인제군 모델별 보조금,2024,인제군
화물(소형),피닉스코리아,썬라이즈-T01,412,0.0,412.0,2024년도 전기자동차 인제군 모델별 보조금,2024,인제군
화물(소형),케이지모빌리티,토레스 EVX VAN 20인치,392,173.0,565.0,2024년도 전기자동차 인제군 모델별 보조금,2024,인제군
화물(소형),케이지모빌리티,토레스 EVX VAN 18인치,394,174.0,568.0,2024년도 전기자동차 인제군 모델별 보조금,2024,인제군
화물(소형),한국상용트럭,한국상용1톤롱바디EV카고트럭,818,478.0,1296.0,2024년도 전기자동차 인제군 모델별 보조금,2024,인제군
화물(소형),한국상용트럭,한국상용0.9톤롱바디EV내장탑트럭,593,347.0,940.0,2024년도 전기자동차 인제군 모델별 보조금,2024,인제군
화물(소형),센트로에이케이,E-CV1,282,0.0,282.0,2024년도 전기자동차 인제군 모델별 보조금,2024,인제군
화물(소형),파츠몰에이투지,SW40,412,0.0,412.0,2024년도 전기자동차 인제군 모델별 보조금,2024,인제군
화물(소형),이브이앤솔루션,STEGO-Z,540,0.0,540.0,2024년도 전기자동차 인제군 모델별 보조금,2024,인제군
화물(초소형),마스타전기차,MASTA VAN,400,395.0,795.0,2024년도 전기자동차 고성군 모델별 보조금,2024,고성군
화물(초소형),마스타전기차,MASTA HIM,400,395.0,795.0,2024년도 전기자동차 고성군 모델별 보조금,2024,고성군
화물(초소형),디피코,포트로-탑,400,395.0,795.0,2024년도 전기자동차 고성군 모델별 보조금,2024,고성군
화물(초소형),디피코,포트로-픽업,400,395.0,795.0,2024년도 전기자동차 고성군 모델별 보조금,2024,고성군
화물(초소형),디피코,포트로-탑S,400,395.0,795.0,2024년도 전기자동차 고성군 모델별 보조금,2024,고성군
화물(초소형),디피코,포트로-픽업S,400,395.0,795.0,2024년도 전기자동차 고성군 모델별 보조금,2024,고성군
화물(초소형),마이브,베프,400,395.0,795.0,2024년도 전기자동차 고성군 모델별 보조금,2024,고성군
화물(경형),디피코,포트로350L-탑,788,709.0,1497.0,2024년도 전기자동차 고성군 모델별 보조금,2024,고성군
화물(경형),디피코,포트로350L-픽업,788,709.0,1497.0,2024년도 전기자동차 고성군 모델별 보조금,2024,고성군
화물(소형),파워프라자,봉고3ev PEACE,554,324.0,878.0,2024년도 전기자동차 고성군 모델별 보조금,2024,고성군
화물(소형),파워프라자,봉고3ev PEACE 더블캡,481,281.0,762.0,2024년도 전기자동차 고성군 모델별 보조금,2024,고성군
화물(소형),현대자동차,포터Ⅱ 일렉트릭(23MY),1090,614.0,1704.0,2024년도 전기자동차 고성군 모델별 보조금,2024,고성군
화물(소형),현대자동차,포터Ⅱ 일렉트릭(24MY),1090,614.0,1704.0,2024년도 전기자동차 고성군 모델별 보조금,2024,고성군
화물(소형),현대자동차,ST1 기본형 카고 17인치,1100,644.0,1744.0,2024년도 전기자동차 고성군 모델별 보조금,2024,고성군
화물(소형),현대자동차,ST1 기본형 카고 냉동 17인치,1450,774.0,2224.0,2024년도 전기자동차 고성군 모델별 보조금,2024,고성군
화물(소형),현대자동차,ST1 기본형 하이탑 17인치,1100,644.0,1744.0,2024년도 전기자동차 고성군 모델별 보조금,2024,고성군
화물(소형),기아,봉고 전기차,1130,614.0,1744.0,2024년도 전기자동차 고성군 모델별 보조금,2024,고성군
화물(소형),기아,봉고 전기차 냉동탑차,1330,673.0,2003.0,2024년도 전기자동차 고성군 모델별 보조금,2024,고성군
화물(소형),기아,봉고 전기차 저상형 냉동탑차,1330,673.0,2003.0,2024년도 전기자동차 고성군 모델별 보조금,2024,고성군
화물(소형),일진정공,일진무시동전기냉동탑차(149.9km),916,489.0,1405.0,2024년도 전기자동차 고성군 모델별 보조금,2024,고성군
화물(소형),일진정공,일진무시동전기냉동탑차(186.1km),1169,624.0,1793.0,2024년도 전기자동차 고성군 모델별 보조금,2024,고성군
화물(소형),일진정공,일진무시동전기냉동탑차(봉고),1379,698.0,2077.0,2024년도 전기자동차 고성군 모델별 보조금,2024,고성군
화물(소형),일진정공,일진무시동전기냉동탑차(포터),1363,689.0,2052.0,2024년도 전기자동차 고성군 모델별 보조금,2024,고성군
화물(소형),루트17,다니고C(0.8톤 전기트럭),1068,570.0,1638.0,2024년도 전기자동차 고성군 모델별 보조금,2024,고성군
화물(소형),루트17,다니고C2(0.8톤 전기트럭),268,156.0,424.0,2024년도 전기자동차 고성군 모델별 보조금,2024,고성군
화물(소형),루트17,다니고R(전기냉동탑차),1224,613.0,1837.0,2024년도 전기자동차 고성군 모델별 보조금,2024,고성군
화물(소형),루트17,다니고R2(무시동 전기냉동탑차),1123,563.0,1686.0,2024년도 전기자동차 고성군 모델별 보조금,2024,고성군
화물(소형),루트17,e-TOVI,464,271.0,735.0,2024년도 전기자동차 고성군 모델별 보조금,2024,고성군
화물(소형),이브이케이엠씨,MASADA 픽업,295,172.0,467.0,2024년도 전기자동차 고성군 모델별 보조금,2024,고성군
화물(소형),이브이케이엠씨,MASADA 3세대 2밴,274,160.0,434.0,2024년도 전기자동차 고성군 모델별 보조금,2024,고성군
화물(소형),이브이케이엠씨,MASADA 3세대 4밴,246,144.0,390.0,2024년도 전기자동차 고성군 모델별 보조금,2024,고성군
화물(소형),이브이케이엠씨,MASADA 2밴,299,175.0,474.0,2024년도 전기자동차 고성군 모델별 보조금,2024,고성군
화물(소형),이브이케이엠씨,MASADA 4밴,269,157.0,426.0,2024년도 전기자동차 고성군 모델별 보조금,2024,고성군
화물(소형),이브이케이엠씨,EC35 2밴,194,113.0,307.0,2024년도 전기자동차 고성군 모델별 보조금,2024,고성군
화물(소형),제이스모빌리티,이티밴,405,237.0,642.0,2024년도 전기자동차 고성군 모델별 보조금,2024,고성군
화물(소형),제이스모빌리티,이티4밴,364,213.0,577.0,2024년도 전기자동차 고성군 모델별 보조금,2024,고성군
화물(소형),제이스모빌리티,이티밴 미니 2인승,412,241.0,653.0,2024년도 전기자동차 고성군 모델별 보조금,2024,고성군
화물(소형),제이스모빌리티,이티밴 미니 4인승,412,241.0,653.0,2024년도 전기자동차 고성군 모델별 보조금,2024,고성군
화물(소형),제이스모빌리티,이티밴 프로 2인승,412,241.0,653.0,2024년도 전기자동차 고성군 모델별 보조금,2024,고성군
화물(소형),제이스모빌리티,이티밴 프로 4인승,412,241.0,653.0,2024년도 전기자동차 고성군 모델별 보조금,2024,고성군
화물(소형),오텍,오텍 무시동 전기 냉동탑차(봉고),1118,597.0,1715.0,2024년도 전기자동차 고성군 모델별 보조금,2024,고성군
화물(소형),이엔플러스,이엔1톤롱바디카고,850,497.0,1347.0,2024년도 전기자동차 고성군 모델별 보조금,2024,고성군
화물(소형),이엔플러스,이엔플러스EV1톤롱바디트럭,895,523.0,1418.0,2024년도 전기자동차 고성군 모델별 보조금,2024,고성군
화물(소형),GS글로벌,T4K,462,270.0,732.0,2024년도 전기자동차 고성군 모델별 보조금,2024,고성군
화물(소형),GS글로벌,T4K 냉동탑차,711,380.0,1091.0,2024년도 전기자동차 고성군 모델별 보조금,2024,고성군
화물(소형),에스에스라이트,젤라,336,196.0,532.0,2024년도 전기자동차 고성군 모델별 보조금,2024,고성군
화물(소형),에스에스라이트,젤라 P200,478,279.0,757.0,2024년도 전기자동차 고성군 모델별 보조금,2024,고성군
화물(소형),한국쓰리축,한국쓰리축1톤롱바디EV트럭(봉고),837,490.0,1327.0,2024년도 전기자동차 고성군 모델별 보조금,2024,고성군
화물(소형),한국쓰리축,한국쓰리축1톤롱바디EV트럭(포터),855,500.0,1355.0,2024년도 전기자동차 고성군 모델별 보조금,2024,고성군
화물(소형),모빌리티네트웍스,SE-A2밴,333,194.0,527.0,2024년도 전기자동차 고성군 모델별 보조금,2024,고성군
화물(소형),피닉스코리아,썬라이즈-T01,412,241.0,653.0,2024년도 전기자동차 고성군 모델별 보조금,2024,고성군
화물(소형),케이지모빌리티,토레스 EVX VAN 20인치,392,173.0,565.0,2024년도 전기자동차 고성군 모델별 보조금,2024,고성군
화물(소형),케이지모빌리티,토레스 EVX VAN 18인치,394,174.0,568.0,2024년도 전기자동차 고성군 모델별 보조금,2024,고성군
화물(소형),한국상용트럭,한국상용1톤롱바디EV카고트럭,818,478.0,1296.0,2024년도 전기자동차 고성군 모델별 보조금,2024,고성군
화물(소형),한국상용트럭,한국상용0.9톤롱바디EV내장탑트럭,593,347.0,940.0,2024년도 전기자동차 고성군 모델별 보조금,2024,고성군
화물(소형),센트로에이케이,E-CV1,282,165.0,447.0,2024년도 전기자동차 고성군 모델별 보조금,2024,고성군
화물(소형),파츠몰에이투지,SW40,412,241.0,653.0,2024년도 전기자동차 고성군 모델별 보조금,2024,고성군
화물(소형),이브이앤솔루션,STEGO-Z,540,316.0,856.0,2024년도 전기자동차 고성군 모델별 보조금,2024,고성군
화물(초소형),마스타전기차,MASTA VAN,400,395.0,795.0,2024년도 전기자동차 양양군 모델별 보조금,2024,양양군
화물(초소형),마스타전기차,MASTA HIM,400,395.0,795.0,2024년도 전기자동차 양양군 모델별 보조금,2024,양양군
화물(초소형),디피코,포트로-탑,400,395.0,795.0,2024년도 전기자동차 양양군 모델별 보조금,2024,양양군
화물(초소형),디피코,포트로-픽업,400,395.0,795.0,2024년도 전기자동차 양양군 모델별 보조금,2024,양양군
화물(초소형),디피코,포트로-탑S,400,395.0,795.0,2024년도 전기자동차 양양군 모델별 보조금,2024,양양군
화물(초소형),디피코,포트로-픽업S,400,395.0,795.0,2024년도 전기자동차 양양군 모델별 보조금,2024,양양군
화물(초소형),마이브,베프,400,395.0,795.0,2024년도 전기자동차 양양군 모델별 보조금,2024,양양군
화물(경형),디피코,포트로350L-탑,788,709.0,1497.0,2024년도 전기자동차 양양군 모델별 보조금,2024,양양군
화물(경형),디피코,포트로350L-픽업,788,709.0,1497.0,2024년도 전기자동차 양양군 모델별 보조금,2024,양양군
화물(소형),파워프라자,봉고3ev PEACE,554,324.0,878.0,2024년도 전기자동차 양양군 모델별 보조금,2024,양양군
화물(소형),파워프라자,봉고3ev PEACE 더블캡,481,281.0,762.0,2024년도 전기자동차 양양군 모델별 보조금,2024,양양군
화물(소형),현대자동차,포터Ⅱ 일렉트릭(23MY),1090,614.0,1704.0,2024년도 전기자동차 양양군 모델별 보조금,2024,양양군
화물(소형),현대자동차,포터Ⅱ 일렉트릭(24MY),1090,614.0,1704.0,2024년도 전기자동차 양양군 모델별 보조금,2024,양양군
화물(소형),현대자동차,ST1 기본형 카고 17인치,1100,644.0,1744.0,2024년도 전기자동차 양양군 모델별 보조금,2024,양양군
화물(소형),현대자동차,ST1 기본형 카고 냉동 17인치,1450,774.0,2224.0,2024년도 전기자동차 양양군 모델별 보조금,2024,양양군
화물(소형),현대자동차,ST1 기본형 하이탑 17인치,1100,644.0,1744.0,2024년도 전기자동차 양양군 모델별 보조금,2024,양양군
화물(소형),기아,봉고 전기차,1130,614.0,1744.0,2024년도 전기자동차 양양군 모델별 보조금,2024,양양군
화물(소형),기아,봉고 전기차 냉동탑차,1330,673.0,2003.0,2024년도 전기자동차 양양군 모델별 보조금,2024,양양군
화물(소형),기아,봉고 전기차 저상형 냉동탑차,1330,673.0,2003.0,2024년도 전기자동차 양양군 모델별 보조금,2024,양양군
화물(소형),일진정공,일진무시동전기냉동탑차(149.9km),916,489.0,1405.0,2024년도 전기자동차 양양군 모델별 보조금,2024,양양군
화물(소형),일진정공,일진무시동전기냉동탑차(186.1km),1169,624.0,1793.0,2024년도 전기자동차 양양군 모델별 보조금,2024,양양군
화물(소형),일진정공,일진무시동전기냉동탑차(봉고),1379,698.0,2077.0,2024년도 전기자동차 양양군 모델별 보조금,2024,양양군
화물(소형),일진정공,일진무시동전기냉동탑차(포터),1363,689.0,2052.0,2024년도 전기자동차 양양군 모델별 보조금,2024,양양군
화물(소형),루트17,다니고C(0.8톤 전기트럭),1068,570.0,1638.0,2024년도 전기자동차 양양군 모델별 보조금,2024,양양군
화물(소형),루트17,다니고C2(0.8톤 전기트럭),268,156.0,424.0,2024년도 전기자동차 양양군 모델별 보조금,2024,양양군
화물(소형),루트17,다니고R(전기냉동탑차),1224,613.0,1837.0,2024년도 전기자동차 양양군 모델별 보조금,2024,양양군
화물(소형),루트17,다니고R2(무시동 전기냉동탑차),1123,563.0,1686.0,2024년도 전기자동차 양양군 모델별 보조금,2024,양양군
화물(소형),루트17,e-TOVI,464,271.0,735.0,2024년도 전기자동차 양양군 모델별 보조금,2024,양양군
화물(소형),이브이케이엠씨,MASADA 픽업,295,172.0,467.0,2024년도 전기자동차 양양군 모델별 보조금,2024,양양군
화물(소형),이브이케이엠씨,MASADA 3세대 2밴,274,160.0,434.0,2024년도 전기자동차 양양군 모델별 보조금,2024,양양군
화물(소형),이브이케이엠씨,MASADA 3세대 4밴,246,144.0,390.0,2024년도 전기자동차 양양군 모델별 보조금,2024,양양군
화물(소형),이브이케이엠씨,MASADA 2밴,299,175.0,474.0,2024년도 전기자동차 양양군 모델별 보조금,2024,양양군
화물(소형),이브이케이엠씨,MASADA 4밴,269,157.0,426.0,2024년도 전기자동차 양양군 모델별 보조금,2024,양양군
화물(소형),이브이케이엠씨,EC35 2밴,194,113.0,307.0,2024년도 전기자동차 양양군 모델별 보조금,2024,양양군
화물(소형),제이스모빌리티,이티밴,405,237.0,642.0,2024년도 전기자동차 양양군 모델별 보조금,2024,양양군
화물(소형),제이스모빌리티,이티4밴,364,213.0,577.0,2024년도 전기자동차 양양군 모델별 보조금,2024,양양군
화물(소형),제이스모빌리티,이티밴 미니 2인승,412,241.0,653.0,2024년도 전기자동차 양양군 모델별 보조금,2024,양양군
화물(소형),제이스모빌리티,이티밴 미니 4인승,412,241.0,653.0,2024년도 전기자동차 양양군 모델별 보조금,2024,양양군
화물(소형),제이스모빌리티,이티밴 프로 2인승,412,241.0,653.0,2024년도 전기자동차 양양군 모델별 보조금,2024,양양군
화물(소형),제이스모빌리티,이티밴 프로 4인승,412,241.0,653.0,2024년도 전기자동차 양양군 모델별 보조금,2024,양양군
화물(소형),오텍,오텍 무시동 전기 냉동탑차(봉고),1118,597.0,1715.0,2024년도 전기자동차 양양군 모델별 보조금,2024,양양군
화물(소형),이엔플러스,이엔1톤롱바디카고,850,497.0,1347.0,2024년도 전기자동차 양양군 모델별 보조금,2024,양양군
화물(소형),이엔플러스,이엔플러스EV1톤롱바디트럭,895,523.0,1418.0,2024년도 전기자동차 양양군 모델별 보조금,2024,양양군
화물(소형),GS글로벌,T4K,462,270.0,732.0,2024년도 전기자동차 양양군 모델별 보조금,2024,양양군
화물(소형),GS글로벌,T4K 냉동탑차,711,380.0,1091.0,2024년도 전기자동차 양양군 모델별 보조금,2024,양양군
화물(소형),에스에스라이트,젤라,336,196.0,532.0,2024년도 전기자동차 양양군 모델별 보조금,2024,양양군
화물(소형),에스에스라이트,젤라 P200,478,279.0,757.0,2024년도 전기자동차 양양군 모델별 보조금,2024,양양군
화물(소형),한국쓰리축,한국쓰리축1톤롱바디EV트럭(봉고),837,490.0,1327.0,2024년도 전기자동차 양양군 모델별 보조금,2024,양양군
화물(소형),한국쓰리축,한국쓰리축1톤롱바디EV트럭(포터),855,500.0,1355.0,2024년도 전기자동차 양양군 모델별 보조금,2024,양양군
화물(소형),모빌리티네트웍스,SE-A2밴,333,194.0,527.0,2024년도 전기자동차 양양군 모델별 보조금,2024,양양군
화물(소형),피닉스코리아,썬라이즈-T01,412,241.0,653.0,2024년도 전기자동차 양양군 모델별 보조금,2024,양양군
화물(소형),케이지모빌리티,토레스 EVX VAN 20인치,392,173.0,565.0,2024년도 전기자동차 양양군 모델별 보조금,2024,양양군
화물(소형),케이지모빌리티,토레스 EVX VAN 18인치,394,174.0,568.0,2024년도 전기자동차 양양군 모델별 보조금,2024,양양군
화물(소형),한국상용트럭,한국상용1톤롱바디EV카고트럭,818,478.0,1296.0,2024년도 전기자동차 양양군 모델별 보조금,2024,양양군
화물(소형),한국상용트럭,한국상용0.9톤롱바디EV내장탑트럭,593,347.0,940.0,2024년도 전기자동차 양양군 모델별 보조금,2024,양양군
화물(소형),센트로에이케이,E-CV1,282,165.0,447.0,2024년도 전기자동차 양양군 모델별 보조금,2024,양양군
화물(소형),파츠몰에이투지,SW40,412,241.0,653.0,2024년도 전기자동차 양양군 모델별 보조금,2024,양양군
화물(소형),이브이앤솔루션,STEGO-Z,540,316.0,856.0,2024년도 전기자동차 양양군 모델별 보조금,2024,양양군
화물(초소형),마스타전기차,MASTA VAN,400,200.0,600.0,2024년도 전기자동차 청주시 모델별 보조금,2024,청주시
화물(초소형),마스타전기차,MASTA HIM,400,200.0,600.0,2024년도 전기자동차 청주시 모델별 보조금,2024,청주시
화물(초소형),디피코,포트로-탑,400,200.0,600.0,2024년도 전기자동차 청주시 모델별 보조금,2024,청주시
화물(초소형),디피코,포트로-픽업,400,200.0,600.0,2024년도 전기자동차 청주시 모델별 보조금,2024,청주시
화물(초소형),디피코,포트로-탑S,400,200.0,600.0,2024년도 전기자동차 청주시 모델별 보조금,2024,청주시
화물(초소형),디피코,포트로-픽업S,400,200.0,600.0,2024년도 전기자동차 청주시 모델별 보조금,2024,청주시
화물(초소형),마이브,베프,400,501.0,901.0,2024년도 전기자동차 청주시 모델별 보조금,2024,청주시
화물(경형),디피코,포트로350L-탑,788,394.0,1182.0,2024년도 전기자동차 청주시 모델별 보조금,2024,청주시
화물(경형),디피코,포트로350L-픽업,788,394.0,1182.0,2024년도 전기자동차 청주시 모델별 보조금,2024,청주시
화물(소형),파워프라자,봉고3ev PEACE,554,313.0,867.0,2024년도 전기자동차 청주시 모델별 보조금,2024,청주시
화물(소형),파워프라자,봉고3ev PEACE 더블캡,481,272.0,753.0,2024년도 전기자동차 청주시 모델별 보조금,2024,청주시
화물(소형),현대자동차,포터Ⅱ 일렉트릭(23MY),1090,592.0,1682.0,2024년도 전기자동차 청주시 모델별 보조금,2024,청주시
화물(소형),현대자동차,포터Ⅱ 일렉트릭(24MY),1090,592.0,1682.0,2024년도 전기자동차 청주시 모델별 보조금,2024,청주시
화물(소형),현대자동차,ST1 기본형 카고 17인치,1100,620.0,1720.0,2024년도 전기자동차 청주시 모델별 보조금,2024,청주시
화물(소형),현대자동차,ST1 기본형 카고 냉동 17인치,1450,817.0,2267.0,2024년도 전기자동차 청주시 모델별 보조금,2024,청주시
화물(소형),현대자동차,ST1 기본형 하이탑 17인치,1100,620.0,1720.0,2024년도 전기자동차 청주시 모델별 보조금,2024,청주시
화물(소형),기아,봉고 전기차,1130,592.0,1722.0,2024년도 전기자동차 청주시 모델별 보조금,2024,청주시
화물(소형),기아,봉고 전기차 냉동탑차,1330,711.0,2041.0,2024년도 전기자동차 청주시 모델별 보조금,2024,청주시
화물(소형),기아,봉고 전기차 저상형 냉동탑차,1330,711.0,2041.0,2024년도 전기자동차 청주시 모델별 보조금,2024,청주시
화물(소형),일진정공,일진무시동전기냉동탑차(149.9km),916,516.0,1432.0,2024년도 전기자동차 청주시 모델별 보조금,2024,청주시
화물(소형),일진정공,일진무시동전기냉동탑차(186.1km),1169,660.0,1829.0,2024년도 전기자동차 청주시 모델별 보조금,2024,청주시
화물(소형),일진정공,일진무시동전기냉동탑차(봉고),1379,737.0,2116.0,2024년도 전기자동차 청주시 모델별 보조금,2024,청주시
화물(소형),일진정공,일진무시동전기냉동탑차(포터),1363,728.0,2091.0,2024년도 전기자동차 청주시 모델별 보조금,2024,청주시
화물(소형),루트17,다니고C(0.8톤 전기트럭),1068,550.0,1618.0,2024년도 전기자동차 청주시 모델별 보조금,2024,청주시
화물(소형),루트17,다니고C2(0.8톤 전기트럭),268,151.0,419.0,2024년도 전기자동차 청주시 모델별 보조금,2024,청주시
화물(소형),루트17,다니고R(전기냉동탑차),1224,647.0,1871.0,2024년도 전기자동차 청주시 모델별 보조금,2024,청주시
화물(소형),루트17,다니고R2(무시동 전기냉동탑차),1123,595.0,1718.0,2024년도 전기자동차 청주시 모델별 보조금,2024,청주시
화물(소형),루트17,e-TOVI,464,262.0,726.0,2024년도 전기자동차 청주시 모델별 보조금,2024,청주시
화물(소형),이브이케이엠씨,MASADA 픽업,295,166.0,461.0,2024년도 전기자동차 청주시 모델별 보조금,2024,청주시
화물(소형),이브이케이엠씨,MASADA 3세대 2밴,274,155.0,429.0,2024년도 전기자동차 청주시 모델별 보조금,2024,청주시
화물(소형),이브이케이엠씨,MASADA 3세대 4밴,246,139.0,385.0,2024년도 전기자동차 청주시 모델별 보조금,2024,청주시
화물(소형),이브이케이엠씨,MASADA 2밴,299,169.0,468.0,2024년도 전기자동차 청주시 모델별 보조금,2024,청주시
화물(소형),이브이케이엠씨,MASADA 4밴,269,151.0,420.0,2024년도 전기자동차 청주시 모델별 보조금,2024,청주시
화물(소형),이브이케이엠씨,EC35 2밴,194,109.0,303.0,2024년도 전기자동차 청주시 모델별 보조금,2024,청주시
화물(소형),제이스모빌리티,이티밴,405,228.0,633.0,2024년도 전기자동차 청주시 모델별 보조금,2024,청주시
화물(소형),제이스모빌리티,이티4밴,364,206.0,570.0,2024년도 전기자동차 청주시 모델별 보조금,2024,청주시
화물(소형),제이스모빌리티,이티밴 미니 2인승,412,232.0,644.0,2024년도 전기자동차 청주시 모델별 보조금,2024,청주시
화물(소형),제이스모빌리티,이티밴 미니 4인승,412,232.0,644.0,2024년도 전기자동차 청주시 모델별 보조금,2024,청주시
화물(소형),제이스모빌리티,이티밴 프로 2인승,412,232.0,644.0,2024년도 전기자동차 청주시 모델별 보조금,2024,청주시
화물(소형),제이스모빌리티,이티밴 프로 4인승,412,232.0,644.0,2024년도 전기자동차 청주시 모델별 보조금,2024,청주시
화물(소형),오텍,오텍 무시동 전기 냉동탑차(봉고),1118,630.0,1748.0,2024년도 전기자동차 청주시 모델별 보조금,2024,청주시
화물(소형),이엔플러스,이엔1톤롱바디카고,850,479.0,1329.0,2024년도 전기자동차 청주시 모델별 보조금,2024,청주시
화물(소형),이엔플러스,이엔플러스EV1톤롱바디트럭,895,505.0,1400.0,2024년도 전기자동차 청주시 모델별 보조금,2024,청주시
화물(소형),GS글로벌,T4K,462,261.0,723.0,2024년도 전기자동차 청주시 모델별 보조금,2024,청주시
화물(소형),GS글로벌,T4K 냉동탑차,711,401.0,1112.0,2024년도 전기자동차 청주시 모델별 보조금,2024,청주시
화물(소형),에스에스라이트,젤라,336,190.0,526.0,2024년도 전기자동차 청주시 모델별 보조금,2024,청주시
화물(소형),에스에스라이트,젤라 P200,478,269.0,747.0,2024년도 전기자동차 청주시 모델별 보조금,2024,청주시
화물(소형),한국쓰리축,한국쓰리축1톤롱바디EV트럭(봉고),837,473.0,1310.0,2024년도 전기자동차 청주시 모델별 보조금,2024,청주시
화물(소형),한국쓰리축,한국쓰리축1톤롱바디EV트럭(포터),855,483.0,1338.0,2024년도 전기자동차 청주시 모델별 보조금,2024,청주시
화물(소형),모빌리티네트웍스,SE-A2밴,333,187.0,520.0,2024년도 전기자동차 청주시 모델별 보조금,2024,청주시
화물(소형),피닉스코리아,썬라이즈-T01,412,232.0,644.0,2024년도 전기자동차 청주시 모델별 보조금,2024,청주시
화물(소형),케이지모빌리티,토레스 EVX VAN 20인치,392,392.0,784.0,2024년도 전기자동차 청주시 모델별 보조금,2024,청주시
화물(소형),케이지모빌리티,토레스 EVX VAN 18인치,394,394.0,788.0,2024년도 전기자동차 청주시 모델별 보조금,2024,청주시
화물(소형),한국상용트럭,한국상용1톤롱바디EV카고트럭,818,461.0,1279.0,2024년도 전기자동차 청주시 모델별 보조금,2024,청주시
화물(소형),한국상용트럭,한국상용0.9톤롱바디EV내장탑트럭,593,335.0,928.0,2024년도 전기자동차 청주시 모델별 보조금,2024,청주시
화물(소형),센트로에이케이,E-CV1,282,159.0,441.0,2024년도 전기자동차 청주시 모델별 보조금,2024,청주시
화물(소형),파츠몰에이투지,SW40,412,232.0,644.0,2024년도 전기자동차 청주시 모델별 보조금,2024,청주시
화물(소형),이브이앤솔루션,STEGO-Z,540,304.0,844.0,2024년도 전기자동차 청주시 모델별 보조금,2024,청주시
화물(초소형),마스타전기차,MASTA VAN,400,200.0,600.0,2024년도 전기자동차 충주시 모델별 보조금,2024,충주시
화물(초소형),마스타전기차,MASTA HIM,400,200.0,600.0,2024년도 전기자동차 충주시 모델별 보조금,2024,충주시
화물(초소형),디피코,포트로-탑,400,200.0,600.0,2024년도 전기자동차 충주시 모델별 보조금,2024,충주시
화물(초소형),디피코,포트로-픽업,400,200.0,600.0,2024년도 전기자동차 충주시 모델별 보조금,2024,충주시
화물(초소형),디피코,포트로-탑S,400,200.0,600.0,2024년도 전기자동차 충주시 모델별 보조금,2024,충주시
화물(초소형),디피코,포트로-픽업S,400,200.0,600.0,2024년도 전기자동차 충주시 모델별 보조금,2024,충주시
화물(초소형),마이브,베프,400,0.0,400.0,2024년도 전기자동차 충주시 모델별 보조금,2024,충주시
화물(경형),디피코,포트로350L-탑,788,394.0,1182.0,2024년도 전기자동차 충주시 모델별 보조금,2024,충주시
화물(경형),디피코,포트로350L-픽업,788,394.0,1182.0,2024년도 전기자동차 충주시 모델별 보조금,2024,충주시
화물(소형),파워프라자,봉고3ev PEACE,554,313.0,867.0,2024년도 전기자동차 충주시 모델별 보조금,2024,충주시
화물(소형),파워프라자,봉고3ev PEACE 더블캡,481,272.0,753.0,2024년도 전기자동차 충주시 모델별 보조금,2024,충주시
화물(소형),현대자동차,포터Ⅱ 일렉트릭(23MY),1090,592.0,1682.0,2024년도 전기자동차 충주시 모델별 보조금,2024,충주시
화물(소형),현대자동차,포터Ⅱ 일렉트릭(24MY),1090,592.0,1682.0,2024년도 전기자동차 충주시 모델별 보조금,2024,충주시
화물(소형),현대자동차,ST1 기본형 카고 17인치,1100,620.0,1720.0,2024년도 전기자동차 충주시 모델별 보조금,2024,충주시
화물(소형),현대자동차,ST1 기본형 카고 냉동 17인치,1450,817.0,2267.0,2024년도 전기자동차 충주시 모델별 보조금,2024,충주시
화물(소형),현대자동차,ST1 기본형 하이탑 17인치,1100,620.0,1720.0,2024년도 전기자동차 충주시 모델별 보조금,2024,충주시
화물(소형),기아,봉고 전기차,1130,592.0,1722.0,2024년도 전기자동차 충주시 모델별 보조금,2024,충주시
화물(소형),기아,봉고 전기차 냉동탑차,1330,711.0,2041.0,2024년도 전기자동차 충주시 모델별 보조금,2024,충주시
화물(소형),기아,봉고 전기차 저상형 냉동탑차,1330,711.0,2041.0,2024년도 전기자동차 충주시 모델별 보조금,2024,충주시
화물(소형),일진정공,일진무시동전기냉동탑차(149.9km),916,516.0,1432.0,2024년도 전기자동차 충주시 모델별 보조금,2024,충주시
화물(소형),일진정공,일진무시동전기냉동탑차(186.1km),1169,660.0,1829.0,2024년도 전기자동차 충주시 모델별 보조금,2024,충주시
화물(소형),일진정공,일진무시동전기냉동탑차(봉고),1379,737.0,2116.0,2024년도 전기자동차 충주시 모델별 보조금,2024,충주시
화물(소형),일진정공,일진무시동전기냉동탑차(포터),1363,728.0,2091.0,2024년도 전기자동차 충주시 모델별 보조금,2024,충주시
화물(소형),루트17,다니고C(0.8톤 전기트럭),1068,550.0,1618.0,2024년도 전기자동차 충주시 모델별 보조금,2024,충주시
화물(소형),루트17,다니고C2(0.8톤 전기트럭),268,141.0,409.0,2024년도 전기자동차 충주시 모델별 보조금,2024,충주시
화물(소형),루트17,다니고R(전기냉동탑차),1224,647.0,1871.0,2024년도 전기자동차 충주시 모델별 보조금,2024,충주시
화물(소형),루트17,다니고R2(무시동 전기냉동탑차),1123,595.0,1718.0,2024년도 전기자동차 충주시 모델별 보조금,2024,충주시
화물(소형),루트17,e-TOVI,464,262.0,726.0,2024년도 전기자동차 충주시 모델별 보조금,2024,충주시
화물(소형),이브이케이엠씨,MASADA 픽업,295,166.0,461.0,2024년도 전기자동차 충주시 모델별 보조금,2024,충주시
화물(소형),이브이케이엠씨,MASADA 3세대 2밴,274,155.0,429.0,2024년도 전기자동차 충주시 모델별 보조금,2024,충주시
화물(소형),이브이케이엠씨,MASADA 3세대 4밴,246,139.0,385.0,2024년도 전기자동차 충주시 모델별 보조금,2024,충주시
화물(소형),이브이케이엠씨,MASADA 2밴,299,169.0,468.0,2024년도 전기자동차 충주시 모델별 보조금,2024,충주시
화물(소형),이브이케이엠씨,MASADA 4밴,269,151.0,420.0,2024년도 전기자동차 충주시 모델별 보조금,2024,충주시
화물(소형),이브이케이엠씨,EC35 2밴,194,109.0,303.0,2024년도 전기자동차 충주시 모델별 보조금,2024,충주시
화물(소형),제이스모빌리티,이티밴,405,228.0,633.0,2024년도 전기자동차 충주시 모델별 보조금,2024,충주시
화물(소형),제이스모빌리티,이티4밴,364,206.0,570.0,2024년도 전기자동차 충주시 모델별 보조금,2024,충주시
화물(소형),제이스모빌리티,이티밴 미니 2인승,412,232.0,644.0,2024년도 전기자동차 충주시 모델별 보조금,2024,충주시
화물(소형),제이스모빌리티,이티밴 미니 4인승,412,232.0,644.0,2024년도 전기자동차 충주시 모델별 보조금,2024,충주시
화물(소형),제이스모빌리티,이티밴 프로 2인승,412,232.0,644.0,2024년도 전기자동차 충주시 모델별 보조금,2024,충주시
화물(소형),제이스모빌리티,이티밴 프로 4인승,412,232.0,644.0,2024년도 전기자동차 충주시 모델별 보조금,2024,충주시
화물(소형),오텍,오텍 무시동 전기 냉동탑차(봉고),1118,630.0,1748.0,2024년도 전기자동차 충주시 모델별 보조금,2024,충주시
화물(소형),이엔플러스,이엔1톤롱바디카고,850,479.0,1329.0,2024년도 전기자동차 충주시 모델별 보조금,2024,충주시
화물(소형),이엔플러스,이엔플러스EV1톤롱바디트럭,895,505.0,1400.0,2024년도 전기자동차 충주시 모델별 보조금,2024,충주시
화물(소형),GS글로벌,T4K,462,261.0,723.0,2024년도 전기자동차 충주시 모델별 보조금,2024,충주시
화물(소형),GS글로벌,T4K 냉동탑차,711,401.0,1112.0,2024년도 전기자동차 충주시 모델별 보조금,2024,충주시
화물(소형),에스에스라이트,젤라,336,190.0,526.0,2024년도 전기자동차 충주시 모델별 보조금,2024,충주시
화물(소형),에스에스라이트,젤라 P200,478,269.0,747.0,2024년도 전기자동차 충주시 모델별 보조금,2024,충주시
화물(소형),한국쓰리축,한국쓰리축1톤롱바디EV트럭(봉고),837,473.0,1310.0,2024년도 전기자동차 충주시 모델별 보조금,2024,충주시
화물(소형),한국쓰리축,한국쓰리축1톤롱바디EV트럭(포터),855,483.0,1338.0,2024년도 전기자동차 충주시 모델별 보조금,2024,충주시
화물(소형),모빌리티네트웍스,SE-A2밴,333,187.0,520.0,2024년도 전기자동차 충주시 모델별 보조금,2024,충주시
화물(소형),피닉스코리아,썬라이즈-T01,412,232.0,644.0,2024년도 전기자동차 충주시 모델별 보조금,2024,충주시
화물(소형),케이지모빌리티,토레스 EVX VAN 20인치,392,392.0,784.0,2024년도 전기자동차 충주시 모델별 보조금,2024,충주시
화물(소형),케이지모빌리티,토레스 EVX VAN 18인치,394,394.0,788.0,2024년도 전기자동차 충주시 모델별 보조금,2024,충주시
화물(소형),한국상용트럭,한국상용1톤롱바디EV카고트럭,818,461.0,1279.0,2024년도 전기자동차 충주시 모델별 보조금,2024,충주시
화물(소형),한국상용트럭,한국상용0.9톤롱바디EV내장탑트럭,593,335.0,928.0,2024년도 전기자동차 충주시 모델별 보조금,2024,충주시
화물(소형),센트로에이케이,E-CV1,282,159.0,441.0,2024년도 전기자동차 충주시 모델별 보조금,2024,충주시
화물(소형),파츠몰에이투지,SW40,412,232.0,644.0,2024년도 전기자동차 충주시 모델별 보조금,2024,충주시
화물(소형),이브이앤솔루션,STEGO-Z,540,304.0,844.0,2024년도 전기자동차 충주시 모델별 보조금,2024,충주시
화물(초소형),마스타전기차,MASTA VAN,400,200.0,600.0,2024년도 전기자동차 제천시 모델별 보조금,2024,제천시
화물(초소형),마스타전기차,MASTA HIM,400,200.0,600.0,2024년도 전기자동차 제천시 모델별 보조금,2024,제천시
화물(초소형),디피코,포트로-탑,400,200.0,600.0,2024년도 전기자동차 제천시 모델별 보조금,2024,제천시
화물(초소형),디피코,포트로-픽업,400,200.0,600.0,2024년도 전기자동차 제천시 모델별 보조금,2024,제천시
화물(초소형),디피코,포트로-탑S,400,200.0,600.0,2024년도 전기자동차 제천시 모델별 보조금,2024,제천시
화물(초소형),디피코,포트로-픽업S,400,200.0,600.0,2024년도 전기자동차 제천시 모델별 보조금,2024,제천시
화물(초소형),마이브,베프,400,501.0,901.0,2024년도 전기자동차 제천시 모델별 보조금,2024,제천시
화물(경형),디피코,포트로350L-탑,788,394.0,1182.0,2024년도 전기자동차 제천시 모델별 보조금,2024,제천시
화물(경형),디피코,포트로350L-픽업,788,394.0,1182.0,2024년도 전기자동차 제천시 모델별 보조금,2024,제천시
화물(소형),파워프라자,봉고3ev PEACE,554,313.0,867.0,2024년도 전기자동차 제천시 모델별 보조금,2024,제천시
화물(소형),파워프라자,봉고3ev PEACE 더블캡,481,272.0,753.0,2024년도 전기자동차 제천시 모델별 보조금,2024,제천시
화물(소형),현대자동차,포터Ⅱ 일렉트릭(23MY),1090,592.0,1682.0,2024년도 전기자동차 제천시 모델별 보조금,2024,제천시
화물(소형),현대자동차,포터Ⅱ 일렉트릭(24MY),1090,592.0,1682.0,2024년도 전기자동차 제천시 모델별 보조금,2024,제천시
화물(소형),현대자동차,ST1 기본형 카고 17인치,1100,620.0,1720.0,2024년도 전기자동차 제천시 모델별 보조금,2024,제천시
화물(소형),현대자동차,ST1 기본형 카고 냉동 17인치,1450,817.0,2267.0,2024년도 전기자동차 제천시 모델별 보조금,2024,제천시
화물(소형),현대자동차,ST1 기본형 하이탑 17인치,1100,620.0,1720.0,2024년도 전기자동차 제천시 모델별 보조금,2024,제천시
화물(소형),기아,봉고 전기차,1130,592.0,1722.0,2024년도 전기자동차 제천시 모델별 보조금,2024,제천시
화물(소형),기아,봉고 전기차 냉동탑차,1330,711.0,2041.0,2024년도 전기자동차 제천시 모델별 보조금,2024,제천시
화물(소형),기아,봉고 전기차 저상형 냉동탑차,1330,711.0,2041.0,2024년도 전기자동차 제천시 모델별 보조금,2024,제천시
화물(소형),일진정공,일진무시동전기냉동탑차(149.9km),916,516.0,1432.0,2024년도 전기자동차 제천시 모델별 보조금,2024,제천시
화물(소형),일진정공,일진무시동전기냉동탑차(186.1km),1169,660.0,1829.0,2024년도 전기자동차 제천시 모델별 보조금,2024,제천시
화물(소형),일진정공,일진무시동전기냉동탑차(봉고),1379,737.0,2116.0,2024년도 전기자동차 제천시 모델별 보조금,2024,제천시
화물(소형),일진정공,일진무시동전기냉동탑차(포터),1363,728.0,2091.0,2024년도 전기자동차 제천시 모델별 보조금,2024,제천시
화물(소형),루트17,다니고C(0.8톤 전기트럭),1068,550.0,1618.0,2024년도 전기자동차 제천시 모델별 보조금,2024,제천시
화물(소형),루트17,다니고C2(0.8톤 전기트럭),268,151.0,419.0,2024년도 전기자동차 제천시 모델별 보조금,2024,제천시
화물(소형),루트17,다니고R(전기냉동탑차),1224,647.0,1871.0,2024년도 전기자동차 제천시 모델별 보조금,2024,제천시
화물(소형),루트17,다니고R2(무시동 전기냉동탑차),1123,595.0,1718.0,2024년도 전기자동차 제천시 모델별 보조금,2024,제천시
화물(소형),루트17,e-TOVI,464,262.0,726.0,2024년도 전기자동차 제천시 모델별 보조금,2024,제천시
화물(소형),이브이케이엠씨,MASADA 픽업,295,166.0,461.0,2024년도 전기자동차 제천시 모델별 보조금,2024,제천시
화물(소형),이브이케이엠씨,MASADA 3세대 2밴,274,155.0,429.0,2024년도 전기자동차 제천시 모델별 보조금,2024,제천시
화물(소형),이브이케이엠씨,MASADA 3세대 4밴,246,139.0,385.0,2024년도 전기자동차 제천시 모델별 보조금,2024,제천시
화물(소형),이브이케이엠씨,MASADA 2밴,299,169.0,468.0,2024년도 전기자동차 제천시 모델별 보조금,2024,제천시
화물(소형),이브이케이엠씨,MASADA 4밴,269,151.0,420.0,2024년도 전기자동차 제천시 모델별 보조금,2024,제천시
화물(소형),이브이케이엠씨,EC35 2밴,194,109.0,303.0,2024년도 전기자동차 제천시 모델별 보조금,2024,제천시
화물(소형),제이스모빌리티,이티밴,405,228.0,633.0,2024년도 전기자동차 제천시 모델별 보조금,2024,제천시
화물(소형),제이스모빌리티,이티4밴,364,206.0,570.0,2024년도 전기자동차 제천시 모델별 보조금,2024,제천시
화물(소형),제이스모빌리티,이티밴 미니 2인승,412,232.0,644.0,2024년도 전기자동차 제천시 모델별 보조금,2024,제천시
화물(소형),제이스모빌리티,이티밴 미니 4인승,412,232.0,644.0,2024년도 전기자동차 제천시 모델별 보조금,2024,제천시
화물(소형),제이스모빌리티,이티밴 프로 2인승,412,232.0,644.0,2024년도 전기자동차 제천시 모델별 보조금,2024,제천시
화물(소형),제이스모빌리티,이티밴 프로 4인승,412,232.0,644.0,2024년도 전기자동차 제천시 모델별 보조금,2024,제천시
화물(소형),오텍,오텍 무시동 전기 냉동탑차(봉고),1118,630.0,1748.0,2024년도 전기자동차 제천시 모델별 보조금,2024,제천시
화물(소형),이엔플러스,이엔1톤롱바디카고,850,479.0,1329.0,2024년도 전기자동차 제천시 모델별 보조금,2024,제천시
화물(소형),이엔플러스,이엔플러스EV1톤롱바디트럭,895,505.0,1400.0,2024년도 전기자동차 제천시 모델별 보조금,2024,제천시
화물(소형),GS글로벌,T4K,462,261.0,723.0,2024년도 전기자동차 제천시 모델별 보조금,2024,제천시
화물(소형),GS글로벌,T4K 냉동탑차,711,401.0,1112.0,2024년도 전기자동차 제천시 모델별 보조금,2024,제천시
화물(소형),에스에스라이트,젤라,336,190.0,526.0,2024년도 전기자동차 제천시 모델별 보조금,2024,제천시
화물(소형),에스에스라이트,젤라 P200,478,269.0,747.0,2024년도 전기자동차 제천시 모델별 보조금,2024,제천시
화물(소형),한국쓰리축,한국쓰리축1톤롱바디EV트럭(봉고),837,473.0,1310.0,2024년도 전기자동차 제천시 모델별 보조금,2024,제천시
화물(소형),한국쓰리축,한국쓰리축1톤롱바디EV트럭(포터),855,483.0,1338.0,2024년도 전기자동차 제천시 모델별 보조금,2024,제천시
화물(소형),모빌리티네트웍스,SE-A2밴,333,187.0,520.0,2024년도 전기자동차 제천시 모델별 보조금,2024,제천시
화물(소형),피닉스코리아,썬라이즈-T01,412,232.0,644.0,2024년도 전기자동차 제천시 모델별 보조금,2024,제천시
화물(소형),케이지모빌리티,토레스 EVX VAN 20인치,392,392.0,784.0,2024년도 전기자동차 제천시 모델별 보조금,2024,제천시
화물(소형),케이지모빌리티,토레스 EVX VAN 18인치,394,394.0,788.0,2024년도 전기자동차 제천시 모델별 보조금,2024,제천시
화물(소형),한국상용트럭,한국상용1톤롱바디EV카고트럭,818,461.0,1279.0,2024년도 전기자동차 제천시 모델별 보조금,2024,제천시
화물(소형),한국상용트럭,한국상용0.9톤롱바디EV내장탑트럭,593,335.0,928.0,2024년도 전기자동차 제천시 모델별 보조금,2024,제천시
화물(소형),센트로에이케이,E-CV1,282,159.0,441.0,2024년도 전기자동차 제천시 모델별 보조금,2024,제천시
화물(소형),파츠몰에이투지,SW40,412,232.0,644.0,2024년도 전기자동차 제천시 모델별 보조금,2024,제천시
화물(소형),이브이앤솔루션,STEGO-Z,540,304.0,844.0,2024년도 전기자동차 제천시 모델별 보조금,2024,제천시
화물(초소형),마스타전기차,MASTA VAN,400,200.0,600.0,2024년도 전기자동차 보은군 모델별 보조금,2024,보은군
화물(초소형),마스타전기차,MASTA HIM,400,200.0,600.0,2024년도 전기자동차 보은군 모델별 보조금,2024,보은군
화물(초소형),디피코,포트로-탑,400,200.0,600.0,2024년도 전기자동차 보은군 모델별 보조금,2024,보은군
화물(초소형),디피코,포트로-픽업,400,200.0,600.0,2024년도 전기자동차 보은군 모델별 보조금,2024,보은군
화물(초소형),디피코,포트로-탑S,400,200.0,600.0,2024년도 전기자동차 보은군 모델별 보조금,2024,보은군
화물(초소형),디피코,포트로-픽업S,400,200.0,600.0,2024년도 전기자동차 보은군 모델별 보조금,2024,보은군
화물(초소형),마이브,베프,400,501.0,901.0,2024년도 전기자동차 보은군 모델별 보조금,2024,보은군
화물(경형),디피코,포트로350L-탑,788,394.0,1182.0,2024년도 전기자동차 보은군 모델별 보조금,2024,보은군
화물(경형),디피코,포트로350L-픽업,788,394.0,1182.0,2024년도 전기자동차 보은군 모델별 보조금,2024,보은군
화물(소형),파워프라자,봉고3ev PEACE,554,313.0,867.0,2024년도 전기자동차 보은군 모델별 보조금,2024,보은군
화물(소형),파워프라자,봉고3ev PEACE 더블캡,481,272.0,753.0,2024년도 전기자동차 보은군 모델별 보조금,2024,보은군
화물(소형),현대자동차,포터Ⅱ 일렉트릭(23MY),1090,592.0,1682.0,2024년도 전기자동차 보은군 모델별 보조금,2024,보은군
화물(소형),현대자동차,포터Ⅱ 일렉트릭(24MY),1090,592.0,1682.0,2024년도 전기자동차 보은군 모델별 보조금,2024,보은군
화물(소형),현대자동차,ST1 기본형 카고 17인치,1100,620.0,1720.0,2024년도 전기자동차 보은군 모델별 보조금,2024,보은군
화물(소형),현대자동차,ST1 기본형 카고 냉동 17인치,1450,817.0,2267.0,2024년도 전기자동차 보은군 모델별 보조금,2024,보은군
화물(소형),현대자동차,ST1 기본형 하이탑 17인치,1100,620.0,1720.0,2024년도 전기자동차 보은군 모델별 보조금,2024,보은군
화물(소형),기아,봉고 전기차,1130,592.0,1722.0,2024년도 전기자동차 보은군 모델별 보조금,2024,보은군
화물(소형),기아,봉고 전기차 냉동탑차,1330,711.0,2041.0,2024년도 전기자동차 보은군 모델별 보조금,2024,보은군
화물(소형),기아,봉고 전기차 저상형 냉동탑차,1330,711.0,2041.0,2024년도 전기자동차 보은군 모델별 보조금,2024,보은군
화물(소형),일진정공,일진무시동전기냉동탑차(149.9km),916,516.0,1432.0,2024년도 전기자동차 보은군 모델별 보조금,2024,보은군
화물(소형),일진정공,일진무시동전기냉동탑차(186.1km),1169,660.0,1829.0,2024년도 전기자동차 보은군 모델별 보조금,2024,보은군
화물(소형),일진정공,일진무시동전기냉동탑차(봉고),1379,737.0,2116.0,2024년도 전기자동차 보은군 모델별 보조금,2024,보은군
화물(소형),일진정공,일진무시동전기냉동탑차(포터),1363,728.0,2091.0,2024년도 전기자동차 보은군 모델별 보조금,2024,보은군
화물(소형),루트17,다니고C(0.8톤 전기트럭),1068,550.0,1618.0,2024년도 전기자동차 보은군 모델별 보조금,2024,보은군
화물(소형),루트17,다니고C2(0.8톤 전기트럭),268,151.0,419.0,2024년도 전기자동차 보은군 모델별 보조금,2024,보은군
화물(소형),루트17,다니고R(전기냉동탑차),1224,647.0,1871.0,2024년도 전기자동차 보은군 모델별 보조금,2024,보은군
화물(소형),루트17,다니고R2(무시동 전기냉동탑차),1123,595.0,1718.0,2024년도 전기자동차 보은군 모델별 보조금,2024,보은군
화물(소형),루트17,e-TOVI,464,262.0,726.0,2024년도 전기자동차 보은군 모델별 보조금,2024,보은군
화물(소형),이브이케이엠씨,MASADA 픽업,295,166.0,461.0,2024년도 전기자동차 보은군 모델별 보조금,2024,보은군
화물(소형),이브이케이엠씨,MASADA 3세대 2밴,274,155.0,429.0,2024년도 전기자동차 보은군 모델별 보조금,2024,보은군
화물(소형),이브이케이엠씨,MASADA 3세대 4밴,246,139.0,385.0,2024년도 전기자동차 보은군 모델별 보조금,2024,보은군
화물(소형),이브이케이엠씨,MASADA 2밴,299,169.0,468.0,2024년도 전기자동차 보은군 모델별 보조금,2024,보은군
화물(소형),이브이케이엠씨,MASADA 4밴,269,151.0,420.0,2024년도 전기자동차 보은군 모델별 보조금,2024,보은군
화물(소형),이브이케이엠씨,EC35 2밴,194,109.0,303.0,2024년도 전기자동차 보은군 모델별 보조금,2024,보은군
화물(소형),제이스모빌리티,이티밴,405,228.0,633.0,2024년도 전기자동차 보은군 모델별 보조금,2024,보은군
화물(소형),제이스모빌리티,이티4밴,364,206.0,570.0,2024년도 전기자동차 보은군 모델별 보조금,2024,보은군
화물(소형),제이스모빌리티,이티밴 미니 2인승,412,232.0,644.0,2024년도 전기자동차 보은군 모델별 보조금,2024,보은군
화물(소형),제이스모빌리티,이티밴 미니 4인승,412,232.0,644.0,2024년도 전기자동차 보은군 모델별 보조금,2024,보은군
화물(소형),제이스모빌리티,이티밴 프로 2인승,412,232.0,644.0,2024년도 전기자동차 보은군 모델별 보조금,2024,보은군
화물(소형),제이스모빌리티,이티밴 프로 4인승,412,232.0,644.0,2024년도 전기자동차 보은군 모델별 보조금,2024,보은군
화물(소형),오텍,오텍 무시동 전기 냉동탑차(봉고),1118,630.0,1748.0,2024년도 전기자동차 보은군 모델별 보조금,2024,보은군
화물(소형),이엔플러스,이엔1톤롱바디카고,850,479.0,1329.0,2024년도 전기자동차 보은군 모델별 보조금,2024,보은군
화물(소형),이엔플러스,이엔플러스EV1톤롱바디트럭,895,505.0,1400.0,2024년도 전기자동차 보은군 모델별 보조금,2024,보은군
화물(소형),GS글로벌,T4K,462,261.0,723.0,2024년도 전기자동차 보은군 모델별 보조금,2024,보은군
화물(소형),GS글로벌,T4K 냉동탑차,711,401.0,1112.0,2024년도 전기자동차 보은군 모델별 보조금,2024,보은군
화물(소형),에스에스라이트,젤라,336,190.0,526.0,2024년도 전기자동차 보은군 모델별 보조금,2024,보은군
화물(소형),에스에스라이트,젤라 P200,478,269.0,747.0,2024년도 전기자동차 보은군 모델별 보조금,2024,보은군
화물(소형),한국쓰리축,한국쓰리축1톤롱바디EV트럭(봉고),837,473.0,1310.0,2024년도 전기자동차 보은군 모델별 보조금,2024,보은군
화물(소형),한국쓰리축,한국쓰리축1톤롱바디EV트럭(포터),855,483.0,1338.0,2024년도 전기자동차 보은군 모델별 보조금,2024,보은군
화물(소형),모빌리티네트웍스,SE-A2밴,333,187.0,520.0,2024년도 전기자동차 보은군 모델별 보조금,2024,보은군
화물(소형),피닉스코리아,썬라이즈-T01,412,232.0,644.0,2024년도 전기자동차 보은군 모델별 보조금,2024,보은군
화물(소형),케이지모빌리티,토레스 EVX VAN 20인치,392,392.0,784.0,2024년도 전기자동차 보은군 모델별 보조금,2024,보은군
화물(소형),케이지모빌리티,토레스 EVX VAN 18인치,394,394.0,788.0,2024년도 전기자동차 보은군 모델별 보조금,2024,보은군
화물(소형),한국상용트럭,한국상용1톤롱바디EV카고트럭,818,461.0,1279.0,2024년도 전기자동차 보은군 모델별 보조금,2024,보은군
화물(소형),한국상용트럭,한국상용0.9톤롱바디EV내장탑트럭,593,335.0,928.0,2024년도 전기자동차 보은군 모델별 보조금,2024,보은군
화물(소형),센트로에이케이,E-CV1,282,159.0,441.0,2024년도 전기자동차 보은군 모델별 보조금,2024,보은군
화물(소형),파츠몰에이투지,SW40,412,232.0,644.0,2024년도 전기자동차 보은군 모델별 보조금,2024,보은군
화물(소형),이브이앤솔루션,STEGO-Z,540,304.0,844.0,2024년도 전기자동차 보은군 모델별 보조금,2024,보은군
화물(초소형),마스타전기차,MASTA VAN,400,200.0,600.0,2024년도 전기자동차 옥천군 모델별 보조금,2024,옥천군
화물(초소형),마스타전기차,MASTA HIM,400,200.0,600.0,2024년도 전기자동차 옥천군 모델별 보조금,2024,옥천군
화물(초소형),디피코,포트로-탑,400,200.0,600.0,2024년도 전기자동차 옥천군 모델별 보조금,2024,옥천군
화물(초소형),디피코,포트로-픽업,400,200.0,600.0,2024년도 전기자동차 옥천군 모델별 보조금,2024,옥천군
화물(초소형),디피코,포트로-탑S,400,200.0,600.0,2024년도 전기자동차 옥천군 모델별 보조금,2024,옥천군
화물(초소형),디피코,포트로-픽업S,400,200.0,600.0,2024년도 전기자동차 옥천군 모델별 보조금,2024,옥천군
화물(초소형),마이브,베프,400,501.0,901.0,2024년도 전기자동차 옥천군 모델별 보조금,2024,옥천군
화물(경형),디피코,포트로350L-탑,788,394.0,1182.0,2024년도 전기자동차 옥천군 모델별 보조금,2024,옥천군
화물(경형),디피코,포트로350L-픽업,788,394.0,1182.0,2024년도 전기자동차 옥천군 모델별 보조금,2024,옥천군
화물(소형),파워프라자,봉고3ev PEACE,554,313.0,867.0,2024년도 전기자동차 옥천군 모델별 보조금,2024,옥천군
화물(소형),파워프라자,봉고3ev PEACE 더블캡,481,272.0,753.0,2024년도 전기자동차 옥천군 모델별 보조금,2024,옥천군
화물(소형),현대자동차,포터Ⅱ 일렉트릭(23MY),1090,592.0,1682.0,2024년도 전기자동차 옥천군 모델별 보조금,2024,옥천군
화물(소형),현대자동차,포터Ⅱ 일렉트릭(24MY),1090,592.0,1682.0,2024년도 전기자동차 옥천군 모델별 보조금,2024,옥천군
화물(소형),현대자동차,ST1 기본형 카고 17인치,1100,620.0,1720.0,2024년도 전기자동차 옥천군 모델별 보조금,2024,옥천군
화물(소형),현대자동차,ST1 기본형 카고 냉동 17인치,1450,817.0,2267.0,2024년도 전기자동차 옥천군 모델별 보조금,2024,옥천군
화물(소형),현대자동차,ST1 기본형 하이탑 17인치,1100,620.0,1720.0,2024년도 전기자동차 옥천군 모델별 보조금,2024,옥천군
화물(소형),기아,봉고 전기차,1130,592.0,1722.0,2024년도 전기자동차 옥천군 모델별 보조금,2024,옥천군
화물(소형),기아,봉고 전기차 냉동탑차,1330,711.0,2041.0,2024년도 전기자동차 옥천군 모델별 보조금,2024,옥천군
화물(소형),기아,봉고 전기차 저상형 냉동탑차,1330,711.0,2041.0,2024년도 전기자동차 옥천군 모델별 보조금,2024,옥천군
화물(소형),일진정공,일진무시동전기냉동탑차(149.9km),916,516.0,1432.0,2024년도 전기자동차 옥천군 모델별 보조금,2024,옥천군
화물(소형),일진정공,일진무시동전기냉동탑차(186.1km),1169,660.0,1829.0,2024년도 전기자동차 옥천군 모델별 보조금,2024,옥천군
화물(소형),일진정공,일진무시동전기냉동탑차(봉고),1379,737.0,2116.0,2024년도 전기자동차 옥천군 모델별 보조금,2024,옥천군
화물(소형),일진정공,일진무시동전기냉동탑차(포터),1363,728.0,2091.0,2024년도 전기자동차 옥천군 모델별 보조금,2024,옥천군
화물(소형),루트17,다니고C(0.8톤 전기트럭),1068,550.0,1618.0,2024년도 전기자동차 옥천군 모델별 보조금,2024,옥천군
화물(소형),루트17,다니고C2(0.8톤 전기트럭),268,151.0,419.0,2024년도 전기자동차 옥천군 모델별 보조금,2024,옥천군
화물(소형),루트17,다니고R(전기냉동탑차),1224,647.0,1871.0,2024년도 전기자동차 옥천군 모델별 보조금,2024,옥천군
화물(소형),루트17,다니고R2(무시동 전기냉동탑차),1123,595.0,1718.0,2024년도 전기자동차 옥천군 모델별 보조금,2024,옥천군
화물(소형),루트17,e-TOVI,464,262.0,726.0,2024년도 전기자동차 옥천군 모델별 보조금,2024,옥천군
화물(소형),이브이케이엠씨,MASADA 픽업,295,166.0,461.0,2024년도 전기자동차 옥천군 모델별 보조금,2024,옥천군
화물(소형),이브이케이엠씨,MASADA 3세대 2밴,274,155.0,429.0,2024년도 전기자동차 옥천군 모델별 보조금,2024,옥천군
화물(소형),이브이케이엠씨,MASADA 3세대 4밴,246,151.0,397.0,2024년도 전기자동차 옥천군 모델별 보조금,2024,옥천군
화물(소형),이브이케이엠씨,MASADA 2밴,299,169.0,468.0,2024년도 전기자동차 옥천군 모델별 보조금,2024,옥천군
화물(소형),이브이케이엠씨,MASADA 4밴,269,151.0,420.0,2024년도 전기자동차 옥천군 모델별 보조금,2024,옥천군
화물(소형),이브이케이엠씨,EC35 2밴,194,109.0,303.0,2024년도 전기자동차 옥천군 모델별 보조금,2024,옥천군
화물(소형),제이스모빌리티,이티밴,405,228.0,633.0,2024년도 전기자동차 옥천군 모델별 보조금,2024,옥천군
화물(소형),제이스모빌리티,이티4밴,364,206.0,570.0,2024년도 전기자동차 옥천군 모델별 보조금,2024,옥천군
화물(소형),제이스모빌리티,이티밴 미니 2인승,412,232.0,644.0,2024년도 전기자동차 옥천군 모델별 보조금,2024,옥천군
화물(소형),제이스모빌리티,이티밴 미니 4인승,412,232.0,644.0,2024년도 전기자동차 옥천군 모델별 보조금,2024,옥천군
화물(소형),제이스모빌리티,이티밴 프로 2인승,412,232.0,644.0,2024년도 전기자동차 옥천군 모델별 보조금,2024,옥천군
화물(소형),제이스모빌리티,이티밴 프로 4인승,412,232.0,644.0,2024년도 전기자동차 옥천군 모델별 보조금,2024,옥천군
화물(소형),오텍,오텍 무시동 전기 냉동탑차(봉고),1118,630.0,1748.0,2024년도 전기자동차 옥천군 모델별 보조금,2024,옥천군
화물(소형),이엔플러스,이엔1톤롱바디카고,850,479.0,1329.0,2024년도 전기자동차 옥천군 모델별 보조금,2024,옥천군
화물(소형),이엔플러스,이엔플러스EV1톤롱바디트럭,895,505.0,1400.0,2024년도 전기자동차 옥천군 모델별 보조금,2024,옥천군
화물(소형),GS글로벌,T4K,462,261.0,723.0,2024년도 전기자동차 옥천군 모델별 보조금,2024,옥천군
화물(소형),GS글로벌,T4K 냉동탑차,711,401.0,1112.0,2024년도 전기자동차 옥천군 모델별 보조금,2024,옥천군
화물(소형),에스에스라이트,젤라,336,190.0,526.0,2024년도 전기자동차 옥천군 모델별 보조금,2024,옥천군
화물(소형),에스에스라이트,젤라 P200,478,269.0,747.0,2024년도 전기자동차 옥천군 모델별 보조금,2024,옥천군
화물(소형),한국쓰리축,한국쓰리축1톤롱바디EV트럭(봉고),837,473.0,1310.0,2024년도 전기자동차 옥천군 모델별 보조금,2024,옥천군
화물(소형),한국쓰리축,한국쓰리축1톤롱바디EV트럭(포터),855,483.0,1338.0,2024년도 전기자동차 옥천군 모델별 보조금,2024,옥천군
화물(소형),모빌리티네트웍스,SE-A2밴,333,187.0,520.0,2024년도 전기자동차 옥천군 모델별 보조금,2024,옥천군
화물(소형),피닉스코리아,썬라이즈-T01,412,232.0,644.0,2024년도 전기자동차 옥천군 모델별 보조금,2024,옥천군
화물(소형),케이지모빌리티,토레스 EVX VAN 20인치,392,392.0,784.0,2024년도 전기자동차 옥천군 모델별 보조금,2024,옥천군
화물(소형),케이지모빌리티,토레스 EVX VAN 18인치,394,394.0,788.0,2024년도 전기자동차 옥천군 모델별 보조금,2024,옥천군
화물(소형),한국상용트럭,한국상용1톤롱바디EV카고트럭,818,0.0,818.0,2024년도 전기자동차 옥천군 모델별 보조금,2024,옥천군
화물(소형),한국상용트럭,한국상용0.9톤롱바디EV내장탑트럭,593,0.0,593.0,2024년도 전기자동차 옥천군 모델별 보조금,2024,옥천군
화물(소형),센트로에이케이,E-CV1,282,159.0,441.0,2024년도 전기자동차 옥천군 모델별 보조금,2024,옥천군
화물(소형),파츠몰에이투지,SW40,412,232.0,644.0,2024년도 전기자동차 옥천군 모델별 보조금,2024,옥천군
화물(소형),이브이앤솔루션,STEGO-Z,540,304.0,844.0,2024년도 전기자동차 옥천군 모델별 보조금,2024,옥천군
화물(초소형),마스타전기차,MASTA VAN,400,200.0,600.0,2024년도 전기자동차 증평군 모델별 보조금,2024,증평군
화물(초소형),마스타전기차,MASTA HIM,400,200.0,600.0,2024년도 전기자동차 증평군 모델별 보조금,2024,증평군
화물(초소형),디피코,포트로-탑,400,200.0,600.0,2024년도 전기자동차 증평군 모델별 보조금,2024,증평군
화물(초소형),디피코,포트로-픽업,400,200.0,600.0,2024년도 전기자동차 증평군 모델별 보조금,2024,증평군
화물(초소형),디피코,포트로-탑S,400,200.0,600.0,2024년도 전기자동차 증평군 모델별 보조금,2024,증평군
화물(초소형),디피코,포트로-픽업S,400,200.0,600.0,2024년도 전기자동차 증평군 모델별 보조금,2024,증평군
화물(초소형),마이브,베프,400,501.0,901.0,2024년도 전기자동차 증평군 모델별 보조금,2024,증평군
화물(경형),디피코,포트로350L-탑,788,394.0,1182.0,2024년도 전기자동차 증평군 모델별 보조금,2024,증평군
화물(경형),디피코,포트로350L-픽업,788,394.0,1182.0,2024년도 전기자동차 증평군 모델별 보조금,2024,증평군
화물(소형),파워프라자,봉고3ev PEACE,554,313.0,867.0,2024년도 전기자동차 증평군 모델별 보조금,2024,증평군
화물(소형),파워프라자,봉고3ev PEACE 더블캡,481,272.0,753.0,2024년도 전기자동차 증평군 모델별 보조금,2024,증평군
화물(소형),현대자동차,포터Ⅱ 일렉트릭(23MY),1090,592.0,1682.0,2024년도 전기자동차 증평군 모델별 보조금,2024,증평군
화물(소형),현대자동차,포터Ⅱ 일렉트릭(24MY),1090,592.0,1682.0,2024년도 전기자동차 증평군 모델별 보조금,2024,증평군
화물(소형),현대자동차,ST1 기본형 카고 17인치,1100,620.0,1720.0,2024년도 전기자동차 증평군 모델별 보조금,2024,증평군
화물(소형),현대자동차,ST1 기본형 카고 냉동 17인치,1450,817.0,2267.0,2024년도 전기자동차 증평군 모델별 보조금,2024,증평군
화물(소형),현대자동차,ST1 기본형 하이탑 17인치,1100,620.0,1720.0,2024년도 전기자동차 증평군 모델별 보조금,2024,증평군
화물(소형),기아,봉고 전기차,1130,592.0,1722.0,2024년도 전기자동차 증평군 모델별 보조금,2024,증평군
화물(소형),기아,봉고 전기차 냉동탑차,1330,711.0,2041.0,2024년도 전기자동차 증평군 모델별 보조금,2024,증평군
화물(소형),기아,봉고 전기차 저상형 냉동탑차,1330,711.0,2041.0,2024년도 전기자동차 증평군 모델별 보조금,2024,증평군
화물(소형),일진정공,일진무시동전기냉동탑차(149.9km),916,516.0,1432.0,2024년도 전기자동차 증평군 모델별 보조금,2024,증평군
화물(소형),일진정공,일진무시동전기냉동탑차(186.1km),1169,660.0,1829.0,2024년도 전기자동차 증평군 모델별 보조금,2024,증평군
화물(소형),일진정공,일진무시동전기냉동탑차(봉고),1379,737.0,2116.0,2024년도 전기자동차 증평군 모델별 보조금,2024,증평군
화물(소형),일진정공,일진무시동전기냉동탑차(포터),1363,728.0,2091.0,2024년도 전기자동차 증평군 모델별 보조금,2024,증평군
화물(소형),루트17,다니고C(0.8톤 전기트럭),1068,550.0,1618.0,2024년도 전기자동차 증평군 모델별 보조금,2024,증평군
화물(소형),루트17,다니고C2(0.8톤 전기트럭),268,151.0,419.0,2024년도 전기자동차 증평군 모델별 보조금,2024,증평군
화물(소형),루트17,다니고R(전기냉동탑차),1224,647.0,1871.0,2024년도 전기자동차 증평군 모델별 보조금,2024,증평군
화물(소형),루트17,다니고R2(무시동 전기냉동탑차),1123,595.0,1718.0,2024년도 전기자동차 증평군 모델별 보조금,2024,증평군
화물(소형),루트17,e-TOVI,464,262.0,726.0,2024년도 전기자동차 증평군 모델별 보조금,2024,증평군
화물(소형),이브이케이엠씨,MASADA 픽업,295,166.0,461.0,2024년도 전기자동차 증평군 모델별 보조금,2024,증평군
화물(소형),이브이케이엠씨,MASADA 3세대 2밴,274,155.0,429.0,2024년도 전기자동차 증평군 모델별 보조금,2024,증평군
화물(소형),이브이케이엠씨,MASADA 3세대 4밴,246,139.0,385.0,2024년도 전기자동차 증평군 모델별 보조금,2024,증평군
화물(소형),이브이케이엠씨,MASADA 2밴,299,169.0,468.0,2024년도 전기자동차 증평군 모델별 보조금,2024,증평군
화물(소형),이브이케이엠씨,MASADA 4밴,269,151.0,420.0,2024년도 전기자동차 증평군 모델별 보조금,2024,증평군
화물(소형),이브이케이엠씨,EC35 2밴,194,109.0,303.0,2024년도 전기자동차 증평군 모델별 보조금,2024,증평군
화물(소형),제이스모빌리티,이티밴,405,228.0,633.0,2024년도 전기자동차 증평군 모델별 보조금,2024,증평군
화물(소형),제이스모빌리티,이티4밴,364,206.0,570.0,2024년도 전기자동차 증평군 모델별 보조금,2024,증평군
화물(소형),제이스모빌리티,이티밴 미니 2인승,412,232.0,644.0,2024년도 전기자동차 증평군 모델별 보조금,2024,증평군
화물(소형),제이스모빌리티,이티밴 미니 4인승,412,232.0,644.0,2024년도 전기자동차 증평군 모델별 보조금,2024,증평군
화물(소형),제이스모빌리티,이티밴 프로 2인승,412,232.0,644.0,2024년도 전기자동차 증평군 모델별 보조금,2024,증평군
화물(소형),제이스모빌리티,이티밴 프로 4인승,412,232.0,644.0,2024년도 전기자동차 증평군 모델별 보조금,2024,증평군
화물(소형),오텍,오텍 무시동 전기 냉동탑차(봉고),1118,630.0,1748.0,2024년도 전기자동차 증평군 모델별 보조금,2024,증평군
화물(소형),이엔플러스,이엔1톤롱바디카고,850,479.0,1329.0,2024년도 전기자동차 증평군 모델별 보조금,2024,증평군
화물(소형),이엔플러스,이엔플러스EV1톤롱바디트럭,895,505.0,1400.0,2024년도 전기자동차 증평군 모델별 보조금,2024,증평군
화물(소형),GS글로벌,T4K,462,261.0,723.0,2024년도 전기자동차 증평군 모델별 보조금,2024,증평군
화물(소형),GS글로벌,T4K 냉동탑차,711,401.0,1112.0,2024년도 전기자동차 증평군 모델별 보조금,2024,증평군
화물(소형),에스에스라이트,젤라,336,190.0,526.0,2024년도 전기자동차 증평군 모델별 보조금,2024,증평군
화물(소형),에스에스라이트,젤라 P200,478,269.0,747.0,2024년도 전기자동차 증평군 모델별 보조금,2024,증평군
화물(소형),한국쓰리축,한국쓰리축1톤롱바디EV트럭(봉고),837,473.0,1310.0,2024년도 전기자동차 증평군 모델별 보조금,2024,증평군
화물(소형),한국쓰리축,한국쓰리축1톤롱바디EV트럭(포터),855,483.0,1338.0,2024년도 전기자동차 증평군 모델별 보조금,2024,증평군
화물(소형),모빌리티네트웍스,SE-A2밴,333,187.0,520.0,2024년도 전기자동차 증평군 모델별 보조금,2024,증평군
화물(소형),피닉스코리아,썬라이즈-T01,412,232.0,644.0,2024년도 전기자동차 증평군 모델별 보조금,2024,증평군
화물(소형),케이지모빌리티,토레스 EVX VAN 20인치,392,392.0,784.0,2024년도 전기자동차 증평군 모델별 보조금,2024,증평군
화물(소형),케이지모빌리티,토레스 EVX VAN 18인치,394,394.0,788.0,2024년도 전기자동차 증평군 모델별 보조금,2024,증평군
화물(소형),한국상용트럭,한국상용1톤롱바디EV카고트럭,818,461.0,1279.0,2024년도 전기자동차 증평군 모델별 보조금,2024,증평군
화물(소형),한국상용트럭,한국상용0.9톤롱바디EV내장탑트럭,593,335.0,928.0,2024년도 전기자동차 증평군 모델별 보조금,2024,증평군
화물(소형),센트로에이케이,E-CV1,282,159.0,441.0,2024년도 전기자동차 증평군 모델별 보조금,2024,증평군
화물(소형),파츠몰에이투지,SW40,412,232.0,644.0,2024년도 전기자동차 증평군 모델별 보조금,2024,증평군
화물(소형),이브이앤솔루션,STEGO-Z,540,304.0,844.0,2024년도 전기자동차 증평군 모델별 보조금,2024,증평군
화물(초소형),마스타전기차,MASTA VAN,400,200.0,600.0,2024년도 전기자동차 영동군 모델별 보조금,2024,영동군
화물(초소형),마스타전기차,MASTA HIM,400,200.0,600.0,2024년도 전기자동차 영동군 모델별 보조금,2024,영동군
화물(초소형),디피코,포트로-탑,400,200.0,600.0,2024년도 전기자동차 영동군 모델별 보조금,2024,영동군
화물(초소형),디피코,포트로-픽업,400,200.0,600.0,2024년도 전기자동차 영동군 모델별 보조금,2024,영동군
화물(초소형),디피코,포트로-탑S,400,200.0,600.0,2024년도 전기자동차 영동군 모델별 보조금,2024,영동군
화물(초소형),디피코,포트로-픽업S,400,200.0,600.0,2024년도 전기자동차 영동군 모델별 보조금,2024,영동군
화물(초소형),마이브,베프,400,501.0,901.0,2024년도 전기자동차 영동군 모델별 보조금,2024,영동군
화물(경형),디피코,포트로350L-탑,788,394.0,1182.0,2024년도 전기자동차 영동군 모델별 보조금,2024,영동군
화물(경형),디피코,포트로350L-픽업,788,394.0,1182.0,2024년도 전기자동차 영동군 모델별 보조금,2024,영동군
화물(소형),파워프라자,봉고3ev PEACE,554,313.0,867.0,2024년도 전기자동차 영동군 모델별 보조금,2024,영동군
화물(소형),파워프라자,봉고3ev PEACE 더블캡,481,272.0,753.0,2024년도 전기자동차 영동군 모델별 보조금,2024,영동군
화물(소형),현대자동차,포터Ⅱ 일렉트릭(23MY),1090,592.0,1682.0,2024년도 전기자동차 영동군 모델별 보조금,2024,영동군
화물(소형),현대자동차,포터Ⅱ 일렉트릭(24MY),1090,592.0,1682.0,2024년도 전기자동차 영동군 모델별 보조금,2024,영동군
화물(소형),현대자동차,ST1 기본형 카고 17인치,1100,620.0,1720.0,2024년도 전기자동차 영동군 모델별 보조금,2024,영동군
화물(소형),현대자동차,ST1 기본형 카고 냉동 17인치,1450,817.0,2267.0,2024년도 전기자동차 영동군 모델별 보조금,2024,영동군
화물(소형),현대자동차,ST1 기본형 하이탑 17인치,1100,620.0,1720.0,2024년도 전기자동차 영동군 모델별 보조금,2024,영동군
화물(소형),기아,봉고 전기차,1130,592.0,1722.0,2024년도 전기자동차 영동군 모델별 보조금,2024,영동군
화물(소형),기아,봉고 전기차 냉동탑차,1330,711.0,2041.0,2024년도 전기자동차 영동군 모델별 보조금,2024,영동군
화물(소형),기아,봉고 전기차 저상형 냉동탑차,1330,711.0,2041.0,2024년도 전기자동차 영동군 모델별 보조금,2024,영동군
화물(소형),일진정공,일진무시동전기냉동탑차(149.9km),916,516.0,1432.0,2024년도 전기자동차 영동군 모델별 보조금,2024,영동군
화물(소형),일진정공,일진무시동전기냉동탑차(186.1km),1169,660.0,1829.0,2024년도 전기자동차 영동군 모델별 보조금,2024,영동군
화물(소형),일진정공,일진무시동전기냉동탑차(봉고),1379,737.0,2116.0,2024년도 전기자동차 영동군 모델별 보조금,2024,영동군
화물(소형),일진정공,일진무시동전기냉동탑차(포터),1363,728.0,2091.0,2024년도 전기자동차 영동군 모델별 보조금,2024,영동군
화물(소형),루트17,다니고C(0.8톤 전기트럭),1068,550.0,1618.0,2024년도 전기자동차 영동군 모델별 보조금,2024,영동군
화물(소형),루트17,다니고C2(0.8톤 전기트럭),268,151.0,419.0,2024년도 전기자동차 영동군 모델별 보조금,2024,영동군
화물(소형),루트17,다니고R(전기냉동탑차),1224,647.0,1871.0,2024년도 전기자동차 영동군 모델별 보조금,2024,영동군
화물(소형),루트17,다니고R2(무시동 전기냉동탑차),1123,595.0,1718.0,2024년도 전기자동차 영동군 모델별 보조금,2024,영동군
화물(소형),루트17,e-TOVI,464,262.0,726.0,2024년도 전기자동차 영동군 모델별 보조금,2024,영동군
화물(소형),이브이케이엠씨,MASADA 픽업,295,166.0,461.0,2024년도 전기자동차 영동군 모델별 보조금,2024,영동군
화물(소형),이브이케이엠씨,MASADA 3세대 2밴,274,155.0,429.0,2024년도 전기자동차 영동군 모델별 보조금,2024,영동군
화물(소형),이브이케이엠씨,MASADA 3세대 4밴,246,139.0,385.0,2024년도 전기자동차 영동군 모델별 보조금,2024,영동군
화물(소형),이브이케이엠씨,MASADA 2밴,299,169.0,468.0,2024년도 전기자동차 영동군 모델별 보조금,2024,영동군
화물(소형),이브이케이엠씨,MASADA 4밴,269,151.0,420.0,2024년도 전기자동차 영동군 모델별 보조금,2024,영동군
화물(소형),이브이케이엠씨,EC35 2밴,194,109.0,303.0,2024년도 전기자동차 영동군 모델별 보조금,2024,영동군
화물(소형),제이스모빌리티,이티밴,405,228.0,633.0,2024년도 전기자동차 영동군 모델별 보조금,2024,영동군
화물(소형),제이스모빌리티,이티4밴,364,206.0,570.0,2024년도 전기자동차 영동군 모델별 보조금,2024,영동군
화물(소형),제이스모빌리티,이티밴 미니 2인승,412,232.0,644.0,2024년도 전기자동차 영동군 모델별 보조금,2024,영동군
화물(소형),제이스모빌리티,이티밴 미니 4인승,412,232.0,644.0,2024년도 전기자동차 영동군 모델별 보조금,2024,영동군
화물(소형),제이스모빌리티,이티밴 프로 2인승,412,232.0,644.0,2024년도 전기자동차 영동군 모델별 보조금,2024,영동군
화물(소형),제이스모빌리티,이티밴 프로 4인승,412,232.0,644.0,2024년도 전기자동차 영동군 모델별 보조금,2024,영동군
화물(소형),오텍,오텍 무시동 전기 냉동탑차(봉고),1118,630.0,1748.0,2024년도 전기자동차 영동군 모델별 보조금,2024,영동군
화물(소형),이엔플러스,이엔1톤롱바디카고,850,479.0,1329.0,2024년도 전기자동차 영동군 모델별 보조금,2024,영동군
화물(소형),이엔플러스,이엔플러스EV1톤롱바디트럭,895,505.0,1400.0,2024년도 전기자동차 영동군 모델별 보조금,2024,영동군
화물(소형),GS글로벌,T4K,462,261.0,723.0,2024년도 전기자동차 영동군 모델별 보조금,2024,영동군
화물(소형),GS글로벌,T4K 냉동탑차,711,401.0,1112.0,2024년도 전기자동차 영동군 모델별 보조금,2024,영동군
화물(소형),에스에스라이트,젤라,336,190.0,526.0,2024년도 전기자동차 영동군 모델별 보조금,2024,영동군
화물(소형),에스에스라이트,젤라 P200,478,269.0,747.0,2024년도 전기자동차 영동군 모델별 보조금,2024,영동군
화물(소형),한국쓰리축,한국쓰리축1톤롱바디EV트럭(봉고),837,473.0,1310.0,2024년도 전기자동차 영동군 모델별 보조금,2024,영동군
화물(소형),한국쓰리축,한국쓰리축1톤롱바디EV트럭(포터),855,483.0,1338.0,2024년도 전기자동차 영동군 모델별 보조금,2024,영동군
화물(소형),모빌리티네트웍스,SE-A2밴,333,187.0,520.0,2024년도 전기자동차 영동군 모델별 보조금,2024,영동군
화물(소형),피닉스코리아,썬라이즈-T01,412,232.0,644.0,2024년도 전기자동차 영동군 모델별 보조금,2024,영동군
화물(소형),케이지모빌리티,토레스 EVX VAN 20인치,392,392.0,784.0,2024년도 전기자동차 영동군 모델별 보조금,2024,영동군
화물(소형),케이지모빌리티,토레스 EVX VAN 18인치,394,394.0,788.0,2024년도 전기자동차 영동군 모델별 보조금,2024,영동군
화물(소형),한국상용트럭,한국상용1톤롱바디EV카고트럭,818,461.0,1279.0,2024년도 전기자동차 영동군 모델별 보조금,2024,영동군
화물(소형),한국상용트럭,한국상용0.9톤롱바디EV내장탑트럭,593,335.0,928.0,2024년도 전기자동차 영동군 모델별 보조금,2024,영동군
화물(소형),센트로에이케이,E-CV1,282,159.0,441.0,2024년도 전기자동차 영동군 모델별 보조금,2024,영동군
화물(소형),파츠몰에이투지,SW40,412,232.0,644.0,2024년도 전기자동차 영동군 모델별 보조금,2024,영동군
화물(소형),이브이앤솔루션,STEGO-Z,540,304.0,844.0,2024년도 전기자동차 영동군 모델별 보조금,2024,영동군
화물(초소형),마스타전기차,MASTA VAN,400,200.0,600.0,2024년도 전기자동차 진천군 모델별 보조금,2024,진천군
화물(초소형),마스타전기차,MASTA HIM,400,200.0,600.0,2024년도 전기자동차 진천군 모델별 보조금,2024,진천군
화물(초소형),디피코,포트로-탑,400,200.0,600.0,2024년도 전기자동차 진천군 모델별 보조금,2024,진천군
화물(초소형),디피코,포트로-픽업,400,200.0,600.0,2024년도 전기자동차 진천군 모델별 보조금,2024,진천군
화물(초소형),디피코,포트로-탑S,400,200.0,600.0,2024년도 전기자동차 진천군 모델별 보조금,2024,진천군
화물(초소형),디피코,포트로-픽업S,400,200.0,600.0,2024년도 전기자동차 진천군 모델별 보조금,2024,진천군
화물(초소형),마이브,베프,400,501.0,901.0,2024년도 전기자동차 진천군 모델별 보조금,2024,진천군
화물(경형),디피코,포트로350L-탑,788,394.0,1182.0,2024년도 전기자동차 진천군 모델별 보조금,2024,진천군
화물(경형),디피코,포트로350L-픽업,788,394.0,1182.0,2024년도 전기자동차 진천군 모델별 보조금,2024,진천군
화물(소형),파워프라자,봉고3ev PEACE,554,313.0,867.0,2024년도 전기자동차 진천군 모델별 보조금,2024,진천군
화물(소형),파워프라자,봉고3ev PEACE 더블캡,481,272.0,753.0,2024년도 전기자동차 진천군 모델별 보조금,2024,진천군
화물(소형),현대자동차,포터Ⅱ 일렉트릭(23MY),1090,592.0,1682.0,2024년도 전기자동차 진천군 모델별 보조금,2024,진천군
화물(소형),현대자동차,포터Ⅱ 일렉트릭(24MY),1090,592.0,1682.0,2024년도 전기자동차 진천군 모델별 보조금,2024,진천군
화물(소형),현대자동차,ST1 기본형 카고 17인치,1100,620.0,1720.0,2024년도 전기자동차 진천군 모델별 보조금,2024,진천군
화물(소형),현대자동차,ST1 기본형 카고 냉동 17인치,1450,817.0,2267.0,2024년도 전기자동차 진천군 모델별 보조금,2024,진천군
화물(소형),현대자동차,ST1 기본형 하이탑 17인치,1100,620.0,1720.0,2024년도 전기자동차 진천군 모델별 보조금,2024,진천군
화물(소형),기아,봉고 전기차,1130,592.0,1722.0,2024년도 전기자동차 진천군 모델별 보조금,2024,진천군
화물(소형),기아,봉고 전기차 냉동탑차,1330,711.0,2041.0,2024년도 전기자동차 진천군 모델별 보조금,2024,진천군
화물(소형),기아,봉고 전기차 저상형 냉동탑차,1330,711.0,2041.0,2024년도 전기자동차 진천군 모델별 보조금,2024,진천군
화물(소형),일진정공,일진무시동전기냉동탑차(149.9km),916,516.0,1432.0,2024년도 전기자동차 진천군 모델별 보조금,2024,진천군
화물(소형),일진정공,일진무시동전기냉동탑차(186.1km),1169,660.0,1829.0,2024년도 전기자동차 진천군 모델별 보조금,2024,진천군
화물(소형),일진정공,일진무시동전기냉동탑차(봉고),1379,737.0,2116.0,2024년도 전기자동차 진천군 모델별 보조금,2024,진천군
화물(소형),일진정공,일진무시동전기냉동탑차(포터),1363,728.0,2091.0,2024년도 전기자동차 진천군 모델별 보조금,2024,진천군
화물(소형),루트17,다니고C(0.8톤 전기트럭),1068,550.0,1618.0,2024년도 전기자동차 진천군 모델별 보조금,2024,진천군
화물(소형),루트17,다니고C2(0.8톤 전기트럭),268,151.0,419.0,2024년도 전기자동차 진천군 모델별 보조금,2024,진천군
화물(소형),루트17,다니고R(전기냉동탑차),1224,647.0,1871.0,2024년도 전기자동차 진천군 모델별 보조금,2024,진천군
화물(소형),루트17,다니고R2(무시동 전기냉동탑차),1123,595.0,1718.0,2024년도 전기자동차 진천군 모델별 보조금,2024,진천군
화물(소형),루트17,e-TOVI,464,262.0,726.0,2024년도 전기자동차 진천군 모델별 보조금,2024,진천군
화물(소형),이브이케이엠씨,MASADA 픽업,295,166.0,461.0,2024년도 전기자동차 진천군 모델별 보조금,2024,진천군
화물(소형),이브이케이엠씨,MASADA 3세대 2밴,274,155.0,429.0,2024년도 전기자동차 진천군 모델별 보조금,2024,진천군
화물(소형),이브이케이엠씨,MASADA 3세대 4밴,246,139.0,385.0,2024년도 전기자동차 진천군 모델별 보조금,2024,진천군
화물(소형),이브이케이엠씨,MASADA 2밴,299,169.0,468.0,2024년도 전기자동차 진천군 모델별 보조금,2024,진천군
화물(소형),이브이케이엠씨,MASADA 4밴,269,151.0,420.0,2024년도 전기자동차 진천군 모델별 보조금,2024,진천군
화물(소형),이브이케이엠씨,EC35 2밴,194,109.0,303.0,2024년도 전기자동차 진천군 모델별 보조금,2024,진천군
화물(소형),제이스모빌리티,이티밴,405,228.0,633.0,2024년도 전기자동차 진천군 모델별 보조금,2024,진천군
화물(소형),제이스모빌리티,이티4밴,364,206.0,570.0,2024년도 전기자동차 진천군 모델별 보조금,2024,진천군
화물(소형),제이스모빌리티,이티밴 미니 2인승,412,232.0,644.0,2024년도 전기자동차 진천군 모델별 보조금,2024,진천군
화물(소형),제이스모빌리티,이티밴 미니 4인승,412,232.0,644.0,2024년도 전기자동차 진천군 모델별 보조금,2024,진천군
화물(소형),제이스모빌리티,이티밴 프로 2인승,412,232.0,644.0,2024년도 전기자동차 진천군 모델별 보조금,2024,진천군
화물(소형),제이스모빌리티,이티밴 프로 4인승,412,232.0,644.0,2024년도 전기자동차 진천군 모델별 보조금,2024,진천군
화물(소형),오텍,오텍 무시동 전기 냉동탑차(봉고),1118,630.0,1748.0,2024년도 전기자동차 진천군 모델별 보조금,2024,진천군
화물(소형),이엔플러스,이엔1톤롱바디카고,850,479.0,1329.0,2024년도 전기자동차 진천군 모델별 보조금,2024,진천군
화물(소형),이엔플러스,이엔플러스EV1톤롱바디트럭,895,505.0,1400.0,2024년도 전기자동차 진천군 모델별 보조금,2024,진천군
화물(소형),GS글로벌,T4K,462,261.0,723.0,2024년도 전기자동차 진천군 모델별 보조금,2024,진천군
화물(소형),GS글로벌,T4K 냉동탑차,711,401.0,1112.0,2024년도 전기자동차 진천군 모델별 보조금,2024,진천군
화물(소형),에스에스라이트,젤라,336,190.0,526.0,2024년도 전기자동차 진천군 모델별 보조금,2024,진천군
화물(소형),에스에스라이트,젤라 P200,478,269.0,747.0,2024년도 전기자동차 진천군 모델별 보조금,2024,진천군
화물(소형),한국쓰리축,한국쓰리축1톤롱바디EV트럭(봉고),837,473.0,1310.0,2024년도 전기자동차 진천군 모델별 보조금,2024,진천군
화물(소형),한국쓰리축,한국쓰리축1톤롱바디EV트럭(포터),855,483.0,1338.0,2024년도 전기자동차 진천군 모델별 보조금,2024,진천군
화물(소형),모빌리티네트웍스,SE-A2밴,333,187.0,520.0,2024년도 전기자동차 진천군 모델별 보조금,2024,진천군
화물(소형),피닉스코리아,썬라이즈-T01,412,232.0,644.0,2024년도 전기자동차 진천군 모델별 보조금,2024,진천군
화물(소형),케이지모빌리티,토레스 EVX VAN 20인치,392,392.0,784.0,2024년도 전기자동차 진천군 모델별 보조금,2024,진천군
화물(소형),케이지모빌리티,토레스 EVX VAN 18인치,394,394.0,788.0,2024년도 전기자동차 진천군 모델별 보조금,2024,진천군
화물(소형),한국상용트럭,한국상용1톤롱바디EV카고트럭,818,461.0,1279.0,2024년도 전기자동차 진천군 모델별 보조금,2024,진천군
화물(소형),한국상용트럭,한국상용0.9톤롱바디EV내장탑트럭,593,335.0,928.0,2024년도 전기자동차 진천군 모델별 보조금,2024,진천군
화물(소형),센트로에이케이,E-CV1,282,159.0,441.0,2024년도 전기자동차 진천군 모델별 보조금,2024,진천군
화물(소형),파츠몰에이투지,SW40,412,232.0,644.0,2024년도 전기자동차 진천군 모델별 보조금,2024,진천군
화물(소형),이브이앤솔루션,STEGO-Z,540,304.0,844.0,2024년도 전기자동차 진천군 모델별 보조금,2024,진천군
화물(초소형),마스타전기차,MASTA VAN,400,200.0,600.0,2024년도 전기자동차 괴산군 모델별 보조금,2024,괴산군
화물(초소형),마스타전기차,MASTA HIM,400,200.0,600.0,2024년도 전기자동차 괴산군 모델별 보조금,2024,괴산군
화물(초소형),디피코,포트로-탑,400,200.0,600.0,2024년도 전기자동차 괴산군 모델별 보조금,2024,괴산군
화물(초소형),디피코,포트로-픽업,400,200.0,600.0,2024년도 전기자동차 괴산군 모델별 보조금,2024,괴산군
화물(초소형),디피코,포트로-탑S,400,200.0,600.0,2024년도 전기자동차 괴산군 모델별 보조금,2024,괴산군
화물(초소형),디피코,포트로-픽업S,400,200.0,600.0,2024년도 전기자동차 괴산군 모델별 보조금,2024,괴산군
화물(초소형),마이브,베프,400,501.0,901.0,2024년도 전기자동차 괴산군 모델별 보조금,2024,괴산군
화물(경형),디피코,포트로350L-탑,788,394.0,1182.0,2024년도 전기자동차 괴산군 모델별 보조금,2024,괴산군
화물(경형),디피코,포트로350L-픽업,788,394.0,1182.0,2024년도 전기자동차 괴산군 모델별 보조금,2024,괴산군
화물(소형),파워프라자,봉고3ev PEACE,554,313.0,867.0,2024년도 전기자동차 괴산군 모델별 보조금,2024,괴산군
화물(소형),파워프라자,봉고3ev PEACE 더블캡,481,272.0,753.0,2024년도 전기자동차 괴산군 모델별 보조금,2024,괴산군
화물(소형),현대자동차,포터Ⅱ 일렉트릭(23MY),1090,592.0,1682.0,2024년도 전기자동차 괴산군 모델별 보조금,2024,괴산군
화물(소형),현대자동차,포터Ⅱ 일렉트릭(24MY),1090,592.0,1682.0,2024년도 전기자동차 괴산군 모델별 보조금,2024,괴산군
화물(소형),현대자동차,ST1 기본형 카고 17인치,1100,620.0,1720.0,2024년도 전기자동차 괴산군 모델별 보조금,2024,괴산군
화물(소형),현대자동차,ST1 기본형 카고 냉동 17인치,1450,817.0,2267.0,2024년도 전기자동차 괴산군 모델별 보조금,2024,괴산군
화물(소형),현대자동차,ST1 기본형 하이탑 17인치,1100,620.0,1720.0,2024년도 전기자동차 괴산군 모델별 보조금,2024,괴산군
화물(소형),기아,봉고 전기차,1130,592.0,1722.0,2024년도 전기자동차 괴산군 모델별 보조금,2024,괴산군
화물(소형),기아,봉고 전기차 냉동탑차,1330,711.0,2041.0,2024년도 전기자동차 괴산군 모델별 보조금,2024,괴산군
화물(소형),기아,봉고 전기차 저상형 냉동탑차,1330,711.0,2041.0,2024년도 전기자동차 괴산군 모델별 보조금,2024,괴산군
화물(소형),일진정공,일진무시동전기냉동탑차(149.9km),916,516.0,1432.0,2024년도 전기자동차 괴산군 모델별 보조금,2024,괴산군
화물(소형),일진정공,일진무시동전기냉동탑차(186.1km),1169,660.0,1829.0,2024년도 전기자동차 괴산군 모델별 보조금,2024,괴산군
화물(소형),일진정공,일진무시동전기냉동탑차(봉고),1379,737.0,2116.0,2024년도 전기자동차 괴산군 모델별 보조금,2024,괴산군
화물(소형),일진정공,일진무시동전기냉동탑차(포터),1363,728.0,2091.0,2024년도 전기자동차 괴산군 모델별 보조금,2024,괴산군
화물(소형),루트17,다니고C(0.8톤 전기트럭),1068,550.0,1618.0,2024년도 전기자동차 괴산군 모델별 보조금,2024,괴산군
화물(소형),루트17,다니고C2(0.8톤 전기트럭),268,151.0,419.0,2024년도 전기자동차 괴산군 모델별 보조금,2024,괴산군
화물(소형),루트17,다니고R(전기냉동탑차),1224,647.0,1871.0,2024년도 전기자동차 괴산군 모델별 보조금,2024,괴산군
화물(소형),루트17,다니고R2(무시동 전기냉동탑차),1123,595.0,1718.0,2024년도 전기자동차 괴산군 모델별 보조금,2024,괴산군
화물(소형),루트17,e-TOVI,464,262.0,726.0,2024년도 전기자동차 괴산군 모델별 보조금,2024,괴산군
화물(소형),이브이케이엠씨,MASADA 픽업,295,166.0,461.0,2024년도 전기자동차 괴산군 모델별 보조금,2024,괴산군
화물(소형),이브이케이엠씨,MASADA 3세대 2밴,274,155.0,429.0,2024년도 전기자동차 괴산군 모델별 보조금,2024,괴산군
화물(소형),이브이케이엠씨,MASADA 3세대 4밴,246,139.0,385.0,2024년도 전기자동차 괴산군 모델별 보조금,2024,괴산군
화물(소형),이브이케이엠씨,MASADA 2밴,299,169.0,468.0,2024년도 전기자동차 괴산군 모델별 보조금,2024,괴산군
화물(소형),이브이케이엠씨,MASADA 4밴,269,151.0,420.0,2024년도 전기자동차 괴산군 모델별 보조금,2024,괴산군
화물(소형),이브이케이엠씨,EC35 2밴,194,109.0,303.0,2024년도 전기자동차 괴산군 모델별 보조금,2024,괴산군
화물(소형),제이스모빌리티,이티밴,405,228.0,633.0,2024년도 전기자동차 괴산군 모델별 보조금,2024,괴산군
화물(소형),제이스모빌리티,이티4밴,364,206.0,570.0,2024년도 전기자동차 괴산군 모델별 보조금,2024,괴산군
화물(소형),제이스모빌리티,이티밴 미니 2인승,412,232.0,644.0,2024년도 전기자동차 괴산군 모델별 보조금,2024,괴산군
화물(소형),제이스모빌리티,이티밴 미니 4인승,412,232.0,644.0,2024년도 전기자동차 괴산군 모델별 보조금,2024,괴산군
화물(소형),제이스모빌리티,이티밴 프로 2인승,412,232.0,644.0,2024년도 전기자동차 괴산군 모델별 보조금,2024,괴산군
화물(소형),제이스모빌리티,이티밴 프로 4인승,412,232.0,644.0,2024년도 전기자동차 괴산군 모델별 보조금,2024,괴산군
화물(소형),오텍,오텍 무시동 전기 냉동탑차(봉고),1118,630.0,1748.0,2024년도 전기자동차 괴산군 모델별 보조금,2024,괴산군
화물(소형),이엔플러스,이엔1톤롱바디카고,850,479.0,1329.0,2024년도 전기자동차 괴산군 모델별 보조금,2024,괴산군
화물(소형),이엔플러스,이엔플러스EV1톤롱바디트럭,895,505.0,1400.0,2024년도 전기자동차 괴산군 모델별 보조금,2024,괴산군
화물(소형),GS글로벌,T4K,462,261.0,723.0,2024년도 전기자동차 괴산군 모델별 보조금,2024,괴산군
화물(소형),GS글로벌,T4K 냉동탑차,711,401.0,1112.0,2024년도 전기자동차 괴산군 모델별 보조금,2024,괴산군
화물(소형),에스에스라이트,젤라,336,190.0,526.0,2024년도 전기자동차 괴산군 모델별 보조금,2024,괴산군
화물(소형),에스에스라이트,젤라 P200,478,269.0,747.0,2024년도 전기자동차 괴산군 모델별 보조금,2024,괴산군
화물(소형),한국쓰리축,한국쓰리축1톤롱바디EV트럭(봉고),837,473.0,1310.0,2024년도 전기자동차 괴산군 모델별 보조금,2024,괴산군
화물(소형),한국쓰리축,한국쓰리축1톤롱바디EV트럭(포터),855,483.0,1338.0,2024년도 전기자동차 괴산군 모델별 보조금,2024,괴산군
화물(소형),모빌리티네트웍스,SE-A2밴,333,187.0,520.0,2024년도 전기자동차 괴산군 모델별 보조금,2024,괴산군
화물(소형),피닉스코리아,썬라이즈-T01,412,232.0,644.0,2024년도 전기자동차 괴산군 모델별 보조금,2024,괴산군
화물(소형),케이지모빌리티,토레스 EVX VAN 20인치,392,392.0,784.0,2024년도 전기자동차 괴산군 모델별 보조금,2024,괴산군
화물(소형),케이지모빌리티,토레스 EVX VAN 18인치,394,394.0,788.0,2024년도 전기자동차 괴산군 모델별 보조금,2024,괴산군
화물(소형),한국상용트럭,한국상용1톤롱바디EV카고트럭,818,461.0,1279.0,2024년도 전기자동차 괴산군 모델별 보조금,2024,괴산군
화물(소형),한국상용트럭,한국상용0.9톤롱바디EV내장탑트럭,593,335.0,928.0,2024년도 전기자동차 괴산군 모델별 보조금,2024,괴산군
화물(소형),센트로에이케이,E-CV1,282,159.0,441.0,2024년도 전기자동차 괴산군 모델별 보조금,2024,괴산군
화물(소형),파츠몰에이투지,SW40,412,232.0,644.0,2024년도 전기자동차 괴산군 모델별 보조금,2024,괴산군
화물(소형),이브이앤솔루션,STEGO-Z,540,304.0,844.0,2024년도 전기자동차 괴산군 모델별 보조금,2024,괴산군
화물(초소형),마스타전기차,MASTA VAN,400,200.0,600.0,2024년도 전기자동차 음성군 모델별 보조금,2024,음성군
화물(초소형),마스타전기차,MASTA HIM,400,200.0,600.0,2024년도 전기자동차 음성군 모델별 보조금,2024,음성군
화물(초소형),디피코,포트로-탑,400,200.0,600.0,2024년도 전기자동차 음성군 모델별 보조금,2024,음성군
화물(초소형),디피코,포트로-픽업,400,200.0,600.0,2024년도 전기자동차 음성군 모델별 보조금,2024,음성군
화물(초소형),디피코,포트로-탑S,400,200.0,600.0,2024년도 전기자동차 음성군 모델별 보조금,2024,음성군
화물(초소형),디피코,포트로-픽업S,400,200.0,600.0,2024년도 전기자동차 음성군 모델별 보조금,2024,음성군
화물(초소형),마이브,베프,400,501.0,901.0,2024년도 전기자동차 음성군 모델별 보조금,2024,음성군
화물(경형),디피코,포트로350L-탑,788,394.0,1182.0,2024년도 전기자동차 음성군 모델별 보조금,2024,음성군
화물(경형),디피코,포트로350L-픽업,788,394.0,1182.0,2024년도 전기자동차 음성군 모델별 보조금,2024,음성군
화물(소형),파워프라자,봉고3ev PEACE,554,313.0,867.0,2024년도 전기자동차 음성군 모델별 보조금,2024,음성군
화물(소형),파워프라자,봉고3ev PEACE 더블캡,481,272.0,753.0,2024년도 전기자동차 음성군 모델별 보조금,2024,음성군
화물(소형),현대자동차,포터Ⅱ 일렉트릭(23MY),1090,592.0,1682.0,2024년도 전기자동차 음성군 모델별 보조금,2024,음성군
화물(소형),현대자동차,포터Ⅱ 일렉트릭(24MY),1090,592.0,1682.0,2024년도 전기자동차 음성군 모델별 보조금,2024,음성군
화물(소형),현대자동차,ST1 기본형 카고 17인치,1100,620.0,1720.0,2024년도 전기자동차 음성군 모델별 보조금,2024,음성군
화물(소형),현대자동차,ST1 기본형 카고 냉동 17인치,1450,817.0,2267.0,2024년도 전기자동차 음성군 모델별 보조금,2024,음성군
화물(소형),현대자동차,ST1 기본형 하이탑 17인치,1100,620.0,1720.0,2024년도 전기자동차 음성군 모델별 보조금,2024,음성군
화물(소형),기아,봉고 전기차,1130,592.0,1722.0,2024년도 전기자동차 음성군 모델별 보조금,2024,음성군
화물(소형),기아,봉고 전기차 냉동탑차,1330,711.0,2041.0,2024년도 전기자동차 음성군 모델별 보조금,2024,음성군
화물(소형),기아,봉고 전기차 저상형 냉동탑차,1330,711.0,2041.0,2024년도 전기자동차 음성군 모델별 보조금,2024,음성군
화물(소형),일진정공,일진무시동전기냉동탑차(149.9km),916,516.0,1432.0,2024년도 전기자동차 음성군 모델별 보조금,2024,음성군
화물(소형),일진정공,일진무시동전기냉동탑차(186.1km),1169,660.0,1829.0,2024년도 전기자동차 음성군 모델별 보조금,2024,음성군
화물(소형),일진정공,일진무시동전기냉동탑차(봉고),1379,737.0,2116.0,2024년도 전기자동차 음성군 모델별 보조금,2024,음성군
화물(소형),일진정공,일진무시동전기냉동탑차(포터),1363,728.0,2091.0,2024년도 전기자동차 음성군 모델별 보조금,2024,음성군
화물(소형),루트17,다니고C(0.8톤 전기트럭),1068,550.0,1618.0,2024년도 전기자동차 음성군 모델별 보조금,2024,음성군
화물(소형),루트17,다니고C2(0.8톤 전기트럭),268,151.0,419.0,2024년도 전기자동차 음성군 모델별 보조금,2024,음성군
화물(소형),루트17,다니고R(전기냉동탑차),1224,647.0,1871.0,2024년도 전기자동차 음성군 모델별 보조금,2024,음성군
화물(소형),루트17,다니고R2(무시동 전기냉동탑차),1123,595.0,1718.0,2024년도 전기자동차 음성군 모델별 보조금,2024,음성군
화물(소형),루트17,e-TOVI,464,262.0,726.0,2024년도 전기자동차 음성군 모델별 보조금,2024,음성군
화물(소형),이브이케이엠씨,MASADA 픽업,295,166.0,461.0,2024년도 전기자동차 음성군 모델별 보조금,2024,음성군
화물(소형),이브이케이엠씨,MASADA 3세대 2밴,274,155.0,429.0,2024년도 전기자동차 음성군 모델별 보조금,2024,음성군
화물(소형),이브이케이엠씨,MASADA 3세대 4밴,246,139.0,385.0,2024년도 전기자동차 음성군 모델별 보조금,2024,음성군
화물(소형),이브이케이엠씨,MASADA 2밴,299,169.0,468.0,2024년도 전기자동차 음성군 모델별 보조금,2024,음성군
화물(소형),이브이케이엠씨,MASADA 4밴,269,151.0,420.0,2024년도 전기자동차 음성군 모델별 보조금,2024,음성군
화물(소형),이브이케이엠씨,EC35 2밴,194,109.0,303.0,2024년도 전기자동차 음성군 모델별 보조금,2024,음성군
화물(소형),제이스모빌리티,이티밴,405,228.0,633.0,2024년도 전기자동차 음성군 모델별 보조금,2024,음성군
화물(소형),제이스모빌리티,이티4밴,364,206.0,570.0,2024년도 전기자동차 음성군 모델별 보조금,2024,음성군
화물(소형),제이스모빌리티,이티밴 미니 2인승,412,232.0,644.0,2024년도 전기자동차 음성군 모델별 보조금,2024,음성군
화물(소형),제이스모빌리티,이티밴 미니 4인승,412,232.0,644.0,2024년도 전기자동차 음성군 모델별 보조금,2024,음성군
화물(소형),제이스모빌리티,이티밴 프로 2인승,412,232.0,644.0,2024년도 전기자동차 음성군 모델별 보조금,2024,음성군
화물(소형),제이스모빌리티,이티밴 프로 4인승,412,232.0,644.0,2024년도 전기자동차 음성군 모델별 보조금,2024,음성군
화물(소형),오텍,오텍 무시동 전기 냉동탑차(봉고),1118,630.0,1748.0,2024년도 전기자동차 음성군 모델별 보조금,2024,음성군
화물(소형),이엔플러스,이엔1톤롱바디카고,850,479.0,1329.0,2024년도 전기자동차 음성군 모델별 보조금,2024,음성군
화물(소형),이엔플러스,이엔플러스EV1톤롱바디트럭,895,505.0,1400.0,2024년도 전기자동차 음성군 모델별 보조금,2024,음성군
화물(소형),GS글로벌,T4K,462,261.0,723.0,2024년도 전기자동차 음성군 모델별 보조금,2024,음성군
화물(소형),GS글로벌,T4K 냉동탑차,711,401.0,1112.0,2024년도 전기자동차 음성군 모델별 보조금,2024,음성군
화물(소형),에스에스라이트,젤라,336,190.0,526.0,2024년도 전기자동차 음성군 모델별 보조금,2024,음성군
화물(소형),에스에스라이트,젤라 P200,478,269.0,747.0,2024년도 전기자동차 음성군 모델별 보조금,2024,음성군
화물(소형),한국쓰리축,한국쓰리축1톤롱바디EV트럭(봉고),837,473.0,1310.0,2024년도 전기자동차 음성군 모델별 보조금,2024,음성군
화물(소형),한국쓰리축,한국쓰리축1톤롱바디EV트럭(포터),855,483.0,1338.0,2024년도 전기자동차 음성군 모델별 보조금,2024,음성군
화물(소형),모빌리티네트웍스,SE-A2밴,333,187.0,520.0,2024년도 전기자동차 음성군 모델별 보조금,2024,음성군
화물(소형),피닉스코리아,썬라이즈-T01,412,232.0,644.0,2024년도 전기자동차 음성군 모델별 보조금,2024,음성군
화물(소형),케이지모빌리티,토레스 EVX VAN 20인치,392,392.0,784.0,2024년도 전기자동차 음성군 모델별 보조금,2024,음성군
화물(소형),케이지모빌리티,토레스 EVX VAN 18인치,394,394.0,788.0,2024년도 전기자동차 음성군 모델별 보조금,2024,음성군
화물(소형),한국상용트럭,한국상용1톤롱바디EV카고트럭,818,461.0,1279.0,2024년도 전기자동차 음성군 모델별 보조금,2024,음성군
화물(소형),한국상용트럭,한국상용0.9톤롱바디EV내장탑트럭,593,335.0,928.0,2024년도 전기자동차 음성군 모델별 보조금,2024,음성군
화물(소형),센트로에이케이,E-CV1,282,159.0,441.0,2024년도 전기자동차 음성군 모델별 보조금,2024,음성군
화물(소형),파츠몰에이투지,SW40,412,232.0,644.0,2024년도 전기자동차 음성군 모델별 보조금,2024,음성군
화물(소형),이브이앤솔루션,STEGO-Z,540,304.0,844.0,2024년도 전기자동차 음성군 모델별 보조금,2024,음성군
화물(초소형),마스타전기차,MASTA VAN,400,232.0,632.0,2024년도 전기자동차 단양군 모델별 보조금,2024,단양군
화물(초소형),마스타전기차,MASTA HIM,400,232.0,632.0,2024년도 전기자동차 단양군 모델별 보조금,2024,단양군
화물(초소형),디피코,포트로-탑,400,232.0,632.0,2024년도 전기자동차 단양군 모델별 보조금,2024,단양군
화물(초소형),디피코,포트로-픽업,400,232.0,632.0,2024년도 전기자동차 단양군 모델별 보조금,2024,단양군
화물(초소형),디피코,포트로-탑S,400,232.0,632.0,2024년도 전기자동차 단양군 모델별 보조금,2024,단양군
화물(초소형),디피코,포트로-픽업S,400,232.0,632.0,2024년도 전기자동차 단양군 모델별 보조금,2024,단양군
화물(초소형),마이브,베프,400,561.2,961.2,2024년도 전기자동차 단양군 모델별 보조금,2024,단양군
화물(경형),디피코,포트로350L-탑,788,457.0,1245.0,2024년도 전기자동차 단양군 모델별 보조금,2024,단양군
화물(경형),디피코,포트로350L-픽업,788,457.0,1245.0,2024년도 전기자동차 단양군 모델별 보조금,2024,단양군
화물(소형),파워프라자,봉고3ev PEACE,554,363.4,917.4,2024년도 전기자동차 단양군 모델별 보조금,2024,단양군
화물(소형),파워프라자,봉고3ev PEACE 더블캡,481,315.8,796.8,2024년도 전기자동차 단양군 모델별 보조금,2024,단양군
화물(소형),현대자동차,포터Ⅱ 일렉트릭(23MY),1090,687.4,1777.4,2024년도 전기자동차 단양군 모델별 보조금,2024,단양군
화물(소형),현대자동차,포터Ⅱ 일렉트릭(24MY),1090,687.4,1777.4,2024년도 전기자동차 단양군 모델별 보조금,2024,단양군
화물(소형),현대자동차,ST1 기본형 카고 17인치,1100,720.0,1820.0,2024년도 전기자동차 단양군 모델별 보조금,2024,단양군
화물(소형),현대자동차,ST1 기본형 카고 냉동 17인치,1450,948.8,2398.8,2024년도 전기자동차 단양군 모델별 보조금,2024,단양군
화물(소형),현대자동차,ST1 기본형 하이탑 17인치,1100,720.0,1820.0,2024년도 전기자동차 단양군 모델별 보조금,2024,단양군
화물(소형),기아,봉고 전기차,1130,687.4,1817.4,2024년도 전기자동차 단양군 모델별 보조금,2024,단양군
화물(소형),기아,봉고 전기차 냉동탑차,1330,825.6,2155.6,2024년도 전기자동차 단양군 모델별 보조금,2024,단양군
화물(소형),기아,봉고 전기차 저상형 냉동탑차,1330,825.6,2155.6,2024년도 전기자동차 단양군 모델별 보조금,2024,단양군
화물(소형),일진정공,일진무시동전기냉동탑차(149.9km),916,599.2,1515.2,2024년도 전기자동차 단양군 모델별 보조금,2024,단양군
화물(소형),일진정공,일진무시동전기냉동탑차(186.1km),1169,766.4,1935.4,2024년도 전기자동차 단양군 모델별 보조금,2024,단양군
화물(소형),일진정공,일진무시동전기냉동탑차(봉고),1379,855.8,2234.8,2024년도 전기자동차 단양군 모델별 보조금,2024,단양군
화물(소형),일진정공,일진무시동전기냉동탑차(포터),1363,845.4,2208.4,2024년도 전기자동차 단양군 모델별 보조금,2024,단양군
화물(소형),루트17,다니고C(0.8톤 전기트럭),1068,638.6,1706.6,2024년도 전기자동차 단양군 모델별 보조금,2024,단양군
화물(소형),루트17,다니고C2(0.8톤 전기트럭),268,175.4,443.4,2024년도 전기자동차 단양군 모델별 보조금,2024,단양군
화물(소형),루트17,다니고R(전기냉동탑차),1224,751.4,1975.4,2024년도 전기자동차 단양군 모델별 보조금,2024,단양군
화물(소형),루트17,다니고R2(무시동 전기냉동탑차),1123,691.0,1814.0,2024년도 전기자동차 단양군 모델별 보조금,2024,단양군
화물(소형),루트17,e-TOVI,464,304.2,768.2,2024년도 전기자동차 단양군 모델별 보조금,2024,단양군
화물(소형),이브이케이엠씨,MASADA 픽업,295,192.8,487.8,2024년도 전기자동차 단양군 모델별 보조금,2024,단양군
화물(소형),이브이케이엠씨,MASADA 3세대 2밴,274,180.0,454.0,2024년도 전기자동차 단양군 모델별 보조금,2024,단양군
화물(소형),이브이케이엠씨,MASADA 3세대 4밴,246,161.4,407.4,2024년도 전기자동차 단양군 모델별 보조금,2024,단양군
화물(소형),이브이케이엠씨,MASADA 2밴,299,196.2,495.2,2024년도 전기자동차 단양군 모델별 보조금,2024,단양군
화물(소형),이브이케이엠씨,MASADA 4밴,269,175.4,444.4,2024년도 전기자동차 단양군 모델별 보조금,2024,단양군
화물(소형),이브이케이엠씨,EC35 2밴,194,126.6,320.6,2024년도 전기자동차 단양군 모델별 보조금,2024,단양군
화물(소형),제이스모빌리티,이티밴,405,264.8,669.8,2024년도 전기자동차 단양군 모델별 보조금,2024,단양군
화물(소형),제이스모빌리티,이티4밴,364,239.2,603.2,2024년도 전기자동차 단양군 모델별 보조금,2024,단양군
화물(소형),제이스모빌리티,이티밴 미니 2인승,412,269.4,681.4,2024년도 전기자동차 단양군 모델별 보조금,2024,단양군
화물(소형),제이스모빌리티,이티밴 미니 4인승,412,269.4,681.4,2024년도 전기자동차 단양군 모델별 보조금,2024,단양군
화물(소형),제이스모빌리티,이티밴 프로 2인승,412,269.4,681.4,2024년도 전기자동차 단양군 모델별 보조금,2024,단양군
화물(소형),제이스모빌리티,이티밴 프로 4인승,412,269.4,681.4,2024년도 전기자동차 단양군 모델별 보조금,2024,단양군
화물(소형),오텍,오텍 무시동 전기 냉동탑차(봉고),1118,731.6,1849.6,2024년도 전기자동차 단양군 모델별 보조금,2024,단양군
화물(소형),이엔플러스,이엔1톤롱바디카고,850,556.2,1406.2,2024년도 전기자동차 단양군 모델별 보조금,2024,단양군
화물(소형),이엔플러스,이엔플러스EV1톤롱바디트럭,895,586.4,1481.4,2024년도 전기자동차 단양군 모델별 보조금,2024,단양군
화물(소형),GS글로벌,T4K,462,303.0,765.0,2024년도 전기자동차 단양군 모델별 보조금,2024,단양군
화물(소형),GS글로벌,T4K 냉동탑차,711,465.6,1176.6,2024년도 전기자동차 단양군 모델별 보조금,2024,단양군
화물(소형),에스에스라이트,젤라,336,220.6,556.6,2024년도 전기자동차 단양군 모델별 보조금,2024,단양군
화물(소형),에스에스라이트,젤라 P200,478,312.4,790.4,2024년도 전기자동차 단양군 모델별 보조금,2024,단양군
화물(소형),한국쓰리축,한국쓰리축1톤롱바디EV트럭(봉고),837,549.2,1386.2,2024년도 전기자동차 단양군 모델별 보조금,2024,단양군
화물(소형),한국쓰리축,한국쓰리축1톤롱바디EV트럭(포터),855,560.8,1415.8,2024년도 전기자동차 단양군 모델별 보조금,2024,단양군
화물(소형),모빌리티네트웍스,SE-A2밴,333,217.2,550.2,2024년도 전기자동차 단양군 모델별 보조금,2024,단양군
화물(소형),피닉스코리아,썬라이즈-T01,412,269.4,681.4,2024년도 전기자동차 단양군 모델별 보조금,2024,단양군
화물(소형),케이지모빌리티,토레스 EVX VAN 20인치,392,439.0,831.0,2024년도 전기자동차 단양군 모델별 보조금,2024,단양군
화물(소형),케이지모빌리티,토레스 EVX VAN 18인치,394,441.2,835.2,2024년도 전기자동차 단양군 모델별 보조금,2024,단양군
화물(소형),한국상용트럭,한국상용1톤롱바디EV카고트럭,818,535.4,1353.4,2024년도 전기자동차 단양군 모델별 보조금,2024,단양군
화물(소형),한국상용트럭,한국상용0.9톤롱바디EV내장탑트럭,593,389.0,982.0,2024년도 전기자동차 단양군 모델별 보조금,2024,단양군
화물(소형),센트로에이케이,E-CV1,282,184.6,466.6,2024년도 전기자동차 단양군 모델별 보조금,2024,단양군
화물(소형),파츠몰에이투지,SW40,412,269.4,681.4,2024년도 전기자동차 단양군 모델별 보조금,2024,단양군
화물(소형),이브이앤솔루션,STEGO-Z,540,353.0,893.0,2024년도 전기자동차 단양군 모델별 보조금,2024,단양군
화물(초소형),마스타전기차,MASTA VAN,400,240.0,640.0,2024년도 전기자동차 천안시 모델별 보조금,2024,천안시
화물(초소형),마스타전기차,MASTA HIM,400,240.0,640.0,2024년도 전기자동차 천안시 모델별 보조금,2024,천안시
화물(초소형),디피코,포트로-탑,400,240.0,640.0,2024년도 전기자동차 천안시 모델별 보조금,2024,천안시
화물(초소형),디피코,포트로-픽업,400,240.0,640.0,2024년도 전기자동차 천안시 모델별 보조금,2024,천안시
화물(초소형),디피코,포트로-탑S,400,240.0,640.0,2024년도 전기자동차 천안시 모델별 보조금,2024,천안시
화물(초소형),디피코,포트로-픽업S,400,240.0,640.0,2024년도 전기자동차 천안시 모델별 보조금,2024,천안시
화물(초소형),마이브,베프,400,240.0,640.0,2024년도 전기자동차 천안시 모델별 보조금,2024,천안시
화물(경형),디피코,포트로350L-탑,788,571.0,1359.0,2024년도 전기자동차 천안시 모델별 보조금,2024,천안시
화물(경형),디피코,포트로350L-픽업,788,571.0,1359.0,2024년도 전기자동차 천안시 모델별 보조금,2024,천안시
화물(소형),파워프라자,봉고3ev PEACE,554,453.0,1007.0,2024년도 전기자동차 천안시 모델별 보조금,2024,천안시
화물(소형),파워프라자,봉고3ev PEACE 더블캡,481,393.0,874.0,2024년도 전기자동차 천안시 모델별 보조금,2024,천안시
화물(소형),현대자동차,포터Ⅱ 일렉트릭(23MY),1090,859.0,1949.0,2024년도 전기자동차 천안시 모델별 보조금,2024,천안시
화물(소형),현대자동차,포터Ⅱ 일렉트릭(24MY),1090,859.0,1949.0,2024년도 전기자동차 천안시 모델별 보조금,2024,천안시
화물(소형),현대자동차,ST1 기본형 카고 17인치,1100,900.0,2000.0,2024년도 전기자동차 천안시 모델별 보조금,2024,천안시
화물(소형),현대자동차,ST1 기본형 카고 냉동 17인치,1450,900.0,2350.0,2024년도 전기자동차 천안시 모델별 보조금,2024,천안시
화물(소형),현대자동차,ST1 기본형 하이탑 17인치,1100,900.0,2000.0,2024년도 전기자동차 천안시 모델별 보조금,2024,천안시
화물(소형),기아,봉고 전기차,1130,859.0,1989.0,2024년도 전기자동차 천안시 모델별 보조금,2024,천안시
화물(소형),기아,봉고 전기차 냉동탑차,1330,900.0,2230.0,2024년도 전기자동차 천안시 모델별 보조금,2024,천안시
화물(소형),기아,봉고 전기차 저상형 냉동탑차,1330,900.0,2230.0,2024년도 전기자동차 천안시 모델별 보조금,2024,천안시
화물(소형),일진정공,일진무시동전기냉동탑차(149.9km),916,749.0,1665.0,2024년도 전기자동차 천안시 모델별 보조금,2024,천안시
화물(소형),일진정공,일진무시동전기냉동탑차(186.1km),1169,900.0,2069.0,2024년도 전기자동차 천안시 모델별 보조금,2024,천안시
화물(소형),일진정공,일진무시동전기냉동탑차(봉고),1379,900.0,2279.0,2024년도 전기자동차 천안시 모델별 보조금,2024,천안시
화물(소형),일진정공,일진무시동전기냉동탑차(포터),1363,900.0,2263.0,2024년도 전기자동차 천안시 모델별 보조금,2024,천안시
화물(소형),루트17,다니고C(0.8톤 전기트럭),1068,797.0,1865.0,2024년도 전기자동차 천안시 모델별 보조금,2024,천안시
화물(소형),루트17,다니고C2(0.8톤 전기트럭),268,219.0,487.0,2024년도 전기자동차 천안시 모델별 보조금,2024,천안시
화물(소형),루트17,다니고R(전기냉동탑차),1224,900.0,2124.0,2024년도 전기자동차 천안시 모델별 보조금,2024,천안시
화물(소형),루트17,다니고R2(무시동 전기냉동탑차),1123,863.0,1986.0,2024년도 전기자동차 천안시 모델별 보조금,2024,천안시
화물(소형),루트17,e-TOVI,464,379.0,843.0,2024년도 전기자동차 천안시 모델별 보조금,2024,천안시
화물(소형),이브이케이엠씨,MASADA 픽업,295,241.0,536.0,2024년도 전기자동차 천안시 모델별 보조금,2024,천안시
화물(소형),이브이케이엠씨,MASADA 3세대 2밴,274,224.0,498.0,2024년도 전기자동차 천안시 모델별 보조금,2024,천안시
화물(소형),이브이케이엠씨,MASADA 3세대 4밴,246,201.0,447.0,2024년도 전기자동차 천안시 모델별 보조금,2024,천안시
화물(소형),이브이케이엠씨,MASADA 2밴,299,244.0,543.0,2024년도 전기자동차 천안시 모델별 보조금,2024,천안시
화물(소형),이브이케이엠씨,MASADA 4밴,269,220.0,489.0,2024년도 전기자동차 천안시 모델별 보조금,2024,천안시
화물(소형),이브이케이엠씨,EC35 2밴,194,158.0,352.0,2024년도 전기자동차 천안시 모델별 보조금,2024,천안시
화물(소형),제이스모빌리티,이티밴,405,331.0,736.0,2024년도 전기자동차 천안시 모델별 보조금,2024,천안시
화물(소형),제이스모빌리티,이티4밴,364,297.0,661.0,2024년도 전기자동차 천안시 모델별 보조금,2024,천안시
화물(소형),제이스모빌리티,이티밴 미니 2인승,412,337.0,749.0,2024년도 전기자동차 천안시 모델별 보조금,2024,천안시
화물(소형),제이스모빌리티,이티밴 미니 4인승,412,337.0,749.0,2024년도 전기자동차 천안시 모델별 보조금,2024,천안시
화물(소형),제이스모빌리티,이티밴 프로 2인승,412,337.0,749.0,2024년도 전기자동차 천안시 모델별 보조금,2024,천안시
화물(소형),제이스모빌리티,이티밴 프로 4인승,412,337.0,749.0,2024년도 전기자동차 천안시 모델별 보조금,2024,천안시
화물(소형),오텍,오텍 무시동 전기 냉동탑차(봉고),1118,900.0,2018.0,2024년도 전기자동차 천안시 모델별 보조금,2024,천안시
화물(소형),이엔플러스,이엔1톤롱바디카고,850,695.0,1545.0,2024년도 전기자동차 천안시 모델별 보조금,2024,천안시
화물(소형),이엔플러스,이엔플러스EV1톤롱바디트럭,895,732.0,1627.0,2024년도 전기자동차 천안시 모델별 보조금,2024,천안시
화물(소형),GS글로벌,T4K,462,378.0,840.0,2024년도 전기자동차 천안시 모델별 보조금,2024,천안시
화물(소형),GS글로벌,T4K 냉동탑차,711,581.0,1292.0,2024년도 전기자동차 천안시 모델별 보조금,2024,천안시
화물(소형),에스에스라이트,젤라,336,274.0,610.0,2024년도 전기자동차 천안시 모델별 보조금,2024,천안시
화물(소형),에스에스라이트,젤라 P200,478,391.0,869.0,2024년도 전기자동차 천안시 모델별 보조금,2024,천안시
화물(소형),한국쓰리축,한국쓰리축1톤롱바디EV트럭(봉고),837,684.0,1521.0,2024년도 전기자동차 천안시 모델별 보조금,2024,천안시
화물(소형),한국쓰리축,한국쓰리축1톤롱바디EV트럭(포터),855,699.0,1554.0,2024년도 전기자동차 천안시 모델별 보조금,2024,천안시
화물(소형),모빌리티네트웍스,SE-A2밴,333,272.0,605.0,2024년도 전기자동차 천안시 모델별 보조금,2024,천안시
화물(소형),피닉스코리아,썬라이즈-T01,412,337.0,749.0,2024년도 전기자동차 천안시 모델별 보조금,2024,천안시
화물(소형),케이지모빌리티,토레스 EVX VAN 20인치,392,421.0,813.0,2024년도 전기자동차 천안시 모델별 보조금,2024,천안시
화물(소형),케이지모빌리티,토레스 EVX VAN 18인치,394,423.0,817.0,2024년도 전기자동차 천안시 모델별 보조금,2024,천안시
화물(소형),한국상용트럭,한국상용1톤롱바디EV카고트럭,818,669.0,1487.0,2024년도 전기자동차 천안시 모델별 보조금,2024,천안시
화물(소형),한국상용트럭,한국상용0.9톤롱바디EV내장탑트럭,593,485.0,1078.0,2024년도 전기자동차 천안시 모델별 보조금,2024,천안시
화물(소형),센트로에이케이,E-CV1,282,230.0,512.0,2024년도 전기자동차 천안시 모델별 보조금,2024,천안시
화물(소형),파츠몰에이투지,SW40,412,337.0,749.0,2024년도 전기자동차 천안시 모델별 보조금,2024,천안시
화물(소형),이브이앤솔루션,STEGO-Z,540,441.0,981.0,2024년도 전기자동차 천안시 모델별 보조금,2024,천안시
화물(초소형),마스타전기차,MASTA VAN,400,240.0,640.0,2024년도 전기자동차 공주시 모델별 보조금,2024,공주시
화물(초소형),마스타전기차,MASTA HIM,400,240.0,640.0,2024년도 전기자동차 공주시 모델별 보조금,2024,공주시
화물(초소형),디피코,포트로-탑,400,240.0,640.0,2024년도 전기자동차 공주시 모델별 보조금,2024,공주시
화물(초소형),디피코,포트로-픽업,400,240.0,640.0,2024년도 전기자동차 공주시 모델별 보조금,2024,공주시
화물(초소형),디피코,포트로-탑S,400,240.0,640.0,2024년도 전기자동차 공주시 모델별 보조금,2024,공주시
화물(초소형),디피코,포트로-픽업S,400,240.0,640.0,2024년도 전기자동차 공주시 모델별 보조금,2024,공주시
화물(경형),디피코,포트로350L-탑,788,571.0,1359.0,2024년도 전기자동차 공주시 모델별 보조금,2024,공주시
화물(경형),디피코,포트로350L-픽업,788,571.0,1359.0,2024년도 전기자동차 공주시 모델별 보조금,2024,공주시
화물(소형),파워프라자,봉고3ev PEACE,554,453.0,1007.0,2024년도 전기자동차 공주시 모델별 보조금,2024,공주시
화물(소형),파워프라자,봉고3ev PEACE 더블캡,481,393.0,874.0,2024년도 전기자동차 공주시 모델별 보조금,2024,공주시
화물(소형),현대자동차,포터Ⅱ 일렉트릭(23MY),1090,859.0,1949.0,2024년도 전기자동차 공주시 모델별 보조금,2024,공주시
화물(소형),현대자동차,포터Ⅱ 일렉트릭(24MY),1090,859.0,1949.0,2024년도 전기자동차 공주시 모델별 보조금,2024,공주시
화물(소형),현대자동차,ST1 기본형 카고 17인치,1100,900.0,2000.0,2024년도 전기자동차 공주시 모델별 보조금,2024,공주시
화물(소형),현대자동차,ST1 기본형 카고 냉동 17인치,1450,900.0,2350.0,2024년도 전기자동차 공주시 모델별 보조금,2024,공주시
화물(소형),기아,봉고 전기차,1130,859.0,1989.0,2024년도 전기자동차 공주시 모델별 보조금,2024,공주시
화물(소형),기아,봉고 전기차 냉동탑차,1330,900.0,2230.0,2024년도 전기자동차 공주시 모델별 보조금,2024,공주시
화물(소형),기아,봉고 전기차 저상형 냉동탑차,1330,900.0,2230.0,2024년도 전기자동차 공주시 모델별 보조금,2024,공주시
화물(소형),일진정공,일진무시동전기냉동탑차(149.9km),916,749.0,1665.0,2024년도 전기자동차 공주시 모델별 보조금,2024,공주시
화물(소형),일진정공,일진무시동전기냉동탑차(186.1km),1169,900.0,2069.0,2024년도 전기자동차 공주시 모델별 보조금,2024,공주시
화물(소형),일진정공,일진무시동전기냉동탑차(봉고),1379,900.0,2279.0,2024년도 전기자동차 공주시 모델별 보조금,2024,공주시
화물(소형),일진정공,일진무시동전기냉동탑차(포터),1363,900.0,2263.0,2024년도 전기자동차 공주시 모델별 보조금,2024,공주시
화물(소형),루트17,다니고C(0.8톤 전기트럭),1068,797.0,1865.0,2024년도 전기자동차 공주시 모델별 보조금,2024,공주시
화물(소형),루트17,다니고C2(0.8톤 전기트럭),268,219.0,487.0,2024년도 전기자동차 공주시 모델별 보조금,2024,공주시
화물(소형),루트17,다니고R(전기냉동탑차),1224,900.0,2124.0,2024년도 전기자동차 공주시 모델별 보조금,2024,공주시
화물(소형),루트17,다니고R2(무시동 전기냉동탑차),1123,863.0,1986.0,2024년도 전기자동차 공주시 모델별 보조금,2024,공주시
화물(소형),루트17,e-TOVI,464,379.0,843.0,2024년도 전기자동차 공주시 모델별 보조금,2024,공주시
화물(소형),이브이케이엠씨,MASADA 픽업,295,241.0,536.0,2024년도 전기자동차 공주시 모델별 보조금,2024,공주시
화물(소형),이브이케이엠씨,MASADA 3세대 2밴,274,224.0,498.0,2024년도 전기자동차 공주시 모델별 보조금,2024,공주시
화물(소형),이브이케이엠씨,MASADA 3세대 4밴,246,201.0,447.0,2024년도 전기자동차 공주시 모델별 보조금,2024,공주시
화물(소형),이브이케이엠씨,MASADA 2밴,299,244.0,543.0,2024년도 전기자동차 공주시 모델별 보조금,2024,공주시
화물(소형),이브이케이엠씨,MASADA 4밴,269,220.0,489.0,2024년도 전기자동차 공주시 모델별 보조금,2024,공주시
화물(소형),이브이케이엠씨,EC35 2밴,194,158.0,352.0,2024년도 전기자동차 공주시 모델별 보조금,2024,공주시
화물(소형),제이스모빌리티,이티밴,405,331.0,736.0,2024년도 전기자동차 공주시 모델별 보조금,2024,공주시
화물(소형),제이스모빌리티,이티4밴,364,297.0,661.0,2024년도 전기자동차 공주시 모델별 보조금,2024,공주시
화물(소형),제이스모빌리티,이티밴 미니 2인승,412,337.0,749.0,2024년도 전기자동차 공주시 모델별 보조금,2024,공주시
화물(소형),제이스모빌리티,이티밴 미니 4인승,412,337.0,749.0,2024년도 전기자동차 공주시 모델별 보조금,2024,공주시
화물(소형),제이스모빌리티,이티밴 프로 2인승,412,337.0,749.0,2024년도 전기자동차 공주시 모델별 보조금,2024,공주시
화물(소형),제이스모빌리티,이티밴 프로 4인승,412,337.0,749.0,2024년도 전기자동차 공주시 모델별 보조금,2024,공주시
화물(소형),오텍,오텍 무시동 전기 냉동탑차(봉고),1118,900.0,2018.0,2024년도 전기자동차 공주시 모델별 보조금,2024,공주시
화물(소형),이엔플러스,이엔1톤롱바디카고,850,695.0,1545.0,2024년도 전기자동차 공주시 모델별 보조금,2024,공주시
화물(소형),이엔플러스,이엔플러스EV1톤롱바디트럭,895,732.0,1627.0,2024년도 전기자동차 공주시 모델별 보조금,2024,공주시
화물(소형),GS글로벌,T4K,462,378.0,840.0,2024년도 전기자동차 공주시 모델별 보조금,2024,공주시
화물(소형),GS글로벌,T4K 냉동탑차,711,581.0,1292.0,2024년도 전기자동차 공주시 모델별 보조금,2024,공주시
화물(소형),에스에스라이트,젤라,336,274.0,610.0,2024년도 전기자동차 공주시 모델별 보조금,2024,공주시
화물(소형),에스에스라이트,젤라 P200,478,391.0,869.0,2024년도 전기자동차 공주시 모델별 보조금,2024,공주시
화물(소형),한국쓰리축,한국쓰리축1톤롱바디EV트럭(봉고),837,684.0,1521.0,2024년도 전기자동차 공주시 모델별 보조금,2024,공주시
화물(소형),한국쓰리축,한국쓰리축1톤롱바디EV트럭(포터),855,699.0,1554.0,2024년도 전기자동차 공주시 모델별 보조금,2024,공주시
화물(소형),모빌리티네트웍스,SE-A2밴,333,272.0,605.0,2024년도 전기자동차 공주시 모델별 보조금,2024,공주시
화물(소형),피닉스코리아,썬라이즈-T01,412,337.0,749.0,2024년도 전기자동차 공주시 모델별 보조금,2024,공주시
화물(소형),케이지모빌리티,토레스 EVX VAN 20인치,392,421.0,813.0,2024년도 전기자동차 공주시 모델별 보조금,2024,공주시
화물(소형),케이지모빌리티,토레스 EVX VAN 18인치,394,423.0,817.0,2024년도 전기자동차 공주시 모델별 보조금,2024,공주시
화물(소형),한국상용트럭,한국상용1톤롱바디EV카고트럭,818,669.0,1487.0,2024년도 전기자동차 공주시 모델별 보조금,2024,공주시
화물(소형),한국상용트럭,한국상용0.9톤롱바디EV내장탑트럭,593,485.0,1078.0,2024년도 전기자동차 공주시 모델별 보조금,2024,공주시
화물(초소형),마스타전기차,MASTA VAN,400,240.0,640.0,2024년도 전기자동차 보령시 모델별 보조금,2024,보령시
화물(초소형),마스타전기차,MASTA HIM,400,240.0,640.0,2024년도 전기자동차 보령시 모델별 보조금,2024,보령시
화물(초소형),디피코,포트로-탑,400,240.0,640.0,2024년도 전기자동차 보령시 모델별 보조금,2024,보령시
화물(초소형),디피코,포트로-픽업,400,240.0,640.0,2024년도 전기자동차 보령시 모델별 보조금,2024,보령시
화물(초소형),디피코,포트로-탑S,400,240.0,640.0,2024년도 전기자동차 보령시 모델별 보조금,2024,보령시
화물(초소형),디피코,포트로-픽업S,400,240.0,640.0,2024년도 전기자동차 보령시 모델별 보조금,2024,보령시
화물(초소형),마이브,베프,400,240.0,640.0,2024년도 전기자동차 보령시 모델별 보조금,2024,보령시
화물(경형),디피코,포트로350L-탑,788,571.0,1359.0,2024년도 전기자동차 보령시 모델별 보조금,2024,보령시
화물(경형),디피코,포트로350L-픽업,788,571.0,1359.0,2024년도 전기자동차 보령시 모델별 보조금,2024,보령시
화물(소형),파워프라자,봉고3ev PEACE,554,453.0,1007.0,2024년도 전기자동차 보령시 모델별 보조금,2024,보령시
화물(소형),파워프라자,봉고3ev PEACE 더블캡,481,393.0,874.0,2024년도 전기자동차 보령시 모델별 보조금,2024,보령시
화물(소형),현대자동차,포터Ⅱ 일렉트릭(23MY),1090,859.0,1949.0,2024년도 전기자동차 보령시 모델별 보조금,2024,보령시
화물(소형),현대자동차,포터Ⅱ 일렉트릭(24MY),1090,859.0,1949.0,2024년도 전기자동차 보령시 모델별 보조금,2024,보령시
화물(소형),현대자동차,ST1 기본형 카고 17인치,1100,900.0,2000.0,2024년도 전기자동차 보령시 모델별 보조금,2024,보령시
화물(소형),현대자동차,ST1 기본형 카고 냉동 17인치,1450,900.0,2350.0,2024년도 전기자동차 보령시 모델별 보조금,2024,보령시
화물(소형),기아,봉고 전기차,1130,859.0,1989.0,2024년도 전기자동차 보령시 모델별 보조금,2024,보령시
화물(소형),기아,봉고 전기차 냉동탑차,1330,900.0,2230.0,2024년도 전기자동차 보령시 모델별 보조금,2024,보령시
화물(소형),기아,봉고 전기차 저상형 냉동탑차,1330,900.0,2230.0,2024년도 전기자동차 보령시 모델별 보조금,2024,보령시
화물(소형),일진정공,일진무시동전기냉동탑차(149.9km),916,749.0,1665.0,2024년도 전기자동차 보령시 모델별 보조금,2024,보령시
화물(소형),일진정공,일진무시동전기냉동탑차(186.1km),1169,900.0,2069.0,2024년도 전기자동차 보령시 모델별 보조금,2024,보령시
화물(소형),일진정공,일진무시동전기냉동탑차(봉고),1379,900.0,2279.0,2024년도 전기자동차 보령시 모델별 보조금,2024,보령시
화물(소형),일진정공,일진무시동전기냉동탑차(포터),1363,900.0,2263.0,2024년도 전기자동차 보령시 모델별 보조금,2024,보령시
화물(소형),루트17,다니고C(0.8톤 전기트럭),1068,797.0,1865.0,2024년도 전기자동차 보령시 모델별 보조금,2024,보령시
화물(소형),루트17,다니고C2(0.8톤 전기트럭),268,219.0,487.0,2024년도 전기자동차 보령시 모델별 보조금,2024,보령시
화물(소형),루트17,다니고R(전기냉동탑차),1224,900.0,2124.0,2024년도 전기자동차 보령시 모델별 보조금,2024,보령시
화물(소형),루트17,다니고R2(무시동 전기냉동탑차),1123,863.0,1986.0,2024년도 전기자동차 보령시 모델별 보조금,2024,보령시
화물(소형),루트17,e-TOVI,464,379.0,843.0,2024년도 전기자동차 보령시 모델별 보조금,2024,보령시
화물(소형),이브이케이엠씨,MASADA 픽업,295,241.0,536.0,2024년도 전기자동차 보령시 모델별 보조금,2024,보령시
화물(소형),이브이케이엠씨,MASADA 3세대 2밴,274,224.0,498.0,2024년도 전기자동차 보령시 모델별 보조금,2024,보령시
화물(소형),이브이케이엠씨,MASADA 3세대 4밴,246,201.0,447.0,2024년도 전기자동차 보령시 모델별 보조금,2024,보령시
화물(소형),이브이케이엠씨,MASADA 2밴,299,244.0,543.0,2024년도 전기자동차 보령시 모델별 보조금,2024,보령시
화물(소형),이브이케이엠씨,MASADA 4밴,269,220.0,489.0,2024년도 전기자동차 보령시 모델별 보조금,2024,보령시
화물(소형),이브이케이엠씨,EC35 2밴,194,158.0,352.0,2024년도 전기자동차 보령시 모델별 보조금,2024,보령시
화물(소형),제이스모빌리티,이티밴,405,331.0,736.0,2024년도 전기자동차 보령시 모델별 보조금,2024,보령시
화물(소형),제이스모빌리티,이티4밴,364,297.0,661.0,2024년도 전기자동차 보령시 모델별 보조금,2024,보령시
화물(소형),제이스모빌리티,이티밴 미니 2인승,412,337.0,749.0,2024년도 전기자동차 보령시 모델별 보조금,2024,보령시
화물(소형),제이스모빌리티,이티밴 미니 4인승,412,337.0,749.0,2024년도 전기자동차 보령시 모델별 보조금,2024,보령시
화물(소형),제이스모빌리티,이티밴 프로 2인승,412,337.0,749.0,2024년도 전기자동차 보령시 모델별 보조금,2024,보령시
화물(소형),제이스모빌리티,이티밴 프로 4인승,412,337.0,749.0,2024년도 전기자동차 보령시 모델별 보조금,2024,보령시
화물(소형),오텍,오텍 무시동 전기 냉동탑차(봉고),1118,900.0,2018.0,2024년도 전기자동차 보령시 모델별 보조금,2024,보령시
화물(소형),이엔플러스,이엔1톤롱바디카고,850,695.0,1545.0,2024년도 전기자동차 보령시 모델별 보조금,2024,보령시
화물(소형),이엔플러스,이엔플러스EV1톤롱바디트럭,895,732.0,1627.0,2024년도 전기자동차 보령시 모델별 보조금,2024,보령시
화물(소형),GS글로벌,T4K,462,378.0,840.0,2024년도 전기자동차 보령시 모델별 보조금,2024,보령시
화물(소형),GS글로벌,T4K 냉동탑차,711,581.0,1292.0,2024년도 전기자동차 보령시 모델별 보조금,2024,보령시
화물(소형),에스에스라이트,젤라,336,274.0,610.0,2024년도 전기자동차 보령시 모델별 보조금,2024,보령시
화물(소형),에스에스라이트,젤라 P200,478,391.0,869.0,2024년도 전기자동차 보령시 모델별 보조금,2024,보령시
화물(소형),한국쓰리축,한국쓰리축1톤롱바디EV트럭(봉고),837,684.0,1521.0,2024년도 전기자동차 보령시 모델별 보조금,2024,보령시
화물(소형),한국쓰리축,한국쓰리축1톤롱바디EV트럭(포터),855,699.0,1554.0,2024년도 전기자동차 보령시 모델별 보조금,2024,보령시
화물(소형),모빌리티네트웍스,SE-A2밴,333,272.0,605.0,2024년도 전기자동차 보령시 모델별 보조금,2024,보령시
화물(소형),피닉스코리아,썬라이즈-T01,412,337.0,749.0,2024년도 전기자동차 보령시 모델별 보조금,2024,보령시
화물(소형),케이지모빌리티,토레스 EVX VAN 20인치,392,421.0,813.0,2024년도 전기자동차 보령시 모델별 보조금,2024,보령시
화물(소형),케이지모빌리티,토레스 EVX VAN 18인치,394,423.0,817.0,2024년도 전기자동차 보령시 모델별 보조금,2024,보령시
화물(소형),한국상용트럭,한국상용1톤롱바디EV카고트럭,818,669.0,1487.0,2024년도 전기자동차 보령시 모델별 보조금,2024,보령시
화물(소형),한국상용트럭,한국상용0.9톤롱바디EV내장탑트럭,593,485.0,1078.0,2024년도 전기자동차 보령시 모델별 보조금,2024,보령시
화물(소형),센트로에이케이,E-CV1,282,230.0,512.0,2024년도 전기자동차 보령시 모델별 보조금,2024,보령시
화물(소형),파츠몰에이투지,SW40,412,337.0,749.0,2024년도 전기자동차 보령시 모델별 보조금,2024,보령시
화물(소형),이브이앤솔루션,STEGO-Z,540,441.0,981.0,2024년도 전기자동차 보령시 모델별 보조금,2024,보령시
화물(초소형),마스타전기차,MASTA VAN,400,240.0,640.0,2024년도 전기자동차 아산시 모델별 보조금,2024,아산시
화물(초소형),마스타전기차,MASTA HIM,400,240.0,640.0,2024년도 전기자동차 아산시 모델별 보조금,2024,아산시
화물(초소형),디피코,포트로-탑,400,240.0,640.0,2024년도 전기자동차 아산시 모델별 보조금,2024,아산시
화물(초소형),디피코,포트로-픽업,400,240.0,640.0,2024년도 전기자동차 아산시 모델별 보조금,2024,아산시
화물(초소형),디피코,포트로-탑S,400,240.0,640.0,2024년도 전기자동차 아산시 모델별 보조금,2024,아산시
화물(초소형),디피코,포트로-픽업S,400,240.0,640.0,2024년도 전기자동차 아산시 모델별 보조금,2024,아산시
화물(경형),디피코,포트로350L-탑,788,571.0,1359.0,2024년도 전기자동차 아산시 모델별 보조금,2024,아산시
화물(경형),디피코,포트로350L-픽업,788,571.0,1359.0,2024년도 전기자동차 아산시 모델별 보조금,2024,아산시
화물(소형),파워프라자,봉고3ev PEACE,554,453.0,1007.0,2024년도 전기자동차 아산시 모델별 보조금,2024,아산시
화물(소형),파워프라자,봉고3ev PEACE 더블캡,481,393.0,874.0,2024년도 전기자동차 아산시 모델별 보조금,2024,아산시
화물(소형),현대자동차,포터Ⅱ 일렉트릭(23MY),1090,859.0,1949.0,2024년도 전기자동차 아산시 모델별 보조금,2024,아산시
화물(소형),현대자동차,포터Ⅱ 일렉트릭(24MY),1090,859.0,1949.0,2024년도 전기자동차 아산시 모델별 보조금,2024,아산시
화물(소형),현대자동차,ST1 기본형 카고 17인치,1100,900.0,2000.0,2024년도 전기자동차 아산시 모델별 보조금,2024,아산시
화물(소형),현대자동차,ST1 기본형 카고 냉동 17인치,1450,900.0,2350.0,2024년도 전기자동차 아산시 모델별 보조금,2024,아산시
화물(소형),기아,봉고 전기차,1130,859.0,1989.0,2024년도 전기자동차 아산시 모델별 보조금,2024,아산시
화물(소형),기아,봉고 전기차 냉동탑차,1330,900.0,2230.0,2024년도 전기자동차 아산시 모델별 보조금,2024,아산시
화물(소형),기아,봉고 전기차 저상형 냉동탑차,1330,900.0,2230.0,2024년도 전기자동차 아산시 모델별 보조금,2024,아산시
화물(소형),일진정공,일진무시동전기냉동탑차(149.9km),916,749.0,1665.0,2024년도 전기자동차 아산시 모델별 보조금,2024,아산시
화물(소형),일진정공,일진무시동전기냉동탑차(186.1km),1169,900.0,2069.0,2024년도 전기자동차 아산시 모델별 보조금,2024,아산시
화물(소형),일진정공,일진무시동전기냉동탑차(봉고),1379,900.0,2279.0,2024년도 전기자동차 아산시 모델별 보조금,2024,아산시
화물(소형),일진정공,일진무시동전기냉동탑차(포터),1363,900.0,2263.0,2024년도 전기자동차 아산시 모델별 보조금,2024,아산시
화물(소형),루트17,다니고C(0.8톤 전기트럭),1068,797.0,1865.0,2024년도 전기자동차 아산시 모델별 보조금,2024,아산시
화물(소형),루트17,다니고C2(0.8톤 전기트럭),268,219.0,487.0,2024년도 전기자동차 아산시 모델별 보조금,2024,아산시
화물(소형),루트17,다니고R(전기냉동탑차),1224,900.0,2124.0,2024년도 전기자동차 아산시 모델별 보조금,2024,아산시
화물(소형),루트17,다니고R2(무시동 전기냉동탑차),1123,863.0,1986.0,2024년도 전기자동차 아산시 모델별 보조금,2024,아산시
화물(소형),루트17,e-TOVI,464,379.0,843.0,2024년도 전기자동차 아산시 모델별 보조금,2024,아산시
화물(소형),이브이케이엠씨,MASADA 픽업,295,241.0,536.0,2024년도 전기자동차 아산시 모델별 보조금,2024,아산시
화물(소형),이브이케이엠씨,MASADA 3세대 2밴,274,224.0,498.0,2024년도 전기자동차 아산시 모델별 보조금,2024,아산시
화물(소형),이브이케이엠씨,MASADA 3세대 4밴,246,201.0,447.0,2024년도 전기자동차 아산시 모델별 보조금,2024,아산시
화물(소형),이브이케이엠씨,MASADA 2밴,299,244.0,543.0,2024년도 전기자동차 아산시 모델별 보조금,2024,아산시
화물(소형),이브이케이엠씨,MASADA 4밴,269,220.0,489.0,2024년도 전기자동차 아산시 모델별 보조금,2024,아산시
화물(소형),이브이케이엠씨,EC35 2밴,194,158.0,352.0,2024년도 전기자동차 아산시 모델별 보조금,2024,아산시
화물(소형),제이스모빌리티,이티밴,405,331.0,736.0,2024년도 전기자동차 아산시 모델별 보조금,2024,아산시
화물(소형),제이스모빌리티,이티4밴,364,297.0,661.0,2024년도 전기자동차 아산시 모델별 보조금,2024,아산시
화물(소형),제이스모빌리티,이티밴 미니 2인승,412,337.0,749.0,2024년도 전기자동차 아산시 모델별 보조금,2024,아산시
화물(소형),제이스모빌리티,이티밴 미니 4인승,412,337.0,749.0,2024년도 전기자동차 아산시 모델별 보조금,2024,아산시
화물(소형),제이스모빌리티,이티밴 프로 2인승,412,337.0,749.0,2024년도 전기자동차 아산시 모델별 보조금,2024,아산시
화물(소형),제이스모빌리티,이티밴 프로 4인승,412,337.0,749.0,2024년도 전기자동차 아산시 모델별 보조금,2024,아산시
화물(소형),오텍,오텍 무시동 전기 냉동탑차(봉고),1118,900.0,2018.0,2024년도 전기자동차 아산시 모델별 보조금,2024,아산시
화물(소형),이엔플러스,이엔1톤롱바디카고,850,695.0,1545.0,2024년도 전기자동차 아산시 모델별 보조금,2024,아산시
화물(소형),이엔플러스,이엔플러스EV1톤롱바디트럭,895,732.0,1627.0,2024년도 전기자동차 아산시 모델별 보조금,2024,아산시
화물(소형),GS글로벌,T4K,462,378.0,840.0,2024년도 전기자동차 아산시 모델별 보조금,2024,아산시
화물(소형),GS글로벌,T4K 냉동탑차,711,581.0,1292.0,2024년도 전기자동차 아산시 모델별 보조금,2024,아산시
화물(소형),에스에스라이트,젤라,336,274.0,610.0,2024년도 전기자동차 아산시 모델별 보조금,2024,아산시
화물(소형),에스에스라이트,젤라 P200,478,391.0,869.0,2024년도 전기자동차 아산시 모델별 보조금,2024,아산시
화물(소형),한국쓰리축,한국쓰리축1톤롱바디EV트럭(봉고),837,684.0,1521.0,2024년도 전기자동차 아산시 모델별 보조금,2024,아산시
화물(소형),한국쓰리축,한국쓰리축1톤롱바디EV트럭(포터),855,699.0,1554.0,2024년도 전기자동차 아산시 모델별 보조금,2024,아산시
화물(소형),모빌리티네트웍스,SE-A2밴,333,272.0,605.0,2024년도 전기자동차 아산시 모델별 보조금,2024,아산시
화물(소형),피닉스코리아,썬라이즈-T01,412,337.0,749.0,2024년도 전기자동차 아산시 모델별 보조금,2024,아산시
화물(소형),케이지모빌리티,토레스 EVX VAN 20인치,392,421.0,813.0,2024년도 전기자동차 아산시 모델별 보조금,2024,아산시
화물(소형),케이지모빌리티,토레스 EVX VAN 18인치,394,423.0,817.0,2024년도 전기자동차 아산시 모델별 보조금,2024,아산시
화물(소형),한국상용트럭,한국상용1톤롱바디EV카고트럭,818,669.0,1487.0,2024년도 전기자동차 아산시 모델별 보조금,2024,아산시
화물(소형),한국상용트럭,한국상용0.9톤롱바디EV내장탑트럭,593,485.0,1078.0,2024년도 전기자동차 아산시 모델별 보조금,2024,아산시
화물(초소형),마스타전기차,MASTA VAN,400,240.0,640.0,2024년도 전기자동차 서산시 모델별 보조금,2024,서산시
화물(초소형),마스타전기차,MASTA HIM,400,240.0,640.0,2024년도 전기자동차 서산시 모델별 보조금,2024,서산시
화물(초소형),디피코,포트로-탑,400,240.0,640.0,2024년도 전기자동차 서산시 모델별 보조금,2024,서산시
화물(초소형),디피코,포트로-픽업,400,240.0,640.0,2024년도 전기자동차 서산시 모델별 보조금,2024,서산시
화물(초소형),디피코,포트로-탑S,400,240.0,640.0,2024년도 전기자동차 서산시 모델별 보조금,2024,서산시
화물(초소형),디피코,포트로-픽업S,400,240.0,640.0,2024년도 전기자동차 서산시 모델별 보조금,2024,서산시
화물(초소형),마이브,베프,400,240.0,640.0,2024년도 전기자동차 서산시 모델별 보조금,2024,서산시
화물(경형),디피코,포트로350L-탑,788,571.0,1359.0,2024년도 전기자동차 서산시 모델별 보조금,2024,서산시
화물(경형),디피코,포트로350L-픽업,788,571.0,1359.0,2024년도 전기자동차 서산시 모델별 보조금,2024,서산시
화물(소형),파워프라자,봉고3ev PEACE,554,453.0,1007.0,2024년도 전기자동차 서산시 모델별 보조금,2024,서산시
화물(소형),파워프라자,봉고3ev PEACE 더블캡,481,393.0,874.0,2024년도 전기자동차 서산시 모델별 보조금,2024,서산시
화물(소형),현대자동차,포터Ⅱ 일렉트릭(23MY),1090,859.0,1949.0,2024년도 전기자동차 서산시 모델별 보조금,2024,서산시
화물(소형),현대자동차,포터Ⅱ 일렉트릭(24MY),1090,859.0,1949.0,2024년도 전기자동차 서산시 모델별 보조금,2024,서산시
화물(소형),현대자동차,ST1 기본형 카고 17인치,1100,900.0,2000.0,2024년도 전기자동차 서산시 모델별 보조금,2024,서산시
화물(소형),현대자동차,ST1 기본형 카고 냉동 17인치,1450,900.0,2350.0,2024년도 전기자동차 서산시 모델별 보조금,2024,서산시
화물(소형),현대자동차,ST1 기본형 하이탑 17인치,1100,900.0,2000.0,2024년도 전기자동차 서산시 모델별 보조금,2024,서산시
화물(소형),기아,봉고 전기차,1130,859.0,1989.0,2024년도 전기자동차 서산시 모델별 보조금,2024,서산시
화물(소형),기아,봉고 전기차 냉동탑차,1330,900.0,2230.0,2024년도 전기자동차 서산시 모델별 보조금,2024,서산시
화물(소형),기아,봉고 전기차 저상형 냉동탑차,1330,900.0,2230.0,2024년도 전기자동차 서산시 모델별 보조금,2024,서산시
화물(소형),일진정공,일진무시동전기냉동탑차(149.9km),916,749.0,1665.0,2024년도 전기자동차 서산시 모델별 보조금,2024,서산시
화물(소형),일진정공,일진무시동전기냉동탑차(186.1km),1169,900.0,2069.0,2024년도 전기자동차 서산시 모델별 보조금,2024,서산시
화물(소형),일진정공,일진무시동전기냉동탑차(봉고),1379,900.0,2279.0,2024년도 전기자동차 서산시 모델별 보조금,2024,서산시
화물(소형),일진정공,일진무시동전기냉동탑차(포터),1363,900.0,2263.0,2024년도 전기자동차 서산시 모델별 보조금,2024,서산시
화물(소형),루트17,다니고C(0.8톤 전기트럭),1068,797.0,1865.0,2024년도 전기자동차 서산시 모델별 보조금,2024,서산시
화물(소형),루트17,다니고C2(0.8톤 전기트럭),268,219.0,487.0,2024년도 전기자동차 서산시 모델별 보조금,2024,서산시
화물(소형),루트17,다니고R(전기냉동탑차),1224,900.0,2124.0,2024년도 전기자동차 서산시 모델별 보조금,2024,서산시
화물(소형),루트17,다니고R2(무시동 전기냉동탑차),1123,863.0,1986.0,2024년도 전기자동차 서산시 모델별 보조금,2024,서산시
화물(소형),루트17,e-TOVI,464,379.0,843.0,2024년도 전기자동차 서산시 모델별 보조금,2024,서산시
화물(소형),이브이케이엠씨,MASADA 픽업,295,241.0,536.0,2024년도 전기자동차 서산시 모델별 보조금,2024,서산시
화물(소형),이브이케이엠씨,MASADA 3세대 2밴,274,224.0,498.0,2024년도 전기자동차 서산시 모델별 보조금,2024,서산시
화물(소형),이브이케이엠씨,MASADA 3세대 4밴,246,201.0,447.0,2024년도 전기자동차 서산시 모델별 보조금,2024,서산시
화물(소형),이브이케이엠씨,MASADA 2밴,299,244.0,543.0,2024년도 전기자동차 서산시 모델별 보조금,2024,서산시
화물(소형),이브이케이엠씨,MASADA 4밴,269,220.0,489.0,2024년도 전기자동차 서산시 모델별 보조금,2024,서산시
화물(소형),이브이케이엠씨,EC35 2밴,194,158.0,352.0,2024년도 전기자동차 서산시 모델별 보조금,2024,서산시
화물(소형),제이스모빌리티,이티밴,405,331.0,736.0,2024년도 전기자동차 서산시 모델별 보조금,2024,서산시
화물(소형),제이스모빌리티,이티4밴,364,297.0,661.0,2024년도 전기자동차 서산시 모델별 보조금,2024,서산시
화물(소형),제이스모빌리티,이티밴 미니 2인승,412,337.0,749.0,2024년도 전기자동차 서산시 모델별 보조금,2024,서산시
화물(소형),제이스모빌리티,이티밴 미니 4인승,412,337.0,749.0,2024년도 전기자동차 서산시 모델별 보조금,2024,서산시
화물(소형),제이스모빌리티,이티밴 프로 2인승,412,337.0,749.0,2024년도 전기자동차 서산시 모델별 보조금,2024,서산시
화물(소형),제이스모빌리티,이티밴 프로 4인승,412,337.0,749.0,2024년도 전기자동차 서산시 모델별 보조금,2024,서산시
화물(소형),오텍,오텍 무시동 전기 냉동탑차(봉고),1118,900.0,2018.0,2024년도 전기자동차 서산시 모델별 보조금,2024,서산시
화물(소형),이엔플러스,이엔1톤롱바디카고,850,695.0,1545.0,2024년도 전기자동차 서산시 모델별 보조금,2024,서산시
화물(소형),이엔플러스,이엔플러스EV1톤롱바디트럭,895,732.0,1627.0,2024년도 전기자동차 서산시 모델별 보조금,2024,서산시
화물(소형),GS글로벌,T4K,462,378.0,840.0,2024년도 전기자동차 서산시 모델별 보조금,2024,서산시
화물(소형),GS글로벌,T4K 냉동탑차,711,581.0,1292.0,2024년도 전기자동차 서산시 모델별 보조금,2024,서산시
화물(소형),에스에스라이트,젤라,336,274.0,610.0,2024년도 전기자동차 서산시 모델별 보조금,2024,서산시
화물(소형),에스에스라이트,젤라 P200,478,391.0,869.0,2024년도 전기자동차 서산시 모델별 보조금,2024,서산시
화물(소형),한국쓰리축,한국쓰리축1톤롱바디EV트럭(봉고),837,684.0,1521.0,2024년도 전기자동차 서산시 모델별 보조금,2024,서산시
화물(소형),한국쓰리축,한국쓰리축1톤롱바디EV트럭(포터),855,699.0,1554.0,2024년도 전기자동차 서산시 모델별 보조금,2024,서산시
화물(소형),모빌리티네트웍스,SE-A2밴,333,272.0,605.0,2024년도 전기자동차 서산시 모델별 보조금,2024,서산시
화물(소형),피닉스코리아,썬라이즈-T01,412,337.0,749.0,2024년도 전기자동차 서산시 모델별 보조금,2024,서산시
화물(소형),케이지모빌리티,토레스 EVX VAN 20인치,392,421.0,813.0,2024년도 전기자동차 서산시 모델별 보조금,2024,서산시
화물(소형),케이지모빌리티,토레스 EVX VAN 18인치,394,423.0,817.0,2024년도 전기자동차 서산시 모델별 보조금,2024,서산시
화물(소형),한국상용트럭,한국상용1톤롱바디EV카고트럭,818,669.0,1487.0,2024년도 전기자동차 서산시 모델별 보조금,2024,서산시
화물(소형),한국상용트럭,한국상용0.9톤롱바디EV내장탑트럭,593,485.0,1078.0,2024년도 전기자동차 서산시 모델별 보조금,2024,서산시
화물(소형),센트로에이케이,E-CV1,282,230.0,512.0,2024년도 전기자동차 서산시 모델별 보조금,2024,서산시
화물(소형),파츠몰에이투지,SW40,412,337.0,749.0,2024년도 전기자동차 서산시 모델별 보조금,2024,서산시
화물(소형),이브이앤솔루션,STEGO-Z,540,441.0,981.0,2024년도 전기자동차 서산시 모델별 보조금,2024,서산시
화물(초소형),마스타전기차,MASTA VAN,400,240.0,640.0,2024년도 전기자동차 논산시 모델별 보조금,2024,논산시
화물(초소형),마스타전기차,MASTA HIM,400,240.0,640.0,2024년도 전기자동차 논산시 모델별 보조금,2024,논산시
화물(초소형),디피코,포트로-탑,400,240.0,640.0,2024년도 전기자동차 논산시 모델별 보조금,2024,논산시
화물(초소형),디피코,포트로-픽업,400,240.0,640.0,2024년도 전기자동차 논산시 모델별 보조금,2024,논산시
화물(초소형),디피코,포트로-탑S,400,240.0,640.0,2024년도 전기자동차 논산시 모델별 보조금,2024,논산시
화물(초소형),디피코,포트로-픽업S,400,240.0,640.0,2024년도 전기자동차 논산시 모델별 보조금,2024,논산시
화물(초소형),마이브,베프,400,240.0,640.0,2024년도 전기자동차 논산시 모델별 보조금,2024,논산시
화물(경형),디피코,포트로350L-탑,788,571.0,1359.0,2024년도 전기자동차 논산시 모델별 보조금,2024,논산시
화물(경형),디피코,포트로350L-픽업,788,571.0,1359.0,2024년도 전기자동차 논산시 모델별 보조금,2024,논산시
화물(소형),파워프라자,봉고3ev PEACE,554,453.0,1007.0,2024년도 전기자동차 논산시 모델별 보조금,2024,논산시
화물(소형),파워프라자,봉고3ev PEACE 더블캡,481,393.0,874.0,2024년도 전기자동차 논산시 모델별 보조금,2024,논산시
화물(소형),현대자동차,포터Ⅱ 일렉트릭(23MY),1090,859.0,1949.0,2024년도 전기자동차 논산시 모델별 보조금,2024,논산시
화물(소형),현대자동차,포터Ⅱ 일렉트릭(24MY),1090,859.0,1949.0,2024년도 전기자동차 논산시 모델별 보조금,2024,논산시
화물(소형),현대자동차,ST1 기본형 카고 17인치,1100,900.0,2000.0,2024년도 전기자동차 논산시 모델별 보조금,2024,논산시
화물(소형),현대자동차,ST1 기본형 카고 냉동 17인치,1450,900.0,2350.0,2024년도 전기자동차 논산시 모델별 보조금,2024,논산시
화물(소형),현대자동차,ST1 기본형 하이탑 17인치,1100,900.0,2000.0,2024년도 전기자동차 논산시 모델별 보조금,2024,논산시
화물(소형),기아,봉고 전기차,1130,859.0,1989.0,2024년도 전기자동차 논산시 모델별 보조금,2024,논산시
화물(소형),기아,봉고 전기차 냉동탑차,1330,900.0,2230.0,2024년도 전기자동차 논산시 모델별 보조금,2024,논산시
화물(소형),기아,봉고 전기차 저상형 냉동탑차,1330,900.0,2230.0,2024년도 전기자동차 논산시 모델별 보조금,2024,논산시
화물(소형),일진정공,일진무시동전기냉동탑차(149.9km),916,749.0,1665.0,2024년도 전기자동차 논산시 모델별 보조금,2024,논산시
화물(소형),일진정공,일진무시동전기냉동탑차(186.1km),1169,900.0,2069.0,2024년도 전기자동차 논산시 모델별 보조금,2024,논산시
화물(소형),일진정공,일진무시동전기냉동탑차(봉고),1379,900.0,2279.0,2024년도 전기자동차 논산시 모델별 보조금,2024,논산시
화물(소형),일진정공,일진무시동전기냉동탑차(포터),1363,900.0,2263.0,2024년도 전기자동차 논산시 모델별 보조금,2024,논산시
화물(소형),루트17,다니고C(0.8톤 전기트럭),1068,797.0,1865.0,2024년도 전기자동차 논산시 모델별 보조금,2024,논산시
화물(소형),루트17,다니고C2(0.8톤 전기트럭),268,219.0,487.0,2024년도 전기자동차 논산시 모델별 보조금,2024,논산시
화물(소형),루트17,다니고R(전기냉동탑차),1224,900.0,2124.0,2024년도 전기자동차 논산시 모델별 보조금,2024,논산시
화물(소형),루트17,다니고R2(무시동 전기냉동탑차),1123,863.0,1986.0,2024년도 전기자동차 논산시 모델별 보조금,2024,논산시
화물(소형),루트17,e-TOVI,464,379.0,843.0,2024년도 전기자동차 논산시 모델별 보조금,2024,논산시
화물(소형),이브이케이엠씨,MASADA 픽업,295,241.0,536.0,2024년도 전기자동차 논산시 모델별 보조금,2024,논산시
화물(소형),이브이케이엠씨,MASADA 3세대 2밴,274,224.0,498.0,2024년도 전기자동차 논산시 모델별 보조금,2024,논산시
화물(소형),이브이케이엠씨,MASADA 3세대 4밴,246,201.0,447.0,2024년도 전기자동차 논산시 모델별 보조금,2024,논산시
화물(소형),이브이케이엠씨,MASADA 2밴,299,244.0,543.0,2024년도 전기자동차 논산시 모델별 보조금,2024,논산시
화물(소형),이브이케이엠씨,MASADA 4밴,269,220.0,489.0,2024년도 전기자동차 논산시 모델별 보조금,2024,논산시
화물(소형),이브이케이엠씨,EC35 2밴,194,158.0,352.0,2024년도 전기자동차 논산시 모델별 보조금,2024,논산시
화물(소형),제이스모빌리티,이티밴,405,331.0,736.0,2024년도 전기자동차 논산시 모델별 보조금,2024,논산시
화물(소형),제이스모빌리티,이티4밴,364,297.0,661.0,2024년도 전기자동차 논산시 모델별 보조금,2024,논산시
화물(소형),제이스모빌리티,이티밴 미니 2인승,412,337.0,749.0,2024년도 전기자동차 논산시 모델별 보조금,2024,논산시
화물(소형),제이스모빌리티,이티밴 미니 4인승,412,337.0,749.0,2024년도 전기자동차 논산시 모델별 보조금,2024,논산시
화물(소형),제이스모빌리티,이티밴 프로 2인승,412,337.0,749.0,2024년도 전기자동차 논산시 모델별 보조금,2024,논산시
화물(소형),제이스모빌리티,이티밴 프로 4인승,412,337.0,749.0,2024년도 전기자동차 논산시 모델별 보조금,2024,논산시
화물(소형),오텍,오텍 무시동 전기 냉동탑차(봉고),1118,900.0,2018.0,2024년도 전기자동차 논산시 모델별 보조금,2024,논산시
화물(소형),이엔플러스,이엔1톤롱바디카고,850,695.0,1545.0,2024년도 전기자동차 논산시 모델별 보조금,2024,논산시
화물(소형),이엔플러스,이엔플러스EV1톤롱바디트럭,895,732.0,1627.0,2024년도 전기자동차 논산시 모델별 보조금,2024,논산시
화물(소형),GS글로벌,T4K,462,378.0,840.0,2024년도 전기자동차 논산시 모델별 보조금,2024,논산시
화물(소형),GS글로벌,T4K 냉동탑차,711,581.0,1292.0,2024년도 전기자동차 논산시 모델별 보조금,2024,논산시
화물(소형),에스에스라이트,젤라,336,274.0,610.0,2024년도 전기자동차 논산시 모델별 보조금,2024,논산시
화물(소형),에스에스라이트,젤라 P200,478,391.0,869.0,2024년도 전기자동차 논산시 모델별 보조금,2024,논산시
화물(소형),한국쓰리축,한국쓰리축1톤롱바디EV트럭(봉고),837,684.0,1521.0,2024년도 전기자동차 논산시 모델별 보조금,2024,논산시
화물(소형),한국쓰리축,한국쓰리축1톤롱바디EV트럭(포터),855,699.0,1554.0,2024년도 전기자동차 논산시 모델별 보조금,2024,논산시
화물(소형),모빌리티네트웍스,SE-A2밴,333,272.0,605.0,2024년도 전기자동차 논산시 모델별 보조금,2024,논산시
화물(소형),피닉스코리아,썬라이즈-T01,412,337.0,749.0,2024년도 전기자동차 논산시 모델별 보조금,2024,논산시
화물(소형),케이지모빌리티,토레스 EVX VAN 20인치,392,421.0,813.0,2024년도 전기자동차 논산시 모델별 보조금,2024,논산시
화물(소형),케이지모빌리티,토레스 EVX VAN 18인치,394,423.0,817.0,2024년도 전기자동차 논산시 모델별 보조금,2024,논산시
화물(소형),한국상용트럭,한국상용1톤롱바디EV카고트럭,818,669.0,1487.0,2024년도 전기자동차 논산시 모델별 보조금,2024,논산시
화물(소형),한국상용트럭,한국상용0.9톤롱바디EV내장탑트럭,593,485.0,1078.0,2024년도 전기자동차 논산시 모델별 보조금,2024,논산시
화물(소형),센트로에이케이,E-CV1,282,230.0,512.0,2024년도 전기자동차 논산시 모델별 보조금,2024,논산시
화물(소형),파츠몰에이투지,SW40,412,337.0,749.0,2024년도 전기자동차 논산시 모델별 보조금,2024,논산시
화물(소형),이브이앤솔루션,STEGO-Z,540,441.0,981.0,2024년도 전기자동차 논산시 모델별 보조금,2024,논산시
화물(초소형),마스타전기차,MASTA VAN,400,240.0,640.0,2024년도 전기자동차 계룡시 모델별 보조금,2024,계룡시
화물(초소형),마스타전기차,MASTA HIM,400,240.0,640.0,2024년도 전기자동차 계룡시 모델별 보조금,2024,계룡시
화물(초소형),디피코,포트로-탑,400,240.0,640.0,2024년도 전기자동차 계룡시 모델별 보조금,2024,계룡시
화물(초소형),디피코,포트로-픽업,400,240.0,640.0,2024년도 전기자동차 계룡시 모델별 보조금,2024,계룡시
화물(초소형),디피코,포트로-탑S,400,240.0,640.0,2024년도 전기자동차 계룡시 모델별 보조금,2024,계룡시
화물(초소형),디피코,포트로-픽업S,400,240.0,640.0,2024년도 전기자동차 계룡시 모델별 보조금,2024,계룡시
화물(초소형),마이브,베프,400,240.0,640.0,2024년도 전기자동차 계룡시 모델별 보조금,2024,계룡시
화물(경형),디피코,포트로350L-탑,788,571.0,1359.0,2024년도 전기자동차 계룡시 모델별 보조금,2024,계룡시
화물(경형),디피코,포트로350L-픽업,788,571.0,1359.0,2024년도 전기자동차 계룡시 모델별 보조금,2024,계룡시
화물(소형),파워프라자,봉고3ev PEACE,554,453.0,1007.0,2024년도 전기자동차 계룡시 모델별 보조금,2024,계룡시
화물(소형),파워프라자,봉고3ev PEACE 더블캡,481,393.0,874.0,2024년도 전기자동차 계룡시 모델별 보조금,2024,계룡시
화물(소형),현대자동차,포터Ⅱ 일렉트릭(23MY),1090,859.0,1949.0,2024년도 전기자동차 계룡시 모델별 보조금,2024,계룡시
화물(소형),현대자동차,포터Ⅱ 일렉트릭(24MY),1090,859.0,1949.0,2024년도 전기자동차 계룡시 모델별 보조금,2024,계룡시
화물(소형),현대자동차,ST1 기본형 카고 17인치,1100,900.0,2000.0,2024년도 전기자동차 계룡시 모델별 보조금,2024,계룡시
화물(소형),현대자동차,ST1 기본형 카고 냉동 17인치,1450,900.0,2350.0,2024년도 전기자동차 계룡시 모델별 보조금,2024,계룡시
화물(소형),현대자동차,ST1 기본형 하이탑 17인치,1100,900.0,2000.0,2024년도 전기자동차 계룡시 모델별 보조금,2024,계룡시
화물(소형),기아,봉고 전기차,1130,859.0,1989.0,2024년도 전기자동차 계룡시 모델별 보조금,2024,계룡시
화물(소형),기아,봉고 전기차 냉동탑차,1330,900.0,2230.0,2024년도 전기자동차 계룡시 모델별 보조금,2024,계룡시
화물(소형),기아,봉고 전기차 저상형 냉동탑차,1330,900.0,2230.0,2024년도 전기자동차 계룡시 모델별 보조금,2024,계룡시
화물(소형),일진정공,일진무시동전기냉동탑차(149.9km),916,749.0,1665.0,2024년도 전기자동차 계룡시 모델별 보조금,2024,계룡시
화물(소형),일진정공,일진무시동전기냉동탑차(186.1km),1169,900.0,2069.0,2024년도 전기자동차 계룡시 모델별 보조금,2024,계룡시
화물(소형),일진정공,일진무시동전기냉동탑차(봉고),1379,900.0,2279.0,2024년도 전기자동차 계룡시 모델별 보조금,2024,계룡시
화물(소형),일진정공,일진무시동전기냉동탑차(포터),1363,900.0,2263.0,2024년도 전기자동차 계룡시 모델별 보조금,2024,계룡시
화물(소형),루트17,다니고C(0.8톤 전기트럭),1068,797.0,1865.0,2024년도 전기자동차 계룡시 모델별 보조금,2024,계룡시
화물(소형),루트17,다니고C2(0.8톤 전기트럭),268,219.0,487.0,2024년도 전기자동차 계룡시 모델별 보조금,2024,계룡시
화물(소형),루트17,다니고R(전기냉동탑차),1224,900.0,2124.0,2024년도 전기자동차 계룡시 모델별 보조금,2024,계룡시
화물(소형),루트17,다니고R2(무시동 전기냉동탑차),1123,863.0,1986.0,2024년도 전기자동차 계룡시 모델별 보조금,2024,계룡시
화물(소형),루트17,e-TOVI,464,378.0,842.0,2024년도 전기자동차 계룡시 모델별 보조금,2024,계룡시
화물(소형),이브이케이엠씨,MASADA 픽업,295,241.0,536.0,2024년도 전기자동차 계룡시 모델별 보조금,2024,계룡시
화물(소형),이브이케이엠씨,MASADA 3세대 2밴,274,224.0,498.0,2024년도 전기자동차 계룡시 모델별 보조금,2024,계룡시
화물(소형),이브이케이엠씨,MASADA 3세대 4밴,246,201.0,447.0,2024년도 전기자동차 계룡시 모델별 보조금,2024,계룡시
화물(소형),이브이케이엠씨,MASADA 2밴,299,244.0,543.0,2024년도 전기자동차 계룡시 모델별 보조금,2024,계룡시
화물(소형),이브이케이엠씨,MASADA 4밴,269,220.0,489.0,2024년도 전기자동차 계룡시 모델별 보조금,2024,계룡시
화물(소형),이브이케이엠씨,EC35 2밴,194,158.0,352.0,2024년도 전기자동차 계룡시 모델별 보조금,2024,계룡시
화물(소형),제이스모빌리티,이티밴,405,331.0,736.0,2024년도 전기자동차 계룡시 모델별 보조금,2024,계룡시
화물(소형),제이스모빌리티,이티4밴,364,297.0,661.0,2024년도 전기자동차 계룡시 모델별 보조금,2024,계룡시
화물(소형),제이스모빌리티,이티밴 미니 2인승,412,337.0,749.0,2024년도 전기자동차 계룡시 모델별 보조금,2024,계룡시
화물(소형),제이스모빌리티,이티밴 미니 4인승,412,337.0,749.0,2024년도 전기자동차 계룡시 모델별 보조금,2024,계룡시
화물(소형),제이스모빌리티,이티밴 프로 2인승,412,337.0,749.0,2024년도 전기자동차 계룡시 모델별 보조금,2024,계룡시
화물(소형),제이스모빌리티,이티밴 프로 4인승,412,337.0,749.0,2024년도 전기자동차 계룡시 모델별 보조금,2024,계룡시
화물(소형),오텍,오텍 무시동 전기 냉동탑차(봉고),1118,900.0,2018.0,2024년도 전기자동차 계룡시 모델별 보조금,2024,계룡시
화물(소형),이엔플러스,이엔1톤롱바디카고,850,695.0,1545.0,2024년도 전기자동차 계룡시 모델별 보조금,2024,계룡시
화물(소형),이엔플러스,이엔플러스EV1톤롱바디트럭,895,732.0,1627.0,2024년도 전기자동차 계룡시 모델별 보조금,2024,계룡시
화물(소형),GS글로벌,T4K,462,378.0,840.0,2024년도 전기자동차 계룡시 모델별 보조금,2024,계룡시
화물(소형),GS글로벌,T4K 냉동탑차,711,581.0,1292.0,2024년도 전기자동차 계룡시 모델별 보조금,2024,계룡시
화물(소형),에스에스라이트,젤라,336,274.0,610.0,2024년도 전기자동차 계룡시 모델별 보조금,2024,계룡시
화물(소형),에스에스라이트,젤라 P200,478,391.0,869.0,2024년도 전기자동차 계룡시 모델별 보조금,2024,계룡시
화물(소형),한국쓰리축,한국쓰리축1톤롱바디EV트럭(봉고),837,684.0,1521.0,2024년도 전기자동차 계룡시 모델별 보조금,2024,계룡시
화물(소형),한국쓰리축,한국쓰리축1톤롱바디EV트럭(포터),855,699.0,1554.0,2024년도 전기자동차 계룡시 모델별 보조금,2024,계룡시
화물(소형),모빌리티네트웍스,SE-A2밴,333,272.0,605.0,2024년도 전기자동차 계룡시 모델별 보조금,2024,계룡시
화물(소형),피닉스코리아,썬라이즈-T01,412,337.0,749.0,2024년도 전기자동차 계룡시 모델별 보조금,2024,계룡시
화물(소형),케이지모빌리티,토레스 EVX VAN 20인치,392,421.0,813.0,2024년도 전기자동차 계룡시 모델별 보조금,2024,계룡시
화물(소형),케이지모빌리티,토레스 EVX VAN 18인치,394,423.0,817.0,2024년도 전기자동차 계룡시 모델별 보조금,2024,계룡시
화물(소형),한국상용트럭,한국상용1톤롱바디EV카고트럭,818,669.0,1487.0,2024년도 전기자동차 계룡시 모델별 보조금,2024,계룡시
화물(소형),한국상용트럭,한국상용0.9톤롱바디EV내장탑트럭,593,485.0,1078.0,2024년도 전기자동차 계룡시 모델별 보조금,2024,계룡시
화물(소형),센트로에이케이,E-CV1,282,230.0,512.0,2024년도 전기자동차 계룡시 모델별 보조금,2024,계룡시
화물(소형),파츠몰에이투지,SW40,412,337.0,749.0,2024년도 전기자동차 계룡시 모델별 보조금,2024,계룡시
화물(소형),이브이앤솔루션,STEGO-Z,540,441.0,981.0,2024년도 전기자동차 계룡시 모델별 보조금,2024,계룡시
화물(초소형),마스타전기차,MASTA VAN,400,240.0,640.0,2024년도 전기자동차 당진시 모델별 보조금,2024,당진시
화물(초소형),마스타전기차,MASTA HIM,400,240.0,640.0,2024년도 전기자동차 당진시 모델별 보조금,2024,당진시
화물(초소형),디피코,포트로-탑,400,240.0,640.0,2024년도 전기자동차 당진시 모델별 보조금,2024,당진시
화물(초소형),디피코,포트로-픽업,400,240.0,640.0,2024년도 전기자동차 당진시 모델별 보조금,2024,당진시
화물(초소형),디피코,포트로-탑S,400,240.0,640.0,2024년도 전기자동차 당진시 모델별 보조금,2024,당진시
화물(초소형),디피코,포트로-픽업S,400,240.0,640.0,2024년도 전기자동차 당진시 모델별 보조금,2024,당진시
화물(경형),디피코,포트로350L-탑,788,571.0,1359.0,2024년도 전기자동차 당진시 모델별 보조금,2024,당진시
화물(경형),디피코,포트로350L-픽업,788,571.0,1359.0,2024년도 전기자동차 당진시 모델별 보조금,2024,당진시
화물(소형),파워프라자,봉고3ev PEACE,554,453.0,1007.0,2024년도 전기자동차 당진시 모델별 보조금,2024,당진시
화물(소형),파워프라자,봉고3ev PEACE 더블캡,481,393.0,874.0,2024년도 전기자동차 당진시 모델별 보조금,2024,당진시
화물(소형),현대자동차,포터Ⅱ 일렉트릭(23MY),1090,859.0,1949.0,2024년도 전기자동차 당진시 모델별 보조금,2024,당진시
화물(소형),현대자동차,포터Ⅱ 일렉트릭(24MY),1090,859.0,1949.0,2024년도 전기자동차 당진시 모델별 보조금,2024,당진시
화물(소형),현대자동차,ST1 기본형 카고 17인치,1100,900.0,2000.0,2024년도 전기자동차 당진시 모델별 보조금,2024,당진시
화물(소형),현대자동차,ST1 기본형 카고 냉동 17인치,1450,900.0,2350.0,2024년도 전기자동차 당진시 모델별 보조금,2024,당진시
화물(소형),기아,봉고 전기차,1130,859.0,1989.0,2024년도 전기자동차 당진시 모델별 보조금,2024,당진시
화물(소형),기아,봉고 전기차 냉동탑차,1330,900.0,2230.0,2024년도 전기자동차 당진시 모델별 보조금,2024,당진시
화물(소형),기아,봉고 전기차 저상형 냉동탑차,1330,900.0,2230.0,2024년도 전기자동차 당진시 모델별 보조금,2024,당진시
화물(소형),일진정공,일진무시동전기냉동탑차(149.9km),916,749.0,1665.0,2024년도 전기자동차 당진시 모델별 보조금,2024,당진시
화물(소형),일진정공,일진무시동전기냉동탑차(186.1km),1169,900.0,2069.0,2024년도 전기자동차 당진시 모델별 보조금,2024,당진시
화물(소형),일진정공,일진무시동전기냉동탑차(봉고),1379,900.0,2279.0,2024년도 전기자동차 당진시 모델별 보조금,2024,당진시
화물(소형),일진정공,일진무시동전기냉동탑차(포터),1363,900.0,2263.0,2024년도 전기자동차 당진시 모델별 보조금,2024,당진시
화물(소형),루트17,다니고C(0.8톤 전기트럭),1068,797.0,1865.0,2024년도 전기자동차 당진시 모델별 보조금,2024,당진시
화물(소형),루트17,다니고C2(0.8톤 전기트럭),268,219.0,487.0,2024년도 전기자동차 당진시 모델별 보조금,2024,당진시
화물(소형),루트17,다니고R(전기냉동탑차),1224,900.0,2124.0,2024년도 전기자동차 당진시 모델별 보조금,2024,당진시
화물(소형),루트17,다니고R2(무시동 전기냉동탑차),1123,863.0,1986.0,2024년도 전기자동차 당진시 모델별 보조금,2024,당진시
화물(소형),루트17,e-TOVI,464,379.0,843.0,2024년도 전기자동차 당진시 모델별 보조금,2024,당진시
화물(소형),이브이케이엠씨,MASADA 픽업,295,241.0,536.0,2024년도 전기자동차 당진시 모델별 보조금,2024,당진시
화물(소형),이브이케이엠씨,MASADA 3세대 2밴,274,224.0,498.0,2024년도 전기자동차 당진시 모델별 보조금,2024,당진시
화물(소형),이브이케이엠씨,MASADA 3세대 4밴,246,201.0,447.0,2024년도 전기자동차 당진시 모델별 보조금,2024,당진시
화물(소형),이브이케이엠씨,MASADA 2밴,299,244.0,543.0,2024년도 전기자동차 당진시 모델별 보조금,2024,당진시
화물(소형),이브이케이엠씨,MASADA 4밴,269,220.0,489.0,2024년도 전기자동차 당진시 모델별 보조금,2024,당진시
화물(소형),이브이케이엠씨,EC35 2밴,194,158.0,352.0,2024년도 전기자동차 당진시 모델별 보조금,2024,당진시
화물(소형),제이스모빌리티,이티밴,405,331.0,736.0,2024년도 전기자동차 당진시 모델별 보조금,2024,당진시
화물(소형),제이스모빌리티,이티4밴,364,297.0,661.0,2024년도 전기자동차 당진시 모델별 보조금,2024,당진시
화물(소형),제이스모빌리티,이티밴 미니 2인승,412,337.0,749.0,2024년도 전기자동차 당진시 모델별 보조금,2024,당진시
화물(소형),제이스모빌리티,이티밴 미니 4인승,412,337.0,749.0,2024년도 전기자동차 당진시 모델별 보조금,2024,당진시
화물(소형),제이스모빌리티,이티밴 프로 2인승,412,337.0,749.0,2024년도 전기자동차 당진시 모델별 보조금,2024,당진시
화물(소형),제이스모빌리티,이티밴 프로 4인승,412,337.0,749.0,2024년도 전기자동차 당진시 모델별 보조금,2024,당진시
화물(소형),오텍,오텍 무시동 전기 냉동탑차(봉고),1118,900.0,2018.0,2024년도 전기자동차 당진시 모델별 보조금,2024,당진시
화물(소형),이엔플러스,이엔1톤롱바디카고,850,695.0,1545.0,2024년도 전기자동차 당진시 모델별 보조금,2024,당진시
화물(소형),이엔플러스,이엔플러스EV1톤롱바디트럭,895,732.0,1627.0,2024년도 전기자동차 당진시 모델별 보조금,2024,당진시
화물(소형),GS글로벌,T4K,462,378.0,840.0,2024년도 전기자동차 당진시 모델별 보조금,2024,당진시
화물(소형),GS글로벌,T4K 냉동탑차,711,581.0,1292.0,2024년도 전기자동차 당진시 모델별 보조금,2024,당진시
화물(소형),에스에스라이트,젤라,336,274.0,610.0,2024년도 전기자동차 당진시 모델별 보조금,2024,당진시
화물(소형),에스에스라이트,젤라 P200,478,391.0,869.0,2024년도 전기자동차 당진시 모델별 보조금,2024,당진시
화물(소형),한국쓰리축,한국쓰리축1톤롱바디EV트럭(봉고),837,684.0,1521.0,2024년도 전기자동차 당진시 모델별 보조금,2024,당진시
화물(소형),한국쓰리축,한국쓰리축1톤롱바디EV트럭(포터),855,699.0,1554.0,2024년도 전기자동차 당진시 모델별 보조금,2024,당진시
화물(소형),모빌리티네트웍스,SE-A2밴,333,272.0,605.0,2024년도 전기자동차 당진시 모델별 보조금,2024,당진시
화물(소형),피닉스코리아,썬라이즈-T01,412,337.0,749.0,2024년도 전기자동차 당진시 모델별 보조금,2024,당진시
화물(소형),케이지모빌리티,토레스 EVX VAN 20인치,392,421.0,813.0,2024년도 전기자동차 당진시 모델별 보조금,2024,당진시
화물(소형),케이지모빌리티,토레스 EVX VAN 18인치,394,423.0,817.0,2024년도 전기자동차 당진시 모델별 보조금,2024,당진시
화물(소형),한국상용트럭,한국상용1톤롱바디EV카고트럭,818,669.0,1487.0,2024년도 전기자동차 당진시 모델별 보조금,2024,당진시
화물(소형),한국상용트럭,한국상용0.9톤롱바디EV내장탑트럭,593,485.0,1078.0,2024년도 전기자동차 당진시 모델별 보조금,2024,당진시
화물(초소형),마스타전기차,MASTA VAN,400,240.0,640.0,2024년도 전기자동차 금산군 모델별 보조금,2024,금산군
화물(초소형),마스타전기차,MASTA HIM,400,240.0,640.0,2024년도 전기자동차 금산군 모델별 보조금,2024,금산군
화물(초소형),디피코,포트로-탑,400,240.0,640.0,2024년도 전기자동차 금산군 모델별 보조금,2024,금산군
화물(초소형),디피코,포트로-픽업,400,240.0,640.0,2024년도 전기자동차 금산군 모델별 보조금,2024,금산군
화물(초소형),디피코,포트로-탑S,400,240.0,640.0,2024년도 전기자동차 금산군 모델별 보조금,2024,금산군
화물(초소형),디피코,포트로-픽업S,400,240.0,640.0,2024년도 전기자동차 금산군 모델별 보조금,2024,금산군
화물(초소형),마이브,베프,400,240.0,640.0,2024년도 전기자동차 금산군 모델별 보조금,2024,금산군
화물(경형),디피코,포트로350L-탑,788,571.0,1359.0,2024년도 전기자동차 금산군 모델별 보조금,2024,금산군
화물(경형),디피코,포트로350L-픽업,788,571.0,1359.0,2024년도 전기자동차 금산군 모델별 보조금,2024,금산군
화물(소형),파워프라자,봉고3ev PEACE,554,453.0,1007.0,2024년도 전기자동차 금산군 모델별 보조금,2024,금산군
화물(소형),파워프라자,봉고3ev PEACE 더블캡,481,393.0,874.0,2024년도 전기자동차 금산군 모델별 보조금,2024,금산군
화물(소형),현대자동차,포터Ⅱ 일렉트릭(23MY),1090,859.0,1949.0,2024년도 전기자동차 금산군 모델별 보조금,2024,금산군
화물(소형),현대자동차,포터Ⅱ 일렉트릭(24MY),1090,859.0,1949.0,2024년도 전기자동차 금산군 모델별 보조금,2024,금산군
화물(소형),현대자동차,ST1 기본형 카고 17인치,1100,900.0,2000.0,2024년도 전기자동차 금산군 모델별 보조금,2024,금산군
화물(소형),현대자동차,ST1 기본형 카고 냉동 17인치,1450,900.0,2350.0,2024년도 전기자동차 금산군 모델별 보조금,2024,금산군
화물(소형),기아,봉고 전기차,1130,859.0,1989.0,2024년도 전기자동차 금산군 모델별 보조금,2024,금산군
화물(소형),기아,봉고 전기차 냉동탑차,1330,900.0,2230.0,2024년도 전기자동차 금산군 모델별 보조금,2024,금산군
화물(소형),기아,봉고 전기차 저상형 냉동탑차,1330,900.0,2230.0,2024년도 전기자동차 금산군 모델별 보조금,2024,금산군
화물(소형),일진정공,일진무시동전기냉동탑차(149.9km),916,749.0,1665.0,2024년도 전기자동차 금산군 모델별 보조금,2024,금산군
화물(소형),일진정공,일진무시동전기냉동탑차(186.1km),1169,900.0,2069.0,2024년도 전기자동차 금산군 모델별 보조금,2024,금산군
화물(소형),일진정공,일진무시동전기냉동탑차(봉고),1379,900.0,2279.0,2024년도 전기자동차 금산군 모델별 보조금,2024,금산군
화물(소형),일진정공,일진무시동전기냉동탑차(포터),1363,900.0,2263.0,2024년도 전기자동차 금산군 모델별 보조금,2024,금산군
화물(소형),루트17,다니고C(0.8톤 전기트럭),1068,797.0,1865.0,2024년도 전기자동차 금산군 모델별 보조금,2024,금산군
화물(소형),루트17,다니고C2(0.8톤 전기트럭),268,219.0,487.0,2024년도 전기자동차 금산군 모델별 보조금,2024,금산군
화물(소형),루트17,다니고R(전기냉동탑차),1224,900.0,2124.0,2024년도 전기자동차 금산군 모델별 보조금,2024,금산군
화물(소형),루트17,다니고R2(무시동 전기냉동탑차),1123,863.0,1986.0,2024년도 전기자동차 금산군 모델별 보조금,2024,금산군
화물(소형),루트17,e-TOVI,464,379.0,843.0,2024년도 전기자동차 금산군 모델별 보조금,2024,금산군
화물(소형),이브이케이엠씨,MASADA 픽업,295,241.0,536.0,2024년도 전기자동차 금산군 모델별 보조금,2024,금산군
화물(소형),이브이케이엠씨,MASADA 3세대 2밴,274,224.0,498.0,2024년도 전기자동차 금산군 모델별 보조금,2024,금산군
화물(소형),이브이케이엠씨,MASADA 3세대 4밴,246,201.0,447.0,2024년도 전기자동차 금산군 모델별 보조금,2024,금산군
화물(소형),이브이케이엠씨,MASADA 2밴,299,244.0,543.0,2024년도 전기자동차 금산군 모델별 보조금,2024,금산군
화물(소형),이브이케이엠씨,MASADA 4밴,269,220.0,489.0,2024년도 전기자동차 금산군 모델별 보조금,2024,금산군
화물(소형),이브이케이엠씨,EC35 2밴,194,158.0,352.0,2024년도 전기자동차 금산군 모델별 보조금,2024,금산군
화물(소형),제이스모빌리티,이티밴,405,331.0,736.0,2024년도 전기자동차 금산군 모델별 보조금,2024,금산군
화물(소형),제이스모빌리티,이티4밴,364,297.0,661.0,2024년도 전기자동차 금산군 모델별 보조금,2024,금산군
화물(소형),제이스모빌리티,이티밴 미니 2인승,412,337.0,749.0,2024년도 전기자동차 금산군 모델별 보조금,2024,금산군
화물(소형),제이스모빌리티,이티밴 미니 4인승,412,337.0,749.0,2024년도 전기자동차 금산군 모델별 보조금,2024,금산군
화물(소형),제이스모빌리티,이티밴 프로 2인승,412,337.0,749.0,2024년도 전기자동차 금산군 모델별 보조금,2024,금산군
화물(소형),제이스모빌리티,이티밴 프로 4인승,412,337.0,749.0,2024년도 전기자동차 금산군 모델별 보조금,2024,금산군
화물(소형),오텍,오텍 무시동 전기 냉동탑차(봉고),1118,900.0,2018.0,2024년도 전기자동차 금산군 모델별 보조금,2024,금산군
화물(소형),이엔플러스,이엔1톤롱바디카고,850,695.0,1545.0,2024년도 전기자동차 금산군 모델별 보조금,2024,금산군
화물(소형),이엔플러스,이엔플러스EV1톤롱바디트럭,895,732.0,1627.0,2024년도 전기자동차 금산군 모델별 보조금,2024,금산군
화물(소형),GS글로벌,T4K,462,378.0,840.0,2024년도 전기자동차 금산군 모델별 보조금,2024,금산군
화물(소형),GS글로벌,T4K 냉동탑차,711,581.0,1292.0,2024년도 전기자동차 금산군 모델별 보조금,2024,금산군
화물(소형),에스에스라이트,젤라,336,274.0,610.0,2024년도 전기자동차 금산군 모델별 보조금,2024,금산군
화물(소형),에스에스라이트,젤라 P200,478,391.0,869.0,2024년도 전기자동차 금산군 모델별 보조금,2024,금산군
화물(소형),한국쓰리축,한국쓰리축1톤롱바디EV트럭(봉고),837,684.0,1521.0,2024년도 전기자동차 금산군 모델별 보조금,2024,금산군
화물(소형),한국쓰리축,한국쓰리축1톤롱바디EV트럭(포터),855,699.0,1554.0,2024년도 전기자동차 금산군 모델별 보조금,2024,금산군
화물(소형),모빌리티네트웍스,SE-A2밴,333,272.0,605.0,2024년도 전기자동차 금산군 모델별 보조금,2024,금산군
화물(소형),피닉스코리아,썬라이즈-T01,412,337.0,749.0,2024년도 전기자동차 금산군 모델별 보조금,2024,금산군
화물(소형),케이지모빌리티,토레스 EVX VAN 20인치,392,421.0,813.0,2024년도 전기자동차 금산군 모델별 보조금,2024,금산군
화물(소형),케이지모빌리티,토레스 EVX VAN 18인치,394,423.0,817.0,2024년도 전기자동차 금산군 모델별 보조금,2024,금산군
화물(소형),한국상용트럭,한국상용1톤롱바디EV카고트럭,818,669.0,1487.0,2024년도 전기자동차 금산군 모델별 보조금,2024,금산군
화물(소형),한국상용트럭,한국상용0.9톤롱바디EV내장탑트럭,593,485.0,1078.0,2024년도 전기자동차 금산군 모델별 보조금,2024,금산군
화물(소형),센트로에이케이,E-CV1,282,230.0,512.0,2024년도 전기자동차 금산군 모델별 보조금,2024,금산군
화물(소형),파츠몰에이투지,SW40,412,337.0,749.0,2024년도 전기자동차 금산군 모델별 보조금,2024,금산군
화물(소형),이브이앤솔루션,STEGO-Z,540,441.0,981.0,2024년도 전기자동차 금산군 모델별 보조금,2024,금산군
화물(초소형),마스타전기차,MASTA VAN,400,240.0,640.0,2024년도 전기자동차 부여군 모델별 보조금,2024,부여군
화물(초소형),마스타전기차,MASTA HIM,400,87.0,487.0,2024년도 전기자동차 부여군 모델별 보조금,2024,부여군
화물(초소형),디피코,포트로-탑,400,240.0,640.0,2024년도 전기자동차 부여군 모델별 보조금,2024,부여군
화물(초소형),디피코,포트로-픽업,400,240.0,640.0,2024년도 전기자동차 부여군 모델별 보조금,2024,부여군
화물(초소형),디피코,포트로-탑S,400,240.0,640.0,2024년도 전기자동차 부여군 모델별 보조금,2024,부여군
화물(초소형),디피코,포트로-픽업S,400,240.0,640.0,2024년도 전기자동차 부여군 모델별 보조금,2024,부여군
화물(초소형),마이브,베프,400,240.0,640.0,2024년도 전기자동차 부여군 모델별 보조금,2024,부여군
화물(경형),디피코,포트로350L-탑,788,571.0,1359.0,2024년도 전기자동차 부여군 모델별 보조금,2024,부여군
화물(경형),디피코,포트로350L-픽업,788,571.0,1359.0,2024년도 전기자동차 부여군 모델별 보조금,2024,부여군
화물(소형),파워프라자,봉고3ev PEACE,554,453.0,1007.0,2024년도 전기자동차 부여군 모델별 보조금,2024,부여군
화물(소형),파워프라자,봉고3ev PEACE 더블캡,481,393.0,874.0,2024년도 전기자동차 부여군 모델별 보조금,2024,부여군
화물(소형),현대자동차,포터Ⅱ 일렉트릭(23MY),1090,859.0,1949.0,2024년도 전기자동차 부여군 모델별 보조금,2024,부여군
화물(소형),현대자동차,포터Ⅱ 일렉트릭(24MY),1090,859.0,1949.0,2024년도 전기자동차 부여군 모델별 보조금,2024,부여군
화물(소형),현대자동차,ST1 기본형 카고 17인치,1100,900.0,2000.0,2024년도 전기자동차 부여군 모델별 보조금,2024,부여군
화물(소형),현대자동차,ST1 기본형 카고 냉동 17인치,1450,900.0,2350.0,2024년도 전기자동차 부여군 모델별 보조금,2024,부여군
화물(소형),현대자동차,ST1 기본형 하이탑 17인치,1100,900.0,2000.0,2024년도 전기자동차 부여군 모델별 보조금,2024,부여군
화물(소형),기아,봉고 전기차,1130,859.0,1989.0,2024년도 전기자동차 부여군 모델별 보조금,2024,부여군
화물(소형),기아,봉고 전기차 냉동탑차,1330,900.0,2230.0,2024년도 전기자동차 부여군 모델별 보조금,2024,부여군
화물(소형),기아,봉고 전기차 저상형 냉동탑차,1330,900.0,2230.0,2024년도 전기자동차 부여군 모델별 보조금,2024,부여군
화물(소형),일진정공,일진무시동전기냉동탑차(149.9km),916,749.0,1665.0,2024년도 전기자동차 부여군 모델별 보조금,2024,부여군
화물(소형),일진정공,일진무시동전기냉동탑차(186.1km),1169,900.0,2069.0,2024년도 전기자동차 부여군 모델별 보조금,2024,부여군
화물(소형),일진정공,일진무시동전기냉동탑차(봉고),1379,900.0,2279.0,2024년도 전기자동차 부여군 모델별 보조금,2024,부여군
화물(소형),일진정공,일진무시동전기냉동탑차(포터),1363,900.0,2263.0,2024년도 전기자동차 부여군 모델별 보조금,2024,부여군
화물(소형),루트17,다니고C(0.8톤 전기트럭),1068,797.0,1865.0,2024년도 전기자동차 부여군 모델별 보조금,2024,부여군
화물(소형),루트17,다니고C2(0.8톤 전기트럭),268,219.0,487.0,2024년도 전기자동차 부여군 모델별 보조금,2024,부여군
화물(소형),루트17,다니고R(전기냉동탑차),1224,900.0,2124.0,2024년도 전기자동차 부여군 모델별 보조금,2024,부여군
화물(소형),루트17,다니고R2(무시동 전기냉동탑차),1123,863.0,1986.0,2024년도 전기자동차 부여군 모델별 보조금,2024,부여군
화물(소형),루트17,e-TOVI,464,379.0,843.0,2024년도 전기자동차 부여군 모델별 보조금,2024,부여군
화물(소형),이브이케이엠씨,MASADA 픽업,295,241.0,536.0,2024년도 전기자동차 부여군 모델별 보조금,2024,부여군
화물(소형),이브이케이엠씨,MASADA 3세대 2밴,274,224.0,498.0,2024년도 전기자동차 부여군 모델별 보조금,2024,부여군
화물(소형),이브이케이엠씨,MASADA 3세대 4밴,246,201.0,447.0,2024년도 전기자동차 부여군 모델별 보조금,2024,부여군
화물(소형),이브이케이엠씨,MASADA 2밴,299,244.0,543.0,2024년도 전기자동차 부여군 모델별 보조금,2024,부여군
화물(소형),이브이케이엠씨,MASADA 4밴,269,220.0,489.0,2024년도 전기자동차 부여군 모델별 보조금,2024,부여군
화물(소형),이브이케이엠씨,EC35 2밴,194,158.0,352.0,2024년도 전기자동차 부여군 모델별 보조금,2024,부여군
화물(소형),제이스모빌리티,이티밴,405,331.0,736.0,2024년도 전기자동차 부여군 모델별 보조금,2024,부여군
화물(소형),제이스모빌리티,이티4밴,364,297.0,661.0,2024년도 전기자동차 부여군 모델별 보조금,2024,부여군
화물(소형),제이스모빌리티,이티밴 미니 2인승,412,337.0,749.0,2024년도 전기자동차 부여군 모델별 보조금,2024,부여군
화물(소형),제이스모빌리티,이티밴 미니 4인승,412,337.0,749.0,2024년도 전기자동차 부여군 모델별 보조금,2024,부여군
화물(소형),제이스모빌리티,이티밴 프로 2인승,412,337.0,749.0,2024년도 전기자동차 부여군 모델별 보조금,2024,부여군
화물(소형),제이스모빌리티,이티밴 프로 4인승,412,337.0,749.0,2024년도 전기자동차 부여군 모델별 보조금,2024,부여군
화물(소형),오텍,오텍 무시동 전기 냉동탑차(봉고),1118,900.0,2018.0,2024년도 전기자동차 부여군 모델별 보조금,2024,부여군
화물(소형),이엔플러스,이엔1톤롱바디카고,850,695.0,1545.0,2024년도 전기자동차 부여군 모델별 보조금,2024,부여군
화물(소형),이엔플러스,이엔플러스EV1톤롱바디트럭,895,732.0,1627.0,2024년도 전기자동차 부여군 모델별 보조금,2024,부여군
화물(소형),GS글로벌,T4K,462,378.0,840.0,2024년도 전기자동차 부여군 모델별 보조금,2024,부여군
화물(소형),GS글로벌,T4K 냉동탑차,711,581.0,1292.0,2024년도 전기자동차 부여군 모델별 보조금,2024,부여군
화물(소형),에스에스라이트,젤라,336,274.0,610.0,2024년도 전기자동차 부여군 모델별 보조금,2024,부여군
화물(소형),에스에스라이트,젤라 P200,478,391.0,869.0,2024년도 전기자동차 부여군 모델별 보조금,2024,부여군
화물(소형),한국쓰리축,한국쓰리축1톤롱바디EV트럭(봉고),837,684.0,1521.0,2024년도 전기자동차 부여군 모델별 보조금,2024,부여군
화물(소형),한국쓰리축,한국쓰리축1톤롱바디EV트럭(포터),855,699.0,1554.0,2024년도 전기자동차 부여군 모델별 보조금,2024,부여군
화물(소형),모빌리티네트웍스,SE-A2밴,333,272.0,605.0,2024년도 전기자동차 부여군 모델별 보조금,2024,부여군
화물(소형),피닉스코리아,썬라이즈-T01,412,337.0,749.0,2024년도 전기자동차 부여군 모델별 보조금,2024,부여군
화물(소형),케이지모빌리티,토레스 EVX VAN 20인치,392,423.0,815.0,2024년도 전기자동차 부여군 모델별 보조금,2024,부여군
화물(소형),케이지모빌리티,토레스 EVX VAN 18인치,394,421.0,815.0,2024년도 전기자동차 부여군 모델별 보조금,2024,부여군
화물(소형),한국상용트럭,한국상용1톤롱바디EV카고트럭,818,669.0,1487.0,2024년도 전기자동차 부여군 모델별 보조금,2024,부여군
화물(소형),한국상용트럭,한국상용0.9톤롱바디EV내장탑트럭,593,485.0,1078.0,2024년도 전기자동차 부여군 모델별 보조금,2024,부여군
화물(소형),센트로에이케이,E-CV1,282,230.0,512.0,2024년도 전기자동차 부여군 모델별 보조금,2024,부여군
화물(소형),파츠몰에이투지,SW40,412,337.0,749.0,2024년도 전기자동차 부여군 모델별 보조금,2024,부여군
화물(소형),이브이앤솔루션,STEGO-Z,540,441.0,981.0,2024년도 전기자동차 부여군 모델별 보조금,2024,부여군
화물(초소형),마스타전기차,MASTA VAN,400,240.0,640.0,2024년도 전기자동차 서천군 모델별 보조금,2024,서천군
화물(초소형),마스타전기차,MASTA HIM,400,240.0,640.0,2024년도 전기자동차 서천군 모델별 보조금,2024,서천군
화물(초소형),디피코,포트로-탑,400,240.0,640.0,2024년도 전기자동차 서천군 모델별 보조금,2024,서천군
화물(초소형),디피코,포트로-픽업,400,240.0,640.0,2024년도 전기자동차 서천군 모델별 보조금,2024,서천군
화물(초소형),디피코,포트로-탑S,400,240.0,640.0,2024년도 전기자동차 서천군 모델별 보조금,2024,서천군
화물(초소형),디피코,포트로-픽업S,400,240.0,640.0,2024년도 전기자동차 서천군 모델별 보조금,2024,서천군
화물(초소형),마이브,베프,400,240.0,640.0,2024년도 전기자동차 서천군 모델별 보조금,2024,서천군
화물(경형),디피코,포트로350L-탑,788,571.0,1359.0,2024년도 전기자동차 서천군 모델별 보조금,2024,서천군
화물(경형),디피코,포트로350L-픽업,788,571.0,1359.0,2024년도 전기자동차 서천군 모델별 보조금,2024,서천군
화물(소형),파워프라자,봉고3ev PEACE,554,453.0,1007.0,2024년도 전기자동차 서천군 모델별 보조금,2024,서천군
화물(소형),파워프라자,봉고3ev PEACE 더블캡,481,393.0,874.0,2024년도 전기자동차 서천군 모델별 보조금,2024,서천군
화물(소형),현대자동차,포터Ⅱ 일렉트릭(23MY),1090,859.0,1949.0,2024년도 전기자동차 서천군 모델별 보조금,2024,서천군
화물(소형),현대자동차,포터Ⅱ 일렉트릭(24MY),1090,859.0,1949.0,2024년도 전기자동차 서천군 모델별 보조금,2024,서천군
화물(소형),현대자동차,ST1 기본형 카고 17인치,1100,900.0,2000.0,2024년도 전기자동차 서천군 모델별 보조금,2024,서천군
화물(소형),현대자동차,ST1 기본형 카고 냉동 17인치,1450,900.0,2350.0,2024년도 전기자동차 서천군 모델별 보조금,2024,서천군
화물(소형),현대자동차,ST1 기본형 하이탑 17인치,1100,900.0,2000.0,2024년도 전기자동차 서천군 모델별 보조금,2024,서천군
화물(소형),기아,봉고 전기차,1130,859.0,1989.0,2024년도 전기자동차 서천군 모델별 보조금,2024,서천군
화물(소형),기아,봉고 전기차 냉동탑차,1330,900.0,2230.0,2024년도 전기자동차 서천군 모델별 보조금,2024,서천군
화물(소형),기아,봉고 전기차 저상형 냉동탑차,1330,900.0,2230.0,2024년도 전기자동차 서천군 모델별 보조금,2024,서천군
화물(소형),일진정공,일진무시동전기냉동탑차(149.9km),916,749.0,1665.0,2024년도 전기자동차 서천군 모델별 보조금,2024,서천군
화물(소형),일진정공,일진무시동전기냉동탑차(186.1km),1169,900.0,2069.0,2024년도 전기자동차 서천군 모델별 보조금,2024,서천군
화물(소형),일진정공,일진무시동전기냉동탑차(봉고),1379,900.0,2279.0,2024년도 전기자동차 서천군 모델별 보조금,2024,서천군
화물(소형),일진정공,일진무시동전기냉동탑차(포터),1363,900.0,2263.0,2024년도 전기자동차 서천군 모델별 보조금,2024,서천군
화물(소형),루트17,다니고C(0.8톤 전기트럭),1068,797.0,1865.0,2024년도 전기자동차 서천군 모델별 보조금,2024,서천군
화물(소형),루트17,다니고C2(0.8톤 전기트럭),268,219.0,487.0,2024년도 전기자동차 서천군 모델별 보조금,2024,서천군
화물(소형),루트17,다니고R(전기냉동탑차),1224,900.0,2124.0,2024년도 전기자동차 서천군 모델별 보조금,2024,서천군
화물(소형),루트17,다니고R2(무시동 전기냉동탑차),1123,863.0,1986.0,2024년도 전기자동차 서천군 모델별 보조금,2024,서천군
화물(소형),루트17,e-TOVI,464,379.0,843.0,2024년도 전기자동차 서천군 모델별 보조금,2024,서천군
화물(소형),이브이케이엠씨,MASADA 픽업,295,241.0,536.0,2024년도 전기자동차 서천군 모델별 보조금,2024,서천군
화물(소형),이브이케이엠씨,MASADA 3세대 2밴,274,224.0,498.0,2024년도 전기자동차 서천군 모델별 보조금,2024,서천군
화물(소형),이브이케이엠씨,MASADA 3세대 4밴,246,201.0,447.0,2024년도 전기자동차 서천군 모델별 보조금,2024,서천군
화물(소형),이브이케이엠씨,MASADA 2밴,299,244.0,543.0,2024년도 전기자동차 서천군 모델별 보조금,2024,서천군
화물(소형),이브이케이엠씨,MASADA 4밴,269,220.0,489.0,2024년도 전기자동차 서천군 모델별 보조금,2024,서천군
화물(소형),이브이케이엠씨,EC35 2밴,194,158.0,352.0,2024년도 전기자동차 서천군 모델별 보조금,2024,서천군
화물(소형),제이스모빌리티,이티밴,405,331.0,736.0,2024년도 전기자동차 서천군 모델별 보조금,2024,서천군
화물(소형),제이스모빌리티,이티4밴,364,297.0,661.0,2024년도 전기자동차 서천군 모델별 보조금,2024,서천군
화물(소형),제이스모빌리티,이티밴 미니 2인승,412,337.0,749.0,2024년도 전기자동차 서천군 모델별 보조금,2024,서천군
화물(소형),제이스모빌리티,이티밴 미니 4인승,412,337.0,749.0,2024년도 전기자동차 서천군 모델별 보조금,2024,서천군
화물(소형),제이스모빌리티,이티밴 프로 2인승,412,337.0,749.0,2024년도 전기자동차 서천군 모델별 보조금,2024,서천군
화물(소형),제이스모빌리티,이티밴 프로 4인승,412,337.0,749.0,2024년도 전기자동차 서천군 모델별 보조금,2024,서천군
화물(소형),오텍,오텍 무시동 전기 냉동탑차(봉고),1118,900.0,2018.0,2024년도 전기자동차 서천군 모델별 보조금,2024,서천군
화물(소형),이엔플러스,이엔1톤롱바디카고,850,695.0,1545.0,2024년도 전기자동차 서천군 모델별 보조금,2024,서천군
화물(소형),이엔플러스,이엔플러스EV1톤롱바디트럭,895,732.0,1627.0,2024년도 전기자동차 서천군 모델별 보조금,2024,서천군
화물(소형),GS글로벌,T4K,462,378.0,840.0,2024년도 전기자동차 서천군 모델별 보조금,2024,서천군
화물(소형),GS글로벌,T4K 냉동탑차,711,581.0,1292.0,2024년도 전기자동차 서천군 모델별 보조금,2024,서천군
화물(소형),에스에스라이트,젤라,336,274.0,610.0,2024년도 전기자동차 서천군 모델별 보조금,2024,서천군
화물(소형),에스에스라이트,젤라 P200,478,391.0,869.0,2024년도 전기자동차 서천군 모델별 보조금,2024,서천군
화물(소형),한국쓰리축,한국쓰리축1톤롱바디EV트럭(봉고),837,684.0,1521.0,2024년도 전기자동차 서천군 모델별 보조금,2024,서천군
화물(소형),한국쓰리축,한국쓰리축1톤롱바디EV트럭(포터),855,699.0,1554.0,2024년도 전기자동차 서천군 모델별 보조금,2024,서천군
화물(소형),모빌리티네트웍스,SE-A2밴,333,272.0,605.0,2024년도 전기자동차 서천군 모델별 보조금,2024,서천군
화물(소형),피닉스코리아,썬라이즈-T01,412,337.0,749.0,2024년도 전기자동차 서천군 모델별 보조금,2024,서천군
화물(소형),케이지모빌리티,토레스 EVX VAN 20인치,392,421.0,813.0,2024년도 전기자동차 서천군 모델별 보조금,2024,서천군
화물(소형),케이지모빌리티,토레스 EVX VAN 18인치,394,423.0,817.0,2024년도 전기자동차 서천군 모델별 보조금,2024,서천군
화물(소형),한국상용트럭,한국상용1톤롱바디EV카고트럭,818,669.0,1487.0,2024년도 전기자동차 서천군 모델별 보조금,2024,서천군
화물(소형),한국상용트럭,한국상용0.9톤롱바디EV내장탑트럭,593,485.0,1078.0,2024년도 전기자동차 서천군 모델별 보조금,2024,서천군
화물(소형),센트로에이케이,E-CV1,282,230.0,512.0,2024년도 전기자동차 서천군 모델별 보조금,2024,서천군
화물(소형),파츠몰에이투지,SW40,412,337.0,749.0,2024년도 전기자동차 서천군 모델별 보조금,2024,서천군
화물(소형),이브이앤솔루션,STEGO-Z,540,441.0,981.0,2024년도 전기자동차 서천군 모델별 보조금,2024,서천군
화물(초소형),마스타전기차,MASTA VAN,400,240.0,640.0,2024년도 전기자동차 청양군 모델별 보조금,2024,청양군
화물(초소형),마스타전기차,MASTA HIM,400,240.0,640.0,2024년도 전기자동차 청양군 모델별 보조금,2024,청양군
화물(초소형),디피코,포트로-탑,400,240.0,640.0,2024년도 전기자동차 청양군 모델별 보조금,2024,청양군
화물(초소형),디피코,포트로-픽업,400,240.0,640.0,2024년도 전기자동차 청양군 모델별 보조금,2024,청양군
화물(초소형),디피코,포트로-탑S,400,240.0,640.0,2024년도 전기자동차 청양군 모델별 보조금,2024,청양군
화물(초소형),디피코,포트로-픽업S,400,240.0,640.0,2024년도 전기자동차 청양군 모델별 보조금,2024,청양군
화물(초소형),마이브,베프,400,240.0,640.0,2024년도 전기자동차 청양군 모델별 보조금,2024,청양군
화물(경형),디피코,포트로350L-탑,788,571.0,1359.0,2024년도 전기자동차 청양군 모델별 보조금,2024,청양군
화물(경형),디피코,포트로350L-픽업,788,571.0,1359.0,2024년도 전기자동차 청양군 모델별 보조금,2024,청양군
화물(소형),파워프라자,봉고3ev PEACE,554,453.0,1007.0,2024년도 전기자동차 청양군 모델별 보조금,2024,청양군
화물(소형),파워프라자,봉고3ev PEACE 더블캡,481,393.0,874.0,2024년도 전기자동차 청양군 모델별 보조금,2024,청양군
화물(소형),현대자동차,포터Ⅱ 일렉트릭(23MY),1090,859.0,1949.0,2024년도 전기자동차 청양군 모델별 보조금,2024,청양군
화물(소형),현대자동차,포터Ⅱ 일렉트릭(24MY),1090,859.0,1949.0,2024년도 전기자동차 청양군 모델별 보조금,2024,청양군
화물(소형),현대자동차,ST1 기본형 카고 17인치,1100,900.0,2000.0,2024년도 전기자동차 청양군 모델별 보조금,2024,청양군
화물(소형),현대자동차,ST1 기본형 카고 냉동 17인치,1450,900.0,2350.0,2024년도 전기자동차 청양군 모델별 보조금,2024,청양군
화물(소형),현대자동차,ST1 기본형 하이탑 17인치,1100,900.0,2000.0,2024년도 전기자동차 청양군 모델별 보조금,2024,청양군
화물(소형),기아,봉고 전기차,1130,859.0,1989.0,2024년도 전기자동차 청양군 모델별 보조금,2024,청양군
화물(소형),기아,봉고 전기차 냉동탑차,1330,900.0,2230.0,2024년도 전기자동차 청양군 모델별 보조금,2024,청양군
화물(소형),기아,봉고 전기차 저상형 냉동탑차,1330,900.0,2230.0,2024년도 전기자동차 청양군 모델별 보조금,2024,청양군
화물(소형),일진정공,일진무시동전기냉동탑차(149.9km),916,749.0,1665.0,2024년도 전기자동차 청양군 모델별 보조금,2024,청양군
화물(소형),일진정공,일진무시동전기냉동탑차(186.1km),1169,900.0,2069.0,2024년도 전기자동차 청양군 모델별 보조금,2024,청양군
화물(소형),일진정공,일진무시동전기냉동탑차(봉고),1379,900.0,2279.0,2024년도 전기자동차 청양군 모델별 보조금,2024,청양군
화물(소형),일진정공,일진무시동전기냉동탑차(포터),1363,900.0,2263.0,2024년도 전기자동차 청양군 모델별 보조금,2024,청양군
화물(소형),루트17,다니고C(0.8톤 전기트럭),1068,797.0,1865.0,2024년도 전기자동차 청양군 모델별 보조금,2024,청양군
화물(소형),루트17,다니고C2(0.8톤 전기트럭),268,219.0,487.0,2024년도 전기자동차 청양군 모델별 보조금,2024,청양군
화물(소형),루트17,다니고R(전기냉동탑차),1224,900.0,2124.0,2024년도 전기자동차 청양군 모델별 보조금,2024,청양군
화물(소형),루트17,다니고R2(무시동 전기냉동탑차),1123,863.0,1986.0,2024년도 전기자동차 청양군 모델별 보조금,2024,청양군
화물(소형),루트17,e-TOVI,464,379.0,843.0,2024년도 전기자동차 청양군 모델별 보조금,2024,청양군
화물(소형),이브이케이엠씨,MASADA 픽업,295,241.0,536.0,2024년도 전기자동차 청양군 모델별 보조금,2024,청양군
화물(소형),이브이케이엠씨,MASADA 3세대 2밴,274,224.0,498.0,2024년도 전기자동차 청양군 모델별 보조금,2024,청양군
화물(소형),이브이케이엠씨,MASADA 3세대 4밴,246,201.0,447.0,2024년도 전기자동차 청양군 모델별 보조금,2024,청양군
화물(소형),이브이케이엠씨,MASADA 2밴,299,244.0,543.0,2024년도 전기자동차 청양군 모델별 보조금,2024,청양군
화물(소형),이브이케이엠씨,MASADA 4밴,269,220.0,489.0,2024년도 전기자동차 청양군 모델별 보조금,2024,청양군
화물(소형),이브이케이엠씨,EC35 2밴,194,158.0,352.0,2024년도 전기자동차 청양군 모델별 보조금,2024,청양군
화물(소형),제이스모빌리티,이티밴,405,331.0,736.0,2024년도 전기자동차 청양군 모델별 보조금,2024,청양군
화물(소형),제이스모빌리티,이티4밴,364,297.0,661.0,2024년도 전기자동차 청양군 모델별 보조금,2024,청양군
화물(소형),제이스모빌리티,이티밴 미니 2인승,412,337.0,749.0,2024년도 전기자동차 청양군 모델별 보조금,2024,청양군
화물(소형),제이스모빌리티,이티밴 미니 4인승,412,337.0,749.0,2024년도 전기자동차 청양군 모델별 보조금,2024,청양군
화물(소형),제이스모빌리티,이티밴 프로 2인승,412,337.0,749.0,2024년도 전기자동차 청양군 모델별 보조금,2024,청양군
화물(소형),제이스모빌리티,이티밴 프로 4인승,412,337.0,749.0,2024년도 전기자동차 청양군 모델별 보조금,2024,청양군
화물(소형),오텍,오텍 무시동 전기 냉동탑차(봉고),1118,900.0,2018.0,2024년도 전기자동차 청양군 모델별 보조금,2024,청양군
화물(소형),이엔플러스,이엔1톤롱바디카고,850,695.0,1545.0,2024년도 전기자동차 청양군 모델별 보조금,2024,청양군
화물(소형),이엔플러스,이엔플러스EV1톤롱바디트럭,895,732.0,1627.0,2024년도 전기자동차 청양군 모델별 보조금,2024,청양군
화물(소형),GS글로벌,T4K,462,378.0,840.0,2024년도 전기자동차 청양군 모델별 보조금,2024,청양군
화물(소형),GS글로벌,T4K 냉동탑차,711,581.0,1292.0,2024년도 전기자동차 청양군 모델별 보조금,2024,청양군
화물(소형),에스에스라이트,젤라,336,274.0,610.0,2024년도 전기자동차 청양군 모델별 보조금,2024,청양군
화물(소형),에스에스라이트,젤라 P200,478,391.0,869.0,2024년도 전기자동차 청양군 모델별 보조금,2024,청양군
화물(소형),한국쓰리축,한국쓰리축1톤롱바디EV트럭(봉고),837,684.0,1521.0,2024년도 전기자동차 청양군 모델별 보조금,2024,청양군
화물(소형),한국쓰리축,한국쓰리축1톤롱바디EV트럭(포터),855,699.0,1554.0,2024년도 전기자동차 청양군 모델별 보조금,2024,청양군
화물(소형),모빌리티네트웍스,SE-A2밴,333,272.0,605.0,2024년도 전기자동차 청양군 모델별 보조금,2024,청양군
화물(소형),피닉스코리아,썬라이즈-T01,412,337.0,749.0,2024년도 전기자동차 청양군 모델별 보조금,2024,청양군
화물(소형),케이지모빌리티,토레스 EVX VAN 20인치,392,423.0,815.0,2024년도 전기자동차 청양군 모델별 보조금,2024,청양군
화물(소형),케이지모빌리티,토레스 EVX VAN 18인치,394,421.0,815.0,2024년도 전기자동차 청양군 모델별 보조금,2024,청양군
화물(소형),한국상용트럭,한국상용1톤롱바디EV카고트럭,818,669.0,1487.0,2024년도 전기자동차 청양군 모델별 보조금,2024,청양군
화물(소형),한국상용트럭,한국상용0.9톤롱바디EV내장탑트럭,593,485.0,1078.0,2024년도 전기자동차 청양군 모델별 보조금,2024,청양군
화물(소형),센트로에이케이,E-CV1,282,230.0,512.0,2024년도 전기자동차 청양군 모델별 보조금,2024,청양군
화물(소형),파츠몰에이투지,SW40,412,337.0,749.0,2024년도 전기자동차 청양군 모델별 보조금,2024,청양군
화물(소형),이브이앤솔루션,STEGO-Z,540,441.0,981.0,2024년도 전기자동차 청양군 모델별 보조금,2024,청양군
화물(초소형),마스타전기차,MASTA VAN,400,240.0,640.0,2024년도 전기자동차 홍성군 모델별 보조금,2024,홍성군
화물(초소형),마스타전기차,MASTA HIM,400,240.0,640.0,2024년도 전기자동차 홍성군 모델별 보조금,2024,홍성군
화물(초소형),디피코,포트로-탑,400,240.0,640.0,2024년도 전기자동차 홍성군 모델별 보조금,2024,홍성군
화물(초소형),디피코,포트로-픽업,400,240.0,640.0,2024년도 전기자동차 홍성군 모델별 보조금,2024,홍성군
화물(초소형),디피코,포트로-탑S,400,240.0,640.0,2024년도 전기자동차 홍성군 모델별 보조금,2024,홍성군
화물(초소형),디피코,포트로-픽업S,400,240.0,640.0,2024년도 전기자동차 홍성군 모델별 보조금,2024,홍성군
화물(초소형),마이브,베프,400,240.0,640.0,2024년도 전기자동차 홍성군 모델별 보조금,2024,홍성군
화물(경형),디피코,포트로350L-탑,788,571.0,1359.0,2024년도 전기자동차 홍성군 모델별 보조금,2024,홍성군
화물(경형),디피코,포트로350L-픽업,788,571.0,1359.0,2024년도 전기자동차 홍성군 모델별 보조금,2024,홍성군
화물(소형),파워프라자,봉고3ev PEACE,554,453.0,1007.0,2024년도 전기자동차 홍성군 모델별 보조금,2024,홍성군
화물(소형),파워프라자,봉고3ev PEACE 더블캡,481,393.0,874.0,2024년도 전기자동차 홍성군 모델별 보조금,2024,홍성군
화물(소형),현대자동차,포터Ⅱ 일렉트릭(23MY),1090,859.0,1949.0,2024년도 전기자동차 홍성군 모델별 보조금,2024,홍성군
화물(소형),현대자동차,포터Ⅱ 일렉트릭(24MY),1090,859.0,1949.0,2024년도 전기자동차 홍성군 모델별 보조금,2024,홍성군
화물(소형),현대자동차,ST1 기본형 카고 17인치,1100,900.0,2000.0,2024년도 전기자동차 홍성군 모델별 보조금,2024,홍성군
화물(소형),현대자동차,ST1 기본형 카고 냉동 17인치,1450,900.0,2350.0,2024년도 전기자동차 홍성군 모델별 보조금,2024,홍성군
화물(소형),현대자동차,ST1 기본형 하이탑 17인치,1100,0.0,1100.0,2024년도 전기자동차 홍성군 모델별 보조금,2024,홍성군
화물(소형),기아,봉고 전기차,1130,859.0,1989.0,2024년도 전기자동차 홍성군 모델별 보조금,2024,홍성군
화물(소형),기아,봉고 전기차 냉동탑차,1330,900.0,2230.0,2024년도 전기자동차 홍성군 모델별 보조금,2024,홍성군
화물(소형),기아,봉고 전기차 저상형 냉동탑차,1330,900.0,2230.0,2024년도 전기자동차 홍성군 모델별 보조금,2024,홍성군
화물(소형),일진정공,일진무시동전기냉동탑차(149.9km),916,749.0,1665.0,2024년도 전기자동차 홍성군 모델별 보조금,2024,홍성군
화물(소형),일진정공,일진무시동전기냉동탑차(186.1km),1169,900.0,2069.0,2024년도 전기자동차 홍성군 모델별 보조금,2024,홍성군
화물(소형),일진정공,일진무시동전기냉동탑차(봉고),1379,900.0,2279.0,2024년도 전기자동차 홍성군 모델별 보조금,2024,홍성군
화물(소형),일진정공,일진무시동전기냉동탑차(포터),1363,900.0,2263.0,2024년도 전기자동차 홍성군 모델별 보조금,2024,홍성군
화물(소형),루트17,다니고C(0.8톤 전기트럭),1068,797.0,1865.0,2024년도 전기자동차 홍성군 모델별 보조금,2024,홍성군
화물(소형),루트17,다니고C2(0.8톤 전기트럭),268,219.0,487.0,2024년도 전기자동차 홍성군 모델별 보조금,2024,홍성군
화물(소형),루트17,다니고R(전기냉동탑차),1224,900.0,2124.0,2024년도 전기자동차 홍성군 모델별 보조금,2024,홍성군
화물(소형),루트17,다니고R2(무시동 전기냉동탑차),1123,863.0,1986.0,2024년도 전기자동차 홍성군 모델별 보조금,2024,홍성군
화물(소형),루트17,e-TOVI,464,379.0,843.0,2024년도 전기자동차 홍성군 모델별 보조금,2024,홍성군
화물(소형),이브이케이엠씨,MASADA 픽업,295,241.0,536.0,2024년도 전기자동차 홍성군 모델별 보조금,2024,홍성군
화물(소형),이브이케이엠씨,MASADA 3세대 2밴,274,224.0,498.0,2024년도 전기자동차 홍성군 모델별 보조금,2024,홍성군
화물(소형),이브이케이엠씨,MASADA 3세대 4밴,246,201.0,447.0,2024년도 전기자동차 홍성군 모델별 보조금,2024,홍성군
화물(소형),이브이케이엠씨,MASADA 2밴,299,244.0,543.0,2024년도 전기자동차 홍성군 모델별 보조금,2024,홍성군
화물(소형),이브이케이엠씨,MASADA 4밴,269,220.0,489.0,2024년도 전기자동차 홍성군 모델별 보조금,2024,홍성군
화물(소형),이브이케이엠씨,EC35 2밴,194,158.0,352.0,2024년도 전기자동차 홍성군 모델별 보조금,2024,홍성군
화물(소형),제이스모빌리티,이티밴,405,331.0,736.0,2024년도 전기자동차 홍성군 모델별 보조금,2024,홍성군
화물(소형),제이스모빌리티,이티4밴,364,297.0,661.0,2024년도 전기자동차 홍성군 모델별 보조금,2024,홍성군
화물(소형),제이스모빌리티,이티밴 미니 2인승,412,337.0,749.0,2024년도 전기자동차 홍성군 모델별 보조금,2024,홍성군
화물(소형),제이스모빌리티,이티밴 미니 4인승,412,337.0,749.0,2024년도 전기자동차 홍성군 모델별 보조금,2024,홍성군
화물(소형),제이스모빌리티,이티밴 프로 2인승,412,337.0,749.0,2024년도 전기자동차 홍성군 모델별 보조금,2024,홍성군
화물(소형),제이스모빌리티,이티밴 프로 4인승,412,337.0,749.0,2024년도 전기자동차 홍성군 모델별 보조금,2024,홍성군
화물(소형),오텍,오텍 무시동 전기 냉동탑차(봉고),1118,900.0,2018.0,2024년도 전기자동차 홍성군 모델별 보조금,2024,홍성군
화물(소형),이엔플러스,이엔1톤롱바디카고,850,695.0,1545.0,2024년도 전기자동차 홍성군 모델별 보조금,2024,홍성군
화물(소형),이엔플러스,이엔플러스EV1톤롱바디트럭,895,732.0,1627.0,2024년도 전기자동차 홍성군 모델별 보조금,2024,홍성군
화물(소형),GS글로벌,T4K,462,378.0,840.0,2024년도 전기자동차 홍성군 모델별 보조금,2024,홍성군
화물(소형),GS글로벌,T4K 냉동탑차,711,581.0,1292.0,2024년도 전기자동차 홍성군 모델별 보조금,2024,홍성군
화물(소형),에스에스라이트,젤라,336,274.0,610.0,2024년도 전기자동차 홍성군 모델별 보조금,2024,홍성군
화물(소형),에스에스라이트,젤라 P200,478,391.0,869.0,2024년도 전기자동차 홍성군 모델별 보조금,2024,홍성군
화물(소형),한국쓰리축,한국쓰리축1톤롱바디EV트럭(봉고),837,684.0,1521.0,2024년도 전기자동차 홍성군 모델별 보조금,2024,홍성군
화물(소형),한국쓰리축,한국쓰리축1톤롱바디EV트럭(포터),855,699.0,1554.0,2024년도 전기자동차 홍성군 모델별 보조금,2024,홍성군
화물(소형),모빌리티네트웍스,SE-A2밴,333,272.0,605.0,2024년도 전기자동차 홍성군 모델별 보조금,2024,홍성군
화물(소형),피닉스코리아,썬라이즈-T01,412,337.0,749.0,2024년도 전기자동차 홍성군 모델별 보조금,2024,홍성군
화물(소형),케이지모빌리티,토레스 EVX VAN 20인치,392,421.0,813.0,2024년도 전기자동차 홍성군 모델별 보조금,2024,홍성군
화물(소형),케이지모빌리티,토레스 EVX VAN 18인치,394,423.0,817.0,2024년도 전기자동차 홍성군 모델별 보조금,2024,홍성군
화물(소형),한국상용트럭,한국상용1톤롱바디EV카고트럭,818,669.0,1487.0,2024년도 전기자동차 홍성군 모델별 보조금,2024,홍성군
화물(소형),한국상용트럭,한국상용0.9톤롱바디EV내장탑트럭,593,485.0,1078.0,2024년도 전기자동차 홍성군 모델별 보조금,2024,홍성군
화물(소형),센트로에이케이,E-CV1,282,230.0,512.0,2024년도 전기자동차 홍성군 모델별 보조금,2024,홍성군
화물(소형),파츠몰에이투지,SW40,412,337.0,749.0,2024년도 전기자동차 홍성군 모델별 보조금,2024,홍성군
화물(소형),이브이앤솔루션,STEGO-Z,540,441.0,981.0,2024년도 전기자동차 홍성군 모델별 보조금,2024,홍성군
화물(초소형),마스타전기차,MASTA VAN,400,240.0,640.0,2024년도 전기자동차 예산군 모델별 보조금,2024,예산군
화물(초소형),마스타전기차,MASTA HIM,400,240.0,640.0,2024년도 전기자동차 예산군 모델별 보조금,2024,예산군
화물(초소형),디피코,포트로-탑,400,240.0,640.0,2024년도 전기자동차 예산군 모델별 보조금,2024,예산군
화물(초소형),디피코,포트로-픽업,400,240.0,640.0,2024년도 전기자동차 예산군 모델별 보조금,2024,예산군
화물(초소형),디피코,포트로-탑S,400,240.0,640.0,2024년도 전기자동차 예산군 모델별 보조금,2024,예산군
화물(초소형),디피코,포트로-픽업S,400,240.0,640.0,2024년도 전기자동차 예산군 모델별 보조금,2024,예산군
화물(초소형),마이브,베프,400,240.0,640.0,2024년도 전기자동차 예산군 모델별 보조금,2024,예산군
화물(경형),디피코,포트로350L-탑,788,571.0,1359.0,2024년도 전기자동차 예산군 모델별 보조금,2024,예산군
화물(경형),디피코,포트로350L-픽업,788,571.0,1359.0,2024년도 전기자동차 예산군 모델별 보조금,2024,예산군
화물(소형),파워프라자,봉고3ev PEACE,554,453.0,1007.0,2024년도 전기자동차 예산군 모델별 보조금,2024,예산군
화물(소형),파워프라자,봉고3ev PEACE 더블캡,481,393.0,874.0,2024년도 전기자동차 예산군 모델별 보조금,2024,예산군
화물(소형),현대자동차,포터Ⅱ 일렉트릭(23MY),1090,859.0,1949.0,2024년도 전기자동차 예산군 모델별 보조금,2024,예산군
화물(소형),현대자동차,포터Ⅱ 일렉트릭(24MY),1090,859.0,1949.0,2024년도 전기자동차 예산군 모델별 보조금,2024,예산군
화물(소형),현대자동차,ST1 기본형 카고 17인치,1100,900.0,2000.0,2024년도 전기자동차 예산군 모델별 보조금,2024,예산군
화물(소형),현대자동차,ST1 기본형 카고 냉동 17인치,1450,900.0,2350.0,2024년도 전기자동차 예산군 모델별 보조금,2024,예산군
화물(소형),현대자동차,ST1 기본형 하이탑 17인치,1100,900.0,2000.0,2024년도 전기자동차 예산군 모델별 보조금,2024,예산군
화물(소형),기아,봉고 전기차,1130,859.0,1989.0,2024년도 전기자동차 예산군 모델별 보조금,2024,예산군
화물(소형),기아,봉고 전기차 냉동탑차,1330,900.0,2230.0,2024년도 전기자동차 예산군 모델별 보조금,2024,예산군
화물(소형),기아,봉고 전기차 저상형 냉동탑차,1330,900.0,2230.0,2024년도 전기자동차 예산군 모델별 보조금,2024,예산군
화물(소형),일진정공,일진무시동전기냉동탑차(149.9km),916,749.0,1665.0,2024년도 전기자동차 예산군 모델별 보조금,2024,예산군
화물(소형),일진정공,일진무시동전기냉동탑차(186.1km),1169,900.0,2069.0,2024년도 전기자동차 예산군 모델별 보조금,2024,예산군
화물(소형),일진정공,일진무시동전기냉동탑차(봉고),1379,900.0,2279.0,2024년도 전기자동차 예산군 모델별 보조금,2024,예산군
화물(소형),일진정공,일진무시동전기냉동탑차(포터),1363,900.0,2263.0,2024년도 전기자동차 예산군 모델별 보조금,2024,예산군
화물(소형),루트17,다니고C(0.8톤 전기트럭),1068,797.0,1865.0,2024년도 전기자동차 예산군 모델별 보조금,2024,예산군
화물(소형),루트17,다니고C2(0.8톤 전기트럭),268,219.0,487.0,2024년도 전기자동차 예산군 모델별 보조금,2024,예산군
화물(소형),루트17,다니고R(전기냉동탑차),1224,900.0,2124.0,2024년도 전기자동차 예산군 모델별 보조금,2024,예산군
화물(소형),루트17,다니고R2(무시동 전기냉동탑차),1123,863.0,1986.0,2024년도 전기자동차 예산군 모델별 보조금,2024,예산군
화물(소형),루트17,e-TOVI,464,379.0,843.0,2024년도 전기자동차 예산군 모델별 보조금,2024,예산군
화물(소형),이브이케이엠씨,MASADA 픽업,295,241.0,536.0,2024년도 전기자동차 예산군 모델별 보조금,2024,예산군
화물(소형),이브이케이엠씨,MASADA 3세대 2밴,274,224.0,498.0,2024년도 전기자동차 예산군 모델별 보조금,2024,예산군
화물(소형),이브이케이엠씨,MASADA 3세대 4밴,246,201.0,447.0,2024년도 전기자동차 예산군 모델별 보조금,2024,예산군
화물(소형),이브이케이엠씨,MASADA 2밴,299,244.0,543.0,2024년도 전기자동차 예산군 모델별 보조금,2024,예산군
화물(소형),이브이케이엠씨,MASADA 4밴,269,220.0,489.0,2024년도 전기자동차 예산군 모델별 보조금,2024,예산군
화물(소형),이브이케이엠씨,EC35 2밴,194,158.0,352.0,2024년도 전기자동차 예산군 모델별 보조금,2024,예산군
화물(소형),제이스모빌리티,이티밴,405,331.0,736.0,2024년도 전기자동차 예산군 모델별 보조금,2024,예산군
화물(소형),제이스모빌리티,이티4밴,364,297.0,661.0,2024년도 전기자동차 예산군 모델별 보조금,2024,예산군
화물(소형),제이스모빌리티,이티밴 미니 2인승,412,337.0,749.0,2024년도 전기자동차 예산군 모델별 보조금,2024,예산군
화물(소형),제이스모빌리티,이티밴 미니 4인승,412,337.0,749.0,2024년도 전기자동차 예산군 모델별 보조금,2024,예산군
화물(소형),제이스모빌리티,이티밴 프로 2인승,412,337.0,749.0,2024년도 전기자동차 예산군 모델별 보조금,2024,예산군
화물(소형),제이스모빌리티,이티밴 프로 4인승,412,337.0,749.0,2024년도 전기자동차 예산군 모델별 보조금,2024,예산군
화물(소형),오텍,오텍 무시동 전기 냉동탑차(봉고),1118,900.0,2018.0,2024년도 전기자동차 예산군 모델별 보조금,2024,예산군
화물(소형),이엔플러스,이엔1톤롱바디카고,850,695.0,1545.0,2024년도 전기자동차 예산군 모델별 보조금,2024,예산군
화물(소형),이엔플러스,이엔플러스EV1톤롱바디트럭,895,732.0,1627.0,2024년도 전기자동차 예산군 모델별 보조금,2024,예산군
화물(소형),GS글로벌,T4K,462,378.0,840.0,2024년도 전기자동차 예산군 모델별 보조금,2024,예산군
화물(소형),GS글로벌,T4K 냉동탑차,711,581.0,1292.0,2024년도 전기자동차 예산군 모델별 보조금,2024,예산군
화물(소형),에스에스라이트,젤라,336,274.0,610.0,2024년도 전기자동차 예산군 모델별 보조금,2024,예산군
화물(소형),에스에스라이트,젤라 P200,478,391.0,869.0,2024년도 전기자동차 예산군 모델별 보조금,2024,예산군
화물(소형),한국쓰리축,한국쓰리축1톤롱바디EV트럭(봉고),837,684.0,1521.0,2024년도 전기자동차 예산군 모델별 보조금,2024,예산군
화물(소형),한국쓰리축,한국쓰리축1톤롱바디EV트럭(포터),855,699.0,1554.0,2024년도 전기자동차 예산군 모델별 보조금,2024,예산군
화물(소형),모빌리티네트웍스,SE-A2밴,333,272.0,605.0,2024년도 전기자동차 예산군 모델별 보조금,2024,예산군
화물(소형),피닉스코리아,썬라이즈-T01,412,337.0,749.0,2024년도 전기자동차 예산군 모델별 보조금,2024,예산군
화물(소형),케이지모빌리티,토레스 EVX VAN 20인치,392,421.0,813.0,2024년도 전기자동차 예산군 모델별 보조금,2024,예산군
화물(소형),케이지모빌리티,토레스 EVX VAN 18인치,394,423.0,817.0,2024년도 전기자동차 예산군 모델별 보조금,2024,예산군
화물(소형),한국상용트럭,한국상용1톤롱바디EV카고트럭,818,669.0,1487.0,2024년도 전기자동차 예산군 모델별 보조금,2024,예산군
화물(소형),한국상용트럭,한국상용0.9톤롱바디EV내장탑트럭,593,485.0,1078.0,2024년도 전기자동차 예산군 모델별 보조금,2024,예산군
화물(소형),센트로에이케이,E-CV1,282,230.0,512.0,2024년도 전기자동차 예산군 모델별 보조금,2024,예산군
화물(소형),파츠몰에이투지,SW40,412,337.0,749.0,2024년도 전기자동차 예산군 모델별 보조금,2024,예산군
화물(소형),이브이앤솔루션,STEGO-Z,540,441.0,981.0,2024년도 전기자동차 예산군 모델별 보조금,2024,예산군
화물(초소형),마스타전기차,MASTA VAN,400,240.0,640.0,2024년도 전기자동차 태안군 모델별 보조금,2024,태안군
화물(초소형),마스타전기차,MASTA HIM,400,240.0,640.0,2024년도 전기자동차 태안군 모델별 보조금,2024,태안군
화물(초소형),디피코,포트로-탑,400,240.0,640.0,2024년도 전기자동차 태안군 모델별 보조금,2024,태안군
화물(초소형),디피코,포트로-픽업,400,240.0,640.0,2024년도 전기자동차 태안군 모델별 보조금,2024,태안군
화물(초소형),디피코,포트로-탑S,400,240.0,640.0,2024년도 전기자동차 태안군 모델별 보조금,2024,태안군
화물(초소형),디피코,포트로-픽업S,400,240.0,640.0,2024년도 전기자동차 태안군 모델별 보조금,2024,태안군
화물(초소형),마이브,베프,400,240.0,640.0,2024년도 전기자동차 태안군 모델별 보조금,2024,태안군
화물(경형),디피코,포트로350L-탑,788,571.0,1359.0,2024년도 전기자동차 태안군 모델별 보조금,2024,태안군
화물(경형),디피코,포트로350L-픽업,788,571.0,1359.0,2024년도 전기자동차 태안군 모델별 보조금,2024,태안군
화물(소형),파워프라자,봉고3ev PEACE,554,453.0,1007.0,2024년도 전기자동차 태안군 모델별 보조금,2024,태안군
화물(소형),파워프라자,봉고3ev PEACE 더블캡,481,393.0,874.0,2024년도 전기자동차 태안군 모델별 보조금,2024,태안군
화물(소형),현대자동차,포터Ⅱ 일렉트릭(23MY),1090,859.0,1949.0,2024년도 전기자동차 태안군 모델별 보조금,2024,태안군
화물(소형),현대자동차,포터Ⅱ 일렉트릭(24MY),1090,859.0,1949.0,2024년도 전기자동차 태안군 모델별 보조금,2024,태안군
화물(소형),현대자동차,ST1 기본형 카고 17인치,1100,900.0,2000.0,2024년도 전기자동차 태안군 모델별 보조금,2024,태안군
화물(소형),현대자동차,ST1 기본형 카고 냉동 17인치,1450,900.0,2350.0,2024년도 전기자동차 태안군 모델별 보조금,2024,태안군
화물(소형),현대자동차,ST1 기본형 하이탑 17인치,1100,900.0,2000.0,2024년도 전기자동차 태안군 모델별 보조금,2024,태안군
화물(소형),기아,봉고 전기차,1130,859.0,1989.0,2024년도 전기자동차 태안군 모델별 보조금,2024,태안군
화물(소형),기아,봉고 전기차 냉동탑차,1330,900.0,2230.0,2024년도 전기자동차 태안군 모델별 보조금,2024,태안군
화물(소형),기아,봉고 전기차 저상형 냉동탑차,1330,900.0,2230.0,2024년도 전기자동차 태안군 모델별 보조금,2024,태안군
화물(소형),일진정공,일진무시동전기냉동탑차(149.9km),916,749.0,1665.0,2024년도 전기자동차 태안군 모델별 보조금,2024,태안군
화물(소형),일진정공,일진무시동전기냉동탑차(186.1km),1169,900.0,2069.0,2024년도 전기자동차 태안군 모델별 보조금,2024,태안군
화물(소형),일진정공,일진무시동전기냉동탑차(봉고),1379,900.0,2279.0,2024년도 전기자동차 태안군 모델별 보조금,2024,태안군
화물(소형),일진정공,일진무시동전기냉동탑차(포터),1363,900.0,2263.0,2024년도 전기자동차 태안군 모델별 보조금,2024,태안군
화물(소형),루트17,다니고C(0.8톤 전기트럭),1068,797.0,1865.0,2024년도 전기자동차 태안군 모델별 보조금,2024,태안군
화물(소형),루트17,다니고C2(0.8톤 전기트럭),268,219.0,487.0,2024년도 전기자동차 태안군 모델별 보조금,2024,태안군
화물(소형),루트17,다니고R(전기냉동탑차),1224,900.0,2124.0,2024년도 전기자동차 태안군 모델별 보조금,2024,태안군
화물(소형),루트17,다니고R2(무시동 전기냉동탑차),1123,863.0,1986.0,2024년도 전기자동차 태안군 모델별 보조금,2024,태안군
화물(소형),루트17,e-TOVI,464,379.0,843.0,2024년도 전기자동차 태안군 모델별 보조금,2024,태안군
화물(소형),이브이케이엠씨,MASADA 픽업,295,241.0,536.0,2024년도 전기자동차 태안군 모델별 보조금,2024,태안군
화물(소형),이브이케이엠씨,MASADA 3세대 2밴,274,224.0,498.0,2024년도 전기자동차 태안군 모델별 보조금,2024,태안군
화물(소형),이브이케이엠씨,MASADA 3세대 4밴,246,201.0,447.0,2024년도 전기자동차 태안군 모델별 보조금,2024,태안군
화물(소형),이브이케이엠씨,MASADA 2밴,299,244.0,543.0,2024년도 전기자동차 태안군 모델별 보조금,2024,태안군
화물(소형),이브이케이엠씨,MASADA 4밴,269,220.0,489.0,2024년도 전기자동차 태안군 모델별 보조금,2024,태안군
화물(소형),이브이케이엠씨,EC35 2밴,194,158.0,352.0,2024년도 전기자동차 태안군 모델별 보조금,2024,태안군
화물(소형),제이스모빌리티,이티밴,405,331.0,736.0,2024년도 전기자동차 태안군 모델별 보조금,2024,태안군
화물(소형),제이스모빌리티,이티4밴,364,297.0,661.0,2024년도 전기자동차 태안군 모델별 보조금,2024,태안군
화물(소형),제이스모빌리티,이티밴 미니 2인승,412,337.0,749.0,2024년도 전기자동차 태안군 모델별 보조금,2024,태안군
화물(소형),제이스모빌리티,이티밴 미니 4인승,412,337.0,749.0,2024년도 전기자동차 태안군 모델별 보조금,2024,태안군
화물(소형),제이스모빌리티,이티밴 프로 2인승,412,337.0,749.0,2024년도 전기자동차 태안군 모델별 보조금,2024,태안군
화물(소형),제이스모빌리티,이티밴 프로 4인승,412,337.0,749.0,2024년도 전기자동차 태안군 모델별 보조금,2024,태안군
화물(소형),오텍,오텍 무시동 전기 냉동탑차(봉고),1118,900.0,2018.0,2024년도 전기자동차 태안군 모델별 보조금,2024,태안군
화물(소형),이엔플러스,이엔1톤롱바디카고,850,695.0,1545.0,2024년도 전기자동차 태안군 모델별 보조금,2024,태안군
화물(소형),이엔플러스,이엔플러스EV1톤롱바디트럭,895,732.0,1627.0,2024년도 전기자동차 태안군 모델별 보조금,2024,태안군
화물(소형),GS글로벌,T4K,462,378.0,840.0,2024년도 전기자동차 태안군 모델별 보조금,2024,태안군
화물(소형),GS글로벌,T4K 냉동탑차,711,581.0,1292.0,2024년도 전기자동차 태안군 모델별 보조금,2024,태안군
화물(소형),에스에스라이트,젤라,336,274.0,610.0,2024년도 전기자동차 태안군 모델별 보조금,2024,태안군
화물(소형),에스에스라이트,젤라 P200,478,391.0,869.0,2024년도 전기자동차 태안군 모델별 보조금,2024,태안군
화물(소형),한국쓰리축,한국쓰리축1톤롱바디EV트럭(봉고),837,684.0,1521.0,2024년도 전기자동차 태안군 모델별 보조금,2024,태안군
화물(소형),한국쓰리축,한국쓰리축1톤롱바디EV트럭(포터),855,699.0,1554.0,2024년도 전기자동차 태안군 모델별 보조금,2024,태안군
화물(소형),모빌리티네트웍스,SE-A2밴,333,272.0,605.0,2024년도 전기자동차 태안군 모델별 보조금,2024,태안군
화물(소형),피닉스코리아,썬라이즈-T01,412,337.0,749.0,2024년도 전기자동차 태안군 모델별 보조금,2024,태안군
화물(소형),케이지모빌리티,토레스 EVX VAN 20인치,392,421.0,813.0,2024년도 전기자동차 태안군 모델별 보조금,2024,태안군
화물(소형),케이지모빌리티,토레스 EVX VAN 18인치,394,423.0,817.0,2024년도 전기자동차 태안군 모델별 보조금,2024,태안군
화물(소형),한국상용트럭,한국상용1톤롱바디EV카고트럭,818,669.0,1487.0,2024년도 전기자동차 태안군 모델별 보조금,2024,태안군
화물(소형),한국상용트럭,한국상용0.9톤롱바디EV내장탑트럭,593,485.0,1078.0,2024년도 전기자동차 태안군 모델별 보조금,2024,태안군
화물(소형),센트로에이케이,E-CV1,282,230.0,512.0,2024년도 전기자동차 태안군 모델별 보조금,2024,태안군
화물(소형),파츠몰에이투지,SW40,412,337.0,749.0,2024년도 전기자동차 태안군 모델별 보조금,2024,태안군
화물(소형),이브이앤솔루션,STEGO-Z,540,441.0,981.0,2024년도 전기자동차 태안군 모델별 보조금,2024,태안군
화물(초소형),마스타전기차,MASTA VAN,400,250.0,650.0,2024년도 전기자동차 전주시 모델별 보조금,2024,전주시
화물(초소형),마스타전기차,MASTA HIM,400,250.0,650.0,2024년도 전기자동차 전주시 모델별 보조금,2024,전주시
화물(초소형),디피코,포트로-탑,400,250.0,650.0,2024년도 전기자동차 전주시 모델별 보조금,2024,전주시
화물(초소형),디피코,포트로-픽업,400,250.0,650.0,2024년도 전기자동차 전주시 모델별 보조금,2024,전주시
화물(초소형),디피코,포트로-탑S,400,250.0,650.0,2024년도 전기자동차 전주시 모델별 보조금,2024,전주시
화물(초소형),디피코,포트로-픽업S,400,250.0,650.0,2024년도 전기자동차 전주시 모델별 보조금,2024,전주시
화물(초소형),마이브,베프,400,250.0,650.0,2024년도 전기자동차 전주시 모델별 보조금,2024,전주시
화물(경형),디피코,포트로350L-탑,788,492.0,1280.0,2024년도 전기자동차 전주시 모델별 보조금,2024,전주시
화물(경형),디피코,포트로350L-픽업,788,492.0,1280.0,2024년도 전기자동차 전주시 모델별 보조금,2024,전주시
화물(소형),파워프라자,봉고3ev PEACE,554,352.0,906.0,2024년도 전기자동차 전주시 모델별 보조금,2024,전주시
화물(소형),파워프라자,봉고3ev PEACE 더블캡,481,306.0,787.0,2024년도 전기자동차 전주시 모델별 보조금,2024,전주시
화물(소형),현대자동차,포터Ⅱ 일렉트릭(23MY),1090,668.0,1758.0,2024년도 전기자동차 전주시 모델별 보조금,2024,전주시
화물(소형),현대자동차,포터Ⅱ 일렉트릭(24MY),1090,668.0,1758.0,2024년도 전기자동차 전주시 모델별 보조금,2024,전주시
화물(소형),현대자동차,ST1 기본형 카고 17인치,1100,700.0,1800.0,2024년도 전기자동차 전주시 모델별 보조금,2024,전주시
화물(소형),현대자동차,ST1 기본형 카고 냉동 17인치,1450,922.0,2372.0,2024년도 전기자동차 전주시 모델별 보조금,2024,전주시
화물(소형),현대자동차,ST1 기본형 하이탑 17인치,1100,700.0,1800.0,2024년도 전기자동차 전주시 모델별 보조금,2024,전주시
화물(소형),기아,봉고 전기차,1130,668.0,1798.0,2024년도 전기자동차 전주시 모델별 보조금,2024,전주시
화물(소형),기아,봉고 전기차 냉동탑차,1330,802.0,2132.0,2024년도 전기자동차 전주시 모델별 보조금,2024,전주시
화물(소형),기아,봉고 전기차 저상형 냉동탑차,1330,802.0,2132.0,2024년도 전기자동차 전주시 모델별 보조금,2024,전주시
화물(소형),일진정공,일진무시동전기냉동탑차(149.9km),916,582.0,1498.0,2024년도 전기자동차 전주시 모델별 보조금,2024,전주시
화물(소형),일진정공,일진무시동전기냉동탑차(186.1km),1169,743.0,1912.0,2024년도 전기자동차 전주시 모델별 보조금,2024,전주시
화물(소형),일진정공,일진무시동전기냉동탑차(봉고),1379,831.0,2210.0,2024년도 전기자동차 전주시 모델별 보조금,2024,전주시
화물(소형),일진정공,일진무시동전기냉동탑차(포터),1363,821.0,2184.0,2024년도 전기자동차 전주시 모델별 보조금,2024,전주시
화물(소형),루트17,다니고C(0.8톤 전기트럭),1068,620.0,1688.0,2024년도 전기자동차 전주시 모델별 보조금,2024,전주시
화물(소형),루트17,다니고C2(0.8톤 전기트럭),268,170.0,438.0,2024년도 전기자동차 전주시 모델별 보조금,2024,전주시
화물(소형),루트17,다니고R(전기냉동탑차),1224,729.0,1953.0,2024년도 전기자동차 전주시 모델별 보조금,2024,전주시
화물(소형),루트17,다니고R2(무시동 전기냉동탑차),1123,671.0,1794.0,2024년도 전기자동차 전주시 모델별 보조금,2024,전주시
화물(소형),루트17,e-TOVI,464,295.0,759.0,2024년도 전기자동차 전주시 모델별 보조금,2024,전주시
화물(소형),이브이케이엠씨,MASADA 픽업,295,187.0,482.0,2024년도 전기자동차 전주시 모델별 보조금,2024,전주시
화물(소형),이브이케이엠씨,MASADA 3세대 2밴,274,174.0,448.0,2024년도 전기자동차 전주시 모델별 보조금,2024,전주시
화물(소형),이브이케이엠씨,MASADA 3세대 4밴,246,156.0,402.0,2024년도 전기자동차 전주시 모델별 보조금,2024,전주시
화물(소형),이브이케이엠씨,MASADA 2밴,299,190.0,489.0,2024년도 전기자동차 전주시 모델별 보조금,2024,전주시
화물(소형),이브이케이엠씨,MASADA 4밴,269,171.0,440.0,2024년도 전기자동차 전주시 모델별 보조금,2024,전주시
화물(소형),이브이케이엠씨,EC35 2밴,194,123.0,317.0,2024년도 전기자동차 전주시 모델별 보조금,2024,전주시
화물(소형),제이스모빌리티,이티밴,405,257.0,662.0,2024년도 전기자동차 전주시 모델별 보조금,2024,전주시
화물(소형),제이스모빌리티,이티4밴,364,231.0,595.0,2024년도 전기자동차 전주시 모델별 보조금,2024,전주시
화물(소형),제이스모빌리티,이티밴 미니 2인승,412,262.0,674.0,2024년도 전기자동차 전주시 모델별 보조금,2024,전주시
화물(소형),제이스모빌리티,이티밴 미니 4인승,412,262.0,674.0,2024년도 전기자동차 전주시 모델별 보조금,2024,전주시
화물(소형),제이스모빌리티,이티밴 프로 2인승,412,262.0,674.0,2024년도 전기자동차 전주시 모델별 보조금,2024,전주시
화물(소형),제이스모빌리티,이티밴 프로 4인승,412,262.0,674.0,2024년도 전기자동차 전주시 모델별 보조금,2024,전주시
화물(소형),오텍,오텍 무시동 전기 냉동탑차(봉고),1118,711.0,1829.0,2024년도 전기자동차 전주시 모델별 보조금,2024,전주시
화물(소형),이엔플러스,이엔1톤롱바디카고,850,540.0,1390.0,2024년도 전기자동차 전주시 모델별 보조금,2024,전주시
화물(소형),이엔플러스,이엔플러스EV1톤롱바디트럭,895,569.0,1464.0,2024년도 전기자동차 전주시 모델별 보조금,2024,전주시
화물(소형),GS글로벌,T4K,462,294.0,756.0,2024년도 전기자동차 전주시 모델별 보조금,2024,전주시
화물(소형),GS글로벌,T4K 냉동탑차,711,452.0,1163.0,2024년도 전기자동차 전주시 모델별 보조금,2024,전주시
화물(소형),에스에스라이트,젤라,336,213.0,549.0,2024년도 전기자동차 전주시 모델별 보조금,2024,전주시
화물(소형),에스에스라이트,젤라 P200,478,304.0,782.0,2024년도 전기자동차 전주시 모델별 보조금,2024,전주시
화물(소형),한국쓰리축,한국쓰리축1톤롱바디EV트럭(봉고),837,532.0,1369.0,2024년도 전기자동차 전주시 모델별 보조금,2024,전주시
화물(소형),한국쓰리축,한국쓰리축1톤롱바디EV트럭(포터),855,544.0,1399.0,2024년도 전기자동차 전주시 모델별 보조금,2024,전주시
화물(소형),모빌리티네트웍스,SE-A2밴,333,211.0,544.0,2024년도 전기자동차 전주시 모델별 보조금,2024,전주시
화물(소형),피닉스코리아,썬라이즈-T01,412,262.0,674.0,2024년도 전기자동차 전주시 모델별 보조금,2024,전주시
화물(소형),케이지모빌리티,토레스 EVX VAN 20인치,392,422.0,814.0,2024년도 전기자동차 전주시 모델별 보조금,2024,전주시
화물(소형),케이지모빌리티,토레스 EVX VAN 18인치,394,424.0,818.0,2024년도 전기자동차 전주시 모델별 보조금,2024,전주시
화물(소형),한국상용트럭,한국상용1톤롱바디EV카고트럭,818,520.0,1338.0,2024년도 전기자동차 전주시 모델별 보조금,2024,전주시
화물(소형),한국상용트럭,한국상용0.9톤롱바디EV내장탑트럭,593,377.0,970.0,2024년도 전기자동차 전주시 모델별 보조금,2024,전주시
화물(소형),센트로에이케이,E-CV1,282,179.0,461.0,2024년도 전기자동차 전주시 모델별 보조금,2024,전주시
화물(소형),파츠몰에이투지,SW40,412,262.0,674.0,2024년도 전기자동차 전주시 모델별 보조금,2024,전주시
화물(소형),이브이앤솔루션,STEGO-Z,540,343.0,883.0,2024년도 전기자동차 전주시 모델별 보조금,2024,전주시
화물(초소형),마스타전기차,MASTA VAN,400,250.0,650.0,2024년도 전기자동차 군산시 모델별 보조금,2024,군산시
화물(초소형),마스타전기차,MASTA HIM,400,250.0,650.0,2024년도 전기자동차 군산시 모델별 보조금,2024,군산시
화물(초소형),디피코,포트로-탑,400,250.0,650.0,2024년도 전기자동차 군산시 모델별 보조금,2024,군산시
화물(초소형),디피코,포트로-픽업,400,250.0,650.0,2024년도 전기자동차 군산시 모델별 보조금,2024,군산시
화물(초소형),디피코,포트로-탑S,400,250.0,650.0,2024년도 전기자동차 군산시 모델별 보조금,2024,군산시
화물(초소형),디피코,포트로-픽업S,400,250.0,650.0,2024년도 전기자동차 군산시 모델별 보조금,2024,군산시
화물(초소형),마이브,베프,400,250.0,650.0,2024년도 전기자동차 군산시 모델별 보조금,2024,군산시
화물(경형),디피코,포트로350L-탑,788,492.0,1280.0,2024년도 전기자동차 군산시 모델별 보조금,2024,군산시
화물(경형),디피코,포트로350L-픽업,788,492.0,1280.0,2024년도 전기자동차 군산시 모델별 보조금,2024,군산시
화물(소형),파워프라자,봉고3ev PEACE,554,352.0,906.0,2024년도 전기자동차 군산시 모델별 보조금,2024,군산시
화물(소형),파워프라자,봉고3ev PEACE 더블캡,481,306.0,787.0,2024년도 전기자동차 군산시 모델별 보조금,2024,군산시
화물(소형),현대자동차,포터Ⅱ 일렉트릭(23MY),1090,668.0,1758.0,2024년도 전기자동차 군산시 모델별 보조금,2024,군산시
화물(소형),현대자동차,포터Ⅱ 일렉트릭(24MY),1090,668.0,1758.0,2024년도 전기자동차 군산시 모델별 보조금,2024,군산시
화물(소형),현대자동차,ST1 기본형 카고 17인치,1100,700.0,1800.0,2024년도 전기자동차 군산시 모델별 보조금,2024,군산시
화물(소형),현대자동차,ST1 기본형 카고 냉동 17인치,1450,922.0,2372.0,2024년도 전기자동차 군산시 모델별 보조금,2024,군산시
화물(소형),현대자동차,ST1 기본형 하이탑 17인치,1100,700.0,1800.0,2024년도 전기자동차 군산시 모델별 보조금,2024,군산시
화물(소형),기아,봉고 전기차,1130,668.0,1798.0,2024년도 전기자동차 군산시 모델별 보조금,2024,군산시
화물(소형),기아,봉고 전기차 냉동탑차,1330,802.0,2132.0,2024년도 전기자동차 군산시 모델별 보조금,2024,군산시
화물(소형),기아,봉고 전기차 저상형 냉동탑차,1330,802.0,2132.0,2024년도 전기자동차 군산시 모델별 보조금,2024,군산시
화물(소형),일진정공,일진무시동전기냉동탑차(149.9km),916,582.0,1498.0,2024년도 전기자동차 군산시 모델별 보조금,2024,군산시
화물(소형),일진정공,일진무시동전기냉동탑차(186.1km),1169,743.0,1912.0,2024년도 전기자동차 군산시 모델별 보조금,2024,군산시
화물(소형),일진정공,일진무시동전기냉동탑차(봉고),1379,831.0,2210.0,2024년도 전기자동차 군산시 모델별 보조금,2024,군산시
화물(소형),일진정공,일진무시동전기냉동탑차(포터),1363,821.0,2184.0,2024년도 전기자동차 군산시 모델별 보조금,2024,군산시
화물(소형),루트17,다니고C(0.8톤 전기트럭),1068,620.0,1688.0,2024년도 전기자동차 군산시 모델별 보조금,2024,군산시
화물(소형),루트17,다니고C2(0.8톤 전기트럭),268,170.0,438.0,2024년도 전기자동차 군산시 모델별 보조금,2024,군산시
화물(소형),루트17,다니고R(전기냉동탑차),1224,729.0,1953.0,2024년도 전기자동차 군산시 모델별 보조금,2024,군산시
화물(소형),루트17,다니고R2(무시동 전기냉동탑차),1123,671.0,1794.0,2024년도 전기자동차 군산시 모델별 보조금,2024,군산시
화물(소형),루트17,e-TOVI,464,295.0,759.0,2024년도 전기자동차 군산시 모델별 보조금,2024,군산시
화물(소형),이브이케이엠씨,MASADA 픽업,295,187.0,482.0,2024년도 전기자동차 군산시 모델별 보조금,2024,군산시
화물(소형),이브이케이엠씨,MASADA 3세대 2밴,274,174.0,448.0,2024년도 전기자동차 군산시 모델별 보조금,2024,군산시
화물(소형),이브이케이엠씨,MASADA 3세대 4밴,246,156.0,402.0,2024년도 전기자동차 군산시 모델별 보조금,2024,군산시
화물(소형),이브이케이엠씨,MASADA 2밴,299,190.0,489.0,2024년도 전기자동차 군산시 모델별 보조금,2024,군산시
화물(소형),이브이케이엠씨,MASADA 4밴,269,171.0,440.0,2024년도 전기자동차 군산시 모델별 보조금,2024,군산시
화물(소형),이브이케이엠씨,EC35 2밴,194,123.0,317.0,2024년도 전기자동차 군산시 모델별 보조금,2024,군산시
화물(소형),제이스모빌리티,이티밴,405,257.0,662.0,2024년도 전기자동차 군산시 모델별 보조금,2024,군산시
화물(소형),제이스모빌리티,이티4밴,364,231.0,595.0,2024년도 전기자동차 군산시 모델별 보조금,2024,군산시
화물(소형),제이스모빌리티,이티밴 미니 2인승,412,262.0,674.0,2024년도 전기자동차 군산시 모델별 보조금,2024,군산시
화물(소형),제이스모빌리티,이티밴 미니 4인승,412,262.0,674.0,2024년도 전기자동차 군산시 모델별 보조금,2024,군산시
화물(소형),제이스모빌리티,이티밴 프로 2인승,412,262.0,674.0,2024년도 전기자동차 군산시 모델별 보조금,2024,군산시
화물(소형),제이스모빌리티,이티밴 프로 4인승,412,262.0,674.0,2024년도 전기자동차 군산시 모델별 보조금,2024,군산시
화물(소형),오텍,오텍 무시동 전기 냉동탑차(봉고),1118,711.0,1829.0,2024년도 전기자동차 군산시 모델별 보조금,2024,군산시
화물(소형),이엔플러스,이엔1톤롱바디카고,850,540.0,1390.0,2024년도 전기자동차 군산시 모델별 보조금,2024,군산시
화물(소형),이엔플러스,이엔플러스EV1톤롱바디트럭,895,569.0,1464.0,2024년도 전기자동차 군산시 모델별 보조금,2024,군산시
화물(소형),GS글로벌,T4K,462,294.0,756.0,2024년도 전기자동차 군산시 모델별 보조금,2024,군산시
화물(소형),GS글로벌,T4K 냉동탑차,711,452.0,1163.0,2024년도 전기자동차 군산시 모델별 보조금,2024,군산시
화물(소형),에스에스라이트,젤라,336,213.0,549.0,2024년도 전기자동차 군산시 모델별 보조금,2024,군산시
화물(소형),에스에스라이트,젤라 P200,478,304.0,782.0,2024년도 전기자동차 군산시 모델별 보조금,2024,군산시
화물(소형),한국쓰리축,한국쓰리축1톤롱바디EV트럭(봉고),837,532.0,1369.0,2024년도 전기자동차 군산시 모델별 보조금,2024,군산시
화물(소형),한국쓰리축,한국쓰리축1톤롱바디EV트럭(포터),855,544.0,1399.0,2024년도 전기자동차 군산시 모델별 보조금,2024,군산시
화물(소형),모빌리티네트웍스,SE-A2밴,333,211.0,544.0,2024년도 전기자동차 군산시 모델별 보조금,2024,군산시
화물(소형),피닉스코리아,썬라이즈-T01,412,262.0,674.0,2024년도 전기자동차 군산시 모델별 보조금,2024,군산시
화물(소형),케이지모빌리티,토레스 EVX VAN 20인치,392,422.0,814.0,2024년도 전기자동차 군산시 모델별 보조금,2024,군산시
화물(소형),케이지모빌리티,토레스 EVX VAN 18인치,394,424.0,818.0,2024년도 전기자동차 군산시 모델별 보조금,2024,군산시
화물(소형),한국상용트럭,한국상용1톤롱바디EV카고트럭,818,520.0,1338.0,2024년도 전기자동차 군산시 모델별 보조금,2024,군산시
화물(소형),한국상용트럭,한국상용0.9톤롱바디EV내장탑트럭,593,377.0,970.0,2024년도 전기자동차 군산시 모델별 보조금,2024,군산시
화물(소형),센트로에이케이,E-CV1,282,179.0,461.0,2024년도 전기자동차 군산시 모델별 보조금,2024,군산시
화물(소형),파츠몰에이투지,SW40,412,262.0,674.0,2024년도 전기자동차 군산시 모델별 보조금,2024,군산시
화물(소형),이브이앤솔루션,STEGO-Z,540,343.0,883.0,2024년도 전기자동차 군산시 모델별 보조금,2024,군산시
화물(초소형),마스타전기차,MASTA VAN,400,250.0,650.0,2024년도 전기자동차 익산시 모델별 보조금,2024,익산시
화물(초소형),마스타전기차,MASTA HIM,400,250.0,650.0,2024년도 전기자동차 익산시 모델별 보조금,2024,익산시
화물(초소형),디피코,포트로-탑,400,250.0,650.0,2024년도 전기자동차 익산시 모델별 보조금,2024,익산시
화물(초소형),디피코,포트로-픽업,400,250.0,650.0,2024년도 전기자동차 익산시 모델별 보조금,2024,익산시
화물(초소형),디피코,포트로-탑S,400,250.0,650.0,2024년도 전기자동차 익산시 모델별 보조금,2024,익산시
화물(초소형),디피코,포트로-픽업S,400,250.0,650.0,2024년도 전기자동차 익산시 모델별 보조금,2024,익산시
화물(초소형),마이브,베프,400,250.0,650.0,2024년도 전기자동차 익산시 모델별 보조금,2024,익산시
화물(경형),디피코,포트로350L-탑,788,492.0,1280.0,2024년도 전기자동차 익산시 모델별 보조금,2024,익산시
화물(경형),디피코,포트로350L-픽업,788,492.0,1280.0,2024년도 전기자동차 익산시 모델별 보조금,2024,익산시
화물(소형),파워프라자,봉고3ev PEACE,554,352.0,906.0,2024년도 전기자동차 익산시 모델별 보조금,2024,익산시
화물(소형),파워프라자,봉고3ev PEACE 더블캡,481,306.0,787.0,2024년도 전기자동차 익산시 모델별 보조금,2024,익산시
화물(소형),현대자동차,포터Ⅱ 일렉트릭(23MY),1090,668.0,1758.0,2024년도 전기자동차 익산시 모델별 보조금,2024,익산시
화물(소형),현대자동차,포터Ⅱ 일렉트릭(24MY),1090,668.0,1758.0,2024년도 전기자동차 익산시 모델별 보조금,2024,익산시
화물(소형),현대자동차,ST1 기본형 카고 17인치,1100,700.0,1800.0,2024년도 전기자동차 익산시 모델별 보조금,2024,익산시
화물(소형),현대자동차,ST1 기본형 카고 냉동 17인치,1450,922.0,2372.0,2024년도 전기자동차 익산시 모델별 보조금,2024,익산시
화물(소형),현대자동차,ST1 기본형 하이탑 17인치,1100,700.0,1800.0,2024년도 전기자동차 익산시 모델별 보조금,2024,익산시
화물(소형),기아,봉고 전기차,1130,668.0,1798.0,2024년도 전기자동차 익산시 모델별 보조금,2024,익산시
화물(소형),기아,봉고 전기차 냉동탑차,1330,802.0,2132.0,2024년도 전기자동차 익산시 모델별 보조금,2024,익산시
화물(소형),기아,봉고 전기차 저상형 냉동탑차,1330,802.0,2132.0,2024년도 전기자동차 익산시 모델별 보조금,2024,익산시
화물(소형),일진정공,일진무시동전기냉동탑차(149.9km),916,582.0,1498.0,2024년도 전기자동차 익산시 모델별 보조금,2024,익산시
화물(소형),일진정공,일진무시동전기냉동탑차(186.1km),1169,743.0,1912.0,2024년도 전기자동차 익산시 모델별 보조금,2024,익산시
화물(소형),일진정공,일진무시동전기냉동탑차(봉고),1379,831.0,2210.0,2024년도 전기자동차 익산시 모델별 보조금,2024,익산시
화물(소형),일진정공,일진무시동전기냉동탑차(포터),1363,821.0,2184.0,2024년도 전기자동차 익산시 모델별 보조금,2024,익산시
화물(소형),루트17,다니고C(0.8톤 전기트럭),1068,620.0,1688.0,2024년도 전기자동차 익산시 모델별 보조금,2024,익산시
화물(소형),루트17,다니고C2(0.8톤 전기트럭),268,170.0,438.0,2024년도 전기자동차 익산시 모델별 보조금,2024,익산시
화물(소형),루트17,다니고R(전기냉동탑차),1224,729.0,1953.0,2024년도 전기자동차 익산시 모델별 보조금,2024,익산시
화물(소형),루트17,다니고R2(무시동 전기냉동탑차),1123,671.0,1794.0,2024년도 전기자동차 익산시 모델별 보조금,2024,익산시
화물(소형),루트17,e-TOVI,464,295.0,759.0,2024년도 전기자동차 익산시 모델별 보조금,2024,익산시
화물(소형),이브이케이엠씨,MASADA 픽업,295,187.0,482.0,2024년도 전기자동차 익산시 모델별 보조금,2024,익산시
화물(소형),이브이케이엠씨,MASADA 3세대 2밴,274,174.0,448.0,2024년도 전기자동차 익산시 모델별 보조금,2024,익산시
화물(소형),이브이케이엠씨,MASADA 3세대 4밴,246,156.0,402.0,2024년도 전기자동차 익산시 모델별 보조금,2024,익산시
화물(소형),이브이케이엠씨,MASADA 2밴,299,190.0,489.0,2024년도 전기자동차 익산시 모델별 보조금,2024,익산시
화물(소형),이브이케이엠씨,MASADA 4밴,269,171.0,440.0,2024년도 전기자동차 익산시 모델별 보조금,2024,익산시
화물(소형),이브이케이엠씨,EC35 2밴,194,123.0,317.0,2024년도 전기자동차 익산시 모델별 보조금,2024,익산시
화물(소형),제이스모빌리티,이티밴,405,257.0,662.0,2024년도 전기자동차 익산시 모델별 보조금,2024,익산시
화물(소형),제이스모빌리티,이티4밴,364,231.0,595.0,2024년도 전기자동차 익산시 모델별 보조금,2024,익산시
화물(소형),제이스모빌리티,이티밴 미니 2인승,412,262.0,674.0,2024년도 전기자동차 익산시 모델별 보조금,2024,익산시
화물(소형),제이스모빌리티,이티밴 미니 4인승,412,262.0,674.0,2024년도 전기자동차 익산시 모델별 보조금,2024,익산시
화물(소형),제이스모빌리티,이티밴 프로 2인승,412,262.0,674.0,2024년도 전기자동차 익산시 모델별 보조금,2024,익산시
화물(소형),제이스모빌리티,이티밴 프로 4인승,412,262.0,674.0,2024년도 전기자동차 익산시 모델별 보조금,2024,익산시
화물(소형),오텍,오텍 무시동 전기 냉동탑차(봉고),1118,540.0,1658.0,2024년도 전기자동차 익산시 모델별 보조금,2024,익산시
화물(소형),이엔플러스,이엔1톤롱바디카고,850,540.0,1390.0,2024년도 전기자동차 익산시 모델별 보조금,2024,익산시
화물(소형),이엔플러스,이엔플러스EV1톤롱바디트럭,895,569.0,1464.0,2024년도 전기자동차 익산시 모델별 보조금,2024,익산시
화물(소형),GS글로벌,T4K,462,294.0,756.0,2024년도 전기자동차 익산시 모델별 보조금,2024,익산시
화물(소형),GS글로벌,T4K 냉동탑차,711,452.0,1163.0,2024년도 전기자동차 익산시 모델별 보조금,2024,익산시
화물(소형),에스에스라이트,젤라,336,213.0,549.0,2024년도 전기자동차 익산시 모델별 보조금,2024,익산시
화물(소형),에스에스라이트,젤라 P200,478,304.0,782.0,2024년도 전기자동차 익산시 모델별 보조금,2024,익산시
화물(소형),한국쓰리축,한국쓰리축1톤롱바디EV트럭(봉고),837,532.0,1369.0,2024년도 전기자동차 익산시 모델별 보조금,2024,익산시
화물(소형),한국쓰리축,한국쓰리축1톤롱바디EV트럭(포터),855,544.0,1399.0,2024년도 전기자동차 익산시 모델별 보조금,2024,익산시
화물(소형),모빌리티네트웍스,SE-A2밴,333,211.0,544.0,2024년도 전기자동차 익산시 모델별 보조금,2024,익산시
화물(소형),피닉스코리아,썬라이즈-T01,412,262.0,674.0,2024년도 전기자동차 익산시 모델별 보조금,2024,익산시
화물(소형),케이지모빌리티,토레스 EVX VAN 20인치,392,422.0,814.0,2024년도 전기자동차 익산시 모델별 보조금,2024,익산시
화물(소형),케이지모빌리티,토레스 EVX VAN 18인치,394,424.0,818.0,2024년도 전기자동차 익산시 모델별 보조금,2024,익산시
화물(소형),한국상용트럭,한국상용1톤롱바디EV카고트럭,818,520.0,1338.0,2024년도 전기자동차 익산시 모델별 보조금,2024,익산시
화물(소형),한국상용트럭,한국상용0.9톤롱바디EV내장탑트럭,593,377.0,970.0,2024년도 전기자동차 익산시 모델별 보조금,2024,익산시
화물(소형),센트로에이케이,E-CV1,282,179.0,461.0,2024년도 전기자동차 익산시 모델별 보조금,2024,익산시
화물(소형),파츠몰에이투지,SW40,412,262.0,674.0,2024년도 전기자동차 익산시 모델별 보조금,2024,익산시
화물(소형),이브이앤솔루션,STEGO-Z,540,343.0,883.0,2024년도 전기자동차 익산시 모델별 보조금,2024,익산시
화물(초소형),마스타전기차,MASTA VAN,400,250.0,650.0,2024년도 전기자동차 정읍시 모델별 보조금,2024,정읍시
화물(초소형),마스타전기차,MASTA HIM,400,250.0,650.0,2024년도 전기자동차 정읍시 모델별 보조금,2024,정읍시
화물(초소형),디피코,포트로-탑,400,250.0,650.0,2024년도 전기자동차 정읍시 모델별 보조금,2024,정읍시
화물(초소형),디피코,포트로-픽업,400,250.0,650.0,2024년도 전기자동차 정읍시 모델별 보조금,2024,정읍시
화물(초소형),디피코,포트로-탑S,400,250.0,650.0,2024년도 전기자동차 정읍시 모델별 보조금,2024,정읍시
화물(초소형),디피코,포트로-픽업S,400,250.0,650.0,2024년도 전기자동차 정읍시 모델별 보조금,2024,정읍시
화물(초소형),마이브,베프,400,250.0,650.0,2024년도 전기자동차 정읍시 모델별 보조금,2024,정읍시
화물(경형),디피코,포트로350L-탑,788,492.0,1280.0,2024년도 전기자동차 정읍시 모델별 보조금,2024,정읍시
화물(경형),디피코,포트로350L-픽업,788,492.0,1280.0,2024년도 전기자동차 정읍시 모델별 보조금,2024,정읍시
화물(소형),파워프라자,봉고3ev PEACE,554,352.0,906.0,2024년도 전기자동차 정읍시 모델별 보조금,2024,정읍시
화물(소형),파워프라자,봉고3ev PEACE 더블캡,481,306.0,787.0,2024년도 전기자동차 정읍시 모델별 보조금,2024,정읍시
화물(소형),현대자동차,포터Ⅱ 일렉트릭(23MY),1090,668.0,1758.0,2024년도 전기자동차 정읍시 모델별 보조금,2024,정읍시
화물(소형),현대자동차,포터Ⅱ 일렉트릭(24MY),1090,668.0,1758.0,2024년도 전기자동차 정읍시 모델별 보조금,2024,정읍시
화물(소형),현대자동차,ST1 기본형 카고 17인치,1100,700.0,1800.0,2024년도 전기자동차 정읍시 모델별 보조금,2024,정읍시
화물(소형),현대자동차,ST1 기본형 카고 냉동 17인치,1450,922.0,2372.0,2024년도 전기자동차 정읍시 모델별 보조금,2024,정읍시
화물(소형),현대자동차,ST1 기본형 하이탑 17인치,1100,700.0,1800.0,2024년도 전기자동차 정읍시 모델별 보조금,2024,정읍시
화물(소형),기아,봉고 전기차,1130,668.0,1798.0,2024년도 전기자동차 정읍시 모델별 보조금,2024,정읍시
화물(소형),기아,봉고 전기차 냉동탑차,1330,802.0,2132.0,2024년도 전기자동차 정읍시 모델별 보조금,2024,정읍시
화물(소형),기아,봉고 전기차 저상형 냉동탑차,1330,802.0,2132.0,2024년도 전기자동차 정읍시 모델별 보조금,2024,정읍시
화물(소형),일진정공,일진무시동전기냉동탑차(149.9km),916,582.0,1498.0,2024년도 전기자동차 정읍시 모델별 보조금,2024,정읍시
화물(소형),일진정공,일진무시동전기냉동탑차(186.1km),1169,743.0,1912.0,2024년도 전기자동차 정읍시 모델별 보조금,2024,정읍시
화물(소형),일진정공,일진무시동전기냉동탑차(봉고),1379,831.0,2210.0,2024년도 전기자동차 정읍시 모델별 보조금,2024,정읍시
화물(소형),일진정공,일진무시동전기냉동탑차(포터),1363,821.0,2184.0,2024년도 전기자동차 정읍시 모델별 보조금,2024,정읍시
화물(소형),루트17,다니고C(0.8톤 전기트럭),1068,620.0,1688.0,2024년도 전기자동차 정읍시 모델별 보조금,2024,정읍시
화물(소형),루트17,다니고C2(0.8톤 전기트럭),268,170.0,438.0,2024년도 전기자동차 정읍시 모델별 보조금,2024,정읍시
화물(소형),루트17,다니고R(전기냉동탑차),1224,729.0,1953.0,2024년도 전기자동차 정읍시 모델별 보조금,2024,정읍시
화물(소형),루트17,다니고R2(무시동 전기냉동탑차),1123,671.0,1794.0,2024년도 전기자동차 정읍시 모델별 보조금,2024,정읍시
화물(소형),루트17,e-TOVI,464,295.0,759.0,2024년도 전기자동차 정읍시 모델별 보조금,2024,정읍시
화물(소형),이브이케이엠씨,MASADA 픽업,295,187.0,482.0,2024년도 전기자동차 정읍시 모델별 보조금,2024,정읍시
화물(소형),이브이케이엠씨,MASADA 3세대 2밴,274,174.0,448.0,2024년도 전기자동차 정읍시 모델별 보조금,2024,정읍시
화물(소형),이브이케이엠씨,MASADA 3세대 4밴,246,156.0,402.0,2024년도 전기자동차 정읍시 모델별 보조금,2024,정읍시
화물(소형),이브이케이엠씨,MASADA 2밴,299,190.0,489.0,2024년도 전기자동차 정읍시 모델별 보조금,2024,정읍시
화물(소형),이브이케이엠씨,MASADA 4밴,269,171.0,440.0,2024년도 전기자동차 정읍시 모델별 보조금,2024,정읍시
화물(소형),이브이케이엠씨,EC35 2밴,194,123.0,317.0,2024년도 전기자동차 정읍시 모델별 보조금,2024,정읍시
화물(소형),제이스모빌리티,이티밴,405,257.0,662.0,2024년도 전기자동차 정읍시 모델별 보조금,2024,정읍시
화물(소형),제이스모빌리티,이티4밴,364,231.0,595.0,2024년도 전기자동차 정읍시 모델별 보조금,2024,정읍시
화물(소형),제이스모빌리티,이티밴 미니 2인승,412,262.0,674.0,2024년도 전기자동차 정읍시 모델별 보조금,2024,정읍시
화물(소형),제이스모빌리티,이티밴 미니 4인승,412,262.0,674.0,2024년도 전기자동차 정읍시 모델별 보조금,2024,정읍시
화물(소형),제이스모빌리티,이티밴 프로 2인승,412,262.0,674.0,2024년도 전기자동차 정읍시 모델별 보조금,2024,정읍시
화물(소형),제이스모빌리티,이티밴 프로 4인승,412,262.0,674.0,2024년도 전기자동차 정읍시 모델별 보조금,2024,정읍시
화물(소형),오텍,오텍 무시동 전기 냉동탑차(봉고),1118,711.0,1829.0,2024년도 전기자동차 정읍시 모델별 보조금,2024,정읍시
화물(소형),이엔플러스,이엔1톤롱바디카고,850,540.0,1390.0,2024년도 전기자동차 정읍시 모델별 보조금,2024,정읍시
화물(소형),이엔플러스,이엔플러스EV1톤롱바디트럭,895,569.0,1464.0,2024년도 전기자동차 정읍시 모델별 보조금,2024,정읍시
화물(소형),GS글로벌,T4K,462,294.0,756.0,2024년도 전기자동차 정읍시 모델별 보조금,2024,정읍시
화물(소형),GS글로벌,T4K 냉동탑차,711,452.0,1163.0,2024년도 전기자동차 정읍시 모델별 보조금,2024,정읍시
화물(소형),에스에스라이트,젤라,336,213.0,549.0,2024년도 전기자동차 정읍시 모델별 보조금,2024,정읍시
화물(소형),에스에스라이트,젤라 P200,478,304.0,782.0,2024년도 전기자동차 정읍시 모델별 보조금,2024,정읍시
화물(소형),한국쓰리축,한국쓰리축1톤롱바디EV트럭(봉고),837,532.0,1369.0,2024년도 전기자동차 정읍시 모델별 보조금,2024,정읍시
화물(소형),한국쓰리축,한국쓰리축1톤롱바디EV트럭(포터),855,544.0,1399.0,2024년도 전기자동차 정읍시 모델별 보조금,2024,정읍시
화물(소형),모빌리티네트웍스,SE-A2밴,333,211.0,544.0,2024년도 전기자동차 정읍시 모델별 보조금,2024,정읍시
화물(소형),피닉스코리아,썬라이즈-T01,412,262.0,674.0,2024년도 전기자동차 정읍시 모델별 보조금,2024,정읍시
화물(소형),케이지모빌리티,토레스 EVX VAN 20인치,392,422.0,814.0,2024년도 전기자동차 정읍시 모델별 보조금,2024,정읍시
화물(소형),케이지모빌리티,토레스 EVX VAN 18인치,394,424.0,818.0,2024년도 전기자동차 정읍시 모델별 보조금,2024,정읍시
화물(소형),한국상용트럭,한국상용1톤롱바디EV카고트럭,818,520.0,1338.0,2024년도 전기자동차 정읍시 모델별 보조금,2024,정읍시
화물(소형),한국상용트럭,한국상용0.9톤롱바디EV내장탑트럭,593,377.0,970.0,2024년도 전기자동차 정읍시 모델별 보조금,2024,정읍시
화물(소형),센트로에이케이,E-CV1,282,179.0,461.0,2024년도 전기자동차 정읍시 모델별 보조금,2024,정읍시
화물(소형),파츠몰에이투지,SW40,412,262.0,674.0,2024년도 전기자동차 정읍시 모델별 보조금,2024,정읍시
화물(소형),이브이앤솔루션,STEGO-Z,540,343.0,883.0,2024년도 전기자동차 정읍시 모델별 보조금,2024,정읍시
화물(초소형),마스타전기차,MASTA VAN,400,250.0,650.0,2024년도 전기자동차 남원시 모델별 보조금,2024,남원시
화물(초소형),마스타전기차,MASTA HIM,400,250.0,650.0,2024년도 전기자동차 남원시 모델별 보조금,2024,남원시
화물(초소형),디피코,포트로-탑,400,250.0,650.0,2024년도 전기자동차 남원시 모델별 보조금,2024,남원시
화물(초소형),디피코,포트로-픽업,400,250.0,650.0,2024년도 전기자동차 남원시 모델별 보조금,2024,남원시
화물(초소형),디피코,포트로-탑S,400,250.0,650.0,2024년도 전기자동차 남원시 모델별 보조금,2024,남원시
화물(초소형),디피코,포트로-픽업S,400,250.0,650.0,2024년도 전기자동차 남원시 모델별 보조금,2024,남원시
화물(초소형),마이브,베프,400,0.0,400.0,2024년도 전기자동차 남원시 모델별 보조금,2024,남원시
화물(경형),디피코,포트로350L-탑,788,492.0,1280.0,2024년도 전기자동차 남원시 모델별 보조금,2024,남원시
화물(경형),디피코,포트로350L-픽업,788,492.0,1280.0,2024년도 전기자동차 남원시 모델별 보조금,2024,남원시
화물(소형),파워프라자,봉고3ev PEACE,554,352.0,906.0,2024년도 전기자동차 남원시 모델별 보조금,2024,남원시
화물(소형),파워프라자,봉고3ev PEACE 더블캡,481,306.0,787.0,2024년도 전기자동차 남원시 모델별 보조금,2024,남원시
화물(소형),현대자동차,포터Ⅱ 일렉트릭(23MY),1090,668.0,1758.0,2024년도 전기자동차 남원시 모델별 보조금,2024,남원시
화물(소형),현대자동차,포터Ⅱ 일렉트릭(24MY),1090,668.0,1758.0,2024년도 전기자동차 남원시 모델별 보조금,2024,남원시
화물(소형),현대자동차,ST1 기본형 카고 17인치,1100,700.0,1800.0,2024년도 전기자동차 남원시 모델별 보조금,2024,남원시
화물(소형),현대자동차,ST1 기본형 카고 냉동 17인치,1450,922.0,2372.0,2024년도 전기자동차 남원시 모델별 보조금,2024,남원시
화물(소형),기아,봉고 전기차,1130,668.0,1798.0,2024년도 전기자동차 남원시 모델별 보조금,2024,남원시
화물(소형),기아,봉고 전기차 냉동탑차,1330,802.0,2132.0,2024년도 전기자동차 남원시 모델별 보조금,2024,남원시
화물(소형),기아,봉고 전기차 저상형 냉동탑차,1330,802.0,2132.0,2024년도 전기자동차 남원시 모델별 보조금,2024,남원시
화물(소형),일진정공,일진무시동전기냉동탑차(149.9km),916,582.0,1498.0,2024년도 전기자동차 남원시 모델별 보조금,2024,남원시
화물(소형),일진정공,일진무시동전기냉동탑차(186.1km),1169,743.0,1912.0,2024년도 전기자동차 남원시 모델별 보조금,2024,남원시
화물(소형),일진정공,일진무시동전기냉동탑차(봉고),1379,831.0,2210.0,2024년도 전기자동차 남원시 모델별 보조금,2024,남원시
화물(소형),일진정공,일진무시동전기냉동탑차(포터),1363,821.0,2184.0,2024년도 전기자동차 남원시 모델별 보조금,2024,남원시
화물(소형),루트17,다니고C(0.8톤 전기트럭),1068,620.0,1688.0,2024년도 전기자동차 남원시 모델별 보조금,2024,남원시
화물(소형),루트17,다니고C2(0.8톤 전기트럭),268,170.0,438.0,2024년도 전기자동차 남원시 모델별 보조금,2024,남원시
화물(소형),루트17,다니고R(전기냉동탑차),1224,729.0,1953.0,2024년도 전기자동차 남원시 모델별 보조금,2024,남원시
화물(소형),루트17,다니고R2(무시동 전기냉동탑차),1123,671.0,1794.0,2024년도 전기자동차 남원시 모델별 보조금,2024,남원시
화물(소형),루트17,e-TOVI,464,295.0,759.0,2024년도 전기자동차 남원시 모델별 보조금,2024,남원시
화물(소형),이브이케이엠씨,MASADA 픽업,295,187.0,482.0,2024년도 전기자동차 남원시 모델별 보조금,2024,남원시
화물(소형),이브이케이엠씨,MASADA 3세대 2밴,274,174.0,448.0,2024년도 전기자동차 남원시 모델별 보조금,2024,남원시
화물(소형),이브이케이엠씨,MASADA 3세대 4밴,246,156.0,402.0,2024년도 전기자동차 남원시 모델별 보조금,2024,남원시
화물(소형),이브이케이엠씨,MASADA 2밴,299,190.0,489.0,2024년도 전기자동차 남원시 모델별 보조금,2024,남원시
화물(소형),이브이케이엠씨,MASADA 4밴,269,171.0,440.0,2024년도 전기자동차 남원시 모델별 보조금,2024,남원시
화물(소형),이브이케이엠씨,EC35 2밴,194,123.0,317.0,2024년도 전기자동차 남원시 모델별 보조금,2024,남원시
화물(소형),제이스모빌리티,이티밴,405,257.0,662.0,2024년도 전기자동차 남원시 모델별 보조금,2024,남원시
화물(소형),제이스모빌리티,이티4밴,364,231.0,595.0,2024년도 전기자동차 남원시 모델별 보조금,2024,남원시
화물(소형),제이스모빌리티,이티밴 미니 2인승,412,262.0,674.0,2024년도 전기자동차 남원시 모델별 보조금,2024,남원시
화물(소형),제이스모빌리티,이티밴 미니 4인승,412,262.0,674.0,2024년도 전기자동차 남원시 모델별 보조금,2024,남원시
화물(소형),제이스모빌리티,이티밴 프로 2인승,412,262.0,674.0,2024년도 전기자동차 남원시 모델별 보조금,2024,남원시
화물(소형),제이스모빌리티,이티밴 프로 4인승,412,262.0,674.0,2024년도 전기자동차 남원시 모델별 보조금,2024,남원시
화물(소형),오텍,오텍 무시동 전기 냉동탑차(봉고),1118,711.0,1829.0,2024년도 전기자동차 남원시 모델별 보조금,2024,남원시
화물(소형),이엔플러스,이엔1톤롱바디카고,850,540.0,1390.0,2024년도 전기자동차 남원시 모델별 보조금,2024,남원시
화물(소형),이엔플러스,이엔플러스EV1톤롱바디트럭,895,569.0,1464.0,2024년도 전기자동차 남원시 모델별 보조금,2024,남원시
화물(소형),GS글로벌,T4K,462,294.0,756.0,2024년도 전기자동차 남원시 모델별 보조금,2024,남원시
화물(소형),GS글로벌,T4K 냉동탑차,711,452.0,1163.0,2024년도 전기자동차 남원시 모델별 보조금,2024,남원시
화물(소형),에스에스라이트,젤라,336,213.0,549.0,2024년도 전기자동차 남원시 모델별 보조금,2024,남원시
화물(소형),에스에스라이트,젤라 P200,478,304.0,782.0,2024년도 전기자동차 남원시 모델별 보조금,2024,남원시
화물(소형),한국쓰리축,한국쓰리축1톤롱바디EV트럭(봉고),837,532.0,1369.0,2024년도 전기자동차 남원시 모델별 보조금,2024,남원시
화물(소형),한국쓰리축,한국쓰리축1톤롱바디EV트럭(포터),855,544.0,1399.0,2024년도 전기자동차 남원시 모델별 보조금,2024,남원시
화물(소형),모빌리티네트웍스,SE-A2밴,333,211.0,544.0,2024년도 전기자동차 남원시 모델별 보조금,2024,남원시
화물(소형),피닉스코리아,썬라이즈-T01,412,0.0,412.0,2024년도 전기자동차 남원시 모델별 보조금,2024,남원시
화물(소형),케이지모빌리티,토레스 EVX VAN 20인치,392,422.0,814.0,2024년도 전기자동차 남원시 모델별 보조금,2024,남원시
화물(소형),케이지모빌리티,토레스 EVX VAN 18인치,394,424.0,818.0,2024년도 전기자동차 남원시 모델별 보조금,2024,남원시
화물(소형),한국상용트럭,한국상용1톤롱바디EV카고트럭,818,520.0,1338.0,2024년도 전기자동차 남원시 모델별 보조금,2024,남원시
화물(소형),한국상용트럭,한국상용0.9톤롱바디EV내장탑트럭,593,377.0,970.0,2024년도 전기자동차 남원시 모델별 보조금,2024,남원시
화물(소형),센트로에이케이,E-CV1,282,179.0,461.0,2024년도 전기자동차 남원시 모델별 보조금,2024,남원시
화물(소형),파츠몰에이투지,SW40,412,262.0,674.0,2024년도 전기자동차 남원시 모델별 보조금,2024,남원시
화물(소형),이브이앤솔루션,STEGO-Z,540,343.0,883.0,2024년도 전기자동차 남원시 모델별 보조금,2024,남원시
화물(초소형),마스타전기차,MASTA VAN,400,250.0,650.0,2024년도 전기자동차 김제시 모델별 보조금,2024,김제시
화물(초소형),마스타전기차,MASTA HIM,400,250.0,650.0,2024년도 전기자동차 김제시 모델별 보조금,2024,김제시
화물(초소형),디피코,포트로-탑,400,250.0,650.0,2024년도 전기자동차 김제시 모델별 보조금,2024,김제시
화물(초소형),디피코,포트로-픽업,400,250.0,650.0,2024년도 전기자동차 김제시 모델별 보조금,2024,김제시
화물(초소형),디피코,포트로-탑S,400,250.0,650.0,2024년도 전기자동차 김제시 모델별 보조금,2024,김제시
화물(초소형),디피코,포트로-픽업S,400,250.0,650.0,2024년도 전기자동차 김제시 모델별 보조금,2024,김제시
화물(초소형),마이브,베프,400,0.0,400.0,2024년도 전기자동차 김제시 모델별 보조금,2024,김제시
화물(경형),디피코,포트로350L-탑,788,492.0,1280.0,2024년도 전기자동차 김제시 모델별 보조금,2024,김제시
화물(경형),디피코,포트로350L-픽업,788,492.0,1280.0,2024년도 전기자동차 김제시 모델별 보조금,2024,김제시
화물(소형),파워프라자,봉고3ev PEACE,554,352.0,906.0,2024년도 전기자동차 김제시 모델별 보조금,2024,김제시
화물(소형),파워프라자,봉고3ev PEACE 더블캡,481,306.0,787.0,2024년도 전기자동차 김제시 모델별 보조금,2024,김제시
화물(소형),현대자동차,포터Ⅱ 일렉트릭(23MY),1090,668.0,1758.0,2024년도 전기자동차 김제시 모델별 보조금,2024,김제시
화물(소형),현대자동차,포터Ⅱ 일렉트릭(24MY),1090,668.0,1758.0,2024년도 전기자동차 김제시 모델별 보조금,2024,김제시
화물(소형),현대자동차,ST1 기본형 카고 17인치,1100,700.0,1800.0,2024년도 전기자동차 김제시 모델별 보조금,2024,김제시
화물(소형),현대자동차,ST1 기본형 카고 냉동 17인치,1450,922.0,2372.0,2024년도 전기자동차 김제시 모델별 보조금,2024,김제시
화물(소형),현대자동차,ST1 기본형 하이탑 17인치,1100,700.0,1800.0,2024년도 전기자동차 김제시 모델별 보조금,2024,김제시
화물(소형),기아,봉고 전기차,1130,668.0,1798.0,2024년도 전기자동차 김제시 모델별 보조금,2024,김제시
화물(소형),기아,봉고 전기차 냉동탑차,1330,802.0,2132.0,2024년도 전기자동차 김제시 모델별 보조금,2024,김제시
화물(소형),기아,봉고 전기차 저상형 냉동탑차,1330,802.0,2132.0,2024년도 전기자동차 김제시 모델별 보조금,2024,김제시
화물(소형),일진정공,일진무시동전기냉동탑차(149.9km),916,582.0,1498.0,2024년도 전기자동차 김제시 모델별 보조금,2024,김제시
화물(소형),일진정공,일진무시동전기냉동탑차(186.1km),1169,743.0,1912.0,2024년도 전기자동차 김제시 모델별 보조금,2024,김제시
화물(소형),일진정공,일진무시동전기냉동탑차(봉고),1379,831.0,2210.0,2024년도 전기자동차 김제시 모델별 보조금,2024,김제시
화물(소형),일진정공,일진무시동전기냉동탑차(포터),1363,821.0,2184.0,2024년도 전기자동차 김제시 모델별 보조금,2024,김제시
화물(소형),루트17,다니고C(0.8톤 전기트럭),1068,620.0,1688.0,2024년도 전기자동차 김제시 모델별 보조금,2024,김제시
화물(소형),루트17,다니고C2(0.8톤 전기트럭),268,170.0,438.0,2024년도 전기자동차 김제시 모델별 보조금,2024,김제시
화물(소형),루트17,다니고R(전기냉동탑차),1224,729.0,1953.0,2024년도 전기자동차 김제시 모델별 보조금,2024,김제시
화물(소형),루트17,다니고R2(무시동 전기냉동탑차),1123,671.0,1794.0,2024년도 전기자동차 김제시 모델별 보조금,2024,김제시
화물(소형),루트17,e-TOVI,464,295.0,759.0,2024년도 전기자동차 김제시 모델별 보조금,2024,김제시
화물(소형),이브이케이엠씨,MASADA 픽업,295,187.0,482.0,2024년도 전기자동차 김제시 모델별 보조금,2024,김제시
화물(소형),이브이케이엠씨,MASADA 3세대 2밴,274,174.0,448.0,2024년도 전기자동차 김제시 모델별 보조금,2024,김제시
화물(소형),이브이케이엠씨,MASADA 3세대 4밴,246,156.0,402.0,2024년도 전기자동차 김제시 모델별 보조금,2024,김제시
화물(소형),이브이케이엠씨,MASADA 2밴,299,190.0,489.0,2024년도 전기자동차 김제시 모델별 보조금,2024,김제시
화물(소형),이브이케이엠씨,MASADA 4밴,269,171.0,440.0,2024년도 전기자동차 김제시 모델별 보조금,2024,김제시
화물(소형),이브이케이엠씨,EC35 2밴,194,123.0,317.0,2024년도 전기자동차 김제시 모델별 보조금,2024,김제시
화물(소형),제이스모빌리티,이티밴,405,257.0,662.0,2024년도 전기자동차 김제시 모델별 보조금,2024,김제시
화물(소형),제이스모빌리티,이티4밴,364,231.0,595.0,2024년도 전기자동차 김제시 모델별 보조금,2024,김제시
화물(소형),제이스모빌리티,이티밴 미니 2인승,412,262.0,674.0,2024년도 전기자동차 김제시 모델별 보조금,2024,김제시
화물(소형),제이스모빌리티,이티밴 미니 4인승,412,262.0,674.0,2024년도 전기자동차 김제시 모델별 보조금,2024,김제시
화물(소형),제이스모빌리티,이티밴 프로 2인승,412,262.0,674.0,2024년도 전기자동차 김제시 모델별 보조금,2024,김제시
화물(소형),제이스모빌리티,이티밴 프로 4인승,412,262.0,674.0,2024년도 전기자동차 김제시 모델별 보조금,2024,김제시
화물(소형),오텍,오텍 무시동 전기 냉동탑차(봉고),1118,711.0,1829.0,2024년도 전기자동차 김제시 모델별 보조금,2024,김제시
화물(소형),이엔플러스,이엔1톤롱바디카고,850,540.0,1390.0,2024년도 전기자동차 김제시 모델별 보조금,2024,김제시
화물(소형),이엔플러스,이엔플러스EV1톤롱바디트럭,895,569.0,1464.0,2024년도 전기자동차 김제시 모델별 보조금,2024,김제시
화물(소형),GS글로벌,T4K,462,294.0,756.0,2024년도 전기자동차 김제시 모델별 보조금,2024,김제시
화물(소형),GS글로벌,T4K 냉동탑차,711,452.0,1163.0,2024년도 전기자동차 김제시 모델별 보조금,2024,김제시
화물(소형),에스에스라이트,젤라,336,213.0,549.0,2024년도 전기자동차 김제시 모델별 보조금,2024,김제시
화물(소형),에스에스라이트,젤라 P200,478,304.0,782.0,2024년도 전기자동차 김제시 모델별 보조금,2024,김제시
화물(소형),한국쓰리축,한국쓰리축1톤롱바디EV트럭(봉고),837,532.0,1369.0,2024년도 전기자동차 김제시 모델별 보조금,2024,김제시
화물(소형),한국쓰리축,한국쓰리축1톤롱바디EV트럭(포터),855,544.0,1399.0,2024년도 전기자동차 김제시 모델별 보조금,2024,김제시
화물(소형),모빌리티네트웍스,SE-A2밴,333,211.0,544.0,2024년도 전기자동차 김제시 모델별 보조금,2024,김제시
화물(소형),피닉스코리아,썬라이즈-T01,412,262.0,674.0,2024년도 전기자동차 김제시 모델별 보조금,2024,김제시
화물(소형),케이지모빌리티,토레스 EVX VAN 20인치,392,422.0,814.0,2024년도 전기자동차 김제시 모델별 보조금,2024,김제시
화물(소형),케이지모빌리티,토레스 EVX VAN 18인치,394,424.0,818.0,2024년도 전기자동차 김제시 모델별 보조금,2024,김제시
화물(소형),한국상용트럭,한국상용1톤롱바디EV카고트럭,818,520.0,1338.0,2024년도 전기자동차 김제시 모델별 보조금,2024,김제시
화물(소형),한국상용트럭,한국상용0.9톤롱바디EV내장탑트럭,593,377.0,970.0,2024년도 전기자동차 김제시 모델별 보조금,2024,김제시
화물(소형),센트로에이케이,E-CV1,282,179.0,461.0,2024년도 전기자동차 김제시 모델별 보조금,2024,김제시
화물(소형),파츠몰에이투지,SW40,412,262.0,674.0,2024년도 전기자동차 김제시 모델별 보조금,2024,김제시
화물(소형),이브이앤솔루션,STEGO-Z,540,343.0,883.0,2024년도 전기자동차 김제시 모델별 보조금,2024,김제시
화물(초소형),마스타전기차,MASTA VAN,400,250.0,650.0,2024년도 전기자동차 완주군 모델별 보조금,2024,완주군
화물(초소형),마스타전기차,MASTA HIM,400,250.0,650.0,2024년도 전기자동차 완주군 모델별 보조금,2024,완주군
화물(초소형),디피코,포트로-탑,400,250.0,650.0,2024년도 전기자동차 완주군 모델별 보조금,2024,완주군
화물(초소형),디피코,포트로-픽업,400,250.0,650.0,2024년도 전기자동차 완주군 모델별 보조금,2024,완주군
화물(초소형),디피코,포트로-탑S,400,250.0,650.0,2024년도 전기자동차 완주군 모델별 보조금,2024,완주군
화물(초소형),디피코,포트로-픽업S,400,250.0,650.0,2024년도 전기자동차 완주군 모델별 보조금,2024,완주군
화물(경형),디피코,포트로350L-탑,788,492.0,1280.0,2024년도 전기자동차 완주군 모델별 보조금,2024,완주군
화물(경형),디피코,포트로350L-픽업,788,492.0,1280.0,2024년도 전기자동차 완주군 모델별 보조금,2024,완주군
화물(소형),파워프라자,봉고3ev PEACE,554,352.0,906.0,2024년도 전기자동차 완주군 모델별 보조금,2024,완주군
화물(소형),파워프라자,봉고3ev PEACE 더블캡,481,306.0,787.0,2024년도 전기자동차 완주군 모델별 보조금,2024,완주군
화물(소형),현대자동차,포터Ⅱ 일렉트릭(23MY),1090,668.0,1758.0,2024년도 전기자동차 완주군 모델별 보조금,2024,완주군
화물(소형),현대자동차,포터Ⅱ 일렉트릭(24MY),1090,668.0,1758.0,2024년도 전기자동차 완주군 모델별 보조금,2024,완주군
화물(소형),현대자동차,ST1 기본형 카고 17인치,1100,700.0,1800.0,2024년도 전기자동차 완주군 모델별 보조금,2024,완주군
화물(소형),현대자동차,ST1 기본형 카고 냉동 17인치,1450,922.0,2372.0,2024년도 전기자동차 완주군 모델별 보조금,2024,완주군
화물(소형),기아,봉고 전기차,1130,668.0,1798.0,2024년도 전기자동차 완주군 모델별 보조금,2024,완주군
화물(소형),기아,봉고 전기차 냉동탑차,1330,802.0,2132.0,2024년도 전기자동차 완주군 모델별 보조금,2024,완주군
화물(소형),기아,봉고 전기차 저상형 냉동탑차,1330,802.0,2132.0,2024년도 전기자동차 완주군 모델별 보조금,2024,완주군
화물(소형),일진정공,일진무시동전기냉동탑차(149.9km),916,582.0,1498.0,2024년도 전기자동차 완주군 모델별 보조금,2024,완주군
화물(소형),일진정공,일진무시동전기냉동탑차(186.1km),1169,743.0,1912.0,2024년도 전기자동차 완주군 모델별 보조금,2024,완주군
화물(소형),일진정공,일진무시동전기냉동탑차(봉고),1379,831.0,2210.0,2024년도 전기자동차 완주군 모델별 보조금,2024,완주군
화물(소형),일진정공,일진무시동전기냉동탑차(포터),1363,821.0,2184.0,2024년도 전기자동차 완주군 모델별 보조금,2024,완주군
화물(소형),루트17,다니고C(0.8톤 전기트럭),1068,620.0,1688.0,2024년도 전기자동차 완주군 모델별 보조금,2024,완주군
화물(소형),루트17,다니고C2(0.8톤 전기트럭),268,170.0,438.0,2024년도 전기자동차 완주군 모델별 보조금,2024,완주군
화물(소형),루트17,다니고R(전기냉동탑차),1224,729.0,1953.0,2024년도 전기자동차 완주군 모델별 보조금,2024,완주군
화물(소형),루트17,다니고R2(무시동 전기냉동탑차),1123,671.0,1794.0,2024년도 전기자동차 완주군 모델별 보조금,2024,완주군
화물(소형),루트17,e-TOVI,464,295.0,759.0,2024년도 전기자동차 완주군 모델별 보조금,2024,완주군
화물(소형),이브이케이엠씨,MASADA 픽업,295,187.0,482.0,2024년도 전기자동차 완주군 모델별 보조금,2024,완주군
화물(소형),이브이케이엠씨,MASADA 3세대 2밴,274,174.0,448.0,2024년도 전기자동차 완주군 모델별 보조금,2024,완주군
화물(소형),이브이케이엠씨,MASADA 3세대 4밴,246,156.0,402.0,2024년도 전기자동차 완주군 모델별 보조금,2024,완주군
화물(소형),이브이케이엠씨,MASADA 2밴,299,190.0,489.0,2024년도 전기자동차 완주군 모델별 보조금,2024,완주군
화물(소형),이브이케이엠씨,MASADA 4밴,269,171.0,440.0,2024년도 전기자동차 완주군 모델별 보조금,2024,완주군
화물(소형),이브이케이엠씨,EC35 2밴,194,123.0,317.0,2024년도 전기자동차 완주군 모델별 보조금,2024,완주군
화물(소형),제이스모빌리티,이티밴,405,257.0,662.0,2024년도 전기자동차 완주군 모델별 보조금,2024,완주군
화물(소형),제이스모빌리티,이티4밴,364,231.0,595.0,2024년도 전기자동차 완주군 모델별 보조금,2024,완주군
화물(소형),제이스모빌리티,이티밴 미니 2인승,412,262.0,674.0,2024년도 전기자동차 완주군 모델별 보조금,2024,완주군
화물(소형),제이스모빌리티,이티밴 미니 4인승,412,262.0,674.0,2024년도 전기자동차 완주군 모델별 보조금,2024,완주군
화물(소형),제이스모빌리티,이티밴 프로 2인승,412,262.0,674.0,2024년도 전기자동차 완주군 모델별 보조금,2024,완주군
화물(소형),제이스모빌리티,이티밴 프로 4인승,412,262.0,674.0,2024년도 전기자동차 완주군 모델별 보조금,2024,완주군
화물(소형),오텍,오텍 무시동 전기 냉동탑차(봉고),1118,711.0,1829.0,2024년도 전기자동차 완주군 모델별 보조금,2024,완주군
화물(소형),이엔플러스,이엔1톤롱바디카고,850,540.0,1390.0,2024년도 전기자동차 완주군 모델별 보조금,2024,완주군
화물(소형),이엔플러스,이엔플러스EV1톤롱바디트럭,895,569.0,1464.0,2024년도 전기자동차 완주군 모델별 보조금,2024,완주군
화물(소형),GS글로벌,T4K,462,294.0,756.0,2024년도 전기자동차 완주군 모델별 보조금,2024,완주군
화물(소형),GS글로벌,T4K 냉동탑차,711,452.0,1163.0,2024년도 전기자동차 완주군 모델별 보조금,2024,완주군
화물(소형),에스에스라이트,젤라,336,213.0,549.0,2024년도 전기자동차 완주군 모델별 보조금,2024,완주군
화물(소형),에스에스라이트,젤라 P200,478,304.0,782.0,2024년도 전기자동차 완주군 모델별 보조금,2024,완주군
화물(소형),한국쓰리축,한국쓰리축1톤롱바디EV트럭(봉고),837,532.0,1369.0,2024년도 전기자동차 완주군 모델별 보조금,2024,완주군
화물(소형),한국쓰리축,한국쓰리축1톤롱바디EV트럭(포터),855,544.0,1399.0,2024년도 전기자동차 완주군 모델별 보조금,2024,완주군
화물(소형),모빌리티네트웍스,SE-A2밴,333,211.0,544.0,2024년도 전기자동차 완주군 모델별 보조금,2024,완주군
화물(소형),피닉스코리아,썬라이즈-T01,412,262.0,674.0,2024년도 전기자동차 완주군 모델별 보조금,2024,완주군
화물(소형),케이지모빌리티,토레스 EVX VAN 20인치,392,249.0,641.0,2024년도 전기자동차 완주군 모델별 보조금,2024,완주군
화물(소형),케이지모빌리티,토레스 EVX VAN 18인치,394,250.0,644.0,2024년도 전기자동차 완주군 모델별 보조금,2024,완주군
화물(소형),한국상용트럭,한국상용1톤롱바디EV카고트럭,818,520.0,1338.0,2024년도 전기자동차 완주군 모델별 보조금,2024,완주군
화물(소형),한국상용트럭,한국상용0.9톤롱바디EV내장탑트럭,593,377.0,970.0,2024년도 전기자동차 완주군 모델별 보조금,2024,완주군
화물(초소형),마스타전기차,MASTA VAN,400,250.0,650.0,2024년도 전기자동차 진안군 모델별 보조금,2024,진안군
화물(초소형),마스타전기차,MASTA HIM,400,250.0,650.0,2024년도 전기자동차 진안군 모델별 보조금,2024,진안군
화물(초소형),디피코,포트로-탑,400,250.0,650.0,2024년도 전기자동차 진안군 모델별 보조금,2024,진안군
화물(초소형),디피코,포트로-픽업,400,250.0,650.0,2024년도 전기자동차 진안군 모델별 보조금,2024,진안군
화물(초소형),디피코,포트로-탑S,400,250.0,650.0,2024년도 전기자동차 진안군 모델별 보조금,2024,진안군
화물(초소형),디피코,포트로-픽업S,400,250.0,650.0,2024년도 전기자동차 진안군 모델별 보조금,2024,진안군
화물(초소형),마이브,베프,400,250.0,650.0,2024년도 전기자동차 진안군 모델별 보조금,2024,진안군
화물(경형),디피코,포트로350L-탑,788,492.0,1280.0,2024년도 전기자동차 진안군 모델별 보조금,2024,진안군
화물(경형),디피코,포트로350L-픽업,788,492.0,1280.0,2024년도 전기자동차 진안군 모델별 보조금,2024,진안군
화물(소형),파워프라자,봉고3ev PEACE,554,352.0,906.0,2024년도 전기자동차 진안군 모델별 보조금,2024,진안군
화물(소형),파워프라자,봉고3ev PEACE 더블캡,481,306.0,787.0,2024년도 전기자동차 진안군 모델별 보조금,2024,진안군
화물(소형),현대자동차,포터Ⅱ 일렉트릭(23MY),1090,668.0,1758.0,2024년도 전기자동차 진안군 모델별 보조금,2024,진안군
화물(소형),현대자동차,포터Ⅱ 일렉트릭(24MY),1090,668.0,1758.0,2024년도 전기자동차 진안군 모델별 보조금,2024,진안군
화물(소형),현대자동차,ST1 기본형 카고 17인치,1100,700.0,1800.0,2024년도 전기자동차 진안군 모델별 보조금,2024,진안군
화물(소형),현대자동차,ST1 기본형 카고 냉동 17인치,1450,922.0,2372.0,2024년도 전기자동차 진안군 모델별 보조금,2024,진안군
화물(소형),현대자동차,ST1 기본형 하이탑 17인치,1100,700.0,1800.0,2024년도 전기자동차 진안군 모델별 보조금,2024,진안군
화물(소형),기아,봉고 전기차,1130,668.0,1798.0,2024년도 전기자동차 진안군 모델별 보조금,2024,진안군
화물(소형),기아,봉고 전기차 냉동탑차,1330,802.0,2132.0,2024년도 전기자동차 진안군 모델별 보조금,2024,진안군
화물(소형),기아,봉고 전기차 저상형 냉동탑차,1330,802.0,2132.0,2024년도 전기자동차 진안군 모델별 보조금,2024,진안군
화물(소형),일진정공,일진무시동전기냉동탑차(149.9km),916,582.0,1498.0,2024년도 전기자동차 진안군 모델별 보조금,2024,진안군
화물(소형),일진정공,일진무시동전기냉동탑차(186.1km),1169,743.0,1912.0,2024년도 전기자동차 진안군 모델별 보조금,2024,진안군
화물(소형),일진정공,일진무시동전기냉동탑차(봉고),1379,831.0,2210.0,2024년도 전기자동차 진안군 모델별 보조금,2024,진안군
화물(소형),일진정공,일진무시동전기냉동탑차(포터),1363,821.0,2184.0,2024년도 전기자동차 진안군 모델별 보조금,2024,진안군
화물(소형),루트17,다니고C(0.8톤 전기트럭),1068,620.0,1688.0,2024년도 전기자동차 진안군 모델별 보조금,2024,진안군
화물(소형),루트17,다니고C2(0.8톤 전기트럭),268,170.0,438.0,2024년도 전기자동차 진안군 모델별 보조금,2024,진안군
화물(소형),루트17,다니고R(전기냉동탑차),1224,729.0,1953.0,2024년도 전기자동차 진안군 모델별 보조금,2024,진안군
화물(소형),루트17,다니고R2(무시동 전기냉동탑차),1123,671.0,1794.0,2024년도 전기자동차 진안군 모델별 보조금,2024,진안군
화물(소형),루트17,e-TOVI,464,295.0,759.0,2024년도 전기자동차 진안군 모델별 보조금,2024,진안군
화물(소형),이브이케이엠씨,MASADA 픽업,295,187.0,482.0,2024년도 전기자동차 진안군 모델별 보조금,2024,진안군
화물(소형),이브이케이엠씨,MASADA 3세대 2밴,274,174.0,448.0,2024년도 전기자동차 진안군 모델별 보조금,2024,진안군
화물(소형),이브이케이엠씨,MASADA 3세대 4밴,246,156.0,402.0,2024년도 전기자동차 진안군 모델별 보조금,2024,진안군
화물(소형),이브이케이엠씨,MASADA 2밴,299,190.0,489.0,2024년도 전기자동차 진안군 모델별 보조금,2024,진안군
화물(소형),이브이케이엠씨,MASADA 4밴,269,171.0,440.0,2024년도 전기자동차 진안군 모델별 보조금,2024,진안군
화물(소형),이브이케이엠씨,EC35 2밴,194,123.0,317.0,2024년도 전기자동차 진안군 모델별 보조금,2024,진안군
화물(소형),제이스모빌리티,이티밴,405,257.0,662.0,2024년도 전기자동차 진안군 모델별 보조금,2024,진안군
화물(소형),제이스모빌리티,이티4밴,364,231.0,595.0,2024년도 전기자동차 진안군 모델별 보조금,2024,진안군
화물(소형),제이스모빌리티,이티밴 미니 2인승,412,262.0,674.0,2024년도 전기자동차 진안군 모델별 보조금,2024,진안군
화물(소형),제이스모빌리티,이티밴 미니 4인승,412,262.0,674.0,2024년도 전기자동차 진안군 모델별 보조금,2024,진안군
화물(소형),제이스모빌리티,이티밴 프로 2인승,412,262.0,674.0,2024년도 전기자동차 진안군 모델별 보조금,2024,진안군
화물(소형),제이스모빌리티,이티밴 프로 4인승,412,262.0,674.0,2024년도 전기자동차 진안군 모델별 보조금,2024,진안군
화물(소형),오텍,오텍 무시동 전기 냉동탑차(봉고),1118,711.0,1829.0,2024년도 전기자동차 진안군 모델별 보조금,2024,진안군
화물(소형),이엔플러스,이엔1톤롱바디카고,850,540.0,1390.0,2024년도 전기자동차 진안군 모델별 보조금,2024,진안군
화물(소형),이엔플러스,이엔플러스EV1톤롱바디트럭,895,569.0,1464.0,2024년도 전기자동차 진안군 모델별 보조금,2024,진안군
화물(소형),GS글로벌,T4K,462,294.0,756.0,2024년도 전기자동차 진안군 모델별 보조금,2024,진안군
화물(소형),GS글로벌,T4K 냉동탑차,711,452.0,1163.0,2024년도 전기자동차 진안군 모델별 보조금,2024,진안군
화물(소형),에스에스라이트,젤라,336,213.0,549.0,2024년도 전기자동차 진안군 모델별 보조금,2024,진안군
화물(소형),에스에스라이트,젤라 P200,478,304.0,782.0,2024년도 전기자동차 진안군 모델별 보조금,2024,진안군
화물(소형),한국쓰리축,한국쓰리축1톤롱바디EV트럭(봉고),837,532.0,1369.0,2024년도 전기자동차 진안군 모델별 보조금,2024,진안군
화물(소형),한국쓰리축,한국쓰리축1톤롱바디EV트럭(포터),855,544.0,1399.0,2024년도 전기자동차 진안군 모델별 보조금,2024,진안군
화물(소형),모빌리티네트웍스,SE-A2밴,333,211.0,544.0,2024년도 전기자동차 진안군 모델별 보조금,2024,진안군
화물(소형),피닉스코리아,썬라이즈-T01,412,262.0,674.0,2024년도 전기자동차 진안군 모델별 보조금,2024,진안군
화물(소형),케이지모빌리티,토레스 EVX VAN 20인치,392,422.0,814.0,2024년도 전기자동차 진안군 모델별 보조금,2024,진안군
화물(소형),케이지모빌리티,토레스 EVX VAN 18인치,394,424.0,818.0,2024년도 전기자동차 진안군 모델별 보조금,2024,진안군
화물(소형),한국상용트럭,한국상용1톤롱바디EV카고트럭,818,520.0,1338.0,2024년도 전기자동차 진안군 모델별 보조금,2024,진안군
화물(소형),한국상용트럭,한국상용0.9톤롱바디EV내장탑트럭,593,377.0,970.0,2024년도 전기자동차 진안군 모델별 보조금,2024,진안군
화물(소형),센트로에이케이,E-CV1,282,179.0,461.0,2024년도 전기자동차 진안군 모델별 보조금,2024,진안군
화물(소형),파츠몰에이투지,SW40,412,262.0,674.0,2024년도 전기자동차 진안군 모델별 보조금,2024,진안군
화물(소형),이브이앤솔루션,STEGO-Z,540,343.0,883.0,2024년도 전기자동차 진안군 모델별 보조금,2024,진안군
화물(초소형),마스타전기차,MASTA VAN,400,250.0,650.0,2024년도 전기자동차 무주군 모델별 보조금,2024,무주군
화물(초소형),마스타전기차,MASTA HIM,400,250.0,650.0,2024년도 전기자동차 무주군 모델별 보조금,2024,무주군
화물(초소형),디피코,포트로-탑,400,250.0,650.0,2024년도 전기자동차 무주군 모델별 보조금,2024,무주군
화물(초소형),디피코,포트로-픽업,400,250.0,650.0,2024년도 전기자동차 무주군 모델별 보조금,2024,무주군
화물(초소형),디피코,포트로-탑S,400,250.0,650.0,2024년도 전기자동차 무주군 모델별 보조금,2024,무주군
화물(초소형),디피코,포트로-픽업S,400,250.0,650.0,2024년도 전기자동차 무주군 모델별 보조금,2024,무주군
화물(초소형),마이브,베프,400,250.0,650.0,2024년도 전기자동차 무주군 모델별 보조금,2024,무주군
화물(경형),디피코,포트로350L-탑,788,492.0,1280.0,2024년도 전기자동차 무주군 모델별 보조금,2024,무주군
화물(경형),디피코,포트로350L-픽업,788,492.0,1280.0,2024년도 전기자동차 무주군 모델별 보조금,2024,무주군
화물(소형),파워프라자,봉고3ev PEACE,554,352.0,906.0,2024년도 전기자동차 무주군 모델별 보조금,2024,무주군
화물(소형),파워프라자,봉고3ev PEACE 더블캡,481,306.0,787.0,2024년도 전기자동차 무주군 모델별 보조금,2024,무주군
화물(소형),현대자동차,포터Ⅱ 일렉트릭(23MY),1090,668.0,1758.0,2024년도 전기자동차 무주군 모델별 보조금,2024,무주군
화물(소형),현대자동차,포터Ⅱ 일렉트릭(24MY),1090,668.0,1758.0,2024년도 전기자동차 무주군 모델별 보조금,2024,무주군
화물(소형),현대자동차,ST1 기본형 카고 17인치,1100,700.0,1800.0,2024년도 전기자동차 무주군 모델별 보조금,2024,무주군
화물(소형),현대자동차,ST1 기본형 카고 냉동 17인치,1450,922.0,2372.0,2024년도 전기자동차 무주군 모델별 보조금,2024,무주군
화물(소형),현대자동차,ST1 기본형 하이탑 17인치,1100,700.0,1800.0,2024년도 전기자동차 무주군 모델별 보조금,2024,무주군
화물(소형),기아,봉고 전기차,1130,668.0,1798.0,2024년도 전기자동차 무주군 모델별 보조금,2024,무주군
화물(소형),기아,봉고 전기차 냉동탑차,1330,700.0,2030.0,2024년도 전기자동차 무주군 모델별 보조금,2024,무주군
화물(소형),기아,봉고 전기차 저상형 냉동탑차,1330,700.0,2030.0,2024년도 전기자동차 무주군 모델별 보조금,2024,무주군
화물(소형),일진정공,일진무시동전기냉동탑차(149.9km),916,582.0,1498.0,2024년도 전기자동차 무주군 모델별 보조금,2024,무주군
화물(소형),일진정공,일진무시동전기냉동탑차(186.1km),1169,700.0,1869.0,2024년도 전기자동차 무주군 모델별 보조금,2024,무주군
화물(소형),일진정공,일진무시동전기냉동탑차(봉고),1379,700.0,2079.0,2024년도 전기자동차 무주군 모델별 보조금,2024,무주군
화물(소형),일진정공,일진무시동전기냉동탑차(포터),1363,700.0,2063.0,2024년도 전기자동차 무주군 모델별 보조금,2024,무주군
화물(소형),루트17,다니고C(0.8톤 전기트럭),1068,620.0,1688.0,2024년도 전기자동차 무주군 모델별 보조금,2024,무주군
화물(소형),루트17,다니고C2(0.8톤 전기트럭),268,170.0,438.0,2024년도 전기자동차 무주군 모델별 보조금,2024,무주군
화물(소형),루트17,다니고R(전기냉동탑차),1224,700.0,1924.0,2024년도 전기자동차 무주군 모델별 보조금,2024,무주군
화물(소형),루트17,다니고R2(무시동 전기냉동탑차),1123,671.0,1794.0,2024년도 전기자동차 무주군 모델별 보조금,2024,무주군
화물(소형),루트17,e-TOVI,464,295.0,759.0,2024년도 전기자동차 무주군 모델별 보조금,2024,무주군
화물(소형),이브이케이엠씨,MASADA 픽업,295,187.0,482.0,2024년도 전기자동차 무주군 모델별 보조금,2024,무주군
화물(소형),이브이케이엠씨,MASADA 3세대 2밴,274,174.0,448.0,2024년도 전기자동차 무주군 모델별 보조금,2024,무주군
화물(소형),이브이케이엠씨,MASADA 3세대 4밴,246,156.0,402.0,2024년도 전기자동차 무주군 모델별 보조금,2024,무주군
화물(소형),이브이케이엠씨,MASADA 2밴,299,190.0,489.0,2024년도 전기자동차 무주군 모델별 보조금,2024,무주군
화물(소형),이브이케이엠씨,MASADA 4밴,269,171.0,440.0,2024년도 전기자동차 무주군 모델별 보조금,2024,무주군
화물(소형),이브이케이엠씨,EC35 2밴,194,123.0,317.0,2024년도 전기자동차 무주군 모델별 보조금,2024,무주군
화물(소형),제이스모빌리티,이티밴,405,257.0,662.0,2024년도 전기자동차 무주군 모델별 보조금,2024,무주군
화물(소형),제이스모빌리티,이티4밴,364,231.0,595.0,2024년도 전기자동차 무주군 모델별 보조금,2024,무주군
화물(소형),제이스모빌리티,이티밴 미니 2인승,412,262.0,674.0,2024년도 전기자동차 무주군 모델별 보조금,2024,무주군
화물(소형),제이스모빌리티,이티밴 미니 4인승,412,262.0,674.0,2024년도 전기자동차 무주군 모델별 보조금,2024,무주군
화물(소형),제이스모빌리티,이티밴 프로 2인승,412,262.0,674.0,2024년도 전기자동차 무주군 모델별 보조금,2024,무주군
화물(소형),제이스모빌리티,이티밴 프로 4인승,412,262.0,674.0,2024년도 전기자동차 무주군 모델별 보조금,2024,무주군
화물(소형),오텍,오텍 무시동 전기 냉동탑차(봉고),1118,700.0,1818.0,2024년도 전기자동차 무주군 모델별 보조금,2024,무주군
화물(소형),이엔플러스,이엔1톤롱바디카고,850,540.0,1390.0,2024년도 전기자동차 무주군 모델별 보조금,2024,무주군
화물(소형),이엔플러스,이엔플러스EV1톤롱바디트럭,895,569.0,1464.0,2024년도 전기자동차 무주군 모델별 보조금,2024,무주군
화물(소형),GS글로벌,T4K,462,294.0,756.0,2024년도 전기자동차 무주군 모델별 보조금,2024,무주군
화물(소형),GS글로벌,T4K 냉동탑차,711,452.0,1163.0,2024년도 전기자동차 무주군 모델별 보조금,2024,무주군
화물(소형),에스에스라이트,젤라,336,213.0,549.0,2024년도 전기자동차 무주군 모델별 보조금,2024,무주군
화물(소형),에스에스라이트,젤라 P200,478,304.0,782.0,2024년도 전기자동차 무주군 모델별 보조금,2024,무주군
화물(소형),한국쓰리축,한국쓰리축1톤롱바디EV트럭(봉고),837,532.0,1369.0,2024년도 전기자동차 무주군 모델별 보조금,2024,무주군
화물(소형),한국쓰리축,한국쓰리축1톤롱바디EV트럭(포터),855,544.0,1399.0,2024년도 전기자동차 무주군 모델별 보조금,2024,무주군
화물(소형),모빌리티네트웍스,SE-A2밴,333,211.0,544.0,2024년도 전기자동차 무주군 모델별 보조금,2024,무주군
화물(소형),피닉스코리아,썬라이즈-T01,412,262.0,674.0,2024년도 전기자동차 무주군 모델별 보조금,2024,무주군
화물(소형),케이지모빌리티,토레스 EVX VAN 20인치,392,422.0,814.0,2024년도 전기자동차 무주군 모델별 보조금,2024,무주군
화물(소형),케이지모빌리티,토레스 EVX VAN 18인치,394,424.0,818.0,2024년도 전기자동차 무주군 모델별 보조금,2024,무주군
화물(소형),한국상용트럭,한국상용1톤롱바디EV카고트럭,818,520.0,1338.0,2024년도 전기자동차 무주군 모델별 보조금,2024,무주군
화물(소형),한국상용트럭,한국상용0.9톤롱바디EV내장탑트럭,593,377.0,970.0,2024년도 전기자동차 무주군 모델별 보조금,2024,무주군
화물(소형),센트로에이케이,E-CV1,282,179.0,461.0,2024년도 전기자동차 무주군 모델별 보조금,2024,무주군
화물(소형),파츠몰에이투지,SW40,412,262.0,674.0,2024년도 전기자동차 무주군 모델별 보조금,2024,무주군
화물(소형),이브이앤솔루션,STEGO-Z,540,343.0,883.0,2024년도 전기자동차 무주군 모델별 보조금,2024,무주군
화물(초소형),마스타전기차,MASTA VAN,400,250.0,650.0,2024년도 전기자동차 장수군 모델별 보조금,2024,장수군
화물(초소형),마스타전기차,MASTA HIM,400,250.0,650.0,2024년도 전기자동차 장수군 모델별 보조금,2024,장수군
화물(초소형),디피코,포트로-탑,400,250.0,650.0,2024년도 전기자동차 장수군 모델별 보조금,2024,장수군
화물(초소형),디피코,포트로-픽업,400,250.0,650.0,2024년도 전기자동차 장수군 모델별 보조금,2024,장수군
화물(초소형),디피코,포트로-탑S,400,250.0,650.0,2024년도 전기자동차 장수군 모델별 보조금,2024,장수군
화물(초소형),디피코,포트로-픽업S,400,250.0,650.0,2024년도 전기자동차 장수군 모델별 보조금,2024,장수군
화물(경형),디피코,포트로350L-탑,788,492.0,1280.0,2024년도 전기자동차 장수군 모델별 보조금,2024,장수군
화물(경형),디피코,포트로350L-픽업,788,492.0,1280.0,2024년도 전기자동차 장수군 모델별 보조금,2024,장수군
화물(소형),파워프라자,봉고3ev PEACE,554,352.0,906.0,2024년도 전기자동차 장수군 모델별 보조금,2024,장수군
화물(소형),파워프라자,봉고3ev PEACE 더블캡,481,306.0,787.0,2024년도 전기자동차 장수군 모델별 보조금,2024,장수군
화물(소형),현대자동차,포터Ⅱ 일렉트릭(23MY),1090,668.0,1758.0,2024년도 전기자동차 장수군 모델별 보조금,2024,장수군
화물(소형),현대자동차,포터Ⅱ 일렉트릭(24MY),1090,668.0,1758.0,2024년도 전기자동차 장수군 모델별 보조금,2024,장수군
화물(소형),현대자동차,ST1 기본형 카고 17인치,1100,700.0,1800.0,2024년도 전기자동차 장수군 모델별 보조금,2024,장수군
화물(소형),현대자동차,ST1 기본형 카고 냉동 17인치,1450,922.0,2372.0,2024년도 전기자동차 장수군 모델별 보조금,2024,장수군
화물(소형),기아,봉고 전기차,1130,668.0,1798.0,2024년도 전기자동차 장수군 모델별 보조금,2024,장수군
화물(소형),기아,봉고 전기차 냉동탑차,1330,802.0,2132.0,2024년도 전기자동차 장수군 모델별 보조금,2024,장수군
화물(소형),기아,봉고 전기차 저상형 냉동탑차,1330,802.0,2132.0,2024년도 전기자동차 장수군 모델별 보조금,2024,장수군
화물(소형),일진정공,일진무시동전기냉동탑차(149.9km),916,582.0,1498.0,2024년도 전기자동차 장수군 모델별 보조금,2024,장수군
화물(소형),일진정공,일진무시동전기냉동탑차(186.1km),1169,743.0,1912.0,2024년도 전기자동차 장수군 모델별 보조금,2024,장수군
화물(소형),일진정공,일진무시동전기냉동탑차(봉고),1379,831.0,2210.0,2024년도 전기자동차 장수군 모델별 보조금,2024,장수군
화물(소형),일진정공,일진무시동전기냉동탑차(포터),1363,821.0,2184.0,2024년도 전기자동차 장수군 모델별 보조금,2024,장수군
화물(소형),루트17,다니고C(0.8톤 전기트럭),1068,620.0,1688.0,2024년도 전기자동차 장수군 모델별 보조금,2024,장수군
화물(소형),루트17,다니고C2(0.8톤 전기트럭),268,170.0,438.0,2024년도 전기자동차 장수군 모델별 보조금,2024,장수군
화물(소형),루트17,다니고R(전기냉동탑차),1224,729.0,1953.0,2024년도 전기자동차 장수군 모델별 보조금,2024,장수군
화물(소형),루트17,다니고R2(무시동 전기냉동탑차),1123,671.0,1794.0,2024년도 전기자동차 장수군 모델별 보조금,2024,장수군
화물(소형),루트17,e-TOVI,464,295.0,759.0,2024년도 전기자동차 장수군 모델별 보조금,2024,장수군
화물(소형),이브이케이엠씨,MASADA 픽업,295,187.0,482.0,2024년도 전기자동차 장수군 모델별 보조금,2024,장수군
화물(소형),이브이케이엠씨,MASADA 3세대 2밴,274,174.0,448.0,2024년도 전기자동차 장수군 모델별 보조금,2024,장수군
화물(소형),이브이케이엠씨,MASADA 3세대 4밴,246,156.0,402.0,2024년도 전기자동차 장수군 모델별 보조금,2024,장수군
화물(소형),이브이케이엠씨,MASADA 2밴,299,190.0,489.0,2024년도 전기자동차 장수군 모델별 보조금,2024,장수군
화물(소형),이브이케이엠씨,MASADA 4밴,269,171.0,440.0,2024년도 전기자동차 장수군 모델별 보조금,2024,장수군
화물(소형),이브이케이엠씨,EC35 2밴,194,123.0,317.0,2024년도 전기자동차 장수군 모델별 보조금,2024,장수군
화물(소형),제이스모빌리티,이티밴,405,257.0,662.0,2024년도 전기자동차 장수군 모델별 보조금,2024,장수군
화물(소형),제이스모빌리티,이티4밴,364,231.0,595.0,2024년도 전기자동차 장수군 모델별 보조금,2024,장수군
화물(소형),제이스모빌리티,이티밴 미니 2인승,412,262.0,674.0,2024년도 전기자동차 장수군 모델별 보조금,2024,장수군
화물(소형),제이스모빌리티,이티밴 미니 4인승,412,262.0,674.0,2024년도 전기자동차 장수군 모델별 보조금,2024,장수군
화물(소형),제이스모빌리티,이티밴 프로 2인승,412,262.0,674.0,2024년도 전기자동차 장수군 모델별 보조금,2024,장수군
화물(소형),제이스모빌리티,이티밴 프로 4인승,412,262.0,674.0,2024년도 전기자동차 장수군 모델별 보조금,2024,장수군
화물(소형),오텍,오텍 무시동 전기 냉동탑차(봉고),1118,711.0,1829.0,2024년도 전기자동차 장수군 모델별 보조금,2024,장수군
화물(소형),이엔플러스,이엔1톤롱바디카고,850,540.0,1390.0,2024년도 전기자동차 장수군 모델별 보조금,2024,장수군
화물(소형),이엔플러스,이엔플러스EV1톤롱바디트럭,895,569.0,1464.0,2024년도 전기자동차 장수군 모델별 보조금,2024,장수군
화물(소형),GS글로벌,T4K,462,294.0,756.0,2024년도 전기자동차 장수군 모델별 보조금,2024,장수군
화물(소형),GS글로벌,T4K 냉동탑차,711,452.0,1163.0,2024년도 전기자동차 장수군 모델별 보조금,2024,장수군
화물(소형),에스에스라이트,젤라,336,213.0,549.0,2024년도 전기자동차 장수군 모델별 보조금,2024,장수군
화물(소형),에스에스라이트,젤라 P200,478,304.0,782.0,2024년도 전기자동차 장수군 모델별 보조금,2024,장수군
화물(소형),한국쓰리축,한국쓰리축1톤롱바디EV트럭(봉고),837,532.0,1369.0,2024년도 전기자동차 장수군 모델별 보조금,2024,장수군
화물(소형),한국쓰리축,한국쓰리축1톤롱바디EV트럭(포터),855,544.0,1399.0,2024년도 전기자동차 장수군 모델별 보조금,2024,장수군
화물(소형),모빌리티네트웍스,SE-A2밴,333,211.0,544.0,2024년도 전기자동차 장수군 모델별 보조금,2024,장수군
화물(소형),피닉스코리아,썬라이즈-T01,412,262.0,674.0,2024년도 전기자동차 장수군 모델별 보조금,2024,장수군
화물(소형),케이지모빌리티,토레스 EVX VAN 20인치,392,422.0,814.0,2024년도 전기자동차 장수군 모델별 보조금,2024,장수군
화물(소형),케이지모빌리티,토레스 EVX VAN 18인치,394,424.0,818.0,2024년도 전기자동차 장수군 모델별 보조금,2024,장수군
화물(소형),한국상용트럭,한국상용1톤롱바디EV카고트럭,818,520.0,1338.0,2024년도 전기자동차 장수군 모델별 보조금,2024,장수군
화물(소형),한국상용트럭,한국상용0.9톤롱바디EV내장탑트럭,593,377.0,970.0,2024년도 전기자동차 장수군 모델별 보조금,2024,장수군
화물(초소형),마스타전기차,MASTA VAN,400,250.0,650.0,2024년도 전기자동차 임실군 모델별 보조금,2024,임실군
화물(초소형),마스타전기차,MASTA HIM,400,250.0,650.0,2024년도 전기자동차 임실군 모델별 보조금,2024,임실군
화물(초소형),디피코,포트로-탑,400,250.0,650.0,2024년도 전기자동차 임실군 모델별 보조금,2024,임실군
화물(초소형),디피코,포트로-픽업,400,250.0,650.0,2024년도 전기자동차 임실군 모델별 보조금,2024,임실군
화물(초소형),디피코,포트로-탑S,400,250.0,650.0,2024년도 전기자동차 임실군 모델별 보조금,2024,임실군
화물(초소형),디피코,포트로-픽업S,400,250.0,650.0,2024년도 전기자동차 임실군 모델별 보조금,2024,임실군
화물(경형),디피코,포트로350L-탑,788,492.0,1280.0,2024년도 전기자동차 임실군 모델별 보조금,2024,임실군
화물(경형),디피코,포트로350L-픽업,788,492.0,1280.0,2024년도 전기자동차 임실군 모델별 보조금,2024,임실군
화물(소형),파워프라자,봉고3ev PEACE,554,352.0,906.0,2024년도 전기자동차 임실군 모델별 보조금,2024,임실군
화물(소형),파워프라자,봉고3ev PEACE 더블캡,481,306.0,787.0,2024년도 전기자동차 임실군 모델별 보조금,2024,임실군
화물(소형),현대자동차,포터Ⅱ 일렉트릭(23MY),1090,668.0,1758.0,2024년도 전기자동차 임실군 모델별 보조금,2024,임실군
화물(소형),현대자동차,포터Ⅱ 일렉트릭(24MY),1090,668.0,1758.0,2024년도 전기자동차 임실군 모델별 보조금,2024,임실군
화물(소형),현대자동차,ST1 기본형 카고 17인치,1100,700.0,1800.0,2024년도 전기자동차 임실군 모델별 보조금,2024,임실군
화물(소형),현대자동차,ST1 기본형 카고 냉동 17인치,1450,922.0,2372.0,2024년도 전기자동차 임실군 모델별 보조금,2024,임실군
화물(소형),기아,봉고 전기차,1130,668.0,1798.0,2024년도 전기자동차 임실군 모델별 보조금,2024,임실군
화물(소형),기아,봉고 전기차 냉동탑차,1330,802.0,2132.0,2024년도 전기자동차 임실군 모델별 보조금,2024,임실군
화물(소형),기아,봉고 전기차 저상형 냉동탑차,1330,802.0,2132.0,2024년도 전기자동차 임실군 모델별 보조금,2024,임실군
화물(소형),일진정공,일진무시동전기냉동탑차(149.9km),916,582.0,1498.0,2024년도 전기자동차 임실군 모델별 보조금,2024,임실군
화물(소형),일진정공,일진무시동전기냉동탑차(186.1km),1169,743.0,1912.0,2024년도 전기자동차 임실군 모델별 보조금,2024,임실군
화물(소형),일진정공,일진무시동전기냉동탑차(봉고),1379,831.0,2210.0,2024년도 전기자동차 임실군 모델별 보조금,2024,임실군
화물(소형),일진정공,일진무시동전기냉동탑차(포터),1363,821.0,2184.0,2024년도 전기자동차 임실군 모델별 보조금,2024,임실군
화물(소형),루트17,다니고C(0.8톤 전기트럭),1068,620.0,1688.0,2024년도 전기자동차 임실군 모델별 보조금,2024,임실군
화물(소형),루트17,다니고C2(0.8톤 전기트럭),268,170.0,438.0,2024년도 전기자동차 임실군 모델별 보조금,2024,임실군
화물(소형),루트17,다니고R(전기냉동탑차),1224,729.0,1953.0,2024년도 전기자동차 임실군 모델별 보조금,2024,임실군
화물(소형),루트17,다니고R2(무시동 전기냉동탑차),1123,671.0,1794.0,2024년도 전기자동차 임실군 모델별 보조금,2024,임실군
화물(소형),이브이케이엠씨,MASADA 픽업,295,187.0,482.0,2024년도 전기자동차 임실군 모델별 보조금,2024,임실군
화물(소형),이브이케이엠씨,MASADA 3세대 2밴,274,174.0,448.0,2024년도 전기자동차 임실군 모델별 보조금,2024,임실군
화물(소형),이브이케이엠씨,MASADA 3세대 4밴,246,156.0,402.0,2024년도 전기자동차 임실군 모델별 보조금,2024,임실군
화물(소형),이브이케이엠씨,MASADA 2밴,299,190.0,489.0,2024년도 전기자동차 임실군 모델별 보조금,2024,임실군
화물(소형),이브이케이엠씨,MASADA 4밴,269,171.0,440.0,2024년도 전기자동차 임실군 모델별 보조금,2024,임실군
화물(소형),이브이케이엠씨,EC35 2밴,194,123.0,317.0,2024년도 전기자동차 임실군 모델별 보조금,2024,임실군
화물(소형),제이스모빌리티,이티밴,405,257.0,662.0,2024년도 전기자동차 임실군 모델별 보조금,2024,임실군
화물(소형),제이스모빌리티,이티4밴,364,231.0,595.0,2024년도 전기자동차 임실군 모델별 보조금,2024,임실군
화물(소형),제이스모빌리티,이티밴 미니 2인승,412,262.0,674.0,2024년도 전기자동차 임실군 모델별 보조금,2024,임실군
화물(소형),제이스모빌리티,이티밴 미니 4인승,412,262.0,674.0,2024년도 전기자동차 임실군 모델별 보조금,2024,임실군
화물(소형),제이스모빌리티,이티밴 프로 2인승,412,262.0,674.0,2024년도 전기자동차 임실군 모델별 보조금,2024,임실군
화물(소형),제이스모빌리티,이티밴 프로 4인승,412,262.0,674.0,2024년도 전기자동차 임실군 모델별 보조금,2024,임실군
화물(소형),오텍,오텍 무시동 전기 냉동탑차(봉고),1118,711.0,1829.0,2024년도 전기자동차 임실군 모델별 보조금,2024,임실군
화물(소형),이엔플러스,이엔1톤롱바디카고,850,540.0,1390.0,2024년도 전기자동차 임실군 모델별 보조금,2024,임실군
화물(소형),이엔플러스,이엔플러스EV1톤롱바디트럭,895,569.0,1464.0,2024년도 전기자동차 임실군 모델별 보조금,2024,임실군
화물(소형),GS글로벌,T4K,462,294.0,756.0,2024년도 전기자동차 임실군 모델별 보조금,2024,임실군
화물(소형),GS글로벌,T4K 냉동탑차,711,452.0,1163.0,2024년도 전기자동차 임실군 모델별 보조금,2024,임실군
화물(소형),에스에스라이트,젤라,336,213.0,549.0,2024년도 전기자동차 임실군 모델별 보조금,2024,임실군
화물(소형),에스에스라이트,젤라 P200,478,304.0,782.0,2024년도 전기자동차 임실군 모델별 보조금,2024,임실군
화물(소형),한국쓰리축,한국쓰리축1톤롱바디EV트럭(봉고),837,532.0,1369.0,2024년도 전기자동차 임실군 모델별 보조금,2024,임실군
화물(소형),한국쓰리축,한국쓰리축1톤롱바디EV트럭(포터),855,544.0,1399.0,2024년도 전기자동차 임실군 모델별 보조금,2024,임실군
화물(소형),모빌리티네트웍스,SE-A2밴,333,211.0,544.0,2024년도 전기자동차 임실군 모델별 보조금,2024,임실군
화물(소형),피닉스코리아,썬라이즈-T01,412,262.0,674.0,2024년도 전기자동차 임실군 모델별 보조금,2024,임실군
화물(소형),케이지모빌리티,토레스 EVX VAN 20인치,392,422.0,814.0,2024년도 전기자동차 임실군 모델별 보조금,2024,임실군
화물(소형),케이지모빌리티,토레스 EVX VAN 18인치,394,424.0,818.0,2024년도 전기자동차 임실군 모델별 보조금,2024,임실군
화물(소형),한국상용트럭,한국상용1톤롱바디EV카고트럭,818,520.0,1338.0,2024년도 전기자동차 임실군 모델별 보조금,2024,임실군
화물(소형),한국상용트럭,한국상용0.9톤롱바디EV내장탑트럭,593,377.0,970.0,2024년도 전기자동차 임실군 모델별 보조금,2024,임실군
화물(초소형),마스타전기차,MASTA VAN,400,250.0,650.0,2024년도 전기자동차 순창군 모델별 보조금,2024,순창군
화물(초소형),마스타전기차,MASTA HIM,400,250.0,650.0,2024년도 전기자동차 순창군 모델별 보조금,2024,순창군
화물(초소형),디피코,포트로-탑,400,250.0,650.0,2024년도 전기자동차 순창군 모델별 보조금,2024,순창군
화물(초소형),디피코,포트로-픽업,400,250.0,650.0,2024년도 전기자동차 순창군 모델별 보조금,2024,순창군
화물(초소형),디피코,포트로-탑S,400,250.0,650.0,2024년도 전기자동차 순창군 모델별 보조금,2024,순창군
화물(초소형),디피코,포트로-픽업S,400,250.0,650.0,2024년도 전기자동차 순창군 모델별 보조금,2024,순창군
화물(초소형),마이브,베프,400,0.0,400.0,2024년도 전기자동차 순창군 모델별 보조금,2024,순창군
화물(경형),디피코,포트로350L-탑,788,492.0,1280.0,2024년도 전기자동차 순창군 모델별 보조금,2024,순창군
화물(경형),디피코,포트로350L-픽업,788,492.0,1280.0,2024년도 전기자동차 순창군 모델별 보조금,2024,순창군
화물(소형),파워프라자,봉고3ev PEACE,554,352.0,906.0,2024년도 전기자동차 순창군 모델별 보조금,2024,순창군
화물(소형),파워프라자,봉고3ev PEACE 더블캡,481,306.0,787.0,2024년도 전기자동차 순창군 모델별 보조금,2024,순창군
화물(소형),현대자동차,포터Ⅱ 일렉트릭(23MY),1090,668.0,1758.0,2024년도 전기자동차 순창군 모델별 보조금,2024,순창군
화물(소형),현대자동차,포터Ⅱ 일렉트릭(24MY),1090,668.0,1758.0,2024년도 전기자동차 순창군 모델별 보조금,2024,순창군
화물(소형),현대자동차,ST1 기본형 카고 17인치,1100,700.0,1800.0,2024년도 전기자동차 순창군 모델별 보조금,2024,순창군
화물(소형),현대자동차,ST1 기본형 카고 냉동 17인치,1450,922.0,2372.0,2024년도 전기자동차 순창군 모델별 보조금,2024,순창군
화물(소형),현대자동차,ST1 기본형 하이탑 17인치,1100,700.0,1800.0,2024년도 전기자동차 순창군 모델별 보조금,2024,순창군
화물(소형),기아,봉고 전기차,1130,668.0,1798.0,2024년도 전기자동차 순창군 모델별 보조금,2024,순창군
화물(소형),기아,봉고 전기차 냉동탑차,1330,802.0,2132.0,2024년도 전기자동차 순창군 모델별 보조금,2024,순창군
화물(소형),기아,봉고 전기차 저상형 냉동탑차,1330,802.0,2132.0,2024년도 전기자동차 순창군 모델별 보조금,2024,순창군
화물(소형),일진정공,일진무시동전기냉동탑차(149.9km),916,582.0,1498.0,2024년도 전기자동차 순창군 모델별 보조금,2024,순창군
화물(소형),일진정공,일진무시동전기냉동탑차(186.1km),1169,743.0,1912.0,2024년도 전기자동차 순창군 모델별 보조금,2024,순창군
화물(소형),일진정공,일진무시동전기냉동탑차(봉고),1379,831.0,2210.0,2024년도 전기자동차 순창군 모델별 보조금,2024,순창군
화물(소형),일진정공,일진무시동전기냉동탑차(포터),1363,821.0,2184.0,2024년도 전기자동차 순창군 모델별 보조금,2024,순창군
화물(소형),루트17,다니고C(0.8톤 전기트럭),1068,620.0,1688.0,2024년도 전기자동차 순창군 모델별 보조금,2024,순창군
화물(소형),루트17,다니고C2(0.8톤 전기트럭),268,170.0,438.0,2024년도 전기자동차 순창군 모델별 보조금,2024,순창군
화물(소형),루트17,다니고R(전기냉동탑차),1224,729.0,1953.0,2024년도 전기자동차 순창군 모델별 보조금,2024,순창군
화물(소형),루트17,다니고R2(무시동 전기냉동탑차),1123,671.0,1794.0,2024년도 전기자동차 순창군 모델별 보조금,2024,순창군
화물(소형),루트17,e-TOVI,464,295.0,759.0,2024년도 전기자동차 순창군 모델별 보조금,2024,순창군
화물(소형),이브이케이엠씨,MASADA 픽업,295,187.0,482.0,2024년도 전기자동차 순창군 모델별 보조금,2024,순창군
화물(소형),이브이케이엠씨,MASADA 3세대 2밴,274,174.0,448.0,2024년도 전기자동차 순창군 모델별 보조금,2024,순창군
화물(소형),이브이케이엠씨,MASADA 3세대 4밴,246,156.0,402.0,2024년도 전기자동차 순창군 모델별 보조금,2024,순창군
화물(소형),이브이케이엠씨,MASADA 2밴,299,190.0,489.0,2024년도 전기자동차 순창군 모델별 보조금,2024,순창군
화물(소형),이브이케이엠씨,MASADA 4밴,269,171.0,440.0,2024년도 전기자동차 순창군 모델별 보조금,2024,순창군
화물(소형),이브이케이엠씨,EC35 2밴,194,123.0,317.0,2024년도 전기자동차 순창군 모델별 보조금,2024,순창군
화물(소형),제이스모빌리티,이티밴,405,257.0,662.0,2024년도 전기자동차 순창군 모델별 보조금,2024,순창군
화물(소형),제이스모빌리티,이티4밴,364,231.0,595.0,2024년도 전기자동차 순창군 모델별 보조금,2024,순창군
화물(소형),제이스모빌리티,이티밴 미니 2인승,412,262.0,674.0,2024년도 전기자동차 순창군 모델별 보조금,2024,순창군
화물(소형),제이스모빌리티,이티밴 미니 4인승,412,262.0,674.0,2024년도 전기자동차 순창군 모델별 보조금,2024,순창군
화물(소형),제이스모빌리티,이티밴 프로 2인승,412,262.0,674.0,2024년도 전기자동차 순창군 모델별 보조금,2024,순창군
화물(소형),제이스모빌리티,이티밴 프로 4인승,412,262.0,674.0,2024년도 전기자동차 순창군 모델별 보조금,2024,순창군
화물(소형),오텍,오텍 무시동 전기 냉동탑차(봉고),1118,711.0,1829.0,2024년도 전기자동차 순창군 모델별 보조금,2024,순창군
화물(소형),이엔플러스,이엔1톤롱바디카고,850,540.0,1390.0,2024년도 전기자동차 순창군 모델별 보조금,2024,순창군
화물(소형),이엔플러스,이엔플러스EV1톤롱바디트럭,895,569.0,1464.0,2024년도 전기자동차 순창군 모델별 보조금,2024,순창군
화물(소형),GS글로벌,T4K,462,294.0,756.0,2024년도 전기자동차 순창군 모델별 보조금,2024,순창군
화물(소형),GS글로벌,T4K 냉동탑차,711,452.0,1163.0,2024년도 전기자동차 순창군 모델별 보조금,2024,순창군
화물(소형),에스에스라이트,젤라,336,213.0,549.0,2024년도 전기자동차 순창군 모델별 보조금,2024,순창군
화물(소형),에스에스라이트,젤라 P200,478,304.0,782.0,2024년도 전기자동차 순창군 모델별 보조금,2024,순창군
화물(소형),한국쓰리축,한국쓰리축1톤롱바디EV트럭(봉고),837,532.0,1369.0,2024년도 전기자동차 순창군 모델별 보조금,2024,순창군
화물(소형),한국쓰리축,한국쓰리축1톤롱바디EV트럭(포터),855,544.0,1399.0,2024년도 전기자동차 순창군 모델별 보조금,2024,순창군
화물(소형),모빌리티네트웍스,SE-A2밴,333,211.0,544.0,2024년도 전기자동차 순창군 모델별 보조금,2024,순창군
화물(소형),피닉스코리아,썬라이즈-T01,412,262.0,674.0,2024년도 전기자동차 순창군 모델별 보조금,2024,순창군
화물(소형),케이지모빌리티,토레스 EVX VAN 20인치,392,422.0,814.0,2024년도 전기자동차 순창군 모델별 보조금,2024,순창군
화물(소형),케이지모빌리티,토레스 EVX VAN 18인치,394,424.0,818.0,2024년도 전기자동차 순창군 모델별 보조금,2024,순창군
화물(소형),한국상용트럭,한국상용1톤롱바디EV카고트럭,818,520.0,1338.0,2024년도 전기자동차 순창군 모델별 보조금,2024,순창군
화물(소형),한국상용트럭,한국상용0.9톤롱바디EV내장탑트럭,593,377.0,970.0,2024년도 전기자동차 순창군 모델별 보조금,2024,순창군
화물(소형),센트로에이케이,E-CV1,282,179.0,461.0,2024년도 전기자동차 순창군 모델별 보조금,2024,순창군
화물(소형),파츠몰에이투지,SW40,412,262.0,674.0,2024년도 전기자동차 순창군 모델별 보조금,2024,순창군
화물(소형),이브이앤솔루션,STEGO-Z,540,343.0,883.0,2024년도 전기자동차 순창군 모델별 보조금,2024,순창군
화물(초소형),마스타전기차,MASTA VAN,400,250.0,650.0,2024년도 전기자동차 고창군 모델별 보조금,2024,고창군
화물(초소형),마스타전기차,MASTA HIM,400,250.0,650.0,2024년도 전기자동차 고창군 모델별 보조금,2024,고창군
화물(초소형),디피코,포트로-탑,400,250.0,650.0,2024년도 전기자동차 고창군 모델별 보조금,2024,고창군
화물(초소형),디피코,포트로-픽업,400,250.0,650.0,2024년도 전기자동차 고창군 모델별 보조금,2024,고창군
화물(초소형),디피코,포트로-탑S,400,250.0,650.0,2024년도 전기자동차 고창군 모델별 보조금,2024,고창군
화물(초소형),디피코,포트로-픽업S,400,250.0,650.0,2024년도 전기자동차 고창군 모델별 보조금,2024,고창군
화물(초소형),마이브,베프,400,0.0,400.0,2024년도 전기자동차 고창군 모델별 보조금,2024,고창군
화물(경형),디피코,포트로350L-탑,788,492.0,1280.0,2024년도 전기자동차 고창군 모델별 보조금,2024,고창군
화물(경형),디피코,포트로350L-픽업,788,492.0,1280.0,2024년도 전기자동차 고창군 모델별 보조금,2024,고창군
화물(소형),파워프라자,봉고3ev PEACE,554,352.0,906.0,2024년도 전기자동차 고창군 모델별 보조금,2024,고창군
화물(소형),파워프라자,봉고3ev PEACE 더블캡,481,306.0,787.0,2024년도 전기자동차 고창군 모델별 보조금,2024,고창군
화물(소형),현대자동차,포터Ⅱ 일렉트릭(23MY),1090,668.0,1758.0,2024년도 전기자동차 고창군 모델별 보조금,2024,고창군
화물(소형),현대자동차,포터Ⅱ 일렉트릭(24MY),1090,668.0,1758.0,2024년도 전기자동차 고창군 모델별 보조금,2024,고창군
화물(소형),현대자동차,ST1 기본형 카고 17인치,1100,700.0,1800.0,2024년도 전기자동차 고창군 모델별 보조금,2024,고창군
화물(소형),현대자동차,ST1 기본형 카고 냉동 17인치,1450,922.0,2372.0,2024년도 전기자동차 고창군 모델별 보조금,2024,고창군
화물(소형),기아,봉고 전기차,1130,668.0,1798.0,2024년도 전기자동차 고창군 모델별 보조금,2024,고창군
화물(소형),기아,봉고 전기차 냉동탑차,1330,802.0,2132.0,2024년도 전기자동차 고창군 모델별 보조금,2024,고창군
화물(소형),기아,봉고 전기차 저상형 냉동탑차,1330,802.0,2132.0,2024년도 전기자동차 고창군 모델별 보조금,2024,고창군
화물(소형),일진정공,일진무시동전기냉동탑차(149.9km),916,582.0,1498.0,2024년도 전기자동차 고창군 모델별 보조금,2024,고창군
화물(소형),일진정공,일진무시동전기냉동탑차(186.1km),1169,743.0,1912.0,2024년도 전기자동차 고창군 모델별 보조금,2024,고창군
화물(소형),일진정공,일진무시동전기냉동탑차(봉고),1379,831.0,2210.0,2024년도 전기자동차 고창군 모델별 보조금,2024,고창군
화물(소형),일진정공,일진무시동전기냉동탑차(포터),1363,821.0,2184.0,2024년도 전기자동차 고창군 모델별 보조금,2024,고창군
화물(소형),루트17,다니고C(0.8톤 전기트럭),1068,620.0,1688.0,2024년도 전기자동차 고창군 모델별 보조금,2024,고창군
화물(소형),루트17,다니고C2(0.8톤 전기트럭),268,170.0,438.0,2024년도 전기자동차 고창군 모델별 보조금,2024,고창군
화물(소형),루트17,다니고R(전기냉동탑차),1224,729.0,1953.0,2024년도 전기자동차 고창군 모델별 보조금,2024,고창군
화물(소형),루트17,다니고R2(무시동 전기냉동탑차),1123,671.0,1794.0,2024년도 전기자동차 고창군 모델별 보조금,2024,고창군
화물(소형),루트17,e-TOVI,464,295.0,759.0,2024년도 전기자동차 고창군 모델별 보조금,2024,고창군
화물(소형),이브이케이엠씨,MASADA 픽업,295,187.0,482.0,2024년도 전기자동차 고창군 모델별 보조금,2024,고창군
화물(소형),이브이케이엠씨,MASADA 3세대 2밴,274,174.0,448.0,2024년도 전기자동차 고창군 모델별 보조금,2024,고창군
화물(소형),이브이케이엠씨,MASADA 3세대 4밴,246,156.0,402.0,2024년도 전기자동차 고창군 모델별 보조금,2024,고창군
화물(소형),이브이케이엠씨,MASADA 2밴,299,190.0,489.0,2024년도 전기자동차 고창군 모델별 보조금,2024,고창군
화물(소형),이브이케이엠씨,MASADA 4밴,269,171.0,440.0,2024년도 전기자동차 고창군 모델별 보조금,2024,고창군
화물(소형),이브이케이엠씨,EC35 2밴,194,123.0,317.0,2024년도 전기자동차 고창군 모델별 보조금,2024,고창군
화물(소형),제이스모빌리티,이티밴,405,257.0,662.0,2024년도 전기자동차 고창군 모델별 보조금,2024,고창군
화물(소형),제이스모빌리티,이티4밴,364,231.0,595.0,2024년도 전기자동차 고창군 모델별 보조금,2024,고창군
화물(소형),제이스모빌리티,이티밴 미니 2인승,412,262.0,674.0,2024년도 전기자동차 고창군 모델별 보조금,2024,고창군
화물(소형),제이스모빌리티,이티밴 미니 4인승,412,262.0,674.0,2024년도 전기자동차 고창군 모델별 보조금,2024,고창군
화물(소형),제이스모빌리티,이티밴 프로 2인승,412,262.0,674.0,2024년도 전기자동차 고창군 모델별 보조금,2024,고창군
화물(소형),제이스모빌리티,이티밴 프로 4인승,412,262.0,674.0,2024년도 전기자동차 고창군 모델별 보조금,2024,고창군
화물(소형),오텍,오텍 무시동 전기 냉동탑차(봉고),1118,711.0,1829.0,2024년도 전기자동차 고창군 모델별 보조금,2024,고창군
화물(소형),이엔플러스,이엔1톤롱바디카고,850,540.0,1390.0,2024년도 전기자동차 고창군 모델별 보조금,2024,고창군
화물(소형),이엔플러스,이엔플러스EV1톤롱바디트럭,895,569.0,1464.0,2024년도 전기자동차 고창군 모델별 보조금,2024,고창군
화물(소형),GS글로벌,T4K,462,294.0,756.0,2024년도 전기자동차 고창군 모델별 보조금,2024,고창군
화물(소형),GS글로벌,T4K 냉동탑차,711,452.0,1163.0,2024년도 전기자동차 고창군 모델별 보조금,2024,고창군
화물(소형),에스에스라이트,젤라,336,213.0,549.0,2024년도 전기자동차 고창군 모델별 보조금,2024,고창군
화물(소형),에스에스라이트,젤라 P200,478,304.0,782.0,2024년도 전기자동차 고창군 모델별 보조금,2024,고창군
화물(소형),한국쓰리축,한국쓰리축1톤롱바디EV트럭(봉고),837,532.0,1369.0,2024년도 전기자동차 고창군 모델별 보조금,2024,고창군
화물(소형),한국쓰리축,한국쓰리축1톤롱바디EV트럭(포터),855,544.0,1399.0,2024년도 전기자동차 고창군 모델별 보조금,2024,고창군
화물(소형),모빌리티네트웍스,SE-A2밴,333,211.0,544.0,2024년도 전기자동차 고창군 모델별 보조금,2024,고창군
화물(소형),피닉스코리아,썬라이즈-T01,412,262.0,674.0,2024년도 전기자동차 고창군 모델별 보조금,2024,고창군
화물(소형),케이지모빌리티,토레스 EVX VAN 20인치,392,422.0,814.0,2024년도 전기자동차 고창군 모델별 보조금,2024,고창군
화물(소형),케이지모빌리티,토레스 EVX VAN 18인치,394,424.0,818.0,2024년도 전기자동차 고창군 모델별 보조금,2024,고창군
화물(소형),한국상용트럭,한국상용1톤롱바디EV카고트럭,818,520.0,1338.0,2024년도 전기자동차 고창군 모델별 보조금,2024,고창군
화물(소형),한국상용트럭,한국상용0.9톤롱바디EV내장탑트럭,593,377.0,970.0,2024년도 전기자동차 고창군 모델별 보조금,2024,고창군
화물(소형),센트로에이케이,E-CV1,282,179.0,461.0,2024년도 전기자동차 고창군 모델별 보조금,2024,고창군
화물(소형),파츠몰에이투지,SW40,412,262.0,674.0,2024년도 전기자동차 고창군 모델별 보조금,2024,고창군
화물(소형),이브이앤솔루션,STEGO-Z,540,343.0,883.0,2024년도 전기자동차 고창군 모델별 보조금,2024,고창군
화물(초소형),마스타전기차,MASTA VAN,400,250.0,650.0,2024년도 전기자동차 부안군 모델별 보조금,2024,부안군
화물(초소형),마스타전기차,MASTA HIM,400,250.0,650.0,2024년도 전기자동차 부안군 모델별 보조금,2024,부안군
화물(초소형),디피코,포트로-탑,400,250.0,650.0,2024년도 전기자동차 부안군 모델별 보조금,2024,부안군
화물(초소형),디피코,포트로-픽업,400,250.0,650.0,2024년도 전기자동차 부안군 모델별 보조금,2024,부안군
화물(초소형),디피코,포트로-탑S,400,250.0,650.0,2024년도 전기자동차 부안군 모델별 보조금,2024,부안군
화물(초소형),디피코,포트로-픽업S,400,250.0,650.0,2024년도 전기자동차 부안군 모델별 보조금,2024,부안군
화물(초소형),마이브,베프,400,250.0,650.0,2024년도 전기자동차 부안군 모델별 보조금,2024,부안군
화물(경형),디피코,포트로350L-탑,788,492.0,1280.0,2024년도 전기자동차 부안군 모델별 보조금,2024,부안군
화물(경형),디피코,포트로350L-픽업,788,492.0,1280.0,2024년도 전기자동차 부안군 모델별 보조금,2024,부안군
화물(소형),파워프라자,봉고3ev PEACE,554,352.0,906.0,2024년도 전기자동차 부안군 모델별 보조금,2024,부안군
화물(소형),파워프라자,봉고3ev PEACE 더블캡,481,306.0,787.0,2024년도 전기자동차 부안군 모델별 보조금,2024,부안군
화물(소형),현대자동차,포터Ⅱ 일렉트릭(23MY),1090,668.0,1758.0,2024년도 전기자동차 부안군 모델별 보조금,2024,부안군
화물(소형),현대자동차,포터Ⅱ 일렉트릭(24MY),1090,668.0,1758.0,2024년도 전기자동차 부안군 모델별 보조금,2024,부안군
화물(소형),현대자동차,ST1 기본형 카고 17인치,1100,700.0,1800.0,2024년도 전기자동차 부안군 모델별 보조금,2024,부안군
화물(소형),현대자동차,ST1 기본형 카고 냉동 17인치,1450,922.0,2372.0,2024년도 전기자동차 부안군 모델별 보조금,2024,부안군
화물(소형),현대자동차,ST1 기본형 하이탑 17인치,1100,700.0,1800.0,2024년도 전기자동차 부안군 모델별 보조금,2024,부안군
화물(소형),기아,봉고 전기차,1130,668.0,1798.0,2024년도 전기자동차 부안군 모델별 보조금,2024,부안군
화물(소형),기아,봉고 전기차 냉동탑차,1330,802.0,2132.0,2024년도 전기자동차 부안군 모델별 보조금,2024,부안군
화물(소형),기아,봉고 전기차 저상형 냉동탑차,1330,802.0,2132.0,2024년도 전기자동차 부안군 모델별 보조금,2024,부안군
화물(소형),일진정공,일진무시동전기냉동탑차(149.9km),916,582.0,1498.0,2024년도 전기자동차 부안군 모델별 보조금,2024,부안군
화물(소형),일진정공,일진무시동전기냉동탑차(186.1km),1169,743.0,1912.0,2024년도 전기자동차 부안군 모델별 보조금,2024,부안군
화물(소형),일진정공,일진무시동전기냉동탑차(봉고),1379,831.0,2210.0,2024년도 전기자동차 부안군 모델별 보조금,2024,부안군
화물(소형),일진정공,일진무시동전기냉동탑차(포터),1363,821.0,2184.0,2024년도 전기자동차 부안군 모델별 보조금,2024,부안군
화물(소형),루트17,다니고C(0.8톤 전기트럭),1068,620.0,1688.0,2024년도 전기자동차 부안군 모델별 보조금,2024,부안군
화물(소형),루트17,다니고C2(0.8톤 전기트럭),268,170.0,438.0,2024년도 전기자동차 부안군 모델별 보조금,2024,부안군
화물(소형),루트17,다니고R(전기냉동탑차),1224,729.0,1953.0,2024년도 전기자동차 부안군 모델별 보조금,2024,부안군
화물(소형),루트17,다니고R2(무시동 전기냉동탑차),1123,671.0,1794.0,2024년도 전기자동차 부안군 모델별 보조금,2024,부안군
화물(소형),루트17,e-TOVI,464,295.0,759.0,2024년도 전기자동차 부안군 모델별 보조금,2024,부안군
화물(소형),이브이케이엠씨,MASADA 픽업,295,187.0,482.0,2024년도 전기자동차 부안군 모델별 보조금,2024,부안군
화물(소형),이브이케이엠씨,MASADA 3세대 2밴,274,174.0,448.0,2024년도 전기자동차 부안군 모델별 보조금,2024,부안군
화물(소형),이브이케이엠씨,MASADA 3세대 4밴,246,156.0,402.0,2024년도 전기자동차 부안군 모델별 보조금,2024,부안군
화물(소형),이브이케이엠씨,MASADA 2밴,299,190.0,489.0,2024년도 전기자동차 부안군 모델별 보조금,2024,부안군
화물(소형),이브이케이엠씨,MASADA 4밴,269,171.0,440.0,2024년도 전기자동차 부안군 모델별 보조금,2024,부안군
화물(소형),이브이케이엠씨,EC35 2밴,194,123.0,317.0,2024년도 전기자동차 부안군 모델별 보조금,2024,부안군
화물(소형),제이스모빌리티,이티밴,405,257.0,662.0,2024년도 전기자동차 부안군 모델별 보조금,2024,부안군
화물(소형),제이스모빌리티,이티4밴,364,231.0,595.0,2024년도 전기자동차 부안군 모델별 보조금,2024,부안군
화물(소형),제이스모빌리티,이티밴 미니 2인승,412,262.0,674.0,2024년도 전기자동차 부안군 모델별 보조금,2024,부안군
화물(소형),제이스모빌리티,이티밴 미니 4인승,412,262.0,674.0,2024년도 전기자동차 부안군 모델별 보조금,2024,부안군
화물(소형),제이스모빌리티,이티밴 프로 2인승,412,262.0,674.0,2024년도 전기자동차 부안군 모델별 보조금,2024,부안군
화물(소형),제이스모빌리티,이티밴 프로 4인승,412,262.0,674.0,2024년도 전기자동차 부안군 모델별 보조금,2024,부안군
화물(소형),오텍,오텍 무시동 전기 냉동탑차(봉고),1118,711.0,1829.0,2024년도 전기자동차 부안군 모델별 보조금,2024,부안군
화물(소형),이엔플러스,이엔1톤롱바디카고,850,540.0,1390.0,2024년도 전기자동차 부안군 모델별 보조금,2024,부안군
화물(소형),이엔플러스,이엔플러스EV1톤롱바디트럭,895,569.0,1464.0,2024년도 전기자동차 부안군 모델별 보조금,2024,부안군
화물(소형),GS글로벌,T4K,462,294.0,756.0,2024년도 전기자동차 부안군 모델별 보조금,2024,부안군
화물(소형),GS글로벌,T4K 냉동탑차,711,452.0,1163.0,2024년도 전기자동차 부안군 모델별 보조금,2024,부안군
화물(소형),에스에스라이트,젤라,336,213.0,549.0,2024년도 전기자동차 부안군 모델별 보조금,2024,부안군
화물(소형),에스에스라이트,젤라 P200,478,304.0,782.0,2024년도 전기자동차 부안군 모델별 보조금,2024,부안군
화물(소형),한국쓰리축,한국쓰리축1톤롱바디EV트럭(봉고),837,532.0,1369.0,2024년도 전기자동차 부안군 모델별 보조금,2024,부안군
화물(소형),한국쓰리축,한국쓰리축1톤롱바디EV트럭(포터),855,544.0,1399.0,2024년도 전기자동차 부안군 모델별 보조금,2024,부안군
화물(소형),모빌리티네트웍스,SE-A2밴,333,211.0,544.0,2024년도 전기자동차 부안군 모델별 보조금,2024,부안군
화물(소형),피닉스코리아,썬라이즈-T01,412,262.0,674.0,2024년도 전기자동차 부안군 모델별 보조금,2024,부안군
화물(소형),케이지모빌리티,토레스 EVX VAN 20인치,392,422.0,814.0,2024년도 전기자동차 부안군 모델별 보조금,2024,부안군
화물(소형),케이지모빌리티,토레스 EVX VAN 18인치,394,424.0,818.0,2024년도 전기자동차 부안군 모델별 보조금,2024,부안군
화물(소형),한국상용트럭,한국상용1톤롱바디EV카고트럭,818,520.0,1338.0,2024년도 전기자동차 부안군 모델별 보조금,2024,부안군
화물(소형),한국상용트럭,한국상용0.9톤롱바디EV내장탑트럭,593,377.0,970.0,2024년도 전기자동차 부안군 모델별 보조금,2024,부안군
화물(소형),센트로에이케이,E-CV1,282,179.0,461.0,2024년도 전기자동차 부안군 모델별 보조금,2024,부안군
화물(소형),파츠몰에이투지,SW40,412,262.0,674.0,2024년도 전기자동차 부안군 모델별 보조금,2024,부안군
화물(소형),이브이앤솔루션,STEGO-Z,540,343.0,883.0,2024년도 전기자동차 부안군 모델별 보조금,2024,부안군
화물(초소형),마스타전기차,MASTA VAN,400,65.0,465.0,2024년도 전기자동차 목포시 모델별 보조금,2024,목포시
화물(초소형),마스타전기차,MASTA HIM,400,65.0,465.0,2024년도 전기자동차 목포시 모델별 보조금,2024,목포시
화물(초소형),디피코,포트로-탑,400,0.0,400.0,2024년도 전기자동차 목포시 모델별 보조금,2024,목포시
화물(초소형),디피코,포트로-픽업,400,0.0,400.0,2024년도 전기자동차 목포시 모델별 보조금,2024,목포시
화물(초소형),디피코,포트로-탑S,400,0.0,400.0,2024년도 전기자동차 목포시 모델별 보조금,2024,목포시
화물(초소형),디피코,포트로-픽업S,400,0.0,400.0,2024년도 전기자동차 목포시 모델별 보조금,2024,목포시
화물(초소형),마이브,베프,400,0.0,400.0,2024년도 전기자동차 목포시 모델별 보조금,2024,목포시
화물(경형),디피코,포트로350L-탑,788,640.0,1428.0,2024년도 전기자동차 목포시 모델별 보조금,2024,목포시
화물(경형),디피코,포트로350L-픽업,788,640.0,1428.0,2024년도 전기자동차 목포시 모델별 보조금,2024,목포시
화물(소형),파워프라자,봉고3ev PEACE,554,327.0,881.0,2024년도 전기자동차 목포시 모델별 보조금,2024,목포시
화물(소형),파워프라자,봉고3ev PEACE 더블캡,481,284.0,765.0,2024년도 전기자동차 목포시 모델별 보조금,2024,목포시
화물(소형),현대자동차,포터Ⅱ 일렉트릭(23MY),1090,620.0,1710.0,2024년도 전기자동차 목포시 모델별 보조금,2024,목포시
화물(소형),현대자동차,포터Ⅱ 일렉트릭(24MY),1090,620.0,1710.0,2024년도 전기자동차 목포시 모델별 보조금,2024,목포시
화물(소형),현대자동차,ST1 기본형 카고 17인치,1100,650.0,1750.0,2024년도 전기자동차 목포시 모델별 보조금,2024,목포시
화물(소형),현대자동차,ST1 기본형 카고 냉동 17인치,1450,650.0,2100.0,2024년도 전기자동차 목포시 모델별 보조금,2024,목포시
화물(소형),현대자동차,ST1 기본형 하이탑 17인치,1100,650.0,1750.0,2024년도 전기자동차 목포시 모델별 보조금,2024,목포시
화물(소형),기아,봉고 전기차,1130,620.0,1750.0,2024년도 전기자동차 목포시 모델별 보조금,2024,목포시
화물(소형),기아,봉고 전기차 냉동탑차,1330,650.0,1980.0,2024년도 전기자동차 목포시 모델별 보조금,2024,목포시
화물(소형),기아,봉고 전기차 저상형 냉동탑차,1330,650.0,1980.0,2024년도 전기자동차 목포시 모델별 보조금,2024,목포시
화물(소형),일진정공,일진무시동전기냉동탑차(149.9km),916,541.0,1457.0,2024년도 전기자동차 목포시 모델별 보조금,2024,목포시
화물(소형),일진정공,일진무시동전기냉동탑차(186.1km),1169,650.0,1819.0,2024년도 전기자동차 목포시 모델별 보조금,2024,목포시
화물(소형),일진정공,일진무시동전기냉동탑차(봉고),1379,650.0,2029.0,2024년도 전기자동차 목포시 모델별 보조금,2024,목포시
화물(소형),일진정공,일진무시동전기냉동탑차(포터),1363,650.0,2013.0,2024년도 전기자동차 목포시 모델별 보조금,2024,목포시
화물(소형),루트17,다니고C(0.8톤 전기트럭),1068,576.0,1644.0,2024년도 전기자동차 목포시 모델별 보조금,2024,목포시
화물(소형),루트17,다니고C2(0.8톤 전기트럭),268,158.0,426.0,2024년도 전기자동차 목포시 모델별 보조금,2024,목포시
화물(소형),루트17,다니고R(전기냉동탑차),1224,650.0,1874.0,2024년도 전기자동차 목포시 모델별 보조금,2024,목포시
화물(소형),루트17,다니고R2(무시동 전기냉동탑차),1123,623.0,1746.0,2024년도 전기자동차 목포시 모델별 보조금,2024,목포시
화물(소형),루트17,e-TOVI,464,274.0,738.0,2024년도 전기자동차 목포시 모델별 보조금,2024,목포시
화물(소형),이브이케이엠씨,MASADA 픽업,295,174.0,469.0,2024년도 전기자동차 목포시 모델별 보조금,2024,목포시
화물(소형),이브이케이엠씨,MASADA 3세대 2밴,274,161.0,435.0,2024년도 전기자동차 목포시 모델별 보조금,2024,목포시
화물(소형),이브이케이엠씨,MASADA 3세대 4밴,246,145.0,391.0,2024년도 전기자동차 목포시 모델별 보조금,2024,목포시
화물(소형),이브이케이엠씨,MASADA 2밴,299,176.0,475.0,2024년도 전기자동차 목포시 모델별 보조금,2024,목포시
화물(소형),이브이케이엠씨,MASADA 4밴,269,158.0,427.0,2024년도 전기자동차 목포시 모델별 보조금,2024,목포시
화물(소형),이브이케이엠씨,EC35 2밴,194,114.0,308.0,2024년도 전기자동차 목포시 모델별 보조금,2024,목포시
화물(소형),제이스모빌리티,이티밴,405,239.0,644.0,2024년도 전기자동차 목포시 모델별 보조금,2024,목포시
화물(소형),제이스모빌리티,이티4밴,364,215.0,579.0,2024년도 전기자동차 목포시 모델별 보조금,2024,목포시
화물(소형),제이스모빌리티,이티밴 미니 2인승,412,243.0,655.0,2024년도 전기자동차 목포시 모델별 보조금,2024,목포시
화물(소형),제이스모빌리티,이티밴 미니 4인승,412,243.0,655.0,2024년도 전기자동차 목포시 모델별 보조금,2024,목포시
화물(소형),제이스모빌리티,이티밴 프로 2인승,412,243.0,655.0,2024년도 전기자동차 목포시 모델별 보조금,2024,목포시
화물(소형),제이스모빌리티,이티밴 프로 4인승,412,243.0,655.0,2024년도 전기자동차 목포시 모델별 보조금,2024,목포시
화물(소형),오텍,오텍 무시동 전기 냉동탑차(봉고),1118,650.0,1768.0,2024년도 전기자동차 목포시 모델별 보조금,2024,목포시
화물(소형),이엔플러스,이엔1톤롱바디카고,850,502.0,1352.0,2024년도 전기자동차 목포시 모델별 보조금,2024,목포시
화물(소형),이엔플러스,이엔플러스EV1톤롱바디트럭,895,528.0,1423.0,2024년도 전기자동차 목포시 모델별 보조금,2024,목포시
화물(소형),GS글로벌,T4K,462,273.0,735.0,2024년도 전기자동차 목포시 모델별 보조금,2024,목포시
화물(소형),GS글로벌,T4K 냉동탑차,711,420.0,1131.0,2024년도 전기자동차 목포시 모델별 보조금,2024,목포시
화물(소형),에스에스라이트,젤라,336,198.0,534.0,2024년도 전기자동차 목포시 모델별 보조금,2024,목포시
화물(소형),에스에스라이트,젤라 P200,478,282.0,760.0,2024년도 전기자동차 목포시 모델별 보조금,2024,목포시
화물(소형),한국쓰리축,한국쓰리축1톤롱바디EV트럭(봉고),837,494.0,1331.0,2024년도 전기자동차 목포시 모델별 보조금,2024,목포시
화물(소형),한국쓰리축,한국쓰리축1톤롱바디EV트럭(포터),855,505.0,1360.0,2024년도 전기자동차 목포시 모델별 보조금,2024,목포시
화물(소형),모빌리티네트웍스,SE-A2밴,333,196.0,529.0,2024년도 전기자동차 목포시 모델별 보조금,2024,목포시
화물(소형),피닉스코리아,썬라이즈-T01,412,243.0,655.0,2024년도 전기자동차 목포시 모델별 보조금,2024,목포시
화물(소형),케이지모빌리티,토레스 EVX VAN 20인치,392,231.0,623.0,2024년도 전기자동차 목포시 모델별 보조금,2024,목포시
화물(소형),케이지모빌리티,토레스 EVX VAN 18인치,394,232.0,626.0,2024년도 전기자동차 목포시 모델별 보조금,2024,목포시
화물(소형),한국상용트럭,한국상용1톤롱바디EV카고트럭,818,483.0,1301.0,2024년도 전기자동차 목포시 모델별 보조금,2024,목포시
화물(소형),한국상용트럭,한국상용0.9톤롱바디EV내장탑트럭,593,350.0,943.0,2024년도 전기자동차 목포시 모델별 보조금,2024,목포시
화물(소형),센트로에이케이,E-CV1,282,166.0,448.0,2024년도 전기자동차 목포시 모델별 보조금,2024,목포시
화물(소형),파츠몰에이투지,SW40,412,243.0,655.0,2024년도 전기자동차 목포시 모델별 보조금,2024,목포시
화물(소형),이브이앤솔루션,STEGO-Z,540,319.0,859.0,2024년도 전기자동차 목포시 모델별 보조금,2024,목포시
화물(초소형),마스타전기차,MASTA VAN,400,227.0,627.0,2024년도 전기자동차 여수시 모델별 보조금,2024,여수시
화물(초소형),마스타전기차,MASTA HIM,400,227.0,627.0,2024년도 전기자동차 여수시 모델별 보조금,2024,여수시
화물(초소형),디피코,포트로-탑,400,227.0,627.0,2024년도 전기자동차 여수시 모델별 보조금,2024,여수시
화물(초소형),디피코,포트로-픽업,400,227.0,627.0,2024년도 전기자동차 여수시 모델별 보조금,2024,여수시
화물(초소형),디피코,포트로-탑S,400,227.0,627.0,2024년도 전기자동차 여수시 모델별 보조금,2024,여수시
화물(초소형),디피코,포트로-픽업S,400,227.0,627.0,2024년도 전기자동차 여수시 모델별 보조금,2024,여수시
화물(초소형),마이브,베프,400,227.0,627.0,2024년도 전기자동차 여수시 모델별 보조금,2024,여수시
화물(경형),디피코,포트로350L-탑,788,378.0,1166.0,2024년도 전기자동차 여수시 모델별 보조금,2024,여수시
화물(경형),디피코,포트로350L-픽업,788,378.0,1166.0,2024년도 전기자동차 여수시 모델별 보조금,2024,여수시
화물(소형),파워프라자,봉고3ev PEACE,554,266.0,820.0,2024년도 전기자동차 여수시 모델별 보조금,2024,여수시
화물(소형),파워프라자,봉고3ev PEACE 더블캡,481,231.0,712.0,2024년도 전기자동차 여수시 모델별 보조금,2024,여수시
화물(소형),현대자동차,포터Ⅱ 일렉트릭(23MY),1090,504.0,1594.0,2024년도 전기자동차 여수시 모델별 보조금,2024,여수시
화물(소형),현대자동차,포터Ⅱ 일렉트릭(24MY),1090,504.0,1594.0,2024년도 전기자동차 여수시 모델별 보조금,2024,여수시
화물(소형),현대자동차,ST1 기본형 카고 17인치,1100,529.0,1629.0,2024년도 전기자동차 여수시 모델별 보조금,2024,여수시
화물(소형),현대자동차,ST1 기본형 카고 냉동 17인치,1450,529.0,1979.0,2024년도 전기자동차 여수시 모델별 보조금,2024,여수시
화물(소형),현대자동차,ST1 기본형 하이탑 17인치,1100,529.0,1629.0,2024년도 전기자동차 여수시 모델별 보조금,2024,여수시
화물(소형),기아,봉고 전기차,1130,504.0,1634.0,2024년도 전기자동차 여수시 모델별 보조금,2024,여수시
화물(소형),기아,봉고 전기차 냉동탑차,1330,529.0,1859.0,2024년도 전기자동차 여수시 모델별 보조금,2024,여수시
화물(소형),기아,봉고 전기차 저상형 냉동탑차,1330,529.0,1859.0,2024년도 전기자동차 여수시 모델별 보조금,2024,여수시
화물(소형),일진정공,일진무시동전기냉동탑차(149.9km),916,440.0,1356.0,2024년도 전기자동차 여수시 모델별 보조금,2024,여수시
화물(소형),일진정공,일진무시동전기냉동탑차(186.1km),1169,529.0,1698.0,2024년도 전기자동차 여수시 모델별 보조금,2024,여수시
화물(소형),일진정공,일진무시동전기냉동탑차(봉고),1379,529.0,1908.0,2024년도 전기자동차 여수시 모델별 보조금,2024,여수시
화물(소형),일진정공,일진무시동전기냉동탑차(포터),1363,529.0,1892.0,2024년도 전기자동차 여수시 모델별 보조금,2024,여수시
화물(소형),루트17,다니고C(0.8톤 전기트럭),1068,468.0,1536.0,2024년도 전기자동차 여수시 모델별 보조금,2024,여수시
화물(소형),루트17,다니고C2(0.8톤 전기트럭),268,128.0,396.0,2024년도 전기자동차 여수시 모델별 보조금,2024,여수시
화물(소형),루트17,다니고R(전기냉동탑차),1224,529.0,1753.0,2024년도 전기자동차 여수시 모델별 보조금,2024,여수시
화물(소형),루트17,다니고R2(무시동 전기냉동탑차),1123,507.0,1630.0,2024년도 전기자동차 여수시 모델별 보조금,2024,여수시
화물(소형),루트17,e-TOVI,464,223.0,687.0,2024년도 전기자동차 여수시 모델별 보조금,2024,여수시
화물(소형),이브이케이엠씨,MASADA 픽업,295,141.0,436.0,2024년도 전기자동차 여수시 모델별 보조금,2024,여수시
화물(소형),이브이케이엠씨,MASADA 3세대 2밴,274,131.0,405.0,2024년도 전기자동차 여수시 모델별 보조금,2024,여수시
화물(소형),이브이케이엠씨,MASADA 3세대 4밴,246,118.0,364.0,2024년도 전기자동차 여수시 모델별 보조금,2024,여수시
화물(소형),이브이케이엠씨,MASADA 2밴,299,143.0,442.0,2024년도 전기자동차 여수시 모델별 보조금,2024,여수시
화물(소형),이브이케이엠씨,MASADA 4밴,269,129.0,398.0,2024년도 전기자동차 여수시 모델별 보조금,2024,여수시
화물(소형),이브이케이엠씨,EC35 2밴,194,93.0,287.0,2024년도 전기자동차 여수시 모델별 보조금,2024,여수시
화물(소형),제이스모빌리티,이티밴,405,194.0,599.0,2024년도 전기자동차 여수시 모델별 보조금,2024,여수시
화물(소형),제이스모빌리티,이티4밴,364,175.0,539.0,2024년도 전기자동차 여수시 모델별 보조금,2024,여수시
화물(소형),제이스모빌리티,이티밴 미니 2인승,412,198.0,610.0,2024년도 전기자동차 여수시 모델별 보조금,2024,여수시
화물(소형),제이스모빌리티,이티밴 미니 4인승,412,198.0,610.0,2024년도 전기자동차 여수시 모델별 보조금,2024,여수시
화물(소형),제이스모빌리티,이티밴 프로 2인승,412,198.0,610.0,2024년도 전기자동차 여수시 모델별 보조금,2024,여수시
화물(소형),제이스모빌리티,이티밴 프로 4인승,412,198.0,610.0,2024년도 전기자동차 여수시 모델별 보조금,2024,여수시
화물(소형),오텍,오텍 무시동 전기 냉동탑차(봉고),1118,529.0,1647.0,2024년도 전기자동차 여수시 모델별 보조금,2024,여수시
화물(소형),이엔플러스,이엔1톤롱바디카고,850,408.0,1258.0,2024년도 전기자동차 여수시 모델별 보조금,2024,여수시
화물(소형),이엔플러스,이엔플러스EV1톤롱바디트럭,895,430.0,1325.0,2024년도 전기자동차 여수시 모델별 보조금,2024,여수시
화물(소형),GS글로벌,T4K,462,222.0,684.0,2024년도 전기자동차 여수시 모델별 보조금,2024,여수시
화물(소형),GS글로벌,T4K 냉동탑차,711,341.0,1052.0,2024년도 전기자동차 여수시 모델별 보조금,2024,여수시
화물(소형),에스에스라이트,젤라,336,161.0,497.0,2024년도 전기자동차 여수시 모델별 보조금,2024,여수시
화물(소형),에스에스라이트,젤라 P200,478,229.0,707.0,2024년도 전기자동차 여수시 모델별 보조금,2024,여수시
화물(소형),한국쓰리축,한국쓰리축1톤롱바디EV트럭(봉고),837,402.0,1239.0,2024년도 전기자동차 여수시 모델별 보조금,2024,여수시
화물(소형),한국쓰리축,한국쓰리축1톤롱바디EV트럭(포터),855,411.0,1266.0,2024년도 전기자동차 여수시 모델별 보조금,2024,여수시
화물(소형),모빌리티네트웍스,SE-A2밴,333,160.0,493.0,2024년도 전기자동차 여수시 모델별 보조금,2024,여수시
화물(소형),피닉스코리아,썬라이즈-T01,412,198.0,610.0,2024년도 전기자동차 여수시 모델별 보조금,2024,여수시
화물(소형),케이지모빌리티,토레스 EVX VAN 20인치,392,188.0,580.0,2024년도 전기자동차 여수시 모델별 보조금,2024,여수시
화물(소형),케이지모빌리티,토레스 EVX VAN 18인치,394,189.0,583.0,2024년도 전기자동차 여수시 모델별 보조금,2024,여수시
화물(소형),한국상용트럭,한국상용1톤롱바디EV카고트럭,818,393.0,1211.0,2024년도 전기자동차 여수시 모델별 보조금,2024,여수시
화물(소형),한국상용트럭,한국상용0.9톤롱바디EV내장탑트럭,593,285.0,878.0,2024년도 전기자동차 여수시 모델별 보조금,2024,여수시
화물(소형),센트로에이케이,E-CV1,282,135.0,417.0,2024년도 전기자동차 여수시 모델별 보조금,2024,여수시
화물(소형),파츠몰에이투지,SW40,412,198.0,610.0,2024년도 전기자동차 여수시 모델별 보조금,2024,여수시
화물(소형),이브이앤솔루션,STEGO-Z,540,259.0,799.0,2024년도 전기자동차 여수시 모델별 보조금,2024,여수시
화물(초소형),마스타전기차,MASTA VAN,400,236.0,636.0,2024년도 전기자동차 순천시 모델별 보조금,2024,순천시
화물(초소형),마스타전기차,MASTA HIM,400,236.0,636.0,2024년도 전기자동차 순천시 모델별 보조금,2024,순천시
화물(초소형),디피코,포트로-탑,400,236.0,636.0,2024년도 전기자동차 순천시 모델별 보조금,2024,순천시
화물(초소형),디피코,포트로-픽업,400,236.0,636.0,2024년도 전기자동차 순천시 모델별 보조금,2024,순천시
화물(초소형),디피코,포트로-탑S,400,236.0,636.0,2024년도 전기자동차 순천시 모델별 보조금,2024,순천시
화물(초소형),디피코,포트로-픽업S,400,236.0,636.0,2024년도 전기자동차 순천시 모델별 보조금,2024,순천시
화물(초소형),마이브,베프,400,236.0,636.0,2024년도 전기자동차 순천시 모델별 보조금,2024,순천시
화물(경형),디피코,포트로350L-탑,788,465.0,1253.0,2024년도 전기자동차 순천시 모델별 보조금,2024,순천시
화물(경형),디피코,포트로350L-픽업,788,465.0,1253.0,2024년도 전기자동차 순천시 모델별 보조금,2024,순천시
화물(소형),파워프라자,봉고3ev PEACE,554,327.0,881.0,2024년도 전기자동차 순천시 모델별 보조금,2024,순천시
화물(소형),파워프라자,봉고3ev PEACE 더블캡,481,284.0,765.0,2024년도 전기자동차 순천시 모델별 보조금,2024,순천시
화물(소형),현대자동차,포터Ⅱ 일렉트릭(23MY),1090,620.0,1710.0,2024년도 전기자동차 순천시 모델별 보조금,2024,순천시
화물(소형),현대자동차,포터Ⅱ 일렉트릭(24MY),1090,620.0,1710.0,2024년도 전기자동차 순천시 모델별 보조금,2024,순천시
화물(소형),현대자동차,ST1 기본형 카고 17인치,1100,650.0,1750.0,2024년도 전기자동차 순천시 모델별 보조금,2024,순천시
화물(소형),현대자동차,ST1 기본형 카고 냉동 17인치,1450,650.0,2100.0,2024년도 전기자동차 순천시 모델별 보조금,2024,순천시
화물(소형),현대자동차,ST1 기본형 하이탑 17인치,1100,650.0,1750.0,2024년도 전기자동차 순천시 모델별 보조금,2024,순천시
화물(소형),기아,봉고 전기차,1130,620.0,1750.0,2024년도 전기자동차 순천시 모델별 보조금,2024,순천시
화물(소형),기아,봉고 전기차 냉동탑차,1330,650.0,1980.0,2024년도 전기자동차 순천시 모델별 보조금,2024,순천시
화물(소형),기아,봉고 전기차 저상형 냉동탑차,1330,650.0,1980.0,2024년도 전기자동차 순천시 모델별 보조금,2024,순천시
화물(소형),일진정공,일진무시동전기냉동탑차(149.9km),916,541.0,1457.0,2024년도 전기자동차 순천시 모델별 보조금,2024,순천시
화물(소형),일진정공,일진무시동전기냉동탑차(186.1km),1169,650.0,1819.0,2024년도 전기자동차 순천시 모델별 보조금,2024,순천시
화물(소형),일진정공,일진무시동전기냉동탑차(봉고),1379,650.0,2029.0,2024년도 전기자동차 순천시 모델별 보조금,2024,순천시
화물(소형),일진정공,일진무시동전기냉동탑차(포터),1363,650.0,2013.0,2024년도 전기자동차 순천시 모델별 보조금,2024,순천시
화물(소형),루트17,다니고C(0.8톤 전기트럭),1068,576.0,1644.0,2024년도 전기자동차 순천시 모델별 보조금,2024,순천시
화물(소형),루트17,다니고C2(0.8톤 전기트럭),268,158.0,426.0,2024년도 전기자동차 순천시 모델별 보조금,2024,순천시
화물(소형),루트17,다니고R(전기냉동탑차),1224,650.0,1874.0,2024년도 전기자동차 순천시 모델별 보조금,2024,순천시
화물(소형),루트17,다니고R2(무시동 전기냉동탑차),1123,623.0,1746.0,2024년도 전기자동차 순천시 모델별 보조금,2024,순천시
화물(소형),루트17,e-TOVI,464,274.0,738.0,2024년도 전기자동차 순천시 모델별 보조금,2024,순천시
화물(소형),이브이케이엠씨,MASADA 픽업,295,174.0,469.0,2024년도 전기자동차 순천시 모델별 보조금,2024,순천시
화물(소형),이브이케이엠씨,MASADA 3세대 2밴,274,161.0,435.0,2024년도 전기자동차 순천시 모델별 보조금,2024,순천시
화물(소형),이브이케이엠씨,MASADA 3세대 4밴,246,145.0,391.0,2024년도 전기자동차 순천시 모델별 보조금,2024,순천시
화물(소형),이브이케이엠씨,MASADA 2밴,299,176.0,475.0,2024년도 전기자동차 순천시 모델별 보조금,2024,순천시
화물(소형),이브이케이엠씨,MASADA 4밴,269,158.0,427.0,2024년도 전기자동차 순천시 모델별 보조금,2024,순천시
화물(소형),이브이케이엠씨,EC35 2밴,194,114.0,308.0,2024년도 전기자동차 순천시 모델별 보조금,2024,순천시
화물(소형),제이스모빌리티,이티밴,405,239.0,644.0,2024년도 전기자동차 순천시 모델별 보조금,2024,순천시
화물(소형),제이스모빌리티,이티4밴,364,215.0,579.0,2024년도 전기자동차 순천시 모델별 보조금,2024,순천시
화물(소형),제이스모빌리티,이티밴 미니 2인승,412,243.0,655.0,2024년도 전기자동차 순천시 모델별 보조금,2024,순천시
화물(소형),제이스모빌리티,이티밴 미니 4인승,412,243.0,655.0,2024년도 전기자동차 순천시 모델별 보조금,2024,순천시
화물(소형),제이스모빌리티,이티밴 프로 2인승,412,243.0,655.0,2024년도 전기자동차 순천시 모델별 보조금,2024,순천시
화물(소형),제이스모빌리티,이티밴 프로 4인승,412,243.0,655.0,2024년도 전기자동차 순천시 모델별 보조금,2024,순천시
화물(소형),오텍,오텍 무시동 전기 냉동탑차(봉고),1118,650.0,1768.0,2024년도 전기자동차 순천시 모델별 보조금,2024,순천시
화물(소형),이엔플러스,이엔1톤롱바디카고,850,502.0,1352.0,2024년도 전기자동차 순천시 모델별 보조금,2024,순천시
화물(소형),이엔플러스,이엔플러스EV1톤롱바디트럭,895,528.0,1423.0,2024년도 전기자동차 순천시 모델별 보조금,2024,순천시
화물(소형),GS글로벌,T4K,462,273.0,735.0,2024년도 전기자동차 순천시 모델별 보조금,2024,순천시
화물(소형),GS글로벌,T4K 냉동탑차,711,420.0,1131.0,2024년도 전기자동차 순천시 모델별 보조금,2024,순천시
화물(소형),에스에스라이트,젤라,336,198.0,534.0,2024년도 전기자동차 순천시 모델별 보조금,2024,순천시
화물(소형),에스에스라이트,젤라 P200,478,282.0,760.0,2024년도 전기자동차 순천시 모델별 보조금,2024,순천시
화물(소형),한국쓰리축,한국쓰리축1톤롱바디EV트럭(봉고),837,494.0,1331.0,2024년도 전기자동차 순천시 모델별 보조금,2024,순천시
화물(소형),한국쓰리축,한국쓰리축1톤롱바디EV트럭(포터),855,505.0,1360.0,2024년도 전기자동차 순천시 모델별 보조금,2024,순천시
화물(소형),모빌리티네트웍스,SE-A2밴,333,196.0,529.0,2024년도 전기자동차 순천시 모델별 보조금,2024,순천시
화물(소형),피닉스코리아,썬라이즈-T01,412,243.0,655.0,2024년도 전기자동차 순천시 모델별 보조금,2024,순천시
화물(소형),케이지모빌리티,토레스 EVX VAN 20인치,392,231.0,623.0,2024년도 전기자동차 순천시 모델별 보조금,2024,순천시
화물(소형),케이지모빌리티,토레스 EVX VAN 18인치,394,232.0,626.0,2024년도 전기자동차 순천시 모델별 보조금,2024,순천시
화물(소형),한국상용트럭,한국상용1톤롱바디EV카고트럭,818,483.0,1301.0,2024년도 전기자동차 순천시 모델별 보조금,2024,순천시
화물(소형),한국상용트럭,한국상용0.9톤롱바디EV내장탑트럭,593,350.0,943.0,2024년도 전기자동차 순천시 모델별 보조금,2024,순천시
화물(소형),센트로에이케이,E-CV1,282,166.0,448.0,2024년도 전기자동차 순천시 모델별 보조금,2024,순천시
화물(소형),파츠몰에이투지,SW40,412,243.0,655.0,2024년도 전기자동차 순천시 모델별 보조금,2024,순천시
화물(소형),이브이앤솔루션,STEGO-Z,540,0.0,540.0,2024년도 전기자동차 순천시 모델별 보조금,2024,순천시
화물(초소형),마스타전기차,MASTA VAN,400,200.0,600.0,2024년도 전기자동차 나주시 모델별 보조금,2024,나주시
화물(초소형),마스타전기차,MASTA HIM,400,200.0,600.0,2024년도 전기자동차 나주시 모델별 보조금,2024,나주시
화물(초소형),디피코,포트로-탑,400,200.0,600.0,2024년도 전기자동차 나주시 모델별 보조금,2024,나주시
화물(초소형),디피코,포트로-픽업,400,200.0,600.0,2024년도 전기자동차 나주시 모델별 보조금,2024,나주시
화물(초소형),디피코,포트로-탑S,400,200.0,600.0,2024년도 전기자동차 나주시 모델별 보조금,2024,나주시
화물(초소형),디피코,포트로-픽업S,400,200.0,600.0,2024년도 전기자동차 나주시 모델별 보조금,2024,나주시
화물(경형),디피코,포트로350L-탑,788,541.0,1329.0,2024년도 전기자동차 나주시 모델별 보조금,2024,나주시
화물(경형),디피코,포트로350L-픽업,788,541.0,1329.0,2024년도 전기자동차 나주시 모델별 보조금,2024,나주시
화물(소형),파워프라자,봉고3ev PEACE,554,327.0,881.0,2024년도 전기자동차 나주시 모델별 보조금,2024,나주시
화물(소형),파워프라자,봉고3ev PEACE 더블캡,481,284.0,765.0,2024년도 전기자동차 나주시 모델별 보조금,2024,나주시
화물(소형),현대자동차,포터Ⅱ 일렉트릭(23MY),1090,620.0,1710.0,2024년도 전기자동차 나주시 모델별 보조금,2024,나주시
화물(소형),현대자동차,포터Ⅱ 일렉트릭(24MY),1090,620.0,1710.0,2024년도 전기자동차 나주시 모델별 보조금,2024,나주시
화물(소형),현대자동차,ST1 기본형 카고 17인치,1100,650.0,1750.0,2024년도 전기자동차 나주시 모델별 보조금,2024,나주시
화물(소형),현대자동차,ST1 기본형 카고 냉동 17인치,1450,650.0,2100.0,2024년도 전기자동차 나주시 모델별 보조금,2024,나주시
화물(소형),기아,봉고 전기차,1130,620.0,1750.0,2024년도 전기자동차 나주시 모델별 보조금,2024,나주시
화물(소형),기아,봉고 전기차 냉동탑차,1330,650.0,1980.0,2024년도 전기자동차 나주시 모델별 보조금,2024,나주시
화물(소형),기아,봉고 전기차 저상형 냉동탑차,1330,650.0,1980.0,2024년도 전기자동차 나주시 모델별 보조금,2024,나주시
화물(소형),일진정공,일진무시동전기냉동탑차(149.9km),916,541.0,1457.0,2024년도 전기자동차 나주시 모델별 보조금,2024,나주시
화물(소형),일진정공,일진무시동전기냉동탑차(186.1km),1169,650.0,1819.0,2024년도 전기자동차 나주시 모델별 보조금,2024,나주시
화물(소형),일진정공,일진무시동전기냉동탑차(봉고),1379,650.0,2029.0,2024년도 전기자동차 나주시 모델별 보조금,2024,나주시
화물(소형),일진정공,일진무시동전기냉동탑차(포터),1363,650.0,2013.0,2024년도 전기자동차 나주시 모델별 보조금,2024,나주시
화물(소형),루트17,다니고C(0.8톤 전기트럭),1068,576.0,1644.0,2024년도 전기자동차 나주시 모델별 보조금,2024,나주시
화물(소형),루트17,다니고C2(0.8톤 전기트럭),268,158.0,426.0,2024년도 전기자동차 나주시 모델별 보조금,2024,나주시
화물(소형),루트17,다니고R(전기냉동탑차),1224,650.0,1874.0,2024년도 전기자동차 나주시 모델별 보조금,2024,나주시
화물(소형),루트17,다니고R2(무시동 전기냉동탑차),1123,623.0,1746.0,2024년도 전기자동차 나주시 모델별 보조금,2024,나주시
화물(소형),루트17,e-TOVI,464,274.0,738.0,2024년도 전기자동차 나주시 모델별 보조금,2024,나주시
화물(소형),이브이케이엠씨,MASADA 픽업,295,174.0,469.0,2024년도 전기자동차 나주시 모델별 보조금,2024,나주시
화물(소형),이브이케이엠씨,MASADA 3세대 2밴,274,161.0,435.0,2024년도 전기자동차 나주시 모델별 보조금,2024,나주시
화물(소형),이브이케이엠씨,MASADA 3세대 4밴,246,145.0,391.0,2024년도 전기자동차 나주시 모델별 보조금,2024,나주시
화물(소형),이브이케이엠씨,MASADA 2밴,299,176.0,475.0,2024년도 전기자동차 나주시 모델별 보조금,2024,나주시
화물(소형),이브이케이엠씨,MASADA 4밴,269,158.0,427.0,2024년도 전기자동차 나주시 모델별 보조금,2024,나주시
화물(소형),이브이케이엠씨,EC35 2밴,194,114.0,308.0,2024년도 전기자동차 나주시 모델별 보조금,2024,나주시
화물(소형),제이스모빌리티,이티밴,405,239.0,644.0,2024년도 전기자동차 나주시 모델별 보조금,2024,나주시
화물(소형),제이스모빌리티,이티4밴,364,215.0,579.0,2024년도 전기자동차 나주시 모델별 보조금,2024,나주시
화물(소형),제이스모빌리티,이티밴 미니 2인승,412,243.0,655.0,2024년도 전기자동차 나주시 모델별 보조금,2024,나주시
화물(소형),제이스모빌리티,이티밴 미니 4인승,412,243.0,655.0,2024년도 전기자동차 나주시 모델별 보조금,2024,나주시
화물(소형),제이스모빌리티,이티밴 프로 2인승,412,243.0,655.0,2024년도 전기자동차 나주시 모델별 보조금,2024,나주시
화물(소형),제이스모빌리티,이티밴 프로 4인승,412,243.0,655.0,2024년도 전기자동차 나주시 모델별 보조금,2024,나주시
화물(소형),오텍,오텍 무시동 전기 냉동탑차(봉고),1118,650.0,1768.0,2024년도 전기자동차 나주시 모델별 보조금,2024,나주시
화물(소형),이엔플러스,이엔1톤롱바디카고,850,502.0,1352.0,2024년도 전기자동차 나주시 모델별 보조금,2024,나주시
화물(소형),이엔플러스,이엔플러스EV1톤롱바디트럭,895,528.0,1423.0,2024년도 전기자동차 나주시 모델별 보조금,2024,나주시
화물(소형),GS글로벌,T4K,462,273.0,735.0,2024년도 전기자동차 나주시 모델별 보조금,2024,나주시
화물(소형),GS글로벌,T4K 냉동탑차,711,420.0,1131.0,2024년도 전기자동차 나주시 모델별 보조금,2024,나주시
화물(소형),에스에스라이트,젤라,336,198.0,534.0,2024년도 전기자동차 나주시 모델별 보조금,2024,나주시
화물(소형),에스에스라이트,젤라 P200,478,282.0,760.0,2024년도 전기자동차 나주시 모델별 보조금,2024,나주시
화물(소형),한국쓰리축,한국쓰리축1톤롱바디EV트럭(봉고),837,494.0,1331.0,2024년도 전기자동차 나주시 모델별 보조금,2024,나주시
화물(소형),한국쓰리축,한국쓰리축1톤롱바디EV트럭(포터),855,505.0,1360.0,2024년도 전기자동차 나주시 모델별 보조금,2024,나주시
화물(소형),모빌리티네트웍스,SE-A2밴,333,196.0,529.0,2024년도 전기자동차 나주시 모델별 보조금,2024,나주시
화물(소형),피닉스코리아,썬라이즈-T01,412,243.0,655.0,2024년도 전기자동차 나주시 모델별 보조금,2024,나주시
화물(소형),케이지모빌리티,토레스 EVX VAN 20인치,392,231.0,623.0,2024년도 전기자동차 나주시 모델별 보조금,2024,나주시
화물(소형),케이지모빌리티,토레스 EVX VAN 18인치,394,232.0,626.0,2024년도 전기자동차 나주시 모델별 보조금,2024,나주시
화물(소형),한국상용트럭,한국상용1톤롱바디EV카고트럭,818,483.0,1301.0,2024년도 전기자동차 나주시 모델별 보조금,2024,나주시
화물(소형),한국상용트럭,한국상용0.9톤롱바디EV내장탑트럭,593,350.0,943.0,2024년도 전기자동차 나주시 모델별 보조금,2024,나주시
화물(초소형),마스타전기차,MASTA VAN,400,265.0,665.0,2024년도 전기자동차 광양시 모델별 보조금,2024,광양시
화물(초소형),마스타전기차,MASTA HIM,400,265.0,665.0,2024년도 전기자동차 광양시 모델별 보조금,2024,광양시
화물(초소형),디피코,포트로-탑,400,265.0,665.0,2024년도 전기자동차 광양시 모델별 보조금,2024,광양시
화물(초소형),디피코,포트로-픽업,400,265.0,665.0,2024년도 전기자동차 광양시 모델별 보조금,2024,광양시
화물(초소형),디피코,포트로-탑S,400,265.0,665.0,2024년도 전기자동차 광양시 모델별 보조금,2024,광양시
화물(초소형),디피코,포트로-픽업S,400,265.0,665.0,2024년도 전기자동차 광양시 모델별 보조금,2024,광양시
화물(초소형),마이브,베프,400,265.0,665.0,2024년도 전기자동차 광양시 모델별 보조금,2024,광양시
화물(경형),디피코,포트로350L-탑,788,536.0,1324.0,2024년도 전기자동차 광양시 모델별 보조금,2024,광양시
화물(경형),디피코,포트로350L-픽업,788,536.0,1324.0,2024년도 전기자동차 광양시 모델별 보조금,2024,광양시
화물(소형),파워프라자,봉고3ev PEACE,554,377.0,931.0,2024년도 전기자동차 광양시 모델별 보조금,2024,광양시
화물(소형),파워프라자,봉고3ev PEACE 더블캡,481,327.0,808.0,2024년도 전기자동차 광양시 모델별 보조금,2024,광양시
화물(소형),현대자동차,포터Ⅱ 일렉트릭(23MY),1090,715.0,1805.0,2024년도 전기자동차 광양시 모델별 보조금,2024,광양시
화물(소형),현대자동차,포터Ⅱ 일렉트릭(24MY),1090,715.0,1805.0,2024년도 전기자동차 광양시 모델별 보조금,2024,광양시
화물(소형),현대자동차,ST1 기본형 카고 17인치,1100,750.0,1850.0,2024년도 전기자동차 광양시 모델별 보조금,2024,광양시
화물(소형),현대자동차,ST1 기본형 카고 냉동 17인치,1450,750.0,2200.0,2024년도 전기자동차 광양시 모델별 보조금,2024,광양시
화물(소형),현대자동차,ST1 기본형 하이탑 17인치,1100,750.0,1850.0,2024년도 전기자동차 광양시 모델별 보조금,2024,광양시
화물(소형),기아,봉고 전기차,1130,715.0,1845.0,2024년도 전기자동차 광양시 모델별 보조금,2024,광양시
화물(소형),기아,봉고 전기차 냉동탑차,1330,750.0,2080.0,2024년도 전기자동차 광양시 모델별 보조금,2024,광양시
화물(소형),기아,봉고 전기차 저상형 냉동탑차,1330,750.0,2080.0,2024년도 전기자동차 광양시 모델별 보조금,2024,광양시
화물(소형),일진정공,일진무시동전기냉동탑차(149.9km),916,624.0,1540.0,2024년도 전기자동차 광양시 모델별 보조금,2024,광양시
화물(소형),일진정공,일진무시동전기냉동탑차(186.1km),1169,750.0,1919.0,2024년도 전기자동차 광양시 모델별 보조금,2024,광양시
화물(소형),일진정공,일진무시동전기냉동탑차(봉고),1379,750.0,2129.0,2024년도 전기자동차 광양시 모델별 보조금,2024,광양시
화물(소형),일진정공,일진무시동전기냉동탑차(포터),1363,750.0,2113.0,2024년도 전기자동차 광양시 모델별 보조금,2024,광양시
화물(소형),루트17,다니고C(0.8톤 전기트럭),1068,664.0,1732.0,2024년도 전기자동차 광양시 모델별 보조금,2024,광양시
화물(소형),루트17,다니고C2(0.8톤 전기트럭),268,182.0,450.0,2024년도 전기자동차 광양시 모델별 보조금,2024,광양시
화물(소형),루트17,다니고R(전기냉동탑차),1224,750.0,1974.0,2024년도 전기자동차 광양시 모델별 보조금,2024,광양시
화물(소형),루트17,다니고R2(무시동 전기냉동탑차),1123,719.0,1842.0,2024년도 전기자동차 광양시 모델별 보조금,2024,광양시
화물(소형),루트17,e-TOVI,464,316.0,780.0,2024년도 전기자동차 광양시 모델별 보조금,2024,광양시
화물(소형),이브이케이엠씨,MASADA 픽업,295,201.0,496.0,2024년도 전기자동차 광양시 모델별 보조금,2024,광양시
화물(소형),이브이케이엠씨,MASADA 3세대 2밴,274,186.0,460.0,2024년도 전기자동차 광양시 모델별 보조금,2024,광양시
화물(소형),이브이케이엠씨,MASADA 3세대 4밴,246,167.0,413.0,2024년도 전기자동차 광양시 모델별 보조금,2024,광양시
화물(소형),이브이케이엠씨,MASADA 2밴,299,203.0,502.0,2024년도 전기자동차 광양시 모델별 보조금,2024,광양시
화물(소형),이브이케이엠씨,MASADA 4밴,269,183.0,452.0,2024년도 전기자동차 광양시 모델별 보조금,2024,광양시
화물(소형),이브이케이엠씨,EC35 2밴,194,132.0,326.0,2024년도 전기자동차 광양시 모델별 보조금,2024,광양시
화물(소형),제이스모빌리티,이티밴,405,276.0,681.0,2024년도 전기자동차 광양시 모델별 보조금,2024,광양시
화물(소형),제이스모빌리티,이티4밴,364,248.0,612.0,2024년도 전기자동차 광양시 모델별 보조금,2024,광양시
화물(소형),제이스모빌리티,이티밴 미니 2인승,412,280.0,692.0,2024년도 전기자동차 광양시 모델별 보조금,2024,광양시
화물(소형),제이스모빌리티,이티밴 미니 4인승,412,280.0,692.0,2024년도 전기자동차 광양시 모델별 보조금,2024,광양시
화물(소형),제이스모빌리티,이티밴 프로 2인승,412,280.0,692.0,2024년도 전기자동차 광양시 모델별 보조금,2024,광양시
화물(소형),제이스모빌리티,이티밴 프로 4인승,412,280.0,692.0,2024년도 전기자동차 광양시 모델별 보조금,2024,광양시
화물(소형),오텍,오텍 무시동 전기 냉동탑차(봉고),1118,750.0,1868.0,2024년도 전기자동차 광양시 모델별 보조금,2024,광양시
화물(소형),이엔플러스,이엔1톤롱바디카고,850,579.0,1429.0,2024년도 전기자동차 광양시 모델별 보조금,2024,광양시
화물(소형),이엔플러스,이엔플러스EV1톤롱바디트럭,895,610.0,1505.0,2024년도 전기자동차 광양시 모델별 보조금,2024,광양시
화물(소형),GS글로벌,T4K,462,315.0,777.0,2024년도 전기자동차 광양시 모델별 보조금,2024,광양시
화물(소형),GS글로벌,T4K 냉동탑차,711,484.0,1195.0,2024년도 전기자동차 광양시 모델별 보조금,2024,광양시
화물(소형),에스에스라이트,젤라,336,229.0,565.0,2024년도 전기자동차 광양시 모델별 보조금,2024,광양시
화물(소형),에스에스라이트,젤라 P200,478,325.0,803.0,2024년도 전기자동차 광양시 모델별 보조금,2024,광양시
화물(소형),한국쓰리축,한국쓰리축1톤롱바디EV트럭(봉고),837,570.0,1407.0,2024년도 전기자동차 광양시 모델별 보조금,2024,광양시
화물(소형),한국쓰리축,한국쓰리축1톤롱바디EV트럭(포터),855,582.0,1437.0,2024년도 전기자동차 광양시 모델별 보조금,2024,광양시
화물(소형),모빌리티네트웍스,SE-A2밴,333,227.0,560.0,2024년도 전기자동차 광양시 모델별 보조금,2024,광양시
화물(소형),피닉스코리아,썬라이즈-T01,412,280.0,692.0,2024년도 전기자동차 광양시 모델별 보조금,2024,광양시
화물(소형),케이지모빌리티,토레스 EVX VAN 20인치,392,267.0,659.0,2024년도 전기자동차 광양시 모델별 보조금,2024,광양시
화물(소형),케이지모빌리티,토레스 EVX VAN 18인치,394,268.0,662.0,2024년도 전기자동차 광양시 모델별 보조금,2024,광양시
화물(소형),한국상용트럭,한국상용1톤롱바디EV카고트럭,818,557.0,1375.0,2024년도 전기자동차 광양시 모델별 보조금,2024,광양시
화물(소형),한국상용트럭,한국상용0.9톤롱바디EV내장탑트럭,593,404.0,997.0,2024년도 전기자동차 광양시 모델별 보조금,2024,광양시
화물(소형),센트로에이케이,E-CV1,282,192.0,474.0,2024년도 전기자동차 광양시 모델별 보조금,2024,광양시
화물(소형),파츠몰에이투지,SW40,412,280.0,692.0,2024년도 전기자동차 광양시 모델별 보조금,2024,광양시
화물(소형),이브이앤솔루션,STEGO-Z,540,368.0,908.0,2024년도 전기자동차 광양시 모델별 보조금,2024,광양시
화물(초소형),마스타전기차,MASTA VAN,400,272.0,672.0,2024년도 전기자동차 담양군 모델별 보조금,2024,담양군
화물(초소형),마스타전기차,MASTA HIM,400,272.0,672.0,2024년도 전기자동차 담양군 모델별 보조금,2024,담양군
화물(초소형),디피코,포트로-탑,400,272.0,672.0,2024년도 전기자동차 담양군 모델별 보조금,2024,담양군
화물(초소형),디피코,포트로-픽업,400,272.0,672.0,2024년도 전기자동차 담양군 모델별 보조금,2024,담양군
화물(초소형),디피코,포트로-탑S,400,272.0,672.0,2024년도 전기자동차 담양군 모델별 보조금,2024,담양군
화물(초소형),디피코,포트로-픽업S,400,272.0,672.0,2024년도 전기자동차 담양군 모델별 보조금,2024,담양군
화물(초소형),마이브,베프,400,272.0,672.0,2024년도 전기자동차 담양군 모델별 보조금,2024,담양군
화물(경형),디피코,포트로350L-탑,788,536.0,1324.0,2024년도 전기자동차 담양군 모델별 보조금,2024,담양군
화물(경형),디피코,포트로350L-픽업,788,536.0,1324.0,2024년도 전기자동차 담양군 모델별 보조금,2024,담양군
화물(소형),파워프라자,봉고3ev PEACE,554,377.0,931.0,2024년도 전기자동차 담양군 모델별 보조금,2024,담양군
화물(소형),파워프라자,봉고3ev PEACE 더블캡,481,327.0,808.0,2024년도 전기자동차 담양군 모델별 보조금,2024,담양군
화물(소형),현대자동차,포터Ⅱ 일렉트릭(23MY),1090,715.0,1805.0,2024년도 전기자동차 담양군 모델별 보조금,2024,담양군
화물(소형),현대자동차,포터Ⅱ 일렉트릭(24MY),1090,715.0,1805.0,2024년도 전기자동차 담양군 모델별 보조금,2024,담양군
화물(소형),현대자동차,ST1 기본형 카고 17인치,1100,750.0,1850.0,2024년도 전기자동차 담양군 모델별 보조금,2024,담양군
화물(소형),현대자동차,ST1 기본형 카고 냉동 17인치,1450,750.0,2200.0,2024년도 전기자동차 담양군 모델별 보조금,2024,담양군
화물(소형),현대자동차,ST1 기본형 하이탑 17인치,1100,750.0,1850.0,2024년도 전기자동차 담양군 모델별 보조금,2024,담양군
화물(소형),기아,봉고 전기차,1130,715.0,1845.0,2024년도 전기자동차 담양군 모델별 보조금,2024,담양군
화물(소형),기아,봉고 전기차 냉동탑차,1330,750.0,2080.0,2024년도 전기자동차 담양군 모델별 보조금,2024,담양군
화물(소형),기아,봉고 전기차 저상형 냉동탑차,1330,750.0,2080.0,2024년도 전기자동차 담양군 모델별 보조금,2024,담양군
화물(소형),일진정공,일진무시동전기냉동탑차(149.9km),916,624.0,1540.0,2024년도 전기자동차 담양군 모델별 보조금,2024,담양군
화물(소형),일진정공,일진무시동전기냉동탑차(186.1km),1169,750.0,1919.0,2024년도 전기자동차 담양군 모델별 보조금,2024,담양군
화물(소형),일진정공,일진무시동전기냉동탑차(봉고),1379,750.0,2129.0,2024년도 전기자동차 담양군 모델별 보조금,2024,담양군
화물(소형),일진정공,일진무시동전기냉동탑차(포터),1363,750.0,2113.0,2024년도 전기자동차 담양군 모델별 보조금,2024,담양군
화물(소형),루트17,다니고C(0.8톤 전기트럭),1068,664.0,1732.0,2024년도 전기자동차 담양군 모델별 보조금,2024,담양군
화물(소형),루트17,다니고C2(0.8톤 전기트럭),268,182.0,450.0,2024년도 전기자동차 담양군 모델별 보조금,2024,담양군
화물(소형),루트17,다니고R(전기냉동탑차),1224,750.0,1974.0,2024년도 전기자동차 담양군 모델별 보조금,2024,담양군
화물(소형),루트17,다니고R2(무시동 전기냉동탑차),1123,719.0,1842.0,2024년도 전기자동차 담양군 모델별 보조금,2024,담양군
화물(소형),루트17,e-TOVI,464,316.0,780.0,2024년도 전기자동차 담양군 모델별 보조금,2024,담양군
화물(소형),이브이케이엠씨,MASADA 픽업,295,201.0,496.0,2024년도 전기자동차 담양군 모델별 보조금,2024,담양군
화물(소형),이브이케이엠씨,MASADA 3세대 2밴,274,186.0,460.0,2024년도 전기자동차 담양군 모델별 보조금,2024,담양군
화물(소형),이브이케이엠씨,MASADA 3세대 4밴,246,167.0,413.0,2024년도 전기자동차 담양군 모델별 보조금,2024,담양군
화물(소형),이브이케이엠씨,MASADA 2밴,299,203.0,502.0,2024년도 전기자동차 담양군 모델별 보조금,2024,담양군
화물(소형),이브이케이엠씨,MASADA 4밴,269,183.0,452.0,2024년도 전기자동차 담양군 모델별 보조금,2024,담양군
화물(소형),이브이케이엠씨,EC35 2밴,194,132.0,326.0,2024년도 전기자동차 담양군 모델별 보조금,2024,담양군
화물(소형),제이스모빌리티,이티밴,405,276.0,681.0,2024년도 전기자동차 담양군 모델별 보조금,2024,담양군
화물(소형),제이스모빌리티,이티4밴,364,248.0,612.0,2024년도 전기자동차 담양군 모델별 보조금,2024,담양군
화물(소형),제이스모빌리티,이티밴 미니 2인승,412,280.0,692.0,2024년도 전기자동차 담양군 모델별 보조금,2024,담양군
화물(소형),제이스모빌리티,이티밴 미니 4인승,412,280.0,692.0,2024년도 전기자동차 담양군 모델별 보조금,2024,담양군
화물(소형),제이스모빌리티,이티밴 프로 2인승,412,280.0,692.0,2024년도 전기자동차 담양군 모델별 보조금,2024,담양군
화물(소형),제이스모빌리티,이티밴 프로 4인승,412,280.0,692.0,2024년도 전기자동차 담양군 모델별 보조금,2024,담양군
화물(소형),오텍,오텍 무시동 전기 냉동탑차(봉고),1118,750.0,1868.0,2024년도 전기자동차 담양군 모델별 보조금,2024,담양군
화물(소형),이엔플러스,이엔1톤롱바디카고,850,579.0,1429.0,2024년도 전기자동차 담양군 모델별 보조금,2024,담양군
화물(소형),이엔플러스,이엔플러스EV1톤롱바디트럭,895,610.0,1505.0,2024년도 전기자동차 담양군 모델별 보조금,2024,담양군
화물(소형),GS글로벌,T4K,462,315.0,777.0,2024년도 전기자동차 담양군 모델별 보조금,2024,담양군
화물(소형),GS글로벌,T4K 냉동탑차,711,484.0,1195.0,2024년도 전기자동차 담양군 모델별 보조금,2024,담양군
화물(소형),에스에스라이트,젤라,336,229.0,565.0,2024년도 전기자동차 담양군 모델별 보조금,2024,담양군
화물(소형),에스에스라이트,젤라 P200,478,325.0,803.0,2024년도 전기자동차 담양군 모델별 보조금,2024,담양군
화물(소형),한국쓰리축,한국쓰리축1톤롱바디EV트럭(봉고),837,570.0,1407.0,2024년도 전기자동차 담양군 모델별 보조금,2024,담양군
화물(소형),한국쓰리축,한국쓰리축1톤롱바디EV트럭(포터),855,582.0,1437.0,2024년도 전기자동차 담양군 모델별 보조금,2024,담양군
화물(소형),모빌리티네트웍스,SE-A2밴,333,227.0,560.0,2024년도 전기자동차 담양군 모델별 보조금,2024,담양군
화물(소형),피닉스코리아,썬라이즈-T01,412,280.0,692.0,2024년도 전기자동차 담양군 모델별 보조금,2024,담양군
화물(소형),케이지모빌리티,토레스 EVX VAN 20인치,392,267.0,659.0,2024년도 전기자동차 담양군 모델별 보조금,2024,담양군
화물(소형),케이지모빌리티,토레스 EVX VAN 18인치,394,268.0,662.0,2024년도 전기자동차 담양군 모델별 보조금,2024,담양군
화물(소형),한국상용트럭,한국상용1톤롱바디EV카고트럭,818,557.0,1375.0,2024년도 전기자동차 담양군 모델별 보조금,2024,담양군
화물(소형),한국상용트럭,한국상용0.9톤롱바디EV내장탑트럭,593,404.0,997.0,2024년도 전기자동차 담양군 모델별 보조금,2024,담양군
화물(소형),센트로에이케이,E-CV1,282,192.0,474.0,2024년도 전기자동차 담양군 모델별 보조금,2024,담양군
화물(소형),파츠몰에이투지,SW40,412,280.0,692.0,2024년도 전기자동차 담양군 모델별 보조금,2024,담양군
화물(소형),이브이앤솔루션,STEGO-Z,540,368.0,908.0,2024년도 전기자동차 담양군 모델별 보조금,2024,담양군
화물(초소형),마스타전기차,MASTA VAN,400,65.0,465.0,2024년도 전기자동차 곡성군 모델별 보조금,2024,곡성군
화물(초소형),마스타전기차,MASTA HIM,400,65.0,465.0,2024년도 전기자동차 곡성군 모델별 보조금,2024,곡성군
화물(초소형),디피코,포트로-탑,400,65.0,465.0,2024년도 전기자동차 곡성군 모델별 보조금,2024,곡성군
화물(초소형),디피코,포트로-픽업,400,65.0,465.0,2024년도 전기자동차 곡성군 모델별 보조금,2024,곡성군
화물(초소형),디피코,포트로-탑S,400,65.0,465.0,2024년도 전기자동차 곡성군 모델별 보조금,2024,곡성군
화물(초소형),디피코,포트로-픽업S,400,65.0,465.0,2024년도 전기자동차 곡성군 모델별 보조금,2024,곡성군
화물(초소형),마이브,베프,400,0.0,400.0,2024년도 전기자동차 곡성군 모델별 보조금,2024,곡성군
화물(경형),디피코,포트로350L-탑,788,465.0,1253.0,2024년도 전기자동차 곡성군 모델별 보조금,2024,곡성군
화물(경형),디피코,포트로350L-픽업,788,465.0,1253.0,2024년도 전기자동차 곡성군 모델별 보조금,2024,곡성군
화물(소형),파워프라자,봉고3ev PEACE,554,327.0,881.0,2024년도 전기자동차 곡성군 모델별 보조금,2024,곡성군
화물(소형),파워프라자,봉고3ev PEACE 더블캡,481,284.0,765.0,2024년도 전기자동차 곡성군 모델별 보조금,2024,곡성군
화물(소형),현대자동차,포터Ⅱ 일렉트릭(23MY),1090,620.0,1710.0,2024년도 전기자동차 곡성군 모델별 보조금,2024,곡성군
화물(소형),현대자동차,포터Ⅱ 일렉트릭(24MY),1090,620.0,1710.0,2024년도 전기자동차 곡성군 모델별 보조금,2024,곡성군
화물(소형),현대자동차,ST1 기본형 카고 17인치,1100,650.0,1750.0,2024년도 전기자동차 곡성군 모델별 보조금,2024,곡성군
화물(소형),현대자동차,ST1 기본형 카고 냉동 17인치,1450,650.0,2100.0,2024년도 전기자동차 곡성군 모델별 보조금,2024,곡성군
화물(소형),현대자동차,ST1 기본형 하이탑 17인치,1100,650.0,1750.0,2024년도 전기자동차 곡성군 모델별 보조금,2024,곡성군
화물(소형),기아,봉고 전기차,1130,620.0,1750.0,2024년도 전기자동차 곡성군 모델별 보조금,2024,곡성군
화물(소형),기아,봉고 전기차 냉동탑차,1330,650.0,1980.0,2024년도 전기자동차 곡성군 모델별 보조금,2024,곡성군
화물(소형),기아,봉고 전기차 저상형 냉동탑차,1330,650.0,1980.0,2024년도 전기자동차 곡성군 모델별 보조금,2024,곡성군
화물(소형),일진정공,일진무시동전기냉동탑차(149.9km),916,541.0,1457.0,2024년도 전기자동차 곡성군 모델별 보조금,2024,곡성군
화물(소형),일진정공,일진무시동전기냉동탑차(186.1km),1169,650.0,1819.0,2024년도 전기자동차 곡성군 모델별 보조금,2024,곡성군
화물(소형),일진정공,일진무시동전기냉동탑차(봉고),1379,650.0,2029.0,2024년도 전기자동차 곡성군 모델별 보조금,2024,곡성군
화물(소형),일진정공,일진무시동전기냉동탑차(포터),1363,650.0,2013.0,2024년도 전기자동차 곡성군 모델별 보조금,2024,곡성군
화물(소형),루트17,다니고C(0.8톤 전기트럭),1068,576.0,1644.0,2024년도 전기자동차 곡성군 모델별 보조금,2024,곡성군
화물(소형),루트17,다니고C2(0.8톤 전기트럭),268,158.0,426.0,2024년도 전기자동차 곡성군 모델별 보조금,2024,곡성군
화물(소형),루트17,다니고R(전기냉동탑차),1224,650.0,1874.0,2024년도 전기자동차 곡성군 모델별 보조금,2024,곡성군
화물(소형),루트17,다니고R2(무시동 전기냉동탑차),1123,623.0,1746.0,2024년도 전기자동차 곡성군 모델별 보조금,2024,곡성군
화물(소형),루트17,e-TOVI,464,274.0,738.0,2024년도 전기자동차 곡성군 모델별 보조금,2024,곡성군
화물(소형),이브이케이엠씨,MASADA 픽업,295,174.0,469.0,2024년도 전기자동차 곡성군 모델별 보조금,2024,곡성군
화물(소형),이브이케이엠씨,MASADA 3세대 2밴,274,161.0,435.0,2024년도 전기자동차 곡성군 모델별 보조금,2024,곡성군
화물(소형),이브이케이엠씨,MASADA 3세대 4밴,246,145.0,391.0,2024년도 전기자동차 곡성군 모델별 보조금,2024,곡성군
화물(소형),이브이케이엠씨,MASADA 2밴,299,176.0,475.0,2024년도 전기자동차 곡성군 모델별 보조금,2024,곡성군
화물(소형),이브이케이엠씨,MASADA 4밴,269,158.0,427.0,2024년도 전기자동차 곡성군 모델별 보조금,2024,곡성군
화물(소형),이브이케이엠씨,EC35 2밴,194,114.0,308.0,2024년도 전기자동차 곡성군 모델별 보조금,2024,곡성군
화물(소형),제이스모빌리티,이티밴,405,239.0,644.0,2024년도 전기자동차 곡성군 모델별 보조금,2024,곡성군
화물(소형),제이스모빌리티,이티4밴,364,215.0,579.0,2024년도 전기자동차 곡성군 모델별 보조금,2024,곡성군
화물(소형),제이스모빌리티,이티밴 미니 2인승,412,243.0,655.0,2024년도 전기자동차 곡성군 모델별 보조금,2024,곡성군
화물(소형),제이스모빌리티,이티밴 미니 4인승,412,243.0,655.0,2024년도 전기자동차 곡성군 모델별 보조금,2024,곡성군
화물(소형),제이스모빌리티,이티밴 프로 2인승,412,243.0,655.0,2024년도 전기자동차 곡성군 모델별 보조금,2024,곡성군
화물(소형),제이스모빌리티,이티밴 프로 4인승,412,243.0,655.0,2024년도 전기자동차 곡성군 모델별 보조금,2024,곡성군
화물(소형),오텍,오텍 무시동 전기 냉동탑차(봉고),1118,650.0,1768.0,2024년도 전기자동차 곡성군 모델별 보조금,2024,곡성군
화물(소형),이엔플러스,이엔1톤롱바디카고,850,502.0,1352.0,2024년도 전기자동차 곡성군 모델별 보조금,2024,곡성군
화물(소형),이엔플러스,이엔플러스EV1톤롱바디트럭,895,528.0,1423.0,2024년도 전기자동차 곡성군 모델별 보조금,2024,곡성군
화물(소형),GS글로벌,T4K,462,273.0,735.0,2024년도 전기자동차 곡성군 모델별 보조금,2024,곡성군
화물(소형),GS글로벌,T4K 냉동탑차,711,420.0,1131.0,2024년도 전기자동차 곡성군 모델별 보조금,2024,곡성군
화물(소형),에스에스라이트,젤라,336,198.0,534.0,2024년도 전기자동차 곡성군 모델별 보조금,2024,곡성군
화물(소형),에스에스라이트,젤라 P200,478,282.0,760.0,2024년도 전기자동차 곡성군 모델별 보조금,2024,곡성군
화물(소형),한국쓰리축,한국쓰리축1톤롱바디EV트럭(봉고),837,494.0,1331.0,2024년도 전기자동차 곡성군 모델별 보조금,2024,곡성군
화물(소형),한국쓰리축,한국쓰리축1톤롱바디EV트럭(포터),855,505.0,1360.0,2024년도 전기자동차 곡성군 모델별 보조금,2024,곡성군
화물(소형),모빌리티네트웍스,SE-A2밴,333,196.0,529.0,2024년도 전기자동차 곡성군 모델별 보조금,2024,곡성군
화물(소형),피닉스코리아,썬라이즈-T01,412,243.0,655.0,2024년도 전기자동차 곡성군 모델별 보조금,2024,곡성군
화물(소형),케이지모빌리티,토레스 EVX VAN 20인치,392,231.0,623.0,2024년도 전기자동차 곡성군 모델별 보조금,2024,곡성군
화물(소형),케이지모빌리티,토레스 EVX VAN 18인치,394,232.0,626.0,2024년도 전기자동차 곡성군 모델별 보조금,2024,곡성군
화물(소형),한국상용트럭,한국상용1톤롱바디EV카고트럭,818,483.0,1301.0,2024년도 전기자동차 곡성군 모델별 보조금,2024,곡성군
화물(소형),한국상용트럭,한국상용0.9톤롱바디EV내장탑트럭,593,350.0,943.0,2024년도 전기자동차 곡성군 모델별 보조금,2024,곡성군
화물(소형),센트로에이케이,E-CV1,282,166.0,448.0,2024년도 전기자동차 곡성군 모델별 보조금,2024,곡성군
화물(소형),파츠몰에이투지,SW40,412,243.0,655.0,2024년도 전기자동차 곡성군 모델별 보조금,2024,곡성군
화물(소형),이브이앤솔루션,STEGO-Z,540,319.0,859.0,2024년도 전기자동차 곡성군 모델별 보조금,2024,곡성군
화물(초소형),마스타전기차,MASTA VAN,400,265.0,665.0,2024년도 전기자동차 구례군 모델별 보조금,2024,구례군
화물(초소형),마스타전기차,MASTA HIM,400,265.0,665.0,2024년도 전기자동차 구례군 모델별 보조금,2024,구례군
화물(초소형),디피코,포트로-탑,400,265.0,665.0,2024년도 전기자동차 구례군 모델별 보조금,2024,구례군
화물(초소형),디피코,포트로-픽업,400,265.0,665.0,2024년도 전기자동차 구례군 모델별 보조금,2024,구례군
화물(초소형),디피코,포트로-탑S,400,265.0,665.0,2024년도 전기자동차 구례군 모델별 보조금,2024,구례군
화물(초소형),디피코,포트로-픽업S,400,265.0,665.0,2024년도 전기자동차 구례군 모델별 보조금,2024,구례군
화물(경형),디피코,포트로350L-탑,788,738.0,1526.0,2024년도 전기자동차 구례군 모델별 보조금,2024,구례군
화물(경형),디피코,포트로350L-픽업,788,738.0,1526.0,2024년도 전기자동차 구례군 모델별 보조금,2024,구례군
화물(소형),파워프라자,봉고3ev PEACE,554,377.0,931.0,2024년도 전기자동차 구례군 모델별 보조금,2024,구례군
화물(소형),파워프라자,봉고3ev PEACE 더블캡,481,327.0,808.0,2024년도 전기자동차 구례군 모델별 보조금,2024,구례군
화물(소형),현대자동차,포터Ⅱ 일렉트릭(23MY),1090,715.0,1805.0,2024년도 전기자동차 구례군 모델별 보조금,2024,구례군
화물(소형),현대자동차,포터Ⅱ 일렉트릭(24MY),1090,715.0,1805.0,2024년도 전기자동차 구례군 모델별 보조금,2024,구례군
화물(소형),현대자동차,ST1 기본형 카고 17인치,1100,750.0,1850.0,2024년도 전기자동차 구례군 모델별 보조금,2024,구례군
화물(소형),현대자동차,ST1 기본형 카고 냉동 17인치,1450,750.0,2200.0,2024년도 전기자동차 구례군 모델별 보조금,2024,구례군
화물(소형),기아,봉고 전기차,1130,715.0,1845.0,2024년도 전기자동차 구례군 모델별 보조금,2024,구례군
화물(소형),기아,봉고 전기차 냉동탑차,1330,750.0,2080.0,2024년도 전기자동차 구례군 모델별 보조금,2024,구례군
화물(소형),기아,봉고 전기차 저상형 냉동탑차,1330,750.0,2080.0,2024년도 전기자동차 구례군 모델별 보조금,2024,구례군
화물(소형),일진정공,일진무시동전기냉동탑차(149.9km),916,624.0,1540.0,2024년도 전기자동차 구례군 모델별 보조금,2024,구례군
화물(소형),일진정공,일진무시동전기냉동탑차(186.1km),1169,750.0,1919.0,2024년도 전기자동차 구례군 모델별 보조금,2024,구례군
화물(소형),일진정공,일진무시동전기냉동탑차(봉고),1379,750.0,2129.0,2024년도 전기자동차 구례군 모델별 보조금,2024,구례군
화물(소형),일진정공,일진무시동전기냉동탑차(포터),1363,750.0,2113.0,2024년도 전기자동차 구례군 모델별 보조금,2024,구례군
화물(소형),루트17,다니고C(0.8톤 전기트럭),1068,664.0,1732.0,2024년도 전기자동차 구례군 모델별 보조금,2024,구례군
화물(소형),루트17,다니고C2(0.8톤 전기트럭),268,182.0,450.0,2024년도 전기자동차 구례군 모델별 보조금,2024,구례군
화물(소형),루트17,다니고R(전기냉동탑차),1224,750.0,1974.0,2024년도 전기자동차 구례군 모델별 보조금,2024,구례군
화물(소형),루트17,다니고R2(무시동 전기냉동탑차),1123,719.0,1842.0,2024년도 전기자동차 구례군 모델별 보조금,2024,구례군
화물(소형),루트17,e-TOVI,464,316.0,780.0,2024년도 전기자동차 구례군 모델별 보조금,2024,구례군
화물(소형),이브이케이엠씨,MASADA 픽업,295,201.0,496.0,2024년도 전기자동차 구례군 모델별 보조금,2024,구례군
화물(소형),이브이케이엠씨,MASADA 3세대 2밴,274,186.0,460.0,2024년도 전기자동차 구례군 모델별 보조금,2024,구례군
화물(소형),이브이케이엠씨,MASADA 3세대 4밴,246,167.0,413.0,2024년도 전기자동차 구례군 모델별 보조금,2024,구례군
화물(소형),이브이케이엠씨,MASADA 2밴,299,203.0,502.0,2024년도 전기자동차 구례군 모델별 보조금,2024,구례군
화물(소형),이브이케이엠씨,MASADA 4밴,269,183.0,452.0,2024년도 전기자동차 구례군 모델별 보조금,2024,구례군
화물(소형),이브이케이엠씨,EC35 2밴,194,132.0,326.0,2024년도 전기자동차 구례군 모델별 보조금,2024,구례군
화물(소형),제이스모빌리티,이티밴,405,276.0,681.0,2024년도 전기자동차 구례군 모델별 보조금,2024,구례군
화물(소형),제이스모빌리티,이티4밴,364,248.0,612.0,2024년도 전기자동차 구례군 모델별 보조금,2024,구례군
화물(소형),제이스모빌리티,이티밴 미니 2인승,412,280.0,692.0,2024년도 전기자동차 구례군 모델별 보조금,2024,구례군
화물(소형),제이스모빌리티,이티밴 미니 4인승,412,280.0,692.0,2024년도 전기자동차 구례군 모델별 보조금,2024,구례군
화물(소형),제이스모빌리티,이티밴 프로 2인승,412,280.0,692.0,2024년도 전기자동차 구례군 모델별 보조금,2024,구례군
화물(소형),제이스모빌리티,이티밴 프로 4인승,412,280.0,692.0,2024년도 전기자동차 구례군 모델별 보조금,2024,구례군
화물(소형),오텍,오텍 무시동 전기 냉동탑차(봉고),1118,750.0,1868.0,2024년도 전기자동차 구례군 모델별 보조금,2024,구례군
화물(소형),이엔플러스,이엔1톤롱바디카고,850,579.0,1429.0,2024년도 전기자동차 구례군 모델별 보조금,2024,구례군
화물(소형),이엔플러스,이엔플러스EV1톤롱바디트럭,895,610.0,1505.0,2024년도 전기자동차 구례군 모델별 보조금,2024,구례군
화물(소형),GS글로벌,T4K,462,315.0,777.0,2024년도 전기자동차 구례군 모델별 보조금,2024,구례군
화물(소형),GS글로벌,T4K 냉동탑차,711,484.0,1195.0,2024년도 전기자동차 구례군 모델별 보조금,2024,구례군
화물(소형),에스에스라이트,젤라,336,229.0,565.0,2024년도 전기자동차 구례군 모델별 보조금,2024,구례군
화물(소형),에스에스라이트,젤라 P200,478,325.0,803.0,2024년도 전기자동차 구례군 모델별 보조금,2024,구례군
화물(소형),한국쓰리축,한국쓰리축1톤롱바디EV트럭(봉고),837,570.0,1407.0,2024년도 전기자동차 구례군 모델별 보조금,2024,구례군
화물(소형),한국쓰리축,한국쓰리축1톤롱바디EV트럭(포터),855,582.0,1437.0,2024년도 전기자동차 구례군 모델별 보조금,2024,구례군
화물(소형),모빌리티네트웍스,SE-A2밴,333,227.0,560.0,2024년도 전기자동차 구례군 모델별 보조금,2024,구례군
화물(소형),피닉스코리아,썬라이즈-T01,412,280.0,692.0,2024년도 전기자동차 구례군 모델별 보조금,2024,구례군
화물(소형),케이지모빌리티,토레스 EVX VAN 20인치,392,452.0,844.0,2024년도 전기자동차 구례군 모델별 보조금,2024,구례군
화물(소형),케이지모빌리티,토레스 EVX VAN 18인치,394,454.0,848.0,2024년도 전기자동차 구례군 모델별 보조금,2024,구례군
화물(소형),한국상용트럭,한국상용1톤롱바디EV카고트럭,818,0.0,818.0,2024년도 전기자동차 구례군 모델별 보조금,2024,구례군
화물(소형),한국상용트럭,한국상용0.9톤롱바디EV내장탑트럭,593,0.0,593.0,2024년도 전기자동차 구례군 모델별 보조금,2024,구례군
화물(초소형),마스타전기차,MASTA VAN,400,265.0,665.0,2024년도 전기자동차 고흥군 모델별 보조금,2024,고흥군
화물(초소형),마스타전기차,MASTA HIM,400,265.0,665.0,2024년도 전기자동차 고흥군 모델별 보조금,2024,고흥군
화물(초소형),디피코,포트로-탑,400,265.0,665.0,2024년도 전기자동차 고흥군 모델별 보조금,2024,고흥군
화물(초소형),디피코,포트로-픽업,400,265.0,665.0,2024년도 전기자동차 고흥군 모델별 보조금,2024,고흥군
화물(초소형),디피코,포트로-탑S,400,265.0,665.0,2024년도 전기자동차 고흥군 모델별 보조금,2024,고흥군
화물(초소형),디피코,포트로-픽업S,400,265.0,665.0,2024년도 전기자동차 고흥군 모델별 보조금,2024,고흥군
화물(초소형),마이브,베프,400,265.0,665.0,2024년도 전기자동차 고흥군 모델별 보조금,2024,고흥군
화물(경형),디피코,포트로350L-탑,788,689.0,1477.0,2024년도 전기자동차 고흥군 모델별 보조금,2024,고흥군
화물(경형),디피코,포트로350L-픽업,788,689.0,1477.0,2024년도 전기자동차 고흥군 모델별 보조금,2024,고흥군
화물(소형),파워프라자,봉고3ev PEACE,554,352.0,906.0,2024년도 전기자동차 고흥군 모델별 보조금,2024,고흥군
화물(소형),파워프라자,봉고3ev PEACE 더블캡,481,306.0,787.0,2024년도 전기자동차 고흥군 모델별 보조금,2024,고흥군
화물(소형),현대자동차,포터Ⅱ 일렉트릭(23MY),1090,668.0,1758.0,2024년도 전기자동차 고흥군 모델별 보조금,2024,고흥군
화물(소형),현대자동차,포터Ⅱ 일렉트릭(24MY),1090,668.0,1758.0,2024년도 전기자동차 고흥군 모델별 보조금,2024,고흥군
화물(소형),현대자동차,ST1 기본형 카고 17인치,1100,700.0,1800.0,2024년도 전기자동차 고흥군 모델별 보조금,2024,고흥군
화물(소형),현대자동차,ST1 기본형 카고 냉동 17인치,1450,700.0,2150.0,2024년도 전기자동차 고흥군 모델별 보조금,2024,고흥군
화물(소형),현대자동차,ST1 기본형 하이탑 17인치,1100,0.0,1100.0,2024년도 전기자동차 고흥군 모델별 보조금,2024,고흥군
화물(소형),기아,봉고 전기차,1130,668.0,1798.0,2024년도 전기자동차 고흥군 모델별 보조금,2024,고흥군
화물(소형),기아,봉고 전기차 냉동탑차,1330,700.0,2030.0,2024년도 전기자동차 고흥군 모델별 보조금,2024,고흥군
화물(소형),기아,봉고 전기차 저상형 냉동탑차,1330,700.0,2030.0,2024년도 전기자동차 고흥군 모델별 보조금,2024,고흥군
화물(소형),일진정공,일진무시동전기냉동탑차(149.9km),916,582.0,1498.0,2024년도 전기자동차 고흥군 모델별 보조금,2024,고흥군
화물(소형),일진정공,일진무시동전기냉동탑차(186.1km),1169,700.0,1869.0,2024년도 전기자동차 고흥군 모델별 보조금,2024,고흥군
화물(소형),일진정공,일진무시동전기냉동탑차(봉고),1379,700.0,2079.0,2024년도 전기자동차 고흥군 모델별 보조금,2024,고흥군
화물(소형),일진정공,일진무시동전기냉동탑차(포터),1363,700.0,2063.0,2024년도 전기자동차 고흥군 모델별 보조금,2024,고흥군
화물(소형),루트17,다니고C(0.8톤 전기트럭),1068,620.0,1688.0,2024년도 전기자동차 고흥군 모델별 보조금,2024,고흥군
화물(소형),루트17,다니고C2(0.8톤 전기트럭),268,170.0,438.0,2024년도 전기자동차 고흥군 모델별 보조금,2024,고흥군
화물(소형),루트17,다니고R(전기냉동탑차),1224,700.0,1924.0,2024년도 전기자동차 고흥군 모델별 보조금,2024,고흥군
화물(소형),루트17,다니고R2(무시동 전기냉동탑차),1123,671.0,1794.0,2024년도 전기자동차 고흥군 모델별 보조금,2024,고흥군
화물(소형),루트17,e-TOVI,464,295.0,759.0,2024년도 전기자동차 고흥군 모델별 보조금,2024,고흥군
화물(소형),이브이케이엠씨,MASADA 픽업,295,187.0,482.0,2024년도 전기자동차 고흥군 모델별 보조금,2024,고흥군
화물(소형),이브이케이엠씨,MASADA 3세대 2밴,274,174.0,448.0,2024년도 전기자동차 고흥군 모델별 보조금,2024,고흥군
화물(소형),이브이케이엠씨,MASADA 3세대 4밴,246,156.0,402.0,2024년도 전기자동차 고흥군 모델별 보조금,2024,고흥군
화물(소형),이브이케이엠씨,MASADA 2밴,299,190.0,489.0,2024년도 전기자동차 고흥군 모델별 보조금,2024,고흥군
화물(소형),이브이케이엠씨,MASADA 4밴,269,171.0,440.0,2024년도 전기자동차 고흥군 모델별 보조금,2024,고흥군
화물(소형),이브이케이엠씨,EC35 2밴,194,123.0,317.0,2024년도 전기자동차 고흥군 모델별 보조금,2024,고흥군
화물(소형),제이스모빌리티,이티밴,405,257.0,662.0,2024년도 전기자동차 고흥군 모델별 보조금,2024,고흥군
화물(소형),제이스모빌리티,이티4밴,364,231.0,595.0,2024년도 전기자동차 고흥군 모델별 보조금,2024,고흥군
화물(소형),제이스모빌리티,이티밴 미니 2인승,412,262.0,674.0,2024년도 전기자동차 고흥군 모델별 보조금,2024,고흥군
화물(소형),제이스모빌리티,이티밴 미니 4인승,412,262.0,674.0,2024년도 전기자동차 고흥군 모델별 보조금,2024,고흥군
화물(소형),제이스모빌리티,이티밴 프로 2인승,412,262.0,674.0,2024년도 전기자동차 고흥군 모델별 보조금,2024,고흥군
화물(소형),제이스모빌리티,이티밴 프로 4인승,412,262.0,674.0,2024년도 전기자동차 고흥군 모델별 보조금,2024,고흥군
화물(소형),오텍,오텍 무시동 전기 냉동탑차(봉고),1118,700.0,1818.0,2024년도 전기자동차 고흥군 모델별 보조금,2024,고흥군
화물(소형),이엔플러스,이엔1톤롱바디카고,850,540.0,1390.0,2024년도 전기자동차 고흥군 모델별 보조금,2024,고흥군
화물(소형),이엔플러스,이엔플러스EV1톤롱바디트럭,895,569.0,1464.0,2024년도 전기자동차 고흥군 모델별 보조금,2024,고흥군
화물(소형),GS글로벌,T4K,462,294.0,756.0,2024년도 전기자동차 고흥군 모델별 보조금,2024,고흥군
화물(소형),GS글로벌,T4K 냉동탑차,711,452.0,1163.0,2024년도 전기자동차 고흥군 모델별 보조금,2024,고흥군
화물(소형),에스에스라이트,젤라,336,213.0,549.0,2024년도 전기자동차 고흥군 모델별 보조금,2024,고흥군
화물(소형),에스에스라이트,젤라 P200,478,304.0,782.0,2024년도 전기자동차 고흥군 모델별 보조금,2024,고흥군
화물(소형),한국쓰리축,한국쓰리축1톤롱바디EV트럭(봉고),837,532.0,1369.0,2024년도 전기자동차 고흥군 모델별 보조금,2024,고흥군
화물(소형),한국쓰리축,한국쓰리축1톤롱바디EV트럭(포터),855,544.0,1399.0,2024년도 전기자동차 고흥군 모델별 보조금,2024,고흥군
화물(소형),모빌리티네트웍스,SE-A2밴,333,211.0,544.0,2024년도 전기자동차 고흥군 모델별 보조금,2024,고흥군
화물(소형),피닉스코리아,썬라이즈-T01,412,262.0,674.0,2024년도 전기자동차 고흥군 모델별 보조금,2024,고흥군
화물(소형),케이지모빌리티,토레스 EVX VAN 20인치,392,249.0,641.0,2024년도 전기자동차 고흥군 모델별 보조금,2024,고흥군
화물(소형),케이지모빌리티,토레스 EVX VAN 18인치,394,250.0,644.0,2024년도 전기자동차 고흥군 모델별 보조금,2024,고흥군
화물(소형),한국상용트럭,한국상용1톤롱바디EV카고트럭,818,520.0,1338.0,2024년도 전기자동차 고흥군 모델별 보조금,2024,고흥군
화물(소형),한국상용트럭,한국상용0.9톤롱바디EV내장탑트럭,593,377.0,970.0,2024년도 전기자동차 고흥군 모델별 보조금,2024,고흥군
화물(소형),센트로에이케이,E-CV1,282,0.0,282.0,2024년도 전기자동차 고흥군 모델별 보조금,2024,고흥군
화물(소형),파츠몰에이투지,SW40,412,0.0,412.0,2024년도 전기자동차 고흥군 모델별 보조금,2024,고흥군
화물(소형),이브이앤솔루션,STEGO-Z,540,0.0,540.0,2024년도 전기자동차 고흥군 모델별 보조금,2024,고흥군
화물(초소형),마스타전기차,MASTA VAN,400,309.0,709.0,2024년도 전기자동차 보성군 모델별 보조금,2024,보성군
화물(초소형),마스타전기차,MASTA HIM,400,309.0,709.0,2024년도 전기자동차 보성군 모델별 보조금,2024,보성군
화물(초소형),디피코,포트로-탑,400,309.0,709.0,2024년도 전기자동차 보성군 모델별 보조금,2024,보성군
화물(초소형),디피코,포트로-픽업,400,309.0,709.0,2024년도 전기자동차 보성군 모델별 보조금,2024,보성군
화물(초소형),디피코,포트로-탑S,400,309.0,709.0,2024년도 전기자동차 보성군 모델별 보조금,2024,보성군
화물(초소형),디피코,포트로-픽업S,400,309.0,709.0,2024년도 전기자동차 보성군 모델별 보조금,2024,보성군
화물(경형),디피코,포트로350L-탑,788,608.0,1396.0,2024년도 전기자동차 보성군 모델별 보조금,2024,보성군
화물(경형),디피코,포트로350L-픽업,788,608.0,1396.0,2024년도 전기자동차 보성군 모델별 보조금,2024,보성군
화물(소형),파워프라자,봉고3ev PEACE,554,428.0,982.0,2024년도 전기자동차 보성군 모델별 보조금,2024,보성군
화물(소형),파워프라자,봉고3ev PEACE 더블캡,481,371.0,852.0,2024년도 전기자동차 보성군 모델별 보조금,2024,보성군
화물(소형),현대자동차,포터Ⅱ 일렉트릭(23MY),1090,811.0,1901.0,2024년도 전기자동차 보성군 모델별 보조금,2024,보성군
화물(소형),현대자동차,포터Ⅱ 일렉트릭(24MY),1090,811.0,1901.0,2024년도 전기자동차 보성군 모델별 보조금,2024,보성군
화물(소형),현대자동차,ST1 기본형 카고 17인치,1100,850.0,1950.0,2024년도 전기자동차 보성군 모델별 보조금,2024,보성군
화물(소형),현대자동차,ST1 기본형 카고 냉동 17인치,1450,850.0,2300.0,2024년도 전기자동차 보성군 모델별 보조금,2024,보성군
화물(소형),기아,봉고 전기차,1130,811.0,1941.0,2024년도 전기자동차 보성군 모델별 보조금,2024,보성군
화물(소형),기아,봉고 전기차 냉동탑차,1330,850.0,2180.0,2024년도 전기자동차 보성군 모델별 보조금,2024,보성군
화물(소형),기아,봉고 전기차 저상형 냉동탑차,1330,850.0,2180.0,2024년도 전기자동차 보성군 모델별 보조금,2024,보성군
화물(소형),일진정공,일진무시동전기냉동탑차(149.9km),916,707.0,1623.0,2024년도 전기자동차 보성군 모델별 보조금,2024,보성군
화물(소형),일진정공,일진무시동전기냉동탑차(186.1km),1169,850.0,2019.0,2024년도 전기자동차 보성군 모델별 보조금,2024,보성군
화물(소형),일진정공,일진무시동전기냉동탑차(봉고),1379,850.0,2229.0,2024년도 전기자동차 보성군 모델별 보조금,2024,보성군
화물(소형),일진정공,일진무시동전기냉동탑차(포터),1363,850.0,2213.0,2024년도 전기자동차 보성군 모델별 보조금,2024,보성군
화물(소형),루트17,다니고C(0.8톤 전기트럭),1068,753.0,1821.0,2024년도 전기자동차 보성군 모델별 보조금,2024,보성군
화물(소형),루트17,다니고C2(0.8톤 전기트럭),268,207.0,475.0,2024년도 전기자동차 보성군 모델별 보조금,2024,보성군
화물(소형),루트17,다니고R(전기냉동탑차),1224,850.0,2074.0,2024년도 전기자동차 보성군 모델별 보조금,2024,보성군
화물(소형),루트17,다니고R2(무시동 전기냉동탑차),1123,815.0,1938.0,2024년도 전기자동차 보성군 모델별 보조금,2024,보성군
화물(소형),루트17,e-TOVI,464,358.0,822.0,2024년도 전기자동차 보성군 모델별 보조금,2024,보성군
화물(소형),이브이케이엠씨,MASADA 픽업,295,227.0,522.0,2024년도 전기자동차 보성군 모델별 보조금,2024,보성군
화물(소형),이브이케이엠씨,MASADA 3세대 2밴,274,211.0,485.0,2024년도 전기자동차 보성군 모델별 보조금,2024,보성군
화물(소형),이브이케이엠씨,MASADA 3세대 4밴,246,190.0,436.0,2024년도 전기자동차 보성군 모델별 보조금,2024,보성군
화물(소형),이브이케이엠씨,MASADA 2밴,299,231.0,530.0,2024년도 전기자동차 보성군 모델별 보조금,2024,보성군
화물(소형),이브이케이엠씨,MASADA 4밴,269,207.0,476.0,2024년도 전기자동차 보성군 모델별 보조금,2024,보성군
화물(소형),이브이케이엠씨,EC35 2밴,194,150.0,344.0,2024년도 전기자동차 보성군 모델별 보조금,2024,보성군
화물(소형),제이스모빌리티,이티밴,405,312.0,717.0,2024년도 전기자동차 보성군 모델별 보조금,2024,보성군
화물(소형),제이스모빌리티,이티4밴,364,281.0,645.0,2024년도 전기자동차 보성군 모델별 보조금,2024,보성군
화물(소형),제이스모빌리티,이티밴 미니 2인승,412,318.0,730.0,2024년도 전기자동차 보성군 모델별 보조금,2024,보성군
화물(소형),제이스모빌리티,이티밴 미니 4인승,412,318.0,730.0,2024년도 전기자동차 보성군 모델별 보조금,2024,보성군
화물(소형),제이스모빌리티,이티밴 프로 2인승,412,318.0,730.0,2024년도 전기자동차 보성군 모델별 보조금,2024,보성군
화물(소형),제이스모빌리티,이티밴 프로 4인승,412,318.0,730.0,2024년도 전기자동차 보성군 모델별 보조금,2024,보성군
화물(소형),오텍,오텍 무시동 전기 냉동탑차(봉고),1118,850.0,1968.0,2024년도 전기자동차 보성군 모델별 보조금,2024,보성군
화물(소형),이엔플러스,이엔1톤롱바디카고,850,656.0,1506.0,2024년도 전기자동차 보성군 모델별 보조금,2024,보성군
화물(소형),이엔플러스,이엔플러스EV1톤롱바디트럭,895,691.0,1586.0,2024년도 전기자동차 보성군 모델별 보조금,2024,보성군
화물(소형),GS글로벌,T4K,462,357.0,819.0,2024년도 전기자동차 보성군 모델별 보조금,2024,보성군
화물(소형),GS글로벌,T4K 냉동탑차,711,549.0,1260.0,2024년도 전기자동차 보성군 모델별 보조금,2024,보성군
화물(소형),에스에스라이트,젤라,336,259.0,595.0,2024년도 전기자동차 보성군 모델별 보조금,2024,보성군
화물(소형),에스에스라이트,젤라 P200,478,369.0,847.0,2024년도 전기자동차 보성군 모델별 보조금,2024,보성군
화물(소형),한국쓰리축,한국쓰리축1톤롱바디EV트럭(봉고),837,646.0,1483.0,2024년도 전기자동차 보성군 모델별 보조금,2024,보성군
화물(소형),한국쓰리축,한국쓰리축1톤롱바디EV트럭(포터),855,660.0,1515.0,2024년도 전기자동차 보성군 모델별 보조금,2024,보성군
화물(소형),모빌리티네트웍스,SE-A2밴,333,257.0,590.0,2024년도 전기자동차 보성군 모델별 보조금,2024,보성군
화물(소형),피닉스코리아,썬라이즈-T01,412,318.0,730.0,2024년도 전기자동차 보성군 모델별 보조금,2024,보성군
화물(소형),케이지모빌리티,토레스 EVX VAN 20인치,392,302.0,694.0,2024년도 전기자동차 보성군 모델별 보조금,2024,보성군
화물(소형),케이지모빌리티,토레스 EVX VAN 18인치,394,304.0,698.0,2024년도 전기자동차 보성군 모델별 보조금,2024,보성군
화물(소형),한국상용트럭,한국상용1톤롱바디EV카고트럭,818,632.0,1450.0,2024년도 전기자동차 보성군 모델별 보조금,2024,보성군
화물(소형),한국상용트럭,한국상용0.9톤롱바디EV내장탑트럭,593,458.0,1051.0,2024년도 전기자동차 보성군 모델별 보조금,2024,보성군
화물(초소형),마스타전기차,MASTA VAN,400,295.0,695.0,2024년도 전기자동차 화순군 모델별 보조금,2024,화순군
화물(초소형),마스타전기차,MASTA HIM,400,295.0,695.0,2024년도 전기자동차 화순군 모델별 보조금,2024,화순군
화물(초소형),디피코,포트로-탑,400,295.0,695.0,2024년도 전기자동차 화순군 모델별 보조금,2024,화순군
화물(초소형),디피코,포트로-픽업,400,295.0,695.0,2024년도 전기자동차 화순군 모델별 보조금,2024,화순군
화물(초소형),디피코,포트로-탑S,400,295.0,695.0,2024년도 전기자동차 화순군 모델별 보조금,2024,화순군
화물(초소형),디피코,포트로-픽업S,400,295.0,695.0,2024년도 전기자동차 화순군 모델별 보조금,2024,화순군
화물(초소형),마이브,베프,400,295.0,695.0,2024년도 전기자동차 화순군 모델별 보조금,2024,화순군
화물(경형),디피코,포트로350L-탑,788,738.0,1526.0,2024년도 전기자동차 화순군 모델별 보조금,2024,화순군
화물(경형),디피코,포트로350L-픽업,788,738.0,1526.0,2024년도 전기자동차 화순군 모델별 보조금,2024,화순군
화물(소형),파워프라자,봉고3ev PEACE,554,377.0,931.0,2024년도 전기자동차 화순군 모델별 보조금,2024,화순군
화물(소형),파워프라자,봉고3ev PEACE 더블캡,481,327.0,808.0,2024년도 전기자동차 화순군 모델별 보조금,2024,화순군
화물(소형),현대자동차,포터Ⅱ 일렉트릭(23MY),1090,715.0,1805.0,2024년도 전기자동차 화순군 모델별 보조금,2024,화순군
화물(소형),현대자동차,포터Ⅱ 일렉트릭(24MY),1090,715.0,1805.0,2024년도 전기자동차 화순군 모델별 보조금,2024,화순군
화물(소형),현대자동차,ST1 기본형 카고 17인치,1100,750.0,1850.0,2024년도 전기자동차 화순군 모델별 보조금,2024,화순군
화물(소형),현대자동차,ST1 기본형 카고 냉동 17인치,1450,750.0,2200.0,2024년도 전기자동차 화순군 모델별 보조금,2024,화순군
화물(소형),현대자동차,ST1 기본형 하이탑 17인치,1100,750.0,1850.0,2024년도 전기자동차 화순군 모델별 보조금,2024,화순군
화물(소형),기아,봉고 전기차,1130,715.0,1845.0,2024년도 전기자동차 화순군 모델별 보조금,2024,화순군
화물(소형),기아,봉고 전기차 냉동탑차,1330,750.0,2080.0,2024년도 전기자동차 화순군 모델별 보조금,2024,화순군
화물(소형),기아,봉고 전기차 저상형 냉동탑차,1330,750.0,2080.0,2024년도 전기자동차 화순군 모델별 보조금,2024,화순군
화물(소형),일진정공,일진무시동전기냉동탑차(149.9km),916,624.0,1540.0,2024년도 전기자동차 화순군 모델별 보조금,2024,화순군
화물(소형),일진정공,일진무시동전기냉동탑차(186.1km),1169,750.0,1919.0,2024년도 전기자동차 화순군 모델별 보조금,2024,화순군
화물(소형),일진정공,일진무시동전기냉동탑차(봉고),1379,750.0,2129.0,2024년도 전기자동차 화순군 모델별 보조금,2024,화순군
화물(소형),일진정공,일진무시동전기냉동탑차(포터),1363,750.0,2113.0,2024년도 전기자동차 화순군 모델별 보조금,2024,화순군
화물(소형),루트17,다니고C(0.8톤 전기트럭),1068,664.0,1732.0,2024년도 전기자동차 화순군 모델별 보조금,2024,화순군
화물(소형),루트17,다니고C2(0.8톤 전기트럭),268,182.0,450.0,2024년도 전기자동차 화순군 모델별 보조금,2024,화순군
화물(소형),루트17,다니고R(전기냉동탑차),1224,750.0,1974.0,2024년도 전기자동차 화순군 모델별 보조금,2024,화순군
화물(소형),루트17,다니고R2(무시동 전기냉동탑차),1123,719.0,1842.0,2024년도 전기자동차 화순군 모델별 보조금,2024,화순군
화물(소형),루트17,e-TOVI,464,316.0,780.0,2024년도 전기자동차 화순군 모델별 보조금,2024,화순군
화물(소형),이브이케이엠씨,MASADA 픽업,295,201.0,496.0,2024년도 전기자동차 화순군 모델별 보조금,2024,화순군
화물(소형),이브이케이엠씨,MASADA 3세대 2밴,274,186.0,460.0,2024년도 전기자동차 화순군 모델별 보조금,2024,화순군
화물(소형),이브이케이엠씨,MASADA 3세대 4밴,246,167.0,413.0,2024년도 전기자동차 화순군 모델별 보조금,2024,화순군
화물(소형),이브이케이엠씨,MASADA 2밴,299,203.0,502.0,2024년도 전기자동차 화순군 모델별 보조금,2024,화순군
화물(소형),이브이케이엠씨,MASADA 4밴,269,183.0,452.0,2024년도 전기자동차 화순군 모델별 보조금,2024,화순군
화물(소형),이브이케이엠씨,EC35 2밴,194,132.0,326.0,2024년도 전기자동차 화순군 모델별 보조금,2024,화순군
화물(소형),제이스모빌리티,이티밴,405,276.0,681.0,2024년도 전기자동차 화순군 모델별 보조금,2024,화순군
화물(소형),제이스모빌리티,이티4밴,364,248.0,612.0,2024년도 전기자동차 화순군 모델별 보조금,2024,화순군
화물(소형),제이스모빌리티,이티밴 미니 2인승,412,280.0,692.0,2024년도 전기자동차 화순군 모델별 보조금,2024,화순군
화물(소형),제이스모빌리티,이티밴 미니 4인승,412,280.0,692.0,2024년도 전기자동차 화순군 모델별 보조금,2024,화순군
화물(소형),제이스모빌리티,이티밴 프로 2인승,412,280.0,692.0,2024년도 전기자동차 화순군 모델별 보조금,2024,화순군
화물(소형),제이스모빌리티,이티밴 프로 4인승,412,280.0,692.0,2024년도 전기자동차 화순군 모델별 보조금,2024,화순군
화물(소형),오텍,오텍 무시동 전기 냉동탑차(봉고),1118,750.0,1868.0,2024년도 전기자동차 화순군 모델별 보조금,2024,화순군
화물(소형),이엔플러스,이엔1톤롱바디카고,850,579.0,1429.0,2024년도 전기자동차 화순군 모델별 보조금,2024,화순군
화물(소형),이엔플러스,이엔플러스EV1톤롱바디트럭,895,610.0,1505.0,2024년도 전기자동차 화순군 모델별 보조금,2024,화순군
화물(소형),GS글로벌,T4K,462,315.0,777.0,2024년도 전기자동차 화순군 모델별 보조금,2024,화순군
화물(소형),GS글로벌,T4K 냉동탑차,711,484.0,1195.0,2024년도 전기자동차 화순군 모델별 보조금,2024,화순군
화물(소형),에스에스라이트,젤라,336,229.0,565.0,2024년도 전기자동차 화순군 모델별 보조금,2024,화순군
화물(소형),에스에스라이트,젤라 P200,478,325.0,803.0,2024년도 전기자동차 화순군 모델별 보조금,2024,화순군
화물(소형),한국쓰리축,한국쓰리축1톤롱바디EV트럭(봉고),837,570.0,1407.0,2024년도 전기자동차 화순군 모델별 보조금,2024,화순군
화물(소형),한국쓰리축,한국쓰리축1톤롱바디EV트럭(포터),855,582.0,1437.0,2024년도 전기자동차 화순군 모델별 보조금,2024,화순군
화물(소형),모빌리티네트웍스,SE-A2밴,333,227.0,560.0,2024년도 전기자동차 화순군 모델별 보조금,2024,화순군
화물(소형),피닉스코리아,썬라이즈-T01,412,280.0,692.0,2024년도 전기자동차 화순군 모델별 보조금,2024,화순군
화물(소형),케이지모빌리티,토레스 EVX VAN 20인치,392,267.0,659.0,2024년도 전기자동차 화순군 모델별 보조금,2024,화순군
화물(소형),케이지모빌리티,토레스 EVX VAN 18인치,394,268.0,662.0,2024년도 전기자동차 화순군 모델별 보조금,2024,화순군
화물(소형),한국상용트럭,한국상용1톤롱바디EV카고트럭,818,557.0,1375.0,2024년도 전기자동차 화순군 모델별 보조금,2024,화순군
화물(소형),한국상용트럭,한국상용0.9톤롱바디EV내장탑트럭,593,404.0,997.0,2024년도 전기자동차 화순군 모델별 보조금,2024,화순군
화물(소형),센트로에이케이,E-CV1,282,192.0,474.0,2024년도 전기자동차 화순군 모델별 보조금,2024,화순군
화물(소형),파츠몰에이투지,SW40,412,280.0,692.0,2024년도 전기자동차 화순군 모델별 보조금,2024,화순군
화물(소형),이브이앤솔루션,STEGO-Z,540,368.0,908.0,2024년도 전기자동차 화순군 모델별 보조금,2024,화순군
화물(초소형),마스타전기차,MASTA VAN,400,254.0,654.0,2024년도 전기자동차 장흥군 모델별 보조금,2024,장흥군
화물(초소형),마스타전기차,MASTA HIM,400,254.0,654.0,2024년도 전기자동차 장흥군 모델별 보조금,2024,장흥군
화물(초소형),디피코,포트로-탑,400,254.0,654.0,2024년도 전기자동차 장흥군 모델별 보조금,2024,장흥군
화물(초소형),디피코,포트로-픽업,400,254.0,654.0,2024년도 전기자동차 장흥군 모델별 보조금,2024,장흥군
화물(초소형),디피코,포트로-탑S,400,254.0,654.0,2024년도 전기자동차 장흥군 모델별 보조금,2024,장흥군
화물(초소형),디피코,포트로-픽업S,400,254.0,654.0,2024년도 전기자동차 장흥군 모델별 보조금,2024,장흥군
화물(초소형),마이브,베프,400,0.0,400.0,2024년도 전기자동차 장흥군 모델별 보조금,2024,장흥군
화물(경형),디피코,포트로350L-탑,788,501.0,1289.0,2024년도 전기자동차 장흥군 모델별 보조금,2024,장흥군
화물(경형),디피코,포트로350L-픽업,788,501.0,1289.0,2024년도 전기자동차 장흥군 모델별 보조금,2024,장흥군
화물(소형),파워프라자,봉고3ev PEACE,554,352.0,906.0,2024년도 전기자동차 장흥군 모델별 보조금,2024,장흥군
화물(소형),파워프라자,봉고3ev PEACE 더블캡,481,306.0,787.0,2024년도 전기자동차 장흥군 모델별 보조금,2024,장흥군
화물(소형),현대자동차,포터Ⅱ 일렉트릭(23MY),1090,668.0,1758.0,2024년도 전기자동차 장흥군 모델별 보조금,2024,장흥군
화물(소형),현대자동차,포터Ⅱ 일렉트릭(24MY),1090,668.0,1758.0,2024년도 전기자동차 장흥군 모델별 보조금,2024,장흥군
화물(소형),현대자동차,ST1 기본형 카고 17인치,1100,700.0,1800.0,2024년도 전기자동차 장흥군 모델별 보조금,2024,장흥군
화물(소형),현대자동차,ST1 기본형 카고 냉동 17인치,1450,700.0,2150.0,2024년도 전기자동차 장흥군 모델별 보조금,2024,장흥군
화물(소형),현대자동차,ST1 기본형 하이탑 17인치,1100,0.0,1100.0,2024년도 전기자동차 장흥군 모델별 보조금,2024,장흥군
화물(소형),기아,봉고 전기차,1130,668.0,1798.0,2024년도 전기자동차 장흥군 모델별 보조금,2024,장흥군
화물(소형),기아,봉고 전기차 냉동탑차,1330,700.0,2030.0,2024년도 전기자동차 장흥군 모델별 보조금,2024,장흥군
화물(소형),기아,봉고 전기차 저상형 냉동탑차,1330,700.0,2030.0,2024년도 전기자동차 장흥군 모델별 보조금,2024,장흥군
화물(소형),일진정공,일진무시동전기냉동탑차(149.9km),916,582.0,1498.0,2024년도 전기자동차 장흥군 모델별 보조금,2024,장흥군
화물(소형),일진정공,일진무시동전기냉동탑차(186.1km),1169,700.0,1869.0,2024년도 전기자동차 장흥군 모델별 보조금,2024,장흥군
화물(소형),일진정공,일진무시동전기냉동탑차(봉고),1379,700.0,2079.0,2024년도 전기자동차 장흥군 모델별 보조금,2024,장흥군
화물(소형),일진정공,일진무시동전기냉동탑차(포터),1363,700.0,2063.0,2024년도 전기자동차 장흥군 모델별 보조금,2024,장흥군
화물(소형),루트17,다니고C(0.8톤 전기트럭),1068,620.0,1688.0,2024년도 전기자동차 장흥군 모델별 보조금,2024,장흥군
화물(소형),루트17,다니고C2(0.8톤 전기트럭),268,170.0,438.0,2024년도 전기자동차 장흥군 모델별 보조금,2024,장흥군
화물(소형),루트17,다니고R(전기냉동탑차),1224,700.0,1924.0,2024년도 전기자동차 장흥군 모델별 보조금,2024,장흥군
화물(소형),루트17,다니고R2(무시동 전기냉동탑차),1123,671.0,1794.0,2024년도 전기자동차 장흥군 모델별 보조금,2024,장흥군
화물(소형),루트17,e-TOVI,464,535.0,999.0,2024년도 전기자동차 장흥군 모델별 보조금,2024,장흥군
화물(소형),이브이케이엠씨,MASADA 픽업,295,187.0,482.0,2024년도 전기자동차 장흥군 모델별 보조금,2024,장흥군
화물(소형),이브이케이엠씨,MASADA 3세대 2밴,274,174.0,448.0,2024년도 전기자동차 장흥군 모델별 보조금,2024,장흥군
화물(소형),이브이케이엠씨,MASADA 3세대 4밴,246,156.0,402.0,2024년도 전기자동차 장흥군 모델별 보조금,2024,장흥군
화물(소형),이브이케이엠씨,MASADA 2밴,299,190.0,489.0,2024년도 전기자동차 장흥군 모델별 보조금,2024,장흥군
화물(소형),이브이케이엠씨,MASADA 4밴,269,171.0,440.0,2024년도 전기자동차 장흥군 모델별 보조금,2024,장흥군
화물(소형),이브이케이엠씨,EC35 2밴,194,123.0,317.0,2024년도 전기자동차 장흥군 모델별 보조금,2024,장흥군
화물(소형),제이스모빌리티,이티밴,405,257.0,662.0,2024년도 전기자동차 장흥군 모델별 보조금,2024,장흥군
화물(소형),제이스모빌리티,이티4밴,364,231.0,595.0,2024년도 전기자동차 장흥군 모델별 보조금,2024,장흥군
화물(소형),제이스모빌리티,이티밴 미니 2인승,412,0.0,412.0,2024년도 전기자동차 장흥군 모델별 보조금,2024,장흥군
화물(소형),제이스모빌리티,이티밴 미니 4인승,412,262.0,674.0,2024년도 전기자동차 장흥군 모델별 보조금,2024,장흥군
화물(소형),제이스모빌리티,이티밴 프로 2인승,412,0.0,412.0,2024년도 전기자동차 장흥군 모델별 보조금,2024,장흥군
화물(소형),제이스모빌리티,이티밴 프로 4인승,412,0.0,412.0,2024년도 전기자동차 장흥군 모델별 보조금,2024,장흥군
화물(소형),오텍,오텍 무시동 전기 냉동탑차(봉고),1118,700.0,1818.0,2024년도 전기자동차 장흥군 모델별 보조금,2024,장흥군
화물(소형),이엔플러스,이엔1톤롱바디카고,850,540.0,1390.0,2024년도 전기자동차 장흥군 모델별 보조금,2024,장흥군
화물(소형),이엔플러스,이엔플러스EV1톤롱바디트럭,895,569.0,1464.0,2024년도 전기자동차 장흥군 모델별 보조금,2024,장흥군
화물(소형),GS글로벌,T4K,462,294.0,756.0,2024년도 전기자동차 장흥군 모델별 보조금,2024,장흥군
화물(소형),GS글로벌,T4K 냉동탑차,711,452.0,1163.0,2024년도 전기자동차 장흥군 모델별 보조금,2024,장흥군
화물(소형),에스에스라이트,젤라,336,213.0,549.0,2024년도 전기자동차 장흥군 모델별 보조금,2024,장흥군
화물(소형),에스에스라이트,젤라 P200,478,304.0,782.0,2024년도 전기자동차 장흥군 모델별 보조금,2024,장흥군
화물(소형),한국쓰리축,한국쓰리축1톤롱바디EV트럭(봉고),837,532.0,1369.0,2024년도 전기자동차 장흥군 모델별 보조금,2024,장흥군
화물(소형),한국쓰리축,한국쓰리축1톤롱바디EV트럭(포터),855,544.0,1399.0,2024년도 전기자동차 장흥군 모델별 보조금,2024,장흥군
화물(소형),모빌리티네트웍스,SE-A2밴,333,211.0,544.0,2024년도 전기자동차 장흥군 모델별 보조금,2024,장흥군
화물(소형),피닉스코리아,썬라이즈-T01,412,0.0,412.0,2024년도 전기자동차 장흥군 모델별 보조금,2024,장흥군
화물(소형),케이지모빌리티,토레스 EVX VAN 20인치,392,0.0,392.0,2024년도 전기자동차 장흥군 모델별 보조금,2024,장흥군
화물(소형),케이지모빌리티,토레스 EVX VAN 18인치,394,0.0,394.0,2024년도 전기자동차 장흥군 모델별 보조금,2024,장흥군
화물(소형),한국상용트럭,한국상용1톤롱바디EV카고트럭,818,0.0,818.0,2024년도 전기자동차 장흥군 모델별 보조금,2024,장흥군
화물(소형),한국상용트럭,한국상용0.9톤롱바디EV내장탑트럭,593,0.0,593.0,2024년도 전기자동차 장흥군 모델별 보조금,2024,장흥군
화물(소형),센트로에이케이,E-CV1,282,0.0,282.0,2024년도 전기자동차 장흥군 모델별 보조금,2024,장흥군
화물(소형),파츠몰에이투지,SW40,412,0.0,412.0,2024년도 전기자동차 장흥군 모델별 보조금,2024,장흥군
화물(소형),이브이앤솔루션,STEGO-Z,540,0.0,540.0,2024년도 전기자동차 장흥군 모델별 보조금,2024,장흥군
화물(초소형),마스타전기차,MASTA VAN,400,270.0,670.0,2024년도 전기자동차 강진군 모델별 보조금,2024,강진군
화물(초소형),마스타전기차,MASTA HIM,400,270.0,670.0,2024년도 전기자동차 강진군 모델별 보조금,2024,강진군
화물(초소형),디피코,포트로-탑,400,270.0,670.0,2024년도 전기자동차 강진군 모델별 보조금,2024,강진군
화물(초소형),디피코,포트로-픽업,400,270.0,670.0,2024년도 전기자동차 강진군 모델별 보조금,2024,강진군
화물(초소형),디피코,포트로-탑S,400,270.0,670.0,2024년도 전기자동차 강진군 모델별 보조금,2024,강진군
화물(초소형),디피코,포트로-픽업S,400,270.0,670.0,2024년도 전기자동차 강진군 모델별 보조금,2024,강진군
화물(초소형),마이브,베프,400,0.0,400.0,2024년도 전기자동차 강진군 모델별 보조금,2024,강진군
화물(경형),디피코,포트로350L-탑,788,536.0,1324.0,2024년도 전기자동차 강진군 모델별 보조금,2024,강진군
화물(경형),디피코,포트로350L-픽업,788,536.0,1324.0,2024년도 전기자동차 강진군 모델별 보조금,2024,강진군
화물(소형),파워프라자,봉고3ev PEACE,554,377.0,931.0,2024년도 전기자동차 강진군 모델별 보조금,2024,강진군
화물(소형),파워프라자,봉고3ev PEACE 더블캡,481,327.0,808.0,2024년도 전기자동차 강진군 모델별 보조금,2024,강진군
화물(소형),현대자동차,포터Ⅱ 일렉트릭(23MY),1090,715.0,1805.0,2024년도 전기자동차 강진군 모델별 보조금,2024,강진군
화물(소형),현대자동차,포터Ⅱ 일렉트릭(24MY),1090,715.0,1805.0,2024년도 전기자동차 강진군 모델별 보조금,2024,강진군
화물(소형),현대자동차,ST1 기본형 카고 17인치,1100,750.0,1850.0,2024년도 전기자동차 강진군 모델별 보조금,2024,강진군
화물(소형),현대자동차,ST1 기본형 카고 냉동 17인치,1450,750.0,2200.0,2024년도 전기자동차 강진군 모델별 보조금,2024,강진군
화물(소형),현대자동차,ST1 기본형 하이탑 17인치,1100,750.0,1850.0,2024년도 전기자동차 강진군 모델별 보조금,2024,강진군
화물(소형),기아,봉고 전기차,1130,715.0,1845.0,2024년도 전기자동차 강진군 모델별 보조금,2024,강진군
화물(소형),기아,봉고 전기차 냉동탑차,1330,750.0,2080.0,2024년도 전기자동차 강진군 모델별 보조금,2024,강진군
화물(소형),기아,봉고 전기차 저상형 냉동탑차,1330,750.0,2080.0,2024년도 전기자동차 강진군 모델별 보조금,2024,강진군
화물(소형),일진정공,일진무시동전기냉동탑차(149.9km),916,624.0,1540.0,2024년도 전기자동차 강진군 모델별 보조금,2024,강진군
화물(소형),일진정공,일진무시동전기냉동탑차(186.1km),1169,750.0,1919.0,2024년도 전기자동차 강진군 모델별 보조금,2024,강진군
화물(소형),일진정공,일진무시동전기냉동탑차(봉고),1379,750.0,2129.0,2024년도 전기자동차 강진군 모델별 보조금,2024,강진군
화물(소형),일진정공,일진무시동전기냉동탑차(포터),1363,750.0,2113.0,2024년도 전기자동차 강진군 모델별 보조금,2024,강진군
화물(소형),루트17,다니고C(0.8톤 전기트럭),1068,664.0,1732.0,2024년도 전기자동차 강진군 모델별 보조금,2024,강진군
화물(소형),루트17,다니고C2(0.8톤 전기트럭),268,182.0,450.0,2024년도 전기자동차 강진군 모델별 보조금,2024,강진군
화물(소형),루트17,다니고R(전기냉동탑차),1224,750.0,1974.0,2024년도 전기자동차 강진군 모델별 보조금,2024,강진군
화물(소형),루트17,다니고R2(무시동 전기냉동탑차),1123,719.0,1842.0,2024년도 전기자동차 강진군 모델별 보조금,2024,강진군
화물(소형),루트17,e-TOVI,464,316.0,780.0,2024년도 전기자동차 강진군 모델별 보조금,2024,강진군
화물(소형),이브이케이엠씨,MASADA 픽업,295,201.0,496.0,2024년도 전기자동차 강진군 모델별 보조금,2024,강진군
화물(소형),이브이케이엠씨,MASADA 3세대 2밴,274,186.0,460.0,2024년도 전기자동차 강진군 모델별 보조금,2024,강진군
화물(소형),이브이케이엠씨,MASADA 3세대 4밴,246,167.0,413.0,2024년도 전기자동차 강진군 모델별 보조금,2024,강진군
화물(소형),이브이케이엠씨,MASADA 2밴,299,203.0,502.0,2024년도 전기자동차 강진군 모델별 보조금,2024,강진군
화물(소형),이브이케이엠씨,MASADA 4밴,269,183.0,452.0,2024년도 전기자동차 강진군 모델별 보조금,2024,강진군
화물(소형),이브이케이엠씨,EC35 2밴,194,132.0,326.0,2024년도 전기자동차 강진군 모델별 보조금,2024,강진군
화물(소형),제이스모빌리티,이티밴,405,276.0,681.0,2024년도 전기자동차 강진군 모델별 보조금,2024,강진군
화물(소형),제이스모빌리티,이티4밴,364,248.0,612.0,2024년도 전기자동차 강진군 모델별 보조금,2024,강진군
화물(소형),제이스모빌리티,이티밴 미니 2인승,412,280.0,692.0,2024년도 전기자동차 강진군 모델별 보조금,2024,강진군
화물(소형),제이스모빌리티,이티밴 미니 4인승,412,280.0,692.0,2024년도 전기자동차 강진군 모델별 보조금,2024,강진군
화물(소형),제이스모빌리티,이티밴 프로 2인승,412,280.0,692.0,2024년도 전기자동차 강진군 모델별 보조금,2024,강진군
화물(소형),제이스모빌리티,이티밴 프로 4인승,412,280.0,692.0,2024년도 전기자동차 강진군 모델별 보조금,2024,강진군
화물(소형),오텍,오텍 무시동 전기 냉동탑차(봉고),1118,750.0,1868.0,2024년도 전기자동차 강진군 모델별 보조금,2024,강진군
화물(소형),이엔플러스,이엔1톤롱바디카고,850,579.0,1429.0,2024년도 전기자동차 강진군 모델별 보조금,2024,강진군
화물(소형),이엔플러스,이엔플러스EV1톤롱바디트럭,895,610.0,1505.0,2024년도 전기자동차 강진군 모델별 보조금,2024,강진군
화물(소형),GS글로벌,T4K,462,315.0,777.0,2024년도 전기자동차 강진군 모델별 보조금,2024,강진군
화물(소형),GS글로벌,T4K 냉동탑차,711,484.0,1195.0,2024년도 전기자동차 강진군 모델별 보조금,2024,강진군
화물(소형),에스에스라이트,젤라,336,229.0,565.0,2024년도 전기자동차 강진군 모델별 보조금,2024,강진군
화물(소형),에스에스라이트,젤라 P200,478,325.0,803.0,2024년도 전기자동차 강진군 모델별 보조금,2024,강진군
화물(소형),한국쓰리축,한국쓰리축1톤롱바디EV트럭(봉고),837,570.0,1407.0,2024년도 전기자동차 강진군 모델별 보조금,2024,강진군
화물(소형),한국쓰리축,한국쓰리축1톤롱바디EV트럭(포터),855,582.0,1437.0,2024년도 전기자동차 강진군 모델별 보조금,2024,강진군
화물(소형),모빌리티네트웍스,SE-A2밴,333,227.0,560.0,2024년도 전기자동차 강진군 모델별 보조금,2024,강진군
화물(소형),피닉스코리아,썬라이즈-T01,412,280.0,692.0,2024년도 전기자동차 강진군 모델별 보조금,2024,강진군
화물(소형),케이지모빌리티,토레스 EVX VAN 20인치,392,267.0,659.0,2024년도 전기자동차 강진군 모델별 보조금,2024,강진군
화물(소형),케이지모빌리티,토레스 EVX VAN 18인치,394,268.0,662.0,2024년도 전기자동차 강진군 모델별 보조금,2024,강진군
화물(소형),한국상용트럭,한국상용1톤롱바디EV카고트럭,818,557.0,1375.0,2024년도 전기자동차 강진군 모델별 보조금,2024,강진군
화물(소형),한국상용트럭,한국상용0.9톤롱바디EV내장탑트럭,593,404.0,997.0,2024년도 전기자동차 강진군 모델별 보조금,2024,강진군
화물(소형),센트로에이케이,E-CV1,282,192.0,474.0,2024년도 전기자동차 강진군 모델별 보조금,2024,강진군
화물(소형),파츠몰에이투지,SW40,412,280.0,692.0,2024년도 전기자동차 강진군 모델별 보조금,2024,강진군
화물(소형),이브이앤솔루션,STEGO-Z,540,368.0,908.0,2024년도 전기자동차 강진군 모델별 보조금,2024,강진군
화물(초소형),마스타전기차,MASTA VAN,400,400.0,800.0,2024년도 전기자동차 해남군 모델별 보조금,2024,해남군
화물(초소형),마스타전기차,MASTA HIM,400,400.0,800.0,2024년도 전기자동차 해남군 모델별 보조금,2024,해남군
화물(초소형),디피코,포트로-탑,400,400.0,800.0,2024년도 전기자동차 해남군 모델별 보조금,2024,해남군
화물(초소형),디피코,포트로-픽업,400,400.0,800.0,2024년도 전기자동차 해남군 모델별 보조금,2024,해남군
화물(초소형),디피코,포트로-탑S,400,400.0,800.0,2024년도 전기자동차 해남군 모델별 보조금,2024,해남군
화물(초소형),디피코,포트로-픽업S,400,400.0,800.0,2024년도 전기자동차 해남군 모델별 보조금,2024,해남군
화물(초소형),마이브,베프,400,0.0,400.0,2024년도 전기자동차 해남군 모델별 보조금,2024,해남군
화물(경형),디피코,포트로350L-탑,788,531.0,1319.0,2024년도 전기자동차 해남군 모델별 보조금,2024,해남군
화물(경형),디피코,포트로350L-픽업,788,531.0,1319.0,2024년도 전기자동차 해남군 모델별 보조금,2024,해남군
화물(소형),파워프라자,봉고3ev PEACE,554,377.0,931.0,2024년도 전기자동차 해남군 모델별 보조금,2024,해남군
화물(소형),파워프라자,봉고3ev PEACE 더블캡,481,327.0,808.0,2024년도 전기자동차 해남군 모델별 보조금,2024,해남군
화물(소형),현대자동차,포터Ⅱ 일렉트릭(23MY),1090,715.0,1805.0,2024년도 전기자동차 해남군 모델별 보조금,2024,해남군
화물(소형),현대자동차,포터Ⅱ 일렉트릭(24MY),1090,715.0,1805.0,2024년도 전기자동차 해남군 모델별 보조금,2024,해남군
화물(소형),현대자동차,ST1 기본형 카고 17인치,1100,750.0,1850.0,2024년도 전기자동차 해남군 모델별 보조금,2024,해남군
화물(소형),현대자동차,ST1 기본형 카고 냉동 17인치,1450,750.0,2200.0,2024년도 전기자동차 해남군 모델별 보조금,2024,해남군
화물(소형),현대자동차,ST1 기본형 하이탑 17인치,1100,750.0,1850.0,2024년도 전기자동차 해남군 모델별 보조금,2024,해남군
화물(소형),기아,봉고 전기차,1130,715.0,1845.0,2024년도 전기자동차 해남군 모델별 보조금,2024,해남군
화물(소형),기아,봉고 전기차 냉동탑차,1330,750.0,2080.0,2024년도 전기자동차 해남군 모델별 보조금,2024,해남군
화물(소형),기아,봉고 전기차 저상형 냉동탑차,1330,750.0,2080.0,2024년도 전기자동차 해남군 모델별 보조금,2024,해남군
화물(소형),일진정공,일진무시동전기냉동탑차(149.9km),916,624.0,1540.0,2024년도 전기자동차 해남군 모델별 보조금,2024,해남군
화물(소형),일진정공,일진무시동전기냉동탑차(186.1km),1169,750.0,1919.0,2024년도 전기자동차 해남군 모델별 보조금,2024,해남군
화물(소형),일진정공,일진무시동전기냉동탑차(봉고),1379,750.0,2129.0,2024년도 전기자동차 해남군 모델별 보조금,2024,해남군
화물(소형),일진정공,일진무시동전기냉동탑차(포터),1363,750.0,2113.0,2024년도 전기자동차 해남군 모델별 보조금,2024,해남군
화물(소형),루트17,다니고C(0.8톤 전기트럭),1068,664.0,1732.0,2024년도 전기자동차 해남군 모델별 보조금,2024,해남군
화물(소형),루트17,다니고C2(0.8톤 전기트럭),268,182.0,450.0,2024년도 전기자동차 해남군 모델별 보조금,2024,해남군
화물(소형),루트17,다니고R(전기냉동탑차),1224,750.0,1974.0,2024년도 전기자동차 해남군 모델별 보조금,2024,해남군
화물(소형),루트17,다니고R2(무시동 전기냉동탑차),1123,719.0,1842.0,2024년도 전기자동차 해남군 모델별 보조금,2024,해남군
화물(소형),루트17,e-TOVI,464,316.0,780.0,2024년도 전기자동차 해남군 모델별 보조금,2024,해남군
화물(소형),이브이케이엠씨,MASADA 픽업,295,201.0,496.0,2024년도 전기자동차 해남군 모델별 보조금,2024,해남군
화물(소형),이브이케이엠씨,MASADA 3세대 2밴,274,186.0,460.0,2024년도 전기자동차 해남군 모델별 보조금,2024,해남군
화물(소형),이브이케이엠씨,MASADA 3세대 4밴,246,167.0,413.0,2024년도 전기자동차 해남군 모델별 보조금,2024,해남군
화물(소형),이브이케이엠씨,MASADA 2밴,299,203.0,502.0,2024년도 전기자동차 해남군 모델별 보조금,2024,해남군
화물(소형),이브이케이엠씨,MASADA 4밴,269,183.0,452.0,2024년도 전기자동차 해남군 모델별 보조금,2024,해남군
화물(소형),이브이케이엠씨,EC35 2밴,194,132.0,326.0,2024년도 전기자동차 해남군 모델별 보조금,2024,해남군
화물(소형),제이스모빌리티,이티밴,405,276.0,681.0,2024년도 전기자동차 해남군 모델별 보조금,2024,해남군
화물(소형),제이스모빌리티,이티4밴,364,248.0,612.0,2024년도 전기자동차 해남군 모델별 보조금,2024,해남군
화물(소형),제이스모빌리티,이티밴 미니 2인승,412,280.0,692.0,2024년도 전기자동차 해남군 모델별 보조금,2024,해남군
화물(소형),제이스모빌리티,이티밴 미니 4인승,412,280.0,692.0,2024년도 전기자동차 해남군 모델별 보조금,2024,해남군
화물(소형),제이스모빌리티,이티밴 프로 2인승,412,280.0,692.0,2024년도 전기자동차 해남군 모델별 보조금,2024,해남군
화물(소형),제이스모빌리티,이티밴 프로 4인승,412,280.0,692.0,2024년도 전기자동차 해남군 모델별 보조금,2024,해남군
화물(소형),오텍,오텍 무시동 전기 냉동탑차(봉고),1118,750.0,1868.0,2024년도 전기자동차 해남군 모델별 보조금,2024,해남군
화물(소형),이엔플러스,이엔1톤롱바디카고,850,579.0,1429.0,2024년도 전기자동차 해남군 모델별 보조금,2024,해남군
화물(소형),이엔플러스,이엔플러스EV1톤롱바디트럭,895,610.0,1505.0,2024년도 전기자동차 해남군 모델별 보조금,2024,해남군
화물(소형),GS글로벌,T4K,462,315.0,777.0,2024년도 전기자동차 해남군 모델별 보조금,2024,해남군
화물(소형),GS글로벌,T4K 냉동탑차,711,484.0,1195.0,2024년도 전기자동차 해남군 모델별 보조금,2024,해남군
화물(소형),에스에스라이트,젤라,336,229.0,565.0,2024년도 전기자동차 해남군 모델별 보조금,2024,해남군
화물(소형),에스에스라이트,젤라 P200,478,325.0,803.0,2024년도 전기자동차 해남군 모델별 보조금,2024,해남군
화물(소형),한국쓰리축,한국쓰리축1톤롱바디EV트럭(봉고),837,570.0,1407.0,2024년도 전기자동차 해남군 모델별 보조금,2024,해남군
화물(소형),한국쓰리축,한국쓰리축1톤롱바디EV트럭(포터),855,582.0,1437.0,2024년도 전기자동차 해남군 모델별 보조금,2024,해남군
화물(소형),모빌리티네트웍스,SE-A2밴,333,227.0,560.0,2024년도 전기자동차 해남군 모델별 보조금,2024,해남군
화물(소형),피닉스코리아,썬라이즈-T01,412,280.0,692.0,2024년도 전기자동차 해남군 모델별 보조금,2024,해남군
화물(소형),케이지모빌리티,토레스 EVX VAN 20인치,392,267.0,659.0,2024년도 전기자동차 해남군 모델별 보조금,2024,해남군
화물(소형),케이지모빌리티,토레스 EVX VAN 18인치,394,268.0,662.0,2024년도 전기자동차 해남군 모델별 보조금,2024,해남군
화물(소형),한국상용트럭,한국상용1톤롱바디EV카고트럭,818,557.0,1375.0,2024년도 전기자동차 해남군 모델별 보조금,2024,해남군
화물(소형),한국상용트럭,한국상용0.9톤롱바디EV내장탑트럭,593,404.0,997.0,2024년도 전기자동차 해남군 모델별 보조금,2024,해남군
화물(소형),센트로에이케이,E-CV1,282,0.0,282.0,2024년도 전기자동차 해남군 모델별 보조금,2024,해남군
화물(소형),파츠몰에이투지,SW40,412,0.0,412.0,2024년도 전기자동차 해남군 모델별 보조금,2024,해남군
화물(소형),이브이앤솔루션,STEGO-Z,540,0.0,540.0,2024년도 전기자동차 해남군 모델별 보조금,2024,해남군
화물(초소형),마스타전기차,MASTA VAN,400,272.0,672.0,2024년도 전기자동차 영암군 모델별 보조금,2024,영암군
화물(초소형),마스타전기차,MASTA HIM,400,272.0,672.0,2024년도 전기자동차 영암군 모델별 보조금,2024,영암군
화물(초소형),디피코,포트로-탑,400,272.0,672.0,2024년도 전기자동차 영암군 모델별 보조금,2024,영암군
화물(초소형),디피코,포트로-픽업,400,272.0,672.0,2024년도 전기자동차 영암군 모델별 보조금,2024,영암군
화물(초소형),디피코,포트로-탑S,400,272.0,672.0,2024년도 전기자동차 영암군 모델별 보조금,2024,영암군
화물(초소형),디피코,포트로-픽업S,400,272.0,672.0,2024년도 전기자동차 영암군 모델별 보조금,2024,영암군
화물(경형),디피코,포트로350L-탑,788,536.0,1324.0,2024년도 전기자동차 영암군 모델별 보조금,2024,영암군
화물(경형),디피코,포트로350L-픽업,788,536.0,1324.0,2024년도 전기자동차 영암군 모델별 보조금,2024,영암군
화물(소형),파워프라자,봉고3ev PEACE,554,377.0,931.0,2024년도 전기자동차 영암군 모델별 보조금,2024,영암군
화물(소형),파워프라자,봉고3ev PEACE 더블캡,481,327.0,808.0,2024년도 전기자동차 영암군 모델별 보조금,2024,영암군
화물(소형),현대자동차,포터Ⅱ 일렉트릭(23MY),1090,715.0,1805.0,2024년도 전기자동차 영암군 모델별 보조금,2024,영암군
화물(소형),현대자동차,포터Ⅱ 일렉트릭(24MY),1090,715.0,1805.0,2024년도 전기자동차 영암군 모델별 보조금,2024,영암군
화물(소형),현대자동차,ST1 기본형 카고 17인치,1100,750.0,1850.0,2024년도 전기자동차 영암군 모델별 보조금,2024,영암군
화물(소형),현대자동차,ST1 기본형 카고 냉동 17인치,1450,750.0,2200.0,2024년도 전기자동차 영암군 모델별 보조금,2024,영암군
화물(소형),기아,봉고 전기차,1130,715.0,1845.0,2024년도 전기자동차 영암군 모델별 보조금,2024,영암군
화물(소형),기아,봉고 전기차 냉동탑차,1330,750.0,2080.0,2024년도 전기자동차 영암군 모델별 보조금,2024,영암군
화물(소형),기아,봉고 전기차 저상형 냉동탑차,1330,750.0,2080.0,2024년도 전기자동차 영암군 모델별 보조금,2024,영암군
화물(소형),일진정공,일진무시동전기냉동탑차(149.9km),916,624.0,1540.0,2024년도 전기자동차 영암군 모델별 보조금,2024,영암군
화물(소형),일진정공,일진무시동전기냉동탑차(186.1km),1169,750.0,1919.0,2024년도 전기자동차 영암군 모델별 보조금,2024,영암군
화물(소형),일진정공,일진무시동전기냉동탑차(봉고),1379,750.0,2129.0,2024년도 전기자동차 영암군 모델별 보조금,2024,영암군
화물(소형),일진정공,일진무시동전기냉동탑차(포터),1363,750.0,2113.0,2024년도 전기자동차 영암군 모델별 보조금,2024,영암군
화물(소형),루트17,다니고C(0.8톤 전기트럭),1068,664.0,1732.0,2024년도 전기자동차 영암군 모델별 보조금,2024,영암군
화물(소형),루트17,다니고C2(0.8톤 전기트럭),268,182.0,450.0,2024년도 전기자동차 영암군 모델별 보조금,2024,영암군
화물(소형),루트17,다니고R(전기냉동탑차),1224,750.0,1974.0,2024년도 전기자동차 영암군 모델별 보조금,2024,영암군
화물(소형),루트17,다니고R2(무시동 전기냉동탑차),1123,719.0,1842.0,2024년도 전기자동차 영암군 모델별 보조금,2024,영암군
화물(소형),루트17,e-TOVI,464,316.0,780.0,2024년도 전기자동차 영암군 모델별 보조금,2024,영암군
화물(소형),이브이케이엠씨,MASADA 픽업,295,201.0,496.0,2024년도 전기자동차 영암군 모델별 보조금,2024,영암군
화물(소형),이브이케이엠씨,MASADA 3세대 2밴,274,186.0,460.0,2024년도 전기자동차 영암군 모델별 보조금,2024,영암군
화물(소형),이브이케이엠씨,MASADA 3세대 4밴,246,167.0,413.0,2024년도 전기자동차 영암군 모델별 보조금,2024,영암군
화물(소형),이브이케이엠씨,MASADA 2밴,299,203.0,502.0,2024년도 전기자동차 영암군 모델별 보조금,2024,영암군
화물(소형),이브이케이엠씨,MASADA 4밴,269,183.0,452.0,2024년도 전기자동차 영암군 모델별 보조금,2024,영암군
화물(소형),이브이케이엠씨,EC35 2밴,194,132.0,326.0,2024년도 전기자동차 영암군 모델별 보조금,2024,영암군
화물(소형),제이스모빌리티,이티밴,405,276.0,681.0,2024년도 전기자동차 영암군 모델별 보조금,2024,영암군
화물(소형),제이스모빌리티,이티4밴,364,248.0,612.0,2024년도 전기자동차 영암군 모델별 보조금,2024,영암군
화물(소형),제이스모빌리티,이티밴 미니 2인승,412,280.0,692.0,2024년도 전기자동차 영암군 모델별 보조금,2024,영암군
화물(소형),제이스모빌리티,이티밴 미니 4인승,412,280.0,692.0,2024년도 전기자동차 영암군 모델별 보조금,2024,영암군
화물(소형),제이스모빌리티,이티밴 프로 2인승,412,280.0,692.0,2024년도 전기자동차 영암군 모델별 보조금,2024,영암군
화물(소형),제이스모빌리티,이티밴 프로 4인승,412,280.0,692.0,2024년도 전기자동차 영암군 모델별 보조금,2024,영암군
화물(소형),오텍,오텍 무시동 전기 냉동탑차(봉고),1118,750.0,1868.0,2024년도 전기자동차 영암군 모델별 보조금,2024,영암군
화물(소형),이엔플러스,이엔1톤롱바디카고,850,579.0,1429.0,2024년도 전기자동차 영암군 모델별 보조금,2024,영암군
화물(소형),이엔플러스,이엔플러스EV1톤롱바디트럭,895,610.0,1505.0,2024년도 전기자동차 영암군 모델별 보조금,2024,영암군
화물(소형),GS글로벌,T4K,462,315.0,777.0,2024년도 전기자동차 영암군 모델별 보조금,2024,영암군
화물(소형),GS글로벌,T4K 냉동탑차,711,484.0,1195.0,2024년도 전기자동차 영암군 모델별 보조금,2024,영암군
화물(소형),에스에스라이트,젤라,336,229.0,565.0,2024년도 전기자동차 영암군 모델별 보조금,2024,영암군
화물(소형),에스에스라이트,젤라 P200,478,325.0,803.0,2024년도 전기자동차 영암군 모델별 보조금,2024,영암군
화물(소형),한국쓰리축,한국쓰리축1톤롱바디EV트럭(봉고),837,570.0,1407.0,2024년도 전기자동차 영암군 모델별 보조금,2024,영암군
화물(소형),한국쓰리축,한국쓰리축1톤롱바디EV트럭(포터),855,582.0,1437.0,2024년도 전기자동차 영암군 모델별 보조금,2024,영암군
화물(소형),모빌리티네트웍스,SE-A2밴,333,227.0,560.0,2024년도 전기자동차 영암군 모델별 보조금,2024,영암군
화물(소형),피닉스코리아,썬라이즈-T01,412,280.0,692.0,2024년도 전기자동차 영암군 모델별 보조금,2024,영암군
화물(소형),케이지모빌리티,토레스 EVX VAN 20인치,392,267.0,659.0,2024년도 전기자동차 영암군 모델별 보조금,2024,영암군
화물(소형),케이지모빌리티,토레스 EVX VAN 18인치,394,268.0,662.0,2024년도 전기자동차 영암군 모델별 보조금,2024,영암군
화물(소형),한국상용트럭,한국상용1톤롱바디EV카고트럭,818,557.0,1375.0,2024년도 전기자동차 영암군 모델별 보조금,2024,영암군
화물(소형),한국상용트럭,한국상용0.9톤롱바디EV내장탑트럭,593,404.0,997.0,2024년도 전기자동차 영암군 모델별 보조금,2024,영암군
화물(초소형),마스타전기차,MASTA VAN,400,241.0,641.0,2024년도 전기자동차 무안군 모델별 보조금,2024,무안군
화물(초소형),마스타전기차,MASTA HIM,400,241.0,641.0,2024년도 전기자동차 무안군 모델별 보조금,2024,무안군
화물(초소형),디피코,포트로-탑,400,241.0,641.0,2024년도 전기자동차 무안군 모델별 보조금,2024,무안군
화물(초소형),디피코,포트로-픽업,400,241.0,641.0,2024년도 전기자동차 무안군 모델별 보조금,2024,무안군
화물(초소형),디피코,포트로-탑S,400,241.0,641.0,2024년도 전기자동차 무안군 모델별 보조금,2024,무안군
화물(초소형),디피코,포트로-픽업S,400,241.0,641.0,2024년도 전기자동차 무안군 모델별 보조금,2024,무안군
화물(경형),디피코,포트로350L-탑,788,738.0,1526.0,2024년도 전기자동차 무안군 모델별 보조금,2024,무안군
화물(경형),디피코,포트로350L-픽업,788,738.0,1526.0,2024년도 전기자동차 무안군 모델별 보조금,2024,무안군
화물(소형),파워프라자,봉고3ev PEACE,554,377.0,931.0,2024년도 전기자동차 무안군 모델별 보조금,2024,무안군
화물(소형),파워프라자,봉고3ev PEACE 더블캡,481,327.0,808.0,2024년도 전기자동차 무안군 모델별 보조금,2024,무안군
화물(소형),현대자동차,포터Ⅱ 일렉트릭(23MY),1090,715.0,1805.0,2024년도 전기자동차 무안군 모델별 보조금,2024,무안군
화물(소형),현대자동차,포터Ⅱ 일렉트릭(24MY),1090,715.0,1805.0,2024년도 전기자동차 무안군 모델별 보조금,2024,무안군
화물(소형),현대자동차,ST1 기본형 카고 17인치,1100,750.0,1850.0,2024년도 전기자동차 무안군 모델별 보조금,2024,무안군
화물(소형),현대자동차,ST1 기본형 카고 냉동 17인치,1450,750.0,2200.0,2024년도 전기자동차 무안군 모델별 보조금,2024,무안군
화물(소형),기아,봉고 전기차,1130,715.0,1845.0,2024년도 전기자동차 무안군 모델별 보조금,2024,무안군
화물(소형),기아,봉고 전기차 냉동탑차,1330,750.0,2080.0,2024년도 전기자동차 무안군 모델별 보조금,2024,무안군
화물(소형),기아,봉고 전기차 저상형 냉동탑차,1330,750.0,2080.0,2024년도 전기자동차 무안군 모델별 보조금,2024,무안군
화물(소형),일진정공,일진무시동전기냉동탑차(149.9km),916,624.0,1540.0,2024년도 전기자동차 무안군 모델별 보조금,2024,무안군
화물(소형),일진정공,일진무시동전기냉동탑차(186.1km),1169,750.0,1919.0,2024년도 전기자동차 무안군 모델별 보조금,2024,무안군
화물(소형),일진정공,일진무시동전기냉동탑차(봉고),1379,750.0,2129.0,2024년도 전기자동차 무안군 모델별 보조금,2024,무안군
화물(소형),일진정공,일진무시동전기냉동탑차(포터),1363,750.0,2113.0,2024년도 전기자동차 무안군 모델별 보조금,2024,무안군
화물(소형),루트17,다니고C(0.8톤 전기트럭),1068,664.0,1732.0,2024년도 전기자동차 무안군 모델별 보조금,2024,무안군
화물(소형),루트17,다니고C2(0.8톤 전기트럭),268,182.0,450.0,2024년도 전기자동차 무안군 모델별 보조금,2024,무안군
화물(소형),루트17,다니고R(전기냉동탑차),1224,750.0,1974.0,2024년도 전기자동차 무안군 모델별 보조금,2024,무안군
화물(소형),루트17,다니고R2(무시동 전기냉동탑차),1123,719.0,1842.0,2024년도 전기자동차 무안군 모델별 보조금,2024,무안군
화물(소형),루트17,e-TOVI,464,316.0,780.0,2024년도 전기자동차 무안군 모델별 보조금,2024,무안군
화물(소형),이브이케이엠씨,MASADA 픽업,295,201.0,496.0,2024년도 전기자동차 무안군 모델별 보조금,2024,무안군
화물(소형),이브이케이엠씨,MASADA 3세대 2밴,274,186.0,460.0,2024년도 전기자동차 무안군 모델별 보조금,2024,무안군
화물(소형),이브이케이엠씨,MASADA 3세대 4밴,246,167.0,413.0,2024년도 전기자동차 무안군 모델별 보조금,2024,무안군
화물(소형),이브이케이엠씨,MASADA 2밴,299,203.0,502.0,2024년도 전기자동차 무안군 모델별 보조금,2024,무안군
화물(소형),이브이케이엠씨,MASADA 4밴,269,183.0,452.0,2024년도 전기자동차 무안군 모델별 보조금,2024,무안군
화물(소형),이브이케이엠씨,EC35 2밴,194,132.0,326.0,2024년도 전기자동차 무안군 모델별 보조금,2024,무안군
화물(소형),제이스모빌리티,이티밴,405,276.0,681.0,2024년도 전기자동차 무안군 모델별 보조금,2024,무안군
화물(소형),제이스모빌리티,이티4밴,364,248.0,612.0,2024년도 전기자동차 무안군 모델별 보조금,2024,무안군
화물(소형),제이스모빌리티,이티밴 미니 2인승,412,280.0,692.0,2024년도 전기자동차 무안군 모델별 보조금,2024,무안군
화물(소형),제이스모빌리티,이티밴 미니 4인승,412,280.0,692.0,2024년도 전기자동차 무안군 모델별 보조금,2024,무안군
화물(소형),제이스모빌리티,이티밴 프로 2인승,412,280.0,692.0,2024년도 전기자동차 무안군 모델별 보조금,2024,무안군
화물(소형),제이스모빌리티,이티밴 프로 4인승,412,280.0,692.0,2024년도 전기자동차 무안군 모델별 보조금,2024,무안군
화물(소형),오텍,오텍 무시동 전기 냉동탑차(봉고),1118,750.0,1868.0,2024년도 전기자동차 무안군 모델별 보조금,2024,무안군
화물(소형),이엔플러스,이엔1톤롱바디카고,850,579.0,1429.0,2024년도 전기자동차 무안군 모델별 보조금,2024,무안군
화물(소형),이엔플러스,이엔플러스EV1톤롱바디트럭,895,610.0,1505.0,2024년도 전기자동차 무안군 모델별 보조금,2024,무안군
화물(소형),GS글로벌,T4K,462,315.0,777.0,2024년도 전기자동차 무안군 모델별 보조금,2024,무안군
화물(소형),GS글로벌,T4K 냉동탑차,711,484.0,1195.0,2024년도 전기자동차 무안군 모델별 보조금,2024,무안군
화물(소형),에스에스라이트,젤라,336,229.0,565.0,2024년도 전기자동차 무안군 모델별 보조금,2024,무안군
화물(소형),에스에스라이트,젤라 P200,478,325.0,803.0,2024년도 전기자동차 무안군 모델별 보조금,2024,무안군
화물(소형),한국쓰리축,한국쓰리축1톤롱바디EV트럭(봉고),837,570.0,1407.0,2024년도 전기자동차 무안군 모델별 보조금,2024,무안군
화물(소형),한국쓰리축,한국쓰리축1톤롱바디EV트럭(포터),855,582.0,1437.0,2024년도 전기자동차 무안군 모델별 보조금,2024,무안군
화물(소형),모빌리티네트웍스,SE-A2밴,333,227.0,560.0,2024년도 전기자동차 무안군 모델별 보조금,2024,무안군
화물(소형),피닉스코리아,썬라이즈-T01,412,280.0,692.0,2024년도 전기자동차 무안군 모델별 보조금,2024,무안군
화물(소형),케이지모빌리티,토레스 EVX VAN 20인치,392,267.0,659.0,2024년도 전기자동차 무안군 모델별 보조금,2024,무안군
화물(소형),케이지모빌리티,토레스 EVX VAN 18인치,394,268.0,662.0,2024년도 전기자동차 무안군 모델별 보조금,2024,무안군
화물(소형),한국상용트럭,한국상용1톤롱바디EV카고트럭,818,557.0,1375.0,2024년도 전기자동차 무안군 모델별 보조금,2024,무안군
화물(소형),한국상용트럭,한국상용0.9톤롱바디EV내장탑트럭,593,404.0,997.0,2024년도 전기자동차 무안군 모델별 보조금,2024,무안군
화물(초소형),마스타전기차,MASTA VAN,400,278.0,678.0,2024년도 전기자동차 함평군 모델별 보조금,2024,함평군
화물(초소형),마스타전기차,MASTA HIM,400,278.0,678.0,2024년도 전기자동차 함평군 모델별 보조금,2024,함평군
화물(초소형),디피코,포트로-탑,400,278.0,678.0,2024년도 전기자동차 함평군 모델별 보조금,2024,함평군
화물(초소형),디피코,포트로-픽업,400,278.0,678.0,2024년도 전기자동차 함평군 모델별 보조금,2024,함평군
화물(초소형),디피코,포트로-탑S,400,278.0,678.0,2024년도 전기자동차 함평군 모델별 보조금,2024,함평군
화물(초소형),디피코,포트로-픽업S,400,278.0,678.0,2024년도 전기자동차 함평군 모델별 보조금,2024,함평군
화물(경형),디피코,포트로350L-탑,788,689.0,1477.0,2024년도 전기자동차 함평군 모델별 보조금,2024,함평군
화물(경형),디피코,포트로350L-픽업,788,689.0,1477.0,2024년도 전기자동차 함평군 모델별 보조금,2024,함평군
화물(소형),파워프라자,봉고3ev PEACE,554,428.0,982.0,2024년도 전기자동차 함평군 모델별 보조금,2024,함평군
화물(소형),파워프라자,봉고3ev PEACE 더블캡,481,371.0,852.0,2024년도 전기자동차 함평군 모델별 보조금,2024,함평군
화물(소형),현대자동차,포터Ⅱ 일렉트릭(23MY),1090,811.0,1901.0,2024년도 전기자동차 함평군 모델별 보조금,2024,함평군
화물(소형),현대자동차,포터Ⅱ 일렉트릭(24MY),1090,811.0,1901.0,2024년도 전기자동차 함평군 모델별 보조금,2024,함평군
화물(소형),현대자동차,ST1 기본형 카고 17인치,1100,850.0,1950.0,2024년도 전기자동차 함평군 모델별 보조금,2024,함평군
화물(소형),현대자동차,ST1 기본형 카고 냉동 17인치,1450,850.0,2300.0,2024년도 전기자동차 함평군 모델별 보조금,2024,함평군
화물(소형),기아,봉고 전기차,1130,811.0,1941.0,2024년도 전기자동차 함평군 모델별 보조금,2024,함평군
화물(소형),기아,봉고 전기차 냉동탑차,1330,850.0,2180.0,2024년도 전기자동차 함평군 모델별 보조금,2024,함평군
화물(소형),기아,봉고 전기차 저상형 냉동탑차,1330,850.0,2180.0,2024년도 전기자동차 함평군 모델별 보조금,2024,함평군
화물(소형),일진정공,일진무시동전기냉동탑차(149.9km),916,707.0,1623.0,2024년도 전기자동차 함평군 모델별 보조금,2024,함평군
화물(소형),일진정공,일진무시동전기냉동탑차(186.1km),1169,850.0,2019.0,2024년도 전기자동차 함평군 모델별 보조금,2024,함평군
화물(소형),일진정공,일진무시동전기냉동탑차(봉고),1379,850.0,2229.0,2024년도 전기자동차 함평군 모델별 보조금,2024,함평군
화물(소형),일진정공,일진무시동전기냉동탑차(포터),1363,850.0,2213.0,2024년도 전기자동차 함평군 모델별 보조금,2024,함평군
화물(소형),루트17,다니고C(0.8톤 전기트럭),1068,753.0,1821.0,2024년도 전기자동차 함평군 모델별 보조금,2024,함평군
화물(소형),루트17,다니고C2(0.8톤 전기트럭),268,207.0,475.0,2024년도 전기자동차 함평군 모델별 보조금,2024,함평군
화물(소형),루트17,다니고R(전기냉동탑차),1224,850.0,2074.0,2024년도 전기자동차 함평군 모델별 보조금,2024,함평군
화물(소형),루트17,다니고R2(무시동 전기냉동탑차),1123,815.0,1938.0,2024년도 전기자동차 함평군 모델별 보조금,2024,함평군
화물(소형),루트17,e-TOVI,464,358.0,822.0,2024년도 전기자동차 함평군 모델별 보조금,2024,함평군
화물(소형),이브이케이엠씨,MASADA 픽업,295,227.0,522.0,2024년도 전기자동차 함평군 모델별 보조금,2024,함평군
화물(소형),이브이케이엠씨,MASADA 3세대 2밴,274,211.0,485.0,2024년도 전기자동차 함평군 모델별 보조금,2024,함평군
화물(소형),이브이케이엠씨,MASADA 3세대 4밴,246,190.0,436.0,2024년도 전기자동차 함평군 모델별 보조금,2024,함평군
화물(소형),이브이케이엠씨,MASADA 2밴,299,231.0,530.0,2024년도 전기자동차 함평군 모델별 보조금,2024,함평군
화물(소형),이브이케이엠씨,MASADA 4밴,269,207.0,476.0,2024년도 전기자동차 함평군 모델별 보조금,2024,함평군
화물(소형),이브이케이엠씨,EC35 2밴,194,149.0,343.0,2024년도 전기자동차 함평군 모델별 보조금,2024,함평군
화물(소형),제이스모빌리티,이티밴,405,312.0,717.0,2024년도 전기자동차 함평군 모델별 보조금,2024,함평군
화물(소형),제이스모빌리티,이티4밴,364,281.0,645.0,2024년도 전기자동차 함평군 모델별 보조금,2024,함평군
화물(소형),제이스모빌리티,이티밴 미니 2인승,412,318.0,730.0,2024년도 전기자동차 함평군 모델별 보조금,2024,함평군
화물(소형),제이스모빌리티,이티밴 미니 4인승,412,318.0,730.0,2024년도 전기자동차 함평군 모델별 보조금,2024,함평군
화물(소형),제이스모빌리티,이티밴 프로 2인승,412,318.0,730.0,2024년도 전기자동차 함평군 모델별 보조금,2024,함평군
화물(소형),제이스모빌리티,이티밴 프로 4인승,412,318.0,730.0,2024년도 전기자동차 함평군 모델별 보조금,2024,함평군
화물(소형),오텍,오텍 무시동 전기 냉동탑차(봉고),1118,850.0,1968.0,2024년도 전기자동차 함평군 모델별 보조금,2024,함평군
화물(소형),이엔플러스,이엔1톤롱바디카고,850,656.0,1506.0,2024년도 전기자동차 함평군 모델별 보조금,2024,함평군
화물(소형),이엔플러스,이엔플러스EV1톤롱바디트럭,895,691.0,1586.0,2024년도 전기자동차 함평군 모델별 보조금,2024,함평군
화물(소형),GS글로벌,T4K,462,357.0,819.0,2024년도 전기자동차 함평군 모델별 보조금,2024,함평군
화물(소형),GS글로벌,T4K 냉동탑차,711,549.0,1260.0,2024년도 전기자동차 함평군 모델별 보조금,2024,함평군
화물(소형),에스에스라이트,젤라,336,259.0,595.0,2024년도 전기자동차 함평군 모델별 보조금,2024,함평군
화물(소형),에스에스라이트,젤라 P200,478,369.0,847.0,2024년도 전기자동차 함평군 모델별 보조금,2024,함평군
화물(소형),한국쓰리축,한국쓰리축1톤롱바디EV트럭(봉고),837,646.0,1483.0,2024년도 전기자동차 함평군 모델별 보조금,2024,함평군
화물(소형),한국쓰리축,한국쓰리축1톤롱바디EV트럭(포터),855,660.0,1515.0,2024년도 전기자동차 함평군 모델별 보조금,2024,함평군
화물(소형),모빌리티네트웍스,SE-A2밴,333,257.0,590.0,2024년도 전기자동차 함평군 모델별 보조금,2024,함평군
화물(소형),피닉스코리아,썬라이즈-T01,412,318.0,730.0,2024년도 전기자동차 함평군 모델별 보조금,2024,함평군
화물(소형),케이지모빌리티,토레스 EVX VAN 20인치,392,302.0,694.0,2024년도 전기자동차 함평군 모델별 보조금,2024,함평군
화물(소형),케이지모빌리티,토레스 EVX VAN 18인치,394,304.0,698.0,2024년도 전기자동차 함평군 모델별 보조금,2024,함평군
화물(소형),한국상용트럭,한국상용1톤롱바디EV카고트럭,818,632.0,1450.0,2024년도 전기자동차 함평군 모델별 보조금,2024,함평군
화물(소형),한국상용트럭,한국상용0.9톤롱바디EV내장탑트럭,593,458.0,1051.0,2024년도 전기자동차 함평군 모델별 보조금,2024,함평군
화물(초소형),마스타전기차,MASTA VAN,400,365.0,765.0,2024년도 전기자동차 영광군 모델별 보조금,2024,영광군
화물(초소형),마스타전기차,MASTA HIM,400,365.0,765.0,2024년도 전기자동차 영광군 모델별 보조금,2024,영광군
화물(초소형),디피코,포트로-탑,400,365.0,765.0,2024년도 전기자동차 영광군 모델별 보조금,2024,영광군
화물(초소형),디피코,포트로-픽업,400,365.0,765.0,2024년도 전기자동차 영광군 모델별 보조금,2024,영광군
화물(초소형),디피코,포트로-탑S,400,365.0,765.0,2024년도 전기자동차 영광군 모델별 보조금,2024,영광군
화물(초소형),디피코,포트로-픽업S,400,365.0,765.0,2024년도 전기자동차 영광군 모델별 보조금,2024,영광군
화물(초소형),마이브,베프,400,365.0,765.0,2024년도 전기자동차 영광군 모델별 보조금,2024,영광군
화물(경형),디피코,포트로350L-탑,788,591.0,1379.0,2024년도 전기자동차 영광군 모델별 보조금,2024,영광군
화물(경형),디피코,포트로350L-픽업,788,591.0,1379.0,2024년도 전기자동차 영광군 모델별 보조금,2024,영광군
화물(소형),파워프라자,봉고3ev PEACE,554,377.0,931.0,2024년도 전기자동차 영광군 모델별 보조금,2024,영광군
화물(소형),파워프라자,봉고3ev PEACE 더블캡,481,327.0,808.0,2024년도 전기자동차 영광군 모델별 보조금,2024,영광군
화물(소형),현대자동차,포터Ⅱ 일렉트릭(23MY),1090,715.0,1805.0,2024년도 전기자동차 영광군 모델별 보조금,2024,영광군
화물(소형),현대자동차,포터Ⅱ 일렉트릭(24MY),1090,715.0,1805.0,2024년도 전기자동차 영광군 모델별 보조금,2024,영광군
화물(소형),현대자동차,ST1 기본형 카고 17인치,1100,750.0,1850.0,2024년도 전기자동차 영광군 모델별 보조금,2024,영광군
화물(소형),현대자동차,ST1 기본형 카고 냉동 17인치,1450,750.0,2200.0,2024년도 전기자동차 영광군 모델별 보조금,2024,영광군
화물(소형),현대자동차,ST1 기본형 하이탑 17인치,1100,750.0,1850.0,2024년도 전기자동차 영광군 모델별 보조금,2024,영광군
화물(소형),기아,봉고 전기차,1130,715.0,1845.0,2024년도 전기자동차 영광군 모델별 보조금,2024,영광군
화물(소형),기아,봉고 전기차 냉동탑차,1330,750.0,2080.0,2024년도 전기자동차 영광군 모델별 보조금,2024,영광군
화물(소형),기아,봉고 전기차 저상형 냉동탑차,1330,750.0,2080.0,2024년도 전기자동차 영광군 모델별 보조금,2024,영광군
화물(소형),일진정공,일진무시동전기냉동탑차(149.9km),916,624.0,1540.0,2024년도 전기자동차 영광군 모델별 보조금,2024,영광군
화물(소형),일진정공,일진무시동전기냉동탑차(186.1km),1169,750.0,1919.0,2024년도 전기자동차 영광군 모델별 보조금,2024,영광군
화물(소형),일진정공,일진무시동전기냉동탑차(봉고),1379,750.0,2129.0,2024년도 전기자동차 영광군 모델별 보조금,2024,영광군
화물(소형),일진정공,일진무시동전기냉동탑차(포터),1363,750.0,2113.0,2024년도 전기자동차 영광군 모델별 보조금,2024,영광군
화물(소형),루트17,다니고C(0.8톤 전기트럭),1068,664.0,1732.0,2024년도 전기자동차 영광군 모델별 보조금,2024,영광군
화물(소형),루트17,다니고C2(0.8톤 전기트럭),268,182.0,450.0,2024년도 전기자동차 영광군 모델별 보조금,2024,영광군
화물(소형),루트17,다니고R(전기냉동탑차),1224,750.0,1974.0,2024년도 전기자동차 영광군 모델별 보조금,2024,영광군
화물(소형),루트17,다니고R2(무시동 전기냉동탑차),1123,719.0,1842.0,2024년도 전기자동차 영광군 모델별 보조금,2024,영광군
화물(소형),루트17,e-TOVI,464,316.0,780.0,2024년도 전기자동차 영광군 모델별 보조금,2024,영광군
화물(소형),이브이케이엠씨,MASADA 픽업,295,201.0,496.0,2024년도 전기자동차 영광군 모델별 보조금,2024,영광군
화물(소형),이브이케이엠씨,MASADA 3세대 2밴,274,186.0,460.0,2024년도 전기자동차 영광군 모델별 보조금,2024,영광군
화물(소형),이브이케이엠씨,MASADA 3세대 4밴,246,167.0,413.0,2024년도 전기자동차 영광군 모델별 보조금,2024,영광군
화물(소형),이브이케이엠씨,MASADA 2밴,299,203.0,502.0,2024년도 전기자동차 영광군 모델별 보조금,2024,영광군
화물(소형),이브이케이엠씨,MASADA 4밴,269,183.0,452.0,2024년도 전기자동차 영광군 모델별 보조금,2024,영광군
화물(소형),이브이케이엠씨,EC35 2밴,194,132.0,326.0,2024년도 전기자동차 영광군 모델별 보조금,2024,영광군
화물(소형),제이스모빌리티,이티밴,405,276.0,681.0,2024년도 전기자동차 영광군 모델별 보조금,2024,영광군
화물(소형),제이스모빌리티,이티4밴,364,248.0,612.0,2024년도 전기자동차 영광군 모델별 보조금,2024,영광군
화물(소형),제이스모빌리티,이티밴 미니 2인승,412,280.0,692.0,2024년도 전기자동차 영광군 모델별 보조금,2024,영광군
화물(소형),제이스모빌리티,이티밴 미니 4인승,412,280.0,692.0,2024년도 전기자동차 영광군 모델별 보조금,2024,영광군
화물(소형),제이스모빌리티,이티밴 프로 2인승,412,280.0,692.0,2024년도 전기자동차 영광군 모델별 보조금,2024,영광군
화물(소형),제이스모빌리티,이티밴 프로 4인승,412,280.0,692.0,2024년도 전기자동차 영광군 모델별 보조금,2024,영광군
화물(소형),오텍,오텍 무시동 전기 냉동탑차(봉고),1118,750.0,1868.0,2024년도 전기자동차 영광군 모델별 보조금,2024,영광군
화물(소형),이엔플러스,이엔1톤롱바디카고,850,579.0,1429.0,2024년도 전기자동차 영광군 모델별 보조금,2024,영광군
화물(소형),이엔플러스,이엔플러스EV1톤롱바디트럭,895,610.0,1505.0,2024년도 전기자동차 영광군 모델별 보조금,2024,영광군
화물(소형),GS글로벌,T4K,462,315.0,777.0,2024년도 전기자동차 영광군 모델별 보조금,2024,영광군
화물(소형),GS글로벌,T4K 냉동탑차,711,484.0,1195.0,2024년도 전기자동차 영광군 모델별 보조금,2024,영광군
화물(소형),에스에스라이트,젤라,336,229.0,565.0,2024년도 전기자동차 영광군 모델별 보조금,2024,영광군
화물(소형),에스에스라이트,젤라 P200,478,325.0,803.0,2024년도 전기자동차 영광군 모델별 보조금,2024,영광군
화물(소형),한국쓰리축,한국쓰리축1톤롱바디EV트럭(봉고),837,570.0,1407.0,2024년도 전기자동차 영광군 모델별 보조금,2024,영광군
화물(소형),한국쓰리축,한국쓰리축1톤롱바디EV트럭(포터),855,582.0,1437.0,2024년도 전기자동차 영광군 모델별 보조금,2024,영광군
화물(소형),모빌리티네트웍스,SE-A2밴,333,227.0,560.0,2024년도 전기자동차 영광군 모델별 보조금,2024,영광군
화물(소형),피닉스코리아,썬라이즈-T01,412,280.0,692.0,2024년도 전기자동차 영광군 모델별 보조금,2024,영광군
화물(소형),케이지모빌리티,토레스 EVX VAN 20인치,392,267.0,659.0,2024년도 전기자동차 영광군 모델별 보조금,2024,영광군
화물(소형),케이지모빌리티,토레스 EVX VAN 18인치,394,268.0,662.0,2024년도 전기자동차 영광군 모델별 보조금,2024,영광군
화물(소형),한국상용트럭,한국상용1톤롱바디EV카고트럭,818,557.0,1375.0,2024년도 전기자동차 영광군 모델별 보조금,2024,영광군
화물(소형),한국상용트럭,한국상용0.9톤롱바디EV내장탑트럭,593,404.0,997.0,2024년도 전기자동차 영광군 모델별 보조금,2024,영광군
화물(소형),센트로에이케이,E-CV1,282,192.0,474.0,2024년도 전기자동차 영광군 모델별 보조금,2024,영광군
화물(소형),파츠몰에이투지,SW40,412,280.0,692.0,2024년도 전기자동차 영광군 모델별 보조금,2024,영광군
화물(소형),이브이앤솔루션,STEGO-Z,540,368.0,908.0,2024년도 전기자동차 영광군 모델별 보조금,2024,영광군
화물(초소형),마스타전기차,MASTA VAN,400,190.0,590.0,2024년도 전기자동차 장성군 모델별 보조금,2024,장성군
화물(초소형),마스타전기차,MASTA HIM,400,190.0,590.0,2024년도 전기자동차 장성군 모델별 보조금,2024,장성군
화물(초소형),디피코,포트로-탑,400,190.0,590.0,2024년도 전기자동차 장성군 모델별 보조금,2024,장성군
화물(초소형),디피코,포트로-픽업,400,190.0,590.0,2024년도 전기자동차 장성군 모델별 보조금,2024,장성군
화물(초소형),디피코,포트로-탑S,400,190.0,590.0,2024년도 전기자동차 장성군 모델별 보조금,2024,장성군
화물(초소형),디피코,포트로-픽업S,400,190.0,590.0,2024년도 전기자동차 장성군 모델별 보조금,2024,장성군
화물(경형),디피코,포트로350L-탑,788,492.0,1280.0,2024년도 전기자동차 장성군 모델별 보조금,2024,장성군
화물(경형),디피코,포트로350L-픽업,788,492.0,1280.0,2024년도 전기자동차 장성군 모델별 보조금,2024,장성군
화물(소형),파워프라자,봉고3ev PEACE,554,251.0,805.0,2024년도 전기자동차 장성군 모델별 보조금,2024,장성군
화물(소형),파워프라자,봉고3ev PEACE 더블캡,481,218.0,699.0,2024년도 전기자동차 장성군 모델별 보조금,2024,장성군
화물(소형),현대자동차,포터Ⅱ 일렉트릭(23MY),1090,477.0,1567.0,2024년도 전기자동차 장성군 모델별 보조금,2024,장성군
화물(소형),현대자동차,포터Ⅱ 일렉트릭(24MY),1090,477.0,1567.0,2024년도 전기자동차 장성군 모델별 보조금,2024,장성군
화물(소형),현대자동차,ST1 기본형 카고 17인치,1100,500.0,1600.0,2024년도 전기자동차 장성군 모델별 보조금,2024,장성군
화물(소형),현대자동차,ST1 기본형 카고 냉동 17인치,1450,500.0,1950.0,2024년도 전기자동차 장성군 모델별 보조금,2024,장성군
화물(소형),기아,봉고 전기차,1130,477.0,1607.0,2024년도 전기자동차 장성군 모델별 보조금,2024,장성군
화물(소형),기아,봉고 전기차 냉동탑차,1330,500.0,1830.0,2024년도 전기자동차 장성군 모델별 보조금,2024,장성군
화물(소형),기아,봉고 전기차 저상형 냉동탑차,1330,500.0,1830.0,2024년도 전기자동차 장성군 모델별 보조금,2024,장성군
화물(소형),일진정공,일진무시동전기냉동탑차(149.9km),916,416.0,1332.0,2024년도 전기자동차 장성군 모델별 보조금,2024,장성군
화물(소형),일진정공,일진무시동전기냉동탑차(186.1km),1169,500.0,1669.0,2024년도 전기자동차 장성군 모델별 보조금,2024,장성군
화물(소형),일진정공,일진무시동전기냉동탑차(봉고),1379,500.0,1879.0,2024년도 전기자동차 장성군 모델별 보조금,2024,장성군
화물(소형),일진정공,일진무시동전기냉동탑차(포터),1363,500.0,1863.0,2024년도 전기자동차 장성군 모델별 보조금,2024,장성군
화물(소형),루트17,다니고C(0.8톤 전기트럭),1068,443.0,1511.0,2024년도 전기자동차 장성군 모델별 보조금,2024,장성군
화물(소형),루트17,다니고C2(0.8톤 전기트럭),268,121.0,389.0,2024년도 전기자동차 장성군 모델별 보조금,2024,장성군
화물(소형),루트17,다니고R(전기냉동탑차),1224,500.0,1724.0,2024년도 전기자동차 장성군 모델별 보조금,2024,장성군
화물(소형),루트17,다니고R2(무시동 전기냉동탑차),1123,479.0,1602.0,2024년도 전기자동차 장성군 모델별 보조금,2024,장성군
화물(소형),루트17,e-TOVI,464,210.0,674.0,2024년도 전기자동차 장성군 모델별 보조금,2024,장성군
화물(소형),이브이케이엠씨,MASADA 픽업,295,134.0,429.0,2024년도 전기자동차 장성군 모델별 보조금,2024,장성군
화물(소형),이브이케이엠씨,MASADA 3세대 2밴,274,124.0,398.0,2024년도 전기자동차 장성군 모델별 보조금,2024,장성군
화물(소형),이브이케이엠씨,MASADA 3세대 4밴,246,111.0,357.0,2024년도 전기자동차 장성군 모델별 보조금,2024,장성군
화물(소형),이브이케이엠씨,MASADA 2밴,299,135.0,434.0,2024년도 전기자동차 장성군 모델별 보조금,2024,장성군
화물(소형),이브이케이엠씨,MASADA 4밴,269,122.0,391.0,2024년도 전기자동차 장성군 모델별 보조금,2024,장성군
화물(소형),이브이케이엠씨,EC35 2밴,194,88.0,282.0,2024년도 전기자동차 장성군 모델별 보조금,2024,장성군
화물(소형),제이스모빌리티,이티밴,405,184.0,589.0,2024년도 전기자동차 장성군 모델별 보조금,2024,장성군
화물(소형),제이스모빌리티,이티4밴,364,165.0,529.0,2024년도 전기자동차 장성군 모델별 보조금,2024,장성군
화물(소형),제이스모빌리티,이티밴 미니 2인승,412,187.0,599.0,2024년도 전기자동차 장성군 모델별 보조금,2024,장성군
화물(소형),제이스모빌리티,이티밴 미니 4인승,412,187.0,599.0,2024년도 전기자동차 장성군 모델별 보조금,2024,장성군
화물(소형),제이스모빌리티,이티밴 프로 2인승,412,187.0,599.0,2024년도 전기자동차 장성군 모델별 보조금,2024,장성군
화물(소형),제이스모빌리티,이티밴 프로 4인승,412,187.0,599.0,2024년도 전기자동차 장성군 모델별 보조금,2024,장성군
화물(소형),오텍,오텍 무시동 전기 냉동탑차(봉고),1118,500.0,1618.0,2024년도 전기자동차 장성군 모델별 보조금,2024,장성군
화물(소형),이엔플러스,이엔1톤롱바디카고,850,386.0,1236.0,2024년도 전기자동차 장성군 모델별 보조금,2024,장성군
화물(소형),이엔플러스,이엔플러스EV1톤롱바디트럭,895,406.0,1301.0,2024년도 전기자동차 장성군 모델별 보조금,2024,장성군
화물(소형),GS글로벌,T4K,462,210.0,672.0,2024년도 전기자동차 장성군 모델별 보조금,2024,장성군
화물(소형),GS글로벌,T4K 냉동탑차,711,323.0,1034.0,2024년도 전기자동차 장성군 모델별 보조금,2024,장성군
화물(소형),에스에스라이트,젤라,336,152.0,488.0,2024년도 전기자동차 장성군 모델별 보조금,2024,장성군
화물(소형),에스에스라이트,젤라 P200,478,217.0,695.0,2024년도 전기자동차 장성군 모델별 보조금,2024,장성군
화물(소형),한국쓰리축,한국쓰리축1톤롱바디EV트럭(봉고),837,380.0,1217.0,2024년도 전기자동차 장성군 모델별 보조금,2024,장성군
화물(소형),한국쓰리축,한국쓰리축1톤롱바디EV트럭(포터),855,388.0,1243.0,2024년도 전기자동차 장성군 모델별 보조금,2024,장성군
화물(소형),모빌리티네트웍스,SE-A2밴,333,151.0,484.0,2024년도 전기자동차 장성군 모델별 보조금,2024,장성군
화물(소형),피닉스코리아,썬라이즈-T01,412,187.0,599.0,2024년도 전기자동차 장성군 모델별 보조금,2024,장성군
화물(소형),케이지모빌리티,토레스 EVX VAN 20인치,392,178.0,570.0,2024년도 전기자동차 장성군 모델별 보조금,2024,장성군
화물(소형),케이지모빌리티,토레스 EVX VAN 18인치,394,179.0,573.0,2024년도 전기자동차 장성군 모델별 보조금,2024,장성군
화물(소형),한국상용트럭,한국상용1톤롱바디EV카고트럭,818,371.0,1189.0,2024년도 전기자동차 장성군 모델별 보조금,2024,장성군
화물(소형),한국상용트럭,한국상용0.9톤롱바디EV내장탑트럭,593,269.0,862.0,2024년도 전기자동차 장성군 모델별 보조금,2024,장성군
화물(초소형),마스타전기차,MASTA VAN,400,236.0,636.0,2024년도 전기자동차 완도군 모델별 보조금,2024,완도군
화물(초소형),마스타전기차,MASTA HIM,400,236.0,636.0,2024년도 전기자동차 완도군 모델별 보조금,2024,완도군
화물(초소형),디피코,포트로-탑,400,236.0,636.0,2024년도 전기자동차 완도군 모델별 보조금,2024,완도군
화물(초소형),디피코,포트로-픽업,400,236.0,636.0,2024년도 전기자동차 완도군 모델별 보조금,2024,완도군
화물(초소형),디피코,포트로-탑S,400,236.0,636.0,2024년도 전기자동차 완도군 모델별 보조금,2024,완도군
화물(초소형),디피코,포트로-픽업S,400,236.0,636.0,2024년도 전기자동차 완도군 모델별 보조금,2024,완도군
화물(경형),디피코,포트로350L-탑,788,465.0,1253.0,2024년도 전기자동차 완도군 모델별 보조금,2024,완도군
화물(경형),디피코,포트로350L-픽업,788,465.0,1253.0,2024년도 전기자동차 완도군 모델별 보조금,2024,완도군
화물(소형),파워프라자,봉고3ev PEACE,554,327.0,881.0,2024년도 전기자동차 완도군 모델별 보조금,2024,완도군
화물(소형),파워프라자,봉고3ev PEACE 더블캡,481,284.0,765.0,2024년도 전기자동차 완도군 모델별 보조금,2024,완도군
화물(소형),현대자동차,포터Ⅱ 일렉트릭(23MY),1090,620.0,1710.0,2024년도 전기자동차 완도군 모델별 보조금,2024,완도군
화물(소형),현대자동차,포터Ⅱ 일렉트릭(24MY),1090,620.0,1710.0,2024년도 전기자동차 완도군 모델별 보조금,2024,완도군
화물(소형),현대자동차,ST1 기본형 카고 17인치,1100,650.0,1750.0,2024년도 전기자동차 완도군 모델별 보조금,2024,완도군
화물(소형),현대자동차,ST1 기본형 카고 냉동 17인치,1450,650.0,2100.0,2024년도 전기자동차 완도군 모델별 보조금,2024,완도군
화물(소형),기아,봉고 전기차,1130,620.0,1750.0,2024년도 전기자동차 완도군 모델별 보조금,2024,완도군
화물(소형),기아,봉고 전기차 냉동탑차,1330,650.0,1980.0,2024년도 전기자동차 완도군 모델별 보조금,2024,완도군
화물(소형),기아,봉고 전기차 저상형 냉동탑차,1330,650.0,1980.0,2024년도 전기자동차 완도군 모델별 보조금,2024,완도군
화물(소형),일진정공,일진무시동전기냉동탑차(149.9km),916,541.0,1457.0,2024년도 전기자동차 완도군 모델별 보조금,2024,완도군
화물(소형),일진정공,일진무시동전기냉동탑차(186.1km),1169,650.0,1819.0,2024년도 전기자동차 완도군 모델별 보조금,2024,완도군
화물(소형),일진정공,일진무시동전기냉동탑차(봉고),1379,650.0,2029.0,2024년도 전기자동차 완도군 모델별 보조금,2024,완도군
화물(소형),일진정공,일진무시동전기냉동탑차(포터),1363,650.0,2013.0,2024년도 전기자동차 완도군 모델별 보조금,2024,완도군
화물(소형),루트17,다니고C(0.8톤 전기트럭),1068,576.0,1644.0,2024년도 전기자동차 완도군 모델별 보조금,2024,완도군
화물(소형),루트17,다니고C2(0.8톤 전기트럭),268,158.0,426.0,2024년도 전기자동차 완도군 모델별 보조금,2024,완도군
화물(소형),루트17,다니고R(전기냉동탑차),1224,650.0,1874.0,2024년도 전기자동차 완도군 모델별 보조금,2024,완도군
화물(소형),루트17,다니고R2(무시동 전기냉동탑차),1123,623.0,1746.0,2024년도 전기자동차 완도군 모델별 보조금,2024,완도군
화물(소형),이브이케이엠씨,MASADA 픽업,295,174.0,469.0,2024년도 전기자동차 완도군 모델별 보조금,2024,완도군
화물(소형),이브이케이엠씨,MASADA 3세대 2밴,274,161.0,435.0,2024년도 전기자동차 완도군 모델별 보조금,2024,완도군
화물(소형),이브이케이엠씨,MASADA 3세대 4밴,246,145.0,391.0,2024년도 전기자동차 완도군 모델별 보조금,2024,완도군
화물(소형),이브이케이엠씨,MASADA 2밴,299,176.0,475.0,2024년도 전기자동차 완도군 모델별 보조금,2024,완도군
화물(소형),이브이케이엠씨,MASADA 4밴,269,158.0,427.0,2024년도 전기자동차 완도군 모델별 보조금,2024,완도군
화물(소형),이브이케이엠씨,EC35 2밴,194,114.0,308.0,2024년도 전기자동차 완도군 모델별 보조금,2024,완도군
화물(소형),제이스모빌리티,이티밴,405,239.0,644.0,2024년도 전기자동차 완도군 모델별 보조금,2024,완도군
화물(소형),제이스모빌리티,이티4밴,364,215.0,579.0,2024년도 전기자동차 완도군 모델별 보조금,2024,완도군
화물(소형),제이스모빌리티,이티밴 미니 2인승,412,243.0,655.0,2024년도 전기자동차 완도군 모델별 보조금,2024,완도군
화물(소형),제이스모빌리티,이티밴 미니 4인승,412,243.0,655.0,2024년도 전기자동차 완도군 모델별 보조금,2024,완도군
화물(소형),제이스모빌리티,이티밴 프로 2인승,412,243.0,655.0,2024년도 전기자동차 완도군 모델별 보조금,2024,완도군
화물(소형),제이스모빌리티,이티밴 프로 4인승,412,243.0,655.0,2024년도 전기자동차 완도군 모델별 보조금,2024,완도군
화물(소형),오텍,오텍 무시동 전기 냉동탑차(봉고),1118,650.0,1768.0,2024년도 전기자동차 완도군 모델별 보조금,2024,완도군
화물(소형),이엔플러스,이엔1톤롱바디카고,850,502.0,1352.0,2024년도 전기자동차 완도군 모델별 보조금,2024,완도군
화물(소형),이엔플러스,이엔플러스EV1톤롱바디트럭,895,528.0,1423.0,2024년도 전기자동차 완도군 모델별 보조금,2024,완도군
화물(소형),GS글로벌,T4K,462,273.0,735.0,2024년도 전기자동차 완도군 모델별 보조금,2024,완도군
화물(소형),GS글로벌,T4K 냉동탑차,711,420.0,1131.0,2024년도 전기자동차 완도군 모델별 보조금,2024,완도군
화물(소형),에스에스라이트,젤라,336,198.0,534.0,2024년도 전기자동차 완도군 모델별 보조금,2024,완도군
화물(소형),에스에스라이트,젤라 P200,478,282.0,760.0,2024년도 전기자동차 완도군 모델별 보조금,2024,완도군
화물(소형),한국쓰리축,한국쓰리축1톤롱바디EV트럭(봉고),837,494.0,1331.0,2024년도 전기자동차 완도군 모델별 보조금,2024,완도군
화물(소형),한국쓰리축,한국쓰리축1톤롱바디EV트럭(포터),855,505.0,1360.0,2024년도 전기자동차 완도군 모델별 보조금,2024,완도군
화물(소형),모빌리티네트웍스,SE-A2밴,333,196.0,529.0,2024년도 전기자동차 완도군 모델별 보조금,2024,완도군
화물(소형),피닉스코리아,썬라이즈-T01,412,243.0,655.0,2024년도 전기자동차 완도군 모델별 보조금,2024,완도군
화물(소형),케이지모빌리티,토레스 EVX VAN 20인치,392,231.0,623.0,2024년도 전기자동차 완도군 모델별 보조금,2024,완도군
화물(소형),케이지모빌리티,토레스 EVX VAN 18인치,394,232.0,626.0,2024년도 전기자동차 완도군 모델별 보조금,2024,완도군
화물(소형),한국상용트럭,한국상용1톤롱바디EV카고트럭,818,483.0,1301.0,2024년도 전기자동차 완도군 모델별 보조금,2024,완도군
화물(소형),한국상용트럭,한국상용0.9톤롱바디EV내장탑트럭,593,350.0,943.0,2024년도 전기자동차 완도군 모델별 보조금,2024,완도군
화물(초소형),마스타전기차,MASTA VAN,400,325.0,725.0,2024년도 전기자동차 진도군 모델별 보조금,2024,진도군
화물(초소형),마스타전기차,MASTA HIM,400,325.0,725.0,2024년도 전기자동차 진도군 모델별 보조금,2024,진도군
화물(초소형),디피코,포트로-탑,400,325.0,725.0,2024년도 전기자동차 진도군 모델별 보조금,2024,진도군
화물(초소형),디피코,포트로-픽업,400,325.0,725.0,2024년도 전기자동차 진도군 모델별 보조금,2024,진도군
화물(초소형),디피코,포트로-탑S,400,325.0,725.0,2024년도 전기자동차 진도군 모델별 보조금,2024,진도군
화물(초소형),디피코,포트로-픽업S,400,325.0,725.0,2024년도 전기자동차 진도군 모델별 보조금,2024,진도군
화물(경형),디피코,포트로350L-탑,788,738.0,1526.0,2024년도 전기자동차 진도군 모델별 보조금,2024,진도군
화물(경형),디피코,포트로350L-픽업,788,738.0,1526.0,2024년도 전기자동차 진도군 모델별 보조금,2024,진도군
화물(소형),파워프라자,봉고3ev PEACE,554,377.0,931.0,2024년도 전기자동차 진도군 모델별 보조금,2024,진도군
화물(소형),파워프라자,봉고3ev PEACE 더블캡,481,327.0,808.0,2024년도 전기자동차 진도군 모델별 보조금,2024,진도군
화물(소형),현대자동차,포터Ⅱ 일렉트릭(23MY),1090,715.0,1805.0,2024년도 전기자동차 진도군 모델별 보조금,2024,진도군
화물(소형),현대자동차,포터Ⅱ 일렉트릭(24MY),1090,715.0,1805.0,2024년도 전기자동차 진도군 모델별 보조금,2024,진도군
화물(소형),현대자동차,ST1 기본형 카고 17인치,1100,750.0,1850.0,2024년도 전기자동차 진도군 모델별 보조금,2024,진도군
화물(소형),현대자동차,ST1 기본형 카고 냉동 17인치,1450,750.0,2200.0,2024년도 전기자동차 진도군 모델별 보조금,2024,진도군
화물(소형),기아,봉고 전기차,1130,715.0,1845.0,2024년도 전기자동차 진도군 모델별 보조금,2024,진도군
화물(소형),기아,봉고 전기차 냉동탑차,1330,750.0,2080.0,2024년도 전기자동차 진도군 모델별 보조금,2024,진도군
화물(소형),기아,봉고 전기차 저상형 냉동탑차,1330,750.0,2080.0,2024년도 전기자동차 진도군 모델별 보조금,2024,진도군
화물(소형),일진정공,일진무시동전기냉동탑차(149.9km),916,624.0,1540.0,2024년도 전기자동차 진도군 모델별 보조금,2024,진도군
화물(소형),일진정공,일진무시동전기냉동탑차(186.1km),1169,750.0,1919.0,2024년도 전기자동차 진도군 모델별 보조금,2024,진도군
화물(소형),일진정공,일진무시동전기냉동탑차(봉고),1379,750.0,2129.0,2024년도 전기자동차 진도군 모델별 보조금,2024,진도군
화물(소형),일진정공,일진무시동전기냉동탑차(포터),1363,750.0,2113.0,2024년도 전기자동차 진도군 모델별 보조금,2024,진도군
화물(소형),루트17,다니고C(0.8톤 전기트럭),1068,664.0,1732.0,2024년도 전기자동차 진도군 모델별 보조금,2024,진도군
화물(소형),루트17,다니고C2(0.8톤 전기트럭),268,182.0,450.0,2024년도 전기자동차 진도군 모델별 보조금,2024,진도군
화물(소형),루트17,다니고R(전기냉동탑차),1224,750.0,1974.0,2024년도 전기자동차 진도군 모델별 보조금,2024,진도군
화물(소형),루트17,다니고R2(무시동 전기냉동탑차),1123,719.0,1842.0,2024년도 전기자동차 진도군 모델별 보조금,2024,진도군
화물(소형),루트17,e-TOVI,464,316.0,780.0,2024년도 전기자동차 진도군 모델별 보조금,2024,진도군
화물(소형),이브이케이엠씨,MASADA 픽업,295,201.0,496.0,2024년도 전기자동차 진도군 모델별 보조금,2024,진도군
화물(소형),이브이케이엠씨,MASADA 3세대 2밴,274,186.0,460.0,2024년도 전기자동차 진도군 모델별 보조금,2024,진도군
화물(소형),이브이케이엠씨,MASADA 3세대 4밴,246,167.0,413.0,2024년도 전기자동차 진도군 모델별 보조금,2024,진도군
화물(소형),이브이케이엠씨,MASADA 2밴,299,203.0,502.0,2024년도 전기자동차 진도군 모델별 보조금,2024,진도군
화물(소형),이브이케이엠씨,MASADA 4밴,269,183.0,452.0,2024년도 전기자동차 진도군 모델별 보조금,2024,진도군
화물(소형),이브이케이엠씨,EC35 2밴,194,132.0,326.0,2024년도 전기자동차 진도군 모델별 보조금,2024,진도군
화물(소형),제이스모빌리티,이티밴,405,276.0,681.0,2024년도 전기자동차 진도군 모델별 보조금,2024,진도군
화물(소형),제이스모빌리티,이티4밴,364,248.0,612.0,2024년도 전기자동차 진도군 모델별 보조금,2024,진도군
화물(소형),제이스모빌리티,이티밴 미니 2인승,412,280.0,692.0,2024년도 전기자동차 진도군 모델별 보조금,2024,진도군
화물(소형),제이스모빌리티,이티밴 미니 4인승,412,280.0,692.0,2024년도 전기자동차 진도군 모델별 보조금,2024,진도군
화물(소형),제이스모빌리티,이티밴 프로 2인승,412,280.0,692.0,2024년도 전기자동차 진도군 모델별 보조금,2024,진도군
화물(소형),제이스모빌리티,이티밴 프로 4인승,412,280.0,692.0,2024년도 전기자동차 진도군 모델별 보조금,2024,진도군
화물(소형),오텍,오텍 무시동 전기 냉동탑차(봉고),1118,750.0,1868.0,2024년도 전기자동차 진도군 모델별 보조금,2024,진도군
화물(소형),이엔플러스,이엔1톤롱바디카고,850,579.0,1429.0,2024년도 전기자동차 진도군 모델별 보조금,2024,진도군
화물(소형),이엔플러스,이엔플러스EV1톤롱바디트럭,895,610.0,1505.0,2024년도 전기자동차 진도군 모델별 보조금,2024,진도군
화물(소형),GS글로벌,T4K,462,315.0,777.0,2024년도 전기자동차 진도군 모델별 보조금,2024,진도군
화물(소형),GS글로벌,T4K 냉동탑차,711,484.0,1195.0,2024년도 전기자동차 진도군 모델별 보조금,2024,진도군
화물(소형),에스에스라이트,젤라,336,229.0,565.0,2024년도 전기자동차 진도군 모델별 보조금,2024,진도군
화물(소형),에스에스라이트,젤라 P200,478,325.0,803.0,2024년도 전기자동차 진도군 모델별 보조금,2024,진도군
화물(소형),한국쓰리축,한국쓰리축1톤롱바디EV트럭(봉고),837,570.0,1407.0,2024년도 전기자동차 진도군 모델별 보조금,2024,진도군
화물(소형),한국쓰리축,한국쓰리축1톤롱바디EV트럭(포터),855,582.0,1437.0,2024년도 전기자동차 진도군 모델별 보조금,2024,진도군
화물(소형),모빌리티네트웍스,SE-A2밴,333,227.0,560.0,2024년도 전기자동차 진도군 모델별 보조금,2024,진도군
화물(소형),피닉스코리아,썬라이즈-T01,412,280.0,692.0,2024년도 전기자동차 진도군 모델별 보조금,2024,진도군
화물(소형),케이지모빌리티,토레스 EVX VAN 20인치,392,267.0,659.0,2024년도 전기자동차 진도군 모델별 보조금,2024,진도군
화물(소형),케이지모빌리티,토레스 EVX VAN 18인치,394,268.0,662.0,2024년도 전기자동차 진도군 모델별 보조금,2024,진도군
화물(소형),한국상용트럭,한국상용1톤롱바디EV카고트럭,818,557.0,1375.0,2024년도 전기자동차 진도군 모델별 보조금,2024,진도군
화물(소형),한국상용트럭,한국상용0.9톤롱바디EV내장탑트럭,593,404.0,997.0,2024년도 전기자동차 진도군 모델별 보조금,2024,진도군
화물(초소형),마스타전기차,MASTA VAN,400,365.0,765.0,2024년도 전기자동차 신안군 모델별 보조금,2024,신안군
화물(초소형),마스타전기차,MASTA HIM,400,365.0,765.0,2024년도 전기자동차 신안군 모델별 보조금,2024,신안군
화물(초소형),디피코,포트로-탑,400,365.0,765.0,2024년도 전기자동차 신안군 모델별 보조금,2024,신안군
화물(초소형),디피코,포트로-픽업,400,365.0,765.0,2024년도 전기자동차 신안군 모델별 보조금,2024,신안군
화물(초소형),디피코,포트로-탑S,400,365.0,765.0,2024년도 전기자동차 신안군 모델별 보조금,2024,신안군
화물(초소형),디피코,포트로-픽업S,400,365.0,765.0,2024년도 전기자동차 신안군 모델별 보조금,2024,신안군
화물(초소형),마이브,베프,400,365.0,765.0,2024년도 전기자동차 신안군 모델별 보조금,2024,신안군
화물(경형),디피코,포트로350L-탑,788,591.0,1379.0,2024년도 전기자동차 신안군 모델별 보조금,2024,신안군
화물(경형),디피코,포트로350L-픽업,788,591.0,1379.0,2024년도 전기자동차 신안군 모델별 보조금,2024,신안군
화물(소형),파워프라자,봉고3ev PEACE,554,377.0,931.0,2024년도 전기자동차 신안군 모델별 보조금,2024,신안군
화물(소형),파워프라자,봉고3ev PEACE 더블캡,481,327.0,808.0,2024년도 전기자동차 신안군 모델별 보조금,2024,신안군
화물(소형),현대자동차,포터Ⅱ 일렉트릭(23MY),1090,715.0,1805.0,2024년도 전기자동차 신안군 모델별 보조금,2024,신안군
화물(소형),현대자동차,포터Ⅱ 일렉트릭(24MY),1090,715.0,1805.0,2024년도 전기자동차 신안군 모델별 보조금,2024,신안군
화물(소형),현대자동차,ST1 기본형 카고 17인치,1100,750.0,1850.0,2024년도 전기자동차 신안군 모델별 보조금,2024,신안군
화물(소형),현대자동차,ST1 기본형 카고 냉동 17인치,1450,750.0,2200.0,2024년도 전기자동차 신안군 모델별 보조금,2024,신안군
화물(소형),현대자동차,ST1 기본형 하이탑 17인치,1100,750.0,1850.0,2024년도 전기자동차 신안군 모델별 보조금,2024,신안군
화물(소형),기아,봉고 전기차,1130,715.0,1845.0,2024년도 전기자동차 신안군 모델별 보조금,2024,신안군
화물(소형),기아,봉고 전기차 냉동탑차,1330,750.0,2080.0,2024년도 전기자동차 신안군 모델별 보조금,2024,신안군
화물(소형),기아,봉고 전기차 저상형 냉동탑차,1330,750.0,2080.0,2024년도 전기자동차 신안군 모델별 보조금,2024,신안군
화물(소형),일진정공,일진무시동전기냉동탑차(149.9km),916,624.0,1540.0,2024년도 전기자동차 신안군 모델별 보조금,2024,신안군
화물(소형),일진정공,일진무시동전기냉동탑차(186.1km),1169,750.0,1919.0,2024년도 전기자동차 신안군 모델별 보조금,2024,신안군
화물(소형),일진정공,일진무시동전기냉동탑차(봉고),1379,750.0,2129.0,2024년도 전기자동차 신안군 모델별 보조금,2024,신안군
화물(소형),일진정공,일진무시동전기냉동탑차(포터),1363,750.0,2113.0,2024년도 전기자동차 신안군 모델별 보조금,2024,신안군
화물(소형),루트17,다니고C(0.8톤 전기트럭),1068,664.0,1732.0,2024년도 전기자동차 신안군 모델별 보조금,2024,신안군
화물(소형),루트17,다니고C2(0.8톤 전기트럭),268,182.0,450.0,2024년도 전기자동차 신안군 모델별 보조금,2024,신안군
화물(소형),루트17,다니고R(전기냉동탑차),1224,750.0,1974.0,2024년도 전기자동차 신안군 모델별 보조금,2024,신안군
화물(소형),루트17,다니고R2(무시동 전기냉동탑차),1123,719.0,1842.0,2024년도 전기자동차 신안군 모델별 보조금,2024,신안군
화물(소형),루트17,e-TOVI,464,316.0,780.0,2024년도 전기자동차 신안군 모델별 보조금,2024,신안군
화물(소형),이브이케이엠씨,MASADA 픽업,295,201.0,496.0,2024년도 전기자동차 신안군 모델별 보조금,2024,신안군
화물(소형),이브이케이엠씨,MASADA 3세대 2밴,274,186.0,460.0,2024년도 전기자동차 신안군 모델별 보조금,2024,신안군
화물(소형),이브이케이엠씨,MASADA 3세대 4밴,246,167.0,413.0,2024년도 전기자동차 신안군 모델별 보조금,2024,신안군
화물(소형),이브이케이엠씨,MASADA 2밴,299,203.0,502.0,2024년도 전기자동차 신안군 모델별 보조금,2024,신안군
화물(소형),이브이케이엠씨,MASADA 4밴,269,183.0,452.0,2024년도 전기자동차 신안군 모델별 보조금,2024,신안군
화물(소형),이브이케이엠씨,EC35 2밴,194,132.0,326.0,2024년도 전기자동차 신안군 모델별 보조금,2024,신안군
화물(소형),제이스모빌리티,이티밴,405,276.0,681.0,2024년도 전기자동차 신안군 모델별 보조금,2024,신안군
화물(소형),제이스모빌리티,이티4밴,364,248.0,612.0,2024년도 전기자동차 신안군 모델별 보조금,2024,신안군
화물(소형),제이스모빌리티,이티밴 미니 2인승,412,280.0,692.0,2024년도 전기자동차 신안군 모델별 보조금,2024,신안군
화물(소형),제이스모빌리티,이티밴 미니 4인승,412,280.0,692.0,2024년도 전기자동차 신안군 모델별 보조금,2024,신안군
화물(소형),제이스모빌리티,이티밴 프로 2인승,412,280.0,692.0,2024년도 전기자동차 신안군 모델별 보조금,2024,신안군
화물(소형),제이스모빌리티,이티밴 프로 4인승,412,280.0,692.0,2024년도 전기자동차 신안군 모델별 보조금,2024,신안군
화물(소형),오텍,오텍 무시동 전기 냉동탑차(봉고),1118,750.0,1868.0,2024년도 전기자동차 신안군 모델별 보조금,2024,신안군
화물(소형),이엔플러스,이엔1톤롱바디카고,850,579.0,1429.0,2024년도 전기자동차 신안군 모델별 보조금,2024,신안군
화물(소형),이엔플러스,이엔플러스EV1톤롱바디트럭,895,610.0,1505.0,2024년도 전기자동차 신안군 모델별 보조금,2024,신안군
화물(소형),GS글로벌,T4K,462,315.0,777.0,2024년도 전기자동차 신안군 모델별 보조금,2024,신안군
화물(소형),GS글로벌,T4K 냉동탑차,711,484.0,1195.0,2024년도 전기자동차 신안군 모델별 보조금,2024,신안군
화물(소형),에스에스라이트,젤라,336,229.0,565.0,2024년도 전기자동차 신안군 모델별 보조금,2024,신안군
화물(소형),에스에스라이트,젤라 P200,478,325.0,803.0,2024년도 전기자동차 신안군 모델별 보조금,2024,신안군
화물(소형),한국쓰리축,한국쓰리축1톤롱바디EV트럭(봉고),837,570.0,1407.0,2024년도 전기자동차 신안군 모델별 보조금,2024,신안군
화물(소형),한국쓰리축,한국쓰리축1톤롱바디EV트럭(포터),855,582.0,1437.0,2024년도 전기자동차 신안군 모델별 보조금,2024,신안군
화물(소형),모빌리티네트웍스,SE-A2밴,333,227.0,560.0,2024년도 전기자동차 신안군 모델별 보조금,2024,신안군
화물(소형),피닉스코리아,썬라이즈-T01,412,280.0,692.0,2024년도 전기자동차 신안군 모델별 보조금,2024,신안군
화물(소형),케이지모빌리티,토레스 EVX VAN 20인치,392,267.0,659.0,2024년도 전기자동차 신안군 모델별 보조금,2024,신안군
화물(소형),케이지모빌리티,토레스 EVX VAN 18인치,394,268.0,662.0,2024년도 전기자동차 신안군 모델별 보조금,2024,신안군
화물(소형),한국상용트럭,한국상용1톤롱바디EV카고트럭,818,557.0,1375.0,2024년도 전기자동차 신안군 모델별 보조금,2024,신안군
화물(소형),한국상용트럭,한국상용0.9톤롱바디EV내장탑트럭,593,404.0,997.0,2024년도 전기자동차 신안군 모델별 보조금,2024,신안군
화물(소형),센트로에이케이,E-CV1,282,192.0,474.0,2024년도 전기자동차 신안군 모델별 보조금,2024,신안군
화물(소형),파츠몰에이투지,SW40,412,280.0,692.0,2024년도 전기자동차 신안군 모델별 보조금,2024,신안군
화물(소형),이브이앤솔루션,STEGO-Z,540,368.0,908.0,2024년도 전기자동차 신안군 모델별 보조금,2024,신안군
화물(초소형),마스타전기차,MASTA VAN,400,218.0,618.0,2024년도 전기자동차 포항시 모델별 보조금,2024,포항시
화물(초소형),마스타전기차,MASTA HIM,400,218.0,618.0,2024년도 전기자동차 포항시 모델별 보조금,2024,포항시
화물(초소형),디피코,포트로-탑,400,218.0,618.0,2024년도 전기자동차 포항시 모델별 보조금,2024,포항시
화물(초소형),디피코,포트로-픽업,400,218.0,618.0,2024년도 전기자동차 포항시 모델별 보조금,2024,포항시
화물(초소형),디피코,포트로-탑S,400,218.0,618.0,2024년도 전기자동차 포항시 모델별 보조금,2024,포항시
화물(초소형),디피코,포트로-픽업S,400,218.0,618.0,2024년도 전기자동차 포항시 모델별 보조금,2024,포항시
화물(경형),디피코,포트로350L-탑,788,591.0,1379.0,2024년도 전기자동차 포항시 모델별 보조금,2024,포항시
화물(경형),디피코,포트로350L-픽업,788,591.0,1379.0,2024년도 전기자동차 포항시 모델별 보조금,2024,포항시
화물(소형),파워프라자,봉고3ev PEACE,554,302.0,856.0,2024년도 전기자동차 포항시 모델별 보조금,2024,포항시
화물(소형),파워프라자,봉고3ev PEACE 더블캡,481,262.0,743.0,2024년도 전기자동차 포항시 모델별 보조금,2024,포항시
화물(소형),현대자동차,포터Ⅱ 일렉트릭(23MY),1090,572.0,1662.0,2024년도 전기자동차 포항시 모델별 보조금,2024,포항시
화물(소형),현대자동차,포터Ⅱ 일렉트릭(24MY),1090,572.0,1662.0,2024년도 전기자동차 포항시 모델별 보조금,2024,포항시
화물(소형),현대자동차,ST1 기본형 카고 17인치,1100,600.0,1700.0,2024년도 전기자동차 포항시 모델별 보조금,2024,포항시
화물(소형),현대자동차,ST1 기본형 카고 냉동 17인치,1450,790.0,2240.0,2024년도 전기자동차 포항시 모델별 보조금,2024,포항시
화물(소형),기아,봉고 전기차,1130,572.0,1702.0,2024년도 전기자동차 포항시 모델별 보조금,2024,포항시
화물(소형),기아,봉고 전기차 냉동탑차,1330,687.0,2017.0,2024년도 전기자동차 포항시 모델별 보조금,2024,포항시
화물(소형),기아,봉고 전기차 저상형 냉동탑차,1330,687.0,2017.0,2024년도 전기자동차 포항시 모델별 보조금,2024,포항시
화물(소형),일진정공,일진무시동전기냉동탑차(149.9km),916,499.0,1415.0,2024년도 전기자동차 포항시 모델별 보조금,2024,포항시
화물(소형),일진정공,일진무시동전기냉동탑차(186.1km),1169,637.0,1806.0,2024년도 전기자동차 포항시 모델별 보조금,2024,포항시
화물(소형),일진정공,일진무시동전기냉동탑차(봉고),1379,712.0,2091.0,2024년도 전기자동차 포항시 모델별 보조금,2024,포항시
화물(소형),일진정공,일진무시동전기냉동탑차(포터),1363,704.0,2067.0,2024년도 전기자동차 포항시 모델별 보조금,2024,포항시
화물(소형),루트17,다니고C(0.8톤 전기트럭),1068,531.0,1599.0,2024년도 전기자동차 포항시 모델별 보조금,2024,포항시
화물(소형),루트17,다니고C2(0.8톤 전기트럭),268,146.0,414.0,2024년도 전기자동차 포항시 모델별 보조금,2024,포항시
화물(소형),루트17,다니고R(전기냉동탑차),1224,625.0,1849.0,2024년도 전기자동차 포항시 모델별 보조금,2024,포항시
화물(소형),루트17,다니고R2(무시동 전기냉동탑차),1123,575.0,1698.0,2024년도 전기자동차 포항시 모델별 보조금,2024,포항시
화물(소형),루트17,e-TOVI,464,253.0,717.0,2024년도 전기자동차 포항시 모델별 보조금,2024,포항시
화물(소형),이브이케이엠씨,MASADA 픽업,295,160.0,455.0,2024년도 전기자동차 포항시 모델별 보조금,2024,포항시
화물(소형),이브이케이엠씨,MASADA 3세대 2밴,274,149.0,423.0,2024년도 전기자동차 포항시 모델별 보조금,2024,포항시
화물(소형),이브이케이엠씨,MASADA 3세대 4밴,246,134.0,380.0,2024년도 전기자동차 포항시 모델별 보조금,2024,포항시
화물(소형),이브이케이엠씨,MASADA 2밴,299,163.0,462.0,2024년도 전기자동차 포항시 모델별 보조금,2024,포항시
화물(소형),이브이케이엠씨,MASADA 4밴,269,146.0,415.0,2024년도 전기자동차 포항시 모델별 보조금,2024,포항시
화물(소형),이브이케이엠씨,EC35 2밴,194,105.0,299.0,2024년도 전기자동차 포항시 모델별 보조금,2024,포항시
화물(소형),제이스모빌리티,이티밴,405,220.0,625.0,2024년도 전기자동차 포항시 모델별 보조금,2024,포항시
화물(소형),제이스모빌리티,이티4밴,364,198.0,562.0,2024년도 전기자동차 포항시 모델별 보조금,2024,포항시
화물(소형),제이스모빌리티,이티밴 미니 2인승,412,224.0,636.0,2024년도 전기자동차 포항시 모델별 보조금,2024,포항시
화물(소형),제이스모빌리티,이티밴 미니 4인승,412,224.0,636.0,2024년도 전기자동차 포항시 모델별 보조금,2024,포항시
화물(소형),제이스모빌리티,이티밴 프로 2인승,412,224.0,636.0,2024년도 전기자동차 포항시 모델별 보조금,2024,포항시
화물(소형),제이스모빌리티,이티밴 프로 4인승,412,224.0,636.0,2024년도 전기자동차 포항시 모델별 보조금,2024,포항시
화물(소형),오텍,오텍 무시동 전기 냉동탑차(봉고),1118,609.0,1727.0,2024년도 전기자동차 포항시 모델별 보조금,2024,포항시
화물(소형),이엔플러스,이엔1톤롱바디카고,850,463.0,1313.0,2024년도 전기자동차 포항시 모델별 보조금,2024,포항시
화물(소형),이엔플러스,이엔플러스EV1톤롱바디트럭,895,488.0,1383.0,2024년도 전기자동차 포항시 모델별 보조금,2024,포항시
화물(소형),GS글로벌,T4K,462,252.0,714.0,2024년도 전기자동차 포항시 모델별 보조금,2024,포항시
화물(소형),GS글로벌,T4K 냉동탑차,711,387.0,1098.0,2024년도 전기자동차 포항시 모델별 보조금,2024,포항시
화물(소형),에스에스라이트,젤라,336,183.0,519.0,2024년도 전기자동차 포항시 모델별 보조금,2024,포항시
화물(소형),에스에스라이트,젤라 P200,478,260.0,738.0,2024년도 전기자동차 포항시 모델별 보조금,2024,포항시
화물(소형),한국쓰리축,한국쓰리축1톤롱바디EV트럭(봉고),837,456.0,1293.0,2024년도 전기자동차 포항시 모델별 보조금,2024,포항시
화물(소형),한국쓰리축,한국쓰리축1톤롱바디EV트럭(포터),855,466.0,1321.0,2024년도 전기자동차 포항시 모델별 보조금,2024,포항시
화물(소형),모빌리티네트웍스,SE-A2밴,333,181.0,514.0,2024년도 전기자동차 포항시 모델별 보조금,2024,포항시
화물(소형),피닉스코리아,썬라이즈-T01,412,224.0,636.0,2024년도 전기자동차 포항시 모델별 보조금,2024,포항시
화물(소형),케이지모빌리티,토레스 EVX VAN 20인치,392,213.0,605.0,2024년도 전기자동차 포항시 모델별 보조금,2024,포항시
화물(소형),케이지모빌리티,토레스 EVX VAN 18인치,394,214.0,608.0,2024년도 전기자동차 포항시 모델별 보조금,2024,포항시
화물(소형),한국상용트럭,한국상용1톤롱바디EV카고트럭,818,446.0,1264.0,2024년도 전기자동차 포항시 모델별 보조금,2024,포항시
화물(소형),한국상용트럭,한국상용0.9톤롱바디EV내장탑트럭,593,323.0,916.0,2024년도 전기자동차 포항시 모델별 보조금,2024,포항시
화물(초소형),마스타전기차,MASTA VAN,400,218.0,618.0,2024년도 전기자동차 경주시 모델별 보조금,2024,경주시
화물(초소형),마스타전기차,MASTA HIM,400,218.0,618.0,2024년도 전기자동차 경주시 모델별 보조금,2024,경주시
화물(초소형),디피코,포트로-탑,400,218.0,618.0,2024년도 전기자동차 경주시 모델별 보조금,2024,경주시
화물(초소형),디피코,포트로-픽업,400,218.0,618.0,2024년도 전기자동차 경주시 모델별 보조금,2024,경주시
화물(초소형),디피코,포트로-탑S,400,218.0,618.0,2024년도 전기자동차 경주시 모델별 보조금,2024,경주시
화물(초소형),디피코,포트로-픽업S,400,218.0,618.0,2024년도 전기자동차 경주시 모델별 보조금,2024,경주시
화물(초소형),마이브,베프,400,218.0,618.0,2024년도 전기자동차 경주시 모델별 보조금,2024,경주시
화물(경형),디피코,포트로350L-탑,788,591.0,1379.0,2024년도 전기자동차 경주시 모델별 보조금,2024,경주시
화물(경형),디피코,포트로350L-픽업,788,591.0,1379.0,2024년도 전기자동차 경주시 모델별 보조금,2024,경주시
화물(소형),파워프라자,봉고3ev PEACE,554,302.0,856.0,2024년도 전기자동차 경주시 모델별 보조금,2024,경주시
화물(소형),파워프라자,봉고3ev PEACE 더블캡,481,262.0,743.0,2024년도 전기자동차 경주시 모델별 보조금,2024,경주시
화물(소형),현대자동차,포터Ⅱ 일렉트릭(23MY),1090,572.0,1662.0,2024년도 전기자동차 경주시 모델별 보조금,2024,경주시
화물(소형),현대자동차,포터Ⅱ 일렉트릭(24MY),1090,572.0,1662.0,2024년도 전기자동차 경주시 모델별 보조금,2024,경주시
화물(소형),현대자동차,ST1 기본형 카고 17인치,1100,600.0,1700.0,2024년도 전기자동차 경주시 모델별 보조금,2024,경주시
화물(소형),현대자동차,ST1 기본형 카고 냉동 17인치,1450,790.0,2240.0,2024년도 전기자동차 경주시 모델별 보조금,2024,경주시
화물(소형),현대자동차,ST1 기본형 하이탑 17인치,1100,600.0,1700.0,2024년도 전기자동차 경주시 모델별 보조금,2024,경주시
화물(소형),기아,봉고 전기차,1130,572.0,1702.0,2024년도 전기자동차 경주시 모델별 보조금,2024,경주시
화물(소형),기아,봉고 전기차 냉동탑차,1330,687.0,2017.0,2024년도 전기자동차 경주시 모델별 보조금,2024,경주시
화물(소형),기아,봉고 전기차 저상형 냉동탑차,1330,687.0,2017.0,2024년도 전기자동차 경주시 모델별 보조금,2024,경주시
화물(소형),일진정공,일진무시동전기냉동탑차(149.9km),916,499.0,1415.0,2024년도 전기자동차 경주시 모델별 보조금,2024,경주시
화물(소형),일진정공,일진무시동전기냉동탑차(186.1km),1169,637.0,1806.0,2024년도 전기자동차 경주시 모델별 보조금,2024,경주시
화물(소형),일진정공,일진무시동전기냉동탑차(봉고),1379,712.0,2091.0,2024년도 전기자동차 경주시 모델별 보조금,2024,경주시
화물(소형),일진정공,일진무시동전기냉동탑차(포터),1363,704.0,2067.0,2024년도 전기자동차 경주시 모델별 보조금,2024,경주시
화물(소형),루트17,다니고C(0.8톤 전기트럭),1068,531.0,1599.0,2024년도 전기자동차 경주시 모델별 보조금,2024,경주시
화물(소형),루트17,다니고C2(0.8톤 전기트럭),268,146.0,414.0,2024년도 전기자동차 경주시 모델별 보조금,2024,경주시
화물(소형),루트17,다니고R(전기냉동탑차),1224,625.0,1849.0,2024년도 전기자동차 경주시 모델별 보조금,2024,경주시
화물(소형),루트17,다니고R2(무시동 전기냉동탑차),1123,575.0,1698.0,2024년도 전기자동차 경주시 모델별 보조금,2024,경주시
화물(소형),루트17,e-TOVI,464,253.0,717.0,2024년도 전기자동차 경주시 모델별 보조금,2024,경주시
화물(소형),이브이케이엠씨,MASADA 픽업,295,160.0,455.0,2024년도 전기자동차 경주시 모델별 보조금,2024,경주시
화물(소형),이브이케이엠씨,MASADA 3세대 2밴,274,149.0,423.0,2024년도 전기자동차 경주시 모델별 보조금,2024,경주시
화물(소형),이브이케이엠씨,MASADA 3세대 4밴,246,134.0,380.0,2024년도 전기자동차 경주시 모델별 보조금,2024,경주시
화물(소형),이브이케이엠씨,MASADA 2밴,299,163.0,462.0,2024년도 전기자동차 경주시 모델별 보조금,2024,경주시
화물(소형),이브이케이엠씨,MASADA 4밴,269,146.0,415.0,2024년도 전기자동차 경주시 모델별 보조금,2024,경주시
화물(소형),이브이케이엠씨,EC35 2밴,194,105.0,299.0,2024년도 전기자동차 경주시 모델별 보조금,2024,경주시
화물(소형),제이스모빌리티,이티밴,405,220.0,625.0,2024년도 전기자동차 경주시 모델별 보조금,2024,경주시
화물(소형),제이스모빌리티,이티4밴,364,198.0,562.0,2024년도 전기자동차 경주시 모델별 보조금,2024,경주시
화물(소형),제이스모빌리티,이티밴 미니 2인승,412,224.0,636.0,2024년도 전기자동차 경주시 모델별 보조금,2024,경주시
화물(소형),제이스모빌리티,이티밴 미니 4인승,412,224.0,636.0,2024년도 전기자동차 경주시 모델별 보조금,2024,경주시
화물(소형),제이스모빌리티,이티밴 프로 2인승,412,224.0,636.0,2024년도 전기자동차 경주시 모델별 보조금,2024,경주시
화물(소형),제이스모빌리티,이티밴 프로 4인승,412,224.0,636.0,2024년도 전기자동차 경주시 모델별 보조금,2024,경주시
화물(소형),오텍,오텍 무시동 전기 냉동탑차(봉고),1118,609.0,1727.0,2024년도 전기자동차 경주시 모델별 보조금,2024,경주시
화물(소형),이엔플러스,이엔1톤롱바디카고,850,463.0,1313.0,2024년도 전기자동차 경주시 모델별 보조금,2024,경주시
화물(소형),이엔플러스,이엔플러스EV1톤롱바디트럭,895,488.0,1383.0,2024년도 전기자동차 경주시 모델별 보조금,2024,경주시
화물(소형),GS글로벌,T4K,462,252.0,714.0,2024년도 전기자동차 경주시 모델별 보조금,2024,경주시
화물(소형),GS글로벌,T4K 냉동탑차,711,387.0,1098.0,2024년도 전기자동차 경주시 모델별 보조금,2024,경주시
화물(소형),에스에스라이트,젤라,336,183.0,519.0,2024년도 전기자동차 경주시 모델별 보조금,2024,경주시
화물(소형),에스에스라이트,젤라 P200,478,260.0,738.0,2024년도 전기자동차 경주시 모델별 보조금,2024,경주시
화물(소형),한국쓰리축,한국쓰리축1톤롱바디EV트럭(봉고),837,456.0,1293.0,2024년도 전기자동차 경주시 모델별 보조금,2024,경주시
화물(소형),한국쓰리축,한국쓰리축1톤롱바디EV트럭(포터),855,466.0,1321.0,2024년도 전기자동차 경주시 모델별 보조금,2024,경주시
화물(소형),모빌리티네트웍스,SE-A2밴,333,181.0,514.0,2024년도 전기자동차 경주시 모델별 보조금,2024,경주시
화물(소형),피닉스코리아,썬라이즈-T01,412,224.0,636.0,2024년도 전기자동차 경주시 모델별 보조금,2024,경주시
화물(소형),케이지모빌리티,토레스 EVX VAN 20인치,392,213.0,605.0,2024년도 전기자동차 경주시 모델별 보조금,2024,경주시
화물(소형),케이지모빌리티,토레스 EVX VAN 18인치,394,214.0,608.0,2024년도 전기자동차 경주시 모델별 보조금,2024,경주시
화물(소형),한국상용트럭,한국상용1톤롱바디EV카고트럭,818,446.0,1264.0,2024년도 전기자동차 경주시 모델별 보조금,2024,경주시
화물(소형),한국상용트럭,한국상용0.9톤롱바디EV내장탑트럭,593,323.0,916.0,2024년도 전기자동차 경주시 모델별 보조금,2024,경주시
화물(소형),센트로에이케이,E-CV1,282,153.0,435.0,2024년도 전기자동차 경주시 모델별 보조금,2024,경주시
화물(소형),파츠몰에이투지,SW40,412,224.0,636.0,2024년도 전기자동차 경주시 모델별 보조금,2024,경주시
화물(소형),이브이앤솔루션,STEGO-Z,540,294.0,834.0,2024년도 전기자동차 경주시 모델별 보조금,2024,경주시
화물(초소형),마스타전기차,MASTA VAN,400,218.0,618.0,2024년도 전기자동차 김천시 모델별 보조금,2024,김천시
화물(초소형),마스타전기차,MASTA HIM,400,218.0,618.0,2024년도 전기자동차 김천시 모델별 보조금,2024,김천시
화물(초소형),디피코,포트로-탑,400,218.0,618.0,2024년도 전기자동차 김천시 모델별 보조금,2024,김천시
화물(초소형),디피코,포트로-픽업,400,218.0,618.0,2024년도 전기자동차 김천시 모델별 보조금,2024,김천시
화물(초소형),디피코,포트로-탑S,400,218.0,618.0,2024년도 전기자동차 김천시 모델별 보조금,2024,김천시
화물(초소형),디피코,포트로-픽업S,400,218.0,618.0,2024년도 전기자동차 김천시 모델별 보조금,2024,김천시
화물(초소형),마이브,베프,400,218.0,618.0,2024년도 전기자동차 김천시 모델별 보조금,2024,김천시
화물(경형),디피코,포트로350L-탑,788,591.0,1379.0,2024년도 전기자동차 김천시 모델별 보조금,2024,김천시
화물(경형),디피코,포트로350L-픽업,788,591.0,1379.0,2024년도 전기자동차 김천시 모델별 보조금,2024,김천시
화물(소형),파워프라자,봉고3ev PEACE,554,302.0,856.0,2024년도 전기자동차 김천시 모델별 보조금,2024,김천시
화물(소형),파워프라자,봉고3ev PEACE 더블캡,481,262.0,743.0,2024년도 전기자동차 김천시 모델별 보조금,2024,김천시
화물(소형),현대자동차,포터Ⅱ 일렉트릭(23MY),1090,572.0,1662.0,2024년도 전기자동차 김천시 모델별 보조금,2024,김천시
화물(소형),현대자동차,포터Ⅱ 일렉트릭(24MY),1090,572.0,1662.0,2024년도 전기자동차 김천시 모델별 보조금,2024,김천시
화물(소형),현대자동차,ST1 기본형 카고 17인치,1100,600.0,1700.0,2024년도 전기자동차 김천시 모델별 보조금,2024,김천시
화물(소형),현대자동차,ST1 기본형 카고 냉동 17인치,1450,790.0,2240.0,2024년도 전기자동차 김천시 모델별 보조금,2024,김천시
화물(소형),현대자동차,ST1 기본형 하이탑 17인치,1100,600.0,1700.0,2024년도 전기자동차 김천시 모델별 보조금,2024,김천시
화물(소형),기아,봉고 전기차,1130,572.0,1702.0,2024년도 전기자동차 김천시 모델별 보조금,2024,김천시
화물(소형),기아,봉고 전기차 냉동탑차,1330,687.0,2017.0,2024년도 전기자동차 김천시 모델별 보조금,2024,김천시
화물(소형),기아,봉고 전기차 저상형 냉동탑차,1330,687.0,2017.0,2024년도 전기자동차 김천시 모델별 보조금,2024,김천시
화물(소형),일진정공,일진무시동전기냉동탑차(149.9km),916,499.0,1415.0,2024년도 전기자동차 김천시 모델별 보조금,2024,김천시
화물(소형),일진정공,일진무시동전기냉동탑차(186.1km),1169,637.0,1806.0,2024년도 전기자동차 김천시 모델별 보조금,2024,김천시
화물(소형),일진정공,일진무시동전기냉동탑차(봉고),1379,712.0,2091.0,2024년도 전기자동차 김천시 모델별 보조금,2024,김천시
화물(소형),일진정공,일진무시동전기냉동탑차(포터),1363,704.0,2067.0,2024년도 전기자동차 김천시 모델별 보조금,2024,김천시
화물(소형),루트17,다니고C(0.8톤 전기트럭),1068,531.0,1599.0,2024년도 전기자동차 김천시 모델별 보조금,2024,김천시
화물(소형),루트17,다니고C2(0.8톤 전기트럭),268,146.0,414.0,2024년도 전기자동차 김천시 모델별 보조금,2024,김천시
화물(소형),루트17,다니고R(전기냉동탑차),1224,625.0,1849.0,2024년도 전기자동차 김천시 모델별 보조금,2024,김천시
화물(소형),루트17,다니고R2(무시동 전기냉동탑차),1123,575.0,1698.0,2024년도 전기자동차 김천시 모델별 보조금,2024,김천시
화물(소형),루트17,e-TOVI,464,253.0,717.0,2024년도 전기자동차 김천시 모델별 보조금,2024,김천시
화물(소형),이브이케이엠씨,MASADA 픽업,295,160.0,455.0,2024년도 전기자동차 김천시 모델별 보조금,2024,김천시
화물(소형),이브이케이엠씨,MASADA 3세대 2밴,274,149.0,423.0,2024년도 전기자동차 김천시 모델별 보조금,2024,김천시
화물(소형),이브이케이엠씨,MASADA 3세대 4밴,246,134.0,380.0,2024년도 전기자동차 김천시 모델별 보조금,2024,김천시
화물(소형),이브이케이엠씨,MASADA 2밴,299,163.0,462.0,2024년도 전기자동차 김천시 모델별 보조금,2024,김천시
화물(소형),이브이케이엠씨,MASADA 4밴,269,146.0,415.0,2024년도 전기자동차 김천시 모델별 보조금,2024,김천시
화물(소형),이브이케이엠씨,EC35 2밴,194,105.0,299.0,2024년도 전기자동차 김천시 모델별 보조금,2024,김천시
화물(소형),제이스모빌리티,이티밴,405,220.0,625.0,2024년도 전기자동차 김천시 모델별 보조금,2024,김천시
화물(소형),제이스모빌리티,이티4밴,364,198.0,562.0,2024년도 전기자동차 김천시 모델별 보조금,2024,김천시
화물(소형),제이스모빌리티,이티밴 미니 2인승,412,224.0,636.0,2024년도 전기자동차 김천시 모델별 보조금,2024,김천시
화물(소형),제이스모빌리티,이티밴 미니 4인승,412,224.0,636.0,2024년도 전기자동차 김천시 모델별 보조금,2024,김천시
화물(소형),제이스모빌리티,이티밴 프로 2인승,412,224.0,636.0,2024년도 전기자동차 김천시 모델별 보조금,2024,김천시
화물(소형),제이스모빌리티,이티밴 프로 4인승,412,224.0,636.0,2024년도 전기자동차 김천시 모델별 보조금,2024,김천시
화물(소형),오텍,오텍 무시동 전기 냉동탑차(봉고),1118,609.0,1727.0,2024년도 전기자동차 김천시 모델별 보조금,2024,김천시
화물(소형),이엔플러스,이엔1톤롱바디카고,850,463.0,1313.0,2024년도 전기자동차 김천시 모델별 보조금,2024,김천시
화물(소형),이엔플러스,이엔플러스EV1톤롱바디트럭,895,488.0,1383.0,2024년도 전기자동차 김천시 모델별 보조금,2024,김천시
화물(소형),GS글로벌,T4K,462,252.0,714.0,2024년도 전기자동차 김천시 모델별 보조금,2024,김천시
화물(소형),GS글로벌,T4K 냉동탑차,711,387.0,1098.0,2024년도 전기자동차 김천시 모델별 보조금,2024,김천시
화물(소형),에스에스라이트,젤라,336,183.0,519.0,2024년도 전기자동차 김천시 모델별 보조금,2024,김천시
화물(소형),에스에스라이트,젤라 P200,478,260.0,738.0,2024년도 전기자동차 김천시 모델별 보조금,2024,김천시
화물(소형),한국쓰리축,한국쓰리축1톤롱바디EV트럭(봉고),837,456.0,1293.0,2024년도 전기자동차 김천시 모델별 보조금,2024,김천시
화물(소형),한국쓰리축,한국쓰리축1톤롱바디EV트럭(포터),855,466.0,1321.0,2024년도 전기자동차 김천시 모델별 보조금,2024,김천시
화물(소형),모빌리티네트웍스,SE-A2밴,333,181.0,514.0,2024년도 전기자동차 김천시 모델별 보조금,2024,김천시
화물(소형),피닉스코리아,썬라이즈-T01,412,224.0,636.0,2024년도 전기자동차 김천시 모델별 보조금,2024,김천시
화물(소형),케이지모빌리티,토레스 EVX VAN 20인치,392,361.0,753.0,2024년도 전기자동차 김천시 모델별 보조금,2024,김천시
화물(소형),케이지모빌리티,토레스 EVX VAN 18인치,394,363.0,757.0,2024년도 전기자동차 김천시 모델별 보조금,2024,김천시
화물(소형),한국상용트럭,한국상용1톤롱바디EV카고트럭,818,446.0,1264.0,2024년도 전기자동차 김천시 모델별 보조금,2024,김천시
화물(소형),한국상용트럭,한국상용0.9톤롱바디EV내장탑트럭,593,323.0,916.0,2024년도 전기자동차 김천시 모델별 보조금,2024,김천시
화물(소형),센트로에이케이,E-CV1,282,153.0,435.0,2024년도 전기자동차 김천시 모델별 보조금,2024,김천시
화물(소형),파츠몰에이투지,SW40,412,224.0,636.0,2024년도 전기자동차 김천시 모델별 보조금,2024,김천시
화물(소형),이브이앤솔루션,STEGO-Z,540,294.0,834.0,2024년도 전기자동차 김천시 모델별 보조금,2024,김천시
화물(초소형),마스타전기차,MASTA VAN,400,218.0,618.0,2024년도 전기자동차 안동시 모델별 보조금,2024,안동시
화물(초소형),마스타전기차,MASTA HIM,400,218.0,618.0,2024년도 전기자동차 안동시 모델별 보조금,2024,안동시
화물(초소형),디피코,포트로-탑,400,218.0,618.0,2024년도 전기자동차 안동시 모델별 보조금,2024,안동시
화물(초소형),디피코,포트로-픽업,400,218.0,618.0,2024년도 전기자동차 안동시 모델별 보조금,2024,안동시
화물(초소형),디피코,포트로-탑S,400,218.0,618.0,2024년도 전기자동차 안동시 모델별 보조금,2024,안동시
화물(초소형),디피코,포트로-픽업S,400,218.0,618.0,2024년도 전기자동차 안동시 모델별 보조금,2024,안동시
화물(초소형),마이브,베프,400,218.0,618.0,2024년도 전기자동차 안동시 모델별 보조금,2024,안동시
화물(경형),디피코,포트로350L-탑,788,591.0,1379.0,2024년도 전기자동차 안동시 모델별 보조금,2024,안동시
화물(경형),디피코,포트로350L-픽업,788,591.0,1379.0,2024년도 전기자동차 안동시 모델별 보조금,2024,안동시
화물(소형),파워프라자,봉고3ev PEACE,554,302.0,856.0,2024년도 전기자동차 안동시 모델별 보조금,2024,안동시
화물(소형),파워프라자,봉고3ev PEACE 더블캡,481,262.0,743.0,2024년도 전기자동차 안동시 모델별 보조금,2024,안동시
화물(소형),현대자동차,포터Ⅱ 일렉트릭(23MY),1090,572.0,1662.0,2024년도 전기자동차 안동시 모델별 보조금,2024,안동시
화물(소형),현대자동차,포터Ⅱ 일렉트릭(24MY),1090,572.0,1662.0,2024년도 전기자동차 안동시 모델별 보조금,2024,안동시
화물(소형),현대자동차,ST1 기본형 카고 17인치,1100,600.0,1700.0,2024년도 전기자동차 안동시 모델별 보조금,2024,안동시
화물(소형),현대자동차,ST1 기본형 카고 냉동 17인치,1450,790.0,2240.0,2024년도 전기자동차 안동시 모델별 보조금,2024,안동시
화물(소형),현대자동차,ST1 기본형 하이탑 17인치,1100,600.0,1700.0,2024년도 전기자동차 안동시 모델별 보조금,2024,안동시
화물(소형),기아,봉고 전기차,1130,572.0,1702.0,2024년도 전기자동차 안동시 모델별 보조금,2024,안동시
화물(소형),기아,봉고 전기차 냉동탑차,1330,687.0,2017.0,2024년도 전기자동차 안동시 모델별 보조금,2024,안동시
화물(소형),기아,봉고 전기차 저상형 냉동탑차,1330,687.0,2017.0,2024년도 전기자동차 안동시 모델별 보조금,2024,안동시
화물(소형),일진정공,일진무시동전기냉동탑차(149.9km),916,499.0,1415.0,2024년도 전기자동차 안동시 모델별 보조금,2024,안동시
화물(소형),일진정공,일진무시동전기냉동탑차(186.1km),1169,637.0,1806.0,2024년도 전기자동차 안동시 모델별 보조금,2024,안동시
화물(소형),일진정공,일진무시동전기냉동탑차(봉고),1379,712.0,2091.0,2024년도 전기자동차 안동시 모델별 보조금,2024,안동시
화물(소형),일진정공,일진무시동전기냉동탑차(포터),1363,704.0,2067.0,2024년도 전기자동차 안동시 모델별 보조금,2024,안동시
화물(소형),루트17,다니고C(0.8톤 전기트럭),1068,531.0,1599.0,2024년도 전기자동차 안동시 모델별 보조금,2024,안동시
화물(소형),루트17,다니고C2(0.8톤 전기트럭),268,146.0,414.0,2024년도 전기자동차 안동시 모델별 보조금,2024,안동시
화물(소형),루트17,다니고R(전기냉동탑차),1224,625.0,1849.0,2024년도 전기자동차 안동시 모델별 보조금,2024,안동시
화물(소형),루트17,다니고R2(무시동 전기냉동탑차),1123,575.0,1698.0,2024년도 전기자동차 안동시 모델별 보조금,2024,안동시
화물(소형),루트17,e-TOVI,464,253.0,717.0,2024년도 전기자동차 안동시 모델별 보조금,2024,안동시
화물(소형),이브이케이엠씨,MASADA 픽업,295,160.0,455.0,2024년도 전기자동차 안동시 모델별 보조금,2024,안동시
화물(소형),이브이케이엠씨,MASADA 3세대 2밴,274,149.0,423.0,2024년도 전기자동차 안동시 모델별 보조금,2024,안동시
화물(소형),이브이케이엠씨,MASADA 3세대 4밴,246,134.0,380.0,2024년도 전기자동차 안동시 모델별 보조금,2024,안동시
화물(소형),이브이케이엠씨,MASADA 2밴,299,163.0,462.0,2024년도 전기자동차 안동시 모델별 보조금,2024,안동시
화물(소형),이브이케이엠씨,MASADA 4밴,269,146.0,415.0,2024년도 전기자동차 안동시 모델별 보조금,2024,안동시
화물(소형),이브이케이엠씨,EC35 2밴,194,105.0,299.0,2024년도 전기자동차 안동시 모델별 보조금,2024,안동시
화물(소형),제이스모빌리티,이티밴,405,220.0,625.0,2024년도 전기자동차 안동시 모델별 보조금,2024,안동시
화물(소형),제이스모빌리티,이티4밴,364,198.0,562.0,2024년도 전기자동차 안동시 모델별 보조금,2024,안동시
화물(소형),제이스모빌리티,이티밴 미니 2인승,412,224.0,636.0,2024년도 전기자동차 안동시 모델별 보조금,2024,안동시
화물(소형),제이스모빌리티,이티밴 미니 4인승,412,224.0,636.0,2024년도 전기자동차 안동시 모델별 보조금,2024,안동시
화물(소형),제이스모빌리티,이티밴 프로 2인승,412,224.0,636.0,2024년도 전기자동차 안동시 모델별 보조금,2024,안동시
화물(소형),제이스모빌리티,이티밴 프로 4인승,412,224.0,636.0,2024년도 전기자동차 안동시 모델별 보조금,2024,안동시
화물(소형),오텍,오텍 무시동 전기 냉동탑차(봉고),1118,609.0,1727.0,2024년도 전기자동차 안동시 모델별 보조금,2024,안동시
화물(소형),이엔플러스,이엔1톤롱바디카고,850,463.0,1313.0,2024년도 전기자동차 안동시 모델별 보조금,2024,안동시
화물(소형),이엔플러스,이엔플러스EV1톤롱바디트럭,895,488.0,1383.0,2024년도 전기자동차 안동시 모델별 보조금,2024,안동시
화물(소형),GS글로벌,T4K,462,252.0,714.0,2024년도 전기자동차 안동시 모델별 보조금,2024,안동시
화물(소형),GS글로벌,T4K 냉동탑차,711,387.0,1098.0,2024년도 전기자동차 안동시 모델별 보조금,2024,안동시
화물(소형),에스에스라이트,젤라,336,183.0,519.0,2024년도 전기자동차 안동시 모델별 보조금,2024,안동시
화물(소형),에스에스라이트,젤라 P200,478,260.0,738.0,2024년도 전기자동차 안동시 모델별 보조금,2024,안동시
화물(소형),한국쓰리축,한국쓰리축1톤롱바디EV트럭(봉고),837,456.0,1293.0,2024년도 전기자동차 안동시 모델별 보조금,2024,안동시
화물(소형),한국쓰리축,한국쓰리축1톤롱바디EV트럭(포터),855,466.0,1321.0,2024년도 전기자동차 안동시 모델별 보조금,2024,안동시
화물(소형),모빌리티네트웍스,SE-A2밴,333,181.0,514.0,2024년도 전기자동차 안동시 모델별 보조금,2024,안동시
화물(소형),피닉스코리아,썬라이즈-T01,412,224.0,636.0,2024년도 전기자동차 안동시 모델별 보조금,2024,안동시
화물(소형),케이지모빌리티,토레스 EVX VAN 20인치,392,361.0,753.0,2024년도 전기자동차 안동시 모델별 보조금,2024,안동시
화물(소형),케이지모빌리티,토레스 EVX VAN 18인치,394,363.0,757.0,2024년도 전기자동차 안동시 모델별 보조금,2024,안동시
화물(소형),한국상용트럭,한국상용1톤롱바디EV카고트럭,818,446.0,1264.0,2024년도 전기자동차 안동시 모델별 보조금,2024,안동시
화물(소형),한국상용트럭,한국상용0.9톤롱바디EV내장탑트럭,593,323.0,916.0,2024년도 전기자동차 안동시 모델별 보조금,2024,안동시
화물(소형),센트로에이케이,E-CV1,282,153.0,435.0,2024년도 전기자동차 안동시 모델별 보조금,2024,안동시
화물(소형),파츠몰에이투지,SW40,412,224.0,636.0,2024년도 전기자동차 안동시 모델별 보조금,2024,안동시
화물(소형),이브이앤솔루션,STEGO-Z,540,294.0,834.0,2024년도 전기자동차 안동시 모델별 보조금,2024,안동시
화물(초소형),마스타전기차,MASTA VAN,400,218.0,618.0,2024년도 전기자동차 구미시 모델별 보조금,2024,구미시
화물(초소형),마스타전기차,MASTA HIM,400,218.0,618.0,2024년도 전기자동차 구미시 모델별 보조금,2024,구미시
화물(초소형),디피코,포트로-탑,400,218.0,618.0,2024년도 전기자동차 구미시 모델별 보조금,2024,구미시
화물(초소형),디피코,포트로-픽업,400,218.0,618.0,2024년도 전기자동차 구미시 모델별 보조금,2024,구미시
화물(초소형),디피코,포트로-탑S,400,218.0,618.0,2024년도 전기자동차 구미시 모델별 보조금,2024,구미시
화물(초소형),디피코,포트로-픽업S,400,218.0,618.0,2024년도 전기자동차 구미시 모델별 보조금,2024,구미시
화물(초소형),마이브,베프,400,218.0,618.0,2024년도 전기자동차 구미시 모델별 보조금,2024,구미시
화물(경형),디피코,포트로350L-탑,788,591.0,1379.0,2024년도 전기자동차 구미시 모델별 보조금,2024,구미시
화물(경형),디피코,포트로350L-픽업,788,591.0,1379.0,2024년도 전기자동차 구미시 모델별 보조금,2024,구미시
화물(소형),파워프라자,봉고3ev PEACE,554,302.0,856.0,2024년도 전기자동차 구미시 모델별 보조금,2024,구미시
화물(소형),파워프라자,봉고3ev PEACE 더블캡,481,262.0,743.0,2024년도 전기자동차 구미시 모델별 보조금,2024,구미시
화물(소형),현대자동차,포터Ⅱ 일렉트릭(23MY),1090,572.0,1662.0,2024년도 전기자동차 구미시 모델별 보조금,2024,구미시
화물(소형),현대자동차,포터Ⅱ 일렉트릭(24MY),1090,572.0,1662.0,2024년도 전기자동차 구미시 모델별 보조금,2024,구미시
화물(소형),현대자동차,ST1 기본형 카고 17인치,1100,600.0,1700.0,2024년도 전기자동차 구미시 모델별 보조금,2024,구미시
화물(소형),현대자동차,ST1 기본형 카고 냉동 17인치,1450,790.0,2240.0,2024년도 전기자동차 구미시 모델별 보조금,2024,구미시
화물(소형),현대자동차,ST1 기본형 하이탑 17인치,1100,600.0,1700.0,2024년도 전기자동차 구미시 모델별 보조금,2024,구미시
화물(소형),기아,봉고 전기차,1130,572.0,1702.0,2024년도 전기자동차 구미시 모델별 보조금,2024,구미시
화물(소형),기아,봉고 전기차 냉동탑차,1330,687.0,2017.0,2024년도 전기자동차 구미시 모델별 보조금,2024,구미시
화물(소형),기아,봉고 전기차 저상형 냉동탑차,1330,687.0,2017.0,2024년도 전기자동차 구미시 모델별 보조금,2024,구미시
화물(소형),일진정공,일진무시동전기냉동탑차(149.9km),916,499.0,1415.0,2024년도 전기자동차 구미시 모델별 보조금,2024,구미시
화물(소형),일진정공,일진무시동전기냉동탑차(186.1km),1169,637.0,1806.0,2024년도 전기자동차 구미시 모델별 보조금,2024,구미시
화물(소형),일진정공,일진무시동전기냉동탑차(봉고),1379,712.0,2091.0,2024년도 전기자동차 구미시 모델별 보조금,2024,구미시
화물(소형),일진정공,일진무시동전기냉동탑차(포터),1363,704.0,2067.0,2024년도 전기자동차 구미시 모델별 보조금,2024,구미시
화물(소형),루트17,다니고C(0.8톤 전기트럭),1068,531.0,1599.0,2024년도 전기자동차 구미시 모델별 보조금,2024,구미시
화물(소형),루트17,다니고C2(0.8톤 전기트럭),268,146.0,414.0,2024년도 전기자동차 구미시 모델별 보조금,2024,구미시
화물(소형),루트17,다니고R(전기냉동탑차),1224,625.0,1849.0,2024년도 전기자동차 구미시 모델별 보조금,2024,구미시
화물(소형),루트17,다니고R2(무시동 전기냉동탑차),1123,575.0,1698.0,2024년도 전기자동차 구미시 모델별 보조금,2024,구미시
화물(소형),루트17,e-TOVI,464,253.0,717.0,2024년도 전기자동차 구미시 모델별 보조금,2024,구미시
화물(소형),이브이케이엠씨,MASADA 픽업,295,160.0,455.0,2024년도 전기자동차 구미시 모델별 보조금,2024,구미시
화물(소형),이브이케이엠씨,MASADA 3세대 2밴,274,149.0,423.0,2024년도 전기자동차 구미시 모델별 보조금,2024,구미시
화물(소형),이브이케이엠씨,MASADA 3세대 4밴,246,134.0,380.0,2024년도 전기자동차 구미시 모델별 보조금,2024,구미시
화물(소형),이브이케이엠씨,MASADA 2밴,299,163.0,462.0,2024년도 전기자동차 구미시 모델별 보조금,2024,구미시
화물(소형),이브이케이엠씨,MASADA 4밴,269,146.0,415.0,2024년도 전기자동차 구미시 모델별 보조금,2024,구미시
화물(소형),이브이케이엠씨,EC35 2밴,194,105.0,299.0,2024년도 전기자동차 구미시 모델별 보조금,2024,구미시
화물(소형),제이스모빌리티,이티밴,405,220.0,625.0,2024년도 전기자동차 구미시 모델별 보조금,2024,구미시
화물(소형),제이스모빌리티,이티4밴,364,198.0,562.0,2024년도 전기자동차 구미시 모델별 보조금,2024,구미시
화물(소형),제이스모빌리티,이티밴 미니 2인승,412,224.0,636.0,2024년도 전기자동차 구미시 모델별 보조금,2024,구미시
화물(소형),제이스모빌리티,이티밴 미니 4인승,412,224.0,636.0,2024년도 전기자동차 구미시 모델별 보조금,2024,구미시
화물(소형),제이스모빌리티,이티밴 프로 2인승,412,224.0,636.0,2024년도 전기자동차 구미시 모델별 보조금,2024,구미시
화물(소형),제이스모빌리티,이티밴 프로 4인승,412,224.0,636.0,2024년도 전기자동차 구미시 모델별 보조금,2024,구미시
화물(소형),오텍,오텍 무시동 전기 냉동탑차(봉고),1118,609.0,1727.0,2024년도 전기자동차 구미시 모델별 보조금,2024,구미시
화물(소형),이엔플러스,이엔1톤롱바디카고,850,463.0,1313.0,2024년도 전기자동차 구미시 모델별 보조금,2024,구미시
화물(소형),이엔플러스,이엔플러스EV1톤롱바디트럭,895,488.0,1383.0,2024년도 전기자동차 구미시 모델별 보조금,2024,구미시
화물(소형),GS글로벌,T4K,462,252.0,714.0,2024년도 전기자동차 구미시 모델별 보조금,2024,구미시
화물(소형),GS글로벌,T4K 냉동탑차,711,387.0,1098.0,2024년도 전기자동차 구미시 모델별 보조금,2024,구미시
화물(소형),에스에스라이트,젤라,336,183.0,519.0,2024년도 전기자동차 구미시 모델별 보조금,2024,구미시
화물(소형),에스에스라이트,젤라 P200,478,260.0,738.0,2024년도 전기자동차 구미시 모델별 보조금,2024,구미시
화물(소형),한국쓰리축,한국쓰리축1톤롱바디EV트럭(봉고),837,456.0,1293.0,2024년도 전기자동차 구미시 모델별 보조금,2024,구미시
화물(소형),한국쓰리축,한국쓰리축1톤롱바디EV트럭(포터),855,466.0,1321.0,2024년도 전기자동차 구미시 모델별 보조금,2024,구미시
화물(소형),모빌리티네트웍스,SE-A2밴,333,181.0,514.0,2024년도 전기자동차 구미시 모델별 보조금,2024,구미시
화물(소형),피닉스코리아,썬라이즈-T01,412,224.0,636.0,2024년도 전기자동차 구미시 모델별 보조금,2024,구미시
화물(소형),케이지모빌리티,토레스 EVX VAN 20인치,392,361.0,753.0,2024년도 전기자동차 구미시 모델별 보조금,2024,구미시
화물(소형),케이지모빌리티,토레스 EVX VAN 18인치,394,363.0,757.0,2024년도 전기자동차 구미시 모델별 보조금,2024,구미시
화물(소형),한국상용트럭,한국상용1톤롱바디EV카고트럭,818,446.0,1264.0,2024년도 전기자동차 구미시 모델별 보조금,2024,구미시
화물(소형),한국상용트럭,한국상용0.9톤롱바디EV내장탑트럭,593,323.0,916.0,2024년도 전기자동차 구미시 모델별 보조금,2024,구미시
화물(소형),센트로에이케이,E-CV1,282,153.0,435.0,2024년도 전기자동차 구미시 모델별 보조금,2024,구미시
화물(소형),파츠몰에이투지,SW40,412,224.0,636.0,2024년도 전기자동차 구미시 모델별 보조금,2024,구미시
화물(소형),이브이앤솔루션,STEGO-Z,540,294.0,834.0,2024년도 전기자동차 구미시 모델별 보조금,2024,구미시
화물(초소형),마스타전기차,MASTA VAN,400,218.0,618.0,2024년도 전기자동차 영주시 모델별 보조금,2024,영주시
화물(초소형),마스타전기차,MASTA HIM,400,218.0,618.0,2024년도 전기자동차 영주시 모델별 보조금,2024,영주시
화물(초소형),디피코,포트로-탑,400,218.0,618.0,2024년도 전기자동차 영주시 모델별 보조금,2024,영주시
화물(초소형),디피코,포트로-픽업,400,218.0,618.0,2024년도 전기자동차 영주시 모델별 보조금,2024,영주시
화물(초소형),디피코,포트로-탑S,400,218.0,618.0,2024년도 전기자동차 영주시 모델별 보조금,2024,영주시
화물(초소형),디피코,포트로-픽업S,400,218.0,618.0,2024년도 전기자동차 영주시 모델별 보조금,2024,영주시
화물(초소형),마이브,베프,400,218.0,618.0,2024년도 전기자동차 영주시 모델별 보조금,2024,영주시
화물(경형),디피코,포트로350L-탑,788,591.0,1379.0,2024년도 전기자동차 영주시 모델별 보조금,2024,영주시
화물(경형),디피코,포트로350L-픽업,788,591.0,1379.0,2024년도 전기자동차 영주시 모델별 보조금,2024,영주시
화물(소형),파워프라자,봉고3ev PEACE,554,302.0,856.0,2024년도 전기자동차 영주시 모델별 보조금,2024,영주시
화물(소형),파워프라자,봉고3ev PEACE 더블캡,481,262.0,743.0,2024년도 전기자동차 영주시 모델별 보조금,2024,영주시
화물(소형),현대자동차,포터Ⅱ 일렉트릭(23MY),1090,572.0,1662.0,2024년도 전기자동차 영주시 모델별 보조금,2024,영주시
화물(소형),현대자동차,포터Ⅱ 일렉트릭(24MY),1090,572.0,1662.0,2024년도 전기자동차 영주시 모델별 보조금,2024,영주시
화물(소형),현대자동차,ST1 기본형 카고 17인치,1100,600.0,1700.0,2024년도 전기자동차 영주시 모델별 보조금,2024,영주시
화물(소형),현대자동차,ST1 기본형 카고 냉동 17인치,1450,790.0,2240.0,2024년도 전기자동차 영주시 모델별 보조금,2024,영주시
화물(소형),현대자동차,ST1 기본형 하이탑 17인치,1100,600.0,1700.0,2024년도 전기자동차 영주시 모델별 보조금,2024,영주시
화물(소형),기아,봉고 전기차,1130,572.0,1702.0,2024년도 전기자동차 영주시 모델별 보조금,2024,영주시
화물(소형),기아,봉고 전기차 냉동탑차,1330,687.0,2017.0,2024년도 전기자동차 영주시 모델별 보조금,2024,영주시
화물(소형),기아,봉고 전기차 저상형 냉동탑차,1330,687.0,2017.0,2024년도 전기자동차 영주시 모델별 보조금,2024,영주시
화물(소형),일진정공,일진무시동전기냉동탑차(149.9km),916,499.0,1415.0,2024년도 전기자동차 영주시 모델별 보조금,2024,영주시
화물(소형),일진정공,일진무시동전기냉동탑차(186.1km),1169,637.0,1806.0,2024년도 전기자동차 영주시 모델별 보조금,2024,영주시
화물(소형),일진정공,일진무시동전기냉동탑차(봉고),1379,712.0,2091.0,2024년도 전기자동차 영주시 모델별 보조금,2024,영주시
화물(소형),일진정공,일진무시동전기냉동탑차(포터),1363,704.0,2067.0,2024년도 전기자동차 영주시 모델별 보조금,2024,영주시
화물(소형),루트17,다니고C(0.8톤 전기트럭),1068,531.0,1599.0,2024년도 전기자동차 영주시 모델별 보조금,2024,영주시
화물(소형),루트17,다니고C2(0.8톤 전기트럭),268,146.0,414.0,2024년도 전기자동차 영주시 모델별 보조금,2024,영주시
화물(소형),루트17,다니고R(전기냉동탑차),1224,625.0,1849.0,2024년도 전기자동차 영주시 모델별 보조금,2024,영주시
화물(소형),루트17,다니고R2(무시동 전기냉동탑차),1123,575.0,1698.0,2024년도 전기자동차 영주시 모델별 보조금,2024,영주시
화물(소형),루트17,e-TOVI,464,253.0,717.0,2024년도 전기자동차 영주시 모델별 보조금,2024,영주시
화물(소형),이브이케이엠씨,MASADA 픽업,295,160.0,455.0,2024년도 전기자동차 영주시 모델별 보조금,2024,영주시
화물(소형),이브이케이엠씨,MASADA 3세대 2밴,274,149.0,423.0,2024년도 전기자동차 영주시 모델별 보조금,2024,영주시
화물(소형),이브이케이엠씨,MASADA 3세대 4밴,246,134.0,380.0,2024년도 전기자동차 영주시 모델별 보조금,2024,영주시
화물(소형),이브이케이엠씨,MASADA 2밴,299,163.0,462.0,2024년도 전기자동차 영주시 모델별 보조금,2024,영주시
화물(소형),이브이케이엠씨,MASADA 4밴,269,146.0,415.0,2024년도 전기자동차 영주시 모델별 보조금,2024,영주시
화물(소형),이브이케이엠씨,EC35 2밴,194,105.0,299.0,2024년도 전기자동차 영주시 모델별 보조금,2024,영주시
화물(소형),제이스모빌리티,이티밴,405,220.0,625.0,2024년도 전기자동차 영주시 모델별 보조금,2024,영주시
화물(소형),제이스모빌리티,이티4밴,364,198.0,562.0,2024년도 전기자동차 영주시 모델별 보조금,2024,영주시
화물(소형),제이스모빌리티,이티밴 미니 2인승,412,224.0,636.0,2024년도 전기자동차 영주시 모델별 보조금,2024,영주시
화물(소형),제이스모빌리티,이티밴 미니 4인승,412,224.0,636.0,2024년도 전기자동차 영주시 모델별 보조금,2024,영주시
화물(소형),제이스모빌리티,이티밴 프로 2인승,412,224.0,636.0,2024년도 전기자동차 영주시 모델별 보조금,2024,영주시
화물(소형),제이스모빌리티,이티밴 프로 4인승,412,224.0,636.0,2024년도 전기자동차 영주시 모델별 보조금,2024,영주시
화물(소형),오텍,오텍 무시동 전기 냉동탑차(봉고),1118,609.0,1727.0,2024년도 전기자동차 영주시 모델별 보조금,2024,영주시
화물(소형),이엔플러스,이엔1톤롱바디카고,850,463.0,1313.0,2024년도 전기자동차 영주시 모델별 보조금,2024,영주시
화물(소형),이엔플러스,이엔플러스EV1톤롱바디트럭,895,488.0,1383.0,2024년도 전기자동차 영주시 모델별 보조금,2024,영주시
화물(소형),GS글로벌,T4K,462,252.0,714.0,2024년도 전기자동차 영주시 모델별 보조금,2024,영주시
화물(소형),GS글로벌,T4K 냉동탑차,711,387.0,1098.0,2024년도 전기자동차 영주시 모델별 보조금,2024,영주시
화물(소형),에스에스라이트,젤라,336,183.0,519.0,2024년도 전기자동차 영주시 모델별 보조금,2024,영주시
화물(소형),에스에스라이트,젤라 P200,478,260.0,738.0,2024년도 전기자동차 영주시 모델별 보조금,2024,영주시
화물(소형),한국쓰리축,한국쓰리축1톤롱바디EV트럭(봉고),837,456.0,1293.0,2024년도 전기자동차 영주시 모델별 보조금,2024,영주시
화물(소형),한국쓰리축,한국쓰리축1톤롱바디EV트럭(포터),855,466.0,1321.0,2024년도 전기자동차 영주시 모델별 보조금,2024,영주시
화물(소형),모빌리티네트웍스,SE-A2밴,333,181.0,514.0,2024년도 전기자동차 영주시 모델별 보조금,2024,영주시
화물(소형),피닉스코리아,썬라이즈-T01,412,224.0,636.0,2024년도 전기자동차 영주시 모델별 보조금,2024,영주시
화물(소형),케이지모빌리티,토레스 EVX VAN 20인치,392,361.0,753.0,2024년도 전기자동차 영주시 모델별 보조금,2024,영주시
화물(소형),케이지모빌리티,토레스 EVX VAN 18인치,394,363.0,757.0,2024년도 전기자동차 영주시 모델별 보조금,2024,영주시
화물(소형),한국상용트럭,한국상용1톤롱바디EV카고트럭,818,446.0,1264.0,2024년도 전기자동차 영주시 모델별 보조금,2024,영주시
화물(소형),한국상용트럭,한국상용0.9톤롱바디EV내장탑트럭,593,323.0,916.0,2024년도 전기자동차 영주시 모델별 보조금,2024,영주시
화물(소형),센트로에이케이,E-CV1,282,0.0,282.0,2024년도 전기자동차 영주시 모델별 보조금,2024,영주시
화물(소형),파츠몰에이투지,SW40,412,0.0,412.0,2024년도 전기자동차 영주시 모델별 보조금,2024,영주시
화물(소형),이브이앤솔루션,STEGO-Z,540,0.0,540.0,2024년도 전기자동차 영주시 모델별 보조금,2024,영주시
화물(초소형),마스타전기차,MASTA VAN,400,218.0,618.0,2024년도 전기자동차 영천시 모델별 보조금,2024,영천시
화물(초소형),마스타전기차,MASTA HIM,400,218.0,618.0,2024년도 전기자동차 영천시 모델별 보조금,2024,영천시
화물(초소형),디피코,포트로-탑,400,218.0,618.0,2024년도 전기자동차 영천시 모델별 보조금,2024,영천시
화물(초소형),디피코,포트로-픽업,400,218.0,618.0,2024년도 전기자동차 영천시 모델별 보조금,2024,영천시
화물(초소형),디피코,포트로-탑S,400,218.0,618.0,2024년도 전기자동차 영천시 모델별 보조금,2024,영천시
화물(초소형),디피코,포트로-픽업S,400,218.0,618.0,2024년도 전기자동차 영천시 모델별 보조금,2024,영천시
화물(초소형),마이브,베프,400,218.0,618.0,2024년도 전기자동차 영천시 모델별 보조금,2024,영천시
화물(경형),디피코,포트로350L-탑,788,591.0,1379.0,2024년도 전기자동차 영천시 모델별 보조금,2024,영천시
화물(경형),디피코,포트로350L-픽업,788,591.0,1379.0,2024년도 전기자동차 영천시 모델별 보조금,2024,영천시
화물(소형),파워프라자,봉고3ev PEACE,554,302.0,856.0,2024년도 전기자동차 영천시 모델별 보조금,2024,영천시
화물(소형),파워프라자,봉고3ev PEACE 더블캡,481,262.0,743.0,2024년도 전기자동차 영천시 모델별 보조금,2024,영천시
화물(소형),현대자동차,포터Ⅱ 일렉트릭(23MY),1090,572.0,1662.0,2024년도 전기자동차 영천시 모델별 보조금,2024,영천시
화물(소형),현대자동차,포터Ⅱ 일렉트릭(24MY),1090,572.0,1662.0,2024년도 전기자동차 영천시 모델별 보조금,2024,영천시
화물(소형),현대자동차,ST1 기본형 카고 17인치,1100,600.0,1700.0,2024년도 전기자동차 영천시 모델별 보조금,2024,영천시
화물(소형),현대자동차,ST1 기본형 카고 냉동 17인치,1450,790.0,2240.0,2024년도 전기자동차 영천시 모델별 보조금,2024,영천시
화물(소형),현대자동차,ST1 기본형 하이탑 17인치,1100,600.0,1700.0,2024년도 전기자동차 영천시 모델별 보조금,2024,영천시
화물(소형),기아,봉고 전기차,1130,572.0,1702.0,2024년도 전기자동차 영천시 모델별 보조금,2024,영천시
화물(소형),기아,봉고 전기차 냉동탑차,1330,687.0,2017.0,2024년도 전기자동차 영천시 모델별 보조금,2024,영천시
화물(소형),기아,봉고 전기차 저상형 냉동탑차,1330,687.0,2017.0,2024년도 전기자동차 영천시 모델별 보조금,2024,영천시
화물(소형),일진정공,일진무시동전기냉동탑차(149.9km),916,499.0,1415.0,2024년도 전기자동차 영천시 모델별 보조금,2024,영천시
화물(소형),일진정공,일진무시동전기냉동탑차(186.1km),1169,637.0,1806.0,2024년도 전기자동차 영천시 모델별 보조금,2024,영천시
화물(소형),일진정공,일진무시동전기냉동탑차(봉고),1379,712.0,2091.0,2024년도 전기자동차 영천시 모델별 보조금,2024,영천시
화물(소형),일진정공,일진무시동전기냉동탑차(포터),1363,704.0,2067.0,2024년도 전기자동차 영천시 모델별 보조금,2024,영천시
화물(소형),루트17,다니고C(0.8톤 전기트럭),1068,531.0,1599.0,2024년도 전기자동차 영천시 모델별 보조금,2024,영천시
화물(소형),루트17,다니고C2(0.8톤 전기트럭),268,146.0,414.0,2024년도 전기자동차 영천시 모델별 보조금,2024,영천시
화물(소형),루트17,다니고R(전기냉동탑차),1224,625.0,1849.0,2024년도 전기자동차 영천시 모델별 보조금,2024,영천시
화물(소형),루트17,다니고R2(무시동 전기냉동탑차),1123,575.0,1698.0,2024년도 전기자동차 영천시 모델별 보조금,2024,영천시
화물(소형),루트17,e-TOVI,464,253.0,717.0,2024년도 전기자동차 영천시 모델별 보조금,2024,영천시
화물(소형),이브이케이엠씨,MASADA 픽업,295,160.0,455.0,2024년도 전기자동차 영천시 모델별 보조금,2024,영천시
화물(소형),이브이케이엠씨,MASADA 3세대 2밴,274,149.0,423.0,2024년도 전기자동차 영천시 모델별 보조금,2024,영천시
화물(소형),이브이케이엠씨,MASADA 3세대 4밴,246,134.0,380.0,2024년도 전기자동차 영천시 모델별 보조금,2024,영천시
화물(소형),이브이케이엠씨,MASADA 2밴,299,163.0,462.0,2024년도 전기자동차 영천시 모델별 보조금,2024,영천시
화물(소형),이브이케이엠씨,MASADA 4밴,269,146.0,415.0,2024년도 전기자동차 영천시 모델별 보조금,2024,영천시
화물(소형),이브이케이엠씨,EC35 2밴,194,105.0,299.0,2024년도 전기자동차 영천시 모델별 보조금,2024,영천시
화물(소형),제이스모빌리티,이티밴,405,220.0,625.0,2024년도 전기자동차 영천시 모델별 보조금,2024,영천시
화물(소형),제이스모빌리티,이티4밴,364,198.0,562.0,2024년도 전기자동차 영천시 모델별 보조금,2024,영천시
화물(소형),제이스모빌리티,이티밴 미니 2인승,412,224.0,636.0,2024년도 전기자동차 영천시 모델별 보조금,2024,영천시
화물(소형),제이스모빌리티,이티밴 미니 4인승,412,224.0,636.0,2024년도 전기자동차 영천시 모델별 보조금,2024,영천시
화물(소형),제이스모빌리티,이티밴 프로 2인승,412,224.0,636.0,2024년도 전기자동차 영천시 모델별 보조금,2024,영천시
화물(소형),제이스모빌리티,이티밴 프로 4인승,412,224.0,636.0,2024년도 전기자동차 영천시 모델별 보조금,2024,영천시
화물(소형),오텍,오텍 무시동 전기 냉동탑차(봉고),1118,609.0,1727.0,2024년도 전기자동차 영천시 모델별 보조금,2024,영천시
화물(소형),이엔플러스,이엔1톤롱바디카고,850,463.0,1313.0,2024년도 전기자동차 영천시 모델별 보조금,2024,영천시
화물(소형),이엔플러스,이엔플러스EV1톤롱바디트럭,895,488.0,1383.0,2024년도 전기자동차 영천시 모델별 보조금,2024,영천시
화물(소형),GS글로벌,T4K,462,252.0,714.0,2024년도 전기자동차 영천시 모델별 보조금,2024,영천시
화물(소형),GS글로벌,T4K 냉동탑차,711,387.0,1098.0,2024년도 전기자동차 영천시 모델별 보조금,2024,영천시
화물(소형),에스에스라이트,젤라,336,183.0,519.0,2024년도 전기자동차 영천시 모델별 보조금,2024,영천시
화물(소형),에스에스라이트,젤라 P200,478,260.0,738.0,2024년도 전기자동차 영천시 모델별 보조금,2024,영천시
화물(소형),한국쓰리축,한국쓰리축1톤롱바디EV트럭(봉고),837,456.0,1293.0,2024년도 전기자동차 영천시 모델별 보조금,2024,영천시
화물(소형),한국쓰리축,한국쓰리축1톤롱바디EV트럭(포터),855,466.0,1321.0,2024년도 전기자동차 영천시 모델별 보조금,2024,영천시
화물(소형),모빌리티네트웍스,SE-A2밴,333,181.0,514.0,2024년도 전기자동차 영천시 모델별 보조금,2024,영천시
화물(소형),피닉스코리아,썬라이즈-T01,412,224.0,636.0,2024년도 전기자동차 영천시 모델별 보조금,2024,영천시
화물(소형),케이지모빌리티,토레스 EVX VAN 20인치,392,361.0,753.0,2024년도 전기자동차 영천시 모델별 보조금,2024,영천시
화물(소형),케이지모빌리티,토레스 EVX VAN 18인치,394,363.0,757.0,2024년도 전기자동차 영천시 모델별 보조금,2024,영천시
화물(소형),한국상용트럭,한국상용1톤롱바디EV카고트럭,818,755.0,1573.0,2024년도 전기자동차 영천시 모델별 보조금,2024,영천시
화물(소형),한국상용트럭,한국상용0.9톤롱바디EV내장탑트럭,593,323.0,916.0,2024년도 전기자동차 영천시 모델별 보조금,2024,영천시
화물(소형),센트로에이케이,E-CV1,282,153.0,435.0,2024년도 전기자동차 영천시 모델별 보조금,2024,영천시
화물(소형),파츠몰에이투지,SW40,412,224.0,636.0,2024년도 전기자동차 영천시 모델별 보조금,2024,영천시
화물(소형),이브이앤솔루션,STEGO-Z,540,294.0,834.0,2024년도 전기자동차 영천시 모델별 보조금,2024,영천시
화물(초소형),마스타전기차,MASTA VAN,400,218.0,618.0,2024년도 전기자동차 상주시 모델별 보조금,2024,상주시
화물(초소형),마스타전기차,MASTA HIM,400,218.0,618.0,2024년도 전기자동차 상주시 모델별 보조금,2024,상주시
화물(초소형),디피코,포트로-탑,400,218.0,618.0,2024년도 전기자동차 상주시 모델별 보조금,2024,상주시
화물(초소형),디피코,포트로-픽업,400,218.0,618.0,2024년도 전기자동차 상주시 모델별 보조금,2024,상주시
화물(초소형),디피코,포트로-탑S,400,218.0,618.0,2024년도 전기자동차 상주시 모델별 보조금,2024,상주시
화물(초소형),디피코,포트로-픽업S,400,218.0,618.0,2024년도 전기자동차 상주시 모델별 보조금,2024,상주시
화물(초소형),마이브,베프,400,369.0,769.0,2024년도 전기자동차 상주시 모델별 보조금,2024,상주시
화물(경형),디피코,포트로350L-탑,788,591.0,1379.0,2024년도 전기자동차 상주시 모델별 보조금,2024,상주시
화물(경형),디피코,포트로350L-픽업,788,591.0,1379.0,2024년도 전기자동차 상주시 모델별 보조금,2024,상주시
화물(소형),파워프라자,봉고3ev PEACE,554,302.0,856.0,2024년도 전기자동차 상주시 모델별 보조금,2024,상주시
화물(소형),파워프라자,봉고3ev PEACE 더블캡,481,262.0,743.0,2024년도 전기자동차 상주시 모델별 보조금,2024,상주시
화물(소형),현대자동차,포터Ⅱ 일렉트릭(23MY),1090,572.0,1662.0,2024년도 전기자동차 상주시 모델별 보조금,2024,상주시
화물(소형),현대자동차,포터Ⅱ 일렉트릭(24MY),1090,572.0,1662.0,2024년도 전기자동차 상주시 모델별 보조금,2024,상주시
화물(소형),현대자동차,ST1 기본형 카고 17인치,1100,600.0,1700.0,2024년도 전기자동차 상주시 모델별 보조금,2024,상주시
화물(소형),현대자동차,ST1 기본형 카고 냉동 17인치,1450,790.0,2240.0,2024년도 전기자동차 상주시 모델별 보조금,2024,상주시
화물(소형),현대자동차,ST1 기본형 하이탑 17인치,1100,600.0,1700.0,2024년도 전기자동차 상주시 모델별 보조금,2024,상주시
화물(소형),기아,봉고 전기차,1130,572.0,1702.0,2024년도 전기자동차 상주시 모델별 보조금,2024,상주시
화물(소형),기아,봉고 전기차 냉동탑차,1330,687.0,2017.0,2024년도 전기자동차 상주시 모델별 보조금,2024,상주시
화물(소형),기아,봉고 전기차 저상형 냉동탑차,1330,687.0,2017.0,2024년도 전기자동차 상주시 모델별 보조금,2024,상주시
화물(소형),일진정공,일진무시동전기냉동탑차(149.9km),916,499.0,1415.0,2024년도 전기자동차 상주시 모델별 보조금,2024,상주시
화물(소형),일진정공,일진무시동전기냉동탑차(186.1km),1169,637.0,1806.0,2024년도 전기자동차 상주시 모델별 보조금,2024,상주시
화물(소형),일진정공,일진무시동전기냉동탑차(봉고),1379,712.0,2091.0,2024년도 전기자동차 상주시 모델별 보조금,2024,상주시
화물(소형),일진정공,일진무시동전기냉동탑차(포터),1363,704.0,2067.0,2024년도 전기자동차 상주시 모델별 보조금,2024,상주시
화물(소형),루트17,다니고C(0.8톤 전기트럭),1068,531.0,1599.0,2024년도 전기자동차 상주시 모델별 보조금,2024,상주시
화물(소형),루트17,다니고C2(0.8톤 전기트럭),268,146.0,414.0,2024년도 전기자동차 상주시 모델별 보조금,2024,상주시
화물(소형),루트17,다니고R(전기냉동탑차),1224,600.0,1824.0,2024년도 전기자동차 상주시 모델별 보조금,2024,상주시
화물(소형),루트17,다니고R2(무시동 전기냉동탑차),1123,625.0,1748.0,2024년도 전기자동차 상주시 모델별 보조금,2024,상주시
화물(소형),루트17,e-TOVI,464,428.0,892.0,2024년도 전기자동차 상주시 모델별 보조금,2024,상주시
화물(소형),이브이케이엠씨,MASADA 픽업,295,160.0,455.0,2024년도 전기자동차 상주시 모델별 보조금,2024,상주시
화물(소형),이브이케이엠씨,MASADA 3세대 2밴,274,149.0,423.0,2024년도 전기자동차 상주시 모델별 보조금,2024,상주시
화물(소형),이브이케이엠씨,MASADA 3세대 4밴,246,134.0,380.0,2024년도 전기자동차 상주시 모델별 보조금,2024,상주시
화물(소형),이브이케이엠씨,MASADA 2밴,299,163.0,462.0,2024년도 전기자동차 상주시 모델별 보조금,2024,상주시
화물(소형),이브이케이엠씨,MASADA 4밴,269,146.0,415.0,2024년도 전기자동차 상주시 모델별 보조금,2024,상주시
화물(소형),이브이케이엠씨,EC35 2밴,194,105.0,299.0,2024년도 전기자동차 상주시 모델별 보조금,2024,상주시
화물(소형),제이스모빌리티,이티밴,405,220.0,625.0,2024년도 전기자동차 상주시 모델별 보조금,2024,상주시
화물(소형),제이스모빌리티,이티4밴,364,198.0,562.0,2024년도 전기자동차 상주시 모델별 보조금,2024,상주시
화물(소형),제이스모빌리티,이티밴 미니 2인승,412,224.0,636.0,2024년도 전기자동차 상주시 모델별 보조금,2024,상주시
화물(소형),제이스모빌리티,이티밴 미니 4인승,412,224.0,636.0,2024년도 전기자동차 상주시 모델별 보조금,2024,상주시
화물(소형),제이스모빌리티,이티밴 프로 2인승,412,224.0,636.0,2024년도 전기자동차 상주시 모델별 보조금,2024,상주시
화물(소형),제이스모빌리티,이티밴 프로 4인승,412,224.0,636.0,2024년도 전기자동차 상주시 모델별 보조금,2024,상주시
화물(소형),오텍,오텍 무시동 전기 냉동탑차(봉고),1118,609.0,1727.0,2024년도 전기자동차 상주시 모델별 보조금,2024,상주시
화물(소형),이엔플러스,이엔1톤롱바디카고,850,463.0,1313.0,2024년도 전기자동차 상주시 모델별 보조금,2024,상주시
화물(소형),이엔플러스,이엔플러스EV1톤롱바디트럭,895,488.0,1383.0,2024년도 전기자동차 상주시 모델별 보조금,2024,상주시
화물(소형),GS글로벌,T4K,462,252.0,714.0,2024년도 전기자동차 상주시 모델별 보조금,2024,상주시
화물(소형),GS글로벌,T4K 냉동탑차,711,387.0,1098.0,2024년도 전기자동차 상주시 모델별 보조금,2024,상주시
화물(소형),에스에스라이트,젤라,336,183.0,519.0,2024년도 전기자동차 상주시 모델별 보조금,2024,상주시
화물(소형),에스에스라이트,젤라 P200,478,260.0,738.0,2024년도 전기자동차 상주시 모델별 보조금,2024,상주시
화물(소형),한국쓰리축,한국쓰리축1톤롱바디EV트럭(봉고),837,456.0,1293.0,2024년도 전기자동차 상주시 모델별 보조금,2024,상주시
화물(소형),한국쓰리축,한국쓰리축1톤롱바디EV트럭(포터),855,466.0,1321.0,2024년도 전기자동차 상주시 모델별 보조금,2024,상주시
화물(소형),모빌리티네트웍스,SE-A2밴,333,181.0,514.0,2024년도 전기자동차 상주시 모델별 보조금,2024,상주시
화물(소형),피닉스코리아,썬라이즈-T01,412,224.0,636.0,2024년도 전기자동차 상주시 모델별 보조금,2024,상주시
화물(소형),케이지모빌리티,토레스 EVX VAN 20인치,392,361.0,753.0,2024년도 전기자동차 상주시 모델별 보조금,2024,상주시
화물(소형),케이지모빌리티,토레스 EVX VAN 18인치,394,363.0,757.0,2024년도 전기자동차 상주시 모델별 보조금,2024,상주시
화물(소형),한국상용트럭,한국상용1톤롱바디EV카고트럭,818,755.0,1573.0,2024년도 전기자동차 상주시 모델별 보조금,2024,상주시
화물(소형),한국상용트럭,한국상용0.9톤롱바디EV내장탑트럭,593,547.0,1140.0,2024년도 전기자동차 상주시 모델별 보조금,2024,상주시
화물(소형),센트로에이케이,E-CV1,282,260.0,542.0,2024년도 전기자동차 상주시 모델별 보조금,2024,상주시
화물(소형),파츠몰에이투지,SW40,412,380.0,792.0,2024년도 전기자동차 상주시 모델별 보조금,2024,상주시
화물(소형),이브이앤솔루션,STEGO-Z,540,498.0,1038.0,2024년도 전기자동차 상주시 모델별 보조금,2024,상주시
화물(초소형),마스타전기차,MASTA VAN,400,218.0,618.0,2024년도 전기자동차 문경시 모델별 보조금,2024,문경시
화물(초소형),마스타전기차,MASTA HIM,400,218.0,618.0,2024년도 전기자동차 문경시 모델별 보조금,2024,문경시
화물(초소형),디피코,포트로-탑,400,218.0,618.0,2024년도 전기자동차 문경시 모델별 보조금,2024,문경시
화물(초소형),디피코,포트로-픽업,400,218.0,618.0,2024년도 전기자동차 문경시 모델별 보조금,2024,문경시
화물(초소형),디피코,포트로-탑S,400,218.0,618.0,2024년도 전기자동차 문경시 모델별 보조금,2024,문경시
화물(초소형),디피코,포트로-픽업S,400,218.0,618.0,2024년도 전기자동차 문경시 모델별 보조금,2024,문경시
화물(초소형),마이브,베프,400,218.0,618.0,2024년도 전기자동차 문경시 모델별 보조금,2024,문경시
화물(경형),디피코,포트로350L-탑,788,591.0,1379.0,2024년도 전기자동차 문경시 모델별 보조금,2024,문경시
화물(경형),디피코,포트로350L-픽업,788,591.0,1379.0,2024년도 전기자동차 문경시 모델별 보조금,2024,문경시
화물(소형),파워프라자,봉고3ev PEACE,554,302.0,856.0,2024년도 전기자동차 문경시 모델별 보조금,2024,문경시
화물(소형),파워프라자,봉고3ev PEACE 더블캡,481,262.0,743.0,2024년도 전기자동차 문경시 모델별 보조금,2024,문경시
화물(소형),현대자동차,포터Ⅱ 일렉트릭(23MY),1090,572.0,1662.0,2024년도 전기자동차 문경시 모델별 보조금,2024,문경시
화물(소형),현대자동차,포터Ⅱ 일렉트릭(24MY),1090,572.0,1662.0,2024년도 전기자동차 문경시 모델별 보조금,2024,문경시
화물(소형),현대자동차,ST1 기본형 카고 17인치,1100,600.0,1700.0,2024년도 전기자동차 문경시 모델별 보조금,2024,문경시
화물(소형),현대자동차,ST1 기본형 카고 냉동 17인치,1450,790.0,2240.0,2024년도 전기자동차 문경시 모델별 보조금,2024,문경시
화물(소형),현대자동차,ST1 기본형 하이탑 17인치,1100,600.0,1700.0,2024년도 전기자동차 문경시 모델별 보조금,2024,문경시
화물(소형),기아,봉고 전기차,1130,572.0,1702.0,2024년도 전기자동차 문경시 모델별 보조금,2024,문경시
화물(소형),기아,봉고 전기차 냉동탑차,1330,687.0,2017.0,2024년도 전기자동차 문경시 모델별 보조금,2024,문경시
화물(소형),기아,봉고 전기차 저상형 냉동탑차,1330,687.0,2017.0,2024년도 전기자동차 문경시 모델별 보조금,2024,문경시
화물(소형),일진정공,일진무시동전기냉동탑차(149.9km),916,499.0,1415.0,2024년도 전기자동차 문경시 모델별 보조금,2024,문경시
화물(소형),일진정공,일진무시동전기냉동탑차(186.1km),1169,637.0,1806.0,2024년도 전기자동차 문경시 모델별 보조금,2024,문경시
화물(소형),일진정공,일진무시동전기냉동탑차(봉고),1379,712.0,2091.0,2024년도 전기자동차 문경시 모델별 보조금,2024,문경시
화물(소형),일진정공,일진무시동전기냉동탑차(포터),1363,704.0,2067.0,2024년도 전기자동차 문경시 모델별 보조금,2024,문경시
화물(소형),루트17,다니고C(0.8톤 전기트럭),1068,531.0,1599.0,2024년도 전기자동차 문경시 모델별 보조금,2024,문경시
화물(소형),루트17,다니고C2(0.8톤 전기트럭),268,146.0,414.0,2024년도 전기자동차 문경시 모델별 보조금,2024,문경시
화물(소형),루트17,다니고R(전기냉동탑차),1224,625.0,1849.0,2024년도 전기자동차 문경시 모델별 보조금,2024,문경시
화물(소형),루트17,다니고R2(무시동 전기냉동탑차),1123,575.0,1698.0,2024년도 전기자동차 문경시 모델별 보조금,2024,문경시
화물(소형),루트17,e-TOVI,464,253.0,717.0,2024년도 전기자동차 문경시 모델별 보조금,2024,문경시
화물(소형),이브이케이엠씨,MASADA 픽업,295,160.0,455.0,2024년도 전기자동차 문경시 모델별 보조금,2024,문경시
화물(소형),이브이케이엠씨,MASADA 3세대 2밴,274,149.0,423.0,2024년도 전기자동차 문경시 모델별 보조금,2024,문경시
화물(소형),이브이케이엠씨,MASADA 3세대 4밴,246,134.0,380.0,2024년도 전기자동차 문경시 모델별 보조금,2024,문경시
화물(소형),이브이케이엠씨,MASADA 2밴,299,163.0,462.0,2024년도 전기자동차 문경시 모델별 보조금,2024,문경시
화물(소형),이브이케이엠씨,MASADA 4밴,269,146.0,415.0,2024년도 전기자동차 문경시 모델별 보조금,2024,문경시
화물(소형),이브이케이엠씨,EC35 2밴,194,105.0,299.0,2024년도 전기자동차 문경시 모델별 보조금,2024,문경시
화물(소형),제이스모빌리티,이티밴,405,220.0,625.0,2024년도 전기자동차 문경시 모델별 보조금,2024,문경시
화물(소형),제이스모빌리티,이티4밴,364,198.0,562.0,2024년도 전기자동차 문경시 모델별 보조금,2024,문경시
화물(소형),제이스모빌리티,이티밴 미니 2인승,412,224.0,636.0,2024년도 전기자동차 문경시 모델별 보조금,2024,문경시
화물(소형),제이스모빌리티,이티밴 미니 4인승,412,224.0,636.0,2024년도 전기자동차 문경시 모델별 보조금,2024,문경시
화물(소형),제이스모빌리티,이티밴 프로 2인승,412,224.0,636.0,2024년도 전기자동차 문경시 모델별 보조금,2024,문경시
화물(소형),제이스모빌리티,이티밴 프로 4인승,412,224.0,636.0,2024년도 전기자동차 문경시 모델별 보조금,2024,문경시
화물(소형),오텍,오텍 무시동 전기 냉동탑차(봉고),1118,609.0,1727.0,2024년도 전기자동차 문경시 모델별 보조금,2024,문경시
화물(소형),이엔플러스,이엔1톤롱바디카고,850,463.0,1313.0,2024년도 전기자동차 문경시 모델별 보조금,2024,문경시
화물(소형),이엔플러스,이엔플러스EV1톤롱바디트럭,895,488.0,1383.0,2024년도 전기자동차 문경시 모델별 보조금,2024,문경시
화물(소형),GS글로벌,T4K,462,252.0,714.0,2024년도 전기자동차 문경시 모델별 보조금,2024,문경시
화물(소형),GS글로벌,T4K 냉동탑차,711,387.0,1098.0,2024년도 전기자동차 문경시 모델별 보조금,2024,문경시
화물(소형),에스에스라이트,젤라,336,183.0,519.0,2024년도 전기자동차 문경시 모델별 보조금,2024,문경시
화물(소형),에스에스라이트,젤라 P200,478,260.0,738.0,2024년도 전기자동차 문경시 모델별 보조금,2024,문경시
화물(소형),한국쓰리축,한국쓰리축1톤롱바디EV트럭(봉고),837,456.0,1293.0,2024년도 전기자동차 문경시 모델별 보조금,2024,문경시
화물(소형),한국쓰리축,한국쓰리축1톤롱바디EV트럭(포터),855,466.0,1321.0,2024년도 전기자동차 문경시 모델별 보조금,2024,문경시
화물(소형),모빌리티네트웍스,SE-A2밴,333,181.0,514.0,2024년도 전기자동차 문경시 모델별 보조금,2024,문경시
화물(소형),피닉스코리아,썬라이즈-T01,412,224.0,636.0,2024년도 전기자동차 문경시 모델별 보조금,2024,문경시
화물(소형),케이지모빌리티,토레스 EVX VAN 20인치,392,213.0,605.0,2024년도 전기자동차 문경시 모델별 보조금,2024,문경시
화물(소형),케이지모빌리티,토레스 EVX VAN 18인치,394,214.0,608.0,2024년도 전기자동차 문경시 모델별 보조금,2024,문경시
화물(소형),한국상용트럭,한국상용1톤롱바디EV카고트럭,818,446.0,1264.0,2024년도 전기자동차 문경시 모델별 보조금,2024,문경시
화물(소형),한국상용트럭,한국상용0.9톤롱바디EV내장탑트럭,593,323.0,916.0,2024년도 전기자동차 문경시 모델별 보조금,2024,문경시
화물(소형),센트로에이케이,E-CV1,282,153.0,435.0,2024년도 전기자동차 문경시 모델별 보조금,2024,문경시
화물(소형),파츠몰에이투지,SW40,412,224.0,636.0,2024년도 전기자동차 문경시 모델별 보조금,2024,문경시
화물(소형),이브이앤솔루션,STEGO-Z,540,294.0,834.0,2024년도 전기자동차 문경시 모델별 보조금,2024,문경시
화물(초소형),마스타전기차,MASTA VAN,400,218.0,618.0,2024년도 전기자동차 경산시 모델별 보조금,2024,경산시
화물(초소형),마스타전기차,MASTA HIM,400,218.0,618.0,2024년도 전기자동차 경산시 모델별 보조금,2024,경산시
화물(초소형),디피코,포트로-탑,400,218.0,618.0,2024년도 전기자동차 경산시 모델별 보조금,2024,경산시
화물(초소형),디피코,포트로-픽업,400,218.0,618.0,2024년도 전기자동차 경산시 모델별 보조금,2024,경산시
화물(초소형),디피코,포트로-탑S,400,218.0,618.0,2024년도 전기자동차 경산시 모델별 보조금,2024,경산시
화물(초소형),디피코,포트로-픽업S,400,218.0,618.0,2024년도 전기자동차 경산시 모델별 보조금,2024,경산시
화물(초소형),마이브,베프,400,218.0,618.0,2024년도 전기자동차 경산시 모델별 보조금,2024,경산시
화물(경형),디피코,포트로350L-탑,788,591.0,1379.0,2024년도 전기자동차 경산시 모델별 보조금,2024,경산시
화물(경형),디피코,포트로350L-픽업,788,591.0,1379.0,2024년도 전기자동차 경산시 모델별 보조금,2024,경산시
화물(소형),파워프라자,봉고3ev PEACE,554,302.0,856.0,2024년도 전기자동차 경산시 모델별 보조금,2024,경산시
화물(소형),파워프라자,봉고3ev PEACE 더블캡,481,262.0,743.0,2024년도 전기자동차 경산시 모델별 보조금,2024,경산시
화물(소형),현대자동차,포터Ⅱ 일렉트릭(23MY),1090,572.0,1662.0,2024년도 전기자동차 경산시 모델별 보조금,2024,경산시
화물(소형),현대자동차,포터Ⅱ 일렉트릭(24MY),1090,572.0,1662.0,2024년도 전기자동차 경산시 모델별 보조금,2024,경산시
화물(소형),현대자동차,ST1 기본형 카고 17인치,1100,600.0,1700.0,2024년도 전기자동차 경산시 모델별 보조금,2024,경산시
화물(소형),현대자동차,ST1 기본형 카고 냉동 17인치,1450,790.0,2240.0,2024년도 전기자동차 경산시 모델별 보조금,2024,경산시
화물(소형),현대자동차,ST1 기본형 하이탑 17인치,1100,600.0,1700.0,2024년도 전기자동차 경산시 모델별 보조금,2024,경산시
화물(소형),기아,봉고 전기차,1130,572.0,1702.0,2024년도 전기자동차 경산시 모델별 보조금,2024,경산시
화물(소형),기아,봉고 전기차 냉동탑차,1330,687.0,2017.0,2024년도 전기자동차 경산시 모델별 보조금,2024,경산시
화물(소형),기아,봉고 전기차 저상형 냉동탑차,1330,687.0,2017.0,2024년도 전기자동차 경산시 모델별 보조금,2024,경산시
화물(소형),일진정공,일진무시동전기냉동탑차(149.9km),916,499.0,1415.0,2024년도 전기자동차 경산시 모델별 보조금,2024,경산시
화물(소형),일진정공,일진무시동전기냉동탑차(186.1km),1169,637.0,1806.0,2024년도 전기자동차 경산시 모델별 보조금,2024,경산시
화물(소형),일진정공,일진무시동전기냉동탑차(봉고),1379,712.0,2091.0,2024년도 전기자동차 경산시 모델별 보조금,2024,경산시
화물(소형),일진정공,일진무시동전기냉동탑차(포터),1363,704.0,2067.0,2024년도 전기자동차 경산시 모델별 보조금,2024,경산시
화물(소형),루트17,다니고C(0.8톤 전기트럭),1068,531.0,1599.0,2024년도 전기자동차 경산시 모델별 보조금,2024,경산시
화물(소형),루트17,다니고C2(0.8톤 전기트럭),268,146.0,414.0,2024년도 전기자동차 경산시 모델별 보조금,2024,경산시
화물(소형),루트17,다니고R(전기냉동탑차),1224,625.0,1849.0,2024년도 전기자동차 경산시 모델별 보조금,2024,경산시
화물(소형),루트17,다니고R2(무시동 전기냉동탑차),1123,575.0,1698.0,2024년도 전기자동차 경산시 모델별 보조금,2024,경산시
화물(소형),루트17,e-TOVI,464,253.0,717.0,2024년도 전기자동차 경산시 모델별 보조금,2024,경산시
화물(소형),이브이케이엠씨,MASADA 픽업,295,160.0,455.0,2024년도 전기자동차 경산시 모델별 보조금,2024,경산시
화물(소형),이브이케이엠씨,MASADA 3세대 2밴,274,149.0,423.0,2024년도 전기자동차 경산시 모델별 보조금,2024,경산시
화물(소형),이브이케이엠씨,MASADA 3세대 4밴,246,134.0,380.0,2024년도 전기자동차 경산시 모델별 보조금,2024,경산시
화물(소형),이브이케이엠씨,MASADA 2밴,299,163.0,462.0,2024년도 전기자동차 경산시 모델별 보조금,2024,경산시
화물(소형),이브이케이엠씨,MASADA 4밴,269,146.0,415.0,2024년도 전기자동차 경산시 모델별 보조금,2024,경산시
화물(소형),이브이케이엠씨,EC35 2밴,194,105.0,299.0,2024년도 전기자동차 경산시 모델별 보조금,2024,경산시
화물(소형),제이스모빌리티,이티밴,405,220.0,625.0,2024년도 전기자동차 경산시 모델별 보조금,2024,경산시
화물(소형),제이스모빌리티,이티4밴,364,198.0,562.0,2024년도 전기자동차 경산시 모델별 보조금,2024,경산시
화물(소형),제이스모빌리티,이티밴 미니 2인승,412,224.0,636.0,2024년도 전기자동차 경산시 모델별 보조금,2024,경산시
화물(소형),제이스모빌리티,이티밴 미니 4인승,412,224.0,636.0,2024년도 전기자동차 경산시 모델별 보조금,2024,경산시
화물(소형),제이스모빌리티,이티밴 프로 2인승,412,224.0,636.0,2024년도 전기자동차 경산시 모델별 보조금,2024,경산시
화물(소형),제이스모빌리티,이티밴 프로 4인승,412,224.0,636.0,2024년도 전기자동차 경산시 모델별 보조금,2024,경산시
화물(소형),오텍,오텍 무시동 전기 냉동탑차(봉고),1118,609.0,1727.0,2024년도 전기자동차 경산시 모델별 보조금,2024,경산시
화물(소형),이엔플러스,이엔1톤롱바디카고,850,463.0,1313.0,2024년도 전기자동차 경산시 모델별 보조금,2024,경산시
화물(소형),이엔플러스,이엔플러스EV1톤롱바디트럭,895,488.0,1383.0,2024년도 전기자동차 경산시 모델별 보조금,2024,경산시
화물(소형),GS글로벌,T4K,462,252.0,714.0,2024년도 전기자동차 경산시 모델별 보조금,2024,경산시
화물(소형),GS글로벌,T4K 냉동탑차,711,387.0,1098.0,2024년도 전기자동차 경산시 모델별 보조금,2024,경산시
화물(소형),에스에스라이트,젤라,336,183.0,519.0,2024년도 전기자동차 경산시 모델별 보조금,2024,경산시
화물(소형),에스에스라이트,젤라 P200,478,260.0,738.0,2024년도 전기자동차 경산시 모델별 보조금,2024,경산시
화물(소형),한국쓰리축,한국쓰리축1톤롱바디EV트럭(봉고),837,456.0,1293.0,2024년도 전기자동차 경산시 모델별 보조금,2024,경산시
화물(소형),한국쓰리축,한국쓰리축1톤롱바디EV트럭(포터),855,466.0,1321.0,2024년도 전기자동차 경산시 모델별 보조금,2024,경산시
화물(소형),모빌리티네트웍스,SE-A2밴,333,181.0,514.0,2024년도 전기자동차 경산시 모델별 보조금,2024,경산시
화물(소형),피닉스코리아,썬라이즈-T01,412,224.0,636.0,2024년도 전기자동차 경산시 모델별 보조금,2024,경산시
화물(소형),케이지모빌리티,토레스 EVX VAN 20인치,392,361.0,753.0,2024년도 전기자동차 경산시 모델별 보조금,2024,경산시
화물(소형),케이지모빌리티,토레스 EVX VAN 18인치,394,363.0,757.0,2024년도 전기자동차 경산시 모델별 보조금,2024,경산시
화물(소형),한국상용트럭,한국상용1톤롱바디EV카고트럭,818,446.0,1264.0,2024년도 전기자동차 경산시 모델별 보조금,2024,경산시
화물(소형),한국상용트럭,한국상용0.9톤롱바디EV내장탑트럭,593,323.0,916.0,2024년도 전기자동차 경산시 모델별 보조금,2024,경산시
화물(소형),센트로에이케이,E-CV1,282,153.0,435.0,2024년도 전기자동차 경산시 모델별 보조금,2024,경산시
화물(소형),파츠몰에이투지,SW40,412,224.0,636.0,2024년도 전기자동차 경산시 모델별 보조금,2024,경산시
화물(소형),이브이앤솔루션,STEGO-Z,540,294.0,834.0,2024년도 전기자동차 경산시 모델별 보조금,2024,경산시
화물(초소형),마스타전기차,MASTA VAN,400,218.0,618.0,2024년도 전기자동차 의성군 모델별 보조금,2024,의성군
화물(초소형),마스타전기차,MASTA HIM,400,218.0,618.0,2024년도 전기자동차 의성군 모델별 보조금,2024,의성군
화물(초소형),디피코,포트로-탑,400,218.0,618.0,2024년도 전기자동차 의성군 모델별 보조금,2024,의성군
화물(초소형),디피코,포트로-픽업,400,218.0,618.0,2024년도 전기자동차 의성군 모델별 보조금,2024,의성군
화물(초소형),디피코,포트로-탑S,400,218.0,618.0,2024년도 전기자동차 의성군 모델별 보조금,2024,의성군
화물(초소형),디피코,포트로-픽업S,400,218.0,618.0,2024년도 전기자동차 의성군 모델별 보조금,2024,의성군
화물(초소형),마이브,베프,400,218.0,618.0,2024년도 전기자동차 의성군 모델별 보조금,2024,의성군
화물(경형),디피코,포트로350L-탑,788,591.0,1379.0,2024년도 전기자동차 의성군 모델별 보조금,2024,의성군
화물(경형),디피코,포트로350L-픽업,788,591.0,1379.0,2024년도 전기자동차 의성군 모델별 보조금,2024,의성군
화물(소형),파워프라자,봉고3ev PEACE,554,302.0,856.0,2024년도 전기자동차 의성군 모델별 보조금,2024,의성군
화물(소형),파워프라자,봉고3ev PEACE 더블캡,481,262.0,743.0,2024년도 전기자동차 의성군 모델별 보조금,2024,의성군
화물(소형),현대자동차,포터Ⅱ 일렉트릭(23MY),1090,572.0,1662.0,2024년도 전기자동차 의성군 모델별 보조금,2024,의성군
화물(소형),현대자동차,포터Ⅱ 일렉트릭(24MY),1090,572.0,1662.0,2024년도 전기자동차 의성군 모델별 보조금,2024,의성군
화물(소형),현대자동차,ST1 기본형 카고 17인치,1100,600.0,1700.0,2024년도 전기자동차 의성군 모델별 보조금,2024,의성군
화물(소형),현대자동차,ST1 기본형 카고 냉동 17인치,1450,790.0,2240.0,2024년도 전기자동차 의성군 모델별 보조금,2024,의성군
화물(소형),현대자동차,ST1 기본형 하이탑 17인치,1100,600.0,1700.0,2024년도 전기자동차 의성군 모델별 보조금,2024,의성군
화물(소형),기아,봉고 전기차,1130,572.0,1702.0,2024년도 전기자동차 의성군 모델별 보조금,2024,의성군
화물(소형),기아,봉고 전기차 냉동탑차,1330,687.0,2017.0,2024년도 전기자동차 의성군 모델별 보조금,2024,의성군
화물(소형),기아,봉고 전기차 저상형 냉동탑차,1330,687.0,2017.0,2024년도 전기자동차 의성군 모델별 보조금,2024,의성군
화물(소형),일진정공,일진무시동전기냉동탑차(149.9km),916,499.0,1415.0,2024년도 전기자동차 의성군 모델별 보조금,2024,의성군
화물(소형),일진정공,일진무시동전기냉동탑차(186.1km),1169,637.0,1806.0,2024년도 전기자동차 의성군 모델별 보조금,2024,의성군
화물(소형),일진정공,일진무시동전기냉동탑차(봉고),1379,712.0,2091.0,2024년도 전기자동차 의성군 모델별 보조금,2024,의성군
화물(소형),일진정공,일진무시동전기냉동탑차(포터),1363,704.0,2067.0,2024년도 전기자동차 의성군 모델별 보조금,2024,의성군
화물(소형),루트17,다니고C(0.8톤 전기트럭),1068,531.0,1599.0,2024년도 전기자동차 의성군 모델별 보조금,2024,의성군
화물(소형),루트17,다니고C2(0.8톤 전기트럭),268,146.0,414.0,2024년도 전기자동차 의성군 모델별 보조금,2024,의성군
화물(소형),루트17,다니고R(전기냉동탑차),1224,625.0,1849.0,2024년도 전기자동차 의성군 모델별 보조금,2024,의성군
화물(소형),루트17,다니고R2(무시동 전기냉동탑차),1123,575.0,1698.0,2024년도 전기자동차 의성군 모델별 보조금,2024,의성군
화물(소형),루트17,e-TOVI,464,253.0,717.0,2024년도 전기자동차 의성군 모델별 보조금,2024,의성군
화물(소형),이브이케이엠씨,MASADA 픽업,295,160.0,455.0,2024년도 전기자동차 의성군 모델별 보조금,2024,의성군
화물(소형),이브이케이엠씨,MASADA 3세대 2밴,274,149.0,423.0,2024년도 전기자동차 의성군 모델별 보조금,2024,의성군
화물(소형),이브이케이엠씨,MASADA 3세대 4밴,246,134.0,380.0,2024년도 전기자동차 의성군 모델별 보조금,2024,의성군
화물(소형),이브이케이엠씨,MASADA 2밴,299,163.0,462.0,2024년도 전기자동차 의성군 모델별 보조금,2024,의성군
화물(소형),이브이케이엠씨,MASADA 4밴,269,146.0,415.0,2024년도 전기자동차 의성군 모델별 보조금,2024,의성군
화물(소형),이브이케이엠씨,EC35 2밴,194,105.0,299.0,2024년도 전기자동차 의성군 모델별 보조금,2024,의성군
화물(소형),제이스모빌리티,이티밴,405,220.0,625.0,2024년도 전기자동차 의성군 모델별 보조금,2024,의성군
화물(소형),제이스모빌리티,이티4밴,364,198.0,562.0,2024년도 전기자동차 의성군 모델별 보조금,2024,의성군
화물(소형),제이스모빌리티,이티밴 미니 2인승,412,224.0,636.0,2024년도 전기자동차 의성군 모델별 보조금,2024,의성군
화물(소형),제이스모빌리티,이티밴 미니 4인승,412,224.0,636.0,2024년도 전기자동차 의성군 모델별 보조금,2024,의성군
화물(소형),제이스모빌리티,이티밴 프로 2인승,412,224.0,636.0,2024년도 전기자동차 의성군 모델별 보조금,2024,의성군
화물(소형),제이스모빌리티,이티밴 프로 4인승,412,224.0,636.0,2024년도 전기자동차 의성군 모델별 보조금,2024,의성군
화물(소형),오텍,오텍 무시동 전기 냉동탑차(봉고),1118,609.0,1727.0,2024년도 전기자동차 의성군 모델별 보조금,2024,의성군
화물(소형),이엔플러스,이엔1톤롱바디카고,850,463.0,1313.0,2024년도 전기자동차 의성군 모델별 보조금,2024,의성군
화물(소형),이엔플러스,이엔플러스EV1톤롱바디트럭,895,488.0,1383.0,2024년도 전기자동차 의성군 모델별 보조금,2024,의성군
화물(소형),GS글로벌,T4K,462,252.0,714.0,2024년도 전기자동차 의성군 모델별 보조금,2024,의성군
화물(소형),GS글로벌,T4K 냉동탑차,711,387.0,1098.0,2024년도 전기자동차 의성군 모델별 보조금,2024,의성군
화물(소형),에스에스라이트,젤라,336,183.0,519.0,2024년도 전기자동차 의성군 모델별 보조금,2024,의성군
화물(소형),에스에스라이트,젤라 P200,478,260.0,738.0,2024년도 전기자동차 의성군 모델별 보조금,2024,의성군
화물(소형),한국쓰리축,한국쓰리축1톤롱바디EV트럭(봉고),837,456.0,1293.0,2024년도 전기자동차 의성군 모델별 보조금,2024,의성군
화물(소형),한국쓰리축,한국쓰리축1톤롱바디EV트럭(포터),855,466.0,1321.0,2024년도 전기자동차 의성군 모델별 보조금,2024,의성군
화물(소형),모빌리티네트웍스,SE-A2밴,333,181.0,514.0,2024년도 전기자동차 의성군 모델별 보조금,2024,의성군
화물(소형),피닉스코리아,썬라이즈-T01,412,224.0,636.0,2024년도 전기자동차 의성군 모델별 보조금,2024,의성군
화물(소형),케이지모빌리티,토레스 EVX VAN 20인치,392,361.0,753.0,2024년도 전기자동차 의성군 모델별 보조금,2024,의성군
화물(소형),케이지모빌리티,토레스 EVX VAN 18인치,394,363.0,757.0,2024년도 전기자동차 의성군 모델별 보조금,2024,의성군
화물(소형),한국상용트럭,한국상용1톤롱바디EV카고트럭,818,446.0,1264.0,2024년도 전기자동차 의성군 모델별 보조금,2024,의성군
화물(소형),한국상용트럭,한국상용0.9톤롱바디EV내장탑트럭,593,323.0,916.0,2024년도 전기자동차 의성군 모델별 보조금,2024,의성군
화물(소형),센트로에이케이,E-CV1,282,153.0,435.0,2024년도 전기자동차 의성군 모델별 보조금,2024,의성군
화물(소형),파츠몰에이투지,SW40,412,224.0,636.0,2024년도 전기자동차 의성군 모델별 보조금,2024,의성군
화물(소형),이브이앤솔루션,STEGO-Z,540,294.0,834.0,2024년도 전기자동차 의성군 모델별 보조금,2024,의성군
화물(초소형),마스타전기차,MASTA VAN,400,218.0,618.0,2024년도 전기자동차 청송군 모델별 보조금,2024,청송군
화물(초소형),마스타전기차,MASTA HIM,400,218.0,618.0,2024년도 전기자동차 청송군 모델별 보조금,2024,청송군
화물(초소형),디피코,포트로-탑,400,218.0,618.0,2024년도 전기자동차 청송군 모델별 보조금,2024,청송군
화물(초소형),디피코,포트로-픽업,400,218.0,618.0,2024년도 전기자동차 청송군 모델별 보조금,2024,청송군
화물(초소형),디피코,포트로-탑S,400,218.0,618.0,2024년도 전기자동차 청송군 모델별 보조금,2024,청송군
화물(초소형),디피코,포트로-픽업S,400,218.0,618.0,2024년도 전기자동차 청송군 모델별 보조금,2024,청송군
화물(초소형),마이브,베프,400,218.0,618.0,2024년도 전기자동차 청송군 모델별 보조금,2024,청송군
화물(경형),디피코,포트로350L-탑,788,591.0,1379.0,2024년도 전기자동차 청송군 모델별 보조금,2024,청송군
화물(경형),디피코,포트로350L-픽업,788,591.0,1379.0,2024년도 전기자동차 청송군 모델별 보조금,2024,청송군
화물(소형),파워프라자,봉고3ev PEACE,554,302.0,856.0,2024년도 전기자동차 청송군 모델별 보조금,2024,청송군
화물(소형),파워프라자,봉고3ev PEACE 더블캡,481,262.0,743.0,2024년도 전기자동차 청송군 모델별 보조금,2024,청송군
화물(소형),현대자동차,포터Ⅱ 일렉트릭(23MY),1090,572.0,1662.0,2024년도 전기자동차 청송군 모델별 보조금,2024,청송군
화물(소형),현대자동차,포터Ⅱ 일렉트릭(24MY),1090,572.0,1662.0,2024년도 전기자동차 청송군 모델별 보조금,2024,청송군
화물(소형),현대자동차,ST1 기본형 카고 17인치,1100,600.0,1700.0,2024년도 전기자동차 청송군 모델별 보조금,2024,청송군
화물(소형),현대자동차,ST1 기본형 카고 냉동 17인치,1450,790.0,2240.0,2024년도 전기자동차 청송군 모델별 보조금,2024,청송군
화물(소형),현대자동차,ST1 기본형 하이탑 17인치,1100,600.0,1700.0,2024년도 전기자동차 청송군 모델별 보조금,2024,청송군
화물(소형),기아,봉고 전기차,1130,572.0,1702.0,2024년도 전기자동차 청송군 모델별 보조금,2024,청송군
화물(소형),기아,봉고 전기차 냉동탑차,1330,687.0,2017.0,2024년도 전기자동차 청송군 모델별 보조금,2024,청송군
화물(소형),기아,봉고 전기차 저상형 냉동탑차,1330,687.0,2017.0,2024년도 전기자동차 청송군 모델별 보조금,2024,청송군
화물(소형),일진정공,일진무시동전기냉동탑차(149.9km),916,499.0,1415.0,2024년도 전기자동차 청송군 모델별 보조금,2024,청송군
화물(소형),일진정공,일진무시동전기냉동탑차(186.1km),1169,637.0,1806.0,2024년도 전기자동차 청송군 모델별 보조금,2024,청송군
화물(소형),일진정공,일진무시동전기냉동탑차(봉고),1379,712.0,2091.0,2024년도 전기자동차 청송군 모델별 보조금,2024,청송군
화물(소형),일진정공,일진무시동전기냉동탑차(포터),1363,704.0,2067.0,2024년도 전기자동차 청송군 모델별 보조금,2024,청송군
화물(소형),루트17,다니고C(0.8톤 전기트럭),1068,531.0,1599.0,2024년도 전기자동차 청송군 모델별 보조금,2024,청송군
화물(소형),루트17,다니고C2(0.8톤 전기트럭),268,146.0,414.0,2024년도 전기자동차 청송군 모델별 보조금,2024,청송군
화물(소형),루트17,다니고R(전기냉동탑차),1224,625.0,1849.0,2024년도 전기자동차 청송군 모델별 보조금,2024,청송군
화물(소형),루트17,다니고R2(무시동 전기냉동탑차),1123,575.0,1698.0,2024년도 전기자동차 청송군 모델별 보조금,2024,청송군
화물(소형),루트17,e-TOVI,464,253.0,717.0,2024년도 전기자동차 청송군 모델별 보조금,2024,청송군
화물(소형),이브이케이엠씨,MASADA 픽업,295,160.0,455.0,2024년도 전기자동차 청송군 모델별 보조금,2024,청송군
화물(소형),이브이케이엠씨,MASADA 3세대 2밴,274,149.0,423.0,2024년도 전기자동차 청송군 모델별 보조금,2024,청송군
화물(소형),이브이케이엠씨,MASADA 3세대 4밴,246,134.0,380.0,2024년도 전기자동차 청송군 모델별 보조금,2024,청송군
화물(소형),이브이케이엠씨,MASADA 2밴,299,163.0,462.0,2024년도 전기자동차 청송군 모델별 보조금,2024,청송군
화물(소형),이브이케이엠씨,MASADA 4밴,269,146.0,415.0,2024년도 전기자동차 청송군 모델별 보조금,2024,청송군
화물(소형),이브이케이엠씨,EC35 2밴,194,105.0,299.0,2024년도 전기자동차 청송군 모델별 보조금,2024,청송군
화물(소형),제이스모빌리티,이티밴,405,220.0,625.0,2024년도 전기자동차 청송군 모델별 보조금,2024,청송군
화물(소형),제이스모빌리티,이티4밴,364,198.0,562.0,2024년도 전기자동차 청송군 모델별 보조금,2024,청송군
화물(소형),제이스모빌리티,이티밴 미니 2인승,412,224.0,636.0,2024년도 전기자동차 청송군 모델별 보조금,2024,청송군
화물(소형),제이스모빌리티,이티밴 미니 4인승,412,224.0,636.0,2024년도 전기자동차 청송군 모델별 보조금,2024,청송군
화물(소형),제이스모빌리티,이티밴 프로 2인승,412,224.0,636.0,2024년도 전기자동차 청송군 모델별 보조금,2024,청송군
화물(소형),제이스모빌리티,이티밴 프로 4인승,412,224.0,636.0,2024년도 전기자동차 청송군 모델별 보조금,2024,청송군
화물(소형),오텍,오텍 무시동 전기 냉동탑차(봉고),1118,609.0,1727.0,2024년도 전기자동차 청송군 모델별 보조금,2024,청송군
화물(소형),이엔플러스,이엔1톤롱바디카고,850,463.0,1313.0,2024년도 전기자동차 청송군 모델별 보조금,2024,청송군
화물(소형),이엔플러스,이엔플러스EV1톤롱바디트럭,895,488.0,1383.0,2024년도 전기자동차 청송군 모델별 보조금,2024,청송군
화물(소형),GS글로벌,T4K,462,252.0,714.0,2024년도 전기자동차 청송군 모델별 보조금,2024,청송군
화물(소형),GS글로벌,T4K 냉동탑차,711,387.0,1098.0,2024년도 전기자동차 청송군 모델별 보조금,2024,청송군
화물(소형),에스에스라이트,젤라,336,183.0,519.0,2024년도 전기자동차 청송군 모델별 보조금,2024,청송군
화물(소형),에스에스라이트,젤라 P200,478,260.0,738.0,2024년도 전기자동차 청송군 모델별 보조금,2024,청송군
화물(소형),한국쓰리축,한국쓰리축1톤롱바디EV트럭(봉고),837,456.0,1293.0,2024년도 전기자동차 청송군 모델별 보조금,2024,청송군
화물(소형),한국쓰리축,한국쓰리축1톤롱바디EV트럭(포터),855,466.0,1321.0,2024년도 전기자동차 청송군 모델별 보조금,2024,청송군
화물(소형),모빌리티네트웍스,SE-A2밴,333,181.0,514.0,2024년도 전기자동차 청송군 모델별 보조금,2024,청송군
화물(소형),피닉스코리아,썬라이즈-T01,412,224.0,636.0,2024년도 전기자동차 청송군 모델별 보조금,2024,청송군
화물(소형),케이지모빌리티,토레스 EVX VAN 20인치,392,361.0,753.0,2024년도 전기자동차 청송군 모델별 보조금,2024,청송군
화물(소형),케이지모빌리티,토레스 EVX VAN 18인치,394,363.0,757.0,2024년도 전기자동차 청송군 모델별 보조금,2024,청송군
화물(소형),한국상용트럭,한국상용1톤롱바디EV카고트럭,818,446.0,1264.0,2024년도 전기자동차 청송군 모델별 보조금,2024,청송군
화물(소형),한국상용트럭,한국상용0.9톤롱바디EV내장탑트럭,593,323.0,916.0,2024년도 전기자동차 청송군 모델별 보조금,2024,청송군
화물(소형),센트로에이케이,E-CV1,282,153.0,435.0,2024년도 전기자동차 청송군 모델별 보조금,2024,청송군
화물(소형),파츠몰에이투지,SW40,412,224.0,636.0,2024년도 전기자동차 청송군 모델별 보조금,2024,청송군
화물(소형),이브이앤솔루션,STEGO-Z,540,294.0,834.0,2024년도 전기자동차 청송군 모델별 보조금,2024,청송군
화물(초소형),마스타전기차,MASTA VAN,400,218.0,618.0,2024년도 전기자동차 영양군 모델별 보조금,2024,영양군
화물(초소형),마스타전기차,MASTA HIM,400,218.0,618.0,2024년도 전기자동차 영양군 모델별 보조금,2024,영양군
화물(초소형),디피코,포트로-탑,400,218.0,618.0,2024년도 전기자동차 영양군 모델별 보조금,2024,영양군
화물(초소형),디피코,포트로-픽업,400,218.0,618.0,2024년도 전기자동차 영양군 모델별 보조금,2024,영양군
화물(초소형),디피코,포트로-탑S,400,218.0,618.0,2024년도 전기자동차 영양군 모델별 보조금,2024,영양군
화물(초소형),디피코,포트로-픽업S,400,218.0,618.0,2024년도 전기자동차 영양군 모델별 보조금,2024,영양군
화물(초소형),마이브,베프,400,0.0,400.0,2024년도 전기자동차 영양군 모델별 보조금,2024,영양군
화물(경형),디피코,포트로350L-탑,788,591.0,1379.0,2024년도 전기자동차 영양군 모델별 보조금,2024,영양군
화물(경형),디피코,포트로350L-픽업,788,591.0,1379.0,2024년도 전기자동차 영양군 모델별 보조금,2024,영양군
화물(소형),파워프라자,봉고3ev PEACE,554,302.0,856.0,2024년도 전기자동차 영양군 모델별 보조금,2024,영양군
화물(소형),파워프라자,봉고3ev PEACE 더블캡,481,262.0,743.0,2024년도 전기자동차 영양군 모델별 보조금,2024,영양군
화물(소형),현대자동차,포터Ⅱ 일렉트릭(23MY),1090,572.0,1662.0,2024년도 전기자동차 영양군 모델별 보조금,2024,영양군
화물(소형),현대자동차,포터Ⅱ 일렉트릭(24MY),1090,572.0,1662.0,2024년도 전기자동차 영양군 모델별 보조금,2024,영양군
화물(소형),현대자동차,ST1 기본형 카고 17인치,1100,600.0,1700.0,2024년도 전기자동차 영양군 모델별 보조금,2024,영양군
화물(소형),현대자동차,ST1 기본형 카고 냉동 17인치,1450,790.0,2240.0,2024년도 전기자동차 영양군 모델별 보조금,2024,영양군
화물(소형),기아,봉고 전기차,1130,572.0,1702.0,2024년도 전기자동차 영양군 모델별 보조금,2024,영양군
화물(소형),기아,봉고 전기차 냉동탑차,1330,687.0,2017.0,2024년도 전기자동차 영양군 모델별 보조금,2024,영양군
화물(소형),기아,봉고 전기차 저상형 냉동탑차,1330,687.0,2017.0,2024년도 전기자동차 영양군 모델별 보조금,2024,영양군
화물(소형),일진정공,일진무시동전기냉동탑차(149.9km),916,499.0,1415.0,2024년도 전기자동차 영양군 모델별 보조금,2024,영양군
화물(소형),일진정공,일진무시동전기냉동탑차(186.1km),1169,637.0,1806.0,2024년도 전기자동차 영양군 모델별 보조금,2024,영양군
화물(소형),일진정공,일진무시동전기냉동탑차(봉고),1379,712.0,2091.0,2024년도 전기자동차 영양군 모델별 보조금,2024,영양군
화물(소형),일진정공,일진무시동전기냉동탑차(포터),1363,704.0,2067.0,2024년도 전기자동차 영양군 모델별 보조금,2024,영양군
화물(소형),루트17,다니고C(0.8톤 전기트럭),1068,531.0,1599.0,2024년도 전기자동차 영양군 모델별 보조금,2024,영양군
화물(소형),루트17,다니고C2(0.8톤 전기트럭),268,146.0,414.0,2024년도 전기자동차 영양군 모델별 보조금,2024,영양군
화물(소형),루트17,다니고R(전기냉동탑차),1224,625.0,1849.0,2024년도 전기자동차 영양군 모델별 보조금,2024,영양군
화물(소형),루트17,다니고R2(무시동 전기냉동탑차),1123,575.0,1698.0,2024년도 전기자동차 영양군 모델별 보조금,2024,영양군
화물(소형),루트17,e-TOVI,464,253.0,717.0,2024년도 전기자동차 영양군 모델별 보조금,2024,영양군
화물(소형),이브이케이엠씨,MASADA 픽업,295,160.0,455.0,2024년도 전기자동차 영양군 모델별 보조금,2024,영양군
화물(소형),이브이케이엠씨,MASADA 3세대 2밴,274,149.0,423.0,2024년도 전기자동차 영양군 모델별 보조금,2024,영양군
화물(소형),이브이케이엠씨,MASADA 3세대 4밴,246,134.0,380.0,2024년도 전기자동차 영양군 모델별 보조금,2024,영양군
화물(소형),이브이케이엠씨,MASADA 2밴,299,163.0,462.0,2024년도 전기자동차 영양군 모델별 보조금,2024,영양군
화물(소형),이브이케이엠씨,MASADA 4밴,269,146.0,415.0,2024년도 전기자동차 영양군 모델별 보조금,2024,영양군
화물(소형),이브이케이엠씨,EC35 2밴,194,105.0,299.0,2024년도 전기자동차 영양군 모델별 보조금,2024,영양군
화물(소형),제이스모빌리티,이티밴,405,220.0,625.0,2024년도 전기자동차 영양군 모델별 보조금,2024,영양군
화물(소형),제이스모빌리티,이티4밴,364,198.0,562.0,2024년도 전기자동차 영양군 모델별 보조금,2024,영양군
화물(소형),제이스모빌리티,이티밴 미니 2인승,412,224.0,636.0,2024년도 전기자동차 영양군 모델별 보조금,2024,영양군
화물(소형),제이스모빌리티,이티밴 미니 4인승,412,224.0,636.0,2024년도 전기자동차 영양군 모델별 보조금,2024,영양군
화물(소형),제이스모빌리티,이티밴 프로 2인승,412,224.0,636.0,2024년도 전기자동차 영양군 모델별 보조금,2024,영양군
화물(소형),제이스모빌리티,이티밴 프로 4인승,412,224.0,636.0,2024년도 전기자동차 영양군 모델별 보조금,2024,영양군
화물(소형),오텍,오텍 무시동 전기 냉동탑차(봉고),1118,609.0,1727.0,2024년도 전기자동차 영양군 모델별 보조금,2024,영양군
화물(소형),이엔플러스,이엔1톤롱바디카고,850,463.0,1313.0,2024년도 전기자동차 영양군 모델별 보조금,2024,영양군
화물(소형),이엔플러스,이엔플러스EV1톤롱바디트럭,895,488.0,1383.0,2024년도 전기자동차 영양군 모델별 보조금,2024,영양군
화물(소형),GS글로벌,T4K,462,252.0,714.0,2024년도 전기자동차 영양군 모델별 보조금,2024,영양군
화물(소형),GS글로벌,T4K 냉동탑차,711,387.0,1098.0,2024년도 전기자동차 영양군 모델별 보조금,2024,영양군
화물(소형),에스에스라이트,젤라,336,183.0,519.0,2024년도 전기자동차 영양군 모델별 보조금,2024,영양군
화물(소형),에스에스라이트,젤라 P200,478,260.0,738.0,2024년도 전기자동차 영양군 모델별 보조금,2024,영양군
화물(소형),한국쓰리축,한국쓰리축1톤롱바디EV트럭(봉고),837,456.0,1293.0,2024년도 전기자동차 영양군 모델별 보조금,2024,영양군
화물(소형),한국쓰리축,한국쓰리축1톤롱바디EV트럭(포터),855,466.0,1321.0,2024년도 전기자동차 영양군 모델별 보조금,2024,영양군
화물(소형),모빌리티네트웍스,SE-A2밴,333,181.0,514.0,2024년도 전기자동차 영양군 모델별 보조금,2024,영양군
화물(소형),피닉스코리아,썬라이즈-T01,412,224.0,636.0,2024년도 전기자동차 영양군 모델별 보조금,2024,영양군
화물(소형),케이지모빌리티,토레스 EVX VAN 20인치,392,361.0,753.0,2024년도 전기자동차 영양군 모델별 보조금,2024,영양군
화물(소형),케이지모빌리티,토레스 EVX VAN 18인치,394,363.0,757.0,2024년도 전기자동차 영양군 모델별 보조금,2024,영양군
화물(소형),한국상용트럭,한국상용1톤롱바디EV카고트럭,818,446.0,1264.0,2024년도 전기자동차 영양군 모델별 보조금,2024,영양군
화물(소형),한국상용트럭,한국상용0.9톤롱바디EV내장탑트럭,593,323.0,916.0,2024년도 전기자동차 영양군 모델별 보조금,2024,영양군
화물(소형),센트로에이케이,E-CV1,282,0.0,282.0,2024년도 전기자동차 영양군 모델별 보조금,2024,영양군
화물(소형),파츠몰에이투지,SW40,412,0.0,412.0,2024년도 전기자동차 영양군 모델별 보조금,2024,영양군
화물(소형),이브이앤솔루션,STEGO-Z,540,0.0,540.0,2024년도 전기자동차 영양군 모델별 보조금,2024,영양군
화물(초소형),마스타전기차,MASTA VAN,400,217.8,617.8,2024년도 전기자동차 영덕군 모델별 보조금,2024,영덕군
화물(초소형),마스타전기차,MASTA HIM,400,217.8,617.8,2024년도 전기자동차 영덕군 모델별 보조금,2024,영덕군
화물(초소형),디피코,포트로-탑,400,217.8,617.8,2024년도 전기자동차 영덕군 모델별 보조금,2024,영덕군
화물(초소형),디피코,포트로-픽업,400,217.8,617.8,2024년도 전기자동차 영덕군 모델별 보조금,2024,영덕군
화물(초소형),디피코,포트로-탑S,400,217.8,617.8,2024년도 전기자동차 영덕군 모델별 보조금,2024,영덕군
화물(초소형),디피코,포트로-픽업S,400,217.8,617.8,2024년도 전기자동차 영덕군 모델별 보조금,2024,영덕군
화물(초소형),마이브,베프,400,0.0,400.0,2024년도 전기자동차 영덕군 모델별 보조금,2024,영덕군
화물(경형),디피코,포트로350L-탑,788,591.0,1379.0,2024년도 전기자동차 영덕군 모델별 보조금,2024,영덕군
화물(경형),디피코,포트로350L-픽업,788,591.0,1379.0,2024년도 전기자동차 영덕군 모델별 보조금,2024,영덕군
화물(소형),파워프라자,봉고3ev PEACE,554,302.0,856.0,2024년도 전기자동차 영덕군 모델별 보조금,2024,영덕군
화물(소형),파워프라자,봉고3ev PEACE 더블캡,481,262.0,743.0,2024년도 전기자동차 영덕군 모델별 보조금,2024,영덕군
화물(소형),현대자동차,포터Ⅱ 일렉트릭(23MY),1090,572.0,1662.0,2024년도 전기자동차 영덕군 모델별 보조금,2024,영덕군
화물(소형),현대자동차,포터Ⅱ 일렉트릭(24MY),1090,572.0,1662.0,2024년도 전기자동차 영덕군 모델별 보조금,2024,영덕군
화물(소형),현대자동차,ST1 기본형 카고 17인치,1100,600.0,1700.0,2024년도 전기자동차 영덕군 모델별 보조금,2024,영덕군
화물(소형),현대자동차,ST1 기본형 카고 냉동 17인치,1450,790.0,2240.0,2024년도 전기자동차 영덕군 모델별 보조금,2024,영덕군
화물(소형),현대자동차,ST1 기본형 하이탑 17인치,1100,600.0,1700.0,2024년도 전기자동차 영덕군 모델별 보조금,2024,영덕군
화물(소형),기아,봉고 전기차,1130,572.0,1702.0,2024년도 전기자동차 영덕군 모델별 보조금,2024,영덕군
화물(소형),기아,봉고 전기차 냉동탑차,1330,687.0,2017.0,2024년도 전기자동차 영덕군 모델별 보조금,2024,영덕군
화물(소형),기아,봉고 전기차 저상형 냉동탑차,1330,687.0,2017.0,2024년도 전기자동차 영덕군 모델별 보조금,2024,영덕군
화물(소형),일진정공,일진무시동전기냉동탑차(149.9km),916,499.0,1415.0,2024년도 전기자동차 영덕군 모델별 보조금,2024,영덕군
화물(소형),일진정공,일진무시동전기냉동탑차(186.1km),1169,637.0,1806.0,2024년도 전기자동차 영덕군 모델별 보조금,2024,영덕군
화물(소형),일진정공,일진무시동전기냉동탑차(봉고),1379,712.0,2091.0,2024년도 전기자동차 영덕군 모델별 보조금,2024,영덕군
화물(소형),일진정공,일진무시동전기냉동탑차(포터),1363,704.0,2067.0,2024년도 전기자동차 영덕군 모델별 보조금,2024,영덕군
화물(소형),루트17,다니고C(0.8톤 전기트럭),1068,531.0,1599.0,2024년도 전기자동차 영덕군 모델별 보조금,2024,영덕군
화물(소형),루트17,다니고C2(0.8톤 전기트럭),268,146.0,414.0,2024년도 전기자동차 영덕군 모델별 보조금,2024,영덕군
화물(소형),루트17,다니고R(전기냉동탑차),1224,625.0,1849.0,2024년도 전기자동차 영덕군 모델별 보조금,2024,영덕군
화물(소형),루트17,다니고R2(무시동 전기냉동탑차),1123,575.0,1698.0,2024년도 전기자동차 영덕군 모델별 보조금,2024,영덕군
화물(소형),루트17,e-TOVI,464,253.0,717.0,2024년도 전기자동차 영덕군 모델별 보조금,2024,영덕군
화물(소형),이브이케이엠씨,MASADA 픽업,295,160.0,455.0,2024년도 전기자동차 영덕군 모델별 보조금,2024,영덕군
화물(소형),이브이케이엠씨,MASADA 3세대 2밴,274,149.0,423.0,2024년도 전기자동차 영덕군 모델별 보조금,2024,영덕군
화물(소형),이브이케이엠씨,MASADA 3세대 4밴,246,134.0,380.0,2024년도 전기자동차 영덕군 모델별 보조금,2024,영덕군
화물(소형),이브이케이엠씨,MASADA 2밴,299,163.0,462.0,2024년도 전기자동차 영덕군 모델별 보조금,2024,영덕군
화물(소형),이브이케이엠씨,MASADA 4밴,269,146.0,415.0,2024년도 전기자동차 영덕군 모델별 보조금,2024,영덕군
화물(소형),이브이케이엠씨,EC35 2밴,194,105.0,299.0,2024년도 전기자동차 영덕군 모델별 보조금,2024,영덕군
화물(소형),제이스모빌리티,이티밴,405,220.0,625.0,2024년도 전기자동차 영덕군 모델별 보조금,2024,영덕군
화물(소형),제이스모빌리티,이티4밴,364,198.0,562.0,2024년도 전기자동차 영덕군 모델별 보조금,2024,영덕군
화물(소형),제이스모빌리티,이티밴 미니 2인승,412,224.0,636.0,2024년도 전기자동차 영덕군 모델별 보조금,2024,영덕군
화물(소형),제이스모빌리티,이티밴 미니 4인승,412,224.0,636.0,2024년도 전기자동차 영덕군 모델별 보조금,2024,영덕군
화물(소형),제이스모빌리티,이티밴 프로 2인승,412,224.0,636.0,2024년도 전기자동차 영덕군 모델별 보조금,2024,영덕군
화물(소형),제이스모빌리티,이티밴 프로 4인승,412,224.0,636.0,2024년도 전기자동차 영덕군 모델별 보조금,2024,영덕군
화물(소형),오텍,오텍 무시동 전기 냉동탑차(봉고),1118,609.0,1727.0,2024년도 전기자동차 영덕군 모델별 보조금,2024,영덕군
화물(소형),이엔플러스,이엔1톤롱바디카고,850,463.0,1313.0,2024년도 전기자동차 영덕군 모델별 보조금,2024,영덕군
화물(소형),이엔플러스,이엔플러스EV1톤롱바디트럭,895,488.0,1383.0,2024년도 전기자동차 영덕군 모델별 보조금,2024,영덕군
화물(소형),GS글로벌,T4K,462,252.0,714.0,2024년도 전기자동차 영덕군 모델별 보조금,2024,영덕군
화물(소형),GS글로벌,T4K 냉동탑차,711,387.0,1098.0,2024년도 전기자동차 영덕군 모델별 보조금,2024,영덕군
화물(소형),에스에스라이트,젤라,336,183.0,519.0,2024년도 전기자동차 영덕군 모델별 보조금,2024,영덕군
화물(소형),에스에스라이트,젤라 P200,478,260.0,738.0,2024년도 전기자동차 영덕군 모델별 보조금,2024,영덕군
화물(소형),한국쓰리축,한국쓰리축1톤롱바디EV트럭(봉고),837,456.0,1293.0,2024년도 전기자동차 영덕군 모델별 보조금,2024,영덕군
화물(소형),한국쓰리축,한국쓰리축1톤롱바디EV트럭(포터),855,466.0,1321.0,2024년도 전기자동차 영덕군 모델별 보조금,2024,영덕군
화물(소형),모빌리티네트웍스,SE-A2밴,333,181.0,514.0,2024년도 전기자동차 영덕군 모델별 보조금,2024,영덕군
화물(소형),피닉스코리아,썬라이즈-T01,412,224.0,636.0,2024년도 전기자동차 영덕군 모델별 보조금,2024,영덕군
화물(소형),케이지모빌리티,토레스 EVX VAN 20인치,392,213.0,605.0,2024년도 전기자동차 영덕군 모델별 보조금,2024,영덕군
화물(소형),케이지모빌리티,토레스 EVX VAN 18인치,394,214.0,608.0,2024년도 전기자동차 영덕군 모델별 보조금,2024,영덕군
화물(소형),한국상용트럭,한국상용1톤롱바디EV카고트럭,818,446.0,1264.0,2024년도 전기자동차 영덕군 모델별 보조금,2024,영덕군
화물(소형),한국상용트럭,한국상용0.9톤롱바디EV내장탑트럭,593,323.0,916.0,2024년도 전기자동차 영덕군 모델별 보조금,2024,영덕군
화물(소형),센트로에이케이,E-CV1,282,153.0,435.0,2024년도 전기자동차 영덕군 모델별 보조금,2024,영덕군
화물(소형),파츠몰에이투지,SW40,412,224.0,636.0,2024년도 전기자동차 영덕군 모델별 보조금,2024,영덕군
화물(소형),이브이앤솔루션,STEGO-Z,540,294.0,834.0,2024년도 전기자동차 영덕군 모델별 보조금,2024,영덕군
화물(초소형),마스타전기차,MASTA VAN,400,218.0,618.0,2024년도 전기자동차 청도군 모델별 보조금,2024,청도군
화물(초소형),마스타전기차,MASTA HIM,400,218.0,618.0,2024년도 전기자동차 청도군 모델별 보조금,2024,청도군
화물(초소형),디피코,포트로-탑,400,218.0,618.0,2024년도 전기자동차 청도군 모델별 보조금,2024,청도군
화물(초소형),디피코,포트로-픽업,400,218.0,618.0,2024년도 전기자동차 청도군 모델별 보조금,2024,청도군
화물(초소형),디피코,포트로-탑S,400,218.0,618.0,2024년도 전기자동차 청도군 모델별 보조금,2024,청도군
화물(초소형),디피코,포트로-픽업S,400,218.0,618.0,2024년도 전기자동차 청도군 모델별 보조금,2024,청도군
화물(초소형),마이브,베프,400,0.0,400.0,2024년도 전기자동차 청도군 모델별 보조금,2024,청도군
화물(경형),디피코,포트로350L-탑,788,591.0,1379.0,2024년도 전기자동차 청도군 모델별 보조금,2024,청도군
화물(경형),디피코,포트로350L-픽업,788,591.0,1379.0,2024년도 전기자동차 청도군 모델별 보조금,2024,청도군
화물(소형),파워프라자,봉고3ev PEACE,554,302.0,856.0,2024년도 전기자동차 청도군 모델별 보조금,2024,청도군
화물(소형),파워프라자,봉고3ev PEACE 더블캡,481,262.0,743.0,2024년도 전기자동차 청도군 모델별 보조금,2024,청도군
화물(소형),현대자동차,포터Ⅱ 일렉트릭(23MY),1090,572.0,1662.0,2024년도 전기자동차 청도군 모델별 보조금,2024,청도군
화물(소형),현대자동차,포터Ⅱ 일렉트릭(24MY),1090,572.0,1662.0,2024년도 전기자동차 청도군 모델별 보조금,2024,청도군
화물(소형),현대자동차,ST1 기본형 카고 17인치,1100,600.0,1700.0,2024년도 전기자동차 청도군 모델별 보조금,2024,청도군
화물(소형),현대자동차,ST1 기본형 카고 냉동 17인치,1450,790.0,2240.0,2024년도 전기자동차 청도군 모델별 보조금,2024,청도군
화물(소형),현대자동차,ST1 기본형 하이탑 17인치,1100,600.0,1700.0,2024년도 전기자동차 청도군 모델별 보조금,2024,청도군
화물(소형),기아,봉고 전기차,1130,572.0,1702.0,2024년도 전기자동차 청도군 모델별 보조금,2024,청도군
화물(소형),기아,봉고 전기차 냉동탑차,1330,687.0,2017.0,2024년도 전기자동차 청도군 모델별 보조금,2024,청도군
화물(소형),기아,봉고 전기차 저상형 냉동탑차,1330,687.0,2017.0,2024년도 전기자동차 청도군 모델별 보조금,2024,청도군
화물(소형),일진정공,일진무시동전기냉동탑차(149.9km),916,499.0,1415.0,2024년도 전기자동차 청도군 모델별 보조금,2024,청도군
화물(소형),일진정공,일진무시동전기냉동탑차(186.1km),1169,637.0,1806.0,2024년도 전기자동차 청도군 모델별 보조금,2024,청도군
화물(소형),일진정공,일진무시동전기냉동탑차(봉고),1379,712.0,2091.0,2024년도 전기자동차 청도군 모델별 보조금,2024,청도군
화물(소형),일진정공,일진무시동전기냉동탑차(포터),1363,704.0,2067.0,2024년도 전기자동차 청도군 모델별 보조금,2024,청도군
화물(소형),루트17,다니고C(0.8톤 전기트럭),1068,531.0,1599.0,2024년도 전기자동차 청도군 모델별 보조금,2024,청도군
화물(소형),루트17,다니고C2(0.8톤 전기트럭),268,146.0,414.0,2024년도 전기자동차 청도군 모델별 보조금,2024,청도군
화물(소형),루트17,다니고R(전기냉동탑차),1224,625.0,1849.0,2024년도 전기자동차 청도군 모델별 보조금,2024,청도군
화물(소형),루트17,다니고R2(무시동 전기냉동탑차),1123,575.0,1698.0,2024년도 전기자동차 청도군 모델별 보조금,2024,청도군
화물(소형),루트17,e-TOVI,464,253.0,717.0,2024년도 전기자동차 청도군 모델별 보조금,2024,청도군
화물(소형),이브이케이엠씨,MASADA 픽업,295,160.0,455.0,2024년도 전기자동차 청도군 모델별 보조금,2024,청도군
화물(소형),이브이케이엠씨,MASADA 3세대 2밴,274,149.0,423.0,2024년도 전기자동차 청도군 모델별 보조금,2024,청도군
화물(소형),이브이케이엠씨,MASADA 3세대 4밴,246,134.0,380.0,2024년도 전기자동차 청도군 모델별 보조금,2024,청도군
화물(소형),이브이케이엠씨,MASADA 2밴,299,163.0,462.0,2024년도 전기자동차 청도군 모델별 보조금,2024,청도군
화물(소형),이브이케이엠씨,MASADA 4밴,269,146.0,415.0,2024년도 전기자동차 청도군 모델별 보조금,2024,청도군
화물(소형),이브이케이엠씨,EC35 2밴,194,105.0,299.0,2024년도 전기자동차 청도군 모델별 보조금,2024,청도군
화물(소형),제이스모빌리티,이티밴,405,220.0,625.0,2024년도 전기자동차 청도군 모델별 보조금,2024,청도군
화물(소형),제이스모빌리티,이티4밴,364,198.0,562.0,2024년도 전기자동차 청도군 모델별 보조금,2024,청도군
화물(소형),제이스모빌리티,이티밴 미니 2인승,412,224.0,636.0,2024년도 전기자동차 청도군 모델별 보조금,2024,청도군
화물(소형),제이스모빌리티,이티밴 미니 4인승,412,224.0,636.0,2024년도 전기자동차 청도군 모델별 보조금,2024,청도군
화물(소형),제이스모빌리티,이티밴 프로 2인승,412,224.0,636.0,2024년도 전기자동차 청도군 모델별 보조금,2024,청도군
화물(소형),제이스모빌리티,이티밴 프로 4인승,412,224.0,636.0,2024년도 전기자동차 청도군 모델별 보조금,2024,청도군
화물(소형),오텍,오텍 무시동 전기 냉동탑차(봉고),1118,609.0,1727.0,2024년도 전기자동차 청도군 모델별 보조금,2024,청도군
화물(소형),이엔플러스,이엔1톤롱바디카고,850,463.0,1313.0,2024년도 전기자동차 청도군 모델별 보조금,2024,청도군
화물(소형),이엔플러스,이엔플러스EV1톤롱바디트럭,895,488.0,1383.0,2024년도 전기자동차 청도군 모델별 보조금,2024,청도군
화물(소형),GS글로벌,T4K,462,252.0,714.0,2024년도 전기자동차 청도군 모델별 보조금,2024,청도군
화물(소형),GS글로벌,T4K 냉동탑차,711,387.0,1098.0,2024년도 전기자동차 청도군 모델별 보조금,2024,청도군
화물(소형),에스에스라이트,젤라,336,183.0,519.0,2024년도 전기자동차 청도군 모델별 보조금,2024,청도군
화물(소형),에스에스라이트,젤라 P200,478,260.0,738.0,2024년도 전기자동차 청도군 모델별 보조금,2024,청도군
화물(소형),한국쓰리축,한국쓰리축1톤롱바디EV트럭(봉고),837,456.0,1293.0,2024년도 전기자동차 청도군 모델별 보조금,2024,청도군
화물(소형),한국쓰리축,한국쓰리축1톤롱바디EV트럭(포터),855,466.0,1321.0,2024년도 전기자동차 청도군 모델별 보조금,2024,청도군
화물(소형),모빌리티네트웍스,SE-A2밴,333,181.0,514.0,2024년도 전기자동차 청도군 모델별 보조금,2024,청도군
화물(소형),피닉스코리아,썬라이즈-T01,412,224.0,636.0,2024년도 전기자동차 청도군 모델별 보조금,2024,청도군
화물(소형),케이지모빌리티,토레스 EVX VAN 20인치,392,361.0,753.0,2024년도 전기자동차 청도군 모델별 보조금,2024,청도군
화물(소형),케이지모빌리티,토레스 EVX VAN 18인치,394,363.0,757.0,2024년도 전기자동차 청도군 모델별 보조금,2024,청도군
화물(소형),한국상용트럭,한국상용1톤롱바디EV카고트럭,818,446.0,1264.0,2024년도 전기자동차 청도군 모델별 보조금,2024,청도군
화물(소형),한국상용트럭,한국상용0.9톤롱바디EV내장탑트럭,593,323.0,916.0,2024년도 전기자동차 청도군 모델별 보조금,2024,청도군
화물(소형),센트로에이케이,E-CV1,282,153.0,435.0,2024년도 전기자동차 청도군 모델별 보조금,2024,청도군
화물(소형),파츠몰에이투지,SW40,412,224.0,636.0,2024년도 전기자동차 청도군 모델별 보조금,2024,청도군
화물(소형),이브이앤솔루션,STEGO-Z,540,294.0,834.0,2024년도 전기자동차 청도군 모델별 보조금,2024,청도군
화물(초소형),마스타전기차,MASTA VAN,400,218.0,618.0,2024년도 전기자동차 고령군 모델별 보조금,2024,고령군
화물(초소형),마스타전기차,MASTA HIM,400,218.0,618.0,2024년도 전기자동차 고령군 모델별 보조금,2024,고령군
화물(초소형),디피코,포트로-탑,400,218.0,618.0,2024년도 전기자동차 고령군 모델별 보조금,2024,고령군
화물(초소형),디피코,포트로-픽업,400,218.0,618.0,2024년도 전기자동차 고령군 모델별 보조금,2024,고령군
화물(초소형),디피코,포트로-탑S,400,218.0,618.0,2024년도 전기자동차 고령군 모델별 보조금,2024,고령군
화물(초소형),디피코,포트로-픽업S,400,218.0,618.0,2024년도 전기자동차 고령군 모델별 보조금,2024,고령군
화물(초소형),마이브,베프,400,218.0,618.0,2024년도 전기자동차 고령군 모델별 보조금,2024,고령군
화물(경형),디피코,포트로350L-탑,788,591.0,1379.0,2024년도 전기자동차 고령군 모델별 보조금,2024,고령군
화물(경형),디피코,포트로350L-픽업,788,591.0,1379.0,2024년도 전기자동차 고령군 모델별 보조금,2024,고령군
화물(소형),파워프라자,봉고3ev PEACE,554,302.0,856.0,2024년도 전기자동차 고령군 모델별 보조금,2024,고령군
화물(소형),파워프라자,봉고3ev PEACE 더블캡,481,262.0,743.0,2024년도 전기자동차 고령군 모델별 보조금,2024,고령군
화물(소형),현대자동차,포터Ⅱ 일렉트릭(23MY),1090,572.0,1662.0,2024년도 전기자동차 고령군 모델별 보조금,2024,고령군
화물(소형),현대자동차,포터Ⅱ 일렉트릭(24MY),1090,572.0,1662.0,2024년도 전기자동차 고령군 모델별 보조금,2024,고령군
화물(소형),현대자동차,ST1 기본형 카고 17인치,1100,600.0,1700.0,2024년도 전기자동차 고령군 모델별 보조금,2024,고령군
화물(소형),현대자동차,ST1 기본형 카고 냉동 17인치,1450,790.0,2240.0,2024년도 전기자동차 고령군 모델별 보조금,2024,고령군
화물(소형),현대자동차,ST1 기본형 하이탑 17인치,1100,600.0,1700.0,2024년도 전기자동차 고령군 모델별 보조금,2024,고령군
화물(소형),기아,봉고 전기차,1130,572.0,1702.0,2024년도 전기자동차 고령군 모델별 보조금,2024,고령군
화물(소형),기아,봉고 전기차 냉동탑차,1330,687.0,2017.0,2024년도 전기자동차 고령군 모델별 보조금,2024,고령군
화물(소형),기아,봉고 전기차 저상형 냉동탑차,1330,687.0,2017.0,2024년도 전기자동차 고령군 모델별 보조금,2024,고령군
화물(소형),일진정공,일진무시동전기냉동탑차(149.9km),916,499.0,1415.0,2024년도 전기자동차 고령군 모델별 보조금,2024,고령군
화물(소형),일진정공,일진무시동전기냉동탑차(186.1km),1169,637.0,1806.0,2024년도 전기자동차 고령군 모델별 보조금,2024,고령군
화물(소형),일진정공,일진무시동전기냉동탑차(봉고),1379,712.0,2091.0,2024년도 전기자동차 고령군 모델별 보조금,2024,고령군
화물(소형),일진정공,일진무시동전기냉동탑차(포터),1363,704.0,2067.0,2024년도 전기자동차 고령군 모델별 보조금,2024,고령군
화물(소형),루트17,다니고C(0.8톤 전기트럭),1068,531.0,1599.0,2024년도 전기자동차 고령군 모델별 보조금,2024,고령군
화물(소형),루트17,다니고C2(0.8톤 전기트럭),268,146.0,414.0,2024년도 전기자동차 고령군 모델별 보조금,2024,고령군
화물(소형),루트17,다니고R(전기냉동탑차),1224,625.0,1849.0,2024년도 전기자동차 고령군 모델별 보조금,2024,고령군
화물(소형),루트17,다니고R2(무시동 전기냉동탑차),1123,575.0,1698.0,2024년도 전기자동차 고령군 모델별 보조금,2024,고령군
화물(소형),루트17,e-TOVI,464,253.0,717.0,2024년도 전기자동차 고령군 모델별 보조금,2024,고령군
화물(소형),이브이케이엠씨,MASADA 픽업,295,160.0,455.0,2024년도 전기자동차 고령군 모델별 보조금,2024,고령군
화물(소형),이브이케이엠씨,MASADA 3세대 2밴,274,149.0,423.0,2024년도 전기자동차 고령군 모델별 보조금,2024,고령군
화물(소형),이브이케이엠씨,MASADA 3세대 4밴,246,134.0,380.0,2024년도 전기자동차 고령군 모델별 보조금,2024,고령군
화물(소형),이브이케이엠씨,MASADA 2밴,299,163.0,462.0,2024년도 전기자동차 고령군 모델별 보조금,2024,고령군
화물(소형),이브이케이엠씨,MASADA 4밴,269,146.0,415.0,2024년도 전기자동차 고령군 모델별 보조금,2024,고령군
화물(소형),이브이케이엠씨,EC35 2밴,194,105.0,299.0,2024년도 전기자동차 고령군 모델별 보조금,2024,고령군
화물(소형),제이스모빌리티,이티밴,405,220.0,625.0,2024년도 전기자동차 고령군 모델별 보조금,2024,고령군
화물(소형),제이스모빌리티,이티4밴,364,198.0,562.0,2024년도 전기자동차 고령군 모델별 보조금,2024,고령군
화물(소형),제이스모빌리티,이티밴 미니 2인승,412,224.0,636.0,2024년도 전기자동차 고령군 모델별 보조금,2024,고령군
화물(소형),제이스모빌리티,이티밴 미니 4인승,412,224.0,636.0,2024년도 전기자동차 고령군 모델별 보조금,2024,고령군
화물(소형),제이스모빌리티,이티밴 프로 2인승,412,224.0,636.0,2024년도 전기자동차 고령군 모델별 보조금,2024,고령군
화물(소형),제이스모빌리티,이티밴 프로 4인승,412,224.0,636.0,2024년도 전기자동차 고령군 모델별 보조금,2024,고령군
화물(소형),오텍,오텍 무시동 전기 냉동탑차(봉고),1118,609.0,1727.0,2024년도 전기자동차 고령군 모델별 보조금,2024,고령군
화물(소형),이엔플러스,이엔1톤롱바디카고,850,463.0,1313.0,2024년도 전기자동차 고령군 모델별 보조금,2024,고령군
화물(소형),이엔플러스,이엔플러스EV1톤롱바디트럭,895,488.0,1383.0,2024년도 전기자동차 고령군 모델별 보조금,2024,고령군
화물(소형),GS글로벌,T4K,462,252.0,714.0,2024년도 전기자동차 고령군 모델별 보조금,2024,고령군
화물(소형),GS글로벌,T4K 냉동탑차,711,387.0,1098.0,2024년도 전기자동차 고령군 모델별 보조금,2024,고령군
화물(소형),에스에스라이트,젤라,336,183.0,519.0,2024년도 전기자동차 고령군 모델별 보조금,2024,고령군
화물(소형),에스에스라이트,젤라 P200,478,260.0,738.0,2024년도 전기자동차 고령군 모델별 보조금,2024,고령군
화물(소형),한국쓰리축,한국쓰리축1톤롱바디EV트럭(봉고),837,456.0,1293.0,2024년도 전기자동차 고령군 모델별 보조금,2024,고령군
화물(소형),한국쓰리축,한국쓰리축1톤롱바디EV트럭(포터),855,466.0,1321.0,2024년도 전기자동차 고령군 모델별 보조금,2024,고령군
화물(소형),모빌리티네트웍스,SE-A2밴,333,181.0,514.0,2024년도 전기자동차 고령군 모델별 보조금,2024,고령군
화물(소형),피닉스코리아,썬라이즈-T01,412,224.0,636.0,2024년도 전기자동차 고령군 모델별 보조금,2024,고령군
화물(소형),케이지모빌리티,토레스 EVX VAN 20인치,392,213.0,605.0,2024년도 전기자동차 고령군 모델별 보조금,2024,고령군
화물(소형),케이지모빌리티,토레스 EVX VAN 18인치,394,214.0,608.0,2024년도 전기자동차 고령군 모델별 보조금,2024,고령군
화물(소형),한국상용트럭,한국상용1톤롱바디EV카고트럭,818,446.0,1264.0,2024년도 전기자동차 고령군 모델별 보조금,2024,고령군
화물(소형),한국상용트럭,한국상용0.9톤롱바디EV내장탑트럭,593,323.0,916.0,2024년도 전기자동차 고령군 모델별 보조금,2024,고령군
화물(소형),센트로에이케이,E-CV1,282,153.0,435.0,2024년도 전기자동차 고령군 모델별 보조금,2024,고령군
화물(소형),파츠몰에이투지,SW40,412,224.0,636.0,2024년도 전기자동차 고령군 모델별 보조금,2024,고령군
화물(소형),이브이앤솔루션,STEGO-Z,540,294.0,834.0,2024년도 전기자동차 고령군 모델별 보조금,2024,고령군
화물(초소형),마스타전기차,MASTA VAN,400,218.0,618.0,2024년도 전기자동차 성주군 모델별 보조금,2024,성주군
화물(초소형),마스타전기차,MASTA HIM,400,218.0,618.0,2024년도 전기자동차 성주군 모델별 보조금,2024,성주군
화물(초소형),디피코,포트로-탑,400,218.0,618.0,2024년도 전기자동차 성주군 모델별 보조금,2024,성주군
화물(초소형),디피코,포트로-픽업,400,218.0,618.0,2024년도 전기자동차 성주군 모델별 보조금,2024,성주군
화물(초소형),디피코,포트로-탑S,400,218.0,618.0,2024년도 전기자동차 성주군 모델별 보조금,2024,성주군
화물(초소형),디피코,포트로-픽업S,400,218.0,618.0,2024년도 전기자동차 성주군 모델별 보조금,2024,성주군
화물(초소형),마이브,베프,400,0.0,400.0,2024년도 전기자동차 성주군 모델별 보조금,2024,성주군
화물(경형),디피코,포트로350L-탑,788,591.0,1379.0,2024년도 전기자동차 성주군 모델별 보조금,2024,성주군
화물(경형),디피코,포트로350L-픽업,788,591.0,1379.0,2024년도 전기자동차 성주군 모델별 보조금,2024,성주군
화물(소형),파워프라자,봉고3ev PEACE,554,302.0,856.0,2024년도 전기자동차 성주군 모델별 보조금,2024,성주군
화물(소형),파워프라자,봉고3ev PEACE 더블캡,481,262.0,743.0,2024년도 전기자동차 성주군 모델별 보조금,2024,성주군
화물(소형),현대자동차,포터Ⅱ 일렉트릭(23MY),1090,572.0,1662.0,2024년도 전기자동차 성주군 모델별 보조금,2024,성주군
화물(소형),현대자동차,포터Ⅱ 일렉트릭(24MY),1090,572.0,1662.0,2024년도 전기자동차 성주군 모델별 보조금,2024,성주군
화물(소형),현대자동차,ST1 기본형 카고 17인치,1100,600.0,1700.0,2024년도 전기자동차 성주군 모델별 보조금,2024,성주군
화물(소형),현대자동차,ST1 기본형 카고 냉동 17인치,1450,791.0,2241.0,2024년도 전기자동차 성주군 모델별 보조금,2024,성주군
화물(소형),현대자동차,ST1 기본형 하이탑 17인치,1100,600.0,1700.0,2024년도 전기자동차 성주군 모델별 보조금,2024,성주군
화물(소형),기아,봉고 전기차,1130,572.0,1702.0,2024년도 전기자동차 성주군 모델별 보조금,2024,성주군
화물(소형),기아,봉고 전기차 냉동탑차,1330,687.0,2017.0,2024년도 전기자동차 성주군 모델별 보조금,2024,성주군
화물(소형),기아,봉고 전기차 저상형 냉동탑차,1330,687.0,2017.0,2024년도 전기자동차 성주군 모델별 보조금,2024,성주군
화물(소형),일진정공,일진무시동전기냉동탑차(149.9km),916,499.0,1415.0,2024년도 전기자동차 성주군 모델별 보조금,2024,성주군
화물(소형),일진정공,일진무시동전기냉동탑차(186.1km),1169,637.0,1806.0,2024년도 전기자동차 성주군 모델별 보조금,2024,성주군
화물(소형),일진정공,일진무시동전기냉동탑차(봉고),1379,712.0,2091.0,2024년도 전기자동차 성주군 모델별 보조금,2024,성주군
화물(소형),일진정공,일진무시동전기냉동탑차(포터),1363,704.0,2067.0,2024년도 전기자동차 성주군 모델별 보조금,2024,성주군
화물(소형),루트17,다니고C(0.8톤 전기트럭),1068,531.0,1599.0,2024년도 전기자동차 성주군 모델별 보조금,2024,성주군
화물(소형),루트17,다니고C2(0.8톤 전기트럭),268,146.0,414.0,2024년도 전기자동차 성주군 모델별 보조금,2024,성주군
화물(소형),루트17,다니고R(전기냉동탑차),1224,625.0,1849.0,2024년도 전기자동차 성주군 모델별 보조금,2024,성주군
화물(소형),루트17,다니고R2(무시동 전기냉동탑차),1123,575.0,1698.0,2024년도 전기자동차 성주군 모델별 보조금,2024,성주군
화물(소형),루트17,e-TOVI,464,252.0,716.0,2024년도 전기자동차 성주군 모델별 보조금,2024,성주군
화물(소형),이브이케이엠씨,MASADA 픽업,295,160.0,455.0,2024년도 전기자동차 성주군 모델별 보조금,2024,성주군
화물(소형),이브이케이엠씨,MASADA 3세대 2밴,274,149.0,423.0,2024년도 전기자동차 성주군 모델별 보조금,2024,성주군
화물(소형),이브이케이엠씨,MASADA 3세대 4밴,246,134.0,380.0,2024년도 전기자동차 성주군 모델별 보조금,2024,성주군
화물(소형),이브이케이엠씨,MASADA 2밴,299,163.0,462.0,2024년도 전기자동차 성주군 모델별 보조금,2024,성주군
화물(소형),이브이케이엠씨,MASADA 4밴,269,146.0,415.0,2024년도 전기자동차 성주군 모델별 보조금,2024,성주군
화물(소형),이브이케이엠씨,EC35 2밴,194,105.0,299.0,2024년도 전기자동차 성주군 모델별 보조금,2024,성주군
화물(소형),제이스모빌리티,이티밴,405,220.0,625.0,2024년도 전기자동차 성주군 모델별 보조금,2024,성주군
화물(소형),제이스모빌리티,이티4밴,364,198.0,562.0,2024년도 전기자동차 성주군 모델별 보조금,2024,성주군
화물(소형),제이스모빌리티,이티밴 미니 2인승,412,224.0,636.0,2024년도 전기자동차 성주군 모델별 보조금,2024,성주군
화물(소형),제이스모빌리티,이티밴 미니 4인승,412,224.0,636.0,2024년도 전기자동차 성주군 모델별 보조금,2024,성주군
화물(소형),제이스모빌리티,이티밴 프로 2인승,412,224.0,636.0,2024년도 전기자동차 성주군 모델별 보조금,2024,성주군
화물(소형),제이스모빌리티,이티밴 프로 4인승,412,224.0,636.0,2024년도 전기자동차 성주군 모델별 보조금,2024,성주군
화물(소형),오텍,오텍 무시동 전기 냉동탑차(봉고),1118,609.0,1727.0,2024년도 전기자동차 성주군 모델별 보조금,2024,성주군
화물(소형),이엔플러스,이엔1톤롱바디카고,850,463.0,1313.0,2024년도 전기자동차 성주군 모델별 보조금,2024,성주군
화물(소형),이엔플러스,이엔플러스EV1톤롱바디트럭,895,488.0,1383.0,2024년도 전기자동차 성주군 모델별 보조금,2024,성주군
화물(소형),GS글로벌,T4K,462,252.0,714.0,2024년도 전기자동차 성주군 모델별 보조금,2024,성주군
화물(소형),GS글로벌,T4K 냉동탑차,711,388.0,1099.0,2024년도 전기자동차 성주군 모델별 보조금,2024,성주군
화물(소형),에스에스라이트,젤라,336,183.0,519.0,2024년도 전기자동차 성주군 모델별 보조금,2024,성주군
화물(소형),에스에스라이트,젤라 P200,478,260.0,738.0,2024년도 전기자동차 성주군 모델별 보조금,2024,성주군
화물(소형),한국쓰리축,한국쓰리축1톤롱바디EV트럭(봉고),837,456.0,1293.0,2024년도 전기자동차 성주군 모델별 보조금,2024,성주군
화물(소형),한국쓰리축,한국쓰리축1톤롱바디EV트럭(포터),855,466.0,1321.0,2024년도 전기자동차 성주군 모델별 보조금,2024,성주군
화물(소형),모빌리티네트웍스,SE-A2밴,333,181.0,514.0,2024년도 전기자동차 성주군 모델별 보조금,2024,성주군
화물(소형),피닉스코리아,썬라이즈-T01,412,224.0,636.0,2024년도 전기자동차 성주군 모델별 보조금,2024,성주군
화물(소형),케이지모빌리티,토레스 EVX VAN 20인치,392,213.0,605.0,2024년도 전기자동차 성주군 모델별 보조금,2024,성주군
화물(소형),케이지모빌리티,토레스 EVX VAN 18인치,394,214.0,608.0,2024년도 전기자동차 성주군 모델별 보조금,2024,성주군
화물(소형),한국상용트럭,한국상용1톤롱바디EV카고트럭,818,446.0,1264.0,2024년도 전기자동차 성주군 모델별 보조금,2024,성주군
화물(소형),한국상용트럭,한국상용0.9톤롱바디EV내장탑트럭,593,323.0,916.0,2024년도 전기자동차 성주군 모델별 보조금,2024,성주군
화물(소형),센트로에이케이,E-CV1,282,153.0,435.0,2024년도 전기자동차 성주군 모델별 보조금,2024,성주군
화물(소형),파츠몰에이투지,SW40,412,224.0,636.0,2024년도 전기자동차 성주군 모델별 보조금,2024,성주군
화물(소형),이브이앤솔루션,STEGO-Z,540,294.0,834.0,2024년도 전기자동차 성주군 모델별 보조금,2024,성주군
화물(초소형),마스타전기차,MASTA VAN,400,218.0,618.0,2024년도 전기자동차 칠곡군 모델별 보조금,2024,칠곡군
화물(초소형),마스타전기차,MASTA HIM,400,218.0,618.0,2024년도 전기자동차 칠곡군 모델별 보조금,2024,칠곡군
화물(초소형),디피코,포트로-탑,400,218.0,618.0,2024년도 전기자동차 칠곡군 모델별 보조금,2024,칠곡군
화물(초소형),디피코,포트로-픽업,400,218.0,618.0,2024년도 전기자동차 칠곡군 모델별 보조금,2024,칠곡군
화물(초소형),디피코,포트로-탑S,400,218.0,618.0,2024년도 전기자동차 칠곡군 모델별 보조금,2024,칠곡군
화물(초소형),디피코,포트로-픽업S,400,218.0,618.0,2024년도 전기자동차 칠곡군 모델별 보조금,2024,칠곡군
화물(초소형),마이브,베프,400,218.0,618.0,2024년도 전기자동차 칠곡군 모델별 보조금,2024,칠곡군
화물(경형),디피코,포트로350L-탑,788,591.0,1379.0,2024년도 전기자동차 칠곡군 모델별 보조금,2024,칠곡군
화물(경형),디피코,포트로350L-픽업,788,591.0,1379.0,2024년도 전기자동차 칠곡군 모델별 보조금,2024,칠곡군
화물(소형),파워프라자,봉고3ev PEACE,554,302.0,856.0,2024년도 전기자동차 칠곡군 모델별 보조금,2024,칠곡군
화물(소형),파워프라자,봉고3ev PEACE 더블캡,481,262.0,743.0,2024년도 전기자동차 칠곡군 모델별 보조금,2024,칠곡군
화물(소형),현대자동차,포터Ⅱ 일렉트릭(23MY),1090,572.0,1662.0,2024년도 전기자동차 칠곡군 모델별 보조금,2024,칠곡군
화물(소형),현대자동차,포터Ⅱ 일렉트릭(24MY),1090,572.0,1662.0,2024년도 전기자동차 칠곡군 모델별 보조금,2024,칠곡군
화물(소형),현대자동차,ST1 기본형 카고 17인치,1100,600.0,1700.0,2024년도 전기자동차 칠곡군 모델별 보조금,2024,칠곡군
화물(소형),현대자동차,ST1 기본형 카고 냉동 17인치,1450,790.0,2240.0,2024년도 전기자동차 칠곡군 모델별 보조금,2024,칠곡군
화물(소형),현대자동차,ST1 기본형 하이탑 17인치,1100,600.0,1700.0,2024년도 전기자동차 칠곡군 모델별 보조금,2024,칠곡군
화물(소형),기아,봉고 전기차,1130,572.0,1702.0,2024년도 전기자동차 칠곡군 모델별 보조금,2024,칠곡군
화물(소형),기아,봉고 전기차 냉동탑차,1330,687.0,2017.0,2024년도 전기자동차 칠곡군 모델별 보조금,2024,칠곡군
화물(소형),기아,봉고 전기차 저상형 냉동탑차,1330,687.0,2017.0,2024년도 전기자동차 칠곡군 모델별 보조금,2024,칠곡군
화물(소형),일진정공,일진무시동전기냉동탑차(149.9km),916,499.0,1415.0,2024년도 전기자동차 칠곡군 모델별 보조금,2024,칠곡군
화물(소형),일진정공,일진무시동전기냉동탑차(186.1km),1169,637.0,1806.0,2024년도 전기자동차 칠곡군 모델별 보조금,2024,칠곡군
화물(소형),일진정공,일진무시동전기냉동탑차(봉고),1379,712.0,2091.0,2024년도 전기자동차 칠곡군 모델별 보조금,2024,칠곡군
화물(소형),일진정공,일진무시동전기냉동탑차(포터),1363,704.0,2067.0,2024년도 전기자동차 칠곡군 모델별 보조금,2024,칠곡군
화물(소형),루트17,다니고C(0.8톤 전기트럭),1068,531.0,1599.0,2024년도 전기자동차 칠곡군 모델별 보조금,2024,칠곡군
화물(소형),루트17,다니고C2(0.8톤 전기트럭),268,146.0,414.0,2024년도 전기자동차 칠곡군 모델별 보조금,2024,칠곡군
화물(소형),루트17,다니고R(전기냉동탑차),1224,625.0,1849.0,2024년도 전기자동차 칠곡군 모델별 보조금,2024,칠곡군
화물(소형),루트17,다니고R2(무시동 전기냉동탑차),1123,575.0,1698.0,2024년도 전기자동차 칠곡군 모델별 보조금,2024,칠곡군
화물(소형),루트17,e-TOVI,464,253.0,717.0,2024년도 전기자동차 칠곡군 모델별 보조금,2024,칠곡군
화물(소형),이브이케이엠씨,MASADA 픽업,295,160.0,455.0,2024년도 전기자동차 칠곡군 모델별 보조금,2024,칠곡군
화물(소형),이브이케이엠씨,MASADA 3세대 2밴,274,149.0,423.0,2024년도 전기자동차 칠곡군 모델별 보조금,2024,칠곡군
화물(소형),이브이케이엠씨,MASADA 3세대 4밴,246,134.0,380.0,2024년도 전기자동차 칠곡군 모델별 보조금,2024,칠곡군
화물(소형),이브이케이엠씨,MASADA 2밴,299,163.0,462.0,2024년도 전기자동차 칠곡군 모델별 보조금,2024,칠곡군
화물(소형),이브이케이엠씨,MASADA 4밴,269,146.0,415.0,2024년도 전기자동차 칠곡군 모델별 보조금,2024,칠곡군
화물(소형),이브이케이엠씨,EC35 2밴,194,105.0,299.0,2024년도 전기자동차 칠곡군 모델별 보조금,2024,칠곡군
화물(소형),제이스모빌리티,이티밴,405,220.0,625.0,2024년도 전기자동차 칠곡군 모델별 보조금,2024,칠곡군
화물(소형),제이스모빌리티,이티4밴,364,198.0,562.0,2024년도 전기자동차 칠곡군 모델별 보조금,2024,칠곡군
화물(소형),제이스모빌리티,이티밴 미니 2인승,412,224.0,636.0,2024년도 전기자동차 칠곡군 모델별 보조금,2024,칠곡군
화물(소형),제이스모빌리티,이티밴 미니 4인승,412,224.0,636.0,2024년도 전기자동차 칠곡군 모델별 보조금,2024,칠곡군
화물(소형),제이스모빌리티,이티밴 프로 2인승,412,224.0,636.0,2024년도 전기자동차 칠곡군 모델별 보조금,2024,칠곡군
화물(소형),제이스모빌리티,이티밴 프로 4인승,412,224.0,636.0,2024년도 전기자동차 칠곡군 모델별 보조금,2024,칠곡군
화물(소형),오텍,오텍 무시동 전기 냉동탑차(봉고),1118,609.0,1727.0,2024년도 전기자동차 칠곡군 모델별 보조금,2024,칠곡군
화물(소형),이엔플러스,이엔1톤롱바디카고,850,463.0,1313.0,2024년도 전기자동차 칠곡군 모델별 보조금,2024,칠곡군
화물(소형),이엔플러스,이엔플러스EV1톤롱바디트럭,895,488.0,1383.0,2024년도 전기자동차 칠곡군 모델별 보조금,2024,칠곡군
화물(소형),GS글로벌,T4K,462,252.0,714.0,2024년도 전기자동차 칠곡군 모델별 보조금,2024,칠곡군
화물(소형),GS글로벌,T4K 냉동탑차,711,387.0,1098.0,2024년도 전기자동차 칠곡군 모델별 보조금,2024,칠곡군
화물(소형),에스에스라이트,젤라,336,183.0,519.0,2024년도 전기자동차 칠곡군 모델별 보조금,2024,칠곡군
화물(소형),에스에스라이트,젤라 P200,478,260.0,738.0,2024년도 전기자동차 칠곡군 모델별 보조금,2024,칠곡군
화물(소형),한국쓰리축,한국쓰리축1톤롱바디EV트럭(봉고),837,456.0,1293.0,2024년도 전기자동차 칠곡군 모델별 보조금,2024,칠곡군
화물(소형),한국쓰리축,한국쓰리축1톤롱바디EV트럭(포터),855,466.0,1321.0,2024년도 전기자동차 칠곡군 모델별 보조금,2024,칠곡군
화물(소형),모빌리티네트웍스,SE-A2밴,333,181.0,514.0,2024년도 전기자동차 칠곡군 모델별 보조금,2024,칠곡군
화물(소형),피닉스코리아,썬라이즈-T01,412,224.0,636.0,2024년도 전기자동차 칠곡군 모델별 보조금,2024,칠곡군
화물(소형),케이지모빌리티,토레스 EVX VAN 20인치,392,361.0,753.0,2024년도 전기자동차 칠곡군 모델별 보조금,2024,칠곡군
화물(소형),케이지모빌리티,토레스 EVX VAN 18인치,394,363.0,757.0,2024년도 전기자동차 칠곡군 모델별 보조금,2024,칠곡군
화물(소형),한국상용트럭,한국상용1톤롱바디EV카고트럭,818,446.0,1264.0,2024년도 전기자동차 칠곡군 모델별 보조금,2024,칠곡군
화물(소형),한국상용트럭,한국상용0.9톤롱바디EV내장탑트럭,593,323.0,916.0,2024년도 전기자동차 칠곡군 모델별 보조금,2024,칠곡군
화물(소형),센트로에이케이,E-CV1,282,153.0,435.0,2024년도 전기자동차 칠곡군 모델별 보조금,2024,칠곡군
화물(소형),파츠몰에이투지,SW40,412,224.0,636.0,2024년도 전기자동차 칠곡군 모델별 보조금,2024,칠곡군
화물(소형),이브이앤솔루션,STEGO-Z,540,294.0,834.0,2024년도 전기자동차 칠곡군 모델별 보조금,2024,칠곡군
화물(초소형),마스타전기차,MASTA VAN,400,218.0,618.0,2024년도 전기자동차 예천군 모델별 보조금,2024,예천군
화물(초소형),마스타전기차,MASTA HIM,400,218.0,618.0,2024년도 전기자동차 예천군 모델별 보조금,2024,예천군
화물(초소형),디피코,포트로-탑,400,218.0,618.0,2024년도 전기자동차 예천군 모델별 보조금,2024,예천군
화물(초소형),디피코,포트로-픽업,400,218.0,618.0,2024년도 전기자동차 예천군 모델별 보조금,2024,예천군
화물(초소형),디피코,포트로-탑S,400,218.0,618.0,2024년도 전기자동차 예천군 모델별 보조금,2024,예천군
화물(초소형),디피코,포트로-픽업S,400,218.0,618.0,2024년도 전기자동차 예천군 모델별 보조금,2024,예천군
화물(초소형),마이브,베프,400,0.0,400.0,2024년도 전기자동차 예천군 모델별 보조금,2024,예천군
화물(경형),디피코,포트로350L-탑,788,591.0,1379.0,2024년도 전기자동차 예천군 모델별 보조금,2024,예천군
화물(경형),디피코,포트로350L-픽업,788,591.0,1379.0,2024년도 전기자동차 예천군 모델별 보조금,2024,예천군
화물(소형),파워프라자,봉고3ev PEACE,554,302.0,856.0,2024년도 전기자동차 예천군 모델별 보조금,2024,예천군
화물(소형),파워프라자,봉고3ev PEACE 더블캡,481,262.0,743.0,2024년도 전기자동차 예천군 모델별 보조금,2024,예천군
화물(소형),현대자동차,포터Ⅱ 일렉트릭(23MY),1090,572.0,1662.0,2024년도 전기자동차 예천군 모델별 보조금,2024,예천군
화물(소형),현대자동차,포터Ⅱ 일렉트릭(24MY),1090,572.0,1662.0,2024년도 전기자동차 예천군 모델별 보조금,2024,예천군
화물(소형),현대자동차,ST1 기본형 카고 17인치,1100,600.0,1700.0,2024년도 전기자동차 예천군 모델별 보조금,2024,예천군
화물(소형),현대자동차,ST1 기본형 카고 냉동 17인치,1450,790.0,2240.0,2024년도 전기자동차 예천군 모델별 보조금,2024,예천군
화물(소형),기아,봉고 전기차,1130,572.0,1702.0,2024년도 전기자동차 예천군 모델별 보조금,2024,예천군
화물(소형),기아,봉고 전기차 냉동탑차,1330,687.0,2017.0,2024년도 전기자동차 예천군 모델별 보조금,2024,예천군
화물(소형),기아,봉고 전기차 저상형 냉동탑차,1330,687.0,2017.0,2024년도 전기자동차 예천군 모델별 보조금,2024,예천군
화물(소형),일진정공,일진무시동전기냉동탑차(149.9km),916,499.0,1415.0,2024년도 전기자동차 예천군 모델별 보조금,2024,예천군
화물(소형),일진정공,일진무시동전기냉동탑차(186.1km),1169,637.0,1806.0,2024년도 전기자동차 예천군 모델별 보조금,2024,예천군
화물(소형),일진정공,일진무시동전기냉동탑차(봉고),1379,712.0,2091.0,2024년도 전기자동차 예천군 모델별 보조금,2024,예천군
화물(소형),일진정공,일진무시동전기냉동탑차(포터),1363,704.0,2067.0,2024년도 전기자동차 예천군 모델별 보조금,2024,예천군
화물(소형),루트17,다니고C(0.8톤 전기트럭),1068,531.0,1599.0,2024년도 전기자동차 예천군 모델별 보조금,2024,예천군
화물(소형),루트17,다니고C2(0.8톤 전기트럭),268,146.0,414.0,2024년도 전기자동차 예천군 모델별 보조금,2024,예천군
화물(소형),루트17,다니고R(전기냉동탑차),1224,625.0,1849.0,2024년도 전기자동차 예천군 모델별 보조금,2024,예천군
화물(소형),루트17,다니고R2(무시동 전기냉동탑차),1123,575.0,1698.0,2024년도 전기자동차 예천군 모델별 보조금,2024,예천군
화물(소형),루트17,e-TOVI,464,0.0,464.0,2024년도 전기자동차 예천군 모델별 보조금,2024,예천군
화물(소형),이브이케이엠씨,MASADA 픽업,295,160.0,455.0,2024년도 전기자동차 예천군 모델별 보조금,2024,예천군
화물(소형),이브이케이엠씨,MASADA 3세대 2밴,274,149.0,423.0,2024년도 전기자동차 예천군 모델별 보조금,2024,예천군
화물(소형),이브이케이엠씨,MASADA 3세대 4밴,246,134.0,380.0,2024년도 전기자동차 예천군 모델별 보조금,2024,예천군
화물(소형),이브이케이엠씨,MASADA 2밴,299,163.0,462.0,2024년도 전기자동차 예천군 모델별 보조금,2024,예천군
화물(소형),이브이케이엠씨,MASADA 4밴,269,146.0,415.0,2024년도 전기자동차 예천군 모델별 보조금,2024,예천군
화물(소형),이브이케이엠씨,EC35 2밴,194,105.0,299.0,2024년도 전기자동차 예천군 모델별 보조금,2024,예천군
화물(소형),제이스모빌리티,이티밴,405,220.0,625.0,2024년도 전기자동차 예천군 모델별 보조금,2024,예천군
화물(소형),제이스모빌리티,이티4밴,364,198.0,562.0,2024년도 전기자동차 예천군 모델별 보조금,2024,예천군
화물(소형),제이스모빌리티,이티밴 미니 2인승,412,224.0,636.0,2024년도 전기자동차 예천군 모델별 보조금,2024,예천군
화물(소형),제이스모빌리티,이티밴 미니 4인승,412,224.0,636.0,2024년도 전기자동차 예천군 모델별 보조금,2024,예천군
화물(소형),제이스모빌리티,이티밴 프로 2인승,412,224.0,636.0,2024년도 전기자동차 예천군 모델별 보조금,2024,예천군
화물(소형),제이스모빌리티,이티밴 프로 4인승,412,224.0,636.0,2024년도 전기자동차 예천군 모델별 보조금,2024,예천군
화물(소형),오텍,오텍 무시동 전기 냉동탑차(봉고),1118,609.0,1727.0,2024년도 전기자동차 예천군 모델별 보조금,2024,예천군
화물(소형),이엔플러스,이엔1톤롱바디카고,850,463.0,1313.0,2024년도 전기자동차 예천군 모델별 보조금,2024,예천군
화물(소형),이엔플러스,이엔플러스EV1톤롱바디트럭,895,488.0,1383.0,2024년도 전기자동차 예천군 모델별 보조금,2024,예천군
화물(소형),GS글로벌,T4K,462,252.0,714.0,2024년도 전기자동차 예천군 모델별 보조금,2024,예천군
화물(소형),GS글로벌,T4K 냉동탑차,711,387.0,1098.0,2024년도 전기자동차 예천군 모델별 보조금,2024,예천군
화물(소형),에스에스라이트,젤라,336,183.0,519.0,2024년도 전기자동차 예천군 모델별 보조금,2024,예천군
화물(소형),에스에스라이트,젤라 P200,478,260.0,738.0,2024년도 전기자동차 예천군 모델별 보조금,2024,예천군
화물(소형),한국쓰리축,한국쓰리축1톤롱바디EV트럭(봉고),837,456.0,1293.0,2024년도 전기자동차 예천군 모델별 보조금,2024,예천군
화물(소형),한국쓰리축,한국쓰리축1톤롱바디EV트럭(포터),855,466.0,1321.0,2024년도 전기자동차 예천군 모델별 보조금,2024,예천군
화물(소형),모빌리티네트웍스,SE-A2밴,333,181.0,514.0,2024년도 전기자동차 예천군 모델별 보조금,2024,예천군
화물(소형),피닉스코리아,썬라이즈-T01,412,224.0,636.0,2024년도 전기자동차 예천군 모델별 보조금,2024,예천군
화물(소형),케이지모빌리티,토레스 EVX VAN 20인치,392,361.0,753.0,2024년도 전기자동차 예천군 모델별 보조금,2024,예천군
화물(소형),케이지모빌리티,토레스 EVX VAN 18인치,394,363.0,757.0,2024년도 전기자동차 예천군 모델별 보조금,2024,예천군
화물(소형),한국상용트럭,한국상용1톤롱바디EV카고트럭,818,446.0,1264.0,2024년도 전기자동차 예천군 모델별 보조금,2024,예천군
화물(소형),한국상용트럭,한국상용0.9톤롱바디EV내장탑트럭,593,323.0,916.0,2024년도 전기자동차 예천군 모델별 보조금,2024,예천군
화물(소형),센트로에이케이,E-CV1,282,0.0,282.0,2024년도 전기자동차 예천군 모델별 보조금,2024,예천군
화물(소형),파츠몰에이투지,SW40,412,0.0,412.0,2024년도 전기자동차 예천군 모델별 보조금,2024,예천군
화물(소형),이브이앤솔루션,STEGO-Z,540,0.0,540.0,2024년도 전기자동차 예천군 모델별 보조금,2024,예천군
화물(초소형),마스타전기차,MASTA VAN,400,218.0,618.0,2024년도 전기자동차 봉화군 모델별 보조금,2024,봉화군
화물(초소형),마스타전기차,MASTA HIM,400,218.0,618.0,2024년도 전기자동차 봉화군 모델별 보조금,2024,봉화군
화물(초소형),디피코,포트로-탑,400,218.0,618.0,2024년도 전기자동차 봉화군 모델별 보조금,2024,봉화군
화물(초소형),디피코,포트로-픽업,400,218.0,618.0,2024년도 전기자동차 봉화군 모델별 보조금,2024,봉화군
화물(초소형),디피코,포트로-탑S,400,218.0,618.0,2024년도 전기자동차 봉화군 모델별 보조금,2024,봉화군
화물(초소형),디피코,포트로-픽업S,400,218.0,618.0,2024년도 전기자동차 봉화군 모델별 보조금,2024,봉화군
화물(초소형),마이브,베프,400,0.0,400.0,2024년도 전기자동차 봉화군 모델별 보조금,2024,봉화군
화물(경형),디피코,포트로350L-탑,788,591.0,1379.0,2024년도 전기자동차 봉화군 모델별 보조금,2024,봉화군
화물(경형),디피코,포트로350L-픽업,788,591.0,1379.0,2024년도 전기자동차 봉화군 모델별 보조금,2024,봉화군
화물(소형),파워프라자,봉고3ev PEACE,554,302.0,856.0,2024년도 전기자동차 봉화군 모델별 보조금,2024,봉화군
화물(소형),파워프라자,봉고3ev PEACE 더블캡,481,262.0,743.0,2024년도 전기자동차 봉화군 모델별 보조금,2024,봉화군
화물(소형),현대자동차,포터Ⅱ 일렉트릭(23MY),1090,572.0,1662.0,2024년도 전기자동차 봉화군 모델별 보조금,2024,봉화군
화물(소형),현대자동차,포터Ⅱ 일렉트릭(24MY),1090,572.0,1662.0,2024년도 전기자동차 봉화군 모델별 보조금,2024,봉화군
화물(소형),현대자동차,ST1 기본형 카고 17인치,1100,599.0,1699.0,2024년도 전기자동차 봉화군 모델별 보조금,2024,봉화군
화물(소형),현대자동차,ST1 기본형 카고 냉동 17인치,1450,789.0,2239.0,2024년도 전기자동차 봉화군 모델별 보조금,2024,봉화군
화물(소형),현대자동차,ST1 기본형 하이탑 17인치,1100,599.0,1699.0,2024년도 전기자동차 봉화군 모델별 보조금,2024,봉화군
화물(소형),기아,봉고 전기차,1130,572.0,1702.0,2024년도 전기자동차 봉화군 모델별 보조금,2024,봉화군
화물(소형),기아,봉고 전기차 냉동탑차,1330,687.0,2017.0,2024년도 전기자동차 봉화군 모델별 보조금,2024,봉화군
화물(소형),기아,봉고 전기차 저상형 냉동탑차,1330,687.0,2017.0,2024년도 전기자동차 봉화군 모델별 보조금,2024,봉화군
화물(소형),일진정공,일진무시동전기냉동탑차(149.9km),916,499.0,1415.0,2024년도 전기자동차 봉화군 모델별 보조금,2024,봉화군
화물(소형),일진정공,일진무시동전기냉동탑차(186.1km),1169,637.0,1806.0,2024년도 전기자동차 봉화군 모델별 보조금,2024,봉화군
화물(소형),일진정공,일진무시동전기냉동탑차(봉고),1379,712.0,2091.0,2024년도 전기자동차 봉화군 모델별 보조금,2024,봉화군
화물(소형),일진정공,일진무시동전기냉동탑차(포터),1363,704.0,2067.0,2024년도 전기자동차 봉화군 모델별 보조금,2024,봉화군
화물(소형),루트17,다니고C(0.8톤 전기트럭),1068,531.0,1599.0,2024년도 전기자동차 봉화군 모델별 보조금,2024,봉화군
화물(소형),루트17,다니고C2(0.8톤 전기트럭),268,146.0,414.0,2024년도 전기자동차 봉화군 모델별 보조금,2024,봉화군
화물(소형),루트17,다니고R(전기냉동탑차),1224,625.0,1849.0,2024년도 전기자동차 봉화군 모델별 보조금,2024,봉화군
화물(소형),루트17,다니고R2(무시동 전기냉동탑차),1123,575.0,1698.0,2024년도 전기자동차 봉화군 모델별 보조금,2024,봉화군
화물(소형),루트17,e-TOVI,464,252.0,716.0,2024년도 전기자동차 봉화군 모델별 보조금,2024,봉화군
화물(소형),이브이케이엠씨,MASADA 픽업,295,160.0,455.0,2024년도 전기자동차 봉화군 모델별 보조금,2024,봉화군
화물(소형),이브이케이엠씨,MASADA 3세대 2밴,274,149.0,423.0,2024년도 전기자동차 봉화군 모델별 보조금,2024,봉화군
화물(소형),이브이케이엠씨,MASADA 3세대 4밴,246,134.0,380.0,2024년도 전기자동차 봉화군 모델별 보조금,2024,봉화군
화물(소형),이브이케이엠씨,MASADA 2밴,299,163.0,462.0,2024년도 전기자동차 봉화군 모델별 보조금,2024,봉화군
화물(소형),이브이케이엠씨,MASADA 4밴,269,146.0,415.0,2024년도 전기자동차 봉화군 모델별 보조금,2024,봉화군
화물(소형),이브이케이엠씨,EC35 2밴,194,105.0,299.0,2024년도 전기자동차 봉화군 모델별 보조금,2024,봉화군
화물(소형),제이스모빌리티,이티밴,405,220.0,625.0,2024년도 전기자동차 봉화군 모델별 보조금,2024,봉화군
화물(소형),제이스모빌리티,이티4밴,364,198.0,562.0,2024년도 전기자동차 봉화군 모델별 보조금,2024,봉화군
화물(소형),제이스모빌리티,이티밴 미니 2인승,412,380.0,792.0,2024년도 전기자동차 봉화군 모델별 보조금,2024,봉화군
화물(소형),제이스모빌리티,이티밴 미니 4인승,412,380.0,792.0,2024년도 전기자동차 봉화군 모델별 보조금,2024,봉화군
화물(소형),제이스모빌리티,이티밴 프로 2인승,412,380.0,792.0,2024년도 전기자동차 봉화군 모델별 보조금,2024,봉화군
화물(소형),제이스모빌리티,이티밴 프로 4인승,412,380.0,792.0,2024년도 전기자동차 봉화군 모델별 보조금,2024,봉화군
화물(소형),오텍,오텍 무시동 전기 냉동탑차(봉고),1118,609.0,1727.0,2024년도 전기자동차 봉화군 모델별 보조금,2024,봉화군
화물(소형),이엔플러스,이엔1톤롱바디카고,850,463.0,1313.0,2024년도 전기자동차 봉화군 모델별 보조금,2024,봉화군
화물(소형),이엔플러스,이엔플러스EV1톤롱바디트럭,895,488.0,1383.0,2024년도 전기자동차 봉화군 모델별 보조금,2024,봉화군
화물(소형),GS글로벌,T4K,462,252.0,714.0,2024년도 전기자동차 봉화군 모델별 보조금,2024,봉화군
화물(소형),GS글로벌,T4K 냉동탑차,711,656.0,1367.0,2024년도 전기자동차 봉화군 모델별 보조금,2024,봉화군
화물(소형),에스에스라이트,젤라,336,183.0,519.0,2024년도 전기자동차 봉화군 모델별 보조금,2024,봉화군
화물(소형),에스에스라이트,젤라 P200,478,260.0,738.0,2024년도 전기자동차 봉화군 모델별 보조금,2024,봉화군
화물(소형),한국쓰리축,한국쓰리축1톤롱바디EV트럭(봉고),837,456.0,1293.0,2024년도 전기자동차 봉화군 모델별 보조금,2024,봉화군
화물(소형),한국쓰리축,한국쓰리축1톤롱바디EV트럭(포터),855,466.0,1321.0,2024년도 전기자동차 봉화군 모델별 보조금,2024,봉화군
화물(소형),모빌리티네트웍스,SE-A2밴,333,181.0,514.0,2024년도 전기자동차 봉화군 모델별 보조금,2024,봉화군
화물(소형),피닉스코리아,썬라이즈-T01,412,380.0,792.0,2024년도 전기자동차 봉화군 모델별 보조금,2024,봉화군
화물(소형),케이지모빌리티,토레스 EVX VAN 20인치,392,361.0,753.0,2024년도 전기자동차 봉화군 모델별 보조금,2024,봉화군
화물(소형),케이지모빌리티,토레스 EVX VAN 18인치,394,363.0,757.0,2024년도 전기자동차 봉화군 모델별 보조금,2024,봉화군
화물(소형),한국상용트럭,한국상용1톤롱바디EV카고트럭,818,755.0,1573.0,2024년도 전기자동차 봉화군 모델별 보조금,2024,봉화군
화물(소형),한국상용트럭,한국상용0.9톤롱바디EV내장탑트럭,593,547.0,1140.0,2024년도 전기자동차 봉화군 모델별 보조금,2024,봉화군
화물(소형),센트로에이케이,E-CV1,282,0.0,282.0,2024년도 전기자동차 봉화군 모델별 보조금,2024,봉화군
화물(소형),파츠몰에이투지,SW40,412,0.0,412.0,2024년도 전기자동차 봉화군 모델별 보조금,2024,봉화군
화물(소형),이브이앤솔루션,STEGO-Z,540,0.0,540.0,2024년도 전기자동차 봉화군 모델별 보조금,2024,봉화군
화물(초소형),마스타전기차,MASTA VAN,400,218.0,618.0,2024년도 전기자동차 울진군 모델별 보조금,2024,울진군
화물(초소형),마스타전기차,MASTA HIM,400,218.0,618.0,2024년도 전기자동차 울진군 모델별 보조금,2024,울진군
화물(초소형),디피코,포트로-탑,400,218.0,618.0,2024년도 전기자동차 울진군 모델별 보조금,2024,울진군
화물(초소형),디피코,포트로-픽업,400,218.0,618.0,2024년도 전기자동차 울진군 모델별 보조금,2024,울진군
화물(초소형),디피코,포트로-탑S,400,218.0,618.0,2024년도 전기자동차 울진군 모델별 보조금,2024,울진군
화물(초소형),디피코,포트로-픽업S,400,218.0,618.0,2024년도 전기자동차 울진군 모델별 보조금,2024,울진군
화물(초소형),마이브,베프,400,0.0,400.0,2024년도 전기자동차 울진군 모델별 보조금,2024,울진군
화물(경형),디피코,포트로350L-탑,788,591.0,1379.0,2024년도 전기자동차 울진군 모델별 보조금,2024,울진군
화물(경형),디피코,포트로350L-픽업,788,591.0,1379.0,2024년도 전기자동차 울진군 모델별 보조금,2024,울진군
화물(소형),파워프라자,봉고3ev PEACE,554,302.0,856.0,2024년도 전기자동차 울진군 모델별 보조금,2024,울진군
화물(소형),파워프라자,봉고3ev PEACE 더블캡,481,262.0,743.0,2024년도 전기자동차 울진군 모델별 보조금,2024,울진군
화물(소형),현대자동차,포터Ⅱ 일렉트릭(23MY),1090,572.0,1662.0,2024년도 전기자동차 울진군 모델별 보조금,2024,울진군
화물(소형),현대자동차,포터Ⅱ 일렉트릭(24MY),1090,572.0,1662.0,2024년도 전기자동차 울진군 모델별 보조금,2024,울진군
화물(소형),현대자동차,ST1 기본형 카고 17인치,1100,600.0,1700.0,2024년도 전기자동차 울진군 모델별 보조금,2024,울진군
화물(소형),현대자동차,ST1 기본형 카고 냉동 17인치,1450,790.0,2240.0,2024년도 전기자동차 울진군 모델별 보조금,2024,울진군
화물(소형),현대자동차,ST1 기본형 하이탑 17인치,1100,0.0,1100.0,2024년도 전기자동차 울진군 모델별 보조금,2024,울진군
화물(소형),기아,봉고 전기차,1130,572.0,1702.0,2024년도 전기자동차 울진군 모델별 보조금,2024,울진군
화물(소형),기아,봉고 전기차 냉동탑차,1330,687.0,2017.0,2024년도 전기자동차 울진군 모델별 보조금,2024,울진군
화물(소형),기아,봉고 전기차 저상형 냉동탑차,1330,687.0,2017.0,2024년도 전기자동차 울진군 모델별 보조금,2024,울진군
화물(소형),일진정공,일진무시동전기냉동탑차(149.9km),916,499.0,1415.0,2024년도 전기자동차 울진군 모델별 보조금,2024,울진군
화물(소형),일진정공,일진무시동전기냉동탑차(186.1km),1169,637.0,1806.0,2024년도 전기자동차 울진군 모델별 보조금,2024,울진군
화물(소형),일진정공,일진무시동전기냉동탑차(봉고),1379,712.0,2091.0,2024년도 전기자동차 울진군 모델별 보조금,2024,울진군
화물(소형),일진정공,일진무시동전기냉동탑차(포터),1363,704.0,2067.0,2024년도 전기자동차 울진군 모델별 보조금,2024,울진군
화물(소형),루트17,다니고C(0.8톤 전기트럭),1068,531.0,1599.0,2024년도 전기자동차 울진군 모델별 보조금,2024,울진군
화물(소형),루트17,다니고C2(0.8톤 전기트럭),268,146.0,414.0,2024년도 전기자동차 울진군 모델별 보조금,2024,울진군
화물(소형),루트17,다니고R(전기냉동탑차),1224,625.0,1849.0,2024년도 전기자동차 울진군 모델별 보조금,2024,울진군
화물(소형),루트17,다니고R2(무시동 전기냉동탑차),1123,575.0,1698.0,2024년도 전기자동차 울진군 모델별 보조금,2024,울진군
화물(소형),루트17,e-TOVI,464,253.0,717.0,2024년도 전기자동차 울진군 모델별 보조금,2024,울진군
화물(소형),이브이케이엠씨,MASADA 픽업,295,160.0,455.0,2024년도 전기자동차 울진군 모델별 보조금,2024,울진군
화물(소형),이브이케이엠씨,MASADA 3세대 2밴,274,149.0,423.0,2024년도 전기자동차 울진군 모델별 보조금,2024,울진군
화물(소형),이브이케이엠씨,MASADA 3세대 4밴,246,134.0,380.0,2024년도 전기자동차 울진군 모델별 보조금,2024,울진군
화물(소형),이브이케이엠씨,MASADA 2밴,299,163.0,462.0,2024년도 전기자동차 울진군 모델별 보조금,2024,울진군
화물(소형),이브이케이엠씨,MASADA 4밴,269,146.0,415.0,2024년도 전기자동차 울진군 모델별 보조금,2024,울진군
화물(소형),이브이케이엠씨,EC35 2밴,194,105.0,299.0,2024년도 전기자동차 울진군 모델별 보조금,2024,울진군
화물(소형),제이스모빌리티,이티밴,405,220.0,625.0,2024년도 전기자동차 울진군 모델별 보조금,2024,울진군
화물(소형),제이스모빌리티,이티4밴,364,198.0,562.0,2024년도 전기자동차 울진군 모델별 보조금,2024,울진군
화물(소형),제이스모빌리티,이티밴 미니 2인승,412,224.0,636.0,2024년도 전기자동차 울진군 모델별 보조금,2024,울진군
화물(소형),제이스모빌리티,이티밴 미니 4인승,412,224.0,636.0,2024년도 전기자동차 울진군 모델별 보조금,2024,울진군
화물(소형),제이스모빌리티,이티밴 프로 2인승,412,224.0,636.0,2024년도 전기자동차 울진군 모델별 보조금,2024,울진군
화물(소형),제이스모빌리티,이티밴 프로 4인승,412,224.0,636.0,2024년도 전기자동차 울진군 모델별 보조금,2024,울진군
화물(소형),오텍,오텍 무시동 전기 냉동탑차(봉고),1118,609.0,1727.0,2024년도 전기자동차 울진군 모델별 보조금,2024,울진군
화물(소형),이엔플러스,이엔1톤롱바디카고,850,463.0,1313.0,2024년도 전기자동차 울진군 모델별 보조금,2024,울진군
화물(소형),이엔플러스,이엔플러스EV1톤롱바디트럭,895,488.0,1383.0,2024년도 전기자동차 울진군 모델별 보조금,2024,울진군
화물(소형),GS글로벌,T4K,462,252.0,714.0,2024년도 전기자동차 울진군 모델별 보조금,2024,울진군
화물(소형),GS글로벌,T4K 냉동탑차,711,387.0,1098.0,2024년도 전기자동차 울진군 모델별 보조금,2024,울진군
화물(소형),에스에스라이트,젤라,336,183.0,519.0,2024년도 전기자동차 울진군 모델별 보조금,2024,울진군
화물(소형),에스에스라이트,젤라 P200,478,260.0,738.0,2024년도 전기자동차 울진군 모델별 보조금,2024,울진군
화물(소형),한국쓰리축,한국쓰리축1톤롱바디EV트럭(봉고),837,456.0,1293.0,2024년도 전기자동차 울진군 모델별 보조금,2024,울진군
화물(소형),한국쓰리축,한국쓰리축1톤롱바디EV트럭(포터),855,466.0,1321.0,2024년도 전기자동차 울진군 모델별 보조금,2024,울진군
화물(소형),모빌리티네트웍스,SE-A2밴,333,181.0,514.0,2024년도 전기자동차 울진군 모델별 보조금,2024,울진군
화물(소형),피닉스코리아,썬라이즈-T01,412,224.0,636.0,2024년도 전기자동차 울진군 모델별 보조금,2024,울진군
화물(소형),케이지모빌리티,토레스 EVX VAN 20인치,392,361.0,753.0,2024년도 전기자동차 울진군 모델별 보조금,2024,울진군
화물(소형),케이지모빌리티,토레스 EVX VAN 18인치,394,363.0,757.0,2024년도 전기자동차 울진군 모델별 보조금,2024,울진군
화물(소형),한국상용트럭,한국상용1톤롱바디EV카고트럭,818,446.0,1264.0,2024년도 전기자동차 울진군 모델별 보조금,2024,울진군
화물(소형),한국상용트럭,한국상용0.9톤롱바디EV내장탑트럭,593,323.0,916.0,2024년도 전기자동차 울진군 모델별 보조금,2024,울진군
화물(소형),센트로에이케이,E-CV1,282,0.0,282.0,2024년도 전기자동차 울진군 모델별 보조금,2024,울진군
화물(소형),파츠몰에이투지,SW40,412,0.0,412.0,2024년도 전기자동차 울진군 모델별 보조금,2024,울진군
화물(소형),이브이앤솔루션,STEGO-Z,540,0.0,540.0,2024년도 전기자동차 울진군 모델별 보조금,2024,울진군
화물(초소형),마스타전기차,MASTA VAN,400,400.0,800.0,2024년도 전기자동차 울릉군 모델별 보조금,2024,울릉군
화물(초소형),마스타전기차,MASTA HIM,400,400.0,800.0,2024년도 전기자동차 울릉군 모델별 보조금,2024,울릉군
화물(초소형),디피코,포트로-탑,400,400.0,800.0,2024년도 전기자동차 울릉군 모델별 보조금,2024,울릉군
화물(초소형),디피코,포트로-픽업,400,400.0,800.0,2024년도 전기자동차 울릉군 모델별 보조금,2024,울릉군
화물(초소형),디피코,포트로-탑S,400,400.0,800.0,2024년도 전기자동차 울릉군 모델별 보조금,2024,울릉군
화물(초소형),디피코,포트로-픽업S,400,400.0,800.0,2024년도 전기자동차 울릉군 모델별 보조금,2024,울릉군
화물(경형),디피코,포트로350L-탑,788,1083.0,1871.0,2024년도 전기자동차 울릉군 모델별 보조금,2024,울릉군
화물(경형),디피코,포트로350L-픽업,788,1083.0,1871.0,2024년도 전기자동차 울릉군 모델별 보조금,2024,울릉군
화물(소형),파워프라자,봉고3ev PEACE,554,554.0,1108.0,2024년도 전기자동차 울릉군 모델별 보조금,2024,울릉군
화물(소형),파워프라자,봉고3ev PEACE 더블캡,481,481.0,962.0,2024년도 전기자동차 울릉군 모델별 보조금,2024,울릉군
화물(소형),현대자동차,포터Ⅱ 일렉트릭(23MY),1090,1090.0,2180.0,2024년도 전기자동차 울릉군 모델별 보조금,2024,울릉군
화물(소형),현대자동차,포터Ⅱ 일렉트릭(24MY),1090,1090.0,2180.0,2024년도 전기자동차 울릉군 모델별 보조금,2024,울릉군
화물(소형),현대자동차,ST1 기본형 카고 17인치,1100,1100.0,2200.0,2024년도 전기자동차 울릉군 모델별 보조금,2024,울릉군
화물(소형),현대자동차,ST1 기본형 카고 냉동 17인치,1450,1450.0,2900.0,2024년도 전기자동차 울릉군 모델별 보조금,2024,울릉군
화물(소형),기아,봉고 전기차,1130,1090.0,2220.0,2024년도 전기자동차 울릉군 모델별 보조금,2024,울릉군
화물(소형),기아,봉고 전기차 냉동탑차,1330,1295.0,2625.0,2024년도 전기자동차 울릉군 모델별 보조금,2024,울릉군
화물(소형),기아,봉고 전기차 저상형 냉동탑차,1330,1295.0,2625.0,2024년도 전기자동차 울릉군 모델별 보조금,2024,울릉군
화물(소형),일진정공,일진무시동전기냉동탑차(149.9km),916,916.0,1832.0,2024년도 전기자동차 울릉군 모델별 보조금,2024,울릉군
화물(소형),일진정공,일진무시동전기냉동탑차(186.1km),1169,1169.0,2338.0,2024년도 전기자동차 울릉군 모델별 보조금,2024,울릉군
화물(소형),일진정공,일진무시동전기냉동탑차(봉고),1379,1306.0,2685.0,2024년도 전기자동차 울릉군 모델별 보조금,2024,울릉군
화물(소형),일진정공,일진무시동전기냉동탑차(포터),1363,1291.0,2654.0,2024년도 전기자동차 울릉군 모델별 보조금,2024,울릉군
화물(소형),루트17,다니고C(0.8톤 전기트럭),1068,1068.0,2136.0,2024년도 전기자동차 울릉군 모델별 보조금,2024,울릉군
화물(소형),루트17,다니고C2(0.8톤 전기트럭),268,268.0,536.0,2024년도 전기자동차 울릉군 모델별 보조금,2024,울릉군
화물(소형),루트17,다니고R(전기냉동탑차),1224,1224.0,2448.0,2024년도 전기자동차 울릉군 모델별 보조금,2024,울릉군
화물(소형),루트17,다니고R2(무시동 전기냉동탑차),1123,1123.0,2246.0,2024년도 전기자동차 울릉군 모델별 보조금,2024,울릉군
화물(소형),루트17,e-TOVI,464,0.0,464.0,2024년도 전기자동차 울릉군 모델별 보조금,2024,울릉군
화물(소형),이브이케이엠씨,MASADA 픽업,295,295.0,590.0,2024년도 전기자동차 울릉군 모델별 보조금,2024,울릉군
화물(소형),이브이케이엠씨,MASADA 3세대 2밴,274,274.0,548.0,2024년도 전기자동차 울릉군 모델별 보조금,2024,울릉군
화물(소형),이브이케이엠씨,MASADA 3세대 4밴,246,246.0,492.0,2024년도 전기자동차 울릉군 모델별 보조금,2024,울릉군
화물(소형),이브이케이엠씨,MASADA 2밴,299,298.0,597.0,2024년도 전기자동차 울릉군 모델별 보조금,2024,울릉군
화물(소형),이브이케이엠씨,MASADA 4밴,269,269.0,538.0,2024년도 전기자동차 울릉군 모델별 보조금,2024,울릉군
화물(소형),이브이케이엠씨,EC35 2밴,194,194.0,388.0,2024년도 전기자동차 울릉군 모델별 보조금,2024,울릉군
화물(소형),제이스모빌리티,이티밴,405,405.0,810.0,2024년도 전기자동차 울릉군 모델별 보조금,2024,울릉군
화물(소형),제이스모빌리티,이티4밴,364,364.0,728.0,2024년도 전기자동차 울릉군 모델별 보조금,2024,울릉군
화물(소형),제이스모빌리티,이티밴 미니 2인승,412,412.0,824.0,2024년도 전기자동차 울릉군 모델별 보조금,2024,울릉군
화물(소형),제이스모빌리티,이티밴 미니 4인승,412,412.0,824.0,2024년도 전기자동차 울릉군 모델별 보조금,2024,울릉군
화물(소형),제이스모빌리티,이티밴 프로 2인승,412,412.0,824.0,2024년도 전기자동차 울릉군 모델별 보조금,2024,울릉군
화물(소형),제이스모빌리티,이티밴 프로 4인승,412,412.0,824.0,2024년도 전기자동차 울릉군 모델별 보조금,2024,울릉군
화물(소형),오텍,오텍 무시동 전기 냉동탑차(봉고),1118,1100.0,2218.0,2024년도 전기자동차 울릉군 모델별 보조금,2024,울릉군
화물(소형),이엔플러스,이엔1톤롱바디카고,850,850.0,1700.0,2024년도 전기자동차 울릉군 모델별 보조금,2024,울릉군
화물(소형),이엔플러스,이엔플러스EV1톤롱바디트럭,895,895.0,1790.0,2024년도 전기자동차 울릉군 모델별 보조금,2024,울릉군
화물(소형),GS글로벌,T4K,462,462.0,924.0,2024년도 전기자동차 울릉군 모델별 보조금,2024,울릉군
화물(소형),GS글로벌,T4K 냉동탑차,711,711.0,1422.0,2024년도 전기자동차 울릉군 모델별 보조금,2024,울릉군
화물(소형),에스에스라이트,젤라,336,336.0,672.0,2024년도 전기자동차 울릉군 모델별 보조금,2024,울릉군
화물(소형),에스에스라이트,젤라 P200,478,478.0,956.0,2024년도 전기자동차 울릉군 모델별 보조금,2024,울릉군
화물(소형),한국쓰리축,한국쓰리축1톤롱바디EV트럭(봉고),837,837.0,1674.0,2024년도 전기자동차 울릉군 모델별 보조금,2024,울릉군
화물(소형),한국쓰리축,한국쓰리축1톤롱바디EV트럭(포터),855,855.0,1710.0,2024년도 전기자동차 울릉군 모델별 보조금,2024,울릉군
화물(소형),모빌리티네트웍스,SE-A2밴,333,333.0,666.0,2024년도 전기자동차 울릉군 모델별 보조금,2024,울릉군
화물(소형),피닉스코리아,썬라이즈-T01,412,412.0,824.0,2024년도 전기자동차 울릉군 모델별 보조금,2024,울릉군
화물(소형),케이지모빌리티,토레스 EVX VAN 20인치,392,392.0,784.0,2024년도 전기자동차 울릉군 모델별 보조금,2024,울릉군
화물(소형),케이지모빌리티,토레스 EVX VAN 18인치,394,394.0,788.0,2024년도 전기자동차 울릉군 모델별 보조금,2024,울릉군
화물(소형),한국상용트럭,한국상용1톤롱바디EV카고트럭,818,0.0,818.0,2024년도 전기자동차 울릉군 모델별 보조금,2024,울릉군
화물(소형),한국상용트럭,한국상용0.9톤롱바디EV내장탑트럭,593,0.0,593.0,2024년도 전기자동차 울릉군 모델별 보조금,2024,울릉군
화물(초소형),마스타전기차,MASTA VAN,400,200.0,600.0,2024년도 전기자동차 창원시 모델별 보조금,2024,창원시
화물(초소형),마스타전기차,MASTA HIM,400,200.0,600.0,2024년도 전기자동차 창원시 모델별 보조금,2024,창원시
화물(초소형),디피코,포트로-탑,400,200.0,600.0,2024년도 전기자동차 창원시 모델별 보조금,2024,창원시
화물(초소형),디피코,포트로-픽업,400,200.0,600.0,2024년도 전기자동차 창원시 모델별 보조금,2024,창원시
화물(초소형),디피코,포트로-탑S,400,200.0,600.0,2024년도 전기자동차 창원시 모델별 보조금,2024,창원시
화물(초소형),디피코,포트로-픽업S,400,200.0,600.0,2024년도 전기자동차 창원시 모델별 보조금,2024,창원시
화물(초소형),마이브,베프,400,0.0,400.0,2024년도 전기자동차 창원시 모델별 보조금,2024,창원시
화물(경형),디피코,포트로350L-탑,788,394.0,1182.0,2024년도 전기자동차 창원시 모델별 보조금,2024,창원시
화물(경형),디피코,포트로350L-픽업,788,394.0,1182.0,2024년도 전기자동차 창원시 모델별 보조금,2024,창원시
화물(소형),파워프라자,봉고3ev PEACE,554,284.0,838.0,2024년도 전기자동차 창원시 모델별 보조금,2024,창원시
화물(소형),파워프라자,봉고3ev PEACE 더블캡,481,246.0,727.0,2024년도 전기자동차 창원시 모델별 보조금,2024,창원시
화물(소형),현대자동차,포터Ⅱ 일렉트릭(23MY),1090,536.0,1626.0,2024년도 전기자동차 창원시 모델별 보조금,2024,창원시
화물(소형),현대자동차,포터Ⅱ 일렉트릭(24MY),1090,536.0,1626.0,2024년도 전기자동차 창원시 모델별 보조금,2024,창원시
화물(소형),현대자동차,ST1 기본형 카고 17인치,1100,560.0,1660.0,2024년도 전기자동차 창원시 모델별 보조금,2024,창원시
화물(소형),현대자동차,ST1 기본형 카고 냉동 17인치,1450,560.0,2010.0,2024년도 전기자동차 창원시 모델별 보조금,2024,창원시
화물(소형),현대자동차,ST1 기본형 하이탑 17인치,1100,0.0,1100.0,2024년도 전기자동차 창원시 모델별 보조금,2024,창원시
화물(소형),기아,봉고 전기차,1130,536.0,1666.0,2024년도 전기자동차 창원시 모델별 보조금,2024,창원시
화물(소형),기아,봉고 전기차 냉동탑차,1330,560.0,1890.0,2024년도 전기자동차 창원시 모델별 보조금,2024,창원시
화물(소형),기아,봉고 전기차 저상형 냉동탑차,1330,560.0,1890.0,2024년도 전기자동차 창원시 모델별 보조금,2024,창원시
화물(소형),일진정공,일진무시동전기냉동탑차(149.9km),916,468.0,1384.0,2024년도 전기자동차 창원시 모델별 보조금,2024,창원시
화물(소형),일진정공,일진무시동전기냉동탑차(186.1km),1169,560.0,1729.0,2024년도 전기자동차 창원시 모델별 보조금,2024,창원시
화물(소형),일진정공,일진무시동전기냉동탑차(봉고),1379,560.0,1939.0,2024년도 전기자동차 창원시 모델별 보조금,2024,창원시
화물(소형),일진정공,일진무시동전기냉동탑차(포터),1363,560.0,1923.0,2024년도 전기자동차 창원시 모델별 보조금,2024,창원시
화물(소형),루트17,다니고C(0.8톤 전기트럭),1068,498.0,1566.0,2024년도 전기자동차 창원시 모델별 보조금,2024,창원시
화물(소형),루트17,다니고C2(0.8톤 전기트럭),268,138.0,406.0,2024년도 전기자동차 창원시 모델별 보조금,2024,창원시
화물(소형),루트17,다니고R(전기냉동탑차),1224,560.0,1784.0,2024년도 전기자동차 창원시 모델별 보조금,2024,창원시
화물(소형),루트17,다니고R2(무시동 전기냉동탑차),1123,538.0,1661.0,2024년도 전기자동차 창원시 모델별 보조금,2024,창원시
화물(소형),루트17,e-TOVI,464,238.0,702.0,2024년도 전기자동차 창원시 모델별 보조금,2024,창원시
화물(소형),이브이케이엠씨,MASADA 픽업,295,152.0,447.0,2024년도 전기자동차 창원시 모델별 보조금,2024,창원시
화물(소형),이브이케이엠씨,MASADA 3세대 2밴,274,140.0,414.0,2024년도 전기자동차 창원시 모델별 보조금,2024,창원시
화물(소형),이브이케이엠씨,MASADA 3세대 4밴,246,126.0,372.0,2024년도 전기자동차 창원시 모델별 보조금,2024,창원시
화물(소형),이브이케이엠씨,MASADA 2밴,299,154.0,453.0,2024년도 전기자동차 창원시 모델별 보조금,2024,창원시
화물(소형),이브이케이엠씨,MASADA 4밴,269,138.0,407.0,2024년도 전기자동차 창원시 모델별 보조금,2024,창원시
화물(소형),이브이케이엠씨,EC35 2밴,194,100.0,294.0,2024년도 전기자동차 창원시 모델별 보조금,2024,창원시
화물(소형),제이스모빌리티,이티밴,405,208.0,613.0,2024년도 전기자동차 창원시 모델별 보조금,2024,창원시
화물(소형),제이스모빌리티,이티4밴,364,186.0,550.0,2024년도 전기자동차 창원시 모델별 보조금,2024,창원시
화물(소형),제이스모빌리티,이티밴 미니 2인승,412,210.0,622.0,2024년도 전기자동차 창원시 모델별 보조금,2024,창원시
화물(소형),제이스모빌리티,이티밴 미니 4인승,412,210.0,622.0,2024년도 전기자동차 창원시 모델별 보조금,2024,창원시
화물(소형),제이스모빌리티,이티밴 프로 2인승,412,210.0,622.0,2024년도 전기자동차 창원시 모델별 보조금,2024,창원시
화물(소형),제이스모빌리티,이티밴 프로 4인승,412,210.0,622.0,2024년도 전기자동차 창원시 모델별 보조금,2024,창원시
화물(소형),오텍,오텍 무시동 전기 냉동탑차(봉고),1118,560.0,1678.0,2024년도 전기자동차 창원시 모델별 보조금,2024,창원시
화물(소형),이엔플러스,이엔1톤롱바디카고,850,434.0,1284.0,2024년도 전기자동차 창원시 모델별 보조금,2024,창원시
화물(소형),이엔플러스,이엔플러스EV1톤롱바디트럭,895,456.0,1351.0,2024년도 전기자동차 창원시 모델별 보조금,2024,창원시
화물(소형),GS글로벌,T4K,462,236.0,698.0,2024년도 전기자동차 창원시 모델별 보조금,2024,창원시
화물(소형),GS글로벌,T4K 냉동탑차,711,362.0,1073.0,2024년도 전기자동차 창원시 모델별 보조금,2024,창원시
화물(소형),에스에스라이트,젤라,336,172.0,508.0,2024년도 전기자동차 창원시 모델별 보조금,2024,창원시
화물(소형),에스에스라이트,젤라 P200,478,244.0,722.0,2024년도 전기자동차 창원시 모델별 보조금,2024,창원시
화물(소형),한국쓰리축,한국쓰리축1톤롱바디EV트럭(봉고),837,428.0,1265.0,2024년도 전기자동차 창원시 모델별 보조금,2024,창원시
화물(소형),한국쓰리축,한국쓰리축1톤롱바디EV트럭(포터),855,436.0,1291.0,2024년도 전기자동차 창원시 모델별 보조금,2024,창원시
화물(소형),모빌리티네트웍스,SE-A2밴,333,170.0,503.0,2024년도 전기자동차 창원시 모델별 보조금,2024,창원시
화물(소형),피닉스코리아,썬라이즈-T01,412,210.0,622.0,2024년도 전기자동차 창원시 모델별 보조금,2024,창원시
화물(소형),케이지모빌리티,토레스 EVX VAN 20인치,392,350.0,742.0,2024년도 전기자동차 창원시 모델별 보조금,2024,창원시
화물(소형),케이지모빌리티,토레스 EVX VAN 18인치,394,352.0,746.0,2024년도 전기자동차 창원시 모델별 보조금,2024,창원시
화물(소형),한국상용트럭,한국상용1톤롱바디EV카고트럭,818,418.0,1236.0,2024년도 전기자동차 창원시 모델별 보조금,2024,창원시
화물(소형),한국상용트럭,한국상용0.9톤롱바디EV내장탑트럭,593,302.0,895.0,2024년도 전기자동차 창원시 모델별 보조금,2024,창원시
화물(소형),센트로에이케이,E-CV1,282,252.0,534.0,2024년도 전기자동차 창원시 모델별 보조금,2024,창원시
화물(소형),파츠몰에이투지,SW40,412,210.0,622.0,2024년도 전기자동차 창원시 모델별 보조금,2024,창원시
화물(소형),이브이앤솔루션,STEGO-Z,540,276.0,816.0,2024년도 전기자동차 창원시 모델별 보조금,2024,창원시
화물(초소형),마스타전기차,MASTA VAN,400,200.0,600.0,2024년도 전기자동차 진주시 모델별 보조금,2024,진주시
화물(초소형),마스타전기차,MASTA HIM,400,200.0,600.0,2024년도 전기자동차 진주시 모델별 보조금,2024,진주시
화물(초소형),디피코,포트로-탑,400,200.0,600.0,2024년도 전기자동차 진주시 모델별 보조금,2024,진주시
화물(초소형),디피코,포트로-픽업,400,200.0,600.0,2024년도 전기자동차 진주시 모델별 보조금,2024,진주시
화물(초소형),디피코,포트로-탑S,400,200.0,600.0,2024년도 전기자동차 진주시 모델별 보조금,2024,진주시
화물(초소형),디피코,포트로-픽업S,400,200.0,600.0,2024년도 전기자동차 진주시 모델별 보조금,2024,진주시
화물(초소형),마이브,베프,400,200.0,600.0,2024년도 전기자동차 진주시 모델별 보조금,2024,진주시
화물(경형),디피코,포트로350L-탑,788,394.0,1182.0,2024년도 전기자동차 진주시 모델별 보조금,2024,진주시
화물(경형),디피코,포트로350L-픽업,788,394.0,1182.0,2024년도 전기자동차 진주시 모델별 보조금,2024,진주시
화물(소형),파워프라자,봉고3ev PEACE,554,284.0,838.0,2024년도 전기자동차 진주시 모델별 보조금,2024,진주시
화물(소형),파워프라자,봉고3ev PEACE 더블캡,481,246.0,727.0,2024년도 전기자동차 진주시 모델별 보조금,2024,진주시
화물(소형),현대자동차,포터Ⅱ 일렉트릭(23MY),1090,536.0,1626.0,2024년도 전기자동차 진주시 모델별 보조금,2024,진주시
화물(소형),현대자동차,포터Ⅱ 일렉트릭(24MY),1090,536.0,1626.0,2024년도 전기자동차 진주시 모델별 보조금,2024,진주시
화물(소형),현대자동차,ST1 기본형 카고 17인치,1100,560.0,1660.0,2024년도 전기자동차 진주시 모델별 보조금,2024,진주시
화물(소형),현대자동차,ST1 기본형 카고 냉동 17인치,1450,560.0,2010.0,2024년도 전기자동차 진주시 모델별 보조금,2024,진주시
화물(소형),현대자동차,ST1 기본형 하이탑 17인치,1100,560.0,1660.0,2024년도 전기자동차 진주시 모델별 보조금,2024,진주시
화물(소형),기아,봉고 전기차,1130,536.0,1666.0,2024년도 전기자동차 진주시 모델별 보조금,2024,진주시
화물(소형),기아,봉고 전기차 냉동탑차,1330,560.0,1890.0,2024년도 전기자동차 진주시 모델별 보조금,2024,진주시
화물(소형),기아,봉고 전기차 저상형 냉동탑차,1330,560.0,1890.0,2024년도 전기자동차 진주시 모델별 보조금,2024,진주시
화물(소형),일진정공,일진무시동전기냉동탑차(149.9km),916,468.0,1384.0,2024년도 전기자동차 진주시 모델별 보조금,2024,진주시
화물(소형),일진정공,일진무시동전기냉동탑차(186.1km),1169,560.0,1729.0,2024년도 전기자동차 진주시 모델별 보조금,2024,진주시
화물(소형),일진정공,일진무시동전기냉동탑차(봉고),1379,560.0,1939.0,2024년도 전기자동차 진주시 모델별 보조금,2024,진주시
화물(소형),일진정공,일진무시동전기냉동탑차(포터),1363,560.0,1923.0,2024년도 전기자동차 진주시 모델별 보조금,2024,진주시
화물(소형),루트17,다니고C(0.8톤 전기트럭),1068,498.0,1566.0,2024년도 전기자동차 진주시 모델별 보조금,2024,진주시
화물(소형),루트17,다니고C2(0.8톤 전기트럭),268,138.0,406.0,2024년도 전기자동차 진주시 모델별 보조금,2024,진주시
화물(소형),루트17,다니고R(전기냉동탑차),1224,560.0,1784.0,2024년도 전기자동차 진주시 모델별 보조금,2024,진주시
화물(소형),루트17,다니고R2(무시동 전기냉동탑차),1123,538.0,1661.0,2024년도 전기자동차 진주시 모델별 보조금,2024,진주시
화물(소형),루트17,e-TOVI,464,238.0,702.0,2024년도 전기자동차 진주시 모델별 보조금,2024,진주시
화물(소형),이브이케이엠씨,MASADA 픽업,295,152.0,447.0,2024년도 전기자동차 진주시 모델별 보조금,2024,진주시
화물(소형),이브이케이엠씨,MASADA 3세대 2밴,274,140.0,414.0,2024년도 전기자동차 진주시 모델별 보조금,2024,진주시
화물(소형),이브이케이엠씨,MASADA 3세대 4밴,246,126.0,372.0,2024년도 전기자동차 진주시 모델별 보조금,2024,진주시
화물(소형),이브이케이엠씨,MASADA 2밴,299,154.0,453.0,2024년도 전기자동차 진주시 모델별 보조금,2024,진주시
화물(소형),이브이케이엠씨,MASADA 4밴,269,138.0,407.0,2024년도 전기자동차 진주시 모델별 보조금,2024,진주시
화물(소형),이브이케이엠씨,EC35 2밴,194,100.0,294.0,2024년도 전기자동차 진주시 모델별 보조금,2024,진주시
화물(소형),제이스모빌리티,이티밴,405,208.0,613.0,2024년도 전기자동차 진주시 모델별 보조금,2024,진주시
화물(소형),제이스모빌리티,이티4밴,364,186.0,550.0,2024년도 전기자동차 진주시 모델별 보조금,2024,진주시
화물(소형),제이스모빌리티,이티밴 미니 2인승,412,210.0,622.0,2024년도 전기자동차 진주시 모델별 보조금,2024,진주시
화물(소형),제이스모빌리티,이티밴 미니 4인승,412,210.0,622.0,2024년도 전기자동차 진주시 모델별 보조금,2024,진주시
화물(소형),제이스모빌리티,이티밴 프로 2인승,412,210.0,622.0,2024년도 전기자동차 진주시 모델별 보조금,2024,진주시
화물(소형),제이스모빌리티,이티밴 프로 4인승,412,210.0,622.0,2024년도 전기자동차 진주시 모델별 보조금,2024,진주시
화물(소형),오텍,오텍 무시동 전기 냉동탑차(봉고),1118,560.0,1678.0,2024년도 전기자동차 진주시 모델별 보조금,2024,진주시
화물(소형),이엔플러스,이엔1톤롱바디카고,850,434.0,1284.0,2024년도 전기자동차 진주시 모델별 보조금,2024,진주시
화물(소형),이엔플러스,이엔플러스EV1톤롱바디트럭,895,456.0,1351.0,2024년도 전기자동차 진주시 모델별 보조금,2024,진주시
화물(소형),GS글로벌,T4K,462,236.0,698.0,2024년도 전기자동차 진주시 모델별 보조금,2024,진주시
화물(소형),GS글로벌,T4K 냉동탑차,711,362.0,1073.0,2024년도 전기자동차 진주시 모델별 보조금,2024,진주시
화물(소형),에스에스라이트,젤라,336,172.0,508.0,2024년도 전기자동차 진주시 모델별 보조금,2024,진주시
화물(소형),에스에스라이트,젤라 P200,478,244.0,722.0,2024년도 전기자동차 진주시 모델별 보조금,2024,진주시
화물(소형),한국쓰리축,한국쓰리축1톤롱바디EV트럭(봉고),837,428.0,1265.0,2024년도 전기자동차 진주시 모델별 보조금,2024,진주시
화물(소형),한국쓰리축,한국쓰리축1톤롱바디EV트럭(포터),855,436.0,1291.0,2024년도 전기자동차 진주시 모델별 보조금,2024,진주시
화물(소형),모빌리티네트웍스,SE-A2밴,333,170.0,503.0,2024년도 전기자동차 진주시 모델별 보조금,2024,진주시
화물(소형),피닉스코리아,썬라이즈-T01,412,210.0,622.0,2024년도 전기자동차 진주시 모델별 보조금,2024,진주시
화물(소형),케이지모빌리티,토레스 EVX VAN 20인치,392,350.0,742.0,2024년도 전기자동차 진주시 모델별 보조금,2024,진주시
화물(소형),케이지모빌리티,토레스 EVX VAN 18인치,394,352.0,746.0,2024년도 전기자동차 진주시 모델별 보조금,2024,진주시
화물(소형),한국상용트럭,한국상용1톤롱바디EV카고트럭,818,418.0,1236.0,2024년도 전기자동차 진주시 모델별 보조금,2024,진주시
화물(소형),한국상용트럭,한국상용0.9톤롱바디EV내장탑트럭,593,302.0,895.0,2024년도 전기자동차 진주시 모델별 보조금,2024,진주시
화물(소형),센트로에이케이,E-CV1,282,252.0,534.0,2024년도 전기자동차 진주시 모델별 보조금,2024,진주시
화물(소형),파츠몰에이투지,SW40,412,210.0,622.0,2024년도 전기자동차 진주시 모델별 보조금,2024,진주시
화물(소형),이브이앤솔루션,STEGO-Z,540,276.0,816.0,2024년도 전기자동차 진주시 모델별 보조금,2024,진주시
화물(초소형),마스타전기차,MASTA VAN,400,200.0,600.0,2024년도 전기자동차 통영시 모델별 보조금,2024,통영시
화물(초소형),마스타전기차,MASTA HIM,400,200.0,600.0,2024년도 전기자동차 통영시 모델별 보조금,2024,통영시
화물(초소형),디피코,포트로-탑,400,200.0,600.0,2024년도 전기자동차 통영시 모델별 보조금,2024,통영시
화물(초소형),디피코,포트로-픽업,400,200.0,600.0,2024년도 전기자동차 통영시 모델별 보조금,2024,통영시
화물(초소형),디피코,포트로-탑S,400,200.0,600.0,2024년도 전기자동차 통영시 모델별 보조금,2024,통영시
화물(초소형),디피코,포트로-픽업S,400,200.0,600.0,2024년도 전기자동차 통영시 모델별 보조금,2024,통영시
화물(초소형),마이브,베프,400,200.0,600.0,2024년도 전기자동차 통영시 모델별 보조금,2024,통영시
화물(경형),디피코,포트로350L-탑,788,394.0,1182.0,2024년도 전기자동차 통영시 모델별 보조금,2024,통영시
화물(경형),디피코,포트로350L-픽업,788,394.0,1182.0,2024년도 전기자동차 통영시 모델별 보조금,2024,통영시
화물(소형),파워프라자,봉고3ev PEACE,554,284.0,838.0,2024년도 전기자동차 통영시 모델별 보조금,2024,통영시
화물(소형),파워프라자,봉고3ev PEACE 더블캡,481,246.0,727.0,2024년도 전기자동차 통영시 모델별 보조금,2024,통영시
화물(소형),현대자동차,포터Ⅱ 일렉트릭(23MY),1090,536.0,1626.0,2024년도 전기자동차 통영시 모델별 보조금,2024,통영시
화물(소형),현대자동차,포터Ⅱ 일렉트릭(24MY),1090,536.0,1626.0,2024년도 전기자동차 통영시 모델별 보조금,2024,통영시
화물(소형),현대자동차,ST1 기본형 카고 17인치,1100,560.0,1660.0,2024년도 전기자동차 통영시 모델별 보조금,2024,통영시
화물(소형),현대자동차,ST1 기본형 카고 냉동 17인치,1450,560.0,2010.0,2024년도 전기자동차 통영시 모델별 보조금,2024,통영시
화물(소형),현대자동차,ST1 기본형 하이탑 17인치,1100,560.0,1660.0,2024년도 전기자동차 통영시 모델별 보조금,2024,통영시
화물(소형),기아,봉고 전기차,1130,536.0,1666.0,2024년도 전기자동차 통영시 모델별 보조금,2024,통영시
화물(소형),기아,봉고 전기차 냉동탑차,1330,560.0,1890.0,2024년도 전기자동차 통영시 모델별 보조금,2024,통영시
화물(소형),기아,봉고 전기차 저상형 냉동탑차,1330,560.0,1890.0,2024년도 전기자동차 통영시 모델별 보조금,2024,통영시
화물(소형),일진정공,일진무시동전기냉동탑차(149.9km),916,468.0,1384.0,2024년도 전기자동차 통영시 모델별 보조금,2024,통영시
화물(소형),일진정공,일진무시동전기냉동탑차(186.1km),1169,560.0,1729.0,2024년도 전기자동차 통영시 모델별 보조금,2024,통영시
화물(소형),일진정공,일진무시동전기냉동탑차(봉고),1379,560.0,1939.0,2024년도 전기자동차 통영시 모델별 보조금,2024,통영시
화물(소형),일진정공,일진무시동전기냉동탑차(포터),1363,560.0,1923.0,2024년도 전기자동차 통영시 모델별 보조금,2024,통영시
화물(소형),루트17,다니고C(0.8톤 전기트럭),1068,498.0,1566.0,2024년도 전기자동차 통영시 모델별 보조금,2024,통영시
화물(소형),루트17,다니고C2(0.8톤 전기트럭),268,138.0,406.0,2024년도 전기자동차 통영시 모델별 보조금,2024,통영시
화물(소형),루트17,다니고R(전기냉동탑차),1224,560.0,1784.0,2024년도 전기자동차 통영시 모델별 보조금,2024,통영시
화물(소형),루트17,다니고R2(무시동 전기냉동탑차),1123,538.0,1661.0,2024년도 전기자동차 통영시 모델별 보조금,2024,통영시
화물(소형),루트17,e-TOVI,464,238.0,702.0,2024년도 전기자동차 통영시 모델별 보조금,2024,통영시
화물(소형),이브이케이엠씨,MASADA 픽업,295,152.0,447.0,2024년도 전기자동차 통영시 모델별 보조금,2024,통영시
화물(소형),이브이케이엠씨,MASADA 3세대 2밴,274,140.0,414.0,2024년도 전기자동차 통영시 모델별 보조금,2024,통영시
화물(소형),이브이케이엠씨,MASADA 3세대 4밴,246,126.0,372.0,2024년도 전기자동차 통영시 모델별 보조금,2024,통영시
화물(소형),이브이케이엠씨,MASADA 2밴,299,154.0,453.0,2024년도 전기자동차 통영시 모델별 보조금,2024,통영시
화물(소형),이브이케이엠씨,MASADA 4밴,269,138.0,407.0,2024년도 전기자동차 통영시 모델별 보조금,2024,통영시
화물(소형),이브이케이엠씨,EC35 2밴,194,100.0,294.0,2024년도 전기자동차 통영시 모델별 보조금,2024,통영시
화물(소형),제이스모빌리티,이티밴,405,208.0,613.0,2024년도 전기자동차 통영시 모델별 보조금,2024,통영시
화물(소형),제이스모빌리티,이티4밴,364,186.0,550.0,2024년도 전기자동차 통영시 모델별 보조금,2024,통영시
화물(소형),제이스모빌리티,이티밴 미니 2인승,412,210.0,622.0,2024년도 전기자동차 통영시 모델별 보조금,2024,통영시
화물(소형),제이스모빌리티,이티밴 미니 4인승,412,210.0,622.0,2024년도 전기자동차 통영시 모델별 보조금,2024,통영시
화물(소형),제이스모빌리티,이티밴 프로 2인승,412,210.0,622.0,2024년도 전기자동차 통영시 모델별 보조금,2024,통영시
화물(소형),제이스모빌리티,이티밴 프로 4인승,412,210.0,622.0,2024년도 전기자동차 통영시 모델별 보조금,2024,통영시
화물(소형),오텍,오텍 무시동 전기 냉동탑차(봉고),1118,560.0,1678.0,2024년도 전기자동차 통영시 모델별 보조금,2024,통영시
화물(소형),이엔플러스,이엔1톤롱바디카고,850,434.0,1284.0,2024년도 전기자동차 통영시 모델별 보조금,2024,통영시
화물(소형),이엔플러스,이엔플러스EV1톤롱바디트럭,895,456.0,1351.0,2024년도 전기자동차 통영시 모델별 보조금,2024,통영시
화물(소형),GS글로벌,T4K,462,236.0,698.0,2024년도 전기자동차 통영시 모델별 보조금,2024,통영시
화물(소형),GS글로벌,T4K 냉동탑차,711,362.0,1073.0,2024년도 전기자동차 통영시 모델별 보조금,2024,통영시
화물(소형),에스에스라이트,젤라,336,172.0,508.0,2024년도 전기자동차 통영시 모델별 보조금,2024,통영시
화물(소형),에스에스라이트,젤라 P200,478,244.0,722.0,2024년도 전기자동차 통영시 모델별 보조금,2024,통영시
화물(소형),한국쓰리축,한국쓰리축1톤롱바디EV트럭(봉고),837,428.0,1265.0,2024년도 전기자동차 통영시 모델별 보조금,2024,통영시
화물(소형),한국쓰리축,한국쓰리축1톤롱바디EV트럭(포터),855,436.0,1291.0,2024년도 전기자동차 통영시 모델별 보조금,2024,통영시
화물(소형),모빌리티네트웍스,SE-A2밴,333,170.0,503.0,2024년도 전기자동차 통영시 모델별 보조금,2024,통영시
화물(소형),피닉스코리아,썬라이즈-T01,412,210.0,622.0,2024년도 전기자동차 통영시 모델별 보조금,2024,통영시
화물(소형),케이지모빌리티,토레스 EVX VAN 20인치,392,350.0,742.0,2024년도 전기자동차 통영시 모델별 보조금,2024,통영시
화물(소형),케이지모빌리티,토레스 EVX VAN 18인치,394,352.0,746.0,2024년도 전기자동차 통영시 모델별 보조금,2024,통영시
화물(소형),한국상용트럭,한국상용1톤롱바디EV카고트럭,818,418.0,1236.0,2024년도 전기자동차 통영시 모델별 보조금,2024,통영시
화물(소형),한국상용트럭,한국상용0.9톤롱바디EV내장탑트럭,593,302.0,895.0,2024년도 전기자동차 통영시 모델별 보조금,2024,통영시
화물(소형),센트로에이케이,E-CV1,282,252.0,534.0,2024년도 전기자동차 통영시 모델별 보조금,2024,통영시
화물(소형),파츠몰에이투지,SW40,412,210.0,622.0,2024년도 전기자동차 통영시 모델별 보조금,2024,통영시
화물(소형),이브이앤솔루션,STEGO-Z,540,276.0,816.0,2024년도 전기자동차 통영시 모델별 보조금,2024,통영시
화물(초소형),마스타전기차,MASTA VAN,400,200.0,600.0,2024년도 전기자동차 사천시 모델별 보조금,2024,사천시
화물(초소형),마스타전기차,MASTA HIM,400,200.0,600.0,2024년도 전기자동차 사천시 모델별 보조금,2024,사천시
화물(초소형),디피코,포트로-탑,400,200.0,600.0,2024년도 전기자동차 사천시 모델별 보조금,2024,사천시
화물(초소형),디피코,포트로-픽업,400,200.0,600.0,2024년도 전기자동차 사천시 모델별 보조금,2024,사천시
화물(초소형),디피코,포트로-탑S,400,200.0,600.0,2024년도 전기자동차 사천시 모델별 보조금,2024,사천시
화물(초소형),디피코,포트로-픽업S,400,200.0,600.0,2024년도 전기자동차 사천시 모델별 보조금,2024,사천시
화물(초소형),마이브,베프,400,0.0,400.0,2024년도 전기자동차 사천시 모델별 보조금,2024,사천시
화물(경형),디피코,포트로350L-탑,788,394.0,1182.0,2024년도 전기자동차 사천시 모델별 보조금,2024,사천시
화물(경형),디피코,포트로350L-픽업,788,394.0,1182.0,2024년도 전기자동차 사천시 모델별 보조금,2024,사천시
화물(소형),파워프라자,봉고3ev PEACE,554,284.0,838.0,2024년도 전기자동차 사천시 모델별 보조금,2024,사천시
화물(소형),파워프라자,봉고3ev PEACE 더블캡,481,246.0,727.0,2024년도 전기자동차 사천시 모델별 보조금,2024,사천시
화물(소형),현대자동차,포터Ⅱ 일렉트릭(23MY),1090,536.0,1626.0,2024년도 전기자동차 사천시 모델별 보조금,2024,사천시
화물(소형),현대자동차,포터Ⅱ 일렉트릭(24MY),1090,536.0,1626.0,2024년도 전기자동차 사천시 모델별 보조금,2024,사천시
화물(소형),현대자동차,ST1 기본형 카고 17인치,1100,560.0,1660.0,2024년도 전기자동차 사천시 모델별 보조금,2024,사천시
화물(소형),현대자동차,ST1 기본형 카고 냉동 17인치,1450,560.0,2010.0,2024년도 전기자동차 사천시 모델별 보조금,2024,사천시
화물(소형),현대자동차,ST1 기본형 하이탑 17인치,1100,560.0,1660.0,2024년도 전기자동차 사천시 모델별 보조금,2024,사천시
화물(소형),기아,봉고 전기차,1130,536.0,1666.0,2024년도 전기자동차 사천시 모델별 보조금,2024,사천시
화물(소형),기아,봉고 전기차 냉동탑차,1330,560.0,1890.0,2024년도 전기자동차 사천시 모델별 보조금,2024,사천시
화물(소형),기아,봉고 전기차 저상형 냉동탑차,1330,560.0,1890.0,2024년도 전기자동차 사천시 모델별 보조금,2024,사천시
화물(소형),일진정공,일진무시동전기냉동탑차(149.9km),916,468.0,1384.0,2024년도 전기자동차 사천시 모델별 보조금,2024,사천시
화물(소형),일진정공,일진무시동전기냉동탑차(186.1km),1169,560.0,1729.0,2024년도 전기자동차 사천시 모델별 보조금,2024,사천시
화물(소형),일진정공,일진무시동전기냉동탑차(봉고),1379,560.0,1939.0,2024년도 전기자동차 사천시 모델별 보조금,2024,사천시
화물(소형),일진정공,일진무시동전기냉동탑차(포터),1363,560.0,1923.0,2024년도 전기자동차 사천시 모델별 보조금,2024,사천시
화물(소형),루트17,다니고C(0.8톤 전기트럭),1068,498.0,1566.0,2024년도 전기자동차 사천시 모델별 보조금,2024,사천시
화물(소형),루트17,다니고C2(0.8톤 전기트럭),268,138.0,406.0,2024년도 전기자동차 사천시 모델별 보조금,2024,사천시
화물(소형),루트17,다니고R(전기냉동탑차),1224,624.0,1848.0,2024년도 전기자동차 사천시 모델별 보조금,2024,사천시
화물(소형),루트17,다니고R2(무시동 전기냉동탑차),1123,572.0,1695.0,2024년도 전기자동차 사천시 모델별 보조금,2024,사천시
화물(소형),루트17,e-TOVI,464,238.0,702.0,2024년도 전기자동차 사천시 모델별 보조금,2024,사천시
화물(소형),이브이케이엠씨,MASADA 픽업,295,152.0,447.0,2024년도 전기자동차 사천시 모델별 보조금,2024,사천시
화물(소형),이브이케이엠씨,MASADA 3세대 2밴,274,140.0,414.0,2024년도 전기자동차 사천시 모델별 보조금,2024,사천시
화물(소형),이브이케이엠씨,MASADA 3세대 4밴,246,126.0,372.0,2024년도 전기자동차 사천시 모델별 보조금,2024,사천시
화물(소형),이브이케이엠씨,MASADA 2밴,299,154.0,453.0,2024년도 전기자동차 사천시 모델별 보조금,2024,사천시
화물(소형),이브이케이엠씨,MASADA 4밴,269,138.0,407.0,2024년도 전기자동차 사천시 모델별 보조금,2024,사천시
화물(소형),이브이케이엠씨,EC35 2밴,194,100.0,294.0,2024년도 전기자동차 사천시 모델별 보조금,2024,사천시
화물(소형),제이스모빌리티,이티밴,405,208.0,613.0,2024년도 전기자동차 사천시 모델별 보조금,2024,사천시
화물(소형),제이스모빌리티,이티4밴,364,186.0,550.0,2024년도 전기자동차 사천시 모델별 보조금,2024,사천시
화물(소형),제이스모빌리티,이티밴 미니 2인승,412,210.0,622.0,2024년도 전기자동차 사천시 모델별 보조금,2024,사천시
화물(소형),제이스모빌리티,이티밴 미니 4인승,412,210.0,622.0,2024년도 전기자동차 사천시 모델별 보조금,2024,사천시
화물(소형),제이스모빌리티,이티밴 프로 2인승,412,210.0,622.0,2024년도 전기자동차 사천시 모델별 보조금,2024,사천시
화물(소형),제이스모빌리티,이티밴 프로 4인승,412,210.0,622.0,2024년도 전기자동차 사천시 모델별 보조금,2024,사천시
화물(소형),오텍,오텍 무시동 전기 냉동탑차(봉고),1118,560.0,1678.0,2024년도 전기자동차 사천시 모델별 보조금,2024,사천시
화물(소형),이엔플러스,이엔1톤롱바디카고,850,434.0,1284.0,2024년도 전기자동차 사천시 모델별 보조금,2024,사천시
화물(소형),이엔플러스,이엔플러스EV1톤롱바디트럭,895,456.0,1351.0,2024년도 전기자동차 사천시 모델별 보조금,2024,사천시
화물(소형),GS글로벌,T4K,462,236.0,698.0,2024년도 전기자동차 사천시 모델별 보조금,2024,사천시
화물(소형),GS글로벌,T4K 냉동탑차,711,362.0,1073.0,2024년도 전기자동차 사천시 모델별 보조금,2024,사천시
화물(소형),에스에스라이트,젤라,336,172.0,508.0,2024년도 전기자동차 사천시 모델별 보조금,2024,사천시
화물(소형),에스에스라이트,젤라 P200,478,244.0,722.0,2024년도 전기자동차 사천시 모델별 보조금,2024,사천시
화물(소형),한국쓰리축,한국쓰리축1톤롱바디EV트럭(봉고),837,428.0,1265.0,2024년도 전기자동차 사천시 모델별 보조금,2024,사천시
화물(소형),한국쓰리축,한국쓰리축1톤롱바디EV트럭(포터),855,436.0,1291.0,2024년도 전기자동차 사천시 모델별 보조금,2024,사천시
화물(소형),모빌리티네트웍스,SE-A2밴,333,170.0,503.0,2024년도 전기자동차 사천시 모델별 보조금,2024,사천시
화물(소형),피닉스코리아,썬라이즈-T01,412,210.0,622.0,2024년도 전기자동차 사천시 모델별 보조금,2024,사천시
화물(소형),케이지모빌리티,토레스 EVX VAN 20인치,392,350.0,742.0,2024년도 전기자동차 사천시 모델별 보조금,2024,사천시
화물(소형),케이지모빌리티,토레스 EVX VAN 18인치,394,352.0,746.0,2024년도 전기자동차 사천시 모델별 보조금,2024,사천시
화물(소형),한국상용트럭,한국상용1톤롱바디EV카고트럭,818,418.0,1236.0,2024년도 전기자동차 사천시 모델별 보조금,2024,사천시
화물(소형),한국상용트럭,한국상용0.9톤롱바디EV내장탑트럭,593,302.0,895.0,2024년도 전기자동차 사천시 모델별 보조금,2024,사천시
화물(소형),센트로에이케이,E-CV1,282,252.0,534.0,2024년도 전기자동차 사천시 모델별 보조금,2024,사천시
화물(소형),파츠몰에이투지,SW40,412,210.0,622.0,2024년도 전기자동차 사천시 모델별 보조금,2024,사천시
화물(소형),이브이앤솔루션,STEGO-Z,540,276.0,816.0,2024년도 전기자동차 사천시 모델별 보조금,2024,사천시
화물(초소형),마스타전기차,MASTA VAN,400,200.0,600.0,2024년도 전기자동차 김해시 모델별 보조금,2024,김해시
화물(초소형),마스타전기차,MASTA HIM,400,200.0,600.0,2024년도 전기자동차 김해시 모델별 보조금,2024,김해시
화물(초소형),디피코,포트로-탑,400,200.0,600.0,2024년도 전기자동차 김해시 모델별 보조금,2024,김해시
화물(초소형),디피코,포트로-픽업,400,200.0,600.0,2024년도 전기자동차 김해시 모델별 보조금,2024,김해시
화물(초소형),디피코,포트로-탑S,400,200.0,600.0,2024년도 전기자동차 김해시 모델별 보조금,2024,김해시
화물(초소형),디피코,포트로-픽업S,400,260.0,660.0,2024년도 전기자동차 김해시 모델별 보조금,2024,김해시
화물(초소형),마이브,베프,400,200.0,600.0,2024년도 전기자동차 김해시 모델별 보조금,2024,김해시
화물(경형),디피코,포트로350L-탑,788,394.0,1182.0,2024년도 전기자동차 김해시 모델별 보조금,2024,김해시
화물(경형),디피코,포트로350L-픽업,788,394.0,1182.0,2024년도 전기자동차 김해시 모델별 보조금,2024,김해시
화물(소형),파워프라자,봉고3ev PEACE,554,284.0,838.0,2024년도 전기자동차 김해시 모델별 보조금,2024,김해시
화물(소형),파워프라자,봉고3ev PEACE 더블캡,481,246.0,727.0,2024년도 전기자동차 김해시 모델별 보조금,2024,김해시
화물(소형),현대자동차,포터Ⅱ 일렉트릭(23MY),1090,536.0,1626.0,2024년도 전기자동차 김해시 모델별 보조금,2024,김해시
화물(소형),현대자동차,포터Ⅱ 일렉트릭(24MY),1090,536.0,1626.0,2024년도 전기자동차 김해시 모델별 보조금,2024,김해시
화물(소형),현대자동차,ST1 기본형 카고 17인치,1100,560.0,1660.0,2024년도 전기자동차 김해시 모델별 보조금,2024,김해시
화물(소형),현대자동차,ST1 기본형 카고 냉동 17인치,1450,560.0,2010.0,2024년도 전기자동차 김해시 모델별 보조금,2024,김해시
화물(소형),기아,봉고 전기차,1130,536.0,1666.0,2024년도 전기자동차 김해시 모델별 보조금,2024,김해시
화물(소형),기아,봉고 전기차 냉동탑차,1330,560.0,1890.0,2024년도 전기자동차 김해시 모델별 보조금,2024,김해시
화물(소형),기아,봉고 전기차 저상형 냉동탑차,1330,560.0,1890.0,2024년도 전기자동차 김해시 모델별 보조금,2024,김해시
화물(소형),일진정공,일진무시동전기냉동탑차(149.9km),916,468.0,1384.0,2024년도 전기자동차 김해시 모델별 보조금,2024,김해시
화물(소형),일진정공,일진무시동전기냉동탑차(186.1km),1169,560.0,1729.0,2024년도 전기자동차 김해시 모델별 보조금,2024,김해시
화물(소형),일진정공,일진무시동전기냉동탑차(봉고),1379,560.0,1939.0,2024년도 전기자동차 김해시 모델별 보조금,2024,김해시
화물(소형),일진정공,일진무시동전기냉동탑차(포터),1363,560.0,1923.0,2024년도 전기자동차 김해시 모델별 보조금,2024,김해시
화물(소형),루트17,다니고C(0.8톤 전기트럭),1068,498.0,1566.0,2024년도 전기자동차 김해시 모델별 보조금,2024,김해시
화물(소형),루트17,다니고C2(0.8톤 전기트럭),268,138.0,406.0,2024년도 전기자동차 김해시 모델별 보조금,2024,김해시
화물(소형),루트17,다니고R(전기냉동탑차),1224,560.0,1784.0,2024년도 전기자동차 김해시 모델별 보조금,2024,김해시
화물(소형),루트17,다니고R2(무시동 전기냉동탑차),1123,538.0,1661.0,2024년도 전기자동차 김해시 모델별 보조금,2024,김해시
화물(소형),루트17,e-TOVI,464,238.0,702.0,2024년도 전기자동차 김해시 모델별 보조금,2024,김해시
화물(소형),이브이케이엠씨,MASADA 픽업,295,152.0,447.0,2024년도 전기자동차 김해시 모델별 보조금,2024,김해시
화물(소형),이브이케이엠씨,MASADA 3세대 2밴,274,140.0,414.0,2024년도 전기자동차 김해시 모델별 보조금,2024,김해시
화물(소형),이브이케이엠씨,MASADA 3세대 4밴,246,126.0,372.0,2024년도 전기자동차 김해시 모델별 보조금,2024,김해시
화물(소형),이브이케이엠씨,MASADA 2밴,299,154.0,453.0,2024년도 전기자동차 김해시 모델별 보조금,2024,김해시
화물(소형),이브이케이엠씨,MASADA 4밴,269,126.0,395.0,2024년도 전기자동차 김해시 모델별 보조금,2024,김해시
화물(소형),이브이케이엠씨,EC35 2밴,194,100.0,294.0,2024년도 전기자동차 김해시 모델별 보조금,2024,김해시
화물(소형),제이스모빌리티,이티밴,405,208.0,613.0,2024년도 전기자동차 김해시 모델별 보조금,2024,김해시
화물(소형),제이스모빌리티,이티4밴,364,186.0,550.0,2024년도 전기자동차 김해시 모델별 보조금,2024,김해시
화물(소형),제이스모빌리티,이티밴 미니 2인승,412,210.0,622.0,2024년도 전기자동차 김해시 모델별 보조금,2024,김해시
화물(소형),제이스모빌리티,이티밴 미니 4인승,412,210.0,622.0,2024년도 전기자동차 김해시 모델별 보조금,2024,김해시
화물(소형),제이스모빌리티,이티밴 프로 2인승,412,210.0,622.0,2024년도 전기자동차 김해시 모델별 보조금,2024,김해시
화물(소형),제이스모빌리티,이티밴 프로 4인승,412,210.0,622.0,2024년도 전기자동차 김해시 모델별 보조금,2024,김해시
화물(소형),오텍,오텍 무시동 전기 냉동탑차(봉고),1118,560.0,1678.0,2024년도 전기자동차 김해시 모델별 보조금,2024,김해시
화물(소형),이엔플러스,이엔1톤롱바디카고,850,434.0,1284.0,2024년도 전기자동차 김해시 모델별 보조금,2024,김해시
화물(소형),이엔플러스,이엔플러스EV1톤롱바디트럭,895,434.0,1329.0,2024년도 전기자동차 김해시 모델별 보조금,2024,김해시
화물(소형),GS글로벌,T4K,462,236.0,698.0,2024년도 전기자동차 김해시 모델별 보조금,2024,김해시
화물(소형),GS글로벌,T4K 냉동탑차,711,362.0,1073.0,2024년도 전기자동차 김해시 모델별 보조금,2024,김해시
화물(소형),에스에스라이트,젤라,336,172.0,508.0,2024년도 전기자동차 김해시 모델별 보조금,2024,김해시
화물(소형),에스에스라이트,젤라 P200,478,244.0,722.0,2024년도 전기자동차 김해시 모델별 보조금,2024,김해시
화물(소형),한국쓰리축,한국쓰리축1톤롱바디EV트럭(봉고),837,428.0,1265.0,2024년도 전기자동차 김해시 모델별 보조금,2024,김해시
화물(소형),한국쓰리축,한국쓰리축1톤롱바디EV트럭(포터),855,436.0,1291.0,2024년도 전기자동차 김해시 모델별 보조금,2024,김해시
화물(소형),모빌리티네트웍스,SE-A2밴,333,170.0,503.0,2024년도 전기자동차 김해시 모델별 보조금,2024,김해시
화물(소형),피닉스코리아,썬라이즈-T01,412,210.0,622.0,2024년도 전기자동차 김해시 모델별 보조금,2024,김해시
화물(소형),케이지모빌리티,토레스 EVX VAN 20인치,392,350.0,742.0,2024년도 전기자동차 김해시 모델별 보조금,2024,김해시
화물(소형),케이지모빌리티,토레스 EVX VAN 18인치,394,352.0,746.0,2024년도 전기자동차 김해시 모델별 보조금,2024,김해시
화물(소형),한국상용트럭,한국상용1톤롱바디EV카고트럭,818,418.0,1236.0,2024년도 전기자동차 김해시 모델별 보조금,2024,김해시
화물(소형),한국상용트럭,한국상용0.9톤롱바디EV내장탑트럭,593,302.0,895.0,2024년도 전기자동차 김해시 모델별 보조금,2024,김해시
화물(소형),센트로에이케이,E-CV1,282,252.0,534.0,2024년도 전기자동차 김해시 모델별 보조금,2024,김해시
화물(소형),파츠몰에이투지,SW40,412,210.0,622.0,2024년도 전기자동차 김해시 모델별 보조금,2024,김해시
화물(소형),이브이앤솔루션,STEGO-Z,540,276.0,816.0,2024년도 전기자동차 김해시 모델별 보조금,2024,김해시
화물(초소형),마스타전기차,MASTA VAN,400,200.0,600.0,2024년도 전기자동차 밀양시 모델별 보조금,2024,밀양시
화물(초소형),마스타전기차,MASTA HIM,400,200.0,600.0,2024년도 전기자동차 밀양시 모델별 보조금,2024,밀양시
화물(초소형),디피코,포트로-탑,400,200.0,600.0,2024년도 전기자동차 밀양시 모델별 보조금,2024,밀양시
화물(초소형),디피코,포트로-픽업,400,200.0,600.0,2024년도 전기자동차 밀양시 모델별 보조금,2024,밀양시
화물(초소형),디피코,포트로-탑S,400,200.0,600.0,2024년도 전기자동차 밀양시 모델별 보조금,2024,밀양시
화물(초소형),디피코,포트로-픽업S,400,200.0,600.0,2024년도 전기자동차 밀양시 모델별 보조금,2024,밀양시
화물(초소형),마이브,베프,400,200.0,600.0,2024년도 전기자동차 밀양시 모델별 보조금,2024,밀양시
화물(경형),디피코,포트로350L-탑,788,394.0,1182.0,2024년도 전기자동차 밀양시 모델별 보조금,2024,밀양시
화물(경형),디피코,포트로350L-픽업,788,394.0,1182.0,2024년도 전기자동차 밀양시 모델별 보조금,2024,밀양시
화물(소형),파워프라자,봉고3ev PEACE,554,284.0,838.0,2024년도 전기자동차 밀양시 모델별 보조금,2024,밀양시
화물(소형),파워프라자,봉고3ev PEACE 더블캡,481,246.0,727.0,2024년도 전기자동차 밀양시 모델별 보조금,2024,밀양시
화물(소형),현대자동차,포터Ⅱ 일렉트릭(23MY),1090,536.0,1626.0,2024년도 전기자동차 밀양시 모델별 보조금,2024,밀양시
화물(소형),현대자동차,포터Ⅱ 일렉트릭(24MY),1090,536.0,1626.0,2024년도 전기자동차 밀양시 모델별 보조금,2024,밀양시
화물(소형),현대자동차,ST1 기본형 카고 17인치,1100,560.0,1660.0,2024년도 전기자동차 밀양시 모델별 보조금,2024,밀양시
화물(소형),현대자동차,ST1 기본형 카고 냉동 17인치,1450,560.0,2010.0,2024년도 전기자동차 밀양시 모델별 보조금,2024,밀양시
화물(소형),현대자동차,ST1 기본형 하이탑 17인치,1100,560.0,1660.0,2024년도 전기자동차 밀양시 모델별 보조금,2024,밀양시
화물(소형),기아,봉고 전기차,1130,536.0,1666.0,2024년도 전기자동차 밀양시 모델별 보조금,2024,밀양시
화물(소형),기아,봉고 전기차 냉동탑차,1330,560.0,1890.0,2024년도 전기자동차 밀양시 모델별 보조금,2024,밀양시
화물(소형),기아,봉고 전기차 저상형 냉동탑차,1330,560.0,1890.0,2024년도 전기자동차 밀양시 모델별 보조금,2024,밀양시
화물(소형),일진정공,일진무시동전기냉동탑차(149.9km),916,468.0,1384.0,2024년도 전기자동차 밀양시 모델별 보조금,2024,밀양시
화물(소형),일진정공,일진무시동전기냉동탑차(186.1km),1169,560.0,1729.0,2024년도 전기자동차 밀양시 모델별 보조금,2024,밀양시
화물(소형),일진정공,일진무시동전기냉동탑차(봉고),1379,560.0,1939.0,2024년도 전기자동차 밀양시 모델별 보조금,2024,밀양시
화물(소형),일진정공,일진무시동전기냉동탑차(포터),1363,560.0,1923.0,2024년도 전기자동차 밀양시 모델별 보조금,2024,밀양시
화물(소형),루트17,다니고C(0.8톤 전기트럭),1068,498.0,1566.0,2024년도 전기자동차 밀양시 모델별 보조금,2024,밀양시
화물(소형),루트17,다니고C2(0.8톤 전기트럭),268,138.0,406.0,2024년도 전기자동차 밀양시 모델별 보조금,2024,밀양시
화물(소형),루트17,다니고R(전기냉동탑차),1224,560.0,1784.0,2024년도 전기자동차 밀양시 모델별 보조금,2024,밀양시
화물(소형),루트17,다니고R2(무시동 전기냉동탑차),1123,538.0,1661.0,2024년도 전기자동차 밀양시 모델별 보조금,2024,밀양시
화물(소형),루트17,e-TOVI,464,238.0,702.0,2024년도 전기자동차 밀양시 모델별 보조금,2024,밀양시
화물(소형),이브이케이엠씨,MASADA 픽업,295,152.0,447.0,2024년도 전기자동차 밀양시 모델별 보조금,2024,밀양시
화물(소형),이브이케이엠씨,MASADA 3세대 2밴,274,140.0,414.0,2024년도 전기자동차 밀양시 모델별 보조금,2024,밀양시
화물(소형),이브이케이엠씨,MASADA 3세대 4밴,246,126.0,372.0,2024년도 전기자동차 밀양시 모델별 보조금,2024,밀양시
화물(소형),이브이케이엠씨,MASADA 2밴,299,154.0,453.0,2024년도 전기자동차 밀양시 모델별 보조금,2024,밀양시
화물(소형),이브이케이엠씨,MASADA 4밴,269,138.0,407.0,2024년도 전기자동차 밀양시 모델별 보조금,2024,밀양시
화물(소형),이브이케이엠씨,EC35 2밴,194,100.0,294.0,2024년도 전기자동차 밀양시 모델별 보조금,2024,밀양시
화물(소형),제이스모빌리티,이티밴,405,208.0,613.0,2024년도 전기자동차 밀양시 모델별 보조금,2024,밀양시
화물(소형),제이스모빌리티,이티4밴,364,186.0,550.0,2024년도 전기자동차 밀양시 모델별 보조금,2024,밀양시
화물(소형),제이스모빌리티,이티밴 미니 2인승,412,210.0,622.0,2024년도 전기자동차 밀양시 모델별 보조금,2024,밀양시
화물(소형),제이스모빌리티,이티밴 미니 4인승,412,210.0,622.0,2024년도 전기자동차 밀양시 모델별 보조금,2024,밀양시
화물(소형),제이스모빌리티,이티밴 프로 2인승,412,210.0,622.0,2024년도 전기자동차 밀양시 모델별 보조금,2024,밀양시
화물(소형),제이스모빌리티,이티밴 프로 4인승,412,210.0,622.0,2024년도 전기자동차 밀양시 모델별 보조금,2024,밀양시
화물(소형),오텍,오텍 무시동 전기 냉동탑차(봉고),1118,560.0,1678.0,2024년도 전기자동차 밀양시 모델별 보조금,2024,밀양시
화물(소형),이엔플러스,이엔1톤롱바디카고,850,434.0,1284.0,2024년도 전기자동차 밀양시 모델별 보조금,2024,밀양시
화물(소형),이엔플러스,이엔플러스EV1톤롱바디트럭,895,456.0,1351.0,2024년도 전기자동차 밀양시 모델별 보조금,2024,밀양시
화물(소형),GS글로벌,T4K,462,236.0,698.0,2024년도 전기자동차 밀양시 모델별 보조금,2024,밀양시
화물(소형),GS글로벌,T4K 냉동탑차,711,362.0,1073.0,2024년도 전기자동차 밀양시 모델별 보조금,2024,밀양시
화물(소형),에스에스라이트,젤라,336,172.0,508.0,2024년도 전기자동차 밀양시 모델별 보조금,2024,밀양시
화물(소형),에스에스라이트,젤라 P200,478,244.0,722.0,2024년도 전기자동차 밀양시 모델별 보조금,2024,밀양시
화물(소형),한국쓰리축,한국쓰리축1톤롱바디EV트럭(봉고),837,428.0,1265.0,2024년도 전기자동차 밀양시 모델별 보조금,2024,밀양시
화물(소형),한국쓰리축,한국쓰리축1톤롱바디EV트럭(포터),855,436.0,1291.0,2024년도 전기자동차 밀양시 모델별 보조금,2024,밀양시
화물(소형),모빌리티네트웍스,SE-A2밴,333,170.0,503.0,2024년도 전기자동차 밀양시 모델별 보조금,2024,밀양시
화물(소형),피닉스코리아,썬라이즈-T01,412,210.0,622.0,2024년도 전기자동차 밀양시 모델별 보조금,2024,밀양시
화물(소형),케이지모빌리티,토레스 EVX VAN 20인치,392,350.0,742.0,2024년도 전기자동차 밀양시 모델별 보조금,2024,밀양시
화물(소형),케이지모빌리티,토레스 EVX VAN 18인치,394,352.0,746.0,2024년도 전기자동차 밀양시 모델별 보조금,2024,밀양시
화물(소형),한국상용트럭,한국상용1톤롱바디EV카고트럭,818,418.0,1236.0,2024년도 전기자동차 밀양시 모델별 보조금,2024,밀양시
화물(소형),한국상용트럭,한국상용0.9톤롱바디EV내장탑트럭,593,302.0,895.0,2024년도 전기자동차 밀양시 모델별 보조금,2024,밀양시
화물(소형),센트로에이케이,E-CV1,282,252.0,534.0,2024년도 전기자동차 밀양시 모델별 보조금,2024,밀양시
화물(소형),파츠몰에이투지,SW40,412,210.0,622.0,2024년도 전기자동차 밀양시 모델별 보조금,2024,밀양시
화물(소형),이브이앤솔루션,STEGO-Z,540,276.0,816.0,2024년도 전기자동차 밀양시 모델별 보조금,2024,밀양시
화물(초소형),마스타전기차,MASTA VAN,400,200.0,600.0,2024년도 전기자동차 거제시 모델별 보조금,2024,거제시
화물(초소형),마스타전기차,MASTA HIM,400,200.0,600.0,2024년도 전기자동차 거제시 모델별 보조금,2024,거제시
화물(초소형),디피코,포트로-탑,400,200.0,600.0,2024년도 전기자동차 거제시 모델별 보조금,2024,거제시
화물(초소형),디피코,포트로-픽업,400,200.0,600.0,2024년도 전기자동차 거제시 모델별 보조금,2024,거제시
화물(초소형),디피코,포트로-탑S,400,200.0,600.0,2024년도 전기자동차 거제시 모델별 보조금,2024,거제시
화물(초소형),디피코,포트로-픽업S,400,200.0,600.0,2024년도 전기자동차 거제시 모델별 보조금,2024,거제시
화물(초소형),마이브,베프,400,200.0,600.0,2024년도 전기자동차 거제시 모델별 보조금,2024,거제시
화물(경형),디피코,포트로350L-탑,788,394.0,1182.0,2024년도 전기자동차 거제시 모델별 보조금,2024,거제시
화물(경형),디피코,포트로350L-픽업,788,394.0,1182.0,2024년도 전기자동차 거제시 모델별 보조금,2024,거제시
화물(소형),파워프라자,봉고3ev PEACE,554,284.0,838.0,2024년도 전기자동차 거제시 모델별 보조금,2024,거제시
화물(소형),파워프라자,봉고3ev PEACE 더블캡,481,246.0,727.0,2024년도 전기자동차 거제시 모델별 보조금,2024,거제시
화물(소형),현대자동차,포터Ⅱ 일렉트릭(23MY),1090,536.0,1626.0,2024년도 전기자동차 거제시 모델별 보조금,2024,거제시
화물(소형),현대자동차,포터Ⅱ 일렉트릭(24MY),1090,536.0,1626.0,2024년도 전기자동차 거제시 모델별 보조금,2024,거제시
화물(소형),현대자동차,ST1 기본형 카고 17인치,1100,560.0,1660.0,2024년도 전기자동차 거제시 모델별 보조금,2024,거제시
화물(소형),현대자동차,ST1 기본형 카고 냉동 17인치,1450,560.0,2010.0,2024년도 전기자동차 거제시 모델별 보조금,2024,거제시
화물(소형),현대자동차,ST1 기본형 하이탑 17인치,1100,560.0,1660.0,2024년도 전기자동차 거제시 모델별 보조금,2024,거제시
화물(소형),기아,봉고 전기차,1130,536.0,1666.0,2024년도 전기자동차 거제시 모델별 보조금,2024,거제시
화물(소형),기아,봉고 전기차 냉동탑차,1330,560.0,1890.0,2024년도 전기자동차 거제시 모델별 보조금,2024,거제시
화물(소형),기아,봉고 전기차 저상형 냉동탑차,1330,560.0,1890.0,2024년도 전기자동차 거제시 모델별 보조금,2024,거제시
화물(소형),일진정공,일진무시동전기냉동탑차(149.9km),916,468.0,1384.0,2024년도 전기자동차 거제시 모델별 보조금,2024,거제시
화물(소형),일진정공,일진무시동전기냉동탑차(186.1km),1169,560.0,1729.0,2024년도 전기자동차 거제시 모델별 보조금,2024,거제시
화물(소형),일진정공,일진무시동전기냉동탑차(봉고),1379,560.0,1939.0,2024년도 전기자동차 거제시 모델별 보조금,2024,거제시
화물(소형),일진정공,일진무시동전기냉동탑차(포터),1363,560.0,1923.0,2024년도 전기자동차 거제시 모델별 보조금,2024,거제시
화물(소형),루트17,다니고C(0.8톤 전기트럭),1068,498.0,1566.0,2024년도 전기자동차 거제시 모델별 보조금,2024,거제시
화물(소형),루트17,다니고C2(0.8톤 전기트럭),268,138.0,406.0,2024년도 전기자동차 거제시 모델별 보조금,2024,거제시
화물(소형),루트17,다니고R(전기냉동탑차),1224,560.0,1784.0,2024년도 전기자동차 거제시 모델별 보조금,2024,거제시
화물(소형),루트17,다니고R2(무시동 전기냉동탑차),1123,538.0,1661.0,2024년도 전기자동차 거제시 모델별 보조금,2024,거제시
화물(소형),루트17,e-TOVI,464,238.0,702.0,2024년도 전기자동차 거제시 모델별 보조금,2024,거제시
화물(소형),이브이케이엠씨,MASADA 픽업,295,152.0,447.0,2024년도 전기자동차 거제시 모델별 보조금,2024,거제시
화물(소형),이브이케이엠씨,MASADA 3세대 2밴,274,140.0,414.0,2024년도 전기자동차 거제시 모델별 보조금,2024,거제시
화물(소형),이브이케이엠씨,MASADA 3세대 4밴,246,126.0,372.0,2024년도 전기자동차 거제시 모델별 보조금,2024,거제시
화물(소형),이브이케이엠씨,MASADA 2밴,299,154.0,453.0,2024년도 전기자동차 거제시 모델별 보조금,2024,거제시
화물(소형),이브이케이엠씨,MASADA 4밴,269,138.0,407.0,2024년도 전기자동차 거제시 모델별 보조금,2024,거제시
화물(소형),이브이케이엠씨,EC35 2밴,194,100.0,294.0,2024년도 전기자동차 거제시 모델별 보조금,2024,거제시
화물(소형),제이스모빌리티,이티밴,405,208.0,613.0,2024년도 전기자동차 거제시 모델별 보조금,2024,거제시
화물(소형),제이스모빌리티,이티4밴,364,186.0,550.0,2024년도 전기자동차 거제시 모델별 보조금,2024,거제시
화물(소형),제이스모빌리티,이티밴 미니 2인승,412,210.0,622.0,2024년도 전기자동차 거제시 모델별 보조금,2024,거제시
화물(소형),제이스모빌리티,이티밴 미니 4인승,412,210.0,622.0,2024년도 전기자동차 거제시 모델별 보조금,2024,거제시
화물(소형),제이스모빌리티,이티밴 프로 2인승,412,210.0,622.0,2024년도 전기자동차 거제시 모델별 보조금,2024,거제시
화물(소형),제이스모빌리티,이티밴 프로 4인승,412,210.0,622.0,2024년도 전기자동차 거제시 모델별 보조금,2024,거제시
화물(소형),오텍,오텍 무시동 전기 냉동탑차(봉고),1118,560.0,1678.0,2024년도 전기자동차 거제시 모델별 보조금,2024,거제시
화물(소형),이엔플러스,이엔1톤롱바디카고,850,434.0,1284.0,2024년도 전기자동차 거제시 모델별 보조금,2024,거제시
화물(소형),이엔플러스,이엔플러스EV1톤롱바디트럭,895,456.0,1351.0,2024년도 전기자동차 거제시 모델별 보조금,2024,거제시
화물(소형),GS글로벌,T4K,462,236.0,698.0,2024년도 전기자동차 거제시 모델별 보조금,2024,거제시
화물(소형),GS글로벌,T4K 냉동탑차,711,362.0,1073.0,2024년도 전기자동차 거제시 모델별 보조금,2024,거제시
화물(소형),에스에스라이트,젤라,336,172.0,508.0,2024년도 전기자동차 거제시 모델별 보조금,2024,거제시
화물(소형),에스에스라이트,젤라 P200,478,244.0,722.0,2024년도 전기자동차 거제시 모델별 보조금,2024,거제시
화물(소형),한국쓰리축,한국쓰리축1톤롱바디EV트럭(봉고),837,428.0,1265.0,2024년도 전기자동차 거제시 모델별 보조금,2024,거제시
화물(소형),한국쓰리축,한국쓰리축1톤롱바디EV트럭(포터),855,436.0,1291.0,2024년도 전기자동차 거제시 모델별 보조금,2024,거제시
화물(소형),모빌리티네트웍스,SE-A2밴,333,170.0,503.0,2024년도 전기자동차 거제시 모델별 보조금,2024,거제시
화물(소형),피닉스코리아,썬라이즈-T01,412,210.0,622.0,2024년도 전기자동차 거제시 모델별 보조금,2024,거제시
화물(소형),케이지모빌리티,토레스 EVX VAN 20인치,392,350.0,742.0,2024년도 전기자동차 거제시 모델별 보조금,2024,거제시
화물(소형),케이지모빌리티,토레스 EVX VAN 18인치,394,352.0,746.0,2024년도 전기자동차 거제시 모델별 보조금,2024,거제시
화물(소형),한국상용트럭,한국상용1톤롱바디EV카고트럭,818,0.0,818.0,2024년도 전기자동차 거제시 모델별 보조금,2024,거제시
화물(소형),한국상용트럭,한국상용0.9톤롱바디EV내장탑트럭,593,0.0,593.0,2024년도 전기자동차 거제시 모델별 보조금,2024,거제시
화물(소형),센트로에이케이,E-CV1,282,252.0,534.0,2024년도 전기자동차 거제시 모델별 보조금,2024,거제시
화물(소형),파츠몰에이투지,SW40,412,210.0,622.0,2024년도 전기자동차 거제시 모델별 보조금,2024,거제시
화물(소형),이브이앤솔루션,STEGO-Z,540,276.0,816.0,2024년도 전기자동차 거제시 모델별 보조금,2024,거제시
화물(초소형),마스타전기차,MASTA VAN,400,200.0,600.0,2024년도 전기자동차 양산시 모델별 보조금,2024,양산시
화물(초소형),마스타전기차,MASTA HIM,400,200.0,600.0,2024년도 전기자동차 양산시 모델별 보조금,2024,양산시
화물(초소형),디피코,포트로-탑,400,200.0,600.0,2024년도 전기자동차 양산시 모델별 보조금,2024,양산시
화물(초소형),디피코,포트로-픽업,400,200.0,600.0,2024년도 전기자동차 양산시 모델별 보조금,2024,양산시
화물(초소형),디피코,포트로-탑S,400,200.0,600.0,2024년도 전기자동차 양산시 모델별 보조금,2024,양산시
화물(초소형),디피코,포트로-픽업S,400,200.0,600.0,2024년도 전기자동차 양산시 모델별 보조금,2024,양산시
화물(초소형),마이브,베프,400,200.0,600.0,2024년도 전기자동차 양산시 모델별 보조금,2024,양산시
화물(경형),디피코,포트로350L-탑,788,394.0,1182.0,2024년도 전기자동차 양산시 모델별 보조금,2024,양산시
화물(경형),디피코,포트로350L-픽업,788,394.0,1182.0,2024년도 전기자동차 양산시 모델별 보조금,2024,양산시
화물(소형),파워프라자,봉고3ev PEACE,554,284.0,838.0,2024년도 전기자동차 양산시 모델별 보조금,2024,양산시
화물(소형),파워프라자,봉고3ev PEACE 더블캡,481,246.0,727.0,2024년도 전기자동차 양산시 모델별 보조금,2024,양산시
화물(소형),현대자동차,포터Ⅱ 일렉트릭(23MY),1090,536.0,1626.0,2024년도 전기자동차 양산시 모델별 보조금,2024,양산시
화물(소형),현대자동차,포터Ⅱ 일렉트릭(24MY),1090,536.0,1626.0,2024년도 전기자동차 양산시 모델별 보조금,2024,양산시
화물(소형),현대자동차,ST1 기본형 카고 17인치,1100,560.0,1660.0,2024년도 전기자동차 양산시 모델별 보조금,2024,양산시
화물(소형),현대자동차,ST1 기본형 카고 냉동 17인치,1450,560.0,2010.0,2024년도 전기자동차 양산시 모델별 보조금,2024,양산시
화물(소형),현대자동차,ST1 기본형 하이탑 17인치,1100,560.0,1660.0,2024년도 전기자동차 양산시 모델별 보조금,2024,양산시
화물(소형),기아,봉고 전기차,1130,536.0,1666.0,2024년도 전기자동차 양산시 모델별 보조금,2024,양산시
화물(소형),기아,봉고 전기차 냉동탑차,1330,560.0,1890.0,2024년도 전기자동차 양산시 모델별 보조금,2024,양산시
화물(소형),기아,봉고 전기차 저상형 냉동탑차,1330,560.0,1890.0,2024년도 전기자동차 양산시 모델별 보조금,2024,양산시
화물(소형),일진정공,일진무시동전기냉동탑차(149.9km),916,468.0,1384.0,2024년도 전기자동차 양산시 모델별 보조금,2024,양산시
화물(소형),일진정공,일진무시동전기냉동탑차(186.1km),1169,560.0,1729.0,2024년도 전기자동차 양산시 모델별 보조금,2024,양산시
화물(소형),일진정공,일진무시동전기냉동탑차(봉고),1379,560.0,1939.0,2024년도 전기자동차 양산시 모델별 보조금,2024,양산시
화물(소형),일진정공,일진무시동전기냉동탑차(포터),1363,560.0,1923.0,2024년도 전기자동차 양산시 모델별 보조금,2024,양산시
화물(소형),루트17,다니고C(0.8톤 전기트럭),1068,544.0,1612.0,2024년도 전기자동차 양산시 모델별 보조금,2024,양산시
화물(소형),루트17,다니고C2(0.8톤 전기트럭),268,138.0,406.0,2024년도 전기자동차 양산시 모델별 보조금,2024,양산시
화물(소형),루트17,다니고R(전기냉동탑차),1224,624.0,1848.0,2024년도 전기자동차 양산시 모델별 보조금,2024,양산시
화물(소형),루트17,다니고R2(무시동 전기냉동탑차),1123,572.0,1695.0,2024년도 전기자동차 양산시 모델별 보조금,2024,양산시
화물(소형),루트17,e-TOVI,464,238.0,702.0,2024년도 전기자동차 양산시 모델별 보조금,2024,양산시
화물(소형),이브이케이엠씨,MASADA 픽업,295,152.0,447.0,2024년도 전기자동차 양산시 모델별 보조금,2024,양산시
화물(소형),이브이케이엠씨,MASADA 3세대 2밴,274,140.0,414.0,2024년도 전기자동차 양산시 모델별 보조금,2024,양산시
화물(소형),이브이케이엠씨,MASADA 3세대 4밴,246,126.0,372.0,2024년도 전기자동차 양산시 모델별 보조금,2024,양산시
화물(소형),이브이케이엠씨,MASADA 2밴,299,154.0,453.0,2024년도 전기자동차 양산시 모델별 보조금,2024,양산시
화물(소형),이브이케이엠씨,MASADA 4밴,269,138.0,407.0,2024년도 전기자동차 양산시 모델별 보조금,2024,양산시
화물(소형),이브이케이엠씨,EC35 2밴,194,100.0,294.0,2024년도 전기자동차 양산시 모델별 보조금,2024,양산시
화물(소형),제이스모빌리티,이티밴,405,208.0,613.0,2024년도 전기자동차 양산시 모델별 보조금,2024,양산시
화물(소형),제이스모빌리티,이티4밴,364,186.0,550.0,2024년도 전기자동차 양산시 모델별 보조금,2024,양산시
화물(소형),제이스모빌리티,이티밴 미니 2인승,412,210.0,622.0,2024년도 전기자동차 양산시 모델별 보조금,2024,양산시
화물(소형),제이스모빌리티,이티밴 미니 4인승,412,210.0,622.0,2024년도 전기자동차 양산시 모델별 보조금,2024,양산시
화물(소형),제이스모빌리티,이티밴 프로 2인승,412,210.0,622.0,2024년도 전기자동차 양산시 모델별 보조금,2024,양산시
화물(소형),제이스모빌리티,이티밴 프로 4인승,412,210.0,622.0,2024년도 전기자동차 양산시 모델별 보조금,2024,양산시
화물(소형),오텍,오텍 무시동 전기 냉동탑차(봉고),1118,560.0,1678.0,2024년도 전기자동차 양산시 모델별 보조금,2024,양산시
화물(소형),이엔플러스,이엔1톤롱바디카고,850,434.0,1284.0,2024년도 전기자동차 양산시 모델별 보조금,2024,양산시
화물(소형),이엔플러스,이엔플러스EV1톤롱바디트럭,895,456.0,1351.0,2024년도 전기자동차 양산시 모델별 보조금,2024,양산시
화물(소형),GS글로벌,T4K,462,236.0,698.0,2024년도 전기자동차 양산시 모델별 보조금,2024,양산시
화물(소형),GS글로벌,T4K 냉동탑차,711,362.0,1073.0,2024년도 전기자동차 양산시 모델별 보조금,2024,양산시
화물(소형),에스에스라이트,젤라,336,172.0,508.0,2024년도 전기자동차 양산시 모델별 보조금,2024,양산시
화물(소형),에스에스라이트,젤라 P200,478,244.0,722.0,2024년도 전기자동차 양산시 모델별 보조금,2024,양산시
화물(소형),한국쓰리축,한국쓰리축1톤롱바디EV트럭(봉고),837,428.0,1265.0,2024년도 전기자동차 양산시 모델별 보조금,2024,양산시
화물(소형),한국쓰리축,한국쓰리축1톤롱바디EV트럭(포터),855,436.0,1291.0,2024년도 전기자동차 양산시 모델별 보조금,2024,양산시
화물(소형),모빌리티네트웍스,SE-A2밴,333,170.0,503.0,2024년도 전기자동차 양산시 모델별 보조금,2024,양산시
화물(소형),피닉스코리아,썬라이즈-T01,412,210.0,622.0,2024년도 전기자동차 양산시 모델별 보조금,2024,양산시
화물(소형),케이지모빌리티,토레스 EVX VAN 20인치,392,350.0,742.0,2024년도 전기자동차 양산시 모델별 보조금,2024,양산시
화물(소형),케이지모빌리티,토레스 EVX VAN 18인치,394,352.0,746.0,2024년도 전기자동차 양산시 모델별 보조금,2024,양산시
화물(소형),한국상용트럭,한국상용1톤롱바디EV카고트럭,818,418.0,1236.0,2024년도 전기자동차 양산시 모델별 보조금,2024,양산시
화물(소형),한국상용트럭,한국상용0.9톤롱바디EV내장탑트럭,593,302.0,895.0,2024년도 전기자동차 양산시 모델별 보조금,2024,양산시
화물(소형),센트로에이케이,E-CV1,282,252.0,534.0,2024년도 전기자동차 양산시 모델별 보조금,2024,양산시
화물(소형),파츠몰에이투지,SW40,412,210.0,622.0,2024년도 전기자동차 양산시 모델별 보조금,2024,양산시
화물(소형),이브이앤솔루션,STEGO-Z,540,276.0,816.0,2024년도 전기자동차 양산시 모델별 보조금,2024,양산시
화물(초소형),마스타전기차,MASTA VAN,400,200.0,600.0,2024년도 전기자동차 의령군 모델별 보조금,2024,의령군
화물(초소형),마스타전기차,MASTA HIM,400,200.0,600.0,2024년도 전기자동차 의령군 모델별 보조금,2024,의령군
화물(초소형),디피코,포트로-탑,400,200.0,600.0,2024년도 전기자동차 의령군 모델별 보조금,2024,의령군
화물(초소형),디피코,포트로-픽업,400,200.0,600.0,2024년도 전기자동차 의령군 모델별 보조금,2024,의령군
화물(초소형),디피코,포트로-탑S,400,200.0,600.0,2024년도 전기자동차 의령군 모델별 보조금,2024,의령군
화물(초소형),디피코,포트로-픽업S,400,200.0,600.0,2024년도 전기자동차 의령군 모델별 보조금,2024,의령군
화물(초소형),마이브,베프,400,200.0,600.0,2024년도 전기자동차 의령군 모델별 보조금,2024,의령군
화물(경형),디피코,포트로350L-탑,788,394.0,1182.0,2024년도 전기자동차 의령군 모델별 보조금,2024,의령군
화물(경형),디피코,포트로350L-픽업,788,394.0,1182.0,2024년도 전기자동차 의령군 모델별 보조금,2024,의령군
화물(소형),파워프라자,봉고3ev PEACE,554,304.0,858.0,2024년도 전기자동차 의령군 모델별 보조금,2024,의령군
화물(소형),파워프라자,봉고3ev PEACE 더블캡,481,263.0,744.0,2024년도 전기자동차 의령군 모델별 보조금,2024,의령군
화물(소형),현대자동차,포터Ⅱ 일렉트릭(23MY),1090,574.0,1664.0,2024년도 전기자동차 의령군 모델별 보조금,2024,의령군
화물(소형),현대자동차,포터Ⅱ 일렉트릭(24MY),1090,574.0,1664.0,2024년도 전기자동차 의령군 모델별 보조금,2024,의령군
화물(소형),현대자동차,ST1 기본형 카고 17인치,1100,600.0,1700.0,2024년도 전기자동차 의령군 모델별 보조금,2024,의령군
화물(소형),현대자동차,ST1 기본형 카고 냉동 17인치,1450,600.0,2050.0,2024년도 전기자동차 의령군 모델별 보조금,2024,의령군
화물(소형),현대자동차,ST1 기본형 하이탑 17인치,1100,600.0,1700.0,2024년도 전기자동차 의령군 모델별 보조금,2024,의령군
화물(소형),기아,봉고 전기차,1130,574.0,1704.0,2024년도 전기자동차 의령군 모델별 보조금,2024,의령군
화물(소형),기아,봉고 전기차 냉동탑차,1330,600.0,1930.0,2024년도 전기자동차 의령군 모델별 보조금,2024,의령군
화물(소형),기아,봉고 전기차 저상형 냉동탑차,1330,600.0,1930.0,2024년도 전기자동차 의령군 모델별 보조금,2024,의령군
화물(소형),일진정공,일진무시동전기냉동탑차(149.9km),916,501.0,1417.0,2024년도 전기자동차 의령군 모델별 보조금,2024,의령군
화물(소형),일진정공,일진무시동전기냉동탑차(186.1km),1169,600.0,1769.0,2024년도 전기자동차 의령군 모델별 보조금,2024,의령군
화물(소형),일진정공,일진무시동전기냉동탑차(봉고),1379,600.0,1979.0,2024년도 전기자동차 의령군 모델별 보조금,2024,의령군
화물(소형),일진정공,일진무시동전기냉동탑차(포터),1363,600.0,1963.0,2024년도 전기자동차 의령군 모델별 보조금,2024,의령군
화물(소형),루트17,다니고C(0.8톤 전기트럭),1068,533.0,1601.0,2024년도 전기자동차 의령군 모델별 보조금,2024,의령군
화물(소형),루트17,다니고C2(0.8톤 전기트럭),268,147.0,415.0,2024년도 전기자동차 의령군 모델별 보조금,2024,의령군
화물(소형),루트17,다니고R(전기냉동탑차),1224,600.0,1824.0,2024년도 전기자동차 의령군 모델별 보조금,2024,의령군
화물(소형),루트17,다니고R2(무시동 전기냉동탑차),1123,576.0,1699.0,2024년도 전기자동차 의령군 모델별 보조금,2024,의령군
화물(소형),루트17,e-TOVI,464,254.0,718.0,2024년도 전기자동차 의령군 모델별 보조금,2024,의령군
화물(소형),이브이케이엠씨,MASADA 픽업,295,162.0,457.0,2024년도 전기자동차 의령군 모델별 보조금,2024,의령군
화물(소형),이브이케이엠씨,MASADA 3세대 2밴,274,150.0,424.0,2024년도 전기자동차 의령군 모델별 보조금,2024,의령군
화물(소형),이브이케이엠씨,MASADA 3세대 4밴,246,135.0,381.0,2024년도 전기자동차 의령군 모델별 보조금,2024,의령군
화물(소형),이브이케이엠씨,MASADA 2밴,299,164.0,463.0,2024년도 전기자동차 의령군 모델별 보조금,2024,의령군
화물(소형),이브이케이엠씨,MASADA 4밴,269,148.0,417.0,2024년도 전기자동차 의령군 모델별 보조금,2024,의령군
화물(소형),이브이케이엠씨,EC35 2밴,194,107.0,301.0,2024년도 전기자동차 의령군 모델별 보조금,2024,의령군
화물(소형),제이스모빌리티,이티밴,405,222.0,627.0,2024년도 전기자동차 의령군 모델별 보조금,2024,의령군
화물(소형),제이스모빌리티,이티4밴,364,199.0,563.0,2024년도 전기자동차 의령군 모델별 보조금,2024,의령군
화물(소형),제이스모빌리티,이티밴 미니 2인승,412,225.0,637.0,2024년도 전기자동차 의령군 모델별 보조금,2024,의령군
화물(소형),제이스모빌리티,이티밴 미니 4인승,412,225.0,637.0,2024년도 전기자동차 의령군 모델별 보조금,2024,의령군
화물(소형),제이스모빌리티,이티밴 프로 2인승,412,225.0,637.0,2024년도 전기자동차 의령군 모델별 보조금,2024,의령군
화물(소형),제이스모빌리티,이티밴 프로 4인승,412,225.0,637.0,2024년도 전기자동차 의령군 모델별 보조금,2024,의령군
화물(소형),오텍,오텍 무시동 전기 냉동탑차(봉고),1118,600.0,1718.0,2024년도 전기자동차 의령군 모델별 보조금,2024,의령군
화물(소형),이엔플러스,이엔1톤롱바디카고,850,465.0,1315.0,2024년도 전기자동차 의령군 모델별 보조금,2024,의령군
화물(소형),이엔플러스,이엔플러스EV1톤롱바디트럭,895,489.0,1384.0,2024년도 전기자동차 의령군 모델별 보조금,2024,의령군
화물(소형),GS글로벌,T4K,462,253.0,715.0,2024년도 전기자동차 의령군 모델별 보조금,2024,의령군
화물(소형),GS글로벌,T4K 냉동탑차,711,388.0,1099.0,2024년도 전기자동차 의령군 모델별 보조금,2024,의령군
화물(소형),에스에스라이트,젤라,336,184.0,520.0,2024년도 전기자동차 의령군 모델별 보조금,2024,의령군
화물(소형),에스에스라이트,젤라 P200,478,262.0,740.0,2024년도 전기자동차 의령군 모델별 보조금,2024,의령군
화물(소형),한국쓰리축,한국쓰리축1톤롱바디EV트럭(봉고),837,458.0,1295.0,2024년도 전기자동차 의령군 모델별 보조금,2024,의령군
화물(소형),한국쓰리축,한국쓰리축1톤롱바디EV트럭(포터),855,467.0,1322.0,2024년도 전기자동차 의령군 모델별 보조금,2024,의령군
화물(소형),모빌리티네트웍스,SE-A2밴,333,182.0,515.0,2024년도 전기자동차 의령군 모델별 보조금,2024,의령군
화물(소형),피닉스코리아,썬라이즈-T01,412,225.0,637.0,2024년도 전기자동차 의령군 모델별 보조금,2024,의령군
화물(소형),케이지모빌리티,토레스 EVX VAN 20인치,392,483.0,875.0,2024년도 전기자동차 의령군 모델별 보조금,2024,의령군
화물(소형),케이지모빌리티,토레스 EVX VAN 18인치,394,486.0,880.0,2024년도 전기자동차 의령군 모델별 보조금,2024,의령군
화물(소형),한국상용트럭,한국상용1톤롱바디EV카고트럭,818,447.0,1265.0,2024년도 전기자동차 의령군 모델별 보조금,2024,의령군
화물(소형),한국상용트럭,한국상용0.9톤롱바디EV내장탑트럭,593,324.0,917.0,2024년도 전기자동차 의령군 모델별 보조금,2024,의령군
화물(소형),센트로에이케이,E-CV1,282,348.0,630.0,2024년도 전기자동차 의령군 모델별 보조금,2024,의령군
화물(소형),파츠몰에이투지,SW40,412,225.0,637.0,2024년도 전기자동차 의령군 모델별 보조금,2024,의령군
화물(소형),이브이앤솔루션,STEGO-Z,540,296.0,836.0,2024년도 전기자동차 의령군 모델별 보조금,2024,의령군
화물(초소형),마스타전기차,MASTA VAN,400,200.0,600.0,2024년도 전기자동차 함안군 모델별 보조금,2024,함안군
화물(초소형),마스타전기차,MASTA HIM,400,200.0,600.0,2024년도 전기자동차 함안군 모델별 보조금,2024,함안군
화물(초소형),디피코,포트로-탑,400,200.0,600.0,2024년도 전기자동차 함안군 모델별 보조금,2024,함안군
화물(초소형),디피코,포트로-픽업,400,200.0,600.0,2024년도 전기자동차 함안군 모델별 보조금,2024,함안군
화물(초소형),디피코,포트로-탑S,400,200.0,600.0,2024년도 전기자동차 함안군 모델별 보조금,2024,함안군
화물(초소형),디피코,포트로-픽업S,400,200.0,600.0,2024년도 전기자동차 함안군 모델별 보조금,2024,함안군
화물(초소형),마이브,베프,400,200.0,600.0,2024년도 전기자동차 함안군 모델별 보조금,2024,함안군
화물(경형),디피코,포트로350L-탑,788,394.0,1182.0,2024년도 전기자동차 함안군 모델별 보조금,2024,함안군
화물(경형),디피코,포트로350L-픽업,788,394.0,1182.0,2024년도 전기자동차 함안군 모델별 보조금,2024,함안군
화물(소형),파워프라자,봉고3ev PEACE,554,284.0,838.0,2024년도 전기자동차 함안군 모델별 보조금,2024,함안군
화물(소형),파워프라자,봉고3ev PEACE 더블캡,481,246.0,727.0,2024년도 전기자동차 함안군 모델별 보조금,2024,함안군
화물(소형),현대자동차,포터Ⅱ 일렉트릭(23MY),1090,536.0,1626.0,2024년도 전기자동차 함안군 모델별 보조금,2024,함안군
화물(소형),현대자동차,포터Ⅱ 일렉트릭(24MY),1090,536.0,1626.0,2024년도 전기자동차 함안군 모델별 보조금,2024,함안군
화물(소형),현대자동차,ST1 기본형 카고 17인치,1100,560.0,1660.0,2024년도 전기자동차 함안군 모델별 보조금,2024,함안군
화물(소형),현대자동차,ST1 기본형 카고 냉동 17인치,1450,560.0,2010.0,2024년도 전기자동차 함안군 모델별 보조금,2024,함안군
화물(소형),현대자동차,ST1 기본형 하이탑 17인치,1100,560.0,1660.0,2024년도 전기자동차 함안군 모델별 보조금,2024,함안군
화물(소형),기아,봉고 전기차,1130,536.0,1666.0,2024년도 전기자동차 함안군 모델별 보조금,2024,함안군
화물(소형),기아,봉고 전기차 냉동탑차,1330,560.0,1890.0,2024년도 전기자동차 함안군 모델별 보조금,2024,함안군
화물(소형),기아,봉고 전기차 저상형 냉동탑차,1330,560.0,1890.0,2024년도 전기자동차 함안군 모델별 보조금,2024,함안군
화물(소형),일진정공,일진무시동전기냉동탑차(149.9km),916,468.0,1384.0,2024년도 전기자동차 함안군 모델별 보조금,2024,함안군
화물(소형),일진정공,일진무시동전기냉동탑차(186.1km),1169,560.0,1729.0,2024년도 전기자동차 함안군 모델별 보조금,2024,함안군
화물(소형),일진정공,일진무시동전기냉동탑차(봉고),1379,560.0,1939.0,2024년도 전기자동차 함안군 모델별 보조금,2024,함안군
화물(소형),일진정공,일진무시동전기냉동탑차(포터),1363,560.0,1923.0,2024년도 전기자동차 함안군 모델별 보조금,2024,함안군
화물(소형),루트17,다니고C(0.8톤 전기트럭),1068,498.0,1566.0,2024년도 전기자동차 함안군 모델별 보조금,2024,함안군
화물(소형),루트17,다니고C2(0.8톤 전기트럭),268,138.0,406.0,2024년도 전기자동차 함안군 모델별 보조금,2024,함안군
화물(소형),루트17,다니고R(전기냉동탑차),1224,560.0,1784.0,2024년도 전기자동차 함안군 모델별 보조금,2024,함안군
화물(소형),루트17,다니고R2(무시동 전기냉동탑차),1123,537.0,1660.0,2024년도 전기자동차 함안군 모델별 보조금,2024,함안군
화물(소형),루트17,e-TOVI,464,238.0,702.0,2024년도 전기자동차 함안군 모델별 보조금,2024,함안군
화물(소형),이브이케이엠씨,MASADA 픽업,295,152.0,447.0,2024년도 전기자동차 함안군 모델별 보조금,2024,함안군
화물(소형),이브이케이엠씨,MASADA 3세대 2밴,274,140.0,414.0,2024년도 전기자동차 함안군 모델별 보조금,2024,함안군
화물(소형),이브이케이엠씨,MASADA 3세대 4밴,246,126.0,372.0,2024년도 전기자동차 함안군 모델별 보조금,2024,함안군
화물(소형),이브이케이엠씨,MASADA 2밴,299,154.0,453.0,2024년도 전기자동차 함안군 모델별 보조금,2024,함안군
화물(소형),이브이케이엠씨,MASADA 4밴,269,138.0,407.0,2024년도 전기자동차 함안군 모델별 보조금,2024,함안군
화물(소형),이브이케이엠씨,EC35 2밴,194,100.0,294.0,2024년도 전기자동차 함안군 모델별 보조금,2024,함안군
화물(소형),제이스모빌리티,이티밴,405,208.0,613.0,2024년도 전기자동차 함안군 모델별 보조금,2024,함안군
화물(소형),제이스모빌리티,이티4밴,364,186.0,550.0,2024년도 전기자동차 함안군 모델별 보조금,2024,함안군
화물(소형),제이스모빌리티,이티밴 미니 2인승,412,210.0,622.0,2024년도 전기자동차 함안군 모델별 보조금,2024,함안군
화물(소형),제이스모빌리티,이티밴 미니 4인승,412,210.0,622.0,2024년도 전기자동차 함안군 모델별 보조금,2024,함안군
화물(소형),제이스모빌리티,이티밴 프로 2인승,412,210.0,622.0,2024년도 전기자동차 함안군 모델별 보조금,2024,함안군
화물(소형),제이스모빌리티,이티밴 프로 4인승,412,210.0,622.0,2024년도 전기자동차 함안군 모델별 보조금,2024,함안군
화물(소형),오텍,오텍 무시동 전기 냉동탑차(봉고),1118,560.0,1678.0,2024년도 전기자동차 함안군 모델별 보조금,2024,함안군
화물(소형),이엔플러스,이엔1톤롱바디카고,850,434.0,1284.0,2024년도 전기자동차 함안군 모델별 보조금,2024,함안군
화물(소형),이엔플러스,이엔플러스EV1톤롱바디트럭,895,456.0,1351.0,2024년도 전기자동차 함안군 모델별 보조금,2024,함안군
화물(소형),GS글로벌,T4K,462,236.0,698.0,2024년도 전기자동차 함안군 모델별 보조금,2024,함안군
화물(소형),GS글로벌,T4K 냉동탑차,711,362.0,1073.0,2024년도 전기자동차 함안군 모델별 보조금,2024,함안군
화물(소형),에스에스라이트,젤라,336,172.0,508.0,2024년도 전기자동차 함안군 모델별 보조금,2024,함안군
화물(소형),에스에스라이트,젤라 P200,478,244.0,722.0,2024년도 전기자동차 함안군 모델별 보조금,2024,함안군
화물(소형),한국쓰리축,한국쓰리축1톤롱바디EV트럭(봉고),837,428.0,1265.0,2024년도 전기자동차 함안군 모델별 보조금,2024,함안군
화물(소형),한국쓰리축,한국쓰리축1톤롱바디EV트럭(포터),855,436.0,1291.0,2024년도 전기자동차 함안군 모델별 보조금,2024,함안군
화물(소형),모빌리티네트웍스,SE-A2밴,333,170.0,503.0,2024년도 전기자동차 함안군 모델별 보조금,2024,함안군
화물(소형),피닉스코리아,썬라이즈-T01,412,210.0,622.0,2024년도 전기자동차 함안군 모델별 보조금,2024,함안군
화물(소형),케이지모빌리티,토레스 EVX VAN 20인치,392,350.0,742.0,2024년도 전기자동차 함안군 모델별 보조금,2024,함안군
화물(소형),케이지모빌리티,토레스 EVX VAN 18인치,394,352.0,746.0,2024년도 전기자동차 함안군 모델별 보조금,2024,함안군
화물(소형),한국상용트럭,한국상용1톤롱바디EV카고트럭,818,418.0,1236.0,2024년도 전기자동차 함안군 모델별 보조금,2024,함안군
화물(소형),한국상용트럭,한국상용0.9톤롱바디EV내장탑트럭,593,302.0,895.0,2024년도 전기자동차 함안군 모델별 보조금,2024,함안군
화물(소형),센트로에이케이,E-CV1,282,252.0,534.0,2024년도 전기자동차 함안군 모델별 보조금,2024,함안군
화물(소형),파츠몰에이투지,SW40,412,210.0,622.0,2024년도 전기자동차 함안군 모델별 보조금,2024,함안군
화물(소형),이브이앤솔루션,STEGO-Z,540,276.0,816.0,2024년도 전기자동차 함안군 모델별 보조금,2024,함안군
화물(초소형),마스타전기차,MASTA VAN,400,200.0,600.0,2024년도 전기자동차 창녕군 모델별 보조금,2024,창녕군
화물(초소형),마스타전기차,MASTA HIM,400,200.0,600.0,2024년도 전기자동차 창녕군 모델별 보조금,2024,창녕군
화물(초소형),디피코,포트로-탑,400,200.0,600.0,2024년도 전기자동차 창녕군 모델별 보조금,2024,창녕군
화물(초소형),디피코,포트로-픽업,400,200.0,600.0,2024년도 전기자동차 창녕군 모델별 보조금,2024,창녕군
화물(초소형),디피코,포트로-탑S,400,200.0,600.0,2024년도 전기자동차 창녕군 모델별 보조금,2024,창녕군
화물(초소형),디피코,포트로-픽업S,400,200.0,600.0,2024년도 전기자동차 창녕군 모델별 보조금,2024,창녕군
화물(초소형),마이브,베프,400,200.0,600.0,2024년도 전기자동차 창녕군 모델별 보조금,2024,창녕군
화물(경형),디피코,포트로350L-탑,788,394.0,1182.0,2024년도 전기자동차 창녕군 모델별 보조금,2024,창녕군
화물(경형),디피코,포트로350L-픽업,788,394.0,1182.0,2024년도 전기자동차 창녕군 모델별 보조금,2024,창녕군
화물(소형),파워프라자,봉고3ev PEACE,554,284.0,838.0,2024년도 전기자동차 창녕군 모델별 보조금,2024,창녕군
화물(소형),파워프라자,봉고3ev PEACE 더블캡,481,246.0,727.0,2024년도 전기자동차 창녕군 모델별 보조금,2024,창녕군
화물(소형),현대자동차,포터Ⅱ 일렉트릭(23MY),1090,536.0,1626.0,2024년도 전기자동차 창녕군 모델별 보조금,2024,창녕군
화물(소형),현대자동차,포터Ⅱ 일렉트릭(24MY),1090,536.0,1626.0,2024년도 전기자동차 창녕군 모델별 보조금,2024,창녕군
화물(소형),현대자동차,ST1 기본형 카고 17인치,1100,560.0,1660.0,2024년도 전기자동차 창녕군 모델별 보조금,2024,창녕군
화물(소형),현대자동차,ST1 기본형 카고 냉동 17인치,1450,560.0,2010.0,2024년도 전기자동차 창녕군 모델별 보조금,2024,창녕군
화물(소형),현대자동차,ST1 기본형 하이탑 17인치,1100,560.0,1660.0,2024년도 전기자동차 창녕군 모델별 보조금,2024,창녕군
화물(소형),기아,봉고 전기차,1130,536.0,1666.0,2024년도 전기자동차 창녕군 모델별 보조금,2024,창녕군
화물(소형),기아,봉고 전기차 냉동탑차,1330,560.0,1890.0,2024년도 전기자동차 창녕군 모델별 보조금,2024,창녕군
화물(소형),기아,봉고 전기차 저상형 냉동탑차,1330,560.0,1890.0,2024년도 전기자동차 창녕군 모델별 보조금,2024,창녕군
화물(소형),일진정공,일진무시동전기냉동탑차(149.9km),916,468.0,1384.0,2024년도 전기자동차 창녕군 모델별 보조금,2024,창녕군
화물(소형),일진정공,일진무시동전기냉동탑차(186.1km),1169,560.0,1729.0,2024년도 전기자동차 창녕군 모델별 보조금,2024,창녕군
화물(소형),일진정공,일진무시동전기냉동탑차(봉고),1379,560.0,1939.0,2024년도 전기자동차 창녕군 모델별 보조금,2024,창녕군
화물(소형),일진정공,일진무시동전기냉동탑차(포터),1363,560.0,1923.0,2024년도 전기자동차 창녕군 모델별 보조금,2024,창녕군
화물(소형),루트17,다니고C(0.8톤 전기트럭),1068,498.0,1566.0,2024년도 전기자동차 창녕군 모델별 보조금,2024,창녕군
화물(소형),루트17,다니고C2(0.8톤 전기트럭),268,138.0,406.0,2024년도 전기자동차 창녕군 모델별 보조금,2024,창녕군
화물(소형),루트17,다니고R(전기냉동탑차),1224,560.0,1784.0,2024년도 전기자동차 창녕군 모델별 보조금,2024,창녕군
화물(소형),루트17,다니고R2(무시동 전기냉동탑차),1123,538.0,1661.0,2024년도 전기자동차 창녕군 모델별 보조금,2024,창녕군
화물(소형),루트17,e-TOVI,464,238.0,702.0,2024년도 전기자동차 창녕군 모델별 보조금,2024,창녕군
화물(소형),이브이케이엠씨,MASADA 픽업,295,152.0,447.0,2024년도 전기자동차 창녕군 모델별 보조금,2024,창녕군
화물(소형),이브이케이엠씨,MASADA 3세대 2밴,274,140.0,414.0,2024년도 전기자동차 창녕군 모델별 보조금,2024,창녕군
화물(소형),이브이케이엠씨,MASADA 3세대 4밴,246,126.0,372.0,2024년도 전기자동차 창녕군 모델별 보조금,2024,창녕군
화물(소형),이브이케이엠씨,MASADA 2밴,299,154.0,453.0,2024년도 전기자동차 창녕군 모델별 보조금,2024,창녕군
화물(소형),이브이케이엠씨,MASADA 4밴,269,138.0,407.0,2024년도 전기자동차 창녕군 모델별 보조금,2024,창녕군
화물(소형),이브이케이엠씨,EC35 2밴,194,100.0,294.0,2024년도 전기자동차 창녕군 모델별 보조금,2024,창녕군
화물(소형),제이스모빌리티,이티밴,405,208.0,613.0,2024년도 전기자동차 창녕군 모델별 보조금,2024,창녕군
화물(소형),제이스모빌리티,이티4밴,364,186.0,550.0,2024년도 전기자동차 창녕군 모델별 보조금,2024,창녕군
화물(소형),제이스모빌리티,이티밴 미니 2인승,412,210.0,622.0,2024년도 전기자동차 창녕군 모델별 보조금,2024,창녕군
화물(소형),제이스모빌리티,이티밴 미니 4인승,412,210.0,622.0,2024년도 전기자동차 창녕군 모델별 보조금,2024,창녕군
화물(소형),제이스모빌리티,이티밴 프로 2인승,412,210.0,622.0,2024년도 전기자동차 창녕군 모델별 보조금,2024,창녕군
화물(소형),제이스모빌리티,이티밴 프로 4인승,412,210.0,622.0,2024년도 전기자동차 창녕군 모델별 보조금,2024,창녕군
화물(소형),오텍,오텍 무시동 전기 냉동탑차(봉고),1118,560.0,1678.0,2024년도 전기자동차 창녕군 모델별 보조금,2024,창녕군
화물(소형),이엔플러스,이엔1톤롱바디카고,850,434.0,1284.0,2024년도 전기자동차 창녕군 모델별 보조금,2024,창녕군
화물(소형),이엔플러스,이엔플러스EV1톤롱바디트럭,895,456.0,1351.0,2024년도 전기자동차 창녕군 모델별 보조금,2024,창녕군
화물(소형),GS글로벌,T4K,462,236.0,698.0,2024년도 전기자동차 창녕군 모델별 보조금,2024,창녕군
화물(소형),GS글로벌,T4K 냉동탑차,711,362.0,1073.0,2024년도 전기자동차 창녕군 모델별 보조금,2024,창녕군
화물(소형),에스에스라이트,젤라,336,172.0,508.0,2024년도 전기자동차 창녕군 모델별 보조금,2024,창녕군
화물(소형),에스에스라이트,젤라 P200,478,244.0,722.0,2024년도 전기자동차 창녕군 모델별 보조금,2024,창녕군
화물(소형),한국쓰리축,한국쓰리축1톤롱바디EV트럭(봉고),837,428.0,1265.0,2024년도 전기자동차 창녕군 모델별 보조금,2024,창녕군
화물(소형),한국쓰리축,한국쓰리축1톤롱바디EV트럭(포터),855,436.0,1291.0,2024년도 전기자동차 창녕군 모델별 보조금,2024,창녕군
화물(소형),모빌리티네트웍스,SE-A2밴,333,170.0,503.0,2024년도 전기자동차 창녕군 모델별 보조금,2024,창녕군
화물(소형),피닉스코리아,썬라이즈-T01,412,362.0,774.0,2024년도 전기자동차 창녕군 모델별 보조금,2024,창녕군
화물(소형),케이지모빌리티,토레스 EVX VAN 20인치,392,350.0,742.0,2024년도 전기자동차 창녕군 모델별 보조금,2024,창녕군
화물(소형),케이지모빌리티,토레스 EVX VAN 18인치,394,352.0,746.0,2024년도 전기자동차 창녕군 모델별 보조금,2024,창녕군
화물(소형),한국상용트럭,한국상용1톤롱바디EV카고트럭,818,418.0,1236.0,2024년도 전기자동차 창녕군 모델별 보조금,2024,창녕군
화물(소형),한국상용트럭,한국상용0.9톤롱바디EV내장탑트럭,593,302.0,895.0,2024년도 전기자동차 창녕군 모델별 보조금,2024,창녕군
화물(소형),센트로에이케이,E-CV1,282,252.0,534.0,2024년도 전기자동차 창녕군 모델별 보조금,2024,창녕군
화물(소형),파츠몰에이투지,SW40,412,210.0,622.0,2024년도 전기자동차 창녕군 모델별 보조금,2024,창녕군
화물(소형),이브이앤솔루션,STEGO-Z,540,276.0,816.0,2024년도 전기자동차 창녕군 모델별 보조금,2024,창녕군
화물(초소형),마스타전기차,MASTA VAN,400,200.0,600.0,2024년도 전기자동차 고성군 모델별 보조금,2024,고성군
화물(초소형),마스타전기차,MASTA HIM,400,200.0,600.0,2024년도 전기자동차 고성군 모델별 보조금,2024,고성군
화물(초소형),디피코,포트로-탑,400,200.0,600.0,2024년도 전기자동차 고성군 모델별 보조금,2024,고성군
화물(초소형),디피코,포트로-픽업,400,200.0,600.0,2024년도 전기자동차 고성군 모델별 보조금,2024,고성군
화물(초소형),디피코,포트로-탑S,400,200.0,600.0,2024년도 전기자동차 고성군 모델별 보조금,2024,고성군
화물(초소형),디피코,포트로-픽업S,400,200.0,600.0,2024년도 전기자동차 고성군 모델별 보조금,2024,고성군
화물(초소형),마이브,베프,400,0.0,400.0,2024년도 전기자동차 고성군 모델별 보조금,2024,고성군
화물(경형),디피코,포트로350L-탑,788,394.0,1182.0,2024년도 전기자동차 고성군 모델별 보조금,2024,고성군
화물(경형),디피코,포트로350L-픽업,788,394.0,1182.0,2024년도 전기자동차 고성군 모델별 보조금,2024,고성군
화물(소형),파워프라자,봉고3ev PEACE,554,284.0,838.0,2024년도 전기자동차 고성군 모델별 보조금,2024,고성군
화물(소형),파워프라자,봉고3ev PEACE 더블캡,481,246.0,727.0,2024년도 전기자동차 고성군 모델별 보조금,2024,고성군
화물(소형),현대자동차,포터Ⅱ 일렉트릭(23MY),1090,536.0,1626.0,2024년도 전기자동차 고성군 모델별 보조금,2024,고성군
화물(소형),현대자동차,포터Ⅱ 일렉트릭(24MY),1090,536.0,1626.0,2024년도 전기자동차 고성군 모델별 보조금,2024,고성군
화물(소형),현대자동차,ST1 기본형 카고 17인치,1100,560.0,1660.0,2024년도 전기자동차 고성군 모델별 보조금,2024,고성군
화물(소형),현대자동차,ST1 기본형 카고 냉동 17인치,1450,560.0,2010.0,2024년도 전기자동차 고성군 모델별 보조금,2024,고성군
화물(소형),현대자동차,ST1 기본형 하이탑 17인치,1100,0.0,1100.0,2024년도 전기자동차 고성군 모델별 보조금,2024,고성군
화물(소형),기아,봉고 전기차,1130,536.0,1666.0,2024년도 전기자동차 고성군 모델별 보조금,2024,고성군
화물(소형),기아,봉고 전기차 냉동탑차,1330,560.0,1890.0,2024년도 전기자동차 고성군 모델별 보조금,2024,고성군
화물(소형),기아,봉고 전기차 저상형 냉동탑차,1330,560.0,1890.0,2024년도 전기자동차 고성군 모델별 보조금,2024,고성군
화물(소형),일진정공,일진무시동전기냉동탑차(149.9km),916,468.0,1384.0,2024년도 전기자동차 고성군 모델별 보조금,2024,고성군
화물(소형),일진정공,일진무시동전기냉동탑차(186.1km),1169,560.0,1729.0,2024년도 전기자동차 고성군 모델별 보조금,2024,고성군
화물(소형),일진정공,일진무시동전기냉동탑차(봉고),1379,560.0,1939.0,2024년도 전기자동차 고성군 모델별 보조금,2024,고성군
화물(소형),일진정공,일진무시동전기냉동탑차(포터),1363,560.0,1923.0,2024년도 전기자동차 고성군 모델별 보조금,2024,고성군
화물(소형),루트17,다니고C(0.8톤 전기트럭),1068,498.0,1566.0,2024년도 전기자동차 고성군 모델별 보조금,2024,고성군
화물(소형),루트17,다니고C2(0.8톤 전기트럭),268,138.0,406.0,2024년도 전기자동차 고성군 모델별 보조금,2024,고성군
화물(소형),루트17,다니고R(전기냉동탑차),1224,560.0,1784.0,2024년도 전기자동차 고성군 모델별 보조금,2024,고성군
화물(소형),루트17,다니고R2(무시동 전기냉동탑차),1123,538.0,1661.0,2024년도 전기자동차 고성군 모델별 보조금,2024,고성군
화물(소형),루트17,e-TOVI,464,0.0,464.0,2024년도 전기자동차 고성군 모델별 보조금,2024,고성군
화물(소형),이브이케이엠씨,MASADA 픽업,295,152.0,447.0,2024년도 전기자동차 고성군 모델별 보조금,2024,고성군
화물(소형),이브이케이엠씨,MASADA 3세대 2밴,274,140.0,414.0,2024년도 전기자동차 고성군 모델별 보조금,2024,고성군
화물(소형),이브이케이엠씨,MASADA 3세대 4밴,246,126.0,372.0,2024년도 전기자동차 고성군 모델별 보조금,2024,고성군
화물(소형),이브이케이엠씨,MASADA 2밴,299,154.0,453.0,2024년도 전기자동차 고성군 모델별 보조금,2024,고성군
화물(소형),이브이케이엠씨,MASADA 4밴,269,138.0,407.0,2024년도 전기자동차 고성군 모델별 보조금,2024,고성군
화물(소형),이브이케이엠씨,EC35 2밴,194,100.0,294.0,2024년도 전기자동차 고성군 모델별 보조금,2024,고성군
화물(소형),제이스모빌리티,이티밴,405,208.0,613.0,2024년도 전기자동차 고성군 모델별 보조금,2024,고성군
화물(소형),제이스모빌리티,이티4밴,364,186.0,550.0,2024년도 전기자동차 고성군 모델별 보조금,2024,고성군
화물(소형),제이스모빌리티,이티밴 미니 2인승,412,210.0,622.0,2024년도 전기자동차 고성군 모델별 보조금,2024,고성군
화물(소형),제이스모빌리티,이티밴 미니 4인승,412,210.0,622.0,2024년도 전기자동차 고성군 모델별 보조금,2024,고성군
화물(소형),제이스모빌리티,이티밴 프로 2인승,412,210.0,622.0,2024년도 전기자동차 고성군 모델별 보조금,2024,고성군
화물(소형),제이스모빌리티,이티밴 프로 4인승,412,210.0,622.0,2024년도 전기자동차 고성군 모델별 보조금,2024,고성군
화물(소형),오텍,오텍 무시동 전기 냉동탑차(봉고),1118,560.0,1678.0,2024년도 전기자동차 고성군 모델별 보조금,2024,고성군
화물(소형),이엔플러스,이엔1톤롱바디카고,850,434.0,1284.0,2024년도 전기자동차 고성군 모델별 보조금,2024,고성군
화물(소형),이엔플러스,이엔플러스EV1톤롱바디트럭,895,456.0,1351.0,2024년도 전기자동차 고성군 모델별 보조금,2024,고성군
화물(소형),GS글로벌,T4K,462,236.0,698.0,2024년도 전기자동차 고성군 모델별 보조금,2024,고성군
화물(소형),GS글로벌,T4K 냉동탑차,711,362.0,1073.0,2024년도 전기자동차 고성군 모델별 보조금,2024,고성군
화물(소형),에스에스라이트,젤라,336,172.0,508.0,2024년도 전기자동차 고성군 모델별 보조금,2024,고성군
화물(소형),에스에스라이트,젤라 P200,478,244.0,722.0,2024년도 전기자동차 고성군 모델별 보조금,2024,고성군
화물(소형),한국쓰리축,한국쓰리축1톤롱바디EV트럭(봉고),837,428.0,1265.0,2024년도 전기자동차 고성군 모델별 보조금,2024,고성군
화물(소형),한국쓰리축,한국쓰리축1톤롱바디EV트럭(포터),855,436.0,1291.0,2024년도 전기자동차 고성군 모델별 보조금,2024,고성군
화물(소형),모빌리티네트웍스,SE-A2밴,333,170.0,503.0,2024년도 전기자동차 고성군 모델별 보조금,2024,고성군
화물(소형),피닉스코리아,썬라이즈-T01,412,210.0,622.0,2024년도 전기자동차 고성군 모델별 보조금,2024,고성군
화물(소형),케이지모빌리티,토레스 EVX VAN 20인치,392,350.0,742.0,2024년도 전기자동차 고성군 모델별 보조금,2024,고성군
화물(소형),케이지모빌리티,토레스 EVX VAN 18인치,394,352.0,746.0,2024년도 전기자동차 고성군 모델별 보조금,2024,고성군
화물(소형),한국상용트럭,한국상용1톤롱바디EV카고트럭,818,418.0,1236.0,2024년도 전기자동차 고성군 모델별 보조금,2024,고성군
화물(소형),한국상용트럭,한국상용0.9톤롱바디EV내장탑트럭,593,302.0,895.0,2024년도 전기자동차 고성군 모델별 보조금,2024,고성군
화물(소형),센트로에이케이,E-CV1,282,252.0,534.0,2024년도 전기자동차 고성군 모델별 보조금,2024,고성군
화물(소형),파츠몰에이투지,SW40,412,210.0,622.0,2024년도 전기자동차 고성군 모델별 보조금,2024,고성군
화물(소형),이브이앤솔루션,STEGO-Z,540,276.0,816.0,2024년도 전기자동차 고성군 모델별 보조금,2024,고성군
화물(초소형),마스타전기차,MASTA VAN,400,200.0,600.0,2024년도 전기자동차 남해군 모델별 보조금,2024,남해군
화물(초소형),마스타전기차,MASTA HIM,400,200.0,600.0,2024년도 전기자동차 남해군 모델별 보조금,2024,남해군
화물(초소형),디피코,포트로-탑,400,200.0,600.0,2024년도 전기자동차 남해군 모델별 보조금,2024,남해군
화물(초소형),디피코,포트로-픽업,400,200.0,600.0,2024년도 전기자동차 남해군 모델별 보조금,2024,남해군
화물(초소형),디피코,포트로-탑S,400,200.0,600.0,2024년도 전기자동차 남해군 모델별 보조금,2024,남해군
화물(초소형),디피코,포트로-픽업S,400,200.0,600.0,2024년도 전기자동차 남해군 모델별 보조금,2024,남해군
화물(초소형),마이브,베프,400,200.0,600.0,2024년도 전기자동차 남해군 모델별 보조금,2024,남해군
화물(경형),디피코,포트로350L-탑,788,394.0,1182.0,2024년도 전기자동차 남해군 모델별 보조금,2024,남해군
화물(경형),디피코,포트로350L-픽업,788,394.0,1182.0,2024년도 전기자동차 남해군 모델별 보조금,2024,남해군
화물(소형),파워프라자,봉고3ev PEACE,554,284.0,838.0,2024년도 전기자동차 남해군 모델별 보조금,2024,남해군
화물(소형),파워프라자,봉고3ev PEACE 더블캡,481,246.0,727.0,2024년도 전기자동차 남해군 모델별 보조금,2024,남해군
화물(소형),현대자동차,포터Ⅱ 일렉트릭(23MY),1090,536.0,1626.0,2024년도 전기자동차 남해군 모델별 보조금,2024,남해군
화물(소형),현대자동차,포터Ⅱ 일렉트릭(24MY),1090,536.0,1626.0,2024년도 전기자동차 남해군 모델별 보조금,2024,남해군
화물(소형),현대자동차,ST1 기본형 카고 17인치,1100,560.0,1660.0,2024년도 전기자동차 남해군 모델별 보조금,2024,남해군
화물(소형),현대자동차,ST1 기본형 카고 냉동 17인치,1450,560.0,2010.0,2024년도 전기자동차 남해군 모델별 보조금,2024,남해군
화물(소형),현대자동차,ST1 기본형 하이탑 17인치,1100,560.0,1660.0,2024년도 전기자동차 남해군 모델별 보조금,2024,남해군
화물(소형),기아,봉고 전기차,1130,536.0,1666.0,2024년도 전기자동차 남해군 모델별 보조금,2024,남해군
화물(소형),기아,봉고 전기차 냉동탑차,1330,560.0,1890.0,2024년도 전기자동차 남해군 모델별 보조금,2024,남해군
화물(소형),기아,봉고 전기차 저상형 냉동탑차,1330,560.0,1890.0,2024년도 전기자동차 남해군 모델별 보조금,2024,남해군
화물(소형),일진정공,일진무시동전기냉동탑차(149.9km),916,468.0,1384.0,2024년도 전기자동차 남해군 모델별 보조금,2024,남해군
화물(소형),일진정공,일진무시동전기냉동탑차(186.1km),1169,560.0,1729.0,2024년도 전기자동차 남해군 모델별 보조금,2024,남해군
화물(소형),일진정공,일진무시동전기냉동탑차(봉고),1379,560.0,1939.0,2024년도 전기자동차 남해군 모델별 보조금,2024,남해군
화물(소형),일진정공,일진무시동전기냉동탑차(포터),1363,560.0,1923.0,2024년도 전기자동차 남해군 모델별 보조금,2024,남해군
화물(소형),루트17,다니고C(0.8톤 전기트럭),1068,498.0,1566.0,2024년도 전기자동차 남해군 모델별 보조금,2024,남해군
화물(소형),루트17,다니고C2(0.8톤 전기트럭),268,138.0,406.0,2024년도 전기자동차 남해군 모델별 보조금,2024,남해군
화물(소형),루트17,다니고R(전기냉동탑차),1224,560.0,1784.0,2024년도 전기자동차 남해군 모델별 보조금,2024,남해군
화물(소형),루트17,다니고R2(무시동 전기냉동탑차),1123,538.0,1661.0,2024년도 전기자동차 남해군 모델별 보조금,2024,남해군
화물(소형),루트17,e-TOVI,464,238.0,702.0,2024년도 전기자동차 남해군 모델별 보조금,2024,남해군
화물(소형),이브이케이엠씨,MASADA 픽업,295,152.0,447.0,2024년도 전기자동차 남해군 모델별 보조금,2024,남해군
화물(소형),이브이케이엠씨,MASADA 3세대 2밴,274,140.0,414.0,2024년도 전기자동차 남해군 모델별 보조금,2024,남해군
화물(소형),이브이케이엠씨,MASADA 3세대 4밴,246,126.0,372.0,2024년도 전기자동차 남해군 모델별 보조금,2024,남해군
화물(소형),이브이케이엠씨,MASADA 2밴,299,154.0,453.0,2024년도 전기자동차 남해군 모델별 보조금,2024,남해군
화물(소형),이브이케이엠씨,MASADA 4밴,269,138.0,407.0,2024년도 전기자동차 남해군 모델별 보조금,2024,남해군
화물(소형),이브이케이엠씨,EC35 2밴,194,100.0,294.0,2024년도 전기자동차 남해군 모델별 보조금,2024,남해군
화물(소형),제이스모빌리티,이티밴,405,208.0,613.0,2024년도 전기자동차 남해군 모델별 보조금,2024,남해군
화물(소형),제이스모빌리티,이티4밴,364,186.0,550.0,2024년도 전기자동차 남해군 모델별 보조금,2024,남해군
화물(소형),제이스모빌리티,이티밴 미니 2인승,412,210.0,622.0,2024년도 전기자동차 남해군 모델별 보조금,2024,남해군
화물(소형),제이스모빌리티,이티밴 미니 4인승,412,210.0,622.0,2024년도 전기자동차 남해군 모델별 보조금,2024,남해군
화물(소형),제이스모빌리티,이티밴 프로 2인승,412,210.0,622.0,2024년도 전기자동차 남해군 모델별 보조금,2024,남해군
화물(소형),제이스모빌리티,이티밴 프로 4인승,412,210.0,622.0,2024년도 전기자동차 남해군 모델별 보조금,2024,남해군
화물(소형),오텍,오텍 무시동 전기 냉동탑차(봉고),1118,560.0,1678.0,2024년도 전기자동차 남해군 모델별 보조금,2024,남해군
화물(소형),이엔플러스,이엔1톤롱바디카고,850,434.0,1284.0,2024년도 전기자동차 남해군 모델별 보조금,2024,남해군
화물(소형),이엔플러스,이엔플러스EV1톤롱바디트럭,895,456.0,1351.0,2024년도 전기자동차 남해군 모델별 보조금,2024,남해군
화물(소형),GS글로벌,T4K,462,236.0,698.0,2024년도 전기자동차 남해군 모델별 보조금,2024,남해군
화물(소형),GS글로벌,T4K 냉동탑차,711,362.0,1073.0,2024년도 전기자동차 남해군 모델별 보조금,2024,남해군
화물(소형),에스에스라이트,젤라,336,172.0,508.0,2024년도 전기자동차 남해군 모델별 보조금,2024,남해군
화물(소형),에스에스라이트,젤라 P200,478,244.0,722.0,2024년도 전기자동차 남해군 모델별 보조금,2024,남해군
화물(소형),한국쓰리축,한국쓰리축1톤롱바디EV트럭(봉고),837,428.0,1265.0,2024년도 전기자동차 남해군 모델별 보조금,2024,남해군
화물(소형),한국쓰리축,한국쓰리축1톤롱바디EV트럭(포터),855,436.0,1291.0,2024년도 전기자동차 남해군 모델별 보조금,2024,남해군
화물(소형),모빌리티네트웍스,SE-A2밴,333,170.0,503.0,2024년도 전기자동차 남해군 모델별 보조금,2024,남해군
화물(소형),피닉스코리아,썬라이즈-T01,412,210.0,622.0,2024년도 전기자동차 남해군 모델별 보조금,2024,남해군
화물(소형),케이지모빌리티,토레스 EVX VAN 20인치,392,350.0,742.0,2024년도 전기자동차 남해군 모델별 보조금,2024,남해군
화물(소형),케이지모빌리티,토레스 EVX VAN 18인치,394,352.0,746.0,2024년도 전기자동차 남해군 모델별 보조금,2024,남해군
화물(소형),한국상용트럭,한국상용1톤롱바디EV카고트럭,818,418.0,1236.0,2024년도 전기자동차 남해군 모델별 보조금,2024,남해군
화물(소형),한국상용트럭,한국상용0.9톤롱바디EV내장탑트럭,593,302.0,895.0,2024년도 전기자동차 남해군 모델별 보조금,2024,남해군
화물(소형),센트로에이케이,E-CV1,282,252.0,534.0,2024년도 전기자동차 남해군 모델별 보조금,2024,남해군
화물(소형),파츠몰에이투지,SW40,412,210.0,622.0,2024년도 전기자동차 남해군 모델별 보조금,2024,남해군
화물(소형),이브이앤솔루션,STEGO-Z,540,276.0,816.0,2024년도 전기자동차 남해군 모델별 보조금,2024,남해군
화물(초소형),마스타전기차,MASTA VAN,400,200.0,600.0,2024년도 전기자동차 하동군 모델별 보조금,2024,하동군
화물(초소형),마스타전기차,MASTA HIM,400,200.0,600.0,2024년도 전기자동차 하동군 모델별 보조금,2024,하동군
화물(초소형),디피코,포트로-탑,400,200.0,600.0,2024년도 전기자동차 하동군 모델별 보조금,2024,하동군
화물(초소형),디피코,포트로-픽업,400,200.0,600.0,2024년도 전기자동차 하동군 모델별 보조금,2024,하동군
화물(초소형),디피코,포트로-탑S,400,200.0,600.0,2024년도 전기자동차 하동군 모델별 보조금,2024,하동군
화물(초소형),디피코,포트로-픽업S,400,200.0,600.0,2024년도 전기자동차 하동군 모델별 보조금,2024,하동군
화물(초소형),마이브,베프,400,200.0,600.0,2024년도 전기자동차 하동군 모델별 보조금,2024,하동군
화물(경형),디피코,포트로350L-탑,788,394.0,1182.0,2024년도 전기자동차 하동군 모델별 보조금,2024,하동군
화물(경형),디피코,포트로350L-픽업,788,394.0,1182.0,2024년도 전기자동차 하동군 모델별 보조금,2024,하동군
화물(소형),파워프라자,봉고3ev PEACE,554,284.0,838.0,2024년도 전기자동차 하동군 모델별 보조금,2024,하동군
화물(소형),파워프라자,봉고3ev PEACE 더블캡,481,246.0,727.0,2024년도 전기자동차 하동군 모델별 보조금,2024,하동군
화물(소형),현대자동차,포터Ⅱ 일렉트릭(23MY),1090,536.0,1626.0,2024년도 전기자동차 하동군 모델별 보조금,2024,하동군
화물(소형),현대자동차,포터Ⅱ 일렉트릭(24MY),1090,536.0,1626.0,2024년도 전기자동차 하동군 모델별 보조금,2024,하동군
화물(소형),현대자동차,ST1 기본형 카고 17인치,1100,560.0,1660.0,2024년도 전기자동차 하동군 모델별 보조금,2024,하동군
화물(소형),현대자동차,ST1 기본형 카고 냉동 17인치,1450,560.0,2010.0,2024년도 전기자동차 하동군 모델별 보조금,2024,하동군
화물(소형),현대자동차,ST1 기본형 하이탑 17인치,1100,560.0,1660.0,2024년도 전기자동차 하동군 모델별 보조금,2024,하동군
화물(소형),기아,봉고 전기차,1130,536.0,1666.0,2024년도 전기자동차 하동군 모델별 보조금,2024,하동군
화물(소형),기아,봉고 전기차 냉동탑차,1330,560.0,1890.0,2024년도 전기자동차 하동군 모델별 보조금,2024,하동군
화물(소형),기아,봉고 전기차 저상형 냉동탑차,1330,560.0,1890.0,2024년도 전기자동차 하동군 모델별 보조금,2024,하동군
화물(소형),일진정공,일진무시동전기냉동탑차(149.9km),916,468.0,1384.0,2024년도 전기자동차 하동군 모델별 보조금,2024,하동군
화물(소형),일진정공,일진무시동전기냉동탑차(186.1km),1169,560.0,1729.0,2024년도 전기자동차 하동군 모델별 보조금,2024,하동군
화물(소형),일진정공,일진무시동전기냉동탑차(봉고),1379,560.0,1939.0,2024년도 전기자동차 하동군 모델별 보조금,2024,하동군
화물(소형),일진정공,일진무시동전기냉동탑차(포터),1363,560.0,1923.0,2024년도 전기자동차 하동군 모델별 보조금,2024,하동군
화물(소형),루트17,다니고C(0.8톤 전기트럭),1068,498.0,1566.0,2024년도 전기자동차 하동군 모델별 보조금,2024,하동군
화물(소형),루트17,다니고C2(0.8톤 전기트럭),268,138.0,406.0,2024년도 전기자동차 하동군 모델별 보조금,2024,하동군
화물(소형),루트17,다니고R(전기냉동탑차),1224,584.0,1808.0,2024년도 전기자동차 하동군 모델별 보조금,2024,하동군
화물(소형),루트17,다니고R2(무시동 전기냉동탑차),1123,538.0,1661.0,2024년도 전기자동차 하동군 모델별 보조금,2024,하동군
화물(소형),루트17,e-TOVI,464,238.0,702.0,2024년도 전기자동차 하동군 모델별 보조금,2024,하동군
화물(소형),이브이케이엠씨,MASADA 픽업,295,152.0,447.0,2024년도 전기자동차 하동군 모델별 보조금,2024,하동군
화물(소형),이브이케이엠씨,MASADA 3세대 2밴,274,140.0,414.0,2024년도 전기자동차 하동군 모델별 보조금,2024,하동군
화물(소형),이브이케이엠씨,MASADA 3세대 4밴,246,126.0,372.0,2024년도 전기자동차 하동군 모델별 보조금,2024,하동군
화물(소형),이브이케이엠씨,MASADA 2밴,299,154.0,453.0,2024년도 전기자동차 하동군 모델별 보조금,2024,하동군
화물(소형),이브이케이엠씨,MASADA 4밴,269,138.0,407.0,2024년도 전기자동차 하동군 모델별 보조금,2024,하동군
화물(소형),이브이케이엠씨,EC35 2밴,194,100.0,294.0,2024년도 전기자동차 하동군 모델별 보조금,2024,하동군
화물(소형),제이스모빌리티,이티밴,405,208.0,613.0,2024년도 전기자동차 하동군 모델별 보조금,2024,하동군
화물(소형),제이스모빌리티,이티4밴,364,186.0,550.0,2024년도 전기자동차 하동군 모델별 보조금,2024,하동군
화물(소형),제이스모빌리티,이티밴 미니 2인승,412,210.0,622.0,2024년도 전기자동차 하동군 모델별 보조금,2024,하동군
화물(소형),제이스모빌리티,이티밴 미니 4인승,412,210.0,622.0,2024년도 전기자동차 하동군 모델별 보조금,2024,하동군
화물(소형),제이스모빌리티,이티밴 프로 2인승,412,210.0,622.0,2024년도 전기자동차 하동군 모델별 보조금,2024,하동군
화물(소형),제이스모빌리티,이티밴 프로 4인승,412,210.0,622.0,2024년도 전기자동차 하동군 모델별 보조금,2024,하동군
화물(소형),오텍,오텍 무시동 전기 냉동탑차(봉고),1118,560.0,1678.0,2024년도 전기자동차 하동군 모델별 보조금,2024,하동군
화물(소형),이엔플러스,이엔1톤롱바디카고,850,434.0,1284.0,2024년도 전기자동차 하동군 모델별 보조금,2024,하동군
화물(소형),이엔플러스,이엔플러스EV1톤롱바디트럭,895,456.0,1351.0,2024년도 전기자동차 하동군 모델별 보조금,2024,하동군
화물(소형),GS글로벌,T4K,462,236.0,698.0,2024년도 전기자동차 하동군 모델별 보조금,2024,하동군
화물(소형),GS글로벌,T4K 냉동탑차,711,362.0,1073.0,2024년도 전기자동차 하동군 모델별 보조금,2024,하동군
화물(소형),에스에스라이트,젤라,336,172.0,508.0,2024년도 전기자동차 하동군 모델별 보조금,2024,하동군
화물(소형),에스에스라이트,젤라 P200,478,244.0,722.0,2024년도 전기자동차 하동군 모델별 보조금,2024,하동군
화물(소형),한국쓰리축,한국쓰리축1톤롱바디EV트럭(봉고),837,428.0,1265.0,2024년도 전기자동차 하동군 모델별 보조금,2024,하동군
화물(소형),한국쓰리축,한국쓰리축1톤롱바디EV트럭(포터),855,436.0,1291.0,2024년도 전기자동차 하동군 모델별 보조금,2024,하동군
화물(소형),모빌리티네트웍스,SE-A2밴,333,170.0,503.0,2024년도 전기자동차 하동군 모델별 보조금,2024,하동군
화물(소형),피닉스코리아,썬라이즈-T01,412,210.0,622.0,2024년도 전기자동차 하동군 모델별 보조금,2024,하동군
화물(소형),케이지모빌리티,토레스 EVX VAN 20인치,392,350.0,742.0,2024년도 전기자동차 하동군 모델별 보조금,2024,하동군
화물(소형),케이지모빌리티,토레스 EVX VAN 18인치,394,352.0,746.0,2024년도 전기자동차 하동군 모델별 보조금,2024,하동군
화물(소형),한국상용트럭,한국상용1톤롱바디EV카고트럭,818,418.0,1236.0,2024년도 전기자동차 하동군 모델별 보조금,2024,하동군
화물(소형),한국상용트럭,한국상용0.9톤롱바디EV내장탑트럭,593,302.0,895.0,2024년도 전기자동차 하동군 모델별 보조금,2024,하동군
화물(소형),센트로에이케이,E-CV1,282,252.0,534.0,2024년도 전기자동차 하동군 모델별 보조금,2024,하동군
화물(소형),파츠몰에이투지,SW40,412,210.0,622.0,2024년도 전기자동차 하동군 모델별 보조금,2024,하동군
화물(소형),이브이앤솔루션,STEGO-Z,540,276.0,816.0,2024년도 전기자동차 하동군 모델별 보조금,2024,하동군
화물(초소형),마스타전기차,MASTA VAN,400,200.0,600.0,2024년도 전기자동차 산청군 모델별 보조금,2024,산청군
화물(초소형),마스타전기차,MASTA HIM,400,200.0,600.0,2024년도 전기자동차 산청군 모델별 보조금,2024,산청군
화물(초소형),디피코,포트로-탑,400,200.0,600.0,2024년도 전기자동차 산청군 모델별 보조금,2024,산청군
화물(초소형),디피코,포트로-픽업,400,200.0,600.0,2024년도 전기자동차 산청군 모델별 보조금,2024,산청군
화물(초소형),디피코,포트로-탑S,400,200.0,600.0,2024년도 전기자동차 산청군 모델별 보조금,2024,산청군
화물(초소형),디피코,포트로-픽업S,400,200.0,600.0,2024년도 전기자동차 산청군 모델별 보조금,2024,산청군
화물(초소형),마이브,베프,400,200.0,600.0,2024년도 전기자동차 산청군 모델별 보조금,2024,산청군
화물(경형),디피코,포트로350L-탑,788,394.0,1182.0,2024년도 전기자동차 산청군 모델별 보조금,2024,산청군
화물(경형),디피코,포트로350L-픽업,788,394.0,1182.0,2024년도 전기자동차 산청군 모델별 보조금,2024,산청군
화물(소형),파워프라자,봉고3ev PEACE,554,284.0,838.0,2024년도 전기자동차 산청군 모델별 보조금,2024,산청군
화물(소형),파워프라자,봉고3ev PEACE 더블캡,481,246.0,727.0,2024년도 전기자동차 산청군 모델별 보조금,2024,산청군
화물(소형),현대자동차,포터Ⅱ 일렉트릭(23MY),1090,536.0,1626.0,2024년도 전기자동차 산청군 모델별 보조금,2024,산청군
화물(소형),현대자동차,포터Ⅱ 일렉트릭(24MY),1090,536.0,1626.0,2024년도 전기자동차 산청군 모델별 보조금,2024,산청군
화물(소형),현대자동차,ST1 기본형 카고 17인치,1100,560.0,1660.0,2024년도 전기자동차 산청군 모델별 보조금,2024,산청군
화물(소형),현대자동차,ST1 기본형 카고 냉동 17인치,1450,560.0,2010.0,2024년도 전기자동차 산청군 모델별 보조금,2024,산청군
화물(소형),기아,봉고 전기차,1130,536.0,1666.0,2024년도 전기자동차 산청군 모델별 보조금,2024,산청군
화물(소형),기아,봉고 전기차 냉동탑차,1330,560.0,1890.0,2024년도 전기자동차 산청군 모델별 보조금,2024,산청군
화물(소형),기아,봉고 전기차 저상형 냉동탑차,1330,560.0,1890.0,2024년도 전기자동차 산청군 모델별 보조금,2024,산청군
화물(소형),일진정공,일진무시동전기냉동탑차(149.9km),916,468.0,1384.0,2024년도 전기자동차 산청군 모델별 보조금,2024,산청군
화물(소형),일진정공,일진무시동전기냉동탑차(186.1km),1169,560.0,1729.0,2024년도 전기자동차 산청군 모델별 보조금,2024,산청군
화물(소형),일진정공,일진무시동전기냉동탑차(봉고),1379,560.0,1939.0,2024년도 전기자동차 산청군 모델별 보조금,2024,산청군
화물(소형),일진정공,일진무시동전기냉동탑차(포터),1363,560.0,1923.0,2024년도 전기자동차 산청군 모델별 보조금,2024,산청군
화물(소형),루트17,다니고C(0.8톤 전기트럭),1068,498.0,1566.0,2024년도 전기자동차 산청군 모델별 보조금,2024,산청군
화물(소형),루트17,다니고C2(0.8톤 전기트럭),268,138.0,406.0,2024년도 전기자동차 산청군 모델별 보조금,2024,산청군
화물(소형),루트17,다니고R(전기냉동탑차),1224,560.0,1784.0,2024년도 전기자동차 산청군 모델별 보조금,2024,산청군
화물(소형),루트17,다니고R2(무시동 전기냉동탑차),1123,538.0,1661.0,2024년도 전기자동차 산청군 모델별 보조금,2024,산청군
화물(소형),루트17,e-TOVI,464,238.0,702.0,2024년도 전기자동차 산청군 모델별 보조금,2024,산청군
화물(소형),이브이케이엠씨,MASADA 픽업,295,152.0,447.0,2024년도 전기자동차 산청군 모델별 보조금,2024,산청군
화물(소형),이브이케이엠씨,MASADA 3세대 2밴,274,140.0,414.0,2024년도 전기자동차 산청군 모델별 보조금,2024,산청군
화물(소형),이브이케이엠씨,MASADA 3세대 4밴,246,126.0,372.0,2024년도 전기자동차 산청군 모델별 보조금,2024,산청군
화물(소형),이브이케이엠씨,MASADA 2밴,299,154.0,453.0,2024년도 전기자동차 산청군 모델별 보조금,2024,산청군
화물(소형),이브이케이엠씨,MASADA 4밴,269,138.0,407.0,2024년도 전기자동차 산청군 모델별 보조금,2024,산청군
화물(소형),이브이케이엠씨,EC35 2밴,194,100.0,294.0,2024년도 전기자동차 산청군 모델별 보조금,2024,산청군
화물(소형),제이스모빌리티,이티밴,405,208.0,613.0,2024년도 전기자동차 산청군 모델별 보조금,2024,산청군
화물(소형),제이스모빌리티,이티4밴,364,186.0,550.0,2024년도 전기자동차 산청군 모델별 보조금,2024,산청군
화물(소형),제이스모빌리티,이티밴 미니 2인승,412,210.0,622.0,2024년도 전기자동차 산청군 모델별 보조금,2024,산청군
화물(소형),제이스모빌리티,이티밴 미니 4인승,412,210.0,622.0,2024년도 전기자동차 산청군 모델별 보조금,2024,산청군
화물(소형),제이스모빌리티,이티밴 프로 2인승,412,210.0,622.0,2024년도 전기자동차 산청군 모델별 보조금,2024,산청군
화물(소형),제이스모빌리티,이티밴 프로 4인승,412,210.0,622.0,2024년도 전기자동차 산청군 모델별 보조금,2024,산청군
화물(소형),오텍,오텍 무시동 전기 냉동탑차(봉고),1118,560.0,1678.0,2024년도 전기자동차 산청군 모델별 보조금,2024,산청군
화물(소형),이엔플러스,이엔1톤롱바디카고,850,434.0,1284.0,2024년도 전기자동차 산청군 모델별 보조금,2024,산청군
화물(소형),이엔플러스,이엔플러스EV1톤롱바디트럭,895,456.0,1351.0,2024년도 전기자동차 산청군 모델별 보조금,2024,산청군
화물(소형),GS글로벌,T4K,462,236.0,698.0,2024년도 전기자동차 산청군 모델별 보조금,2024,산청군
화물(소형),GS글로벌,T4K 냉동탑차,711,362.0,1073.0,2024년도 전기자동차 산청군 모델별 보조금,2024,산청군
화물(소형),에스에스라이트,젤라,336,172.0,508.0,2024년도 전기자동차 산청군 모델별 보조금,2024,산청군
화물(소형),에스에스라이트,젤라 P200,478,244.0,722.0,2024년도 전기자동차 산청군 모델별 보조금,2024,산청군
화물(소형),한국쓰리축,한국쓰리축1톤롱바디EV트럭(봉고),837,428.0,1265.0,2024년도 전기자동차 산청군 모델별 보조금,2024,산청군
화물(소형),한국쓰리축,한국쓰리축1톤롱바디EV트럭(포터),855,436.0,1291.0,2024년도 전기자동차 산청군 모델별 보조금,2024,산청군
화물(소형),모빌리티네트웍스,SE-A2밴,333,170.0,503.0,2024년도 전기자동차 산청군 모델별 보조금,2024,산청군
화물(소형),피닉스코리아,썬라이즈-T01,412,210.0,622.0,2024년도 전기자동차 산청군 모델별 보조금,2024,산청군
화물(소형),케이지모빌리티,토레스 EVX VAN 20인치,392,350.0,742.0,2024년도 전기자동차 산청군 모델별 보조금,2024,산청군
화물(소형),케이지모빌리티,토레스 EVX VAN 18인치,394,352.0,746.0,2024년도 전기자동차 산청군 모델별 보조금,2024,산청군
화물(소형),한국상용트럭,한국상용1톤롱바디EV카고트럭,818,418.0,1236.0,2024년도 전기자동차 산청군 모델별 보조금,2024,산청군
화물(소형),한국상용트럭,한국상용0.9톤롱바디EV내장탑트럭,593,302.0,895.0,2024년도 전기자동차 산청군 모델별 보조금,2024,산청군
화물(소형),센트로에이케이,E-CV1,282,252.0,534.0,2024년도 전기자동차 산청군 모델별 보조금,2024,산청군
화물(소형),파츠몰에이투지,SW40,412,210.0,622.0,2024년도 전기자동차 산청군 모델별 보조금,2024,산청군
화물(소형),이브이앤솔루션,STEGO-Z,540,276.0,816.0,2024년도 전기자동차 산청군 모델별 보조금,2024,산청군
화물(초소형),마스타전기차,MASTA VAN,400,200.0,600.0,2024년도 전기자동차 함양군 모델별 보조금,2024,함양군
화물(초소형),마스타전기차,MASTA HIM,400,200.0,600.0,2024년도 전기자동차 함양군 모델별 보조금,2024,함양군
화물(초소형),디피코,포트로-탑,400,200.0,600.0,2024년도 전기자동차 함양군 모델별 보조금,2024,함양군
화물(초소형),디피코,포트로-픽업,400,200.0,600.0,2024년도 전기자동차 함양군 모델별 보조금,2024,함양군
화물(초소형),디피코,포트로-탑S,400,200.0,600.0,2024년도 전기자동차 함양군 모델별 보조금,2024,함양군
화물(초소형),디피코,포트로-픽업S,400,200.0,600.0,2024년도 전기자동차 함양군 모델별 보조금,2024,함양군
화물(초소형),마이브,베프,400,200.0,600.0,2024년도 전기자동차 함양군 모델별 보조금,2024,함양군
화물(경형),디피코,포트로350L-탑,788,394.0,1182.0,2024년도 전기자동차 함양군 모델별 보조금,2024,함양군
화물(경형),디피코,포트로350L-픽업,788,394.0,1182.0,2024년도 전기자동차 함양군 모델별 보조금,2024,함양군
화물(소형),파워프라자,봉고3ev PEACE,554,284.0,838.0,2024년도 전기자동차 함양군 모델별 보조금,2024,함양군
화물(소형),파워프라자,봉고3ev PEACE 더블캡,481,246.0,727.0,2024년도 전기자동차 함양군 모델별 보조금,2024,함양군
화물(소형),현대자동차,포터Ⅱ 일렉트릭(23MY),1090,536.0,1626.0,2024년도 전기자동차 함양군 모델별 보조금,2024,함양군
화물(소형),현대자동차,포터Ⅱ 일렉트릭(24MY),1090,536.0,1626.0,2024년도 전기자동차 함양군 모델별 보조금,2024,함양군
화물(소형),현대자동차,ST1 기본형 카고 17인치,1100,560.0,1660.0,2024년도 전기자동차 함양군 모델별 보조금,2024,함양군
화물(소형),현대자동차,ST1 기본형 카고 냉동 17인치,1450,560.0,2010.0,2024년도 전기자동차 함양군 모델별 보조금,2024,함양군
화물(소형),현대자동차,ST1 기본형 하이탑 17인치,1100,560.0,1660.0,2024년도 전기자동차 함양군 모델별 보조금,2024,함양군
화물(소형),기아,봉고 전기차,1130,536.0,1666.0,2024년도 전기자동차 함양군 모델별 보조금,2024,함양군
화물(소형),기아,봉고 전기차 냉동탑차,1330,560.0,1890.0,2024년도 전기자동차 함양군 모델별 보조금,2024,함양군
화물(소형),기아,봉고 전기차 저상형 냉동탑차,1330,560.0,1890.0,2024년도 전기자동차 함양군 모델별 보조금,2024,함양군
화물(소형),일진정공,일진무시동전기냉동탑차(149.9km),916,468.0,1384.0,2024년도 전기자동차 함양군 모델별 보조금,2024,함양군
화물(소형),일진정공,일진무시동전기냉동탑차(186.1km),1169,560.0,1729.0,2024년도 전기자동차 함양군 모델별 보조금,2024,함양군
화물(소형),일진정공,일진무시동전기냉동탑차(봉고),1379,560.0,1939.0,2024년도 전기자동차 함양군 모델별 보조금,2024,함양군
화물(소형),일진정공,일진무시동전기냉동탑차(포터),1363,560.0,1923.0,2024년도 전기자동차 함양군 모델별 보조금,2024,함양군
화물(소형),루트17,다니고C(0.8톤 전기트럭),1068,498.0,1566.0,2024년도 전기자동차 함양군 모델별 보조금,2024,함양군
화물(소형),루트17,다니고C2(0.8톤 전기트럭),268,138.0,406.0,2024년도 전기자동차 함양군 모델별 보조금,2024,함양군
화물(소형),루트17,다니고R(전기냉동탑차),1224,560.0,1784.0,2024년도 전기자동차 함양군 모델별 보조금,2024,함양군
화물(소형),루트17,다니고R2(무시동 전기냉동탑차),1123,538.0,1661.0,2024년도 전기자동차 함양군 모델별 보조금,2024,함양군
화물(소형),루트17,e-TOVI,464,238.0,702.0,2024년도 전기자동차 함양군 모델별 보조금,2024,함양군
화물(소형),이브이케이엠씨,MASADA 픽업,295,152.0,447.0,2024년도 전기자동차 함양군 모델별 보조금,2024,함양군
화물(소형),이브이케이엠씨,MASADA 3세대 2밴,274,140.0,414.0,2024년도 전기자동차 함양군 모델별 보조금,2024,함양군
화물(소형),이브이케이엠씨,MASADA 3세대 4밴,246,126.0,372.0,2024년도 전기자동차 함양군 모델별 보조금,2024,함양군
화물(소형),이브이케이엠씨,MASADA 2밴,299,154.0,453.0,2024년도 전기자동차 함양군 모델별 보조금,2024,함양군
화물(소형),이브이케이엠씨,MASADA 4밴,269,138.0,407.0,2024년도 전기자동차 함양군 모델별 보조금,2024,함양군
화물(소형),이브이케이엠씨,EC35 2밴,194,100.0,294.0,2024년도 전기자동차 함양군 모델별 보조금,2024,함양군
화물(소형),제이스모빌리티,이티밴,405,208.0,613.0,2024년도 전기자동차 함양군 모델별 보조금,2024,함양군
화물(소형),제이스모빌리티,이티4밴,364,186.0,550.0,2024년도 전기자동차 함양군 모델별 보조금,2024,함양군
화물(소형),제이스모빌리티,이티밴 미니 2인승,412,210.0,622.0,2024년도 전기자동차 함양군 모델별 보조금,2024,함양군
화물(소형),제이스모빌리티,이티밴 미니 4인승,412,210.0,622.0,2024년도 전기자동차 함양군 모델별 보조금,2024,함양군
화물(소형),제이스모빌리티,이티밴 프로 2인승,412,210.0,622.0,2024년도 전기자동차 함양군 모델별 보조금,2024,함양군
화물(소형),제이스모빌리티,이티밴 프로 4인승,412,210.0,622.0,2024년도 전기자동차 함양군 모델별 보조금,2024,함양군
화물(소형),오텍,오텍 무시동 전기 냉동탑차(봉고),1118,560.0,1678.0,2024년도 전기자동차 함양군 모델별 보조금,2024,함양군
화물(소형),이엔플러스,이엔1톤롱바디카고,850,434.0,1284.0,2024년도 전기자동차 함양군 모델별 보조금,2024,함양군
화물(소형),이엔플러스,이엔플러스EV1톤롱바디트럭,895,434.0,1329.0,2024년도 전기자동차 함양군 모델별 보조금,2024,함양군
화물(소형),GS글로벌,T4K,462,236.0,698.0,2024년도 전기자동차 함양군 모델별 보조금,2024,함양군
화물(소형),GS글로벌,T4K 냉동탑차,711,362.0,1073.0,2024년도 전기자동차 함양군 모델별 보조금,2024,함양군
화물(소형),에스에스라이트,젤라,336,172.0,508.0,2024년도 전기자동차 함양군 모델별 보조금,2024,함양군
화물(소형),에스에스라이트,젤라 P200,478,244.0,722.0,2024년도 전기자동차 함양군 모델별 보조금,2024,함양군
화물(소형),한국쓰리축,한국쓰리축1톤롱바디EV트럭(봉고),837,428.0,1265.0,2024년도 전기자동차 함양군 모델별 보조금,2024,함양군
화물(소형),한국쓰리축,한국쓰리축1톤롱바디EV트럭(포터),855,436.0,1291.0,2024년도 전기자동차 함양군 모델별 보조금,2024,함양군
화물(소형),모빌리티네트웍스,SE-A2밴,333,170.0,503.0,2024년도 전기자동차 함양군 모델별 보조금,2024,함양군
화물(소형),피닉스코리아,썬라이즈-T01,412,210.0,622.0,2024년도 전기자동차 함양군 모델별 보조금,2024,함양군
화물(소형),케이지모빌리티,토레스 EVX VAN 20인치,392,350.0,742.0,2024년도 전기자동차 함양군 모델별 보조금,2024,함양군
화물(소형),케이지모빌리티,토레스 EVX VAN 18인치,394,352.0,746.0,2024년도 전기자동차 함양군 모델별 보조금,2024,함양군
화물(소형),한국상용트럭,한국상용1톤롱바디EV카고트럭,818,418.0,1236.0,2024년도 전기자동차 함양군 모델별 보조금,2024,함양군
화물(소형),한국상용트럭,한국상용0.9톤롱바디EV내장탑트럭,593,302.0,895.0,2024년도 전기자동차 함양군 모델별 보조금,2024,함양군
화물(소형),센트로에이케이,E-CV1,282,252.0,534.0,2024년도 전기자동차 함양군 모델별 보조금,2024,함양군
화물(소형),파츠몰에이투지,SW40,412,210.0,622.0,2024년도 전기자동차 함양군 모델별 보조금,2024,함양군
화물(소형),이브이앤솔루션,STEGO-Z,540,276.0,816.0,2024년도 전기자동차 함양군 모델별 보조금,2024,함양군
화물(초소형),마스타전기차,MASTA VAN,400,406.0,806.0,2024년도 전기자동차 거창군 모델별 보조금,2024,거창군
화물(초소형),마스타전기차,MASTA HIM,400,406.0,806.0,2024년도 전기자동차 거창군 모델별 보조금,2024,거창군
화물(초소형),디피코,포트로-탑,400,406.0,806.0,2024년도 전기자동차 거창군 모델별 보조금,2024,거창군
화물(초소형),디피코,포트로-픽업,400,406.0,806.0,2024년도 전기자동차 거창군 모델별 보조금,2024,거창군
화물(초소형),디피코,포트로-탑S,400,406.0,806.0,2024년도 전기자동차 거창군 모델별 보조금,2024,거창군
화물(초소형),디피코,포트로-픽업S,400,406.0,806.0,2024년도 전기자동차 거창군 모델별 보조금,2024,거창군
화물(초소형),마이브,베프,400,406.0,806.0,2024년도 전기자동차 거창군 모델별 보조금,2024,거창군
화물(경형),디피코,포트로350L-탑,788,799.0,1587.0,2024년도 전기자동차 거창군 모델별 보조금,2024,거창군
화물(경형),디피코,포트로350L-픽업,788,799.0,1587.0,2024년도 전기자동차 거창군 모델별 보조금,2024,거창군
화물(소형),파워프라자,봉고3ev PEACE,554,569.0,1123.0,2024년도 전기자동차 거창군 모델별 보조금,2024,거창군
화물(소형),파워프라자,봉고3ev PEACE 더블캡,481,494.0,975.0,2024년도 전기자동차 거창군 모델별 보조금,2024,거창군
화물(소형),현대자동차,포터Ⅱ 일렉트릭(23MY),1090,1078.0,2168.0,2024년도 전기자동차 거창군 모델별 보조금,2024,거창군
화물(소형),현대자동차,포터Ⅱ 일렉트릭(24MY),1090,1078.0,2168.0,2024년도 전기자동차 거창군 모델별 보조금,2024,거창군
화물(소형),현대자동차,ST1 기본형 카고 17인치,1100,1130.0,2230.0,2024년도 전기자동차 거창군 모델별 보조금,2024,거창군
화물(소형),현대자동차,ST1 기본형 카고 냉동 17인치,1450,1130.0,2580.0,2024년도 전기자동차 거창군 모델별 보조금,2024,거창군
화물(소형),현대자동차,ST1 기본형 하이탑 17인치,1100,1130.0,2230.0,2024년도 전기자동차 거창군 모델별 보조금,2024,거창군
화물(소형),기아,봉고 전기차,1130,1078.0,2208.0,2024년도 전기자동차 거창군 모델별 보조금,2024,거창군
화물(소형),기아,봉고 전기차 냉동탑차,1330,1130.0,2460.0,2024년도 전기자동차 거창군 모델별 보조금,2024,거창군
화물(소형),기아,봉고 전기차 저상형 냉동탑차,1330,1130.0,2460.0,2024년도 전기자동차 거창군 모델별 보조금,2024,거창군
화물(소형),일진정공,일진무시동전기냉동탑차(149.9km),916,940.0,1856.0,2024년도 전기자동차 거창군 모델별 보조금,2024,거창군
화물(소형),일진정공,일진무시동전기냉동탑차(186.1km),1169,1130.0,2299.0,2024년도 전기자동차 거창군 모델별 보조금,2024,거창군
화물(소형),일진정공,일진무시동전기냉동탑차(봉고),1379,1130.0,2509.0,2024년도 전기자동차 거창군 모델별 보조금,2024,거창군
화물(소형),일진정공,일진무시동전기냉동탑차(포터),1363,1130.0,2493.0,2024년도 전기자동차 거창군 모델별 보조금,2024,거창군
화물(소형),루트17,다니고C(0.8톤 전기트럭),1068,1001.0,2069.0,2024년도 전기자동차 거창군 모델별 보조금,2024,거창군
화물(소형),루트17,다니고C2(0.8톤 전기트럭),268,275.0,543.0,2024년도 전기자동차 거창군 모델별 보조금,2024,거창군
화물(소형),루트17,다니고R(전기냉동탑차),1224,1130.0,2354.0,2024년도 전기자동차 거창군 모델별 보조금,2024,거창군
화물(소형),루트17,다니고R2(무시동 전기냉동탑차),1123,1083.0,2206.0,2024년도 전기자동차 거창군 모델별 보조금,2024,거창군
화물(소형),루트17,e-TOVI,464,476.0,940.0,2024년도 전기자동차 거창군 모델별 보조금,2024,거창군
화물(소형),이브이케이엠씨,MASADA 픽업,295,303.0,598.0,2024년도 전기자동차 거창군 모델별 보조금,2024,거창군
화물(소형),이브이케이엠씨,MASADA 3세대 2밴,274,281.0,555.0,2024년도 전기자동차 거창군 모델별 보조금,2024,거창군
화물(소형),이브이케이엠씨,MASADA 3세대 4밴,246,252.0,498.0,2024년도 전기자동차 거창군 모델별 보조금,2024,거창군
화물(소형),이브이케이엠씨,MASADA 2밴,299,307.0,606.0,2024년도 전기자동차 거창군 모델별 보조금,2024,거창군
화물(소형),이브이케이엠씨,MASADA 4밴,269,276.0,545.0,2024년도 전기자동차 거창군 모델별 보조금,2024,거창군
화물(소형),이브이케이엠씨,EC35 2밴,194,199.0,393.0,2024년도 전기자동차 거창군 모델별 보조금,2024,거창군
화물(소형),제이스모빌리티,이티밴,405,416.0,821.0,2024년도 전기자동차 거창군 모델별 보조금,2024,거창군
화물(소형),제이스모빌리티,이티4밴,364,373.0,737.0,2024년도 전기자동차 거창군 모델별 보조금,2024,거창군
화물(소형),제이스모빌리티,이티밴 미니 2인승,412,423.0,835.0,2024년도 전기자동차 거창군 모델별 보조금,2024,거창군
화물(소형),제이스모빌리티,이티밴 미니 4인승,412,423.0,835.0,2024년도 전기자동차 거창군 모델별 보조금,2024,거창군
화물(소형),제이스모빌리티,이티밴 프로 2인승,412,423.0,835.0,2024년도 전기자동차 거창군 모델별 보조금,2024,거창군
화물(소형),제이스모빌리티,이티밴 프로 4인승,412,423.0,835.0,2024년도 전기자동차 거창군 모델별 보조금,2024,거창군
화물(소형),오텍,오텍 무시동 전기 냉동탑차(봉고),1118,1130.0,2248.0,2024년도 전기자동차 거창군 모델별 보조금,2024,거창군
화물(소형),이엔플러스,이엔1톤롱바디카고,850,873.0,1723.0,2024년도 전기자동차 거창군 모델별 보조금,2024,거창군
화물(소형),이엔플러스,이엔플러스EV1톤롱바디트럭,895,919.0,1814.0,2024년도 전기자동차 거창군 모델별 보조금,2024,거창군
화물(소형),GS글로벌,T4K,462,474.0,936.0,2024년도 전기자동차 거창군 모델별 보조금,2024,거창군
화물(소형),GS글로벌,T4K 냉동탑차,711,730.0,1441.0,2024년도 전기자동차 거창군 모델별 보조금,2024,거창군
화물(소형),에스에스라이트,젤라,336,345.0,681.0,2024년도 전기자동차 거창군 모델별 보조금,2024,거창군
화물(소형),에스에스라이트,젤라 P200,478,491.0,969.0,2024년도 전기자동차 거창군 모델별 보조금,2024,거창군
화물(소형),한국쓰리축,한국쓰리축1톤롱바디EV트럭(봉고),837,859.0,1696.0,2024년도 전기자동차 거창군 모델별 보조금,2024,거창군
화물(소형),한국쓰리축,한국쓰리축1톤롱바디EV트럭(포터),855,878.0,1733.0,2024년도 전기자동차 거창군 모델별 보조금,2024,거창군
화물(소형),모빌리티네트웍스,SE-A2밴,333,342.0,675.0,2024년도 전기자동차 거창군 모델별 보조금,2024,거창군
화물(소형),피닉스코리아,썬라이즈-T01,412,423.0,835.0,2024년도 전기자동차 거창군 모델별 보조금,2024,거창군
화물(소형),케이지모빌리티,토레스 EVX VAN 20인치,392,402.0,794.0,2024년도 전기자동차 거창군 모델별 보조금,2024,거창군
화물(소형),케이지모빌리티,토레스 EVX VAN 18인치,394,404.0,798.0,2024년도 전기자동차 거창군 모델별 보조금,2024,거창군
화물(소형),한국상용트럭,한국상용1톤롱바디EV카고트럭,818,840.0,1658.0,2024년도 전기자동차 거창군 모델별 보조금,2024,거창군
화물(소형),한국상용트럭,한국상용0.9톤롱바디EV내장탑트럭,593,609.0,1202.0,2024년도 전기자동차 거창군 모델별 보조금,2024,거창군
화물(소형),센트로에이케이,E-CV1,282,289.0,571.0,2024년도 전기자동차 거창군 모델별 보조금,2024,거창군
화물(소형),파츠몰에이투지,SW40,412,423.0,835.0,2024년도 전기자동차 거창군 모델별 보조금,2024,거창군
화물(소형),이브이앤솔루션,STEGO-Z,540,554.0,1094.0,2024년도 전기자동차 거창군 모델별 보조금,2024,거창군
화물(초소형),마스타전기차,MASTA VAN,400,100.0,500.0,2024년도 전기자동차 합천군 모델별 보조금,2024,합천군
화물(초소형),마스타전기차,MASTA HIM,400,100.0,500.0,2024년도 전기자동차 합천군 모델별 보조금,2024,합천군
화물(초소형),디피코,포트로-탑,400,100.0,500.0,2024년도 전기자동차 합천군 모델별 보조금,2024,합천군
화물(초소형),디피코,포트로-픽업,400,100.0,500.0,2024년도 전기자동차 합천군 모델별 보조금,2024,합천군
화물(초소형),디피코,포트로-탑S,400,100.0,500.0,2024년도 전기자동차 합천군 모델별 보조금,2024,합천군
화물(초소형),디피코,포트로-픽업S,400,100.0,500.0,2024년도 전기자동차 합천군 모델별 보조금,2024,합천군
화물(초소형),마이브,베프,400,100.0,500.0,2024년도 전기자동차 합천군 모델별 보조금,2024,합천군
화물(경형),디피코,포트로350L-탑,788,733.0,1521.0,2024년도 전기자동차 합천군 모델별 보조금,2024,합천군
화물(경형),디피코,포트로350L-픽업,788,733.0,1521.0,2024년도 전기자동차 합천군 모델별 보조금,2024,합천군
화물(소형),파워프라자,봉고3ev PEACE,554,518.0,1072.0,2024년도 전기자동차 합천군 모델별 보조금,2024,합천군
화물(소형),파워프라자,봉고3ev PEACE 더블캡,481,450.0,931.0,2024년도 전기자동차 합천군 모델별 보조금,2024,합천군
화물(소형),현대자동차,포터Ⅱ 일렉트릭(23MY),1090,983.0,2073.0,2024년도 전기자동차 합천군 모델별 보조금,2024,합천군
화물(소형),현대자동차,포터Ⅱ 일렉트릭(24MY),1090,983.0,2073.0,2024년도 전기자동차 합천군 모델별 보조금,2024,합천군
화물(소형),현대자동차,ST1 기본형 카고 17인치,1100,1030.0,2130.0,2024년도 전기자동차 합천군 모델별 보조금,2024,합천군
화물(소형),현대자동차,ST1 기본형 카고 냉동 17인치,1450,1030.0,2480.0,2024년도 전기자동차 합천군 모델별 보조금,2024,합천군
화물(소형),기아,봉고 전기차,1130,983.0,2113.0,2024년도 전기자동차 합천군 모델별 보조금,2024,합천군
화물(소형),기아,봉고 전기차 냉동탑차,1330,1030.0,2360.0,2024년도 전기자동차 합천군 모델별 보조금,2024,합천군
화물(소형),기아,봉고 전기차 저상형 냉동탑차,1330,1030.0,2360.0,2024년도 전기자동차 합천군 모델별 보조금,2024,합천군
화물(소형),일진정공,일진무시동전기냉동탑차(149.9km),916,857.0,1773.0,2024년도 전기자동차 합천군 모델별 보조금,2024,합천군
화물(소형),일진정공,일진무시동전기냉동탑차(186.1km),1169,1030.0,2199.0,2024년도 전기자동차 합천군 모델별 보조금,2024,합천군
화물(소형),일진정공,일진무시동전기냉동탑차(봉고),1379,1030.0,2409.0,2024년도 전기자동차 합천군 모델별 보조금,2024,합천군
화물(소형),일진정공,일진무시동전기냉동탑차(포터),1363,1030.0,2393.0,2024년도 전기자동차 합천군 모델별 보조금,2024,합천군
화물(소형),루트17,다니고C(0.8톤 전기트럭),1068,912.0,1980.0,2024년도 전기자동차 합천군 모델별 보조금,2024,합천군
화물(소형),루트17,다니고C2(0.8톤 전기트럭),268,250.0,518.0,2024년도 전기자동차 합천군 모델별 보조금,2024,합천군
화물(소형),루트17,다니고R(전기냉동탑차),1224,1030.0,2254.0,2024년도 전기자동차 합천군 모델별 보조금,2024,합천군
화물(소형),루트17,다니고R2(무시동 전기냉동탑차),1123,987.0,2110.0,2024년도 전기자동차 합천군 모델별 보조금,2024,합천군
화물(소형),루트17,e-TOVI,464,434.0,898.0,2024년도 전기자동차 합천군 모델별 보조금,2024,합천군
화물(소형),이브이케이엠씨,MASADA 픽업,295,276.0,571.0,2024년도 전기자동차 합천군 모델별 보조금,2024,합천군
화물(소형),이브이케이엠씨,MASADA 3세대 2밴,274,256.0,530.0,2024년도 전기자동차 합천군 모델별 보조금,2024,합천군
화물(소형),이브이케이엠씨,MASADA 3세대 4밴,246,230.0,476.0,2024년도 전기자동차 합천군 모델별 보조금,2024,합천군
화물(소형),이브이케이엠씨,MASADA 2밴,299,279.0,578.0,2024년도 전기자동차 합천군 모델별 보조금,2024,합천군
화물(소형),이브이케이엠씨,MASADA 4밴,269,251.0,520.0,2024년도 전기자동차 합천군 모델별 보조금,2024,합천군
화물(소형),이브이케이엠씨,EC35 2밴,194,181.0,375.0,2024년도 전기자동차 합천군 모델별 보조금,2024,합천군
화물(소형),제이스모빌리티,이티밴,405,379.0,784.0,2024년도 전기자동차 합천군 모델별 보조금,2024,합천군
화물(소형),제이스모빌리티,이티4밴,364,340.0,704.0,2024년도 전기자동차 합천군 모델별 보조금,2024,합천군
화물(소형),제이스모빌리티,이티밴 미니 2인승,412,385.0,797.0,2024년도 전기자동차 합천군 모델별 보조금,2024,합천군
화물(소형),제이스모빌리티,이티밴 미니 4인승,412,385.0,797.0,2024년도 전기자동차 합천군 모델별 보조금,2024,합천군
화물(소형),제이스모빌리티,이티밴 프로 2인승,412,385.0,797.0,2024년도 전기자동차 합천군 모델별 보조금,2024,합천군
화물(소형),제이스모빌리티,이티밴 프로 4인승,412,385.0,797.0,2024년도 전기자동차 합천군 모델별 보조금,2024,합천군
화물(소형),오텍,오텍 무시동 전기 냉동탑차(봉고),1118,1030.0,2148.0,2024년도 전기자동차 합천군 모델별 보조금,2024,합천군
화물(소형),이엔플러스,이엔1톤롱바디카고,850,795.0,1645.0,2024년도 전기자동차 합천군 모델별 보조금,2024,합천군
화물(소형),이엔플러스,이엔플러스EV1톤롱바디트럭,895,838.0,1733.0,2024년도 전기자동차 합천군 모델별 보조금,2024,합천군
화물(소형),GS글로벌,T4K,462,432.0,894.0,2024년도 전기자동차 합천군 모델별 보조금,2024,합천군
화물(소형),GS글로벌,T4K 냉동탑차,711,665.0,1376.0,2024년도 전기자동차 합천군 모델별 보조금,2024,합천군
화물(소형),에스에스라이트,젤라,336,314.0,650.0,2024년도 전기자동차 합천군 모델별 보조금,2024,합천군
화물(소형),에스에스라이트,젤라 P200,478,447.0,925.0,2024년도 전기자동차 합천군 모델별 보조금,2024,합천군
화물(소형),한국쓰리축,한국쓰리축1톤롱바디EV트럭(봉고),837,783.0,1620.0,2024년도 전기자동차 합천군 모델별 보조금,2024,합천군
화물(소형),한국쓰리축,한국쓰리축1톤롱바디EV트럭(포터),855,800.0,1655.0,2024년도 전기자동차 합천군 모델별 보조금,2024,합천군
화물(소형),모빌리티네트웍스,SE-A2밴,333,311.0,644.0,2024년도 전기자동차 합천군 모델별 보조금,2024,합천군
화물(소형),피닉스코리아,썬라이즈-T01,412,385.0,797.0,2024년도 전기자동차 합천군 모델별 보조금,2024,합천군
화물(소형),케이지모빌리티,토레스 EVX VAN 20인치,392,367.0,759.0,2024년도 전기자동차 합천군 모델별 보조금,2024,합천군
화물(소형),케이지모빌리티,토레스 EVX VAN 18인치,394,368.0,762.0,2024년도 전기자동차 합천군 모델별 보조금,2024,합천군
화물(소형),한국상용트럭,한국상용1톤롱바디EV카고트럭,818,765.0,1583.0,2024년도 전기자동차 합천군 모델별 보조금,2024,합천군
화물(소형),한국상용트럭,한국상용0.9톤롱바디EV내장탑트럭,593,555.0,1148.0,2024년도 전기자동차 합천군 모델별 보조금,2024,합천군
화물(소형),센트로에이케이,E-CV1,282,264.0,546.0,2024년도 전기자동차 합천군 모델별 보조금,2024,합천군
화물(소형),파츠몰에이투지,SW40,412,385.0,797.0,2024년도 전기자동차 합천군 모델별 보조금,2024,합천군
화물(소형),이브이앤솔루션,STEGO-Z,540,505.0,1045.0,2024년도 전기자동차 합천군 모델별 보조금,2024,합천군
화물(초소형),마스타전기차,MASTA VAN,400,400.0,800.0,2024년도 전기자동차 제주특별자치도 모델별 보조금,2024,제주특별자치도
화물(초소형),마스타전기차,MASTA HIM,400,400.0,800.0,2024년도 전기자동차 제주특별자치도 모델별 보조금,2024,제주특별자치도
화물(초소형),디피코,포트로-탑,400,400.0,800.0,2024년도 전기자동차 제주특별자치도 모델별 보조금,2024,제주특별자치도
화물(초소형),디피코,포트로-픽업,400,400.0,800.0,2024년도 전기자동차 제주특별자치도 모델별 보조금,2024,제주특별자치도
화물(초소형),디피코,포트로-탑S,400,400.0,800.0,2024년도 전기자동차 제주특별자치도 모델별 보조금,2024,제주특별자치도
화물(초소형),디피코,포트로-픽업S,400,400.0,800.0,2024년도 전기자동차 제주특별자치도 모델별 보조금,2024,제주특별자치도
화물(초소형),마이브,베프,400,0.0,400.0,2024년도 전기자동차 제주특별자치도 모델별 보조금,2024,제주특별자치도
화물(경형),디피코,포트로350L-탑,788,492.0,1280.0,2024년도 전기자동차 제주특별자치도 모델별 보조금,2024,제주특별자치도
화물(경형),디피코,포트로350L-픽업,788,492.0,1280.0,2024년도 전기자동차 제주특별자치도 모델별 보조금,2024,제주특별자치도
화물(소형),파워프라자,봉고3ev PEACE,554,251.0,805.0,2024년도 전기자동차 제주특별자치도 모델별 보조금,2024,제주특별자치도
화물(소형),파워프라자,봉고3ev PEACE 더블캡,481,218.0,699.0,2024년도 전기자동차 제주특별자치도 모델별 보조금,2024,제주특별자치도
화물(소형),현대자동차,포터Ⅱ 일렉트릭(23MY),1090,477.0,1567.0,2024년도 전기자동차 제주특별자치도 모델별 보조금,2024,제주특별자치도
화물(소형),현대자동차,포터Ⅱ 일렉트릭(24MY),1090,477.0,1567.0,2024년도 전기자동차 제주특별자치도 모델별 보조금,2024,제주특별자치도
화물(소형),현대자동차,ST1 기본형 카고 17인치,1100,500.0,1600.0,2024년도 전기자동차 제주특별자치도 모델별 보조금,2024,제주특별자치도
화물(소형),현대자동차,ST1 기본형 카고 냉동 17인치,1450,659.0,2109.0,2024년도 전기자동차 제주특별자치도 모델별 보조금,2024,제주특별자치도
화물(소형),현대자동차,ST1 기본형 하이탑 17인치,1100,500.0,1600.0,2024년도 전기자동차 제주특별자치도 모델별 보조금,2024,제주특별자치도
화물(소형),기아,봉고 전기차,1130,477.0,1607.0,2024년도 전기자동차 제주특별자치도 모델별 보조금,2024,제주특별자치도
화물(소형),기아,봉고 전기차 냉동탑차,1330,572.0,1902.0,2024년도 전기자동차 제주특별자치도 모델별 보조금,2024,제주특별자치도
화물(소형),기아,봉고 전기차 저상형 냉동탑차,1330,572.0,1902.0,2024년도 전기자동차 제주특별자치도 모델별 보조금,2024,제주특별자치도
화물(소형),일진정공,일진무시동전기냉동탑차(149.9km),916,416.0,1332.0,2024년도 전기자동차 제주특별자치도 모델별 보조금,2024,제주특별자치도
화물(소형),일진정공,일진무시동전기냉동탑차(186.1km),1169,531.0,1700.0,2024년도 전기자동차 제주특별자치도 모델별 보조금,2024,제주특별자치도
화물(소형),일진정공,일진무시동전기냉동탑차(봉고),1379,593.0,1972.0,2024년도 전기자동차 제주특별자치도 모델별 보조금,2024,제주특별자치도
화물(소형),일진정공,일진무시동전기냉동탑차(포터),1363,586.0,1949.0,2024년도 전기자동차 제주특별자치도 모델별 보조금,2024,제주특별자치도
화물(소형),루트17,다니고C(0.8톤 전기트럭),1068,443.0,1511.0,2024년도 전기자동차 제주특별자치도 모델별 보조금,2024,제주특별자치도
화물(소형),루트17,다니고C2(0.8톤 전기트럭),268,121.0,389.0,2024년도 전기자동차 제주특별자치도 모델별 보조금,2024,제주특별자치도
화물(소형),루트17,다니고R(전기냉동탑차),1224,521.0,1745.0,2024년도 전기자동차 제주특별자치도 모델별 보조금,2024,제주특별자치도
화물(소형),루트17,다니고R2(무시동 전기냉동탑차),1123,479.0,1602.0,2024년도 전기자동차 제주특별자치도 모델별 보조금,2024,제주특별자치도
화물(소형),루트17,e-TOVI,464,210.0,674.0,2024년도 전기자동차 제주특별자치도 모델별 보조금,2024,제주특별자치도
화물(소형),이브이케이엠씨,MASADA 픽업,295,134.0,429.0,2024년도 전기자동차 제주특별자치도 모델별 보조금,2024,제주특별자치도
화물(소형),이브이케이엠씨,MASADA 3세대 2밴,274,124.0,398.0,2024년도 전기자동차 제주특별자치도 모델별 보조금,2024,제주특별자치도
화물(소형),이브이케이엠씨,MASADA 3세대 4밴,246,111.0,357.0,2024년도 전기자동차 제주특별자치도 모델별 보조금,2024,제주특별자치도
화물(소형),이브이케이엠씨,MASADA 2밴,299,135.0,434.0,2024년도 전기자동차 제주특별자치도 모델별 보조금,2024,제주특별자치도
화물(소형),이브이케이엠씨,MASADA 4밴,269,122.0,391.0,2024년도 전기자동차 제주특별자치도 모델별 보조금,2024,제주특별자치도
화물(소형),이브이케이엠씨,EC35 2밴,194,88.0,282.0,2024년도 전기자동차 제주특별자치도 모델별 보조금,2024,제주특별자치도
화물(소형),제이스모빌리티,이티밴,405,184.0,589.0,2024년도 전기자동차 제주특별자치도 모델별 보조금,2024,제주특별자치도
화물(소형),제이스모빌리티,이티4밴,364,165.0,529.0,2024년도 전기자동차 제주특별자치도 모델별 보조금,2024,제주특별자치도
화물(소형),제이스모빌리티,이티밴 미니 2인승,412,187.0,599.0,2024년도 전기자동차 제주특별자치도 모델별 보조금,2024,제주특별자치도
화물(소형),제이스모빌리티,이티밴 미니 4인승,412,187.0,599.0,2024년도 전기자동차 제주특별자치도 모델별 보조금,2024,제주특별자치도
화물(소형),제이스모빌리티,이티밴 프로 2인승,412,187.0,599.0,2024년도 전기자동차 제주특별자치도 모델별 보조금,2024,제주특별자치도
화물(소형),제이스모빌리티,이티밴 프로 4인승,412,187.0,599.0,2024년도 전기자동차 제주특별자치도 모델별 보조금,2024,제주특별자치도
화물(소형),오텍,오텍 무시동 전기 냉동탑차(봉고),1118,508.0,1626.0,2024년도 전기자동차 제주특별자치도 모델별 보조금,2024,제주특별자치도
화물(소형),이엔플러스,이엔1톤롱바디카고,850,386.0,1236.0,2024년도 전기자동차 제주특별자치도 모델별 보조금,2024,제주특별자치도
화물(소형),이엔플러스,이엔플러스EV1톤롱바디트럭,895,406.0,1301.0,2024년도 전기자동차 제주특별자치도 모델별 보조금,2024,제주특별자치도
화물(소형),GS글로벌,T4K,462,210.0,672.0,2024년도 전기자동차 제주특별자치도 모델별 보조금,2024,제주특별자치도
화물(소형),GS글로벌,T4K 냉동탑차,711,323.0,1034.0,2024년도 전기자동차 제주특별자치도 모델별 보조금,2024,제주특별자치도
화물(소형),에스에스라이트,젤라,336,152.0,488.0,2024년도 전기자동차 제주특별자치도 모델별 보조금,2024,제주특별자치도
화물(소형),에스에스라이트,젤라 P200,478,217.0,695.0,2024년도 전기자동차 제주특별자치도 모델별 보조금,2024,제주특별자치도
화물(소형),한국쓰리축,한국쓰리축1톤롱바디EV트럭(봉고),837,380.0,1217.0,2024년도 전기자동차 제주특별자치도 모델별 보조금,2024,제주특별자치도
화물(소형),한국쓰리축,한국쓰리축1톤롱바디EV트럭(포터),855,388.0,1243.0,2024년도 전기자동차 제주특별자치도 모델별 보조금,2024,제주특별자치도
화물(소형),모빌리티네트웍스,SE-A2밴,333,151.0,484.0,2024년도 전기자동차 제주특별자치도 모델별 보조금,2024,제주특별자치도
화물(소형),피닉스코리아,썬라이즈-T01,412,187.0,599.0,2024년도 전기자동차 제주특별자치도 모델별 보조금,2024,제주특별자치도
화물(소형),케이지모빌리티,토레스 EVX VAN 20인치,392,241.0,633.0,2024년도 전기자동차 제주특별자치도 모델별 보조금,2024,제주특별자치도
화물(소형),케이지모빌리티,토레스 EVX VAN 18인치,394,242.0,636.0,2024년도 전기자동차 제주특별자치도 모델별 보조금,2024,제주특별자치도
화물(소형),한국상용트럭,한국상용1톤롱바디EV카고트럭,818,371.0,1189.0,2024년도 전기자동차 제주특별자치도 모델별 보조금,2024,제주특별자치도
화물(소형),한국상용트럭,한국상용0.9톤롱바디EV내장탑트럭,593,269.0,862.0,2024년도 전기자동차 제주특별자치도 모델별 보조금,2024,제주특별자치도
화물(소형),센트로에이케이,E-CV1,282,128.0,410.0,2024년도 전기자동차 제주특별자치도 모델별 보조금,2024,제주특별자치도
화물(소형),파츠몰에이투지,SW40,412,187.0,599.0,2024년도 전기자동차 제주특별자치도 모델별 보조금,2024,제주특별자치도
화물(소형),이브이앤솔루션,STEGO-Z,540,245.0,785.0,2024년도 전기자동차 제주특별자치도 모델별 보조금,2024,제주특별자치도
화물(초소형),마스타전기차,MASTA VAN,400,0.0,400.0,2024년도 전기자동차 한국환경공단 모델별 보조금,2024,한국환경공단
화물(초소형),마스타전기차,MASTA HIM,400,0.0,400.0,2024년도 전기자동차 한국환경공단 모델별 보조금,2024,한국환경공단
화물(초소형),디피코,포트로-탑,400,0.0,400.0,2024년도 전기자동차 한국환경공단 모델별 보조금,2024,한국환경공단
화물(초소형),디피코,포트로-픽업,400,0.0,400.0,2024년도 전기자동차 한국환경공단 모델별 보조금,2024,한국환경공단
화물(초소형),디피코,포트로-탑S,400,0.0,400.0,2024년도 전기자동차 한국환경공단 모델별 보조금,2024,한국환경공단
화물(초소형),디피코,포트로-픽업S,400,0.0,400.0,2024년도 전기자동차 한국환경공단 모델별 보조금,2024,한국환경공단
화물(초소형),마이브,베프,400,0.0,400.0,2024년도 전기자동차 한국환경공단 모델별 보조금,2024,한국환경공단
화물(경형),디피코,포트로350L-탑,788,0.0,788.0,2024년도 전기자동차 한국환경공단 모델별 보조금,2024,한국환경공단
화물(경형),디피코,포트로350L-픽업,788,0.0,788.0,2024년도 전기자동차 한국환경공단 모델별 보조금,2024,한국환경공단
화물(소형),파워프라자,봉고3ev PEACE,554,0.0,554.0,2024년도 전기자동차 한국환경공단 모델별 보조금,2024,한국환경공단
화물(소형),파워프라자,봉고3ev PEACE 더블캡,481,0.0,481.0,2024년도 전기자동차 한국환경공단 모델별 보조금,2024,한국환경공단
화물(소형),현대자동차,포터Ⅱ 일렉트릭(23MY),1090,0.0,1090.0,2024년도 전기자동차 한국환경공단 모델별 보조금,2024,한국환경공단
화물(소형),현대자동차,포터Ⅱ 일렉트릭(24MY),1090,0.0,1090.0,2024년도 전기자동차 한국환경공단 모델별 보조금,2024,한국환경공단
화물(소형),현대자동차,ST1 기본형 카고 17인치,1100,0.0,1100.0,2024년도 전기자동차 한국환경공단 모델별 보조금,2024,한국환경공단
화물(소형),현대자동차,ST1 기본형 카고 냉동 17인치,1450,0.0,1450.0,2024년도 전기자동차 한국환경공단 모델별 보조금,2024,한국환경공단
화물(소형),현대자동차,ST1 기본형 하이탑 17인치,1100,0.0,1100.0,2024년도 전기자동차 한국환경공단 모델별 보조금,2024,한국환경공단
화물(소형),기아,봉고 전기차,1130,0.0,1130.0,2024년도 전기자동차 한국환경공단 모델별 보조금,2024,한국환경공단
화물(소형),기아,봉고 전기차 냉동탑차,1330,0.0,1330.0,2024년도 전기자동차 한국환경공단 모델별 보조금,2024,한국환경공단
화물(소형),기아,봉고 전기차 저상형 냉동탑차,1330,0.0,1330.0,2024년도 전기자동차 한국환경공단 모델별 보조금,2024,한국환경공단
화물(소형),일진정공,일진무시동전기냉동탑차(149.9km),916,0.0,916.0,2024년도 전기자동차 한국환경공단 모델별 보조금,2024,한국환경공단
화물(소형),일진정공,일진무시동전기냉동탑차(186.1km),1169,0.0,1169.0,2024년도 전기자동차 한국환경공단 모델별 보조금,2024,한국환경공단
화물(소형),일진정공,일진무시동전기냉동탑차(봉고),1379,0.0,1379.0,2024년도 전기자동차 한국환경공단 모델별 보조금,2024,한국환경공단
화물(소형),일진정공,일진무시동전기냉동탑차(포터),1363,0.0,1363.0,2024년도 전기자동차 한국환경공단 모델별 보조금,2024,한국환경공단
화물(소형),루트17,다니고C(0.8톤 전기트럭),1068,0.0,1068.0,2024년도 전기자동차 한국환경공단 모델별 보조금,2024,한국환경공단
화물(소형),루트17,다니고C2(0.8톤 전기트럭),268,0.0,268.0,2024년도 전기자동차 한국환경공단 모델별 보조금,2024,한국환경공단
화물(소형),루트17,다니고R(전기냉동탑차),1224,0.0,1224.0,2024년도 전기자동차 한국환경공단 모델별 보조금,2024,한국환경공단
화물(소형),루트17,다니고R2(무시동 전기냉동탑차),1123,0.0,1123.0,2024년도 전기자동차 한국환경공단 모델별 보조금,2024,한국환경공단
화물(소형),루트17,e-TOVI,464,0.0,464.0,2024년도 전기자동차 한국환경공단 모델별 보조금,2024,한국환경공단
화물(소형),이브이케이엠씨,MASADA 픽업,295,0.0,295.0,2024년도 전기자동차 한국환경공단 모델별 보조금,2024,한국환경공단
화물(소형),이브이케이엠씨,MASADA 3세대 2밴,274,0.0,274.0,2024년도 전기자동차 한국환경공단 모델별 보조금,2024,한국환경공단
화물(소형),이브이케이엠씨,MASADA 3세대 4밴,246,0.0,246.0,2024년도 전기자동차 한국환경공단 모델별 보조금,2024,한국환경공단
화물(소형),이브이케이엠씨,MASADA 2밴,299,0.0,299.0,2024년도 전기자동차 한국환경공단 모델별 보조금,2024,한국환경공단
화물(소형),이브이케이엠씨,MASADA 4밴,269,0.0,269.0,2024년도 전기자동차 한국환경공단 모델별 보조금,2024,한국환경공단
화물(소형),이브이케이엠씨,EC35 2밴,194,0.0,194.0,2024년도 전기자동차 한국환경공단 모델별 보조금,2024,한국환경공단
화물(소형),제이스모빌리티,이티밴,405,0.0,405.0,2024년도 전기자동차 한국환경공단 모델별 보조금,2024,한국환경공단
화물(소형),제이스모빌리티,이티4밴,364,0.0,364.0,2024년도 전기자동차 한국환경공단 모델별 보조금,2024,한국환경공단
화물(소형),제이스모빌리티,이티밴 미니 2인승,412,0.0,412.0,2024년도 전기자동차 한국환경공단 모델별 보조금,2024,한국환경공단
화물(소형),제이스모빌리티,이티밴 미니 4인승,412,0.0,412.0,2024년도 전기자동차 한국환경공단 모델별 보조금,2024,한국환경공단
화물(소형),제이스모빌리티,이티밴 프로 2인승,412,0.0,412.0,2024년도 전기자동차 한국환경공단 모델별 보조금,2024,한국환경공단
화물(소형),제이스모빌리티,이티밴 프로 4인승,412,0.0,412.0,2024년도 전기자동차 한국환경공단 모델별 보조금,2024,한국환경공단
화물(소형),오텍,오텍 무시동 전기 냉동탑차(봉고),1118,0.0,1118.0,2024년도 전기자동차 한국환경공단 모델별 보조금,2024,한국환경공단
화물(소형),이엔플러스,이엔1톤롱바디카고,850,0.0,850.0,2024년도 전기자동차 한국환경공단 모델별 보조금,2024,한국환경공단
화물(소형),이엔플러스,이엔플러스EV1톤롱바디트럭,895,0.0,895.0,2024년도 전기자동차 한국환경공단 모델별 보조금,2024,한국환경공단
화물(소형),GS글로벌,T4K,462,0.0,462.0,2024년도 전기자동차 한국환경공단 모델별 보조금,2024,한국환경공단
화물(소형),GS글로벌,T4K 냉동탑차,711,0.0,711.0,2024년도 전기자동차 한국환경공단 모델별 보조금,2024,한국환경공단
화물(소형),에스에스라이트,젤라,336,0.0,336.0,2024년도 전기자동차 한국환경공단 모델별 보조금,2024,한국환경공단
화물(소형),에스에스라이트,젤라 P200,478,0.0,478.0,2024년도 전기자동차 한국환경공단 모델별 보조금,2024,한국환경공단
화물(소형),한국쓰리축,한국쓰리축1톤롱바디EV트럭(봉고),837,0.0,837.0,2024년도 전기자동차 한국환경공단 모델별 보조금,2024,한국환경공단
화물(소형),한국쓰리축,한국쓰리축1톤롱바디EV트럭(포터),855,0.0,855.0,2024년도 전기자동차 한국환경공단 모델별 보조금,2024,한국환경공단
화물(소형),모빌리티네트웍스,SE-A2밴,333,0.0,333.0,2024년도 전기자동차 한국환경공단 모델별 보조금,2024,한국환경공단
화물(소형),피닉스코리아,썬라이즈-T01,412,0.0,412.0,2024년도 전기자동차 한국환경공단 모델별 보조금,2024,한국환경공단
화물(소형),케이지모빌리티,토레스 EVX VAN 20인치,392,0.0,392.0,2024년도 전기자동차 한국환경공단 모델별 보조금,2024,한국환경공단
화물(소형),케이지모빌리티,토레스 EVX VAN 18인치,394,0.0,394.0,2024년도 전기자동차 한국환경공단 모델별 보조금,2024,한국환경공단
화물(소형),한국상용트럭,한국상용1톤롱바디EV카고트럭,818,0.0,818.0,2024년도 전기자동차 한국환경공단 모델별 보조금,2024,한국환경공단
화물(소형),한국상용트럭,한국상용0.9톤롱바디EV내장탑트럭,593,0.0,593.0,2024년도 전기자동차 한국환경공단 모델별 보조금,2024,한국환경공단
화물(소형),센트로에이케이,E-CV1,282,0.0,282.0,2024년도 전기자동차 한국환경공단 모델별 보조금,2024,한국환경공단
화물(소형),파츠몰에이투지,SW40,412,0.0,412.0,2024년도 전기자동차 한국환경공단 모델별 보조금,2024,한국환경공단
화물(소형),이브이앤솔루션,STEGO-Z,540,0.0,540.0,2024년도 전기자동차 한국환경공단 모델별 보조금,2024,한국환경공단
화물(초소형),마스타전기차,MASTA VAN,400,200.0,600.0,2024년도 전기자동차 서울특별시 모델별 보조금,2024,서울특별시
화물(초소형),마스타전기차,MASTA HIM,400,200.0,600.0,2024년도 전기자동차 서울특별시 모델별 보조금,2024,서울특별시
화물(초소형),디피코,포트로-탑,400,200.0,600.0,2024년도 전기자동차 서울특별시 모델별 보조금,2024,서울특별시
화물(초소형),디피코,포트로-픽업,400,200.0,600.0,2024년도 전기자동차 서울특별시 모델별 보조금,2024,서울특별시
화물(초소형),디피코,포트로-탑S,400,250.0,650.0,2024년도 전기자동차 서울특별시 모델별 보조금,2024,서울특별시
화물(초소형),디피코,포트로-픽업S,400,250.0,650.0,2024년도 전기자동차 서울특별시 모델별 보조금,2024,서울특별시
화물(초소형),마이브,베프,400,200.0,600.0,2024년도 전기자동차 서울특별시 모델별 보조금,2024,서울특별시
화물(경형),디피코,포트로350L-탑,788,365.0,1153.0,2024년도 전기자동차 서울특별시 모델별 보조금,2024,서울특별시
화물(경형),디피코,포트로350L-픽업,788,365.0,1153.0,2024년도 전기자동차 서울특별시 모델별 보조금,2024,서울특별시
화물(소형),파워프라자,봉고3ev PEACE,554,201.0,755.0,2024년도 전기자동차 서울특별시 모델별 보조금,2024,서울특별시
화물(소형),파워프라자,봉고3ev PEACE 더블캡,481,174.0,655.0,2024년도 전기자동차 서울특별시 모델별 보조금,2024,서울특별시
화물(소형),현대자동차,포터Ⅱ 일렉트릭(23MY),1090,431.0,1521.0,2024년도 전기자동차 서울특별시 모델별 보조금,2024,서울특별시
화물(소형),현대자동차,포터Ⅱ 일렉트릭(24MY),1090,431.0,1521.0,2024년도 전기자동차 서울특별시 모델별 보조금,2024,서울특별시
화물(소형),현대자동차,ST1 기본형 카고 17인치,1100,450.0,1550.0,2024년도 전기자동차 서울특별시 모델별 보조금,2024,서울특별시
화물(소형),현대자동차,ST1 기본형 카고 냉동 17인치,1450,572.0,2022.0,2024년도 전기자동차 서울특별시 모델별 보조금,2024,서울특별시
화물(소형),현대자동차,ST1 기본형 하이탑 17인치,1100,400.0,1500.0,2024년도 전기자동차 서울특별시 모델별 보조금,2024,서울특별시
화물(소형),기아,봉고 전기차,1130,381.0,1511.0,2024년도 전기자동차 서울특별시 모델별 보조금,2024,서울특별시
화물(소형),기아,봉고 전기차 냉동탑차,1330,454.0,1784.0,2024년도 전기자동차 서울특별시 모델별 보조금,2024,서울특별시
화물(소형),기아,봉고 전기차 저상형 냉동탑차,1330,454.0,1784.0,2024년도 전기자동차 서울특별시 모델별 보조금,2024,서울특별시
화물(소형),일진정공,일진무시동전기냉동탑차(149.9km),916,333.0,1249.0,2024년도 전기자동차 서울특별시 모델별 보조금,2024,서울특별시
화물(소형),일진정공,일진무시동전기냉동탑차(186.1km),1169,421.0,1590.0,2024년도 전기자동차 서울특별시 모델별 보조금,2024,서울특별시
화물(소형),일진정공,일진무시동전기냉동탑차(봉고),1379,520.0,1899.0,2024년도 전기자동차 서울특별시 모델별 보조금,2024,서울특별시
화물(소형),일진정공,일진무시동전기냉동탑차(포터),1363,515.0,1878.0,2024년도 전기자동차 서울특별시 모델별 보조금,2024,서울특별시
화물(소형),루트17,다니고C(0.8톤 전기트럭),1068,404.0,1472.0,2024년도 전기자동차 서울특별시 모델별 보조금,2024,서울특별시
화물(소형),루트17,다니고C2(0.8톤 전기트럭),268,97.0,365.0,2024년도 전기자동차 서울특별시 모델별 보조금,2024,서울특별시
화물(소형),루트17,다니고R(전기냉동탑차),1224,413.0,1637.0,2024년도 전기자동차 서울특별시 모델별 보조금,2024,서울특별시
화물(소형),루트17,다니고R2(무시동 전기냉동탑차),1123,383.0,1506.0,2024년도 전기자동차 서울특별시 모델별 보조금,2024,서울특별시
화물(소형),루트17,e-TOVI,464,218.0,682.0,2024년도 전기자동차 서울특별시 모델별 보조금,2024,서울특별시
화물(소형),이브이케이엠씨,MASADA 픽업,295,157.0,452.0,2024년도 전기자동차 서울특별시 모델별 보조금,2024,서울특별시
화물(소형),이브이케이엠씨,MASADA 3세대 2밴,274,149.0,423.0,2024년도 전기자동차 서울특별시 모델별 보조금,2024,서울특별시
화물(소형),이브이케이엠씨,MASADA 3세대 4밴,246,139.0,385.0,2024년도 전기자동차 서울특별시 모델별 보조금,2024,서울특별시
화물(소형),이브이케이엠씨,MASADA 2밴,299,158.0,457.0,2024년도 전기자동차 서울특별시 모델별 보조금,2024,서울특별시
화물(소형),이브이케이엠씨,MASADA 4밴,269,147.0,416.0,2024년도 전기자동차 서울특별시 모델별 보조금,2024,서울특별시
화물(소형),이브이케이엠씨,EC35 2밴,194,70.0,264.0,2024년도 전기자동차 서울특별시 모델별 보조금,2024,서울특별시
화물(소형),제이스모빌리티,이티밴,405,147.0,552.0,2024년도 전기자동차 서울특별시 모델별 보조금,2024,서울특별시
화물(소형),제이스모빌리티,이티4밴,364,132.0,496.0,2024년도 전기자동차 서울특별시 모델별 보조금,2024,서울특별시
화물(소형),제이스모빌리티,이티밴 미니 2인승,412,199.0,611.0,2024년도 전기자동차 서울특별시 모델별 보조금,2024,서울특별시
화물(소형),제이스모빌리티,이티밴 미니 4인승,412,199.0,611.0,2024년도 전기자동차 서울특별시 모델별 보조금,2024,서울특별시
화물(소형),제이스모빌리티,이티밴 프로 2인승,412,199.0,611.0,2024년도 전기자동차 서울특별시 모델별 보조금,2024,서울특별시
화물(소형),제이스모빌리티,이티밴 프로 4인승,412,199.0,611.0,2024년도 전기자동차 서울특별시 모델별 보조금,2024,서울특별시
화물(소형),오텍,오텍 무시동 전기 냉동탑차(봉고),1118,402.0,1520.0,2024년도 전기자동차 서울특별시 모델별 보조금,2024,서울특별시
화물(소형),이엔플러스,이엔1톤롱바디카고,850,309.0,1159.0,2024년도 전기자동차 서울특별시 모델별 보조금,2024,서울특별시
화물(소형),이엔플러스,이엔플러스EV1톤롱바디트럭,895,325.0,1220.0,2024년도 전기자동차 서울특별시 모델별 보조금,2024,서울특별시
화물(소형),GS글로벌,T4K,462,218.0,680.0,2024년도 전기자동차 서울특별시 모델별 보조금,2024,서울특별시
화물(소형),GS글로벌,T4K 냉동탑차,711,308.0,1019.0,2024년도 전기자동차 서울특별시 모델별 보조금,2024,서울특별시
화물(소형),에스에스라이트,젤라,336,122.0,458.0,2024년도 전기자동차 서울특별시 모델별 보조금,2024,서울특별시
화물(소형),에스에스라이트,젤라 P200,478,173.0,651.0,2024년도 전기자동차 서울특별시 모델별 보조금,2024,서울특별시
화물(소형),한국쓰리축,한국쓰리축1톤롱바디EV트럭(봉고),837,304.0,1141.0,2024년도 전기자동차 서울특별시 모델별 보조금,2024,서울특별시
화물(소형),한국쓰리축,한국쓰리축1톤롱바디EV트럭(포터),855,310.0,1165.0,2024년도 전기자동차 서울특별시 모델별 보조금,2024,서울특별시
화물(소형),모빌리티네트웍스,SE-A2밴,333,171.0,504.0,2024년도 전기자동차 서울특별시 모델별 보조금,2024,서울특별시
화물(소형),피닉스코리아,썬라이즈-T01,412,199.0,611.0,2024년도 전기자동차 서울특별시 모델별 보조금,2024,서울특별시
화물(소형),케이지모빌리티,토레스 EVX VAN 20인치,392,192.0,584.0,2024년도 전기자동차 서울특별시 모델별 보조금,2024,서울특별시
화물(소형),케이지모빌리티,토레스 EVX VAN 18인치,394,193.0,587.0,2024년도 전기자동차 서울특별시 모델별 보조금,2024,서울특별시
화물(소형),한국상용트럭,한국상용1톤롱바디EV카고트럭,818,297.0,1115.0,2024년도 전기자동차 서울특별시 모델별 보조금,2024,서울특별시
화물(소형),한국상용트럭,한국상용0.9톤롱바디EV내장탑트럭,593,215.0,808.0,2024년도 전기자동차 서울특별시 모델별 보조금,2024,서울특별시
화물(소형),센트로에이케이,E-CV1,282,102.0,384.0,2024년도 전기자동차 서울특별시 모델별 보조금,2024,서울특별시
화물(소형),파츠몰에이투지,SW40,412,249.0,661.0,2024년도 전기자동차 서울특별시 모델별 보조금,2024,서울특별시
화물(소형),이브이앤솔루션,STEGO-Z,540,246.0,786.0,2024년도 전기자동차 서울특별시 모델별 보조금,2024,서울특별시
화물(초소형),마스타전기차,MASTA VAN,400,395.0,795.0,2024년도 전기자동차 홍천군 모델별 보조금,2024,홍천군
화물(초소형),마스타전기차,MASTA HIM,400,395.0,795.0,2024년도 전기자동차 홍천군 모델별 보조금,2024,홍천군
화물(초소형),디피코,포트로-탑,400,395.0,795.0,2024년도 전기자동차 홍천군 모델별 보조금,2024,홍천군
화물(초소형),디피코,포트로-픽업,400,395.0,795.0,2024년도 전기자동차 홍천군 모델별 보조금,2024,홍천군
화물(초소형),디피코,포트로-탑S,400,395.0,795.0,2024년도 전기자동차 홍천군 모델별 보조금,2024,홍천군
화물(초소형),디피코,포트로-픽업S,400,395.0,795.0,2024년도 전기자동차 홍천군 모델별 보조금,2024,홍천군
화물(초소형),마이브,베프,400,0.0,400.0,2024년도 전기자동차 홍천군 모델별 보조금,2024,홍천군
화물(경형),디피코,포트로350L-탑,788,709.0,1497.0,2024년도 전기자동차 홍천군 모델별 보조금,2024,홍천군
화물(경형),디피코,포트로350L-픽업,788,709.0,1497.0,2024년도 전기자동차 홍천군 모델별 보조금,2024,홍천군
화물(소형),파워프라자,봉고3ev PEACE,554,324.0,878.0,2024년도 전기자동차 홍천군 모델별 보조금,2024,홍천군
화물(소형),파워프라자,봉고3ev PEACE 더블캡,481,281.0,762.0,2024년도 전기자동차 홍천군 모델별 보조금,2024,홍천군
화물(소형),현대자동차,포터Ⅱ 일렉트릭(23MY),1090,614.0,1704.0,2024년도 전기자동차 홍천군 모델별 보조금,2024,홍천군
화물(소형),현대자동차,포터Ⅱ 일렉트릭(24MY),1090,614.0,1704.0,2024년도 전기자동차 홍천군 모델별 보조금,2024,홍천군
화물(소형),현대자동차,ST1 기본형 카고 17인치,1100,644.0,1744.0,2024년도 전기자동차 홍천군 모델별 보조금,2024,홍천군
화물(소형),현대자동차,ST1 기본형 카고 냉동 17인치,1450,774.0,2224.0,2024년도 전기자동차 홍천군 모델별 보조금,2024,홍천군
화물(소형),현대자동차,ST1 기본형 하이탑 17인치,1100,644.0,1744.0,2024년도 전기자동차 홍천군 모델별 보조금,2024,홍천군
화물(소형),기아,봉고 전기차,1130,614.0,1744.0,2024년도 전기자동차 홍천군 모델별 보조금,2024,홍천군
화물(소형),기아,봉고 전기차 냉동탑차,1330,673.0,2003.0,2024년도 전기자동차 홍천군 모델별 보조금,2024,홍천군
화물(소형),기아,봉고 전기차 저상형 냉동탑차,1330,673.0,2003.0,2024년도 전기자동차 홍천군 모델별 보조금,2024,홍천군
화물(소형),일진정공,일진무시동전기냉동탑차(149.9km),916,489.0,1405.0,2024년도 전기자동차 홍천군 모델별 보조금,2024,홍천군
화물(소형),일진정공,일진무시동전기냉동탑차(186.1km),1169,624.0,1793.0,2024년도 전기자동차 홍천군 모델별 보조금,2024,홍천군
화물(소형),일진정공,일진무시동전기냉동탑차(봉고),1379,698.0,2077.0,2024년도 전기자동차 홍천군 모델별 보조금,2024,홍천군
화물(소형),일진정공,일진무시동전기냉동탑차(포터),1363,689.0,2052.0,2024년도 전기자동차 홍천군 모델별 보조금,2024,홍천군
화물(소형),루트17,다니고C(0.8톤 전기트럭),1068,570.0,1638.0,2024년도 전기자동차 홍천군 모델별 보조금,2024,홍천군
화물(소형),루트17,다니고C2(0.8톤 전기트럭),268,156.0,424.0,2024년도 전기자동차 홍천군 모델별 보조금,2024,홍천군
화물(소형),루트17,다니고R(전기냉동탑차),1224,613.0,1837.0,2024년도 전기자동차 홍천군 모델별 보조금,2024,홍천군
화물(소형),루트17,다니고R2(무시동 전기냉동탑차),1123,563.0,1686.0,2024년도 전기자동차 홍천군 모델별 보조금,2024,홍천군
화물(소형),루트17,e-TOVI,464,271.0,735.0,2024년도 전기자동차 홍천군 모델별 보조금,2024,홍천군
화물(소형),이브이케이엠씨,MASADA 픽업,295,172.0,467.0,2024년도 전기자동차 홍천군 모델별 보조금,2024,홍천군
화물(소형),이브이케이엠씨,MASADA 3세대 2밴,274,160.0,434.0,2024년도 전기자동차 홍천군 모델별 보조금,2024,홍천군
화물(소형),이브이케이엠씨,MASADA 3세대 4밴,246,144.0,390.0,2024년도 전기자동차 홍천군 모델별 보조금,2024,홍천군
화물(소형),이브이케이엠씨,MASADA 2밴,299,175.0,474.0,2024년도 전기자동차 홍천군 모델별 보조금,2024,홍천군
화물(소형),이브이케이엠씨,MASADA 4밴,269,157.0,426.0,2024년도 전기자동차 홍천군 모델별 보조금,2024,홍천군
화물(소형),이브이케이엠씨,EC35 2밴,194,113.0,307.0,2024년도 전기자동차 홍천군 모델별 보조금,2024,홍천군
화물(소형),제이스모빌리티,이티밴,405,237.0,642.0,2024년도 전기자동차 홍천군 모델별 보조금,2024,홍천군
화물(소형),제이스모빌리티,이티4밴,364,213.0,577.0,2024년도 전기자동차 홍천군 모델별 보조금,2024,홍천군
화물(소형),제이스모빌리티,이티밴 미니 2인승,412,241.0,653.0,2024년도 전기자동차 홍천군 모델별 보조금,2024,홍천군
화물(소형),제이스모빌리티,이티밴 미니 4인승,412,241.0,653.0,2024년도 전기자동차 홍천군 모델별 보조금,2024,홍천군
화물(소형),제이스모빌리티,이티밴 프로 2인승,412,241.0,653.0,2024년도 전기자동차 홍천군 모델별 보조금,2024,홍천군
화물(소형),제이스모빌리티,이티밴 프로 4인승,412,241.0,653.0,2024년도 전기자동차 홍천군 모델별 보조금,2024,홍천군
화물(소형),오텍,오텍 무시동 전기 냉동탑차(봉고),1118,597.0,1715.0,2024년도 전기자동차 홍천군 모델별 보조금,2024,홍천군
화물(소형),이엔플러스,이엔1톤롱바디카고,850,497.0,1347.0,2024년도 전기자동차 홍천군 모델별 보조금,2024,홍천군
화물(소형),이엔플러스,이엔플러스EV1톤롱바디트럭,895,523.0,1418.0,2024년도 전기자동차 홍천군 모델별 보조금,2024,홍천군
화물(소형),GS글로벌,T4K,462,270.0,732.0,2024년도 전기자동차 홍천군 모델별 보조금,2024,홍천군
화물(소형),GS글로벌,T4K 냉동탑차,711,380.0,1091.0,2024년도 전기자동차 홍천군 모델별 보조금,2024,홍천군
화물(소형),에스에스라이트,젤라,336,196.0,532.0,2024년도 전기자동차 홍천군 모델별 보조금,2024,홍천군
화물(소형),에스에스라이트,젤라 P200,478,279.0,757.0,2024년도 전기자동차 홍천군 모델별 보조금,2024,홍천군
화물(소형),한국쓰리축,한국쓰리축1톤롱바디EV트럭(봉고),837,490.0,1327.0,2024년도 전기자동차 홍천군 모델별 보조금,2024,홍천군
화물(소형),한국쓰리축,한국쓰리축1톤롱바디EV트럭(포터),855,500.0,1355.0,2024년도 전기자동차 홍천군 모델별 보조금,2024,홍천군
화물(소형),모빌리티네트웍스,SE-A2밴,333,194.0,527.0,2024년도 전기자동차 홍천군 모델별 보조금,2024,홍천군
화물(소형),피닉스코리아,썬라이즈-T01,412,241.0,653.0,2024년도 전기자동차 홍천군 모델별 보조금,2024,홍천군
화물(소형),케이지모빌리티,토레스 EVX VAN 20인치,392,173.0,565.0,2024년도 전기자동차 홍천군 모델별 보조금,2024,홍천군
화물(소형),케이지모빌리티,토레스 EVX VAN 18인치,394,174.0,568.0,2024년도 전기자동차 홍천군 모델별 보조금,2024,홍천군
화물(소형),한국상용트럭,한국상용1톤롱바디EV카고트럭,818,478.0,1296.0,2024년도 전기자동차 홍천군 모델별 보조금,2024,홍천군
화물(소형),한국상용트럭,한국상용0.9톤롱바디EV내장탑트럭,593,347.0,940.0,2024년도 전기자동차 홍천군 모델별 보조금,2024,홍천군
화물(소형),센트로에이케이,E-CV1,282,165.0,447.0,2024년도 전기자동차 홍천군 모델별 보조금,2024,홍천군
화물(소형),파츠몰에이투지,SW40,412,241.0,653.0,2024년도 전기자동차 홍천군 모델별 보조금,2024,홍천군
화물(소형),이브이앤솔루션,STEGO-Z,540,316.0,856.0,2024년도 전기자동차 홍천군 모델별 보조금,2024,홍천군
